y,x,frame,t,vial,2024-03-11,NEG-008,hTDP43,WT-A90V-G287S-G294A-A315T-M337V,m,41d,002-converted
50.61,97.13,0,0.0,1,2024-03-11,NEG-008,hTDP43,WT-A90V-G287S-G294A-A315T-M337V,m,41d,002-converte
13.39,46.88,0,0.0,1,2024-03-11,NEG-008,hTDP43,WT-A90V-G287S-G294A-A315T-M337V,m,41d,002-converte
8.17,33.7,0,0.0,1,2024-03-11,NEG-008,hTDP43,WT-A90V-G287S-G294A-A315T-M337V,m,41d,002-converte
6.13,54.57,0,0.0,1,2024-03-11,NEG-008,hTDP43,WT-A90V-G287S-G294A-A315T-M337V,m,41d,002-converte
5.46,66.1,0,0.0,1,2024-03-11,NEG-008,hTDP43,WT-A90V-G287S-G294A-A315T-M337V,m,41d,002-converte
4.97,88.5,0,0.0,1,2024-03-11,NEG-008,hTDP43,WT-A90V-G287S-G294A-A315T-M337V,m,41d,002-converte
51.5,96.99,1,0.033,1,2024-03-11,NEG-008,hTDP43,WT-A90V-G287S-G294A-A315T-M337V,m,41d,002-converte
13.35,46.94,1,0.033,1,2024-03-11,NEG-008,hTDP43,WT-A90V-G287S-G294A-A315T-M337V,m,41d,002-converte
8.19,33.7,1,0.033,1,2024-03-11,NEG-008,hTDP43,WT-A90V-G287S-G294A-A315T-M337V,m,41d,002-converte
6.14,54.57,1,0.033,1,2024-03-11,NEG-008,hTDP43,WT-A90V-G287S-G294A-A315T-M337V,m,41d,002-converte
5.47,66.27,1,0.033,1,2024-03-11,NEG-008,hTDP43,WT-A90V-G287S-G294A-A315T-M337V,m,41d,002-converte
5.28,95.3,1,0.033,1,2024-03-11,NEG-008,hTDP43,WT-A90V-G287S-G294A-A315T-M337V,m,41d,002-converte
5.21,86.24,1,0.033,1,2024-03-11,NEG-008,hTDP43,WT-A90V-G287S-G294A-A315T-M337V,m,41d,002-converte
54.02,96.34,2,0.067,1,2024-03-11,NEG-008,hTDP43,WT-A90V-G287S-G294A-A315T-M337V,m,41d,002-converte
13.3,46.95,2,0.067,1,2024-03-11,NEG-008,hTDP43,WT-A90V-G287S-G294A-A315T-M337V,m,41d,002-converte
8.19,33.71,2,0.067,1,2024-03-11,NEG-008,hTDP43,WT-A90V-G287S-G294A-A315T-M337V,m,41d,002-converte
6.14,54.56,2,0.067,1,2024-03-11,NEG-008,hTDP43,WT-A90V-G287S-G294A-A315T-M337V,m,41d,002-converte
5.86,66.02,2,0.067,1,2024-03-11,NEG-008,hTDP43,WT-A90V-G287S-G294A-A315T-M337V,m,41d,002-converte
5.42,84.15,2,0.067,1,2024-03-11,NEG-008,hTDP43,WT-A90V-G287S-G294A-A315T-M337V,m,41d,002-converte
5.26,95.3,2,0.067,1,2024-03-11,NEG-008,hTDP43,WT-A90V-G287S-G294A-A315T-M337V,m,41d,002-converte
56.83,95.07,3,0.1,1,2024-03-11,NEG-008,hTDP43,WT-A90V-G287S-G294A-A315T-M337V,m,41d,002-converte
13.06,47.14,3,0.1,1,2024-03-11,NEG-008,hTDP43,WT-A90V-G287S-G294A-A315T-M337V,m,41d,002-converte
7.64,34.29,3,0.1,1,2024-03-11,NEG-008,hTDP43,WT-A90V-G287S-G294A-A315T-M337V,m,41d,002-converte
6.51,54.94,3,0.1,1,2024-03-11,NEG-008,hTDP43,WT-A90V-G287S-G294A-A315T-M337V,m,41d,002-converte
6.25,65.96,3,0.1,1,2024-03-11,NEG-008,hTDP43,WT-A90V-G287S-G294A-A315T-M337V,m,41d,002-converte
5.74,83.09,3,0.1,1,2024-03-11,NEG-008,hTDP43,WT-A90V-G287S-G294A-A315T-M337V,m,41d,002-converte
5.19,95.61,3,0.1,1,2024-03-11,NEG-008,hTDP43,WT-A90V-G287S-G294A-A315T-M337V,m,41d,002-converte
58.76,94.43,4,0.133,1,2024-03-11,NEG-008,hTDP43,WT-A90V-G287S-G294A-A315T-M337V,m,41d,002-converte
13.02,47.07,4,0.133,1,2024-03-11,NEG-008,hTDP43,WT-A90V-G287S-G294A-A315T-M337V,m,41d,002-converte
7.72,33.92,4,0.133,1,2024-03-11,NEG-008,hTDP43,WT-A90V-G287S-G294A-A315T-M337V,m,41d,002-converte
6.51,54.49,4,0.133,1,2024-03-11,NEG-008,hTDP43,WT-A90V-G287S-G294A-A315T-M337V,m,41d,002-converte
6.26,65.45,4,0.133,1,2024-03-11,NEG-008,hTDP43,WT-A90V-G287S-G294A-A315T-M337V,m,41d,002-converte
5.17,95.4,4,0.133,1,2024-03-11,NEG-008,hTDP43,WT-A90V-G287S-G294A-A315T-M337V,m,41d,002-converte
0.34,82.03,4,0.133,1,2024-03-11,NEG-008,hTDP43,WT-A90V-G287S-G294A-A315T-M337V,m,41d,002-converte
58.46,93.76,5,0.167,1,2024-03-11,NEG-008,hTDP43,WT-A90V-G287S-G294A-A315T-M337V,m,41d,002-converte
13.13,47.02,5,0.167,1,2024-03-11,NEG-008,hTDP43,WT-A90V-G287S-G294A-A315T-M337V,m,41d,002-converte
7.74,33.89,5,0.167,1,2024-03-11,NEG-008,hTDP43,WT-A90V-G287S-G294A-A315T-M337V,m,41d,002-converte
6.37,54.68,5,0.167,1,2024-03-11,NEG-008,hTDP43,WT-A90V-G287S-G294A-A315T-M337V,m,41d,002-converte
6.36,64.99,5,0.167,1,2024-03-11,NEG-008,hTDP43,WT-A90V-G287S-G294A-A315T-M337V,m,41d,002-converte
5.52,82.21,5,0.167,1,2024-03-11,NEG-008,hTDP43,WT-A90V-G287S-G294A-A315T-M337V,m,41d,002-converte
5.17,95.4,5,0.167,1,2024-03-11,NEG-008,hTDP43,WT-A90V-G287S-G294A-A315T-M337V,m,41d,002-converte
60.26,93.21,6,0.2,1,2024-03-11,NEG-008,hTDP43,WT-A90V-G287S-G294A-A315T-M337V,m,41d,002-converte
13.86,47.63,6,0.2,1,2024-03-11,NEG-008,hTDP43,WT-A90V-G287S-G294A-A315T-M337V,m,41d,002-converte
7.71,33.84,6,0.2,1,2024-03-11,NEG-008,hTDP43,WT-A90V-G287S-G294A-A315T-M337V,m,41d,002-converte
6.45,55.39,6,0.2,1,2024-03-11,NEG-008,hTDP43,WT-A90V-G287S-G294A-A315T-M337V,m,41d,002-converte
6.42,63.92,6,0.2,1,2024-03-11,NEG-008,hTDP43,WT-A90V-G287S-G294A-A315T-M337V,m,41d,002-converte
5.58,82.32,6,0.2,1,2024-03-11,NEG-008,hTDP43,WT-A90V-G287S-G294A-A315T-M337V,m,41d,002-converte
5.32,95.39,6,0.2,1,2024-03-11,NEG-008,hTDP43,WT-A90V-G287S-G294A-A315T-M337V,m,41d,002-converte
60.41,93.04,7,0.233,1,2024-03-11,NEG-008,hTDP43,WT-A90V-G287S-G294A-A315T-M337V,m,41d,002-converte
14.03,49.08,7,0.233,1,2024-03-11,NEG-008,hTDP43,WT-A90V-G287S-G294A-A315T-M337V,m,41d,002-converte
7.75,33.83,7,0.233,1,2024-03-11,NEG-008,hTDP43,WT-A90V-G287S-G294A-A315T-M337V,m,41d,002-converte
6.43,63.29,7,0.233,1,2024-03-11,NEG-008,hTDP43,WT-A90V-G287S-G294A-A315T-M337V,m,41d,002-converte
5.58,82.32,7,0.233,1,2024-03-11,NEG-008,hTDP43,WT-A90V-G287S-G294A-A315T-M337V,m,41d,002-converte
5.32,95.39,7,0.233,1,2024-03-11,NEG-008,hTDP43,WT-A90V-G287S-G294A-A315T-M337V,m,41d,002-converte
60.4,93.03,8,0.267,1,2024-03-11,NEG-008,hTDP43,WT-A90V-G287S-G294A-A315T-M337V,m,41d,002-converte
14.98,49.68,8,0.267,1,2024-03-11,NEG-008,hTDP43,WT-A90V-G287S-G294A-A315T-M337V,m,41d,002-converte
7.75,33.83,8,0.267,1,2024-03-11,NEG-008,hTDP43,WT-A90V-G287S-G294A-A315T-M337V,m,41d,002-converte
7.08,58.19,8,0.267,1,2024-03-11,NEG-008,hTDP43,WT-A90V-G287S-G294A-A315T-M337V,m,41d,002-converte
5.55,82.29,8,0.267,1,2024-03-11,NEG-008,hTDP43,WT-A90V-G287S-G294A-A315T-M337V,m,41d,002-converte
5.32,95.39,8,0.267,1,2024-03-11,NEG-008,hTDP43,WT-A90V-G287S-G294A-A315T-M337V,m,41d,002-converte
60.47,93.07,9,0.3,1,2024-03-11,NEG-008,hTDP43,WT-A90V-G287S-G294A-A315T-M337V,m,41d,002-converte
15.73,49.89,9,0.3,1,2024-03-11,NEG-008,hTDP43,WT-A90V-G287S-G294A-A315T-M337V,m,41d,002-converte
7.66,34.08,9,0.3,1,2024-03-11,NEG-008,hTDP43,WT-A90V-G287S-G294A-A315T-M337V,m,41d,002-converte
6.44,61.59,9,0.3,1,2024-03-11,NEG-008,hTDP43,WT-A90V-G287S-G294A-A315T-M337V,m,41d,002-converte
5.82,82.32,9,0.3,1,2024-03-11,NEG-008,hTDP43,WT-A90V-G287S-G294A-A315T-M337V,m,41d,002-converte
5.71,95.29,9,0.3,1,2024-03-11,NEG-008,hTDP43,WT-A90V-G287S-G294A-A315T-M337V,m,41d,002-converte
61.98,92.25,10,0.333,1,2024-03-11,NEG-008,hTDP43,WT-A90V-G287S-G294A-A315T-M337V,m,41d,002-converte
15.82,50.0,10,0.333,1,2024-03-11,NEG-008,hTDP43,WT-A90V-G287S-G294A-A315T-M337V,m,41d,002-converte
7.57,34.27,10,0.333,1,2024-03-11,NEG-008,hTDP43,WT-A90V-G287S-G294A-A315T-M337V,m,41d,002-converte
6.37,61.49,10,0.333,1,2024-03-11,NEG-008,hTDP43,WT-A90V-G287S-G294A-A315T-M337V,m,41d,002-converte
5.96,95.21,10,0.333,1,2024-03-11,NEG-008,hTDP43,WT-A90V-G287S-G294A-A315T-M337V,m,41d,002-converte
5.82,82.32,10,0.333,1,2024-03-11,NEG-008,hTDP43,WT-A90V-G287S-G294A-A315T-M337V,m,41d,002-converte
63.19,90.98,11,0.367,1,2024-03-11,NEG-008,hTDP43,WT-A90V-G287S-G294A-A315T-M337V,m,41d,002-converte
16.82,50.73,11,0.367,1,2024-03-11,NEG-008,hTDP43,WT-A90V-G287S-G294A-A315T-M337V,m,41d,002-converte
7.57,34.26,11,0.367,1,2024-03-11,NEG-008,hTDP43,WT-A90V-G287S-G294A-A315T-M337V,m,41d,002-converte
6.34,60.44,11,0.367,1,2024-03-11,NEG-008,hTDP43,WT-A90V-G287S-G294A-A315T-M337V,m,41d,002-converte
6.07,94.86,11,0.367,1,2024-03-11,NEG-008,hTDP43,WT-A90V-G287S-G294A-A315T-M337V,m,41d,002-converte
5.91,82.29,11,0.367,1,2024-03-11,NEG-008,hTDP43,WT-A90V-G287S-G294A-A315T-M337V,m,41d,002-converte
64.41,90.82,12,0.4,1,2024-03-11,NEG-008,hTDP43,WT-A90V-G287S-G294A-A315T-M337V,m,41d,002-converte
17.13,50.89,12,0.4,1,2024-03-11,NEG-008,hTDP43,WT-A90V-G287S-G294A-A315T-M337V,m,41d,002-converte
7.57,34.26,12,0.4,1,2024-03-11,NEG-008,hTDP43,WT-A90V-G287S-G294A-A315T-M337V,m,41d,002-converte
6.7,60.3,12,0.4,1,2024-03-11,NEG-008,hTDP43,WT-A90V-G287S-G294A-A315T-M337V,m,41d,002-converte
6.21,94.39,12,0.4,1,2024-03-11,NEG-008,hTDP43,WT-A90V-G287S-G294A-A315T-M337V,m,41d,002-converte
6.01,82.28,12,0.4,1,2024-03-11,NEG-008,hTDP43,WT-A90V-G287S-G294A-A315T-M337V,m,41d,002-converte
67.24,89.33,13,0.433,1,2024-03-11,NEG-008,hTDP43,WT-A90V-G287S-G294A-A315T-M337V,m,41d,002-converte
18.21,51.04,13,0.433,1,2024-03-11,NEG-008,hTDP43,WT-A90V-G287S-G294A-A315T-M337V,m,41d,002-converte
7.58,34.26,13,0.433,1,2024-03-11,NEG-008,hTDP43,WT-A90V-G287S-G294A-A315T-M337V,m,41d,002-converte
6.67,60.31,13,0.433,1,2024-03-11,NEG-008,hTDP43,WT-A90V-G287S-G294A-A315T-M337V,m,41d,002-converte
6.43,93.94,13,0.433,1,2024-03-11,NEG-008,hTDP43,WT-A90V-G287S-G294A-A315T-M337V,m,41d,002-converte
6.07,83.3,13,0.433,1,2024-03-11,NEG-008,hTDP43,WT-A90V-G287S-G294A-A315T-M337V,m,41d,002-converte
68.45,88.97,14,0.467,1,2024-03-11,NEG-008,hTDP43,WT-A90V-G287S-G294A-A315T-M337V,m,41d,002-converte
19.32,51.69,14,0.467,1,2024-03-11,NEG-008,hTDP43,WT-A90V-G287S-G294A-A315T-M337V,m,41d,002-converte
7.58,34.26,14,0.467,1,2024-03-11,NEG-008,hTDP43,WT-A90V-G287S-G294A-A315T-M337V,m,41d,002-converte
6.67,93.7,14,0.467,1,2024-03-11,NEG-008,hTDP43,WT-A90V-G287S-G294A-A315T-M337V,m,41d,002-converte
6.51,60.36,14,0.467,1,2024-03-11,NEG-008,hTDP43,WT-A90V-G287S-G294A-A315T-M337V,m,41d,002-converte
6.13,84.05,14,0.467,1,2024-03-11,NEG-008,hTDP43,WT-A90V-G287S-G294A-A315T-M337V,m,41d,002-converte
71.94,88.24,15,0.5,1,2024-03-11,NEG-008,hTDP43,WT-A90V-G287S-G294A-A315T-M337V,m,41d,002-converte
19.61,52.1,15,0.5,1,2024-03-11,NEG-008,hTDP43,WT-A90V-G287S-G294A-A315T-M337V,m,41d,002-converte
7.59,34.26,15,0.5,1,2024-03-11,NEG-008,hTDP43,WT-A90V-G287S-G294A-A315T-M337V,m,41d,002-converte
6.92,92.97,15,0.5,1,2024-03-11,NEG-008,hTDP43,WT-A90V-G287S-G294A-A315T-M337V,m,41d,002-converte
6.37,61.63,15,0.5,1,2024-03-11,NEG-008,hTDP43,WT-A90V-G287S-G294A-A315T-M337V,m,41d,002-converte
73.37,88.15,16,0.533,1,2024-03-11,NEG-008,hTDP43,WT-A90V-G287S-G294A-A315T-M337V,m,41d,002-converte
21.1,52.98,16,0.533,1,2024-03-11,NEG-008,hTDP43,WT-A90V-G287S-G294A-A315T-M337V,m,41d,002-converte
7.58,34.26,16,0.533,1,2024-03-11,NEG-008,hTDP43,WT-A90V-G287S-G294A-A315T-M337V,m,41d,002-converte
7.06,92.57,16,0.533,1,2024-03-11,NEG-008,hTDP43,WT-A90V-G287S-G294A-A315T-M337V,m,41d,002-converte
6.41,61.85,16,0.533,1,2024-03-11,NEG-008,hTDP43,WT-A90V-G287S-G294A-A315T-M337V,m,41d,002-converte
76.2,87.22,17,0.567,1,2024-03-11,NEG-008,hTDP43,WT-A90V-G287S-G294A-A315T-M337V,m,41d,002-converte
22.45,53.07,17,0.567,1,2024-03-11,NEG-008,hTDP43,WT-A90V-G287S-G294A-A315T-M337V,m,41d,002-converte
7.59,34.28,17,0.567,1,2024-03-11,NEG-008,hTDP43,WT-A90V-G287S-G294A-A315T-M337V,m,41d,002-converte
7.14,92.5,17,0.567,1,2024-03-11,NEG-008,hTDP43,WT-A90V-G287S-G294A-A315T-M337V,m,41d,002-converte
6.34,62.54,17,0.567,1,2024-03-11,NEG-008,hTDP43,WT-A90V-G287S-G294A-A315T-M337V,m,41d,002-converte
78.41,86.16,18,0.6,1,2024-03-11,NEG-008,hTDP43,WT-A90V-G287S-G294A-A315T-M337V,m,41d,002-converte
25.21,55.25,18,0.6,1,2024-03-11,NEG-008,hTDP43,WT-A90V-G287S-G294A-A315T-M337V,m,41d,002-converte
7.58,34.3,18,0.6,1,2024-03-11,NEG-008,hTDP43,WT-A90V-G287S-G294A-A315T-M337V,m,41d,002-converte
7.04,92.98,18,0.6,1,2024-03-11,NEG-008,hTDP43,WT-A90V-G287S-G294A-A315T-M337V,m,41d,002-converte
6.34,62.79,18,0.6,1,2024-03-11,NEG-008,hTDP43,WT-A90V-G287S-G294A-A315T-M337V,m,41d,002-converte
80.26,86.09,19,0.633,1,2024-03-11,NEG-008,hTDP43,WT-A90V-G287S-G294A-A315T-M337V,m,41d,002-converte
26.53,56.07,19,0.633,1,2024-03-11,NEG-008,hTDP43,WT-A90V-G287S-G294A-A315T-M337V,m,41d,002-converte
7.59,34.32,19,0.633,1,2024-03-11,NEG-008,hTDP43,WT-A90V-G287S-G294A-A315T-M337V,m,41d,002-converte
6.85,93.58,19,0.633,1,2024-03-11,NEG-008,hTDP43,WT-A90V-G287S-G294A-A315T-M337V,m,41d,002-converte
6.28,62.82,19,0.633,1,2024-03-11,NEG-008,hTDP43,WT-A90V-G287S-G294A-A315T-M337V,m,41d,002-converte
83.93,85.19,20,0.667,1,2024-03-11,NEG-008,hTDP43,WT-A90V-G287S-G294A-A315T-M337V,m,41d,002-converte
28.51,57.05,20,0.667,1,2024-03-11,NEG-008,hTDP43,WT-A90V-G287S-G294A-A315T-M337V,m,41d,002-converte
7.59,34.34,20,0.667,1,2024-03-11,NEG-008,hTDP43,WT-A90V-G287S-G294A-A315T-M337V,m,41d,002-converte
6.85,94.64,20,0.667,1,2024-03-11,NEG-008,hTDP43,WT-A90V-G287S-G294A-A315T-M337V,m,41d,002-converte
6.21,62.87,20,0.667,1,2024-03-11,NEG-008,hTDP43,WT-A90V-G287S-G294A-A315T-M337V,m,41d,002-converte
85.3,84.72,21,0.7,1,2024-03-11,NEG-008,hTDP43,WT-A90V-G287S-G294A-A315T-M337V,m,41d,002-converte
31.19,58.24,21,0.7,1,2024-03-11,NEG-008,hTDP43,WT-A90V-G287S-G294A-A315T-M337V,m,41d,002-converte
7.59,34.33,21,0.7,1,2024-03-11,NEG-008,hTDP43,WT-A90V-G287S-G294A-A315T-M337V,m,41d,002-converte
7.26,95.45,21,0.7,1,2024-03-11,NEG-008,hTDP43,WT-A90V-G287S-G294A-A315T-M337V,m,41d,002-converte
6.01,63.47,21,0.7,1,2024-03-11,NEG-008,hTDP43,WT-A90V-G287S-G294A-A315T-M337V,m,41d,002-converte
87.34,85.04,22,0.733,1,2024-03-11,NEG-008,hTDP43,WT-A90V-G287S-G294A-A315T-M337V,m,41d,002-converte
33.41,58.98,22,0.733,1,2024-03-11,NEG-008,hTDP43,WT-A90V-G287S-G294A-A315T-M337V,m,41d,002-converte
17.28,60.91,22,0.733,1,2024-03-11,NEG-008,hTDP43,WT-A90V-G287S-G294A-A315T-M337V,m,41d,002-converte
7.21,95.74,22,0.733,1,2024-03-11,NEG-008,hTDP43,WT-A90V-G287S-G294A-A315T-M337V,m,41d,002-converte
7.09,34.51,22,0.733,1,2024-03-11,NEG-008,hTDP43,WT-A90V-G287S-G294A-A315T-M337V,m,41d,002-converte
6.85,62.53,22,0.733,1,2024-03-11,NEG-008,hTDP43,WT-A90V-G287S-G294A-A315T-M337V,m,41d,002-converte
91.89,83.83,23,0.767,1,2024-03-11,NEG-008,hTDP43,WT-A90V-G287S-G294A-A315T-M337V,m,41d,002-converte
72.09,71.34,23,0.767,1,2024-03-11,NEG-008,hTDP43,WT-A90V-G287S-G294A-A315T-M337V,m,41d,002-converte
35.18,59.98,23,0.767,1,2024-03-11,NEG-008,hTDP43,WT-A90V-G287S-G294A-A315T-M337V,m,41d,002-converte
7.41,34.43,23,0.767,1,2024-03-11,NEG-008,hTDP43,WT-A90V-G287S-G294A-A315T-M337V,m,41d,002-converte
7.22,95.79,23,0.767,1,2024-03-11,NEG-008,hTDP43,WT-A90V-G287S-G294A-A315T-M337V,m,41d,002-converte
6.23,63.72,23,0.767,1,2024-03-11,NEG-008,hTDP43,WT-A90V-G287S-G294A-A315T-M337V,m,41d,002-converte
120.33,75.74,24,0.8,1,2024-03-11,NEG-008,hTDP43,WT-A90V-G287S-G294A-A315T-M337V,m,41d,002-converte
92.38,84.42,24,0.8,1,2024-03-11,NEG-008,hTDP43,WT-A90V-G287S-G294A-A315T-M337V,m,41d,002-converte
35.52,60.06,24,0.8,1,2024-03-11,NEG-008,hTDP43,WT-A90V-G287S-G294A-A315T-M337V,m,41d,002-converte
7.79,34.28,24,0.8,1,2024-03-11,NEG-008,hTDP43,WT-A90V-G287S-G294A-A315T-M337V,m,41d,002-converte
7.22,95.79,24,0.8,1,2024-03-11,NEG-008,hTDP43,WT-A90V-G287S-G294A-A315T-M337V,m,41d,002-converte
6.3,64.73,24,0.8,1,2024-03-11,NEG-008,hTDP43,WT-A90V-G287S-G294A-A315T-M337V,m,41d,002-converte
150.61,57.55,25,0.833,1,2024-03-11,NEG-008,hTDP43,WT-A90V-G287S-G294A-A315T-M337V,m,41d,002-converte
94.35,84.42,25,0.833,1,2024-03-11,NEG-008,hTDP43,WT-A90V-G287S-G294A-A315T-M337V,m,41d,002-converte
37.33,61.17,25,0.833,1,2024-03-11,NEG-008,hTDP43,WT-A90V-G287S-G294A-A315T-M337V,m,41d,002-converte
8.0,34.44,25,0.833,1,2024-03-11,NEG-008,hTDP43,WT-A90V-G287S-G294A-A315T-M337V,m,41d,002-converte
7.22,95.78,25,0.833,1,2024-03-11,NEG-008,hTDP43,WT-A90V-G287S-G294A-A315T-M337V,m,41d,002-converte
6.52,62.84,25,0.833,1,2024-03-11,NEG-008,hTDP43,WT-A90V-G287S-G294A-A315T-M337V,m,41d,002-converte
141.37,48.49,26,0.867,1,2024-03-11,NEG-008,hTDP43,WT-A90V-G287S-G294A-A315T-M337V,m,41d,002-converte
98.25,84.05,26,0.867,1,2024-03-11,NEG-008,hTDP43,WT-A90V-G287S-G294A-A315T-M337V,m,41d,002-converte
39.31,62.17,26,0.867,1,2024-03-11,NEG-008,hTDP43,WT-A90V-G287S-G294A-A315T-M337V,m,41d,002-converte
8.21,34.55,26,0.867,1,2024-03-11,NEG-008,hTDP43,WT-A90V-G287S-G294A-A315T-M337V,m,41d,002-converte
7.22,95.78,26,0.867,1,2024-03-11,NEG-008,hTDP43,WT-A90V-G287S-G294A-A315T-M337V,m,41d,002-converte
6.55,60.7,26,0.867,1,2024-03-11,NEG-008,hTDP43,WT-A90V-G287S-G294A-A315T-M337V,m,41d,002-converte
119.09,44.14,27,0.9,1,2024-03-11,NEG-008,hTDP43,WT-A90V-G287S-G294A-A315T-M337V,m,41d,002-converte
100.4,84.17,27,0.9,1,2024-03-11,NEG-008,hTDP43,WT-A90V-G287S-G294A-A315T-M337V,m,41d,002-converte
40.59,63.1,27,0.9,1,2024-03-11,NEG-008,hTDP43,WT-A90V-G287S-G294A-A315T-M337V,m,41d,002-converte
8.48,34.87,27,0.9,1,2024-03-11,NEG-008,hTDP43,WT-A90V-G287S-G294A-A315T-M337V,m,41d,002-converte
7.22,95.78,27,0.9,1,2024-03-11,NEG-008,hTDP43,WT-A90V-G287S-G294A-A315T-M337V,m,41d,002-converte
7.03,56.52,27,0.9,1,2024-03-11,NEG-008,hTDP43,WT-A90V-G287S-G294A-A315T-M337V,m,41d,002-converte
102.32,84.12,28,0.933,1,2024-03-11,NEG-008,hTDP43,WT-A90V-G287S-G294A-A315T-M337V,m,41d,002-converte
43.88,64.78,28,0.933,1,2024-03-11,NEG-008,hTDP43,WT-A90V-G287S-G294A-A315T-M337V,m,41d,002-converte
8.54,35.45,28,0.933,1,2024-03-11,NEG-008,hTDP43,WT-A90V-G287S-G294A-A315T-M337V,m,41d,002-converte
7.21,95.78,28,0.933,1,2024-03-11,NEG-008,hTDP43,WT-A90V-G287S-G294A-A315T-M337V,m,41d,002-converte
7.06,53.35,28,0.933,1,2024-03-11,NEG-008,hTDP43,WT-A90V-G287S-G294A-A315T-M337V,m,41d,002-converte
105.22,83.36,29,0.967,1,2024-03-11,NEG-008,hTDP43,WT-A90V-G287S-G294A-A315T-M337V,m,41d,002-converte
44.06,64.72,29,0.967,1,2024-03-11,NEG-008,hTDP43,WT-A90V-G287S-G294A-A315T-M337V,m,41d,002-converte
7.8,36.29,29,0.967,1,2024-03-11,NEG-008,hTDP43,WT-A90V-G287S-G294A-A315T-M337V,m,41d,002-converte
7.17,97.05,29,0.967,1,2024-03-11,NEG-008,hTDP43,WT-A90V-G287S-G294A-A315T-M337V,m,41d,002-converte
6.91,52.07,29,0.967,1,2024-03-11,NEG-008,hTDP43,WT-A90V-G287S-G294A-A315T-M337V,m,41d,002-converte
107.45,81.99,30,1.0,1,2024-03-11,NEG-008,hTDP43,WT-A90V-G287S-G294A-A315T-M337V,m,41d,002-converte
44.1,64.69,30,1.0,1,2024-03-11,NEG-008,hTDP43,WT-A90V-G287S-G294A-A315T-M337V,m,41d,002-converte
7.48,36.77,30,1.0,1,2024-03-11,NEG-008,hTDP43,WT-A90V-G287S-G294A-A315T-M337V,m,41d,002-converte
7.24,89.71,30,1.0,1,2024-03-11,NEG-008,hTDP43,WT-A90V-G287S-G294A-A315T-M337V,m,41d,002-converte
6.7,98.25,30,1.0,1,2024-03-11,NEG-008,hTDP43,WT-A90V-G287S-G294A-A315T-M337V,m,41d,002-converte
6.24,50.05,30,1.0,1,2024-03-11,NEG-008,hTDP43,WT-A90V-G287S-G294A-A315T-M337V,m,41d,002-converte
111.01,82.1,31,1.033,1,2024-03-11,NEG-008,hTDP43,WT-A90V-G287S-G294A-A315T-M337V,m,41d,002-converte
44.87,64.8,31,1.033,1,2024-03-11,NEG-008,hTDP43,WT-A90V-G287S-G294A-A315T-M337V,m,41d,002-converte
7.72,38.08,31,1.033,1,2024-03-11,NEG-008,hTDP43,WT-A90V-G287S-G294A-A315T-M337V,m,41d,002-converte
7.22,89.72,31,1.033,1,2024-03-11,NEG-008,hTDP43,WT-A90V-G287S-G294A-A315T-M337V,m,41d,002-converte
6.7,98.02,31,1.033,1,2024-03-11,NEG-008,hTDP43,WT-A90V-G287S-G294A-A315T-M337V,m,41d,002-converte
6.25,49.79,31,1.033,1,2024-03-11,NEG-008,hTDP43,WT-A90V-G287S-G294A-A315T-M337V,m,41d,002-converte
112.39,82.26,32,1.067,1,2024-03-11,NEG-008,hTDP43,WT-A90V-G287S-G294A-A315T-M337V,m,41d,002-converte
44.39,64.32,32,1.067,1,2024-03-11,NEG-008,hTDP43,WT-A90V-G287S-G294A-A315T-M337V,m,41d,002-converte
7.95,39.17,32,1.067,1,2024-03-11,NEG-008,hTDP43,WT-A90V-G287S-G294A-A315T-M337V,m,41d,002-converte
7.2,89.73,32,1.067,1,2024-03-11,NEG-008,hTDP43,WT-A90V-G287S-G294A-A315T-M337V,m,41d,002-converte
6.11,48.98,32,1.067,1,2024-03-11,NEG-008,hTDP43,WT-A90V-G287S-G294A-A315T-M337V,m,41d,002-converte
115.2,82.11,33,1.1,1,2024-03-11,NEG-008,hTDP43,WT-A90V-G287S-G294A-A315T-M337V,m,41d,002-converte
45.97,64.76,33,1.1,1,2024-03-11,NEG-008,hTDP43,WT-A90V-G287S-G294A-A315T-M337V,m,41d,002-converte
8.44,40.75,33,1.1,1,2024-03-11,NEG-008,hTDP43,WT-A90V-G287S-G294A-A315T-M337V,m,41d,002-converte
7.21,89.74,33,1.1,1,2024-03-11,NEG-008,hTDP43,WT-A90V-G287S-G294A-A315T-M337V,m,41d,002-converte
6.1,48.79,33,1.1,1,2024-03-11,NEG-008,hTDP43,WT-A90V-G287S-G294A-A315T-M337V,m,41d,002-converte
117.51,81.86,34,1.133,1,2024-03-11,NEG-008,hTDP43,WT-A90V-G287S-G294A-A315T-M337V,m,41d,002-converte
47.84,64.8,34,1.133,1,2024-03-11,NEG-008,hTDP43,WT-A90V-G287S-G294A-A315T-M337V,m,41d,002-converte
7.2,89.74,34,1.133,1,2024-03-11,NEG-008,hTDP43,WT-A90V-G287S-G294A-A315T-M337V,m,41d,002-converte
6.08,49.41,34,1.133,1,2024-03-11,NEG-008,hTDP43,WT-A90V-G287S-G294A-A315T-M337V,m,41d,002-converte
120.27,82.09,35,1.167,1,2024-03-11,NEG-008,hTDP43,WT-A90V-G287S-G294A-A315T-M337V,m,41d,002-converte
48.24,65.08,35,1.167,1,2024-03-11,NEG-008,hTDP43,WT-A90V-G287S-G294A-A315T-M337V,m,41d,002-converte
27.92,62.29,35,1.167,1,2024-03-11,NEG-008,hTDP43,WT-A90V-G287S-G294A-A315T-M337V,m,41d,002-converte
22.16,53.59,35,1.167,1,2024-03-11,NEG-008,hTDP43,WT-A90V-G287S-G294A-A315T-M337V,m,41d,002-converte
9.54,43.85,35,1.167,1,2024-03-11,NEG-008,hTDP43,WT-A90V-G287S-G294A-A315T-M337V,m,41d,002-converte
7.2,89.74,35,1.167,1,2024-03-11,NEG-008,hTDP43,WT-A90V-G287S-G294A-A315T-M337V,m,41d,002-converte
123.25,81.34,36,1.2,1,2024-03-11,NEG-008,hTDP43,WT-A90V-G287S-G294A-A315T-M337V,m,41d,002-converte
49.75,65.53,36,1.2,1,2024-03-11,NEG-008,hTDP43,WT-A90V-G287S-G294A-A315T-M337V,m,41d,002-converte
36.98,67.25,36,1.2,1,2024-03-11,NEG-008,hTDP43,WT-A90V-G287S-G294A-A315T-M337V,m,41d,002-converte
10.63,45.0,36,1.2,1,2024-03-11,NEG-008,hTDP43,WT-A90V-G287S-G294A-A315T-M337V,m,41d,002-converte
9.9,75.01,36,1.2,1,2024-03-11,NEG-008,hTDP43,WT-A90V-G287S-G294A-A315T-M337V,m,41d,002-converte
7.26,89.7,36,1.2,1,2024-03-11,NEG-008,hTDP43,WT-A90V-G287S-G294A-A315T-M337V,m,41d,002-converte
124.51,81.82,37,1.233,1,2024-03-11,NEG-008,hTDP43,WT-A90V-G287S-G294A-A315T-M337V,m,41d,002-converte
51.14,65.57,37,1.233,1,2024-03-11,NEG-008,hTDP43,WT-A90V-G287S-G294A-A315T-M337V,m,41d,002-converte
21.57,55.39,37,1.233,1,2024-03-11,NEG-008,hTDP43,WT-A90V-G287S-G294A-A315T-M337V,m,41d,002-converte
11.21,45.46,37,1.233,1,2024-03-11,NEG-008,hTDP43,WT-A90V-G287S-G294A-A315T-M337V,m,41d,002-converte
5.74,84.0,37,1.233,1,2024-03-11,NEG-008,hTDP43,WT-A90V-G287S-G294A-A315T-M337V,m,41d,002-converte
125.37,82.05,38,1.267,1,2024-03-11,NEG-008,hTDP43,WT-A90V-G287S-G294A-A315T-M337V,m,41d,002-converte
52.24,65.87,38,1.267,1,2024-03-11,NEG-008,hTDP43,WT-A90V-G287S-G294A-A315T-M337V,m,41d,002-converte
11.83,46.82,38,1.267,1,2024-03-11,NEG-008,hTDP43,WT-A90V-G287S-G294A-A315T-M337V,m,41d,002-converte
6.38,53.25,38,1.267,1,2024-03-11,NEG-008,hTDP43,WT-A90V-G287S-G294A-A315T-M337V,m,41d,002-converte
5.74,84.0,38,1.267,1,2024-03-11,NEG-008,hTDP43,WT-A90V-G287S-G294A-A315T-M337V,m,41d,002-converte
127.24,82.15,39,1.3,1,2024-03-11,NEG-008,hTDP43,WT-A90V-G287S-G294A-A315T-M337V,m,41d,002-converte
54.19,66.07,39,1.3,1,2024-03-11,NEG-008,hTDP43,WT-A90V-G287S-G294A-A315T-M337V,m,41d,002-converte
12.39,47.24,39,1.3,1,2024-03-11,NEG-008,hTDP43,WT-A90V-G287S-G294A-A315T-M337V,m,41d,002-converte
5.74,84.0,39,1.3,1,2024-03-11,NEG-008,hTDP43,WT-A90V-G287S-G294A-A315T-M337V,m,41d,002-converte
4.93,52.99,39,1.3,1,2024-03-11,NEG-008,hTDP43,WT-A90V-G287S-G294A-A315T-M337V,m,41d,002-converte
130.82,81.92,40,1.333,1,2024-03-11,NEG-008,hTDP43,WT-A90V-G287S-G294A-A315T-M337V,m,41d,002-converte
57.1,66.69,40,1.333,1,2024-03-11,NEG-008,hTDP43,WT-A90V-G287S-G294A-A315T-M337V,m,41d,002-converte
13.32,48.71,40,1.333,1,2024-03-11,NEG-008,hTDP43,WT-A90V-G287S-G294A-A315T-M337V,m,41d,002-converte
6.15,96.76,40,1.333,1,2024-03-11,NEG-008,hTDP43,WT-A90V-G287S-G294A-A315T-M337V,m,41d,002-converte
5.74,84.0,40,1.333,1,2024-03-11,NEG-008,hTDP43,WT-A90V-G287S-G294A-A315T-M337V,m,41d,002-converte
5.1,53.69,40,1.333,1,2024-03-11,NEG-008,hTDP43,WT-A90V-G287S-G294A-A315T-M337V,m,41d,002-converte
130.31,82.05,41,1.367,1,2024-03-11,NEG-008,hTDP43,WT-A90V-G287S-G294A-A315T-M337V,m,41d,002-converte
59.03,66.98,41,1.367,1,2024-03-11,NEG-008,hTDP43,WT-A90V-G287S-G294A-A315T-M337V,m,41d,002-converte
13.92,50.65,41,1.367,1,2024-03-11,NEG-008,hTDP43,WT-A90V-G287S-G294A-A315T-M337V,m,41d,002-converte
6.15,96.76,41,1.367,1,2024-03-11,NEG-008,hTDP43,WT-A90V-G287S-G294A-A315T-M337V,m,41d,002-converte
5.69,83.95,41,1.367,1,2024-03-11,NEG-008,hTDP43,WT-A90V-G287S-G294A-A315T-M337V,m,41d,002-converte
4.5,51.54,41,1.367,1,2024-03-11,NEG-008,hTDP43,WT-A90V-G287S-G294A-A315T-M337V,m,41d,002-converte
131.31,82.05,42,1.4,1,2024-03-11,NEG-008,hTDP43,WT-A90V-G287S-G294A-A315T-M337V,m,41d,002-converte
60.54,67.26,42,1.4,1,2024-03-11,NEG-008,hTDP43,WT-A90V-G287S-G294A-A315T-M337V,m,41d,002-converte
14.22,51.79,42,1.4,1,2024-03-11,NEG-008,hTDP43,WT-A90V-G287S-G294A-A315T-M337V,m,41d,002-converte
6.15,96.77,42,1.4,1,2024-03-11,NEG-008,hTDP43,WT-A90V-G287S-G294A-A315T-M337V,m,41d,002-converte
5.69,51.21,42,1.4,1,2024-03-11,NEG-008,hTDP43,WT-A90V-G287S-G294A-A315T-M337V,m,41d,002-converte
5.6,83.84,42,1.4,1,2024-03-11,NEG-008,hTDP43,WT-A90V-G287S-G294A-A315T-M337V,m,41d,002-converte
132.42,82.0,43,1.433,1,2024-03-11,NEG-008,hTDP43,WT-A90V-G287S-G294A-A315T-M337V,m,41d,002-converte
64.27,67.81,43,1.433,1,2024-03-11,NEG-008,hTDP43,WT-A90V-G287S-G294A-A315T-M337V,m,41d,002-converte
15.07,53.54,43,1.433,1,2024-03-11,NEG-008,hTDP43,WT-A90V-G287S-G294A-A315T-M337V,m,41d,002-converte
6.15,96.76,43,1.433,1,2024-03-11,NEG-008,hTDP43,WT-A90V-G287S-G294A-A315T-M337V,m,41d,002-converte
5.92,53.23,43,1.433,1,2024-03-11,NEG-008,hTDP43,WT-A90V-G287S-G294A-A315T-M337V,m,41d,002-converte
5.61,83.86,43,1.433,1,2024-03-11,NEG-008,hTDP43,WT-A90V-G287S-G294A-A315T-M337V,m,41d,002-converte
134.32,81.74,44,1.467,1,2024-03-11,NEG-008,hTDP43,WT-A90V-G287S-G294A-A315T-M337V,m,41d,002-converte
66.3,68.14,44,1.467,1,2024-03-11,NEG-008,hTDP43,WT-A90V-G287S-G294A-A315T-M337V,m,41d,002-converte
15.16,54.47,44,1.467,1,2024-03-11,NEG-008,hTDP43,WT-A90V-G287S-G294A-A315T-M337V,m,41d,002-converte
6.3,96.31,44,1.467,1,2024-03-11,NEG-008,hTDP43,WT-A90V-G287S-G294A-A315T-M337V,m,41d,002-converte
5.66,55.09,44,1.467,1,2024-03-11,NEG-008,hTDP43,WT-A90V-G287S-G294A-A315T-M337V,m,41d,002-converte
5.62,83.88,44,1.467,1,2024-03-11,NEG-008,hTDP43,WT-A90V-G287S-G294A-A315T-M337V,m,41d,002-converte
136.41,81.86,45,1.5,1,2024-03-11,NEG-008,hTDP43,WT-A90V-G287S-G294A-A315T-M337V,m,41d,002-converte
69.9,68.92,45,1.5,1,2024-03-11,NEG-008,hTDP43,WT-A90V-G287S-G294A-A315T-M337V,m,41d,002-converte
15.55,55.45,45,1.5,1,2024-03-11,NEG-008,hTDP43,WT-A90V-G287S-G294A-A315T-M337V,m,41d,002-converte
5.62,83.88,45,1.5,1,2024-03-11,NEG-008,hTDP43,WT-A90V-G287S-G294A-A315T-M337V,m,41d,002-converte
5.34,56.72,45,1.5,1,2024-03-11,NEG-008,hTDP43,WT-A90V-G287S-G294A-A315T-M337V,m,41d,002-converte
137.44,81.89,46,1.533,1,2024-03-11,NEG-008,hTDP43,WT-A90V-G287S-G294A-A315T-M337V,m,41d,002-converte
71.47,68.98,46,1.533,1,2024-03-11,NEG-008,hTDP43,WT-A90V-G287S-G294A-A315T-M337V,m,41d,002-converte
17.08,58.92,46,1.533,1,2024-03-11,NEG-008,hTDP43,WT-A90V-G287S-G294A-A315T-M337V,m,41d,002-converte
7.3,55.77,46,1.533,1,2024-03-11,NEG-008,hTDP43,WT-A90V-G287S-G294A-A315T-M337V,m,41d,002-converte
6.03,95.27,46,1.533,1,2024-03-11,NEG-008,hTDP43,WT-A90V-G287S-G294A-A315T-M337V,m,41d,002-converte
5.24,83.48,46,1.533,1,2024-03-11,NEG-008,hTDP43,WT-A90V-G287S-G294A-A315T-M337V,m,41d,002-converte
140.29,81.42,47,1.567,1,2024-03-11,NEG-008,hTDP43,WT-A90V-G287S-G294A-A315T-M337V,m,41d,002-converte
73.43,69.31,47,1.567,1,2024-03-11,NEG-008,hTDP43,WT-A90V-G287S-G294A-A315T-M337V,m,41d,002-converte
17.26,59.79,47,1.567,1,2024-03-11,NEG-008,hTDP43,WT-A90V-G287S-G294A-A315T-M337V,m,41d,002-converte
7.29,54.09,47,1.567,1,2024-03-11,NEG-008,hTDP43,WT-A90V-G287S-G294A-A315T-M337V,m,41d,002-converte
6.77,76.54,47,1.567,1,2024-03-11,NEG-008,hTDP43,WT-A90V-G287S-G294A-A315T-M337V,m,41d,002-converte
6.21,84.86,47,1.567,1,2024-03-11,NEG-008,hTDP43,WT-A90V-G287S-G294A-A315T-M337V,m,41d,002-converte
6.02,95.25,47,1.567,1,2024-03-11,NEG-008,hTDP43,WT-A90V-G287S-G294A-A315T-M337V,m,41d,002-converte
142.35,81.65,48,1.6,1,2024-03-11,NEG-008,hTDP43,WT-A90V-G287S-G294A-A315T-M337V,m,41d,002-converte
77.21,70.09,48,1.6,1,2024-03-11,NEG-008,hTDP43,WT-A90V-G287S-G294A-A315T-M337V,m,41d,002-converte
16.89,61.47,48,1.6,1,2024-03-11,NEG-008,hTDP43,WT-A90V-G287S-G294A-A315T-M337V,m,41d,002-converte
7.27,76.36,48,1.6,1,2024-03-11,NEG-008,hTDP43,WT-A90V-G287S-G294A-A315T-M337V,m,41d,002-converte
7.12,53.11,48,1.6,1,2024-03-11,NEG-008,hTDP43,WT-A90V-G287S-G294A-A315T-M337V,m,41d,002-converte
6.13,86.22,48,1.6,1,2024-03-11,NEG-008,hTDP43,WT-A90V-G287S-G294A-A315T-M337V,m,41d,002-converte
6.05,95.22,48,1.6,1,2024-03-11,NEG-008,hTDP43,WT-A90V-G287S-G294A-A315T-M337V,m,41d,002-converte
143.43,81.97,49,1.633,1,2024-03-11,NEG-008,hTDP43,WT-A90V-G287S-G294A-A315T-M337V,m,41d,002-converte
80.82,70.82,49,1.633,1,2024-03-11,NEG-008,hTDP43,WT-A90V-G287S-G294A-A315T-M337V,m,41d,002-converte
16.17,61.35,49,1.633,1,2024-03-11,NEG-008,hTDP43,WT-A90V-G287S-G294A-A315T-M337V,m,41d,002-converte
7.31,76.08,49,1.633,1,2024-03-11,NEG-008,hTDP43,WT-A90V-G287S-G294A-A315T-M337V,m,41d,002-converte
7.14,52.16,49,1.633,1,2024-03-11,NEG-008,hTDP43,WT-A90V-G287S-G294A-A315T-M337V,m,41d,002-converte
6.35,87.96,49,1.633,1,2024-03-11,NEG-008,hTDP43,WT-A90V-G287S-G294A-A315T-M337V,m,41d,002-converte
146.91,81.86,50,1.667,1,2024-03-11,NEG-008,hTDP43,WT-A90V-G287S-G294A-A315T-M337V,m,41d,002-converte
82.47,70.98,50,1.667,1,2024-03-11,NEG-008,hTDP43,WT-A90V-G287S-G294A-A315T-M337V,m,41d,002-converte
15.45,64.77,50,1.667,1,2024-03-11,NEG-008,hTDP43,WT-A90V-G287S-G294A-A315T-M337V,m,41d,002-converte
7.24,75.92,50,1.667,1,2024-03-11,NEG-008,hTDP43,WT-A90V-G287S-G294A-A315T-M337V,m,41d,002-converte
7.17,51.32,50,1.667,1,2024-03-11,NEG-008,hTDP43,WT-A90V-G287S-G294A-A315T-M337V,m,41d,002-converte
6.83,93.51,50,1.667,1,2024-03-11,NEG-008,hTDP43,WT-A90V-G287S-G294A-A315T-M337V,m,41d,002-converte
148.91,81.86,51,1.7,1,2024-03-11,NEG-008,hTDP43,WT-A90V-G287S-G294A-A315T-M337V,m,41d,002-converte
86.01,71.76,51,1.7,1,2024-03-11,NEG-008,hTDP43,WT-A90V-G287S-G294A-A315T-M337V,m,41d,002-converte
14.47,66.61,51,1.7,1,2024-03-11,NEG-008,hTDP43,WT-A90V-G287S-G294A-A315T-M337V,m,41d,002-converte
7.36,74.94,51,1.7,1,2024-03-11,NEG-008,hTDP43,WT-A90V-G287S-G294A-A315T-M337V,m,41d,002-converte
7.21,50.46,51,1.7,1,2024-03-11,NEG-008,hTDP43,WT-A90V-G287S-G294A-A315T-M337V,m,41d,002-converte
7.07,92.53,51,1.7,1,2024-03-11,NEG-008,hTDP43,WT-A90V-G287S-G294A-A315T-M337V,m,41d,002-converte
149.23,82.1,52,1.733,1,2024-03-11,NEG-008,hTDP43,WT-A90V-G287S-G294A-A315T-M337V,m,41d,002-converte
88.07,71.98,52,1.733,1,2024-03-11,NEG-008,hTDP43,WT-A90V-G287S-G294A-A315T-M337V,m,41d,002-converte
14.27,67.71,52,1.733,1,2024-03-11,NEG-008,hTDP43,WT-A90V-G287S-G294A-A315T-M337V,m,41d,002-converte
7.75,73.22,52,1.733,1,2024-03-11,NEG-008,hTDP43,WT-A90V-G287S-G294A-A315T-M337V,m,41d,002-converte
7.17,50.15,52,1.733,1,2024-03-11,NEG-008,hTDP43,WT-A90V-G287S-G294A-A315T-M337V,m,41d,002-converte
6.89,90.66,52,1.733,1,2024-03-11,NEG-008,hTDP43,WT-A90V-G287S-G294A-A315T-M337V,m,41d,002-converte
151.33,82.11,53,1.767,1,2024-03-11,NEG-008,hTDP43,WT-A90V-G287S-G294A-A315T-M337V,m,41d,002-converte
90.21,72.19,53,1.767,1,2024-03-11,NEG-008,hTDP43,WT-A90V-G287S-G294A-A315T-M337V,m,41d,002-converte
14.12,68.25,53,1.767,1,2024-03-11,NEG-008,hTDP43,WT-A90V-G287S-G294A-A315T-M337V,m,41d,002-converte
7.14,50.1,53,1.767,1,2024-03-11,NEG-008,hTDP43,WT-A90V-G287S-G294A-A315T-M337V,m,41d,002-converte
6.51,89.19,53,1.767,1,2024-03-11,NEG-008,hTDP43,WT-A90V-G287S-G294A-A315T-M337V,m,41d,002-converte
153.33,82.11,54,1.8,1,2024-03-11,NEG-008,hTDP43,WT-A90V-G287S-G294A-A315T-M337V,m,41d,002-converte
92.29,72.32,54,1.8,1,2024-03-11,NEG-008,hTDP43,WT-A90V-G287S-G294A-A315T-M337V,m,41d,002-converte
7.79,71.37,54,1.8,1,2024-03-11,NEG-008,hTDP43,WT-A90V-G287S-G294A-A315T-M337V,m,41d,002-converte
7.1,50.04,54,1.8,1,2024-03-11,NEG-008,hTDP43,WT-A90V-G287S-G294A-A315T-M337V,m,41d,002-converte
6.47,88.33,54,1.8,1,2024-03-11,NEG-008,hTDP43,WT-A90V-G287S-G294A-A315T-M337V,m,41d,002-converte
155.6,82.78,55,1.833,1,2024-03-11,NEG-008,hTDP43,WT-A90V-G287S-G294A-A315T-M337V,m,41d,002-converte
95.75,72.84,55,1.833,1,2024-03-11,NEG-008,hTDP43,WT-A90V-G287S-G294A-A315T-M337V,m,41d,002-converte
13.86,71.25,55,1.833,1,2024-03-11,NEG-008,hTDP43,WT-A90V-G287S-G294A-A315T-M337V,m,41d,002-converte
7.1,50.15,55,1.833,1,2024-03-11,NEG-008,hTDP43,WT-A90V-G287S-G294A-A315T-M337V,m,41d,002-converte
6.35,87.88,55,1.833,1,2024-03-11,NEG-008,hTDP43,WT-A90V-G287S-G294A-A315T-M337V,m,41d,002-converte
156.9,83.01,56,1.867,1,2024-03-11,NEG-008,hTDP43,WT-A90V-G287S-G294A-A315T-M337V,m,41d,002-converte
97.99,72.81,56,1.867,1,2024-03-11,NEG-008,hTDP43,WT-A90V-G287S-G294A-A315T-M337V,m,41d,002-converte
14.19,72.2,56,1.867,1,2024-03-11,NEG-008,hTDP43,WT-A90V-G287S-G294A-A315T-M337V,m,41d,002-converte
7.1,50.26,56,1.867,1,2024-03-11,NEG-008,hTDP43,WT-A90V-G287S-G294A-A315T-M337V,m,41d,002-converte
7.05,84.3,56,1.867,1,2024-03-11,NEG-008,hTDP43,WT-A90V-G287S-G294A-A315T-M337V,m,41d,002-converte
158.19,83.06,57,1.9,1,2024-03-11,NEG-008,hTDP43,WT-A90V-G287S-G294A-A315T-M337V,m,41d,002-converte
100.07,73.0,57,1.9,1,2024-03-11,NEG-008,hTDP43,WT-A90V-G287S-G294A-A315T-M337V,m,41d,002-converte
14.13,73.77,57,1.9,1,2024-03-11,NEG-008,hTDP43,WT-A90V-G287S-G294A-A315T-M337V,m,41d,002-converte
6.95,50.27,57,1.9,1,2024-03-11,NEG-008,hTDP43,WT-A90V-G287S-G294A-A315T-M337V,m,41d,002-converte
6.44,89.55,57,1.9,1,2024-03-11,NEG-008,hTDP43,WT-A90V-G287S-G294A-A315T-M337V,m,41d,002-converte
159.25,83.31,58,1.933,1,2024-03-11,NEG-008,hTDP43,WT-A90V-G287S-G294A-A315T-M337V,m,41d,002-converte
101.54,73.2,58,1.933,1,2024-03-11,NEG-008,hTDP43,WT-A90V-G287S-G294A-A315T-M337V,m,41d,002-converte
14.25,74.04,58,1.933,1,2024-03-11,NEG-008,hTDP43,WT-A90V-G287S-G294A-A315T-M337V,m,41d,002-converte
7.78,81.26,58,1.933,1,2024-03-11,NEG-008,hTDP43,WT-A90V-G287S-G294A-A315T-M337V,m,41d,002-converte
6.79,50.29,58,1.933,1,2024-03-11,NEG-008,hTDP43,WT-A90V-G287S-G294A-A315T-M337V,m,41d,002-converte
6.77,90.66,58,1.933,1,2024-03-11,NEG-008,hTDP43,WT-A90V-G287S-G294A-A315T-M337V,m,41d,002-converte
160.4,83.83,59,1.967,1,2024-03-11,NEG-008,hTDP43,WT-A90V-G287S-G294A-A315T-M337V,m,41d,002-converte
105.61,73.83,59,1.967,1,2024-03-11,NEG-008,hTDP43,WT-A90V-G287S-G294A-A315T-M337V,m,41d,002-converte
14.89,74.28,59,1.967,1,2024-03-11,NEG-008,hTDP43,WT-A90V-G287S-G294A-A315T-M337V,m,41d,002-converte
8.07,80.21,59,1.967,1,2024-03-11,NEG-008,hTDP43,WT-A90V-G287S-G294A-A315T-M337V,m,41d,002-converte
6.84,50.25,59,1.967,1,2024-03-11,NEG-008,hTDP43,WT-A90V-G287S-G294A-A315T-M337V,m,41d,002-converte
6.58,90.27,59,1.967,1,2024-03-11,NEG-008,hTDP43,WT-A90V-G287S-G294A-A315T-M337V,m,41d,002-converte
162.31,84.19,60,2.0,1,2024-03-11,NEG-008,hTDP43,WT-A90V-G287S-G294A-A315T-M337V,m,41d,002-converte
107.12,73.91,60,2.0,1,2024-03-11,NEG-008,hTDP43,WT-A90V-G287S-G294A-A315T-M337V,m,41d,002-converte
16.08,75.28,60,2.0,1,2024-03-11,NEG-008,hTDP43,WT-A90V-G287S-G294A-A315T-M337V,m,41d,002-converte
8.09,80.12,60,2.0,1,2024-03-11,NEG-008,hTDP43,WT-A90V-G287S-G294A-A315T-M337V,m,41d,002-converte
7.48,71.29,60,2.0,1,2024-03-11,NEG-008,hTDP43,WT-A90V-G287S-G294A-A315T-M337V,m,41d,002-converte
6.96,91.64,60,2.0,1,2024-03-11,NEG-008,hTDP43,WT-A90V-G287S-G294A-A315T-M337V,m,41d,002-converte
6.89,50.2,60,2.0,1,2024-03-11,NEG-008,hTDP43,WT-A90V-G287S-G294A-A315T-M337V,m,41d,002-converte
164.21,84.16,61,2.033,1,2024-03-11,NEG-008,hTDP43,WT-A90V-G287S-G294A-A315T-M337V,m,41d,002-converte
109.28,73.96,61,2.033,1,2024-03-11,NEG-008,hTDP43,WT-A90V-G287S-G294A-A315T-M337V,m,41d,002-converte
17.19,76.29,61,2.033,1,2024-03-11,NEG-008,hTDP43,WT-A90V-G287S-G294A-A315T-M337V,m,41d,002-converte
8.13,79.91,61,2.033,1,2024-03-11,NEG-008,hTDP43,WT-A90V-G287S-G294A-A315T-M337V,m,41d,002-converte
7.48,71.29,61,2.033,1,2024-03-11,NEG-008,hTDP43,WT-A90V-G287S-G294A-A315T-M337V,m,41d,002-converte
7.15,50.33,61,2.033,1,2024-03-11,NEG-008,hTDP43,WT-A90V-G287S-G294A-A315T-M337V,m,41d,002-converte
6.88,92.08,61,2.033,1,2024-03-11,NEG-008,hTDP43,WT-A90V-G287S-G294A-A315T-M337V,m,41d,002-converte
166.13,84.73,62,2.067,1,2024-03-11,NEG-008,hTDP43,WT-A90V-G287S-G294A-A315T-M337V,m,41d,002-converte
111.33,73.96,62,2.067,1,2024-03-11,NEG-008,hTDP43,WT-A90V-G287S-G294A-A315T-M337V,m,41d,002-converte
18.99,77.93,62,2.067,1,2024-03-11,NEG-008,hTDP43,WT-A90V-G287S-G294A-A315T-M337V,m,41d,002-converte
8.19,79.22,62,2.067,1,2024-03-11,NEG-008,hTDP43,WT-A90V-G287S-G294A-A315T-M337V,m,41d,002-converte
7.48,71.24,62,2.067,1,2024-03-11,NEG-008,hTDP43,WT-A90V-G287S-G294A-A315T-M337V,m,41d,002-converte
7.01,50.64,62,2.067,1,2024-03-11,NEG-008,hTDP43,WT-A90V-G287S-G294A-A315T-M337V,m,41d,002-converte
6.98,93.1,62,2.067,1,2024-03-11,NEG-008,hTDP43,WT-A90V-G287S-G294A-A315T-M337V,m,41d,002-converte
168.12,84.97,63,2.1,1,2024-03-11,NEG-008,hTDP43,WT-A90V-G287S-G294A-A315T-M337V,m,41d,002-converte
113.23,74.29,63,2.1,1,2024-03-11,NEG-008,hTDP43,WT-A90V-G287S-G294A-A315T-M337V,m,41d,002-converte
21.21,79.76,63,2.1,1,2024-03-11,NEG-008,hTDP43,WT-A90V-G287S-G294A-A315T-M337V,m,41d,002-converte
8.05,78.02,63,2.1,1,2024-03-11,NEG-008,hTDP43,WT-A90V-G287S-G294A-A315T-M337V,m,41d,002-converte
7.04,93.89,63,2.1,1,2024-03-11,NEG-008,hTDP43,WT-A90V-G287S-G294A-A315T-M337V,m,41d,002-converte
6.88,51.21,63,2.1,1,2024-03-11,NEG-008,hTDP43,WT-A90V-G287S-G294A-A315T-M337V,m,41d,002-converte
169.35,85.07,64,2.133,1,2024-03-11,NEG-008,hTDP43,WT-A90V-G287S-G294A-A315T-M337V,m,41d,002-converte
117.0,74.74,64,2.133,1,2024-03-11,NEG-008,hTDP43,WT-A90V-G287S-G294A-A315T-M337V,m,41d,002-converte
22.42,80.76,64,2.133,1,2024-03-11,NEG-008,hTDP43,WT-A90V-G287S-G294A-A315T-M337V,m,41d,002-converte
7.88,76.81,64,2.133,1,2024-03-11,NEG-008,hTDP43,WT-A90V-G287S-G294A-A315T-M337V,m,41d,002-converte
7.22,94.8,64,2.133,1,2024-03-11,NEG-008,hTDP43,WT-A90V-G287S-G294A-A315T-M337V,m,41d,002-converte
6.76,51.9,64,2.133,1,2024-03-11,NEG-008,hTDP43,WT-A90V-G287S-G294A-A315T-M337V,m,41d,002-converte
171.25,85.89,65,2.167,1,2024-03-11,NEG-008,hTDP43,WT-A90V-G287S-G294A-A315T-M337V,m,41d,002-converte
118.33,74.9,65,2.167,1,2024-03-11,NEG-008,hTDP43,WT-A90V-G287S-G294A-A315T-M337V,m,41d,002-converte
24.21,82.27,65,2.167,1,2024-03-11,NEG-008,hTDP43,WT-A90V-G287S-G294A-A315T-M337V,m,41d,002-converte
7.36,73.97,65,2.167,1,2024-03-11,NEG-008,hTDP43,WT-A90V-G287S-G294A-A315T-M337V,m,41d,002-converte
7.16,95.83,65,2.167,1,2024-03-11,NEG-008,hTDP43,WT-A90V-G287S-G294A-A315T-M337V,m,41d,002-converte
6.66,52.56,65,2.167,1,2024-03-11,NEG-008,hTDP43,WT-A90V-G287S-G294A-A315T-M337V,m,41d,002-converte
173.14,86.12,66,2.2,1,2024-03-11,NEG-008,hTDP43,WT-A90V-G287S-G294A-A315T-M337V,m,41d,002-converte
120.23,75.12,66,2.2,1,2024-03-11,NEG-008,hTDP43,WT-A90V-G287S-G294A-A315T-M337V,m,41d,002-converte
26.33,83.87,66,2.2,1,2024-03-11,NEG-008,hTDP43,WT-A90V-G287S-G294A-A315T-M337V,m,41d,002-converte
7.29,74.63,66,2.2,1,2024-03-11,NEG-008,hTDP43,WT-A90V-G287S-G294A-A315T-M337V,m,41d,002-converte
6.96,96.89,66,2.2,1,2024-03-11,NEG-008,hTDP43,WT-A90V-G287S-G294A-A315T-M337V,m,41d,002-converte
6.55,53.37,66,2.2,1,2024-03-11,NEG-008,hTDP43,WT-A90V-G287S-G294A-A315T-M337V,m,41d,002-converte
174.59,86.18,67,2.233,1,2024-03-11,NEG-008,hTDP43,WT-A90V-G287S-G294A-A315T-M337V,m,41d,002-converte
123.68,75.75,67,2.233,1,2024-03-11,NEG-008,hTDP43,WT-A90V-G287S-G294A-A315T-M337V,m,41d,002-converte
28.04,84.96,67,2.233,1,2024-03-11,NEG-008,hTDP43,WT-A90V-G287S-G294A-A315T-M337V,m,41d,002-converte
7.17,72.83,67,2.233,1,2024-03-11,NEG-008,hTDP43,WT-A90V-G287S-G294A-A315T-M337V,m,41d,002-converte
6.54,97.37,67,2.233,1,2024-03-11,NEG-008,hTDP43,WT-A90V-G287S-G294A-A315T-M337V,m,41d,002-converte
6.51,54.26,67,2.233,1,2024-03-11,NEG-008,hTDP43,WT-A90V-G287S-G294A-A315T-M337V,m,41d,002-converte
0.0,81.11,67,2.233,1,2024-03-11,NEG-008,hTDP43,WT-A90V-G287S-G294A-A315T-M337V,m,41d,002-converte
176.56,87.01,68,2.267,1,2024-03-11,NEG-008,hTDP43,WT-A90V-G287S-G294A-A315T-M337V,m,41d,002-converte
125.07,75.85,68,2.267,1,2024-03-11,NEG-008,hTDP43,WT-A90V-G287S-G294A-A315T-M337V,m,41d,002-converte
29.32,86.14,68,2.267,1,2024-03-11,NEG-008,hTDP43,WT-A90V-G287S-G294A-A315T-M337V,m,41d,002-converte
7.12,71.34,68,2.267,1,2024-03-11,NEG-008,hTDP43,WT-A90V-G287S-G294A-A315T-M337V,m,41d,002-converte
6.43,54.43,68,2.267,1,2024-03-11,NEG-008,hTDP43,WT-A90V-G287S-G294A-A315T-M337V,m,41d,002-converte
6.34,98.29,68,2.267,1,2024-03-11,NEG-008,hTDP43,WT-A90V-G287S-G294A-A315T-M337V,m,41d,002-converte
0.12,81.59,68,2.267,1,2024-03-11,NEG-008,hTDP43,WT-A90V-G287S-G294A-A315T-M337V,m,41d,002-converte
178.52,87.15,69,2.3,1,2024-03-11,NEG-008,hTDP43,WT-A90V-G287S-G294A-A315T-M337V,m,41d,002-converte
126.43,76.06,69,2.3,1,2024-03-11,NEG-008,hTDP43,WT-A90V-G287S-G294A-A315T-M337V,m,41d,002-converte
30.87,87.71,69,2.3,1,2024-03-11,NEG-008,hTDP43,WT-A90V-G287S-G294A-A315T-M337V,m,41d,002-converte
6.9,69.56,69,2.3,1,2024-03-11,NEG-008,hTDP43,WT-A90V-G287S-G294A-A315T-M337V,m,41d,002-converte
6.44,54.59,69,2.3,1,2024-03-11,NEG-008,hTDP43,WT-A90V-G287S-G294A-A315T-M337V,m,41d,002-converte
6.37,99.27,69,2.3,1,2024-03-11,NEG-008,hTDP43,WT-A90V-G287S-G294A-A315T-M337V,m,41d,002-converte
0.25,81.99,69,2.3,1,2024-03-11,NEG-008,hTDP43,WT-A90V-G287S-G294A-A315T-M337V,m,41d,002-converte
182.69,87.88,70,2.333,1,2024-03-11,NEG-008,hTDP43,WT-A90V-G287S-G294A-A315T-M337V,m,41d,002-converte
128.41,76.13,70,2.333,1,2024-03-11,NEG-008,hTDP43,WT-A90V-G287S-G294A-A315T-M337V,m,41d,002-converte
32.21,88.74,70,2.333,1,2024-03-11,NEG-008,hTDP43,WT-A90V-G287S-G294A-A315T-M337V,m,41d,002-converte
6.89,68.95,70,2.333,1,2024-03-11,NEG-008,hTDP43,WT-A90V-G287S-G294A-A315T-M337V,m,41d,002-converte
6.5,55.36,70,2.333,1,2024-03-11,NEG-008,hTDP43,WT-A90V-G287S-G294A-A315T-M337V,m,41d,002-converte
6.37,99.27,70,2.333,1,2024-03-11,NEG-008,hTDP43,WT-A90V-G287S-G294A-A315T-M337V,m,41d,002-converte
0.43,82.64,70,2.333,1,2024-03-11,NEG-008,hTDP43,WT-A90V-G287S-G294A-A315T-M337V,m,41d,002-converte
183.76,88.91,71,2.367,1,2024-03-11,NEG-008,hTDP43,WT-A90V-G287S-G294A-A315T-M337V,m,41d,002-converte
130.46,76.34,71,2.367,1,2024-03-11,NEG-008,hTDP43,WT-A90V-G287S-G294A-A315T-M337V,m,41d,002-converte
33.84,89.94,71,2.367,1,2024-03-11,NEG-008,hTDP43,WT-A90V-G287S-G294A-A315T-M337V,m,41d,002-converte
7.24,71.43,71,2.367,1,2024-03-11,NEG-008,hTDP43,WT-A90V-G287S-G294A-A315T-M337V,m,41d,002-converte
6.54,56.2,71,2.367,1,2024-03-11,NEG-008,hTDP43,WT-A90V-G287S-G294A-A315T-M337V,m,41d,002-converte
6.18,99.11,71,2.367,1,2024-03-11,NEG-008,hTDP43,WT-A90V-G287S-G294A-A315T-M337V,m,41d,002-converte
185.63,89.81,72,2.4,1,2024-03-11,NEG-008,hTDP43,WT-A90V-G287S-G294A-A315T-M337V,m,41d,002-converte
134.19,77.0,72,2.4,1,2024-03-11,NEG-008,hTDP43,WT-A90V-G287S-G294A-A315T-M337V,m,41d,002-converte
35.18,90.71,72,2.4,1,2024-03-11,NEG-008,hTDP43,WT-A90V-G287S-G294A-A315T-M337V,m,41d,002-converte
7.22,71.13,72,2.4,1,2024-03-11,NEG-008,hTDP43,WT-A90V-G287S-G294A-A315T-M337V,m,41d,002-converte
6.45,62.41,72,2.4,1,2024-03-11,NEG-008,hTDP43,WT-A90V-G287S-G294A-A315T-M337V,m,41d,002-converte
6.21,98.49,72,2.4,1,2024-03-11,NEG-008,hTDP43,WT-A90V-G287S-G294A-A315T-M337V,m,41d,002-converte
186.45,89.93,73,2.433,1,2024-03-11,NEG-008,hTDP43,WT-A90V-G287S-G294A-A315T-M337V,m,41d,002-converte
135.39,77.12,73,2.433,1,2024-03-11,NEG-008,hTDP43,WT-A90V-G287S-G294A-A315T-M337V,m,41d,002-converte
36.2,91.32,73,2.433,1,2024-03-11,NEG-008,hTDP43,WT-A90V-G287S-G294A-A315T-M337V,m,41d,002-converte
7.38,70.47,73,2.433,1,2024-03-11,NEG-008,hTDP43,WT-A90V-G287S-G294A-A315T-M337V,m,41d,002-converte
6.77,59.66,73,2.433,1,2024-03-11,NEG-008,hTDP43,WT-A90V-G287S-G294A-A315T-M337V,m,41d,002-converte
6.3,98.02,73,2.433,1,2024-03-11,NEG-008,hTDP43,WT-A90V-G287S-G294A-A315T-M337V,m,41d,002-converte
187.95,90.96,74,2.467,1,2024-03-11,NEG-008,hTDP43,WT-A90V-G287S-G294A-A315T-M337V,m,41d,002-converte
138.69,77.77,74,2.467,1,2024-03-11,NEG-008,hTDP43,WT-A90V-G287S-G294A-A315T-M337V,m,41d,002-converte
37.54,92.18,74,2.467,1,2024-03-11,NEG-008,hTDP43,WT-A90V-G287S-G294A-A315T-M337V,m,41d,002-converte
7.35,70.33,74,2.467,1,2024-03-11,NEG-008,hTDP43,WT-A90V-G287S-G294A-A315T-M337V,m,41d,002-converte
6.35,97.38,74,2.467,1,2024-03-11,NEG-008,hTDP43,WT-A90V-G287S-G294A-A315T-M337V,m,41d,002-converte
6.28,56.5,74,2.467,1,2024-03-11,NEG-008,hTDP43,WT-A90V-G287S-G294A-A315T-M337V,m,41d,002-converte
189.19,91.77,75,2.5,1,2024-03-11,NEG-008,hTDP43,WT-A90V-G287S-G294A-A315T-M337V,m,41d,002-converte
140.17,77.94,75,2.5,1,2024-03-11,NEG-008,hTDP43,WT-A90V-G287S-G294A-A315T-M337V,m,41d,002-converte
40.13,93.65,75,2.5,1,2024-03-11,NEG-008,hTDP43,WT-A90V-G287S-G294A-A315T-M337V,m,41d,002-converte
7.3,69.98,75,2.5,1,2024-03-11,NEG-008,hTDP43,WT-A90V-G287S-G294A-A315T-M337V,m,41d,002-converte
7.0,59.93,75,2.5,1,2024-03-11,NEG-008,hTDP43,WT-A90V-G287S-G294A-A315T-M337V,m,41d,002-converte
6.42,96.71,75,2.5,1,2024-03-11,NEG-008,hTDP43,WT-A90V-G287S-G294A-A315T-M337V,m,41d,002-converte
191.17,92.72,76,2.533,1,2024-03-11,NEG-008,hTDP43,WT-A90V-G287S-G294A-A315T-M337V,m,41d,002-converte
141.4,78.15,76,2.533,1,2024-03-11,NEG-008,hTDP43,WT-A90V-G287S-G294A-A315T-M337V,m,41d,002-converte
41.24,94.52,76,2.533,1,2024-03-11,NEG-008,hTDP43,WT-A90V-G287S-G294A-A315T-M337V,m,41d,002-converte
7.34,69.32,76,2.533,1,2024-03-11,NEG-008,hTDP43,WT-A90V-G287S-G294A-A315T-M337V,m,41d,002-converte
7.06,60.11,76,2.533,1,2024-03-11,NEG-008,hTDP43,WT-A90V-G287S-G294A-A315T-M337V,m,41d,002-converte
6.47,95.98,76,2.533,1,2024-03-11,NEG-008,hTDP43,WT-A90V-G287S-G294A-A315T-M337V,m,41d,002-converte
5.23,51.34,76,2.533,1,2024-03-11,NEG-008,hTDP43,WT-A90V-G287S-G294A-A315T-M337V,m,41d,002-converte
192.83,93.73,77,2.567,1,2024-03-11,NEG-008,hTDP43,WT-A90V-G287S-G294A-A315T-M337V,m,41d,002-converte
145.0,78.88,77,2.567,1,2024-03-11,NEG-008,hTDP43,WT-A90V-G287S-G294A-A315T-M337V,m,41d,002-converte
42.31,95.59,77,2.567,1,2024-03-11,NEG-008,hTDP43,WT-A90V-G287S-G294A-A315T-M337V,m,41d,002-converte
7.02,60.2,77,2.567,1,2024-03-11,NEG-008,hTDP43,WT-A90V-G287S-G294A-A315T-M337V,m,41d,002-converte
6.51,94.54,77,2.567,1,2024-03-11,NEG-008,hTDP43,WT-A90V-G287S-G294A-A315T-M337V,m,41d,002-converte
5.19,48.76,77,2.567,1,2024-03-11,NEG-008,hTDP43,WT-A90V-G287S-G294A-A315T-M337V,m,41d,002-converte
194.05,94.14,78,2.6,1,2024-03-11,NEG-008,hTDP43,WT-A90V-G287S-G294A-A315T-M337V,m,41d,002-converte
146.99,79.13,78,2.6,1,2024-03-11,NEG-008,hTDP43,WT-A90V-G287S-G294A-A315T-M337V,m,41d,002-converte
43.4,96.19,78,2.6,1,2024-03-11,NEG-008,hTDP43,WT-A90V-G287S-G294A-A315T-M337V,m,41d,002-converte
7.15,67.49,78,2.6,1,2024-03-11,NEG-008,hTDP43,WT-A90V-G287S-G294A-A315T-M337V,m,41d,002-converte
6.41,93.45,78,2.6,1,2024-03-11,NEG-008,hTDP43,WT-A90V-G287S-G294A-A315T-M337V,m,41d,002-converte
5.33,46.29,78,2.6,1,2024-03-11,NEG-008,hTDP43,WT-A90V-G287S-G294A-A315T-M337V,m,41d,002-converte
196.18,95.15,79,2.633,1,2024-03-11,NEG-008,hTDP43,WT-A90V-G287S-G294A-A315T-M337V,m,41d,002-converte
148.45,79.2,79,2.633,1,2024-03-11,NEG-008,hTDP43,WT-A90V-G287S-G294A-A315T-M337V,m,41d,002-converte
44.42,96.92,79,2.633,1,2024-03-11,NEG-008,hTDP43,WT-A90V-G287S-G294A-A315T-M337V,m,41d,002-converte
7.19,67.01,79,2.633,1,2024-03-11,NEG-008,hTDP43,WT-A90V-G287S-G294A-A315T-M337V,m,41d,002-converte
6.36,92.69,79,2.633,1,2024-03-11,NEG-008,hTDP43,WT-A90V-G287S-G294A-A315T-M337V,m,41d,002-converte
5.38,44.12,79,2.633,1,2024-03-11,NEG-008,hTDP43,WT-A90V-G287S-G294A-A315T-M337V,m,41d,002-converte
197.76,95.82,80,2.667,1,2024-03-11,NEG-008,hTDP43,WT-A90V-G287S-G294A-A315T-M337V,m,41d,002-converte
151.85,80.01,80,2.667,1,2024-03-11,NEG-008,hTDP43,WT-A90V-G287S-G294A-A315T-M337V,m,41d,002-converte
45.98,97.82,80,2.667,1,2024-03-11,NEG-008,hTDP43,WT-A90V-G287S-G294A-A315T-M337V,m,41d,002-converte
6.91,60.06,80,2.667,1,2024-03-11,NEG-008,hTDP43,WT-A90V-G287S-G294A-A315T-M337V,m,41d,002-converte
6.23,91.96,80,2.667,1,2024-03-11,NEG-008,hTDP43,WT-A90V-G287S-G294A-A315T-M337V,m,41d,002-converte
5.99,41.69,80,2.667,1,2024-03-11,NEG-008,hTDP43,WT-A90V-G287S-G294A-A315T-M337V,m,41d,002-converte
199.3,96.16,81,2.7,1,2024-03-11,NEG-008,hTDP43,WT-A90V-G287S-G294A-A315T-M337V,m,41d,002-converte
153.77,80.74,81,2.7,1,2024-03-11,NEG-008,hTDP43,WT-A90V-G287S-G294A-A315T-M337V,m,41d,002-converte
47.28,98.41,81,2.7,1,2024-03-11,NEG-008,hTDP43,WT-A90V-G287S-G294A-A315T-M337V,m,41d,002-converte
6.92,60.04,81,2.7,1,2024-03-11,NEG-008,hTDP43,WT-A90V-G287S-G294A-A315T-M337V,m,41d,002-converte
6.13,38.84,81,2.7,1,2024-03-11,NEG-008,hTDP43,WT-A90V-G287S-G294A-A315T-M337V,m,41d,002-converte
6.04,91.49,81,2.7,1,2024-03-11,NEG-008,hTDP43,WT-A90V-G287S-G294A-A315T-M337V,m,41d,002-converte
201.12,97.26,82,2.733,1,2024-03-11,NEG-008,hTDP43,WT-A90V-G287S-G294A-A315T-M337V,m,41d,002-converte
155.16,81.13,82,2.733,1,2024-03-11,NEG-008,hTDP43,WT-A90V-G287S-G294A-A315T-M337V,m,41d,002-converte
48.92,99.19,82,2.733,1,2024-03-11,NEG-008,hTDP43,WT-A90V-G287S-G294A-A315T-M337V,m,41d,002-converte
6.93,60.04,82,2.733,1,2024-03-11,NEG-008,hTDP43,WT-A90V-G287S-G294A-A315T-M337V,m,41d,002-converte
6.13,36.13,82,2.733,1,2024-03-11,NEG-008,hTDP43,WT-A90V-G287S-G294A-A315T-M337V,m,41d,002-converte
5.83,90.24,82,2.733,1,2024-03-11,NEG-008,hTDP43,WT-A90V-G287S-G294A-A315T-M337V,m,41d,002-converte
202.7,97.75,83,2.767,1,2024-03-11,NEG-008,hTDP43,WT-A90V-G287S-G294A-A315T-M337V,m,41d,002-converte
157.94,81.97,83,2.767,1,2024-03-11,NEG-008,hTDP43,WT-A90V-G287S-G294A-A315T-M337V,m,41d,002-converte
49.84,99.87,83,2.767,1,2024-03-11,NEG-008,hTDP43,WT-A90V-G287S-G294A-A315T-M337V,m,41d,002-converte
6.88,60.06,83,2.767,1,2024-03-11,NEG-008,hTDP43,WT-A90V-G287S-G294A-A315T-M337V,m,41d,002-converte
5.91,88.84,83,2.767,1,2024-03-11,NEG-008,hTDP43,WT-A90V-G287S-G294A-A315T-M337V,m,41d,002-converte
5.9,35.77,83,2.767,1,2024-03-11,NEG-008,hTDP43,WT-A90V-G287S-G294A-A315T-M337V,m,41d,002-converte
203.53,98.1,84,2.8,1,2024-03-11,NEG-008,hTDP43,WT-A90V-G287S-G294A-A315T-M337V,m,41d,002-converte
160.01,82.69,84,2.8,1,2024-03-11,NEG-008,hTDP43,WT-A90V-G287S-G294A-A315T-M337V,m,41d,002-converte
51.1,100.2,84,2.8,1,2024-03-11,NEG-008,hTDP43,WT-A90V-G287S-G294A-A315T-M337V,m,41d,002-converte
6.64,59.4,84,2.8,1,2024-03-11,NEG-008,hTDP43,WT-A90V-G287S-G294A-A315T-M337V,m,41d,002-converte
5.94,87.26,84,2.8,1,2024-03-11,NEG-008,hTDP43,WT-A90V-G287S-G294A-A315T-M337V,m,41d,002-converte
5.61,35.85,84,2.8,1,2024-03-11,NEG-008,hTDP43,WT-A90V-G287S-G294A-A315T-M337V,m,41d,002-converte
205.87,98.83,85,2.833,1,2024-03-11,NEG-008,hTDP43,WT-A90V-G287S-G294A-A315T-M337V,m,41d,002-converte
161.3,83.1,85,2.833,1,2024-03-11,NEG-008,hTDP43,WT-A90V-G287S-G294A-A315T-M337V,m,41d,002-converte
52.23,100.47,85,2.833,1,2024-03-11,NEG-008,hTDP43,WT-A90V-G287S-G294A-A315T-M337V,m,41d,002-converte
6.64,59.44,85,2.833,1,2024-03-11,NEG-008,hTDP43,WT-A90V-G287S-G294A-A315T-M337V,m,41d,002-converte
5.9,85.87,85,2.833,1,2024-03-11,NEG-008,hTDP43,WT-A90V-G287S-G294A-A315T-M337V,m,41d,002-converte
5.53,35.47,85,2.833,1,2024-03-11,NEG-008,hTDP43,WT-A90V-G287S-G294A-A315T-M337V,m,41d,002-converte
206.31,99.09,86,2.867,1,2024-03-11,NEG-008,hTDP43,WT-A90V-G287S-G294A-A315T-M337V,m,41d,002-converte
164.16,84.26,86,2.867,1,2024-03-11,NEG-008,hTDP43,WT-A90V-G287S-G294A-A315T-M337V,m,41d,002-converte
53.85,101.04,86,2.867,1,2024-03-11,NEG-008,hTDP43,WT-A90V-G287S-G294A-A315T-M337V,m,41d,002-converte
7.16,59.44,86,2.867,1,2024-03-11,NEG-008,hTDP43,WT-A90V-G287S-G294A-A315T-M337V,m,41d,002-converte
5.84,84.13,86,2.867,1,2024-03-11,NEG-008,hTDP43,WT-A90V-G287S-G294A-A315T-M337V,m,41d,002-converte
5.44,35.22,86,2.867,1,2024-03-11,NEG-008,hTDP43,WT-A90V-G287S-G294A-A315T-M337V,m,41d,002-converte
207.11,99.3,87,2.9,1,2024-03-11,NEG-008,hTDP43,WT-A90V-G287S-G294A-A315T-M337V,m,41d,002-converte
166.21,85.02,87,2.9,1,2024-03-11,NEG-008,hTDP43,WT-A90V-G287S-G294A-A315T-M337V,m,41d,002-converte
55.37,101.2,87,2.9,1,2024-03-11,NEG-008,hTDP43,WT-A90V-G287S-G294A-A315T-M337V,m,41d,002-converte
41.1,60.36,87,2.9,1,2024-03-11,NEG-008,hTDP43,WT-A90V-G287S-G294A-A315T-M337V,m,41d,002-converte
7.83,58.48,87,2.9,1,2024-03-11,NEG-008,hTDP43,WT-A90V-G287S-G294A-A315T-M337V,m,41d,002-converte
5.63,83.01,87,2.9,1,2024-03-11,NEG-008,hTDP43,WT-A90V-G287S-G294A-A315T-M337V,m,41d,002-converte
5.38,34.71,87,2.9,1,2024-03-11,NEG-008,hTDP43,WT-A90V-G287S-G294A-A315T-M337V,m,41d,002-converte
208.86,99.74,88,2.933,1,2024-03-11,NEG-008,hTDP43,WT-A90V-G287S-G294A-A315T-M337V,m,41d,002-converte
168.73,85.99,88,2.933,1,2024-03-11,NEG-008,hTDP43,WT-A90V-G287S-G294A-A315T-M337V,m,41d,002-converte
84.11,60.71,88,2.933,1,2024-03-11,NEG-008,hTDP43,WT-A90V-G287S-G294A-A315T-M337V,m,41d,002-converte
57.08,101.69,88,2.933,1,2024-03-11,NEG-008,hTDP43,WT-A90V-G287S-G294A-A315T-M337V,m,41d,002-converte
7.51,58.11,88,2.933,1,2024-03-11,NEG-008,hTDP43,WT-A90V-G287S-G294A-A315T-M337V,m,41d,002-converte
5.61,81.67,88,2.933,1,2024-03-11,NEG-008,hTDP43,WT-A90V-G287S-G294A-A315T-M337V,m,41d,002-converte
5.38,34.72,88,2.933,1,2024-03-11,NEG-008,hTDP43,WT-A90V-G287S-G294A-A315T-M337V,m,41d,002-converte
209.98,99.95,89,2.967,1,2024-03-11,NEG-008,hTDP43,WT-A90V-G287S-G294A-A315T-M337V,m,41d,002-converte
170.79,86.75,89,2.967,1,2024-03-11,NEG-008,hTDP43,WT-A90V-G287S-G294A-A315T-M337V,m,41d,002-converte
97.3,61.34,89,2.967,1,2024-03-11,NEG-008,hTDP43,WT-A90V-G287S-G294A-A315T-M337V,m,41d,002-converte
58.91,101.71,89,2.967,1,2024-03-11,NEG-008,hTDP43,WT-A90V-G287S-G294A-A315T-M337V,m,41d,002-converte
7.19,56.45,89,2.967,1,2024-03-11,NEG-008,hTDP43,WT-A90V-G287S-G294A-A315T-M337V,m,41d,002-converte
5.62,34.76,89,2.967,1,2024-03-11,NEG-008,hTDP43,WT-A90V-G287S-G294A-A315T-M337V,m,41d,002-converte
5.48,80.67,89,2.967,1,2024-03-11,NEG-008,hTDP43,WT-A90V-G287S-G294A-A315T-M337V,m,41d,002-converte
210.97,100.22,90,3.0,1,2024-03-11,NEG-008,hTDP43,WT-A90V-G287S-G294A-A315T-M337V,m,41d,002-converte
172.92,87.63,90,3.0,1,2024-03-11,NEG-008,hTDP43,WT-A90V-G287S-G294A-A315T-M337V,m,41d,002-converte
99.4,59.51,90,3.0,1,2024-03-11,NEG-008,hTDP43,WT-A90V-G287S-G294A-A315T-M337V,m,41d,002-converte
60.37,101.99,90,3.0,1,2024-03-11,NEG-008,hTDP43,WT-A90V-G287S-G294A-A315T-M337V,m,41d,002-converte
7.19,55.9,90,3.0,1,2024-03-11,NEG-008,hTDP43,WT-A90V-G287S-G294A-A315T-M337V,m,41d,002-converte
5.81,34.61,90,3.0,1,2024-03-11,NEG-008,hTDP43,WT-A90V-G287S-G294A-A315T-M337V,m,41d,002-converte
5.42,80.34,90,3.0,1,2024-03-11,NEG-008,hTDP43,WT-A90V-G287S-G294A-A315T-M337V,m,41d,002-converte
212.42,100.39,91,3.033,1,2024-03-11,NEG-008,hTDP43,WT-A90V-G287S-G294A-A315T-M337V,m,41d,002-converte
174.31,88.02,91,3.033,1,2024-03-11,NEG-008,hTDP43,WT-A90V-G287S-G294A-A315T-M337V,m,41d,002-converte
99.84,59.88,91,3.033,1,2024-03-11,NEG-008,hTDP43,WT-A90V-G287S-G294A-A315T-M337V,m,41d,002-converte
61.83,102.09,91,3.033,1,2024-03-11,NEG-008,hTDP43,WT-A90V-G287S-G294A-A315T-M337V,m,41d,002-converte
7.17,55.18,91,3.033,1,2024-03-11,NEG-008,hTDP43,WT-A90V-G287S-G294A-A315T-M337V,m,41d,002-converte
5.73,34.96,91,3.033,1,2024-03-11,NEG-008,hTDP43,WT-A90V-G287S-G294A-A315T-M337V,m,41d,002-converte
5.31,79.93,91,3.033,1,2024-03-11,NEG-008,hTDP43,WT-A90V-G287S-G294A-A315T-M337V,m,41d,002-converte
213.83,101.06,92,3.067,1,2024-03-11,NEG-008,hTDP43,WT-A90V-G287S-G294A-A315T-M337V,m,41d,002-converte
176.76,88.89,92,3.067,1,2024-03-11,NEG-008,hTDP43,WT-A90V-G287S-G294A-A315T-M337V,m,41d,002-converte
100.17,59.75,92,3.067,1,2024-03-11,NEG-008,hTDP43,WT-A90V-G287S-G294A-A315T-M337V,m,41d,002-converte
62.59,102.21,92,3.067,1,2024-03-11,NEG-008,hTDP43,WT-A90V-G287S-G294A-A315T-M337V,m,41d,002-converte
7.16,54.47,92,3.067,1,2024-03-11,NEG-008,hTDP43,WT-A90V-G287S-G294A-A315T-M337V,m,41d,002-converte
5.67,35.22,92,3.067,1,2024-03-11,NEG-008,hTDP43,WT-A90V-G287S-G294A-A315T-M337V,m,41d,002-converte
4.79,79.89,92,3.067,1,2024-03-11,NEG-008,hTDP43,WT-A90V-G287S-G294A-A315T-M337V,m,41d,002-converte
214.27,101.35,93,3.1,1,2024-03-11,NEG-008,hTDP43,WT-A90V-G287S-G294A-A315T-M337V,m,41d,002-converte
178.78,89.69,93,3.1,1,2024-03-11,NEG-008,hTDP43,WT-A90V-G287S-G294A-A315T-M337V,m,41d,002-converte
100.25,59.02,93,3.1,1,2024-03-11,NEG-008,hTDP43,WT-A90V-G287S-G294A-A315T-M337V,m,41d,002-converte
63.97,101.95,93,3.1,1,2024-03-11,NEG-008,hTDP43,WT-A90V-G287S-G294A-A315T-M337V,m,41d,002-converte
7.17,53.78,93,3.1,1,2024-03-11,NEG-008,hTDP43,WT-A90V-G287S-G294A-A315T-M337V,m,41d,002-converte
5.71,35.39,93,3.1,1,2024-03-11,NEG-008,hTDP43,WT-A90V-G287S-G294A-A315T-M337V,m,41d,002-converte
4.69,79.95,93,3.1,1,2024-03-11,NEG-008,hTDP43,WT-A90V-G287S-G294A-A315T-M337V,m,41d,002-converte
215.52,101.74,94,3.133,1,2024-03-11,NEG-008,hTDP43,WT-A90V-G287S-G294A-A315T-M337V,m,41d,002-converte
180.3,90.16,94,3.133,1,2024-03-11,NEG-008,hTDP43,WT-A90V-G287S-G294A-A315T-M337V,m,41d,002-converte
100.78,58.95,94,3.133,1,2024-03-11,NEG-008,hTDP43,WT-A90V-G287S-G294A-A315T-M337V,m,41d,002-converte
65.11,101.7,94,3.133,1,2024-03-11,NEG-008,hTDP43,WT-A90V-G287S-G294A-A315T-M337V,m,41d,002-converte
7.19,52.67,94,3.133,1,2024-03-11,NEG-008,hTDP43,WT-A90V-G287S-G294A-A315T-M337V,m,41d,002-converte
5.77,35.57,94,3.133,1,2024-03-11,NEG-008,hTDP43,WT-A90V-G287S-G294A-A315T-M337V,m,41d,002-converte
4.58,80.01,94,3.133,1,2024-03-11,NEG-008,hTDP43,WT-A90V-G287S-G294A-A315T-M337V,m,41d,002-converte
216.84,102.03,95,3.167,1,2024-03-11,NEG-008,hTDP43,WT-A90V-G287S-G294A-A315T-M337V,m,41d,002-converte
182.82,91.09,95,3.167,1,2024-03-11,NEG-008,hTDP43,WT-A90V-G287S-G294A-A315T-M337V,m,41d,002-converte
101.31,59.56,95,3.167,1,2024-03-11,NEG-008,hTDP43,WT-A90V-G287S-G294A-A315T-M337V,m,41d,002-converte
66.01,101.44,95,3.167,1,2024-03-11,NEG-008,hTDP43,WT-A90V-G287S-G294A-A315T-M337V,m,41d,002-converte
7.23,51.04,95,3.167,1,2024-03-11,NEG-008,hTDP43,WT-A90V-G287S-G294A-A315T-M337V,m,41d,002-converte
5.87,35.9,95,3.167,1,2024-03-11,NEG-008,hTDP43,WT-A90V-G287S-G294A-A315T-M337V,m,41d,002-converte
4.58,79.86,95,3.167,1,2024-03-11,NEG-008,hTDP43,WT-A90V-G287S-G294A-A315T-M337V,m,41d,002-converte
217.84,102.14,96,3.2,1,2024-03-11,NEG-008,hTDP43,WT-A90V-G287S-G294A-A315T-M337V,m,41d,002-converte
184.84,91.82,96,3.2,1,2024-03-11,NEG-008,hTDP43,WT-A90V-G287S-G294A-A315T-M337V,m,41d,002-converte
102.1,58.96,96,3.2,1,2024-03-11,NEG-008,hTDP43,WT-A90V-G287S-G294A-A315T-M337V,m,41d,002-converte
66.74,101.18,96,3.2,1,2024-03-11,NEG-008,hTDP43,WT-A90V-G287S-G294A-A315T-M337V,m,41d,002-converte
7.13,48.84,96,3.2,1,2024-03-11,NEG-008,hTDP43,WT-A90V-G287S-G294A-A315T-M337V,m,41d,002-converte
5.87,35.9,96,3.2,1,2024-03-11,NEG-008,hTDP43,WT-A90V-G287S-G294A-A315T-M337V,m,41d,002-converte
4.59,79.74,96,3.2,1,2024-03-11,NEG-008,hTDP43,WT-A90V-G287S-G294A-A315T-M337V,m,41d,002-converte
219.05,102.15,97,3.233,1,2024-03-11,NEG-008,hTDP43,WT-A90V-G287S-G294A-A315T-M337V,m,41d,002-converte
186.17,92.35,97,3.233,1,2024-03-11,NEG-008,hTDP43,WT-A90V-G287S-G294A-A315T-M337V,m,41d,002-converte
103.29,58.3,97,3.233,1,2024-03-11,NEG-008,hTDP43,WT-A90V-G287S-G294A-A315T-M337V,m,41d,002-converte
67.33,101.11,97,3.233,1,2024-03-11,NEG-008,hTDP43,WT-A90V-G287S-G294A-A315T-M337V,m,41d,002-converte
6.97,46.25,97,3.233,1,2024-03-11,NEG-008,hTDP43,WT-A90V-G287S-G294A-A315T-M337V,m,41d,002-converte
5.87,35.9,97,3.233,1,2024-03-11,NEG-008,hTDP43,WT-A90V-G287S-G294A-A315T-M337V,m,41d,002-converte
4.58,79.74,97,3.233,1,2024-03-11,NEG-008,hTDP43,WT-A90V-G287S-G294A-A315T-M337V,m,41d,002-converte
220.17,102.21,98,3.267,1,2024-03-11,NEG-008,hTDP43,WT-A90V-G287S-G294A-A315T-M337V,m,41d,002-converte
188.36,93.06,98,3.267,1,2024-03-11,NEG-008,hTDP43,WT-A90V-G287S-G294A-A315T-M337V,m,41d,002-converte
104.3,58.14,98,3.267,1,2024-03-11,NEG-008,hTDP43,WT-A90V-G287S-G294A-A315T-M337V,m,41d,002-converte
68.32,100.78,98,3.267,1,2024-03-11,NEG-008,hTDP43,WT-A90V-G287S-G294A-A315T-M337V,m,41d,002-converte
6.91,44.28,98,3.267,1,2024-03-11,NEG-008,hTDP43,WT-A90V-G287S-G294A-A315T-M337V,m,41d,002-converte
5.87,35.9,98,3.267,1,2024-03-11,NEG-008,hTDP43,WT-A90V-G287S-G294A-A315T-M337V,m,41d,002-converte
4.74,79.35,98,3.267,1,2024-03-11,NEG-008,hTDP43,WT-A90V-G287S-G294A-A315T-M337V,m,41d,002-converte
221.1,102.55,99,3.3,1,2024-03-11,NEG-008,hTDP43,WT-A90V-G287S-G294A-A315T-M337V,m,41d,002-converte
190.34,93.78,99,3.3,1,2024-03-11,NEG-008,hTDP43,WT-A90V-G287S-G294A-A315T-M337V,m,41d,002-converte
104.48,58.6,99,3.3,1,2024-03-11,NEG-008,hTDP43,WT-A90V-G287S-G294A-A315T-M337V,m,41d,002-converte
69.06,100.35,99,3.3,1,2024-03-11,NEG-008,hTDP43,WT-A90V-G287S-G294A-A315T-M337V,m,41d,002-converte
6.87,42.36,99,3.3,1,2024-03-11,NEG-008,hTDP43,WT-A90V-G287S-G294A-A315T-M337V,m,41d,002-converte
4.79,78.93,99,3.3,1,2024-03-11,NEG-008,hTDP43,WT-A90V-G287S-G294A-A315T-M337V,m,41d,002-converte
222.75,102.52,100,3.333,1,2024-03-11,NEG-008,hTDP43,WT-A90V-G287S-G294A-A315T-M337V,m,41d,002-converte
192.15,94.34,100,3.333,1,2024-03-11,NEG-008,hTDP43,WT-A90V-G287S-G294A-A315T-M337V,m,41d,002-converte
105.53,58.66,100,3.333,1,2024-03-11,NEG-008,hTDP43,WT-A90V-G287S-G294A-A315T-M337V,m,41d,002-converte
69.8,99.88,100,3.333,1,2024-03-11,NEG-008,hTDP43,WT-A90V-G287S-G294A-A315T-M337V,m,41d,002-converte
6.73,41.36,100,3.333,1,2024-03-11,NEG-008,hTDP43,WT-A90V-G287S-G294A-A315T-M337V,m,41d,002-converte
4.88,78.27,100,3.333,1,2024-03-11,NEG-008,hTDP43,WT-A90V-G287S-G294A-A315T-M337V,m,41d,002-converte
224.25,102.38,101,3.367,1,2024-03-11,NEG-008,hTDP43,WT-A90V-G287S-G294A-A315T-M337V,m,41d,002-converte
194.2,95.1,101,3.367,1,2024-03-11,NEG-008,hTDP43,WT-A90V-G287S-G294A-A315T-M337V,m,41d,002-converte
106.62,58.67,101,3.367,1,2024-03-11,NEG-008,hTDP43,WT-A90V-G287S-G294A-A315T-M337V,m,41d,002-converte
70.54,99.72,101,3.367,1,2024-03-11,NEG-008,hTDP43,WT-A90V-G287S-G294A-A315T-M337V,m,41d,002-converte
6.49,40.62,101,3.367,1,2024-03-11,NEG-008,hTDP43,WT-A90V-G287S-G294A-A315T-M337V,m,41d,002-converte
4.94,77.19,101,3.367,1,2024-03-11,NEG-008,hTDP43,WT-A90V-G287S-G294A-A315T-M337V,m,41d,002-converte
225.19,102.49,102,3.4,1,2024-03-11,NEG-008,hTDP43,WT-A90V-G287S-G294A-A315T-M337V,m,41d,002-converte
196.2,95.79,102,3.4,1,2024-03-11,NEG-008,hTDP43,WT-A90V-G287S-G294A-A315T-M337V,m,41d,002-converte
108.45,58.31,102,3.4,1,2024-03-11,NEG-008,hTDP43,WT-A90V-G287S-G294A-A315T-M337V,m,41d,002-converte
71.95,99.13,102,3.4,1,2024-03-11,NEG-008,hTDP43,WT-A90V-G287S-G294A-A315T-M337V,m,41d,002-converte
6.06,37.5,102,3.4,1,2024-03-11,NEG-008,hTDP43,WT-A90V-G287S-G294A-A315T-M337V,m,41d,002-converte
5.09,75.96,102,3.4,1,2024-03-11,NEG-008,hTDP43,WT-A90V-G287S-G294A-A315T-M337V,m,41d,002-converte
227.67,102.01,103,3.433,1,2024-03-11,NEG-008,hTDP43,WT-A90V-G287S-G294A-A315T-M337V,m,41d,002-converte
198.83,96.66,103,3.433,1,2024-03-11,NEG-008,hTDP43,WT-A90V-G287S-G294A-A315T-M337V,m,41d,002-converte
109.48,58.0,103,3.433,1,2024-03-11,NEG-008,hTDP43,WT-A90V-G287S-G294A-A315T-M337V,m,41d,002-converte
73.82,98.38,103,3.433,1,2024-03-11,NEG-008,hTDP43,WT-A90V-G287S-G294A-A315T-M337V,m,41d,002-converte
5.91,38.26,103,3.433,1,2024-03-11,NEG-008,hTDP43,WT-A90V-G287S-G294A-A315T-M337V,m,41d,002-converte
5.05,74.41,103,3.433,1,2024-03-11,NEG-008,hTDP43,WT-A90V-G287S-G294A-A315T-M337V,m,41d,002-converte
229.81,102.02,104,3.467,1,2024-03-11,NEG-008,hTDP43,WT-A90V-G287S-G294A-A315T-M337V,m,41d,002-converte
200.38,97.16,104,3.467,1,2024-03-11,NEG-008,hTDP43,WT-A90V-G287S-G294A-A315T-M337V,m,41d,002-converte
110.39,57.99,104,3.467,1,2024-03-11,NEG-008,hTDP43,WT-A90V-G287S-G294A-A315T-M337V,m,41d,002-converte
75.74,98.17,104,3.467,1,2024-03-11,NEG-008,hTDP43,WT-A90V-G287S-G294A-A315T-M337V,m,41d,002-converte
5.94,38.27,104,3.467,1,2024-03-11,NEG-008,hTDP43,WT-A90V-G287S-G294A-A315T-M337V,m,41d,002-converte
4.89,72.52,104,3.467,1,2024-03-11,NEG-008,hTDP43,WT-A90V-G287S-G294A-A315T-M337V,m,41d,002-converte
231.79,102.11,105,3.5,1,2024-03-11,NEG-008,hTDP43,WT-A90V-G287S-G294A-A315T-M337V,m,41d,002-converte
202.21,97.76,105,3.5,1,2024-03-11,NEG-008,hTDP43,WT-A90V-G287S-G294A-A315T-M337V,m,41d,002-converte
111.49,58.05,105,3.5,1,2024-03-11,NEG-008,hTDP43,WT-A90V-G287S-G294A-A315T-M337V,m,41d,002-converte
77.85,98.09,105,3.5,1,2024-03-11,NEG-008,hTDP43,WT-A90V-G287S-G294A-A315T-M337V,m,41d,002-converte
5.89,38.34,105,3.5,1,2024-03-11,NEG-008,hTDP43,WT-A90V-G287S-G294A-A315T-M337V,m,41d,002-converte
4.9,71.35,105,3.5,1,2024-03-11,NEG-008,hTDP43,WT-A90V-G287S-G294A-A315T-M337V,m,41d,002-converte
233.36,102.11,106,3.533,1,2024-03-11,NEG-008,hTDP43,WT-A90V-G287S-G294A-A315T-M337V,m,41d,002-converte
204.18,98.57,106,3.533,1,2024-03-11,NEG-008,hTDP43,WT-A90V-G287S-G294A-A315T-M337V,m,41d,002-converte
114.62,58.26,106,3.533,1,2024-03-11,NEG-008,hTDP43,WT-A90V-G287S-G294A-A315T-M337V,m,41d,002-converte
79.83,98.08,106,3.533,1,2024-03-11,NEG-008,hTDP43,WT-A90V-G287S-G294A-A315T-M337V,m,41d,002-converte
5.89,38.35,106,3.533,1,2024-03-11,NEG-008,hTDP43,WT-A90V-G287S-G294A-A315T-M337V,m,41d,002-converte
4.94,69.54,106,3.533,1,2024-03-11,NEG-008,hTDP43,WT-A90V-G287S-G294A-A315T-M337V,m,41d,002-converte
235.64,102.14,107,3.567,1,2024-03-11,NEG-008,hTDP43,WT-A90V-G287S-G294A-A315T-M337V,m,41d,002-converte
206.05,99.03,107,3.567,1,2024-03-11,NEG-008,hTDP43,WT-A90V-G287S-G294A-A315T-M337V,m,41d,002-converte
114.37,58.06,107,3.567,1,2024-03-11,NEG-008,hTDP43,WT-A90V-G287S-G294A-A315T-M337V,m,41d,002-converte
81.93,98.09,107,3.567,1,2024-03-11,NEG-008,hTDP43,WT-A90V-G287S-G294A-A315T-M337V,m,41d,002-converte
6.0,39.04,107,3.567,1,2024-03-11,NEG-008,hTDP43,WT-A90V-G287S-G294A-A315T-M337V,m,41d,002-converte
5.09,68.46,107,3.567,1,2024-03-11,NEG-008,hTDP43,WT-A90V-G287S-G294A-A315T-M337V,m,41d,002-converte
239.69,102.08,108,3.6,1,2024-03-11,NEG-008,hTDP43,WT-A90V-G287S-G294A-A315T-M337V,m,41d,002-converte
207.45,99.29,108,3.6,1,2024-03-11,NEG-008,hTDP43,WT-A90V-G287S-G294A-A315T-M337V,m,41d,002-converte
115.35,57.9,108,3.6,1,2024-03-11,NEG-008,hTDP43,WT-A90V-G287S-G294A-A315T-M337V,m,41d,002-converte
83.76,97.97,108,3.6,1,2024-03-11,NEG-008,hTDP43,WT-A90V-G287S-G294A-A315T-M337V,m,41d,002-converte
6.0,39.04,108,3.6,1,2024-03-11,NEG-008,hTDP43,WT-A90V-G287S-G294A-A315T-M337V,m,41d,002-converte
5.01,67.25,108,3.6,1,2024-03-11,NEG-008,hTDP43,WT-A90V-G287S-G294A-A315T-M337V,m,41d,002-converte
241.82,102.09,109,3.633,1,2024-03-11,NEG-008,hTDP43,WT-A90V-G287S-G294A-A315T-M337V,m,41d,002-converte
209.81,99.84,109,3.633,1,2024-03-11,NEG-008,hTDP43,WT-A90V-G287S-G294A-A315T-M337V,m,41d,002-converte
116.43,57.9,109,3.633,1,2024-03-11,NEG-008,hTDP43,WT-A90V-G287S-G294A-A315T-M337V,m,41d,002-converte
84.45,97.99,109,3.633,1,2024-03-11,NEG-008,hTDP43,WT-A90V-G287S-G294A-A315T-M337V,m,41d,002-converte
6.0,39.04,109,3.633,1,2024-03-11,NEG-008,hTDP43,WT-A90V-G287S-G294A-A315T-M337V,m,41d,002-converte
4.79,66.1,109,3.633,1,2024-03-11,NEG-008,hTDP43,WT-A90V-G287S-G294A-A315T-M337V,m,41d,002-converte
243.96,102.13,110,3.667,1,2024-03-11,NEG-008,hTDP43,WT-A90V-G287S-G294A-A315T-M337V,m,41d,002-converte
210.97,100.33,110,3.667,1,2024-03-11,NEG-008,hTDP43,WT-A90V-G287S-G294A-A315T-M337V,m,41d,002-converte
117.36,58.13,110,3.667,1,2024-03-11,NEG-008,hTDP43,WT-A90V-G287S-G294A-A315T-M337V,m,41d,002-converte
86.46,97.73,110,3.667,1,2024-03-11,NEG-008,hTDP43,WT-A90V-G287S-G294A-A315T-M337V,m,41d,002-converte
6.0,39.04,110,3.667,1,2024-03-11,NEG-008,hTDP43,WT-A90V-G287S-G294A-A315T-M337V,m,41d,002-converte
4.51,65.47,110,3.667,1,2024-03-11,NEG-008,hTDP43,WT-A90V-G287S-G294A-A315T-M337V,m,41d,002-converte
245.77,102.28,111,3.7,1,2024-03-11,NEG-008,hTDP43,WT-A90V-G287S-G294A-A315T-M337V,m,41d,002-converte
212.03,100.77,111,3.7,1,2024-03-11,NEG-008,hTDP43,WT-A90V-G287S-G294A-A315T-M337V,m,41d,002-converte
118.4,58.19,111,3.7,1,2024-03-11,NEG-008,hTDP43,WT-A90V-G287S-G294A-A315T-M337V,m,41d,002-converte
90.74,97.42,111,3.7,1,2024-03-11,NEG-008,hTDP43,WT-A90V-G287S-G294A-A315T-M337V,m,41d,002-converte
5.48,37.6,111,3.7,1,2024-03-11,NEG-008,hTDP43,WT-A90V-G287S-G294A-A315T-M337V,m,41d,002-converte
4.35,63.65,111,3.7,1,2024-03-11,NEG-008,hTDP43,WT-A90V-G287S-G294A-A315T-M337V,m,41d,002-converte
248.65,102.27,112,3.733,1,2024-03-11,NEG-008,hTDP43,WT-A90V-G287S-G294A-A315T-M337V,m,41d,002-converte
213.38,101.1,112,3.733,1,2024-03-11,NEG-008,hTDP43,WT-A90V-G287S-G294A-A315T-M337V,m,41d,002-converte
119.38,58.04,112,3.733,1,2024-03-11,NEG-008,hTDP43,WT-A90V-G287S-G294A-A315T-M337V,m,41d,002-converte
92.85,97.29,112,3.733,1,2024-03-11,NEG-008,hTDP43,WT-A90V-G287S-G294A-A315T-M337V,m,41d,002-converte
6.84,40.75,112,3.733,1,2024-03-11,NEG-008,hTDP43,WT-A90V-G287S-G294A-A315T-M337V,m,41d,002-converte
4.19,61.29,112,3.733,1,2024-03-11,NEG-008,hTDP43,WT-A90V-G287S-G294A-A315T-M337V,m,41d,002-converte
250.76,102.29,113,3.767,1,2024-03-11,NEG-008,hTDP43,WT-A90V-G287S-G294A-A315T-M337V,m,41d,002-converte
214.28,101.48,113,3.767,1,2024-03-11,NEG-008,hTDP43,WT-A90V-G287S-G294A-A315T-M337V,m,41d,002-converte
119.52,58.02,113,3.767,1,2024-03-11,NEG-008,hTDP43,WT-A90V-G287S-G294A-A315T-M337V,m,41d,002-converte
95.6,97.11,113,3.767,1,2024-03-11,NEG-008,hTDP43,WT-A90V-G287S-G294A-A315T-M337V,m,41d,002-converte
6.98,41.07,113,3.767,1,2024-03-11,NEG-008,hTDP43,WT-A90V-G287S-G294A-A315T-M337V,m,41d,002-converte
4.2,61.92,113,3.767,1,2024-03-11,NEG-008,hTDP43,WT-A90V-G287S-G294A-A315T-M337V,m,41d,002-converte
253.05,102.17,114,3.8,1,2024-03-11,NEG-008,hTDP43,WT-A90V-G287S-G294A-A315T-M337V,m,41d,002-converte
215.72,101.94,114,3.8,1,2024-03-11,NEG-008,hTDP43,WT-A90V-G287S-G294A-A315T-M337V,m,41d,002-converte
120.42,57.91,114,3.8,1,2024-03-11,NEG-008,hTDP43,WT-A90V-G287S-G294A-A315T-M337V,m,41d,002-converte
97.86,97.13,114,3.8,1,2024-03-11,NEG-008,hTDP43,WT-A90V-G287S-G294A-A315T-M337V,m,41d,002-converte
7.28,41.59,114,3.8,1,2024-03-11,NEG-008,hTDP43,WT-A90V-G287S-G294A-A315T-M337V,m,41d,002-converte
4.26,60.4,114,3.8,1,2024-03-11,NEG-008,hTDP43,WT-A90V-G287S-G294A-A315T-M337V,m,41d,002-converte
255.84,102.31,115,3.833,1,2024-03-11,NEG-008,hTDP43,WT-A90V-G287S-G294A-A315T-M337V,m,41d,002-converte
216.63,101.92,115,3.833,1,2024-03-11,NEG-008,hTDP43,WT-A90V-G287S-G294A-A315T-M337V,m,41d,002-converte
121.81,57.93,115,3.833,1,2024-03-11,NEG-008,hTDP43,WT-A90V-G287S-G294A-A315T-M337V,m,41d,002-converte
100.66,97.1,115,3.833,1,2024-03-11,NEG-008,hTDP43,WT-A90V-G287S-G294A-A315T-M337V,m,41d,002-converte
7.58,41.98,115,3.833,1,2024-03-11,NEG-008,hTDP43,WT-A90V-G287S-G294A-A315T-M337V,m,41d,002-converte
4.25,59.83,115,3.833,1,2024-03-11,NEG-008,hTDP43,WT-A90V-G287S-G294A-A315T-M337V,m,41d,002-converte
257.39,102.55,116,3.867,1,2024-03-11,NEG-008,hTDP43,WT-A90V-G287S-G294A-A315T-M337V,m,41d,002-converte
217.94,101.93,116,3.867,1,2024-03-11,NEG-008,hTDP43,WT-A90V-G287S-G294A-A315T-M337V,m,41d,002-converte
125.19,58.4,116,3.867,1,2024-03-11,NEG-008,hTDP43,WT-A90V-G287S-G294A-A315T-M337V,m,41d,002-converte
102.78,96.94,116,3.867,1,2024-03-11,NEG-008,hTDP43,WT-A90V-G287S-G294A-A315T-M337V,m,41d,002-converte
7.58,41.98,116,3.867,1,2024-03-11,NEG-008,hTDP43,WT-A90V-G287S-G294A-A315T-M337V,m,41d,002-converte
4.42,57.78,116,3.867,1,2024-03-11,NEG-008,hTDP43,WT-A90V-G287S-G294A-A315T-M337V,m,41d,002-converte
261.76,102.06,117,3.9,1,2024-03-11,NEG-008,hTDP43,WT-A90V-G287S-G294A-A315T-M337V,m,41d,002-converte
219.17,101.93,117,3.9,1,2024-03-11,NEG-008,hTDP43,WT-A90V-G287S-G294A-A315T-M337V,m,41d,002-converte
152.13,80.81,117,3.9,1,2024-03-11,NEG-008,hTDP43,WT-A90V-G287S-G294A-A315T-M337V,m,41d,002-converte
104.75,96.94,117,3.9,1,2024-03-11,NEG-008,hTDP43,WT-A90V-G287S-G294A-A315T-M337V,m,41d,002-converte
7.58,41.98,117,3.9,1,2024-03-11,NEG-008,hTDP43,WT-A90V-G287S-G294A-A315T-M337V,m,41d,002-converte
4.83,54.29,117,3.9,1,2024-03-11,NEG-008,hTDP43,WT-A90V-G287S-G294A-A315T-M337V,m,41d,002-converte
263.91,102.03,118,3.933,1,2024-03-11,NEG-008,hTDP43,WT-A90V-G287S-G294A-A315T-M337V,m,41d,002-converte
220.02,101.83,118,3.933,1,2024-03-11,NEG-008,hTDP43,WT-A90V-G287S-G294A-A315T-M337V,m,41d,002-converte
165.1,87.39,118,3.933,1,2024-03-11,NEG-008,hTDP43,WT-A90V-G287S-G294A-A315T-M337V,m,41d,002-converte
104.55,96.96,118,3.933,1,2024-03-11,NEG-008,hTDP43,WT-A90V-G287S-G294A-A315T-M337V,m,41d,002-converte
7.72,41.73,118,3.933,1,2024-03-11,NEG-008,hTDP43,WT-A90V-G287S-G294A-A315T-M337V,m,41d,002-converte
4.99,52.43,118,3.933,1,2024-03-11,NEG-008,hTDP43,WT-A90V-G287S-G294A-A315T-M337V,m,41d,002-converte
265.89,102.01,119,3.967,1,2024-03-11,NEG-008,hTDP43,WT-A90V-G287S-G294A-A315T-M337V,m,41d,002-converte
221.24,101.78,119,3.967,1,2024-03-11,NEG-008,hTDP43,WT-A90V-G287S-G294A-A315T-M337V,m,41d,002-converte
166.4,87.88,119,3.967,1,2024-03-11,NEG-008,hTDP43,WT-A90V-G287S-G294A-A315T-M337V,m,41d,002-converte
107.36,96.79,119,3.967,1,2024-03-11,NEG-008,hTDP43,WT-A90V-G287S-G294A-A315T-M337V,m,41d,002-converte
7.9,41.66,119,3.967,1,2024-03-11,NEG-008,hTDP43,WT-A90V-G287S-G294A-A315T-M337V,m,41d,002-converte
5.01,51.2,119,3.967,1,2024-03-11,NEG-008,hTDP43,WT-A90V-G287S-G294A-A315T-M337V,m,41d,002-converte
268.08,102.08,120,4.0,1,2024-03-11,NEG-008,hTDP43,WT-A90V-G287S-G294A-A315T-M337V,m,41d,002-converte
221.92,100.89,120,4.0,1,2024-03-11,NEG-008,hTDP43,WT-A90V-G287S-G294A-A315T-M337V,m,41d,002-converte
166.23,87.96,120,4.0,1,2024-03-11,NEG-008,hTDP43,WT-A90V-G287S-G294A-A315T-M337V,m,41d,002-converte
109.48,96.65,120,4.0,1,2024-03-11,NEG-008,hTDP43,WT-A90V-G287S-G294A-A315T-M337V,m,41d,002-converte
8.01,41.24,120,4.0,1,2024-03-11,NEG-008,hTDP43,WT-A90V-G287S-G294A-A315T-M337V,m,41d,002-converte
5.05,49.32,120,4.0,1,2024-03-11,NEG-008,hTDP43,WT-A90V-G287S-G294A-A315T-M337V,m,41d,002-converte
270.89,101.98,121,4.033,1,2024-03-11,NEG-008,hTDP43,WT-A90V-G287S-G294A-A315T-M337V,m,41d,002-converte
223.07,100.75,121,4.033,1,2024-03-11,NEG-008,hTDP43,WT-A90V-G287S-G294A-A315T-M337V,m,41d,002-converte
167.26,88.07,121,4.033,1,2024-03-11,NEG-008,hTDP43,WT-A90V-G287S-G294A-A315T-M337V,m,41d,002-converte
113.62,96.79,121,4.033,1,2024-03-11,NEG-008,hTDP43,WT-A90V-G287S-G294A-A315T-M337V,m,41d,002-converte
5.28,37.03,121,4.033,1,2024-03-11,NEG-008,hTDP43,WT-A90V-G287S-G294A-A315T-M337V,m,41d,002-converte
4.96,48.21,121,4.033,1,2024-03-11,NEG-008,hTDP43,WT-A90V-G287S-G294A-A315T-M337V,m,41d,002-converte
272.42,102.0,122,4.067,1,2024-03-11,NEG-008,hTDP43,WT-A90V-G287S-G294A-A315T-M337V,m,41d,002-converte
224.07,100.33,122,4.067,1,2024-03-11,NEG-008,hTDP43,WT-A90V-G287S-G294A-A315T-M337V,m,41d,002-converte
168.17,88.04,122,4.067,1,2024-03-11,NEG-008,hTDP43,WT-A90V-G287S-G294A-A315T-M337V,m,41d,002-converte
114.39,96.18,122,4.067,1,2024-03-11,NEG-008,hTDP43,WT-A90V-G287S-G294A-A315T-M337V,m,41d,002-converte
5.31,37.12,122,4.067,1,2024-03-11,NEG-008,hTDP43,WT-A90V-G287S-G294A-A315T-M337V,m,41d,002-converte
4.61,46.71,122,4.067,1,2024-03-11,NEG-008,hTDP43,WT-A90V-G287S-G294A-A315T-M337V,m,41d,002-converte
276.7,101.1,123,4.1,1,2024-03-11,NEG-008,hTDP43,WT-A90V-G287S-G294A-A315T-M337V,m,41d,002-converte
225.05,99.5,123,4.1,1,2024-03-11,NEG-008,hTDP43,WT-A90V-G287S-G294A-A315T-M337V,m,41d,002-converte
168.47,88.08,123,4.1,1,2024-03-11,NEG-008,hTDP43,WT-A90V-G287S-G294A-A315T-M337V,m,41d,002-converte
116.46,96.07,123,4.1,1,2024-03-11,NEG-008,hTDP43,WT-A90V-G287S-G294A-A315T-M337V,m,41d,002-converte
5.28,42.12,123,4.1,1,2024-03-11,NEG-008,hTDP43,WT-A90V-G287S-G294A-A315T-M337V,m,41d,002-converte
278.06,101.03,124,4.133,1,2024-03-11,NEG-008,hTDP43,WT-A90V-G287S-G294A-A315T-M337V,m,41d,002-converte
225.93,98.78,124,4.133,1,2024-03-11,NEG-008,hTDP43,WT-A90V-G287S-G294A-A315T-M337V,m,41d,002-converte
170.16,87.83,124,4.133,1,2024-03-11,NEG-008,hTDP43,WT-A90V-G287S-G294A-A315T-M337V,m,41d,002-converte
118.5,96.18,124,4.133,1,2024-03-11,NEG-008,hTDP43,WT-A90V-G287S-G294A-A315T-M337V,m,41d,002-converte
6.95,38.36,124,4.133,1,2024-03-11,NEG-008,hTDP43,WT-A90V-G287S-G294A-A315T-M337V,m,41d,002-converte
280.06,100.07,125,4.167,1,2024-03-11,NEG-008,hTDP43,WT-A90V-G287S-G294A-A315T-M337V,m,41d,002-converte
226.56,97.83,125,4.167,1,2024-03-11,NEG-008,hTDP43,WT-A90V-G287S-G294A-A315T-M337V,m,41d,002-converte
170.45,87.91,125,4.167,1,2024-03-11,NEG-008,hTDP43,WT-A90V-G287S-G294A-A315T-M337V,m,41d,002-converte
121.41,95.97,125,4.167,1,2024-03-11,NEG-008,hTDP43,WT-A90V-G287S-G294A-A315T-M337V,m,41d,002-converte
24.53,47.78,125,4.167,1,2024-03-11,NEG-008,hTDP43,WT-A90V-G287S-G294A-A315T-M337V,m,41d,002-converte
6.03,38.29,125,4.167,1,2024-03-11,NEG-008,hTDP43,WT-A90V-G287S-G294A-A315T-M337V,m,41d,002-converte
282.79,99.23,126,4.2,1,2024-03-11,NEG-008,hTDP43,WT-A90V-G287S-G294A-A315T-M337V,m,41d,002-converte
227.46,96.93,126,4.2,1,2024-03-11,NEG-008,hTDP43,WT-A90V-G287S-G294A-A315T-M337V,m,41d,002-converte
171.41,87.83,126,4.2,1,2024-03-11,NEG-008,hTDP43,WT-A90V-G287S-G294A-A315T-M337V,m,41d,002-converte
124.95,95.95,126,4.2,1,2024-03-11,NEG-008,hTDP43,WT-A90V-G287S-G294A-A315T-M337V,m,41d,002-converte
30.93,76.05,126,4.2,1,2024-03-11,NEG-008,hTDP43,WT-A90V-G287S-G294A-A315T-M337V,m,41d,002-converte
5.88,38.18,126,4.2,1,2024-03-11,NEG-008,hTDP43,WT-A90V-G287S-G294A-A315T-M337V,m,41d,002-converte
284.88,99.0,127,4.233,1,2024-03-11,NEG-008,hTDP43,WT-A90V-G287S-G294A-A315T-M337V,m,41d,002-converte
228.56,95.84,127,4.233,1,2024-03-11,NEG-008,hTDP43,WT-A90V-G287S-G294A-A315T-M337V,m,41d,002-converte
172.52,87.83,127,4.233,1,2024-03-11,NEG-008,hTDP43,WT-A90V-G287S-G294A-A315T-M337V,m,41d,002-converte
127.71,95.96,127,4.233,1,2024-03-11,NEG-008,hTDP43,WT-A90V-G287S-G294A-A315T-M337V,m,41d,002-converte
25.31,92.03,127,4.233,1,2024-03-11,NEG-008,hTDP43,WT-A90V-G287S-G294A-A315T-M337V,m,41d,002-converte
5.88,38.12,127,4.233,1,2024-03-11,NEG-008,hTDP43,WT-A90V-G287S-G294A-A315T-M337V,m,41d,002-converte
287.02,98.01,128,4.267,1,2024-03-11,NEG-008,hTDP43,WT-A90V-G287S-G294A-A315T-M337V,m,41d,002-converte
229.42,94.77,128,4.267,1,2024-03-11,NEG-008,hTDP43,WT-A90V-G287S-G294A-A315T-M337V,m,41d,002-converte
174.21,87.92,128,4.267,1,2024-03-11,NEG-008,hTDP43,WT-A90V-G287S-G294A-A315T-M337V,m,41d,002-converte
128.31,95.97,128,4.267,1,2024-03-11,NEG-008,hTDP43,WT-A90V-G287S-G294A-A315T-M337V,m,41d,002-converte
25.24,91.37,128,4.267,1,2024-03-11,NEG-008,hTDP43,WT-A90V-G287S-G294A-A315T-M337V,m,41d,002-converte
5.83,38.17,128,4.267,1,2024-03-11,NEG-008,hTDP43,WT-A90V-G287S-G294A-A315T-M337V,m,41d,002-converte
289.8,97.05,129,4.3,1,2024-03-11,NEG-008,hTDP43,WT-A90V-G287S-G294A-A315T-M337V,m,41d,002-converte
230.4,93.62,129,4.3,1,2024-03-11,NEG-008,hTDP43,WT-A90V-G287S-G294A-A315T-M337V,m,41d,002-converte
175.35,87.95,129,4.3,1,2024-03-11,NEG-008,hTDP43,WT-A90V-G287S-G294A-A315T-M337V,m,41d,002-converte
130.38,95.97,129,4.3,1,2024-03-11,NEG-008,hTDP43,WT-A90V-G287S-G294A-A315T-M337V,m,41d,002-converte
25.33,91.25,129,4.3,1,2024-03-11,NEG-008,hTDP43,WT-A90V-G287S-G294A-A315T-M337V,m,41d,002-converte
5.83,38.17,129,4.3,1,2024-03-11,NEG-008,hTDP43,WT-A90V-G287S-G294A-A315T-M337V,m,41d,002-converte
292.01,96.14,130,4.333,1,2024-03-11,NEG-008,hTDP43,WT-A90V-G287S-G294A-A315T-M337V,m,41d,002-converte
231.38,92.6,130,4.333,1,2024-03-11,NEG-008,hTDP43,WT-A90V-G287S-G294A-A315T-M337V,m,41d,002-converte
176.43,87.82,130,4.333,1,2024-03-11,NEG-008,hTDP43,WT-A90V-G287S-G294A-A315T-M337V,m,41d,002-converte
132.31,96.01,130,4.333,1,2024-03-11,NEG-008,hTDP43,WT-A90V-G287S-G294A-A315T-M337V,m,41d,002-converte
25.4,91.22,130,4.333,1,2024-03-11,NEG-008,hTDP43,WT-A90V-G287S-G294A-A315T-M337V,m,41d,002-converte
5.79,38.22,130,4.333,1,2024-03-11,NEG-008,hTDP43,WT-A90V-G287S-G294A-A315T-M337V,m,41d,002-converte
292.4,95.77,131,4.367,1,2024-03-11,NEG-008,hTDP43,WT-A90V-G287S-G294A-A315T-M337V,m,41d,002-converte
232.75,90.26,131,4.367,1,2024-03-11,NEG-008,hTDP43,WT-A90V-G287S-G294A-A315T-M337V,m,41d,002-converte
178.37,87.86,131,4.367,1,2024-03-11,NEG-008,hTDP43,WT-A90V-G287S-G294A-A315T-M337V,m,41d,002-converte
134.45,95.97,131,4.367,1,2024-03-11,NEG-008,hTDP43,WT-A90V-G287S-G294A-A315T-M337V,m,41d,002-converte
25.64,91.14,131,4.367,1,2024-03-11,NEG-008,hTDP43,WT-A90V-G287S-G294A-A315T-M337V,m,41d,002-converte
5.79,38.22,131,4.367,1,2024-03-11,NEG-008,hTDP43,WT-A90V-G287S-G294A-A315T-M337V,m,41d,002-converte
294.28,94.95,132,4.4,1,2024-03-11,NEG-008,hTDP43,WT-A90V-G287S-G294A-A315T-M337V,m,41d,002-converte
233.19,89.68,132,4.4,1,2024-03-11,NEG-008,hTDP43,WT-A90V-G287S-G294A-A315T-M337V,m,41d,002-converte
180.25,88.01,132,4.4,1,2024-03-11,NEG-008,hTDP43,WT-A90V-G287S-G294A-A315T-M337V,m,41d,002-converte
136.52,96.06,132,4.4,1,2024-03-11,NEG-008,hTDP43,WT-A90V-G287S-G294A-A315T-M337V,m,41d,002-converte
27.35,91.02,132,4.4,1,2024-03-11,NEG-008,hTDP43,WT-A90V-G287S-G294A-A315T-M337V,m,41d,002-converte
5.79,38.25,132,4.4,1,2024-03-11,NEG-008,hTDP43,WT-A90V-G287S-G294A-A315T-M337V,m,41d,002-converte
294.59,94.66,133,4.433,1,2024-03-11,NEG-008,hTDP43,WT-A90V-G287S-G294A-A315T-M337V,m,41d,002-converte
234.2,87.99,133,4.433,1,2024-03-11,NEG-008,hTDP43,WT-A90V-G287S-G294A-A315T-M337V,m,41d,002-converte
181.33,88.12,133,4.433,1,2024-03-11,NEG-008,hTDP43,WT-A90V-G287S-G294A-A315T-M337V,m,41d,002-converte
138.44,96.04,133,4.433,1,2024-03-11,NEG-008,hTDP43,WT-A90V-G287S-G294A-A315T-M337V,m,41d,002-converte
30.21,91.05,133,4.433,1,2024-03-11,NEG-008,hTDP43,WT-A90V-G287S-G294A-A315T-M337V,m,41d,002-converte
5.8,38.28,133,4.433,1,2024-03-11,NEG-008,hTDP43,WT-A90V-G287S-G294A-A315T-M337V,m,41d,002-converte
296.27,93.84,134,4.467,1,2024-03-11,NEG-008,hTDP43,WT-A90V-G287S-G294A-A315T-M337V,m,41d,002-converte
235.34,86.21,134,4.467,1,2024-03-11,NEG-008,hTDP43,WT-A90V-G287S-G294A-A315T-M337V,m,41d,002-converte
182.5,88.09,134,4.467,1,2024-03-11,NEG-008,hTDP43,WT-A90V-G287S-G294A-A315T-M337V,m,41d,002-converte
140.54,96.0,134,4.467,1,2024-03-11,NEG-008,hTDP43,WT-A90V-G287S-G294A-A315T-M337V,m,41d,002-converte
33.86,91.12,134,4.467,1,2024-03-11,NEG-008,hTDP43,WT-A90V-G287S-G294A-A315T-M337V,m,41d,002-converte
5.8,38.31,134,4.467,1,2024-03-11,NEG-008,hTDP43,WT-A90V-G287S-G294A-A315T-M337V,m,41d,002-converte
297.26,93.24,135,4.5,1,2024-03-11,NEG-008,hTDP43,WT-A90V-G287S-G294A-A315T-M337V,m,41d,002-converte
236.93,84.35,135,4.5,1,2024-03-11,NEG-008,hTDP43,WT-A90V-G287S-G294A-A315T-M337V,m,41d,002-converte
184.39,88.31,135,4.5,1,2024-03-11,NEG-008,hTDP43,WT-A90V-G287S-G294A-A315T-M337V,m,41d,002-converte
142.48,96.04,135,4.5,1,2024-03-11,NEG-008,hTDP43,WT-A90V-G287S-G294A-A315T-M337V,m,41d,002-converte
37.01,90.22,135,4.5,1,2024-03-11,NEG-008,hTDP43,WT-A90V-G287S-G294A-A315T-M337V,m,41d,002-converte
5.8,38.34,135,4.5,1,2024-03-11,NEG-008,hTDP43,WT-A90V-G287S-G294A-A315T-M337V,m,41d,002-converte
297.47,93.08,136,4.533,1,2024-03-11,NEG-008,hTDP43,WT-A90V-G287S-G294A-A315T-M337V,m,41d,002-converte
238.08,83.14,136,4.533,1,2024-03-11,NEG-008,hTDP43,WT-A90V-G287S-G294A-A315T-M337V,m,41d,002-converte
186.32,88.83,136,4.533,1,2024-03-11,NEG-008,hTDP43,WT-A90V-G287S-G294A-A315T-M337V,m,41d,002-converte
145.91,96.25,136,4.533,1,2024-03-11,NEG-008,hTDP43,WT-A90V-G287S-G294A-A315T-M337V,m,41d,002-converte
39.75,89.16,136,4.533,1,2024-03-11,NEG-008,hTDP43,WT-A90V-G287S-G294A-A315T-M337V,m,41d,002-converte
5.79,38.34,136,4.533,1,2024-03-11,NEG-008,hTDP43,WT-A90V-G287S-G294A-A315T-M337V,m,41d,002-converte
299.22,91.95,137,4.567,1,2024-03-11,NEG-008,hTDP43,WT-A90V-G287S-G294A-A315T-M337V,m,41d,002-converte
239.09,82.14,137,4.567,1,2024-03-11,NEG-008,hTDP43,WT-A90V-G287S-G294A-A315T-M337V,m,41d,002-converte
187.46,89.03,137,4.567,1,2024-03-11,NEG-008,hTDP43,WT-A90V-G287S-G294A-A315T-M337V,m,41d,002-converte
147.99,96.74,137,4.567,1,2024-03-11,NEG-008,hTDP43,WT-A90V-G287S-G294A-A315T-M337V,m,41d,002-converte
40.52,89.0,137,4.567,1,2024-03-11,NEG-008,hTDP43,WT-A90V-G287S-G294A-A315T-M337V,m,41d,002-converte
5.79,38.35,137,4.567,1,2024-03-11,NEG-008,hTDP43,WT-A90V-G287S-G294A-A315T-M337V,m,41d,002-converte
300.36,91.16,138,4.6,1,2024-03-11,NEG-008,hTDP43,WT-A90V-G287S-G294A-A315T-M337V,m,41d,002-converte
240.25,81.13,138,4.6,1,2024-03-11,NEG-008,hTDP43,WT-A90V-G287S-G294A-A315T-M337V,m,41d,002-converte
189.26,89.05,138,4.6,1,2024-03-11,NEG-008,hTDP43,WT-A90V-G287S-G294A-A315T-M337V,m,41d,002-converte
148.51,96.84,138,4.6,1,2024-03-11,NEG-008,hTDP43,WT-A90V-G287S-G294A-A315T-M337V,m,41d,002-converte
43.31,87.86,138,4.6,1,2024-03-11,NEG-008,hTDP43,WT-A90V-G287S-G294A-A315T-M337V,m,41d,002-converte
5.78,38.36,138,4.6,1,2024-03-11,NEG-008,hTDP43,WT-A90V-G287S-G294A-A315T-M337V,m,41d,002-converte
301.31,89.43,139,4.633,1,2024-03-11,NEG-008,hTDP43,WT-A90V-G287S-G294A-A315T-M337V,m,41d,002-converte
241.88,79.47,139,4.633,1,2024-03-11,NEG-008,hTDP43,WT-A90V-G287S-G294A-A315T-M337V,m,41d,002-converte
190.43,89.17,139,4.633,1,2024-03-11,NEG-008,hTDP43,WT-A90V-G287S-G294A-A315T-M337V,m,41d,002-converte
150.34,97.09,139,4.633,1,2024-03-11,NEG-008,hTDP43,WT-A90V-G287S-G294A-A315T-M337V,m,41d,002-converte
46.21,86.82,139,4.633,1,2024-03-11,NEG-008,hTDP43,WT-A90V-G287S-G294A-A315T-M337V,m,41d,002-converte
5.77,38.36,139,4.633,1,2024-03-11,NEG-008,hTDP43,WT-A90V-G287S-G294A-A315T-M337V,m,41d,002-converte
302.79,87.57,140,4.667,1,2024-03-11,NEG-008,hTDP43,WT-A90V-G287S-G294A-A315T-M337V,m,41d,002-converte
243.09,78.55,140,4.667,1,2024-03-11,NEG-008,hTDP43,WT-A90V-G287S-G294A-A315T-M337V,m,41d,002-converte
191.59,89.78,140,4.667,1,2024-03-11,NEG-008,hTDP43,WT-A90V-G287S-G294A-A315T-M337V,m,41d,002-converte
153.67,97.97,140,4.667,1,2024-03-11,NEG-008,hTDP43,WT-A90V-G287S-G294A-A315T-M337V,m,41d,002-converte
49.21,84.83,140,4.667,1,2024-03-11,NEG-008,hTDP43,WT-A90V-G287S-G294A-A315T-M337V,m,41d,002-converte
5.76,38.38,140,4.667,1,2024-03-11,NEG-008,hTDP43,WT-A90V-G287S-G294A-A315T-M337V,m,41d,002-converte
303.7,86.51,141,4.7,1,2024-03-11,NEG-008,hTDP43,WT-A90V-G287S-G294A-A315T-M337V,m,41d,002-converte
244.24,78.14,141,4.7,1,2024-03-11,NEG-008,hTDP43,WT-A90V-G287S-G294A-A315T-M337V,m,41d,002-converte
193.42,89.86,141,4.7,1,2024-03-11,NEG-008,hTDP43,WT-A90V-G287S-G294A-A315T-M337V,m,41d,002-converte
154.38,98.04,141,4.7,1,2024-03-11,NEG-008,hTDP43,WT-A90V-G287S-G294A-A315T-M337V,m,41d,002-converte
51.46,84.07,141,4.7,1,2024-03-11,NEG-008,hTDP43,WT-A90V-G287S-G294A-A315T-M337V,m,41d,002-converte
5.75,38.4,141,4.7,1,2024-03-11,NEG-008,hTDP43,WT-A90V-G287S-G294A-A315T-M337V,m,41d,002-converte
304.37,86.42,142,4.733,1,2024-03-11,NEG-008,hTDP43,WT-A90V-G287S-G294A-A315T-M337V,m,41d,002-converte
246.15,77.17,142,4.733,1,2024-03-11,NEG-008,hTDP43,WT-A90V-G287S-G294A-A315T-M337V,m,41d,002-converte
195.17,89.87,142,4.733,1,2024-03-11,NEG-008,hTDP43,WT-A90V-G287S-G294A-A315T-M337V,m,41d,002-converte
156.92,98.9,142,4.733,1,2024-03-11,NEG-008,hTDP43,WT-A90V-G287S-G294A-A315T-M337V,m,41d,002-converte
55.84,82.0,142,4.733,1,2024-03-11,NEG-008,hTDP43,WT-A90V-G287S-G294A-A315T-M337V,m,41d,002-converte
5.74,38.42,142,4.733,1,2024-03-11,NEG-008,hTDP43,WT-A90V-G287S-G294A-A315T-M337V,m,41d,002-converte
305.39,86.82,143,4.767,1,2024-03-11,NEG-008,hTDP43,WT-A90V-G287S-G294A-A315T-M337V,m,41d,002-converte
247.4,76.98,143,4.767,1,2024-03-11,NEG-008,hTDP43,WT-A90V-G287S-G294A-A315T-M337V,m,41d,002-converte
196.46,90.04,143,4.767,1,2024-03-11,NEG-008,hTDP43,WT-A90V-G287S-G294A-A315T-M337V,m,41d,002-converte
158.3,99.12,143,4.767,1,2024-03-11,NEG-008,hTDP43,WT-A90V-G287S-G294A-A315T-M337V,m,41d,002-converte
58.9,81.24,143,4.767,1,2024-03-11,NEG-008,hTDP43,WT-A90V-G287S-G294A-A315T-M337V,m,41d,002-converte
5.73,38.43,143,4.767,1,2024-03-11,NEG-008,hTDP43,WT-A90V-G287S-G294A-A315T-M337V,m,41d,002-converte
307.59,86.1,144,4.8,1,2024-03-11,NEG-008,hTDP43,WT-A90V-G287S-G294A-A315T-M337V,m,41d,002-converte
249.42,76.09,144,4.8,1,2024-03-11,NEG-008,hTDP43,WT-A90V-G287S-G294A-A315T-M337V,m,41d,002-converte
198.22,90.21,144,4.8,1,2024-03-11,NEG-008,hTDP43,WT-A90V-G287S-G294A-A315T-M337V,m,41d,002-converte
159.54,99.38,144,4.8,1,2024-03-11,NEG-008,hTDP43,WT-A90V-G287S-G294A-A315T-M337V,m,41d,002-converte
61.24,80.94,144,4.8,1,2024-03-11,NEG-008,hTDP43,WT-A90V-G287S-G294A-A315T-M337V,m,41d,002-converte
5.74,39.68,144,4.8,1,2024-03-11,NEG-008,hTDP43,WT-A90V-G287S-G294A-A315T-M337V,m,41d,002-converte
309.41,85.8,145,4.833,1,2024-03-11,NEG-008,hTDP43,WT-A90V-G287S-G294A-A315T-M337V,m,41d,002-converte
252.13,75.28,145,4.833,1,2024-03-11,NEG-008,hTDP43,WT-A90V-G287S-G294A-A315T-M337V,m,41d,002-converte
199.45,90.19,145,4.833,1,2024-03-11,NEG-008,hTDP43,WT-A90V-G287S-G294A-A315T-M337V,m,41d,002-converte
161.56,100.11,145,4.833,1,2024-03-11,NEG-008,hTDP43,WT-A90V-G287S-G294A-A315T-M337V,m,41d,002-converte
65.02,80.08,145,4.833,1,2024-03-11,NEG-008,hTDP43,WT-A90V-G287S-G294A-A315T-M337V,m,41d,002-converte
5.73,39.68,145,4.833,1,2024-03-11,NEG-008,hTDP43,WT-A90V-G287S-G294A-A315T-M337V,m,41d,002-converte
312.18,85.0,146,4.867,1,2024-03-11,NEG-008,hTDP43,WT-A90V-G287S-G294A-A315T-M337V,m,41d,002-converte
253.32,75.11,146,4.867,1,2024-03-11,NEG-008,hTDP43,WT-A90V-G287S-G294A-A315T-M337V,m,41d,002-converte
201.29,90.33,146,4.867,1,2024-03-11,NEG-008,hTDP43,WT-A90V-G287S-G294A-A315T-M337V,m,41d,002-converte
164.08,100.78,146,4.867,1,2024-03-11,NEG-008,hTDP43,WT-A90V-G287S-G294A-A315T-M337V,m,41d,002-converte
67.41,80.02,146,4.867,1,2024-03-11,NEG-008,hTDP43,WT-A90V-G287S-G294A-A315T-M337V,m,41d,002-converte
5.98,38.53,146,4.867,1,2024-03-11,NEG-008,hTDP43,WT-A90V-G287S-G294A-A315T-M337V,m,41d,002-converte
313.53,84.86,147,4.9,1,2024-03-11,NEG-008,hTDP43,WT-A90V-G287S-G294A-A315T-M337V,m,41d,002-converte
256.11,74.26,147,4.9,1,2024-03-11,NEG-008,hTDP43,WT-A90V-G287S-G294A-A315T-M337V,m,41d,002-converte
203.31,90.92,147,4.9,1,2024-03-11,NEG-008,hTDP43,WT-A90V-G287S-G294A-A315T-M337V,m,41d,002-converte
166.04,100.98,147,4.9,1,2024-03-11,NEG-008,hTDP43,WT-A90V-G287S-G294A-A315T-M337V,m,41d,002-converte
71.29,79.85,147,4.9,1,2024-03-11,NEG-008,hTDP43,WT-A90V-G287S-G294A-A315T-M337V,m,41d,002-converte
6.23,38.54,147,4.9,1,2024-03-11,NEG-008,hTDP43,WT-A90V-G287S-G294A-A315T-M337V,m,41d,002-converte
317.05,83.94,148,4.933,1,2024-03-11,NEG-008,hTDP43,WT-A90V-G287S-G294A-A315T-M337V,m,41d,002-converte
258.14,73.93,148,4.933,1,2024-03-11,NEG-008,hTDP43,WT-A90V-G287S-G294A-A315T-M337V,m,41d,002-converte
205.19,90.92,148,4.933,1,2024-03-11,NEG-008,hTDP43,WT-A90V-G287S-G294A-A315T-M337V,m,41d,002-converte
167.29,101.17,148,4.933,1,2024-03-11,NEG-008,hTDP43,WT-A90V-G287S-G294A-A315T-M337V,m,41d,002-converte
74.31,80.01,148,4.933,1,2024-03-11,NEG-008,hTDP43,WT-A90V-G287S-G294A-A315T-M337V,m,41d,002-converte
6.67,38.5,148,4.933,1,2024-03-11,NEG-008,hTDP43,WT-A90V-G287S-G294A-A315T-M337V,m,41d,002-converte
319.17,83.09,149,4.967,1,2024-03-11,NEG-008,hTDP43,WT-A90V-G287S-G294A-A315T-M337V,m,41d,002-converte
260.77,73.1,149,4.967,1,2024-03-11,NEG-008,hTDP43,WT-A90V-G287S-G294A-A315T-M337V,m,41d,002-converte
206.37,90.92,149,4.967,1,2024-03-11,NEG-008,hTDP43,WT-A90V-G287S-G294A-A315T-M337V,m,41d,002-converte
169.79,101.72,149,4.967,1,2024-03-11,NEG-008,hTDP43,WT-A90V-G287S-G294A-A315T-M337V,m,41d,002-converte
77.3,80.01,149,4.967,1,2024-03-11,NEG-008,hTDP43,WT-A90V-G287S-G294A-A315T-M337V,m,41d,002-converte
6.22,39.04,149,4.967,1,2024-03-11,NEG-008,hTDP43,WT-A90V-G287S-G294A-A315T-M337V,m,41d,002-converte
320.6,82.97,150,5.0,1,2024-03-11,NEG-008,hTDP43,WT-A90V-G287S-G294A-A315T-M337V,m,41d,002-converte
262.29,72.96,150,5.0,1,2024-03-11,NEG-008,hTDP43,WT-A90V-G287S-G294A-A315T-M337V,m,41d,002-converte
208.34,91.17,150,5.0,1,2024-03-11,NEG-008,hTDP43,WT-A90V-G287S-G294A-A315T-M337V,m,41d,002-converte
171.3,101.8,150,5.0,1,2024-03-11,NEG-008,hTDP43,WT-A90V-G287S-G294A-A315T-M337V,m,41d,002-converte
80.4,80.13,150,5.0,1,2024-03-11,NEG-008,hTDP43,WT-A90V-G287S-G294A-A315T-M337V,m,41d,002-converte
5.95,39.71,150,5.0,1,2024-03-11,NEG-008,hTDP43,WT-A90V-G287S-G294A-A315T-M337V,m,41d,002-converte
323.28,81.94,151,5.033,1,2024-03-11,NEG-008,hTDP43,WT-A90V-G287S-G294A-A315T-M337V,m,41d,002-converte
265.07,72.21,151,5.033,1,2024-03-11,NEG-008,hTDP43,WT-A90V-G287S-G294A-A315T-M337V,m,41d,002-converte
210.3,91.7,151,5.033,1,2024-03-11,NEG-008,hTDP43,WT-A90V-G287S-G294A-A315T-M337V,m,41d,002-converte
172.5,101.95,151,5.033,1,2024-03-11,NEG-008,hTDP43,WT-A90V-G287S-G294A-A315T-M337V,m,41d,002-converte
83.37,80.67,151,5.033,1,2024-03-11,NEG-008,hTDP43,WT-A90V-G287S-G294A-A315T-M337V,m,41d,002-converte
5.65,40.88,151,5.033,1,2024-03-11,NEG-008,hTDP43,WT-A90V-G287S-G294A-A315T-M337V,m,41d,002-converte
326.11,81.04,152,5.067,1,2024-03-11,NEG-008,hTDP43,WT-A90V-G287S-G294A-A315T-M337V,m,41d,002-converte
267.14,71.22,152,5.067,1,2024-03-11,NEG-008,hTDP43,WT-A90V-G287S-G294A-A315T-M337V,m,41d,002-converte
211.57,91.83,152,5.067,1,2024-03-11,NEG-008,hTDP43,WT-A90V-G287S-G294A-A315T-M337V,m,41d,002-converte
174.88,102.01,152,5.067,1,2024-03-11,NEG-008,hTDP43,WT-A90V-G287S-G294A-A315T-M337V,m,41d,002-converte
87.11,81.16,152,5.067,1,2024-03-11,NEG-008,hTDP43,WT-A90V-G287S-G294A-A315T-M337V,m,41d,002-converte
5.43,41.83,152,5.067,1,2024-03-11,NEG-008,hTDP43,WT-A90V-G287S-G294A-A315T-M337V,m,41d,002-converte
327.44,80.89,153,5.1,1,2024-03-11,NEG-008,hTDP43,WT-A90V-G287S-G294A-A315T-M337V,m,41d,002-converte
268.34,71.06,153,5.1,1,2024-03-11,NEG-008,hTDP43,WT-A90V-G287S-G294A-A315T-M337V,m,41d,002-converte
213.47,91.82,153,5.1,1,2024-03-11,NEG-008,hTDP43,WT-A90V-G287S-G294A-A315T-M337V,m,41d,002-converte
176.22,101.99,153,5.1,1,2024-03-11,NEG-008,hTDP43,WT-A90V-G287S-G294A-A315T-M337V,m,41d,002-converte
88.6,82.22,153,5.1,1,2024-03-11,NEG-008,hTDP43,WT-A90V-G287S-G294A-A315T-M337V,m,41d,002-converte
5.27,42.84,153,5.1,1,2024-03-11,NEG-008,hTDP43,WT-A90V-G287S-G294A-A315T-M337V,m,41d,002-converte
329.4,79.89,154,5.133,1,2024-03-11,NEG-008,hTDP43,WT-A90V-G287S-G294A-A315T-M337V,m,41d,002-converte
269.61,70.92,154,5.133,1,2024-03-11,NEG-008,hTDP43,WT-A90V-G287S-G294A-A315T-M337V,m,41d,002-converte
215.45,92.06,154,5.133,1,2024-03-11,NEG-008,hTDP43,WT-A90V-G287S-G294A-A315T-M337V,m,41d,002-converte
177.22,101.99,154,5.133,1,2024-03-11,NEG-008,hTDP43,WT-A90V-G287S-G294A-A315T-M337V,m,41d,002-converte
91.39,83.27,154,5.133,1,2024-03-11,NEG-008,hTDP43,WT-A90V-G287S-G294A-A315T-M337V,m,41d,002-converte
5.42,43.73,154,5.133,1,2024-03-11,NEG-008,hTDP43,WT-A90V-G287S-G294A-A315T-M337V,m,41d,002-converte
332.18,78.77,155,5.167,1,2024-03-11,NEG-008,hTDP43,WT-A90V-G287S-G294A-A315T-M337V,m,41d,002-converte
272.43,70.08,155,5.167,1,2024-03-11,NEG-008,hTDP43,WT-A90V-G287S-G294A-A315T-M337V,m,41d,002-converte
217.38,92.07,155,5.167,1,2024-03-11,NEG-008,hTDP43,WT-A90V-G287S-G294A-A315T-M337V,m,41d,002-converte
178.72,102.02,155,5.167,1,2024-03-11,NEG-008,hTDP43,WT-A90V-G287S-G294A-A315T-M337V,m,41d,002-converte
94.45,84.15,155,5.167,1,2024-03-11,NEG-008,hTDP43,WT-A90V-G287S-G294A-A315T-M337V,m,41d,002-converte
5.5,44.06,155,5.167,1,2024-03-11,NEG-008,hTDP43,WT-A90V-G287S-G294A-A315T-M337V,m,41d,002-converte
333.64,77.88,156,5.2,1,2024-03-11,NEG-008,hTDP43,WT-A90V-G287S-G294A-A315T-M337V,m,41d,002-converte
274.4,69.99,156,5.2,1,2024-03-11,NEG-008,hTDP43,WT-A90V-G287S-G294A-A315T-M337V,m,41d,002-converte
219.2,92.06,156,5.2,1,2024-03-11,NEG-008,hTDP43,WT-A90V-G287S-G294A-A315T-M337V,m,41d,002-converte
179.88,102.02,156,5.2,1,2024-03-11,NEG-008,hTDP43,WT-A90V-G287S-G294A-A315T-M337V,m,41d,002-converte
98.08,85.06,156,5.2,1,2024-03-11,NEG-008,hTDP43,WT-A90V-G287S-G294A-A315T-M337V,m,41d,002-converte
8.84,36.23,156,5.2,1,2024-03-11,NEG-008,hTDP43,WT-A90V-G287S-G294A-A315T-M337V,m,41d,002-converte
5.53,44.31,156,5.2,1,2024-03-11,NEG-008,hTDP43,WT-A90V-G287S-G294A-A315T-M337V,m,41d,002-converte
337.12,76.27,157,5.233,1,2024-03-11,NEG-008,hTDP43,WT-A90V-G287S-G294A-A315T-M337V,m,41d,002-converte
277.88,69.17,157,5.233,1,2024-03-11,NEG-008,hTDP43,WT-A90V-G287S-G294A-A315T-M337V,m,41d,002-converte
221.21,92.19,157,5.233,1,2024-03-11,NEG-008,hTDP43,WT-A90V-G287S-G294A-A315T-M337V,m,41d,002-converte
181.68,101.98,157,5.233,1,2024-03-11,NEG-008,hTDP43,WT-A90V-G287S-G294A-A315T-M337V,m,41d,002-converte
101.1,85.97,157,5.233,1,2024-03-11,NEG-008,hTDP43,WT-A90V-G287S-G294A-A315T-M337V,m,41d,002-converte
8.95,35.92,157,5.233,1,2024-03-11,NEG-008,hTDP43,WT-A90V-G287S-G294A-A315T-M337V,m,41d,002-converte
5.53,45.12,157,5.233,1,2024-03-11,NEG-008,hTDP43,WT-A90V-G287S-G294A-A315T-M337V,m,41d,002-converte
338.4,75.79,158,5.267,1,2024-03-11,NEG-008,hTDP43,WT-A90V-G287S-G294A-A315T-M337V,m,41d,002-converte
279.28,68.98,158,5.267,1,2024-03-11,NEG-008,hTDP43,WT-A90V-G287S-G294A-A315T-M337V,m,41d,002-converte
222.37,92.67,158,5.267,1,2024-03-11,NEG-008,hTDP43,WT-A90V-G287S-G294A-A315T-M337V,m,41d,002-converte
182.66,101.97,158,5.267,1,2024-03-11,NEG-008,hTDP43,WT-A90V-G287S-G294A-A315T-M337V,m,41d,002-converte
103.34,86.26,158,5.267,1,2024-03-11,NEG-008,hTDP43,WT-A90V-G287S-G294A-A315T-M337V,m,41d,002-converte
9.25,35.79,158,5.267,1,2024-03-11,NEG-008,hTDP43,WT-A90V-G287S-G294A-A315T-M337V,m,41d,002-converte
5.21,46.83,158,5.267,1,2024-03-11,NEG-008,hTDP43,WT-A90V-G287S-G294A-A315T-M337V,m,41d,002-converte
341.81,74.24,159,5.3,1,2024-03-11,NEG-008,hTDP43,WT-A90V-G287S-G294A-A315T-M337V,m,41d,002-converte
281.36,68.75,159,5.3,1,2024-03-11,NEG-008,hTDP43,WT-A90V-G287S-G294A-A315T-M337V,m,41d,002-converte
223.64,92.67,159,5.3,1,2024-03-11,NEG-008,hTDP43,WT-A90V-G287S-G294A-A315T-M337V,m,41d,002-converte
184.79,101.97,159,5.3,1,2024-03-11,NEG-008,hTDP43,WT-A90V-G287S-G294A-A315T-M337V,m,41d,002-converte
107.68,86.92,159,5.3,1,2024-03-11,NEG-008,hTDP43,WT-A90V-G287S-G294A-A315T-M337V,m,41d,002-converte
10.02,35.87,159,5.3,1,2024-03-11,NEG-008,hTDP43,WT-A90V-G287S-G294A-A315T-M337V,m,41d,002-converte
5.16,47.82,159,5.3,1,2024-03-11,NEG-008,hTDP43,WT-A90V-G287S-G294A-A315T-M337V,m,41d,002-converte
342.19,74.02,160,5.333,1,2024-03-11,NEG-008,hTDP43,WT-A90V-G287S-G294A-A315T-M337V,m,41d,002-converte
284.15,68.04,160,5.333,1,2024-03-11,NEG-008,hTDP43,WT-A90V-G287S-G294A-A315T-M337V,m,41d,002-converte
225.56,92.68,160,5.333,1,2024-03-11,NEG-008,hTDP43,WT-A90V-G287S-G294A-A315T-M337V,m,41d,002-converte
186.73,101.96,160,5.333,1,2024-03-11,NEG-008,hTDP43,WT-A90V-G287S-G294A-A315T-M337V,m,41d,002-converte
109.33,87.06,160,5.333,1,2024-03-11,NEG-008,hTDP43,WT-A90V-G287S-G294A-A315T-M337V,m,41d,002-converte
9.5,35.34,160,5.333,1,2024-03-11,NEG-008,hTDP43,WT-A90V-G287S-G294A-A315T-M337V,m,41d,002-converte
5.14,48.84,160,5.333,1,2024-03-11,NEG-008,hTDP43,WT-A90V-G287S-G294A-A315T-M337V,m,41d,002-converte
343.28,73.84,161,5.367,1,2024-03-11,NEG-008,hTDP43,WT-A90V-G287S-G294A-A315T-M337V,m,41d,002-converte
285.48,68.01,161,5.367,1,2024-03-11,NEG-008,hTDP43,WT-A90V-G287S-G294A-A315T-M337V,m,41d,002-converte
227.54,92.88,161,5.367,1,2024-03-11,NEG-008,hTDP43,WT-A90V-G287S-G294A-A315T-M337V,m,41d,002-converte
187.43,101.98,161,5.367,1,2024-03-11,NEG-008,hTDP43,WT-A90V-G287S-G294A-A315T-M337V,m,41d,002-converte
113.92,86.96,161,5.367,1,2024-03-11,NEG-008,hTDP43,WT-A90V-G287S-G294A-A315T-M337V,m,41d,002-converte
11.13,35.25,161,5.367,1,2024-03-11,NEG-008,hTDP43,WT-A90V-G287S-G294A-A315T-M337V,m,41d,002-converte
5.18,49.74,161,5.367,1,2024-03-11,NEG-008,hTDP43,WT-A90V-G287S-G294A-A315T-M337V,m,41d,002-converte
345.28,73.04,162,5.4,1,2024-03-11,NEG-008,hTDP43,WT-A90V-G287S-G294A-A315T-M337V,m,41d,002-converte
287.59,67.69,162,5.4,1,2024-03-11,NEG-008,hTDP43,WT-A90V-G287S-G294A-A315T-M337V,m,41d,002-converte
229.56,92.89,162,5.4,1,2024-03-11,NEG-008,hTDP43,WT-A90V-G287S-G294A-A315T-M337V,m,41d,002-converte
189.54,101.98,162,5.4,1,2024-03-11,NEG-008,hTDP43,WT-A90V-G287S-G294A-A315T-M337V,m,41d,002-converte
114.45,87.06,162,5.4,1,2024-03-11,NEG-008,hTDP43,WT-A90V-G287S-G294A-A315T-M337V,m,41d,002-converte
11.4,35.21,162,5.4,1,2024-03-11,NEG-008,hTDP43,WT-A90V-G287S-G294A-A315T-M337V,m,41d,002-converte
5.16,50.12,162,5.4,1,2024-03-11,NEG-008,hTDP43,WT-A90V-G287S-G294A-A315T-M337V,m,41d,002-converte
347.1,72.18,163,5.433,1,2024-03-11,NEG-008,hTDP43,WT-A90V-G287S-G294A-A315T-M337V,m,41d,002-converte
290.38,67.17,163,5.433,1,2024-03-11,NEG-008,hTDP43,WT-A90V-G287S-G294A-A315T-M337V,m,41d,002-converte
232.89,92.9,163,5.433,1,2024-03-11,NEG-008,hTDP43,WT-A90V-G287S-G294A-A315T-M337V,m,41d,002-converte
192.77,101.86,163,5.433,1,2024-03-11,NEG-008,hTDP43,WT-A90V-G287S-G294A-A315T-M337V,m,41d,002-converte
117.23,87.05,163,5.433,1,2024-03-11,NEG-008,hTDP43,WT-A90V-G287S-G294A-A315T-M337V,m,41d,002-converte
13.87,35.19,163,5.433,1,2024-03-11,NEG-008,hTDP43,WT-A90V-G287S-G294A-A315T-M337V,m,41d,002-converte
5.23,51.07,163,5.433,1,2024-03-11,NEG-008,hTDP43,WT-A90V-G287S-G294A-A315T-M337V,m,41d,002-converte
348.26,71.86,164,5.467,1,2024-03-11,NEG-008,hTDP43,WT-A90V-G287S-G294A-A315T-M337V,m,41d,002-converte
293.18,66.96,164,5.467,1,2024-03-11,NEG-008,hTDP43,WT-A90V-G287S-G294A-A315T-M337V,m,41d,002-converte
234.15,93.05,164,5.467,1,2024-03-11,NEG-008,hTDP43,WT-A90V-G287S-G294A-A315T-M337V,m,41d,002-converte
194.69,101.5,164,5.467,1,2024-03-11,NEG-008,hTDP43,WT-A90V-G287S-G294A-A315T-M337V,m,41d,002-converte
119.4,86.98,164,5.467,1,2024-03-11,NEG-008,hTDP43,WT-A90V-G287S-G294A-A315T-M337V,m,41d,002-converte
15.02,35.19,164,5.467,1,2024-03-11,NEG-008,hTDP43,WT-A90V-G287S-G294A-A315T-M337V,m,41d,002-converte
5.29,52.08,164,5.467,1,2024-03-11,NEG-008,hTDP43,WT-A90V-G287S-G294A-A315T-M337V,m,41d,002-converte
350.27,71.08,165,5.5,1,2024-03-11,NEG-008,hTDP43,WT-A90V-G287S-G294A-A315T-M337V,m,41d,002-converte
294.45,67.02,165,5.5,1,2024-03-11,NEG-008,hTDP43,WT-A90V-G287S-G294A-A315T-M337V,m,41d,002-converte
235.4,93.06,165,5.5,1,2024-03-11,NEG-008,hTDP43,WT-A90V-G287S-G294A-A315T-M337V,m,41d,002-converte
196.9,101.38,165,5.5,1,2024-03-11,NEG-008,hTDP43,WT-A90V-G287S-G294A-A315T-M337V,m,41d,002-converte
122.34,86.88,165,5.5,1,2024-03-11,NEG-008,hTDP43,WT-A90V-G287S-G294A-A315T-M337V,m,41d,002-converte
16.66,35.19,165,5.5,1,2024-03-11,NEG-008,hTDP43,WT-A90V-G287S-G294A-A315T-M337V,m,41d,002-converte
5.37,52.96,165,5.5,1,2024-03-11,NEG-008,hTDP43,WT-A90V-G287S-G294A-A315T-M337V,m,41d,002-converte
351.33,70.34,166,5.533,1,2024-03-11,NEG-008,hTDP43,WT-A90V-G287S-G294A-A315T-M337V,m,41d,002-converte
297.22,67.16,166,5.533,1,2024-03-11,NEG-008,hTDP43,WT-A90V-G287S-G294A-A315T-M337V,m,41d,002-converte
238.08,92.98,166,5.533,1,2024-03-11,NEG-008,hTDP43,WT-A90V-G287S-G294A-A315T-M337V,m,41d,002-converte
198.33,101.23,166,5.533,1,2024-03-11,NEG-008,hTDP43,WT-A90V-G287S-G294A-A315T-M337V,m,41d,002-converte
125.36,86.01,166,5.533,1,2024-03-11,NEG-008,hTDP43,WT-A90V-G287S-G294A-A315T-M337V,m,41d,002-converte
16.62,35.29,166,5.533,1,2024-03-11,NEG-008,hTDP43,WT-A90V-G287S-G294A-A315T-M337V,m,41d,002-converte
5.28,53.52,166,5.533,1,2024-03-11,NEG-008,hTDP43,WT-A90V-G287S-G294A-A315T-M337V,m,41d,002-converte
351.98,69.85,167,5.567,1,2024-03-11,NEG-008,hTDP43,WT-A90V-G287S-G294A-A315T-M337V,m,41d,002-converte
298.44,67.77,167,5.567,1,2024-03-11,NEG-008,hTDP43,WT-A90V-G287S-G294A-A315T-M337V,m,41d,002-converte
240.77,92.98,167,5.567,1,2024-03-11,NEG-008,hTDP43,WT-A90V-G287S-G294A-A315T-M337V,m,41d,002-converte
200.81,100.99,167,5.567,1,2024-03-11,NEG-008,hTDP43,WT-A90V-G287S-G294A-A315T-M337V,m,41d,002-converte
127.42,84.86,167,5.567,1,2024-03-11,NEG-008,hTDP43,WT-A90V-G287S-G294A-A315T-M337V,m,41d,002-converte
19.78,35.32,167,5.567,1,2024-03-11,NEG-008,hTDP43,WT-A90V-G287S-G294A-A315T-M337V,m,41d,002-converte
5.41,55.2,167,5.567,1,2024-03-11,NEG-008,hTDP43,WT-A90V-G287S-G294A-A315T-M337V,m,41d,002-converte
352.5,69.49,168,5.6,1,2024-03-11,NEG-008,hTDP43,WT-A90V-G287S-G294A-A315T-M337V,m,41d,002-converte
300.45,67.96,168,5.6,1,2024-03-11,NEG-008,hTDP43,WT-A90V-G287S-G294A-A315T-M337V,m,41d,002-converte
241.29,93.02,168,5.6,1,2024-03-11,NEG-008,hTDP43,WT-A90V-G287S-G294A-A315T-M337V,m,41d,002-converte
202.05,100.78,168,5.6,1,2024-03-11,NEG-008,hTDP43,WT-A90V-G287S-G294A-A315T-M337V,m,41d,002-converte
130.3,83.2,168,5.6,1,2024-03-11,NEG-008,hTDP43,WT-A90V-G287S-G294A-A315T-M337V,m,41d,002-converte
21.63,35.34,168,5.6,1,2024-03-11,NEG-008,hTDP43,WT-A90V-G287S-G294A-A315T-M337V,m,41d,002-converte
5.43,56.17,168,5.6,1,2024-03-11,NEG-008,hTDP43,WT-A90V-G287S-G294A-A315T-M337V,m,41d,002-converte
356.97,67.97,169,5.633,1,2024-03-11,NEG-008,hTDP43,WT-A90V-G287S-G294A-A315T-M337V,m,41d,002-converte
302.43,68.13,169,5.633,1,2024-03-11,NEG-008,hTDP43,WT-A90V-G287S-G294A-A315T-M337V,m,41d,002-converte
242.44,93.05,169,5.633,1,2024-03-11,NEG-008,hTDP43,WT-A90V-G287S-G294A-A315T-M337V,m,41d,002-converte
203.97,100.22,169,5.633,1,2024-03-11,NEG-008,hTDP43,WT-A90V-G287S-G294A-A315T-M337V,m,41d,002-converte
132.32,82.26,169,5.633,1,2024-03-11,NEG-008,hTDP43,WT-A90V-G287S-G294A-A315T-M337V,m,41d,002-converte
22.76,35.34,169,5.633,1,2024-03-11,NEG-008,hTDP43,WT-A90V-G287S-G294A-A315T-M337V,m,41d,002-converte
5.47,57.05,169,5.633,1,2024-03-11,NEG-008,hTDP43,WT-A90V-G287S-G294A-A315T-M337V,m,41d,002-converte
357.26,67.96,170,5.667,1,2024-03-11,NEG-008,hTDP43,WT-A90V-G287S-G294A-A315T-M337V,m,41d,002-converte
305.77,68.84,170,5.667,1,2024-03-11,NEG-008,hTDP43,WT-A90V-G287S-G294A-A315T-M337V,m,41d,002-converte
244.33,93.04,170,5.667,1,2024-03-11,NEG-008,hTDP43,WT-A90V-G287S-G294A-A315T-M337V,m,41d,002-converte
206.02,99.44,170,5.667,1,2024-03-11,NEG-008,hTDP43,WT-A90V-G287S-G294A-A315T-M337V,m,41d,002-converte
133.71,81.81,170,5.667,1,2024-03-11,NEG-008,hTDP43,WT-A90V-G287S-G294A-A315T-M337V,m,41d,002-converte
24.06,35.85,170,5.667,1,2024-03-11,NEG-008,hTDP43,WT-A90V-G287S-G294A-A315T-M337V,m,41d,002-converte
5.45,57.33,170,5.667,1,2024-03-11,NEG-008,hTDP43,WT-A90V-G287S-G294A-A315T-M337V,m,41d,002-converte
357.26,67.96,171,5.7,1,2024-03-11,NEG-008,hTDP43,WT-A90V-G287S-G294A-A315T-M337V,m,41d,002-converte
305.48,68.6,171,5.7,1,2024-03-11,NEG-008,hTDP43,WT-A90V-G287S-G294A-A315T-M337V,m,41d,002-converte
246.23,93.13,171,5.7,1,2024-03-11,NEG-008,hTDP43,WT-A90V-G287S-G294A-A315T-M337V,m,41d,002-converte
207.62,99.14,171,5.7,1,2024-03-11,NEG-008,hTDP43,WT-A90V-G287S-G294A-A315T-M337V,m,41d,002-converte
135.67,80.78,171,5.7,1,2024-03-11,NEG-008,hTDP43,WT-A90V-G287S-G294A-A315T-M337V,m,41d,002-converte
25.99,35.84,171,5.7,1,2024-03-11,NEG-008,hTDP43,WT-A90V-G287S-G294A-A315T-M337V,m,41d,002-converte
5.54,58.22,171,5.7,1,2024-03-11,NEG-008,hTDP43,WT-A90V-G287S-G294A-A315T-M337V,m,41d,002-converte
357.27,67.96,172,5.733,1,2024-03-11,NEG-008,hTDP43,WT-A90V-G287S-G294A-A315T-M337V,m,41d,002-converte
307.4,68.6,172,5.733,1,2024-03-11,NEG-008,hTDP43,WT-A90V-G287S-G294A-A315T-M337V,m,41d,002-converte
248.13,93.12,172,5.733,1,2024-03-11,NEG-008,hTDP43,WT-A90V-G287S-G294A-A315T-M337V,m,41d,002-converte
208.38,98.91,172,5.733,1,2024-03-11,NEG-008,hTDP43,WT-A90V-G287S-G294A-A315T-M337V,m,41d,002-converte
138.54,80.02,172,5.733,1,2024-03-11,NEG-008,hTDP43,WT-A90V-G287S-G294A-A315T-M337V,m,41d,002-converte
27.95,35.83,172,5.733,1,2024-03-11,NEG-008,hTDP43,WT-A90V-G287S-G294A-A315T-M337V,m,41d,002-converte
5.93,59.87,172,5.733,1,2024-03-11,NEG-008,hTDP43,WT-A90V-G287S-G294A-A315T-M337V,m,41d,002-converte
357.27,67.96,173,5.767,1,2024-03-11,NEG-008,hTDP43,WT-A90V-G287S-G294A-A315T-M337V,m,41d,002-converte
308.5,68.82,173,5.767,1,2024-03-11,NEG-008,hTDP43,WT-A90V-G287S-G294A-A315T-M337V,m,41d,002-converte
249.25,93.03,173,5.767,1,2024-03-11,NEG-008,hTDP43,WT-A90V-G287S-G294A-A315T-M337V,m,41d,002-converte
210.21,98.01,173,5.767,1,2024-03-11,NEG-008,hTDP43,WT-A90V-G287S-G294A-A315T-M337V,m,41d,002-converte
141.46,79.07,173,5.767,1,2024-03-11,NEG-008,hTDP43,WT-A90V-G287S-G294A-A315T-M337V,m,41d,002-converte
29.14,35.84,173,5.767,1,2024-03-11,NEG-008,hTDP43,WT-A90V-G287S-G294A-A315T-M337V,m,41d,002-converte
5.91,60.04,173,5.767,1,2024-03-11,NEG-008,hTDP43,WT-A90V-G287S-G294A-A315T-M337V,m,41d,002-converte
357.27,67.96,174,5.8,1,2024-03-11,NEG-008,hTDP43,WT-A90V-G287S-G294A-A315T-M337V,m,41d,002-converte
309.44,68.97,174,5.8,1,2024-03-11,NEG-008,hTDP43,WT-A90V-G287S-G294A-A315T-M337V,m,41d,002-converte
251.28,93.09,174,5.8,1,2024-03-11,NEG-008,hTDP43,WT-A90V-G287S-G294A-A315T-M337V,m,41d,002-converte
212.78,97.15,174,5.8,1,2024-03-11,NEG-008,hTDP43,WT-A90V-G287S-G294A-A315T-M337V,m,41d,002-converte
144.99,77.98,174,5.8,1,2024-03-11,NEG-008,hTDP43,WT-A90V-G287S-G294A-A315T-M337V,m,41d,002-converte
31.93,36.01,174,5.8,1,2024-03-11,NEG-008,hTDP43,WT-A90V-G287S-G294A-A315T-M337V,m,41d,002-converte
6.07,60.64,174,5.8,1,2024-03-11,NEG-008,hTDP43,WT-A90V-G287S-G294A-A315T-M337V,m,41d,002-converte
357.57,68.19,175,5.833,1,2024-03-11,NEG-008,hTDP43,WT-A90V-G287S-G294A-A315T-M337V,m,41d,002-converte
310.44,68.97,175,5.833,1,2024-03-11,NEG-008,hTDP43,WT-A90V-G287S-G294A-A315T-M337V,m,41d,002-converte
253.17,93.1,175,5.833,1,2024-03-11,NEG-008,hTDP43,WT-A90V-G287S-G294A-A315T-M337V,m,41d,002-converte
213.42,96.8,175,5.833,1,2024-03-11,NEG-008,hTDP43,WT-A90V-G287S-G294A-A315T-M337V,m,41d,002-converte
146.56,78.09,175,5.833,1,2024-03-11,NEG-008,hTDP43,WT-A90V-G287S-G294A-A315T-M337V,m,41d,002-converte
33.94,36.0,175,5.833,1,2024-03-11,NEG-008,hTDP43,WT-A90V-G287S-G294A-A315T-M337V,m,41d,002-converte
6.05,60.83,175,5.833,1,2024-03-11,NEG-008,hTDP43,WT-A90V-G287S-G294A-A315T-M337V,m,41d,002-converte
360.86,68.04,176,5.867,1,2024-03-11,NEG-008,hTDP43,WT-A90V-G287S-G294A-A315T-M337V,m,41d,002-converte
311.5,68.91,176,5.867,1,2024-03-11,NEG-008,hTDP43,WT-A90V-G287S-G294A-A315T-M337V,m,41d,002-converte
255.09,93.08,176,5.867,1,2024-03-11,NEG-008,hTDP43,WT-A90V-G287S-G294A-A315T-M337V,m,41d,002-converte
215.89,95.07,176,5.867,1,2024-03-11,NEG-008,hTDP43,WT-A90V-G287S-G294A-A315T-M337V,m,41d,002-converte
149.34,76.96,176,5.867,1,2024-03-11,NEG-008,hTDP43,WT-A90V-G287S-G294A-A315T-M337V,m,41d,002-converte
35.8,35.9,176,5.867,1,2024-03-11,NEG-008,hTDP43,WT-A90V-G287S-G294A-A315T-M337V,m,41d,002-converte
5.98,61.14,176,5.867,1,2024-03-11,NEG-008,hTDP43,WT-A90V-G287S-G294A-A315T-M337V,m,41d,002-converte
360.79,68.3,177,5.9,1,2024-03-11,NEG-008,hTDP43,WT-A90V-G287S-G294A-A315T-M337V,m,41d,002-converte
312.45,69.03,177,5.9,1,2024-03-11,NEG-008,hTDP43,WT-A90V-G287S-G294A-A315T-M337V,m,41d,002-converte
256.99,93.07,177,5.9,1,2024-03-11,NEG-008,hTDP43,WT-A90V-G287S-G294A-A315T-M337V,m,41d,002-converte
217.02,94.46,177,5.9,1,2024-03-11,NEG-008,hTDP43,WT-A90V-G287S-G294A-A315T-M337V,m,41d,002-converte
153.65,76.05,177,5.9,1,2024-03-11,NEG-008,hTDP43,WT-A90V-G287S-G294A-A315T-M337V,m,41d,002-converte
37.85,36.01,177,5.9,1,2024-03-11,NEG-008,hTDP43,WT-A90V-G287S-G294A-A315T-M337V,m,41d,002-converte
6.28,61.99,177,5.9,1,2024-03-11,NEG-008,hTDP43,WT-A90V-G287S-G294A-A315T-M337V,m,41d,002-converte
360.39,68.51,178,5.933,1,2024-03-11,NEG-008,hTDP43,WT-A90V-G287S-G294A-A315T-M337V,m,41d,002-converte
313.41,69.16,178,5.933,1,2024-03-11,NEG-008,hTDP43,WT-A90V-G287S-G294A-A315T-M337V,m,41d,002-converte
258.22,93.24,178,5.933,1,2024-03-11,NEG-008,hTDP43,WT-A90V-G287S-G294A-A315T-M337V,m,41d,002-converte
218.09,93.35,178,5.933,1,2024-03-11,NEG-008,hTDP43,WT-A90V-G287S-G294A-A315T-M337V,m,41d,002-converte
154.36,75.99,178,5.933,1,2024-03-11,NEG-008,hTDP43,WT-A90V-G287S-G294A-A315T-M337V,m,41d,002-converte
39.73,36.01,178,5.933,1,2024-03-11,NEG-008,hTDP43,WT-A90V-G287S-G294A-A315T-M337V,m,41d,002-converte
6.39,62.2,178,5.933,1,2024-03-11,NEG-008,hTDP43,WT-A90V-G287S-G294A-A315T-M337V,m,41d,002-converte
314.41,69.16,179,5.967,1,2024-03-11,NEG-008,hTDP43,WT-A90V-G287S-G294A-A315T-M337V,m,41d,002-converte
260.26,93.16,179,5.967,1,2024-03-11,NEG-008,hTDP43,WT-A90V-G287S-G294A-A315T-M337V,m,41d,002-converte
219.33,92.13,179,5.967,1,2024-03-11,NEG-008,hTDP43,WT-A90V-G287S-G294A-A315T-M337V,m,41d,002-converte
158.01,75.1,179,5.967,1,2024-03-11,NEG-008,hTDP43,WT-A90V-G287S-G294A-A315T-M337V,m,41d,002-converte
40.96,35.96,179,5.967,1,2024-03-11,NEG-008,hTDP43,WT-A90V-G287S-G294A-A315T-M337V,m,41d,002-converte
6.62,63.02,179,5.967,1,2024-03-11,NEG-008,hTDP43,WT-A90V-G287S-G294A-A315T-M337V,m,41d,002-converte
315.42,69.16,180,6.0,1,2024-03-11,NEG-008,hTDP43,WT-A90V-G287S-G294A-A315T-M337V,m,41d,002-converte
262.02,93.07,180,6.0,1,2024-03-11,NEG-008,hTDP43,WT-A90V-G287S-G294A-A315T-M337V,m,41d,002-converte
220.25,91.05,180,6.0,1,2024-03-11,NEG-008,hTDP43,WT-A90V-G287S-G294A-A315T-M337V,m,41d,002-converte
160.26,75.04,180,6.0,1,2024-03-11,NEG-008,hTDP43,WT-A90V-G287S-G294A-A315T-M337V,m,41d,002-converte
43.01,36.0,180,6.0,1,2024-03-11,NEG-008,hTDP43,WT-A90V-G287S-G294A-A315T-M337V,m,41d,002-converte
6.98,64.61,180,6.0,1,2024-03-11,NEG-008,hTDP43,WT-A90V-G287S-G294A-A315T-M337V,m,41d,002-converte
316.46,69.59,181,6.033,1,2024-03-11,NEG-008,hTDP43,WT-A90V-G287S-G294A-A315T-M337V,m,41d,002-converte
263.99,93.29,181,6.033,1,2024-03-11,NEG-008,hTDP43,WT-A90V-G287S-G294A-A315T-M337V,m,41d,002-converte
221.36,90.07,181,6.033,1,2024-03-11,NEG-008,hTDP43,WT-A90V-G287S-G294A-A315T-M337V,m,41d,002-converte
162.47,74.18,181,6.033,1,2024-03-11,NEG-008,hTDP43,WT-A90V-G287S-G294A-A315T-M337V,m,41d,002-converte
44.93,36.0,181,6.033,1,2024-03-11,NEG-008,hTDP43,WT-A90V-G287S-G294A-A315T-M337V,m,41d,002-converte
7.09,65.59,181,6.033,1,2024-03-11,NEG-008,hTDP43,WT-A90V-G287S-G294A-A315T-M337V,m,41d,002-converte
317.45,69.72,182,6.067,1,2024-03-11,NEG-008,hTDP43,WT-A90V-G287S-G294A-A315T-M337V,m,41d,002-converte
264.35,93.43,182,6.067,1,2024-03-11,NEG-008,hTDP43,WT-A90V-G287S-G294A-A315T-M337V,m,41d,002-converte
223.09,88.37,182,6.067,1,2024-03-11,NEG-008,hTDP43,WT-A90V-G287S-G294A-A315T-M337V,m,41d,002-converte
165.26,73.74,182,6.067,1,2024-03-11,NEG-008,hTDP43,WT-A90V-G287S-G294A-A315T-M337V,m,41d,002-converte
46.84,35.99,182,6.067,1,2024-03-11,NEG-008,hTDP43,WT-A90V-G287S-G294A-A315T-M337V,m,41d,002-converte
7.06,66.89,182,6.067,1,2024-03-11,NEG-008,hTDP43,WT-A90V-G287S-G294A-A315T-M337V,m,41d,002-converte
318.56,69.79,183,6.1,1,2024-03-11,NEG-008,hTDP43,WT-A90V-G287S-G294A-A315T-M337V,m,41d,002-converte
267.05,93.33,183,6.1,1,2024-03-11,NEG-008,hTDP43,WT-A90V-G287S-G294A-A315T-M337V,m,41d,002-converte
224.29,87.34,183,6.1,1,2024-03-11,NEG-008,hTDP43,WT-A90V-G287S-G294A-A315T-M337V,m,41d,002-converte
167.48,73.07,183,6.1,1,2024-03-11,NEG-008,hTDP43,WT-A90V-G287S-G294A-A315T-M337V,m,41d,002-converte
48.93,36.09,183,6.1,1,2024-03-11,NEG-008,hTDP43,WT-A90V-G287S-G294A-A315T-M337V,m,41d,002-converte
7.09,67.64,183,6.1,1,2024-03-11,NEG-008,hTDP43,WT-A90V-G287S-G294A-A315T-M337V,m,41d,002-converte
320.32,70.06,184,6.133,1,2024-03-11,NEG-008,hTDP43,WT-A90V-G287S-G294A-A315T-M337V,m,41d,002-converte
269.0,93.25,184,6.133,1,2024-03-11,NEG-008,hTDP43,WT-A90V-G287S-G294A-A315T-M337V,m,41d,002-converte
226.04,86.0,184,6.133,1,2024-03-11,NEG-008,hTDP43,WT-A90V-G287S-G294A-A315T-M337V,m,41d,002-converte
169.48,72.07,184,6.133,1,2024-03-11,NEG-008,hTDP43,WT-A90V-G287S-G294A-A315T-M337V,m,41d,002-converte
50.99,36.09,184,6.133,1,2024-03-11,NEG-008,hTDP43,WT-A90V-G287S-G294A-A315T-M337V,m,41d,002-converte
7.09,68.11,184,6.133,1,2024-03-11,NEG-008,hTDP43,WT-A90V-G287S-G294A-A315T-M337V,m,41d,002-converte
321.31,70.38,185,6.167,1,2024-03-11,NEG-008,hTDP43,WT-A90V-G287S-G294A-A315T-M337V,m,41d,002-converte
270.04,93.37,185,6.167,1,2024-03-11,NEG-008,hTDP43,WT-A90V-G287S-G294A-A315T-M337V,m,41d,002-converte
227.23,85.15,185,6.167,1,2024-03-11,NEG-008,hTDP43,WT-A90V-G287S-G294A-A315T-M337V,m,41d,002-converte
172.32,71.28,185,6.167,1,2024-03-11,NEG-008,hTDP43,WT-A90V-G287S-G294A-A315T-M337V,m,41d,002-converte
52.99,36.01,185,6.167,1,2024-03-11,NEG-008,hTDP43,WT-A90V-G287S-G294A-A315T-M337V,m,41d,002-converte
7.12,68.74,185,6.167,1,2024-03-11,NEG-008,hTDP43,WT-A90V-G287S-G294A-A315T-M337V,m,41d,002-converte
323.26,70.73,186,6.2,1,2024-03-11,NEG-008,hTDP43,WT-A90V-G287S-G294A-A315T-M337V,m,41d,002-converte
270.53,93.67,186,6.2,1,2024-03-11,NEG-008,hTDP43,WT-A90V-G287S-G294A-A315T-M337V,m,41d,002-converte
228.43,84.86,186,6.2,1,2024-03-11,NEG-008,hTDP43,WT-A90V-G287S-G294A-A315T-M337V,m,41d,002-converte
175.1,70.09,186,6.2,1,2024-03-11,NEG-008,hTDP43,WT-A90V-G287S-G294A-A315T-M337V,m,41d,002-converte
54.94,36.05,186,6.2,1,2024-03-11,NEG-008,hTDP43,WT-A90V-G287S-G294A-A315T-M337V,m,41d,002-converte
7.14,68.97,186,6.2,1,2024-03-11,NEG-008,hTDP43,WT-A90V-G287S-G294A-A315T-M337V,m,41d,002-converte
324.48,70.95,187,6.233,1,2024-03-11,NEG-008,hTDP43,WT-A90V-G287S-G294A-A315T-M337V,m,41d,002-converte
273.83,93.31,187,6.233,1,2024-03-11,NEG-008,hTDP43,WT-A90V-G287S-G294A-A315T-M337V,m,41d,002-converte
231.18,83.86,187,6.233,1,2024-03-11,NEG-008,hTDP43,WT-A90V-G287S-G294A-A315T-M337V,m,41d,002-converte
177.24,69.04,187,6.233,1,2024-03-11,NEG-008,hTDP43,WT-A90V-G287S-G294A-A315T-M337V,m,41d,002-converte
57.78,36.1,187,6.233,1,2024-03-11,NEG-008,hTDP43,WT-A90V-G287S-G294A-A315T-M337V,m,41d,002-converte
7.15,69.24,187,6.233,1,2024-03-11,NEG-008,hTDP43,WT-A90V-G287S-G294A-A315T-M337V,m,41d,002-converte
327.77,71.81,188,6.267,1,2024-03-11,NEG-008,hTDP43,WT-A90V-G287S-G294A-A315T-M337V,m,41d,002-converte
275.0,93.34,188,6.267,1,2024-03-11,NEG-008,hTDP43,WT-A90V-G287S-G294A-A315T-M337V,m,41d,002-converte
233.28,83.04,188,6.267,1,2024-03-11,NEG-008,hTDP43,WT-A90V-G287S-G294A-A315T-M337V,m,41d,002-converte
180.13,68.1,188,6.267,1,2024-03-11,NEG-008,hTDP43,WT-A90V-G287S-G294A-A315T-M337V,m,41d,002-converte
59.87,36.11,188,6.267,1,2024-03-11,NEG-008,hTDP43,WT-A90V-G287S-G294A-A315T-M337V,m,41d,002-converte
7.23,69.59,188,6.267,1,2024-03-11,NEG-008,hTDP43,WT-A90V-G287S-G294A-A315T-M337V,m,41d,002-converte
328.44,72.13,189,6.3,1,2024-03-11,NEG-008,hTDP43,WT-A90V-G287S-G294A-A315T-M337V,m,41d,002-converte
276.92,93.33,189,6.3,1,2024-03-11,NEG-008,hTDP43,WT-A90V-G287S-G294A-A315T-M337V,m,41d,002-converte
236.03,82.16,189,6.3,1,2024-03-11,NEG-008,hTDP43,WT-A90V-G287S-G294A-A315T-M337V,m,41d,002-converte
182.26,67.01,189,6.3,1,2024-03-11,NEG-008,hTDP43,WT-A90V-G287S-G294A-A315T-M337V,m,41d,002-converte
61.75,36.06,189,6.3,1,2024-03-11,NEG-008,hTDP43,WT-A90V-G287S-G294A-A315T-M337V,m,41d,002-converte
7.22,69.59,189,6.3,1,2024-03-11,NEG-008,hTDP43,WT-A90V-G287S-G294A-A315T-M337V,m,41d,002-converte
330.29,73.0,190,6.333,1,2024-03-11,NEG-008,hTDP43,WT-A90V-G287S-G294A-A315T-M337V,m,41d,002-converte
278.09,93.28,190,6.333,1,2024-03-11,NEG-008,hTDP43,WT-A90V-G287S-G294A-A315T-M337V,m,41d,002-converte
237.28,82.05,190,6.333,1,2024-03-11,NEG-008,hTDP43,WT-A90V-G287S-G294A-A315T-M337V,m,41d,002-converte
185.26,66.14,190,6.333,1,2024-03-11,NEG-008,hTDP43,WT-A90V-G287S-G294A-A315T-M337V,m,41d,002-converte
63.87,36.12,190,6.333,1,2024-03-11,NEG-008,hTDP43,WT-A90V-G287S-G294A-A315T-M337V,m,41d,002-converte
7.14,69.54,190,6.333,1,2024-03-11,NEG-008,hTDP43,WT-A90V-G287S-G294A-A315T-M337V,m,41d,002-converte
332.18,74.07,191,6.367,1,2024-03-11,NEG-008,hTDP43,WT-A90V-G287S-G294A-A315T-M337V,m,41d,002-converte
279.97,93.09,191,6.367,1,2024-03-11,NEG-008,hTDP43,WT-A90V-G287S-G294A-A315T-M337V,m,41d,002-converte
239.32,81.12,191,6.367,1,2024-03-11,NEG-008,hTDP43,WT-A90V-G287S-G294A-A315T-M337V,m,41d,002-converte
187.35,65.23,191,6.367,1,2024-03-11,NEG-008,hTDP43,WT-A90V-G287S-G294A-A315T-M337V,m,41d,002-converte
65.04,36.13,191,6.367,1,2024-03-11,NEG-008,hTDP43,WT-A90V-G287S-G294A-A315T-M337V,m,41d,002-converte
7.04,69.49,191,6.367,1,2024-03-11,NEG-008,hTDP43,WT-A90V-G287S-G294A-A315T-M337V,m,41d,002-converte
334.06,74.86,192,6.4,1,2024-03-11,NEG-008,hTDP43,WT-A90V-G287S-G294A-A315T-M337V,m,41d,002-converte
281.96,93.07,192,6.4,1,2024-03-11,NEG-008,hTDP43,WT-A90V-G287S-G294A-A315T-M337V,m,41d,002-converte
241.99,80.33,192,6.4,1,2024-03-11,NEG-008,hTDP43,WT-A90V-G287S-G294A-A315T-M337V,m,41d,002-converte
189.38,64.81,192,6.4,1,2024-03-11,NEG-008,hTDP43,WT-A90V-G287S-G294A-A315T-M337V,m,41d,002-converte
62.93,36.05,192,6.4,1,2024-03-11,NEG-008,hTDP43,WT-A90V-G287S-G294A-A315T-M337V,m,41d,002-converte
7.01,69.27,192,6.4,1,2024-03-11,NEG-008,hTDP43,WT-A90V-G287S-G294A-A315T-M337V,m,41d,002-converte
335.85,75.86,193,6.433,1,2024-03-11,NEG-008,hTDP43,WT-A90V-G287S-G294A-A315T-M337V,m,41d,002-converte
282.46,93.07,193,6.433,1,2024-03-11,NEG-008,hTDP43,WT-A90V-G287S-G294A-A315T-M337V,m,41d,002-converte
243.23,80.09,193,6.433,1,2024-03-11,NEG-008,hTDP43,WT-A90V-G287S-G294A-A315T-M337V,m,41d,002-converte
191.36,64.93,193,6.433,1,2024-03-11,NEG-008,hTDP43,WT-A90V-G287S-G294A-A315T-M337V,m,41d,002-converte
63.25,35.88,193,6.433,1,2024-03-11,NEG-008,hTDP43,WT-A90V-G287S-G294A-A315T-M337V,m,41d,002-converte
7.01,69.27,193,6.433,1,2024-03-11,NEG-008,hTDP43,WT-A90V-G287S-G294A-A315T-M337V,m,41d,002-converte
336.45,76.34,194,6.467,1,2024-03-11,NEG-008,hTDP43,WT-A90V-G287S-G294A-A315T-M337V,m,41d,002-converte
284.39,92.92,194,6.467,1,2024-03-11,NEG-008,hTDP43,WT-A90V-G287S-G294A-A315T-M337V,m,41d,002-converte
245.27,79.19,194,6.467,1,2024-03-11,NEG-008,hTDP43,WT-A90V-G287S-G294A-A315T-M337V,m,41d,002-converte
193.45,64.31,194,6.467,1,2024-03-11,NEG-008,hTDP43,WT-A90V-G287S-G294A-A315T-M337V,m,41d,002-converte
63.48,35.95,194,6.467,1,2024-03-11,NEG-008,hTDP43,WT-A90V-G287S-G294A-A315T-M337V,m,41d,002-converte
7.2,69.24,194,6.467,1,2024-03-11,NEG-008,hTDP43,WT-A90V-G287S-G294A-A315T-M337V,m,41d,002-converte
339.19,77.09,195,6.5,1,2024-03-11,NEG-008,hTDP43,WT-A90V-G287S-G294A-A315T-M337V,m,41d,002-converte
285.5,92.83,195,6.5,1,2024-03-11,NEG-008,hTDP43,WT-A90V-G287S-G294A-A315T-M337V,m,41d,002-converte
246.43,78.83,195,6.5,1,2024-03-11,NEG-008,hTDP43,WT-A90V-G287S-G294A-A315T-M337V,m,41d,002-converte
195.29,64.27,195,6.5,1,2024-03-11,NEG-008,hTDP43,WT-A90V-G287S-G294A-A315T-M337V,m,41d,002-converte
63.48,35.95,195,6.5,1,2024-03-11,NEG-008,hTDP43,WT-A90V-G287S-G294A-A315T-M337V,m,41d,002-converte
7.38,69.2,195,6.5,1,2024-03-11,NEG-008,hTDP43,WT-A90V-G287S-G294A-A315T-M337V,m,41d,002-converte
341.0,77.77,196,6.533,1,2024-03-11,NEG-008,hTDP43,WT-A90V-G287S-G294A-A315T-M337V,m,41d,002-converte
287.41,92.87,196,6.533,1,2024-03-11,NEG-008,hTDP43,WT-A90V-G287S-G294A-A315T-M337V,m,41d,002-converte
249.17,78.15,196,6.533,1,2024-03-11,NEG-008,hTDP43,WT-A90V-G287S-G294A-A315T-M337V,m,41d,002-converte
196.32,64.62,196,6.533,1,2024-03-11,NEG-008,hTDP43,WT-A90V-G287S-G294A-A315T-M337V,m,41d,002-converte
63.57,35.96,196,6.533,1,2024-03-11,NEG-008,hTDP43,WT-A90V-G287S-G294A-A315T-M337V,m,41d,002-converte
7.39,68.91,196,6.533,1,2024-03-11,NEG-008,hTDP43,WT-A90V-G287S-G294A-A315T-M337V,m,41d,002-converte
342.19,78.26,197,6.567,1,2024-03-11,NEG-008,hTDP43,WT-A90V-G287S-G294A-A315T-M337V,m,41d,002-converte
289.29,92.82,197,6.567,1,2024-03-11,NEG-008,hTDP43,WT-A90V-G287S-G294A-A315T-M337V,m,41d,002-converte
251.1,77.22,197,6.567,1,2024-03-11,NEG-008,hTDP43,WT-A90V-G287S-G294A-A315T-M337V,m,41d,002-converte
198.43,64.01,197,6.567,1,2024-03-11,NEG-008,hTDP43,WT-A90V-G287S-G294A-A315T-M337V,m,41d,002-converte
64.41,36.03,197,6.567,1,2024-03-11,NEG-008,hTDP43,WT-A90V-G287S-G294A-A315T-M337V,m,41d,002-converte
7.39,68.91,197,6.567,1,2024-03-11,NEG-008,hTDP43,WT-A90V-G287S-G294A-A315T-M337V,m,41d,002-converte
344.88,78.77,198,6.6,1,2024-03-11,NEG-008,hTDP43,WT-A90V-G287S-G294A-A315T-M337V,m,41d,002-converte
290.48,92.73,198,6.6,1,2024-03-11,NEG-008,hTDP43,WT-A90V-G287S-G294A-A315T-M337V,m,41d,002-converte
251.45,76.88,198,6.6,1,2024-03-11,NEG-008,hTDP43,WT-A90V-G287S-G294A-A315T-M337V,m,41d,002-converte
200.44,63.95,198,6.6,1,2024-03-11,NEG-008,hTDP43,WT-A90V-G287S-G294A-A315T-M337V,m,41d,002-converte
66.92,36.17,198,6.6,1,2024-03-11,NEG-008,hTDP43,WT-A90V-G287S-G294A-A315T-M337V,m,41d,002-converte
7.3,68.64,198,6.6,1,2024-03-11,NEG-008,hTDP43,WT-A90V-G287S-G294A-A315T-M337V,m,41d,002-converte
345.41,79.04,199,6.633,1,2024-03-11,NEG-008,hTDP43,WT-A90V-G287S-G294A-A315T-M337V,m,41d,002-converte
293.77,92.15,199,6.633,1,2024-03-11,NEG-008,hTDP43,WT-A90V-G287S-G294A-A315T-M337V,m,41d,002-converte
254.29,76.24,199,6.633,1,2024-03-11,NEG-008,hTDP43,WT-A90V-G287S-G294A-A315T-M337V,m,41d,002-converte
202.5,63.94,199,6.633,1,2024-03-11,NEG-008,hTDP43,WT-A90V-G287S-G294A-A315T-M337V,m,41d,002-converte
68.72,36.62,199,6.633,1,2024-03-11,NEG-008,hTDP43,WT-A90V-G287S-G294A-A315T-M337V,m,41d,002-converte
7.28,68.19,199,6.633,1,2024-03-11,NEG-008,hTDP43,WT-A90V-G287S-G294A-A315T-M337V,m,41d,002-converte
82.66,222.16,0,0.0,2,2024-03-11,NEG-008,hTDP43,WT-A90V-G287S-G294A-A315T-M337V,m,41d,002-converte
35.21,212.68,0,0.0,2,2024-03-11,NEG-008,hTDP43,WT-A90V-G287S-G294A-A315T-M337V,m,41d,002-converte
6.94,184.48,0,0.0,2,2024-03-11,NEG-008,hTDP43,WT-A90V-G287S-G294A-A315T-M337V,m,41d,002-converte
5.83,218.48,0,0.0,2,2024-03-11,NEG-008,hTDP43,WT-A90V-G287S-G294A-A315T-M337V,m,41d,002-converte
4.92,207.16,0,0.0,2,2024-03-11,NEG-008,hTDP43,WT-A90V-G287S-G294A-A315T-M337V,m,41d,002-converte
84.18,222.27,1,0.033,2,2024-03-11,NEG-008,hTDP43,WT-A90V-G287S-G294A-A315T-M337V,m,41d,002-converte
30.43,210.95,1,0.033,2,2024-03-11,NEG-008,hTDP43,WT-A90V-G287S-G294A-A315T-M337V,m,41d,002-converte
7.76,182.69,1,0.033,2,2024-03-11,NEG-008,hTDP43,WT-A90V-G287S-G294A-A315T-M337V,m,41d,002-converte
4.92,207.1,1,0.033,2,2024-03-11,NEG-008,hTDP43,WT-A90V-G287S-G294A-A315T-M337V,m,41d,002-converte
85.07,222.44,2,0.067,2,2024-03-11,NEG-008,hTDP43,WT-A90V-G287S-G294A-A315T-M337V,m,41d,002-converte
17.68,204.66,2,0.067,2,2024-03-11,NEG-008,hTDP43,WT-A90V-G287S-G294A-A315T-M337V,m,41d,002-converte
7.7,181.4,2,0.067,2,2024-03-11,NEG-008,hTDP43,WT-A90V-G287S-G294A-A315T-M337V,m,41d,002-converte
5.67,218.81,2,0.067,2,2024-03-11,NEG-008,hTDP43,WT-A90V-G287S-G294A-A315T-M337V,m,41d,002-converte
5.11,207.96,2,0.067,2,2024-03-11,NEG-008,hTDP43,WT-A90V-G287S-G294A-A315T-M337V,m,41d,002-converte
85.78,222.81,3,0.1,2,2024-03-11,NEG-008,hTDP43,WT-A90V-G287S-G294A-A315T-M337V,m,41d,002-converte
5.78,179.59,3,0.1,2,2024-03-11,NEG-008,hTDP43,WT-A90V-G287S-G294A-A315T-M337V,m,41d,002-converte
5.55,219.03,3,0.1,2,2024-03-11,NEG-008,hTDP43,WT-A90V-G287S-G294A-A315T-M337V,m,41d,002-converte
5.19,209.37,3,0.1,2,2024-03-11,NEG-008,hTDP43,WT-A90V-G287S-G294A-A315T-M337V,m,41d,002-converte
86.67,222.88,4,0.133,2,2024-03-11,NEG-008,hTDP43,WT-A90V-G287S-G294A-A315T-M337V,m,41d,002-converte
7.45,197.48,4,0.133,2,2024-03-11,NEG-008,hTDP43,WT-A90V-G287S-G294A-A315T-M337V,m,41d,002-converte
5.56,212.69,4,0.133,2,2024-03-11,NEG-008,hTDP43,WT-A90V-G287S-G294A-A315T-M337V,m,41d,002-converte
5.52,179.33,4,0.133,2,2024-03-11,NEG-008,hTDP43,WT-A90V-G287S-G294A-A315T-M337V,m,41d,002-converte
90.05,223.02,5,0.167,2,2024-03-11,NEG-008,hTDP43,WT-A90V-G287S-G294A-A315T-M337V,m,41d,002-converte
7.54,198.48,5,0.167,2,2024-03-11,NEG-008,hTDP43,WT-A90V-G287S-G294A-A315T-M337V,m,41d,002-converte
5.99,179.3,5,0.167,2,2024-03-11,NEG-008,hTDP43,WT-A90V-G287S-G294A-A315T-M337V,m,41d,002-converte
5.62,218.47,5,0.167,2,2024-03-11,NEG-008,hTDP43,WT-A90V-G287S-G294A-A315T-M337V,m,41d,002-converte
91.39,223.06,6,0.2,2,2024-03-11,NEG-008,hTDP43,WT-A90V-G287S-G294A-A315T-M337V,m,41d,002-converte
7.66,200.0,6,0.2,2,2024-03-11,NEG-008,hTDP43,WT-A90V-G287S-G294A-A315T-M337V,m,41d,002-converte
6.14,179.14,6,0.2,2,2024-03-11,NEG-008,hTDP43,WT-A90V-G287S-G294A-A315T-M337V,m,41d,002-converte
5.56,212.16,6,0.2,2,2024-03-11,NEG-008,hTDP43,WT-A90V-G287S-G294A-A315T-M337V,m,41d,002-converte
93.55,223.39,7,0.233,2,2024-03-11,NEG-008,hTDP43,WT-A90V-G287S-G294A-A315T-M337V,m,41d,002-converte
7.46,201.97,7,0.233,2,2024-03-11,NEG-008,hTDP43,WT-A90V-G287S-G294A-A315T-M337V,m,41d,002-converte
6.77,179.09,7,0.233,2,2024-03-11,NEG-008,hTDP43,WT-A90V-G287S-G294A-A315T-M337V,m,41d,002-converte
5.55,218.43,7,0.233,2,2024-03-11,NEG-008,hTDP43,WT-A90V-G287S-G294A-A315T-M337V,m,41d,002-converte
95.83,223.98,8,0.267,2,2024-03-11,NEG-008,hTDP43,WT-A90V-G287S-G294A-A315T-M337V,m,41d,002-converte
7.28,203.52,8,0.267,2,2024-03-11,NEG-008,hTDP43,WT-A90V-G287S-G294A-A315T-M337V,m,41d,002-converte
6.77,179.09,8,0.267,2,2024-03-11,NEG-008,hTDP43,WT-A90V-G287S-G294A-A315T-M337V,m,41d,002-converte
5.83,212.24,8,0.267,2,2024-03-11,NEG-008,hTDP43,WT-A90V-G287S-G294A-A315T-M337V,m,41d,002-converte
96.95,224.32,9,0.3,2,2024-03-11,NEG-008,hTDP43,WT-A90V-G287S-G294A-A315T-M337V,m,41d,002-converte
6.77,179.09,9,0.3,2,2024-03-11,NEG-008,hTDP43,WT-A90V-G287S-G294A-A315T-M337V,m,41d,002-converte
5.8,217.71,9,0.3,2,2024-03-11,NEG-008,hTDP43,WT-A90V-G287S-G294A-A315T-M337V,m,41d,002-converte
98.07,224.37,10,0.333,2,2024-03-11,NEG-008,hTDP43,WT-A90V-G287S-G294A-A315T-M337V,m,41d,002-converte
7.01,209.42,10,0.333,2,2024-03-11,NEG-008,hTDP43,WT-A90V-G287S-G294A-A315T-M337V,m,41d,002-converte
6.53,178.93,10,0.333,2,2024-03-11,NEG-008,hTDP43,WT-A90V-G287S-G294A-A315T-M337V,m,41d,002-converte
5.4,217.81,10,0.333,2,2024-03-11,NEG-008,hTDP43,WT-A90V-G287S-G294A-A315T-M337V,m,41d,002-converte
99.43,224.5,11,0.367,2,2024-03-11,NEG-008,hTDP43,WT-A90V-G287S-G294A-A315T-M337V,m,41d,002-converte
6.99,178.47,11,0.367,2,2024-03-11,NEG-008,hTDP43,WT-A90V-G287S-G294A-A315T-M337V,m,41d,002-converte
6.79,209.6,11,0.367,2,2024-03-11,NEG-008,hTDP43,WT-A90V-G287S-G294A-A315T-M337V,m,41d,002-converte
5.28,217.91,11,0.367,2,2024-03-11,NEG-008,hTDP43,WT-A90V-G287S-G294A-A315T-M337V,m,41d,002-converte
100.95,224.78,12,0.4,2,2024-03-11,NEG-008,hTDP43,WT-A90V-G287S-G294A-A315T-M337V,m,41d,002-converte
6.95,178.26,12,0.4,2,2024-03-11,NEG-008,hTDP43,WT-A90V-G287S-G294A-A315T-M337V,m,41d,002-converte
5.24,218.4,12,0.4,2,2024-03-11,NEG-008,hTDP43,WT-A90V-G287S-G294A-A315T-M337V,m,41d,002-converte
102.25,224.92,13,0.433,2,2024-03-11,NEG-008,hTDP43,WT-A90V-G287S-G294A-A315T-M337V,m,41d,002-converte
12.32,213.74,13,0.433,2,2024-03-11,NEG-008,hTDP43,WT-A90V-G287S-G294A-A315T-M337V,m,41d,002-converte
7.21,179.32,13,0.433,2,2024-03-11,NEG-008,hTDP43,WT-A90V-G287S-G294A-A315T-M337V,m,41d,002-converte
5.25,217.88,13,0.433,2,2024-03-11,NEG-008,hTDP43,WT-A90V-G287S-G294A-A315T-M337V,m,41d,002-converte
103.48,225.04,14,0.467,2,2024-03-11,NEG-008,hTDP43,WT-A90V-G287S-G294A-A315T-M337V,m,41d,002-converte
12.39,213.76,14,0.467,2,2024-03-11,NEG-008,hTDP43,WT-A90V-G287S-G294A-A315T-M337V,m,41d,002-converte
7.09,179.12,14,0.467,2,2024-03-11,NEG-008,hTDP43,WT-A90V-G287S-G294A-A315T-M337V,m,41d,002-converte
5.29,217.8,14,0.467,2,2024-03-11,NEG-008,hTDP43,WT-A90V-G287S-G294A-A315T-M337V,m,41d,002-converte
105.21,225.2,15,0.5,2,2024-03-11,NEG-008,hTDP43,WT-A90V-G287S-G294A-A315T-M337V,m,41d,002-converte
12.51,213.76,15,0.5,2,2024-03-11,NEG-008,hTDP43,WT-A90V-G287S-G294A-A315T-M337V,m,41d,002-converte
6.98,178.47,15,0.5,2,2024-03-11,NEG-008,hTDP43,WT-A90V-G287S-G294A-A315T-M337V,m,41d,002-converte
5.41,217.53,15,0.5,2,2024-03-11,NEG-008,hTDP43,WT-A90V-G287S-G294A-A315T-M337V,m,41d,002-converte
106.48,225.27,16,0.533,2,2024-03-11,NEG-008,hTDP43,WT-A90V-G287S-G294A-A315T-M337V,m,41d,002-converte
12.67,213.81,16,0.533,2,2024-03-11,NEG-008,hTDP43,WT-A90V-G287S-G294A-A315T-M337V,m,41d,002-converte
7.08,178.18,16,0.533,2,2024-03-11,NEG-008,hTDP43,WT-A90V-G287S-G294A-A315T-M337V,m,41d,002-converte
108.16,225.18,17,0.567,2,2024-03-11,NEG-008,hTDP43,WT-A90V-G287S-G294A-A315T-M337V,m,41d,002-converte
13.46,213.76,17,0.567,2,2024-03-11,NEG-008,hTDP43,WT-A90V-G287S-G294A-A315T-M337V,m,41d,002-converte
6.88,177.93,17,0.567,2,2024-03-11,NEG-008,hTDP43,WT-A90V-G287S-G294A-A315T-M337V,m,41d,002-converte
5.83,207.45,17,0.567,2,2024-03-11,NEG-008,hTDP43,WT-A90V-G287S-G294A-A315T-M337V,m,41d,002-converte
5.48,215.74,17,0.567,2,2024-03-11,NEG-008,hTDP43,WT-A90V-G287S-G294A-A315T-M337V,m,41d,002-converte
110.03,225.21,18,0.6,2,2024-03-11,NEG-008,hTDP43,WT-A90V-G287S-G294A-A315T-M337V,m,41d,002-converte
13.68,213.94,18,0.6,2,2024-03-11,NEG-008,hTDP43,WT-A90V-G287S-G294A-A315T-M337V,m,41d,002-converte
6.5,177.88,18,0.6,2,2024-03-11,NEG-008,hTDP43,WT-A90V-G287S-G294A-A315T-M337V,m,41d,002-converte
5.94,206.5,18,0.6,2,2024-03-11,NEG-008,hTDP43,WT-A90V-G287S-G294A-A315T-M337V,m,41d,002-converte
5.74,215.66,18,0.6,2,2024-03-11,NEG-008,hTDP43,WT-A90V-G287S-G294A-A315T-M337V,m,41d,002-converte
112.11,225.13,19,0.633,2,2024-03-11,NEG-008,hTDP43,WT-A90V-G287S-G294A-A315T-M337V,m,41d,002-converte
15.15,214.11,19,0.633,2,2024-03-11,NEG-008,hTDP43,WT-A90V-G287S-G294A-A315T-M337V,m,41d,002-converte
6.42,177.74,19,0.633,2,2024-03-11,NEG-008,hTDP43,WT-A90V-G287S-G294A-A315T-M337V,m,41d,002-converte
6.0,207.01,19,0.633,2,2024-03-11,NEG-008,hTDP43,WT-A90V-G287S-G294A-A315T-M337V,m,41d,002-converte
113.49,224.99,20,0.667,2,2024-03-11,NEG-008,hTDP43,WT-A90V-G287S-G294A-A315T-M337V,m,41d,002-converte
16.2,214.15,20,0.667,2,2024-03-11,NEG-008,hTDP43,WT-A90V-G287S-G294A-A315T-M337V,m,41d,002-converte
6.42,177.74,20,0.667,2,2024-03-11,NEG-008,hTDP43,WT-A90V-G287S-G294A-A315T-M337V,m,41d,002-converte
6.0,206.58,20,0.667,2,2024-03-11,NEG-008,hTDP43,WT-A90V-G287S-G294A-A315T-M337V,m,41d,002-converte
115.86,224.95,21,0.7,2,2024-03-11,NEG-008,hTDP43,WT-A90V-G287S-G294A-A315T-M337V,m,41d,002-converte
17.95,213.99,21,0.7,2,2024-03-11,NEG-008,hTDP43,WT-A90V-G287S-G294A-A315T-M337V,m,41d,002-converte
7.05,177.4,21,0.7,2,2024-03-11,NEG-008,hTDP43,WT-A90V-G287S-G294A-A315T-M337V,m,41d,002-converte
6.03,206.54,21,0.7,2,2024-03-11,NEG-008,hTDP43,WT-A90V-G287S-G294A-A315T-M337V,m,41d,002-converte
117.12,224.9,22,0.733,2,2024-03-11,NEG-008,hTDP43,WT-A90V-G287S-G294A-A315T-M337V,m,41d,002-converte
18.12,214.02,22,0.733,2,2024-03-11,NEG-008,hTDP43,WT-A90V-G287S-G294A-A315T-M337V,m,41d,002-converte
6.42,177.74,22,0.733,2,2024-03-11,NEG-008,hTDP43,WT-A90V-G287S-G294A-A315T-M337V,m,41d,002-converte
6.09,206.5,22,0.733,2,2024-03-11,NEG-008,hTDP43,WT-A90V-G287S-G294A-A315T-M337V,m,41d,002-converte
118.33,224.87,23,0.767,2,2024-03-11,NEG-008,hTDP43,WT-A90V-G287S-G294A-A315T-M337V,m,41d,002-converte
18.85,213.97,23,0.767,2,2024-03-11,NEG-008,hTDP43,WT-A90V-G287S-G294A-A315T-M337V,m,41d,002-converte
6.42,177.74,23,0.767,2,2024-03-11,NEG-008,hTDP43,WT-A90V-G287S-G294A-A315T-M337V,m,41d,002-converte
6.21,206.16,23,0.767,2,2024-03-11,NEG-008,hTDP43,WT-A90V-G287S-G294A-A315T-M337V,m,41d,002-converte
118.75,224.92,24,0.8,2,2024-03-11,NEG-008,hTDP43,WT-A90V-G287S-G294A-A315T-M337V,m,41d,002-converte
19.92,214.2,24,0.8,2,2024-03-11,NEG-008,hTDP43,WT-A90V-G287S-G294A-A315T-M337V,m,41d,002-converte
7.05,177.4,24,0.8,2,2024-03-11,NEG-008,hTDP43,WT-A90V-G287S-G294A-A315T-M337V,m,41d,002-converte
6.26,205.94,24,0.8,2,2024-03-11,NEG-008,hTDP43,WT-A90V-G287S-G294A-A315T-M337V,m,41d,002-converte
121.83,224.98,25,0.833,2,2024-03-11,NEG-008,hTDP43,WT-A90V-G287S-G294A-A315T-M337V,m,41d,002-converte
19.43,214.55,25,0.833,2,2024-03-11,NEG-008,hTDP43,WT-A90V-G287S-G294A-A315T-M337V,m,41d,002-converte
6.57,177.93,25,0.833,2,2024-03-11,NEG-008,hTDP43,WT-A90V-G287S-G294A-A315T-M337V,m,41d,002-converte
6.28,205.87,25,0.833,2,2024-03-11,NEG-008,hTDP43,WT-A90V-G287S-G294A-A315T-M337V,m,41d,002-converte
122.65,225.0,26,0.867,2,2024-03-11,NEG-008,hTDP43,WT-A90V-G287S-G294A-A315T-M337V,m,41d,002-converte
20.46,214.57,26,0.867,2,2024-03-11,NEG-008,hTDP43,WT-A90V-G287S-G294A-A315T-M337V,m,41d,002-converte
6.93,177.91,26,0.867,2,2024-03-11,NEG-008,hTDP43,WT-A90V-G287S-G294A-A315T-M337V,m,41d,002-converte
6.46,212.27,26,0.867,2,2024-03-11,NEG-008,hTDP43,WT-A90V-G287S-G294A-A315T-M337V,m,41d,002-converte
123.29,224.93,27,0.9,2,2024-03-11,NEG-008,hTDP43,WT-A90V-G287S-G294A-A315T-M337V,m,41d,002-converte
60.5,191.74,27,0.9,2,2024-03-11,NEG-008,hTDP43,WT-A90V-G287S-G294A-A315T-M337V,m,41d,002-converte
20.61,214.57,27,0.9,2,2024-03-11,NEG-008,hTDP43,WT-A90V-G287S-G294A-A315T-M337V,m,41d,002-converte
8.76,202.97,27,0.9,2,2024-03-11,NEG-008,hTDP43,WT-A90V-G287S-G294A-A315T-M337V,m,41d,002-converte
6.99,178.07,27,0.9,2,2024-03-11,NEG-008,hTDP43,WT-A90V-G287S-G294A-A315T-M337V,m,41d,002-converte
6.41,212.28,27,0.9,2,2024-03-11,NEG-008,hTDP43,WT-A90V-G287S-G294A-A315T-M337V,m,41d,002-converte
124.73,224.98,28,0.933,2,2024-03-11,NEG-008,hTDP43,WT-A90V-G287S-G294A-A315T-M337V,m,41d,002-converte
111.37,196.32,28,0.933,2,2024-03-11,NEG-008,hTDP43,WT-A90V-G287S-G294A-A315T-M337V,m,41d,002-converte
22.32,214.21,28,0.933,2,2024-03-11,NEG-008,hTDP43,WT-A90V-G287S-G294A-A315T-M337V,m,41d,002-converte
9.16,202.15,28,0.933,2,2024-03-11,NEG-008,hTDP43,WT-A90V-G287S-G294A-A315T-M337V,m,41d,002-converte
6.57,177.93,28,0.933,2,2024-03-11,NEG-008,hTDP43,WT-A90V-G287S-G294A-A315T-M337V,m,41d,002-converte
6.36,212.31,28,0.933,2,2024-03-11,NEG-008,hTDP43,WT-A90V-G287S-G294A-A315T-M337V,m,41d,002-converte
125.92,224.98,29,0.967,2,2024-03-11,NEG-008,hTDP43,WT-A90V-G287S-G294A-A315T-M337V,m,41d,002-converte
23.4,214.7,29,0.967,2,2024-03-11,NEG-008,hTDP43,WT-A90V-G287S-G294A-A315T-M337V,m,41d,002-converte
9.54,201.13,29,0.967,2,2024-03-11,NEG-008,hTDP43,WT-A90V-G287S-G294A-A315T-M337V,m,41d,002-converte
6.99,177.8,29,0.967,2,2024-03-11,NEG-008,hTDP43,WT-A90V-G287S-G294A-A315T-M337V,m,41d,002-converte
6.33,212.32,29,0.967,2,2024-03-11,NEG-008,hTDP43,WT-A90V-G287S-G294A-A315T-M337V,m,41d,002-converte
126.13,224.96,30,1.0,2,2024-03-11,NEG-008,hTDP43,WT-A90V-G287S-G294A-A315T-M337V,m,41d,002-converte
89.09,215.9,30,1.0,2,2024-03-11,NEG-008,hTDP43,WT-A90V-G287S-G294A-A315T-M337V,m,41d,002-converte
24.44,214.81,30,1.0,2,2024-03-11,NEG-008,hTDP43,WT-A90V-G287S-G294A-A315T-M337V,m,41d,002-converte
9.37,200.48,30,1.0,2,2024-03-11,NEG-008,hTDP43,WT-A90V-G287S-G294A-A315T-M337V,m,41d,002-converte
7.11,178.14,30,1.0,2,2024-03-11,NEG-008,hTDP43,WT-A90V-G287S-G294A-A315T-M337V,m,41d,002-converte
6.29,212.33,30,1.0,2,2024-03-11,NEG-008,hTDP43,WT-A90V-G287S-G294A-A315T-M337V,m,41d,002-converte
127.08,224.96,31,1.033,2,2024-03-11,NEG-008,hTDP43,WT-A90V-G287S-G294A-A315T-M337V,m,41d,002-converte
70.27,225.44,31,1.033,2,2024-03-11,NEG-008,hTDP43,WT-A90V-G287S-G294A-A315T-M337V,m,41d,002-converte
24.52,214.92,31,1.033,2,2024-03-11,NEG-008,hTDP43,WT-A90V-G287S-G294A-A315T-M337V,m,41d,002-converte
9.75,199.28,31,1.033,2,2024-03-11,NEG-008,hTDP43,WT-A90V-G287S-G294A-A315T-M337V,m,41d,002-converte
7.08,177.98,31,1.033,2,2024-03-11,NEG-008,hTDP43,WT-A90V-G287S-G294A-A315T-M337V,m,41d,002-converte
6.14,211.97,31,1.033,2,2024-03-11,NEG-008,hTDP43,WT-A90V-G287S-G294A-A315T-M337V,m,41d,002-converte
128.93,224.8,32,1.067,2,2024-03-11,NEG-008,hTDP43,WT-A90V-G287S-G294A-A315T-M337V,m,41d,002-converte
71.0,225.32,32,1.067,2,2024-03-11,NEG-008,hTDP43,WT-A90V-G287S-G294A-A315T-M337V,m,41d,002-converte
25.24,215.09,32,1.067,2,2024-03-11,NEG-008,hTDP43,WT-A90V-G287S-G294A-A315T-M337V,m,41d,002-converte
9.99,198.37,32,1.067,2,2024-03-11,NEG-008,hTDP43,WT-A90V-G287S-G294A-A315T-M337V,m,41d,002-converte
7.16,177.43,32,1.067,2,2024-03-11,NEG-008,hTDP43,WT-A90V-G287S-G294A-A315T-M337V,m,41d,002-converte
6.1,211.56,32,1.067,2,2024-03-11,NEG-008,hTDP43,WT-A90V-G287S-G294A-A315T-M337V,m,41d,002-converte
130.08,224.87,33,1.1,2,2024-03-11,NEG-008,hTDP43,WT-A90V-G287S-G294A-A315T-M337V,m,41d,002-converte
71.01,225.31,33,1.1,2,2024-03-11,NEG-008,hTDP43,WT-A90V-G287S-G294A-A315T-M337V,m,41d,002-converte
25.31,215.24,33,1.1,2,2024-03-11,NEG-008,hTDP43,WT-A90V-G287S-G294A-A315T-M337V,m,41d,002-converte
10.08,197.89,33,1.1,2,2024-03-11,NEG-008,hTDP43,WT-A90V-G287S-G294A-A315T-M337V,m,41d,002-converte
7.16,177.43,33,1.1,2,2024-03-11,NEG-008,hTDP43,WT-A90V-G287S-G294A-A315T-M337V,m,41d,002-converte
6.06,211.4,33,1.1,2,2024-03-11,NEG-008,hTDP43,WT-A90V-G287S-G294A-A315T-M337V,m,41d,002-converte
131.66,224.81,34,1.133,2,2024-03-11,NEG-008,hTDP43,WT-A90V-G287S-G294A-A315T-M337V,m,41d,002-converte
71.01,225.3,34,1.133,2,2024-03-11,NEG-008,hTDP43,WT-A90V-G287S-G294A-A315T-M337V,m,41d,002-converte
25.47,215.2,34,1.133,2,2024-03-11,NEG-008,hTDP43,WT-A90V-G287S-G294A-A315T-M337V,m,41d,002-converte
10.17,196.96,34,1.133,2,2024-03-11,NEG-008,hTDP43,WT-A90V-G287S-G294A-A315T-M337V,m,41d,002-converte
7.0,177.28,34,1.133,2,2024-03-11,NEG-008,hTDP43,WT-A90V-G287S-G294A-A315T-M337V,m,41d,002-converte
5.81,207.55,34,1.133,2,2024-03-11,NEG-008,hTDP43,WT-A90V-G287S-G294A-A315T-M337V,m,41d,002-converte
132.69,224.82,35,1.167,2,2024-03-11,NEG-008,hTDP43,WT-A90V-G287S-G294A-A315T-M337V,m,41d,002-converte
71.01,225.3,35,1.167,2,2024-03-11,NEG-008,hTDP43,WT-A90V-G287S-G294A-A315T-M337V,m,41d,002-converte
27.89,215.76,35,1.167,2,2024-03-11,NEG-008,hTDP43,WT-A90V-G287S-G294A-A315T-M337V,m,41d,002-converte
10.28,196.19,35,1.167,2,2024-03-11,NEG-008,hTDP43,WT-A90V-G287S-G294A-A315T-M337V,m,41d,002-converte
6.85,177.1,35,1.167,2,2024-03-11,NEG-008,hTDP43,WT-A90V-G287S-G294A-A315T-M337V,m,41d,002-converte
5.53,207.55,35,1.167,2,2024-03-11,NEG-008,hTDP43,WT-A90V-G287S-G294A-A315T-M337V,m,41d,002-converte
134.71,224.82,36,1.2,2,2024-03-11,NEG-008,hTDP43,WT-A90V-G287S-G294A-A315T-M337V,m,41d,002-converte
71.01,225.29,36,1.2,2,2024-03-11,NEG-008,hTDP43,WT-A90V-G287S-G294A-A315T-M337V,m,41d,002-converte
28.07,215.78,36,1.2,2,2024-03-11,NEG-008,hTDP43,WT-A90V-G287S-G294A-A315T-M337V,m,41d,002-converte
10.27,195.63,36,1.2,2,2024-03-11,NEG-008,hTDP43,WT-A90V-G287S-G294A-A315T-M337V,m,41d,002-converte
6.85,177.11,36,1.2,2,2024-03-11,NEG-008,hTDP43,WT-A90V-G287S-G294A-A315T-M337V,m,41d,002-converte
5.81,206.1,36,1.2,2,2024-03-11,NEG-008,hTDP43,WT-A90V-G287S-G294A-A315T-M337V,m,41d,002-converte
135.85,224.82,37,1.233,2,2024-03-11,NEG-008,hTDP43,WT-A90V-G287S-G294A-A315T-M337V,m,41d,002-converte
71.13,225.31,37,1.233,2,2024-03-11,NEG-008,hTDP43,WT-A90V-G287S-G294A-A315T-M337V,m,41d,002-converte
29.1,215.86,37,1.233,2,2024-03-11,NEG-008,hTDP43,WT-A90V-G287S-G294A-A315T-M337V,m,41d,002-converte
10.26,194.83,37,1.233,2,2024-03-11,NEG-008,hTDP43,WT-A90V-G287S-G294A-A315T-M337V,m,41d,002-converte
6.71,214.03,37,1.233,2,2024-03-11,NEG-008,hTDP43,WT-A90V-G287S-G294A-A315T-M337V,m,41d,002-converte
6.36,177.56,37,1.233,2,2024-03-11,NEG-008,hTDP43,WT-A90V-G287S-G294A-A315T-M337V,m,41d,002-converte
5.85,205.26,37,1.233,2,2024-03-11,NEG-008,hTDP43,WT-A90V-G287S-G294A-A315T-M337V,m,41d,002-converte
137.85,224.74,38,1.267,2,2024-03-11,NEG-008,hTDP43,WT-A90V-G287S-G294A-A315T-M337V,m,41d,002-converte
72.03,225.45,38,1.267,2,2024-03-11,NEG-008,hTDP43,WT-A90V-G287S-G294A-A315T-M337V,m,41d,002-converte
29.79,215.94,38,1.267,2,2024-03-11,NEG-008,hTDP43,WT-A90V-G287S-G294A-A315T-M337V,m,41d,002-converte
10.32,194.15,38,1.267,2,2024-03-11,NEG-008,hTDP43,WT-A90V-G287S-G294A-A315T-M337V,m,41d,002-converte
6.79,214.36,38,1.267,2,2024-03-11,NEG-008,hTDP43,WT-A90V-G287S-G294A-A315T-M337V,m,41d,002-converte
6.46,177.05,38,1.267,2,2024-03-11,NEG-008,hTDP43,WT-A90V-G287S-G294A-A315T-M337V,m,41d,002-converte
5.95,204.41,38,1.267,2,2024-03-11,NEG-008,hTDP43,WT-A90V-G287S-G294A-A315T-M337V,m,41d,002-converte
139.7,224.77,39,1.3,2,2024-03-11,NEG-008,hTDP43,WT-A90V-G287S-G294A-A315T-M337V,m,41d,002-converte
74.72,224.89,39,1.3,2,2024-03-11,NEG-008,hTDP43,WT-A90V-G287S-G294A-A315T-M337V,m,41d,002-converte
30.11,215.92,39,1.3,2,2024-03-11,NEG-008,hTDP43,WT-A90V-G287S-G294A-A315T-M337V,m,41d,002-converte
10.25,193.72,39,1.3,2,2024-03-11,NEG-008,hTDP43,WT-A90V-G287S-G294A-A315T-M337V,m,41d,002-converte
6.8,214.69,39,1.3,2,2024-03-11,NEG-008,hTDP43,WT-A90V-G287S-G294A-A315T-M337V,m,41d,002-converte
6.46,177.05,39,1.3,2,2024-03-11,NEG-008,hTDP43,WT-A90V-G287S-G294A-A315T-M337V,m,41d,002-converte
5.96,204.32,39,1.3,2,2024-03-11,NEG-008,hTDP43,WT-A90V-G287S-G294A-A315T-M337V,m,41d,002-converte
141.09,224.76,40,1.333,2,2024-03-11,NEG-008,hTDP43,WT-A90V-G287S-G294A-A315T-M337V,m,41d,002-converte
75.9,224.8,40,1.333,2,2024-03-11,NEG-008,hTDP43,WT-A90V-G287S-G294A-A315T-M337V,m,41d,002-converte
30.3,216.33,40,1.333,2,2024-03-11,NEG-008,hTDP43,WT-A90V-G287S-G294A-A315T-M337V,m,41d,002-converte
10.3,193.0,40,1.333,2,2024-03-11,NEG-008,hTDP43,WT-A90V-G287S-G294A-A315T-M337V,m,41d,002-converte
6.82,215.0,40,1.333,2,2024-03-11,NEG-008,hTDP43,WT-A90V-G287S-G294A-A315T-M337V,m,41d,002-converte
6.46,177.05,40,1.333,2,2024-03-11,NEG-008,hTDP43,WT-A90V-G287S-G294A-A315T-M337V,m,41d,002-converte
5.95,204.35,40,1.333,2,2024-03-11,NEG-008,hTDP43,WT-A90V-G287S-G294A-A315T-M337V,m,41d,002-converte
142.97,224.77,41,1.367,2,2024-03-11,NEG-008,hTDP43,WT-A90V-G287S-G294A-A315T-M337V,m,41d,002-converte
76.6,224.74,41,1.367,2,2024-03-11,NEG-008,hTDP43,WT-A90V-G287S-G294A-A315T-M337V,m,41d,002-converte
31.41,216.95,41,1.367,2,2024-03-11,NEG-008,hTDP43,WT-A90V-G287S-G294A-A315T-M337V,m,41d,002-converte
10.16,192.37,41,1.367,2,2024-03-11,NEG-008,hTDP43,WT-A90V-G287S-G294A-A315T-M337V,m,41d,002-converte
6.92,215.58,41,1.367,2,2024-03-11,NEG-008,hTDP43,WT-A90V-G287S-G294A-A315T-M337V,m,41d,002-converte
6.42,176.93,41,1.367,2,2024-03-11,NEG-008,hTDP43,WT-A90V-G287S-G294A-A315T-M337V,m,41d,002-converte
5.91,204.41,41,1.367,2,2024-03-11,NEG-008,hTDP43,WT-A90V-G287S-G294A-A315T-M337V,m,41d,002-converte
144.73,224.78,42,1.4,2,2024-03-11,NEG-008,hTDP43,WT-A90V-G287S-G294A-A315T-M337V,m,41d,002-converte
78.85,224.25,42,1.4,2,2024-03-11,NEG-008,hTDP43,WT-A90V-G287S-G294A-A315T-M337V,m,41d,002-converte
32.39,217.14,42,1.4,2,2024-03-11,NEG-008,hTDP43,WT-A90V-G287S-G294A-A315T-M337V,m,41d,002-converte
9.96,192.18,42,1.4,2,2024-03-11,NEG-008,hTDP43,WT-A90V-G287S-G294A-A315T-M337V,m,41d,002-converte
6.96,175.35,42,1.4,2,2024-03-11,NEG-008,hTDP43,WT-A90V-G287S-G294A-A315T-M337V,m,41d,002-converte
6.96,216.11,42,1.4,2,2024-03-11,NEG-008,hTDP43,WT-A90V-G287S-G294A-A315T-M337V,m,41d,002-converte
6.04,204.6,42,1.4,2,2024-03-11,NEG-008,hTDP43,WT-A90V-G287S-G294A-A315T-M337V,m,41d,002-converte
146.09,224.77,43,1.433,2,2024-03-11,NEG-008,hTDP43,WT-A90V-G287S-G294A-A315T-M337V,m,41d,002-converte
80.0,224.18,43,1.433,2,2024-03-11,NEG-008,hTDP43,WT-A90V-G287S-G294A-A315T-M337V,m,41d,002-converte
33.88,217.81,43,1.433,2,2024-03-11,NEG-008,hTDP43,WT-A90V-G287S-G294A-A315T-M337V,m,41d,002-converte
10.02,191.37,43,1.433,2,2024-03-11,NEG-008,hTDP43,WT-A90V-G287S-G294A-A315T-M337V,m,41d,002-converte
7.03,216.53,43,1.433,2,2024-03-11,NEG-008,hTDP43,WT-A90V-G287S-G294A-A315T-M337V,m,41d,002-converte
6.09,175.03,43,1.433,2,2024-03-11,NEG-008,hTDP43,WT-A90V-G287S-G294A-A315T-M337V,m,41d,002-converte
5.8,204.47,43,1.433,2,2024-03-11,NEG-008,hTDP43,WT-A90V-G287S-G294A-A315T-M337V,m,41d,002-converte
147.96,224.8,44,1.467,2,2024-03-11,NEG-008,hTDP43,WT-A90V-G287S-G294A-A315T-M337V,m,41d,002-converte
80.84,224.01,44,1.467,2,2024-03-11,NEG-008,hTDP43,WT-A90V-G287S-G294A-A315T-M337V,m,41d,002-converte
34.92,218.18,44,1.467,2,2024-03-11,NEG-008,hTDP43,WT-A90V-G287S-G294A-A315T-M337V,m,41d,002-converte
9.82,191.15,44,1.467,2,2024-03-11,NEG-008,hTDP43,WT-A90V-G287S-G294A-A315T-M337V,m,41d,002-converte
7.06,216.96,44,1.467,2,2024-03-11,NEG-008,hTDP43,WT-A90V-G287S-G294A-A315T-M337V,m,41d,002-converte
6.15,174.1,44,1.467,2,2024-03-11,NEG-008,hTDP43,WT-A90V-G287S-G294A-A315T-M337V,m,41d,002-converte
5.8,204.24,44,1.467,2,2024-03-11,NEG-008,hTDP43,WT-A90V-G287S-G294A-A315T-M337V,m,41d,002-converte
149.3,224.85,45,1.5,2,2024-03-11,NEG-008,hTDP43,WT-A90V-G287S-G294A-A315T-M337V,m,41d,002-converte
82.08,223.93,45,1.5,2,2024-03-11,NEG-008,hTDP43,WT-A90V-G287S-G294A-A315T-M337V,m,41d,002-converte
36.16,218.76,45,1.5,2,2024-03-11,NEG-008,hTDP43,WT-A90V-G287S-G294A-A315T-M337V,m,41d,002-converte
9.95,190.4,45,1.5,2,2024-03-11,NEG-008,hTDP43,WT-A90V-G287S-G294A-A315T-M337V,m,41d,002-converte
7.04,217.02,45,1.5,2,2024-03-11,NEG-008,hTDP43,WT-A90V-G287S-G294A-A315T-M337V,m,41d,002-converte
5.86,203.96,45,1.5,2,2024-03-11,NEG-008,hTDP43,WT-A90V-G287S-G294A-A315T-M337V,m,41d,002-converte
3.73,170.15,45,1.5,2,2024-03-11,NEG-008,hTDP43,WT-A90V-G287S-G294A-A315T-M337V,m,41d,002-converte
151.18,224.87,46,1.533,2,2024-03-11,NEG-008,hTDP43,WT-A90V-G287S-G294A-A315T-M337V,m,41d,002-converte
83.89,223.75,46,1.533,2,2024-03-11,NEG-008,hTDP43,WT-A90V-G287S-G294A-A315T-M337V,m,41d,002-converte
36.43,218.99,46,1.533,2,2024-03-11,NEG-008,hTDP43,WT-A90V-G287S-G294A-A315T-M337V,m,41d,002-converte
10.04,189.53,46,1.533,2,2024-03-11,NEG-008,hTDP43,WT-A90V-G287S-G294A-A315T-M337V,m,41d,002-converte
7.01,217.07,46,1.533,2,2024-03-11,NEG-008,hTDP43,WT-A90V-G287S-G294A-A315T-M337V,m,41d,002-converte
5.99,203.32,46,1.533,2,2024-03-11,NEG-008,hTDP43,WT-A90V-G287S-G294A-A315T-M337V,m,41d,002-converte
3.91,170.96,46,1.533,2,2024-03-11,NEG-008,hTDP43,WT-A90V-G287S-G294A-A315T-M337V,m,41d,002-converte
152.92,224.87,47,1.567,2,2024-03-11,NEG-008,hTDP43,WT-A90V-G287S-G294A-A315T-M337V,m,41d,002-converte
85.2,223.14,47,1.567,2,2024-03-11,NEG-008,hTDP43,WT-A90V-G287S-G294A-A315T-M337V,m,41d,002-converte
37.4,219.27,47,1.567,2,2024-03-11,NEG-008,hTDP43,WT-A90V-G287S-G294A-A315T-M337V,m,41d,002-converte
9.84,189.15,47,1.567,2,2024-03-11,NEG-008,hTDP43,WT-A90V-G287S-G294A-A315T-M337V,m,41d,002-converte
6.98,217.12,47,1.567,2,2024-03-11,NEG-008,hTDP43,WT-A90V-G287S-G294A-A315T-M337V,m,41d,002-converte
5.99,203.03,47,1.567,2,2024-03-11,NEG-008,hTDP43,WT-A90V-G287S-G294A-A315T-M337V,m,41d,002-converte
5.13,169.51,47,1.567,2,2024-03-11,NEG-008,hTDP43,WT-A90V-G287S-G294A-A315T-M337V,m,41d,002-converte
154.27,224.87,48,1.6,2,2024-03-11,NEG-008,hTDP43,WT-A90V-G287S-G294A-A315T-M337V,m,41d,002-converte
86.77,222.82,48,1.6,2,2024-03-11,NEG-008,hTDP43,WT-A90V-G287S-G294A-A315T-M337V,m,41d,002-converte
39.12,219.81,48,1.6,2,2024-03-11,NEG-008,hTDP43,WT-A90V-G287S-G294A-A315T-M337V,m,41d,002-converte
9.19,188.93,48,1.6,2,2024-03-11,NEG-008,hTDP43,WT-A90V-G287S-G294A-A315T-M337V,m,41d,002-converte
6.95,217.17,48,1.6,2,2024-03-11,NEG-008,hTDP43,WT-A90V-G287S-G294A-A315T-M337V,m,41d,002-converte
6.09,202.35,48,1.6,2,2024-03-11,NEG-008,hTDP43,WT-A90V-G287S-G294A-A315T-M337V,m,41d,002-converte
6.01,170.48,48,1.6,2,2024-03-11,NEG-008,hTDP43,WT-A90V-G287S-G294A-A315T-M337V,m,41d,002-converte
156.13,224.82,49,1.633,2,2024-03-11,NEG-008,hTDP43,WT-A90V-G287S-G294A-A315T-M337V,m,41d,002-converte
89.75,221.34,49,1.633,2,2024-03-11,NEG-008,hTDP43,WT-A90V-G287S-G294A-A315T-M337V,m,41d,002-converte
40.77,220.56,49,1.633,2,2024-03-11,NEG-008,hTDP43,WT-A90V-G287S-G294A-A315T-M337V,m,41d,002-converte
9.12,188.36,49,1.633,2,2024-03-11,NEG-008,hTDP43,WT-A90V-G287S-G294A-A315T-M337V,m,41d,002-converte
6.95,217.17,49,1.633,2,2024-03-11,NEG-008,hTDP43,WT-A90V-G287S-G294A-A315T-M337V,m,41d,002-converte
6.11,202.21,49,1.633,2,2024-03-11,NEG-008,hTDP43,WT-A90V-G287S-G294A-A315T-M337V,m,41d,002-converte
4.33,169.3,49,1.633,2,2024-03-11,NEG-008,hTDP43,WT-A90V-G287S-G294A-A315T-M337V,m,41d,002-converte
158.0,224.82,50,1.667,2,2024-03-11,NEG-008,hTDP43,WT-A90V-G287S-G294A-A315T-M337V,m,41d,002-converte
91.07,220.78,50,1.667,2,2024-03-11,NEG-008,hTDP43,WT-A90V-G287S-G294A-A315T-M337V,m,41d,002-converte
41.05,220.56,50,1.667,2,2024-03-11,NEG-008,hTDP43,WT-A90V-G287S-G294A-A315T-M337V,m,41d,002-converte
9.03,188.12,50,1.667,2,2024-03-11,NEG-008,hTDP43,WT-A90V-G287S-G294A-A315T-M337V,m,41d,002-converte
6.8,217.21,50,1.667,2,2024-03-11,NEG-008,hTDP43,WT-A90V-G287S-G294A-A315T-M337V,m,41d,002-converte
6.13,202.07,50,1.667,2,2024-03-11,NEG-008,hTDP43,WT-A90V-G287S-G294A-A315T-M337V,m,41d,002-converte
4.11,169.04,50,1.667,2,2024-03-11,NEG-008,hTDP43,WT-A90V-G287S-G294A-A315T-M337V,m,41d,002-converte
159.28,224.38,51,1.7,2,2024-03-11,NEG-008,hTDP43,WT-A90V-G287S-G294A-A315T-M337V,m,41d,002-converte
93.06,220.2,51,1.7,2,2024-03-11,NEG-008,hTDP43,WT-A90V-G287S-G294A-A315T-M337V,m,41d,002-converte
41.11,220.83,51,1.7,2,2024-03-11,NEG-008,hTDP43,WT-A90V-G287S-G294A-A315T-M337V,m,41d,002-converte
8.76,187.22,51,1.7,2,2024-03-11,NEG-008,hTDP43,WT-A90V-G287S-G294A-A315T-M337V,m,41d,002-converte
6.72,217.24,51,1.7,2,2024-03-11,NEG-008,hTDP43,WT-A90V-G287S-G294A-A315T-M337V,m,41d,002-converte
6.04,202.08,51,1.7,2,2024-03-11,NEG-008,hTDP43,WT-A90V-G287S-G294A-A315T-M337V,m,41d,002-converte
4.21,169.08,51,1.7,2,2024-03-11,NEG-008,hTDP43,WT-A90V-G287S-G294A-A315T-M337V,m,41d,002-converte
161.02,224.4,52,1.733,2,2024-03-11,NEG-008,hTDP43,WT-A90V-G287S-G294A-A315T-M337V,m,41d,002-converte
94.83,219.41,52,1.733,2,2024-03-11,NEG-008,hTDP43,WT-A90V-G287S-G294A-A315T-M337V,m,41d,002-converte
41.43,220.75,52,1.733,2,2024-03-11,NEG-008,hTDP43,WT-A90V-G287S-G294A-A315T-M337V,m,41d,002-converte
8.47,186.45,52,1.733,2,2024-03-11,NEG-008,hTDP43,WT-A90V-G287S-G294A-A315T-M337V,m,41d,002-converte
6.64,217.25,52,1.733,2,2024-03-11,NEG-008,hTDP43,WT-A90V-G287S-G294A-A315T-M337V,m,41d,002-converte
6.05,202.07,52,1.733,2,2024-03-11,NEG-008,hTDP43,WT-A90V-G287S-G294A-A315T-M337V,m,41d,002-converte
4.21,169.09,52,1.733,2,2024-03-11,NEG-008,hTDP43,WT-A90V-G287S-G294A-A315T-M337V,m,41d,002-converte
162.93,224.34,53,1.767,2,2024-03-11,NEG-008,hTDP43,WT-A90V-G287S-G294A-A315T-M337V,m,41d,002-converte
95.76,218.94,53,1.767,2,2024-03-11,NEG-008,hTDP43,WT-A90V-G287S-G294A-A315T-M337V,m,41d,002-converte
43.64,220.3,53,1.767,2,2024-03-11,NEG-008,hTDP43,WT-A90V-G287S-G294A-A315T-M337V,m,41d,002-converte
8.34,185.4,53,1.767,2,2024-03-11,NEG-008,hTDP43,WT-A90V-G287S-G294A-A315T-M337V,m,41d,002-converte
6.6,217.26,53,1.767,2,2024-03-11,NEG-008,hTDP43,WT-A90V-G287S-G294A-A315T-M337V,m,41d,002-converte
6.02,202.2,53,1.767,2,2024-03-11,NEG-008,hTDP43,WT-A90V-G287S-G294A-A315T-M337V,m,41d,002-converte
4.21,169.09,53,1.767,2,2024-03-11,NEG-008,hTDP43,WT-A90V-G287S-G294A-A315T-M337V,m,41d,002-converte
164.04,224.34,54,1.8,2,2024-03-11,NEG-008,hTDP43,WT-A90V-G287S-G294A-A315T-M337V,m,41d,002-converte
96.15,218.36,54,1.8,2,2024-03-11,NEG-008,hTDP43,WT-A90V-G287S-G294A-A315T-M337V,m,41d,002-converte
42.51,220.6,54,1.8,2,2024-03-11,NEG-008,hTDP43,WT-A90V-G287S-G294A-A315T-M337V,m,41d,002-converte
8.09,185.02,54,1.8,2,2024-03-11,NEG-008,hTDP43,WT-A90V-G287S-G294A-A315T-M337V,m,41d,002-converte
6.56,217.26,54,1.8,2,2024-03-11,NEG-008,hTDP43,WT-A90V-G287S-G294A-A315T-M337V,m,41d,002-converte
6.0,202.32,54,1.8,2,2024-03-11,NEG-008,hTDP43,WT-A90V-G287S-G294A-A315T-M337V,m,41d,002-converte
4.74,168.17,54,1.8,2,2024-03-11,NEG-008,hTDP43,WT-A90V-G287S-G294A-A315T-M337V,m,41d,002-converte
165.93,224.35,55,1.833,2,2024-03-11,NEG-008,hTDP43,WT-A90V-G287S-G294A-A315T-M337V,m,41d,002-converte
96.15,218.36,55,1.833,2,2024-03-11,NEG-008,hTDP43,WT-A90V-G287S-G294A-A315T-M337V,m,41d,002-converte
45.79,220.02,55,1.833,2,2024-03-11,NEG-008,hTDP43,WT-A90V-G287S-G294A-A315T-M337V,m,41d,002-converte
7.96,184.29,55,1.833,2,2024-03-11,NEG-008,hTDP43,WT-A90V-G287S-G294A-A315T-M337V,m,41d,002-converte
6.52,217.27,55,1.833,2,2024-03-11,NEG-008,hTDP43,WT-A90V-G287S-G294A-A315T-M337V,m,41d,002-converte
6.0,202.32,55,1.833,2,2024-03-11,NEG-008,hTDP43,WT-A90V-G287S-G294A-A315T-M337V,m,41d,002-converte
5.05,167.87,55,1.833,2,2024-03-11,NEG-008,hTDP43,WT-A90V-G287S-G294A-A315T-M337V,m,41d,002-converte
167.14,224.34,56,1.867,2,2024-03-11,NEG-008,hTDP43,WT-A90V-G287S-G294A-A315T-M337V,m,41d,002-converte
96.15,218.36,56,1.867,2,2024-03-11,NEG-008,hTDP43,WT-A90V-G287S-G294A-A315T-M337V,m,41d,002-converte
45.39,219.94,56,1.867,2,2024-03-11,NEG-008,hTDP43,WT-A90V-G287S-G294A-A315T-M337V,m,41d,002-converte
7.55,183.38,56,1.867,2,2024-03-11,NEG-008,hTDP43,WT-A90V-G287S-G294A-A315T-M337V,m,41d,002-converte
6.48,217.28,56,1.867,2,2024-03-11,NEG-008,hTDP43,WT-A90V-G287S-G294A-A315T-M337V,m,41d,002-converte
5.99,202.32,56,1.867,2,2024-03-11,NEG-008,hTDP43,WT-A90V-G287S-G294A-A315T-M337V,m,41d,002-converte
5.17,167.88,56,1.867,2,2024-03-11,NEG-008,hTDP43,WT-A90V-G287S-G294A-A315T-M337V,m,41d,002-converte
169.04,224.34,57,1.9,2,2024-03-11,NEG-008,hTDP43,WT-A90V-G287S-G294A-A315T-M337V,m,41d,002-converte
96.15,218.36,57,1.9,2,2024-03-11,NEG-008,hTDP43,WT-A90V-G287S-G294A-A315T-M337V,m,41d,002-converte
46.45,220.17,57,1.9,2,2024-03-11,NEG-008,hTDP43,WT-A90V-G287S-G294A-A315T-M337V,m,41d,002-converte
7.18,183.04,57,1.9,2,2024-03-11,NEG-008,hTDP43,WT-A90V-G287S-G294A-A315T-M337V,m,41d,002-converte
6.38,217.23,57,1.9,2,2024-03-11,NEG-008,hTDP43,WT-A90V-G287S-G294A-A315T-M337V,m,41d,002-converte
5.99,202.32,57,1.9,2,2024-03-11,NEG-008,hTDP43,WT-A90V-G287S-G294A-A315T-M337V,m,41d,002-converte
5.36,167.73,57,1.9,2,2024-03-11,NEG-008,hTDP43,WT-A90V-G287S-G294A-A315T-M337V,m,41d,002-converte
170.83,224.27,58,1.933,2,2024-03-11,NEG-008,hTDP43,WT-A90V-G287S-G294A-A315T-M337V,m,41d,002-converte
96.15,218.36,58,1.933,2,2024-03-11,NEG-008,hTDP43,WT-A90V-G287S-G294A-A315T-M337V,m,41d,002-converte
47.42,219.97,58,1.933,2,2024-03-11,NEG-008,hTDP43,WT-A90V-G287S-G294A-A315T-M337V,m,41d,002-converte
7.2,182.16,58,1.933,2,2024-03-11,NEG-008,hTDP43,WT-A90V-G287S-G294A-A315T-M337V,m,41d,002-converte
6.28,217.17,58,1.933,2,2024-03-11,NEG-008,hTDP43,WT-A90V-G287S-G294A-A315T-M337V,m,41d,002-converte
5.95,202.81,58,1.933,2,2024-03-11,NEG-008,hTDP43,WT-A90V-G287S-G294A-A315T-M337V,m,41d,002-converte
5.55,167.57,58,1.933,2,2024-03-11,NEG-008,hTDP43,WT-A90V-G287S-G294A-A315T-M337V,m,41d,002-converte
171.24,224.1,59,1.967,2,2024-03-11,NEG-008,hTDP43,WT-A90V-G287S-G294A-A315T-M337V,m,41d,002-converte
95.6,218.87,59,1.967,2,2024-03-11,NEG-008,hTDP43,WT-A90V-G287S-G294A-A315T-M337V,m,41d,002-converte
49.96,219.16,59,1.967,2,2024-03-11,NEG-008,hTDP43,WT-A90V-G287S-G294A-A315T-M337V,m,41d,002-converte
7.01,181.37,59,1.967,2,2024-03-11,NEG-008,hTDP43,WT-A90V-G287S-G294A-A315T-M337V,m,41d,002-converte
6.15,216.97,59,1.967,2,2024-03-11,NEG-008,hTDP43,WT-A90V-G287S-G294A-A315T-M337V,m,41d,002-converte
5.95,202.81,59,1.967,2,2024-03-11,NEG-008,hTDP43,WT-A90V-G287S-G294A-A315T-M337V,m,41d,002-converte
5.68,167.24,59,1.967,2,2024-03-11,NEG-008,hTDP43,WT-A90V-G287S-G294A-A315T-M337V,m,41d,002-converte
172.38,224.13,60,2.0,2,2024-03-11,NEG-008,hTDP43,WT-A90V-G287S-G294A-A315T-M337V,m,41d,002-converte
97.36,219.28,60,2.0,2,2024-03-11,NEG-008,hTDP43,WT-A90V-G287S-G294A-A315T-M337V,m,41d,002-converte
50.23,219.03,60,2.0,2,2024-03-11,NEG-008,hTDP43,WT-A90V-G287S-G294A-A315T-M337V,m,41d,002-converte
6.58,181.12,60,2.0,2,2024-03-11,NEG-008,hTDP43,WT-A90V-G287S-G294A-A315T-M337V,m,41d,002-converte
6.09,202.52,60,2.0,2,2024-03-11,NEG-008,hTDP43,WT-A90V-G287S-G294A-A315T-M337V,m,41d,002-converte
6.03,216.79,60,2.0,2,2024-03-11,NEG-008,hTDP43,WT-A90V-G287S-G294A-A315T-M337V,m,41d,002-converte
5.72,167.11,60,2.0,2,2024-03-11,NEG-008,hTDP43,WT-A90V-G287S-G294A-A315T-M337V,m,41d,002-converte
173.89,223.87,61,2.033,2,2024-03-11,NEG-008,hTDP43,WT-A90V-G287S-G294A-A315T-M337V,m,41d,002-converte
100.13,219.98,61,2.033,2,2024-03-11,NEG-008,hTDP43,WT-A90V-G287S-G294A-A315T-M337V,m,41d,002-converte
50.33,219.23,61,2.033,2,2024-03-11,NEG-008,hTDP43,WT-A90V-G287S-G294A-A315T-M337V,m,41d,002-converte
6.42,180.24,61,2.033,2,2024-03-11,NEG-008,hTDP43,WT-A90V-G287S-G294A-A315T-M337V,m,41d,002-converte
6.07,202.32,61,2.033,2,2024-03-11,NEG-008,hTDP43,WT-A90V-G287S-G294A-A315T-M337V,m,41d,002-converte
5.99,216.7,61,2.033,2,2024-03-11,NEG-008,hTDP43,WT-A90V-G287S-G294A-A315T-M337V,m,41d,002-converte
5.8,166.95,61,2.033,2,2024-03-11,NEG-008,hTDP43,WT-A90V-G287S-G294A-A315T-M337V,m,41d,002-converte
174.08,223.87,62,2.067,2,2024-03-11,NEG-008,hTDP43,WT-A90V-G287S-G294A-A315T-M337V,m,41d,002-converte
102.06,220.69,62,2.067,2,2024-03-11,NEG-008,hTDP43,WT-A90V-G287S-G294A-A315T-M337V,m,41d,002-converte
52.02,219.09,62,2.067,2,2024-03-11,NEG-008,hTDP43,WT-A90V-G287S-G294A-A315T-M337V,m,41d,002-converte
6.25,179.26,62,2.067,2,2024-03-11,NEG-008,hTDP43,WT-A90V-G287S-G294A-A315T-M337V,m,41d,002-converte
6.06,202.1,62,2.067,2,2024-03-11,NEG-008,hTDP43,WT-A90V-G287S-G294A-A315T-M337V,m,41d,002-converte
5.94,216.59,62,2.067,2,2024-03-11,NEG-008,hTDP43,WT-A90V-G287S-G294A-A315T-M337V,m,41d,002-converte
5.87,166.77,62,2.067,2,2024-03-11,NEG-008,hTDP43,WT-A90V-G287S-G294A-A315T-M337V,m,41d,002-converte
175.04,223.76,63,2.1,2,2024-03-11,NEG-008,hTDP43,WT-A90V-G287S-G294A-A315T-M337V,m,41d,002-converte
103.45,221.43,63,2.1,2,2024-03-11,NEG-008,hTDP43,WT-A90V-G287S-G294A-A315T-M337V,m,41d,002-converte
53.86,218.22,63,2.1,2,2024-03-11,NEG-008,hTDP43,WT-A90V-G287S-G294A-A315T-M337V,m,41d,002-converte
6.16,178.95,63,2.1,2,2024-03-11,NEG-008,hTDP43,WT-A90V-G287S-G294A-A315T-M337V,m,41d,002-converte
6.06,202.1,63,2.1,2,2024-03-11,NEG-008,hTDP43,WT-A90V-G287S-G294A-A315T-M337V,m,41d,002-converte
5.95,216.37,63,2.1,2,2024-03-11,NEG-008,hTDP43,WT-A90V-G287S-G294A-A315T-M337V,m,41d,002-converte
5.93,166.74,63,2.1,2,2024-03-11,NEG-008,hTDP43,WT-A90V-G287S-G294A-A315T-M337V,m,41d,002-converte
175.52,223.58,64,2.133,2,2024-03-11,NEG-008,hTDP43,WT-A90V-G287S-G294A-A315T-M337V,m,41d,002-converte
105.69,222.0,64,2.133,2,2024-03-11,NEG-008,hTDP43,WT-A90V-G287S-G294A-A315T-M337V,m,41d,002-converte
54.69,218.04,64,2.133,2,2024-03-11,NEG-008,hTDP43,WT-A90V-G287S-G294A-A315T-M337V,m,41d,002-converte
6.03,178.25,64,2.133,2,2024-03-11,NEG-008,hTDP43,WT-A90V-G287S-G294A-A315T-M337V,m,41d,002-converte
5.99,166.71,64,2.133,2,2024-03-11,NEG-008,hTDP43,WT-A90V-G287S-G294A-A315T-M337V,m,41d,002-converte
5.95,216.14,64,2.133,2,2024-03-11,NEG-008,hTDP43,WT-A90V-G287S-G294A-A315T-M337V,m,41d,002-converte
5.86,201.92,64,2.133,2,2024-03-11,NEG-008,hTDP43,WT-A90V-G287S-G294A-A315T-M337V,m,41d,002-converte
177.87,223.31,65,2.167,2,2024-03-11,NEG-008,hTDP43,WT-A90V-G287S-G294A-A315T-M337V,m,41d,002-converte
108.98,222.88,65,2.167,2,2024-03-11,NEG-008,hTDP43,WT-A90V-G287S-G294A-A315T-M337V,m,41d,002-converte
54.22,218.01,65,2.167,2,2024-03-11,NEG-008,hTDP43,WT-A90V-G287S-G294A-A315T-M337V,m,41d,002-converte
5.95,166.72,65,2.167,2,2024-03-11,NEG-008,hTDP43,WT-A90V-G287S-G294A-A315T-M337V,m,41d,002-converte
5.9,215.57,65,2.167,2,2024-03-11,NEG-008,hTDP43,WT-A90V-G287S-G294A-A315T-M337V,m,41d,002-converte
5.83,201.49,65,2.167,2,2024-03-11,NEG-008,hTDP43,WT-A90V-G287S-G294A-A315T-M337V,m,41d,002-converte
5.74,177.56,65,2.167,2,2024-03-11,NEG-008,hTDP43,WT-A90V-G287S-G294A-A315T-M337V,m,41d,002-converte
178.92,223.38,66,2.2,2,2024-03-11,NEG-008,hTDP43,WT-A90V-G287S-G294A-A315T-M337V,m,41d,002-converte
110.39,223.35,66,2.2,2,2024-03-11,NEG-008,hTDP43,WT-A90V-G287S-G294A-A315T-M337V,m,41d,002-converte
55.33,218.07,66,2.2,2,2024-03-11,NEG-008,hTDP43,WT-A90V-G287S-G294A-A315T-M337V,m,41d,002-converte
5.91,166.74,66,2.2,2,2024-03-11,NEG-008,hTDP43,WT-A90V-G287S-G294A-A315T-M337V,m,41d,002-converte
5.9,214.98,66,2.2,2,2024-03-11,NEG-008,hTDP43,WT-A90V-G287S-G294A-A315T-M337V,m,41d,002-converte
5.7,177.21,66,2.2,2,2024-03-11,NEG-008,hTDP43,WT-A90V-G287S-G294A-A315T-M337V,m,41d,002-converte
5.65,201.3,66,2.2,2,2024-03-11,NEG-008,hTDP43,WT-A90V-G287S-G294A-A315T-M337V,m,41d,002-converte
180.02,223.28,67,2.233,2,2024-03-11,NEG-008,hTDP43,WT-A90V-G287S-G294A-A315T-M337V,m,41d,002-converte
113.19,224.0,67,2.233,2,2024-03-11,NEG-008,hTDP43,WT-A90V-G287S-G294A-A315T-M337V,m,41d,002-converte
56.45,217.86,67,2.233,2,2024-03-11,NEG-008,hTDP43,WT-A90V-G287S-G294A-A315T-M337V,m,41d,002-converte
5.95,166.6,67,2.233,2,2024-03-11,NEG-008,hTDP43,WT-A90V-G287S-G294A-A315T-M337V,m,41d,002-converte
5.95,214.31,67,2.233,2,2024-03-11,NEG-008,hTDP43,WT-A90V-G287S-G294A-A315T-M337V,m,41d,002-converte
5.78,176.5,67,2.233,2,2024-03-11,NEG-008,hTDP43,WT-A90V-G287S-G294A-A315T-M337V,m,41d,002-converte
5.56,201.41,67,2.233,2,2024-03-11,NEG-008,hTDP43,WT-A90V-G287S-G294A-A315T-M337V,m,41d,002-converte
181.02,223.28,68,2.267,2,2024-03-11,NEG-008,hTDP43,WT-A90V-G287S-G294A-A315T-M337V,m,41d,002-converte
115.25,224.22,68,2.267,2,2024-03-11,NEG-008,hTDP43,WT-A90V-G287S-G294A-A315T-M337V,m,41d,002-converte
58.85,217.0,68,2.267,2,2024-03-11,NEG-008,hTDP43,WT-A90V-G287S-G294A-A315T-M337V,m,41d,002-converte
5.94,213.6,68,2.267,2,2024-03-11,NEG-008,hTDP43,WT-A90V-G287S-G294A-A315T-M337V,m,41d,002-converte
5.91,166.69,68,2.267,2,2024-03-11,NEG-008,hTDP43,WT-A90V-G287S-G294A-A315T-M337V,m,41d,002-converte
5.79,176.03,68,2.267,2,2024-03-11,NEG-008,hTDP43,WT-A90V-G287S-G294A-A315T-M337V,m,41d,002-converte
5.43,201.59,68,2.267,2,2024-03-11,NEG-008,hTDP43,WT-A90V-G287S-G294A-A315T-M337V,m,41d,002-converte
181.52,223.12,69,2.3,2,2024-03-11,NEG-008,hTDP43,WT-A90V-G287S-G294A-A315T-M337V,m,41d,002-converte
117.75,224.75,69,2.3,2,2024-03-11,NEG-008,hTDP43,WT-A90V-G287S-G294A-A315T-M337V,m,41d,002-converte
59.22,216.87,69,2.3,2,2024-03-11,NEG-008,hTDP43,WT-A90V-G287S-G294A-A315T-M337V,m,41d,002-converte
6.03,175.34,69,2.3,2,2024-03-11,NEG-008,hTDP43,WT-A90V-G287S-G294A-A315T-M337V,m,41d,002-converte
5.96,166.55,69,2.3,2,2024-03-11,NEG-008,hTDP43,WT-A90V-G287S-G294A-A315T-M337V,m,41d,002-converte
5.89,212.86,69,2.3,2,2024-03-11,NEG-008,hTDP43,WT-A90V-G287S-G294A-A315T-M337V,m,41d,002-converte
5.44,201.35,69,2.3,2,2024-03-11,NEG-008,hTDP43,WT-A90V-G287S-G294A-A315T-M337V,m,41d,002-converte
183.14,223.1,70,2.333,2,2024-03-11,NEG-008,hTDP43,WT-A90V-G287S-G294A-A315T-M337V,m,41d,002-converte
121.19,225.13,70,2.333,2,2024-03-11,NEG-008,hTDP43,WT-A90V-G287S-G294A-A315T-M337V,m,41d,002-converte
60.3,216.82,70,2.333,2,2024-03-11,NEG-008,hTDP43,WT-A90V-G287S-G294A-A315T-M337V,m,41d,002-converte
5.99,175.24,70,2.333,2,2024-03-11,NEG-008,hTDP43,WT-A90V-G287S-G294A-A315T-M337V,m,41d,002-converte
5.97,166.55,70,2.333,2,2024-03-11,NEG-008,hTDP43,WT-A90V-G287S-G294A-A315T-M337V,m,41d,002-converte
5.84,212.33,70,2.333,2,2024-03-11,NEG-008,hTDP43,WT-A90V-G287S-G294A-A315T-M337V,m,41d,002-converte
5.43,201.17,70,2.333,2,2024-03-11,NEG-008,hTDP43,WT-A90V-G287S-G294A-A315T-M337V,m,41d,002-converte
184.25,222.9,71,2.367,2,2024-03-11,NEG-008,hTDP43,WT-A90V-G287S-G294A-A315T-M337V,m,41d,002-converte
124.0,225.2,71,2.367,2,2024-03-11,NEG-008,hTDP43,WT-A90V-G287S-G294A-A315T-M337V,m,41d,002-converte
61.32,216.6,71,2.367,2,2024-03-11,NEG-008,hTDP43,WT-A90V-G287S-G294A-A315T-M337V,m,41d,002-converte
6.21,174.79,71,2.367,2,2024-03-11,NEG-008,hTDP43,WT-A90V-G287S-G294A-A315T-M337V,m,41d,002-converte
5.95,166.51,71,2.367,2,2024-03-11,NEG-008,hTDP43,WT-A90V-G287S-G294A-A315T-M337V,m,41d,002-converte
5.73,211.76,71,2.367,2,2024-03-11,NEG-008,hTDP43,WT-A90V-G287S-G294A-A315T-M337V,m,41d,002-converte
5.43,200.94,71,2.367,2,2024-03-11,NEG-008,hTDP43,WT-A90V-G287S-G294A-A315T-M337V,m,41d,002-converte
184.61,222.89,72,2.4,2,2024-03-11,NEG-008,hTDP43,WT-A90V-G287S-G294A-A315T-M337V,m,41d,002-converte
126.21,225.65,72,2.4,2,2024-03-11,NEG-008,hTDP43,WT-A90V-G287S-G294A-A315T-M337V,m,41d,002-converte
63.1,216.04,72,2.4,2,2024-03-11,NEG-008,hTDP43,WT-A90V-G287S-G294A-A315T-M337V,m,41d,002-converte
5.93,166.47,72,2.4,2,2024-03-11,NEG-008,hTDP43,WT-A90V-G287S-G294A-A315T-M337V,m,41d,002-converte
5.85,211.58,72,2.4,2,2024-03-11,NEG-008,hTDP43,WT-A90V-G287S-G294A-A315T-M337V,m,41d,002-converte
5.75,200.49,72,2.4,2,2024-03-11,NEG-008,hTDP43,WT-A90V-G287S-G294A-A315T-M337V,m,41d,002-converte
186.33,222.88,73,2.433,2,2024-03-11,NEG-008,hTDP43,WT-A90V-G287S-G294A-A315T-M337V,m,41d,002-converte
128.04,225.64,73,2.433,2,2024-03-11,NEG-008,hTDP43,WT-A90V-G287S-G294A-A315T-M337V,m,41d,002-converte
62.66,215.81,73,2.433,2,2024-03-11,NEG-008,hTDP43,WT-A90V-G287S-G294A-A315T-M337V,m,41d,002-converte
5.91,166.41,73,2.433,2,2024-03-11,NEG-008,hTDP43,WT-A90V-G287S-G294A-A315T-M337V,m,41d,002-converte
5.85,211.25,73,2.433,2,2024-03-11,NEG-008,hTDP43,WT-A90V-G287S-G294A-A315T-M337V,m,41d,002-converte
5.75,200.49,73,2.433,2,2024-03-11,NEG-008,hTDP43,WT-A90V-G287S-G294A-A315T-M337V,m,41d,002-converte
187.33,222.81,74,2.467,2,2024-03-11,NEG-008,hTDP43,WT-A90V-G287S-G294A-A315T-M337V,m,41d,002-converte
130.95,225.7,74,2.467,2,2024-03-11,NEG-008,hTDP43,WT-A90V-G287S-G294A-A315T-M337V,m,41d,002-converte
64.34,215.67,74,2.467,2,2024-03-11,NEG-008,hTDP43,WT-A90V-G287S-G294A-A315T-M337V,m,41d,002-converte
6.01,199.94,74,2.467,2,2024-03-11,NEG-008,hTDP43,WT-A90V-G287S-G294A-A315T-M337V,m,41d,002-converte
5.91,166.41,74,2.467,2,2024-03-11,NEG-008,hTDP43,WT-A90V-G287S-G294A-A315T-M337V,m,41d,002-converte
5.85,211.01,74,2.467,2,2024-03-11,NEG-008,hTDP43,WT-A90V-G287S-G294A-A315T-M337V,m,41d,002-converte
189.27,222.44,75,2.5,2,2024-03-11,NEG-008,hTDP43,WT-A90V-G287S-G294A-A315T-M337V,m,41d,002-converte
132.94,225.45,75,2.5,2,2024-03-11,NEG-008,hTDP43,WT-A90V-G287S-G294A-A315T-M337V,m,41d,002-converte
66.3,214.9,75,2.5,2,2024-03-11,NEG-008,hTDP43,WT-A90V-G287S-G294A-A315T-M337V,m,41d,002-converte
6.14,199.08,75,2.5,2,2024-03-11,NEG-008,hTDP43,WT-A90V-G287S-G294A-A315T-M337V,m,41d,002-converte
5.91,166.39,75,2.5,2,2024-03-11,NEG-008,hTDP43,WT-A90V-G287S-G294A-A315T-M337V,m,41d,002-converte
5.86,210.89,75,2.5,2,2024-03-11,NEG-008,hTDP43,WT-A90V-G287S-G294A-A315T-M337V,m,41d,002-converte
190.32,222.47,76,2.533,2,2024-03-11,NEG-008,hTDP43,WT-A90V-G287S-G294A-A315T-M337V,m,41d,002-converte
134.93,225.09,76,2.533,2,2024-03-11,NEG-008,hTDP43,WT-A90V-G287S-G294A-A315T-M337V,m,41d,002-converte
66.6,214.8,76,2.533,2,2024-03-11,NEG-008,hTDP43,WT-A90V-G287S-G294A-A315T-M337V,m,41d,002-converte
18.89,159.57,76,2.533,2,2024-03-11,NEG-008,hTDP43,WT-A90V-G287S-G294A-A315T-M337V,m,41d,002-converte
6.3,198.05,76,2.533,2,2024-03-11,NEG-008,hTDP43,WT-A90V-G287S-G294A-A315T-M337V,m,41d,002-converte
5.87,210.78,76,2.533,2,2024-03-11,NEG-008,hTDP43,WT-A90V-G287S-G294A-A315T-M337V,m,41d,002-converte
5.36,172.64,76,2.533,2,2024-03-11,NEG-008,hTDP43,WT-A90V-G287S-G294A-A315T-M337V,m,41d,002-converte
191.53,222.23,77,2.567,2,2024-03-11,NEG-008,hTDP43,WT-A90V-G287S-G294A-A315T-M337V,m,41d,002-converte
136.77,224.9,77,2.567,2,2024-03-11,NEG-008,hTDP43,WT-A90V-G287S-G294A-A315T-M337V,m,41d,002-converte
68.83,214.21,77,2.567,2,2024-03-11,NEG-008,hTDP43,WT-A90V-G287S-G294A-A315T-M337V,m,41d,002-converte
16.26,161.86,77,2.567,2,2024-03-11,NEG-008,hTDP43,WT-A90V-G287S-G294A-A315T-M337V,m,41d,002-converte
6.39,197.45,77,2.567,2,2024-03-11,NEG-008,hTDP43,WT-A90V-G287S-G294A-A315T-M337V,m,41d,002-converte
5.87,210.78,77,2.567,2,2024-03-11,NEG-008,hTDP43,WT-A90V-G287S-G294A-A315T-M337V,m,41d,002-converte
5.34,172.65,77,2.567,2,2024-03-11,NEG-008,hTDP43,WT-A90V-G287S-G294A-A315T-M337V,m,41d,002-converte
193.28,222.22,78,2.6,2,2024-03-11,NEG-008,hTDP43,WT-A90V-G287S-G294A-A315T-M337V,m,41d,002-converte
138.24,224.49,78,2.6,2,2024-03-11,NEG-008,hTDP43,WT-A90V-G287S-G294A-A315T-M337V,m,41d,002-converte
70.07,214.16,78,2.6,2,2024-03-11,NEG-008,hTDP43,WT-A90V-G287S-G294A-A315T-M337V,m,41d,002-converte
6.31,197.0,78,2.6,2,2024-03-11,NEG-008,hTDP43,WT-A90V-G287S-G294A-A315T-M337V,m,41d,002-converte
5.87,210.78,78,2.6,2,2024-03-11,NEG-008,hTDP43,WT-A90V-G287S-G294A-A315T-M337V,m,41d,002-converte
5.57,164.05,78,2.6,2,2024-03-11,NEG-008,hTDP43,WT-A90V-G287S-G294A-A315T-M337V,m,41d,002-converte
5.14,172.74,78,2.6,2,2024-03-11,NEG-008,hTDP43,WT-A90V-G287S-G294A-A315T-M337V,m,41d,002-converte
194.42,222.01,79,2.633,2,2024-03-11,NEG-008,hTDP43,WT-A90V-G287S-G294A-A315T-M337V,m,41d,002-converte
139.95,223.9,79,2.633,2,2024-03-11,NEG-008,hTDP43,WT-A90V-G287S-G294A-A315T-M337V,m,41d,002-converte
71.22,213.99,79,2.633,2,2024-03-11,NEG-008,hTDP43,WT-A90V-G287S-G294A-A315T-M337V,m,41d,002-converte
6.3,195.96,79,2.633,2,2024-03-11,NEG-008,hTDP43,WT-A90V-G287S-G294A-A315T-M337V,m,41d,002-converte
5.84,210.77,79,2.633,2,2024-03-11,NEG-008,hTDP43,WT-A90V-G287S-G294A-A315T-M337V,m,41d,002-converte
5.16,163.81,79,2.633,2,2024-03-11,NEG-008,hTDP43,WT-A90V-G287S-G294A-A315T-M337V,m,41d,002-converte
5.05,172.73,79,2.633,2,2024-03-11,NEG-008,hTDP43,WT-A90V-G287S-G294A-A315T-M337V,m,41d,002-converte
196.34,221.99,80,2.667,2,2024-03-11,NEG-008,hTDP43,WT-A90V-G287S-G294A-A315T-M337V,m,41d,002-converte
141.79,223.48,80,2.667,2,2024-03-11,NEG-008,hTDP43,WT-A90V-G287S-G294A-A315T-M337V,m,41d,002-converte
71.46,213.78,80,2.667,2,2024-03-11,NEG-008,hTDP43,WT-A90V-G287S-G294A-A315T-M337V,m,41d,002-converte
6.28,195.04,80,2.667,2,2024-03-11,NEG-008,hTDP43,WT-A90V-G287S-G294A-A315T-M337V,m,41d,002-converte
5.8,210.77,80,2.667,2,2024-03-11,NEG-008,hTDP43,WT-A90V-G287S-G294A-A315T-M337V,m,41d,002-converte
5.32,163.21,80,2.667,2,2024-03-11,NEG-008,hTDP43,WT-A90V-G287S-G294A-A315T-M337V,m,41d,002-converte
4.96,172.73,80,2.667,2,2024-03-11,NEG-008,hTDP43,WT-A90V-G287S-G294A-A315T-M337V,m,41d,002-converte
197.47,222.0,81,2.7,2,2024-03-11,NEG-008,hTDP43,WT-A90V-G287S-G294A-A315T-M337V,m,41d,002-converte
142.89,222.86,81,2.7,2,2024-03-11,NEG-008,hTDP43,WT-A90V-G287S-G294A-A315T-M337V,m,41d,002-converte
73.89,212.95,81,2.7,2,2024-03-11,NEG-008,hTDP43,WT-A90V-G287S-G294A-A315T-M337V,m,41d,002-converte
6.26,194.44,81,2.7,2,2024-03-11,NEG-008,hTDP43,WT-A90V-G287S-G294A-A315T-M337V,m,41d,002-converte
5.76,210.77,81,2.7,2,2024-03-11,NEG-008,hTDP43,WT-A90V-G287S-G294A-A315T-M337V,m,41d,002-converte
5.32,163.21,81,2.7,2,2024-03-11,NEG-008,hTDP43,WT-A90V-G287S-G294A-A315T-M337V,m,41d,002-converte
4.94,172.73,81,2.7,2,2024-03-11,NEG-008,hTDP43,WT-A90V-G287S-G294A-A315T-M337V,m,41d,002-converte
199.43,221.82,82,2.733,2,2024-03-11,NEG-008,hTDP43,WT-A90V-G287S-G294A-A315T-M337V,m,41d,002-converte
144.1,222.4,82,2.733,2,2024-03-11,NEG-008,hTDP43,WT-A90V-G287S-G294A-A315T-M337V,m,41d,002-converte
74.06,213.17,82,2.733,2,2024-03-11,NEG-008,hTDP43,WT-A90V-G287S-G294A-A315T-M337V,m,41d,002-converte
6.24,194.13,82,2.733,2,2024-03-11,NEG-008,hTDP43,WT-A90V-G287S-G294A-A315T-M337V,m,41d,002-converte
5.72,210.77,82,2.733,2,2024-03-11,NEG-008,hTDP43,WT-A90V-G287S-G294A-A315T-M337V,m,41d,002-converte
5.32,163.21,82,2.733,2,2024-03-11,NEG-008,hTDP43,WT-A90V-G287S-G294A-A315T-M337V,m,41d,002-converte
4.92,172.74,82,2.733,2,2024-03-11,NEG-008,hTDP43,WT-A90V-G287S-G294A-A315T-M337V,m,41d,002-converte
201.37,221.86,83,2.767,2,2024-03-11,NEG-008,hTDP43,WT-A90V-G287S-G294A-A315T-M337V,m,41d,002-converte
145.02,221.91,83,2.767,2,2024-03-11,NEG-008,hTDP43,WT-A90V-G287S-G294A-A315T-M337V,m,41d,002-converte
75.18,212.97,83,2.767,2,2024-03-11,NEG-008,hTDP43,WT-A90V-G287S-G294A-A315T-M337V,m,41d,002-converte
6.21,194.06,83,2.767,2,2024-03-11,NEG-008,hTDP43,WT-A90V-G287S-G294A-A315T-M337V,m,41d,002-converte
5.72,210.77,83,2.767,2,2024-03-11,NEG-008,hTDP43,WT-A90V-G287S-G294A-A315T-M337V,m,41d,002-converte
5.3,163.21,83,2.767,2,2024-03-11,NEG-008,hTDP43,WT-A90V-G287S-G294A-A315T-M337V,m,41d,002-converte
4.86,172.77,83,2.767,2,2024-03-11,NEG-008,hTDP43,WT-A90V-G287S-G294A-A315T-M337V,m,41d,002-converte
203.37,221.85,84,2.8,2,2024-03-11,NEG-008,hTDP43,WT-A90V-G287S-G294A-A315T-M337V,m,41d,002-converte
146.15,221.67,84,2.8,2,2024-03-11,NEG-008,hTDP43,WT-A90V-G287S-G294A-A315T-M337V,m,41d,002-converte
75.57,212.72,84,2.8,2,2024-03-11,NEG-008,hTDP43,WT-A90V-G287S-G294A-A315T-M337V,m,41d,002-converte
6.19,193.98,84,2.8,2,2024-03-11,NEG-008,hTDP43,WT-A90V-G287S-G294A-A315T-M337V,m,41d,002-converte
5.6,210.2,84,2.8,2,2024-03-11,NEG-008,hTDP43,WT-A90V-G287S-G294A-A315T-M337V,m,41d,002-converte
5.28,163.21,84,2.8,2,2024-03-11,NEG-008,hTDP43,WT-A90V-G287S-G294A-A315T-M337V,m,41d,002-converte
4.83,172.79,84,2.8,2,2024-03-11,NEG-008,hTDP43,WT-A90V-G287S-G294A-A315T-M337V,m,41d,002-converte
205.8,221.82,85,2.833,2,2024-03-11,NEG-008,hTDP43,WT-A90V-G287S-G294A-A315T-M337V,m,41d,002-converte
147.21,221.75,85,2.833,2,2024-03-11,NEG-008,hTDP43,WT-A90V-G287S-G294A-A315T-M337V,m,41d,002-converte
78.05,212.17,85,2.833,2,2024-03-11,NEG-008,hTDP43,WT-A90V-G287S-G294A-A315T-M337V,m,41d,002-converte
6.19,193.98,85,2.833,2,2024-03-11,NEG-008,hTDP43,WT-A90V-G287S-G294A-A315T-M337V,m,41d,002-converte
5.59,209.74,85,2.833,2,2024-03-11,NEG-008,hTDP43,WT-A90V-G287S-G294A-A315T-M337V,m,41d,002-converte
5.26,163.21,85,2.833,2,2024-03-11,NEG-008,hTDP43,WT-A90V-G287S-G294A-A315T-M337V,m,41d,002-converte
4.77,172.81,85,2.833,2,2024-03-11,NEG-008,hTDP43,WT-A90V-G287S-G294A-A315T-M337V,m,41d,002-converte
207.9,221.81,86,2.867,2,2024-03-11,NEG-008,hTDP43,WT-A90V-G287S-G294A-A315T-M337V,m,41d,002-converte
148.49,221.86,86,2.867,2,2024-03-11,NEG-008,hTDP43,WT-A90V-G287S-G294A-A315T-M337V,m,41d,002-converte
78.93,211.97,86,2.867,2,2024-03-11,NEG-008,hTDP43,WT-A90V-G287S-G294A-A315T-M337V,m,41d,002-converte
6.19,193.98,86,2.867,2,2024-03-11,NEG-008,hTDP43,WT-A90V-G287S-G294A-A315T-M337V,m,41d,002-converte
5.49,208.76,86,2.867,2,2024-03-11,NEG-008,hTDP43,WT-A90V-G287S-G294A-A315T-M337V,m,41d,002-converte
5.23,163.21,86,2.867,2,2024-03-11,NEG-008,hTDP43,WT-A90V-G287S-G294A-A315T-M337V,m,41d,002-converte
4.73,172.83,86,2.867,2,2024-03-11,NEG-008,hTDP43,WT-A90V-G287S-G294A-A315T-M337V,m,41d,002-converte
209.08,221.75,87,2.9,2,2024-03-11,NEG-008,hTDP43,WT-A90V-G287S-G294A-A315T-M337V,m,41d,002-converte
152.87,221.3,87,2.9,2,2024-03-11,NEG-008,hTDP43,WT-A90V-G287S-G294A-A315T-M337V,m,41d,002-converte
78.4,212.12,87,2.9,2,2024-03-11,NEG-008,hTDP43,WT-A90V-G287S-G294A-A315T-M337V,m,41d,002-converte
6.19,193.98,87,2.9,2,2024-03-11,NEG-008,hTDP43,WT-A90V-G287S-G294A-A315T-M337V,m,41d,002-converte
5.49,207.75,87,2.9,2,2024-03-11,NEG-008,hTDP43,WT-A90V-G287S-G294A-A315T-M337V,m,41d,002-converte
5.23,163.21,87,2.9,2,2024-03-11,NEG-008,hTDP43,WT-A90V-G287S-G294A-A315T-M337V,m,41d,002-converte
4.73,172.83,87,2.9,2,2024-03-11,NEG-008,hTDP43,WT-A90V-G287S-G294A-A315T-M337V,m,41d,002-converte
210.23,221.74,88,2.933,2,2024-03-11,NEG-008,hTDP43,WT-A90V-G287S-G294A-A315T-M337V,m,41d,002-converte
154.34,221.77,88,2.933,2,2024-03-11,NEG-008,hTDP43,WT-A90V-G287S-G294A-A315T-M337V,m,41d,002-converte
81.12,211.04,88,2.933,2,2024-03-11,NEG-008,hTDP43,WT-A90V-G287S-G294A-A315T-M337V,m,41d,002-converte
6.19,193.98,88,2.933,2,2024-03-11,NEG-008,hTDP43,WT-A90V-G287S-G294A-A315T-M337V,m,41d,002-converte
5.97,206.42,88,2.933,2,2024-03-11,NEG-008,hTDP43,WT-A90V-G287S-G294A-A315T-M337V,m,41d,002-converte
4.95,163.57,88,2.933,2,2024-03-11,NEG-008,hTDP43,WT-A90V-G287S-G294A-A315T-M337V,m,41d,002-converte
4.75,172.82,88,2.933,2,2024-03-11,NEG-008,hTDP43,WT-A90V-G287S-G294A-A315T-M337V,m,41d,002-converte
212.75,221.48,89,2.967,2,2024-03-11,NEG-008,hTDP43,WT-A90V-G287S-G294A-A315T-M337V,m,41d,002-converte
156.47,221.79,89,2.967,2,2024-03-11,NEG-008,hTDP43,WT-A90V-G287S-G294A-A315T-M337V,m,41d,002-converte
81.31,211.13,89,2.967,2,2024-03-11,NEG-008,hTDP43,WT-A90V-G287S-G294A-A315T-M337V,m,41d,002-converte
6.19,193.98,89,2.967,2,2024-03-11,NEG-008,hTDP43,WT-A90V-G287S-G294A-A315T-M337V,m,41d,002-converte
5.98,205.97,89,2.967,2,2024-03-11,NEG-008,hTDP43,WT-A90V-G287S-G294A-A315T-M337V,m,41d,002-converte
5.03,163.6,89,2.967,2,2024-03-11,NEG-008,hTDP43,WT-A90V-G287S-G294A-A315T-M337V,m,41d,002-converte
4.78,172.8,89,2.967,2,2024-03-11,NEG-008,hTDP43,WT-A90V-G287S-G294A-A315T-M337V,m,41d,002-converte
214.06,221.22,90,3.0,2,2024-03-11,NEG-008,hTDP43,WT-A90V-G287S-G294A-A315T-M337V,m,41d,002-converte
159.55,221.59,90,3.0,2,2024-03-11,NEG-008,hTDP43,WT-A90V-G287S-G294A-A315T-M337V,m,41d,002-converte
82.23,210.94,90,3.0,2,2024-03-11,NEG-008,hTDP43,WT-A90V-G287S-G294A-A315T-M337V,m,41d,002-converte
6.21,194.06,90,3.0,2,2024-03-11,NEG-008,hTDP43,WT-A90V-G287S-G294A-A315T-M337V,m,41d,002-converte
6.1,205.29,90,3.0,2,2024-03-11,NEG-008,hTDP43,WT-A90V-G287S-G294A-A315T-M337V,m,41d,002-converte
5.17,163.61,90,3.0,2,2024-03-11,NEG-008,hTDP43,WT-A90V-G287S-G294A-A315T-M337V,m,41d,002-converte
4.79,172.74,90,3.0,2,2024-03-11,NEG-008,hTDP43,WT-A90V-G287S-G294A-A315T-M337V,m,41d,002-converte
215.28,220.92,91,3.033,2,2024-03-11,NEG-008,hTDP43,WT-A90V-G287S-G294A-A315T-M337V,m,41d,002-converte
162.46,221.81,91,3.033,2,2024-03-11,NEG-008,hTDP43,WT-A90V-G287S-G294A-A315T-M337V,m,41d,002-converte
82.35,210.95,91,3.033,2,2024-03-11,NEG-008,hTDP43,WT-A90V-G287S-G294A-A315T-M337V,m,41d,002-converte
6.21,194.23,91,3.033,2,2024-03-11,NEG-008,hTDP43,WT-A90V-G287S-G294A-A315T-M337V,m,41d,002-converte
6.19,204.41,91,3.033,2,2024-03-11,NEG-008,hTDP43,WT-A90V-G287S-G294A-A315T-M337V,m,41d,002-converte
5.2,163.21,91,3.033,2,2024-03-11,NEG-008,hTDP43,WT-A90V-G287S-G294A-A315T-M337V,m,41d,002-converte
4.8,172.76,91,3.033,2,2024-03-11,NEG-008,hTDP43,WT-A90V-G287S-G294A-A315T-M337V,m,41d,002-converte
216.78,220.88,92,3.067,2,2024-03-11,NEG-008,hTDP43,WT-A90V-G287S-G294A-A315T-M337V,m,41d,002-converte
166.88,221.87,92,3.067,2,2024-03-11,NEG-008,hTDP43,WT-A90V-G287S-G294A-A315T-M337V,m,41d,002-converte
83.27,210.73,92,3.067,2,2024-03-11,NEG-008,hTDP43,WT-A90V-G287S-G294A-A315T-M337V,m,41d,002-converte
6.21,194.27,92,3.067,2,2024-03-11,NEG-008,hTDP43,WT-A90V-G287S-G294A-A315T-M337V,m,41d,002-converte
6.13,203.8,92,3.067,2,2024-03-11,NEG-008,hTDP43,WT-A90V-G287S-G294A-A315T-M337V,m,41d,002-converte
5.08,163.0,92,3.067,2,2024-03-11,NEG-008,hTDP43,WT-A90V-G287S-G294A-A315T-M337V,m,41d,002-converte
4.82,172.76,92,3.067,2,2024-03-11,NEG-008,hTDP43,WT-A90V-G287S-G294A-A315T-M337V,m,41d,002-converte
218.02,220.36,93,3.1,2,2024-03-11,NEG-008,hTDP43,WT-A90V-G287S-G294A-A315T-M337V,m,41d,002-converte
169.89,222.03,93,3.1,2,2024-03-11,NEG-008,hTDP43,WT-A90V-G287S-G294A-A315T-M337V,m,41d,002-converte
84.35,210.76,93,3.1,2,2024-03-11,NEG-008,hTDP43,WT-A90V-G287S-G294A-A315T-M337V,m,41d,002-converte
6.29,203.69,93,3.1,2,2024-03-11,NEG-008,hTDP43,WT-A90V-G287S-G294A-A315T-M337V,m,41d,002-converte
6.19,194.21,93,3.1,2,2024-03-11,NEG-008,hTDP43,WT-A90V-G287S-G294A-A315T-M337V,m,41d,002-converte
5.06,162.91,93,3.1,2,2024-03-11,NEG-008,hTDP43,WT-A90V-G287S-G294A-A315T-M337V,m,41d,002-converte
5.05,172.72,93,3.1,2,2024-03-11,NEG-008,hTDP43,WT-A90V-G287S-G294A-A315T-M337V,m,41d,002-converte
219.07,220.17,94,3.133,2,2024-03-11,NEG-008,hTDP43,WT-A90V-G287S-G294A-A315T-M337V,m,41d,002-converte
172.42,222.04,94,3.133,2,2024-03-11,NEG-008,hTDP43,WT-A90V-G287S-G294A-A315T-M337V,m,41d,002-converte
86.36,210.21,94,3.133,2,2024-03-11,NEG-008,hTDP43,WT-A90V-G287S-G294A-A315T-M337V,m,41d,002-converte
6.48,203.58,94,3.133,2,2024-03-11,NEG-008,hTDP43,WT-A90V-G287S-G294A-A315T-M337V,m,41d,002-converte
6.18,194.16,94,3.133,2,2024-03-11,NEG-008,hTDP43,WT-A90V-G287S-G294A-A315T-M337V,m,41d,002-converte
5.31,172.66,94,3.133,2,2024-03-11,NEG-008,hTDP43,WT-A90V-G287S-G294A-A315T-M337V,m,41d,002-converte
5.02,162.83,94,3.133,2,2024-03-11,NEG-008,hTDP43,WT-A90V-G287S-G294A-A315T-M337V,m,41d,002-converte
220.09,219.95,95,3.167,2,2024-03-11,NEG-008,hTDP43,WT-A90V-G287S-G294A-A315T-M337V,m,41d,002-converte
176.8,222.82,95,3.167,2,2024-03-11,NEG-008,hTDP43,WT-A90V-G287S-G294A-A315T-M337V,m,41d,002-converte
87.4,210.1,95,3.167,2,2024-03-11,NEG-008,hTDP43,WT-A90V-G287S-G294A-A315T-M337V,m,41d,002-converte
6.82,203.06,95,3.167,2,2024-03-11,NEG-008,hTDP43,WT-A90V-G287S-G294A-A315T-M337V,m,41d,002-converte
6.14,194.0,95,3.167,2,2024-03-11,NEG-008,hTDP43,WT-A90V-G287S-G294A-A315T-M337V,m,41d,002-converte
5.92,158.07,95,3.167,2,2024-03-11,NEG-008,hTDP43,WT-A90V-G287S-G294A-A315T-M337V,m,41d,002-converte
5.61,172.29,95,3.167,2,2024-03-11,NEG-008,hTDP43,WT-A90V-G287S-G294A-A315T-M337V,m,41d,002-converte
220.86,219.99,96,3.2,2,2024-03-11,NEG-008,hTDP43,WT-A90V-G287S-G294A-A315T-M337V,m,41d,002-converte
180.61,222.99,96,3.2,2,2024-03-11,NEG-008,hTDP43,WT-A90V-G287S-G294A-A315T-M337V,m,41d,002-converte
88.42,210.0,96,3.2,2,2024-03-11,NEG-008,hTDP43,WT-A90V-G287S-G294A-A315T-M337V,m,41d,002-converte
6.8,202.93,96,3.2,2,2024-03-11,NEG-008,hTDP43,WT-A90V-G287S-G294A-A315T-M337V,m,41d,002-converte
6.06,193.69,96,3.2,2,2024-03-11,NEG-008,hTDP43,WT-A90V-G287S-G294A-A315T-M337V,m,41d,002-converte
5.96,157.95,96,3.2,2,2024-03-11,NEG-008,hTDP43,WT-A90V-G287S-G294A-A315T-M337V,m,41d,002-converte
5.72,172.17,96,3.2,2,2024-03-11,NEG-008,hTDP43,WT-A90V-G287S-G294A-A315T-M337V,m,41d,002-converte
221.95,219.7,97,3.233,2,2024-03-11,NEG-008,hTDP43,WT-A90V-G287S-G294A-A315T-M337V,m,41d,002-converte
182.33,223.27,97,3.233,2,2024-03-11,NEG-008,hTDP43,WT-A90V-G287S-G294A-A315T-M337V,m,41d,002-converte
89.48,209.95,97,3.233,2,2024-03-11,NEG-008,hTDP43,WT-A90V-G287S-G294A-A315T-M337V,m,41d,002-converte
6.88,202.41,97,3.233,2,2024-03-11,NEG-008,hTDP43,WT-A90V-G287S-G294A-A315T-M337V,m,41d,002-converte
5.96,157.95,97,3.233,2,2024-03-11,NEG-008,hTDP43,WT-A90V-G287S-G294A-A315T-M337V,m,41d,002-converte
5.92,192.18,97,3.233,2,2024-03-11,NEG-008,hTDP43,WT-A90V-G287S-G294A-A315T-M337V,m,41d,002-converte
5.45,172.12,97,3.233,2,2024-03-11,NEG-008,hTDP43,WT-A90V-G287S-G294A-A315T-M337V,m,41d,002-converte
223.74,219.37,98,3.267,2,2024-03-11,NEG-008,hTDP43,WT-A90V-G287S-G294A-A315T-M337V,m,41d,002-converte
185.99,223.67,98,3.267,2,2024-03-11,NEG-008,hTDP43,WT-A90V-G287S-G294A-A315T-M337V,m,41d,002-converte
91.42,209.94,98,3.267,2,2024-03-11,NEG-008,hTDP43,WT-A90V-G287S-G294A-A315T-M337V,m,41d,002-converte
6.05,191.45,98,3.267,2,2024-03-11,NEG-008,hTDP43,WT-A90V-G287S-G294A-A315T-M337V,m,41d,002-converte
6.01,202.74,98,3.267,2,2024-03-11,NEG-008,hTDP43,WT-A90V-G287S-G294A-A315T-M337V,m,41d,002-converte
5.96,157.95,98,3.267,2,2024-03-11,NEG-008,hTDP43,WT-A90V-G287S-G294A-A315T-M337V,m,41d,002-converte
5.67,172.47,98,3.267,2,2024-03-11,NEG-008,hTDP43,WT-A90V-G287S-G294A-A315T-M337V,m,41d,002-converte
224.97,219.03,99,3.3,2,2024-03-11,NEG-008,hTDP43,WT-A90V-G287S-G294A-A315T-M337V,m,41d,002-converte
188.89,223.98,99,3.3,2,2024-03-11,NEG-008,hTDP43,WT-A90V-G287S-G294A-A315T-M337V,m,41d,002-converte
92.42,209.81,99,3.3,2,2024-03-11,NEG-008,hTDP43,WT-A90V-G287S-G294A-A315T-M337V,m,41d,002-converte
6.06,191.09,99,3.3,2,2024-03-11,NEG-008,hTDP43,WT-A90V-G287S-G294A-A315T-M337V,m,41d,002-converte
5.96,172.78,99,3.3,2,2024-03-11,NEG-008,hTDP43,WT-A90V-G287S-G294A-A315T-M337V,m,41d,002-converte
5.92,157.93,99,3.3,2,2024-03-11,NEG-008,hTDP43,WT-A90V-G287S-G294A-A315T-M337V,m,41d,002-converte
5.75,202.83,99,3.3,2,2024-03-11,NEG-008,hTDP43,WT-A90V-G287S-G294A-A315T-M337V,m,41d,002-converte
226.09,219.04,100,3.333,2,2024-03-11,NEG-008,hTDP43,WT-A90V-G287S-G294A-A315T-M337V,m,41d,002-converte
191.51,224.09,100,3.333,2,2024-03-11,NEG-008,hTDP43,WT-A90V-G287S-G294A-A315T-M337V,m,41d,002-converte
93.43,209.77,100,3.333,2,2024-03-11,NEG-008,hTDP43,WT-A90V-G287S-G294A-A315T-M337V,m,41d,002-converte
6.12,172.87,100,3.333,2,2024-03-11,NEG-008,hTDP43,WT-A90V-G287S-G294A-A315T-M337V,m,41d,002-converte
6.08,190.37,100,3.333,2,2024-03-11,NEG-008,hTDP43,WT-A90V-G287S-G294A-A315T-M337V,m,41d,002-converte
5.89,157.92,100,3.333,2,2024-03-11,NEG-008,hTDP43,WT-A90V-G287S-G294A-A315T-M337V,m,41d,002-converte
5.44,202.72,100,3.333,2,2024-03-11,NEG-008,hTDP43,WT-A90V-G287S-G294A-A315T-M337V,m,41d,002-converte
227.2,218.84,101,3.367,2,2024-03-11,NEG-008,hTDP43,WT-A90V-G287S-G294A-A315T-M337V,m,41d,002-converte
195.12,224.4,101,3.367,2,2024-03-11,NEG-008,hTDP43,WT-A90V-G287S-G294A-A315T-M337V,m,41d,002-converte
95.32,210.12,101,3.367,2,2024-03-11,NEG-008,hTDP43,WT-A90V-G287S-G294A-A315T-M337V,m,41d,002-converte
6.05,190.01,101,3.367,2,2024-03-11,NEG-008,hTDP43,WT-A90V-G287S-G294A-A315T-M337V,m,41d,002-converte
5.73,157.89,101,3.367,2,2024-03-11,NEG-008,hTDP43,WT-A90V-G287S-G294A-A315T-M337V,m,41d,002-converte
5.39,171.92,101,3.367,2,2024-03-11,NEG-008,hTDP43,WT-A90V-G287S-G294A-A315T-M337V,m,41d,002-converte
5.36,202.51,101,3.367,2,2024-03-11,NEG-008,hTDP43,WT-A90V-G287S-G294A-A315T-M337V,m,41d,002-converte
228.37,218.6,102,3.4,2,2024-03-11,NEG-008,hTDP43,WT-A90V-G287S-G294A-A315T-M337V,m,41d,002-converte
198.2,224.4,102,3.4,2,2024-03-11,NEG-008,hTDP43,WT-A90V-G287S-G294A-A315T-M337V,m,41d,002-converte
96.51,210.0,102,3.4,2,2024-03-11,NEG-008,hTDP43,WT-A90V-G287S-G294A-A315T-M337V,m,41d,002-converte
6.11,189.11,102,3.4,2,2024-03-11,NEG-008,hTDP43,WT-A90V-G287S-G294A-A315T-M337V,m,41d,002-converte
5.73,157.89,102,3.4,2,2024-03-11,NEG-008,hTDP43,WT-A90V-G287S-G294A-A315T-M337V,m,41d,002-converte
5.49,172.2,102,3.4,2,2024-03-11,NEG-008,hTDP43,WT-A90V-G287S-G294A-A315T-M337V,m,41d,002-converte
5.45,201.92,102,3.4,2,2024-03-11,NEG-008,hTDP43,WT-A90V-G287S-G294A-A315T-M337V,m,41d,002-converte
230.86,218.22,103,3.433,2,2024-03-11,NEG-008,hTDP43,WT-A90V-G287S-G294A-A315T-M337V,m,41d,002-converte
201.79,224.79,103,3.433,2,2024-03-11,NEG-008,hTDP43,WT-A90V-G287S-G294A-A315T-M337V,m,41d,002-converte
97.59,210.01,103,3.433,2,2024-03-11,NEG-008,hTDP43,WT-A90V-G287S-G294A-A315T-M337V,m,41d,002-converte
6.2,201.75,103,3.433,2,2024-03-11,NEG-008,hTDP43,WT-A90V-G287S-G294A-A315T-M337V,m,41d,002-converte
6.05,189.0,103,3.433,2,2024-03-11,NEG-008,hTDP43,WT-A90V-G287S-G294A-A315T-M337V,m,41d,002-converte
5.71,157.9,103,3.433,2,2024-03-11,NEG-008,hTDP43,WT-A90V-G287S-G294A-A315T-M337V,m,41d,002-converte
5.71,172.7,103,3.433,2,2024-03-11,NEG-008,hTDP43,WT-A90V-G287S-G294A-A315T-M337V,m,41d,002-converte
231.25,218.0,104,3.467,2,2024-03-11,NEG-008,hTDP43,WT-A90V-G287S-G294A-A315T-M337V,m,41d,002-converte
204.77,224.81,104,3.467,2,2024-03-11,NEG-008,hTDP43,WT-A90V-G287S-G294A-A315T-M337V,m,41d,002-converte
98.59,209.66,104,3.467,2,2024-03-11,NEG-008,hTDP43,WT-A90V-G287S-G294A-A315T-M337V,m,41d,002-converte
6.35,201.65,104,3.467,2,2024-03-11,NEG-008,hTDP43,WT-A90V-G287S-G294A-A315T-M337V,m,41d,002-converte
6.0,188.59,104,3.467,2,2024-03-11,NEG-008,hTDP43,WT-A90V-G287S-G294A-A315T-M337V,m,41d,002-converte
5.54,157.98,104,3.467,2,2024-03-11,NEG-008,hTDP43,WT-A90V-G287S-G294A-A315T-M337V,m,41d,002-converte
3.46,171.99,104,3.467,2,2024-03-11,NEG-008,hTDP43,WT-A90V-G287S-G294A-A315T-M337V,m,41d,002-converte
231.52,217.8,105,3.5,2,2024-03-11,NEG-008,hTDP43,WT-A90V-G287S-G294A-A315T-M337V,m,41d,002-converte
207.93,224.92,105,3.5,2,2024-03-11,NEG-008,hTDP43,WT-A90V-G287S-G294A-A315T-M337V,m,41d,002-converte
100.32,209.82,105,3.5,2,2024-03-11,NEG-008,hTDP43,WT-A90V-G287S-G294A-A315T-M337V,m,41d,002-converte
6.59,200.92,105,3.5,2,2024-03-11,NEG-008,hTDP43,WT-A90V-G287S-G294A-A315T-M337V,m,41d,002-converte
6.18,186.54,105,3.5,2,2024-03-11,NEG-008,hTDP43,WT-A90V-G287S-G294A-A315T-M337V,m,41d,002-converte
5.53,157.97,105,3.5,2,2024-03-11,NEG-008,hTDP43,WT-A90V-G287S-G294A-A315T-M337V,m,41d,002-converte
3.45,171.96,105,3.5,2,2024-03-11,NEG-008,hTDP43,WT-A90V-G287S-G294A-A315T-M337V,m,41d,002-converte
233.29,216.86,106,3.533,2,2024-03-11,NEG-008,hTDP43,WT-A90V-G287S-G294A-A315T-M337V,m,41d,002-converte
210.8,224.92,106,3.533,2,2024-03-11,NEG-008,hTDP43,WT-A90V-G287S-G294A-A315T-M337V,m,41d,002-converte
101.43,210.01,106,3.533,2,2024-03-11,NEG-008,hTDP43,WT-A90V-G287S-G294A-A315T-M337V,m,41d,002-converte
6.82,199.38,106,3.533,2,2024-03-11,NEG-008,hTDP43,WT-A90V-G287S-G294A-A315T-M337V,m,41d,002-converte
6.14,186.06,106,3.533,2,2024-03-11,NEG-008,hTDP43,WT-A90V-G287S-G294A-A315T-M337V,m,41d,002-converte
5.52,157.96,106,3.533,2,2024-03-11,NEG-008,hTDP43,WT-A90V-G287S-G294A-A315T-M337V,m,41d,002-converte
4.05,172.51,106,3.533,2,2024-03-11,NEG-008,hTDP43,WT-A90V-G287S-G294A-A315T-M337V,m,41d,002-converte
233.46,216.0,107,3.567,2,2024-03-11,NEG-008,hTDP43,WT-A90V-G287S-G294A-A315T-M337V,m,41d,002-converte
213.93,224.96,107,3.567,2,2024-03-11,NEG-008,hTDP43,WT-A90V-G287S-G294A-A315T-M337V,m,41d,002-converte
103.95,209.99,107,3.567,2,2024-03-11,NEG-008,hTDP43,WT-A90V-G287S-G294A-A315T-M337V,m,41d,002-converte
6.73,197.23,107,3.567,2,2024-03-11,NEG-008,hTDP43,WT-A90V-G287S-G294A-A315T-M337V,m,41d,002-converte
6.2,185.05,107,3.567,2,2024-03-11,NEG-008,hTDP43,WT-A90V-G287S-G294A-A315T-M337V,m,41d,002-converte
5.52,157.96,107,3.567,2,2024-03-11,NEG-008,hTDP43,WT-A90V-G287S-G294A-A315T-M337V,m,41d,002-converte
4.11,172.61,107,3.567,2,2024-03-11,NEG-008,hTDP43,WT-A90V-G287S-G294A-A315T-M337V,m,41d,002-converte
233.53,215.93,108,3.6,2,2024-03-11,NEG-008,hTDP43,WT-A90V-G287S-G294A-A315T-M337V,m,41d,002-converte
216.95,225.0,108,3.6,2,2024-03-11,NEG-008,hTDP43,WT-A90V-G287S-G294A-A315T-M337V,m,41d,002-converte
103.43,210.17,108,3.6,2,2024-03-11,NEG-008,hTDP43,WT-A90V-G287S-G294A-A315T-M337V,m,41d,002-converte
6.28,184.42,108,3.6,2,2024-03-11,NEG-008,hTDP43,WT-A90V-G287S-G294A-A315T-M337V,m,41d,002-converte
5.88,194.2,108,3.6,2,2024-03-11,NEG-008,hTDP43,WT-A90V-G287S-G294A-A315T-M337V,m,41d,002-converte
5.52,157.97,108,3.6,2,2024-03-11,NEG-008,hTDP43,WT-A90V-G287S-G294A-A315T-M337V,m,41d,002-converte
4.18,172.7,108,3.6,2,2024-03-11,NEG-008,hTDP43,WT-A90V-G287S-G294A-A315T-M337V,m,41d,002-converte
235.22,215.03,109,3.633,2,2024-03-11,NEG-008,hTDP43,WT-A90V-G287S-G294A-A315T-M337V,m,41d,002-converte
220.1,225.01,109,3.633,2,2024-03-11,NEG-008,hTDP43,WT-A90V-G287S-G294A-A315T-M337V,m,41d,002-converte
105.65,210.68,109,3.633,2,2024-03-11,NEG-008,hTDP43,WT-A90V-G287S-G294A-A315T-M337V,m,41d,002-converte
6.28,184.42,109,3.633,2,2024-03-11,NEG-008,hTDP43,WT-A90V-G287S-G294A-A315T-M337V,m,41d,002-converte
5.52,157.96,109,3.633,2,2024-03-11,NEG-008,hTDP43,WT-A90V-G287S-G294A-A315T-M337V,m,41d,002-converte
5.51,193.6,109,3.633,2,2024-03-11,NEG-008,hTDP43,WT-A90V-G287S-G294A-A315T-M337V,m,41d,002-converte
4.19,172.71,109,3.633,2,2024-03-11,NEG-008,hTDP43,WT-A90V-G287S-G294A-A315T-M337V,m,41d,002-converte
235.49,214.73,110,3.667,2,2024-03-11,NEG-008,hTDP43,WT-A90V-G287S-G294A-A315T-M337V,m,41d,002-converte
223.01,225.15,110,3.667,2,2024-03-11,NEG-008,hTDP43,WT-A90V-G287S-G294A-A315T-M337V,m,41d,002-converte
106.16,211.14,110,3.667,2,2024-03-11,NEG-008,hTDP43,WT-A90V-G287S-G294A-A315T-M337V,m,41d,002-converte
6.28,184.25,110,3.667,2,2024-03-11,NEG-008,hTDP43,WT-A90V-G287S-G294A-A315T-M337V,m,41d,002-converte
5.75,195.08,110,3.667,2,2024-03-11,NEG-008,hTDP43,WT-A90V-G287S-G294A-A315T-M337V,m,41d,002-converte
5.59,157.85,110,3.667,2,2024-03-11,NEG-008,hTDP43,WT-A90V-G287S-G294A-A315T-M337V,m,41d,002-converte
4.09,172.35,110,3.667,2,2024-03-11,NEG-008,hTDP43,WT-A90V-G287S-G294A-A315T-M337V,m,41d,002-converte
237.16,213.96,111,3.7,2,2024-03-11,NEG-008,hTDP43,WT-A90V-G287S-G294A-A315T-M337V,m,41d,002-converte
226.1,225.14,111,3.7,2,2024-03-11,NEG-008,hTDP43,WT-A90V-G287S-G294A-A315T-M337V,m,41d,002-converte
107.15,211.83,111,3.7,2,2024-03-11,NEG-008,hTDP43,WT-A90V-G287S-G294A-A315T-M337V,m,41d,002-converte
6.28,184.42,111,3.7,2,2024-03-11,NEG-008,hTDP43,WT-A90V-G287S-G294A-A315T-M337V,m,41d,002-converte
5.69,157.61,111,3.7,2,2024-03-11,NEG-008,hTDP43,WT-A90V-G287S-G294A-A315T-M337V,m,41d,002-converte
5.46,194.36,111,3.7,2,2024-03-11,NEG-008,hTDP43,WT-A90V-G287S-G294A-A315T-M337V,m,41d,002-converte
4.46,172.77,111,3.7,2,2024-03-11,NEG-008,hTDP43,WT-A90V-G287S-G294A-A315T-M337V,m,41d,002-converte
237.75,213.34,112,3.733,2,2024-03-11,NEG-008,hTDP43,WT-A90V-G287S-G294A-A315T-M337V,m,41d,002-converte
229.0,225.15,112,3.733,2,2024-03-11,NEG-008,hTDP43,WT-A90V-G287S-G294A-A315T-M337V,m,41d,002-converte
108.27,212.21,112,3.733,2,2024-03-11,NEG-008,hTDP43,WT-A90V-G287S-G294A-A315T-M337V,m,41d,002-converte
6.28,184.41,112,3.733,2,2024-03-11,NEG-008,hTDP43,WT-A90V-G287S-G294A-A315T-M337V,m,41d,002-converte
5.94,157.74,112,3.733,2,2024-03-11,NEG-008,hTDP43,WT-A90V-G287S-G294A-A315T-M337V,m,41d,002-converte
5.44,194.19,112,3.733,2,2024-03-11,NEG-008,hTDP43,WT-A90V-G287S-G294A-A315T-M337V,m,41d,002-converte
5.18,173.15,112,3.733,2,2024-03-11,NEG-008,hTDP43,WT-A90V-G287S-G294A-A315T-M337V,m,41d,002-converte
237.09,213.14,113,3.767,2,2024-03-11,NEG-008,hTDP43,WT-A90V-G287S-G294A-A315T-M337V,m,41d,002-converte
232.02,225.19,113,3.767,2,2024-03-11,NEG-008,hTDP43,WT-A90V-G287S-G294A-A315T-M337V,m,41d,002-converte
108.46,212.15,113,3.767,2,2024-03-11,NEG-008,hTDP43,WT-A90V-G287S-G294A-A315T-M337V,m,41d,002-converte
6.28,184.39,113,3.767,2,2024-03-11,NEG-008,hTDP43,WT-A90V-G287S-G294A-A315T-M337V,m,41d,002-converte
5.85,157.72,113,3.767,2,2024-03-11,NEG-008,hTDP43,WT-A90V-G287S-G294A-A315T-M337V,m,41d,002-converte
5.59,172.97,113,3.767,2,2024-03-11,NEG-008,hTDP43,WT-A90V-G287S-G294A-A315T-M337V,m,41d,002-converte
5.41,193.96,113,3.767,2,2024-03-11,NEG-008,hTDP43,WT-A90V-G287S-G294A-A315T-M337V,m,41d,002-converte
236.97,213.32,114,3.8,2,2024-03-11,NEG-008,hTDP43,WT-A90V-G287S-G294A-A315T-M337V,m,41d,002-converte
235.1,225.15,114,3.8,2,2024-03-11,NEG-008,hTDP43,WT-A90V-G287S-G294A-A315T-M337V,m,41d,002-converte
109.48,213.25,114,3.8,2,2024-03-11,NEG-008,hTDP43,WT-A90V-G287S-G294A-A315T-M337V,m,41d,002-converte
6.27,184.38,114,3.8,2,2024-03-11,NEG-008,hTDP43,WT-A90V-G287S-G294A-A315T-M337V,m,41d,002-converte
6.17,173.0,114,3.8,2,2024-03-11,NEG-008,hTDP43,WT-A90V-G287S-G294A-A315T-M337V,m,41d,002-converte
5.75,157.71,114,3.8,2,2024-03-11,NEG-008,hTDP43,WT-A90V-G287S-G294A-A315T-M337V,m,41d,002-converte
5.39,193.71,114,3.8,2,2024-03-11,NEG-008,hTDP43,WT-A90V-G287S-G294A-A315T-M337V,m,41d,002-converte
238.01,225.19,115,3.833,2,2024-03-11,NEG-008,hTDP43,WT-A90V-G287S-G294A-A315T-M337V,m,41d,002-converte
236.38,213.6,115,3.833,2,2024-03-11,NEG-008,hTDP43,WT-A90V-G287S-G294A-A315T-M337V,m,41d,002-converte
110.45,214.08,115,3.833,2,2024-03-11,NEG-008,hTDP43,WT-A90V-G287S-G294A-A315T-M337V,m,41d,002-converte
6.78,173.13,115,3.833,2,2024-03-11,NEG-008,hTDP43,WT-A90V-G287S-G294A-A315T-M337V,m,41d,002-converte
6.27,184.38,115,3.833,2,2024-03-11,NEG-008,hTDP43,WT-A90V-G287S-G294A-A315T-M337V,m,41d,002-converte
5.87,157.67,115,3.833,2,2024-03-11,NEG-008,hTDP43,WT-A90V-G287S-G294A-A315T-M337V,m,41d,002-converte
5.35,193.19,115,3.833,2,2024-03-11,NEG-008,hTDP43,WT-A90V-G287S-G294A-A315T-M337V,m,41d,002-converte
241.11,225.01,116,3.867,2,2024-03-11,NEG-008,hTDP43,WT-A90V-G287S-G294A-A315T-M337V,m,41d,002-converte
237.77,213.13,116,3.867,2,2024-03-11,NEG-008,hTDP43,WT-A90V-G287S-G294A-A315T-M337V,m,41d,002-converte
112.02,215.06,116,3.867,2,2024-03-11,NEG-008,hTDP43,WT-A90V-G287S-G294A-A315T-M337V,m,41d,002-converte
6.97,173.29,116,3.867,2,2024-03-11,NEG-008,hTDP43,WT-A90V-G287S-G294A-A315T-M337V,m,41d,002-converte
6.27,184.38,116,3.867,2,2024-03-11,NEG-008,hTDP43,WT-A90V-G287S-G294A-A315T-M337V,m,41d,002-converte
5.56,157.86,116,3.867,2,2024-03-11,NEG-008,hTDP43,WT-A90V-G287S-G294A-A315T-M337V,m,41d,002-converte
5.33,193.02,116,3.867,2,2024-03-11,NEG-008,hTDP43,WT-A90V-G287S-G294A-A315T-M337V,m,41d,002-converte
243.89,224.94,117,3.9,2,2024-03-11,NEG-008,hTDP43,WT-A90V-G287S-G294A-A315T-M337V,m,41d,002-converte
237.97,212.89,117,3.9,2,2024-03-11,NEG-008,hTDP43,WT-A90V-G287S-G294A-A315T-M337V,m,41d,002-converte
112.43,215.11,117,3.9,2,2024-03-11,NEG-008,hTDP43,WT-A90V-G287S-G294A-A315T-M337V,m,41d,002-converte
7.06,173.11,117,3.9,2,2024-03-11,NEG-008,hTDP43,WT-A90V-G287S-G294A-A315T-M337V,m,41d,002-converte
6.25,184.21,117,3.9,2,2024-03-11,NEG-008,hTDP43,WT-A90V-G287S-G294A-A315T-M337V,m,41d,002-converte
5.78,157.84,117,3.9,2,2024-03-11,NEG-008,hTDP43,WT-A90V-G287S-G294A-A315T-M337V,m,41d,002-converte
5.18,192.39,117,3.9,2,2024-03-11,NEG-008,hTDP43,WT-A90V-G287S-G294A-A315T-M337V,m,41d,002-converte
245.94,224.12,118,3.933,2,2024-03-11,NEG-008,hTDP43,WT-A90V-G287S-G294A-A315T-M337V,m,41d,002-converte
239.1,212.33,118,3.933,2,2024-03-11,NEG-008,hTDP43,WT-A90V-G287S-G294A-A315T-M337V,m,41d,002-converte
113.41,216.07,118,3.933,2,2024-03-11,NEG-008,hTDP43,WT-A90V-G287S-G294A-A315T-M337V,m,41d,002-converte
7.22,172.98,118,3.933,2,2024-03-11,NEG-008,hTDP43,WT-A90V-G287S-G294A-A315T-M337V,m,41d,002-converte
6.27,184.33,118,3.933,2,2024-03-11,NEG-008,hTDP43,WT-A90V-G287S-G294A-A315T-M337V,m,41d,002-converte
6.04,157.95,118,3.933,2,2024-03-11,NEG-008,hTDP43,WT-A90V-G287S-G294A-A315T-M337V,m,41d,002-converte
247.33,223.71,119,3.967,2,2024-03-11,NEG-008,hTDP43,WT-A90V-G287S-G294A-A315T-M337V,m,41d,002-converte
239.86,211.97,119,3.967,2,2024-03-11,NEG-008,hTDP43,WT-A90V-G287S-G294A-A315T-M337V,m,41d,002-converte
114.35,216.92,119,3.967,2,2024-03-11,NEG-008,hTDP43,WT-A90V-G287S-G294A-A315T-M337V,m,41d,002-converte
7.82,172.59,119,3.967,2,2024-03-11,NEG-008,hTDP43,WT-A90V-G287S-G294A-A315T-M337V,m,41d,002-converte
6.67,158.05,119,3.967,2,2024-03-11,NEG-008,hTDP43,WT-A90V-G287S-G294A-A315T-M337V,m,41d,002-converte
6.25,184.14,119,3.967,2,2024-03-11,NEG-008,hTDP43,WT-A90V-G287S-G294A-A315T-M337V,m,41d,002-converte
250.08,222.95,120,4.0,2,2024-03-11,NEG-008,hTDP43,WT-A90V-G287S-G294A-A315T-M337V,m,41d,002-converte
240.23,211.7,120,4.0,2,2024-03-11,NEG-008,hTDP43,WT-A90V-G287S-G294A-A315T-M337V,m,41d,002-converte
116.08,217.82,120,4.0,2,2024-03-11,NEG-008,hTDP43,WT-A90V-G287S-G294A-A315T-M337V,m,41d,002-converte
7.83,172.68,120,4.0,2,2024-03-11,NEG-008,hTDP43,WT-A90V-G287S-G294A-A315T-M337V,m,41d,002-converte
6.82,157.8,120,4.0,2,2024-03-11,NEG-008,hTDP43,WT-A90V-G287S-G294A-A315T-M337V,m,41d,002-converte
6.26,184.28,120,4.0,2,2024-03-11,NEG-008,hTDP43,WT-A90V-G287S-G294A-A315T-M337V,m,41d,002-converte
252.81,222.27,121,4.033,2,2024-03-11,NEG-008,hTDP43,WT-A90V-G287S-G294A-A315T-M337V,m,41d,002-converte
241.78,211.13,121,4.033,2,2024-03-11,NEG-008,hTDP43,WT-A90V-G287S-G294A-A315T-M337V,m,41d,002-converte
116.39,217.91,121,4.033,2,2024-03-11,NEG-008,hTDP43,WT-A90V-G287S-G294A-A315T-M337V,m,41d,002-converte
7.94,172.58,121,4.033,2,2024-03-11,NEG-008,hTDP43,WT-A90V-G287S-G294A-A315T-M337V,m,41d,002-converte
7.0,157.9,121,4.033,2,2024-03-11,NEG-008,hTDP43,WT-A90V-G287S-G294A-A315T-M337V,m,41d,002-converte
6.26,184.29,121,4.033,2,2024-03-11,NEG-008,hTDP43,WT-A90V-G287S-G294A-A315T-M337V,m,41d,002-converte
253.56,221.85,122,4.067,2,2024-03-11,NEG-008,hTDP43,WT-A90V-G287S-G294A-A315T-M337V,m,41d,002-converte
242.68,210.19,122,4.067,2,2024-03-11,NEG-008,hTDP43,WT-A90V-G287S-G294A-A315T-M337V,m,41d,002-converte
117.96,219.0,122,4.067,2,2024-03-11,NEG-008,hTDP43,WT-A90V-G287S-G294A-A315T-M337V,m,41d,002-converte
7.62,157.82,122,4.067,2,2024-03-11,NEG-008,hTDP43,WT-A90V-G287S-G294A-A315T-M337V,m,41d,002-converte
6.27,184.27,122,4.067,2,2024-03-11,NEG-008,hTDP43,WT-A90V-G287S-G294A-A315T-M337V,m,41d,002-converte
4.67,170.15,122,4.067,2,2024-03-11,NEG-008,hTDP43,WT-A90V-G287S-G294A-A315T-M337V,m,41d,002-converte
256.15,221.08,123,4.1,2,2024-03-11,NEG-008,hTDP43,WT-A90V-G287S-G294A-A315T-M337V,m,41d,002-converte
242.79,209.19,123,4.1,2,2024-03-11,NEG-008,hTDP43,WT-A90V-G287S-G294A-A315T-M337V,m,41d,002-converte
118.25,219.28,123,4.1,2,2024-03-11,NEG-008,hTDP43,WT-A90V-G287S-G294A-A315T-M337V,m,41d,002-converte
7.86,157.34,123,4.1,2,2024-03-11,NEG-008,hTDP43,WT-A90V-G287S-G294A-A315T-M337V,m,41d,002-converte
6.26,184.28,123,4.1,2,2024-03-11,NEG-008,hTDP43,WT-A90V-G287S-G294A-A315T-M337V,m,41d,002-converte
4.49,167.09,123,4.1,2,2024-03-11,NEG-008,hTDP43,WT-A90V-G287S-G294A-A315T-M337V,m,41d,002-converte
257.3,220.93,124,4.133,2,2024-03-11,NEG-008,hTDP43,WT-A90V-G287S-G294A-A315T-M337V,m,41d,002-converte
243.94,209.23,124,4.133,2,2024-03-11,NEG-008,hTDP43,WT-A90V-G287S-G294A-A315T-M337V,m,41d,002-converte
118.87,219.72,124,4.133,2,2024-03-11,NEG-008,hTDP43,WT-A90V-G287S-G294A-A315T-M337V,m,41d,002-converte
8.21,157.23,124,4.133,2,2024-03-11,NEG-008,hTDP43,WT-A90V-G287S-G294A-A315T-M337V,m,41d,002-converte
6.19,184.27,124,4.133,2,2024-03-11,NEG-008,hTDP43,WT-A90V-G287S-G294A-A315T-M337V,m,41d,002-converte
4.35,166.35,124,4.133,2,2024-03-11,NEG-008,hTDP43,WT-A90V-G287S-G294A-A315T-M337V,m,41d,002-converte
259.12,220.3,125,4.167,2,2024-03-11,NEG-008,hTDP43,WT-A90V-G287S-G294A-A315T-M337V,m,41d,002-converte
243.51,209.05,125,4.167,2,2024-03-11,NEG-008,hTDP43,WT-A90V-G287S-G294A-A315T-M337V,m,41d,002-converte
118.9,219.96,125,4.167,2,2024-03-11,NEG-008,hTDP43,WT-A90V-G287S-G294A-A315T-M337V,m,41d,002-converte
8.33,157.57,125,4.167,2,2024-03-11,NEG-008,hTDP43,WT-A90V-G287S-G294A-A315T-M337V,m,41d,002-converte
6.09,184.28,125,4.167,2,2024-03-11,NEG-008,hTDP43,WT-A90V-G287S-G294A-A315T-M337V,m,41d,002-converte
4.3,165.78,125,4.167,2,2024-03-11,NEG-008,hTDP43,WT-A90V-G287S-G294A-A315T-M337V,m,41d,002-converte
260.28,219.9,126,4.2,2,2024-03-11,NEG-008,hTDP43,WT-A90V-G287S-G294A-A315T-M337V,m,41d,002-converte
245.09,208.24,126,4.2,2,2024-03-11,NEG-008,hTDP43,WT-A90V-G287S-G294A-A315T-M337V,m,41d,002-converte
118.48,220.04,126,4.2,2,2024-03-11,NEG-008,hTDP43,WT-A90V-G287S-G294A-A315T-M337V,m,41d,002-converte
8.79,157.21,126,4.2,2,2024-03-11,NEG-008,hTDP43,WT-A90V-G287S-G294A-A315T-M337V,m,41d,002-converte
6.03,184.22,126,4.2,2,2024-03-11,NEG-008,hTDP43,WT-A90V-G287S-G294A-A315T-M337V,m,41d,002-converte
4.27,167.96,126,4.2,2,2024-03-11,NEG-008,hTDP43,WT-A90V-G287S-G294A-A315T-M337V,m,41d,002-converte
262.22,219.09,127,4.233,2,2024-03-11,NEG-008,hTDP43,WT-A90V-G287S-G294A-A315T-M337V,m,41d,002-converte
245.38,207.95,127,4.233,2,2024-03-11,NEG-008,hTDP43,WT-A90V-G287S-G294A-A315T-M337V,m,41d,002-converte
118.47,220.04,127,4.233,2,2024-03-11,NEG-008,hTDP43,WT-A90V-G287S-G294A-A315T-M337V,m,41d,002-converte
8.78,157.17,127,4.233,2,2024-03-11,NEG-008,hTDP43,WT-A90V-G287S-G294A-A315T-M337V,m,41d,002-converte
5.95,184.01,127,4.233,2,2024-03-11,NEG-008,hTDP43,WT-A90V-G287S-G294A-A315T-M337V,m,41d,002-converte
4.83,166.04,127,4.233,2,2024-03-11,NEG-008,hTDP43,WT-A90V-G287S-G294A-A315T-M337V,m,41d,002-converte
263.32,218.84,128,4.267,2,2024-03-11,NEG-008,hTDP43,WT-A90V-G287S-G294A-A315T-M337V,m,41d,002-converte
246.21,207.1,128,4.267,2,2024-03-11,NEG-008,hTDP43,WT-A90V-G287S-G294A-A315T-M337V,m,41d,002-converte
119.25,220.11,128,4.267,2,2024-03-11,NEG-008,hTDP43,WT-A90V-G287S-G294A-A315T-M337V,m,41d,002-converte
8.78,157.04,128,4.267,2,2024-03-11,NEG-008,hTDP43,WT-A90V-G287S-G294A-A315T-M337V,m,41d,002-converte
5.93,183.93,128,4.267,2,2024-03-11,NEG-008,hTDP43,WT-A90V-G287S-G294A-A315T-M337V,m,41d,002-converte
266.06,218.23,129,4.3,2,2024-03-11,NEG-008,hTDP43,WT-A90V-G287S-G294A-A315T-M337V,m,41d,002-converte
247.95,206.14,129,4.3,2,2024-03-11,NEG-008,hTDP43,WT-A90V-G287S-G294A-A315T-M337V,m,41d,002-converte
119.25,220.1,129,4.3,2,2024-03-11,NEG-008,hTDP43,WT-A90V-G287S-G294A-A315T-M337V,m,41d,002-converte
8.78,157.03,129,4.3,2,2024-03-11,NEG-008,hTDP43,WT-A90V-G287S-G294A-A315T-M337V,m,41d,002-converte
5.94,183.92,129,4.3,2,2024-03-11,NEG-008,hTDP43,WT-A90V-G287S-G294A-A315T-M337V,m,41d,002-converte
4.06,164.06,129,4.3,2,2024-03-11,NEG-008,hTDP43,WT-A90V-G287S-G294A-A315T-M337V,m,41d,002-converte
267.32,217.81,130,4.333,2,2024-03-11,NEG-008,hTDP43,WT-A90V-G287S-G294A-A315T-M337V,m,41d,002-converte
249.09,205.44,130,4.333,2,2024-03-11,NEG-008,hTDP43,WT-A90V-G287S-G294A-A315T-M337V,m,41d,002-converte
119.23,220.07,130,4.333,2,2024-03-11,NEG-008,hTDP43,WT-A90V-G287S-G294A-A315T-M337V,m,41d,002-converte
8.83,157.17,130,4.333,2,2024-03-11,NEG-008,hTDP43,WT-A90V-G287S-G294A-A315T-M337V,m,41d,002-converte
6.05,183.92,130,4.333,2,2024-03-11,NEG-008,hTDP43,WT-A90V-G287S-G294A-A315T-M337V,m,41d,002-converte
4.18,164.12,130,4.333,2,2024-03-11,NEG-008,hTDP43,WT-A90V-G287S-G294A-A315T-M337V,m,41d,002-converte
269.96,217.01,131,4.367,2,2024-03-11,NEG-008,hTDP43,WT-A90V-G287S-G294A-A315T-M337V,m,41d,002-converte
250.01,204.98,131,4.367,2,2024-03-11,NEG-008,hTDP43,WT-A90V-G287S-G294A-A315T-M337V,m,41d,002-converte
119.2,220.04,131,4.367,2,2024-03-11,NEG-008,hTDP43,WT-A90V-G287S-G294A-A315T-M337V,m,41d,002-converte
8.23,156.97,131,4.367,2,2024-03-11,NEG-008,hTDP43,WT-A90V-G287S-G294A-A315T-M337V,m,41d,002-converte
6.12,183.94,131,4.367,2,2024-03-11,NEG-008,hTDP43,WT-A90V-G287S-G294A-A315T-M337V,m,41d,002-converte
4.29,164.49,131,4.367,2,2024-03-11,NEG-008,hTDP43,WT-A90V-G287S-G294A-A315T-M337V,m,41d,002-converte
272.01,216.28,132,4.4,2,2024-03-11,NEG-008,hTDP43,WT-A90V-G287S-G294A-A315T-M337V,m,41d,002-converte
251.03,204.29,132,4.4,2,2024-03-11,NEG-008,hTDP43,WT-A90V-G287S-G294A-A315T-M337V,m,41d,002-converte
119.26,220.05,132,4.4,2,2024-03-11,NEG-008,hTDP43,WT-A90V-G287S-G294A-A315T-M337V,m,41d,002-converte
8.21,156.72,132,4.4,2,2024-03-11,NEG-008,hTDP43,WT-A90V-G287S-G294A-A315T-M337V,m,41d,002-converte
6.18,184.18,132,4.4,2,2024-03-11,NEG-008,hTDP43,WT-A90V-G287S-G294A-A315T-M337V,m,41d,002-converte
4.27,163.89,132,4.4,2,2024-03-11,NEG-008,hTDP43,WT-A90V-G287S-G294A-A315T-M337V,m,41d,002-converte
273.97,215.05,133,4.433,2,2024-03-11,NEG-008,hTDP43,WT-A90V-G287S-G294A-A315T-M337V,m,41d,002-converte
251.21,203.73,133,4.433,2,2024-03-11,NEG-008,hTDP43,WT-A90V-G287S-G294A-A315T-M337V,m,41d,002-converte
119.28,220.03,133,4.433,2,2024-03-11,NEG-008,hTDP43,WT-A90V-G287S-G294A-A315T-M337V,m,41d,002-converte
8.76,156.92,133,4.433,2,2024-03-11,NEG-008,hTDP43,WT-A90V-G287S-G294A-A315T-M337V,m,41d,002-converte
6.18,184.18,133,4.433,2,2024-03-11,NEG-008,hTDP43,WT-A90V-G287S-G294A-A315T-M337V,m,41d,002-converte
275.92,214.03,134,4.467,2,2024-03-11,NEG-008,hTDP43,WT-A90V-G287S-G294A-A315T-M337V,m,41d,002-converte
252.24,203.11,134,4.467,2,2024-03-11,NEG-008,hTDP43,WT-A90V-G287S-G294A-A315T-M337V,m,41d,002-converte
125.26,216.23,134,4.467,2,2024-03-11,NEG-008,hTDP43,WT-A90V-G287S-G294A-A315T-M337V,m,41d,002-converte
7.83,156.67,134,4.467,2,2024-03-11,NEG-008,hTDP43,WT-A90V-G287S-G294A-A315T-M337V,m,41d,002-converte
5.26,177.03,134,4.467,2,2024-03-11,NEG-008,hTDP43,WT-A90V-G287S-G294A-A315T-M337V,m,41d,002-converte
277.91,213.01,135,4.5,2,2024-03-11,NEG-008,hTDP43,WT-A90V-G287S-G294A-A315T-M337V,m,41d,002-converte
252.54,202.77,135,4.5,2,2024-03-11,NEG-008,hTDP43,WT-A90V-G287S-G294A-A315T-M337V,m,41d,002-converte
143.2,220.6,135,4.5,2,2024-03-11,NEG-008,hTDP43,WT-A90V-G287S-G294A-A315T-M337V,m,41d,002-converte
6.95,157.53,135,4.5,2,2024-03-11,NEG-008,hTDP43,WT-A90V-G287S-G294A-A315T-M337V,m,41d,002-converte
5.22,176.29,135,4.5,2,2024-03-11,NEG-008,hTDP43,WT-A90V-G287S-G294A-A315T-M337V,m,41d,002-converte
279.3,212.01,136,4.533,2,2024-03-11,NEG-008,hTDP43,WT-A90V-G287S-G294A-A315T-M337V,m,41d,002-converte
254.03,201.93,136,4.533,2,2024-03-11,NEG-008,hTDP43,WT-A90V-G287S-G294A-A315T-M337V,m,41d,002-converte
140.25,223.75,136,4.533,2,2024-03-11,NEG-008,hTDP43,WT-A90V-G287S-G294A-A315T-M337V,m,41d,002-converte
6.19,184.16,136,4.533,2,2024-03-11,NEG-008,hTDP43,WT-A90V-G287S-G294A-A315T-M337V,m,41d,002-converte
5.2,176.02,136,4.533,2,2024-03-11,NEG-008,hTDP43,WT-A90V-G287S-G294A-A315T-M337V,m,41d,002-converte
4.29,163.1,136,4.533,2,2024-03-11,NEG-008,hTDP43,WT-A90V-G287S-G294A-A315T-M337V,m,41d,002-converte
281.29,210.98,137,4.567,2,2024-03-11,NEG-008,hTDP43,WT-A90V-G287S-G294A-A315T-M337V,m,41d,002-converte
255.03,200.97,137,4.567,2,2024-03-11,NEG-008,hTDP43,WT-A90V-G287S-G294A-A315T-M337V,m,41d,002-converte
121.82,219.28,137,4.567,2,2024-03-11,NEG-008,hTDP43,WT-A90V-G287S-G294A-A315T-M337V,m,41d,002-converte
6.19,184.12,137,4.567,2,2024-03-11,NEG-008,hTDP43,WT-A90V-G287S-G294A-A315T-M337V,m,41d,002-converte
6.09,157.99,137,4.567,2,2024-03-11,NEG-008,hTDP43,WT-A90V-G287S-G294A-A315T-M337V,m,41d,002-converte
5.26,175.5,137,4.567,2,2024-03-11,NEG-008,hTDP43,WT-A90V-G287S-G294A-A315T-M337V,m,41d,002-converte
283.88,209.25,138,4.6,2,2024-03-11,NEG-008,hTDP43,WT-A90V-G287S-G294A-A315T-M337V,m,41d,002-converte
256.8,200.02,138,4.6,2,2024-03-11,NEG-008,hTDP43,WT-A90V-G287S-G294A-A315T-M337V,m,41d,002-converte
97.15,216.76,138,4.6,2,2024-03-11,NEG-008,hTDP43,WT-A90V-G287S-G294A-A315T-M337V,m,41d,002-converte
6.21,184.2,138,4.6,2,2024-03-11,NEG-008,hTDP43,WT-A90V-G287S-G294A-A315T-M337V,m,41d,002-converte
5.21,175.19,138,4.6,2,2024-03-11,NEG-008,hTDP43,WT-A90V-G287S-G294A-A315T-M337V,m,41d,002-converte
4.71,162.94,138,4.6,2,2024-03-11,NEG-008,hTDP43,WT-A90V-G287S-G294A-A315T-M337V,m,41d,002-converte
285.94,208.44,139,4.633,2,2024-03-11,NEG-008,hTDP43,WT-A90V-G287S-G294A-A315T-M337V,m,41d,002-converte
257.91,199.31,139,4.633,2,2024-03-11,NEG-008,hTDP43,WT-A90V-G287S-G294A-A315T-M337V,m,41d,002-converte
79.97,200.42,139,4.633,2,2024-03-11,NEG-008,hTDP43,WT-A90V-G287S-G294A-A315T-M337V,m,41d,002-converte
6.2,183.95,139,4.633,2,2024-03-11,NEG-008,hTDP43,WT-A90V-G287S-G294A-A315T-M337V,m,41d,002-converte
5.21,174.27,139,4.633,2,2024-03-11,NEG-008,hTDP43,WT-A90V-G287S-G294A-A315T-M337V,m,41d,002-converte
4.91,162.8,139,4.633,2,2024-03-11,NEG-008,hTDP43,WT-A90V-G287S-G294A-A315T-M337V,m,41d,002-converte
286.41,208.66,140,4.667,2,2024-03-11,NEG-008,hTDP43,WT-A90V-G287S-G294A-A315T-M337V,m,41d,002-converte
258.23,198.9,140,4.667,2,2024-03-11,NEG-008,hTDP43,WT-A90V-G287S-G294A-A315T-M337V,m,41d,002-converte
73.34,186.33,140,4.667,2,2024-03-11,NEG-008,hTDP43,WT-A90V-G287S-G294A-A315T-M337V,m,41d,002-converte
6.18,183.92,140,4.667,2,2024-03-11,NEG-008,hTDP43,WT-A90V-G287S-G294A-A315T-M337V,m,41d,002-converte
5.27,173.83,140,4.667,2,2024-03-11,NEG-008,hTDP43,WT-A90V-G287S-G294A-A315T-M337V,m,41d,002-converte
4.93,162.87,140,4.667,2,2024-03-11,NEG-008,hTDP43,WT-A90V-G287S-G294A-A315T-M337V,m,41d,002-converte
289.28,208.07,141,4.7,2,2024-03-11,NEG-008,hTDP43,WT-A90V-G287S-G294A-A315T-M337V,m,41d,002-converte
259.29,198.22,141,4.7,2,2024-03-11,NEG-008,hTDP43,WT-A90V-G287S-G294A-A315T-M337V,m,41d,002-converte
64.06,191.0,141,4.7,2,2024-03-11,NEG-008,hTDP43,WT-A90V-G287S-G294A-A315T-M337V,m,41d,002-converte
6.17,183.88,141,4.7,2,2024-03-11,NEG-008,hTDP43,WT-A90V-G287S-G294A-A315T-M337V,m,41d,002-converte
5.37,173.63,141,4.7,2,2024-03-11,NEG-008,hTDP43,WT-A90V-G287S-G294A-A315T-M337V,m,41d,002-converte
4.97,162.92,141,4.7,2,2024-03-11,NEG-008,hTDP43,WT-A90V-G287S-G294A-A315T-M337V,m,41d,002-converte
292.93,207.99,142,4.733,2,2024-03-11,NEG-008,hTDP43,WT-A90V-G287S-G294A-A315T-M337V,m,41d,002-converte
261.02,197.07,142,4.733,2,2024-03-11,NEG-008,hTDP43,WT-A90V-G287S-G294A-A315T-M337V,m,41d,002-converte
46.31,208.32,142,4.733,2,2024-03-11,NEG-008,hTDP43,WT-A90V-G287S-G294A-A315T-M337V,m,41d,002-converte
6.16,183.89,142,4.733,2,2024-03-11,NEG-008,hTDP43,WT-A90V-G287S-G294A-A315T-M337V,m,41d,002-converte
5.85,172.27,142,4.733,2,2024-03-11,NEG-008,hTDP43,WT-A90V-G287S-G294A-A315T-M337V,m,41d,002-converte
5.43,162.93,142,4.733,2,2024-03-11,NEG-008,hTDP43,WT-A90V-G287S-G294A-A315T-M337V,m,41d,002-converte
295.38,208.0,143,4.767,2,2024-03-11,NEG-008,hTDP43,WT-A90V-G287S-G294A-A315T-M337V,m,41d,002-converte
261.65,196.88,143,4.767,2,2024-03-11,NEG-008,hTDP43,WT-A90V-G287S-G294A-A315T-M337V,m,41d,002-converte
22.16,202.11,143,4.767,2,2024-03-11,NEG-008,hTDP43,WT-A90V-G287S-G294A-A315T-M337V,m,41d,002-converte
6.16,183.9,143,4.767,2,2024-03-11,NEG-008,hTDP43,WT-A90V-G287S-G294A-A315T-M337V,m,41d,002-converte
5.85,172.03,143,4.767,2,2024-03-11,NEG-008,hTDP43,WT-A90V-G287S-G294A-A315T-M337V,m,41d,002-converte
5.42,162.8,143,4.767,2,2024-03-11,NEG-008,hTDP43,WT-A90V-G287S-G294A-A315T-M337V,m,41d,002-converte
298.24,208.27,144,4.8,2,2024-03-11,NEG-008,hTDP43,WT-A90V-G287S-G294A-A315T-M337V,m,41d,002-converte
263.22,195.8,144,4.8,2,2024-03-11,NEG-008,hTDP43,WT-A90V-G287S-G294A-A315T-M337V,m,41d,002-converte
12.1,203.06,144,4.8,2,2024-03-11,NEG-008,hTDP43,WT-A90V-G287S-G294A-A315T-M337V,m,41d,002-converte
6.16,183.9,144,4.8,2,2024-03-11,NEG-008,hTDP43,WT-A90V-G287S-G294A-A315T-M337V,m,41d,002-converte
6.04,171.27,144,4.8,2,2024-03-11,NEG-008,hTDP43,WT-A90V-G287S-G294A-A315T-M337V,m,41d,002-converte
5.54,162.59,144,4.8,2,2024-03-11,NEG-008,hTDP43,WT-A90V-G287S-G294A-A315T-M337V,m,41d,002-converte
301.28,208.25,145,4.833,2,2024-03-11,NEG-008,hTDP43,WT-A90V-G287S-G294A-A315T-M337V,m,41d,002-converte
264.4,195.11,145,4.833,2,2024-03-11,NEG-008,hTDP43,WT-A90V-G287S-G294A-A315T-M337V,m,41d,002-converte
17.35,200.18,145,4.833,2,2024-03-11,NEG-008,hTDP43,WT-A90V-G287S-G294A-A315T-M337V,m,41d,002-converte
6.16,183.9,145,4.833,2,2024-03-11,NEG-008,hTDP43,WT-A90V-G287S-G294A-A315T-M337V,m,41d,002-converte
6.04,171.27,145,4.833,2,2024-03-11,NEG-008,hTDP43,WT-A90V-G287S-G294A-A315T-M337V,m,41d,002-converte
5.54,162.59,145,4.833,2,2024-03-11,NEG-008,hTDP43,WT-A90V-G287S-G294A-A315T-M337V,m,41d,002-converte
304.97,208.98,146,4.867,2,2024-03-11,NEG-008,hTDP43,WT-A90V-G287S-G294A-A315T-M337V,m,41d,002-converte
266.29,194.0,146,4.867,2,2024-03-11,NEG-008,hTDP43,WT-A90V-G287S-G294A-A315T-M337V,m,41d,002-converte
24.79,180.18,146,4.867,2,2024-03-11,NEG-008,hTDP43,WT-A90V-G287S-G294A-A315T-M337V,m,41d,002-converte
6.15,183.9,146,4.867,2,2024-03-11,NEG-008,hTDP43,WT-A90V-G287S-G294A-A315T-M337V,m,41d,002-converte
6.02,171.29,146,4.867,2,2024-03-11,NEG-008,hTDP43,WT-A90V-G287S-G294A-A315T-M337V,m,41d,002-converte
5.53,162.55,146,4.867,2,2024-03-11,NEG-008,hTDP43,WT-A90V-G287S-G294A-A315T-M337V,m,41d,002-converte
307.92,209.07,147,4.9,2,2024-03-11,NEG-008,hTDP43,WT-A90V-G287S-G294A-A315T-M337V,m,41d,002-converte
267.31,193.73,147,4.9,2,2024-03-11,NEG-008,hTDP43,WT-A90V-G287S-G294A-A315T-M337V,m,41d,002-converte
33.24,161.35,147,4.9,2,2024-03-11,NEG-008,hTDP43,WT-A90V-G287S-G294A-A315T-M337V,m,41d,002-converte
6.14,183.89,147,4.9,2,2024-03-11,NEG-008,hTDP43,WT-A90V-G287S-G294A-A315T-M337V,m,41d,002-converte
6.01,171.31,147,4.9,2,2024-03-11,NEG-008,hTDP43,WT-A90V-G287S-G294A-A315T-M337V,m,41d,002-converte
5.52,162.53,147,4.9,2,2024-03-11,NEG-008,hTDP43,WT-A90V-G287S-G294A-A315T-M337V,m,41d,002-converte
310.82,209.98,148,4.933,2,2024-03-11,NEG-008,hTDP43,WT-A90V-G287S-G294A-A315T-M337V,m,41d,002-converte
268.33,192.74,148,4.933,2,2024-03-11,NEG-008,hTDP43,WT-A90V-G287S-G294A-A315T-M337V,m,41d,002-converte
18.68,169.07,148,4.933,2,2024-03-11,NEG-008,hTDP43,WT-A90V-G287S-G294A-A315T-M337V,m,41d,002-converte
6.14,183.89,148,4.933,2,2024-03-11,NEG-008,hTDP43,WT-A90V-G287S-G294A-A315T-M337V,m,41d,002-converte
6.01,171.31,148,4.933,2,2024-03-11,NEG-008,hTDP43,WT-A90V-G287S-G294A-A315T-M337V,m,41d,002-converte
5.53,162.53,148,4.933,2,2024-03-11,NEG-008,hTDP43,WT-A90V-G287S-G294A-A315T-M337V,m,41d,002-converte
312.39,210.11,149,4.967,2,2024-03-11,NEG-008,hTDP43,WT-A90V-G287S-G294A-A315T-M337V,m,41d,002-converte
269.4,191.77,149,4.967,2,2024-03-11,NEG-008,hTDP43,WT-A90V-G287S-G294A-A315T-M337V,m,41d,002-converte
6.26,183.29,149,4.967,2,2024-03-11,NEG-008,hTDP43,WT-A90V-G287S-G294A-A315T-M337V,m,41d,002-converte
5.44,170.85,149,4.967,2,2024-03-11,NEG-008,hTDP43,WT-A90V-G287S-G294A-A315T-M337V,m,41d,002-converte
5.37,162.51,149,4.967,2,2024-03-11,NEG-008,hTDP43,WT-A90V-G287S-G294A-A315T-M337V,m,41d,002-converte
316.07,211.03,150,5.0,2,2024-03-11,NEG-008,hTDP43,WT-A90V-G287S-G294A-A315T-M337V,m,41d,002-converte
270.53,190.88,150,5.0,2,2024-03-11,NEG-008,hTDP43,WT-A90V-G287S-G294A-A315T-M337V,m,41d,002-converte
6.21,184.07,150,5.0,2,2024-03-11,NEG-008,hTDP43,WT-A90V-G287S-G294A-A315T-M337V,m,41d,002-converte
5.34,171.26,150,5.0,2,2024-03-11,NEG-008,hTDP43,WT-A90V-G287S-G294A-A315T-M337V,m,41d,002-converte
5.29,162.5,150,5.0,2,2024-03-11,NEG-008,hTDP43,WT-A90V-G287S-G294A-A315T-M337V,m,41d,002-converte
319.77,211.89,151,5.033,2,2024-03-11,NEG-008,hTDP43,WT-A90V-G287S-G294A-A315T-M337V,m,41d,002-converte
271.75,190.24,151,5.033,2,2024-03-11,NEG-008,hTDP43,WT-A90V-G287S-G294A-A315T-M337V,m,41d,002-converte
6.04,184.13,151,5.033,2,2024-03-11,NEG-008,hTDP43,WT-A90V-G287S-G294A-A315T-M337V,m,41d,002-converte
5.22,171.41,151,5.033,2,2024-03-11,NEG-008,hTDP43,WT-A90V-G287S-G294A-A315T-M337V,m,41d,002-converte
5.21,162.49,151,5.033,2,2024-03-11,NEG-008,hTDP43,WT-A90V-G287S-G294A-A315T-M337V,m,41d,002-converte
321.38,212.28,152,5.067,2,2024-03-11,NEG-008,hTDP43,WT-A90V-G287S-G294A-A315T-M337V,m,41d,002-converte
271.38,189.78,152,5.067,2,2024-03-11,NEG-008,hTDP43,WT-A90V-G287S-G294A-A315T-M337V,m,41d,002-converte
5.58,183.92,152,5.067,2,2024-03-11,NEG-008,hTDP43,WT-A90V-G287S-G294A-A315T-M337V,m,41d,002-converte
5.19,162.45,152,5.067,2,2024-03-11,NEG-008,hTDP43,WT-A90V-G287S-G294A-A315T-M337V,m,41d,002-converte
5.16,171.13,152,5.067,2,2024-03-11,NEG-008,hTDP43,WT-A90V-G287S-G294A-A315T-M337V,m,41d,002-converte
324.96,212.97,153,5.1,2,2024-03-11,NEG-008,hTDP43,WT-A90V-G287S-G294A-A315T-M337V,m,41d,002-converte
272.51,189.01,153,5.1,2,2024-03-11,NEG-008,hTDP43,WT-A90V-G287S-G294A-A315T-M337V,m,41d,002-converte
5.56,183.01,153,5.1,2,2024-03-11,NEG-008,hTDP43,WT-A90V-G287S-G294A-A315T-M337V,m,41d,002-converte
5.16,170.41,153,5.1,2,2024-03-11,NEG-008,hTDP43,WT-A90V-G287S-G294A-A315T-M337V,m,41d,002-converte
327.24,213.25,154,5.133,2,2024-03-11,NEG-008,hTDP43,WT-A90V-G287S-G294A-A315T-M337V,m,41d,002-converte
274.23,188.04,154,5.133,2,2024-03-11,NEG-008,hTDP43,WT-A90V-G287S-G294A-A315T-M337V,m,41d,002-converte
5.51,182.99,154,5.133,2,2024-03-11,NEG-008,hTDP43,WT-A90V-G287S-G294A-A315T-M337V,m,41d,002-converte
5.16,170.41,154,5.133,2,2024-03-11,NEG-008,hTDP43,WT-A90V-G287S-G294A-A315T-M337V,m,41d,002-converte
330.21,214.08,155,5.167,2,2024-03-11,NEG-008,hTDP43,WT-A90V-G287S-G294A-A315T-M337V,m,41d,002-converte
275.7,187.19,155,5.167,2,2024-03-11,NEG-008,hTDP43,WT-A90V-G287S-G294A-A315T-M337V,m,41d,002-converte
5.47,182.98,155,5.167,2,2024-03-11,NEG-008,hTDP43,WT-A90V-G287S-G294A-A315T-M337V,m,41d,002-converte
5.16,170.41,155,5.167,2,2024-03-11,NEG-008,hTDP43,WT-A90V-G287S-G294A-A315T-M337V,m,41d,002-converte
333.2,214.23,156,5.2,2,2024-03-11,NEG-008,hTDP43,WT-A90V-G287S-G294A-A315T-M337V,m,41d,002-converte
277.66,186.14,156,5.2,2,2024-03-11,NEG-008,hTDP43,WT-A90V-G287S-G294A-A315T-M337V,m,41d,002-converte
5.47,182.98,156,5.2,2,2024-03-11,NEG-008,hTDP43,WT-A90V-G287S-G294A-A315T-M337V,m,41d,002-converte
5.1,170.37,156,5.2,2,2024-03-11,NEG-008,hTDP43,WT-A90V-G287S-G294A-A315T-M337V,m,41d,002-converte
336.27,215.13,157,5.233,2,2024-03-11,NEG-008,hTDP43,WT-A90V-G287S-G294A-A315T-M337V,m,41d,002-converte
277.56,185.92,157,5.233,2,2024-03-11,NEG-008,hTDP43,WT-A90V-G287S-G294A-A315T-M337V,m,41d,002-converte
5.48,183.2,157,5.233,2,2024-03-11,NEG-008,hTDP43,WT-A90V-G287S-G294A-A315T-M337V,m,41d,002-converte
5.04,170.33,157,5.233,2,2024-03-11,NEG-008,hTDP43,WT-A90V-G287S-G294A-A315T-M337V,m,41d,002-converte
339.28,215.31,158,5.267,2,2024-03-11,NEG-008,hTDP43,WT-A90V-G287S-G294A-A315T-M337V,m,41d,002-converte
279.9,184.97,158,5.267,2,2024-03-11,NEG-008,hTDP43,WT-A90V-G287S-G294A-A315T-M337V,m,41d,002-converte
5.51,183.36,158,5.267,2,2024-03-11,NEG-008,hTDP43,WT-A90V-G287S-G294A-A315T-M337V,m,41d,002-converte
4.98,170.28,158,5.267,2,2024-03-11,NEG-008,hTDP43,WT-A90V-G287S-G294A-A315T-M337V,m,41d,002-converte
342.09,215.89,159,5.3,2,2024-03-11,NEG-008,hTDP43,WT-A90V-G287S-G294A-A315T-M337V,m,41d,002-converte
281.04,184.32,159,5.3,2,2024-03-11,NEG-008,hTDP43,WT-A90V-G287S-G294A-A315T-M337V,m,41d,002-converte
5.5,183.36,159,5.3,2,2024-03-11,NEG-008,hTDP43,WT-A90V-G287S-G294A-A315T-M337V,m,41d,002-converte
5.07,170.26,159,5.3,2,2024-03-11,NEG-008,hTDP43,WT-A90V-G287S-G294A-A315T-M337V,m,41d,002-converte
344.29,215.95,160,5.333,2,2024-03-11,NEG-008,hTDP43,WT-A90V-G287S-G294A-A315T-M337V,m,41d,002-converte
281.44,183.87,160,5.333,2,2024-03-11,NEG-008,hTDP43,WT-A90V-G287S-G294A-A315T-M337V,m,41d,002-converte
5.61,183.97,160,5.333,2,2024-03-11,NEG-008,hTDP43,WT-A90V-G287S-G294A-A315T-M337V,m,41d,002-converte
5.18,170.24,160,5.333,2,2024-03-11,NEG-008,hTDP43,WT-A90V-G287S-G294A-A315T-M337V,m,41d,002-converte
362.62,216.78,161,5.367,2,2024-03-11,NEG-008,hTDP43,WT-A90V-G287S-G294A-A315T-M337V,m,41d,002-converte
347.18,216.36,161,5.367,2,2024-03-11,NEG-008,hTDP43,WT-A90V-G287S-G294A-A315T-M337V,m,41d,002-converte
283.42,182.98,161,5.367,2,2024-03-11,NEG-008,hTDP43,WT-A90V-G287S-G294A-A315T-M337V,m,41d,002-converte
5.77,184.25,161,5.367,2,2024-03-11,NEG-008,hTDP43,WT-A90V-G287S-G294A-A315T-M337V,m,41d,002-converte
5.29,170.2,161,5.367,2,2024-03-11,NEG-008,hTDP43,WT-A90V-G287S-G294A-A315T-M337V,m,41d,002-converte
362.57,216.95,162,5.4,2,2024-03-11,NEG-008,hTDP43,WT-A90V-G287S-G294A-A315T-M337V,m,41d,002-converte
349.37,216.89,162,5.4,2,2024-03-11,NEG-008,hTDP43,WT-A90V-G287S-G294A-A315T-M337V,m,41d,002-converte
284.95,182.21,162,5.4,2,2024-03-11,NEG-008,hTDP43,WT-A90V-G287S-G294A-A315T-M337V,m,41d,002-converte
5.94,184.47,162,5.4,2,2024-03-11,NEG-008,hTDP43,WT-A90V-G287S-G294A-A315T-M337V,m,41d,002-converte
5.4,170.17,162,5.4,2,2024-03-11,NEG-008,hTDP43,WT-A90V-G287S-G294A-A315T-M337V,m,41d,002-converte
5.22,162.16,162,5.4,2,2024-03-11,NEG-008,hTDP43,WT-A90V-G287S-G294A-A315T-M337V,m,41d,002-converte
362.37,216.97,163,5.433,2,2024-03-11,NEG-008,hTDP43,WT-A90V-G287S-G294A-A315T-M337V,m,41d,002-converte
351.31,217.09,163,5.433,2,2024-03-11,NEG-008,hTDP43,WT-A90V-G287S-G294A-A315T-M337V,m,41d,002-converte
286.67,181.04,163,5.433,2,2024-03-11,NEG-008,hTDP43,WT-A90V-G287S-G294A-A315T-M337V,m,41d,002-converte
6.12,184.64,163,5.433,2,2024-03-11,NEG-008,hTDP43,WT-A90V-G287S-G294A-A315T-M337V,m,41d,002-converte
5.62,170.02,163,5.433,2,2024-03-11,NEG-008,hTDP43,WT-A90V-G287S-G294A-A315T-M337V,m,41d,002-converte
353.2,217.84,164,5.467,2,2024-03-11,NEG-008,hTDP43,WT-A90V-G287S-G294A-A315T-M337V,m,41d,002-converte
287.97,180.06,164,5.467,2,2024-03-11,NEG-008,hTDP43,WT-A90V-G287S-G294A-A315T-M337V,m,41d,002-converte
6.32,184.87,164,5.467,2,2024-03-11,NEG-008,hTDP43,WT-A90V-G287S-G294A-A315T-M337V,m,41d,002-converte
5.72,170.0,164,5.467,2,2024-03-11,NEG-008,hTDP43,WT-A90V-G287S-G294A-A315T-M337V,m,41d,002-converte
354.44,218.21,165,5.5,2,2024-03-11,NEG-008,hTDP43,WT-A90V-G287S-G294A-A315T-M337V,m,41d,002-converte
288.84,179.23,165,5.5,2,2024-03-11,NEG-008,hTDP43,WT-A90V-G287S-G294A-A315T-M337V,m,41d,002-converte
6.51,185.1,165,5.5,2,2024-03-11,NEG-008,hTDP43,WT-A90V-G287S-G294A-A315T-M337V,m,41d,002-converte
5.82,169.98,165,5.5,2,2024-03-11,NEG-008,hTDP43,WT-A90V-G287S-G294A-A315T-M337V,m,41d,002-converte
357.99,218.91,166,5.533,2,2024-03-11,NEG-008,hTDP43,WT-A90V-G287S-G294A-A315T-M337V,m,41d,002-converte
289.22,178.73,166,5.533,2,2024-03-11,NEG-008,hTDP43,WT-A90V-G287S-G294A-A315T-M337V,m,41d,002-converte
6.76,185.64,166,5.533,2,2024-03-11,NEG-008,hTDP43,WT-A90V-G287S-G294A-A315T-M337V,m,41d,002-converte
6.15,162.32,166,5.533,2,2024-03-11,NEG-008,hTDP43,WT-A90V-G287S-G294A-A315T-M337V,m,41d,002-converte
358.69,219.65,167,5.567,2,2024-03-11,NEG-008,hTDP43,WT-A90V-G287S-G294A-A315T-M337V,m,41d,002-converte
290.94,177.85,167,5.567,2,2024-03-11,NEG-008,hTDP43,WT-A90V-G287S-G294A-A315T-M337V,m,41d,002-converte
6.93,186.24,167,5.567,2,2024-03-11,NEG-008,hTDP43,WT-A90V-G287S-G294A-A315T-M337V,m,41d,002-converte
6.38,162.34,167,5.567,2,2024-03-11,NEG-008,hTDP43,WT-A90V-G287S-G294A-A315T-M337V,m,41d,002-converte
359.49,219.58,168,5.6,2,2024-03-11,NEG-008,hTDP43,WT-A90V-G287S-G294A-A315T-M337V,m,41d,002-converte
292.08,177.35,168,5.6,2,2024-03-11,NEG-008,hTDP43,WT-A90V-G287S-G294A-A315T-M337V,m,41d,002-converte
7.33,187.11,168,5.6,2,2024-03-11,NEG-008,hTDP43,WT-A90V-G287S-G294A-A315T-M337V,m,41d,002-converte
5.96,170.01,168,5.6,2,2024-03-11,NEG-008,hTDP43,WT-A90V-G287S-G294A-A315T-M337V,m,41d,002-converte
292.35,176.77,169,5.633,2,2024-03-11,NEG-008,hTDP43,WT-A90V-G287S-G294A-A315T-M337V,m,41d,002-converte
7.72,188.02,169,5.633,2,2024-03-11,NEG-008,hTDP43,WT-A90V-G287S-G294A-A315T-M337V,m,41d,002-converte
6.01,170.09,169,5.633,2,2024-03-11,NEG-008,hTDP43,WT-A90V-G287S-G294A-A315T-M337V,m,41d,002-converte
293.21,176.06,170,5.667,2,2024-03-11,NEG-008,hTDP43,WT-A90V-G287S-G294A-A315T-M337V,m,41d,002-converte
7.89,188.57,170,5.667,2,2024-03-11,NEG-008,hTDP43,WT-A90V-G287S-G294A-A315T-M337V,m,41d,002-converte
6.03,170.12,170,5.667,2,2024-03-11,NEG-008,hTDP43,WT-A90V-G287S-G294A-A315T-M337V,m,41d,002-converte
294.72,175.13,171,5.7,2,2024-03-11,NEG-008,hTDP43,WT-A90V-G287S-G294A-A315T-M337V,m,41d,002-converte
7.97,188.91,171,5.7,2,2024-03-11,NEG-008,hTDP43,WT-A90V-G287S-G294A-A315T-M337V,m,41d,002-converte
6.61,162.01,171,5.7,2,2024-03-11,NEG-008,hTDP43,WT-A90V-G287S-G294A-A315T-M337V,m,41d,002-converte
6.05,170.16,171,5.7,2,2024-03-11,NEG-008,hTDP43,WT-A90V-G287S-G294A-A315T-M337V,m,41d,002-converte
296.69,174.24,172,5.733,2,2024-03-11,NEG-008,hTDP43,WT-A90V-G287S-G294A-A315T-M337V,m,41d,002-converte
7.97,188.95,172,5.733,2,2024-03-11,NEG-008,hTDP43,WT-A90V-G287S-G294A-A315T-M337V,m,41d,002-converte
6.42,161.79,172,5.733,2,2024-03-11,NEG-008,hTDP43,WT-A90V-G287S-G294A-A315T-M337V,m,41d,002-converte
5.97,170.18,172,5.733,2,2024-03-11,NEG-008,hTDP43,WT-A90V-G287S-G294A-A315T-M337V,m,41d,002-converte
297.05,174.12,173,5.767,2,2024-03-11,NEG-008,hTDP43,WT-A90V-G287S-G294A-A315T-M337V,m,41d,002-converte
7.97,188.95,173,5.767,2,2024-03-11,NEG-008,hTDP43,WT-A90V-G287S-G294A-A315T-M337V,m,41d,002-converte
6.24,161.93,173,5.767,2,2024-03-11,NEG-008,hTDP43,WT-A90V-G287S-G294A-A315T-M337V,m,41d,002-converte
5.88,170.16,173,5.767,2,2024-03-11,NEG-008,hTDP43,WT-A90V-G287S-G294A-A315T-M337V,m,41d,002-converte
297.43,173.8,174,5.8,2,2024-03-11,NEG-008,hTDP43,WT-A90V-G287S-G294A-A315T-M337V,m,41d,002-converte
7.97,188.95,174,5.8,2,2024-03-11,NEG-008,hTDP43,WT-A90V-G287S-G294A-A315T-M337V,m,41d,002-converte
5.82,169.58,174,5.8,2,2024-03-11,NEG-008,hTDP43,WT-A90V-G287S-G294A-A315T-M337V,m,41d,002-converte
299.88,173.02,175,5.833,2,2024-03-11,NEG-008,hTDP43,WT-A90V-G287S-G294A-A315T-M337V,m,41d,002-converte
7.97,188.95,175,5.833,2,2024-03-11,NEG-008,hTDP43,WT-A90V-G287S-G294A-A315T-M337V,m,41d,002-converte
5.76,169.52,175,5.833,2,2024-03-11,NEG-008,hTDP43,WT-A90V-G287S-G294A-A315T-M337V,m,41d,002-converte
300.44,172.84,176,5.867,2,2024-03-11,NEG-008,hTDP43,WT-A90V-G287S-G294A-A315T-M337V,m,41d,002-converte
7.97,188.95,176,5.867,2,2024-03-11,NEG-008,hTDP43,WT-A90V-G287S-G294A-A315T-M337V,m,41d,002-converte
7.28,159.51,176,5.867,2,2024-03-11,NEG-008,hTDP43,WT-A90V-G287S-G294A-A315T-M337V,m,41d,002-converte
5.74,169.57,176,5.867,2,2024-03-11,NEG-008,hTDP43,WT-A90V-G287S-G294A-A315T-M337V,m,41d,002-converte
302.73,172.05,177,5.9,2,2024-03-11,NEG-008,hTDP43,WT-A90V-G287S-G294A-A315T-M337V,m,41d,002-converte
7.97,188.96,177,5.9,2,2024-03-11,NEG-008,hTDP43,WT-A90V-G287S-G294A-A315T-M337V,m,41d,002-converte
7.36,159.55,177,5.9,2,2024-03-11,NEG-008,hTDP43,WT-A90V-G287S-G294A-A315T-M337V,m,41d,002-converte
5.74,169.58,177,5.9,2,2024-03-11,NEG-008,hTDP43,WT-A90V-G287S-G294A-A315T-M337V,m,41d,002-converte
302.52,171.75,178,5.933,2,2024-03-11,NEG-008,hTDP43,WT-A90V-G287S-G294A-A315T-M337V,m,41d,002-converte
7.95,188.88,178,5.933,2,2024-03-11,NEG-008,hTDP43,WT-A90V-G287S-G294A-A315T-M337V,m,41d,002-converte
5.73,169.58,178,5.933,2,2024-03-11,NEG-008,hTDP43,WT-A90V-G287S-G294A-A315T-M337V,m,41d,002-converte
305.1,171.09,179,5.967,2,2024-03-11,NEG-008,hTDP43,WT-A90V-G287S-G294A-A315T-M337V,m,41d,002-converte
7.93,188.8,179,5.967,2,2024-03-11,NEG-008,hTDP43,WT-A90V-G287S-G294A-A315T-M337V,m,41d,002-converte
5.73,169.58,179,5.967,2,2024-03-11,NEG-008,hTDP43,WT-A90V-G287S-G294A-A315T-M337V,m,41d,002-converte
306.3,170.78,180,6.0,2,2024-03-11,NEG-008,hTDP43,WT-A90V-G287S-G294A-A315T-M337V,m,41d,002-converte
49.32,191.96,180,6.0,2,2024-03-11,NEG-008,hTDP43,WT-A90V-G287S-G294A-A315T-M337V,m,41d,002-converte
17.93,173.02,180,6.0,2,2024-03-11,NEG-008,hTDP43,WT-A90V-G287S-G294A-A315T-M337V,m,41d,002-converte
7.49,159.56,180,6.0,2,2024-03-11,NEG-008,hTDP43,WT-A90V-G287S-G294A-A315T-M337V,m,41d,002-converte
5.51,169.47,180,6.0,2,2024-03-11,NEG-008,hTDP43,WT-A90V-G287S-G294A-A315T-M337V,m,41d,002-converte
308.08,170.31,181,6.033,2,2024-03-11,NEG-008,hTDP43,WT-A90V-G287S-G294A-A315T-M337V,m,41d,002-converte
93.91,190.31,181,6.033,2,2024-03-11,NEG-008,hTDP43,WT-A90V-G287S-G294A-A315T-M337V,m,41d,002-converte
66.04,172.5,181,6.033,2,2024-03-11,NEG-008,hTDP43,WT-A90V-G287S-G294A-A315T-M337V,m,41d,002-converte
7.49,159.57,181,6.033,2,2024-03-11,NEG-008,hTDP43,WT-A90V-G287S-G294A-A315T-M337V,m,41d,002-converte
5.51,169.47,181,6.033,2,2024-03-11,NEG-008,hTDP43,WT-A90V-G287S-G294A-A315T-M337V,m,41d,002-converte
309.25,169.88,182,6.067,2,2024-03-11,NEG-008,hTDP43,WT-A90V-G287S-G294A-A315T-M337V,m,41d,002-converte
118.08,170.76,182,6.067,2,2024-03-11,NEG-008,hTDP43,WT-A90V-G287S-G294A-A315T-M337V,m,41d,002-converte
98.41,167.55,182,6.067,2,2024-03-11,NEG-008,hTDP43,WT-A90V-G287S-G294A-A315T-M337V,m,41d,002-converte
7.42,159.28,182,6.067,2,2024-03-11,NEG-008,hTDP43,WT-A90V-G287S-G294A-A315T-M337V,m,41d,002-converte
5.49,169.47,182,6.067,2,2024-03-11,NEG-008,hTDP43,WT-A90V-G287S-G294A-A315T-M337V,m,41d,002-converte
311.87,169.31,183,6.1,2,2024-03-11,NEG-008,hTDP43,WT-A90V-G287S-G294A-A315T-M337V,m,41d,002-converte
105.77,178.93,183,6.1,2,2024-03-11,NEG-008,hTDP43,WT-A90V-G287S-G294A-A315T-M337V,m,41d,002-converte
7.3,158.99,183,6.1,2,2024-03-11,NEG-008,hTDP43,WT-A90V-G287S-G294A-A315T-M337V,m,41d,002-converte
5.47,169.47,183,6.1,2,2024-03-11,NEG-008,hTDP43,WT-A90V-G287S-G294A-A315T-M337V,m,41d,002-converte
312.74,168.87,184,6.133,2,2024-03-11,NEG-008,hTDP43,WT-A90V-G287S-G294A-A315T-M337V,m,41d,002-converte
98.97,168.58,184,6.133,2,2024-03-11,NEG-008,hTDP43,WT-A90V-G287S-G294A-A315T-M337V,m,41d,002-converte
7.22,158.95,184,6.133,2,2024-03-11,NEG-008,hTDP43,WT-A90V-G287S-G294A-A315T-M337V,m,41d,002-converte
5.47,169.47,184,6.133,2,2024-03-11,NEG-008,hTDP43,WT-A90V-G287S-G294A-A315T-M337V,m,41d,002-converte
314.6,168.23,185,6.167,2,2024-03-11,NEG-008,hTDP43,WT-A90V-G287S-G294A-A315T-M337V,m,41d,002-converte
85.1,164.85,185,6.167,2,2024-03-11,NEG-008,hTDP43,WT-A90V-G287S-G294A-A315T-M337V,m,41d,002-converte
42.98,207.76,185,6.167,2,2024-03-11,NEG-008,hTDP43,WT-A90V-G287S-G294A-A315T-M337V,m,41d,002-converte
7.14,158.9,185,6.167,2,2024-03-11,NEG-008,hTDP43,WT-A90V-G287S-G294A-A315T-M337V,m,41d,002-converte
5.47,169.47,185,6.167,2,2024-03-11,NEG-008,hTDP43,WT-A90V-G287S-G294A-A315T-M337V,m,41d,002-converte
315.06,168.09,186,6.2,2,2024-03-11,NEG-008,hTDP43,WT-A90V-G287S-G294A-A315T-M337V,m,41d,002-converte
67.47,172.98,186,6.2,2,2024-03-11,NEG-008,hTDP43,WT-A90V-G287S-G294A-A315T-M337V,m,41d,002-converte
32.8,200.82,186,6.2,2,2024-03-11,NEG-008,hTDP43,WT-A90V-G287S-G294A-A315T-M337V,m,41d,002-converte
5.45,169.48,186,6.2,2,2024-03-11,NEG-008,hTDP43,WT-A90V-G287S-G294A-A315T-M337V,m,41d,002-converte
316.22,167.95,187,6.233,2,2024-03-11,NEG-008,hTDP43,WT-A90V-G287S-G294A-A315T-M337V,m,41d,002-converte
62.01,197.75,187,6.233,2,2024-03-11,NEG-008,hTDP43,WT-A90V-G287S-G294A-A315T-M337V,m,41d,002-converte
28.86,218.85,187,6.233,2,2024-03-11,NEG-008,hTDP43,WT-A90V-G287S-G294A-A315T-M337V,m,41d,002-converte
5.42,169.49,187,6.233,2,2024-03-11,NEG-008,hTDP43,WT-A90V-G287S-G294A-A315T-M337V,m,41d,002-converte
317.22,167.68,188,6.267,2,2024-03-11,NEG-008,hTDP43,WT-A90V-G287S-G294A-A315T-M337V,m,41d,002-converte
72.98,218.67,188,6.267,2,2024-03-11,NEG-008,hTDP43,WT-A90V-G287S-G294A-A315T-M337V,m,41d,002-converte
21.26,220.72,188,6.267,2,2024-03-11,NEG-008,hTDP43,WT-A90V-G287S-G294A-A315T-M337V,m,41d,002-converte
5.42,169.5,188,6.267,2,2024-03-11,NEG-008,hTDP43,WT-A90V-G287S-G294A-A315T-M337V,m,41d,002-converte
319.71,167.09,189,6.3,2,2024-03-11,NEG-008,hTDP43,WT-A90V-G287S-G294A-A315T-M337V,m,41d,002-converte
71.47,219.23,189,6.3,2,2024-03-11,NEG-008,hTDP43,WT-A90V-G287S-G294A-A315T-M337V,m,41d,002-converte
5.42,169.5,189,6.3,2,2024-03-11,NEG-008,hTDP43,WT-A90V-G287S-G294A-A315T-M337V,m,41d,002-converte
4.83,218.05,189,6.3,2,2024-03-11,NEG-008,hTDP43,WT-A90V-G287S-G294A-A315T-M337V,m,41d,002-converte
320.19,167.0,190,6.333,2,2024-03-11,NEG-008,hTDP43,WT-A90V-G287S-G294A-A315T-M337V,m,41d,002-converte
71.57,219.25,190,6.333,2,2024-03-11,NEG-008,hTDP43,WT-A90V-G287S-G294A-A315T-M337V,m,41d,002-converte
5.42,169.5,190,6.333,2,2024-03-11,NEG-008,hTDP43,WT-A90V-G287S-G294A-A315T-M337V,m,41d,002-converte
4.57,219.4,190,6.333,2,2024-03-11,NEG-008,hTDP43,WT-A90V-G287S-G294A-A315T-M337V,m,41d,002-converte
321.36,166.85,191,6.367,2,2024-03-11,NEG-008,hTDP43,WT-A90V-G287S-G294A-A315T-M337V,m,41d,002-converte
73.94,218.96,191,6.367,2,2024-03-11,NEG-008,hTDP43,WT-A90V-G287S-G294A-A315T-M337V,m,41d,002-converte
6.45,158.41,191,6.367,2,2024-03-11,NEG-008,hTDP43,WT-A90V-G287S-G294A-A315T-M337V,m,41d,002-converte
5.59,169.28,191,6.367,2,2024-03-11,NEG-008,hTDP43,WT-A90V-G287S-G294A-A315T-M337V,m,41d,002-converte
4.57,219.4,191,6.367,2,2024-03-11,NEG-008,hTDP43,WT-A90V-G287S-G294A-A315T-M337V,m,41d,002-converte
323.7,166.23,192,6.4,2,2024-03-11,NEG-008,hTDP43,WT-A90V-G287S-G294A-A315T-M337V,m,41d,002-converte
74.79,218.79,192,6.4,2,2024-03-11,NEG-008,hTDP43,WT-A90V-G287S-G294A-A315T-M337V,m,41d,002-converte
6.4,158.4,192,6.4,2,2024-03-11,NEG-008,hTDP43,WT-A90V-G287S-G294A-A315T-M337V,m,41d,002-converte
5.67,169.16,192,6.4,2,2024-03-11,NEG-008,hTDP43,WT-A90V-G287S-G294A-A315T-M337V,m,41d,002-converte
4.57,219.4,192,6.4,2,2024-03-11,NEG-008,hTDP43,WT-A90V-G287S-G294A-A315T-M337V,m,41d,002-converte
324.83,166.03,193,6.433,2,2024-03-11,NEG-008,hTDP43,WT-A90V-G287S-G294A-A315T-M337V,m,41d,002-converte
75.0,218.83,193,6.433,2,2024-03-11,NEG-008,hTDP43,WT-A90V-G287S-G294A-A315T-M337V,m,41d,002-converte
6.35,158.4,193,6.433,2,2024-03-11,NEG-008,hTDP43,WT-A90V-G287S-G294A-A315T-M337V,m,41d,002-converte
5.74,169.06,193,6.433,2,2024-03-11,NEG-008,hTDP43,WT-A90V-G287S-G294A-A315T-M337V,m,41d,002-converte
4.57,219.41,193,6.433,2,2024-03-11,NEG-008,hTDP43,WT-A90V-G287S-G294A-A315T-M337V,m,41d,002-converte
325.34,165.93,194,6.467,2,2024-03-11,NEG-008,hTDP43,WT-A90V-G287S-G294A-A315T-M337V,m,41d,002-converte
75.77,219.12,194,6.467,2,2024-03-11,NEG-008,hTDP43,WT-A90V-G287S-G294A-A315T-M337V,m,41d,002-converte
6.28,158.33,194,6.467,2,2024-03-11,NEG-008,hTDP43,WT-A90V-G287S-G294A-A315T-M337V,m,41d,002-converte
5.95,168.97,194,6.467,2,2024-03-11,NEG-008,hTDP43,WT-A90V-G287S-G294A-A315T-M337V,m,41d,002-converte
4.54,219.04,194,6.467,2,2024-03-11,NEG-008,hTDP43,WT-A90V-G287S-G294A-A315T-M337V,m,41d,002-converte
327.81,165.7,195,6.5,2,2024-03-11,NEG-008,hTDP43,WT-A90V-G287S-G294A-A315T-M337V,m,41d,002-converte
76.26,219.73,195,6.5,2,2024-03-11,NEG-008,hTDP43,WT-A90V-G287S-G294A-A315T-M337V,m,41d,002-converte
6.2,158.3,195,6.5,2,2024-03-11,NEG-008,hTDP43,WT-A90V-G287S-G294A-A315T-M337V,m,41d,002-converte
6.18,168.9,195,6.5,2,2024-03-11,NEG-008,hTDP43,WT-A90V-G287S-G294A-A315T-M337V,m,41d,002-converte
4.53,219.02,195,6.5,2,2024-03-11,NEG-008,hTDP43,WT-A90V-G287S-G294A-A315T-M337V,m,41d,002-converte
329.01,165.23,196,6.533,2,2024-03-11,NEG-008,hTDP43,WT-A90V-G287S-G294A-A315T-M337V,m,41d,002-converte
76.64,220.01,196,6.533,2,2024-03-11,NEG-008,hTDP43,WT-A90V-G287S-G294A-A315T-M337V,m,41d,002-converte
6.31,168.82,196,6.533,2,2024-03-11,NEG-008,hTDP43,WT-A90V-G287S-G294A-A315T-M337V,m,41d,002-converte
6.2,158.3,196,6.533,2,2024-03-11,NEG-008,hTDP43,WT-A90V-G287S-G294A-A315T-M337V,m,41d,002-converte
4.53,219.02,196,6.533,2,2024-03-11,NEG-008,hTDP43,WT-A90V-G287S-G294A-A315T-M337V,m,41d,002-converte
330.22,164.95,197,6.567,2,2024-03-11,NEG-008,hTDP43,WT-A90V-G287S-G294A-A315T-M337V,m,41d,002-converte
78.19,220.46,197,6.567,2,2024-03-11,NEG-008,hTDP43,WT-A90V-G287S-G294A-A315T-M337V,m,41d,002-converte
6.42,168.7,197,6.567,2,2024-03-11,NEG-008,hTDP43,WT-A90V-G287S-G294A-A315T-M337V,m,41d,002-converte
6.2,158.3,197,6.567,2,2024-03-11,NEG-008,hTDP43,WT-A90V-G287S-G294A-A315T-M337V,m,41d,002-converte
4.53,219.02,197,6.567,2,2024-03-11,NEG-008,hTDP43,WT-A90V-G287S-G294A-A315T-M337V,m,41d,002-converte
331.37,164.75,198,6.6,2,2024-03-11,NEG-008,hTDP43,WT-A90V-G287S-G294A-A315T-M337V,m,41d,002-converte
79.97,220.98,198,6.6,2,2024-03-11,NEG-008,hTDP43,WT-A90V-G287S-G294A-A315T-M337V,m,41d,002-converte
6.45,168.61,198,6.6,2,2024-03-11,NEG-008,hTDP43,WT-A90V-G287S-G294A-A315T-M337V,m,41d,002-converte
6.01,158.17,198,6.6,2,2024-03-11,NEG-008,hTDP43,WT-A90V-G287S-G294A-A315T-M337V,m,41d,002-converte
4.47,218.99,198,6.6,2,2024-03-11,NEG-008,hTDP43,WT-A90V-G287S-G294A-A315T-M337V,m,41d,002-converte
333.73,164.1,199,6.633,2,2024-03-11,NEG-008,hTDP43,WT-A90V-G287S-G294A-A315T-M337V,m,41d,002-converte
81.32,221.32,199,6.633,2,2024-03-11,NEG-008,hTDP43,WT-A90V-G287S-G294A-A315T-M337V,m,41d,002-converte
6.44,168.59,199,6.633,2,2024-03-11,NEG-008,hTDP43,WT-A90V-G287S-G294A-A315T-M337V,m,41d,002-converte
5.96,158.14,199,6.633,2,2024-03-11,NEG-008,hTDP43,WT-A90V-G287S-G294A-A315T-M337V,m,41d,002-converte
4.47,218.99,199,6.633,2,2024-03-11,NEG-008,hTDP43,WT-A90V-G287S-G294A-A315T-M337V,m,41d,002-converte
6.69,308.97,0,0.0,3,2024-03-11,NEG-008,hTDP43,WT-A90V-G287S-G294A-A315T-M337V,m,41d,002-converte
6.61,335.14,0,0.0,3,2024-03-11,NEG-008,hTDP43,WT-A90V-G287S-G294A-A315T-M337V,m,41d,002-converte
6.37,319.01,0,0.0,3,2024-03-11,NEG-008,hTDP43,WT-A90V-G287S-G294A-A315T-M337V,m,41d,002-converte
5.66,296.92,0,0.0,3,2024-03-11,NEG-008,hTDP43,WT-A90V-G287S-G294A-A315T-M337V,m,41d,002-converte
6.74,309.2,1,0.033,3,2024-03-11,NEG-008,hTDP43,WT-A90V-G287S-G294A-A315T-M337V,m,41d,002-converte
6.35,319.01,1,0.033,3,2024-03-11,NEG-008,hTDP43,WT-A90V-G287S-G294A-A315T-M337V,m,41d,002-converte
6.33,335.34,1,0.033,3,2024-03-11,NEG-008,hTDP43,WT-A90V-G287S-G294A-A315T-M337V,m,41d,002-converte
5.5,295.93,1,0.033,3,2024-03-11,NEG-008,hTDP43,WT-A90V-G287S-G294A-A315T-M337V,m,41d,002-converte
6.49,308.95,2,0.067,3,2024-03-11,NEG-008,hTDP43,WT-A90V-G287S-G294A-A315T-M337V,m,41d,002-converte
6.32,335.39,2,0.067,3,2024-03-11,NEG-008,hTDP43,WT-A90V-G287S-G294A-A315T-M337V,m,41d,002-converte
6.29,319.08,2,0.067,3,2024-03-11,NEG-008,hTDP43,WT-A90V-G287S-G294A-A315T-M337V,m,41d,002-converte
4.15,296.69,2,0.067,3,2024-03-11,NEG-008,hTDP43,WT-A90V-G287S-G294A-A315T-M337V,m,41d,002-converte
6.29,308.97,3,0.1,3,2024-03-11,NEG-008,hTDP43,WT-A90V-G287S-G294A-A315T-M337V,m,41d,002-converte
6.19,335.91,3,0.1,3,2024-03-11,NEG-008,hTDP43,WT-A90V-G287S-G294A-A315T-M337V,m,41d,002-converte
4.38,296.71,3,0.1,3,2024-03-11,NEG-008,hTDP43,WT-A90V-G287S-G294A-A315T-M337V,m,41d,002-converte
6.29,308.98,4,0.133,3,2024-03-11,NEG-008,hTDP43,WT-A90V-G287S-G294A-A315T-M337V,m,41d,002-converte
6.14,319.25,4,0.133,3,2024-03-11,NEG-008,hTDP43,WT-A90V-G287S-G294A-A315T-M337V,m,41d,002-converte
6.11,335.65,4,0.133,3,2024-03-11,NEG-008,hTDP43,WT-A90V-G287S-G294A-A315T-M337V,m,41d,002-converte
4.35,297.86,4,0.133,3,2024-03-11,NEG-008,hTDP43,WT-A90V-G287S-G294A-A315T-M337V,m,41d,002-converte
6.97,309.11,5,0.167,3,2024-03-11,NEG-008,hTDP43,WT-A90V-G287S-G294A-A315T-M337V,m,41d,002-converte
6.23,319.19,5,0.167,3,2024-03-11,NEG-008,hTDP43,WT-A90V-G287S-G294A-A315T-M337V,m,41d,002-converte
6.12,335.63,5,0.167,3,2024-03-11,NEG-008,hTDP43,WT-A90V-G287S-G294A-A315T-M337V,m,41d,002-converte
5.62,296.61,5,0.167,3,2024-03-11,NEG-008,hTDP43,WT-A90V-G287S-G294A-A315T-M337V,m,41d,002-converte
7.21,309.15,6,0.2,3,2024-03-11,NEG-008,hTDP43,WT-A90V-G287S-G294A-A315T-M337V,m,41d,002-converte
6.27,319.1,6,0.2,3,2024-03-11,NEG-008,hTDP43,WT-A90V-G287S-G294A-A315T-M337V,m,41d,002-converte
6.25,335.18,6,0.2,3,2024-03-11,NEG-008,hTDP43,WT-A90V-G287S-G294A-A315T-M337V,m,41d,002-converte
5.08,296.98,6,0.2,3,2024-03-11,NEG-008,hTDP43,WT-A90V-G287S-G294A-A315T-M337V,m,41d,002-converte
7.19,308.7,7,0.233,3,2024-03-11,NEG-008,hTDP43,WT-A90V-G287S-G294A-A315T-M337V,m,41d,002-converte
6.26,334.6,7,0.233,3,2024-03-11,NEG-008,hTDP43,WT-A90V-G287S-G294A-A315T-M337V,m,41d,002-converte
6.25,319.13,7,0.233,3,2024-03-11,NEG-008,hTDP43,WT-A90V-G287S-G294A-A315T-M337V,m,41d,002-converte
5.09,299.57,7,0.233,3,2024-03-11,NEG-008,hTDP43,WT-A90V-G287S-G294A-A315T-M337V,m,41d,002-converte
7.13,333.37,8,0.267,3,2024-03-11,NEG-008,hTDP43,WT-A90V-G287S-G294A-A315T-M337V,m,41d,002-converte
6.24,319.16,8,0.267,3,2024-03-11,NEG-008,hTDP43,WT-A90V-G287S-G294A-A315T-M337V,m,41d,002-converte
5.12,300.8,8,0.267,3,2024-03-11,NEG-008,hTDP43,WT-A90V-G287S-G294A-A315T-M337V,m,41d,002-converte
7.27,333.18,9,0.3,3,2024-03-11,NEG-008,hTDP43,WT-A90V-G287S-G294A-A315T-M337V,m,41d,002-converte
6.18,319.25,9,0.3,3,2024-03-11,NEG-008,hTDP43,WT-A90V-G287S-G294A-A315T-M337V,m,41d,002-converte
5.48,302.05,9,0.3,3,2024-03-11,NEG-008,hTDP43,WT-A90V-G287S-G294A-A315T-M337V,m,41d,002-converte
7.48,332.83,10,0.333,3,2024-03-11,NEG-008,hTDP43,WT-A90V-G287S-G294A-A315T-M337V,m,41d,002-converte
6.1,319.52,10,0.333,3,2024-03-11,NEG-008,hTDP43,WT-A90V-G287S-G294A-A315T-M337V,m,41d,002-converte
5.59,303.33,10,0.333,3,2024-03-11,NEG-008,hTDP43,WT-A90V-G287S-G294A-A315T-M337V,m,41d,002-converte
8.31,331.05,11,0.367,3,2024-03-11,NEG-008,hTDP43,WT-A90V-G287S-G294A-A315T-M337V,m,41d,002-converte
6.21,319.28,11,0.367,3,2024-03-11,NEG-008,hTDP43,WT-A90V-G287S-G294A-A315T-M337V,m,41d,002-converte
6.12,305.13,11,0.367,3,2024-03-11,NEG-008,hTDP43,WT-A90V-G287S-G294A-A315T-M337V,m,41d,002-converte
8.54,330.45,12,0.4,3,2024-03-11,NEG-008,hTDP43,WT-A90V-G287S-G294A-A315T-M337V,m,41d,002-converte
6.27,319.2,12,0.4,3,2024-03-11,NEG-008,hTDP43,WT-A90V-G287S-G294A-A315T-M337V,m,41d,002-converte
6.2,305.49,12,0.4,3,2024-03-11,NEG-008,hTDP43,WT-A90V-G287S-G294A-A315T-M337V,m,41d,002-converte
9.27,328.84,13,0.433,3,2024-03-11,NEG-008,hTDP43,WT-A90V-G287S-G294A-A315T-M337V,m,41d,002-converte
6.36,306.07,13,0.433,3,2024-03-11,NEG-008,hTDP43,WT-A90V-G287S-G294A-A315T-M337V,m,41d,002-converte
9.77,326.14,14,0.467,3,2024-03-11,NEG-008,hTDP43,WT-A90V-G287S-G294A-A315T-M337V,m,41d,002-converte
6.36,306.07,14,0.467,3,2024-03-11,NEG-008,hTDP43,WT-A90V-G287S-G294A-A315T-M337V,m,41d,002-converte
9.62,325.83,15,0.5,3,2024-03-11,NEG-008,hTDP43,WT-A90V-G287S-G294A-A315T-M337V,m,41d,002-converte
6.35,306.11,15,0.5,3,2024-03-11,NEG-008,hTDP43,WT-A90V-G287S-G294A-A315T-M337V,m,41d,002-converte
9.92,324.05,16,0.533,3,2024-03-11,NEG-008,hTDP43,WT-A90V-G287S-G294A-A315T-M337V,m,41d,002-converte
6.34,306.14,16,0.533,3,2024-03-11,NEG-008,hTDP43,WT-A90V-G287S-G294A-A315T-M337V,m,41d,002-converte
10.03,323.21,17,0.567,3,2024-03-11,NEG-008,hTDP43,WT-A90V-G287S-G294A-A315T-M337V,m,41d,002-converte
6.34,306.13,17,0.567,3,2024-03-11,NEG-008,hTDP43,WT-A90V-G287S-G294A-A315T-M337V,m,41d,002-converte
10.2,322.51,18,0.6,3,2024-03-11,NEG-008,hTDP43,WT-A90V-G287S-G294A-A315T-M337V,m,41d,002-converte
6.34,306.13,18,0.6,3,2024-03-11,NEG-008,hTDP43,WT-A90V-G287S-G294A-A315T-M337V,m,41d,002-converte
10.2,322.51,19,0.633,3,2024-03-11,NEG-008,hTDP43,WT-A90V-G287S-G294A-A315T-M337V,m,41d,002-converte
6.35,306.13,19,0.633,3,2024-03-11,NEG-008,hTDP43,WT-A90V-G287S-G294A-A315T-M337V,m,41d,002-converte
10.2,322.51,20,0.667,3,2024-03-11,NEG-008,hTDP43,WT-A90V-G287S-G294A-A315T-M337V,m,41d,002-converte
6.35,306.12,20,0.667,3,2024-03-11,NEG-008,hTDP43,WT-A90V-G287S-G294A-A315T-M337V,m,41d,002-converte
10.19,322.51,21,0.7,3,2024-03-11,NEG-008,hTDP43,WT-A90V-G287S-G294A-A315T-M337V,m,41d,002-converte
6.34,306.12,21,0.7,3,2024-03-11,NEG-008,hTDP43,WT-A90V-G287S-G294A-A315T-M337V,m,41d,002-converte
10.18,322.51,22,0.733,3,2024-03-11,NEG-008,hTDP43,WT-A90V-G287S-G294A-A315T-M337V,m,41d,002-converte
6.29,306.2,22,0.733,3,2024-03-11,NEG-008,hTDP43,WT-A90V-G287S-G294A-A315T-M337V,m,41d,002-converte
10.17,322.51,23,0.767,3,2024-03-11,NEG-008,hTDP43,WT-A90V-G287S-G294A-A315T-M337V,m,41d,002-converte
6.26,306.24,23,0.767,3,2024-03-11,NEG-008,hTDP43,WT-A90V-G287S-G294A-A315T-M337V,m,41d,002-converte
10.16,322.51,24,0.8,3,2024-03-11,NEG-008,hTDP43,WT-A90V-G287S-G294A-A315T-M337V,m,41d,002-converte
6.23,306.29,24,0.8,3,2024-03-11,NEG-008,hTDP43,WT-A90V-G287S-G294A-A315T-M337V,m,41d,002-converte
10.12,322.41,25,0.833,3,2024-03-11,NEG-008,hTDP43,WT-A90V-G287S-G294A-A315T-M337V,m,41d,002-converte
6.23,306.29,25,0.833,3,2024-03-11,NEG-008,hTDP43,WT-A90V-G287S-G294A-A315T-M337V,m,41d,002-converte
10.07,322.27,26,0.867,3,2024-03-11,NEG-008,hTDP43,WT-A90V-G287S-G294A-A315T-M337V,m,41d,002-converte
6.49,306.53,26,0.867,3,2024-03-11,NEG-008,hTDP43,WT-A90V-G287S-G294A-A315T-M337V,m,41d,002-converte
10.08,322.0,27,0.9,3,2024-03-11,NEG-008,hTDP43,WT-A90V-G287S-G294A-A315T-M337V,m,41d,002-converte
6.63,306.85,27,0.9,3,2024-03-11,NEG-008,hTDP43,WT-A90V-G287S-G294A-A315T-M337V,m,41d,002-converte
10.1,321.71,28,0.933,3,2024-03-11,NEG-008,hTDP43,WT-A90V-G287S-G294A-A315T-M337V,m,41d,002-converte
6.69,306.88,28,0.933,3,2024-03-11,NEG-008,hTDP43,WT-A90V-G287S-G294A-A315T-M337V,m,41d,002-converte
10.06,321.7,29,0.967,3,2024-03-11,NEG-008,hTDP43,WT-A90V-G287S-G294A-A315T-M337V,m,41d,002-converte
6.69,306.88,29,0.967,3,2024-03-11,NEG-008,hTDP43,WT-A90V-G287S-G294A-A315T-M337V,m,41d,002-converte
10.06,321.73,30,1.0,3,2024-03-11,NEG-008,hTDP43,WT-A90V-G287S-G294A-A315T-M337V,m,41d,002-converte
6.69,307.01,30,1.0,3,2024-03-11,NEG-008,hTDP43,WT-A90V-G287S-G294A-A315T-M337V,m,41d,002-converte
10.06,321.73,31,1.033,3,2024-03-11,NEG-008,hTDP43,WT-A90V-G287S-G294A-A315T-M337V,m,41d,002-converte
6.31,306.2,31,1.033,3,2024-03-11,NEG-008,hTDP43,WT-A90V-G287S-G294A-A315T-M337V,m,41d,002-converte
10.06,321.74,32,1.067,3,2024-03-11,NEG-008,hTDP43,WT-A90V-G287S-G294A-A315T-M337V,m,41d,002-converte
6.02,305.32,32,1.067,3,2024-03-11,NEG-008,hTDP43,WT-A90V-G287S-G294A-A315T-M337V,m,41d,002-converte
10.04,321.74,33,1.1,3,2024-03-11,NEG-008,hTDP43,WT-A90V-G287S-G294A-A315T-M337V,m,41d,002-converte
5.84,305.0,33,1.1,3,2024-03-11,NEG-008,hTDP43,WT-A90V-G287S-G294A-A315T-M337V,m,41d,002-converte
10.16,321.25,34,1.133,3,2024-03-11,NEG-008,hTDP43,WT-A90V-G287S-G294A-A315T-M337V,m,41d,002-converte
5.8,304.84,34,1.133,3,2024-03-11,NEG-008,hTDP43,WT-A90V-G287S-G294A-A315T-M337V,m,41d,002-converte
10.14,321.25,35,1.167,3,2024-03-11,NEG-008,hTDP43,WT-A90V-G287S-G294A-A315T-M337V,m,41d,002-converte
5.74,304.68,35,1.167,3,2024-03-11,NEG-008,hTDP43,WT-A90V-G287S-G294A-A315T-M337V,m,41d,002-converte
10.12,321.25,36,1.2,3,2024-03-11,NEG-008,hTDP43,WT-A90V-G287S-G294A-A315T-M337V,m,41d,002-converte
7.53,313.2,36,1.2,3,2024-03-11,NEG-008,hTDP43,WT-A90V-G287S-G294A-A315T-M337V,m,41d,002-converte
5.68,304.58,36,1.2,3,2024-03-11,NEG-008,hTDP43,WT-A90V-G287S-G294A-A315T-M337V,m,41d,002-converte
10.11,321.18,37,1.233,3,2024-03-11,NEG-008,hTDP43,WT-A90V-G287S-G294A-A315T-M337V,m,41d,002-converte
5.67,304.6,37,1.233,3,2024-03-11,NEG-008,hTDP43,WT-A90V-G287S-G294A-A315T-M337V,m,41d,002-converte
10.29,320.51,38,1.267,3,2024-03-11,NEG-008,hTDP43,WT-A90V-G287S-G294A-A315T-M337V,m,41d,002-converte
5.67,304.63,38,1.267,3,2024-03-11,NEG-008,hTDP43,WT-A90V-G287S-G294A-A315T-M337V,m,41d,002-converte
10.31,320.37,39,1.3,3,2024-03-11,NEG-008,hTDP43,WT-A90V-G287S-G294A-A315T-M337V,m,41d,002-converte
5.76,304.0,39,1.3,3,2024-03-11,NEG-008,hTDP43,WT-A90V-G287S-G294A-A315T-M337V,m,41d,002-converte
10.31,320.25,40,1.333,3,2024-03-11,NEG-008,hTDP43,WT-A90V-G287S-G294A-A315T-M337V,m,41d,002-converte
5.94,303.32,40,1.333,3,2024-03-11,NEG-008,hTDP43,WT-A90V-G287S-G294A-A315T-M337V,m,41d,002-converte
10.32,319.99,41,1.367,3,2024-03-11,NEG-008,hTDP43,WT-A90V-G287S-G294A-A315T-M337V,m,41d,002-converte
5.61,302.79,41,1.367,3,2024-03-11,NEG-008,hTDP43,WT-A90V-G287S-G294A-A315T-M337V,m,41d,002-converte
10.46,318.86,42,1.4,3,2024-03-11,NEG-008,hTDP43,WT-A90V-G287S-G294A-A315T-M337V,m,41d,002-converte
5.51,302.48,42,1.4,3,2024-03-11,NEG-008,hTDP43,WT-A90V-G287S-G294A-A315T-M337V,m,41d,002-converte
10.51,318.25,43,1.433,3,2024-03-11,NEG-008,hTDP43,WT-A90V-G287S-G294A-A315T-M337V,m,41d,002-converte
5.41,301.71,43,1.433,3,2024-03-11,NEG-008,hTDP43,WT-A90V-G287S-G294A-A315T-M337V,m,41d,002-converte
10.5,318.19,44,1.467,3,2024-03-11,NEG-008,hTDP43,WT-A90V-G287S-G294A-A315T-M337V,m,41d,002-converte
5.34,300.76,44,1.467,3,2024-03-11,NEG-008,hTDP43,WT-A90V-G287S-G294A-A315T-M337V,m,41d,002-converte
10.48,318.16,45,1.5,3,2024-03-11,NEG-008,hTDP43,WT-A90V-G287S-G294A-A315T-M337V,m,41d,002-converte
5.32,299.58,45,1.5,3,2024-03-11,NEG-008,hTDP43,WT-A90V-G287S-G294A-A315T-M337V,m,41d,002-converte
10.46,318.12,46,1.533,3,2024-03-11,NEG-008,hTDP43,WT-A90V-G287S-G294A-A315T-M337V,m,41d,002-converte
5.43,298.51,46,1.533,3,2024-03-11,NEG-008,hTDP43,WT-A90V-G287S-G294A-A315T-M337V,m,41d,002-converte
10.45,318.09,47,1.567,3,2024-03-11,NEG-008,hTDP43,WT-A90V-G287S-G294A-A315T-M337V,m,41d,002-converte
5.5,296.85,47,1.567,3,2024-03-11,NEG-008,hTDP43,WT-A90V-G287S-G294A-A315T-M337V,m,41d,002-converte
10.43,318.07,48,1.6,3,2024-03-11,NEG-008,hTDP43,WT-A90V-G287S-G294A-A315T-M337V,m,41d,002-converte
5.48,295.61,48,1.6,3,2024-03-11,NEG-008,hTDP43,WT-A90V-G287S-G294A-A315T-M337V,m,41d,002-converte
10.41,317.79,49,1.633,3,2024-03-11,NEG-008,hTDP43,WT-A90V-G287S-G294A-A315T-M337V,m,41d,002-converte
5.51,294.68,49,1.633,3,2024-03-11,NEG-008,hTDP43,WT-A90V-G287S-G294A-A315T-M337V,m,41d,002-converte
10.25,317.17,50,1.667,3,2024-03-11,NEG-008,hTDP43,WT-A90V-G287S-G294A-A315T-M337V,m,41d,002-converte
5.69,293.17,50,1.667,3,2024-03-11,NEG-008,hTDP43,WT-A90V-G287S-G294A-A315T-M337V,m,41d,002-converte
10.17,316.95,51,1.7,3,2024-03-11,NEG-008,hTDP43,WT-A90V-G287S-G294A-A315T-M337V,m,41d,002-converte
5.69,292.47,51,1.7,3,2024-03-11,NEG-008,hTDP43,WT-A90V-G287S-G294A-A315T-M337V,m,41d,002-converte
10.24,317.13,52,1.733,3,2024-03-11,NEG-008,hTDP43,WT-A90V-G287S-G294A-A315T-M337V,m,41d,002-converte
5.53,292.71,52,1.733,3,2024-03-11,NEG-008,hTDP43,WT-A90V-G287S-G294A-A315T-M337V,m,41d,002-converte
10.23,317.08,53,1.767,3,2024-03-11,NEG-008,hTDP43,WT-A90V-G287S-G294A-A315T-M337V,m,41d,002-converte
5.61,292.56,53,1.767,3,2024-03-11,NEG-008,hTDP43,WT-A90V-G287S-G294A-A315T-M337V,m,41d,002-converte
10.13,317.02,54,1.8,3,2024-03-11,NEG-008,hTDP43,WT-A90V-G287S-G294A-A315T-M337V,m,41d,002-converte
5.4,291.15,54,1.8,3,2024-03-11,NEG-008,hTDP43,WT-A90V-G287S-G294A-A315T-M337V,m,41d,002-converte
10.09,316.95,55,1.833,3,2024-03-11,NEG-008,hTDP43,WT-A90V-G287S-G294A-A315T-M337V,m,41d,002-converte
5.21,290.49,55,1.833,3,2024-03-11,NEG-008,hTDP43,WT-A90V-G287S-G294A-A315T-M337V,m,41d,002-converte
10.06,316.88,56,1.867,3,2024-03-11,NEG-008,hTDP43,WT-A90V-G287S-G294A-A315T-M337V,m,41d,002-converte
5.24,290.86,56,1.867,3,2024-03-11,NEG-008,hTDP43,WT-A90V-G287S-G294A-A315T-M337V,m,41d,002-converte
10.07,316.89,57,1.9,3,2024-03-11,NEG-008,hTDP43,WT-A90V-G287S-G294A-A315T-M337V,m,41d,002-converte
5.25,291.43,57,1.9,3,2024-03-11,NEG-008,hTDP43,WT-A90V-G287S-G294A-A315T-M337V,m,41d,002-converte
10.08,317.22,58,1.933,3,2024-03-11,NEG-008,hTDP43,WT-A90V-G287S-G294A-A315T-M337V,m,41d,002-converte
5.21,291.81,58,1.933,3,2024-03-11,NEG-008,hTDP43,WT-A90V-G287S-G294A-A315T-M337V,m,41d,002-converte
10.23,317.82,59,1.967,3,2024-03-11,NEG-008,hTDP43,WT-A90V-G287S-G294A-A315T-M337V,m,41d,002-converte
5.22,292.21,59,1.967,3,2024-03-11,NEG-008,hTDP43,WT-A90V-G287S-G294A-A315T-M337V,m,41d,002-converte
10.22,317.77,60,2.0,3,2024-03-11,NEG-008,hTDP43,WT-A90V-G287S-G294A-A315T-M337V,m,41d,002-converte
5.23,292.77,60,2.0,3,2024-03-11,NEG-008,hTDP43,WT-A90V-G287S-G294A-A315T-M337V,m,41d,002-converte
9.95,317.19,61,2.033,3,2024-03-11,NEG-008,hTDP43,WT-A90V-G287S-G294A-A315T-M337V,m,41d,002-converte
5.27,293.23,61,2.033,3,2024-03-11,NEG-008,hTDP43,WT-A90V-G287S-G294A-A315T-M337V,m,41d,002-converte
9.77,316.82,62,2.067,3,2024-03-11,NEG-008,hTDP43,WT-A90V-G287S-G294A-A315T-M337V,m,41d,002-converte
5.35,294.0,62,2.067,3,2024-03-11,NEG-008,hTDP43,WT-A90V-G287S-G294A-A315T-M337V,m,41d,002-converte
9.86,316.71,63,2.1,3,2024-03-11,NEG-008,hTDP43,WT-A90V-G287S-G294A-A315T-M337V,m,41d,002-converte
5.59,294.89,63,2.1,3,2024-03-11,NEG-008,hTDP43,WT-A90V-G287S-G294A-A315T-M337V,m,41d,002-converte
9.93,316.43,64,2.133,3,2024-03-11,NEG-008,hTDP43,WT-A90V-G287S-G294A-A315T-M337V,m,41d,002-converte
5.64,295.63,64,2.133,3,2024-03-11,NEG-008,hTDP43,WT-A90V-G287S-G294A-A315T-M337V,m,41d,002-converte
9.57,315.74,65,2.167,3,2024-03-11,NEG-008,hTDP43,WT-A90V-G287S-G294A-A315T-M337V,m,41d,002-converte
5.73,296.16,65,2.167,3,2024-03-11,NEG-008,hTDP43,WT-A90V-G287S-G294A-A315T-M337V,m,41d,002-converte
9.35,315.32,66,2.2,3,2024-03-11,NEG-008,hTDP43,WT-A90V-G287S-G294A-A315T-M337V,m,41d,002-converte
5.78,296.84,66,2.2,3,2024-03-11,NEG-008,hTDP43,WT-A90V-G287S-G294A-A315T-M337V,m,41d,002-converte
9.27,315.32,67,2.233,3,2024-03-11,NEG-008,hTDP43,WT-A90V-G287S-G294A-A315T-M337V,m,41d,002-converte
5.78,297.12,67,2.233,3,2024-03-11,NEG-008,hTDP43,WT-A90V-G287S-G294A-A315T-M337V,m,41d,002-converte
9.21,315.33,68,2.267,3,2024-03-11,NEG-008,hTDP43,WT-A90V-G287S-G294A-A315T-M337V,m,41d,002-converte
5.82,298.05,68,2.267,3,2024-03-11,NEG-008,hTDP43,WT-A90V-G287S-G294A-A315T-M337V,m,41d,002-converte
9.2,315.51,69,2.3,3,2024-03-11,NEG-008,hTDP43,WT-A90V-G287S-G294A-A315T-M337V,m,41d,002-converte
6.38,299.1,69,2.3,3,2024-03-11,NEG-008,hTDP43,WT-A90V-G287S-G294A-A315T-M337V,m,41d,002-converte
9.16,315.51,70,2.333,3,2024-03-11,NEG-008,hTDP43,WT-A90V-G287S-G294A-A315T-M337V,m,41d,002-converte
6.41,299.79,70,2.333,3,2024-03-11,NEG-008,hTDP43,WT-A90V-G287S-G294A-A315T-M337V,m,41d,002-converte
9.2,315.61,71,2.367,3,2024-03-11,NEG-008,hTDP43,WT-A90V-G287S-G294A-A315T-M337V,m,41d,002-converte
6.32,300.29,71,2.367,3,2024-03-11,NEG-008,hTDP43,WT-A90V-G287S-G294A-A315T-M337V,m,41d,002-converte
9.24,315.71,72,2.4,3,2024-03-11,NEG-008,hTDP43,WT-A90V-G287S-G294A-A315T-M337V,m,41d,002-converte
6.31,301.13,72,2.4,3,2024-03-11,NEG-008,hTDP43,WT-A90V-G287S-G294A-A315T-M337V,m,41d,002-converte
9.24,315.7,73,2.433,3,2024-03-11,NEG-008,hTDP43,WT-A90V-G287S-G294A-A315T-M337V,m,41d,002-converte
6.33,302.18,73,2.433,3,2024-03-11,NEG-008,hTDP43,WT-A90V-G287S-G294A-A315T-M337V,m,41d,002-converte
9.22,315.52,74,2.467,3,2024-03-11,NEG-008,hTDP43,WT-A90V-G287S-G294A-A315T-M337V,m,41d,002-converte
6.34,303.14,74,2.467,3,2024-03-11,NEG-008,hTDP43,WT-A90V-G287S-G294A-A315T-M337V,m,41d,002-converte
9.13,315.18,75,2.5,3,2024-03-11,NEG-008,hTDP43,WT-A90V-G287S-G294A-A315T-M337V,m,41d,002-converte
6.44,304.26,75,2.5,3,2024-03-11,NEG-008,hTDP43,WT-A90V-G287S-G294A-A315T-M337V,m,41d,002-converte
9.37,323.26,76,2.533,3,2024-03-11,NEG-008,hTDP43,WT-A90V-G287S-G294A-A315T-M337V,m,41d,002-converte
9.03,314.88,76,2.533,3,2024-03-11,NEG-008,hTDP43,WT-A90V-G287S-G294A-A315T-M337V,m,41d,002-converte
6.53,305.44,76,2.533,3,2024-03-11,NEG-008,hTDP43,WT-A90V-G287S-G294A-A315T-M337V,m,41d,002-converte
9.4,323.29,77,2.567,3,2024-03-11,NEG-008,hTDP43,WT-A90V-G287S-G294A-A315T-M337V,m,41d,002-converte
9.16,315.28,77,2.567,3,2024-03-11,NEG-008,hTDP43,WT-A90V-G287S-G294A-A315T-M337V,m,41d,002-converte
6.81,307.5,77,2.567,3,2024-03-11,NEG-008,hTDP43,WT-A90V-G287S-G294A-A315T-M337V,m,41d,002-converte
9.43,323.31,78,2.6,3,2024-03-11,NEG-008,hTDP43,WT-A90V-G287S-G294A-A315T-M337V,m,41d,002-converte
9.23,315.27,78,2.6,3,2024-03-11,NEG-008,hTDP43,WT-A90V-G287S-G294A-A315T-M337V,m,41d,002-converte
9.59,315.09,79,2.633,3,2024-03-11,NEG-008,hTDP43,WT-A90V-G287S-G294A-A315T-M337V,m,41d,002-converte
9.45,323.21,79,2.633,3,2024-03-11,NEG-008,hTDP43,WT-A90V-G287S-G294A-A315T-M337V,m,41d,002-converte
9.71,315.53,80,2.667,3,2024-03-11,NEG-008,hTDP43,WT-A90V-G287S-G294A-A315T-M337V,m,41d,002-converte
9.36,314.71,81,2.7,3,2024-03-11,NEG-008,hTDP43,WT-A90V-G287S-G294A-A315T-M337V,m,41d,002-converte
9.24,314.53,82,2.733,3,2024-03-11,NEG-008,hTDP43,WT-A90V-G287S-G294A-A315T-M337V,m,41d,002-converte
9.3,314.6,83,2.767,3,2024-03-11,NEG-008,hTDP43,WT-A90V-G287S-G294A-A315T-M337V,m,41d,002-converte
9.3,314.41,84,2.8,3,2024-03-11,NEG-008,hTDP43,WT-A90V-G287S-G294A-A315T-M337V,m,41d,002-converte
10.07,321.19,85,2.833,3,2024-03-11,NEG-008,hTDP43,WT-A90V-G287S-G294A-A315T-M337V,m,41d,002-converte
9.53,322.86,86,2.867,3,2024-03-11,NEG-008,hTDP43,WT-A90V-G287S-G294A-A315T-M337V,m,41d,002-converte
9.2,313.59,86,2.867,3,2024-03-11,NEG-008,hTDP43,WT-A90V-G287S-G294A-A315T-M337V,m,41d,002-converte
9.51,322.8,87,2.9,3,2024-03-11,NEG-008,hTDP43,WT-A90V-G287S-G294A-A315T-M337V,m,41d,002-converte
9.36,312.8,87,2.9,3,2024-03-11,NEG-008,hTDP43,WT-A90V-G287S-G294A-A315T-M337V,m,41d,002-converte
9.66,321.96,88,2.933,3,2024-03-11,NEG-008,hTDP43,WT-A90V-G287S-G294A-A315T-M337V,m,41d,002-converte
9.5,311.87,88,2.933,3,2024-03-11,NEG-008,hTDP43,WT-A90V-G287S-G294A-A315T-M337V,m,41d,002-converte
9.89,310.26,89,2.967,3,2024-03-11,NEG-008,hTDP43,WT-A90V-G287S-G294A-A315T-M337V,m,41d,002-converte
9.61,321.88,89,2.967,3,2024-03-11,NEG-008,hTDP43,WT-A90V-G287S-G294A-A315T-M337V,m,41d,002-converte
9.93,309.6,90,3.0,3,2024-03-11,NEG-008,hTDP43,WT-A90V-G287S-G294A-A315T-M337V,m,41d,002-converte
9.62,321.77,90,3.0,3,2024-03-11,NEG-008,hTDP43,WT-A90V-G287S-G294A-A315T-M337V,m,41d,002-converte
9.56,309.95,91,3.033,3,2024-03-11,NEG-008,hTDP43,WT-A90V-G287S-G294A-A315T-M337V,m,41d,002-converte
7.84,327.96,91,3.033,3,2024-03-11,NEG-008,hTDP43,WT-A90V-G287S-G294A-A315T-M337V,m,41d,002-converte
9.56,309.95,92,3.067,3,2024-03-11,NEG-008,hTDP43,WT-A90V-G287S-G294A-A315T-M337V,m,41d,002-converte
7.85,327.96,92,3.067,3,2024-03-11,NEG-008,hTDP43,WT-A90V-G287S-G294A-A315T-M337V,m,41d,002-converte
9.56,309.96,93,3.1,3,2024-03-11,NEG-008,hTDP43,WT-A90V-G287S-G294A-A315T-M337V,m,41d,002-converte
7.84,327.91,93,3.1,3,2024-03-11,NEG-008,hTDP43,WT-A90V-G287S-G294A-A315T-M337V,m,41d,002-converte
9.41,310.4,94,3.133,3,2024-03-11,NEG-008,hTDP43,WT-A90V-G287S-G294A-A315T-M337V,m,41d,002-converte
7.84,327.86,94,3.133,3,2024-03-11,NEG-008,hTDP43,WT-A90V-G287S-G294A-A315T-M337V,m,41d,002-converte
9.4,310.45,95,3.167,3,2024-03-11,NEG-008,hTDP43,WT-A90V-G287S-G294A-A315T-M337V,m,41d,002-converte
7.84,327.81,95,3.167,3,2024-03-11,NEG-008,hTDP43,WT-A90V-G287S-G294A-A315T-M337V,m,41d,002-converte
9.4,310.45,96,3.2,3,2024-03-11,NEG-008,hTDP43,WT-A90V-G287S-G294A-A315T-M337V,m,41d,002-converte
7.84,327.77,96,3.2,3,2024-03-11,NEG-008,hTDP43,WT-A90V-G287S-G294A-A315T-M337V,m,41d,002-converte
9.37,310.41,97,3.233,3,2024-03-11,NEG-008,hTDP43,WT-A90V-G287S-G294A-A315T-M337V,m,41d,002-converte
7.87,327.63,97,3.233,3,2024-03-11,NEG-008,hTDP43,WT-A90V-G287S-G294A-A315T-M337V,m,41d,002-converte
9.48,309.92,98,3.267,3,2024-03-11,NEG-008,hTDP43,WT-A90V-G287S-G294A-A315T-M337V,m,41d,002-converte
7.87,327.63,98,3.267,3,2024-03-11,NEG-008,hTDP43,WT-A90V-G287S-G294A-A315T-M337V,m,41d,002-converte
9.46,309.9,99,3.3,3,2024-03-11,NEG-008,hTDP43,WT-A90V-G287S-G294A-A315T-M337V,m,41d,002-converte
7.88,327.54,99,3.3,3,2024-03-11,NEG-008,hTDP43,WT-A90V-G287S-G294A-A315T-M337V,m,41d,002-converte
9.42,309.87,100,3.333,3,2024-03-11,NEG-008,hTDP43,WT-A90V-G287S-G294A-A315T-M337V,m,41d,002-converte
7.89,327.44,100,3.333,3,2024-03-11,NEG-008,hTDP43,WT-A90V-G287S-G294A-A315T-M337V,m,41d,002-converte
45.11,294.94,101,3.367,3,2024-03-11,NEG-008,hTDP43,WT-A90V-G287S-G294A-A315T-M337V,m,41d,002-converte
7.85,327.45,101,3.367,3,2024-03-11,NEG-008,hTDP43,WT-A90V-G287S-G294A-A315T-M337V,m,41d,002-converte
7.45,314.19,101,3.367,3,2024-03-11,NEG-008,hTDP43,WT-A90V-G287S-G294A-A315T-M337V,m,41d,002-converte
78.6,290.39,102,3.4,3,2024-03-11,NEG-008,hTDP43,WT-A90V-G287S-G294A-A315T-M337V,m,41d,002-converte
7.45,314.2,102,3.4,3,2024-03-11,NEG-008,hTDP43,WT-A90V-G287S-G294A-A315T-M337V,m,41d,002-converte
100.98,310.46,103,3.433,3,2024-03-11,NEG-008,hTDP43,WT-A90V-G287S-G294A-A315T-M337V,m,41d,002-converte
7.36,314.2,103,3.433,3,2024-03-11,NEG-008,hTDP43,WT-A90V-G287S-G294A-A315T-M337V,m,41d,002-converte
115.19,331.42,104,3.467,3,2024-03-11,NEG-008,hTDP43,WT-A90V-G287S-G294A-A315T-M337V,m,41d,002-converte
7.33,314.28,104,3.467,3,2024-03-11,NEG-008,hTDP43,WT-A90V-G287S-G294A-A315T-M337V,m,41d,002-converte
129.27,327.81,105,3.5,3,2024-03-11,NEG-008,hTDP43,WT-A90V-G287S-G294A-A315T-M337V,m,41d,002-converte
7.31,314.24,105,3.5,3,2024-03-11,NEG-008,hTDP43,WT-A90V-G287S-G294A-A315T-M337V,m,41d,002-converte
139.12,296.22,106,3.533,3,2024-03-11,NEG-008,hTDP43,WT-A90V-G287S-G294A-A315T-M337V,m,41d,002-converte
7.72,327.37,106,3.533,3,2024-03-11,NEG-008,hTDP43,WT-A90V-G287S-G294A-A315T-M337V,m,41d,002-converte
7.31,314.22,106,3.533,3,2024-03-11,NEG-008,hTDP43,WT-A90V-G287S-G294A-A315T-M337V,m,41d,002-converte
133.55,297.19,107,3.567,3,2024-03-11,NEG-008,hTDP43,WT-A90V-G287S-G294A-A315T-M337V,m,41d,002-converte
7.72,327.38,107,3.567,3,2024-03-11,NEG-008,hTDP43,WT-A90V-G287S-G294A-A315T-M337V,m,41d,002-converte
7.3,314.19,107,3.567,3,2024-03-11,NEG-008,hTDP43,WT-A90V-G287S-G294A-A315T-M337V,m,41d,002-converte
123.28,312.62,108,3.6,3,2024-03-11,NEG-008,hTDP43,WT-A90V-G287S-G294A-A315T-M337V,m,41d,002-converte
7.75,327.56,108,3.6,3,2024-03-11,NEG-008,hTDP43,WT-A90V-G287S-G294A-A315T-M337V,m,41d,002-converte
7.28,314.19,108,3.6,3,2024-03-11,NEG-008,hTDP43,WT-A90V-G287S-G294A-A315T-M337V,m,41d,002-converte
106.37,323.17,109,3.633,3,2024-03-11,NEG-008,hTDP43,WT-A90V-G287S-G294A-A315T-M337V,m,41d,002-converte
7.76,327.57,109,3.633,3,2024-03-11,NEG-008,hTDP43,WT-A90V-G287S-G294A-A315T-M337V,m,41d,002-converte
7.25,313.81,109,3.633,3,2024-03-11,NEG-008,hTDP43,WT-A90V-G287S-G294A-A315T-M337V,m,41d,002-converte
81.82,330.0,110,3.667,3,2024-03-11,NEG-008,hTDP43,WT-A90V-G287S-G294A-A315T-M337V,m,41d,002-converte
7.76,327.57,110,3.667,3,2024-03-11,NEG-008,hTDP43,WT-A90V-G287S-G294A-A315T-M337V,m,41d,002-converte
7.25,313.44,110,3.667,3,2024-03-11,NEG-008,hTDP43,WT-A90V-G287S-G294A-A315T-M337V,m,41d,002-converte
54.06,329.89,111,3.7,3,2024-03-11,NEG-008,hTDP43,WT-A90V-G287S-G294A-A315T-M337V,m,41d,002-converte
7.76,327.57,111,3.7,3,2024-03-11,NEG-008,hTDP43,WT-A90V-G287S-G294A-A315T-M337V,m,41d,002-converte
7.33,312.78,111,3.7,3,2024-03-11,NEG-008,hTDP43,WT-A90V-G287S-G294A-A315T-M337V,m,41d,002-converte
22.17,334.65,112,3.733,3,2024-03-11,NEG-008,hTDP43,WT-A90V-G287S-G294A-A315T-M337V,m,41d,002-converte
7.76,327.56,112,3.733,3,2024-03-11,NEG-008,hTDP43,WT-A90V-G287S-G294A-A315T-M337V,m,41d,002-converte
7.4,312.08,112,3.733,3,2024-03-11,NEG-008,hTDP43,WT-A90V-G287S-G294A-A315T-M337V,m,41d,002-converte
12.92,344.98,113,3.767,3,2024-03-11,NEG-008,hTDP43,WT-A90V-G287S-G294A-A315T-M337V,m,41d,002-converte
12.44,324.12,113,3.767,3,2024-03-11,NEG-008,hTDP43,WT-A90V-G287S-G294A-A315T-M337V,m,41d,002-converte
12.38,345.0,114,3.8,3,2024-03-11,NEG-008,hTDP43,WT-A90V-G287S-G294A-A315T-M337V,m,41d,002-converte
6.21,332.56,114,3.8,3,2024-03-11,NEG-008,hTDP43,WT-A90V-G287S-G294A-A315T-M337V,m,41d,002-converte
12.41,345.01,115,3.833,3,2024-03-11,NEG-008,hTDP43,WT-A90V-G287S-G294A-A315T-M337V,m,41d,002-converte
6.48,332.11,115,3.833,3,2024-03-11,NEG-008,hTDP43,WT-A90V-G287S-G294A-A315T-M337V,m,41d,002-converte
12.41,345.01,116,3.867,3,2024-03-11,NEG-008,hTDP43,WT-A90V-G287S-G294A-A315T-M337V,m,41d,002-converte
6.62,332.07,116,3.867,3,2024-03-11,NEG-008,hTDP43,WT-A90V-G287S-G294A-A315T-M337V,m,41d,002-converte
12.41,345.01,117,3.9,3,2024-03-11,NEG-008,hTDP43,WT-A90V-G287S-G294A-A315T-M337V,m,41d,002-converte
6.84,332.58,117,3.9,3,2024-03-11,NEG-008,hTDP43,WT-A90V-G287S-G294A-A315T-M337V,m,41d,002-converte
12.41,345.01,118,3.933,3,2024-03-11,NEG-008,hTDP43,WT-A90V-G287S-G294A-A315T-M337V,m,41d,002-converte
6.99,332.64,118,3.933,3,2024-03-11,NEG-008,hTDP43,WT-A90V-G287S-G294A-A315T-M337V,m,41d,002-converte
12.41,345.01,119,3.967,3,2024-03-11,NEG-008,hTDP43,WT-A90V-G287S-G294A-A315T-M337V,m,41d,002-converte
7.08,333.44,119,3.967,3,2024-03-11,NEG-008,hTDP43,WT-A90V-G287S-G294A-A315T-M337V,m,41d,002-converte
12.41,345.01,120,4.0,3,2024-03-11,NEG-008,hTDP43,WT-A90V-G287S-G294A-A315T-M337V,m,41d,002-converte
6.95,333.59,120,4.0,3,2024-03-11,NEG-008,hTDP43,WT-A90V-G287S-G294A-A315T-M337V,m,41d,002-converte
12.41,345.04,121,4.033,3,2024-03-11,NEG-008,hTDP43,WT-A90V-G287S-G294A-A315T-M337V,m,41d,002-converte
7.02,333.78,121,4.033,3,2024-03-11,NEG-008,hTDP43,WT-A90V-G287S-G294A-A315T-M337V,m,41d,002-converte
12.41,345.08,122,4.067,3,2024-03-11,NEG-008,hTDP43,WT-A90V-G287S-G294A-A315T-M337V,m,41d,002-converte
7.1,333.95,122,4.067,3,2024-03-11,NEG-008,hTDP43,WT-A90V-G287S-G294A-A315T-M337V,m,41d,002-converte
13.09,345.07,123,4.1,3,2024-03-11,NEG-008,hTDP43,WT-A90V-G287S-G294A-A315T-M337V,m,41d,002-converte
7.15,333.99,123,4.1,3,2024-03-11,NEG-008,hTDP43,WT-A90V-G287S-G294A-A315T-M337V,m,41d,002-converte
13.09,345.07,124,4.133,3,2024-03-11,NEG-008,hTDP43,WT-A90V-G287S-G294A-A315T-M337V,m,41d,002-converte
7.14,333.93,124,4.133,3,2024-03-11,NEG-008,hTDP43,WT-A90V-G287S-G294A-A315T-M337V,m,41d,002-converte
13.26,345.23,125,4.167,3,2024-03-11,NEG-008,hTDP43,WT-A90V-G287S-G294A-A315T-M337V,m,41d,002-converte
6.98,334.19,125,4.167,3,2024-03-11,NEG-008,hTDP43,WT-A90V-G287S-G294A-A315T-M337V,m,41d,002-converte
14.01,345.34,126,4.2,3,2024-03-11,NEG-008,hTDP43,WT-A90V-G287S-G294A-A315T-M337V,m,41d,002-converte
6.38,335.4,126,4.2,3,2024-03-11,NEG-008,hTDP43,WT-A90V-G287S-G294A-A315T-M337V,m,41d,002-converte
13.44,345.73,127,4.233,3,2024-03-11,NEG-008,hTDP43,WT-A90V-G287S-G294A-A315T-M337V,m,41d,002-converte
7.68,327.88,127,4.233,3,2024-03-11,NEG-008,hTDP43,WT-A90V-G287S-G294A-A315T-M337V,m,41d,002-converte
6.69,337.75,127,4.233,3,2024-03-11,NEG-008,hTDP43,WT-A90V-G287S-G294A-A315T-M337V,m,41d,002-converte
14.35,345.85,128,4.267,3,2024-03-11,NEG-008,hTDP43,WT-A90V-G287S-G294A-A315T-M337V,m,41d,002-converte
7.68,327.93,128,4.267,3,2024-03-11,NEG-008,hTDP43,WT-A90V-G287S-G294A-A315T-M337V,m,41d,002-converte
6.47,338.49,128,4.267,3,2024-03-11,NEG-008,hTDP43,WT-A90V-G287S-G294A-A315T-M337V,m,41d,002-converte
14.46,345.85,129,4.3,3,2024-03-11,NEG-008,hTDP43,WT-A90V-G287S-G294A-A315T-M337V,m,41d,002-converte
7.68,327.98,129,4.3,3,2024-03-11,NEG-008,hTDP43,WT-A90V-G287S-G294A-A315T-M337V,m,41d,002-converte
6.84,340.45,129,4.3,3,2024-03-11,NEG-008,hTDP43,WT-A90V-G287S-G294A-A315T-M337V,m,41d,002-converte
15.35,345.89,130,4.333,3,2024-03-11,NEG-008,hTDP43,WT-A90V-G287S-G294A-A315T-M337V,m,41d,002-converte
7.68,327.98,130,4.333,3,2024-03-11,NEG-008,hTDP43,WT-A90V-G287S-G294A-A315T-M337V,m,41d,002-converte
7.07,341.58,130,4.333,3,2024-03-11,NEG-008,hTDP43,WT-A90V-G287S-G294A-A315T-M337V,m,41d,002-converte
16.32,345.85,131,4.367,3,2024-03-11,NEG-008,hTDP43,WT-A90V-G287S-G294A-A315T-M337V,m,41d,002-converte
7.68,327.98,131,4.367,3,2024-03-11,NEG-008,hTDP43,WT-A90V-G287S-G294A-A315T-M337V,m,41d,002-converte
7.08,342.78,131,4.367,3,2024-03-11,NEG-008,hTDP43,WT-A90V-G287S-G294A-A315T-M337V,m,41d,002-converte
16.41,345.86,132,4.4,3,2024-03-11,NEG-008,hTDP43,WT-A90V-G287S-G294A-A315T-M337V,m,41d,002-converte
7.67,327.98,132,4.4,3,2024-03-11,NEG-008,hTDP43,WT-A90V-G287S-G294A-A315T-M337V,m,41d,002-converte
6.97,344.07,132,4.4,3,2024-03-11,NEG-008,hTDP43,WT-A90V-G287S-G294A-A315T-M337V,m,41d,002-converte
17.21,346.02,133,4.433,3,2024-03-11,NEG-008,hTDP43,WT-A90V-G287S-G294A-A315T-M337V,m,41d,002-converte
7.67,327.99,133,4.433,3,2024-03-11,NEG-008,hTDP43,WT-A90V-G287S-G294A-A315T-M337V,m,41d,002-converte
7.18,344.31,133,4.433,3,2024-03-11,NEG-008,hTDP43,WT-A90V-G287S-G294A-A315T-M337V,m,41d,002-converte
17.18,346.07,134,4.467,3,2024-03-11,NEG-008,hTDP43,WT-A90V-G287S-G294A-A315T-M337V,m,41d,002-converte
7.67,327.98,134,4.467,3,2024-03-11,NEG-008,hTDP43,WT-A90V-G287S-G294A-A315T-M337V,m,41d,002-converte
7.16,344.54,134,4.467,3,2024-03-11,NEG-008,hTDP43,WT-A90V-G287S-G294A-A315T-M337V,m,41d,002-converte
17.14,346.14,135,4.5,3,2024-03-11,NEG-008,hTDP43,WT-A90V-G287S-G294A-A315T-M337V,m,41d,002-converte
7.66,327.98,135,4.5,3,2024-03-11,NEG-008,hTDP43,WT-A90V-G287S-G294A-A315T-M337V,m,41d,002-converte
7.12,344.75,135,4.5,3,2024-03-11,NEG-008,hTDP43,WT-A90V-G287S-G294A-A315T-M337V,m,41d,002-converte
17.14,346.14,136,4.533,3,2024-03-11,NEG-008,hTDP43,WT-A90V-G287S-G294A-A315T-M337V,m,41d,002-converte
7.62,328.0,136,4.533,3,2024-03-11,NEG-008,hTDP43,WT-A90V-G287S-G294A-A315T-M337V,m,41d,002-converte
7.12,344.75,136,4.533,3,2024-03-11,NEG-008,hTDP43,WT-A90V-G287S-G294A-A315T-M337V,m,41d,002-converte
17.74,346.11,137,4.567,3,2024-03-11,NEG-008,hTDP43,WT-A90V-G287S-G294A-A315T-M337V,m,41d,002-converte
7.62,328.0,137,4.567,3,2024-03-11,NEG-008,hTDP43,WT-A90V-G287S-G294A-A315T-M337V,m,41d,002-converte
6.95,344.93,137,4.567,3,2024-03-11,NEG-008,hTDP43,WT-A90V-G287S-G294A-A315T-M337V,m,41d,002-converte
17.79,346.08,138,4.6,3,2024-03-11,NEG-008,hTDP43,WT-A90V-G287S-G294A-A315T-M337V,m,41d,002-converte
7.6,328.01,138,4.6,3,2024-03-11,NEG-008,hTDP43,WT-A90V-G287S-G294A-A315T-M337V,m,41d,002-converte
6.85,345.02,138,4.6,3,2024-03-11,NEG-008,hTDP43,WT-A90V-G287S-G294A-A315T-M337V,m,41d,002-converte
17.85,346.05,139,4.633,3,2024-03-11,NEG-008,hTDP43,WT-A90V-G287S-G294A-A315T-M337V,m,41d,002-converte
7.55,328.05,139,4.633,3,2024-03-11,NEG-008,hTDP43,WT-A90V-G287S-G294A-A315T-M337V,m,41d,002-converte
6.75,345.11,139,4.633,3,2024-03-11,NEG-008,hTDP43,WT-A90V-G287S-G294A-A315T-M337V,m,41d,002-converte
17.28,345.98,140,4.667,3,2024-03-11,NEG-008,hTDP43,WT-A90V-G287S-G294A-A315T-M337V,m,41d,002-converte
7.56,328.05,140,4.667,3,2024-03-11,NEG-008,hTDP43,WT-A90V-G287S-G294A-A315T-M337V,m,41d,002-converte
6.59,344.91,140,4.667,3,2024-03-11,NEG-008,hTDP43,WT-A90V-G287S-G294A-A315T-M337V,m,41d,002-converte
17.43,345.99,141,4.7,3,2024-03-11,NEG-008,hTDP43,WT-A90V-G287S-G294A-A315T-M337V,m,41d,002-converte
7.6,328.01,141,4.7,3,2024-03-11,NEG-008,hTDP43,WT-A90V-G287S-G294A-A315T-M337V,m,41d,002-converte
6.39,344.47,141,4.7,3,2024-03-11,NEG-008,hTDP43,WT-A90V-G287S-G294A-A315T-M337V,m,41d,002-converte
18.24,345.97,142,4.733,3,2024-03-11,NEG-008,hTDP43,WT-A90V-G287S-G294A-A315T-M337V,m,41d,002-converte
7.62,328.0,142,4.733,3,2024-03-11,NEG-008,hTDP43,WT-A90V-G287S-G294A-A315T-M337V,m,41d,002-converte
6.0,343.57,142,4.733,3,2024-03-11,NEG-008,hTDP43,WT-A90V-G287S-G294A-A315T-M337V,m,41d,002-converte
18.46,345.99,143,4.767,3,2024-03-11,NEG-008,hTDP43,WT-A90V-G287S-G294A-A315T-M337V,m,41d,002-converte
7.63,328.0,143,4.767,3,2024-03-11,NEG-008,hTDP43,WT-A90V-G287S-G294A-A315T-M337V,m,41d,002-converte
5.71,342.77,143,4.767,3,2024-03-11,NEG-008,hTDP43,WT-A90V-G287S-G294A-A315T-M337V,m,41d,002-converte
18.47,346.02,144,4.8,3,2024-03-11,NEG-008,hTDP43,WT-A90V-G287S-G294A-A315T-M337V,m,41d,002-converte
7.57,328.09,144,4.8,3,2024-03-11,NEG-008,hTDP43,WT-A90V-G287S-G294A-A315T-M337V,m,41d,002-converte
5.63,341.91,144,4.8,3,2024-03-11,NEG-008,hTDP43,WT-A90V-G287S-G294A-A315T-M337V,m,41d,002-converte
18.47,346.02,145,4.833,3,2024-03-11,NEG-008,hTDP43,WT-A90V-G287S-G294A-A315T-M337V,m,41d,002-converte
7.56,328.14,145,4.833,3,2024-03-11,NEG-008,hTDP43,WT-A90V-G287S-G294A-A315T-M337V,m,41d,002-converte
5.54,341.05,145,4.833,3,2024-03-11,NEG-008,hTDP43,WT-A90V-G287S-G294A-A315T-M337V,m,41d,002-converte
18.48,346.02,146,4.867,3,2024-03-11,NEG-008,hTDP43,WT-A90V-G287S-G294A-A315T-M337V,m,41d,002-converte
7.55,328.16,146,4.867,3,2024-03-11,NEG-008,hTDP43,WT-A90V-G287S-G294A-A315T-M337V,m,41d,002-converte
5.49,340.38,146,4.867,3,2024-03-11,NEG-008,hTDP43,WT-A90V-G287S-G294A-A315T-M337V,m,41d,002-converte
18.49,346.03,147,4.9,3,2024-03-11,NEG-008,hTDP43,WT-A90V-G287S-G294A-A315T-M337V,m,41d,002-converte
7.55,328.18,147,4.9,3,2024-03-11,NEG-008,hTDP43,WT-A90V-G287S-G294A-A315T-M337V,m,41d,002-converte
5.45,339.64,147,4.9,3,2024-03-11,NEG-008,hTDP43,WT-A90V-G287S-G294A-A315T-M337V,m,41d,002-converte
18.46,346.64,148,4.933,3,2024-03-11,NEG-008,hTDP43,WT-A90V-G287S-G294A-A315T-M337V,m,41d,002-converte
7.56,328.18,148,4.933,3,2024-03-11,NEG-008,hTDP43,WT-A90V-G287S-G294A-A315T-M337V,m,41d,002-converte
5.72,338.58,148,4.933,3,2024-03-11,NEG-008,hTDP43,WT-A90V-G287S-G294A-A315T-M337V,m,41d,002-converte
18.57,346.73,149,4.967,3,2024-03-11,NEG-008,hTDP43,WT-A90V-G287S-G294A-A315T-M337V,m,41d,002-converte
7.55,328.19,149,4.967,3,2024-03-11,NEG-008,hTDP43,WT-A90V-G287S-G294A-A315T-M337V,m,41d,002-converte
5.98,337.97,149,4.967,3,2024-03-11,NEG-008,hTDP43,WT-A90V-G287S-G294A-A315T-M337V,m,41d,002-converte
19.26,347.08,150,5.0,3,2024-03-11,NEG-008,hTDP43,WT-A90V-G287S-G294A-A315T-M337V,m,41d,002-converte
7.56,328.16,150,5.0,3,2024-03-11,NEG-008,hTDP43,WT-A90V-G287S-G294A-A315T-M337V,m,41d,002-converte
6.21,336.93,150,5.0,3,2024-03-11,NEG-008,hTDP43,WT-A90V-G287S-G294A-A315T-M337V,m,41d,002-converte
19.26,347.08,151,5.033,3,2024-03-11,NEG-008,hTDP43,WT-A90V-G287S-G294A-A315T-M337V,m,41d,002-converte
6.37,336.05,151,5.033,3,2024-03-11,NEG-008,hTDP43,WT-A90V-G287S-G294A-A315T-M337V,m,41d,002-converte
19.25,347.12,152,5.067,3,2024-03-11,NEG-008,hTDP43,WT-A90V-G287S-G294A-A315T-M337V,m,41d,002-converte
6.6,335.28,152,5.067,3,2024-03-11,NEG-008,hTDP43,WT-A90V-G287S-G294A-A315T-M337V,m,41d,002-converte
19.25,347.18,153,5.1,3,2024-03-11,NEG-008,hTDP43,WT-A90V-G287S-G294A-A315T-M337V,m,41d,002-converte
6.83,334.8,153,5.1,3,2024-03-11,NEG-008,hTDP43,WT-A90V-G287S-G294A-A315T-M337V,m,41d,002-converte
19.13,347.34,154,5.133,3,2024-03-11,NEG-008,hTDP43,WT-A90V-G287S-G294A-A315T-M337V,m,41d,002-converte
6.99,334.09,154,5.133,3,2024-03-11,NEG-008,hTDP43,WT-A90V-G287S-G294A-A315T-M337V,m,41d,002-converte
19.24,347.31,155,5.167,3,2024-03-11,NEG-008,hTDP43,WT-A90V-G287S-G294A-A315T-M337V,m,41d,002-converte
7.15,333.06,155,5.167,3,2024-03-11,NEG-008,hTDP43,WT-A90V-G287S-G294A-A315T-M337V,m,41d,002-converte
19.24,347.31,156,5.2,3,2024-03-11,NEG-008,hTDP43,WT-A90V-G287S-G294A-A315T-M337V,m,41d,002-converte
7.23,332.98,156,5.2,3,2024-03-11,NEG-008,hTDP43,WT-A90V-G287S-G294A-A315T-M337V,m,41d,002-converte
19.23,347.39,157,5.233,3,2024-03-11,NEG-008,hTDP43,WT-A90V-G287S-G294A-A315T-M337V,m,41d,002-converte
7.23,332.91,157,5.233,3,2024-03-11,NEG-008,hTDP43,WT-A90V-G287S-G294A-A315T-M337V,m,41d,002-converte
19.81,347.61,158,5.267,3,2024-03-11,NEG-008,hTDP43,WT-A90V-G287S-G294A-A315T-M337V,m,41d,002-converte
7.23,332.84,158,5.267,3,2024-03-11,NEG-008,hTDP43,WT-A90V-G287S-G294A-A315T-M337V,m,41d,002-converte
19.87,347.75,159,5.3,3,2024-03-11,NEG-008,hTDP43,WT-A90V-G287S-G294A-A315T-M337V,m,41d,002-converte
7.15,332.97,159,5.3,3,2024-03-11,NEG-008,hTDP43,WT-A90V-G287S-G294A-A315T-M337V,m,41d,002-converte
19.94,347.87,160,5.333,3,2024-03-11,NEG-008,hTDP43,WT-A90V-G287S-G294A-A315T-M337V,m,41d,002-converte
7.14,332.96,160,5.333,3,2024-03-11,NEG-008,hTDP43,WT-A90V-G287S-G294A-A315T-M337V,m,41d,002-converte
19.28,348.05,161,5.367,3,2024-03-11,NEG-008,hTDP43,WT-A90V-G287S-G294A-A315T-M337V,m,41d,002-converte
7.12,332.95,161,5.367,3,2024-03-11,NEG-008,hTDP43,WT-A90V-G287S-G294A-A315T-M337V,m,41d,002-converte
19.39,348.04,162,5.4,3,2024-03-11,NEG-008,hTDP43,WT-A90V-G287S-G294A-A315T-M337V,m,41d,002-converte
7.1,332.88,162,5.4,3,2024-03-11,NEG-008,hTDP43,WT-A90V-G287S-G294A-A315T-M337V,m,41d,002-converte
19.48,348.13,163,5.433,3,2024-03-11,NEG-008,hTDP43,WT-A90V-G287S-G294A-A315T-M337V,m,41d,002-converte
7.11,332.85,163,5.433,3,2024-03-11,NEG-008,hTDP43,WT-A90V-G287S-G294A-A315T-M337V,m,41d,002-converte
20.92,348.65,164,5.467,3,2024-03-11,NEG-008,hTDP43,WT-A90V-G287S-G294A-A315T-M337V,m,41d,002-converte
7.13,332.88,164,5.467,3,2024-03-11,NEG-008,hTDP43,WT-A90V-G287S-G294A-A315T-M337V,m,41d,002-converte
21.04,348.79,165,5.5,3,2024-03-11,NEG-008,hTDP43,WT-A90V-G287S-G294A-A315T-M337V,m,41d,002-converte
7.15,332.84,165,5.5,3,2024-03-11,NEG-008,hTDP43,WT-A90V-G287S-G294A-A315T-M337V,m,41d,002-converte
21.12,348.82,166,5.533,3,2024-03-11,NEG-008,hTDP43,WT-A90V-G287S-G294A-A315T-M337V,m,41d,002-converte
7.16,332.95,166,5.533,3,2024-03-11,NEG-008,hTDP43,WT-A90V-G287S-G294A-A315T-M337V,m,41d,002-converte
21.11,348.82,167,5.567,3,2024-03-11,NEG-008,hTDP43,WT-A90V-G287S-G294A-A315T-M337V,m,41d,002-converte
7.24,333.17,167,5.567,3,2024-03-11,NEG-008,hTDP43,WT-A90V-G287S-G294A-A315T-M337V,m,41d,002-converte
21.12,348.82,168,5.6,3,2024-03-11,NEG-008,hTDP43,WT-A90V-G287S-G294A-A315T-M337V,m,41d,002-converte
7.17,333.07,168,5.6,3,2024-03-11,NEG-008,hTDP43,WT-A90V-G287S-G294A-A315T-M337V,m,41d,002-converte
21.11,348.82,169,5.633,3,2024-03-11,NEG-008,hTDP43,WT-A90V-G287S-G294A-A315T-M337V,m,41d,002-converte
7.24,333.17,169,5.633,3,2024-03-11,NEG-008,hTDP43,WT-A90V-G287S-G294A-A315T-M337V,m,41d,002-converte
21.05,348.81,170,5.667,3,2024-03-11,NEG-008,hTDP43,WT-A90V-G287S-G294A-A315T-M337V,m,41d,002-converte
7.21,333.11,170,5.667,3,2024-03-11,NEG-008,hTDP43,WT-A90V-G287S-G294A-A315T-M337V,m,41d,002-converte
21.04,348.78,171,5.7,3,2024-03-11,NEG-008,hTDP43,WT-A90V-G287S-G294A-A315T-M337V,m,41d,002-converte
7.21,333.05,171,5.7,3,2024-03-11,NEG-008,hTDP43,WT-A90V-G287S-G294A-A315T-M337V,m,41d,002-converte
21.04,348.78,172,5.733,3,2024-03-11,NEG-008,hTDP43,WT-A90V-G287S-G294A-A315T-M337V,m,41d,002-converte
7.2,333.1,172,5.733,3,2024-03-11,NEG-008,hTDP43,WT-A90V-G287S-G294A-A315T-M337V,m,41d,002-converte
21.04,348.78,173,5.767,3,2024-03-11,NEG-008,hTDP43,WT-A90V-G287S-G294A-A315T-M337V,m,41d,002-converte
7.15,333.18,173,5.767,3,2024-03-11,NEG-008,hTDP43,WT-A90V-G287S-G294A-A315T-M337V,m,41d,002-converte
21.6,348.85,174,5.8,3,2024-03-11,NEG-008,hTDP43,WT-A90V-G287S-G294A-A315T-M337V,m,41d,002-converte
7.16,333.12,174,5.8,3,2024-03-11,NEG-008,hTDP43,WT-A90V-G287S-G294A-A315T-M337V,m,41d,002-converte
21.61,348.82,175,5.833,3,2024-03-11,NEG-008,hTDP43,WT-A90V-G287S-G294A-A315T-M337V,m,41d,002-converte
7.15,333.06,175,5.833,3,2024-03-11,NEG-008,hTDP43,WT-A90V-G287S-G294A-A315T-M337V,m,41d,002-converte
21.61,348.82,176,5.867,3,2024-03-11,NEG-008,hTDP43,WT-A90V-G287S-G294A-A315T-M337V,m,41d,002-converte
7.06,333.29,176,5.867,3,2024-03-11,NEG-008,hTDP43,WT-A90V-G287S-G294A-A315T-M337V,m,41d,002-converte
21.61,348.82,177,5.9,3,2024-03-11,NEG-008,hTDP43,WT-A90V-G287S-G294A-A315T-M337V,m,41d,002-converte
7.06,333.29,177,5.9,3,2024-03-11,NEG-008,hTDP43,WT-A90V-G287S-G294A-A315T-M337V,m,41d,002-converte
21.61,348.8,178,5.933,3,2024-03-11,NEG-008,hTDP43,WT-A90V-G287S-G294A-A315T-M337V,m,41d,002-converte
7.06,333.28,178,5.933,3,2024-03-11,NEG-008,hTDP43,WT-A90V-G287S-G294A-A315T-M337V,m,41d,002-converte
21.64,348.72,179,5.967,3,2024-03-11,NEG-008,hTDP43,WT-A90V-G287S-G294A-A315T-M337V,m,41d,002-converte
7.06,333.28,179,5.967,3,2024-03-11,NEG-008,hTDP43,WT-A90V-G287S-G294A-A315T-M337V,m,41d,002-converte
21.66,348.7,180,6.0,3,2024-03-11,NEG-008,hTDP43,WT-A90V-G287S-G294A-A315T-M337V,m,41d,002-converte
7.06,333.28,180,6.0,3,2024-03-11,NEG-008,hTDP43,WT-A90V-G287S-G294A-A315T-M337V,m,41d,002-converte
20.64,348.35,181,6.033,3,2024-03-11,NEG-008,hTDP43,WT-A90V-G287S-G294A-A315T-M337V,m,41d,002-converte
7.05,333.28,181,6.033,3,2024-03-11,NEG-008,hTDP43,WT-A90V-G287S-G294A-A315T-M337V,m,41d,002-converte
21.79,348.64,182,6.067,3,2024-03-11,NEG-008,hTDP43,WT-A90V-G287S-G294A-A315T-M337V,m,41d,002-converte
7.05,333.28,182,6.067,3,2024-03-11,NEG-008,hTDP43,WT-A90V-G287S-G294A-A315T-M337V,m,41d,002-converte
28.97,331.16,183,6.1,3,2024-03-11,NEG-008,hTDP43,WT-A90V-G287S-G294A-A315T-M337V,m,41d,002-converte
7.05,333.28,183,6.1,3,2024-03-11,NEG-008,hTDP43,WT-A90V-G287S-G294A-A315T-M337V,m,41d,002-converte
39.03,296.4,184,6.133,3,2024-03-11,NEG-008,hTDP43,WT-A90V-G287S-G294A-A315T-M337V,m,41d,002-converte
7.07,333.27,184,6.133,3,2024-03-11,NEG-008,hTDP43,WT-A90V-G287S-G294A-A315T-M337V,m,41d,002-converte
44.87,287.93,185,6.167,3,2024-03-11,NEG-008,hTDP43,WT-A90V-G287S-G294A-A315T-M337V,m,41d,002-converte
7.1,333.25,185,6.167,3,2024-03-11,NEG-008,hTDP43,WT-A90V-G287S-G294A-A315T-M337V,m,41d,002-converte
45.74,287.9,186,6.2,3,2024-03-11,NEG-008,hTDP43,WT-A90V-G287S-G294A-A315T-M337V,m,41d,002-converte
7.08,333.19,186,6.2,3,2024-03-11,NEG-008,hTDP43,WT-A90V-G287S-G294A-A315T-M337V,m,41d,002-converte
45.74,287.9,187,6.233,3,2024-03-11,NEG-008,hTDP43,WT-A90V-G287S-G294A-A315T-M337V,m,41d,002-converte
7.06,333.12,187,6.233,3,2024-03-11,NEG-008,hTDP43,WT-A90V-G287S-G294A-A315T-M337V,m,41d,002-converte
46.9,287.83,188,6.267,3,2024-03-11,NEG-008,hTDP43,WT-A90V-G287S-G294A-A315T-M337V,m,41d,002-converte
7.04,333.05,188,6.267,3,2024-03-11,NEG-008,hTDP43,WT-A90V-G287S-G294A-A315T-M337V,m,41d,002-converte
4.94,322.08,188,6.267,3,2024-03-11,NEG-008,hTDP43,WT-A90V-G287S-G294A-A315T-M337V,m,41d,002-converte
46.99,287.79,189,6.3,3,2024-03-11,NEG-008,hTDP43,WT-A90V-G287S-G294A-A315T-M337V,m,41d,002-converte
7.03,332.98,189,6.3,3,2024-03-11,NEG-008,hTDP43,WT-A90V-G287S-G294A-A315T-M337V,m,41d,002-converte
4.86,322.08,189,6.3,3,2024-03-11,NEG-008,hTDP43,WT-A90V-G287S-G294A-A315T-M337V,m,41d,002-converte
47.89,287.83,190,6.333,3,2024-03-11,NEG-008,hTDP43,WT-A90V-G287S-G294A-A315T-M337V,m,41d,002-converte
7.03,332.98,190,6.333,3,2024-03-11,NEG-008,hTDP43,WT-A90V-G287S-G294A-A315T-M337V,m,41d,002-converte
4.83,322.66,190,6.333,3,2024-03-11,NEG-008,hTDP43,WT-A90V-G287S-G294A-A315T-M337V,m,41d,002-converte
48.18,288.11,191,6.367,3,2024-03-11,NEG-008,hTDP43,WT-A90V-G287S-G294A-A315T-M337V,m,41d,002-converte
7.03,332.98,191,6.367,3,2024-03-11,NEG-008,hTDP43,WT-A90V-G287S-G294A-A315T-M337V,m,41d,002-converte
4.72,322.77,191,6.367,3,2024-03-11,NEG-008,hTDP43,WT-A90V-G287S-G294A-A315T-M337V,m,41d,002-converte
49.27,288.07,192,6.4,3,2024-03-11,NEG-008,hTDP43,WT-A90V-G287S-G294A-A315T-M337V,m,41d,002-converte
7.03,332.99,192,6.4,3,2024-03-11,NEG-008,hTDP43,WT-A90V-G287S-G294A-A315T-M337V,m,41d,002-converte
4.76,322.86,192,6.4,3,2024-03-11,NEG-008,hTDP43,WT-A90V-G287S-G294A-A315T-M337V,m,41d,002-converte
50.39,288.09,193,6.433,3,2024-03-11,NEG-008,hTDP43,WT-A90V-G287S-G294A-A315T-M337V,m,41d,002-converte
7.69,315.14,193,6.433,3,2024-03-11,NEG-008,hTDP43,WT-A90V-G287S-G294A-A315T-M337V,m,41d,002-converte
7.03,333.0,193,6.433,3,2024-03-11,NEG-008,hTDP43,WT-A90V-G287S-G294A-A315T-M337V,m,41d,002-converte
4.83,322.94,193,6.433,3,2024-03-11,NEG-008,hTDP43,WT-A90V-G287S-G294A-A315T-M337V,m,41d,002-converte
51.39,288.09,194,6.467,3,2024-03-11,NEG-008,hTDP43,WT-A90V-G287S-G294A-A315T-M337V,m,41d,002-converte
7.61,314.57,194,6.467,3,2024-03-11,NEG-008,hTDP43,WT-A90V-G287S-G294A-A315T-M337V,m,41d,002-converte
7.05,333.02,194,6.467,3,2024-03-11,NEG-008,hTDP43,WT-A90V-G287S-G294A-A315T-M337V,m,41d,002-converte
4.9,323.05,194,6.467,3,2024-03-11,NEG-008,hTDP43,WT-A90V-G287S-G294A-A315T-M337V,m,41d,002-converte
53.63,288.75,195,6.5,3,2024-03-11,NEG-008,hTDP43,WT-A90V-G287S-G294A-A315T-M337V,m,41d,002-converte
7.61,314.58,195,6.5,3,2024-03-11,NEG-008,hTDP43,WT-A90V-G287S-G294A-A315T-M337V,m,41d,002-converte
7.11,333.16,195,6.5,3,2024-03-11,NEG-008,hTDP43,WT-A90V-G287S-G294A-A315T-M337V,m,41d,002-converte
4.97,323.17,195,6.5,3,2024-03-11,NEG-008,hTDP43,WT-A90V-G287S-G294A-A315T-M337V,m,41d,002-converte
54.69,288.72,196,6.533,3,2024-03-11,NEG-008,hTDP43,WT-A90V-G287S-G294A-A315T-M337V,m,41d,002-converte
7.45,314.18,196,6.533,3,2024-03-11,NEG-008,hTDP43,WT-A90V-G287S-G294A-A315T-M337V,m,41d,002-converte
7.12,333.21,196,6.533,3,2024-03-11,NEG-008,hTDP43,WT-A90V-G287S-G294A-A315T-M337V,m,41d,002-converte
5.03,323.15,196,6.533,3,2024-03-11,NEG-008,hTDP43,WT-A90V-G287S-G294A-A315T-M337V,m,41d,002-converte
54.44,288.23,197,6.567,3,2024-03-11,NEG-008,hTDP43,WT-A90V-G287S-G294A-A315T-M337V,m,41d,002-converte
7.28,313.74,197,6.567,3,2024-03-11,NEG-008,hTDP43,WT-A90V-G287S-G294A-A315T-M337V,m,41d,002-converte
7.13,333.25,197,6.567,3,2024-03-11,NEG-008,hTDP43,WT-A90V-G287S-G294A-A315T-M337V,m,41d,002-converte
5.1,323.12,197,6.567,3,2024-03-11,NEG-008,hTDP43,WT-A90V-G287S-G294A-A315T-M337V,m,41d,002-converte
56.83,288.79,198,6.6,3,2024-03-11,NEG-008,hTDP43,WT-A90V-G287S-G294A-A315T-M337V,m,41d,002-converte
7.25,333.3,198,6.6,3,2024-03-11,NEG-008,hTDP43,WT-A90V-G287S-G294A-A315T-M337V,m,41d,002-converte
7.2,313.56,198,6.6,3,2024-03-11,NEG-008,hTDP43,WT-A90V-G287S-G294A-A315T-M337V,m,41d,002-converte
57.98,288.7,199,6.633,3,2024-03-11,NEG-008,hTDP43,WT-A90V-G287S-G294A-A315T-M337V,m,41d,002-converte
7.29,313.94,199,6.633,3,2024-03-11,NEG-008,hTDP43,WT-A90V-G287S-G294A-A315T-M337V,m,41d,002-converte
7.25,333.3,199,6.633,3,2024-03-11,NEG-008,hTDP43,WT-A90V-G287S-G294A-A315T-M337V,m,41d,002-converte
9.78,574.06,0,0.0,5,2024-03-11,NEG-008,hTDP43,WT-A90V-G287S-G294A-A315T-M337V,m,41d,002-converte
7.53,585.13,0,0.0,5,2024-03-11,NEG-008,hTDP43,WT-A90V-G287S-G294A-A315T-M337V,m,41d,002-converte
5.52,563.14,0,0.0,5,2024-03-11,NEG-008,hTDP43,WT-A90V-G287S-G294A-A315T-M337V,m,41d,002-converte
3.48,596.73,0,0.0,5,2024-03-11,NEG-008,hTDP43,WT-A90V-G287S-G294A-A315T-M337V,m,41d,002-converte
12.42,585.14,1,0.033,5,2024-03-11,NEG-008,hTDP43,WT-A90V-G287S-G294A-A315T-M337V,m,41d,002-converte
5.79,563.29,1,0.033,5,2024-03-11,NEG-008,hTDP43,WT-A90V-G287S-G294A-A315T-M337V,m,41d,002-converte
2.95,601.1,1,0.033,5,2024-03-11,NEG-008,hTDP43,WT-A90V-G287S-G294A-A315T-M337V,m,41d,002-converte
9.77,593.6,2,0.067,5,2024-03-11,NEG-008,hTDP43,WT-A90V-G287S-G294A-A315T-M337V,m,41d,002-converte
4.23,561.74,2,0.067,5,2024-03-11,NEG-008,hTDP43,WT-A90V-G287S-G294A-A315T-M337V,m,41d,002-converte
2.85,598.25,2,0.067,5,2024-03-11,NEG-008,hTDP43,WT-A90V-G287S-G294A-A315T-M337V,m,41d,002-converte
12.12,580.43,3,0.1,5,2024-03-11,NEG-008,hTDP43,WT-A90V-G287S-G294A-A315T-M337V,m,41d,002-converte
4.44,561.98,3,0.1,5,2024-03-11,NEG-008,hTDP43,WT-A90V-G287S-G294A-A315T-M337V,m,41d,002-converte
2.11,596.59,3,0.1,5,2024-03-11,NEG-008,hTDP43,WT-A90V-G287S-G294A-A315T-M337V,m,41d,002-converte
4.97,587.33,4,0.133,5,2024-03-11,NEG-008,hTDP43,WT-A90V-G287S-G294A-A315T-M337V,m,41d,002-converte
4.5,563.02,4,0.133,5,2024-03-11,NEG-008,hTDP43,WT-A90V-G287S-G294A-A315T-M337V,m,41d,002-converte
2.11,596.59,4,0.133,5,2024-03-11,NEG-008,hTDP43,WT-A90V-G287S-G294A-A315T-M337V,m,41d,002-converte
4.4,562.43,5,0.167,5,2024-03-11,NEG-008,hTDP43,WT-A90V-G287S-G294A-A315T-M337V,m,41d,002-converte
2.19,596.68,5,0.167,5,2024-03-11,NEG-008,hTDP43,WT-A90V-G287S-G294A-A315T-M337V,m,41d,002-converte
5.25,587.23,6,0.2,5,2024-03-11,NEG-008,hTDP43,WT-A90V-G287S-G294A-A315T-M337V,m,41d,002-converte
4.22,562.36,6,0.2,5,2024-03-11,NEG-008,hTDP43,WT-A90V-G287S-G294A-A315T-M337V,m,41d,002-converte
2.27,596.77,6,0.2,5,2024-03-11,NEG-008,hTDP43,WT-A90V-G287S-G294A-A315T-M337V,m,41d,002-converte
6.63,572.3,7,0.233,5,2024-03-11,NEG-008,hTDP43,WT-A90V-G287S-G294A-A315T-M337V,m,41d,002-converte
6.05,587.68,7,0.233,5,2024-03-11,NEG-008,hTDP43,WT-A90V-G287S-G294A-A315T-M337V,m,41d,002-converte
4.6,561.34,7,0.233,5,2024-03-11,NEG-008,hTDP43,WT-A90V-G287S-G294A-A315T-M337V,m,41d,002-converte
2.27,596.78,7,0.233,5,2024-03-11,NEG-008,hTDP43,WT-A90V-G287S-G294A-A315T-M337V,m,41d,002-converte
6.77,574.55,8,0.267,5,2024-03-11,NEG-008,hTDP43,WT-A90V-G287S-G294A-A315T-M337V,m,41d,002-converte
4.94,587.57,8,0.267,5,2024-03-11,NEG-008,hTDP43,WT-A90V-G287S-G294A-A315T-M337V,m,41d,002-converte
4.47,561.49,8,0.267,5,2024-03-11,NEG-008,hTDP43,WT-A90V-G287S-G294A-A315T-M337V,m,41d,002-converte
2.32,596.78,8,0.267,5,2024-03-11,NEG-008,hTDP43,WT-A90V-G287S-G294A-A315T-M337V,m,41d,002-converte
3.61,561.99,9,0.3,5,2024-03-11,NEG-008,hTDP43,WT-A90V-G287S-G294A-A315T-M337V,m,41d,002-converte
2.3,596.8,9,0.3,5,2024-03-11,NEG-008,hTDP43,WT-A90V-G287S-G294A-A315T-M337V,m,41d,002-converte
5.18,586.29,10,0.333,5,2024-03-11,NEG-008,hTDP43,WT-A90V-G287S-G294A-A315T-M337V,m,41d,002-converte
3.77,562.42,10,0.333,5,2024-03-11,NEG-008,hTDP43,WT-A90V-G287S-G294A-A315T-M337V,m,41d,002-converte
2.27,596.82,10,0.333,5,2024-03-11,NEG-008,hTDP43,WT-A90V-G287S-G294A-A315T-M337V,m,41d,002-converte
5.94,586.91,11,0.367,5,2024-03-11,NEG-008,hTDP43,WT-A90V-G287S-G294A-A315T-M337V,m,41d,002-converte
3.69,562.51,11,0.367,5,2024-03-11,NEG-008,hTDP43,WT-A90V-G287S-G294A-A315T-M337V,m,41d,002-converte
2.75,599.89,11,0.367,5,2024-03-11,NEG-008,hTDP43,WT-A90V-G287S-G294A-A315T-M337V,m,41d,002-converte
6.24,584.43,12,0.4,5,2024-03-11,NEG-008,hTDP43,WT-A90V-G287S-G294A-A315T-M337V,m,41d,002-converte
2.64,562.35,12,0.4,5,2024-03-11,NEG-008,hTDP43,WT-A90V-G287S-G294A-A315T-M337V,m,41d,002-converte
2.59,599.82,12,0.4,5,2024-03-11,NEG-008,hTDP43,WT-A90V-G287S-G294A-A315T-M337V,m,41d,002-converte
6.6,578.43,13,0.433,5,2024-03-11,NEG-008,hTDP43,WT-A90V-G287S-G294A-A315T-M337V,m,41d,002-converte
3.12,563.01,13,0.433,5,2024-03-11,NEG-008,hTDP43,WT-A90V-G287S-G294A-A315T-M337V,m,41d,002-converte
2.49,598.29,13,0.433,5,2024-03-11,NEG-008,hTDP43,WT-A90V-G287S-G294A-A315T-M337V,m,41d,002-converte
3.26,562.71,14,0.467,5,2024-03-11,NEG-008,hTDP43,WT-A90V-G287S-G294A-A315T-M337V,m,41d,002-converte
2.35,596.58,14,0.467,5,2024-03-11,NEG-008,hTDP43,WT-A90V-G287S-G294A-A315T-M337V,m,41d,002-converte
3.21,561.85,15,0.5,5,2024-03-11,NEG-008,hTDP43,WT-A90V-G287S-G294A-A315T-M337V,m,41d,002-converte
2.23,596.69,15,0.5,5,2024-03-11,NEG-008,hTDP43,WT-A90V-G287S-G294A-A315T-M337V,m,41d,002-converte
6.54,573.51,16,0.533,5,2024-03-11,NEG-008,hTDP43,WT-A90V-G287S-G294A-A315T-M337V,m,41d,002-converte
2.8,561.35,16,0.533,5,2024-03-11,NEG-008,hTDP43,WT-A90V-G287S-G294A-A315T-M337V,m,41d,002-converte
2.05,596.22,16,0.533,5,2024-03-11,NEG-008,hTDP43,WT-A90V-G287S-G294A-A315T-M337V,m,41d,002-converte
7.13,578.87,17,0.567,5,2024-03-11,NEG-008,hTDP43,WT-A90V-G287S-G294A-A315T-M337V,m,41d,002-converte
2.62,561.36,17,0.567,5,2024-03-11,NEG-008,hTDP43,WT-A90V-G287S-G294A-A315T-M337V,m,41d,002-converte
2.5,597.0,17,0.567,5,2024-03-11,NEG-008,hTDP43,WT-A90V-G287S-G294A-A315T-M337V,m,41d,002-converte
2.69,597.74,18,0.6,5,2024-03-11,NEG-008,hTDP43,WT-A90V-G287S-G294A-A315T-M337V,m,41d,002-converte
2.62,561.36,18,0.6,5,2024-03-11,NEG-008,hTDP43,WT-A90V-G287S-G294A-A315T-M337V,m,41d,002-converte
2.62,561.36,19,0.633,5,2024-03-11,NEG-008,hTDP43,WT-A90V-G287S-G294A-A315T-M337V,m,41d,002-converte
2.21,597.87,19,0.633,5,2024-03-11,NEG-008,hTDP43,WT-A90V-G287S-G294A-A315T-M337V,m,41d,002-converte
2.61,561.35,20,0.667,5,2024-03-11,NEG-008,hTDP43,WT-A90V-G287S-G294A-A315T-M337V,m,41d,002-converte
2.15,597.62,20,0.667,5,2024-03-11,NEG-008,hTDP43,WT-A90V-G287S-G294A-A315T-M337V,m,41d,002-converte
2.47,561.4,21,0.7,5,2024-03-11,NEG-008,hTDP43,WT-A90V-G287S-G294A-A315T-M337V,m,41d,002-converte
2.22,597.58,21,0.7,5,2024-03-11,NEG-008,hTDP43,WT-A90V-G287S-G294A-A315T-M337V,m,41d,002-converte
3.15,597.39,22,0.733,5,2024-03-11,NEG-008,hTDP43,WT-A90V-G287S-G294A-A315T-M337V,m,41d,002-converte
2.42,561.39,22,0.733,5,2024-03-11,NEG-008,hTDP43,WT-A90V-G287S-G294A-A315T-M337V,m,41d,002-converte
2.42,561.39,23,0.767,5,2024-03-11,NEG-008,hTDP43,WT-A90V-G287S-G294A-A315T-M337V,m,41d,002-converte
2.24,597.94,23,0.767,5,2024-03-11,NEG-008,hTDP43,WT-A90V-G287S-G294A-A315T-M337V,m,41d,002-converte
2.42,561.38,24,0.8,5,2024-03-11,NEG-008,hTDP43,WT-A90V-G287S-G294A-A315T-M337V,m,41d,002-converte
2.12,596.65,24,0.8,5,2024-03-11,NEG-008,hTDP43,WT-A90V-G287S-G294A-A315T-M337V,m,41d,002-converte
2.4,561.38,25,0.833,5,2024-03-11,NEG-008,hTDP43,WT-A90V-G287S-G294A-A315T-M337V,m,41d,002-converte
2.3,596.99,25,0.833,5,2024-03-11,NEG-008,hTDP43,WT-A90V-G287S-G294A-A315T-M337V,m,41d,002-converte
2.48,597.27,26,0.867,5,2024-03-11,NEG-008,hTDP43,WT-A90V-G287S-G294A-A315T-M337V,m,41d,002-converte
2.39,561.37,26,0.867,5,2024-03-11,NEG-008,hTDP43,WT-A90V-G287S-G294A-A315T-M337V,m,41d,002-converte
2.75,598.87,27,0.9,5,2024-03-11,NEG-008,hTDP43,WT-A90V-G287S-G294A-A315T-M337V,m,41d,002-converte
2.36,561.37,27,0.9,5,2024-03-11,NEG-008,hTDP43,WT-A90V-G287S-G294A-A315T-M337V,m,41d,002-converte
2.36,597.62,28,0.933,5,2024-03-11,NEG-008,hTDP43,WT-A90V-G287S-G294A-A315T-M337V,m,41d,002-converte
2.34,561.36,28,0.933,5,2024-03-11,NEG-008,hTDP43,WT-A90V-G287S-G294A-A315T-M337V,m,41d,002-converte
2.66,598.19,29,0.967,5,2024-03-11,NEG-008,hTDP43,WT-A90V-G287S-G294A-A315T-M337V,m,41d,002-converte
2.34,561.36,29,0.967,5,2024-03-11,NEG-008,hTDP43,WT-A90V-G287S-G294A-A315T-M337V,m,41d,002-converte
2.34,561.37,30,1.0,5,2024-03-11,NEG-008,hTDP43,WT-A90V-G287S-G294A-A315T-M337V,m,41d,002-converte
2.31,596.97,30,1.0,5,2024-03-11,NEG-008,hTDP43,WT-A90V-G287S-G294A-A315T-M337V,m,41d,002-converte
3.5,599.08,31,1.033,5,2024-03-11,NEG-008,hTDP43,WT-A90V-G287S-G294A-A315T-M337V,m,41d,002-converte
2.34,561.37,31,1.033,5,2024-03-11,NEG-008,hTDP43,WT-A90V-G287S-G294A-A315T-M337V,m,41d,002-converte
3.04,597.46,32,1.067,5,2024-03-11,NEG-008,hTDP43,WT-A90V-G287S-G294A-A315T-M337V,m,41d,002-converte
2.34,561.37,32,1.067,5,2024-03-11,NEG-008,hTDP43,WT-A90V-G287S-G294A-A315T-M337V,m,41d,002-converte
4.72,597.77,33,1.1,5,2024-03-11,NEG-008,hTDP43,WT-A90V-G287S-G294A-A315T-M337V,m,41d,002-converte
2.34,561.37,33,1.1,5,2024-03-11,NEG-008,hTDP43,WT-A90V-G287S-G294A-A315T-M337V,m,41d,002-converte
3.39,599.95,34,1.133,5,2024-03-11,NEG-008,hTDP43,WT-A90V-G287S-G294A-A315T-M337V,m,41d,002-converte
2.34,561.41,34,1.133,5,2024-03-11,NEG-008,hTDP43,WT-A90V-G287S-G294A-A315T-M337V,m,41d,002-converte
2.77,599.9,35,1.167,5,2024-03-11,NEG-008,hTDP43,WT-A90V-G287S-G294A-A315T-M337V,m,41d,002-converte
2.12,561.24,35,1.167,5,2024-03-11,NEG-008,hTDP43,WT-A90V-G287S-G294A-A315T-M337V,m,41d,002-converte
3.99,591.82,36,1.2,5,2024-03-11,NEG-008,hTDP43,WT-A90V-G287S-G294A-A315T-M337V,m,41d,002-converte
2.96,600.4,36,1.2,5,2024-03-11,NEG-008,hTDP43,WT-A90V-G287S-G294A-A315T-M337V,m,41d,002-converte
1.88,560.95,36,1.2,5,2024-03-11,NEG-008,hTDP43,WT-A90V-G287S-G294A-A315T-M337V,m,41d,002-converte
4.08,591.59,37,1.233,5,2024-03-11,NEG-008,hTDP43,WT-A90V-G287S-G294A-A315T-M337V,m,41d,002-converte
2.93,599.8,37,1.233,5,2024-03-11,NEG-008,hTDP43,WT-A90V-G287S-G294A-A315T-M337V,m,41d,002-converte
1.94,560.86,37,1.233,5,2024-03-11,NEG-008,hTDP43,WT-A90V-G287S-G294A-A315T-M337V,m,41d,002-converte
4.81,587.72,38,1.267,5,2024-03-11,NEG-008,hTDP43,WT-A90V-G287S-G294A-A315T-M337V,m,41d,002-converte
3.15,600.92,38,1.267,5,2024-03-11,NEG-008,hTDP43,WT-A90V-G287S-G294A-A315T-M337V,m,41d,002-converte
2.02,560.8,38,1.267,5,2024-03-11,NEG-008,hTDP43,WT-A90V-G287S-G294A-A315T-M337V,m,41d,002-converte
4.81,587.54,39,1.3,5,2024-03-11,NEG-008,hTDP43,WT-A90V-G287S-G294A-A315T-M337V,m,41d,002-converte
3.19,600.96,39,1.3,5,2024-03-11,NEG-008,hTDP43,WT-A90V-G287S-G294A-A315T-M337V,m,41d,002-converte
4.82,587.58,40,1.333,5,2024-03-11,NEG-008,hTDP43,WT-A90V-G287S-G294A-A315T-M337V,m,41d,002-converte
3.2,599.57,40,1.333,5,2024-03-11,NEG-008,hTDP43,WT-A90V-G287S-G294A-A315T-M337V,m,41d,002-converte
4.98,587.52,41,1.367,5,2024-03-11,NEG-008,hTDP43,WT-A90V-G287S-G294A-A315T-M337V,m,41d,002-converte
2.84,600.48,41,1.367,5,2024-03-11,NEG-008,hTDP43,WT-A90V-G287S-G294A-A315T-M337V,m,41d,002-converte
4.99,587.32,42,1.4,5,2024-03-11,NEG-008,hTDP43,WT-A90V-G287S-G294A-A315T-M337V,m,41d,002-converte
3.34,600.42,42,1.4,5,2024-03-11,NEG-008,hTDP43,WT-A90V-G287S-G294A-A315T-M337V,m,41d,002-converte
5.1,587.18,43,1.433,5,2024-03-11,NEG-008,hTDP43,WT-A90V-G287S-G294A-A315T-M337V,m,41d,002-converte
3.5,601.25,43,1.433,5,2024-03-11,NEG-008,hTDP43,WT-A90V-G287S-G294A-A315T-M337V,m,41d,002-converte
5.08,587.18,44,1.467,5,2024-03-11,NEG-008,hTDP43,WT-A90V-G287S-G294A-A315T-M337V,m,41d,002-converte
3.6,602.22,44,1.467,5,2024-03-11,NEG-008,hTDP43,WT-A90V-G287S-G294A-A315T-M337V,m,41d,002-converte
5.09,587.18,45,1.5,5,2024-03-11,NEG-008,hTDP43,WT-A90V-G287S-G294A-A315T-M337V,m,41d,002-converte
4.22,603.39,45,1.5,5,2024-03-11,NEG-008,hTDP43,WT-A90V-G287S-G294A-A315T-M337V,m,41d,002-converte
5.08,587.14,46,1.533,5,2024-03-11,NEG-008,hTDP43,WT-A90V-G287S-G294A-A315T-M337V,m,41d,002-converte
3.14,601.09,46,1.533,5,2024-03-11,NEG-008,hTDP43,WT-A90V-G287S-G294A-A315T-M337V,m,41d,002-converte
4.95,587.64,47,1.567,5,2024-03-11,NEG-008,hTDP43,WT-A90V-G287S-G294A-A315T-M337V,m,41d,002-converte
3.16,602.4,47,1.567,5,2024-03-11,NEG-008,hTDP43,WT-A90V-G287S-G294A-A315T-M337V,m,41d,002-converte
4.93,587.61,48,1.6,5,2024-03-11,NEG-008,hTDP43,WT-A90V-G287S-G294A-A315T-M337V,m,41d,002-converte
3.14,601.69,48,1.6,5,2024-03-11,NEG-008,hTDP43,WT-A90V-G287S-G294A-A315T-M337V,m,41d,002-converte
4.86,587.59,49,1.633,5,2024-03-11,NEG-008,hTDP43,WT-A90V-G287S-G294A-A315T-M337V,m,41d,002-converte
3.27,599.68,49,1.633,5,2024-03-11,NEG-008,hTDP43,WT-A90V-G287S-G294A-A315T-M337V,m,41d,002-converte
4.79,587.61,50,1.667,5,2024-03-11,NEG-008,hTDP43,WT-A90V-G287S-G294A-A315T-M337V,m,41d,002-converte
3.78,600.04,50,1.667,5,2024-03-11,NEG-008,hTDP43,WT-A90V-G287S-G294A-A315T-M337V,m,41d,002-converte
4.78,587.61,51,1.7,5,2024-03-11,NEG-008,hTDP43,WT-A90V-G287S-G294A-A315T-M337V,m,41d,002-converte
3.24,601.57,51,1.7,5,2024-03-11,NEG-008,hTDP43,WT-A90V-G287S-G294A-A315T-M337V,m,41d,002-converte
4.79,587.6,52,1.733,5,2024-03-11,NEG-008,hTDP43,WT-A90V-G287S-G294A-A315T-M337V,m,41d,002-converte
3.01,601.71,52,1.733,5,2024-03-11,NEG-008,hTDP43,WT-A90V-G287S-G294A-A315T-M337V,m,41d,002-converte
4.83,587.57,53,1.767,5,2024-03-11,NEG-008,hTDP43,WT-A90V-G287S-G294A-A315T-M337V,m,41d,002-converte
3.03,601.48,53,1.767,5,2024-03-11,NEG-008,hTDP43,WT-A90V-G287S-G294A-A315T-M337V,m,41d,002-converte
4.91,587.58,54,1.8,5,2024-03-11,NEG-008,hTDP43,WT-A90V-G287S-G294A-A315T-M337V,m,41d,002-converte
4.76,555.9,54,1.8,5,2024-03-11,NEG-008,hTDP43,WT-A90V-G287S-G294A-A315T-M337V,m,41d,002-converte
3.49,600.65,54,1.8,5,2024-03-11,NEG-008,hTDP43,WT-A90V-G287S-G294A-A315T-M337V,m,41d,002-converte
4.94,587.47,55,1.833,5,2024-03-11,NEG-008,hTDP43,WT-A90V-G287S-G294A-A315T-M337V,m,41d,002-converte
4.75,555.92,55,1.833,5,2024-03-11,NEG-008,hTDP43,WT-A90V-G287S-G294A-A315T-M337V,m,41d,002-converte
2.44,598.73,55,1.833,5,2024-03-11,NEG-008,hTDP43,WT-A90V-G287S-G294A-A315T-M337V,m,41d,002-converte
4.99,587.43,56,1.867,5,2024-03-11,NEG-008,hTDP43,WT-A90V-G287S-G294A-A315T-M337V,m,41d,002-converte
2.43,599.13,56,1.867,5,2024-03-11,NEG-008,hTDP43,WT-A90V-G287S-G294A-A315T-M337V,m,41d,002-converte
5.0,587.4,57,1.9,5,2024-03-11,NEG-008,hTDP43,WT-A90V-G287S-G294A-A315T-M337V,m,41d,002-converte
2.6,599.28,57,1.9,5,2024-03-11,NEG-008,hTDP43,WT-A90V-G287S-G294A-A315T-M337V,m,41d,002-converte
5.01,587.42,58,1.933,5,2024-03-11,NEG-008,hTDP43,WT-A90V-G287S-G294A-A315T-M337V,m,41d,002-converte
2.65,599.76,58,1.933,5,2024-03-11,NEG-008,hTDP43,WT-A90V-G287S-G294A-A315T-M337V,m,41d,002-converte
5.0,587.46,59,1.967,5,2024-03-11,NEG-008,hTDP43,WT-A90V-G287S-G294A-A315T-M337V,m,41d,002-converte
2.35,599.74,59,1.967,5,2024-03-11,NEG-008,hTDP43,WT-A90V-G287S-G294A-A315T-M337V,m,41d,002-converte
4.99,587.49,60,2.0,5,2024-03-11,NEG-008,hTDP43,WT-A90V-G287S-G294A-A315T-M337V,m,41d,002-converte
2.49,599.01,60,2.0,5,2024-03-11,NEG-008,hTDP43,WT-A90V-G287S-G294A-A315T-M337V,m,41d,002-converte
5.0,587.5,61,2.033,5,2024-03-11,NEG-008,hTDP43,WT-A90V-G287S-G294A-A315T-M337V,m,41d,002-converte
4.83,555.29,61,2.033,5,2024-03-11,NEG-008,hTDP43,WT-A90V-G287S-G294A-A315T-M337V,m,41d,002-converte
2.36,597.76,61,2.033,5,2024-03-11,NEG-008,hTDP43,WT-A90V-G287S-G294A-A315T-M337V,m,41d,002-converte
5.0,587.51,62,2.067,5,2024-03-11,NEG-008,hTDP43,WT-A90V-G287S-G294A-A315T-M337V,m,41d,002-converte
4.85,555.12,62,2.067,5,2024-03-11,NEG-008,hTDP43,WT-A90V-G287S-G294A-A315T-M337V,m,41d,002-converte
2.12,596.72,62,2.067,5,2024-03-11,NEG-008,hTDP43,WT-A90V-G287S-G294A-A315T-M337V,m,41d,002-converte
5.0,587.5,63,2.1,5,2024-03-11,NEG-008,hTDP43,WT-A90V-G287S-G294A-A315T-M337V,m,41d,002-converte
4.85,555.13,63,2.1,5,2024-03-11,NEG-008,hTDP43,WT-A90V-G287S-G294A-A315T-M337V,m,41d,002-converte
2.12,596.72,63,2.1,5,2024-03-11,NEG-008,hTDP43,WT-A90V-G287S-G294A-A315T-M337V,m,41d,002-converte
5.02,587.56,64,2.133,5,2024-03-11,NEG-008,hTDP43,WT-A90V-G287S-G294A-A315T-M337V,m,41d,002-converte
4.85,555.14,64,2.133,5,2024-03-11,NEG-008,hTDP43,WT-A90V-G287S-G294A-A315T-M337V,m,41d,002-converte
2.55,599.1,64,2.133,5,2024-03-11,NEG-008,hTDP43,WT-A90V-G287S-G294A-A315T-M337V,m,41d,002-converte
5.09,587.78,65,2.167,5,2024-03-11,NEG-008,hTDP43,WT-A90V-G287S-G294A-A315T-M337V,m,41d,002-converte
4.86,555.15,65,2.167,5,2024-03-11,NEG-008,hTDP43,WT-A90V-G287S-G294A-A315T-M337V,m,41d,002-converte
2.49,598.85,65,2.167,5,2024-03-11,NEG-008,hTDP43,WT-A90V-G287S-G294A-A315T-M337V,m,41d,002-converte
5.36,588.46,66,2.2,5,2024-03-11,NEG-008,hTDP43,WT-A90V-G287S-G294A-A315T-M337V,m,41d,002-converte
4.86,555.16,66,2.2,5,2024-03-11,NEG-008,hTDP43,WT-A90V-G287S-G294A-A315T-M337V,m,41d,002-converte
2.48,598.87,66,2.2,5,2024-03-11,NEG-008,hTDP43,WT-A90V-G287S-G294A-A315T-M337V,m,41d,002-converte
5.31,588.17,67,2.233,5,2024-03-11,NEG-008,hTDP43,WT-A90V-G287S-G294A-A315T-M337V,m,41d,002-converte
4.86,555.15,67,2.233,5,2024-03-11,NEG-008,hTDP43,WT-A90V-G287S-G294A-A315T-M337V,m,41d,002-converte
2.49,597.54,67,2.233,5,2024-03-11,NEG-008,hTDP43,WT-A90V-G287S-G294A-A315T-M337V,m,41d,002-converte
5.05,587.53,68,2.267,5,2024-03-11,NEG-008,hTDP43,WT-A90V-G287S-G294A-A315T-M337V,m,41d,002-converte
4.86,555.13,68,2.267,5,2024-03-11,NEG-008,hTDP43,WT-A90V-G287S-G294A-A315T-M337V,m,41d,002-converte
1.98,596.59,68,2.267,5,2024-03-11,NEG-008,hTDP43,WT-A90V-G287S-G294A-A315T-M337V,m,41d,002-converte
5.04,587.55,69,2.3,5,2024-03-11,NEG-008,hTDP43,WT-A90V-G287S-G294A-A315T-M337V,m,41d,002-converte
4.85,555.11,69,2.3,5,2024-03-11,NEG-008,hTDP43,WT-A90V-G287S-G294A-A315T-M337V,m,41d,002-converte
2.04,596.81,69,2.3,5,2024-03-11,NEG-008,hTDP43,WT-A90V-G287S-G294A-A315T-M337V,m,41d,002-converte
5.03,587.59,70,2.333,5,2024-03-11,NEG-008,hTDP43,WT-A90V-G287S-G294A-A315T-M337V,m,41d,002-converte
4.85,555.1,70,2.333,5,2024-03-11,NEG-008,hTDP43,WT-A90V-G287S-G294A-A315T-M337V,m,41d,002-converte
2.1,597.03,70,2.333,5,2024-03-11,NEG-008,hTDP43,WT-A90V-G287S-G294A-A315T-M337V,m,41d,002-converte
5.06,587.67,71,2.367,5,2024-03-11,NEG-008,hTDP43,WT-A90V-G287S-G294A-A315T-M337V,m,41d,002-converte
4.84,555.06,71,2.367,5,2024-03-11,NEG-008,hTDP43,WT-A90V-G287S-G294A-A315T-M337V,m,41d,002-converte
2.15,596.74,71,2.367,5,2024-03-11,NEG-008,hTDP43,WT-A90V-G287S-G294A-A315T-M337V,m,41d,002-converte
5.06,588.08,72,2.4,5,2024-03-11,NEG-008,hTDP43,WT-A90V-G287S-G294A-A315T-M337V,m,41d,002-converte
4.83,555.03,72,2.4,5,2024-03-11,NEG-008,hTDP43,WT-A90V-G287S-G294A-A315T-M337V,m,41d,002-converte
2.91,596.82,72,2.4,5,2024-03-11,NEG-008,hTDP43,WT-A90V-G287S-G294A-A315T-M337V,m,41d,002-converte
5.28,588.64,73,2.433,5,2024-03-11,NEG-008,hTDP43,WT-A90V-G287S-G294A-A315T-M337V,m,41d,002-converte
4.83,554.96,73,2.433,5,2024-03-11,NEG-008,hTDP43,WT-A90V-G287S-G294A-A315T-M337V,m,41d,002-converte
3.08,598.08,73,2.433,5,2024-03-11,NEG-008,hTDP43,WT-A90V-G287S-G294A-A315T-M337V,m,41d,002-converte
5.26,588.54,74,2.467,5,2024-03-11,NEG-008,hTDP43,WT-A90V-G287S-G294A-A315T-M337V,m,41d,002-converte
4.82,554.91,74,2.467,5,2024-03-11,NEG-008,hTDP43,WT-A90V-G287S-G294A-A315T-M337V,m,41d,002-converte
2.6,599.55,74,2.467,5,2024-03-11,NEG-008,hTDP43,WT-A90V-G287S-G294A-A315T-M337V,m,41d,002-converte
5.27,588.54,75,2.5,5,2024-03-11,NEG-008,hTDP43,WT-A90V-G287S-G294A-A315T-M337V,m,41d,002-converte
4.84,554.95,75,2.5,5,2024-03-11,NEG-008,hTDP43,WT-A90V-G287S-G294A-A315T-M337V,m,41d,002-converte
2.75,600.05,75,2.5,5,2024-03-11,NEG-008,hTDP43,WT-A90V-G287S-G294A-A315T-M337V,m,41d,002-converte
5.19,587.99,76,2.533,5,2024-03-11,NEG-008,hTDP43,WT-A90V-G287S-G294A-A315T-M337V,m,41d,002-converte
4.87,555.01,76,2.533,5,2024-03-11,NEG-008,hTDP43,WT-A90V-G287S-G294A-A315T-M337V,m,41d,002-converte
2.92,598.93,76,2.533,5,2024-03-11,NEG-008,hTDP43,WT-A90V-G287S-G294A-A315T-M337V,m,41d,002-converte
5.23,588.52,77,2.567,5,2024-03-11,NEG-008,hTDP43,WT-A90V-G287S-G294A-A315T-M337V,m,41d,002-converte
4.9,555.07,77,2.567,5,2024-03-11,NEG-008,hTDP43,WT-A90V-G287S-G294A-A315T-M337V,m,41d,002-converte
3.03,598.75,77,2.567,5,2024-03-11,NEG-008,hTDP43,WT-A90V-G287S-G294A-A315T-M337V,m,41d,002-converte
5.28,588.82,78,2.6,5,2024-03-11,NEG-008,hTDP43,WT-A90V-G287S-G294A-A315T-M337V,m,41d,002-converte
4.93,555.1,78,2.6,5,2024-03-11,NEG-008,hTDP43,WT-A90V-G287S-G294A-A315T-M337V,m,41d,002-converte
3.73,601.25,78,2.6,5,2024-03-11,NEG-008,hTDP43,WT-A90V-G287S-G294A-A315T-M337V,m,41d,002-converte
5.23,588.18,79,2.633,5,2024-03-11,NEG-008,hTDP43,WT-A90V-G287S-G294A-A315T-M337V,m,41d,002-converte
4.93,555.1,79,2.633,5,2024-03-11,NEG-008,hTDP43,WT-A90V-G287S-G294A-A315T-M337V,m,41d,002-converte
3.97,602.28,79,2.633,5,2024-03-11,NEG-008,hTDP43,WT-A90V-G287S-G294A-A315T-M337V,m,41d,002-converte
5.23,587.95,80,2.667,5,2024-03-11,NEG-008,hTDP43,WT-A90V-G287S-G294A-A315T-M337V,m,41d,002-converte
4.5,603.19,80,2.667,5,2024-03-11,NEG-008,hTDP43,WT-A90V-G287S-G294A-A315T-M337V,m,41d,002-converte
5.24,588.07,81,2.7,5,2024-03-11,NEG-008,hTDP43,WT-A90V-G287S-G294A-A315T-M337V,m,41d,002-converte
4.63,605.74,81,2.7,5,2024-03-11,NEG-008,hTDP43,WT-A90V-G287S-G294A-A315T-M337V,m,41d,002-converte
5.27,587.99,82,2.733,5,2024-03-11,NEG-008,hTDP43,WT-A90V-G287S-G294A-A315T-M337V,m,41d,002-converte
4.98,605.53,82,2.733,5,2024-03-11,NEG-008,hTDP43,WT-A90V-G287S-G294A-A315T-M337V,m,41d,002-converte
5.55,588.31,83,2.767,5,2024-03-11,NEG-008,hTDP43,WT-A90V-G287S-G294A-A315T-M337V,m,41d,002-converte
4.96,606.14,83,2.767,5,2024-03-11,NEG-008,hTDP43,WT-A90V-G287S-G294A-A315T-M337V,m,41d,002-converte
5.26,588.16,84,2.8,5,2024-03-11,NEG-008,hTDP43,WT-A90V-G287S-G294A-A315T-M337V,m,41d,002-converte
4.54,606.88,84,2.8,5,2024-03-11,NEG-008,hTDP43,WT-A90V-G287S-G294A-A315T-M337V,m,41d,002-converte
5.28,587.9,85,2.833,5,2024-03-11,NEG-008,hTDP43,WT-A90V-G287S-G294A-A315T-M337V,m,41d,002-converte
4.49,607.07,85,2.833,5,2024-03-11,NEG-008,hTDP43,WT-A90V-G287S-G294A-A315T-M337V,m,41d,002-converte
5.3,587.71,86,2.867,5,2024-03-11,NEG-008,hTDP43,WT-A90V-G287S-G294A-A315T-M337V,m,41d,002-converte
4.5,607.13,86,2.867,5,2024-03-11,NEG-008,hTDP43,WT-A90V-G287S-G294A-A315T-M337V,m,41d,002-converte
5.27,587.6,87,2.9,5,2024-03-11,NEG-008,hTDP43,WT-A90V-G287S-G294A-A315T-M337V,m,41d,002-converte
4.29,607.19,87,2.9,5,2024-03-11,NEG-008,hTDP43,WT-A90V-G287S-G294A-A315T-M337V,m,41d,002-converte
4.31,607.06,88,2.933,5,2024-03-11,NEG-008,hTDP43,WT-A90V-G287S-G294A-A315T-M337V,m,41d,002-converte
4.35,606.93,89,2.967,5,2024-03-11,NEG-008,hTDP43,WT-A90V-G287S-G294A-A315T-M337V,m,41d,002-converte
4.42,607.07,90,3.0,5,2024-03-11,NEG-008,hTDP43,WT-A90V-G287S-G294A-A315T-M337V,m,41d,002-converte
5.31,587.46,91,3.033,5,2024-03-11,NEG-008,hTDP43,WT-A90V-G287S-G294A-A315T-M337V,m,41d,002-converte
4.52,607.28,91,3.033,5,2024-03-11,NEG-008,hTDP43,WT-A90V-G287S-G294A-A315T-M337V,m,41d,002-converte
4.94,560.84,92,3.067,5,2024-03-11,NEG-008,hTDP43,WT-A90V-G287S-G294A-A315T-M337V,m,41d,002-converte
4.52,607.28,92,3.067,5,2024-03-11,NEG-008,hTDP43,WT-A90V-G287S-G294A-A315T-M337V,m,41d,002-converte
4.94,560.83,93,3.1,5,2024-03-11,NEG-008,hTDP43,WT-A90V-G287S-G294A-A315T-M337V,m,41d,002-converte
4.51,607.29,93,3.1,5,2024-03-11,NEG-008,hTDP43,WT-A90V-G287S-G294A-A315T-M337V,m,41d,002-converte
4.94,560.84,94,3.133,5,2024-03-11,NEG-008,hTDP43,WT-A90V-G287S-G294A-A315T-M337V,m,41d,002-converte
4.51,607.24,94,3.133,5,2024-03-11,NEG-008,hTDP43,WT-A90V-G287S-G294A-A315T-M337V,m,41d,002-converte
4.93,560.82,95,3.167,5,2024-03-11,NEG-008,hTDP43,WT-A90V-G287S-G294A-A315T-M337V,m,41d,002-converte
4.48,607.23,95,3.167,5,2024-03-11,NEG-008,hTDP43,WT-A90V-G287S-G294A-A315T-M337V,m,41d,002-converte
4.93,560.85,96,3.2,5,2024-03-11,NEG-008,hTDP43,WT-A90V-G287S-G294A-A315T-M337V,m,41d,002-converte
4.4,606.98,96,3.2,5,2024-03-11,NEG-008,hTDP43,WT-A90V-G287S-G294A-A315T-M337V,m,41d,002-converte
4.99,560.83,97,3.233,5,2024-03-11,NEG-008,hTDP43,WT-A90V-G287S-G294A-A315T-M337V,m,41d,002-converte
4.39,606.97,97,3.233,5,2024-03-11,NEG-008,hTDP43,WT-A90V-G287S-G294A-A315T-M337V,m,41d,002-converte
5.04,560.81,98,3.267,5,2024-03-11,NEG-008,hTDP43,WT-A90V-G287S-G294A-A315T-M337V,m,41d,002-converte
4.4,606.85,98,3.267,5,2024-03-11,NEG-008,hTDP43,WT-A90V-G287S-G294A-A315T-M337V,m,41d,002-converte
5.08,560.81,99,3.3,5,2024-03-11,NEG-008,hTDP43,WT-A90V-G287S-G294A-A315T-M337V,m,41d,002-converte
4.4,606.85,99,3.3,5,2024-03-11,NEG-008,hTDP43,WT-A90V-G287S-G294A-A315T-M337V,m,41d,002-converte
5.15,560.81,100,3.333,5,2024-03-11,NEG-008,hTDP43,WT-A90V-G287S-G294A-A315T-M337V,m,41d,002-converte
4.57,606.93,100,3.333,5,2024-03-11,NEG-008,hTDP43,WT-A90V-G287S-G294A-A315T-M337V,m,41d,002-converte
5.16,560.81,101,3.367,5,2024-03-11,NEG-008,hTDP43,WT-A90V-G287S-G294A-A315T-M337V,m,41d,002-converte
4.6,606.9,101,3.367,5,2024-03-11,NEG-008,hTDP43,WT-A90V-G287S-G294A-A315T-M337V,m,41d,002-converte
5.16,560.81,102,3.4,5,2024-03-11,NEG-008,hTDP43,WT-A90V-G287S-G294A-A315T-M337V,m,41d,002-converte
4.64,606.86,102,3.4,5,2024-03-11,NEG-008,hTDP43,WT-A90V-G287S-G294A-A315T-M337V,m,41d,002-converte
28.32,579.73,103,3.433,5,2024-03-11,NEG-008,hTDP43,WT-A90V-G287S-G294A-A315T-M337V,m,41d,002-converte
5.16,560.8,103,3.433,5,2024-03-11,NEG-008,hTDP43,WT-A90V-G287S-G294A-A315T-M337V,m,41d,002-converte
4.65,607.31,103,3.433,5,2024-03-11,NEG-008,hTDP43,WT-A90V-G287S-G294A-A315T-M337V,m,41d,002-converte
65.25,568.35,104,3.467,5,2024-03-11,NEG-008,hTDP43,WT-A90V-G287S-G294A-A315T-M337V,m,41d,002-converte
5.15,560.81,104,3.467,5,2024-03-11,NEG-008,hTDP43,WT-A90V-G287S-G294A-A315T-M337V,m,41d,002-converte
3.29,607.15,104,3.467,5,2024-03-11,NEG-008,hTDP43,WT-A90V-G287S-G294A-A315T-M337V,m,41d,002-converte
83.43,555.22,105,3.5,5,2024-03-11,NEG-008,hTDP43,WT-A90V-G287S-G294A-A315T-M337V,m,41d,002-converte
5.16,560.81,105,3.5,5,2024-03-11,NEG-008,hTDP43,WT-A90V-G287S-G294A-A315T-M337V,m,41d,002-converte
3.18,607.09,105,3.5,5,2024-03-11,NEG-008,hTDP43,WT-A90V-G287S-G294A-A315T-M337V,m,41d,002-converte
69.34,541.72,106,3.533,5,2024-03-11,NEG-008,hTDP43,WT-A90V-G287S-G294A-A315T-M337V,m,41d,002-converte
5.16,560.81,106,3.533,5,2024-03-11,NEG-008,hTDP43,WT-A90V-G287S-G294A-A315T-M337V,m,41d,002-converte
3.7,607.46,106,3.533,5,2024-03-11,NEG-008,hTDP43,WT-A90V-G287S-G294A-A315T-M337V,m,41d,002-converte
43.42,559.18,107,3.567,5,2024-03-11,NEG-008,hTDP43,WT-A90V-G287S-G294A-A315T-M337V,m,41d,002-converte
5.17,560.82,107,3.567,5,2024-03-11,NEG-008,hTDP43,WT-A90V-G287S-G294A-A315T-M337V,m,41d,002-converte
3.28,607.12,107,3.567,5,2024-03-11,NEG-008,hTDP43,WT-A90V-G287S-G294A-A315T-M337V,m,41d,002-converte
10.45,570.93,108,3.6,5,2024-03-11,NEG-008,hTDP43,WT-A90V-G287S-G294A-A315T-M337V,m,41d,002-converte
5.28,560.85,108,3.6,5,2024-03-11,NEG-008,hTDP43,WT-A90V-G287S-G294A-A315T-M337V,m,41d,002-converte
3.17,607.1,108,3.6,5,2024-03-11,NEG-008,hTDP43,WT-A90V-G287S-G294A-A315T-M337V,m,41d,002-converte
3.21,567.34,109,3.633,5,2024-03-11,NEG-008,hTDP43,WT-A90V-G287S-G294A-A315T-M337V,m,41d,002-converte
3.15,607.1,109,3.633,5,2024-03-11,NEG-008,hTDP43,WT-A90V-G287S-G294A-A315T-M337V,m,41d,002-converte
4.11,567.51,110,3.667,5,2024-03-11,NEG-008,hTDP43,WT-A90V-G287S-G294A-A315T-M337V,m,41d,002-converte
3.13,607.11,110,3.667,5,2024-03-11,NEG-008,hTDP43,WT-A90V-G287S-G294A-A315T-M337V,m,41d,002-converte
5.31,560.85,111,3.7,5,2024-03-11,NEG-008,hTDP43,WT-A90V-G287S-G294A-A315T-M337V,m,41d,002-converte
3.12,607.09,111,3.7,5,2024-03-11,NEG-008,hTDP43,WT-A90V-G287S-G294A-A315T-M337V,m,41d,002-converte
2.58,568.92,111,3.7,5,2024-03-11,NEG-008,hTDP43,WT-A90V-G287S-G294A-A315T-M337V,m,41d,002-converte
5.31,560.85,112,3.733,5,2024-03-11,NEG-008,hTDP43,WT-A90V-G287S-G294A-A315T-M337V,m,41d,002-converte
3.07,607.06,112,3.733,5,2024-03-11,NEG-008,hTDP43,WT-A90V-G287S-G294A-A315T-M337V,m,41d,002-converte
2.2,569.85,112,3.733,5,2024-03-11,NEG-008,hTDP43,WT-A90V-G287S-G294A-A315T-M337V,m,41d,002-converte
5.32,560.85,113,3.767,5,2024-03-11,NEG-008,hTDP43,WT-A90V-G287S-G294A-A315T-M337V,m,41d,002-converte
2.96,606.89,113,3.767,5,2024-03-11,NEG-008,hTDP43,WT-A90V-G287S-G294A-A315T-M337V,m,41d,002-converte
2.1,569.45,113,3.767,5,2024-03-11,NEG-008,hTDP43,WT-A90V-G287S-G294A-A315T-M337V,m,41d,002-converte
5.3,560.85,114,3.8,5,2024-03-11,NEG-008,hTDP43,WT-A90V-G287S-G294A-A315T-M337V,m,41d,002-converte
2.93,606.92,114,3.8,5,2024-03-11,NEG-008,hTDP43,WT-A90V-G287S-G294A-A315T-M337V,m,41d,002-converte
2.11,569.45,114,3.8,5,2024-03-11,NEG-008,hTDP43,WT-A90V-G287S-G294A-A315T-M337V,m,41d,002-converte
5.29,560.85,115,3.833,5,2024-03-11,NEG-008,hTDP43,WT-A90V-G287S-G294A-A315T-M337V,m,41d,002-converte
2.65,607.23,115,3.833,5,2024-03-11,NEG-008,hTDP43,WT-A90V-G287S-G294A-A315T-M337V,m,41d,002-converte
2.07,569.28,115,3.833,5,2024-03-11,NEG-008,hTDP43,WT-A90V-G287S-G294A-A315T-M337V,m,41d,002-converte
5.29,560.86,116,3.867,5,2024-03-11,NEG-008,hTDP43,WT-A90V-G287S-G294A-A315T-M337V,m,41d,002-converte
2.65,607.23,116,3.867,5,2024-03-11,NEG-008,hTDP43,WT-A90V-G287S-G294A-A315T-M337V,m,41d,002-converte
2.03,569.14,116,3.867,5,2024-03-11,NEG-008,hTDP43,WT-A90V-G287S-G294A-A315T-M337V,m,41d,002-converte
5.3,560.85,117,3.9,5,2024-03-11,NEG-008,hTDP43,WT-A90V-G287S-G294A-A315T-M337V,m,41d,002-converte
3.11,607.15,117,3.9,5,2024-03-11,NEG-008,hTDP43,WT-A90V-G287S-G294A-A315T-M337V,m,41d,002-converte
2.03,569.14,117,3.9,5,2024-03-11,NEG-008,hTDP43,WT-A90V-G287S-G294A-A315T-M337V,m,41d,002-converte
5.46,560.9,118,3.933,5,2024-03-11,NEG-008,hTDP43,WT-A90V-G287S-G294A-A315T-M337V,m,41d,002-converte
3.61,607.1,118,3.933,5,2024-03-11,NEG-008,hTDP43,WT-A90V-G287S-G294A-A315T-M337V,m,41d,002-converte
2.03,569.15,118,3.933,5,2024-03-11,NEG-008,hTDP43,WT-A90V-G287S-G294A-A315T-M337V,m,41d,002-converte
5.53,560.91,119,3.967,5,2024-03-11,NEG-008,hTDP43,WT-A90V-G287S-G294A-A315T-M337V,m,41d,002-converte
5.04,605.68,119,3.967,5,2024-03-11,NEG-008,hTDP43,WT-A90V-G287S-G294A-A315T-M337V,m,41d,002-converte
2.04,569.15,119,3.967,5,2024-03-11,NEG-008,hTDP43,WT-A90V-G287S-G294A-A315T-M337V,m,41d,002-converte
5.58,560.92,120,4.0,5,2024-03-11,NEG-008,hTDP43,WT-A90V-G287S-G294A-A315T-M337V,m,41d,002-converte
4.65,603.09,120,4.0,5,2024-03-11,NEG-008,hTDP43,WT-A90V-G287S-G294A-A315T-M337V,m,41d,002-converte
2.03,569.15,120,4.0,5,2024-03-11,NEG-008,hTDP43,WT-A90V-G287S-G294A-A315T-M337V,m,41d,002-converte
5.66,560.92,121,4.033,5,2024-03-11,NEG-008,hTDP43,WT-A90V-G287S-G294A-A315T-M337V,m,41d,002-converte
2.68,602.64,121,4.033,5,2024-03-11,NEG-008,hTDP43,WT-A90V-G287S-G294A-A315T-M337V,m,41d,002-converte
1.99,569.14,121,4.033,5,2024-03-11,NEG-008,hTDP43,WT-A90V-G287S-G294A-A315T-M337V,m,41d,002-converte
5.73,560.9,122,4.067,5,2024-03-11,NEG-008,hTDP43,WT-A90V-G287S-G294A-A315T-M337V,m,41d,002-converte
3.13,602.13,122,4.067,5,2024-03-11,NEG-008,hTDP43,WT-A90V-G287S-G294A-A315T-M337V,m,41d,002-converte
1.94,569.14,122,4.067,5,2024-03-11,NEG-008,hTDP43,WT-A90V-G287S-G294A-A315T-M337V,m,41d,002-converte
5.8,560.88,123,4.1,5,2024-03-11,NEG-008,hTDP43,WT-A90V-G287S-G294A-A315T-M337V,m,41d,002-converte
3.06,602.14,123,4.1,5,2024-03-11,NEG-008,hTDP43,WT-A90V-G287S-G294A-A315T-M337V,m,41d,002-converte
1.89,569.13,123,4.1,5,2024-03-11,NEG-008,hTDP43,WT-A90V-G287S-G294A-A315T-M337V,m,41d,002-converte
5.82,560.79,124,4.133,5,2024-03-11,NEG-008,hTDP43,WT-A90V-G287S-G294A-A315T-M337V,m,41d,002-converte
3.12,601.17,124,4.133,5,2024-03-11,NEG-008,hTDP43,WT-A90V-G287S-G294A-A315T-M337V,m,41d,002-converte
1.83,569.16,124,4.133,5,2024-03-11,NEG-008,hTDP43,WT-A90V-G287S-G294A-A315T-M337V,m,41d,002-converte
5.81,560.79,125,4.167,5,2024-03-11,NEG-008,hTDP43,WT-A90V-G287S-G294A-A315T-M337V,m,41d,002-converte
2.93,602.24,125,4.167,5,2024-03-11,NEG-008,hTDP43,WT-A90V-G287S-G294A-A315T-M337V,m,41d,002-converte
1.82,569.16,125,4.167,5,2024-03-11,NEG-008,hTDP43,WT-A90V-G287S-G294A-A315T-M337V,m,41d,002-converte
5.83,560.66,126,4.2,5,2024-03-11,NEG-008,hTDP43,WT-A90V-G287S-G294A-A315T-M337V,m,41d,002-converte
3.29,601.83,126,4.2,5,2024-03-11,NEG-008,hTDP43,WT-A90V-G287S-G294A-A315T-M337V,m,41d,002-converte
1.77,569.19,126,4.2,5,2024-03-11,NEG-008,hTDP43,WT-A90V-G287S-G294A-A315T-M337V,m,41d,002-converte
5.82,560.67,127,4.233,5,2024-03-11,NEG-008,hTDP43,WT-A90V-G287S-G294A-A315T-M337V,m,41d,002-converte
3.62,600.75,127,4.233,5,2024-03-11,NEG-008,hTDP43,WT-A90V-G287S-G294A-A315T-M337V,m,41d,002-converte
1.77,569.19,127,4.233,5,2024-03-11,NEG-008,hTDP43,WT-A90V-G287S-G294A-A315T-M337V,m,41d,002-converte
3.51,601.33,128,4.267,5,2024-03-11,NEG-008,hTDP43,WT-A90V-G287S-G294A-A315T-M337V,m,41d,002-converte
1.77,569.19,128,4.267,5,2024-03-11,NEG-008,hTDP43,WT-A90V-G287S-G294A-A315T-M337V,m,41d,002-converte
2.72,601.94,129,4.3,5,2024-03-11,NEG-008,hTDP43,WT-A90V-G287S-G294A-A315T-M337V,m,41d,002-converte
1.76,569.19,129,4.3,5,2024-03-11,NEG-008,hTDP43,WT-A90V-G287S-G294A-A315T-M337V,m,41d,002-converte
2.61,602.55,130,4.333,5,2024-03-11,NEG-008,hTDP43,WT-A90V-G287S-G294A-A315T-M337V,m,41d,002-converte
1.77,569.19,130,4.333,5,2024-03-11,NEG-008,hTDP43,WT-A90V-G287S-G294A-A315T-M337V,m,41d,002-converte
3.39,602.14,131,4.367,5,2024-03-11,NEG-008,hTDP43,WT-A90V-G287S-G294A-A315T-M337V,m,41d,002-converte
1.77,569.19,131,4.367,5,2024-03-11,NEG-008,hTDP43,WT-A90V-G287S-G294A-A315T-M337V,m,41d,002-converte
3.38,602.79,132,4.4,5,2024-03-11,NEG-008,hTDP43,WT-A90V-G287S-G294A-A315T-M337V,m,41d,002-converte
1.76,569.19,132,4.4,5,2024-03-11,NEG-008,hTDP43,WT-A90V-G287S-G294A-A315T-M337V,m,41d,002-converte
3.99,604.01,133,4.433,5,2024-03-11,NEG-008,hTDP43,WT-A90V-G287S-G294A-A315T-M337V,m,41d,002-converte
1.75,569.17,133,4.433,5,2024-03-11,NEG-008,hTDP43,WT-A90V-G287S-G294A-A315T-M337V,m,41d,002-converte
3.1,603.81,134,4.467,5,2024-03-11,NEG-008,hTDP43,WT-A90V-G287S-G294A-A315T-M337V,m,41d,002-converte
1.75,569.17,134,4.467,5,2024-03-11,NEG-008,hTDP43,WT-A90V-G287S-G294A-A315T-M337V,m,41d,002-converte
6.53,560.03,135,4.5,5,2024-03-11,NEG-008,hTDP43,WT-A90V-G287S-G294A-A315T-M337V,m,41d,002-converte
4.63,603.84,135,4.5,5,2024-03-11,NEG-008,hTDP43,WT-A90V-G287S-G294A-A315T-M337V,m,41d,002-converte
1.74,569.16,135,4.5,5,2024-03-11,NEG-008,hTDP43,WT-A90V-G287S-G294A-A315T-M337V,m,41d,002-converte
6.61,559.93,136,4.533,5,2024-03-11,NEG-008,hTDP43,WT-A90V-G287S-G294A-A315T-M337V,m,41d,002-converte
4.25,605.07,136,4.533,5,2024-03-11,NEG-008,hTDP43,WT-A90V-G287S-G294A-A315T-M337V,m,41d,002-converte
1.74,569.16,136,4.533,5,2024-03-11,NEG-008,hTDP43,WT-A90V-G287S-G294A-A315T-M337V,m,41d,002-converte
6.66,559.85,137,4.567,5,2024-03-11,NEG-008,hTDP43,WT-A90V-G287S-G294A-A315T-M337V,m,41d,002-converte
2.82,605.25,137,4.567,5,2024-03-11,NEG-008,hTDP43,WT-A90V-G287S-G294A-A315T-M337V,m,41d,002-converte
1.74,569.16,137,4.567,5,2024-03-11,NEG-008,hTDP43,WT-A90V-G287S-G294A-A315T-M337V,m,41d,002-converte
6.72,559.77,138,4.6,5,2024-03-11,NEG-008,hTDP43,WT-A90V-G287S-G294A-A315T-M337V,m,41d,002-converte
2.92,605.21,138,4.6,5,2024-03-11,NEG-008,hTDP43,WT-A90V-G287S-G294A-A315T-M337V,m,41d,002-converte
1.73,569.16,138,4.6,5,2024-03-11,NEG-008,hTDP43,WT-A90V-G287S-G294A-A315T-M337V,m,41d,002-converte
6.75,559.69,139,4.633,5,2024-03-11,NEG-008,hTDP43,WT-A90V-G287S-G294A-A315T-M337V,m,41d,002-converte
5.12,590.15,139,4.633,5,2024-03-11,NEG-008,hTDP43,WT-A90V-G287S-G294A-A315T-M337V,m,41d,002-converte
3.02,605.18,139,4.633,5,2024-03-11,NEG-008,hTDP43,WT-A90V-G287S-G294A-A315T-M337V,m,41d,002-converte
1.73,569.15,139,4.633,5,2024-03-11,NEG-008,hTDP43,WT-A90V-G287S-G294A-A315T-M337V,m,41d,002-converte
6.77,559.65,140,4.667,5,2024-03-11,NEG-008,hTDP43,WT-A90V-G287S-G294A-A315T-M337V,m,41d,002-converte
2.99,604.94,140,4.667,5,2024-03-11,NEG-008,hTDP43,WT-A90V-G287S-G294A-A315T-M337V,m,41d,002-converte
1.7,569.17,140,4.667,5,2024-03-11,NEG-008,hTDP43,WT-A90V-G287S-G294A-A315T-M337V,m,41d,002-converte
6.78,559.61,141,4.7,5,2024-03-11,NEG-008,hTDP43,WT-A90V-G287S-G294A-A315T-M337V,m,41d,002-converte
6.22,571.67,141,4.7,5,2024-03-11,NEG-008,hTDP43,WT-A90V-G287S-G294A-A315T-M337V,m,41d,002-converte
2.95,604.57,141,4.7,5,2024-03-11,NEG-008,hTDP43,WT-A90V-G287S-G294A-A315T-M337V,m,41d,002-converte
6.77,559.61,142,4.733,5,2024-03-11,NEG-008,hTDP43,WT-A90V-G287S-G294A-A315T-M337V,m,41d,002-converte
6.22,571.66,142,4.733,5,2024-03-11,NEG-008,hTDP43,WT-A90V-G287S-G294A-A315T-M337V,m,41d,002-converte
2.93,604.5,142,4.733,5,2024-03-11,NEG-008,hTDP43,WT-A90V-G287S-G294A-A315T-M337V,m,41d,002-converte
6.76,559.55,143,4.767,5,2024-03-11,NEG-008,hTDP43,WT-A90V-G287S-G294A-A315T-M337V,m,41d,002-converte
6.28,571.6,143,4.767,5,2024-03-11,NEG-008,hTDP43,WT-A90V-G287S-G294A-A315T-M337V,m,41d,002-converte
2.93,604.5,143,4.767,5,2024-03-11,NEG-008,hTDP43,WT-A90V-G287S-G294A-A315T-M337V,m,41d,002-converte
6.75,559.55,144,4.8,5,2024-03-11,NEG-008,hTDP43,WT-A90V-G287S-G294A-A315T-M337V,m,41d,002-converte
6.26,571.61,144,4.8,5,2024-03-11,NEG-008,hTDP43,WT-A90V-G287S-G294A-A315T-M337V,m,41d,002-converte
2.8,604.37,144,4.8,5,2024-03-11,NEG-008,hTDP43,WT-A90V-G287S-G294A-A315T-M337V,m,41d,002-converte
6.75,559.55,145,4.833,5,2024-03-11,NEG-008,hTDP43,WT-A90V-G287S-G294A-A315T-M337V,m,41d,002-converte
6.23,571.61,145,4.833,5,2024-03-11,NEG-008,hTDP43,WT-A90V-G287S-G294A-A315T-M337V,m,41d,002-converte
2.8,604.37,145,4.833,5,2024-03-11,NEG-008,hTDP43,WT-A90V-G287S-G294A-A315T-M337V,m,41d,002-converte
6.75,559.55,146,4.867,5,2024-03-11,NEG-008,hTDP43,WT-A90V-G287S-G294A-A315T-M337V,m,41d,002-converte
6.23,571.62,146,4.867,5,2024-03-11,NEG-008,hTDP43,WT-A90V-G287S-G294A-A315T-M337V,m,41d,002-converte
2.81,604.37,146,4.867,5,2024-03-11,NEG-008,hTDP43,WT-A90V-G287S-G294A-A315T-M337V,m,41d,002-converte
6.75,559.55,147,4.9,5,2024-03-11,NEG-008,hTDP43,WT-A90V-G287S-G294A-A315T-M337V,m,41d,002-converte
6.44,571.75,147,4.9,5,2024-03-11,NEG-008,hTDP43,WT-A90V-G287S-G294A-A315T-M337V,m,41d,002-converte
2.8,604.37,147,4.9,5,2024-03-11,NEG-008,hTDP43,WT-A90V-G287S-G294A-A315T-M337V,m,41d,002-converte
6.76,559.55,148,4.933,5,2024-03-11,NEG-008,hTDP43,WT-A90V-G287S-G294A-A315T-M337V,m,41d,002-converte
6.37,571.74,148,4.933,5,2024-03-11,NEG-008,hTDP43,WT-A90V-G287S-G294A-A315T-M337V,m,41d,002-converte
2.76,604.36,148,4.933,5,2024-03-11,NEG-008,hTDP43,WT-A90V-G287S-G294A-A315T-M337V,m,41d,002-converte
6.76,559.55,149,4.967,5,2024-03-11,NEG-008,hTDP43,WT-A90V-G287S-G294A-A315T-M337V,m,41d,002-converte
6.32,571.71,149,4.967,5,2024-03-11,NEG-008,hTDP43,WT-A90V-G287S-G294A-A315T-M337V,m,41d,002-converte
2.73,604.35,149,4.967,5,2024-03-11,NEG-008,hTDP43,WT-A90V-G287S-G294A-A315T-M337V,m,41d,002-converte
6.75,559.55,150,5.0,5,2024-03-11,NEG-008,hTDP43,WT-A90V-G287S-G294A-A315T-M337V,m,41d,002-converte
6.32,571.71,150,5.0,5,2024-03-11,NEG-008,hTDP43,WT-A90V-G287S-G294A-A315T-M337V,m,41d,002-converte
2.7,604.33,150,5.0,5,2024-03-11,NEG-008,hTDP43,WT-A90V-G287S-G294A-A315T-M337V,m,41d,002-converte
6.75,559.55,151,5.033,5,2024-03-11,NEG-008,hTDP43,WT-A90V-G287S-G294A-A315T-M337V,m,41d,002-converte
6.32,571.7,151,5.033,5,2024-03-11,NEG-008,hTDP43,WT-A90V-G287S-G294A-A315T-M337V,m,41d,002-converte
2.67,604.32,151,5.033,5,2024-03-11,NEG-008,hTDP43,WT-A90V-G287S-G294A-A315T-M337V,m,41d,002-converte
6.75,559.47,152,5.067,5,2024-03-11,NEG-008,hTDP43,WT-A90V-G287S-G294A-A315T-M337V,m,41d,002-converte
6.35,571.66,152,5.067,5,2024-03-11,NEG-008,hTDP43,WT-A90V-G287S-G294A-A315T-M337V,m,41d,002-converte
2.71,604.33,152,5.067,5,2024-03-11,NEG-008,hTDP43,WT-A90V-G287S-G294A-A315T-M337V,m,41d,002-converte
6.71,559.35,153,5.1,5,2024-03-11,NEG-008,hTDP43,WT-A90V-G287S-G294A-A315T-M337V,m,41d,002-converte
6.37,571.61,153,5.1,5,2024-03-11,NEG-008,hTDP43,WT-A90V-G287S-G294A-A315T-M337V,m,41d,002-converte
2.74,604.34,153,5.1,5,2024-03-11,NEG-008,hTDP43,WT-A90V-G287S-G294A-A315T-M337V,m,41d,002-converte
6.72,559.4,154,5.133,5,2024-03-11,NEG-008,hTDP43,WT-A90V-G287S-G294A-A315T-M337V,m,41d,002-converte
6.36,571.61,154,5.133,5,2024-03-11,NEG-008,hTDP43,WT-A90V-G287S-G294A-A315T-M337V,m,41d,002-converte
2.71,604.31,154,5.133,5,2024-03-11,NEG-008,hTDP43,WT-A90V-G287S-G294A-A315T-M337V,m,41d,002-converte
6.72,559.4,155,5.167,5,2024-03-11,NEG-008,hTDP43,WT-A90V-G287S-G294A-A315T-M337V,m,41d,002-converte
6.36,571.61,155,5.167,5,2024-03-11,NEG-008,hTDP43,WT-A90V-G287S-G294A-A315T-M337V,m,41d,002-converte
2.67,604.27,155,5.167,5,2024-03-11,NEG-008,hTDP43,WT-A90V-G287S-G294A-A315T-M337V,m,41d,002-converte
6.71,559.35,156,5.2,5,2024-03-11,NEG-008,hTDP43,WT-A90V-G287S-G294A-A315T-M337V,m,41d,002-converte
6.34,571.59,156,5.2,5,2024-03-11,NEG-008,hTDP43,WT-A90V-G287S-G294A-A315T-M337V,m,41d,002-converte
2.67,604.26,156,5.2,5,2024-03-11,NEG-008,hTDP43,WT-A90V-G287S-G294A-A315T-M337V,m,41d,002-converte
6.72,559.41,157,5.233,5,2024-03-11,NEG-008,hTDP43,WT-A90V-G287S-G294A-A315T-M337V,m,41d,002-converte
6.33,571.58,157,5.233,5,2024-03-11,NEG-008,hTDP43,WT-A90V-G287S-G294A-A315T-M337V,m,41d,002-converte
2.67,604.26,157,5.233,5,2024-03-11,NEG-008,hTDP43,WT-A90V-G287S-G294A-A315T-M337V,m,41d,002-converte
6.72,559.4,158,5.267,5,2024-03-11,NEG-008,hTDP43,WT-A90V-G287S-G294A-A315T-M337V,m,41d,002-converte
6.31,571.56,158,5.267,5,2024-03-11,NEG-008,hTDP43,WT-A90V-G287S-G294A-A315T-M337V,m,41d,002-converte
2.67,604.26,158,5.267,5,2024-03-11,NEG-008,hTDP43,WT-A90V-G287S-G294A-A315T-M337V,m,41d,002-converte
6.72,559.4,159,5.3,5,2024-03-11,NEG-008,hTDP43,WT-A90V-G287S-G294A-A315T-M337V,m,41d,002-converte
6.32,571.55,159,5.3,5,2024-03-11,NEG-008,hTDP43,WT-A90V-G287S-G294A-A315T-M337V,m,41d,002-converte
2.65,604.27,159,5.3,5,2024-03-11,NEG-008,hTDP43,WT-A90V-G287S-G294A-A315T-M337V,m,41d,002-converte
6.71,559.35,160,5.333,5,2024-03-11,NEG-008,hTDP43,WT-A90V-G287S-G294A-A315T-M337V,m,41d,002-converte
6.31,571.55,160,5.333,5,2024-03-11,NEG-008,hTDP43,WT-A90V-G287S-G294A-A315T-M337V,m,41d,002-converte
2.64,604.25,160,5.333,5,2024-03-11,NEG-008,hTDP43,WT-A90V-G287S-G294A-A315T-M337V,m,41d,002-converte
6.7,559.45,161,5.367,5,2024-03-11,NEG-008,hTDP43,WT-A90V-G287S-G294A-A315T-M337V,m,41d,002-converte
6.52,571.6,161,5.367,5,2024-03-11,NEG-008,hTDP43,WT-A90V-G287S-G294A-A315T-M337V,m,41d,002-converte
2.64,604.25,161,5.367,5,2024-03-11,NEG-008,hTDP43,WT-A90V-G287S-G294A-A315T-M337V,m,41d,002-converte
6.7,559.45,162,5.4,5,2024-03-11,NEG-008,hTDP43,WT-A90V-G287S-G294A-A315T-M337V,m,41d,002-converte
6.51,571.61,162,5.4,5,2024-03-11,NEG-008,hTDP43,WT-A90V-G287S-G294A-A315T-M337V,m,41d,002-converte
2.63,604.24,162,5.4,5,2024-03-11,NEG-008,hTDP43,WT-A90V-G287S-G294A-A315T-M337V,m,41d,002-converte
6.7,559.44,163,5.433,5,2024-03-11,NEG-008,hTDP43,WT-A90V-G287S-G294A-A315T-M337V,m,41d,002-converte
6.51,571.57,163,5.433,5,2024-03-11,NEG-008,hTDP43,WT-A90V-G287S-G294A-A315T-M337V,m,41d,002-converte
2.62,604.23,163,5.433,5,2024-03-11,NEG-008,hTDP43,WT-A90V-G287S-G294A-A315T-M337V,m,41d,002-converte
6.7,559.44,164,5.467,5,2024-03-11,NEG-008,hTDP43,WT-A90V-G287S-G294A-A315T-M337V,m,41d,002-converte
6.51,571.57,164,5.467,5,2024-03-11,NEG-008,hTDP43,WT-A90V-G287S-G294A-A315T-M337V,m,41d,002-converte
2.61,604.24,164,5.467,5,2024-03-11,NEG-008,hTDP43,WT-A90V-G287S-G294A-A315T-M337V,m,41d,002-converte
6.66,559.32,165,5.5,5,2024-03-11,NEG-008,hTDP43,WT-A90V-G287S-G294A-A315T-M337V,m,41d,002-converte
6.49,571.5,165,5.5,5,2024-03-11,NEG-008,hTDP43,WT-A90V-G287S-G294A-A315T-M337V,m,41d,002-converte
2.61,604.24,165,5.5,5,2024-03-11,NEG-008,hTDP43,WT-A90V-G287S-G294A-A315T-M337V,m,41d,002-converte
6.67,559.32,166,5.533,5,2024-03-11,NEG-008,hTDP43,WT-A90V-G287S-G294A-A315T-M337V,m,41d,002-converte
6.48,571.48,166,5.533,5,2024-03-11,NEG-008,hTDP43,WT-A90V-G287S-G294A-A315T-M337V,m,41d,002-converte
2.61,604.24,166,5.533,5,2024-03-11,NEG-008,hTDP43,WT-A90V-G287S-G294A-A315T-M337V,m,41d,002-converte
6.66,559.32,167,5.567,5,2024-03-11,NEG-008,hTDP43,WT-A90V-G287S-G294A-A315T-M337V,m,41d,002-converte
6.47,571.47,167,5.567,5,2024-03-11,NEG-008,hTDP43,WT-A90V-G287S-G294A-A315T-M337V,m,41d,002-converte
2.61,604.23,167,5.567,5,2024-03-11,NEG-008,hTDP43,WT-A90V-G287S-G294A-A315T-M337V,m,41d,002-converte
6.66,559.33,168,5.6,5,2024-03-11,NEG-008,hTDP43,WT-A90V-G287S-G294A-A315T-M337V,m,41d,002-converte
6.46,571.45,168,5.6,5,2024-03-11,NEG-008,hTDP43,WT-A90V-G287S-G294A-A315T-M337V,m,41d,002-converte
2.61,604.23,168,5.6,5,2024-03-11,NEG-008,hTDP43,WT-A90V-G287S-G294A-A315T-M337V,m,41d,002-converte
6.66,559.32,169,5.633,5,2024-03-11,NEG-008,hTDP43,WT-A90V-G287S-G294A-A315T-M337V,m,41d,002-converte
6.45,571.44,169,5.633,5,2024-03-11,NEG-008,hTDP43,WT-A90V-G287S-G294A-A315T-M337V,m,41d,002-converte
2.62,604.23,169,5.633,5,2024-03-11,NEG-008,hTDP43,WT-A90V-G287S-G294A-A315T-M337V,m,41d,002-converte
6.66,559.31,170,5.667,5,2024-03-11,NEG-008,hTDP43,WT-A90V-G287S-G294A-A315T-M337V,m,41d,002-converte
6.43,571.46,170,5.667,5,2024-03-11,NEG-008,hTDP43,WT-A90V-G287S-G294A-A315T-M337V,m,41d,002-converte
2.62,604.24,170,5.667,5,2024-03-11,NEG-008,hTDP43,WT-A90V-G287S-G294A-A315T-M337V,m,41d,002-converte
6.65,559.28,171,5.7,5,2024-03-11,NEG-008,hTDP43,WT-A90V-G287S-G294A-A315T-M337V,m,41d,002-converte
6.4,571.49,171,5.7,5,2024-03-11,NEG-008,hTDP43,WT-A90V-G287S-G294A-A315T-M337V,m,41d,002-converte
3.6,591.84,171,5.7,5,2024-03-11,NEG-008,hTDP43,WT-A90V-G287S-G294A-A315T-M337V,m,41d,002-converte
2.63,604.25,171,5.7,5,2024-03-11,NEG-008,hTDP43,WT-A90V-G287S-G294A-A315T-M337V,m,41d,002-converte
6.65,559.28,172,5.733,5,2024-03-11,NEG-008,hTDP43,WT-A90V-G287S-G294A-A315T-M337V,m,41d,002-converte
6.4,571.49,172,5.733,5,2024-03-11,NEG-008,hTDP43,WT-A90V-G287S-G294A-A315T-M337V,m,41d,002-converte
3.6,591.87,172,5.733,5,2024-03-11,NEG-008,hTDP43,WT-A90V-G287S-G294A-A315T-M337V,m,41d,002-converte
2.63,604.26,172,5.733,5,2024-03-11,NEG-008,hTDP43,WT-A90V-G287S-G294A-A315T-M337V,m,41d,002-converte
6.64,559.28,173,5.767,5,2024-03-11,NEG-008,hTDP43,WT-A90V-G287S-G294A-A315T-M337V,m,41d,002-converte
6.41,571.49,173,5.767,5,2024-03-11,NEG-008,hTDP43,WT-A90V-G287S-G294A-A315T-M337V,m,41d,002-converte
3.6,591.92,173,5.767,5,2024-03-11,NEG-008,hTDP43,WT-A90V-G287S-G294A-A315T-M337V,m,41d,002-converte
2.63,604.26,173,5.767,5,2024-03-11,NEG-008,hTDP43,WT-A90V-G287S-G294A-A315T-M337V,m,41d,002-converte
6.65,559.28,174,5.8,5,2024-03-11,NEG-008,hTDP43,WT-A90V-G287S-G294A-A315T-M337V,m,41d,002-converte
6.41,571.49,174,5.8,5,2024-03-11,NEG-008,hTDP43,WT-A90V-G287S-G294A-A315T-M337V,m,41d,002-converte
3.89,591.83,174,5.8,5,2024-03-11,NEG-008,hTDP43,WT-A90V-G287S-G294A-A315T-M337V,m,41d,002-converte
2.63,604.26,174,5.8,5,2024-03-11,NEG-008,hTDP43,WT-A90V-G287S-G294A-A315T-M337V,m,41d,002-converte
6.65,559.28,175,5.833,5,2024-03-11,NEG-008,hTDP43,WT-A90V-G287S-G294A-A315T-M337V,m,41d,002-converte
6.41,571.49,175,5.833,5,2024-03-11,NEG-008,hTDP43,WT-A90V-G287S-G294A-A315T-M337V,m,41d,002-converte
3.73,591.83,175,5.833,5,2024-03-11,NEG-008,hTDP43,WT-A90V-G287S-G294A-A315T-M337V,m,41d,002-converte
2.86,604.19,175,5.833,5,2024-03-11,NEG-008,hTDP43,WT-A90V-G287S-G294A-A315T-M337V,m,41d,002-converte
6.65,559.28,176,5.867,5,2024-03-11,NEG-008,hTDP43,WT-A90V-G287S-G294A-A315T-M337V,m,41d,002-converte
6.4,571.49,176,5.867,5,2024-03-11,NEG-008,hTDP43,WT-A90V-G287S-G294A-A315T-M337V,m,41d,002-converte
3.53,591.99,176,5.867,5,2024-03-11,NEG-008,hTDP43,WT-A90V-G287S-G294A-A315T-M337V,m,41d,002-converte
3.29,604.18,176,5.867,5,2024-03-11,NEG-008,hTDP43,WT-A90V-G287S-G294A-A315T-M337V,m,41d,002-converte
6.65,559.28,177,5.9,5,2024-03-11,NEG-008,hTDP43,WT-A90V-G287S-G294A-A315T-M337V,m,41d,002-converte
6.41,571.49,177,5.9,5,2024-03-11,NEG-008,hTDP43,WT-A90V-G287S-G294A-A315T-M337V,m,41d,002-converte
3.53,591.99,177,5.9,5,2024-03-11,NEG-008,hTDP43,WT-A90V-G287S-G294A-A315T-M337V,m,41d,002-converte
3.28,604.17,177,5.9,5,2024-03-11,NEG-008,hTDP43,WT-A90V-G287S-G294A-A315T-M337V,m,41d,002-converte
6.65,559.27,178,5.933,5,2024-03-11,NEG-008,hTDP43,WT-A90V-G287S-G294A-A315T-M337V,m,41d,002-converte
6.39,571.49,178,5.933,5,2024-03-11,NEG-008,hTDP43,WT-A90V-G287S-G294A-A315T-M337V,m,41d,002-converte
3.83,604.77,178,5.933,5,2024-03-11,NEG-008,hTDP43,WT-A90V-G287S-G294A-A315T-M337V,m,41d,002-converte
3.45,592.07,178,5.933,5,2024-03-11,NEG-008,hTDP43,WT-A90V-G287S-G294A-A315T-M337V,m,41d,002-converte
6.65,559.25,179,5.967,5,2024-03-11,NEG-008,hTDP43,WT-A90V-G287S-G294A-A315T-M337V,m,41d,002-converte
6.37,571.5,179,5.967,5,2024-03-11,NEG-008,hTDP43,WT-A90V-G287S-G294A-A315T-M337V,m,41d,002-converte
4.11,605.24,179,5.967,5,2024-03-11,NEG-008,hTDP43,WT-A90V-G287S-G294A-A315T-M337V,m,41d,002-converte
3.37,592.17,179,5.967,5,2024-03-11,NEG-008,hTDP43,WT-A90V-G287S-G294A-A315T-M337V,m,41d,002-converte
6.66,559.24,180,6.0,5,2024-03-11,NEG-008,hTDP43,WT-A90V-G287S-G294A-A315T-M337V,m,41d,002-converte
6.36,571.51,180,6.0,5,2024-03-11,NEG-008,hTDP43,WT-A90V-G287S-G294A-A315T-M337V,m,41d,002-converte
4.12,605.24,180,6.0,5,2024-03-11,NEG-008,hTDP43,WT-A90V-G287S-G294A-A315T-M337V,m,41d,002-converte
3.37,592.17,180,6.0,5,2024-03-11,NEG-008,hTDP43,WT-A90V-G287S-G294A-A315T-M337V,m,41d,002-converte
6.65,559.19,181,6.033,5,2024-03-11,NEG-008,hTDP43,WT-A90V-G287S-G294A-A315T-M337V,m,41d,002-converte
6.34,571.51,181,6.033,5,2024-03-11,NEG-008,hTDP43,WT-A90V-G287S-G294A-A315T-M337V,m,41d,002-converte
4.12,605.24,181,6.033,5,2024-03-11,NEG-008,hTDP43,WT-A90V-G287S-G294A-A315T-M337V,m,41d,002-converte
3.37,592.17,181,6.033,5,2024-03-11,NEG-008,hTDP43,WT-A90V-G287S-G294A-A315T-M337V,m,41d,002-converte
6.65,559.19,182,6.067,5,2024-03-11,NEG-008,hTDP43,WT-A90V-G287S-G294A-A315T-M337V,m,41d,002-converte
6.33,571.51,182,6.067,5,2024-03-11,NEG-008,hTDP43,WT-A90V-G287S-G294A-A315T-M337V,m,41d,002-converte
4.08,605.24,182,6.067,5,2024-03-11,NEG-008,hTDP43,WT-A90V-G287S-G294A-A315T-M337V,m,41d,002-converte
3.36,592.18,182,6.067,5,2024-03-11,NEG-008,hTDP43,WT-A90V-G287S-G294A-A315T-M337V,m,41d,002-converte
6.65,559.19,183,6.1,5,2024-03-11,NEG-008,hTDP43,WT-A90V-G287S-G294A-A315T-M337V,m,41d,002-converte
6.33,571.51,183,6.1,5,2024-03-11,NEG-008,hTDP43,WT-A90V-G287S-G294A-A315T-M337V,m,41d,002-converte
4.05,605.24,183,6.1,5,2024-03-11,NEG-008,hTDP43,WT-A90V-G287S-G294A-A315T-M337V,m,41d,002-converte
3.35,592.16,183,6.1,5,2024-03-11,NEG-008,hTDP43,WT-A90V-G287S-G294A-A315T-M337V,m,41d,002-converte
6.65,559.19,184,6.133,5,2024-03-11,NEG-008,hTDP43,WT-A90V-G287S-G294A-A315T-M337V,m,41d,002-converte
6.33,571.51,184,6.133,5,2024-03-11,NEG-008,hTDP43,WT-A90V-G287S-G294A-A315T-M337V,m,41d,002-converte
4.04,605.22,184,6.133,5,2024-03-11,NEG-008,hTDP43,WT-A90V-G287S-G294A-A315T-M337V,m,41d,002-converte
3.34,592.15,184,6.133,5,2024-03-11,NEG-008,hTDP43,WT-A90V-G287S-G294A-A315T-M337V,m,41d,002-converte
6.65,559.19,185,6.167,5,2024-03-11,NEG-008,hTDP43,WT-A90V-G287S-G294A-A315T-M337V,m,41d,002-converte
6.33,571.5,185,6.167,5,2024-03-11,NEG-008,hTDP43,WT-A90V-G287S-G294A-A315T-M337V,m,41d,002-converte
4.03,605.21,185,6.167,5,2024-03-11,NEG-008,hTDP43,WT-A90V-G287S-G294A-A315T-M337V,m,41d,002-converte
3.32,592.15,185,6.167,5,2024-03-11,NEG-008,hTDP43,WT-A90V-G287S-G294A-A315T-M337V,m,41d,002-converte
6.66,559.19,186,6.2,5,2024-03-11,NEG-008,hTDP43,WT-A90V-G287S-G294A-A315T-M337V,m,41d,002-converte
6.34,571.51,186,6.2,5,2024-03-11,NEG-008,hTDP43,WT-A90V-G287S-G294A-A315T-M337V,m,41d,002-converte
4.03,605.21,186,6.2,5,2024-03-11,NEG-008,hTDP43,WT-A90V-G287S-G294A-A315T-M337V,m,41d,002-converte
3.46,591.98,186,6.2,5,2024-03-11,NEG-008,hTDP43,WT-A90V-G287S-G294A-A315T-M337V,m,41d,002-converte
6.66,559.18,187,6.233,5,2024-03-11,NEG-008,hTDP43,WT-A90V-G287S-G294A-A315T-M337V,m,41d,002-converte
6.34,571.51,187,6.233,5,2024-03-11,NEG-008,hTDP43,WT-A90V-G287S-G294A-A315T-M337V,m,41d,002-converte
4.04,605.21,187,6.233,5,2024-03-11,NEG-008,hTDP43,WT-A90V-G287S-G294A-A315T-M337V,m,41d,002-converte
3.59,591.81,187,6.233,5,2024-03-11,NEG-008,hTDP43,WT-A90V-G287S-G294A-A315T-M337V,m,41d,002-converte
6.66,559.17,188,6.267,5,2024-03-11,NEG-008,hTDP43,WT-A90V-G287S-G294A-A315T-M337V,m,41d,002-converte
6.35,571.51,188,6.267,5,2024-03-11,NEG-008,hTDP43,WT-A90V-G287S-G294A-A315T-M337V,m,41d,002-converte
4.22,591.39,188,6.267,5,2024-03-11,NEG-008,hTDP43,WT-A90V-G287S-G294A-A315T-M337V,m,41d,002-converte
3.99,605.18,188,6.267,5,2024-03-11,NEG-008,hTDP43,WT-A90V-G287S-G294A-A315T-M337V,m,41d,002-converte
6.66,559.16,189,6.3,5,2024-03-11,NEG-008,hTDP43,WT-A90V-G287S-G294A-A315T-M337V,m,41d,002-converte
6.35,571.52,189,6.3,5,2024-03-11,NEG-008,hTDP43,WT-A90V-G287S-G294A-A315T-M337V,m,41d,002-converte
4.62,591.15,189,6.3,5,2024-03-11,NEG-008,hTDP43,WT-A90V-G287S-G294A-A315T-M337V,m,41d,002-converte
3.94,605.15,189,6.3,5,2024-03-11,NEG-008,hTDP43,WT-A90V-G287S-G294A-A315T-M337V,m,41d,002-converte
6.66,559.16,190,6.333,5,2024-03-11,NEG-008,hTDP43,WT-A90V-G287S-G294A-A315T-M337V,m,41d,002-converte
6.35,571.52,190,6.333,5,2024-03-11,NEG-008,hTDP43,WT-A90V-G287S-G294A-A315T-M337V,m,41d,002-converte
4.55,591.18,190,6.333,5,2024-03-11,NEG-008,hTDP43,WT-A90V-G287S-G294A-A315T-M337V,m,41d,002-converte
3.92,605.19,190,6.333,5,2024-03-11,NEG-008,hTDP43,WT-A90V-G287S-G294A-A315T-M337V,m,41d,002-converte
6.66,559.16,191,6.367,5,2024-03-11,NEG-008,hTDP43,WT-A90V-G287S-G294A-A315T-M337V,m,41d,002-converte
6.35,571.51,191,6.367,5,2024-03-11,NEG-008,hTDP43,WT-A90V-G287S-G294A-A315T-M337V,m,41d,002-converte
4.45,591.25,191,6.367,5,2024-03-11,NEG-008,hTDP43,WT-A90V-G287S-G294A-A315T-M337V,m,41d,002-converte
3.89,605.21,191,6.367,5,2024-03-11,NEG-008,hTDP43,WT-A90V-G287S-G294A-A315T-M337V,m,41d,002-converte
6.65,559.17,192,6.4,5,2024-03-11,NEG-008,hTDP43,WT-A90V-G287S-G294A-A315T-M337V,m,41d,002-converte
6.35,571.51,192,6.4,5,2024-03-11,NEG-008,hTDP43,WT-A90V-G287S-G294A-A315T-M337V,m,41d,002-converte
4.45,591.25,192,6.4,5,2024-03-11,NEG-008,hTDP43,WT-A90V-G287S-G294A-A315T-M337V,m,41d,002-converte
3.89,605.21,192,6.4,5,2024-03-11,NEG-008,hTDP43,WT-A90V-G287S-G294A-A315T-M337V,m,41d,002-converte
6.66,559.17,193,6.433,5,2024-03-11,NEG-008,hTDP43,WT-A90V-G287S-G294A-A315T-M337V,m,41d,002-converte
6.35,571.52,193,6.433,5,2024-03-11,NEG-008,hTDP43,WT-A90V-G287S-G294A-A315T-M337V,m,41d,002-converte
4.45,591.24,193,6.433,5,2024-03-11,NEG-008,hTDP43,WT-A90V-G287S-G294A-A315T-M337V,m,41d,002-converte
3.89,605.21,193,6.433,5,2024-03-11,NEG-008,hTDP43,WT-A90V-G287S-G294A-A315T-M337V,m,41d,002-converte
6.65,559.13,194,6.467,5,2024-03-11,NEG-008,hTDP43,WT-A90V-G287S-G294A-A315T-M337V,m,41d,002-converte
6.37,571.57,194,6.467,5,2024-03-11,NEG-008,hTDP43,WT-A90V-G287S-G294A-A315T-M337V,m,41d,002-converte
4.55,591.39,194,6.467,5,2024-03-11,NEG-008,hTDP43,WT-A90V-G287S-G294A-A315T-M337V,m,41d,002-converte
3.84,605.17,194,6.467,5,2024-03-11,NEG-008,hTDP43,WT-A90V-G287S-G294A-A315T-M337V,m,41d,002-converte
6.62,559.1,195,6.5,5,2024-03-11,NEG-008,hTDP43,WT-A90V-G287S-G294A-A315T-M337V,m,41d,002-converte
6.36,571.58,195,6.5,5,2024-03-11,NEG-008,hTDP43,WT-A90V-G287S-G294A-A315T-M337V,m,41d,002-converte
4.55,591.43,195,6.5,5,2024-03-11,NEG-008,hTDP43,WT-A90V-G287S-G294A-A315T-M337V,m,41d,002-converte
3.84,605.16,195,6.5,5,2024-03-11,NEG-008,hTDP43,WT-A90V-G287S-G294A-A315T-M337V,m,41d,002-converte
6.62,559.1,196,6.533,5,2024-03-11,NEG-008,hTDP43,WT-A90V-G287S-G294A-A315T-M337V,m,41d,002-converte
6.36,571.58,196,6.533,5,2024-03-11,NEG-008,hTDP43,WT-A90V-G287S-G294A-A315T-M337V,m,41d,002-converte
4.55,591.43,196,6.533,5,2024-03-11,NEG-008,hTDP43,WT-A90V-G287S-G294A-A315T-M337V,m,41d,002-converte
3.84,605.16,196,6.533,5,2024-03-11,NEG-008,hTDP43,WT-A90V-G287S-G294A-A315T-M337V,m,41d,002-converte
6.62,559.1,197,6.567,5,2024-03-11,NEG-008,hTDP43,WT-A90V-G287S-G294A-A315T-M337V,m,41d,002-converte
6.36,571.58,197,6.567,5,2024-03-11,NEG-008,hTDP43,WT-A90V-G287S-G294A-A315T-M337V,m,41d,002-converte
3.84,605.17,197,6.567,5,2024-03-11,NEG-008,hTDP43,WT-A90V-G287S-G294A-A315T-M337V,m,41d,002-converte
6.69,559.42,198,6.6,5,2024-03-11,NEG-008,hTDP43,WT-A90V-G287S-G294A-A315T-M337V,m,41d,002-converte
6.34,571.59,198,6.6,5,2024-03-11,NEG-008,hTDP43,WT-A90V-G287S-G294A-A315T-M337V,m,41d,002-converte
4.64,591.3,198,6.6,5,2024-03-11,NEG-008,hTDP43,WT-A90V-G287S-G294A-A315T-M337V,m,41d,002-converte
3.79,605.11,198,6.6,5,2024-03-11,NEG-008,hTDP43,WT-A90V-G287S-G294A-A315T-M337V,m,41d,002-converte
6.69,559.42,199,6.633,5,2024-03-11,NEG-008,hTDP43,WT-A90V-G287S-G294A-A315T-M337V,m,41d,002-converte
6.34,571.59,199,6.633,5,2024-03-11,NEG-008,hTDP43,WT-A90V-G287S-G294A-A315T-M337V,m,41d,002-converte
4.58,591.33,199,6.633,5,2024-03-11,NEG-008,hTDP43,WT-A90V-G287S-G294A-A315T-M337V,m,41d,002-converte
3.79,605.12,199,6.633,5,2024-03-11,NEG-008,hTDP43,WT-A90V-G287S-G294A-A315T-M337V,m,41d,002-converte
8.37,701.5,0,0.0,6,2024-03-11,NEG-008,hTDP43,WT-A90V-G287S-G294A-A315T-M337V,m,41d,002-converte
6.94,674.97,0,0.0,6,2024-03-11,NEG-008,hTDP43,WT-A90V-G287S-G294A-A315T-M337V,m,41d,002-converte
5.12,723.94,0,0.0,6,2024-03-11,NEG-008,hTDP43,WT-A90V-G287S-G294A-A315T-M337V,m,41d,002-converte
4.49,693.37,0,0.0,6,2024-03-11,NEG-008,hTDP43,WT-A90V-G287S-G294A-A315T-M337V,m,41d,002-converte
8.27,701.72,1,0.033,6,2024-03-11,NEG-008,hTDP43,WT-A90V-G287S-G294A-A315T-M337V,m,41d,002-converte
6.71,674.97,1,0.033,6,2024-03-11,NEG-008,hTDP43,WT-A90V-G287S-G294A-A315T-M337V,m,41d,002-converte
5.33,716.44,1,0.033,6,2024-03-11,NEG-008,hTDP43,WT-A90V-G287S-G294A-A315T-M337V,m,41d,002-converte
5.08,724.84,1,0.033,6,2024-03-11,NEG-008,hTDP43,WT-A90V-G287S-G294A-A315T-M337V,m,41d,002-converte
4.42,693.43,1,0.033,6,2024-03-11,NEG-008,hTDP43,WT-A90V-G287S-G294A-A315T-M337V,m,41d,002-converte
8.27,701.75,2,0.067,6,2024-03-11,NEG-008,hTDP43,WT-A90V-G287S-G294A-A315T-M337V,m,41d,002-converte
6.34,674.44,2,0.067,6,2024-03-11,NEG-008,hTDP43,WT-A90V-G287S-G294A-A315T-M337V,m,41d,002-converte
5.45,716.54,2,0.067,6,2024-03-11,NEG-008,hTDP43,WT-A90V-G287S-G294A-A315T-M337V,m,41d,002-converte
5.11,725.57,2,0.067,6,2024-03-11,NEG-008,hTDP43,WT-A90V-G287S-G294A-A315T-M337V,m,41d,002-converte
4.35,693.48,2,0.067,6,2024-03-11,NEG-008,hTDP43,WT-A90V-G287S-G294A-A315T-M337V,m,41d,002-converte
8.14,701.73,3,0.1,6,2024-03-11,NEG-008,hTDP43,WT-A90V-G287S-G294A-A315T-M337V,m,41d,002-converte
5.79,716.88,3,0.1,6,2024-03-11,NEG-008,hTDP43,WT-A90V-G287S-G294A-A315T-M337V,m,41d,002-converte
5.69,674.46,3,0.1,6,2024-03-11,NEG-008,hTDP43,WT-A90V-G287S-G294A-A315T-M337V,m,41d,002-converte
4.94,725.84,3,0.1,6,2024-03-11,NEG-008,hTDP43,WT-A90V-G287S-G294A-A315T-M337V,m,41d,002-converte
4.08,693.97,3,0.1,6,2024-03-11,NEG-008,hTDP43,WT-A90V-G287S-G294A-A315T-M337V,m,41d,002-converte
8.14,701.62,4,0.133,6,2024-03-11,NEG-008,hTDP43,WT-A90V-G287S-G294A-A315T-M337V,m,41d,002-converte
6.16,717.04,4,0.133,6,2024-03-11,NEG-008,hTDP43,WT-A90V-G287S-G294A-A315T-M337V,m,41d,002-converte
5.39,674.2,4,0.133,6,2024-03-11,NEG-008,hTDP43,WT-A90V-G287S-G294A-A315T-M337V,m,41d,002-converte
4.94,725.84,4,0.133,6,2024-03-11,NEG-008,hTDP43,WT-A90V-G287S-G294A-A315T-M337V,m,41d,002-converte
4.4,693.52,4,0.133,6,2024-03-11,NEG-008,hTDP43,WT-A90V-G287S-G294A-A315T-M337V,m,41d,002-converte
8.06,701.97,5,0.167,6,2024-03-11,NEG-008,hTDP43,WT-A90V-G287S-G294A-A315T-M337V,m,41d,002-converte
6.19,717.56,5,0.167,6,2024-03-11,NEG-008,hTDP43,WT-A90V-G287S-G294A-A315T-M337V,m,41d,002-converte
5.35,674.09,5,0.167,6,2024-03-11,NEG-008,hTDP43,WT-A90V-G287S-G294A-A315T-M337V,m,41d,002-converte
4.78,725.78,5,0.167,6,2024-03-11,NEG-008,hTDP43,WT-A90V-G287S-G294A-A315T-M337V,m,41d,002-converte
4.74,692.59,5,0.167,6,2024-03-11,NEG-008,hTDP43,WT-A90V-G287S-G294A-A315T-M337V,m,41d,002-converte
7.98,702.35,6,0.2,6,2024-03-11,NEG-008,hTDP43,WT-A90V-G287S-G294A-A315T-M337V,m,41d,002-converte
6.16,717.76,6,0.2,6,2024-03-11,NEG-008,hTDP43,WT-A90V-G287S-G294A-A315T-M337V,m,41d,002-converte
5.31,673.97,6,0.2,6,2024-03-11,NEG-008,hTDP43,WT-A90V-G287S-G294A-A315T-M337V,m,41d,002-converte
4.96,691.3,6,0.2,6,2024-03-11,NEG-008,hTDP43,WT-A90V-G287S-G294A-A315T-M337V,m,41d,002-converte
4.88,725.74,6,0.2,6,2024-03-11,NEG-008,hTDP43,WT-A90V-G287S-G294A-A315T-M337V,m,41d,002-converte
7.97,702.35,7,0.233,6,2024-03-11,NEG-008,hTDP43,WT-A90V-G287S-G294A-A315T-M337V,m,41d,002-converte
6.2,717.8,7,0.233,6,2024-03-11,NEG-008,hTDP43,WT-A90V-G287S-G294A-A315T-M337V,m,41d,002-converte
5.31,673.97,7,0.233,6,2024-03-11,NEG-008,hTDP43,WT-A90V-G287S-G294A-A315T-M337V,m,41d,002-converte
4.97,690.03,7,0.233,6,2024-03-11,NEG-008,hTDP43,WT-A90V-G287S-G294A-A315T-M337V,m,41d,002-converte
4.94,725.8,7,0.233,6,2024-03-11,NEG-008,hTDP43,WT-A90V-G287S-G294A-A315T-M337V,m,41d,002-converte
7.98,702.49,8,0.267,6,2024-03-11,NEG-008,hTDP43,WT-A90V-G287S-G294A-A315T-M337V,m,41d,002-converte
6.3,718.31,8,0.267,6,2024-03-11,NEG-008,hTDP43,WT-A90V-G287S-G294A-A315T-M337V,m,41d,002-converte
5.31,673.97,8,0.267,6,2024-03-11,NEG-008,hTDP43,WT-A90V-G287S-G294A-A315T-M337V,m,41d,002-converte
4.98,726.29,8,0.267,6,2024-03-11,NEG-008,hTDP43,WT-A90V-G287S-G294A-A315T-M337V,m,41d,002-converte
4.7,688.09,8,0.267,6,2024-03-11,NEG-008,hTDP43,WT-A90V-G287S-G294A-A315T-M337V,m,41d,002-converte
7.98,702.52,9,0.3,6,2024-03-11,NEG-008,hTDP43,WT-A90V-G287S-G294A-A315T-M337V,m,41d,002-converte
6.28,719.3,9,0.3,6,2024-03-11,NEG-008,hTDP43,WT-A90V-G287S-G294A-A315T-M337V,m,41d,002-converte
5.22,674.05,9,0.3,6,2024-03-11,NEG-008,hTDP43,WT-A90V-G287S-G294A-A315T-M337V,m,41d,002-converte
4.36,687.0,9,0.3,6,2024-03-11,NEG-008,hTDP43,WT-A90V-G287S-G294A-A315T-M337V,m,41d,002-converte
7.95,702.56,10,0.333,6,2024-03-11,NEG-008,hTDP43,WT-A90V-G287S-G294A-A315T-M337V,m,41d,002-converte
6.3,719.41,10,0.333,6,2024-03-11,NEG-008,hTDP43,WT-A90V-G287S-G294A-A315T-M337V,m,41d,002-converte
5.13,674.14,10,0.333,6,2024-03-11,NEG-008,hTDP43,WT-A90V-G287S-G294A-A315T-M337V,m,41d,002-converte
4.13,686.21,10,0.333,6,2024-03-11,NEG-008,hTDP43,WT-A90V-G287S-G294A-A315T-M337V,m,41d,002-converte
4.04,727.41,10,0.333,6,2024-03-11,NEG-008,hTDP43,WT-A90V-G287S-G294A-A315T-M337V,m,41d,002-converte
7.81,703.08,11,0.367,6,2024-03-11,NEG-008,hTDP43,WT-A90V-G287S-G294A-A315T-M337V,m,41d,002-converte
6.59,719.89,11,0.367,6,2024-03-11,NEG-008,hTDP43,WT-A90V-G287S-G294A-A315T-M337V,m,41d,002-converte
5.13,674.14,11,0.367,6,2024-03-11,NEG-008,hTDP43,WT-A90V-G287S-G294A-A315T-M337V,m,41d,002-converte
5.13,728.25,11,0.367,6,2024-03-11,NEG-008,hTDP43,WT-A90V-G287S-G294A-A315T-M337V,m,41d,002-converte
3.87,685.3,11,0.367,6,2024-03-11,NEG-008,hTDP43,WT-A90V-G287S-G294A-A315T-M337V,m,41d,002-converte
7.72,703.5,12,0.4,6,2024-03-11,NEG-008,hTDP43,WT-A90V-G287S-G294A-A315T-M337V,m,41d,002-converte
6.69,720.18,12,0.4,6,2024-03-11,NEG-008,hTDP43,WT-A90V-G287S-G294A-A315T-M337V,m,41d,002-converte
5.22,728.74,12,0.4,6,2024-03-11,NEG-008,hTDP43,WT-A90V-G287S-G294A-A315T-M337V,m,41d,002-converte
5.13,674.14,12,0.4,6,2024-03-11,NEG-008,hTDP43,WT-A90V-G287S-G294A-A315T-M337V,m,41d,002-converte
4.0,685.99,12,0.4,6,2024-03-11,NEG-008,hTDP43,WT-A90V-G287S-G294A-A315T-M337V,m,41d,002-converte
7.76,703.4,13,0.433,6,2024-03-11,NEG-008,hTDP43,WT-A90V-G287S-G294A-A315T-M337V,m,41d,002-converte
6.72,720.13,13,0.433,6,2024-03-11,NEG-008,hTDP43,WT-A90V-G287S-G294A-A315T-M337V,m,41d,002-converte
5.18,728.83,13,0.433,6,2024-03-11,NEG-008,hTDP43,WT-A90V-G287S-G294A-A315T-M337V,m,41d,002-converte
5.12,674.11,13,0.433,6,2024-03-11,NEG-008,hTDP43,WT-A90V-G287S-G294A-A315T-M337V,m,41d,002-converte
3.91,686.85,13,0.433,6,2024-03-11,NEG-008,hTDP43,WT-A90V-G287S-G294A-A315T-M337V,m,41d,002-converte
7.85,703.34,14,0.467,6,2024-03-11,NEG-008,hTDP43,WT-A90V-G287S-G294A-A315T-M337V,m,41d,002-converte
6.76,720.09,14,0.467,6,2024-03-11,NEG-008,hTDP43,WT-A90V-G287S-G294A-A315T-M337V,m,41d,002-converte
5.11,728.96,14,0.467,6,2024-03-11,NEG-008,hTDP43,WT-A90V-G287S-G294A-A315T-M337V,m,41d,002-converte
5.1,674.09,14,0.467,6,2024-03-11,NEG-008,hTDP43,WT-A90V-G287S-G294A-A315T-M337V,m,41d,002-converte
3.93,687.32,14,0.467,6,2024-03-11,NEG-008,hTDP43,WT-A90V-G287S-G294A-A315T-M337V,m,41d,002-converte
8.01,703.36,15,0.5,6,2024-03-11,NEG-008,hTDP43,WT-A90V-G287S-G294A-A315T-M337V,m,41d,002-converte
6.7,719.84,15,0.5,6,2024-03-11,NEG-008,hTDP43,WT-A90V-G287S-G294A-A315T-M337V,m,41d,002-converte
5.07,674.11,15,0.5,6,2024-03-11,NEG-008,hTDP43,WT-A90V-G287S-G294A-A315T-M337V,m,41d,002-converte
4.86,728.8,15,0.5,6,2024-03-11,NEG-008,hTDP43,WT-A90V-G287S-G294A-A315T-M337V,m,41d,002-converte
3.96,687.98,15,0.5,6,2024-03-11,NEG-008,hTDP43,WT-A90V-G287S-G294A-A315T-M337V,m,41d,002-converte
8.01,703.59,16,0.533,6,2024-03-11,NEG-008,hTDP43,WT-A90V-G287S-G294A-A315T-M337V,m,41d,002-converte
6.57,720.04,16,0.533,6,2024-03-11,NEG-008,hTDP43,WT-A90V-G287S-G294A-A315T-M337V,m,41d,002-converte
5.04,674.13,16,0.533,6,2024-03-11,NEG-008,hTDP43,WT-A90V-G287S-G294A-A315T-M337V,m,41d,002-converte
4.85,728.8,16,0.533,6,2024-03-11,NEG-008,hTDP43,WT-A90V-G287S-G294A-A315T-M337V,m,41d,002-converte
3.67,689.14,16,0.533,6,2024-03-11,NEG-008,hTDP43,WT-A90V-G287S-G294A-A315T-M337V,m,41d,002-converte
8.25,703.57,17,0.567,6,2024-03-11,NEG-008,hTDP43,WT-A90V-G287S-G294A-A315T-M337V,m,41d,002-converte
6.56,720.04,17,0.567,6,2024-03-11,NEG-008,hTDP43,WT-A90V-G287S-G294A-A315T-M337V,m,41d,002-converte
5.04,674.13,17,0.567,6,2024-03-11,NEG-008,hTDP43,WT-A90V-G287S-G294A-A315T-M337V,m,41d,002-converte
4.86,728.81,17,0.567,6,2024-03-11,NEG-008,hTDP43,WT-A90V-G287S-G294A-A315T-M337V,m,41d,002-converte
3.96,690.56,17,0.567,6,2024-03-11,NEG-008,hTDP43,WT-A90V-G287S-G294A-A315T-M337V,m,41d,002-converte
8.47,703.31,18,0.6,6,2024-03-11,NEG-008,hTDP43,WT-A90V-G287S-G294A-A315T-M337V,m,41d,002-converte
6.59,720.02,18,0.6,6,2024-03-11,NEG-008,hTDP43,WT-A90V-G287S-G294A-A315T-M337V,m,41d,002-converte
5.04,674.13,18,0.6,6,2024-03-11,NEG-008,hTDP43,WT-A90V-G287S-G294A-A315T-M337V,m,41d,002-converte
4.84,728.26,18,0.6,6,2024-03-11,NEG-008,hTDP43,WT-A90V-G287S-G294A-A315T-M337V,m,41d,002-converte
3.9,691.59,18,0.6,6,2024-03-11,NEG-008,hTDP43,WT-A90V-G287S-G294A-A315T-M337V,m,41d,002-converte
8.69,703.57,19,0.633,6,2024-03-11,NEG-008,hTDP43,WT-A90V-G287S-G294A-A315T-M337V,m,41d,002-converte
6.6,720.02,19,0.633,6,2024-03-11,NEG-008,hTDP43,WT-A90V-G287S-G294A-A315T-M337V,m,41d,002-converte
5.04,674.13,19,0.633,6,2024-03-11,NEG-008,hTDP43,WT-A90V-G287S-G294A-A315T-M337V,m,41d,002-converte
4.79,728.12,19,0.633,6,2024-03-11,NEG-008,hTDP43,WT-A90V-G287S-G294A-A315T-M337V,m,41d,002-converte
3.66,693.23,19,0.633,6,2024-03-11,NEG-008,hTDP43,WT-A90V-G287S-G294A-A315T-M337V,m,41d,002-converte
8.72,703.82,20,0.667,6,2024-03-11,NEG-008,hTDP43,WT-A90V-G287S-G294A-A315T-M337V,m,41d,002-converte
6.61,720.0,20,0.667,6,2024-03-11,NEG-008,hTDP43,WT-A90V-G287S-G294A-A315T-M337V,m,41d,002-converte
5.04,674.13,20,0.667,6,2024-03-11,NEG-008,hTDP43,WT-A90V-G287S-G294A-A315T-M337V,m,41d,002-converte
4.76,728.01,20,0.667,6,2024-03-11,NEG-008,hTDP43,WT-A90V-G287S-G294A-A315T-M337V,m,41d,002-converte
3.43,694.0,20,0.667,6,2024-03-11,NEG-008,hTDP43,WT-A90V-G287S-G294A-A315T-M337V,m,41d,002-converte
8.83,703.45,21,0.7,6,2024-03-11,NEG-008,hTDP43,WT-A90V-G287S-G294A-A315T-M337V,m,41d,002-converte
6.75,720.04,21,0.7,6,2024-03-11,NEG-008,hTDP43,WT-A90V-G287S-G294A-A315T-M337V,m,41d,002-converte
5.14,673.93,21,0.7,6,2024-03-11,NEG-008,hTDP43,WT-A90V-G287S-G294A-A315T-M337V,m,41d,002-converte
3.26,694.86,21,0.7,6,2024-03-11,NEG-008,hTDP43,WT-A90V-G287S-G294A-A315T-M337V,m,41d,002-converte
8.9,702.81,22,0.733,6,2024-03-11,NEG-008,hTDP43,WT-A90V-G287S-G294A-A315T-M337V,m,41d,002-converte
6.76,720.04,22,0.733,6,2024-03-11,NEG-008,hTDP43,WT-A90V-G287S-G294A-A315T-M337V,m,41d,002-converte
5.14,673.93,22,0.733,6,2024-03-11,NEG-008,hTDP43,WT-A90V-G287S-G294A-A315T-M337V,m,41d,002-converte
3.12,696.26,22,0.733,6,2024-03-11,NEG-008,hTDP43,WT-A90V-G287S-G294A-A315T-M337V,m,41d,002-converte
9.21,702.58,23,0.767,6,2024-03-11,NEG-008,hTDP43,WT-A90V-G287S-G294A-A315T-M337V,m,41d,002-converte
6.76,720.04,23,0.767,6,2024-03-11,NEG-008,hTDP43,WT-A90V-G287S-G294A-A315T-M337V,m,41d,002-converte
5.14,673.93,23,0.767,6,2024-03-11,NEG-008,hTDP43,WT-A90V-G287S-G294A-A315T-M337V,m,41d,002-converte
9.56,702.24,24,0.8,6,2024-03-11,NEG-008,hTDP43,WT-A90V-G287S-G294A-A315T-M337V,m,41d,002-converte
7.01,720.17,24,0.8,6,2024-03-11,NEG-008,hTDP43,WT-A90V-G287S-G294A-A315T-M337V,m,41d,002-converte
5.04,673.9,24,0.8,6,2024-03-11,NEG-008,hTDP43,WT-A90V-G287S-G294A-A315T-M337V,m,41d,002-converte
60.31,724.87,25,0.833,6,2024-03-11,NEG-008,hTDP43,WT-A90V-G287S-G294A-A315T-M337V,m,41d,002-converte
9.78,702.02,25,0.833,6,2024-03-11,NEG-008,hTDP43,WT-A90V-G287S-G294A-A315T-M337V,m,41d,002-converte
5.28,673.33,25,0.833,6,2024-03-11,NEG-008,hTDP43,WT-A90V-G287S-G294A-A315T-M337V,m,41d,002-converte
4.77,727.57,25,0.833,6,2024-03-11,NEG-008,hTDP43,WT-A90V-G287S-G294A-A315T-M337V,m,41d,002-converte
98.34,736.18,26,0.867,6,2024-03-11,NEG-008,hTDP43,WT-A90V-G287S-G294A-A315T-M337V,m,41d,002-converte
9.78,702.02,26,0.867,6,2024-03-11,NEG-008,hTDP43,WT-A90V-G287S-G294A-A315T-M337V,m,41d,002-converte
5.28,673.33,26,0.867,6,2024-03-11,NEG-008,hTDP43,WT-A90V-G287S-G294A-A315T-M337V,m,41d,002-converte
4.77,727.56,26,0.867,6,2024-03-11,NEG-008,hTDP43,WT-A90V-G287S-G294A-A315T-M337V,m,41d,002-converte
82.16,729.03,27,0.9,6,2024-03-11,NEG-008,hTDP43,WT-A90V-G287S-G294A-A315T-M337V,m,41d,002-converte
9.79,702.05,27,0.9,6,2024-03-11,NEG-008,hTDP43,WT-A90V-G287S-G294A-A315T-M337V,m,41d,002-converte
5.28,673.34,27,0.9,6,2024-03-11,NEG-008,hTDP43,WT-A90V-G287S-G294A-A315T-M337V,m,41d,002-converte
4.77,727.56,27,0.9,6,2024-03-11,NEG-008,hTDP43,WT-A90V-G287S-G294A-A315T-M337V,m,41d,002-converte
29.31,721.68,28,0.933,6,2024-03-11,NEG-008,hTDP43,WT-A90V-G287S-G294A-A315T-M337V,m,41d,002-converte
9.82,702.02,28,0.933,6,2024-03-11,NEG-008,hTDP43,WT-A90V-G287S-G294A-A315T-M337V,m,41d,002-converte
5.28,673.34,28,0.933,6,2024-03-11,NEG-008,hTDP43,WT-A90V-G287S-G294A-A315T-M337V,m,41d,002-converte
4.77,727.56,28,0.933,6,2024-03-11,NEG-008,hTDP43,WT-A90V-G287S-G294A-A315T-M337V,m,41d,002-converte
3.22,697.29,28,0.933,6,2024-03-11,NEG-008,hTDP43,WT-A90V-G287S-G294A-A315T-M337V,m,41d,002-converte
9.32,702.08,29,0.967,6,2024-03-11,NEG-008,hTDP43,WT-A90V-G287S-G294A-A315T-M337V,m,41d,002-converte
5.06,673.56,29,0.967,6,2024-03-11,NEG-008,hTDP43,WT-A90V-G287S-G294A-A315T-M337V,m,41d,002-converte
4.77,727.56,29,0.967,6,2024-03-11,NEG-008,hTDP43,WT-A90V-G287S-G294A-A315T-M337V,m,41d,002-converte
9.32,702.07,30,1.0,6,2024-03-11,NEG-008,hTDP43,WT-A90V-G287S-G294A-A315T-M337V,m,41d,002-converte
4.86,673.82,30,1.0,6,2024-03-11,NEG-008,hTDP43,WT-A90V-G287S-G294A-A315T-M337V,m,41d,002-converte
4.79,727.7,30,1.0,6,2024-03-11,NEG-008,hTDP43,WT-A90V-G287S-G294A-A315T-M337V,m,41d,002-converte
9.06,702.02,31,1.033,6,2024-03-11,NEG-008,hTDP43,WT-A90V-G287S-G294A-A315T-M337V,m,41d,002-converte
4.85,673.82,31,1.033,6,2024-03-11,NEG-008,hTDP43,WT-A90V-G287S-G294A-A315T-M337V,m,41d,002-converte
4.82,727.9,31,1.033,6,2024-03-11,NEG-008,hTDP43,WT-A90V-G287S-G294A-A315T-M337V,m,41d,002-converte
8.96,702.06,32,1.067,6,2024-03-11,NEG-008,hTDP43,WT-A90V-G287S-G294A-A315T-M337V,m,41d,002-converte
4.88,728.14,32,1.067,6,2024-03-11,NEG-008,hTDP43,WT-A90V-G287S-G294A-A315T-M337V,m,41d,002-converte
4.85,673.82,32,1.067,6,2024-03-11,NEG-008,hTDP43,WT-A90V-G287S-G294A-A315T-M337V,m,41d,002-converte
8.92,702.06,33,1.1,6,2024-03-11,NEG-008,hTDP43,WT-A90V-G287S-G294A-A315T-M337V,m,41d,002-converte
4.87,673.84,33,1.1,6,2024-03-11,NEG-008,hTDP43,WT-A90V-G287S-G294A-A315T-M337V,m,41d,002-converte
4.82,728.55,33,1.1,6,2024-03-11,NEG-008,hTDP43,WT-A90V-G287S-G294A-A315T-M337V,m,41d,002-converte
8.88,702.05,34,1.133,6,2024-03-11,NEG-008,hTDP43,WT-A90V-G287S-G294A-A315T-M337V,m,41d,002-converte
4.89,673.85,34,1.133,6,2024-03-11,NEG-008,hTDP43,WT-A90V-G287S-G294A-A315T-M337V,m,41d,002-converte
4.82,728.55,34,1.133,6,2024-03-11,NEG-008,hTDP43,WT-A90V-G287S-G294A-A315T-M337V,m,41d,002-converte
8.41,695.95,35,1.167,6,2024-03-11,NEG-008,hTDP43,WT-A90V-G287S-G294A-A315T-M337V,m,41d,002-converte
4.9,673.85,35,1.167,6,2024-03-11,NEG-008,hTDP43,WT-A90V-G287S-G294A-A315T-M337V,m,41d,002-converte
4.82,728.55,35,1.167,6,2024-03-11,NEG-008,hTDP43,WT-A90V-G287S-G294A-A315T-M337V,m,41d,002-converte
8.89,702.08,36,1.2,6,2024-03-11,NEG-008,hTDP43,WT-A90V-G287S-G294A-A315T-M337V,m,41d,002-converte
4.94,673.89,36,1.2,6,2024-03-11,NEG-008,hTDP43,WT-A90V-G287S-G294A-A315T-M337V,m,41d,002-converte
4.82,728.55,36,1.2,6,2024-03-11,NEG-008,hTDP43,WT-A90V-G287S-G294A-A315T-M337V,m,41d,002-converte
12.33,695.66,37,1.233,6,2024-03-11,NEG-008,hTDP43,WT-A90V-G287S-G294A-A315T-M337V,m,41d,002-converte
5.07,673.78,37,1.233,6,2024-03-11,NEG-008,hTDP43,WT-A90V-G287S-G294A-A315T-M337V,m,41d,002-converte
4.86,728.66,37,1.233,6,2024-03-11,NEG-008,hTDP43,WT-A90V-G287S-G294A-A315T-M337V,m,41d,002-converte
14.02,695.12,38,1.267,6,2024-03-11,NEG-008,hTDP43,WT-A90V-G287S-G294A-A315T-M337V,m,41d,002-converte
9.02,701.92,38,1.267,6,2024-03-11,NEG-008,hTDP43,WT-A90V-G287S-G294A-A315T-M337V,m,41d,002-converte
5.07,673.78,38,1.267,6,2024-03-11,NEG-008,hTDP43,WT-A90V-G287S-G294A-A315T-M337V,m,41d,002-converte
4.86,728.66,38,1.267,6,2024-03-11,NEG-008,hTDP43,WT-A90V-G287S-G294A-A315T-M337V,m,41d,002-converte
14.5,694.97,39,1.3,6,2024-03-11,NEG-008,hTDP43,WT-A90V-G287S-G294A-A315T-M337V,m,41d,002-converte
9.12,701.8,39,1.3,6,2024-03-11,NEG-008,hTDP43,WT-A90V-G287S-G294A-A315T-M337V,m,41d,002-converte
5.19,673.7,39,1.3,6,2024-03-11,NEG-008,hTDP43,WT-A90V-G287S-G294A-A315T-M337V,m,41d,002-converte
4.87,728.67,39,1.3,6,2024-03-11,NEG-008,hTDP43,WT-A90V-G287S-G294A-A315T-M337V,m,41d,002-converte
15.55,694.56,40,1.333,6,2024-03-11,NEG-008,hTDP43,WT-A90V-G287S-G294A-A315T-M337V,m,41d,002-converte
9.22,701.72,40,1.333,6,2024-03-11,NEG-008,hTDP43,WT-A90V-G287S-G294A-A315T-M337V,m,41d,002-converte
5.19,673.7,40,1.333,6,2024-03-11,NEG-008,hTDP43,WT-A90V-G287S-G294A-A315T-M337V,m,41d,002-converte
4.87,728.67,40,1.333,6,2024-03-11,NEG-008,hTDP43,WT-A90V-G287S-G294A-A315T-M337V,m,41d,002-converte
17.95,694.29,41,1.367,6,2024-03-11,NEG-008,hTDP43,WT-A90V-G287S-G294A-A315T-M337V,m,41d,002-converte
9.17,701.7,41,1.367,6,2024-03-11,NEG-008,hTDP43,WT-A90V-G287S-G294A-A315T-M337V,m,41d,002-converte
5.1,673.72,41,1.367,6,2024-03-11,NEG-008,hTDP43,WT-A90V-G287S-G294A-A315T-M337V,m,41d,002-converte
4.87,728.67,41,1.367,6,2024-03-11,NEG-008,hTDP43,WT-A90V-G287S-G294A-A315T-M337V,m,41d,002-converte
18.38,694.72,42,1.4,6,2024-03-11,NEG-008,hTDP43,WT-A90V-G287S-G294A-A315T-M337V,m,41d,002-converte
9.16,701.89,42,1.4,6,2024-03-11,NEG-008,hTDP43,WT-A90V-G287S-G294A-A315T-M337V,m,41d,002-converte
5.02,673.76,42,1.4,6,2024-03-11,NEG-008,hTDP43,WT-A90V-G287S-G294A-A315T-M337V,m,41d,002-converte
4.76,728.08,42,1.4,6,2024-03-11,NEG-008,hTDP43,WT-A90V-G287S-G294A-A315T-M337V,m,41d,002-converte
20.37,694.59,43,1.433,6,2024-03-11,NEG-008,hTDP43,WT-A90V-G287S-G294A-A315T-M337V,m,41d,002-converte
9.17,702.04,43,1.433,6,2024-03-11,NEG-008,hTDP43,WT-A90V-G287S-G294A-A315T-M337V,m,41d,002-converte
5.0,673.82,43,1.433,6,2024-03-11,NEG-008,hTDP43,WT-A90V-G287S-G294A-A315T-M337V,m,41d,002-converte
4.72,727.89,43,1.433,6,2024-03-11,NEG-008,hTDP43,WT-A90V-G287S-G294A-A315T-M337V,m,41d,002-converte
22.11,694.0,44,1.467,6,2024-03-11,NEG-008,hTDP43,WT-A90V-G287S-G294A-A315T-M337V,m,41d,002-converte
9.18,702.18,44,1.467,6,2024-03-11,NEG-008,hTDP43,WT-A90V-G287S-G294A-A315T-M337V,m,41d,002-converte
4.99,673.88,44,1.467,6,2024-03-11,NEG-008,hTDP43,WT-A90V-G287S-G294A-A315T-M337V,m,41d,002-converte
4.7,727.73,44,1.467,6,2024-03-11,NEG-008,hTDP43,WT-A90V-G287S-G294A-A315T-M337V,m,41d,002-converte
23.28,694.01,45,1.5,6,2024-03-11,NEG-008,hTDP43,WT-A90V-G287S-G294A-A315T-M337V,m,41d,002-converte
9.33,702.57,45,1.5,6,2024-03-11,NEG-008,hTDP43,WT-A90V-G287S-G294A-A315T-M337V,m,41d,002-converte
4.97,673.87,45,1.5,6,2024-03-11,NEG-008,hTDP43,WT-A90V-G287S-G294A-A315T-M337V,m,41d,002-converte
4.73,727.7,45,1.5,6,2024-03-11,NEG-008,hTDP43,WT-A90V-G287S-G294A-A315T-M337V,m,41d,002-converte
24.22,693.81,46,1.533,6,2024-03-11,NEG-008,hTDP43,WT-A90V-G287S-G294A-A315T-M337V,m,41d,002-converte
9.68,702.83,46,1.533,6,2024-03-11,NEG-008,hTDP43,WT-A90V-G287S-G294A-A315T-M337V,m,41d,002-converte
4.95,673.86,46,1.533,6,2024-03-11,NEG-008,hTDP43,WT-A90V-G287S-G294A-A315T-M337V,m,41d,002-converte
4.76,727.67,46,1.533,6,2024-03-11,NEG-008,hTDP43,WT-A90V-G287S-G294A-A315T-M337V,m,41d,002-converte
25.11,692.79,47,1.567,6,2024-03-11,NEG-008,hTDP43,WT-A90V-G287S-G294A-A315T-M337V,m,41d,002-converte
9.63,702.97,47,1.567,6,2024-03-11,NEG-008,hTDP43,WT-A90V-G287S-G294A-A315T-M337V,m,41d,002-converte
4.94,673.84,47,1.567,6,2024-03-11,NEG-008,hTDP43,WT-A90V-G287S-G294A-A315T-M337V,m,41d,002-converte
4.77,727.67,47,1.567,6,2024-03-11,NEG-008,hTDP43,WT-A90V-G287S-G294A-A315T-M337V,m,41d,002-converte
25.54,691.95,48,1.6,6,2024-03-11,NEG-008,hTDP43,WT-A90V-G287S-G294A-A315T-M337V,m,41d,002-converte
9.3,702.94,48,1.6,6,2024-03-11,NEG-008,hTDP43,WT-A90V-G287S-G294A-A315T-M337V,m,41d,002-converte
4.92,673.84,48,1.6,6,2024-03-11,NEG-008,hTDP43,WT-A90V-G287S-G294A-A315T-M337V,m,41d,002-converte
4.76,727.67,48,1.6,6,2024-03-11,NEG-008,hTDP43,WT-A90V-G287S-G294A-A315T-M337V,m,41d,002-converte
27.05,705.9,49,1.633,6,2024-03-11,NEG-008,hTDP43,WT-A90V-G287S-G294A-A315T-M337V,m,41d,002-converte
26.23,690.29,49,1.633,6,2024-03-11,NEG-008,hTDP43,WT-A90V-G287S-G294A-A315T-M337V,m,41d,002-converte
7.63,700.87,49,1.633,6,2024-03-11,NEG-008,hTDP43,WT-A90V-G287S-G294A-A315T-M337V,m,41d,002-converte
4.89,673.82,49,1.633,6,2024-03-11,NEG-008,hTDP43,WT-A90V-G287S-G294A-A315T-M337V,m,41d,002-converte
4.76,727.67,49,1.633,6,2024-03-11,NEG-008,hTDP43,WT-A90V-G287S-G294A-A315T-M337V,m,41d,002-converte
86.9,708.95,50,1.667,6,2024-03-11,NEG-008,hTDP43,WT-A90V-G287S-G294A-A315T-M337V,m,41d,002-converte
26.18,689.93,50,1.667,6,2024-03-11,NEG-008,hTDP43,WT-A90V-G287S-G294A-A315T-M337V,m,41d,002-converte
7.64,700.87,50,1.667,6,2024-03-11,NEG-008,hTDP43,WT-A90V-G287S-G294A-A315T-M337V,m,41d,002-converte
4.89,673.82,50,1.667,6,2024-03-11,NEG-008,hTDP43,WT-A90V-G287S-G294A-A315T-M337V,m,41d,002-converte
4.75,728.13,50,1.667,6,2024-03-11,NEG-008,hTDP43,WT-A90V-G287S-G294A-A315T-M337V,m,41d,002-converte
145.32,700.02,51,1.7,6,2024-03-11,NEG-008,hTDP43,WT-A90V-G287S-G294A-A315T-M337V,m,41d,002-converte
26.29,688.97,51,1.7,6,2024-03-11,NEG-008,hTDP43,WT-A90V-G287S-G294A-A315T-M337V,m,41d,002-converte
7.62,700.86,51,1.7,6,2024-03-11,NEG-008,hTDP43,WT-A90V-G287S-G294A-A315T-M337V,m,41d,002-converte
4.88,673.81,51,1.7,6,2024-03-11,NEG-008,hTDP43,WT-A90V-G287S-G294A-A315T-M337V,m,41d,002-converte
4.75,728.46,51,1.7,6,2024-03-11,NEG-008,hTDP43,WT-A90V-G287S-G294A-A315T-M337V,m,41d,002-converte
190.8,687.76,52,1.733,6,2024-03-11,NEG-008,hTDP43,WT-A90V-G287S-G294A-A315T-M337V,m,41d,002-converte
27.03,687.38,52,1.733,6,2024-03-11,NEG-008,hTDP43,WT-A90V-G287S-G294A-A315T-M337V,m,41d,002-converte
7.62,700.85,52,1.733,6,2024-03-11,NEG-008,hTDP43,WT-A90V-G287S-G294A-A315T-M337V,m,41d,002-converte
4.87,673.81,52,1.733,6,2024-03-11,NEG-008,hTDP43,WT-A90V-G287S-G294A-A315T-M337V,m,41d,002-converte
4.75,728.46,52,1.733,6,2024-03-11,NEG-008,hTDP43,WT-A90V-G287S-G294A-A315T-M337V,m,41d,002-converte
213.22,705.74,53,1.767,6,2024-03-11,NEG-008,hTDP43,WT-A90V-G287S-G294A-A315T-M337V,m,41d,002-converte
27.13,686.95,53,1.767,6,2024-03-11,NEG-008,hTDP43,WT-A90V-G287S-G294A-A315T-M337V,m,41d,002-converte
7.6,700.85,53,1.767,6,2024-03-11,NEG-008,hTDP43,WT-A90V-G287S-G294A-A315T-M337V,m,41d,002-converte
4.87,673.83,53,1.767,6,2024-03-11,NEG-008,hTDP43,WT-A90V-G287S-G294A-A315T-M337V,m,41d,002-converte
4.76,728.51,53,1.767,6,2024-03-11,NEG-008,hTDP43,WT-A90V-G287S-G294A-A315T-M337V,m,41d,002-converte
232.98,710.93,54,1.8,6,2024-03-11,NEG-008,hTDP43,WT-A90V-G287S-G294A-A315T-M337V,m,41d,002-converte
27.03,686.29,54,1.8,6,2024-03-11,NEG-008,hTDP43,WT-A90V-G287S-G294A-A315T-M337V,m,41d,002-converte
7.6,700.85,54,1.8,6,2024-03-11,NEG-008,hTDP43,WT-A90V-G287S-G294A-A315T-M337V,m,41d,002-converte
4.89,673.84,54,1.8,6,2024-03-11,NEG-008,hTDP43,WT-A90V-G287S-G294A-A315T-M337V,m,41d,002-converte
4.77,728.55,54,1.8,6,2024-03-11,NEG-008,hTDP43,WT-A90V-G287S-G294A-A315T-M337V,m,41d,002-converte
223.63,690.63,55,1.833,6,2024-03-11,NEG-008,hTDP43,WT-A90V-G287S-G294A-A315T-M337V,m,41d,002-converte
26.74,685.92,55,1.833,6,2024-03-11,NEG-008,hTDP43,WT-A90V-G287S-G294A-A315T-M337V,m,41d,002-converte
7.62,700.57,55,1.833,6,2024-03-11,NEG-008,hTDP43,WT-A90V-G287S-G294A-A315T-M337V,m,41d,002-converte
4.89,673.84,55,1.833,6,2024-03-11,NEG-008,hTDP43,WT-A90V-G287S-G294A-A315T-M337V,m,41d,002-converte
4.79,728.61,55,1.833,6,2024-03-11,NEG-008,hTDP43,WT-A90V-G287S-G294A-A315T-M337V,m,41d,002-converte
213.21,695.5,56,1.867,6,2024-03-11,NEG-008,hTDP43,WT-A90V-G287S-G294A-A315T-M337V,m,41d,002-converte
26.17,685.09,56,1.867,6,2024-03-11,NEG-008,hTDP43,WT-A90V-G287S-G294A-A315T-M337V,m,41d,002-converte
7.85,700.06,56,1.867,6,2024-03-11,NEG-008,hTDP43,WT-A90V-G287S-G294A-A315T-M337V,m,41d,002-converte
4.92,673.87,56,1.867,6,2024-03-11,NEG-008,hTDP43,WT-A90V-G287S-G294A-A315T-M337V,m,41d,002-converte
4.79,728.66,56,1.867,6,2024-03-11,NEG-008,hTDP43,WT-A90V-G287S-G294A-A315T-M337V,m,41d,002-converte
218.43,706.08,57,1.9,6,2024-03-11,NEG-008,hTDP43,WT-A90V-G287S-G294A-A315T-M337V,m,41d,002-converte
25.37,684.07,57,1.9,6,2024-03-11,NEG-008,hTDP43,WT-A90V-G287S-G294A-A315T-M337V,m,41d,002-converte
7.99,699.91,57,1.9,6,2024-03-11,NEG-008,hTDP43,WT-A90V-G287S-G294A-A315T-M337V,m,41d,002-converte
4.92,673.87,57,1.9,6,2024-03-11,NEG-008,hTDP43,WT-A90V-G287S-G294A-A315T-M337V,m,41d,002-converte
4.79,728.67,57,1.9,6,2024-03-11,NEG-008,hTDP43,WT-A90V-G287S-G294A-A315T-M337V,m,41d,002-converte
227.82,685.39,58,1.933,6,2024-03-11,NEG-008,hTDP43,WT-A90V-G287S-G294A-A315T-M337V,m,41d,002-converte
25.17,683.75,58,1.933,6,2024-03-11,NEG-008,hTDP43,WT-A90V-G287S-G294A-A315T-M337V,m,41d,002-converte
8.13,699.82,58,1.933,6,2024-03-11,NEG-008,hTDP43,WT-A90V-G287S-G294A-A315T-M337V,m,41d,002-converte
4.92,673.87,58,1.933,6,2024-03-11,NEG-008,hTDP43,WT-A90V-G287S-G294A-A315T-M337V,m,41d,002-converte
4.77,728.67,58,1.933,6,2024-03-11,NEG-008,hTDP43,WT-A90V-G287S-G294A-A315T-M337V,m,41d,002-converte
226.4,677.76,59,1.967,6,2024-03-11,NEG-008,hTDP43,WT-A90V-G287S-G294A-A315T-M337V,m,41d,002-converte
24.63,682.97,59,1.967,6,2024-03-11,NEG-008,hTDP43,WT-A90V-G287S-G294A-A315T-M337V,m,41d,002-converte
8.19,699.61,59,1.967,6,2024-03-11,NEG-008,hTDP43,WT-A90V-G287S-G294A-A315T-M337V,m,41d,002-converte
4.92,673.87,59,1.967,6,2024-03-11,NEG-008,hTDP43,WT-A90V-G287S-G294A-A315T-M337V,m,41d,002-converte
4.77,728.67,59,1.967,6,2024-03-11,NEG-008,hTDP43,WT-A90V-G287S-G294A-A315T-M337V,m,41d,002-converte
216.19,673.05,60,2.0,6,2024-03-11,NEG-008,hTDP43,WT-A90V-G287S-G294A-A315T-M337V,m,41d,002-converte
24.23,682.68,60,2.0,6,2024-03-11,NEG-008,hTDP43,WT-A90V-G287S-G294A-A315T-M337V,m,41d,002-converte
8.26,699.44,60,2.0,6,2024-03-11,NEG-008,hTDP43,WT-A90V-G287S-G294A-A315T-M337V,m,41d,002-converte
4.92,673.87,60,2.0,6,2024-03-11,NEG-008,hTDP43,WT-A90V-G287S-G294A-A315T-M337V,m,41d,002-converte
4.77,728.67,60,2.0,6,2024-03-11,NEG-008,hTDP43,WT-A90V-G287S-G294A-A315T-M337V,m,41d,002-converte
216.11,672.87,61,2.033,6,2024-03-11,NEG-008,hTDP43,WT-A90V-G287S-G294A-A315T-M337V,m,41d,002-converte
23.89,682.18,61,2.033,6,2024-03-11,NEG-008,hTDP43,WT-A90V-G287S-G294A-A315T-M337V,m,41d,002-converte
8.36,699.16,61,2.033,6,2024-03-11,NEG-008,hTDP43,WT-A90V-G287S-G294A-A315T-M337V,m,41d,002-converte
5.02,674.0,61,2.033,6,2024-03-11,NEG-008,hTDP43,WT-A90V-G287S-G294A-A315T-M337V,m,41d,002-converte
4.77,728.67,61,2.033,6,2024-03-11,NEG-008,hTDP43,WT-A90V-G287S-G294A-A315T-M337V,m,41d,002-converte
216.86,672.72,62,2.067,6,2024-03-11,NEG-008,hTDP43,WT-A90V-G287S-G294A-A315T-M337V,m,41d,002-converte
23.55,681.57,62,2.067,6,2024-03-11,NEG-008,hTDP43,WT-A90V-G287S-G294A-A315T-M337V,m,41d,002-converte
8.49,698.89,62,2.067,6,2024-03-11,NEG-008,hTDP43,WT-A90V-G287S-G294A-A315T-M337V,m,41d,002-converte
5.12,674.11,62,2.067,6,2024-03-11,NEG-008,hTDP43,WT-A90V-G287S-G294A-A315T-M337V,m,41d,002-converte
4.78,728.66,62,2.067,6,2024-03-11,NEG-008,hTDP43,WT-A90V-G287S-G294A-A315T-M337V,m,41d,002-converte
217.86,672.71,63,2.1,6,2024-03-11,NEG-008,hTDP43,WT-A90V-G287S-G294A-A315T-M337V,m,41d,002-converte
23.55,681.57,63,2.1,6,2024-03-11,NEG-008,hTDP43,WT-A90V-G287S-G294A-A315T-M337V,m,41d,002-converte
8.45,698.37,63,2.1,6,2024-03-11,NEG-008,hTDP43,WT-A90V-G287S-G294A-A315T-M337V,m,41d,002-converte
5.3,674.16,63,2.1,6,2024-03-11,NEG-008,hTDP43,WT-A90V-G287S-G294A-A315T-M337V,m,41d,002-converte
4.77,728.67,63,2.1,6,2024-03-11,NEG-008,hTDP43,WT-A90V-G287S-G294A-A315T-M337V,m,41d,002-converte
218.17,672.27,64,2.133,6,2024-03-11,NEG-008,hTDP43,WT-A90V-G287S-G294A-A315T-M337V,m,41d,002-converte
23.55,681.57,64,2.133,6,2024-03-11,NEG-008,hTDP43,WT-A90V-G287S-G294A-A315T-M337V,m,41d,002-converte
8.04,697.96,64,2.133,6,2024-03-11,NEG-008,hTDP43,WT-A90V-G287S-G294A-A315T-M337V,m,41d,002-converte
5.5,673.92,64,2.133,6,2024-03-11,NEG-008,hTDP43,WT-A90V-G287S-G294A-A315T-M337V,m,41d,002-converte
4.78,728.6,64,2.133,6,2024-03-11,NEG-008,hTDP43,WT-A90V-G287S-G294A-A315T-M337V,m,41d,002-converte
219.81,672.91,65,2.167,6,2024-03-11,NEG-008,hTDP43,WT-A90V-G287S-G294A-A315T-M337V,m,41d,002-converte
23.55,681.57,65,2.167,6,2024-03-11,NEG-008,hTDP43,WT-A90V-G287S-G294A-A315T-M337V,m,41d,002-converte
8.06,697.41,65,2.167,6,2024-03-11,NEG-008,hTDP43,WT-A90V-G287S-G294A-A315T-M337V,m,41d,002-converte
5.65,673.94,65,2.167,6,2024-03-11,NEG-008,hTDP43,WT-A90V-G287S-G294A-A315T-M337V,m,41d,002-converte
4.76,728.03,65,2.167,6,2024-03-11,NEG-008,hTDP43,WT-A90V-G287S-G294A-A315T-M337V,m,41d,002-converte
221.02,672.92,66,2.2,6,2024-03-11,NEG-008,hTDP43,WT-A90V-G287S-G294A-A315T-M337V,m,41d,002-converte
23.86,682.06,66,2.2,6,2024-03-11,NEG-008,hTDP43,WT-A90V-G287S-G294A-A315T-M337V,m,41d,002-converte
8.06,697.41,66,2.2,6,2024-03-11,NEG-008,hTDP43,WT-A90V-G287S-G294A-A315T-M337V,m,41d,002-converte
5.73,673.96,66,2.2,6,2024-03-11,NEG-008,hTDP43,WT-A90V-G287S-G294A-A315T-M337V,m,41d,002-converte
4.9,728.42,66,2.2,6,2024-03-11,NEG-008,hTDP43,WT-A90V-G287S-G294A-A315T-M337V,m,41d,002-converte
222.78,673.0,67,2.233,6,2024-03-11,NEG-008,hTDP43,WT-A90V-G287S-G294A-A315T-M337V,m,41d,002-converte
24.14,682.16,67,2.233,6,2024-03-11,NEG-008,hTDP43,WT-A90V-G287S-G294A-A315T-M337V,m,41d,002-converte
12.44,670.33,67,2.233,6,2024-03-11,NEG-008,hTDP43,WT-A90V-G287S-G294A-A315T-M337V,m,41d,002-converte
8.04,697.34,67,2.233,6,2024-03-11,NEG-008,hTDP43,WT-A90V-G287S-G294A-A315T-M337V,m,41d,002-converte
4.82,728.61,67,2.233,6,2024-03-11,NEG-008,hTDP43,WT-A90V-G287S-G294A-A315T-M337V,m,41d,002-converte
223.91,672.85,68,2.267,6,2024-03-11,NEG-008,hTDP43,WT-A90V-G287S-G294A-A315T-M337V,m,41d,002-converte
24.14,682.16,68,2.267,6,2024-03-11,NEG-008,hTDP43,WT-A90V-G287S-G294A-A315T-M337V,m,41d,002-converte
8.71,673.56,68,2.267,6,2024-03-11,NEG-008,hTDP43,WT-A90V-G287S-G294A-A315T-M337V,m,41d,002-converte
8.02,697.28,68,2.267,6,2024-03-11,NEG-008,hTDP43,WT-A90V-G287S-G294A-A315T-M337V,m,41d,002-converte
4.78,728.76,68,2.267,6,2024-03-11,NEG-008,hTDP43,WT-A90V-G287S-G294A-A315T-M337V,m,41d,002-converte
225.18,672.95,69,2.3,6,2024-03-11,NEG-008,hTDP43,WT-A90V-G287S-G294A-A315T-M337V,m,41d,002-converte
24.14,682.16,69,2.3,6,2024-03-11,NEG-008,hTDP43,WT-A90V-G287S-G294A-A315T-M337V,m,41d,002-converte
7.97,697.14,69,2.3,6,2024-03-11,NEG-008,hTDP43,WT-A90V-G287S-G294A-A315T-M337V,m,41d,002-converte
6.18,674.44,69,2.3,6,2024-03-11,NEG-008,hTDP43,WT-A90V-G287S-G294A-A315T-M337V,m,41d,002-converte
4.89,728.42,69,2.3,6,2024-03-11,NEG-008,hTDP43,WT-A90V-G287S-G294A-A315T-M337V,m,41d,002-converte
227.09,672.96,70,2.333,6,2024-03-11,NEG-008,hTDP43,WT-A90V-G287S-G294A-A315T-M337V,m,41d,002-converte
24.14,682.16,70,2.333,6,2024-03-11,NEG-008,hTDP43,WT-A90V-G287S-G294A-A315T-M337V,m,41d,002-converte
7.97,697.14,70,2.333,6,2024-03-11,NEG-008,hTDP43,WT-A90V-G287S-G294A-A315T-M337V,m,41d,002-converte
5.87,673.86,70,2.333,6,2024-03-11,NEG-008,hTDP43,WT-A90V-G287S-G294A-A315T-M337V,m,41d,002-converte
4.71,729.05,70,2.333,6,2024-03-11,NEG-008,hTDP43,WT-A90V-G287S-G294A-A315T-M337V,m,41d,002-converte
228.18,672.95,71,2.367,6,2024-03-11,NEG-008,hTDP43,WT-A90V-G287S-G294A-A315T-M337V,m,41d,002-converte
24.14,682.16,71,2.367,6,2024-03-11,NEG-008,hTDP43,WT-A90V-G287S-G294A-A315T-M337V,m,41d,002-converte
7.97,697.03,71,2.367,6,2024-03-11,NEG-008,hTDP43,WT-A90V-G287S-G294A-A315T-M337V,m,41d,002-converte
6.07,673.8,71,2.367,6,2024-03-11,NEG-008,hTDP43,WT-A90V-G287S-G294A-A315T-M337V,m,41d,002-converte
4.72,729.05,71,2.367,6,2024-03-11,NEG-008,hTDP43,WT-A90V-G287S-G294A-A315T-M337V,m,41d,002-converte
229.92,672.87,72,2.4,6,2024-03-11,NEG-008,hTDP43,WT-A90V-G287S-G294A-A315T-M337V,m,41d,002-converte
24.14,682.16,72,2.4,6,2024-03-11,NEG-008,hTDP43,WT-A90V-G287S-G294A-A315T-M337V,m,41d,002-converte
7.97,696.93,72,2.4,6,2024-03-11,NEG-008,hTDP43,WT-A90V-G287S-G294A-A315T-M337V,m,41d,002-converte
6.08,673.79,72,2.4,6,2024-03-11,NEG-008,hTDP43,WT-A90V-G287S-G294A-A315T-M337V,m,41d,002-converte
4.74,728.1,72,2.4,6,2024-03-11,NEG-008,hTDP43,WT-A90V-G287S-G294A-A315T-M337V,m,41d,002-converte
231.04,672.62,73,2.433,6,2024-03-11,NEG-008,hTDP43,WT-A90V-G287S-G294A-A315T-M337V,m,41d,002-converte
24.14,682.16,73,2.433,6,2024-03-11,NEG-008,hTDP43,WT-A90V-G287S-G294A-A315T-M337V,m,41d,002-converte
7.97,696.92,73,2.433,6,2024-03-11,NEG-008,hTDP43,WT-A90V-G287S-G294A-A315T-M337V,m,41d,002-converte
6.07,673.79,73,2.433,6,2024-03-11,NEG-008,hTDP43,WT-A90V-G287S-G294A-A315T-M337V,m,41d,002-converte
4.75,728.1,73,2.433,6,2024-03-11,NEG-008,hTDP43,WT-A90V-G287S-G294A-A315T-M337V,m,41d,002-converte
232.07,672.22,74,2.467,6,2024-03-11,NEG-008,hTDP43,WT-A90V-G287S-G294A-A315T-M337V,m,41d,002-converte
24.04,682.02,74,2.467,6,2024-03-11,NEG-008,hTDP43,WT-A90V-G287S-G294A-A315T-M337V,m,41d,002-converte
7.98,696.9,74,2.467,6,2024-03-11,NEG-008,hTDP43,WT-A90V-G287S-G294A-A315T-M337V,m,41d,002-converte
6.07,673.79,74,2.467,6,2024-03-11,NEG-008,hTDP43,WT-A90V-G287S-G294A-A315T-M337V,m,41d,002-converte
4.75,728.1,74,2.467,6,2024-03-11,NEG-008,hTDP43,WT-A90V-G287S-G294A-A315T-M337V,m,41d,002-converte
233.14,672.09,75,2.5,6,2024-03-11,NEG-008,hTDP43,WT-A90V-G287S-G294A-A315T-M337V,m,41d,002-converte
26.34,699.1,75,2.5,6,2024-03-11,NEG-008,hTDP43,WT-A90V-G287S-G294A-A315T-M337V,m,41d,002-converte
8.01,697.1,75,2.5,6,2024-03-11,NEG-008,hTDP43,WT-A90V-G287S-G294A-A315T-M337V,m,41d,002-converte
6.07,673.79,75,2.5,6,2024-03-11,NEG-008,hTDP43,WT-A90V-G287S-G294A-A315T-M337V,m,41d,002-converte
4.73,728.12,75,2.5,6,2024-03-11,NEG-008,hTDP43,WT-A90V-G287S-G294A-A315T-M337V,m,41d,002-converte
234.85,671.99,76,2.533,6,2024-03-11,NEG-008,hTDP43,WT-A90V-G287S-G294A-A315T-M337V,m,41d,002-converte
34.2,703.99,76,2.533,6,2024-03-11,NEG-008,hTDP43,WT-A90V-G287S-G294A-A315T-M337V,m,41d,002-converte
7.89,697.65,76,2.533,6,2024-03-11,NEG-008,hTDP43,WT-A90V-G287S-G294A-A315T-M337V,m,41d,002-converte
6.07,673.79,76,2.533,6,2024-03-11,NEG-008,hTDP43,WT-A90V-G287S-G294A-A315T-M337V,m,41d,002-converte
4.73,728.14,76,2.533,6,2024-03-11,NEG-008,hTDP43,WT-A90V-G287S-G294A-A315T-M337V,m,41d,002-converte
236.71,671.68,77,2.567,6,2024-03-11,NEG-008,hTDP43,WT-A90V-G287S-G294A-A315T-M337V,m,41d,002-converte
34.32,704.1,77,2.567,6,2024-03-11,NEG-008,hTDP43,WT-A90V-G287S-G294A-A315T-M337V,m,41d,002-converte
7.9,697.98,77,2.567,6,2024-03-11,NEG-008,hTDP43,WT-A90V-G287S-G294A-A315T-M337V,m,41d,002-converte
6.07,673.79,77,2.567,6,2024-03-11,NEG-008,hTDP43,WT-A90V-G287S-G294A-A315T-M337V,m,41d,002-converte
4.73,728.16,77,2.567,6,2024-03-11,NEG-008,hTDP43,WT-A90V-G287S-G294A-A315T-M337V,m,41d,002-converte
237.19,671.62,78,2.6,6,2024-03-11,NEG-008,hTDP43,WT-A90V-G287S-G294A-A315T-M337V,m,41d,002-converte
34.2,704.1,78,2.6,6,2024-03-11,NEG-008,hTDP43,WT-A90V-G287S-G294A-A315T-M337V,m,41d,002-converte
7.86,698.51,78,2.6,6,2024-03-11,NEG-008,hTDP43,WT-A90V-G287S-G294A-A315T-M337V,m,41d,002-converte
6.07,673.8,78,2.6,6,2024-03-11,NEG-008,hTDP43,WT-A90V-G287S-G294A-A315T-M337V,m,41d,002-converte
4.74,728.19,78,2.6,6,2024-03-11,NEG-008,hTDP43,WT-A90V-G287S-G294A-A315T-M337V,m,41d,002-converte
239.01,671.6,79,2.633,6,2024-03-11,NEG-008,hTDP43,WT-A90V-G287S-G294A-A315T-M337V,m,41d,002-converte
34.19,704.1,79,2.633,6,2024-03-11,NEG-008,hTDP43,WT-A90V-G287S-G294A-A315T-M337V,m,41d,002-converte
7.84,699.16,79,2.633,6,2024-03-11,NEG-008,hTDP43,WT-A90V-G287S-G294A-A315T-M337V,m,41d,002-converte
6.07,673.79,79,2.633,6,2024-03-11,NEG-008,hTDP43,WT-A90V-G287S-G294A-A315T-M337V,m,41d,002-converte
4.86,728.38,79,2.633,6,2024-03-11,NEG-008,hTDP43,WT-A90V-G287S-G294A-A315T-M337V,m,41d,002-converte
240.89,671.23,80,2.667,6,2024-03-11,NEG-008,hTDP43,WT-A90V-G287S-G294A-A315T-M337V,m,41d,002-converte
34.18,704.1,80,2.667,6,2024-03-11,NEG-008,hTDP43,WT-A90V-G287S-G294A-A315T-M337V,m,41d,002-converte
7.87,700.06,80,2.667,6,2024-03-11,NEG-008,hTDP43,WT-A90V-G287S-G294A-A315T-M337V,m,41d,002-converte
6.08,673.79,80,2.667,6,2024-03-11,NEG-008,hTDP43,WT-A90V-G287S-G294A-A315T-M337V,m,41d,002-converte
4.79,728.73,80,2.667,6,2024-03-11,NEG-008,hTDP43,WT-A90V-G287S-G294A-A315T-M337V,m,41d,002-converte
242.0,671.11,81,2.7,6,2024-03-11,NEG-008,hTDP43,WT-A90V-G287S-G294A-A315T-M337V,m,41d,002-converte
34.18,704.1,81,2.7,6,2024-03-11,NEG-008,hTDP43,WT-A90V-G287S-G294A-A315T-M337V,m,41d,002-converte
7.81,701.14,81,2.7,6,2024-03-11,NEG-008,hTDP43,WT-A90V-G287S-G294A-A315T-M337V,m,41d,002-converte
6.07,673.79,81,2.7,6,2024-03-11,NEG-008,hTDP43,WT-A90V-G287S-G294A-A315T-M337V,m,41d,002-converte
4.73,728.18,81,2.7,6,2024-03-11,NEG-008,hTDP43,WT-A90V-G287S-G294A-A315T-M337V,m,41d,002-converte
243.87,671.11,82,2.733,6,2024-03-11,NEG-008,hTDP43,WT-A90V-G287S-G294A-A315T-M337V,m,41d,002-converte
34.16,704.1,82,2.733,6,2024-03-11,NEG-008,hTDP43,WT-A90V-G287S-G294A-A315T-M337V,m,41d,002-converte
7.74,702.91,82,2.733,6,2024-03-11,NEG-008,hTDP43,WT-A90V-G287S-G294A-A315T-M337V,m,41d,002-converte
6.07,673.79,82,2.733,6,2024-03-11,NEG-008,hTDP43,WT-A90V-G287S-G294A-A315T-M337V,m,41d,002-converte
4.76,728.11,82,2.733,6,2024-03-11,NEG-008,hTDP43,WT-A90V-G287S-G294A-A315T-M337V,m,41d,002-converte
245.94,670.99,83,2.767,6,2024-03-11,NEG-008,hTDP43,WT-A90V-G287S-G294A-A315T-M337V,m,41d,002-converte
34.16,704.1,83,2.767,6,2024-03-11,NEG-008,hTDP43,WT-A90V-G287S-G294A-A315T-M337V,m,41d,002-converte
20.11,670.5,83,2.767,6,2024-03-11,NEG-008,hTDP43,WT-A90V-G287S-G294A-A315T-M337V,m,41d,002-converte
7.75,704.47,83,2.767,6,2024-03-11,NEG-008,hTDP43,WT-A90V-G287S-G294A-A315T-M337V,m,41d,002-converte
4.77,728.15,83,2.767,6,2024-03-11,NEG-008,hTDP43,WT-A90V-G287S-G294A-A315T-M337V,m,41d,002-converte
247.69,670.89,84,2.8,6,2024-03-11,NEG-008,hTDP43,WT-A90V-G287S-G294A-A315T-M337V,m,41d,002-converte
34.16,704.1,84,2.8,6,2024-03-11,NEG-008,hTDP43,WT-A90V-G287S-G294A-A315T-M337V,m,41d,002-converte
16.37,681.02,84,2.8,6,2024-03-11,NEG-008,hTDP43,WT-A90V-G287S-G294A-A315T-M337V,m,41d,002-converte
7.75,705.75,84,2.8,6,2024-03-11,NEG-008,hTDP43,WT-A90V-G287S-G294A-A315T-M337V,m,41d,002-converte
4.77,728.18,84,2.8,6,2024-03-11,NEG-008,hTDP43,WT-A90V-G287S-G294A-A315T-M337V,m,41d,002-converte
249.17,670.96,85,2.833,6,2024-03-11,NEG-008,hTDP43,WT-A90V-G287S-G294A-A315T-M337V,m,41d,002-converte
34.16,704.1,85,2.833,6,2024-03-11,NEG-008,hTDP43,WT-A90V-G287S-G294A-A315T-M337V,m,41d,002-converte
9.27,685.02,85,2.833,6,2024-03-11,NEG-008,hTDP43,WT-A90V-G287S-G294A-A315T-M337V,m,41d,002-converte
7.72,705.95,85,2.833,6,2024-03-11,NEG-008,hTDP43,WT-A90V-G287S-G294A-A315T-M337V,m,41d,002-converte
4.78,728.22,85,2.833,6,2024-03-11,NEG-008,hTDP43,WT-A90V-G287S-G294A-A315T-M337V,m,41d,002-converte
251.7,670.88,86,2.867,6,2024-03-11,NEG-008,hTDP43,WT-A90V-G287S-G294A-A315T-M337V,m,41d,002-converte
34.16,704.1,86,2.867,6,2024-03-11,NEG-008,hTDP43,WT-A90V-G287S-G294A-A315T-M337V,m,41d,002-converte
14.4,674.39,86,2.867,6,2024-03-11,NEG-008,hTDP43,WT-A90V-G287S-G294A-A315T-M337V,m,41d,002-converte
7.7,706.66,86,2.867,6,2024-03-11,NEG-008,hTDP43,WT-A90V-G287S-G294A-A315T-M337V,m,41d,002-converte
4.79,728.26,86,2.867,6,2024-03-11,NEG-008,hTDP43,WT-A90V-G287S-G294A-A315T-M337V,m,41d,002-converte
253.69,670.89,87,2.9,6,2024-03-11,NEG-008,hTDP43,WT-A90V-G287S-G294A-A315T-M337V,m,41d,002-converte
34.16,704.1,87,2.9,6,2024-03-11,NEG-008,hTDP43,WT-A90V-G287S-G294A-A315T-M337V,m,41d,002-converte
12.7,673.07,87,2.9,6,2024-03-11,NEG-008,hTDP43,WT-A90V-G287S-G294A-A315T-M337V,m,41d,002-converte
7.6,706.92,87,2.9,6,2024-03-11,NEG-008,hTDP43,WT-A90V-G287S-G294A-A315T-M337V,m,41d,002-converte
4.78,728.26,87,2.9,6,2024-03-11,NEG-008,hTDP43,WT-A90V-G287S-G294A-A315T-M337V,m,41d,002-converte
255.03,670.98,88,2.933,6,2024-03-11,NEG-008,hTDP43,WT-A90V-G287S-G294A-A315T-M337V,m,41d,002-converte
34.17,704.1,88,2.933,6,2024-03-11,NEG-008,hTDP43,WT-A90V-G287S-G294A-A315T-M337V,m,41d,002-converte
8.05,675.99,88,2.933,6,2024-03-11,NEG-008,hTDP43,WT-A90V-G287S-G294A-A315T-M337V,m,41d,002-converte
7.56,707.5,88,2.933,6,2024-03-11,NEG-008,hTDP43,WT-A90V-G287S-G294A-A315T-M337V,m,41d,002-converte
4.78,728.27,88,2.933,6,2024-03-11,NEG-008,hTDP43,WT-A90V-G287S-G294A-A315T-M337V,m,41d,002-converte
257.61,670.9,89,2.967,6,2024-03-11,NEG-008,hTDP43,WT-A90V-G287S-G294A-A315T-M337V,m,41d,002-converte
34.16,704.1,89,2.967,6,2024-03-11,NEG-008,hTDP43,WT-A90V-G287S-G294A-A315T-M337V,m,41d,002-converte
7.56,707.5,89,2.967,6,2024-03-11,NEG-008,hTDP43,WT-A90V-G287S-G294A-A315T-M337V,m,41d,002-converte
5.4,676.19,89,2.967,6,2024-03-11,NEG-008,hTDP43,WT-A90V-G287S-G294A-A315T-M337V,m,41d,002-converte
4.79,728.26,89,2.967,6,2024-03-11,NEG-008,hTDP43,WT-A90V-G287S-G294A-A315T-M337V,m,41d,002-converte
259.0,670.9,90,3.0,6,2024-03-11,NEG-008,hTDP43,WT-A90V-G287S-G294A-A315T-M337V,m,41d,002-converte
34.03,704.1,90,3.0,6,2024-03-11,NEG-008,hTDP43,WT-A90V-G287S-G294A-A315T-M337V,m,41d,002-converte
7.48,707.58,90,3.0,6,2024-03-11,NEG-008,hTDP43,WT-A90V-G287S-G294A-A315T-M337V,m,41d,002-converte
6.77,675.95,90,3.0,6,2024-03-11,NEG-008,hTDP43,WT-A90V-G287S-G294A-A315T-M337V,m,41d,002-converte
4.78,728.26,90,3.0,6,2024-03-11,NEG-008,hTDP43,WT-A90V-G287S-G294A-A315T-M337V,m,41d,002-converte
260.91,671.13,91,3.033,6,2024-03-11,NEG-008,hTDP43,WT-A90V-G287S-G294A-A315T-M337V,m,41d,002-converte
33.47,704.02,91,3.033,6,2024-03-11,NEG-008,hTDP43,WT-A90V-G287S-G294A-A315T-M337V,m,41d,002-converte
7.46,676.14,91,3.033,6,2024-03-11,NEG-008,hTDP43,WT-A90V-G287S-G294A-A315T-M337V,m,41d,002-converte
7.42,707.67,91,3.033,6,2024-03-11,NEG-008,hTDP43,WT-A90V-G287S-G294A-A315T-M337V,m,41d,002-converte
4.79,728.26,91,3.033,6,2024-03-11,NEG-008,hTDP43,WT-A90V-G287S-G294A-A315T-M337V,m,41d,002-converte
262.8,671.07,92,3.067,6,2024-03-11,NEG-008,hTDP43,WT-A90V-G287S-G294A-A315T-M337V,m,41d,002-converte
33.96,703.76,92,3.067,6,2024-03-11,NEG-008,hTDP43,WT-A90V-G287S-G294A-A315T-M337V,m,41d,002-converte
7.6,676.42,92,3.067,6,2024-03-11,NEG-008,hTDP43,WT-A90V-G287S-G294A-A315T-M337V,m,41d,002-converte
7.36,707.76,92,3.067,6,2024-03-11,NEG-008,hTDP43,WT-A90V-G287S-G294A-A315T-M337V,m,41d,002-converte
4.78,728.26,92,3.067,6,2024-03-11,NEG-008,hTDP43,WT-A90V-G287S-G294A-A315T-M337V,m,41d,002-converte
263.49,671.12,93,3.1,6,2024-03-11,NEG-008,hTDP43,WT-A90V-G287S-G294A-A315T-M337V,m,41d,002-converte
34.14,703.08,93,3.1,6,2024-03-11,NEG-008,hTDP43,WT-A90V-G287S-G294A-A315T-M337V,m,41d,002-converte
7.98,676.94,93,3.1,6,2024-03-11,NEG-008,hTDP43,WT-A90V-G287S-G294A-A315T-M337V,m,41d,002-converte
7.33,707.85,93,3.1,6,2024-03-11,NEG-008,hTDP43,WT-A90V-G287S-G294A-A315T-M337V,m,41d,002-converte
4.85,727.02,93,3.1,6,2024-03-11,NEG-008,hTDP43,WT-A90V-G287S-G294A-A315T-M337V,m,41d,002-converte
265.96,671.78,94,3.133,6,2024-03-11,NEG-008,hTDP43,WT-A90V-G287S-G294A-A315T-M337V,m,41d,002-converte
35.17,701.28,94,3.133,6,2024-03-11,NEG-008,hTDP43,WT-A90V-G287S-G294A-A315T-M337V,m,41d,002-converte
8.33,677.05,94,3.133,6,2024-03-11,NEG-008,hTDP43,WT-A90V-G287S-G294A-A315T-M337V,m,41d,002-converte
7.3,707.94,94,3.133,6,2024-03-11,NEG-008,hTDP43,WT-A90V-G287S-G294A-A315T-M337V,m,41d,002-converte
3.53,731.21,94,3.133,6,2024-03-11,NEG-008,hTDP43,WT-A90V-G287S-G294A-A315T-M337V,m,41d,002-converte
267.82,671.88,95,3.167,6,2024-03-11,NEG-008,hTDP43,WT-A90V-G287S-G294A-A315T-M337V,m,41d,002-converte
35.04,700.69,95,3.167,6,2024-03-11,NEG-008,hTDP43,WT-A90V-G287S-G294A-A315T-M337V,m,41d,002-converte
10.21,677.61,95,3.167,6,2024-03-11,NEG-008,hTDP43,WT-A90V-G287S-G294A-A315T-M337V,m,41d,002-converte
7.24,708.13,95,3.167,6,2024-03-11,NEG-008,hTDP43,WT-A90V-G287S-G294A-A315T-M337V,m,41d,002-converte
3.3,731.72,95,3.167,6,2024-03-11,NEG-008,hTDP43,WT-A90V-G287S-G294A-A315T-M337V,m,41d,002-converte
269.04,672.04,96,3.2,6,2024-03-11,NEG-008,hTDP43,WT-A90V-G287S-G294A-A315T-M337V,m,41d,002-converte
35.24,699.76,96,3.2,6,2024-03-11,NEG-008,hTDP43,WT-A90V-G287S-G294A-A315T-M337V,m,41d,002-converte
11.07,677.6,96,3.2,6,2024-03-11,NEG-008,hTDP43,WT-A90V-G287S-G294A-A315T-M337V,m,41d,002-converte
7.24,708.14,96,3.2,6,2024-03-11,NEG-008,hTDP43,WT-A90V-G287S-G294A-A315T-M337V,m,41d,002-converte
3.54,731.4,96,3.2,6,2024-03-11,NEG-008,hTDP43,WT-A90V-G287S-G294A-A315T-M337V,m,41d,002-converte
269.58,672.18,97,3.233,6,2024-03-11,NEG-008,hTDP43,WT-A90V-G287S-G294A-A315T-M337V,m,41d,002-converte
34.9,698.64,97,3.233,6,2024-03-11,NEG-008,hTDP43,WT-A90V-G287S-G294A-A315T-M337V,m,41d,002-converte
11.44,677.24,97,3.233,6,2024-03-11,NEG-008,hTDP43,WT-A90V-G287S-G294A-A315T-M337V,m,41d,002-converte
7.24,708.12,97,3.233,6,2024-03-11,NEG-008,hTDP43,WT-A90V-G287S-G294A-A315T-M337V,m,41d,002-converte
3.54,731.4,97,3.233,6,2024-03-11,NEG-008,hTDP43,WT-A90V-G287S-G294A-A315T-M337V,m,41d,002-converte
272.01,672.53,98,3.267,6,2024-03-11,NEG-008,hTDP43,WT-A90V-G287S-G294A-A315T-M337V,m,41d,002-converte
34.33,697.0,98,3.267,6,2024-03-11,NEG-008,hTDP43,WT-A90V-G287S-G294A-A315T-M337V,m,41d,002-converte
13.73,677.72,98,3.267,6,2024-03-11,NEG-008,hTDP43,WT-A90V-G287S-G294A-A315T-M337V,m,41d,002-converte
7.24,708.12,98,3.267,6,2024-03-11,NEG-008,hTDP43,WT-A90V-G287S-G294A-A315T-M337V,m,41d,002-converte
3.52,730.62,98,3.267,6,2024-03-11,NEG-008,hTDP43,WT-A90V-G287S-G294A-A315T-M337V,m,41d,002-converte
273.11,672.9,99,3.3,6,2024-03-11,NEG-008,hTDP43,WT-A90V-G287S-G294A-A315T-M337V,m,41d,002-converte
33.19,696.05,99,3.3,6,2024-03-11,NEG-008,hTDP43,WT-A90V-G287S-G294A-A315T-M337V,m,41d,002-converte
13.87,677.7,99,3.3,6,2024-03-11,NEG-008,hTDP43,WT-A90V-G287S-G294A-A315T-M337V,m,41d,002-converte
7.25,708.11,99,3.3,6,2024-03-11,NEG-008,hTDP43,WT-A90V-G287S-G294A-A315T-M337V,m,41d,002-converte
4.89,730.31,99,3.3,6,2024-03-11,NEG-008,hTDP43,WT-A90V-G287S-G294A-A315T-M337V,m,41d,002-converte
274.07,673.18,100,3.333,6,2024-03-11,NEG-008,hTDP43,WT-A90V-G287S-G294A-A315T-M337V,m,41d,002-converte
31.99,695.22,100,3.333,6,2024-03-11,NEG-008,hTDP43,WT-A90V-G287S-G294A-A315T-M337V,m,41d,002-converte
14.29,678.12,100,3.333,6,2024-03-11,NEG-008,hTDP43,WT-A90V-G287S-G294A-A315T-M337V,m,41d,002-converte
7.25,708.11,100,3.333,6,2024-03-11,NEG-008,hTDP43,WT-A90V-G287S-G294A-A315T-M337V,m,41d,002-converte
6.08,729.67,100,3.333,6,2024-03-11,NEG-008,hTDP43,WT-A90V-G287S-G294A-A315T-M337V,m,41d,002-converte
276.0,673.61,101,3.367,6,2024-03-11,NEG-008,hTDP43,WT-A90V-G287S-G294A-A315T-M337V,m,41d,002-converte
30.45,694.2,101,3.367,6,2024-03-11,NEG-008,hTDP43,WT-A90V-G287S-G294A-A315T-M337V,m,41d,002-converte
15.19,678.2,101,3.367,6,2024-03-11,NEG-008,hTDP43,WT-A90V-G287S-G294A-A315T-M337V,m,41d,002-converte
7.27,708.64,101,3.367,6,2024-03-11,NEG-008,hTDP43,WT-A90V-G287S-G294A-A315T-M337V,m,41d,002-converte
4.79,725.8,101,3.367,6,2024-03-11,NEG-008,hTDP43,WT-A90V-G287S-G294A-A315T-M337V,m,41d,002-converte
276.99,673.61,102,3.4,6,2024-03-11,NEG-008,hTDP43,WT-A90V-G287S-G294A-A315T-M337V,m,41d,002-converte
29.77,693.7,102,3.4,6,2024-03-11,NEG-008,hTDP43,WT-A90V-G287S-G294A-A315T-M337V,m,41d,002-converte
16.14,678.29,102,3.4,6,2024-03-11,NEG-008,hTDP43,WT-A90V-G287S-G294A-A315T-M337V,m,41d,002-converte
7.25,709.28,102,3.4,6,2024-03-11,NEG-008,hTDP43,WT-A90V-G287S-G294A-A315T-M337V,m,41d,002-converte
4.92,725.34,102,3.4,6,2024-03-11,NEG-008,hTDP43,WT-A90V-G287S-G294A-A315T-M337V,m,41d,002-converte
278.09,673.92,103,3.433,6,2024-03-11,NEG-008,hTDP43,WT-A90V-G287S-G294A-A315T-M337V,m,41d,002-converte
27.26,692.97,103,3.433,6,2024-03-11,NEG-008,hTDP43,WT-A90V-G287S-G294A-A315T-M337V,m,41d,002-converte
16.29,678.41,103,3.433,6,2024-03-11,NEG-008,hTDP43,WT-A90V-G287S-G294A-A315T-M337V,m,41d,002-converte
7.29,710.01,103,3.433,6,2024-03-11,NEG-008,hTDP43,WT-A90V-G287S-G294A-A315T-M337V,m,41d,002-converte
5.0,725.33,103,3.433,6,2024-03-11,NEG-008,hTDP43,WT-A90V-G287S-G294A-A315T-M337V,m,41d,002-converte
279.9,674.12,104,3.467,6,2024-03-11,NEG-008,hTDP43,WT-A90V-G287S-G294A-A315T-M337V,m,41d,002-converte
26.12,692.72,104,3.467,6,2024-03-11,NEG-008,hTDP43,WT-A90V-G287S-G294A-A315T-M337V,m,41d,002-converte
17.4,678.36,104,3.467,6,2024-03-11,NEG-008,hTDP43,WT-A90V-G287S-G294A-A315T-M337V,m,41d,002-converte
7.32,710.52,104,3.467,6,2024-03-11,NEG-008,hTDP43,WT-A90V-G287S-G294A-A315T-M337V,m,41d,002-converte
4.79,726.1,104,3.467,6,2024-03-11,NEG-008,hTDP43,WT-A90V-G287S-G294A-A315T-M337V,m,41d,002-converte
281.82,674.55,105,3.5,6,2024-03-11,NEG-008,hTDP43,WT-A90V-G287S-G294A-A315T-M337V,m,41d,002-converte
24.14,692.02,105,3.5,6,2024-03-11,NEG-008,hTDP43,WT-A90V-G287S-G294A-A315T-M337V,m,41d,002-converte
19.32,678.96,105,3.5,6,2024-03-11,NEG-008,hTDP43,WT-A90V-G287S-G294A-A315T-M337V,m,41d,002-converte
7.43,710.88,105,3.5,6,2024-03-11,NEG-008,hTDP43,WT-A90V-G287S-G294A-A315T-M337V,m,41d,002-converte
4.27,727.24,105,3.5,6,2024-03-11,NEG-008,hTDP43,WT-A90V-G287S-G294A-A315T-M337V,m,41d,002-converte
283.02,674.85,106,3.533,6,2024-03-11,NEG-008,hTDP43,WT-A90V-G287S-G294A-A315T-M337V,m,41d,002-converte
22.29,691.86,106,3.533,6,2024-03-11,NEG-008,hTDP43,WT-A90V-G287S-G294A-A315T-M337V,m,41d,002-converte
20.42,679.25,106,3.533,6,2024-03-11,NEG-008,hTDP43,WT-A90V-G287S-G294A-A315T-M337V,m,41d,002-converte
7.58,711.26,106,3.533,6,2024-03-11,NEG-008,hTDP43,WT-A90V-G287S-G294A-A315T-M337V,m,41d,002-converte
4.27,727.24,106,3.533,6,2024-03-11,NEG-008,hTDP43,WT-A90V-G287S-G294A-A315T-M337V,m,41d,002-converte
284.16,674.88,107,3.567,6,2024-03-11,NEG-008,hTDP43,WT-A90V-G287S-G294A-A315T-M337V,m,41d,002-converte
22.23,679.87,107,3.567,6,2024-03-11,NEG-008,hTDP43,WT-A90V-G287S-G294A-A315T-M337V,m,41d,002-converte
20.94,691.73,107,3.567,6,2024-03-11,NEG-008,hTDP43,WT-A90V-G287S-G294A-A315T-M337V,m,41d,002-converte
7.84,711.71,107,3.567,6,2024-03-11,NEG-008,hTDP43,WT-A90V-G287S-G294A-A315T-M337V,m,41d,002-converte
4.7,727.41,107,3.567,6,2024-03-11,NEG-008,hTDP43,WT-A90V-G287S-G294A-A315T-M337V,m,41d,002-converte
286.03,675.1,108,3.6,6,2024-03-11,NEG-008,hTDP43,WT-A90V-G287S-G294A-A315T-M337V,m,41d,002-converte
23.11,680.12,108,3.6,6,2024-03-11,NEG-008,hTDP43,WT-A90V-G287S-G294A-A315T-M337V,m,41d,002-converte
18.29,691.09,108,3.6,6,2024-03-11,NEG-008,hTDP43,WT-A90V-G287S-G294A-A315T-M337V,m,41d,002-converte
8.08,712.04,108,3.6,6,2024-03-11,NEG-008,hTDP43,WT-A90V-G287S-G294A-A315T-M337V,m,41d,002-converte
4.3,727.79,108,3.6,6,2024-03-11,NEG-008,hTDP43,WT-A90V-G287S-G294A-A315T-M337V,m,41d,002-converte
287.14,675.08,109,3.633,6,2024-03-11,NEG-008,hTDP43,WT-A90V-G287S-G294A-A315T-M337V,m,41d,002-converte
24.23,680.83,109,3.633,6,2024-03-11,NEG-008,hTDP43,WT-A90V-G287S-G294A-A315T-M337V,m,41d,002-converte
16.33,691.06,109,3.633,6,2024-03-11,NEG-008,hTDP43,WT-A90V-G287S-G294A-A315T-M337V,m,41d,002-converte
8.26,712.59,109,3.633,6,2024-03-11,NEG-008,hTDP43,WT-A90V-G287S-G294A-A315T-M337V,m,41d,002-converte
288.33,675.22,110,3.667,6,2024-03-11,NEG-008,hTDP43,WT-A90V-G287S-G294A-A315T-M337V,m,41d,002-converte
25.2,681.17,110,3.667,6,2024-03-11,NEG-008,hTDP43,WT-A90V-G287S-G294A-A315T-M337V,m,41d,002-converte
14.97,690.92,110,3.667,6,2024-03-11,NEG-008,hTDP43,WT-A90V-G287S-G294A-A315T-M337V,m,41d,002-converte
8.46,712.91,110,3.667,6,2024-03-11,NEG-008,hTDP43,WT-A90V-G287S-G294A-A315T-M337V,m,41d,002-converte
3.55,730.52,110,3.667,6,2024-03-11,NEG-008,hTDP43,WT-A90V-G287S-G294A-A315T-M337V,m,41d,002-converte
290.99,675.62,111,3.7,6,2024-03-11,NEG-008,hTDP43,WT-A90V-G287S-G294A-A315T-M337V,m,41d,002-converte
27.18,681.92,111,3.7,6,2024-03-11,NEG-008,hTDP43,WT-A90V-G287S-G294A-A315T-M337V,m,41d,002-converte
13.08,690.64,111,3.7,6,2024-03-11,NEG-008,hTDP43,WT-A90V-G287S-G294A-A315T-M337V,m,41d,002-converte
8.5,713.14,111,3.7,6,2024-03-11,NEG-008,hTDP43,WT-A90V-G287S-G294A-A315T-M337V,m,41d,002-converte
3.55,730.52,111,3.7,6,2024-03-11,NEG-008,hTDP43,WT-A90V-G287S-G294A-A315T-M337V,m,41d,002-converte
292.74,675.65,112,3.733,6,2024-03-11,NEG-008,hTDP43,WT-A90V-G287S-G294A-A315T-M337V,m,41d,002-converte
28.05,682.18,112,3.733,6,2024-03-11,NEG-008,hTDP43,WT-A90V-G287S-G294A-A315T-M337V,m,41d,002-converte
11.18,690.56,112,3.733,6,2024-03-11,NEG-008,hTDP43,WT-A90V-G287S-G294A-A315T-M337V,m,41d,002-converte
8.53,713.4,112,3.733,6,2024-03-11,NEG-008,hTDP43,WT-A90V-G287S-G294A-A315T-M337V,m,41d,002-converte
3.55,730.52,112,3.733,6,2024-03-11,NEG-008,hTDP43,WT-A90V-G287S-G294A-A315T-M337V,m,41d,002-converte
293.87,675.63,113,3.767,6,2024-03-11,NEG-008,hTDP43,WT-A90V-G287S-G294A-A315T-M337V,m,41d,002-converte
29.09,682.73,113,3.767,6,2024-03-11,NEG-008,hTDP43,WT-A90V-G287S-G294A-A315T-M337V,m,41d,002-converte
10.0,690.36,113,3.767,6,2024-03-11,NEG-008,hTDP43,WT-A90V-G287S-G294A-A315T-M337V,m,41d,002-converte
8.53,713.92,113,3.767,6,2024-03-11,NEG-008,hTDP43,WT-A90V-G287S-G294A-A315T-M337V,m,41d,002-converte
3.56,730.57,113,3.767,6,2024-03-11,NEG-008,hTDP43,WT-A90V-G287S-G294A-A315T-M337V,m,41d,002-converte
295.16,675.8,114,3.8,6,2024-03-11,NEG-008,hTDP43,WT-A90V-G287S-G294A-A315T-M337V,m,41d,002-converte
30.16,683.1,114,3.8,6,2024-03-11,NEG-008,hTDP43,WT-A90V-G287S-G294A-A315T-M337V,m,41d,002-converte
8.98,690.33,114,3.8,6,2024-03-11,NEG-008,hTDP43,WT-A90V-G287S-G294A-A315T-M337V,m,41d,002-converte
8.53,713.92,114,3.8,6,2024-03-11,NEG-008,hTDP43,WT-A90V-G287S-G294A-A315T-M337V,m,41d,002-converte
3.56,730.6,114,3.8,6,2024-03-11,NEG-008,hTDP43,WT-A90V-G287S-G294A-A315T-M337V,m,41d,002-converte
296.99,675.93,115,3.833,6,2024-03-11,NEG-008,hTDP43,WT-A90V-G287S-G294A-A315T-M337V,m,41d,002-converte
31.97,683.73,115,3.833,6,2024-03-11,NEG-008,hTDP43,WT-A90V-G287S-G294A-A315T-M337V,m,41d,002-converte
8.97,690.33,115,3.833,6,2024-03-11,NEG-008,hTDP43,WT-A90V-G287S-G294A-A315T-M337V,m,41d,002-converte
8.53,713.92,115,3.833,6,2024-03-11,NEG-008,hTDP43,WT-A90V-G287S-G294A-A315T-M337V,m,41d,002-converte
3.57,730.64,115,3.833,6,2024-03-11,NEG-008,hTDP43,WT-A90V-G287S-G294A-A315T-M337V,m,41d,002-converte
297.35,676.01,116,3.867,6,2024-03-11,NEG-008,hTDP43,WT-A90V-G287S-G294A-A315T-M337V,m,41d,002-converte
32.39,684.1,116,3.867,6,2024-03-11,NEG-008,hTDP43,WT-A90V-G287S-G294A-A315T-M337V,m,41d,002-converte
8.95,689.93,116,3.867,6,2024-03-11,NEG-008,hTDP43,WT-A90V-G287S-G294A-A315T-M337V,m,41d,002-converte
8.53,713.92,116,3.867,6,2024-03-11,NEG-008,hTDP43,WT-A90V-G287S-G294A-A315T-M337V,m,41d,002-converte
3.57,730.68,116,3.867,6,2024-03-11,NEG-008,hTDP43,WT-A90V-G287S-G294A-A315T-M337V,m,41d,002-converte
299.06,676.09,117,3.9,6,2024-03-11,NEG-008,hTDP43,WT-A90V-G287S-G294A-A315T-M337V,m,41d,002-converte
34.04,685.13,117,3.9,6,2024-03-11,NEG-008,hTDP43,WT-A90V-G287S-G294A-A315T-M337V,m,41d,002-converte
8.54,714.15,117,3.9,6,2024-03-11,NEG-008,hTDP43,WT-A90V-G287S-G294A-A315T-M337V,m,41d,002-converte
8.25,689.26,117,3.9,6,2024-03-11,NEG-008,hTDP43,WT-A90V-G287S-G294A-A315T-M337V,m,41d,002-converte
3.6,730.76,117,3.9,6,2024-03-11,NEG-008,hTDP43,WT-A90V-G287S-G294A-A315T-M337V,m,41d,002-converte
300.25,676.15,118,3.933,6,2024-03-11,NEG-008,hTDP43,WT-A90V-G287S-G294A-A315T-M337V,m,41d,002-converte
35.11,685.93,118,3.933,6,2024-03-11,NEG-008,hTDP43,WT-A90V-G287S-G294A-A315T-M337V,m,41d,002-converte
26.55,720.38,118,3.933,6,2024-03-11,NEG-008,hTDP43,WT-A90V-G287S-G294A-A315T-M337V,m,41d,002-converte
7.61,688.28,118,3.933,6,2024-03-11,NEG-008,hTDP43,WT-A90V-G287S-G294A-A315T-M337V,m,41d,002-converte
3.61,730.84,118,3.933,6,2024-03-11,NEG-008,hTDP43,WT-A90V-G287S-G294A-A315T-M337V,m,41d,002-converte
301.35,676.15,119,3.967,6,2024-03-11,NEG-008,hTDP43,WT-A90V-G287S-G294A-A315T-M337V,m,41d,002-converte
73.21,724.07,119,3.967,6,2024-03-11,NEG-008,hTDP43,WT-A90V-G287S-G294A-A315T-M337V,m,41d,002-converte
35.55,686.25,119,3.967,6,2024-03-11,NEG-008,hTDP43,WT-A90V-G287S-G294A-A315T-M337V,m,41d,002-converte
8.24,687.71,119,3.967,6,2024-03-11,NEG-008,hTDP43,WT-A90V-G287S-G294A-A315T-M337V,m,41d,002-converte
3.61,730.84,119,3.967,6,2024-03-11,NEG-008,hTDP43,WT-A90V-G287S-G294A-A315T-M337V,m,41d,002-converte
303.78,676.66,120,4.0,6,2024-03-11,NEG-008,hTDP43,WT-A90V-G287S-G294A-A315T-M337V,m,41d,002-converte
119.13,703.64,120,4.0,6,2024-03-11,NEG-008,hTDP43,WT-A90V-G287S-G294A-A315T-M337V,m,41d,002-converte
36.35,686.8,120,4.0,6,2024-03-11,NEG-008,hTDP43,WT-A90V-G287S-G294A-A315T-M337V,m,41d,002-converte
8.08,687.33,120,4.0,6,2024-03-11,NEG-008,hTDP43,WT-A90V-G287S-G294A-A315T-M337V,m,41d,002-converte
3.62,730.84,120,4.0,6,2024-03-11,NEG-008,hTDP43,WT-A90V-G287S-G294A-A315T-M337V,m,41d,002-converte
305.78,676.66,121,4.033,6,2024-03-11,NEG-008,hTDP43,WT-A90V-G287S-G294A-A315T-M337V,m,41d,002-converte
163.09,688.81,121,4.033,6,2024-03-11,NEG-008,hTDP43,WT-A90V-G287S-G294A-A315T-M337V,m,41d,002-converte
37.02,687.21,121,4.033,6,2024-03-11,NEG-008,hTDP43,WT-A90V-G287S-G294A-A315T-M337V,m,41d,002-converte
8.03,686.55,121,4.033,6,2024-03-11,NEG-008,hTDP43,WT-A90V-G287S-G294A-A315T-M337V,m,41d,002-converte
3.61,730.86,121,4.033,6,2024-03-11,NEG-008,hTDP43,WT-A90V-G287S-G294A-A315T-M337V,m,41d,002-converte
307.73,676.96,122,4.067,6,2024-03-11,NEG-008,hTDP43,WT-A90V-G287S-G294A-A315T-M337V,m,41d,002-converte
186.08,696.98,122,4.067,6,2024-03-11,NEG-008,hTDP43,WT-A90V-G287S-G294A-A315T-M337V,m,41d,002-converte
39.92,689.57,122,4.067,6,2024-03-11,NEG-008,hTDP43,WT-A90V-G287S-G294A-A315T-M337V,m,41d,002-converte
7.51,685.8,122,4.067,6,2024-03-11,NEG-008,hTDP43,WT-A90V-G287S-G294A-A315T-M337V,m,41d,002-converte
3.61,730.87,122,4.067,6,2024-03-11,NEG-008,hTDP43,WT-A90V-G287S-G294A-A315T-M337V,m,41d,002-converte
308.46,677.16,123,4.1,6,2024-03-11,NEG-008,hTDP43,WT-A90V-G287S-G294A-A315T-M337V,m,41d,002-converte
176.83,704.45,123,4.1,6,2024-03-11,NEG-008,hTDP43,WT-A90V-G287S-G294A-A315T-M337V,m,41d,002-converte
40.89,690.42,123,4.1,6,2024-03-11,NEG-008,hTDP43,WT-A90V-G287S-G294A-A315T-M337V,m,41d,002-converte
7.79,685.0,123,4.1,6,2024-03-11,NEG-008,hTDP43,WT-A90V-G287S-G294A-A315T-M337V,m,41d,002-converte
3.61,730.87,123,4.1,6,2024-03-11,NEG-008,hTDP43,WT-A90V-G287S-G294A-A315T-M337V,m,41d,002-converte
311.7,677.76,124,4.133,6,2024-03-11,NEG-008,hTDP43,WT-A90V-G287S-G294A-A315T-M337V,m,41d,002-converte
165.13,709.28,124,4.133,6,2024-03-11,NEG-008,hTDP43,WT-A90V-G287S-G294A-A315T-M337V,m,41d,002-converte
41.84,690.54,124,4.133,6,2024-03-11,NEG-008,hTDP43,WT-A90V-G287S-G294A-A315T-M337V,m,41d,002-converte
7.4,683.88,124,4.133,6,2024-03-11,NEG-008,hTDP43,WT-A90V-G287S-G294A-A315T-M337V,m,41d,002-converte
3.61,730.87,124,4.133,6,2024-03-11,NEG-008,hTDP43,WT-A90V-G287S-G294A-A315T-M337V,m,41d,002-converte
312.95,678.09,125,4.167,6,2024-03-11,NEG-008,hTDP43,WT-A90V-G287S-G294A-A315T-M337V,m,41d,002-converte
159.99,695.14,125,4.167,6,2024-03-11,NEG-008,hTDP43,WT-A90V-G287S-G294A-A315T-M337V,m,41d,002-converte
42.3,691.01,125,4.167,6,2024-03-11,NEG-008,hTDP43,WT-A90V-G287S-G294A-A315T-M337V,m,41d,002-converte
7.0,682.03,125,4.167,6,2024-03-11,NEG-008,hTDP43,WT-A90V-G287S-G294A-A315T-M337V,m,41d,002-converte
3.61,730.86,125,4.167,6,2024-03-11,NEG-008,hTDP43,WT-A90V-G287S-G294A-A315T-M337V,m,41d,002-converte
313.38,678.21,126,4.2,6,2024-03-11,NEG-008,hTDP43,WT-A90V-G287S-G294A-A315T-M337V,m,41d,002-converte
153.15,687.08,126,4.2,6,2024-03-11,NEG-008,hTDP43,WT-A90V-G287S-G294A-A315T-M337V,m,41d,002-converte
43.54,691.18,126,4.2,6,2024-03-11,NEG-008,hTDP43,WT-A90V-G287S-G294A-A315T-M337V,m,41d,002-converte
6.75,681.14,126,4.2,6,2024-03-11,NEG-008,hTDP43,WT-A90V-G287S-G294A-A315T-M337V,m,41d,002-converte
3.62,730.86,126,4.2,6,2024-03-11,NEG-008,hTDP43,WT-A90V-G287S-G294A-A315T-M337V,m,41d,002-converte
316.01,678.55,127,4.233,6,2024-03-11,NEG-008,hTDP43,WT-A90V-G287S-G294A-A315T-M337V,m,41d,002-converte
145.1,689.81,127,4.233,6,2024-03-11,NEG-008,hTDP43,WT-A90V-G287S-G294A-A315T-M337V,m,41d,002-converte
45.43,691.88,127,4.233,6,2024-03-11,NEG-008,hTDP43,WT-A90V-G287S-G294A-A315T-M337V,m,41d,002-converte
6.03,680.3,127,4.233,6,2024-03-11,NEG-008,hTDP43,WT-A90V-G287S-G294A-A315T-M337V,m,41d,002-converte
3.61,730.86,127,4.233,6,2024-03-11,NEG-008,hTDP43,WT-A90V-G287S-G294A-A315T-M337V,m,41d,002-converte
317.77,678.6,128,4.267,6,2024-03-11,NEG-008,hTDP43,WT-A90V-G287S-G294A-A315T-M337V,m,41d,002-converte
148.13,697.96,128,4.267,6,2024-03-11,NEG-008,hTDP43,WT-A90V-G287S-G294A-A315T-M337V,m,41d,002-converte
47.2,693.0,128,4.267,6,2024-03-11,NEG-008,hTDP43,WT-A90V-G287S-G294A-A315T-M337V,m,41d,002-converte
6.73,679.87,128,4.267,6,2024-03-11,NEG-008,hTDP43,WT-A90V-G287S-G294A-A315T-M337V,m,41d,002-converte
3.61,730.87,128,4.267,6,2024-03-11,NEG-008,hTDP43,WT-A90V-G287S-G294A-A315T-M337V,m,41d,002-converte
318.79,678.9,129,4.3,6,2024-03-11,NEG-008,hTDP43,WT-A90V-G287S-G294A-A315T-M337V,m,41d,002-converte
147.43,698.06,129,4.3,6,2024-03-11,NEG-008,hTDP43,WT-A90V-G287S-G294A-A315T-M337V,m,41d,002-converte
48.31,693.37,129,4.3,6,2024-03-11,NEG-008,hTDP43,WT-A90V-G287S-G294A-A315T-M337V,m,41d,002-converte
6.72,679.07,129,4.3,6,2024-03-11,NEG-008,hTDP43,WT-A90V-G287S-G294A-A315T-M337V,m,41d,002-converte
3.6,730.88,129,4.3,6,2024-03-11,NEG-008,hTDP43,WT-A90V-G287S-G294A-A315T-M337V,m,41d,002-converte
319.99,679.02,130,4.333,6,2024-03-11,NEG-008,hTDP43,WT-A90V-G287S-G294A-A315T-M337V,m,41d,002-converte
147.42,698.19,130,4.333,6,2024-03-11,NEG-008,hTDP43,WT-A90V-G287S-G294A-A315T-M337V,m,41d,002-converte
50.2,693.8,130,4.333,6,2024-03-11,NEG-008,hTDP43,WT-A90V-G287S-G294A-A315T-M337V,m,41d,002-converte
7.11,678.0,130,4.333,6,2024-03-11,NEG-008,hTDP43,WT-A90V-G287S-G294A-A315T-M337V,m,41d,002-converte
3.6,730.89,130,4.333,6,2024-03-11,NEG-008,hTDP43,WT-A90V-G287S-G294A-A315T-M337V,m,41d,002-converte
321.67,678.91,131,4.367,6,2024-03-11,NEG-008,hTDP43,WT-A90V-G287S-G294A-A315T-M337V,m,41d,002-converte
147.4,698.31,131,4.367,6,2024-03-11,NEG-008,hTDP43,WT-A90V-G287S-G294A-A315T-M337V,m,41d,002-converte
50.52,694.08,131,4.367,6,2024-03-11,NEG-008,hTDP43,WT-A90V-G287S-G294A-A315T-M337V,m,41d,002-converte
7.45,677.2,131,4.367,6,2024-03-11,NEG-008,hTDP43,WT-A90V-G287S-G294A-A315T-M337V,m,41d,002-converte
3.59,730.9,131,4.367,6,2024-03-11,NEG-008,hTDP43,WT-A90V-G287S-G294A-A315T-M337V,m,41d,002-converte
322.79,678.7,132,4.4,6,2024-03-11,NEG-008,hTDP43,WT-A90V-G287S-G294A-A315T-M337V,m,41d,002-converte
148.3,698.73,132,4.4,6,2024-03-11,NEG-008,hTDP43,WT-A90V-G287S-G294A-A315T-M337V,m,41d,002-converte
52.29,694.73,132,4.4,6,2024-03-11,NEG-008,hTDP43,WT-A90V-G287S-G294A-A315T-M337V,m,41d,002-converte
7.6,676.2,132,4.4,6,2024-03-11,NEG-008,hTDP43,WT-A90V-G287S-G294A-A315T-M337V,m,41d,002-converte
3.59,730.9,132,4.4,6,2024-03-11,NEG-008,hTDP43,WT-A90V-G287S-G294A-A315T-M337V,m,41d,002-converte
323.86,678.54,133,4.433,6,2024-03-11,NEG-008,hTDP43,WT-A90V-G287S-G294A-A315T-M337V,m,41d,002-converte
149.04,699.27,133,4.433,6,2024-03-11,NEG-008,hTDP43,WT-A90V-G287S-G294A-A315T-M337V,m,41d,002-converte
53.45,694.95,133,4.433,6,2024-03-11,NEG-008,hTDP43,WT-A90V-G287S-G294A-A315T-M337V,m,41d,002-converte
7.79,675.6,133,4.433,6,2024-03-11,NEG-008,hTDP43,WT-A90V-G287S-G294A-A315T-M337V,m,41d,002-converte
3.59,730.89,133,4.433,6,2024-03-11,NEG-008,hTDP43,WT-A90V-G287S-G294A-A315T-M337V,m,41d,002-converte
324.86,678.54,134,4.467,6,2024-03-11,NEG-008,hTDP43,WT-A90V-G287S-G294A-A315T-M337V,m,41d,002-converte
149.4,699.88,134,4.467,6,2024-03-11,NEG-008,hTDP43,WT-A90V-G287S-G294A-A315T-M337V,m,41d,002-converte
54.63,695.1,134,4.467,6,2024-03-11,NEG-008,hTDP43,WT-A90V-G287S-G294A-A315T-M337V,m,41d,002-converte
7.77,674.78,134,4.467,6,2024-03-11,NEG-008,hTDP43,WT-A90V-G287S-G294A-A315T-M337V,m,41d,002-converte
3.59,730.89,134,4.467,6,2024-03-11,NEG-008,hTDP43,WT-A90V-G287S-G294A-A315T-M337V,m,41d,002-converte
324.36,678.75,135,4.5,6,2024-03-11,NEG-008,hTDP43,WT-A90V-G287S-G294A-A315T-M337V,m,41d,002-converte
150.86,700.96,135,4.5,6,2024-03-11,NEG-008,hTDP43,WT-A90V-G287S-G294A-A315T-M337V,m,41d,002-converte
57.15,695.85,135,4.5,6,2024-03-11,NEG-008,hTDP43,WT-A90V-G287S-G294A-A315T-M337V,m,41d,002-converte
7.75,673.76,135,4.5,6,2024-03-11,NEG-008,hTDP43,WT-A90V-G287S-G294A-A315T-M337V,m,41d,002-converte
3.59,730.89,135,4.5,6,2024-03-11,NEG-008,hTDP43,WT-A90V-G287S-G294A-A315T-M337V,m,41d,002-converte
325.1,678.77,136,4.533,6,2024-03-11,NEG-008,hTDP43,WT-A90V-G287S-G294A-A315T-M337V,m,41d,002-converte
151.34,701.07,136,4.533,6,2024-03-11,NEG-008,hTDP43,WT-A90V-G287S-G294A-A315T-M337V,m,41d,002-converte
58.2,695.95,136,4.533,6,2024-03-11,NEG-008,hTDP43,WT-A90V-G287S-G294A-A315T-M337V,m,41d,002-converte
7.38,672.88,136,4.533,6,2024-03-11,NEG-008,hTDP43,WT-A90V-G287S-G294A-A315T-M337V,m,41d,002-converte
3.59,730.92,136,4.533,6,2024-03-11,NEG-008,hTDP43,WT-A90V-G287S-G294A-A315T-M337V,m,41d,002-converte
325.14,678.87,137,4.567,6,2024-03-11,NEG-008,hTDP43,WT-A90V-G287S-G294A-A315T-M337V,m,41d,002-converte
152.2,702.12,137,4.567,6,2024-03-11,NEG-008,hTDP43,WT-A90V-G287S-G294A-A315T-M337V,m,41d,002-converte
59.53,695.83,137,4.567,6,2024-03-11,NEG-008,hTDP43,WT-A90V-G287S-G294A-A315T-M337V,m,41d,002-converte
6.98,672.24,137,4.567,6,2024-03-11,NEG-008,hTDP43,WT-A90V-G287S-G294A-A315T-M337V,m,41d,002-converte
3.59,730.92,137,4.567,6,2024-03-11,NEG-008,hTDP43,WT-A90V-G287S-G294A-A315T-M337V,m,41d,002-converte
348.15,695.31,138,4.6,6,2024-03-11,NEG-008,hTDP43,WT-A90V-G287S-G294A-A315T-M337V,m,41d,002-converte
153.0,703.09,138,4.6,6,2024-03-11,NEG-008,hTDP43,WT-A90V-G287S-G294A-A315T-M337V,m,41d,002-converte
61.19,695.82,138,4.6,6,2024-03-11,NEG-008,hTDP43,WT-A90V-G287S-G294A-A315T-M337V,m,41d,002-converte
6.79,671.65,138,4.6,6,2024-03-11,NEG-008,hTDP43,WT-A90V-G287S-G294A-A315T-M337V,m,41d,002-converte
3.59,730.92,138,4.6,6,2024-03-11,NEG-008,hTDP43,WT-A90V-G287S-G294A-A315T-M337V,m,41d,002-converte
153.89,704.0,139,4.633,6,2024-03-11,NEG-008,hTDP43,WT-A90V-G287S-G294A-A315T-M337V,m,41d,002-converte
63.11,695.96,139,4.633,6,2024-03-11,NEG-008,hTDP43,WT-A90V-G287S-G294A-A315T-M337V,m,41d,002-converte
6.15,670.94,139,4.633,6,2024-03-11,NEG-008,hTDP43,WT-A90V-G287S-G294A-A315T-M337V,m,41d,002-converte
3.59,730.92,139,4.633,6,2024-03-11,NEG-008,hTDP43,WT-A90V-G287S-G294A-A315T-M337V,m,41d,002-converte
154.23,703.95,140,4.667,6,2024-03-11,NEG-008,hTDP43,WT-A90V-G287S-G294A-A315T-M337V,m,41d,002-converte
64.44,696.08,140,4.667,6,2024-03-11,NEG-008,hTDP43,WT-A90V-G287S-G294A-A315T-M337V,m,41d,002-converte
5.54,670.41,140,4.667,6,2024-03-11,NEG-008,hTDP43,WT-A90V-G287S-G294A-A315T-M337V,m,41d,002-converte
3.58,730.92,140,4.667,6,2024-03-11,NEG-008,hTDP43,WT-A90V-G287S-G294A-A315T-M337V,m,41d,002-converte
155.17,705.11,141,4.7,6,2024-03-11,NEG-008,hTDP43,WT-A90V-G287S-G294A-A315T-M337V,m,41d,002-converte
66.19,696.04,141,4.7,6,2024-03-11,NEG-008,hTDP43,WT-A90V-G287S-G294A-A315T-M337V,m,41d,002-converte
5.58,670.0,141,4.7,6,2024-03-11,NEG-008,hTDP43,WT-A90V-G287S-G294A-A315T-M337V,m,41d,002-converte
3.59,730.93,141,4.7,6,2024-03-11,NEG-008,hTDP43,WT-A90V-G287S-G294A-A315T-M337V,m,41d,002-converte
155.99,705.94,142,4.733,6,2024-03-11,NEG-008,hTDP43,WT-A90V-G287S-G294A-A315T-M337V,m,41d,002-converte
67.44,696.29,142,4.733,6,2024-03-11,NEG-008,hTDP43,WT-A90V-G287S-G294A-A315T-M337V,m,41d,002-converte
5.6,669.59,142,4.733,6,2024-03-11,NEG-008,hTDP43,WT-A90V-G287S-G294A-A315T-M337V,m,41d,002-converte
3.58,730.92,142,4.733,6,2024-03-11,NEG-008,hTDP43,WT-A90V-G287S-G294A-A315T-M337V,m,41d,002-converte
156.87,706.98,143,4.767,6,2024-03-11,NEG-008,hTDP43,WT-A90V-G287S-G294A-A315T-M337V,m,41d,002-converte
69.2,696.92,143,4.767,6,2024-03-11,NEG-008,hTDP43,WT-A90V-G287S-G294A-A315T-M337V,m,41d,002-converte
5.56,669.36,143,4.767,6,2024-03-11,NEG-008,hTDP43,WT-A90V-G287S-G294A-A315T-M337V,m,41d,002-converte
3.58,730.92,143,4.767,6,2024-03-11,NEG-008,hTDP43,WT-A90V-G287S-G294A-A315T-M337V,m,41d,002-converte
157.15,707.16,144,4.8,6,2024-03-11,NEG-008,hTDP43,WT-A90V-G287S-G294A-A315T-M337V,m,41d,002-converte
70.44,697.03,144,4.8,6,2024-03-11,NEG-008,hTDP43,WT-A90V-G287S-G294A-A315T-M337V,m,41d,002-converte
5.82,669.19,144,4.8,6,2024-03-11,NEG-008,hTDP43,WT-A90V-G287S-G294A-A315T-M337V,m,41d,002-converte
3.59,730.92,144,4.8,6,2024-03-11,NEG-008,hTDP43,WT-A90V-G287S-G294A-A315T-M337V,m,41d,002-converte
158.33,708.74,145,4.833,6,2024-03-11,NEG-008,hTDP43,WT-A90V-G287S-G294A-A315T-M337V,m,41d,002-converte
72.28,697.26,145,4.833,6,2024-03-11,NEG-008,hTDP43,WT-A90V-G287S-G294A-A315T-M337V,m,41d,002-converte
6.05,669.03,145,4.833,6,2024-03-11,NEG-008,hTDP43,WT-A90V-G287S-G294A-A315T-M337V,m,41d,002-converte
3.59,730.92,145,4.833,6,2024-03-11,NEG-008,hTDP43,WT-A90V-G287S-G294A-A315T-M337V,m,41d,002-converte
158.91,709.84,146,4.867,6,2024-03-11,NEG-008,hTDP43,WT-A90V-G287S-G294A-A315T-M337V,m,41d,002-converte
73.46,697.94,146,4.867,6,2024-03-11,NEG-008,hTDP43,WT-A90V-G287S-G294A-A315T-M337V,m,41d,002-converte
6.81,668.58,146,4.867,6,2024-03-11,NEG-008,hTDP43,WT-A90V-G287S-G294A-A315T-M337V,m,41d,002-converte
3.58,730.92,146,4.867,6,2024-03-11,NEG-008,hTDP43,WT-A90V-G287S-G294A-A315T-M337V,m,41d,002-converte
159.5,710.86,147,4.9,6,2024-03-11,NEG-008,hTDP43,WT-A90V-G287S-G294A-A315T-M337V,m,41d,002-converte
74.56,698.21,147,4.9,6,2024-03-11,NEG-008,hTDP43,WT-A90V-G287S-G294A-A315T-M337V,m,41d,002-converte
7.11,668.52,147,4.9,6,2024-03-11,NEG-008,hTDP43,WT-A90V-G287S-G294A-A315T-M337V,m,41d,002-converte
3.59,730.92,147,4.9,6,2024-03-11,NEG-008,hTDP43,WT-A90V-G287S-G294A-A315T-M337V,m,41d,002-converte
160.1,712.07,148,4.933,6,2024-03-11,NEG-008,hTDP43,WT-A90V-G287S-G294A-A315T-M337V,m,41d,002-converte
77.14,698.69,148,4.933,6,2024-03-11,NEG-008,hTDP43,WT-A90V-G287S-G294A-A315T-M337V,m,41d,002-converte
7.38,668.6,148,4.933,6,2024-03-11,NEG-008,hTDP43,WT-A90V-G287S-G294A-A315T-M337V,m,41d,002-converte
3.58,730.92,148,4.933,6,2024-03-11,NEG-008,hTDP43,WT-A90V-G287S-G294A-A315T-M337V,m,41d,002-converte
160.67,713.18,149,4.967,6,2024-03-11,NEG-008,hTDP43,WT-A90V-G287S-G294A-A315T-M337V,m,41d,002-converte
78.24,699.08,149,4.967,6,2024-03-11,NEG-008,hTDP43,WT-A90V-G287S-G294A-A315T-M337V,m,41d,002-converte
7.71,668.87,149,4.967,6,2024-03-11,NEG-008,hTDP43,WT-A90V-G287S-G294A-A315T-M337V,m,41d,002-converte
3.58,730.93,149,4.967,6,2024-03-11,NEG-008,hTDP43,WT-A90V-G287S-G294A-A315T-M337V,m,41d,002-converte
160.92,714.87,150,5.0,6,2024-03-11,NEG-008,hTDP43,WT-A90V-G287S-G294A-A315T-M337V,m,41d,002-converte
80.78,699.83,150,5.0,6,2024-03-11,NEG-008,hTDP43,WT-A90V-G287S-G294A-A315T-M337V,m,41d,002-converte
7.27,668.9,150,5.0,6,2024-03-11,NEG-008,hTDP43,WT-A90V-G287S-G294A-A315T-M337V,m,41d,002-converte
3.58,730.93,150,5.0,6,2024-03-11,NEG-008,hTDP43,WT-A90V-G287S-G294A-A315T-M337V,m,41d,002-converte
160.91,715.29,151,5.033,6,2024-03-11,NEG-008,hTDP43,WT-A90V-G287S-G294A-A315T-M337V,m,41d,002-converte
82.1,699.99,151,5.033,6,2024-03-11,NEG-008,hTDP43,WT-A90V-G287S-G294A-A315T-M337V,m,41d,002-converte
6.82,668.94,151,5.033,6,2024-03-11,NEG-008,hTDP43,WT-A90V-G287S-G294A-A315T-M337V,m,41d,002-converte
3.58,730.92,151,5.033,6,2024-03-11,NEG-008,hTDP43,WT-A90V-G287S-G294A-A315T-M337V,m,41d,002-converte
161.06,716.28,152,5.067,6,2024-03-11,NEG-008,hTDP43,WT-A90V-G287S-G294A-A315T-M337V,m,41d,002-converte
82.5,700.12,152,5.067,6,2024-03-11,NEG-008,hTDP43,WT-A90V-G287S-G294A-A315T-M337V,m,41d,002-converte
6.21,669.04,152,5.067,6,2024-03-11,NEG-008,hTDP43,WT-A90V-G287S-G294A-A315T-M337V,m,41d,002-converte
3.58,730.92,152,5.067,6,2024-03-11,NEG-008,hTDP43,WT-A90V-G287S-G294A-A315T-M337V,m,41d,002-converte
161.52,717.14,153,5.1,6,2024-03-11,NEG-008,hTDP43,WT-A90V-G287S-G294A-A315T-M337V,m,41d,002-converte
85.07,700.99,153,5.1,6,2024-03-11,NEG-008,hTDP43,WT-A90V-G287S-G294A-A315T-M337V,m,41d,002-converte
5.07,669.54,153,5.1,6,2024-03-11,NEG-008,hTDP43,WT-A90V-G287S-G294A-A315T-M337V,m,41d,002-converte
3.58,730.92,153,5.1,6,2024-03-11,NEG-008,hTDP43,WT-A90V-G287S-G294A-A315T-M337V,m,41d,002-converte
161.86,718.06,154,5.133,6,2024-03-11,NEG-008,hTDP43,WT-A90V-G287S-G294A-A315T-M337V,m,41d,002-converte
85.58,701.27,154,5.133,6,2024-03-11,NEG-008,hTDP43,WT-A90V-G287S-G294A-A315T-M337V,m,41d,002-converte
4.42,669.74,154,5.133,6,2024-03-11,NEG-008,hTDP43,WT-A90V-G287S-G294A-A315T-M337V,m,41d,002-converte
3.58,730.92,154,5.133,6,2024-03-11,NEG-008,hTDP43,WT-A90V-G287S-G294A-A315T-M337V,m,41d,002-converte
162.4,718.79,155,5.167,6,2024-03-11,NEG-008,hTDP43,WT-A90V-G287S-G294A-A315T-M337V,m,41d,002-converte
88.15,701.94,155,5.167,6,2024-03-11,NEG-008,hTDP43,WT-A90V-G287S-G294A-A315T-M337V,m,41d,002-converte
4.48,669.81,155,5.167,6,2024-03-11,NEG-008,hTDP43,WT-A90V-G287S-G294A-A315T-M337V,m,41d,002-converte
3.58,730.92,155,5.167,6,2024-03-11,NEG-008,hTDP43,WT-A90V-G287S-G294A-A315T-M337V,m,41d,002-converte
163.06,719.25,156,5.2,6,2024-03-11,NEG-008,hTDP43,WT-A90V-G287S-G294A-A315T-M337V,m,41d,002-converte
88.59,702.2,156,5.2,6,2024-03-11,NEG-008,hTDP43,WT-A90V-G287S-G294A-A315T-M337V,m,41d,002-converte
4.91,669.81,156,5.2,6,2024-03-11,NEG-008,hTDP43,WT-A90V-G287S-G294A-A315T-M337V,m,41d,002-converte
3.58,730.92,156,5.2,6,2024-03-11,NEG-008,hTDP43,WT-A90V-G287S-G294A-A315T-M337V,m,41d,002-converte
163.92,720.15,157,5.233,6,2024-03-11,NEG-008,hTDP43,WT-A90V-G287S-G294A-A315T-M337V,m,41d,002-converte
90.45,702.86,157,5.233,6,2024-03-11,NEG-008,hTDP43,WT-A90V-G287S-G294A-A315T-M337V,m,41d,002-converte
5.28,670.27,157,5.233,6,2024-03-11,NEG-008,hTDP43,WT-A90V-G287S-G294A-A315T-M337V,m,41d,002-converte
3.58,730.92,157,5.233,6,2024-03-11,NEG-008,hTDP43,WT-A90V-G287S-G294A-A315T-M337V,m,41d,002-converte
164.52,720.89,158,5.267,6,2024-03-11,NEG-008,hTDP43,WT-A90V-G287S-G294A-A315T-M337V,m,41d,002-converte
93.69,703.9,158,5.267,6,2024-03-11,NEG-008,hTDP43,WT-A90V-G287S-G294A-A315T-M337V,m,41d,002-converte
5.92,670.73,158,5.267,6,2024-03-11,NEG-008,hTDP43,WT-A90V-G287S-G294A-A315T-M337V,m,41d,002-converte
3.58,730.92,158,5.267,6,2024-03-11,NEG-008,hTDP43,WT-A90V-G287S-G294A-A315T-M337V,m,41d,002-converte
165.43,721.79,159,5.3,6,2024-03-11,NEG-008,hTDP43,WT-A90V-G287S-G294A-A315T-M337V,m,41d,002-converte
94.26,704.15,159,5.3,6,2024-03-11,NEG-008,hTDP43,WT-A90V-G287S-G294A-A315T-M337V,m,41d,002-converte
6.37,671.6,159,5.3,6,2024-03-11,NEG-008,hTDP43,WT-A90V-G287S-G294A-A315T-M337V,m,41d,002-converte
3.57,730.93,159,5.3,6,2024-03-11,NEG-008,hTDP43,WT-A90V-G287S-G294A-A315T-M337V,m,41d,002-converte
166.41,722.8,160,5.333,6,2024-03-11,NEG-008,hTDP43,WT-A90V-G287S-G294A-A315T-M337V,m,41d,002-converte
96.12,704.98,160,5.333,6,2024-03-11,NEG-008,hTDP43,WT-A90V-G287S-G294A-A315T-M337V,m,41d,002-converte
6.29,671.67,160,5.333,6,2024-03-11,NEG-008,hTDP43,WT-A90V-G287S-G294A-A315T-M337V,m,41d,002-converte
3.56,730.93,160,5.333,6,2024-03-11,NEG-008,hTDP43,WT-A90V-G287S-G294A-A315T-M337V,m,41d,002-converte
330.07,703.49,161,5.367,6,2024-03-11,NEG-008,hTDP43,WT-A90V-G287S-G294A-A315T-M337V,m,41d,002-converte
167.17,723.83,161,5.367,6,2024-03-11,NEG-008,hTDP43,WT-A90V-G287S-G294A-A315T-M337V,m,41d,002-converte
97.33,705.27,161,5.367,6,2024-03-11,NEG-008,hTDP43,WT-A90V-G287S-G294A-A315T-M337V,m,41d,002-converte
6.95,671.72,161,5.367,6,2024-03-11,NEG-008,hTDP43,WT-A90V-G287S-G294A-A315T-M337V,m,41d,002-converte
3.55,730.94,161,5.367,6,2024-03-11,NEG-008,hTDP43,WT-A90V-G287S-G294A-A315T-M337V,m,41d,002-converte
289.44,730.76,162,5.4,6,2024-03-11,NEG-008,hTDP43,WT-A90V-G287S-G294A-A315T-M337V,m,41d,002-converte
167.87,724.74,162,5.4,6,2024-03-11,NEG-008,hTDP43,WT-A90V-G287S-G294A-A315T-M337V,m,41d,002-converte
99.95,705.8,162,5.4,6,2024-03-11,NEG-008,hTDP43,WT-A90V-G287S-G294A-A315T-M337V,m,41d,002-converte
7.88,671.98,162,5.4,6,2024-03-11,NEG-008,hTDP43,WT-A90V-G287S-G294A-A315T-M337V,m,41d,002-converte
3.54,730.95,162,5.4,6,2024-03-11,NEG-008,hTDP43,WT-A90V-G287S-G294A-A315T-M337V,m,41d,002-converte
275.31,715.25,163,5.433,6,2024-03-11,NEG-008,hTDP43,WT-A90V-G287S-G294A-A315T-M337V,m,41d,002-converte
168.39,725.34,163,5.433,6,2024-03-11,NEG-008,hTDP43,WT-A90V-G287S-G294A-A315T-M337V,m,41d,002-converte
100.41,706.1,163,5.433,6,2024-03-11,NEG-008,hTDP43,WT-A90V-G287S-G294A-A315T-M337V,m,41d,002-converte
8.52,672.14,163,5.433,6,2024-03-11,NEG-008,hTDP43,WT-A90V-G287S-G294A-A315T-M337V,m,41d,002-converte
3.54,730.95,163,5.433,6,2024-03-11,NEG-008,hTDP43,WT-A90V-G287S-G294A-A315T-M337V,m,41d,002-converte
272.81,716.36,164,5.467,6,2024-03-11,NEG-008,hTDP43,WT-A90V-G287S-G294A-A315T-M337V,m,41d,002-converte
169.24,726.86,164,5.467,6,2024-03-11,NEG-008,hTDP43,WT-A90V-G287S-G294A-A315T-M337V,m,41d,002-converte
102.3,706.85,164,5.467,6,2024-03-11,NEG-008,hTDP43,WT-A90V-G287S-G294A-A315T-M337V,m,41d,002-converte
9.62,673.06,164,5.467,6,2024-03-11,NEG-008,hTDP43,WT-A90V-G287S-G294A-A315T-M337V,m,41d,002-converte
3.54,730.95,164,5.467,6,2024-03-11,NEG-008,hTDP43,WT-A90V-G287S-G294A-A315T-M337V,m,41d,002-converte
274.56,707.5,165,5.5,6,2024-03-11,NEG-008,hTDP43,WT-A90V-G287S-G294A-A315T-M337V,m,41d,002-converte
169.91,728.04,165,5.5,6,2024-03-11,NEG-008,hTDP43,WT-A90V-G287S-G294A-A315T-M337V,m,41d,002-converte
104.33,706.96,165,5.5,6,2024-03-11,NEG-008,hTDP43,WT-A90V-G287S-G294A-A315T-M337V,m,41d,002-converte
10.49,673.44,165,5.5,6,2024-03-11,NEG-008,hTDP43,WT-A90V-G287S-G294A-A315T-M337V,m,41d,002-converte
3.54,730.95,165,5.5,6,2024-03-11,NEG-008,hTDP43,WT-A90V-G287S-G294A-A315T-M337V,m,41d,002-converte
272.31,694.6,166,5.533,6,2024-03-11,NEG-008,hTDP43,WT-A90V-G287S-G294A-A315T-M337V,m,41d,002-converte
170.38,729.13,166,5.533,6,2024-03-11,NEG-008,hTDP43,WT-A90V-G287S-G294A-A315T-M337V,m,41d,002-converte
105.45,707.16,166,5.533,6,2024-03-11,NEG-008,hTDP43,WT-A90V-G287S-G294A-A315T-M337V,m,41d,002-converte
11.06,674.74,166,5.533,6,2024-03-11,NEG-008,hTDP43,WT-A90V-G287S-G294A-A315T-M337V,m,41d,002-converte
3.54,730.95,166,5.533,6,2024-03-11,NEG-008,hTDP43,WT-A90V-G287S-G294A-A315T-M337V,m,41d,002-converte
234.23,702.69,167,5.567,6,2024-03-11,NEG-008,hTDP43,WT-A90V-G287S-G294A-A315T-M337V,m,41d,002-converte
170.97,730.2,167,5.567,6,2024-03-11,NEG-008,hTDP43,WT-A90V-G287S-G294A-A315T-M337V,m,41d,002-converte
107.31,707.99,167,5.567,6,2024-03-11,NEG-008,hTDP43,WT-A90V-G287S-G294A-A315T-M337V,m,41d,002-converte
11.57,675.7,167,5.567,6,2024-03-11,NEG-008,hTDP43,WT-A90V-G287S-G294A-A315T-M337V,m,41d,002-converte
3.54,730.95,167,5.567,6,2024-03-11,NEG-008,hTDP43,WT-A90V-G287S-G294A-A315T-M337V,m,41d,002-converte
199.26,696.8,168,5.6,6,2024-03-11,NEG-008,hTDP43,WT-A90V-G287S-G294A-A315T-M337V,m,41d,002-converte
171.33,731.2,168,5.6,6,2024-03-11,NEG-008,hTDP43,WT-A90V-G287S-G294A-A315T-M337V,m,41d,002-converte
109.19,708.0,168,5.6,6,2024-03-11,NEG-008,hTDP43,WT-A90V-G287S-G294A-A315T-M337V,m,41d,002-converte
11.88,676.69,168,5.6,6,2024-03-11,NEG-008,hTDP43,WT-A90V-G287S-G294A-A315T-M337V,m,41d,002-converte
3.54,730.95,168,5.6,6,2024-03-11,NEG-008,hTDP43,WT-A90V-G287S-G294A-A315T-M337V,m,41d,002-converte
171.68,731.87,169,5.633,6,2024-03-11,NEG-008,hTDP43,WT-A90V-G287S-G294A-A315T-M337V,m,41d,002-converte
163.59,685.15,169,5.633,6,2024-03-11,NEG-008,hTDP43,WT-A90V-G287S-G294A-A315T-M337V,m,41d,002-converte
110.27,708.2,169,5.633,6,2024-03-11,NEG-008,hTDP43,WT-A90V-G287S-G294A-A315T-M337V,m,41d,002-converte
12.27,677.86,169,5.633,6,2024-03-11,NEG-008,hTDP43,WT-A90V-G287S-G294A-A315T-M337V,m,41d,002-converte
3.54,730.95,169,5.633,6,2024-03-11,NEG-008,hTDP43,WT-A90V-G287S-G294A-A315T-M337V,m,41d,002-converte
171.79,732.09,170,5.667,6,2024-03-11,NEG-008,hTDP43,WT-A90V-G287S-G294A-A315T-M337V,m,41d,002-converte
159.92,687.6,170,5.667,6,2024-03-11,NEG-008,hTDP43,WT-A90V-G287S-G294A-A315T-M337V,m,41d,002-converte
112.11,708.92,170,5.667,6,2024-03-11,NEG-008,hTDP43,WT-A90V-G287S-G294A-A315T-M337V,m,41d,002-converte
12.85,678.75,170,5.667,6,2024-03-11,NEG-008,hTDP43,WT-A90V-G287S-G294A-A315T-M337V,m,41d,002-converte
3.54,730.95,170,5.667,6,2024-03-11,NEG-008,hTDP43,WT-A90V-G287S-G294A-A315T-M337V,m,41d,002-converte
171.98,732.43,171,5.7,6,2024-03-11,NEG-008,hTDP43,WT-A90V-G287S-G294A-A315T-M337V,m,41d,002-converte
148.43,719.97,171,5.7,6,2024-03-11,NEG-008,hTDP43,WT-A90V-G287S-G294A-A315T-M337V,m,41d,002-converte
114.8,709.84,171,5.7,6,2024-03-11,NEG-008,hTDP43,WT-A90V-G287S-G294A-A315T-M337V,m,41d,002-converte
13.02,679.56,171,5.7,6,2024-03-11,NEG-008,hTDP43,WT-A90V-G287S-G294A-A315T-M337V,m,41d,002-converte
3.54,730.95,171,5.7,6,2024-03-11,NEG-008,hTDP43,WT-A90V-G287S-G294A-A315T-M337V,m,41d,002-converte
171.98,732.43,172,5.733,6,2024-03-11,NEG-008,hTDP43,WT-A90V-G287S-G294A-A315T-M337V,m,41d,002-converte
135.64,720.29,172,5.733,6,2024-03-11,NEG-008,hTDP43,WT-A90V-G287S-G294A-A315T-M337V,m,41d,002-converte
116.12,710.09,172,5.733,6,2024-03-11,NEG-008,hTDP43,WT-A90V-G287S-G294A-A315T-M337V,m,41d,002-converte
13.3,680.8,172,5.733,6,2024-03-11,NEG-008,hTDP43,WT-A90V-G287S-G294A-A315T-M337V,m,41d,002-converte
3.54,730.95,172,5.733,6,2024-03-11,NEG-008,hTDP43,WT-A90V-G287S-G294A-A315T-M337V,m,41d,002-converte
171.98,732.43,173,5.767,6,2024-03-11,NEG-008,hTDP43,WT-A90V-G287S-G294A-A315T-M337V,m,41d,002-converte
118.93,711.89,173,5.767,6,2024-03-11,NEG-008,hTDP43,WT-A90V-G287S-G294A-A315T-M337V,m,41d,002-converte
13.54,682.53,173,5.767,6,2024-03-11,NEG-008,hTDP43,WT-A90V-G287S-G294A-A315T-M337V,m,41d,002-converte
3.54,730.95,173,5.767,6,2024-03-11,NEG-008,hTDP43,WT-A90V-G287S-G294A-A315T-M337V,m,41d,002-converte
171.97,732.45,174,5.8,6,2024-03-11,NEG-008,hTDP43,WT-A90V-G287S-G294A-A315T-M337V,m,41d,002-converte
118.14,711.03,174,5.8,6,2024-03-11,NEG-008,hTDP43,WT-A90V-G287S-G294A-A315T-M337V,m,41d,002-converte
108.27,705.22,174,5.8,6,2024-03-11,NEG-008,hTDP43,WT-A90V-G287S-G294A-A315T-M337V,m,41d,002-converte
13.28,683.22,174,5.8,6,2024-03-11,NEG-008,hTDP43,WT-A90V-G287S-G294A-A315T-M337V,m,41d,002-converte
3.54,730.95,174,5.8,6,2024-03-11,NEG-008,hTDP43,WT-A90V-G287S-G294A-A315T-M337V,m,41d,002-converte
171.96,732.46,175,5.833,6,2024-03-11,NEG-008,hTDP43,WT-A90V-G287S-G294A-A315T-M337V,m,41d,002-converte
118.14,711.03,175,5.833,6,2024-03-11,NEG-008,hTDP43,WT-A90V-G287S-G294A-A315T-M337V,m,41d,002-converte
90.9,693.23,175,5.833,6,2024-03-11,NEG-008,hTDP43,WT-A90V-G287S-G294A-A315T-M337V,m,41d,002-converte
13.29,684.17,175,5.833,6,2024-03-11,NEG-008,hTDP43,WT-A90V-G287S-G294A-A315T-M337V,m,41d,002-converte
3.54,730.95,175,5.833,6,2024-03-11,NEG-008,hTDP43,WT-A90V-G287S-G294A-A315T-M337V,m,41d,002-converte
171.98,732.54,176,5.867,6,2024-03-11,NEG-008,hTDP43,WT-A90V-G287S-G294A-A315T-M337V,m,41d,002-converte
118.14,711.03,176,5.867,6,2024-03-11,NEG-008,hTDP43,WT-A90V-G287S-G294A-A315T-M337V,m,41d,002-converte
77.29,670.82,176,5.867,6,2024-03-11,NEG-008,hTDP43,WT-A90V-G287S-G294A-A315T-M337V,m,41d,002-converte
12.5,685.89,176,5.867,6,2024-03-11,NEG-008,hTDP43,WT-A90V-G287S-G294A-A315T-M337V,m,41d,002-converte
3.54,730.95,176,5.867,6,2024-03-11,NEG-008,hTDP43,WT-A90V-G287S-G294A-A315T-M337V,m,41d,002-converte
171.93,732.88,177,5.9,6,2024-03-11,NEG-008,hTDP43,WT-A90V-G287S-G294A-A315T-M337V,m,41d,002-converte
118.14,711.04,177,5.9,6,2024-03-11,NEG-008,hTDP43,WT-A90V-G287S-G294A-A315T-M337V,m,41d,002-converte
60.06,673.74,177,5.9,6,2024-03-11,NEG-008,hTDP43,WT-A90V-G287S-G294A-A315T-M337V,m,41d,002-converte
12.36,686.96,177,5.9,6,2024-03-11,NEG-008,hTDP43,WT-A90V-G287S-G294A-A315T-M337V,m,41d,002-converte
3.54,730.95,177,5.9,6,2024-03-11,NEG-008,hTDP43,WT-A90V-G287S-G294A-A315T-M337V,m,41d,002-converte
171.94,733.34,178,5.933,6,2024-03-11,NEG-008,hTDP43,WT-A90V-G287S-G294A-A315T-M337V,m,41d,002-converte
118.14,711.03,178,5.933,6,2024-03-11,NEG-008,hTDP43,WT-A90V-G287S-G294A-A315T-M337V,m,41d,002-converte
38.52,690.34,178,5.933,6,2024-03-11,NEG-008,hTDP43,WT-A90V-G287S-G294A-A315T-M337V,m,41d,002-converte
12.15,687.72,178,5.933,6,2024-03-11,NEG-008,hTDP43,WT-A90V-G287S-G294A-A315T-M337V,m,41d,002-converte
3.54,730.95,178,5.933,6,2024-03-11,NEG-008,hTDP43,WT-A90V-G287S-G294A-A315T-M337V,m,41d,002-converte
171.95,733.94,179,5.967,6,2024-03-11,NEG-008,hTDP43,WT-A90V-G287S-G294A-A315T-M337V,m,41d,002-converte
118.14,711.03,179,5.967,6,2024-03-11,NEG-008,hTDP43,WT-A90V-G287S-G294A-A315T-M337V,m,41d,002-converte
12.03,688.34,179,5.967,6,2024-03-11,NEG-008,hTDP43,WT-A90V-G287S-G294A-A315T-M337V,m,41d,002-converte
11.4,701.71,179,5.967,6,2024-03-11,NEG-008,hTDP43,WT-A90V-G287S-G294A-A315T-M337V,m,41d,002-converte
3.54,730.94,179,5.967,6,2024-03-11,NEG-008,hTDP43,WT-A90V-G287S-G294A-A315T-M337V,m,41d,002-converte
172.1,734.37,180,6.0,6,2024-03-11,NEG-008,hTDP43,WT-A90V-G287S-G294A-A315T-M337V,m,41d,002-converte
118.39,711.19,180,6.0,6,2024-03-11,NEG-008,hTDP43,WT-A90V-G287S-G294A-A315T-M337V,m,41d,002-converte
11.22,690.18,180,6.0,6,2024-03-11,NEG-008,hTDP43,WT-A90V-G287S-G294A-A315T-M337V,m,41d,002-converte
8.88,698.9,180,6.0,6,2024-03-11,NEG-008,hTDP43,WT-A90V-G287S-G294A-A315T-M337V,m,41d,002-converte
3.54,730.94,180,6.0,6,2024-03-11,NEG-008,hTDP43,WT-A90V-G287S-G294A-A315T-M337V,m,41d,002-converte
172.2,735.06,181,6.033,6,2024-03-11,NEG-008,hTDP43,WT-A90V-G287S-G294A-A315T-M337V,m,41d,002-converte
119.97,711.74,181,6.033,6,2024-03-11,NEG-008,hTDP43,WT-A90V-G287S-G294A-A315T-M337V,m,41d,002-converte
10.88,691.01,181,6.033,6,2024-03-11,NEG-008,hTDP43,WT-A90V-G287S-G294A-A315T-M337V,m,41d,002-converte
3.54,730.95,181,6.033,6,2024-03-11,NEG-008,hTDP43,WT-A90V-G287S-G294A-A315T-M337V,m,41d,002-converte
172.55,735.58,182,6.067,6,2024-03-11,NEG-008,hTDP43,WT-A90V-G287S-G294A-A315T-M337V,m,41d,002-converte
120.25,711.84,182,6.067,6,2024-03-11,NEG-008,hTDP43,WT-A90V-G287S-G294A-A315T-M337V,m,41d,002-converte
8.41,695.08,182,6.067,6,2024-03-11,NEG-008,hTDP43,WT-A90V-G287S-G294A-A315T-M337V,m,41d,002-converte
3.54,730.95,182,6.067,6,2024-03-11,NEG-008,hTDP43,WT-A90V-G287S-G294A-A315T-M337V,m,41d,002-converte
172.92,735.91,183,6.1,6,2024-03-11,NEG-008,hTDP43,WT-A90V-G287S-G294A-A315T-M337V,m,41d,002-converte
121.05,712.08,183,6.1,6,2024-03-11,NEG-008,hTDP43,WT-A90V-G287S-G294A-A315T-M337V,m,41d,002-converte
8.53,695.17,183,6.1,6,2024-03-11,NEG-008,hTDP43,WT-A90V-G287S-G294A-A315T-M337V,m,41d,002-converte
3.54,730.95,183,6.1,6,2024-03-11,NEG-008,hTDP43,WT-A90V-G287S-G294A-A315T-M337V,m,41d,002-converte
173.47,736.54,184,6.133,6,2024-03-11,NEG-008,hTDP43,WT-A90V-G287S-G294A-A315T-M337V,m,41d,002-converte
122.75,712.78,184,6.133,6,2024-03-11,NEG-008,hTDP43,WT-A90V-G287S-G294A-A315T-M337V,m,41d,002-converte
8.35,696.09,184,6.133,6,2024-03-11,NEG-008,hTDP43,WT-A90V-G287S-G294A-A315T-M337V,m,41d,002-converte
3.54,730.95,184,6.133,6,2024-03-11,NEG-008,hTDP43,WT-A90V-G287S-G294A-A315T-M337V,m,41d,002-converte
173.76,737.09,185,6.167,6,2024-03-11,NEG-008,hTDP43,WT-A90V-G287S-G294A-A315T-M337V,m,41d,002-converte
123.13,713.01,185,6.167,6,2024-03-11,NEG-008,hTDP43,WT-A90V-G287S-G294A-A315T-M337V,m,41d,002-converte
8.04,696.44,185,6.167,6,2024-03-11,NEG-008,hTDP43,WT-A90V-G287S-G294A-A315T-M337V,m,41d,002-converte
3.54,730.95,185,6.167,6,2024-03-11,NEG-008,hTDP43,WT-A90V-G287S-G294A-A315T-M337V,m,41d,002-converte
174.53,737.25,186,6.2,6,2024-03-11,NEG-008,hTDP43,WT-A90V-G287S-G294A-A315T-M337V,m,41d,002-converte
124.33,713.07,186,6.2,6,2024-03-11,NEG-008,hTDP43,WT-A90V-G287S-G294A-A315T-M337V,m,41d,002-converte
7.16,698.75,186,6.2,6,2024-03-11,NEG-008,hTDP43,WT-A90V-G287S-G294A-A315T-M337V,m,41d,002-converte
3.54,730.95,186,6.2,6,2024-03-11,NEG-008,hTDP43,WT-A90V-G287S-G294A-A315T-M337V,m,41d,002-converte
175.6,738.23,187,6.233,6,2024-03-11,NEG-008,hTDP43,WT-A90V-G287S-G294A-A315T-M337V,m,41d,002-converte
127.0,713.9,187,6.233,6,2024-03-11,NEG-008,hTDP43,WT-A90V-G287S-G294A-A315T-M337V,m,41d,002-converte
6.93,699.6,187,6.233,6,2024-03-11,NEG-008,hTDP43,WT-A90V-G287S-G294A-A315T-M337V,m,41d,002-converte
3.54,730.95,187,6.233,6,2024-03-11,NEG-008,hTDP43,WT-A90V-G287S-G294A-A315T-M337V,m,41d,002-converte
176.38,738.23,188,6.267,6,2024-03-11,NEG-008,hTDP43,WT-A90V-G287S-G294A-A315T-M337V,m,41d,002-converte
128.12,714.39,188,6.267,6,2024-03-11,NEG-008,hTDP43,WT-A90V-G287S-G294A-A315T-M337V,m,41d,002-converte
7.37,696.51,188,6.267,6,2024-03-11,NEG-008,hTDP43,WT-A90V-G287S-G294A-A315T-M337V,m,41d,002-converte
3.54,730.95,188,6.267,6,2024-03-11,NEG-008,hTDP43,WT-A90V-G287S-G294A-A315T-M337V,m,41d,002-converte
177.38,738.23,189,6.3,6,2024-03-11,NEG-008,hTDP43,WT-A90V-G287S-G294A-A315T-M337V,m,41d,002-converte
129.29,714.37,189,6.3,6,2024-03-11,NEG-008,hTDP43,WT-A90V-G287S-G294A-A315T-M337V,m,41d,002-converte
7.34,696.29,189,6.3,6,2024-03-11,NEG-008,hTDP43,WT-A90V-G287S-G294A-A315T-M337V,m,41d,002-converte
3.54,730.95,189,6.3,6,2024-03-11,NEG-008,hTDP43,WT-A90V-G287S-G294A-A315T-M337V,m,41d,002-converte
178.26,738.47,190,6.333,6,2024-03-11,NEG-008,hTDP43,WT-A90V-G287S-G294A-A315T-M337V,m,41d,002-converte
131.77,714.91,190,6.333,6,2024-03-11,NEG-008,hTDP43,WT-A90V-G287S-G294A-A315T-M337V,m,41d,002-converte
7.33,696.3,190,6.333,6,2024-03-11,NEG-008,hTDP43,WT-A90V-G287S-G294A-A315T-M337V,m,41d,002-converte
3.54,730.95,190,6.333,6,2024-03-11,NEG-008,hTDP43,WT-A90V-G287S-G294A-A315T-M337V,m,41d,002-converte
179.19,738.74,191,6.367,6,2024-03-11,NEG-008,hTDP43,WT-A90V-G287S-G294A-A315T-M337V,m,41d,002-converte
132.36,715.08,191,6.367,6,2024-03-11,NEG-008,hTDP43,WT-A90V-G287S-G294A-A315T-M337V,m,41d,002-converte
7.33,696.31,191,6.367,6,2024-03-11,NEG-008,hTDP43,WT-A90V-G287S-G294A-A315T-M337V,m,41d,002-converte
3.54,730.95,191,6.367,6,2024-03-11,NEG-008,hTDP43,WT-A90V-G287S-G294A-A315T-M337V,m,41d,002-converte
1.89,706.55,191,6.367,6,2024-03-11,NEG-008,hTDP43,WT-A90V-G287S-G294A-A315T-M337V,m,41d,002-converte
179.75,738.74,192,6.4,6,2024-03-11,NEG-008,hTDP43,WT-A90V-G287S-G294A-A315T-M337V,m,41d,002-converte
133.53,715.24,192,6.4,6,2024-03-11,NEG-008,hTDP43,WT-A90V-G287S-G294A-A315T-M337V,m,41d,002-converte
7.33,696.31,192,6.4,6,2024-03-11,NEG-008,hTDP43,WT-A90V-G287S-G294A-A315T-M337V,m,41d,002-converte
3.54,730.95,192,6.4,6,2024-03-11,NEG-008,hTDP43,WT-A90V-G287S-G294A-A315T-M337V,m,41d,002-converte
1.94,707.0,192,6.4,6,2024-03-11,NEG-008,hTDP43,WT-A90V-G287S-G294A-A315T-M337V,m,41d,002-converte
180.42,738.73,193,6.433,6,2024-03-11,NEG-008,hTDP43,WT-A90V-G287S-G294A-A315T-M337V,m,41d,002-converte
136.64,715.95,193,6.433,6,2024-03-11,NEG-008,hTDP43,WT-A90V-G287S-G294A-A315T-M337V,m,41d,002-converte
7.33,696.31,193,6.433,6,2024-03-11,NEG-008,hTDP43,WT-A90V-G287S-G294A-A315T-M337V,m,41d,002-converte
3.54,730.94,193,6.433,6,2024-03-11,NEG-008,hTDP43,WT-A90V-G287S-G294A-A315T-M337V,m,41d,002-converte
2.7,707.95,193,6.433,6,2024-03-11,NEG-008,hTDP43,WT-A90V-G287S-G294A-A315T-M337V,m,41d,002-converte
181.2,738.82,194,6.467,6,2024-03-11,NEG-008,hTDP43,WT-A90V-G287S-G294A-A315T-M337V,m,41d,002-converte
137.13,716.17,194,6.467,6,2024-03-11,NEG-008,hTDP43,WT-A90V-G287S-G294A-A315T-M337V,m,41d,002-converte
7.37,696.38,194,6.467,6,2024-03-11,NEG-008,hTDP43,WT-A90V-G287S-G294A-A315T-M337V,m,41d,002-converte
3.54,730.95,194,6.467,6,2024-03-11,NEG-008,hTDP43,WT-A90V-G287S-G294A-A315T-M337V,m,41d,002-converte
2.55,709.67,194,6.467,6,2024-03-11,NEG-008,hTDP43,WT-A90V-G287S-G294A-A315T-M337V,m,41d,002-converte
181.75,738.82,195,6.5,6,2024-03-11,NEG-008,hTDP43,WT-A90V-G287S-G294A-A315T-M337V,m,41d,002-converte
139.05,717.05,195,6.5,6,2024-03-11,NEG-008,hTDP43,WT-A90V-G287S-G294A-A315T-M337V,m,41d,002-converte
7.4,696.45,195,6.5,6,2024-03-11,NEG-008,hTDP43,WT-A90V-G287S-G294A-A315T-M337V,m,41d,002-converte
3.54,730.95,195,6.5,6,2024-03-11,NEG-008,hTDP43,WT-A90V-G287S-G294A-A315T-M337V,m,41d,002-converte
2.64,710.89,195,6.5,6,2024-03-11,NEG-008,hTDP43,WT-A90V-G287S-G294A-A315T-M337V,m,41d,002-converte
182.0,738.62,196,6.533,6,2024-03-11,NEG-008,hTDP43,WT-A90V-G287S-G294A-A315T-M337V,m,41d,002-converte
140.29,717.79,196,6.533,6,2024-03-11,NEG-008,hTDP43,WT-A90V-G287S-G294A-A315T-M337V,m,41d,002-converte
7.87,696.93,196,6.533,6,2024-03-11,NEG-008,hTDP43,WT-A90V-G287S-G294A-A315T-M337V,m,41d,002-converte
3.54,730.95,196,6.533,6,2024-03-11,NEG-008,hTDP43,WT-A90V-G287S-G294A-A315T-M337V,m,41d,002-converte
3.15,712.79,196,6.533,6,2024-03-11,NEG-008,hTDP43,WT-A90V-G287S-G294A-A315T-M337V,m,41d,002-converte
182.56,738.66,197,6.567,6,2024-03-11,NEG-008,hTDP43,WT-A90V-G287S-G294A-A315T-M337V,m,41d,002-converte
141.35,718.19,197,6.567,6,2024-03-11,NEG-008,hTDP43,WT-A90V-G287S-G294A-A315T-M337V,m,41d,002-converte
7.99,697.05,197,6.567,6,2024-03-11,NEG-008,hTDP43,WT-A90V-G287S-G294A-A315T-M337V,m,41d,002-converte
3.65,714.03,197,6.567,6,2024-03-11,NEG-008,hTDP43,WT-A90V-G287S-G294A-A315T-M337V,m,41d,002-converte
3.54,730.94,197,6.567,6,2024-03-11,NEG-008,hTDP43,WT-A90V-G287S-G294A-A315T-M337V,m,41d,002-converte
182.94,738.4,198,6.6,6,2024-03-11,NEG-008,hTDP43,WT-A90V-G287S-G294A-A315T-M337V,m,41d,002-converte
143.07,719.24,198,6.6,6,2024-03-11,NEG-008,hTDP43,WT-A90V-G287S-G294A-A315T-M337V,m,41d,002-converte
8.11,696.95,198,6.6,6,2024-03-11,NEG-008,hTDP43,WT-A90V-G287S-G294A-A315T-M337V,m,41d,002-converte
4.17,714.75,198,6.6,6,2024-03-11,NEG-008,hTDP43,WT-A90V-G287S-G294A-A315T-M337V,m,41d,002-converte
3.58,731.01,198,6.6,6,2024-03-11,NEG-008,hTDP43,WT-A90V-G287S-G294A-A315T-M337V,m,41d,002-converte
182.8,738.12,199,6.633,6,2024-03-11,NEG-008,hTDP43,WT-A90V-G287S-G294A-A315T-M337V,m,41d,002-converte
144.76,719.83,199,6.633,6,2024-03-11,NEG-008,hTDP43,WT-A90V-G287S-G294A-A315T-M337V,m,41d,002-converte
8.19,696.83,199,6.633,6,2024-03-11,NEG-008,hTDP43,WT-A90V-G287S-G294A-A315T-M337V,m,41d,002-converte
4.34,715.82,199,6.633,6,2024-03-11,NEG-008,hTDP43,WT-A90V-G287S-G294A-A315T-M337V,m,41d,002-converte
3.58,731.02,199,6.633,6,2024-03-11,NEG-008,hTDP43,WT-A90V-G287S-G294A-A315T-M337V,m,41d,002-converte
