frame,orig_id,x,y,vial_id,ordered_id,fps
0,id1,489.0,312.0,vial5,29,29.970125577344668
1,id1,488.0,310.5,vial5,29,29.970125577344668
2,id1,486.5,309.0,vial5,29,29.970125577344668
3,id1,486.5,308.0,vial5,29,29.970125577344668
4,id1,486.0,306.5,vial5,29,29.970125577344668
5,id1,485.0,305.0,vial5,29,29.970125577344668
6,id1,485.5,304.5,vial5,29,29.970125577344668
7,id1,485.5,304.5,vial5,29,29.970125577344668
8,id1,484.5,304.5,vial5,29,29.970125577344668
9,id1,485.5,303.5,vial5,29,29.970125577344668
10,id1,486.0,303.0,vial5,29,29.970125577344668
11,id1,486.0,302.0,vial5,29,29.970125577344668
12,id1,487.0,300.5,vial5,29,29.970125577344668
13,id1,488.0,298.5,vial5,29,29.970125577344668
14,id1,487.5,297.5,vial5,29,29.970125577344668
15,id1,488.0,297.0,vial5,29,29.970125577344668
16,id1,489.0,294.0,vial5,29,29.970125577344668
17,id1,489.0,291.0,vial5,29,29.970125577344668
18,id1,490.5,288.0,vial5,29,29.970125577344668
19,id1,490.5,284.5,vial5,29,29.970125577344668
20,id1,490.5,281.0,vial5,29,29.970125577344668
21,id1,491.0,277.5,vial5,29,29.970125577344668
22,id1,491.5,274.0,vial5,29,29.970125577344668
23,id1,490.5,271.0,vial5,29,29.970125577344668
24,id1,490.5,268.5,vial5,29,29.970125577344668
25,id1,489.5,266.0,vial5,29,29.970125577344668
26,id1,488.5,263.5,vial5,29,29.970125577344668
27,id1,488.0,262.5,vial5,29,29.970125577344668
28,id1,487.5,260.5,vial5,29,29.970125577344668
29,id1,487.5,259.5,vial5,29,29.970125577344668
30,id1,487.0,258.0,vial5,29,29.970125577344668
31,id1,487.0,256.0,vial5,29,29.970125577344668
32,id1,486.5,253.5,vial5,29,29.970125577344668
33,id1,487.5,251.5,vial5,29,29.970125577344668
34,id1,487.5,249.0,vial5,29,29.970125577344668
35,id1,487.5,247.0,vial5,29,29.970125577344668
36,id1,487.5,244.5,vial5,29,29.970125577344668
37,id1,488.5,243.0,vial5,29,29.970125577344668
38,id1,489.0,241.0,vial5,29,29.970125577344668
39,id1,489.0,240.5,vial5,29,29.970125577344668
40,id1,489.5,240.0,vial5,29,29.970125577344668
41,id1,490.0,240.0,vial5,29,29.970125577344668
42,id1,490.0,239.5,vial5,29,29.970125577344668
43,id1,491.0,238.5,vial5,29,29.970125577344668
44,id1,492.0,236.5,vial5,29,29.970125577344668
45,id1,494.0,234.5,vial5,29,29.970125577344668
46,id1,495.5,233.5,vial5,29,29.970125577344668
47,id1,496.5,232.0,vial5,29,29.970125577344668
48,id1,498.5,230.0,vial5,29,29.970125577344668
49,id1,500.0,228.0,vial5,29,29.970125577344668
50,id1,502.0,225.5,vial5,29,29.970125577344668
51,id1,504.0,223.5,vial5,29,29.970125577344668
52,id1,506.0,222.0,vial5,29,29.970125577344668
53,id1,509.0,220.0,vial5,29,29.970125577344668
54,id1,512.0,218.0,vial5,29,29.970125577344668
55,id1,514.0,217.0,vial5,29,29.970125577344668
56,id1,516.0,217.0,vial5,29,29.970125577344668
57,id1,518.0,216.0,vial5,29,29.970125577344668
58,id1,519.5,215.0,vial5,29,29.970125577344668
59,id1,521.0,214.0,vial5,29,29.970125577344668
60,id1,523.0,213.5,vial5,29,29.970125577344668
61,id1,524.0,213.0,vial5,29,29.970125577344668
62,id1,524.0,213.5,vial5,29,29.970125577344668
63,id1,524.5,213.5,vial5,29,29.970125577344668
64,id1,524.5,213.5,vial5,29,29.970125577344668
65,id1,524.5,213.5,vial5,29,29.970125577344668
66,id1,524.5,213.5,vial5,29,29.970125577344668
67,id1,525.0,213.5,vial5,29,29.970125577344668
68,id1,525.0,213.0,vial5,29,29.970125577344668
69,id1,525.0,212.5,vial5,29,29.970125577344668
70,id1,525.0,213.0,vial5,29,29.970125577344668
71,id1,525.0,213.0,vial5,29,29.970125577344668
72,id1,525.0,213.0,vial5,29,29.970125577344668
73,id1,525.0,213.0,vial5,29,29.970125577344668
74,id1,525.0,213.0,vial5,29,29.970125577344668
75,id1,525.0,213.0,vial5,29,29.970125577344668
76,id1,525.0,213.0,vial5,29,29.970125577344668
77,id1,525.0,213.0,vial5,29,29.970125577344668
78,id1,525.0,213.0,vial5,29,29.970125577344668
79,id1,525.0,211.5,vial5,29,29.970125577344668
80,id1,526.5,204.0,vial5,29,29.970125577344668
81,id1,536.5,200.5,vial5,29,29.970125577344668
82,id1,537.5,201.5,vial5,29,29.970125577344668
83,id1,536.5,201.0,vial5,29,29.970125577344668
84,id1,536.0,200.0,vial5,29,29.970125577344668
85,id1,536.0,199.0,vial5,29,29.970125577344668
86,id1,535.0,198.0,vial5,29,29.970125577344668
87,id1,534.0,197.0,vial5,29,29.970125577344668
88,id1,534.5,196.0,vial5,29,29.970125577344668
89,id1,535.0,194.0,vial5,29,29.970125577344668
90,id1,535.5,192.0,vial5,29,29.970125577344668
91,id1,536.5,190.0,vial5,29,29.970125577344668
92,id1,537.5,188.0,vial5,29,29.970125577344668
93,id1,538.5,186.0,vial5,29,29.970125577344668
94,id1,539.5,184.0,vial5,29,29.970125577344668
95,id1,541.0,182.0,vial5,29,29.970125577344668
96,id1,542.0,180.5,vial5,29,29.970125577344668
97,id1,543.5,178.0,vial5,29,29.970125577344668
98,id1,544.5,177.0,vial5,29,29.970125577344668
99,id1,545.5,176.0,vial5,29,29.970125577344668
100,id1,546.0,175.0,vial5,29,29.970125577344668
101,id1,546.5,174.0,vial5,29,29.970125577344668
102,id1,547.5,173.0,vial5,29,29.970125577344668
103,id1,547.5,172.0,vial5,29,29.970125577344668
104,id1,548.5,170.5,vial5,29,29.970125577344668
105,id1,548.5,168.5,vial5,29,29.970125577344668
106,id1,549.0,167.0,vial5,29,29.970125577344668
107,id1,549.5,166.0,vial5,29,29.970125577344668
108,id1,549.5,164.0,vial5,29,29.970125577344668
109,id1,550.0,163.0,vial5,29,29.970125577344668
110,id1,549.5,162.5,vial5,29,29.970125577344668
111,id1,549.5,161.0,vial5,29,29.970125577344668
112,id1,549.5,159.0,vial5,29,29.970125577344668
113,id1,549.5,156.0,vial5,29,29.970125577344668
114,id1,549.5,154.0,vial5,29,29.970125577344668
115,id1,549.5,153.0,vial5,29,29.970125577344668
116,id1,549.5,153.0,vial5,29,29.970125577344668
117,id1,549.5,153.0,vial5,29,29.970125577344668
118,id1,549.5,153.0,vial5,29,29.970125577344668
119,id1,550.0,152.0,vial5,29,29.970125577344668
120,id1,549.5,152.0,vial5,29,29.970125577344668
121,id1,549.5,151.0,vial5,29,29.970125577344668
122,id1,549.5,147.0,vial5,29,29.970125577344668
123,id1,549.5,144.5,vial5,29,29.970125577344668
124,id1,549.5,142.0,vial5,29,29.970125577344668
125,id1,548.5,138.0,vial5,29,29.970125577344668
126,id1,548.0,134.5,vial5,29,29.970125577344668
127,id1,547.5,130.5,vial5,29,29.970125577344668
128,id1,547.0,127.0,vial5,29,29.970125577344668
129,id1,546.5,123.0,vial5,29,29.970125577344668
130,id1,546.5,119.0,vial5,29,29.970125577344668
131,id1,546.0,116.0,vial5,29,29.970125577344668
132,id1,546.0,114.0,vial5,29,29.970125577344668
133,id1,546.5,112.0,vial5,29,29.970125577344668
134,id1,546.5,111.0,vial5,29,29.970125577344668
135,id1,546.5,110.0,vial5,29,29.970125577344668
136,id1,546.5,110.0,vial5,29,29.970125577344668
137,id1,546.5,110.0,vial5,29,29.970125577344668
138,id1,546.5,109.0,vial5,29,29.970125577344668
139,id1,546.5,108.0,vial5,29,29.970125577344668
140,id1,546.5,106.0,vial5,29,29.970125577344668
141,id1,546.5,104.0,vial5,29,29.970125577344668
142,id1,546.5,102.0,vial5,29,29.970125577344668
143,id1,546.5,100.0,vial5,29,29.970125577344668
144,id1,546.5,98.0,vial5,29,29.970125577344668
145,id1,547.0,97.0,vial5,29,29.970125577344668
146,id1,547.0,95.0,vial5,29,29.970125577344668
147,id1,547.5,94.0,vial5,29,29.970125577344668
148,id1,547.5,92.0,vial5,29,29.970125577344668
149,id1,547.5,90.0,vial5,29,29.970125577344668
150,id1,548.5,88.0,vial5,29,29.970125577344668
151,id1,548.5,86.0,vial5,29,29.970125577344668
152,id1,548.5,84.0,vial5,29,29.970125577344668
153,id1,549.5,81.5,vial5,29,29.970125577344668
154,id1,549.5,79.5,vial5,29,29.970125577344668
155,id1,549.5,76.5,vial5,29,29.970125577344668
156,id1,549.5,74.0,vial5,29,29.970125577344668
157,id1,549.5,72.0,vial5,29,29.970125577344668
158,id1,549.5,69.0,vial5,29,29.970125577344668
159,id1,549.5,67.5,vial5,29,29.970125577344668
160,id1,549.5,66.0,vial5,29,29.970125577344668
161,id1,549.0,64.5,vial5,29,29.970125577344668
162,id1,549.0,64.5,vial5,29,29.970125577344668
163,id1,549.0,64.0,vial5,29,29.970125577344668
164,id1,548.5,63.5,vial5,29,29.970125577344668
165,id1,548.5,62.0,vial5,29,29.970125577344668
166,id1,547.5,60.5,vial5,29,29.970125577344668
167,id1,546.5,58.5,vial5,29,29.970125577344668
168,id1,545.5,57.0,vial5,29,29.970125577344668
169,id1,544.5,55.5,vial5,29,29.970125577344668
170,id1,544.0,54.5,vial5,29,29.970125577344668
171,id1,543.0,52.5,vial5,29,29.970125577344668
172,id1,541.0,51.0,vial5,29,29.970125577344668
173,id1,538.5,50.5,vial5,29,29.970125577344668
174,id1,536.5,49.5,vial5,29,29.970125577344668
175,id1,534.5,48.5,vial5,29,29.970125577344668
176,id1,533.0,47.5,vial5,29,29.970125577344668
177,id1,531.0,46.5,vial5,29,29.970125577344668
178,id1,529.0,45.5,vial5,29,29.970125577344668
179,id1,526.0,45.5,vial5,29,29.970125577344668
180,id1,525.0,45.0,vial5,29,29.970125577344668
181,id1,524.0,44.5,vial5,29,29.970125577344668
182,id1,524.0,44.0,vial5,29,29.970125577344668
183,id1,523.5,41.5,vial5,29,29.970125577344668
184,id1,523.0,39.0,vial5,29,29.970125577344668
185,id1,523.0,36.5,vial5,29,29.970125577344668
186,id1,522.5,33.5,vial5,29,29.970125577344668
187,id1,522.0,30.5,vial5,29,29.970125577344668
188,id1,522.0,27.0,vial5,29,29.970125577344668
189,id1,522.0,23.5,vial5,29,29.970125577344668
190,id1,522.0,20.5,vial5,29,29.970125577344668
191,id1,521.5,17.5,vial5,29,29.970125577344668
192,id1,521.5,14.5,vial5,29,29.970125577344668
193,id1,521.5,11.5,vial5,29,29.970125577344668
194,id1,521.0,9.0,vial5,29,29.970125577344668
195,id1,520.5,6.5,vial5,29,29.970125577344668
196,id1,520.5,5.0,vial5,29,29.970125577344668
227,id1,549.5,2.0,vial5,29,29.970125577344668
228,id1,549.5,3.0,vial5,29,29.970125577344668
0,id10,127.5,335.0,vial2,6,29.970125577344668
1,id10,127.0,335.0,vial2,6,29.970125577344668
2,id10,126.5,335.0,vial2,6,29.970125577344668
3,id10,127.0,335.0,vial2,6,29.970125577344668
4,id10,127.5,335.5,vial2,6,29.970125577344668
5,id10,127.0,335.0,vial2,6,29.970125577344668
6,id10,127.0,335.5,vial2,6,29.970125577344668
7,id10,127.0,335.5,vial2,6,29.970125577344668
8,id10,126.5,335.0,vial2,6,29.970125577344668
9,id10,127.0,335.5,vial2,6,29.970125577344668
10,id10,128.0,335.5,vial2,6,29.970125577344668
11,id10,127.5,335.0,vial2,6,29.970125577344668
12,id10,127.5,335.5,vial2,6,29.970125577344668
13,id10,127.5,335.5,vial2,6,29.970125577344668
14,id10,127.5,335.0,vial2,6,29.970125577344668
15,id10,128.0,335.0,vial2,6,29.970125577344668
16,id10,128.0,335.0,vial2,6,29.970125577344668
17,id10,128.5,335.5,vial2,6,29.970125577344668
18,id10,129.0,335.0,vial2,6,29.970125577344668
19,id10,129.0,335.5,vial2,6,29.970125577344668
20,id10,129.5,335.5,vial2,6,29.970125577344668
21,id10,130.5,335.5,vial2,6,29.970125577344668
22,id10,130.0,335.5,vial2,6,29.970125577344668
23,id10,130.0,335.5,vial2,6,29.970125577344668
24,id10,130.5,335.0,vial2,6,29.970125577344668
25,id10,130.0,335.5,vial2,6,29.970125577344668
26,id10,129.5,335.5,vial2,6,29.970125577344668
27,id10,130.0,335.0,vial2,6,29.970125577344668
28,id10,130.5,335.5,vial2,6,29.970125577344668
29,id10,129.5,335.5,vial2,6,29.970125577344668
30,id10,130.5,335.5,vial2,6,29.970125577344668
31,id10,130.5,335.5,vial2,6,29.970125577344668
32,id10,130.5,335.0,vial2,6,29.970125577344668
33,id10,130.5,335.5,vial2,6,29.970125577344668
34,id10,130.5,335.0,vial2,6,29.970125577344668
35,id10,130.5,335.5,vial2,6,29.970125577344668
36,id10,130.5,335.5,vial2,6,29.970125577344668
37,id10,130.5,335.5,vial2,6,29.970125577344668
38,id10,130.5,335.5,vial2,6,29.970125577344668
39,id10,130.5,335.5,vial2,6,29.970125577344668
40,id10,130.5,335.0,vial2,6,29.970125577344668
41,id10,130.0,335.0,vial2,6,29.970125577344668
42,id10,130.5,335.0,vial2,6,29.970125577344668
43,id10,130.5,335.5,vial2,6,29.970125577344668
44,id10,130.5,335.5,vial2,6,29.970125577344668
45,id10,130.5,335.5,vial2,6,29.970125577344668
46,id10,130.5,335.5,vial2,6,29.970125577344668
47,id10,130.5,335.5,vial2,6,29.970125577344668
48,id10,130.5,335.5,vial2,6,29.970125577344668
49,id10,130.5,335.5,vial2,6,29.970125577344668
50,id10,130.5,335.5,vial2,6,29.970125577344668
51,id10,130.5,335.5,vial2,6,29.970125577344668
52,id10,130.5,336.0,vial2,6,29.970125577344668
53,id10,130.5,336.0,vial2,6,29.970125577344668
54,id10,130.5,335.5,vial2,6,29.970125577344668
55,id10,130.5,335.5,vial2,6,29.970125577344668
56,id10,130.5,335.5,vial2,6,29.970125577344668
57,id10,130.5,335.5,vial2,6,29.970125577344668
58,id10,130.5,335.5,vial2,6,29.970125577344668
59,id10,130.5,335.5,vial2,6,29.970125577344668
60,id10,130.5,335.5,vial2,6,29.970125577344668
61,id10,130.5,335.5,vial2,6,29.970125577344668
62,id10,130.5,335.5,vial2,6,29.970125577344668
63,id10,130.5,335.5,vial2,6,29.970125577344668
64,id10,130.5,335.5,vial2,6,29.970125577344668
65,id10,131.0,335.5,vial2,6,29.970125577344668
66,id10,131.5,336.0,vial2,6,29.970125577344668
67,id10,132.5,335.5,vial2,6,29.970125577344668
68,id10,134.0,335.5,vial2,6,29.970125577344668
69,id10,135.5,335.5,vial2,6,29.970125577344668
70,id10,136.5,335.5,vial2,6,29.970125577344668
71,id10,136.5,335.5,vial2,6,29.970125577344668
72,id10,137.0,335.5,vial2,6,29.970125577344668
73,id10,137.0,335.5,vial2,6,29.970125577344668
74,id10,137.5,335.5,vial2,6,29.970125577344668
75,id10,137.5,335.5,vial2,6,29.970125577344668
76,id10,137.5,337.0,vial2,6,29.970125577344668
77,id10,139.5,336.5,vial2,6,29.970125577344668
78,id10,138.5,336.5,vial2,6,29.970125577344668
79,id10,138.5,336.5,vial2,6,29.970125577344668
80,id10,137.0,336.5,vial2,6,29.970125577344668
81,id10,137.0,336.5,vial2,6,29.970125577344668
82,id10,136.5,336.5,vial2,6,29.970125577344668
83,id10,136.5,336.5,vial2,6,29.970125577344668
84,id10,135.5,336.5,vial2,6,29.970125577344668
85,id10,135.0,336.0,vial2,6,29.970125577344668
92,id10,186.0,287.0,vial2,6,29.970125577344668
93,id10,148.5,274.5,vial2,6,29.970125577344668
94,id10,134.0,263.5,vial2,6,29.970125577344668
95,id10,134.5,262.0,vial2,6,29.970125577344668
96,id10,134.5,261.0,vial2,6,29.970125577344668
97,id10,134.5,261.0,vial2,6,29.970125577344668
98,id10,134.5,261.0,vial2,6,29.970125577344668
99,id10,135.5,260.5,vial2,6,29.970125577344668
100,id10,135.5,259.0,vial2,6,29.970125577344668
101,id10,135.5,257.0,vial2,6,29.970125577344668
102,id10,135.5,255.5,vial2,6,29.970125577344668
103,id10,135.0,254.5,vial2,6,29.970125577344668
104,id10,134.5,252.5,vial2,6,29.970125577344668
105,id10,133.5,251.5,vial2,6,29.970125577344668
106,id10,132.5,250.5,vial2,6,29.970125577344668
107,id10,131.5,249.5,vial2,6,29.970125577344668
108,id10,131.0,248.5,vial2,6,29.970125577344668
109,id10,131.0,248.5,vial2,6,29.970125577344668
110,id10,131.0,248.0,vial2,6,29.970125577344668
111,id10,140.5,240.5,vial2,6,29.970125577344668
112,id10,137.0,239.0,vial2,6,29.970125577344668
113,id10,137.0,239.0,vial2,6,29.970125577344668
114,id10,137.0,239.0,vial2,6,29.970125577344668
115,id10,137.0,238.5,vial2,6,29.970125577344668
116,id10,137.0,238.5,vial2,6,29.970125577344668
117,id10,136.5,237.0,vial2,6,29.970125577344668
118,id10,136.5,234.5,vial2,6,29.970125577344668
119,id10,136.5,232.5,vial2,6,29.970125577344668
120,id10,136.5,230.5,vial2,6,29.970125577344668
121,id10,136.0,228.0,vial2,6,29.970125577344668
122,id10,135.5,226.5,vial2,6,29.970125577344668
123,id10,135.5,225.0,vial2,6,29.970125577344668
124,id10,135.5,225.0,vial2,6,29.970125577344668
125,id10,135.5,225.0,vial2,6,29.970125577344668
126,id10,135.5,225.0,vial2,6,29.970125577344668
127,id10,135.5,225.0,vial2,6,29.970125577344668
128,id10,135.5,225.0,vial2,6,29.970125577344668
129,id10,135.5,225.0,vial2,6,29.970125577344668
130,id10,135.5,224.5,vial2,6,29.970125577344668
131,id10,135.0,223.5,vial2,6,29.970125577344668
132,id10,135.5,222.5,vial2,6,29.970125577344668
133,id10,135.5,221.0,vial2,6,29.970125577344668
134,id10,135.5,219.0,vial2,6,29.970125577344668
135,id10,135.0,217.0,vial2,6,29.970125577344668
136,id10,134.0,215.5,vial2,6,29.970125577344668
137,id10,133.5,213.0,vial2,6,29.970125577344668
138,id10,131.5,211.5,vial2,6,29.970125577344668
139,id10,130.5,208.5,vial2,6,29.970125577344668
140,id10,130.0,206.5,vial2,6,29.970125577344668
141,id10,130.0,204.0,vial2,6,29.970125577344668
142,id10,129.0,202.5,vial2,6,29.970125577344668
143,id10,129.0,201.5,vial2,6,29.970125577344668
144,id10,128.5,200.0,vial2,6,29.970125577344668
145,id10,128.0,198.0,vial2,6,29.970125577344668
146,id10,127.5,195.5,vial2,6,29.970125577344668
147,id10,127.0,193.0,vial2,6,29.970125577344668
148,id10,127.0,189.5,vial2,6,29.970125577344668
149,id10,126.5,186.5,vial2,6,29.970125577344668
150,id10,126.0,183.5,vial2,6,29.970125577344668
151,id10,126.0,180.0,vial2,6,29.970125577344668
152,id10,125.5,177.0,vial2,6,29.970125577344668
153,id10,125.5,176.0,vial2,6,29.970125577344668
154,id10,125.5,175.0,vial2,6,29.970125577344668
155,id10,125.5,174.0,vial2,6,29.970125577344668
156,id10,126.5,172.5,vial2,6,29.970125577344668
157,id10,126.5,172.0,vial2,6,29.970125577344668
158,id10,127.5,171.0,vial2,6,29.970125577344668
159,id10,127.5,170.0,vial2,6,29.970125577344668
160,id10,128.5,170.0,vial2,6,29.970125577344668
161,id10,128.5,169.0,vial2,6,29.970125577344668
162,id10,129.5,168.0,vial2,6,29.970125577344668
163,id10,130.5,167.5,vial2,6,29.970125577344668
164,id10,131.5,167.0,vial2,6,29.970125577344668
165,id10,132.0,166.5,vial2,6,29.970125577344668
166,id10,134.0,165.5,vial2,6,29.970125577344668
167,id10,136.0,165.0,vial2,6,29.970125577344668
168,id10,137.0,165.5,vial2,6,29.970125577344668
169,id10,138.5,166.0,vial2,6,29.970125577344668
170,id10,139.5,166.5,vial2,6,29.970125577344668
171,id10,139.5,166.5,vial2,6,29.970125577344668
172,id10,140.5,167.5,vial2,6,29.970125577344668
173,id10,141.5,167.5,vial2,6,29.970125577344668
174,id10,142.5,168.0,vial2,6,29.970125577344668
175,id10,144.0,168.5,vial2,6,29.970125577344668
176,id10,144.5,168.0,vial2,6,29.970125577344668
177,id10,144.0,167.5,vial2,6,29.970125577344668
178,id10,144.0,167.5,vial2,6,29.970125577344668
179,id10,145.0,165.5,vial2,6,29.970125577344668
180,id10,146.0,164.5,vial2,6,29.970125577344668
181,id10,147.0,163.0,vial2,6,29.970125577344668
182,id10,147.5,161.5,vial2,6,29.970125577344668
183,id10,148.0,160.0,vial2,6,29.970125577344668
184,id10,148.5,159.0,vial2,6,29.970125577344668
185,id10,149.5,158.0,vial2,6,29.970125577344668
186,id10,150.0,157.5,vial2,6,29.970125577344668
187,id10,151.0,156.5,vial2,6,29.970125577344668
188,id10,152.0,156.0,vial2,6,29.970125577344668
189,id10,153.0,154.5,vial2,6,29.970125577344668
190,id10,154.0,155.5,vial2,6,29.970125577344668
191,id10,154.0,155.5,vial2,6,29.970125577344668
192,id10,155.0,154.5,vial2,6,29.970125577344668
193,id10,156.5,153.5,vial2,6,29.970125577344668
194,id10,157.0,153.0,vial2,6,29.970125577344668
195,id10,158.0,152.0,vial2,6,29.970125577344668
196,id10,159.0,151.0,vial2,6,29.970125577344668
197,id10,160.0,149.5,vial2,6,29.970125577344668
198,id10,162.0,147.5,vial2,6,29.970125577344668
199,id10,163.0,144.5,vial2,6,29.970125577344668
200,id10,164.5,142.5,vial2,6,29.970125577344668
201,id10,165.5,139.5,vial2,6,29.970125577344668
202,id10,166.5,137.0,vial2,6,29.970125577344668
203,id10,168.5,134.0,vial2,6,29.970125577344668
204,id10,169.5,131.0,vial2,6,29.970125577344668
205,id10,170.5,128.0,vial2,6,29.970125577344668
206,id10,171.0,125.0,vial2,6,29.970125577344668
207,id10,171.5,122.5,vial2,6,29.970125577344668
208,id10,172.5,120.0,vial2,6,29.970125577344668
209,id10,173.0,117.0,vial2,6,29.970125577344668
210,id10,173.5,114.0,vial2,6,29.970125577344668
211,id10,174.0,111.0,vial2,6,29.970125577344668
212,id10,174.5,108.0,vial2,6,29.970125577344668
213,id10,175.5,104.0,vial2,6,29.970125577344668
214,id10,176.0,102.0,vial2,6,29.970125577344668
215,id10,177.0,99.0,vial2,6,29.970125577344668
216,id10,177.5,96.0,vial2,6,29.970125577344668
217,id10,178.5,93.0,vial2,6,29.970125577344668
218,id10,179.5,90.0,vial2,6,29.970125577344668
219,id10,180.0,87.5,vial2,6,29.970125577344668
220,id10,180.5,84.0,vial2,6,29.970125577344668
221,id10,181.0,81.0,vial2,6,29.970125577344668
222,id10,181.5,78.0,vial2,6,29.970125577344668
223,id10,181.5,75.0,vial2,6,29.970125577344668
224,id10,182.0,72.0,vial2,6,29.970125577344668
225,id10,182.0,70.0,vial2,6,29.970125577344668
226,id10,181.5,66.0,vial2,6,29.970125577344668
227,id10,181.0,63.0,vial2,6,29.970125577344668
228,id10,181.0,60.0,vial2,6,29.970125577344668
229,id10,180.0,57.0,vial2,6,29.970125577344668
230,id10,179.5,54.0,vial2,6,29.970125577344668
231,id10,179.0,52.0,vial2,6,29.970125577344668
232,id10,178.5,49.5,vial2,6,29.970125577344668
233,id10,178.0,47.0,vial2,6,29.970125577344668
234,id10,177.5,44.0,vial2,6,29.970125577344668
235,id10,177.5,40.0,vial2,6,29.970125577344668
236,id10,177.0,37.0,vial2,6,29.970125577344668
237,id10,176.5,34.0,vial2,6,29.970125577344668
238,id10,176.0,31.0,vial2,6,29.970125577344668
239,id10,175.5,28.0,vial2,6,29.970125577344668
240,id10,174.5,25.0,vial2,6,29.970125577344668
241,id10,174.0,21.5,vial2,6,29.970125577344668
242,id10,172.0,19.5,vial2,6,29.970125577344668
243,id10,171.5,18.5,vial2,6,29.970125577344668
244,id10,172.0,17.5,vial2,6,29.970125577344668
245,id10,172.5,17.5,vial2,6,29.970125577344668
246,id10,171.5,17.5,vial2,6,29.970125577344668
247,id10,172.0,17.5,vial2,6,29.970125577344668
248,id10,172.0,18.0,vial2,6,29.970125577344668
249,id10,172.5,18.0,vial2,6,29.970125577344668
250,id10,172.5,18.0,vial2,6,29.970125577344668
251,id10,172.5,17.5,vial2,6,29.970125577344668
252,id10,172.0,17.5,vial2,6,29.970125577344668
253,id10,172.5,17.0,vial2,6,29.970125577344668
254,id10,172.5,16.5,vial2,6,29.970125577344668
255,id10,172.0,16.0,vial2,6,29.970125577344668
256,id10,172.0,16.0,vial2,6,29.970125577344668
257,id10,172.0,16.0,vial2,6,29.970125577344668
258,id10,172.0,16.0,vial2,6,29.970125577344668
259,id10,172.0,16.0,vial2,6,29.970125577344668
260,id10,172.0,16.0,vial2,6,29.970125577344668
261,id10,172.0,16.0,vial2,6,29.970125577344668
262,id10,171.5,15.0,vial2,6,29.970125577344668
263,id10,171.5,13.0,vial2,6,29.970125577344668
264,id10,171.5,11.0,vial2,6,29.970125577344668
265,id10,171.5,8.5,vial2,6,29.970125577344668
266,id10,171.5,7.5,vial2,6,29.970125577344668
267,id10,171.5,6.0,vial2,6,29.970125577344668
282,id10,184.0,4.5,vial2,6,29.970125577344668
283,id10,184.5,6.0,vial2,6,29.970125577344668
284,id10,184.5,10.0,vial2,6,29.970125577344668
285,id10,183.5,11.5,vial2,6,29.970125577344668
286,id10,183.5,13.0,vial2,6,29.970125577344668
287,id10,183.0,15.0,vial2,6,29.970125577344668
288,id10,182.5,17.0,vial2,6,29.970125577344668
289,id10,182.5,19.0,vial2,6,29.970125577344668
290,id10,182.0,21.0,vial2,6,29.970125577344668
291,id10,181.5,23.5,vial2,6,29.970125577344668
292,id10,180.5,26.0,vial2,6,29.970125577344668
293,id10,180.0,28.0,vial2,6,29.970125577344668
294,id10,179.5,30.5,vial2,6,29.970125577344668
295,id10,179.0,33.5,vial2,6,29.970125577344668
296,id10,178.5,36.0,vial2,6,29.970125577344668
297,id10,178.0,39.0,vial2,6,29.970125577344668
298,id10,177.5,41.0,vial2,6,29.970125577344668
299,id10,177.5,44.0,vial2,6,29.970125577344668
300,id10,177.0,46.0,vial2,6,29.970125577344668
301,id10,177.0,47.0,vial2,6,29.970125577344668
302,id10,177.0,47.0,vial2,6,29.970125577344668
303,id10,177.0,47.0,vial2,6,29.970125577344668
304,id10,177.0,47.0,vial2,6,29.970125577344668
305,id10,177.0,47.0,vial2,6,29.970125577344668
306,id10,177.0,47.0,vial2,6,29.970125577344668
307,id10,177.0,47.0,vial2,6,29.970125577344668
308,id10,177.0,47.0,vial2,6,29.970125577344668
309,id10,177.0,47.0,vial2,6,29.970125577344668
310,id10,177.0,47.0,vial2,6,29.970125577344668
311,id10,177.0,47.0,vial2,6,29.970125577344668
312,id10,176.5,47.5,vial2,6,29.970125577344668
313,id10,176.5,47.5,vial2,6,29.970125577344668
314,id10,176.5,47.5,vial2,6,29.970125577344668
315,id10,177.0,47.0,vial2,6,29.970125577344668
316,id10,177.0,47.0,vial2,6,29.970125577344668
317,id10,177.0,47.0,vial2,6,29.970125577344668
318,id10,177.0,46.5,vial2,6,29.970125577344668
319,id10,176.5,46.0,vial2,6,29.970125577344668
320,id10,176.5,46.5,vial2,6,29.970125577344668
321,id10,176.5,47.0,vial2,6,29.970125577344668
322,id10,176.5,47.0,vial2,6,29.970125577344668
323,id10,177.0,47.0,vial2,6,29.970125577344668
324,id10,177.0,47.0,vial2,6,29.970125577344668
325,id10,177.0,47.0,vial2,6,29.970125577344668
326,id10,176.5,47.0,vial2,6,29.970125577344668
327,id10,176.5,47.0,vial2,6,29.970125577344668
328,id10,176.5,47.0,vial2,6,29.970125577344668
329,id10,176.5,47.0,vial2,6,29.970125577344668
330,id10,176.5,47.0,vial2,6,29.970125577344668
331,id10,176.5,47.0,vial2,6,29.970125577344668
332,id10,176.5,47.0,vial2,6,29.970125577344668
333,id10,176.5,47.0,vial2,6,29.970125577344668
334,id10,176.5,47.0,vial2,6,29.970125577344668
335,id10,176.5,46.5,vial2,6,29.970125577344668
336,id10,176.5,47.0,vial2,6,29.970125577344668
337,id10,176.5,47.0,vial2,6,29.970125577344668
338,id10,176.5,47.0,vial2,6,29.970125577344668
339,id10,176.5,47.0,vial2,6,29.970125577344668
340,id10,176.5,47.0,vial2,6,29.970125577344668
341,id10,176.5,47.0,vial2,6,29.970125577344668
342,id10,176.5,47.0,vial2,6,29.970125577344668
0,id11,279.0,332.0,vial3,20,29.970125577344668
1,id11,278.5,332.0,vial3,20,29.970125577344668
2,id11,279.5,331.5,vial3,20,29.970125577344668
3,id11,280.5,332.0,vial3,20,29.970125577344668
4,id11,283.0,332.5,vial3,20,29.970125577344668
5,id11,282.0,333.0,vial3,20,29.970125577344668
6,id11,282.5,333.0,vial3,20,29.970125577344668
7,id11,281.5,333.0,vial3,20,29.970125577344668
8,id11,280.0,333.5,vial3,20,29.970125577344668
9,id11,279.0,337.0,vial3,20,29.970125577344668
10,id11,284.5,337.5,vial3,20,29.970125577344668
11,id11,289.5,338.5,vial3,20,29.970125577344668
12,id11,287.0,338.5,vial3,20,29.970125577344668
13,id11,288.5,337.5,vial3,20,29.970125577344668
14,id11,267.0,336.0,vial3,20,29.970125577344668
15,id11,264.0,337.5,vial3,20,29.970125577344668
16,id11,261.5,337.5,vial3,20,29.970125577344668
17,id11,258.5,338.0,vial3,20,29.970125577344668
18,id11,257.0,337.5,vial3,20,29.970125577344668
19,id11,255.0,338.0,vial3,20,29.970125577344668
20,id11,254.0,338.0,vial3,20,29.970125577344668
21,id11,254.0,339.0,vial3,20,29.970125577344668
22,id11,254.0,340.0,vial3,20,29.970125577344668
23,id11,253.5,339.0,vial3,20,29.970125577344668
24,id11,275.0,338.0,vial3,20,29.970125577344668
28,id11,283.5,338.0,vial3,20,29.970125577344668
29,id11,280.0,337.5,vial3,20,29.970125577344668
30,id11,272.0,337.5,vial3,20,29.970125577344668
31,id11,276.5,337.0,vial3,20,29.970125577344668
32,id11,276.5,336.5,vial3,20,29.970125577344668
33,id11,277.5,338.0,vial3,20,29.970125577344668
34,id11,278.0,339.0,vial3,20,29.970125577344668
35,id11,278.0,338.5,vial3,20,29.970125577344668
36,id11,279.0,338.0,vial3,20,29.970125577344668
37,id11,277.5,339.0,vial3,20,29.970125577344668
38,id11,278.0,338.5,vial3,20,29.970125577344668
39,id11,277.5,339.0,vial3,20,29.970125577344668
40,id11,277.0,338.5,vial3,20,29.970125577344668
41,id11,277.5,338.0,vial3,20,29.970125577344668
42,id11,279.0,337.5,vial3,20,29.970125577344668
43,id11,278.5,336.5,vial3,20,29.970125577344668
44,id11,278.0,336.0,vial3,20,29.970125577344668
45,id11,278.5,335.5,vial3,20,29.970125577344668
46,id11,279.0,334.5,vial3,20,29.970125577344668
47,id11,279.5,334.0,vial3,20,29.970125577344668
48,id11,280.0,333.5,vial3,20,29.970125577344668
49,id11,280.0,333.0,vial3,20,29.970125577344668
50,id11,279.5,333.0,vial3,20,29.970125577344668
51,id11,280.5,332.5,vial3,20,29.970125577344668
52,id11,281.5,332.0,vial3,20,29.970125577344668
53,id11,281.5,332.0,vial3,20,29.970125577344668
54,id11,282.5,332.0,vial3,20,29.970125577344668
55,id11,283.0,332.0,vial3,20,29.970125577344668
56,id11,283.0,331.5,vial3,20,29.970125577344668
57,id11,283.0,331.5,vial3,20,29.970125577344668
58,id11,283.0,331.5,vial3,20,29.970125577344668
59,id11,283.0,331.5,vial3,20,29.970125577344668
60,id11,283.0,331.5,vial3,20,29.970125577344668
61,id11,283.0,331.5,vial3,20,29.970125577344668
62,id11,283.0,331.5,vial3,20,29.970125577344668
63,id11,283.0,331.5,vial3,20,29.970125577344668
64,id11,281.0,331.5,vial3,20,29.970125577344668
65,id11,281.0,331.5,vial3,20,29.970125577344668
66,id11,282.0,331.5,vial3,20,29.970125577344668
67,id11,282.0,331.5,vial3,20,29.970125577344668
68,id11,282.0,331.5,vial3,20,29.970125577344668
69,id11,282.0,332.5,vial3,20,29.970125577344668
70,id11,280.5,332.5,vial3,20,29.970125577344668
71,id11,280.5,332.5,vial3,20,29.970125577344668
72,id11,280.5,332.5,vial3,20,29.970125577344668
73,id11,282.5,332.5,vial3,20,29.970125577344668
74,id11,283.0,332.5,vial3,20,29.970125577344668
75,id11,282.5,332.5,vial3,20,29.970125577344668
76,id11,281.0,333.5,vial3,20,29.970125577344668
77,id11,282.0,334.0,vial3,20,29.970125577344668
78,id11,283.5,334.0,vial3,20,29.970125577344668
79,id11,284.0,334.0,vial3,20,29.970125577344668
80,id11,285.0,334.0,vial3,20,29.970125577344668
81,id11,285.0,333.5,vial3,20,29.970125577344668
82,id11,285.5,334.0,vial3,20,29.970125577344668
83,id11,285.5,334.0,vial3,20,29.970125577344668
84,id11,286.0,334.5,vial3,20,29.970125577344668
85,id11,286.0,335.0,vial3,20,29.970125577344668
86,id11,286.0,335.0,vial3,20,29.970125577344668
87,id11,286.0,334.5,vial3,20,29.970125577344668
88,id11,286.5,334.0,vial3,20,29.970125577344668
89,id11,286.5,335.0,vial3,20,29.970125577344668
90,id11,287.0,335.0,vial3,20,29.970125577344668
91,id11,287.0,335.0,vial3,20,29.970125577344668
92,id11,288.0,335.5,vial3,20,29.970125577344668
93,id11,288.0,336.0,vial3,20,29.970125577344668
94,id11,289.5,336.0,vial3,20,29.970125577344668
95,id11,292.0,336.5,vial3,20,29.970125577344668
96,id11,295.0,336.5,vial3,20,29.970125577344668
97,id11,297.5,336.0,vial3,20,29.970125577344668
98,id11,301.0,335.5,vial3,20,29.970125577344668
99,id11,304.0,336.0,vial3,20,29.970125577344668
100,id11,305.0,336.5,vial3,20,29.970125577344668
101,id11,305.5,336.5,vial3,20,29.970125577344668
102,id11,305.5,335.5,vial3,20,29.970125577344668
103,id11,305.0,335.5,vial3,20,29.970125577344668
104,id11,305.0,335.5,vial3,20,29.970125577344668
105,id11,304.5,335.5,vial3,20,29.970125577344668
106,id11,304.0,335.5,vial3,20,29.970125577344668
107,id11,303.0,335.5,vial3,20,29.970125577344668
108,id11,302.5,335.5,vial3,20,29.970125577344668
109,id11,302.5,335.5,vial3,20,29.970125577344668
110,id11,302.5,335.5,vial3,20,29.970125577344668
111,id11,302.5,335.5,vial3,20,29.970125577344668
112,id11,301.5,335.0,vial3,20,29.970125577344668
113,id11,300.5,335.0,vial3,20,29.970125577344668
114,id11,300.0,336.0,vial3,20,29.970125577344668
115,id11,299.0,336.0,vial3,20,29.970125577344668
116,id11,298.0,336.5,vial3,20,29.970125577344668
117,id11,297.0,336.0,vial3,20,29.970125577344668
118,id11,296.0,336.0,vial3,20,29.970125577344668
119,id11,294.5,336.0,vial3,20,29.970125577344668
120,id11,293.0,335.5,vial3,20,29.970125577344668
121,id11,291.5,335.5,vial3,20,29.970125577344668
122,id11,291.0,335.5,vial3,20,29.970125577344668
123,id11,290.0,335.5,vial3,20,29.970125577344668
124,id11,289.5,335.0,vial3,20,29.970125577344668
125,id11,289.0,334.5,vial3,20,29.970125577344668
126,id11,289.5,334.0,vial3,20,29.970125577344668
127,id11,289.5,333.5,vial3,20,29.970125577344668
128,id11,289.5,333.0,vial3,20,29.970125577344668
129,id11,288.0,333.0,vial3,20,29.970125577344668
130,id11,288.5,333.0,vial3,20,29.970125577344668
131,id11,288.5,333.0,vial3,20,29.970125577344668
132,id11,287.5,330.5,vial3,20,29.970125577344668
133,id11,287.5,328.5,vial3,20,29.970125577344668
134,id11,286.5,326.5,vial3,20,29.970125577344668
135,id11,286.5,324.0,vial3,20,29.970125577344668
136,id11,286.5,321.5,vial3,20,29.970125577344668
137,id11,286.0,318.5,vial3,20,29.970125577344668
138,id11,286.0,316.0,vial3,20,29.970125577344668
139,id11,285.5,314.0,vial3,20,29.970125577344668
140,id11,285.5,311.5,vial3,20,29.970125577344668
141,id11,286.5,309.5,vial3,20,29.970125577344668
142,id11,286.5,308.0,vial3,20,29.970125577344668
143,id11,287.5,306.0,vial3,20,29.970125577344668
144,id11,288.0,304.0,vial3,20,29.970125577344668
145,id11,288.5,302.0,vial3,20,29.970125577344668
146,id11,289.5,300.0,vial3,20,29.970125577344668
147,id11,290.5,297.0,vial3,20,29.970125577344668
148,id11,292.0,295.5,vial3,20,29.970125577344668
149,id11,294.0,293.5,vial3,20,29.970125577344668
150,id11,295.0,292.0,vial3,20,29.970125577344668
151,id11,296.0,290.5,vial3,20,29.970125577344668
152,id11,297.0,288.5,vial3,20,29.970125577344668
153,id11,297.5,286.0,vial3,20,29.970125577344668
154,id11,298.0,283.0,vial3,20,29.970125577344668
155,id11,298.0,281.0,vial3,20,29.970125577344668
156,id11,297.5,278.0,vial3,20,29.970125577344668
157,id11,297.5,275.5,vial3,20,29.970125577344668
158,id11,297.5,272.5,vial3,20,29.970125577344668
159,id11,297.5,269.5,vial3,20,29.970125577344668
160,id11,297.5,266.5,vial3,20,29.970125577344668
161,id11,297.0,263.5,vial3,20,29.970125577344668
162,id11,297.5,260.5,vial3,20,29.970125577344668
163,id11,297.5,257.5,vial3,20,29.970125577344668
164,id11,298.0,255.0,vial3,20,29.970125577344668
165,id11,298.5,252.5,vial3,20,29.970125577344668
166,id11,299.5,249.5,vial3,20,29.970125577344668
167,id11,299.5,247.0,vial3,20,29.970125577344668
168,id11,300.5,244.0,vial3,20,29.970125577344668
169,id11,301.0,241.0,vial3,20,29.970125577344668
170,id11,301.5,238.5,vial3,20,29.970125577344668
171,id11,301.5,236.0,vial3,20,29.970125577344668
172,id11,302.5,232.5,vial3,20,29.970125577344668
173,id11,302.0,229.5,vial3,20,29.970125577344668
174,id11,302.0,226.5,vial3,20,29.970125577344668
175,id11,301.5,223.5,vial3,20,29.970125577344668
176,id11,301.5,220.5,vial3,20,29.970125577344668
177,id11,301.0,216.5,vial3,20,29.970125577344668
178,id11,301.5,213.5,vial3,20,29.970125577344668
179,id11,301.5,210.5,vial3,20,29.970125577344668
180,id11,301.0,208.0,vial3,20,29.970125577344668
181,id11,300.5,204.5,vial3,20,29.970125577344668
182,id11,300.0,202.0,vial3,20,29.970125577344668
183,id11,299.5,199.5,vial3,20,29.970125577344668
184,id11,299.5,196.5,vial3,20,29.970125577344668
185,id11,299.0,193.5,vial3,20,29.970125577344668
186,id11,299.0,190.5,vial3,20,29.970125577344668
187,id11,299.5,188.0,vial3,20,29.970125577344668
188,id11,300.0,185.5,vial3,20,29.970125577344668
189,id11,300.5,183.0,vial3,20,29.970125577344668
190,id11,301.5,181.0,vial3,20,29.970125577344668
191,id11,302.5,179.0,vial3,20,29.970125577344668
192,id11,302.5,176.5,vial3,20,29.970125577344668
193,id11,303.5,174.0,vial3,20,29.970125577344668
194,id11,304.0,171.0,vial3,20,29.970125577344668
195,id11,304.5,168.0,vial3,20,29.970125577344668
196,id11,304.5,165.5,vial3,20,29.970125577344668
197,id11,304.0,162.5,vial3,20,29.970125577344668
198,id11,304.0,159.0,vial3,20,29.970125577344668
199,id11,304.0,156.0,vial3,20,29.970125577344668
200,id11,303.5,153.0,vial3,20,29.970125577344668
201,id11,303.0,150.5,vial3,20,29.970125577344668
202,id11,302.5,147.5,vial3,20,29.970125577344668
203,id11,302.5,144.0,vial3,20,29.970125577344668
204,id11,302.0,141.0,vial3,20,29.970125577344668
205,id11,302.5,138.0,vial3,20,29.970125577344668
206,id11,303.0,134.5,vial3,20,29.970125577344668
207,id11,303.5,131.0,vial3,20,29.970125577344668
208,id11,304.5,128.0,vial3,20,29.970125577344668
209,id11,305.5,126.0,vial3,20,29.970125577344668
210,id11,305.5,122.5,vial3,20,29.970125577344668
211,id11,306.5,119.5,vial3,20,29.970125577344668
212,id11,307.5,117.0,vial3,20,29.970125577344668
213,id11,307.5,114.5,vial3,20,29.970125577344668
214,id11,308.5,111.5,vial3,20,29.970125577344668
215,id11,309.0,109.5,vial3,20,29.970125577344668
216,id11,309.0,107.0,vial3,20,29.970125577344668
217,id11,309.5,104.5,vial3,20,29.970125577344668
218,id11,309.5,102.0,vial3,20,29.970125577344668
219,id11,309.0,99.0,vial3,20,29.970125577344668
220,id11,309.0,96.0,vial3,20,29.970125577344668
221,id11,309.0,93.0,vial3,20,29.970125577344668
222,id11,309.0,90.0,vial3,20,29.970125577344668
223,id11,308.5,87.0,vial3,20,29.970125577344668
224,id11,308.5,84.0,vial3,20,29.970125577344668
225,id11,308.5,81.0,vial3,20,29.970125577344668
226,id11,308.5,78.0,vial3,20,29.970125577344668
227,id11,308.5,75.0,vial3,20,29.970125577344668
228,id11,308.5,72.0,vial3,20,29.970125577344668
229,id11,308.0,69.0,vial3,20,29.970125577344668
230,id11,308.0,66.0,vial3,20,29.970125577344668
231,id11,308.5,63.0,vial3,20,29.970125577344668
232,id11,308.5,60.0,vial3,20,29.970125577344668
233,id11,308.5,57.0,vial3,20,29.970125577344668
234,id11,308.5,54.0,vial3,20,29.970125577344668
235,id11,308.5,50.0,vial3,20,29.970125577344668
236,id11,309.0,48.0,vial3,20,29.970125577344668
237,id11,309.0,45.0,vial3,20,29.970125577344668
238,id11,309.0,41.5,vial3,20,29.970125577344668
239,id11,309.0,39.0,vial3,20,29.970125577344668
240,id11,309.0,36.0,vial3,20,29.970125577344668
241,id11,309.0,34.0,vial3,20,29.970125577344668
242,id11,309.0,31.0,vial3,20,29.970125577344668
243,id11,309.0,28.5,vial3,20,29.970125577344668
244,id11,309.0,26.0,vial3,20,29.970125577344668
245,id11,309.0,23.0,vial3,20,29.970125577344668
246,id11,309.5,20.0,vial3,20,29.970125577344668
247,id11,309.0,17.5,vial3,20,29.970125577344668
248,id11,309.5,15.5,vial3,20,29.970125577344668
249,id11,310.0,13.0,vial3,20,29.970125577344668
250,id11,309.5,11.5,vial3,20,29.970125577344668
251,id11,310.0,10.0,vial3,20,29.970125577344668
252,id11,310.0,6.5,vial3,20,29.970125577344668
0,id12,68.5,333.5,vial1,4,29.970125577344668
1,id12,68.0,332.0,vial1,4,29.970125577344668
2,id12,66.5,328.0,vial1,4,29.970125577344668
3,id12,67.5,325.0,vial1,4,29.970125577344668
7,id12,70.5,314.0,vial1,4,29.970125577344668
9,id12,70.5,313.0,vial1,4,29.970125577344668
10,id12,70.5,313.0,vial1,4,29.970125577344668
11,id12,69.5,313.0,vial1,4,29.970125577344668
12,id12,70.5,313.0,vial1,4,29.970125577344668
13,id12,70.5,313.0,vial1,4,29.970125577344668
14,id12,69.5,313.0,vial1,4,29.970125577344668
15,id12,70.5,313.0,vial1,4,29.970125577344668
16,id12,70.5,313.0,vial1,4,29.970125577344668
17,id12,69.5,313.0,vial1,4,29.970125577344668
18,id12,70.5,312.5,vial1,4,29.970125577344668
19,id12,69.5,311.5,vial1,4,29.970125577344668
20,id12,69.5,311.0,vial1,4,29.970125577344668
21,id12,69.5,310.5,vial1,4,29.970125577344668
22,id12,69.5,310.5,vial1,4,29.970125577344668
23,id12,69.5,310.5,vial1,4,29.970125577344668
24,id12,69.5,310.5,vial1,4,29.970125577344668
25,id12,69.5,310.5,vial1,4,29.970125577344668
26,id12,69.5,310.5,vial1,4,29.970125577344668
27,id12,69.5,310.5,vial1,4,29.970125577344668
28,id12,69.5,310.0,vial1,4,29.970125577344668
29,id12,68.5,309.5,vial1,4,29.970125577344668
30,id12,68.0,310.0,vial1,4,29.970125577344668
31,id12,67.0,310.5,vial1,4,29.970125577344668
32,id12,65.5,310.5,vial1,4,29.970125577344668
33,id12,64.0,311.0,vial1,4,29.970125577344668
34,id12,63.0,311.5,vial1,4,29.970125577344668
35,id12,61.0,311.5,vial1,4,29.970125577344668
36,id12,60.0,312.0,vial1,4,29.970125577344668
37,id12,58.5,313.0,vial1,4,29.970125577344668
38,id12,57.0,315.5,vial1,4,29.970125577344668
39,id12,56.0,318.5,vial1,4,29.970125577344668
40,id12,55.0,320.5,vial1,4,29.970125577344668
41,id12,53.0,324.0,vial1,4,29.970125577344668
42,id12,52.0,326.0,vial1,4,29.970125577344668
43,id12,52.0,327.0,vial1,4,29.970125577344668
44,id12,51.0,328.0,vial1,4,29.970125577344668
45,id12,50.0,330.0,vial1,4,29.970125577344668
46,id12,49.0,331.0,vial1,4,29.970125577344668
47,id12,49.0,331.5,vial1,4,29.970125577344668
48,id12,49.0,331.0,vial1,4,29.970125577344668
49,id12,49.0,333.0,vial1,4,29.970125577344668
50,id12,39.5,336.5,vial1,4,29.970125577344668
51,id12,37.0,337.5,vial1,4,29.970125577344668
52,id12,39.0,337.5,vial1,4,29.970125577344668
53,id12,36.0,337.0,vial1,4,29.970125577344668
54,id12,36.5,337.0,vial1,4,29.970125577344668
55,id12,35.0,336.5,vial1,4,29.970125577344668
56,id12,32.5,334.0,vial1,4,29.970125577344668
57,id12,31.0,333.5,vial1,4,29.970125577344668
58,id12,30.0,331.5,vial1,4,29.970125577344668
59,id12,28.5,328.0,vial1,4,29.970125577344668
60,id12,28.0,325.0,vial1,4,29.970125577344668
61,id12,27.5,322.0,vial1,4,29.970125577344668
62,id12,28.0,319.5,vial1,4,29.970125577344668
63,id12,28.0,316.0,vial1,4,29.970125577344668
64,id12,27.5,314.0,vial1,4,29.970125577344668
65,id12,28.0,313.0,vial1,4,29.970125577344668
66,id12,27.5,312.0,vial1,4,29.970125577344668
67,id12,27.5,311.0,vial1,4,29.970125577344668
68,id12,27.5,312.0,vial1,4,29.970125577344668
69,id12,27.5,311.0,vial1,4,29.970125577344668
70,id12,27.5,311.0,vial1,4,29.970125577344668
71,id12,27.5,311.0,vial1,4,29.970125577344668
72,id12,28.0,312.0,vial1,4,29.970125577344668
73,id12,27.5,311.0,vial1,4,29.970125577344668
74,id12,27.5,311.0,vial1,4,29.970125577344668
75,id12,27.5,311.5,vial1,4,29.970125577344668
76,id12,27.5,311.0,vial1,4,29.970125577344668
77,id12,27.0,309.0,vial1,4,29.970125577344668
78,id12,27.5,307.0,vial1,4,29.970125577344668
79,id12,27.0,305.0,vial1,4,29.970125577344668
80,id12,28.5,302.0,vial1,4,29.970125577344668
81,id12,29.5,299.5,vial1,4,29.970125577344668
82,id12,32.0,297.0,vial1,4,29.970125577344668
83,id12,34.0,294.5,vial1,4,29.970125577344668
84,id12,36.5,292.0,vial1,4,29.970125577344668
85,id12,40.0,291.0,vial1,4,29.970125577344668
86,id12,43.0,290.0,vial1,4,29.970125577344668
87,id12,46.0,289.0,vial1,4,29.970125577344668
88,id12,49.0,287.5,vial1,4,29.970125577344668
89,id12,52.0,286.5,vial1,4,29.970125577344668
90,id12,54.5,286.5,vial1,4,29.970125577344668
91,id12,57.0,285.5,vial1,4,29.970125577344668
92,id12,59.0,284.5,vial1,4,29.970125577344668
93,id12,59.5,284.0,vial1,4,29.970125577344668
94,id12,59.5,283.0,vial1,4,29.970125577344668
95,id12,59.0,281.0,vial1,4,29.970125577344668
96,id12,57.5,278.0,vial1,4,29.970125577344668
97,id12,57.0,275.5,vial1,4,29.970125577344668
98,id12,56.0,273.0,vial1,4,29.970125577344668
99,id12,54.0,270.5,vial1,4,29.970125577344668
100,id12,52.0,267.5,vial1,4,29.970125577344668
101,id12,50.5,265.5,vial1,4,29.970125577344668
102,id12,48.0,262.5,vial1,4,29.970125577344668
103,id12,46.0,260.5,vial1,4,29.970125577344668
104,id12,44.5,258.0,vial1,4,29.970125577344668
105,id12,42.5,257.0,vial1,4,29.970125577344668
106,id12,40.5,256.0,vial1,4,29.970125577344668
107,id12,39.5,254.0,vial1,4,29.970125577344668
108,id12,36.5,253.0,vial1,4,29.970125577344668
109,id12,34.5,251.5,vial1,4,29.970125577344668
110,id12,32.0,250.5,vial1,4,29.970125577344668
111,id12,29.5,249.0,vial1,4,29.970125577344668
112,id12,29.5,249.5,vial1,4,29.970125577344668
113,id12,28.5,249.5,vial1,4,29.970125577344668
114,id12,27.5,249.5,vial1,4,29.970125577344668
115,id12,26.5,249.0,vial1,4,29.970125577344668
116,id12,24.5,249.0,vial1,4,29.970125577344668
117,id12,23.5,248.5,vial1,4,29.970125577344668
118,id12,22.5,249.0,vial1,4,29.970125577344668
119,id12,21.5,249.0,vial1,4,29.970125577344668
120,id12,20.5,249.0,vial1,4,29.970125577344668
121,id12,20.5,249.0,vial1,4,29.970125577344668
122,id12,20.5,249.0,vial1,4,29.970125577344668
123,id12,23.5,244.0,vial1,4,29.970125577344668
124,id12,27.5,236.0,vial1,4,29.970125577344668
125,id12,27.0,235.0,vial1,4,29.970125577344668
126,id12,27.5,235.0,vial1,4,29.970125577344668
127,id12,27.5,234.0,vial1,4,29.970125577344668
128,id12,28.5,232.0,vial1,4,29.970125577344668
129,id12,29.5,229.5,vial1,4,29.970125577344668
130,id12,30.5,228.0,vial1,4,29.970125577344668
131,id12,31.0,227.5,vial1,4,29.970125577344668
132,id12,34.5,228.0,vial1,4,29.970125577344668
133,id12,36.5,227.0,vial1,4,29.970125577344668
134,id12,38.5,226.0,vial1,4,29.970125577344668
135,id12,40.5,224.5,vial1,4,29.970125577344668
136,id12,43.0,224.0,vial1,4,29.970125577344668
137,id12,45.5,222.5,vial1,4,29.970125577344668
138,id12,47.5,222.5,vial1,4,29.970125577344668
139,id12,48.5,220.0,vial1,4,29.970125577344668
140,id12,48.5,218.5,vial1,4,29.970125577344668
141,id12,48.5,216.0,vial1,4,29.970125577344668
142,id12,48.0,213.5,vial1,4,29.970125577344668
143,id12,47.5,211.0,vial1,4,29.970125577344668
144,id12,45.5,208.0,vial1,4,29.970125577344668
145,id12,44.5,205.5,vial1,4,29.970125577344668
146,id12,43.0,202.5,vial1,4,29.970125577344668
147,id12,41.0,199.5,vial1,4,29.970125577344668
148,id12,39.5,197.5,vial1,4,29.970125577344668
149,id12,37.5,194.5,vial1,4,29.970125577344668
150,id12,36.0,191.5,vial1,4,29.970125577344668
151,id12,34.5,189.0,vial1,4,29.970125577344668
152,id12,33.5,187.5,vial1,4,29.970125577344668
153,id12,32.0,184.5,vial1,4,29.970125577344668
154,id12,30.5,182.0,vial1,4,29.970125577344668
155,id12,28.5,179.5,vial1,4,29.970125577344668
156,id12,28.0,177.5,vial1,4,29.970125577344668
157,id12,26.0,177.0,vial1,4,29.970125577344668
158,id12,23.5,176.5,vial1,4,29.970125577344668
159,id12,21.5,176.5,vial1,4,29.970125577344668
160,id12,19.5,176.5,vial1,4,29.970125577344668
161,id12,17.5,176.5,vial1,4,29.970125577344668
162,id12,16.5,176.5,vial1,4,29.970125577344668
163,id12,15.0,175.5,vial1,4,29.970125577344668
164,id12,13.0,173.5,vial1,4,29.970125577344668
165,id12,12.5,171.5,vial1,4,29.970125577344668
166,id12,12.0,170.0,vial1,4,29.970125577344668
168,id12,12.0,165.0,vial1,4,29.970125577344668
169,id12,12.0,163.0,vial1,4,29.970125577344668
170,id12,12.5,161.0,vial1,4,29.970125577344668
171,id12,13.0,158.0,vial1,4,29.970125577344668
172,id12,13.5,155.5,vial1,4,29.970125577344668
173,id12,14.5,153.0,vial1,4,29.970125577344668
174,id12,15.5,150.0,vial1,4,29.970125577344668
175,id12,16.5,147.0,vial1,4,29.970125577344668
176,id12,17.5,145.5,vial1,4,29.970125577344668
177,id12,19.0,145.0,vial1,4,29.970125577344668
178,id12,21.0,143.5,vial1,4,29.970125577344668
179,id12,23.0,143.0,vial1,4,29.970125577344668
180,id12,25.5,142.5,vial1,4,29.970125577344668
181,id12,27.5,142.5,vial1,4,29.970125577344668
182,id12,29.5,141.5,vial1,4,29.970125577344668
183,id12,30.5,141.5,vial1,4,29.970125577344668
184,id12,32.5,141.5,vial1,4,29.970125577344668
185,id12,35.0,141.5,vial1,4,29.970125577344668
186,id12,37.5,141.0,vial1,4,29.970125577344668
187,id12,40.0,140.5,vial1,4,29.970125577344668
188,id12,42.0,140.5,vial1,4,29.970125577344668
189,id12,44.0,141.0,vial1,4,29.970125577344668
190,id12,47.0,142.0,vial1,4,29.970125577344668
191,id12,48.5,142.5,vial1,4,29.970125577344668
192,id12,50.0,143.0,vial1,4,29.970125577344668
193,id12,52.5,144.5,vial1,4,29.970125577344668
194,id12,53.5,146.5,vial1,4,29.970125577344668
195,id12,55.0,148.5,vial1,4,29.970125577344668
196,id12,56.5,150.0,vial1,4,29.970125577344668
197,id12,57.5,152.5,vial1,4,29.970125577344668
198,id12,58.0,154.5,vial1,4,29.970125577344668
199,id12,58.5,156.5,vial1,4,29.970125577344668
200,id12,59.5,158.0,vial1,4,29.970125577344668
201,id12,59.5,159.0,vial1,4,29.970125577344668
202,id12,59.5,160.5,vial1,4,29.970125577344668
203,id12,59.5,162.0,vial1,4,29.970125577344668
204,id12,59.5,164.0,vial1,4,29.970125577344668
205,id12,60.5,163.0,vial1,4,29.970125577344668
206,id12,61.0,163.0,vial1,4,29.970125577344668
207,id12,61.0,162.0,vial1,4,29.970125577344668
208,id12,61.0,160.5,vial1,4,29.970125577344668
209,id12,62.0,160.0,vial1,4,29.970125577344668
210,id12,62.0,160.0,vial1,4,29.970125577344668
211,id12,62.0,158.5,vial1,4,29.970125577344668
212,id12,62.5,155.5,vial1,4,29.970125577344668
213,id12,62.5,152.5,vial1,4,29.970125577344668
214,id12,63.5,149.5,vial1,4,29.970125577344668
215,id12,63.5,146.0,vial1,4,29.970125577344668
216,id12,63.5,142.0,vial1,4,29.970125577344668
217,id12,63.5,138.5,vial1,4,29.970125577344668
218,id12,63.5,135.0,vial1,4,29.970125577344668
219,id12,63.5,132.0,vial1,4,29.970125577344668
220,id12,64.0,128.0,vial1,4,29.970125577344668
221,id12,64.5,125.0,vial1,4,29.970125577344668
222,id12,64.5,122.0,vial1,4,29.970125577344668
223,id12,64.5,118.0,vial1,4,29.970125577344668
224,id12,65.5,115.0,vial1,4,29.970125577344668
225,id12,65.5,111.5,vial1,4,29.970125577344668
226,id12,66.5,108.0,vial1,4,29.970125577344668
227,id12,67.0,105.5,vial1,4,29.970125577344668
228,id12,68.0,102.5,vial1,4,29.970125577344668
229,id12,69.0,100.0,vial1,4,29.970125577344668
230,id12,70.0,97.5,vial1,4,29.970125577344668
231,id12,70.5,95.5,vial1,4,29.970125577344668
232,id12,70.5,93.5,vial1,4,29.970125577344668
233,id12,71.0,90.5,vial1,4,29.970125577344668
234,id12,71.0,87.0,vial1,4,29.970125577344668
235,id12,71.0,83.5,vial1,4,29.970125577344668
236,id12,70.5,81.0,vial1,4,29.970125577344668
237,id12,70.5,77.0,vial1,4,29.970125577344668
238,id12,70.0,74.0,vial1,4,29.970125577344668
239,id12,70.0,71.5,vial1,4,29.970125577344668
240,id12,70.0,68.5,vial1,4,29.970125577344668
241,id12,70.0,65.0,vial1,4,29.970125577344668
242,id12,70.0,62.0,vial1,4,29.970125577344668
243,id12,70.0,59.0,vial1,4,29.970125577344668
244,id12,70.0,56.0,vial1,4,29.970125577344668
245,id12,70.5,53.0,vial1,4,29.970125577344668
246,id12,70.5,49.5,vial1,4,29.970125577344668
247,id12,71.5,47.5,vial1,4,29.970125577344668
248,id12,71.5,44.5,vial1,4,29.970125577344668
249,id12,72.5,41.5,vial1,4,29.970125577344668
250,id12,72.5,40.0,vial1,4,29.970125577344668
251,id12,73.0,37.5,vial1,4,29.970125577344668
252,id12,73.0,36.0,vial1,4,29.970125577344668
253,id12,72.5,34.0,vial1,4,29.970125577344668
254,id12,72.5,32.0,vial1,4,29.970125577344668
255,id12,71.5,30.0,vial1,4,29.970125577344668
256,id12,71.0,28.0,vial1,4,29.970125577344668
257,id12,69.5,27.0,vial1,4,29.970125577344668
258,id12,68.5,26.0,vial1,4,29.970125577344668
259,id12,66.5,24.5,vial1,4,29.970125577344668
260,id12,64.5,23.0,vial1,4,29.970125577344668
261,id12,62.0,22.0,vial1,4,29.970125577344668
262,id12,60.5,21.5,vial1,4,29.970125577344668
263,id12,58.5,20.0,vial1,4,29.970125577344668
264,id12,55.5,18.5,vial1,4,29.970125577344668
265,id12,53.5,17.5,vial1,4,29.970125577344668
266,id12,51.0,16.0,vial1,4,29.970125577344668
267,id12,48.5,14.0,vial1,4,29.970125577344668
268,id12,46.5,12.0,vial1,4,29.970125577344668
269,id12,44.0,11.0,vial1,4,29.970125577344668
270,id12,42.0,9.0,vial1,4,29.970125577344668
271,id12,40.0,6.5,vial1,4,29.970125577344668
272,id12,37.0,5.0,vial1,4,29.970125577344668
273,id12,35.0,8.0,vial1,4,29.970125577344668
274,id12,32.0,9.0,vial1,4,29.970125577344668
275,id12,30.5,10.0,vial1,4,29.970125577344668
276,id12,29.0,11.0,vial1,4,29.970125577344668
277,id12,28.0,11.0,vial1,4,29.970125577344668
278,id12,28.5,10.0,vial1,4,29.970125577344668
279,id12,28.0,9.0,vial1,4,29.970125577344668
280,id12,26.5,5.5,vial1,4,29.970125577344668
281,id12,26.5,3.5,vial1,4,29.970125577344668
282,id12,26.5,3.0,vial1,4,29.970125577344668
0,id13,370.5,340.0,vial4,22,29.970125577344668
1,id13,370.5,340.0,vial4,22,29.970125577344668
2,id13,369.5,340.0,vial4,22,29.970125577344668
3,id13,370.5,340.5,vial4,22,29.970125577344668
4,id13,370.5,340.5,vial4,22,29.970125577344668
5,id13,369.5,340.0,vial4,22,29.970125577344668
6,id13,370.5,340.5,vial4,22,29.970125577344668
7,id13,370.5,340.5,vial4,22,29.970125577344668
8,id13,369.5,340.0,vial4,22,29.970125577344668
9,id13,370.5,340.5,vial4,22,29.970125577344668
10,id13,370.5,340.5,vial4,22,29.970125577344668
11,id13,369.5,340.0,vial4,22,29.970125577344668
12,id13,370.0,340.5,vial4,22,29.970125577344668
13,id13,370.5,340.5,vial4,22,29.970125577344668
14,id13,370.5,340.5,vial4,22,29.970125577344668
15,id13,370.5,340.5,vial4,22,29.970125577344668
16,id13,370.5,340.5,vial4,22,29.970125577344668
17,id13,370.0,340.0,vial4,22,29.970125577344668
18,id13,370.5,340.5,vial4,22,29.970125577344668
19,id13,370.5,340.5,vial4,22,29.970125577344668
20,id13,370.5,340.5,vial4,22,29.970125577344668
21,id13,370.5,340.5,vial4,22,29.970125577344668
22,id13,370.5,340.5,vial4,22,29.970125577344668
23,id13,370.5,340.0,vial4,22,29.970125577344668
24,id13,370.0,339.5,vial4,22,29.970125577344668
25,id13,369.0,339.5,vial4,22,29.970125577344668
26,id13,368.0,339.0,vial4,22,29.970125577344668
27,id13,369.0,338.5,vial4,22,29.970125577344668
28,id13,369.0,338.0,vial4,22,29.970125577344668
29,id13,371.0,338.0,vial4,22,29.970125577344668
30,id13,372.5,337.5,vial4,22,29.970125577344668
31,id13,371.5,337.5,vial4,22,29.970125577344668
32,id13,370.0,338.5,vial4,22,29.970125577344668
33,id13,375.0,336.5,vial4,22,29.970125577344668
34,id13,376.5,337.5,vial4,22,29.970125577344668
35,id13,377.5,337.5,vial4,22,29.970125577344668
36,id13,380.5,338.0,vial4,22,29.970125577344668
37,id13,380.5,338.0,vial4,22,29.970125577344668
38,id13,380.0,338.0,vial4,22,29.970125577344668
39,id13,380.5,338.0,vial4,22,29.970125577344668
40,id13,382.0,337.5,vial4,22,29.970125577344668
41,id13,383.0,337.5,vial4,22,29.970125577344668
46,id13,410.0,336.0,vial4,22,29.970125577344668
47,id13,410.5,336.5,vial4,22,29.970125577344668
48,id13,410.5,336.5,vial4,22,29.970125577344668
49,id13,410.0,336.5,vial4,22,29.970125577344668
50,id13,410.0,336.5,vial4,22,29.970125577344668
51,id13,410.0,336.5,vial4,22,29.970125577344668
52,id13,410.0,336.5,vial4,22,29.970125577344668
53,id13,410.5,336.5,vial4,22,29.970125577344668
54,id13,411.0,336.5,vial4,22,29.970125577344668
55,id13,411.5,336.5,vial4,22,29.970125577344668
56,id13,411.0,336.5,vial4,22,29.970125577344668
57,id13,410.5,336.5,vial4,22,29.970125577344668
58,id13,410.5,336.5,vial4,22,29.970125577344668
59,id13,410.5,336.5,vial4,22,29.970125577344668
60,id13,411.0,337.5,vial4,22,29.970125577344668
61,id13,411.0,337.5,vial4,22,29.970125577344668
62,id13,408.5,337.0,vial4,22,29.970125577344668
63,id13,408.0,337.0,vial4,22,29.970125577344668
64,id13,408.0,337.5,vial4,22,29.970125577344668
65,id13,409.5,337.0,vial4,22,29.970125577344668
66,id13,410.0,337.0,vial4,22,29.970125577344668
72,id13,415.0,340.0,vial4,22,29.970125577344668
73,id13,415.5,339.5,vial4,22,29.970125577344668
75,id13,413.5,330.0,vial4,22,29.970125577344668
76,id13,410.5,339.5,vial4,22,29.970125577344668
77,id13,411.5,339.0,vial4,22,29.970125577344668
78,id13,413.0,339.0,vial4,22,29.970125577344668
79,id13,413.0,339.5,vial4,22,29.970125577344668
80,id13,413.0,340.0,vial4,22,29.970125577344668
81,id13,413.0,339.0,vial4,22,29.970125577344668
82,id13,412.5,339.5,vial4,22,29.970125577344668
83,id13,413.0,339.5,vial4,22,29.970125577344668
84,id13,418.0,336.5,vial4,22,29.970125577344668
85,id13,419.5,336.5,vial4,22,29.970125577344668
88,id13,415.0,339.5,vial4,22,29.970125577344668
91,id13,417.0,340.0,vial4,22,29.970125577344668
96,id13,418.5,337.5,vial4,22,29.970125577344668
97,id13,418.5,337.5,vial4,22,29.970125577344668
98,id13,417.0,337.5,vial4,22,29.970125577344668
99,id13,416.5,337.5,vial4,22,29.970125577344668
100,id13,416.0,337.5,vial4,22,29.970125577344668
101,id13,415.0,337.5,vial4,22,29.970125577344668
102,id13,414.5,337.5,vial4,22,29.970125577344668
103,id13,413.5,337.5,vial4,22,29.970125577344668
104,id13,412.0,337.0,vial4,22,29.970125577344668
105,id13,410.5,337.0,vial4,22,29.970125577344668
106,id13,404.5,338.0,vial4,22,29.970125577344668
107,id13,403.0,338.0,vial4,22,29.970125577344668
108,id13,402.5,338.5,vial4,22,29.970125577344668
109,id13,402.0,338.0,vial4,22,29.970125577344668
111,id13,401.0,337.5,vial4,22,29.970125577344668
112,id13,397.5,337.0,vial4,22,29.970125577344668
113,id13,402.0,337.5,vial4,22,29.970125577344668
114,id13,399.0,337.0,vial4,22,29.970125577344668
115,id13,399.5,336.5,vial4,22,29.970125577344668
116,id13,399.5,337.5,vial4,22,29.970125577344668
117,id13,399.5,337.5,vial4,22,29.970125577344668
118,id13,399.5,337.5,vial4,22,29.970125577344668
119,id13,398.5,337.5,vial4,22,29.970125577344668
120,id13,399.5,337.5,vial4,22,29.970125577344668
121,id13,398.5,337.5,vial4,22,29.970125577344668
122,id13,399.0,337.5,vial4,22,29.970125577344668
123,id13,399.0,337.5,vial4,22,29.970125577344668
124,id13,398.0,337.0,vial4,22,29.970125577344668
126,id13,398.5,337.5,vial4,22,29.970125577344668
127,id13,401.5,338.0,vial4,22,29.970125577344668
128,id13,401.0,337.5,vial4,22,29.970125577344668
129,id13,400.5,336.5,vial4,22,29.970125577344668
130,id13,400.0,336.0,vial4,22,29.970125577344668
131,id13,398.0,336.0,vial4,22,29.970125577344668
132,id13,397.0,336.5,vial4,22,29.970125577344668
133,id13,397.5,336.5,vial4,22,29.970125577344668
134,id13,398.0,336.0,vial4,22,29.970125577344668
135,id13,398.5,336.5,vial4,22,29.970125577344668
136,id13,398.0,336.5,vial4,22,29.970125577344668
137,id13,397.0,336.0,vial4,22,29.970125577344668
138,id13,396.0,336.0,vial4,22,29.970125577344668
139,id13,394.5,336.5,vial4,22,29.970125577344668
140,id13,391.0,337.0,vial4,22,29.970125577344668
141,id13,391.5,337.5,vial4,22,29.970125577344668
142,id13,392.0,338.0,vial4,22,29.970125577344668
149,id13,385.5,338.5,vial4,22,29.970125577344668
152,id13,387.5,337.5,vial4,22,29.970125577344668
153,id13,385.5,338.5,vial4,22,29.970125577344668
154,id13,386.5,338.5,vial4,22,29.970125577344668
155,id13,386.0,339.0,vial4,22,29.970125577344668
156,id13,386.5,338.5,vial4,22,29.970125577344668
157,id13,386.5,339.0,vial4,22,29.970125577344668
158,id13,386.5,339.0,vial4,22,29.970125577344668
159,id13,386.5,339.0,vial4,22,29.970125577344668
160,id13,386.5,339.0,vial4,22,29.970125577344668
161,id13,386.0,339.5,vial4,22,29.970125577344668
162,id13,385.5,339.5,vial4,22,29.970125577344668
163,id13,385.5,339.5,vial4,22,29.970125577344668
164,id13,385.5,339.5,vial4,22,29.970125577344668
165,id13,385.5,339.5,vial4,22,29.970125577344668
166,id13,385.5,339.5,vial4,22,29.970125577344668
167,id13,385.5,339.5,vial4,22,29.970125577344668
168,id13,385.5,339.5,vial4,22,29.970125577344668
169,id13,385.5,339.5,vial4,22,29.970125577344668
170,id13,386.0,339.5,vial4,22,29.970125577344668
171,id13,385.5,339.5,vial4,22,29.970125577344668
172,id13,386.5,339.5,vial4,22,29.970125577344668
173,id13,387.0,339.5,vial4,22,29.970125577344668
174,id13,386.0,339.5,vial4,22,29.970125577344668
175,id13,386.5,339.5,vial4,22,29.970125577344668
176,id13,387.0,339.5,vial4,22,29.970125577344668
177,id13,387.0,339.5,vial4,22,29.970125577344668
178,id13,386.0,339.0,vial4,22,29.970125577344668
179,id13,386.5,339.5,vial4,22,29.970125577344668
180,id13,386.0,339.5,vial4,22,29.970125577344668
181,id13,386.0,339.5,vial4,22,29.970125577344668
182,id13,386.0,339.5,vial4,22,29.970125577344668
183,id13,385.5,309.0,vial4,22,29.970125577344668
184,id13,382.0,263.5,vial4,22,29.970125577344668
185,id13,377.0,238.0,vial4,22,29.970125577344668
186,id13,369.0,238.5,vial4,22,29.970125577344668
187,id13,377.5,254.5,vial4,22,29.970125577344668
188,id13,377.0,269.0,vial4,22,29.970125577344668
189,id13,376.5,284.0,vial4,22,29.970125577344668
190,id13,394.0,304.5,vial4,22,29.970125577344668
191,id13,405.5,317.0,vial4,22,29.970125577344668
192,id13,418.0,334.5,vial4,22,29.970125577344668
193,id13,415.0,340.5,vial4,22,29.970125577344668
194,id13,415.0,340.5,vial4,22,29.970125577344668
195,id13,415.5,340.5,vial4,22,29.970125577344668
196,id13,415.5,340.5,vial4,22,29.970125577344668
197,id13,415.5,340.5,vial4,22,29.970125577344668
198,id13,415.5,340.5,vial4,22,29.970125577344668
199,id13,415.5,340.5,vial4,22,29.970125577344668
200,id13,415.5,340.5,vial4,22,29.970125577344668
201,id13,415.5,340.5,vial4,22,29.970125577344668
202,id13,414.0,340.5,vial4,22,29.970125577344668
203,id13,413.5,339.5,vial4,22,29.970125577344668
204,id13,413.0,339.5,vial4,22,29.970125577344668
205,id13,413.0,338.5,vial4,22,29.970125577344668
206,id13,412.5,338.5,vial4,22,29.970125577344668
207,id13,412.0,338.5,vial4,22,29.970125577344668
208,id13,412.0,338.0,vial4,22,29.970125577344668
209,id13,412.0,338.0,vial4,22,29.970125577344668
210,id13,412.0,338.0,vial4,22,29.970125577344668
211,id13,412.0,338.5,vial4,22,29.970125577344668
212,id13,412.0,338.0,vial4,22,29.970125577344668
213,id13,412.0,338.0,vial4,22,29.970125577344668
214,id13,411.5,338.0,vial4,22,29.970125577344668
215,id13,411.0,338.0,vial4,22,29.970125577344668
216,id13,410.5,338.0,vial4,22,29.970125577344668
217,id13,410.0,337.0,vial4,22,29.970125577344668
218,id13,409.5,337.0,vial4,22,29.970125577344668
219,id13,409.5,336.5,vial4,22,29.970125577344668
220,id13,409.5,336.5,vial4,22,29.970125577344668
221,id13,409.5,317.0,vial4,22,29.970125577344668
222,id13,405.0,277.5,vial4,22,29.970125577344668
223,id13,385.5,252.0,vial4,22,29.970125577344668
224,id13,372.5,250.5,vial4,22,29.970125577344668
225,id13,372.5,263.0,vial4,22,29.970125577344668
226,id13,383.0,288.5,vial4,22,29.970125577344668
227,id13,369.5,306.5,vial4,22,29.970125577344668
228,id13,367.0,309.0,vial4,22,29.970125577344668
229,id13,367.0,309.0,vial4,22,29.970125577344668
230,id13,367.0,309.0,vial4,22,29.970125577344668
231,id13,367.0,308.5,vial4,22,29.970125577344668
232,id13,366.5,307.0,vial4,22,29.970125577344668
233,id13,367.5,305.5,vial4,22,29.970125577344668
234,id13,366.5,304.0,vial4,22,29.970125577344668
235,id13,367.0,303.0,vial4,22,29.970125577344668
236,id13,366.5,302.0,vial4,22,29.970125577344668
237,id13,366.5,301.0,vial4,22,29.970125577344668
238,id13,366.5,301.0,vial4,22,29.970125577344668
239,id13,366.5,301.0,vial4,22,29.970125577344668
240,id13,366.5,300.5,vial4,22,29.970125577344668
241,id13,366.5,300.5,vial4,22,29.970125577344668
242,id13,366.5,300.0,vial4,22,29.970125577344668
243,id13,366.5,298.0,vial4,22,29.970125577344668
244,id13,367.0,298.0,vial4,22,29.970125577344668
245,id13,366.5,297.0,vial4,22,29.970125577344668
246,id13,366.5,296.0,vial4,22,29.970125577344668
247,id13,366.5,295.0,vial4,22,29.970125577344668
248,id13,366.5,294.0,vial4,22,29.970125577344668
249,id13,366.5,294.0,vial4,22,29.970125577344668
250,id13,366.5,293.0,vial4,22,29.970125577344668
251,id13,366.5,292.0,vial4,22,29.970125577344668
252,id13,366.5,291.5,vial4,22,29.970125577344668
253,id13,366.5,291.0,vial4,22,29.970125577344668
254,id13,366.5,290.0,vial4,22,29.970125577344668
255,id13,366.5,289.0,vial4,22,29.970125577344668
256,id13,366.5,288.0,vial4,22,29.970125577344668
257,id13,366.5,287.0,vial4,22,29.970125577344668
258,id13,365.5,286.0,vial4,22,29.970125577344668
259,id13,365.5,285.5,vial4,22,29.970125577344668
260,id13,366.5,285.0,vial4,22,29.970125577344668
261,id13,366.0,285.0,vial4,22,29.970125577344668
262,id13,366.0,285.0,vial4,22,29.970125577344668
263,id13,366.0,284.0,vial4,22,29.970125577344668
264,id13,366.0,284.0,vial4,22,29.970125577344668
265,id13,366.0,284.0,vial4,22,29.970125577344668
266,id13,366.0,284.0,vial4,22,29.970125577344668
267,id13,366.5,284.0,vial4,22,29.970125577344668
268,id13,370.5,280.5,vial4,22,29.970125577344668
269,id13,391.0,272.5,vial4,22,29.970125577344668
270,id13,397.5,280.5,vial4,22,29.970125577344668
271,id13,397.0,288.0,vial4,22,29.970125577344668
272,id13,415.5,301.0,vial4,22,29.970125577344668
273,id13,409.5,312.5,vial4,22,29.970125577344668
274,id13,392.0,317.5,vial4,22,29.970125577344668
275,id13,384.5,318.5,vial4,22,29.970125577344668
276,id13,389.0,334.5,vial4,22,29.970125577344668
277,id13,389.0,338.0,vial4,22,29.970125577344668
278,id13,389.0,338.0,vial4,22,29.970125577344668
279,id13,389.0,338.0,vial4,22,29.970125577344668
280,id13,389.0,338.0,vial4,22,29.970125577344668
281,id13,389.0,338.0,vial4,22,29.970125577344668
282,id13,389.0,338.0,vial4,22,29.970125577344668
283,id13,389.0,338.0,vial4,22,29.970125577344668
284,id13,389.0,338.0,vial4,22,29.970125577344668
285,id13,389.0,338.0,vial4,22,29.970125577344668
286,id13,389.0,338.5,vial4,22,29.970125577344668
287,id13,389.0,338.5,vial4,22,29.970125577344668
288,id13,389.0,338.0,vial4,22,29.970125577344668
289,id13,389.0,338.0,vial4,22,29.970125577344668
290,id13,389.0,338.0,vial4,22,29.970125577344668
291,id13,389.0,338.0,vial4,22,29.970125577344668
292,id13,389.0,338.0,vial4,22,29.970125577344668
293,id13,390.0,337.5,vial4,22,29.970125577344668
294,id13,390.5,337.5,vial4,22,29.970125577344668
295,id13,391.0,337.5,vial4,22,29.970125577344668
296,id13,392.0,337.0,vial4,22,29.970125577344668
297,id13,393.0,337.0,vial4,22,29.970125577344668
298,id13,393.0,337.0,vial4,22,29.970125577344668
299,id13,394.0,337.0,vial4,22,29.970125577344668
300,id13,395.0,337.0,vial4,22,29.970125577344668
301,id13,395.5,337.0,vial4,22,29.970125577344668
302,id13,396.5,337.0,vial4,22,29.970125577344668
303,id13,396.5,337.0,vial4,22,29.970125577344668
304,id13,396.0,337.0,vial4,22,29.970125577344668
305,id13,400.5,324.5,vial4,22,29.970125577344668
306,id13,405.5,290.0,vial4,22,29.970125577344668
307,id13,408.5,264.0,vial4,22,29.970125577344668
308,id13,416.0,257.5,vial4,22,29.970125577344668
309,id13,417.0,258.0,vial4,22,29.970125577344668
310,id13,417.0,257.0,vial4,22,29.970125577344668
311,id13,417.0,257.0,vial4,22,29.970125577344668
312,id13,418.0,256.5,vial4,22,29.970125577344668
313,id13,418.0,256.0,vial4,22,29.970125577344668
314,id13,418.0,255.5,vial4,22,29.970125577344668
315,id13,417.5,254.5,vial4,22,29.970125577344668
316,id13,417.5,253.0,vial4,22,29.970125577344668
317,id13,418.0,251.5,vial4,22,29.970125577344668
318,id13,418.0,251.0,vial4,22,29.970125577344668
319,id13,417.5,249.5,vial4,22,29.970125577344668
320,id13,417.5,248.5,vial4,22,29.970125577344668
321,id13,417.5,247.5,vial4,22,29.970125577344668
322,id13,417.5,247.0,vial4,22,29.970125577344668
323,id13,417.5,246.0,vial4,22,29.970125577344668
324,id13,417.5,245.5,vial4,22,29.970125577344668
325,id13,417.5,244.5,vial4,22,29.970125577344668
326,id13,417.0,243.5,vial4,22,29.970125577344668
327,id13,417.0,242.5,vial4,22,29.970125577344668
328,id13,417.0,241.5,vial4,22,29.970125577344668
329,id13,417.0,240.5,vial4,22,29.970125577344668
330,id13,416.5,239.5,vial4,22,29.970125577344668
331,id13,416.5,239.5,vial4,22,29.970125577344668
332,id13,416.5,238.5,vial4,22,29.970125577344668
333,id13,416.5,237.5,vial4,22,29.970125577344668
334,id13,417.5,237.0,vial4,22,29.970125577344668
335,id13,418.0,236.0,vial4,22,29.970125577344668
336,id13,418.0,235.5,vial4,22,29.970125577344668
337,id13,418.0,235.0,vial4,22,29.970125577344668
338,id13,419.0,235.0,vial4,22,29.970125577344668
339,id13,420.0,234.5,vial4,22,29.970125577344668
340,id13,420.0,234.0,vial4,22,29.970125577344668
341,id13,420.0,234.0,vial4,22,29.970125577344668
342,id13,421.0,233.0,vial4,22,29.970125577344668
0,id14,414.5,336.0,vial4,26,29.970125577344668
1,id14,406.0,336.5,vial4,26,29.970125577344668
2,id14,404.0,336.0,vial4,26,29.970125577344668
3,id14,402.0,336.0,vial4,26,29.970125577344668
4,id14,399.5,336.0,vial4,26,29.970125577344668
5,id14,397.5,335.5,vial4,26,29.970125577344668
6,id14,396.5,335.5,vial4,26,29.970125577344668
7,id14,395.0,335.5,vial4,26,29.970125577344668
8,id14,394.0,335.5,vial4,26,29.970125577344668
9,id14,394.0,336.5,vial4,26,29.970125577344668
10,id14,394.0,336.5,vial4,26,29.970125577344668
11,id14,392.5,336.5,vial4,26,29.970125577344668
12,id14,383.0,339.5,vial4,26,29.970125577344668
13,id14,383.0,340.5,vial4,26,29.970125577344668
14,id14,381.5,339.5,vial4,26,29.970125577344668
15,id14,381.5,339.5,vial4,26,29.970125577344668
16,id14,380.5,340.0,vial4,26,29.970125577344668
17,id14,380.5,340.0,vial4,26,29.970125577344668
18,id14,380.5,340.0,vial4,26,29.970125577344668
19,id14,380.5,340.0,vial4,26,29.970125577344668
20,id14,380.5,340.0,vial4,26,29.970125577344668
21,id14,380.5,340.0,vial4,26,29.970125577344668
22,id14,381.5,340.0,vial4,26,29.970125577344668
23,id14,381.5,338.5,vial4,26,29.970125577344668
24,id14,380.5,339.5,vial4,26,29.970125577344668
25,id14,380.5,341.0,vial4,26,29.970125577344668
26,id14,380.5,339.5,vial4,26,29.970125577344668
27,id14,379.0,337.5,vial4,26,29.970125577344668
28,id14,376.5,337.5,vial4,26,29.970125577344668
31,id14,375.0,337.0,vial4,26,29.970125577344668
32,id14,372.5,337.5,vial4,26,29.970125577344668
33,id14,370.5,338.0,vial4,26,29.970125577344668
34,id14,370.5,338.5,vial4,26,29.970125577344668
35,id14,370.0,338.0,vial4,26,29.970125577344668
36,id14,370.0,338.0,vial4,26,29.970125577344668
37,id14,369.5,338.5,vial4,26,29.970125577344668
38,id14,369.0,338.5,vial4,26,29.970125577344668
39,id14,370.0,338.5,vial4,26,29.970125577344668
40,id14,372.5,338.0,vial4,26,29.970125577344668
41,id14,373.5,338.0,vial4,26,29.970125577344668
42,id14,375.0,337.5,vial4,26,29.970125577344668
43,id14,374.5,337.5,vial4,26,29.970125577344668
44,id14,375.0,337.5,vial4,26,29.970125577344668
45,id14,375.5,337.5,vial4,26,29.970125577344668
46,id14,375.0,337.5,vial4,26,29.970125577344668
47,id14,376.0,337.5,vial4,26,29.970125577344668
48,id14,377.5,337.5,vial4,26,29.970125577344668
49,id14,378.5,337.5,vial4,26,29.970125577344668
50,id14,380.0,338.0,vial4,26,29.970125577344668
51,id14,381.5,339.0,vial4,26,29.970125577344668
52,id14,389.0,336.5,vial4,26,29.970125577344668
56,id14,396.0,337.0,vial4,26,29.970125577344668
57,id14,397.5,336.0,vial4,26,29.970125577344668
58,id14,398.5,336.0,vial4,26,29.970125577344668
59,id14,399.0,336.0,vial4,26,29.970125577344668
60,id14,400.5,336.5,vial4,26,29.970125577344668
62,id14,405.5,336.5,vial4,26,29.970125577344668
63,id14,402.5,336.5,vial4,26,29.970125577344668
64,id14,413.5,338.5,vial4,26,29.970125577344668
67,id14,412.0,338.0,vial4,26,29.970125577344668
68,id14,412.5,338.0,vial4,26,29.970125577344668
69,id14,414.0,338.0,vial4,26,29.970125577344668
70,id14,415.0,338.0,vial4,26,29.970125577344668
71,id14,416.0,338.0,vial4,26,29.970125577344668
72,id14,420.5,336.5,vial4,26,29.970125577344668
73,id14,421.5,336.0,vial4,26,29.970125577344668
74,id14,421.5,337.0,vial4,26,29.970125577344668
75,id14,422.0,338.0,vial4,26,29.970125577344668
76,id14,422.0,337.5,vial4,26,29.970125577344668
77,id14,423.0,337.5,vial4,26,29.970125577344668
78,id14,424.5,338.0,vial4,26,29.970125577344668
79,id14,423.5,338.0,vial4,26,29.970125577344668
80,id14,423.0,338.0,vial4,26,29.970125577344668
81,id14,423.0,338.0,vial4,26,29.970125577344668
82,id14,423.0,338.0,vial4,26,29.970125577344668
83,id14,423.5,338.0,vial4,26,29.970125577344668
84,id14,424.0,338.0,vial4,26,29.970125577344668
85,id14,426.0,338.0,vial4,26,29.970125577344668
86,id14,424.0,337.5,vial4,26,29.970125577344668
87,id14,423.5,337.5,vial4,26,29.970125577344668
88,id14,422.0,338.0,vial4,26,29.970125577344668
89,id14,421.5,337.5,vial4,26,29.970125577344668
90,id14,421.5,337.5,vial4,26,29.970125577344668
91,id14,421.5,337.5,vial4,26,29.970125577344668
92,id14,421.0,338.0,vial4,26,29.970125577344668
93,id14,420.5,337.5,vial4,26,29.970125577344668
94,id14,420.0,337.5,vial4,26,29.970125577344668
95,id14,420.0,338.5,vial4,26,29.970125577344668
96,id14,422.5,339.0,vial4,26,29.970125577344668
97,id14,425.5,338.5,vial4,26,29.970125577344668
98,id14,427.5,338.5,vial4,26,29.970125577344668
99,id14,429.5,339.0,vial4,26,29.970125577344668
100,id14,430.0,339.0,vial4,26,29.970125577344668
101,id14,429.0,338.5,vial4,26,29.970125577344668
102,id14,428.0,338.5,vial4,26,29.970125577344668
103,id14,427.5,338.5,vial4,26,29.970125577344668
104,id14,427.0,338.5,vial4,26,29.970125577344668
105,id14,426.5,338.5,vial4,26,29.970125577344668
106,id14,426.0,338.5,vial4,26,29.970125577344668
107,id14,426.0,338.5,vial4,26,29.970125577344668
108,id14,425.0,338.5,vial4,26,29.970125577344668
109,id14,424.0,338.5,vial4,26,29.970125577344668
110,id14,424.0,338.0,vial4,26,29.970125577344668
111,id14,424.5,338.0,vial4,26,29.970125577344668
112,id14,425.0,338.0,vial4,26,29.970125577344668
113,id14,425.0,338.0,vial4,26,29.970125577344668
114,id14,425.0,338.5,vial4,26,29.970125577344668
115,id14,425.5,338.5,vial4,26,29.970125577344668
116,id14,426.5,338.5,vial4,26,29.970125577344668
117,id14,426.5,338.5,vial4,26,29.970125577344668
118,id14,426.0,339.0,vial4,26,29.970125577344668
119,id14,425.5,339.5,vial4,26,29.970125577344668
120,id14,425.0,339.5,vial4,26,29.970125577344668
121,id14,423.0,339.5,vial4,26,29.970125577344668
122,id14,420.5,339.5,vial4,26,29.970125577344668
123,id14,419.0,339.5,vial4,26,29.970125577344668
124,id14,417.5,339.5,vial4,26,29.970125577344668
125,id14,415.5,339.5,vial4,26,29.970125577344668
126,id14,414.5,339.5,vial4,26,29.970125577344668
127,id14,414.0,339.5,vial4,26,29.970125577344668
128,id14,413.5,339.5,vial4,26,29.970125577344668
129,id14,414.5,339.5,vial4,26,29.970125577344668
130,id14,415.0,339.5,vial4,26,29.970125577344668
131,id14,415.0,340.0,vial4,26,29.970125577344668
132,id14,413.5,339.5,vial4,26,29.970125577344668
133,id14,412.5,340.0,vial4,26,29.970125577344668
134,id14,411.5,340.5,vial4,26,29.970125577344668
135,id14,409.5,340.0,vial4,26,29.970125577344668
136,id14,409.0,339.5,vial4,26,29.970125577344668
137,id14,408.0,339.5,vial4,26,29.970125577344668
138,id14,407.0,339.5,vial4,26,29.970125577344668
139,id14,406.0,339.5,vial4,26,29.970125577344668
140,id14,404.0,340.5,vial4,26,29.970125577344668
159,id14,392.0,337.5,vial4,26,29.970125577344668
160,id14,393.0,337.0,vial4,26,29.970125577344668
161,id14,392.0,336.5,vial4,26,29.970125577344668
162,id14,392.0,336.5,vial4,26,29.970125577344668
163,id14,392.0,336.5,vial4,26,29.970125577344668
164,id14,392.0,336.5,vial4,26,29.970125577344668
165,id14,391.5,337.0,vial4,26,29.970125577344668
166,id14,392.0,336.5,vial4,26,29.970125577344668
167,id14,392.0,337.0,vial4,26,29.970125577344668
168,id14,392.5,336.0,vial4,26,29.970125577344668
169,id14,392.5,335.5,vial4,26,29.970125577344668
170,id14,393.0,335.0,vial4,26,29.970125577344668
171,id14,393.0,334.5,vial4,26,29.970125577344668
172,id14,392.5,332.0,vial4,26,29.970125577344668
173,id14,393.0,329.5,vial4,26,29.970125577344668
174,id14,393.5,327.0,vial4,26,29.970125577344668
175,id14,394.0,324.0,vial4,26,29.970125577344668
176,id14,394.5,322.0,vial4,26,29.970125577344668
177,id14,395.5,319.0,vial4,26,29.970125577344668
178,id14,396.5,317.0,vial4,26,29.970125577344668
179,id14,397.5,314.5,vial4,26,29.970125577344668
180,id14,399.0,312.0,vial4,26,29.970125577344668
181,id14,400.0,309.5,vial4,26,29.970125577344668
182,id14,401.0,308.5,vial4,26,29.970125577344668
183,id14,402.0,306.5,vial4,26,29.970125577344668
184,id14,403.0,304.5,vial4,26,29.970125577344668
185,id14,404.0,303.5,vial4,26,29.970125577344668
186,id14,405.0,301.0,vial4,26,29.970125577344668
187,id14,405.5,299.0,vial4,26,29.970125577344668
188,id14,406.5,297.0,vial4,26,29.970125577344668
189,id14,406.5,295.0,vial4,26,29.970125577344668
190,id14,406.5,294.0,vial4,26,29.970125577344668
191,id14,406.5,293.0,vial4,26,29.970125577344668
192,id14,406.5,291.5,vial4,26,29.970125577344668
193,id14,407.5,289.5,vial4,26,29.970125577344668
194,id14,405.5,287.0,vial4,26,29.970125577344668
195,id14,405.5,285.5,vial4,26,29.970125577344668
196,id14,404.5,283.5,vial4,26,29.970125577344668
197,id14,403.0,281.5,vial4,26,29.970125577344668
198,id14,402.5,279.5,vial4,26,29.970125577344668
199,id14,401.5,277.5,vial4,26,29.970125577344668
200,id14,400.5,275.0,vial4,26,29.970125577344668
201,id14,399.5,272.5,vial4,26,29.970125577344668
202,id14,399.5,270.0,vial4,26,29.970125577344668
203,id14,399.5,267.5,vial4,26,29.970125577344668
204,id14,399.0,265.5,vial4,26,29.970125577344668
205,id14,398.5,263.0,vial4,26,29.970125577344668
206,id14,398.0,260.5,vial4,26,29.970125577344668
207,id14,398.0,258.0,vial4,26,29.970125577344668
208,id14,397.5,254.5,vial4,26,29.970125577344668
209,id14,397.5,252.0,vial4,26,29.970125577344668
210,id14,397.0,249.5,vial4,26,29.970125577344668
211,id14,396.5,246.5,vial4,26,29.970125577344668
212,id14,396.0,244.0,vial4,26,29.970125577344668
213,id14,396.5,241.0,vial4,26,29.970125577344668
214,id14,396.5,238.5,vial4,26,29.970125577344668
215,id14,397.5,236.0,vial4,26,29.970125577344668
216,id14,399.0,235.0,vial4,26,29.970125577344668
217,id14,401.5,233.0,vial4,26,29.970125577344668
218,id14,403.5,232.5,vial4,26,29.970125577344668
219,id14,405.0,232.0,vial4,26,29.970125577344668
220,id14,406.5,231.0,vial4,26,29.970125577344668
221,id14,406.5,229.0,vial4,26,29.970125577344668
222,id14,406.0,227.0,vial4,26,29.970125577344668
223,id14,406.5,225.0,vial4,26,29.970125577344668
224,id14,406.5,222.5,vial4,26,29.970125577344668
225,id14,406.5,220.0,vial4,26,29.970125577344668
226,id14,406.5,217.5,vial4,26,29.970125577344668
227,id14,406.5,214.5,vial4,26,29.970125577344668
228,id14,407.0,212.5,vial4,26,29.970125577344668
229,id14,407.0,209.5,vial4,26,29.970125577344668
230,id14,407.5,206.5,vial4,26,29.970125577344668
231,id14,407.5,203.5,vial4,26,29.970125577344668
232,id14,408.5,200.5,vial4,26,29.970125577344668
233,id14,408.5,198.0,vial4,26,29.970125577344668
234,id14,409.5,195.5,vial4,26,29.970125577344668
235,id14,410.5,192.5,vial4,26,29.970125577344668
236,id14,410.5,190.0,vial4,26,29.970125577344668
237,id14,411.0,187.5,vial4,26,29.970125577344668
238,id14,411.5,184.5,vial4,26,29.970125577344668
239,id14,412.0,181.5,vial4,26,29.970125577344668
240,id14,412.5,178.5,vial4,26,29.970125577344668
241,id14,412.0,176.0,vial4,26,29.970125577344668
242,id14,412.5,173.0,vial4,26,29.970125577344668
243,id14,411.5,170.5,vial4,26,29.970125577344668
244,id14,410.5,168.0,vial4,26,29.970125577344668
245,id14,410.0,165.0,vial4,26,29.970125577344668
246,id14,409.5,162.5,vial4,26,29.970125577344668
247,id14,408.0,160.0,vial4,26,29.970125577344668
248,id14,407.0,158.0,vial4,26,29.970125577344668
249,id14,406.0,155.5,vial4,26,29.970125577344668
250,id14,404.5,154.0,vial4,26,29.970125577344668
251,id14,402.5,152.0,vial4,26,29.970125577344668
252,id14,401.0,150.0,vial4,26,29.970125577344668
253,id14,399.5,148.5,vial4,26,29.970125577344668
254,id14,398.0,146.5,vial4,26,29.970125577344668
255,id14,397.5,144.5,vial4,26,29.970125577344668
256,id14,396.0,142.0,vial4,26,29.970125577344668
257,id14,395.0,140.0,vial4,26,29.970125577344668
258,id14,394.0,138.0,vial4,26,29.970125577344668
259,id14,393.0,136.0,vial4,26,29.970125577344668
260,id14,393.0,133.0,vial4,26,29.970125577344668
261,id14,393.5,131.0,vial4,26,29.970125577344668
262,id14,394.5,129.0,vial4,26,29.970125577344668
263,id14,395.5,126.0,vial4,26,29.970125577344668
264,id14,396.5,124.5,vial4,26,29.970125577344668
265,id14,397.5,122.0,vial4,26,29.970125577344668
266,id14,398.0,120.0,vial4,26,29.970125577344668
267,id14,400.0,118.5,vial4,26,29.970125577344668
268,id14,402.0,117.5,vial4,26,29.970125577344668
269,id14,402.0,117.0,vial4,26,29.970125577344668
270,id14,401.5,117.5,vial4,26,29.970125577344668
271,id14,401.5,117.0,vial4,26,29.970125577344668
272,id14,402.0,117.5,vial4,26,29.970125577344668
273,id14,402.5,116.5,vial4,26,29.970125577344668
274,id14,402.5,116.5,vial4,26,29.970125577344668
275,id14,402.5,116.5,vial4,26,29.970125577344668
276,id14,403.5,115.5,vial4,26,29.970125577344668
277,id14,403.5,114.5,vial4,26,29.970125577344668
278,id14,404.5,114.5,vial4,26,29.970125577344668
279,id14,405.5,112.5,vial4,26,29.970125577344668
280,id14,407.0,111.0,vial4,26,29.970125577344668
281,id14,408.0,109.5,vial4,26,29.970125577344668
282,id14,409.0,107.5,vial4,26,29.970125577344668
283,id14,410.0,106.0,vial4,26,29.970125577344668
284,id14,410.5,103.0,vial4,26,29.970125577344668
285,id14,411.0,101.0,vial4,26,29.970125577344668
286,id14,411.5,98.0,vial4,26,29.970125577344668
287,id14,411.5,96.0,vial4,26,29.970125577344668
288,id14,411.5,93.5,vial4,26,29.970125577344668
289,id14,412.0,91.5,vial4,26,29.970125577344668
290,id14,411.5,88.5,vial4,26,29.970125577344668
291,id14,410.5,85.5,vial4,26,29.970125577344668
292,id14,409.5,83.0,vial4,26,29.970125577344668
293,id14,409.0,80.0,vial4,26,29.970125577344668
294,id14,408.5,78.0,vial4,26,29.970125577344668
295,id14,408.5,76.0,vial4,26,29.970125577344668
296,id14,408.0,74.0,vial4,26,29.970125577344668
297,id14,407.5,71.5,vial4,26,29.970125577344668
298,id14,406.5,69.0,vial4,26,29.970125577344668
299,id14,405.5,66.0,vial4,26,29.970125577344668
300,id14,405.5,63.0,vial4,26,29.970125577344668
301,id14,405.0,60.0,vial4,26,29.970125577344668
302,id14,404.5,57.0,vial4,26,29.970125577344668
303,id14,404.5,54.5,vial4,26,29.970125577344668
304,id14,404.0,52.0,vial4,26,29.970125577344668
305,id14,403.5,49.0,vial4,26,29.970125577344668
306,id14,402.5,46.0,vial4,26,29.970125577344668
307,id14,401.5,43.5,vial4,26,29.970125577344668
308,id14,401.0,41.0,vial4,26,29.970125577344668
309,id14,400.5,38.5,vial4,26,29.970125577344668
310,id14,399.5,36.0,vial4,26,29.970125577344668
311,id14,399.5,33.0,vial4,26,29.970125577344668
312,id14,400.0,30.0,vial4,26,29.970125577344668
313,id14,400.0,27.0,vial4,26,29.970125577344668
314,id14,400.0,24.5,vial4,26,29.970125577344668
315,id14,400.0,22.0,vial4,26,29.970125577344668
316,id14,400.0,19.0,vial4,26,29.970125577344668
317,id14,400.5,16.5,vial4,26,29.970125577344668
318,id14,400.5,13.5,vial4,26,29.970125577344668
319,id14,400.5,10.5,vial4,26,29.970125577344668
320,id14,400.0,7.5,vial4,26,29.970125577344668
321,id14,400.5,6.5,vial4,26,29.970125577344668
322,id14,400.5,5.0,vial4,26,29.970125577344668
326,id14,365.5,2.0,vial4,26,29.970125577344668
327,id14,364.5,3.0,vial4,26,29.970125577344668
0,id15,379.0,337.0,vial4,23,29.970125577344668
1,id15,379.5,336.0,vial4,23,29.970125577344668
2,id15,380.0,336.0,vial4,23,29.970125577344668
3,id15,382.5,337.0,vial4,23,29.970125577344668
4,id15,384.5,337.0,vial4,23,29.970125577344668
5,id15,385.0,337.5,vial4,23,29.970125577344668
6,id15,386.5,337.0,vial4,23,29.970125577344668
7,id15,388.5,338.5,vial4,23,29.970125577344668
8,id15,387.0,338.0,vial4,23,29.970125577344668
9,id15,387.0,338.5,vial4,23,29.970125577344668
10,id15,386.5,338.5,vial4,23,29.970125577344668
11,id15,386.0,338.5,vial4,23,29.970125577344668
12,id15,385.5,338.5,vial4,23,29.970125577344668
13,id15,385.0,338.5,vial4,23,29.970125577344668
14,id15,384.5,338.0,vial4,23,29.970125577344668
15,id15,385.0,337.5,vial4,23,29.970125577344668
16,id15,383.5,338.0,vial4,23,29.970125577344668
17,id15,383.5,338.0,vial4,23,29.970125577344668
18,id15,383.0,337.5,vial4,23,29.970125577344668
19,id15,383.5,338.0,vial4,23,29.970125577344668
20,id15,383.0,338.0,vial4,23,29.970125577344668
21,id15,383.0,338.0,vial4,23,29.970125577344668
22,id15,383.0,337.0,vial4,23,29.970125577344668
23,id15,382.0,336.5,vial4,23,29.970125577344668
24,id15,382.0,336.5,vial4,23,29.970125577344668
25,id15,381.0,340.0,vial4,23,29.970125577344668
26,id15,384.5,339.5,vial4,23,29.970125577344668
27,id15,388.0,339.5,vial4,23,29.970125577344668
28,id15,390.5,338.5,vial4,23,29.970125577344668
31,id15,396.5,339.5,vial4,23,29.970125577344668
32,id15,400.0,340.0,vial4,23,29.970125577344668
33,id15,399.5,336.5,vial4,23,29.970125577344668
34,id15,399.0,336.5,vial4,23,29.970125577344668
35,id15,399.0,335.5,vial4,23,29.970125577344668
36,id15,397.5,334.5,vial4,23,29.970125577344668
37,id15,397.5,334.5,vial4,23,29.970125577344668
38,id15,396.5,334.0,vial4,23,29.970125577344668
39,id15,396.5,334.0,vial4,23,29.970125577344668
40,id15,396.5,334.0,vial4,23,29.970125577344668
41,id15,396.5,334.5,vial4,23,29.970125577344668
42,id15,396.5,334.0,vial4,23,29.970125577344668
43,id15,397.5,333.5,vial4,23,29.970125577344668
44,id15,396.5,334.5,vial4,23,29.970125577344668
45,id15,396.5,334.5,vial4,23,29.970125577344668
46,id15,396.5,334.5,vial4,23,29.970125577344668
47,id15,397.0,334.5,vial4,23,29.970125577344668
48,id15,397.0,334.5,vial4,23,29.970125577344668
49,id15,385.5,307.0,vial4,23,29.970125577344668
50,id15,377.0,264.0,vial4,23,29.970125577344668
51,id15,384.5,239.5,vial4,23,29.970125577344668
52,id15,409.5,232.5,vial4,23,29.970125577344668
53,id15,424.5,217.5,vial4,23,29.970125577344668
54,id15,428.0,218.5,vial4,23,29.970125577344668
55,id15,421.0,233.0,vial4,23,29.970125577344668
56,id15,421.0,235.0,vial4,23,29.970125577344668
57,id15,413.5,228.5,vial4,23,29.970125577344668
58,id15,391.0,218.5,vial4,23,29.970125577344668
59,id15,388.5,219.5,vial4,23,29.970125577344668
60,id15,388.5,218.5,vial4,23,29.970125577344668
61,id15,387.5,218.0,vial4,23,29.970125577344668
62,id15,386.5,216.5,vial4,23,29.970125577344668
63,id15,386.5,215.5,vial4,23,29.970125577344668
64,id15,385.5,214.5,vial4,23,29.970125577344668
65,id15,385.0,213.5,vial4,23,29.970125577344668
66,id15,384.5,212.5,vial4,23,29.970125577344668
67,id15,383.0,213.0,vial4,23,29.970125577344668
68,id15,382.0,212.5,vial4,23,29.970125577344668
69,id15,382.0,212.0,vial4,23,29.970125577344668
70,id15,381.0,211.5,vial4,23,29.970125577344668
71,id15,381.0,211.5,vial4,23,29.970125577344668
72,id15,381.0,211.5,vial4,23,29.970125577344668
73,id15,381.0,211.5,vial4,23,29.970125577344668
74,id15,380.5,211.5,vial4,23,29.970125577344668
75,id15,380.0,211.5,vial4,23,29.970125577344668
76,id15,380.0,211.5,vial4,23,29.970125577344668
77,id15,380.0,211.5,vial4,23,29.970125577344668
78,id15,379.0,211.0,vial4,23,29.970125577344668
79,id15,378.0,211.0,vial4,23,29.970125577344668
80,id15,377.0,211.0,vial4,23,29.970125577344668
81,id15,377.0,210.0,vial4,23,29.970125577344668
82,id15,376.0,209.0,vial4,23,29.970125577344668
83,id15,375.5,208.5,vial4,23,29.970125577344668
84,id15,375.0,207.5,vial4,23,29.970125577344668
85,id15,373.5,207.0,vial4,23,29.970125577344668
86,id15,373.5,206.0,vial4,23,29.970125577344668
87,id15,373.5,205.0,vial4,23,29.970125577344668
88,id15,373.5,203.5,vial4,23,29.970125577344668
89,id15,374.0,202.5,vial4,23,29.970125577344668
90,id15,374.0,200.5,vial4,23,29.970125577344668
91,id15,374.5,198.5,vial4,23,29.970125577344668
92,id15,374.5,196.5,vial4,23,29.970125577344668
93,id15,374.5,194.0,vial4,23,29.970125577344668
94,id15,375.5,192.0,vial4,23,29.970125577344668
95,id15,376.0,191.0,vial4,23,29.970125577344668
96,id15,377.0,188.5,vial4,23,29.970125577344668
97,id15,377.5,186.5,vial4,23,29.970125577344668
98,id15,379.0,185.0,vial4,23,29.970125577344668
99,id15,380.0,182.5,vial4,23,29.970125577344668
100,id15,381.5,180.5,vial4,23,29.970125577344668
101,id15,383.0,178.0,vial4,23,29.970125577344668
102,id15,384.0,176.5,vial4,23,29.970125577344668
103,id15,385.5,175.0,vial4,23,29.970125577344668
104,id15,387.0,173.0,vial4,23,29.970125577344668
105,id15,388.0,171.0,vial4,23,29.970125577344668
106,id15,389.0,168.5,vial4,23,29.970125577344668
107,id15,390.5,166.5,vial4,23,29.970125577344668
108,id15,390.5,165.0,vial4,23,29.970125577344668
109,id15,391.0,162.0,vial4,23,29.970125577344668
110,id15,391.5,161.0,vial4,23,29.970125577344668
111,id15,392.5,159.0,vial4,23,29.970125577344668
112,id15,393.0,157.0,vial4,23,29.970125577344668
113,id15,393.5,155.0,vial4,23,29.970125577344668
114,id15,394.5,152.5,vial4,23,29.970125577344668
115,id15,395.5,150.0,vial4,23,29.970125577344668
116,id15,396.5,148.0,vial4,23,29.970125577344668
117,id15,398.0,146.0,vial4,23,29.970125577344668
118,id15,398.5,144.0,vial4,23,29.970125577344668
119,id15,400.0,142.0,vial4,23,29.970125577344668
120,id15,400.5,139.0,vial4,23,29.970125577344668
121,id15,401.5,136.5,vial4,23,29.970125577344668
122,id15,401.5,134.5,vial4,23,29.970125577344668
123,id15,401.0,131.5,vial4,23,29.970125577344668
124,id15,400.5,129.5,vial4,23,29.970125577344668
125,id15,400.0,126.5,vial4,23,29.970125577344668
126,id15,399.5,125.0,vial4,23,29.970125577344668
127,id15,400.0,122.5,vial4,23,29.970125577344668
128,id15,400.5,120.5,vial4,23,29.970125577344668
129,id15,401.5,118.5,vial4,23,29.970125577344668
130,id15,402.5,116.0,vial4,23,29.970125577344668
131,id15,403.5,113.5,vial4,23,29.970125577344668
132,id15,404.5,111.5,vial4,23,29.970125577344668
133,id15,406.0,109.0,vial4,23,29.970125577344668
134,id15,408.0,107.5,vial4,23,29.970125577344668
135,id15,409.0,105.5,vial4,23,29.970125577344668
136,id15,410.0,103.5,vial4,23,29.970125577344668
137,id15,411.0,102.0,vial4,23,29.970125577344668
138,id15,411.0,100.0,vial4,23,29.970125577344668
139,id15,410.5,97.5,vial4,23,29.970125577344668
140,id15,410.0,96.0,vial4,23,29.970125577344668
141,id15,409.5,93.5,vial4,23,29.970125577344668
142,id15,408.0,91.5,vial4,23,29.970125577344668
143,id15,407.5,90.5,vial4,23,29.970125577344668
144,id15,407.0,88.5,vial4,23,29.970125577344668
145,id15,406.0,87.0,vial4,23,29.970125577344668
146,id15,405.5,85.5,vial4,23,29.970125577344668
147,id15,405.0,83.0,vial4,23,29.970125577344668
148,id15,404.5,82.0,vial4,23,29.970125577344668
149,id15,403.5,80.5,vial4,23,29.970125577344668
150,id15,402.5,78.0,vial4,23,29.970125577344668
151,id15,401.0,76.5,vial4,23,29.970125577344668
152,id15,400.5,74.5,vial4,23,29.970125577344668
153,id15,400.5,72.5,vial4,23,29.970125577344668
154,id15,400.5,70.5,vial4,23,29.970125577344668
155,id15,399.5,68.0,vial4,23,29.970125577344668
156,id15,400.0,66.0,vial4,23,29.970125577344668
157,id15,399.5,63.5,vial4,23,29.970125577344668
158,id15,399.5,61.5,vial4,23,29.970125577344668
159,id15,399.5,60.0,vial4,23,29.970125577344668
160,id15,399.5,57.5,vial4,23,29.970125577344668
161,id15,399.5,55.0,vial4,23,29.970125577344668
162,id15,399.5,52.5,vial4,23,29.970125577344668
163,id15,399.5,50.0,vial4,23,29.970125577344668
164,id15,399.0,48.0,vial4,23,29.970125577344668
165,id15,399.0,45.0,vial4,23,29.970125577344668
166,id15,399.0,42.5,vial4,23,29.970125577344668
167,id15,399.0,40.0,vial4,23,29.970125577344668
168,id15,399.0,37.0,vial4,23,29.970125577344668
169,id15,397.5,35.0,vial4,23,29.970125577344668
170,id15,397.0,33.0,vial4,23,29.970125577344668
171,id15,397.0,31.5,vial4,23,29.970125577344668
172,id15,396.0,30.0,vial4,23,29.970125577344668
173,id15,395.5,28.5,vial4,23,29.970125577344668
174,id15,395.0,26.5,vial4,23,29.970125577344668
175,id15,395.0,25.0,vial4,23,29.970125577344668
176,id15,395.0,23.5,vial4,23,29.970125577344668
177,id15,395.5,22.0,vial4,23,29.970125577344668
178,id15,397.0,20.0,vial4,23,29.970125577344668
179,id15,398.0,18.5,vial4,23,29.970125577344668
180,id15,400.5,17.0,vial4,23,29.970125577344668
181,id15,402.0,15.5,vial4,23,29.970125577344668
182,id15,403.5,14.0,vial4,23,29.970125577344668
183,id15,405.0,12.5,vial4,23,29.970125577344668
184,id15,406.5,11.0,vial4,23,29.970125577344668
185,id15,408.0,10.0,vial4,23,29.970125577344668
186,id15,409.5,8.0,vial4,23,29.970125577344668
187,id15,411.0,6.5,vial4,23,29.970125577344668
188,id15,412.0,6.0,vial4,23,29.970125577344668
189,id15,412.5,5.5,vial4,23,29.970125577344668
0,id16,183.0,336.0,vial2,12,29.970125577344668
1,id16,182.0,336.0,vial2,12,29.970125577344668
2,id16,182.0,336.0,vial2,12,29.970125577344668
3,id16,184.0,336.0,vial2,12,29.970125577344668
4,id16,185.0,336.0,vial2,12,29.970125577344668
5,id16,184.0,336.0,vial2,12,29.970125577344668
6,id16,184.5,336.0,vial2,12,29.970125577344668
7,id16,185.0,336.0,vial2,12,29.970125577344668
8,id16,185.0,336.0,vial2,12,29.970125577344668
9,id16,186.0,330.5,vial2,12,29.970125577344668
10,id16,185.5,336.5,vial2,12,29.970125577344668
11,id16,179.5,337.0,vial2,12,29.970125577344668
12,id16,181.0,336.5,vial2,12,29.970125577344668
13,id16,177.0,336.5,vial2,12,29.970125577344668
14,id16,175.0,336.0,vial2,12,29.970125577344668
15,id16,174.5,336.5,vial2,12,29.970125577344668
16,id16,175.5,336.0,vial2,12,29.970125577344668
17,id16,176.5,335.0,vial2,12,29.970125577344668
18,id16,176.5,335.0,vial2,12,29.970125577344668
19,id16,176.5,334.5,vial2,12,29.970125577344668
20,id16,176.5,334.5,vial2,12,29.970125577344668
21,id16,176.5,335.0,vial2,12,29.970125577344668
22,id16,176.5,335.0,vial2,12,29.970125577344668
23,id16,175.5,335.0,vial2,12,29.970125577344668
24,id16,175.5,335.0,vial2,12,29.970125577344668
25,id16,176.5,335.0,vial2,12,29.970125577344668
26,id16,178.0,335.5,vial2,12,29.970125577344668
27,id16,179.0,336.0,vial2,12,29.970125577344668
28,id16,179.0,336.0,vial2,12,29.970125577344668
29,id16,178.0,336.0,vial2,12,29.970125577344668
30,id16,178.0,336.0,vial2,12,29.970125577344668
31,id16,178.0,336.0,vial2,12,29.970125577344668
32,id16,178.0,336.0,vial2,12,29.970125577344668
33,id16,177.5,336.0,vial2,12,29.970125577344668
34,id16,180.5,336.5,vial2,12,29.970125577344668
35,id16,180.5,336.5,vial2,12,29.970125577344668
36,id16,180.0,336.5,vial2,12,29.970125577344668
37,id16,179.0,336.5,vial2,12,29.970125577344668
38,id16,178.5,336.5,vial2,12,29.970125577344668
39,id16,177.0,336.0,vial2,12,29.970125577344668
40,id16,177.0,335.5,vial2,12,29.970125577344668
41,id16,177.0,335.5,vial2,12,29.970125577344668
42,id16,177.5,336.0,vial2,12,29.970125577344668
43,id16,178.0,336.0,vial2,12,29.970125577344668
44,id16,178.0,336.0,vial2,12,29.970125577344668
45,id16,177.0,335.5,vial2,12,29.970125577344668
46,id16,177.0,335.0,vial2,12,29.970125577344668
47,id16,176.5,334.0,vial2,12,29.970125577344668
48,id16,174.5,332.5,vial2,12,29.970125577344668
49,id16,175.0,332.0,vial2,12,29.970125577344668
50,id16,176.0,330.0,vial2,12,29.970125577344668
51,id16,176.5,328.0,vial2,12,29.970125577344668
52,id16,177.0,326.0,vial2,12,29.970125577344668
53,id16,177.5,324.0,vial2,12,29.970125577344668
54,id16,178.0,322.5,vial2,12,29.970125577344668
55,id16,178.5,321.0,vial2,12,29.970125577344668
56,id16,178.5,319.0,vial2,12,29.970125577344668
57,id16,179.0,318.0,vial2,12,29.970125577344668
58,id16,179.5,317.0,vial2,12,29.970125577344668
59,id16,180.5,315.0,vial2,12,29.970125577344668
60,id16,180.5,313.0,vial2,12,29.970125577344668
61,id16,181.5,313.0,vial2,12,29.970125577344668
62,id16,181.5,312.0,vial2,12,29.970125577344668
63,id16,182.0,311.0,vial2,12,29.970125577344668
64,id16,182.5,310.0,vial2,12,29.970125577344668
65,id16,182.5,309.0,vial2,12,29.970125577344668
66,id16,182.5,308.5,vial2,12,29.970125577344668
67,id16,183.0,307.5,vial2,12,29.970125577344668
68,id16,183.5,306.0,vial2,12,29.970125577344668
69,id16,183.5,305.0,vial2,12,29.970125577344668
70,id16,184.5,304.5,vial2,12,29.970125577344668
71,id16,184.0,304.0,vial2,12,29.970125577344668
72,id16,184.5,303.0,vial2,12,29.970125577344668
73,id16,184.5,302.0,vial2,12,29.970125577344668
74,id16,185.0,301.0,vial2,12,29.970125577344668
75,id16,185.0,300.5,vial2,12,29.970125577344668
76,id16,185.5,300.0,vial2,12,29.970125577344668
77,id16,186.0,298.5,vial2,12,29.970125577344668
78,id16,185.5,298.0,vial2,12,29.970125577344668
79,id16,185.5,297.0,vial2,12,29.970125577344668
80,id16,186.0,296.0,vial2,12,29.970125577344668
81,id16,186.5,295.0,vial2,12,29.970125577344668
82,id16,186.5,294.0,vial2,12,29.970125577344668
83,id16,187.0,288.5,vial2,12,29.970125577344668
84,id16,186.5,290.0,vial2,12,29.970125577344668
85,id16,187.0,289.5,vial2,12,29.970125577344668
86,id16,187.0,289.0,vial2,12,29.970125577344668
87,id16,187.0,288.5,vial2,12,29.970125577344668
88,id16,187.0,287.0,vial2,12,29.970125577344668
89,id16,187.0,286.5,vial2,12,29.970125577344668
90,id16,187.0,285.5,vial2,12,29.970125577344668
91,id16,187.0,284.5,vial2,12,29.970125577344668
92,id16,187.0,283.5,vial2,12,29.970125577344668
93,id16,189.0,280.5,vial2,12,29.970125577344668
94,id16,189.0,279.0,vial2,12,29.970125577344668
95,id16,189.0,278.0,vial2,12,29.970125577344668
96,id16,189.0,276.5,vial2,12,29.970125577344668
97,id16,189.0,275.5,vial2,12,29.970125577344668
98,id16,189.0,275.0,vial2,12,29.970125577344668
99,id16,188.5,274.0,vial2,12,29.970125577344668
100,id16,188.5,273.0,vial2,12,29.970125577344668
101,id16,188.5,272.0,vial2,12,29.970125577344668
102,id16,188.5,271.5,vial2,12,29.970125577344668
103,id16,187.5,270.5,vial2,12,29.970125577344668
104,id16,187.5,269.5,vial2,12,29.970125577344668
105,id16,187.5,268.0,vial2,12,29.970125577344668
106,id16,187.0,266.0,vial2,12,29.970125577344668
107,id16,187.0,264.5,vial2,12,29.970125577344668
108,id16,186.5,262.5,vial2,12,29.970125577344668
109,id16,186.5,261.0,vial2,12,29.970125577344668
110,id16,186.5,259.0,vial2,12,29.970125577344668
111,id16,186.0,258.0,vial2,12,29.970125577344668
112,id16,185.5,256.0,vial2,12,29.970125577344668
113,id16,185.0,254.0,vial2,12,29.970125577344668
114,id16,184.5,252.0,vial2,12,29.970125577344668
115,id16,184.0,250.0,vial2,12,29.970125577344668
116,id16,183.5,248.0,vial2,12,29.970125577344668
117,id16,183.0,246.0,vial2,12,29.970125577344668
118,id16,182.5,244.5,vial2,12,29.970125577344668
119,id16,181.5,243.0,vial2,12,29.970125577344668
120,id16,180.5,241.5,vial2,12,29.970125577344668
121,id16,179.5,240.5,vial2,12,29.970125577344668
122,id16,178.5,238.5,vial2,12,29.970125577344668
123,id16,178.0,237.5,vial2,12,29.970125577344668
124,id16,178.0,237.5,vial2,12,29.970125577344668
125,id16,178.0,237.5,vial2,12,29.970125577344668
126,id16,177.0,236.5,vial2,12,29.970125577344668
127,id16,177.5,236.5,vial2,12,29.970125577344668
128,id16,177.0,236.5,vial2,12,29.970125577344668
129,id16,177.0,236.5,vial2,12,29.970125577344668
130,id16,177.5,236.5,vial2,12,29.970125577344668
131,id16,177.0,236.5,vial2,12,29.970125577344668
132,id16,177.0,235.5,vial2,12,29.970125577344668
133,id16,176.0,234.5,vial2,12,29.970125577344668
134,id16,175.0,233.5,vial2,12,29.970125577344668
135,id16,173.5,231.5,vial2,12,29.970125577344668
136,id16,172.5,231.0,vial2,12,29.970125577344668
137,id16,171.5,230.5,vial2,12,29.970125577344668
138,id16,171.0,229.5,vial2,12,29.970125577344668
139,id16,171.0,229.5,vial2,12,29.970125577344668
140,id16,169.0,227.0,vial2,12,29.970125577344668
142,id16,136.5,202.0,vial2,12,29.970125577344668
143,id16,139.0,227.5,vial2,12,29.970125577344668
144,id16,137.5,245.0,vial2,12,29.970125577344668
145,id16,132.0,258.0,vial2,12,29.970125577344668
146,id16,130.0,271.0,vial2,12,29.970125577344668
147,id16,126.5,278.0,vial2,12,29.970125577344668
148,id16,125.5,283.5,vial2,12,29.970125577344668
149,id16,124.5,282.5,vial2,12,29.970125577344668
150,id16,124.5,282.5,vial2,12,29.970125577344668
151,id16,124.5,282.5,vial2,12,29.970125577344668
152,id16,124.0,282.5,vial2,12,29.970125577344668
153,id16,124.0,282.0,vial2,12,29.970125577344668
154,id16,123.5,281.5,vial2,12,29.970125577344668
155,id16,124.5,281.5,vial2,12,29.970125577344668
156,id16,124.5,281.0,vial2,12,29.970125577344668
157,id16,125.0,280.5,vial2,12,29.970125577344668
158,id16,126.0,280.5,vial2,12,29.970125577344668
159,id16,127.0,279.5,vial2,12,29.970125577344668
160,id16,128.0,279.5,vial2,12,29.970125577344668
161,id16,129.0,279.5,vial2,12,29.970125577344668
162,id16,129.0,279.0,vial2,12,29.970125577344668
163,id16,129.5,279.0,vial2,12,29.970125577344668
164,id16,129.5,279.5,vial2,12,29.970125577344668
165,id16,129.5,279.5,vial2,12,29.970125577344668
166,id16,129.5,279.5,vial2,12,29.970125577344668
167,id16,129.0,279.5,vial2,12,29.970125577344668
168,id16,129.5,279.5,vial2,12,29.970125577344668
169,id16,129.5,279.5,vial2,12,29.970125577344668
170,id16,138.0,279.0,vial2,12,29.970125577344668
171,id16,162.5,269.0,vial2,12,29.970125577344668
172,id16,161.0,251.0,vial2,12,29.970125577344668
173,id16,162.0,242.5,vial2,12,29.970125577344668
174,id16,170.0,239.5,vial2,12,29.970125577344668
175,id16,170.5,237.0,vial2,12,29.970125577344668
176,id16,169.5,236.0,vial2,12,29.970125577344668
177,id16,169.0,237.5,vial2,12,29.970125577344668
178,id16,169.0,260.0,vial2,12,29.970125577344668
179,id16,174.5,292.0,vial2,12,29.970125577344668
180,id16,125.0,303.5,vial2,12,29.970125577344668
181,id16,123.5,303.5,vial2,12,29.970125577344668
182,id16,123.5,302.5,vial2,12,29.970125577344668
183,id16,123.5,302.0,vial2,12,29.970125577344668
184,id16,123.5,302.0,vial2,12,29.970125577344668
185,id16,123.5,302.0,vial2,12,29.970125577344668
186,id16,123.5,302.0,vial2,12,29.970125577344668
187,id16,123.5,302.0,vial2,12,29.970125577344668
188,id16,123.5,302.0,vial2,12,29.970125577344668
189,id16,123.5,302.0,vial2,12,29.970125577344668
190,id16,123.5,301.0,vial2,12,29.970125577344668
191,id16,123.5,300.0,vial2,12,29.970125577344668
192,id16,123.5,300.0,vial2,12,29.970125577344668
193,id16,123.5,299.0,vial2,12,29.970125577344668
194,id16,124.0,297.0,vial2,12,29.970125577344668
195,id16,124.5,296.0,vial2,12,29.970125577344668
196,id16,124.5,295.0,vial2,12,29.970125577344668
197,id16,124.5,293.5,vial2,12,29.970125577344668
198,id16,124.5,292.5,vial2,12,29.970125577344668
199,id16,124.0,290.5,vial2,12,29.970125577344668
200,id16,124.0,289.5,vial2,12,29.970125577344668
201,id16,124.0,288.5,vial2,12,29.970125577344668
202,id16,124.0,286.5,vial2,12,29.970125577344668
203,id16,124.5,285.5,vial2,12,29.970125577344668
204,id16,124.5,284.0,vial2,12,29.970125577344668
205,id16,125.5,283.0,vial2,12,29.970125577344668
206,id16,126.0,281.5,vial2,12,29.970125577344668
207,id16,127.0,280.5,vial2,12,29.970125577344668
208,id16,128.0,279.5,vial2,12,29.970125577344668
209,id16,128.5,278.5,vial2,12,29.970125577344668
210,id16,129.5,278.0,vial2,12,29.970125577344668
211,id16,130.0,276.5,vial2,12,29.970125577344668
212,id16,131.0,277.0,vial2,12,29.970125577344668
213,id16,133.5,278.0,vial2,12,29.970125577344668
214,id16,133.5,276.5,vial2,12,29.970125577344668
215,id16,133.5,276.5,vial2,12,29.970125577344668
216,id16,134.0,275.5,vial2,12,29.970125577344668
217,id16,134.0,274.5,vial2,12,29.970125577344668
218,id16,135.0,273.0,vial2,12,29.970125577344668
219,id16,136.0,272.0,vial2,12,29.970125577344668
220,id16,137.0,270.5,vial2,12,29.970125577344668
221,id16,137.0,269.0,vial2,12,29.970125577344668
222,id16,137.5,267.5,vial2,12,29.970125577344668
223,id16,137.5,266.0,vial2,12,29.970125577344668
224,id16,137.5,265.0,vial2,12,29.970125577344668
225,id16,138.5,264.5,vial2,12,29.970125577344668
226,id16,138.5,264.5,vial2,12,29.970125577344668
227,id16,137.5,264.0,vial2,12,29.970125577344668
228,id16,137.5,264.5,vial2,12,29.970125577344668
229,id16,137.5,264.5,vial2,12,29.970125577344668
230,id16,137.5,264.5,vial2,12,29.970125577344668
231,id16,138.0,264.0,vial2,12,29.970125577344668
232,id16,160.0,251.5,vial2,12,29.970125577344668
233,id16,178.0,227.5,vial2,12,29.970125577344668
234,id16,188.0,210.0,vial2,12,29.970125577344668
235,id16,188.5,209.0,vial2,12,29.970125577344668
236,id16,187.5,208.5,vial2,12,29.970125577344668
237,id16,187.5,208.0,vial2,12,29.970125577344668
238,id16,187.5,207.5,vial2,12,29.970125577344668
239,id16,187.5,207.5,vial2,12,29.970125577344668
240,id16,187.5,207.5,vial2,12,29.970125577344668
241,id16,187.5,207.5,vial2,12,29.970125577344668
242,id16,187.5,206.5,vial2,12,29.970125577344668
243,id16,187.5,204.5,vial2,12,29.970125577344668
244,id16,187.5,202.0,vial2,12,29.970125577344668
245,id16,188.0,199.0,vial2,12,29.970125577344668
246,id16,188.0,196.0,vial2,12,29.970125577344668
247,id16,188.5,193.5,vial2,12,29.970125577344668
248,id16,188.5,190.5,vial2,12,29.970125577344668
249,id16,188.5,187.0,vial2,12,29.970125577344668
250,id16,188.5,184.0,vial2,12,29.970125577344668
251,id16,188.5,182.0,vial2,12,29.970125577344668
252,id16,188.5,178.5,vial2,12,29.970125577344668
253,id16,189.0,176.0,vial2,12,29.970125577344668
254,id16,189.0,174.0,vial2,12,29.970125577344668
255,id16,189.0,171.0,vial2,12,29.970125577344668
256,id16,189.0,168.0,vial2,12,29.970125577344668
257,id16,189.5,165.5,vial2,12,29.970125577344668
258,id16,189.5,162.0,vial2,12,29.970125577344668
259,id16,189.0,159.0,vial2,12,29.970125577344668
260,id16,189.5,156.0,vial2,12,29.970125577344668
261,id16,189.5,153.0,vial2,12,29.970125577344668
262,id16,189.0,150.5,vial2,12,29.970125577344668
263,id16,188.5,148.0,vial2,12,29.970125577344668
264,id16,189.0,145.0,vial2,12,29.970125577344668
265,id16,188.5,142.0,vial2,12,29.970125577344668
266,id16,188.5,139.0,vial2,12,29.970125577344668
267,id16,187.5,137.0,vial2,12,29.970125577344668
268,id16,187.5,134.5,vial2,12,29.970125577344668
269,id16,187.5,132.5,vial2,12,29.970125577344668
270,id16,187.5,130.5,vial2,12,29.970125577344668
271,id16,187.0,128.0,vial2,12,29.970125577344668
272,id16,187.0,125.0,vial2,12,29.970125577344668
273,id16,187.5,122.0,vial2,12,29.970125577344668
274,id16,188.0,119.0,vial2,12,29.970125577344668
275,id16,188.5,118.0,vial2,12,29.970125577344668
276,id16,188.5,117.0,vial2,12,29.970125577344668
277,id16,188.5,116.0,vial2,12,29.970125577344668
278,id16,188.5,114.0,vial2,12,29.970125577344668
279,id16,188.5,112.5,vial2,12,29.970125577344668
280,id16,189.5,110.5,vial2,12,29.970125577344668
281,id16,189.5,109.0,vial2,12,29.970125577344668
282,id16,189.5,108.0,vial2,12,29.970125577344668
283,id16,189.5,107.0,vial2,12,29.970125577344668
284,id16,189.5,105.5,vial2,12,29.970125577344668
285,id16,188.5,104.5,vial2,12,29.970125577344668
286,id16,188.5,103.5,vial2,12,29.970125577344668
287,id16,187.0,102.5,vial2,12,29.970125577344668
288,id16,187.0,103.5,vial2,12,29.970125577344668
289,id16,185.5,103.5,vial2,12,29.970125577344668
290,id16,184.0,103.5,vial2,12,29.970125577344668
291,id16,183.0,102.5,vial2,12,29.970125577344668
292,id16,181.5,101.5,vial2,12,29.970125577344668
293,id16,180.5,101.0,vial2,12,29.970125577344668
294,id16,180.0,99.5,vial2,12,29.970125577344668
295,id16,179.5,97.0,vial2,12,29.970125577344668
296,id16,179.0,94.0,vial2,12,29.970125577344668
297,id16,178.5,92.0,vial2,12,29.970125577344668
298,id16,178.5,89.0,vial2,12,29.970125577344668
299,id16,178.0,86.5,vial2,12,29.970125577344668
300,id16,177.5,83.5,vial2,12,29.970125577344668
301,id16,176.5,81.0,vial2,12,29.970125577344668
302,id16,176.0,77.0,vial2,12,29.970125577344668
303,id16,175.5,75.0,vial2,12,29.970125577344668
304,id16,174.5,72.0,vial2,12,29.970125577344668
305,id16,173.5,69.0,vial2,12,29.970125577344668
306,id16,172.5,66.5,vial2,12,29.970125577344668
307,id16,171.5,64.0,vial2,12,29.970125577344668
308,id16,170.0,61.0,vial2,12,29.970125577344668
309,id16,169.0,58.0,vial2,12,29.970125577344668
310,id16,167.5,56.0,vial2,12,29.970125577344668
311,id16,166.5,53.5,vial2,12,29.970125577344668
312,id16,165.5,50.5,vial2,12,29.970125577344668
313,id16,164.5,48.0,vial2,12,29.970125577344668
314,id16,163.5,46.0,vial2,12,29.970125577344668
315,id16,163.0,42.5,vial2,12,29.970125577344668
316,id16,163.0,39.5,vial2,12,29.970125577344668
317,id16,163.0,37.0,vial2,12,29.970125577344668
318,id16,162.5,34.0,vial2,12,29.970125577344668
319,id16,161.5,31.0,vial2,12,29.970125577344668
320,id16,161.0,28.5,vial2,12,29.970125577344668
321,id16,159.5,25.5,vial2,12,29.970125577344668
322,id16,158.0,23.5,vial2,12,29.970125577344668
323,id16,156.0,21.5,vial2,12,29.970125577344668
324,id16,154.0,19.5,vial2,12,29.970125577344668
325,id16,151.5,18.0,vial2,12,29.970125577344668
326,id16,149.5,16.5,vial2,12,29.970125577344668
327,id16,147.0,15.5,vial2,12,29.970125577344668
328,id16,144.5,14.0,vial2,12,29.970125577344668
329,id16,142.0,13.0,vial2,12,29.970125577344668
330,id16,139.5,12.0,vial2,12,29.970125577344668
331,id16,138.0,11.0,vial2,12,29.970125577344668
332,id16,136.5,10.5,vial2,12,29.970125577344668
333,id16,135.0,9.5,vial2,12,29.970125577344668
334,id16,135.0,9.5,vial2,12,29.970125577344668
336,id16,160.0,2.0,vial2,12,29.970125577344668
337,id16,159.5,2.0,vial2,12,29.970125577344668
338,id16,160.0,1.5,vial2,12,29.970125577344668
339,id16,160.0,1.5,vial2,12,29.970125577344668
340,id16,160.0,1.5,vial2,12,29.970125577344668
0,id17,639.5,337.5,vial6,40,29.970125577344668
1,id17,640.0,338.0,vial6,40,29.970125577344668
2,id17,641.0,337.0,vial6,40,29.970125577344668
3,id17,641.0,337.0,vial6,40,29.970125577344668
4,id17,640.5,337.0,vial6,40,29.970125577344668
5,id17,637.5,336.0,vial6,40,29.970125577344668
6,id17,638.5,336.5,vial6,40,29.970125577344668
7,id17,638.5,337.0,vial6,40,29.970125577344668
8,id17,638.5,337.5,vial6,40,29.970125577344668
9,id17,638.5,337.5,vial6,40,29.970125577344668
10,id17,639.0,338.0,vial6,40,29.970125577344668
11,id17,639.5,337.0,vial6,40,29.970125577344668
12,id17,638.5,338.0,vial6,40,29.970125577344668
13,id17,638.0,338.5,vial6,40,29.970125577344668
14,id17,638.0,338.5,vial6,40,29.970125577344668
15,id17,637.5,339.5,vial6,40,29.970125577344668
16,id17,636.5,339.5,vial6,40,29.970125577344668
17,id17,635.0,340.0,vial6,40,29.970125577344668
18,id17,634.5,340.0,vial6,40,29.970125577344668
19,id17,635.5,340.0,vial6,40,29.970125577344668
20,id17,633.0,337.5,vial6,40,29.970125577344668
21,id17,629.5,338.5,vial6,40,29.970125577344668
22,id17,631.5,338.5,vial6,40,29.970125577344668
23,id17,631.5,338.0,vial6,40,29.970125577344668
24,id17,632.0,337.5,vial6,40,29.970125577344668
25,id17,632.5,337.5,vial6,40,29.970125577344668
26,id17,626.0,339.0,vial6,40,29.970125577344668
27,id17,629.0,336.5,vial6,40,29.970125577344668
29,id17,625.5,339.0,vial6,40,29.970125577344668
30,id17,627.0,338.5,vial6,40,29.970125577344668
31,id17,626.5,339.0,vial6,40,29.970125577344668
32,id17,626.5,339.5,vial6,40,29.970125577344668
33,id17,625.5,339.5,vial6,40,29.970125577344668
34,id17,625.5,339.5,vial6,40,29.970125577344668
35,id17,626.0,340.0,vial6,40,29.970125577344668
36,id17,628.0,339.0,vial6,40,29.970125577344668
37,id17,627.0,339.5,vial6,40,29.970125577344668
38,id17,627.5,339.0,vial6,40,29.970125577344668
39,id17,628.0,338.5,vial6,40,29.970125577344668
40,id17,628.0,338.0,vial6,40,29.970125577344668
41,id17,630.0,336.5,vial6,40,29.970125577344668
42,id17,630.5,336.5,vial6,40,29.970125577344668
43,id17,631.5,336.0,vial6,40,29.970125577344668
44,id17,633.0,334.0,vial6,40,29.970125577344668
45,id17,634.5,333.0,vial6,40,29.970125577344668
46,id17,635.0,332.0,vial6,40,29.970125577344668
47,id17,635.5,329.5,vial6,40,29.970125577344668
48,id17,637.0,329.0,vial6,40,29.970125577344668
49,id17,638.5,329.0,vial6,40,29.970125577344668
50,id17,638.5,329.0,vial6,40,29.970125577344668
51,id17,639.0,328.0,vial6,40,29.970125577344668
52,id17,639.0,327.0,vial6,40,29.970125577344668
53,id17,640.0,326.5,vial6,40,29.970125577344668
54,id17,640.5,326.0,vial6,40,29.970125577344668
55,id17,642.0,325.5,vial6,40,29.970125577344668
56,id17,642.0,325.0,vial6,40,29.970125577344668
57,id17,642.5,325.0,vial6,40,29.970125577344668
58,id17,642.5,324.5,vial6,40,29.970125577344668
59,id17,642.5,323.5,vial6,40,29.970125577344668
60,id17,643.0,322.0,vial6,40,29.970125577344668
61,id17,643.5,321.0,vial6,40,29.970125577344668
62,id17,644.0,319.5,vial6,40,29.970125577344668
63,id17,643.5,318.5,vial6,40,29.970125577344668
64,id17,642.5,323.5,vial6,40,29.970125577344668
65,id17,636.0,338.5,vial6,40,29.970125577344668
72,id17,624.0,338.5,vial6,40,29.970125577344668
73,id17,625.0,338.0,vial6,40,29.970125577344668
74,id17,627.0,338.5,vial6,40,29.970125577344668
75,id17,628.5,338.0,vial6,40,29.970125577344668
76,id17,635.0,335.5,vial6,40,29.970125577344668
77,id17,632.0,338.0,vial6,40,29.970125577344668
78,id17,633.5,339.0,vial6,40,29.970125577344668
79,id17,639.0,338.5,vial6,40,29.970125577344668
80,id17,639.0,338.0,vial6,40,29.970125577344668
81,id17,640.5,337.5,vial6,40,29.970125577344668
82,id17,642.5,338.0,vial6,40,29.970125577344668
83,id17,644.5,338.0,vial6,40,29.970125577344668
84,id17,647.0,338.0,vial6,40,29.970125577344668
85,id17,648.0,338.0,vial6,40,29.970125577344668
86,id17,648.5,338.5,vial6,40,29.970125577344668
87,id17,651.5,338.5,vial6,40,29.970125577344668
88,id17,652.5,340.0,vial6,40,29.970125577344668
89,id17,653.0,339.0,vial6,40,29.970125577344668
90,id17,655.5,338.5,vial6,40,29.970125577344668
91,id17,659.0,335.5,vial6,40,29.970125577344668
92,id17,651.0,341.5,vial6,40,29.970125577344668
93,id17,651.5,341.5,vial6,40,29.970125577344668
95,id17,653.5,342.0,vial6,40,29.970125577344668
99,id17,641.0,331.5,vial6,40,29.970125577344668
113,id17,640.5,341.5,vial6,40,29.970125577344668
114,id17,640.5,341.5,vial6,40,29.970125577344668
115,id17,642.0,341.5,vial6,40,29.970125577344668
116,id17,642.5,341.5,vial6,40,29.970125577344668
117,id17,643.5,341.5,vial6,40,29.970125577344668
118,id17,643.5,341.5,vial6,40,29.970125577344668
119,id17,643.5,341.5,vial6,40,29.970125577344668
120,id17,643.0,341.5,vial6,40,29.970125577344668
121,id17,649.0,328.5,vial6,40,29.970125577344668
122,id17,650.5,321.0,vial6,40,29.970125577344668
132,id17,628.5,341.5,vial6,40,29.970125577344668
133,id17,629.0,341.5,vial6,40,29.970125577344668
134,id17,630.0,341.5,vial6,40,29.970125577344668
135,id17,631.5,341.0,vial6,40,29.970125577344668
136,id17,631.5,339.5,vial6,40,29.970125577344668
137,id17,633.0,339.0,vial6,40,29.970125577344668
138,id17,632.5,339.0,vial6,40,29.970125577344668
139,id17,631.5,339.0,vial6,40,29.970125577344668
140,id17,632.0,339.5,vial6,40,29.970125577344668
141,id17,633.0,338.5,vial6,40,29.970125577344668
145,id17,660.0,340.5,vial6,40,29.970125577344668
146,id17,660.0,340.5,vial6,40,29.970125577344668
147,id17,658.5,340.5,vial6,40,29.970125577344668
148,id17,659.5,340.0,vial6,40,29.970125577344668
149,id17,659.5,339.0,vial6,40,29.970125577344668
150,id17,659.5,339.5,vial6,40,29.970125577344668
151,id17,657.5,340.0,vial6,40,29.970125577344668
154,id17,647.0,325.5,vial6,40,29.970125577344668
155,id17,660.5,307.0,vial6,40,29.970125577344668
156,id17,644.0,281.5,vial6,40,29.970125577344668
157,id17,618.0,259.5,vial6,40,29.970125577344668
158,id17,628.5,274.0,vial6,40,29.970125577344668
159,id17,649.0,285.0,vial6,40,29.970125577344668
160,id17,646.0,290.0,vial6,40,29.970125577344668
161,id17,633.5,291.0,vial6,40,29.970125577344668
162,id17,626.0,301.0,vial6,40,29.970125577344668
163,id17,629.5,306.5,vial6,40,29.970125577344668
164,id17,664.0,300.5,vial6,40,29.970125577344668
165,id17,658.5,302.5,vial6,40,29.970125577344668
166,id17,651.5,312.5,vial6,40,29.970125577344668
167,id17,636.5,333.0,vial6,40,29.970125577344668
168,id17,636.0,338.5,vial6,40,29.970125577344668
169,id17,635.0,339.0,vial6,40,29.970125577344668
170,id17,635.5,339.0,vial6,40,29.970125577344668
171,id17,636.0,339.0,vial6,40,29.970125577344668
172,id17,635.0,339.0,vial6,40,29.970125577344668
173,id17,636.0,339.0,vial6,40,29.970125577344668
174,id17,636.0,339.0,vial6,40,29.970125577344668
175,id17,636.0,339.0,vial6,40,29.970125577344668
176,id17,636.5,339.0,vial6,40,29.970125577344668
177,id17,637.0,338.5,vial6,40,29.970125577344668
178,id17,635.5,338.5,vial6,40,29.970125577344668
179,id17,637.0,338.5,vial6,40,29.970125577344668
180,id17,643.5,322.5,vial6,40,29.970125577344668
181,id17,637.0,338.0,vial6,40,29.970125577344668
182,id17,663.0,336.0,vial6,40,29.970125577344668
188,id17,663.0,340.5,vial6,40,29.970125577344668
189,id17,663.5,340.5,vial6,40,29.970125577344668
190,id17,663.5,340.0,vial6,40,29.970125577344668
191,id17,663.5,339.5,vial6,40,29.970125577344668
192,id17,663.5,339.5,vial6,40,29.970125577344668
193,id17,664.0,339.5,vial6,40,29.970125577344668
194,id17,664.0,339.5,vial6,40,29.970125577344668
195,id17,664.0,339.5,vial6,40,29.970125577344668
196,id17,663.5,339.0,vial6,40,29.970125577344668
197,id17,663.5,339.5,vial6,40,29.970125577344668
198,id17,663.5,339.5,vial6,40,29.970125577344668
199,id17,663.5,339.5,vial6,40,29.970125577344668
200,id17,663.5,339.5,vial6,40,29.970125577344668
201,id17,663.5,339.5,vial6,40,29.970125577344668
202,id17,662.5,340.0,vial6,40,29.970125577344668
203,id17,662.5,340.5,vial6,40,29.970125577344668
204,id17,661.5,340.5,vial6,40,29.970125577344668
205,id17,660.5,340.0,vial6,40,29.970125577344668
206,id17,659.5,339.5,vial6,40,29.970125577344668
207,id17,658.5,339.5,vial6,40,29.970125577344668
208,id17,657.5,339.5,vial6,40,29.970125577344668
209,id17,655.0,340.0,vial6,40,29.970125577344668
210,id17,653.5,340.0,vial6,40,29.970125577344668
211,id17,651.5,339.5,vial6,40,29.970125577344668
212,id17,650.5,340.0,vial6,40,29.970125577344668
213,id17,648.5,340.0,vial6,40,29.970125577344668
214,id17,647.0,339.0,vial6,40,29.970125577344668
215,id17,645.5,339.0,vial6,40,29.970125577344668
216,id17,643.5,339.0,vial6,40,29.970125577344668
217,id17,641.0,339.5,vial6,40,29.970125577344668
218,id17,636.0,340.5,vial6,40,29.970125577344668
219,id17,633.0,342.0,vial6,40,29.970125577344668
220,id17,633.5,340.0,vial6,40,29.970125577344668
221,id17,629.5,324.0,vial6,40,29.970125577344668
222,id17,626.0,282.0,vial6,40,29.970125577344668
223,id17,631.0,258.5,vial6,40,29.970125577344668
224,id17,633.0,238.5,vial6,40,29.970125577344668
225,id17,631.0,249.5,vial6,40,29.970125577344668
226,id17,625.5,269.5,vial6,40,29.970125577344668
227,id17,640.5,286.0,vial6,40,29.970125577344668
228,id17,645.5,287.5,vial6,40,29.970125577344668
229,id17,655.5,284.0,vial6,40,29.970125577344668
230,id17,661.0,287.5,vial6,40,29.970125577344668
231,id17,655.5,294.5,vial6,40,29.970125577344668
232,id17,648.5,303.5,vial6,40,29.970125577344668
233,id17,654.5,313.5,vial6,40,29.970125577344668
234,id17,656.0,327.5,vial6,40,29.970125577344668
235,id17,665.5,339.5,vial6,40,29.970125577344668
236,id17,665.5,340.0,vial6,40,29.970125577344668
237,id17,666.0,341.0,vial6,40,29.970125577344668
238,id17,665.5,341.0,vial6,40,29.970125577344668
239,id17,665.5,340.5,vial6,40,29.970125577344668
240,id17,665.5,340.5,vial6,40,29.970125577344668
241,id17,665.0,340.0,vial6,40,29.970125577344668
242,id17,665.0,340.0,vial6,40,29.970125577344668
243,id17,665.5,339.5,vial6,40,29.970125577344668
244,id17,665.5,339.5,vial6,40,29.970125577344668
245,id17,665.5,339.0,vial6,40,29.970125577344668
246,id17,665.5,339.5,vial6,40,29.970125577344668
247,id17,665.5,339.5,vial6,40,29.970125577344668
248,id17,666.0,339.5,vial6,40,29.970125577344668
249,id17,665.5,339.5,vial6,40,29.970125577344668
250,id17,665.0,339.0,vial6,40,29.970125577344668
251,id17,666.0,339.0,vial6,40,29.970125577344668
252,id17,666.0,339.0,vial6,40,29.970125577344668
253,id17,666.0,338.0,vial6,40,29.970125577344668
254,id17,667.0,338.0,vial6,40,29.970125577344668
255,id17,666.5,338.0,vial6,40,29.970125577344668
256,id17,666.5,338.0,vial6,40,29.970125577344668
257,id17,667.0,337.5,vial6,40,29.970125577344668
258,id17,667.5,337.0,vial6,40,29.970125577344668
259,id17,667.5,336.5,vial6,40,29.970125577344668
260,id17,667.5,336.0,vial6,40,29.970125577344668
261,id17,667.5,335.5,vial6,40,29.970125577344668
262,id17,667.5,335.0,vial6,40,29.970125577344668
263,id17,667.5,334.5,vial6,40,29.970125577344668
264,id17,667.5,334.5,vial6,40,29.970125577344668
265,id17,667.5,334.0,vial6,40,29.970125577344668
266,id17,665.5,334.0,vial6,40,29.970125577344668
267,id17,667.0,334.0,vial6,40,29.970125577344668
268,id17,667.0,333.5,vial6,40,29.970125577344668
269,id17,668.0,332.0,vial6,40,29.970125577344668
270,id17,667.5,331.5,vial6,40,29.970125577344668
271,id17,667.5,331.0,vial6,40,29.970125577344668
272,id17,667.5,331.0,vial6,40,29.970125577344668
273,id17,667.5,330.5,vial6,40,29.970125577344668
274,id17,667.5,329.5,vial6,40,29.970125577344668
275,id17,667.5,328.5,vial6,40,29.970125577344668
276,id17,667.0,327.5,vial6,40,29.970125577344668
277,id17,667.0,326.5,vial6,40,29.970125577344668
278,id17,667.0,326.5,vial6,40,29.970125577344668
279,id17,667.0,326.5,vial6,40,29.970125577344668
280,id17,667.0,326.0,vial6,40,29.970125577344668
281,id17,667.0,325.5,vial6,40,29.970125577344668
282,id17,667.0,324.0,vial6,40,29.970125577344668
283,id17,667.0,323.5,vial6,40,29.970125577344668
284,id17,667.0,322.5,vial6,40,29.970125577344668
285,id17,667.0,322.0,vial6,40,29.970125577344668
286,id17,667.0,322.0,vial6,40,29.970125577344668
287,id17,667.0,321.0,vial6,40,29.970125577344668
288,id17,666.5,320.0,vial6,40,29.970125577344668
289,id17,667.0,319.0,vial6,40,29.970125577344668
290,id17,664.0,318.5,vial6,40,29.970125577344668
291,id17,666.5,318.5,vial6,40,29.970125577344668
292,id17,666.5,317.5,vial6,40,29.970125577344668
293,id17,666.5,316.0,vial6,40,29.970125577344668
294,id17,666.0,315.0,vial6,40,29.970125577344668
295,id17,666.0,314.0,vial6,40,29.970125577344668
296,id17,666.0,312.5,vial6,40,29.970125577344668
297,id17,665.5,311.0,vial6,40,29.970125577344668
298,id17,665.0,310.0,vial6,40,29.970125577344668
299,id17,665.0,309.0,vial6,40,29.970125577344668
300,id17,664.5,307.0,vial6,40,29.970125577344668
301,id17,664.0,305.0,vial6,40,29.970125577344668
302,id17,664.0,304.0,vial6,40,29.970125577344668
303,id17,663.5,302.0,vial6,40,29.970125577344668
304,id17,663.5,300.0,vial6,40,29.970125577344668
305,id17,662.5,299.5,vial6,40,29.970125577344668
306,id17,662.5,298.5,vial6,40,29.970125577344668
307,id17,661.5,297.0,vial6,40,29.970125577344668
308,id17,661.5,296.5,vial6,40,29.970125577344668
309,id17,661.5,296.5,vial6,40,29.970125577344668
310,id17,660.0,299.0,vial6,40,29.970125577344668
311,id17,660.5,298.5,vial6,40,29.970125577344668
312,id17,660.5,298.0,vial6,40,29.970125577344668
313,id17,660.5,298.0,vial6,40,29.970125577344668
314,id17,660.5,298.0,vial6,40,29.970125577344668
315,id17,661.0,298.0,vial6,40,29.970125577344668
316,id17,661.0,297.5,vial6,40,29.970125577344668
317,id17,661.0,297.5,vial6,40,29.970125577344668
318,id17,661.0,296.5,vial6,40,29.970125577344668
319,id17,660.0,295.5,vial6,40,29.970125577344668
320,id17,660.0,295.0,vial6,40,29.970125577344668
321,id17,660.0,293.5,vial6,40,29.970125577344668
322,id17,659.5,292.5,vial6,40,29.970125577344668
323,id17,659.0,291.5,vial6,40,29.970125577344668
324,id17,659.0,290.5,vial6,40,29.970125577344668
325,id17,658.5,288.5,vial6,40,29.970125577344668
326,id17,658.0,287.0,vial6,40,29.970125577344668
327,id17,657.5,286.0,vial6,40,29.970125577344668
328,id17,657.0,285.0,vial6,40,29.970125577344668
329,id17,656.0,283.0,vial6,40,29.970125577344668
330,id17,655.0,282.0,vial6,40,29.970125577344668
331,id17,654.0,281.0,vial6,40,29.970125577344668
332,id17,653.0,280.0,vial6,40,29.970125577344668
333,id17,652.0,278.0,vial6,40,29.970125577344668
334,id17,652.0,277.0,vial6,40,29.970125577344668
335,id17,651.5,276.0,vial6,40,29.970125577344668
336,id17,651.5,274.5,vial6,40,29.970125577344668
337,id17,651.5,272.5,vial6,40,29.970125577344668
338,id17,651.5,270.5,vial6,40,29.970125577344668
339,id17,652.0,268.5,vial6,40,29.970125577344668
340,id17,652.5,266.0,vial6,40,29.970125577344668
341,id17,652.5,264.5,vial6,40,29.970125577344668
342,id17,653.0,265.0,vial6,40,29.970125577344668
0,id18,658.5,341.5,vial6,35,29.970125577344668
1,id18,656.5,341.5,vial6,35,29.970125577344668
2,id18,654.5,341.0,vial6,35,29.970125577344668
3,id18,654.0,341.0,vial6,35,29.970125577344668
4,id18,655.5,340.5,vial6,35,29.970125577344668
5,id18,655.5,341.0,vial6,35,29.970125577344668
6,id18,655.5,340.5,vial6,35,29.970125577344668
7,id18,655.5,340.5,vial6,35,29.970125577344668
8,id18,654.5,340.5,vial6,35,29.970125577344668
9,id18,654.5,340.5,vial6,35,29.970125577344668
10,id18,654.5,340.5,vial6,35,29.970125577344668
11,id18,654.5,340.5,vial6,35,29.970125577344668
13,id18,640.0,335.5,vial6,35,29.970125577344668
14,id18,638.5,336.0,vial6,35,29.970125577344668
17,id18,629.0,331.5,vial6,35,29.970125577344668
18,id18,625.0,336.5,vial6,35,29.970125577344668
19,id18,626.5,337.5,vial6,35,29.970125577344668
20,id18,627.5,338.0,vial6,35,29.970125577344668
21,id18,628.5,338.0,vial6,35,29.970125577344668
22,id18,632.0,336.5,vial6,35,29.970125577344668
25,id18,632.0,337.5,vial6,35,29.970125577344668
26,id18,631.0,338.0,vial6,35,29.970125577344668
27,id18,630.0,337.0,vial6,35,29.970125577344668
28,id18,630.5,337.0,vial6,35,29.970125577344668
29,id18,630.5,337.0,vial6,35,29.970125577344668
30,id18,631.0,336.5,vial6,35,29.970125577344668
31,id18,630.5,335.5,vial6,35,29.970125577344668
32,id18,630.5,338.0,vial6,35,29.970125577344668
33,id18,631.5,338.0,vial6,35,29.970125577344668
34,id18,630.5,338.0,vial6,35,29.970125577344668
35,id18,630.5,338.0,vial6,35,29.970125577344668
36,id18,609.5,310.0,vial6,35,29.970125577344668
37,id18,608.5,304.0,vial6,35,29.970125577344668
38,id18,609.0,303.5,vial6,35,29.970125577344668
39,id18,609.5,301.5,vial6,35,29.970125577344668
40,id18,609.5,299.5,vial6,35,29.970125577344668
41,id18,609.5,297.0,vial6,35,29.970125577344668
42,id18,609.5,295.5,vial6,35,29.970125577344668
43,id18,610.0,294.0,vial6,35,29.970125577344668
44,id18,612.0,292.0,vial6,35,29.970125577344668
45,id18,614.0,290.5,vial6,35,29.970125577344668
46,id18,615.5,289.5,vial6,35,29.970125577344668
47,id18,617.0,290.5,vial6,35,29.970125577344668
48,id18,618.5,293.0,vial6,35,29.970125577344668
49,id18,619.5,294.5,vial6,35,29.970125577344668
50,id18,620.0,297.5,vial6,35,29.970125577344668
51,id18,620.5,299.0,vial6,35,29.970125577344668
52,id18,619.5,300.0,vial6,35,29.970125577344668
53,id18,618.5,302.0,vial6,35,29.970125577344668
54,id18,617.5,303.0,vial6,35,29.970125577344668
55,id18,616.0,304.0,vial6,35,29.970125577344668
56,id18,615.0,305.0,vial6,35,29.970125577344668
57,id18,614.0,306.0,vial6,35,29.970125577344668
58,id18,613.0,305.5,vial6,35,29.970125577344668
59,id18,611.5,304.5,vial6,35,29.970125577344668
60,id18,610.0,303.0,vial6,35,29.970125577344668
61,id18,608.5,301.5,vial6,35,29.970125577344668
62,id18,607.5,299.5,vial6,35,29.970125577344668
63,id18,606.5,299.0,vial6,35,29.970125577344668
64,id18,605.5,297.5,vial6,35,29.970125577344668
65,id18,604.0,297.5,vial6,35,29.970125577344668
66,id18,603.5,297.0,vial6,35,29.970125577344668
67,id18,603.5,296.5,vial6,35,29.970125577344668
68,id18,603.0,296.5,vial6,35,29.970125577344668
69,id18,603.5,296.0,vial6,35,29.970125577344668
70,id18,603.5,296.0,vial6,35,29.970125577344668
71,id18,605.0,296.0,vial6,35,29.970125577344668
72,id18,606.0,296.5,vial6,35,29.970125577344668
73,id18,608.0,297.0,vial6,35,29.970125577344668
74,id18,609.5,298.5,vial6,35,29.970125577344668
75,id18,611.5,299.5,vial6,35,29.970125577344668
76,id18,613.5,301.0,vial6,35,29.970125577344668
77,id18,616.0,301.5,vial6,35,29.970125577344668
78,id18,617.0,302.5,vial6,35,29.970125577344668
79,id18,618.5,303.5,vial6,35,29.970125577344668
80,id18,619.0,303.5,vial6,35,29.970125577344668
81,id18,619.0,303.5,vial6,35,29.970125577344668
82,id18,619.0,303.5,vial6,35,29.970125577344668
83,id18,619.0,303.5,vial6,35,29.970125577344668
84,id18,619.0,303.5,vial6,35,29.970125577344668
85,id18,618.5,303.0,vial6,35,29.970125577344668
86,id18,618.5,302.5,vial6,35,29.970125577344668
87,id18,619.0,302.5,vial6,35,29.970125577344668
88,id18,619.0,302.5,vial6,35,29.970125577344668
89,id18,620.0,302.5,vial6,35,29.970125577344668
90,id18,621.0,301.5,vial6,35,29.970125577344668
91,id18,622.0,301.0,vial6,35,29.970125577344668
92,id18,623.5,301.0,vial6,35,29.970125577344668
93,id18,624.5,301.0,vial6,35,29.970125577344668
94,id18,623.0,300.5,vial6,35,29.970125577344668
95,id18,624.5,300.5,vial6,35,29.970125577344668
96,id18,625.0,300.5,vial6,35,29.970125577344668
97,id18,625.0,300.5,vial6,35,29.970125577344668
98,id18,625.0,300.5,vial6,35,29.970125577344668
99,id18,625.0,300.5,vial6,35,29.970125577344668
100,id18,636.5,295.5,vial6,35,29.970125577344668
101,id18,659.5,279.5,vial6,35,29.970125577344668
102,id18,658.5,270.0,vial6,35,29.970125577344668
103,id18,650.5,265.0,vial6,35,29.970125577344668
104,id18,650.5,264.0,vial6,35,29.970125577344668
105,id18,651.5,263.0,vial6,35,29.970125577344668
106,id18,651.5,261.5,vial6,35,29.970125577344668
107,id18,651.5,259.5,vial6,35,29.970125577344668
108,id18,651.5,257.5,vial6,35,29.970125577344668
109,id18,651.5,254.5,vial6,35,29.970125577344668
110,id18,650.5,252.0,vial6,35,29.970125577344668
111,id18,650.0,249.0,vial6,35,29.970125577344668
112,id18,648.5,247.0,vial6,35,29.970125577344668
113,id18,647.0,245.0,vial6,35,29.970125577344668
114,id18,646.0,242.0,vial6,35,29.970125577344668
115,id18,644.0,240.0,vial6,35,29.970125577344668
116,id18,643.0,239.0,vial6,35,29.970125577344668
117,id18,642.0,238.0,vial6,35,29.970125577344668
118,id18,641.5,237.0,vial6,35,29.970125577344668
119,id18,642.0,236.5,vial6,35,29.970125577344668
120,id18,641.0,236.5,vial6,35,29.970125577344668
121,id18,641.0,236.5,vial6,35,29.970125577344668
122,id18,641.0,236.5,vial6,35,29.970125577344668
123,id18,641.0,236.5,vial6,35,29.970125577344668
124,id18,641.0,235.5,vial6,35,29.970125577344668
125,id18,628.0,221.0,vial6,35,29.970125577344668
126,id18,609.5,204.5,vial6,35,29.970125577344668
127,id18,609.5,204.5,vial6,35,29.970125577344668
128,id18,609.5,203.0,vial6,35,29.970125577344668
129,id18,610.0,202.0,vial6,35,29.970125577344668
130,id18,609.5,200.0,vial6,35,29.970125577344668
131,id18,609.5,199.0,vial6,35,29.970125577344668
132,id18,609.0,197.5,vial6,35,29.970125577344668
133,id18,608.5,194.5,vial6,35,29.970125577344668
134,id18,608.0,192.0,vial6,35,29.970125577344668
135,id18,607.5,189.0,vial6,35,29.970125577344668
136,id18,606.5,186.5,vial6,35,29.970125577344668
137,id18,606.0,183.5,vial6,35,29.970125577344668
138,id18,605.0,180.5,vial6,35,29.970125577344668
139,id18,605.0,178.5,vial6,35,29.970125577344668
140,id18,604.5,176.0,vial6,35,29.970125577344668
141,id18,604.0,174.0,vial6,35,29.970125577344668
142,id18,604.0,172.0,vial6,35,29.970125577344668
143,id18,604.5,170.0,vial6,35,29.970125577344668
144,id18,604.5,169.0,vial6,35,29.970125577344668
145,id18,605.0,167.0,vial6,35,29.970125577344668
146,id18,606.0,166.0,vial6,35,29.970125577344668
147,id18,607.5,165.0,vial6,35,29.970125577344668
148,id18,609.5,164.5,vial6,35,29.970125577344668
149,id18,611.5,164.5,vial6,35,29.970125577344668
150,id18,614.5,164.5,vial6,35,29.970125577344668
151,id18,617.0,165.0,vial6,35,29.970125577344668
152,id18,619.0,166.0,vial6,35,29.970125577344668
153,id18,621.5,166.5,vial6,35,29.970125577344668
154,id18,624.0,167.0,vial6,35,29.970125577344668
155,id18,626.5,167.0,vial6,35,29.970125577344668
156,id18,628.0,166.0,vial6,35,29.970125577344668
157,id18,628.5,166.0,vial6,35,29.970125577344668
158,id18,628.5,166.0,vial6,35,29.970125577344668
159,id18,628.5,166.0,vial6,35,29.970125577344668
160,id18,628.5,166.0,vial6,35,29.970125577344668
161,id18,628.5,166.0,vial6,35,29.970125577344668
162,id18,628.0,166.5,vial6,35,29.970125577344668
163,id18,629.0,166.0,vial6,35,29.970125577344668
164,id18,629.0,166.0,vial6,35,29.970125577344668
165,id18,629.5,165.5,vial6,35,29.970125577344668
166,id18,629.5,165.0,vial6,35,29.970125577344668
167,id18,629.5,164.5,vial6,35,29.970125577344668
168,id18,629.5,164.5,vial6,35,29.970125577344668
169,id18,629.0,165.5,vial6,35,29.970125577344668
170,id18,629.5,165.0,vial6,35,29.970125577344668
171,id18,654.0,148.0,vial6,35,29.970125577344668
172,id18,669.5,137.0,vial6,35,29.970125577344668
173,id18,669.5,136.0,vial6,35,29.970125577344668
174,id18,669.5,135.0,vial6,35,29.970125577344668
175,id18,669.5,135.0,vial6,35,29.970125577344668
176,id18,669.5,134.0,vial6,35,29.970125577344668
177,id18,669.5,132.5,vial6,35,29.970125577344668
178,id18,669.5,131.0,vial6,35,29.970125577344668
179,id18,669.5,128.5,vial6,35,29.970125577344668
180,id18,669.5,126.0,vial6,35,29.970125577344668
181,id18,669.5,123.0,vial6,35,29.970125577344668
182,id18,669.0,120.5,vial6,35,29.970125577344668
183,id18,669.0,117.5,vial6,35,29.970125577344668
184,id18,669.0,114.5,vial6,35,29.970125577344668
185,id18,668.5,111.5,vial6,35,29.970125577344668
186,id18,668.5,108.5,vial6,35,29.970125577344668
187,id18,667.5,106.5,vial6,35,29.970125577344668
188,id18,667.5,103.5,vial6,35,29.970125577344668
189,id18,666.5,101.5,vial6,35,29.970125577344668
190,id18,665.5,98.5,vial6,35,29.970125577344668
191,id18,664.5,96.0,vial6,35,29.970125577344668
192,id18,663.5,93.5,vial6,35,29.970125577344668
193,id18,661.5,92.0,vial6,35,29.970125577344668
194,id18,659.5,90.0,vial6,35,29.970125577344668
195,id18,657.5,88.5,vial6,35,29.970125577344668
196,id18,654.5,87.5,vial6,35,29.970125577344668
197,id18,652.5,87.0,vial6,35,29.970125577344668
198,id18,649.5,86.5,vial6,35,29.970125577344668
199,id18,648.0,85.5,vial6,35,29.970125577344668
200,id18,645.5,84.5,vial6,35,29.970125577344668
201,id18,643.0,84.5,vial6,35,29.970125577344668
202,id18,639.0,85.0,vial6,35,29.970125577344668
203,id18,636.0,86.0,vial6,35,29.970125577344668
204,id18,634.0,87.0,vial6,35,29.970125577344668
205,id18,631.0,87.0,vial6,35,29.970125577344668
206,id18,629.0,86.0,vial6,35,29.970125577344668
207,id18,626.5,84.0,vial6,35,29.970125577344668
208,id18,625.0,82.0,vial6,35,29.970125577344668
209,id18,622.5,79.5,vial6,35,29.970125577344668
210,id18,620.5,77.5,vial6,35,29.970125577344668
211,id18,619.0,74.5,vial6,35,29.970125577344668
212,id18,617.5,72.0,vial6,35,29.970125577344668
213,id18,616.0,69.5,vial6,35,29.970125577344668
214,id18,615.0,67.0,vial6,35,29.970125577344668
215,id18,613.5,64.5,vial6,35,29.970125577344668
216,id18,612.0,61.5,vial6,35,29.970125577344668
217,id18,610.5,58.5,vial6,35,29.970125577344668
218,id18,609.5,56.0,vial6,35,29.970125577344668
219,id18,608.5,53.5,vial6,35,29.970125577344668
220,id18,607.5,51.5,vial6,35,29.970125577344668
221,id18,606.5,48.5,vial6,35,29.970125577344668
222,id18,605.5,46.5,vial6,35,29.970125577344668
223,id18,605.0,44.0,vial6,35,29.970125577344668
224,id18,604.5,41.0,vial6,35,29.970125577344668
225,id18,604.5,39.0,vial6,35,29.970125577344668
226,id18,604.0,37.0,vial6,35,29.970125577344668
227,id18,604.5,34.5,vial6,35,29.970125577344668
228,id18,604.5,32.5,vial6,35,29.970125577344668
229,id18,605.0,30.5,vial6,35,29.970125577344668
230,id18,606.0,28.5,vial6,35,29.970125577344668
231,id18,607.0,26.5,vial6,35,29.970125577344668
232,id18,608.5,25.0,vial6,35,29.970125577344668
233,id18,610.5,23.5,vial6,35,29.970125577344668
234,id18,612.5,22.0,vial6,35,29.970125577344668
235,id18,614.5,21.0,vial6,35,29.970125577344668
236,id18,616.5,19.5,vial6,35,29.970125577344668
237,id18,619.0,18.0,vial6,35,29.970125577344668
238,id18,622.0,16.5,vial6,35,29.970125577344668
239,id18,625.0,15.5,vial6,35,29.970125577344668
240,id18,627.0,14.0,vial6,35,29.970125577344668
241,id18,629.0,13.0,vial6,35,29.970125577344668
242,id18,632.0,12.0,vial6,35,29.970125577344668
243,id18,634.0,11.5,vial6,35,29.970125577344668
244,id18,635.5,10.5,vial6,35,29.970125577344668
245,id18,635.5,10.5,vial6,35,29.970125577344668
246,id18,636.0,10.5,vial6,35,29.970125577344668
247,id18,635.5,10.5,vial6,35,29.970125577344668
248,id18,636.5,10.5,vial6,35,29.970125577344668
249,id18,637.0,10.0,vial6,35,29.970125577344668
250,id18,639.0,9.5,vial6,35,29.970125577344668
251,id18,641.0,8.5,vial6,35,29.970125577344668
252,id18,644.0,7.0,vial6,35,29.970125577344668
253,id18,646.5,6.5,vial6,35,29.970125577344668
254,id18,650.0,1.5,vial6,35,29.970125577344668
263,id18,668.5,2.0,vial6,35,29.970125577344668
274,id18,659.0,2.0,vial6,35,29.970125577344668
275,id18,657.5,1.5,vial6,35,29.970125577344668
276,id18,655.0,1.5,vial6,35,29.970125577344668
277,id18,652.0,1.5,vial6,35,29.970125577344668
278,id18,650.0,1.5,vial6,35,29.970125577344668
279,id18,647.0,1.5,vial6,35,29.970125577344668
280,id18,645.0,2.0,vial6,35,29.970125577344668
281,id18,639.0,1.5,vial6,35,29.970125577344668
282,id18,636.0,1.5,vial6,35,29.970125577344668
283,id18,633.0,1.5,vial6,35,29.970125577344668
284,id18,631.0,2.0,vial6,35,29.970125577344668
285,id18,628.0,2.0,vial6,35,29.970125577344668
286,id18,626.5,2.0,vial6,35,29.970125577344668
287,id18,626.0,1.5,vial6,35,29.970125577344668
297,id18,610.0,1.5,vial6,35,29.970125577344668
298,id18,609.5,2.0,vial6,35,29.970125577344668
299,id18,609.5,3.0,vial6,35,29.970125577344668
0,id19,614.5,340.5,vial6,36,29.970125577344668
1,id19,615.5,340.5,vial6,36,29.970125577344668
2,id19,615.5,341.0,vial6,36,29.970125577344668
3,id19,615.5,339.5,vial6,36,29.970125577344668
4,id19,614.5,338.0,vial6,36,29.970125577344668
5,id19,614.0,339.0,vial6,36,29.970125577344668
6,id19,614.5,336.5,vial6,36,29.970125577344668
7,id19,607.5,329.5,vial6,36,29.970125577344668
8,id19,606.5,329.0,vial6,36,29.970125577344668
9,id19,605.5,330.0,vial6,36,29.970125577344668
10,id19,637.5,340.0,vial6,36,29.970125577344668
11,id19,644.0,340.0,vial6,36,29.970125577344668
12,id19,644.0,299.5,vial6,36,29.970125577344668
13,id19,655.0,260.5,vial6,36,29.970125577344668
14,id19,663.5,250.5,vial6,36,29.970125577344668
15,id19,662.5,255.5,vial6,36,29.970125577344668
16,id19,663.5,264.0,vial6,36,29.970125577344668
17,id19,660.5,269.5,vial6,36,29.970125577344668
18,id19,659.5,286.5,vial6,36,29.970125577344668
19,id19,664.5,302.5,vial6,36,29.970125577344668
20,id19,642.0,340.5,vial6,36,29.970125577344668
21,id19,618.0,338.5,vial6,36,29.970125577344668
22,id19,622.0,338.5,vial6,36,29.970125577344668
23,id19,624.5,339.0,vial6,36,29.970125577344668
24,id19,626.0,339.0,vial6,36,29.970125577344668
25,id19,626.5,338.5,vial6,36,29.970125577344668
26,id19,622.0,334.5,vial6,36,29.970125577344668
27,id19,620.5,339.5,vial6,36,29.970125577344668
28,id19,618.5,339.5,vial6,36,29.970125577344668
29,id19,616.0,339.5,vial6,36,29.970125577344668
30,id19,614.0,339.0,vial6,36,29.970125577344668
31,id19,612.5,339.0,vial6,36,29.970125577344668
32,id19,610.5,339.0,vial6,36,29.970125577344668
33,id19,608.5,339.0,vial6,36,29.970125577344668
34,id19,606.5,339.0,vial6,36,29.970125577344668
35,id19,605.5,339.5,vial6,36,29.970125577344668
36,id19,605.0,339.5,vial6,36,29.970125577344668
37,id19,605.0,339.5,vial6,36,29.970125577344668
38,id19,604.5,339.5,vial6,36,29.970125577344668
39,id19,604.5,338.5,vial6,36,29.970125577344668
40,id19,605.5,339.0,vial6,36,29.970125577344668
41,id19,605.5,340.0,vial6,36,29.970125577344668
42,id19,607.0,339.0,vial6,36,29.970125577344668
43,id19,607.5,339.5,vial6,36,29.970125577344668
44,id19,606.5,340.0,vial6,36,29.970125577344668
45,id19,606.5,340.0,vial6,36,29.970125577344668
46,id19,607.0,340.0,vial6,36,29.970125577344668
47,id19,607.0,340.0,vial6,36,29.970125577344668
48,id19,607.0,340.0,vial6,36,29.970125577344668
49,id19,607.0,340.0,vial6,36,29.970125577344668
50,id19,607.0,340.0,vial6,36,29.970125577344668
51,id19,607.0,339.5,vial6,36,29.970125577344668
52,id19,606.5,340.0,vial6,36,29.970125577344668
53,id19,606.5,340.0,vial6,36,29.970125577344668
54,id19,606.5,340.0,vial6,36,29.970125577344668
55,id19,606.0,340.0,vial6,36,29.970125577344668
56,id19,606.0,340.0,vial6,36,29.970125577344668
57,id19,606.0,340.0,vial6,36,29.970125577344668
58,id19,606.0,340.0,vial6,36,29.970125577344668
59,id19,606.5,339.5,vial6,36,29.970125577344668
60,id19,607.5,339.0,vial6,36,29.970125577344668
61,id19,608.0,339.0,vial6,36,29.970125577344668
62,id19,608.5,339.0,vial6,36,29.970125577344668
63,id19,609.0,339.0,vial6,36,29.970125577344668
64,id19,610.5,339.0,vial6,36,29.970125577344668
65,id19,610.5,338.5,vial6,36,29.970125577344668
66,id19,609.5,338.5,vial6,36,29.970125577344668
67,id19,609.0,338.5,vial6,36,29.970125577344668
68,id19,609.5,338.5,vial6,36,29.970125577344668
69,id19,609.5,338.5,vial6,36,29.970125577344668
70,id19,609.5,338.5,vial6,36,29.970125577344668
71,id19,609.0,338.5,vial6,36,29.970125577344668
72,id19,608.0,332.5,vial6,36,29.970125577344668
73,id19,622.5,299.0,vial6,36,29.970125577344668
74,id19,633.0,301.5,vial6,36,29.970125577344668
75,id19,630.0,315.5,vial6,36,29.970125577344668
78,id19,652.5,338.5,vial6,36,29.970125577344668
79,id19,652.5,341.5,vial6,36,29.970125577344668
80,id19,653.0,339.0,vial6,36,29.970125577344668
81,id19,656.0,340.0,vial6,36,29.970125577344668
82,id19,659.0,340.0,vial6,36,29.970125577344668
83,id19,660.0,340.0,vial6,36,29.970125577344668
84,id19,659.5,339.0,vial6,36,29.970125577344668
85,id19,660.5,340.0,vial6,36,29.970125577344668
86,id19,660.0,340.0,vial6,36,29.970125577344668
87,id19,667.5,332.5,vial6,36,29.970125577344668
88,id19,662.0,335.0,vial6,36,29.970125577344668
89,id19,666.5,338.5,vial6,36,29.970125577344668
91,id19,651.5,339.0,vial6,36,29.970125577344668
92,id19,653.0,340.5,vial6,36,29.970125577344668
93,id19,654.5,341.0,vial6,36,29.970125577344668
94,id19,655.5,340.5,vial6,36,29.970125577344668
95,id19,655.0,340.5,vial6,36,29.970125577344668
96,id19,654.5,340.5,vial6,36,29.970125577344668
97,id19,655.5,340.5,vial6,36,29.970125577344668
98,id19,654.5,340.0,vial6,36,29.970125577344668
99,id19,655.5,339.0,vial6,36,29.970125577344668
100,id19,656.0,338.5,vial6,36,29.970125577344668
101,id19,658.5,338.5,vial6,36,29.970125577344668
102,id19,659.0,338.5,vial6,36,29.970125577344668
103,id19,661.0,338.5,vial6,36,29.970125577344668
104,id19,661.0,338.5,vial6,36,29.970125577344668
105,id19,662.0,339.0,vial6,36,29.970125577344668
106,id19,662.5,339.0,vial6,36,29.970125577344668
107,id19,662.5,339.0,vial6,36,29.970125577344668
108,id19,662.0,339.0,vial6,36,29.970125577344668
109,id19,662.5,339.0,vial6,36,29.970125577344668
110,id19,662.5,339.0,vial6,36,29.970125577344668
111,id19,662.5,339.0,vial6,36,29.970125577344668
112,id19,662.5,339.0,vial6,36,29.970125577344668
113,id19,662.5,339.0,vial6,36,29.970125577344668
114,id19,662.5,339.0,vial6,36,29.970125577344668
115,id19,662.5,339.0,vial6,36,29.970125577344668
116,id19,662.5,339.0,vial6,36,29.970125577344668
117,id19,659.5,327.0,vial6,36,29.970125577344668
118,id19,647.0,297.0,vial6,36,29.970125577344668
119,id19,636.5,273.0,vial6,36,29.970125577344668
120,id19,643.0,280.5,vial6,36,29.970125577344668
121,id19,643.5,297.0,vial6,36,29.970125577344668
122,id19,645.5,330.5,vial6,36,29.970125577344668
123,id19,665.0,337.5,vial6,36,29.970125577344668
125,id19,661.5,340.5,vial6,36,29.970125577344668
132,id19,645.5,340.5,vial6,36,29.970125577344668
134,id19,643.0,338.5,vial6,36,29.970125577344668
136,id19,640.5,336.5,vial6,36,29.970125577344668
137,id19,640.5,336.5,vial6,36,29.970125577344668
138,id19,639.5,336.5,vial6,36,29.970125577344668
139,id19,639.5,336.0,vial6,36,29.970125577344668
140,id19,639.0,335.5,vial6,36,29.970125577344668
141,id19,632.5,331.5,vial6,36,29.970125577344668
142,id19,649.0,321.0,vial6,36,29.970125577344668
143,id19,633.5,291.5,vial6,36,29.970125577344668
144,id19,640.5,274.5,vial6,36,29.970125577344668
145,id19,643.0,282.0,vial6,36,29.970125577344668
146,id19,624.5,295.0,vial6,36,29.970125577344668
147,id19,623.0,312.0,vial6,36,29.970125577344668
148,id19,617.5,319.0,vial6,36,29.970125577344668
149,id19,611.5,314.0,vial6,36,29.970125577344668
150,id19,616.5,328.0,vial6,36,29.970125577344668
151,id19,661.0,339.5,vial6,36,29.970125577344668
152,id19,661.0,339.0,vial6,36,29.970125577344668
153,id19,660.5,341.0,vial6,36,29.970125577344668
154,id19,660.0,341.0,vial6,36,29.970125577344668
155,id19,660.0,340.5,vial6,36,29.970125577344668
156,id19,660.5,341.0,vial6,36,29.970125577344668
157,id19,661.5,341.5,vial6,36,29.970125577344668
158,id19,664.0,341.5,vial6,36,29.970125577344668
159,id19,666.0,341.0,vial6,36,29.970125577344668
160,id19,667.5,341.0,vial6,36,29.970125577344668
161,id19,668.0,341.0,vial6,36,29.970125577344668
162,id19,667.0,341.5,vial6,36,29.970125577344668
163,id19,666.5,341.0,vial6,36,29.970125577344668
164,id19,666.0,341.0,vial6,36,29.970125577344668
165,id19,666.0,341.0,vial6,36,29.970125577344668
166,id19,666.5,341.0,vial6,36,29.970125577344668
167,id19,667.0,340.5,vial6,36,29.970125577344668
168,id19,667.0,341.0,vial6,36,29.970125577344668
169,id19,668.0,341.0,vial6,36,29.970125577344668
170,id19,667.5,341.0,vial6,36,29.970125577344668
171,id19,667.5,341.0,vial6,36,29.970125577344668
172,id19,667.5,341.0,vial6,36,29.970125577344668
173,id19,666.5,341.0,vial6,36,29.970125577344668
174,id19,666.0,340.5,vial6,36,29.970125577344668
175,id19,666.0,340.5,vial6,36,29.970125577344668
176,id19,665.5,340.5,vial6,36,29.970125577344668
177,id19,665.0,340.5,vial6,36,29.970125577344668
178,id19,663.0,340.5,vial6,36,29.970125577344668
179,id19,663.5,341.0,vial6,36,29.970125577344668
180,id19,663.0,341.0,vial6,36,29.970125577344668
181,id19,662.0,339.5,vial6,36,29.970125577344668
182,id19,662.0,341.0,vial6,36,29.970125577344668
183,id19,663.5,340.5,vial6,36,29.970125577344668
184,id19,662.5,340.5,vial6,36,29.970125577344668
185,id19,662.5,340.5,vial6,36,29.970125577344668
186,id19,662.0,341.5,vial6,36,29.970125577344668
187,id19,661.5,341.0,vial6,36,29.970125577344668
188,id19,661.5,341.0,vial6,36,29.970125577344668
189,id19,661.5,341.0,vial6,36,29.970125577344668
190,id19,658.5,340.5,vial6,36,29.970125577344668
191,id19,658.5,340.5,vial6,36,29.970125577344668
192,id19,658.0,341.5,vial6,36,29.970125577344668
193,id19,657.5,341.5,vial6,36,29.970125577344668
194,id19,656.5,341.0,vial6,36,29.970125577344668
195,id19,654.5,341.0,vial6,36,29.970125577344668
196,id19,653.0,341.5,vial6,36,29.970125577344668
197,id19,651.0,341.5,vial6,36,29.970125577344668
198,id19,649.5,341.0,vial6,36,29.970125577344668
199,id19,647.0,341.0,vial6,36,29.970125577344668
200,id19,646.0,342.0,vial6,36,29.970125577344668
201,id19,644.0,342.0,vial6,36,29.970125577344668
202,id19,642.0,342.0,vial6,36,29.970125577344668
203,id19,640.5,342.0,vial6,36,29.970125577344668
204,id19,639.5,341.5,vial6,36,29.970125577344668
205,id19,635.5,341.5,vial6,36,29.970125577344668
206,id19,634.5,341.5,vial6,36,29.970125577344668
207,id19,633.5,342.0,vial6,36,29.970125577344668
208,id19,632.0,341.5,vial6,36,29.970125577344668
209,id19,631.5,341.0,vial6,36,29.970125577344668
210,id19,628.0,341.5,vial6,36,29.970125577344668
211,id19,627.0,341.5,vial6,36,29.970125577344668
212,id19,624.5,341.0,vial6,36,29.970125577344668
213,id19,622.5,341.0,vial6,36,29.970125577344668
214,id19,620.5,341.0,vial6,36,29.970125577344668
215,id19,618.5,341.0,vial6,36,29.970125577344668
216,id19,616.0,340.5,vial6,36,29.970125577344668
217,id19,614.5,340.5,vial6,36,29.970125577344668
218,id19,614.0,340.0,vial6,36,29.970125577344668
219,id19,611.0,340.0,vial6,36,29.970125577344668
220,id19,609.0,340.0,vial6,36,29.970125577344668
221,id19,609.0,340.5,vial6,36,29.970125577344668
222,id19,607.0,340.5,vial6,36,29.970125577344668
223,id19,607.0,340.5,vial6,36,29.970125577344668
224,id19,607.0,340.0,vial6,36,29.970125577344668
225,id19,608.0,340.5,vial6,36,29.970125577344668
226,id19,608.0,340.0,vial6,36,29.970125577344668
227,id19,606.5,340.0,vial6,36,29.970125577344668
228,id19,606.5,339.5,vial6,36,29.970125577344668
229,id19,606.5,339.5,vial6,36,29.970125577344668
230,id19,606.5,339.5,vial6,36,29.970125577344668
231,id19,607.0,340.0,vial6,36,29.970125577344668
232,id19,606.5,340.0,vial6,36,29.970125577344668
233,id19,605.5,339.5,vial6,36,29.970125577344668
234,id19,606.0,339.5,vial6,36,29.970125577344668
235,id19,606.5,339.5,vial6,36,29.970125577344668
236,id19,605.5,339.5,vial6,36,29.970125577344668
237,id19,606.0,339.5,vial6,36,29.970125577344668
238,id19,607.0,339.5,vial6,36,29.970125577344668
239,id19,606.0,340.0,vial6,36,29.970125577344668
240,id19,606.0,340.0,vial6,36,29.970125577344668
241,id19,606.0,340.0,vial6,36,29.970125577344668
242,id19,606.0,340.0,vial6,36,29.970125577344668
243,id19,608.5,340.0,vial6,36,29.970125577344668
244,id19,608.0,339.5,vial6,36,29.970125577344668
245,id19,606.5,338.5,vial6,36,29.970125577344668
246,id19,606.0,338.5,vial6,36,29.970125577344668
247,id19,606.0,337.0,vial6,36,29.970125577344668
248,id19,605.5,337.0,vial6,36,29.970125577344668
249,id19,605.0,338.0,vial6,36,29.970125577344668
250,id19,604.0,337.0,vial6,36,29.970125577344668
251,id19,603.5,337.0,vial6,36,29.970125577344668
252,id19,603.5,336.0,vial6,36,29.970125577344668
253,id19,603.5,335.5,vial6,36,29.970125577344668
254,id19,603.5,335.0,vial6,36,29.970125577344668
255,id19,603.5,334.0,vial6,36,29.970125577344668
256,id19,603.5,333.0,vial6,36,29.970125577344668
257,id19,603.0,331.0,vial6,36,29.970125577344668
258,id19,603.5,329.0,vial6,36,29.970125577344668
259,id19,603.5,328.0,vial6,36,29.970125577344668
260,id19,603.5,326.5,vial6,36,29.970125577344668
261,id19,603.5,325.0,vial6,36,29.970125577344668
262,id19,603.0,324.0,vial6,36,29.970125577344668
263,id19,604.0,324.0,vial6,36,29.970125577344668
264,id19,608.0,339.5,vial6,36,29.970125577344668
286,id19,624.5,337.5,vial6,36,29.970125577344668
287,id19,623.0,340.5,vial6,36,29.970125577344668
288,id19,635.5,341.5,vial6,36,29.970125577344668
289,id19,640.0,342.0,vial6,36,29.970125577344668
290,id19,636.5,343.0,vial6,36,29.970125577344668
291,id19,636.0,342.5,vial6,36,29.970125577344668
292,id19,637.5,342.0,vial6,36,29.970125577344668
293,id19,637.0,342.5,vial6,36,29.970125577344668
294,id19,637.0,342.5,vial6,36,29.970125577344668
295,id19,637.0,342.5,vial6,36,29.970125577344668
296,id19,637.0,342.0,vial6,36,29.970125577344668
297,id19,638.0,342.0,vial6,36,29.970125577344668
298,id19,638.0,342.0,vial6,36,29.970125577344668
299,id19,638.0,342.5,vial6,36,29.970125577344668
300,id19,637.5,342.0,vial6,36,29.970125577344668
301,id19,637.0,342.0,vial6,36,29.970125577344668
302,id19,635.5,342.0,vial6,36,29.970125577344668
303,id19,634.5,342.0,vial6,36,29.970125577344668
304,id19,633.0,341.5,vial6,36,29.970125577344668
305,id19,630.0,341.0,vial6,36,29.970125577344668
306,id19,629.0,341.5,vial6,36,29.970125577344668
307,id19,627.5,341.0,vial6,36,29.970125577344668
308,id19,625.5,341.0,vial6,36,29.970125577344668
309,id19,624.5,340.5,vial6,36,29.970125577344668
310,id19,623.5,340.5,vial6,36,29.970125577344668
311,id19,621.5,340.5,vial6,36,29.970125577344668
312,id19,619.5,340.5,vial6,36,29.970125577344668
313,id19,618.0,340.5,vial6,36,29.970125577344668
314,id19,618.0,340.5,vial6,36,29.970125577344668
315,id19,617.5,341.5,vial6,36,29.970125577344668
316,id19,617.5,340.5,vial6,36,29.970125577344668
317,id19,617.5,340.0,vial6,36,29.970125577344668
318,id19,618.0,340.0,vial6,36,29.970125577344668
319,id19,618.0,340.5,vial6,36,29.970125577344668
320,id19,617.5,340.5,vial6,36,29.970125577344668
321,id19,617.5,340.0,vial6,36,29.970125577344668
322,id19,617.0,339.5,vial6,36,29.970125577344668
323,id19,616.5,339.5,vial6,36,29.970125577344668
324,id19,616.0,339.5,vial6,36,29.970125577344668
325,id19,616.0,339.0,vial6,36,29.970125577344668
326,id19,615.0,339.0,vial6,36,29.970125577344668
327,id19,615.0,338.5,vial6,36,29.970125577344668
328,id19,615.0,338.5,vial6,36,29.970125577344668
329,id19,614.5,338.5,vial6,36,29.970125577344668
330,id19,614.0,338.5,vial6,36,29.970125577344668
331,id19,612.0,338.5,vial6,36,29.970125577344668
332,id19,611.0,338.5,vial6,36,29.970125577344668
333,id19,611.0,338.5,vial6,36,29.970125577344668
341,id19,616.0,338.5,vial6,36,29.970125577344668
342,id19,617.5,337.5,vial6,36,29.970125577344668
0,id2,245.5,312.5,vial3,16,29.970125577344668
1,id2,246.0,310.0,vial3,16,29.970125577344668
2,id2,244.5,307.0,vial3,16,29.970125577344668
3,id2,245.0,304.5,vial3,16,29.970125577344668
4,id2,245.5,304.0,vial3,16,29.970125577344668
5,id2,244.0,304.5,vial3,16,29.970125577344668
6,id2,244.5,308.5,vial3,16,29.970125577344668
7,id2,246.0,308.5,vial3,16,29.970125577344668
8,id2,248.0,309.5,vial3,16,29.970125577344668
9,id2,245.5,312.5,vial3,16,29.970125577344668
10,id2,245.0,311.5,vial3,16,29.970125577344668
11,id2,244.5,309.5,vial3,16,29.970125577344668
12,id2,244.5,307.0,vial3,16,29.970125577344668
13,id2,244.5,304.0,vial3,16,29.970125577344668
14,id2,244.5,301.0,vial3,16,29.970125577344668
15,id2,244.5,299.5,vial3,16,29.970125577344668
16,id2,244.0,298.5,vial3,16,29.970125577344668
17,id2,243.5,297.0,vial3,16,29.970125577344668
18,id2,244.0,295.5,vial3,16,29.970125577344668
19,id2,244.5,294.0,vial3,16,29.970125577344668
20,id2,244.5,292.5,vial3,16,29.970125577344668
21,id2,244.0,291.5,vial3,16,29.970125577344668
22,id2,245.5,288.5,vial3,16,29.970125577344668
23,id2,246.0,286.5,vial3,16,29.970125577344668
24,id2,247.5,284.5,vial3,16,29.970125577344668
25,id2,248.0,282.5,vial3,16,29.970125577344668
26,id2,249.0,280.5,vial3,16,29.970125577344668
27,id2,250.5,277.5,vial3,16,29.970125577344668
28,id2,252.0,275.5,vial3,16,29.970125577344668
29,id2,253.5,273.5,vial3,16,29.970125577344668
30,id2,255.0,270.5,vial3,16,29.970125577344668
31,id2,257.0,268.5,vial3,16,29.970125577344668
32,id2,259.0,266.5,vial3,16,29.970125577344668
33,id2,261.5,265.0,vial3,16,29.970125577344668
34,id2,263.0,264.0,vial3,16,29.970125577344668
35,id2,265.0,263.0,vial3,16,29.970125577344668
36,id2,267.0,262.0,vial3,16,29.970125577344668
37,id2,269.0,260.0,vial3,16,29.970125577344668
38,id2,270.0,258.0,vial3,16,29.970125577344668
39,id2,271.0,256.0,vial3,16,29.970125577344668
40,id2,272.0,254.5,vial3,16,29.970125577344668
41,id2,273.5,252.5,vial3,16,29.970125577344668
42,id2,275.5,251.0,vial3,16,29.970125577344668
43,id2,277.5,249.5,vial3,16,29.970125577344668
44,id2,280.5,247.5,vial3,16,29.970125577344668
45,id2,282.5,246.0,vial3,16,29.970125577344668
46,id2,284.5,244.0,vial3,16,29.970125577344668
47,id2,285.5,242.0,vial3,16,29.970125577344668
48,id2,288.0,239.5,vial3,16,29.970125577344668
49,id2,289.5,237.0,vial3,16,29.970125577344668
50,id2,291.0,234.5,vial3,16,29.970125577344668
51,id2,292.5,232.0,vial3,16,29.970125577344668
52,id2,295.0,229.5,vial3,16,29.970125577344668
53,id2,296.5,227.5,vial3,16,29.970125577344668
54,id2,299.0,225.5,vial3,16,29.970125577344668
55,id2,300.5,224.0,vial3,16,29.970125577344668
56,id2,302.5,223.0,vial3,16,29.970125577344668
57,id2,303.0,221.0,vial3,16,29.970125577344668
58,id2,304.0,219.5,vial3,16,29.970125577344668
59,id2,304.5,218.0,vial3,16,29.970125577344668
60,id2,305.0,216.5,vial3,16,29.970125577344668
62,id2,263.0,337.0,vial3,16,29.970125577344668
63,id2,261.5,336.0,vial3,16,29.970125577344668
64,id2,261.5,335.5,vial3,16,29.970125577344668
65,id2,261.5,333.0,vial3,16,29.970125577344668
66,id2,261.5,331.0,vial3,16,29.970125577344668
67,id2,261.5,329.0,vial3,16,29.970125577344668
68,id2,261.5,326.5,vial3,16,29.970125577344668
69,id2,261.5,324.0,vial3,16,29.970125577344668
70,id2,260.5,322.5,vial3,16,29.970125577344668
71,id2,260.5,321.0,vial3,16,29.970125577344668
72,id2,260.5,319.0,vial3,16,29.970125577344668
73,id2,260.0,317.5,vial3,16,29.970125577344668
74,id2,259.5,315.5,vial3,16,29.970125577344668
75,id2,259.5,314.5,vial3,16,29.970125577344668
76,id2,259.5,313.5,vial3,16,29.970125577344668
77,id2,259.5,313.5,vial3,16,29.970125577344668
78,id2,259.5,313.0,vial3,16,29.970125577344668
79,id2,258.5,312.5,vial3,16,29.970125577344668
80,id2,258.5,312.0,vial3,16,29.970125577344668
81,id2,258.5,312.0,vial3,16,29.970125577344668
82,id2,258.5,312.5,vial3,16,29.970125577344668
83,id2,258.5,312.5,vial3,16,29.970125577344668
84,id2,258.5,312.5,vial3,16,29.970125577344668
85,id2,258.5,312.5,vial3,16,29.970125577344668
86,id2,258.5,312.5,vial3,16,29.970125577344668
87,id2,258.5,312.5,vial3,16,29.970125577344668
88,id2,258.5,312.5,vial3,16,29.970125577344668
89,id2,258.5,312.5,vial3,16,29.970125577344668
90,id2,258.5,312.5,vial3,16,29.970125577344668
91,id2,258.5,312.5,vial3,16,29.970125577344668
92,id2,258.5,312.0,vial3,16,29.970125577344668
93,id2,258.5,312.0,vial3,16,29.970125577344668
94,id2,258.5,312.0,vial3,16,29.970125577344668
95,id2,258.5,312.0,vial3,16,29.970125577344668
96,id2,258.5,312.0,vial3,16,29.970125577344668
97,id2,258.5,312.0,vial3,16,29.970125577344668
98,id2,258.5,312.0,vial3,16,29.970125577344668
99,id2,258.5,312.0,vial3,16,29.970125577344668
100,id2,258.5,312.0,vial3,16,29.970125577344668
101,id2,258.5,312.0,vial3,16,29.970125577344668
102,id2,258.5,312.0,vial3,16,29.970125577344668
103,id2,258.5,312.0,vial3,16,29.970125577344668
104,id2,258.5,312.0,vial3,16,29.970125577344668
105,id2,258.5,312.0,vial3,16,29.970125577344668
106,id2,258.5,312.0,vial3,16,29.970125577344668
107,id2,258.5,312.0,vial3,16,29.970125577344668
108,id2,258.5,312.0,vial3,16,29.970125577344668
109,id2,258.5,312.0,vial3,16,29.970125577344668
110,id2,258.5,312.0,vial3,16,29.970125577344668
111,id2,258.5,312.0,vial3,16,29.970125577344668
112,id2,258.5,312.0,vial3,16,29.970125577344668
113,id2,258.5,312.0,vial3,16,29.970125577344668
114,id2,258.5,312.0,vial3,16,29.970125577344668
115,id2,258.5,312.0,vial3,16,29.970125577344668
116,id2,258.5,312.0,vial3,16,29.970125577344668
117,id2,258.5,312.0,vial3,16,29.970125577344668
118,id2,258.5,312.0,vial3,16,29.970125577344668
119,id2,258.5,312.0,vial3,16,29.970125577344668
120,id2,258.5,312.0,vial3,16,29.970125577344668
121,id2,258.5,312.0,vial3,16,29.970125577344668
122,id2,258.5,312.0,vial3,16,29.970125577344668
123,id2,258.5,312.0,vial3,16,29.970125577344668
124,id2,258.5,312.0,vial3,16,29.970125577344668
125,id2,258.5,312.0,vial3,16,29.970125577344668
126,id2,258.5,312.0,vial3,16,29.970125577344668
127,id2,258.5,312.0,vial3,16,29.970125577344668
128,id2,258.5,312.0,vial3,16,29.970125577344668
129,id2,258.5,312.0,vial3,16,29.970125577344668
130,id2,258.5,312.0,vial3,16,29.970125577344668
131,id2,258.5,312.0,vial3,16,29.970125577344668
132,id2,258.5,312.0,vial3,16,29.970125577344668
133,id2,258.5,312.0,vial3,16,29.970125577344668
134,id2,258.5,312.0,vial3,16,29.970125577344668
135,id2,258.5,312.0,vial3,16,29.970125577344668
136,id2,258.5,312.0,vial3,16,29.970125577344668
137,id2,258.5,312.0,vial3,16,29.970125577344668
138,id2,258.5,312.0,vial3,16,29.970125577344668
139,id2,258.5,312.0,vial3,16,29.970125577344668
140,id2,258.5,312.0,vial3,16,29.970125577344668
141,id2,258.5,312.0,vial3,16,29.970125577344668
142,id2,258.5,312.0,vial3,16,29.970125577344668
143,id2,258.5,312.0,vial3,16,29.970125577344668
144,id2,258.0,311.5,vial3,16,29.970125577344668
145,id2,257.5,311.5,vial3,16,29.970125577344668
146,id2,257.5,311.5,vial3,16,29.970125577344668
147,id2,257.5,311.0,vial3,16,29.970125577344668
148,id2,257.5,311.0,vial3,16,29.970125577344668
149,id2,257.5,311.0,vial3,16,29.970125577344668
150,id2,257.5,310.5,vial3,16,29.970125577344668
151,id2,257.5,310.5,vial3,16,29.970125577344668
152,id2,257.5,310.5,vial3,16,29.970125577344668
153,id2,257.5,311.0,vial3,16,29.970125577344668
154,id2,257.5,311.0,vial3,16,29.970125577344668
155,id2,257.5,311.5,vial3,16,29.970125577344668
156,id2,257.5,311.5,vial3,16,29.970125577344668
157,id2,257.5,311.5,vial3,16,29.970125577344668
158,id2,257.5,311.5,vial3,16,29.970125577344668
159,id2,257.5,311.5,vial3,16,29.970125577344668
160,id2,257.5,311.5,vial3,16,29.970125577344668
161,id2,257.5,311.5,vial3,16,29.970125577344668
162,id2,257.5,311.5,vial3,16,29.970125577344668
163,id2,257.5,311.5,vial3,16,29.970125577344668
164,id2,257.5,311.5,vial3,16,29.970125577344668
165,id2,257.5,311.5,vial3,16,29.970125577344668
166,id2,257.5,311.5,vial3,16,29.970125577344668
167,id2,257.5,311.5,vial3,16,29.970125577344668
168,id2,257.5,311.5,vial3,16,29.970125577344668
169,id2,257.5,311.5,vial3,16,29.970125577344668
170,id2,257.5,311.5,vial3,16,29.970125577344668
171,id2,257.5,311.5,vial3,16,29.970125577344668
172,id2,257.5,311.5,vial3,16,29.970125577344668
173,id2,257.5,311.5,vial3,16,29.970125577344668
174,id2,257.5,311.5,vial3,16,29.970125577344668
175,id2,257.5,311.5,vial3,16,29.970125577344668
176,id2,257.5,311.5,vial3,16,29.970125577344668
177,id2,257.5,311.5,vial3,16,29.970125577344668
178,id2,257.5,311.5,vial3,16,29.970125577344668
179,id2,257.5,311.5,vial3,16,29.970125577344668
180,id2,257.5,311.5,vial3,16,29.970125577344668
181,id2,257.5,311.5,vial3,16,29.970125577344668
182,id2,257.5,311.5,vial3,16,29.970125577344668
183,id2,257.5,311.5,vial3,16,29.970125577344668
184,id2,257.5,311.5,vial3,16,29.970125577344668
185,id2,257.5,311.5,vial3,16,29.970125577344668
186,id2,257.5,311.5,vial3,16,29.970125577344668
187,id2,257.5,311.5,vial3,16,29.970125577344668
188,id2,257.5,311.5,vial3,16,29.970125577344668
189,id2,257.5,311.5,vial3,16,29.970125577344668
190,id2,257.5,311.5,vial3,16,29.970125577344668
191,id2,257.5,311.5,vial3,16,29.970125577344668
192,id2,257.5,311.5,vial3,16,29.970125577344668
193,id2,257.5,311.5,vial3,16,29.970125577344668
194,id2,257.5,311.5,vial3,16,29.970125577344668
195,id2,257.5,311.5,vial3,16,29.970125577344668
196,id2,257.5,310.5,vial3,16,29.970125577344668
197,id2,257.5,309.5,vial3,16,29.970125577344668
198,id2,257.5,308.5,vial3,16,29.970125577344668
199,id2,257.5,307.5,vial3,16,29.970125577344668
200,id2,257.5,305.5,vial3,16,29.970125577344668
201,id2,257.5,304.0,vial3,16,29.970125577344668
202,id2,258.5,302.5,vial3,16,29.970125577344668
203,id2,259.0,300.5,vial3,16,29.970125577344668
204,id2,259.5,299.5,vial3,16,29.970125577344668
205,id2,260.5,297.5,vial3,16,29.970125577344668
206,id2,260.5,296.5,vial3,16,29.970125577344668
207,id2,261.5,294.5,vial3,16,29.970125577344668
208,id2,262.0,292.5,vial3,16,29.970125577344668
209,id2,263.0,290.5,vial3,16,29.970125577344668
210,id2,264.0,287.5,vial3,16,29.970125577344668
211,id2,265.0,285.5,vial3,16,29.970125577344668
212,id2,266.0,283.5,vial3,16,29.970125577344668
213,id2,266.5,282.0,vial3,16,29.970125577344668
214,id2,266.5,280.5,vial3,16,29.970125577344668
215,id2,267.0,279.5,vial3,16,29.970125577344668
216,id2,267.5,277.5,vial3,16,29.970125577344668
217,id2,267.5,275.5,vial3,16,29.970125577344668
218,id2,268.5,273.5,vial3,16,29.970125577344668
219,id2,268.5,272.0,vial3,16,29.970125577344668
220,id2,269.5,270.5,vial3,16,29.970125577344668
221,id2,269.5,269.0,vial3,16,29.970125577344668
222,id2,270.0,267.5,vial3,16,29.970125577344668
223,id2,270.5,266.5,vial3,16,29.970125577344668
224,id2,270.5,265.5,vial3,16,29.970125577344668
225,id2,270.5,264.5,vial3,16,29.970125577344668
226,id2,269.5,264.0,vial3,16,29.970125577344668
227,id2,269.5,264.0,vial3,16,29.970125577344668
228,id2,269.5,263.5,vial3,16,29.970125577344668
229,id2,269.5,262.5,vial3,16,29.970125577344668
230,id2,269.5,262.0,vial3,16,29.970125577344668
231,id2,269.5,261.5,vial3,16,29.970125577344668
232,id2,269.5,261.0,vial3,16,29.970125577344668
233,id2,269.5,260.0,vial3,16,29.970125577344668
234,id2,269.5,259.5,vial3,16,29.970125577344668
235,id2,269.5,259.5,vial3,16,29.970125577344668
236,id2,268.5,258.5,vial3,16,29.970125577344668
237,id2,268.5,258.5,vial3,16,29.970125577344668
238,id2,268.5,258.5,vial3,16,29.970125577344668
239,id2,268.5,258.5,vial3,16,29.970125577344668
240,id2,269.0,258.0,vial3,16,29.970125577344668
241,id2,269.0,257.5,vial3,16,29.970125577344668
242,id2,268.5,257.5,vial3,16,29.970125577344668
243,id2,268.5,258.0,vial3,16,29.970125577344668
244,id2,268.5,258.0,vial3,16,29.970125577344668
245,id2,268.5,258.0,vial3,16,29.970125577344668
246,id2,268.5,258.0,vial3,16,29.970125577344668
247,id2,268.5,258.0,vial3,16,29.970125577344668
248,id2,268.5,258.0,vial3,16,29.970125577344668
249,id2,268.5,258.0,vial3,16,29.970125577344668
250,id2,268.5,258.0,vial3,16,29.970125577344668
251,id2,268.5,258.0,vial3,16,29.970125577344668
252,id2,268.5,258.0,vial3,16,29.970125577344668
253,id2,268.5,258.0,vial3,16,29.970125577344668
254,id2,268.5,258.0,vial3,16,29.970125577344668
255,id2,268.5,258.0,vial3,16,29.970125577344668
256,id2,268.5,258.5,vial3,16,29.970125577344668
257,id2,268.5,258.5,vial3,16,29.970125577344668
258,id2,268.5,258.5,vial3,16,29.970125577344668
259,id2,268.5,258.5,vial3,16,29.970125577344668
260,id2,268.5,258.5,vial3,16,29.970125577344668
261,id2,268.5,258.5,vial3,16,29.970125577344668
262,id2,268.5,258.0,vial3,16,29.970125577344668
263,id2,268.5,258.0,vial3,16,29.970125577344668
264,id2,268.5,258.5,vial3,16,29.970125577344668
265,id2,268.5,258.5,vial3,16,29.970125577344668
266,id2,268.5,258.5,vial3,16,29.970125577344668
267,id2,268.5,258.5,vial3,16,29.970125577344668
268,id2,268.5,258.5,vial3,16,29.970125577344668
269,id2,268.5,258.5,vial3,16,29.970125577344668
270,id2,268.5,258.5,vial3,16,29.970125577344668
271,id2,268.5,258.5,vial3,16,29.970125577344668
272,id2,268.5,258.5,vial3,16,29.970125577344668
273,id2,268.5,258.5,vial3,16,29.970125577344668
274,id2,268.5,258.5,vial3,16,29.970125577344668
275,id2,268.5,258.5,vial3,16,29.970125577344668
276,id2,268.5,258.5,vial3,16,29.970125577344668
277,id2,268.5,258.5,vial3,16,29.970125577344668
278,id2,268.5,258.5,vial3,16,29.970125577344668
279,id2,268.5,258.5,vial3,16,29.970125577344668
280,id2,268.5,258.5,vial3,16,29.970125577344668
281,id2,268.5,258.5,vial3,16,29.970125577344668
282,id2,268.5,258.5,vial3,16,29.970125577344668
283,id2,268.5,258.5,vial3,16,29.970125577344668
284,id2,268.5,258.5,vial3,16,29.970125577344668
285,id2,268.5,258.5,vial3,16,29.970125577344668
286,id2,268.5,258.5,vial3,16,29.970125577344668
287,id2,268.5,258.5,vial3,16,29.970125577344668
288,id2,268.5,258.5,vial3,16,29.970125577344668
289,id2,268.5,258.0,vial3,16,29.970125577344668
290,id2,268.5,258.5,vial3,16,29.970125577344668
291,id2,268.5,258.5,vial3,16,29.970125577344668
292,id2,268.5,258.5,vial3,16,29.970125577344668
293,id2,268.5,258.5,vial3,16,29.970125577344668
294,id2,268.5,258.5,vial3,16,29.970125577344668
295,id2,268.5,258.5,vial3,16,29.970125577344668
296,id2,268.5,258.5,vial3,16,29.970125577344668
297,id2,268.5,258.5,vial3,16,29.970125577344668
298,id2,268.5,258.5,vial3,16,29.970125577344668
299,id2,268.5,258.5,vial3,16,29.970125577344668
300,id2,268.5,258.5,vial3,16,29.970125577344668
301,id2,268.5,258.5,vial3,16,29.970125577344668
302,id2,268.5,258.5,vial3,16,29.970125577344668
303,id2,268.5,258.5,vial3,16,29.970125577344668
304,id2,268.5,258.5,vial3,16,29.970125577344668
305,id2,268.5,258.5,vial3,16,29.970125577344668
306,id2,268.5,258.5,vial3,16,29.970125577344668
307,id2,268.5,258.5,vial3,16,29.970125577344668
308,id2,268.5,258.5,vial3,16,29.970125577344668
309,id2,268.5,258.5,vial3,16,29.970125577344668
310,id2,268.5,258.5,vial3,16,29.970125577344668
311,id2,268.5,258.5,vial3,16,29.970125577344668
312,id2,268.5,258.0,vial3,16,29.970125577344668
313,id2,268.5,258.0,vial3,16,29.970125577344668
314,id2,268.5,258.0,vial3,16,29.970125577344668
315,id2,268.5,258.0,vial3,16,29.970125577344668
316,id2,268.5,258.0,vial3,16,29.970125577344668
317,id2,268.5,258.0,vial3,16,29.970125577344668
318,id2,268.5,258.0,vial3,16,29.970125577344668
319,id2,268.5,258.0,vial3,16,29.970125577344668
320,id2,268.5,258.0,vial3,16,29.970125577344668
321,id2,268.5,258.0,vial3,16,29.970125577344668
322,id2,268.5,258.0,vial3,16,29.970125577344668
323,id2,268.5,258.0,vial3,16,29.970125577344668
324,id2,268.5,258.0,vial3,16,29.970125577344668
325,id2,268.5,258.0,vial3,16,29.970125577344668
326,id2,268.5,258.0,vial3,16,29.970125577344668
327,id2,268.5,258.0,vial3,16,29.970125577344668
328,id2,268.0,258.0,vial3,16,29.970125577344668
329,id2,268.5,258.0,vial3,16,29.970125577344668
330,id2,268.5,258.0,vial3,16,29.970125577344668
331,id2,268.5,258.0,vial3,16,29.970125577344668
332,id2,268.5,258.0,vial3,16,29.970125577344668
333,id2,268.5,258.0,vial3,16,29.970125577344668
334,id2,268.5,258.0,vial3,16,29.970125577344668
335,id2,268.5,258.0,vial3,16,29.970125577344668
336,id2,268.5,258.0,vial3,16,29.970125577344668
337,id2,268.5,258.0,vial3,16,29.970125577344668
338,id2,268.5,258.0,vial3,16,29.970125577344668
339,id2,268.5,258.0,vial3,16,29.970125577344668
340,id2,268.5,258.0,vial3,16,29.970125577344668
341,id2,268.5,258.0,vial3,16,29.970125577344668
342,id2,268.5,258.0,vial3,16,29.970125577344668
0,id20,543.5,337.5,vial5,30,29.970125577344668
1,id20,544.5,339.0,vial5,30,29.970125577344668
2,id20,542.5,338.5,vial5,30,29.970125577344668
3,id20,540.0,338.0,vial5,30,29.970125577344668
4,id20,540.0,338.5,vial5,30,29.970125577344668
5,id20,539.5,338.5,vial5,30,29.970125577344668
6,id20,540.0,338.5,vial5,30,29.970125577344668
7,id20,539.5,338.5,vial5,30,29.970125577344668
8,id20,539.5,339.0,vial5,30,29.970125577344668
9,id20,539.5,338.5,vial5,30,29.970125577344668
10,id20,539.5,338.5,vial5,30,29.970125577344668
11,id20,539.0,338.5,vial5,30,29.970125577344668
12,id20,517.0,305.0,vial5,30,29.970125577344668
13,id20,503.5,276.0,vial5,30,29.970125577344668
14,id20,491.5,258.5,vial5,30,29.970125577344668
15,id20,494.5,258.0,vial5,30,29.970125577344668
16,id20,493.5,268.5,vial5,30,29.970125577344668
17,id20,495.0,279.5,vial5,30,29.970125577344668
18,id20,495.5,296.5,vial5,30,29.970125577344668
19,id20,494.0,300.5,vial5,30,29.970125577344668
20,id20,494.5,297.5,vial5,30,29.970125577344668
21,id20,494.5,297.5,vial5,30,29.970125577344668
22,id20,494.5,295.5,vial5,30,29.970125577344668
23,id20,495.5,293.0,vial5,30,29.970125577344668
24,id20,496.5,291.0,vial5,30,29.970125577344668
25,id20,497.5,288.5,vial5,30,29.970125577344668
26,id20,498.5,286.5,vial5,30,29.970125577344668
27,id20,500.0,285.0,vial5,30,29.970125577344668
28,id20,502.0,284.0,vial5,30,29.970125577344668
29,id20,503.5,282.0,vial5,30,29.970125577344668
30,id20,505.5,281.0,vial5,30,29.970125577344668
31,id20,507.5,279.5,vial5,30,29.970125577344668
32,id20,509.5,278.0,vial5,30,29.970125577344668
33,id20,512.5,276.5,vial5,30,29.970125577344668
34,id20,515.5,275.5,vial5,30,29.970125577344668
35,id20,518.0,274.5,vial5,30,29.970125577344668
36,id20,519.5,273.5,vial5,30,29.970125577344668
37,id20,522.0,272.5,vial5,30,29.970125577344668
38,id20,524.0,271.5,vial5,30,29.970125577344668
39,id20,526.5,271.0,vial5,30,29.970125577344668
40,id20,529.0,271.0,vial5,30,29.970125577344668
41,id20,531.0,272.0,vial5,30,29.970125577344668
42,id20,533.0,272.0,vial5,30,29.970125577344668
43,id20,535.5,273.0,vial5,30,29.970125577344668
44,id20,537.5,273.0,vial5,30,29.970125577344668
45,id20,540.0,274.5,vial5,30,29.970125577344668
46,id20,541.0,275.5,vial5,30,29.970125577344668
47,id20,542.0,277.0,vial5,30,29.970125577344668
48,id20,542.5,278.5,vial5,30,29.970125577344668
49,id20,543.5,280.0,vial5,30,29.970125577344668
50,id20,544.5,281.0,vial5,30,29.970125577344668
51,id20,545.5,281.5,vial5,30,29.970125577344668
52,id20,546.5,281.5,vial5,30,29.970125577344668
53,id20,547.5,279.5,vial5,30,29.970125577344668
54,id20,547.5,278.0,vial5,30,29.970125577344668
55,id20,548.0,276.5,vial5,30,29.970125577344668
56,id20,548.5,274.5,vial5,30,29.970125577344668
57,id20,549.5,271.5,vial5,30,29.970125577344668
58,id20,549.5,269.0,vial5,30,29.970125577344668
59,id20,550.0,266.5,vial5,30,29.970125577344668
60,id20,550.0,264.5,vial5,30,29.970125577344668
61,id20,550.0,261.5,vial5,30,29.970125577344668
62,id20,550.0,259.0,vial5,30,29.970125577344668
63,id20,549.5,256.5,vial5,30,29.970125577344668
64,id20,549.5,254.0,vial5,30,29.970125577344668
65,id20,548.5,251.0,vial5,30,29.970125577344668
66,id20,548.0,249.0,vial5,30,29.970125577344668
67,id20,548.0,246.0,vial5,30,29.970125577344668
68,id20,547.5,244.0,vial5,30,29.970125577344668
69,id20,546.5,240.5,vial5,30,29.970125577344668
70,id20,546.0,238.0,vial5,30,29.970125577344668
71,id20,545.5,237.0,vial5,30,29.970125577344668
72,id20,545.0,234.0,vial5,30,29.970125577344668
73,id20,544.0,232.0,vial5,30,29.970125577344668
74,id20,543.5,229.0,vial5,30,29.970125577344668
75,id20,542.0,227.0,vial5,30,29.970125577344668
76,id20,542.0,224.5,vial5,30,29.970125577344668
77,id20,541.0,222.0,vial5,30,29.970125577344668
78,id20,540.5,219.0,vial5,30,29.970125577344668
79,id20,539.5,216.0,vial5,30,29.970125577344668
80,id20,538.5,214.5,vial5,30,29.970125577344668
81,id20,538.0,212.5,vial5,30,29.970125577344668
82,id20,537.0,210.0,vial5,30,29.970125577344668
83,id20,536.0,208.0,vial5,30,29.970125577344668
84,id20,535.0,205.5,vial5,30,29.970125577344668
85,id20,534.0,203.5,vial5,30,29.970125577344668
86,id20,532.5,201.0,vial5,30,29.970125577344668
87,id20,531.0,199.0,vial5,30,29.970125577344668
88,id20,529.5,196.5,vial5,30,29.970125577344668
89,id20,528.0,194.5,vial5,30,29.970125577344668
90,id20,527.0,193.5,vial5,30,29.970125577344668
91,id20,525.5,191.5,vial5,30,29.970125577344668
92,id20,524.0,191.5,vial5,30,29.970125577344668
93,id20,522.0,191.0,vial5,30,29.970125577344668
94,id20,521.0,191.0,vial5,30,29.970125577344668
95,id20,520.0,190.5,vial5,30,29.970125577344668
96,id20,519.5,189.0,vial5,30,29.970125577344668
97,id20,520.5,187.0,vial5,30,29.970125577344668
98,id20,520.5,184.5,vial5,30,29.970125577344668
99,id20,522.0,181.0,vial5,30,29.970125577344668
100,id20,523.0,179.0,vial5,30,29.970125577344668
101,id20,523.5,177.0,vial5,30,29.970125577344668
102,id20,524.5,175.5,vial5,30,29.970125577344668
103,id20,526.0,173.5,vial5,30,29.970125577344668
104,id20,528.0,172.0,vial5,30,29.970125577344668
105,id20,530.5,171.0,vial5,30,29.970125577344668
106,id20,533.0,170.0,vial5,30,29.970125577344668
107,id20,535.0,169.0,vial5,30,29.970125577344668
108,id20,537.0,167.5,vial5,30,29.970125577344668
109,id20,538.0,167.5,vial5,30,29.970125577344668
110,id20,539.5,166.5,vial5,30,29.970125577344668
111,id20,540.0,165.5,vial5,30,29.970125577344668
112,id20,540.0,165.0,vial5,30,29.970125577344668
113,id20,540.5,165.0,vial5,30,29.970125577344668
114,id20,540.0,164.0,vial5,30,29.970125577344668
115,id20,539.5,164.0,vial5,30,29.970125577344668
116,id20,539.5,164.0,vial5,30,29.970125577344668
117,id20,539.5,162.5,vial5,30,29.970125577344668
118,id20,540.0,160.0,vial5,30,29.970125577344668
119,id20,539.0,158.0,vial5,30,29.970125577344668
120,id20,539.0,155.5,vial5,30,29.970125577344668
121,id20,538.5,152.0,vial5,30,29.970125577344668
122,id20,538.0,148.5,vial5,30,29.970125577344668
123,id20,537.5,145.0,vial5,30,29.970125577344668
124,id20,537.0,141.5,vial5,30,29.970125577344668
125,id20,536.0,138.0,vial5,30,29.970125577344668
126,id20,535.5,135.0,vial5,30,29.970125577344668
127,id20,534.5,132.0,vial5,30,29.970125577344668
128,id20,534.5,129.0,vial5,30,29.970125577344668
129,id20,534.0,126.0,vial5,30,29.970125577344668
130,id20,534.0,123.0,vial5,30,29.970125577344668
131,id20,533.5,120.0,vial5,30,29.970125577344668
132,id20,533.5,116.0,vial5,30,29.970125577344668
133,id20,533.0,114.0,vial5,30,29.970125577344668
134,id20,533.0,110.5,vial5,30,29.970125577344668
135,id20,533.5,108.0,vial5,30,29.970125577344668
136,id20,533.5,105.0,vial5,30,29.970125577344668
137,id20,534.0,102.5,vial5,30,29.970125577344668
138,id20,534.5,100.0,vial5,30,29.970125577344668
139,id20,535.5,98.0,vial5,30,29.970125577344668
140,id20,535.5,95.0,vial5,30,29.970125577344668
141,id20,536.5,93.0,vial5,30,29.970125577344668
142,id20,536.5,91.0,vial5,30,29.970125577344668
143,id20,536.5,89.5,vial5,30,29.970125577344668
144,id20,536.5,88.0,vial5,30,29.970125577344668
145,id20,535.5,85.5,vial5,30,29.970125577344668
146,id20,534.5,83.0,vial5,30,29.970125577344668
147,id20,533.5,82.0,vial5,30,29.970125577344668
148,id20,532.5,79.0,vial5,30,29.970125577344668
149,id20,531.0,77.0,vial5,30,29.970125577344668
150,id20,530.0,74.5,vial5,30,29.970125577344668
151,id20,528.0,72.5,vial5,30,29.970125577344668
152,id20,527.0,70.5,vial5,30,29.970125577344668
153,id20,525.5,69.0,vial5,30,29.970125577344668
154,id20,524.0,67.5,vial5,30,29.970125577344668
155,id20,523.0,65.5,vial5,30,29.970125577344668
156,id20,522.0,64.5,vial5,30,29.970125577344668
157,id20,521.5,63.5,vial5,30,29.970125577344668
158,id20,521.5,62.5,vial5,30,29.970125577344668
159,id20,521.0,62.5,vial5,30,29.970125577344668
160,id20,521.5,62.5,vial5,30,29.970125577344668
161,id20,521.5,62.5,vial5,30,29.970125577344668
162,id20,521.0,62.5,vial5,30,29.970125577344668
163,id20,521.0,62.5,vial5,30,29.970125577344668
164,id20,521.0,62.5,vial5,30,29.970125577344668
165,id20,512.5,54.0,vial5,30,29.970125577344668
166,id20,496.5,32.5,vial5,30,29.970125577344668
167,id20,491.5,18.0,vial5,30,29.970125577344668
168,id20,489.5,20.0,vial5,30,29.970125577344668
169,id20,490.0,30.0,vial5,30,29.970125577344668
170,id20,486.5,35.5,vial5,30,29.970125577344668
171,id20,486.5,34.5,vial5,30,29.970125577344668
172,id20,487.5,32.5,vial5,30,29.970125577344668
173,id20,488.5,31.5,vial5,30,29.970125577344668
174,id20,488.5,31.0,vial5,30,29.970125577344668
175,id20,488.5,30.5,vial5,30,29.970125577344668
176,id20,489.5,30.5,vial5,30,29.970125577344668
177,id20,490.0,30.5,vial5,30,29.970125577344668
178,id20,491.0,30.5,vial5,30,29.970125577344668
179,id20,492.0,30.0,vial5,30,29.970125577344668
180,id20,493.5,31.5,vial5,30,29.970125577344668
181,id20,494.5,33.0,vial5,30,29.970125577344668
182,id20,495.5,34.5,vial5,30,29.970125577344668
183,id20,497.5,36.0,vial5,30,29.970125577344668
184,id20,498.5,37.5,vial5,30,29.970125577344668
185,id20,500.5,38.5,vial5,30,29.970125577344668
186,id20,501.5,40.0,vial5,30,29.970125577344668
187,id20,502.0,43.0,vial5,30,29.970125577344668
188,id20,502.0,45.0,vial5,30,29.970125577344668
189,id20,501.5,47.0,vial5,30,29.970125577344668
190,id20,501.5,49.0,vial5,30,29.970125577344668
191,id20,502.0,51.5,vial5,30,29.970125577344668
192,id20,502.5,54.0,vial5,30,29.970125577344668
193,id20,503.5,56.0,vial5,30,29.970125577344668
194,id20,504.5,58.0,vial5,30,29.970125577344668
195,id20,505.5,59.0,vial5,30,29.970125577344668
196,id20,507.0,59.0,vial5,30,29.970125577344668
197,id20,509.0,58.0,vial5,30,29.970125577344668
198,id20,510.0,57.5,vial5,30,29.970125577344668
199,id20,511.5,56.0,vial5,30,29.970125577344668
200,id20,512.5,54.0,vial5,30,29.970125577344668
201,id20,514.0,51.5,vial5,30,29.970125577344668
202,id20,516.0,49.5,vial5,30,29.970125577344668
203,id20,518.0,47.0,vial5,30,29.970125577344668
204,id20,519.5,45.0,vial5,30,29.970125577344668
205,id20,521.0,43.5,vial5,30,29.970125577344668
206,id20,523.0,40.5,vial5,30,29.970125577344668
207,id20,525.0,39.0,vial5,30,29.970125577344668
208,id20,527.0,36.5,vial5,30,29.970125577344668
209,id20,528.5,34.5,vial5,30,29.970125577344668
210,id20,530.0,31.5,vial5,30,29.970125577344668
211,id20,532.0,30.5,vial5,30,29.970125577344668
212,id20,533.5,28.0,vial5,30,29.970125577344668
213,id20,536.5,26.0,vial5,30,29.970125577344668
214,id20,538.5,24.5,vial5,30,29.970125577344668
215,id20,540.0,23.0,vial5,30,29.970125577344668
216,id20,542.0,21.5,vial5,30,29.970125577344668
217,id20,543.5,21.0,vial5,30,29.970125577344668
218,id20,546.5,23.0,vial5,30,29.970125577344668
219,id20,547.0,22.0,vial5,30,29.970125577344668
220,id20,547.0,21.5,vial5,30,29.970125577344668
221,id20,546.5,21.0,vial5,30,29.970125577344668
222,id20,545.5,20.0,vial5,30,29.970125577344668
223,id20,543.5,18.0,vial5,30,29.970125577344668
224,id20,542.5,16.5,vial5,30,29.970125577344668
225,id20,542.0,15.0,vial5,30,29.970125577344668
226,id20,540.5,14.0,vial5,30,29.970125577344668
227,id20,539.5,13.0,vial5,30,29.970125577344668
228,id20,538.0,12.0,vial5,30,29.970125577344668
229,id20,536.5,12.5,vial5,30,29.970125577344668
230,id20,535.0,12.5,vial5,30,29.970125577344668
231,id20,534.0,13.0,vial5,30,29.970125577344668
232,id20,533.0,12.0,vial5,30,29.970125577344668
233,id20,531.0,12.0,vial5,30,29.970125577344668
234,id20,529.5,11.5,vial5,30,29.970125577344668
235,id20,528.0,11.0,vial5,30,29.970125577344668
236,id20,527.0,9.0,vial5,30,29.970125577344668
237,id20,526.0,5.5,vial5,30,29.970125577344668
238,id20,525.5,4.0,vial5,30,29.970125577344668
239,id20,525.5,3.0,vial5,30,29.970125577344668
276,id20,496.0,2.0,vial5,30,29.970125577344668
277,id20,496.0,2.0,vial5,30,29.970125577344668
278,id20,495.5,2.0,vial5,30,29.970125577344668
0,id21,270.0,337.5,vial3,15,29.970125577344668
1,id21,270.0,338.0,vial3,15,29.970125577344668
2,id21,266.0,336.5,vial3,15,29.970125577344668
3,id21,265.0,337.5,vial3,15,29.970125577344668
4,id21,262.0,337.5,vial3,15,29.970125577344668
5,id21,260.0,338.0,vial3,15,29.970125577344668
6,id21,261.0,337.5,vial3,15,29.970125577344668
7,id21,260.0,337.5,vial3,15,29.970125577344668
8,id21,259.5,337.5,vial3,15,29.970125577344668
9,id21,260.5,337.5,vial3,15,29.970125577344668
10,id21,259.5,337.5,vial3,15,29.970125577344668
11,id21,259.5,338.0,vial3,15,29.970125577344668
12,id21,259.5,338.0,vial3,15,29.970125577344668
13,id21,258.5,337.0,vial3,15,29.970125577344668
14,id21,255.0,337.5,vial3,15,29.970125577344668
15,id21,252.0,337.0,vial3,15,29.970125577344668
16,id21,250.0,337.0,vial3,15,29.970125577344668
17,id21,247.5,338.0,vial3,15,29.970125577344668
18,id21,247.0,337.0,vial3,15,29.970125577344668
19,id21,250.5,337.5,vial3,15,29.970125577344668
20,id21,250.5,337.5,vial3,15,29.970125577344668
21,id21,250.0,338.0,vial3,15,29.970125577344668
22,id21,250.0,338.0,vial3,15,29.970125577344668
23,id21,249.5,337.5,vial3,15,29.970125577344668
24,id21,248.0,337.5,vial3,15,29.970125577344668
25,id21,248.0,337.0,vial3,15,29.970125577344668
26,id21,248.0,337.5,vial3,15,29.970125577344668
27,id21,248.0,337.5,vial3,15,29.970125577344668
28,id21,248.0,330.5,vial3,15,29.970125577344668
29,id21,254.5,317.0,vial3,15,29.970125577344668
30,id21,249.0,331.5,vial3,15,29.970125577344668
31,id21,261.5,337.5,vial3,15,29.970125577344668
32,id21,262.0,336.5,vial3,15,29.970125577344668
33,id21,256.5,338.0,vial3,15,29.970125577344668
34,id21,254.5,337.0,vial3,15,29.970125577344668
35,id21,254.0,336.5,vial3,15,29.970125577344668
36,id21,253.5,336.0,vial3,15,29.970125577344668
37,id21,253.5,336.0,vial3,15,29.970125577344668
38,id21,253.5,336.0,vial3,15,29.970125577344668
39,id21,253.0,336.0,vial3,15,29.970125577344668
41,id21,253.5,336.5,vial3,15,29.970125577344668
42,id21,254.0,336.5,vial3,15,29.970125577344668
43,id21,255.0,336.5,vial3,15,29.970125577344668
44,id21,256.0,337.5,vial3,15,29.970125577344668
45,id21,256.5,337.5,vial3,15,29.970125577344668
46,id21,258.0,336.0,vial3,15,29.970125577344668
47,id21,257.5,336.5,vial3,15,29.970125577344668
48,id21,255.5,337.5,vial3,15,29.970125577344668
49,id21,256.0,337.0,vial3,15,29.970125577344668
50,id21,257.0,336.5,vial3,15,29.970125577344668
51,id21,257.0,336.0,vial3,15,29.970125577344668
52,id21,256.0,335.5,vial3,15,29.970125577344668
53,id21,255.0,336.5,vial3,15,29.970125577344668
54,id21,255.5,336.0,vial3,15,29.970125577344668
55,id21,255.0,336.0,vial3,15,29.970125577344668
56,id21,256.0,335.5,vial3,15,29.970125577344668
60,id21,309.0,214.0,vial3,15,29.970125577344668
81,id21,302.0,157.0,vial3,15,29.970125577344668
82,id21,301.5,154.5,vial3,15,29.970125577344668
83,id21,301.0,150.5,vial3,15,29.970125577344668
84,id21,300.0,149.0,vial3,15,29.970125577344668
85,id21,299.5,147.0,vial3,15,29.970125577344668
86,id21,294.0,138.5,vial3,15,29.970125577344668
87,id21,292.0,135.0,vial3,15,29.970125577344668
88,id21,291.0,133.0,vial3,15,29.970125577344668
89,id21,289.5,130.0,vial3,15,29.970125577344668
90,id21,288.5,127.0,vial3,15,29.970125577344668
91,id21,287.5,124.5,vial3,15,29.970125577344668
92,id21,286.5,122.0,vial3,15,29.970125577344668
93,id21,286.5,119.0,vial3,15,29.970125577344668
94,id21,285.5,116.5,vial3,15,29.970125577344668
95,id21,285.5,113.0,vial3,15,29.970125577344668
96,id21,285.5,111.0,vial3,15,29.970125577344668
97,id21,286.0,108.0,vial3,15,29.970125577344668
98,id21,286.5,105.5,vial3,15,29.970125577344668
99,id21,287.5,103.0,vial3,15,29.970125577344668
100,id21,288.5,100.0,vial3,15,29.970125577344668
101,id21,288.5,97.5,vial3,15,29.970125577344668
102,id21,287.0,95.0,vial3,15,29.970125577344668
103,id21,286.0,92.0,vial3,15,29.970125577344668
104,id21,285.5,89.0,vial3,15,29.970125577344668
105,id21,283.5,86.0,vial3,15,29.970125577344668
106,id21,282.5,83.0,vial3,15,29.970125577344668
107,id21,281.0,80.5,vial3,15,29.970125577344668
108,id21,280.0,78.0,vial3,15,29.970125577344668
109,id21,278.0,75.5,vial3,15,29.970125577344668
110,id21,277.5,73.5,vial3,15,29.970125577344668
111,id21,276.0,71.0,vial3,15,29.970125577344668
112,id21,275.0,68.5,vial3,15,29.970125577344668
113,id21,273.5,66.0,vial3,15,29.970125577344668
114,id21,272.5,63.5,vial3,15,29.970125577344668
115,id21,271.0,61.0,vial3,15,29.970125577344668
116,id21,270.0,58.5,vial3,15,29.970125577344668
117,id21,269.0,55.5,vial3,15,29.970125577344668
118,id21,267.0,54.5,vial3,15,29.970125577344668
119,id21,266.0,52.5,vial3,15,29.970125577344668
120,id21,264.5,50.5,vial3,15,29.970125577344668
121,id21,262.5,49.0,vial3,15,29.970125577344668
122,id21,260.5,48.0,vial3,15,29.970125577344668
123,id21,258.5,46.0,vial3,15,29.970125577344668
124,id21,256.5,44.0,vial3,15,29.970125577344668
125,id21,255.5,42.0,vial3,15,29.970125577344668
126,id21,255.5,39.0,vial3,15,29.970125577344668
127,id21,254.5,37.0,vial3,15,29.970125577344668
128,id21,254.5,33.5,vial3,15,29.970125577344668
129,id21,255.0,31.0,vial3,15,29.970125577344668
130,id21,255.5,28.0,vial3,15,29.970125577344668
131,id21,256.0,25.0,vial3,15,29.970125577344668
132,id21,256.5,22.0,vial3,15,29.970125577344668
133,id21,257.5,19.0,vial3,15,29.970125577344668
134,id21,258.5,17.0,vial3,15,29.970125577344668
135,id21,259.5,14.0,vial3,15,29.970125577344668
136,id21,260.5,12.0,vial3,15,29.970125577344668
137,id21,261.5,8.5,vial3,15,29.970125577344668
138,id21,263.5,5.5,vial3,15,29.970125577344668
139,id21,264.0,4.0,vial3,15,29.970125577344668
140,id21,265.5,3.0,vial3,15,29.970125577344668
171,id21,308.5,2.5,vial3,15,29.970125577344668
172,id21,308.5,3.0,vial3,15,29.970125577344668
173,id21,308.5,5.5,vial3,15,29.970125577344668
234,id21,247.5,3.0,vial3,15,29.970125577344668
251,id21,309.5,3.0,vial3,15,29.970125577344668
0,id22,548.0,339.5,vial5,28,29.970125577344668
2,id22,545.5,338.0,vial5,28,29.970125577344668
3,id22,546.5,338.0,vial5,28,29.970125577344668
4,id22,547.0,338.0,vial5,28,29.970125577344668
5,id22,546.0,339.0,vial5,28,29.970125577344668
6,id22,547.0,338.0,vial5,28,29.970125577344668
7,id22,546.0,338.0,vial5,28,29.970125577344668
8,id22,546.0,339.0,vial5,28,29.970125577344668
9,id22,546.0,339.0,vial5,28,29.970125577344668
10,id22,545.5,338.5,vial5,28,29.970125577344668
11,id22,545.0,338.5,vial5,28,29.970125577344668
12,id22,544.5,339.0,vial5,28,29.970125577344668
13,id22,544.5,339.0,vial5,28,29.970125577344668
14,id22,544.0,339.0,vial5,28,29.970125577344668
15,id22,544.5,339.0,vial5,28,29.970125577344668
16,id22,542.5,339.0,vial5,28,29.970125577344668
17,id22,540.0,339.5,vial5,28,29.970125577344668
18,id22,538.0,339.0,vial5,28,29.970125577344668
19,id22,536.5,339.0,vial5,28,29.970125577344668
20,id22,534.5,339.5,vial5,28,29.970125577344668
21,id22,532.5,340.0,vial5,28,29.970125577344668
22,id22,531.0,339.5,vial5,28,29.970125577344668
23,id22,528.5,339.5,vial5,28,29.970125577344668
24,id22,525.5,341.0,vial5,28,29.970125577344668
25,id22,525.0,341.5,vial5,28,29.970125577344668
26,id22,524.5,341.0,vial5,28,29.970125577344668
27,id22,515.0,340.0,vial5,28,29.970125577344668
28,id22,515.5,339.5,vial5,28,29.970125577344668
29,id22,516.0,339.5,vial5,28,29.970125577344668
35,id22,521.0,341.5,vial5,28,29.970125577344668
36,id22,522.0,340.5,vial5,28,29.970125577344668
39,id22,522.0,340.5,vial5,28,29.970125577344668
40,id22,522.5,340.5,vial5,28,29.970125577344668
41,id22,522.5,339.5,vial5,28,29.970125577344668
42,id22,524.0,339.0,vial5,28,29.970125577344668
43,id22,524.0,339.0,vial5,28,29.970125577344668
44,id22,524.0,339.5,vial5,28,29.970125577344668
45,id22,509.0,323.0,vial5,28,29.970125577344668
46,id22,486.5,302.0,vial5,28,29.970125577344668
47,id22,487.5,317.0,vial5,28,29.970125577344668
48,id22,496.0,332.0,vial5,28,29.970125577344668
49,id22,497.5,338.5,vial5,28,29.970125577344668
50,id22,499.5,339.0,vial5,28,29.970125577344668
51,id22,494.5,333.5,vial5,28,29.970125577344668
52,id22,486.0,327.0,vial5,28,29.970125577344668
53,id22,495.5,339.0,vial5,28,29.970125577344668
54,id22,495.0,340.0,vial5,28,29.970125577344668
55,id22,494.0,339.5,vial5,28,29.970125577344668
56,id22,494.0,339.5,vial5,28,29.970125577344668
57,id22,493.5,339.5,vial5,28,29.970125577344668
58,id22,492.5,339.0,vial5,28,29.970125577344668
59,id22,491.0,339.0,vial5,28,29.970125577344668
60,id22,491.0,339.0,vial5,28,29.970125577344668
61,id22,491.0,339.0,vial5,28,29.970125577344668
62,id22,491.0,339.0,vial5,28,29.970125577344668
63,id22,491.0,339.0,vial5,28,29.970125577344668
64,id22,490.5,338.5,vial5,28,29.970125577344668
65,id22,488.5,339.0,vial5,28,29.970125577344668
66,id22,487.5,339.0,vial5,28,29.970125577344668
67,id22,487.0,339.0,vial5,28,29.970125577344668
68,id22,488.0,339.0,vial5,28,29.970125577344668
69,id22,489.0,339.0,vial5,28,29.970125577344668
70,id22,490.0,339.0,vial5,28,29.970125577344668
71,id22,492.0,339.0,vial5,28,29.970125577344668
72,id22,493.0,339.0,vial5,28,29.970125577344668
73,id22,493.5,339.0,vial5,28,29.970125577344668
74,id22,493.5,339.0,vial5,28,29.970125577344668
75,id22,494.0,339.0,vial5,28,29.970125577344668
76,id22,494.0,339.0,vial5,28,29.970125577344668
77,id22,494.0,339.0,vial5,28,29.970125577344668
78,id22,493.5,335.0,vial5,28,29.970125577344668
79,id22,496.5,322.5,vial5,28,29.970125577344668
80,id22,496.5,321.5,vial5,28,29.970125577344668
81,id22,495.0,321.0,vial5,28,29.970125577344668
82,id22,494.0,319.0,vial5,28,29.970125577344668
83,id22,493.0,317.5,vial5,28,29.970125577344668
84,id22,491.5,316.0,vial5,28,29.970125577344668
85,id22,490.0,315.0,vial5,28,29.970125577344668
86,id22,488.0,314.0,vial5,28,29.970125577344668
87,id22,487.5,313.5,vial5,28,29.970125577344668
88,id22,486.5,313.0,vial5,28,29.970125577344668
89,id22,486.0,312.0,vial5,28,29.970125577344668
90,id22,485.5,311.5,vial5,28,29.970125577344668
91,id22,484.5,310.5,vial5,28,29.970125577344668
92,id22,484.5,310.5,vial5,28,29.970125577344668
93,id22,484.5,310.5,vial5,28,29.970125577344668
94,id22,485.5,309.5,vial5,28,29.970125577344668
95,id22,485.5,309.0,vial5,28,29.970125577344668
96,id22,485.5,308.5,vial5,28,29.970125577344668
97,id22,486.0,307.5,vial5,28,29.970125577344668
98,id22,487.5,306.5,vial5,28,29.970125577344668
99,id22,488.0,305.5,vial5,28,29.970125577344668
100,id22,489.5,303.5,vial5,28,29.970125577344668
101,id22,489.5,302.5,vial5,28,29.970125577344668
102,id22,490.5,300.5,vial5,28,29.970125577344668
103,id22,491.5,299.0,vial5,28,29.970125577344668
104,id22,492.0,297.5,vial5,28,29.970125577344668
105,id22,492.5,296.0,vial5,28,29.970125577344668
106,id22,493.5,294.0,vial5,28,29.970125577344668
107,id22,494.5,292.0,vial5,28,29.970125577344668
108,id22,495.5,290.0,vial5,28,29.970125577344668
109,id22,496.5,289.0,vial5,28,29.970125577344668
110,id22,496.5,287.0,vial5,28,29.970125577344668
111,id22,497.5,285.5,vial5,28,29.970125577344668
112,id22,498.0,284.5,vial5,28,29.970125577344668
113,id22,499.5,283.0,vial5,28,29.970125577344668
114,id22,500.5,281.5,vial5,28,29.970125577344668
115,id22,501.5,280.0,vial5,28,29.970125577344668
116,id22,502.5,279.0,vial5,28,29.970125577344668
117,id22,503.5,277.0,vial5,28,29.970125577344668
118,id22,504.5,275.0,vial5,28,29.970125577344668
119,id22,505.0,273.5,vial5,28,29.970125577344668
120,id22,506.5,271.5,vial5,28,29.970125577344668
121,id22,507.5,270.0,vial5,28,29.970125577344668
122,id22,509.0,269.0,vial5,28,29.970125577344668
123,id22,509.5,267.0,vial5,28,29.970125577344668
124,id22,510.5,266.0,vial5,28,29.970125577344668
125,id22,511.5,264.0,vial5,28,29.970125577344668
126,id22,512.5,262.0,vial5,28,29.970125577344668
127,id22,513.5,260.5,vial5,28,29.970125577344668
128,id22,513.5,259.0,vial5,28,29.970125577344668
129,id22,514.5,257.0,vial5,28,29.970125577344668
130,id22,515.5,255.0,vial5,28,29.970125577344668
131,id22,516.5,253.0,vial5,28,29.970125577344668
132,id22,516.5,251.0,vial5,28,29.970125577344668
133,id22,517.5,249.0,vial5,28,29.970125577344668
134,id22,517.5,247.0,vial5,28,29.970125577344668
135,id22,518.5,244.0,vial5,28,29.970125577344668
136,id22,519.0,243.0,vial5,28,29.970125577344668
137,id22,519.5,240.0,vial5,28,29.970125577344668
138,id22,521.0,238.5,vial5,28,29.970125577344668
139,id22,522.0,237.0,vial5,28,29.970125577344668
140,id22,523.0,235.0,vial5,28,29.970125577344668
141,id22,524.0,233.5,vial5,28,29.970125577344668
142,id22,525.0,232.0,vial5,28,29.970125577344668
143,id22,527.0,229.5,vial5,28,29.970125577344668
144,id22,528.0,228.5,vial5,28,29.970125577344668
145,id22,529.5,226.5,vial5,28,29.970125577344668
146,id22,531.0,225.0,vial5,28,29.970125577344668
147,id22,532.0,222.5,vial5,28,29.970125577344668
148,id22,533.0,221.5,vial5,28,29.970125577344668
149,id22,534.5,220.5,vial5,28,29.970125577344668
150,id22,535.5,219.0,vial5,28,29.970125577344668
151,id22,536.5,217.5,vial5,28,29.970125577344668
152,id22,538.5,216.0,vial5,28,29.970125577344668
153,id22,539.5,215.0,vial5,28,29.970125577344668
154,id22,540.5,214.0,vial5,28,29.970125577344668
155,id22,541.5,213.0,vial5,28,29.970125577344668
156,id22,543.0,211.5,vial5,28,29.970125577344668
157,id22,543.0,210.0,vial5,28,29.970125577344668
158,id22,544.0,208.5,vial5,28,29.970125577344668
159,id22,545.0,207.5,vial5,28,29.970125577344668
160,id22,546.0,206.0,vial5,28,29.970125577344668
161,id22,547.0,204.5,vial5,28,29.970125577344668
162,id22,547.5,202.5,vial5,28,29.970125577344668
163,id22,548.0,201.0,vial5,28,29.970125577344668
164,id22,548.5,200.0,vial5,28,29.970125577344668
165,id22,549.0,199.0,vial5,28,29.970125577344668
166,id22,549.5,198.5,vial5,28,29.970125577344668
167,id22,549.5,197.5,vial5,28,29.970125577344668
168,id22,550.5,196.5,vial5,28,29.970125577344668
169,id22,550.5,197.0,vial5,28,29.970125577344668
170,id22,550.5,197.0,vial5,28,29.970125577344668
171,id22,550.5,196.5,vial5,28,29.970125577344668
172,id22,550.5,196.5,vial5,28,29.970125577344668
173,id22,550.5,195.5,vial5,28,29.970125577344668
174,id22,549.5,195.0,vial5,28,29.970125577344668
175,id22,549.5,193.5,vial5,28,29.970125577344668
176,id22,548.5,191.5,vial5,28,29.970125577344668
177,id22,548.5,189.0,vial5,28,29.970125577344668
178,id22,548.0,187.0,vial5,28,29.970125577344668
179,id22,547.5,185.0,vial5,28,29.970125577344668
180,id22,547.5,182.0,vial5,28,29.970125577344668
181,id22,546.5,180.0,vial5,28,29.970125577344668
182,id22,546.5,177.5,vial5,28,29.970125577344668
183,id22,546.5,175.0,vial5,28,29.970125577344668
184,id22,546.5,173.0,vial5,28,29.970125577344668
185,id22,546.5,170.0,vial5,28,29.970125577344668
186,id22,546.5,167.5,vial5,28,29.970125577344668
187,id22,546.5,165.5,vial5,28,29.970125577344668
188,id22,546.5,163.5,vial5,28,29.970125577344668
189,id22,546.5,161.0,vial5,28,29.970125577344668
190,id22,546.5,159.0,vial5,28,29.970125577344668
191,id22,545.5,157.5,vial5,28,29.970125577344668
192,id22,546.0,155.5,vial5,28,29.970125577344668
193,id22,545.5,153.5,vial5,28,29.970125577344668
194,id22,545.5,151.0,vial5,28,29.970125577344668
195,id22,545.5,148.5,vial5,28,29.970125577344668
196,id22,544.5,146.0,vial5,28,29.970125577344668
197,id22,544.5,143.0,vial5,28,29.970125577344668
198,id22,544.5,140.0,vial5,28,29.970125577344668
199,id22,544.0,137.0,vial5,28,29.970125577344668
200,id22,544.0,134.5,vial5,28,29.970125577344668
201,id22,543.5,132.0,vial5,28,29.970125577344668
202,id22,543.5,129.5,vial5,28,29.970125577344668
203,id22,543.5,126.5,vial5,28,29.970125577344668
204,id22,544.0,124.5,vial5,28,29.970125577344668
205,id22,544.5,122.5,vial5,28,29.970125577344668
206,id22,544.5,120.0,vial5,28,29.970125577344668
207,id22,544.5,118.0,vial5,28,29.970125577344668
208,id22,545.0,116.0,vial5,28,29.970125577344668
209,id22,545.5,113.5,vial5,28,29.970125577344668
210,id22,545.5,112.0,vial5,28,29.970125577344668
211,id22,546.0,109.0,vial5,28,29.970125577344668
212,id22,546.5,107.0,vial5,28,29.970125577344668
213,id22,546.5,105.0,vial5,28,29.970125577344668
214,id22,547.0,102.0,vial5,28,29.970125577344668
215,id22,547.5,100.0,vial5,28,29.970125577344668
216,id22,547.5,98.0,vial5,28,29.970125577344668
217,id22,548.5,95.5,vial5,28,29.970125577344668
218,id22,548.5,93.0,vial5,28,29.970125577344668
219,id22,548.5,91.0,vial5,28,29.970125577344668
220,id22,549.5,89.5,vial5,28,29.970125577344668
221,id22,549.5,87.5,vial5,28,29.970125577344668
222,id22,549.5,86.0,vial5,28,29.970125577344668
223,id22,549.5,85.0,vial5,28,29.970125577344668
224,id22,550.0,83.0,vial5,28,29.970125577344668
225,id22,550.0,81.5,vial5,28,29.970125577344668
226,id22,549.5,80.0,vial5,28,29.970125577344668
227,id22,549.5,79.0,vial5,28,29.970125577344668
228,id22,549.0,77.5,vial5,28,29.970125577344668
229,id22,549.0,76.5,vial5,28,29.970125577344668
230,id22,548.5,75.0,vial5,28,29.970125577344668
231,id22,548.5,73.5,vial5,28,29.970125577344668
232,id22,547.5,72.5,vial5,28,29.970125577344668
233,id22,547.5,71.5,vial5,28,29.970125577344668
234,id22,546.5,70.5,vial5,28,29.970125577344668
235,id22,545.5,69.5,vial5,28,29.970125577344668
236,id22,544.5,68.0,vial5,28,29.970125577344668
237,id22,543.5,67.0,vial5,28,29.970125577344668
238,id22,543.0,66.0,vial5,28,29.970125577344668
239,id22,542.0,65.0,vial5,28,29.970125577344668
240,id22,541.0,65.0,vial5,28,29.970125577344668
241,id22,540.0,64.5,vial5,28,29.970125577344668
242,id22,537.5,64.0,vial5,28,29.970125577344668
243,id22,536.5,64.0,vial5,28,29.970125577344668
244,id22,534.5,64.0,vial5,28,29.970125577344668
245,id22,533.0,64.0,vial5,28,29.970125577344668
246,id22,531.0,64.0,vial5,28,29.970125577344668
247,id22,529.5,63.0,vial5,28,29.970125577344668
248,id22,528.0,63.0,vial5,28,29.970125577344668
249,id22,526.0,63.0,vial5,28,29.970125577344668
250,id22,523.0,63.0,vial5,28,29.970125577344668
251,id22,521.5,62.0,vial5,28,29.970125577344668
252,id22,520.0,62.0,vial5,28,29.970125577344668
253,id22,517.5,62.0,vial5,28,29.970125577344668
254,id22,515.5,61.0,vial5,28,29.970125577344668
255,id22,513.0,60.5,vial5,28,29.970125577344668
256,id22,512.0,60.0,vial5,28,29.970125577344668
257,id22,511.0,57.5,vial5,28,29.970125577344668
258,id22,510.5,55.0,vial5,28,29.970125577344668
259,id22,509.5,53.0,vial5,28,29.970125577344668
260,id22,508.5,51.0,vial5,28,29.970125577344668
261,id22,507.5,48.0,vial5,28,29.970125577344668
262,id22,506.5,46.0,vial5,28,29.970125577344668
263,id22,506.5,44.0,vial5,28,29.970125577344668
264,id22,505.5,42.0,vial5,28,29.970125577344668
265,id22,504.5,39.0,vial5,28,29.970125577344668
266,id22,503.5,37.0,vial5,28,29.970125577344668
267,id22,503.0,35.0,vial5,28,29.970125577344668
268,id22,503.0,33.0,vial5,28,29.970125577344668
269,id22,502.0,30.0,vial5,28,29.970125577344668
270,id22,501.0,28.0,vial5,28,29.970125577344668
271,id22,500.5,25.0,vial5,28,29.970125577344668
272,id22,499.5,23.5,vial5,28,29.970125577344668
273,id22,499.0,21.5,vial5,28,29.970125577344668
274,id22,498.0,19.5,vial5,28,29.970125577344668
275,id22,497.0,18.0,vial5,28,29.970125577344668
276,id22,496.5,16.0,vial5,28,29.970125577344668
277,id22,495.0,14.0,vial5,28,29.970125577344668
278,id22,494.5,11.5,vial5,28,29.970125577344668
279,id22,493.5,10.5,vial5,28,29.970125577344668
280,id22,492.0,7.5,vial5,28,29.970125577344668
281,id22,492.0,7.0,vial5,28,29.970125577344668
282,id22,491.5,5.5,vial5,28,29.970125577344668
0,id23,399.0,340.5,vial4,24,29.970125577344668
1,id23,398.0,340.5,vial4,24,29.970125577344668
2,id23,398.0,339.5,vial4,24,29.970125577344668
3,id23,396.5,339.5,vial4,24,29.970125577344668
4,id23,395.0,340.0,vial4,24,29.970125577344668
5,id23,393.5,339.0,vial4,24,29.970125577344668
6,id23,392.0,339.0,vial4,24,29.970125577344668
11,id23,387.5,335.5,vial4,24,29.970125577344668
12,id23,386.0,335.5,vial4,24,29.970125577344668
13,id23,389.5,304.0,vial4,24,29.970125577344668
14,id23,386.5,268.5,vial4,24,29.970125577344668
15,id23,389.5,260.5,vial4,24,29.970125577344668
16,id23,423.0,287.0,vial4,24,29.970125577344668
17,id23,412.0,316.5,vial4,24,29.970125577344668
23,id23,381.0,341.0,vial4,24,29.970125577344668
24,id23,380.0,337.5,vial4,24,29.970125577344668
25,id23,381.0,337.5,vial4,24,29.970125577344668
26,id23,379.5,337.0,vial4,24,29.970125577344668
27,id23,383.5,338.5,vial4,24,29.970125577344668
28,id23,385.5,338.5,vial4,24,29.970125577344668
29,id23,386.0,337.5,vial4,24,29.970125577344668
30,id23,387.0,337.0,vial4,24,29.970125577344668
31,id23,388.0,336.5,vial4,24,29.970125577344668
32,id23,388.5,336.0,vial4,24,29.970125577344668
33,id23,388.5,335.5,vial4,24,29.970125577344668
34,id23,388.5,336.0,vial4,24,29.970125577344668
35,id23,388.0,336.0,vial4,24,29.970125577344668
36,id23,388.0,336.0,vial4,24,29.970125577344668
37,id23,387.0,337.0,vial4,24,29.970125577344668
38,id23,385.5,337.5,vial4,24,29.970125577344668
39,id23,387.0,337.0,vial4,24,29.970125577344668
40,id23,387.0,336.5,vial4,24,29.970125577344668
41,id23,388.0,336.5,vial4,24,29.970125577344668
42,id23,387.0,336.5,vial4,24,29.970125577344668
43,id23,388.5,336.5,vial4,24,29.970125577344668
44,id23,388.5,335.5,vial4,24,29.970125577344668
45,id23,389.0,335.5,vial4,24,29.970125577344668
46,id23,389.5,336.0,vial4,24,29.970125577344668
47,id23,389.0,335.5,vial4,24,29.970125577344668
48,id23,389.5,336.0,vial4,24,29.970125577344668
49,id23,389.0,335.5,vial4,24,29.970125577344668
50,id23,388.5,336.0,vial4,24,29.970125577344668
51,id23,388.5,335.5,vial4,24,29.970125577344668
52,id23,385.5,336.5,vial4,24,29.970125577344668
53,id23,387.0,336.5,vial4,24,29.970125577344668
54,id23,388.5,336.5,vial4,24,29.970125577344668
55,id23,391.0,336.0,vial4,24,29.970125577344668
56,id23,392.5,336.0,vial4,24,29.970125577344668
57,id23,389.5,336.0,vial4,24,29.970125577344668
58,id23,389.5,336.0,vial4,24,29.970125577344668
59,id23,389.5,336.5,vial4,24,29.970125577344668
60,id23,389.5,336.5,vial4,24,29.970125577344668
61,id23,389.5,336.5,vial4,24,29.970125577344668
62,id23,389.5,336.5,vial4,24,29.970125577344668
63,id23,389.5,336.5,vial4,24,29.970125577344668
64,id23,389.0,336.5,vial4,24,29.970125577344668
65,id23,389.5,336.5,vial4,24,29.970125577344668
66,id23,389.5,336.5,vial4,24,29.970125577344668
67,id23,390.0,336.5,vial4,24,29.970125577344668
68,id23,390.0,336.5,vial4,24,29.970125577344668
69,id23,389.5,336.5,vial4,24,29.970125577344668
70,id23,389.5,336.5,vial4,24,29.970125577344668
71,id23,389.5,336.5,vial4,24,29.970125577344668
72,id23,389.5,336.5,vial4,24,29.970125577344668
73,id23,389.0,336.5,vial4,24,29.970125577344668
74,id23,389.5,336.5,vial4,24,29.970125577344668
75,id23,389.5,336.5,vial4,24,29.970125577344668
76,id23,389.5,336.5,vial4,24,29.970125577344668
77,id23,389.5,336.5,vial4,24,29.970125577344668
78,id23,389.5,336.5,vial4,24,29.970125577344668
79,id23,389.5,336.5,vial4,24,29.970125577344668
80,id23,389.5,336.5,vial4,24,29.970125577344668
81,id23,389.5,336.5,vial4,24,29.970125577344668
82,id23,389.5,336.5,vial4,24,29.970125577344668
83,id23,389.5,336.5,vial4,24,29.970125577344668
84,id23,389.5,336.5,vial4,24,29.970125577344668
85,id23,389.5,336.5,vial4,24,29.970125577344668
86,id23,389.5,336.5,vial4,24,29.970125577344668
87,id23,389.0,336.0,vial4,24,29.970125577344668
88,id23,389.0,336.0,vial4,24,29.970125577344668
89,id23,387.5,337.0,vial4,24,29.970125577344668
90,id23,385.5,337.0,vial4,24,29.970125577344668
91,id23,384.5,337.0,vial4,24,29.970125577344668
92,id23,382.5,337.5,vial4,24,29.970125577344668
93,id23,380.5,337.0,vial4,24,29.970125577344668
94,id23,379.5,336.5,vial4,24,29.970125577344668
95,id23,378.0,336.5,vial4,24,29.970125577344668
96,id23,378.0,337.0,vial4,24,29.970125577344668
97,id23,378.5,336.0,vial4,24,29.970125577344668
98,id23,382.0,316.0,vial4,24,29.970125577344668
99,id23,396.5,313.5,vial4,24,29.970125577344668
100,id23,404.0,324.5,vial4,24,29.970125577344668
101,id23,399.5,337.5,vial4,24,29.970125577344668
102,id23,398.5,337.5,vial4,24,29.970125577344668
103,id23,397.5,337.5,vial4,24,29.970125577344668
104,id23,397.5,337.5,vial4,24,29.970125577344668
105,id23,398.0,338.0,vial4,24,29.970125577344668
106,id23,398.5,338.5,vial4,24,29.970125577344668
107,id23,399.5,338.5,vial4,24,29.970125577344668
109,id23,399.0,337.0,vial4,24,29.970125577344668
110,id23,400.5,337.5,vial4,24,29.970125577344668
112,id23,401.5,337.5,vial4,24,29.970125577344668
113,id23,402.0,336.5,vial4,24,29.970125577344668
114,id23,402.5,337.5,vial4,24,29.970125577344668
115,id23,408.5,336.5,vial4,24,29.970125577344668
116,id23,409.0,336.5,vial4,24,29.970125577344668
117,id23,409.0,336.5,vial4,24,29.970125577344668
118,id23,409.0,336.5,vial4,24,29.970125577344668
119,id23,409.5,336.5,vial4,24,29.970125577344668
120,id23,409.5,336.0,vial4,24,29.970125577344668
121,id23,409.5,336.0,vial4,24,29.970125577344668
122,id23,409.0,336.5,vial4,24,29.970125577344668
123,id23,407.5,336.5,vial4,24,29.970125577344668
124,id23,406.5,336.5,vial4,24,29.970125577344668
125,id23,406.0,336.5,vial4,24,29.970125577344668
126,id23,405.0,336.5,vial4,24,29.970125577344668
140,id23,398.5,338.5,vial4,24,29.970125577344668
141,id23,396.0,337.5,vial4,24,29.970125577344668
142,id23,395.0,337.5,vial4,24,29.970125577344668
143,id23,395.0,338.5,vial4,24,29.970125577344668
144,id23,395.0,338.0,vial4,24,29.970125577344668
145,id23,395.0,338.0,vial4,24,29.970125577344668
146,id23,394.5,338.5,vial4,24,29.970125577344668
147,id23,394.5,337.0,vial4,24,29.970125577344668
148,id23,394.5,337.0,vial4,24,29.970125577344668
149,id23,394.0,337.0,vial4,24,29.970125577344668
150,id23,394.0,337.0,vial4,24,29.970125577344668
151,id23,394.5,337.5,vial4,24,29.970125577344668
152,id23,395.0,336.0,vial4,24,29.970125577344668
153,id23,396.0,336.0,vial4,24,29.970125577344668
154,id23,398.5,335.0,vial4,24,29.970125577344668
155,id23,396.5,334.5,vial4,24,29.970125577344668
156,id23,398.0,334.5,vial4,24,29.970125577344668
157,id23,398.0,334.5,vial4,24,29.970125577344668
158,id23,397.5,333.5,vial4,24,29.970125577344668
159,id23,397.0,332.0,vial4,24,29.970125577344668
160,id23,397.0,330.0,vial4,24,29.970125577344668
161,id23,397.0,329.0,vial4,24,29.970125577344668
162,id23,396.5,326.5,vial4,24,29.970125577344668
163,id23,396.5,325.0,vial4,24,29.970125577344668
164,id23,396.5,323.0,vial4,24,29.970125577344668
165,id23,396.5,320.5,vial4,24,29.970125577344668
166,id23,396.5,319.5,vial4,24,29.970125577344668
167,id23,397.0,316.5,vial4,24,29.970125577344668
168,id23,397.0,315.0,vial4,24,29.970125577344668
169,id23,397.5,313.0,vial4,24,29.970125577344668
170,id23,397.5,311.0,vial4,24,29.970125577344668
171,id23,398.0,309.0,vial4,24,29.970125577344668
172,id23,398.5,307.5,vial4,24,29.970125577344668
173,id23,399.5,305.0,vial4,24,29.970125577344668
174,id23,399.5,303.0,vial4,24,29.970125577344668
175,id23,400.5,302.0,vial4,24,29.970125577344668
176,id23,401.5,300.0,vial4,24,29.970125577344668
177,id23,402.0,298.0,vial4,24,29.970125577344668
178,id23,402.5,296.0,vial4,24,29.970125577344668
179,id23,402.5,294.0,vial4,24,29.970125577344668
180,id23,403.0,292.0,vial4,24,29.970125577344668
181,id23,402.5,289.0,vial4,24,29.970125577344668
182,id23,402.0,287.5,vial4,24,29.970125577344668
183,id23,402.0,286.0,vial4,24,29.970125577344668
184,id23,401.5,284.0,vial4,24,29.970125577344668
185,id23,401.5,282.0,vial4,24,29.970125577344668
186,id23,401.5,280.5,vial4,24,29.970125577344668
187,id23,401.0,278.0,vial4,24,29.970125577344668
188,id23,401.0,276.5,vial4,24,29.970125577344668
189,id23,401.0,274.5,vial4,24,29.970125577344668
190,id23,400.5,273.0,vial4,24,29.970125577344668
191,id23,400.5,271.0,vial4,24,29.970125577344668
192,id23,400.0,269.5,vial4,24,29.970125577344668
193,id23,400.0,267.5,vial4,24,29.970125577344668
194,id23,400.5,266.0,vial4,24,29.970125577344668
195,id23,400.5,264.0,vial4,24,29.970125577344668
196,id23,401.0,262.0,vial4,24,29.970125577344668
197,id23,401.5,260.5,vial4,24,29.970125577344668
198,id23,402.5,259.0,vial4,24,29.970125577344668
199,id23,402.5,258.0,vial4,24,29.970125577344668
200,id23,404.0,256.0,vial4,24,29.970125577344668
201,id23,405.0,255.0,vial4,24,29.970125577344668
202,id23,406.0,254.0,vial4,24,29.970125577344668
203,id23,406.5,251.5,vial4,24,29.970125577344668
204,id23,407.0,250.0,vial4,24,29.970125577344668
205,id23,407.0,248.0,vial4,24,29.970125577344668
206,id23,407.0,245.5,vial4,24,29.970125577344668
207,id23,406.5,243.5,vial4,24,29.970125577344668
208,id23,406.5,241.5,vial4,24,29.970125577344668
209,id23,406.5,239.5,vial4,24,29.970125577344668
210,id23,406.5,237.0,vial4,24,29.970125577344668
211,id23,406.0,234.5,vial4,24,29.970125577344668
212,id23,406.0,232.0,vial4,24,29.970125577344668
213,id23,405.5,229.5,vial4,24,29.970125577344668
214,id23,405.5,228.0,vial4,24,29.970125577344668
215,id23,405.5,225.0,vial4,24,29.970125577344668
216,id23,405.0,222.5,vial4,24,29.970125577344668
217,id23,405.0,220.5,vial4,24,29.970125577344668
218,id23,405.5,218.5,vial4,24,29.970125577344668
219,id23,405.5,216.0,vial4,24,29.970125577344668
220,id23,406.5,213.5,vial4,24,29.970125577344668
221,id23,406.5,211.5,vial4,24,29.970125577344668
222,id23,407.5,209.0,vial4,24,29.970125577344668
223,id23,408.5,206.5,vial4,24,29.970125577344668
224,id23,409.5,204.0,vial4,24,29.970125577344668
225,id23,410.0,202.0,vial4,24,29.970125577344668
226,id23,411.0,200.0,vial4,24,29.970125577344668
227,id23,412.0,197.5,vial4,24,29.970125577344668
228,id23,413.0,195.0,vial4,24,29.970125577344668
229,id23,414.0,193.0,vial4,24,29.970125577344668
230,id23,414.5,191.0,vial4,24,29.970125577344668
231,id23,415.5,189.0,vial4,24,29.970125577344668
232,id23,416.5,186.0,vial4,24,29.970125577344668
233,id23,417.0,184.0,vial4,24,29.970125577344668
234,id23,417.5,182.0,vial4,24,29.970125577344668
235,id23,418.5,180.0,vial4,24,29.970125577344668
236,id23,418.5,177.0,vial4,24,29.970125577344668
237,id23,419.5,175.0,vial4,24,29.970125577344668
238,id23,420.0,172.0,vial4,24,29.970125577344668
239,id23,420.5,169.0,vial4,24,29.970125577344668
240,id23,420.5,166.5,vial4,24,29.970125577344668
241,id23,420.0,164.5,vial4,24,29.970125577344668
242,id23,420.5,162.0,vial4,24,29.970125577344668
243,id23,420.5,159.5,vial4,24,29.970125577344668
244,id23,419.5,157.0,vial4,24,29.970125577344668
245,id23,419.5,155.5,vial4,24,29.970125577344668
246,id23,419.5,153.5,vial4,24,29.970125577344668
247,id23,419.5,152.0,vial4,24,29.970125577344668
248,id23,420.0,149.5,vial4,24,29.970125577344668
249,id23,420.5,147.5,vial4,24,29.970125577344668
250,id23,420.5,145.5,vial4,24,29.970125577344668
251,id23,420.5,143.5,vial4,24,29.970125577344668
252,id23,421.5,141.0,vial4,24,29.970125577344668
253,id23,421.5,138.5,vial4,24,29.970125577344668
254,id23,421.0,136.5,vial4,24,29.970125577344668
255,id23,420.5,134.5,vial4,24,29.970125577344668
256,id23,420.5,132.0,vial4,24,29.970125577344668
257,id23,419.5,129.5,vial4,24,29.970125577344668
258,id23,418.5,127.0,vial4,24,29.970125577344668
259,id23,418.5,125.0,vial4,24,29.970125577344668
260,id23,417.5,123.0,vial4,24,29.970125577344668
261,id23,416.0,121.0,vial4,24,29.970125577344668
262,id23,415.0,119.5,vial4,24,29.970125577344668
263,id23,414.0,117.5,vial4,24,29.970125577344668
264,id23,412.0,116.5,vial4,24,29.970125577344668
265,id23,411.0,115.0,vial4,24,29.970125577344668
266,id23,410.0,113.5,vial4,24,29.970125577344668
267,id23,408.0,112.0,vial4,24,29.970125577344668
268,id23,406.5,110.5,vial4,24,29.970125577344668
269,id23,404.5,109.0,vial4,24,29.970125577344668
270,id23,402.5,107.0,vial4,24,29.970125577344668
271,id23,400.5,106.0,vial4,24,29.970125577344668
272,id23,399.5,104.5,vial4,24,29.970125577344668
273,id23,399.0,102.5,vial4,24,29.970125577344668
274,id23,397.5,101.0,vial4,24,29.970125577344668
275,id23,396.5,98.5,vial4,24,29.970125577344668
276,id23,395.0,97.0,vial4,24,29.970125577344668
277,id23,393.5,95.5,vial4,24,29.970125577344668
278,id23,392.5,93.5,vial4,24,29.970125577344668
279,id23,390.5,92.0,vial4,24,29.970125577344668
280,id23,388.0,92.0,vial4,24,29.970125577344668
281,id23,386.0,92.0,vial4,24,29.970125577344668
282,id23,384.0,92.0,vial4,24,29.970125577344668
283,id23,382.0,92.0,vial4,24,29.970125577344668
284,id23,380.5,92.0,vial4,24,29.970125577344668
285,id23,379.5,92.0,vial4,24,29.970125577344668
286,id23,377.5,92.0,vial4,24,29.970125577344668
287,id23,376.5,92.0,vial4,24,29.970125577344668
288,id23,375.5,91.0,vial4,24,29.970125577344668
289,id23,374.0,90.5,vial4,24,29.970125577344668
290,id23,373.0,90.0,vial4,24,29.970125577344668
291,id23,372.5,88.5,vial4,24,29.970125577344668
292,id23,372.5,87.0,vial4,24,29.970125577344668
293,id23,371.5,85.0,vial4,24,29.970125577344668
294,id23,371.5,83.0,vial4,24,29.970125577344668
295,id23,371.0,81.0,vial4,24,29.970125577344668
296,id23,370.5,78.5,vial4,24,29.970125577344668
297,id23,370.0,76.5,vial4,24,29.970125577344668
298,id23,369.5,74.0,vial4,24,29.970125577344668
299,id23,368.5,71.5,vial4,24,29.970125577344668
300,id23,368.0,69.0,vial4,24,29.970125577344668
301,id23,367.5,66.5,vial4,24,29.970125577344668
302,id23,367.0,64.5,vial4,24,29.970125577344668
303,id23,366.5,62.5,vial4,24,29.970125577344668
304,id23,365.5,61.0,vial4,24,29.970125577344668
305,id23,365.5,59.5,vial4,24,29.970125577344668
306,id23,365.5,58.0,vial4,24,29.970125577344668
307,id23,365.0,57.0,vial4,24,29.970125577344668
308,id23,365.0,55.0,vial4,24,29.970125577344668
309,id23,364.5,53.0,vial4,24,29.970125577344668
310,id23,365.0,51.5,vial4,24,29.970125577344668
311,id23,365.0,49.5,vial4,24,29.970125577344668
312,id23,365.0,47.5,vial4,24,29.970125577344668
313,id23,364.5,45.5,vial4,24,29.970125577344668
314,id23,365.0,43.0,vial4,24,29.970125577344668
315,id23,365.0,40.0,vial4,24,29.970125577344668
316,id23,365.0,38.0,vial4,24,29.970125577344668
317,id23,365.0,35.0,vial4,24,29.970125577344668
318,id23,365.0,32.5,vial4,24,29.970125577344668
319,id23,364.5,30.0,vial4,24,29.970125577344668
320,id23,365.0,27.0,vial4,24,29.970125577344668
321,id23,365.0,25.0,vial4,24,29.970125577344668
322,id23,364.5,22.5,vial4,24,29.970125577344668
323,id23,365.0,19.5,vial4,24,29.970125577344668
324,id23,365.0,17.0,vial4,24,29.970125577344668
325,id23,364.5,15.0,vial4,24,29.970125577344668
326,id23,364.5,12.0,vial4,24,29.970125577344668
327,id23,365.0,10.0,vial4,24,29.970125577344668
328,id23,363.5,6.5,vial4,24,29.970125577344668
0,id24,408.0,336.0,vial4,21,29.970125577344668
1,id24,410.0,336.0,vial4,21,29.970125577344668
2,id24,410.5,336.0,vial4,21,29.970125577344668
3,id24,411.0,335.5,vial4,21,29.970125577344668
4,id24,410.5,335.0,vial4,21,29.970125577344668
5,id24,409.5,334.5,vial4,21,29.970125577344668
6,id24,409.5,334.0,vial4,21,29.970125577344668
7,id24,407.5,334.0,vial4,21,29.970125577344668
8,id24,406.0,334.0,vial4,21,29.970125577344668
9,id24,406.0,334.0,vial4,21,29.970125577344668
10,id24,405.5,334.0,vial4,21,29.970125577344668
11,id24,404.0,334.0,vial4,21,29.970125577344668
12,id24,402.0,334.0,vial4,21,29.970125577344668
13,id24,402.5,335.5,vial4,21,29.970125577344668
14,id24,402.5,336.5,vial4,21,29.970125577344668
15,id24,403.0,337.0,vial4,21,29.970125577344668
16,id24,403.0,338.0,vial4,21,29.970125577344668
17,id24,402.0,338.0,vial4,21,29.970125577344668
18,id24,398.5,336.5,vial4,21,29.970125577344668
19,id24,399.5,337.0,vial4,21,29.970125577344668
20,id24,398.0,336.5,vial4,21,29.970125577344668
21,id24,398.0,336.5,vial4,21,29.970125577344668
22,id24,398.0,336.5,vial4,21,29.970125577344668
23,id24,397.0,336.5,vial4,21,29.970125577344668
24,id24,398.5,336.5,vial4,21,29.970125577344668
25,id24,399.5,336.0,vial4,21,29.970125577344668
26,id24,399.5,336.0,vial4,21,29.970125577344668
27,id24,399.5,336.5,vial4,21,29.970125577344668
28,id24,400.5,336.0,vial4,21,29.970125577344668
29,id24,402.5,336.0,vial4,21,29.970125577344668
30,id24,403.0,336.0,vial4,21,29.970125577344668
32,id24,400.5,338.5,vial4,21,29.970125577344668
33,id24,400.5,340.0,vial4,21,29.970125577344668
34,id24,400.0,339.5,vial4,21,29.970125577344668
35,id24,400.0,341.0,vial4,21,29.970125577344668
36,id24,402.5,340.5,vial4,21,29.970125577344668
37,id24,404.0,341.0,vial4,21,29.970125577344668
38,id24,406.5,341.0,vial4,21,29.970125577344668
39,id24,408.0,340.0,vial4,21,29.970125577344668
40,id24,409.0,340.0,vial4,21,29.970125577344668
41,id24,410.0,340.0,vial4,21,29.970125577344668
42,id24,410.5,340.0,vial4,21,29.970125577344668
43,id24,411.5,340.0,vial4,21,29.970125577344668
44,id24,411.0,338.5,vial4,21,29.970125577344668
45,id24,411.0,338.5,vial4,21,29.970125577344668
46,id24,413.0,339.5,vial4,21,29.970125577344668
47,id24,413.5,338.5,vial4,21,29.970125577344668
48,id24,416.0,339.0,vial4,21,29.970125577344668
49,id24,418.0,339.0,vial4,21,29.970125577344668
50,id24,419.5,339.0,vial4,21,29.970125577344668
51,id24,422.5,339.0,vial4,21,29.970125577344668
52,id24,425.5,339.0,vial4,21,29.970125577344668
53,id24,427.5,339.0,vial4,21,29.970125577344668
54,id24,427.5,339.5,vial4,21,29.970125577344668
55,id24,428.0,339.0,vial4,21,29.970125577344668
56,id24,428.5,338.0,vial4,21,29.970125577344668
57,id24,428.5,338.0,vial4,21,29.970125577344668
58,id24,429.0,338.0,vial4,21,29.970125577344668
59,id24,428.5,338.0,vial4,21,29.970125577344668
60,id24,429.0,338.0,vial4,21,29.970125577344668
61,id24,429.5,338.0,vial4,21,29.970125577344668
62,id24,429.5,338.0,vial4,21,29.970125577344668
63,id24,430.5,338.5,vial4,21,29.970125577344668
64,id24,429.5,338.5,vial4,21,29.970125577344668
65,id24,428.5,338.5,vial4,21,29.970125577344668
66,id24,427.0,338.5,vial4,21,29.970125577344668
67,id24,426.5,338.0,vial4,21,29.970125577344668
68,id24,425.5,338.5,vial4,21,29.970125577344668
69,id24,425.5,338.5,vial4,21,29.970125577344668
70,id24,424.5,338.0,vial4,21,29.970125577344668
71,id24,425.0,338.0,vial4,21,29.970125577344668
74,id24,414.5,315.5,vial4,21,29.970125577344668
77,id24,416.0,339.0,vial4,21,29.970125577344668
78,id24,418.5,338.0,vial4,21,29.970125577344668
79,id24,418.0,338.5,vial4,21,29.970125577344668
80,id24,418.0,338.5,vial4,21,29.970125577344668
81,id24,418.0,338.5,vial4,21,29.970125577344668
83,id24,418.0,338.0,vial4,21,29.970125577344668
84,id24,411.0,340.5,vial4,21,29.970125577344668
85,id24,408.5,340.5,vial4,21,29.970125577344668
86,id24,407.5,340.0,vial4,21,29.970125577344668
87,id24,407.0,340.0,vial4,21,29.970125577344668
88,id24,405.0,339.5,vial4,21,29.970125577344668
89,id24,401.5,339.5,vial4,21,29.970125577344668
90,id24,399.5,339.5,vial4,21,29.970125577344668
91,id24,396.5,339.0,vial4,21,29.970125577344668
92,id24,396.0,339.5,vial4,21,29.970125577344668
93,id24,393.5,339.5,vial4,21,29.970125577344668
94,id24,391.0,339.0,vial4,21,29.970125577344668
95,id24,388.5,339.5,vial4,21,29.970125577344668
96,id24,387.5,340.0,vial4,21,29.970125577344668
97,id24,386.5,340.0,vial4,21,29.970125577344668
98,id24,386.5,340.0,vial4,21,29.970125577344668
99,id24,385.5,341.0,vial4,21,29.970125577344668
100,id24,384.5,340.0,vial4,21,29.970125577344668
101,id24,384.0,340.0,vial4,21,29.970125577344668
102,id24,383.5,340.0,vial4,21,29.970125577344668
103,id24,383.0,340.0,vial4,21,29.970125577344668
104,id24,382.5,340.0,vial4,21,29.970125577344668
105,id24,381.5,339.5,vial4,21,29.970125577344668
106,id24,380.5,339.5,vial4,21,29.970125577344668
107,id24,379.5,339.5,vial4,21,29.970125577344668
108,id24,377.5,339.5,vial4,21,29.970125577344668
109,id24,375.5,339.5,vial4,21,29.970125577344668
110,id24,373.5,339.5,vial4,21,29.970125577344668
111,id24,372.5,339.0,vial4,21,29.970125577344668
112,id24,372.0,339.0,vial4,21,29.970125577344668
113,id24,371.5,338.5,vial4,21,29.970125577344668
114,id24,370.0,338.5,vial4,21,29.970125577344668
115,id24,369.5,339.0,vial4,21,29.970125577344668
116,id24,369.0,339.0,vial4,21,29.970125577344668
117,id24,367.5,340.0,vial4,21,29.970125577344668
118,id24,368.0,339.5,vial4,21,29.970125577344668
119,id24,368.5,339.5,vial4,21,29.970125577344668
120,id24,369.5,339.0,vial4,21,29.970125577344668
121,id24,369.5,338.5,vial4,21,29.970125577344668
122,id24,369.5,338.5,vial4,21,29.970125577344668
123,id24,370.5,338.0,vial4,21,29.970125577344668
124,id24,371.5,338.5,vial4,21,29.970125577344668
125,id24,371.5,338.5,vial4,21,29.970125577344668
126,id24,371.5,338.5,vial4,21,29.970125577344668
127,id24,371.5,338.5,vial4,21,29.970125577344668
128,id24,371.5,338.5,vial4,21,29.970125577344668
129,id24,372.0,338.0,vial4,21,29.970125577344668
130,id24,373.0,337.5,vial4,21,29.970125577344668
131,id24,373.5,338.0,vial4,21,29.970125577344668
132,id24,373.5,339.0,vial4,21,29.970125577344668
133,id24,374.0,338.5,vial4,21,29.970125577344668
134,id24,376.0,338.0,vial4,21,29.970125577344668
135,id24,378.0,338.0,vial4,21,29.970125577344668
136,id24,379.0,337.5,vial4,21,29.970125577344668
137,id24,381.5,337.5,vial4,21,29.970125577344668
138,id24,383.5,337.5,vial4,21,29.970125577344668
139,id24,385.0,336.5,vial4,21,29.970125577344668
140,id24,386.0,337.0,vial4,21,29.970125577344668
141,id24,386.0,337.0,vial4,21,29.970125577344668
142,id24,385.5,337.0,vial4,21,29.970125577344668
143,id24,385.0,337.5,vial4,21,29.970125577344668
144,id24,385.0,338.0,vial4,21,29.970125577344668
145,id24,385.5,338.0,vial4,21,29.970125577344668
146,id24,385.5,338.0,vial4,21,29.970125577344668
147,id24,386.0,338.5,vial4,21,29.970125577344668
148,id24,386.0,339.0,vial4,21,29.970125577344668
149,id24,385.5,338.5,vial4,21,29.970125577344668
150,id24,385.0,338.5,vial4,21,29.970125577344668
151,id24,385.0,338.5,vial4,21,29.970125577344668
152,id24,383.0,338.5,vial4,21,29.970125577344668
171,id24,393.0,338.0,vial4,21,29.970125577344668
172,id24,393.0,337.5,vial4,21,29.970125577344668
173,id24,393.0,337.0,vial4,21,29.970125577344668
174,id24,393.0,337.5,vial4,21,29.970125577344668
175,id24,392.5,337.0,vial4,21,29.970125577344668
176,id24,392.5,337.0,vial4,21,29.970125577344668
177,id24,392.5,337.0,vial4,21,29.970125577344668
178,id24,392.5,337.5,vial4,21,29.970125577344668
179,id24,393.0,337.5,vial4,21,29.970125577344668
180,id24,392.5,337.0,vial4,21,29.970125577344668
181,id24,392.5,337.0,vial4,21,29.970125577344668
182,id24,392.5,336.5,vial4,21,29.970125577344668
183,id24,393.0,336.5,vial4,21,29.970125577344668
184,id24,394.0,335.5,vial4,21,29.970125577344668
185,id24,394.0,335.5,vial4,21,29.970125577344668
186,id24,393.5,335.5,vial4,21,29.970125577344668
187,id24,392.0,335.5,vial4,21,29.970125577344668
188,id24,389.5,335.5,vial4,21,29.970125577344668
189,id24,388.5,336.5,vial4,21,29.970125577344668
190,id24,387.5,336.5,vial4,21,29.970125577344668
191,id24,387.0,336.5,vial4,21,29.970125577344668
192,id24,386.5,337.5,vial4,21,29.970125577344668
193,id24,386.5,337.0,vial4,21,29.970125577344668
194,id24,386.5,336.5,vial4,21,29.970125577344668
195,id24,386.5,336.5,vial4,21,29.970125577344668
196,id24,386.0,337.0,vial4,21,29.970125577344668
197,id24,385.0,337.5,vial4,21,29.970125577344668
198,id24,384.5,338.0,vial4,21,29.970125577344668
199,id24,384.0,338.5,vial4,21,29.970125577344668
200,id24,384.0,339.0,vial4,21,29.970125577344668
201,id24,383.0,339.5,vial4,21,29.970125577344668
202,id24,383.0,340.0,vial4,21,29.970125577344668
203,id24,383.0,339.5,vial4,21,29.970125577344668
204,id24,383.5,339.5,vial4,21,29.970125577344668
205,id24,379.5,324.0,vial4,21,29.970125577344668
206,id24,380.0,304.0,vial4,21,29.970125577344668
207,id24,376.5,303.0,vial4,21,29.970125577344668
208,id24,367.5,303.5,vial4,21,29.970125577344668
209,id24,368.0,303.0,vial4,21,29.970125577344668
210,id24,367.5,302.5,vial4,21,29.970125577344668
211,id24,367.5,300.5,vial4,21,29.970125577344668
212,id24,367.5,298.5,vial4,21,29.970125577344668
213,id24,367.5,297.5,vial4,21,29.970125577344668
214,id24,367.5,296.0,vial4,21,29.970125577344668
215,id24,367.0,295.0,vial4,21,29.970125577344668
216,id24,367.0,294.5,vial4,21,29.970125577344668
217,id24,367.0,294.0,vial4,21,29.970125577344668
218,id24,367.0,294.5,vial4,21,29.970125577344668
219,id24,367.0,294.5,vial4,21,29.970125577344668
220,id24,367.5,294.0,vial4,21,29.970125577344668
221,id24,367.5,293.5,vial4,21,29.970125577344668
222,id24,367.5,293.5,vial4,21,29.970125577344668
223,id24,367.5,293.0,vial4,21,29.970125577344668
224,id24,367.5,293.0,vial4,21,29.970125577344668
225,id24,367.5,292.5,vial4,21,29.970125577344668
226,id24,367.5,292.0,vial4,21,29.970125577344668
227,id24,367.5,292.5,vial4,21,29.970125577344668
228,id24,367.5,292.5,vial4,21,29.970125577344668
229,id24,367.5,292.5,vial4,21,29.970125577344668
230,id24,367.5,292.5,vial4,21,29.970125577344668
231,id24,367.5,292.5,vial4,21,29.970125577344668
232,id24,367.5,292.5,vial4,21,29.970125577344668
233,id24,367.5,292.0,vial4,21,29.970125577344668
234,id24,366.5,292.0,vial4,21,29.970125577344668
235,id24,366.5,291.0,vial4,21,29.970125577344668
236,id24,366.5,290.0,vial4,21,29.970125577344668
237,id24,366.5,289.0,vial4,21,29.970125577344668
238,id24,382.5,280.0,vial4,21,29.970125577344668
239,id24,386.5,270.5,vial4,21,29.970125577344668
240,id24,387.5,273.5,vial4,21,29.970125577344668
241,id24,388.0,271.5,vial4,21,29.970125577344668
242,id24,389.0,270.0,vial4,21,29.970125577344668
243,id24,390.0,269.0,vial4,21,29.970125577344668
244,id24,391.0,268.0,vial4,21,29.970125577344668
245,id24,392.0,266.5,vial4,21,29.970125577344668
246,id24,393.0,265.5,vial4,21,29.970125577344668
247,id24,394.0,264.5,vial4,21,29.970125577344668
248,id24,396.0,264.0,vial4,21,29.970125577344668
249,id24,398.5,263.5,vial4,21,29.970125577344668
250,id24,400.5,263.0,vial4,21,29.970125577344668
251,id24,402.0,263.0,vial4,21,29.970125577344668
252,id24,404.0,263.0,vial4,21,29.970125577344668
253,id24,405.5,263.0,vial4,21,29.970125577344668
254,id24,406.5,262.0,vial4,21,29.970125577344668
255,id24,406.5,262.0,vial4,21,29.970125577344668
256,id24,422.0,262.5,vial4,21,29.970125577344668
257,id24,429.5,268.0,vial4,21,29.970125577344668
258,id24,429.5,267.0,vial4,21,29.970125577344668
259,id24,429.5,267.0,vial4,21,29.970125577344668
260,id24,429.5,267.0,vial4,21,29.970125577344668
261,id24,429.5,267.0,vial4,21,29.970125577344668
262,id24,429.5,267.0,vial4,21,29.970125577344668
263,id24,429.5,267.0,vial4,21,29.970125577344668
264,id24,429.5,268.0,vial4,21,29.970125577344668
265,id24,429.5,267.0,vial4,21,29.970125577344668
266,id24,429.5,265.5,vial4,21,29.970125577344668
267,id24,428.5,264.0,vial4,21,29.970125577344668
268,id24,427.5,262.0,vial4,21,29.970125577344668
269,id24,427.0,261.0,vial4,21,29.970125577344668
270,id24,425.0,259.5,vial4,21,29.970125577344668
271,id24,423.5,259.0,vial4,21,29.970125577344668
272,id24,422.5,258.5,vial4,21,29.970125577344668
273,id24,420.5,258.0,vial4,21,29.970125577344668
274,id24,418.5,258.0,vial4,21,29.970125577344668
275,id24,416.5,260.0,vial4,21,29.970125577344668
276,id24,415.5,264.0,vial4,21,29.970125577344668
277,id24,415.0,264.5,vial4,21,29.970125577344668
278,id24,414.5,266.0,vial4,21,29.970125577344668
279,id24,413.0,269.0,vial4,21,29.970125577344668
280,id24,412.5,271.5,vial4,21,29.970125577344668
281,id24,411.5,275.0,vial4,21,29.970125577344668
282,id24,411.5,277.5,vial4,21,29.970125577344668
283,id24,410.5,280.0,vial4,21,29.970125577344668
284,id24,409.5,282.5,vial4,21,29.970125577344668
285,id24,408.5,284.5,vial4,21,29.970125577344668
286,id24,408.0,286.5,vial4,21,29.970125577344668
287,id24,407.0,288.5,vial4,21,29.970125577344668
288,id24,406.5,289.0,vial4,21,29.970125577344668
289,id24,406.0,290.0,vial4,21,29.970125577344668
290,id24,406.0,289.0,vial4,21,29.970125577344668
291,id24,391.5,291.0,vial4,21,29.970125577344668
292,id24,367.0,301.5,vial4,21,29.970125577344668
293,id24,367.5,303.5,vial4,21,29.970125577344668
294,id24,366.5,302.0,vial4,21,29.970125577344668
295,id24,366.5,301.0,vial4,21,29.970125577344668
296,id24,366.5,300.0,vial4,21,29.970125577344668
297,id24,366.5,298.0,vial4,21,29.970125577344668
298,id24,366.5,297.0,vial4,21,29.970125577344668
299,id24,366.5,295.5,vial4,21,29.970125577344668
300,id24,366.5,294.0,vial4,21,29.970125577344668
301,id24,366.5,292.5,vial4,21,29.970125577344668
302,id24,367.0,292.0,vial4,21,29.970125577344668
303,id24,368.0,291.5,vial4,21,29.970125577344668
304,id24,369.0,291.5,vial4,21,29.970125577344668
305,id24,369.0,291.5,vial4,21,29.970125577344668
306,id24,371.0,291.5,vial4,21,29.970125577344668
307,id24,372.0,290.5,vial4,21,29.970125577344668
308,id24,374.0,289.5,vial4,21,29.970125577344668
309,id24,374.0,289.5,vial4,21,29.970125577344668
310,id24,375.5,289.0,vial4,21,29.970125577344668
311,id24,377.5,288.0,vial4,21,29.970125577344668
312,id24,379.5,287.5,vial4,21,29.970125577344668
313,id24,381.0,286.5,vial4,21,29.970125577344668
314,id24,384.0,286.0,vial4,21,29.970125577344668
315,id24,386.5,285.5,vial4,21,29.970125577344668
316,id24,389.0,285.0,vial4,21,29.970125577344668
317,id24,391.5,284.0,vial4,21,29.970125577344668
318,id24,394.5,284.0,vial4,21,29.970125577344668
319,id24,397.5,283.0,vial4,21,29.970125577344668
320,id24,400.5,282.5,vial4,21,29.970125577344668
321,id24,403.5,281.5,vial4,21,29.970125577344668
322,id24,406.5,280.5,vial4,21,29.970125577344668
323,id24,408.5,280.0,vial4,21,29.970125577344668
324,id24,410.5,278.5,vial4,21,29.970125577344668
325,id24,413.5,277.5,vial4,21,29.970125577344668
326,id24,415.0,276.5,vial4,21,29.970125577344668
327,id24,417.0,275.5,vial4,21,29.970125577344668
328,id24,419.0,274.5,vial4,21,29.970125577344668
329,id24,420.0,273.5,vial4,21,29.970125577344668
330,id24,421.0,273.5,vial4,21,29.970125577344668
331,id24,421.5,273.0,vial4,21,29.970125577344668
332,id24,422.0,272.5,vial4,21,29.970125577344668
333,id24,417.5,268.0,vial4,21,29.970125577344668
334,id24,429.5,268.0,vial4,21,29.970125577344668
335,id24,429.0,268.0,vial4,21,29.970125577344668
336,id24,428.5,267.5,vial4,21,29.970125577344668
337,id24,428.5,266.0,vial4,21,29.970125577344668
338,id24,428.5,264.0,vial4,21,29.970125577344668
339,id24,428.5,262.0,vial4,21,29.970125577344668
340,id24,428.5,259.0,vial4,21,29.970125577344668
341,id24,428.5,258.0,vial4,21,29.970125577344668
342,id24,428.5,256.5,vial4,21,29.970125577344668
0,id25,148.5,334.0,vial2,10,29.970125577344668
1,id25,148.0,334.5,vial2,10,29.970125577344668
2,id25,148.0,335.0,vial2,10,29.970125577344668
3,id25,149.5,335.5,vial2,10,29.970125577344668
4,id25,149.0,334.5,vial2,10,29.970125577344668
5,id25,149.5,335.0,vial2,10,29.970125577344668
6,id25,153.5,336.0,vial2,10,29.970125577344668
7,id25,155.0,336.5,vial2,10,29.970125577344668
8,id25,155.0,336.5,vial2,10,29.970125577344668
9,id25,156.0,336.0,vial2,10,29.970125577344668
10,id25,155.5,336.0,vial2,10,29.970125577344668
11,id25,155.0,336.0,vial2,10,29.970125577344668
12,id25,155.5,336.0,vial2,10,29.970125577344668
13,id25,155.5,335.5,vial2,10,29.970125577344668
14,id25,155.0,336.0,vial2,10,29.970125577344668
15,id25,155.0,336.0,vial2,10,29.970125577344668
16,id25,155.0,335.5,vial2,10,29.970125577344668
17,id25,154.5,336.0,vial2,10,29.970125577344668
18,id25,155.0,336.0,vial2,10,29.970125577344668
19,id25,155.5,335.5,vial2,10,29.970125577344668
20,id25,155.5,335.5,vial2,10,29.970125577344668
21,id25,155.0,336.5,vial2,10,29.970125577344668
22,id25,154.5,336.5,vial2,10,29.970125577344668
23,id25,153.5,336.5,vial2,10,29.970125577344668
24,id25,153.0,337.0,vial2,10,29.970125577344668
25,id25,151.5,337.5,vial2,10,29.970125577344668
26,id25,149.0,336.5,vial2,10,29.970125577344668
27,id25,149.0,336.5,vial2,10,29.970125577344668
28,id25,148.5,337.5,vial2,10,29.970125577344668
29,id25,147.0,337.0,vial2,10,29.970125577344668
30,id25,146.5,337.0,vial2,10,29.970125577344668
31,id25,146.5,337.0,vial2,10,29.970125577344668
32,id25,145.0,337.0,vial2,10,29.970125577344668
33,id25,144.5,337.0,vial2,10,29.970125577344668
34,id25,144.5,337.0,vial2,10,29.970125577344668
35,id25,144.5,337.0,vial2,10,29.970125577344668
36,id25,144.5,337.0,vial2,10,29.970125577344668
37,id25,144.5,337.0,vial2,10,29.970125577344668
38,id25,144.5,337.0,vial2,10,29.970125577344668
39,id25,144.5,337.0,vial2,10,29.970125577344668
40,id25,144.5,337.0,vial2,10,29.970125577344668
41,id25,144.0,337.0,vial2,10,29.970125577344668
42,id25,143.0,337.0,vial2,10,29.970125577344668
43,id25,142.5,337.0,vial2,10,29.970125577344668
44,id25,141.0,337.0,vial2,10,29.970125577344668
45,id25,140.5,337.0,vial2,10,29.970125577344668
46,id25,139.5,336.5,vial2,10,29.970125577344668
47,id25,139.0,336.5,vial2,10,29.970125577344668
48,id25,139.0,336.5,vial2,10,29.970125577344668
49,id25,139.0,336.5,vial2,10,29.970125577344668
50,id25,139.0,336.5,vial2,10,29.970125577344668
51,id25,139.0,337.0,vial2,10,29.970125577344668
52,id25,130.5,320.0,vial2,10,29.970125577344668
53,id25,137.5,325.0,vial2,10,29.970125577344668
54,id25,155.5,322.5,vial2,10,29.970125577344668
55,id25,167.5,309.5,vial2,10,29.970125577344668
58,id25,178.5,296.0,vial2,10,29.970125577344668
59,id25,179.0,295.0,vial2,10,29.970125577344668
60,id25,179.0,294.0,vial2,10,29.970125577344668
61,id25,180.0,292.5,vial2,10,29.970125577344668
62,id25,180.5,292.0,vial2,10,29.970125577344668
63,id25,181.5,291.0,vial2,10,29.970125577344668
64,id25,182.5,290.0,vial2,10,29.970125577344668
65,id25,183.5,289.0,vial2,10,29.970125577344668
66,id25,184.5,288.0,vial2,10,29.970125577344668
67,id25,185.5,288.0,vial2,10,29.970125577344668
68,id25,186.5,287.5,vial2,10,29.970125577344668
69,id25,187.5,287.5,vial2,10,29.970125577344668
70,id25,187.5,287.5,vial2,10,29.970125577344668
71,id25,188.0,287.5,vial2,10,29.970125577344668
72,id25,188.0,286.5,vial2,10,29.970125577344668
73,id25,188.0,286.5,vial2,10,29.970125577344668
74,id25,188.0,286.5,vial2,10,29.970125577344668
75,id25,188.0,286.5,vial2,10,29.970125577344668
76,id25,188.0,286.0,vial2,10,29.970125577344668
77,id25,188.0,286.0,vial2,10,29.970125577344668
78,id25,187.5,286.5,vial2,10,29.970125577344668
79,id25,187.0,286.0,vial2,10,29.970125577344668
80,id25,187.0,286.5,vial2,10,29.970125577344668
81,id25,187.5,286.5,vial2,10,29.970125577344668
82,id25,187.0,286.5,vial2,10,29.970125577344668
83,id25,187.0,294.0,vial2,10,29.970125577344668
84,id25,133.0,335.5,vial2,10,29.970125577344668
85,id25,131.0,335.5,vial2,10,29.970125577344668
86,id25,130.5,334.5,vial2,10,29.970125577344668
87,id25,129.5,335.0,vial2,10,29.970125577344668
88,id25,127.0,335.0,vial2,10,29.970125577344668
89,id25,125.5,336.0,vial2,10,29.970125577344668
90,id25,125.5,335.5,vial2,10,29.970125577344668
91,id25,126.0,335.5,vial2,10,29.970125577344668
92,id25,126.5,335.5,vial2,10,29.970125577344668
93,id25,127.0,335.5,vial2,10,29.970125577344668
94,id25,128.5,335.5,vial2,10,29.970125577344668
95,id25,129.0,335.0,vial2,10,29.970125577344668
96,id25,129.0,334.5,vial2,10,29.970125577344668
97,id25,130.0,333.5,vial2,10,29.970125577344668
98,id25,130.0,333.0,vial2,10,29.970125577344668
99,id25,129.5,332.0,vial2,10,29.970125577344668
100,id25,130.0,330.0,vial2,10,29.970125577344668
101,id25,130.0,327.5,vial2,10,29.970125577344668
102,id25,130.5,327.0,vial2,10,29.970125577344668
103,id25,130.5,326.0,vial2,10,29.970125577344668
104,id25,131.5,324.0,vial2,10,29.970125577344668
105,id25,132.5,322.5,vial2,10,29.970125577344668
106,id25,134.0,321.0,vial2,10,29.970125577344668
107,id25,135.5,320.0,vial2,10,29.970125577344668
108,id25,137.0,319.0,vial2,10,29.970125577344668
109,id25,138.5,318.0,vial2,10,29.970125577344668
110,id25,139.5,317.5,vial2,10,29.970125577344668
111,id25,141.5,317.0,vial2,10,29.970125577344668
112,id25,143.5,316.5,vial2,10,29.970125577344668
113,id25,145.0,316.5,vial2,10,29.970125577344668
114,id25,147.0,316.0,vial2,10,29.970125577344668
115,id25,148.5,316.0,vial2,10,29.970125577344668
116,id25,150.0,316.0,vial2,10,29.970125577344668
117,id25,152.0,316.0,vial2,10,29.970125577344668
118,id25,153.5,316.0,vial2,10,29.970125577344668
119,id25,155.0,316.0,vial2,10,29.970125577344668
120,id25,157.0,316.0,vial2,10,29.970125577344668
121,id25,158.0,315.5,vial2,10,29.970125577344668
122,id25,161.0,315.0,vial2,10,29.970125577344668
123,id25,162.0,315.0,vial2,10,29.970125577344668
124,id25,164.0,314.5,vial2,10,29.970125577344668
125,id25,165.0,314.0,vial2,10,29.970125577344668
126,id25,167.0,314.0,vial2,10,29.970125577344668
127,id25,168.5,313.0,vial2,10,29.970125577344668
128,id25,171.0,312.5,vial2,10,29.970125577344668
129,id25,172.5,311.5,vial2,10,29.970125577344668
130,id25,174.5,311.5,vial2,10,29.970125577344668
131,id25,175.5,310.5,vial2,10,29.970125577344668
132,id25,176.0,310.5,vial2,10,29.970125577344668
133,id25,176.5,309.5,vial2,10,29.970125577344668
134,id25,177.5,309.5,vial2,10,29.970125577344668
135,id25,178.5,309.0,vial2,10,29.970125577344668
136,id25,180.0,308.5,vial2,10,29.970125577344668
137,id25,181.0,308.0,vial2,10,29.970125577344668
138,id25,182.0,307.5,vial2,10,29.970125577344668
139,id25,182.5,306.5,vial2,10,29.970125577344668
140,id25,183.5,306.5,vial2,10,29.970125577344668
141,id25,184.0,305.0,vial2,10,29.970125577344668
142,id25,184.5,304.5,vial2,10,29.970125577344668
143,id25,185.5,304.0,vial2,10,29.970125577344668
144,id25,185.5,303.5,vial2,10,29.970125577344668
145,id25,187.0,303.5,vial2,10,29.970125577344668
146,id25,187.5,304.5,vial2,10,29.970125577344668
147,id25,187.5,304.5,vial2,10,29.970125577344668
148,id25,187.5,305.5,vial2,10,29.970125577344668
149,id25,188.0,306.0,vial2,10,29.970125577344668
150,id25,188.5,306.5,vial2,10,29.970125577344668
151,id25,187.5,307.5,vial2,10,29.970125577344668
152,id25,187.5,307.5,vial2,10,29.970125577344668
153,id25,187.5,307.5,vial2,10,29.970125577344668
154,id25,187.5,308.5,vial2,10,29.970125577344668
155,id25,187.0,308.5,vial2,10,29.970125577344668
156,id25,187.0,309.5,vial2,10,29.970125577344668
157,id25,186.0,309.5,vial2,10,29.970125577344668
158,id25,185.0,310.5,vial2,10,29.970125577344668
159,id25,183.0,310.5,vial2,10,29.970125577344668
160,id25,182.0,310.5,vial2,10,29.970125577344668
161,id25,180.5,311.0,vial2,10,29.970125577344668
162,id25,178.5,311.0,vial2,10,29.970125577344668
163,id25,177.5,311.0,vial2,10,29.970125577344668
164,id25,175.0,311.0,vial2,10,29.970125577344668
165,id25,173.5,311.0,vial2,10,29.970125577344668
166,id25,171.0,311.0,vial2,10,29.970125577344668
167,id25,169.5,311.0,vial2,10,29.970125577344668
168,id25,168.0,311.0,vial2,10,29.970125577344668
169,id25,166.0,311.0,vial2,10,29.970125577344668
170,id25,165.0,311.0,vial2,10,29.970125577344668
171,id25,164.0,311.0,vial2,10,29.970125577344668
172,id25,164.0,311.0,vial2,10,29.970125577344668
173,id25,163.0,311.0,vial2,10,29.970125577344668
174,id25,163.0,311.0,vial2,10,29.970125577344668
175,id25,163.0,311.0,vial2,10,29.970125577344668
176,id25,163.0,311.0,vial2,10,29.970125577344668
177,id25,163.0,311.0,vial2,10,29.970125577344668
178,id25,163.0,311.0,vial2,10,29.970125577344668
179,id25,162.0,311.0,vial2,10,29.970125577344668
180,id25,172.5,317.0,vial2,10,29.970125577344668
181,id25,163.5,335.5,vial2,10,29.970125577344668
182,id25,164.0,335.5,vial2,10,29.970125577344668
183,id25,163.5,335.0,vial2,10,29.970125577344668
184,id25,163.5,335.0,vial2,10,29.970125577344668
185,id25,163.5,335.0,vial2,10,29.970125577344668
186,id25,163.5,335.0,vial2,10,29.970125577344668
187,id25,163.5,335.0,vial2,10,29.970125577344668
188,id25,163.5,335.0,vial2,10,29.970125577344668
189,id25,163.5,335.0,vial2,10,29.970125577344668
190,id25,162.5,335.0,vial2,10,29.970125577344668
191,id25,161.5,335.0,vial2,10,29.970125577344668
192,id25,161.0,335.0,vial2,10,29.970125577344668
193,id25,160.0,335.0,vial2,10,29.970125577344668
194,id25,158.5,335.0,vial2,10,29.970125577344668
195,id25,157.0,335.0,vial2,10,29.970125577344668
196,id25,157.0,335.0,vial2,10,29.970125577344668
197,id25,156.0,335.5,vial2,10,29.970125577344668
198,id25,154.5,335.5,vial2,10,29.970125577344668
199,id25,153.0,335.5,vial2,10,29.970125577344668
200,id25,151.0,335.0,vial2,10,29.970125577344668
201,id25,149.5,335.5,vial2,10,29.970125577344668
202,id25,146.5,335.0,vial2,10,29.970125577344668
203,id25,144.5,335.5,vial2,10,29.970125577344668
204,id25,142.0,335.5,vial2,10,29.970125577344668
205,id25,140.0,335.5,vial2,10,29.970125577344668
206,id25,138.5,335.5,vial2,10,29.970125577344668
207,id25,137.0,335.5,vial2,10,29.970125577344668
208,id25,137.0,335.5,vial2,10,29.970125577344668
209,id25,137.0,335.5,vial2,10,29.970125577344668
210,id25,137.0,317.0,vial2,10,29.970125577344668
212,id25,129.0,267.0,vial2,10,29.970125577344668
214,id25,129.5,300.0,vial2,10,29.970125577344668
215,id25,128.5,303.0,vial2,10,29.970125577344668
216,id25,128.5,303.0,vial2,10,29.970125577344668
217,id25,128.5,302.5,vial2,10,29.970125577344668
218,id25,129.5,301.5,vial2,10,29.970125577344668
219,id25,128.5,301.0,vial2,10,29.970125577344668
220,id25,129.0,300.0,vial2,10,29.970125577344668
221,id25,129.5,299.0,vial2,10,29.970125577344668
222,id25,130.5,297.0,vial2,10,29.970125577344668
223,id25,130.5,296.0,vial2,10,29.970125577344668
224,id25,130.5,295.0,vial2,10,29.970125577344668
225,id25,130.5,294.0,vial2,10,29.970125577344668
226,id25,140.5,285.0,vial2,10,29.970125577344668
227,id25,152.0,251.0,vial2,10,29.970125577344668
228,id25,157.5,208.0,vial2,10,29.970125577344668
229,id25,173.0,171.5,vial2,10,29.970125577344668
230,id25,178.5,165.0,vial2,10,29.970125577344668
231,id25,178.0,163.5,vial2,10,29.970125577344668
232,id25,178.0,162.0,vial2,10,29.970125577344668
233,id25,178.0,160.0,vial2,10,29.970125577344668
234,id25,179.0,159.0,vial2,10,29.970125577344668
235,id25,180.5,157.0,vial2,10,29.970125577344668
236,id25,181.5,155.0,vial2,10,29.970125577344668
237,id25,182.5,153.0,vial2,10,29.970125577344668
238,id25,183.5,151.5,vial2,10,29.970125577344668
239,id25,184.5,149.0,vial2,10,29.970125577344668
240,id25,184.0,145.5,vial2,10,29.970125577344668
241,id25,182.5,143.5,vial2,10,29.970125577344668
242,id25,184.0,144.0,vial2,10,29.970125577344668
243,id25,184.5,143.0,vial2,10,29.970125577344668
244,id25,183.5,142.0,vial2,10,29.970125577344668
245,id25,183.5,141.5,vial2,10,29.970125577344668
246,id25,183.0,140.5,vial2,10,29.970125577344668
247,id25,182.5,139.5,vial2,10,29.970125577344668
248,id25,181.5,138.0,vial2,10,29.970125577344668
249,id25,180.5,136.5,vial2,10,29.970125577344668
250,id25,180.0,134.5,vial2,10,29.970125577344668
251,id25,179.0,133.5,vial2,10,29.970125577344668
252,id25,177.5,131.5,vial2,10,29.970125577344668
253,id25,177.0,129.5,vial2,10,29.970125577344668
254,id25,176.0,128.5,vial2,10,29.970125577344668
255,id25,176.0,128.0,vial2,10,29.970125577344668
256,id25,175.5,127.0,vial2,10,29.970125577344668
257,id25,177.0,126.0,vial2,10,29.970125577344668
258,id25,175.0,125.5,vial2,10,29.970125577344668
259,id25,173.0,124.0,vial2,10,29.970125577344668
260,id25,171.0,123.0,vial2,10,29.970125577344668
261,id25,172.5,121.5,vial2,10,29.970125577344668
262,id25,171.0,119.5,vial2,10,29.970125577344668
263,id25,170.0,118.0,vial2,10,29.970125577344668
264,id25,169.5,116.5,vial2,10,29.970125577344668
265,id25,168.0,115.5,vial2,10,29.970125577344668
266,id25,167.0,113.5,vial2,10,29.970125577344668
267,id25,165.5,111.5,vial2,10,29.970125577344668
268,id25,164.5,110.5,vial2,10,29.970125577344668
269,id25,163.5,109.0,vial2,10,29.970125577344668
270,id25,162.5,108.5,vial2,10,29.970125577344668
271,id25,160.5,107.0,vial2,10,29.970125577344668
272,id25,159.0,106.0,vial2,10,29.970125577344668
273,id25,157.5,105.0,vial2,10,29.970125577344668
274,id25,156.0,104.0,vial2,10,29.970125577344668
275,id25,154.0,103.0,vial2,10,29.970125577344668
276,id25,152.5,102.5,vial2,10,29.970125577344668
277,id25,150.5,101.5,vial2,10,29.970125577344668
278,id25,149.0,102.5,vial2,10,29.970125577344668
279,id25,146.5,102.0,vial2,10,29.970125577344668
280,id25,145.0,102.5,vial2,10,29.970125577344668
281,id25,143.5,103.0,vial2,10,29.970125577344668
282,id25,142.0,103.0,vial2,10,29.970125577344668
283,id25,140.5,103.0,vial2,10,29.970125577344668
284,id25,139.0,104.0,vial2,10,29.970125577344668
285,id25,138.5,105.0,vial2,10,29.970125577344668
286,id25,136.5,106.0,vial2,10,29.970125577344668
287,id25,137.0,107.0,vial2,10,29.970125577344668
288,id25,137.0,107.0,vial2,10,29.970125577344668
289,id25,136.0,108.0,vial2,10,29.970125577344668
290,id25,135.5,109.5,vial2,10,29.970125577344668
291,id25,135.0,111.0,vial2,10,29.970125577344668
292,id25,133.5,112.0,vial2,10,29.970125577344668
293,id25,132.5,112.5,vial2,10,29.970125577344668
294,id25,132.0,112.0,vial2,10,29.970125577344668
295,id25,131.0,111.5,vial2,10,29.970125577344668
296,id25,130.0,111.0,vial2,10,29.970125577344668
297,id25,129.0,110.5,vial2,10,29.970125577344668
298,id25,128.0,109.5,vial2,10,29.970125577344668
299,id25,127.5,108.5,vial2,10,29.970125577344668
300,id25,126.5,107.5,vial2,10,29.970125577344668
301,id25,126.5,107.0,vial2,10,29.970125577344668
302,id25,125.5,106.5,vial2,10,29.970125577344668
303,id25,125.5,105.5,vial2,10,29.970125577344668
304,id25,125.5,104.5,vial2,10,29.970125577344668
305,id25,125.5,104.0,vial2,10,29.970125577344668
306,id25,125.5,103.0,vial2,10,29.970125577344668
307,id25,125.5,102.0,vial2,10,29.970125577344668
308,id25,126.0,101.0,vial2,10,29.970125577344668
309,id25,127.0,100.5,vial2,10,29.970125577344668
310,id25,128.0,100.5,vial2,10,29.970125577344668
311,id25,129.0,100.5,vial2,10,29.970125577344668
312,id25,130.5,99.5,vial2,10,29.970125577344668
313,id25,131.0,99.5,vial2,10,29.970125577344668
314,id25,132.5,98.5,vial2,10,29.970125577344668
315,id25,133.5,97.5,vial2,10,29.970125577344668
316,id25,135.5,96.5,vial2,10,29.970125577344668
317,id25,137.5,95.5,vial2,10,29.970125577344668
318,id25,138.5,95.0,vial2,10,29.970125577344668
319,id25,140.5,93.5,vial2,10,29.970125577344668
320,id25,142.0,92.0,vial2,10,29.970125577344668
321,id25,144.0,91.0,vial2,10,29.970125577344668
322,id25,145.5,90.0,vial2,10,29.970125577344668
323,id25,147.0,89.0,vial2,10,29.970125577344668
324,id25,148.0,88.0,vial2,10,29.970125577344668
325,id25,150.0,87.0,vial2,10,29.970125577344668
326,id25,151.0,86.5,vial2,10,29.970125577344668
327,id25,153.0,85.5,vial2,10,29.970125577344668
328,id25,154.5,84.5,vial2,10,29.970125577344668
329,id25,157.0,83.5,vial2,10,29.970125577344668
330,id25,159.5,83.5,vial2,10,29.970125577344668
331,id25,161.5,83.0,vial2,10,29.970125577344668
332,id25,163.5,82.5,vial2,10,29.970125577344668
333,id25,165.5,82.0,vial2,10,29.970125577344668
334,id25,167.5,81.5,vial2,10,29.970125577344668
335,id25,169.0,81.5,vial2,10,29.970125577344668
336,id25,170.5,80.5,vial2,10,29.970125577344668
337,id25,171.0,80.0,vial2,10,29.970125577344668
338,id25,171.5,79.5,vial2,10,29.970125577344668
339,id25,172.5,78.5,vial2,10,29.970125577344668
340,id25,173.5,76.5,vial2,10,29.970125577344668
341,id25,174.5,75.5,vial2,10,29.970125577344668
342,id25,175.5,74.5,vial2,10,29.970125577344668
0,id26,610.0,338.0,vial6,34,29.970125577344668
1,id26,609.5,338.5,vial6,34,29.970125577344668
2,id26,612.0,339.5,vial6,34,29.970125577344668
3,id26,610.0,338.5,vial6,34,29.970125577344668
4,id26,609.0,337.5,vial6,34,29.970125577344668
5,id26,608.0,338.0,vial6,34,29.970125577344668
6,id26,607.5,338.0,vial6,34,29.970125577344668
7,id26,607.0,339.0,vial6,34,29.970125577344668
8,id26,606.5,339.0,vial6,34,29.970125577344668
9,id26,607.5,338.5,vial6,34,29.970125577344668
10,id26,607.5,337.5,vial6,34,29.970125577344668
11,id26,607.5,339.0,vial6,34,29.970125577344668
12,id26,608.5,339.5,vial6,34,29.970125577344668
13,id26,609.5,339.0,vial6,34,29.970125577344668
14,id26,608.5,339.5,vial6,34,29.970125577344668
15,id26,609.5,339.5,vial6,34,29.970125577344668
16,id26,610.0,340.0,vial6,34,29.970125577344668
17,id26,610.5,339.0,vial6,34,29.970125577344668
18,id26,610.5,338.5,vial6,34,29.970125577344668
19,id26,610.5,338.5,vial6,34,29.970125577344668
20,id26,607.5,337.5,vial6,34,29.970125577344668
21,id26,613.0,323.5,vial6,34,29.970125577344668
22,id26,614.0,327.0,vial6,34,29.970125577344668
23,id26,608.5,335.0,vial6,34,29.970125577344668
24,id26,606.0,339.0,vial6,34,29.970125577344668
25,id26,613.5,337.0,vial6,34,29.970125577344668
27,id26,608.0,319.0,vial6,34,29.970125577344668
28,id26,603.5,315.0,vial6,34,29.970125577344668
29,id26,603.0,313.5,vial6,34,29.970125577344668
30,id26,603.0,312.5,vial6,34,29.970125577344668
31,id26,603.0,310.5,vial6,34,29.970125577344668
32,id26,602.5,308.0,vial6,34,29.970125577344668
33,id26,603.0,305.5,vial6,34,29.970125577344668
34,id26,603.5,303.0,vial6,34,29.970125577344668
35,id26,603.5,299.5,vial6,34,29.970125577344668
36,id26,604.0,296.5,vial6,34,29.970125577344668
37,id26,605.0,295.5,vial6,34,29.970125577344668
38,id26,605.5,293.0,vial6,34,29.970125577344668
39,id26,606.5,291.0,vial6,34,29.970125577344668
40,id26,607.5,289.5,vial6,34,29.970125577344668
41,id26,608.5,288.0,vial6,34,29.970125577344668
42,id26,609.0,286.0,vial6,34,29.970125577344668
43,id26,609.0,284.5,vial6,34,29.970125577344668
44,id26,609.0,282.0,vial6,34,29.970125577344668
45,id26,609.0,279.5,vial6,34,29.970125577344668
46,id26,608.0,276.5,vial6,34,29.970125577344668
47,id26,608.0,273.0,vial6,34,29.970125577344668
48,id26,608.0,270.5,vial6,34,29.970125577344668
49,id26,608.0,266.5,vial6,34,29.970125577344668
50,id26,607.0,263.5,vial6,34,29.970125577344668
51,id26,607.0,260.0,vial6,34,29.970125577344668
52,id26,607.0,259.0,vial6,34,29.970125577344668
53,id26,607.0,256.0,vial6,34,29.970125577344668
54,id26,607.0,253.5,vial6,34,29.970125577344668
55,id26,607.0,251.0,vial6,34,29.970125577344668
56,id26,607.0,248.0,vial6,34,29.970125577344668
57,id26,607.0,246.0,vial6,34,29.970125577344668
58,id26,607.5,242.5,vial6,34,29.970125577344668
59,id26,608.0,239.5,vial6,34,29.970125577344668
60,id26,608.5,237.0,vial6,34,29.970125577344668
61,id26,609.5,234.0,vial6,34,29.970125577344668
62,id26,610.0,231.0,vial6,34,29.970125577344668
63,id26,610.5,228.0,vial6,34,29.970125577344668
64,id26,611.5,225.0,vial6,34,29.970125577344668
65,id26,611.5,222.5,vial6,34,29.970125577344668
66,id26,611.5,219.0,vial6,34,29.970125577344668
67,id26,611.5,217.0,vial6,34,29.970125577344668
68,id26,612.5,216.0,vial6,34,29.970125577344668
69,id26,612.5,214.0,vial6,34,29.970125577344668
70,id26,612.5,212.0,vial6,34,29.970125577344668
71,id26,613.5,209.0,vial6,34,29.970125577344668
72,id26,614.0,206.0,vial6,34,29.970125577344668
73,id26,615.5,204.0,vial6,34,29.970125577344668
74,id26,615.5,201.0,vial6,34,29.970125577344668
75,id26,616.5,198.0,vial6,34,29.970125577344668
76,id26,617.5,195.0,vial6,34,29.970125577344668
77,id26,618.5,193.0,vial6,34,29.970125577344668
78,id26,618.5,190.0,vial6,34,29.970125577344668
79,id26,618.5,187.5,vial6,34,29.970125577344668
80,id26,619.0,184.0,vial6,34,29.970125577344668
81,id26,619.5,181.5,vial6,34,29.970125577344668
82,id26,620.5,178.5,vial6,34,29.970125577344668
83,id26,620.5,175.5,vial6,34,29.970125577344668
84,id26,621.0,172.0,vial6,34,29.970125577344668
85,id26,621.5,169.0,vial6,34,29.970125577344668
86,id26,622.5,166.5,vial6,34,29.970125577344668
87,id26,621.5,163.5,vial6,34,29.970125577344668
88,id26,622.0,160.5,vial6,34,29.970125577344668
89,id26,621.5,157.5,vial6,34,29.970125577344668
90,id26,622.0,155.5,vial6,34,29.970125577344668
91,id26,621.5,152.5,vial6,34,29.970125577344668
92,id26,622.0,150.0,vial6,34,29.970125577344668
93,id26,622.0,147.0,vial6,34,29.970125577344668
94,id26,622.0,144.0,vial6,34,29.970125577344668
95,id26,622.5,141.5,vial6,34,29.970125577344668
96,id26,622.5,138.5,vial6,34,29.970125577344668
97,id26,624.5,136.0,vial6,34,29.970125577344668
98,id26,625.0,134.0,vial6,34,29.970125577344668
99,id26,626.5,132.0,vial6,34,29.970125577344668
100,id26,627.5,129.5,vial6,34,29.970125577344668
101,id26,629.0,127.5,vial6,34,29.970125577344668
102,id26,630.5,124.5,vial6,34,29.970125577344668
103,id26,632.0,123.0,vial6,34,29.970125577344668
104,id26,633.0,121.0,vial6,34,29.970125577344668
105,id26,635.0,119.0,vial6,34,29.970125577344668
106,id26,636.5,116.5,vial6,34,29.970125577344668
107,id26,638.0,114.5,vial6,34,29.970125577344668
108,id26,640.0,112.5,vial6,34,29.970125577344668
109,id26,641.5,111.0,vial6,34,29.970125577344668
110,id26,644.5,110.5,vial6,34,29.970125577344668
111,id26,646.0,109.0,vial6,34,29.970125577344668
112,id26,648.0,108.0,vial6,34,29.970125577344668
113,id26,650.5,106.0,vial6,34,29.970125577344668
114,id26,651.5,105.5,vial6,34,29.970125577344668
115,id26,653.5,104.0,vial6,34,29.970125577344668
116,id26,655.0,103.0,vial6,34,29.970125577344668
117,id26,657.0,102.0,vial6,34,29.970125577344668
118,id26,658.5,100.5,vial6,34,29.970125577344668
119,id26,660.5,99.5,vial6,34,29.970125577344668
120,id26,662.0,97.5,vial6,34,29.970125577344668
121,id26,663.0,97.5,vial6,34,29.970125577344668
122,id26,664.0,97.5,vial6,34,29.970125577344668
123,id26,665.0,97.0,vial6,34,29.970125577344668
124,id26,666.0,96.0,vial6,34,29.970125577344668
125,id26,666.0,95.0,vial6,34,29.970125577344668
126,id26,666.5,93.5,vial6,34,29.970125577344668
127,id26,666.5,90.5,vial6,34,29.970125577344668
128,id26,667.0,88.5,vial6,34,29.970125577344668
129,id26,667.5,86.0,vial6,34,29.970125577344668
130,id26,668.0,84.0,vial6,34,29.970125577344668
131,id26,668.0,81.5,vial6,34,29.970125577344668
132,id26,668.0,79.0,vial6,34,29.970125577344668
133,id26,667.5,76.0,vial6,34,29.970125577344668
134,id26,667.0,74.0,vial6,34,29.970125577344668
135,id26,667.0,72.0,vial6,34,29.970125577344668
136,id26,667.0,70.0,vial6,34,29.970125577344668
137,id26,666.5,67.0,vial6,34,29.970125577344668
138,id26,666.0,65.0,vial6,34,29.970125577344668
139,id26,665.5,63.0,vial6,34,29.970125577344668
140,id26,665.0,61.0,vial6,34,29.970125577344668
141,id26,664.5,60.0,vial6,34,29.970125577344668
142,id26,664.0,58.0,vial6,34,29.970125577344668
143,id26,663.0,57.0,vial6,34,29.970125577344668
144,id26,662.5,55.5,vial6,34,29.970125577344668
145,id26,661.5,53.5,vial6,34,29.970125577344668
146,id26,660.5,51.5,vial6,34,29.970125577344668
147,id26,659.0,51.0,vial6,34,29.970125577344668
148,id26,657.0,50.0,vial6,34,29.970125577344668
149,id26,655.5,49.0,vial6,34,29.970125577344668
150,id26,653.5,48.5,vial6,34,29.970125577344668
151,id26,652.5,48.0,vial6,34,29.970125577344668
152,id26,650.5,47.5,vial6,34,29.970125577344668
153,id26,649.5,47.5,vial6,34,29.970125577344668
154,id26,649.0,46.5,vial6,34,29.970125577344668
155,id26,647.5,46.5,vial6,34,29.970125577344668
156,id26,646.5,46.0,vial6,34,29.970125577344668
157,id26,645.5,45.5,vial6,34,29.970125577344668
158,id26,645.0,45.5,vial6,34,29.970125577344668
159,id26,644.5,45.0,vial6,34,29.970125577344668
160,id26,643.5,43.5,vial6,34,29.970125577344668
161,id26,642.0,42.0,vial6,34,29.970125577344668
162,id26,640.5,41.0,vial6,34,29.970125577344668
163,id26,638.0,41.0,vial6,34,29.970125577344668
164,id26,635.0,40.5,vial6,34,29.970125577344668
165,id26,632.5,41.0,vial6,34,29.970125577344668
166,id26,630.5,40.5,vial6,34,29.970125577344668
167,id26,629.0,40.0,vial6,34,29.970125577344668
168,id26,627.5,40.0,vial6,34,29.970125577344668
169,id26,626.0,40.0,vial6,34,29.970125577344668
170,id26,624.0,40.0,vial6,34,29.970125577344668
171,id26,622.0,40.0,vial6,34,29.970125577344668
172,id26,620.0,39.0,vial6,34,29.970125577344668
173,id26,618.5,40.0,vial6,34,29.970125577344668
174,id26,616.5,39.0,vial6,34,29.970125577344668
175,id26,615.5,39.0,vial6,34,29.970125577344668
176,id26,614.5,38.5,vial6,34,29.970125577344668
177,id26,612.5,37.5,vial6,34,29.970125577344668
178,id26,611.5,36.0,vial6,34,29.970125577344668
179,id26,611.0,35.0,vial6,34,29.970125577344668
180,id26,610.0,34.0,vial6,34,29.970125577344668
181,id26,609.0,32.0,vial6,34,29.970125577344668
182,id26,608.0,30.5,vial6,34,29.970125577344668
183,id26,607.5,29.0,vial6,34,29.970125577344668
184,id26,606.5,26.5,vial6,34,29.970125577344668
185,id26,605.5,26.0,vial6,34,29.970125577344668
186,id26,605.5,24.0,vial6,34,29.970125577344668
187,id26,604.5,23.0,vial6,34,29.970125577344668
188,id26,604.0,21.0,vial6,34,29.970125577344668
189,id26,604.0,20.0,vial6,34,29.970125577344668
190,id26,604.0,19.0,vial6,34,29.970125577344668
191,id26,604.0,18.0,vial6,34,29.970125577344668
192,id26,604.0,17.0,vial6,34,29.970125577344668
193,id26,604.0,17.0,vial6,34,29.970125577344668
194,id26,604.0,17.0,vial6,34,29.970125577344668
195,id26,604.5,17.0,vial6,34,29.970125577344668
196,id26,604.5,17.0,vial6,34,29.970125577344668
197,id26,604.5,17.0,vial6,34,29.970125577344668
198,id26,604.5,16.0,vial6,34,29.970125577344668
199,id26,604.5,14.5,vial6,34,29.970125577344668
200,id26,605.5,12.5,vial6,34,29.970125577344668
201,id26,606.5,10.5,vial6,34,29.970125577344668
202,id26,607.5,9.0,vial6,34,29.970125577344668
203,id26,607.5,6.0,vial6,34,29.970125577344668
204,id26,608.5,5.0,vial6,34,29.970125577344668
205,id26,609.5,4.0,vial6,34,29.970125577344668
252,id26,644.5,2.0,vial6,34,29.970125577344668
253,id26,647.5,2.5,vial6,34,29.970125577344668
254,id26,649.5,4.0,vial6,34,29.970125577344668
255,id26,652.0,4.0,vial6,34,29.970125577344668
256,id26,654.0,3.5,vial6,34,29.970125577344668
257,id26,656.5,3.5,vial6,34,29.970125577344668
258,id26,658.0,3.5,vial6,34,29.970125577344668
259,id26,661.0,2.5,vial6,34,29.970125577344668
260,id26,663.5,2.5,vial6,34,29.970125577344668
261,id26,665.5,2.5,vial6,34,29.970125577344668
262,id26,667.0,2.5,vial6,34,29.970125577344668
263,id26,668.5,10.0,vial6,34,29.970125577344668
264,id26,668.5,12.0,vial6,34,29.970125577344668
265,id26,669.5,13.5,vial6,34,29.970125577344668
266,id26,669.5,15.0,vial6,34,29.970125577344668
267,id26,669.5,16.0,vial6,34,29.970125577344668
268,id26,669.0,17.0,vial6,34,29.970125577344668
269,id26,668.0,18.0,vial6,34,29.970125577344668
270,id26,667.0,19.0,vial6,34,29.970125577344668
271,id26,666.0,17.5,vial6,34,29.970125577344668
272,id26,664.0,16.5,vial6,34,29.970125577344668
273,id26,662.0,15.5,vial6,34,29.970125577344668
274,id26,659.5,14.5,vial6,34,29.970125577344668
275,id26,657.5,14.5,vial6,34,29.970125577344668
276,id26,655.0,14.0,vial6,34,29.970125577344668
277,id26,652.0,14.0,vial6,34,29.970125577344668
278,id26,649.0,13.5,vial6,34,29.970125577344668
279,id26,646.0,13.5,vial6,34,29.970125577344668
280,id26,643.0,13.5,vial6,34,29.970125577344668
281,id26,639.0,14.0,vial6,34,29.970125577344668
282,id26,636.0,14.0,vial6,34,29.970125577344668
283,id26,633.0,14.0,vial6,34,29.970125577344668
284,id26,631.0,13.5,vial6,34,29.970125577344668
285,id26,628.5,13.0,vial6,34,29.970125577344668
286,id26,626.5,14.0,vial6,34,29.970125577344668
287,id26,624.5,15.5,vial6,34,29.970125577344668
288,id26,624.0,18.0,vial6,34,29.970125577344668
289,id26,623.0,19.5,vial6,34,29.970125577344668
290,id26,621.5,21.0,vial6,34,29.970125577344668
291,id26,620.5,22.0,vial6,34,29.970125577344668
292,id26,618.5,21.5,vial6,34,29.970125577344668
293,id26,616.5,21.0,vial6,34,29.970125577344668
294,id26,614.5,19.5,vial6,34,29.970125577344668
295,id26,613.5,18.0,vial6,34,29.970125577344668
296,id26,612.0,16.0,vial6,34,29.970125577344668
297,id26,611.0,14.5,vial6,34,29.970125577344668
298,id26,609.5,12.0,vial6,34,29.970125577344668
299,id26,608.5,9.5,vial6,34,29.970125577344668
300,id26,607.5,7.0,vial6,34,29.970125577344668
0,id27,174.5,336.0,vial2,11,29.970125577344668
1,id27,175.0,336.0,vial2,11,29.970125577344668
2,id27,174.0,335.5,vial2,11,29.970125577344668
3,id27,176.0,336.0,vial2,11,29.970125577344668
4,id27,174.5,336.0,vial2,11,29.970125577344668
5,id27,172.5,336.5,vial2,11,29.970125577344668
6,id27,171.0,336.0,vial2,11,29.970125577344668
7,id27,169.5,336.5,vial2,11,29.970125577344668
8,id27,164.5,337.0,vial2,11,29.970125577344668
9,id27,166.0,336.0,vial2,11,29.970125577344668
10,id27,165.0,336.5,vial2,11,29.970125577344668
11,id27,164.5,336.5,vial2,11,29.970125577344668
12,id27,164.5,336.0,vial2,11,29.970125577344668
13,id27,164.5,336.5,vial2,11,29.970125577344668
14,id27,163.5,336.5,vial2,11,29.970125577344668
15,id27,163.5,336.5,vial2,11,29.970125577344668
16,id27,163.5,336.5,vial2,11,29.970125577344668
17,id27,164.0,336.5,vial2,11,29.970125577344668
18,id27,163.5,336.5,vial2,11,29.970125577344668
19,id27,164.0,336.5,vial2,11,29.970125577344668
20,id27,163.5,336.0,vial2,11,29.970125577344668
21,id27,163.0,335.5,vial2,11,29.970125577344668
22,id27,164.5,335.0,vial2,11,29.970125577344668
23,id27,164.5,335.0,vial2,11,29.970125577344668
24,id27,165.5,334.5,vial2,11,29.970125577344668
25,id27,165.5,334.5,vial2,11,29.970125577344668
26,id27,165.5,335.5,vial2,11,29.970125577344668
27,id27,166.0,335.5,vial2,11,29.970125577344668
28,id27,168.5,321.5,vial2,11,29.970125577344668
29,id27,164.0,302.5,vial2,11,29.970125577344668
30,id27,176.5,318.0,vial2,11,29.970125577344668
31,id27,178.0,319.0,vial2,11,29.970125577344668
32,id27,177.5,319.0,vial2,11,29.970125577344668
33,id27,179.5,319.0,vial2,11,29.970125577344668
34,id27,177.5,319.0,vial2,11,29.970125577344668
35,id27,177.5,319.0,vial2,11,29.970125577344668
36,id27,177.5,319.0,vial2,11,29.970125577344668
37,id27,177.5,319.0,vial2,11,29.970125577344668
38,id27,177.5,319.0,vial2,11,29.970125577344668
39,id27,177.5,319.0,vial2,11,29.970125577344668
40,id27,178.0,318.5,vial2,11,29.970125577344668
41,id27,177.0,317.0,vial2,11,29.970125577344668
42,id27,176.0,314.5,vial2,11,29.970125577344668
43,id27,175.0,312.5,vial2,11,29.970125577344668
44,id27,174.5,311.5,vial2,11,29.970125577344668
45,id27,174.5,310.0,vial2,11,29.970125577344668
46,id27,174.5,309.0,vial2,11,29.970125577344668
47,id27,174.0,308.0,vial2,11,29.970125577344668
48,id27,173.5,306.0,vial2,11,29.970125577344668
49,id27,173.5,303.5,vial2,11,29.970125577344668
50,id27,174.0,301.5,vial2,11,29.970125577344668
51,id27,174.5,299.0,vial2,11,29.970125577344668
52,id27,174.5,297.0,vial2,11,29.970125577344668
53,id27,175.0,296.0,vial2,11,29.970125577344668
54,id27,175.5,294.0,vial2,11,29.970125577344668
55,id27,176.0,293.0,vial2,11,29.970125577344668
56,id27,176.5,293.5,vial2,11,29.970125577344668
57,id27,176.5,293.0,vial2,11,29.970125577344668
58,id27,177.5,288.5,vial2,11,29.970125577344668
59,id27,178.5,286.0,vial2,11,29.970125577344668
60,id27,180.0,283.5,vial2,11,29.970125577344668
61,id27,180.5,282.5,vial2,11,29.970125577344668
62,id27,181.5,281.5,vial2,11,29.970125577344668
63,id27,182.5,280.5,vial2,11,29.970125577344668
64,id27,183.5,279.5,vial2,11,29.970125577344668
65,id27,184.5,277.5,vial2,11,29.970125577344668
66,id27,185.0,277.5,vial2,11,29.970125577344668
67,id27,185.5,276.5,vial2,11,29.970125577344668
68,id27,186.0,276.0,vial2,11,29.970125577344668
69,id27,187.5,275.0,vial2,11,29.970125577344668
70,id27,187.5,275.0,vial2,11,29.970125577344668
71,id27,188.5,274.5,vial2,11,29.970125577344668
72,id27,188.5,274.5,vial2,11,29.970125577344668
73,id27,189.0,273.5,vial2,11,29.970125577344668
74,id27,189.0,273.0,vial2,11,29.970125577344668
75,id27,189.0,272.5,vial2,11,29.970125577344668
76,id27,189.0,272.5,vial2,11,29.970125577344668
77,id27,189.0,272.0,vial2,11,29.970125577344668
78,id27,185.5,271.0,vial2,11,29.970125577344668
79,id27,168.5,293.0,vial2,11,29.970125577344668
82,id27,140.0,336.5,vial2,11,29.970125577344668
83,id27,139.5,337.0,vial2,11,29.970125577344668
84,id27,138.5,338.0,vial2,11,29.970125577344668
85,id27,138.5,336.5,vial2,11,29.970125577344668
86,id27,136.5,336.0,vial2,11,29.970125577344668
87,id27,137.0,336.5,vial2,11,29.970125577344668
88,id27,137.0,336.5,vial2,11,29.970125577344668
89,id27,137.0,336.5,vial2,11,29.970125577344668
90,id27,137.0,336.5,vial2,11,29.970125577344668
91,id27,137.0,336.5,vial2,11,29.970125577344668
92,id27,137.5,336.0,vial2,11,29.970125577344668
93,id27,137.0,336.5,vial2,11,29.970125577344668
94,id27,137.0,335.5,vial2,11,29.970125577344668
95,id27,137.0,336.0,vial2,11,29.970125577344668
96,id27,136.5,336.0,vial2,11,29.970125577344668
97,id27,137.0,336.5,vial2,11,29.970125577344668
98,id27,137.0,336.0,vial2,11,29.970125577344668
99,id27,137.0,336.5,vial2,11,29.970125577344668
100,id27,137.0,336.5,vial2,11,29.970125577344668
101,id27,137.0,336.5,vial2,11,29.970125577344668
102,id27,137.0,336.5,vial2,11,29.970125577344668
103,id27,137.0,336.5,vial2,11,29.970125577344668
104,id27,137.0,336.5,vial2,11,29.970125577344668
105,id27,137.0,336.5,vial2,11,29.970125577344668
106,id27,137.0,336.5,vial2,11,29.970125577344668
107,id27,137.0,336.5,vial2,11,29.970125577344668
108,id27,137.0,336.5,vial2,11,29.970125577344668
109,id27,137.0,336.5,vial2,11,29.970125577344668
110,id27,137.0,336.5,vial2,11,29.970125577344668
111,id27,137.0,336.5,vial2,11,29.970125577344668
112,id27,137.0,336.5,vial2,11,29.970125577344668
113,id27,137.0,336.5,vial2,11,29.970125577344668
114,id27,137.0,336.5,vial2,11,29.970125577344668
115,id27,137.0,336.5,vial2,11,29.970125577344668
116,id27,137.0,336.5,vial2,11,29.970125577344668
117,id27,137.0,336.5,vial2,11,29.970125577344668
118,id27,137.0,336.5,vial2,11,29.970125577344668
119,id27,136.5,336.5,vial2,11,29.970125577344668
120,id27,137.0,336.5,vial2,11,29.970125577344668
121,id27,137.0,336.5,vial2,11,29.970125577344668
122,id27,137.0,336.5,vial2,11,29.970125577344668
123,id27,137.0,336.5,vial2,11,29.970125577344668
124,id27,137.0,336.5,vial2,11,29.970125577344668
125,id27,137.0,336.5,vial2,11,29.970125577344668
126,id27,137.0,336.5,vial2,11,29.970125577344668
127,id27,137.0,336.5,vial2,11,29.970125577344668
128,id27,137.0,336.5,vial2,11,29.970125577344668
129,id27,137.0,336.5,vial2,11,29.970125577344668
130,id27,137.0,336.5,vial2,11,29.970125577344668
131,id27,137.0,336.5,vial2,11,29.970125577344668
132,id27,137.0,336.5,vial2,11,29.970125577344668
133,id27,137.0,336.5,vial2,11,29.970125577344668
134,id27,137.0,336.5,vial2,11,29.970125577344668
135,id27,137.0,336.5,vial2,11,29.970125577344668
136,id27,137.0,336.5,vial2,11,29.970125577344668
137,id27,137.0,336.5,vial2,11,29.970125577344668
138,id27,137.0,336.5,vial2,11,29.970125577344668
139,id27,137.0,336.5,vial2,11,29.970125577344668
140,id27,137.0,337.0,vial2,11,29.970125577344668
141,id27,137.0,336.5,vial2,11,29.970125577344668
142,id27,137.0,336.5,vial2,11,29.970125577344668
143,id27,137.0,336.5,vial2,11,29.970125577344668
144,id27,137.0,336.5,vial2,11,29.970125577344668
145,id27,137.0,336.5,vial2,11,29.970125577344668
146,id27,137.0,337.0,vial2,11,29.970125577344668
147,id27,137.0,336.5,vial2,11,29.970125577344668
148,id27,137.0,337.0,vial2,11,29.970125577344668
149,id27,137.0,337.0,vial2,11,29.970125577344668
150,id27,137.0,337.0,vial2,11,29.970125577344668
151,id27,137.0,336.5,vial2,11,29.970125577344668
152,id27,137.0,336.5,vial2,11,29.970125577344668
153,id27,137.0,336.5,vial2,11,29.970125577344668
154,id27,137.0,336.5,vial2,11,29.970125577344668
155,id27,137.0,336.5,vial2,11,29.970125577344668
156,id27,137.0,337.0,vial2,11,29.970125577344668
157,id27,137.0,337.0,vial2,11,29.970125577344668
158,id27,137.0,337.0,vial2,11,29.970125577344668
159,id27,137.0,337.0,vial2,11,29.970125577344668
160,id27,137.0,337.0,vial2,11,29.970125577344668
161,id27,137.5,337.0,vial2,11,29.970125577344668
162,id27,137.5,336.5,vial2,11,29.970125577344668
163,id27,138.0,336.5,vial2,11,29.970125577344668
164,id27,140.0,336.5,vial2,11,29.970125577344668
165,id27,142.0,336.0,vial2,11,29.970125577344668
166,id27,144.5,336.5,vial2,11,29.970125577344668
167,id27,147.0,336.5,vial2,11,29.970125577344668
168,id27,150.0,336.5,vial2,11,29.970125577344668
169,id27,153.5,336.5,vial2,11,29.970125577344668
170,id27,157.0,337.0,vial2,11,29.970125577344668
171,id27,160.0,337.0,vial2,11,29.970125577344668
172,id27,162.5,337.0,vial2,11,29.970125577344668
173,id27,165.5,337.0,vial2,11,29.970125577344668
174,id27,167.5,337.0,vial2,11,29.970125577344668
175,id27,169.5,337.0,vial2,11,29.970125577344668
176,id27,169.5,337.5,vial2,11,29.970125577344668
177,id27,171.0,337.0,vial2,11,29.970125577344668
178,id27,172.5,337.5,vial2,11,29.970125577344668
179,id27,174.0,337.0,vial2,11,29.970125577344668
180,id27,175.0,337.5,vial2,11,29.970125577344668
181,id27,175.5,337.0,vial2,11,29.970125577344668
182,id27,175.5,337.0,vial2,11,29.970125577344668
183,id27,175.5,337.0,vial2,11,29.970125577344668
184,id27,175.5,337.0,vial2,11,29.970125577344668
185,id27,175.5,337.0,vial2,11,29.970125577344668
186,id27,175.5,337.0,vial2,11,29.970125577344668
187,id27,176.0,337.0,vial2,11,29.970125577344668
188,id27,176.0,337.5,vial2,11,29.970125577344668
189,id27,175.5,337.5,vial2,11,29.970125577344668
190,id27,175.0,337.5,vial2,11,29.970125577344668
191,id27,175.0,337.5,vial2,11,29.970125577344668
192,id27,175.5,337.5,vial2,11,29.970125577344668
193,id27,175.0,337.5,vial2,11,29.970125577344668
194,id27,175.5,338.0,vial2,11,29.970125577344668
195,id27,175.5,337.5,vial2,11,29.970125577344668
196,id27,175.5,338.0,vial2,11,29.970125577344668
197,id27,175.5,338.0,vial2,11,29.970125577344668
198,id27,175.5,338.0,vial2,11,29.970125577344668
199,id27,175.0,337.5,vial2,11,29.970125577344668
200,id27,175.0,337.0,vial2,11,29.970125577344668
201,id27,175.0,337.0,vial2,11,29.970125577344668
202,id27,176.0,337.0,vial2,11,29.970125577344668
203,id27,176.5,337.0,vial2,11,29.970125577344668
204,id27,177.5,337.0,vial2,11,29.970125577344668
205,id27,178.5,337.0,vial2,11,29.970125577344668
206,id27,179.0,337.0,vial2,11,29.970125577344668
207,id27,179.5,337.0,vial2,11,29.970125577344668
208,id27,180.5,337.0,vial2,11,29.970125577344668
209,id27,180.5,337.0,vial2,11,29.970125577344668
210,id27,182.0,337.0,vial2,11,29.970125577344668
211,id27,182.0,337.0,vial2,11,29.970125577344668
212,id27,181.0,338.0,vial2,11,29.970125577344668
213,id27,181.5,337.0,vial2,11,29.970125577344668
214,id27,182.5,337.0,vial2,11,29.970125577344668
215,id27,183.0,337.0,vial2,11,29.970125577344668
216,id27,183.0,336.5,vial2,11,29.970125577344668
217,id27,183.5,336.5,vial2,11,29.970125577344668
218,id27,183.5,336.5,vial2,11,29.970125577344668
219,id27,184.0,336.5,vial2,11,29.970125577344668
220,id27,184.5,337.0,vial2,11,29.970125577344668
221,id27,184.5,337.0,vial2,11,29.970125577344668
222,id27,184.5,337.5,vial2,11,29.970125577344668
223,id27,184.5,337.0,vial2,11,29.970125577344668
224,id27,184.5,337.0,vial2,11,29.970125577344668
225,id27,185.0,336.5,vial2,11,29.970125577344668
226,id27,185.5,336.5,vial2,11,29.970125577344668
227,id27,185.5,336.0,vial2,11,29.970125577344668
228,id27,186.0,336.0,vial2,11,29.970125577344668
229,id27,186.0,335.5,vial2,11,29.970125577344668
230,id27,186.0,335.5,vial2,11,29.970125577344668
231,id27,186.0,335.5,vial2,11,29.970125577344668
232,id27,186.5,335.5,vial2,11,29.970125577344668
233,id27,187.0,335.5,vial2,11,29.970125577344668
234,id27,187.5,335.5,vial2,11,29.970125577344668
235,id27,187.5,335.0,vial2,11,29.970125577344668
236,id27,187.5,335.0,vial2,11,29.970125577344668
237,id27,187.5,335.5,vial2,11,29.970125577344668
238,id27,187.5,335.0,vial2,11,29.970125577344668
239,id27,187.5,335.0,vial2,11,29.970125577344668
240,id27,188.0,335.0,vial2,11,29.970125577344668
241,id27,188.5,334.5,vial2,11,29.970125577344668
242,id27,188.5,334.5,vial2,11,29.970125577344668
243,id27,188.5,334.5,vial2,11,29.970125577344668
244,id27,188.5,334.5,vial2,11,29.970125577344668
245,id27,188.5,334.0,vial2,11,29.970125577344668
246,id27,188.5,334.0,vial2,11,29.970125577344668
247,id27,188.5,334.0,vial2,11,29.970125577344668
248,id27,188.5,334.0,vial2,11,29.970125577344668
249,id27,188.5,334.0,vial2,11,29.970125577344668
250,id27,188.5,335.0,vial2,11,29.970125577344668
251,id27,188.5,335.0,vial2,11,29.970125577344668
252,id27,188.5,335.0,vial2,11,29.970125577344668
253,id27,188.5,335.0,vial2,11,29.970125577344668
254,id27,188.5,335.0,vial2,11,29.970125577344668
255,id27,188.0,335.0,vial2,11,29.970125577344668
256,id27,188.5,335.5,vial2,11,29.970125577344668
257,id27,188.5,336.0,vial2,11,29.970125577344668
258,id27,188.5,336.0,vial2,11,29.970125577344668
259,id27,188.5,336.5,vial2,11,29.970125577344668
260,id27,188.5,336.5,vial2,11,29.970125577344668
261,id27,188.5,336.5,vial2,11,29.970125577344668
262,id27,188.5,336.5,vial2,11,29.970125577344668
263,id27,188.5,336.5,vial2,11,29.970125577344668
264,id27,188.5,336.5,vial2,11,29.970125577344668
265,id27,188.0,337.0,vial2,11,29.970125577344668
266,id27,187.5,337.0,vial2,11,29.970125577344668
267,id27,187.5,336.5,vial2,11,29.970125577344668
268,id27,187.5,337.0,vial2,11,29.970125577344668
269,id27,187.5,337.5,vial2,11,29.970125577344668
270,id27,187.5,337.5,vial2,11,29.970125577344668
271,id27,187.5,337.5,vial2,11,29.970125577344668
272,id27,187.5,337.5,vial2,11,29.970125577344668
273,id27,187.5,337.5,vial2,11,29.970125577344668
274,id27,188.0,337.5,vial2,11,29.970125577344668
275,id27,187.5,337.5,vial2,11,29.970125577344668
276,id27,187.5,337.5,vial2,11,29.970125577344668
277,id27,187.5,338.0,vial2,11,29.970125577344668
278,id27,187.5,338.5,vial2,11,29.970125577344668
279,id27,187.5,338.5,vial2,11,29.970125577344668
280,id27,187.5,338.5,vial2,11,29.970125577344668
281,id27,187.5,338.5,vial2,11,29.970125577344668
282,id27,187.5,337.5,vial2,11,29.970125577344668
283,id27,187.5,337.5,vial2,11,29.970125577344668
284,id27,187.5,338.0,vial2,11,29.970125577344668
285,id27,187.5,337.5,vial2,11,29.970125577344668
286,id27,187.5,337.5,vial2,11,29.970125577344668
287,id27,187.5,337.5,vial2,11,29.970125577344668
288,id27,187.5,338.0,vial2,11,29.970125577344668
289,id27,187.5,338.5,vial2,11,29.970125577344668
290,id27,187.5,338.5,vial2,11,29.970125577344668
291,id27,187.5,338.5,vial2,11,29.970125577344668
292,id27,187.5,338.5,vial2,11,29.970125577344668
293,id27,187.5,338.5,vial2,11,29.970125577344668
294,id27,187.5,338.5,vial2,11,29.970125577344668
295,id27,187.5,338.5,vial2,11,29.970125577344668
296,id27,187.5,338.5,vial2,11,29.970125577344668
297,id27,187.5,338.5,vial2,11,29.970125577344668
298,id27,187.5,338.5,vial2,11,29.970125577344668
299,id27,187.5,338.5,vial2,11,29.970125577344668
300,id27,187.5,338.5,vial2,11,29.970125577344668
301,id27,187.0,338.5,vial2,11,29.970125577344668
302,id27,187.5,338.5,vial2,11,29.970125577344668
303,id27,187.5,338.5,vial2,11,29.970125577344668
304,id27,187.5,338.5,vial2,11,29.970125577344668
305,id27,187.5,337.5,vial2,11,29.970125577344668
306,id27,187.5,337.5,vial2,11,29.970125577344668
307,id27,186.5,338.0,vial2,11,29.970125577344668
308,id27,186.0,337.5,vial2,11,29.970125577344668
309,id27,185.0,337.0,vial2,11,29.970125577344668
310,id27,185.0,336.5,vial2,11,29.970125577344668
311,id27,184.0,336.5,vial2,11,29.970125577344668
312,id27,183.0,336.0,vial2,11,29.970125577344668
313,id27,182.5,336.0,vial2,11,29.970125577344668
314,id27,181.0,335.5,vial2,11,29.970125577344668
315,id27,180.0,335.5,vial2,11,29.970125577344668
316,id27,179.0,335.5,vial2,11,29.970125577344668
317,id27,178.5,336.5,vial2,11,29.970125577344668
318,id27,177.0,335.5,vial2,11,29.970125577344668
319,id27,176.0,335.5,vial2,11,29.970125577344668
320,id27,174.0,336.0,vial2,11,29.970125577344668
321,id27,173.0,336.0,vial2,11,29.970125577344668
322,id27,172.0,336.0,vial2,11,29.970125577344668
323,id27,172.0,336.0,vial2,11,29.970125577344668
324,id27,171.5,336.5,vial2,11,29.970125577344668
325,id27,171.5,336.5,vial2,11,29.970125577344668
326,id27,171.0,336.5,vial2,11,29.970125577344668
327,id27,170.5,336.0,vial2,11,29.970125577344668
328,id27,170.5,336.0,vial2,11,29.970125577344668
329,id27,170.5,336.0,vial2,11,29.970125577344668
330,id27,170.5,336.5,vial2,11,29.970125577344668
331,id27,170.5,336.5,vial2,11,29.970125577344668
332,id27,170.5,336.5,vial2,11,29.970125577344668
333,id27,170.5,336.5,vial2,11,29.970125577344668
334,id27,171.0,336.0,vial2,11,29.970125577344668
335,id27,171.0,336.5,vial2,11,29.970125577344668
336,id27,171.0,336.0,vial2,11,29.970125577344668
337,id27,171.0,336.0,vial2,11,29.970125577344668
338,id27,171.0,336.5,vial2,11,29.970125577344668
339,id27,171.0,336.5,vial2,11,29.970125577344668
340,id27,171.0,336.5,vial2,11,29.970125577344668
341,id27,171.0,336.0,vial2,11,29.970125577344668
342,id27,171.0,336.0,vial2,11,29.970125577344668
0,id28,514.5,336.5,vial5,31,29.970125577344668
1,id28,514.0,335.5,vial5,31,29.970125577344668
2,id28,513.5,335.0,vial5,31,29.970125577344668
3,id28,514.5,335.0,vial5,31,29.970125577344668
4,id28,514.0,334.5,vial5,31,29.970125577344668
5,id28,513.5,334.0,vial5,31,29.970125577344668
6,id28,514.5,334.0,vial5,31,29.970125577344668
7,id28,514.0,334.0,vial5,31,29.970125577344668
8,id28,514.5,334.0,vial5,31,29.970125577344668
9,id28,517.0,334.0,vial5,31,29.970125577344668
10,id28,518.5,334.5,vial5,31,29.970125577344668
11,id28,519.0,334.0,vial5,31,29.970125577344668
12,id28,520.5,334.0,vial5,31,29.970125577344668
13,id28,520.5,334.0,vial5,31,29.970125577344668
14,id28,520.0,334.5,vial5,31,29.970125577344668
15,id28,520.5,334.5,vial5,31,29.970125577344668
16,id28,520.0,334.5,vial5,31,29.970125577344668
17,id28,520.0,335.0,vial5,31,29.970125577344668
18,id28,520.5,335.0,vial5,31,29.970125577344668
19,id28,521.0,335.0,vial5,31,29.970125577344668
20,id28,521.0,334.5,vial5,31,29.970125577344668
21,id28,521.5,334.5,vial5,31,29.970125577344668
22,id28,522.5,334.0,vial5,31,29.970125577344668
23,id28,522.0,334.0,vial5,31,29.970125577344668
24,id28,523.0,334.0,vial5,31,29.970125577344668
25,id28,523.5,334.0,vial5,31,29.970125577344668
26,id28,522.5,334.0,vial5,31,29.970125577344668
27,id28,522.5,334.0,vial5,31,29.970125577344668
28,id28,521.0,334.0,vial5,31,29.970125577344668
29,id28,519.5,334.0,vial5,31,29.970125577344668
30,id28,519.0,334.0,vial5,31,29.970125577344668
31,id28,519.0,334.5,vial5,31,29.970125577344668
32,id28,519.0,334.5,vial5,31,29.970125577344668
33,id28,519.0,334.5,vial5,31,29.970125577344668
34,id28,519.0,334.5,vial5,31,29.970125577344668
35,id28,519.0,334.5,vial5,31,29.970125577344668
36,id28,516.0,302.5,vial5,31,29.970125577344668
37,id28,510.0,274.5,vial5,31,29.970125577344668
38,id28,499.5,260.5,vial5,31,29.970125577344668
39,id28,494.0,258.0,vial5,31,29.970125577344668
40,id28,493.5,258.0,vial5,31,29.970125577344668
41,id28,492.5,256.5,vial5,31,29.970125577344668
42,id28,492.5,255.5,vial5,31,29.970125577344668
43,id28,492.5,254.0,vial5,31,29.970125577344668
44,id28,492.5,252.0,vial5,31,29.970125577344668
45,id28,492.0,249.5,vial5,31,29.970125577344668
46,id28,492.5,247.0,vial5,31,29.970125577344668
47,id28,493.5,245.0,vial5,31,29.970125577344668
48,id28,494.0,243.0,vial5,31,29.970125577344668
49,id28,494.5,241.5,vial5,31,29.970125577344668
50,id28,496.0,239.0,vial5,31,29.970125577344668
51,id28,497.0,236.5,vial5,31,29.970125577344668
52,id28,498.5,234.5,vial5,31,29.970125577344668
53,id28,500.5,233.5,vial5,31,29.970125577344668
54,id28,502.5,232.0,vial5,31,29.970125577344668
55,id28,504.0,231.5,vial5,31,29.970125577344668
56,id28,505.0,231.0,vial5,31,29.970125577344668
57,id28,506.5,230.0,vial5,31,29.970125577344668
58,id28,508.0,229.0,vial5,31,29.970125577344668
59,id28,509.5,227.5,vial5,31,29.970125577344668
60,id28,510.5,226.5,vial5,31,29.970125577344668
61,id28,511.5,225.0,vial5,31,29.970125577344668
62,id28,513.0,223.5,vial5,31,29.970125577344668
63,id28,513.5,222.5,vial5,31,29.970125577344668
64,id28,514.5,221.5,vial5,31,29.970125577344668
65,id28,515.5,220.5,vial5,31,29.970125577344668
66,id28,515.5,220.5,vial5,31,29.970125577344668
67,id28,515.5,220.0,vial5,31,29.970125577344668
68,id28,515.5,219.5,vial5,31,29.970125577344668
69,id28,518.0,212.0,vial5,31,29.970125577344668
70,id28,529.0,194.5,vial5,31,29.970125577344668
71,id28,538.5,179.0,vial5,31,29.970125577344668
72,id28,531.5,165.5,vial5,31,29.970125577344668
73,id28,522.5,152.5,vial5,31,29.970125577344668
74,id28,527.5,138.0,vial5,31,29.970125577344668
75,id28,539.5,138.0,vial5,31,29.970125577344668
76,id28,543.5,147.0,vial5,31,29.970125577344668
77,id28,541.5,155.5,vial5,31,29.970125577344668
78,id28,528.0,162.0,vial5,31,29.970125577344668
79,id28,526.5,164.0,vial5,31,29.970125577344668
80,id28,527.5,163.5,vial5,31,29.970125577344668
81,id28,527.5,163.5,vial5,31,29.970125577344668
82,id28,527.5,163.5,vial5,31,29.970125577344668
83,id28,528.0,162.5,vial5,31,29.970125577344668
84,id28,528.5,162.0,vial5,31,29.970125577344668
85,id28,529.0,161.5,vial5,31,29.970125577344668
86,id28,530.0,160.5,vial5,31,29.970125577344668
87,id28,530.5,159.5,vial5,31,29.970125577344668
88,id28,532.0,158.5,vial5,31,29.970125577344668
89,id28,532.5,158.0,vial5,31,29.970125577344668
90,id28,533.0,157.5,vial5,31,29.970125577344668
91,id28,534.5,156.5,vial5,31,29.970125577344668
92,id28,535.5,156.0,vial5,31,29.970125577344668
93,id28,536.5,155.0,vial5,31,29.970125577344668
94,id28,537.5,154.0,vial5,31,29.970125577344668
95,id28,538.0,154.0,vial5,31,29.970125577344668
96,id28,539.0,153.0,vial5,31,29.970125577344668
97,id28,539.5,153.0,vial5,31,29.970125577344668
98,id28,540.0,152.0,vial5,31,29.970125577344668
99,id28,540.0,152.0,vial5,31,29.970125577344668
100,id28,540.0,152.0,vial5,31,29.970125577344668
101,id28,540.0,152.0,vial5,31,29.970125577344668
102,id28,540.0,152.0,vial5,31,29.970125577344668
103,id28,540.0,152.0,vial5,31,29.970125577344668
104,id28,540.5,152.0,vial5,31,29.970125577344668
105,id28,540.5,152.0,vial5,31,29.970125577344668
106,id28,541.5,152.0,vial5,31,29.970125577344668
107,id28,541.5,152.5,vial5,31,29.970125577344668
108,id28,542.0,152.5,vial5,31,29.970125577344668
109,id28,542.5,151.5,vial5,31,29.970125577344668
110,id28,542.5,151.5,vial5,31,29.970125577344668
111,id28,542.5,151.5,vial5,31,29.970125577344668
112,id28,542.5,151.0,vial5,31,29.970125577344668
113,id28,542.5,151.0,vial5,31,29.970125577344668
114,id28,538.5,142.5,vial5,31,29.970125577344668
115,id28,542.5,129.0,vial5,31,29.970125577344668
116,id28,545.0,132.5,vial5,31,29.970125577344668
117,id28,546.5,143.5,vial5,31,29.970125577344668
118,id28,544.5,157.5,vial5,31,29.970125577344668
119,id28,547.0,165.0,vial5,31,29.970125577344668
120,id28,546.5,164.0,vial5,31,29.970125577344668
121,id28,546.0,163.0,vial5,31,29.970125577344668
122,id28,546.0,162.0,vial5,31,29.970125577344668
123,id28,546.0,162.0,vial5,31,29.970125577344668
124,id28,546.0,161.0,vial5,31,29.970125577344668
125,id28,546.0,160.0,vial5,31,29.970125577344668
126,id28,546.0,158.0,vial5,31,29.970125577344668
127,id28,546.5,157.0,vial5,31,29.970125577344668
128,id28,546.5,155.5,vial5,31,29.970125577344668
129,id28,547.5,154.5,vial5,31,29.970125577344668
130,id28,547.5,152.5,vial5,31,29.970125577344668
131,id28,548.0,151.5,vial5,31,29.970125577344668
132,id28,548.5,150.0,vial5,31,29.970125577344668
133,id28,548.5,149.0,vial5,31,29.970125577344668
134,id28,549.0,148.0,vial5,31,29.970125577344668
135,id28,549.5,147.0,vial5,31,29.970125577344668
136,id28,549.5,145.5,vial5,31,29.970125577344668
137,id28,550.0,144.5,vial5,31,29.970125577344668
138,id28,549.5,143.5,vial5,31,29.970125577344668
139,id28,549.5,142.5,vial5,31,29.970125577344668
140,id28,550.0,141.5,vial5,31,29.970125577344668
141,id28,550.0,141.5,vial5,31,29.970125577344668
142,id28,550.0,141.0,vial5,31,29.970125577344668
143,id28,549.5,141.0,vial5,31,29.970125577344668
144,id28,549.5,141.0,vial5,31,29.970125577344668
145,id28,549.0,140.5,vial5,31,29.970125577344668
146,id28,549.0,139.5,vial5,31,29.970125577344668
147,id28,548.5,138.0,vial5,31,29.970125577344668
148,id28,548.0,136.5,vial5,31,29.970125577344668
149,id28,547.5,134.5,vial5,31,29.970125577344668
150,id28,547.0,133.0,vial5,31,29.970125577344668
151,id28,547.0,131.0,vial5,31,29.970125577344668
152,id28,546.5,128.5,vial5,31,29.970125577344668
153,id28,546.0,126.5,vial5,31,29.970125577344668
154,id28,546.0,125.0,vial5,31,29.970125577344668
155,id28,546.0,124.0,vial5,31,29.970125577344668
156,id28,545.5,123.0,vial5,31,29.970125577344668
157,id28,545.0,122.0,vial5,31,29.970125577344668
158,id28,545.0,121.0,vial5,31,29.970125577344668
159,id28,545.0,120.0,vial5,31,29.970125577344668
160,id28,544.5,119.0,vial5,31,29.970125577344668
161,id28,545.0,117.5,vial5,31,29.970125577344668
162,id28,545.5,116.0,vial5,31,29.970125577344668
163,id28,545.5,114.0,vial5,31,29.970125577344668
164,id28,546.0,113.0,vial5,31,29.970125577344668
165,id28,546.5,111.0,vial5,31,29.970125577344668
166,id28,546.5,109.0,vial5,31,29.970125577344668
167,id28,547.0,107.5,vial5,31,29.970125577344668
168,id28,547.0,106.0,vial5,31,29.970125577344668
169,id28,547.5,105.0,vial5,31,29.970125577344668
170,id28,547.5,104.0,vial5,31,29.970125577344668
171,id28,547.5,104.0,vial5,31,29.970125577344668
172,id28,547.5,104.0,vial5,31,29.970125577344668
173,id28,547.5,104.0,vial5,31,29.970125577344668
174,id28,547.5,104.0,vial5,31,29.970125577344668
175,id28,547.5,103.0,vial5,31,29.970125577344668
176,id28,547.5,103.0,vial5,31,29.970125577344668
177,id28,538.0,91.5,vial5,31,29.970125577344668
178,id28,529.0,73.5,vial5,31,29.970125577344668
179,id28,540.5,65.5,vial5,31,29.970125577344668
180,id28,540.5,65.0,vial5,31,29.970125577344668
181,id28,540.5,64.5,vial5,31,29.970125577344668
182,id28,540.5,63.5,vial5,31,29.970125577344668
183,id28,540.0,63.5,vial5,31,29.970125577344668
184,id28,540.0,63.5,vial5,31,29.970125577344668
185,id28,538.5,63.5,vial5,31,29.970125577344668
186,id28,538.5,63.0,vial5,31,29.970125577344668
187,id28,538.5,63.0,vial5,31,29.970125577344668
188,id28,538.5,63.0,vial5,31,29.970125577344668
189,id28,538.5,63.0,vial5,31,29.970125577344668
190,id28,539.0,62.5,vial5,31,29.970125577344668
191,id28,538.5,61.5,vial5,31,29.970125577344668
192,id28,538.5,60.0,vial5,31,29.970125577344668
193,id28,538.5,58.0,vial5,31,29.970125577344668
194,id28,539.0,56.0,vial5,31,29.970125577344668
195,id28,539.0,54.0,vial5,31,29.970125577344668
196,id28,539.5,52.0,vial5,31,29.970125577344668
197,id28,540.0,49.5,vial5,31,29.970125577344668
198,id28,541.5,47.5,vial5,31,29.970125577344668
199,id28,542.0,45.5,vial5,31,29.970125577344668
200,id28,542.5,44.5,vial5,31,29.970125577344668
201,id28,543.5,43.5,vial5,31,29.970125577344668
202,id28,544.5,42.5,vial5,31,29.970125577344668
203,id28,545.5,41.5,vial5,31,29.970125577344668
204,id28,546.5,40.5,vial5,31,29.970125577344668
205,id28,547.5,40.5,vial5,31,29.970125577344668
206,id28,547.5,40.5,vial5,31,29.970125577344668
207,id28,548.0,40.5,vial5,31,29.970125577344668
208,id28,548.5,40.5,vial5,31,29.970125577344668
209,id28,549.0,39.5,vial5,31,29.970125577344668
210,id28,549.5,38.0,vial5,31,29.970125577344668
211,id28,549.5,36.0,vial5,31,29.970125577344668
212,id28,549.5,34.0,vial5,31,29.970125577344668
213,id28,549.5,32.5,vial5,31,29.970125577344668
214,id28,549.5,31.5,vial5,31,29.970125577344668
215,id28,549.5,29.5,vial5,31,29.970125577344668
216,id28,549.0,27.5,vial5,31,29.970125577344668
217,id28,549.0,26.0,vial5,31,29.970125577344668
222,id28,548.0,23.5,vial5,31,29.970125577344668
223,id28,548.5,22.0,vial5,31,29.970125577344668
224,id28,548.0,19.5,vial5,31,29.970125577344668
225,id28,548.5,16.5,vial5,31,29.970125577344668
226,id28,548.5,13.5,vial5,31,29.970125577344668
227,id28,549.0,11.0,vial5,31,29.970125577344668
228,id28,549.5,8.5,vial5,31,29.970125577344668
229,id28,549.5,5.5,vial5,31,29.970125577344668
0,id29,649.0,338.0,vial6,37,29.970125577344668
1,id29,650.5,339.5,vial6,37,29.970125577344668
2,id29,649.0,339.5,vial6,37,29.970125577344668
3,id29,647.0,339.0,vial6,37,29.970125577344668
4,id29,647.0,340.0,vial6,37,29.970125577344668
5,id29,645.5,339.5,vial6,37,29.970125577344668
6,id29,645.5,339.5,vial6,37,29.970125577344668
7,id29,646.0,339.5,vial6,37,29.970125577344668
8,id29,646.5,340.0,vial6,37,29.970125577344668
9,id29,646.0,340.0,vial6,37,29.970125577344668
10,id29,645.5,340.0,vial6,37,29.970125577344668
11,id29,646.0,340.0,vial6,37,29.970125577344668
12,id29,645.0,339.5,vial6,37,29.970125577344668
13,id29,644.5,337.5,vial6,37,29.970125577344668
14,id29,643.5,337.5,vial6,37,29.970125577344668
15,id29,643.5,337.5,vial6,37,29.970125577344668
16,id29,642.0,337.0,vial6,37,29.970125577344668
17,id29,642.5,336.0,vial6,37,29.970125577344668
18,id29,642.0,336.0,vial6,37,29.970125577344668
19,id29,641.5,336.5,vial6,37,29.970125577344668
20,id29,641.5,336.0,vial6,37,29.970125577344668
21,id29,641.0,336.0,vial6,37,29.970125577344668
22,id29,640.0,336.0,vial6,37,29.970125577344668
23,id29,641.0,336.0,vial6,37,29.970125577344668
24,id29,640.0,336.5,vial6,37,29.970125577344668
25,id29,641.0,336.5,vial6,37,29.970125577344668
26,id29,640.0,336.5,vial6,37,29.970125577344668
27,id29,640.0,336.5,vial6,37,29.970125577344668
28,id29,640.0,336.0,vial6,37,29.970125577344668
29,id29,640.0,336.0,vial6,37,29.970125577344668
30,id29,640.0,336.0,vial6,37,29.970125577344668
31,id29,640.0,336.0,vial6,37,29.970125577344668
32,id29,639.5,336.0,vial6,37,29.970125577344668
33,id29,640.0,336.0,vial6,37,29.970125577344668
34,id29,640.0,336.0,vial6,37,29.970125577344668
35,id29,640.0,336.0,vial6,37,29.970125577344668
36,id29,639.5,336.0,vial6,37,29.970125577344668
37,id29,630.0,328.5,vial6,37,29.970125577344668
38,id29,632.0,326.0,vial6,37,29.970125577344668
40,id29,635.0,337.0,vial6,37,29.970125577344668
41,id29,610.5,339.5,vial6,37,29.970125577344668
44,id29,630.5,338.5,vial6,37,29.970125577344668
48,id29,636.5,340.5,vial6,37,29.970125577344668
50,id29,635.0,340.0,vial6,37,29.970125577344668
51,id29,635.0,339.0,vial6,37,29.970125577344668
52,id29,636.5,338.5,vial6,37,29.970125577344668
53,id29,637.0,338.5,vial6,37,29.970125577344668
54,id29,639.0,338.5,vial6,37,29.970125577344668
55,id29,640.5,338.5,vial6,37,29.970125577344668
56,id29,643.5,338.5,vial6,37,29.970125577344668
57,id29,644.5,338.5,vial6,37,29.970125577344668
58,id29,644.5,338.5,vial6,37,29.970125577344668
59,id29,645.0,339.0,vial6,37,29.970125577344668
60,id29,645.5,339.5,vial6,37,29.970125577344668
61,id29,646.0,339.5,vial6,37,29.970125577344668
62,id29,646.0,339.5,vial6,37,29.970125577344668
63,id29,647.0,339.5,vial6,37,29.970125577344668
64,id29,647.0,340.0,vial6,37,29.970125577344668
65,id29,647.0,340.0,vial6,37,29.970125577344668
66,id29,647.0,340.0,vial6,37,29.970125577344668
67,id29,647.0,340.5,vial6,37,29.970125577344668
68,id29,647.0,340.5,vial6,37,29.970125577344668
69,id29,647.0,340.5,vial6,37,29.970125577344668
70,id29,647.0,340.5,vial6,37,29.970125577344668
71,id29,646.5,340.5,vial6,37,29.970125577344668
72,id29,646.5,340.5,vial6,37,29.970125577344668
73,id29,646.5,340.5,vial6,37,29.970125577344668
74,id29,646.5,340.5,vial6,37,29.970125577344668
75,id29,646.5,340.0,vial6,37,29.970125577344668
76,id29,647.5,341.0,vial6,37,29.970125577344668
77,id29,647.5,338.5,vial6,37,29.970125577344668
78,id29,649.5,340.5,vial6,37,29.970125577344668
79,id29,651.0,340.5,vial6,37,29.970125577344668
80,id29,652.0,340.5,vial6,37,29.970125577344668
81,id29,646.5,335.5,vial6,37,29.970125577344668
82,id29,664.5,312.0,vial6,37,29.970125577344668
83,id29,652.0,328.0,vial6,37,29.970125577344668
84,id29,652.5,338.0,vial6,37,29.970125577344668
85,id29,628.0,339.5,vial6,37,29.970125577344668
86,id29,630.5,341.0,vial6,37,29.970125577344668
87,id29,632.0,342.0,vial6,37,29.970125577344668
88,id29,632.5,342.0,vial6,37,29.970125577344668
89,id29,631.5,341.5,vial6,37,29.970125577344668
90,id29,632.0,341.5,vial6,37,29.970125577344668
91,id29,634.0,341.5,vial6,37,29.970125577344668
92,id29,636.0,341.0,vial6,37,29.970125577344668
93,id29,638.5,340.0,vial6,37,29.970125577344668
94,id29,640.5,341.5,vial6,37,29.970125577344668
95,id29,640.0,341.5,vial6,37,29.970125577344668
96,id29,638.5,340.0,vial6,37,29.970125577344668
97,id29,640.0,341.5,vial6,37,29.970125577344668
98,id29,640.0,341.5,vial6,37,29.970125577344668
99,id29,641.5,342.0,vial6,37,29.970125577344668
100,id29,643.5,341.5,vial6,37,29.970125577344668
101,id29,644.0,341.0,vial6,37,29.970125577344668
102,id29,645.5,341.5,vial6,37,29.970125577344668
103,id29,645.5,341.5,vial6,37,29.970125577344668
104,id29,645.5,341.5,vial6,37,29.970125577344668
105,id29,645.0,341.5,vial6,37,29.970125577344668
106,id29,644.5,341.5,vial6,37,29.970125577344668
107,id29,644.5,341.5,vial6,37,29.970125577344668
108,id29,644.5,341.5,vial6,37,29.970125577344668
109,id29,642.5,341.5,vial6,37,29.970125577344668
110,id29,637.5,341.5,vial6,37,29.970125577344668
111,id29,637.0,341.5,vial6,37,29.970125577344668
112,id29,636.0,341.5,vial6,37,29.970125577344668
113,id29,635.5,341.5,vial6,37,29.970125577344668
118,id29,630.0,342.5,vial6,37,29.970125577344668
119,id29,629.0,342.5,vial6,37,29.970125577344668
120,id29,627.5,341.5,vial6,37,29.970125577344668
121,id29,627.5,341.0,vial6,37,29.970125577344668
122,id29,627.0,341.0,vial6,37,29.970125577344668
123,id29,627.0,341.0,vial6,37,29.970125577344668
124,id29,627.0,340.5,vial6,37,29.970125577344668
125,id29,627.0,340.5,vial6,37,29.970125577344668
126,id29,627.0,340.5,vial6,37,29.970125577344668
127,id29,627.5,341.0,vial6,37,29.970125577344668
128,id29,627.5,341.0,vial6,37,29.970125577344668
129,id29,628.5,340.5,vial6,37,29.970125577344668
130,id29,628.0,340.5,vial6,37,29.970125577344668
131,id29,628.5,341.5,vial6,37,29.970125577344668
132,id29,629.5,342.0,vial6,37,29.970125577344668
133,id29,630.0,341.0,vial6,37,29.970125577344668
134,id29,634.0,340.0,vial6,37,29.970125577344668
135,id29,635.5,338.0,vial6,37,29.970125577344668
136,id29,634.5,337.5,vial6,37,29.970125577344668
137,id29,631.5,339.5,vial6,37,29.970125577344668
142,id29,631.0,338.0,vial6,37,29.970125577344668
143,id29,629.5,338.0,vial6,37,29.970125577344668
144,id29,628.5,338.0,vial6,37,29.970125577344668
145,id29,626.5,338.0,vial6,37,29.970125577344668
146,id29,624.5,338.0,vial6,37,29.970125577344668
147,id29,622.5,338.0,vial6,37,29.970125577344668
148,id29,620.5,338.0,vial6,37,29.970125577344668
149,id29,620.0,338.0,vial6,37,29.970125577344668
150,id29,620.5,338.5,vial6,37,29.970125577344668
151,id29,618.0,336.5,vial6,37,29.970125577344668
152,id29,619.5,339.5,vial6,37,29.970125577344668
153,id29,619.5,338.5,vial6,37,29.970125577344668
154,id29,618.5,338.0,vial6,37,29.970125577344668
155,id29,618.0,338.0,vial6,37,29.970125577344668
156,id29,617.5,338.0,vial6,37,29.970125577344668
157,id29,616.5,338.5,vial6,37,29.970125577344668
158,id29,615.0,338.0,vial6,37,29.970125577344668
159,id29,614.5,338.0,vial6,37,29.970125577344668
160,id29,613.5,338.0,vial6,37,29.970125577344668
161,id29,613.0,338.0,vial6,37,29.970125577344668
162,id29,612.0,337.5,vial6,37,29.970125577344668
163,id29,612.0,337.5,vial6,37,29.970125577344668
164,id29,612.0,337.5,vial6,37,29.970125577344668
165,id29,612.0,337.5,vial6,37,29.970125577344668
166,id29,612.0,337.5,vial6,37,29.970125577344668
167,id29,612.0,337.5,vial6,37,29.970125577344668
168,id29,612.0,337.5,vial6,37,29.970125577344668
169,id29,612.0,337.5,vial6,37,29.970125577344668
170,id29,612.0,337.5,vial6,37,29.970125577344668
171,id29,612.0,337.5,vial6,37,29.970125577344668
172,id29,612.0,337.5,vial6,37,29.970125577344668
173,id29,612.0,337.5,vial6,37,29.970125577344668
174,id29,612.0,337.5,vial6,37,29.970125577344668
175,id29,612.0,338.0,vial6,37,29.970125577344668
176,id29,612.0,337.5,vial6,37,29.970125577344668
177,id29,612.0,337.5,vial6,37,29.970125577344668
178,id29,612.0,337.5,vial6,37,29.970125577344668
179,id29,612.0,337.5,vial6,37,29.970125577344668
180,id29,612.5,337.5,vial6,37,29.970125577344668
181,id29,613.0,337.5,vial6,37,29.970125577344668
182,id29,613.0,337.5,vial6,37,29.970125577344668
183,id29,612.5,337.5,vial6,37,29.970125577344668
184,id29,612.5,337.5,vial6,37,29.970125577344668
185,id29,613.0,338.0,vial6,37,29.970125577344668
186,id29,613.0,338.0,vial6,37,29.970125577344668
187,id29,613.0,338.0,vial6,37,29.970125577344668
188,id29,612.5,338.0,vial6,37,29.970125577344668
189,id29,612.5,338.0,vial6,37,29.970125577344668
190,id29,613.0,337.5,vial6,37,29.970125577344668
191,id29,612.5,337.5,vial6,37,29.970125577344668
192,id29,613.0,337.5,vial6,37,29.970125577344668
193,id29,613.0,337.5,vial6,37,29.970125577344668
194,id29,613.0,337.5,vial6,37,29.970125577344668
195,id29,612.5,337.5,vial6,37,29.970125577344668
196,id29,612.0,338.0,vial6,37,29.970125577344668
197,id29,612.0,337.5,vial6,37,29.970125577344668
198,id29,612.5,337.5,vial6,37,29.970125577344668
199,id29,613.0,337.5,vial6,37,29.970125577344668
200,id29,612.0,337.5,vial6,37,29.970125577344668
201,id29,612.0,337.5,vial6,37,29.970125577344668
202,id29,612.0,337.5,vial6,37,29.970125577344668
203,id29,612.0,337.5,vial6,37,29.970125577344668
204,id29,612.0,337.5,vial6,37,29.970125577344668
205,id29,611.5,338.0,vial6,37,29.970125577344668
206,id29,610.5,338.5,vial6,37,29.970125577344668
207,id29,609.0,338.5,vial6,37,29.970125577344668
208,id29,608.0,338.5,vial6,37,29.970125577344668
209,id29,607.0,338.5,vial6,37,29.970125577344668
210,id29,607.0,338.5,vial6,37,29.970125577344668
211,id29,607.0,338.5,vial6,37,29.970125577344668
212,id29,606.0,338.5,vial6,37,29.970125577344668
213,id29,605.5,338.5,vial6,37,29.970125577344668
214,id29,605.0,339.0,vial6,37,29.970125577344668
215,id29,604.0,339.0,vial6,37,29.970125577344668
216,id29,603.5,339.0,vial6,37,29.970125577344668
217,id29,604.0,339.5,vial6,37,29.970125577344668
218,id29,604.0,339.5,vial6,37,29.970125577344668
219,id29,604.0,339.5,vial6,37,29.970125577344668
220,id29,603.0,339.5,vial6,37,29.970125577344668
221,id29,604.5,339.5,vial6,37,29.970125577344668
222,id29,611.0,340.0,vial6,37,29.970125577344668
223,id29,611.0,340.0,vial6,37,29.970125577344668
225,id29,632.5,338.0,vial6,37,29.970125577344668
227,id29,611.5,340.0,vial6,37,29.970125577344668
228,id29,612.5,339.0,vial6,37,29.970125577344668
229,id29,612.0,338.0,vial6,37,29.970125577344668
230,id29,612.0,338.0,vial6,37,29.970125577344668
231,id29,611.0,338.0,vial6,37,29.970125577344668
232,id29,611.5,337.0,vial6,37,29.970125577344668
233,id29,615.0,339.5,vial6,37,29.970125577344668
234,id29,613.5,340.0,vial6,37,29.970125577344668
235,id29,613.5,340.5,vial6,37,29.970125577344668
236,id29,612.5,340.5,vial6,37,29.970125577344668
237,id29,614.5,340.5,vial6,37,29.970125577344668
238,id29,612.5,339.5,vial6,37,29.970125577344668
239,id29,611.0,340.5,vial6,37,29.970125577344668
240,id29,610.5,340.5,vial6,37,29.970125577344668
241,id29,611.5,340.5,vial6,37,29.970125577344668
242,id29,611.5,340.5,vial6,37,29.970125577344668
244,id29,611.5,340.5,vial6,37,29.970125577344668
245,id29,612.0,340.5,vial6,37,29.970125577344668
246,id29,611.5,340.5,vial6,37,29.970125577344668
247,id29,612.5,340.5,vial6,37,29.970125577344668
248,id29,613.0,340.5,vial6,37,29.970125577344668
249,id29,614.0,340.5,vial6,37,29.970125577344668
250,id29,615.0,340.5,vial6,37,29.970125577344668
251,id29,615.0,340.5,vial6,37,29.970125577344668
252,id29,617.0,341.0,vial6,37,29.970125577344668
265,id29,627.5,336.0,vial6,37,29.970125577344668
266,id29,668.0,335.0,vial6,37,29.970125577344668
267,id29,658.5,340.5,vial6,37,29.970125577344668
268,id29,662.0,339.5,vial6,37,29.970125577344668
269,id29,659.0,341.5,vial6,37,29.970125577344668
270,id29,658.0,341.5,vial6,37,29.970125577344668
271,id29,658.0,341.5,vial6,37,29.970125577344668
272,id29,658.0,341.5,vial6,37,29.970125577344668
273,id29,657.5,341.5,vial6,37,29.970125577344668
274,id29,656.5,341.5,vial6,37,29.970125577344668
275,id29,656.5,341.5,vial6,37,29.970125577344668
276,id29,655.5,341.0,vial6,37,29.970125577344668
277,id29,655.5,341.0,vial6,37,29.970125577344668
278,id29,655.5,341.0,vial6,37,29.970125577344668
279,id29,655.5,341.0,vial6,37,29.970125577344668
280,id29,655.5,341.5,vial6,37,29.970125577344668
281,id29,655.5,342.0,vial6,37,29.970125577344668
282,id29,654.5,342.0,vial6,37,29.970125577344668
283,id29,654.5,341.5,vial6,37,29.970125577344668
284,id29,655.0,341.5,vial6,37,29.970125577344668
285,id29,654.0,341.5,vial6,37,29.970125577344668
286,id29,654.0,341.5,vial6,37,29.970125577344668
287,id29,653.0,341.5,vial6,37,29.970125577344668
288,id29,653.0,342.0,vial6,37,29.970125577344668
289,id29,653.0,342.0,vial6,37,29.970125577344668
290,id29,652.5,342.0,vial6,37,29.970125577344668
291,id29,654.0,342.0,vial6,37,29.970125577344668
292,id29,653.5,342.0,vial6,37,29.970125577344668
293,id29,653.0,342.0,vial6,37,29.970125577344668
294,id29,653.0,342.0,vial6,37,29.970125577344668
295,id29,653.0,342.0,vial6,37,29.970125577344668
319,id29,632.5,341.0,vial6,37,29.970125577344668
0,id3,550.5,276.5,vial5,27,29.970125577344668
1,id3,550.0,272.5,vial5,27,29.970125577344668
2,id3,549.0,268.0,vial5,27,29.970125577344668
3,id3,550.0,263.5,vial5,27,29.970125577344668
4,id3,550.0,259.5,vial5,27,29.970125577344668
5,id3,548.5,256.5,vial5,27,29.970125577344668
6,id3,548.5,255.0,vial5,27,29.970125577344668
7,id3,547.5,253.5,vial5,27,29.970125577344668
8,id3,545.5,252.5,vial5,27,29.970125577344668
9,id3,544.5,251.5,vial5,27,29.970125577344668
10,id3,543.5,250.5,vial5,27,29.970125577344668
11,id3,542.0,250.0,vial5,27,29.970125577344668
12,id3,541.5,250.5,vial5,27,29.970125577344668
13,id3,540.5,249.5,vial5,27,29.970125577344668
14,id3,538.0,248.0,vial5,27,29.970125577344668
15,id3,537.5,245.0,vial5,27,29.970125577344668
16,id3,537.5,241.5,vial5,27,29.970125577344668
17,id3,536.0,238.5,vial5,27,29.970125577344668
18,id3,535.5,235.0,vial5,27,29.970125577344668
19,id3,534.5,231.0,vial5,27,29.970125577344668
20,id3,533.0,226.5,vial5,27,29.970125577344668
21,id3,532.0,223.5,vial5,27,29.970125577344668
22,id3,530.5,219.5,vial5,27,29.970125577344668
23,id3,529.5,215.0,vial5,27,29.970125577344668
24,id3,528.5,211.5,vial5,27,29.970125577344668
25,id3,527.5,208.0,vial5,27,29.970125577344668
26,id3,526.5,205.0,vial5,27,29.970125577344668
27,id3,525.5,202.5,vial5,27,29.970125577344668
28,id3,524.5,199.0,vial5,27,29.970125577344668
29,id3,522.5,196.0,vial5,27,29.970125577344668
30,id3,521.5,193.0,vial5,27,29.970125577344668
31,id3,520.5,190.0,vial5,27,29.970125577344668
32,id3,519.5,186.5,vial5,27,29.970125577344668
33,id3,518.0,183.0,vial5,27,29.970125577344668
34,id3,516.0,181.0,vial5,27,29.970125577344668
35,id3,514.0,178.0,vial5,27,29.970125577344668
36,id3,512.5,176.0,vial5,27,29.970125577344668
37,id3,509.5,173.5,vial5,27,29.970125577344668
38,id3,507.5,171.5,vial5,27,29.970125577344668
39,id3,505.5,169.5,vial5,27,29.970125577344668
40,id3,504.0,166.5,vial5,27,29.970125577344668
41,id3,502.5,164.0,vial5,27,29.970125577344668
42,id3,501.0,161.0,vial5,27,29.970125577344668
43,id3,500.0,158.5,vial5,27,29.970125577344668
44,id3,498.5,156.0,vial5,27,29.970125577344668
45,id3,497.0,153.5,vial5,27,29.970125577344668
46,id3,495.0,151.5,vial5,27,29.970125577344668
47,id3,493.0,150.0,vial5,27,29.970125577344668
48,id3,491.5,148.0,vial5,27,29.970125577344668
49,id3,490.0,146.0,vial5,27,29.970125577344668
50,id3,489.0,145.0,vial5,27,29.970125577344668
51,id3,488.0,144.0,vial5,27,29.970125577344668
52,id3,487.0,143.0,vial5,27,29.970125577344668
53,id3,486.5,141.0,vial5,27,29.970125577344668
54,id3,485.5,140.0,vial5,27,29.970125577344668
55,id3,485.0,138.0,vial5,27,29.970125577344668
56,id3,484.5,135.5,vial5,27,29.970125577344668
57,id3,484.5,134.0,vial5,27,29.970125577344668
58,id3,484.5,132.5,vial5,27,29.970125577344668
59,id3,484.5,131.5,vial5,27,29.970125577344668
60,id3,484.5,131.0,vial5,27,29.970125577344668
61,id3,484.5,130.5,vial5,27,29.970125577344668
62,id3,484.5,130.5,vial5,27,29.970125577344668
63,id3,484.5,130.5,vial5,27,29.970125577344668
64,id3,484.5,131.0,vial5,27,29.970125577344668
65,id3,484.5,131.0,vial5,27,29.970125577344668
66,id3,484.5,131.0,vial5,27,29.970125577344668
67,id3,484.5,131.0,vial5,27,29.970125577344668
68,id3,484.5,131.0,vial5,27,29.970125577344668
69,id3,484.5,131.0,vial5,27,29.970125577344668
70,id3,484.5,131.0,vial5,27,29.970125577344668
71,id3,484.5,131.0,vial5,27,29.970125577344668
72,id3,484.5,131.0,vial5,27,29.970125577344668
73,id3,484.5,131.0,vial5,27,29.970125577344668
74,id3,484.5,131.0,vial5,27,29.970125577344668
75,id3,484.5,131.0,vial5,27,29.970125577344668
76,id3,484.5,130.5,vial5,27,29.970125577344668
77,id3,484.5,130.5,vial5,27,29.970125577344668
78,id3,484.5,130.5,vial5,27,29.970125577344668
79,id3,484.5,130.5,vial5,27,29.970125577344668
80,id3,484.5,129.5,vial5,27,29.970125577344668
81,id3,484.5,129.0,vial5,27,29.970125577344668
82,id3,485.5,128.5,vial5,27,29.970125577344668
83,id3,486.5,128.5,vial5,27,29.970125577344668
84,id3,488.0,128.5,vial5,27,29.970125577344668
85,id3,489.0,129.0,vial5,27,29.970125577344668
86,id3,490.5,128.5,vial5,27,29.970125577344668
87,id3,491.5,127.5,vial5,27,29.970125577344668
88,id3,492.5,127.0,vial5,27,29.970125577344668
89,id3,492.5,125.0,vial5,27,29.970125577344668
90,id3,493.0,123.0,vial5,27,29.970125577344668
91,id3,493.0,121.5,vial5,27,29.970125577344668
92,id3,493.5,119.0,vial5,27,29.970125577344668
93,id3,493.5,116.0,vial5,27,29.970125577344668
94,id3,493.0,114.0,vial5,27,29.970125577344668
95,id3,492.5,112.5,vial5,27,29.970125577344668
96,id3,492.5,111.0,vial5,27,29.970125577344668
97,id3,492.5,109.5,vial5,27,29.970125577344668
98,id3,492.5,108.5,vial5,27,29.970125577344668
99,id3,492.5,108.5,vial5,27,29.970125577344668
100,id3,492.0,108.0,vial5,27,29.970125577344668
101,id3,492.0,108.0,vial5,27,29.970125577344668
102,id3,492.5,108.0,vial5,27,29.970125577344668
103,id3,510.0,93.5,vial5,27,29.970125577344668
104,id3,523.5,63.5,vial5,27,29.970125577344668
105,id3,508.5,51.0,vial5,27,29.970125577344668
106,id3,508.5,50.0,vial5,27,29.970125577344668
107,id3,508.5,49.0,vial5,27,29.970125577344668
108,id3,508.5,48.0,vial5,27,29.970125577344668
109,id3,508.5,47.0,vial5,27,29.970125577344668
110,id3,508.5,46.0,vial5,27,29.970125577344668
111,id3,509.5,44.5,vial5,27,29.970125577344668
112,id3,511.5,43.0,vial5,27,29.970125577344668
113,id3,513.0,41.5,vial5,27,29.970125577344668
114,id3,514.0,39.5,vial5,27,29.970125577344668
115,id3,515.0,38.0,vial5,27,29.970125577344668
116,id3,515.0,37.0,vial5,27,29.970125577344668
117,id3,515.0,35.0,vial5,27,29.970125577344668
118,id3,514.5,33.5,vial5,27,29.970125577344668
119,id3,513.5,30.0,vial5,27,29.970125577344668
120,id3,511.5,28.0,vial5,27,29.970125577344668
121,id3,509.5,25.0,vial5,27,29.970125577344668
122,id3,508.5,22.0,vial5,27,29.970125577344668
123,id3,506.5,19.0,vial5,27,29.970125577344668
124,id3,505.5,16.0,vial5,27,29.970125577344668
125,id3,504.5,13.0,vial5,27,29.970125577344668
126,id3,503.5,11.0,vial5,27,29.970125577344668
127,id3,502.5,8.5,vial5,27,29.970125577344668
128,id3,501.5,6.0,vial5,27,29.970125577344668
2,id30,157.5,338.0,vial2,13,29.970125577344668
3,id30,158.5,337.0,vial2,13,29.970125577344668
4,id30,158.5,337.0,vial2,13,29.970125577344668
5,id30,158.0,336.5,vial2,13,29.970125577344668
6,id30,158.5,337.0,vial2,13,29.970125577344668
7,id30,159.5,337.0,vial2,13,29.970125577344668
8,id30,159.5,338.0,vial2,13,29.970125577344668
9,id30,162.0,337.5,vial2,13,29.970125577344668
10,id30,168.0,337.0,vial2,13,29.970125577344668
16,id30,161.0,337.5,vial2,13,29.970125577344668
17,id30,161.0,338.5,vial2,13,29.970125577344668
18,id30,158.0,338.5,vial2,13,29.970125577344668
19,id30,159.5,337.5,vial2,13,29.970125577344668
20,id30,184.5,336.0,vial2,13,29.970125577344668
21,id30,160.5,324.0,vial2,13,29.970125577344668
22,id30,157.5,312.0,vial2,13,29.970125577344668
23,id30,157.0,310.0,vial2,13,29.970125577344668
24,id30,157.5,309.0,vial2,13,29.970125577344668
25,id30,157.5,307.0,vial2,13,29.970125577344668
26,id30,156.5,303.0,vial2,13,29.970125577344668
27,id30,157.0,300.0,vial2,13,29.970125577344668
28,id30,157.5,296.0,vial2,13,29.970125577344668
29,id30,158.5,292.0,vial2,13,29.970125577344668
30,id30,158.5,288.5,vial2,13,29.970125577344668
31,id30,160.5,285.5,vial2,13,29.970125577344668
32,id30,162.0,282.5,vial2,13,29.970125577344668
33,id30,164.5,280.5,vial2,13,29.970125577344668
34,id30,166.0,277.5,vial2,13,29.970125577344668
35,id30,168.0,275.5,vial2,13,29.970125577344668
36,id30,170.0,273.5,vial2,13,29.970125577344668
37,id30,172.0,271.0,vial2,13,29.970125577344668
38,id30,174.0,268.5,vial2,13,29.970125577344668
39,id30,176.0,265.5,vial2,13,29.970125577344668
40,id30,178.0,263.5,vial2,13,29.970125577344668
41,id30,179.0,260.0,vial2,13,29.970125577344668
42,id30,180.5,256.5,vial2,13,29.970125577344668
43,id30,181.5,253.5,vial2,13,29.970125577344668
44,id30,182.5,250.5,vial2,13,29.970125577344668
45,id30,183.5,247.0,vial2,13,29.970125577344668
46,id30,185.5,244.0,vial2,13,29.970125577344668
47,id30,185.5,240.5,vial2,13,29.970125577344668
48,id30,186.5,238.0,vial2,13,29.970125577344668
49,id30,186.5,235.0,vial2,13,29.970125577344668
50,id30,187.5,233.0,vial2,13,29.970125577344668
51,id30,188.5,229.5,vial2,13,29.970125577344668
52,id30,188.5,227.5,vial2,13,29.970125577344668
53,id30,188.5,224.5,vial2,13,29.970125577344668
54,id30,189.0,222.5,vial2,13,29.970125577344668
55,id30,189.0,219.5,vial2,13,29.970125577344668
56,id30,189.0,218.5,vial2,13,29.970125577344668
57,id30,189.0,216.5,vial2,13,29.970125577344668
58,id30,189.0,215.5,vial2,13,29.970125577344668
59,id30,188.5,214.0,vial2,13,29.970125577344668
60,id30,188.0,213.0,vial2,13,29.970125577344668
61,id30,187.5,212.0,vial2,13,29.970125577344668
62,id30,187.5,211.0,vial2,13,29.970125577344668
63,id30,187.5,208.5,vial2,13,29.970125577344668
64,id30,187.0,206.0,vial2,13,29.970125577344668
65,id30,187.0,203.0,vial2,13,29.970125577344668
66,id30,187.0,200.0,vial2,13,29.970125577344668
67,id30,187.5,196.5,vial2,13,29.970125577344668
68,id30,187.0,193.0,vial2,13,29.970125577344668
69,id30,188.0,190.0,vial2,13,29.970125577344668
70,id30,187.5,187.0,vial2,13,29.970125577344668
71,id30,188.0,183.5,vial2,13,29.970125577344668
72,id30,188.5,180.0,vial2,13,29.970125577344668
73,id30,188.5,177.0,vial2,13,29.970125577344668
74,id30,188.5,173.0,vial2,13,29.970125577344668
75,id30,188.5,170.0,vial2,13,29.970125577344668
76,id30,188.5,166.5,vial2,13,29.970125577344668
77,id30,188.5,163.0,vial2,13,29.970125577344668
78,id30,189.5,159.5,vial2,13,29.970125577344668
79,id30,189.5,157.5,vial2,13,29.970125577344668
80,id30,189.5,153.5,vial2,13,29.970125577344668
81,id30,189.5,151.5,vial2,13,29.970125577344668
82,id30,189.5,148.0,vial2,13,29.970125577344668
83,id30,189.5,145.5,vial2,13,29.970125577344668
84,id30,189.5,142.5,vial2,13,29.970125577344668
85,id30,189.5,139.5,vial2,13,29.970125577344668
86,id30,189.5,136.5,vial2,13,29.970125577344668
87,id30,188.5,134.5,vial2,13,29.970125577344668
88,id30,188.5,131.5,vial2,13,29.970125577344668
89,id30,187.5,128.5,vial2,13,29.970125577344668
90,id30,187.5,126.0,vial2,13,29.970125577344668
91,id30,186.5,124.0,vial2,13,29.970125577344668
92,id30,185.5,121.0,vial2,13,29.970125577344668
93,id30,185.5,118.0,vial2,13,29.970125577344668
94,id30,184.5,115.0,vial2,13,29.970125577344668
95,id30,184.0,112.0,vial2,13,29.970125577344668
96,id30,183.0,109.0,vial2,13,29.970125577344668
97,id30,182.5,106.0,vial2,13,29.970125577344668
98,id30,181.5,103.0,vial2,13,29.970125577344668
99,id30,180.5,100.0,vial2,13,29.970125577344668
100,id30,180.0,98.0,vial2,13,29.970125577344668
101,id30,179.5,96.0,vial2,13,29.970125577344668
102,id30,178.5,94.0,vial2,13,29.970125577344668
103,id30,178.5,91.0,vial2,13,29.970125577344668
104,id30,177.5,89.0,vial2,13,29.970125577344668
105,id30,176.5,87.5,vial2,13,29.970125577344668
106,id30,177.0,87.0,vial2,13,29.970125577344668
107,id30,177.0,87.0,vial2,13,29.970125577344668
108,id30,177.0,87.0,vial2,13,29.970125577344668
109,id30,177.0,87.0,vial2,13,29.970125577344668
110,id30,177.5,87.0,vial2,13,29.970125577344668
111,id30,177.5,87.0,vial2,13,29.970125577344668
112,id30,177.5,87.5,vial2,13,29.970125577344668
113,id30,177.5,87.0,vial2,13,29.970125577344668
114,id30,177.5,87.5,vial2,13,29.970125577344668
115,id30,177.5,87.5,vial2,13,29.970125577344668
116,id30,177.5,87.5,vial2,13,29.970125577344668
117,id30,177.5,87.5,vial2,13,29.970125577344668
118,id30,176.5,87.0,vial2,13,29.970125577344668
119,id30,176.5,85.0,vial2,13,29.970125577344668
120,id30,175.5,83.5,vial2,13,29.970125577344668
121,id30,174.5,82.0,vial2,13,29.970125577344668
122,id30,173.5,80.0,vial2,13,29.970125577344668
123,id30,172.5,77.5,vial2,13,29.970125577344668
124,id30,171.5,76.0,vial2,13,29.970125577344668
125,id30,170.5,73.0,vial2,13,29.970125577344668
126,id30,169.5,70.5,vial2,13,29.970125577344668
127,id30,168.5,67.5,vial2,13,29.970125577344668
128,id30,167.5,65.0,vial2,13,29.970125577344668
129,id30,166.5,62.0,vial2,13,29.970125577344668
130,id30,165.5,59.0,vial2,13,29.970125577344668
131,id30,164.5,56.0,vial2,13,29.970125577344668
132,id30,165.0,53.0,vial2,13,29.970125577344668
133,id30,165.0,49.0,vial2,13,29.970125577344668
134,id30,165.5,46.0,vial2,13,29.970125577344668
135,id30,166.5,43.0,vial2,13,29.970125577344668
136,id30,167.5,40.0,vial2,13,29.970125577344668
137,id30,168.5,37.0,vial2,13,29.970125577344668
138,id30,169.5,34.0,vial2,13,29.970125577344668
139,id30,170.5,31.0,vial2,13,29.970125577344668
140,id30,171.5,28.0,vial2,13,29.970125577344668
141,id30,173.0,25.0,vial2,13,29.970125577344668
142,id30,174.5,23.0,vial2,13,29.970125577344668
143,id30,176.0,20.5,vial2,13,29.970125577344668
144,id30,177.5,17.5,vial2,13,29.970125577344668
145,id30,179.0,15.5,vial2,13,29.970125577344668
146,id30,180.0,13.0,vial2,13,29.970125577344668
147,id30,181.0,10.5,vial2,13,29.970125577344668
148,id30,182.0,8.5,vial2,13,29.970125577344668
149,id30,182.5,5.0,vial2,13,29.970125577344668
150,id30,184.0,4.5,vial2,13,29.970125577344668
3,id31,290.5,339.5,vial3,18,29.970125577344668
4,id31,285.0,338.5,vial3,18,29.970125577344668
5,id31,281.5,339.0,vial3,18,29.970125577344668
6,id31,269.5,334.0,vial3,18,29.970125577344668
7,id31,270.5,333.5,vial3,18,29.970125577344668
8,id31,271.5,333.0,vial3,18,29.970125577344668
9,id31,274.5,332.5,vial3,18,29.970125577344668
10,id31,275.5,333.5,vial3,18,29.970125577344668
11,id31,274.5,333.0,vial3,18,29.970125577344668
12,id31,274.5,333.0,vial3,18,29.970125577344668
13,id31,275.0,332.5,vial3,18,29.970125577344668
14,id31,275.5,332.0,vial3,18,29.970125577344668
15,id31,276.5,332.0,vial3,18,29.970125577344668
16,id31,275.5,332.5,vial3,18,29.970125577344668
17,id31,275.0,333.0,vial3,18,29.970125577344668
18,id31,274.5,332.5,vial3,18,29.970125577344668
19,id31,274.5,332.0,vial3,18,29.970125577344668
20,id31,274.0,332.5,vial3,18,29.970125577344668
21,id31,275.5,338.0,vial3,18,29.970125577344668
22,id31,271.0,338.0,vial3,18,29.970125577344668
23,id31,270.0,338.0,vial3,18,29.970125577344668
24,id31,269.5,338.0,vial3,18,29.970125577344668
25,id31,270.5,338.0,vial3,18,29.970125577344668
26,id31,269.5,338.0,vial3,18,29.970125577344668
27,id31,268.5,338.0,vial3,18,29.970125577344668
28,id31,266.5,339.0,vial3,18,29.970125577344668
29,id31,265.5,338.0,vial3,18,29.970125577344668
30,id31,262.5,337.5,vial3,18,29.970125577344668
31,id31,267.5,335.0,vial3,18,29.970125577344668
32,id31,267.0,335.5,vial3,18,29.970125577344668
33,id31,267.0,336.0,vial3,18,29.970125577344668
34,id31,266.5,336.0,vial3,18,29.970125577344668
35,id31,265.5,336.0,vial3,18,29.970125577344668
36,id31,265.0,336.0,vial3,18,29.970125577344668
37,id31,263.0,336.0,vial3,18,29.970125577344668
38,id31,261.0,336.0,vial3,18,29.970125577344668
39,id31,259.0,336.0,vial3,18,29.970125577344668
40,id31,257.0,337.0,vial3,18,29.970125577344668
41,id31,259.0,337.5,vial3,18,29.970125577344668
42,id31,271.0,338.0,vial3,18,29.970125577344668
43,id31,270.5,338.0,vial3,18,29.970125577344668
44,id31,257.5,324.5,vial3,18,29.970125577344668
45,id31,258.5,328.0,vial3,18,29.970125577344668
46,id31,270.5,337.5,vial3,18,29.970125577344668
47,id31,269.0,337.5,vial3,18,29.970125577344668
48,id31,265.0,337.5,vial3,18,29.970125577344668
49,id31,264.0,338.0,vial3,18,29.970125577344668
50,id31,261.5,339.0,vial3,18,29.970125577344668
51,id31,261.0,339.5,vial3,18,29.970125577344668
52,id31,260.5,338.0,vial3,18,29.970125577344668
53,id31,261.0,337.5,vial3,18,29.970125577344668
54,id31,262.0,336.5,vial3,18,29.970125577344668
55,id31,263.0,336.5,vial3,18,29.970125577344668
56,id31,263.5,337.5,vial3,18,29.970125577344668
57,id31,263.0,337.0,vial3,18,29.970125577344668
58,id31,263.0,337.0,vial3,18,29.970125577344668
59,id31,263.0,337.0,vial3,18,29.970125577344668
60,id31,264.5,336.5,vial3,18,29.970125577344668
61,id31,266.0,335.5,vial3,18,29.970125577344668
62,id31,269.0,333.5,vial3,18,29.970125577344668
63,id31,271.5,333.0,vial3,18,29.970125577344668
64,id31,274.0,332.5,vial3,18,29.970125577344668
65,id31,275.5,332.0,vial3,18,29.970125577344668
66,id31,275.0,331.5,vial3,18,29.970125577344668
67,id31,275.0,332.0,vial3,18,29.970125577344668
68,id31,275.5,332.0,vial3,18,29.970125577344668
69,id31,275.5,332.0,vial3,18,29.970125577344668
72,id31,279.5,337.0,vial3,18,29.970125577344668
73,id31,277.5,334.5,vial3,18,29.970125577344668
74,id31,277.0,334.0,vial3,18,29.970125577344668
75,id31,277.0,334.5,vial3,18,29.970125577344668
78,id31,277.0,335.5,vial3,18,29.970125577344668
79,id31,277.0,335.0,vial3,18,29.970125577344668
80,id31,276.5,335.0,vial3,18,29.970125577344668
81,id31,277.0,335.0,vial3,18,29.970125577344668
82,id31,277.0,334.5,vial3,18,29.970125577344668
83,id31,278.0,335.0,vial3,18,29.970125577344668
84,id31,280.0,334.5,vial3,18,29.970125577344668
85,id31,280.5,335.5,vial3,18,29.970125577344668
86,id31,280.0,334.5,vial3,18,29.970125577344668
87,id31,278.0,334.5,vial3,18,29.970125577344668
88,id31,278.5,334.0,vial3,18,29.970125577344668
89,id31,278.5,334.0,vial3,18,29.970125577344668
90,id31,279.0,333.5,vial3,18,29.970125577344668
91,id31,279.5,333.5,vial3,18,29.970125577344668
92,id31,280.5,333.5,vial3,18,29.970125577344668
93,id31,280.5,333.0,vial3,18,29.970125577344668
94,id31,280.5,333.0,vial3,18,29.970125577344668
95,id31,280.0,333.0,vial3,18,29.970125577344668
96,id31,278.5,333.5,vial3,18,29.970125577344668
97,id31,277.0,333.5,vial3,18,29.970125577344668
98,id31,277.0,332.5,vial3,18,29.970125577344668
99,id31,270.0,334.5,vial3,18,29.970125577344668
100,id31,267.5,334.0,vial3,18,29.970125577344668
101,id31,264.5,334.5,vial3,18,29.970125577344668
102,id31,262.0,335.0,vial3,18,29.970125577344668
103,id31,259.5,335.5,vial3,18,29.970125577344668
104,id31,258.0,336.5,vial3,18,29.970125577344668
105,id31,257.0,337.0,vial3,18,29.970125577344668
106,id31,256.5,337.5,vial3,18,29.970125577344668
107,id31,256.0,337.5,vial3,18,29.970125577344668
108,id31,255.5,337.5,vial3,18,29.970125577344668
109,id31,254.5,337.5,vial3,18,29.970125577344668
110,id31,254.0,337.5,vial3,18,29.970125577344668
111,id31,253.5,338.0,vial3,18,29.970125577344668
112,id31,253.5,338.0,vial3,18,29.970125577344668
113,id31,253.5,338.5,vial3,18,29.970125577344668
114,id31,254.5,338.5,vial3,18,29.970125577344668
115,id31,254.5,338.5,vial3,18,29.970125577344668
116,id31,256.5,339.0,vial3,18,29.970125577344668
117,id31,257.5,339.0,vial3,18,29.970125577344668
118,id31,259.5,339.0,vial3,18,29.970125577344668
119,id31,261.5,338.5,vial3,18,29.970125577344668
120,id31,264.0,338.5,vial3,18,29.970125577344668
121,id31,266.0,338.0,vial3,18,29.970125577344668
122,id31,268.0,338.5,vial3,18,29.970125577344668
123,id31,271.0,338.5,vial3,18,29.970125577344668
124,id31,273.0,338.5,vial3,18,29.970125577344668
125,id31,274.5,338.0,vial3,18,29.970125577344668
126,id31,276.0,337.5,vial3,18,29.970125577344668
127,id31,278.0,337.5,vial3,18,29.970125577344668
128,id31,278.5,338.0,vial3,18,29.970125577344668
129,id31,278.5,337.5,vial3,18,29.970125577344668
130,id31,278.0,337.0,vial3,18,29.970125577344668
131,id31,278.0,337.0,vial3,18,29.970125577344668
132,id31,278.5,337.5,vial3,18,29.970125577344668
133,id31,279.0,337.5,vial3,18,29.970125577344668
134,id31,278.5,338.0,vial3,18,29.970125577344668
135,id31,278.5,338.0,vial3,18,29.970125577344668
136,id31,278.5,337.5,vial3,18,29.970125577344668
137,id31,279.0,338.0,vial3,18,29.970125577344668
138,id31,279.0,338.5,vial3,18,29.970125577344668
139,id31,279.0,337.0,vial3,18,29.970125577344668
140,id31,278.5,335.5,vial3,18,29.970125577344668
141,id31,277.0,335.0,vial3,18,29.970125577344668
142,id31,277.5,333.5,vial3,18,29.970125577344668
143,id31,277.5,332.5,vial3,18,29.970125577344668
144,id31,277.0,328.5,vial3,18,29.970125577344668
145,id31,277.5,325.5,vial3,18,29.970125577344668
146,id31,278.5,323.0,vial3,18,29.970125577344668
147,id31,279.0,320.0,vial3,18,29.970125577344668
148,id31,281.0,318.0,vial3,18,29.970125577344668
149,id31,283.0,315.5,vial3,18,29.970125577344668
150,id31,285.5,313.5,vial3,18,29.970125577344668
151,id31,287.5,311.5,vial3,18,29.970125577344668
152,id31,290.5,310.5,vial3,18,29.970125577344668
153,id31,292.5,309.5,vial3,18,29.970125577344668
154,id31,294.5,308.5,vial3,18,29.970125577344668
155,id31,297.0,308.0,vial3,18,29.970125577344668
156,id31,298.5,308.5,vial3,18,29.970125577344668
157,id31,300.5,309.0,vial3,18,29.970125577344668
158,id31,301.5,309.0,vial3,18,29.970125577344668
159,id31,302.0,308.5,vial3,18,29.970125577344668
160,id31,302.0,308.5,vial3,18,29.970125577344668
161,id31,303.0,307.5,vial3,18,29.970125577344668
162,id31,304.0,306.5,vial3,18,29.970125577344668
163,id31,304.0,304.5,vial3,18,29.970125577344668
164,id31,305.0,302.5,vial3,18,29.970125577344668
165,id31,306.0,300.5,vial3,18,29.970125577344668
166,id31,307.0,298.5,vial3,18,29.970125577344668
167,id31,307.5,295.5,vial3,18,29.970125577344668
168,id31,307.5,293.5,vial3,18,29.970125577344668
169,id31,308.5,291.5,vial3,18,29.970125577344668
170,id31,308.5,289.5,vial3,18,29.970125577344668
171,id31,308.5,287.5,vial3,18,29.970125577344668
172,id31,308.5,285.5,vial3,18,29.970125577344668
173,id31,308.5,283.5,vial3,18,29.970125577344668
174,id31,308.5,281.5,vial3,18,29.970125577344668
175,id31,308.0,279.5,vial3,18,29.970125577344668
176,id31,307.5,277.5,vial3,18,29.970125577344668
177,id31,307.5,274.5,vial3,18,29.970125577344668
178,id31,306.5,272.5,vial3,18,29.970125577344668
179,id31,306.5,270.5,vial3,18,29.970125577344668
180,id31,305.5,267.5,vial3,18,29.970125577344668
181,id31,304.5,265.0,vial3,18,29.970125577344668
182,id31,304.0,262.5,vial3,18,29.970125577344668
183,id31,303.5,259.5,vial3,18,29.970125577344668
184,id31,303.0,257.0,vial3,18,29.970125577344668
185,id31,302.5,255.0,vial3,18,29.970125577344668
186,id31,302.5,252.0,vial3,18,29.970125577344668
187,id31,302.0,249.0,vial3,18,29.970125577344668
188,id31,302.0,247.0,vial3,18,29.970125577344668
189,id31,301.5,244.5,vial3,18,29.970125577344668
190,id31,301.5,242.0,vial3,18,29.970125577344668
191,id31,300.5,239.0,vial3,18,29.970125577344668
192,id31,300.5,236.0,vial3,18,29.970125577344668
193,id31,301.0,233.0,vial3,18,29.970125577344668
194,id31,301.0,229.5,vial3,18,29.970125577344668
195,id31,301.5,226.5,vial3,18,29.970125577344668
196,id31,302.5,224.0,vial3,18,29.970125577344668
197,id31,303.0,220.0,vial3,18,29.970125577344668
198,id31,303.5,218.0,vial3,18,29.970125577344668
199,id31,304.5,215.0,vial3,18,29.970125577344668
200,id31,305.5,212.5,vial3,18,29.970125577344668
201,id31,306.0,210.0,vial3,18,29.970125577344668
202,id31,306.5,207.0,vial3,18,29.970125577344668
203,id31,307.5,204.5,vial3,18,29.970125577344668
204,id31,308.0,202.5,vial3,18,29.970125577344668
205,id31,308.5,201.0,vial3,18,29.970125577344668
206,id31,309.0,200.0,vial3,18,29.970125577344668
207,id31,309.5,198.5,vial3,18,29.970125577344668
208,id31,308.5,198.0,vial3,18,29.970125577344668
209,id31,308.5,197.5,vial3,18,29.970125577344668
210,id31,307.5,197.0,vial3,18,29.970125577344668
211,id31,307.0,196.5,vial3,18,29.970125577344668
212,id31,307.0,195.5,vial3,18,29.970125577344668
213,id31,306.0,195.5,vial3,18,29.970125577344668
214,id31,305.0,194.5,vial3,18,29.970125577344668
215,id31,304.0,193.5,vial3,18,29.970125577344668
216,id31,303.0,191.5,vial3,18,29.970125577344668
217,id31,301.0,189.0,vial3,18,29.970125577344668
218,id31,299.5,187.5,vial3,18,29.970125577344668
219,id31,298.0,185.5,vial3,18,29.970125577344668
220,id31,296.0,183.5,vial3,18,29.970125577344668
221,id31,294.5,182.5,vial3,18,29.970125577344668
222,id31,291.5,182.0,vial3,18,29.970125577344668
223,id31,289.5,182.5,vial3,18,29.970125577344668
224,id31,287.5,182.5,vial3,18,29.970125577344668
225,id31,285.5,182.0,vial3,18,29.970125577344668
226,id31,282.5,182.0,vial3,18,29.970125577344668
227,id31,280.5,181.5,vial3,18,29.970125577344668
228,id31,277.5,181.5,vial3,18,29.970125577344668
229,id31,275.5,182.0,vial3,18,29.970125577344668
230,id31,274.5,182.0,vial3,18,29.970125577344668
231,id31,272.5,182.0,vial3,18,29.970125577344668
232,id31,272.0,181.5,vial3,18,29.970125577344668
233,id31,272.0,181.0,vial3,18,29.970125577344668
234,id31,272.0,181.0,vial3,18,29.970125577344668
235,id31,272.0,181.0,vial3,18,29.970125577344668
236,id31,271.0,180.0,vial3,18,29.970125577344668
237,id31,252.0,172.0,vial3,18,29.970125577344668
238,id31,249.0,169.0,vial3,18,29.970125577344668
239,id31,249.0,169.0,vial3,18,29.970125577344668
240,id31,249.0,168.0,vial3,18,29.970125577344668
241,id31,249.0,167.0,vial3,18,29.970125577344668
242,id31,248.5,164.5,vial3,18,29.970125577344668
243,id31,247.5,163.0,vial3,18,29.970125577344668
244,id31,247.0,161.0,vial3,18,29.970125577344668
245,id31,246.5,159.5,vial3,18,29.970125577344668
246,id31,245.5,157.0,vial3,18,29.970125577344668
247,id31,245.5,156.0,vial3,18,29.970125577344668
248,id31,244.5,155.0,vial3,18,29.970125577344668
249,id31,244.5,154.0,vial3,18,29.970125577344668
250,id31,244.5,153.0,vial3,18,29.970125577344668
251,id31,245.0,152.0,vial3,18,29.970125577344668
252,id31,245.5,151.5,vial3,18,29.970125577344668
253,id31,246.0,150.5,vial3,18,29.970125577344668
254,id31,247.5,149.5,vial3,18,29.970125577344668
255,id31,249.0,149.0,vial3,18,29.970125577344668
256,id31,250.5,148.5,vial3,18,29.970125577344668
257,id31,252.5,147.5,vial3,18,29.970125577344668
258,id31,253.5,146.5,vial3,18,29.970125577344668
259,id31,255.5,145.0,vial3,18,29.970125577344668
260,id31,257.0,142.5,vial3,18,29.970125577344668
261,id31,259.0,140.5,vial3,18,29.970125577344668
262,id31,260.5,137.5,vial3,18,29.970125577344668
263,id31,262.5,135.5,vial3,18,29.970125577344668
264,id31,264.5,133.5,vial3,18,29.970125577344668
265,id31,266.5,132.0,vial3,18,29.970125577344668
266,id31,268.5,130.0,vial3,18,29.970125577344668
267,id31,270.5,128.5,vial3,18,29.970125577344668
268,id31,273.0,127.0,vial3,18,29.970125577344668
269,id31,274.5,125.0,vial3,18,29.970125577344668
270,id31,276.5,124.0,vial3,18,29.970125577344668
271,id31,278.5,123.0,vial3,18,29.970125577344668
272,id31,281.0,121.0,vial3,18,29.970125577344668
273,id31,283.5,120.0,vial3,18,29.970125577344668
274,id31,286.0,118.5,vial3,18,29.970125577344668
275,id31,288.5,118.0,vial3,18,29.970125577344668
276,id31,291.0,117.5,vial3,18,29.970125577344668
277,id31,293.0,117.0,vial3,18,29.970125577344668
278,id31,295.0,116.0,vial3,18,29.970125577344668
279,id31,296.0,115.5,vial3,18,29.970125577344668
280,id31,297.0,114.5,vial3,18,29.970125577344668
281,id31,297.5,113.0,vial3,18,29.970125577344668
282,id31,297.5,110.0,vial3,18,29.970125577344668
283,id31,298.5,107.0,vial3,18,29.970125577344668
284,id31,299.5,105.0,vial3,18,29.970125577344668
285,id31,300.5,102.0,vial3,18,29.970125577344668
286,id31,301.0,100.0,vial3,18,29.970125577344668
287,id31,302.0,97.0,vial3,18,29.970125577344668
288,id31,303.0,95.0,vial3,18,29.970125577344668
289,id31,304.0,93.0,vial3,18,29.970125577344668
290,id31,305.0,90.5,vial3,18,29.970125577344668
291,id31,306.0,88.0,vial3,18,29.970125577344668
292,id31,306.5,85.5,vial3,18,29.970125577344668
293,id31,307.5,83.0,vial3,18,29.970125577344668
294,id31,307.5,80.5,vial3,18,29.970125577344668
295,id31,308.5,78.5,vial3,18,29.970125577344668
296,id31,308.5,75.5,vial3,18,29.970125577344668
297,id31,308.5,73.0,vial3,18,29.970125577344668
298,id31,309.5,70.0,vial3,18,29.970125577344668
299,id31,309.0,67.5,vial3,18,29.970125577344668
300,id31,309.5,64.0,vial3,18,29.970125577344668
301,id31,309.5,61.0,vial3,18,29.970125577344668
302,id31,309.5,58.0,vial3,18,29.970125577344668
303,id31,309.0,55.5,vial3,18,29.970125577344668
304,id31,309.0,53.0,vial3,18,29.970125577344668
305,id31,308.5,50.0,vial3,18,29.970125577344668
306,id31,308.5,47.0,vial3,18,29.970125577344668
307,id31,308.5,44.5,vial3,18,29.970125577344668
308,id31,307.5,42.0,vial3,18,29.970125577344668
309,id31,307.5,40.0,vial3,18,29.970125577344668
310,id31,306.5,37.0,vial3,18,29.970125577344668
311,id31,305.5,34.5,vial3,18,29.970125577344668
312,id31,305.5,32.0,vial3,18,29.970125577344668
313,id31,304.5,29.0,vial3,18,29.970125577344668
314,id31,304.5,26.5,vial3,18,29.970125577344668
315,id31,303.5,24.0,vial3,18,29.970125577344668
316,id31,303.0,21.0,vial3,18,29.970125577344668
317,id31,302.0,18.0,vial3,18,29.970125577344668
318,id31,301.0,15.5,vial3,18,29.970125577344668
319,id31,300.0,13.0,vial3,18,29.970125577344668
320,id31,299.0,11.0,vial3,18,29.970125577344668
321,id31,297.0,9.0,vial3,18,29.970125577344668
340,id31,305.0,3.0,vial3,18,29.970125577344668
341,id31,305.5,2.5,vial3,18,29.970125577344668
342,id31,305.5,2.5,vial3,18,29.970125577344668
17,id32,291.5,338.0,vial3,19,29.970125577344668
18,id32,289.5,338.0,vial3,19,29.970125577344668
19,id32,286.5,337.5,vial3,19,29.970125577344668
20,id32,270.5,337.5,vial3,19,29.970125577344668
21,id32,270.5,315.0,vial3,19,29.970125577344668
22,id32,271.0,302.0,vial3,19,29.970125577344668
23,id32,271.5,300.5,vial3,19,29.970125577344668
24,id32,272.0,299.0,vial3,19,29.970125577344668
25,id32,272.5,296.0,vial3,19,29.970125577344668
26,id32,272.5,293.5,vial3,19,29.970125577344668
27,id32,273.5,292.0,vial3,19,29.970125577344668
28,id32,276.0,289.5,vial3,19,29.970125577344668
29,id32,277.5,287.0,vial3,19,29.970125577344668
30,id32,280.5,285.0,vial3,19,29.970125577344668
31,id32,282.5,284.0,vial3,19,29.970125577344668
32,id32,285.0,282.0,vial3,19,29.970125577344668
33,id32,288.0,280.5,vial3,19,29.970125577344668
34,id32,291.0,279.5,vial3,19,29.970125577344668
35,id32,293.5,277.5,vial3,19,29.970125577344668
36,id32,295.5,275.5,vial3,19,29.970125577344668
37,id32,298.5,274.0,vial3,19,29.970125577344668
38,id32,300.5,272.0,vial3,19,29.970125577344668
39,id32,302.0,270.5,vial3,19,29.970125577344668
40,id32,304.0,269.0,vial3,19,29.970125577344668
41,id32,305.0,267.5,vial3,19,29.970125577344668
42,id32,305.5,265.5,vial3,19,29.970125577344668
43,id32,305.5,263.0,vial3,19,29.970125577344668
44,id32,305.5,260.0,vial3,19,29.970125577344668
45,id32,306.5,257.5,vial3,19,29.970125577344668
46,id32,307.0,254.0,vial3,19,29.970125577344668
47,id32,307.5,251.0,vial3,19,29.970125577344668
48,id32,307.5,248.0,vial3,19,29.970125577344668
49,id32,308.0,245.0,vial3,19,29.970125577344668
50,id32,308.0,242.0,vial3,19,29.970125577344668
51,id32,308.0,238.5,vial3,19,29.970125577344668
52,id32,308.5,236.0,vial3,19,29.970125577344668
53,id32,308.5,233.0,vial3,19,29.970125577344668
54,id32,309.0,230.0,vial3,19,29.970125577344668
55,id32,309.5,227.0,vial3,19,29.970125577344668
56,id32,309.5,224.5,vial3,19,29.970125577344668
57,id32,309.5,221.5,vial3,19,29.970125577344668
58,id32,309.0,218.5,vial3,19,29.970125577344668
59,id32,309.0,216.5,vial3,19,29.970125577344668
60,id32,307.5,214.5,vial3,19,29.970125577344668
61,id32,307.0,212.0,vial3,19,29.970125577344668
62,id32,307.0,209.0,vial3,19,29.970125577344668
63,id32,307.0,206.0,vial3,19,29.970125577344668
64,id32,307.0,203.0,vial3,19,29.970125577344668
65,id32,307.5,200.5,vial3,19,29.970125577344668
66,id32,307.0,197.0,vial3,19,29.970125577344668
67,id32,307.0,194.0,vial3,19,29.970125577344668
68,id32,307.0,191.0,vial3,19,29.970125577344668
69,id32,307.0,188.5,vial3,19,29.970125577344668
70,id32,306.5,184.5,vial3,19,29.970125577344668
71,id32,306.5,182.0,vial3,19,29.970125577344668
72,id32,306.5,179.0,vial3,19,29.970125577344668
73,id32,306.5,175.5,vial3,19,29.970125577344668
74,id32,305.5,172.0,vial3,19,29.970125577344668
75,id32,305.5,169.5,vial3,19,29.970125577344668
76,id32,305.0,166.5,vial3,19,29.970125577344668
77,id32,304.0,163.5,vial3,19,29.970125577344668
78,id32,303.5,161.0,vial3,19,29.970125577344668
79,id32,302.5,158.0,vial3,19,29.970125577344668
80,id32,301.5,155.0,vial3,19,29.970125577344668
81,id32,300.5,153.0,vial3,19,29.970125577344668
82,id32,299.5,150.0,vial3,19,29.970125577344668
83,id32,297.0,145.0,vial3,19,29.970125577344668
84,id32,296.0,142.0,vial3,19,29.970125577344668
85,id32,296.5,143.0,vial3,19,29.970125577344668
86,id32,298.5,144.0,vial3,19,29.970125577344668
87,id32,298.0,141.5,vial3,19,29.970125577344668
88,id32,297.0,139.5,vial3,19,29.970125577344668
89,id32,296.0,137.5,vial3,19,29.970125577344668
90,id32,294.0,135.5,vial3,19,29.970125577344668
91,id32,292.0,133.0,vial3,19,29.970125577344668
92,id32,290.5,132.0,vial3,19,29.970125577344668
93,id32,288.0,130.0,vial3,19,29.970125577344668
94,id32,286.5,129.0,vial3,19,29.970125577344668
95,id32,284.5,126.5,vial3,19,29.970125577344668
96,id32,282.5,125.0,vial3,19,29.970125577344668
97,id32,280.5,123.0,vial3,19,29.970125577344668
98,id32,278.5,121.0,vial3,19,29.970125577344668
99,id32,275.5,119.5,vial3,19,29.970125577344668
100,id32,273.5,118.0,vial3,19,29.970125577344668
101,id32,271.5,116.0,vial3,19,29.970125577344668
102,id32,269.5,114.5,vial3,19,29.970125577344668
103,id32,267.5,113.0,vial3,19,29.970125577344668
104,id32,266.0,110.5,vial3,19,29.970125577344668
105,id32,265.0,108.5,vial3,19,29.970125577344668
106,id32,264.0,106.5,vial3,19,29.970125577344668
107,id32,263.5,104.0,vial3,19,29.970125577344668
108,id32,263.0,101.0,vial3,19,29.970125577344668
109,id32,263.0,98.0,vial3,19,29.970125577344668
110,id32,263.0,94.5,vial3,19,29.970125577344668
111,id32,263.0,91.5,vial3,19,29.970125577344668
112,id32,263.0,89.0,vial3,19,29.970125577344668
113,id32,263.0,86.0,vial3,19,29.970125577344668
114,id32,263.0,83.0,vial3,19,29.970125577344668
115,id32,263.0,80.0,vial3,19,29.970125577344668
116,id32,262.5,77.5,vial3,19,29.970125577344668
117,id32,262.0,75.0,vial3,19,29.970125577344668
118,id32,261.5,72.0,vial3,19,29.970125577344668
119,id32,260.5,70.0,vial3,19,29.970125577344668
120,id32,258.5,67.5,vial3,19,29.970125577344668
121,id32,257.5,64.5,vial3,19,29.970125577344668
122,id32,256.0,61.5,vial3,19,29.970125577344668
123,id32,255.0,60.0,vial3,19,29.970125577344668
124,id32,254.0,57.5,vial3,19,29.970125577344668
125,id32,252.5,55.5,vial3,19,29.970125577344668
126,id32,251.5,54.0,vial3,19,29.970125577344668
127,id32,250.5,52.5,vial3,19,29.970125577344668
128,id32,249.5,50.5,vial3,19,29.970125577344668
129,id32,248.5,49.0,vial3,19,29.970125577344668
130,id32,247.5,47.0,vial3,19,29.970125577344668
131,id32,246.5,46.0,vial3,19,29.970125577344668
132,id32,246.0,45.0,vial3,19,29.970125577344668
133,id32,245.5,43.0,vial3,19,29.970125577344668
134,id32,245.0,42.0,vial3,19,29.970125577344668
135,id32,245.0,40.0,vial3,19,29.970125577344668
136,id32,244.5,39.0,vial3,19,29.970125577344668
137,id32,245.0,38.0,vial3,19,29.970125577344668
138,id32,245.5,36.5,vial3,19,29.970125577344668
139,id32,246.0,35.0,vial3,19,29.970125577344668
140,id32,247.0,34.0,vial3,19,29.970125577344668
141,id32,248.0,33.0,vial3,19,29.970125577344668
142,id32,250.0,31.0,vial3,19,29.970125577344668
143,id32,251.5,30.0,vial3,19,29.970125577344668
144,id32,253.5,28.5,vial3,19,29.970125577344668
145,id32,256.5,27.5,vial3,19,29.970125577344668
146,id32,258.5,27.0,vial3,19,29.970125577344668
147,id32,261.0,26.5,vial3,19,29.970125577344668
148,id32,263.0,26.0,vial3,19,29.970125577344668
149,id32,265.5,25.0,vial3,19,29.970125577344668
150,id32,268.0,24.5,vial3,19,29.970125577344668
151,id32,271.5,24.0,vial3,19,29.970125577344668
152,id32,274.0,22.5,vial3,19,29.970125577344668
153,id32,277.5,21.5,vial3,19,29.970125577344668
154,id32,280.0,21.0,vial3,19,29.970125577344668
155,id32,283.0,20.0,vial3,19,29.970125577344668
156,id32,286.5,20.0,vial3,19,29.970125577344668
157,id32,289.0,19.0,vial3,19,29.970125577344668
158,id32,292.0,19.0,vial3,19,29.970125577344668
159,id32,295.0,19.0,vial3,19,29.970125577344668
160,id32,297.0,19.0,vial3,19,29.970125577344668
161,id32,299.0,19.0,vial3,19,29.970125577344668
162,id32,301.5,19.0,vial3,19,29.970125577344668
163,id32,303.5,19.0,vial3,19,29.970125577344668
164,id32,305.5,20.0,vial3,19,29.970125577344668
165,id32,306.0,20.0,vial3,19,29.970125577344668
166,id32,307.0,19.5,vial3,19,29.970125577344668
167,id32,307.0,19.0,vial3,19,29.970125577344668
168,id32,307.5,18.0,vial3,19,29.970125577344668
169,id32,307.5,16.0,vial3,19,29.970125577344668
170,id32,308.5,13.5,vial3,19,29.970125577344668
171,id32,308.5,12.0,vial3,19,29.970125577344668
172,id32,308.5,10.5,vial3,19,29.970125577344668
232,id32,246.5,2.5,vial3,19,29.970125577344668
233,id32,246.5,2.5,vial3,19,29.970125577344668
234,id32,247.0,5.0,vial3,19,29.970125577344668
236,id32,245.0,6.0,vial3,19,29.970125577344668
321,id32,296.0,3.0,vial3,19,29.970125577344668
322,id32,295.0,5.0,vial3,19,29.970125577344668
323,id32,294.5,4.0,vial3,19,29.970125577344668
324,id32,294.0,3.5,vial3,19,29.970125577344668
334,id32,305.0,7.0,vial3,19,29.970125577344668
335,id32,305.0,7.0,vial3,19,29.970125577344668
336,id32,305.0,7.0,vial3,19,29.970125577344668
337,id32,305.0,7.0,vial3,19,29.970125577344668
338,id32,305.0,7.5,vial3,19,29.970125577344668
339,id32,305.0,7.5,vial3,19,29.970125577344668
340,id32,305.0,11.0,vial3,19,29.970125577344668
341,id32,305.5,13.0,vial3,19,29.970125577344668
342,id32,305.5,16.0,vial3,19,29.970125577344668
23,id33,135.5,269.5,vial2,8,29.970125577344668
24,id33,140.5,287.0,vial2,8,29.970125577344668
25,id33,131.5,295.0,vial2,8,29.970125577344668
26,id33,132.0,288.5,vial2,8,29.970125577344668
27,id33,146.5,277.0,vial2,8,29.970125577344668
28,id33,149.5,269.5,vial2,8,29.970125577344668
29,id33,149.5,268.5,vial2,8,29.970125577344668
30,id33,149.5,268.5,vial2,8,29.970125577344668
31,id33,149.5,268.5,vial2,8,29.970125577344668
32,id33,150.0,268.5,vial2,8,29.970125577344668
33,id33,150.0,268.5,vial2,8,29.970125577344668
34,id33,150.0,268.5,vial2,8,29.970125577344668
35,id33,148.0,268.0,vial2,8,29.970125577344668
36,id33,146.5,268.0,vial2,8,29.970125577344668
37,id33,145.5,267.0,vial2,8,29.970125577344668
38,id33,144.5,266.5,vial2,8,29.970125577344668
39,id33,143.0,266.0,vial2,8,29.970125577344668
40,id33,141.0,264.5,vial2,8,29.970125577344668
41,id33,139.0,263.5,vial2,8,29.970125577344668
42,id33,137.5,262.5,vial2,8,29.970125577344668
43,id33,135.5,261.5,vial2,8,29.970125577344668
44,id33,135.0,261.5,vial2,8,29.970125577344668
45,id33,133.5,261.0,vial2,8,29.970125577344668
46,id33,132.5,260.5,vial2,8,29.970125577344668
47,id33,131.0,259.5,vial2,8,29.970125577344668
48,id33,130.0,260.5,vial2,8,29.970125577344668
49,id33,129.0,261.5,vial2,8,29.970125577344668
50,id33,128.5,261.5,vial2,8,29.970125577344668
51,id33,128.0,261.5,vial2,8,29.970125577344668
52,id33,127.0,261.5,vial2,8,29.970125577344668
53,id33,126.5,260.5,vial2,8,29.970125577344668
54,id33,126.5,259.0,vial2,8,29.970125577344668
55,id33,126.5,257.0,vial2,8,29.970125577344668
56,id33,126.5,255.0,vial2,8,29.970125577344668
57,id33,127.0,253.0,vial2,8,29.970125577344668
58,id33,127.5,251.0,vial2,8,29.970125577344668
59,id33,127.5,249.0,vial2,8,29.970125577344668
60,id33,127.5,247.0,vial2,8,29.970125577344668
61,id33,128.0,245.0,vial2,8,29.970125577344668
62,id33,128.5,242.0,vial2,8,29.970125577344668
63,id33,128.5,240.0,vial2,8,29.970125577344668
64,id33,128.5,238.0,vial2,8,29.970125577344668
65,id33,129.0,235.5,vial2,8,29.970125577344668
66,id33,129.0,234.0,vial2,8,29.970125577344668
67,id33,129.0,232.5,vial2,8,29.970125577344668
68,id33,129.5,231.0,vial2,8,29.970125577344668
69,id33,130.0,229.0,vial2,8,29.970125577344668
70,id33,130.0,227.5,vial2,8,29.970125577344668
71,id33,130.0,225.5,vial2,8,29.970125577344668
72,id33,130.0,223.5,vial2,8,29.970125577344668
73,id33,129.5,220.5,vial2,8,29.970125577344668
74,id33,129.5,218.0,vial2,8,29.970125577344668
75,id33,129.0,215.5,vial2,8,29.970125577344668
76,id33,128.5,213.0,vial2,8,29.970125577344668
77,id33,128.5,210.0,vial2,8,29.970125577344668
78,id33,127.5,208.0,vial2,8,29.970125577344668
79,id33,127.5,205.5,vial2,8,29.970125577344668
80,id33,126.5,203.0,vial2,8,29.970125577344668
81,id33,126.5,201.0,vial2,8,29.970125577344668
82,id33,125.5,199.5,vial2,8,29.970125577344668
83,id33,125.5,198.0,vial2,8,29.970125577344668
84,id33,125.5,196.0,vial2,8,29.970125577344668
85,id33,124.5,193.5,vial2,8,29.970125577344668
86,id33,124.5,191.0,vial2,8,29.970125577344668
87,id33,124.5,188.5,vial2,8,29.970125577344668
88,id33,124.5,186.0,vial2,8,29.970125577344668
89,id33,124.5,183.5,vial2,8,29.970125577344668
90,id33,124.5,180.5,vial2,8,29.970125577344668
91,id33,124.5,177.5,vial2,8,29.970125577344668
92,id33,124.5,175.0,vial2,8,29.970125577344668
93,id33,124.5,172.0,vial2,8,29.970125577344668
94,id33,125.5,169.5,vial2,8,29.970125577344668
95,id33,125.5,168.0,vial2,8,29.970125577344668
96,id33,125.5,165.0,vial2,8,29.970125577344668
97,id33,125.5,163.0,vial2,8,29.970125577344668
98,id33,126.5,161.0,vial2,8,29.970125577344668
99,id33,126.5,159.0,vial2,8,29.970125577344668
100,id33,127.5,157.0,vial2,8,29.970125577344668
101,id33,128.5,156.5,vial2,8,29.970125577344668
102,id33,130.0,155.5,vial2,8,29.970125577344668
103,id33,130.0,155.0,vial2,8,29.970125577344668
104,id33,131.0,153.5,vial2,8,29.970125577344668
105,id33,132.5,152.0,vial2,8,29.970125577344668
106,id33,133.5,151.0,vial2,8,29.970125577344668
107,id33,134.0,149.5,vial2,8,29.970125577344668
108,id33,135.0,147.0,vial2,8,29.970125577344668
109,id33,136.0,145.0,vial2,8,29.970125577344668
110,id33,136.5,142.0,vial2,8,29.970125577344668
111,id33,136.5,139.5,vial2,8,29.970125577344668
112,id33,137.5,137.0,vial2,8,29.970125577344668
113,id33,138.5,134.5,vial2,8,29.970125577344668
114,id33,138.5,132.5,vial2,8,29.970125577344668
115,id33,139.5,130.5,vial2,8,29.970125577344668
116,id33,140.0,129.0,vial2,8,29.970125577344668
117,id33,140.0,128.5,vial2,8,29.970125577344668
118,id33,140.5,128.5,vial2,8,29.970125577344668
119,id33,140.5,128.0,vial2,8,29.970125577344668
120,id33,140.5,128.0,vial2,8,29.970125577344668
121,id33,140.5,128.0,vial2,8,29.970125577344668
122,id33,140.5,128.0,vial2,8,29.970125577344668
123,id33,140.5,128.0,vial2,8,29.970125577344668
124,id33,140.5,128.0,vial2,8,29.970125577344668
125,id33,140.5,128.0,vial2,8,29.970125577344668
126,id33,140.5,128.0,vial2,8,29.970125577344668
127,id33,140.5,128.0,vial2,8,29.970125577344668
128,id33,140.5,128.0,vial2,8,29.970125577344668
129,id33,141.5,127.0,vial2,8,29.970125577344668
130,id33,141.5,126.0,vial2,8,29.970125577344668
131,id33,142.5,123.5,vial2,8,29.970125577344668
132,id33,143.5,122.0,vial2,8,29.970125577344668
133,id33,144.5,120.0,vial2,8,29.970125577344668
134,id33,147.0,119.5,vial2,8,29.970125577344668
135,id33,149.5,118.0,vial2,8,29.970125577344668
136,id33,152.0,117.5,vial2,8,29.970125577344668
137,id33,154.0,117.0,vial2,8,29.970125577344668
138,id33,157.0,116.0,vial2,8,29.970125577344668
139,id33,159.0,115.5,vial2,8,29.970125577344668
140,id33,162.0,115.0,vial2,8,29.970125577344668
141,id33,163.0,114.5,vial2,8,29.970125577344668
142,id33,164.5,114.0,vial2,8,29.970125577344668
143,id33,166.0,113.0,vial2,8,29.970125577344668
144,id33,168.0,112.5,vial2,8,29.970125577344668
145,id33,169.0,112.5,vial2,8,29.970125577344668
146,id33,171.0,111.5,vial2,8,29.970125577344668
147,id33,172.0,111.5,vial2,8,29.970125577344668
148,id33,174.0,110.5,vial2,8,29.970125577344668
149,id33,175.0,109.5,vial2,8,29.970125577344668
150,id33,176.5,109.5,vial2,8,29.970125577344668
151,id33,178.5,108.5,vial2,8,29.970125577344668
152,id33,179.5,108.0,vial2,8,29.970125577344668
153,id33,181.0,107.5,vial2,8,29.970125577344668
154,id33,182.5,108.0,vial2,8,29.970125577344668
155,id33,183.5,108.0,vial2,8,29.970125577344668
156,id33,185.0,108.0,vial2,8,29.970125577344668
157,id33,185.5,108.0,vial2,8,29.970125577344668
158,id33,185.0,107.5,vial2,8,29.970125577344668
159,id33,185.5,106.0,vial2,8,29.970125577344668
160,id33,185.5,104.5,vial2,8,29.970125577344668
161,id33,185.5,102.0,vial2,8,29.970125577344668
162,id33,185.5,100.0,vial2,8,29.970125577344668
163,id33,186.0,97.5,vial2,8,29.970125577344668
164,id33,186.0,95.5,vial2,8,29.970125577344668
165,id33,186.5,93.5,vial2,8,29.970125577344668
166,id33,186.5,91.0,vial2,8,29.970125577344668
167,id33,187.0,89.0,vial2,8,29.970125577344668
168,id33,187.0,86.5,vial2,8,29.970125577344668
169,id33,187.0,84.0,vial2,8,29.970125577344668
170,id33,187.5,81.0,vial2,8,29.970125577344668
171,id33,187.5,78.0,vial2,8,29.970125577344668
172,id33,187.5,78.5,vial2,8,29.970125577344668
173,id33,188.5,78.0,vial2,8,29.970125577344668
174,id33,188.5,77.0,vial2,8,29.970125577344668
175,id33,188.5,77.0,vial2,8,29.970125577344668
176,id33,189.5,77.0,vial2,8,29.970125577344668
177,id33,189.0,77.0,vial2,8,29.970125577344668
178,id33,189.5,77.5,vial2,8,29.970125577344668
179,id33,189.5,77.0,vial2,8,29.970125577344668
180,id33,189.5,76.5,vial2,8,29.970125577344668
181,id33,189.5,77.0,vial2,8,29.970125577344668
182,id33,189.5,76.0,vial2,8,29.970125577344668
183,id33,189.5,76.0,vial2,8,29.970125577344668
184,id33,190.0,75.5,vial2,8,29.970125577344668
185,id33,190.0,75.5,vial2,8,29.970125577344668
186,id33,190.0,75.5,vial2,8,29.970125577344668
187,id33,190.0,75.5,vial2,8,29.970125577344668
188,id33,189.5,76.5,vial2,8,29.970125577344668
189,id33,189.5,78.0,vial2,8,29.970125577344668
190,id33,187.5,78.5,vial2,8,29.970125577344668
191,id33,181.5,80.5,vial2,8,29.970125577344668
192,id33,181.5,91.5,vial2,8,29.970125577344668
193,id33,183.5,124.5,vial2,8,29.970125577344668
194,id33,182.5,139.5,vial2,8,29.970125577344668
195,id33,175.5,147.5,vial2,8,29.970125577344668
196,id33,187.0,157.5,vial2,8,29.970125577344668
197,id33,178.5,164.0,vial2,8,29.970125577344668
198,id33,179.5,166.0,vial2,8,29.970125577344668
199,id33,180.0,165.5,vial2,8,29.970125577344668
200,id33,180.5,164.5,vial2,8,29.970125577344668
201,id33,180.5,163.5,vial2,8,29.970125577344668
202,id33,180.5,162.5,vial2,8,29.970125577344668
203,id33,180.5,162.0,vial2,8,29.970125577344668
204,id33,181.0,162.0,vial2,8,29.970125577344668
205,id33,182.0,162.0,vial2,8,29.970125577344668
206,id33,182.5,161.5,vial2,8,29.970125577344668
207,id33,183.0,161.0,vial2,8,29.970125577344668
208,id33,183.5,160.5,vial2,8,29.970125577344668
209,id33,184.0,160.5,vial2,8,29.970125577344668
210,id33,184.0,161.0,vial2,8,29.970125577344668
211,id33,184.5,161.0,vial2,8,29.970125577344668
212,id33,185.0,161.5,vial2,8,29.970125577344668
213,id33,185.0,161.5,vial2,8,29.970125577344668
214,id33,185.5,161.5,vial2,8,29.970125577344668
215,id33,186.0,161.0,vial2,8,29.970125577344668
216,id33,186.0,160.5,vial2,8,29.970125577344668
217,id33,187.0,159.5,vial2,8,29.970125577344668
218,id33,187.0,158.0,vial2,8,29.970125577344668
219,id33,187.5,157.0,vial2,8,29.970125577344668
220,id33,187.5,155.5,vial2,8,29.970125577344668
221,id33,188.0,153.5,vial2,8,29.970125577344668
222,id33,188.5,152.5,vial2,8,29.970125577344668
223,id33,188.5,151.0,vial2,8,29.970125577344668
224,id33,189.5,149.5,vial2,8,29.970125577344668
225,id33,189.5,148.0,vial2,8,29.970125577344668
226,id33,189.5,146.0,vial2,8,29.970125577344668
227,id33,189.5,145.0,vial2,8,29.970125577344668
228,id33,189.5,144.0,vial2,8,29.970125577344668
229,id33,189.5,143.0,vial2,8,29.970125577344668
230,id33,189.5,143.0,vial2,8,29.970125577344668
231,id33,189.5,142.0,vial2,8,29.970125577344668
232,id33,188.5,141.0,vial2,8,29.970125577344668
233,id33,188.5,140.5,vial2,8,29.970125577344668
234,id33,188.0,140.5,vial2,8,29.970125577344668
235,id33,187.5,140.5,vial2,8,29.970125577344668
236,id33,187.0,140.5,vial2,8,29.970125577344668
237,id33,186.0,141.0,vial2,8,29.970125577344668
238,id33,185.5,141.5,vial2,8,29.970125577344668
239,id33,184.5,142.0,vial2,8,29.970125577344668
240,id33,186.0,148.0,vial2,8,29.970125577344668
244,id33,188.5,141.0,vial2,8,29.970125577344668
245,id33,188.0,140.0,vial2,8,29.970125577344668
246,id33,188.5,139.0,vial2,8,29.970125577344668
247,id33,188.5,137.5,vial2,8,29.970125577344668
248,id33,189.0,136.0,vial2,8,29.970125577344668
249,id33,189.0,134.5,vial2,8,29.970125577344668
250,id33,189.0,133.0,vial2,8,29.970125577344668
251,id33,188.5,131.5,vial2,8,29.970125577344668
252,id33,187.5,129.5,vial2,8,29.970125577344668
253,id33,186.5,128.0,vial2,8,29.970125577344668
254,id33,184.5,126.5,vial2,8,29.970125577344668
255,id33,183.5,125.0,vial2,8,29.970125577344668
256,id33,181.0,124.0,vial2,8,29.970125577344668
257,id33,174.0,128.5,vial2,8,29.970125577344668
260,id33,175.0,123.5,vial2,8,29.970125577344668
325,id33,151.0,1.5,vial2,8,29.970125577344668
326,id33,148.0,1.5,vial2,8,29.970125577344668
327,id33,146.5,2.0,vial2,8,29.970125577344668
328,id33,145.0,2.0,vial2,8,29.970125577344668
329,id33,143.0,2.0,vial2,8,29.970125577344668
30,id34,184.5,304.5,vial2,9,29.970125577344668
31,id34,183.5,305.5,vial2,9,29.970125577344668
32,id34,179.5,305.0,vial2,9,29.970125577344668
42,id34,174.0,335.5,vial2,9,29.970125577344668
43,id34,174.5,335.5,vial2,9,29.970125577344668
44,id34,174.5,335.5,vial2,9,29.970125577344668
47,id34,179.0,336.5,vial2,9,29.970125577344668
48,id34,179.0,336.5,vial2,9,29.970125577344668
49,id34,179.5,336.5,vial2,9,29.970125577344668
50,id34,179.5,336.0,vial2,9,29.970125577344668
51,id34,178.0,336.5,vial2,9,29.970125577344668
52,id34,178.0,336.5,vial2,9,29.970125577344668
53,id34,177.5,336.5,vial2,9,29.970125577344668
54,id34,176.5,336.5,vial2,9,29.970125577344668
55,id34,175.0,336.5,vial2,9,29.970125577344668
56,id34,174.5,336.5,vial2,9,29.970125577344668
57,id34,174.0,336.5,vial2,9,29.970125577344668
58,id34,172.0,336.0,vial2,9,29.970125577344668
59,id34,170.0,335.5,vial2,9,29.970125577344668
60,id34,169.0,335.5,vial2,9,29.970125577344668
61,id34,168.5,335.5,vial2,9,29.970125577344668
62,id34,168.5,335.5,vial2,9,29.970125577344668
63,id34,168.5,335.5,vial2,9,29.970125577344668
64,id34,167.5,335.5,vial2,9,29.970125577344668
65,id34,166.0,335.0,vial2,9,29.970125577344668
66,id34,163.0,335.0,vial2,9,29.970125577344668
67,id34,161.5,334.5,vial2,9,29.970125577344668
68,id34,158.5,335.0,vial2,9,29.970125577344668
69,id34,155.5,335.5,vial2,9,29.970125577344668
70,id34,155.0,335.5,vial2,9,29.970125577344668
71,id34,153.0,335.5,vial2,9,29.970125577344668
72,id34,152.0,335.0,vial2,9,29.970125577344668
73,id34,150.5,334.5,vial2,9,29.970125577344668
74,id34,148.5,334.5,vial2,9,29.970125577344668
75,id34,147.0,335.0,vial2,9,29.970125577344668
76,id34,145.0,335.5,vial2,9,29.970125577344668
77,id34,143.0,335.5,vial2,9,29.970125577344668
80,id34,159.5,329.0,vial2,9,29.970125577344668
81,id34,164.0,337.5,vial2,9,29.970125577344668
82,id34,164.0,338.0,vial2,9,29.970125577344668
83,id34,164.5,338.0,vial2,9,29.970125577344668
84,id34,164.0,338.0,vial2,9,29.970125577344668
85,id34,164.0,337.5,vial2,9,29.970125577344668
86,id34,164.5,337.5,vial2,9,29.970125577344668
87,id34,164.0,337.5,vial2,9,29.970125577344668
88,id34,164.0,337.5,vial2,9,29.970125577344668
89,id34,165.0,337.0,vial2,9,29.970125577344668
90,id34,165.5,336.5,vial2,9,29.970125577344668
91,id34,165.5,336.5,vial2,9,29.970125577344668
92,id34,165.5,336.5,vial2,9,29.970125577344668
93,id34,165.5,337.0,vial2,9,29.970125577344668
94,id34,165.5,337.0,vial2,9,29.970125577344668
95,id34,165.5,337.0,vial2,9,29.970125577344668
96,id34,165.5,337.0,vial2,9,29.970125577344668
97,id34,165.5,337.0,vial2,9,29.970125577344668
98,id34,165.5,337.0,vial2,9,29.970125577344668
99,id34,165.5,337.0,vial2,9,29.970125577344668
100,id34,165.0,337.0,vial2,9,29.970125577344668
101,id34,165.0,316.0,vial2,9,29.970125577344668
102,id34,165.5,288.5,vial2,9,29.970125577344668
103,id34,164.5,288.0,vial2,9,29.970125577344668
104,id34,164.5,286.5,vial2,9,29.970125577344668
105,id34,163.5,285.0,vial2,9,29.970125577344668
106,id34,163.0,283.0,vial2,9,29.970125577344668
107,id34,162.0,281.0,vial2,9,29.970125577344668
108,id34,161.5,278.0,vial2,9,29.970125577344668
109,id34,161.0,276.0,vial2,9,29.970125577344668
110,id34,161.0,275.0,vial2,9,29.970125577344668
111,id34,161.5,274.0,vial2,9,29.970125577344668
112,id34,161.5,274.0,vial2,9,29.970125577344668
113,id34,161.5,274.0,vial2,9,29.970125577344668
114,id34,161.5,274.0,vial2,9,29.970125577344668
115,id34,161.5,274.0,vial2,9,29.970125577344668
116,id34,161.5,274.0,vial2,9,29.970125577344668
117,id34,161.5,274.0,vial2,9,29.970125577344668
118,id34,161.5,274.0,vial2,9,29.970125577344668
119,id34,161.5,274.0,vial2,9,29.970125577344668
120,id34,161.5,274.0,vial2,9,29.970125577344668
121,id34,161.5,274.0,vial2,9,29.970125577344668
122,id34,158.0,255.0,vial2,9,29.970125577344668
123,id34,164.0,211.0,vial2,9,29.970125577344668
124,id34,187.5,172.5,vial2,9,29.970125577344668
125,id34,180.5,180.5,vial2,9,29.970125577344668
126,id34,188.0,221.5,vial2,9,29.970125577344668
127,id34,185.5,246.5,vial2,9,29.970125577344668
128,id34,185.5,249.5,vial2,9,29.970125577344668
129,id34,184.0,256.0,vial2,9,29.970125577344668
130,id34,168.5,263.5,vial2,9,29.970125577344668
131,id34,143.0,261.5,vial2,9,29.970125577344668
132,id34,143.0,262.0,vial2,9,29.970125577344668
133,id34,143.5,261.0,vial2,9,29.970125577344668
134,id34,144.0,259.5,vial2,9,29.970125577344668
135,id34,145.0,258.0,vial2,9,29.970125577344668
136,id34,145.0,257.0,vial2,9,29.970125577344668
137,id34,145.5,255.0,vial2,9,29.970125577344668
138,id34,145.5,253.0,vial2,9,29.970125577344668
139,id34,146.0,252.0,vial2,9,29.970125577344668
140,id34,146.5,250.0,vial2,9,29.970125577344668
141,id34,146.5,249.0,vial2,9,29.970125577344668
142,id34,146.5,249.0,vial2,9,29.970125577344668
143,id34,146.5,248.0,vial2,9,29.970125577344668
144,id34,146.5,247.0,vial2,9,29.970125577344668
145,id34,146.5,247.0,vial2,9,29.970125577344668
146,id34,146.0,246.0,vial2,9,29.970125577344668
147,id34,145.5,244.0,vial2,9,29.970125577344668
148,id34,145.5,241.0,vial2,9,29.970125577344668
149,id34,144.5,238.0,vial2,9,29.970125577344668
150,id34,144.0,235.0,vial2,9,29.970125577344668
151,id34,143.0,232.5,vial2,9,29.970125577344668
152,id34,142.5,229.5,vial2,9,29.970125577344668
153,id34,142.0,227.5,vial2,9,29.970125577344668
154,id34,141.5,225.5,vial2,9,29.970125577344668
155,id34,141.0,224.5,vial2,9,29.970125577344668
156,id34,140.5,222.0,vial2,9,29.970125577344668
157,id34,140.5,221.0,vial2,9,29.970125577344668
158,id34,140.0,220.0,vial2,9,29.970125577344668
159,id34,139.5,219.0,vial2,9,29.970125577344668
160,id34,139.5,218.5,vial2,9,29.970125577344668
161,id34,145.5,203.5,vial2,9,29.970125577344668
162,id34,155.5,166.5,vial2,9,29.970125577344668
163,id34,156.0,165.0,vial2,9,29.970125577344668
164,id34,155.0,164.0,vial2,9,29.970125577344668
165,id34,155.5,163.0,vial2,9,29.970125577344668
166,id34,155.0,162.0,vial2,9,29.970125577344668
167,id34,155.0,160.5,vial2,9,29.970125577344668
168,id34,154.5,159.5,vial2,9,29.970125577344668
169,id34,153.5,158.0,vial2,9,29.970125577344668
170,id34,152.5,156.0,vial2,9,29.970125577344668
171,id34,151.0,154.5,vial2,9,29.970125577344668
172,id34,150.0,153.0,vial2,9,29.970125577344668
173,id34,148.5,151.5,vial2,9,29.970125577344668
174,id34,147.0,150.0,vial2,9,29.970125577344668
175,id34,146.5,148.5,vial2,9,29.970125577344668
176,id34,144.5,147.0,vial2,9,29.970125577344668
177,id34,143.0,146.0,vial2,9,29.970125577344668
178,id34,141.0,144.5,vial2,9,29.970125577344668
179,id34,139.5,143.5,vial2,9,29.970125577344668
180,id34,138.0,143.0,vial2,9,29.970125577344668
181,id34,136.0,142.5,vial2,9,29.970125577344668
182,id34,134.0,141.5,vial2,9,29.970125577344668
183,id34,132.0,140.0,vial2,9,29.970125577344668
184,id34,132.0,139.0,vial2,9,29.970125577344668
185,id34,130.0,138.0,vial2,9,29.970125577344668
186,id34,129.0,137.0,vial2,9,29.970125577344668
187,id34,128.5,136.0,vial2,9,29.970125577344668
188,id34,127.5,135.0,vial2,9,29.970125577344668
189,id34,127.0,134.0,vial2,9,29.970125577344668
190,id34,126.5,132.5,vial2,9,29.970125577344668
191,id34,126.5,131.0,vial2,9,29.970125577344668
192,id34,125.0,129.0,vial2,9,29.970125577344668
193,id34,125.5,127.0,vial2,9,29.970125577344668
194,id34,125.5,126.0,vial2,9,29.970125577344668
195,id34,125.0,125.0,vial2,9,29.970125577344668
196,id34,125.5,123.5,vial2,9,29.970125577344668
197,id34,125.5,122.5,vial2,9,29.970125577344668
198,id34,125.5,121.0,vial2,9,29.970125577344668
199,id34,126.0,119.0,vial2,9,29.970125577344668
200,id34,126.0,117.0,vial2,9,29.970125577344668
201,id34,126.5,116.0,vial2,9,29.970125577344668
202,id34,127.0,114.5,vial2,9,29.970125577344668
203,id34,127.5,112.5,vial2,9,29.970125577344668
204,id34,129.0,111.0,vial2,9,29.970125577344668
205,id34,130.0,109.0,vial2,9,29.970125577344668
206,id34,131.0,107.0,vial2,9,29.970125577344668
207,id34,132.0,105.0,vial2,9,29.970125577344668
208,id34,134.0,103.5,vial2,9,29.970125577344668
209,id34,136.0,101.5,vial2,9,29.970125577344668
210,id34,137.0,99.5,vial2,9,29.970125577344668
211,id34,138.0,98.5,vial2,9,29.970125577344668
212,id34,139.0,95.5,vial2,9,29.970125577344668
213,id34,140.0,93.5,vial2,9,29.970125577344668
214,id34,141.0,90.5,vial2,9,29.970125577344668
215,id34,142.0,88.0,vial2,9,29.970125577344668
216,id34,142.5,85.0,vial2,9,29.970125577344668
217,id34,143.5,82.0,vial2,9,29.970125577344668
218,id34,143.5,79.0,vial2,9,29.970125577344668
219,id34,144.5,76.0,vial2,9,29.970125577344668
220,id34,144.5,73.0,vial2,9,29.970125577344668
221,id34,144.5,71.0,vial2,9,29.970125577344668
222,id34,145.0,70.5,vial2,9,29.970125577344668
223,id34,145.0,70.5,vial2,9,29.970125577344668
224,id34,145.0,70.5,vial2,9,29.970125577344668
225,id34,145.0,70.5,vial2,9,29.970125577344668
226,id34,145.0,70.5,vial2,9,29.970125577344668
227,id34,145.0,70.5,vial2,9,29.970125577344668
228,id34,145.0,70.5,vial2,9,29.970125577344668
229,id34,145.0,70.5,vial2,9,29.970125577344668
230,id34,145.0,70.5,vial2,9,29.970125577344668
231,id34,145.0,70.5,vial2,9,29.970125577344668
232,id34,145.0,70.5,vial2,9,29.970125577344668
233,id34,145.0,70.5,vial2,9,29.970125577344668
234,id34,145.0,70.5,vial2,9,29.970125577344668
235,id34,145.0,70.5,vial2,9,29.970125577344668
236,id34,145.0,70.0,vial2,9,29.970125577344668
237,id34,145.5,69.5,vial2,9,29.970125577344668
238,id34,145.0,70.0,vial2,9,29.970125577344668
239,id34,156.0,54.0,vial2,9,29.970125577344668
241,id34,176.0,25.5,vial2,9,29.970125577344668
242,id34,176.5,23.5,vial2,9,29.970125577344668
243,id34,176.5,23.0,vial2,9,29.970125577344668
244,id34,176.0,22.5,vial2,9,29.970125577344668
245,id34,177.5,22.0,vial2,9,29.970125577344668
246,id34,177.5,21.0,vial2,9,29.970125577344668
247,id34,177.5,19.5,vial2,9,29.970125577344668
248,id34,175.5,18.0,vial2,9,29.970125577344668
249,id34,178.0,17.0,vial2,9,29.970125577344668
250,id34,178.0,15.0,vial2,9,29.970125577344668
251,id34,178.0,12.0,vial2,9,29.970125577344668
252,id34,176.5,9.5,vial2,9,29.970125577344668
253,id34,176.0,5.5,vial2,9,29.970125577344668
254,id34,175.5,4.0,vial2,9,29.970125577344668
255,id34,172.0,2.0,vial2,9,29.970125577344668
256,id34,172.5,2.0,vial2,9,29.970125577344668
257,id34,172.5,2.5,vial2,9,29.970125577344668
258,id34,172.5,2.0,vial2,9,29.970125577344668
259,id34,172.5,2.0,vial2,9,29.970125577344668
260,id34,172.5,2.0,vial2,9,29.970125577344668
261,id34,172.5,2.0,vial2,9,29.970125577344668
262,id34,172.0,2.5,vial2,9,29.970125577344668
264,id34,171.5,8.0,vial2,9,29.970125577344668
40,id35,608.5,337.5,vial6,41,29.970125577344668
41,id35,636.5,339.0,vial6,41,29.970125577344668
43,id35,642.5,340.0,vial6,41,29.970125577344668
44,id35,644.5,339.5,vial6,41,29.970125577344668
45,id35,646.5,339.5,vial6,41,29.970125577344668
46,id35,647.0,339.5,vial6,41,29.970125577344668
47,id35,647.0,340.0,vial6,41,29.970125577344668
48,id35,647.5,340.0,vial6,41,29.970125577344668
49,id35,647.5,340.0,vial6,41,29.970125577344668
50,id35,647.0,340.0,vial6,41,29.970125577344668
51,id35,648.5,339.5,vial6,41,29.970125577344668
52,id35,649.5,340.0,vial6,41,29.970125577344668
53,id35,649.0,339.5,vial6,41,29.970125577344668
54,id35,647.5,339.5,vial6,41,29.970125577344668
55,id35,646.5,338.5,vial6,41,29.970125577344668
64,id35,613.0,338.5,vial6,41,29.970125577344668
65,id35,614.0,338.5,vial6,41,29.970125577344668
66,id35,621.0,336.5,vial6,41,29.970125577344668
67,id35,617.5,339.5,vial6,41,29.970125577344668
68,id35,618.5,339.5,vial6,41,29.970125577344668
69,id35,619.5,339.5,vial6,41,29.970125577344668
70,id35,620.0,339.5,vial6,41,29.970125577344668
71,id35,620.0,339.5,vial6,41,29.970125577344668
72,id35,621.0,339.5,vial6,41,29.970125577344668
73,id35,619.5,340.5,vial6,41,29.970125577344668
74,id35,619.5,340.5,vial6,41,29.970125577344668
75,id35,619.5,340.5,vial6,41,29.970125577344668
76,id35,619.5,340.5,vial6,41,29.970125577344668
77,id35,619.0,340.5,vial6,41,29.970125577344668
78,id35,620.0,340.5,vial6,41,29.970125577344668
79,id35,620.0,340.5,vial6,41,29.970125577344668
80,id35,620.0,340.5,vial6,41,29.970125577344668
81,id35,620.0,339.5,vial6,41,29.970125577344668
82,id35,620.0,339.5,vial6,41,29.970125577344668
83,id35,620.0,339.5,vial6,41,29.970125577344668
84,id35,620.0,339.5,vial6,41,29.970125577344668
85,id35,619.5,339.0,vial6,41,29.970125577344668
86,id35,617.5,303.5,vial6,41,29.970125577344668
87,id35,636.5,263.5,vial6,41,29.970125577344668
88,id35,651.0,252.0,vial6,41,29.970125577344668
89,id35,643.0,258.0,vial6,41,29.970125577344668
90,id35,622.0,260.0,vial6,41,29.970125577344668
91,id35,612.0,267.0,vial6,41,29.970125577344668
92,id35,612.5,281.0,vial6,41,29.970125577344668
93,id35,608.5,290.0,vial6,41,29.970125577344668
94,id35,626.5,300.0,vial6,41,29.970125577344668
95,id35,632.5,294.0,vial6,41,29.970125577344668
96,id35,641.5,299.5,vial6,41,29.970125577344668
97,id35,648.5,304.5,vial6,41,29.970125577344668
98,id35,645.0,311.5,vial6,41,29.970125577344668
99,id35,649.5,341.5,vial6,41,29.970125577344668
100,id35,649.5,340.5,vial6,41,29.970125577344668
101,id35,649.5,341.5,vial6,41,29.970125577344668
102,id35,650.5,341.0,vial6,41,29.970125577344668
103,id35,650.5,340.5,vial6,41,29.970125577344668
104,id35,650.5,340.5,vial6,41,29.970125577344668
105,id35,650.5,340.5,vial6,41,29.970125577344668
106,id35,649.5,341.0,vial6,41,29.970125577344668
107,id35,648.5,340.5,vial6,41,29.970125577344668
109,id35,648.0,340.5,vial6,41,29.970125577344668
110,id35,647.0,341.5,vial6,41,29.970125577344668
111,id35,648.0,341.5,vial6,41,29.970125577344668
112,id35,648.0,341.5,vial6,41,29.970125577344668
113,id35,648.0,341.5,vial6,41,29.970125577344668
114,id35,648.5,341.5,vial6,41,29.970125577344668
115,id35,648.5,341.5,vial6,41,29.970125577344668
116,id35,649.0,341.0,vial6,41,29.970125577344668
117,id35,651.5,341.0,vial6,41,29.970125577344668
118,id35,651.5,341.5,vial6,41,29.970125577344668
119,id35,651.5,341.0,vial6,41,29.970125577344668
120,id35,652.5,341.0,vial6,41,29.970125577344668
121,id35,652.5,341.0,vial6,41,29.970125577344668
122,id35,654.0,342.0,vial6,41,29.970125577344668
123,id35,653.5,340.5,vial6,41,29.970125577344668
124,id35,660.0,340.5,vial6,41,29.970125577344668
125,id35,658.5,341.0,vial6,41,29.970125577344668
126,id35,658.5,341.5,vial6,41,29.970125577344668
127,id35,658.5,341.5,vial6,41,29.970125577344668
128,id35,658.5,341.0,vial6,41,29.970125577344668
129,id35,661.0,341.0,vial6,41,29.970125577344668
130,id35,662.0,341.0,vial6,41,29.970125577344668
131,id35,663.0,341.5,vial6,41,29.970125577344668
132,id35,664.0,341.0,vial6,41,29.970125577344668
133,id35,664.0,341.0,vial6,41,29.970125577344668
134,id35,664.0,341.0,vial6,41,29.970125577344668
135,id35,662.5,341.0,vial6,41,29.970125577344668
136,id35,662.0,341.0,vial6,41,29.970125577344668
137,id35,662.5,340.0,vial6,41,29.970125577344668
138,id35,662.0,339.5,vial6,41,29.970125577344668
139,id35,661.0,340.0,vial6,41,29.970125577344668
140,id35,660.0,339.5,vial6,41,29.970125577344668
141,id35,660.0,338.5,vial6,41,29.970125577344668
142,id35,660.5,338.0,vial6,41,29.970125577344668
143,id35,660.5,337.5,vial6,41,29.970125577344668
144,id35,660.5,337.0,vial6,41,29.970125577344668
145,id35,659.5,338.5,vial6,41,29.970125577344668
146,id35,654.0,338.0,vial6,41,29.970125577344668
147,id35,655.0,337.5,vial6,41,29.970125577344668
148,id35,650.5,337.0,vial6,41,29.970125577344668
149,id35,648.0,337.0,vial6,41,29.970125577344668
151,id35,634.0,340.0,vial6,41,29.970125577344668
152,id35,634.0,337.0,vial6,41,29.970125577344668
153,id35,631.5,335.0,vial6,41,29.970125577344668
154,id35,641.5,339.0,vial6,41,29.970125577344668
155,id35,645.5,341.5,vial6,41,29.970125577344668
156,id35,644.5,341.5,vial6,41,29.970125577344668
157,id35,644.5,341.5,vial6,41,29.970125577344668
158,id35,644.5,341.5,vial6,41,29.970125577344668
159,id35,645.0,341.5,vial6,41,29.970125577344668
160,id35,645.0,341.5,vial6,41,29.970125577344668
161,id35,645.0,341.5,vial6,41,29.970125577344668
162,id35,645.0,341.5,vial6,41,29.970125577344668
163,id35,644.5,341.5,vial6,41,29.970125577344668
164,id35,644.5,341.5,vial6,41,29.970125577344668
165,id35,644.5,340.5,vial6,41,29.970125577344668
166,id35,644.5,340.5,vial6,41,29.970125577344668
167,id35,644.5,340.5,vial6,41,29.970125577344668
168,id35,645.0,340.0,vial6,41,29.970125577344668
169,id35,644.0,340.0,vial6,41,29.970125577344668
170,id35,644.5,340.0,vial6,41,29.970125577344668
171,id35,645.0,339.5,vial6,41,29.970125577344668
172,id35,645.5,339.5,vial6,41,29.970125577344668
173,id35,646.5,339.0,vial6,41,29.970125577344668
174,id35,647.0,338.5,vial6,41,29.970125577344668
175,id35,647.0,338.0,vial6,41,29.970125577344668
176,id35,647.5,338.0,vial6,41,29.970125577344668
177,id35,648.0,337.5,vial6,41,29.970125577344668
178,id35,648.0,337.0,vial6,41,29.970125577344668
179,id35,648.0,337.0,vial6,41,29.970125577344668
180,id35,648.5,337.0,vial6,41,29.970125577344668
181,id35,648.5,336.5,vial6,41,29.970125577344668
182,id35,649.5,335.0,vial6,41,29.970125577344668
183,id35,649.5,334.0,vial6,41,29.970125577344668
184,id35,650.0,333.5,vial6,41,29.970125577344668
185,id35,650.5,332.5,vial6,41,29.970125577344668
186,id35,651.0,332.5,vial6,41,29.970125577344668
187,id35,650.5,332.5,vial6,41,29.970125577344668
188,id35,651.0,331.5,vial6,41,29.970125577344668
189,id35,651.0,330.5,vial6,41,29.970125577344668
190,id35,652.0,329.5,vial6,41,29.970125577344668
191,id35,652.5,329.0,vial6,41,29.970125577344668
192,id35,652.5,328.0,vial6,41,29.970125577344668
193,id35,653.5,327.5,vial6,41,29.970125577344668
194,id35,654.0,326.0,vial6,41,29.970125577344668
195,id35,654.5,325.0,vial6,41,29.970125577344668
196,id35,655.0,323.0,vial6,41,29.970125577344668
197,id35,656.0,323.0,vial6,41,29.970125577344668
198,id35,657.0,321.0,vial6,41,29.970125577344668
199,id35,658.0,320.0,vial6,41,29.970125577344668
200,id35,659.0,319.0,vial6,41,29.970125577344668
201,id35,659.0,318.0,vial6,41,29.970125577344668
202,id35,660.0,317.0,vial6,41,29.970125577344668
203,id35,660.0,316.0,vial6,41,29.970125577344668
204,id35,661.0,315.0,vial6,41,29.970125577344668
205,id35,662.0,315.0,vial6,41,29.970125577344668
206,id35,662.0,314.5,vial6,41,29.970125577344668
207,id35,663.0,313.5,vial6,41,29.970125577344668
208,id35,664.0,313.5,vial6,41,29.970125577344668
209,id35,664.0,313.5,vial6,41,29.970125577344668
210,id35,665.0,313.0,vial6,41,29.970125577344668
211,id35,665.0,312.5,vial6,41,29.970125577344668
212,id35,665.0,312.5,vial6,41,29.970125577344668
213,id35,665.5,311.0,vial6,41,29.970125577344668
214,id35,665.5,310.5,vial6,41,29.970125577344668
215,id35,666.0,309.5,vial6,41,29.970125577344668
216,id35,666.5,309.0,vial6,41,29.970125577344668
217,id35,666.5,308.0,vial6,41,29.970125577344668
218,id35,667.5,307.0,vial6,41,29.970125577344668
219,id35,667.5,306.0,vial6,41,29.970125577344668
220,id35,667.5,305.0,vial6,41,29.970125577344668
221,id35,668.5,303.5,vial6,41,29.970125577344668
222,id35,668.5,303.5,vial6,41,29.970125577344668
223,id35,668.5,303.0,vial6,41,29.970125577344668
224,id35,668.5,303.0,vial6,41,29.970125577344668
225,id35,668.0,303.0,vial6,41,29.970125577344668
226,id35,668.0,303.5,vial6,41,29.970125577344668
227,id35,668.5,303.0,vial6,41,29.970125577344668
228,id35,668.5,303.0,vial6,41,29.970125577344668
229,id35,668.5,303.0,vial6,41,29.970125577344668
230,id35,668.5,303.0,vial6,41,29.970125577344668
231,id35,668.5,303.0,vial6,41,29.970125577344668
232,id35,668.5,302.5,vial6,41,29.970125577344668
233,id35,667.5,302.5,vial6,41,29.970125577344668
234,id35,668.5,301.0,vial6,41,29.970125577344668
235,id35,668.5,300.5,vial6,41,29.970125577344668
236,id35,668.5,299.5,vial6,41,29.970125577344668
237,id35,668.5,299.0,vial6,41,29.970125577344668
238,id35,668.5,299.0,vial6,41,29.970125577344668
239,id35,668.5,298.5,vial6,41,29.970125577344668
240,id35,668.5,299.0,vial6,41,29.970125577344668
241,id35,668.5,298.5,vial6,41,29.970125577344668
242,id35,668.5,298.5,vial6,41,29.970125577344668
243,id35,668.5,298.0,vial6,41,29.970125577344668
244,id35,668.5,298.5,vial6,41,29.970125577344668
245,id35,668.5,298.0,vial6,41,29.970125577344668
246,id35,668.5,298.0,vial6,41,29.970125577344668
247,id35,668.5,298.0,vial6,41,29.970125577344668
248,id35,668.5,298.0,vial6,41,29.970125577344668
249,id35,668.5,298.0,vial6,41,29.970125577344668
250,id35,668.0,298.0,vial6,41,29.970125577344668
251,id35,668.0,298.0,vial6,41,29.970125577344668
252,id35,668.0,298.0,vial6,41,29.970125577344668
253,id35,668.5,298.0,vial6,41,29.970125577344668
254,id35,668.5,298.0,vial6,41,29.970125577344668
255,id35,668.5,298.0,vial6,41,29.970125577344668
256,id35,668.5,298.0,vial6,41,29.970125577344668
257,id35,668.5,298.0,vial6,41,29.970125577344668
258,id35,668.0,298.0,vial6,41,29.970125577344668
259,id35,668.0,298.0,vial6,41,29.970125577344668
260,id35,668.0,298.0,vial6,41,29.970125577344668
261,id35,668.0,298.0,vial6,41,29.970125577344668
262,id35,668.0,298.0,vial6,41,29.970125577344668
263,id35,668.0,297.5,vial6,41,29.970125577344668
264,id35,668.0,297.5,vial6,41,29.970125577344668
265,id35,668.0,297.5,vial6,41,29.970125577344668
266,id35,668.5,298.0,vial6,41,29.970125577344668
267,id35,668.5,298.0,vial6,41,29.970125577344668
268,id35,668.5,296.5,vial6,41,29.970125577344668
269,id35,668.5,295.5,vial6,41,29.970125577344668
270,id35,668.0,295.5,vial6,41,29.970125577344668
271,id35,668.0,295.5,vial6,41,29.970125577344668
272,id35,668.0,295.5,vial6,41,29.970125577344668
273,id35,668.5,295.0,vial6,41,29.970125577344668
274,id35,668.5,295.0,vial6,41,29.970125577344668
275,id35,668.5,295.0,vial6,41,29.970125577344668
276,id35,668.5,295.5,vial6,41,29.970125577344668
277,id35,668.5,295.5,vial6,41,29.970125577344668
278,id35,668.5,295.0,vial6,41,29.970125577344668
279,id35,668.0,295.0,vial6,41,29.970125577344668
280,id35,668.5,295.0,vial6,41,29.970125577344668
281,id35,668.5,295.0,vial6,41,29.970125577344668
282,id35,668.5,295.0,vial6,41,29.970125577344668
283,id35,668.5,295.0,vial6,41,29.970125577344668
284,id35,668.5,295.0,vial6,41,29.970125577344668
285,id35,668.5,295.0,vial6,41,29.970125577344668
286,id35,667.5,295.5,vial6,41,29.970125577344668
287,id35,668.5,295.0,vial6,41,29.970125577344668
288,id35,668.0,295.0,vial6,41,29.970125577344668
289,id35,667.5,295.5,vial6,41,29.970125577344668
290,id35,667.5,295.0,vial6,41,29.970125577344668
291,id35,668.0,295.0,vial6,41,29.970125577344668
292,id35,668.5,295.0,vial6,41,29.970125577344668
293,id35,667.5,295.0,vial6,41,29.970125577344668
294,id35,667.5,295.0,vial6,41,29.970125577344668
295,id35,667.5,295.0,vial6,41,29.970125577344668
296,id35,667.5,295.0,vial6,41,29.970125577344668
297,id35,667.5,295.0,vial6,41,29.970125577344668
298,id35,667.5,295.5,vial6,41,29.970125577344668
299,id35,667.5,295.5,vial6,41,29.970125577344668
300,id35,668.0,295.5,vial6,41,29.970125577344668
301,id35,668.0,295.0,vial6,41,29.970125577344668
302,id35,668.0,295.0,vial6,41,29.970125577344668
303,id35,668.0,295.0,vial6,41,29.970125577344668
304,id35,667.5,295.5,vial6,41,29.970125577344668
305,id35,667.5,295.5,vial6,41,29.970125577344668
306,id35,667.5,296.0,vial6,41,29.970125577344668
307,id35,667.5,295.5,vial6,41,29.970125577344668
308,id35,667.5,295.5,vial6,41,29.970125577344668
309,id35,667.5,295.0,vial6,41,29.970125577344668
310,id35,667.5,295.0,vial6,41,29.970125577344668
311,id35,667.5,295.5,vial6,41,29.970125577344668
312,id35,667.5,295.0,vial6,41,29.970125577344668
313,id35,667.5,295.5,vial6,41,29.970125577344668
314,id35,667.5,295.5,vial6,41,29.970125577344668
315,id35,667.5,295.0,vial6,41,29.970125577344668
316,id35,667.5,295.5,vial6,41,29.970125577344668
317,id35,667.5,295.5,vial6,41,29.970125577344668
318,id35,667.5,295.5,vial6,41,29.970125577344668
319,id35,667.5,295.0,vial6,41,29.970125577344668
320,id35,667.5,295.0,vial6,41,29.970125577344668
321,id35,667.5,295.0,vial6,41,29.970125577344668
322,id35,667.5,295.0,vial6,41,29.970125577344668
323,id35,668.0,295.0,vial6,41,29.970125577344668
324,id35,668.5,295.5,vial6,41,29.970125577344668
325,id35,668.5,295.5,vial6,41,29.970125577344668
326,id35,668.5,295.5,vial6,41,29.970125577344668
327,id35,668.5,295.5,vial6,41,29.970125577344668
328,id35,667.5,295.5,vial6,41,29.970125577344668
329,id35,668.0,295.5,vial6,41,29.970125577344668
330,id35,667.5,295.5,vial6,41,29.970125577344668
331,id35,667.5,295.5,vial6,41,29.970125577344668
332,id35,667.5,295.5,vial6,41,29.970125577344668
333,id35,667.5,295.5,vial6,41,29.970125577344668
334,id35,667.5,295.5,vial6,41,29.970125577344668
335,id35,667.5,295.5,vial6,41,29.970125577344668
336,id35,667.5,295.5,vial6,41,29.970125577344668
337,id35,667.5,295.5,vial6,41,29.970125577344668
338,id35,667.5,295.5,vial6,41,29.970125577344668
339,id35,667.5,295.5,vial6,41,29.970125577344668
340,id35,667.5,295.5,vial6,41,29.970125577344668
341,id35,667.5,295.5,vial6,41,29.970125577344668
342,id35,667.5,295.5,vial6,41,29.970125577344668
85,id36,294.5,140.5,vial3,17,29.970125577344668
98,id36,272.5,334.0,vial3,17,29.970125577344668
99,id36,277.0,332.5,vial3,17,29.970125577344668
100,id36,276.5,333.5,vial3,17,29.970125577344668
101,id36,277.0,334.0,vial3,17,29.970125577344668
102,id36,277.5,335.0,vial3,17,29.970125577344668
103,id36,277.5,335.5,vial3,17,29.970125577344668
104,id36,278.0,336.5,vial3,17,29.970125577344668
105,id36,278.5,336.5,vial3,17,29.970125577344668
106,id36,277.5,336.5,vial3,17,29.970125577344668
107,id36,277.5,336.5,vial3,17,29.970125577344668
108,id36,277.5,336.5,vial3,17,29.970125577344668
109,id36,278.0,336.5,vial3,17,29.970125577344668
110,id36,278.0,337.0,vial3,17,29.970125577344668
111,id36,277.5,337.0,vial3,17,29.970125577344668
112,id36,277.5,337.0,vial3,17,29.970125577344668
113,id36,277.5,337.0,vial3,17,29.970125577344668
114,id36,277.5,337.0,vial3,17,29.970125577344668
115,id36,277.5,337.0,vial3,17,29.970125577344668
116,id36,277.5,337.0,vial3,17,29.970125577344668
117,id36,277.5,337.0,vial3,17,29.970125577344668
118,id36,277.5,337.0,vial3,17,29.970125577344668
119,id36,277.5,337.0,vial3,17,29.970125577344668
120,id36,277.5,337.0,vial3,17,29.970125577344668
121,id36,278.0,337.0,vial3,17,29.970125577344668
122,id36,278.0,337.0,vial3,17,29.970125577344668
123,id36,278.0,337.0,vial3,17,29.970125577344668
124,id36,278.0,337.0,vial3,17,29.970125577344668
144,id36,277.5,336.5,vial3,17,29.970125577344668
145,id36,277.5,337.0,vial3,17,29.970125577344668
146,id36,278.0,337.0,vial3,17,29.970125577344668
147,id36,277.5,337.0,vial3,17,29.970125577344668
148,id36,277.5,337.0,vial3,17,29.970125577344668
149,id36,277.5,337.0,vial3,17,29.970125577344668
150,id36,277.5,337.0,vial3,17,29.970125577344668
151,id36,278.0,337.0,vial3,17,29.970125577344668
152,id36,278.0,337.0,vial3,17,29.970125577344668
153,id36,278.0,336.5,vial3,17,29.970125577344668
154,id36,278.0,336.5,vial3,17,29.970125577344668
155,id36,278.0,337.0,vial3,17,29.970125577344668
156,id36,278.0,337.0,vial3,17,29.970125577344668
157,id36,278.0,337.0,vial3,17,29.970125577344668
158,id36,278.0,337.0,vial3,17,29.970125577344668
159,id36,278.0,337.0,vial3,17,29.970125577344668
160,id36,278.0,337.0,vial3,17,29.970125577344668
161,id36,278.0,337.0,vial3,17,29.970125577344668
162,id36,278.0,337.0,vial3,17,29.970125577344668
163,id36,278.0,337.0,vial3,17,29.970125577344668
164,id36,278.0,337.0,vial3,17,29.970125577344668
165,id36,278.0,337.0,vial3,17,29.970125577344668
166,id36,277.5,337.0,vial3,17,29.970125577344668
167,id36,278.0,337.0,vial3,17,29.970125577344668
168,id36,277.5,337.0,vial3,17,29.970125577344668
169,id36,277.5,337.0,vial3,17,29.970125577344668
170,id36,277.0,336.5,vial3,17,29.970125577344668
171,id36,277.0,336.0,vial3,17,29.970125577344668
172,id36,276.5,336.0,vial3,17,29.970125577344668
173,id36,276.5,336.0,vial3,17,29.970125577344668
174,id36,274.0,318.5,vial3,17,29.970125577344668
175,id36,264.5,279.0,vial3,17,29.970125577344668
176,id36,260.0,252.5,vial3,17,29.970125577344668
177,id36,256.0,237.5,vial3,17,29.970125577344668
178,id36,255.5,237.0,vial3,17,29.970125577344668
179,id36,255.5,236.5,vial3,17,29.970125577344668
180,id36,255.5,236.0,vial3,17,29.970125577344668
181,id36,255.5,235.0,vial3,17,29.970125577344668
182,id36,254.5,234.0,vial3,17,29.970125577344668
183,id36,254.5,233.5,vial3,17,29.970125577344668
184,id36,254.0,232.0,vial3,17,29.970125577344668
185,id36,253.5,230.0,vial3,17,29.970125577344668
186,id36,253.5,228.5,vial3,17,29.970125577344668
187,id36,253.5,226.5,vial3,17,29.970125577344668
188,id36,253.5,224.0,vial3,17,29.970125577344668
189,id36,253.5,222.5,vial3,17,29.970125577344668
190,id36,253.5,219.5,vial3,17,29.970125577344668
191,id36,254.0,217.5,vial3,17,29.970125577344668
192,id36,254.5,215.0,vial3,17,29.970125577344668
193,id36,254.5,212.5,vial3,17,29.970125577344668
194,id36,255.5,210.0,vial3,17,29.970125577344668
195,id36,256.0,207.5,vial3,17,29.970125577344668
196,id36,256.5,205.5,vial3,17,29.970125577344668
197,id36,257.0,202.5,vial3,17,29.970125577344668
198,id36,257.5,200.5,vial3,17,29.970125577344668
199,id36,258.5,197.5,vial3,17,29.970125577344668
200,id36,259.0,194.5,vial3,17,29.970125577344668
201,id36,259.5,191.5,vial3,17,29.970125577344668
202,id36,259.5,189.0,vial3,17,29.970125577344668
203,id36,260.5,187.0,vial3,17,29.970125577344668
204,id36,261.0,184.5,vial3,17,29.970125577344668
205,id36,261.5,182.5,vial3,17,29.970125577344668
206,id36,262.0,181.5,vial3,17,29.970125577344668
207,id36,262.5,179.5,vial3,17,29.970125577344668
208,id36,262.0,178.5,vial3,17,29.970125577344668
209,id36,262.0,178.5,vial3,17,29.970125577344668
210,id36,262.0,178.5,vial3,17,29.970125577344668
211,id36,259.0,170.0,vial3,17,29.970125577344668
212,id36,245.5,167.0,vial3,17,29.970125577344668
213,id36,249.5,178.0,vial3,17,29.970125577344668
214,id36,245.0,192.0,vial3,17,29.970125577344668
215,id36,248.5,207.5,vial3,17,29.970125577344668
216,id36,245.5,216.0,vial3,17,29.970125577344668
217,id36,245.0,215.5,vial3,17,29.970125577344668
218,id36,245.0,216.0,vial3,17,29.970125577344668
219,id36,245.0,216.0,vial3,17,29.970125577344668
220,id36,245.0,217.0,vial3,17,29.970125577344668
221,id36,245.0,217.0,vial3,17,29.970125577344668
222,id36,244.5,215.0,vial3,17,29.970125577344668
223,id36,244.5,215.0,vial3,17,29.970125577344668
224,id36,244.5,215.0,vial3,17,29.970125577344668
225,id36,244.5,215.0,vial3,17,29.970125577344668
226,id36,245.5,216.0,vial3,17,29.970125577344668
227,id36,245.5,216.0,vial3,17,29.970125577344668
228,id36,245.0,216.0,vial3,17,29.970125577344668
229,id36,245.5,216.0,vial3,17,29.970125577344668
230,id36,245.5,215.5,vial3,17,29.970125577344668
231,id36,245.5,215.0,vial3,17,29.970125577344668
232,id36,245.0,215.0,vial3,17,29.970125577344668
233,id36,245.0,215.0,vial3,17,29.970125577344668
234,id36,245.5,215.0,vial3,17,29.970125577344668
235,id36,245.5,215.5,vial3,17,29.970125577344668
236,id36,245.5,215.5,vial3,17,29.970125577344668
237,id36,245.5,215.5,vial3,17,29.970125577344668
238,id36,245.5,215.5,vial3,17,29.970125577344668
239,id36,245.5,215.5,vial3,17,29.970125577344668
240,id36,245.5,215.5,vial3,17,29.970125577344668
241,id36,245.5,215.5,vial3,17,29.970125577344668
242,id36,245.5,215.5,vial3,17,29.970125577344668
243,id36,245.5,214.5,vial3,17,29.970125577344668
244,id36,245.5,213.0,vial3,17,29.970125577344668
245,id36,246.5,211.5,vial3,17,29.970125577344668
246,id36,247.0,211.0,vial3,17,29.970125577344668
247,id36,247.5,211.0,vial3,17,29.970125577344668
248,id36,247.5,210.5,vial3,17,29.970125577344668
249,id36,248.5,210.5,vial3,17,29.970125577344668
250,id36,248.5,210.5,vial3,17,29.970125577344668
251,id36,248.5,210.5,vial3,17,29.970125577344668
252,id36,248.5,210.5,vial3,17,29.970125577344668
253,id36,248.5,210.5,vial3,17,29.970125577344668
254,id36,248.5,210.5,vial3,17,29.970125577344668
255,id36,248.0,210.5,vial3,17,29.970125577344668
256,id36,248.0,210.5,vial3,17,29.970125577344668
257,id36,248.0,210.5,vial3,17,29.970125577344668
258,id36,248.0,210.5,vial3,17,29.970125577344668
259,id36,248.0,210.5,vial3,17,29.970125577344668
260,id36,248.0,210.5,vial3,17,29.970125577344668
261,id36,248.0,210.5,vial3,17,29.970125577344668
262,id36,248.0,210.5,vial3,17,29.970125577344668
263,id36,248.0,210.5,vial3,17,29.970125577344668
264,id36,248.0,211.0,vial3,17,29.970125577344668
265,id36,248.0,210.5,vial3,17,29.970125577344668
266,id36,248.5,210.0,vial3,17,29.970125577344668
267,id36,248.5,209.5,vial3,17,29.970125577344668
268,id36,248.5,208.0,vial3,17,29.970125577344668
269,id36,248.5,207.0,vial3,17,29.970125577344668
270,id36,248.5,205.0,vial3,17,29.970125577344668
271,id36,249.0,203.0,vial3,17,29.970125577344668
272,id36,249.5,202.0,vial3,17,29.970125577344668
273,id36,250.0,199.5,vial3,17,29.970125577344668
274,id36,251.0,197.5,vial3,17,29.970125577344668
275,id36,252.0,195.5,vial3,17,29.970125577344668
276,id36,253.0,194.5,vial3,17,29.970125577344668
277,id36,254.0,192.5,vial3,17,29.970125577344668
278,id36,255.0,191.5,vial3,17,29.970125577344668
279,id36,256.0,189.0,vial3,17,29.970125577344668
280,id36,258.0,187.5,vial3,17,29.970125577344668
281,id36,260.0,186.5,vial3,17,29.970125577344668
282,id36,262.5,185.5,vial3,17,29.970125577344668
283,id36,264.0,185.0,vial3,17,29.970125577344668
284,id36,266.0,184.0,vial3,17,29.970125577344668
285,id36,267.5,183.5,vial3,17,29.970125577344668
286,id36,269.0,183.0,vial3,17,29.970125577344668
287,id36,270.0,182.5,vial3,17,29.970125577344668
288,id36,270.0,182.0,vial3,17,29.970125577344668
289,id36,270.0,182.0,vial3,17,29.970125577344668
290,id36,270.0,182.0,vial3,17,29.970125577344668
291,id36,270.0,182.0,vial3,17,29.970125577344668
292,id36,270.0,182.0,vial3,17,29.970125577344668
293,id36,270.0,182.0,vial3,17,29.970125577344668
294,id36,270.0,182.0,vial3,17,29.970125577344668
295,id36,270.0,182.0,vial3,17,29.970125577344668
296,id36,270.0,182.0,vial3,17,29.970125577344668
297,id36,270.0,182.0,vial3,17,29.970125577344668
298,id36,270.0,182.0,vial3,17,29.970125577344668
299,id36,270.0,182.0,vial3,17,29.970125577344668
300,id36,270.0,182.0,vial3,17,29.970125577344668
301,id36,270.0,182.0,vial3,17,29.970125577344668
302,id36,270.0,182.0,vial3,17,29.970125577344668
303,id36,270.0,182.0,vial3,17,29.970125577344668
304,id36,270.0,182.0,vial3,17,29.970125577344668
305,id36,270.0,182.0,vial3,17,29.970125577344668
306,id36,270.0,182.0,vial3,17,29.970125577344668
307,id36,270.0,182.0,vial3,17,29.970125577344668
308,id36,270.0,182.0,vial3,17,29.970125577344668
309,id36,270.0,182.0,vial3,17,29.970125577344668
310,id36,270.0,182.0,vial3,17,29.970125577344668
311,id36,270.0,182.0,vial3,17,29.970125577344668
312,id36,270.0,182.0,vial3,17,29.970125577344668
313,id36,270.0,182.0,vial3,17,29.970125577344668
314,id36,270.0,182.0,vial3,17,29.970125577344668
315,id36,270.0,182.0,vial3,17,29.970125577344668
316,id36,270.0,182.0,vial3,17,29.970125577344668
317,id36,270.0,182.0,vial3,17,29.970125577344668
318,id36,270.0,182.0,vial3,17,29.970125577344668
319,id36,270.0,182.0,vial3,17,29.970125577344668
320,id36,270.0,182.0,vial3,17,29.970125577344668
321,id36,270.0,182.0,vial3,17,29.970125577344668
322,id36,270.0,182.0,vial3,17,29.970125577344668
323,id36,269.5,182.0,vial3,17,29.970125577344668
324,id36,270.0,182.5,vial3,17,29.970125577344668
325,id36,270.0,182.5,vial3,17,29.970125577344668
326,id36,270.0,182.5,vial3,17,29.970125577344668
327,id36,269.5,182.5,vial3,17,29.970125577344668
328,id36,270.0,182.5,vial3,17,29.970125577344668
329,id36,269.5,182.5,vial3,17,29.970125577344668
330,id36,270.0,182.5,vial3,17,29.970125577344668
331,id36,270.0,182.5,vial3,17,29.970125577344668
332,id36,270.0,182.5,vial3,17,29.970125577344668
333,id36,270.0,182.5,vial3,17,29.970125577344668
334,id36,270.0,182.5,vial3,17,29.970125577344668
335,id36,270.0,182.5,vial3,17,29.970125577344668
336,id36,270.0,182.5,vial3,17,29.970125577344668
337,id36,270.0,182.5,vial3,17,29.970125577344668
338,id36,270.0,182.5,vial3,17,29.970125577344668
339,id36,270.0,182.5,vial3,17,29.970125577344668
340,id36,270.0,182.5,vial3,17,29.970125577344668
341,id36,270.0,182.5,vial3,17,29.970125577344668
342,id36,270.0,182.5,vial3,17,29.970125577344668
88,id37,644.0,338.5,vial6,38,29.970125577344668
89,id37,644.0,338.5,vial6,38,29.970125577344668
90,id37,642.5,338.0,vial6,38,29.970125577344668
91,id37,641.0,338.5,vial6,38,29.970125577344668
92,id37,641.0,337.5,vial6,38,29.970125577344668
93,id37,652.0,338.5,vial6,38,29.970125577344668
94,id37,652.0,338.0,vial6,38,29.970125577344668
96,id37,637.5,338.5,vial6,38,29.970125577344668
97,id37,637.0,337.5,vial6,38,29.970125577344668
98,id37,635.5,337.5,vial6,38,29.970125577344668
99,id37,635.0,337.5,vial6,38,29.970125577344668
100,id37,635.0,337.5,vial6,38,29.970125577344668
101,id37,635.0,337.5,vial6,38,29.970125577344668
102,id37,633.5,338.5,vial6,38,29.970125577344668
103,id37,632.5,338.0,vial6,38,29.970125577344668
104,id37,631.5,338.0,vial6,38,29.970125577344668
105,id37,630.0,338.0,vial6,38,29.970125577344668
106,id37,628.0,338.0,vial6,38,29.970125577344668
107,id37,628.0,338.0,vial6,38,29.970125577344668
108,id37,627.0,338.5,vial6,38,29.970125577344668
109,id37,626.5,338.0,vial6,38,29.970125577344668
110,id37,627.5,338.0,vial6,38,29.970125577344668
111,id37,627.5,338.0,vial6,38,29.970125577344668
112,id37,628.5,337.5,vial6,38,29.970125577344668
113,id37,629.0,337.0,vial6,38,29.970125577344668
114,id37,630.0,337.5,vial6,38,29.970125577344668
115,id37,629.5,338.0,vial6,38,29.970125577344668
116,id37,629.5,338.0,vial6,38,29.970125577344668
117,id37,629.5,337.0,vial6,38,29.970125577344668
118,id37,630.0,336.0,vial6,38,29.970125577344668
119,id37,631.0,335.0,vial6,38,29.970125577344668
120,id37,634.0,334.5,vial6,38,29.970125577344668
121,id37,643.0,341.5,vial6,38,29.970125577344668
122,id37,643.5,341.5,vial6,38,29.970125577344668
123,id37,644.5,341.0,vial6,38,29.970125577344668
124,id37,646.0,341.0,vial6,38,29.970125577344668
125,id37,645.5,341.0,vial6,38,29.970125577344668
126,id37,645.5,340.5,vial6,38,29.970125577344668
127,id37,645.5,340.5,vial6,38,29.970125577344668
128,id37,645.0,340.5,vial6,38,29.970125577344668
129,id37,644.0,340.5,vial6,38,29.970125577344668
130,id37,643.5,340.5,vial6,38,29.970125577344668
131,id37,642.5,340.0,vial6,38,29.970125577344668
132,id37,641.0,339.5,vial6,38,29.970125577344668
133,id37,641.0,339.0,vial6,38,29.970125577344668
134,id37,641.0,338.0,vial6,38,29.970125577344668
135,id37,642.5,338.0,vial6,38,29.970125577344668
141,id37,639.0,335.5,vial6,38,29.970125577344668
142,id37,638.5,329.5,vial6,38,29.970125577344668
143,id37,641.5,319.5,vial6,38,29.970125577344668
144,id37,651.0,325.5,vial6,38,29.970125577344668
145,id37,659.0,333.0,vial6,38,29.970125577344668
146,id37,657.5,335.0,vial6,38,29.970125577344668
147,id37,641.0,336.0,vial6,38,29.970125577344668
148,id37,611.5,326.5,vial6,38,29.970125577344668
149,id37,605.0,327.0,vial6,38,29.970125577344668
150,id37,611.0,337.0,vial6,38,29.970125577344668
152,id37,624.0,335.5,vial6,38,29.970125577344668
155,id37,664.5,340.5,vial6,38,29.970125577344668
156,id37,655.5,341.0,vial6,38,29.970125577344668
157,id37,655.5,340.5,vial6,38,29.970125577344668
158,id37,655.5,334.0,vial6,38,29.970125577344668
159,id37,643.5,301.0,vial6,38,29.970125577344668
160,id37,633.0,256.5,vial6,38,29.970125577344668
161,id37,614.0,214.5,vial6,38,29.970125577344668
162,id37,619.5,211.5,vial6,38,29.970125577344668
163,id37,606.0,224.0,vial6,38,29.970125577344668
164,id37,605.5,249.0,vial6,38,29.970125577344668
165,id37,619.5,270.0,vial6,38,29.970125577344668
166,id37,621.5,282.0,vial6,38,29.970125577344668
167,id37,622.5,289.0,vial6,38,29.970125577344668
168,id37,619.5,299.0,vial6,38,29.970125577344668
169,id37,623.5,300.0,vial6,38,29.970125577344668
170,id37,625.5,304.0,vial6,38,29.970125577344668
171,id37,633.5,306.5,vial6,38,29.970125577344668
172,id37,648.5,300.0,vial6,38,29.970125577344668
173,id37,652.5,297.5,vial6,38,29.970125577344668
174,id37,662.0,288.5,vial6,38,29.970125577344668
175,id37,665.0,287.5,vial6,38,29.970125577344668
176,id37,662.5,288.0,vial6,38,29.970125577344668
177,id37,666.5,283.5,vial6,38,29.970125577344668
178,id37,658.5,291.0,vial6,38,29.970125577344668
179,id37,648.5,303.0,vial6,38,29.970125577344668
180,id37,636.5,338.5,vial6,38,29.970125577344668
181,id37,635.0,339.0,vial6,38,29.970125577344668
182,id37,637.0,338.5,vial6,38,29.970125577344668
183,id37,636.5,339.0,vial6,38,29.970125577344668
184,id37,637.5,339.0,vial6,38,29.970125577344668
185,id37,637.5,338.0,vial6,38,29.970125577344668
189,id37,663.0,340.5,vial6,38,29.970125577344668
190,id37,634.0,338.5,vial6,38,29.970125577344668
191,id37,633.5,339.0,vial6,38,29.970125577344668
192,id37,632.5,339.0,vial6,38,29.970125577344668
193,id37,632.0,339.0,vial6,38,29.970125577344668
194,id37,631.0,338.0,vial6,38,29.970125577344668
195,id37,631.0,338.0,vial6,38,29.970125577344668
196,id37,631.0,337.5,vial6,38,29.970125577344668
197,id37,631.0,337.5,vial6,38,29.970125577344668
198,id37,630.5,337.5,vial6,38,29.970125577344668
199,id37,631.5,337.5,vial6,38,29.970125577344668
200,id37,631.5,336.5,vial6,38,29.970125577344668
201,id37,631.5,336.5,vial6,38,29.970125577344668
202,id37,632.5,336.0,vial6,38,29.970125577344668
203,id37,632.5,335.5,vial6,38,29.970125577344668
204,id37,632.5,335.5,vial6,38,29.970125577344668
205,id37,632.5,335.5,vial6,38,29.970125577344668
206,id37,632.5,335.0,vial6,38,29.970125577344668
207,id37,632.5,335.0,vial6,38,29.970125577344668
208,id37,632.5,335.5,vial6,38,29.970125577344668
209,id37,633.0,335.5,vial6,38,29.970125577344668
210,id37,633.0,335.5,vial6,38,29.970125577344668
211,id37,633.5,335.5,vial6,38,29.970125577344668
212,id37,633.5,335.5,vial6,38,29.970125577344668
213,id37,633.0,335.5,vial6,38,29.970125577344668
214,id37,633.0,335.5,vial6,38,29.970125577344668
215,id37,633.0,336.0,vial6,38,29.970125577344668
216,id37,632.0,336.0,vial6,38,29.970125577344668
217,id37,632.0,335.5,vial6,38,29.970125577344668
218,id37,632.0,335.0,vial6,38,29.970125577344668
219,id37,632.5,335.5,vial6,38,29.970125577344668
220,id37,632.5,336.0,vial6,38,29.970125577344668
221,id37,634.0,339.0,vial6,38,29.970125577344668
222,id37,634.5,339.5,vial6,38,29.970125577344668
223,id37,634.0,338.5,vial6,38,29.970125577344668
224,id37,634.5,338.5,vial6,38,29.970125577344668
225,id37,634.5,338.5,vial6,38,29.970125577344668
226,id37,634.0,338.5,vial6,38,29.970125577344668
227,id37,633.5,338.5,vial6,38,29.970125577344668
228,id37,633.5,338.0,vial6,38,29.970125577344668
229,id37,632.5,338.0,vial6,38,29.970125577344668
230,id37,633.0,338.0,vial6,38,29.970125577344668
231,id37,633.0,338.0,vial6,38,29.970125577344668
232,id37,633.0,338.0,vial6,38,29.970125577344668
233,id37,620.5,323.0,vial6,38,29.970125577344668
234,id37,616.5,329.0,vial6,38,29.970125577344668
235,id37,620.0,330.5,vial6,38,29.970125577344668
236,id37,621.0,319.5,vial6,38,29.970125577344668
237,id37,628.5,311.5,vial6,38,29.970125577344668
238,id37,657.0,319.5,vial6,38,29.970125577344668
239,id37,644.5,334.5,vial6,38,29.970125577344668
240,id37,632.0,332.5,vial6,38,29.970125577344668
241,id37,627.5,338.5,vial6,38,29.970125577344668
242,id37,627.0,338.5,vial6,38,29.970125577344668
243,id37,627.0,338.5,vial6,38,29.970125577344668
244,id37,626.5,338.0,vial6,38,29.970125577344668
245,id37,626.0,338.0,vial6,38,29.970125577344668
246,id37,625.5,338.0,vial6,38,29.970125577344668
247,id37,625.5,338.0,vial6,38,29.970125577344668
248,id37,624.5,338.5,vial6,38,29.970125577344668
249,id37,623.5,338.0,vial6,38,29.970125577344668
250,id37,622.5,338.0,vial6,38,29.970125577344668
251,id37,622.0,338.0,vial6,38,29.970125577344668
252,id37,622.0,337.5,vial6,38,29.970125577344668
253,id37,620.5,340.0,vial6,38,29.970125577344668
254,id37,620.5,340.0,vial6,38,29.970125577344668
255,id37,621.0,339.5,vial6,38,29.970125577344668
256,id37,622.0,339.0,vial6,38,29.970125577344668
257,id37,622.0,339.5,vial6,38,29.970125577344668
258,id37,622.0,339.5,vial6,38,29.970125577344668
259,id37,621.0,339.0,vial6,38,29.970125577344668
260,id37,621.0,338.5,vial6,38,29.970125577344668
261,id37,620.5,339.0,vial6,38,29.970125577344668
262,id37,620.5,338.5,vial6,38,29.970125577344668
263,id37,620.5,338.0,vial6,38,29.970125577344668
264,id37,620.0,338.0,vial6,38,29.970125577344668
265,id37,620.5,338.5,vial6,38,29.970125577344668
266,id37,620.5,338.5,vial6,38,29.970125577344668
267,id37,620.5,338.5,vial6,38,29.970125577344668
268,id37,620.5,338.5,vial6,38,29.970125577344668
269,id37,620.5,338.5,vial6,38,29.970125577344668
270,id37,620.5,338.5,vial6,38,29.970125577344668
271,id37,620.5,338.5,vial6,38,29.970125577344668
272,id37,620.5,338.5,vial6,38,29.970125577344668
273,id37,620.5,338.5,vial6,38,29.970125577344668
274,id37,620.0,338.5,vial6,38,29.970125577344668
275,id37,620.0,338.5,vial6,38,29.970125577344668
276,id37,619.5,339.0,vial6,38,29.970125577344668
277,id37,620.0,339.0,vial6,38,29.970125577344668
278,id37,620.0,338.5,vial6,38,29.970125577344668
279,id37,620.0,338.0,vial6,38,29.970125577344668
280,id37,620.0,337.5,vial6,38,29.970125577344668
281,id37,620.5,337.5,vial6,38,29.970125577344668
282,id37,621.0,337.5,vial6,38,29.970125577344668
283,id37,621.0,337.5,vial6,38,29.970125577344668
284,id37,621.5,337.5,vial6,38,29.970125577344668
285,id37,621.5,337.5,vial6,38,29.970125577344668
286,id37,622.0,338.0,vial6,38,29.970125577344668
287,id37,619.0,339.0,vial6,38,29.970125577344668
288,id37,619.5,339.0,vial6,38,29.970125577344668
289,id37,635.0,314.5,vial6,38,29.970125577344668
291,id37,665.5,340.0,vial6,38,29.970125577344668
292,id37,665.0,340.5,vial6,38,29.970125577344668
293,id37,665.0,340.5,vial6,38,29.970125577344668
294,id37,665.0,340.5,vial6,38,29.970125577344668
295,id37,665.0,340.5,vial6,38,29.970125577344668
296,id37,664.0,340.5,vial6,38,29.970125577344668
297,id37,663.5,340.5,vial6,38,29.970125577344668
298,id37,663.0,340.5,vial6,38,29.970125577344668
299,id37,662.5,340.5,vial6,38,29.970125577344668
300,id37,661.5,340.0,vial6,38,29.970125577344668
301,id37,661.5,340.0,vial6,38,29.970125577344668
302,id37,660.0,339.5,vial6,38,29.970125577344668
303,id37,660.0,339.5,vial6,38,29.970125577344668
304,id37,659.0,339.0,vial6,38,29.970125577344668
305,id37,658.0,339.0,vial6,38,29.970125577344668
306,id37,656.0,338.5,vial6,38,29.970125577344668
307,id37,655.0,338.5,vial6,38,29.970125577344668
308,id37,654.5,338.5,vial6,38,29.970125577344668
309,id37,653.5,338.5,vial6,38,29.970125577344668
310,id37,653.5,338.0,vial6,38,29.970125577344668
311,id37,652.5,338.0,vial6,38,29.970125577344668
312,id37,651.5,338.0,vial6,38,29.970125577344668
313,id37,650.5,338.0,vial6,38,29.970125577344668
314,id37,649.5,338.0,vial6,38,29.970125577344668
315,id37,648.0,339.0,vial6,38,29.970125577344668
316,id37,647.0,339.0,vial6,38,29.970125577344668
317,id37,647.0,339.0,vial6,38,29.970125577344668
318,id37,647.0,339.0,vial6,38,29.970125577344668
319,id37,647.0,339.0,vial6,38,29.970125577344668
320,id37,646.5,339.0,vial6,38,29.970125577344668
321,id37,646.5,339.0,vial6,38,29.970125577344668
322,id37,646.5,339.0,vial6,38,29.970125577344668
323,id37,645.5,339.0,vial6,38,29.970125577344668
324,id37,645.0,339.0,vial6,38,29.970125577344668
325,id37,644.5,339.0,vial6,38,29.970125577344668
326,id37,643.5,338.5,vial6,38,29.970125577344668
327,id37,642.5,338.0,vial6,38,29.970125577344668
328,id37,642.5,338.0,vial6,38,29.970125577344668
329,id37,642.0,337.5,vial6,38,29.970125577344668
330,id37,642.0,337.5,vial6,38,29.970125577344668
331,id37,641.0,336.5,vial6,38,29.970125577344668
332,id37,639.0,336.0,vial6,38,29.970125577344668
333,id37,638.0,336.0,vial6,38,29.970125577344668
334,id37,635.5,336.0,vial6,38,29.970125577344668
335,id37,634.5,336.0,vial6,38,29.970125577344668
336,id37,633.0,336.0,vial6,38,29.970125577344668
337,id37,632.5,336.5,vial6,38,29.970125577344668
338,id37,632.0,336.5,vial6,38,29.970125577344668
339,id37,632.0,337.0,vial6,38,29.970125577344668
340,id37,632.0,337.0,vial6,38,29.970125577344668
341,id37,632.0,337.0,vial6,38,29.970125577344668
342,id37,631.5,337.0,vial6,38,29.970125577344668
292,id38,655.5,342.5,vial6,39,29.970125577344668
293,id38,654.5,342.5,vial6,39,29.970125577344668
295,id38,653.5,342.5,vial6,39,29.970125577344668
296,id38,652.5,342.0,vial6,39,29.970125577344668
297,id38,651.0,342.0,vial6,39,29.970125577344668
298,id38,650.5,341.0,vial6,39,29.970125577344668
299,id38,648.5,341.0,vial6,39,29.970125577344668
300,id38,647.5,341.0,vial6,39,29.970125577344668
301,id38,647.5,341.0,vial6,39,29.970125577344668
302,id38,647.0,341.0,vial6,39,29.970125577344668
303,id38,647.0,341.0,vial6,39,29.970125577344668
304,id38,646.0,341.0,vial6,39,29.970125577344668
305,id38,644.5,341.5,vial6,39,29.970125577344668
306,id38,643.5,342.0,vial6,39,29.970125577344668
307,id38,643.0,342.0,vial6,39,29.970125577344668
308,id38,641.0,341.5,vial6,39,29.970125577344668
309,id38,640.0,341.0,vial6,39,29.970125577344668
310,id38,639.5,342.0,vial6,39,29.970125577344668
311,id38,638.5,342.0,vial6,39,29.970125577344668
312,id38,638.0,342.0,vial6,39,29.970125577344668
313,id38,637.5,342.0,vial6,39,29.970125577344668
314,id38,636.5,342.0,vial6,39,29.970125577344668
315,id38,636.5,341.5,vial6,39,29.970125577344668
316,id38,635.5,341.5,vial6,39,29.970125577344668
317,id38,635.0,341.5,vial6,39,29.970125577344668
318,id38,634.0,341.0,vial6,39,29.970125577344668
319,id38,633.0,340.5,vial6,39,29.970125577344668
320,id38,630.5,341.5,vial6,39,29.970125577344668
323,id38,626.5,341.5,vial6,39,29.970125577344668
324,id38,626.0,341.0,vial6,39,29.970125577344668
325,id38,625.5,341.0,vial6,39,29.970125577344668
326,id38,624.0,341.0,vial6,39,29.970125577344668
327,id38,624.0,341.0,vial6,39,29.970125577344668
328,id38,623.5,340.5,vial6,39,29.970125577344668
329,id38,623.0,341.0,vial6,39,29.970125577344668
330,id38,621.5,340.5,vial6,39,29.970125577344668
331,id38,621.0,340.5,vial6,39,29.970125577344668
332,id38,619.0,341.0,vial6,39,29.970125577344668
333,id38,618.0,341.0,vial6,39,29.970125577344668
334,id38,614.5,340.0,vial6,39,29.970125577344668
335,id38,615.0,339.5,vial6,39,29.970125577344668
336,id38,614.0,339.5,vial6,39,29.970125577344668
337,id38,612.5,340.0,vial6,39,29.970125577344668
338,id38,612.5,339.5,vial6,39,29.970125577344668
339,id38,612.0,339.5,vial6,39,29.970125577344668
340,id38,612.0,339.5,vial6,39,29.970125577344668
341,id38,611.5,339.5,vial6,39,29.970125577344668
342,id38,609.0,340.0,vial6,39,29.970125577344668
182,id39,402.5,1.5,vial4,25,29.970125577344668
183,id39,403.5,1.5,vial4,25,29.970125577344668
316,id39,399.5,1.5,vial4,25,29.970125577344668
317,id39,400.0,1.5,vial4,25,29.970125577344668
318,id39,400.5,1.5,vial4,25,29.970125577344668
0,id4,31.5,333.5,vial1,1,29.970125577344668
1,id4,33.5,333.0,vial1,1,29.970125577344668
2,id4,36.0,332.5,vial1,1,29.970125577344668
3,id4,41.5,331.5,vial1,1,29.970125577344668
5,id4,46.5,333.5,vial1,1,29.970125577344668
6,id4,49.5,333.0,vial1,1,29.970125577344668
7,id4,53.0,333.0,vial1,1,29.970125577344668
8,id4,53.0,333.0,vial1,1,29.970125577344668
9,id4,54.0,334.0,vial1,1,29.970125577344668
10,id4,53.0,333.0,vial1,1,29.970125577344668
11,id4,52.0,332.5,vial1,1,29.970125577344668
12,id4,53.5,333.5,vial1,1,29.970125577344668
13,id4,54.0,333.5,vial1,1,29.970125577344668
14,id4,54.5,333.0,vial1,1,29.970125577344668
15,id4,57.0,333.0,vial1,1,29.970125577344668
16,id4,58.5,333.0,vial1,1,29.970125577344668
17,id4,60.5,333.0,vial1,1,29.970125577344668
18,id4,62.0,333.5,vial1,1,29.970125577344668
19,id4,64.0,333.0,vial1,1,29.970125577344668
20,id4,65.5,333.0,vial1,1,29.970125577344668
21,id4,66.5,333.5,vial1,1,29.970125577344668
22,id4,66.5,333.5,vial1,1,29.970125577344668
23,id4,66.0,334.0,vial1,1,29.970125577344668
24,id4,64.5,334.5,vial1,1,29.970125577344668
25,id4,62.5,334.5,vial1,1,29.970125577344668
26,id4,60.0,335.0,vial1,1,29.970125577344668
27,id4,58.0,336.0,vial1,1,29.970125577344668
28,id4,53.5,337.5,vial1,1,29.970125577344668
29,id4,52.0,337.5,vial1,1,29.970125577344668
30,id4,51.5,337.0,vial1,1,29.970125577344668
31,id4,51.5,337.0,vial1,1,29.970125577344668
32,id4,53.0,332.0,vial1,1,29.970125577344668
33,id4,53.0,332.0,vial1,1,29.970125577344668
34,id4,54.0,332.5,vial1,1,29.970125577344668
35,id4,54.0,334.5,vial1,1,29.970125577344668
36,id4,56.0,335.0,vial1,1,29.970125577344668
37,id4,58.0,335.0,vial1,1,29.970125577344668
38,id4,58.0,334.5,vial1,1,29.970125577344668
39,id4,58.0,335.0,vial1,1,29.970125577344668
40,id4,57.5,335.5,vial1,1,29.970125577344668
41,id4,61.0,334.0,vial1,1,29.970125577344668
42,id4,63.0,335.0,vial1,1,29.970125577344668
43,id4,64.5,335.5,vial1,1,29.970125577344668
44,id4,64.5,335.5,vial1,1,29.970125577344668
45,id4,63.5,336.5,vial1,1,29.970125577344668
46,id4,62.5,336.5,vial1,1,29.970125577344668
47,id4,61.5,335.0,vial1,1,29.970125577344668
48,id4,60.5,335.0,vial1,1,29.970125577344668
49,id4,60.0,337.0,vial1,1,29.970125577344668
50,id4,60.0,336.5,vial1,1,29.970125577344668
51,id4,58.0,335.5,vial1,1,29.970125577344668
52,id4,56.0,334.0,vial1,1,29.970125577344668
53,id4,53.5,332.5,vial1,1,29.970125577344668
54,id4,51.5,331.0,vial1,1,29.970125577344668
55,id4,49.0,328.5,vial1,1,29.970125577344668
56,id4,47.5,325.5,vial1,1,29.970125577344668
57,id4,45.0,322.5,vial1,1,29.970125577344668
58,id4,43.0,319.0,vial1,1,29.970125577344668
59,id4,41.0,316.0,vial1,1,29.970125577344668
60,id4,38.5,312.5,vial1,1,29.970125577344668
61,id4,36.0,310.0,vial1,1,29.970125577344668
62,id4,34.0,307.5,vial1,1,29.970125577344668
63,id4,31.0,304.5,vial1,1,29.970125577344668
64,id4,29.5,301.0,vial1,1,29.970125577344668
65,id4,27.5,298.0,vial1,1,29.970125577344668
66,id4,26.5,295.5,vial1,1,29.970125577344668
67,id4,24.5,293.0,vial1,1,29.970125577344668
68,id4,23.0,290.0,vial1,1,29.970125577344668
69,id4,22.0,288.0,vial1,1,29.970125577344668
70,id4,20.5,287.0,vial1,1,29.970125577344668
71,id4,19.5,285.5,vial1,1,29.970125577344668
72,id4,18.5,284.0,vial1,1,29.970125577344668
73,id4,17.5,282.0,vial1,1,29.970125577344668
74,id4,16.5,280.5,vial1,1,29.970125577344668
75,id4,16.5,279.0,vial1,1,29.970125577344668
76,id4,15.5,278.5,vial1,1,29.970125577344668
77,id4,15.5,277.0,vial1,1,29.970125577344668
78,id4,14.5,276.5,vial1,1,29.970125577344668
79,id4,14.5,276.0,vial1,1,29.970125577344668
80,id4,14.5,276.0,vial1,1,29.970125577344668
81,id4,14.5,276.0,vial1,1,29.970125577344668
82,id4,14.5,276.0,vial1,1,29.970125577344668
83,id4,14.5,276.0,vial1,1,29.970125577344668
84,id4,14.5,276.0,vial1,1,29.970125577344668
85,id4,14.5,276.5,vial1,1,29.970125577344668
86,id4,14.5,276.5,vial1,1,29.970125577344668
87,id4,14.5,277.0,vial1,1,29.970125577344668
88,id4,14.5,277.5,vial1,1,29.970125577344668
89,id4,14.5,277.5,vial1,1,29.970125577344668
90,id4,14.5,277.5,vial1,1,29.970125577344668
91,id4,14.5,277.0,vial1,1,29.970125577344668
92,id4,14.5,276.5,vial1,1,29.970125577344668
93,id4,14.5,276.0,vial1,1,29.970125577344668
94,id4,14.5,276.0,vial1,1,29.970125577344668
95,id4,14.5,275.5,vial1,1,29.970125577344668
96,id4,14.5,275.5,vial1,1,29.970125577344668
97,id4,14.0,275.5,vial1,1,29.970125577344668
98,id4,21.0,265.0,vial1,1,29.970125577344668
99,id4,35.5,243.5,vial1,1,29.970125577344668
100,id4,39.0,235.5,vial1,1,29.970125577344668
101,id4,39.5,234.5,vial1,1,29.970125577344668
102,id4,39.5,233.0,vial1,1,29.970125577344668
103,id4,40.0,231.0,vial1,1,29.970125577344668
104,id4,40.0,228.0,vial1,1,29.970125577344668
105,id4,39.5,226.0,vial1,1,29.970125577344668
106,id4,38.5,224.0,vial1,1,29.970125577344668
107,id4,37.5,222.0,vial1,1,29.970125577344668
108,id4,36.0,220.0,vial1,1,29.970125577344668
109,id4,34.0,217.0,vial1,1,29.970125577344668
110,id4,31.5,215.0,vial1,1,29.970125577344668
111,id4,28.5,213.5,vial1,1,29.970125577344668
112,id4,26.5,211.5,vial1,1,29.970125577344668
113,id4,24.5,210.0,vial1,1,29.970125577344668
114,id4,23.0,209.0,vial1,1,29.970125577344668
115,id4,21.5,208.0,vial1,1,29.970125577344668
116,id4,20.0,206.0,vial1,1,29.970125577344668
117,id4,18.0,204.0,vial1,1,29.970125577344668
118,id4,17.0,202.0,vial1,1,29.970125577344668
119,id4,15.0,199.5,vial1,1,29.970125577344668
120,id4,14.5,197.5,vial1,1,29.970125577344668
121,id4,13.5,195.0,vial1,1,29.970125577344668
122,id4,13.0,191.5,vial1,1,29.970125577344668
123,id4,13.0,188.5,vial1,1,29.970125577344668
124,id4,13.0,185.0,vial1,1,29.970125577344668
125,id4,13.0,182.5,vial1,1,29.970125577344668
126,id4,12.0,179.5,vial1,1,29.970125577344668
127,id4,12.0,176.5,vial1,1,29.970125577344668
128,id4,12.0,172.5,vial1,1,29.970125577344668
129,id4,12.0,170.0,vial1,1,29.970125577344668
143,id4,12.5,136.0,vial1,1,29.970125577344668
144,id4,12.5,132.5,vial1,1,29.970125577344668
145,id4,12.5,129.5,vial1,1,29.970125577344668
146,id4,12.5,126.5,vial1,1,29.970125577344668
147,id4,12.0,124.5,vial1,1,29.970125577344668
148,id4,12.0,121.5,vial1,1,29.970125577344668
150,id4,12.0,117.5,vial1,1,29.970125577344668
151,id4,12.0,115.5,vial1,1,29.970125577344668
152,id4,12.0,115.0,vial1,1,29.970125577344668
153,id4,12.0,114.5,vial1,1,29.970125577344668
154,id4,12.0,114.0,vial1,1,29.970125577344668
155,id4,12.0,112.5,vial1,1,29.970125577344668
156,id4,12.5,111.5,vial1,1,29.970125577344668
157,id4,12.5,110.5,vial1,1,29.970125577344668
158,id4,12.5,110.0,vial1,1,29.970125577344668
159,id4,13.0,109.5,vial1,1,29.970125577344668
160,id4,30.5,98.0,vial1,1,29.970125577344668
161,id4,63.5,74.0,vial1,1,29.970125577344668
162,id4,72.5,68.5,vial1,1,29.970125577344668
163,id4,72.5,68.0,vial1,1,29.970125577344668
164,id4,72.5,68.0,vial1,1,29.970125577344668
165,id4,72.5,68.5,vial1,1,29.970125577344668
166,id4,72.5,68.0,vial1,1,29.970125577344668
167,id4,72.5,67.5,vial1,1,29.970125577344668
168,id4,72.5,65.0,vial1,1,29.970125577344668
169,id4,72.5,62.0,vial1,1,29.970125577344668
170,id4,72.5,59.5,vial1,1,29.970125577344668
171,id4,73.0,57.5,vial1,1,29.970125577344668
172,id4,72.5,54.5,vial1,1,29.970125577344668
173,id4,72.5,52.5,vial1,1,29.970125577344668
174,id4,72.5,49.5,vial1,1,29.970125577344668
175,id4,71.5,47.5,vial1,1,29.970125577344668
176,id4,70.5,45.5,vial1,1,29.970125577344668
177,id4,70.0,44.0,vial1,1,29.970125577344668
178,id4,69.0,42.5,vial1,1,29.970125577344668
179,id4,68.0,40.5,vial1,1,29.970125577344668
180,id4,67.0,39.5,vial1,1,29.970125577344668
181,id4,65.0,37.5,vial1,1,29.970125577344668
182,id4,63.5,35.5,vial1,1,29.970125577344668
183,id4,62.0,34.0,vial1,1,29.970125577344668
184,id4,60.0,31.5,vial1,1,29.970125577344668
185,id4,59.0,28.0,vial1,1,29.970125577344668
186,id4,58.0,26.5,vial1,1,29.970125577344668
187,id4,58.0,26.0,vial1,1,29.970125577344668
188,id4,58.0,26.0,vial1,1,29.970125577344668
189,id4,58.0,26.0,vial1,1,29.970125577344668
190,id4,58.0,26.0,vial1,1,29.970125577344668
191,id4,58.0,26.0,vial1,1,29.970125577344668
192,id4,57.0,24.5,vial1,1,29.970125577344668
193,id4,55.5,22.5,vial1,1,29.970125577344668
194,id4,53.5,20.0,vial1,1,29.970125577344668
195,id4,51.5,17.0,vial1,1,29.970125577344668
196,id4,49.5,14.5,vial1,1,29.970125577344668
197,id4,48.0,12.0,vial1,1,29.970125577344668
198,id4,45.5,7.0,vial1,1,29.970125577344668
199,id4,44.5,5.5,vial1,1,29.970125577344668
200,id4,44.0,3.5,vial1,1,29.970125577344668
201,id4,38.5,1.0,vial1,1,29.970125577344668
240,id4,27.5,2.0,vial1,1,29.970125577344668
203,id40,607.5,2.5,vial6,33,29.970125577344668
263,id44,162.0,122.0,vial2,7,29.970125577344668
264,id44,158.5,122.0,vial2,7,29.970125577344668
265,id44,156.0,121.0,vial2,7,29.970125577344668
266,id44,153.0,121.0,vial2,7,29.970125577344668
267,id44,151.5,121.0,vial2,7,29.970125577344668
268,id44,149.5,122.0,vial2,7,29.970125577344668
269,id44,147.5,124.0,vial2,7,29.970125577344668
270,id44,146.0,126.0,vial2,7,29.970125577344668
271,id44,144.5,127.5,vial2,7,29.970125577344668
272,id44,143.5,128.5,vial2,7,29.970125577344668
273,id44,142.5,129.0,vial2,7,29.970125577344668
274,id44,142.0,129.0,vial2,7,29.970125577344668
275,id44,141.0,128.0,vial2,7,29.970125577344668
276,id44,140.5,127.0,vial2,7,29.970125577344668
277,id44,140.0,125.5,vial2,7,29.970125577344668
278,id44,138.5,124.5,vial2,7,29.970125577344668
279,id44,136.5,122.5,vial2,7,29.970125577344668
280,id44,136.0,120.0,vial2,7,29.970125577344668
281,id44,135.0,117.0,vial2,7,29.970125577344668
282,id44,134.0,114.0,vial2,7,29.970125577344668
283,id44,133.0,111.0,vial2,7,29.970125577344668
284,id44,132.5,108.0,vial2,7,29.970125577344668
285,id44,131.5,105.0,vial2,7,29.970125577344668
286,id44,130.5,102.0,vial2,7,29.970125577344668
287,id44,129.5,99.5,vial2,7,29.970125577344668
288,id44,129.5,96.0,vial2,7,29.970125577344668
289,id44,128.5,93.0,vial2,7,29.970125577344668
290,id44,127.5,90.0,vial2,7,29.970125577344668
291,id44,127.5,87.0,vial2,7,29.970125577344668
292,id44,127.5,83.0,vial2,7,29.970125577344668
293,id44,127.0,80.5,vial2,7,29.970125577344668
294,id44,126.5,77.5,vial2,7,29.970125577344668
295,id44,126.0,75.5,vial2,7,29.970125577344668
296,id44,125.5,73.0,vial2,7,29.970125577344668
297,id44,125.5,71.0,vial2,7,29.970125577344668
298,id44,125.5,69.0,vial2,7,29.970125577344668
299,id44,126.5,68.0,vial2,7,29.970125577344668
300,id44,127.0,66.5,vial2,7,29.970125577344668
301,id44,127.5,65.0,vial2,7,29.970125577344668
302,id44,129.0,65.0,vial2,7,29.970125577344668
303,id44,130.0,64.0,vial2,7,29.970125577344668
304,id44,131.0,63.5,vial2,7,29.970125577344668
305,id44,131.0,63.5,vial2,7,29.970125577344668
306,id44,132.0,63.5,vial2,7,29.970125577344668
307,id44,133.0,64.0,vial2,7,29.970125577344668
308,id44,135.0,65.0,vial2,7,29.970125577344668
309,id44,137.5,65.5,vial2,7,29.970125577344668
310,id44,139.5,65.0,vial2,7,29.970125577344668
311,id44,141.5,64.0,vial2,7,29.970125577344668
312,id44,143.5,62.5,vial2,7,29.970125577344668
313,id44,145.5,62.0,vial2,7,29.970125577344668
314,id44,146.5,61.5,vial2,7,29.970125577344668
315,id44,148.0,61.5,vial2,7,29.970125577344668
316,id44,149.0,61.0,vial2,7,29.970125577344668
317,id44,150.5,59.5,vial2,7,29.970125577344668
318,id44,151.5,57.5,vial2,7,29.970125577344668
319,id44,152.0,54.5,vial2,7,29.970125577344668
320,id44,152.5,51.0,vial2,7,29.970125577344668
321,id44,153.5,48.0,vial2,7,29.970125577344668
322,id44,153.5,45.0,vial2,7,29.970125577344668
323,id44,154.5,41.0,vial2,7,29.970125577344668
324,id44,155.0,38.0,vial2,7,29.970125577344668
325,id44,156.5,35.0,vial2,7,29.970125577344668
326,id44,156.5,32.0,vial2,7,29.970125577344668
327,id44,157.5,28.0,vial2,7,29.970125577344668
328,id44,157.5,26.0,vial2,7,29.970125577344668
329,id44,158.5,23.0,vial2,7,29.970125577344668
330,id44,158.5,19.5,vial2,7,29.970125577344668
331,id44,159.5,18.5,vial2,7,29.970125577344668
332,id44,160.0,18.5,vial2,7,29.970125577344668
333,id44,159.5,18.5,vial2,7,29.970125577344668
334,id44,159.5,18.0,vial2,7,29.970125577344668
335,id44,159.5,18.0,vial2,7,29.970125577344668
336,id44,159.5,18.0,vial2,7,29.970125577344668
337,id44,160.0,17.0,vial2,7,29.970125577344668
338,id44,160.5,16.5,vial2,7,29.970125577344668
339,id44,160.5,15.0,vial2,7,29.970125577344668
340,id44,161.0,14.0,vial2,7,29.970125577344668
341,id44,161.5,13.5,vial2,7,29.970125577344668
342,id44,161.5,12.0,vial2,7,29.970125577344668
0,id5,15.0,271.5,vial1,5,29.970125577344668
1,id5,19.5,265.5,vial1,5,29.970125577344668
2,id5,15.5,257.5,vial1,5,29.970125577344668
3,id5,16.5,257.0,vial1,5,29.970125577344668
4,id5,15.5,256.0,vial1,5,29.970125577344668
5,id5,15.5,252.5,vial1,5,29.970125577344668
6,id5,15.5,249.5,vial1,5,29.970125577344668
7,id5,15.5,247.0,vial1,5,29.970125577344668
8,id5,13.5,245.0,vial1,5,29.970125577344668
9,id5,12.5,243.5,vial1,5,29.970125577344668
10,id5,12.5,242.5,vial1,5,29.970125577344668
29,id5,37.0,225.5,vial1,5,29.970125577344668
30,id5,43.5,223.0,vial1,5,29.970125577344668
31,id5,43.0,222.5,vial1,5,29.970125577344668
32,id5,42.5,220.5,vial1,5,29.970125577344668
33,id5,42.5,217.0,vial1,5,29.970125577344668
34,id5,43.5,214.0,vial1,5,29.970125577344668
35,id5,44.0,210.5,vial1,5,29.970125577344668
36,id5,45.5,207.5,vial1,5,29.970125577344668
37,id5,46.5,204.5,vial1,5,29.970125577344668
38,id5,47.0,202.0,vial1,5,29.970125577344668
39,id5,47.0,198.0,vial1,5,29.970125577344668
40,id5,47.5,194.5,vial1,5,29.970125577344668
41,id5,47.5,191.0,vial1,5,29.970125577344668
42,id5,48.5,188.0,vial1,5,29.970125577344668
43,id5,49.5,184.5,vial1,5,29.970125577344668
44,id5,49.5,181.5,vial1,5,29.970125577344668
45,id5,50.5,178.5,vial1,5,29.970125577344668
46,id5,50.5,175.5,vial1,5,29.970125577344668
47,id5,51.0,172.0,vial1,5,29.970125577344668
48,id5,52.0,169.0,vial1,5,29.970125577344668
49,id5,52.5,167.0,vial1,5,29.970125577344668
50,id5,53.5,164.5,vial1,5,29.970125577344668
51,id5,54.0,162.0,vial1,5,29.970125577344668
52,id5,55.5,159.5,vial1,5,29.970125577344668
53,id5,57.0,157.5,vial1,5,29.970125577344668
54,id5,59.0,154.5,vial1,5,29.970125577344668
55,id5,60.0,152.0,vial1,5,29.970125577344668
56,id5,62.0,150.0,vial1,5,29.970125577344668
57,id5,63.5,148.5,vial1,5,29.970125577344668
58,id5,65.0,147.0,vial1,5,29.970125577344668
59,id5,66.0,145.0,vial1,5,29.970125577344668
60,id5,66.0,143.0,vial1,5,29.970125577344668
61,id5,65.5,140.0,vial1,5,29.970125577344668
62,id5,65.5,136.0,vial1,5,29.970125577344668
63,id5,65.5,132.5,vial1,5,29.970125577344668
64,id5,65.5,130.0,vial1,5,29.970125577344668
65,id5,65.5,127.0,vial1,5,29.970125577344668
66,id5,66.0,124.5,vial1,5,29.970125577344668
67,id5,66.5,121.5,vial1,5,29.970125577344668
68,id5,67.5,118.0,vial1,5,29.970125577344668
69,id5,67.5,115.5,vial1,5,29.970125577344668
70,id5,68.5,113.0,vial1,5,29.970125577344668
71,id5,68.5,110.5,vial1,5,29.970125577344668
72,id5,69.0,108.0,vial1,5,29.970125577344668
73,id5,69.0,104.0,vial1,5,29.970125577344668
74,id5,69.5,101.5,vial1,5,29.970125577344668
75,id5,69.5,98.0,vial1,5,29.970125577344668
76,id5,70.0,95.0,vial1,5,29.970125577344668
77,id5,70.5,92.0,vial1,5,29.970125577344668
78,id5,71.0,88.5,vial1,5,29.970125577344668
79,id5,71.5,85.5,vial1,5,29.970125577344668
80,id5,72.0,82.0,vial1,5,29.970125577344668
81,id5,72.0,79.5,vial1,5,29.970125577344668
82,id5,72.5,77.0,vial1,5,29.970125577344668
83,id5,72.5,75.0,vial1,5,29.970125577344668
84,id5,73.0,72.5,vial1,5,29.970125577344668
85,id5,72.5,71.0,vial1,5,29.970125577344668
86,id5,72.0,69.0,vial1,5,29.970125577344668
87,id5,71.0,68.0,vial1,5,29.970125577344668
88,id5,70.5,66.5,vial1,5,29.970125577344668
89,id5,70.5,64.5,vial1,5,29.970125577344668
90,id5,70.5,61.0,vial1,5,29.970125577344668
91,id5,70.5,59.0,vial1,5,29.970125577344668
92,id5,70.5,56.0,vial1,5,29.970125577344668
93,id5,70.5,53.5,vial1,5,29.970125577344668
94,id5,70.0,52.0,vial1,5,29.970125577344668
95,id5,69.5,49.0,vial1,5,29.970125577344668
96,id5,69.5,47.0,vial1,5,29.970125577344668
97,id5,70.0,44.0,vial1,5,29.970125577344668
98,id5,70.0,41.0,vial1,5,29.970125577344668
99,id5,70.0,39.0,vial1,5,29.970125577344668
100,id5,70.0,37.0,vial1,5,29.970125577344668
101,id5,70.0,34.5,vial1,5,29.970125577344668
102,id5,69.5,32.0,vial1,5,29.970125577344668
103,id5,69.5,29.5,vial1,5,29.970125577344668
104,id5,69.0,27.0,vial1,5,29.970125577344668
105,id5,67.5,24.0,vial1,5,29.970125577344668
106,id5,66.5,21.5,vial1,5,29.970125577344668
107,id5,65.5,19.5,vial1,5,29.970125577344668
108,id5,64.0,17.5,vial1,5,29.970125577344668
109,id5,62.5,16.0,vial1,5,29.970125577344668
110,id5,60.5,13.5,vial1,5,29.970125577344668
111,id5,58.5,12.5,vial1,5,29.970125577344668
112,id5,57.5,11.5,vial1,5,29.970125577344668
113,id5,56.5,10.5,vial1,5,29.970125577344668
114,id5,54.5,8.5,vial1,5,29.970125577344668
115,id5,54.0,5.0,vial1,5,29.970125577344668
116,id5,54.0,4.0,vial1,5,29.970125577344668
120,id5,12.0,110.0,vial1,5,29.970125577344668
121,id5,13.0,108.5,vial1,5,29.970125577344668
122,id5,14.0,107.5,vial1,5,29.970125577344668
123,id5,15.0,107.0,vial1,5,29.970125577344668
124,id5,16.5,106.0,vial1,5,29.970125577344668
125,id5,17.5,106.0,vial1,5,29.970125577344668
126,id5,17.5,106.0,vial1,5,29.970125577344668
127,id5,18.5,105.0,vial1,5,29.970125577344668
128,id5,19.0,105.0,vial1,5,29.970125577344668
129,id5,19.5,105.0,vial1,5,29.970125577344668
130,id5,19.5,105.0,vial1,5,29.970125577344668
131,id5,19.5,105.0,vial1,5,29.970125577344668
132,id5,19.0,105.0,vial1,5,29.970125577344668
133,id5,18.5,105.0,vial1,5,29.970125577344668
134,id5,18.5,105.0,vial1,5,29.970125577344668
135,id5,18.5,105.0,vial1,5,29.970125577344668
136,id5,22.0,102.5,vial1,5,29.970125577344668
137,id5,51.5,88.5,vial1,5,29.970125577344668
138,id5,65.0,80.5,vial1,5,29.970125577344668
139,id5,71.0,81.0,vial1,5,29.970125577344668
140,id5,71.5,82.0,vial1,5,29.970125577344668
141,id5,71.5,81.0,vial1,5,29.970125577344668
142,id5,71.5,81.0,vial1,5,29.970125577344668
143,id5,71.5,81.0,vial1,5,29.970125577344668
144,id5,71.5,80.5,vial1,5,29.970125577344668
145,id5,71.5,79.0,vial1,5,29.970125577344668
146,id5,71.5,78.0,vial1,5,29.970125577344668
147,id5,71.5,76.0,vial1,5,29.970125577344668
148,id5,71.5,75.0,vial1,5,29.970125577344668
149,id5,71.5,73.0,vial1,5,29.970125577344668
150,id5,71.5,71.0,vial1,5,29.970125577344668
151,id5,70.5,68.0,vial1,5,29.970125577344668
152,id5,70.5,65.0,vial1,5,29.970125577344668
153,id5,69.5,63.0,vial1,5,29.970125577344668
154,id5,69.0,60.0,vial1,5,29.970125577344668
155,id5,68.5,58.0,vial1,5,29.970125577344668
156,id5,67.5,56.0,vial1,5,29.970125577344668
157,id5,66.5,53.5,vial1,5,29.970125577344668
158,id5,65.5,51.5,vial1,5,29.970125577344668
159,id5,64.5,49.0,vial1,5,29.970125577344668
160,id5,63.5,46.5,vial1,5,29.970125577344668
161,id5,62.5,44.0,vial1,5,29.970125577344668
162,id5,61.5,42.0,vial1,5,29.970125577344668
163,id5,61.5,39.5,vial1,5,29.970125577344668
164,id5,60.5,37.0,vial1,5,29.970125577344668
165,id5,60.0,35.0,vial1,5,29.970125577344668
166,id5,59.0,33.5,vial1,5,29.970125577344668
167,id5,57.5,33.5,vial1,5,29.970125577344668
168,id5,56.0,33.0,vial1,5,29.970125577344668
169,id5,55.0,32.5,vial1,5,29.970125577344668
170,id5,53.5,32.5,vial1,5,29.970125577344668
171,id5,52.0,32.0,vial1,5,29.970125577344668
172,id5,51.0,31.5,vial1,5,29.970125577344668
173,id5,51.0,31.5,vial1,5,29.970125577344668
174,id5,51.5,30.5,vial1,5,29.970125577344668
175,id5,51.5,29.5,vial1,5,29.970125577344668
176,id5,51.0,28.5,vial1,5,29.970125577344668
177,id5,50.5,27.5,vial1,5,29.970125577344668
178,id5,50.5,27.5,vial1,5,29.970125577344668
179,id5,50.5,27.0,vial1,5,29.970125577344668
180,id5,50.5,27.0,vial1,5,29.970125577344668
181,id5,50.5,27.0,vial1,5,29.970125577344668
182,id5,50.5,26.5,vial1,5,29.970125577344668
183,id5,50.5,27.0,vial1,5,29.970125577344668
184,id5,50.5,27.0,vial1,5,29.970125577344668
185,id5,51.0,27.5,vial1,5,29.970125577344668
186,id5,50.5,26.5,vial1,5,29.970125577344668
187,id5,39.5,6.5,vial1,5,29.970125577344668
190,id5,12.5,166.5,vial1,5,29.970125577344668
191,id5,12.5,166.5,vial1,5,29.970125577344668
192,id5,13.0,166.5,vial1,5,29.970125577344668
193,id5,13.5,166.5,vial1,5,29.970125577344668
194,id5,14.0,165.5,vial1,5,29.970125577344668
195,id5,14.5,165.5,vial1,5,29.970125577344668
196,id5,15.5,165.5,vial1,5,29.970125577344668
197,id5,15.0,164.5,vial1,5,29.970125577344668
198,id5,14.5,164.0,vial1,5,29.970125577344668
199,id5,14.5,163.5,vial1,5,29.970125577344668
200,id5,14.5,163.0,vial1,5,29.970125577344668
201,id5,14.5,162.0,vial1,5,29.970125577344668
202,id5,14.0,161.0,vial1,5,29.970125577344668
203,id5,13.5,160.0,vial1,5,29.970125577344668
204,id5,13.5,159.5,vial1,5,29.970125577344668
205,id5,13.5,159.0,vial1,5,29.970125577344668
206,id5,24.0,150.5,vial1,5,29.970125577344668
207,id5,43.0,120.5,vial1,5,29.970125577344668
208,id5,38.0,91.5,vial1,5,29.970125577344668
209,id5,37.0,72.5,vial1,5,29.970125577344668
210,id5,47.0,66.0,vial1,5,29.970125577344668
211,id5,49.5,67.5,vial1,5,29.970125577344668
212,id5,49.5,67.5,vial1,5,29.970125577344668
213,id5,49.5,67.0,vial1,5,29.970125577344668
214,id5,49.5,66.0,vial1,5,29.970125577344668
215,id5,49.0,66.0,vial1,5,29.970125577344668
216,id5,49.5,65.0,vial1,5,29.970125577344668
217,id5,50.5,63.0,vial1,5,29.970125577344668
218,id5,51.5,61.0,vial1,5,29.970125577344668
219,id5,51.5,59.0,vial1,5,29.970125577344668
220,id5,51.5,56.5,vial1,5,29.970125577344668
221,id5,52.0,53.5,vial1,5,29.970125577344668
222,id5,52.0,50.5,vial1,5,29.970125577344668
223,id5,52.0,47.5,vial1,5,29.970125577344668
224,id5,52.0,44.5,vial1,5,29.970125577344668
225,id5,51.5,41.5,vial1,5,29.970125577344668
226,id5,50.5,38.5,vial1,5,29.970125577344668
227,id5,49.5,36.0,vial1,5,29.970125577344668
228,id5,48.5,33.5,vial1,5,29.970125577344668
229,id5,47.5,32.0,vial1,5,29.970125577344668
230,id5,46.0,30.5,vial1,5,29.970125577344668
231,id5,44.0,29.0,vial1,5,29.970125577344668
232,id5,42.5,28.0,vial1,5,29.970125577344668
233,id5,39.5,26.5,vial1,5,29.970125577344668
234,id5,37.5,25.5,vial1,5,29.970125577344668
235,id5,36.0,25.5,vial1,5,29.970125577344668
236,id5,34.0,24.5,vial1,5,29.970125577344668
237,id5,32.5,23.5,vial1,5,29.970125577344668
238,id5,31.0,22.0,vial1,5,29.970125577344668
239,id5,30.0,19.5,vial1,5,29.970125577344668
240,id5,28.0,17.0,vial1,5,29.970125577344668
241,id5,27.0,15.0,vial1,5,29.970125577344668
242,id5,26.5,12.0,vial1,5,29.970125577344668
243,id5,25.0,10.5,vial1,5,29.970125577344668
244,id5,24.5,7.5,vial1,5,29.970125577344668
272,id5,38.0,8.0,vial1,5,29.970125577344668
0,id6,72.5,325.5,vial1,3,29.970125577344668
1,id6,72.0,322.5,vial1,3,29.970125577344668
2,id6,71.0,321.5,vial1,3,29.970125577344668
3,id6,69.0,322.0,vial1,3,29.970125577344668
4,id6,68.5,319.5,vial1,3,29.970125577344668
5,id6,68.0,317.0,vial1,3,29.970125577344668
6,id6,69.0,314.5,vial1,3,29.970125577344668
7,id6,68.5,311.5,vial1,3,29.970125577344668
8,id6,68.5,310.0,vial1,3,29.970125577344668
9,id6,67.5,304.0,vial1,3,29.970125577344668
10,id6,67.5,302.0,vial1,3,29.970125577344668
11,id6,67.0,298.5,vial1,3,29.970125577344668
12,id6,67.0,295.0,vial1,3,29.970125577344668
13,id6,67.5,293.0,vial1,3,29.970125577344668
14,id6,67.5,290.5,vial1,3,29.970125577344668
15,id6,68.5,288.0,vial1,3,29.970125577344668
16,id6,69.0,285.0,vial1,3,29.970125577344668
17,id6,69.0,281.0,vial1,3,29.970125577344668
18,id6,69.0,277.5,vial1,3,29.970125577344668
19,id6,68.5,274.0,vial1,3,29.970125577344668
20,id6,67.5,271.0,vial1,3,29.970125577344668
21,id6,67.5,269.0,vial1,3,29.970125577344668
22,id6,67.5,266.0,vial1,3,29.970125577344668
23,id6,66.5,264.0,vial1,3,29.970125577344668
24,id6,66.5,261.0,vial1,3,29.970125577344668
25,id6,65.0,258.5,vial1,3,29.970125577344668
26,id6,63.5,256.0,vial1,3,29.970125577344668
27,id6,62.0,255.5,vial1,3,29.970125577344668
28,id6,60.0,253.0,vial1,3,29.970125577344668
29,id6,58.0,252.5,vial1,3,29.970125577344668
30,id6,57.5,252.0,vial1,3,29.970125577344668
31,id6,57.5,252.0,vial1,3,29.970125577344668
32,id6,57.0,252.0,vial1,3,29.970125577344668
33,id6,54.5,250.5,vial1,3,29.970125577344668
34,id6,52.5,250.0,vial1,3,29.970125577344668
35,id6,49.5,248.5,vial1,3,29.970125577344668
36,id6,47.5,247.5,vial1,3,29.970125577344668
37,id6,45.5,246.5,vial1,3,29.970125577344668
38,id6,43.5,245.0,vial1,3,29.970125577344668
39,id6,41.5,244.0,vial1,3,29.970125577344668
40,id6,40.0,243.5,vial1,3,29.970125577344668
41,id6,37.5,243.0,vial1,3,29.970125577344668
42,id6,35.5,242.5,vial1,3,29.970125577344668
43,id6,34.5,241.5,vial1,3,29.970125577344668
44,id6,34.0,241.0,vial1,3,29.970125577344668
45,id6,33.5,239.5,vial1,3,29.970125577344668
46,id6,33.5,237.5,vial1,3,29.970125577344668
47,id6,34.0,235.5,vial1,3,29.970125577344668
48,id6,34.0,232.5,vial1,3,29.970125577344668
49,id6,34.0,229.5,vial1,3,29.970125577344668
50,id6,33.0,227.0,vial1,3,29.970125577344668
51,id6,32.0,225.5,vial1,3,29.970125577344668
52,id6,30.0,224.0,vial1,3,29.970125577344668
53,id6,29.0,222.5,vial1,3,29.970125577344668
54,id6,27.0,220.5,vial1,3,29.970125577344668
55,id6,26.0,218.5,vial1,3,29.970125577344668
56,id6,24.5,217.5,vial1,3,29.970125577344668
57,id6,23.0,216.5,vial1,3,29.970125577344668
58,id6,22.0,214.5,vial1,3,29.970125577344668
59,id6,20.0,212.5,vial1,3,29.970125577344668
60,id6,18.5,211.0,vial1,3,29.970125577344668
61,id6,17.0,209.0,vial1,3,29.970125577344668
62,id6,15.5,208.0,vial1,3,29.970125577344668
63,id6,14.5,206.5,vial1,3,29.970125577344668
64,id6,13.0,205.5,vial1,3,29.970125577344668
65,id6,12.5,204.0,vial1,3,29.970125577344668
96,id6,12.0,149.0,vial1,3,29.970125577344668
97,id6,12.5,148.0,vial1,3,29.970125577344668
98,id6,12.5,147.0,vial1,3,29.970125577344668
99,id6,12.5,146.0,vial1,3,29.970125577344668
100,id6,12.0,145.5,vial1,3,29.970125577344668
101,id6,12.0,144.5,vial1,3,29.970125577344668
102,id6,12.0,143.0,vial1,3,29.970125577344668
114,id6,53.5,3.0,vial1,3,29.970125577344668
0,id7,493.0,339.0,vial5,32,29.970125577344668
1,id7,493.5,339.0,vial5,32,29.970125577344668
2,id7,493.5,339.0,vial5,32,29.970125577344668
3,id7,495.5,339.0,vial5,32,29.970125577344668
4,id7,495.5,339.0,vial5,32,29.970125577344668
5,id7,495.5,339.0,vial5,32,29.970125577344668
6,id7,496.5,339.0,vial5,32,29.970125577344668
7,id7,495.5,339.0,vial5,32,29.970125577344668
8,id7,493.5,339.0,vial5,32,29.970125577344668
9,id7,492.5,339.0,vial5,32,29.970125577344668
10,id7,491.5,339.5,vial5,32,29.970125577344668
11,id7,490.0,339.0,vial5,32,29.970125577344668
12,id7,491.0,339.5,vial5,32,29.970125577344668
13,id7,491.0,340.0,vial5,32,29.970125577344668
14,id7,491.5,340.0,vial5,32,29.970125577344668
15,id7,492.5,340.0,vial5,32,29.970125577344668
16,id7,494.0,340.0,vial5,32,29.970125577344668
17,id7,496.0,340.0,vial5,32,29.970125577344668
18,id7,499.5,340.0,vial5,32,29.970125577344668
19,id7,502.5,340.0,vial5,32,29.970125577344668
20,id7,505.0,339.5,vial5,32,29.970125577344668
21,id7,507.5,340.0,vial5,32,29.970125577344668
22,id7,509.5,339.5,vial5,32,29.970125577344668
23,id7,511.0,340.0,vial5,32,29.970125577344668
24,id7,513.5,340.0,vial5,32,29.970125577344668
25,id7,515.0,340.5,vial5,32,29.970125577344668
26,id7,516.0,340.5,vial5,32,29.970125577344668
27,id7,520.5,341.5,vial5,32,29.970125577344668
28,id7,521.5,341.0,vial5,32,29.970125577344668
29,id7,520.5,341.0,vial5,32,29.970125577344668
30,id7,521.0,341.0,vial5,32,29.970125577344668
31,id7,521.5,341.0,vial5,32,29.970125577344668
32,id7,522.0,341.0,vial5,32,29.970125577344668
33,id7,523.0,341.0,vial5,32,29.970125577344668
34,id7,524.0,341.0,vial5,32,29.970125577344668
35,id7,525.5,340.0,vial5,32,29.970125577344668
36,id7,526.5,341.0,vial5,32,29.970125577344668
37,id7,526.5,340.5,vial5,32,29.970125577344668
38,id7,526.5,340.5,vial5,32,29.970125577344668
39,id7,527.0,340.5,vial5,32,29.970125577344668
40,id7,528.0,340.5,vial5,32,29.970125577344668
41,id7,528.5,340.5,vial5,32,29.970125577344668
42,id7,532.5,339.5,vial5,32,29.970125577344668
43,id7,532.5,339.0,vial5,32,29.970125577344668
44,id7,533.5,337.5,vial5,32,29.970125577344668
45,id7,535.0,337.0,vial5,32,29.970125577344668
46,id7,535.5,335.0,vial5,32,29.970125577344668
47,id7,536.5,333.0,vial5,32,29.970125577344668
48,id7,537.5,331.0,vial5,32,29.970125577344668
49,id7,539.0,328.5,vial5,32,29.970125577344668
50,id7,540.0,326.5,vial5,32,29.970125577344668
51,id7,541.0,325.5,vial5,32,29.970125577344668
52,id7,542.0,324.0,vial5,32,29.970125577344668
53,id7,543.0,323.0,vial5,32,29.970125577344668
54,id7,544.0,321.5,vial5,32,29.970125577344668
55,id7,545.0,321.0,vial5,32,29.970125577344668
56,id7,546.0,320.0,vial5,32,29.970125577344668
57,id7,547.0,319.5,vial5,32,29.970125577344668
58,id7,548.0,318.5,vial5,32,29.970125577344668
59,id7,548.5,318.0,vial5,32,29.970125577344668
60,id7,549.5,318.0,vial5,32,29.970125577344668
61,id7,549.5,317.0,vial5,32,29.970125577344668
62,id7,549.5,317.0,vial5,32,29.970125577344668
63,id7,549.5,316.5,vial5,32,29.970125577344668
64,id7,549.5,316.5,vial5,32,29.970125577344668
65,id7,549.5,316.5,vial5,32,29.970125577344668
66,id7,549.5,316.5,vial5,32,29.970125577344668
67,id7,549.5,316.5,vial5,32,29.970125577344668
68,id7,549.5,316.5,vial5,32,29.970125577344668
69,id7,549.5,316.5,vial5,32,29.970125577344668
70,id7,549.5,316.5,vial5,32,29.970125577344668
71,id7,549.5,316.5,vial5,32,29.970125577344668
72,id7,549.5,316.5,vial5,32,29.970125577344668
73,id7,549.5,316.5,vial5,32,29.970125577344668
74,id7,549.5,316.5,vial5,32,29.970125577344668
75,id7,549.5,316.5,vial5,32,29.970125577344668
76,id7,549.5,316.5,vial5,32,29.970125577344668
77,id7,549.5,316.5,vial5,32,29.970125577344668
78,id7,549.5,316.5,vial5,32,29.970125577344668
79,id7,542.0,313.5,vial5,32,29.970125577344668
80,id7,523.0,300.0,vial5,32,29.970125577344668
81,id7,522.5,298.0,vial5,32,29.970125577344668
82,id7,522.5,297.5,vial5,32,29.970125577344668
83,id7,522.5,296.5,vial5,32,29.970125577344668
84,id7,523.0,295.0,vial5,32,29.970125577344668
85,id7,523.5,294.0,vial5,32,29.970125577344668
86,id7,524.5,293.0,vial5,32,29.970125577344668
87,id7,525.0,291.0,vial5,32,29.970125577344668
88,id7,526.5,290.0,vial5,32,29.970125577344668
89,id7,527.5,288.5,vial5,32,29.970125577344668
90,id7,528.5,287.5,vial5,32,29.970125577344668
91,id7,529.0,287.5,vial5,32,29.970125577344668
92,id7,529.5,287.5,vial5,32,29.970125577344668
93,id7,531.5,287.5,vial5,32,29.970125577344668
94,id7,531.5,287.5,vial5,32,29.970125577344668
95,id7,532.5,288.5,vial5,32,29.970125577344668
96,id7,533.5,288.5,vial5,32,29.970125577344668
97,id7,535.5,289.0,vial5,32,29.970125577344668
98,id7,536.0,288.5,vial5,32,29.970125577344668
99,id7,538.0,288.5,vial5,32,29.970125577344668
100,id7,539.5,288.5,vial5,32,29.970125577344668
101,id7,540.0,288.5,vial5,32,29.970125577344668
102,id7,541.5,288.5,vial5,32,29.970125577344668
103,id7,542.5,288.0,vial5,32,29.970125577344668
104,id7,543.5,287.5,vial5,32,29.970125577344668
105,id7,544.5,288.0,vial5,32,29.970125577344668
106,id7,545.5,288.0,vial5,32,29.970125577344668
107,id7,546.0,289.5,vial5,32,29.970125577344668
108,id7,546.5,290.5,vial5,32,29.970125577344668
109,id7,547.5,292.0,vial5,32,29.970125577344668
110,id7,547.5,293.0,vial5,32,29.970125577344668
111,id7,547.0,294.5,vial5,32,29.970125577344668
112,id7,547.5,294.5,vial5,32,29.970125577344668
113,id7,547.5,294.5,vial5,32,29.970125577344668
114,id7,547.5,294.0,vial5,32,29.970125577344668
115,id7,547.5,294.0,vial5,32,29.970125577344668
116,id7,547.5,294.0,vial5,32,29.970125577344668
117,id7,547.5,294.0,vial5,32,29.970125577344668
118,id7,547.5,294.0,vial5,32,29.970125577344668
119,id7,547.5,294.5,vial5,32,29.970125577344668
120,id7,547.5,294.5,vial5,32,29.970125577344668
121,id7,547.5,295.0,vial5,32,29.970125577344668
122,id7,549.0,304.0,vial5,32,29.970125577344668
123,id7,541.0,325.0,vial5,32,29.970125577344668
124,id7,529.0,340.5,vial5,32,29.970125577344668
125,id7,528.5,340.5,vial5,32,29.970125577344668
126,id7,528.5,340.0,vial5,32,29.970125577344668
127,id7,528.5,340.0,vial5,32,29.970125577344668
128,id7,528.0,339.5,vial5,32,29.970125577344668
129,id7,527.5,339.5,vial5,32,29.970125577344668
130,id7,527.5,340.0,vial5,32,29.970125577344668
131,id7,527.5,340.0,vial5,32,29.970125577344668
132,id7,527.5,340.0,vial5,32,29.970125577344668
133,id7,527.0,339.0,vial5,32,29.970125577344668
134,id7,526.5,337.0,vial5,32,29.970125577344668
135,id7,526.5,337.0,vial5,32,29.970125577344668
136,id7,526.5,336.5,vial5,32,29.970125577344668
137,id7,526.0,336.5,vial5,32,29.970125577344668
138,id7,525.5,335.5,vial5,32,29.970125577344668
139,id7,525.5,335.5,vial5,32,29.970125577344668
140,id7,525.5,336.0,vial5,32,29.970125577344668
141,id7,525.5,336.5,vial5,32,29.970125577344668
142,id7,526.5,336.5,vial5,32,29.970125577344668
143,id7,526.5,337.0,vial5,32,29.970125577344668
144,id7,527.5,337.5,vial5,32,29.970125577344668
145,id7,528.5,337.5,vial5,32,29.970125577344668
146,id7,528.5,338.0,vial5,32,29.970125577344668
147,id7,529.5,338.5,vial5,32,29.970125577344668
148,id7,530.5,338.5,vial5,32,29.970125577344668
149,id7,531.5,338.5,vial5,32,29.970125577344668
150,id7,532.5,338.5,vial5,32,29.970125577344668
151,id7,533.5,338.5,vial5,32,29.970125577344668
152,id7,534.5,338.5,vial5,32,29.970125577344668
153,id7,534.5,338.5,vial5,32,29.970125577344668
154,id7,534.0,338.5,vial5,32,29.970125577344668
155,id7,534.0,338.5,vial5,32,29.970125577344668
156,id7,534.0,338.5,vial5,32,29.970125577344668
157,id7,534.0,338.5,vial5,32,29.970125577344668
158,id7,534.0,338.5,vial5,32,29.970125577344668
159,id7,534.5,338.5,vial5,32,29.970125577344668
160,id7,534.5,338.5,vial5,32,29.970125577344668
161,id7,534.5,338.5,vial5,32,29.970125577344668
162,id7,534.5,338.0,vial5,32,29.970125577344668
163,id7,535.0,338.5,vial5,32,29.970125577344668
164,id7,535.5,337.5,vial5,32,29.970125577344668
165,id7,536.0,337.5,vial5,32,29.970125577344668
166,id7,536.0,337.5,vial5,32,29.970125577344668
167,id7,537.0,337.5,vial5,32,29.970125577344668
168,id7,537.5,338.0,vial5,32,29.970125577344668
169,id7,538.0,337.5,vial5,32,29.970125577344668
170,id7,538.5,337.5,vial5,32,29.970125577344668
171,id7,539.5,337.5,vial5,32,29.970125577344668
172,id7,541.0,337.5,vial5,32,29.970125577344668
173,id7,541.5,337.5,vial5,32,29.970125577344668
174,id7,541.5,337.5,vial5,32,29.970125577344668
175,id7,541.5,337.5,vial5,32,29.970125577344668
176,id7,541.5,337.5,vial5,32,29.970125577344668
177,id7,541.5,337.5,vial5,32,29.970125577344668
178,id7,541.5,337.5,vial5,32,29.970125577344668
179,id7,541.5,337.5,vial5,32,29.970125577344668
180,id7,541.5,337.5,vial5,32,29.970125577344668
181,id7,541.5,337.5,vial5,32,29.970125577344668
182,id7,541.5,338.0,vial5,32,29.970125577344668
183,id7,541.5,337.5,vial5,32,29.970125577344668
184,id7,541.0,338.0,vial5,32,29.970125577344668
185,id7,541.0,338.0,vial5,32,29.970125577344668
186,id7,540.5,338.0,vial5,32,29.970125577344668
187,id7,540.5,338.0,vial5,32,29.970125577344668
188,id7,540.5,338.0,vial5,32,29.970125577344668
189,id7,540.5,338.0,vial5,32,29.970125577344668
190,id7,540.5,338.0,vial5,32,29.970125577344668
191,id7,540.5,338.0,vial5,32,29.970125577344668
192,id7,540.5,338.0,vial5,32,29.970125577344668
193,id7,540.5,338.0,vial5,32,29.970125577344668
194,id7,540.5,338.0,vial5,32,29.970125577344668
195,id7,540.5,338.0,vial5,32,29.970125577344668
196,id7,540.5,338.0,vial5,32,29.970125577344668
197,id7,540.5,338.0,vial5,32,29.970125577344668
198,id7,540.5,338.0,vial5,32,29.970125577344668
199,id7,540.5,338.5,vial5,32,29.970125577344668
200,id7,540.5,338.0,vial5,32,29.970125577344668
201,id7,540.5,338.5,vial5,32,29.970125577344668
202,id7,540.5,338.0,vial5,32,29.970125577344668
203,id7,540.5,338.0,vial5,32,29.970125577344668
204,id7,540.5,338.5,vial5,32,29.970125577344668
205,id7,540.5,338.0,vial5,32,29.970125577344668
206,id7,540.5,338.0,vial5,32,29.970125577344668
207,id7,540.5,338.0,vial5,32,29.970125577344668
208,id7,540.5,338.0,vial5,32,29.970125577344668
209,id7,540.5,338.0,vial5,32,29.970125577344668
210,id7,540.5,338.0,vial5,32,29.970125577344668
211,id7,540.5,338.0,vial5,32,29.970125577344668
212,id7,540.5,338.0,vial5,32,29.970125577344668
213,id7,540.5,338.0,vial5,32,29.970125577344668
214,id7,540.5,338.0,vial5,32,29.970125577344668
215,id7,540.5,338.5,vial5,32,29.970125577344668
216,id7,540.5,338.0,vial5,32,29.970125577344668
217,id7,540.5,338.0,vial5,32,29.970125577344668
218,id7,540.5,338.0,vial5,32,29.970125577344668
219,id7,540.5,338.0,vial5,32,29.970125577344668
220,id7,540.5,338.0,vial5,32,29.970125577344668
221,id7,540.5,338.0,vial5,32,29.970125577344668
222,id7,540.5,338.0,vial5,32,29.970125577344668
223,id7,540.5,338.5,vial5,32,29.970125577344668
224,id7,540.5,338.0,vial5,32,29.970125577344668
225,id7,540.5,338.0,vial5,32,29.970125577344668
226,id7,540.5,338.5,vial5,32,29.970125577344668
227,id7,540.5,338.5,vial5,32,29.970125577344668
228,id7,540.5,338.5,vial5,32,29.970125577344668
229,id7,540.5,338.5,vial5,32,29.970125577344668
230,id7,540.5,338.5,vial5,32,29.970125577344668
231,id7,540.5,339.0,vial5,32,29.970125577344668
232,id7,540.5,339.0,vial5,32,29.970125577344668
233,id7,540.5,338.5,vial5,32,29.970125577344668
234,id7,540.5,338.5,vial5,32,29.970125577344668
235,id7,540.5,338.0,vial5,32,29.970125577344668
236,id7,540.5,338.5,vial5,32,29.970125577344668
237,id7,540.5,338.5,vial5,32,29.970125577344668
238,id7,540.5,339.0,vial5,32,29.970125577344668
239,id7,540.5,339.0,vial5,32,29.970125577344668
240,id7,540.5,339.0,vial5,32,29.970125577344668
241,id7,540.5,339.0,vial5,32,29.970125577344668
242,id7,540.5,339.0,vial5,32,29.970125577344668
243,id7,540.5,339.0,vial5,32,29.970125577344668
244,id7,540.5,339.0,vial5,32,29.970125577344668
245,id7,540.5,338.5,vial5,32,29.970125577344668
246,id7,540.5,339.0,vial5,32,29.970125577344668
247,id7,540.5,338.5,vial5,32,29.970125577344668
248,id7,540.0,338.5,vial5,32,29.970125577344668
249,id7,540.0,338.5,vial5,32,29.970125577344668
250,id7,540.0,338.5,vial5,32,29.970125577344668
251,id7,540.0,338.5,vial5,32,29.970125577344668
252,id7,540.0,338.5,vial5,32,29.970125577344668
253,id7,540.0,339.0,vial5,32,29.970125577344668
254,id7,540.5,339.0,vial5,32,29.970125577344668
255,id7,540.0,339.0,vial5,32,29.970125577344668
256,id7,540.0,338.5,vial5,32,29.970125577344668
257,id7,540.0,339.0,vial5,32,29.970125577344668
258,id7,540.5,339.0,vial5,32,29.970125577344668
259,id7,540.5,339.0,vial5,32,29.970125577344668
260,id7,540.0,338.5,vial5,32,29.970125577344668
261,id7,540.5,338.5,vial5,32,29.970125577344668
262,id7,540.5,338.5,vial5,32,29.970125577344668
263,id7,540.5,338.5,vial5,32,29.970125577344668
264,id7,540.0,339.0,vial5,32,29.970125577344668
265,id7,540.0,339.0,vial5,32,29.970125577344668
266,id7,540.0,339.0,vial5,32,29.970125577344668
267,id7,540.0,339.0,vial5,32,29.970125577344668
268,id7,540.0,339.0,vial5,32,29.970125577344668
269,id7,540.0,339.0,vial5,32,29.970125577344668
270,id7,540.5,339.0,vial5,32,29.970125577344668
271,id7,540.0,339.0,vial5,32,29.970125577344668
272,id7,540.0,339.0,vial5,32,29.970125577344668
273,id7,540.0,339.0,vial5,32,29.970125577344668
274,id7,540.0,339.0,vial5,32,29.970125577344668
275,id7,540.5,339.0,vial5,32,29.970125577344668
276,id7,540.5,339.0,vial5,32,29.970125577344668
277,id7,540.0,339.0,vial5,32,29.970125577344668
278,id7,540.0,339.0,vial5,32,29.970125577344668
279,id7,540.0,339.0,vial5,32,29.970125577344668
280,id7,540.0,339.0,vial5,32,29.970125577344668
281,id7,540.0,339.0,vial5,32,29.970125577344668
282,id7,540.0,339.0,vial5,32,29.970125577344668
283,id7,540.0,339.0,vial5,32,29.970125577344668
284,id7,540.0,339.0,vial5,32,29.970125577344668
285,id7,540.0,339.0,vial5,32,29.970125577344668
286,id7,540.0,339.0,vial5,32,29.970125577344668
287,id7,540.0,339.0,vial5,32,29.970125577344668
288,id7,540.5,339.0,vial5,32,29.970125577344668
289,id7,540.0,339.0,vial5,32,29.970125577344668
290,id7,540.5,339.0,vial5,32,29.970125577344668
291,id7,540.5,339.0,vial5,32,29.970125577344668
292,id7,540.5,339.0,vial5,32,29.970125577344668
293,id7,540.5,339.0,vial5,32,29.970125577344668
294,id7,540.0,339.0,vial5,32,29.970125577344668
295,id7,540.5,339.0,vial5,32,29.970125577344668
296,id7,540.5,339.0,vial5,32,29.970125577344668
297,id7,540.5,339.0,vial5,32,29.970125577344668
298,id7,540.0,339.0,vial5,32,29.970125577344668
299,id7,540.5,339.0,vial5,32,29.970125577344668
300,id7,540.0,339.0,vial5,32,29.970125577344668
301,id7,540.0,339.0,vial5,32,29.970125577344668
302,id7,540.0,339.0,vial5,32,29.970125577344668
303,id7,540.0,339.0,vial5,32,29.970125577344668
304,id7,540.0,339.0,vial5,32,29.970125577344668
305,id7,540.0,339.0,vial5,32,29.970125577344668
306,id7,540.0,339.0,vial5,32,29.970125577344668
307,id7,540.0,339.0,vial5,32,29.970125577344668
308,id7,540.0,339.0,vial5,32,29.970125577344668
309,id7,540.0,339.0,vial5,32,29.970125577344668
310,id7,540.0,339.0,vial5,32,29.970125577344668
311,id7,540.0,339.0,vial5,32,29.970125577344668
312,id7,540.0,339.0,vial5,32,29.970125577344668
313,id7,540.0,339.0,vial5,32,29.970125577344668
314,id7,540.0,339.0,vial5,32,29.970125577344668
315,id7,540.0,339.0,vial5,32,29.970125577344668
316,id7,540.0,339.0,vial5,32,29.970125577344668
317,id7,540.0,339.0,vial5,32,29.970125577344668
318,id7,540.0,339.0,vial5,32,29.970125577344668
319,id7,541.5,338.0,vial5,32,29.970125577344668
320,id7,541.5,338.5,vial5,32,29.970125577344668
321,id7,541.5,338.5,vial5,32,29.970125577344668
322,id7,541.5,339.0,vial5,32,29.970125577344668
323,id7,541.5,339.0,vial5,32,29.970125577344668
324,id7,541.5,338.5,vial5,32,29.970125577344668
325,id7,541.5,338.5,vial5,32,29.970125577344668
326,id7,541.5,337.5,vial5,32,29.970125577344668
327,id7,540.5,338.0,vial5,32,29.970125577344668
328,id7,540.5,338.5,vial5,32,29.970125577344668
329,id7,540.5,337.5,vial5,32,29.970125577344668
330,id7,540.0,338.5,vial5,32,29.970125577344668
331,id7,540.0,338.5,vial5,32,29.970125577344668
332,id7,539.5,338.5,vial5,32,29.970125577344668
333,id7,539.5,338.0,vial5,32,29.970125577344668
334,id7,539.5,338.0,vial5,32,29.970125577344668
335,id7,539.5,338.0,vial5,32,29.970125577344668
336,id7,539.5,338.0,vial5,32,29.970125577344668
337,id7,539.5,338.0,vial5,32,29.970125577344668
338,id7,540.0,336.0,vial5,32,29.970125577344668
339,id7,545.0,297.0,vial5,32,29.970125577344668
340,id7,536.5,273.0,vial5,32,29.970125577344668
341,id7,522.0,261.5,vial5,32,29.970125577344668
342,id7,521.5,261.0,vial5,32,29.970125577344668
0,id8,300.0,335.0,vial3,14,29.970125577344668
1,id8,301.0,335.0,vial3,14,29.970125577344668
2,id8,303.5,335.0,vial3,14,29.970125577344668
3,id8,304.5,335.0,vial3,14,29.970125577344668
4,id8,302.5,335.5,vial3,14,29.970125577344668
5,id8,300.5,336.0,vial3,14,29.970125577344668
6,id8,298.5,336.0,vial3,14,29.970125577344668
7,id8,296.5,336.5,vial3,14,29.970125577344668
8,id8,293.5,335.5,vial3,14,29.970125577344668
9,id8,291.0,337.0,vial3,14,29.970125577344668
10,id8,292.5,338.0,vial3,14,29.970125577344668
11,id8,296.5,338.0,vial3,14,29.970125577344668
12,id8,298.0,338.0,vial3,14,29.970125577344668
13,id8,300.0,338.0,vial3,14,29.970125577344668
14,id8,301.0,337.0,vial3,14,29.970125577344668
15,id8,302.5,338.0,vial3,14,29.970125577344668
16,id8,304.0,338.0,vial3,14,29.970125577344668
17,id8,303.0,338.0,vial3,14,29.970125577344668
18,id8,302.0,337.0,vial3,14,29.970125577344668
19,id8,301.5,337.5,vial3,14,29.970125577344668
20,id8,300.5,337.5,vial3,14,29.970125577344668
21,id8,300.0,338.5,vial3,14,29.970125577344668
22,id8,297.0,338.5,vial3,14,29.970125577344668
23,id8,295.5,339.0,vial3,14,29.970125577344668
24,id8,293.5,339.0,vial3,14,29.970125577344668
25,id8,292.5,338.5,vial3,14,29.970125577344668
26,id8,289.5,338.0,vial3,14,29.970125577344668
27,id8,288.0,338.5,vial3,14,29.970125577344668
28,id8,247.5,326.0,vial3,14,29.970125577344668
29,id8,245.0,314.5,vial3,14,29.970125577344668
30,id8,260.5,321.5,vial3,14,29.970125577344668
31,id8,252.5,337.0,vial3,14,29.970125577344668
32,id8,248.5,337.0,vial3,14,29.970125577344668
33,id8,247.5,337.0,vial3,14,29.970125577344668
34,id8,247.5,337.0,vial3,14,29.970125577344668
35,id8,247.0,337.0,vial3,14,29.970125577344668
36,id8,248.0,337.0,vial3,14,29.970125577344668
37,id8,247.5,336.0,vial3,14,29.970125577344668
38,id8,247.0,337.0,vial3,14,29.970125577344668
39,id8,247.0,336.0,vial3,14,29.970125577344668
40,id8,248.0,336.0,vial3,14,29.970125577344668
41,id8,247.5,336.0,vial3,14,29.970125577344668
44,id8,270.5,337.5,vial3,14,29.970125577344668
45,id8,270.5,338.0,vial3,14,29.970125577344668
46,id8,269.0,338.0,vial3,14,29.970125577344668
47,id8,270.0,337.5,vial3,14,29.970125577344668
48,id8,252.0,324.5,vial3,14,29.970125577344668
51,id8,254.5,338.5,vial3,14,29.970125577344668
52,id8,255.0,338.5,vial3,14,29.970125577344668
53,id8,258.5,334.0,vial3,14,29.970125577344668
57,id8,253.5,334.5,vial3,14,29.970125577344668
58,id8,253.5,331.5,vial3,14,29.970125577344668
59,id8,253.5,329.5,vial3,14,29.970125577344668
60,id8,253.5,326.5,vial3,14,29.970125577344668
61,id8,253.0,323.5,vial3,14,29.970125577344668
62,id8,253.0,321.0,vial3,14,29.970125577344668
63,id8,252.5,318.5,vial3,14,29.970125577344668
64,id8,252.5,316.5,vial3,14,29.970125577344668
65,id8,252.5,313.5,vial3,14,29.970125577344668
66,id8,251.5,312.0,vial3,14,29.970125577344668
67,id8,251.5,309.0,vial3,14,29.970125577344668
68,id8,250.5,308.0,vial3,14,29.970125577344668
69,id8,250.0,307.0,vial3,14,29.970125577344668
70,id8,249.0,305.5,vial3,14,29.970125577344668
71,id8,248.0,304.5,vial3,14,29.970125577344668
72,id8,247.0,302.5,vial3,14,29.970125577344668
73,id8,246.5,301.5,vial3,14,29.970125577344668
74,id8,246.0,300.5,vial3,14,29.970125577344668
75,id8,245.0,299.0,vial3,14,29.970125577344668
76,id8,244.5,298.0,vial3,14,29.970125577344668
77,id8,244.5,297.5,vial3,14,29.970125577344668
78,id8,244.5,296.5,vial3,14,29.970125577344668
79,id8,244.5,295.5,vial3,14,29.970125577344668
80,id8,244.0,294.5,vial3,14,29.970125577344668
81,id8,244.5,294.5,vial3,14,29.970125577344668
82,id8,244.5,293.0,vial3,14,29.970125577344668
83,id8,244.5,293.0,vial3,14,29.970125577344668
84,id8,244.5,292.0,vial3,14,29.970125577344668
85,id8,245.5,291.0,vial3,14,29.970125577344668
86,id8,245.5,290.0,vial3,14,29.970125577344668
87,id8,245.5,289.0,vial3,14,29.970125577344668
88,id8,245.5,287.5,vial3,14,29.970125577344668
89,id8,245.5,286.0,vial3,14,29.970125577344668
90,id8,245.5,283.0,vial3,14,29.970125577344668
91,id8,245.5,281.0,vial3,14,29.970125577344668
92,id8,245.5,278.5,vial3,14,29.970125577344668
93,id8,245.5,275.5,vial3,14,29.970125577344668
94,id8,245.5,273.0,vial3,14,29.970125577344668
95,id8,245.5,270.0,vial3,14,29.970125577344668
96,id8,245.5,267.5,vial3,14,29.970125577344668
97,id8,245.0,266.0,vial3,14,29.970125577344668
98,id8,245.0,263.0,vial3,14,29.970125577344668
99,id8,245.0,260.5,vial3,14,29.970125577344668
100,id8,245.0,257.5,vial3,14,29.970125577344668
101,id8,245.0,256.0,vial3,14,29.970125577344668
102,id8,245.0,254.0,vial3,14,29.970125577344668
103,id8,245.0,252.0,vial3,14,29.970125577344668
104,id8,245.0,250.0,vial3,14,29.970125577344668
105,id8,245.0,247.5,vial3,14,29.970125577344668
106,id8,245.0,245.5,vial3,14,29.970125577344668
107,id8,245.0,243.5,vial3,14,29.970125577344668
108,id8,245.5,243.0,vial3,14,29.970125577344668
109,id8,245.0,242.5,vial3,14,29.970125577344668
110,id8,244.5,241.0,vial3,14,29.970125577344668
111,id8,245.0,239.5,vial3,14,29.970125577344668
112,id8,245.5,237.5,vial3,14,29.970125577344668
113,id8,245.5,236.5,vial3,14,29.970125577344668
114,id8,245.5,234.0,vial3,14,29.970125577344668
115,id8,246.0,232.5,vial3,14,29.970125577344668
116,id8,246.0,231.0,vial3,14,29.970125577344668
117,id8,246.5,228.5,vial3,14,29.970125577344668
118,id8,247.5,227.0,vial3,14,29.970125577344668
119,id8,247.5,226.0,vial3,14,29.970125577344668
120,id8,247.5,224.0,vial3,14,29.970125577344668
121,id8,248.0,222.5,vial3,14,29.970125577344668
122,id8,248.5,221.0,vial3,14,29.970125577344668
123,id8,248.5,219.5,vial3,14,29.970125577344668
124,id8,249.5,219.0,vial3,14,29.970125577344668
125,id8,249.5,217.0,vial3,14,29.970125577344668
126,id8,250.5,215.5,vial3,14,29.970125577344668
127,id8,251.5,214.5,vial3,14,29.970125577344668
128,id8,252.0,212.5,vial3,14,29.970125577344668
129,id8,253.5,211.5,vial3,14,29.970125577344668
130,id8,254.0,209.5,vial3,14,29.970125577344668
131,id8,255.5,207.5,vial3,14,29.970125577344668
132,id8,256.5,206.5,vial3,14,29.970125577344668
133,id8,257.5,205.5,vial3,14,29.970125577344668
134,id8,259.0,203.5,vial3,14,29.970125577344668
135,id8,260.0,202.5,vial3,14,29.970125577344668
136,id8,261.0,200.5,vial3,14,29.970125577344668
137,id8,263.0,199.0,vial3,14,29.970125577344668
138,id8,264.0,198.5,vial3,14,29.970125577344668
139,id8,265.5,197.0,vial3,14,29.970125577344668
140,id8,267.5,196.0,vial3,14,29.970125577344668
141,id8,268.5,195.0,vial3,14,29.970125577344668
142,id8,271.0,193.0,vial3,14,29.970125577344668
143,id8,272.5,192.5,vial3,14,29.970125577344668
144,id8,275.5,190.5,vial3,14,29.970125577344668
145,id8,276.5,190.0,vial3,14,29.970125577344668
146,id8,277.5,188.0,vial3,14,29.970125577344668
147,id8,278.5,186.5,vial3,14,29.970125577344668
148,id8,278.5,185.0,vial3,14,29.970125577344668
149,id8,277.5,182.0,vial3,14,29.970125577344668
150,id8,278.5,180.5,vial3,14,29.970125577344668
151,id8,278.5,178.5,vial3,14,29.970125577344668
152,id8,278.5,175.5,vial3,14,29.970125577344668
153,id8,279.0,173.5,vial3,14,29.970125577344668
154,id8,279.5,170.0,vial3,14,29.970125577344668
155,id8,280.0,168.0,vial3,14,29.970125577344668
156,id8,280.0,165.5,vial3,14,29.970125577344668
157,id8,280.5,163.5,vial3,14,29.970125577344668
158,id8,280.5,160.0,vial3,14,29.970125577344668
159,id8,281.5,158.0,vial3,14,29.970125577344668
160,id8,281.5,156.0,vial3,14,29.970125577344668
161,id8,281.5,153.5,vial3,14,29.970125577344668
162,id8,282.5,150.5,vial3,14,29.970125577344668
163,id8,282.5,148.0,vial3,14,29.970125577344668
164,id8,283.0,145.5,vial3,14,29.970125577344668
165,id8,282.5,143.0,vial3,14,29.970125577344668
166,id8,283.0,139.5,vial3,14,29.970125577344668
167,id8,282.5,137.0,vial3,14,29.970125577344668
168,id8,282.5,134.0,vial3,14,29.970125577344668
169,id8,282.5,132.0,vial3,14,29.970125577344668
170,id8,282.0,129.5,vial3,14,29.970125577344668
171,id8,282.0,127.0,vial3,14,29.970125577344668
172,id8,282.0,125.0,vial3,14,29.970125577344668
173,id8,281.5,122.5,vial3,14,29.970125577344668
174,id8,280.5,120.5,vial3,14,29.970125577344668
175,id8,279.5,119.0,vial3,14,29.970125577344668
176,id8,278.5,117.0,vial3,14,29.970125577344668
177,id8,277.5,114.0,vial3,14,29.970125577344668
178,id8,276.5,112.0,vial3,14,29.970125577344668
179,id8,276.5,110.0,vial3,14,29.970125577344668
180,id8,275.0,108.0,vial3,14,29.970125577344668
181,id8,275.0,107.0,vial3,14,29.970125577344668
182,id8,274.5,105.5,vial3,14,29.970125577344668
183,id8,273.5,103.5,vial3,14,29.970125577344668
184,id8,274.5,102.5,vial3,14,29.970125577344668
185,id8,274.5,100.5,vial3,14,29.970125577344668
186,id8,274.5,98.5,vial3,14,29.970125577344668
187,id8,274.5,97.5,vial3,14,29.970125577344668
188,id8,274.0,95.5,vial3,14,29.970125577344668
189,id8,274.0,93.0,vial3,14,29.970125577344668
190,id8,273.5,91.0,vial3,14,29.970125577344668
191,id8,273.5,88.5,vial3,14,29.970125577344668
192,id8,273.0,86.5,vial3,14,29.970125577344668
193,id8,272.5,84.5,vial3,14,29.970125577344668
194,id8,272.0,82.0,vial3,14,29.970125577344668
195,id8,271.5,80.5,vial3,14,29.970125577344668
196,id8,271.0,78.0,vial3,14,29.970125577344668
197,id8,271.0,76.0,vial3,14,29.970125577344668
198,id8,271.0,74.0,vial3,14,29.970125577344668
199,id8,270.5,71.0,vial3,14,29.970125577344668
200,id8,271.5,69.0,vial3,14,29.970125577344668
201,id8,270.5,67.0,vial3,14,29.970125577344668
202,id8,270.5,65.0,vial3,14,29.970125577344668
203,id8,270.0,63.5,vial3,14,29.970125577344668
204,id8,268.5,61.5,vial3,14,29.970125577344668
205,id8,268.5,59.0,vial3,14,29.970125577344668
206,id8,267.5,58.0,vial3,14,29.970125577344668
207,id8,266.5,56.0,vial3,14,29.970125577344668
208,id8,266.5,55.0,vial3,14,29.970125577344668
209,id8,265.5,53.0,vial3,14,29.970125577344668
210,id8,264.5,50.5,vial3,14,29.970125577344668
211,id8,264.0,49.0,vial3,14,29.970125577344668
212,id8,262.5,47.0,vial3,14,29.970125577344668
213,id8,261.5,45.5,vial3,14,29.970125577344668
214,id8,260.5,43.5,vial3,14,29.970125577344668
215,id8,259.5,42.0,vial3,14,29.970125577344668
216,id8,259.0,40.0,vial3,14,29.970125577344668
217,id8,257.0,38.5,vial3,14,29.970125577344668
218,id8,256.5,36.5,vial3,14,29.970125577344668
219,id8,256.0,34.5,vial3,14,29.970125577344668
220,id8,255.0,33.5,vial3,14,29.970125577344668
221,id8,254.0,31.5,vial3,14,29.970125577344668
222,id8,253.0,30.0,vial3,14,29.970125577344668
223,id8,252.0,29.0,vial3,14,29.970125577344668
224,id8,251.5,27.0,vial3,14,29.970125577344668
225,id8,250.5,25.0,vial3,14,29.970125577344668
226,id8,249.5,23.5,vial3,14,29.970125577344668
227,id8,249.0,22.5,vial3,14,29.970125577344668
228,id8,248.5,20.5,vial3,14,29.970125577344668
229,id8,247.5,18.5,vial3,14,29.970125577344668
230,id8,247.0,16.5,vial3,14,29.970125577344668
231,id8,246.5,14.0,vial3,14,29.970125577344668
232,id8,246.5,12.5,vial3,14,29.970125577344668
233,id8,246.5,10.0,vial3,14,29.970125577344668
234,id8,246.5,9.5,vial3,14,29.970125577344668
235,id8,246.5,6.5,vial3,14,29.970125577344668
249,id8,310.5,1.0,vial3,14,29.970125577344668
250,id8,310.0,2.0,vial3,14,29.970125577344668
251,id8,310.0,3.5,vial3,14,29.970125577344668
0,id9,44.0,331.0,vial1,2,29.970125577344668
1,id9,43.5,331.5,vial1,2,29.970125577344668
2,id9,43.0,331.5,vial1,2,29.970125577344668
3,id9,44.0,331.5,vial1,2,29.970125577344668
4,id9,42.0,331.0,vial1,2,29.970125577344668
5,id9,42.0,331.0,vial1,2,29.970125577344668
6,id9,40.5,330.5,vial1,2,29.970125577344668
7,id9,40.5,330.5,vial1,2,29.970125577344668
8,id9,40.0,330.5,vial1,2,29.970125577344668
9,id9,40.5,330.5,vial1,2,29.970125577344668
10,id9,40.5,330.5,vial1,2,29.970125577344668
11,id9,40.5,330.5,vial1,2,29.970125577344668
12,id9,41.5,330.0,vial1,2,29.970125577344668
13,id9,42.0,330.0,vial1,2,29.970125577344668
14,id9,42.0,330.0,vial1,2,29.970125577344668
15,id9,42.5,330.0,vial1,2,29.970125577344668
16,id9,44.5,330.0,vial1,2,29.970125577344668
17,id9,44.5,330.0,vial1,2,29.970125577344668
18,id9,46.0,330.0,vial1,2,29.970125577344668
19,id9,47.5,330.0,vial1,2,29.970125577344668
20,id9,48.0,330.0,vial1,2,29.970125577344668
21,id9,50.5,331.0,vial1,2,29.970125577344668
22,id9,53.0,331.0,vial1,2,29.970125577344668
23,id9,53.0,331.0,vial1,2,29.970125577344668
24,id9,53.5,331.0,vial1,2,29.970125577344668
25,id9,53.5,331.0,vial1,2,29.970125577344668
26,id9,53.0,331.0,vial1,2,29.970125577344668
27,id9,53.0,331.0,vial1,2,29.970125577344668
28,id9,53.0,333.5,vial1,2,29.970125577344668
29,id9,52.5,334.0,vial1,2,29.970125577344668
30,id9,52.0,334.0,vial1,2,29.970125577344668
31,id9,52.5,334.0,vial1,2,29.970125577344668
32,id9,53.0,334.0,vial1,2,29.970125577344668
33,id9,53.0,334.0,vial1,2,29.970125577344668
34,id9,52.5,337.0,vial1,2,29.970125577344668
35,id9,53.0,337.5,vial1,2,29.970125577344668
36,id9,55.5,338.0,vial1,2,29.970125577344668
37,id9,55.5,337.0,vial1,2,29.970125577344668
41,id9,53.5,336.0,vial1,2,29.970125577344668
42,id9,51.5,336.0,vial1,2,29.970125577344668
43,id9,50.5,336.0,vial1,2,29.970125577344668
44,id9,48.0,336.5,vial1,2,29.970125577344668
45,id9,47.0,337.0,vial1,2,29.970125577344668
46,id9,45.0,336.5,vial1,2,29.970125577344668
47,id9,45.0,336.0,vial1,2,29.970125577344668
48,id9,44.5,334.0,vial1,2,29.970125577344668
49,id9,45.0,332.5,vial1,2,29.970125577344668
50,id9,44.0,331.5,vial1,2,29.970125577344668
51,id9,41.5,331.5,vial1,2,29.970125577344668
52,id9,39.0,331.5,vial1,2,29.970125577344668
53,id9,36.0,331.5,vial1,2,29.970125577344668
54,id9,33.5,332.0,vial1,2,29.970125577344668
55,id9,32.0,334.0,vial1,2,29.970125577344668
56,id9,29.5,334.0,vial1,2,29.970125577344668
57,id9,27.5,333.0,vial1,2,29.970125577344668
58,id9,23.5,333.0,vial1,2,29.970125577344668
59,id9,20.5,334.5,vial1,2,29.970125577344668
60,id9,19.5,334.5,vial1,2,29.970125577344668
61,id9,18.0,334.0,vial1,2,29.970125577344668
62,id9,17.0,333.5,vial1,2,29.970125577344668
63,id9,16.0,332.5,vial1,2,29.970125577344668
64,id9,14.0,331.5,vial1,2,29.970125577344668
65,id9,13.0,329.5,vial1,2,29.970125577344668
66,id9,12.5,328.5,vial1,2,29.970125577344668
80,id9,12.0,334.5,vial1,2,29.970125577344668
81,id9,13.0,334.5,vial1,2,29.970125577344668
82,id9,16.0,334.0,vial1,2,29.970125577344668
83,id9,18.0,334.5,vial1,2,29.970125577344668
84,id9,19.5,333.5,vial1,2,29.970125577344668
85,id9,22.0,333.0,vial1,2,29.970125577344668
86,id9,24.5,332.5,vial1,2,29.970125577344668
87,id9,26.5,332.0,vial1,2,29.970125577344668
88,id9,29.0,332.0,vial1,2,29.970125577344668
89,id9,31.0,332.0,vial1,2,29.970125577344668
90,id9,33.0,332.0,vial1,2,29.970125577344668
91,id9,34.5,332.0,vial1,2,29.970125577344668
92,id9,36.0,332.0,vial1,2,29.970125577344668
93,id9,36.0,332.0,vial1,2,29.970125577344668
94,id9,36.0,332.0,vial1,2,29.970125577344668
95,id9,36.5,332.0,vial1,2,29.970125577344668
96,id9,36.5,332.0,vial1,2,29.970125577344668
97,id9,37.0,331.0,vial1,2,29.970125577344668
98,id9,37.0,331.0,vial1,2,29.970125577344668
99,id9,37.0,331.0,vial1,2,29.970125577344668
100,id9,37.0,331.0,vial1,2,29.970125577344668
101,id9,37.0,331.0,vial1,2,29.970125577344668
102,id9,37.0,331.0,vial1,2,29.970125577344668
103,id9,37.0,331.0,vial1,2,29.970125577344668
104,id9,37.0,331.0,vial1,2,29.970125577344668
105,id9,37.0,331.0,vial1,2,29.970125577344668
106,id9,37.0,330.5,vial1,2,29.970125577344668
107,id9,37.0,330.5,vial1,2,29.970125577344668
108,id9,38.0,330.0,vial1,2,29.970125577344668
109,id9,38.0,329.0,vial1,2,29.970125577344668
110,id9,39.0,328.0,vial1,2,29.970125577344668
111,id9,40.0,327.5,vial1,2,29.970125577344668
112,id9,41.0,327.0,vial1,2,29.970125577344668
113,id9,42.0,326.0,vial1,2,29.970125577344668
114,id9,43.0,325.0,vial1,2,29.970125577344668
115,id9,43.0,325.0,vial1,2,29.970125577344668
116,id9,43.0,324.0,vial1,2,29.970125577344668
117,id9,43.0,324.0,vial1,2,29.970125577344668
118,id9,63.5,312.5,vial1,2,29.970125577344668
119,id9,73.0,305.5,vial1,2,29.970125577344668
120,id9,72.5,304.5,vial1,2,29.970125577344668
121,id9,72.5,304.0,vial1,2,29.970125577344668
122,id9,72.5,303.0,vial1,2,29.970125577344668
123,id9,72.5,302.0,vial1,2,29.970125577344668
124,id9,72.5,299.5,vial1,2,29.970125577344668
125,id9,72.5,298.5,vial1,2,29.970125577344668
126,id9,72.5,297.5,vial1,2,29.970125577344668
127,id9,72.0,296.5,vial1,2,29.970125577344668
128,id9,71.5,295.0,vial1,2,29.970125577344668
129,id9,71.5,294.0,vial1,2,29.970125577344668
130,id9,70.5,293.0,vial1,2,29.970125577344668
131,id9,69.5,291.0,vial1,2,29.970125577344668
132,id9,68.0,289.5,vial1,2,29.970125577344668
133,id9,66.5,288.0,vial1,2,29.970125577344668
134,id9,65.0,286.0,vial1,2,29.970125577344668
135,id9,63.5,285.0,vial1,2,29.970125577344668
136,id9,62.0,283.0,vial1,2,29.970125577344668
137,id9,60.5,280.5,vial1,2,29.970125577344668
138,id9,59.0,279.0,vial1,2,29.970125577344668
139,id9,57.0,276.5,vial1,2,29.970125577344668
140,id9,56.0,274.5,vial1,2,29.970125577344668
141,id9,55.0,272.0,vial1,2,29.970125577344668
142,id9,54.5,269.0,vial1,2,29.970125577344668
143,id9,53.5,266.5,vial1,2,29.970125577344668
144,id9,53.5,263.5,vial1,2,29.970125577344668
145,id9,53.5,259.5,vial1,2,29.970125577344668
146,id9,54.5,256.5,vial1,2,29.970125577344668
147,id9,55.5,253.5,vial1,2,29.970125577344668
148,id9,56.0,252.0,vial1,2,29.970125577344668
149,id9,56.5,250.0,vial1,2,29.970125577344668
150,id9,56.5,248.5,vial1,2,29.970125577344668
151,id9,56.5,248.0,vial1,2,29.970125577344668
152,id9,55.0,246.5,vial1,2,29.970125577344668
153,id9,53.5,244.5,vial1,2,29.970125577344668
154,id9,51.5,242.5,vial1,2,29.970125577344668
155,id9,49.5,241.5,vial1,2,29.970125577344668
156,id9,48.5,240.0,vial1,2,29.970125577344668
157,id9,47.0,238.5,vial1,2,29.970125577344668
158,id9,44.5,237.5,vial1,2,29.970125577344668
159,id9,43.0,236.0,vial1,2,29.970125577344668
160,id9,40.0,235.5,vial1,2,29.970125577344668
161,id9,38.0,233.5,vial1,2,29.970125577344668
162,id9,35.0,233.0,vial1,2,29.970125577344668
163,id9,33.5,232.5,vial1,2,29.970125577344668
164,id9,32.0,231.5,vial1,2,29.970125577344668
165,id9,30.0,231.0,vial1,2,29.970125577344668
166,id9,29.0,230.5,vial1,2,29.970125577344668
167,id9,28.0,229.5,vial1,2,29.970125577344668
168,id9,27.5,229.0,vial1,2,29.970125577344668
169,id9,27.5,229.0,vial1,2,29.970125577344668
170,id9,27.5,229.0,vial1,2,29.970125577344668
171,id9,27.5,229.0,vial1,2,29.970125577344668
172,id9,26.0,224.5,vial1,2,29.970125577344668
173,id9,16.5,202.5,vial1,2,29.970125577344668
187,id9,40.0,10.5,vial1,2,29.970125577344668
