1,19,124.514,434.511,5.308,10.582,1,1,1.0
1,22,155.990,436.530,6.110,5.800,1,1,1.0
1,26,165.349,435.331,6.672,5.971,1,1,1.0
1,28,180.312,439.477,5.068,5.184,1,1,1.0
1,40,408.320,440.429,5.658,4.485,1,1,1.0
1,41,407.426,440.572,4.991,6.216,1,1,1.0
1,42,415.388,423.786,4.390,9.831,1,1,1.0
1,43,423.978,440.610,5.217,4.103,1,1,1.0
1,44,380.794,359.490,5.576,5.407,1,1,1.0
1,45,552.126,409.495,4.997,6.964,1,1,1.0
1,47,507.012,440.454,4.479,4.027,1,1,1.0
1,47,502.708,414.063,5.597,7.594,1,1,1.0
1,48,502.998,414.516,4.991,6.216,1,1,1.0
1,49,527.681,439.757,5.617,4.295,1,1,1.0
1,50,558.498,385.791,3.725,7.321,1,1,1.0
1,54,532.580,440.678,6.233,4.991,1,1,1.0
1,55,547.366,440.740,4.810,4.834,1,1,1.0
1,57,618.622,443.741,6.913,4.598,1,1,1.0
1,59,634.494,441.339,4.991,6.216,1,1,1.0
1,60,627.300,440.721,4.991,6.216,1,1,1.0
1,61,681.142,427.324,3.502,6.735,1,1,1.0
1,62,658.327,439.259,4.872,3.977,1,1,1.0
1,63,671.947,441.877,3.532,3.995,1,1,1.0
1,66,647.193,440.721,4.991,6.216,1,1,1.0
1,6366,24.008,430.205,4.970,10.989,1,1,1.0
1,6367,24.030,434.565,5.000,6.000,1,1,1.0
1,6368,46.562,437.955,6.284,4.637,1,1,1.0
1,6369,51.803,402.196,6.716,5.840,1,1,1.0
1,6370,62.853,439.094,5.000,6.000,1,1,1.0
1,6372,62.426,439.358,7.943,4.894,1,1,1.0
1,6373,32.673,436.883,7.259,5.903,1,1,1.0
1,6388,250.200,438.004,6.948,5.457,1,1,1.0
1,6389,272.533,421.026,3.902,9.278,1,1,1.0
1,6390,293.488,439.190,5.000,6.000,1,1,1.0
1,6391,289.244,440.260,9.868,5.016,1,1,1.0
1,6392,308.385,433.809,5.877,4.356,1,1,1.0
1,6393,283.901,431.347,7.662,6.555,1,1,1.0
2,19,123.938,436.347,6.301,8.660,1,1,1.0
2,22,155.189,436.444,6.396,5.684,1,1,1.0
2,28,180.309,438.863,4.884,5.668,1,1,1.0
2,40,407.420,440.513,6.034,5.113,1,1,1.0
2,41,406.976,440.572,4.991,6.216,1,1,1.0
2,42,414.750,423.525,4.363,10.155,1,1,1.0
2,43,425.249,441.459,5.074,4.754,1,1,1.0
2,44,382.172,358.136,5.762,5.777,1,1,1.0
2,45,554.056,417.748,6.976,4.214,1,1,1.0
2,47,506.921,440.305,4.230,4.013,1,1,1.0
2,48,502.668,414.091,5.563,7.597,1,1,1.0
2,49,527.533,439.051,4.991,6.216,1,1,1.0
2,50,557.886,385.424,4.283,7.293,1,1,1.0
2,51,526.301,439.393,5.707,4.112,1,1,1.0
2,54,531.932,440.524,6.466,4.619,1,1,1.0
2,55,546.682,440.810,5.292,4.915,1,1,1.0
2,57,619.078,444.050,7.085,4.138,1,1,1.0
2,59,632.915,441.783,4.784,4.014,1,1,1.0
2,60,626.960,441.197,4.991,6.216,1,1,1.0
2,61,680.042,425.485,3.652,7.610,1,1,1.0
2,62,657.913,439.776,4.227,3.887,1,1,1.0
2,63,671.449,441.980,3.436,4.310,1,1,1.0
2,66,645.885,440.007,4.991,6.216,1,1,1.0
2,6366,14.103,409.196,4.535,6.819,1,1,1.0
2,6367,24.228,431.358,4.950,8.918,1,1,1.0
2,6368,47.419,437.987,6.236,4.539,1,1,1.0
2,6369,52.911,401.600,6.889,5.621,1,1,1.0
2,6370,63.100,439.404,5.000,6.000,1,1,1.0
2,6372,62.677,439.422,7.679,4.914,1,1,1.0
2,6373,32.943,437.118,7.059,5.553,1,1,1.0
2,6388,250.101,438.260,7.019,5.415,1,1,1.0
2,6389,272.625,419.738,4.254,9.492,1,1,1.0
2,6390,287.690,440.210,6.933,5.650,1,1,1.0
2,6391,288.510,440.400,5.000,6.000,1,1,1.0
2,6392,291.383,440.471,7.898,4.724,1,1,1.0
2,6393,284.775,430.782,7.441,6.055,1,1,1.0
3,19,124.873,435.591,5.258,9.328,1,1,1.0
3,22,154.729,436.585,5.985,5.667,1,1,1.0
3,28,177.606,430.894,5.215,4.330,1,1,1.0
3,40,411.363,439.477,4.887,4.894,1,1,1.0
3,41,407.106,441.135,4.901,5.186,1,1,1.0
3,42,415.052,422.020,4.238,9.712,1,1,1.0
3,43,428.044,440.573,4.434,4.722,1,1,1.0
3,44,383.607,356.561,6.222,6.051,1,1,1.0
3,45,548.237,430.450,6.017,5.862,1,1,1.0
3,47,507.079,440.321,4.257,4.409,1,1,1.0
3,48,502.591,414.210,5.570,7.505,1,1,1.0
3,49,525.017,439.209,4.991,6.216,1,1,1.0
3,50,557.347,384.846,4.091,6.383,1,1,1.0
3,54,528.067,439.556,8.021,5.041,1,1,1.0
3,55,547.052,440.611,5.341,5.178,1,1,1.0
3,57,619.358,443.998,6.990,4.158,1,1,1.0
3,59,632.410,441.611,5.008,4.324,1,1,1.0
3,60,626.507,442.726,5.474,5.659,1,1,1.0
3,61,680.700,425.143,3.486,7.482,1,1,1.0
3,62,657.315,440.542,4.551,4.087,1,1,1.0
3,63,672.832,442.063,4.293,3.919,1,1,1.0
3,66,643.506,440.007,4.991,6.216,1,1,1.0
3,6366,22.731,400.378,4.105,7.848,1,1,1.0
3,6367,24.189,431.215,4.933,8.751,1,1,1.0
3,6368,47.351,437.999,6.190,4.540,1,1,1.0
3,6369,53.783,401.176,7.024,5.769,1,1,1.0
3,6370,62.667,439.527,5.000,6.000,1,1,1.0
3,6372,62.703,439.427,7.552,4.921,1,1,1.0
3,6373,32.923,436.942,7.072,5.754,1,1,1.0
3,6388,250.566,437.896,7.375,5.536,1,1,1.0
3,6389,273.491,418.255,4.205,9.063,1,1,1.0
3,6390,288.274,440.549,7.416,4.826,1,1,1.0
3,6391,288.294,440.584,5.000,6.000,1,1,1.0
3,6392,292.822,439.888,7.013,5.054,1,1,1.0
3,6393,286.727,429.748,7.407,6.148,1,1,1.0
4,19,124.329,435.110,7.184,9.087,1,1,1.0
4,22,154.851,436.647,6.237,5.779,1,1,1.0
4,24,163.329,435.639,6.581,5.624,1,1,1.0
4,28,182.261,430.707,5.480,5.560,1,1,1.0
4,40,411.750,439.546,4.755,4.831,1,1,1.0
4,41,407.659,440.832,4.445,5.420,1,1,1.0
4,42,414.609,419.149,4.589,9.988,1,1,1.0
4,43,429.573,440.731,5.146,4.682,1,1,1.0
4,44,385.102,355.297,6.159,5.253,1,1,1.0
4,45,555.834,435.394,3.374,7.432,1,1,1.0
4,47,507.101,440.418,4.156,4.254,1,1,1.0
4,48,502.657,414.049,5.614,7.370,1,1,1.0
4,49,526.275,437.793,4.991,6.216,1,1,1.0
4,50,556.680,383.152,4.561,5.919,1,1,1.0
4,54,528.178,439.593,7.780,5.298,1,1,1.0
4,55,547.810,441.117,4.595,4.484,1,1,1.0
4,57,619.229,443.584,6.710,4.343,1,1,1.0
4,59,634.103,440.732,4.860,4.491,1,1,1.0
4,60,629.524,441.355,4.942,4.879,1,1,1.0
4,61,680.893,424.701,3.336,7.060,1,1,1.0
4,62,657.384,440.719,4.104,4.109,1,1,1.0
4,63,674.395,442.030,3.816,3.899,1,1,1.0
4,66,642.912,440.126,4.991,6.216,1,1,1.0
4,6366,28.418,381.101,4.170,8.288,1,1,1.0
4,6367,24.828,430.415,4.999,8.766,1,1,1.0
4,6368,47.568,437.912,6.062,4.607,1,1,1.0
4,6369,54.405,401.172,6.803,5.373,1,1,1.0
4,6370,62.667,438.970,5.000,6.000,1,1,1.0
4,6372,62.495,439.389,7.603,4.768,1,1,1.0
4,6373,33.737,437.423,6.875,5.418,1,1,1.0
4,6376,62.921,439.396,7.375,4.840,1,1,1.0
4,6389,250.913,437.917,7.550,5.002,1,1,1.0
4,6390,292.348,437.417,5.000,6.000,1,1,1.0
4,6391,274.117,416.626,4.747,9.112,1,1,1.0
4,6392,288.746,429.100,6.969,5.847,1,1,1.0
4,6393,288.534,439.019,5.956,7.034,1,1,1.0
5,19,126.387,438.768,6.474,5.470,1,1,1.0
5,22,154.296,436.484,6.377,5.657,1,1,1.0
5,24,161.740,435.666,6.465,5.236,1,1,1.0
5,25,180.779,438.862,7.314,5.729,1,1,1.0
5,40,412.334,439.508,4.657,4.859,1,1,1.0
5,41,407.477,440.878,4.121,5.405,1,1,1.0
5,42,412.794,416.610,4.766,9.228,1,1,1.0
5,43,431.429,440.739,4.689,4.236,1,1,1.0
5,44,386.769,353.736,6.549,5.768,1,1,1.0
5,45,554.239,433.488,4.292,8.551,1,1,1.0
5,47,506.985,440.462,3.986,4.351,1,1,1.0
5,48,502.515,414.132,5.631,7.581,1,1,1.0
5,49,525.332,439.209,4.991,6.216,1,1,1.0
5,50,555.878,381.769,4.305,6.161,1,1,1.0
5,54,527.626,439.696,7.831,5.085,1,1,1.0
5,55,547.319,440.964,4.714,4.684,1,1,1.0
5,57,619.125,443.315,6.269,4.047,1,1,1.0
5,59,632.592,438.949,5.146,6.435,1,1,1.0
5,60,627.980,440.381,4.991,6.216,1,1,1.0
5,61,680.887,424.590,3.508,7.319,1,1,1.0
5,62,657.361,440.997,4.213,4.155,1,1,1.0
5,63,674.773,442.036,4.559,4.068,1,1,1.0
5,66,643.625,439.770,4.991,6.216,1,1,1.0
5,6366,39.884,365.836,4.592,4.567,1,1,1.0
5,6367,24.918,430.057,5.546,9.190,1,1,1.0
5,6368,46.368,437.479,6.153,5.444,1,1,1.0
5,6369,54.296,401.256,6.734,5.378,1,1,1.0
5,6370,62.977,439.465,5.000,6.000,1,1,1.0
5,6372,62.394,439.338,7.591,4.984,1,1,1.0
5,6373,33.144,437.339,7.089,5.544,1,1,1.0
5,6388,250.701,438.032,7.930,4.847,1,1,1.0
5,6389,273.944,416.008,5.000,8.871,1,1,1.0
5,6390,265.761,387.783,6.641,9.542,1,1,1.0
5,6391,287.937,440.726,5.442,5.588,1,1,1.0
5,6392,304.527,433.713,6.420,4.463,1,1,1.0
5,6393,288.994,428.849,6.978,5.838,1,1,1.0
6,17,123.459,434.388,5.296,7.818,1,1,1.0
6,19,126.763,438.686,6.615,5.498,1,1,1.0
6,22,154.357,436.475,6.498,5.576,1,1,1.0
6,24,160.744,435.855,6.961,4.947,1,1,1.0
6,25,180.603,438.969,6.655,5.971,1,1,1.0
6,40,412.206,439.461,4.736,4.901,1,1,1.0
6,41,407.450,440.917,4.108,5.368,1,1,1.0
6,42,412.808,414.124,4.910,9.502,1,1,1.0
6,43,432.827,440.894,4.820,4.392,1,1,1.0
6,44,388.242,353.051,6.463,5.699,1,1,1.0
6,45,552.838,432.105,5.172,8.043,1,1,1.0
6,47,506.999,440.648,3.894,4.359,1,1,1.0
6,48,502.400,413.995,5.602,7.689,1,1,1.0
6,49,525.017,438.580,4.991,6.216,1,1,1.0
6,50,554.210,379.651,4.792,6.459,1,1,1.0
6,54,527.903,439.707,8.039,5.114,1,1,1.0
6,55,547.324,440.859,4.839,4.673,1,1,1.0
6,57,619.131,443.087,6.263,4.111,1,1,1.0
6,59,632.167,438.700,5.268,6.876,1,1,1.0
6,60,628.048,440.653,4.991,6.216,1,1,1.0
6,61,680.920,424.714,3.480,7.056,1,1,1.0
6,62,657.772,441.392,3.979,4.188,1,1,1.0
6,63,675.289,442.373,4.590,4.310,1,1,1.0
6,66,642.436,439.888,4.991,6.216,1,1,1.0
6,6366,62.743,358.372,5.950,8.857,1,1,1.0
6,6367,25.404,429.915,5.610,8.943,1,1,1.0
6,6368,44.813,437.231,5.642,6.043,1,1,1.0
6,6369,54.278,401.261,6.721,5.487,1,1,1.0
6,6370,62.915,438.909,5.000,6.000,1,1,1.0
6,6372,62.207,439.277,7.814,4.979,1,1,1.0
6,6373,32.650,437.404,7.031,5.623,1,1,1.0
6,6388,250.596,438.121,7.997,4.914,1,1,1.0
6,6389,274.620,414.769,4.968,8.906,1,1,1.0
6,6390,262.272,357.282,5.213,5.581,1,1,1.0
6,6391,288.053,440.694,5.383,5.638,1,1,1.0
6,6392,303.734,433.799,6.771,4.418,1,1,1.0
6,6393,289.518,428.125,7.812,5.865,1,1,1.0
7,17,123.960,434.921,4.660,7.421,1,1,1.0
7,19,128.505,438.991,6.477,4.974,1,1,1.0
7,22,154.905,436.415,6.447,6.611,1,1,1.0
7,24,160.616,435.694,7.045,4.520,1,1,1.0
7,25,179.284,438.774,8.404,5.897,1,1,1.0
7,40,412.472,439.371,4.683,4.743,1,1,1.0
7,41,407.433,440.978,4.280,5.254,1,1,1.0
7,42,412.289,412.374,4.823,8.557,1,1,1.0
7,43,433.706,440.813,4.743,4.301,1,1,1.0
7,44,389.613,352.355,6.589,5.617,1,1,1.0
7,45,551.386,430.348,5.554,6.684,1,1,1.0
7,47,507.478,440.740,3.854,4.359,1,1,1.0
7,48,502.280,413.789,5.497,7.492,1,1,1.0
7,49,526.432,439.209,4.991,6.216,1,1,1.0
7,50,553.179,377.901,5.020,6.268,1,1,1.0
7,54,529.344,439.910,6.791,4.873,1,1,1.0
7,55,547.685,440.778,4.310,4.334,1,1,1.0
7,57,619.535,443.309,6.349,4.008,1,1,1.0
7,59,630.964,437.145,5.586,8.489,1,1,1.0
7,60,628.592,440.449,4.991,6.216,1,1,1.0
7,61,681.068,424.312,3.403,6.456,1,1,1.0
7,62,658.107,441.432,4.232,4.040,1,1,1.0
7,63,675.736,442.412,5.732,4.028,1,1,1.0
7,66,642.436,440.126,4.991,6.216,1,1,1.0
7,6366,66.748,354.840,4.764,9.274,1,1,1.0
7,6367,27.036,428.776,5.375,9.242,1,1,1.0
7,6368,45.647,437.876,4.701,4.596,1,1,1.0
7,6369,54.328,401.280,6.670,5.341,1,1,1.0
7,6370,63.224,439.032,5.000,6.000,1,1,1.0
7,6372,62.450,439.597,7.892,4.785,1,1,1.0
7,6373,32.771,437.948,7.329,5.371,1,1,1.0
7,6389,271.609,362.605,6.188,5.101,1,1,1.0
7,6390,250.884,438.015,7.333,5.479,1,1,1.0
7,6391,275.267,413.446,5.481,9.012,1,1,1.0
7,6392,290.354,427.661,7.798,5.755,1,1,1.0
7,6393,288.133,441.045,5.517,5.206,1,1,1.0
8,17,123.773,435.116,4.656,7.517,1,1,1.0
8,19,129.557,439.119,6.088,4.676,1,1,1.0
8,22,153.517,436.506,7.443,4.789,1,1,1.0
8,24,159.766,435.913,7.416,4.561,1,1,1.0
8,25,180.948,438.509,6.786,5.200,1,1,1.0
8,40,411.895,439.419,5.304,5.248,1,1,1.0
8,41,406.964,440.686,4.659,5.556,1,1,1.0
8,42,411.804,410.332,4.891,8.690,1,1,1.0
8,43,433.568,440.863,4.790,4.380,1,1,1.0
8,44,391.204,351.385,6.632,6.051,1,1,1.0
8,45,548.904,428.876,6.292,6.536,1,1,1.0
8,47,506.942,440.712,4.152,4.399,1,1,1.0
8,48,501.657,413.612,5.455,6.956,1,1,1.0
8,49,526.275,437.793,4.991,6.216,1,1,1.0
8,50,552.210,377.091,5.174,5.982,1,1,1.0
8,54,529.320,439.934,6.733,4.934,1,1,1.0
8,55,548.127,441.189,4.194,4.045,1,1,1.0
8,57,619.324,443.443,7.170,3.978,1,1,1.0
8,59,630.722,436.093,5.264,8.488,1,1,1.0
8,60,628.048,440.313,4.991,6.216,1,1,1.0
8,61,681.206,423.260,3.808,7.201,1,1,1.0
8,62,658.277,441.754,6.010,4.057,1,1,1.0
8,63,675.271,442.272,6.225,4.194,1,1,1.0
8,66,641.722,440.483,4.991,6.216,1,1,1.0
8,6366,66.436,354.921,4.721,9.118,1,1,1.0
8,6367,27.278,428.893,5.303,9.082,1,1,1.0
8,6368,45.695,437.966,4.757,4.396,1,1,1.0
8,6369,54.475,399.464,5.531,7.588,1,1,1.0
8,6370,62.791,439.280,5.000,6.000,1,1,1.0
8,6372,62.260,439.638,7.804,4.661,1,1,1.0
8,6373,31.918,437.832,7.709,5.492,1,1,1.0
8,6388,256.530,376.654,4.922,6.082,1,1,1.0
8,6389,287.808,440.792,5.533,5.409,1,1,1.0
8,6390,275.497,412.861,5.567,8.644,1,1,1.0
8,6391,290.931,427.362,7.269,5.545,1,1,1.0
8,6393,299.903,433.764,7.016,4.552,1,1,1.0
9,17,123.841,434.943,4.952,7.765,1,1,1.0
9,19,130.521,439.077,5.786,4.611,1,1,1.0
9,24,160.219,435.974,7.078,4.713,1,1,1.0
9,25,181.688,438.808,6.050,4.752,1,1,1.0
9,40,410.223,439.352,6.164,5.167,1,1,1.0
9,41,404.792,440.786,5.367,5.199,1,1,1.0
9,42,411.303,407.648,4.572,9.331,1,1,1.0
9,43,433.148,440.899,4.974,4.340,1,1,1.0
9,44,392.412,350.600,6.903,5.844,1,1,1.0
9,45,547.859,427.222,5.966,6.732,1,1,1.0
9,47,507.248,440.775,4.099,4.377,1,1,1.0
9,47,501.534,413.493,5.502,6.837,1,1,1.0
9,49,526.747,438.737,4.991,6.216,1,1,1.0
9,50,551.289,375.542,5.344,6.156,1,1,1.0
9,54,528.420,440.027,7.487,4.526,1,1,1.0
9,55,548.748,441.212,4.686,4.059,1,1,1.0
9,57,619.558,443.613,6.987,4.236,1,1,1.0
9,59,631.208,433.961,4.812,9.158,1,1,1.0
9,60,628.048,440.313,4.991,6.216,1,1,1.0
9,61,680.969,421.863,3.780,7.004,1,1,1.0
9,62,660.963,441.891,6.512,3.820,1,1,1.0
9,63,675.210,442.646,4.846,4.105,1,1,1.0
9,66,637.744,440.755,6.273,4.517,1,1,1.0
9,6366,66.672,354.322,4.678,8.982,1,1,1.0
9,6367,27.770,428.140,5.238,9.338,1,1,1.0
9,6368,45.802,437.808,4.784,4.326,1,1,1.0
9,6369,54.891,397.111,3.947,8.599,1,1,1.0
9,6370,63.450,439.718,6.135,4.559,1,1,1.0
9,6373,31.956,437.862,7.789,5.392,1,1,1.0
9,6388,276.250,412.297,5.739,8.296,1,1,1.0
9,6389,291.113,427.226,6.935,4.991,1,1,1.0
9,6390,288.057,441.103,5.509,5.276,1,1,1.0
9,6391,297.785,432.693,6.778,5.057,1,1,1.0
10,17,124.326,435.410,4.752,7.389,1,1,1.0
10,19,131.319,438.775,5.413,4.740,1,1,1.0
10,22,172.093,439.348,5.811,4.674,1,1,1.0
10,24,160.123,435.840,6.542,4.442,1,1,1.0
10,25,183.539,440.121,5.199,4.629,1,1,1.0
10,41,404.241,439.442,9.489,5.954,1,1,1.0
10,42,410.492,405.539,4.632,9.173,1,1,1.0
10,43,432.957,441.178,4.169,4.374,1,1,1.0
10,44,393.931,349.589,7.585,5.385,1,1,1.0
10,45,547.214,426.141,6.097,6.609,1,1,1.0
10,47,507.591,440.939,4.109,4.204,1,1,1.0
10,48,501.422,413.268,5.484,6.768,1,1,1.0
10,49,526.590,438.894,4.991,6.216,1,1,1.0
10,50,549.919,375.154,5.862,5.897,1,1,1.0
10,54,528.536,439.875,7.527,4.406,1,1,1.0
10,55,549.166,441.068,4.560,3.999,1,1,1.0
10,57,619.173,443.632,6.592,4.230,1,1,1.0
10,59,631.003,431.253,4.396,9.052,1,1,1.0
10,60,627.708,440.449,4.991,6.216,1,1,1.0
10,61,681.160,420.826,3.639,6.744,1,1,1.0
10,62,662.914,441.919,5.859,3.736,1,1,1.0
10,63,675.408,443.487,4.418,3.936,1,1,1.0
10,66,640.563,440.245,4.991,6.216,1,1,1.0
10,6366,66.713,353.339,4.668,8.596,1,1,1.0
10,6367,28.567,427.688,4.983,9.182,1,1,1.0
10,6368,44.460,437.707,6.970,4.855,1,1,1.0
10,6369,54.931,394.528,3.797,9.030,1,1,1.0
10,6370,62.993,439.964,5.779,4.503,1,1,1.0
10,6372,66.999,439.827,4.723,4.470,1,1,1.0
10,6373,31.841,438.051,7.706,5.303,1,1,1.0
10,6388,277.093,410.278,5.397,9.249,1,1,1.0
10,6389,287.969,440.708,5.584,5.331,1,1,1.0
10,6391,291.584,412.434,7.682,6.973,1,1,1.0
10,6393,294.482,431.975,8.375,5.057,1,1,1.0
11,17,124.198,435.174,5.179,8.152,1,1,1.0
11,19,131.585,438.989,5.062,4.531,1,1,1.0
11,22,169.173,437.438,6.783,5.520,1,1,1.0
11,25,182.583,440.177,5.707,4.811,1,1,1.0
11,40,402.713,439.568,8.489,5.557,1,1,1.0
11,41,402.390,440.018,4.991,6.216,1,1,1.0
11,42,409.519,403.931,5.127,9.003,1,1,1.0
11,43,430.554,441.075,4.897,4.750,1,1,1.0
11,44,395.975,348.729,7.396,5.417,1,1,1.0
11,45,546.309,424.531,5.822,6.783,1,1,1.0
11,47,507.335,441.069,4.206,4.294,1,1,1.0
11,48,500.947,412.873,5.485,6.738,1,1,1.0
11,49,526.590,438.265,4.991,6.216,1,1,1.0
11,50,548.519,374.780,5.659,5.127,1,1,1.0
11,54,528.381,439.934,7.208,4.260,1,1,1.0
11,55,549.376,440.755,4.560,4.283,1,1,1.0
11,57,619.165,443.706,6.357,4.241,1,1,1.0
11,59,630.284,427.949,4.257,9.112,1,1,1.0
11,60,627.376,441.469,5.570,4.068,1,1,1.0
11,61,681.065,419.454,3.732,7.386,1,1,1.0
11,62,663.653,441.931,5.982,3.918,1,1,1.0
11,63,674.196,443.281,5.071,4.124,1,1,1.0
11,66,639.968,440.067,4.991,6.216,1,1,1.0
11,6366,66.014,350.359,4.708,8.597,1,1,1.0
11,6367,28.277,427.531,5.250,9.092,1,1,1.0
11,6368,46.430,437.626,6.394,4.704,1,1,1.0
11,6369,54.343,391.074,3.606,8.978,1,1,1.0
11,6370,64.535,427.224,5.194,6.316,1,1,1.0
11,6372,69.179,438.874,4.609,4.709,1,1,1.0
11,6373,31.630,437.947,7.498,5.198,1,1,1.0
11,6388,278.000,410.298,5.484,7.949,1,1,1.0
11,6389,287.831,440.747,5.411,5.480,1,1,1.0
11,6391,294.485,432.233,7.936,5.156,1,1,1.0
11,6393,299.096,413.604,5.080,8.903,1,1,1.0
12,17,124.048,435.104,5.402,8.186,1,1,1.0
12,19,131.534,438.838,5.029,4.701,1,1,1.0
12,22,167.921,438.121,6.185,5.049,1,1,1.0
12,24,154.946,436.065,6.538,4.574,1,1,1.0
12,25,182.814,440.305,5.427,4.874,1,1,1.0
12,40,400.851,439.475,8.346,5.465,1,1,1.0
12,41,404.548,439.928,4.991,6.216,1,1,1.0
12,42,409.226,402.822,4.986,8.832,1,1,1.0
12,43,428.782,441.076,5.568,4.518,1,1,1.0
12,44,398.176,346.998,7.324,5.997,1,1,1.0
12,45,546.047,423.417,5.770,7.177,1,1,1.0
12,47,507.263,441.275,4.179,4.577,1,1,1.0
12,48,500.385,412.210,5.474,6.898,1,1,1.0
12,49,525.803,438.737,4.991,6.216,1,1,1.0
12,50,546.828,373.939,5.945,5.447,1,1,1.0
12,54,528.257,440.023,7.152,4.328,1,1,1.0
12,55,549.618,440.591,4.628,4.421,1,1,1.0
12,57,619.310,443.777,6.410,4.201,1,1,1.0
12,59,630.366,425.579,3.990,8.802,1,1,1.0
12,60,625.564,441.850,5.059,4.024,1,1,1.0
12,61,681.222,418.411,3.662,7.398,1,1,1.0
12,62,665.366,442.668,5.742,3.964,1,1,1.0
12,63,673.154,443.114,5.185,4.221,1,1,1.0
12,66,639.968,440.364,4.991,6.216,1,1,1.0
12,6366,65.392,346.682,4.974,9.144,1,1,1.0
12,6367,28.754,427.310,5.341,8.681,1,1,1.0
12,6368,47.205,437.198,6.012,4.876,1,1,1.0
12,6369,53.922,388.021,3.777,9.466,1,1,1.0
12,6370,41.023,409.039,7.885,6.014,1,1,1.0
12,6372,59.328,432.064,4.334,6.467,1,1,1.0
12,6373,30.461,436.698,6.257,5.266,1,1,1.0
12,6388,278.543,409.117,6.625,7.320,1,1,1.0
12,6389,287.901,440.808,5.443,5.497,1,1,1.0
12,6391,292.536,426.916,8.075,5.456,1,1,1.0
12,6392,298.966,412.918,5.060,8.468,1,1,1.0
12,6393,294.453,432.319,7.835,5.142,1,1,1.0
13,17,124.213,435.370,5.045,7.714,1,1,1.0
13,19,131.069,438.660,5.978,4.721,1,1,1.0
13,22,165.701,437.181,7.099,5.560,1,1,1.0
13,24,155.212,435.979,7.107,4.530,1,1,1.0
13,25,182.233,440.362,6.261,4.749,1,1,1.0
13,40,399.018,439.680,7.647,5.164,1,1,1.0
13,41,402.210,439.298,4.991,6.216,1,1,1.0
13,42,409.432,402.500,4.690,9.024,1,1,1.0
13,43,428.417,440.932,5.708,4.680,1,1,1.0
13,44,400.205,345.674,6.324,6.003,1,1,1.0
13,45,545.930,422.394,5.802,7.566,1,1,1.0
13,47,507.192,441.178,4.002,4.408,1,1,1.0
13,48,500.033,411.989,5.243,5.917,1,1,1.0
13,49,526.118,438.108,4.991,6.216,1,1,1.0
13,50,544.937,374.138,6.486,4.130,1,1,1.0
13,54,528.235,439.974,7.525,4.474,1,1,1.0
13,55,550.060,440.740,4.940,4.370,1,1,1.0
13,57,619.121,443.787,6.690,4.252,1,1,1.0
13,59,630.086,422.649,3.968,8.309,1,1,1.0
13,60,625.009,442.372,5.436,4.133,1,1,1.0
13,61,681.233,417.611,3.415,6.655,1,1,1.0
13,62,664.893,442.631,7.075,4.678,1,1,1.0
13,63,671.152,442.814,6.655,5.000,1,1,1.0
13,66,640.087,440.245,4.991,6.216,1,1,1.0
13,6366,65.498,345.051,4.415,8.995,1,1,1.0
13,6367,28.745,427.732,6.017,7.958,1,1,1.0
13,6368,47.021,438.373,6.368,5.019,1,1,1.0
13,6369,55.173,384.974,4.840,8.591,1,1,1.0
13,6370,12.196,394.299,4.493,4.720,1,1,1.0
13,6372,54.015,438.275,5.638,4.929,1,1,1.0
13,6373,29.586,436.789,6.546,5.347,1,1,1.0
13,6388,280.510,407.578,6.922,7.193,1,1,1.0
13,6389,287.564,440.402,6.837,5.642,1,1,1.0
13,6391,293.158,427.710,7.558,5.392,1,1,1.0
13,6393,299.361,412.276,5.178,8.384,1,1,1.0
14,17,123.924,434.892,5.254,8.408,1,1,1.0
14,19,130.224,438.814,5.931,5.255,1,1,1.0
14,22,141.349,438.339,6.783,4.149,1,1,1.0
14,24,154.712,436.156,6.936,4.631,1,1,1.0
14,25,182.234,440.038,6.200,4.898,1,1,1.0
14,40,395.304,439.736,8.773,5.160,1,1,1.0
14,41,399.153,439.298,4.991,6.216,1,1,1.0
14,42,409.522,402.455,4.651,8.956,1,1,1.0
14,43,427.095,441.461,5.611,4.291,1,1,1.0
14,44,401.430,344.042,6.480,6.368,1,1,1.0
14,45,545.510,421.306,5.974,6.998,1,1,1.0
14,47,507.116,441.065,4.084,4.305,1,1,1.0
14,48,499.545,411.948,5.201,6.018,1,1,1.0
14,49,526.432,439.523,4.991,6.216,1,1,1.0
14,50,542.838,373.458,6.577,4.080,1,1,1.0
14,54,527.413,439.901,7.095,4.277,1,1,1.0
14,55,550.117,440.747,4.985,4.348,1,1,1.0
14,57,619.320,443.827,6.836,4.143,1,1,1.0
14,59,628.671,419.015,4.342,8.911,1,1,1.0
14,60,626.046,442.595,5.382,4.098,1,1,1.0
14,61,680.935,417.159,3.573,6.314,1,1,1.0
14,62,664.202,442.690,6.972,4.271,1,1,1.0
14,63,670.447,442.976,6.649,4.487,1,1,1.0
14,66,639.730,440.602,4.991,6.216,1,1,1.0
14,6367,28.938,427.577,6.106,7.951,1,1,1.0
14,6368,48.947,438.085,8.998,5.353,1,1,1.0
14,6369,65.500,344.371,4.639,9.188,1,1,1.0
14,6370,19.887,394.552,6.510,5.413,1,1,1.0
14,6372,56.251,382.048,5.098,8.268,1,1,1.0
14,6373,28.428,436.729,6.381,5.169,1,1,1.0
14,6388,282.285,406.997,7.188,6.741,1,1,1.0
14,6389,286.711,440.162,6.968,5.844,1,1,1.0
14,6391,292.707,427.798,7.502,5.401,1,1,1.0
14,6393,299.235,411.727,5.961,8.046,1,1,1.0
15,17,124.343,435.048,4.827,8.560,1,1,1.0
15,19,134.581,432.423,6.223,7.189,1,1,1.0
15,22,136.361,435.871,6.608,5.658,1,1,1.0
15,24,155.000,436.314,7.179,4.530,1,1,1.0
15,25,182.954,440.068,5.821,4.731,1,1,1.0
15,28,164.728,436.987,6.668,5.924,1,1,1.0
15,41,393.039,440.305,10.896,4.694,1,1,1.0
15,42,409.644,402.632,4.907,8.769,1,1,1.0
15,43,426.756,441.445,5.553,4.386,1,1,1.0
15,44,403.635,341.963,6.358,6.922,1,1,1.0
15,45,545.316,420.261,5.771,7.195,1,1,1.0
15,47,507.013,441.069,4.395,3.961,1,1,1.0
15,48,499.094,412.022,5.418,5.035,1,1,1.0
15,49,525.646,438.422,4.991,6.216,1,1,1.0
15,50,541.185,373.667,6.943,4.086,1,1,1.0
15,54,527.398,439.879,6.989,4.173,1,1,1.0
15,55,551.318,440.638,4.887,4.192,1,1,1.0
15,57,619.457,443.811,6.898,4.124,1,1,1.0
15,59,627.370,415.606,4.633,8.341,1,1,1.0
15,60,626.992,442.650,5.482,4.201,1,1,1.0
15,61,680.878,416.289,3.645,6.121,1,1,1.0
15,62,664.350,442.614,6.615,4.202,1,1,1.0
15,63,670.085,442.980,6.679,4.430,1,1,1.0
15,66,636.117,441.460,6.751,4.402,1,1,1.0
15,6367,28.453,427.938,5.923,7.821,1,1,1.0
15,6368,52.009,437.903,6.249,5.087,1,1,1.0
15,6369,65.494,344.572,4.643,8.907,1,1,1.0
15,6370,43.761,416.119,6.863,6.657,1,1,1.0
15,6372,57.736,378.936,4.864,8.631,1,1,1.0
15,6373,27.809,436.788,6.487,4.988,1,1,1.0
15,6388,283.930,406.081,7.406,6.444,1,1,1.0
15,6389,285.531,439.573,7.710,6.193,1,1,1.0
15,6391,292.241,427.458,7.273,6.012,1,1,1.0
15,6392,299.645,410.331,5.673,7.866,1,1,1.0
16,17,124.828,435.764,5.361,8.332,1,1,1.0
16,22,139.370,438.400,6.130,4.131,1,1,1.0
16,24,155.023,430.602,4.887,6.891,1,1,1.0
16,25,183.574,439.901,4.600,4.573,1,1,1.0
16,40,390.528,440.291,6.484,3.946,1,1,1.0
16,41,397.832,440.609,6.700,4.122,1,1,1.0
16,42,409.608,402.827,4.936,8.702,1,1,1.0
16,43,425.923,440.868,5.814,4.803,1,1,1.0
16,44,405.638,339.755,6.158,7.106,1,1,1.0
16,45,544.539,419.064,5.945,7.317,1,1,1.0
16,47,506.724,441.186,4.448,3.825,1,1,1.0
16,48,499.098,412.042,5.353,5.046,1,1,1.0
16,49,526.118,437.321,4.991,6.216,1,1,1.0
16,50,540.842,373.964,6.738,4.078,1,1,1.0
16,54,527.605,439.879,7.051,4.170,1,1,1.0
16,55,551.799,440.643,4.470,4.173,1,1,1.0
16,57,620.002,443.751,6.732,3.963,1,1,1.0
16,59,626.297,412.746,4.518,7.984,1,1,1.0
16,60,629.044,442.649,4.754,4.032,1,1,1.0
16,61,680.924,415.933,3.521,5.893,1,1,1.0
16,62,664.913,441.461,6.000,6.216,1,1,1.0
16,62,664.393,442.312,7.388,4.349,1,1,1.0
16,63,670.958,443.156,6.196,4.170,1,1,1.0
16,66,636.813,441.637,6.885,4.101,1,1,1.0
16,6366,65.774,344.712,4.614,9.118,1,1,1.0
16,6367,28.955,427.845,5.797,7.685,1,1,1.0
16,6368,47.178,438.414,7.101,4.714,1,1,1.0
16,6369,59.290,375.301,4.867,8.363,1,1,1.0
16,6370,66.676,435.762,4.342,7.291,1,1,1.0
16,6372,53.305,438.043,6.292,4.810,1,1,1.0
16,6373,27.584,436.839,6.596,5.137,1,1,1.0
16,6388,285.216,405.496,7.727,6.008,1,1,1.0
16,6389,300.412,409.965,5.197,7.620,1,1,1.0
16,6391,291.348,427.377,8.124,5.840,1,1,1.0
17,17,125.236,435.692,5.409,8.039,1,1,1.0
17,22,137.665,438.175,6.737,4.485,1,1,1.0
17,24,153.082,434.810,7.611,5.177,1,1,1.0
17,25,183.556,439.600,4.294,5.221,1,1,1.0
17,40,386.864,440.703,6.139,4.553,1,1,1.0
17,41,397.558,440.455,6.057,4.136,1,1,1.0
17,42,409.510,403.435,5.384,8.338,1,1,1.0
17,43,425.440,440.792,5.172,4.589,1,1,1.0
17,44,407.522,337.360,5.798,8.136,1,1,1.0
17,45,543.974,418.763,5.684,7.064,1,1,1.0
17,47,507.113,441.221,4.604,3.922,1,1,1.0
17,48,498.827,411.954,5.296,4.845,1,1,1.0
17,49,526.747,438.265,4.991,6.216,1,1,1.0
17,50,540.589,373.721,6.867,4.192,1,1,1.0
17,54,527.672,440.040,6.673,4.112,1,1,1.0
17,55,551.868,440.586,4.544,4.214,1,1,1.0
17,57,620.066,443.517,6.613,4.164,1,1,1.0
17,59,624.417,408.816,5.206,7.963,1,1,1.0
17,60,629.812,442.686,4.887,4.129,1,1,1.0
17,61,679.939,415.846,4.105,5.436,1,1,1.0
17,62,664.334,442.316,5.744,4.205,1,1,1.0
17,63,671.240,443.316,5.295,3.931,1,1,1.0
17,66,638.719,441.591,6.199,4.008,1,1,1.0
17,6367,28.896,427.874,6.313,7.685,1,1,1.0
17,6368,49.559,438.263,8.416,5.114,1,1,1.0
17,6369,62.623,429.413,8.849,6.318,1,1,1.0
17,6370,65.430,345.082,4.581,8.749,1,1,1.0
17,6372,60.351,371.751,4.725,8.871,1,1,1.0
17,6373,26.845,436.673,7.341,5.262,1,1,1.0
17,6388,286.592,404.903,7.611,6.150,1,1,1.0
17,6389,291.489,426.545,7.916,6.155,1,1,1.0
17,6391,287.507,433.542,8.225,5.048,1,1,1.0
17,6392,301.747,408.522,4.640,7.817,1,1,1.0
18,17,128.355,435.924,3.993,7.515,1,1,1.0
18,22,137.796,438.449,5.817,4.882,1,1,1.0
18,24,155.066,436.550,6.848,4.997,1,1,1.0
18,25,183.600,439.697,4.308,5.066,1,1,1.0
18,40,383.511,440.396,6.324,4.705,1,1,1.0
18,41,398.446,440.563,6.042,4.151,1,1,1.0
18,42,409.307,403.330,5.483,8.271,1,1,1.0
18,43,424.002,441.111,5.077,4.343,1,1,1.0
18,44,408.576,335.428,5.274,8.611,1,1,1.0
18,45,542.546,417.822,6.565,6.991,1,1,1.0
18,47,507.211,441.219,4.556,3.840,1,1,1.0
18,48,498.822,411.952,5.070,4.561,1,1,1.0
18,49,525.646,439.051,4.991,6.216,1,1,1.0
18,50,540.421,373.528,6.829,4.137,1,1,1.0
18,54,527.601,440.056,6.672,4.049,1,1,1.0
18,55,552.094,440.609,4.374,4.140,1,1,1.0
18,57,620.243,443.391,6.577,4.227,1,1,1.0
18,59,622.189,406.229,5.444,7.597,1,1,1.0
18,60,632.863,441.870,5.578,4.070,1,1,1.0
18,61,679.408,415.320,4.310,5.090,1,1,1.0
18,62,664.561,442.159,5.340,4.299,1,1,1.0
18,63,671.642,443.576,4.785,3.918,1,1,1.0
18,66,636.824,441.611,6.618,3.864,1,1,1.0
18,6366,62.506,351.566,6.393,5.429,1,1,1.0
18,6367,29.561,428.369,6.213,7.501,1,1,1.0
18,6368,46.768,437.960,6.300,4.296,1,1,1.0
18,6369,61.190,369.173,4.807,8.946,1,1,1.0
18,6370,68.652,416.700,6.436,5.854,1,1,1.0
18,6372,54.476,437.827,4.996,4.095,1,1,1.0
18,6373,27.427,436.840,6.662,5.040,1,1,1.0
18,6389,286.275,433.741,8.612,4.991,1,1,1.0
18,6390,292.608,425.582,7.471,6.154,1,1,1.0
18,6391,251.842,437.488,7.046,6.415,1,1,1.0
18,6392,283.258,439.395,7.905,6.094,1,1,1.0
18,6393,287.155,404.043,7.379,6.131,1,1,1.0
19,17,129.247,438.897,5.823,6.068,1,1,1.0
19,22,136.154,438.604,6.418,5.139,1,1,1.0
19,24,155.428,436.559,6.647,4.428,1,1,1.0
19,25,183.514,439.720,4.091,4.994,1,1,1.0
19,40,381.392,440.036,5.947,4.922,1,1,1.0
19,41,399.456,440.947,4.624,4.083,1,1,1.0
19,42,409.128,402.979,5.460,8.482,1,1,1.0
19,43,423.781,441.270,4.905,4.194,1,1,1.0
19,44,410.271,332.210,5.616,8.279,1,1,1.0
19,45,540.900,417.638,6.761,6.194,1,1,1.0
19,47,507.217,441.272,4.468,3.905,1,1,1.0
19,48,498.588,411.939,5.053,4.545,1,1,1.0
19,49,525.961,438.108,4.991,6.216,1,1,1.0
19,50,517.513,374.972,7.531,6.423,1,1,1.0
19,54,527.555,440.018,6.648,3.982,1,1,1.0
19,55,552.339,440.677,4.125,3.815,1,1,1.0
19,57,620.141,443.301,6.476,4.233,1,1,1.0
19,59,620.314,403.182,5.397,7.373,1,1,1.0
19,60,633.188,441.685,7.647,3.965,1,1,1.0
19,61,678.416,414.521,4.394,4.901,1,1,1.0
19,62,663.991,442.288,4.245,3.991,1,1,1.0
19,63,672.165,443.659,3.965,3.784,1,1,1.0
19,66,635.199,440.483,4.991,6.216,1,1,1.0
19,6366,45.903,377.121,9.893,8.824,1,1,1.0
19,6367,30.312,427.940,6.194,7.744,1,1,1.0
19,6368,47.875,437.979,6.505,4.357,1,1,1.0
19,6369,61.856,366.364,4.417,8.804,1,1,1.0
19,6370,71.129,428.139,4.339,9.334,1,1,1.0
19,6372,54.225,437.763,6.173,4.297,1,1,1.0
19,6373,27.534,436.832,7.016,5.065,1,1,1.0
19,6388,283.264,439.557,7.718,5.895,1,1,1.0
19,6389,293.391,424.967,7.038,5.702,1,1,1.0
19,6391,284.263,433.656,8.647,5.104,1,1,1.0
19,6392,288.035,403.553,7.358,6.117,1,1,1.0
19,6393,302.533,404.941,4.888,8.043,1,1,1.0
20,17,128.938,440.665,6.718,5.001,1,1,1.0
20,22,135.946,438.948,6.581,4.907,1,1,1.0
20,24,154.919,436.468,7.005,5.041,1,1,1.0
20,25,183.606,439.616,4.170,5.059,1,1,1.0
20,40,378.426,440.019,6.979,4.649,1,1,1.0
20,41,399.650,440.714,4.419,4.472,1,1,1.0
20,42,409.415,403.435,5.424,8.313,1,1,1.0
20,43,423.510,441.580,4.960,4.315,1,1,1.0
20,44,411.590,330.791,5.431,8.146,1,1,1.0
20,45,539.050,417.754,6.966,4.915,1,1,1.0
20,47,507.175,441.262,4.567,3.973,1,1,1.0
20,48,498.300,411.998,5.374,4.573,1,1,1.0
20,49,526.118,439.366,4.991,6.216,1,1,1.0
20,50,492.825,376.422,4.693,7.167,1,1,1.0
20,54,527.694,439.815,6.378,4.079,1,1,1.0
20,55,551.939,440.714,3.973,3.875,1,1,1.0
20,57,619.805,443.563,6.316,4.376,1,1,1.0
20,59,618.582,400.553,5.214,7.191,1,1,1.0
20,60,628.695,436.523,6.694,5.605,1,1,1.0
20,61,678.091,413.618,4.722,5.181,1,1,1.0
20,62,663.746,442.350,4.061,4.237,1,1,1.0
20,63,672.159,443.600,4.123,4.052,1,1,1.0
20,66,634.244,441.963,7.183,4.460,1,1,1.0
20,6366,11.995,402.440,5.277,6.754,1,1,1.0
20,6367,30.856,427.456,5.912,7.368,1,1,1.0
20,6368,47.825,437.831,6.464,4.308,1,1,1.0
20,6369,62.741,364.037,4.530,8.380,1,1,1.0
20,6370,69.959,440.234,5.309,4.668,1,1,1.0
20,6372,54.649,437.732,6.062,4.155,1,1,1.0
20,6373,27.118,436.967,7.080,4.844,1,1,1.0
20,6388,252.205,437.581,6.674,6.159,1,1,1.0
20,6389,288.629,403.490,7.334,6.164,1,1,1.0
20,6390,303.011,403.466,4.917,8.766,1,1,1.0
20,6391,283.319,439.673,7.828,6.048,1,1,1.0
20,6392,283.505,433.497,9.183,5.145,1,1,1.0
20,6393,293.401,424.745,6.689,5.858,1,1,1.0
21,22,135.658,438.655,6.790,5.446,1,1,1.0
21,24,155.166,436.097,6.492,4.732,1,1,1.0
21,25,183.708,439.438,4.689,3.991,1,1,1.0
21,40,376.488,440.205,6.843,4.119,1,1,1.0
21,41,400.234,440.995,4.639,4.111,1,1,1.0
21,42,409.762,403.736,5.296,8.347,1,1,1.0
21,43,423.371,441.568,5.110,4.331,1,1,1.0
21,44,412.652,328.987,5.342,8.103,1,1,1.0
21,45,537.108,417.169,6.777,4.881,1,1,1.0
21,47,507.427,441.328,4.463,4.068,1,1,1.0
21,48,502.036,414.304,5.043,8.214,1,1,1.0
21,49,526.432,439.838,4.991,6.216,1,1,1.0
21,50,492.532,375.505,3.836,7.811,1,1,1.0
21,54,527.770,439.888,6.767,3.943,1,1,1.0
21,55,552.172,440.763,4.494,3.826,1,1,1.0
21,57,619.850,443.500,6.417,4.266,1,1,1.0
21,59,617.157,397.757,5.375,7.630,1,1,1.0
21,60,645.187,429.007,3.878,5.925,1,1,1.0
21,61,677.648,412.491,4.411,5.903,1,1,1.0
21,62,664.209,442.607,4.206,4.043,1,1,1.0
21,63,672.698,442.872,3.777,4.181,1,1,1.0
21,66,633.708,441.684,6.802,4.029,1,1,1.0
21,6366,6.521,403.741,5.000,6.000,1,1,1.0
21,6367,31.173,426.791,5.689,7.940,1,1,1.0
21,6368,48.719,437.747,6.230,4.377,1,1,1.0
21,6369,63.301,361.580,4.276,8.672,1,1,1.0
21,6370,70.072,440.305,5.131,4.666,1,1,1.0
21,6372,54.388,437.655,6.371,4.169,1,1,1.0
21,6373,26.775,437.029,6.896,4.889,1,1,1.0
21,6388,284.017,439.724,6.937,5.485,1,1,1.0
21,6389,293.609,420.312,5.963,5.268,1,1,1.0
21,6391,283.357,433.179,8.703,4.818,1,1,1.0
21,6392,289.200,403.300,7.052,5.884,1,1,1.0
21,6393,303.701,401.959,4.718,8.437,1,1,1.0
22,17,163.463,438.324,6.826,5.290,1,1,1.0
22,18,182.058,429.700,4.237,8.387,1,1,1.0
22,22,132.520,438.744,7.923,6.843,1,1,1.0
22,24,155.330,436.298,7.104,5.073,1,1,1.0
22,25,184.085,439.926,4.132,4.239,1,1,1.0
22,40,376.530,440.130,6.550,4.264,1,1,1.0
22,41,400.638,441.731,4.797,4.253,1,1,1.0
22,42,409.587,404.086,5.326,7.958,1,1,1.0
22,43,423.295,441.654,5.126,4.144,1,1,1.0
22,44,414.565,326.749,5.500,7.906,1,1,1.0
22,45,535.460,417.149,7.010,4.562,1,1,1.0
22,47,507.924,443.404,4.721,5.923,1,1,1.0
22,48,503.319,439.857,4.534,5.459,1,1,1.0
22,49,526.432,439.366,4.991,6.216,1,1,1.0
22,50,492.646,375.405,4.044,7.876,1,1,1.0
22,54,527.393,439.687,6.965,4.201,1,1,1.0
22,55,552.251,440.605,4.798,3.758,1,1,1.0
22,57,619.591,443.301,6.377,4.291,1,1,1.0
22,59,616.516,394.908,4.949,7.724,1,1,1.0
22,60,649.613,435.001,4.269,4.258,1,1,1.0
22,61,677.151,411.037,4.361,6.519,1,1,1.0
22,62,664.308,442.747,3.998,4.002,1,1,1.0
22,63,672.657,442.566,3.542,4.362,1,1,1.0
22,66,633.621,441.866,5.989,4.073,1,1,1.0
22,6366,6.001,405.996,5.000,6.000,1,1,1.0
22,6367,32.054,426.513,5.645,8.057,1,1,1.0
22,6368,50.928,437.760,8.801,5.047,1,1,1.0
22,6369,63.650,358.531,4.251,9.103,1,1,1.0
22,6370,70.240,440.396,5.458,4.740,1,1,1.0
22,6372,55.676,436.712,5.000,6.000,1,1,1.0
22,6373,26.587,437.076,6.896,4.915,1,1,1.0
22,6388,252.496,437.440,6.503,5.982,1,1,1.0
22,6389,285.833,392.442,6.587,10.351,1,1,1.0
22,6390,295.799,396.365,6.714,7.313,1,1,1.0
22,6391,287.263,395.710,5.000,6.000,1,1,1.0
22,6392,283.413,433.818,8.321,4.587,1,1,1.0
22,6393,289.189,403.741,7.250,5.406,1,1,1.0
23,18,183.628,418.799,4.913,6.439,1,1,1.0
23,22,133.953,438.628,6.847,7.371,1,1,1.0
23,24,154.713,436.158,7.272,5.278,1,1,1.0
23,25,183.694,439.471,4.199,4.091,1,1,1.0
23,40,376.614,440.158,6.830,4.408,1,1,1.0
23,41,399.915,442.003,5.155,4.590,1,1,1.0
23,42,409.086,403.204,5.447,8.281,1,1,1.0
23,43,423.165,441.653,5.265,4.226,1,1,1.0
23,44,415.404,325.237,5.596,7.753,1,1,1.0
23,45,534.596,416.850,7.318,4.699,1,1,1.0
23,47,503.857,440.902,7.593,5.208,1,1,1.0
23,48,501.897,440.624,4.991,6.216,1,1,1.0
23,49,526.432,439.366,4.991,6.216,1,1,1.0
23,50,492.702,375.303,4.118,7.792,1,1,1.0
23,54,527.609,439.742,6.747,4.357,1,1,1.0
23,55,552.226,440.617,4.736,3.972,1,1,1.0
23,57,619.802,443.075,6.267,4.472,1,1,1.0
23,59,615.546,392.332,4.865,7.256,1,1,1.0
23,60,644.794,438.359,4.970,5.474,1,1,1.0
23,61,676.969,409.294,4.505,7.207,1,1,1.0
23,62,663.475,442.073,4.901,4.408,1,1,1.0
23,63,672.053,442.326,4.268,4.738,1,1,1.0
23,66,632.982,441.771,5.875,4.283,1,1,1.0
23,6366,5.827,406.864,5.000,6.000,1,1,1.0
23,6367,32.318,426.126,5.521,8.222,1,1,1.0
23,6368,50.927,437.485,5.000,6.000,1,1,1.0
23,6369,64.133,354.945,4.126,9.637,1,1,1.0
23,6370,69.923,440.514,5.317,4.779,1,1,1.0
23,6372,51.212,438.014,8.020,4.807,1,1,1.0
23,6373,26.153,437.250,6.532,4.769,1,1,1.0
23,6388,252.586,437.509,6.577,5.963,1,1,1.0
23,6389,289.493,403.348,6.910,6.034,1,1,1.0
23,6390,303.886,400.945,5.079,8.301,1,1,1.0
23,6391,285.221,337.803,5.655,9.631,1,1,1.0
23,6392,283.495,433.960,8.399,4.635,1,1,1.0
23,6393,297.822,390.517,4.491,7.671,1,1,1.0
24,18,181.935,419.293,5.514,4.309,1,1,1.0
24,22,134.074,438.489,6.879,7.599,1,1,1.0
24,24,154.508,436.030,7.134,5.659,1,1,1.0
24,25,183.657,439.489,4.231,4.061,1,1,1.0
24,40,376.757,440.207,6.785,4.394,1,1,1.0
24,41,399.965,441.523,5.532,5.095,1,1,1.0
24,42,408.524,402.236,5.421,8.427,1,1,1.0
24,43,423.142,441.580,5.408,4.348,1,1,1.0
24,44,417.025,322.632,5.561,8.095,1,1,1.0
24,45,534.124,416.444,6.985,4.488,1,1,1.0
24,47,503.915,440.835,7.630,5.161,1,1,1.0
24,48,502.212,440.624,4.991,6.216,1,1,1.0
24,49,525.646,438.108,4.991,6.216,1,1,1.0
24,50,492.537,374.109,4.050,7.554,1,1,1.0
24,54,527.697,439.777,6.716,4.306,1,1,1.0
24,55,552.154,440.827,4.476,3.809,1,1,1.0
24,57,620.008,442.882,6.328,4.452,1,1,1.0
24,59,614.922,389.804,4.851,7.878,1,1,1.0
24,60,642.877,437.224,4.815,6.213,1,1,1.0
24,61,676.665,407.921,4.703,7.680,1,1,1.0
24,62,663.811,442.119,4.752,4.294,1,1,1.0
24,63,672.290,442.526,3.659,4.388,1,1,1.0
24,66,632.372,441.933,5.815,4.275,1,1,1.0
24,6366,6.001,408.512,5.000,6.000,1,1,1.0
24,6367,32.556,425.836,5.601,8.318,1,1,1.0
24,6368,50.788,437.331,5.000,6.000,1,1,1.0
24,6369,64.542,351.813,4.044,8.409,1,1,1.0
24,6370,70.026,440.500,5.188,4.753,1,1,1.0
24,6372,51.810,438.114,7.073,4.845,1,1,1.0
24,6373,26.265,437.420,6.332,4.612,1,1,1.0
24,6388,253.765,296.690,8.766,5.619,1,1,1.0
24,6389,297.999,390.505,4.538,7.939,1,1,1.0
24,6391,283.534,434.010,8.402,4.563,1,1,1.0
24,6392,289.249,403.163,7.289,6.009,1,1,1.0
24,6393,304.440,399.965,4.510,8.783,1,1,1.0
25,18,162.545,438.028,6.724,5.034,1,1,1.0
25,22,134.347,438.543,6.687,7.351,1,1,1.0
25,24,155.003,436.589,7.059,5.211,1,1,1.0
25,25,183.393,439.144,5.140,4.459,1,1,1.0
25,40,378.621,440.682,5.711,4.499,1,1,1.0
25,41,400.201,439.779,5.658,5.512,1,1,1.0
25,42,407.512,402.012,6.118,7.491,1,1,1.0
25,43,423.285,441.483,4.992,4.525,1,1,1.0
25,44,418.477,320.926,5.215,7.821,1,1,1.0
25,45,534.868,415.310,6.313,5.929,1,1,1.0
25,47,504.039,440.963,7.408,5.135,1,1,1.0
25,48,502.683,440.310,4.991,6.216,1,1,1.0
25,49,526.275,439.366,4.991,6.216,1,1,1.0
25,50,492.540,371.931,3.882,7.766,1,1,1.0
25,54,527.595,439.803,6.668,4.287,1,1,1.0
25,55,552.256,440.841,4.412,3.788,1,1,1.0
25,57,620.123,442.553,6.662,4.793,1,1,1.0
25,59,614.251,387.527,4.477,7.225,1,1,1.0
25,60,650.396,435.596,4.883,4.858,1,1,1.0
25,61,675.933,406.437,4.348,7.016,1,1,1.0
25,62,664.109,442.078,4.936,4.637,1,1,1.0
25,63,672.716,440.733,3.591,6.039,1,1,1.0
25,66,632.545,441.855,5.663,4.045,1,1,1.0
25,6366,4.113,408.338,6.000,6.000,1,1,1.0
25,6367,33.020,425.067,5.586,8.325,1,1,1.0
25,6368,52.539,438.568,6.057,4.796,1,1,1.0
25,6369,64.486,348.775,4.144,8.977,1,1,1.0
25,6370,69.672,440.416,6.264,4.335,1,1,1.0
25,6372,52.056,438.506,5.000,6.000,1,1,1.0
25,6373,26.363,437.566,6.264,4.559,1,1,1.0
25,6388,252.164,307.369,4.196,7.821,1,1,1.0
25,6389,283.742,434.236,8.642,4.682,1,1,1.0
25,6390,298.067,389.757,4.323,8.057,1,1,1.0
25,6392,252.941,437.780,6.391,5.574,1,1,1.0
25,6393,289.114,403.190,7.365,5.797,1,1,1.0
26,22,136.125,438.240,6.423,8.548,1,1,1.0
26,24,155.362,436.627,7.052,5.358,1,1,1.0
26,25,183.861,437.866,6.567,6.045,1,1,1.0
26,40,379.757,441.027,4.504,4.520,1,1,1.0
26,41,400.930,440.648,5.972,5.377,1,1,1.0
26,42,405.758,401.472,7.330,6.425,1,1,1.0
26,43,423.087,441.587,5.436,4.367,1,1,1.0
26,44,419.208,318.871,5.404,7.828,1,1,1.0
26,45,535.325,413.894,5.706,6.889,1,1,1.0
26,47,505.455,440.773,5.981,5.243,1,1,1.0
26,48,503.155,442.040,4.991,6.216,1,1,1.0
26,49,525.646,438.108,4.991,6.216,1,1,1.0
26,50,492.507,370.182,3.841,7.955,1,1,1.0
26,54,527.889,439.930,6.539,4.109,1,1,1.0
26,55,552.211,440.987,4.469,3.800,1,1,1.0
26,57,620.199,442.499,7.111,4.962,1,1,1.0
26,59,613.778,385.656,4.560,7.186,1,1,1.0
26,60,662.726,438.137,4.991,6.216,1,1,1.0
26,61,675.541,404.912,4.951,7.275,1,1,1.0
26,62,663.236,438.740,4.687,8.764,1,1,1.0
26,63,673.492,439.855,3.883,7.532,1,1,1.0
26,66,632.249,441.839,5.976,4.378,1,1,1.0
26,6366,4.460,407.645,6.000,6.000,1,1,1.0
26,6367,33.146,423.952,5.823,8.251,1,1,1.0
26,6368,55.181,437.516,5.000,6.000,1,1,1.0
26,6369,64.772,345.282,4.136,9.410,1,1,1.0
26,6370,68.389,440.141,6.605,4.168,1,1,1.0
26,6372,53.137,438.191,6.505,4.892,1,1,1.0
26,6373,26.192,437.662,6.423,4.710,1,1,1.0
26,6388,252.917,437.715,6.607,5.899,1,1,1.0
26,6389,289.265,403.342,7.483,5.823,1,1,1.0
26,6390,304.841,397.032,4.063,8.921,1,1,1.0
26,6391,257.481,338.472,8.517,7.687,1,1,1.0
26,6392,283.423,433.633,8.402,5.986,1,1,1.0
26,6393,297.992,389.455,4.552,8.148,1,1,1.0
27,18,159.735,437.261,7.516,5.624,1,1,1.0
27,22,134.351,438.523,7.772,5.214,1,1,1.0
27,24,155.291,436.418,7.175,5.348,1,1,1.0
27,25,183.892,437.827,6.643,6.139,1,1,1.0
27,29,138.554,441.124,6.314,7.122,1,1,1.0
27,40,379.596,441.294,4.758,4.586,1,1,1.0
27,41,401.738,438.402,5.934,7.914,1,1,1.0
27,42,404.472,401.420,7.351,5.973,1,1,1.0
27,43,423.243,441.440,5.231,4.633,1,1,1.0
27,44,420.813,316.265,4.904,8.075,1,1,1.0
27,45,535.361,412.337,5.375,7.293,1,1,1.0
27,47,506.858,440.583,4.822,6.217,1,1,1.0
27,48,505.043,443.455,4.991,6.216,1,1,1.0
27,49,526.118,439.051,4.991,6.216,1,1,1.0
27,50,492.775,367.585,3.862,7.833,1,1,1.0
27,54,527.875,439.984,6.517,4.007,1,1,1.0
27,55,552.501,441.090,5.010,3.696,1,1,1.0
27,57,620.654,441.832,6.640,4.650,1,1,1.0
27,59,613.680,385.137,4.096,5.276,1,1,1.0
27,60,660.278,439.089,4.991,6.216,1,1,1.0
27,61,674.287,402.602,4.818,7.827,1,1,1.0
27,62,661.659,440.738,6.386,6.771,1,1,1.0
27,63,672.935,438.313,3.670,8.604,1,1,1.0
27,66,632.004,441.813,6.063,4.352,1,1,1.0
27,6366,5.480,408.338,5.000,6.000,1,1,1.0
27,6367,33.724,423.482,5.731,8.298,1,1,1.0
27,6368,56.604,437.269,5.000,6.000,1,1,1.0
27,6369,65.250,341.299,3.931,9.406,1,1,1.0
27,6370,68.062,440.078,7.188,4.267,1,1,1.0
27,6372,52.996,438.114,9.059,4.699,1,1,1.0
27,6373,26.122,437.545,6.711,4.820,1,1,1.0
27,6388,252.985,437.753,6.579,5.862,1,1,1.0
27,6389,289.394,403.145,7.451,5.553,1,1,1.0
27,6390,305.371,395.542,3.890,8.557,1,1,1.0
27,6391,280.943,366.885,5.323,6.165,1,1,1.0
27,6392,282.958,432.666,8.139,6.762,1,1,1.0
27,6393,298.299,388.911,4.467,8.299,1,1,1.0
28,22,134.029,438.681,7.733,5.157,1,1,1.0
28,24,155.266,436.431,9.961,6.651,1,1,1.0
28,25,183.853,437.912,6.627,5.887,1,1,1.0
28,29,140.291,441.505,6.747,6.625,1,1,1.0
28,40,379.668,441.009,4.576,4.778,1,1,1.0
28,41,402.038,437.071,5.071,9.148,1,1,1.0
28,42,403.472,401.309,7.291,5.942,1,1,1.0
28,43,422.865,441.466,5.213,4.682,1,1,1.0
28,44,421.812,314.283,4.977,7.608,1,1,1.0
28,45,535.338,410.405,4.401,7.928,1,1,1.0
28,47,507.141,440.743,4.847,8.081,1,1,1.0
28,48,505.672,439.838,4.991,6.216,1,1,1.0
28,49,526.432,439.995,4.991,6.216,1,1,1.0
28,50,492.829,365.422,3.757,8.060,1,1,1.0
28,54,527.716,440.019,6.770,4.139,1,1,1.0
28,55,552.616,440.910,5.198,4.030,1,1,1.0
28,57,621.496,442.115,6.521,4.793,1,1,1.0
28,59,613.328,384.474,4.012,5.254,1,1,1.0
28,60,660.074,438.409,4.991,6.216,1,1,1.0
28,61,673.736,401.800,4.767,7.734,1,1,1.0
28,62,661.196,439.614,6.244,7.794,1,1,1.0
28,63,674.008,439.185,4.252,7.118,1,1,1.0
28,66,631.463,441.859,5.544,4.573,1,1,1.0
28,6366,4.786,405.910,5.000,6.000,1,1,1.0
28,6367,34.459,422.793,5.146,8.246,1,1,1.0
28,6368,57.641,437.687,6.947,4.609,1,1,1.0
28,6369,65.271,337.221,3.855,9.272,1,1,1.0
28,6370,68.226,439.863,6.477,4.750,1,1,1.0
28,6372,50.454,437.611,5.593,4.328,1,1,1.0
28,6373,26.245,437.684,6.623,4.613,1,1,1.0
28,6388,253.113,437.850,6.367,5.721,1,1,1.0
28,6389,290.443,402.493,6.608,5.570,1,1,1.0
28,6390,304.893,393.328,4.091,8.664,1,1,1.0
28,6391,291.213,382.246,4.879,7.453,1,1,1.0
28,6392,282.333,431.676,7.764,7.105,1,1,1.0
28,6393,298.192,387.836,4.665,8.544,1,1,1.0
29,22,133.660,438.647,7.371,5.372,1,1,1.0
29,24,154.619,436.017,9.707,6.845,1,1,1.0
29,25,183.814,437.993,6.676,5.860,1,1,1.0
29,29,138.802,441.980,6.573,6.251,1,1,1.0
29,40,380.402,440.009,4.151,5.594,1,1,1.0
29,41,402.629,435.445,4.703,9.314,1,1,1.0
29,42,402.186,400.731,7.491,5.798,1,1,1.0
29,43,422.602,441.451,5.247,4.653,1,1,1.0
29,44,422.744,311.955,5.268,8.435,1,1,1.0
29,45,534.842,408.448,4.497,8.311,1,1,1.0
29,47,507.056,440.726,4.916,7.758,1,1,1.0
29,48,506.458,438.894,4.991,6.216,1,1,1.0
29,49,526.118,438.894,4.991,6.216,1,1,1.0
29,50,492.311,362.744,3.922,7.717,1,1,1.0
29,54,527.766,439.973,6.613,4.185,1,1,1.0
29,55,553.011,440.848,5.218,4.146,1,1,1.0
29,57,622.440,442.291,5.666,5.109,1,1,1.0
29,59,613.310,384.331,4.377,5.365,1,1,1.0
29,60,658.170,438.817,4.991,6.216,1,1,1.0
29,61,673.284,399.757,4.506,7.698,1,1,1.0
29,62,658.525,440.044,5.864,7.121,1,1,1.0
29,63,673.711,437.402,4.822,6.275,1,1,1.0
29,66,631.279,441.945,5.617,4.731,1,1,1.0
29,6366,4.960,403.307,5.000,6.000,1,1,1.0
29,6367,34.532,422.920,5.092,7.958,1,1,1.0
29,6368,50.583,438.154,4.546,4.225,1,1,1.0
29,6369,60.759,437.396,6.725,5.181,1,1,1.0
29,6370,65.772,333.177,3.766,9.083,1,1,1.0
29,6372,50.911,437.640,5.000,6.000,1,1,1.0
29,6373,26.179,437.659,6.898,4.692,1,1,1.0
29,6380,68.107,439.690,6.858,4.807,1,1,1.0
29,6388,253.025,437.779,6.541,5.865,1,1,1.0
29,6389,290.456,402.016,6.704,5.656,1,1,1.0
29,6391,291.128,381.921,4.889,8.142,1,1,1.0
29,6392,282.230,430.764,7.686,7.695,1,1,1.0
29,6393,304.224,390.652,3.848,9.176,1,1,1.0
30,22,136.652,440.287,7.544,6.456,1,1,1.0
30,24,154.393,436.075,9.886,6.926,1,1,1.0
30,25,183.128,438.185,7.514,5.994,1,1,1.0
30,40,381.087,437.609,4.438,8.523,1,1,1.0
30,41,403.697,432.967,4.464,9.223,1,1,1.0
30,42,401.050,400.445,7.231,5.731,1,1,1.0
30,43,422.414,441.406,5.257,4.460,1,1,1.0
30,44,423.787,310.912,5.303,7.972,1,1,1.0
30,45,534.893,406.854,4.379,8.111,1,1,1.0
30,47,507.167,440.842,4.695,7.910,1,1,1.0
30,48,505.043,439.681,4.991,6.216,1,1,1.0
30,49,526.432,439.209,4.991,6.216,1,1,1.0
30,50,492.391,360.201,3.764,7.713,1,1,1.0
30,54,527.876,440.030,6.702,4.310,1,1,1.0
30,55,553.488,440.772,4.990,4.355,1,1,1.0
30,57,624.624,441.736,5.401,6.114,1,1,1.0
30,59,613.456,384.056,4.755,4.856,1,1,1.0
30,60,657.898,438.341,4.991,6.216,1,1,1.0
30,61,672.543,398.257,4.249,7.519,1,1,1.0
30,62,657.736,439.496,6.018,8.445,1,1,1.0
30,63,673.438,441.829,5.484,4.924,1,1,1.0
30,66,632.067,442.645,5.574,5.487,1,1,1.0
30,6366,4.960,404.348,5.000,6.000,1,1,1.0
30,6367,34.904,422.058,5.391,7.840,1,1,1.0
30,6368,65.560,436.836,5.000,6.000,1,1,1.0
30,6369,65.481,328.875,3.780,9.667,1,1,1.0
30,6370,65.169,438.518,7.007,5.427,1,1,1.0
30,6372,51.091,438.195,4.631,4.585,1,1,1.0
30,6373,26.231,437.923,7.040,4.808,1,1,1.0
30,6388,282.209,429.817,6.826,7.955,1,1,1.0
30,6389,304.111,389.388,3.877,8.480,1,1,1.0
30,6391,290.395,401.347,6.964,5.796,1,1,1.0
30,6392,291.124,381.431,4.944,8.044,1,1,1.0
31,22,134.201,439.008,9.059,6.978,1,1,1.0
31,24,154.610,436.113,9.386,6.768,1,1,1.0
31,25,182.371,438.524,8.358,5.360,1,1,1.0
31,40,380.553,437.574,4.224,8.603,1,1,1.0
31,41,403.866,430.366,4.066,9.426,1,1,1.0
31,42,400.149,400.535,6.875,4.895,1,1,1.0
31,43,422.229,441.427,5.382,4.515,1,1,1.0
31,44,425.167,308.944,4.985,7.914,1,1,1.0
31,45,534.408,404.227,4.248,8.693,1,1,1.0
31,47,506.597,440.628,4.576,9.349,1,1,1.0
31,48,506.301,440.310,4.991,6.216,1,1,1.0
31,49,525.803,438.894,4.991,6.216,1,1,1.0
31,50,492.273,357.714,3.722,7.990,1,1,1.0
31,54,527.852,440.070,6.779,4.273,1,1,1.0
31,55,554.113,441.302,5.648,4.210,1,1,1.0
31,57,625.508,442.046,5.808,5.975,1,1,1.0
31,59,614.180,383.368,4.346,4.905,1,1,1.0
31,60,659.394,438.749,4.991,6.216,1,1,1.0
31,61,671.825,397.220,4.696,7.569,1,1,1.0
31,62,656.018,440.454,7.805,6.283,1,1,1.0
31,63,671.134,442.513,6.411,4.433,1,1,1.0
31,66,631.422,442.573,6.589,6.049,1,1,1.0
31,6366,4.960,402.960,5.000,6.000,1,1,1.0
31,6367,35.458,420.921,5.529,8.478,1,1,1.0
31,6368,67.355,438.515,6.827,5.063,1,1,1.0
31,6369,65.385,325.501,3.947,9.173,1,1,1.0
31,6370,68.328,438.506,5.000,6.000,1,1,1.0
31,6372,51.455,438.368,4.683,4.354,1,1,1.0
31,6373,26.227,437.923,7.022,4.714,1,1,1.0
31,6388,281.879,429.248,6.279,8.170,1,1,1.0
31,6389,303.932,387.039,3.736,8.620,1,1,1.0
31,6391,290.508,401.018,6.825,5.753,1,1,1.0
31,6392,290.506,379.547,4.624,7.999,1,1,1.0
32,22,133.885,439.009,9.012,6.535,1,1,1.0
32,24,154.708,435.917,9.349,6.930,1,1,1.0
32,25,181.908,439.008,8.637,4.964,1,1,1.0
32,40,379.510,436.901,4.443,8.803,1,1,1.0
32,41,404.378,428.168,4.113,9.399,1,1,1.0
32,42,399.507,400.812,7.250,4.303,1,1,1.0
32,43,422.320,441.368,5.523,4.499,1,1,1.0
32,44,426.196,306.887,5.016,7.789,1,1,1.0
32,45,534.090,402.158,4.516,8.489,1,1,1.0
32,47,505.551,440.455,5.971,8.342,1,1,1.0
32,48,503.627,439.681,4.991,6.216,1,1,1.0
32,49,526.904,439.209,4.991,6.216,1,1,1.0
32,50,492.432,355.389,3.771,8.164,1,1,1.0
32,54,527.893,440.028,7.121,4.415,1,1,1.0
32,55,554.674,441.513,5.843,4.204,1,1,1.0
32,57,623.550,441.655,6.324,4.980,1,1,1.0
32,59,614.390,381.830,3.745,7.976,1,1,1.0
32,60,658.491,438.292,5.849,4.643,1,1,1.0
32,61,671.032,395.530,4.871,7.370,1,1,1.0
32,62,653.634,442.669,7.250,4.394,1,1,1.0
32,63,671.406,442.617,6.686,4.420,1,1,1.0
32,66,630.717,442.197,6.602,4.807,1,1,1.0
32,6366,4.960,403.481,5.000,6.000,1,1,1.0
32,6367,35.556,420.305,5.242,8.515,1,1,1.0
32,6368,70.680,438.126,5.000,6.000,1,1,1.0
32,6369,65.759,321.474,3.851,9.205,1,1,1.0
32,6370,66.197,438.882,7.631,4.865,1,1,1.0
32,6372,51.633,438.904,5.131,4.593,1,1,1.0
32,6373,26.384,437.955,6.877,4.740,1,1,1.0
32,6388,289.754,377.210,4.346,8.080,1,1,1.0
32,6389,304.421,384.838,3.568,8.751,1,1,1.0
32,6391,299.132,388.645,4.579,7.577,1,1,1.0
32,6392,290.560,400.752,7.127,5.592,1,1,1.0
33,18,131.859,438.693,8.430,5.173,1,1,1.0
33,22,137.891,440.720,7.803,6.294,1,1,1.0
33,24,154.609,435.386,9.640,7.134,1,1,1.0
33,25,182.116,439.065,7.970,4.861,1,1,1.0
33,40,378.112,435.307,4.053,8.867,1,1,1.0
33,41,403.794,425.948,4.200,9.111,1,1,1.0
33,42,398.599,400.881,7.832,4.127,1,1,1.0
33,43,422.246,441.391,5.655,4.551,1,1,1.0
33,44,426.625,305.512,5.047,7.896,1,1,1.0
33,45,533.820,399.025,4.032,8.577,1,1,1.0
33,47,507.441,441.725,4.991,6.216,1,1,1.0
33,48,503.769,440.165,7.220,5.911,1,1,1.0
33,49,525.803,438.580,4.991,6.216,1,1,1.0
33,50,492.468,352.612,3.982,7.887,1,1,1.0
33,54,527.876,439.974,7.330,4.431,1,1,1.0
33,55,555.472,441.768,6.338,3.944,1,1,1.0
33,57,623.167,441.877,6.572,5.348,1,1,1.0
33,59,614.296,381.176,3.858,7.808,1,1,1.0
33,60,658.346,438.561,5.896,5.011,1,1,1.0
33,61,670.221,394.174,4.784,7.555,1,1,1.0
33,62,651.861,441.821,4.991,6.216,1,1,1.0
33,63,671.525,442.680,6.927,4.346,1,1,1.0
33,66,630.303,442.320,7.702,5.463,1,1,1.0
33,6366,5.480,401.226,5.000,6.000,1,1,1.0
33,6367,35.823,419.040,5.170,8.842,1,1,1.0
33,6368,70.791,437.037,2.000,6.000,1,1,1.0
33,6369,51.916,438.759,5.232,4.508,1,1,1.0
33,6370,65.556,317.588,4.058,8.919,1,1,1.0
33,6372,52.458,438.135,5.000,6.000,1,1,1.0
33,6373,26.279,437.894,6.950,4.721,1,1,1.0
33,6380,64.662,438.327,8.310,5.193,1,1,1.0
33,6388,279.546,428.174,6.697,7.707,1,1,1.0
33,6389,299.147,388.910,5.377,6.440,1,1,1.0
33,6391,290.577,400.368,7.165,5.620,1,1,1.0
33,6392,289.470,374.759,4.357,8.174,1,1,1.0
33,6393,303.181,382.527,4.589,9.252,1,1,1.0
34,18,131.579,438.292,7.748,5.980,1,1,1.0
34,22,136.869,442.501,8.855,6.991,1,1,1.0
34,24,154.777,435.602,9.600,6.856,1,1,1.0
34,25,181.932,438.994,7.538,5.112,1,1,1.0
34,40,378.169,432.493,4.242,8.245,1,1,1.0
34,41,402.963,423.894,4.217,9.025,1,1,1.0
34,42,398.623,400.721,7.882,4.186,1,1,1.0
34,43,422.305,441.451,5.442,4.515,1,1,1.0
34,44,427.674,303.700,4.731,7.782,1,1,1.0
34,45,532.894,396.384,3.907,8.259,1,1,1.0
34,47,507.598,440.467,4.991,6.216,1,1,1.0
34,48,502.474,440.028,8.249,5.678,1,1,1.0
34,49,525.803,439.051,4.991,6.216,1,1,1.0
34,50,492.406,349.837,4.027,8.087,1,1,1.0
34,54,528.066,439.967,7.121,4.674,1,1,1.0
34,55,555.908,441.686,6.022,4.036,1,1,1.0
34,57,622.989,441.708,6.559,5.735,1,1,1.0
34,59,614.208,379.425,3.732,7.468,1,1,1.0
34,60,658.678,438.683,5.527,5.009,1,1,1.0
34,61,669.416,392.941,5.019,7.452,1,1,1.0
34,62,649.007,441.464,4.991,6.216,1,1,1.0
34,63,673.106,442.557,6.582,4.908,1,1,1.0
34,66,628.781,442.206,9.497,6.218,1,1,1.0
34,6366,5.480,401.052,5.000,6.000,1,1,1.0
34,6367,36.248,418.748,5.272,8.431,1,1,1.0
34,6368,66.400,436.393,7.078,5.910,1,1,1.0
34,6369,65.427,313.738,4.057,9.140,1,1,1.0
34,6370,60.033,437.997,8.062,5.696,1,1,1.0
34,6372,53.626,439.242,5.733,4.606,1,1,1.0
34,6373,25.793,438.382,7.025,4.370,1,1,1.0
34,6388,276.979,427.979,7.708,6.038,1,1,1.0
34,6389,300.576,388.444,5.443,5.255,1,1,1.0
34,6391,290.769,400.400,7.188,5.542,1,1,1.0
34,6392,288.621,372.392,4.334,8.686,1,1,1.0
34,6393,303.622,380.388,4.255,8.947,1,1,1.0
35,18,131.328,438.242,7.526,5.697,1,1,1.0
35,22,136.985,441.913,6.990,6.688,1,1,1.0
35,24,155.589,435.744,8.911,6.366,1,1,1.0
35,25,181.928,438.964,7.508,5.068,1,1,1.0
35,40,377.731,430.591,3.985,8.345,1,1,1.0
35,41,403.135,420.520,3.930,9.550,1,1,1.0
35,42,398.221,400.597,8.007,4.343,1,1,1.0
35,43,422.545,441.555,5.756,4.407,1,1,1.0
35,44,428.462,301.485,4.603,8.298,1,1,1.0
35,45,532.813,393.351,3.912,8.525,1,1,1.0
35,47,507.127,441.096,4.991,6.216,1,1,1.0
35,48,502.062,440.193,8.489,5.842,1,1,1.0
35,49,525.646,439.681,4.991,6.216,1,1,1.0
35,50,492.239,346.562,3.964,8.238,1,1,1.0
35,54,527.308,440.165,7.789,4.586,1,1,1.0
35,55,555.880,441.557,6.238,4.108,1,1,1.0
35,57,623.870,441.206,4.991,6.216,1,1,1.0
35,59,614.248,377.321,3.338,7.674,1,1,1.0
35,60,658.130,438.866,5.403,4.756,1,1,1.0
35,61,668.672,391.821,5.241,6.776,1,1,1.0
35,62,647.461,440.989,4.991,6.216,1,1,1.0
35,63,670.657,441.154,3.931,5.996,1,1,1.0
35,66,625.733,442.196,11.262,5.992,1,1,1.0
35,6366,5.307,401.226,5.000,6.000,1,1,1.0
35,6367,36.394,418.325,5.321,8.622,1,1,1.0
35,6368,68.562,434.498,4.895,7.226,1,1,1.0
35,6369,65.291,309.997,4.039,8.878,1,1,1.0
35,6370,60.172,437.654,7.358,5.352,1,1,1.0
35,6372,55.208,439.181,7.669,4.434,1,1,1.0
35,6373,24.627,438.502,6.978,4.222,1,1,1.0
35,6388,274.865,426.736,8.122,6.394,1,1,1.0
35,6389,302.296,378.784,4.634,8.368,1,1,1.0
35,6390,302.060,388.734,5.499,4.910,1,1,1.0
35,6391,290.932,400.298,7.174,5.666,1,1,1.0
35,6392,287.829,370.877,4.288,8.617,1,1,1.0
36,18,130.774,438.169,7.136,5.344,1,1,1.0
36,22,137.528,441.606,7.022,6.659,1,1,1.0
36,24,157.009,436.347,7.223,5.845,1,1,1.0
36,25,181.970,438.917,7.511,5.182,1,1,1.0
36,40,377.262,428.305,4.075,8.742,1,1,1.0
36,41,402.247,418.766,4.224,9.483,1,1,1.0
36,42,393.960,402.001,4.165,7.315,1,1,1.0
36,43,422.748,441.694,5.625,4.379,1,1,1.0
36,44,429.032,299.588,4.524,8.376,1,1,1.0
36,45,532.167,390.515,4.047,8.346,1,1,1.0
36,47,505.209,442.260,6.945,6.538,1,1,1.0
36,48,501.614,439.514,6.578,5.176,1,1,1.0
36,49,525.489,439.366,4.991,6.216,1,1,1.0
36,50,492.117,343.864,3.923,8.323,1,1,1.0
36,54,526.918,440.124,8.317,4.324,1,1,1.0
36,55,556.030,441.641,6.157,4.087,1,1,1.0
36,57,623.870,441.206,4.991,6.216,1,1,1.0
36,59,613.929,375.083,3.587,7.938,1,1,1.0
36,60,658.952,438.621,4.811,4.797,1,1,1.0
36,61,667.267,390.439,5.474,6.721,1,1,1.0
36,62,645.201,441.583,4.991,6.216,1,1,1.0
36,63,670.902,442.465,5.334,5.320,1,1,1.0
36,66,625.752,442.102,10.263,5.768,1,1,1.0
36,6366,5.480,401.226,5.000,6.000,1,1,1.0
36,6367,36.672,418.043,5.232,8.606,1,1,1.0
36,6368,70.794,432.612,3.006,8.920,1,1,1.0
36,6369,65.444,306.844,3.889,8.903,1,1,1.0
36,6370,59.124,438.475,7.161,4.688,1,1,1.0
36,6372,54.204,439.379,7.118,4.359,1,1,1.0
36,6373,23.061,438.795,7.236,4.304,1,1,1.0
36,6388,253.543,437.812,6.327,6.532,1,1,1.0
36,6389,288.775,386.599,5.054,6.044,1,1,1.0
36,6390,301.174,377.188,5.186,8.179,1,1,1.0
36,6391,287.857,370.044,4.343,8.397,1,1,1.0
36,6392,273.808,426.403,8.025,6.678,1,1,1.0
36,6393,303.128,388.128,6.202,4.812,1,1,1.0
37,18,130.198,437.639,5.690,5.054,1,1,1.0
37,22,138.611,438.985,4.796,7.979,1,1,1.0
37,24,158.154,436.631,6.063,5.265,1,1,1.0
37,25,181.938,438.945,7.435,5.085,1,1,1.0
37,40,377.027,427.932,4.198,8.491,1,1,1.0
37,41,402.055,417.476,4.099,8.906,1,1,1.0
37,42,390.488,401.333,4.063,7.853,1,1,1.0
37,43,422.847,441.731,5.666,4.292,1,1,1.0
37,44,430.168,296.710,4.254,9.094,1,1,1.0
37,45,532.095,387.473,4.119,8.881,1,1,1.0
37,47,505.579,441.790,6.239,5.133,1,1,1.0
37,48,501.331,439.583,5.717,4.853,1,1,1.0
37,49,524.702,439.051,4.991,6.216,1,1,1.0
37,50,492.370,341.814,4.039,8.227,1,1,1.0
37,54,525.892,440.049,8.954,4.447,1,1,1.0
37,55,556.094,441.711,6.265,4.049,1,1,1.0
37,57,624.387,441.206,4.991,6.216,1,1,1.0
37,59,613.908,371.951,3.527,8.533,1,1,1.0
37,60,658.329,438.649,4.975,5.201,1,1,1.0
37,61,666.427,389.179,5.675,7.054,1,1,1.0
37,62,644.012,441.464,4.991,6.216,1,1,1.0
37,63,673.316,441.849,5.772,5.663,1,1,1.0
37,66,625.030,441.965,9.995,5.604,1,1,1.0
37,6366,5.827,401.052,5.000,6.000,1,1,1.0
37,6367,36.972,417.183,5.112,8.858,1,1,1.0
37,6368,70.269,429.947,3.248,8.840,1,1,1.0
37,6369,65.565,303.275,3.853,9.138,1,1,1.0
37,6370,60.713,438.215,6.489,5.336,1,1,1.0
37,6372,55.183,439.098,6.365,4.492,1,1,1.0
37,6373,22.157,438.875,7.053,4.079,1,1,1.0
37,6388,253.817,437.954,6.061,6.425,1,1,1.0
37,6389,298.421,372.815,5.000,6.000,1,1,1.0
37,6390,300.014,374.062,5.720,9.877,1,1,1.0
37,6391,287.842,370.176,4.667,8.347,1,1,1.0
37,6392,273.178,426.610,7.883,6.103,1,1,1.0
37,6393,303.969,388.112,6.258,4.701,1,1,1.0
38,18,131.001,437.921,6.733,5.192,1,1,1.0
38,22,139.117,441.000,5.958,5.910,1,1,1.0
38,24,154.510,434.802,6.234,5.008,1,1,1.0
38,25,182.211,438.988,7.342,5.140,1,1,1.0
38,40,376.843,426.754,4.145,8.252,1,1,1.0
38,41,401.757,414.615,4.642,8.850,1,1,1.0
38,42,386.140,407.852,6.202,6.661,1,1,1.0
38,43,423.154,441.807,5.589,4.288,1,1,1.0
38,44,430.420,295.319,4.443,8.237,1,1,1.0
38,45,531.786,385.238,3.872,8.596,1,1,1.0
38,47,505.238,441.665,5.807,4.513,1,1,1.0
38,48,499.825,439.782,4.950,4.328,1,1,1.0
38,49,523.759,439.051,4.991,6.216,1,1,1.0
38,50,492.303,339.097,4.137,8.188,1,1,1.0
38,54,527.138,439.980,8.041,4.020,1,1,1.0
38,55,556.058,441.599,6.140,4.048,1,1,1.0
38,57,624.698,440.793,4.991,6.216,1,1,1.0
38,59,613.937,370.272,3.607,8.002,1,1,1.0
38,60,657.654,438.433,5.210,4.598,1,1,1.0
38,61,663.980,388.216,6.489,5.992,1,1,1.0
38,62,642.941,441.345,4.991,6.216,1,1,1.0
38,63,671.337,442.334,7.029,4.904,1,1,1.0
38,66,627.837,441.712,7.548,5.354,1,1,1.0
38,6366,5.480,401.399,5.000,6.000,1,1,1.0
38,6367,37.462,416.294,5.112,8.964,1,1,1.0
38,6368,69.687,427.001,3.461,8.340,1,1,1.0
38,6369,65.625,299.577,3.747,9.078,1,1,1.0
38,6370,61.072,438.181,6.270,5.364,1,1,1.0
38,6372,54.816,439.022,6.189,4.518,1,1,1.0
38,6373,20.829,438.947,7.554,3.948,1,1,1.0
38,6388,271.712,426.477,8.438,6.345,1,1,1.0
38,6389,298.314,372.169,5.000,6.000,1,1,1.0
38,6390,305.608,388.278,5.566,4.622,1,1,1.0
38,6391,299.708,373.240,5.064,9.750,1,1,1.0
38,6392,287.813,370.435,4.655,8.249,1,1,1.0
39,18,126.437,433.077,4.286,5.624,1,1,1.0
39,22,139.012,441.328,6.441,5.714,1,1,1.0
39,24,154.710,434.563,5.653,5.700,1,1,1.0
39,25,182.225,439.007,7.394,5.453,1,1,1.0
39,40,376.322,425.150,4.001,8.126,1,1,1.0
39,41,401.017,413.849,5.160,8.905,1,1,1.0
39,42,379.657,410.847,3.995,7.305,1,1,1.0
39,43,423.278,441.728,5.462,4.491,1,1,1.0
39,44,430.562,292.577,4.645,9.178,1,1,1.0
39,45,530.205,383.250,5.077,7.738,1,1,1.0
39,47,505.388,441.854,5.863,4.783,1,1,1.0
39,48,499.841,439.868,5.058,4.475,1,1,1.0
39,49,523.942,439.414,5.273,3.977,1,1,1.0
39,50,492.330,336.761,4.071,8.083,1,1,1.0
39,54,528.350,439.865,6.172,4.140,1,1,1.0
39,55,556.039,441.498,6.091,4.017,1,1,1.0
39,57,624.077,440.896,4.991,6.216,1,1,1.0
39,59,614.111,367.148,3.644,8.560,1,1,1.0
39,60,657.556,438.702,5.272,4.843,1,1,1.0
39,61,662.898,387.659,6.086,5.568,1,1,1.0
39,62,642.941,441.583,4.991,6.216,1,1,1.0
39,63,670.737,442.387,7.527,4.341,1,1,1.0
39,66,625.945,441.133,8.280,5.744,1,1,1.0
39,6366,5.654,401.572,5.000,6.000,1,1,1.0
39,6367,37.475,415.507,5.100,8.653,1,1,1.0
39,6369,69.765,424.849,3.346,8.868,1,1,1.0
39,6370,65.223,296.146,3.860,8.795,1,1,1.0
39,6372,56.166,438.943,7.723,4.636,1,1,1.0
39,6373,20.386,439.026,7.261,3.857,1,1,1.0
39,6388,271.455,426.369,8.031,6.047,1,1,1.0
39,6389,298.206,371.953,5.000,6.000,1,1,1.0
39,6390,307.342,388.496,4.963,4.725,1,1,1.0
39,6391,299.423,372.323,4.921,9.193,1,1,1.0
39,6392,287.833,370.524,4.698,8.117,1,1,1.0
40,18,129.615,435.899,6.889,5.629,1,1,1.0
40,22,137.459,440.171,7.123,6.573,1,1,1.0
40,25,182.298,439.095,7.281,5.543,1,1,1.0
40,40,375.990,421.865,4.123,8.708,1,1,1.0
40,41,402.040,413.348,4.394,9.441,1,1,1.0
40,42,378.939,417.891,6.724,4.493,1,1,1.0
40,43,423.466,441.726,5.288,4.471,1,1,1.0
40,44,431.238,290.470,4.280,8.396,1,1,1.0
40,45,528.017,381.684,6.080,6.809,1,1,1.0
40,47,505.900,441.982,5.238,4.688,1,1,1.0
40,48,499.264,439.813,4.726,4.629,1,1,1.0
40,49,522.857,438.121,4.646,4.669,1,1,1.0
40,50,492.252,333.441,4.077,8.352,1,1,1.0
40,54,529.144,439.265,5.611,5.060,1,1,1.0
40,55,556.104,441.504,5.936,3.992,1,1,1.0
40,57,623.663,440.482,4.991,6.216,1,1,1.0
40,59,613.824,364.832,3.273,7.765,1,1,1.0
40,60,657.434,438.841,4.934,4.357,1,1,1.0
40,61,662.274,387.366,5.805,5.684,1,1,1.0
40,62,641.039,441.464,4.991,6.216,1,1,1.0
40,63,670.900,440.748,6.123,6.034,1,1,1.0
40,66,625.965,441.286,7.555,5.268,1,1,1.0
40,6366,5.654,400.185,5.000,6.000,1,1,1.0
40,6367,37.872,415.377,5.002,8.462,1,1,1.0
40,6368,68.841,421.124,3.762,8.600,1,1,1.0
40,6369,65.941,292.350,3.693,8.900,1,1,1.0
40,6370,60.398,438.663,6.339,4.901,1,1,1.0
40,6372,55.466,439.581,6.109,4.460,1,1,1.0
40,6373,19.112,438.879,6.961,3.981,1,1,1.0
40,6388,253.444,438.012,6.214,6.439,1,1,1.0
40,6389,297.990,371.307,5.000,6.000,1,1,1.0
40,6390,299.162,371.551,4.347,9.237,1,1,1.0
40,6391,287.862,370.005,4.719,8.375,1,1,1.0
40,6392,271.260,426.500,8.134,5.854,1,1,1.0
40,6393,308.495,389.405,4.703,5.918,1,1,1.0
41,18,131.476,428.899,4.451,7.300,1,1,1.0
41,22,137.808,439.970,4.795,6.002,1,1,1.0
41,24,154.193,434.759,5.179,6.231,1,1,1.0
41,25,181.380,439.208,7.660,4.901,1,1,1.0
41,29,158.704,434.228,4.479,7.474,1,1,1.0
41,40,375.388,419.812,3.964,7.282,1,1,1.0
41,41,403.073,411.930,4.223,10.124,1,1,1.0
41,42,379.530,421.441,5.676,6.552,1,1,1.0
41,43,423.398,441.645,5.378,4.462,1,1,1.0
41,44,431.342,287.703,4.302,8.962,1,1,1.0
41,45,525.670,379.968,6.703,6.817,1,1,1.0
41,47,506.280,442.061,4.823,4.591,1,1,1.0
41,48,498.769,439.838,4.581,4.707,1,1,1.0
41,49,522.501,436.306,4.273,6.370,1,1,1.0
41,50,492.227,330.430,3.943,8.232,1,1,1.0
41,54,529.274,438.991,5.240,5.801,1,1,1.0
41,55,556.095,441.621,5.865,3.925,1,1,1.0
41,57,624.077,440.482,4.991,6.216,1,1,1.0
41,59,613.599,361.999,3.426,7.902,1,1,1.0
41,60,655.620,439.064,4.605,4.753,1,1,1.0
41,61,660.583,386.418,6.270,4.917,1,1,1.0
41,62,641.990,441.821,4.991,6.216,1,1,1.0
41,63,672.135,439.686,5.261,6.692,1,1,1.0
41,66,625.759,440.770,7.191,5.522,1,1,1.0
41,6366,5.480,400.705,5.000,6.000,1,1,1.0
41,6367,38.439,414.393,5.242,8.999,1,1,1.0
41,6368,65.481,289.138,3.877,9.116,1,1,1.0
41,6369,60.941,438.312,5.659,5.066,1,1,1.0
41,6370,55.308,439.944,6.069,4.288,1,1,1.0
41,6372,55.042,440.018,5.358,4.199,1,1,1.0
41,6373,17.812,439.074,6.899,4.023,1,1,1.0
41,6380,68.773,417.966,3.876,8.761,1,1,1.0
41,6388,253.407,438.017,6.240,6.434,1,1,1.0
41,6389,299.283,370.445,5.000,6.000,1,1,1.0
41,6390,298.678,370.878,4.196,9.053,1,1,1.0
41,6391,287.987,369.743,4.674,8.313,1,1,1.0
41,6392,271.007,426.503,8.072,5.772,1,1,1.0
41,6393,309.256,390.877,4.614,5.963,1,1,1.0
42,18,134.387,419.479,7.186,5.525,1,1,1.0
42,22,136.269,440.616,4.326,5.835,1,1,1.0
42,24,154.411,434.773,5.067,5.766,1,1,1.0
42,25,180.309,439.249,8.366,4.746,1,1,1.0
42,29,159.676,433.656,4.135,7.670,1,1,1.0
42,40,373.906,417.469,4.315,7.530,1,1,1.0
42,41,404.076,410.539,4.162,9.959,1,1,1.0
42,42,380.821,435.340,4.200,6.512,1,1,1.0
42,43,423.522,441.649,5.020,4.812,1,1,1.0
42,44,431.853,285.782,4.238,9.069,1,1,1.0
42,45,524.431,378.683,6.560,6.205,1,1,1.0
42,47,506.349,442.050,4.820,4.620,1,1,1.0
42,48,498.410,439.833,4.607,4.656,1,1,1.0
42,49,521.625,436.072,4.701,6.439,1,1,1.0
42,50,492.383,328.139,3.919,7.854,1,1,1.0
42,54,529.275,438.830,5.411,5.975,1,1,1.0
42,55,556.116,441.670,5.931,3.901,1,1,1.0
42,57,625.498,440.344,7.377,5.765,1,1,1.0
42,59,613.370,359.066,3.436,7.527,1,1,1.0
42,60,654.670,438.903,4.693,4.319,1,1,1.0
42,61,658.607,385.060,6.435,4.995,1,1,1.0
42,62,641.395,441.107,4.991,6.216,1,1,1.0
42,63,673.029,438.497,4.193,7.620,1,1,1.0
42,66,628.859,440.602,5.658,6.431,1,1,1.0
42,6366,5.827,401.052,5.000,6.000,1,1,1.0
42,6367,38.858,413.397,5.385,9.498,1,1,1.0
42,6368,68.593,414.450,3.713,9.417,1,1,1.0
42,6369,66.353,285.723,3.707,9.058,1,1,1.0
42,6370,59.604,438.529,5.909,5.031,1,1,1.0
42,6372,54.642,439.882,5.345,4.351,1,1,1.0
42,6373,16.469,439.602,6.532,3.876,1,1,1.0
42,6388,270.855,426.473,8.212,5.764,1,1,1.0
42,6389,299.283,369.691,5.000,6.000,1,1,1.0
42,6390,310.142,392.277,4.477,6.169,1,1,1.0
42,6391,298.862,369.936,4.253,9.369,1,1,1.0
42,6392,287.954,368.597,4.735,8.581,1,1,1.0
43,22,139.361,441.001,3.372,5.626,1,1,1.0
43,24,160.194,414.228,6.952,5.790,1,1,1.0
43,25,179.993,439.086,8.536,5.065,1,1,1.0
43,29,159.608,433.768,4.242,7.707,1,1,1.0
43,40,373.124,415.421,4.413,7.044,1,1,1.0
43,41,404.971,408.628,4.271,9.226,1,1,1.0
43,42,379.674,438.009,3.482,7.653,1,1,1.0
43,43,423.662,441.606,4.718,5.183,1,1,1.0
43,44,431.964,283.333,4.212,8.866,1,1,1.0
43,45,523.975,377.906,6.365,6.499,1,1,1.0
43,47,506.329,442.014,4.645,4.602,1,1,1.0
43,48,497.835,440.310,4.418,4.378,1,1,1.0
43,49,520.979,434.553,4.556,7.126,1,1,1.0
43,50,492.543,325.413,4.011,8.312,1,1,1.0
43,54,531.174,439.498,4.253,5.150,1,1,1.0
43,55,556.147,441.659,6.000,3.947,1,1,1.0
43,57,629.432,439.375,5.380,7.298,1,1,1.0
43,59,613.490,356.492,3.770,7.178,1,1,1.0
43,60,654.689,439.032,4.672,4.375,1,1,1.0
43,61,657.897,384.735,6.374,4.943,1,1,1.0
43,62,641.395,441.702,4.991,6.216,1,1,1.0
43,63,669.991,438.985,4.197,6.810,1,1,1.0
43,66,628.301,440.751,4.991,6.216,1,1,1.0
43,6366,5.654,400.315,5.000,6.000,1,1,1.0
43,6367,39.211,413.201,5.296,9.071,1,1,1.0
43,6368,67.925,412.216,3.732,8.427,1,1,1.0
43,6369,66.041,282.505,3.876,8.892,1,1,1.0
43,6370,57.695,438.212,5.000,6.000,1,1,1.0
43,6372,56.074,439.248,7.316,5.098,1,1,1.0
43,6373,15.985,439.518,6.275,4.017,1,1,1.0
43,6388,253.544,437.990,6.032,6.422,1,1,1.0
43,6389,310.486,393.272,4.331,5.807,1,1,1.0
43,6390,299.313,368.950,4.425,10.035,1,1,1.0
43,6391,287.544,367.815,4.428,8.854,1,1,1.0
43,6392,270.885,426.399,8.217,5.796,1,1,1.0
44,18,154.212,434.729,4.828,6.407,1,1,1.0
44,22,138.344,441.091,6.332,5.520,1,1,1.0
44,24,168.712,424.068,5.828,5.505,1,1,1.0
44,25,179.902,438.842,8.351,5.184,1,1,1.0
44,29,159.380,433.686,4.179,7.869,1,1,1.0
44,40,372.718,413.231,4.447,6.715,1,1,1.0
44,41,405.874,407.402,4.136,9.452,1,1,1.0
44,42,383.527,439.513,4.169,4.246,1,1,1.0
44,43,423.935,441.577,4.455,5.239,1,1,1.0
44,44,432.358,280.997,4.138,8.687,1,1,1.0
44,45,523.033,377.000,6.718,7.075,1,1,1.0
44,47,506.521,441.927,4.478,4.607,1,1,1.0
44,48,495.879,441.749,4.207,4.438,1,1,1.0
44,49,520.030,432.939,5.014,7.729,1,1,1.0
44,50,492.600,322.942,3.925,8.327,1,1,1.0
44,54,530.855,440.228,4.329,4.428,1,1,1.0
44,55,556.171,441.826,6.011,3.920,1,1,1.0
44,57,625.919,438.702,6.618,6.085,1,1,1.0
44,59,613.110,354.080,3.873,7.196,1,1,1.0
44,60,654.857,438.954,4.682,4.116,1,1,1.0
44,61,656.758,383.476,6.416,5.064,1,1,1.0
44,62,641.871,441.107,4.991,6.216,1,1,1.0
44,63,668.515,443.217,3.847,4.301,1,1,1.0
44,66,618.724,435.798,5.069,4.273,1,1,1.0
44,6366,5.654,400.315,5.000,6.000,1,1,1.0
44,6367,39.584,412.965,5.291,8.606,1,1,1.0
44,6368,67.405,409.679,3.804,8.093,1,1,1.0
44,6369,66.633,279.535,3.704,9.003,1,1,1.0
44,6370,57.107,438.665,5.000,6.000,1,1,1.0
44,6372,53.865,439.261,7.827,5.206,1,1,1.0
44,6373,15.726,439.473,5.857,4.106,1,1,1.0
44,6388,271.707,427.671,8.466,3.844,1,1,1.0
44,6389,311.246,394.534,4.095,6.063,1,1,1.0
44,6390,301.268,367.114,4.918,7.924,1,1,1.0
44,6391,298.545,371.468,5.204,8.495,1,1,1.0
44,6392,287.478,366.627,4.308,9.243,1,1,1.0
45,18,155.003,433.711,4.745,6.570,1,1,1.0
45,22,138.442,441.505,6.822,5.404,1,1,1.0
45,24,187.546,439.163,4.763,5.493,1,1,1.0
45,25,179.397,438.950,6.127,4.843,1,1,1.0
45,29,159.521,433.468,3.949,7.877,1,1,1.0
45,40,372.456,411.395,4.118,6.697,1,1,1.0
45,41,406.711,405.729,4.112,9.646,1,1,1.0
45,42,384.911,439.488,4.633,4.412,1,1,1.0
45,43,424.227,441.699,4.518,5.145,1,1,1.0
45,44,433.071,278.576,3.927,8.154,1,1,1.0
45,45,522.382,376.334,6.705,6.878,1,1,1.0
45,47,506.105,442.075,4.368,4.063,1,1,1.0
45,48,495.050,441.766,4.815,4.086,1,1,1.0
45,49,518.963,431.615,4.374,7.482,1,1,1.0
45,50,492.275,320.578,4.013,7.822,1,1,1.0
45,54,531.161,440.209,4.081,4.175,1,1,1.0
45,55,556.257,441.810,6.023,3.902,1,1,1.0
45,57,628.559,439.274,4.953,5.299,1,1,1.0
45,59,613.734,352.002,4.394,7.295,1,1,1.0
45,60,654.839,439.346,4.617,4.298,1,1,1.0
45,61,655.538,381.765,6.245,5.673,1,1,1.0
45,62,636.211,439.702,5.663,4.963,1,1,1.0
45,63,667.671,442.474,5.604,4.461,1,1,1.0
45,66,620.341,439.868,5.205,5.670,1,1,1.0
45,6366,6.001,400.488,5.000,6.000,1,1,1.0
45,6367,40.057,412.709,5.394,8.560,1,1,1.0
45,6368,65.960,406.911,4.190,8.446,1,1,1.0
45,6369,66.657,276.490,3.778,8.883,1,1,1.0
45,6370,54.984,437.601,5.000,6.000,1,1,1.0
45,6372,52.858,439.365,7.445,5.024,1,1,1.0
45,6373,15.051,439.335,5.723,4.227,1,1,1.0
45,6380,253.766,438.077,5.824,6.392,1,1,1.0
45,6388,271.680,427.681,8.548,3.829,1,1,1.0
45,6389,312.231,395.936,3.712,6.049,1,1,1.0
45,6390,301.495,366.431,5.668,5.971,1,1,1.0
45,6391,298.333,372.528,5.605,7.710,1,1,1.0
45,6392,287.480,366.304,4.462,8.436,1,1,1.0
46,22,138.050,441.767,6.354,5.249,1,1,1.0
46,25,178.150,438.405,6.526,5.530,1,1,1.0
46,29,159.555,433.443,4.216,8.095,1,1,1.0
46,40,372.231,409.341,4.172,6.504,1,1,1.0
46,41,407.034,403.530,4.488,9.636,1,1,1.0
46,42,384.247,440.197,5.170,4.106,1,1,1.0
46,43,424.353,441.684,4.423,5.028,1,1,1.0
46,44,433.268,276.289,4.114,8.112,1,1,1.0
46,45,522.186,375.824,6.547,7.089,1,1,1.0
46,47,505.939,441.948,4.514,4.107,1,1,1.0
46,48,494.842,441.285,5.098,4.346,1,1,1.0
46,49,517.459,428.799,5.460,8.080,1,1,1.0
46,50,492.182,318.196,3.966,7.611,1,1,1.0
46,54,531.557,440.669,3.367,4.175,1,1,1.0
46,55,556.201,441.805,6.075,3.874,1,1,1.0
46,57,626.848,438.285,6.256,6.944,1,1,1.0
46,59,613.987,349.815,4.569,7.455,1,1,1.0
46,60,654.942,438.961,4.594,4.115,1,1,1.0
46,61,654.356,380.696,6.910,5.981,1,1,1.0
46,62,624.972,440.989,4.991,6.216,1,1,1.0
46,62,627.124,441.345,4.991,6.216,1,1,1.0
46,63,667.719,442.418,6.000,4.343,1,1,1.0
46,66,620.211,441.360,5.522,4.365,1,1,1.0
46,6366,6.001,400.488,5.000,6.000,1,1,1.0
46,6367,40.444,412.176,5.462,8.302,1,1,1.0
46,6368,64.616,404.961,4.152,8.110,1,1,1.0
46,6369,67.163,272.630,3.727,9.172,1,1,1.0
46,6370,54.886,437.209,5.000,6.000,1,1,1.0
46,6372,52.794,438.864,7.366,5.474,1,1,1.0
46,6373,14.206,439.190,6.207,4.160,1,1,1.0
46,6380,253.730,438.039,5.985,6.234,1,1,1.0
46,6388,271.756,427.664,8.471,3.811,1,1,1.0
46,6389,312.480,397.030,3.644,6.044,1,1,1.0
46,6390,303.016,366.502,6.374,4.968,1,1,1.0
46,6391,297.911,372.525,5.755,7.579,1,1,1.0
46,6392,287.384,365.560,4.362,8.483,1,1,1.0
47,18,155.483,433.478,5.242,6.629,1,1,1.0
47,22,133.804,439.681,7.962,4.627,1,1,1.0
47,24,184.793,439.342,5.384,5.293,1,1,1.0
47,25,179.149,439.126,7.123,5.619,1,1,1.0
47,29,159.510,432.946,4.156,8.743,1,1,1.0
47,40,372.229,408.065,4.156,6.481,1,1,1.0
47,41,407.527,401.810,4.300,9.401,1,1,1.0
47,42,384.263,440.257,5.264,4.182,1,1,1.0
47,43,424.161,441.773,4.489,4.882,1,1,1.0
47,44,433.684,273.977,4.377,8.433,1,1,1.0
47,45,521.876,375.876,6.409,7.089,1,1,1.0
47,47,505.533,441.827,4.923,4.258,1,1,1.0
47,48,494.220,440.326,5.186,5.155,1,1,1.0
47,49,515.369,427.362,5.754,7.548,1,1,1.0
47,50,492.251,316.070,4.025,7.811,1,1,1.0
47,54,531.260,440.481,3.376,4.604,1,1,1.0
47,55,556.632,441.652,5.587,3.988,1,1,1.0
47,57,627.320,437.115,5.382,7.272,1,1,1.0
47,59,614.746,347.547,4.595,7.763,1,1,1.0
47,60,655.024,438.926,4.488,4.066,1,1,1.0
47,61,653.291,379.702,6.659,5.787,1,1,1.0
47,62,624.853,439.443,4.991,6.216,1,1,1.0
47,62,624.627,435.042,4.991,6.216,1,1,1.0
47,63,667.160,442.573,5.832,4.175,1,1,1.0
47,66,620.735,440.866,5.731,4.525,1,1,1.0
47,6366,5.480,400.390,5.000,6.000,1,1,1.0
47,6367,40.668,411.530,5.491,7.915,1,1,1.0
47,6368,62.945,403.258,4.485,7.277,1,1,1.0
47,6369,67.327,269.206,3.683,8.775,1,1,1.0
47,6370,55.082,438.286,5.000,6.000,1,1,1.0
47,6372,51.829,439.135,8.133,5.083,1,1,1.0
47,6373,13.469,439.036,6.029,4.223,1,1,1.0
47,6388,253.708,438.067,6.046,6.226,1,1,1.0
47,6389,304.568,366.329,5.803,4.594,1,1,1.0
47,6390,298.021,372.782,5.678,7.319,1,1,1.0
47,6391,287.483,364.759,4.088,8.731,1,1,1.0
47,6392,271.857,427.728,8.411,3.778,1,1,1.0
47,6393,312.900,398.127,3.561,6.156,1,1,1.0
48,22,133.327,439.951,8.004,4.577,1,1,1.0
48,24,185.180,438.605,5.198,5.045,1,1,1.0
48,25,178.734,439.436,7.019,6.023,1,1,1.0
48,29,159.445,432.626,4.106,8.947,1,1,1.0
48,40,372.254,405.633,4.347,7.023,1,1,1.0
48,41,408.256,400.024,4.259,9.346,1,1,1.0
48,42,385.334,440.639,4.682,4.091,1,1,1.0
48,43,424.285,441.812,4.427,4.790,1,1,1.0
48,44,434.127,272.541,4.360,8.097,1,1,1.0
48,45,521.379,375.618,6.617,6.276,1,1,1.0
48,47,506.110,441.998,4.649,4.355,1,1,1.0
48,48,493.951,439.361,4.715,5.891,1,1,1.0
48,49,514.019,426.099,5.707,7.530,1,1,1.0
48,50,492.464,314.127,3.866,7.390,1,1,1.0
48,54,531.302,440.471,3.340,4.670,1,1,1.0
48,55,556.692,441.710,5.035,3.927,1,1,1.0
48,57,626.928,438.082,6.369,6.288,1,1,1.0
48,59,615.621,344.733,4.674,8.089,1,1,1.0
48,60,654.818,438.912,4.687,4.204,1,1,1.0
48,61,651.305,378.966,7.462,5.945,1,1,1.0
48,62,614.014,438.756,4.485,5.511,1,1,1.0
48,63,666.584,441.104,6.861,4.864,1,1,1.0
48,66,619.243,441.535,4.921,4.606,1,1,1.0
48,6366,6.195,399.588,6.000,6.216,1,1,1.0
48,6367,41.046,411.331,5.530,7.725,1,1,1.0
48,6368,55.044,439.019,6.159,5.074,1,1,1.0
48,6369,61.149,401.298,4.963,7.398,1,1,1.0
48,6370,55.278,437.894,5.000,6.000,1,1,1.0
48,6372,49.773,439.240,6.415,5.154,1,1,1.0
48,6373,12.220,439.430,5.387,4.059,1,1,1.0
48,6376,67.806,265.819,3.821,8.854,1,1,1.0
48,6389,287.550,364.949,3.987,8.485,1,1,1.0
48,6390,271.902,427.726,8.355,3.798,1,1,1.0
48,6391,253.701,438.065,6.056,6.241,1,1,1.0
48,6393,297.545,374.184,5.456,7.155,1,1,1.0
49,18,154.279,435.053,5.449,5.778,1,1,1.0
49,22,132.880,440.309,7.471,4.843,1,1,1.0
49,24,185.520,438.534,5.015,4.926,1,1,1.0
49,25,178.816,439.003,6.560,5.991,1,1,1.0
49,29,159.647,432.184,4.159,8.011,1,1,1.0
49,40,372.994,404.782,4.297,6.853,1,1,1.0
49,41,408.317,398.377,4.120,9.556,1,1,1.0
49,42,385.401,440.591,4.895,3.950,1,1,1.0
49,43,424.105,441.923,4.405,4.593,1,1,1.0
49,44,434.878,270.746,4.368,7.635,1,1,1.0
49,45,520.834,375.389,6.750,5.875,1,1,1.0
49,47,506.596,442.357,4.406,4.231,1,1,1.0
49,48,493.844,437.405,4.447,7.406,1,1,1.0
49,49,512.952,425.103,5.850,6.784,1,1,1.0
49,50,492.425,311.752,3.970,7.589,1,1,1.0
49,54,530.997,440.727,3.388,4.353,1,1,1.0
49,55,556.944,441.538,4.442,4.203,1,1,1.0
49,57,628.110,434.488,6.299,8.994,1,1,1.0
49,59,616.980,342.770,4.528,7.432,1,1,1.0
49,60,654.757,438.793,4.664,4.118,1,1,1.0
49,61,649.931,379.569,7.469,4.407,1,1,1.0
49,62,629.372,433.139,4.991,6.216,1,1,1.0
49,63,667.469,442.422,6.680,4.867,1,1,1.0
49,66,621.297,440.846,4.534,5.059,1,1,1.0
49,6366,6.001,399.870,5.000,6.000,1,1,1.0
49,6367,41.722,410.305,5.370,7.697,1,1,1.0
49,6368,60.138,398.934,4.749,7.567,1,1,1.0
49,6369,67.807,261.987,3.792,8.561,1,1,1.0
49,6370,53.613,437.992,5.000,6.000,1,1,1.0
49,6372,50.173,439.081,8.142,5.667,1,1,1.0
49,6373,12.403,439.415,5.109,3.937,1,1,1.0
49,6389,297.086,373.785,4.406,7.165,1,1,1.0
49,6390,287.625,365.024,4.009,8.283,1,1,1.0
49,6391,273.575,426.811,5.543,4.017,1,1,1.0
49,6392,253.659,438.196,6.028,6.244,1,1,1.0
49,6393,307.361,366.036,4.807,4.443,1,1,1.0
50,18,154.288,434.884,5.392,6.435,1,1,1.0
50,22,132.386,440.423,7.210,5.284,1,1,1.0
50,29,159.730,431.891,4.221,8.255,1,1,1.0
50,40,373.017,403.328,4.155,6.221,1,1,1.0
50,41,407.664,396.862,4.131,9.485,1,1,1.0
50,42,385.691,440.678,4.757,4.072,1,1,1.0
50,43,424.016,441.919,4.401,4.657,1,1,1.0
50,44,435.452,268.690,4.356,7.482,1,1,1.0
50,45,515.630,371.202,6.616,4.307,1,1,1.0
50,47,506.545,442.437,4.609,4.377,1,1,1.0
50,48,493.834,436.748,3.046,7.211,1,1,1.0
50,49,511.705,424.104,5.800,6.764,1,1,1.0
50,50,492.748,309.889,4.061,7.287,1,1,1.0
50,54,530.329,440.936,3.711,4.171,1,1,1.0
50,55,557.016,441.707,3.891,4.487,1,1,1.0
50,57,628.003,436.036,5.840,7.152,1,1,1.0
50,59,618.088,340.272,4.514,7.718,1,1,1.0
50,60,653.937,438.817,4.991,6.216,1,1,1.0
50,61,648.004,379.743,7.542,4.267,1,1,1.0
50,62,654.685,436.573,4.991,6.216,1,1,1.0
50,63,666.660,442.927,7.090,4.267,1,1,1.0
50,65,654.509,435.214,6.374,7.969,1,1,1.0
50,66,622.307,441.144,3.755,4.568,1,1,1.0
50,6366,6.001,399.870,5.000,6.000,1,1,1.0
50,6367,41.989,410.273,5.207,7.483,1,1,1.0
50,6368,59.990,396.797,3.727,8.072,1,1,1.0
50,6369,68.329,258.500,3.781,8.802,1,1,1.0
50,6370,51.949,438.384,5.000,6.000,1,1,1.0
50,6372,49.231,439.574,7.584,5.193,1,1,1.0
50,6373,12.477,439.396,4.996,3.954,1,1,1.0
50,6388,269.788,420.583,5.830,6.408,1,1,1.0
50,6389,313.057,398.949,3.596,5.707,1,1,1.0
50,6390,308.040,366.117,5.196,4.333,1,1,1.0
50,6391,297.803,372.744,4.390,7.504,1,1,1.0
50,6392,287.699,364.644,3.986,8.497,1,1,1.0
51,18,154.258,435.240,5.552,5.999,1,1,1.0
51,22,132.421,440.657,6.723,5.415,1,1,1.0
51,24,184.792,438.258,5.617,5.705,1,1,1.0
51,25,178.470,436.826,5.684,7.194,1,1,1.0
51,29,159.735,431.163,5.021,6.687,1,1,1.0
51,40,373.316,402.218,3.979,6.202,1,1,1.0
51,41,407.418,395.228,3.955,9.037,1,1,1.0
51,42,386.302,440.539,4.411,4.267,1,1,1.0
51,43,424.211,441.874,4.263,4.765,1,1,1.0
51,44,435.805,266.578,4.330,7.439,1,1,1.0
51,45,492.259,354.546,3.865,6.312,1,1,1.0
51,47,506.269,442.341,4.863,4.694,1,1,1.0
51,48,492.770,434.620,3.338,7.758,1,1,1.0
51,49,510.384,423.350,5.633,6.850,1,1,1.0
51,50,493.201,308.029,3.870,7.313,1,1,1.0
51,54,530.283,440.915,3.860,4.000,1,1,1.0
51,55,557.049,441.787,4.168,4.511,1,1,1.0
51,57,627.991,435.393,5.951,7.609,1,1,1.0
51,59,619.775,337.955,5.014,7.365,1,1,1.0
51,60,654.887,438.798,4.570,4.602,1,1,1.0
51,61,646.319,380.237,7.516,4.372,1,1,1.0
51,62,666.952,438.253,4.991,6.216,1,1,1.0
51,63,666.664,441.939,5.663,6.203,1,1,1.0
51,66,622.115,441.114,3.755,4.634,1,1,1.0
51,6366,6.001,399.870,5.000,6.000,1,1,1.0
51,6367,41.975,410.650,5.411,7.200,1,1,1.0
51,6368,60.130,394.078,3.581,9.031,1,1,1.0
51,6369,68.496,254.555,3.716,8.626,1,1,1.0
51,6370,50.871,438.188,5.000,6.000,1,1,1.0
51,6372,48.057,439.521,7.966,5.018,1,1,1.0
51,6373,12.530,439.455,4.955,4.013,1,1,1.0
51,6380,265.742,418.217,4.736,7.663,1,1,1.0
51,6388,285.984,362.603,3.346,7.744,1,1,1.0
51,6390,313.061,399.002,3.661,5.676,1,1,1.0
51,6391,309.542,366.075,4.823,4.374,1,1,1.0
51,6392,297.838,372.756,4.607,7.638,1,1,1.0
52,22,132.221,440.247,6.769,5.491,1,1,1.0
52,25,186.270,405.311,4.773,5.310,1,1,1.0
52,29,159.984,430.330,5.007,6.948,1,1,1.0
52,40,373.568,400.340,4.255,6.058,1,1,1.0
52,41,406.611,393.188,3.928,9.272,1,1,1.0
52,42,387.498,440.595,4.730,4.112,1,1,1.0
52,43,424.204,441.886,4.169,4.714,1,1,1.0
52,44,436.221,264.556,4.197,7.501,1,1,1.0
52,45,492.588,354.757,3.813,7.145,1,1,1.0
52,47,506.189,442.271,4.927,4.671,1,1,1.0
52,48,492.997,432.621,3.526,7.472,1,1,1.0
52,49,509.260,421.639,5.998,7.041,1,1,1.0
52,50,493.429,306.744,4.077,7.738,1,1,1.0
52,54,530.027,440.685,4.092,4.121,1,1,1.0
52,55,556.892,441.980,4.242,4.224,1,1,1.0
52,57,627.607,434.721,6.347,8.246,1,1,1.0
52,59,621.599,336.041,5.320,6.781,1,1,1.0
52,60,654.739,439.007,4.179,4.053,1,1,1.0
52,61,644.886,381.098,7.348,4.532,1,1,1.0
52,62,661.848,438.733,5.254,5.542,1,1,1.0
52,63,664.141,443.092,7.172,4.675,1,1,1.0
52,66,622.304,441.100,3.637,4.514,1,1,1.0
52,6366,6.001,399.870,5.000,6.000,1,1,1.0
52,6367,42.089,410.407,5.571,7.547,1,1,1.0
52,6368,61.662,391.508,4.139,8.907,1,1,1.0
52,6369,68.743,250.646,3.799,8.724,1,1,1.0
52,6370,49.794,438.580,5.000,6.000,1,1,1.0
52,6372,46.548,439.589,8.538,4.722,1,1,1.0
52,6373,11.984,439.725,5.344,4.084,1,1,1.0
52,6377,270.448,344.157,5.253,7.208,1,1,1.0
52,6380,266.097,418.160,4.616,7.270,1,1,1.0
52,6388,297.634,371.657,4.632,8.321,1,1,1.0
52,6391,312.942,399.023,3.743,5.730,1,1,1.0
52,6392,309.960,365.750,4.913,4.465,1,1,1.0
53,22,132.023,440.150,6.796,5.645,1,1,1.0
53,25,184.392,404.751,5.368,7.199,1,1,1.0
53,29,159.893,430.463,5.178,6.705,1,1,1.0
53,40,373.822,398.862,4.512,6.182,1,1,1.0
53,41,405.414,392.613,4.329,9.270,1,1,1.0
53,42,389.016,440.873,5.016,4.159,1,1,1.0
53,43,424.169,441.894,4.123,4.821,1,1,1.0
53,44,436.186,262.562,4.287,7.616,1,1,1.0
53,45,492.626,354.234,3.968,7.050,1,1,1.0
53,47,506.206,442.134,4.713,4.695,1,1,1.0
53,48,492.734,430.277,3.703,7.761,1,1,1.0
53,49,508.450,420.524,5.546,7.255,1,1,1.0
53,50,493.523,305.143,4.156,7.845,1,1,1.0
53,54,530.072,440.670,3.967,4.104,1,1,1.0
53,55,556.827,441.979,4.341,4.162,1,1,1.0
53,57,627.770,433.957,6.578,8.287,1,1,1.0
53,59,623.955,334.074,5.069,7.194,1,1,1.0
53,60,654.676,438.905,4.311,4.235,1,1,1.0
53,61,643.685,380.954,7.237,4.714,1,1,1.0
53,62,672.201,435.343,4.360,7.094,1,1,1.0
53,63,662.709,442.610,4.991,6.216,1,1,1.0
53,66,622.124,441.297,3.474,4.530,1,1,1.0
53,6366,6.405,398.815,6.000,6.216,1,1,1.0
53,6367,48.758,406.791,6.455,4.859,1,1,1.0
53,6368,62.969,389.315,3.846,8.264,1,1,1.0
53,6369,68.685,246.961,3.774,8.996,1,1,1.0
53,6370,49.109,438.580,5.000,6.000,1,1,1.0
53,6372,45.072,439.500,9.053,4.657,1,1,1.0
53,6373,11.764,439.636,5.503,4.351,1,1,1.0
53,6377,253.518,438.411,6.320,6.016,1,1,1.0
53,6380,252.030,308.370,3.994,9.327,1,1,1.0
53,6388,297.566,371.491,4.682,8.329,1,1,1.0
53,6390,312.910,399.036,3.842,5.771,1,1,1.0
53,6391,266.359,417.986,4.566,7.706,1,1,1.0
53,6392,310.103,365.352,4.982,4.594,1,1,1.0
54,22,132.241,440.633,6.449,4.910,1,1,1.0
54,24,185.966,431.131,4.339,8.880,1,1,1.0
54,29,154.221,435.006,5.835,5.626,1,1,1.0
54,40,374.297,397.184,4.699,6.481,1,1,1.0
54,41,404.644,391.758,4.571,9.244,1,1,1.0
54,42,390.524,440.813,5.205,4.268,1,1,1.0
54,43,424.200,441.900,4.149,4.914,1,1,1.0
54,44,436.577,260.770,4.116,7.244,1,1,1.0
54,45,492.683,353.492,4.042,7.073,1,1,1.0
54,47,506.148,442.118,4.718,4.616,1,1,1.0
54,48,492.914,428.280,3.698,7.420,1,1,1.0
54,49,507.109,419.262,5.765,7.227,1,1,1.0
54,50,493.805,303.452,4.155,7.678,1,1,1.0
54,54,529.969,440.571,4.094,4.220,1,1,1.0
54,55,556.282,441.935,4.281,4.036,1,1,1.0
54,57,628.016,433.832,6.492,8.066,1,1,1.0
54,59,625.675,331.822,5.841,7.354,1,1,1.0
54,60,653.665,438.341,4.991,6.216,1,1,1.0
54,61,643.407,380.650,7.049,4.196,1,1,1.0
54,62,666.109,438.129,7.034,4.685,1,1,1.0
54,63,660.169,441.884,4.991,6.216,1,1,1.0
54,66,621.863,441.393,3.689,4.540,1,1,1.0
54,6366,28.111,391.398,7.744,7.541,1,1,1.0
54,6367,48.708,403.773,5.969,9.002,1,1,1.0
54,6368,64.452,386.755,5.444,11.907,1,1,1.0
54,6370,68.972,242.892,3.960,9.279,1,1,1.0
54,6372,44.538,439.937,6.877,4.360,1,1,1.0
54,6373,12.355,439.432,4.682,4.383,1,1,1.0
54,6377,264.031,269.966,4.274,9.363,1,1,1.0
54,6388,266.651,417.159,4.413,7.932,1,1,1.0
54,6390,312.865,399.110,3.876,5.948,1,1,1.0
54,6391,297.505,371.027,4.852,8.552,1,1,1.0
54,6392,311.105,364.678,4.799,4.869,1,1,1.0
55,22,132.236,440.546,6.298,5.030,1,1,1.0
55,29,153.830,435.304,6.007,5.305,1,1,1.0
55,40,374.857,395.383,5.159,6.368,1,1,1.0
55,41,403.938,390.481,4.604,9.016,1,1,1.0
55,42,391.723,440.724,5.113,4.228,1,1,1.0
55,43,424.267,441.887,4.208,4.870,1,1,1.0
55,44,436.996,258.633,4.153,7.669,1,1,1.0
55,45,492.599,352.991,4.034,6.802,1,1,1.0
55,47,506.251,442.074,4.642,4.539,1,1,1.0
55,48,492.960,425.344,4.024,7.776,1,1,1.0
55,49,506.277,417.462,5.518,7.791,1,1,1.0
55,50,493.977,302.504,4.032,7.947,1,1,1.0
55,54,530.047,440.224,3.867,4.102,1,1,1.0
55,55,555.839,441.723,4.153,4.035,1,1,1.0
55,57,628.297,433.465,5.971,8.374,1,1,1.0
55,59,627.008,329.924,5.763,7.686,1,1,1.0
55,60,652.781,438.001,4.991,6.216,1,1,1.0
55,61,643.405,380.070,6.753,4.296,1,1,1.0
55,62,673.597,442.414,5.276,4.497,1,1,1.0
55,63,656.227,441.621,6.950,4.226,1,1,1.0
55,66,620.748,440.689,4.559,3.922,1,1,1.0
55,6366,51.940,367.359,3.783,9.013,1,1,1.0
55,6367,59.151,380.657,5.526,6.716,1,1,1.0
55,6368,65.095,383.955,4.107,7.639,1,1,1.0
55,6369,69.199,239.036,3.776,8.561,1,1,1.0
55,6370,63.278,394.165,4.397,7.598,1,1,1.0
55,6372,44.293,439.988,6.980,4.319,1,1,1.0
55,6373,12.226,439.476,4.845,4.384,1,1,1.0
55,6380,283.658,232.764,3.729,9.616,1,1,1.0
55,6388,297.352,370.824,4.633,8.363,1,1,1.0
55,6391,312.974,399.213,3.781,5.860,1,1,1.0
55,6392,311.940,364.085,4.446,5.285,1,1,1.0
56,18,162.776,433.060,4.901,5.546,1,1,1.0
56,22,131.950,440.478,6.416,5.172,1,1,1.0
56,29,154.032,435.994,5.793,5.480,1,1,1.0
56,40,376.268,394.376,5.038,5.674,1,1,1.0
56,41,403.439,389.265,4.460,8.983,1,1,1.0
56,42,392.847,440.489,5.043,4.309,1,1,1.0
56,43,424.283,441.917,4.199,4.804,1,1,1.0
56,44,436.958,256.834,3.960,7.785,1,1,1.0
56,45,492.550,353.161,3.971,5.921,1,1,1.0
56,47,506.260,441.995,4.728,4.692,1,1,1.0
56,48,493.117,423.200,3.892,7.455,1,1,1.0
56,49,505.523,416.475,5.332,7.410,1,1,1.0
56,50,494.087,301.908,3.976,7.970,1,1,1.0
56,54,530.194,439.917,3.857,4.452,1,1,1.0
56,55,555.625,441.676,3.896,4.565,1,1,1.0
56,57,628.651,432.844,5.603,8.373,1,1,1.0
56,59,628.702,327.933,5.749,7.479,1,1,1.0
56,60,652.237,438.205,4.991,6.216,1,1,1.0
56,61,642.441,378.944,6.787,4.755,1,1,1.0
56,62,674.201,440.245,4.576,6.716,1,1,1.0
56,63,654.491,440.957,7.004,5.051,1,1,1.0
56,66,620.672,439.708,4.570,4.695,1,1,1.0
56,6366,55.480,341.458,5.522,6.330,1,1,1.0
56,6367,68.421,391.885,5.000,6.000,1,1,1.0
56,6368,66.356,381.134,3.908,7.693,1,1,1.0
56,6369,69.296,235.706,3.716,8.470,1,1,1.0
56,6370,68.611,391.664,5.732,8.396,1,1,1.0
56,6372,44.037,440.162,6.216,4.046,1,1,1.0
56,6373,12.399,439.691,4.720,4.157,1,1,1.0
56,6380,268.285,414.948,4.283,8.711,1,1,1.0
56,6388,273.075,195.088,5.544,9.407,1,1,1.0
56,6390,313.104,399.233,3.814,6.129,1,1,1.0
56,6391,312.241,363.659,4.391,5.217,1,1,1.0
56,6392,297.342,370.140,4.573,8.459,1,1,1.0
57,18,162.778,432.579,4.908,5.823,1,1,1.0
57,22,132.018,440.547,6.109,4.994,1,1,1.0
57,40,377.442,392.585,5.610,6.251,1,1,1.0
57,41,402.855,389.022,4.758,8.936,1,1,1.0
57,42,393.297,440.092,5.839,4.684,1,1,1.0
57,43,424.065,441.896,4.402,5.042,1,1,1.0
57,44,437.154,254.965,3.981,7.747,1,1,1.0
57,45,492.596,353.227,3.959,5.074,1,1,1.0
57,47,506.041,442.125,4.730,4.540,1,1,1.0
57,48,493.700,420.206,4.279,8.604,1,1,1.0
57,49,504.906,416.264,5.370,7.352,1,1,1.0
57,50,494.423,301.423,3.938,8.182,1,1,1.0
57,54,530.497,440.104,4.044,4.040,1,1,1.0
57,55,555.550,441.746,3.970,4.428,1,1,1.0
57,57,628.991,432.420,5.385,8.197,1,1,1.0
57,59,630.409,325.452,5.552,7.423,1,1,1.0
57,60,650.877,437.661,4.991,6.216,1,1,1.0
57,61,641.657,376.982,5.680,6.227,1,1,1.0
57,62,673.863,439.497,4.855,7.510,1,1,1.0
57,63,650.924,439.702,7.886,7.244,1,1,1.0
57,66,620.960,438.963,4.748,5.608,1,1,1.0
57,6366,49.738,339.703,5.842,7.650,1,1,1.0
57,6367,54.210,424.497,3.916,9.383,1,1,1.0
57,6368,66.963,378.453,3.860,7.702,1,1,1.0
57,6369,69.328,231.869,3.574,9.138,1,1,1.0
57,6370,61.039,403.261,3.651,8.275,1,1,1.0
57,6372,43.413,439.928,6.370,4.040,1,1,1.0
57,6373,12.551,439.847,4.759,4.136,1,1,1.0
57,6380,254.318,438.370,5.509,5.569,1,1,1.0
57,6388,297.099,369.773,4.737,8.419,1,1,1.0
57,6390,313.088,400.039,3.884,6.300,1,1,1.0
57,6391,269.699,413.323,4.329,9.041,1,1,1.0
57,6392,312.659,362.866,4.519,5.195,1,1,1.0
58,22,132.229,440.620,5.248,4.660,1,1,1.0
58,40,379.067,391.058,5.223,6.090,1,1,1.0
58,41,402.081,388.443,4.866,8.823,1,1,1.0
58,42,394.254,440.087,5.510,4.721,1,1,1.0
58,43,424.207,441.913,4.301,4.960,1,1,1.0
58,44,437.116,253.393,4.049,7.794,1,1,1.0
58,45,492.568,353.390,4.189,4.822,1,1,1.0
58,47,505.925,442.300,4.854,4.544,1,1,1.0
58,48,494.324,419.455,4.088,7.480,1,1,1.0
58,49,504.272,414.492,4.719,7.845,1,1,1.0
58,50,494.640,300.395,4.262,7.628,1,1,1.0
58,54,530.519,440.172,3.991,3.944,1,1,1.0
58,55,555.439,441.779,3.997,4.440,1,1,1.0
58,57,629.390,432.014,5.011,7.990,1,1,1.0
58,59,632.286,322.831,5.108,7.994,1,1,1.0
58,60,650.673,437.321,4.991,6.216,1,1,1.0
58,61,640.660,376.052,6.154,6.467,1,1,1.0
58,62,673.701,439.503,4.931,7.406,1,1,1.0
58,63,649.282,440.675,4.991,6.216,1,1,1.0
58,66,621.584,438.847,4.745,6.162,1,1,1.0
58,6366,58.878,355.990,4.217,7.361,1,1,1.0
58,6367,51.971,440.485,5.243,4.992,1,1,1.0
58,6368,68.158,376.053,4.214,7.518,1,1,1.0
58,6369,69.857,228.571,3.483,8.774,1,1,1.0
58,6370,66.218,403.245,4.999,5.938,1,1,1.0
58,6372,43.005,440.805,6.094,4.436,1,1,1.0
58,6373,11.838,439.629,5.351,4.450,1,1,1.0
58,6380,254.385,438.382,5.422,5.532,1,1,1.0
58,6388,262.391,175.553,7.485,4.058,1,1,1.0
58,6390,313.100,362.097,4.417,5.490,1,1,1.0
58,6391,270.668,411.652,4.257,8.792,1,1,1.0
58,6392,296.846,369.039,4.898,8.650,1,1,1.0
58,6393,313.475,400.328,3.741,7.302,1,1,1.0
59,18,161.034,433.778,5.128,5.289,1,1,1.0
59,22,132.417,440.799,5.358,4.871,1,1,1.0
59,24,185.485,439.305,5.436,5.094,1,1,1.0
59,29,154.235,435.321,5.054,5.250,1,1,1.0
59,40,380.510,389.008,5.490,6.114,1,1,1.0
59,41,401.006,387.890,5.886,8.249,1,1,1.0
59,42,395.148,440.112,5.265,4.406,1,1,1.0
59,43,424.216,441.944,4.324,4.819,1,1,1.0
59,44,436.928,251.007,4.261,7.583,1,1,1.0
59,45,493.143,353.381,4.782,4.392,1,1,1.0
59,47,505.937,442.324,4.787,4.514,1,1,1.0
59,48,495.681,418.159,3.529,6.052,1,1,1.0
59,49,504.540,412.402,3.509,9.001,1,1,1.0
59,50,529.239,283.495,5.526,6.413,1,1,1.0
59,54,530.414,440.166,4.132,3.962,1,1,1.0
59,55,555.259,441.435,4.057,4.802,1,1,1.0
59,57,629.575,431.717,4.938,8.349,1,1,1.0
59,59,633.539,321.058,5.474,8.079,1,1,1.0
59,60,650.673,438.341,4.991,6.216,1,1,1.0
59,61,639.653,374.665,6.404,6.755,1,1,1.0
59,62,673.621,440.826,5.211,6.016,1,1,1.0
59,63,648.314,441.401,4.991,6.216,1,1,1.0
59,66,621.416,438.243,5.086,6.140,1,1,1.0
59,6366,68.595,374.173,4.036,7.181,1,1,1.0
59,6367,56.834,358.128,5.142,7.242,1,1,1.0
59,6368,69.846,225.000,3.496,8.663,1,1,1.0
59,6370,54.897,440.428,5.389,4.389,1,1,1.0
59,6372,46.632,398.154,7.328,3.681,1,1,1.0
59,6373,12.152,439.661,5.199,4.398,1,1,1.0
59,6380,271.250,409.760,4.351,8.672,1,1,1.0
59,6388,294.261,184.640,5.154,5.274,1,1,1.0
59,6390,313.412,360.984,4.238,6.136,1,1,1.0
59,6391,313.595,401.467,3.697,7.552,1,1,1.0
59,6392,296.956,368.696,4.842,8.690,1,1,1.0
60,18,160.717,433.684,5.463,5.551,1,1,1.0
60,22,132.554,440.905,5.167,4.964,1,1,1.0
60,24,184.824,439.365,5.556,5.120,1,1,1.0
60,40,380.900,387.837,5.747,6.195,1,1,1.0
60,41,400.275,387.783,6.013,7.647,1,1,1.0
60,42,396.718,440.432,5.145,4.538,1,1,1.0
60,43,424.309,441.978,4.337,4.941,1,1,1.0
60,44,437.280,248.823,4.124,7.704,1,1,1.0
60,45,493.674,353.436,4.567,4.268,1,1,1.0
60,47,506.068,442.402,4.703,4.535,1,1,1.0
60,48,495.110,416.923,3.855,6.434,1,1,1.0
60,49,504.568,411.556,3.386,8.696,1,1,1.0
60,50,537.680,276.016,3.927,7.622,1,1,1.0
60,54,530.440,440.202,4.093,4.028,1,1,1.0
60,55,555.485,441.570,3.732,4.814,1,1,1.0
60,57,629.592,431.370,5.005,8.455,1,1,1.0
60,59,634.619,319.711,5.413,7.895,1,1,1.0
60,60,649.993,438.409,4.991,6.216,1,1,1.0
60,61,639.454,373.651,6.171,6.684,1,1,1.0
60,62,673.741,442.075,5.848,4.747,1,1,1.0
60,63,644.806,441.401,4.991,6.216,1,1,1.0
60,66,621.852,437.935,5.013,6.748,1,1,1.0
60,6366,57.671,357.434,5.293,7.730,1,1,1.0
60,6367,57.375,440.386,6.600,4.307,1,1,1.0
60,6368,70.109,221.463,3.529,8.470,1,1,1.0
60,6369,70.084,370.969,3.544,7.703,1,1,1.0
60,6370,20.381,394.554,3.894,7.813,1,1,1.0
60,6372,38.627,439.661,5.000,6.000,1,1,1.0
60,6373,12.487,439.765,4.674,4.284,1,1,1.0
60,6388,254.070,438.366,5.529,5.465,1,1,1.0
60,6389,313.506,360.143,4.245,5.899,1,1,1.0
60,6390,296.864,368.350,4.807,8.550,1,1,1.0
60,6391,293.693,209.648,6.584,10.570,1,1,1.0
60,6392,272.018,408.877,4.395,8.646,1,1,1.0
60,6393,313.176,403.303,3.679,7.465,1,1,1.0
61,18,161.173,434.069,5.046,5.260,1,1,1.0
61,22,132.528,441.273,5.216,4.589,1,1,1.0
61,24,138.499,426.251,5.659,5.055,1,1,1.0
61,29,154.552,434.832,5.432,4.560,1,1,1.0
61,40,382.476,385.998,6.144,6.475,1,1,1.0
61,41,399.238,387.137,6.565,7.354,1,1,1.0
61,42,397.898,441.046,5.695,4.039,1,1,1.0
61,43,424.486,442.033,4.444,4.839,1,1,1.0
61,44,437.170,246.269,4.082,8.037,1,1,1.0
61,45,493.753,353.544,4.713,4.329,1,1,1.0
61,47,506.011,442.464,4.563,4.330,1,1,1.0
61,48,496.306,416.562,4.343,5.455,1,1,1.0
61,49,505.006,409.726,3.523,8.218,1,1,1.0
61,50,537.279,275.094,3.757,8.635,1,1,1.0
61,54,530.558,440.177,4.102,3.792,1,1,1.0
61,55,555.231,441.970,4.020,4.402,1,1,1.0
61,57,629.634,431.102,5.219,8.528,1,1,1.0
61,59,635.782,318.031,5.763,7.935,1,1,1.0
61,60,649.585,438.341,4.991,6.216,1,1,1.0
61,61,638.718,372.627,6.192,7.151,1,1,1.0
61,62,674.246,441.661,4.839,5.147,1,1,1.0
61,63,646.453,441.214,4.991,6.216,1,1,1.0
61,66,622.659,438.970,4.577,5.609,1,1,1.0
61,6366,36.674,440.922,5.069,4.355,1,1,1.0
61,6367,57.830,356.973,4.663,8.124,1,1,1.0
61,6368,70.364,218.436,3.179,8.777,1,1,1.0
61,6369,60.170,439.427,4.479,6.340,1,1,1.0
61,6370,18.765,404.085,4.874,4.493,1,1,1.0
61,6372,36.996,439.480,5.000,6.000,1,1,1.0
61,6373,12.459,439.898,4.872,4.072,1,1,1.0
61,6376,71.006,367.896,3.307,7.295,1,1,1.0
61,6380,254.749,399.115,6.148,8.818,1,1,1.0
61,6388,272.251,408.651,4.631,8.973,1,1,1.0
61,6390,304.825,263.216,6.856,8.992,1,1,1.0
61,6391,313.382,404.752,3.623,7.594,1,1,1.0
61,6392,296.019,367.621,4.233,8.274,1,1,1.0
61,6393,313.506,359.425,4.341,5.961,1,1,1.0
62,18,161.182,433.914,5.203,5.214,1,1,1.0
62,22,132.598,441.341,5.456,4.596,1,1,1.0
62,24,139.440,425.480,6.095,5.069,1,1,1.0
62,25,174.819,444.211,5.743,5.729,1,1,1.0
62,29,154.014,434.824,5.477,4.819,1,1,1.0
62,40,383.980,383.795,5.310,7.543,1,1,1.0
62,41,397.720,386.718,6.974,7.345,1,1,1.0
62,42,399.105,441.144,5.867,4.126,1,1,1.0
62,43,424.806,442.172,4.434,4.775,1,1,1.0
62,44,436.990,244.237,3.983,7.729,1,1,1.0
62,45,494.191,353.963,4.544,4.428,1,1,1.0
62,47,506.001,442.662,4.519,4.473,1,1,1.0
62,48,496.338,415.681,4.743,5.881,1,1,1.0
62,49,505.133,407.991,3.693,8.841,1,1,1.0
62,50,537.356,274.489,3.829,8.986,1,1,1.0
62,54,530.431,440.114,4.146,3.872,1,1,1.0
62,55,555.161,441.990,4.154,4.320,1,1,1.0
62,57,629.561,431.142,5.201,7.925,1,1,1.0
62,59,637.609,316.312,5.799,7.707,1,1,1.0
62,60,649.245,438.613,4.991,6.216,1,1,1.0
62,61,637.973,371.785,5.974,6.989,1,1,1.0
62,62,674.618,441.799,4.867,4.873,1,1,1.0
62,63,644.443,441.038,4.991,6.216,1,1,1.0
62,66,620.124,440.473,5.439,4.152,1,1,1.0
62,6366,60.725,440.606,7.431,4.225,1,1,1.0
62,6367,70.291,214.882,3.165,8.682,1,1,1.0
62,6369,71.652,365.387,3.371,6.708,1,1,1.0
62,6370,12.681,407.804,4.381,5.285,1,1,1.0
62,6372,56.748,355.001,4.366,8.583,1,1,1.0
62,6373,12.297,440.043,5.206,3.866,1,1,1.0
62,6380,253.713,375.404,6.011,4.608,1,1,1.0
62,6388,267.380,313.227,7.363,9.299,1,1,1.0
62,6390,313.021,406.317,3.658,7.484,1,1,1.0
62,6391,272.352,408.750,4.544,8.835,1,1,1.0
62,6392,295.496,366.711,4.620,8.284,1,1,1.0
62,6393,313.464,358.452,4.276,5.891,1,1,1.0
63,18,161.478,433.758,4.793,5.512,1,1,1.0
63,22,131.725,437.970,6.477,8.317,1,1,1.0
63,25,174.669,444.069,6.000,5.961,1,1,1.0
63,29,154.223,434.802,5.149,4.698,1,1,1.0
63,40,384.593,381.176,4.374,8.895,1,1,1.0
63,41,396.936,386.668,7.113,7.136,1,1,1.0
63,42,401.837,441.156,5.978,4.579,1,1,1.0
63,43,425.285,442.278,4.740,4.853,1,1,1.0
63,44,436.787,242.346,4.061,7.622,1,1,1.0
63,45,494.520,354.631,4.727,4.603,1,1,1.0
63,47,505.948,442.924,4.479,4.658,1,1,1.0
63,48,495.916,414.151,5.454,6.891,1,1,1.0
63,49,505.078,406.320,3.428,8.890,1,1,1.0
63,50,537.217,273.814,3.816,8.656,1,1,1.0
63,54,530.414,440.109,4.076,3.917,1,1,1.0
63,55,555.274,441.983,4.318,4.394,1,1,1.0
63,57,629.743,430.694,5.180,8.139,1,1,1.0
63,59,638.597,315.512,5.650,7.445,1,1,1.0
63,60,648.905,439.089,4.991,6.216,1,1,1.0
63,61,636.950,371.147,6.262,6.435,1,1,1.0
63,62,675.378,441.458,4.332,4.932,1,1,1.0
63,63,642.629,441.038,4.991,6.216,1,1,1.0
63,66,619.742,440.830,6.384,4.309,1,1,1.0
63,6366,56.000,353.432,4.402,8.331,1,1,1.0
63,6367,60.374,440.479,7.378,4.181,1,1,1.0
63,6368,71.655,361.979,3.496,7.238,1,1,1.0
63,6369,70.343,212.290,3.271,8.396,1,1,1.0
63,6370,17.034,413.841,4.076,8.504,1,1,1.0
63,6372,33.677,440.795,6.823,3.767,1,1,1.0
63,6373,12.592,437.655,4.348,5.509,1,1,1.0
63,6388,252.315,325.902,4.549,7.944,1,1,1.0
63,6389,313.091,408.327,3.733,7.448,1,1,1.0
63,6390,272.292,408.836,4.591,8.800,1,1,1.0
63,6392,256.855,373.721,3.645,8.378,1,1,1.0
63,6393,295.363,366.074,4.650,8.460,1,1,1.0
64,18,161.037,433.824,5.050,5.368,1,1,1.0
64,22,132.878,440.621,7.144,5.385,1,1,1.0
64,24,135.374,438.291,6.620,5.503,1,1,1.0
64,25,174.327,443.595,5.796,6.185,1,1,1.0
64,29,155.029,434.638,4.868,4.885,1,1,1.0
64,40,384.855,378.549,4.278,9.033,1,1,1.0
64,41,396.557,386.860,7.241,6.881,1,1,1.0
64,42,404.724,441.763,5.354,5.090,1,1,1.0
64,43,425.271,442.043,4.823,4.372,1,1,1.0
64,44,436.800,239.837,4.131,7.903,1,1,1.0
64,45,494.856,354.594,4.637,4.858,1,1,1.0
64,47,505.966,442.957,4.394,4.596,1,1,1.0
64,48,496.618,412.617,5.571,7.579,1,1,1.0
64,49,504.495,404.418,3.680,8.365,1,1,1.0
64,50,536.922,272.307,3.766,8.498,1,1,1.0
64,54,530.506,440.022,4.031,4.003,1,1,1.0
64,55,555.208,441.998,4.249,4.435,1,1,1.0
64,57,629.734,429.941,5.063,8.541,1,1,1.0
64,59,639.517,314.688,5.531,7.524,1,1,1.0
64,60,649.245,438.205,4.991,6.216,1,1,1.0
64,61,635.943,370.325,5.842,6.042,1,1,1.0
64,62,675.347,441.755,4.296,4.919,1,1,1.0
64,63,642.024,441.642,4.991,6.216,1,1,1.0
64,66,619.860,441.046,6.225,4.234,1,1,1.0
64,6366,55.949,352.539,4.224,8.737,1,1,1.0
64,6367,59.024,439.390,7.332,4.356,1,1,1.0
64,6368,71.865,359.306,3.642,7.339,1,1,1.0
64,6369,70.380,209.126,3.408,8.426,1,1,1.0
64,6370,27.454,427.895,6.491,4.929,1,1,1.0
64,6372,33.299,440.029,6.172,4.373,1,1,1.0
64,6373,19.199,431.788,4.361,6.331,1,1,1.0
64,6388,252.316,325.911,4.318,8.169,1,1,1.0
64,6389,277.852,377.044,3.660,7.266,1,1,1.0
64,6390,272.338,407.622,4.843,8.358,1,1,1.0
64,6393,295.532,365.359,4.745,8.529,1,1,1.0
65,18,161.352,433.826,5.418,5.226,1,1,1.0
65,22,132.277,440.840,6.572,4.881,1,1,1.0
65,24,136.949,438.384,6.090,5.319,1,1,1.0
65,25,173.722,443.333,5.990,6.612,1,1,1.0
65,27,184.836,438.836,6.093,5.451,1,1,1.0
65,29,155.810,434.215,5.332,5.411,1,1,1.0
65,40,385.339,376.325,4.182,9.084,1,1,1.0
65,41,395.855,386.597,7.335,6.778,1,1,1.0
65,42,407.284,441.387,5.654,5.454,1,1,1.0
65,43,424.599,442.156,4.861,4.885,1,1,1.0
65,44,436.783,237.682,4.212,7.919,1,1,1.0
65,45,494.934,354.672,4.663,4.878,1,1,1.0
65,47,505.973,442.921,4.422,4.610,1,1,1.0
65,48,497.574,410.538,4.862,8.284,1,1,1.0
65,49,503.108,403.033,4.587,7.814,1,1,1.0
65,50,537.159,270.373,3.779,8.483,1,1,1.0
65,54,530.600,440.108,4.158,3.967,1,1,1.0
65,55,554.951,441.615,4.355,4.622,1,1,1.0
65,57,629.397,429.305,5.227,8.979,1,1,1.0
65,59,640.903,313.187,5.372,7.668,1,1,1.0
65,60,651.234,434.967,3.846,8.000,1,1,1.0
65,61,634.364,368.970,6.135,6.167,1,1,1.0
65,62,675.269,442.057,4.303,4.694,1,1,1.0
65,63,640.908,441.143,5.161,4.282,1,1,1.0
65,66,619.889,441.566,5.471,3.891,1,1,1.0
65,6366,55.468,351.706,4.449,8.526,1,1,1.0
65,6367,57.835,439.501,7.481,4.276,1,1,1.0
65,6368,71.668,357.075,3.545,7.394,1,1,1.0
65,6369,70.677,206.872,3.642,7.983,1,1,1.0
65,6370,31.679,437.929,5.000,6.000,1,1,1.0
65,6372,31.615,439.729,7.415,4.655,1,1,1.0
65,6373,12.728,426.876,3.704,6.940,1,1,1.0
65,6388,273.593,436.220,8.386,11.299,1,1,1.0
65,6389,312.470,355.990,4.937,6.154,1,1,1.0
65,6390,295.430,365.370,4.550,8.470,1,1,1.0
65,6391,252.234,325.889,4.377,8.255,1,1,1.0
65,6392,272.477,406.219,4.812,8.200,1,1,1.0
65,6393,313.237,410.125,3.702,7.627,1,1,1.0
66,22,131.840,440.760,6.454,4.804,1,1,1.0
66,24,137.142,438.937,6.239,4.999,1,1,1.0
66,25,173.070,443.981,5.989,5.885,1,1,1.0
66,27,184.954,438.840,5.998,5.327,1,1,1.0
66,40,385.365,373.669,4.007,9.139,1,1,1.0
66,41,395.290,386.258,7.444,6.726,1,1,1.0
66,42,409.010,441.583,6.018,5.073,1,1,1.0
66,43,423.519,441.866,4.988,4.889,1,1,1.0
66,44,436.555,235.835,4.187,7.875,1,1,1.0
66,45,494.871,354.690,4.727,4.840,1,1,1.0
66,47,505.957,442.939,4.506,4.732,1,1,1.0
66,48,498.078,409.949,4.164,7.476,1,1,1.0
66,49,502.034,401.629,4.718,7.246,1,1,1.0
66,50,537.576,268.565,4.193,7.220,1,1,1.0
66,54,530.453,440.245,4.224,4.067,1,1,1.0
66,55,555.047,441.542,4.293,4.742,1,1,1.0
66,57,629.601,429.001,5.091,8.524,1,1,1.0
66,59,640.992,313.041,5.480,7.878,1,1,1.0
66,60,648.846,396.174,4.455,6.687,1,1,1.0
66,61,633.433,368.490,6.130,5.990,1,1,1.0
66,62,675.082,441.936,4.362,4.845,1,1,1.0
66,63,639.664,441.579,4.833,4.011,1,1,1.0
66,66,619.758,441.258,5.397,3.797,1,1,1.0
66,6366,54.910,350.995,5.160,8.241,1,1,1.0
66,6367,57.544,439.456,7.615,4.350,1,1,1.0
66,6368,72.068,354.786,3.304,7.395,1,1,1.0
66,6369,71.280,205.141,3.790,7.410,1,1,1.0
66,6370,31.479,438.327,5.000,6.000,1,1,1.0
66,6372,32.118,440.834,6.499,4.563,1,1,1.0
66,6373,21.087,419.120,3.799,9.435,1,1,1.0
66,6388,271.314,440.497,8.072,5.083,1,1,1.0
66,6389,312.519,355.578,4.982,6.116,1,1,1.0
66,6391,252.254,325.658,4.356,8.173,1,1,1.0
66,6392,273.806,404.429,4.422,8.347,1,1,1.0
66,6393,313.319,410.179,3.657,7.489,1,1,1.0
67,22,131.833,440.781,6.138,4.697,1,1,1.0
67,24,137.168,439.095,6.481,4.880,1,1,1.0
67,27,184.531,439.089,6.074,5.333,1,1,1.0
67,29,154.300,434.109,5.567,5.383,1,1,1.0
67,40,385.642,371.094,4.513,8.709,1,1,1.0
67,41,395.182,386.022,7.212,6.510,1,1,1.0
67,42,411.749,441.573,5.540,4.336,1,1,1.0
67,43,422.893,441.715,4.848,4.796,1,1,1.0
67,44,436.303,233.533,4.414,8.012,1,1,1.0
67,45,494.845,354.722,4.813,4.783,1,1,1.0
67,47,505.980,442.901,4.533,4.745,1,1,1.0
67,48,497.779,409.070,4.047,7.686,1,1,1.0
67,49,501.516,400.941,4.380,7.121,1,1,1.0
67,50,538.840,266.614,4.373,7.677,1,1,1.0
67,54,530.242,440.384,4.317,4.002,1,1,1.0
67,55,555.239,441.871,4.226,4.627,1,1,1.0
67,57,630.381,428.306,4.896,8.644,1,1,1.0
67,59,655.539,297.555,5.057,6.053,1,1,1.0
67,60,660.004,383.222,3.911,6.162,1,1,1.0
67,61,632.467,367.601,6.260,5.830,1,1,1.0
67,62,675.094,441.970,4.370,4.837,1,1,1.0
67,63,638.940,441.842,5.100,3.709,1,1,1.0
67,66,619.035,440.808,5.229,3.759,1,1,1.0
67,6366,53.902,350.655,5.800,6.811,1,1,1.0
67,6367,57.607,439.313,7.770,4.485,1,1,1.0
67,6368,72.154,352.479,3.409,7.343,1,1,1.0
67,6369,71.396,203.430,3.917,7.185,1,1,1.0
67,6370,32.675,438.626,5.000,6.000,1,1,1.0
67,6372,32.013,440.806,6.758,4.565,1,1,1.0
67,6373,24.595,412.052,5.156,5.963,1,1,1.0
67,6388,270.991,440.847,7.872,4.957,1,1,1.0
67,6389,311.963,354.696,5.421,5.631,1,1,1.0
67,6390,295.505,364.999,4.582,8.398,1,1,1.0
67,6391,252.174,325.593,4.424,8.017,1,1,1.0
67,6392,274.213,402.080,4.425,8.283,1,1,1.0
67,6393,313.428,410.214,3.627,7.459,1,1,1.0
68,22,131.858,440.642,6.592,4.798,1,1,1.0
68,24,137.142,439.130,6.910,4.822,1,1,1.0
68,27,184.366,439.514,5.948,5.136,1,1,1.0
68,29,154.488,433.937,5.532,5.320,1,1,1.0
68,40,386.237,368.373,4.812,8.282,1,1,1.0
68,41,395.098,386.021,7.111,6.314,1,1,1.0
68,42,413.848,441.579,6.381,4.259,1,1,1.0
68,43,421.850,441.692,5.501,4.648,1,1,1.0
68,44,435.786,231.612,4.443,8.098,1,1,1.0
68,45,494.768,355.051,4.924,4.470,1,1,1.0
68,47,505.973,442.907,4.542,4.757,1,1,1.0
68,48,498.046,407.217,3.753,8.420,1,1,1.0
68,49,500.245,401.158,4.653,6.092,1,1,1.0
68,50,540.095,264.363,4.514,7.781,1,1,1.0
68,54,530.235,440.222,4.290,4.122,1,1,1.0
68,55,555.160,441.854,4.210,4.594,1,1,1.0
68,57,630.290,427.549,4.916,8.702,1,1,1.0
68,59,680.254,284.058,4.283,6.340,1,1,1.0
68,60,663.587,395.731,4.192,8.758,1,1,1.0
68,61,631.178,366.506,6.411,6.194,1,1,1.0
68,62,675.035,442.065,4.427,4.669,1,1,1.0
68,63,638.460,441.779,5.579,3.923,1,1,1.0
68,66,618.462,440.676,5.239,3.794,1,1,1.0
68,6366,52.156,349.510,6.577,6.392,1,1,1.0
68,6367,57.044,438.971,8.034,4.703,1,1,1.0
68,6368,71.982,349.414,3.455,7.669,1,1,1.0
68,6369,71.653,201.434,4.028,7.479,1,1,1.0
68,6370,32.277,438.327,5.000,6.000,1,1,1.0
68,6372,31.802,440.851,6.605,4.596,1,1,1.0
68,6373,34.359,389.443,6.303,6.649,1,1,1.0
68,6380,252.168,325.456,4.440,8.145,1,1,1.0
68,6388,274.877,399.962,4.305,8.786,1,1,1.0
68,6389,313.516,410.250,3.676,7.480,1,1,1.0
68,6390,311.737,353.779,5.445,5.729,1,1,1.0
68,6391,270.870,440.896,7.687,4.969,1,1,1.0
68,6392,295.511,365.010,4.559,8.454,1,1,1.0
69,22,133.240,439.997,8.398,5.173,1,1,1.0
69,25,172.203,443.198,6.829,6.192,1,1,1.0
69,27,184.459,439.924,5.854,5.241,1,1,1.0
69,29,153.928,434.856,5.700,5.132,1,1,1.0
69,40,387.928,365.370,5.024,7.502,1,1,1.0
69,41,393.030,383.839,6.658,5.551,1,1,1.0
69,42,417.832,440.467,4.991,6.216,1,1,1.0
69,43,417.576,441.677,8.104,4.986,1,1,1.0
69,44,434.914,229.750,4.537,7.866,1,1,1.0
69,45,494.974,354.792,4.590,4.583,1,1,1.0
69,47,505.968,442.978,4.508,4.824,1,1,1.0
69,48,497.588,404.884,3.899,9.302,1,1,1.0
69,49,498.582,401.070,5.154,6.067,1,1,1.0
69,50,540.447,262.496,4.926,7.711,1,1,1.0
69,54,530.507,438.928,3.934,5.346,1,1,1.0
69,55,555.216,441.802,4.273,4.645,1,1,1.0
69,57,630.303,427.655,5.065,8.254,1,1,1.0
69,59,679.724,284.366,3.760,6.776,1,1,1.0
69,60,658.885,429.109,3.831,7.007,1,1,1.0
69,61,630.042,366.339,6.164,5.688,1,1,1.0
69,62,675.096,441.831,4.118,4.797,1,1,1.0
69,63,638.379,441.822,5.527,3.952,1,1,1.0
69,66,617.762,440.665,4.889,3.691,1,1,1.0
69,6366,50.019,348.403,6.889,6.104,1,1,1.0
69,6367,56.101,438.623,8.142,5.107,1,1,1.0
69,6368,71.758,199.932,4.080,7.193,1,1,1.0
69,6369,71.871,346.469,3.462,7.973,1,1,1.0
69,6370,32.376,438.128,5.000,6.000,1,1,1.0
69,6372,30.527,440.958,7.633,4.785,1,1,1.0
69,6373,57.376,356.573,7.040,7.145,1,1,1.0
69,6380,270.550,440.803,7.313,5.077,1,1,1.0
69,6388,295.420,365.011,4.581,8.471,1,1,1.0
69,6390,313.424,410.278,3.737,7.464,1,1,1.0
69,6391,275.751,398.987,4.621,8.688,1,1,1.0
69,6392,311.381,352.613,5.104,6.399,1,1,1.0
70,22,133.752,439.879,7.217,5.130,1,1,1.0
70,27,184.052,440.024,5.962,4.887,1,1,1.0
70,29,154.106,434.779,5.390,5.141,1,1,1.0
70,40,389.407,362.773,4.842,8.355,1,1,1.0
70,41,378.951,366.220,3.799,7.171,1,1,1.0
70,42,422.550,440.467,4.991,6.216,1,1,1.0
70,43,418.720,441.667,7.845,4.984,1,1,1.0
70,44,433.836,227.952,4.869,7.651,1,1,1.0
70,45,494.974,354.865,4.600,4.584,1,1,1.0
70,47,505.996,443.104,4.516,4.834,1,1,1.0
70,48,496.872,405.436,4.280,8.997,1,1,1.0
70,49,497.711,400.986,5.257,6.749,1,1,1.0
70,50,541.306,260.856,4.970,7.762,1,1,1.0
70,54,530.195,440.208,4.224,4.131,1,1,1.0
70,55,555.163,442.025,4.336,4.521,1,1,1.0
70,57,630.330,427.067,5.051,8.601,1,1,1.0
70,59,679.562,284.032,3.929,6.891,1,1,1.0
70,60,657.269,439.543,4.190,4.604,1,1,1.0
70,61,628.505,365.859,6.486,4.935,1,1,1.0
70,62,675.175,441.506,3.955,4.966,1,1,1.0
70,63,638.657,441.707,5.425,3.957,1,1,1.0
70,66,617.831,440.937,4.643,3.585,1,1,1.0
70,6366,49.000,348.636,7.186,5.888,1,1,1.0
70,6367,53.908,439.203,8.160,4.808,1,1,1.0
70,6368,72.054,344.553,3.743,7.561,1,1,1.0
70,6369,71.647,198.779,4.120,6.818,1,1,1.0
70,6370,31.778,438.427,5.000,6.000,1,1,1.0
70,6372,30.268,440.871,7.663,4.731,1,1,1.0
70,6373,55.969,342.740,5.883,5.191,1,1,1.0
70,6380,276.501,397.699,4.720,8.585,1,1,1.0
70,6388,310.432,351.601,5.828,6.194,1,1,1.0
70,6391,295.448,364.803,4.591,8.584,1,1,1.0
70,6392,313.487,410.465,3.832,7.361,1,1,1.0
71,22,134.689,440.214,8.071,4.740,1,1,1.0
71,27,184.163,439.805,6.081,4.618,1,1,1.0
71,29,154.056,434.758,5.270,5.012,1,1,1.0
71,40,389.715,362.048,4.952,8.030,1,1,1.0
71,41,379.842,364.925,3.714,8.296,1,1,1.0
71,42,416.130,442.250,6.780,4.167,1,1,1.0
71,43,422.856,441.733,6.330,4.355,1,1,1.0
71,44,433.273,226.314,4.923,7.738,1,1,1.0
71,45,495.015,354.892,4.582,4.659,1,1,1.0
71,47,505.944,443.109,4.536,4.798,1,1,1.0
71,48,497.005,404.698,4.292,9.037,1,1,1.0
71,49,497.860,400.799,5.159,6.084,1,1,1.0
71,50,541.628,259.361,4.707,7.743,1,1,1.0
71,54,530.407,440.236,4.159,4.007,1,1,1.0
71,55,555.287,442.124,4.701,4.322,1,1,1.0
71,57,630.478,426.671,4.953,8.590,1,1,1.0
71,59,679.542,283.707,3.963,7.144,1,1,1.0
71,60,656.683,439.619,4.326,4.393,1,1,1.0
71,61,627.229,364.985,6.380,4.961,1,1,1.0
71,63,675.244,441.393,3.901,4.831,1,1,1.0
71,63,638.711,441.798,5.347,3.931,1,1,1.0
71,66,616.234,441.144,4.805,3.805,1,1,1.0
71,6366,49.287,348.184,6.914,6.037,1,1,1.0
71,6367,50.310,439.270,7.995,4.359,1,1,1.0
71,6368,71.645,197.168,3.977,7.060,1,1,1.0
71,6369,71.836,342.535,3.812,7.666,1,1,1.0
71,6370,32.376,437.929,5.000,6.000,1,1,1.0
71,6372,29.664,440.681,7.503,4.531,1,1,1.0
71,6373,54.806,342.936,5.094,7.770,1,1,1.0
71,6377,270.626,440.857,7.101,4.986,1,1,1.0
71,6380,309.586,350.630,5.755,5.475,1,1,1.0
71,6391,313.615,410.569,3.838,7.381,1,1,1.0
72,22,135.211,440.334,10.233,5.247,1,1,1.0
72,27,184.046,439.589,5.994,4.830,1,1,1.0
72,29,154.065,434.917,5.308,4.907,1,1,1.0
72,40,389.710,361.892,4.831,8.334,1,1,1.0
72,41,380.107,362.796,3.438,9.048,1,1,1.0
72,42,413.893,441.845,6.374,4.012,1,1,1.0
72,43,424.544,441.457,6.546,4.433,1,1,1.0
72,44,432.436,224.694,4.931,7.506,1,1,1.0
72,45,495.015,355.176,4.531,4.580,1,1,1.0
72,47,505.946,443.031,4.601,4.732,1,1,1.0
72,48,496.754,404.712,3.750,8.455,1,1,1.0
72,49,498.421,399.975,4.416,6.170,1,1,1.0
72,50,542.222,256.926,4.196,7.997,1,1,1.0
72,54,530.295,440.250,4.325,3.994,1,1,1.0
72,55,555.268,442.161,4.519,4.440,1,1,1.0
72,57,630.515,426.266,4.850,8.441,1,1,1.0
72,59,679.512,283.699,3.963,7.143,1,1,1.0
72,60,656.827,439.685,4.751,4.386,1,1,1.0
72,61,626.332,364.869,6.416,4.728,1,1,1.0
72,62,674.557,441.302,4.040,4.779,1,1,1.0
72,63,638.651,441.869,5.343,3.871,1,1,1.0
72,66,615.487,441.406,5.011,3.570,1,1,1.0
72,6366,47.156,439.409,7.869,4.359,1,1,1.0
72,6367,48.233,348.774,6.791,5.744,1,1,1.0
72,6368,71.468,340.066,3.802,7.706,1,1,1.0
72,6369,71.607,195.695,3.871,6.763,1,1,1.0
72,6370,32.575,439.025,5.000,6.000,1,1,1.0
72,6372,28.828,440.685,8.279,4.149,1,1,1.0
72,6373,55.192,355.846,4.102,6.947,1,1,1.0
72,6380,252.594,322.193,4.515,8.882,1,1,1.0
72,6388,278.033,398.111,6.472,5.777,1,1,1.0
72,6389,313.452,410.792,3.413,7.439,1,1,1.0
72,6390,309.091,349.722,5.741,5.795,1,1,1.0
72,6391,270.540,440.880,6.980,4.921,1,1,1.0
72,6392,295.203,364.467,4.715,8.529,1,1,1.0
73,22,135.739,440.528,10.066,5.267,1,1,1.0
73,25,164.946,436.741,6.588,5.143,1,1,1.0
73,27,184.532,439.440,5.326,4.357,1,1,1.0
73,29,154.642,434.716,5.457,5.239,1,1,1.0
73,40,389.862,361.826,4.827,8.233,1,1,1.0
73,41,380.258,361.832,3.626,8.845,1,1,1.0
73,42,411.314,442.029,6.644,4.160,1,1,1.0
73,43,426.468,441.084,6.396,4.283,1,1,1.0
73,44,431.095,223.536,5.335,6.650,1,1,1.0
73,45,494.992,354.855,4.734,4.961,1,1,1.0
73,47,505.875,443.107,4.594,4.646,1,1,1.0
73,48,496.680,404.451,3.867,8.417,1,1,1.0
73,49,497.393,399.817,5.074,5.021,1,1,1.0
73,50,542.910,254.962,3.946,7.941,1,1,1.0
73,54,530.254,440.359,4.629,3.896,1,1,1.0
73,55,555.046,442.138,4.591,4.524,1,1,1.0
73,57,630.870,425.882,6.052,7.982,1,1,1.0
73,59,679.858,282.956,3.724,7.323,1,1,1.0
73,60,656.820,439.433,5.152,4.748,1,1,1.0
73,61,625.158,363.866,6.196,5.121,1,1,1.0
73,62,674.570,441.408,4.013,4.798,1,1,1.0
73,63,634.766,425.554,4.991,6.216,1,1,1.0
73,66,615.694,441.441,4.682,3.871,1,1,1.0
73,6366,47.922,348.393,6.774,5.795,1,1,1.0
73,6367,44.982,439.546,8.101,4.473,1,1,1.0
73,6368,71.178,194.764,4.121,6.591,1,1,1.0
73,6369,70.791,337.615,3.637,7.594,1,1,1.0
73,6370,32.501,439.622,5.000,6.000,1,1,1.0
73,6372,27.992,440.701,8.292,4.284,1,1,1.0
73,6373,50.028,377.686,3.703,7.647,1,1,1.0
73,6380,252.626,320.812,4.488,8.291,1,1,1.0
73,6388,280.191,398.148,6.356,5.466,1,1,1.0
73,6389,313.009,411.079,3.449,7.364,1,1,1.0
73,6390,308.136,348.408,5.650,5.718,1,1,1.0
73,6391,270.593,440.969,6.975,4.818,1,1,1.0
73,6392,294.981,364.080,4.860,8.467,1,1,1.0
74,27,183.687,439.697,5.182,3.889,1,1,1.0
74,29,155.181,434.298,5.230,5.568,1,1,1.0
74,40,390.451,360.693,4.952,8.438,1,1,1.0
74,41,380.060,361.540,3.720,8.823,1,1,1.0
74,42,409.448,442.260,6.652,4.135,1,1,1.0
74,43,427.104,441.173,7.070,4.211,1,1,1.0
74,44,430.218,222.784,5.191,6.358,1,1,1.0
74,45,495.281,354.752,4.956,5.529,1,1,1.0
74,47,505.829,443.121,4.591,4.580,1,1,1.0
74,48,496.472,404.207,3.716,7.940,1,1,1.0
74,49,497.075,399.206,5.120,4.821,1,1,1.0
74,50,542.707,252.775,3.909,7.819,1,1,1.0
74,54,530.229,440.380,4.605,3.858,1,1,1.0
74,55,555.162,442.232,4.888,4.359,1,1,1.0
74,57,630.164,425.117,4.737,8.759,1,1,1.0
74,59,679.782,281.424,3.895,7.160,1,1,1.0
74,60,657.732,439.479,6.188,4.091,1,1,1.0
74,61,624.030,362.800,5.956,5.297,1,1,1.0
74,62,674.179,441.404,4.336,4.368,1,1,1.0
74,63,643.913,424.181,5.875,4.511,1,1,1.0
74,66,615.537,441.429,4.664,3.831,1,1,1.0
74,6366,47.576,347.913,6.765,5.734,1,1,1.0
74,6367,43.570,439.412,8.252,4.442,1,1,1.0
74,6368,70.762,334.849,3.734,7.598,1,1,1.0
74,6369,70.285,193.382,4.223,6.217,1,1,1.0
74,6370,32.725,439.722,5.000,6.000,1,1,1.0
74,6372,26.563,440.939,9.537,3.981,1,1,1.0
74,6373,53.117,388.105,4.058,7.200,1,1,1.0
74,6388,270.568,440.945,6.970,4.846,1,1,1.0
74,6389,306.747,347.423,5.763,5.860,1,1,1.0
74,6390,294.914,363.918,4.809,8.364,1,1,1.0
74,6391,252.781,319.619,4.293,8.134,1,1,1.0
74,6392,280.716,398.152,7.243,4.931,1,1,1.0
74,6393,313.043,411.167,3.303,7.623,1,1,1.0
75,22,136.674,441.264,5.694,4.653,1,1,1.0
75,27,181.942,439.728,5.071,3.864,1,1,1.0
75,29,156.129,433.891,4.910,5.985,1,1,1.0
75,40,391.563,359.150,5.202,8.243,1,1,1.0
75,41,380.048,361.547,3.823,8.701,1,1,1.0
75,42,406.356,442.171,6.933,4.234,1,1,1.0
75,43,427.806,441.508,6.912,4.168,1,1,1.0
75,44,428.359,221.351,6.205,6.241,1,1,1.0
75,45,495.539,355.790,5.543,5.480,1,1,1.0
75,47,505.796,443.169,4.527,4.493,1,1,1.0
75,48,496.080,403.950,3.648,7.409,1,1,1.0
75,49,497.023,397.734,4.239,6.352,1,1,1.0
75,50,542.648,250.108,4.067,8.166,1,1,1.0
75,54,530.265,440.372,4.499,3.853,1,1,1.0
75,55,555.054,442.134,4.509,4.441,1,1,1.0
75,57,630.378,424.573,4.363,9.021,1,1,1.0
75,59,680.553,279.560,3.682,7.071,1,1,1.0
75,60,659.879,439.055,5.872,4.286,1,1,1.0
75,61,622.670,362.438,5.629,4.738,1,1,1.0
75,62,673.966,441.387,4.052,4.215,1,1,1.0
75,63,647.761,427.758,3.773,8.856,1,1,1.0
75,66,615.449,441.296,4.440,3.902,1,1,1.0
75,6366,46.730,347.955,6.715,5.616,1,1,1.0
75,6367,42.775,439.246,8.122,4.518,1,1,1.0
75,6368,69.917,331.959,3.804,8.182,1,1,1.0
75,6369,68.481,192.040,4.866,6.481,1,1,1.0
75,6370,32.227,439.622,5.000,6.000,1,1,1.0
75,6372,25.587,440.876,9.192,3.843,1,1,1.0
75,6373,60.952,372.166,3.971,7.271,1,1,1.0
75,6380,253.107,317.999,4.155,8.746,1,1,1.0
75,6388,282.004,398.335,7.164,4.761,1,1,1.0
75,6389,313.058,411.249,3.359,7.532,1,1,1.0
75,6390,305.323,346.476,6.389,5.805,1,1,1.0
75,6391,270.472,441.119,6.901,4.678,1,1,1.0
75,6392,294.790,363.722,4.816,8.554,1,1,1.0
76,25,164.215,436.106,5.834,5.090,1,1,1.0
76,27,180.083,439.761,5.577,4.038,1,1,1.0
76,40,393.127,356.405,5.296,7.239,1,1,1.0
76,41,379.985,361.498,3.951,8.729,1,1,1.0
76,42,404.063,442.159,7.507,4.205,1,1,1.0
76,43,427.836,442.057,8.296,3.991,1,1,1.0
76,44,426.963,219.968,6.221,6.889,1,1,1.0
76,45,495.396,355.809,5.643,5.768,1,1,1.0
76,47,505.862,443.176,4.490,4.447,1,1,1.0
76,48,494.921,404.360,3.637,6.640,1,1,1.0
76,49,497.556,394.993,4.479,6.765,1,1,1.0
76,50,542.224,247.486,4.059,8.314,1,1,1.0
76,54,530.253,440.366,4.574,3.877,1,1,1.0
76,55,555.094,442.196,4.561,4.529,1,1,1.0
76,57,630.360,423.655,4.433,8.959,1,1,1.0
76,59,680.937,277.578,3.925,6.585,1,1,1.0
76,60,661.917,440.354,5.279,4.223,1,1,1.0
76,61,621.473,361.407,5.571,4.774,1,1,1.0
76,62,673.720,441.257,4.273,4.204,1,1,1.0
76,63,646.044,438.831,4.920,4.439,1,1,1.0
76,66,615.404,441.533,4.382,3.786,1,1,1.0
76,6366,45.807,348.424,7.221,4.236,1,1,1.0
76,6367,41.193,439.240,8.490,4.527,1,1,1.0
76,6368,69.451,328.661,3.857,8.458,1,1,1.0
76,6369,67.250,190.738,5.007,5.995,1,1,1.0
76,6370,32.252,439.423,5.000,6.000,1,1,1.0
76,6372,25.048,440.791,8.729,3.757,1,1,1.0
76,6373,70.269,348.590,5.280,8.596,1,1,1.0
76,6380,270.410,441.096,6.889,4.646,1,1,1.0
76,6388,294.809,363.152,4.755,8.449,1,1,1.0
76,6390,313.006,411.357,3.288,7.502,1,1,1.0
76,6391,282.906,399.275,7.651,4.173,1,1,1.0
76,6392,304.036,345.247,6.400,5.949,1,1,1.0
77,25,164.393,436.186,5.744,5.085,1,1,1.0
77,27,175.702,439.685,7.192,4.126,1,1,1.0
77,40,395.301,353.982,5.601,7.109,1,1,1.0
77,41,379.999,361.420,4.127,8.543,1,1,1.0
77,42,403.874,441.699,6.974,3.976,1,1,1.0
77,43,431.127,442.069,7.068,4.015,1,1,1.0
77,44,426.111,217.835,5.618,7.046,1,1,1.0
77,45,495.811,356.776,5.863,5.861,1,1,1.0
77,47,505.851,443.188,4.538,4.448,1,1,1.0
77,48,494.603,403.681,3.943,6.655,1,1,1.0
77,49,496.753,393.662,4.089,7.024,1,1,1.0
77,50,541.236,245.153,4.280,8.638,1,1,1.0
77,54,530.164,440.398,4.635,3.871,1,1,1.0
77,55,555.095,442.258,4.550,4.375,1,1,1.0
77,57,630.343,423.079,4.837,9.088,1,1,1.0
77,59,680.980,275.513,4.063,6.531,1,1,1.0
77,60,662.735,440.160,5.063,4.640,1,1,1.0
77,61,620.242,360.880,5.481,5.002,1,1,1.0
77,62,673.480,441.504,3.982,4.155,1,1,1.0
77,63,644.008,437.630,4.225,5.447,1,1,1.0
77,66,615.485,441.453,4.349,3.829,1,1,1.0
77,6366,44.571,348.999,7.838,4.314,1,1,1.0
77,6367,40.139,439.373,8.459,4.241,1,1,1.0
77,6368,68.542,326.690,4.207,7.920,1,1,1.0
77,6369,65.614,189.177,5.640,6.387,1,1,1.0
77,6370,32.052,440.021,5.000,6.000,1,1,1.0
77,6372,24.735,440.691,7.159,3.572,1,1,1.0
77,6373,56.972,374.299,5.568,11.609,1,1,1.0
77,6380,252.966,314.877,4.305,9.274,1,1,1.0
77,6388,283.879,399.341,7.332,4.325,1,1,1.0
77,6389,312.599,411.263,3.574,8.098,1,1,1.0
77,6390,302.712,344.320,6.672,6.069,1,1,1.0
77,6391,270.496,441.176,6.883,4.642,1,1,1.0
77,6392,294.520,362.613,4.908,8.338,1,1,1.0
78,22,137.546,440.894,6.243,4.313,1,1,1.0
78,25,163.763,435.729,5.251,5.177,1,1,1.0
78,27,173.899,439.538,7.616,4.367,1,1,1.0
78,40,396.921,352.096,5.845,7.425,1,1,1.0
78,41,379.350,360.989,4.409,7.746,1,1,1.0
78,42,403.507,441.785,6.868,3.876,1,1,1.0
78,43,431.467,442.073,7.425,4.081,1,1,1.0
78,44,425.852,215.850,5.233,7.662,1,1,1.0
78,45,496.370,357.384,5.647,6.003,1,1,1.0
78,47,505.856,443.219,4.501,4.389,1,1,1.0
78,48,494.586,403.157,3.863,6.029,1,1,1.0
78,49,496.539,391.972,4.073,7.414,1,1,1.0
78,50,541.000,242.680,4.461,8.696,1,1,1.0
78,54,530.263,440.420,4.663,3.827,1,1,1.0
78,55,555.128,442.271,4.552,4.371,1,1,1.0
78,57,631.029,422.443,4.314,9.070,1,1,1.0
78,59,681.237,272.451,4.061,6.657,1,1,1.0
78,60,662.092,440.478,5.694,4.144,1,1,1.0
78,61,619.113,360.832,4.845,4.613,1,1,1.0
78,62,673.566,441.388,4.162,4.281,1,1,1.0
78,63,644.062,439.302,5.582,4.571,1,1,1.0
78,66,615.516,441.465,4.291,3.879,1,1,1.0
78,6366,42.957,349.333,7.655,4.501,1,1,1.0
78,6367,41.904,439.756,6.275,4.556,1,1,1.0
78,6368,67.997,323.767,4.189,7.569,1,1,1.0
78,6369,64.099,187.864,5.736,6.479,1,1,1.0
78,6370,32.514,439.252,5.000,6.000,1,1,1.0
78,6372,25.333,440.498,7.998,3.721,1,1,1.0
78,6373,41.040,432.744,5.633,7.643,1,1,1.0
78,6388,270.322,441.217,7.016,4.612,1,1,1.0
78,6389,301.349,343.335,6.425,5.764,1,1,1.0
78,6390,294.284,361.733,4.843,8.422,1,1,1.0
78,6391,253.036,314.476,4.328,9.363,1,1,1.0
78,6392,284.807,400.040,7.243,4.623,1,1,1.0
78,6393,313.676,415.320,3.800,6.753,1,1,1.0
79,22,137.894,440.463,6.133,4.665,1,1,1.0
79,25,152.949,434.762,5.528,4.606,1,1,1.0
79,27,176.850,439.182,5.712,4.501,1,1,1.0
79,29,165.226,405.365,4.258,8.558,1,1,1.0
79,40,398.914,350.444,5.955,7.350,1,1,1.0
79,41,378.344,360.570,4.775,6.741,1,1,1.0
79,42,402.377,441.776,7.378,3.909,1,1,1.0
79,43,428.051,441.541,7.671,4.062,1,1,1.0
79,44,424.946,212.754,4.847,8.719,1,1,1.0
79,45,496.841,358.499,5.707,5.705,1,1,1.0
79,47,505.854,443.207,4.518,4.465,1,1,1.0
79,48,493.887,402.364,3.558,5.854,1,1,1.0
79,49,496.546,390.455,3.838,7.387,1,1,1.0
79,50,540.273,241.036,4.392,8.211,1,1,1.0
79,54,530.150,440.363,4.681,3.849,1,1,1.0
79,55,555.245,442.296,4.435,4.383,1,1,1.0
79,57,631.241,421.683,4.223,9.267,1,1,1.0
79,59,681.216,270.794,3.937,6.390,1,1,1.0
79,60,662.422,440.646,5.279,4.337,1,1,1.0
79,61,618.011,360.564,4.985,4.356,1,1,1.0
79,62,673.571,441.445,4.152,4.414,1,1,1.0
79,63,643.726,439.245,5.323,5.018,1,1,1.0
79,66,615.482,441.458,4.269,3.997,1,1,1.0
79,6366,41.096,349.831,7.501,4.874,1,1,1.0
79,6367,41.069,439.113,6.711,5.015,1,1,1.0
79,6368,66.967,320.755,4.049,7.847,1,1,1.0
79,6369,62.120,186.788,6.427,6.328,1,1,1.0
79,6370,31.808,439.496,5.000,6.000,1,1,1.0
79,6372,25.068,439.416,6.729,4.936,1,1,1.0
79,6373,32.999,435.589,5.299,7.681,1,1,1.0
79,6380,270.099,441.100,6.995,4.755,1,1,1.0
79,6388,294.125,360.964,4.695,8.482,1,1,1.0
79,6390,311.743,418.084,5.129,6.204,1,1,1.0
79,6391,285.669,400.607,7.422,5.006,1,1,1.0
79,6392,299.744,342.160,6.794,5.758,1,1,1.0
80,18,131.223,382.322,6.175,4.641,1,1,1.0
80,22,137.777,440.020,6.024,5.017,1,1,1.0
80,25,152.924,434.685,5.622,4.846,1,1,1.0
80,27,176.585,439.873,5.716,4.255,1,1,1.0
80,29,166.735,376.666,3.607,8.798,1,1,1.0
80,40,400.249,349.825,7.163,5.271,1,1,1.0
80,41,377.366,358.916,4.930,6.349,1,1,1.0
80,42,401.436,441.720,7.286,4.008,1,1,1.0
80,43,428.674,441.138,6.447,4.335,1,1,1.0
80,44,424.456,210.949,4.789,8.709,1,1,1.0
80,45,496.798,358.423,5.760,5.896,1,1,1.0
80,47,505.774,443.168,4.545,4.488,1,1,1.0
80,48,493.594,401.675,3.451,5.929,1,1,1.0
80,49,496.334,389.004,3.793,7.941,1,1,1.0
80,50,540.048,238.828,4.326,8.233,1,1,1.0
80,54,530.116,440.348,4.746,3.836,1,1,1.0
80,55,555.306,442.259,4.258,4.459,1,1,1.0
80,57,631.429,421.721,4.037,9.285,1,1,1.0
80,59,680.415,268.424,4.312,6.748,1,1,1.0
80,60,662.307,440.416,5.829,4.068,1,1,1.0
80,61,617.114,360.271,4.844,4.597,1,1,1.0
80,62,673.361,441.588,4.358,4.198,1,1,1.0
80,63,645.048,440.312,4.991,6.216,1,1,1.0
80,66,615.252,441.324,4.516,4.118,1,1,1.0
80,6366,38.877,438.406,7.584,5.540,1,1,1.0
80,6367,39.318,350.598,7.768,4.876,1,1,1.0
80,6368,65.814,318.033,4.353,8.014,1,1,1.0
80,6369,60.289,185.497,6.123,5.945,1,1,1.0
80,6370,31.066,439.744,5.000,6.000,1,1,1.0
80,6372,24.676,439.363,6.751,4.753,1,1,1.0
80,6373,33.662,438.360,6.399,5.242,1,1,1.0
80,6388,269.304,440.562,7.576,4.770,1,1,1.0
80,6389,298.759,341.601,6.868,5.722,1,1,1.0
80,6390,293.793,358.346,3.673,7.556,1,1,1.0
80,6391,252.682,312.545,4.404,9.038,1,1,1.0
80,6392,286.629,400.885,7.647,5.003,1,1,1.0
80,6393,300.213,440.184,5.515,3.854,1,1,1.0
81,18,138.860,395.057,4.599,9.141,1,1,1.0
81,22,137.758,439.702,5.915,5.452,1,1,1.0
81,25,153.204,434.628,5.435,4.872,1,1,1.0
81,27,175.719,440.418,5.455,4.135,1,1,1.0
81,29,177.840,362.506,4.877,4.654,1,1,1.0
81,40,403.764,349.218,7.033,4.919,1,1,1.0
81,41,376.467,357.451,4.879,6.266,1,1,1.0
81,42,401.402,441.675,7.321,4.056,1,1,1.0
81,43,427.594,440.895,6.690,3.988,1,1,1.0
81,44,424.327,208.848,4.714,8.841,1,1,1.0
81,45,496.772,358.452,5.821,5.832,1,1,1.0
81,47,505.813,443.165,4.504,4.395,1,1,1.0
81,48,493.393,400.793,3.227,6.073,1,1,1.0
81,49,496.547,386.709,3.757,7.926,1,1,1.0
81,50,538.757,236.816,4.522,8.275,1,1,1.0
81,54,530.089,440.293,4.124,4.173,1,1,1.0
81,55,555.361,442.158,4.351,4.514,1,1,1.0
81,57,630.342,426.772,4.920,7.943,1,1,1.0
81,59,679.385,266.489,4.538,6.603,1,1,1.0
81,60,662.552,440.416,5.524,4.102,1,1,1.0
81,61,616.272,359.942,4.362,4.762,1,1,1.0
81,62,673.387,441.592,4.176,4.205,1,1,1.0
81,63,642.750,439.949,4.991,6.216,1,1,1.0
81,66,615.334,441.405,4.129,4.178,1,1,1.0
81,6366,37.083,351.170,7.214,4.885,1,1,1.0
81,6367,38.749,439.255,7.600,4.832,1,1,1.0
81,6368,64.945,315.865,4.036,7.802,1,1,1.0
81,6369,57.852,184.583,6.617,5.935,1,1,1.0
81,6370,31.220,439.868,5.000,6.000,1,1,1.0
81,6372,24.322,439.154,6.584,4.890,1,1,1.0
81,6373,30.113,439.212,6.883,4.858,1,1,1.0
81,6388,268.751,440.278,7.734,4.794,1,1,1.0
81,6389,298.463,340.861,6.650,6.092,1,1,1.0
81,6390,301.860,358.869,4.385,7.992,1,1,1.0
81,6391,252.322,311.745,4.568,8.891,1,1,1.0
81,6392,286.679,401.689,7.372,5.172,1,1,1.0
81,6393,299.742,440.433,6.002,3.835,1,1,1.0
82,22,138.311,439.160,4.963,6.151,1,1,1.0
82,24,129.912,438.436,4.536,5.738,1,1,1.0
82,27,175.555,440.558,4.841,4.165,1,1,1.0
82,29,170.689,373.384,5.204,6.717,1,1,1.0
82,40,405.636,348.562,7.267,4.773,1,1,1.0
82,41,375.831,356.276,4.940,6.066,1,1,1.0
82,42,401.438,441.659,7.097,4.059,1,1,1.0
82,43,426.188,440.953,6.611,3.923,1,1,1.0
82,44,423.877,206.414,4.520,9.048,1,1,1.0
82,45,496.857,358.483,5.838,5.718,1,1,1.0
82,47,505.944,443.226,4.538,4.403,1,1,1.0
82,48,492.795,400.035,3.532,6.290,1,1,1.0
82,49,496.602,385.131,3.587,8.029,1,1,1.0
82,50,537.344,235.863,5.139,6.995,1,1,1.0
82,54,530.223,440.271,4.222,4.189,1,1,1.0
82,55,555.348,442.279,4.407,4.395,1,1,1.0
82,57,632.385,441.542,6.069,4.363,1,1,1.0
82,59,678.580,264.226,4.902,6.511,1,1,1.0
82,60,662.669,440.555,6.033,4.066,1,1,1.0
82,61,615.908,360.019,4.336,4.375,1,1,1.0
82,62,673.486,441.496,4.140,4.324,1,1,1.0
82,63,641.086,441.205,5.539,4.501,1,1,1.0
82,66,615.511,441.204,4.156,4.244,1,1,1.0
82,6366,35.642,351.776,7.188,4.712,1,1,1.0
82,6367,40.767,439.271,6.722,4.839,1,1,1.0
82,6368,63.232,313.806,4.461,7.302,1,1,1.0
82,6369,56.903,183.496,6.465,6.010,1,1,1.0
82,6370,30.849,440.115,5.000,6.000,1,1,1.0
82,6372,25.114,438.603,5.801,5.157,1,1,1.0
82,6373,32.199,438.695,5.950,5.311,1,1,1.0
82,6380,268.583,440.237,7.381,4.781,1,1,1.0
82,6388,290.190,372.312,4.905,6.986,1,1,1.0
82,6390,300.097,440.298,5.638,3.957,1,1,1.0
82,6391,286.716,401.950,7.135,5.034,1,1,1.0
82,6392,298.469,340.664,6.361,6.104,1,1,1.0
83,22,137.823,437.722,5.846,7.762,1,1,1.0
83,25,152.960,434.356,5.272,4.885,1,1,1.0
83,27,175.025,440.771,4.984,4.340,1,1,1.0
83,29,155.929,375.884,4.348,4.654,1,1,1.0
83,40,407.346,347.581,7.475,4.926,1,1,1.0
83,41,374.791,355.371,5.218,6.293,1,1,1.0
83,42,401.552,441.663,7.865,4.045,1,1,1.0
83,43,424.909,441.548,6.639,3.959,1,1,1.0
83,44,423.593,204.556,4.537,9.074,1,1,1.0
83,45,496.941,358.827,5.798,5.140,1,1,1.0
83,47,505.770,443.194,4.643,4.518,1,1,1.0
83,48,492.789,398.123,3.590,6.410,1,1,1.0
83,49,496.659,383.924,3.674,7.725,1,1,1.0
83,50,535.528,234.728,5.611,6.093,1,1,1.0
83,54,530.487,439.437,4.122,4.695,1,1,1.0
83,55,555.367,442.256,4.410,4.527,1,1,1.0
83,57,635.246,441.827,4.991,6.216,1,1,1.0
83,59,677.689,262.395,5.106,6.600,1,1,1.0
83,60,663.057,440.760,6.045,4.348,1,1,1.0
83,61,614.896,359.698,4.343,4.405,1,1,1.0
83,62,671.975,441.617,4.567,4.515,1,1,1.0
83,63,636.643,441.875,6.482,6.293,1,1,1.0
83,66,615.425,441.100,4.212,4.348,1,1,1.0
83,6366,33.943,352.184,7.322,5.023,1,1,1.0
83,6367,40.457,439.148,6.735,5.104,1,1,1.0
83,6368,60.996,311.191,4.978,7.388,1,1,1.0
83,6369,56.000,182.476,6.852,6.091,1,1,1.0
83,6370,30.540,439.929,5.000,6.000,1,1,1.0
83,6372,26.985,438.989,5.847,5.609,1,1,1.0
83,6373,32.774,438.819,5.621,5.687,1,1,1.0
83,6388,267.963,440.088,7.738,4.890,1,1,1.0
83,6389,298.468,340.484,6.263,5.933,1,1,1.0
83,6390,272.292,385.448,6.718,8.824,1,1,1.0
83,6391,252.306,311.814,4.563,8.689,1,1,1.0
83,6392,286.805,402.499,6.644,5.098,1,1,1.0
83,6393,299.846,440.154,6.011,4.005,1,1,1.0
84,22,138.288,437.145,5.593,7.560,1,1,1.0
84,25,152.831,434.632,5.571,5.034,1,1,1.0
84,27,174.397,440.969,4.921,4.393,1,1,1.0
84,29,160.753,389.714,4.182,6.062,1,1,1.0
84,40,409.775,346.143,7.015,5.358,1,1,1.0
84,41,373.962,354.454,4.903,6.123,1,1,1.0
84,42,402.322,441.625,7.531,4.095,1,1,1.0
84,43,423.950,441.139,7.135,4.349,1,1,1.0
84,44,423.343,201.935,4.583,9.383,1,1,1.0
84,45,539.984,357.060,7.453,8.143,1,1,1.0
84,47,505.791,443.187,4.613,4.509,1,1,1.0
84,48,492.429,396.302,3.884,7.215,1,1,1.0
84,49,497.136,382.232,3.787,8.165,1,1,1.0
84,50,532.623,234.028,6.742,5.205,1,1,1.0
84,54,530.161,440.205,4.067,4.268,1,1,1.0
84,55,555.371,442.317,4.504,4.430,1,1,1.0
84,59,676.526,260.226,5.088,6.583,1,1,1.0
84,60,663.533,440.857,5.738,4.512,1,1,1.0
84,61,614.302,359.471,4.459,4.627,1,1,1.0
84,62,671.124,441.610,4.956,4.454,1,1,1.0
84,63,635.918,442.612,8.590,6.493,1,1,1.0
84,66,615.499,441.163,4.358,4.234,1,1,1.0
84,6366,32.134,438.650,5.580,5.820,1,1,1.0
84,6367,40.737,439.204,6.446,5.041,1,1,1.0
84,6368,59.634,309.118,4.954,7.215,1,1,1.0
84,6369,55.275,181.601,6.997,6.472,1,1,1.0
84,6370,29.921,439.806,5.000,6.000,1,1,1.0
84,6372,26.519,438.506,5.644,5.979,1,1,1.0
84,6373,32.482,352.562,7.400,5.012,1,1,1.0
84,6380,252.269,311.730,4.539,8.786,1,1,1.0
84,6388,272.905,438.285,6.422,5.527,1,1,1.0
84,6389,299.176,439.472,6.507,4.625,1,1,1.0
84,6390,286.545,401.427,6.354,7.140,1,1,1.0
84,6391,267.924,439.993,7.422,5.148,1,1,1.0
84,6392,298.294,339.974,6.041,5.980,1,1,1.0
85,22,139.722,438.033,5.195,6.704,1,1,1.0
85,25,188.771,426.546,3.889,6.766,1,1,1.0
85,27,173.566,440.538,5.009,4.945,1,1,1.0
85,29,166.189,398.692,4.490,6.858,1,1,1.0
85,40,411.164,344.925,6.651,5.421,1,1,1.0
85,41,373.750,353.932,4.305,5.564,1,1,1.0
85,42,401.985,441.657,7.632,4.110,1,1,1.0
85,43,423.011,441.325,6.884,4.211,1,1,1.0
85,44,423.139,200.105,4.237,8.821,1,1,1.0
85,45,557.152,352.405,3.890,8.066,1,1,1.0
85,47,505.809,443.250,4.585,4.507,1,1,1.0
85,48,492.286,394.361,3.404,7.489,1,1,1.0
85,49,497.155,382.228,3.675,8.370,1,1,1.0
85,50,531.322,233.005,6.564,5.067,1,1,1.0
85,54,529.946,440.459,4.480,3.812,1,1,1.0
85,55,555.369,442.352,4.588,4.361,1,1,1.0
85,57,636.073,442.964,4.991,6.216,1,1,1.0
85,59,674.981,257.904,5.135,6.572,1,1,1.0
85,60,663.331,440.720,6.301,4.786,1,1,1.0
85,61,613.984,359.277,4.336,4.777,1,1,1.0
85,62,669.530,441.696,5.953,4.751,1,1,1.0
85,63,637.523,442.334,6.889,7.089,1,1,1.0
85,66,615.476,441.258,4.125,4.228,1,1,1.0
85,6366,32.062,438.374,5.530,6.015,1,1,1.0
85,6367,39.817,439.344,6.953,4.903,1,1,1.0
85,6368,57.872,306.453,5.117,7.421,1,1,1.0
85,6369,54.798,180.776,6.644,6.244,1,1,1.0
85,6370,29.179,439.682,5.000,6.000,1,1,1.0
85,6372,25.951,437.856,5.624,6.443,1,1,1.0
85,6373,31.185,352.766,7.577,4.890,1,1,1.0
85,6388,267.752,440.265,7.641,5.400,1,1,1.0
85,6389,297.965,339.307,6.245,6.125,1,1,1.0
85,6390,272.916,437.890,6.544,5.157,1,1,1.0
85,6391,252.337,311.628,4.364,8.729,1,1,1.0
85,6392,286.422,401.983,6.041,7.020,1,1,1.0
85,6393,298.457,438.802,7.233,5.089,1,1,1.0
86,25,177.275,427.090,5.287,5.711,1,1,1.0
86,27,173.597,440.380,4.633,4.905,1,1,1.0
86,29,153.763,408.949,5.558,4.529,1,1,1.0
86,40,412.379,344.459,6.743,5.614,1,1,1.0
86,41,373.064,352.711,4.405,5.400,1,1,1.0
86,42,402.378,441.483,7.276,4.162,1,1,1.0
86,43,422.427,441.632,6.428,4.106,1,1,1.0
86,44,423.027,197.573,4.379,9.215,1,1,1.0
86,45,557.227,352.174,4.115,8.291,1,1,1.0
86,47,505.775,443.275,4.618,4.501,1,1,1.0
86,48,492.084,391.975,3.803,7.449,1,1,1.0
86,49,496.808,381.340,3.831,8.436,1,1,1.0
86,50,530.127,231.855,6.321,5.494,1,1,1.0
86,54,530.025,440.490,4.556,3.822,1,1,1.0
86,55,555.230,442.343,4.419,4.411,1,1,1.0
86,57,634.418,443.998,4.991,6.216,1,1,1.0
86,59,673.745,255.627,5.319,6.608,1,1,1.0
86,60,662.942,440.709,6.664,5.343,1,1,1.0
86,61,613.203,359.129,4.575,5.273,1,1,1.0
86,62,669.456,441.551,6.062,4.945,1,1,1.0
86,63,638.516,442.852,4.991,6.216,1,1,1.0
86,66,615.815,441.517,4.618,4.080,1,1,1.0
86,6366,29.887,352.947,7.395,5.066,1,1,1.0
86,6367,36.662,439.099,9.415,5.055,1,1,1.0
86,6368,55.931,304.625,5.132,7.398,1,1,1.0
86,6369,54.453,178.576,6.239,7.463,1,1,1.0
86,6370,24.291,438.568,5.000,6.000,1,1,1.0
86,6372,24.514,437.587,6.173,6.612,1,1,1.0
86,6373,30.633,438.496,6.233,5.789,1,1,1.0
86,6377,252.049,311.725,4.478,8.658,1,1,1.0
86,6388,273.966,437.556,5.764,5.110,1,1,1.0
86,6389,298.304,439.087,7.255,4.804,1,1,1.0
86,6390,286.783,402.854,5.639,7.163,1,1,1.0
86,6391,267.625,440.247,7.830,5.583,1,1,1.0
86,6392,298.008,337.738,5.432,7.131,1,1,1.0
87,22,146.832,436.623,7.899,8.935,1,1,1.0
87,27,173.872,440.879,4.949,4.470,1,1,1.0
87,29,153.265,421.911,6.971,7.465,1,1,1.0
87,40,412.501,344.465,6.765,5.555,1,1,1.0
87,41,372.616,352.348,4.268,5.081,1,1,1.0
87,42,402.382,441.343,7.262,4.259,1,1,1.0
87,43,421.766,441.652,6.299,4.090,1,1,1.0
87,44,422.745,195.392,4.395,9.314,1,1,1.0
87,45,557.201,351.878,4.099,8.402,1,1,1.0
87,47,505.718,443.258,4.594,4.445,1,1,1.0
87,48,492.404,388.869,3.838,7.946,1,1,1.0
87,49,496.047,379.421,3.938,8.397,1,1,1.0
87,50,528.524,230.406,6.517,5.319,1,1,1.0
87,54,530.144,440.328,4.009,4.195,1,1,1.0
87,55,555.186,442.307,4.352,4.404,1,1,1.0
87,57,634.522,444.516,4.991,6.216,1,1,1.0
87,59,673.137,254.034,5.363,6.647,1,1,1.0
87,60,662.500,440.530,6.334,5.363,1,1,1.0
87,61,613.084,358.739,4.576,5.326,1,1,1.0
87,62,669.569,440.007,4.991,6.216,1,1,1.0
87,63,637.428,442.489,4.991,6.216,1,1,1.0
87,66,616.368,441.014,4.649,4.412,1,1,1.0
87,6366,29.035,353.230,7.437,5.000,1,1,1.0
87,6367,53.385,302.773,5.877,6.699,1,1,1.0
87,6368,53.747,176.380,6.189,7.902,1,1,1.0
87,6370,22.620,438.135,5.000,6.000,1,1,1.0
87,6372,22.706,437.783,6.707,6.131,1,1,1.0
87,6373,36.507,439.330,8.757,4.846,1,1,1.0
87,6377,267.597,440.220,7.879,5.579,1,1,1.0
87,6380,273.820,437.606,5.742,5.179,1,1,1.0
87,6388,297.668,335.947,4.900,7.642,1,1,1.0
87,6390,298.254,439.141,7.206,4.870,1,1,1.0
87,6391,286.831,403.157,5.618,7.239,1,1,1.0
88,22,147.741,437.010,4.654,9.414,1,1,1.0
88,25,167.911,430.483,5.427,7.823,1,1,1.0
88,27,173.994,440.763,4.574,4.434,1,1,1.0
88,29,153.839,435.179,5.938,5.049,1,1,1.0
88,40,412.020,344.496,6.735,5.547,1,1,1.0
88,41,372.921,352.207,4.138,5.240,1,1,1.0
88,42,402.451,441.421,7.165,4.197,1,1,1.0
88,43,421.525,441.617,5.659,4.332,1,1,1.0
88,44,422.542,193.993,4.276,9.269,1,1,1.0
88,45,557.188,350.396,4.169,8.437,1,1,1.0
88,47,505.647,443.010,4.711,4.755,1,1,1.0
88,48,492.077,385.966,3.994,7.980,1,1,1.0
88,49,496.089,376.994,4.024,8.487,1,1,1.0
88,50,527.606,229.480,6.331,5.681,1,1,1.0
88,54,529.952,440.340,3.922,4.289,1,1,1.0
88,55,555.096,442.253,4.417,4.528,1,1,1.0
88,57,634.315,444.309,4.991,6.216,1,1,1.0
88,59,672.914,252.192,5.307,7.352,1,1,1.0
88,60,662.221,439.917,5.453,5.418,1,1,1.0
88,61,612.741,358.069,4.709,5.619,1,1,1.0
88,62,667.133,441.717,6.479,4.560,1,1,1.0
88,63,637.428,442.610,4.991,6.216,1,1,1.0
88,66,617.418,440.861,5.044,4.166,1,1,1.0
88,6366,28.884,353.185,7.259,5.119,1,1,1.0
88,6367,39.915,438.905,6.487,4.809,1,1,1.0
88,6368,51.207,301.869,5.826,6.476,1,1,1.0
88,6369,52.989,174.376,6.050,8.311,1,1,1.0
88,6370,21.712,438.449,5.000,6.000,1,1,1.0
88,6372,21.575,437.950,7.118,5.546,1,1,1.0
88,6373,33.317,426.433,6.195,6.178,1,1,1.0
88,6388,267.726,440.278,7.506,5.429,1,1,1.0
88,6389,297.027,334.290,5.077,8.161,1,1,1.0
88,6390,274.377,437.297,5.373,5.239,1,1,1.0
88,6391,251.995,311.684,4.463,8.623,1,1,1.0
88,6392,286.875,403.173,5.634,7.188,1,1,1.0
88,6393,298.577,439.092,6.834,4.970,1,1,1.0
89,22,147.179,436.646,4.675,10.193,1,1,1.0
89,27,174.983,440.266,4.173,5.509,1,1,1.0
89,29,153.826,435.014,5.009,5.224,1,1,1.0
89,40,411.996,344.485,6.834,5.561,1,1,1.0
89,41,372.458,351.524,4.254,4.695,1,1,1.0
89,42,403.143,441.929,6.574,4.055,1,1,1.0
89,43,421.177,441.660,5.450,4.327,1,1,1.0
89,44,422.504,191.746,4.068,9.016,1,1,1.0
89,45,556.835,349.028,4.303,8.099,1,1,1.0
89,47,505.570,442.792,4.964,5.024,1,1,1.0
89,48,492.510,383.035,3.929,7.889,1,1,1.0
89,49,496.658,375.651,3.721,7.890,1,1,1.0
89,50,527.007,228.445,6.429,5.485,1,1,1.0
89,54,530.089,440.312,4.136,4.348,1,1,1.0
89,55,554.968,442.436,4.474,4.422,1,1,1.0
89,57,636.104,442.347,7.146,7.993,1,1,1.0
89,59,673.091,249.564,4.517,8.556,1,1,1.0
89,60,663.336,440.500,7.557,5.704,1,1,1.0
89,61,612.864,358.037,4.683,5.576,1,1,1.0
89,62,666.476,440.524,4.991,6.216,1,1,1.0
89,63,637.578,440.762,4.991,6.216,1,1,1.0
89,66,618.939,441.016,5.303,4.257,1,1,1.0
89,6366,29.958,352.530,4.938,8.104,1,1,1.0
89,6367,38.387,438.637,7.421,4.959,1,1,1.0
89,6368,48.831,300.945,6.844,5.569,1,1,1.0
89,6369,52.523,172.769,5.726,8.117,1,1,1.0
89,6370,20.102,438.465,5.920,5.397,1,1,1.0
89,6372,25.448,437.650,5.677,6.256,1,1,1.0
89,6373,59.962,438.751,6.760,4.698,1,1,1.0
89,6388,267.678,440.229,7.927,5.936,1,1,1.0
89,6389,296.365,332.141,4.991,8.568,1,1,1.0
89,6390,274.051,437.273,5.727,5.169,1,1,1.0
89,6391,252.073,311.708,4.458,8.654,1,1,1.0
89,6392,286.773,402.832,5.495,7.268,1,1,1.0
89,6393,298.597,439.269,7.018,4.821,1,1,1.0
90,18,151.960,426.502,7.520,6.907,1,1,1.0
90,22,147.486,437.065,4.103,9.302,1,1,1.0
90,25,166.174,438.597,5.612,7.265,1,1,1.0
90,27,175.404,439.769,3.740,5.959,1,1,1.0
90,29,153.454,433.804,6.447,6.059,1,1,1.0
90,40,412.145,344.360,7.131,5.806,1,1,1.0
90,41,372.183,350.399,4.077,5.837,1,1,1.0
90,42,402.758,441.915,6.718,3.974,1,1,1.0
90,43,421.311,441.760,4.718,4.518,1,1,1.0
90,44,421.709,190.159,4.226,9.283,1,1,1.0
90,45,556.293,346.981,4.495,8.746,1,1,1.0
90,47,505.377,442.532,5.219,5.238,1,1,1.0
90,48,492.768,379.632,3.616,8.749,1,1,1.0
90,49,497.107,373.196,3.708,8.613,1,1,1.0
90,50,526.131,228.275,6.658,5.108,1,1,1.0
90,54,530.463,439.834,4.081,4.619,1,1,1.0
90,55,554.990,442.364,4.565,4.453,1,1,1.0
90,57,635.308,442.198,7.089,6.411,1,1,1.0
90,59,673.654,246.932,4.610,8.674,1,1,1.0
90,60,663.384,440.625,5.985,5.786,1,1,1.0
90,61,613.010,357.932,4.635,5.523,1,1,1.0
90,62,665.168,440.167,4.991,6.216,1,1,1.0
90,63,635.318,440.999,4.991,6.216,1,1,1.0
90,66,619.819,440.771,5.729,4.118,1,1,1.0
90,6366,31.351,353.137,3.853,8.742,1,1,1.0
90,6367,37.428,439.187,7.799,4.470,1,1,1.0
90,6368,46.161,300.903,7.315,4.825,1,1,1.0
90,6369,51.828,171.314,5.627,8.499,1,1,1.0
90,6370,18.472,438.706,6.592,4.852,1,1,1.0
90,6372,25.634,437.654,5.605,6.395,1,1,1.0
90,6373,64.085,440.707,7.243,4.407,1,1,1.0
90,6388,252.127,311.709,4.343,8.617,1,1,1.0
90,6389,286.763,402.776,5.526,7.348,1,1,1.0
90,6390,267.702,440.244,7.685,6.216,1,1,1.0
90,6392,271.169,437.484,7.605,5.262,1,1,1.0
90,6393,296.486,330.131,4.505,8.801,1,1,1.0
91,18,148.000,436.300,4.652,5.070,1,1,1.0
91,22,146.633,440.609,5.229,6.664,1,1,1.0
91,25,125.141,435.983,6.333,6.045,1,1,1.0
91,27,175.294,440.579,4.325,5.111,1,1,1.0
91,29,153.936,435.070,5.142,4.526,1,1,1.0
91,40,411.940,344.429,6.621,5.531,1,1,1.0
91,41,372.180,349.276,3.896,5.791,1,1,1.0
91,42,402.349,441.858,6.887,3.889,1,1,1.0
91,43,421.193,441.557,4.103,5.132,1,1,1.0
91,44,421.545,188.948,4.259,9.084,1,1,1.0
91,45,555.981,345.657,4.568,7.880,1,1,1.0
91,47,504.266,442.497,6.270,4.446,1,1,1.0
91,48,492.499,376.743,3.779,8.437,1,1,1.0
91,49,497.108,371.089,3.365,9.322,1,1,1.0
91,50,525.785,227.951,6.296,4.863,1,1,1.0
91,54,529.950,440.417,4.320,4.139,1,1,1.0
91,55,554.936,442.400,4.806,4.227,1,1,1.0
91,57,633.930,441.993,7.914,5.537,1,1,1.0
91,59,674.396,245.192,4.426,8.658,1,1,1.0
91,60,663.029,440.239,5.084,6.512,1,1,1.0
91,61,613.098,356.839,4.075,5.963,1,1,1.0
91,62,663.860,440.999,4.991,6.216,1,1,1.0
91,63,632.940,440.524,4.991,6.216,1,1,1.0
91,66,620.854,440.835,5.415,4.072,1,1,1.0
91,6366,32.140,354.924,4.523,8.423,1,1,1.0
91,6367,37.488,439.221,7.363,4.424,1,1,1.0
91,6368,43.244,300.546,7.420,4.766,1,1,1.0
91,6369,51.620,170.758,5.395,7.931,1,1,1.0
91,6370,17.208,439.426,7.530,4.354,1,1,1.0
91,6372,25.646,437.449,4.693,6.679,1,1,1.0
91,6373,64.067,440.858,7.113,4.099,1,1,1.0
91,6388,267.899,440.248,7.284,6.116,1,1,1.0
91,6389,295.914,328.698,4.535,8.646,1,1,1.0
91,6390,271.610,437.626,7.154,5.052,1,1,1.0
91,6391,251.812,311.473,4.333,7.434,1,1,1.0
91,6392,286.668,402.734,5.459,7.339,1,1,1.0
91,6393,301.854,438.498,4.865,4.745,1,1,1.0
92,22,147.191,440.493,4.845,6.639,1,1,1.0
92,25,134.974,437.814,6.238,4.361,1,1,1.0
92,27,174.216,440.634,4.369,4.356,1,1,1.0
92,29,155.033,435.046,4.608,4.721,1,1,1.0
92,40,412.411,344.361,6.878,5.731,1,1,1.0
92,41,372.432,348.450,4.134,5.664,1,1,1.0
92,42,402.289,441.743,6.869,4.063,1,1,1.0
92,43,420.748,441.534,4.023,5.301,1,1,1.0
92,44,420.391,186.860,4.730,9.053,1,1,1.0
92,45,555.735,344.402,4.665,7.351,1,1,1.0
92,47,503.007,442.382,6.585,4.501,1,1,1.0
92,48,492.807,374.200,4.189,8.201,1,1,1.0
92,49,496.858,368.982,3.378,9.670,1,1,1.0
92,50,522.070,225.635,5.977,4.591,1,1,1.0
92,54,530.188,440.356,4.321,4.231,1,1,1.0
92,55,554.856,442.366,4.804,4.393,1,1,1.0
92,57,636.532,441.975,5.998,5.515,1,1,1.0
92,59,674.969,242.631,4.453,8.440,1,1,1.0
92,60,662.243,440.304,5.539,6.602,1,1,1.0
92,61,613.080,356.169,4.077,5.550,1,1,1.0
92,62,663.147,440.643,4.991,6.216,1,1,1.0
92,63,630.561,441.118,4.991,6.216,1,1,1.0
92,66,622.003,440.604,5.409,4.080,1,1,1.0
92,6366,33.306,356.110,4.711,8.627,1,1,1.0
92,6367,31.073,410.496,3.990,8.440,1,1,1.0
92,6368,39.999,300.537,7.653,4.292,1,1,1.0
92,6369,50.935,169.580,5.578,8.008,1,1,1.0
92,6370,15.813,440.197,7.117,3.832,1,1,1.0
92,6372,25.480,436.956,4.638,7.447,1,1,1.0
92,6373,63.920,440.547,7.162,4.200,1,1,1.0
92,6380,252.049,311.619,4.323,8.389,1,1,1.0
92,6388,272.041,437.318,6.647,4.940,1,1,1.0
92,6389,303.073,438.353,4.561,4.765,1,1,1.0
92,6390,286.587,402.721,5.394,7.082,1,1,1.0
92,6391,268.233,440.269,6.847,6.148,1,1,1.0
92,6392,295.852,327.146,4.556,8.505,1,1,1.0
93,18,143.826,435.063,6.445,5.819,1,1,1.0
93,22,146.118,440.704,5.668,6.814,1,1,1.0
93,25,168.297,439.004,5.458,5.771,1,1,1.0
93,27,173.759,439.344,5.216,5.288,1,1,1.0
93,29,153.824,435.358,5.177,4.531,1,1,1.0
93,40,412.315,344.297,6.855,5.778,1,1,1.0
93,41,372.434,347.306,4.417,5.656,1,1,1.0
93,42,402.029,441.684,6.949,4.117,1,1,1.0
93,43,419.900,441.631,4.463,4.612,1,1,1.0
93,44,419.350,185.528,4.644,9.165,1,1,1.0
93,45,554.844,342.707,4.719,7.097,1,1,1.0
93,47,502.252,442.326,6.758,4.584,1,1,1.0
93,48,492.733,371.486,4.216,8.042,1,1,1.0
93,49,497.000,367.058,3.530,9.485,1,1,1.0
93,50,497.576,220.180,4.060,5.107,1,1,1.0
93,54,529.979,439.830,4.324,4.480,1,1,1.0
93,55,554.850,442.237,4.898,4.513,1,1,1.0
93,57,634.689,441.475,6.547,5.629,1,1,1.0
93,59,675.750,239.837,4.258,8.321,1,1,1.0
93,60,662.203,440.700,5.656,6.246,1,1,1.0
93,61,612.987,355.041,4.029,6.041,1,1,1.0
93,62,663.503,441.237,4.991,6.216,1,1,1.0
93,63,630.085,440.881,4.991,6.216,1,1,1.0
93,66,622.342,440.717,5.595,4.197,1,1,1.0
93,6366,34.706,357.598,4.940,8.374,1,1,1.0
93,6367,24.440,369.820,4.191,7.402,1,1,1.0
93,6368,37.569,300.404,7.499,4.179,1,1,1.0
93,6369,49.925,167.918,5.668,8.530,1,1,1.0
93,6370,15.353,440.237,7.111,3.906,1,1,1.0
93,6372,26.093,437.047,4.545,7.541,1,1,1.0
93,6373,63.842,440.596,7.252,4.219,1,1,1.0
93,6388,267.907,440.246,7.087,6.496,1,1,1.0
93,6389,295.279,324.965,4.753,8.407,1,1,1.0
93,6390,272.000,437.120,6.451,5.124,1,1,1.0
93,6391,252.071,311.648,4.435,8.428,1,1,1.0
93,6392,286.314,402.568,5.452,6.902,1,1,1.0
93,6393,304.512,437.797,4.807,4.489,1,1,1.0
94,18,138.749,437.861,5.957,4.767,1,1,1.0
94,29,154.136,435.187,4.901,4.363,1,1,1.0
94,40,412.112,344.280,6.800,5.857,1,1,1.0
94,41,372.425,346.320,4.396,5.763,1,1,1.0
94,42,402.012,441.676,6.925,4.129,1,1,1.0
94,43,419.674,441.585,4.528,4.594,1,1,1.0
94,44,419.018,183.315,4.491,9.091,1,1,1.0
94,45,553.731,341.290,4.843,7.049,1,1,1.0
94,47,502.332,442.321,6.611,4.576,1,1,1.0
94,48,492.764,368.853,3.902,8.139,1,1,1.0
94,49,496.936,364.869,3.641,9.314,1,1,1.0
94,50,496.661,220.127,4.891,5.370,1,1,1.0
94,54,529.915,439.566,4.665,4.741,1,1,1.0
94,55,554.872,442.328,4.807,4.443,1,1,1.0
94,57,636.344,441.004,6.380,4.883,1,1,1.0
94,59,676.159,237.397,4.701,8.402,1,1,1.0
94,60,662.301,440.680,5.519,6.175,1,1,1.0
94,61,613.384,353.845,4.033,5.888,1,1,1.0
94,62,664.098,440.762,4.991,6.216,1,1,1.0
94,63,631.130,441.388,4.423,5.320,1,1,1.0
94,66,621.934,440.934,5.590,4.110,1,1,1.0
94,6366,35.840,359.081,5.101,9.493,1,1,1.0
94,6367,36.571,366.500,4.793,8.907,1,1,1.0
94,6368,34.938,300.196,7.148,4.086,1,1,1.0
94,6369,48.263,166.426,5.744,8.030,1,1,1.0
94,6370,15.385,440.200,7.258,3.954,1,1,1.0
94,6372,25.785,437.069,4.509,7.508,1,1,1.0
94,6373,64.041,440.576,7.129,4.149,1,1,1.0
94,6388,267.448,440.284,7.863,6.545,1,1,1.0
94,6389,294.978,323.200,4.437,8.941,1,1,1.0
94,6390,272.006,437.134,6.558,5.285,1,1,1.0
94,6391,251.958,311.280,4.394,8.620,1,1,1.0
94,6392,286.307,402.574,5.456,6.932,1,1,1.0
94,6393,305.302,437.794,5.113,4.458,1,1,1.0
95,18,137.596,437.457,5.310,5.392,1,1,1.0
95,22,146.935,439.139,4.739,7.458,1,1,1.0
95,29,153.748,435.092,5.073,4.350,1,1,1.0
95,40,412.251,344.259,6.858,5.944,1,1,1.0
95,41,372.310,344.999,4.464,6.232,1,1,1.0
95,42,402.379,441.701,6.694,4.108,1,1,1.0
95,43,419.226,440.967,4.208,4.974,1,1,1.0
95,44,418.195,181.027,4.509,9.152,1,1,1.0
95,45,552.721,340.272,5.117,6.364,1,1,1.0
95,47,502.284,442.215,6.442,4.635,1,1,1.0
95,48,492.430,366.574,4.422,8.636,1,1,1.0
95,49,496.538,362.575,3.955,9.312,1,1,1.0
95,50,496.817,219.110,5.078,5.453,1,1,1.0
95,54,529.910,440.191,4.988,4.110,1,1,1.0
95,55,554.757,442.333,4.968,4.411,1,1,1.0
95,57,638.142,440.531,6.203,5.085,1,1,1.0
95,59,676.444,235.267,4.349,8.592,1,1,1.0
95,60,662.277,440.830,5.619,6.205,1,1,1.0
95,61,613.392,353.329,4.480,5.998,1,1,1.0
95,62,664.930,440.524,4.991,6.216,1,1,1.0
95,63,630.197,441.268,4.422,5.281,1,1,1.0
95,66,622.087,441.101,5.715,4.026,1,1,1.0
95,6366,37.084,360.712,5.516,8.086,1,1,1.0
95,6367,32.832,416.132,4.761,10.460,1,1,1.0
95,6368,32.466,299.549,7.203,4.267,1,1,1.0
95,6369,46.046,165.452,6.710,6.856,1,1,1.0
95,6370,15.187,440.314,7.285,3.656,1,1,1.0
95,6372,25.224,436.965,4.990,7.680,1,1,1.0
95,6373,63.493,439.993,5.885,4.472,1,1,1.0
95,6388,267.853,439.594,5.000,6.000,1,1,1.0
95,6389,294.916,321.442,4.446,8.931,1,1,1.0
95,6390,268.808,437.743,9.447,6.388,1,1,1.0
95,6391,251.711,310.724,4.380,8.526,1,1,1.0
95,6392,285.919,402.119,5.764,6.934,1,1,1.0
95,6393,305.755,437.773,5.035,4.501,1,1,1.0
96,18,137.546,438.378,5.662,5.494,1,1,1.0
96,29,153.806,435.071,5.025,4.075,1,1,1.0
96,40,412.278,344.260,6.868,5.939,1,1,1.0
96,41,372.198,344.470,4.456,6.330,1,1,1.0
96,42,402.576,441.734,6.418,4.019,1,1,1.0
96,43,418.979,441.153,4.170,4.902,1,1,1.0
96,44,417.534,179.814,4.505,9.329,1,1,1.0
96,45,552.388,339.278,5.279,5.743,1,1,1.0
96,47,502.421,442.221,6.164,4.492,1,1,1.0
96,48,492.883,364.153,3.937,8.214,1,1,1.0
96,49,497.101,360.670,3.840,8.633,1,1,1.0
96,50,496.995,217.848,5.119,5.574,1,1,1.0
96,54,529.882,439.838,4.392,4.531,1,1,1.0
96,55,554.918,442.373,4.829,4.346,1,1,1.0
96,57,639.733,440.059,5.833,4.969,1,1,1.0
96,59,676.559,233.062,4.410,8.299,1,1,1.0
96,60,662.433,441.112,5.933,5.733,1,1,1.0
96,61,613.687,352.825,4.806,5.665,1,1,1.0
96,62,665.631,440.467,4.991,6.216,1,1,1.0
96,63,629.778,440.958,4.802,5.240,1,1,1.0
96,66,622.851,441.210,5.578,4.173,1,1,1.0
96,6366,39.128,362.893,5.901,7.405,1,1,1.0
96,6367,20.486,422.921,3.573,8.983,1,1,1.0
96,6368,29.547,299.473,7.343,4.105,1,1,1.0
96,6369,44.214,165.048,6.991,6.254,1,1,1.0
96,6370,15.064,440.211,6.734,3.900,1,1,1.0
96,6372,26.002,436.936,4.532,8.178,1,1,1.0
96,6373,63.408,439.644,5.265,4.453,1,1,1.0
96,6388,265.939,440.731,8.553,5.312,1,1,1.0
96,6389,294.680,318.740,4.253,9.091,1,1,1.0
96,6390,269.489,437.542,8.928,6.094,1,1,1.0
96,6391,251.680,310.047,4.310,8.722,1,1,1.0
96,6392,285.908,402.556,5.934,6.621,1,1,1.0
96,6393,305.652,438.214,5.517,4.285,1,1,1.0
97,18,137.576,438.727,5.743,5.102,1,1,1.0
97,29,153.660,435.034,4.821,4.120,1,1,1.0
97,40,412.316,344.201,6.918,6.051,1,1,1.0
97,41,372.664,343.061,4.556,6.523,1,1,1.0
97,42,402.916,441.729,6.119,4.078,1,1,1.0
97,43,419.149,441.050,4.024,4.776,1,1,1.0
97,44,416.859,177.827,4.483,9.223,1,1,1.0
97,45,550.589,338.561,6.203,5.611,1,1,1.0
97,47,502.504,441.257,5.569,5.084,1,1,1.0
97,48,492.799,362.012,4.336,8.212,1,1,1.0
97,49,497.118,358.414,4.005,8.928,1,1,1.0
97,50,497.800,216.173,4.852,5.919,1,1,1.0
97,54,529.667,439.786,4.280,4.744,1,1,1.0
97,55,555.092,442.309,4.788,4.255,1,1,1.0
97,57,639.815,439.708,5.579,5.252,1,1,1.0
97,59,677.381,230.521,4.350,8.692,1,1,1.0
97,60,662.453,441.113,6.259,5.703,1,1,1.0
97,61,614.350,351.633,4.956,5.501,1,1,1.0
97,62,664.912,440.752,4.991,6.216,1,1,1.0
97,63,628.666,440.881,5.262,4.971,1,1,1.0
97,66,622.776,441.306,5.157,4.129,1,1,1.0
97,6366,27.334,299.344,7.041,3.958,1,1,1.0
97,6367,14.976,429.844,5.000,6.000,1,1,1.0
97,6368,25.870,437.003,4.788,7.424,1,1,1.0
97,6369,40.581,364.261,5.435,7.581,1,1,1.0
97,6370,15.186,428.999,4.252,7.264,1,1,1.0
97,6372,15.122,440.150,7.182,3.849,1,1,1.0
97,6373,42.606,164.723,7.364,5.806,1,1,1.0
97,6377,62.883,438.952,5.169,5.165,1,1,1.0
97,6388,251.591,309.536,4.424,8.672,1,1,1.0
97,6389,286.917,403.518,6.044,6.720,1,1,1.0
97,6390,265.536,441.323,7.869,5.388,1,1,1.0
97,6392,271.575,437.469,5.405,5.352,1,1,1.0
97,6393,294.537,316.837,4.349,9.035,1,1,1.0
98,18,137.484,438.637,5.807,5.302,1,1,1.0
98,25,168.353,437.848,6.567,6.005,1,1,1.0
98,27,176.432,437.107,5.143,6.952,1,1,1.0
98,29,153.562,435.041,4.842,4.256,1,1,1.0
98,40,412.280,344.212,6.814,6.056,1,1,1.0
98,41,373.121,342.048,4.592,6.378,1,1,1.0
98,42,402.767,441.777,6.100,4.158,1,1,1.0
98,43,419.542,441.244,4.645,4.264,1,1,1.0
98,44,416.343,176.521,4.593,9.194,1,1,1.0
98,45,549.410,338.446,6.070,4.928,1,1,1.0
98,47,505.655,433.401,4.738,5.868,1,1,1.0
98,48,492.615,360.248,4.603,7.563,1,1,1.0
98,49,497.099,357.204,4.040,8.802,1,1,1.0
98,50,498.028,214.062,4.584,6.905,1,1,1.0
98,54,530.259,439.975,3.873,4.390,1,1,1.0
98,55,555.119,442.387,4.699,4.273,1,1,1.0
98,57,639.280,439.324,5.484,5.515,1,1,1.0
98,59,677.275,228.094,4.260,8.063,1,1,1.0
98,60,661.769,441.250,6.841,5.366,1,1,1.0
98,61,614.675,350.954,5.049,5.204,1,1,1.0
98,62,667.413,440.375,4.991,6.216,1,1,1.0
98,63,627.112,440.405,4.991,6.216,1,1,1.0
98,66,623.009,441.542,7.118,3.961,1,1,1.0
98,6366,41.956,365.393,5.614,7.786,1,1,1.0
98,6367,15.258,438.899,7.505,5.688,1,1,1.0
98,6368,25.514,437.240,4.382,7.541,1,1,1.0
98,6369,42.094,164.569,7.530,5.831,1,1,1.0
98,6370,14.144,438.630,5.000,6.000,1,1,1.0
98,6372,24.645,299.078,6.873,4.164,1,1,1.0
98,6373,62.687,439.023,4.989,5.015,1,1,1.0
98,6388,265.468,440.867,7.417,4.706,1,1,1.0
98,6389,294.930,314.622,4.408,8.770,1,1,1.0
98,6390,272.392,437.251,4.088,4.244,1,1,1.0
98,6391,251.565,309.139,4.339,8.328,1,1,1.0
98,6392,287.375,404.231,6.234,6.712,1,1,1.0
98,6393,307.573,439.108,5.926,4.053,1,1,1.0
99,18,138.027,438.789,5.631,5.279,1,1,1.0
99,27,174.350,442.361,6.565,5.657,1,1,1.0
99,29,153.612,434.981,4.779,4.363,1,1,1.0
99,40,412.353,344.162,6.981,6.202,1,1,1.0
99,41,373.294,341.326,4.532,6.409,1,1,1.0
99,42,402.853,441.734,6.295,4.272,1,1,1.0
99,43,420.372,440.954,4.528,4.371,1,1,1.0
99,44,415.693,175.363,4.461,8.990,1,1,1.0
99,45,547.608,337.947,6.303,4.592,1,1,1.0
99,47,508.570,442.186,4.343,4.869,1,1,1.0
99,48,492.867,357.560,4.515,8.249,1,1,1.0
99,49,497.273,355.778,3.893,8.499,1,1,1.0
99,50,498.362,211.925,4.305,7.716,1,1,1.0
99,54,530.243,440.046,4.364,4.265,1,1,1.0
99,55,555.199,442.245,4.666,4.375,1,1,1.0
99,57,639.218,438.947,5.481,5.942,1,1,1.0
99,59,677.998,225.043,4.451,8.427,1,1,1.0
99,60,661.296,441.302,6.054,5.407,1,1,1.0
99,61,614.809,350.013,5.440,5.748,1,1,1.0
99,62,666.323,441.150,5.772,4.989,1,1,1.0
99,63,622.806,441.737,7.486,4.250,1,1,1.0
99,63,626.399,440.999,4.991,6.216,1,1,1.0
99,6366,42.069,164.557,7.616,5.814,1,1,1.0
99,6367,15.074,438.756,8.181,5.862,1,1,1.0
99,6368,22.571,297.840,6.828,4.510,1,1,1.0
99,6369,43.041,366.784,5.796,8.062,1,1,1.0
99,6370,13.896,438.630,5.000,6.000,1,1,1.0
99,6372,24.639,437.396,5.136,7.417,1,1,1.0
99,6373,62.305,438.562,4.833,5.503,1,1,1.0
99,6388,251.652,308.750,4.410,8.443,1,1,1.0
99,6389,287.366,404.404,6.318,6.796,1,1,1.0
99,6390,264.343,440.163,7.553,4.927,1,1,1.0
99,6392,271.413,437.047,4.715,4.268,1,1,1.0
99,6393,295.022,312.773,4.571,8.621,1,1,1.0
100,18,139.238,438.840,5.425,5.687,1,1,1.0
100,29,153.539,434.951,4.893,4.495,1,1,1.0
100,40,412.383,344.153,6.967,6.243,1,1,1.0
100,41,373.737,339.349,4.483,6.554,1,1,1.0
100,42,402.786,441.700,6.373,4.408,1,1,1.0
100,43,421.550,440.434,5.087,4.686,1,1,1.0
100,44,415.520,173.536,4.372,9.438,1,1,1.0
100,45,546.462,337.869,6.466,4.724,1,1,1.0
100,47,508.301,443.097,6.914,5.329,1,1,1.0
100,48,492.667,356.795,4.604,7.363,1,1,1.0
100,49,497.498,353.799,3.841,8.675,1,1,1.0
100,50,498.356,209.385,4.092,8.078,1,1,1.0
100,54,530.415,439.923,4.169,4.472,1,1,1.0
100,55,555.185,442.186,4.690,4.469,1,1,1.0
100,57,639.202,438.653,5.438,6.474,1,1,1.0
100,59,678.330,222.492,4.326,8.428,1,1,1.0
100,60,618.230,427.510,4.172,5.819,1,1,1.0
100,60,653.849,428.484,5.034,5.443,1,1,1.0
100,61,615.934,348.837,5.197,5.904,1,1,1.0
100,62,665.875,441.445,5.654,4.415,1,1,1.0
100,63,623.663,442.335,5.680,5.079,1,1,1.0
100,6366,44.413,368.646,5.269,7.866,1,1,1.0
100,6367,15.337,438.582,8.604,5.859,1,1,1.0
100,6368,20.326,296.885,6.450,4.775,1,1,1.0
100,6369,42.268,164.665,7.501,5.885,1,1,1.0
100,6370,14.020,439.125,5.000,6.000,1,1,1.0
100,6372,25.533,437.290,4.729,7.322,1,1,1.0
100,6373,62.172,438.672,4.683,5.338,1,1,1.0
100,6388,251.837,308.187,4.281,7.973,1,1,1.0
100,6389,287.546,404.515,6.089,6.757,1,1,1.0
100,6390,264.078,439.782,7.539,5.081,1,1,1.0
100,6392,270.036,437.071,5.618,4.538,1,1,1.0
100,6393,295.807,310.448,4.435,8.569,1,1,1.0
101,18,139.550,438.546,5.383,6.181,1,1,1.0
101,27,175.730,439.734,6.220,7.963,1,1,1.0
101,29,153.572,434.759,4.911,4.744,1,1,1.0
101,40,412.321,344.146,6.960,6.239,1,1,1.0
101,41,374.216,338.481,4.769,6.420,1,1,1.0
101,42,402.712,441.625,6.591,4.549,1,1,1.0
101,43,423.032,439.794,5.735,4.835,1,1,1.0
101,44,415.073,171.994,4.358,9.367,1,1,1.0
101,45,545.023,337.386,6.508,4.354,1,1,1.0
101,47,507.941,444.088,6.913,4.609,1,1,1.0
101,48,492.442,353.352,4.374,8.288,1,1,1.0
101,49,497.488,352.862,3.919,8.234,1,1,1.0
101,50,498.245,207.082,4.300,8.094,1,1,1.0
101,54,529.922,439.598,4.545,4.988,1,1,1.0
101,55,555.115,442.083,4.754,4.554,1,1,1.0
101,57,639.104,438.380,5.481,7.230,1,1,1.0
101,59,678.482,220.078,4.607,8.644,1,1,1.0
101,60,650.088,427.352,5.072,6.362,1,1,1.0
101,61,616.576,347.975,5.415,5.834,1,1,1.0
101,62,665.961,441.395,5.504,4.353,1,1,1.0
101,63,623.005,436.357,4.882,8.324,1,1,1.0
101,6366,45.337,370.430,5.175,8.073,1,1,1.0
101,6367,15.531,438.280,9.062,6.017,1,1,1.0
101,6368,18.691,295.660,6.002,5.179,1,1,1.0
101,6369,42.777,164.692,7.286,5.896,1,1,1.0
101,6370,14.020,439.125,5.000,6.000,1,1,1.0
101,6372,25.516,437.221,4.845,7.029,1,1,1.0
101,6373,62.116,438.595,4.686,5.356,1,1,1.0
101,6389,287.853,404.921,6.154,7.115,1,1,1.0
101,6390,263.877,439.727,6.969,5.265,1,1,1.0
101,6391,268.736,437.401,5.823,4.716,1,1,1.0
101,6392,274.060,291.158,5.123,7.582,1,1,1.0
101,6393,296.846,308.771,4.263,8.335,1,1,1.0
102,18,139.718,438.614,4.914,6.247,1,1,1.0
102,25,163.606,435.663,4.058,5.891,1,1,1.0
102,27,174.294,438.935,6.339,9.406,1,1,1.0
102,40,412.406,344.183,6.872,6.278,1,1,1.0
102,41,374.964,338.146,5.390,6.215,1,1,1.0
102,42,402.776,441.624,6.585,4.496,1,1,1.0
102,43,424.141,439.119,5.696,4.828,1,1,1.0
102,44,415.053,171.367,3.955,9.074,1,1,1.0
102,45,543.989,337.012,6.505,4.375,1,1,1.0
102,47,507.571,442.730,6.809,5.633,1,1,1.0
102,48,492.359,351.364,3.925,8.126,1,1,1.0
102,49,497.508,351.561,3.870,8.165,1,1,1.0
102,50,498.824,205.061,4.180,8.310,1,1,1.0
102,54,529.841,439.186,4.145,5.381,1,1,1.0
102,55,555.175,442.143,4.719,4.474,1,1,1.0
102,57,639.323,439.176,4.188,6.317,1,1,1.0
102,59,678.947,217.288,4.488,8.747,1,1,1.0
102,60,636.540,428.591,7.015,4.888,1,1,1.0
102,61,616.916,347.105,5.983,5.298,1,1,1.0
102,62,665.807,441.389,5.809,4.670,1,1,1.0
102,63,622.821,440.549,4.693,7.705,1,1,1.0
102,6366,46.122,371.970,4.188,8.750,1,1,1.0
102,6367,15.741,438.091,8.688,6.306,1,1,1.0
102,6368,16.769,295.009,5.901,4.843,1,1,1.0
102,6369,43.241,164.711,6.966,5.901,1,1,1.0
102,6370,14.701,439.001,5.000,6.000,1,1,1.0
102,6372,25.163,437.253,5.240,6.966,1,1,1.0
102,6373,62.108,438.658,4.632,5.309,1,1,1.0
102,6389,287.874,405.311,5.927,6.997,1,1,1.0
102,6390,263.475,439.546,6.828,6.027,1,1,1.0
102,6391,267.534,437.320,6.043,4.829,1,1,1.0
102,6392,282.947,258.952,4.172,8.899,1,1,1.0
102,6393,296.889,307.487,4.229,8.299,1,1,1.0
103,18,140.541,438.608,4.855,5.857,1,1,1.0
103,25,181.139,439.973,4.637,5.206,1,1,1.0
103,27,173.619,439.351,5.377,5.176,1,1,1.0
103,40,412.413,344.160,6.896,6.545,1,1,1.0
103,41,376.099,337.451,5.053,6.079,1,1,1.0
103,42,402.866,441.692,6.580,4.434,1,1,1.0
103,43,426.424,438.903,5.766,4.628,1,1,1.0
103,44,415.614,169.746,4.252,9.157,1,1,1.0
103,45,543.793,336.856,6.486,4.362,1,1,1.0
103,47,508.279,443.724,7.595,4.058,1,1,1.0
103,48,492.986,348.873,4.005,7.953,1,1,1.0
103,49,497.532,350.026,3.971,8.372,1,1,1.0
103,50,498.955,202.603,3.989,8.159,1,1,1.0
103,54,529.888,439.161,4.349,5.557,1,1,1.0
103,55,555.087,442.348,4.794,4.333,1,1,1.0
103,57,640.331,439.221,4.745,6.744,1,1,1.0
103,59,679.066,214.155,4.382,8.572,1,1,1.0
103,60,627.509,430.129,3.985,7.896,1,1,1.0
103,61,618.581,345.959,5.440,5.413,1,1,1.0
103,62,665.474,441.439,5.949,4.604,1,1,1.0
103,63,621.566,441.071,5.198,6.898,1,1,1.0
103,6366,45.900,373.832,4.252,8.745,1,1,1.0
103,6367,16.365,438.440,7.574,6.230,1,1,1.0
103,6368,14.600,294.016,5.496,4.824,1,1,1.0
103,6369,43.444,164.730,6.823,5.863,1,1,1.0
103,6370,15.814,438.568,5.000,6.000,1,1,1.0
103,6372,23.941,437.197,5.121,6.956,1,1,1.0
103,6373,62.122,438.633,4.607,5.336,1,1,1.0
103,6389,288.038,404.769,4.916,7.928,1,1,1.0
103,6390,263.367,439.724,6.480,6.068,1,1,1.0
103,6391,267.149,437.234,5.554,4.917,1,1,1.0
103,6392,278.778,240.742,6.164,4.690,1,1,1.0
103,6393,297.255,306.362,4.721,8.257,1,1,1.0
104,18,140.377,438.391,4.834,6.057,1,1,1.0
104,25,183.648,439.114,3.956,5.581,1,1,1.0
104,27,173.948,439.644,4.983,4.866,1,1,1.0
104,29,153.543,434.672,4.323,4.703,1,1,1.0
104,40,412.415,344.162,6.903,6.476,1,1,1.0
104,41,376.513,336.371,5.066,5.957,1,1,1.0
104,42,402.808,441.705,6.538,4.442,1,1,1.0
104,43,428.311,439.091,5.855,4.441,1,1,1.0
104,44,415.918,167.497,4.613,9.073,1,1,1.0
104,45,543.764,336.713,6.523,4.432,1,1,1.0
104,47,507.361,442.580,7.228,4.852,1,1,1.0
104,48,493.286,346.663,4.141,8.109,1,1,1.0
104,49,497.434,348.760,4.112,8.238,1,1,1.0
104,50,498.953,200.542,4.016,8.031,1,1,1.0
104,54,529.713,440.521,4.040,4.294,1,1,1.0
104,55,554.852,442.180,4.853,4.468,1,1,1.0
104,57,639.204,438.306,5.120,7.332,1,1,1.0
104,59,679.760,212.180,4.001,7.767,1,1,1.0
104,60,613.812,432.768,6.885,4.713,1,1,1.0
104,61,618.893,344.701,6.022,5.978,1,1,1.0
104,62,665.371,441.340,6.011,4.523,1,1,1.0
104,63,621.073,440.636,6.325,6.199,1,1,1.0
104,6366,45.839,375.869,3.897,8.916,1,1,1.0
104,6367,16.318,439.178,7.664,5.300,1,1,1.0
104,6368,12.563,293.018,5.534,5.269,1,1,1.0
104,6369,43.462,164.669,7.064,5.969,1,1,1.0
104,6370,14.886,438.630,5.000,6.000,1,1,1.0
104,6372,23.170,436.395,5.009,7.017,1,1,1.0
104,6373,61.348,438.511,5.050,5.298,1,1,1.0
104,6388,263.353,437.322,7.875,7.908,1,1,1.0
104,6389,298.331,304.747,4.682,7.809,1,1,1.0
104,6390,265.573,436.559,5.000,6.000,1,1,1.0
104,6391,265.938,236.535,4.342,6.717,1,1,1.0
104,6392,287.900,404.496,4.392,8.242,1,1,1.0
104,6393,309.832,438.967,5.470,4.268,1,1,1.0
105,18,140.554,438.562,4.773,6.214,1,1,1.0
105,25,183.072,439.566,5.025,4.837,1,1,1.0
105,27,174.311,439.568,5.561,4.802,1,1,1.0
105,29,152.921,434.532,4.876,4.773,1,1,1.0
105,40,412.528,344.192,6.834,6.463,1,1,1.0
105,41,377.018,335.419,5.508,6.236,1,1,1.0
105,42,402.771,441.561,6.466,4.498,1,1,1.0
105,43,430.219,439.925,5.924,3.943,1,1,1.0
105,44,416.241,166.413,4.646,9.120,1,1,1.0
105,45,543.710,336.515,6.537,4.519,1,1,1.0
105,47,506.917,442.314,7.342,4.074,1,1,1.0
105,48,493.312,344.470,4.366,8.014,1,1,1.0
105,49,497.793,347.453,4.239,8.133,1,1,1.0
105,50,499.334,198.319,4.176,7.963,1,1,1.0
105,54,529.993,440.507,4.045,4.126,1,1,1.0
105,55,554.995,442.155,4.761,4.401,1,1,1.0
105,57,639.217,438.318,5.300,7.104,1,1,1.0
105,59,680.254,209.481,3.843,8.426,1,1,1.0
105,60,615.848,437.180,6.108,7.163,1,1,1.0
105,61,620.088,343.378,6.097,6.256,1,1,1.0
105,62,666.960,441.586,6.032,4.264,1,1,1.0
105,63,621.471,441.589,6.871,4.812,1,1,1.0
105,6366,45.704,377.827,3.772,9.666,1,1,1.0
105,6367,15.808,439.758,6.875,4.476,1,1,1.0
105,6368,11.564,292.072,5.454,5.882,1,1,1.0
105,6369,43.477,164.575,7.051,6.166,1,1,1.0
105,6370,14.515,439.063,5.000,6.000,1,1,1.0
105,6372,23.110,436.039,4.414,7.597,1,1,1.0
105,6373,60.422,438.448,5.636,4.961,1,1,1.0
105,6388,262.800,421.151,3.997,9.016,1,1,1.0
105,6389,298.300,303.976,4.737,7.684,1,1,1.0
105,6390,264.918,437.075,6.773,4.968,1,1,1.0
105,6391,266.792,240.641,4.772,7.186,1,1,1.0
105,6392,287.849,404.158,4.286,8.485,1,1,1.0
105,6393,309.873,438.969,5.498,4.275,1,1,1.0
106,18,140.517,438.785,5.145,6.003,1,1,1.0
106,25,181.949,439.476,5.626,5.093,1,1,1.0
106,27,174.261,439.563,5.993,5.047,1,1,1.0
106,29,153.088,434.708,5.000,4.908,1,1,1.0
106,40,412.451,344.157,6.858,6.517,1,1,1.0
106,41,377.631,334.286,5.713,6.631,1,1,1.0
106,42,402.796,441.530,6.372,4.572,1,1,1.0
106,43,429.360,440.017,5.983,4.033,1,1,1.0
106,44,417.285,164.396,4.433,8.684,1,1,1.0
106,45,531.262,332.385,8.570,4.678,1,1,1.0
106,47,507.125,442.984,6.991,4.275,1,1,1.0
106,48,493.436,342.730,4.274,8.287,1,1,1.0
106,49,498.127,345.964,4.334,8.059,1,1,1.0
106,50,499.031,196.535,4.289,7.809,1,1,1.0
106,54,529.506,440.237,4.533,4.313,1,1,1.0
106,55,555.144,442.074,4.723,4.520,1,1,1.0
106,57,639.309,438.262,5.339,7.066,1,1,1.0
106,59,680.862,207.049,3.983,7.301,1,1,1.0
106,60,614.074,439.496,7.003,5.369,1,1,1.0
106,61,621.473,341.502,5.967,6.592,1,1,1.0
106,62,667.427,441.569,6.398,4.476,1,1,1.0
106,63,623.252,442.319,6.179,4.632,1,1,1.0
106,6366,44.445,380.860,4.030,9.054,1,1,1.0
106,6367,14.319,439.322,7.198,4.667,1,1,1.0
106,6368,10.790,291.311,5.499,5.979,1,1,1.0
106,6369,43.483,164.289,6.868,6.229,1,1,1.0
106,6370,14.218,438.614,5.000,6.000,1,1,1.0
106,6372,23.293,435.339,4.318,8.133,1,1,1.0
106,6373,58.861,438.522,6.424,4.817,1,1,1.0
106,6388,259.636,371.231,3.670,9.738,1,1,1.0
106,6389,299.758,302.480,4.858,7.918,1,1,1.0
106,6390,264.189,437.206,7.053,4.935,1,1,1.0
106,6391,266.751,244.625,5.192,7.232,1,1,1.0
106,6392,287.682,404.304,4.359,8.426,1,1,1.0
106,6393,310.174,439.152,5.487,4.142,1,1,1.0
107,18,140.104,439.082,5.008,5.890,1,1,1.0
107,27,174.141,439.633,6.543,4.867,1,1,1.0
107,40,412.425,344.217,6.808,6.505,1,1,1.0
107,41,378.528,333.409,5.765,6.494,1,1,1.0
107,42,402.794,441.526,6.481,4.544,1,1,1.0
107,43,429.877,440.009,6.173,4.183,1,1,1.0
107,44,417.601,162.892,4.852,8.580,1,1,1.0
107,45,494.611,323.566,4.101,6.709,1,1,1.0
107,47,506.039,443.146,7.125,4.075,1,1,1.0
107,48,493.665,341.649,4.313,7.432,1,1,1.0
107,49,498.524,344.879,4.223,8.221,1,1,1.0
107,50,499.703,194.089,4.157,7.956,1,1,1.0
107,54,528.859,440.365,4.755,4.195,1,1,1.0
107,55,555.194,442.077,4.665,4.507,1,1,1.0
107,57,638.999,438.162,5.355,7.006,1,1,1.0
107,59,680.750,204.509,4.158,7.415,1,1,1.0
107,60,613.256,441.306,4.884,5.274,1,1,1.0
107,61,622.646,340.037,5.305,7.033,1,1,1.0
107,62,668.045,441.570,6.193,4.352,1,1,1.0
107,63,626.786,442.061,5.622,4.403,1,1,1.0
107,6366,44.085,383.515,4.199,8.563,1,1,1.0
107,6367,19.078,437.393,5.000,6.000,1,1,1.0
107,6368,6.429,291.523,5.000,6.000,1,1,1.0
107,6369,43.292,164.228,6.936,6.021,1,1,1.0
107,6370,13.968,439.459,6.325,4.410,1,1,1.0
107,6372,23.327,435.099,4.362,8.136,1,1,1.0
107,6373,57.911,438.562,6.578,4.992,1,1,1.0
107,6380,266.984,242.961,5.159,7.624,1,1,1.0
107,6388,287.534,404.281,4.360,8.452,1,1,1.0
107,6390,300.594,301.310,4.914,8.114,1,1,1.0
107,6391,310.580,439.408,5.465,4.044,1,1,1.0
108,18,140.348,439.052,5.070,5.924,1,1,1.0
108,27,175.580,439.319,10.175,4.906,1,1,1.0
108,29,152.080,434.282,6.044,4.662,1,1,1.0
108,40,412.466,344.187,6.792,6.568,1,1,1.0
108,41,378.749,332.516,5.668,7.053,1,1,1.0
108,42,402.790,441.491,6.501,4.547,1,1,1.0
108,43,429.517,440.138,6.570,3.998,1,1,1.0
108,44,418.014,161.405,4.930,8.539,1,1,1.0
108,45,494.613,323.106,4.410,7.152,1,1,1.0
108,47,506.138,442.981,6.639,4.287,1,1,1.0
108,48,493.645,341.562,4.449,7.267,1,1,1.0
108,49,498.553,344.445,4.176,8.406,1,1,1.0
108,50,499.560,191.617,4.179,7.918,1,1,1.0
108,54,527.738,440.477,4.890,4.188,1,1,1.0
108,55,555.240,442.059,4.638,4.528,1,1,1.0
108,57,638.864,438.097,5.603,6.811,1,1,1.0
108,59,681.386,201.879,4.094,7.268,1,1,1.0
108,60,612.759,442.461,5.269,4.774,1,1,1.0
108,61,623.714,338.136,5.223,7.188,1,1,1.0
108,62,669.325,441.543,6.289,4.189,1,1,1.0
108,63,629.322,442.109,6.069,4.183,1,1,1.0
108,6366,57.132,438.600,6.548,5.135,1,1,1.0
108,6367,23.545,434.987,4.252,7.975,1,1,1.0
108,6368,6.429,289.879,5.000,6.000,1,1,1.0
108,6369,43.498,385.186,3.736,8.886,1,1,1.0
108,6370,13.307,439.601,5.664,3.881,1,1,1.0
108,6372,41.946,163.260,6.681,5.442,1,1,1.0
108,6388,263.691,437.620,7.132,5.389,1,1,1.0
108,6389,310.981,439.861,5.277,3.949,1,1,1.0
108,6390,266.859,241.820,5.823,6.793,1,1,1.0
108,6391,287.580,404.374,4.321,8.308,1,1,1.0
108,6392,301.263,299.998,4.919,8.084,1,1,1.0
109,18,140.235,439.343,4.934,5.553,1,1,1.0
109,27,176.532,439.173,8.764,5.203,1,1,1.0
109,29,153.149,434.117,5.477,4.822,1,1,1.0
109,40,413.411,344.240,6.525,6.919,1,1,1.0
109,41,378.972,332.303,5.593,6.934,1,1,1.0
109,42,402.848,441.548,6.470,4.563,1,1,1.0
109,43,429.571,439.987,6.007,3.965,1,1,1.0
109,44,419.137,159.444,4.979,8.871,1,1,1.0
109,45,494.612,323.038,4.517,7.368,1,1,1.0
109,47,505.641,442.535,5.998,4.735,1,1,1.0
109,48,494.035,341.047,4.581,7.786,1,1,1.0
109,49,498.371,344.083,4.693,8.842,1,1,1.0
109,50,500.568,188.934,4.077,8.012,1,1,1.0
109,54,525.923,439.973,5.737,4.426,1,1,1.0
109,55,555.177,441.973,4.793,4.569,1,1,1.0
109,57,637.174,438.064,7.173,6.987,1,1,1.0
109,59,681.163,200.117,3.970,6.980,1,1,1.0
109,60,612.665,442.443,5.361,4.964,1,1,1.0
109,61,624.706,335.921,4.993,8.408,1,1,1.0
109,62,670.432,441.608,6.285,4.205,1,1,1.0
109,63,631.512,441.828,7.750,4.270,1,1,1.0
109,6366,56.238,438.584,6.838,5.204,1,1,1.0
109,6367,22.652,434.313,4.687,8.270,1,1,1.0
109,6368,6.663,290.349,5.000,6.000,1,1,1.0
109,6369,42.460,387.397,4.214,8.847,1,1,1.0
109,6370,13.016,439.683,5.025,3.889,1,1,1.0
109,6372,36.710,153.345,4.271,7.534,1,1,1.0
109,6388,287.517,404.506,4.404,8.335,1,1,1.0
109,6390,301.990,298.777,4.856,7.585,1,1,1.0
109,6391,310.943,439.843,5.358,4.037,1,1,1.0
110,18,140.436,439.340,5.131,5.403,1,1,1.0
110,27,176.570,439.076,7.999,4.885,1,1,1.0
110,40,412.245,343.878,6.078,7.392,1,1,1.0
110,41,378.921,331.552,5.590,7.359,1,1,1.0
110,42,402.865,441.563,6.422,4.580,1,1,1.0
110,43,429.304,439.589,5.396,4.354,1,1,1.0
110,44,419.504,157.872,5.085,8.730,1,1,1.0
110,45,494.533,322.105,4.460,7.848,1,1,1.0
110,47,505.180,442.218,5.423,4.853,1,1,1.0
110,48,494.296,340.656,4.639,8.100,1,1,1.0
110,49,498.251,343.804,4.686,9.083,1,1,1.0
110,50,501.064,186.790,4.283,8.271,1,1,1.0
110,54,525.259,439.826,5.960,4.260,1,1,1.0
110,55,555.217,441.921,4.747,4.647,1,1,1.0
110,57,637.414,438.186,6.937,7.977,1,1,1.0
110,59,681.246,197.655,4.090,7.349,1,1,1.0
110,60,613.399,442.166,5.317,5.323,1,1,1.0
110,61,624.740,333.818,4.988,8.638,1,1,1.0
110,62,670.681,441.527,5.969,4.443,1,1,1.0
110,63,617.045,438.311,4.991,6.216,1,1,1.0
110,6366,41.769,388.787,4.379,9.210,1,1,1.0
110,6367,15.013,439.199,4.977,4.017,1,1,1.0
110,6368,5.959,287.059,5.000,6.000,1,1,1.0
110,6369,32.820,140.503,4.408,8.482,1,1,1.0
110,6370,10.679,438.383,5.000,6.000,1,1,1.0
110,6372,22.904,434.063,4.564,8.350,1,1,1.0
110,6373,55.676,438.605,6.873,5.102,1,1,1.0
110,6388,263.498,437.856,6.849,5.619,1,1,1.0
110,6389,287.368,404.564,4.121,8.425,1,1,1.0
110,6391,266.841,349.375,6.060,7.901,1,1,1.0
110,6392,268.038,239.323,5.990,7.733,1,1,1.0
110,6393,302.906,297.327,4.829,7.461,1,1,1.0
111,18,140.926,439.311,5.056,5.405,1,1,1.0
111,27,175.451,438.922,9.499,4.688,1,1,1.0
111,40,412.258,344.164,5.875,7.067,1,1,1.0
111,41,378.781,330.632,5.405,8.231,1,1,1.0
111,42,403.116,441.688,6.640,4.553,1,1,1.0
111,43,427.754,438.943,4.935,6.304,1,1,1.0
111,44,419.584,156.887,5.129,8.365,1,1,1.0
111,45,494.498,322.008,4.510,7.782,1,1,1.0
111,47,503.711,442.102,5.330,4.316,1,1,1.0
111,48,494.333,340.274,4.671,7.704,1,1,1.0
111,49,498.147,343.878,4.845,9.148,1,1,1.0
111,50,501.314,185.140,4.356,7.857,1,1,1.0
111,54,524.408,439.827,5.532,4.076,1,1,1.0
111,55,555.434,442.048,4.343,4.474,1,1,1.0
111,57,637.705,438.068,6.893,8.090,1,1,1.0
111,59,680.968,195.513,3.867,7.281,1,1,1.0
111,60,637.828,441.613,4.991,6.216,1,1,1.0
111,61,625.693,331.377,4.993,8.898,1,1,1.0
111,62,670.735,441.556,5.810,4.341,1,1,1.0
111,63,618.852,413.182,4.407,4.896,1,1,1.0
111,6366,41.248,390.760,4.399,8.684,1,1,1.0
111,6367,17.552,439.011,4.775,4.322,1,1,1.0
111,6368,5.724,287.764,5.000,6.000,1,1,1.0
111,6369,33.601,139.770,3.897,9.167,1,1,1.0
111,6370,8.823,438.506,5.000,6.000,1,1,1.0
111,6372,23.433,433.901,4.121,8.280,1,1,1.0
111,6373,54.890,438.673,6.820,5.090,1,1,1.0
111,6389,287.066,404.495,4.182,8.521,1,1,1.0
111,6390,254.139,363.992,6.024,6.029,1,1,1.0
111,6391,263.374,437.919,6.743,5.398,1,1,1.0
111,6392,268.620,238.294,5.920,7.617,1,1,1.0
111,6393,303.857,295.854,4.813,7.416,1,1,1.0
112,18,140.949,439.294,5.408,5.385,1,1,1.0
112,27,174.341,438.994,11.422,4.751,1,1,1.0
112,29,151.134,432.746,6.413,5.508,1,1,1.0
112,40,412.236,344.276,5.759,7.130,1,1,1.0
112,41,378.548,330.110,4.834,8.769,1,1,1.0
112,42,403.119,441.685,6.553,4.572,1,1,1.0
112,43,427.905,439.276,4.914,5.934,1,1,1.0
112,44,420.577,154.873,4.751,8.536,1,1,1.0
112,45,494.635,321.555,4.584,7.943,1,1,1.0
112,47,502.180,442.055,5.599,4.317,1,1,1.0
112,48,494.364,339.554,4.444,6.585,1,1,1.0
112,49,498.407,344.315,4.766,8.775,1,1,1.0
112,50,502.098,183.632,4.302,7.652,1,1,1.0
112,54,523.839,439.540,6.165,4.347,1,1,1.0
112,55,555.361,442.008,4.330,4.530,1,1,1.0
112,57,638.575,438.277,6.177,7.154,1,1,1.0
112,58,647.973,439.009,6.321,4.617,1,1,1.0
112,59,681.026,193.587,3.736,7.275,1,1,1.0
112,60,640.682,442.089,4.991,6.216,1,1,1.0
112,61,626.300,329.420,4.948,9.281,1,1,1.0
112,62,670.668,441.497,5.708,4.192,1,1,1.0
112,63,630.212,414.746,4.867,5.967,1,1,1.0
112,6366,41.074,392.147,4.541,8.583,1,1,1.0
112,6367,17.404,438.800,4.690,4.437,1,1,1.0
112,6368,5.489,283.535,5.000,6.000,1,1,1.0
112,6369,33.559,139.494,3.955,9.111,1,1,1.0
112,6370,8.885,438.630,5.000,6.000,1,1,1.0
112,6372,24.059,433.336,3.950,8.451,1,1,1.0
112,6373,52.993,438.944,7.577,5.438,1,1,1.0
112,6388,268.929,237.594,5.968,7.817,1,1,1.0
112,6389,310.683,439.645,4.404,4.235,1,1,1.0
112,6390,263.397,378.211,5.644,6.817,1,1,1.0
112,6391,287.170,404.403,3.925,8.657,1,1,1.0
112,6392,305.394,294.570,4.884,7.198,1,1,1.0
113,18,141.390,439.048,5.013,5.532,1,1,1.0
113,25,182.459,439.117,5.908,3.969,1,1,1.0
113,29,150.628,432.457,6.754,6.126,1,1,1.0
113,40,412.619,343.985,5.685,7.621,1,1,1.0
113,41,378.512,329.236,4.790,8.964,1,1,1.0
113,42,403.120,441.704,6.616,4.601,1,1,1.0
113,43,427.850,439.294,4.481,5.866,1,1,1.0
113,44,421.460,152.713,4.639,8.793,1,1,1.0
113,45,494.779,320.976,4.562,7.963,1,1,1.0
113,47,501.140,442.099,5.708,4.306,1,1,1.0
113,48,494.884,338.976,4.314,6.389,1,1,1.0
113,49,498.720,343.701,4.432,8.458,1,1,1.0
113,50,502.196,181.722,4.296,8.069,1,1,1.0
113,54,523.145,439.573,6.014,4.282,1,1,1.0
113,55,555.356,442.132,4.326,4.450,1,1,1.0
113,57,638.545,438.449,5.788,6.824,1,1,1.0
113,59,680.875,191.327,3.889,7.531,1,1,1.0
113,60,647.573,440.823,6.141,4.537,1,1,1.0
113,61,626.917,327.876,4.565,8.814,1,1,1.0
113,62,678.356,431.586,3.897,5.057,1,1,1.0
113,63,626.140,437.667,5.430,5.820,1,1,1.0
113,6366,40.491,394.120,4.347,8.624,1,1,1.0
113,6367,18.784,438.456,4.774,4.502,1,1,1.0
113,6368,5.489,281.420,5.000,6.000,1,1,1.0
113,6369,33.818,139.155,3.896,9.038,1,1,1.0
113,6370,7.802,438.506,5.000,6.000,1,1,1.0
113,6372,24.356,433.021,3.880,8.264,1,1,1.0
113,6373,52.010,439.377,6.677,6.186,1,1,1.0
113,6388,268.926,237.389,6.064,7.678,1,1,1.0
113,6389,310.755,439.953,4.557,4.013,1,1,1.0
113,6390,264.699,382.520,6.326,6.265,1,1,1.0
113,6391,287.367,403.995,3.577,8.491,1,1,1.0
113,6392,306.071,292.847,4.816,6.943,1,1,1.0
114,18,141.209,439.271,5.094,5.340,1,1,1.0
114,25,182.990,438.842,6.032,4.117,1,1,1.0
114,29,150.015,432.033,7.626,7.056,1,1,1.0
114,40,412.645,344.173,5.708,7.466,1,1,1.0
114,41,378.335,328.665,4.713,8.938,1,1,1.0
114,42,403.030,441.686,6.652,4.640,1,1,1.0
114,43,427.994,439.533,3.801,5.856,1,1,1.0
114,44,421.468,151.145,4.650,8.817,1,1,1.0
114,45,495.289,321.895,4.833,6.622,1,1,1.0
114,47,500.243,441.968,5.296,4.386,1,1,1.0
114,48,495.250,338.046,5.020,6.890,1,1,1.0
114,49,499.465,342.405,4.118,8.255,1,1,1.0
114,50,501.965,180.550,4.079,8.015,1,1,1.0
114,54,523.123,439.500,5.810,4.359,1,1,1.0
114,55,555.018,442.220,4.721,4.376,1,1,1.0
114,57,638.586,438.553,5.952,6.617,1,1,1.0
114,59,680.278,189.366,3.850,7.623,1,1,1.0
114,60,643.538,441.729,8.985,5.653,1,1,1.0
114,61,627.114,325.671,4.254,9.020,1,1,1.0
114,62,666.857,432.077,4.058,7.189,1,1,1.0
114,63,622.983,441.549,6.594,4.086,1,1,1.0
114,6366,39.742,396.061,4.280,9.228,1,1,1.0
114,6367,18.202,438.528,4.978,4.401,1,1,1.0
114,6368,4.784,279.775,5.000,6.000,1,1,1.0
114,6369,33.855,139.178,3.839,9.053,1,1,1.0
114,6370,7.680,437.909,5.000,6.000,1,1,1.0
114,6372,24.668,432.673,3.931,8.389,1,1,1.0
114,6373,50.807,439.316,6.995,6.049,1,1,1.0
114,6388,268.912,237.453,6.137,7.595,1,1,1.0
114,6389,310.668,439.938,4.648,3.951,1,1,1.0
114,6390,251.843,370.682,4.849,6.305,1,1,1.0
114,6391,286.561,403.943,4.089,8.608,1,1,1.0
114,6392,306.938,291.401,5.021,7.255,1,1,1.0
115,18,140.924,439.135,5.196,5.689,1,1,1.0
115,22,144.173,432.516,5.489,5.237,1,1,1.0
115,25,184.348,438.840,5.709,4.798,1,1,1.0
115,29,148.400,428.861,5.055,7.193,1,1,1.0
115,40,412.531,344.243,6.207,6.905,1,1,1.0
115,41,377.900,327.415,4.310,9.308,1,1,1.0
115,42,403.038,441.654,6.796,4.623,1,1,1.0
115,43,428.212,440.134,3.672,5.590,1,1,1.0
115,44,422.564,148.686,4.458,8.982,1,1,1.0
115,45,495.642,323.272,5.715,4.509,1,1,1.0
115,47,499.146,441.584,5.514,4.453,1,1,1.0
115,48,495.501,337.156,5.353,6.858,1,1,1.0
115,49,500.012,340.738,4.252,8.625,1,1,1.0
115,50,501.455,180.890,4.353,7.454,1,1,1.0
115,54,523.029,439.460,5.909,4.365,1,1,1.0
115,55,554.994,442.190,4.848,4.404,1,1,1.0
115,57,638.656,438.719,6.465,6.342,1,1,1.0
115,59,680.030,187.061,4.017,7.527,1,1,1.0
115,61,627.626,323.203,4.223,9.376,1,1,1.0
115,62,662.708,439.117,4.419,6.116,1,1,1.0
115,63,621.115,441.094,6.477,3.984,1,1,1.0
115,6366,38.913,399.130,4.303,8.466,1,1,1.0
115,6367,17.823,438.734,4.848,4.484,1,1,1.0
115,6368,5.959,273.666,5.000,6.000,1,1,1.0
115,6369,33.812,139.154,3.895,9.085,1,1,1.0
115,6370,7.106,439.056,5.000,6.000,1,1,1.0
115,6372,24.704,432.380,4.026,8.483,1,1,1.0
115,6373,49.709,439.266,7.518,6.107,1,1,1.0
115,6389,286.385,405.205,4.363,7.553,1,1,1.0
115,6390,252.401,367.950,4.059,8.082,1,1,1.0
115,6391,252.006,437.627,4.918,7.392,1,1,1.0
115,6392,269.334,236.699,5.711,7.944,1,1,1.0
115,6393,307.760,290.018,5.202,7.441,1,1,1.0
116,18,134.424,433.589,5.389,4.750,1,1,1.0
116,25,184.667,439.217,5.479,4.785,1,1,1.0
116,40,412.530,344.266,6.536,6.560,1,1,1.0
116,41,377.804,325.583,4.130,9.450,1,1,1.0
116,42,403.076,441.793,6.941,4.704,1,1,1.0
116,43,427.024,440.276,3.962,5.448,1,1,1.0
116,44,422.615,146.676,4.471,8.796,1,1,1.0
116,45,496.558,323.567,5.766,4.543,1,1,1.0
116,47,498.112,441.532,4.892,4.492,1,1,1.0
116,48,496.699,336.388,4.959,7.194,1,1,1.0
116,49,500.962,338.935,4.794,8.751,1,1,1.0
116,50,500.823,181.409,4.865,6.496,1,1,1.0
116,54,522.948,439.393,5.929,4.352,1,1,1.0
116,55,554.984,442.263,4.888,4.288,1,1,1.0
116,57,638.624,438.285,6.028,6.810,1,1,1.0
116,59,678.975,184.809,4.083,7.529,1,1,1.0
116,61,627.854,321.312,4.345,9.203,1,1,1.0
116,62,660.608,441.646,4.218,5.960,1,1,1.0
116,63,618.609,441.342,6.430,3.672,1,1,1.0
116,6366,37.744,401.644,4.291,8.679,1,1,1.0
116,6367,17.750,438.859,4.847,4.344,1,1,1.0
116,6368,5.254,272.257,5.000,6.000,1,1,1.0
116,6369,33.872,138.993,3.849,9.001,1,1,1.0
116,6370,7.106,439.056,5.000,6.000,1,1,1.0
116,6372,24.685,431.889,4.163,8.551,1,1,1.0
116,6373,49.521,439.109,7.400,6.757,1,1,1.0
116,6388,252.362,437.957,5.261,7.302,1,1,1.0
116,6389,310.654,439.913,4.753,4.083,1,1,1.0
116,6390,270.147,236.037,5.021,7.953,1,1,1.0
116,6391,286.407,405.228,4.377,7.720,1,1,1.0
116,6392,308.408,288.524,5.065,7.479,1,1,1.0
117,18,139.781,433.047,3.739,6.023,1,1,1.0
117,25,185.461,439.664,4.846,5.012,1,1,1.0
117,27,168.750,438.810,6.076,5.769,1,1,1.0
117,29,141.502,439.341,5.615,5.907,1,1,1.0
117,40,412.526,344.353,6.768,6.903,1,1,1.0
117,41,377.506,324.666,4.393,9.527,1,1,1.0
117,42,403.012,441.792,6.897,4.763,1,1,1.0
117,43,426.246,440.371,4.280,4.871,1,1,1.0
117,44,423.149,144.156,4.557,9.121,1,1,1.0
117,45,497.263,323.945,6.247,5.099,1,1,1.0
117,47,498.223,441.511,4.730,4.458,1,1,1.0
117,48,497.280,336.352,5.669,6.927,1,1,1.0
117,49,501.605,337.429,4.640,8.674,1,1,1.0
117,50,499.515,181.405,4.913,5.756,1,1,1.0
117,54,524.083,439.635,4.446,4.393,1,1,1.0
117,55,555.197,442.282,4.737,4.281,1,1,1.0
117,57,638.787,438.255,5.294,7.071,1,1,1.0
117,59,678.583,182.021,4.104,8.096,1,1,1.0
117,60,648.582,440.548,4.991,6.216,1,1,1.0
117,61,627.772,318.855,4.559,9.538,1,1,1.0
117,62,659.880,441.380,4.482,5.936,1,1,1.0
117,63,617.017,441.814,5.722,4.042,1,1,1.0
117,6366,36.652,404.872,4.334,8.319,1,1,1.0
117,6367,16.015,420.850,3.134,7.870,1,1,1.0
117,6368,5.489,269.202,5.000,6.000,1,1,1.0
117,6369,32.866,138.630,4.651,8.605,1,1,1.0
117,6370,7.106,439.056,5.000,6.000,1,1,1.0
117,6372,24.676,431.952,4.289,8.255,1,1,1.0
117,6373,49.420,439.170,7.464,7.220,1,1,1.0
117,6380,252.947,364.924,4.625,7.321,1,1,1.0
117,6388,270.137,235.785,5.255,8.095,1,1,1.0
117,6390,286.380,405.399,4.445,7.670,1,1,1.0
117,6391,309.115,287.604,5.072,7.302,1,1,1.0
117,6392,310.655,439.895,4.746,4.114,1,1,1.0
118,18,141.073,433.014,5.436,7.166,1,1,1.0
118,25,185.698,439.571,5.523,4.838,1,1,1.0
118,27,168.291,438.577,6.315,5.643,1,1,1.0
118,29,141.261,439.692,5.006,5.644,1,1,1.0
118,40,412.672,344.295,6.566,6.899,1,1,1.0
118,41,377.905,323.562,4.379,9.658,1,1,1.0
118,42,403.039,441.697,6.920,4.779,1,1,1.0
118,43,425.583,440.291,4.221,4.567,1,1,1.0
118,44,423.530,141.964,4.290,9.315,1,1,1.0
118,45,498.239,324.753,6.310,5.488,1,1,1.0
118,47,498.301,441.444,4.607,4.556,1,1,1.0
118,48,497.498,334.149,6.364,6.799,1,1,1.0
118,49,501.656,336.143,4.574,9.345,1,1,1.0
118,50,498.369,181.532,4.651,5.434,1,1,1.0
118,54,524.446,439.658,4.257,4.351,1,1,1.0
118,55,555.151,442.275,4.789,4.264,1,1,1.0
118,57,638.532,437.656,5.446,7.609,1,1,1.0
118,59,678.159,179.764,4.028,7.515,1,1,1.0
118,60,649.585,441.432,4.991,6.216,1,1,1.0
118,61,628.086,316.914,4.318,9.591,1,1,1.0
118,62,660.343,439.807,4.652,7.547,1,1,1.0
118,63,616.171,441.844,6.236,3.789,1,1,1.0
118,6366,35.508,406.689,4.765,8.209,1,1,1.0
118,6367,16.298,377.469,5.915,8.773,1,1,1.0
118,6368,5.447,267.108,5.000,6.000,1,1,1.0
118,6369,30.519,137.402,6.546,7.454,1,1,1.0
118,6370,7.106,439.056,5.000,6.000,1,1,1.0
118,6372,24.605,431.592,4.456,8.639,1,1,1.0
118,6373,49.425,439.123,7.448,7.055,1,1,1.0
118,6388,252.709,364.974,4.683,5.239,1,1,1.0
118,6389,309.554,286.890,4.828,7.170,1,1,1.0
118,6390,253.697,437.730,6.007,6.712,1,1,1.0
118,6391,270.177,235.457,5.136,8.085,1,1,1.0
118,6392,286.247,405.363,4.392,7.674,1,1,1.0
118,6393,310.638,439.886,4.777,4.110,1,1,1.0
119,18,127.745,436.614,5.140,5.135,1,1,1.0
119,25,186.045,439.804,5.485,4.879,1,1,1.0
119,29,141.006,439.137,4.801,5.612,1,1,1.0
119,40,412.717,344.330,6.439,6.952,1,1,1.0
119,41,377.906,321.920,4.427,9.666,1,1,1.0
119,42,403.015,441.685,6.815,4.835,1,1,1.0
119,43,424.054,440.456,4.961,4.631,1,1,1.0
119,44,423.252,139.569,4.287,9.077,1,1,1.0
119,45,498.773,325.499,6.543,6.357,1,1,1.0
119,47,498.696,441.789,4.083,4.344,1,1,1.0
119,48,497.737,333.453,6.504,6.855,1,1,1.0
119,49,501.373,335.773,4.683,9.098,1,1,1.0
119,50,497.086,181.892,4.756,4.186,1,1,1.0
119,54,524.512,439.461,4.368,4.461,1,1,1.0
119,55,555.038,442.289,4.788,4.277,1,1,1.0
119,57,638.019,436.890,5.250,8.047,1,1,1.0
119,59,677.773,177.139,4.147,7.802,1,1,1.0
119,60,649.313,441.568,4.991,6.216,1,1,1.0
119,61,627.992,314.841,4.323,9.696,1,1,1.0
119,62,657.695,440.353,4.718,7.043,1,1,1.0
119,63,616.110,441.468,6.701,3.686,1,1,1.0
119,66,643.245,438.202,6.544,7.006,1,1,1.0
119,6366,35.036,407.970,4.658,8.491,1,1,1.0
119,6367,18.826,360.632,5.041,6.431,1,1,1.0
119,6368,5.447,262.567,5.000,6.000,1,1,1.0
119,6369,28.886,136.314,6.265,7.139,1,1,1.0
119,6370,7.106,439.056,5.000,6.000,1,1,1.0
119,6372,24.637,431.550,4.269,8.644,1,1,1.0
119,6373,49.449,439.144,7.492,7.045,1,1,1.0
119,6388,253.682,437.765,5.973,6.563,1,1,1.0
119,6389,310.248,439.802,4.656,4.064,1,1,1.0
119,6390,270.224,235.485,5.093,8.040,1,1,1.0
119,6391,286.354,405.407,4.415,7.625,1,1,1.0
119,6392,309.791,286.446,4.867,7.115,1,1,1.0
120,18,127.189,438.802,6.221,5.492,1,1,1.0
120,25,186.029,439.629,3.914,5.724,1,1,1.0
120,27,167.105,437.627,5.361,4.572,1,1,1.0
120,29,140.926,439.224,4.443,5.452,1,1,1.0
120,40,413.270,344.264,6.046,7.076,1,1,1.0
120,41,378.609,323.643,4.400,8.640,1,1,1.0
120,42,402.756,441.660,6.774,4.887,1,1,1.0
120,43,422.524,440.491,5.515,4.772,1,1,1.0
120,44,423.638,137.616,4.450,9.302,1,1,1.0
120,45,499.371,325.662,6.708,6.712,1,1,1.0
120,47,498.813,441.605,4.264,4.425,1,1,1.0
120,48,498.280,333.832,4.991,6.216,1,1,1.0
120,49,501.282,335.556,4.774,9.227,1,1,1.0
120,50,496.362,182.073,4.520,4.583,1,1,1.0
120,54,524.616,439.347,4.662,4.560,1,1,1.0
120,55,555.261,442.203,4.580,4.353,1,1,1.0
120,57,637.310,436.574,5.247,7.840,1,1,1.0
120,59,676.947,174.207,4.098,8.107,1,1,1.0
120,60,649.517,441.449,4.991,6.216,1,1,1.0
120,61,627.995,312.390,4.360,9.319,1,1,1.0
120,62,657.167,440.329,4.318,7.514,1,1,1.0
120,63,618.600,441.395,6.190,3.960,1,1,1.0
120,66,643.224,437.625,5.818,6.774,1,1,1.0
120,6366,34.508,409.102,4.589,8.870,1,1,1.0
120,6368,6.203,266.729,5.000,6.000,1,1,1.0
120,6369,26.722,134.756,6.541,6.986,1,1,1.0
120,6370,7.680,439.343,5.000,6.000,1,1,1.0
120,6372,24.556,431.570,4.319,8.548,1,1,1.0
120,6373,49.276,439.152,7.496,7.001,1,1,1.0
120,6388,251.296,366.966,4.606,8.646,1,1,1.0
120,6389,309.808,439.614,4.434,4.107,1,1,1.0
120,6390,253.900,437.614,5.969,6.371,1,1,1.0
120,6391,270.268,235.254,5.066,8.066,1,1,1.0
120,6392,286.382,405.425,4.414,7.847,1,1,1.0
120,6393,309.831,285.853,4.802,7.161,1,1,1.0
121,18,127.552,437.901,6.262,5.925,1,1,1.0
121,25,186.191,439.419,4.235,5.183,1,1,1.0
121,29,140.938,439.331,4.660,5.066,1,1,1.0
121,40,413.991,344.606,6.686,5.831,1,1,1.0
121,41,377.086,326.897,4.554,8.737,1,1,1.0
121,42,402.869,441.550,6.572,4.882,1,1,1.0
121,43,421.569,440.537,4.936,4.610,1,1,1.0
121,44,423.905,135.089,4.095,9.175,1,1,1.0
121,45,500.051,325.607,6.501,6.504,1,1,1.0
121,47,498.972,441.418,4.434,4.417,1,1,1.0
121,48,497.785,333.099,6.729,6.755,1,1,1.0
121,49,501.745,335.494,4.528,9.137,1,1,1.0
121,50,495.387,183.040,4.745,4.503,1,1,1.0
121,54,525.078,439.398,4.777,4.459,1,1,1.0
121,55,555.625,442.148,4.158,4.434,1,1,1.0
121,57,637.661,436.025,5.362,8.176,1,1,1.0
121,59,676.096,172.210,4.116,7.639,1,1,1.0
121,60,650.741,441.449,4.991,6.216,1,1,1.0
121,61,628.543,310.313,4.125,9.194,1,1,1.0
121,62,654.212,441.403,6.641,6.809,1,1,1.0
121,63,618.489,441.231,4.062,4.072,1,1,1.0
121,66,642.297,437.999,5.177,7.439,1,1,1.0
121,6366,34.500,409.883,4.368,8.805,1,1,1.0
121,6367,11.928,433.601,3.772,7.882,1,1,1.0
121,6368,6.966,257.724,5.000,6.000,1,1,1.0
121,6369,24.737,133.258,6.888,6.973,1,1,1.0
121,6370,7.250,439.200,5.000,6.000,1,1,1.0
121,6372,24.604,431.341,4.159,8.656,1,1,1.0
121,6373,49.309,439.201,7.450,7.093,1,1,1.0
121,6388,251.460,366.720,4.637,8.657,1,1,1.0
121,6389,309.883,285.507,4.847,7.239,1,1,1.0
121,6390,254.128,437.373,6.106,6.309,1,1,1.0
121,6391,276.589,229.803,4.572,7.418,1,1,1.0
121,6392,286.640,405.501,4.030,8.605,1,1,1.0
121,6393,308.695,438.976,4.619,4.332,1,1,1.0
122,18,128.289,437.605,6.493,5.460,1,1,1.0
122,25,186.059,439.291,4.447,4.692,1,1,1.0
122,29,141.238,439.133,4.838,5.435,1,1,1.0
122,40,415.380,344.951,6.780,4.787,1,1,1.0
122,41,377.047,325.909,4.378,8.969,1,1,1.0
122,42,403.088,441.422,6.521,4.952,1,1,1.0
122,43,420.448,440.415,5.610,4.273,1,1,1.0
122,44,423.964,133.481,4.192,9.200,1,1,1.0
122,45,500.662,325.699,6.404,6.251,1,1,1.0
122,47,498.918,441.238,4.585,4.639,1,1,1.0
122,48,497.568,331.968,7.943,6.113,1,1,1.0
122,49,501.601,335.551,4.868,9.214,1,1,1.0
122,50,495.010,183.336,4.237,4.932,1,1,1.0
122,54,525.524,439.390,4.815,4.441,1,1,1.0
122,55,555.186,442.286,4.544,4.257,1,1,1.0
122,57,638.180,435.696,5.754,8.181,1,1,1.0
122,59,675.080,169.248,4.404,7.779,1,1,1.0
122,60,650.673,441.925,4.991,6.216,1,1,1.0
122,61,628.438,307.964,4.202,9.128,1,1,1.0
122,62,655.373,441.785,5.662,6.355,1,1,1.0
122,63,619.217,441.217,4.498,3.927,1,1,1.0
122,66,643.500,438.675,5.228,6.803,1,1,1.0
122,6366,34.274,409.980,4.524,8.829,1,1,1.0
122,6367,11.572,433.673,6.199,8.301,1,1,1.0
122,6368,6.820,254.865,5.000,6.000,1,1,1.0
122,6369,23.264,131.773,5.988,6.954,1,1,1.0
122,6370,7.106,438.483,5.000,6.000,1,1,1.0
122,6372,24.659,431.299,4.186,8.700,1,1,1.0
122,6373,49.236,439.168,7.518,6.916,1,1,1.0
122,6388,251.762,365.651,4.728,9.166,1,1,1.0
122,6389,309.846,285.135,4.833,7.029,1,1,1.0
122,6390,254.414,437.443,6.242,6.260,1,1,1.0
122,6391,306.014,204.797,6.047,8.302,1,1,1.0
122,6392,286.650,405.534,4.105,8.622,1,1,1.0
122,6393,308.083,439.157,4.512,4.313,1,1,1.0
123,18,128.375,437.327,6.584,5.545,1,1,1.0
123,25,186.426,439.081,4.126,4.794,1,1,1.0
123,27,163.548,437.461,5.445,4.538,1,1,1.0
123,29,141.213,439.078,4.776,5.545,1,1,1.0
123,40,417.833,345.165,6.509,4.173,1,1,1.0
123,41,377.039,325.159,4.381,8.831,1,1,1.0
123,42,402.936,441.217,6.876,5.186,1,1,1.0
123,43,419.455,439.434,6.361,4.783,1,1,1.0
123,44,424.709,131.102,4.099,9.246,1,1,1.0
123,45,501.163,325.861,6.652,6.129,1,1,1.0
123,47,499.120,441.199,4.503,4.579,1,1,1.0
123,48,497.924,331.961,7.533,5.294,1,1,1.0
123,49,501.421,336.781,5.368,8.543,1,1,1.0
123,50,494.393,184.342,4.311,4.651,1,1,1.0
123,54,525.493,439.303,6.680,4.371,1,1,1.0
123,55,555.096,442.155,4.705,4.286,1,1,1.0
123,57,638.479,435.594,5.865,8.058,1,1,1.0
123,59,674.522,166.256,4.371,8.329,1,1,1.0
123,60,651.081,441.653,4.991,6.216,1,1,1.0
123,61,628.096,305.364,4.477,9.267,1,1,1.0
123,62,655.972,441.500,5.605,7.060,1,1,1.0
123,63,619.750,441.067,4.102,4.243,1,1,1.0
123,66,644.862,438.740,4.931,6.418,1,1,1.0
123,6366,34.552,409.998,4.481,8.733,1,1,1.0
123,6367,11.934,434.038,5.884,7.194,1,1,1.0
123,6368,7.967,254.148,5.000,6.000,1,1,1.0
123,6369,21.002,130.326,6.507,7.030,1,1,1.0
123,6370,6.820,439.200,5.000,6.000,1,1,1.0
123,6372,24.708,431.475,4.286,8.526,1,1,1.0
123,6373,49.270,439.238,7.527,6.529,1,1,1.0
123,6388,251.942,364.806,4.552,9.373,1,1,1.0
123,6389,309.427,284.581,4.694,6.171,1,1,1.0
123,6390,254.758,437.658,6.594,5.656,1,1,1.0
123,6391,310.844,199.309,4.112,7.516,1,1,1.0
123,6392,286.697,405.574,4.072,8.576,1,1,1.0
123,6393,307.346,439.174,4.616,4.235,1,1,1.0
124,18,128.435,437.370,6.478,5.625,1,1,1.0
124,22,155.473,439.254,6.483,5.984,1,1,1.0
124,25,186.193,439.243,4.685,4.550,1,1,1.0
124,27,161.508,437.534,6.809,4.804,1,1,1.0
124,29,141.303,439.260,4.824,5.463,1,1,1.0
124,40,420.071,345.095,6.591,4.161,1,1,1.0
124,41,376.746,324.741,4.534,8.978,1,1,1.0
124,42,402.353,441.021,6.970,5.234,1,1,1.0
124,43,417.772,440.473,6.703,4.418,1,1,1.0
124,44,424.950,129.026,4.425,9.230,1,1,1.0
124,45,501.747,326.089,6.600,6.093,1,1,1.0
124,47,499.392,441.198,4.326,4.569,1,1,1.0
124,48,497.654,331.375,7.330,5.061,1,1,1.0
124,49,501.435,337.880,6.060,7.755,1,1,1.0
124,50,493.515,185.655,4.439,5.280,1,1,1.0
124,54,526.840,439.381,6.998,4.152,1,1,1.0
124,55,555.095,442.116,4.648,4.247,1,1,1.0
124,57,638.521,434.953,4.541,8.454,1,1,1.0
124,59,674.037,163.934,4.281,8.197,1,1,1.0
124,60,651.897,441.381,4.991,6.216,1,1,1.0
124,61,628.068,303.198,4.356,9.392,1,1,1.0
124,62,656.316,441.832,5.264,6.771,1,1,1.0
124,63,621.186,441.194,4.008,4.022,1,1,1.0
124,66,644.103,437.732,4.453,5.505,1,1,1.0
124,6366,34.476,409.844,4.550,9.039,1,1,1.0
124,6367,49.344,439.130,7.606,6.092,1,1,1.0
124,6368,8.397,246.406,5.000,6.000,1,1,1.0
124,6369,19.040,128.998,6.134,6.786,1,1,1.0
124,6370,7.967,438.913,5.000,6.000,1,1,1.0
124,6372,24.491,431.318,4.507,8.463,1,1,1.0
124,6388,254.968,437.701,6.718,5.606,1,1,1.0
124,6389,306.013,439.338,4.509,4.201,1,1,1.0
124,6390,286.696,405.532,3.994,8.567,1,1,1.0
124,6392,288.663,268.815,4.514,6.853,1,1,1.0
124,6393,311.651,197.033,3.862,7.959,1,1,1.0
125,18,128.422,437.391,6.452,5.624,1,1,1.0
125,25,186.237,439.249,5.152,4.923,1,1,1.0
125,27,158.657,437.516,7.201,5.015,1,1,1.0
125,29,141.648,439.103,4.718,5.653,1,1,1.0
125,40,422.904,345.132,6.239,4.186,1,1,1.0
125,41,376.552,324.201,4.509,8.934,1,1,1.0
125,42,401.936,440.858,6.900,5.163,1,1,1.0
125,43,417.713,440.158,6.839,4.350,1,1,1.0
125,44,425.642,127.106,4.115,9.616,1,1,1.0
125,45,501.530,326.349,6.685,6.432,1,1,1.0
125,47,499.420,441.112,4.458,4.713,1,1,1.0
125,48,497.753,331.497,7.599,4.921,1,1,1.0
125,49,501.653,336.891,5.642,8.050,1,1,1.0
125,50,493.285,185.854,4.236,4.879,1,1,1.0
125,54,528.403,439.281,7.144,4.342,1,1,1.0
125,55,555.129,442.097,4.702,4.261,1,1,1.0
125,57,638.980,434.077,4.323,8.754,1,1,1.0
125,59,673.546,161.231,4.596,8.172,1,1,1.0
125,60,651.897,441.109,4.991,6.216,1,1,1.0
125,61,627.805,301.296,4.237,9.478,1,1,1.0
125,62,656.605,441.711,5.400,6.805,1,1,1.0
125,63,622.593,441.542,3.768,5.122,1,1,1.0
125,66,645.477,438.245,4.445,4.935,1,1,1.0
125,6366,34.766,410.076,4.523,8.746,1,1,1.0
125,6367,59.262,423.458,4.603,5.260,1,1,1.0
125,6368,8.110,247.553,5.000,6.000,1,1,1.0
125,6369,17.098,127.104,6.157,6.576,1,1,1.0
125,6370,7.536,438.913,5.000,6.000,1,1,1.0
125,6372,24.416,431.276,4.431,8.594,1,1,1.0
125,6373,49.056,439.642,7.889,6.304,1,1,1.0
125,6388,252.391,362.818,4.232,9.315,1,1,1.0
125,6389,300.286,249.948,3.984,8.357,1,1,1.0
125,6390,254.942,437.702,6.764,5.703,1,1,1.0
125,6391,311.832,194.981,3.741,8.189,1,1,1.0
125,6392,286.741,405.304,3.931,8.712,1,1,1.0
125,6393,305.450,439.499,4.356,4.268,1,1,1.0
126,18,128.306,437.371,6.705,5.444,1,1,1.0
126,25,186.972,439.793,5.265,4.889,1,1,1.0
126,29,141.392,438.869,4.397,6.153,1,1,1.0
126,40,424.803,345.001,6.099,4.220,1,1,1.0
126,41,376.639,323.668,4.493,8.964,1,1,1.0
126,42,401.574,440.891,6.912,5.068,1,1,1.0
126,43,417.319,439.788,7.143,4.342,1,1,1.0
126,44,425.806,125.708,4.009,9.155,1,1,1.0
126,45,501.723,326.594,6.186,6.331,1,1,1.0
126,47,499.547,441.057,4.419,4.799,1,1,1.0
126,48,500.997,331.702,5.923,5.362,1,1,1.0
126,49,503.607,336.884,5.117,7.452,1,1,1.0
126,50,492.419,186.212,4.031,5.029,1,1,1.0
126,54,529.850,439.392,7.104,4.431,1,1,1.0
126,55,555.161,442.142,4.647,4.298,1,1,1.0
126,57,639.419,433.869,4.027,8.648,1,1,1.0
126,59,673.166,158.252,4.365,8.101,1,1,1.0
126,60,652.101,440.973,4.991,6.216,1,1,1.0
126,61,627.824,299.561,4.272,9.231,1,1,1.0
126,62,656.518,441.927,6.022,6.417,1,1,1.0
126,63,622.409,441.641,3.787,5.826,1,1,1.0
126,66,646.971,438.603,4.545,4.754,1,1,1.0
126,6366,34.594,409.884,4.390,8.901,1,1,1.0
126,6367,44.756,435.182,7.328,6.188,1,1,1.0
126,6368,11.099,242.771,4.155,6.790,1,1,1.0
126,6369,15.398,125.611,5.367,6.240,1,1,1.0
126,6370,6.963,440.204,5.000,6.000,1,1,1.0
126,6372,24.247,431.133,4.400,8.819,1,1,1.0
126,6373,48.126,437.347,8.788,9.448,1,1,1.0
126,6388,252.432,362.123,4.280,9.390,1,1,1.0
126,6389,301.169,248.192,3.869,8.246,1,1,1.0
126,6390,254.940,437.633,6.725,5.720,1,1,1.0
126,6391,311.695,193.015,3.690,7.836,1,1,1.0
126,6392,286.264,405.702,4.107,7.946,1,1,1.0
126,6393,304.799,439.719,4.473,4.117,1,1,1.0
127,18,128.532,437.385,7.032,5.311,1,1,1.0
127,25,187.023,439.887,5.378,4.582,1,1,1.0
127,27,155.585,437.162,6.631,5.072,1,1,1.0
127,29,141.389,438.506,4.610,5.772,1,1,1.0
127,40,426.852,345.251,5.700,4.165,1,1,1.0
127,41,376.571,323.197,4.626,8.893,1,1,1.0
127,42,401.448,441.075,6.858,4.899,1,1,1.0
127,43,417.784,438.647,6.418,5.375,1,1,1.0
127,44,425.648,123.881,4.093,9.025,1,1,1.0
127,45,501.353,326.587,6.207,6.370,1,1,1.0
127,47,499.549,441.088,4.447,4.774,1,1,1.0
127,48,498.909,331.158,4.991,6.216,1,1,1.0
127,49,504.565,335.276,5.208,7.372,1,1,1.0
127,50,491.766,185.694,4.191,5.078,1,1,1.0
127,54,531.441,438.973,7.174,4.560,1,1,1.0
127,55,555.268,442.277,4.573,4.424,1,1,1.0
127,57,639.767,433.652,4.499,8.850,1,1,1.0
127,59,672.786,155.837,4.134,8.119,1,1,1.0
127,60,652.609,440.636,9.458,7.454,1,1,1.0
127,61,627.778,297.535,4.318,9.472,1,1,1.0
127,62,656.261,439.591,4.991,6.216,1,1,1.0
127,63,622.679,441.876,3.826,5.545,1,1,1.0
127,66,648.469,438.486,4.884,4.479,1,1,1.0
127,6366,34.371,410.602,4.422,8.029,1,1,1.0
127,6367,22.212,436.733,5.000,6.000,1,1,1.0
127,6368,11.584,240.667,3.795,7.691,1,1,1.0
127,6369,14.191,124.417,5.712,6.732,1,1,1.0
127,6370,7.680,438.626,5.000,6.000,1,1,1.0
127,6372,22.766,431.350,5.242,10.634,1,1,1.0
127,6373,48.358,439.825,8.367,6.252,1,1,1.0
127,6388,252.309,361.576,4.382,9.179,1,1,1.0
127,6389,301.135,248.026,3.869,8.295,1,1,1.0
127,6390,254.968,437.667,6.623,5.753,1,1,1.0
127,6391,311.594,191.581,3.949,7.963,1,1,1.0
127,6392,274.736,395.307,4.737,7.029,1,1,1.0
127,6393,304.392,440.197,4.759,3.771,1,1,1.0
128,18,128.493,437.426,7.445,5.504,1,1,1.0
128,25,186.060,439.832,6.173,4.553,1,1,1.0
128,27,154.181,437.406,6.941,5.677,1,1,1.0
128,29,141.002,438.377,4.873,6.015,1,1,1.0
128,40,428.568,345.268,5.356,4.280,1,1,1.0
128,41,376.603,322.677,4.584,9.052,1,1,1.0
128,42,401.328,441.306,6.830,4.666,1,1,1.0
128,43,417.524,438.220,6.711,5.813,1,1,1.0
128,44,425.740,121.755,4.201,9.310,1,1,1.0
128,45,500.952,326.372,6.347,6.304,1,1,1.0
128,47,499.516,441.121,4.512,4.811,1,1,1.0
128,48,500.010,331.473,4.991,6.216,1,1,1.0
128,49,504.300,335.052,5.793,6.799,1,1,1.0
128,50,491.778,185.218,4.271,4.619,1,1,1.0
128,54,532.646,438.604,7.011,4.617,1,1,1.0
128,55,555.376,442.058,4.559,4.553,1,1,1.0
128,57,639.579,433.474,4.923,8.447,1,1,1.0
128,59,672.265,154.125,4.003,8.365,1,1,1.0
128,60,655.834,441.830,6.745,6.212,1,1,1.0
128,61,627.527,295.411,4.143,9.211,1,1,1.0
128,62,655.785,440.186,4.991,6.216,1,1,1.0
128,63,624.860,431.907,5.173,7.208,1,1,1.0
128,66,650.513,438.765,4.923,4.835,1,1,1.0
128,6366,23.908,431.648,4.165,9.125,1,1,1.0
128,6367,16.034,437.829,5.000,6.000,1,1,1.0
128,6368,12.009,238.776,3.753,7.970,1,1,1.0
128,6369,12.423,122.982,6.111,6.333,1,1,1.0
128,6370,9.544,438.196,5.000,6.000,1,1,1.0
128,6372,14.714,439.042,6.957,4.607,1,1,1.0
128,6373,34.494,410.072,4.238,9.022,1,1,1.0
128,6389,287.791,385.549,6.481,6.057,1,1,1.0
128,6390,252.342,360.262,4.512,8.960,1,1,1.0
128,6391,303.882,440.113,4.338,4.004,1,1,1.0
128,6392,255.005,437.610,6.750,5.769,1,1,1.0
128,6393,300.996,247.068,3.820,8.541,1,1,1.0
129,18,128.496,437.656,7.274,5.431,1,1,1.0
129,22,143.621,432.333,5.784,7.718,1,1,1.0
129,25,185.678,439.587,6.259,4.740,1,1,1.0
129,27,152.676,437.193,7.608,5.845,1,1,1.0
129,29,141.287,438.637,4.668,5.778,1,1,1.0
129,40,430.745,345.271,5.134,4.414,1,1,1.0
129,41,376.656,322.431,4.333,9.005,1,1,1.0
129,42,401.219,441.524,6.792,4.455,1,1,1.0
129,43,417.123,437.325,6.366,6.921,1,1,1.0
129,44,426.214,119.567,4.217,9.069,1,1,1.0
129,45,501.320,326.322,6.430,5.801,1,1,1.0
129,47,499.593,441.135,4.414,4.772,1,1,1.0
129,48,497.565,330.052,5.330,9.063,1,1,1.0
129,49,504.970,333.807,5.794,6.873,1,1,1.0
129,50,491.685,184.382,4.115,5.186,1,1,1.0
129,54,533.590,438.614,6.996,4.760,1,1,1.0
129,55,555.462,442.092,4.622,4.442,1,1,1.0
129,57,639.849,433.743,4.376,8.529,1,1,1.0
129,59,671.434,152.043,4.048,8.350,1,1,1.0
129,60,657.401,440.927,5.703,6.783,1,1,1.0
129,61,627.252,293.429,4.203,9.277,1,1,1.0
129,62,650.702,439.129,5.382,4.786,1,1,1.0
129,63,630.891,441.507,4.121,6.141,1,1,1.0
129,66,649.482,437.094,4.991,6.216,1,1,1.0
129,6366,34.351,410.028,4.326,8.618,1,1,1.0
129,6367,16.092,437.256,5.455,6.105,1,1,1.0
129,6368,12.189,237.323,4.333,8.014,1,1,1.0
129,6369,12.433,122.290,4.836,5.873,1,1,1.0
129,6370,8.540,438.053,5.000,6.000,1,1,1.0
129,6372,24.014,431.841,4.410,9.040,1,1,1.0
129,6373,48.529,440.103,8.130,5.795,1,1,1.0
129,6388,255.012,437.587,6.816,5.772,1,1,1.0
129,6389,303.889,440.415,4.143,4.476,1,1,1.0
129,6390,284.270,395.937,5.518,5.056,1,1,1.0
129,6392,301.140,245.356,3.683,8.765,1,1,1.0
129,6393,310.476,189.240,4.107,8.148,1,1,1.0
130,18,128.662,437.728,7.390,5.535,1,1,1.0
130,22,143.507,432.546,5.212,7.097,1,1,1.0
130,25,184.767,439.650,7.230,4.689,1,1,1.0
130,27,152.314,437.326,7.729,6.355,1,1,1.0
130,29,141.059,438.851,4.943,5.874,1,1,1.0
130,40,432.537,344.898,4.681,4.575,1,1,1.0
130,41,376.512,322.008,4.212,9.172,1,1,1.0
130,42,401.097,441.638,6.673,4.370,1,1,1.0
130,43,416.677,437.081,6.562,7.265,1,1,1.0
130,44,426.196,117.289,4.274,9.333,1,1,1.0
130,45,502.524,326.165,6.147,5.793,1,1,1.0
130,47,502.368,425.050,3.202,6.903,1,1,1.0
130,48,498.489,330.213,5.372,8.624,1,1,1.0
130,49,507.153,333.316,5.567,7.072,1,1,1.0
130,50,492.070,183.250,4.294,5.421,1,1,1.0
130,54,534.237,439.018,7.346,4.661,1,1,1.0
130,55,555.015,442.393,4.496,4.140,1,1,1.0
130,57,639.861,433.627,4.571,8.652,1,1,1.0
130,59,670.010,149.923,4.565,7.949,1,1,1.0
130,60,657.654,440.627,6.224,6.284,1,1,1.0
130,61,627.299,291.520,4.314,9.274,1,1,1.0
130,62,651.366,438.941,6.055,4.809,1,1,1.0
130,63,635.238,441.538,4.607,4.941,1,1,1.0
130,66,649.244,437.926,4.991,6.216,1,1,1.0
130,6366,34.336,409.950,4.542,8.954,1,1,1.0
130,6367,20.769,433.757,4.643,8.025,1,1,1.0
130,6368,12.799,235.705,4.585,8.139,1,1,1.0
130,6369,9.101,120.761,5.000,6.000,1,1,1.0
130,6370,8.827,438.483,5.000,6.000,1,1,1.0
130,6372,25.010,432.102,3.947,8.785,1,1,1.0
130,6373,48.583,439.968,8.250,6.242,1,1,1.0
130,6388,254.976,437.721,6.903,5.792,1,1,1.0
130,6389,303.923,440.484,4.215,4.976,1,1,1.0
130,6390,300.326,404.368,4.278,7.785,1,1,1.0
130,6392,301.155,243.766,3.510,8.665,1,1,1.0
130,6393,310.267,188.371,4.412,8.007,1,1,1.0
131,18,128.857,437.390,7.504,5.581,1,1,1.0
131,22,144.445,431.713,5.591,7.521,1,1,1.0
131,25,185.018,439.490,7.085,4.720,1,1,1.0
131,27,152.808,437.694,7.167,6.078,1,1,1.0
131,29,141.440,439.557,4.217,5.180,1,1,1.0
131,40,433.941,344.808,4.504,4.665,1,1,1.0
131,41,376.330,321.011,4.172,9.506,1,1,1.0
131,42,400.961,441.591,6.858,4.378,1,1,1.0
131,43,416.632,436.709,6.449,7.320,1,1,1.0
131,44,426.629,114.928,4.486,9.332,1,1,1.0
131,45,503.258,322.870,5.116,7.041,1,1,1.0
131,47,502.314,405.410,6.871,4.569,1,1,1.0
131,48,498.675,331.549,5.681,7.072,1,1,1.0
131,49,508.051,332.494,6.045,6.958,1,1,1.0
131,50,492.156,181.988,4.524,5.671,1,1,1.0
131,54,534.038,438.780,7.561,4.750,1,1,1.0
131,55,555.399,442.143,4.525,4.407,1,1,1.0
131,57,640.003,433.576,4.483,8.632,1,1,1.0
131,59,668.606,147.490,4.706,7.754,1,1,1.0
131,60,658.699,440.793,6.479,5.391,1,1,1.0
131,61,627.012,289.278,4.285,9.050,1,1,1.0
131,62,651.599,438.634,6.217,5.235,1,1,1.0
131,63,635.262,443.112,4.664,4.681,1,1,1.0
131,66,649.720,437.926,4.991,6.216,1,1,1.0
131,6366,34.377,409.918,4.302,9.196,1,1,1.0
131,6367,27.488,434.374,6.535,6.938,1,1,1.0
131,6368,13.854,233.784,4.462,7.922,1,1,1.0
131,6369,7.276,122.195,5.000,6.000,1,1,1.0
131,6370,9.400,437.909,5.000,6.000,1,1,1.0
131,6372,23.168,431.310,5.798,8.557,1,1,1.0
131,6373,48.522,440.011,8.339,6.438,1,1,1.0
131,6388,300.557,242.502,3.735,8.697,1,1,1.0
131,6389,303.539,440.097,4.659,5.543,1,1,1.0
131,6390,300.548,404.082,4.110,8.901,1,1,1.0
131,6392,310.201,187.542,4.499,8.060,1,1,1.0
132,18,128.844,437.752,7.400,5.398,1,1,1.0
132,22,144.428,431.273,5.479,7.724,1,1,1.0
132,25,185.239,439.320,6.710,4.775,1,1,1.0
132,27,152.159,437.391,7.379,5.913,1,1,1.0
132,29,141.589,439.665,4.125,5.033,1,1,1.0
132,40,434.674,344.224,4.629,5.096,1,1,1.0
132,41,375.912,320.021,4.447,9.403,1,1,1.0
132,42,400.873,439.217,6.256,6.323,1,1,1.0
132,43,416.464,435.755,6.556,7.913,1,1,1.0
132,44,426.741,112.900,4.400,9.358,1,1,1.0
132,45,503.454,319.858,4.611,8.761,1,1,1.0
132,47,498.942,411.157,5.156,7.365,1,1,1.0
132,48,498.475,331.566,5.634,6.987,1,1,1.0
132,49,508.214,332.556,5.442,6.298,1,1,1.0
132,50,492.716,181.497,4.768,5.749,1,1,1.0
132,54,534.168,438.834,7.613,4.737,1,1,1.0
132,55,555.015,442.313,4.395,4.383,1,1,1.0
132,57,639.878,433.602,4.652,8.606,1,1,1.0
132,59,667.285,144.618,4.708,8.018,1,1,1.0
132,60,659.557,440.533,5.788,5.192,1,1,1.0
132,61,626.989,287.441,4.301,9.229,1,1,1.0
132,62,654.833,439.060,4.991,6.216,1,1,1.0
132,63,635.182,442.776,4.829,4.939,1,1,1.0
132,66,648.650,437.807,4.991,6.216,1,1,1.0
132,6366,34.396,409.975,4.325,8.690,1,1,1.0
132,6367,23.981,437.835,5.000,6.000,1,1,1.0
132,6368,15.111,231.633,4.479,7.408,1,1,1.0
132,6369,6.754,121.283,5.000,6.000,1,1,1.0
132,6370,9.400,437.909,5.000,6.000,1,1,1.0
132,6372,23.907,432.432,5.007,10.736,1,1,1.0
132,6373,48.582,440.032,8.213,6.115,1,1,1.0
132,6389,255.118,437.823,6.543,5.501,1,1,1.0
132,6390,253.554,356.263,3.953,9.326,1,1,1.0
132,6391,303.515,440.243,5.522,5.648,1,1,1.0
132,6392,299.611,241.401,4.527,8.587,1,1,1.0
132,6393,300.610,403.781,4.034,9.135,1,1,1.0
133,18,128.705,438.231,6.777,5.014,1,1,1.0
133,22,145.508,428.419,5.160,9.297,1,1,1.0
133,25,186.658,439.640,4.978,4.885,1,1,1.0
133,27,151.248,437.367,7.689,5.950,1,1,1.0
133,29,141.363,439.803,4.037,4.740,1,1,1.0
133,40,436.201,344.447,4.211,4.802,1,1,1.0
133,41,375.820,319.102,4.429,9.454,1,1,1.0
133,42,386.563,400.959,6.776,7.804,1,1,1.0
133,43,416.009,434.716,6.112,7.518,1,1,1.0
133,44,427.154,110.503,4.354,9.478,1,1,1.0
133,45,504.490,316.705,4.071,9.116,1,1,1.0
133,47,512.621,436.958,4.725,6.611,1,1,1.0
133,48,498.404,331.651,5.470,7.134,1,1,1.0
133,49,510.543,330.712,5.867,6.087,1,1,1.0
133,50,493.144,180.869,5.240,5.018,1,1,1.0
133,54,533.863,438.744,7.892,4.954,1,1,1.0
133,55,555.157,442.465,4.071,4.351,1,1,1.0
133,57,640.008,433.650,4.562,8.671,1,1,1.0
133,59,665.934,142.948,4.828,8.156,1,1,1.0
133,60,661.971,441.594,4.701,4.734,1,1,1.0
133,61,627.117,285.423,4.295,9.392,1,1,1.0
133,62,653.504,437.207,5.235,6.265,1,1,1.0
133,63,635.334,442.741,4.760,4.782,1,1,1.0
133,66,649.482,438.045,4.991,6.216,1,1,1.0
133,6366,34.341,409.975,4.325,8.833,1,1,1.0
133,6367,24.479,437.636,5.000,6.000,1,1,1.0
133,6368,16.331,229.899,4.839,7.225,1,1,1.0
133,6369,6.885,113.071,5.000,6.000,1,1,1.0
133,6370,9.114,438.053,5.000,6.000,1,1,1.0
133,6372,24.326,432.875,4.814,10.249,1,1,1.0
133,6373,48.652,440.070,8.249,6.199,1,1,1.0
133,6388,253.458,355.599,4.132,9.144,1,1,1.0
133,6389,298.085,240.602,5.046,7.126,1,1,1.0
133,6390,255.106,438.002,6.023,5.170,1,1,1.0
133,6391,309.513,185.390,4.877,7.477,1,1,1.0
133,6392,300.727,403.326,4.040,9.228,1,1,1.0
133,6393,303.536,440.088,5.246,6.172,1,1,1.0
134,18,128.810,438.217,6.340,5.060,1,1,1.0
134,22,145.138,428.099,5.183,8.109,1,1,1.0
134,25,186.590,439.625,4.794,4.816,1,1,1.0
134,27,151.324,437.307,7.323,5.487,1,1,1.0
134,29,141.015,439.593,4.322,4.945,1,1,1.0
134,40,436.698,344.595,4.262,4.718,1,1,1.0
134,41,375.717,318.296,4.421,9.005,1,1,1.0
134,42,376.911,369.050,5.220,5.653,1,1,1.0
134,43,414.925,433.095,5.903,7.504,1,1,1.0
134,44,427.771,108.278,4.195,9.590,1,1,1.0
134,45,504.514,314.172,3.849,8.662,1,1,1.0
134,47,514.699,440.435,4.510,4.302,1,1,1.0
134,48,499.522,331.995,5.432,6.049,1,1,1.0
134,49,511.301,330.559,5.886,5.101,1,1,1.0
134,50,494.537,180.426,5.280,4.603,1,1,1.0
134,54,534.204,439.130,7.161,4.933,1,1,1.0
134,55,555.041,442.498,4.043,4.248,1,1,1.0
134,57,640.000,433.832,4.637,8.645,1,1,1.0
134,59,664.230,140.859,5.015,8.146,1,1,1.0
134,60,662.843,441.608,4.968,4.493,1,1,1.0
134,61,626.681,282.768,4.212,9.479,1,1,1.0
134,62,653.861,436.266,4.868,6.854,1,1,1.0
134,63,635.300,443.342,5.997,4.294,1,1,1.0
134,66,650.196,438.283,4.991,6.216,1,1,1.0
134,6366,34.391,410.015,4.318,8.824,1,1,1.0
134,6367,24.679,438.333,5.000,6.000,1,1,1.0
134,6368,17.983,228.337,5.407,6.703,1,1,1.0
134,6369,6.624,112.354,5.000,6.000,1,1,1.0
134,6370,9.831,437.909,5.000,6.000,1,1,1.0
134,6372,24.224,432.930,4.942,10.187,1,1,1.0
134,6373,48.531,440.059,8.251,6.070,1,1,1.0
134,6388,253.729,353.965,4.203,9.317,1,1,1.0
134,6389,296.924,239.819,5.184,6.832,1,1,1.0
134,6390,255.303,438.065,5.482,4.931,1,1,1.0
134,6391,309.566,184.857,4.942,7.529,1,1,1.0
134,6392,300.673,402.897,4.151,9.316,1,1,1.0
134,6393,303.818,440.687,4.030,5.147,1,1,1.0
135,18,128.613,437.849,6.199,5.074,1,1,1.0
135,20,163.818,439.207,7.315,4.902,1,1,1.0
135,22,144.097,426.978,4.476,8.080,1,1,1.0
135,25,185.950,439.639,4.568,4.837,1,1,1.0
135,27,150.345,438.058,7.160,5.816,1,1,1.0
135,29,140.466,439.361,4.432,4.900,1,1,1.0
135,40,437.162,344.930,4.259,4.798,1,1,1.0
135,41,375.142,317.438,4.461,8.887,1,1,1.0
135,42,376.811,379.475,4.532,7.044,1,1,1.0
135,43,414.178,430.621,5.492,8.056,1,1,1.0
135,44,427.319,105.491,4.316,9.529,1,1,1.0
135,45,504.689,311.476,3.925,8.494,1,1,1.0
135,47,514.566,440.439,4.686,4.111,1,1,1.0
135,48,500.677,332.156,6.035,4.941,1,1,1.0
135,49,511.573,330.672,6.512,4.836,1,1,1.0
135,50,495.218,180.298,5.863,4.589,1,1,1.0
135,54,534.162,439.129,7.233,4.854,1,1,1.0
135,55,555.135,442.404,3.843,4.424,1,1,1.0
135,57,640.050,433.977,4.534,8.546,1,1,1.0
135,59,662.969,139.790,4.837,7.817,1,1,1.0
135,60,664.663,441.088,4.616,4.938,1,1,1.0
135,61,626.683,280.921,4.156,8.790,1,1,1.0
135,62,654.300,435.342,4.605,7.872,1,1,1.0
135,63,635.366,442.784,7.421,4.496,1,1,1.0
135,66,650.196,438.045,4.991,6.216,1,1,1.0
135,6366,34.333,409.830,4.305,8.973,1,1,1.0
135,6367,24.081,438.233,5.000,6.000,1,1,1.0
135,6368,19.837,227.507,6.043,5.256,1,1,1.0
135,6369,6.363,110.790,5.000,6.000,1,1,1.0
135,6370,9.974,438.196,5.000,6.000,1,1,1.0
135,6372,23.662,432.693,5.250,10.526,1,1,1.0
135,6373,48.717,440.051,8.217,6.014,1,1,1.0
135,6388,253.972,353.737,4.326,8.720,1,1,1.0
135,6389,295.466,239.171,5.792,6.465,1,1,1.0
135,6390,255.506,438.088,4.798,4.567,1,1,1.0
135,6391,309.554,184.687,5.118,7.296,1,1,1.0
135,6392,300.639,401.961,4.075,9.260,1,1,1.0
135,6393,302.636,441.457,4.804,4.174,1,1,1.0
136,18,128.352,437.646,6.161,5.201,1,1,1.0
136,20,164.611,438.989,6.807,4.827,1,1,1.0
136,22,144.009,426.044,4.738,7.930,1,1,1.0
136,25,185.875,439.542,4.393,4.910,1,1,1.0
136,27,149.999,438.290,6.996,5.679,1,1,1.0
136,29,140.324,439.436,4.481,4.918,1,1,1.0
136,40,437.323,344.782,4.173,4.756,1,1,1.0
136,41,374.834,315.356,4.518,9.072,1,1,1.0
136,42,376.393,387.990,3.615,8.695,1,1,1.0
136,43,413.666,428.102,4.618,8.618,1,1,1.0
136,45,504.610,308.064,4.008,9.089,1,1,1.0
136,47,514.561,440.449,4.771,4.138,1,1,1.0
136,48,502.338,331.979,6.240,4.699,1,1,1.0
136,49,511.942,331.002,6.437,4.540,1,1,1.0
136,50,496.962,180.140,6.378,4.279,1,1,1.0
136,54,534.134,439.119,7.307,4.828,1,1,1.0
136,55,555.327,442.426,3.805,4.328,1,1,1.0
136,57,640.049,434.099,4.598,9.120,1,1,1.0
136,59,660.357,139.794,6.689,5.435,1,1,1.0
136,60,665.256,441.281,4.581,4.707,1,1,1.0
136,61,626.625,279.134,4.227,9.694,1,1,1.0
136,62,654.643,433.987,4.520,8.699,1,1,1.0
136,63,639.718,441.594,4.991,6.216,1,1,1.0
136,66,649.720,438.283,4.991,6.216,1,1,1.0
136,6366,48.676,440.019,8.253,6.086,1,1,1.0
136,6367,34.432,409.779,4.409,9.028,1,1,1.0
136,6368,21.877,225.689,6.151,5.522,1,1,1.0
136,6369,6.494,108.444,5.000,6.000,1,1,1.0
136,6370,9.687,438.483,5.000,6.000,1,1,1.0
136,6372,23.621,432.343,5.293,10.686,1,1,1.0
136,6388,255.226,438.007,4.854,4.481,1,1,1.0
136,6389,299.682,400.673,4.651,8.963,1,1,1.0
136,6390,294.588,237.881,6.021,6.329,1,1,1.0
136,6392,301.047,441.597,5.142,3.759,1,1,1.0
136,6393,309.545,184.707,5.121,7.276,1,1,1.0
137,18,128.505,437.779,6.113,5.226,1,1,1.0
137,20,165.720,439.108,6.715,4.551,1,1,1.0
137,22,143.901,424.304,4.268,8.831,1,1,1.0
137,25,185.790,439.719,4.250,4.607,1,1,1.0
137,27,148.681,438.871,7.534,5.687,1,1,1.0
137,29,140.574,439.242,5.439,4.862,1,1,1.0
137,40,437.431,344.096,4.471,5.035,1,1,1.0
137,41,374.742,313.863,4.588,8.938,1,1,1.0
137,42,375.914,387.227,3.722,8.567,1,1,1.0
137,43,413.468,426.610,4.605,8.255,1,1,1.0
137,44,428.103,99.866,4.338,10.943,1,1,1.0
137,45,504.672,304.823,3.905,8.767,1,1,1.0
137,47,514.516,440.510,4.760,4.132,1,1,1.0
137,48,503.693,331.648,6.409,4.691,1,1,1.0
137,49,512.623,331.392,6.573,4.195,1,1,1.0
137,50,497.997,180.450,5.981,4.802,1,1,1.0
137,54,534.173,439.113,7.435,4.788,1,1,1.0
137,55,555.057,442.485,4.171,4.133,1,1,1.0
137,57,640.292,433.849,4.450,8.923,1,1,1.0
137,59,658.443,140.594,7.011,4.699,1,1,1.0
137,60,665.546,441.341,4.797,4.509,1,1,1.0
137,61,626.333,276.582,4.448,9.420,1,1,1.0
137,62,654.743,432.606,4.192,9.098,1,1,1.0
137,63,642.454,441.832,4.991,6.216,1,1,1.0
137,66,649.958,437.688,4.991,6.216,1,1,1.0
137,6366,48.657,440.115,8.280,6.023,1,1,1.0
137,6367,34.390,409.790,4.415,9.004,1,1,1.0
137,6368,22.783,225.009,6.284,5.942,1,1,1.0
137,6369,5.581,107.401,5.000,6.000,1,1,1.0
137,6370,9.257,437.623,5.000,6.000,1,1,1.0
137,6372,23.374,432.251,5.466,10.708,1,1,1.0
137,6388,254.945,438.002,4.456,4.255,1,1,1.0
137,6389,298.005,400.669,6.178,6.859,1,1,1.0
137,6390,293.747,236.365,5.719,6.655,1,1,1.0
137,6392,298.982,441.641,5.356,3.697,1,1,1.0
137,6393,309.566,184.754,5.130,7.263,1,1,1.0
138,18,128.379,437.953,6.031,5.066,1,1,1.0
138,20,166.383,439.155,6.687,4.429,1,1,1.0
138,22,143.711,423.000,4.563,8.342,1,1,1.0
138,25,185.407,439.599,4.119,4.609,1,1,1.0
138,29,140.405,439.415,6.525,4.623,1,1,1.0
138,40,437.492,343.002,4.354,5.438,1,1,1.0
138,41,374.516,312.733,4.477,8.969,1,1,1.0
138,42,375.900,386.726,3.618,8.505,1,1,1.0
138,43,412.718,423.944,4.233,8.165,1,1,1.0
138,44,428.129,99.791,4.052,7.774,1,1,1.0
138,45,504.414,301.283,3.768,9.121,1,1,1.0
138,47,514.487,440.493,4.784,4.110,1,1,1.0
138,48,505.057,331.027,6.478,4.547,1,1,1.0
138,49,513.661,331.499,6.809,4.141,1,1,1.0
138,50,499.893,181.616,6.280,5.199,1,1,1.0
138,54,534.214,439.068,7.448,4.822,1,1,1.0
138,55,554.962,442.371,4.462,4.096,1,1,1.0
138,57,640.317,433.859,4.294,8.596,1,1,1.0
138,59,655.619,141.306,7.489,4.165,1,1,1.0
138,60,666.354,441.049,4.359,4.087,1,1,1.0
138,61,626.314,274.402,4.578,9.612,1,1,1.0
138,62,654.553,431.705,4.027,9.006,1,1,1.0
138,63,645.665,441.475,4.991,6.216,1,1,1.0
138,66,650.196,437.807,4.991,6.216,1,1,1.0
138,6366,48.544,440.202,8.454,5.892,1,1,1.0
138,6367,34.464,409.796,4.458,8.944,1,1,1.0
138,6368,23.062,432.156,5.725,10.794,1,1,1.0
138,6369,6.363,108.835,5.000,6.000,1,1,1.0
138,6370,9.687,438.196,5.000,6.000,1,1,1.0
138,6372,23.422,223.655,6.159,6.541,1,1,1.0
138,6388,291.665,234.669,6.337,6.860,1,1,1.0
138,6389,295.341,400.549,7.289,5.844,1,1,1.0
138,6390,255.033,351.561,5.192,7.314,1,1,1.0
138,6392,296.841,441.755,5.839,3.647,1,1,1.0
138,6393,309.581,184.636,5.074,7.308,1,1,1.0
139,18,128.425,438.441,6.083,4.907,1,1,1.0
139,20,166.877,439.587,6.671,4.425,1,1,1.0
139,22,142.997,421.176,4.159,8.757,1,1,1.0
139,25,184.843,439.747,4.405,4.407,1,1,1.0
139,27,130.485,424.666,5.569,7.258,1,1,1.0
139,29,143.153,439.947,7.187,4.930,1,1,1.0
139,40,437.210,341.733,4.353,5.334,1,1,1.0
139,41,373.583,311.225,4.792,8.859,1,1,1.0
139,42,375.835,386.230,3.715,8.507,1,1,1.0
139,43,412.366,421.331,4.277,8.780,1,1,1.0
139,45,503.829,298.767,3.982,8.928,1,1,1.0
139,47,515.040,440.107,4.747,4.229,1,1,1.0
139,48,505.948,330.966,7.259,4.314,1,1,1.0
139,49,512.588,331.464,8.295,4.459,1,1,1.0
139,50,501.065,182.766,5.982,6.033,1,1,1.0
139,54,534.294,439.023,7.428,4.852,1,1,1.0
139,55,554.866,442.301,4.531,4.154,1,1,1.0
139,57,640.307,433.890,4.335,8.550,1,1,1.0
139,59,653.007,142.160,7.504,3.996,1,1,1.0
139,60,666.312,441.065,4.469,4.182,1,1,1.0
139,61,626.203,272.443,4.598,9.585,1,1,1.0
139,62,654.395,430.930,4.027,9.460,1,1,1.0
139,63,647.567,440.999,4.991,6.216,1,1,1.0
139,66,650.672,437.807,4.991,6.216,1,1,1.0
139,6366,48.548,440.212,8.449,6.004,1,1,1.0
139,6367,24.559,221.275,4.724,8.400,1,1,1.0
139,6368,34.360,409.826,4.546,9.003,1,1,1.0
139,6370,9.257,438.196,5.000,6.000,1,1,1.0
139,6372,22.724,432.028,6.036,10.573,1,1,1.0
139,6388,293.250,399.884,6.940,5.399,1,1,1.0
139,6389,294.490,441.713,6.801,3.980,1,1,1.0
139,6390,290.589,233.628,6.237,6.218,1,1,1.0
139,6392,309.606,184.613,5.074,7.291,1,1,1.0
140,18,128.476,438.510,5.419,4.988,1,1,1.0
140,20,167.107,439.461,6.821,4.810,1,1,1.0
140,22,142.811,419.139,4.402,9.267,1,1,1.0
140,25,184.544,439.874,4.179,4.410,1,1,1.0
140,27,129.478,407.909,5.276,5.036,1,1,1.0
140,29,146.978,439.801,8.085,5.459,1,1,1.0
140,40,436.244,340.428,4.832,5.380,1,1,1.0
140,41,373.456,309.684,4.728,8.718,1,1,1.0
140,42,375.852,385.611,3.837,8.604,1,1,1.0
140,43,411.907,418.913,4.241,8.876,1,1,1.0
140,45,502.897,295.631,4.167,8.876,1,1,1.0
140,47,515.466,439.983,5.533,4.210,1,1,1.0
140,48,506.038,330.728,7.391,4.416,1,1,1.0
140,49,512.930,331.482,7.812,4.393,1,1,1.0
140,50,502.702,184.464,6.071,6.195,1,1,1.0
140,54,533.368,439.192,7.242,4.904,1,1,1.0
140,55,554.781,442.208,4.669,4.215,1,1,1.0
140,57,640.530,433.985,4.133,8.504,1,1,1.0
140,59,650.478,142.077,7.960,3.974,1,1,1.0
140,60,666.715,440.785,4.112,4.261,1,1,1.0
140,61,626.182,270.708,4.211,8.750,1,1,1.0
140,62,654.353,429.841,3.966,8.685,1,1,1.0
140,63,652.443,440.999,4.991,6.216,1,1,1.0
140,66,649.244,436.856,4.991,6.216,1,1,1.0
140,6366,34.311,409.869,4.602,8.968,1,1,1.0
140,6367,22.435,437.772,6.854,5.926,1,1,1.0
140,6368,24.648,218.917,4.855,8.419,1,1,1.0
140,6370,9.114,437.909,5.000,6.000,1,1,1.0
140,6372,22.226,431.806,6.068,10.140,1,1,1.0
140,6373,48.709,440.306,8.418,6.076,1,1,1.0
140,6388,290.017,232.503,6.363,6.274,1,1,1.0
140,6389,291.106,399.796,7.662,5.159,1,1,1.0
140,6390,255.454,349.747,5.212,7.888,1,1,1.0
140,6392,293.076,441.727,6.684,4.350,1,1,1.0
140,6393,309.612,184.595,5.066,7.238,1,1,1.0
141,18,128.447,438.564,5.914,5.126,1,1,1.0
141,20,167.489,439.444,6.946,4.882,1,1,1.0
141,22,142.581,417.436,4.188,9.342,1,1,1.0
141,25,184.172,439.748,4.250,4.400,1,1,1.0
141,27,133.021,413.107,6.909,7.075,1,1,1.0
141,29,146.272,439.843,8.348,5.750,1,1,1.0
141,40,435.243,339.467,5.001,5.459,1,1,1.0
141,41,373.511,308.511,4.845,8.559,1,1,1.0
141,42,376.080,384.959,4.114,8.346,1,1,1.0
141,43,411.586,416.602,4.196,8.784,1,1,1.0
141,45,502.786,292.782,4.196,8.942,1,1,1.0
141,47,516.433,439.583,5.907,4.280,1,1,1.0
141,48,506.447,329.963,7.126,4.517,1,1,1.0
141,49,514.044,331.358,6.830,4.229,1,1,1.0
141,50,503.785,186.481,6.155,6.228,1,1,1.0
141,54,533.301,439.352,6.233,4.799,1,1,1.0
141,55,555.254,442.080,4.742,4.439,1,1,1.0
141,57,640.420,434.025,4.165,8.540,1,1,1.0
141,59,648.996,141.324,7.393,4.424,1,1,1.0
141,60,665.909,440.767,4.136,4.288,1,1,1.0
141,61,626.307,267.954,4.136,9.422,1,1,1.0
141,62,653.987,428.374,4.170,9.446,1,1,1.0
141,63,653.781,441.204,7.160,4.770,1,1,1.0
141,66,649.482,437.807,4.991,6.216,1,1,1.0
141,6366,34.162,409.773,4.669,9.092,1,1,1.0
141,6367,21.398,436.546,6.099,6.550,1,1,1.0
141,6368,25.221,216.202,4.823,8.868,1,1,1.0
141,6370,9.114,438.770,5.000,6.000,1,1,1.0
141,6372,22.696,431.064,5.725,8.182,1,1,1.0
141,6373,48.645,440.225,8.419,5.975,1,1,1.0
141,6388,255.823,348.337,4.879,8.474,1,1,1.0
141,6389,289.051,399.878,7.708,4.759,1,1,1.0
141,6390,251.674,379.759,7.522,7.992,1,1,1.0
141,6391,309.613,184.592,5.064,7.314,1,1,1.0
141,6392,289.836,231.511,6.204,6.334,1,1,1.0
141,6393,291.353,441.760,6.818,4.400,1,1,1.0
142,18,128.580,438.136,5.801,5.263,1,1,1.0
142,20,167.808,439.035,6.877,4.876,1,1,1.0
142,22,142.310,416.314,4.242,9.378,1,1,1.0
142,25,183.904,439.553,4.116,4.406,1,1,1.0
142,29,144.032,439.799,7.839,5.515,1,1,1.0
142,40,434.846,339.046,5.021,5.432,1,1,1.0
142,41,373.385,307.182,4.660,8.819,1,1,1.0
142,42,376.270,383.972,4.676,7.661,1,1,1.0
142,43,411.358,414.804,4.064,8.896,1,1,1.0
142,45,502.429,289.845,4.288,8.847,1,1,1.0
142,47,517.080,439.545,6.297,4.291,1,1,1.0
142,48,506.798,329.261,7.013,4.702,1,1,1.0
142,49,514.020,331.132,6.759,4.213,1,1,1.0
142,50,504.214,188.116,5.981,6.225,1,1,1.0
142,54,533.455,439.441,5.894,4.293,1,1,1.0
142,55,555.171,442.097,4.739,4.574,1,1,1.0
142,57,640.227,433.973,4.225,8.550,1,1,1.0
142,58,662.955,440.637,5.054,4.515,1,1,1.0
142,59,648.543,139.646,7.098,5.668,1,1,1.0
142,61,625.712,265.854,4.071,9.279,1,1,1.0
142,62,653.891,427.759,4.073,9.242,1,1,1.0
142,63,656.987,441.503,6.653,5.187,1,1,1.0
142,66,649.720,437.807,4.991,6.216,1,1,1.0
142,6366,34.229,409.824,4.577,8.996,1,1,1.0
142,6367,19.272,437.131,6.043,6.003,1,1,1.0
142,6368,26.697,213.710,4.045,8.548,1,1,1.0
142,6370,9.400,438.053,5.000,6.000,1,1,1.0
142,6372,23.213,431.252,5.470,8.670,1,1,1.0
142,6373,48.575,440.236,8.322,5.770,1,1,1.0
142,6388,258.715,382.958,6.741,4.873,1,1,1.0
142,6389,290.407,441.804,6.893,4.233,1,1,1.0
142,6390,287.249,400.318,8.144,4.233,1,1,1.0
142,6392,290.397,229.554,4.544,8.167,1,1,1.0
142,6393,309.694,184.583,4.984,7.352,1,1,1.0
143,18,128.651,438.209,5.441,5.015,1,1,1.0
143,22,142.104,414.152,4.006,9.778,1,1,1.0
143,25,183.059,438.997,4.370,5.197,1,1,1.0
143,29,143.871,439.643,7.433,5.417,1,1,1.0
143,40,434.075,339.179,5.117,5.001,1,1,1.0
143,41,373.134,305.659,4.592,9.012,1,1,1.0
143,42,376.992,383.988,4.766,6.571,1,1,1.0
143,43,410.445,412.625,3.739,8.920,1,1,1.0
143,45,502.329,286.901,4.220,9.073,1,1,1.0
143,47,518.163,439.590,6.682,3.922,1,1,1.0
143,48,506.833,328.890,6.709,4.741,1,1,1.0
143,49,540.248,330.903,6.972,7.582,1,1,1.0
143,50,504.970,189.285,5.913,6.766,1,1,1.0
143,54,533.702,439.574,5.903,4.649,1,1,1.0
143,55,555.182,442.090,4.696,4.655,1,1,1.0
143,57,640.187,434.068,4.237,8.432,1,1,1.0
143,59,649.168,138.450,5.901,7.049,1,1,1.0
143,60,663.688,439.028,4.991,6.216,1,1,1.0
143,61,625.615,263.466,4.236,9.199,1,1,1.0
143,62,654.042,427.147,4.147,8.943,1,1,1.0
143,63,661.811,443.328,4.991,6.216,1,1,1.0
143,66,650.315,437.926,4.991,6.216,1,1,1.0
143,6366,34.426,409.933,4.382,9.091,1,1,1.0
143,6367,17.056,438.508,5.711,4.589,1,1,1.0
143,6368,27.128,210.533,4.202,8.705,1,1,1.0
143,6370,9.400,438.053,5.000,6.000,1,1,1.0
143,6372,22.567,432.517,5.600,8.404,1,1,1.0
143,6373,48.625,440.224,8.170,5.548,1,1,1.0
143,6388,285.771,401.125,7.511,4.790,1,1,1.0
143,6389,309.811,184.608,4.845,7.456,1,1,1.0
143,6390,257.091,345.725,4.095,9.214,1,1,1.0
143,6392,287.991,441.943,7.344,4.083,1,1,1.0
143,6393,290.443,227.532,4.401,8.573,1,1,1.0
144,18,128.641,438.442,5.482,5.071,1,1,1.0
144,22,142.133,412.741,3.801,8.930,1,1,1.0
144,25,182.500,439.122,4.287,5.134,1,1,1.0
144,40,433.775,339.483,5.435,4.839,1,1,1.0
144,41,372.817,303.841,4.670,8.730,1,1,1.0
144,42,378.066,383.968,4.916,5.504,1,1,1.0
144,43,410.258,410.915,3.882,8.866,1,1,1.0
144,45,502.230,283.866,4.261,8.687,1,1,1.0
144,47,519.727,439.564,5.894,4.162,1,1,1.0
144,48,507.406,328.582,6.549,4.616,1,1,1.0
144,49,557.246,324.165,4.161,8.639,1,1,1.0
144,50,505.095,190.321,6.158,6.362,1,1,1.0
144,54,532.619,439.291,5.018,4.281,1,1,1.0
144,55,555.151,442.037,4.715,4.602,1,1,1.0
144,57,640.072,434.217,4.208,8.273,1,1,1.0
144,59,648.584,136.547,5.645,7.818,1,1,1.0
144,60,661.722,441.126,5.645,6.144,1,1,1.0
144,61,625.716,261.293,4.215,9.217,1,1,1.0
144,62,654.351,426.096,4.057,8.854,1,1,1.0
144,63,661.719,443.616,4.991,6.216,1,1,1.0
144,66,650.077,438.283,4.991,6.216,1,1,1.0
144,6366,35.177,409.651,4.144,9.216,1,1,1.0
144,6367,16.920,438.322,6.279,4.835,1,1,1.0
144,6368,28.584,208.767,4.686,8.677,1,1,1.0
144,6370,22.099,418.112,5.029,6.710,1,1,1.0
144,6372,21.914,432.611,5.709,8.231,1,1,1.0
144,6373,48.833,440.376,8.038,5.502,1,1,1.0
144,6388,285.113,401.936,7.647,5.055,1,1,1.0
144,6389,309.838,184.633,4.851,7.383,1,1,1.0
144,6390,257.162,344.031,4.324,8.781,1,1,1.0
144,6392,285.731,441.807,7.311,4.149,1,1,1.0
144,6393,290.888,225.207,4.215,8.767,1,1,1.0
145,18,128.639,438.583,5.577,4.964,1,1,1.0
145,22,142.320,410.608,3.741,8.773,1,1,1.0
145,25,182.395,439.249,4.185,5.074,1,1,1.0
145,40,432.910,340.130,6.776,5.013,1,1,1.0
145,41,372.591,302.729,4.682,8.401,1,1,1.0
145,42,378.714,382.960,5.858,5.615,1,1,1.0
145,43,410.540,410.261,3.807,8.555,1,1,1.0
145,45,502.597,281.823,4.316,8.921,1,1,1.0
145,47,521.424,439.755,5.112,4.336,1,1,1.0
145,48,508.273,328.255,6.551,4.574,1,1,1.0
145,49,557.284,323.585,4.200,8.297,1,1,1.0
145,50,505.351,190.921,7.091,5.356,1,1,1.0
145,54,533.648,439.413,5.024,4.480,1,1,1.0
145,55,555.103,442.095,4.818,4.568,1,1,1.0
145,57,639.804,434.284,4.204,8.134,1,1,1.0
145,59,647.996,133.897,4.916,8.323,1,1,1.0
145,60,662.453,442.447,6.470,4.826,1,1,1.0
145,61,625.439,258.983,4.199,9.476,1,1,1.0
145,62,654.195,424.691,4.207,8.591,1,1,1.0
145,63,662.671,443.259,4.991,6.216,1,1,1.0
145,66,650.315,437.926,4.991,6.216,1,1,1.0
145,6366,34.125,411.005,4.436,7.604,1,1,1.0
145,6367,14.288,438.915,6.229,4.242,1,1,1.0
145,6368,30.060,207.828,6.462,6.746,1,1,1.0
145,6370,36.993,393.060,5.279,5.914,1,1,1.0
145,6372,21.916,432.905,5.154,8.087,1,1,1.0
145,6373,48.761,440.357,7.901,5.693,1,1,1.0
145,6388,284.607,402.268,7.956,5.309,1,1,1.0
145,6390,284.079,441.581,7.418,4.298,1,1,1.0
145,6392,309.768,184.537,4.844,7.415,1,1,1.0
145,6393,290.876,222.657,4.106,8.699,1,1,1.0
146,18,128.833,438.464,5.385,4.876,1,1,1.0
146,22,142.371,408.104,3.739,9.568,1,1,1.0
146,25,182.117,439.077,4.399,4.907,1,1,1.0
146,40,431.985,341.479,7.025,5.645,1,1,1.0
146,41,372.267,300.313,4.673,8.752,1,1,1.0
146,42,379.268,381.925,5.971,6.065,1,1,1.0
146,43,410.047,408.813,4.004,8.862,1,1,1.0
146,45,502.573,279.058,4.435,9.342,1,1,1.0
146,47,521.826,439.695,5.387,4.321,1,1,1.0
146,48,508.963,327.800,6.659,4.524,1,1,1.0
146,49,557.183,323.002,4.219,8.679,1,1,1.0
146,50,506.318,191.279,7.560,4.539,1,1,1.0
146,54,533.407,439.371,5.038,4.504,1,1,1.0
146,55,555.055,442.104,4.925,4.591,1,1,1.0
146,57,639.640,434.183,4.239,8.188,1,1,1.0
146,59,646.893,131.264,4.946,8.148,1,1,1.0
146,60,662.484,442.387,6.402,4.717,1,1,1.0
146,61,625.628,257.070,3.955,8.858,1,1,1.0
146,62,654.441,423.300,4.319,8.613,1,1,1.0
146,63,663.622,442.902,4.991,6.216,1,1,1.0
146,66,650.434,438.402,4.991,6.216,1,1,1.0
146,6366,34.028,410.659,4.509,8.285,1,1,1.0
146,6367,13.029,438.741,5.913,4.122,1,1,1.0
146,6368,32.640,207.096,6.580,6.050,1,1,1.0
146,6370,32.107,385.868,4.185,5.734,1,1,1.0
146,6372,21.993,432.990,5.126,8.094,1,1,1.0
146,6373,48.558,440.352,8.116,5.731,1,1,1.0
146,6388,284.129,402.823,8.129,5.557,1,1,1.0
146,6390,281.789,441.696,6.896,4.057,1,1,1.0
146,6392,309.775,184.522,4.854,7.470,1,1,1.0
146,6393,290.982,220.381,4.102,8.854,1,1,1.0
147,18,128.937,438.256,5.530,5.043,1,1,1.0
147,22,142.366,406.633,3.884,9.416,1,1,1.0
147,25,181.704,439.622,4.258,4.974,1,1,1.0
147,29,144.384,439.442,6.798,5.701,1,1,1.0
147,40,431.011,342.510,6.492,5.896,1,1,1.0
147,41,371.824,299.025,4.719,8.458,1,1,1.0
147,42,379.608,381.316,6.322,6.128,1,1,1.0
147,43,408.768,408.314,4.439,8.236,1,1,1.0
147,45,502.602,277.346,4.401,9.295,1,1,1.0
147,47,522.098,439.678,5.597,4.440,1,1,1.0
147,48,510.482,326.840,6.898,4.884,1,1,1.0
147,49,557.214,322.949,4.175,8.639,1,1,1.0
147,50,507.094,190.766,7.342,4.365,1,1,1.0
147,54,533.475,439.421,4.863,4.499,1,1,1.0
147,55,555.051,442.139,4.891,4.595,1,1,1.0
147,57,639.596,434.221,4.347,8.124,1,1,1.0
147,59,645.903,128.729,4.766,8.665,1,1,1.0
147,60,662.180,442.321,6.695,4.644,1,1,1.0
147,61,625.645,254.094,4.028,9.065,1,1,1.0
147,62,654.597,422.421,4.449,8.489,1,1,1.0
147,63,662.671,442.189,4.991,6.216,1,1,1.0
147,66,650.434,437.569,4.991,6.216,1,1,1.0
147,6366,33.944,410.841,4.603,8.120,1,1,1.0
147,6367,12.050,438.766,4.917,4.285,1,1,1.0
147,6368,35.302,205.326,6.398,6.154,1,1,1.0
147,6370,29.560,374.398,3.991,6.070,1,1,1.0
147,6372,21.715,433.724,5.045,8.111,1,1,1.0
147,6373,48.427,440.468,8.319,5.530,1,1,1.0
147,6388,268.791,431.244,7.177,4.740,1,1,1.0
147,6389,309.870,184.513,4.776,7.521,1,1,1.0
147,6390,278.890,441.911,8.242,4.198,1,1,1.0
147,6392,291.066,218.434,4.177,8.808,1,1,1.0
147,6393,283.709,403.786,7.840,5.367,1,1,1.0
148,18,128.870,438.173,5.448,5.038,1,1,1.0
148,20,172.749,440.285,5.719,4.567,1,1,1.0
148,22,142.439,404.739,4.007,8.841,1,1,1.0
148,25,180.517,439.398,5.080,4.692,1,1,1.0
148,29,144.745,439.971,6.443,6.214,1,1,1.0
148,40,430.033,343.726,6.186,6.311,1,1,1.0
148,41,371.896,297.425,4.626,8.551,1,1,1.0
148,42,379.937,381.387,6.235,5.922,1,1,1.0
148,43,408.635,407.178,4.113,8.011,1,1,1.0
148,45,502.618,275.911,4.399,8.910,1,1,1.0
148,47,522.253,439.791,4.958,4.487,1,1,1.0
148,48,512.667,325.337,6.323,5.481,1,1,1.0
148,49,557.125,322.963,4.130,8.529,1,1,1.0
148,50,507.698,190.101,7.154,4.441,1,1,1.0
148,54,532.366,439.391,5.542,4.517,1,1,1.0
148,55,554.972,442.184,4.902,4.471,1,1,1.0
148,57,639.567,434.288,4.456,8.046,1,1,1.0
148,59,645.065,126.230,4.446,8.297,1,1,1.0
148,60,662.396,442.053,6.527,4.817,1,1,1.0
148,61,625.519,251.570,4.120,9.296,1,1,1.0
148,62,655.368,420.482,4.678,7.804,1,1,1.0
148,63,663.028,443.140,4.991,6.216,1,1,1.0
148,66,651.028,437.688,4.991,6.216,1,1,1.0
148,6366,33.858,410.871,4.685,8.086,1,1,1.0
148,6367,10.840,438.095,5.000,6.000,1,1,1.0
148,6368,37.339,204.254,6.921,6.184,1,1,1.0
148,6370,38.321,376.312,4.082,7.050,1,1,1.0
148,6372,21.150,433.560,5.351,8.263,1,1,1.0
148,6373,48.592,440.409,7.938,5.612,1,1,1.0
148,6388,278.768,442.166,6.943,4.164,1,1,1.0
148,6389,297.153,415.180,3.845,6.524,1,1,1.0
148,6390,309.869,184.179,4.591,8.117,1,1,1.0
148,6392,290.576,216.761,4.193,8.939,1,1,1.0
148,6393,282.793,404.085,7.637,6.096,1,1,1.0
149,18,129.167,438.327,5.429,4.999,1,1,1.0
149,20,173.595,439.436,7.926,5.531,1,1,1.0
149,22,142.440,402.389,3.962,9.273,1,1,1.0
149,29,144.697,440.213,6.371,6.165,1,1,1.0
149,40,429.009,344.662,6.477,6.674,1,1,1.0
149,41,371.698,295.673,4.825,8.513,1,1,1.0
149,42,380.585,380.684,6.815,5.887,1,1,1.0
149,43,407.535,405.458,4.694,8.474,1,1,1.0
149,45,503.148,274.178,4.357,8.690,1,1,1.0
149,47,522.280,440.051,4.199,4.356,1,1,1.0
149,48,514.292,324.111,6.876,5.283,1,1,1.0
149,49,557.157,322.784,4.226,8.673,1,1,1.0
149,50,508.723,189.366,6.970,4.698,1,1,1.0
149,54,534.553,439.247,4.721,4.439,1,1,1.0
149,55,555.074,442.119,4.799,4.517,1,1,1.0
149,57,639.627,434.226,4.524,8.010,1,1,1.0
149,59,644.047,123.295,4.337,8.299,1,1,1.0
149,60,662.606,442.057,6.378,4.833,1,1,1.0
149,61,625.561,249.248,4.233,9.389,1,1,1.0
149,62,655.778,418.973,5.261,8.341,1,1,1.0
149,63,663.265,442.902,4.991,6.216,1,1,1.0
149,66,651.623,437.807,4.991,6.216,1,1,1.0
149,6366,33.886,410.757,4.716,8.205,1,1,1.0
149,6367,11.248,438.435,5.000,6.000,1,1,1.0
149,6368,39.804,202.384,6.524,6.001,1,1,1.0
149,6370,48.399,377.040,4.334,7.374,1,1,1.0
149,6372,21.400,433.677,5.194,8.296,1,1,1.0
149,6373,48.547,440.368,8.088,5.566,1,1,1.0
149,6388,278.436,442.015,6.974,4.250,1,1,1.0
149,6389,296.795,412.886,5.747,5.482,1,1,1.0
149,6390,309.517,183.779,4.397,7.245,1,1,1.0
149,6392,290.322,214.971,4.356,8.834,1,1,1.0
149,6393,282.013,404.812,7.435,6.123,1,1,1.0
150,18,129.245,438.138,5.336,5.036,1,1,1.0
150,20,174.656,438.920,7.331,5.989,1,1,1.0
150,22,142.727,400.784,4.103,9.231,1,1,1.0
150,29,144.792,440.051,6.257,6.378,1,1,1.0
150,40,428.199,345.988,6.412,6.674,1,1,1.0
150,41,371.317,294.813,4.774,8.090,1,1,1.0
150,42,382.290,380.316,6.500,5.645,1,1,1.0
150,43,406.808,404.728,4.689,7.519,1,1,1.0
150,45,503.206,272.589,4.418,8.554,1,1,1.0
150,47,521.149,440.462,3.925,4.213,1,1,1.0
150,48,515.683,323.058,6.809,5.353,1,1,1.0
150,49,557.193,322.655,4.230,8.494,1,1,1.0
150,50,509.274,188.977,7.180,4.479,1,1,1.0
150,54,532.483,439.217,5.074,4.238,1,1,1.0
150,55,555.464,442.084,4.475,4.508,1,1,1.0
150,57,639.719,434.283,4.554,7.954,1,1,1.0
150,59,642.726,120.548,4.612,8.098,1,1,1.0
150,60,662.462,441.973,6.268,4.812,1,1,1.0
150,61,625.367,247.114,4.300,9.041,1,1,1.0
150,62,656.680,417.889,5.528,7.770,1,1,1.0
150,63,664.098,442.783,4.991,6.216,1,1,1.0
150,66,652.273,439.394,5.570,4.488,1,1,1.0
150,6366,33.718,411.043,4.731,8.131,1,1,1.0
150,6367,9.819,437.942,5.000,6.000,1,1,1.0
150,6368,41.874,201.234,7.012,6.105,1,1,1.0
150,6370,45.279,382.426,3.846,7.077,1,1,1.0
150,6372,21.437,433.837,5.164,8.141,1,1,1.0
150,6373,48.482,440.342,8.128,5.750,1,1,1.0
150,6388,259.737,333.457,4.563,8.577,1,1,1.0
150,6389,289.971,212.913,4.235,8.540,1,1,1.0
150,6390,295.878,412.432,6.478,5.552,1,1,1.0
150,6391,309.631,182.778,4.166,7.662,1,1,1.0
150,6392,280.739,405.568,7.750,6.125,1,1,1.0
150,6393,276.869,441.917,7.072,4.044,1,1,1.0
151,18,129.475,438.150,5.158,4.898,1,1,1.0
151,20,173.604,439.044,6.647,6.090,1,1,1.0
151,22,142.800,399.590,4.020,8.873,1,1,1.0
151,29,145.068,440.366,6.491,6.247,1,1,1.0
151,40,427.252,347.234,6.585,6.906,1,1,1.0
151,41,371.244,294.255,4.660,7.891,1,1,1.0
151,42,383.819,380.132,6.346,4.888,1,1,1.0
151,43,406.569,402.992,4.325,7.877,1,1,1.0
151,44,423.631,68.336,4.856,4.505,1,1,1.0
151,45,502.749,269.767,4.232,8.651,1,1,1.0
151,47,519.472,440.642,4.562,4.131,1,1,1.0
151,48,517.634,322.040,7.396,5.471,1,1,1.0
151,49,557.195,322.631,4.217,8.532,1,1,1.0
151,50,509.610,188.656,7.069,4.511,1,1,1.0
151,54,531.214,439.576,5.472,4.219,1,1,1.0
151,55,555.485,442.051,4.464,4.486,1,1,1.0
151,57,639.440,434.178,4.567,7.995,1,1,1.0
151,59,642.379,118.414,4.609,7.947,1,1,1.0
151,60,661.465,440.048,4.657,4.693,1,1,1.0
151,61,625.909,244.773,4.247,9.677,1,1,1.0
151,62,656.971,416.957,5.839,7.637,1,1,1.0
151,63,665.762,429.439,5.222,6.732,1,1,1.0
151,66,650.672,438.045,4.991,6.216,1,1,1.0
151,6366,33.533,411.493,4.675,7.913,1,1,1.0
151,6367,10.023,438.078,5.000,6.000,1,1,1.0
151,6368,44.253,199.822,6.484,5.648,1,1,1.0
151,6370,54.709,378.220,5.399,6.118,1,1,1.0
151,6372,21.112,434.019,5.258,8.063,1,1,1.0
151,6373,48.548,440.318,8.208,5.903,1,1,1.0
151,6388,260.461,331.264,4.551,9.197,1,1,1.0
151,6389,290.025,210.646,4.097,8.613,1,1,1.0
151,6390,295.469,411.833,6.543,5.369,1,1,1.0
151,6391,310.095,181.538,4.284,8.003,1,1,1.0
151,6392,280.191,405.752,7.696,6.413,1,1,1.0
151,6393,275.920,441.858,7.111,3.932,1,1,1.0
152,18,130.301,436.859,5.269,5.235,1,1,1.0
152,20,173.305,439.427,6.675,5.559,1,1,1.0
152,22,142.617,397.186,3.680,8.742,1,1,1.0
152,29,144.430,432.231,6.067,6.300,1,1,1.0
152,40,426.835,348.920,6.050,6.852,1,1,1.0
152,41,371.475,292.879,4.437,8.163,1,1,1.0
152,42,385.237,379.424,6.948,4.784,1,1,1.0
152,43,406.786,400.966,4.110,8.663,1,1,1.0
152,44,424.115,66.153,4.365,6.591,1,1,1.0
152,45,502.578,266.783,4.218,8.856,1,1,1.0
152,47,518.410,440.449,4.725,4.099,1,1,1.0
152,48,519.826,321.002,7.025,5.187,1,1,1.0
152,49,557.234,322.348,4.198,8.528,1,1,1.0
152,50,513.738,185.429,7.617,4.469,1,1,1.0
152,54,529.644,439.766,5.820,4.118,1,1,1.0
152,55,555.695,441.950,4.400,4.663,1,1,1.0
152,57,639.611,434.030,4.515,7.884,1,1,1.0
152,59,641.403,115.542,4.385,8.381,1,1,1.0
152,60,663.500,441.146,7.527,4.911,1,1,1.0
152,61,626.386,243.018,4.055,9.140,1,1,1.0
152,62,657.733,415.851,5.687,7.284,1,1,1.0
152,63,666.952,440.881,4.991,6.216,1,1,1.0
152,66,652.693,438.640,4.991,6.216,1,1,1.0
152,6366,33.437,411.416,4.622,8.064,1,1,1.0
152,6367,10.159,438.078,5.000,6.000,1,1,1.0
152,6368,46.290,198.502,6.376,5.916,1,1,1.0
152,6369,6.521,64.183,5.000,6.000,1,1,1.0
152,6370,61.418,376.661,4.359,6.391,1,1,1.0
152,6372,20.888,433.908,5.611,8.251,1,1,1.0
152,6373,48.047,440.323,8.283,6.047,1,1,1.0
152,6388,261.074,329.742,4.413,9.107,1,1,1.0
152,6389,290.278,208.882,4.030,8.723,1,1,1.0
152,6390,295.116,409.814,5.392,6.605,1,1,1.0
152,6391,310.440,179.575,4.040,7.798,1,1,1.0
152,6392,280.327,406.191,7.493,6.211,1,1,1.0
152,6393,274.522,441.840,6.736,3.948,1,1,1.0
153,18,129.885,438.254,4.386,4.734,1,1,1.0
153,20,172.005,438.862,6.433,6.334,1,1,1.0
153,22,143.096,395.159,3.381,9.248,1,1,1.0
153,25,155.890,441.065,5.136,7.142,1,1,1.0
153,27,136.066,423.279,5.164,6.880,1,1,1.0
153,29,146.035,439.894,5.110,6.515,1,1,1.0
153,40,427.222,352.040,5.323,7.529,1,1,1.0
153,41,371.276,291.653,4.573,8.158,1,1,1.0
153,42,386.393,378.670,7.063,5.099,1,1,1.0
153,43,407.230,399.329,3.620,8.204,1,1,1.0
153,44,423.667,63.663,4.454,8.906,1,1,1.0
153,45,502.339,264.197,4.201,8.925,1,1,1.0
153,47,517.625,440.417,4.873,3.861,1,1,1.0
153,48,521.996,319.594,7.539,5.271,1,1,1.0
153,49,556.954,320.738,4.312,8.473,1,1,1.0
153,50,544.269,172.163,4.604,6.293,1,1,1.0
153,54,527.986,440.081,5.532,3.832,1,1,1.0
153,55,555.732,442.028,4.369,4.531,1,1,1.0
153,57,639.526,433.932,4.392,7.953,1,1,1.0
153,59,640.995,112.962,3.940,8.352,1,1,1.0
153,60,660.482,438.715,4.991,6.216,1,1,1.0
153,61,626.098,240.895,4.360,9.181,1,1,1.0
153,62,658.617,414.200,5.326,7.171,1,1,1.0
153,63,661.468,440.566,5.737,6.110,1,1,1.0
153,66,653.645,438.640,4.991,6.216,1,1,1.0
153,6366,33.405,411.535,4.780,8.004,1,1,1.0
153,6367,10.023,438.759,5.000,6.000,1,1,1.0
153,6368,48.597,196.644,6.235,6.002,1,1,1.0
153,6369,6.174,63.489,5.000,6.000,1,1,1.0
153,6370,61.463,376.208,4.815,7.546,1,1,1.0
153,6372,21.023,433.935,5.618,8.538,1,1,1.0
153,6373,48.060,440.367,8.380,5.766,1,1,1.0
153,6388,261.702,328.323,4.597,8.659,1,1,1.0
153,6389,290.233,206.863,3.775,9.069,1,1,1.0
153,6390,295.541,408.781,4.945,7.411,1,1,1.0
153,6391,310.184,177.740,3.988,8.068,1,1,1.0
153,6392,280.393,406.219,7.400,6.336,1,1,1.0
153,6393,273.670,441.603,7.536,3.952,1,1,1.0
154,18,130.146,438.417,5.024,6.125,1,1,1.0
154,20,172.126,438.648,6.193,6.701,1,1,1.0
154,22,143.032,393.171,3.841,9.039,1,1,1.0
154,29,145.039,440.344,5.396,6.575,1,1,1.0
154,40,427.485,351.528,5.052,8.172,1,1,1.0
154,41,371.304,290.818,4.462,8.345,1,1,1.0
154,42,388.543,378.269,7.204,5.230,1,1,1.0
154,43,407.796,396.929,4.037,8.480,1,1,1.0
154,44,423.376,61.543,4.434,9.394,1,1,1.0
154,45,502.030,261.274,4.220,9.037,1,1,1.0
154,47,517.856,440.223,4.528,3.998,1,1,1.0
154,48,524.372,318.926,7.069,5.109,1,1,1.0
154,49,556.511,320.143,4.523,8.665,1,1,1.0
154,50,553.593,167.456,4.033,7.724,1,1,1.0
154,54,527.088,440.133,5.488,3.821,1,1,1.0
154,55,555.761,441.959,4.360,4.664,1,1,1.0
154,57,639.442,433.606,4.430,7.815,1,1,1.0
154,59,639.354,110.022,4.173,9.081,1,1,1.0
154,60,660.717,439.086,4.991,6.216,1,1,1.0
154,61,626.621,238.850,4.127,8.852,1,1,1.0
154,62,659.422,413.946,5.284,7.042,1,1,1.0
154,63,662.900,441.276,4.774,5.983,1,1,1.0
154,6366,33.450,411.363,4.905,8.489,1,1,1.0
154,6367,9.615,438.078,5.000,6.000,1,1,1.0
154,6368,50.472,194.444,5.899,7.239,1,1,1.0
154,6370,61.334,375.774,4.820,7.833,1,1,1.0
154,6372,20.512,433.442,5.422,8.538,1,1,1.0
154,6373,48.213,440.292,8.323,6.603,1,1,1.0
154,6388,271.949,440.979,6.991,4.374,1,1,1.0
154,6389,294.431,406.799,4.732,7.381,1,1,1.0
154,6390,310.143,175.931,3.915,8.062,1,1,1.0
154,6392,290.277,204.930,3.801,8.945,1,1,1.0
154,6393,280.908,405.881,6.258,6.907,1,1,1.0
155,18,127.426,438.210,6.659,6.681,1,1,1.0
155,20,171.938,438.527,6.239,6.659,1,1,1.0
155,22,142.677,391.168,3.755,8.836,1,1,1.0
155,25,155.883,441.501,5.687,6.784,1,1,1.0
155,29,144.551,439.763,6.437,5.955,1,1,1.0
155,40,427.699,351.540,4.874,8.214,1,1,1.0
155,41,371.294,290.232,4.396,8.556,1,1,1.0
155,42,388.523,377.941,7.180,5.272,1,1,1.0
155,43,407.906,395.188,4.141,8.388,1,1,1.0
155,44,423.356,58.924,4.277,10.343,1,1,1.0
155,45,501.519,258.589,4.158,9.151,1,1,1.0
155,47,517.443,439.983,5.152,4.177,1,1,1.0
155,48,526.065,317.126,7.503,5.464,1,1,1.0
155,49,556.172,318.845,4.555,9.250,1,1,1.0
155,50,552.993,166.844,4.495,8.135,1,1,1.0
155,54,524.831,439.501,5.521,4.107,1,1,1.0
155,55,555.733,441.841,4.377,4.779,1,1,1.0
155,57,639.740,433.112,4.370,7.855,1,1,1.0
155,58,659.546,440.519,7.631,6.259,1,1,1.0
155,59,638.672,107.051,4.597,8.650,1,1,1.0
155,60,662.515,438.773,4.991,6.216,1,1,1.0
155,61,626.674,236.806,4.298,9.474,1,1,1.0
155,62,660.055,411.955,5.625,7.240,1,1,1.0
155,63,662.790,442.902,4.991,6.216,1,1,1.0
155,66,660.768,438.621,4.991,6.216,1,1,1.0
155,6366,33.383,411.417,4.937,8.426,1,1,1.0
155,6367,10.023,438.418,5.000,6.000,1,1,1.0
155,6368,41.165,426.650,8.706,7.428,1,1,1.0
155,6369,6.174,55.509,5.000,6.000,1,1,1.0
155,6370,51.864,193.032,5.918,7.285,1,1,1.0
155,6372,20.187,433.300,4.989,8.824,1,1,1.0
155,6373,44.433,427.466,5.000,6.000,1,1,1.0
155,6389,270.358,440.520,6.069,4.500,1,1,1.0
155,6390,281.976,405.444,5.409,7.411,1,1,1.0
155,6391,290.495,202.997,3.776,8.701,1,1,1.0
155,6392,263.286,324.770,4.447,8.263,1,1,1.0
156,18,126.924,438.768,7.549,5.314,1,1,1.0
156,20,169.986,438.430,8.045,6.672,1,1,1.0
156,22,142.581,389.137,3.889,8.951,1,1,1.0
156,29,144.331,439.262,6.115,5.746,1,1,1.0
156,40,428.392,351.614,4.568,8.759,1,1,1.0
156,41,371.202,290.122,4.376,8.406,1,1,1.0
156,42,389.439,377.673,7.687,5.312,1,1,1.0
156,43,408.368,393.173,4.005,8.684,1,1,1.0
156,44,423.132,57.457,4.181,9.487,1,1,1.0
156,45,501.226,256.105,4.128,8.610,1,1,1.0
156,47,517.301,440.043,4.901,4.214,1,1,1.0
156,48,528.408,316.190,6.615,5.277,1,1,1.0
156,49,555.536,318.065,4.910,8.289,1,1,1.0
156,50,553.107,166.502,4.619,7.997,1,1,1.0
156,54,524.609,439.502,5.371,4.094,1,1,1.0
156,55,555.698,441.863,4.382,4.722,1,1,1.0
156,57,639.694,432.194,4.427,8.322,1,1,1.0
156,58,659.143,440.490,7.861,6.813,1,1,1.0
156,59,638.234,104.575,4.193,8.572,1,1,1.0
156,60,660.411,438.383,4.991,6.216,1,1,1.0
156,61,626.608,234.531,4.607,9.449,1,1,1.0
156,62,660.610,410.981,5.654,7.056,1,1,1.0
156,63,662.671,442.783,4.991,6.216,1,1,1.0
156,6366,33.557,411.452,5.038,8.278,1,1,1.0
156,6367,9.274,438.486,5.000,6.000,1,1,1.0
156,6368,53.283,191.311,6.304,7.470,1,1,1.0
156,6370,61.355,375.232,5.118,8.112,1,1,1.0
156,6372,20.440,432.937,4.921,8.815,1,1,1.0
156,6373,13.084,390.412,6.930,5.354,1,1,1.0
156,6389,282.483,404.343,4.921,8.468,1,1,1.0
156,6390,290.183,200.634,3.805,8.764,1,1,1.0
156,6391,293.063,402.534,4.530,8.429,1,1,1.0
156,6392,268.417,440.318,6.661,4.270,1,1,1.0
156,6393,263.907,323.190,4.513,8.181,1,1,1.0
157,18,128.116,438.791,6.548,5.910,1,1,1.0
157,20,169.615,437.494,7.977,7.318,1,1,1.0
157,22,142.436,387.257,3.885,9.297,1,1,1.0
157,29,144.600,439.736,5.815,5.996,1,1,1.0
157,40,428.495,351.747,4.418,8.814,1,1,1.0
157,41,371.200,290.075,4.404,8.469,1,1,1.0
157,42,391.730,377.060,7.392,4.797,1,1,1.0
157,43,408.667,391.890,4.042,9.135,1,1,1.0
157,44,422.995,54.812,4.066,9.542,1,1,1.0
157,45,500.168,253.903,3.993,8.559,1,1,1.0
157,47,517.303,440.088,4.805,4.215,1,1,1.0
157,48,530.438,314.982,6.997,5.315,1,1,1.0
157,49,555.204,316.512,4.814,7.707,1,1,1.0
157,50,553.116,165.964,4.464,8.361,1,1,1.0
157,54,524.707,439.542,5.286,4.064,1,1,1.0
157,55,555.742,442.018,4.353,4.588,1,1,1.0
157,57,639.898,431.369,4.291,8.337,1,1,1.0
157,58,659.870,440.207,6.436,7.396,1,1,1.0
157,59,637.548,101.889,4.221,8.030,1,1,1.0
157,60,661.420,437.992,4.991,6.216,1,1,1.0
157,61,626.795,232.558,4.534,9.119,1,1,1.0
157,62,661.981,409.835,5.456,6.857,1,1,1.0
157,63,662.195,442.902,4.991,6.216,1,1,1.0
157,66,659.341,440.048,4.991,6.216,1,1,1.0
157,6366,33.676,411.534,4.969,8.196,1,1,1.0
157,6367,9.887,438.350,5.000,6.000,1,1,1.0
157,6368,55.652,189.507,5.475,7.016,1,1,1.0
157,6370,61.544,375.220,5.068,8.022,1,1,1.0
157,6372,20.138,432.694,4.791,8.840,1,1,1.0
157,6373,22.747,394.210,3.962,6.672,1,1,1.0
157,6388,264.203,321.029,4.672,8.738,1,1,1.0
157,6389,290.636,198.851,3.838,8.733,1,1,1.0
157,6390,291.803,399.197,5.555,9.745,1,1,1.0
157,6391,310.570,172.681,4.181,7.685,1,1,1.0
157,6392,282.100,404.179,5.053,8.595,1,1,1.0
157,6393,266.894,440.083,7.147,4.189,1,1,1.0
158,18,128.499,438.897,6.135,5.875,1,1,1.0
158,20,169.715,436.798,7.846,7.809,1,1,1.0
158,22,142.376,385.383,3.768,8.781,1,1,1.0
158,29,144.714,439.777,5.998,5.886,1,1,1.0
158,40,428.445,352.206,4.520,8.744,1,1,1.0
158,41,371.256,290.319,4.301,8.437,1,1,1.0
158,42,393.160,376.604,7.458,5.043,1,1,1.0
158,43,408.915,390.385,3.959,8.558,1,1,1.0
158,44,422.781,52.552,4.200,9.542,1,1,1.0
158,45,499.687,251.467,4.086,8.204,1,1,1.0
158,47,517.175,440.072,4.760,4.242,1,1,1.0
158,48,532.972,313.375,6.525,5.031,1,1,1.0
158,49,554.512,314.869,4.860,7.599,1,1,1.0
158,50,553.128,164.461,4.286,8.209,1,1,1.0
158,54,524.881,439.555,5.082,4.046,1,1,1.0
158,55,555.672,442.058,4.402,4.519,1,1,1.0
158,57,639.940,430.221,4.353,8.415,1,1,1.0
158,58,660.662,439.801,5.362,7.629,1,1,1.0
158,59,636.611,101.542,4.132,6.328,1,1,1.0
158,60,659.387,438.461,4.991,6.216,1,1,1.0
158,61,626.968,230.291,4.668,9.486,1,1,1.0
158,62,662.751,408.931,5.257,6.770,1,1,1.0
158,63,661.838,443.021,4.991,6.216,1,1,1.0
158,66,661.375,438.045,4.991,6.216,1,1,1.0
158,6366,33.584,411.799,4.839,8.251,1,1,1.0
158,6367,9.547,438.895,5.000,6.000,1,1,1.0
158,6368,57.187,187.068,5.546,7.741,1,1,1.0
158,6370,61.453,375.261,5.078,8.035,1,1,1.0
158,6372,20.156,432.598,4.918,8.987,1,1,1.0
158,6373,17.724,414.466,4.826,7.079,1,1,1.0
158,6388,264.889,319.124,4.453,8.904,1,1,1.0
158,6389,290.854,196.880,3.799,8.731,1,1,1.0
158,6390,291.403,398.364,4.847,7.867,1,1,1.0
158,6391,311.101,171.283,3.930,7.880,1,1,1.0
158,6392,281.780,404.380,4.919,8.410,1,1,1.0
158,6393,265.713,440.108,6.326,4.328,1,1,1.0
159,18,129.272,439.080,5.613,5.834,1,1,1.0
159,20,171.647,436.579,5.978,7.575,1,1,1.0
159,22,142.500,383.091,3.526,8.637,1,1,1.0
159,25,165.650,438.413,7.059,5.965,1,1,1.0
159,29,145.326,439.798,5.713,6.126,1,1,1.0
159,40,428.024,352.138,5.013,8.502,1,1,1.0
159,41,371.284,290.414,4.264,8.682,1,1,1.0
159,42,395.304,375.887,7.460,5.150,1,1,1.0
159,43,409.464,388.054,3.893,8.339,1,1,1.0
159,44,423.010,50.464,3.945,10.457,1,1,1.0
159,45,498.678,249.131,4.465,7.998,1,1,1.0
159,47,516.880,440.361,4.880,4.037,1,1,1.0
159,48,535.152,311.702,5.829,5.925,1,1,1.0
159,49,553.868,313.649,4.916,7.896,1,1,1.0
159,50,553.009,162.717,4.265,8.072,1,1,1.0
159,54,525.607,439.891,4.904,3.957,1,1,1.0
159,55,555.529,442.102,4.456,4.457,1,1,1.0
159,57,640.047,430.041,4.323,8.397,1,1,1.0
159,58,661.274,439.939,5.385,7.683,1,1,1.0
159,60,660.247,438.148,4.991,6.216,1,1,1.0
159,61,627.602,228.290,4.687,9.418,1,1,1.0
159,62,663.880,407.594,5.053,6.732,1,1,1.0
159,63,661.838,443.497,4.991,6.216,1,1,1.0
159,66,662.207,438.164,4.991,6.216,1,1,1.0
159,6366,33.887,411.896,4.788,8.500,1,1,1.0
159,6367,9.358,438.632,5.000,6.000,1,1,1.0
159,6368,59.587,185.478,5.385,7.014,1,1,1.0
159,6370,61.471,375.186,5.077,8.114,1,1,1.0
159,6372,19.995,432.542,4.956,9.239,1,1,1.0
159,6373,23.748,423.515,4.738,5.657,1,1,1.0
159,6388,282.104,405.107,4.486,7.677,1,1,1.0
159,6389,291.503,395.991,4.666,8.043,1,1,1.0
159,6390,311.367,169.991,3.872,7.506,1,1,1.0
159,6392,290.896,195.461,3.949,8.660,1,1,1.0
159,6393,265.671,317.793,4.939,8.656,1,1,1.0
160,18,129.802,439.010,5.398,6.004,1,1,1.0
160,20,171.458,436.938,6.096,7.119,1,1,1.0
160,22,143.081,380.943,3.800,8.996,1,1,1.0
160,25,164.533,438.966,6.010,4.626,1,1,1.0
160,40,427.972,352.212,5.074,8.136,1,1,1.0
160,41,371.497,290.513,4.232,8.670,1,1,1.0
160,42,397.274,376.312,7.549,4.879,1,1,1.0
160,43,410.701,386.750,3.567,8.320,1,1,1.0
160,44,423.032,47.964,3.940,9.413,1,1,1.0
160,45,497.560,247.500,4.762,7.153,1,1,1.0
160,47,516.752,440.577,4.291,4.363,1,1,1.0
160,48,536.802,309.251,4.943,7.472,1,1,1.0
160,49,552.873,311.688,5.290,7.762,1,1,1.0
160,50,553.542,160.808,4.040,8.608,1,1,1.0
160,54,526.713,440.235,4.297,3.916,1,1,1.0
160,55,555.517,442.080,4.458,4.415,1,1,1.0
160,57,640.407,429.634,4.174,8.698,1,1,1.0
160,58,661.441,439.921,5.683,7.701,1,1,1.0
160,60,659.856,438.539,4.991,6.216,1,1,1.0
160,61,628.461,226.546,4.614,9.471,1,1,1.0
160,62,664.108,406.328,5.275,7.031,1,1,1.0
160,63,660.530,443.616,4.991,6.216,1,1,1.0
160,66,662.921,438.521,4.991,6.216,1,1,1.0
160,6366,32.331,427.008,5.924,6.969,1,1,1.0
160,6367,9.756,438.333,5.000,6.000,1,1,1.0
160,6368,60.655,183.639,5.239,6.944,1,1,1.0
160,6370,61.458,375.246,5.055,8.057,1,1,1.0
160,6372,19.992,432.113,4.292,8.774,1,1,1.0
160,6373,33.724,411.541,4.712,8.237,1,1,1.0
160,6388,263.166,440.080,6.272,4.205,1,1,1.0
160,6389,282.183,405.098,4.484,7.784,1,1,1.0
160,6390,291.162,193.799,3.748,8.810,1,1,1.0
160,6391,291.063,394.065,4.657,8.012,1,1,1.0
160,6392,266.454,316.067,4.666,8.692,1,1,1.0
161,18,129.625,438.882,5.600,6.009,1,1,1.0
161,20,171.611,436.950,6.076,7.109,1,1,1.0
161,22,143.478,379.103,3.831,8.935,1,1,1.0
161,25,164.299,438.941,6.181,4.904,1,1,1.0
161,40,428.006,352.242,5.249,8.036,1,1,1.0
161,41,372.152,291.155,4.487,8.232,1,1,1.0
161,42,397.734,376.364,7.365,4.728,1,1,1.0
161,43,410.949,384.932,3.528,8.874,1,1,1.0
161,44,422.960,46.736,4.050,9.344,1,1,1.0
161,45,496.926,245.521,4.528,7.443,1,1,1.0
161,47,516.679,440.226,4.146,4.502,1,1,1.0
161,48,537.135,306.686,4.537,8.682,1,1,1.0
161,49,551.980,310.597,5.429,7.523,1,1,1.0
161,50,553.885,159.085,3.999,8.338,1,1,1.0
161,54,528.004,440.176,4.304,3.930,1,1,1.0
161,55,555.478,442.076,4.476,4.398,1,1,1.0
161,57,640.528,429.533,4.070,8.707,1,1,1.0
161,60,660.326,438.226,4.991,6.216,1,1,1.0
161,61,628.548,224.793,4.513,9.345,1,1,1.0
161,62,664.627,405.846,5.482,7.156,1,1,1.0
161,63,659.460,442.664,4.991,6.216,1,1,1.0
161,66,663.278,438.402,4.991,6.216,1,1,1.0
161,6366,33.701,411.568,4.706,8.299,1,1,1.0
161,6367,8.561,438.532,5.000,6.000,1,1,1.0
161,6368,61.435,375.277,5.063,8.045,1,1,1.0
161,6369,12.477,46.093,4.214,6.252,1,1,1.0
161,6370,62.294,182.025,4.815,7.204,1,1,1.0
161,6372,19.823,432.139,4.564,8.550,1,1,1.0
161,6373,33.129,425.306,6.162,6.945,1,1,1.0
161,6388,267.065,314.692,4.409,8.805,1,1,1.0
161,6389,290.601,392.785,4.520,7.857,1,1,1.0
161,6390,291.180,191.567,3.819,8.593,1,1,1.0
161,6391,312.423,166.423,3.681,7.446,1,1,1.0
161,6392,282.401,405.310,4.459,7.620,1,1,1.0
161,6393,261.693,440.155,6.447,4.152,1,1,1.0
162,18,129.182,438.851,6.055,5.989,1,1,1.0
162,20,170.887,436.816,5.950,7.468,1,1,1.0
162,22,143.670,377.162,4.041,8.716,1,1,1.0
162,25,163.961,438.871,6.282,4.875,1,1,1.0
162,40,427.799,352.085,5.453,8.054,1,1,1.0
162,41,370.633,297.799,5.518,7.753,1,1,1.0
162,42,400.056,376.625,7.785,4.488,1,1,1.0
162,43,411.502,382.270,3.600,8.622,1,1,1.0
162,44,423.378,44.457,4.322,9.639,1,1,1.0
162,45,495.652,243.330,4.178,7.690,1,1,1.0
162,47,516.836,439.916,3.968,4.800,1,1,1.0
162,48,537.543,303.967,4.421,9.068,1,1,1.0
162,49,551.401,308.947,5.326,7.467,1,1,1.0
162,50,553.916,157.702,4.029,8.488,1,1,1.0
162,54,528.908,440.095,4.428,4.179,1,1,1.0
162,55,555.552,442.060,4.381,4.523,1,1,1.0
162,57,640.508,429.257,4.180,8.713,1,1,1.0
162,60,660.169,438.773,4.991,6.216,1,1,1.0
162,61,628.898,222.499,4.485,9.321,1,1,1.0
162,62,665.444,405.020,5.290,7.194,1,1,1.0
162,63,656.962,443.140,4.991,6.216,1,1,1.0
162,66,663.159,438.283,4.991,6.216,1,1,1.0
162,6366,32.894,424.871,6.318,6.760,1,1,1.0
162,6367,8.361,438.433,5.000,6.000,1,1,1.0
162,6368,63.647,179.584,5.122,7.500,1,1,1.0
162,6369,13.103,43.406,3.586,7.879,1,1,1.0
162,6370,61.452,375.249,5.148,8.073,1,1,1.0
162,6372,19.544,432.256,4.324,8.590,1,1,1.0
162,6373,33.892,411.674,4.683,8.521,1,1,1.0
162,6388,267.499,313.624,4.849,8.517,1,1,1.0
162,6389,290.425,391.282,4.564,7.334,1,1,1.0
162,6390,291.203,189.740,3.843,8.537,1,1,1.0
162,6391,312.603,165.026,3.722,7.466,1,1,1.0
162,6392,282.511,405.312,4.479,7.918,1,1,1.0
162,6393,260.501,440.294,6.235,4.485,1,1,1.0
163,18,128.804,438.858,6.565,5.915,1,1,1.0
163,20,171.311,436.291,5.883,7.873,1,1,1.0
163,22,144.094,375.828,3.733,8.273,1,1,1.0
163,25,164.942,439.012,5.772,4.998,1,1,1.0
163,29,158.833,440.209,6.868,5.822,1,1,1.0
163,40,427.831,352.094,5.458,8.033,1,1,1.0
163,41,371.296,296.998,4.581,8.442,1,1,1.0
163,42,402.133,376.827,8.023,4.693,1,1,1.0
163,43,412.009,380.653,3.909,8.676,1,1,1.0
163,44,423.730,42.880,4.268,9.073,1,1,1.0
163,45,494.841,241.558,4.127,6.741,1,1,1.0
163,47,517.050,439.597,4.015,4.780,1,1,1.0
163,48,537.865,301.490,4.451,9.279,1,1,1.0
163,49,549.923,307.364,5.731,7.319,1,1,1.0
163,50,554.338,157.018,3.998,7.967,1,1,1.0
163,54,528.736,439.971,5.268,4.069,1,1,1.0
163,55,555.522,442.121,4.380,4.462,1,1,1.0
163,57,640.617,428.800,4.059,8.560,1,1,1.0
163,58,661.279,439.995,6.787,6.100,1,1,1.0
163,60,660.091,439.164,4.991,6.216,1,1,1.0
163,61,629.823,220.342,4.774,9.140,1,1,1.0
163,62,665.957,403.586,5.236,7.271,1,1,1.0
163,63,656.567,444.745,5.602,4.401,1,1,1.0
163,66,661.851,438.521,4.991,6.216,1,1,1.0
163,6366,32.372,425.915,5.878,7.444,1,1,1.0
163,6367,9.557,438.831,5.000,6.000,1,1,1.0
163,6368,65.004,177.952,4.506,7.384,1,1,1.0
163,6369,13.091,42.476,3.976,7.871,1,1,1.0
163,6370,61.471,374.757,4.843,8.219,1,1,1.0
163,6372,19.682,432.658,4.437,8.459,1,1,1.0
163,6373,34.123,411.696,4.721,8.146,1,1,1.0
163,6388,267.945,311.742,4.528,8.116,1,1,1.0
163,6389,291.817,187.819,3.830,8.575,1,1,1.0
163,6390,290.573,390.465,4.422,7.872,1,1,1.0
163,6391,312.947,162.792,3.709,7.250,1,1,1.0
163,6392,282.549,405.294,4.443,7.944,1,1,1.0
163,6393,259.928,439.891,5.930,4.779,1,1,1.0
164,18,128.616,438.987,6.586,5.820,1,1,1.0
164,20,171.188,436.477,5.788,7.723,1,1,1.0
164,22,144.858,373.679,3.573,8.817,1,1,1.0
164,25,163.922,439.337,6.360,4.915,1,1,1.0
164,40,427.754,351.722,5.554,7.708,1,1,1.0
164,41,370.943,296.775,4.324,8.572,1,1,1.0
164,42,404.631,377.090,8.018,4.927,1,1,1.0
164,43,411.885,378.975,4.001,8.556,1,1,1.0
164,44,423.815,40.998,4.296,9.385,1,1,1.0
164,45,494.213,239.698,4.056,6.419,1,1,1.0
164,47,517.189,439.299,4.051,5.019,1,1,1.0
164,48,537.837,298.349,4.315,9.909,1,1,1.0
164,49,549.077,306.236,5.581,7.289,1,1,1.0
164,50,554.697,156.439,3.883,8.118,1,1,1.0
164,54,529.168,439.682,5.868,4.134,1,1,1.0
164,55,555.534,442.119,4.332,4.477,1,1,1.0
164,57,640.694,428.568,4.187,8.336,1,1,1.0
164,58,661.334,440.063,6.757,6.008,1,1,1.0
164,60,659.465,438.930,4.991,6.216,1,1,1.0
164,61,629.931,218.520,4.981,8.699,1,1,1.0
164,62,666.713,402.417,5.011,7.465,1,1,1.0
164,63,655.980,444.912,5.698,4.401,1,1,1.0
164,66,662.564,438.997,4.991,6.216,1,1,1.0
164,6366,33.991,411.627,4.764,8.559,1,1,1.0
164,6367,8.860,438.831,5.000,6.000,1,1,1.0
164,6368,65.678,176.435,4.287,7.216,1,1,1.0
164,6369,13.631,40.683,4.219,8.149,1,1,1.0
164,6370,61.503,374.409,4.624,8.113,1,1,1.0
164,6372,19.628,433.049,4.385,8.683,1,1,1.0
164,6373,33.082,422.368,6.385,9.030,1,1,1.0
164,6388,282.633,405.276,4.357,7.877,1,1,1.0
164,6389,291.290,185.745,3.926,8.728,1,1,1.0
164,6390,313.365,160.408,3.685,7.337,1,1,1.0
164,6392,290.568,389.849,4.414,8.130,1,1,1.0
164,6393,269.057,309.726,4.291,8.443,1,1,1.0
165,18,128.862,438.909,6.448,6.352,1,1,1.0
165,20,172.185,436.319,5.888,7.773,1,1,1.0
165,22,145.329,371.258,3.697,8.854,1,1,1.0
165,25,162.411,438.979,9.706,5.666,1,1,1.0
165,40,422.142,344.562,5.038,6.891,1,1,1.0
165,41,370.876,296.407,4.340,8.785,1,1,1.0
165,42,404.817,377.011,7.784,4.792,1,1,1.0
165,43,412.037,377.564,4.540,8.440,1,1,1.0
165,44,424.221,38.661,4.861,9.219,1,1,1.0
165,45,493.734,237.640,3.905,7.062,1,1,1.0
165,47,516.757,439.684,4.163,4.728,1,1,1.0
165,48,537.333,296.942,3.883,8.770,1,1,1.0
165,49,548.204,305.001,6.088,7.348,1,1,1.0
165,50,554.864,155.680,3.825,8.165,1,1,1.0
165,54,530.390,439.650,5.777,4.128,1,1,1.0
165,55,555.474,442.135,4.351,4.436,1,1,1.0
165,57,640.624,426.951,4.241,8.504,1,1,1.0
165,60,659.622,439.477,4.991,6.216,1,1,1.0
165,61,630.633,216.259,4.889,8.977,1,1,1.0
165,62,667.365,401.699,4.571,7.426,1,1,1.0
165,63,655.150,444.213,5.376,4.826,1,1,1.0
165,66,661.945,440.095,6.198,5.623,1,1,1.0
165,6366,34.053,411.486,4.739,8.256,1,1,1.0
165,6367,9.159,438.632,5.000,6.000,1,1,1.0
165,6368,66.071,174.252,3.678,8.549,1,1,1.0
165,6369,14.420,38.510,4.233,8.732,1,1,1.0
165,6370,61.302,373.949,4.606,8.375,1,1,1.0
165,6372,19.672,432.408,4.729,9.098,1,1,1.0
165,6373,32.751,421.477,6.307,8.538,1,1,1.0
165,6388,269.815,307.450,4.446,8.697,1,1,1.0
165,6389,290.537,389.636,4.402,7.958,1,1,1.0
165,6390,291.641,183.064,3.802,8.726,1,1,1.0
165,6391,313.558,157.948,3.743,7.671,1,1,1.0
165,6392,282.627,405.072,4.267,8.171,1,1,1.0
165,6393,260.564,439.540,4.454,4.664,1,1,1.0
166,18,128.558,439.073,6.845,6.422,1,1,1.0
166,20,171.878,436.285,6.371,7.605,1,1,1.0
166,22,145.691,368.596,3.801,8.985,1,1,1.0
166,25,163.545,438.790,9.718,5.958,1,1,1.0
166,40,401.370,322.580,8.541,6.131,1,1,1.0
166,41,370.825,296.154,4.400,8.953,1,1,1.0
166,42,399.963,380.613,3.808,5.394,1,1,1.0
166,43,413.034,375.694,4.084,8.627,1,1,1.0
166,44,424.801,36.815,4.534,9.405,1,1,1.0
166,45,493.232,235.328,3.734,7.119,1,1,1.0
166,47,515.972,440.320,5.023,4.465,1,1,1.0
166,48,536.669,294.363,4.227,8.896,1,1,1.0
166,49,547.992,304.082,5.856,7.463,1,1,1.0
166,50,554.872,155.707,3.811,8.139,1,1,1.0
166,54,531.103,439.680,6.861,4.320,1,1,1.0
166,55,555.502,442.094,4.446,4.523,1,1,1.0
166,57,640.810,426.737,3.979,8.487,1,1,1.0
166,60,661.956,440.100,6.229,4.912,1,1,1.0
166,61,631.581,214.532,5.094,8.580,1,1,1.0
166,62,667.969,400.681,4.591,7.351,1,1,1.0
166,63,653.661,443.910,5.087,4.974,1,1,1.0
166,66,664.229,438.640,4.991,6.216,1,1,1.0
166,6366,33.550,411.579,4.869,8.476,1,1,1.0
166,6367,9.657,438.732,5.000,6.000,1,1,1.0
166,6368,65.656,171.669,3.573,8.761,1,1,1.0
166,6369,15.529,36.622,3.827,7.708,1,1,1.0
166,6370,61.045,373.349,4.617,8.583,1,1,1.0
166,6372,19.569,432.090,4.096,9.052,1,1,1.0
166,6373,32.382,420.801,5.743,7.413,1,1,1.0
166,6388,270.097,305.243,4.518,8.885,1,1,1.0
166,6389,290.676,389.829,5.624,11.375,1,1,1.0
166,6390,291.597,181.507,3.893,8.700,1,1,1.0
166,6391,313.554,155.860,3.732,7.359,1,1,1.0
166,6392,291.953,394.776,5.000,6.000,1,1,1.0
166,6393,261.031,439.570,4.196,5.166,1,1,1.0
167,18,128.564,438.848,6.694,6.678,1,1,1.0
167,20,171.811,436.226,6.357,7.549,1,1,1.0
167,22,145.984,366.562,3.607,8.687,1,1,1.0
167,25,164.565,437.677,9.050,6.717,1,1,1.0
167,40,377.158,316.735,4.224,8.404,1,1,1.0
167,41,370.824,296.150,4.336,8.896,1,1,1.0
167,42,408.531,404.951,5.520,7.830,1,1,1.0
167,43,412.752,375.680,4.182,8.865,1,1,1.0
167,44,424.761,35.561,4.802,9.182,1,1,1.0
167,45,493.230,233.103,3.740,7.151,1,1,1.0
167,47,514.567,440.648,5.649,4.728,1,1,1.0
167,48,536.344,291.763,4.184,8.958,1,1,1.0
167,49,547.016,302.327,6.070,8.230,1,1,1.0
167,50,545.069,149.630,5.949,6.974,1,1,1.0
167,54,532.487,439.364,6.574,4.764,1,1,1.0
167,55,555.539,442.137,4.451,4.639,1,1,1.0
167,57,641.248,425.968,3.904,8.663,1,1,1.0
167,60,660.718,440.336,7.485,4.911,1,1,1.0
167,61,632.168,212.543,5.237,8.007,1,1,1.0
167,62,668.082,399.551,4.911,6.878,1,1,1.0
167,63,651.260,444.139,6.674,5.130,1,1,1.0
167,66,663.634,438.521,4.991,6.216,1,1,1.0
167,6366,33.129,412.288,5.677,11.446,1,1,1.0
167,6367,9.258,438.532,5.000,6.000,1,1,1.0
167,6368,64.710,169.364,3.861,9.149,1,1,1.0
167,6369,16.169,34.518,4.481,8.812,1,1,1.0
167,6370,60.968,373.411,4.634,8.339,1,1,1.0
167,6372,19.642,432.141,4.155,9.078,1,1,1.0
167,6373,32.083,419.602,5.370,8.776,1,1,1.0
167,6388,270.843,303.517,4.419,8.652,1,1,1.0
167,6389,291.643,179.280,3.811,8.584,1,1,1.0
167,6390,290.280,389.573,4.564,7.604,1,1,1.0
167,6391,313.634,153.757,3.780,7.393,1,1,1.0
167,6392,294.625,370.682,4.057,8.135,1,1,1.0
167,6393,261.292,439.540,4.138,4.647,1,1,1.0
168,18,128.752,438.783,6.208,6.494,1,1,1.0
168,20,173.876,435.841,5.163,7.885,1,1,1.0
168,22,145.927,363.930,3.660,9.308,1,1,1.0
168,25,166.740,436.246,7.208,7.736,1,1,1.0
168,40,376.771,316.456,4.296,8.239,1,1,1.0
168,41,370.738,296.179,4.349,8.853,1,1,1.0
168,42,416.801,431.079,4.652,7.655,1,1,1.0
168,43,412.951,375.719,4.121,8.753,1,1,1.0
168,44,426.031,34.157,4.668,8.769,1,1,1.0
168,45,492.491,230.986,3.874,7.703,1,1,1.0
168,47,512.430,441.202,6.003,4.284,1,1,1.0
168,48,535.729,289.133,3.979,8.790,1,1,1.0
168,49,547.192,301.604,5.573,8.115,1,1,1.0
168,50,533.540,134.558,5.348,5.700,1,1,1.0
168,54,533.753,439.174,7.078,4.689,1,1,1.0
168,55,555.618,442.240,4.033,4.457,1,1,1.0
168,57,640.464,427.451,3.692,9.028,1,1,1.0
168,60,659.985,440.206,8.165,4.957,1,1,1.0
168,61,633.373,210.629,5.474,8.233,1,1,1.0
168,62,669.122,398.695,4.758,6.897,1,1,1.0
168,63,646.639,444.129,9.203,5.284,1,1,1.0
168,66,664.229,438.521,4.991,6.216,1,1,1.0
168,6366,60.718,373.109,4.596,8.224,1,1,1.0
168,6367,9.458,438.732,5.000,6.000,1,1,1.0
168,6369,16.852,33.379,4.514,7.775,1,1,1.0
168,6370,63.746,167.315,4.011,8.547,1,1,1.0
168,6372,20.024,432.137,4.029,9.027,1,1,1.0
168,6373,32.746,412.829,5.092,13.262,1,1,1.0
168,6388,290.315,389.720,4.356,7.799,1,1,1.0
168,6389,293.297,368.828,3.495,8.701,1,1,1.0
168,6390,292.154,178.062,3.796,8.500,1,1,1.0
168,6392,313.782,152.119,3.907,7.342,1,1,1.0
168,6393,271.336,301.664,4.347,8.401,1,1,1.0
169,18,128.555,438.718,6.565,6.364,1,1,1.0
169,20,179.400,440.296,6.654,5.040,1,1,1.0
169,22,145.900,361.856,3.895,9.047,1,1,1.0
169,25,166.725,436.263,8.183,7.399,1,1,1.0
169,27,143.625,439.334,7.774,5.566,1,1,1.0
169,40,376.729,316.235,4.252,8.245,1,1,1.0
169,41,370.784,296.156,4.408,8.813,1,1,1.0
169,42,407.952,432.551,4.147,6.968,1,1,1.0
169,43,413.200,375.638,4.269,8.386,1,1,1.0
169,44,426.680,31.858,4.708,8.761,1,1,1.0
169,45,492.364,228.404,3.864,7.990,1,1,1.0
169,47,510.638,441.910,6.369,4.482,1,1,1.0
169,48,535.344,286.772,3.927,9.247,1,1,1.0
169,49,546.660,300.193,5.466,8.542,1,1,1.0
169,50,548.580,131.735,3.821,7.646,1,1,1.0
169,54,534.922,439.487,7.657,4.385,1,1,1.0
169,55,555.488,442.126,4.205,4.674,1,1,1.0
169,57,636.898,443.350,3.799,5.024,1,1,1.0
169,60,659.609,440.088,8.099,4.932,1,1,1.0
169,61,634.212,208.818,5.720,8.063,1,1,1.0
169,62,669.304,397.580,5.019,7.260,1,1,1.0
169,63,643.891,444.063,8.427,5.008,1,1,1.0
169,66,664.588,438.207,4.991,6.216,1,1,1.0
169,6366,32.481,412.809,5.446,11.744,1,1,1.0
169,6367,9.358,438.433,5.000,6.000,1,1,1.0
169,6368,62.833,165.031,4.079,8.092,1,1,1.0
169,6369,18.205,30.996,4.743,8.329,1,1,1.0
169,6370,60.644,372.864,4.585,8.085,1,1,1.0
169,6372,19.930,431.879,4.579,9.421,1,1,1.0
169,6373,31.635,416.991,5.000,6.000,1,1,1.0
169,6388,271.816,299.665,4.371,8.759,1,1,1.0
169,6389,292.158,176.454,3.766,8.406,1,1,1.0
169,6390,290.227,389.713,4.372,7.538,1,1,1.0
169,6391,313.936,150.595,3.765,7.637,1,1,1.0
169,6392,293.128,369.109,3.411,8.798,1,1,1.0
169,6393,262.660,438.923,4.260,4.721,1,1,1.0
170,18,128.601,438.939,6.133,6.049,1,1,1.0
170,20,179.614,441.730,6.792,4.456,1,1,1.0
170,22,145.946,360.117,3.799,8.736,1,1,1.0
170,25,166.991,436.068,7.568,7.292,1,1,1.0
170,27,142.429,439.530,7.278,5.118,1,1,1.0
170,40,377.200,315.521,4.117,7.839,1,1,1.0
170,41,370.837,296.183,4.366,8.684,1,1,1.0
170,42,380.176,439.835,5.154,6.099,1,1,1.0
170,43,413.432,374.866,4.495,8.453,1,1,1.0
170,44,426.777,30.409,4.637,8.447,1,1,1.0
170,45,492.451,225.431,3.855,8.143,1,1,1.0
170,47,510.225,441.860,6.958,4.233,1,1,1.0
170,48,534.790,284.833,4.108,8.958,1,1,1.0
170,49,546.472,298.999,5.139,8.381,1,1,1.0
170,50,542.747,151.040,5.943,7.582,1,1,1.0
170,54,536.318,439.536,6.775,4.221,1,1,1.0
170,55,554.860,442.351,4.793,4.306,1,1,1.0
170,57,633.508,443.965,5.985,4.259,1,1,1.0
170,60,658.702,440.057,8.818,4.994,1,1,1.0
170,61,635.130,206.769,6.013,7.813,1,1,1.0
170,62,669.716,396.331,4.906,7.487,1,1,1.0
170,63,643.161,444.091,8.008,4.705,1,1,1.0
170,66,663.533,439.555,4.991,6.216,1,1,1.0
170,6366,34.106,411.721,5.000,6.000,1,1,1.0
170,6367,9.159,437.835,5.000,6.000,1,1,1.0
170,6368,61.118,162.860,4.624,8.154,1,1,1.0
170,6369,20.485,431.927,4.296,8.877,1,1,1.0
170,6370,60.343,372.675,4.673,8.213,1,1,1.0
170,6372,20.115,29.548,5.580,8.399,1,1,1.0
170,6373,32.272,412.532,5.642,9.800,1,1,1.0
170,6388,272.490,297.978,4.424,8.735,1,1,1.0
170,6389,292.073,174.621,3.848,8.459,1,1,1.0
170,6390,290.294,389.717,4.338,7.492,1,1,1.0
170,6391,313.927,149.213,3.800,7.585,1,1,1.0
170,6392,293.179,368.782,3.414,8.826,1,1,1.0
170,6393,263.341,438.544,4.312,4.808,1,1,1.0
171,18,129.011,438.911,6.478,5.998,1,1,1.0
171,20,178.960,441.281,6.974,5.100,1,1,1.0
171,22,146.147,357.752,3.655,8.996,1,1,1.0
171,25,167.395,435.507,7.124,7.594,1,1,1.0
171,29,169.690,438.765,7.782,5.653,1,1,1.0
171,40,377.301,313.152,4.152,8.352,1,1,1.0
171,41,370.766,296.246,4.504,8.838,1,1,1.0
171,42,383.235,440.607,6.328,5.444,1,1,1.0
171,43,414.675,373.753,5.076,7.598,1,1,1.0
171,44,427.611,29.171,4.864,8.615,1,1,1.0
171,45,492.513,223.114,3.920,7.872,1,1,1.0
171,47,509.836,441.711,6.716,4.445,1,1,1.0
171,48,535.164,281.681,3.797,9.249,1,1,1.0
171,49,545.993,297.657,5.002,8.211,1,1,1.0
171,50,541.990,178.807,4.296,8.260,1,1,1.0
171,54,537.614,439.448,6.515,4.392,1,1,1.0
171,55,554.745,442.334,4.933,4.331,1,1,1.0
171,57,633.759,443.743,6.220,4.511,1,1,1.0
171,60,659.798,440.054,8.103,5.096,1,1,1.0
171,61,636.181,205.232,6.065,8.006,1,1,1.0
171,62,669.987,395.325,5.061,7.195,1,1,1.0
171,63,643.057,443.717,7.998,4.855,1,1,1.0
171,66,663.787,438.246,4.991,6.216,1,1,1.0
171,6366,33.941,412.462,5.000,6.000,1,1,1.0
171,6367,12.256,436.338,4.698,4.735,1,1,1.0
171,6368,59.754,160.337,4.886,8.541,1,1,1.0
171,6369,21.275,28.976,5.923,6.630,1,1,1.0
171,6370,59.885,372.179,4.858,8.547,1,1,1.0
171,6372,21.132,432.623,4.045,8.269,1,1,1.0
171,6373,31.925,412.181,4.886,9.094,1,1,1.0
171,6388,272.663,296.142,4.332,8.521,1,1,1.0
171,6389,292.728,172.675,3.814,8.645,1,1,1.0
171,6390,290.251,389.728,4.533,7.307,1,1,1.0
171,6391,314.040,147.806,3.704,7.629,1,1,1.0
171,6392,293.196,368.796,3.431,8.908,1,1,1.0
171,6393,263.811,438.348,4.118,4.766,1,1,1.0
172,18,129.625,439.559,6.878,5.414,1,1,1.0
172,20,179.275,441.075,6.882,5.232,1,1,1.0
172,22,146.061,356.079,3.497,9.034,1,1,1.0
172,25,167.632,434.689,6.454,8.193,1,1,1.0
172,27,143.117,438.183,8.994,5.358,1,1,1.0
172,29,169.242,437.595,7.015,6.392,1,1,1.0
172,40,377.467,311.017,4.096,8.493,1,1,1.0
172,41,370.861,296.040,4.465,9.034,1,1,1.0
172,42,383.417,440.754,7.509,4.697,1,1,1.0
172,43,415.574,372.526,5.195,7.581,1,1,1.0
172,44,428.480,27.172,4.750,8.496,1,1,1.0
172,45,492.327,220.619,3.875,7.935,1,1,1.0
172,47,509.491,441.503,6.684,4.557,1,1,1.0
172,48,535.624,279.417,3.892,9.256,1,1,1.0
172,49,545.408,296.435,5.225,8.184,1,1,1.0
172,50,537.290,220.883,4.790,7.808,1,1,1.0
172,54,539.595,439.515,7.292,4.415,1,1,1.0
172,55,554.674,442.153,5.123,4.370,1,1,1.0
172,57,633.725,443.250,4.943,5.103,1,1,1.0
172,60,656.710,438.637,4.991,6.216,1,1,1.0
172,61,637.270,203.342,6.008,7.764,1,1,1.0
172,62,670.555,394.873,5.115,7.157,1,1,1.0
172,63,643.153,443.539,7.888,5.002,1,1,1.0
172,66,663.474,438.363,4.991,6.216,1,1,1.0
172,6366,34.023,412.544,5.000,6.000,1,1,1.0
172,6367,27.038,434.859,3.765,7.182,1,1,1.0
172,6368,58.391,157.732,4.730,8.501,1,1,1.0
172,6369,24.098,27.783,5.986,6.222,1,1,1.0
172,6370,59.481,371.468,4.812,8.442,1,1,1.0
172,6372,21.798,431.889,3.948,9.108,1,1,1.0
172,6373,32.035,412.183,5.355,9.021,1,1,1.0
172,6388,272.877,294.207,4.317,8.973,1,1,1.0
172,6389,292.691,171.194,3.904,8.408,1,1,1.0
172,6390,290.171,389.772,4.534,7.294,1,1,1.0
172,6391,314.129,146.229,3.802,7.672,1,1,1.0
172,6392,293.194,369.008,3.556,8.720,1,1,1.0
172,6393,264.171,438.006,3.987,4.533,1,1,1.0
173,18,129.354,439.024,7.060,6.056,1,1,1.0
173,20,179.307,440.744,5.677,4.607,1,1,1.0
173,22,146.158,354.123,3.509,8.645,1,1,1.0
173,25,167.913,434.570,6.399,8.116,1,1,1.0
173,27,143.974,438.061,7.333,5.694,1,1,1.0
173,40,377.565,309.135,4.378,8.110,1,1,1.0
173,41,370.747,296.053,4.597,9.099,1,1,1.0
173,42,383.605,440.753,7.731,4.666,1,1,1.0
173,43,416.636,371.075,5.191,7.436,1,1,1.0
173,44,428.698,25.451,4.804,8.992,1,1,1.0
173,45,492.367,217.321,3.797,7.805,1,1,1.0
173,47,509.389,441.436,6.473,4.424,1,1,1.0
173,48,536.076,278.044,4.489,8.806,1,1,1.0
173,49,544.957,295.503,5.267,8.274,1,1,1.0
173,50,537.775,234.853,4.608,7.326,1,1,1.0
173,54,541.150,439.587,7.309,4.327,1,1,1.0
173,55,554.541,442.153,5.101,4.322,1,1,1.0
173,57,634.448,442.113,4.524,6.268,1,1,1.0
173,60,656.476,438.871,4.991,6.216,1,1,1.0
173,61,638.583,201.186,5.520,8.091,1,1,1.0
173,62,670.843,394.641,5.538,6.834,1,1,1.0
173,63,643.650,443.681,7.590,4.993,1,1,1.0
173,66,664.110,438.402,4.991,6.216,1,1,1.0
173,6366,34.270,412.050,5.000,6.000,1,1,1.0
173,6367,43.057,433.724,3.868,6.931,1,1,1.0
173,6368,56.862,156.234,5.023,7.499,1,1,1.0
173,6369,25.561,26.595,6.006,6.113,1,1,1.0
173,6370,58.877,370.493,4.940,8.225,1,1,1.0
173,6372,21.211,431.855,3.737,8.477,1,1,1.0
173,6373,31.950,412.139,5.333,9.103,1,1,1.0
173,6388,273.728,292.166,3.950,8.819,1,1,1.0
173,6389,293.259,168.699,3.642,8.446,1,1,1.0
173,6390,290.180,389.761,4.440,7.284,1,1,1.0
173,6391,314.028,143.798,3.834,7.909,1,1,1.0
173,6392,293.301,369.293,4.178,7.567,1,1,1.0
173,6393,263.025,438.400,4.571,4.289,1,1,1.0
174,18,129.202,439.069,7.059,5.936,1,1,1.0
174,20,179.679,440.262,5.809,4.404,1,1,1.0
174,22,145.991,351.991,3.702,8.818,1,1,1.0
174,25,169.032,434.902,6.128,7.996,1,1,1.0
174,27,144.987,436.878,6.938,6.665,1,1,1.0
174,40,377.552,307.325,4.330,8.257,1,1,1.0
174,41,370.961,295.313,4.571,8.997,1,1,1.0
174,42,383.679,440.672,7.591,4.671,1,1,1.0
174,43,418.075,369.858,6.097,6.860,1,1,1.0
174,44,429.366,23.674,4.459,8.693,1,1,1.0
174,45,492.258,214.403,3.824,7.946,1,1,1.0
174,47,509.464,441.333,6.237,4.588,1,1,1.0
174,48,536.842,276.574,5.461,7.756,1,1,1.0
174,49,544.334,294.992,5.229,7.905,1,1,1.0
174,50,540.129,263.240,6.770,6.753,1,1,1.0
174,54,542.467,439.646,6.891,4.568,1,1,1.0
174,55,554.686,442.019,4.813,4.444,1,1,1.0
174,57,634.552,442.186,4.215,6.312,1,1,1.0
174,58,662.406,440.163,5.553,5.128,1,1,1.0
174,60,656.737,414.763,2.786,8.501,1,1,1.0
174,61,639.420,199.573,4.607,8.656,1,1,1.0
174,62,671.575,393.842,5.169,6.750,1,1,1.0
174,63,647.500,443.913,5.757,5.042,1,1,1.0
174,66,664.586,438.997,4.991,6.216,1,1,1.0
174,6366,33.941,412.050,5.000,6.000,1,1,1.0
174,6367,43.456,414.433,5.981,6.805,1,1,1.0
174,6368,54.913,153.727,4.868,7.776,1,1,1.0
174,6369,27.293,25.546,6.460,5.765,1,1,1.0
174,6370,58.185,369.640,5.212,8.138,1,1,1.0
174,6372,21.553,431.328,3.748,8.529,1,1,1.0
174,6373,31.969,411.880,5.197,8.986,1,1,1.0
174,6388,290.237,389.710,4.440,7.589,1,1,1.0
174,6389,294.258,368.614,5.138,7.316,1,1,1.0
174,6390,293.814,167.431,3.791,8.444,1,1,1.0
174,6392,313.820,142.309,3.876,7.688,1,1,1.0
174,6393,273.719,290.535,3.982,8.865,1,1,1.0
175,18,129.532,439.208,6.903,5.863,1,1,1.0
175,20,179.474,440.548,5.332,5.045,1,1,1.0
175,22,145.676,350.475,3.832,9.039,1,1,1.0
175,25,168.358,435.486,6.116,7.358,1,1,1.0
175,27,146.123,436.333,5.895,7.575,1,1,1.0
175,29,178.655,413.287,6.226,8.885,1,1,1.0
175,40,376.892,306.024,4.258,8.330,1,1,1.0
175,41,384.549,280.152,4.343,8.439,1,1,1.0
175,42,383.711,440.640,7.617,4.722,1,1,1.0
175,43,419.368,368.333,5.910,6.767,1,1,1.0
175,44,429.406,21.806,4.158,9.151,1,1,1.0
175,45,492.340,211.544,3.840,7.818,1,1,1.0
175,47,509.245,441.389,6.297,4.555,1,1,1.0
175,48,537.946,276.047,5.058,7.292,1,1,1.0
175,49,544.157,294.451,5.269,8.503,1,1,1.0
175,54,544.121,439.675,5.658,4.461,1,1,1.0
175,55,554.841,441.960,4.629,4.497,1,1,1.0
175,57,632.241,442.445,6.079,5.913,1,1,1.0
175,60,651.455,408.499,5.583,5.303,1,1,1.0
175,61,639.783,196.765,4.453,8.870,1,1,1.0
175,62,671.773,392.836,5.338,6.724,1,1,1.0
175,63,648.306,443.685,5.295,5.139,1,1,1.0
175,66,662.014,440.154,6.106,4.626,1,1,1.0
175,6366,33.859,413.203,5.000,6.000,1,1,1.0
175,6367,48.807,389.120,6.541,6.136,1,1,1.0
175,6368,53.507,151.139,5.343,8.147,1,1,1.0
175,6369,28.330,24.902,6.672,5.977,1,1,1.0
175,6370,56.969,368.574,5.858,8.233,1,1,1.0
175,6372,21.689,431.615,3.689,8.596,1,1,1.0
175,6373,31.994,411.139,5.336,8.951,1,1,1.0
175,6388,273.891,288.390,4.065,9.301,1,1,1.0
175,6389,293.808,165.285,3.715,8.433,1,1,1.0
175,6390,290.065,389.706,4.519,7.667,1,1,1.0
175,6391,313.796,141.129,3.985,7.504,1,1,1.0
175,6392,294.962,369.088,5.569,6.436,1,1,1.0
175,6393,259.431,438.108,5.629,4.230,1,1,1.0
176,18,129.824,439.538,6.834,5.495,1,1,1.0
176,20,179.491,440.856,5.540,4.897,1,1,1.0
176,22,145.206,348.708,3.890,8.608,1,1,1.0
176,25,167.963,435.374,6.039,8.119,1,1,1.0
176,27,149.161,437.392,6.204,7.011,1,1,1.0
176,29,182.468,387.799,7.001,3.972,1,1,1.0
176,40,376.899,305.831,4.379,8.528,1,1,1.0
176,41,391.548,252.437,3.975,7.120,1,1,1.0
176,42,383.725,440.673,7.631,4.675,1,1,1.0
176,43,420.848,366.819,6.157,7.029,1,1,1.0
176,44,429.257,20.079,3.775,8.936,1,1,1.0
176,45,492.426,208.436,3.937,7.978,1,1,1.0
176,47,509.206,441.332,6.046,4.348,1,1,1.0
176,48,538.542,274.949,5.501,7.545,1,1,1.0
176,49,544.463,294.402,5.309,8.376,1,1,1.0
176,50,524.117,315.864,6.812,6.216,1,1,1.0
176,54,544.611,440.210,4.695,4.205,1,1,1.0
176,55,554.985,441.900,4.421,4.497,1,1,1.0
176,57,632.048,442.075,7.598,4.358,1,1,1.0
176,60,635.462,407.536,6.432,6.804,1,1,1.0
176,61,640.068,194.530,4.249,9.099,1,1,1.0
176,62,672.638,391.761,5.126,6.879,1,1,1.0
176,63,649.584,443.142,5.457,4.470,1,1,1.0
176,66,662.194,440.210,5.838,4.695,1,1,1.0
176,6366,33.632,412.956,5.000,6.000,1,1,1.0
176,6367,49.125,384.012,5.465,6.472,1,1,1.0
176,6368,51.414,148.377,5.344,8.038,1,1,1.0
176,6369,29.117,25.069,7.095,5.560,1,1,1.0
176,6370,55.852,367.436,5.442,7.605,1,1,1.0
176,6372,21.060,430.944,3.619,8.855,1,1,1.0
176,6373,32.220,410.846,5.436,8.905,1,1,1.0
176,6388,274.487,286.433,4.247,9.207,1,1,1.0
176,6389,294.094,164.043,3.571,8.515,1,1,1.0
176,6390,290.078,389.749,4.462,7.658,1,1,1.0
176,6391,313.784,139.785,3.926,7.832,1,1,1.0
176,6392,295.893,369.582,6.360,5.330,1,1,1.0
176,6393,257.813,437.821,5.659,4.520,1,1,1.0
177,18,129.675,439.626,6.969,5.628,1,1,1.0
177,20,179.606,441.045,5.600,4.981,1,1,1.0
177,22,144.996,347.463,3.828,8.632,1,1,1.0
177,25,168.030,435.613,6.671,7.351,1,1,1.0
177,27,145.872,438.904,5.980,6.016,1,1,1.0
177,29,175.787,394.449,6.252,5.593,1,1,1.0
177,40,376.901,305.772,4.415,8.548,1,1,1.0
177,41,382.760,244.692,4.564,7.077,1,1,1.0
177,42,383.735,440.686,7.649,4.688,1,1,1.0
177,43,422.443,365.703,5.964,6.604,1,1,1.0
177,44,428.522,18.099,4.255,9.076,1,1,1.0
177,45,492.216,205.580,4.001,8.035,1,1,1.0
177,47,509.176,441.383,6.003,4.373,1,1,1.0
177,48,539.717,273.227,5.343,7.826,1,1,1.0
177,49,544.283,294.437,5.340,8.184,1,1,1.0
177,50,502.309,318.051,4.120,6.920,1,1,1.0
177,54,544.464,440.484,4.318,4.187,1,1,1.0
177,55,555.037,441.968,4.352,4.424,1,1,1.0
177,57,631.815,442.329,7.504,4.296,1,1,1.0
177,60,631.422,412.042,4.293,5.982,1,1,1.0
177,61,640.382,192.962,4.109,9.094,1,1,1.0
177,62,673.058,391.173,5.292,6.723,1,1,1.0
177,63,650.465,443.615,6.190,4.223,1,1,1.0
177,66,662.237,440.267,5.740,4.682,1,1,1.0
177,6366,33.776,413.697,5.000,6.000,1,1,1.0
177,6367,40.288,407.119,4.380,8.821,1,1,1.0
177,6368,50.105,145.693,5.162,8.282,1,1,1.0
177,6369,30.580,25.745,7.661,4.759,1,1,1.0
177,6370,55.205,366.131,5.330,7.853,1,1,1.0
177,6372,21.095,431.159,3.517,8.797,1,1,1.0
177,6373,32.572,408.971,4.908,10.596,1,1,1.0
177,6388,274.252,284.850,4.214,8.951,1,1,1.0
177,6389,294.552,162.111,3.693,8.398,1,1,1.0
177,6390,290.236,389.841,4.436,7.643,1,1,1.0
177,6391,314.098,138.336,3.985,7.748,1,1,1.0
177,6392,297.201,370.189,6.307,3.939,1,1,1.0
177,6393,256.021,437.183,6.117,4.449,1,1,1.0
178,18,129.659,439.273,6.935,5.878,1,1,1.0
178,20,179.762,441.487,5.450,4.812,1,1,1.0
178,22,144.514,344.999,3.813,9.036,1,1,1.0
178,25,168.499,434.840,6.230,8.554,1,1,1.0
178,27,146.144,438.508,6.017,6.413,1,1,1.0
178,29,178.732,418.908,4.410,7.914,1,1,1.0
178,40,376.799,305.544,4.444,8.624,1,1,1.0
178,41,374.210,271.612,8.040,6.363,1,1,1.0
178,42,383.791,440.652,7.622,4.724,1,1,1.0
178,43,423.885,363.932,5.647,6.669,1,1,1.0
178,44,428.228,16.809,4.128,9.134,1,1,1.0
178,45,492.169,202.395,3.993,8.379,1,1,1.0
178,47,509.223,441.409,6.068,4.250,1,1,1.0
178,48,541.196,271.343,5.166,7.236,1,1,1.0
178,49,544.278,294.424,5.291,8.215,1,1,1.0
178,50,501.867,317.929,4.377,8.040,1,1,1.0
178,54,544.487,440.887,3.764,4.291,1,1,1.0
178,55,555.037,442.128,4.291,4.462,1,1,1.0
178,57,631.720,442.462,6.981,4.200,1,1,1.0
178,60,637.268,428.355,3.981,6.388,1,1,1.0
178,61,640.395,190.676,4.221,8.930,1,1,1.0
178,62,673.593,389.906,5.291,6.737,1,1,1.0
178,63,652.034,443.562,6.489,4.410,1,1,1.0
178,66,662.254,440.256,5.797,4.439,1,1,1.0
178,6366,32.385,25.938,7.905,4.825,1,1,1.0
178,6367,37.095,430.582,4.098,7.515,1,1,1.0
178,6368,48.641,142.997,5.142,8.441,1,1,1.0
178,6369,34.906,412.365,5.350,8.217,1,1,1.0
178,6370,53.849,364.158,5.193,8.234,1,1,1.0
178,6372,20.645,431.069,3.981,8.793,1,1,1.0
178,6373,31.929,408.085,4.534,11.460,1,1,1.0
178,6388,274.532,282.406,4.218,8.988,1,1,1.0
178,6389,294.540,159.828,3.808,8.626,1,1,1.0
178,6390,290.261,389.877,4.339,7.598,1,1,1.0
178,6391,314.127,136.629,3.870,8.138,1,1,1.0
178,6392,298.573,370.667,6.343,4.324,1,1,1.0
178,6393,255.247,437.263,6.010,4.505,1,1,1.0
179,18,129.291,439.066,7.414,6.202,1,1,1.0
179,20,179.817,440.565,5.140,4.892,1,1,1.0
179,22,143.891,343.324,4.005,8.740,1,1,1.0
179,25,168.978,434.588,6.018,8.418,1,1,1.0
179,40,376.600,305.471,4.092,8.487,1,1,1.0
179,41,406.949,300.846,8.045,7.408,1,1,1.0
179,42,384.292,440.568,7.597,4.821,1,1,1.0
179,43,425.507,362.538,5.657,6.567,1,1,1.0
179,44,428.315,16.335,4.297,8.826,1,1,1.0
179,45,492.323,199.725,3.976,8.072,1,1,1.0
179,47,509.211,441.386,6.053,4.203,1,1,1.0
179,48,542.774,268.900,4.876,7.414,1,1,1.0
179,49,544.218,294.385,5.316,8.188,1,1,1.0
179,50,501.826,317.738,4.617,8.063,1,1,1.0
179,54,544.377,440.937,3.679,4.277,1,1,1.0
179,55,555.231,442.209,4.127,4.406,1,1,1.0
179,57,631.677,442.397,7.046,4.148,1,1,1.0
179,60,640.892,428.415,4.524,6.485,1,1,1.0
179,61,640.713,188.675,3.987,8.854,1,1,1.0
179,62,673.693,388.820,5.830,6.553,1,1,1.0
179,63,652.747,443.569,7.335,4.747,1,1,1.0
179,66,662.576,440.191,5.448,4.626,1,1,1.0
179,6366,33.467,412.254,5.211,7.696,1,1,1.0
179,6367,34.183,26.211,7.552,4.865,1,1,1.0
179,6368,47.390,140.041,5.209,8.257,1,1,1.0
179,6369,35.074,439.937,4.193,5.134,1,1,1.0
179,6370,52.802,363.017,4.997,7.899,1,1,1.0
179,6372,19.933,431.863,3.395,8.785,1,1,1.0
179,6373,31.323,405.978,3.730,9.871,1,1,1.0
179,6388,275.125,280.082,4.146,9.498,1,1,1.0
179,6389,294.922,157.542,3.989,8.811,1,1,1.0
179,6390,290.454,389.924,4.335,7.716,1,1,1.0
179,6391,313.991,135.478,4.029,8.058,1,1,1.0
179,6392,299.719,371.594,6.316,4.563,1,1,1.0
179,6393,254.952,437.228,5.500,4.823,1,1,1.0
180,18,129.547,439.049,7.221,6.417,1,1,1.0
180,20,181.239,436.512,5.323,8.738,1,1,1.0
180,22,143.580,342.272,3.914,8.625,1,1,1.0
180,25,168.671,435.298,5.618,7.944,1,1,1.0
180,40,376.813,305.440,4.147,8.526,1,1,1.0
180,41,423.484,309.638,4.560,8.450,1,1,1.0
180,42,385.374,440.952,7.304,4.936,1,1,1.0
180,43,426.924,361.248,5.271,6.154,1,1,1.0
180,44,428.297,16.346,4.262,8.810,1,1,1.0
180,45,492.392,196.312,3.979,7.994,1,1,1.0
180,47,509.112,441.450,6.175,4.290,1,1,1.0
180,48,544.257,267.334,4.875,7.241,1,1,1.0
180,49,544.279,294.422,5.249,8.128,1,1,1.0
180,50,501.991,317.294,4.521,7.949,1,1,1.0
180,54,543.764,441.310,3.834,4.161,1,1,1.0
180,55,554.847,442.586,4.443,4.126,1,1,1.0
180,57,631.528,442.785,6.567,4.096,1,1,1.0
180,60,647.218,439.597,4.881,5.271,1,1,1.0
180,61,641.106,186.886,4.302,8.580,1,1,1.0
180,62,674.520,387.888,5.643,6.737,1,1,1.0
180,63,656.384,443.598,6.090,4.176,1,1,1.0
180,66,662.222,440.123,5.872,4.661,1,1,1.0
180,6366,33.188,412.116,5.304,7.871,1,1,1.0
180,6367,35.735,440.346,3.924,4.767,1,1,1.0
180,6368,46.262,137.504,4.947,8.397,1,1,1.0
180,6369,35.523,26.077,7.780,4.812,1,1,1.0
180,6370,52.024,361.388,5.135,7.833,1,1,1.0
180,6372,18.716,432.371,3.596,8.057,1,1,1.0
180,6373,30.710,404.466,4.132,9.124,1,1,1.0
180,6388,290.461,389.983,4.233,7.521,1,1,1.0
180,6389,301.752,371.991,5.981,4.830,1,1,1.0
180,6390,295.359,156.374,4.078,8.661,1,1,1.0
180,6392,314.055,133.825,3.964,8.217,1,1,1.0
180,6393,274.922,278.466,4.109,9.017,1,1,1.0
181,18,129.303,439.059,7.378,6.223,1,1,1.0
181,20,179.766,439.358,5.083,5.626,1,1,1.0
181,22,142.478,340.359,4.061,8.440,1,1,1.0
181,25,169.228,435.067,5.411,7.743,1,1,1.0
181,40,376.960,305.288,4.020,8.610,1,1,1.0
181,41,423.861,309.426,4.435,9.265,1,1,1.0
181,42,386.914,440.873,7.178,4.659,1,1,1.0
181,43,427.934,360.602,5.455,5.994,1,1,1.0
181,44,428.454,16.883,4.339,8.414,1,1,1.0
181,45,492.300,193.167,3.888,8.297,1,1,1.0
181,47,508.994,441.618,6.120,4.301,1,1,1.0
181,48,545.400,265.510,4.892,7.264,1,1,1.0
181,49,544.345,294.540,5.122,8.048,1,1,1.0
181,50,501.890,316.760,4.613,8.013,1,1,1.0
181,54,543.673,441.183,3.828,4.175,1,1,1.0
181,55,555.060,442.567,4.303,4.115,1,1,1.0
181,57,631.656,443.521,6.607,4.319,1,1,1.0
181,59,615.698,53.716,4.356,4.974,1,1,1.0
181,60,652.830,439.282,4.779,4.992,1,1,1.0
181,61,641.525,184.850,4.822,9.019,1,1,1.0
181,62,675.290,387.500,5.259,6.397,1,1,1.0
181,63,656.375,442.643,6.128,5.072,1,1,1.0
181,66,661.606,440.635,6.261,4.956,1,1,1.0
181,6366,33.117,412.293,5.335,7.833,1,1,1.0
181,6367,35.906,440.012,4.321,5.166,1,1,1.0
181,6368,44.829,134.745,4.809,8.306,1,1,1.0
181,6369,37.213,25.189,7.837,5.141,1,1,1.0
181,6370,51.029,359.577,4.872,7.726,1,1,1.0
181,6372,19.294,431.353,3.895,8.813,1,1,1.0
181,6373,30.631,403.212,3.922,8.970,1,1,1.0
181,6388,275.077,276.382,4.062,9.068,1,1,1.0
181,6389,295.466,154.156,4.073,8.816,1,1,1.0
181,6390,290.394,390.121,4.209,7.634,1,1,1.0
181,6391,314.101,132.284,3.871,8.422,1,1,1.0
181,6392,303.482,372.993,5.643,5.402,1,1,1.0
181,6393,254.056,437.573,5.499,4.945,1,1,1.0
182,18,129.347,439.059,7.423,6.231,1,1,1.0
182,20,178.763,439.573,6.643,5.059,1,1,1.0
182,22,141.684,339.412,4.248,8.759,1,1,1.0
182,25,169.616,435.006,5.097,7.885,1,1,1.0
182,40,376.964,305.252,3.984,8.527,1,1,1.0
182,41,423.993,309.337,4.387,9.293,1,1,1.0
182,42,388.795,441.081,7.330,4.722,1,1,1.0
182,43,428.642,360.127,5.221,6.349,1,1,1.0
182,44,428.717,17.092,4.669,8.274,1,1,1.0
182,45,492.275,189.941,3.953,8.472,1,1,1.0
182,47,508.938,441.660,6.091,4.372,1,1,1.0
182,48,546.726,263.569,4.620,7.643,1,1,1.0
182,49,544.269,294.589,5.271,8.017,1,1,1.0
182,50,501.969,315.102,4.420,8.259,1,1,1.0
182,54,543.584,441.144,3.934,4.194,1,1,1.0
182,55,554.995,442.521,4.334,4.159,1,1,1.0
182,57,631.656,443.351,6.812,4.574,1,1,1.0
182,59,615.395,51.838,3.884,6.538,1,1,1.0
182,60,663.868,431.974,4.713,5.580,1,1,1.0
182,61,642.315,182.437,4.664,8.613,1,1,1.0
182,62,675.711,386.414,5.590,6.532,1,1,1.0
182,63,660.173,443.616,4.991,6.216,1,1,1.0
182,66,662.408,441.325,5.939,5.431,1,1,1.0
182,6366,33.216,412.075,5.210,7.974,1,1,1.0
182,6367,35.137,440.575,4.335,4.506,1,1,1.0
182,6368,44.040,132.429,5.000,8.228,1,1,1.0
182,6369,39.594,24.149,7.916,5.371,1,1,1.0
182,6370,49.722,357.952,4.858,8.185,1,1,1.0
182,6372,18.037,433.826,4.247,7.687,1,1,1.0
182,6373,29.534,400.490,3.979,9.484,1,1,1.0
182,6388,290.349,390.095,4.244,7.664,1,1,1.0
182,6389,304.496,373.506,5.750,5.391,1,1,1.0
182,6390,295.672,152.128,4.044,8.873,1,1,1.0
182,6392,314.153,130.692,3.927,8.369,1,1,1.0
182,6393,275.705,274.752,4.147,9.167,1,1,1.0
183,18,129.312,439.029,7.291,6.127,1,1,1.0
183,20,178.604,439.696,6.956,4.904,1,1,1.0
183,22,141.292,338.350,4.294,9.130,1,1,1.0
183,25,169.708,435.330,5.034,7.729,1,1,1.0
183,40,377.090,305.179,4.132,8.495,1,1,1.0
183,41,423.964,309.384,4.440,9.275,1,1,1.0
183,42,389.404,441.103,7.312,4.688,1,1,1.0
183,43,429.870,359.426,5.245,6.549,1,1,1.0
183,44,428.899,17.294,4.852,7.953,1,1,1.0
183,45,491.930,187.244,4.017,8.043,1,1,1.0
183,47,508.829,441.654,6.257,4.333,1,1,1.0
183,48,548.056,261.469,4.652,7.409,1,1,1.0
183,49,544.145,294.604,5.252,8.101,1,1,1.0
183,50,502.292,313.494,4.279,8.168,1,1,1.0
183,54,543.928,441.189,3.741,4.130,1,1,1.0
183,55,555.090,442.442,4.347,4.053,1,1,1.0
183,57,631.726,443.410,6.844,4.633,1,1,1.0
183,59,615.317,49.415,3.773,7.665,1,1,1.0
183,60,668.681,429.031,5.831,4.683,1,1,1.0
183,61,642.706,180.786,4.719,8.829,1,1,1.0
183,62,675.703,385.473,5.455,6.556,1,1,1.0
183,63,662.978,442.780,6.461,5.016,1,1,1.0
183,66,663.278,439.591,4.991,6.216,1,1,1.0
183,6366,33.220,412.161,5.109,7.663,1,1,1.0
183,6367,35.474,440.693,4.332,4.263,1,1,1.0
183,6368,42.493,129.860,4.820,9.053,1,1,1.0
183,6369,40.335,24.991,7.608,5.061,1,1,1.0
183,6370,48.596,356.331,5.122,7.640,1,1,1.0
183,6372,17.909,439.470,4.377,4.925,1,1,1.0
183,6373,29.126,399.511,4.073,8.925,1,1,1.0
183,6388,275.902,272.888,4.189,9.228,1,1,1.0
183,6389,296.133,150.097,3.898,8.651,1,1,1.0
183,6390,290.417,390.052,4.279,7.756,1,1,1.0
183,6391,313.861,129.360,4.012,8.593,1,1,1.0
183,6392,305.498,374.319,5.614,5.195,1,1,1.0
183,6393,254.211,438.380,5.221,5.379,1,1,1.0
184,18,129.641,439.095,6.872,6.137,1,1,1.0
184,20,178.844,439.392,6.800,5.089,1,1,1.0
184,22,141.064,337.677,4.251,8.517,1,1,1.0
184,25,169.982,436.343,5.187,6.796,1,1,1.0
184,27,146.827,440.062,6.771,5.209,1,1,1.0
184,40,377.198,305.185,3.919,8.361,1,1,1.0
184,41,424.061,309.426,4.361,9.227,1,1,1.0
184,42,389.463,441.104,7.189,4.682,1,1,1.0
184,43,431.211,358.823,5.190,5.403,1,1,1.0
184,44,429.166,17.391,4.988,7.554,1,1,1.0
184,45,492.049,184.745,4.097,8.328,1,1,1.0
184,47,508.897,441.689,6.189,4.373,1,1,1.0
184,48,548.763,259.870,4.732,7.396,1,1,1.0
184,49,543.087,292.740,4.608,7.440,1,1,1.0
184,50,502.569,310.941,4.199,8.111,1,1,1.0
184,54,543.964,441.153,3.810,4.171,1,1,1.0
184,55,555.346,442.520,4.164,3.947,1,1,1.0
184,57,631.633,443.399,6.917,4.681,1,1,1.0
184,59,615.035,47.531,3.766,7.466,1,1,1.0
184,60,673.373,439.766,5.705,4.172,1,1,1.0
184,61,643.293,178.766,4.871,8.818,1,1,1.0
184,62,675.710,385.547,5.501,6.422,1,1,1.0
184,63,664.117,443.119,6.422,4.808,1,1,1.0
184,66,662.971,440.579,6.311,4.551,1,1,1.0
184,6366,33.306,412.428,5.039,7.466,1,1,1.0
184,6367,34.854,440.491,4.559,4.709,1,1,1.0
184,6368,41.602,127.039,4.860,9.023,1,1,1.0
184,6369,42.059,25.671,7.666,4.491,1,1,1.0
184,6370,47.641,354.378,4.953,7.848,1,1,1.0
184,6372,15.143,440.401,5.961,4.486,1,1,1.0
184,6373,29.198,398.099,4.064,8.850,1,1,1.0
184,6388,276.358,271.335,4.173,9.289,1,1,1.0
184,6389,296.233,147.927,3.793,8.311,1,1,1.0
184,6390,290.444,390.225,4.354,7.774,1,1,1.0
184,6391,313.965,128.493,3.977,8.221,1,1,1.0
184,6392,306.731,374.890,5.035,5.959,1,1,1.0
184,6393,254.319,438.477,5.435,5.741,1,1,1.0
185,18,129.793,439.141,6.785,6.100,1,1,1.0
185,20,179.027,439.394,6.780,4.982,1,1,1.0
185,22,140.656,336.058,4.294,8.718,1,1,1.0
185,25,169.978,436.168,5.368,6.986,1,1,1.0
185,27,146.752,440.147,6.862,5.307,1,1,1.0
185,40,377.361,304.896,3.962,8.464,1,1,1.0
185,41,424.000,309.396,4.383,9.248,1,1,1.0
185,42,390.597,441.320,7.201,4.488,1,1,1.0
185,43,432.213,357.874,5.197,5.732,1,1,1.0
185,44,429.850,17.541,5.632,6.031,1,1,1.0
185,45,492.201,182.034,4.026,7.885,1,1,1.0
185,47,508.935,441.480,6.351,4.250,1,1,1.0
185,48,549.784,258.304,4.747,7.501,1,1,1.0
185,49,521.364,266.094,3.935,7.851,1,1,1.0
185,50,502.217,309.535,3.961,8.234,1,1,1.0
185,54,544.820,440.886,3.791,4.494,1,1,1.0
185,55,554.436,442.235,5.076,4.229,1,1,1.0
185,57,631.634,443.272,6.457,4.731,1,1,1.0
185,59,614.656,45.067,3.628,8.138,1,1,1.0
185,60,674.234,437.908,5.206,4.456,1,1,1.0
185,61,643.876,177.011,4.807,8.777,1,1,1.0
185,62,676.634,385.166,5.147,6.305,1,1,1.0
185,63,665.322,443.454,6.902,4.894,1,1,1.0
185,66,663.231,440.864,5.704,4.094,1,1,1.0
185,6366,33.397,412.419,4.986,7.455,1,1,1.0
185,6367,34.959,440.554,4.753,4.520,1,1,1.0
185,6368,41.433,123.584,3.935,9.255,1,1,1.0
185,6369,44.239,26.504,7.049,4.459,1,1,1.0
185,6370,46.973,352.823,4.718,7.983,1,1,1.0
185,6372,16.395,440.859,6.028,4.071,1,1,1.0
185,6373,28.769,396.360,4.239,8.923,1,1,1.0
185,6388,277.237,269.771,4.107,9.076,1,1,1.0
185,6389,296.704,146.338,3.577,8.666,1,1,1.0
185,6390,290.539,390.927,4.678,7.448,1,1,1.0
185,6391,313.756,127.540,4.094,8.215,1,1,1.0
185,6392,307.377,375.530,4.642,7.381,1,1,1.0
185,6393,253.779,438.348,5.844,5.556,1,1,1.0
186,18,129.837,439.061,6.555,6.092,1,1,1.0
186,20,179.400,439.390,6.676,4.947,1,1,1.0
186,22,140.323,334.758,4.134,8.729,1,1,1.0
186,25,169.964,436.021,5.522,6.805,1,1,1.0
186,27,146.770,440.236,6.913,5.309,1,1,1.0
186,40,377.369,304.901,3.873,8.441,1,1,1.0
186,41,423.984,309.362,4.356,9.305,1,1,1.0
186,42,391.693,441.372,7.117,4.483,1,1,1.0
186,43,433.511,356.791,4.938,6.083,1,1,1.0
186,44,430.674,17.525,5.128,5.721,1,1,1.0
186,45,492.388,179.731,3.784,7.869,1,1,1.0
186,47,508.985,441.504,6.381,4.286,1,1,1.0
186,48,550.922,257.151,4.543,7.577,1,1,1.0
186,49,511.574,239.259,3.875,7.788,1,1,1.0
186,50,501.950,308.941,4.085,8.246,1,1,1.0
186,54,544.867,440.805,4.850,4.454,1,1,1.0
186,55,554.589,441.713,4.988,4.448,1,1,1.0
186,57,631.527,443.114,6.046,4.919,1,1,1.0
186,59,614.408,43.187,3.602,6.903,1,1,1.0
186,60,675.592,439.350,4.711,4.442,1,1,1.0
186,61,644.943,175.399,4.536,8.397,1,1,1.0
186,62,676.665,385.192,5.134,6.258,1,1,1.0
186,63,666.777,442.502,7.823,4.806,1,1,1.0
186,66,663.066,440.957,7.119,4.250,1,1,1.0
186,6366,33.411,412.253,5.039,7.652,1,1,1.0
186,6367,35.030,440.483,4.769,4.407,1,1,1.0
186,6368,41.861,121.094,3.831,8.543,1,1,1.0
186,6369,46.042,351.098,4.729,7.949,1,1,1.0
186,6370,45.333,27.739,7.371,4.338,1,1,1.0
186,6372,16.406,440.871,6.054,4.069,1,1,1.0
186,6373,28.582,395.212,4.114,8.762,1,1,1.0
186,6388,277.321,267.970,4.194,8.778,1,1,1.0
186,6389,296.624,143.787,3.376,9.121,1,1,1.0
186,6390,290.635,390.958,4.682,7.457,1,1,1.0
186,6391,313.793,127.369,3.997,8.154,1,1,1.0
186,6392,307.812,378.332,4.274,7.958,1,1,1.0
186,6393,252.862,438.766,6.312,5.343,1,1,1.0
187,18,129.603,439.077,6.857,6.007,1,1,1.0
187,20,179.890,439.295,6.651,4.946,1,1,1.0
187,22,139.433,332.677,4.371,8.844,1,1,1.0
187,25,169.702,436.443,6.135,6.198,1,1,1.0
187,27,147.036,440.433,6.566,5.352,1,1,1.0
187,40,377.350,304.942,3.914,8.755,1,1,1.0
187,41,424.128,309.055,4.258,9.402,1,1,1.0
187,42,392.541,441.205,6.670,4.524,1,1,1.0
187,43,434.873,356.039,4.495,5.456,1,1,1.0
187,44,431.407,17.958,5.028,5.261,1,1,1.0
187,45,492.278,177.584,3.790,7.661,1,1,1.0
187,47,508.956,441.502,6.440,4.516,1,1,1.0
187,48,551.716,255.035,4.389,7.292,1,1,1.0
187,49,510.758,214.263,4.700,6.481,1,1,1.0
187,50,501.895,308.272,4.190,8.264,1,1,1.0
187,54,545.779,441.018,5.193,5.193,1,1,1.0
187,55,554.846,440.945,5.129,5.189,1,1,1.0
187,57,630.985,443.058,5.540,5.021,1,1,1.0
187,59,614.181,41.700,3.571,6.903,1,1,1.0
187,60,675.652,440.826,4.991,6.216,1,1,1.0
187,61,645.599,172.781,4.991,8.458,1,1,1.0
187,62,676.762,385.199,5.008,6.351,1,1,1.0
187,63,672.773,442.262,6.832,5.406,1,1,1.0
187,66,663.914,439.601,6.160,5.529,1,1,1.0
187,6366,33.131,412.596,4.981,7.660,1,1,1.0
187,6367,35.262,440.059,5.473,4.579,1,1,1.0
187,6368,42.554,116.896,3.645,9.230,1,1,1.0
187,6369,47.615,28.537,7.454,4.261,1,1,1.0
187,6370,45.224,349.404,4.676,8.258,1,1,1.0
187,6372,17.485,440.178,5.124,4.930,1,1,1.0
187,6373,28.178,393.255,4.265,8.512,1,1,1.0
187,6388,278.010,265.985,3.976,8.886,1,1,1.0
187,6389,296.471,141.825,3.646,9.041,1,1,1.0
187,6390,290.355,390.695,4.421,7.669,1,1,1.0
187,6391,313.522,127.110,3.983,8.419,1,1,1.0
187,6392,307.510,380.253,4.318,7.923,1,1,1.0
187,6393,253.335,438.463,5.933,5.126,1,1,1.0
188,18,129.675,439.120,6.673,6.046,1,1,1.0
188,20,180.415,439.415,6.830,4.881,1,1,1.0
188,22,138.757,331.063,4.330,8.892,1,1,1.0
188,25,169.189,437.641,6.475,5.761,1,1,1.0
188,27,146.593,440.688,7.773,5.893,1,1,1.0
188,29,179.612,439.186,7.374,4.938,1,1,1.0
188,40,376.974,304.707,3.933,8.185,1,1,1.0
188,41,424.288,308.040,4.487,8.848,1,1,1.0
188,42,393.219,440.600,6.210,4.944,1,1,1.0
188,43,435.875,354.438,4.197,5.993,1,1,1.0
188,44,431.646,17.765,5.036,5.287,1,1,1.0
188,45,492.480,175.113,3.817,7.545,1,1,1.0
188,47,508.916,441.489,6.543,4.788,1,1,1.0
188,48,552.276,253.016,4.589,7.634,1,1,1.0
188,49,509.532,209.739,5.711,7.080,1,1,1.0
188,50,501.862,308.261,4.220,8.311,1,1,1.0
188,54,546.688,440.758,5.955,4.935,1,1,1.0
188,55,555.065,440.225,5.283,5.608,1,1,1.0
188,57,630.928,442.560,5.368,5.202,1,1,1.0
188,59,614.237,39.797,3.678,6.798,1,1,1.0
188,60,676.121,441.373,4.991,6.216,1,1,1.0
188,61,646.314,171.212,5.202,8.092,1,1,1.0
188,62,676.954,385.016,4.791,6.201,1,1,1.0
188,63,673.619,442.337,7.979,4.997,1,1,1.0
188,66,664.600,440.097,6.101,5.334,1,1,1.0
188,6366,32.643,413.274,4.956,8.023,1,1,1.0
188,6367,35.405,439.883,5.616,4.768,1,1,1.0
188,6368,43.063,114.172,3.927,8.928,1,1,1.0
188,6369,49.298,28.743,7.358,4.347,1,1,1.0
188,6370,44.451,347.918,4.682,8.540,1,1,1.0
188,6372,16.439,441.155,6.069,4.047,1,1,1.0
188,6373,27.761,391.512,4.163,8.687,1,1,1.0
188,6388,253.194,437.328,6.875,6.240,1,1,1.0
188,6389,290.272,389.869,4.363,7.464,1,1,1.0
188,6390,278.601,263.997,4.107,9.034,1,1,1.0
188,6391,307.468,381.482,4.184,8.709,1,1,1.0
188,6392,296.388,140.347,3.713,9.051,1,1,1.0
189,18,129.947,438.872,6.352,6.365,1,1,1.0
189,22,138.359,329.476,4.266,8.820,1,1,1.0
189,25,169.021,437.343,7.118,6.131,1,1,1.0
189,27,146.490,440.573,8.311,6.266,1,1,1.0
189,29,180.125,439.191,7.145,5.090,1,1,1.0
189,40,377.053,303.609,4.087,8.321,1,1,1.0
189,41,424.848,306.417,4.210,8.813,1,1,1.0
189,42,394.404,440.468,5.856,4.934,1,1,1.0
189,43,436.411,353.297,4.309,5.866,1,1,1.0
189,44,431.821,17.494,5.087,5.351,1,1,1.0
189,45,492.311,172.926,3.846,7.812,1,1,1.0
189,47,508.983,441.460,6.518,4.718,1,1,1.0
189,48,553.007,250.939,4.508,7.557,1,1,1.0
189,49,509.751,208.826,5.331,7.286,1,1,1.0
189,50,501.875,308.233,4.161,8.305,1,1,1.0
189,54,547.677,440.797,6.402,4.780,1,1,1.0
189,55,555.615,440.002,4.911,5.790,1,1,1.0
189,57,630.977,442.202,5.156,5.101,1,1,1.0
189,59,614.066,39.390,4.038,6.203,1,1,1.0
189,60,676.434,441.452,4.991,6.216,1,1,1.0
189,61,647.130,169.470,5.026,8.186,1,1,1.0
189,62,677.062,384.924,4.828,5.909,1,1,1.0
189,63,673.913,442.564,6.814,4.824,1,1,1.0
189,66,664.628,440.654,6.378,4.729,1,1,1.0
189,6366,32.477,414.008,5.302,7.717,1,1,1.0
189,6367,35.564,439.995,5.729,4.781,1,1,1.0
189,6368,43.552,111.095,3.958,8.560,1,1,1.0
189,6369,44.306,346.478,4.732,8.441,1,1,1.0
189,6370,43.514,100.162,5.288,4.551,1,1,1.0
189,6372,17.949,440.383,4.626,5.243,1,1,1.0
189,6373,27.108,389.936,3.987,8.744,1,1,1.0
189,6388,252.761,436.389,7.186,6.814,1,1,1.0
189,6389,290.033,388.615,4.575,7.642,1,1,1.0
189,6390,278.772,261.433,4.286,8.868,1,1,1.0
189,6391,307.664,382.860,3.968,8.507,1,1,1.0
189,6392,296.130,138.240,3.699,9.008,1,1,1.0
190,18,130.264,439.073,6.038,6.189,1,1,1.0
190,22,137.771,328.021,4.288,8.921,1,1,1.0
190,25,168.858,437.413,7.470,5.740,1,1,1.0
190,29,181.836,439.161,5.845,4.953,1,1,1.0
190,40,376.393,301.936,4.389,8.140,1,1,1.0
190,41,425.008,304.770,4.328,8.703,1,1,1.0
190,42,395.073,440.412,5.427,4.924,1,1,1.0
190,43,436.926,351.981,4.090,5.928,1,1,1.0
190,44,432.306,17.163,4.996,5.041,1,1,1.0
190,45,492.320,170.885,3.959,7.643,1,1,1.0
190,47,508.968,441.442,6.479,4.697,1,1,1.0
190,48,553.744,248.740,4.118,7.841,1,1,1.0
190,49,509.561,208.062,5.312,7.382,1,1,1.0
190,50,501.853,307.624,4.176,8.489,1,1,1.0
190,54,548.762,440.521,6.966,5.085,1,1,1.0
190,55,555.879,439.128,4.767,5.858,1,1,1.0
190,57,630.792,442.076,5.217,5.063,1,1,1.0
190,59,614.583,39.218,4.138,5.908,1,1,1.0
190,60,676.590,440.904,4.991,6.216,1,1,1.0
190,61,648.098,167.102,4.858,8.256,1,1,1.0
190,62,677.629,384.248,4.707,5.654,1,1,1.0
190,63,674.227,442.476,5.845,5.176,1,1,1.0
190,66,666.049,441.045,6.502,4.690,1,1,1.0
190,6366,31.809,414.969,4.848,7.950,1,1,1.0
190,6367,35.572,440.117,5.901,4.227,1,1,1.0
190,6368,42.816,98.911,4.800,7.244,1,1,1.0
190,6369,43.918,345.203,4.428,8.857,1,1,1.0
190,6370,43.604,108.791,4.095,8.912,1,1,1.0
190,6372,19.913,440.564,6.328,4.243,1,1,1.0
190,6373,27.091,388.158,3.939,8.862,1,1,1.0
190,6388,252.398,435.311,6.852,7.395,1,1,1.0
190,6389,290.020,387.756,4.563,7.830,1,1,1.0
190,6390,279.901,259.736,4.091,8.978,1,1,1.0
190,6391,308.173,385.117,3.762,8.487,1,1,1.0
190,6392,295.443,136.536,4.083,8.757,1,1,1.0
191,18,130.376,439.116,5.813,6.291,1,1,1.0
191,22,137.736,326.503,4.242,8.380,1,1,1.0
191,25,168.919,437.495,7.357,5.887,1,1,1.0
191,29,181.363,439.152,6.038,4.859,1,1,1.0
191,40,375.642,300.083,4.216,8.021,1,1,1.0
191,41,425.439,302.834,4.304,9.127,1,1,1.0
191,42,395.147,440.404,5.412,4.949,1,1,1.0
191,43,437.379,350.523,4.037,5.967,1,1,1.0
191,44,433.034,16.834,4.689,5.133,1,1,1.0
191,45,492.464,169.023,3.940,7.538,1,1,1.0
191,47,508.899,441.384,6.352,4.677,1,1,1.0
191,48,554.478,246.188,4.063,8.318,1,1,1.0
191,49,509.180,206.837,5.193,7.609,1,1,1.0
191,50,501.530,306.981,4.055,8.247,1,1,1.0
191,54,549.488,439.903,6.298,5.787,1,1,1.0
191,55,555.459,438.345,5.029,6.775,1,1,1.0
191,57,630.234,441.939,4.984,4.872,1,1,1.0
191,59,614.952,38.561,4.441,5.922,1,1,1.0
191,60,676.981,441.452,4.991,6.216,1,1,1.0
191,61,648.783,165.418,5.200,9.017,1,1,1.0
191,62,677.615,384.080,4.694,5.518,1,1,1.0
191,63,673.110,441.841,7.684,5.669,1,1,1.0
191,66,667.587,440.674,7.762,5.194,1,1,1.0
191,6366,30.893,416.591,5.108,8.453,1,1,1.0
191,6367,35.977,439.763,6.359,4.373,1,1,1.0
191,6368,42.988,106.996,3.971,8.212,1,1,1.0
191,6369,54.870,28.415,6.576,4.552,1,1,1.0
191,6370,43.656,343.478,3.911,9.080,1,1,1.0
191,6372,20.206,440.630,6.519,4.045,1,1,1.0
191,6373,27.321,386.575,3.710,9.378,1,1,1.0
191,6388,289.528,386.543,4.532,8.072,1,1,1.0
191,6389,308.508,387.649,3.959,8.342,1,1,1.0
191,6390,295.088,134.954,4.190,8.749,1,1,1.0
191,6392,313.308,127.077,4.003,8.285,1,1,1.0
191,6393,280.273,258.050,4.169,8.712,1,1,1.0
192,18,130.270,439.072,5.906,6.259,1,1,1.0
192,22,137.113,324.902,4.129,8.905,1,1,1.0
192,25,168.607,437.608,7.271,5.488,1,1,1.0
192,27,148.777,439.552,7.837,5.039,1,1,1.0
192,29,182.153,439.255,5.571,4.653,1,1,1.0
192,40,375.203,298.445,4.042,7.421,1,1,1.0
192,41,426.558,301.208,4.536,8.362,1,1,1.0
192,42,395.119,440.473,5.186,4.889,1,1,1.0
192,43,437.645,349.126,3.931,6.460,1,1,1.0
192,44,433.657,16.763,4.398,4.999,1,1,1.0
192,45,492.873,167.175,4.031,7.473,1,1,1.0
192,47,508.898,441.416,6.548,4.641,1,1,1.0
192,48,554.877,243.133,3.856,7.995,1,1,1.0
192,49,509.007,205.875,5.263,7.758,1,1,1.0
192,50,500.994,304.969,4.057,8.239,1,1,1.0
192,54,550.464,439.922,6.534,5.564,1,1,1.0
192,55,556.264,437.965,4.969,7.114,1,1,1.0
192,57,630.169,441.849,5.003,4.986,1,1,1.0
192,59,615.557,38.002,4.790,5.720,1,1,1.0
192,60,676.590,441.608,4.991,6.216,1,1,1.0
192,61,649.296,163.597,5.288,8.449,1,1,1.0
192,62,678.066,383.187,4.713,5.708,1,1,1.0
192,63,673.241,441.605,7.754,5.953,1,1,1.0
192,66,668.818,441.081,6.179,5.290,1,1,1.0
192,6366,30.131,418.523,4.819,8.643,1,1,1.0
192,6367,36.425,439.703,6.254,4.424,1,1,1.0
192,6368,41.568,103.832,4.184,8.819,1,1,1.0
192,6369,56.850,28.619,6.502,4.353,1,1,1.0
192,6370,43.232,342.266,3.845,8.911,1,1,1.0
192,6372,20.161,440.669,6.343,4.033,1,1,1.0
192,6373,27.196,385.216,3.411,9.304,1,1,1.0
192,6388,289.395,385.710,4.403,8.077,1,1,1.0
192,6389,309.023,389.702,4.072,8.238,1,1,1.0
192,6390,294.293,133.102,4.147,8.446,1,1,1.0
192,6392,313.296,127.054,3.945,8.256,1,1,1.0
192,6393,280.354,256.074,4.109,8.785,1,1,1.0
193,18,130.047,439.056,6.006,6.392,1,1,1.0
193,22,136.860,322.954,4.055,8.848,1,1,1.0
193,25,167.976,437.034,7.112,6.084,1,1,1.0
193,27,148.402,439.227,7.831,5.493,1,1,1.0
193,29,182.204,439.170,5.595,4.757,1,1,1.0
193,40,374.203,296.900,4.169,7.135,1,1,1.0
193,41,427.275,300.336,4.841,8.242,1,1,1.0
193,42,394.989,440.656,5.056,4.674,1,1,1.0
193,43,437.475,347.421,3.996,6.336,1,1,1.0
193,44,433.757,17.045,4.276,4.951,1,1,1.0
193,45,493.347,165.272,4.203,7.508,1,1,1.0
193,47,508.700,441.356,6.734,4.490,1,1,1.0
193,48,554.979,240.343,3.629,8.756,1,1,1.0
193,49,509.315,203.870,4.047,8.837,1,1,1.0
193,50,501.317,302.949,4.063,8.510,1,1,1.0
193,54,551.149,440.299,6.572,5.442,1,1,1.0
193,55,556.485,436.680,5.390,9.066,1,1,1.0
193,57,630.154,441.661,4.881,5.063,1,1,1.0
193,59,616.127,37.319,4.951,5.744,1,1,1.0
193,60,672.400,430.510,4.724,7.709,1,1,1.0
193,61,650.042,161.545,5.488,8.550,1,1,1.0
193,62,678.483,382.980,4.546,5.748,1,1,1.0
193,63,673.759,441.352,6.811,5.615,1,1,1.0
193,66,671.008,439.829,4.991,6.216,1,1,1.0
193,6366,29.310,420.531,4.474,8.895,1,1,1.0
193,6367,36.224,439.573,6.296,4.623,1,1,1.0
193,6368,40.298,102.166,4.384,7.752,1,1,1.0
193,6369,58.192,27.778,7.026,4.629,1,1,1.0
193,6370,42.448,340.676,4.172,8.517,1,1,1.0
193,6372,20.322,440.527,6.983,3.998,1,1,1.0
193,6373,27.238,384.519,3.367,9.367,1,1,1.0
193,6388,289.359,385.092,4.369,8.038,1,1,1.0
193,6389,310.082,391.814,4.018,8.021,1,1,1.0
193,6390,294.044,131.618,4.137,8.384,1,1,1.0
193,6392,313.366,127.078,4.013,8.349,1,1,1.0
193,6393,281.276,254.009,3.964,8.561,1,1,1.0
194,18,130.000,438.999,6.090,6.418,1,1,1.0
194,22,136.762,321.263,4.166,9.492,1,1,1.0
194,25,167.880,436.705,6.935,5.940,1,1,1.0
194,27,149.132,438.975,7.941,5.201,1,1,1.0
194,29,182.208,439.218,5.634,4.605,1,1,1.0
194,40,373.738,295.792,4.129,7.057,1,1,1.0
194,41,428.034,298.322,4.792,7.957,1,1,1.0
194,42,394.798,440.826,5.135,4.567,1,1,1.0
194,43,437.565,345.583,3.896,6.429,1,1,1.0
194,44,433.764,17.023,4.259,4.979,1,1,1.0
194,45,493.443,164.267,4.236,7.159,1,1,1.0
194,47,508.741,441.333,6.717,4.536,1,1,1.0
194,48,555.165,238.135,3.657,8.581,1,1,1.0
194,49,510.206,202.786,4.742,8.255,1,1,1.0
194,50,500.623,300.442,4.056,8.563,1,1,1.0
194,54,552.028,440.311,5.925,5.166,1,1,1.0
194,55,557.302,435.525,4.839,9.069,1,1,1.0
194,57,629.285,441.672,5.177,4.794,1,1,1.0
194,59,616.970,35.951,5.404,6.117,1,1,1.0
194,60,666.173,427.163,4.145,7.710,1,1,1.0
194,61,650.862,160.320,5.195,8.539,1,1,1.0
194,62,678.679,382.449,4.381,5.556,1,1,1.0
194,63,672.990,441.201,6.891,5.531,1,1,1.0
194,66,670.282,439.453,4.991,6.216,1,1,1.0
194,6366,28.838,422.742,4.646,9.037,1,1,1.0
194,6367,36.480,439.600,6.445,4.565,1,1,1.0
194,6368,39.255,101.737,4.850,6.166,1,1,1.0
194,6369,59.999,26.123,6.068,5.768,1,1,1.0
194,6370,41.385,338.694,4.315,8.532,1,1,1.0
194,6372,20.332,440.455,7.028,4.111,1,1,1.0
194,6373,27.601,383.715,3.599,9.174,1,1,1.0
194,6388,289.678,383.706,4.492,8.128,1,1,1.0
194,6389,310.257,392.906,4.302,7.454,1,1,1.0
194,6390,293.742,130.090,4.217,8.292,1,1,1.0
194,6392,313.428,127.154,3.979,8.296,1,1,1.0
194,6393,281.440,252.153,3.936,8.772,1,1,1.0
195,18,129.911,439.157,6.320,6.341,1,1,1.0
195,22,136.101,319.290,4.042,8.782,1,1,1.0
195,25,167.854,436.579,6.849,5.905,1,1,1.0
195,27,148.778,438.914,7.780,5.296,1,1,1.0
195,29,182.516,439.341,5.358,4.494,1,1,1.0
195,40,373.262,294.438,4.134,7.211,1,1,1.0
195,41,429.071,297.100,4.859,8.177,1,1,1.0
195,42,394.706,440.776,5.106,4.513,1,1,1.0
195,43,437.727,343.643,3.975,6.538,1,1,1.0
195,44,433.314,16.919,4.174,5.039,1,1,1.0
195,45,493.475,163.315,4.543,7.368,1,1,1.0
195,47,508.797,441.287,6.544,4.479,1,1,1.0
195,48,555.526,235.187,3.557,8.332,1,1,1.0
195,49,510.528,201.798,4.765,8.184,1,1,1.0
195,50,500.596,298.805,3.980,8.038,1,1,1.0
195,54,552.275,440.077,4.491,5.167,1,1,1.0
195,55,557.245,434.824,4.221,9.195,1,1,1.0
195,57,627.883,441.619,5.244,4.536,1,1,1.0
195,59,617.869,35.032,5.220,5.954,1,1,1.0
195,60,672.872,441.572,7.272,5.198,1,1,1.0
195,60,663.983,439.401,4.789,6.557,1,1,1.0
195,61,651.828,157.712,4.821,8.796,1,1,1.0
195,62,679.324,381.300,4.416,5.601,1,1,1.0
195,63,676.347,441.951,4.991,6.216,1,1,1.0
195,66,669.819,439.948,4.991,6.216,1,1,1.0
195,6366,28.446,425.347,4.646,8.927,1,1,1.0
195,6367,35.933,439.950,6.051,4.769,1,1,1.0
195,6369,60.938,24.063,5.088,7.720,1,1,1.0
195,6370,41.071,337.014,4.115,8.226,1,1,1.0
195,6372,21.107,440.172,6.890,4.478,1,1,1.0
195,6373,27.950,382.256,4.121,9.655,1,1,1.0
195,6388,290.118,382.146,3.772,8.379,1,1,1.0
195,6389,310.842,394.259,4.240,6.878,1,1,1.0
195,6390,293.001,128.621,4.266,8.139,1,1,1.0
195,6392,313.490,127.334,3.903,8.142,1,1,1.0
195,6393,281.923,249.835,4.049,8.658,1,1,1.0
196,18,129.834,439.336,6.727,6.117,1,1,1.0
196,22,136.152,317.509,3.964,8.919,1,1,1.0
196,25,167.442,435.168,6.082,6.878,1,1,1.0
196,27,149.172,438.943,7.803,5.229,1,1,1.0
196,29,181.019,439.375,6.520,4.439,1,1,1.0
196,40,372.666,292.605,4.064,6.538,1,1,1.0
196,41,430.335,295.523,4.591,7.549,1,1,1.0
196,42,394.688,440.785,5.004,4.516,1,1,1.0
196,43,437.872,341.273,3.746,7.144,1,1,1.0
196,44,433.303,16.899,4.242,5.012,1,1,1.0
196,45,493.790,162.333,4.663,6.971,1,1,1.0
196,47,508.804,441.260,6.510,4.533,1,1,1.0
196,48,555.615,232.422,3.538,8.272,1,1,1.0
196,49,511.217,200.554,4.701,8.210,1,1,1.0
196,50,500.395,296.825,3.923,7.799,1,1,1.0
196,54,552.144,439.973,4.019,5.533,1,1,1.0
196,55,557.264,434.201,4.090,9.463,1,1,1.0
196,57,627.807,441.658,5.287,4.485,1,1,1.0
196,59,618.838,33.633,5.432,6.004,1,1,1.0
196,60,673.938,442.389,6.277,4.649,1,1,1.0
196,60,666.135,440.354,5.862,5.627,1,1,1.0
196,61,652.162,156.010,3.991,8.511,1,1,1.0
196,62,680.705,380.505,3.915,5.763,1,1,1.0
196,63,676.585,442.664,4.991,6.216,1,1,1.0
196,66,667.820,436.864,4.991,6.216,1,1,1.0
196,6366,28.547,427.053,4.228,9.216,1,1,1.0
196,6367,35.746,441.220,6.046,4.322,1,1,1.0
196,6369,61.440,23.731,4.406,8.065,1,1,1.0
196,6370,39.789,335.663,4.751,8.196,1,1,1.0
196,6372,21.425,440.123,6.827,4.609,1,1,1.0
196,6373,28.113,381.940,4.132,8.587,1,1,1.0
196,6388,290.341,381.017,3.594,8.556,1,1,1.0
196,6389,311.358,396.294,4.361,6.507,1,1,1.0
196,6390,292.432,126.355,4.332,8.731,1,1,1.0
196,6392,313.521,127.460,4.025,8.215,1,1,1.0
196,6393,282.441,247.976,4.227,8.700,1,1,1.0
197,18,129.194,439.391,6.878,6.413,1,1,1.0
197,22,135.831,315.457,3.992,9.265,1,1,1.0
197,25,167.874,434.284,4.490,8.133,1,1,1.0
197,27,152.044,441.585,7.522,5.379,1,1,1.0
197,29,180.688,439.459,6.330,4.330,1,1,1.0
197,40,372.024,290.637,3.842,6.541,1,1,1.0
197,41,430.677,293.952,4.502,7.600,1,1,1.0
197,42,394.683,440.807,5.041,4.541,1,1,1.0
197,43,437.767,339.203,3.785,7.156,1,1,1.0
197,44,432.218,18.119,5.016,5.237,1,1,1.0
197,45,494.417,159.869,4.633,7.431,1,1,1.0
197,47,508.717,441.262,6.478,4.602,1,1,1.0
197,48,555.622,229.197,3.397,8.512,1,1,1.0
197,49,512.060,198.492,5.067,8.379,1,1,1.0
197,50,499.867,295.538,3.930,7.401,1,1,1.0
197,54,551.629,440.454,3.766,5.651,1,1,1.0
197,55,556.937,433.508,4.236,9.325,1,1,1.0
197,57,627.312,441.479,5.429,4.482,1,1,1.0
197,59,620.499,32.857,5.491,5.839,1,1,1.0
197,60,665.109,440.408,5.761,4.977,1,1,1.0
197,61,652.307,154.417,3.741,8.655,1,1,1.0
197,62,680.764,380.081,3.973,5.506,1,1,1.0
197,63,674.476,442.562,6.007,4.337,1,1,1.0
197,66,667.678,440.067,4.991,6.216,1,1,1.0
197,6366,28.180,428.714,4.524,9.676,1,1,1.0
197,6367,37.727,334.289,6.025,7.559,1,1,1.0
197,6369,62.492,23.788,3.948,7.581,1,1,1.0
197,6370,36.567,439.726,6.337,5.431,1,1,1.0
197,6372,21.735,440.264,6.487,4.797,1,1,1.0
197,6373,28.261,380.802,4.180,8.838,1,1,1.0
197,6388,290.709,379.962,3.721,8.673,1,1,1.0
197,6389,312.390,398.042,4.048,5.545,1,1,1.0
197,6390,291.563,125.094,4.419,8.268,1,1,1.0
197,6392,313.569,127.438,4.007,8.187,1,1,1.0
197,6393,282.389,245.796,4.446,9.045,1,1,1.0
198,18,128.960,439.383,6.729,6.384,1,1,1.0
198,22,135.371,313.138,3.929,9.100,1,1,1.0
198,25,167.939,433.931,3.872,8.334,1,1,1.0
198,27,152.535,441.288,7.466,5.586,1,1,1.0
198,29,183.058,439.450,5.309,4.269,1,1,1.0
198,40,371.710,289.129,4.011,6.528,1,1,1.0
198,41,431.014,292.540,4.323,8.086,1,1,1.0
198,42,394.623,440.777,4.966,4.542,1,1,1.0
198,43,437.605,337.147,3.847,7.397,1,1,1.0
198,44,431.881,17.358,7.480,6.152,1,1,1.0
198,45,495.132,157.518,4.463,7.911,1,1,1.0
198,47,508.592,441.328,6.518,4.651,1,1,1.0
198,48,555.867,226.103,3.418,8.694,1,1,1.0
198,49,513.135,196.855,5.083,7.854,1,1,1.0
198,50,499.060,294.723,4.198,6.851,1,1,1.0
198,54,551.061,440.772,4.083,6.342,1,1,1.0
198,55,556.939,432.547,4.181,9.350,1,1,1.0
198,57,627.119,441.475,5.204,4.391,1,1,1.0
198,59,622.110,31.880,5.716,6.051,1,1,1.0
198,60,663.406,440.686,6.019,4.680,1,1,1.0
198,61,652.278,153.111,3.827,8.659,1,1,1.0
198,62,680.864,379.064,3.786,5.681,1,1,1.0
198,63,674.608,442.369,5.790,4.494,1,1,1.0
198,66,666.013,440.780,4.991,6.216,1,1,1.0
198,6366,26.043,433.265,5.397,9.728,1,1,1.0
198,6367,37.664,439.457,6.204,5.538,1,1,1.0
198,6369,62.787,22.454,3.665,7.810,1,1,1.0
198,6370,36.517,332.725,5.367,7.274,1,1,1.0
198,6372,21.642,440.063,6.728,5.105,1,1,1.0
198,6373,28.442,379.050,4.686,9.022,1,1,1.0
198,6388,290.596,378.874,3.811,8.907,1,1,1.0
198,6389,312.974,398.537,4.153,4.908,1,1,1.0
198,6390,290.985,123.457,4.384,8.531,1,1,1.0
198,6392,313.548,127.424,4.095,8.120,1,1,1.0
198,6393,283.008,243.736,4.458,9.093,1,1,1.0
199,18,128.427,439.346,6.760,6.395,1,1,1.0
199,22,135.214,310.679,3.992,9.081,1,1,1.0
199,25,166.689,433.830,5.294,7.518,1,1,1.0
199,29,183.723,439.751,5.580,4.583,1,1,1.0
199,40,371.089,287.618,4.154,6.552,1,1,1.0
199,41,431.063,291.456,4.487,8.301,1,1,1.0
199,42,394.582,440.770,4.996,4.550,1,1,1.0
199,43,437.424,334.816,4.004,7.375,1,1,1.0
199,44,431.476,15.311,6.558,5.624,1,1,1.0
199,45,496.001,155.596,4.454,7.429,1,1,1.0
199,47,508.669,441.269,6.480,4.845,1,1,1.0
199,48,555.712,223.470,3.570,8.425,1,1,1.0
199,49,514.013,195.509,5.233,7.965,1,1,1.0
199,50,498.265,294.448,4.258,6.098,1,1,1.0
199,54,550.296,440.843,4.497,6.040,1,1,1.0
199,55,556.854,431.893,4.269,9.057,1,1,1.0
199,57,627.134,441.490,5.219,4.399,1,1,1.0
199,59,623.446,30.832,5.811,5.897,1,1,1.0
199,60,661.935,440.824,6.304,4.418,1,1,1.0
199,61,651.997,151.655,4.136,8.839,1,1,1.0
199,62,680.923,377.609,3.923,5.727,1,1,1.0
199,63,674.271,442.358,5.874,4.273,1,1,1.0
199,66,664.705,440.424,4.991,6.216,1,1,1.0
199,6366,25.841,434.763,5.185,8.940,1,1,1.0
199,6367,37.520,439.211,6.229,5.524,1,1,1.0
199,6369,63.049,21.371,4.042,7.654,1,1,1.0
199,6370,35.265,330.996,5.515,8.183,1,1,1.0
199,6372,22.361,439.667,6.451,5.243,1,1,1.0
199,6373,28.767,377.668,4.873,8.619,1,1,1.0
199,6388,290.469,377.904,3.925,8.760,1,1,1.0
199,6389,313.005,398.755,4.102,4.797,1,1,1.0
199,6390,290.702,121.549,4.376,8.782,1,1,1.0
199,6391,313.536,127.451,4.138,8.101,1,1,1.0
199,6393,283.986,242.451,4.200,8.531,1,1,1.0
200,18,128.472,438.816,6.142,6.724,1,1,1.0
200,20,132.682,426.295,4.552,6.914,1,1,1.0
200,22,135.024,308.733,4.124,8.935,1,1,1.0
200,25,167.901,433.328,3.613,8.188,1,1,1.0
200,27,151.887,441.364,6.718,5.280,1,1,1.0
200,29,183.751,439.766,5.377,4.557,1,1,1.0
200,40,371.025,285.771,4.204,6.602,1,1,1.0
200,41,431.711,289.847,4.624,7.767,1,1,1.0
200,42,394.570,440.768,5.020,4.520,1,1,1.0
200,43,437.411,332.458,4.052,7.875,1,1,1.0
200,44,431.637,14.971,6.553,5.747,1,1,1.0
200,45,496.516,153.686,4.684,7.734,1,1,1.0
200,47,508.673,441.308,6.541,4.791,1,1,1.0
200,48,555.293,220.320,3.713,8.584,1,1,1.0
200,49,515.358,193.375,5.920,8.332,1,1,1.0
200,50,497.181,293.590,4.442,5.716,1,1,1.0
200,54,549.739,441.596,4.765,5.998,1,1,1.0
200,55,556.840,431.936,4.264,9.258,1,1,1.0
200,57,627.104,441.492,5.238,4.335,1,1,1.0
200,59,625.323,29.660,6.023,6.073,1,1,1.0
200,60,660.253,440.437,7.556,4.500,1,1,1.0
200,61,652.375,150.830,4.085,8.944,1,1,1.0
200,62,681.246,377.321,3.851,5.475,1,1,1.0
200,63,674.194,442.296,6.057,4.310,1,1,1.0
200,66,664.467,440.424,4.991,6.216,1,1,1.0
200,6366,26.817,435.176,5.000,6.000,1,1,1.0
200,6367,33.460,329.808,5.794,7.841,1,1,1.0
200,6369,40.914,418.558,4.724,8.697,1,1,1.0
200,6370,29.603,375.882,5.091,8.283,1,1,1.0
200,6372,22.122,440.114,6.032,5.378,1,1,1.0
200,6373,26.598,434.339,4.801,9.559,1,1,1.0
200,6388,252.211,416.451,3.863,9.048,1,1,1.0
200,6389,284.016,240.019,4.326,8.946,1,1,1.0
200,6390,290.389,119.686,4.149,9.136,1,1,1.0
200,6391,312.950,398.850,4.163,4.733,1,1,1.0
200,6392,290.607,376.932,3.836,8.742,1,1,1.0
201,18,128.245,438.777,6.691,6.927,1,1,1.0
201,20,131.186,430.925,6.036,5.860,1,1,1.0
201,22,134.810,305.956,4.210,9.220,1,1,1.0
201,25,167.452,432.913,4.069,8.356,1,1,1.0
201,27,152.185,439.744,6.539,6.772,1,1,1.0
201,29,183.872,439.849,5.588,4.467,1,1,1.0
201,40,370.896,284.430,4.283,6.480,1,1,1.0
201,41,432.461,288.556,4.679,8.147,1,1,1.0
201,42,394.407,440.780,5.199,4.628,1,1,1.0
201,43,437.375,329.772,3.990,7.337,1,1,1.0
201,44,429.926,14.599,6.983,5.819,1,1,1.0
201,45,497.365,151.806,4.921,7.681,1,1,1.0
201,47,508.665,441.317,6.569,4.878,1,1,1.0
201,48,554.973,217.743,3.594,8.132,1,1,1.0
201,49,516.929,191.755,5.839,7.852,1,1,1.0
201,50,496.579,292.736,4.383,5.937,1,1,1.0
201,54,549.616,442.010,4.909,5.688,1,1,1.0
201,55,556.681,431.744,4.285,9.380,1,1,1.0
201,57,627.163,441.457,5.252,4.265,1,1,1.0
201,59,626.942,29.371,6.686,5.260,1,1,1.0
201,60,657.957,440.586,9.067,4.688,1,1,1.0
201,61,652.270,150.213,5.574,8.472,1,1,1.0
201,62,681.280,376.113,3.947,5.320,1,1,1.0
201,63,674.134,442.265,6.190,4.241,1,1,1.0
201,66,662.564,440.067,4.991,6.216,1,1,1.0
201,6366,26.920,432.780,5.000,10.000,1,1,1.0
201,6367,32.364,328.661,5.473,7.236,1,1,1.0
201,6369,46.972,373.526,6.718,8.348,1,1,1.0
201,6370,30.730,374.222,5.827,8.328,1,1,1.0
201,6372,21.920,440.106,6.452,5.491,1,1,1.0
201,6373,25.957,434.558,5.442,9.788,1,1,1.0
201,6388,252.633,414.056,3.878,9.180,1,1,1.0
201,6389,284.537,238.454,4.164,8.566,1,1,1.0
201,6390,290.273,118.299,4.093,8.884,1,1,1.0
201,6391,312.782,399.095,4.290,4.682,1,1,1.0
201,6392,290.682,376.235,3.838,8.952,1,1,1.0
202,18,128.256,439.887,6.894,6.222,1,1,1.0
202,20,125.064,433.216,7.936,7.052,1,1,1.0
202,22,135.131,303.619,3.916,9.281,1,1,1.0
202,25,167.724,432.799,4.026,8.209,1,1,1.0
202,27,151.647,442.198,6.673,4.728,1,1,1.0
202,29,183.969,439.871,5.486,4.329,1,1,1.0
202,40,371.020,282.219,4.398,6.590,1,1,1.0
202,41,432.961,286.880,4.562,8.376,1,1,1.0
202,42,394.477,440.782,5.137,4.608,1,1,1.0
202,43,437.445,327.409,3.953,7.277,1,1,1.0
202,45,498.206,149.929,4.784,7.709,1,1,1.0
202,47,508.631,441.358,6.746,4.971,1,1,1.0
202,48,554.528,214.865,3.828,7.896,1,1,1.0
202,49,517.742,190.422,6.477,7.695,1,1,1.0
202,50,495.080,291.404,4.375,5.764,1,1,1.0
202,54,549.369,442.417,4.892,5.573,1,1,1.0
202,55,556.717,431.726,4.301,9.304,1,1,1.0
202,57,627.052,441.477,5.248,4.283,1,1,1.0
202,59,628.887,29.079,7.711,4.855,1,1,1.0
202,60,655.239,440.409,9.578,4.859,1,1,1.0
202,61,652.898,149.456,6.013,7.916,1,1,1.0
202,62,681.272,375.141,3.756,5.485,1,1,1.0
202,63,673.991,442.117,5.507,4.361,1,1,1.0
202,66,660.305,439.591,4.991,6.216,1,1,1.0
202,6366,26.817,435.093,5.000,6.000,1,1,1.0
202,6367,63.719,18.163,4.269,6.682,1,1,1.0
202,6369,31.285,372.874,5.743,7.875,1,1,1.0
202,6370,26.338,434.739,5.009,9.309,1,1,1.0
202,6372,22.245,440.052,6.167,5.323,1,1,1.0
202,6373,30.568,326.859,5.301,7.000,1,1,1.0
202,6389,252.956,412.311,3.873,8.791,1,1,1.0
202,6390,285.197,236.280,4.163,8.549,1,1,1.0
202,6391,290.940,375.816,3.720,8.851,1,1,1.0
202,6392,290.558,116.606,3.905,9.441,1,1,1.0
203,18,126.180,436.273,8.596,9.595,1,1,1.0
203,22,135.036,301.188,3.980,9.216,1,1,1.0
203,25,167.516,432.767,4.107,8.434,1,1,1.0
203,27,151.615,442.788,9.429,4.407,1,1,1.0
203,29,183.986,439.960,5.445,4.399,1,1,1.0
203,40,370.897,279.701,4.516,7.041,1,1,1.0
203,41,433.559,285.213,4.412,8.247,1,1,1.0
203,42,394.384,440.808,5.136,4.579,1,1,1.0
203,43,437.405,324.242,4.187,7.506,1,1,1.0
203,45,498.525,148.335,5.198,7.690,1,1,1.0
203,47,508.602,441.328,6.779,4.843,1,1,1.0
203,48,553.327,213.839,4.621,6.633,1,1,1.0
203,49,519.701,188.704,6.391,7.416,1,1,1.0
203,50,494.549,290.109,4.190,5.919,1,1,1.0
203,54,549.261,442.652,4.838,5.247,1,1,1.0
203,55,556.693,431.761,4.304,9.463,1,1,1.0
203,57,627.053,441.515,5.284,4.302,1,1,1.0
203,59,631.419,29.119,8.137,4.849,1,1,1.0
203,60,653.173,440.600,10.110,4.564,1,1,1.0
203,61,653.664,149.052,6.394,7.538,1,1,1.0
203,62,681.253,374.727,3.828,5.418,1,1,1.0
203,63,674.428,442.103,5.294,4.306,1,1,1.0
203,66,658.104,439.086,4.991,6.216,1,1,1.0
203,6366,27.332,435.191,5.000,6.000,1,1,1.0
203,6367,63.778,352.678,4.004,7.044,1,1,1.0
203,6369,63.006,17.975,5.199,6.953,1,1,1.0
203,6370,28.887,325.328,5.594,7.310,1,1,1.0
203,6372,26.001,434.228,6.062,9.907,1,1,1.0
203,6373,32.210,371.225,5.764,8.050,1,1,1.0
203,6388,285.078,234.253,4.305,8.798,1,1,1.0
203,6389,290.722,114.983,4.029,9.499,1,1,1.0
203,6390,291.568,375.717,3.774,8.724,1,1,1.0
203,6391,307.495,124.611,8.076,8.379,1,1,1.0
203,6392,312.755,399.877,4.232,4.963,1,1,1.0
203,6393,253.125,410.549,3.874,8.366,1,1,1.0
204,18,128.557,439.564,7.428,6.329,1,1,1.0
204,20,122.701,438.099,5.622,6.034,1,1,1.0
204,22,135.340,299.430,3.837,8.989,1,1,1.0
204,25,166.412,432.384,4.318,7.820,1,1,1.0
204,29,184.002,440.058,5.584,4.355,1,1,1.0
204,40,370.905,277.548,4.785,7.304,1,1,1.0
204,41,434.383,283.737,4.369,8.097,1,1,1.0
204,42,394.406,440.854,5.023,4.558,1,1,1.0
204,43,437.179,322.178,4.229,7.454,1,1,1.0
204,45,499.143,147.204,5.299,7.768,1,1,1.0
204,47,508.642,441.338,6.740,4.847,1,1,1.0
204,48,552.478,213.408,5.034,5.599,1,1,1.0
204,49,521.101,187.821,6.533,7.075,1,1,1.0
204,50,494.121,288.990,4.293,5.676,1,1,1.0
204,54,549.121,442.172,5.115,5.297,1,1,1.0
204,55,556.835,431.884,4.372,8.848,1,1,1.0
204,57,627.054,441.510,5.285,4.267,1,1,1.0
204,59,634.107,28.872,7.414,4.549,1,1,1.0
204,60,651.913,440.275,10.323,4.627,1,1,1.0
204,61,654.708,148.549,6.616,7.791,1,1,1.0
204,62,680.970,373.734,3.819,5.642,1,1,1.0
204,63,674.520,442.164,5.205,4.231,1,1,1.0
204,66,658.176,440.025,4.991,6.216,1,1,1.0
204,6366,27.600,434.862,5.000,6.000,1,1,1.0
204,6367,57.395,351.094,6.042,4.016,1,1,1.0
204,6370,28.151,323.930,5.579,7.082,1,1,1.0
204,6372,25.590,433.923,6.551,10.453,1,1,1.0
204,6373,33.323,369.546,5.403,7.748,1,1,1.0
204,6388,273.594,101.278,6.013,6.459,1,1,1.0
204,6389,285.905,232.497,4.156,9.053,1,1,1.0
204,6390,290.797,113.639,3.963,9.018,1,1,1.0
204,6391,253.457,408.419,3.748,8.915,1,1,1.0
204,6392,292.119,373.736,3.614,8.791,1,1,1.0
205,18,129.048,439.612,6.952,6.323,1,1,1.0
205,22,135.566,296.606,3.891,9.370,1,1,1.0
205,25,163.590,433.641,4.508,8.074,1,1,1.0
205,27,155.065,441.514,7.513,5.529,1,1,1.0
205,29,184.138,439.956,5.653,4.593,1,1,1.0
205,40,371.835,274.958,4.852,8.108,1,1,1.0
205,41,434.409,281.982,4.346,8.533,1,1,1.0
205,42,394.383,440.799,5.083,4.649,1,1,1.0
205,43,437.447,319.641,4.256,7.547,1,1,1.0
205,45,500.385,146.082,5.144,7.418,1,1,1.0
205,47,508.616,441.370,6.704,5.011,1,1,1.0
205,48,551.235,212.285,5.065,5.693,1,1,1.0
205,49,522.657,186.869,7.480,5.821,1,1,1.0
205,50,493.639,287.157,4.156,6.319,1,1,1.0
205,54,549.289,442.477,5.053,5.711,1,1,1.0
205,55,556.846,432.028,4.343,8.861,1,1,1.0
205,57,627.027,441.433,5.378,4.419,1,1,1.0
205,59,636.562,28.514,7.227,4.636,1,1,1.0
205,60,648.949,437.879,4.991,6.216,1,1,1.0
205,61,655.849,147.493,7.202,7.650,1,1,1.0
205,62,680.928,372.958,3.665,5.556,1,1,1.0
205,63,677.497,435.263,4.015,7.135,1,1,1.0
205,66,651.265,440.125,11.126,4.999,1,1,1.0
205,6366,27.723,433.282,5.000,6.000,1,1,1.0
205,6367,56.477,373.848,6.451,8.202,1,1,1.0
205,6370,25.674,433.691,6.899,10.560,1,1,1.0
205,6372,26.208,322.480,6.007,7.434,1,1,1.0
205,6373,34.904,366.483,5.038,8.750,1,1,1.0
205,6388,253.586,406.354,3.738,8.305,1,1,1.0
205,6389,286.486,230.220,4.335,9.053,1,1,1.0
205,6390,290.698,112.933,3.958,9.131,1,1,1.0
205,6392,292.252,372.359,3.899,9.201,1,1,1.0
206,18,128.922,439.756,6.808,5.115,1,1,1.0
206,22,135.753,294.479,4.025,8.849,1,1,1.0
206,25,161.200,434.023,4.610,7.573,1,1,1.0
206,27,156.323,441.516,7.582,5.547,1,1,1.0
206,29,184.123,439.929,5.761,4.749,1,1,1.0
206,40,372.224,272.774,5.016,8.284,1,1,1.0
206,41,434.435,280.037,4.369,8.705,1,1,1.0
206,42,394.413,440.790,5.042,4.659,1,1,1.0
206,43,437.389,317.042,4.202,7.514,1,1,1.0
206,46,500.620,145.470,5.449,7.235,1,1,1.0
206,47,508.596,441.375,6.714,5.043,1,1,1.0
206,48,549.790,211.494,5.918,5.738,1,1,1.0
206,49,524.941,186.253,8.098,5.287,1,1,1.0
206,50,493.409,285.322,4.111,6.921,1,1,1.0
206,54,549.433,442.929,4.759,5.614,1,1,1.0
206,55,556.891,431.971,4.359,8.819,1,1,1.0
206,57,627.065,441.369,5.273,4.395,1,1,1.0
206,59,638.444,28.006,7.895,4.631,1,1,1.0
206,60,648.715,438.269,4.991,6.216,1,1,1.0
206,61,657.816,146.307,6.802,7.036,1,1,1.0
206,62,680.730,372.371,3.710,5.746,1,1,1.0
206,63,673.374,440.300,3.548,6.418,1,1,1.0
206,66,655.696,438.729,4.991,6.216,1,1,1.0
206,6366,26.190,433.013,6.419,6.172,1,1,1.0
206,6367,39.705,393.927,8.338,4.265,1,1,1.0
206,6368,17.904,69.638,5.234,4.266,1,1,1.0
206,6370,25.408,321.149,5.758,7.427,1,1,1.0
206,6372,25.440,439.243,6.433,5.162,1,1,1.0
206,6373,36.150,363.801,5.039,8.500,1,1,1.0
206,6388,253.718,404.232,3.898,8.713,1,1,1.0
206,6389,290.978,112.219,3.778,8.833,1,1,1.0
206,6390,290.527,99.544,4.685,3.871,1,1,1.0
206,6391,292.368,371.335,3.899,9.343,1,1,1.0
206,6392,295.137,53.768,4.964,3.754,1,1,1.0
207,22,135.893,292.330,3.982,8.939,1,1,1.0
207,25,160.997,433.744,4.814,7.972,1,1,1.0
207,27,156.924,441.069,8.047,5.694,1,1,1.0
207,29,184.205,439.928,5.749,4.684,1,1,1.0
207,40,373.140,270.611,5.053,7.623,1,1,1.0
207,41,434.442,279.079,4.249,8.658,1,1,1.0
207,42,394.319,440.855,5.222,4.587,1,1,1.0
207,43,437.289,313.932,4.233,7.440,1,1,1.0
207,46,500.822,145.687,5.519,7.155,1,1,1.0
207,47,508.561,441.351,6.815,5.036,1,1,1.0
207,48,548.607,210.482,5.939,5.803,1,1,1.0
207,49,526.379,185.840,7.977,4.901,1,1,1.0
207,50,493.352,283.212,3.953,7.296,1,1,1.0
207,54,549.526,442.896,4.763,5.516,1,1,1.0
207,55,556.921,431.934,4.363,8.695,1,1,1.0
207,57,626.930,441.475,5.401,4.339,1,1,1.0
207,59,640.646,26.561,7.414,5.142,1,1,1.0
207,60,649.941,440.081,9.465,3.976,1,1,1.0
207,61,658.849,146.009,6.616,6.652,1,1,1.0
207,62,680.211,371.338,3.976,5.536,1,1,1.0
207,63,670.091,440.737,5.558,4.018,1,1,1.0
207,66,657.361,438.610,4.991,6.216,1,1,1.0
207,6366,25.524,433.574,6.947,6.011,1,1,1.0
207,6367,17.642,68.214,5.365,5.368,1,1,1.0
207,6368,16.745,415.766,6.797,6.517,1,1,1.0
207,6370,24.788,319.405,5.550,7.485,1,1,1.0
207,6372,25.014,439.235,6.400,5.084,1,1,1.0
207,6373,36.784,361.555,4.778,8.262,1,1,1.0
207,6388,253.951,402.058,3.604,8.832,1,1,1.0
207,6389,290.239,99.527,5.377,4.510,1,1,1.0
207,6390,291.103,111.248,3.857,8.488,1,1,1.0
207,6392,292.393,370.747,3.944,8.973,1,1,1.0
208,18,129.616,439.785,6.797,5.248,1,1,1.0
208,22,136.290,289.636,3.943,8.779,1,1,1.0
208,25,160.984,433.809,4.677,7.803,1,1,1.0
208,27,158.033,441.008,7.097,5.204,1,1,1.0
208,29,184.249,440.000,5.642,4.542,1,1,1.0
208,40,373.567,269.015,5.456,6.818,1,1,1.0
208,41,434.313,277.669,4.450,8.554,1,1,1.0
208,42,394.273,440.873,5.283,4.600,1,1,1.0
208,43,437.228,311.120,4.321,7.419,1,1,1.0
208,46,500.873,145.649,5.497,7.186,1,1,1.0
208,47,508.559,441.457,6.872,4.759,1,1,1.0
208,48,547.935,210.174,6.024,5.596,1,1,1.0
208,49,527.856,185.409,8.170,4.875,1,1,1.0
208,50,493.257,280.933,4.135,7.606,1,1,1.0
208,54,545.316,427.634,6.402,7.872,1,1,1.0
208,55,556.970,432.058,4.093,8.619,1,1,1.0
208,57,626.876,441.463,5.431,4.328,1,1,1.0
208,59,642.797,25.790,7.559,5.270,1,1,1.0
208,60,650.213,439.944,9.082,3.912,1,1,1.0
208,61,659.825,145.017,7.169,6.633,1,1,1.0
208,62,679.022,371.079,4.256,4.964,1,1,1.0
208,63,669.665,440.940,5.549,4.010,1,1,1.0
208,66,657.609,438.973,4.991,6.216,1,1,1.0
208,6366,25.291,439.736,6.127,4.855,1,1,1.0
208,6367,13.915,438.545,5.034,4.723,1,1,1.0
208,6368,16.468,65.638,5.647,7.620,1,1,1.0
208,6370,23.436,317.525,5.328,7.623,1,1,1.0
208,6372,25.030,433.677,6.678,5.392,1,1,1.0
208,6373,37.564,359.416,4.434,8.263,1,1,1.0
208,6389,288.259,224.415,4.296,8.823,1,1,1.0
208,6390,291.627,53.159,5.292,4.090,1,1,1.0
208,6391,290.783,110.172,3.718,8.671,1,1,1.0
208,6392,292.499,369.990,3.874,8.812,1,1,1.0
209,18,129.686,439.588,6.729,5.227,1,1,1.0
209,20,123.614,439.222,5.618,4.900,1,1,1.0
209,22,136.538,287.551,3.717,8.764,1,1,1.0
209,25,160.833,433.742,4.691,7.914,1,1,1.0
209,27,159.899,440.787,6.266,5.321,1,1,1.0
209,29,184.359,440.002,5.506,4.511,1,1,1.0
209,40,375.174,267.333,5.406,6.557,1,1,1.0
209,41,434.385,276.650,4.354,8.510,1,1,1.0
209,42,394.140,440.893,5.334,4.549,1,1,1.0
209,43,437.119,308.713,4.193,7.301,1,1,1.0
209,46,500.873,145.650,5.471,7.179,1,1,1.0
209,47,508.356,441.583,6.831,4.823,1,1,1.0
209,48,546.985,208.952,6.191,5.761,1,1,1.0
209,49,529.412,184.785,8.018,4.877,1,1,1.0
209,50,492.756,278.886,4.084,7.892,1,1,1.0
209,54,523.479,391.756,3.800,8.809,1,1,1.0
209,55,557.193,432.062,4.165,8.399,1,1,1.0
209,57,626.826,441.432,5.370,4.295,1,1,1.0
209,59,645.727,24.574,7.237,5.303,1,1,1.0
209,60,649.804,439.589,7.251,3.927,1,1,1.0
209,61,660.883,144.485,6.658,6.312,1,1,1.0
209,62,678.884,370.606,4.237,5.068,1,1,1.0
209,63,669.761,441.264,5.111,3.877,1,1,1.0
209,66,657.671,439.938,5.690,4.140,1,1,1.0
209,6366,23.757,433.908,7.033,5.291,1,1,1.0
209,6367,13.346,438.822,5.494,4.793,1,1,1.0
209,6368,15.002,63.330,5.070,7.572,1,1,1.0
209,6370,22.725,315.759,5.062,8.066,1,1,1.0
209,6372,25.443,439.801,6.019,4.858,1,1,1.0
209,6373,38.233,356.959,4.569,8.436,1,1,1.0
209,6388,280.134,46.551,4.401,5.539,1,1,1.0
209,6389,288.484,222.633,4.273,8.867,1,1,1.0
209,6390,292.624,370.031,3.834,8.692,1,1,1.0
209,6391,252.707,398.493,4.131,8.439,1,1,1.0
209,6392,306.638,410.453,5.460,6.789,1,1,1.0
210,18,129.507,439.504,6.977,5.073,1,1,1.0
210,20,123.640,439.035,5.380,4.923,1,1,1.0
210,22,137.357,285.006,3.822,8.667,1,1,1.0
210,25,160.809,433.804,4.892,7.879,1,1,1.0
210,27,160.771,441.103,6.875,5.260,1,1,1.0
210,29,184.460,440.000,5.448,4.582,1,1,1.0
210,40,376.381,265.504,5.816,6.650,1,1,1.0
210,41,434.409,275.638,4.391,8.657,1,1,1.0
210,42,394.019,440.873,5.466,4.619,1,1,1.0
210,43,436.995,306.116,4.285,7.944,1,1,1.0
210,46,500.840,145.663,5.468,7.164,1,1,1.0
210,47,508.401,441.805,7.045,4.980,1,1,1.0
210,48,546.730,208.957,6.514,5.875,1,1,1.0
210,49,530.799,183.481,8.091,4.976,1,1,1.0
210,50,492.688,276.248,4.129,8.089,1,1,1.0
210,54,525.436,359.601,3.885,8.044,1,1,1.0
210,55,557.167,432.129,4.230,8.454,1,1,1.0
210,57,626.832,441.412,5.347,4.302,1,1,1.0
210,59,648.458,23.764,6.982,5.195,1,1,1.0
210,60,649.634,439.368,6.838,3.900,1,1,1.0
210,61,661.774,144.046,6.450,6.204,1,1,1.0
210,62,678.309,370.729,4.471,4.696,1,1,1.0
210,63,670.084,441.223,4.816,3.865,1,1,1.0
210,66,658.007,439.704,5.423,4.167,1,1,1.0
210,6366,23.028,434.042,7.335,5.104,1,1,1.0
210,6367,13.222,438.633,5.494,4.879,1,1,1.0
210,6368,13.592,60.560,4.733,8.065,1,1,1.0
210,6370,21.352,313.752,4.967,8.245,1,1,1.0
210,6372,25.340,439.859,6.193,4.814,1,1,1.0
210,6373,38.795,354.784,4.478,8.407,1,1,1.0
210,6388,257.317,31.385,4.727,7.226,1,1,1.0
210,6389,289.424,220.761,3.912,9.222,1,1,1.0
210,6390,290.149,109.039,4.278,8.526,1,1,1.0
210,6391,252.162,397.326,4.176,8.207,1,1,1.0
210,6392,292.657,370.025,3.828,8.650,1,1,1.0
211,18,129.166,439.464,6.927,5.044,1,1,1.0
211,20,124.042,438.432,5.549,5.407,1,1,1.0
211,22,137.661,282.557,4.230,8.440,1,1,1.0
211,25,160.709,433.866,4.977,8.232,1,1,1.0
211,27,161.364,440.515,6.963,5.129,1,1,1.0
211,29,184.262,440.015,5.576,4.592,1,1,1.0
211,40,377.348,263.612,6.178,6.491,1,1,1.0
211,41,434.395,275.465,4.491,8.290,1,1,1.0
211,42,394.019,440.950,5.396,4.573,1,1,1.0
211,43,436.594,303.838,4.218,8.080,1,1,1.0
211,45,501.115,145.682,5.418,7.056,1,1,1.0
211,47,507.779,441.787,7.412,4.589,1,1,1.0
211,48,546.720,209.046,6.588,5.740,1,1,1.0
211,49,533.144,182.478,7.514,5.356,1,1,1.0
211,50,492.509,273.859,4.142,8.098,1,1,1.0
211,54,545.697,334.889,5.140,7.996,1,1,1.0
211,55,557.181,432.279,4.222,8.436,1,1,1.0
211,57,626.877,441.336,5.290,4.423,1,1,1.0
211,59,650.142,22.912,7.458,5.031,1,1,1.0
211,60,649.223,437.488,4.991,6.216,1,1,1.0
211,61,662.322,143.768,6.547,6.228,1,1,1.0
211,62,677.813,370.382,4.516,4.794,1,1,1.0
211,63,672.120,441.035,4.920,4.582,1,1,1.0
211,66,660.220,439.182,5.075,4.127,1,1,1.0
211,6366,21.651,434.355,7.384,4.784,1,1,1.0
211,6367,13.057,438.679,5.713,4.868,1,1,1.0
211,6368,12.809,58.197,4.325,7.617,1,1,1.0
211,6370,20.491,312.437,5.059,7.409,1,1,1.0
211,6372,25.162,439.925,6.402,4.850,1,1,1.0
211,6373,39.872,353.001,4.558,8.253,1,1,1.0
211,6388,256.577,28.667,4.423,7.059,1,1,1.0
211,6389,289.822,219.337,4.121,9.037,1,1,1.0
211,6390,290.215,109.047,4.203,8.469,1,1,1.0
211,6391,251.818,395.179,4.216,8.207,1,1,1.0
211,6392,292.642,370.009,3.794,8.577,1,1,1.0
212,18,129.509,439.198,5.987,5.229,1,1,1.0
212,20,124.259,437.736,5.476,6.026,1,1,1.0
212,22,138.344,280.205,4.149,9.218,1,1,1.0
212,25,160.665,433.881,4.877,7.736,1,1,1.0
212,29,184.327,440.013,5.635,4.673,1,1,1.0
212,40,379.125,261.186,6.353,6.834,1,1,1.0
212,41,434.310,275.422,4.510,8.148,1,1,1.0
212,42,393.994,441.029,5.343,4.523,1,1,1.0
212,43,436.232,301.791,4.457,7.996,1,1,1.0
212,45,501.105,145.636,5.429,7.127,1,1,1.0
212,47,507.236,441.757,7.629,4.613,1,1,1.0
212,48,546.709,208.998,6.607,5.808,1,1,1.0
212,49,534.070,181.785,7.419,5.040,1,1,1.0
212,50,492.516,271.355,4.187,8.179,1,1,1.0
212,54,551.502,330.011,4.768,7.824,1,1,1.0
212,55,557.161,432.184,4.200,8.549,1,1,1.0
212,57,627.555,441.714,4.802,4.381,1,1,1.0
212,59,652.009,22.035,7.931,5.358,1,1,1.0
212,60,634.013,409.990,5.131,8.144,1,1,1.0
212,61,662.873,143.227,6.489,6.398,1,1,1.0
212,62,677.535,370.154,4.592,4.461,1,1,1.0
212,63,673.598,441.440,5.945,4.488,1,1,1.0
212,66,660.790,439.490,4.333,4.125,1,1,1.0
212,6366,20.284,433.754,7.677,4.944,1,1,1.0
212,6367,13.469,438.684,5.615,4.789,1,1,1.0
212,6368,12.170,56.185,3.847,8.015,1,1,1.0
212,6370,19.436,310.385,5.128,7.513,1,1,1.0
212,6372,25.281,439.999,6.232,4.741,1,1,1.0
212,6373,40.377,351.471,4.436,8.400,1,1,1.0
212,6388,290.080,217.031,4.097,9.255,1,1,1.0
212,6389,290.185,109.013,4.187,8.494,1,1,1.0
212,6390,292.623,369.913,3.817,8.655,1,1,1.0
212,6391,256.511,27.787,4.548,8.099,1,1,1.0
212,6392,304.432,417.330,4.284,8.486,1,1,1.0
212,6393,251.706,393.896,4.232,8.350,1,1,1.0
213,18,129.572,438.880,5.481,5.516,1,1,1.0
213,20,124.624,437.103,5.445,6.541,1,1,1.0
213,22,138.576,277.696,4.442,9.187,1,1,1.0
213,25,160.702,433.913,4.858,7.977,1,1,1.0
213,29,184.357,439.981,5.698,4.742,1,1,1.0
213,40,381.119,258.594,6.266,7.158,1,1,1.0
213,41,410.312,260.525,6.540,8.240,1,1,1.0
213,42,393.982,441.133,5.383,4.490,1,1,1.0
213,43,435.868,300.352,4.536,7.676,1,1,1.0
213,45,521.781,137.038,7.767,7.993,1,1,1.0
213,47,507.051,441.780,7.143,4.607,1,1,1.0
213,48,546.739,209.008,6.558,5.835,1,1,1.0
213,49,535.035,180.739,6.764,5.650,1,1,1.0
213,50,492.679,268.924,4.116,8.406,1,1,1.0
213,54,551.629,330.112,4.855,7.702,1,1,1.0
213,55,557.302,432.182,4.177,8.452,1,1,1.0
213,57,628.268,441.607,4.362,4.515,1,1,1.0
213,59,653.345,21.669,7.917,5.270,1,1,1.0
213,60,615.474,379.361,5.089,4.424,1,1,1.0
213,61,662.752,143.269,6.612,6.447,1,1,1.0
213,62,677.023,370.441,4.755,4.472,1,1,1.0
213,63,674.156,441.417,5.789,4.520,1,1,1.0
213,66,662.371,439.180,4.511,4.231,1,1,1.0
213,6366,20.065,433.522,7.436,4.915,1,1,1.0
213,6367,13.643,438.733,5.548,4.670,1,1,1.0
213,6368,9.545,54.019,5.000,6.000,1,1,1.0
213,6370,17.909,308.532,4.898,7.835,1,1,1.0
213,6372,25.412,440.078,6.153,4.588,1,1,1.0
213,6373,40.258,349.771,4.415,8.681,1,1,1.0
213,6388,290.663,215.249,4.315,9.090,1,1,1.0
213,6389,290.048,109.013,4.402,8.568,1,1,1.0
213,6390,292.538,369.814,3.859,8.630,1,1,1.0
213,6391,256.664,27.477,4.483,8.226,1,1,1.0
213,6392,304.259,419.526,3.999,8.644,1,1,1.0
213,6393,251.393,392.475,3.985,8.286,1,1,1.0
214,18,128.936,439.010,5.882,5.326,1,1,1.0
214,20,123.620,437.144,5.764,6.505,1,1,1.0
214,22,139.129,275.120,4.403,8.969,1,1,1.0
214,25,160.448,433.915,5.077,8.000,1,1,1.0
214,29,184.352,440.000,5.645,4.735,1,1,1.0
214,40,382.289,257.221,6.129,7.402,1,1,1.0
214,41,394.905,240.830,5.681,7.482,1,1,1.0
214,42,393.891,441.124,5.512,4.505,1,1,1.0
214,43,435.584,299.886,4.629,7.632,1,1,1.0
214,45,547.529,108.885,3.574,7.906,1,1,1.0
214,47,505.801,441.437,6.633,5.215,1,1,1.0
214,48,546.659,209.232,6.718,5.696,1,1,1.0
214,49,536.037,179.345,5.963,6.749,1,1,1.0
214,50,492.934,266.606,4.243,8.291,1,1,1.0
214,54,551.489,329.861,4.808,7.899,1,1,1.0
214,55,557.256,432.155,4.216,8.368,1,1,1.0
214,57,628.266,441.772,4.393,4.426,1,1,1.0
214,59,654.773,21.634,7.736,5.292,1,1,1.0
214,60,617.285,384.497,6.914,3.905,1,1,1.0
214,61,662.773,143.254,6.573,6.489,1,1,1.0
214,62,676.151,370.458,4.774,4.375,1,1,1.0
214,63,674.084,441.372,5.984,4.559,1,1,1.0
214,66,662.789,439.099,4.794,4.329,1,1,1.0
214,6366,19.653,433.299,6.597,4.785,1,1,1.0
214,6367,13.826,439.037,5.498,4.486,1,1,1.0
214,6368,8.762,48.143,5.000,6.000,1,1,1.0
214,6370,17.260,307.314,4.891,7.361,1,1,1.0
214,6372,25.241,440.184,5.968,4.522,1,1,1.0
214,6373,40.913,347.451,4.270,9.089,1,1,1.0
214,6388,290.796,214.110,4.609,8.632,1,1,1.0
214,6389,290.207,109.212,4.347,8.650,1,1,1.0
214,6390,292.516,369.850,3.857,8.830,1,1,1.0
214,6391,256.864,26.908,4.439,8.256,1,1,1.0
214,6392,304.262,421.665,4.003,8.472,1,1,1.0
214,6393,251.293,390.850,4.106,8.220,1,1,1.0
215,18,129.019,439.007,6.026,5.421,1,1,1.0
215,20,123.361,437.349,6.257,6.469,1,1,1.0
215,22,140.154,272.651,3.968,8.870,1,1,1.0
215,25,160.280,433.844,5.150,7.884,1,1,1.0
215,27,167.943,440.921,6.464,4.567,1,1,1.0
215,29,184.440,440.382,5.443,4.528,1,1,1.0
215,40,382.831,256.416,5.910,7.671,1,1,1.0
215,41,395.499,240.249,5.640,8.228,1,1,1.0
215,42,393.943,441.130,5.597,4.513,1,1,1.0
215,43,435.481,299.551,4.694,7.378,1,1,1.0
215,47,504.426,441.382,6.806,5.647,1,1,1.0
215,48,546.218,210.542,6.766,4.409,1,1,1.0
215,49,536.692,178.292,5.352,7.452,1,1,1.0
215,50,493.009,263.759,4.026,8.663,1,1,1.0
215,54,551.583,329.519,4.752,8.009,1,1,1.0
215,55,557.255,432.213,4.270,8.284,1,1,1.0
215,57,628.438,441.769,4.053,4.441,1,1,1.0
215,59,656.994,21.002,7.594,5.276,1,1,1.0
215,60,628.904,392.654,6.143,5.665,1,1,1.0
215,61,662.773,143.218,6.637,6.454,1,1,1.0
215,62,674.668,370.565,4.982,4.474,1,1,1.0
215,63,674.147,441.374,5.858,4.377,1,1,1.0
215,66,663.277,439.458,4.358,4.320,1,1,1.0
215,6366,18.652,432.912,6.111,4.817,1,1,1.0
215,6367,13.870,438.986,5.276,4.695,1,1,1.0
215,6370,15.537,305.758,4.934,6.976,1,1,1.0
215,6372,25.324,440.186,5.174,4.261,1,1,1.0
215,6373,41.111,346.162,4.041,8.825,1,1,1.0
215,6388,291.643,211.927,4.358,8.643,1,1,1.0
215,6389,290.471,109.457,4.214,8.649,1,1,1.0
215,6390,292.612,370.049,3.878,8.832,1,1,1.0
215,6391,256.956,26.385,4.471,8.209,1,1,1.0
215,6392,303.815,423.704,4.174,8.619,1,1,1.0
215,6393,251.021,389.145,3.780,8.472,1,1,1.0
216,18,129.333,438.965,6.028,5.337,1,1,1.0
216,20,123.227,437.277,6.208,6.205,1,1,1.0
216,22,140.577,270.828,4.106,8.609,1,1,1.0
216,25,160.223,433.689,5.102,7.547,1,1,1.0
216,27,169.271,441.637,7.083,4.373,1,1,1.0
216,29,184.825,440.519,5.230,4.421,1,1,1.0
216,40,383.234,256.018,5.870,7.523,1,1,1.0
216,41,395.567,239.055,5.450,8.498,1,1,1.0
216,42,393.918,441.155,5.589,4.504,1,1,1.0
216,43,435.177,298.979,4.746,7.250,1,1,1.0
216,47,502.225,441.289,6.952,5.460,1,1,1.0
216,48,545.232,211.915,6.980,5.081,1,1,1.0
216,49,537.695,177.230,4.898,7.387,1,1,1.0
216,50,492.663,261.445,4.118,8.663,1,1,1.0
216,54,552.090,328.881,4.702,8.268,1,1,1.0
216,55,557.245,432.243,4.288,8.460,1,1,1.0
216,57,628.366,441.647,4.133,4.622,1,1,1.0
216,59,658.519,20.704,7.526,4.924,1,1,1.0
216,60,614.511,413.669,3.741,7.117,1,1,1.0
216,61,662.798,143.189,6.587,6.411,1,1,1.0
216,62,673.987,370.789,4.956,4.504,1,1,1.0
216,63,674.625,441.384,5.634,4.196,1,1,1.0
216,66,663.125,440.214,4.423,4.315,1,1,1.0
216,6366,16.851,432.012,5.964,4.925,1,1,1.0
216,6367,13.491,439.074,5.164,4.678,1,1,1.0
216,6368,8.272,44.324,5.000,6.000,1,1,1.0
216,6370,14.188,303.961,5.018,6.961,1,1,1.0
216,6372,25.431,440.367,4.917,4.002,1,1,1.0
216,6373,41.292,344.618,4.022,8.724,1,1,1.0
216,6388,292.582,210.739,4.765,8.046,1,1,1.0
216,6389,290.866,108.866,3.889,8.658,1,1,1.0
216,6390,292.552,370.029,3.888,8.769,1,1,1.0
216,6391,256.871,24.836,4.594,8.526,1,1,1.0
216,6392,303.460,425.466,4.295,8.691,1,1,1.0
216,6393,250.634,387.006,3.949,8.149,1,1,1.0
217,18,130.184,439.075,5.982,5.074,1,1,1.0
217,20,123.325,437.149,6.080,6.137,1,1,1.0
217,22,141.466,267.910,4.139,8.661,1,1,1.0
217,25,160.080,433.541,5.062,7.390,1,1,1.0
217,27,169.851,441.858,6.830,4.358,1,1,1.0
217,29,184.921,440.497,5.259,4.419,1,1,1.0
217,40,384.227,254.158,5.676,7.468,1,1,1.0
217,41,396.256,237.972,5.149,9.311,1,1,1.0
217,42,393.807,441.159,5.737,4.563,1,1,1.0
217,43,434.239,297.307,4.883,7.094,1,1,1.0
217,47,499.734,440.936,7.790,5.156,1,1,1.0
217,48,544.315,212.862,6.526,4.928,1,1,1.0
217,49,537.953,176.224,5.001,7.255,1,1,1.0
217,50,492.516,259.238,4.177,8.623,1,1,1.0
217,54,552.533,327.796,4.408,8.027,1,1,1.0
217,55,557.260,432.186,4.296,8.371,1,1,1.0
217,59,659.681,20.543,7.523,5.279,1,1,1.0
217,60,628.032,440.403,4.998,8.080,1,1,1.0
217,61,662.797,143.424,6.773,6.470,1,1,1.0
217,62,673.278,370.503,5.225,4.648,1,1,1.0
217,63,676.781,441.605,5.074,4.609,1,1,1.0
217,66,662.714,440.124,4.862,5.185,1,1,1.0
217,6366,15.286,431.723,6.260,4.909,1,1,1.0
217,6367,13.899,439.402,5.296,4.304,1,1,1.0
217,6368,6.695,40.459,5.000,6.000,1,1,1.0
217,6370,13.438,302.464,4.930,7.113,1,1,1.0
217,6372,15.633,430.923,5.879,5.369,1,1,1.0
217,6373,25.157,440.640,4.811,3.706,1,1,1.0
217,6388,292.504,370.042,3.842,8.864,1,1,1.0
217,6389,257.678,23.712,4.210,8.049,1,1,1.0
217,6390,291.096,107.744,3.734,9.052,1,1,1.0
217,6391,250.285,385.402,4.249,7.472,1,1,1.0
217,6392,293.618,209.464,5.125,7.767,1,1,1.0
218,18,131.161,439.275,6.347,4.783,1,1,1.0
218,20,123.433,437.112,6.194,6.131,1,1,1.0
218,22,141.969,265.519,4.510,8.092,1,1,1.0
218,25,160.112,433.532,5.063,7.477,1,1,1.0
218,27,169.982,442.008,6.925,4.178,1,1,1.0
218,29,185.178,440.557,5.148,4.427,1,1,1.0
218,40,384.842,251.919,5.881,7.402,1,1,1.0
218,41,396.683,237.058,5.299,9.090,1,1,1.0
218,42,393.773,441.180,5.694,4.431,1,1,1.0
218,43,433.652,296.015,4.714,7.179,1,1,1.0
218,45,540.665,101.193,4.341,6.491,1,1,1.0
218,47,498.095,441.013,6.976,4.820,1,1,1.0
218,48,543.280,213.384,6.766,5.068,1,1,1.0
218,49,538.202,175.026,4.769,8.096,1,1,1.0
218,50,492.588,256.793,4.263,8.361,1,1,1.0
218,54,552.869,326.241,4.476,8.766,1,1,1.0
218,55,557.278,432.142,4.190,8.320,1,1,1.0
218,57,626.769,440.662,4.575,4.689,1,1,1.0
218,59,661.762,20.568,7.294,4.550,1,1,1.0
218,60,638.112,437.514,5.748,4.309,1,1,1.0
218,61,662.687,143.432,6.641,6.597,1,1,1.0
218,62,673.238,370.459,5.202,4.212,1,1,1.0
218,63,676.871,441.600,4.918,4.427,1,1,1.0
218,66,662.975,440.154,4.956,4.164,1,1,1.0
218,6366,14.174,431.109,6.223,5.017,1,1,1.0
218,6367,14.225,439.562,4.985,4.127,1,1,1.0
218,6368,7.489,38.057,5.000,6.000,1,1,1.0
218,6370,12.026,300.791,4.817,7.805,1,1,1.0
218,6372,25.310,440.738,4.569,3.573,1,1,1.0
218,6373,42.376,341.420,4.006,9.137,1,1,1.0
218,6388,294.317,207.582,5.170,7.604,1,1,1.0
218,6389,290.841,106.812,3.793,9.240,1,1,1.0
218,6390,292.620,370.262,3.922,8.426,1,1,1.0
218,6391,257.927,22.566,4.308,8.602,1,1,1.0
218,6392,302.731,429.503,4.380,8.873,1,1,1.0
218,6393,249.218,384.043,4.627,7.709,1,1,1.0
219,18,131.143,439.193,6.094,4.771,1,1,1.0
219,20,123.611,436.846,6.177,6.330,1,1,1.0
219,22,142.843,263.067,4.643,8.332,1,1,1.0
219,25,159.973,433.456,5.118,7.431,1,1,1.0
219,27,170.553,442.210,6.935,3.966,1,1,1.0
219,29,185.287,440.512,5.105,4.500,1,1,1.0
219,40,387.238,249.715,5.830,7.338,1,1,1.0
219,41,397.070,235.954,5.500,8.250,1,1,1.0
219,42,393.743,441.263,5.681,4.372,1,1,1.0
219,43,432.713,294.929,4.935,6.619,1,1,1.0
219,45,541.135,108.360,4.665,5.649,1,1,1.0
219,47,497.317,441.481,6.562,4.609,1,1,1.0
219,48,541.742,213.888,7.037,5.074,1,1,1.0
219,49,538.698,173.640,4.598,8.422,1,1,1.0
219,50,492.692,254.223,4.121,8.237,1,1,1.0
219,54,552.636,324.667,4.415,8.575,1,1,1.0
219,55,557.303,432.202,4.174,8.234,1,1,1.0
219,57,626.089,441.086,4.555,5.018,1,1,1.0
219,59,663.544,21.343,6.973,4.970,1,1,1.0
219,60,649.501,435.138,4.262,4.681,1,1,1.0
219,61,662.731,143.511,6.544,6.565,1,1,1.0
219,62,672.998,370.522,5.183,4.257,1,1,1.0
219,63,676.167,441.665,4.416,4.404,1,1,1.0
219,66,662.594,438.729,4.991,6.216,1,1,1.0
219,6366,13.656,431.264,5.283,4.674,1,1,1.0
219,6367,14.192,439.594,4.705,4.124,1,1,1.0
219,6368,8.083,35.427,5.000,6.000,1,1,1.0
219,6370,11.452,299.523,4.299,7.738,1,1,1.0
219,6372,24.991,440.703,4.747,3.605,1,1,1.0
219,6373,42.336,339.918,4.272,8.611,1,1,1.0
219,6388,295.271,206.826,5.066,7.393,1,1,1.0
219,6389,291.042,105.513,3.689,8.878,1,1,1.0
219,6390,292.599,370.270,3.914,8.413,1,1,1.0
219,6391,258.142,22.082,4.371,8.020,1,1,1.0
219,6392,302.392,431.692,4.565,8.566,1,1,1.0
219,6393,248.980,382.884,4.104,7.102,1,1,1.0
220,18,131.547,439.266,6.784,4.733,1,1,1.0
220,20,123.270,437.133,6.381,6.051,1,1,1.0
220,22,144.032,260.562,4.550,8.691,1,1,1.0
220,25,159.769,433.446,5.274,7.463,1,1,1.0
220,27,170.904,441.485,6.795,3.939,1,1,1.0
220,29,185.182,439.952,5.084,4.597,1,1,1.0
220,40,388.587,246.825,6.392,7.730,1,1,1.0
220,41,397.607,235.339,5.935,8.374,1,1,1.0
220,42,393.743,441.185,5.725,4.456,1,1,1.0
220,43,431.532,293.670,5.307,6.604,1,1,1.0
220,45,542.161,111.279,4.324,7.845,1,1,1.0
220,47,496.526,441.490,7.361,4.587,1,1,1.0
220,48,540.313,214.554,6.821,5.213,1,1,1.0
220,49,539.114,172.248,4.706,8.382,1,1,1.0
220,50,493.024,252.487,4.103,7.901,1,1,1.0
220,54,552.882,323.723,4.450,8.798,1,1,1.0
220,55,557.300,432.306,4.301,8.331,1,1,1.0
220,57,625.295,440.967,4.659,5.232,1,1,1.0
220,59,665.185,23.315,6.095,5.101,1,1,1.0
220,60,645.149,436.730,3.984,5.709,1,1,1.0
220,61,662.615,143.506,6.566,6.636,1,1,1.0
220,62,672.805,370.641,4.962,4.512,1,1,1.0
220,63,675.416,441.643,4.522,4.400,1,1,1.0
220,66,662.169,440.964,4.972,5.639,1,1,1.0
220,6366,12.916,431.190,5.351,4.667,1,1,1.0
220,6367,14.382,439.647,4.724,4.059,1,1,1.0
220,6368,7.909,32.652,5.000,6.000,1,1,1.0
220,6370,11.103,298.534,3.589,7.057,1,1,1.0
220,6372,24.878,440.821,4.645,3.728,1,1,1.0
220,6373,43.390,337.443,3.975,8.618,1,1,1.0
220,6388,295.465,206.657,5.160,7.705,1,1,1.0
220,6389,291.361,103.661,3.634,9.575,1,1,1.0
220,6390,292.549,370.274,3.987,8.451,1,1,1.0
220,6391,257.642,21.090,4.961,7.996,1,1,1.0
220,6392,302.340,433.169,4.577,8.849,1,1,1.0
220,6393,248.959,381.383,4.175,7.266,1,1,1.0
221,18,131.829,439.292,6.709,4.655,1,1,1.0
221,20,123.278,437.211,6.348,6.026,1,1,1.0
221,22,144.881,258.521,4.621,8.503,1,1,1.0
221,25,159.809,433.415,5.183,7.453,1,1,1.0
221,27,171.335,441.366,6.161,3.966,1,1,1.0
221,29,185.358,439.944,4.912,4.562,1,1,1.0
221,40,390.189,244.190,6.245,7.965,1,1,1.0
221,41,397.931,235.575,6.378,7.847,1,1,1.0
221,42,393.731,441.186,5.717,4.455,1,1,1.0
221,43,430.622,292.843,5.081,6.396,1,1,1.0
221,45,540.731,112.025,6.638,4.870,1,1,1.0
221,47,496.660,441.453,7.158,4.608,1,1,1.0
221,48,538.532,215.147,7.089,4.970,1,1,1.0
221,49,539.423,171.284,4.762,8.267,1,1,1.0
221,50,492.822,250.169,3.945,8.230,1,1,1.0
221,54,552.707,322.446,4.719,8.599,1,1,1.0
221,55,557.349,432.388,4.253,8.403,1,1,1.0
221,57,625.139,440.940,4.466,5.343,1,1,1.0
221,59,666.137,24.222,6.522,5.698,1,1,1.0
221,60,646.124,437.322,3.953,4.785,1,1,1.0
221,61,662.537,143.534,6.528,6.452,1,1,1.0
221,62,672.641,370.907,4.810,4.568,1,1,1.0
221,63,674.769,441.623,4.657,4.393,1,1,1.0
221,66,663.070,438.372,4.991,6.216,1,1,1.0
221,6366,12.837,431.262,4.696,4.577,1,1,1.0
221,6367,14.326,439.556,4.729,4.007,1,1,1.0
221,6368,7.215,29.182,5.000,6.000,1,1,1.0
221,6370,9.400,296.875,5.000,6.000,1,1,1.0
221,6372,24.778,440.780,4.697,3.782,1,1,1.0
221,6373,43.726,335.024,3.928,9.020,1,1,1.0
221,6388,296.273,205.464,5.316,7.702,1,1,1.0
221,6389,291.113,101.956,3.966,8.547,1,1,1.0
221,6390,292.563,370.256,3.960,8.432,1,1,1.0
221,6391,257.560,21.047,4.863,7.723,1,1,1.0
221,6392,302.447,434.559,4.527,8.745,1,1,1.0
221,6393,248.640,380.030,4.138,6.983,1,1,1.0
222,18,131.692,439.339,6.932,4.686,1,1,1.0
222,20,123.151,437.165,6.261,5.947,1,1,1.0
222,22,145.720,256.431,4.475,8.580,1,1,1.0
222,25,159.670,432.899,5.159,7.665,1,1,1.0
222,27,171.799,441.124,5.831,4.088,1,1,1.0
222,29,185.717,439.867,4.642,4.577,1,1,1.0
222,40,390.896,240.122,7.092,10.392,1,1,1.0
222,41,396.950,235.628,7.435,9.272,1,1,1.0
222,42,393.771,441.000,5.772,4.579,1,1,1.0
222,43,429.416,291.953,5.419,6.114,1,1,1.0
222,45,520.331,111.565,7.031,5.515,1,1,1.0
222,47,496.632,441.421,7.192,4.571,1,1,1.0
222,48,538.061,215.922,7.140,4.334,1,1,1.0
222,49,539.416,171.300,4.965,8.193,1,1,1.0
222,50,492.677,247.790,4.088,8.217,1,1,1.0
222,54,553.421,321.216,4.385,8.767,1,1,1.0
222,55,557.381,432.409,4.209,8.452,1,1,1.0
222,57,624.859,441.045,4.595,5.276,1,1,1.0
222,59,667.420,26.432,6.790,5.286,1,1,1.0
222,60,646.600,437.557,3.612,5.137,1,1,1.0
222,61,662.431,143.615,6.350,6.576,1,1,1.0
222,62,672.701,370.913,4.795,4.549,1,1,1.0
222,63,674.522,441.540,4.296,4.461,1,1,1.0
222,66,663.070,438.372,4.991,6.216,1,1,1.0
222,6366,12.682,431.295,4.277,4.580,1,1,1.0
222,6367,14.339,439.384,4.603,4.225,1,1,1.0
222,6368,7.215,25.192,5.000,6.000,1,1,1.0
222,6370,7.967,294.581,5.000,6.000,1,1,1.0
222,6372,24.634,440.658,4.656,3.725,1,1,1.0
222,6373,43.711,332.992,4.022,8.613,1,1,1.0
222,6388,296.512,204.745,5.402,7.905,1,1,1.0
222,6389,290.625,101.673,4.117,7.619,1,1,1.0
222,6390,292.614,370.311,3.984,8.461,1,1,1.0
222,6391,257.758,21.053,4.577,7.912,1,1,1.0
222,6392,303.139,435.667,4.065,8.974,1,1,1.0
222,6393,248.627,378.312,3.867,6.801,1,1,1.0
223,18,131.784,439.333,7.058,4.706,1,1,1.0
223,20,123.154,437.157,6.414,6.059,1,1,1.0
223,22,146.334,254.659,4.334,8.783,1,1,1.0
223,25,159.435,432.487,5.158,7.846,1,1,1.0
223,27,172.658,440.871,5.342,4.258,1,1,1.0
223,29,185.782,439.845,4.686,4.561,1,1,1.0
223,40,390.408,240.613,5.102,9.776,1,1,1.0
223,41,397.410,235.787,7.166,9.041,1,1,1.0
223,42,393.833,440.869,5.790,4.651,1,1,1.0
223,43,427.339,290.767,5.750,5.825,1,1,1.0
223,45,502.301,106.028,4.225,7.469,1,1,1.0
223,47,496.866,440.855,7.072,5.430,1,1,1.0
223,48,538.460,214.680,6.520,5.635,1,1,1.0
223,49,539.524,171.329,4.803,8.342,1,1,1.0
223,50,492.670,246.606,4.026,8.403,1,1,1.0
223,54,553.651,320.184,4.577,7.959,1,1,1.0
223,55,557.410,432.696,4.373,8.402,1,1,1.0
223,57,624.497,441.067,4.914,5.201,1,1,1.0
223,59,668.362,26.770,6.786,5.388,1,1,1.0
223,60,647.110,438.371,4.384,5.018,1,1,1.0
223,61,662.445,143.678,6.284,6.656,1,1,1.0
223,62,672.718,370.859,4.755,4.684,1,1,1.0
223,63,673.003,441.767,4.699,4.256,1,1,1.0
223,66,663.070,438.372,4.991,6.216,1,1,1.0
223,6366,11.335,430.893,5.000,6.000,1,1,1.0
223,6367,24.343,440.497,4.912,3.908,1,1,1.0
223,6368,14.098,439.199,4.745,4.408,1,1,1.0
223,6370,7.967,294.581,5.000,6.000,1,1,1.0
223,6372,44.212,330.449,4.184,9.357,1,1,1.0
223,6388,303.391,436.943,4.790,7.625,1,1,1.0
223,6389,292.592,370.695,3.986,8.635,1,1,1.0
223,6390,296.941,204.550,5.589,7.468,1,1,1.0
223,6391,290.375,101.210,4.462,5.770,1,1,1.0
223,6393,257.698,20.970,4.591,7.993,1,1,1.0
224,18,133.303,439.440,6.671,4.508,1,1,1.0
224,20,123.161,437.024,6.277,6.123,1,1,1.0
224,22,146.715,253.630,4.513,8.707,1,1,1.0
224,25,159.393,432.007,5.026,8.026,1,1,1.0
224,27,172.720,440.643,5.632,4.217,1,1,1.0
224,29,186.081,439.625,4.849,4.556,1,1,1.0
224,40,389.604,240.223,4.559,9.318,1,1,1.0
224,41,398.497,235.876,7.019,7.094,1,1,1.0
224,42,393.825,440.798,5.803,4.754,1,1,1.0
224,43,426.436,289.647,5.696,5.815,1,1,1.0
224,45,502.374,105.170,4.149,8.275,1,1,1.0
224,47,492.916,430.879,6.385,8.675,1,1,1.0
224,48,538.209,213.544,6.587,5.826,1,1,1.0
224,49,539.563,171.332,4.784,8.328,1,1,1.0
224,50,493.025,245.191,4.059,7.656,1,1,1.0
224,54,553.801,319.245,4.556,7.993,1,1,1.0
224,55,557.381,432.690,4.318,8.373,1,1,1.0
224,57,624.490,441.151,4.889,5.077,1,1,1.0
224,59,669.746,26.993,6.520,5.210,1,1,1.0
224,60,648.097,438.303,5.315,4.665,1,1,1.0
224,61,662.431,143.647,6.302,6.656,1,1,1.0
224,62,672.773,370.863,4.694,4.731,1,1,1.0
224,63,670.863,441.765,5.042,4.300,1,1,1.0
224,66,661.761,438.729,4.991,6.216,1,1,1.0
224,6366,10.182,430.235,5.000,6.000,1,1,1.0
224,6367,23.885,440.471,5.423,3.915,1,1,1.0
224,6368,13.863,439.073,4.833,4.398,1,1,1.0
224,6370,7.250,292.860,5.000,6.000,1,1,1.0
224,6372,44.426,328.339,4.316,9.639,1,1,1.0
224,6388,304.391,437.904,5.585,6.968,1,1,1.0
224,6390,297.079,204.412,5.690,7.548,1,1,1.0
224,6391,292.583,370.592,4.094,8.403,1,1,1.0
224,6393,257.799,20.960,4.601,7.928,1,1,1.0
225,18,133.108,439.420,7.141,4.432,1,1,1.0
225,20,122.995,436.818,5.982,6.178,1,1,1.0
225,22,146.774,253.508,4.431,8.634,1,1,1.0
225,25,159.247,431.642,4.650,7.718,1,1,1.0
225,27,173.375,440.327,5.137,4.303,1,1,1.0
225,29,186.513,439.318,4.576,4.593,1,1,1.0
225,40,389.176,238.955,4.152,9.135,1,1,1.0
225,41,399.271,235.814,6.873,6.620,1,1,1.0
225,42,394.495,441.148,5.038,4.448,1,1,1.0
225,43,425.113,288.051,5.822,6.581,1,1,1.0
225,45,502.394,103.541,4.066,9.456,1,1,1.0
225,47,494.712,420.023,5.389,6.983,1,1,1.0
225,48,536.649,211.442,6.147,6.020,1,1,1.0
225,49,539.523,171.286,4.772,8.392,1,1,1.0
225,50,493.503,243.113,4.314,8.215,1,1,1.0
225,54,553.538,318.977,4.618,8.104,1,1,1.0
225,55,557.371,432.635,4.287,8.339,1,1,1.0
225,57,624.381,441.087,4.807,5.049,1,1,1.0
225,59,670.839,26.767,6.617,5.143,1,1,1.0
225,60,649.763,438.052,5.440,4.572,1,1,1.0
225,61,662.468,143.619,6.289,6.686,1,1,1.0
225,62,672.877,371.072,4.508,4.804,1,1,1.0
225,63,669.482,441.934,5.224,4.074,1,1,1.0
225,66,662.713,438.967,4.991,6.216,1,1,1.0
225,6366,9.441,430.317,5.000,6.000,1,1,1.0
225,6367,13.618,438.604,5.214,4.701,1,1,1.0
225,6368,6.868,23.977,5.000,6.000,1,1,1.0
225,6370,6.533,290.136,5.000,6.000,1,1,1.0
225,6372,44.988,326.475,4.146,8.832,1,1,1.0
225,6380,247.960,372.097,3.718,8.497,1,1,1.0
225,6390,305.280,438.692,5.556,6.321,1,1,1.0
225,6391,297.323,204.383,5.516,7.220,1,1,1.0
225,6393,292.718,370.891,4.003,8.405,1,1,1.0
226,18,134.474,439.562,6.584,4.077,1,1,1.0
226,20,123.076,436.645,6.023,6.227,1,1,1.0
226,22,146.750,253.518,4.443,8.605,1,1,1.0
226,25,159.310,431.655,4.588,7.767,1,1,1.0
226,27,174.109,440.382,4.763,4.252,1,1,1.0
226,29,186.834,439.345,4.481,4.675,1,1,1.0
226,40,388.798,237.969,4.145,8.961,1,1,1.0
226,41,400.068,235.988,7.082,6.224,1,1,1.0
226,42,394.526,441.281,4.863,4.365,1,1,1.0
226,43,424.508,285.957,5.137,6.836,1,1,1.0
226,45,502.409,103.217,3.996,9.279,1,1,1.0
226,47,493.362,442.525,6.870,4.647,1,1,1.0
226,48,534.702,209.935,6.021,6.417,1,1,1.0
226,49,539.481,171.339,4.844,8.317,1,1,1.0
226,50,493.549,241.744,4.220,7.698,1,1,1.0
226,54,553.487,318.998,4.598,8.183,1,1,1.0
226,55,557.365,432.628,4.255,8.371,1,1,1.0
226,57,624.296,441.146,4.820,5.251,1,1,1.0
226,59,671.863,26.249,6.251,4.821,1,1,1.0
226,60,651.499,437.993,6.217,4.575,1,1,1.0
226,61,662.558,143.664,6.304,6.661,1,1,1.0
226,62,672.872,371.102,4.463,4.798,1,1,1.0
226,63,667.513,441.995,5.298,4.295,1,1,1.0
226,66,662.118,438.848,4.991,6.216,1,1,1.0
226,6366,8.947,430.317,5.000,6.000,1,1,1.0
226,6367,13.549,438.677,5.618,4.750,1,1,1.0
226,6368,6.521,23.457,5.000,6.000,1,1,1.0
226,6370,6.676,289.850,5.000,6.000,1,1,1.0
226,6372,22.245,440.460,6.632,4.018,1,1,1.0
226,6373,45.625,324.221,4.202,8.710,1,1,1.0
226,6388,305.986,438.881,5.518,6.331,1,1,1.0
226,6390,297.118,204.359,5.556,7.416,1,1,1.0
226,6391,292.713,370.555,4.007,8.369,1,1,1.0
226,6393,257.831,20.961,4.528,7.965,1,1,1.0
227,18,134.281,439.612,6.694,4.154,1,1,1.0
227,20,123.045,436.411,6.265,6.648,1,1,1.0
227,22,146.770,253.498,4.360,8.469,1,1,1.0
227,25,159.054,431.191,4.580,7.908,1,1,1.0
227,27,174.225,440.392,4.787,4.363,1,1,1.0
227,29,186.876,439.212,4.351,4.681,1,1,1.0
227,40,388.952,237.460,3.719,8.915,1,1,1.0
227,41,399.708,236.431,7.393,5.028,1,1,1.0
227,42,394.447,441.417,4.653,4.096,1,1,1.0
227,43,424.093,284.037,4.919,7.489,1,1,1.0
227,45,502.711,102.386,3.862,8.165,1,1,1.0
227,47,493.424,443.095,6.770,4.603,1,1,1.0
227,48,533.348,208.226,5.751,6.554,1,1,1.0
227,49,539.535,171.456,4.830,8.219,1,1,1.0
227,50,493.735,239.358,4.336,8.019,1,1,1.0
227,54,553.649,318.836,4.662,8.106,1,1,1.0
227,55,557.434,432.832,4.255,8.457,1,1,1.0
227,57,620.783,433.372,5.512,4.817,1,1,1.0
227,59,672.489,24.897,5.802,5.321,1,1,1.0
227,60,652.813,437.665,6.141,4.272,1,1,1.0
227,61,662.690,143.489,6.262,7.175,1,1,1.0
227,62,672.925,371.077,4.481,4.919,1,1,1.0
227,63,665.247,442.066,6.279,4.494,1,1,1.0
227,66,662.118,438.848,4.991,6.216,1,1,1.0
227,6366,6.641,432.293,5.000,6.000,1,1,1.0
227,6367,13.703,438.823,6.179,4.496,1,1,1.0
227,6368,6.174,21.375,5.000,6.000,1,1,1.0
227,6370,5.529,288.702,5.000,6.000,1,1,1.0
227,6372,21.865,440.613,7.142,3.996,1,1,1.0
227,6373,46.338,321.752,4.006,8.950,1,1,1.0
227,6388,306.003,438.489,5.620,6.658,1,1,1.0
227,6390,297.349,204.260,5.320,7.118,1,1,1.0
227,6391,292.645,370.602,3.931,8.261,1,1,1.0
227,6393,257.883,21.150,4.431,8.154,1,1,1.0
228,18,134.327,439.587,6.515,4.099,1,1,1.0
228,20,123.466,436.171,6.457,6.789,1,1,1.0
228,22,146.728,253.542,4.376,8.435,1,1,1.0
228,25,158.689,430.496,4.594,7.927,1,1,1.0
228,27,174.382,440.241,4.726,4.362,1,1,1.0
228,29,186.510,439.176,4.398,4.625,1,1,1.0
228,40,387.634,236.909,3.876,8.366,1,1,1.0
228,41,401.227,236.273,7.862,4.656,1,1,1.0
228,42,394.309,441.312,4.900,4.217,1,1,1.0
228,43,423.361,281.677,5.022,8.019,1,1,1.0
228,45,502.824,102.190,4.055,7.766,1,1,1.0
228,47,493.673,443.021,6.537,4.609,1,1,1.0
228,48,531.234,206.422,5.968,6.619,1,1,1.0
228,49,539.546,171.427,4.833,8.192,1,1,1.0
228,50,493.924,237.805,4.159,8.001,1,1,1.0
228,54,553.676,318.761,4.644,8.001,1,1,1.0
228,55,557.384,432.710,4.358,8.482,1,1,1.0
228,57,615.097,440.326,5.957,5.302,1,1,1.0
228,59,673.007,23.842,5.382,5.531,1,1,1.0
228,60,654.282,437.766,7.274,4.885,1,1,1.0
228,61,662.734,143.515,6.248,7.103,1,1,1.0
228,62,672.893,371.022,4.580,4.999,1,1,1.0
228,63,665.239,441.955,6.122,4.443,1,1,1.0
228,66,662.951,439.205,4.991,6.216,1,1,1.0
228,6366,6.312,432.952,5.000,6.000,1,1,1.0
228,6367,13.953,438.677,6.080,4.430,1,1,1.0
228,6368,6.695,20.855,5.000,6.000,1,1,1.0
228,6370,5.529,287.842,5.000,6.000,1,1,1.0
228,6372,21.846,440.086,7.263,4.292,1,1,1.0
228,6373,46.848,319.702,4.370,8.805,1,1,1.0
228,6388,297.624,199.470,4.539,7.716,1,1,1.0
228,6390,292.578,370.604,3.964,8.258,1,1,1.0
228,6391,257.858,21.153,4.493,8.181,1,1,1.0
228,6392,306.244,437.596,4.654,7.295,1,1,1.0
228,6393,248.870,367.352,3.973,8.075,1,1,1.0
229,18,133.946,439.543,6.196,4.136,1,1,1.0
229,20,123.320,436.105,6.400,6.599,1,1,1.0
229,22,146.715,253.284,4.382,8.355,1,1,1.0
229,25,158.454,430.534,4.750,7.978,1,1,1.0
229,27,174.564,440.126,4.777,4.410,1,1,1.0
229,29,186.295,438.821,4.479,4.542,1,1,1.0
229,40,386.576,235.089,4.617,7.306,1,1,1.0
229,41,402.857,236.195,7.795,5.135,1,1,1.0
229,42,394.034,441.269,4.897,4.350,1,1,1.0
229,43,423.210,280.015,4.976,8.310,1,1,1.0
229,45,502.704,101.847,4.148,6.608,1,1,1.0
229,47,494.057,442.946,6.205,4.587,1,1,1.0
229,48,529.340,204.457,6.144,6.455,1,1,1.0
229,49,539.688,171.292,4.646,8.019,1,1,1.0
229,50,493.826,237.136,4.263,7.745,1,1,1.0
229,54,553.802,318.617,4.546,8.002,1,1,1.0
229,55,557.205,433.816,4.545,8.662,1,1,1.0
229,57,614.750,441.540,6.052,4.319,1,1,1.0
229,59,673.435,22.377,5.795,5.593,1,1,1.0
229,60,656.906,438.402,7.124,4.983,1,1,1.0
229,61,662.753,143.866,5.958,6.967,1,1,1.0
229,62,672.830,371.187,4.671,4.866,1,1,1.0
229,63,665.718,441.849,5.778,4.563,1,1,1.0
229,66,662.832,439.680,4.991,6.216,1,1,1.0
229,6366,6.065,434.270,5.000,6.000,1,1,1.0
229,6367,13.857,438.717,6.382,4.389,1,1,1.0
229,6368,6.695,20.681,5.000,6.000,1,1,1.0
229,6370,4.812,285.835,5.000,6.000,1,1,1.0
229,6372,21.352,439.779,7.627,4.388,1,1,1.0
229,6373,47.625,317.436,4.315,8.953,1,1,1.0
229,6388,292.995,174.240,4.036,8.899,1,1,1.0
229,6390,306.231,437.287,4.451,7.616,1,1,1.0
229,6391,292.613,370.636,3.956,8.346,1,1,1.0
229,6393,264.244,18.840,5.039,5.350,1,1,1.0
230,18,134.024,439.623,6.102,4.059,1,1,1.0
230,20,123.415,436.135,6.518,6.685,1,1,1.0
230,22,146.983,252.161,4.302,8.385,1,1,1.0
230,25,158.442,430.571,4.770,7.889,1,1,1.0
230,27,174.881,439.963,5.034,4.424,1,1,1.0
230,29,186.077,438.641,4.411,4.458,1,1,1.0
230,40,385.089,234.037,5.350,7.199,1,1,1.0
230,41,404.270,235.862,7.859,5.090,1,1,1.0
230,42,393.993,441.114,4.611,4.528,1,1,1.0
230,43,422.297,277.960,4.670,8.308,1,1,1.0
230,45,502.657,101.775,4.307,6.155,1,1,1.0
230,47,495.332,442.225,4.282,5.086,1,1,1.0
230,48,527.349,202.547,6.526,6.618,1,1,1.0
230,49,539.773,171.230,4.568,7.883,1,1,1.0
230,50,494.033,236.053,4.174,8.351,1,1,1.0
230,54,553.747,318.639,4.532,7.968,1,1,1.0
230,55,557.953,433.068,3.877,8.182,1,1,1.0
230,57,614.784,441.409,5.993,4.399,1,1,1.0
230,59,674.408,20.159,5.000,7.391,1,1,1.0
230,60,662.086,432.948,4.991,6.216,1,1,1.0
230,61,662.755,143.877,6.026,6.947,1,1,1.0
230,62,672.819,371.176,4.719,5.039,1,1,1.0
230,63,658.098,437.249,4.991,6.216,1,1,1.0
230,66,662.837,437.780,4.991,6.216,1,1,1.0
230,6366,5.818,435.093,5.000,6.000,1,1,1.0
230,6367,14.033,438.092,5.973,4.868,1,1,1.0
230,6368,6.348,20.681,5.000,6.000,1,1,1.0
230,6370,5.529,286.122,5.000,6.000,1,1,1.0
230,6372,15.855,438.354,12.173,5.095,1,1,1.0
230,6373,48.329,315.190,4.143,9.104,1,1,1.0
230,6388,306.200,437.162,4.449,7.920,1,1,1.0
230,6390,301.670,147.295,4.020,7.756,1,1,1.0
230,6393,292.702,370.590,3.956,8.313,1,1,1.0
231,18,134.324,439.526,5.905,4.128,1,1,1.0
231,20,124.157,435.634,6.284,7.171,1,1,1.0
231,22,147.455,250.347,4.213,8.579,1,1,1.0
231,25,158.443,430.511,4.770,8.054,1,1,1.0
231,27,175.359,439.813,5.362,4.475,1,1,1.0
231,29,185.679,438.433,4.537,4.370,1,1,1.0
231,40,383.448,232.993,5.244,8.121,1,1,1.0
231,41,405.201,235.640,7.759,5.295,1,1,1.0
231,42,394.119,441.134,4.672,4.465,1,1,1.0
231,43,420.929,275.655,4.604,8.485,1,1,1.0
231,45,502.436,101.523,4.552,5.552,1,1,1.0
231,47,495.973,441.836,4.583,5.517,1,1,1.0
231,48,525.699,200.572,6.273,7.179,1,1,1.0
231,49,539.790,171.121,4.597,7.961,1,1,1.0
231,50,493.973,235.859,4.201,8.437,1,1,1.0
231,54,553.626,318.649,4.689,8.131,1,1,1.0
231,55,558.055,432.196,4.069,8.655,1,1,1.0
231,57,614.799,441.400,6.090,4.418,1,1,1.0
231,59,674.873,18.076,4.737,7.626,1,1,1.0
231,60,650.119,442.833,7.298,5.151,1,1,1.0
231,61,662.701,143.868,6.117,6.996,1,1,1.0
231,62,672.801,371.210,4.668,4.939,1,1,1.0
231,63,658.646,438.137,4.991,6.216,1,1,1.0
231,66,664.905,439.942,4.991,6.216,1,1,1.0
231,6366,5.735,435.093,5.000,6.000,1,1,1.0
231,6367,27.897,394.549,7.130,10.637,1,1,1.0
231,6368,6.695,20.508,5.000,6.000,1,1,1.0
231,6370,5.386,284.401,5.000,6.000,1,1,1.0
231,6372,22.080,440.530,6.196,4.787,1,1,1.0
231,6373,48.800,313.689,4.195,8.973,1,1,1.0
231,6388,305.654,436.758,4.789,8.296,1,1,1.0
231,6390,296.961,155.032,3.806,7.181,1,1,1.0
231,6393,292.564,370.512,4.029,8.492,1,1,1.0
232,18,134.430,439.518,5.997,4.106,1,1,1.0
232,20,124.301,435.679,6.113,7.143,1,1,1.0
232,22,147.851,247.778,4.137,9.018,1,1,1.0
232,25,158.408,430.551,4.840,8.005,1,1,1.0
232,27,175.679,439.784,5.280,4.662,1,1,1.0
232,29,185.280,438.467,4.647,4.439,1,1,1.0
232,40,382.262,231.011,5.287,8.546,1,1,1.0
232,41,405.320,235.561,7.919,5.256,1,1,1.0
232,42,393.978,441.163,4.691,4.446,1,1,1.0
232,43,420.106,274.003,4.822,8.683,1,1,1.0
232,45,502.264,101.452,4.560,5.281,1,1,1.0
232,47,496.514,441.910,5.580,5.025,1,1,1.0
232,48,524.397,198.151,6.039,7.240,1,1,1.0
232,49,539.804,171.127,4.522,7.882,1,1,1.0
232,50,494.180,235.553,4.064,8.370,1,1,1.0
232,54,553.631,318.646,4.656,8.093,1,1,1.0
232,55,558.099,431.914,3.927,8.776,1,1,1.0
232,57,614.874,441.417,6.128,4.478,1,1,1.0
232,59,675.612,17.171,4.738,7.521,1,1,1.0
232,60,649.418,442.179,4.991,6.216,1,1,1.0
232,61,662.676,143.987,5.976,6.876,1,1,1.0
232,62,672.737,371.288,4.800,4.859,1,1,1.0
232,63,656.940,438.299,6.631,6.656,1,1,1.0
232,66,664.259,439.918,4.991,6.216,1,1,1.0
232,6366,5.571,434.929,5.000,6.000,1,1,1.0
232,6367,45.748,359.298,7.434,6.439,1,1,1.0
232,6368,6.348,21.201,5.000,6.000,1,1,1.0
232,6370,4.812,281.677,5.000,6.000,1,1,1.0
232,6372,21.199,440.315,6.887,4.545,1,1,1.0
232,6373,49.284,311.161,4.470,9.107,1,1,1.0
232,6388,304.734,437.505,4.879,8.195,1,1,1.0
232,6390,299.350,182.940,5.417,5.973,1,1,1.0
232,6393,292.495,370.529,4.140,8.469,1,1,1.0
233,18,133.941,439.553,6.267,4.229,1,1,1.0
233,20,124.198,436.098,6.164,6.911,1,1,1.0
233,22,148.270,245.720,3.942,9.398,1,1,1.0
233,25,158.540,430.786,4.627,7.770,1,1,1.0
233,27,176.243,439.673,6.617,4.611,1,1,1.0
233,29,184.567,438.492,5.423,4.428,1,1,1.0
233,40,380.587,228.977,4.749,7.866,1,1,1.0
233,41,406.079,235.321,7.723,5.050,1,1,1.0
233,42,393.904,441.150,4.366,4.502,1,1,1.0
233,43,418.747,272.041,4.841,8.393,1,1,1.0
233,47,497.342,441.549,6.096,5.229,1,1,1.0
233,48,522.855,196.034,5.685,7.319,1,1,1.0
233,49,540.042,170.830,4.396,7.864,1,1,1.0
233,50,499.353,232.950,6.972,7.038,1,1,1.0
233,54,553.675,318.618,4.668,8.162,1,1,1.0
233,55,558.226,431.539,3.922,8.858,1,1,1.0
233,57,614.497,441.237,6.542,4.454,1,1,1.0
233,59,675.558,17.213,4.807,7.532,1,1,1.0
233,60,648.715,441.710,4.991,6.216,1,1,1.0
233,61,662.719,143.992,5.834,6.904,1,1,1.0
233,62,672.563,371.061,4.658,5.113,1,1,1.0
233,63,657.839,438.855,6.505,5.862,1,1,1.0
233,66,663.516,441.604,6.104,4.669,1,1,1.0
233,6366,5.982,435.176,5.000,6.000,1,1,1.0
233,6368,20.635,440.491,6.877,4.378,1,1,1.0
233,6370,4.956,281.319,5.000,6.000,1,1,1.0
233,6372,50.252,308.251,4.256,9.284,1,1,1.0
233,6373,68.600,350.852,6.194,4.421,1,1,1.0
233,6388,303.392,438.320,5.601,7.646,1,1,1.0
233,6390,294.586,212.273,4.645,8.243,1,1,1.0
233,6392,306.679,15.048,5.474,6.517,1,1,1.0
233,6393,292.599,370.497,4.080,8.502,1,1,1.0
234,18,133.832,439.494,6.325,4.268,1,1,1.0
234,20,124.178,436.151,6.092,6.839,1,1,1.0
234,22,148.357,244.142,3.920,8.982,1,1,1.0
234,25,158.414,430.852,4.719,7.788,1,1,1.0
234,27,176.366,439.690,7.430,4.745,1,1,1.0
234,29,185.097,438.632,5.005,4.740,1,1,1.0
234,40,379.240,227.250,4.862,8.077,1,1,1.0
234,41,406.100,234.681,7.879,5.051,1,1,1.0
234,42,393.796,441.448,4.297,4.471,1,1,1.0
234,43,418.301,270.334,4.719,8.309,1,1,1.0
234,47,498.525,441.367,5.656,5.053,1,1,1.0
234,48,521.204,193.774,5.887,7.200,1,1,1.0
234,49,539.994,170.510,4.425,7.962,1,1,1.0
234,50,538.997,222.747,5.288,5.990,1,1,1.0
234,54,553.691,318.585,4.617,8.168,1,1,1.0
234,55,558.092,431.567,4.302,8.911,1,1,1.0
234,57,614.408,440.956,6.591,4.638,1,1,1.0
234,59,675.583,17.258,4.761,7.491,1,1,1.0
234,60,647.933,441.632,4.991,6.216,1,1,1.0
234,61,662.727,144.028,5.799,6.912,1,1,1.0
234,62,672.500,370.957,4.388,5.243,1,1,1.0
234,63,658.688,439.157,6.292,5.497,1,1,1.0
234,66,663.694,441.713,5.980,4.587,1,1,1.0
234,6366,5.818,438.140,5.000,6.000,1,1,1.0
234,6368,19.914,440.548,6.619,4.236,1,1,1.0
234,6370,5.099,279.455,5.000,6.000,1,1,1.0
234,6372,50.572,306.238,4.082,9.022,1,1,1.0
234,6373,65.748,358.264,4.753,6.811,1,1,1.0
234,6388,302.456,438.450,5.606,7.586,1,1,1.0
234,6390,295.124,218.765,4.295,8.656,1,1,1.0
234,6392,312.951,33.337,4.408,6.114,1,1,1.0
234,6393,292.591,370.623,4.043,8.467,1,1,1.0
235,18,127.894,438.479,5.534,5.418,1,1,1.0
235,20,123.240,436.157,5.693,6.983,1,1,1.0
235,22,148.441,241.615,4.034,9.000,1,1,1.0
235,24,139.695,415.656,3.610,9.704,1,1,1.0
235,25,158.516,430.981,4.835,7.781,1,1,1.0
235,27,177.976,439.722,8.055,5.160,1,1,1.0
235,29,183.831,438.572,5.989,4.967,1,1,1.0
235,40,377.871,225.016,4.672,7.956,1,1,1.0
235,41,408.178,233.769,6.739,4.639,1,1,1.0
235,42,393.696,441.466,4.475,4.510,1,1,1.0
235,43,417.109,268.075,4.893,7.982,1,1,1.0
235,47,500.112,441.145,5.133,5.440,1,1,1.0
235,48,519.886,191.633,5.331,7.309,1,1,1.0
235,49,540.007,169.781,4.437,7.968,1,1,1.0
235,50,547.062,221.117,3.867,7.922,1,1,1.0
235,54,553.644,318.665,4.659,8.103,1,1,1.0
235,55,557.807,431.362,4.685,9.145,1,1,1.0
235,57,614.331,440.180,6.710,5.229,1,1,1.0
235,59,675.566,17.241,4.809,7.547,1,1,1.0
235,60,646.369,441.945,4.991,6.216,1,1,1.0
235,61,662.700,144.028,5.812,6.870,1,1,1.0
235,62,672.495,370.921,4.437,5.349,1,1,1.0
235,63,660.085,439.186,5.846,5.649,1,1,1.0
235,66,664.321,441.977,6.372,4.438,1,1,1.0
235,6366,5.653,438.552,5.000,6.000,1,1,1.0
235,6367,63.003,395.956,4.943,7.554,1,1,1.0
235,6368,6.695,20.681,5.000,6.000,1,1,1.0
235,6370,5.242,278.164,5.000,6.000,1,1,1.0
235,6372,18.702,440.347,7.263,4.149,1,1,1.0
235,6373,51.053,303.466,4.142,8.998,1,1,1.0
235,6388,294.968,219.349,4.353,9.330,1,1,1.0
235,6390,292.668,370.449,4.070,8.569,1,1,1.0
235,6391,302.010,46.868,6.121,7.041,1,1,1.0
235,6392,301.201,439.268,6.287,5.830,1,1,1.0
235,6393,251.292,356.101,3.907,8.444,1,1,1.0
236,18,128.272,438.876,5.540,5.165,1,1,1.0
236,20,123.188,435.972,5.914,7.140,1,1,1.0
236,22,148.586,239.004,4.165,9.057,1,1,1.0
236,24,141.627,373.268,6.660,8.662,1,1,1.0
236,25,158.385,431.026,4.828,7.792,1,1,1.0
236,27,178.102,439.770,8.231,5.136,1,1,1.0
236,40,376.712,224.168,4.912,7.664,1,1,1.0
236,41,424.724,226.204,5.883,6.320,1,1,1.0
236,42,393.811,441.513,4.490,4.578,1,1,1.0
236,43,416.079,266.035,5.072,8.114,1,1,1.0
236,47,501.175,440.518,4.533,4.832,1,1,1.0
236,48,518.349,189.102,5.470,7.798,1,1,1.0
236,49,540.128,168.269,4.490,8.361,1,1,1.0
236,50,546.692,220.970,4.108,8.241,1,1,1.0
236,54,553.625,318.645,4.662,7.983,1,1,1.0
236,55,557.928,430.741,4.475,9.337,1,1,1.0
236,57,614.443,439.326,5.865,6.400,1,1,1.0
236,59,675.569,17.281,4.781,7.496,1,1,1.0
236,60,646.291,441.397,4.991,6.216,1,1,1.0
236,61,662.715,144.073,5.733,6.862,1,1,1.0
236,62,672.489,370.958,4.519,5.396,1,1,1.0
236,63,659.924,439.355,5.862,5.441,1,1,1.0
236,66,664.247,441.840,6.715,4.519,1,1,1.0
236,6366,5.735,438.964,5.000,6.000,1,1,1.0
236,6367,17.708,440.342,6.886,4.044,1,1,1.0
236,6368,6.695,20.681,5.000,6.000,1,1,1.0
236,6370,4.812,275.440,5.000,6.000,1,1,1.0
236,6372,4.806,274.468,5.114,8.579,1,1,1.0
236,6373,47.739,422.487,5.115,7.600,1,1,1.0
236,6388,289.281,52.564,5.538,4.791,1,1,1.0
236,6390,250.942,353.762,3.780,8.667,1,1,1.0
236,6392,292.468,370.245,4.135,8.678,1,1,1.0
237,18,127.776,438.572,5.756,5.415,1,1,1.0
237,20,122.646,435.733,5.897,6.951,1,1,1.0
237,22,149.344,236.737,4.031,8.450,1,1,1.0
237,24,154.814,369.862,4.194,7.637,1,1,1.0
237,25,158.378,430.945,4.774,7.735,1,1,1.0
237,27,179.474,438.997,9.115,5.429,1,1,1.0
237,40,376.788,223.611,4.936,7.502,1,1,1.0
237,41,434.285,223.505,4.094,8.062,1,1,1.0
237,42,393.478,441.439,4.785,4.551,1,1,1.0
237,43,415.972,264.412,4.794,8.252,1,1,1.0
237,47,501.291,440.590,4.638,4.722,1,1,1.0
237,48,517.237,187.274,4.832,7.894,1,1,1.0
237,49,540.597,166.534,4.274,8.561,1,1,1.0
237,50,546.653,220.808,4.144,8.295,1,1,1.0
237,54,553.566,318.653,4.733,8.184,1,1,1.0
237,55,558.250,430.608,3.938,9.022,1,1,1.0
237,57,614.222,438.915,5.393,6.774,1,1,1.0
237,59,675.883,17.310,4.169,7.115,1,1,1.0
237,60,646.134,442.023,4.991,6.216,1,1,1.0
237,61,662.754,144.014,5.703,6.861,1,1,1.0
237,62,672.641,370.957,4.499,5.394,1,1,1.0
237,63,662.318,439.361,4.991,6.216,1,1,1.0
237,66,661.935,440.150,8.745,6.610,1,1,1.0
237,6366,5.653,438.552,5.000,6.000,1,1,1.0
237,6367,51.849,297.923,4.221,9.043,1,1,1.0
237,6370,5.099,273.074,5.000,6.000,1,1,1.0
237,6372,4.863,271.924,5.265,8.820,1,1,1.0
237,6373,17.392,440.212,7.156,4.236,1,1,1.0
237,6388,292.577,370.191,4.116,8.716,1,1,1.0
237,6390,278.482,41.914,4.643,7.801,1,1,1.0
237,6391,251.014,351.248,3.775,8.631,1,1,1.0
237,6392,293.823,217.718,4.126,9.502,1,1,1.0
238,18,127.655,438.419,5.833,5.432,1,1,1.0
238,20,122.312,435.730,6.133,7.069,1,1,1.0
238,22,149.290,233.912,4.283,8.728,1,1,1.0
238,24,161.054,387.118,5.843,6.012,1,1,1.0
238,25,158.292,430.874,4.833,7.830,1,1,1.0
238,27,180.045,438.829,8.851,5.503,1,1,1.0
238,40,376.698,222.211,4.800,7.772,1,1,1.0
238,41,434.129,222.360,3.737,7.813,1,1,1.0
238,42,393.621,441.400,5.087,4.646,1,1,1.0
238,43,415.245,262.914,4.638,8.198,1,1,1.0
238,47,501.352,440.479,4.551,4.650,1,1,1.0
238,48,516.345,185.864,5.037,7.621,1,1,1.0
238,49,541.183,164.791,4.280,8.904,1,1,1.0
238,50,546.636,220.606,4.180,8.451,1,1,1.0
238,54,553.519,318.675,4.753,8.192,1,1,1.0
238,55,558.340,430.286,3.861,9.280,1,1,1.0
238,57,614.105,438.742,5.496,7.016,1,1,1.0
238,59,675.703,17.485,4.141,6.920,1,1,1.0
238,60,645.352,441.710,4.991,6.216,1,1,1.0
238,61,662.695,144.029,5.693,6.851,1,1,1.0
238,62,672.685,371.119,4.645,5.283,1,1,1.0
238,63,663.406,439.157,4.991,6.216,1,1,1.0
238,66,663.443,440.526,8.367,5.935,1,1,1.0
238,6366,5.653,439.458,5.000,6.000,1,1,1.0
238,6367,52.235,295.721,4.298,9.076,1,1,1.0
238,6368,4.813,270.465,5.158,8.330,1,1,1.0
238,6370,4.382,271.784,5.000,6.000,1,1,1.0
238,6372,12.049,18.164,5.615,6.882,1,1,1.0
238,6373,16.374,440.012,7.167,4.214,1,1,1.0
238,6388,292.571,370.369,4.160,8.759,1,1,1.0
238,6390,265.726,13.318,4.451,6.462,1,1,1.0
238,6391,251.090,348.820,3.724,8.868,1,1,1.0
238,6392,293.274,216.720,4.118,9.496,1,1,1.0
239,18,127.756,438.452,5.803,5.198,1,1,1.0
239,20,122.313,436.218,5.407,6.841,1,1,1.0
239,22,149.898,230.744,4.393,9.037,1,1,1.0
239,24,139.129,396.036,6.095,7.042,1,1,1.0
239,25,158.405,431.006,4.777,7.661,1,1,1.0
239,27,180.427,438.823,8.563,5.319,1,1,1.0
239,40,375.610,220.692,4.678,7.867,1,1,1.0
239,41,433.939,221.230,3.926,8.160,1,1,1.0
239,42,393.638,441.453,5.176,4.655,1,1,1.0
239,43,413.858,260.959,4.780,8.104,1,1,1.0
239,47,501.447,440.516,4.556,4.589,1,1,1.0
239,48,514.752,183.890,5.360,7.754,1,1,1.0
239,49,541.512,162.600,4.309,8.790,1,1,1.0
239,50,546.561,220.582,4.265,8.476,1,1,1.0
239,54,553.620,318.609,4.650,7.843,1,1,1.0
239,55,558.173,430.375,3.828,9.144,1,1,1.0
239,57,614.179,438.420,5.709,7.474,1,1,1.0
239,59,675.054,17.878,4.526,7.034,1,1,1.0
239,60,644.863,441.620,4.991,6.216,1,1,1.0
239,61,662.636,144.048,5.701,6.929,1,1,1.0
239,62,672.713,371.103,4.663,5.280,1,1,1.0
239,63,664.902,440.041,4.991,6.216,1,1,1.0
239,66,667.149,441.233,7.217,5.620,1,1,1.0
239,6366,5.159,439.211,5.000,6.000,1,1,1.0
239,6367,52.407,437.861,4.818,4.902,1,1,1.0
239,6368,12.588,18.479,6.429,6.790,1,1,1.0
239,6370,4.669,270.350,5.000,6.000,1,1,1.0
239,6372,14.048,440.304,8.661,4.086,1,1,1.0
239,6373,52.315,293.002,4.234,9.259,1,1,1.0
239,6388,293.082,215.693,4.219,9.232,1,1,1.0
239,6390,292.542,370.437,4.118,8.686,1,1,1.0
239,6392,293.862,441.329,7.341,4.659,1,1,1.0
239,6393,250.743,346.833,3.871,8.720,1,1,1.0
240,18,127.743,438.418,5.691,5.289,1,1,1.0
240,20,122.326,436.080,5.490,6.828,1,1,1.0
240,22,150.487,228.139,4.315,8.919,1,1,1.0
240,24,126.915,377.206,4.080,8.281,1,1,1.0
240,25,158.365,430.941,4.861,7.601,1,1,1.0
240,27,181.001,438.912,8.135,5.293,1,1,1.0
240,40,374.181,219.091,4.577,7.421,1,1,1.0
240,41,433.978,219.169,3.702,9.080,1,1,1.0
240,42,393.246,441.439,4.811,4.744,1,1,1.0
240,43,413.263,258.944,4.829,8.212,1,1,1.0
240,47,501.428,440.496,4.544,4.498,1,1,1.0
240,48,513.880,182.040,4.728,7.500,1,1,1.0
240,49,542.711,160.954,3.884,8.585,1,1,1.0
240,50,546.319,220.234,4.321,8.499,1,1,1.0
240,54,553.506,319.047,4.684,8.141,1,1,1.0
240,55,558.121,430.396,3.857,9.114,1,1,1.0
240,57,614.228,438.335,5.483,7.467,1,1,1.0
240,59,673.988,17.724,5.379,6.864,1,1,1.0
240,60,644.243,441.620,4.991,6.216,1,1,1.0
240,61,662.612,144.033,5.617,6.959,1,1,1.0
240,62,672.595,371.084,4.641,5.272,1,1,1.0
240,63,664.238,440.907,5.143,5.757,1,1,1.0
240,66,668.517,441.574,5.791,6.083,1,1,1.0
240,6366,5.818,439.129,5.000,6.000,1,1,1.0
240,6367,52.284,290.275,4.532,9.086,1,1,1.0
240,6368,5.179,267.852,5.227,8.097,1,1,1.0
240,6370,4.526,269.060,5.000,6.000,1,1,1.0
240,6372,13.009,18.912,6.136,6.435,1,1,1.0
240,6373,12.517,440.488,7.682,4.008,1,1,1.0
240,6388,292.395,370.442,4.184,8.560,1,1,1.0
240,6390,256.695,27.091,5.386,7.076,1,1,1.0
240,6391,250.407,344.046,4.202,9.010,1,1,1.0
240,6392,293.021,214.482,4.203,9.138,1,1,1.0
241,18,127.871,438.432,5.735,5.127,1,1,1.0
241,20,122.474,435.840,5.326,6.951,1,1,1.0
241,22,151.553,225.038,4.170,8.934,1,1,1.0
241,24,124.266,361.339,4.522,5.410,1,1,1.0
241,25,158.246,431.004,5.176,7.650,1,1,1.0
241,27,181.801,438.941,7.695,5.838,1,1,1.0
241,40,373.240,217.179,4.463,7.463,1,1,1.0
241,41,433.163,216.853,3.989,8.687,1,1,1.0
241,42,393.592,441.465,4.969,4.818,1,1,1.0
241,43,412.476,257.009,4.808,8.540,1,1,1.0
241,47,501.581,440.102,4.309,4.549,1,1,1.0
241,48,514.038,179.282,3.774,8.939,1,1,1.0
241,49,543.634,159.186,3.884,8.192,1,1,1.0
241,50,546.539,218.324,3.906,8.135,1,1,1.0
241,54,553.511,318.961,4.684,8.169,1,1,1.0
241,55,557.894,430.174,3.935,9.082,1,1,1.0
241,57,614.132,438.397,5.502,7.260,1,1,1.0
241,59,672.216,15.797,6.554,7.262,1,1,1.0
241,60,643.519,442.034,4.991,6.216,1,1,1.0
241,61,662.506,144.061,5.683,6.924,1,1,1.0
241,62,672.602,371.280,4.583,5.086,1,1,1.0
241,63,665.092,441.085,5.379,6.061,1,1,1.0
241,66,669.385,441.120,5.160,6.480,1,1,1.0
241,6366,5.735,439.129,5.000,6.000,1,1,1.0
241,6367,52.400,437.804,4.497,5.048,1,1,1.0
241,6368,14.160,19.076,6.350,5.969,1,1,1.0
241,6370,4.812,268.486,5.000,6.000,1,1,1.0
241,6372,11.928,440.616,6.914,3.855,1,1,1.0
241,6373,51.444,287.795,4.244,9.191,1,1,1.0
241,6388,292.707,213.157,3.951,8.830,1,1,1.0
241,6389,290.596,441.595,7.355,4.738,1,1,1.0
241,6392,292.415,370.636,4.086,8.385,1,1,1.0
241,6393,250.334,342.535,4.105,8.407,1,1,1.0
242,18,127.851,438.568,5.818,5.128,1,1,1.0
242,20,122.454,435.709,5.514,7.146,1,1,1.0
242,22,152.158,222.432,4.186,8.665,1,1,1.0
242,24,126.393,357.285,7.017,4.156,1,1,1.0
242,25,158.367,431.072,5.034,7.664,1,1,1.0
242,27,182.013,438.848,7.871,5.783,1,1,1.0
242,40,372.634,215.392,4.278,7.150,1,1,1.0
242,41,433.053,215.348,3.894,8.581,1,1,1.0
242,42,393.378,441.432,4.968,4.842,1,1,1.0
242,43,411.912,254.826,4.894,8.483,1,1,1.0
242,47,501.564,439.931,4.290,4.541,1,1,1.0
242,48,514.698,178.442,4.290,8.705,1,1,1.0
242,49,544.386,156.858,4.246,8.232,1,1,1.0
242,50,546.795,215.443,3.971,8.280,1,1,1.0
242,54,553.495,318.904,4.702,8.063,1,1,1.0
242,55,557.885,430.149,3.938,9.064,1,1,1.0
242,57,614.194,438.355,5.519,7.315,1,1,1.0
242,59,672.074,14.840,6.093,7.642,1,1,1.0
242,60,645.070,443.378,4.991,6.216,1,1,1.0
242,61,662.548,144.093,5.721,6.873,1,1,1.0
242,62,672.602,371.302,4.552,5.023,1,1,1.0
242,63,666.924,438.749,4.991,6.216,1,1,1.0
242,66,668.022,441.046,5.850,6.488,1,1,1.0
242,6366,5.735,439.129,5.000,6.000,1,1,1.0
242,6367,52.405,437.852,4.487,4.963,1,1,1.0
242,6368,15.142,18.655,7.560,6.530,1,1,1.0
242,6370,5.242,265.905,5.000,6.000,1,1,1.0
242,6372,11.808,440.517,6.796,3.866,1,1,1.0
242,6373,50.493,285.677,4.714,8.713,1,1,1.0
242,6388,292.909,211.444,3.929,8.961,1,1,1.0
242,6389,289.156,441.431,7.496,4.993,1,1,1.0
242,6390,296.413,101.987,7.827,6.373,1,1,1.0
242,6392,292.439,370.660,4.119,8.343,1,1,1.0
242,6393,250.562,339.741,3.939,8.755,1,1,1.0
243,18,127.867,438.520,5.696,5.091,1,1,1.0
243,20,122.528,435.837,5.193,6.984,1,1,1.0
243,22,152.947,220.284,4.165,9.064,1,1,1.0
243,24,126.118,360.716,6.009,5.372,1,1,1.0
243,25,158.304,431.117,5.126,7.429,1,1,1.0
243,27,182.211,438.910,7.463,5.817,1,1,1.0
243,40,372.033,214.149,4.274,6.931,1,1,1.0
243,41,433.040,214.026,3.835,8.652,1,1,1.0
243,42,393.305,441.439,4.863,4.808,1,1,1.0
243,43,411.069,252.345,4.506,8.643,1,1,1.0
243,47,501.586,439.919,4.268,4.553,1,1,1.0
243,48,516.243,175.803,3.879,8.241,1,1,1.0
243,49,545.263,154.836,4.474,8.209,1,1,1.0
243,50,546.725,212.978,3.901,7.957,1,1,1.0
243,54,553.460,319.105,4.669,7.973,1,1,1.0
243,55,557.665,430.201,3.972,9.021,1,1,1.0
243,57,614.227,438.309,5.416,7.294,1,1,1.0
243,59,669.188,13.036,7.214,7.401,1,1,1.0
243,60,646.104,442.344,4.991,6.216,1,1,1.0
243,61,662.546,144.058,5.694,6.991,1,1,1.0
243,62,672.625,371.332,4.554,5.049,1,1,1.0
243,63,667.740,440.245,4.991,6.216,1,1,1.0
243,66,668.469,441.124,5.496,6.585,1,1,1.0
243,6366,5.241,439.623,5.000,6.000,1,1,1.0
243,6367,52.408,437.862,4.454,4.952,1,1,1.0
243,6368,15.509,18.328,9.023,6.765,1,1,1.0
243,6370,5.242,264.902,5.000,6.000,1,1,1.0
243,6372,11.883,440.529,6.737,3.892,1,1,1.0
243,6373,49.234,283.202,4.877,8.707,1,1,1.0
243,6388,300.862,102.420,4.088,9.121,1,1,1.0
243,6389,287.711,441.403,7.792,5.194,1,1,1.0
243,6390,293.440,209.769,4.105,9.179,1,1,1.0
243,6392,292.406,370.630,4.090,8.472,1,1,1.0
243,6393,250.543,337.726,4.066,8.721,1,1,1.0
244,18,127.885,438.476,5.579,5.155,1,1,1.0
244,20,122.411,436.041,5.174,6.979,1,1,1.0
244,22,153.696,217.166,4.433,9.067,1,1,1.0
244,24,127.069,377.396,4.123,6.418,1,1,1.0
244,25,158.120,431.266,5.364,7.162,1,1,1.0
244,27,181.863,438.467,7.766,6.305,1,1,1.0
244,40,370.932,212.499,4.136,7.018,1,1,1.0
244,41,432.684,212.765,4.064,8.442,1,1,1.0
244,42,393.344,441.417,4.596,4.777,1,1,1.0
244,43,410.004,249.584,4.479,8.753,1,1,1.0
244,47,501.631,439.871,4.235,4.592,1,1,1.0
244,48,516.935,173.079,4.690,8.253,1,1,1.0
244,49,545.990,152.687,4.588,8.266,1,1,1.0
244,50,547.081,210.624,3.859,8.159,1,1,1.0
244,54,553.660,319.230,4.350,8.141,1,1,1.0
244,55,557.537,430.225,4.033,9.339,1,1,1.0
244,57,614.166,438.190,5.424,7.310,1,1,1.0
244,59,668.607,10.306,7.237,8.642,1,1,1.0
244,60,648.896,443.068,4.991,6.216,1,1,1.0
244,61,662.551,144.010,5.567,7.071,1,1,1.0
244,62,672.640,371.301,4.545,5.103,1,1,1.0
244,63,669.236,439.565,4.991,6.216,1,1,1.0
244,66,669.086,441.646,4.991,6.216,1,1,1.0
244,6364,668.815,441.238,5.455,6.309,1,1,1.0
244,6366,5.282,439.062,5.000,6.000,1,1,1.0
244,6367,52.407,437.863,4.392,4.836,1,1,1.0
244,6368,17.371,17.894,9.104,6.243,1,1,1.0
244,6370,6.103,261.174,5.000,6.000,1,1,1.0
244,6372,11.460,440.487,6.398,3.891,1,1,1.0
244,6373,48.271,280.851,4.983,8.866,1,1,1.0
244,6388,293.597,208.284,4.220,9.351,1,1,1.0
244,6389,261.117,64.749,7.610,6.365,1,1,1.0
244,6390,292.401,370.589,4.060,8.504,1,1,1.0
244,6391,300.858,102.279,4.100,9.296,1,1,1.0
244,6392,286.378,440.894,7.518,5.134,1,1,1.0
244,6393,250.183,335.098,3.818,8.877,1,1,1.0
245,18,127.749,438.553,5.466,4.929,1,1,1.0
245,20,122.645,435.854,4.879,7.185,1,1,1.0
245,22,154.057,214.716,4.394,9.199,1,1,1.0
245,24,124.680,375.838,5.259,6.367,1,1,1.0
245,25,157.610,431.259,5.532,7.340,1,1,1.0
245,27,184.068,436.941,5.710,6.772,1,1,1.0
245,29,179.766,439.583,5.852,4.955,1,1,1.0
245,40,371.076,210.651,4.208,6.811,1,1,1.0
245,41,433.191,211.062,3.900,8.666,1,1,1.0
245,42,393.577,441.418,4.537,4.729,1,1,1.0
245,43,409.072,247.122,4.642,8.317,1,1,1.0
245,47,501.710,439.964,4.274,4.579,1,1,1.0
245,48,518.137,171.053,4.738,7.661,1,1,1.0
245,49,547.078,150.787,4.784,8.187,1,1,1.0
245,50,546.534,208.174,4.035,8.641,1,1,1.0
245,54,553.601,319.261,4.378,8.374,1,1,1.0
245,55,557.217,430.284,4.206,9.290,1,1,1.0
245,57,614.284,438.216,5.383,7.272,1,1,1.0
245,59,668.030,9.237,7.485,9.483,1,1,1.0
245,60,650.254,443.589,6.490,4.015,1,1,1.0
245,61,662.566,144.059,5.527,7.035,1,1,1.0
245,62,672.733,371.137,4.473,5.326,1,1,1.0
245,63,668.353,441.245,6.423,5.102,1,1,1.0
245,66,667.342,441.706,4.991,6.216,1,1,1.0
245,6366,5.365,438.321,5.000,6.000,1,1,1.0
245,6367,52.333,437.735,4.353,4.936,1,1,1.0
245,6368,19.910,18.149,8.400,6.019,1,1,1.0
245,6370,6.246,260.457,5.000,6.000,1,1,1.0
245,6372,11.686,440.409,6.315,3.985,1,1,1.0
245,6373,48.039,278.418,4.812,9.003,1,1,1.0
245,6388,292.450,370.539,4.106,8.531,1,1,1.0
245,6389,250.106,332.874,3.892,9.121,1,1,1.0
245,6390,284.518,441.207,7.490,4.912,1,1,1.0
245,6391,293.646,206.489,4.196,9.435,1,1,1.0
245,6392,261.447,64.517,7.288,6.010,1,1,1.0
246,18,127.798,438.397,5.389,4.602,1,1,1.0
246,20,122.683,435.396,4.840,7.632,1,1,1.0
246,22,154.441,213.060,4.404,8.690,1,1,1.0
246,24,124.584,376.558,4.384,4.352,1,1,1.0
246,25,152.959,436.957,6.884,4.311,1,1,1.0
246,27,184.904,437.892,4.873,6.232,1,1,1.0
246,29,179.895,436.470,4.958,6.556,1,1,1.0
246,40,370.415,209.526,4.006,6.126,1,1,1.0
246,41,433.573,209.285,3.947,8.528,1,1,1.0
246,42,393.719,441.383,4.864,4.726,1,1,1.0
246,43,408.602,244.619,4.272,8.610,1,1,1.0
246,47,501.725,440.107,4.318,4.452,1,1,1.0
246,48,519.808,168.019,5.043,8.135,1,1,1.0
246,49,547.740,148.950,5.460,7.559,1,1,1.0
246,50,546.746,206.032,3.909,8.548,1,1,1.0
246,54,553.453,318.891,4.681,8.324,1,1,1.0
246,55,557.316,430.287,4.160,9.271,1,1,1.0
246,57,614.316,438.174,5.305,7.267,1,1,1.0
246,59,667.364,8.346,8.294,9.579,1,1,1.0
246,60,653.264,443.757,6.608,4.285,1,1,1.0
246,61,662.528,144.092,5.564,7.020,1,1,1.0
246,62,672.669,371.001,4.410,5.314,1,1,1.0
246,63,669.863,441.052,5.539,3.983,1,1,1.0
246,66,666.230,441.416,5.172,4.418,1,1,1.0
246,6366,5.529,437.827,5.000,6.000,1,1,1.0
246,6367,52.367,437.705,4.270,4.755,1,1,1.0
246,6368,22.172,18.575,8.334,5.875,1,1,1.0
246,6370,6.389,258.736,5.000,6.000,1,1,1.0
246,6372,11.817,440.386,5.687,3.961,1,1,1.0
246,6373,47.244,276.525,4.936,8.702,1,1,1.0
246,6388,293.956,205.651,4.437,9.076,1,1,1.0
246,6389,261.309,64.435,7.370,6.099,1,1,1.0
246,6390,292.453,370.560,4.057,8.406,1,1,1.0
246,6391,300.878,102.161,4.080,9.265,1,1,1.0
246,6392,282.625,440.929,7.794,4.599,1,1,1.0
246,6393,249.957,331.139,3.909,9.096,1,1,1.0
247,18,128.293,438.270,5.348,4.834,1,1,1.0
247,20,122.965,435.696,4.461,7.497,1,1,1.0
247,22,154.981,209.978,4.220,9.038,1,1,1.0
247,24,124.060,376.529,5.590,4.558,1,1,1.0
247,27,186.098,438.943,5.351,5.450,1,1,1.0
247,29,181.052,437.655,4.630,6.393,1,1,1.0
247,40,370.647,208.429,4.197,6.283,1,1,1.0
247,41,434.141,207.650,4.033,8.203,1,1,1.0
247,42,394.592,441.636,5.476,4.660,1,1,1.0
247,43,407.794,242.580,4.596,8.425,1,1,1.0
247,47,501.792,440.213,4.321,4.418,1,1,1.0
247,48,521.074,165.854,5.587,7.392,1,1,1.0
247,49,548.652,147.725,5.393,7.202,1,1,1.0
247,50,546.184,203.467,3.961,8.709,1,1,1.0
247,54,553.502,318.910,4.658,8.325,1,1,1.0
247,55,557.317,430.324,4.157,9.235,1,1,1.0
247,57,614.543,438.168,5.316,7.400,1,1,1.0
247,59,665.943,6.029,8.711,11.949,1,1,1.0
247,60,654.234,443.783,6.202,4.194,1,1,1.0
247,61,662.515,144.135,5.555,7.014,1,1,1.0
247,62,672.742,371.066,4.380,5.301,1,1,1.0
247,63,671.662,440.973,4.992,3.873,1,1,1.0
247,66,663.578,442.037,6.042,4.085,1,1,1.0
247,6366,5.282,437.909,5.000,6.000,1,1,1.0
247,6367,50.700,437.513,5.625,4.710,1,1,1.0
247,6368,25.043,18.518,7.926,5.843,1,1,1.0
247,6370,7.106,255.152,5.000,6.000,1,1,1.0
247,6372,11.629,440.332,5.484,3.817,1,1,1.0
247,6373,46.816,274.505,4.911,8.887,1,1,1.0
247,6388,294.233,204.546,4.272,8.852,1,1,1.0
247,6389,260.907,63.585,6.788,6.676,1,1,1.0
247,6390,292.496,370.489,4.101,8.408,1,1,1.0
247,6391,300.845,102.191,4.127,9.288,1,1,1.0
247,6392,279.576,440.904,8.151,4.602,1,1,1.0
247,6393,249.885,329.193,3.961,8.871,1,1,1.0
248,18,128.100,438.410,5.146,4.695,1,1,1.0
248,20,122.798,435.168,4.442,7.698,1,1,1.0
248,22,155.219,207.886,4.247,8.847,1,1,1.0
248,24,123.758,376.657,4.955,4.560,1,1,1.0
248,25,154.565,436.552,5.233,4.677,1,1,1.0
248,27,186.234,439.376,4.625,4.864,1,1,1.0
248,29,177.114,436.799,3.939,6.655,1,1,1.0
248,40,370.448,207.374,4.225,6.324,1,1,1.0
248,41,434.403,205.425,4.140,8.247,1,1,1.0
248,42,395.582,441.762,5.794,4.646,1,1,1.0
248,43,406.398,239.995,4.695,8.619,1,1,1.0
248,47,501.770,440.343,4.413,4.638,1,1,1.0
248,48,522.469,163.486,5.891,7.292,1,1,1.0
248,49,549.712,146.474,5.338,7.391,1,1,1.0
248,50,545.693,200.902,4.473,8.301,1,1,1.0
248,54,553.669,318.780,4.488,8.568,1,1,1.0
248,55,557.328,430.373,4.169,9.184,1,1,1.0
248,57,614.372,438.272,5.259,7.241,1,1,1.0
248,59,666.137,5.768,8.415,11.439,1,1,1.0
248,60,654.574,443.609,7.260,4.581,1,1,1.0
248,61,662.570,144.236,5.507,7.011,1,1,1.0
248,62,672.680,370.957,4.388,5.354,1,1,1.0
248,63,671.545,441.276,4.744,4.083,1,1,1.0
248,66,659.796,442.761,6.773,4.371,1,1,1.0
248,6366,5.282,438.074,5.000,6.000,1,1,1.0
248,6367,48.631,437.749,6.820,4.417,1,1,1.0
248,6368,26.567,18.527,8.337,5.621,1,1,1.0
248,6370,7.250,254.292,5.000,6.000,1,1,1.0
248,6372,11.402,440.115,5.465,3.961,1,1,1.0
248,6373,46.523,273.400,4.850,8.932,1,1,1.0
248,6388,294.160,203.683,4.332,9.162,1,1,1.0
248,6389,260.905,63.217,5.156,5.861,1,1,1.0
248,6390,292.430,370.626,4.048,8.626,1,1,1.0
248,6391,300.846,102.304,4.064,9.153,1,1,1.0
248,6392,278.015,440.891,7.480,4.493,1,1,1.0
248,6393,249.846,327.172,3.872,8.286,1,1,1.0
249,18,128.172,438.432,5.104,4.865,1,1,1.0
249,20,122.846,435.500,4.484,7.778,1,1,1.0
249,22,155.263,205.863,4.302,8.944,1,1,1.0
249,24,123.839,376.742,4.361,4.934,1,1,1.0
249,25,159.057,431.435,5.092,9.637,1,1,1.0
249,27,185.883,439.285,5.318,4.473,1,1,1.0
249,40,371.109,205.882,4.433,6.476,1,1,1.0
249,41,434.578,203.248,4.130,8.425,1,1,1.0
249,42,396.095,441.845,6.219,4.555,1,1,1.0
249,43,405.879,237.436,4.243,8.520,1,1,1.0
249,47,501.793,440.472,4.408,4.645,1,1,1.0
249,48,524.216,161.579,5.797,7.303,1,1,1.0
249,49,551.073,145.137,5.095,7.545,1,1,1.0
249,50,545.627,198.843,4.530,8.154,1,1,1.0
249,54,553.662,318.750,4.483,8.559,1,1,1.0
249,55,557.302,430.338,4.203,9.171,1,1,1.0
249,57,614.279,438.373,5.354,7.220,1,1,1.0
249,60,654.080,443.646,7.590,4.672,1,1,1.0
249,61,662.594,144.253,5.399,6.978,1,1,1.0
249,62,672.665,371.116,4.544,5.219,1,1,1.0
249,63,670.882,441.137,5.021,4.238,1,1,1.0
249,66,659.212,442.930,6.421,4.414,1,1,1.0
249,6366,5.282,438.156,5.000,6.000,1,1,1.0
249,6368,46.140,272.293,4.831,8.975,1,1,1.0
249,6370,8.827,253.432,5.000,6.000,1,1,1.0
249,6372,28.978,17.781,8.392,5.832,1,1,1.0
249,6373,46.792,437.708,6.962,4.696,1,1,1.0
249,6388,300.788,102.248,4.078,9.223,1,1,1.0
249,6389,275.389,440.830,7.932,5.007,1,1,1.0
249,6390,294.392,203.109,4.351,9.229,1,1,1.0
249,6392,292.311,370.637,4.203,8.494,1,1,1.0
249,6393,260.419,62.655,5.262,6.227,1,1,1.0
250,18,128.288,438.291,5.340,4.923,1,1,1.0
250,20,122.596,435.449,4.610,7.654,1,1,1.0
250,22,155.717,203.681,3.986,8.752,1,1,1.0
250,24,123.758,376.964,4.164,4.925,1,1,1.0
250,25,144.624,413.333,4.316,5.003,1,1,1.0
250,27,185.917,439.317,5.134,4.516,1,1,1.0
250,40,371.448,205.289,4.431,6.031,1,1,1.0
250,41,435.207,200.699,4.197,7.778,1,1,1.0
250,42,397.432,441.951,6.263,4.595,1,1,1.0
250,43,404.873,235.152,4.576,8.626,1,1,1.0
250,47,501.840,440.489,4.334,4.601,1,1,1.0
250,48,526.029,159.395,6.051,7.132,1,1,1.0
250,49,552.215,144.644,5.557,6.274,1,1,1.0
250,50,544.823,196.588,4.681,8.288,1,1,1.0
250,54,553.659,318.669,4.532,8.412,1,1,1.0
250,55,557.316,430.318,4.154,9.161,1,1,1.0
250,57,614.260,438.523,5.169,7.042,1,1,1.0
250,59,665.789,3.292,6.937,8.677,1,1,1.0
250,60,655.099,443.225,6.303,4.949,1,1,1.0
250,61,662.604,144.333,5.406,6.753,1,1,1.0
250,62,672.640,371.291,4.605,4.967,1,1,1.0
250,63,670.726,440.809,4.638,4.159,1,1,1.0
250,66,658.818,442.877,6.031,4.762,1,1,1.0
250,6366,5.859,437.662,5.000,6.000,1,1,1.0
250,6367,44.507,438.129,7.498,4.527,1,1,1.0
250,6368,30.969,17.390,8.045,5.953,1,1,1.0
250,6370,9.831,248.700,5.000,6.000,1,1,1.0
250,6372,8.988,439.144,5.000,6.000,1,1,1.0
250,6373,46.211,271.786,4.945,8.828,1,1,1.0
250,6388,294.504,202.600,4.385,9.194,1,1,1.0
250,6390,292.381,370.621,4.122,8.497,1,1,1.0
250,6391,300.917,102.241,3.963,9.188,1,1,1.0
250,6392,273.033,441.113,8.528,4.603,1,1,1.0
250,6393,249.566,322.803,3.984,8.687,1,1,1.0
251,18,128.723,438.531,4.847,4.707,1,1,1.0
251,20,122.802,435.485,4.358,7.710,1,1,1.0
251,22,156.056,201.299,3.927,9.404,1,1,1.0
251,24,123.579,377.112,4.223,4.904,1,1,1.0
251,25,150.781,406.831,6.176,5.155,1,1,1.0
251,27,185.807,439.292,5.157,4.498,1,1,1.0
251,40,372.089,204.306,4.579,5.627,1,1,1.0
251,41,435.530,199.287,4.117,7.441,1,1,1.0
251,42,398.121,441.937,7.496,4.456,1,1,1.0
251,43,403.748,232.515,4.570,8.268,1,1,1.0
251,47,501.813,440.474,4.345,5.083,1,1,1.0
251,48,527.391,157.597,6.023,7.068,1,1,1.0
251,49,553.051,144.667,5.691,5.171,1,1,1.0
251,50,544.622,194.715,4.594,8.080,1,1,1.0
251,54,553.578,318.746,4.595,8.358,1,1,1.0
251,55,557.321,430.393,4.092,9.122,1,1,1.0
251,57,614.168,438.491,5.242,7.095,1,1,1.0
251,60,654.840,443.321,6.941,4.923,1,1,1.0
251,61,662.585,144.404,5.372,6.723,1,1,1.0
251,62,672.631,371.294,4.641,4.945,1,1,1.0
251,63,669.021,440.645,5.022,4.048,1,1,1.0
251,66,658.900,442.705,6.047,4.645,1,1,1.0
251,6366,5.447,437.580,5.000,6.000,1,1,1.0
251,6367,42.535,438.108,7.027,4.627,1,1,1.0
251,6368,32.388,16.920,6.721,6.833,1,1,1.0
251,6370,10.261,246.263,5.000,6.000,1,1,1.0
251,6372,9.235,439.227,5.000,6.000,1,1,1.0
251,6373,46.535,271.608,4.898,8.666,1,1,1.0
251,6388,294.687,201.755,4.518,9.062,1,1,1.0
251,6390,292.388,370.675,4.215,8.495,1,1,1.0
251,6391,300.524,102.434,4.340,8.495,1,1,1.0
251,6392,271.187,441.114,7.802,4.808,1,1,1.0
251,6393,249.502,320.845,4.091,8.503,1,1,1.0
252,18,128.817,438.567,4.832,4.716,1,1,1.0
252,20,122.821,435.612,4.174,7.606,1,1,1.0
252,22,156.109,199.378,3.952,8.965,1,1,1.0
252,24,123.631,377.067,4.106,5.091,1,1,1.0
252,25,172.242,414.128,3.783,7.353,1,1,1.0
252,27,185.893,439.408,5.169,4.475,1,1,1.0
252,40,372.902,204.125,4.889,5.302,1,1,1.0
252,41,435.909,196.935,4.152,7.635,1,1,1.0
252,42,400.382,442.224,7.854,4.344,1,1,1.0
252,43,403.281,230.665,4.682,8.431,1,1,1.0
252,45,540.723,102.867,7.102,6.671,1,1,1.0
252,47,501.793,440.443,4.365,5.211,1,1,1.0
252,48,529.361,155.541,6.015,7.023,1,1,1.0
252,49,554.068,144.423,5.398,5.106,1,1,1.0
252,50,543.792,192.809,4.471,8.114,1,1,1.0
252,54,553.798,318.666,4.370,8.553,1,1,1.0
252,55,557.280,430.361,4.136,9.098,1,1,1.0
252,57,614.093,438.487,5.270,7.069,1,1,1.0
252,60,654.627,442.948,8.831,4.608,1,1,1.0
252,61,662.504,144.521,5.431,6.585,1,1,1.0
252,62,672.646,371.351,4.605,4.938,1,1,1.0
252,63,667.848,440.533,4.198,4.073,1,1,1.0
252,66,658.923,441.646,4.991,6.216,1,1,1.0
252,6366,5.509,437.827,5.000,6.000,1,1,1.0
252,6367,41.405,438.164,6.392,4.841,1,1,1.0
252,6368,32.211,16.568,5.605,7.923,1,1,1.0
252,6370,11.246,244.065,3.874,7.468,1,1,1.0
252,6372,9.009,439.062,5.000,6.000,1,1,1.0
252,6373,46.549,271.245,4.861,8.672,1,1,1.0
252,6388,294.857,200.921,4.549,8.623,1,1,1.0
252,6390,292.374,370.765,4.214,8.369,1,1,1.0
252,6391,300.420,102.370,4.536,8.306,1,1,1.0
252,6392,268.404,441.136,7.825,4.767,1,1,1.0
252,6393,249.479,319.174,4.112,8.439,1,1,1.0
253,18,128.621,438.774,4.831,4.708,1,1,1.0
253,20,122.740,435.614,4.279,7.586,1,1,1.0
253,22,156.142,197.125,4.112,8.684,1,1,1.0
253,24,123.698,377.084,4.102,4.990,1,1,1.0
253,27,185.799,439.329,5.063,4.544,1,1,1.0
253,29,166.838,426.786,4.531,5.131,1,1,1.0
253,40,374.217,204.039,5.077,4.929,1,1,1.0
253,41,436.130,194.908,4.240,7.602,1,1,1.0
253,42,402.402,442.165,7.626,4.339,1,1,1.0
253,43,402.233,228.893,4.599,8.638,1,1,1.0
253,45,544.886,116.666,4.277,5.529,1,1,1.0
253,47,501.689,440.669,4.291,5.091,1,1,1.0
253,48,531.058,153.584,5.968,7.419,1,1,1.0
253,49,555.237,144.269,5.342,4.954,1,1,1.0
253,50,542.193,190.487,5.083,7.480,1,1,1.0
253,54,553.870,318.674,4.336,8.539,1,1,1.0
253,55,557.265,430.254,4.091,9.136,1,1,1.0
253,57,614.272,438.290,5.216,7.224,1,1,1.0
253,60,652.653,442.817,6.437,4.705,1,1,1.0
253,61,662.474,144.658,5.447,6.413,1,1,1.0
253,62,672.557,371.327,4.627,4.810,1,1,1.0
253,63,665.604,440.562,5.313,4.213,1,1,1.0
253,66,657.258,442.264,6.122,4.504,1,1,1.0
253,6366,5.385,438.568,5.000,6.000,1,1,1.0
253,6367,41.391,438.194,5.852,4.654,1,1,1.0
253,6368,32.783,16.243,3.570,8.639,1,1,1.0
253,6370,11.721,242.633,3.712,8.032,1,1,1.0
253,6372,9.750,439.062,5.000,6.000,1,1,1.0
253,6373,46.850,270.769,4.704,8.466,1,1,1.0
253,6388,294.875,200.340,4.471,8.682,1,1,1.0
253,6389,253.757,53.967,5.058,3.792,1,1,1.0
253,6390,292.396,370.643,4.119,8.540,1,1,1.0
253,6391,301.128,102.058,3.770,7.342,1,1,1.0
253,6392,266.965,441.676,8.230,4.613,1,1,1.0
253,6393,249.600,317.263,4.100,8.498,1,1,1.0
254,18,128.554,438.730,4.791,4.967,1,1,1.0
254,20,122.799,435.541,4.392,7.749,1,1,1.0
254,22,156.682,194.763,3.897,8.699,1,1,1.0
254,24,123.731,377.135,4.101,5.011,1,1,1.0
254,27,185.979,439.306,5.043,4.543,1,1,1.0
254,29,165.380,432.343,4.497,4.167,1,1,1.0
254,40,375.340,203.496,5.221,5.007,1,1,1.0
254,41,436.204,193.160,4.075,7.338,1,1,1.0
254,42,403.624,441.936,7.804,4.314,1,1,1.0
254,43,400.366,228.158,5.775,7.270,1,1,1.0
254,45,546.116,125.338,5.440,6.173,1,1,1.0
254,47,501.731,440.678,4.308,5.105,1,1,1.0
254,48,531.312,153.471,5.847,7.102,1,1,1.0
254,49,555.688,144.160,4.893,5.231,1,1,1.0
254,50,540.869,188.631,5.402,7.317,1,1,1.0
254,54,553.612,318.656,4.652,8.086,1,1,1.0
254,55,557.262,430.282,4.116,9.124,1,1,1.0
254,57,614.235,438.297,5.195,7.227,1,1,1.0
254,60,652.959,441.860,4.944,5.173,1,1,1.0
254,61,662.499,144.617,5.468,6.483,1,1,1.0
254,62,672.523,371.035,4.336,5.151,1,1,1.0
254,63,666.171,440.234,4.779,4.339,1,1,1.0
254,66,657.547,441.874,5.421,4.866,1,1,1.0
254,6366,5.221,438.732,5.000,6.000,1,1,1.0
254,6367,41.850,438.121,5.756,4.760,1,1,1.0
254,6368,32.159,16.333,3.494,8.462,1,1,1.0
254,6370,12.097,240.496,3.991,8.829,1,1,1.0
254,6372,10.079,438.980,5.000,6.000,1,1,1.0
254,6373,46.706,270.212,4.710,8.489,1,1,1.0
254,6388,295.203,199.974,4.342,8.653,1,1,1.0
254,6389,254.837,52.408,4.580,5.779,1,1,1.0
254,6390,292.448,370.727,4.100,8.498,1,1,1.0
254,6391,300.947,101.692,3.822,6.454,1,1,1.0
254,6392,266.535,441.896,7.935,4.263,1,1,1.0
254,6393,250.368,316.374,4.058,7.855,1,1,1.0
255,18,128.568,438.589,4.853,5.072,1,1,1.0
255,20,122.872,435.523,4.313,7.741,1,1,1.0
255,22,156.629,192.021,3.926,8.570,1,1,1.0
255,24,123.711,377.095,4.073,5.004,1,1,1.0
255,27,186.322,439.576,4.759,4.535,1,1,1.0
255,29,179.350,431.293,4.098,5.294,1,1,1.0
255,40,376.134,203.075,5.742,5.042,1,1,1.0
255,41,436.273,191.611,4.079,7.599,1,1,1.0
255,42,405.378,441.927,7.550,4.336,1,1,1.0
255,43,398.775,227.003,5.821,6.911,1,1,1.0
255,45,545.367,149.815,6.856,7.202,1,1,1.0
255,47,501.788,440.778,4.270,5.137,1,1,1.0
255,48,531.370,153.578,5.602,7.068,1,1,1.0
255,49,555.361,143.875,4.205,5.500,1,1,1.0
255,50,539.829,187.639,5.390,7.003,1,1,1.0
255,54,553.740,318.738,4.496,8.452,1,1,1.0
255,55,557.274,430.285,4.087,9.117,1,1,1.0
255,57,614.196,438.324,5.164,7.169,1,1,1.0
255,60,653.973,440.182,4.342,6.382,1,1,1.0
255,61,662.580,144.486,5.428,6.561,1,1,1.0
255,62,672.496,370.949,4.219,5.257,1,1,1.0
255,63,664.580,440.720,5.779,4.465,1,1,1.0
255,66,658.316,442.330,5.152,4.598,1,1,1.0
255,6366,5.550,437.827,5.000,6.000,1,1,1.0
255,6367,41.820,438.132,5.720,4.756,1,1,1.0
255,6368,31.661,16.350,3.551,8.624,1,1,1.0
255,6370,12.422,238.897,4.085,8.813,1,1,1.0
255,6372,9.256,439.227,5.000,6.000,1,1,1.0
255,6373,45.413,266.336,4.504,7.622,1,1,1.0
255,6388,295.347,199.446,4.443,8.955,1,1,1.0
255,6389,254.312,50.464,4.803,7.615,1,1,1.0
255,6390,292.362,370.766,4.138,8.594,1,1,1.0
255,6391,300.264,101.582,4.169,5.508,1,1,1.0
255,6392,265.212,441.137,7.666,4.256,1,1,1.0
255,6393,250.894,315.379,4.340,8.163,1,1,1.0
256,18,128.765,438.592,4.660,5.072,1,1,1.0
256,20,122.880,435.650,4.401,7.684,1,1,1.0
256,22,156.676,189.849,3.718,8.993,1,1,1.0
256,24,123.713,377.047,4.102,4.878,1,1,1.0
256,27,185.465,439.689,5.296,4.547,1,1,1.0
256,29,177.147,430.701,4.089,7.584,1,1,1.0
256,40,377.019,202.583,5.921,5.005,1,1,1.0
256,41,436.242,190.025,3.994,7.762,1,1,1.0
256,42,406.444,442.127,7.682,4.289,1,1,1.0
256,43,396.944,225.548,6.172,6.911,1,1,1.0
256,45,511.019,199.183,8.590,11.224,1,1,1.0
256,47,501.849,440.804,4.280,5.201,1,1,1.0
256,48,531.388,153.656,5.720,7.001,1,1,1.0
256,49,555.664,144.081,4.765,5.087,1,1,1.0
256,50,538.992,186.371,5.586,7.475,1,1,1.0
256,54,553.710,318.713,4.549,8.501,1,1,1.0
256,55,557.163,430.253,4.130,9.200,1,1,1.0
256,57,614.287,438.255,5.193,7.249,1,1,1.0
256,60,651.430,439.111,5.451,5.510,1,1,1.0
256,61,662.514,144.646,5.439,6.438,1,1,1.0
256,62,672.491,370.913,4.231,5.253,1,1,1.0
256,63,665.242,438.780,4.991,6.216,1,1,1.0
256,66,658.408,442.007,6.077,4.795,1,1,1.0
256,6366,5.468,438.321,5.000,6.000,1,1,1.0
256,6368,37.095,233.936,4.356,8.618,1,1,1.0
256,6370,30.393,16.529,4.512,8.470,1,1,1.0
256,6372,12.426,237.549,4.996,9.120,1,1,1.0
256,6373,41.809,438.090,5.536,4.745,1,1,1.0
256,6389,264.276,440.172,8.129,4.404,1,1,1.0
256,6390,295.495,199.442,4.510,8.787,1,1,1.0
256,6392,292.333,370.755,4.159,8.629,1,1,1.0
256,6393,253.931,48.735,4.478,8.693,1,1,1.0
257,18,128.449,438.465,4.830,4.979,1,1,1.0
257,20,122.629,435.162,4.648,8.350,1,1,1.0
257,22,156.706,187.306,3.782,9.117,1,1,1.0
257,24,123.663,377.275,4.097,4.666,1,1,1.0
257,27,185.799,439.525,5.499,4.527,1,1,1.0
257,29,166.354,433.367,6.476,4.322,1,1,1.0
257,40,378.532,201.536,5.733,5.636,1,1,1.0
257,41,436.378,189.053,4.086,7.398,1,1,1.0
257,42,406.715,442.122,7.994,4.377,1,1,1.0
257,43,395.390,224.516,6.071,6.570,1,1,1.0
257,45,496.620,220.301,4.752,6.394,1,1,1.0
257,47,501.748,440.952,4.370,5.258,1,1,1.0
257,48,531.441,153.710,5.717,7.003,1,1,1.0
257,49,555.680,144.099,4.856,5.151,1,1,1.0
257,50,538.980,186.101,5.567,7.441,1,1,1.0
257,54,553.732,318.583,4.562,8.316,1,1,1.0
257,55,557.189,430.264,4.138,9.216,1,1,1.0
257,57,614.079,438.293,5.307,7.289,1,1,1.0
257,60,652.161,433.072,4.099,6.993,1,1,1.0
257,61,662.534,144.681,5.407,6.462,1,1,1.0
257,62,672.429,370.822,4.292,5.256,1,1,1.0
257,63,662.832,440.518,6.145,5.153,1,1,1.0
257,66,660.754,442.503,4.991,6.216,1,1,1.0
257,6366,4.919,438.980,5.000,6.000,1,1,1.0
257,6367,41.972,437.451,5.257,5.369,1,1,1.0
257,6368,28.783,16.479,5.610,8.278,1,1,1.0
257,6370,13.313,236.809,4.582,8.926,1,1,1.0
257,6372,9.108,440.344,5.887,3.568,1,1,1.0
257,6373,15.412,191.712,7.836,9.456,1,1,1.0
257,6389,254.034,46.811,4.014,8.751,1,1,1.0
257,6390,292.364,370.748,4.099,8.622,1,1,1.0
257,6392,262.877,439.900,8.396,4.167,1,1,1.0
257,6393,252.673,313.860,4.472,6.997,1,1,1.0
258,18,128.837,438.525,4.643,4.787,1,1,1.0
258,20,122.528,435.159,4.682,8.077,1,1,1.0
258,22,156.588,185.002,3.667,8.698,1,1,1.0
258,24,123.576,376.945,3.793,5.002,1,1,1.0
258,27,185.749,439.511,5.157,4.585,1,1,1.0
258,29,166.683,431.231,4.111,7.166,1,1,1.0
258,40,379.156,199.933,5.628,6.780,1,1,1.0
258,41,436.155,187.425,4.082,7.241,1,1,1.0
258,42,406.993,441.995,8.480,4.361,1,1,1.0
258,43,393.443,223.191,5.864,6.929,1,1,1.0
258,45,496.452,220.157,5.009,7.040,1,1,1.0
258,47,501.763,440.970,4.390,5.270,1,1,1.0
258,48,531.410,153.693,5.706,6.992,1,1,1.0
258,49,555.659,144.127,4.817,5.134,1,1,1.0
258,50,538.979,186.160,5.501,7.353,1,1,1.0
258,54,553.632,318.804,4.567,8.249,1,1,1.0
258,55,557.154,430.250,4.183,9.163,1,1,1.0
258,57,613.844,438.343,5.512,7.332,1,1,1.0
258,60,657.435,425.037,4.747,5.501,1,1,1.0
258,61,662.495,144.711,5.450,6.432,1,1,1.0
258,62,672.496,370.981,4.364,5.202,1,1,1.0
258,63,664.827,440.023,5.255,5.756,1,1,1.0
258,66,661.049,441.736,4.770,5.083,1,1,1.0
258,6366,4.919,438.980,5.000,6.000,1,1,1.0
258,6368,42.022,437.441,5.198,5.337,1,1,1.0
258,6370,28.030,16.623,5.800,7.809,1,1,1.0
258,6372,13.150,236.205,4.568,9.065,1,1,1.0
258,6373,6.917,179.398,5.000,6.000,1,1,1.0
258,6388,292.380,370.773,4.090,8.612,1,1,1.0
258,6389,252.984,312.459,4.800,6.658,1,1,1.0
258,6392,290.926,195.139,4.254,6.732,1,1,1.0
258,6393,261.464,438.870,7.943,4.327,1,1,1.0
259,18,128.334,438.498,5.110,4.785,1,1,1.0
259,20,123.209,435.342,4.399,7.884,1,1,1.0
259,22,157.066,182.474,3.781,8.930,1,1,1.0
259,24,123.939,377.146,3.728,5.766,1,1,1.0
259,25,147.485,437.270,6.407,4.806,1,1,1.0
259,27,185.897,439.545,5.294,4.399,1,1,1.0
259,29,160.278,434.906,6.199,6.088,1,1,1.0
259,40,379.864,197.321,5.463,7.732,1,1,1.0
259,41,436.141,185.580,3.971,7.517,1,1,1.0
259,42,407.183,442.014,8.431,4.377,1,1,1.0
259,43,392.318,221.820,5.732,6.543,1,1,1.0
259,45,496.469,220.142,5.019,7.058,1,1,1.0
259,47,501.775,440.958,4.367,5.512,1,1,1.0
259,48,531.678,153.735,5.478,7.007,1,1,1.0
259,49,555.635,144.118,4.844,5.103,1,1,1.0
259,50,538.953,186.114,5.576,7.376,1,1,1.0
259,54,553.786,318.866,4.563,8.542,1,1,1.0
259,55,557.137,430.278,4.219,9.113,1,1,1.0
259,57,613.902,438.495,5.367,7.035,1,1,1.0
259,60,668.557,424.554,6.340,4.428,1,1,1.0
259,61,662.478,144.721,5.503,6.419,1,1,1.0
259,62,672.487,371.193,4.484,5.246,1,1,1.0
259,63,664.018,441.119,5.457,4.729,1,1,1.0
259,66,660.385,440.585,3.686,5.873,1,1,1.0
259,6366,4.919,438.980,5.000,6.000,1,1,1.0
259,6367,41.720,437.408,5.110,5.452,1,1,1.0
259,6368,26.658,16.645,6.822,7.629,1,1,1.0
259,6370,13.765,234.880,4.605,8.637,1,1,1.0
259,6372,11.236,439.944,5.477,3.914,1,1,1.0
259,6373,7.712,179.332,5.000,6.000,1,1,1.0
259,6388,260.052,438.381,7.794,4.374,1,1,1.0
259,6390,266.797,179.714,4.240,8.269,1,1,1.0
259,6392,254.812,312.236,4.986,5.848,1,1,1.0
259,6393,253.568,43.618,4.107,8.876,1,1,1.0
260,18,128.436,438.207,5.142,4.845,1,1,1.0
260,20,122.768,435.414,4.801,7.709,1,1,1.0
260,22,157.041,179.879,3.789,8.808,1,1,1.0
260,24,123.647,376.561,3.776,6.281,1,1,1.0
260,25,148.006,437.432,6.269,4.538,1,1,1.0
260,27,185.821,439.557,5.225,4.415,1,1,1.0
260,29,157.721,435.984,4.274,5.107,1,1,1.0
260,40,381.435,195.353,5.331,7.849,1,1,1.0
260,41,436.501,184.162,4.164,7.709,1,1,1.0
260,42,407.061,441.995,8.394,4.347,1,1,1.0
260,43,390.438,220.357,5.737,6.394,1,1,1.0
260,45,496.508,220.133,4.998,7.028,1,1,1.0
260,47,501.797,440.933,4.310,5.416,1,1,1.0
260,48,531.836,153.817,5.391,6.915,1,1,1.0
260,49,555.624,144.101,4.858,5.140,1,1,1.0
260,50,539.005,186.052,5.544,7.433,1,1,1.0
260,54,553.564,318.887,4.640,8.483,1,1,1.0
260,55,557.321,430.281,3.952,9.050,1,1,1.0
260,57,614.071,438.473,5.312,6.926,1,1,1.0
260,60,673.615,440.193,5.982,4.656,1,1,1.0
260,61,662.543,144.726,5.460,6.389,1,1,1.0
260,62,672.517,371.166,4.471,5.077,1,1,1.0
260,63,665.450,440.020,5.222,4.856,1,1,1.0
260,66,658.178,441.895,4.971,4.972,1,1,1.0
260,6366,4.919,438.980,5.000,6.000,1,1,1.0
260,6367,41.355,436.996,4.880,5.411,1,1,1.0
260,6368,25.390,17.556,7.643,6.205,1,1,1.0
260,6370,13.976,233.177,4.524,8.493,1,1,1.0
260,6372,11.772,439.564,5.035,4.119,1,1,1.0
260,6373,6.917,179.332,5.000,6.000,1,1,1.0
260,6388,267.337,179.602,4.301,8.543,1,1,1.0
260,6389,253.151,42.232,4.051,8.549,1,1,1.0
260,6390,292.449,370.959,4.137,8.585,1,1,1.0
260,6392,259.251,437.835,7.512,4.110,1,1,1.0
260,6393,255.692,311.624,5.088,6.032,1,1,1.0
261,18,127.622,438.196,5.240,4.960,1,1,1.0
261,20,123.069,435.023,5.085,8.142,1,1,1.0
261,22,157.190,176.894,3.872,8.909,1,1,1.0
261,24,123.749,377.031,3.897,6.335,1,1,1.0
261,25,145.469,437.978,6.635,4.087,1,1,1.0
261,27,185.755,439.596,5.189,4.532,1,1,1.0
261,29,160.013,430.101,5.084,6.791,1,1,1.0
261,40,382.665,193.940,6.078,6.534,1,1,1.0
261,41,436.276,182.723,4.201,8.140,1,1,1.0
261,42,407.052,442.071,8.271,4.345,1,1,1.0
261,43,388.725,218.274,5.933,6.784,1,1,1.0
261,45,496.552,219.869,4.982,7.002,1,1,1.0
261,47,501.922,440.864,4.669,5.551,1,1,1.0
261,48,533.111,153.270,5.655,6.717,1,1,1.0
261,49,555.651,143.975,4.782,5.420,1,1,1.0
261,50,538.517,185.490,5.391,6.841,1,1,1.0
261,54,553.433,318.861,4.690,7.744,1,1,1.0
261,55,557.282,430.299,4.012,9.017,1,1,1.0
261,57,614.123,438.509,5.373,7.068,1,1,1.0
261,60,671.454,441.576,7.032,5.086,1,1,1.0
261,61,662.559,144.789,5.415,6.251,1,1,1.0
261,62,672.529,371.254,4.496,4.979,1,1,1.0
261,63,666.504,440.730,6.179,4.679,1,1,1.0
261,66,654.069,442.372,6.902,4.280,1,1,1.0
261,6366,5.123,437.142,5.000,6.000,1,1,1.0
261,6367,41.253,436.848,4.622,5.454,1,1,1.0
261,6368,24.125,18.091,7.710,5.552,1,1,1.0
261,6370,14.620,230.494,4.510,8.946,1,1,1.0
261,6372,11.916,439.553,5.532,4.182,1,1,1.0
261,6373,7.025,178.039,5.000,6.000,1,1,1.0
261,6388,267.614,179.119,4.235,9.069,1,1,1.0
261,6389,252.519,40.454,4.230,9.037,1,1,1.0
261,6390,292.557,371.573,4.088,8.560,1,1,1.0
261,6392,257.505,436.826,7.459,4.490,1,1,1.0
261,6393,256.477,311.220,5.712,5.844,1,1,1.0
262,18,128.172,438.295,5.124,5.117,1,1,1.0
262,20,122.577,435.263,4.869,7.981,1,1,1.0
262,22,157.293,173.740,3.845,9.168,1,1,1.0
262,24,123.596,377.489,3.950,6.025,1,1,1.0
262,25,143.698,438.355,6.481,3.887,1,1,1.0
262,27,185.700,439.707,5.052,4.227,1,1,1.0
262,29,162.762,413.047,4.398,5.020,1,1,1.0
262,40,384.780,192.997,6.403,6.119,1,1,1.0
262,41,436.426,181.251,4.132,7.932,1,1,1.0
262,42,408.312,441.235,6.978,5.051,1,1,1.0
262,43,386.596,216.833,5.940,6.565,1,1,1.0
262,45,496.744,218.563,4.969,7.616,1,1,1.0
262,47,502.651,440.690,4.659,4.816,1,1,1.0
262,48,534.846,151.889,6.795,6.249,1,1,1.0
262,49,555.397,143.921,4.830,5.271,1,1,1.0
262,50,537.831,185.164,5.649,6.337,1,1,1.0
262,54,553.466,318.860,4.666,8.356,1,1,1.0
262,55,557.414,430.313,3.933,8.984,1,1,1.0
262,57,614.123,438.525,5.352,7.044,1,1,1.0
262,60,672.170,442.782,7.536,4.963,1,1,1.0
262,61,662.535,144.800,5.441,6.176,1,1,1.0
262,62,672.568,371.223,4.495,4.929,1,1,1.0
262,63,665.409,440.921,6.023,4.948,1,1,1.0
262,66,651.251,442.779,7.302,4.066,1,1,1.0
262,6366,5.463,435.100,5.000,6.000,1,1,1.0
262,6367,40.054,436.829,5.009,4.945,1,1,1.0
262,6368,22.924,17.945,8.155,5.414,1,1,1.0
262,6370,14.906,228.615,4.387,9.201,1,1,1.0
262,6372,12.888,439.568,6.014,4.124,1,1,1.0
262,6373,7.749,177.315,5.000,6.000,1,1,1.0
262,6388,267.894,178.862,4.110,9.380,1,1,1.0
262,6389,252.421,39.108,4.247,8.826,1,1,1.0
262,6390,292.629,371.331,4.023,8.680,1,1,1.0
262,6392,257.487,311.270,6.184,5.131,1,1,1.0
262,6393,256.920,436.089,7.089,4.494,1,1,1.0
263,20,123.129,435.758,4.474,7.484,1,1,1.0
263,22,157.308,171.224,3.717,8.871,1,1,1.0
263,24,123.477,377.469,3.861,5.993,1,1,1.0
263,25,142.456,438.352,6.788,3.999,1,1,1.0
263,27,185.674,439.730,5.150,4.252,1,1,1.0
263,29,157.365,396.375,4.262,4.443,1,1,1.0
263,40,387.460,191.059,6.444,5.943,1,1,1.0
263,41,436.236,179.909,4.152,7.927,1,1,1.0
263,42,421.156,429.029,6.151,4.679,1,1,1.0
263,43,384.965,215.472,6.120,6.615,1,1,1.0
263,45,496.886,216.679,4.826,7.588,1,1,1.0
263,47,502.897,440.395,5.421,4.580,1,1,1.0
263,48,535.971,150.218,6.557,6.205,1,1,1.0
263,49,555.510,143.847,4.527,5.407,1,1,1.0
263,50,537.691,185.259,5.742,6.097,1,1,1.0
263,54,553.610,318.831,4.627,8.720,1,1,1.0
263,55,557.356,430.406,3.878,8.901,1,1,1.0
263,57,614.150,438.629,5.278,6.961,1,1,1.0
263,60,672.799,443.126,6.926,4.644,1,1,1.0
263,61,662.487,144.841,5.545,6.184,1,1,1.0
263,62,672.563,371.255,4.324,4.901,1,1,1.0
263,63,665.095,441.135,5.760,4.715,1,1,1.0
263,66,648.939,441.465,4.991,6.216,1,1,1.0
263,6366,5.667,435.100,5.000,6.000,1,1,1.0
263,6367,39.085,436.807,5.354,4.821,1,1,1.0
263,6368,21.338,18.103,8.753,5.133,1,1,1.0
263,6370,15.793,226.617,4.234,9.411,1,1,1.0
263,6372,13.729,439.582,6.497,4.006,1,1,1.0
263,6373,7.387,176.712,5.000,6.000,1,1,1.0
263,6388,267.911,178.363,4.264,9.456,1,1,1.0
263,6389,252.314,37.759,4.245,8.828,1,1,1.0
263,6390,292.674,371.129,3.981,8.190,1,1,1.0
263,6392,255.818,435.695,7.172,4.420,1,1,1.0
263,6393,259.041,312.325,6.324,4.002,1,1,1.0
264,18,128.975,438.127,5.377,4.996,1,1,1.0
264,20,122.809,435.937,4.984,7.339,1,1,1.0
264,22,157.239,169.276,3.895,8.645,1,1,1.0
264,24,123.395,377.396,3.716,6.128,1,1,1.0
264,25,141.303,438.217,6.954,4.155,1,1,1.0
264,27,185.649,439.702,5.073,4.360,1,1,1.0
264,29,147.022,399.238,5.938,4.837,1,1,1.0
264,40,389.487,189.898,6.849,6.436,1,1,1.0
264,41,435.714,178.181,4.401,8.119,1,1,1.0
264,42,424.571,432.167,4.830,4.854,1,1,1.0
264,43,383.652,214.055,5.875,6.596,1,1,1.0
264,45,497.613,214.640,4.972,7.739,1,1,1.0
264,47,503.869,440.135,5.898,4.627,1,1,1.0
264,48,538.122,148.856,5.831,6.203,1,1,1.0
264,49,555.433,143.945,4.395,5.546,1,1,1.0
264,50,537.410,185.222,5.885,6.021,1,1,1.0
264,54,553.540,318.836,4.646,8.544,1,1,1.0
264,55,557.192,430.622,4.068,8.993,1,1,1.0
264,57,614.063,438.638,5.322,7.060,1,1,1.0
264,60,672.830,443.201,7.163,4.581,1,1,1.0
264,61,662.417,144.970,5.600,6.435,1,1,1.0
264,62,672.542,371.312,4.442,4.839,1,1,1.0
264,63,663.327,440.821,5.413,4.362,1,1,1.0
264,66,645.993,441.526,4.991,6.216,1,1,1.0
264,6366,5.667,435.100,5.000,6.000,1,1,1.0
264,6367,38.199,436.041,5.353,5.446,1,1,1.0
264,6368,20.029,18.320,8.623,4.973,1,1,1.0
264,6370,16.064,224.459,4.245,9.224,1,1,1.0
264,6372,15.450,439.759,6.198,4.095,1,1,1.0
264,6373,7.266,176.351,5.000,6.000,1,1,1.0
264,6388,267.908,178.188,4.279,9.555,1,1,1.0
264,6389,251.935,35.989,4.116,8.500,1,1,1.0
264,6390,292.630,370.835,3.973,8.253,1,1,1.0
264,6392,254.081,434.504,7.075,4.439,1,1,1.0
264,6393,260.428,313.214,7.195,4.048,1,1,1.0
265,18,128.735,438.054,5.255,5.101,1,1,1.0
265,20,122.693,436.294,4.991,7.001,1,1,1.0
265,22,157.231,166.413,3.735,8.797,1,1,1.0
265,24,123.441,377.349,3.682,6.100,1,1,1.0
265,25,140.788,438.164,6.282,4.110,1,1,1.0
265,27,185.689,439.783,5.096,4.455,1,1,1.0
265,29,150.210,415.251,3.670,8.782,1,1,1.0
265,40,391.671,188.086,6.594,6.144,1,1,1.0
265,41,435.529,176.411,4.284,8.452,1,1,1.0
265,42,427.548,435.357,4.273,5.557,1,1,1.0
265,43,382.521,212.593,5.369,6.621,1,1,1.0
265,45,498.126,213.030,4.780,7.745,1,1,1.0
265,47,504.672,439.943,6.052,4.671,1,1,1.0
265,48,539.914,147.114,5.939,6.596,1,1,1.0
265,49,555.657,143.520,4.332,5.576,1,1,1.0
265,50,517.161,173.768,5.748,6.704,1,1,1.0
265,54,553.640,318.777,4.512,8.157,1,1,1.0
265,55,557.256,430.242,4.033,9.091,1,1,1.0
265,57,614.105,438.581,5.263,7.055,1,1,1.0
265,60,673.847,443.229,6.324,4.555,1,1,1.0
265,61,662.457,144.977,5.545,6.259,1,1,1.0
265,62,672.508,371.265,4.483,4.947,1,1,1.0
265,63,662.203,440.490,5.466,4.166,1,1,1.0
265,66,642.625,441.706,4.991,6.216,1,1,1.0
265,6366,5.463,434.896,5.000,6.000,1,1,1.0
265,6367,36.791,436.233,5.893,4.671,1,1,1.0
265,6368,17.989,18.166,9.443,5.180,1,1,1.0
265,6370,16.129,222.782,4.358,9.229,1,1,1.0
265,6372,16.233,439.784,5.659,4.142,1,1,1.0
265,6373,6.905,172.734,5.000,6.000,1,1,1.0
265,6388,268.084,177.607,4.242,9.190,1,1,1.0
265,6389,251.544,34.749,4.030,8.818,1,1,1.0
265,6390,292.568,370.364,3.965,8.445,1,1,1.0
265,6392,252.717,433.440,6.990,4.326,1,1,1.0
265,6393,262.471,313.112,6.817,4.026,1,1,1.0
266,18,128.915,437.951,5.561,4.907,1,1,1.0
266,20,123.006,436.175,4.737,7.043,1,1,1.0
266,22,157.174,163.690,3.859,8.691,1,1,1.0
266,24,123.468,377.289,3.600,5.946,1,1,1.0
266,25,140.417,438.119,6.424,4.164,1,1,1.0
266,27,185.805,439.680,4.909,4.391,1,1,1.0
266,29,152.834,429.076,5.193,4.153,1,1,1.0
266,40,393.650,186.294,6.772,6.519,1,1,1.0
266,41,435.356,175.238,4.156,8.523,1,1,1.0
266,42,427.796,440.499,7.231,4.961,1,1,1.0
266,43,380.958,210.485,5.438,6.301,1,1,1.0
266,45,498.353,211.951,4.795,7.868,1,1,1.0
266,47,505.589,439.900,5.713,4.437,1,1,1.0
266,48,541.629,145.333,5.510,6.588,1,1,1.0
266,49,555.619,143.295,4.190,5.718,1,1,1.0
266,50,499.244,161.666,4.201,6.499,1,1,1.0
266,54,553.615,318.861,4.525,8.343,1,1,1.0
266,55,557.253,430.266,3.983,9.050,1,1,1.0
266,57,614.334,438.730,5.070,6.950,1,1,1.0
266,60,674.017,443.336,6.044,4.348,1,1,1.0
266,61,662.500,145.043,5.447,6.143,1,1,1.0
266,62,672.549,371.257,4.510,4.942,1,1,1.0
266,63,661.362,440.985,5.416,3.626,1,1,1.0
266,66,639.377,441.886,4.991,6.216,1,1,1.0
266,6366,5.463,434.896,5.000,6.000,1,1,1.0
266,6367,35.903,435.960,5.361,4.672,1,1,1.0
266,6368,17.148,18.040,8.377,5.374,1,1,1.0
266,6369,25.658,33.044,5.167,6.168,1,1,1.0
266,6370,16.482,220.697,4.405,9.472,1,1,1.0
266,6372,17.393,439.530,5.738,4.077,1,1,1.0
266,6373,7.387,168.031,5.000,6.000,1,1,1.0
266,6388,268.118,176.545,4.337,9.061,1,1,1.0
266,6389,251.440,33.557,3.989,8.440,1,1,1.0
266,6390,292.502,369.913,3.951,8.398,1,1,1.0
266,6392,252.128,432.967,6.112,4.212,1,1,1.0
266,6393,264.777,313.521,7.007,3.931,1,1,1.0
267,18,128.666,437.883,5.372,4.894,1,1,1.0
267,20,122.736,436.094,4.672,7.054,1,1,1.0
267,22,157.159,160.862,3.714,8.852,1,1,1.0
267,24,123.516,377.209,3.513,5.847,1,1,1.0
267,25,139.330,438.371,6.120,4.076,1,1,1.0
267,27,185.927,439.857,5.055,4.510,1,1,1.0
267,29,165.430,433.798,4.846,5.312,1,1,1.0
267,40,395.227,184.751,6.554,6.451,1,1,1.0
267,41,435.085,174.089,4.305,8.531,1,1,1.0
267,42,427.121,442.196,7.119,4.635,1,1,1.0
267,43,380.083,208.726,5.009,6.457,1,1,1.0
267,45,498.120,211.868,4.949,8.141,1,1,1.0
267,47,506.549,439.961,5.338,4.663,1,1,1.0
267,48,543.501,144.001,5.589,6.486,1,1,1.0
267,49,556.233,143.320,3.959,5.446,1,1,1.0
267,50,507.486,183.079,4.263,6.330,1,1,1.0
267,54,553.694,318.799,4.482,8.382,1,1,1.0
267,55,557.276,430.315,4.003,9.095,1,1,1.0
267,57,614.400,438.516,4.937,6.942,1,1,1.0
267,60,674.849,442.609,5.761,4.351,1,1,1.0
267,61,662.542,145.056,5.436,6.166,1,1,1.0
267,62,672.653,371.153,4.212,5.024,1,1,1.0
267,63,660.762,440.999,5.482,3.387,1,1,1.0
267,66,635.913,442.268,6.242,3.953,1,1,1.0
267,6366,5.463,434.896,5.000,6.000,1,1,1.0
267,6368,18.553,42.835,4.625,7.719,1,1,1.0
267,6369,18.236,439.510,6.438,4.210,1,1,1.0
267,6370,17.046,219.313,4.486,8.768,1,1,1.0
267,6372,33.842,436.102,5.647,4.661,1,1,1.0
267,6373,7.146,162.244,5.000,6.000,1,1,1.0
267,6388,292.368,369.736,3.939,8.625,1,1,1.0
267,6389,250.794,432.443,6.133,4.261,1,1,1.0
267,6392,267.190,313.624,7.068,3.968,1,1,1.0
267,6393,269.018,174.569,4.028,9.207,1,1,1.0
268,18,129.080,438.085,4.937,4.948,1,1,1.0
268,20,122.714,436.043,4.695,7.138,1,1,1.0
268,22,156.777,158.472,3.682,8.935,1,1,1.0
268,24,125.239,377.156,4.227,5.141,1,1,1.0
268,25,138.847,438.421,5.607,4.071,1,1,1.0
268,27,186.139,440.151,4.674,4.460,1,1,1.0
268,29,174.983,424.926,4.221,6.612,1,1,1.0
268,40,396.930,182.333,6.491,7.019,1,1,1.0
268,41,434.694,172.733,4.384,8.345,1,1,1.0
268,42,425.940,442.444,7.136,4.659,1,1,1.0
268,43,378.047,207.956,5.511,5.714,1,1,1.0
268,45,498.210,211.980,4.879,7.943,1,1,1.0
268,47,507.091,440.567,4.735,5.241,1,1,1.0
268,48,545.143,142.721,5.205,6.282,1,1,1.0
268,49,556.005,143.296,4.096,5.339,1,1,1.0
268,50,534.992,210.055,8.054,7.401,1,1,1.0
268,54,553.699,318.745,4.418,8.101,1,1,1.0
268,55,557.269,430.269,3.964,9.153,1,1,1.0
268,57,614.267,438.549,4.682,6.855,1,1,1.0
268,60,675.098,442.534,5.819,4.283,1,1,1.0
268,61,662.486,145.024,5.447,6.154,1,1,1.0
268,62,672.261,371.091,4.339,4.893,1,1,1.0
268,63,659.817,440.875,5.734,3.184,1,1,1.0
268,66,633.763,442.196,7.044,4.025,1,1,1.0
268,6366,5.463,434.896,5.000,6.000,1,1,1.0
268,6368,17.430,217.218,4.350,8.895,1,1,1.0
268,6369,19.406,439.352,6.899,4.362,1,1,1.0
268,6370,18.404,42.708,4.208,8.501,1,1,1.0
268,6372,31.925,436.514,6.152,4.800,1,1,1.0
268,6373,7.507,158.265,5.000,6.000,1,1,1.0
268,6388,268.206,314.150,7.321,4.070,1,1,1.0
268,6389,249.780,431.893,6.303,4.199,1,1,1.0
268,6392,269.731,173.268,3.948,9.506,1,1,1.0
268,6393,292.353,369.721,3.965,8.628,1,1,1.0
269,18,127.058,437.242,5.068,5.558,1,1,1.0
269,20,122.785,434.621,4.918,7.613,1,1,1.0
269,22,156.454,156.312,3.796,8.581,1,1,1.0
269,24,136.572,373.695,4.660,5.169,1,1,1.0
269,25,137.747,438.508,5.727,4.039,1,1,1.0
269,27,186.530,440.272,4.263,4.759,1,1,1.0
269,29,171.787,415.904,4.375,7.613,1,1,1.0
269,40,398.416,180.621,6.297,6.978,1,1,1.0
269,41,434.280,171.596,4.523,8.111,1,1,1.0
269,42,422.216,441.689,6.532,4.917,1,1,1.0
269,43,376.714,208.141,5.473,4.862,1,1,1.0
269,45,498.278,211.893,4.861,8.059,1,1,1.0
269,47,507.332,440.510,4.397,5.545,1,1,1.0
269,48,546.974,141.200,5.384,6.416,1,1,1.0
269,49,538.238,136.096,4.666,6.606,1,1,1.0
269,50,556.814,218.519,4.206,7.520,1,1,1.0
269,54,553.545,318.793,4.589,8.333,1,1,1.0
269,55,557.278,430.294,4.014,9.080,1,1,1.0
269,57,614.135,438.715,5.004,6.682,1,1,1.0
269,60,676.091,442.271,4.927,4.391,1,1,1.0
269,61,662.499,144.984,5.454,6.259,1,1,1.0
269,62,672.361,371.164,4.296,4.931,1,1,1.0
269,63,659.578,440.579,5.708,3.330,1,1,1.0
269,66,631.914,441.572,6.729,4.191,1,1,1.0
269,6366,4.919,433.875,5.000,6.000,1,1,1.0
269,6367,30.973,436.696,6.279,5.095,1,1,1.0
269,6368,14.736,17.663,5.000,6.000,1,1,1.0
269,6369,18.220,214.459,4.116,9.089,1,1,1.0
269,6370,18.404,42.312,4.379,8.822,1,1,1.0
269,6372,20.638,438.798,6.700,4.800,1,1,1.0
269,6373,7.507,163.932,5.000,6.000,1,1,1.0
269,6388,269.796,171.794,4.224,9.034,1,1,1.0
269,6389,250.856,28.652,3.772,7.950,1,1,1.0
269,6390,292.322,369.676,4.020,8.491,1,1,1.0
269,6392,249.256,431.208,5.569,4.283,1,1,1.0
269,6393,269.893,314.367,7.050,4.042,1,1,1.0
270,20,122.658,434.506,4.991,7.853,1,1,1.0
270,22,156.089,153.987,3.963,8.861,1,1,1.0
270,24,128.512,384.501,4.864,5.468,1,1,1.0
270,25,137.503,438.456,5.614,4.208,1,1,1.0
270,27,186.299,440.246,4.293,4.648,1,1,1.0
270,29,163.754,417.784,6.867,4.538,1,1,1.0
270,40,399.885,178.850,5.535,6.951,1,1,1.0
270,41,434.145,171.162,4.582,7.902,1,1,1.0
270,42,421.650,442.111,6.992,5.285,1,1,1.0
270,43,375.970,208.268,5.467,4.742,1,1,1.0
270,45,498.219,211.873,4.945,8.158,1,1,1.0
270,47,507.838,440.521,4.248,5.136,1,1,1.0
270,48,548.350,140.028,5.516,6.492,1,1,1.0
270,49,539.243,133.498,5.786,6.574,1,1,1.0
270,50,558.327,217.852,4.342,7.953,1,1,1.0
270,54,553.586,318.824,4.567,8.310,1,1,1.0
270,55,557.254,430.315,4.007,9.193,1,1,1.0
270,57,614.290,438.710,5.333,6.637,1,1,1.0
270,60,674.942,441.962,4.805,4.271,1,1,1.0
270,61,662.424,145.026,5.530,6.252,1,1,1.0
270,62,672.611,371.114,4.260,5.128,1,1,1.0
270,63,659.372,440.376,5.891,3.399,1,1,1.0
270,66,631.619,441.808,5.342,4.212,1,1,1.0
270,6366,5.191,431.833,5.000,6.000,1,1,1.0
270,6367,21.396,438.426,7.038,4.966,1,1,1.0
270,6368,14.931,17.565,5.000,6.000,1,1,1.0
270,6369,12.342,17.707,8.890,5.946,1,1,1.0
270,6370,18.396,211.482,4.076,9.365,1,1,1.0
270,6372,18.451,42.139,4.524,9.013,1,1,1.0
270,6373,7.869,161.520,5.000,6.000,1,1,1.0
270,6388,250.016,26.714,3.684,8.645,1,1,1.0
270,6389,248.287,430.510,5.458,4.421,1,1,1.0
270,6390,271.884,314.301,6.890,4.043,1,1,1.0
270,6393,269.968,169.994,4.221,8.977,1,1,1.0
271,20,122.776,434.566,4.944,7.873,1,1,1.0
271,22,156.089,151.509,3.851,8.751,1,1,1.0
271,24,141.165,400.756,8.785,6.628,1,1,1.0
271,25,136.842,438.612,6.006,4.231,1,1,1.0
271,27,186.353,440.388,4.067,4.601,1,1,1.0
271,29,168.554,420.099,6.081,5.230,1,1,1.0
271,40,400.817,175.999,4.357,8.401,1,1,1.0
271,41,433.659,170.059,4.685,7.896,1,1,1.0
271,42,421.632,442.142,7.089,5.335,1,1,1.0
271,43,374.591,208.352,5.566,4.704,1,1,1.0
271,45,498.197,211.822,4.918,8.178,1,1,1.0
271,47,507.976,440.398,3.985,5.511,1,1,1.0
271,48,549.035,138.706,5.283,6.042,1,1,1.0
271,49,540.215,131.706,5.043,7.004,1,1,1.0
271,50,558.306,217.837,4.238,7.686,1,1,1.0
271,54,553.569,318.802,4.553,8.306,1,1,1.0
271,55,557.207,430.284,4.045,9.220,1,1,1.0
271,57,614.254,438.343,5.394,7.192,1,1,1.0
271,60,673.524,441.595,4.713,4.100,1,1,1.0
271,61,662.475,145.020,5.467,6.260,1,1,1.0
271,62,672.552,371.033,4.315,5.243,1,1,1.0
271,63,659.305,440.265,5.610,3.470,1,1,1.0
271,66,631.791,441.738,5.091,4.693,1,1,1.0
271,6366,5.123,429.656,5.000,6.000,1,1,1.0
271,6367,30.233,436.440,6.688,5.468,1,1,1.0
271,6368,12.973,17.761,5.000,6.000,1,1,1.0
271,6369,18.442,208.608,3.971,9.106,1,1,1.0
271,6370,18.520,41.278,4.441,8.993,1,1,1.0
271,6372,22.767,438.408,6.689,4.897,1,1,1.0
271,6373,7.146,157.180,5.000,6.000,1,1,1.0
271,6388,249.842,24.828,3.492,8.924,1,1,1.0
271,6389,247.639,429.796,5.373,4.753,1,1,1.0
271,6390,273.290,314.098,6.894,4.090,1,1,1.0
271,6393,270.711,167.989,4.218,9.241,1,1,1.0
272,20,122.908,434.734,4.766,7.780,1,1,1.0
272,22,155.775,148.518,4.113,8.768,1,1,1.0
272,25,136.382,438.670,6.150,4.508,1,1,1.0
272,27,186.124,439.944,4.588,5.205,1,1,1.0
272,29,175.266,427.082,5.031,8.340,1,1,1.0
272,40,401.455,172.822,4.252,8.977,1,1,1.0
272,41,433.274,169.176,4.677,7.701,1,1,1.0
272,42,421.658,442.091,7.116,5.396,1,1,1.0
272,43,373.495,208.205,4.909,4.564,1,1,1.0
272,45,498.189,211.637,4.948,8.404,1,1,1.0
272,47,507.920,440.430,4.016,5.745,1,1,1.0
272,48,551.062,136.953,4.036,6.419,1,1,1.0
272,49,540.102,130.411,5.125,7.538,1,1,1.0
272,50,558.307,217.923,4.309,7.995,1,1,1.0
272,54,553.567,318.816,4.550,8.041,1,1,1.0
272,55,557.218,430.278,4.078,9.204,1,1,1.0
272,57,614.279,438.317,5.439,7.300,1,1,1.0
272,60,672.486,441.499,4.617,4.049,1,1,1.0
272,61,662.496,145.018,5.472,6.301,1,1,1.0
272,62,672.470,371.164,4.490,5.182,1,1,1.0
272,63,659.502,440.267,5.597,3.557,1,1,1.0
272,66,631.966,441.685,4.919,5.037,1,1,1.0
272,6366,5.123,429.656,5.000,6.000,1,1,1.0
272,6367,22.811,438.525,6.703,5.162,1,1,1.0
272,6368,10.818,18.642,5.000,6.000,1,1,1.0
272,6369,18.096,205.814,4.134,8.757,1,1,1.0
272,6370,9.548,18.166,9.180,6.633,1,1,1.0
272,6372,18.815,39.376,4.362,9.234,1,1,1.0
272,6373,6.784,154.527,5.000,6.000,1,1,1.0
272,6388,249.714,24.346,3.815,7.853,1,1,1.0
272,6389,247.304,429.071,5.245,5.073,1,1,1.0
272,6390,275.218,313.841,7.112,3.872,1,1,1.0
272,6393,270.961,166.026,4.385,9.302,1,1,1.0
273,20,123.224,434.954,4.665,7.591,1,1,1.0
273,22,154.998,146.246,4.303,8.733,1,1,1.0
273,25,136.789,438.649,5.717,4.087,1,1,1.0
273,27,161.900,440.870,8.473,6.129,1,1,1.0
273,29,177.317,433.937,4.751,4.269,1,1,1.0
273,40,401.842,169.820,3.841,8.874,1,1,1.0
273,41,433.138,168.976,4.461,7.769,1,1,1.0
273,42,421.402,442.160,7.282,5.428,1,1,1.0
273,43,373.048,208.246,4.724,4.514,1,1,1.0
273,45,498.206,210.767,4.822,8.283,1,1,1.0
273,47,508.013,440.452,3.926,5.839,1,1,1.0
273,48,551.709,135.191,4.277,6.300,1,1,1.0
273,49,540.835,129.367,4.903,7.429,1,1,1.0
273,50,558.343,217.758,4.320,8.174,1,1,1.0
273,54,553.609,318.802,4.510,8.149,1,1,1.0
273,55,557.259,430.259,4.057,9.202,1,1,1.0
273,57,614.259,438.322,5.444,7.283,1,1,1.0
273,60,671.070,441.523,4.581,3.867,1,1,1.0
273,61,662.507,145.041,5.462,6.234,1,1,1.0
273,62,672.412,371.251,4.421,5.108,1,1,1.0
273,63,659.438,440.389,5.713,3.534,1,1,1.0
273,66,632.387,441.529,4.649,5.136,1,1,1.0
273,6366,5.395,426.797,5.000,6.000,1,1,1.0
273,6367,23.125,437.738,5.514,5.575,1,1,1.0
273,6368,10.622,17.565,5.000,6.000,1,1,1.0
273,6369,17.620,203.232,4.391,9.099,1,1,1.0
273,6370,8.572,18.036,8.475,6.737,1,1,1.0
273,6372,19.737,38.353,4.093,9.134,1,1,1.0
273,6373,7.025,153.201,5.000,6.000,1,1,1.0
273,6388,246.942,427.543,4.640,5.643,1,1,1.0
273,6390,271.374,164.047,4.208,9.029,1,1,1.0
273,6393,249.472,22.488,3.702,7.906,1,1,1.0
274,20,123.209,434.979,4.675,7.433,1,1,1.0
274,22,153.899,143.927,4.865,8.355,1,1,1.0
274,24,186.492,434.495,5.270,4.783,1,1,1.0
274,25,136.333,438.588,6.317,4.104,1,1,1.0
274,27,167.668,439.599,6.912,4.347,1,1,1.0
274,29,185.457,438.677,4.731,5.813,1,1,1.0
274,40,401.117,167.079,4.015,8.815,1,1,1.0
274,41,433.017,168.756,4.265,7.816,1,1,1.0
274,42,421.232,442.101,7.134,5.581,1,1,1.0
274,43,372.043,208.282,4.386,4.851,1,1,1.0
274,45,498.281,210.340,4.742,8.074,1,1,1.0
274,47,507.820,440.495,3.947,6.040,1,1,1.0
274,48,553.087,134.174,4.431,6.771,1,1,1.0
274,49,541.419,127.926,4.225,7.666,1,1,1.0
274,50,558.452,217.032,4.718,7.766,1,1,1.0
274,54,553.641,318.849,4.453,8.380,1,1,1.0
274,55,557.200,430.301,4.053,9.145,1,1,1.0
274,57,614.214,438.550,5.272,7.001,1,1,1.0
274,60,669.838,441.434,4.702,3.809,1,1,1.0
274,61,662.513,145.057,5.438,6.238,1,1,1.0
274,62,672.593,371.022,4.262,5.323,1,1,1.0
274,63,659.443,440.673,5.215,3.401,1,1,1.0
274,66,632.828,440.984,4.292,5.383,1,1,1.0
274,6366,5.055,427.001,5.000,6.000,1,1,1.0
274,6367,13.652,390.646,6.152,9.133,1,1,1.0
274,6368,8.860,18.153,5.000,6.000,1,1,1.0
274,6369,19.860,37.661,3.929,9.152,1,1,1.0
274,6370,17.223,200.699,4.515,9.267,1,1,1.0
274,6372,23.650,438.091,6.440,5.127,1,1,1.0
274,6373,6.543,151.031,5.000,6.000,1,1,1.0
274,6380,247.210,426.419,4.212,5.733,1,1,1.0
274,6388,277.577,311.589,6.253,5.321,1,1,1.0
274,6389,268.937,51.370,3.838,5.857,1,1,1.0
274,6391,272.199,162.721,4.441,8.234,1,1,1.0
274,6392,249.417,20.938,3.889,7.639,1,1,1.0
274,6393,292.459,369.682,4.025,8.598,1,1,1.0
275,20,123.126,434.677,4.617,7.360,1,1,1.0
275,22,153.270,142.284,4.709,8.243,1,1,1.0
275,24,169.217,432.335,5.590,4.344,1,1,1.0
275,25,136.521,438.672,5.900,4.218,1,1,1.0
275,27,172.461,440.311,4.018,5.291,1,1,1.0
275,29,185.803,439.632,4.568,4.887,1,1,1.0
275,40,400.825,164.542,3.812,8.877,1,1,1.0
275,41,409.642,157.251,5.907,7.777,1,1,1.0
275,42,421.130,441.912,6.858,5.965,1,1,1.0
275,43,371.375,207.695,4.012,5.403,1,1,1.0
275,45,498.887,209.236,4.523,8.347,1,1,1.0
275,47,507.858,440.474,3.989,6.046,1,1,1.0
275,48,554.452,132.723,3.840,6.593,1,1,1.0
275,49,540.920,125.457,3.846,8.720,1,1,1.0
275,50,558.812,216.054,4.344,7.818,1,1,1.0
275,54,553.599,318.845,4.479,8.190,1,1,1.0
275,55,557.199,430.360,4.052,9.131,1,1,1.0
275,57,614.158,438.662,4.825,6.847,1,1,1.0
275,60,668.549,441.334,4.458,3.725,1,1,1.0
275,61,662.515,145.017,5.422,6.234,1,1,1.0
275,62,672.537,371.096,4.399,5.246,1,1,1.0
275,63,659.268,440.474,5.358,3.800,1,1,1.0
275,66,634.361,440.110,5.140,4.547,1,1,1.0
275,6366,5.055,427.001,5.000,6.000,1,1,1.0
275,6367,11.966,363.674,4.504,7.899,1,1,1.0
275,6368,9.251,17.565,5.000,6.000,1,1,1.0
275,6369,19.102,36.022,3.950,9.001,1,1,1.0
275,6370,16.711,198.266,4.501,9.123,1,1,1.0
275,6372,23.921,438.281,5.972,5.110,1,1,1.0
275,6373,6.422,150.307,5.000,6.000,1,1,1.0
275,6388,273.003,160.316,4.414,8.709,1,1,1.0
275,6389,249.310,19.174,3.873,8.288,1,1,1.0
275,6390,292.552,369.691,3.871,8.692,1,1,1.0
275,6391,280.187,17.412,5.196,8.830,1,1,1.0
275,6392,247.392,424.962,4.035,6.066,1,1,1.0
275,6393,279.154,309.005,5.766,6.859,1,1,1.0
276,18,125.014,435.028,4.775,7.083,1,1,1.0
276,22,152.165,139.805,4.667,8.721,1,1,1.0
276,24,180.730,426.962,4.426,5.440,1,1,1.0
276,25,136.431,438.670,5.834,4.385,1,1,1.0
276,27,171.400,440.253,5.311,4.934,1,1,1.0
276,29,185.627,439.469,4.151,4.861,1,1,1.0
276,40,400.227,161.542,4.148,8.736,1,1,1.0
276,41,389.993,136.882,6.791,5.543,1,1,1.0
276,42,420.819,441.840,6.543,5.925,1,1,1.0
276,43,370.378,207.487,4.436,5.825,1,1,1.0
276,45,499.275,207.852,4.897,8.145,1,1,1.0
276,47,507.684,440.517,4.098,6.130,1,1,1.0
276,48,555.423,131.465,4.081,6.635,1,1,1.0
276,49,540.693,123.705,4.029,9.350,1,1,1.0
276,50,558.469,214.391,4.263,7.537,1,1,1.0
276,54,553.577,318.757,4.527,8.083,1,1,1.0
276,55,557.216,430.281,4.057,9.126,1,1,1.0
276,57,614.134,438.912,5.090,6.558,1,1,1.0
276,60,667.089,441.311,4.870,3.766,1,1,1.0
276,61,662.489,145.156,5.502,6.130,1,1,1.0
276,62,672.499,371.087,4.435,5.297,1,1,1.0
276,63,659.556,440.452,5.424,3.708,1,1,1.0
276,66,636.166,439.180,4.826,5.159,1,1,1.0
276,6366,5.327,423.598,5.000,6.000,1,1,1.0
276,6367,5.282,353.674,5.000,6.000,1,1,1.0
276,6368,9.447,19.132,5.000,6.000,1,1,1.0
276,6369,18.523,34.425,4.143,8.491,1,1,1.0
276,6370,15.780,195.930,4.837,9.042,1,1,1.0
276,6372,23.944,438.304,5.965,5.013,1,1,1.0
276,6373,5.699,145.002,5.000,6.000,1,1,1.0
276,6388,249.193,17.340,3.599,8.604,1,1,1.0
276,6389,247.372,423.573,3.889,5.962,1,1,1.0
276,6390,280.991,306.963,5.093,7.358,1,1,1.0
276,6393,273.692,157.976,4.528,8.525,1,1,1.0
277,18,124.822,435.848,5.177,6.175,1,1,1.0
277,22,150.627,137.635,4.575,8.742,1,1,1.0
277,24,169.984,427.804,8.255,6.820,1,1,1.0
277,25,136.276,438.674,5.814,4.486,1,1,1.0
277,27,171.329,440.404,5.130,5.026,1,1,1.0
277,29,185.448,439.326,4.204,4.985,1,1,1.0
277,40,399.746,157.584,3.824,9.182,1,1,1.0
277,41,398.003,137.034,5.848,4.253,1,1,1.0
277,42,420.955,441.831,5.861,5.538,1,1,1.0
277,43,370.036,207.069,4.644,5.890,1,1,1.0
277,45,499.393,206.273,5.215,8.145,1,1,1.0
277,47,507.705,440.518,3.983,6.163,1,1,1.0
277,48,556.733,130.520,3.716,5.897,1,1,1.0
277,49,540.547,121.800,3.703,8.759,1,1,1.0
277,50,558.705,211.593,3.705,8.078,1,1,1.0
277,54,553.582,318.797,4.553,8.374,1,1,1.0
277,55,557.131,430.381,4.108,9.062,1,1,1.0
277,57,614.434,439.675,5.430,6.065,1,1,1.0
277,60,664.844,440.881,5.595,4.025,1,1,1.0
277,61,662.490,145.154,5.412,6.028,1,1,1.0
277,62,672.363,371.276,4.669,5.136,1,1,1.0
277,63,658.714,439.154,4.991,6.216,1,1,1.0
277,66,637.599,438.284,5.498,5.016,1,1,1.0
277,6366,4.987,421.352,5.000,6.000,1,1,1.0
277,6367,5.282,358.058,5.000,6.000,1,1,1.0
277,6368,9.056,17.859,5.000,6.000,1,1,1.0
277,6369,17.583,32.698,4.730,8.377,1,1,1.0
277,6370,14.983,194.066,4.806,9.091,1,1,1.0
277,6372,24.062,438.315,5.824,5.016,1,1,1.0
277,6373,5.337,140.661,5.000,6.000,1,1,1.0
277,6388,274.446,156.074,4.424,9.121,1,1,1.0
277,6389,249.172,17.390,3.698,7.970,1,1,1.0
277,6390,292.373,369.661,4.057,8.690,1,1,1.0
277,6392,247.376,422.352,3.939,5.951,1,1,1.0
277,6393,281.679,304.926,5.720,7.099,1,1,1.0
278,18,125.956,437.200,4.587,6.264,1,1,1.0
278,22,150.033,136.302,4.611,8.389,1,1,1.0
278,25,135.618,438.809,6.072,4.436,1,1,1.0
278,27,170.671,440.076,4.967,4.825,1,1,1.0
278,29,185.220,439.716,4.678,4.425,1,1,1.0
278,40,398.912,154.898,3.687,8.389,1,1,1.0
278,41,408.739,135.424,4.537,5.417,1,1,1.0
278,42,421.007,441.886,5.759,5.330,1,1,1.0
278,43,370.187,206.760,4.325,5.848,1,1,1.0
278,45,500.442,204.720,5.301,8.421,1,1,1.0
278,47,507.716,440.509,3.996,6.173,1,1,1.0
278,48,557.714,130.350,3.639,5.281,1,1,1.0
278,49,540.161,119.708,3.675,8.298,1,1,1.0
278,50,558.509,209.326,3.782,7.690,1,1,1.0
278,54,553.600,318.810,4.511,8.386,1,1,1.0
278,55,557.142,430.423,4.036,9.097,1,1,1.0
278,57,614.318,440.172,6.006,5.294,1,1,1.0
278,60,664.462,441.252,5.099,3.937,1,1,1.0
278,61,662.593,145.128,5.357,6.104,1,1,1.0
278,62,672.386,371.293,4.620,5.163,1,1,1.0
278,63,659.724,440.432,5.132,3.987,1,1,1.0
278,66,638.750,437.921,5.718,5.122,1,1,1.0
278,6366,4.987,420.263,5.000,6.000,1,1,1.0
278,6367,5.173,365.402,5.000,6.000,1,1,1.0
278,6368,12.679,16.586,5.000,6.000,1,1,1.0
278,6369,14.265,191.959,4.921,8.685,1,1,1.0
278,6370,11.563,16.932,6.055,7.462,1,1,1.0
278,6372,16.445,31.222,4.680,8.003,1,1,1.0
278,6373,5.699,140.541,5.000,6.000,1,1,1.0
278,6388,247.369,421.467,3.907,5.949,1,1,1.0
278,6390,274.862,153.893,4.189,8.891,1,1,1.0
278,6393,249.182,17.483,3.638,7.857,1,1,1.0
279,18,126.738,435.722,5.130,9.051,1,1,1.0
279,22,149.325,134.189,4.778,8.463,1,1,1.0
279,25,138.000,438.629,5.865,5.502,1,1,1.0
279,27,170.242,439.984,5.306,4.968,1,1,1.0
279,29,185.344,439.741,4.559,4.579,1,1,1.0
279,40,398.441,150.845,3.851,8.775,1,1,1.0
279,41,405.731,136.566,4.211,7.629,1,1,1.0
279,42,421.712,441.681,4.559,5.356,1,1,1.0
279,43,370.191,206.758,4.250,5.506,1,1,1.0
279,45,500.535,203.675,5.232,8.021,1,1,1.0
279,47,507.709,440.634,3.987,6.012,1,1,1.0
279,48,558.577,129.895,3.552,5.271,1,1,1.0
279,49,540.505,117.371,3.978,8.820,1,1,1.0
279,50,558.693,208.205,4.122,6.451,1,1,1.0
279,54,553.617,318.763,4.521,8.432,1,1,1.0
279,55,557.133,430.434,4.038,9.068,1,1,1.0
279,57,614.535,440.869,6.205,4.782,1,1,1.0
279,60,662.925,440.852,6.209,3.930,1,1,1.0
279,61,662.613,145.123,5.352,6.157,1,1,1.0
279,62,672.292,371.023,4.392,5.361,1,1,1.0
279,63,658.102,439.086,4.991,6.216,1,1,1.0
279,66,639.778,437.829,5.517,4.813,1,1,1.0
279,6366,5.191,418.358,5.000,6.000,1,1,1.0
279,6367,18.823,388.753,9.183,6.883,1,1,1.0
279,6368,12.385,16.390,5.000,6.000,1,1,1.0
279,6369,15.793,29.601,4.780,8.734,1,1,1.0
279,6370,13.335,190.272,5.088,8.505,1,1,1.0
279,6372,23.914,438.367,5.890,5.009,1,1,1.0
279,6373,5.819,140.903,5.000,6.000,1,1,1.0
279,6388,275.507,152.047,4.534,8.776,1,1,1.0
279,6389,249.236,17.429,3.612,7.900,1,1,1.0
279,6390,292.510,369.793,3.910,8.642,1,1,1.0
279,6392,247.462,420.972,3.967,6.280,1,1,1.0
279,6393,284.915,301.911,5.510,7.259,1,1,1.0
280,18,126.895,439.130,4.939,5.634,1,1,1.0
280,20,131.400,421.496,4.139,6.838,1,1,1.0
280,22,149.333,132.445,4.695,8.798,1,1,1.0
280,25,137.697,437.508,5.884,6.142,1,1,1.0
280,27,170.302,440.171,5.406,4.740,1,1,1.0
280,29,185.323,439.739,4.516,4.475,1,1,1.0
280,40,398.415,147.264,3.271,9.057,1,1,1.0
280,41,405.267,146.186,7.091,5.265,1,1,1.0
280,42,422.256,441.485,4.126,5.012,1,1,1.0
280,43,370.160,206.722,4.229,5.415,1,1,1.0
280,45,500.825,202.865,5.384,7.660,1,1,1.0
280,47,508.021,440.504,3.905,5.809,1,1,1.0
280,48,558.843,128.987,3.463,5.349,1,1,1.0
280,49,540.345,114.499,3.695,9.044,1,1,1.0
280,50,559.115,206.735,3.784,6.405,1,1,1.0
280,54,553.650,318.733,4.528,8.116,1,1,1.0
280,55,557.043,430.431,4.066,9.068,1,1,1.0
280,57,614.440,441.384,6.673,4.387,1,1,1.0
280,60,663.079,440.699,5.204,4.126,1,1,1.0
280,61,662.626,145.152,5.343,5.950,1,1,1.0
280,62,672.328,371.020,4.356,5.329,1,1,1.0
280,63,658.714,439.018,4.991,6.216,1,1,1.0
280,66,641.538,437.062,5.232,4.992,1,1,1.0
280,6366,5.282,418.555,5.000,6.000,1,1,1.0
280,6367,50.207,396.072,4.400,7.229,1,1,1.0
280,6369,15.174,28.344,5.001,8.732,1,1,1.0
280,6370,12.769,188.410,4.952,8.739,1,1,1.0
280,6372,24.074,438.418,5.848,4.956,1,1,1.0
280,6373,5.699,139.697,5.000,6.000,1,1,1.0
280,6388,249.213,17.352,3.642,8.029,1,1,1.0
280,6389,247.535,421.648,3.997,5.025,1,1,1.0
280,6390,286.423,300.282,5.710,7.326,1,1,1.0
280,6393,275.793,149.852,5.069,8.887,1,1,1.0
281,18,127.078,438.633,5.065,5.592,1,1,1.0
281,20,135.773,420.360,4.432,7.324,1,1,1.0
281,22,148.674,130.568,4.546,8.716,1,1,1.0
281,25,138.113,438.251,5.157,5.795,1,1,1.0
281,27,170.460,440.173,5.164,4.671,1,1,1.0
281,29,185.399,439.757,4.546,4.459,1,1,1.0
281,40,397.990,144.642,3.582,8.981,1,1,1.0
281,41,428.898,148.980,8.780,5.357,1,1,1.0
281,42,422.655,441.426,3.966,4.969,1,1,1.0
281,43,370.135,206.583,4.343,5.296,1,1,1.0
281,45,501.322,202.275,5.404,7.585,1,1,1.0
281,47,508.475,439.445,3.587,7.476,1,1,1.0
281,48,558.600,127.530,4.004,5.839,1,1,1.0
281,49,540.631,112.114,3.853,8.333,1,1,1.0
281,50,559.103,205.217,3.673,6.330,1,1,1.0
281,53,540.388,98.937,4.742,4.550,1,1,1.0
281,54,553.589,318.746,4.514,8.373,1,1,1.0
281,55,557.130,430.430,3.946,9.030,1,1,1.0
281,57,614.856,441.173,6.540,4.378,1,1,1.0
281,60,665.756,440.659,4.582,3.996,1,1,1.0
281,61,662.601,145.137,5.319,6.015,1,1,1.0
281,62,672.292,371.044,4.255,5.297,1,1,1.0
281,63,658.776,439.980,5.339,4.008,1,1,1.0
281,66,642.441,436.794,5.254,4.986,1,1,1.0
281,6366,5.282,418.555,5.000,6.000,1,1,1.0
281,6367,49.822,395.318,4.801,8.585,1,1,1.0
281,6369,14.545,27.895,4.787,8.566,1,1,1.0
281,6370,12.376,186.773,4.686,8.584,1,1,1.0
281,6372,24.083,438.356,5.829,5.021,1,1,1.0
281,6373,4.975,134.271,5.000,6.000,1,1,1.0
281,6388,276.363,147.828,4.630,8.553,1,1,1.0
281,6389,249.212,17.475,3.703,7.945,1,1,1.0
281,6390,292.489,369.702,3.970,8.683,1,1,1.0
281,6392,247.887,421.777,4.139,4.665,1,1,1.0
281,6393,288.648,298.702,5.728,7.111,1,1,1.0
282,18,128.514,437.255,5.253,7.013,1,1,1.0
282,22,147.979,129.073,4.594,8.565,1,1,1.0
282,25,137.081,436.768,5.519,6.534,1,1,1.0
282,27,170.290,440.072,5.571,4.676,1,1,1.0
282,29,185.357,439.767,4.711,4.483,1,1,1.0
282,40,397.052,141.512,3.956,8.805,1,1,1.0
282,41,431.097,155.947,5.862,5.293,1,1,1.0
282,42,422.421,441.498,4.094,4.736,1,1,1.0
282,43,370.181,206.596,4.493,5.005,1,1,1.0
282,45,501.575,202.035,5.479,7.412,1,1,1.0
282,47,512.492,430.857,5.034,4.411,1,1,1.0
282,48,559.008,124.901,3.516,6.883,1,1,1.0
282,49,540.506,109.256,3.816,8.891,1,1,1.0
282,50,559.081,204.340,3.753,5.982,1,1,1.0
282,53,540.473,99.073,4.868,5.030,1,1,1.0
282,54,553.592,318.732,4.512,8.366,1,1,1.0
282,55,557.329,430.522,3.781,8.772,1,1,1.0
282,57,615.589,441.216,6.428,4.444,1,1,1.0
282,60,666.935,440.708,4.764,3.856,1,1,1.0
282,61,662.599,145.158,5.301,6.041,1,1,1.0
282,62,672.204,370.937,4.261,5.405,1,1,1.0
282,63,658.343,439.771,5.343,4.220,1,1,1.0
282,66,643.434,436.921,5.753,4.684,1,1,1.0
282,6366,5.173,416.472,5.000,6.000,1,1,1.0
282,6367,49.933,405.098,6.741,8.144,1,1,1.0
282,6369,14.597,27.806,4.755,8.763,1,1,1.0
282,6370,11.940,185.579,4.283,8.358,1,1,1.0
282,6372,24.068,438.365,5.840,4.897,1,1,1.0
282,6373,5.699,132.704,5.000,6.000,1,1,1.0
282,6388,277.512,146.037,4.130,8.767,1,1,1.0
282,6389,249.209,17.502,3.699,7.901,1,1,1.0
282,6390,292.513,369.740,3.932,8.640,1,1,1.0
282,6392,248.178,421.804,4.091,4.504,1,1,1.0
282,6393,289.770,296.665,5.659,6.678,1,1,1.0
283,18,129.372,438.698,5.475,5.950,1,1,1.0
283,22,147.534,127.900,4.575,8.142,1,1,1.0
283,27,170.322,439.580,4.974,5.429,1,1,1.0
283,29,185.504,439.628,4.869,4.626,1,1,1.0
283,40,396.961,138.628,4.061,8.691,1,1,1.0
283,41,430.824,164.426,4.636,7.661,1,1,1.0
283,42,422.509,441.467,4.041,4.905,1,1,1.0
283,43,370.390,205.794,4.738,5.394,1,1,1.0
283,45,501.733,201.908,5.464,7.287,1,1,1.0
283,47,536.938,438.968,4.446,7.136,1,1,1.0
283,48,558.513,123.128,3.941,7.805,1,1,1.0
283,49,540.232,106.328,4.298,9.146,1,1,1.0
283,50,559.136,203.700,3.856,5.866,1,1,1.0
283,54,553.556,318.781,4.518,8.205,1,1,1.0
283,55,557.211,430.627,3.672,8.647,1,1,1.0
283,57,616.269,441.244,6.170,4.393,1,1,1.0
283,60,668.222,440.888,4.738,4.054,1,1,1.0
283,61,662.570,145.170,5.370,6.070,1,1,1.0
283,62,672.204,370.900,4.265,5.413,1,1,1.0
283,63,658.679,439.895,5.328,4.368,1,1,1.0
283,66,643.327,436.856,5.762,4.879,1,1,1.0
283,6366,4.954,414.609,5.000,6.000,1,1,1.0
283,6367,51.831,422.739,6.019,6.028,1,1,1.0
283,6369,14.598,27.787,4.762,8.718,1,1,1.0
283,6370,11.713,184.449,4.220,8.125,1,1,1.0
283,6372,24.163,438.660,6.068,4.635,1,1,1.0
283,6373,6.181,130.051,5.000,6.000,1,1,1.0
283,6388,249.071,17.623,3.653,7.723,1,1,1.0
283,6389,248.451,421.780,4.100,4.739,1,1,1.0
283,6390,292.430,370.009,3.971,8.214,1,1,1.0
283,6393,278.044,144.089,4.222,9.304,1,1,1.0
284,18,129.503,437.851,5.277,7.064,1,1,1.0
284,22,146.827,125.616,4.587,8.548,1,1,1.0
284,25,135.215,439.003,7.604,6.992,1,1,1.0
284,27,170.473,439.310,4.656,5.934,1,1,1.0
284,29,185.137,439.739,4.762,4.735,1,1,1.0
284,40,396.337,134.964,4.149,8.613,1,1,1.0
284,41,428.956,173.225,8.071,4.388,1,1,1.0
284,42,422.533,441.462,4.140,4.918,1,1,1.0
284,43,370.603,204.479,5.168,6.135,1,1,1.0
284,45,501.878,201.723,5.428,7.144,1,1,1.0
284,47,537.958,437.846,4.214,6.283,1,1,1.0
284,48,557.968,120.611,4.508,7.596,1,1,1.0
284,49,540.732,103.594,3.545,9.019,1,1,1.0
284,50,558.542,202.773,4.411,5.507,1,1,1.0
284,54,553.629,318.713,4.527,8.087,1,1,1.0
284,55,557.351,430.776,3.603,8.570,1,1,1.0
284,57,616.183,441.550,6.237,4.266,1,1,1.0
284,60,668.784,441.068,4.539,4.410,1,1,1.0
284,61,662.545,145.204,5.382,6.065,1,1,1.0
284,62,672.151,371.177,4.538,5.221,1,1,1.0
284,63,658.501,439.820,5.246,4.478,1,1,1.0
284,66,643.364,436.891,5.607,4.838,1,1,1.0
284,6366,5.173,413.732,5.000,6.000,1,1,1.0
284,6367,47.064,438.640,5.022,4.795,1,1,1.0
284,6369,14.551,27.731,4.812,8.804,1,1,1.0
284,6370,11.484,183.185,4.155,8.077,1,1,1.0
284,6372,24.903,438.600,6.923,4.281,1,1,1.0
284,6373,5.699,129.569,5.000,6.000,1,1,1.0
284,6388,278.057,141.908,4.295,9.378,1,1,1.0
284,6389,248.827,17.979,3.835,7.287,1,1,1.0
284,6390,292.436,370.013,4.038,8.203,1,1,1.0
284,6392,248.640,421.259,4.532,4.896,1,1,1.0
284,6393,293.140,291.951,5.534,7.014,1,1,1.0
285,18,129.592,438.024,5.189,6.843,1,1,1.0
285,22,145.961,123.699,4.637,8.462,1,1,1.0
285,27,170.113,439.178,5.037,5.939,1,1,1.0
285,29,185.056,439.723,4.754,4.780,1,1,1.0
285,40,395.739,132.452,4.127,8.681,1,1,1.0
285,41,431.589,178.259,6.589,5.064,1,1,1.0
285,42,422.472,441.517,4.151,4.816,1,1,1.0
285,43,371.678,202.355,5.052,6.742,1,1,1.0
285,45,516.848,191.467,8.462,7.627,1,1,1.0
285,47,536.969,440.306,5.490,5.375,1,1,1.0
285,48,558.282,119.033,3.991,7.228,1,1,1.0
285,49,540.300,101.917,3.570,8.149,1,1,1.0
285,50,558.120,202.516,4.406,5.767,1,1,1.0
285,54,553.511,318.801,4.580,8.388,1,1,1.0
285,55,557.137,430.781,3.799,8.705,1,1,1.0
285,57,616.585,441.689,5.986,4.053,1,1,1.0
285,60,668.834,441.085,4.468,4.354,1,1,1.0
285,61,662.512,145.190,5.427,5.962,1,1,1.0
285,62,672.160,371.180,4.547,5.206,1,1,1.0
285,63,658.600,439.894,5.298,4.386,1,1,1.0
285,66,643.519,436.838,5.515,4.737,1,1,1.0
285,6366,5.611,412.417,5.000,6.000,1,1,1.0
285,6367,45.920,438.050,5.261,4.639,1,1,1.0
285,6369,14.400,27.599,4.785,8.741,1,1,1.0
285,6370,11.598,182.477,3.817,8.190,1,1,1.0
285,6372,26.529,438.428,6.969,4.127,1,1,1.0
285,6373,5.819,127.037,5.000,6.000,1,1,1.0
285,6388,278.825,139.877,4.400,9.183,1,1,1.0
285,6389,248.733,18.534,3.745,6.602,1,1,1.0
285,6390,292.464,369.995,4.012,8.220,1,1,1.0
285,6392,249.217,421.123,4.252,4.710,1,1,1.0
285,6393,294.523,290.524,5.403,7.071,1,1,1.0
286,22,145.491,121.688,4.679,8.471,1,1,1.0
286,27,170.079,439.470,4.690,5.810,1,1,1.0
286,29,185.363,439.731,4.537,4.821,1,1,1.0
286,40,395.790,131.494,4.250,8.902,1,1,1.0
286,41,430.699,185.804,6.306,5.072,1,1,1.0
286,42,422.542,441.499,4.154,4.771,1,1,1.0
286,43,371.882,200.913,5.629,6.655,1,1,1.0
286,45,549.211,160.477,4.369,7.785,1,1,1.0
286,47,538.346,438.887,4.127,6.441,1,1,1.0
286,48,558.803,116.929,3.971,7.249,1,1,1.0
286,49,540.302,101.428,4.083,6.406,1,1,1.0
286,50,557.855,202.414,4.644,5.331,1,1,1.0
286,54,553.486,318.784,4.604,8.412,1,1,1.0
286,55,557.152,430.954,3.646,8.649,1,1,1.0
286,57,617.162,441.690,5.662,4.183,1,1,1.0
286,60,668.782,441.090,4.520,4.406,1,1,1.0
286,61,662.527,145.162,5.428,6.128,1,1,1.0
286,62,672.149,371.243,4.661,5.165,1,1,1.0
286,63,658.365,439.741,5.254,4.581,1,1,1.0
286,66,643.695,436.878,5.498,4.789,1,1,1.0
286,6366,5.502,409.676,5.000,6.000,1,1,1.0
286,6367,45.968,438.095,5.059,4.855,1,1,1.0
286,6369,14.278,27.546,4.808,8.679,1,1,1.0
286,6370,11.831,181.958,3.707,8.065,1,1,1.0
286,6372,27.890,438.311,6.858,4.160,1,1,1.0
286,6373,5.940,126.675,5.000,6.000,1,1,1.0
286,6388,279.160,137.726,4.246,8.825,1,1,1.0
286,6389,248.466,19.098,3.886,6.025,1,1,1.0
286,6390,292.480,370.029,4.018,8.174,1,1,1.0
286,6392,249.860,420.813,4.590,4.897,1,1,1.0
286,6393,295.458,289.686,5.373,7.759,1,1,1.0
287,22,144.969,119.534,4.272,8.792,1,1,1.0
287,27,170.012,439.299,4.511,5.992,1,1,1.0
287,29,185.242,439.736,4.427,4.820,1,1,1.0
287,40,395.494,130.796,4.107,8.738,1,1,1.0
287,41,436.258,200.795,4.422,7.098,1,1,1.0
287,42,422.526,441.528,4.165,4.720,1,1,1.0
287,43,372.763,199.711,5.419,6.748,1,1,1.0
287,45,552.262,120.902,5.151,9.505,1,1,1.0
287,47,538.027,438.467,4.166,7.101,1,1,1.0
287,48,558.413,114.959,4.144,7.456,1,1,1.0
287,50,557.636,201.749,4.294,5.047,1,1,1.0
287,54,553.536,318.766,4.553,8.304,1,1,1.0
287,55,557.166,430.875,3.758,8.799,1,1,1.0
287,57,617.537,441.702,5.402,4.183,1,1,1.0
287,60,667.959,440.984,3.933,4.168,1,1,1.0
287,61,662.554,145.117,5.379,6.088,1,1,1.0
287,62,672.165,371.281,4.631,5.105,1,1,1.0
287,63,658.437,439.885,5.189,4.371,1,1,1.0
287,66,643.730,436.876,5.494,4.765,1,1,1.0
287,6366,5.173,408.580,5.000,6.000,1,1,1.0
287,6367,46.203,438.184,4.806,4.898,1,1,1.0
287,6369,13.853,27.232,4.910,8.308,1,1,1.0
287,6370,12.037,180.944,3.666,7.929,1,1,1.0
287,6372,28.949,438.049,7.043,4.346,1,1,1.0
287,6373,6.663,124.264,5.000,6.000,1,1,1.0
287,6388,279.186,135.287,4.066,9.137,1,1,1.0
287,6389,248.344,19.067,3.885,5.921,1,1,1.0
287,6390,292.495,370.018,3.960,8.078,1,1,1.0
287,6392,251.027,420.198,4.516,4.500,1,1,1.0
287,6393,296.901,288.610,5.334,7.433,1,1,1.0
288,18,130.979,439.321,4.987,6.301,1,1,1.0
288,22,144.837,117.197,4.144,9.008,1,1,1.0
288,25,136.334,439.807,6.337,6.071,1,1,1.0
288,27,169.883,439.175,4.268,6.105,1,1,1.0
288,29,185.182,439.900,4.517,4.522,1,1,1.0
288,40,395.131,129.835,3.852,8.964,1,1,1.0
288,41,436.887,199.983,4.491,6.710,1,1,1.0
288,42,422.489,441.545,4.177,4.854,1,1,1.0
288,43,373.798,198.142,5.648,6.455,1,1,1.0
288,47,537.965,438.433,4.290,7.141,1,1,1.0
288,48,558.687,112.768,3.993,7.830,1,1,1.0
288,50,557.316,201.502,4.299,4.719,1,1,1.0
288,54,553.556,318.798,4.579,8.080,1,1,1.0
288,55,557.148,430.871,3.768,8.847,1,1,1.0
288,57,617.887,441.713,5.022,4.266,1,1,1.0
288,60,667.832,440.956,3.993,4.293,1,1,1.0
288,61,662.553,145.125,5.429,6.079,1,1,1.0
288,62,672.130,371.279,4.635,5.099,1,1,1.0
288,63,658.389,439.912,5.227,4.382,1,1,1.0
288,66,643.653,436.905,5.520,4.786,1,1,1.0
288,6366,5.073,407.935,5.000,6.000,1,1,1.0
288,6367,46.382,438.326,4.491,5.035,1,1,1.0
288,6369,13.902,27.331,4.888,8.190,1,1,1.0
288,6370,12.009,179.761,3.510,7.455,1,1,1.0
288,6372,30.314,437.951,7.451,4.285,1,1,1.0
288,6388,280.017,133.371,4.169,9.107,1,1,1.0
288,6389,248.304,18.855,3.823,6.028,1,1,1.0
288,6390,292.566,369.945,3.900,8.250,1,1,1.0
288,6392,251.214,420.131,5.081,4.672,1,1,1.0
288,6393,298.612,287.844,5.520,6.550,1,1,1.0
289,22,144.994,115.140,3.990,9.326,1,1,1.0
289,27,169.655,438.829,4.556,6.397,1,1,1.0
289,29,185.354,439.789,4.390,4.546,1,1,1.0
289,40,394.029,128.799,4.684,8.189,1,1,1.0
289,41,436.920,199.545,4.445,7.036,1,1,1.0
289,42,422.434,441.524,4.204,4.855,1,1,1.0
289,43,375.061,196.007,5.625,6.963,1,1,1.0
289,47,538.272,438.282,3.528,8.146,1,1,1.0
289,48,558.416,109.958,4.002,8.110,1,1,1.0
289,50,556.747,201.502,4.605,4.275,1,1,1.0
289,54,553.488,318.885,4.584,8.280,1,1,1.0
289,55,556.999,430.913,3.904,9.020,1,1,1.0
289,57,617.812,441.627,4.661,4.336,1,1,1.0
289,60,666.033,441.216,4.565,4.165,1,1,1.0
289,61,662.471,145.143,5.412,5.900,1,1,1.0
289,62,672.168,371.191,4.546,5.155,1,1,1.0
289,63,658.306,439.562,4.991,6.216,1,1,1.0
289,66,643.761,436.941,5.433,4.746,1,1,1.0
289,6366,5.372,401.956,5.000,6.000,1,1,1.0
289,6367,46.569,438.504,4.519,4.763,1,1,1.0
289,6369,13.694,27.259,4.767,7.490,1,1,1.0
289,6370,12.083,179.539,3.643,7.632,1,1,1.0
289,6372,32.585,437.810,7.212,4.089,1,1,1.0
289,6373,9.437,117.964,5.000,6.000,1,1,1.0
289,6377,248.253,19.037,3.800,5.464,1,1,1.0
289,6388,300.083,287.011,6.171,5.665,1,1,1.0
289,6389,280.106,131.185,4.157,8.872,1,1,1.0
289,6392,292.479,370.213,4.013,8.254,1,1,1.0
290,18,130.438,438.498,5.391,6.045,1,1,1.0
290,22,144.810,113.252,3.771,8.817,1,1,1.0
290,25,137.655,439.219,5.314,6.244,1,1,1.0
290,27,169.782,438.476,4.717,6.540,1,1,1.0
290,29,184.983,439.693,4.562,4.550,1,1,1.0
290,40,391.823,127.522,5.197,7.078,1,1,1.0
290,41,436.558,198.503,4.428,6.920,1,1,1.0
290,42,422.528,441.489,4.215,4.888,1,1,1.0
290,43,375.975,194.654,5.423,7.390,1,1,1.0
290,47,537.957,439.523,4.116,5.930,1,1,1.0
290,48,558.307,108.185,4.000,7.741,1,1,1.0
290,50,555.994,201.543,4.675,4.263,1,1,1.0
290,54,553.444,318.857,4.687,8.204,1,1,1.0
290,55,557.004,430.907,3.899,8.970,1,1,1.0
290,57,617.893,441.530,4.592,4.396,1,1,1.0
290,60,664.490,441.146,4.785,4.368,1,1,1.0
290,61,662.446,145.145,5.431,5.946,1,1,1.0
290,62,672.220,371.191,4.446,5.100,1,1,1.0
290,63,658.578,439.562,4.991,6.216,1,1,1.0
290,66,643.713,436.951,5.699,4.832,1,1,1.0
290,6366,5.472,401.657,5.000,6.000,1,1,1.0
290,6367,46.730,438.533,4.509,4.894,1,1,1.0
290,6369,13.469,27.092,4.796,7.378,1,1,1.0
290,6370,12.222,179.526,3.442,7.576,1,1,1.0
290,6372,33.737,438.091,7.682,4.044,1,1,1.0
290,6373,12.463,117.430,3.827,5.905,1,1,1.0
290,6388,292.326,370.700,4.025,8.208,1,1,1.0
290,6389,252.859,420.825,5.114,4.559,1,1,1.0
290,6390,302.294,286.272,5.788,5.365,1,1,1.0
290,6392,281.460,128.877,3.869,8.829,1,1,1.0
291,22,144.723,110.990,3.833,9.143,1,1,1.0
291,23,144.229,99.870,5.170,4.421,1,1,1.0
291,25,137.163,439.228,5.818,6.672,1,1,1.0
291,27,169.822,438.801,4.478,6.242,1,1,1.0
291,29,185.084,439.793,4.450,4.467,1,1,1.0
291,40,390.135,125.622,5.748,7.323,1,1,1.0
291,41,436.636,197.952,4.388,6.980,1,1,1.0
291,42,422.602,441.394,4.224,4.847,1,1,1.0
291,43,376.666,193.115,5.592,7.315,1,1,1.0
291,47,537.904,440.010,4.342,5.585,1,1,1.0
291,48,558.307,105.415,4.186,6.987,1,1,1.0
291,50,554.901,201.467,5.126,4.209,1,1,1.0
291,54,553.464,318.776,4.723,8.276,1,1,1.0
291,55,557.058,430.863,3.970,8.870,1,1,1.0
291,57,618.149,441.326,4.451,4.552,1,1,1.0
291,60,662.970,440.779,5.819,4.668,1,1,1.0
291,61,662.427,145.137,5.432,5.913,1,1,1.0
291,62,672.244,371.087,4.513,5.190,1,1,1.0
291,63,657.898,439.358,4.991,6.216,1,1,1.0
291,66,643.841,436.967,5.837,4.740,1,1,1.0
291,6366,5.173,402.554,5.000,6.000,1,1,1.0
291,6367,46.671,438.524,4.540,4.813,1,1,1.0
291,6369,12.677,116.122,4.705,6.854,1,1,1.0
291,6370,12.126,179.467,3.546,7.615,1,1,1.0
291,6372,34.776,438.091,7.531,4.245,1,1,1.0
291,6373,13.367,26.999,4.574,6.889,1,1,1.0
291,6388,282.175,126.935,4.078,8.799,1,1,1.0
291,6389,248.168,18.392,3.760,5.575,1,1,1.0
291,6390,292.296,370.694,4.024,8.098,1,1,1.0
291,6392,253.972,421.377,5.293,4.759,1,1,1.0
291,6393,303.691,285.448,5.867,5.333,1,1,1.0
292,22,145.380,109.409,4.229,8.746,1,1,1.0
292,25,136.032,439.203,6.743,6.367,1,1,1.0
292,27,170.276,438.832,4.140,6.173,1,1,1.0
292,29,185.119,439.735,4.367,4.573,1,1,1.0
292,40,388.417,124.443,5.668,7.204,1,1,1.0
292,41,436.195,197.415,4.520,6.953,1,1,1.0
292,42,422.638,441.400,4.234,4.925,1,1,1.0
292,43,377.479,191.651,5.689,7.234,1,1,1.0
292,47,537.220,439.921,5.174,5.996,1,1,1.0
292,48,557.797,104.932,4.456,6.715,1,1,1.0
292,50,553.933,200.994,4.834,4.519,1,1,1.0
292,54,553.437,318.793,4.738,8.210,1,1,1.0
292,55,556.914,430.836,4.051,8.893,1,1,1.0
292,57,618.679,441.022,4.565,4.654,1,1,1.0
292,60,663.105,440.895,5.291,4.638,1,1,1.0
292,61,662.432,145.133,5.445,5.972,1,1,1.0
292,62,672.276,371.134,4.633,5.122,1,1,1.0
292,63,658.034,439.358,4.991,6.216,1,1,1.0
292,66,644.315,430.538,6.225,10.164,1,1,1.0
292,6366,5.571,400.960,5.000,6.000,1,1,1.0
292,6367,46.724,438.558,4.388,4.793,1,1,1.0
292,6369,13.353,27.006,4.635,6.927,1,1,1.0
292,6370,11.803,179.469,3.791,7.495,1,1,1.0
292,6372,35.768,438.217,7.447,4.530,1,1,1.0
292,6373,13.205,114.788,5.646,7.384,1,1,1.0
292,6388,254.759,421.778,5.103,4.767,1,1,1.0
292,6390,282.659,124.460,4.151,8.806,1,1,1.0
292,6392,248.075,18.076,3.791,5.567,1,1,1.0
292,6393,292.304,370.759,3.959,8.057,1,1,1.0
293,22,145.476,107.837,4.395,8.530,1,1,1.0
293,25,136.200,439.108,6.219,5.521,1,1,1.0
293,27,170.414,438.685,4.186,6.263,1,1,1.0
293,29,185.208,439.686,4.371,4.689,1,1,1.0
293,40,387.792,122.935,4.917,7.130,1,1,1.0
293,41,436.117,197.134,4.630,6.845,1,1,1.0
293,42,422.592,441.404,4.265,4.783,1,1,1.0
293,43,378.598,190.068,5.691,7.498,1,1,1.0
293,47,536.536,440.447,5.885,5.101,1,1,1.0
293,48,557.953,102.276,4.332,8.017,1,1,1.0
293,50,552.638,201.000,5.745,4.128,1,1,1.0
293,54,553.519,318.752,4.644,8.331,1,1,1.0
293,55,557.148,430.647,3.963,8.698,1,1,1.0
293,57,618.916,440.873,4.399,4.549,1,1,1.0
293,60,664.994,441.551,4.237,3.878,1,1,1.0
293,61,662.394,145.112,5.354,6.031,1,1,1.0
293,62,672.299,371.050,4.953,5.218,1,1,1.0
293,63,658.712,440.502,4.520,3.515,1,1,1.0
293,66,650.344,389.510,4.486,8.405,1,1,1.0
293,6366,4.675,396.575,5.000,6.000,1,1,1.0
293,6367,45.886,438.410,5.920,5.013,1,1,1.0
293,6369,13.394,27.011,4.575,6.920,1,1,1.0
293,6370,11.601,179.512,3.873,7.539,1,1,1.0
293,6372,37.038,438.548,7.589,4.961,1,1,1.0
293,6373,14.018,113.737,5.971,6.971,1,1,1.0
293,6388,282.970,122.511,4.305,8.721,1,1,1.0
293,6389,248.062,18.123,3.776,5.520,1,1,1.0
293,6390,292.382,370.158,3.941,8.163,1,1,1.0
293,6392,255.830,422.490,5.297,4.686,1,1,1.0
293,6393,306.860,284.491,5.043,5.288,1,1,1.0
294,18,130.187,439.305,5.828,5.448,1,1,1.0
294,22,146.029,106.350,4.109,8.532,1,1,1.0
294,25,136.136,438.932,6.362,5.542,1,1,1.0
294,27,170.463,438.472,4.315,6.587,1,1,1.0
294,29,185.230,439.661,4.691,4.788,1,1,1.0
294,40,387.912,120.267,3.659,9.142,1,1,1.0
294,41,436.017,197.969,5.136,5.426,1,1,1.0
294,42,422.505,441.447,4.366,4.655,1,1,1.0
294,43,379.533,188.699,5.809,7.282,1,1,1.0
294,47,535.753,440.436,6.197,4.907,1,1,1.0
294,50,551.318,200.717,5.600,3.958,1,1,1.0
294,54,553.547,318.714,4.575,8.307,1,1,1.0
294,55,557.189,430.540,3.956,8.640,1,1,1.0
294,57,618.847,440.717,4.630,4.416,1,1,1.0
294,60,664.845,441.517,4.441,3.969,1,1,1.0
294,61,662.399,145.183,5.376,5.905,1,1,1.0
294,62,672.597,371.691,4.775,4.533,1,1,1.0
294,63,658.442,439.290,4.991,6.216,1,1,1.0
294,66,657.944,366.141,6.034,4.954,1,1,1.0
294,6366,5.472,396.575,5.000,6.000,1,1,1.0
294,6367,44.902,438.533,5.811,5.451,1,1,1.0
294,6369,13.363,26.999,4.553,6.891,1,1,1.0
294,6370,11.644,179.239,3.922,7.773,1,1,1.0
294,6372,37.522,438.384,7.066,6.128,1,1,1.0
294,6373,15.335,111.775,5.906,7.018,1,1,1.0
294,6388,283.071,120.510,4.212,8.773,1,1,1.0
294,6389,248.154,18.119,3.716,5.492,1,1,1.0
294,6390,292.268,369.857,3.838,8.306,1,1,1.0
294,6392,256.469,423.151,5.822,4.618,1,1,1.0
294,6393,308.432,283.707,5.026,5.140,1,1,1.0
295,18,129.173,438.991,6.045,5.771,1,1,1.0
295,22,146.011,104.850,4.125,8.791,1,1,1.0
295,25,135.919,438.795,6.257,5.862,1,1,1.0
295,27,170.445,438.156,4.352,6.856,1,1,1.0
295,29,185.193,439.583,4.670,4.880,1,1,1.0
295,40,388.763,117.884,4.160,8.760,1,1,1.0
295,41,435.943,198.609,5.101,5.157,1,1,1.0
295,42,422.467,441.438,4.429,4.702,1,1,1.0
295,43,380.512,187.260,6.017,7.194,1,1,1.0
295,47,534.342,440.385,6.478,5.105,1,1,1.0
295,50,549.546,200.593,6.035,4.017,1,1,1.0
295,54,553.543,318.772,4.639,8.274,1,1,1.0
295,55,557.288,430.406,3.993,8.801,1,1,1.0
295,57,618.917,440.543,4.866,4.586,1,1,1.0
295,60,663.817,441.061,5.266,4.235,1,1,1.0
295,61,662.389,145.196,5.433,5.915,1,1,1.0
295,63,657.966,439.154,4.991,6.216,1,1,1.0
295,66,670.108,371.000,6.918,5.119,1,1,1.0
295,6366,5.272,396.675,5.000,6.000,1,1,1.0
295,6367,38.114,438.057,9.607,6.558,1,1,1.0
295,6369,13.462,26.934,4.639,7.040,1,1,1.0
295,6370,11.896,179.198,3.706,7.910,1,1,1.0
295,6372,38.429,438.445,5.000,6.000,1,1,1.0
295,6373,16.980,109.741,6.061,7.462,1,1,1.0
295,6388,258.525,423.745,5.742,4.667,1,1,1.0
295,6390,283.180,117.681,4.306,8.990,1,1,1.0
295,6392,248.144,18.074,3.759,5.561,1,1,1.0
295,6393,292.127,368.660,4.111,8.263,1,1,1.0
296,18,129.234,438.983,6.402,5.875,1,1,1.0
296,22,146.806,102.578,3.782,8.989,1,1,1.0
296,25,136.191,438.519,7.223,6.076,1,1,1.0
296,27,170.376,438.115,4.375,6.874,1,1,1.0
296,29,185.248,439.692,4.338,4.801,1,1,1.0
296,40,389.557,115.601,4.146,8.920,1,1,1.0
296,41,435.860,198.321,5.144,5.163,1,1,1.0
296,42,422.403,441.495,4.495,4.649,1,1,1.0
296,43,382.163,185.768,6.323,6.891,1,1,1.0
296,47,532.911,440.949,6.065,4.756,1,1,1.0
296,50,548.202,200.188,6.121,3.951,1,1,1.0
296,54,553.631,318.725,4.491,8.237,1,1,1.0
296,55,557.230,430.435,3.961,8.882,1,1,1.0
296,57,619.279,440.363,4.685,4.646,1,1,1.0
296,60,664.233,441.164,4.749,4.212,1,1,1.0
296,61,662.357,145.150,5.439,5.902,1,1,1.0
296,62,671.938,371.787,5.030,4.430,1,1,1.0
296,63,657.830,438.542,4.991,6.216,1,1,1.0
296,66,659.652,368.267,3.457,6.842,1,1,1.0
296,6366,4.874,397.074,5.000,6.000,1,1,1.0
296,6367,39.205,437.367,8.548,7.574,1,1,1.0
296,6369,13.444,26.788,4.788,7.323,1,1,1.0
296,6370,11.942,179.088,3.582,7.579,1,1,1.0
296,6372,39.975,439.187,5.000,6.000,1,1,1.0
296,6373,18.663,107.655,6.120,7.172,1,1,1.0
296,6388,283.535,116.039,4.364,9.089,1,1,1.0
296,6389,248.108,18.023,3.778,5.620,1,1,1.0
296,6390,292.242,367.723,4.113,8.326,1,1,1.0
296,6392,259.900,424.318,6.185,4.726,1,1,1.0
296,6393,310.235,282.028,4.726,4.782,1,1,1.0
297,18,128.682,439.104,6.597,5.676,1,1,1.0
297,22,145.843,102.290,4.267,8.973,1,1,1.0
297,25,136.205,438.546,7.896,5.899,1,1,1.0
297,27,170.283,437.939,4.394,6.990,1,1,1.0
297,29,185.287,439.613,4.535,4.902,1,1,1.0
297,40,390.470,113.320,4.143,8.471,1,1,1.0
297,41,435.424,197.909,5.511,5.145,1,1,1.0
297,42,422.220,441.464,4.554,4.716,1,1,1.0
297,43,383.452,183.884,6.193,6.962,1,1,1.0
297,47,531.103,440.991,7.059,4.619,1,1,1.0
297,50,546.872,200.075,6.404,3.951,1,1,1.0
297,54,553.415,318.723,4.655,8.314,1,1,1.0
297,55,557.184,430.418,4.023,8.991,1,1,1.0
297,57,619.197,440.339,5.233,4.601,1,1,1.0
297,60,664.879,441.517,4.620,3.971,1,1,1.0
297,61,662.363,145.193,5.480,5.814,1,1,1.0
297,62,671.815,371.500,5.425,4.651,1,1,1.0
297,63,658.727,440.006,4.370,3.943,1,1,1.0
297,66,659.280,364.474,3.809,7.250,1,1,1.0
297,6366,4.874,397.074,5.000,6.000,1,1,1.0
297,6367,39.311,437.105,7.940,9.507,1,1,1.0
297,6369,29.602,20.538,7.785,6.727,1,1,1.0
297,6370,11.967,179.025,3.553,7.618,1,1,1.0
297,6372,39.728,439.620,5.000,6.000,1,1,1.0
297,6373,19.309,106.571,5.646,7.439,1,1,1.0
297,6388,283.796,114.029,4.405,9.025,1,1,1.0
297,6389,248.007,17.990,3.881,5.689,1,1,1.0
297,6390,291.710,366.200,4.349,8.668,1,1,1.0
297,6392,261.518,424.745,6.175,5.027,1,1,1.0
297,6393,311.403,281.623,4.394,5.340,1,1,1.0
298,18,128.556,439.166,7.172,5.583,1,1,1.0
298,25,136.656,438.151,8.144,6.067,1,1,1.0
298,27,170.247,437.893,4.464,6.974,1,1,1.0
298,29,185.172,439.707,4.107,4.770,1,1,1.0
298,40,391.324,110.057,4.327,8.811,1,1,1.0
298,41,435.050,196.616,5.301,6.437,1,1,1.0
298,42,422.282,441.529,4.553,4.604,1,1,1.0
298,43,384.709,181.782,5.863,7.531,1,1,1.0
298,47,530.340,440.902,6.789,4.696,1,1,1.0
298,50,545.072,200.479,6.563,4.143,1,1,1.0
298,54,553.435,318.754,4.672,8.348,1,1,1.0
298,55,557.123,430.347,4.076,9.034,1,1,1.0
298,57,619.540,440.544,5.383,4.560,1,1,1.0
298,60,665.339,439.759,4.991,6.216,1,1,1.0
298,61,662.381,145.154,5.441,6.054,1,1,1.0
298,62,671.654,371.202,5.230,4.726,1,1,1.0
298,63,659.698,440.451,7.571,3.967,1,1,1.0
298,66,657.395,375.559,4.400,7.947,1,1,1.0
298,6366,4.874,397.074,5.000,6.000,1,1,1.0
298,6367,39.656,437.011,7.470,9.769,1,1,1.0
298,6370,12.035,179.117,3.473,7.492,1,1,1.0
298,6372,40.532,438.630,5.000,6.000,1,1,1.0
298,6388,284.077,98.944,4.758,4.348,1,1,1.0
298,6389,248.039,18.064,3.801,5.649,1,1,1.0
298,6390,291.450,365.563,4.450,8.624,1,1,1.0
298,6392,262.005,425.161,6.399,4.848,1,1,1.0
298,6393,312.372,281.087,3.978,4.776,1,1,1.0
299,18,128.041,439.111,6.613,5.476,1,1,1.0
299,25,138.312,437.893,8.308,5.884,1,1,1.0
299,27,170.364,437.922,4.341,6.812,1,1,1.0
299,29,185.236,439.691,4.211,4.810,1,1,1.0
299,40,391.721,107.383,4.303,9.021,1,1,1.0
299,41,435.324,194.744,4.883,8.064,1,1,1.0
299,42,422.315,441.461,4.519,4.710,1,1,1.0
299,43,386.102,179.548,5.501,8.044,1,1,1.0
299,47,528.427,440.546,6.920,4.735,1,1,1.0
299,50,544.134,200.444,6.623,4.234,1,1,1.0
299,54,553.263,318.741,4.834,8.267,1,1,1.0
299,55,557.062,430.387,4.211,8.989,1,1,1.0
299,57,619.860,440.417,5.352,4.748,1,1,1.0
299,60,664.879,441.653,4.881,4.047,1,1,1.0
299,61,662.278,145.067,5.361,6.244,1,1,1.0
299,62,670.612,370.979,5.261,4.642,1,1,1.0
299,63,658.868,440.353,5.651,3.942,1,1,1.0
299,66,648.131,393.592,6.344,7.375,1,1,1.0
299,6366,4.874,397.074,5.000,6.000,1,1,1.0
299,6367,39.382,436.648,8.102,9.856,1,1,1.0
299,6370,12.033,178.567,3.488,7.645,1,1,1.0
299,6377,248.028,18.033,3.797,5.617,1,1,1.0
299,6388,312.884,280.814,3.916,4.873,1,1,1.0
299,6389,283.239,98.693,5.499,5.273,1,1,1.0
299,6392,285.390,109.950,3.991,9.018,1,1,1.0
300,18,128.306,439.015,6.079,5.470,1,1,1.0
300,27,170.295,437.808,4.441,6.941,1,1,1.0
300,29,185.129,439.647,4.164,4.789,1,1,1.0
300,40,392.267,105.445,4.272,8.634,1,1,1.0
300,41,435.404,193.236,4.997,8.608,1,1,1.0
300,42,422.368,441.438,4.529,4.629,1,1,1.0
300,43,387.267,177.721,5.382,7.693,1,1,1.0
300,47,526.586,440.155,6.714,4.461,1,1,1.0
300,50,542.921,200.372,7.028,4.244,1,1,1.0
300,54,553.361,318.740,4.682,8.286,1,1,1.0
300,55,557.123,430.444,4.058,8.880,1,1,1.0
300,57,619.700,440.425,5.267,4.675,1,1,1.0
300,60,664.886,441.483,4.918,4.046,1,1,1.0
300,61,662.269,145.046,5.355,6.225,1,1,1.0
300,62,669.430,370.819,5.639,4.659,1,1,1.0
300,63,658.867,440.273,5.317,3.966,1,1,1.0
300,66,625.862,422.335,6.762,7.762,1,1,1.0
300,6366,4.874,397.074,5.000,6.000,1,1,1.0
300,6367,37.647,435.521,5.859,7.042,1,1,1.0
300,6370,11.865,178.418,3.571,7.758,1,1,1.0
300,6372,38.923,441.600,9.327,7.225,1,1,1.0
300,6388,285.148,108.388,4.175,8.537,1,1,1.0
300,6390,291.204,363.525,4.631,8.877,1,1,1.0
300,6392,248.062,17.891,3.775,5.434,1,1,1.0
300,6393,313.243,280.337,3.898,4.755,1,1,1.0
301,18,127.796,439.390,5.994,5.393,1,1,1.0
301,27,169.328,438.264,5.348,6.320,1,1,1.0
301,29,185.182,439.803,4.125,4.355,1,1,1.0
301,40,392.204,103.849,3.660,9.379,1,1,1.0
301,41,434.901,191.073,4.596,8.770,1,1,1.0
301,42,422.355,441.420,4.498,4.572,1,1,1.0
301,43,388.102,175.793,5.431,7.524,1,1,1.0
301,47,525.203,439.981,7.046,4.375,1,1,1.0
301,50,542.420,200.604,6.803,4.194,1,1,1.0
301,54,553.321,318.806,4.618,8.289,1,1,1.0
301,55,557.033,430.305,4.124,9.149,1,1,1.0
301,57,620.166,440.585,6.000,4.260,1,1,1.0
301,60,664.744,441.292,4.889,3.907,1,1,1.0
301,61,662.211,145.065,5.363,6.188,1,1,1.0
301,62,668.754,370.877,5.265,4.236,1,1,1.0
301,63,659.120,440.362,5.382,3.945,1,1,1.0
301,66,629.162,440.976,6.014,4.980,1,1,1.0
301,6366,4.874,397.074,5.000,6.000,1,1,1.0
301,6367,37.386,435.830,6.468,6.655,1,1,1.0
301,6370,11.953,178.335,3.597,7.775,1,1,1.0
301,6372,42.758,439.121,6.657,7.425,1,1,1.0
301,6388,285.921,106.184,4.184,9.096,1,1,1.0
301,6389,247.938,17.845,3.857,5.416,1,1,1.0
301,6390,291.264,363.028,4.495,8.867,1,1,1.0
301,6392,263.237,427.891,5.599,6.731,1,1,1.0
301,6393,313.319,280.966,4.007,4.587,1,1,1.0
302,27,169.310,437.982,5.083,6.509,1,1,1.0
302,29,184.809,439.606,4.374,4.809,1,1,1.0
302,40,392.628,102.295,3.665,9.057,1,1,1.0
302,41,434.656,188.612,4.506,9.208,1,1,1.0
302,42,422.352,441.420,4.619,4.500,1,1,1.0
302,43,389.114,173.563,5.642,8.119,1,1,1.0
302,47,524.137,439.603,6.929,4.234,1,1,1.0
302,48,533.527,63.308,4.546,5.773,1,1,1.0
302,50,541.798,200.339,6.822,4.244,1,1,1.0
302,54,553.303,318.846,4.627,8.302,1,1,1.0
302,55,556.984,430.326,4.076,9.210,1,1,1.0
302,57,619.829,440.430,5.337,4.319,1,1,1.0
302,60,664.305,440.172,4.991,6.216,1,1,1.0
302,61,662.223,145.027,5.374,6.281,1,1,1.0
302,62,667.395,370.711,5.712,4.186,1,1,1.0
302,63,662.739,440.871,5.600,4.100,1,1,1.0
302,66,647.361,432.861,5.290,7.110,1,1,1.0
302,6366,4.874,397.074,5.000,6.000,1,1,1.0
302,6367,36.847,435.704,7.000,7.075,1,1,1.0
302,6370,12.007,178.525,3.650,7.714,1,1,1.0
302,6372,42.721,439.038,6.697,6.989,1,1,1.0
302,6388,286.556,104.315,4.150,8.851,1,1,1.0
302,6390,291.330,362.709,4.578,8.965,1,1,1.0
302,6392,263.770,428.564,5.113,7.484,1,1,1.0
302,6393,313.121,282.116,4.064,4.527,1,1,1.0
303,18,127.564,439.433,5.494,5.046,1,1,1.0
303,25,146.618,437.102,6.719,5.112,1,1,1.0
303,27,169.426,439.325,5.301,5.828,1,1,1.0
303,29,184.647,439.631,4.593,4.816,1,1,1.0
303,40,392.471,101.595,4.122,8.560,1,1,1.0
303,41,434.483,186.308,4.656,9.066,1,1,1.0
303,42,422.376,441.471,4.586,4.470,1,1,1.0
303,43,390.567,171.375,5.293,8.046,1,1,1.0
303,47,522.747,439.514,7.455,4.388,1,1,1.0
303,48,532.842,61.006,4.473,8.019,1,1,1.0
303,50,541.815,200.089,6.769,4.279,1,1,1.0
303,54,553.294,318.867,4.668,8.193,1,1,1.0
303,55,557.047,430.322,4.065,9.137,1,1,1.0
303,57,619.769,440.378,5.357,4.553,1,1,1.0
303,60,664.124,440.605,5.167,4.656,1,1,1.0
303,61,662.192,145.014,5.407,6.202,1,1,1.0
303,62,666.047,370.564,5.807,3.996,1,1,1.0
303,63,658.510,438.644,4.991,6.216,1,1,1.0
303,66,656.978,435.516,5.975,7.966,1,1,1.0
303,6366,4.874,397.074,5.000,6.000,1,1,1.0
303,6367,36.618,435.664,6.972,5.963,1,1,1.0
303,6370,12.294,177.238,6.722,6.267,1,1,1.0
303,6372,37.780,443.479,8.563,5.039,1,1,1.0
303,6390,264.574,429.390,5.028,8.384,1,1,1.0
303,6393,286.604,102.058,4.006,9.660,1,1,1.0
304,18,127.606,439.456,5.144,5.076,1,1,1.0
304,20,135.556,439.497,5.304,4.702,1,1,1.0
304,25,148.448,437.706,6.671,5.587,1,1,1.0
304,27,167.740,439.636,5.803,5.283,1,1,1.0
304,29,184.887,439.666,4.618,4.690,1,1,1.0
304,40,392.171,101.256,4.492,6.045,1,1,1.0
304,41,434.483,185.324,4.613,8.882,1,1,1.0
304,42,422.433,441.509,4.506,4.435,1,1,1.0
304,43,391.724,169.584,5.470,7.953,1,1,1.0
304,47,521.033,439.753,6.765,4.035,1,1,1.0
304,48,532.576,60.700,4.850,7.312,1,1,1.0
304,50,541.991,200.012,6.212,4.441,1,1,1.0
304,54,553.190,318.911,4.731,8.164,1,1,1.0
304,55,557.033,430.440,4.042,8.936,1,1,1.0
304,57,619.780,440.479,5.325,4.352,1,1,1.0
304,60,664.516,441.207,4.594,4.195,1,1,1.0
304,61,662.253,145.065,5.380,6.197,1,1,1.0
304,62,664.773,370.464,5.636,3.754,1,1,1.0
304,63,658.646,439.732,4.991,6.216,1,1,1.0
304,66,651.895,434.138,4.591,4.462,1,1,1.0
304,6366,4.874,397.074,5.000,6.000,1,1,1.0
304,6367,36.498,435.631,6.261,5.283,1,1,1.0
304,6370,22.259,153.086,4.888,7.894,1,1,1.0
304,6372,43.540,439.388,6.220,5.535,1,1,1.0
304,6388,287.411,101.724,4.171,7.781,1,1,1.0
304,6389,288.218,18.559,5.362,6.438,1,1,1.0
304,6390,291.241,362.672,4.584,8.976,1,1,1.0
304,6392,265.554,431.868,5.161,7.660,1,1,1.0
304,6393,312.255,283.877,4.242,4.680,1,1,1.0
305,18,127.548,439.483,5.136,5.068,1,1,1.0
305,20,135.798,439.668,5.236,4.618,1,1,1.0
305,25,149.456,437.489,6.828,5.160,1,1,1.0
305,27,168.456,440.216,5.735,4.929,1,1,1.0
305,29,185.008,439.644,4.513,4.818,1,1,1.0
305,41,433.971,183.574,4.660,8.915,1,1,1.0
305,42,422.590,441.481,4.504,4.452,1,1,1.0
305,43,393.050,166.951,5.114,8.359,1,1,1.0
305,47,519.087,439.729,6.573,4.020,1,1,1.0
305,48,531.930,60.235,5.159,5.092,1,1,1.0
305,49,509.964,64.209,4.102,6.548,1,1,1.0
305,50,506.938,195.677,8.522,7.156,1,1,1.0
305,54,553.381,318.902,4.568,8.217,1,1,1.0
305,55,557.104,430.405,3.967,8.973,1,1,1.0
305,57,619.682,440.444,5.336,4.319,1,1,1.0
305,60,664.840,441.151,4.358,4.253,1,1,1.0
305,61,662.255,145.128,5.363,6.191,1,1,1.0
305,62,663.607,370.730,6.227,3.723,1,1,1.0
305,66,656.738,438.915,3.787,4.591,1,1,1.0
305,6366,6.468,395.878,5.000,6.000,1,1,1.0
305,6367,44.860,439.456,4.768,4.331,1,1,1.0
305,6370,35.961,435.420,5.948,5.166,1,1,1.0
305,6388,291.285,362.716,4.474,8.961,1,1,1.0
305,6389,287.716,101.383,4.130,6.189,1,1,1.0
305,6390,311.528,284.810,4.555,4.504,1,1,1.0
305,6392,277.312,37.297,5.062,5.048,1,1,1.0
306,18,127.363,439.320,5.593,5.164,1,1,1.0
306,20,135.620,439.733,5.456,4.710,1,1,1.0
306,25,150.983,437.523,6.415,5.185,1,1,1.0
306,27,169.007,440.405,5.819,4.698,1,1,1.0
306,29,185.095,439.705,4.503,4.793,1,1,1.0
306,41,433.806,181.537,4.324,8.740,1,1,1.0
306,42,422.569,441.482,4.510,4.469,1,1,1.0
306,43,394.052,164.893,5.176,8.461,1,1,1.0
306,47,516.854,439.871,6.581,3.929,1,1,1.0
306,48,530.565,52.684,4.285,4.192,1,1,1.0
306,49,510.214,63.357,3.817,6.963,1,1,1.0
306,50,499.834,195.321,4.977,5.302,1,1,1.0
306,54,553.480,318.897,4.507,8.332,1,1,1.0
306,55,557.213,430.407,3.916,9.037,1,1,1.0
306,57,619.761,440.453,5.294,4.302,1,1,1.0
306,60,665.238,440.980,3.748,4.452,1,1,1.0
306,61,662.289,145.164,5.313,6.100,1,1,1.0
306,62,661.900,370.459,5.929,3.746,1,1,1.0
306,66,655.070,438.287,4.399,4.649,1,1,1.0
306,6366,6.767,395.878,5.000,6.000,1,1,1.0
306,6367,36.041,435.482,6.117,5.203,1,1,1.0
306,6370,12.319,134.796,3.500,8.375,1,1,1.0
306,6372,45.108,439.366,4.962,4.563,1,1,1.0
306,6388,287.456,101.047,4.322,4.790,1,1,1.0
306,6389,275.794,44.250,4.755,5.408,1,1,1.0
306,6390,291.189,362.709,4.420,8.917,1,1,1.0
306,6392,266.650,434.749,5.841,7.775,1,1,1.0
306,6393,310.667,285.032,4.757,4.452,1,1,1.0
307,18,125.909,439.165,6.265,4.822,1,1,1.0
307,20,135.418,440.133,5.879,4.324,1,1,1.0
307,25,151.937,437.530,6.729,4.655,1,1,1.0
307,27,169.694,440.889,6.092,4.089,1,1,1.0
307,29,185.008,439.786,4.706,4.527,1,1,1.0
307,41,433.478,179.555,4.426,8.455,1,1,1.0
307,42,422.457,441.433,4.586,4.541,1,1,1.0
307,43,395.047,163.251,5.169,7.939,1,1,1.0
307,47,514.657,440.025,7.224,3.608,1,1,1.0
307,48,529.725,50.449,4.838,6.708,1,1,1.0
307,49,509.990,62.531,3.733,7.748,1,1,1.0
307,50,499.714,194.931,5.531,5.537,1,1,1.0
307,54,553.381,318.915,4.624,8.324,1,1,1.0
307,55,557.106,430.494,3.994,8.967,1,1,1.0
307,57,619.631,440.480,5.360,4.372,1,1,1.0
307,60,665.345,440.953,4.071,4.624,1,1,1.0
307,61,662.277,145.196,5.348,6.079,1,1,1.0
307,62,660.558,370.341,6.348,3.548,1,1,1.0
307,66,655.024,439.110,4.870,4.125,1,1,1.0
307,6366,10.239,395.548,4.433,4.974,1,1,1.0
307,6367,36.049,434.479,5.560,5.732,1,1,1.0
307,6370,12.439,133.678,3.462,8.416,1,1,1.0
307,6372,45.657,439.391,5.289,4.340,1,1,1.0
307,6389,273.854,59.656,4.434,4.363,1,1,1.0
307,6390,291.196,362.755,4.522,8.748,1,1,1.0
307,6392,266.863,435.495,6.872,8.389,1,1,1.0
307,6393,309.662,284.928,5.023,4.548,1,1,1.0
308,18,125.046,439.027,6.931,4.886,1,1,1.0
308,25,152.974,437.506,6.491,4.301,1,1,1.0
308,27,169.480,440.730,6.206,3.950,1,1,1.0
308,29,185.095,439.783,4.774,4.396,1,1,1.0
308,41,433.011,177.317,4.586,8.602,1,1,1.0
308,42,422.609,441.316,4.409,4.659,1,1,1.0
308,43,395.973,160.853,5.229,7.916,1,1,1.0
308,47,512.613,440.005,7.068,3.773,1,1,1.0
308,48,528.943,48.541,5.214,8.286,1,1,1.0
308,49,508.858,61.828,4.370,7.928,1,1,1.0
308,50,499.813,194.858,5.424,5.366,1,1,1.0
308,54,553.258,318.986,4.726,8.209,1,1,1.0
308,55,557.190,430.524,3.942,8.959,1,1,1.0
308,57,619.907,440.497,5.242,4.381,1,1,1.0
308,60,665.520,440.806,3.570,4.976,1,1,1.0
308,61,662.313,145.186,5.378,6.133,1,1,1.0
308,62,658.758,370.416,6.295,3.650,1,1,1.0
308,63,655.450,439.052,4.991,6.216,1,1,1.0
308,66,657.401,428.160,4.705,5.604,1,1,1.0
308,6366,12.849,131.976,3.411,9.132,1,1,1.0
308,6367,16.759,397.374,5.769,8.791,1,1,1.0
308,6370,11.865,395.399,4.424,6.188,1,1,1.0
308,6372,46.098,439.298,5.059,4.250,1,1,1.0
308,6389,288.946,52.307,4.551,4.878,1,1,1.0
308,6390,291.288,362.796,4.580,8.689,1,1,1.0
308,6392,268.235,436.234,6.198,7.586,1,1,1.0
308,6393,307.836,284.923,5.655,4.382,1,1,1.0
309,18,125.166,439.284,6.347,4.578,1,1,1.0
309,20,134.696,440.544,7.774,5.049,1,1,1.0
309,25,153.165,437.435,6.916,4.910,1,1,1.0
309,29,184.770,439.804,4.539,4.448,1,1,1.0
309,41,432.830,175.247,4.567,8.737,1,1,1.0
309,42,422.719,441.306,4.502,4.577,1,1,1.0
309,43,396.983,159.441,5.422,7.933,1,1,1.0
309,47,511.291,439.903,7.176,3.775,1,1,1.0
309,48,528.306,46.697,4.785,8.729,1,1,1.0
309,49,507.747,61.760,5.044,7.323,1,1,1.0
309,50,499.851,194.400,5.376,5.475,1,1,1.0
309,54,553.280,318.908,4.742,8.257,1,1,1.0
309,55,557.178,430.459,3.939,9.073,1,1,1.0
309,57,619.640,440.413,5.269,4.413,1,1,1.0
309,60,665.643,439.972,3.432,5.596,1,1,1.0
309,61,662.311,145.195,5.368,6.166,1,1,1.0
309,62,657.271,369.546,6.138,4.416,1,1,1.0
309,63,653.682,439.324,4.991,6.216,1,1,1.0
309,66,655.670,414.336,6.203,4.776,1,1,1.0
309,6366,11.050,396.178,4.051,3.938,1,1,1.0
309,6367,13.752,380.078,5.434,5.109,1,1,1.0
309,6370,12.316,129.760,3.741,9.086,1,1,1.0
309,6372,46.776,439.304,4.653,4.179,1,1,1.0
309,6389,301.586,29.554,4.215,8.511,1,1,1.0
309,6390,291.241,362.798,4.590,8.607,1,1,1.0
309,6392,268.574,436.515,6.778,6.502,1,1,1.0
309,6393,306.721,284.570,5.735,4.322,1,1,1.0
310,18,125.170,439.108,6.576,4.678,1,1,1.0
310,20,134.650,440.369,7.698,5.158,1,1,1.0
310,25,153.602,437.360,6.875,5.051,1,1,1.0
310,29,184.503,439.700,4.615,4.655,1,1,1.0
310,41,431.904,173.083,4.471,8.812,1,1,1.0
310,42,422.707,441.353,4.578,4.744,1,1,1.0
310,43,398.192,157.400,5.802,8.154,1,1,1.0
310,47,509.640,439.926,6.863,4.421,1,1,1.0
310,48,527.180,44.891,4.431,8.550,1,1,1.0
310,49,506.799,61.971,5.331,6.784,1,1,1.0
310,50,499.485,192.771,4.985,6.744,1,1,1.0
310,54,553.438,318.933,4.635,8.294,1,1,1.0
310,55,557.123,430.479,4.013,9.166,1,1,1.0
310,57,620.108,440.261,5.046,4.265,1,1,1.0
310,60,665.764,440.353,3.586,5.542,1,1,1.0
310,61,662.297,145.188,5.381,6.169,1,1,1.0
310,62,656.466,367.894,5.728,5.633,1,1,1.0
310,63,650.895,438.780,4.991,6.216,1,1,1.0
310,66,637.975,426.809,4.058,5.855,1,1,1.0
310,6366,11.160,395.278,4.300,5.454,1,1,1.0
310,6367,9.857,404.587,5.000,6.000,1,1,1.0
310,6370,11.290,402.228,5.238,8.648,1,1,1.0
310,6372,12.311,128.559,3.884,9.418,1,1,1.0
310,6389,291.251,362.785,4.572,8.620,1,1,1.0
310,6390,269.254,436.581,7.334,5.405,1,1,1.0
310,6393,304.047,15.045,5.166,6.245,1,1,1.0
311,18,125.461,439.027,6.159,4.600,1,1,1.0
311,20,135.494,440.210,6.435,5.009,1,1,1.0
311,25,153.868,437.426,7.032,5.154,1,1,1.0
311,29,184.440,439.702,4.590,4.772,1,1,1.0
311,41,431.573,171.430,4.266,8.694,1,1,1.0
311,42,422.683,441.378,4.557,4.701,1,1,1.0
311,43,398.865,157.183,6.969,6.252,1,1,1.0
311,47,508.207,439.681,7.367,4.759,1,1,1.0
311,48,526.474,43.025,4.608,8.591,1,1,1.0
311,49,505.923,62.154,5.475,5.402,1,1,1.0
311,50,500.462,190.721,4.378,7.403,1,1,1.0
311,54,553.479,318.943,4.631,8.274,1,1,1.0
311,55,557.071,430.477,4.023,9.135,1,1,1.0
311,57,620.496,440.693,5.762,4.112,1,1,1.0
311,60,665.640,440.430,3.859,5.594,1,1,1.0
311,61,662.323,145.238,5.336,5.986,1,1,1.0
311,62,655.388,366.538,6.059,6.051,1,1,1.0
311,63,650.283,438.644,4.991,6.216,1,1,1.0
311,66,627.886,440.267,5.319,4.510,1,1,1.0
311,6366,11.336,395.353,4.017,4.670,1,1,1.0
311,6367,15.793,428.068,5.118,6.088,1,1,1.0
311,6370,12.354,127.621,3.964,9.182,1,1,1.0
311,6372,47.671,439.747,4.600,4.079,1,1,1.0
311,6389,305.012,21.751,4.817,7.009,1,1,1.0
311,6390,291.162,362.861,4.592,8.591,1,1,1.0
311,6392,270.488,436.391,7.495,4.778,1,1,1.0
311,6393,302.350,283.349,6.260,4.389,1,1,1.0
312,18,125.601,438.803,6.268,4.816,1,1,1.0
312,20,135.760,440.129,6.112,5.909,1,1,1.0
312,25,154.219,437.414,7.786,5.377,1,1,1.0
312,29,184.464,439.611,4.553,4.899,1,1,1.0
312,41,430.922,169.746,4.317,8.941,1,1,1.0
312,42,422.630,441.368,4.589,4.658,1,1,1.0
312,43,400.355,157.426,7.644,4.836,1,1,1.0
312,47,506.617,439.743,7.671,4.937,1,1,1.0
312,48,525.767,40.670,4.633,8.097,1,1,1.0
312,49,505.647,61.974,4.792,4.351,1,1,1.0
312,50,501.000,188.317,4.603,7.673,1,1,1.0
312,54,553.429,318.995,4.703,8.169,1,1,1.0
312,55,557.060,430.538,4.009,9.102,1,1,1.0
312,57,620.260,440.520,6.173,4.294,1,1,1.0
312,60,665.381,440.962,3.816,5.002,1,1,1.0
312,61,662.408,145.278,5.299,5.886,1,1,1.0
312,62,654.364,364.980,5.741,6.499,1,1,1.0
312,63,649.739,438.576,4.991,6.216,1,1,1.0
312,66,627.252,440.962,5.561,4.235,1,1,1.0
312,6366,11.078,395.042,4.340,5.014,1,1,1.0
312,6367,15.673,440.014,6.648,4.120,1,1,1.0
312,6370,12.636,126.128,3.990,8.863,1,1,1.0
312,6372,47.602,439.864,5.411,4.092,1,1,1.0
312,6377,272.089,436.127,7.554,4.705,1,1,1.0
312,6390,305.481,21.951,4.272,8.361,1,1,1.0
312,6392,300.657,282.870,6.143,4.402,1,1,1.0
313,18,125.740,439.037,6.142,4.836,1,1,1.0
313,25,155.088,437.457,7.813,5.364,1,1,1.0
313,29,184.536,439.753,4.452,4.928,1,1,1.0
313,41,430.477,168.669,4.940,8.683,1,1,1.0
313,42,422.551,441.177,4.700,4.665,1,1,1.0
313,43,401.966,157.446,7.968,4.680,1,1,1.0
313,47,505.334,439.867,7.189,5.616,1,1,1.0
313,48,525.001,38.563,4.454,8.602,1,1,1.0
313,50,501.556,186.240,5.115,7.060,1,1,1.0
313,54,553.424,319.017,4.788,8.104,1,1,1.0
313,55,557.149,430.586,4.038,8.962,1,1,1.0
313,57,620.132,440.550,6.352,4.401,1,1,1.0
313,60,664.648,441.125,4.224,4.595,1,1,1.0
313,61,662.456,145.327,5.190,5.790,1,1,1.0
313,62,653.445,363.179,5.828,6.766,1,1,1.0
313,63,647.495,438.372,4.991,6.216,1,1,1.0
313,66,626.294,440.854,6.202,4.277,1,1,1.0
313,6366,11.235,395.013,4.134,5.098,1,1,1.0
313,6367,14.332,439.329,6.780,4.124,1,1,1.0
313,6370,12.750,124.304,3.868,9.129,1,1,1.0
313,6372,32.617,72.082,9.635,9.251,1,1,1.0
313,6389,305.309,21.174,4.665,8.942,1,1,1.0
313,6390,291.034,362.964,4.576,8.607,1,1,1.0
313,6392,273.793,436.601,7.137,4.934,1,1,1.0
313,6393,298.888,281.735,6.325,4.662,1,1,1.0
314,18,125.673,439.045,5.932,4.995,1,1,1.0
314,21,136.139,67.318,4.143,5.322,1,1,1.0
314,25,156.525,437.104,7.908,5.279,1,1,1.0
314,29,184.367,439.689,4.402,5.043,1,1,1.0
314,40,392.223,66.803,3.985,5.633,1,1,1.0
314,41,428.550,168.977,6.125,7.057,1,1,1.0
314,42,422.579,440.996,4.668,4.706,1,1,1.0
314,43,403.014,157.177,7.884,4.762,1,1,1.0
314,47,504.465,440.109,7.228,5.583,1,1,1.0
314,48,524.787,36.231,4.152,8.273,1,1,1.0
314,50,502.811,186.353,5.696,5.286,1,1,1.0
314,54,553.426,319.032,4.749,8.104,1,1,1.0
314,55,557.211,430.636,3.957,8.862,1,1,1.0
314,57,620.194,440.511,6.137,4.435,1,1,1.0
314,60,664.347,441.119,4.200,4.543,1,1,1.0
314,61,662.411,145.272,5.237,5.835,1,1,1.0
314,62,652.296,361.500,5.708,6.972,1,1,1.0
314,63,646.472,440.520,6.732,3.555,1,1,1.0
314,66,626.252,440.863,6.203,4.275,1,1,1.0
314,6366,11.228,395.074,4.150,4.990,1,1,1.0
314,6367,14.249,439.492,6.771,4.284,1,1,1.0
314,6370,12.891,122.190,3.686,9.081,1,1,1.0
314,6372,32.267,71.801,10.163,9.588,1,1,1.0
314,6390,296.355,280.497,6.683,5.843,1,1,1.0
314,6392,291.022,362.953,4.588,8.684,1,1,1.0
314,6393,305.189,20.960,4.569,9.015,1,1,1.0
315,18,125.263,439.151,5.757,4.659,1,1,1.0
315,20,134.836,440.346,7.578,5.935,1,1,1.0
315,21,135.937,65.228,3.832,7.468,1,1,1.0
315,25,157.761,437.457,8.105,5.505,1,1,1.0
315,29,184.393,439.716,4.358,4.937,1,1,1.0
315,40,392.301,63.660,3.975,8.278,1,1,1.0
315,41,427.640,169.201,6.187,6.230,1,1,1.0
315,42,422.903,440.663,4.786,4.967,1,1,1.0
315,43,404.235,156.878,8.050,4.762,1,1,1.0
315,47,502.504,440.236,8.385,6.773,1,1,1.0
315,48,525.263,34.385,3.913,8.302,1,1,1.0
315,50,505.009,185.410,5.660,4.884,1,1,1.0
315,54,553.567,318.986,4.694,8.189,1,1,1.0
315,55,557.199,430.683,4.067,8.881,1,1,1.0
315,57,619.934,440.442,6.057,4.463,1,1,1.0
315,60,664.374,440.934,4.269,4.644,1,1,1.0
315,61,662.341,145.259,5.270,5.760,1,1,1.0
315,62,651.434,360.330,5.670,7.137,1,1,1.0
315,63,642.311,439.952,7.571,3.959,1,1,1.0
315,66,625.711,440.744,6.319,4.259,1,1,1.0
315,6366,11.256,394.766,4.090,5.085,1,1,1.0
315,6367,13.995,439.533,6.888,4.360,1,1,1.0
315,6370,12.991,119.284,2.979,8.857,1,1,1.0
315,6372,48.315,440.314,4.988,3.981,1,1,1.0
315,6373,36.664,68.893,4.674,4.875,1,1,1.0
315,6389,305.197,19.974,4.453,9.369,1,1,1.0
315,6390,291.022,362.984,4.592,8.610,1,1,1.0
315,6392,277.145,437.775,7.189,4.745,1,1,1.0
315,6393,294.877,278.059,5.991,6.692,1,1,1.0
316,18,125.177,439.244,5.879,4.675,1,1,1.0
316,20,135.179,439.922,7.634,5.596,1,1,1.0
316,21,136.079,63.420,3.695,8.807,1,1,1.0
316,25,158.833,437.535,8.169,6.236,1,1,1.0
316,29,184.535,439.733,4.354,4.961,1,1,1.0
316,40,392.271,60.184,4.067,8.794,1,1,1.0
316,41,426.445,169.324,6.784,5.567,1,1,1.0
316,42,424.030,440.661,5.068,4.881,1,1,1.0
316,43,404.861,156.509,8.193,4.673,1,1,1.0
316,47,501.913,440.244,7.616,6.223,1,1,1.0
316,48,526.111,32.655,4.869,7.758,1,1,1.0
316,50,506.176,184.590,5.803,4.658,1,1,1.0
316,54,553.582,319.005,4.676,8.207,1,1,1.0
316,55,557.203,430.708,4.034,8.822,1,1,1.0
316,57,620.296,440.449,5.770,4.480,1,1,1.0
316,60,664.312,440.748,4.137,4.914,1,1,1.0
316,61,662.353,145.301,5.243,5.809,1,1,1.0
316,62,650.227,359.235,5.882,7.015,1,1,1.0
316,63,639.813,439.841,7.254,4.636,1,1,1.0
316,66,625.967,440.704,6.226,4.338,1,1,1.0
316,6366,11.238,394.622,4.082,5.103,1,1,1.0
316,6367,14.131,439.449,6.375,4.742,1,1,1.0
316,6370,12.776,116.707,2.754,8.968,1,1,1.0
316,6372,47.760,440.068,4.598,3.941,1,1,1.0
316,6373,36.413,66.543,4.447,7.037,1,1,1.0
316,6377,277.841,437.590,7.073,4.694,1,1,1.0
316,6390,305.189,19.159,4.399,9.377,1,1,1.0
316,6392,293.263,276.501,6.023,7.048,1,1,1.0
317,18,125.174,439.150,5.995,4.722,1,1,1.0
317,20,135.257,439.698,7.389,5.419,1,1,1.0
317,21,135.986,61.417,3.862,8.866,1,1,1.0
317,25,159.091,437.983,8.602,8.170,1,1,1.0
317,29,184.634,439.802,4.353,4.937,1,1,1.0
317,40,393.058,57.120,4.023,8.576,1,1,1.0
317,41,425.479,168.873,7.142,5.606,1,1,1.0
317,42,424.822,440.138,5.162,5.186,1,1,1.0
317,43,405.369,156.513,7.751,4.964,1,1,1.0
317,47,502.151,439.971,6.767,6.408,1,1,1.0
317,48,527.696,30.757,4.540,7.817,1,1,1.0
317,50,508.330,182.552,6.196,5.555,1,1,1.0
317,54,553.533,319.010,4.746,8.211,1,1,1.0
317,55,557.154,430.672,4.028,8.947,1,1,1.0
317,57,621.092,440.640,7.907,4.258,1,1,1.0
317,60,664.380,440.785,4.119,4.826,1,1,1.0
317,61,662.100,145.466,6.053,5.101,1,1,1.0
317,62,649.428,357.363,5.681,7.289,1,1,1.0
317,63,638.671,439.901,6.892,4.516,1,1,1.0
317,66,625.314,439.623,4.991,6.216,1,1,1.0
317,6366,11.258,393.905,4.026,5.573,1,1,1.0
317,6367,14.134,439.472,6.346,4.774,1,1,1.0
317,6370,12.535,115.008,2.702,9.956,1,1,1.0
317,6372,47.512,439.879,4.474,3.937,1,1,1.0
317,6373,36.101,64.137,4.313,8.895,1,1,1.0
317,6390,291.254,273.979,6.173,7.109,1,1,1.0
317,6392,291.005,363.048,4.633,8.707,1,1,1.0
317,6393,305.487,18.694,4.493,8.827,1,1,1.0
318,18,125.295,439.162,6.189,4.715,1,1,1.0
318,20,135.027,439.667,7.543,5.456,1,1,1.0
318,21,136.027,58.976,3.850,8.985,1,1,1.0
318,25,161.132,437.913,8.306,5.912,1,1,1.0
318,29,184.756,439.726,4.338,4.959,1,1,1.0
318,40,393.518,53.441,4.156,8.882,1,1,1.0
318,41,425.439,168.263,6.629,5.837,1,1,1.0
318,42,425.646,439.816,5.208,5.178,1,1,1.0
318,43,405.589,156.476,7.433,4.709,1,1,1.0
318,47,502.543,439.802,5.325,6.013,1,1,1.0
318,48,528.599,28.315,5.062,7.705,1,1,1.0
318,50,510.036,181.447,6.716,5.378,1,1,1.0
318,54,553.319,318.994,4.835,8.039,1,1,1.0
318,55,557.116,430.643,4.025,9.067,1,1,1.0
318,57,621.388,440.601,7.434,4.704,1,1,1.0
318,57,620.458,439.759,4.991,6.216,1,1,1.0
318,60,664.571,440.687,3.995,4.845,1,1,1.0
318,61,662.238,145.059,6.949,4.937,1,1,1.0
318,62,648.463,356.618,5.410,6.901,1,1,1.0
318,63,636.120,440.199,7.098,4.230,1,1,1.0
318,66,624.902,440.070,4.991,6.216,1,1,1.0
318,6366,11.670,113.338,3.428,7.042,1,1,1.0
318,6367,11.310,393.021,4.147,6.106,1,1,1.0
318,6370,10.182,113.829,5.000,6.000,1,1,1.0
318,6372,34.934,61.752,4.349,8.986,1,1,1.0
318,6373,14.038,439.504,6.190,4.843,1,1,1.0
318,6389,305.501,18.470,4.571,8.366,1,1,1.0
318,6390,291.030,363.198,4.656,8.778,1,1,1.0
318,6392,279.267,437.439,7.516,4.712,1,1,1.0
318,6393,289.821,272.628,6.276,7.169,1,1,1.0
319,18,125.269,438.986,6.088,4.651,1,1,1.0
319,20,135.234,439.624,7.335,5.184,1,1,1.0
319,21,136.491,57.141,3.591,8.696,1,1,1.0
319,25,163.202,437.414,6.822,4.234,1,1,1.0
319,27,157.172,438.873,7.716,5.088,1,1,1.0
319,29,184.849,439.725,4.150,4.936,1,1,1.0
319,40,393.848,50.647,3.836,8.783,1,1,1.0
319,41,425.081,168.044,6.500,5.875,1,1,1.0
319,42,426.453,439.999,5.841,4.666,1,1,1.0
319,43,405.808,156.491,7.120,4.757,1,1,1.0
319,47,502.540,439.671,5.021,5.640,1,1,1.0
319,48,529.733,26.224,4.788,7.445,1,1,1.0
319,49,501.454,53.830,4.313,4.408,1,1,1.0
319,50,512.430,180.115,6.138,5.150,1,1,1.0
319,54,553.412,318.971,4.721,8.043,1,1,1.0
319,55,557.126,430.577,3.961,9.117,1,1,1.0
319,57,621.654,440.664,7.009,4.878,1,1,1.0
319,57,620.661,440.280,4.991,6.216,1,1,1.0
319,60,664.574,440.703,3.942,4.811,1,1,1.0
319,61,662.457,145.091,7.380,4.830,1,1,1.0
319,62,647.317,355.006,5.786,7.218,1,1,1.0
319,63,634.966,440.323,6.959,4.004,1,1,1.0
319,66,624.320,439.405,4.991,6.216,1,1,1.0
319,6366,11.533,391.772,4.532,6.889,1,1,1.0
319,6367,13.938,439.600,6.134,4.816,1,1,1.0
319,6372,47.223,439.527,4.075,4.222,1,1,1.0
319,6373,33.988,59.419,4.678,9.541,1,1,1.0
319,6389,305.595,17.106,4.359,9.100,1,1,1.0
319,6390,291.051,363.261,4.633,8.712,1,1,1.0
319,6392,279.712,436.889,7.394,4.975,1,1,1.0
319,6393,288.257,271.408,6.293,7.289,1,1,1.0
320,18,125.331,438.828,5.812,4.669,1,1,1.0
320,20,135.660,439.518,7.000,5.041,1,1,1.0
320,21,136.389,54.949,3.756,8.749,1,1,1.0
320,25,164.261,437.214,5.927,4.163,1,1,1.0
320,27,156.974,439.044,6.942,4.807,1,1,1.0
320,29,184.863,439.722,4.103,4.847,1,1,1.0
320,40,394.347,47.025,3.928,8.848,1,1,1.0
320,41,424.508,167.436,6.568,6.016,1,1,1.0
320,42,427.940,439.987,5.982,4.483,1,1,1.0
320,43,405.497,156.310,7.564,5.042,1,1,1.0
320,47,502.297,439.597,5.122,4.988,1,1,1.0
320,48,530.521,23.945,4.769,8.023,1,1,1.0
320,49,501.815,52.417,4.580,5.736,1,1,1.0
320,50,514.182,179.368,6.896,4.874,1,1,1.0
320,54,553.505,318.937,4.658,8.087,1,1,1.0
320,55,557.109,430.549,3.994,9.092,1,1,1.0
320,57,621.512,440.689,6.897,4.890,1,1,1.0
320,60,660.935,424.707,4.500,4.817,1,1,1.0
320,61,662.887,144.943,7.705,4.632,1,1,1.0
320,62,646.187,353.462,5.709,6.995,1,1,1.0
320,63,633.688,440.516,6.545,4.219,1,1,1.0
320,66,624.418,439.707,4.991,6.216,1,1,1.0
320,6366,11.644,391.155,4.622,7.502,1,1,1.0
320,6367,13.918,439.682,6.074,4.814,1,1,1.0
320,6372,47.154,439.214,3.913,4.676,1,1,1.0
320,6373,32.903,57.149,4.960,8.652,1,1,1.0
320,6389,305.656,15.668,4.307,9.061,1,1,1.0
320,6390,291.071,363.276,4.596,8.655,1,1,1.0
320,6392,279.604,435.807,7.180,5.169,1,1,1.0
320,6393,286.305,269.175,6.050,7.324,1,1,1.0
321,18,125.217,438.657,5.936,4.786,1,1,1.0
321,20,133.638,439.370,7.178,4.565,1,1,1.0
321,21,136.655,52.983,3.547,8.844,1,1,1.0
321,25,164.401,437.054,5.797,4.224,1,1,1.0
321,27,156.173,439.040,7.105,4.742,1,1,1.0
321,29,184.737,439.702,4.153,4.955,1,1,1.0
321,40,394.538,43.670,3.759,8.775,1,1,1.0
321,41,424.383,167.380,6.670,6.011,1,1,1.0
321,42,428.467,440.190,5.921,4.921,1,1,1.0
321,43,405.229,156.192,7.781,5.227,1,1,1.0
321,47,502.174,439.686,5.075,4.594,1,1,1.0
321,48,531.533,21.926,4.363,8.119,1,1,1.0
321,49,501.842,51.281,5.200,6.619,1,1,1.0
321,50,516.991,178.376,6.299,4.934,1,1,1.0
321,54,553.527,318.921,4.657,8.091,1,1,1.0
321,55,557.072,430.505,3.951,9.206,1,1,1.0
321,57,621.847,440.821,5.872,5.246,1,1,1.0
321,60,655.331,427.007,5.241,5.156,1,1,1.0
321,61,664.129,144.934,7.366,4.663,1,1,1.0
321,62,645.661,352.360,5.266,6.971,1,1,1.0
321,63,632.542,440.440,6.663,4.538,1,1,1.0
321,6366,11.681,390.690,4.763,7.761,1,1,1.0
321,6367,13.284,439.652,5.916,4.797,1,1,1.0
321,6372,47.236,438.037,3.620,6.066,1,1,1.0
321,6373,31.553,54.064,4.918,8.897,1,1,1.0
321,6389,305.682,15.674,4.258,8.998,1,1,1.0
321,6390,291.098,363.340,4.600,8.830,1,1,1.0
321,6392,279.733,434.924,7.663,4.553,1,1,1.0
321,6393,283.573,267.565,6.405,6.903,1,1,1.0
322,18,124.798,438.484,6.202,4.840,1,1,1.0
322,20,132.827,439.155,7.108,4.594,1,1,1.0
322,21,136.970,50.810,3.623,8.921,1,1,1.0
322,24,135.500,439.240,6.032,4.837,1,1,1.0
322,25,164.570,436.782,5.752,4.148,1,1,1.0
322,27,154.991,438.918,7.361,4.659,1,1,1.0
322,29,184.796,439.646,4.096,4.939,1,1,1.0
322,40,394.963,40.386,3.908,8.454,1,1,1.0
322,41,424.319,167.076,6.695,6.103,1,1,1.0
322,42,428.720,440.253,6.104,4.776,1,1,1.0
322,43,405.162,156.170,7.795,5.218,1,1,1.0
322,47,501.916,439.694,5.012,4.465,1,1,1.0
322,48,532.157,20.219,4.333,8.323,1,1,1.0
322,49,502.379,49.855,5.331,7.793,1,1,1.0
322,50,518.681,177.594,6.952,4.783,1,1,1.0
322,54,553.455,318.920,4.696,8.091,1,1,1.0
322,55,556.991,430.478,3.933,9.236,1,1,1.0
322,57,621.198,440.732,5.904,5.065,1,1,1.0
322,60,658.672,437.647,4.647,4.377,1,1,1.0
322,61,665.251,144.880,6.538,4.779,1,1,1.0
322,62,644.930,351.130,5.035,6.910,1,1,1.0
322,63,632.849,440.378,6.636,4.136,1,1,1.0
322,66,621.078,439.656,4.991,6.216,1,1,1.0
322,6366,11.874,390.127,5.248,8.167,1,1,1.0
322,6367,12.770,439.566,5.837,4.613,1,1,1.0
322,6372,47.298,437.519,3.806,6.632,1,1,1.0
322,6373,30.686,51.550,5.257,8.893,1,1,1.0
322,6389,291.176,363.473,4.573,8.987,1,1,1.0
322,6390,282.123,265.698,6.415,6.911,1,1,1.0
322,6393,280.355,434.761,7.439,4.400,1,1,1.0
323,18,124.711,438.416,6.186,4.909,1,1,1.0
323,20,132.339,439.236,7.262,4.746,1,1,1.0
323,21,137.371,49.172,3.837,8.585,1,1,1.0
323,25,164.589,436.661,5.708,4.095,1,1,1.0
323,27,153.959,438.851,7.934,4.740,1,1,1.0
323,29,184.682,439.642,4.159,5.001,1,1,1.0
323,40,395.296,36.755,3.829,8.914,1,1,1.0
323,41,424.090,166.294,6.714,6.903,1,1,1.0
323,42,428.432,440.314,6.451,4.705,1,1,1.0
323,43,405.197,156.169,7.929,5.192,1,1,1.0
323,47,501.521,440.097,4.809,4.133,1,1,1.0
323,48,531.852,18.475,3.752,8.449,1,1,1.0
323,49,503.684,48.153,5.847,8.222,1,1,1.0
323,50,520.544,176.403,6.950,4.915,1,1,1.0
323,54,553.291,318.974,4.758,7.978,1,1,1.0
323,55,557.053,430.507,3.886,9.275,1,1,1.0
323,57,619.457,440.414,6.003,4.406,1,1,1.0
323,60,655.852,439.002,4.633,4.157,1,1,1.0
323,61,666.183,144.965,6.952,4.508,1,1,1.0
323,62,644.848,349.159,4.105,8.030,1,1,1.0
323,63,632.010,440.192,7.094,3.624,1,1,1.0
323,66,621.388,439.449,4.991,6.216,1,1,1.0
323,6366,11.990,389.612,5.338,8.336,1,1,1.0
323,6367,12.923,439.503,5.427,4.693,1,1,1.0
323,6372,46.851,436.835,3.633,7.225,1,1,1.0
323,6373,29.655,49.630,5.281,9.067,1,1,1.0
323,6389,306.582,16.738,4.683,7.134,1,1,1.0
323,6390,291.510,364.348,4.777,9.277,1,1,1.0
323,6392,280.827,434.139,7.675,4.178,1,1,1.0
323,6393,280.553,264.213,6.183,6.810,1,1,1.0
324,18,125.066,438.462,6.001,4.837,1,1,1.0
324,21,137.689,47.479,4.044,8.448,1,1,1.0
324,24,135.072,439.434,5.868,4.900,1,1,1.0
324,25,164.719,436.665,5.513,4.055,1,1,1.0
324,27,153.596,438.799,7.548,4.680,1,1,1.0
324,29,184.799,439.709,4.117,4.868,1,1,1.0
324,40,395.692,33.930,4.019,8.670,1,1,1.0
324,41,423.596,165.391,7.116,7.206,1,1,1.0
324,42,428.374,440.385,6.467,4.797,1,1,1.0
324,43,405.200,156.253,7.927,5.206,1,1,1.0
324,47,501.211,440.161,4.727,4.467,1,1,1.0
324,48,530.353,17.179,4.444,8.363,1,1,1.0
324,49,505.032,46.198,5.930,7.920,1,1,1.0
324,50,523.135,175.369,6.858,5.240,1,1,1.0
324,54,553.321,318.997,4.748,7.992,1,1,1.0
324,55,557.055,430.495,3.854,9.278,1,1,1.0
324,57,618.697,440.603,6.226,4.498,1,1,1.0
324,60,655.809,439.348,4.765,4.111,1,1,1.0
324,61,666.538,145.114,6.628,4.613,1,1,1.0
324,62,644.353,348.234,4.514,8.274,1,1,1.0
324,63,631.362,440.032,6.505,3.803,1,1,1.0
324,66,622.009,439.656,4.991,6.216,1,1,1.0
324,6366,12.172,389.194,5.374,8.515,1,1,1.0
324,6367,13.158,439.436,4.728,4.665,1,1,1.0
324,6372,46.993,436.905,3.773,7.068,1,1,1.0
324,6373,28.687,47.347,5.060,8.572,1,1,1.0
324,6388,291.531,364.511,4.676,8.675,1,1,1.0
324,6389,294.935,65.370,4.473,5.353,1,1,1.0
324,6390,281.875,433.423,7.132,4.320,1,1,1.0
324,6392,278.786,262.896,6.684,6.964,1,1,1.0
325,18,125.222,438.374,5.555,4.831,1,1,1.0
325,20,132.124,439.141,7.064,5.012,1,1,1.0
325,21,138.649,45.217,3.848,9.255,1,1,1.0
325,25,164.467,436.607,5.595,4.131,1,1,1.0
325,27,152.566,438.952,7.365,4.970,1,1,1.0
325,29,184.854,439.872,3.988,4.654,1,1,1.0
325,40,396.140,30.823,3.717,8.421,1,1,1.0
325,41,409.447,161.471,7.447,4.497,1,1,1.0
325,42,428.581,440.404,6.147,4.979,1,1,1.0
325,43,405.313,156.148,7.521,5.435,1,1,1.0
325,47,500.890,440.419,4.583,4.428,1,1,1.0
325,48,529.463,17.707,5.198,7.424,1,1,1.0
325,49,506.382,44.617,6.356,7.733,1,1,1.0
325,50,525.291,173.888,6.517,5.614,1,1,1.0
325,54,553.498,318.826,4.587,8.165,1,1,1.0
325,55,557.039,430.611,3.854,9.188,1,1,1.0
325,57,616.729,440.927,7.459,4.505,1,1,1.0
325,60,656.342,439.138,4.991,6.216,1,1,1.0
325,61,667.551,145.224,6.442,4.933,1,1,1.0
325,62,644.265,346.868,4.370,8.740,1,1,1.0
325,63,631.311,439.911,6.193,3.736,1,1,1.0
325,66,621.905,440.173,4.991,6.216,1,1,1.0
325,6366,12.987,389.031,4.791,7.182,1,1,1.0
325,6367,13.608,439.431,4.449,4.583,1,1,1.0
325,6372,47.114,436.406,3.728,7.502,1,1,1.0
325,6373,27.739,44.656,4.846,9.077,1,1,1.0
325,6388,295.026,63.224,4.123,7.159,1,1,1.0
325,6389,307.769,16.352,4.857,6.612,1,1,1.0
325,6390,291.567,364.214,4.544,8.637,1,1,1.0
325,6392,281.951,432.736,7.876,4.670,1,1,1.0
325,6393,276.838,261.783,6.692,7.244,1,1,1.0
326,18,125.444,438.620,5.792,4.769,1,1,1.0
326,20,131.960,439.312,6.961,4.967,1,1,1.0
326,21,138.806,43.520,3.970,8.647,1,1,1.0
326,24,133.917,439.661,6.204,5.114,1,1,1.0
326,25,164.333,436.692,5.800,4.209,1,1,1.0
326,27,153.006,439.029,7.490,5.153,1,1,1.0
326,29,184.793,439.891,4.073,4.611,1,1,1.0
326,40,396.544,28.094,3.986,8.526,1,1,1.0
326,41,376.968,151.858,3.418,7.994,1,1,1.0
326,42,428.842,440.389,5.784,5.030,1,1,1.0
326,43,405.009,156.377,7.516,4.986,1,1,1.0
326,47,500.423,440.940,4.449,4.269,1,1,1.0
326,48,528.211,17.287,5.683,6.638,1,1,1.0
326,49,508.083,43.382,6.095,6.802,1,1,1.0
326,50,526.856,171.832,6.255,6.122,1,1,1.0
326,54,553.493,318.799,4.467,8.269,1,1,1.0
326,55,557.090,430.560,3.788,9.184,1,1,1.0
326,57,615.213,441.568,6.641,4.364,1,1,1.0
326,60,657.686,440.326,4.608,3.659,1,1,1.0
326,61,667.942,145.032,6.510,5.244,1,1,1.0
326,62,644.388,345.520,4.359,8.785,1,1,1.0
326,63,631.446,439.626,5.543,3.816,1,1,1.0
326,66,621.078,439.656,4.991,6.216,1,1,1.0
326,6366,30.648,372.608,4.201,8.472,1,1,1.0
326,6367,14.138,439.254,4.368,4.862,1,1,1.0
326,6372,47.229,436.332,3.858,7.696,1,1,1.0
326,6373,26.364,42.934,4.813,8.493,1,1,1.0
326,6388,291.513,363.684,4.489,8.701,1,1,1.0
326,6389,294.991,61.728,4.377,8.352,1,1,1.0
326,6390,281.968,431.991,7.674,4.706,1,1,1.0
326,6392,276.280,261.286,6.257,6.756,1,1,1.0
327,18,125.366,438.647,5.872,4.739,1,1,1.0
327,20,131.945,439.424,6.661,5.010,1,1,1.0
327,21,139.004,41.804,4.185,8.507,1,1,1.0
327,25,164.053,436.742,5.936,4.286,1,1,1.0
327,29,184.744,439.879,4.160,4.664,1,1,1.0
327,40,396.286,24.804,4.016,8.551,1,1,1.0
327,41,377.146,151.842,3.777,8.697,1,1,1.0
327,42,429.129,440.182,5.725,5.053,1,1,1.0
327,43,405.004,156.395,7.494,4.964,1,1,1.0
327,47,499.446,441.321,4.896,3.973,1,1,1.0
327,48,526.142,16.384,6.893,6.216,1,1,1.0
327,49,509.626,41.371,6.585,7.158,1,1,1.0
327,50,528.589,170.575,5.877,6.076,1,1,1.0
327,54,553.496,318.797,4.494,8.237,1,1,1.0
327,55,557.051,431.203,3.788,8.931,1,1,1.0
327,57,615.099,441.568,6.670,4.358,1,1,1.0
327,60,658.312,440.171,6.541,3.607,1,1,1.0
327,61,668.230,145.045,6.436,5.226,1,1,1.0
327,62,644.436,344.213,4.198,8.985,1,1,1.0
327,63,630.861,439.660,5.510,3.764,1,1,1.0
327,66,621.285,440.069,4.991,6.216,1,1,1.0
327,6366,42.075,339.232,5.028,8.749,1,1,1.0
327,6367,14.368,439.326,4.737,4.565,1,1,1.0
327,6372,47.467,436.283,3.927,7.789,1,1,1.0
327,6373,25.247,40.620,4.952,8.620,1,1,1.0
327,6388,295.095,61.407,4.347,8.214,1,1,1.0
327,6389,308.786,16.410,4.935,5.513,1,1,1.0
327,6390,291.337,362.643,4.493,8.549,1,1,1.0
327,6392,283.002,431.563,7.500,4.430,1,1,1.0
327,6393,275.160,260.603,6.401,6.591,1,1,1.0
328,18,125.160,438.457,5.650,4.753,1,1,1.0
328,20,130.895,439.192,6.829,5.028,1,1,1.0
328,21,140.054,39.673,4.267,8.608,1,1,1.0
328,27,148.381,440.067,8.259,3.961,1,1,1.0
328,29,184.410,439.867,4.388,4.625,1,1,1.0
328,40,396.412,22.257,4.023,8.428,1,1,1.0
328,41,377.365,151.117,3.588,9.163,1,1,1.0
328,42,429.085,440.023,6.081,4.921,1,1,1.0
328,43,405.038,156.383,7.497,4.981,1,1,1.0
328,47,498.602,441.256,4.733,4.818,1,1,1.0
328,48,524.785,15.475,6.531,6.146,1,1,1.0
328,49,510.973,41.152,7.012,6.219,1,1,1.0
328,50,529.765,168.233,6.241,6.509,1,1,1.0
328,54,553.450,318.840,4.648,8.177,1,1,1.0
328,55,557.203,432.268,4.083,8.833,1,1,1.0
328,57,617.116,441.190,5.203,4.815,1,1,1.0
328,58,630.515,439.790,5.376,3.724,1,1,1.0
328,60,659.408,440.901,7.505,3.750,1,1,1.0
328,61,668.925,144.898,6.145,5.235,1,1,1.0
328,62,643.365,342.959,4.688,8.248,1,1,1.0
328,66,621.802,439.346,4.991,6.216,1,1,1.0
328,6366,47.548,436.260,3.844,7.839,1,1,1.0
328,6367,15.156,439.454,5.320,4.223,1,1,1.0
328,6373,24.907,38.989,7.081,9.957,1,1,1.0
328,6390,309.759,16.899,5.232,4.235,1,1,1.0
328,6392,295.134,61.004,4.491,7.510,1,1,1.0
328,6393,291.325,362.510,4.436,8.349,1,1,1.0
329,18,124.892,438.409,5.849,4.987,1,1,1.0
329,20,130.838,439.145,5.906,5.170,1,1,1.0
329,21,139.916,37.788,4.206,8.728,1,1,1.0
329,25,181.024,393.276,6.361,5.383,1,1,1.0
329,27,148.681,439.925,7.138,4.215,1,1,1.0
329,29,184.087,439.854,4.587,4.672,1,1,1.0
329,40,395.469,22.403,3.988,8.280,1,1,1.0
329,41,377.803,150.030,3.485,9.119,1,1,1.0
329,42,428.905,440.063,6.371,5.002,1,1,1.0
329,43,404.977,156.420,7.599,4.983,1,1,1.0
329,47,498.314,441.416,4.605,4.766,1,1,1.0
329,48,523.769,14.622,6.743,6.250,1,1,1.0
329,49,512.483,39.549,6.902,6.357,1,1,1.0
329,50,531.513,166.287,5.743,6.983,1,1,1.0
329,54,553.424,318.877,4.661,8.108,1,1,1.0
329,55,557.198,431.787,3.994,8.869,1,1,1.0
329,57,618.941,440.903,5.908,4.741,1,1,1.0
329,60,660.926,441.401,6.721,3.724,1,1,1.0
329,61,669.026,144.878,6.255,5.275,1,1,1.0
329,62,642.833,341.726,4.549,8.061,1,1,1.0
329,63,630.276,440.101,5.092,3.582,1,1,1.0
329,66,622.319,439.242,4.991,6.216,1,1,1.0
329,6366,47.202,436.219,4.048,7.789,1,1,1.0
329,6367,16.143,439.250,5.871,4.189,1,1,1.0
329,6372,47.109,314.096,4.440,9.080,1,1,1.0
329,6373,24.664,37.931,5.010,8.533,1,1,1.0
329,6388,294.794,60.918,4.667,5.978,1,1,1.0
329,6389,310.338,17.155,5.166,4.132,1,1,1.0
329,6390,291.397,361.819,4.280,8.481,1,1,1.0
329,6392,285.514,428.894,7.593,4.437,1,1,1.0
329,6393,272.943,260.161,7.176,5.450,1,1,1.0
330,18,125.162,438.483,5.690,4.868,1,1,1.0
330,20,131.036,439.127,5.779,5.184,1,1,1.0
330,21,140.755,35.589,4.192,8.492,1,1,1.0
330,25,185.404,371.029,4.317,6.855,1,1,1.0
330,27,148.703,439.873,7.207,4.216,1,1,1.0
330,29,184.088,439.883,4.627,4.712,1,1,1.0
330,40,395.637,22.429,3.927,7.970,1,1,1.0
330,41,377.800,148.453,3.518,8.769,1,1,1.0
330,42,428.855,440.097,6.391,4.962,1,1,1.0
330,43,404.873,156.461,7.688,4.954,1,1,1.0
330,45,530.299,63.453,4.265,7.129,1,1,1.0
330,47,498.124,441.386,4.653,4.697,1,1,1.0
330,48,522.701,14.552,6.795,5.356,1,1,1.0
330,49,514.031,38.568,7.525,6.465,1,1,1.0
330,50,532.985,164.030,5.584,6.794,1,1,1.0
330,54,553.356,318.915,4.764,8.016,1,1,1.0
330,55,557.280,431.524,3.929,8.926,1,1,1.0
330,57,620.471,440.899,5.537,4.631,1,1,1.0
330,60,660.885,441.379,6.667,3.763,1,1,1.0
330,61,669.336,144.869,6.420,4.945,1,1,1.0
330,62,642.615,339.246,4.249,8.171,1,1,1.0
330,63,630.349,440.165,5.038,3.627,1,1,1.0
330,66,622.009,440.276,4.991,6.216,1,1,1.0
330,6366,47.218,436.251,4.011,7.749,1,1,1.0
330,6367,17.436,439.252,6.184,4.107,1,1,1.0
330,6372,47.108,313.709,4.375,9.170,1,1,1.0
330,6373,24.612,37.835,4.982,8.543,1,1,1.0
330,6388,294.830,60.753,4.707,4.235,1,1,1.0
330,6389,311.303,17.047,4.559,4.237,1,1,1.0
330,6390,291.231,361.760,4.259,8.511,1,1,1.0
330,6392,286.940,428.079,7.435,4.298,1,1,1.0
330,6393,271.892,260.199,7.371,4.797,1,1,1.0
331,18,124.827,438.364,6.046,4.975,1,1,1.0
331,20,130.838,439.138,6.093,5.263,1,1,1.0
331,21,141.276,33.345,4.039,8.464,1,1,1.0
331,25,179.473,393.730,7.468,8.853,1,1,1.0
331,27,148.693,439.885,7.323,4.214,1,1,1.0
331,29,183.988,439.873,4.755,4.614,1,1,1.0
331,40,396.392,21.656,4.486,7.817,1,1,1.0
331,41,378.045,146.820,3.321,8.791,1,1,1.0
331,42,428.835,440.057,6.455,4.901,1,1,1.0
331,43,404.901,156.209,7.666,5.021,1,1,1.0
331,45,530.614,60.769,3.805,8.550,1,1,1.0
331,47,497.822,441.411,4.503,4.879,1,1,1.0
331,48,521.721,13.347,7.220,6.037,1,1,1.0
331,49,515.498,37.608,7.233,6.267,1,1,1.0
331,50,534.388,161.856,5.614,6.791,1,1,1.0
331,54,553.339,318.877,4.821,8.028,1,1,1.0
331,55,557.156,431.437,4.305,8.603,1,1,1.0
331,57,621.808,440.663,6.333,4.854,1,1,1.0
331,60,661.670,441.101,6.310,3.963,1,1,1.0
331,61,669.696,143.365,6.257,5.855,1,1,1.0
331,62,642.571,337.563,4.252,8.372,1,1,1.0
331,63,624.815,431.394,4.339,5.941,1,1,1.0
331,66,619.941,440.173,4.991,6.216,1,1,1.0
331,6366,47.018,312.906,4.480,9.520,1,1,1.0
331,6367,18.472,438.759,6.441,4.429,1,1,1.0
331,6372,46.959,436.279,4.108,7.692,1,1,1.0
331,6373,24.618,37.829,4.970,8.538,1,1,1.0
331,6388,295.987,53.777,4.779,5.835,1,1,1.0
331,6389,311.979,16.817,4.489,4.366,1,1,1.0
331,6390,291.054,361.395,4.406,8.596,1,1,1.0
331,6392,287.923,427.034,7.494,4.135,1,1,1.0
331,6393,271.782,260.129,7.310,4.669,1,1,1.0
332,18,124.794,438.498,6.230,4.995,1,1,1.0
332,20,130.652,439.079,6.239,5.370,1,1,1.0
332,21,141.884,31.148,4.287,8.701,1,1,1.0
332,25,173.093,425.733,6.465,7.553,1,1,1.0
332,27,148.561,439.888,7.254,4.086,1,1,1.0
332,29,184.838,439.550,4.321,4.874,1,1,1.0
332,40,396.842,20.198,4.653,7.465,1,1,1.0
332,41,377.868,145.330,3.790,8.788,1,1,1.0
332,42,428.991,440.025,6.290,4.907,1,1,1.0
332,43,404.925,155.976,7.537,5.203,1,1,1.0
332,45,530.786,60.080,4.037,7.313,1,1,1.0
332,47,498.060,441.357,4.511,4.863,1,1,1.0
332,48,520.874,12.550,6.328,5.724,1,1,1.0
332,49,517.128,36.322,7.120,6.369,1,1,1.0
332,50,535.511,160.392,5.421,6.914,1,1,1.0
332,54,553.410,318.878,4.739,8.085,1,1,1.0
332,55,557.146,431.279,4.322,8.418,1,1,1.0
332,57,625.688,440.727,4.991,6.216,1,1,1.0
332,60,662.826,440.492,6.022,4.312,1,1,1.0
332,61,670.689,141.634,5.757,6.711,1,1,1.0
332,62,642.009,336.198,4.302,8.567,1,1,1.0
332,63,618.483,408.694,3.748,6.870,1,1,1.0
332,66,621.584,440.664,4.506,5.360,1,1,1.0
332,6366,46.838,436.508,4.268,7.440,1,1,1.0
332,6367,19.784,438.939,6.455,4.410,1,1,1.0
332,6372,47.227,312.637,4.397,9.091,1,1,1.0
332,6373,24.612,37.833,4.976,8.505,1,1,1.0
332,6388,295.665,52.077,4.492,5.732,1,1,1.0
332,6389,312.448,16.891,4.215,4.381,1,1,1.0
332,6390,291.007,360.992,4.340,8.603,1,1,1.0
332,6392,289.193,425.927,7.842,4.367,1,1,1.0
332,6393,271.822,260.133,7.432,4.694,1,1,1.0
333,18,124.714,438.322,6.501,5.148,1,1,1.0
333,20,130.226,439.307,6.339,5.132,1,1,1.0
333,21,142.680,29.277,4.371,8.431,1,1,1.0
333,25,158.094,435.635,6.954,5.074,1,1,1.0
333,27,148.435,439.166,6.723,4.634,1,1,1.0
333,29,184.580,439.777,4.417,4.802,1,1,1.0
333,40,397.426,20.105,4.385,7.351,1,1,1.0
333,41,378.011,143.702,3.715,9.314,1,1,1.0
333,42,429.239,440.024,5.977,4.914,1,1,1.0
333,43,410.481,147.283,5.757,6.370,1,1,1.0
333,45,530.733,59.514,4.240,5.672,1,1,1.0
333,47,498.143,441.441,4.452,4.719,1,1,1.0
333,48,521.760,12.377,4.941,5.172,1,1,1.0
333,49,518.237,35.431,7.682,6.559,1,1,1.0
333,50,536.886,158.361,5.206,6.753,1,1,1.0
333,54,553.427,318.857,4.712,8.188,1,1,1.0
333,55,557.081,430.971,4.310,8.486,1,1,1.0
333,57,627.807,441.654,6.196,4.041,1,1,1.0
333,60,664.426,439.855,4.817,4.784,1,1,1.0
333,61,671.783,140.008,5.722,7.172,1,1,1.0
333,62,641.547,334.404,4.190,8.046,1,1,1.0
333,63,618.536,384.913,4.253,6.815,1,1,1.0
333,66,622.338,440.552,4.858,4.680,1,1,1.0
333,6366,47.225,312.665,4.376,8.829,1,1,1.0
333,6367,20.278,438.644,6.976,4.457,1,1,1.0
333,6372,46.680,436.562,4.160,7.431,1,1,1.0
333,6373,25.106,36.446,4.182,9.185,1,1,1.0
333,6388,295.773,50.749,4.463,7.017,1,1,1.0
333,6389,313.021,16.753,4.215,4.538,1,1,1.0
333,6390,290.883,360.697,4.364,8.607,1,1,1.0
333,6392,290.550,425.193,7.800,4.154,1,1,1.0
333,6393,271.810,260.027,7.495,4.699,1,1,1.0
334,18,124.928,438.478,6.436,5.091,1,1,1.0
334,20,130.446,439.079,6.449,5.197,1,1,1.0
334,21,142.825,27.667,4.754,7.914,1,1,1.0
334,27,147.880,439.393,7.458,4.463,1,1,1.0
334,29,184.424,439.718,4.568,4.753,1,1,1.0
334,40,397.949,19.028,4.554,7.534,1,1,1.0
334,41,377.532,143.125,4.008,9.377,1,1,1.0
334,42,429.289,440.005,5.928,4.921,1,1,1.0
334,43,433.734,126.427,4.381,6.933,1,1,1.0
334,45,531.738,52.868,4.706,5.384,1,1,1.0
334,47,498.173,441.426,4.555,4.700,1,1,1.0
334,49,519.448,35.153,7.147,6.155,1,1,1.0
334,50,538.546,156.141,4.869,7.453,1,1,1.0
334,54,553.391,318.866,4.672,8.179,1,1,1.0
334,55,556.981,430.583,4.522,8.701,1,1,1.0
334,57,629.302,441.769,6.654,4.734,1,1,1.0
334,60,665.019,439.866,4.096,5.453,1,1,1.0
334,61,672.759,139.201,5.544,6.825,1,1,1.0
334,62,641.491,332.689,4.320,8.722,1,1,1.0
334,63,623.062,363.456,3.686,8.534,1,1,1.0
334,66,622.072,440.446,4.730,5.047,1,1,1.0
334,6366,46.771,436.519,4.293,7.429,1,1,1.0
334,6367,22.291,437.947,6.641,4.749,1,1,1.0
334,6372,47.245,312.277,4.445,9.155,1,1,1.0
334,6373,25.918,34.917,4.338,9.033,1,1,1.0
334,6388,290.803,360.653,4.414,8.354,1,1,1.0
334,6389,291.755,424.196,7.357,4.152,1,1,1.0
334,6392,271.808,260.038,7.664,4.703,1,1,1.0
335,18,124.850,438.712,7.064,5.228,1,1,1.0
335,21,143.797,26.012,5.022,7.604,1,1,1.0
335,27,146.477,439.338,8.465,4.557,1,1,1.0
335,29,184.346,439.826,4.640,4.689,1,1,1.0
335,40,398.722,16.139,4.253,8.934,1,1,1.0
335,41,377.584,143.124,4.017,9.401,1,1,1.0
335,42,429.299,439.995,5.974,4.881,1,1,1.0
335,43,429.571,132.157,3.928,7.360,1,1,1.0
335,45,532.161,50.610,3.872,7.430,1,1,1.0
335,47,497.788,441.515,5.313,4.671,1,1,1.0
335,49,520.228,34.378,7.190,6.271,1,1,1.0
335,50,539.637,154.337,4.729,7.422,1,1,1.0
335,54,553.428,318.878,4.613,8.116,1,1,1.0
335,55,557.084,430.540,4.380,8.734,1,1,1.0
335,57,630.950,441.735,6.894,4.231,1,1,1.0
335,60,665.576,440.694,4.101,5.036,1,1,1.0
335,61,673.412,138.333,5.753,6.637,1,1,1.0
335,62,640.659,331.128,4.212,8.473,1,1,1.0
335,63,624.682,348.535,3.992,6.989,1,1,1.0
335,66,621.962,440.320,4.796,4.645,1,1,1.0
335,6366,47.326,311.572,4.423,8.696,1,1,1.0
335,6367,23.969,437.411,6.146,4.944,1,1,1.0
335,6372,47.147,436.597,4.885,7.154,1,1,1.0
335,6373,26.910,32.731,4.369,9.545,1,1,1.0
335,6388,296.371,48.460,3.957,8.734,1,1,1.0
335,6389,313.682,17.268,4.186,4.793,1,1,1.0
335,6390,290.852,360.360,4.238,8.428,1,1,1.0
335,6392,292.646,423.454,7.130,4.007,1,1,1.0
335,6393,271.932,259.869,7.883,4.745,1,1,1.0
336,18,124.693,438.646,7.000,5.235,1,1,1.0
336,21,144.896,24.456,4.978,7.551,1,1,1.0
336,27,146.587,439.409,8.532,4.742,1,1,1.0
336,29,184.454,439.805,4.580,4.737,1,1,1.0
336,40,398.997,14.337,3.967,8.344,1,1,1.0
336,41,377.846,143.022,3.807,9.538,1,1,1.0
336,42,429.325,440.009,5.998,4.869,1,1,1.0
336,43,432.214,144.794,5.811,5.022,1,1,1.0
336,45,532.107,48.573,4.515,8.460,1,1,1.0
336,47,497.684,441.514,5.669,4.552,1,1,1.0
336,49,521.079,33.827,7.264,6.337,1,1,1.0
336,50,540.946,152.610,4.920,7.125,1,1,1.0
336,54,553.358,318.814,4.696,8.213,1,1,1.0
336,55,557.153,430.228,4.265,8.941,1,1,1.0
336,57,632.503,441.618,6.787,4.328,1,1,1.0
336,60,665.638,440.789,4.105,4.840,1,1,1.0
336,61,674.547,136.579,5.689,6.952,1,1,1.0
336,62,640.209,330.143,4.224,8.279,1,1,1.0
336,63,631.817,344.556,4.944,5.700,1,1,1.0
336,66,621.890,440.186,4.676,4.639,1,1,1.0
336,6366,47.839,309.937,4.295,9.237,1,1,1.0
336,6367,25.739,436.864,6.726,4.820,1,1,1.0
336,6372,47.045,436.696,4.723,7.532,1,1,1.0
336,6373,28.094,29.626,4.629,9.767,1,1,1.0
336,6388,296.305,47.027,4.031,8.819,1,1,1.0
336,6389,313.750,17.417,4.138,4.958,1,1,1.0
336,6390,290.791,359.955,4.264,8.670,1,1,1.0
336,6392,293.420,422.793,6.769,4.258,1,1,1.0
336,6393,272.168,259.541,7.512,4.610,1,1,1.0
337,18,125.221,438.388,6.951,5.155,1,1,1.0
337,21,145.571,23.117,5.472,6.663,1,1,1.0
337,27,146.100,439.693,8.508,4.518,1,1,1.0
337,29,184.460,439.739,4.493,4.815,1,1,1.0
337,40,398.953,14.279,3.752,7.424,1,1,1.0
337,41,377.879,143.165,3.759,9.334,1,1,1.0
337,42,429.249,440.064,6.092,4.745,1,1,1.0
337,43,430.108,152.405,4.183,5.463,1,1,1.0
337,45,533.040,46.741,4.795,8.551,1,1,1.0
337,47,497.615,441.588,5.750,4.533,1,1,1.0
337,49,521.118,33.823,7.177,6.222,1,1,1.0
337,50,542.027,150.854,4.949,6.380,1,1,1.0
337,54,553.384,318.859,4.562,8.218,1,1,1.0
337,55,557.195,430.170,4.220,8.935,1,1,1.0
337,57,634.025,441.673,6.831,4.265,1,1,1.0
337,60,665.960,441.003,4.051,4.637,1,1,1.0
337,61,675.566,135.305,5.357,7.323,1,1,1.0
337,62,640.130,329.078,4.268,7.969,1,1,1.0
337,63,631.383,345.423,5.735,4.401,1,1,1.0
337,66,621.819,440.289,4.706,4.546,1,1,1.0
337,6366,48.534,308.281,4.574,8.839,1,1,1.0
337,6367,27.656,436.479,6.722,4.826,1,1,1.0
337,6372,46.125,436.673,4.957,7.558,1,1,1.0
337,6373,29.201,27.599,4.999,9.070,1,1,1.0
337,6388,296.590,45.776,3.736,9.236,1,1,1.0
337,6389,313.792,17.521,4.089,4.848,1,1,1.0
337,6390,290.815,360.268,4.132,8.323,1,1,1.0
337,6392,293.248,422.814,6.564,4.085,1,1,1.0
337,6393,271.962,254.308,4.900,5.687,1,1,1.0
338,18,125.175,437.975,6.756,5.352,1,1,1.0
338,20,132.399,439.231,6.520,5.617,1,1,1.0
338,21,145.660,23.094,5.650,6.679,1,1,1.0
338,27,144.210,439.782,9.368,4.513,1,1,1.0
338,29,184.478,439.762,4.563,4.836,1,1,1.0
338,40,398.369,13.959,4.263,5.980,1,1,1.0
338,41,377.741,143.077,3.791,9.400,1,1,1.0
338,42,429.230,440.048,6.141,4.776,1,1,1.0
338,43,430.215,155.755,5.340,5.598,1,1,1.0
338,45,534.237,44.400,4.586,8.104,1,1,1.0
338,47,497.650,441.578,5.729,4.669,1,1,1.0
338,49,521.469,33.741,7.069,6.082,1,1,1.0
338,50,543.414,149.982,5.754,5.456,1,1,1.0
338,54,553.490,318.797,4.565,8.131,1,1,1.0
338,55,557.623,429.856,3.996,9.457,1,1,1.0
338,57,635.456,441.656,6.988,4.560,1,1,1.0
338,60,666.003,440.909,4.136,4.995,1,1,1.0
338,61,676.653,133.568,5.072,6.869,1,1,1.0
338,62,640.193,327.614,4.165,8.029,1,1,1.0
338,63,616.390,352.255,4.096,7.102,1,1,1.0
338,66,621.501,440.271,4.632,4.559,1,1,1.0
338,6366,49.109,305.761,5.153,9.068,1,1,1.0
338,6367,29.987,25.145,5.169,8.856,1,1,1.0
338,6372,46.146,436.701,4.979,7.569,1,1,1.0
338,6373,29.009,436.314,6.378,5.039,1,1,1.0
338,6388,296.435,43.991,3.944,9.404,1,1,1.0
338,6389,313.927,17.934,3.964,5.207,1,1,1.0
338,6390,290.792,360.321,4.290,8.254,1,1,1.0
338,6392,292.953,422.775,6.830,4.128,1,1,1.0
338,6393,257.687,237.075,4.915,6.432,1,1,1.0
339,18,124.717,438.022,6.776,5.137,1,1,1.0
339,20,130.632,438.875,7.438,5.438,1,1,1.0
339,21,145.557,23.709,6.265,5.231,1,1,1.0
339,27,144.951,439.879,8.530,4.341,1,1,1.0
339,29,184.515,439.757,4.473,4.809,1,1,1.0
339,40,397.852,13.656,4.721,4.733,1,1,1.0
339,41,377.760,142.255,3.852,9.305,1,1,1.0
339,42,429.129,440.100,6.252,4.835,1,1,1.0
339,43,434.338,181.415,6.571,6.142,1,1,1.0
339,45,535.683,42.722,5.067,8.158,1,1,1.0
339,47,497.637,441.581,5.707,4.671,1,1,1.0
339,49,521.223,33.658,7.331,6.096,1,1,1.0
339,50,545.081,150.153,6.099,4.288,1,1,1.0
339,54,553.522,318.798,4.525,8.138,1,1,1.0
339,55,557.948,429.208,3.940,9.153,1,1,1.0
339,57,638.169,441.481,5.917,4.175,1,1,1.0
339,60,665.772,440.940,4.803,4.307,1,1,1.0
339,61,677.208,131.830,5.040,6.838,1,1,1.0
339,62,639.605,326.668,4.277,7.986,1,1,1.0
339,63,631.476,374.112,4.250,6.272,1,1,1.0
339,66,621.748,440.250,4.290,4.661,1,1,1.0
339,6366,50.771,303.527,5.297,8.582,1,1,1.0
339,6367,31.912,436.548,6.068,4.916,1,1,1.0
339,6372,46.375,436.567,4.816,7.619,1,1,1.0
339,6373,31.635,23.098,4.661,8.740,1,1,1.0
339,6388,296.081,42.227,3.814,9.775,1,1,1.0
339,6389,313.846,18.108,3.889,5.214,1,1,1.0
339,6390,290.847,360.307,4.205,8.399,1,1,1.0
339,6392,293.269,422.766,6.624,4.126,1,1,1.0
339,6393,258.985,236.155,4.865,7.299,1,1,1.0
340,18,124.731,437.878,6.788,5.483,1,1,1.0
340,21,145.780,24.447,6.289,4.495,1,1,1.0
340,29,184.487,439.792,4.360,4.736,1,1,1.0
340,41,378.215,140.727,3.924,9.099,1,1,1.0
340,42,428.942,440.202,6.546,5.090,1,1,1.0
340,43,422.919,208.748,6.406,5.707,1,1,1.0
340,45,537.290,40.352,5.222,7.096,1,1,1.0
340,47,497.666,441.599,5.713,4.716,1,1,1.0
340,49,527.414,32.813,6.635,4.287,1,1,1.0
340,50,546.351,150.187,6.128,4.245,1,1,1.0
340,54,553.451,318.805,4.597,7.962,1,1,1.0
340,55,557.831,428.209,3.984,9.171,1,1,1.0
340,57,640.725,441.291,5.066,4.021,1,1,1.0
340,60,666.057,440.756,4.519,4.391,1,1,1.0
340,61,678.077,131.417,5.067,7.273,1,1,1.0
340,62,639.192,325.151,4.312,8.140,1,1,1.0
340,63,635.719,388.881,5.466,5.810,1,1,1.0
340,66,622.210,439.674,3.991,4.919,1,1,1.0
340,6366,52.103,301.578,5.208,8.826,1,1,1.0
340,6367,33.497,436.754,6.278,4.689,1,1,1.0
340,6372,46.566,436.509,4.621,7.671,1,1,1.0
340,6373,32.486,20.775,4.924,8.082,1,1,1.0
340,6388,290.859,360.304,4.166,8.367,1,1,1.0
340,6389,296.184,40.499,3.992,8.677,1,1,1.0
340,6390,258.855,235.321,4.852,7.562,1,1,1.0
340,6392,294.472,422.973,7.092,3.918,1,1,1.0
341,18,124.834,438.093,6.529,5.503,1,1,1.0
341,21,145.606,24.466,6.448,4.677,1,1,1.0
341,29,184.470,439.721,4.393,4.838,1,1,1.0
341,41,378.499,138.946,4.094,9.005,1,1,1.0
341,42,429.174,440.153,6.325,5.189,1,1,1.0
341,43,432.459,232.663,8.442,7.659,1,1,1.0
341,45,538.189,39.150,5.125,7.454,1,1,1.0
341,47,497.988,441.737,5.125,4.803,1,1,1.0
341,49,555.704,23.149,3.560,7.049,1,1,1.0
341,50,547.908,150.707,6.207,4.233,1,1,1.0
341,54,553.428,318.636,4.719,7.838,1,1,1.0
341,55,557.720,427.545,4.037,9.060,1,1,1.0
341,57,644.014,441.038,4.991,6.216,1,1,1.0
341,60,666.806,440.520,4.837,4.491,1,1,1.0
341,61,678.641,129.794,5.319,6.790,1,1,1.0
341,62,639.098,323.676,4.362,8.124,1,1,1.0
341,63,644.567,392.918,4.411,6.838,1,1,1.0
341,66,623.361,428.268,5.505,6.403,1,1,1.0
341,6366,53.352,299.654,5.253,8.773,1,1,1.0
341,6367,34.524,436.906,6.451,4.428,1,1,1.0
341,6370,7.276,66.603,5.000,6.000,1,1,1.0
341,6372,46.411,436.605,4.677,7.574,1,1,1.0
341,6373,33.218,17.910,4.273,9.268,1,1,1.0
341,6388,296.637,39.471,3.778,9.143,1,1,1.0
341,6389,313.621,18.246,4.095,5.251,1,1,1.0
341,6390,290.837,360.320,4.228,8.377,1,1,1.0
341,6392,296.111,423.073,6.836,4.004,1,1,1.0
341,6393,258.821,234.059,4.973,7.540,1,1,1.0
342,18,124.825,438.244,6.817,5.576,1,1,1.0
342,21,145.193,23.702,5.943,6.115,1,1,1.0
342,29,184.504,439.761,4.386,4.802,1,1,1.0
342,41,378.848,137.081,3.881,8.902,1,1,1.0
342,42,429.143,440.199,6.268,5.173,1,1,1.0
342,43,436.404,246.005,4.828,6.674,1,1,1.0
342,45,538.399,38.924,5.040,7.146,1,1,1.0
342,47,498.514,442.066,4.867,4.767,1,1,1.0
342,49,556.101,22.691,3.144,7.438,1,1,1.0
342,50,549.349,150.391,5.735,4.314,1,1,1.0
342,54,553.370,318.539,4.802,8.045,1,1,1.0
342,55,557.906,427.531,3.959,9.022,1,1,1.0
342,57,646.434,439.949,4.991,6.216,1,1,1.0
342,60,667.209,440.536,4.072,4.206,1,1,1.0
342,61,679.887,128.726,4.388,6.465,1,1,1.0
342,62,638.627,322.096,4.467,8.071,1,1,1.0
342,63,658.701,404.108,6.147,5.236,1,1,1.0
342,66,624.754,440.495,3.953,5.382,1,1,1.0
342,6366,54.872,297.326,5.092,8.403,1,1,1.0
342,6367,35.851,437.174,6.254,4.787,1,1,1.0
342,6372,45.914,436.618,5.051,7.680,1,1,1.0
342,6373,33.566,18.162,4.508,9.083,1,1,1.0
342,6388,290.843,360.307,4.229,8.447,1,1,1.0
342,6389,296.663,423.105,6.594,4.125,1,1,1.0
342,6390,258.772,233.249,4.958,7.663,1,1,1.0
342,6392,296.738,37.583,3.631,9.120,1,1,1.0
343,18,124.869,438.297,7.247,5.569,1,1,1.0
343,21,145.106,23.700,5.406,6.758,1,1,1.0
343,29,184.477,439.731,4.332,4.697,1,1,1.0
343,41,379.160,134.748,3.861,8.919,1,1,1.0
343,42,428.792,440.231,6.619,4.918,1,1,1.0
343,43,424.016,267.012,6.981,6.465,1,1,1.0
343,45,538.539,38.833,5.080,7.176,1,1,1.0
343,47,499.107,442.117,4.710,4.520,1,1,1.0
343,49,555.842,21.461,3.055,7.949,1,1,1.0
343,50,550.160,150.207,5.869,4.280,1,1,1.0
343,54,553.424,318.556,4.776,8.051,1,1,1.0
343,55,557.935,427.266,3.911,8.911,1,1,1.0
343,57,648.387,440.987,6.387,4.979,1,1,1.0
343,60,667.639,440.548,4.255,4.435,1,1,1.0
343,61,681.015,128.101,4.158,5.854,1,1,1.0
343,62,637.844,320.610,4.217,8.209,1,1,1.0
343,63,657.572,422.218,5.445,8.819,1,1,1.0
343,66,625.339,440.792,4.234,5.651,1,1,1.0
343,6366,55.828,295.580,5.017,8.373,1,1,1.0
343,6367,37.005,437.312,6.313,4.785,1,1,1.0
343,6370,7.667,65.430,5.000,6.000,1,1,1.0
343,6372,46.056,436.594,4.951,7.631,1,1,1.0
343,6373,32.705,19.460,6.628,7.738,1,1,1.0
343,6388,290.729,360.234,4.231,8.480,1,1,1.0
343,6389,296.934,423.500,6.494,4.610,1,1,1.0
343,6390,258.407,232.414,4.614,7.358,1,1,1.0
343,6392,296.025,36.754,3.794,9.325,1,1,1.0
344,18,125.116,438.450,7.731,5.433,1,1,1.0
344,21,145.285,22.919,4.753,8.219,1,1,1.0
344,29,184.601,439.612,4.322,4.903,1,1,1.0
344,41,379.561,132.689,4.033,8.687,1,1,1.0
344,42,429.191,440.208,6.067,5.249,1,1,1.0
344,43,381.438,290.079,9.540,5.541,1,1,1.0
344,45,538.652,38.826,5.046,7.165,1,1,1.0
344,47,499.317,442.172,4.691,4.543,1,1,1.0
344,49,555.438,20.664,3.424,7.819,1,1,1.0
344,50,551.391,149.620,5.542,4.437,1,1,1.0
344,54,553.459,318.592,4.639,8.162,1,1,1.0
344,55,558.101,427.105,3.779,9.323,1,1,1.0
344,57,648.485,440.173,5.346,5.093,1,1,1.0
344,60,667.662,440.592,4.047,4.592,1,1,1.0
344,61,680.872,127.072,4.252,5.790,1,1,1.0
344,62,637.376,319.169,4.596,8.249,1,1,1.0
344,63,648.651,437.457,4.991,6.216,1,1,1.0
344,66,624.066,439.879,4.284,5.725,1,1,1.0
344,6366,57.102,293.688,5.584,8.507,1,1,1.0
344,6367,37.484,437.440,6.613,5.038,1,1,1.0
344,6370,8.840,58.522,5.000,6.000,1,1,1.0
344,6372,45.899,436.702,4.953,7.407,1,1,1.0
344,6373,33.487,19.463,7.294,7.485,1,1,1.0
344,6388,290.812,360.271,4.253,8.544,1,1,1.0
344,6389,297.705,424.114,6.182,5.702,1,1,1.0
344,6390,258.134,230.603,4.398,8.593,1,1,1.0
344,6392,296.260,35.660,3.848,8.818,1,1,1.0
345,18,124.966,438.380,7.000,5.659,1,1,1.0
345,21,145.473,22.614,3.966,8.483,1,1,1.0
345,27,143.398,438.828,9.256,5.450,1,1,1.0
345,29,184.701,439.627,4.373,4.915,1,1,1.0
345,41,379.344,130.012,3.902,8.930,1,1,1.0
345,42,429.317,440.280,5.929,5.309,1,1,1.0
345,43,370.444,294.340,4.068,6.139,1,1,1.0
345,45,538.722,38.866,5.012,7.114,1,1,1.0
345,47,499.971,442.088,4.526,4.669,1,1,1.0
345,49,555.498,19.548,3.464,7.935,1,1,1.0
345,50,552.723,148.398,4.797,4.889,1,1,1.0
345,54,553.576,318.660,4.493,8.299,1,1,1.0
345,55,558.095,427.111,3.786,9.330,1,1,1.0
345,57,649.629,441.161,4.991,6.216,1,1,1.0
345,60,667.710,440.479,3.876,4.325,1,1,1.0
345,61,681.090,126.763,4.164,5.926,1,1,1.0
345,62,637.182,317.808,4.489,8.603,1,1,1.0
345,63,644.322,438.919,5.361,5.597,1,1,1.0
345,66,623.920,439.859,3.948,5.451,1,1,1.0
345,6366,58.147,291.993,5.449,8.203,1,1,1.0
345,6367,37.468,437.375,6.631,5.190,1,1,1.0
345,6370,11.056,57.479,5.000,6.000,1,1,1.0
345,6372,45.309,436.605,5.195,7.450,1,1,1.0
345,6373,34.449,19.499,7.479,7.207,1,1,1.0
345,6388,290.878,360.304,4.103,8.497,1,1,1.0
345,6389,298.139,425.196,6.552,5.993,1,1,1.0
345,6390,257.483,229.140,4.535,8.517,1,1,1.0
345,6392,296.662,34.646,3.682,8.863,1,1,1.0
346,18,124.526,438.265,6.570,5.612,1,1,1.0
346,21,145.123,22.117,3.663,8.803,1,1,1.0
346,29,184.430,439.668,4.353,4.898,1,1,1.0
346,41,379.969,127.970,3.784,8.817,1,1,1.0
346,42,429.444,440.287,5.703,5.252,1,1,1.0
346,43,370.430,294.128,4.062,6.210,1,1,1.0
346,45,538.779,38.888,4.959,7.034,1,1,1.0
346,47,500.265,442.099,4.367,4.684,1,1,1.0
346,49,555.715,18.761,3.444,7.801,1,1,1.0
346,50,554.036,147.895,4.372,5.226,1,1,1.0
346,54,553.576,318.680,4.435,8.257,1,1,1.0
346,55,557.999,427.216,3.788,9.094,1,1,1.0
346,57,650.788,440.191,4.991,6.216,1,1,1.0
346,60,667.649,440.329,3.823,4.787,1,1,1.0
346,61,681.111,126.314,4.152,5.533,1,1,1.0
346,62,636.467,316.263,4.413,8.500,1,1,1.0
346,63,632.734,439.749,4.581,4.764,1,1,1.0
346,66,624.308,440.043,4.245,4.898,1,1,1.0
346,6366,59.273,290.406,5.320,7.921,1,1,1.0
346,6367,43.403,418.457,4.559,7.942,1,1,1.0
346,6370,12.767,55.573,3.426,7.663,1,1,1.0
346,6372,44.848,436.678,5.133,7.207,1,1,1.0
346,6373,35.719,19.033,7.927,7.506,1,1,1.0
346,6388,290.874,360.276,4.063,8.529,1,1,1.0
346,6389,299.485,426.068,6.026,6.802,1,1,1.0
346,6390,256.803,227.033,4.523,8.312,1,1,1.0
346,6392,296.934,33.405,3.503,8.689,1,1,1.0
347,18,124.902,437.637,6.460,5.523,1,1,1.0
347,20,123.488,427.002,4.790,6.987,1,1,1.0
347,21,144.396,22.867,4.002,9.132,1,1,1.0
347,27,138.850,436.636,4.768,6.346,1,1,1.0
347,29,184.470,439.519,4.452,5.076,1,1,1.0
347,41,379.959,125.058,3.933,9.017,1,1,1.0
347,42,429.478,440.239,5.762,5.069,1,1,1.0
347,43,370.432,294.125,4.072,6.246,1,1,1.0
347,45,538.735,38.944,4.992,7.028,1,1,1.0
347,47,500.377,442.162,4.437,4.564,1,1,1.0
347,49,555.976,17.766,3.558,8.098,1,1,1.0
347,50,555.028,146.579,3.894,5.449,1,1,1.0
347,54,553.648,318.700,4.414,8.207,1,1,1.0
347,55,558.062,427.212,3.796,9.115,1,1,1.0
347,57,651.151,440.554,4.991,6.216,1,1,1.0
347,60,667.591,440.335,3.885,4.751,1,1,1.0
347,61,681.043,125.960,4.153,5.645,1,1,1.0
347,62,635.753,314.880,4.883,7.993,1,1,1.0
347,63,631.345,441.440,5.150,5.615,1,1,1.0
347,66,624.660,439.493,4.432,5.517,1,1,1.0
347,6366,59.944,288.991,5.639,8.289,1,1,1.0
347,6367,43.070,402.219,6.666,5.915,1,1,1.0
347,6370,13.186,52.345,3.651,9.692,1,1,1.0
347,6372,44.219,436.690,5.299,7.186,1,1,1.0
347,6373,36.932,19.136,8.029,7.093,1,1,1.0
347,6388,296.615,32.033,3.479,8.776,1,1,1.0
347,6389,311.501,21.543,4.408,5.705,1,1,1.0
347,6390,290.862,360.241,4.107,8.567,1,1,1.0
347,6392,300.254,426.946,6.010,7.554,1,1,1.0
347,6393,256.529,224.357,4.457,8.413,1,1,1.0
348,18,125.671,435.868,7.864,6.951,1,1,1.0
348,21,143.774,23.724,4.600,8.499,1,1,1.0
348,25,144.488,439.603,8.676,5.554,1,1,1.0
348,27,139.664,435.687,4.984,7.457,1,1,1.0
348,29,184.584,439.434,4.529,4.974,1,1,1.0
348,41,380.496,122.750,4.182,9.175,1,1,1.0
348,42,429.448,440.275,5.774,4.938,1,1,1.0
348,43,370.423,294.128,4.068,6.265,1,1,1.0
348,45,538.677,38.211,4.980,7.116,1,1,1.0
348,47,500.378,442.101,4.563,4.609,1,1,1.0
348,49,556.027,16.954,3.441,7.823,1,1,1.0
348,50,555.838,145.220,4.254,5.928,1,1,1.0
348,54,553.415,318.638,4.623,8.129,1,1,1.0
348,55,558.101,427.183,3.748,9.111,1,1,1.0
348,57,657.118,441.541,6.350,4.095,1,1,1.0
348,60,667.336,440.674,3.902,3.981,1,1,1.0
348,61,680.895,125.731,4.228,5.411,1,1,1.0
348,62,635.136,313.791,5.041,7.755,1,1,1.0
348,63,632.328,442.659,5.476,4.651,1,1,1.0
348,66,623.983,439.722,4.119,5.007,1,1,1.0
348,6366,61.096,287.711,5.637,8.078,1,1,1.0
348,6367,37.541,425.364,5.072,5.160,1,1,1.0
348,6370,13.344,49.965,4.185,9.362,1,1,1.0
348,6372,44.280,437.088,4.996,6.876,1,1,1.0
348,6373,39.055,19.107,8.369,6.326,1,1,1.0
348,6388,296.725,30.773,3.550,9.089,1,1,1.0
348,6389,310.748,22.983,4.761,5.279,1,1,1.0
348,6390,290.832,360.238,4.099,8.587,1,1,1.0
348,6392,300.942,428.098,5.447,7.246,1,1,1.0
348,6393,255.909,222.370,4.297,8.059,1,1,1.0
349,18,124.827,438.476,7.464,6.255,1,1,1.0
349,21,142.942,23.538,4.933,8.190,1,1,1.0
349,25,146.092,439.793,7.557,5.402,1,1,1.0
349,27,138.878,435.226,4.975,7.903,1,1,1.0
349,29,184.619,439.521,4.425,4.752,1,1,1.0
349,41,380.619,120.111,3.977,9.319,1,1,1.0
349,42,429.391,440.280,5.752,4.836,1,1,1.0
349,43,370.428,294.075,4.036,6.302,1,1,1.0
349,45,539.629,36.300,4.270,7.882,1,1,1.0
349,47,500.325,442.188,4.658,4.558,1,1,1.0
349,49,556.423,15.757,3.561,7.748,1,1,1.0
349,50,556.490,144.296,4.110,5.879,1,1,1.0
349,54,553.550,318.760,4.606,8.461,1,1,1.0
349,55,557.916,427.250,3.881,8.904,1,1,1.0
349,57,668.082,440.980,4.407,7.840,1,1,1.0
349,60,667.924,440.276,4.991,6.216,1,1,1.0
349,61,680.937,125.103,3.874,5.490,1,1,1.0
349,62,633.951,312.319,5.292,7.218,1,1,1.0
349,63,632.850,442.481,5.395,4.506,1,1,1.0
349,66,624.068,439.919,4.155,5.003,1,1,1.0
349,6366,62.045,286.524,6.112,7.622,1,1,1.0
349,6367,31.101,438.340,4.812,6.233,1,1,1.0
349,6370,13.509,47.107,3.993,9.432,1,1,1.0
349,6372,43.971,437.197,5.081,6.705,1,1,1.0
349,6373,41.929,19.150,8.256,5.271,1,1,1.0
349,6388,297.010,29.414,3.523,9.107,1,1,1.0
349,6389,309.674,24.257,5.112,5.807,1,1,1.0
349,6390,290.824,360.257,4.101,8.611,1,1,1.0
349,6392,301.847,429.004,5.303,7.431,1,1,1.0
349,6393,255.847,220.019,3.892,9.205,1,1,1.0
350,18,124.806,438.623,7.351,6.071,1,1,1.0
350,21,141.752,23.684,5.164,7.683,1,1,1.0
350,25,145.909,439.954,7.706,5.216,1,1,1.0
350,27,139.037,434.625,4.661,7.901,1,1,1.0
350,29,184.553,439.519,4.488,4.807,1,1,1.0
350,41,380.930,117.553,3.841,9.262,1,1,1.0
350,42,429.427,440.274,5.740,4.911,1,1,1.0
350,43,370.144,292.580,4.224,7.308,1,1,1.0
350,45,540.190,33.899,4.338,8.043,1,1,1.0
350,47,500.431,442.209,4.768,4.645,1,1,1.0
350,49,556.596,15.105,3.785,7.146,1,1,1.0
350,50,557.121,142.689,4.215,5.926,1,1,1.0
350,54,553.446,318.778,4.640,8.032,1,1,1.0
350,55,557.859,427.296,3.844,8.849,1,1,1.0
350,57,666.856,440.864,4.391,7.210,1,1,1.0
350,60,668.752,439.138,4.991,6.216,1,1,1.0
350,61,680.200,124.589,4.139,5.535,1,1,1.0
350,62,632.954,311.558,5.323,6.581,1,1,1.0
350,63,633.411,442.251,5.381,4.669,1,1,1.0
350,66,624.043,439.887,4.202,5.006,1,1,1.0
350,6366,63.059,285.485,5.810,7.219,1,1,1.0
350,6367,26.387,437.254,4.642,6.794,1,1,1.0
350,6370,13.662,44.080,4.072,9.877,1,1,1.0
350,6372,44.370,436.971,5.014,6.861,1,1,1.0
350,6373,44.101,18.848,8.268,5.064,1,1,1.0
350,6388,297.103,27.983,3.419,8.835,1,1,1.0
350,6389,309.697,25.831,4.886,5.307,1,1,1.0
350,6390,290.804,360.324,4.199,8.597,1,1,1.0
350,6392,302.322,430.346,5.179,7.306,1,1,1.0
350,6393,255.817,217.057,3.983,9.570,1,1,1.0
351,18,124.721,438.614,7.560,6.067,1,1,1.0
351,21,141.302,23.819,5.451,7.180,1,1,1.0
351,25,145.074,440.154,8.157,5.088,1,1,1.0
351,27,139.125,433.334,4.467,8.859,1,1,1.0
351,29,184.317,439.497,4.720,4.608,1,1,1.0
351,41,380.931,114.730,4.037,9.893,1,1,1.0
351,42,429.309,440.240,5.995,4.822,1,1,1.0
351,43,370.268,291.167,4.194,7.899,1,1,1.0
351,45,540.343,31.578,4.356,8.489,1,1,1.0
351,47,501.270,442.620,4.675,4.634,1,1,1.0
351,49,556.630,13.778,4.094,7.407,1,1,1.0
351,50,558.215,141.577,3.767,5.902,1,1,1.0
351,54,553.558,318.692,4.458,8.273,1,1,1.0
351,55,557.752,427.359,3.934,9.359,1,1,1.0
351,57,666.361,441.043,4.758,7.042,1,1,1.0
351,60,668.958,439.035,4.991,6.216,1,1,1.0
351,61,679.741,124.115,4.359,5.366,1,1,1.0
351,62,631.871,310.093,5.511,6.447,1,1,1.0
351,63,634.321,442.177,6.299,4.466,1,1,1.0
351,66,623.865,439.930,4.392,4.922,1,1,1.0
351,6366,63.746,284.683,5.822,6.684,1,1,1.0
351,6367,23.862,435.957,6.110,6.245,1,1,1.0
351,6370,13.848,41.337,4.101,9.675,1,1,1.0
351,6372,44.406,437.074,5.154,6.727,1,1,1.0
351,6373,46.038,18.999,7.984,4.876,1,1,1.0
351,6388,297.015,26.730,3.599,8.893,1,1,1.0
351,6389,309.122,26.741,4.591,5.683,1,1,1.0
351,6390,290.805,360.407,4.087,8.504,1,1,1.0
351,6392,302.694,431.709,5.010,7.430,1,1,1.0
351,6393,256.346,215.258,3.995,9.158,1,1,1.0
352,18,124.880,438.700,7.357,5.779,1,1,1.0
352,21,140.671,23.985,5.783,6.294,1,1,1.0
352,25,144.733,440.186,7.668,5.218,1,1,1.0
352,27,139.199,432.748,4.234,8.817,1,1,1.0
352,29,184.173,439.170,4.641,4.709,1,1,1.0
352,41,380.885,112.636,4.063,9.289,1,1,1.0
352,42,428.930,440.225,6.724,4.661,1,1,1.0
352,43,370.501,289.493,4.218,8.040,1,1,1.0
352,45,541.073,29.501,4.130,8.716,1,1,1.0
352,47,501.258,442.568,4.721,4.650,1,1,1.0
352,49,556.736,14.432,3.961,7.134,1,1,1.0
352,50,558.633,140.234,3.550,5.859,1,1,1.0
352,54,553.378,318.686,4.657,8.190,1,1,1.0
352,55,557.785,427.389,3.895,9.286,1,1,1.0
352,57,665.800,441.100,4.778,6.997,1,1,1.0
352,60,667.924,440.379,4.991,6.216,1,1,1.0
352,61,679.373,123.212,4.628,5.353,1,1,1.0
352,62,630.929,308.704,5.408,6.454,1,1,1.0
352,63,635.222,442.034,5.697,4.473,1,1,1.0
352,66,623.931,439.781,5.031,5.051,1,1,1.0
352,6366,64.522,283.844,5.600,6.496,1,1,1.0
352,6367,14.688,440.909,7.368,3.802,1,1,1.0
352,6370,13.924,38.010,4.105,9.769,1,1,1.0
352,6372,44.606,437.409,5.001,6.588,1,1,1.0
352,6373,47.964,18.232,8.478,5.258,1,1,1.0
352,6388,297.254,25.739,3.801,8.375,1,1,1.0
352,6389,307.542,28.183,5.490,5.024,1,1,1.0
352,6390,290.759,360.372,4.129,8.502,1,1,1.0
352,6392,303.232,433.124,5.051,7.676,1,1,1.0
352,6393,257.243,213.988,3.838,8.821,1,1,1.0
353,18,125.090,438.889,6.851,5.760,1,1,1.0
353,21,139.521,24.051,6.057,5.837,1,1,1.0
353,25,144.898,440.355,6.971,5.057,1,1,1.0
353,27,139.122,431.862,3.988,9.073,1,1,1.0
353,29,183.453,439.089,5.141,4.620,1,1,1.0
353,41,380.909,109.980,3.776,9.532,1,1,1.0
353,42,428.708,440.190,7.109,4.552,1,1,1.0
353,43,370.533,287.991,4.213,8.097,1,1,1.0
353,45,541.285,27.924,4.154,8.308,1,1,1.0
353,47,500.991,441.765,5.317,5.365,1,1,1.0
353,49,556.837,15.510,3.972,5.616,1,1,1.0
353,50,558.560,139.771,3.940,5.509,1,1,1.0
353,54,553.433,318.698,4.647,8.111,1,1,1.0
353,55,557.824,427.331,3.825,8.906,1,1,1.0
353,57,665.820,441.060,4.794,7.038,1,1,1.0
353,60,668.441,439.552,4.991,6.216,1,1,1.0
353,61,678.974,122.563,4.654,5.139,1,1,1.0
353,62,629.991,307.713,5.528,6.461,1,1,1.0
353,63,635.808,441.905,5.470,4.521,1,1,1.0
353,66,624.195,439.514,5.721,5.232,1,1,1.0
353,6366,64.637,283.290,5.472,6.478,1,1,1.0
353,6367,13.405,440.128,7.011,4.521,1,1,1.0
353,6370,13.977,35.581,4.119,9.281,1,1,1.0
353,6372,43.879,437.612,5.222,6.363,1,1,1.0
353,6373,50.245,17.649,8.672,5.479,1,1,1.0
353,6388,297.889,23.788,4.038,8.444,1,1,1.0
353,6389,306.202,29.095,5.266,4.996,1,1,1.0
353,6390,290.846,360.451,4.029,8.517,1,1,1.0
353,6392,304.041,434.831,5.019,7.307,1,1,1.0
353,6393,257.441,212.074,3.784,9.115,1,1,1.0
354,18,125.103,438.948,6.737,5.796,1,1,1.0
354,21,138.777,23.864,5.914,5.805,1,1,1.0
354,25,145.010,440.207,6.322,5.333,1,1,1.0
354,27,139.219,431.132,3.933,9.061,1,1,1.0
354,29,183.512,439.073,5.094,4.688,1,1,1.0
354,41,380.244,107.804,4.268,9.406,1,1,1.0
354,42,428.397,440.194,7.697,4.530,1,1,1.0
354,43,370.554,286.363,4.291,8.021,1,1,1.0
354,45,541.889,25.526,3.924,8.403,1,1,1.0
354,47,501.788,440.241,5.236,6.840,1,1,1.0
354,49,557.195,15.950,4.003,5.584,1,1,1.0
354,50,558.509,139.290,3.956,5.533,1,1,1.0
354,54,553.505,318.793,4.577,8.096,1,1,1.0
354,55,557.924,427.399,3.794,8.855,1,1,1.0
354,57,665.937,441.123,4.658,7.026,1,1,1.0
354,60,667.717,439.345,4.991,6.216,1,1,1.0
354,61,678.325,122.192,5.083,5.001,1,1,1.0
354,62,629.207,306.088,5.793,6.787,1,1,1.0
354,63,636.342,442.010,5.011,4.389,1,1,1.0
354,66,626.283,439.925,5.981,4.337,1,1,1.0
354,6366,63.051,279.578,4.247,7.447,1,1,1.0
354,6367,10.743,440.682,5.085,4.511,1,1,1.0
354,6370,13.778,32.631,4.059,9.333,1,1,1.0
354,6372,43.886,437.481,5.226,6.564,1,1,1.0
354,6373,51.956,17.627,8.176,5.284,1,1,1.0
354,6388,297.836,21.889,4.175,8.811,1,1,1.0
354,6389,304.991,29.658,5.790,4.821,1,1,1.0
354,6390,290.880,360.469,4.013,8.504,1,1,1.0
354,6392,304.568,435.760,5.068,7.715,1,1,1.0
354,6393,257.754,209.933,3.607,8.736,1,1,1.0
355,18,125.070,438.993,7.110,5.818,1,1,1.0
355,21,138.016,23.151,6.086,5.774,1,1,1.0
355,25,145.505,439.535,5.659,5.997,1,1,1.0
355,27,138.562,433.255,4.129,8.618,1,1,1.0
355,29,183.594,439.071,5.058,4.604,1,1,1.0
355,41,380.224,105.712,4.318,8.824,1,1,1.0
355,42,430.034,440.116,7.264,4.318,1,1,1.0
355,43,370.508,284.898,4.355,8.160,1,1,1.0
355,45,542.436,23.422,3.969,8.345,1,1,1.0
355,47,501.354,439.611,4.384,7.194,1,1,1.0
355,49,557.399,15.863,4.028,5.732,1,1,1.0
355,50,558.621,139.227,3.949,5.398,1,1,1.0
355,54,553.505,318.768,4.603,8.082,1,1,1.0
355,55,557.853,427.373,3.848,8.943,1,1,1.0
355,57,664.251,441.604,5.351,5.717,1,1,1.0
355,60,667.614,440.276,4.991,6.216,1,1,1.0
355,61,677.603,120.954,5.020,5.390,1,1,1.0
355,62,628.572,304.605,5.642,6.828,1,1,1.0
355,63,635.651,442.040,5.948,4.214,1,1,1.0
355,66,627.923,440.043,6.494,4.463,1,1,1.0
355,6366,43.109,259.679,4.191,8.654,1,1,1.0
355,6367,10.353,440.112,6.276,5.491,1,1,1.0
355,6370,13.610,29.594,4.161,9.834,1,1,1.0
355,6372,42.306,437.895,6.052,6.210,1,1,1.0
355,6373,53.102,19.112,7.424,4.163,1,1,1.0
355,6388,298.458,20.793,4.374,8.724,1,1,1.0
355,6389,303.928,30.036,6.032,4.908,1,1,1.0
355,6390,290.876,360.442,4.058,8.595,1,1,1.0
355,6392,305.491,436.375,4.943,8.293,1,1,1.0
355,6393,258.083,207.554,3.507,8.815,1,1,1.0
356,18,125.015,438.781,7.071,6.065,1,1,1.0
356,21,137.069,22.571,6.099,5.240,1,1,1.0
356,25,145.294,439.393,5.703,6.214,1,1,1.0
356,27,138.618,433.251,4.134,8.441,1,1,1.0
356,29,183.540,439.050,5.113,4.694,1,1,1.0
356,41,380.844,102.447,3.776,9.854,1,1,1.0
356,42,431.076,440.232,7.193,4.137,1,1,1.0
356,43,370.402,283.113,4.339,8.372,1,1,1.0
356,45,542.339,20.766,3.971,8.390,1,1,1.0
356,47,499.073,439.031,5.020,8.286,1,1,1.0
356,49,557.554,15.787,3.939,5.778,1,1,1.0
356,50,558.786,139.208,3.876,5.267,1,1,1.0
356,54,553.471,318.770,4.597,8.100,1,1,1.0
356,55,557.811,427.382,3.918,8.973,1,1,1.0
356,57,661.810,443.257,5.461,4.071,1,1,1.0
356,60,672.615,406.106,3.446,8.013,1,1,1.0
356,61,677.143,120.488,5.353,5.559,1,1,1.0
356,62,627.821,303.669,5.588,7.095,1,1,1.0
356,63,635.496,442.046,5.736,4.246,1,1,1.0
356,66,628.796,439.805,6.718,4.564,1,1,1.0
356,6366,41.549,437.911,5.962,5.967,1,1,1.0
356,6367,9.729,439.497,5.000,6.000,1,1,1.0
356,6370,9.226,439.976,6.110,6.605,1,1,1.0
356,6372,13.665,27.540,4.057,10.004,1,1,1.0
356,6373,48.693,231.277,4.004,8.549,1,1,1.0
356,6388,290.805,360.486,4.079,8.724,1,1,1.0
356,6389,298.818,21.823,4.689,7.628,1,1,1.0
356,6390,258.189,205.635,3.748,8.741,1,1,1.0
356,6392,302.645,30.219,5.897,4.601,1,1,1.0
357,18,125.159,438.872,7.546,5.822,1,1,1.0
357,21,135.967,22.301,6.136,5.333,1,1,1.0
357,25,145.096,439.341,5.865,6.571,1,1,1.0
357,27,138.260,433.039,4.199,8.463,1,1,1.0
357,29,183.494,439.062,5.191,4.704,1,1,1.0
357,41,380.071,101.778,4.246,7.539,1,1,1.0
357,42,431.530,440.347,7.510,4.307,1,1,1.0
357,43,370.290,281.489,4.584,7.811,1,1,1.0
357,45,543.548,17.846,3.004,8.537,1,1,1.0
357,47,500.907,437.149,4.126,9.014,1,1,1.0
357,49,557.665,15.809,3.896,5.757,1,1,1.0
357,50,557.847,139.313,4.564,4.906,1,1,1.0
357,54,553.397,318.787,4.666,8.057,1,1,1.0
357,55,557.818,427.371,3.932,8.932,1,1,1.0
357,57,659.236,442.780,6.242,4.208,1,1,1.0
357,60,667.762,382.737,4.096,6.941,1,1,1.0
357,61,676.905,120.251,5.511,5.249,1,1,1.0
357,62,627.018,301.564,5.594,7.421,1,1,1.0
357,63,635.485,442.193,6.156,4.376,1,1,1.0
357,66,629.840,439.891,7.149,4.670,1,1,1.0
357,6366,59.469,202.027,4.091,8.222,1,1,1.0
357,6367,7.918,439.769,5.000,6.000,1,1,1.0
357,6370,13.723,26.127,4.019,9.249,1,1,1.0
357,6372,39.571,439.834,6.434,5.371,1,1,1.0
357,6373,56.820,21.439,6.806,4.391,1,1,1.0
357,6388,298.878,21.897,5.104,7.385,1,1,1.0
357,6389,301.084,30.153,6.043,4.361,1,1,1.0
357,6390,290.756,360.451,3.912,8.694,1,1,1.0
357,6392,305.763,436.642,5.511,6.413,1,1,1.0
357,6393,258.685,204.062,4.275,8.261,1,1,1.0
358,18,125.297,438.590,7.578,6.057,1,1,1.0
358,21,135.440,21.972,5.848,5.710,1,1,1.0
358,25,145.211,439.494,5.761,6.264,1,1,1.0
358,27,138.121,432.701,4.279,8.453,1,1,1.0
358,29,183.518,439.099,5.176,4.615,1,1,1.0
358,42,432.047,440.413,7.546,4.657,1,1,1.0
358,43,370.450,279.441,4.328,8.272,1,1,1.0
358,45,543.621,15.447,3.079,8.412,1,1,1.0
358,47,501.431,434.262,4.561,9.224,1,1,1.0
358,49,557.368,16.017,3.937,5.759,1,1,1.0
358,50,557.102,139.397,4.950,4.706,1,1,1.0
358,54,553.341,318.843,4.763,8.164,1,1,1.0
358,55,557.850,427.404,3.988,8.626,1,1,1.0
358,57,656.996,442.855,6.168,4.317,1,1,1.0
358,60,661.177,393.242,5.776,4.478,1,1,1.0
358,61,675.815,119.600,5.791,5.025,1,1,1.0
358,62,627.018,299.843,4.925,7.689,1,1,1.0
358,63,635.209,442.428,6.129,5.135,1,1,1.0
358,66,631.173,439.833,7.701,5.267,1,1,1.0
358,6366,64.488,178.732,6.421,7.233,1,1,1.0
358,6367,7.918,439.769,5.000,6.000,1,1,1.0
358,6370,13.472,24.368,4.071,9.363,1,1,1.0
358,6372,38.738,440.858,5.000,6.000,1,1,1.0
358,6373,57.747,22.210,7.215,4.306,1,1,1.0
358,6388,299.167,22.181,5.283,7.485,1,1,1.0
358,6389,299.952,30.150,6.148,4.267,1,1,1.0
358,6390,290.817,360.455,4.052,8.649,1,1,1.0
358,6392,306.006,436.704,5.481,5.920,1,1,1.0
358,6393,259.326,201.776,4.521,8.514,1,1,1.0
359,18,125.408,438.636,7.298,6.042,1,1,1.0
359,21,134.805,20.897,5.315,6.247,1,1,1.0
359,25,144.921,439.602,5.871,6.545,1,1,1.0
359,27,138.146,432.334,4.329,8.775,1,1,1.0
359,29,183.430,439.116,5.173,4.643,1,1,1.0
359,42,433.458,440.233,6.078,4.527,1,1,1.0
359,43,370.454,278.336,4.241,7.959,1,1,1.0
359,45,543.670,15.678,3.328,8.115,1,1,1.0
359,47,501.290,432.534,4.702,8.883,1,1,1.0
359,49,556.828,16.076,4.155,5.409,1,1,1.0
359,50,556.386,138.387,4.893,5.008,1,1,1.0
359,54,553.462,318.988,4.742,7.915,1,1,1.0
359,55,557.882,427.392,3.980,8.691,1,1,1.0
359,57,653.820,442.797,7.496,4.240,1,1,1.0
359,60,665.690,411.042,6.456,7.889,1,1,1.0
359,61,675.413,119.332,5.662,4.976,1,1,1.0
359,62,626.621,298.497,4.859,7.567,1,1,1.0
359,63,634.879,441.065,4.991,6.216,1,1,1.0
359,66,632.209,439.816,7.400,5.878,1,1,1.0
359,6366,68.582,171.069,4.768,6.324,1,1,1.0
359,6367,7.918,439.769,5.000,6.000,1,1,1.0
359,6370,13.345,23.461,4.313,9.535,1,1,1.0
359,6372,39.671,440.393,4.258,6.682,1,1,1.0
359,6373,58.720,22.751,7.553,4.635,1,1,1.0
359,6388,298.961,21.992,5.801,7.599,1,1,1.0
359,6389,298.858,29.286,6.368,4.870,1,1,1.0
359,6390,290.892,360.641,4.060,8.553,1,1,1.0
359,6392,306.640,436.713,5.473,5.024,1,1,1.0
359,6393,260.960,200.124,4.270,8.404,1,1,1.0
360,18,125.494,438.786,7.260,5.444,1,1,1.0
360,21,134.193,21.439,5.723,5.511,1,1,1.0
360,25,144.955,439.541,5.564,6.249,1,1,1.0
360,27,138.300,431.986,4.235,8.579,1,1,1.0
360,29,183.418,439.134,5.190,4.612,1,1,1.0
360,42,433.450,440.252,6.005,4.516,1,1,1.0
360,43,370.599,276.556,4.198,7.702,1,1,1.0
360,45,542.995,15.257,4.143,7.232,1,1,1.0
360,47,501.550,430.088,4.514,9.180,1,1,1.0
360,49,556.058,15.827,4.666,5.532,1,1,1.0
360,50,555.889,136.947,4.904,5.801,1,1,1.0
360,54,553.568,318.979,4.590,7.828,1,1,1.0
360,55,558.037,427.311,3.827,8.723,1,1,1.0
360,57,652.984,443.162,7.343,3.883,1,1,1.0
360,60,661.360,436.677,4.435,6.278,1,1,1.0
360,61,674.770,119.308,5.793,4.726,1,1,1.0
360,62,626.512,297.017,4.807,7.466,1,1,1.0
360,63,633.624,441.605,4.991,6.216,1,1,1.0
360,66,633.144,439.815,5.712,6.262,1,1,1.0
360,6366,68.531,170.783,4.596,5.906,1,1,1.0
360,6367,7.918,438.410,5.000,6.000,1,1,1.0
360,6370,13.427,23.421,4.342,8.574,1,1,1.0
360,6372,39.887,439.713,4.373,7.456,1,1,1.0
360,6373,60.493,23.091,7.118,4.653,1,1,1.0
360,6388,298.706,22.340,5.801,7.779,1,1,1.0
360,6389,297.853,28.911,6.345,5.516,1,1,1.0
360,6390,290.931,360.774,4.019,8.571,1,1,1.0
360,6392,307.286,436.811,5.520,4.812,1,1,1.0
360,6393,262.181,197.977,4.714,8.111,1,1,1.0
361,18,125.778,438.526,7.618,5.363,1,1,1.0
361,20,144.349,426.849,4.933,9.103,1,1,1.0
361,21,133.439,21.712,5.356,4.611,1,1,1.0
361,25,143.957,439.476,5.676,6.469,1,1,1.0
361,27,137.810,433.489,4.451,7.571,1,1,1.0
361,29,183.060,439.153,5.160,4.560,1,1,1.0
361,42,433.823,440.142,5.180,4.676,1,1,1.0
361,43,370.715,274.855,4.094,8.137,1,1,1.0
361,45,542.518,13.922,4.229,6.896,1,1,1.0
361,47,502.189,427.686,4.367,9.175,1,1,1.0
361,49,554.916,14.855,5.193,5.313,1,1,1.0
361,50,554.522,134.967,5.646,6.409,1,1,1.0
361,54,553.511,318.891,4.620,7.801,1,1,1.0
361,55,557.836,427.457,3.999,8.745,1,1,1.0
361,57,652.524,442.382,9.865,4.915,1,1,1.0
361,60,657.480,441.413,4.991,6.216,1,1,1.0
361,61,674.698,119.178,5.664,4.720,1,1,1.0
361,62,626.095,294.879,4.565,8.233,1,1,1.0
361,63,632.672,440.721,4.991,6.216,1,1,1.0
361,66,632.731,439.886,6.462,6.787,1,1,1.0
361,6366,68.235,170.739,4.581,6.046,1,1,1.0
361,6367,8.370,438.410,5.000,6.000,1,1,1.0
361,6370,13.473,23.398,4.244,8.145,1,1,1.0
361,6372,39.416,439.439,4.659,7.773,1,1,1.0
361,6373,61.289,22.921,7.253,4.424,1,1,1.0
361,6388,298.803,22.428,5.589,7.415,1,1,1.0
361,6389,296.897,29.967,6.259,4.947,1,1,1.0
361,6390,291.010,360.855,3.862,8.622,1,1,1.0
361,6392,307.999,436.693,5.458,4.555,1,1,1.0
361,6393,263.054,196.188,4.941,7.622,1,1,1.0
362,18,125.443,438.926,7.553,5.139,1,1,1.0
362,21,132.501,22.076,5.763,4.419,1,1,1.0
362,25,145.892,439.312,6.671,6.534,1,1,1.0
362,27,138.270,431.686,4.493,8.917,1,1,1.0
362,29,182.722,439.045,5.384,4.553,1,1,1.0
362,42,433.838,440.120,5.145,4.653,1,1,1.0
362,43,370.744,272.545,4.232,8.387,1,1,1.0
362,45,542.358,13.278,4.292,5.740,1,1,1.0
362,47,502.279,425.358,4.213,9.078,1,1,1.0
362,49,553.715,14.346,5.570,4.982,1,1,1.0
362,50,553.968,132.591,4.718,6.889,1,1,1.0
362,54,553.548,318.895,4.629,7.818,1,1,1.0
362,55,557.849,427.435,4.058,8.835,1,1,1.0
362,57,648.954,442.998,8.949,4.926,1,1,1.0
362,60,656.720,442.257,6.393,4.816,1,1,1.0
362,61,674.596,119.071,5.725,4.671,1,1,1.0
362,62,625.789,294.528,4.448,7.997,1,1,1.0
362,63,631.516,441.605,4.991,6.216,1,1,1.0
362,66,631.813,439.621,7.804,6.773,1,1,1.0
362,6366,68.232,170.621,4.565,6.039,1,1,1.0
362,6367,8.370,438.410,5.000,6.000,1,1,1.0
362,6370,13.410,23.383,4.200,7.798,1,1,1.0
362,6372,39.034,439.444,5.009,7.653,1,1,1.0
362,6373,63.115,22.517,5.915,4.440,1,1,1.0
362,6388,298.924,22.579,5.226,6.947,1,1,1.0
362,6389,296.298,30.529,6.396,4.866,1,1,1.0
362,6390,290.988,360.850,3.879,8.645,1,1,1.0
362,6392,308.696,436.571,5.582,4.676,1,1,1.0
362,6393,264.253,194.575,4.640,7.873,1,1,1.0
363,18,125.594,438.830,7.501,5.305,1,1,1.0
363,21,132.031,22.174,5.749,4.439,1,1,1.0
363,25,146.448,437.148,7.358,6.354,1,1,1.0
363,27,138.414,431.692,4.525,8.972,1,1,1.0
363,29,182.495,438.938,5.459,4.623,1,1,1.0
363,42,433.911,440.207,5.195,4.502,1,1,1.0
363,43,370.732,270.556,4.332,7.899,1,1,1.0
363,45,542.338,13.030,4.777,5.299,1,1,1.0
363,47,502.367,422.473,4.276,9.733,1,1,1.0
363,49,552.847,14.318,6.042,4.732,1,1,1.0
363,50,553.075,130.375,4.736,6.864,1,1,1.0
363,54,553.563,318.874,4.609,7.772,1,1,1.0
363,55,557.878,427.393,3.996,8.903,1,1,1.0
363,57,648.263,443.211,7.884,4.523,1,1,1.0
363,60,657.034,442.333,5.785,4.572,1,1,1.0
363,61,673.883,118.239,5.776,5.283,1,1,1.0
363,62,625.677,293.292,4.311,7.987,1,1,1.0
363,63,630.362,442.135,6.154,5.128,1,1,1.0
363,66,633.126,439.631,7.104,5.129,1,1,1.0
363,6366,68.410,169.229,4.382,6.983,1,1,1.0
363,6367,8.370,438.410,5.000,6.000,1,1,1.0
363,6370,13.545,23.260,4.244,7.690,1,1,1.0
363,6372,39.122,439.469,4.958,7.596,1,1,1.0
363,6373,64.091,21.648,6.288,5.059,1,1,1.0
363,6388,285.464,21.031,7.318,5.296,1,1,1.0
363,6389,294.985,30.995,6.222,5.116,1,1,1.0
363,6390,290.981,360.832,3.886,8.665,1,1,1.0
363,6392,309.585,436.183,5.453,4.648,1,1,1.0
363,6393,265.597,192.445,5.135,8.308,1,1,1.0
