confidence,min_matching,brownian_pos_noise,lost_track_buffer,asso_func,vial_count_error,per_id_coverage_loss,short_track_count,per_frame_id_variance
0.1,0.01,1.0,30,diou,14.0,191.04651162790697,2,15.290391025063158
0.1,0.01,1.0,30,giou,9.0,199.6304347826087,3,15.266766369003554
0.1,0.01,1.0,60,diou,9.0,184.65853658536585,0,15.294882335665097
0.1,0.01,1.0,60,giou,7.0,194.0681818181818,2,15.272582770934948
0.1,0.01,1.0,90,diou,9.0,184.65853658536585,0,15.294882335665097
0.1,0.01,1.0,90,giou,7.0,194.0681818181818,2,15.272582770934948
0.1,0.01,1.0,120,diou,9.0,184.65853658536585,0,15.294882335665097
0.1,0.01,1.0,120,giou,7.0,194.0681818181818,2,15.272582770934948
0.1,0.01,1.0,180,diou,9.0,184.65853658536585,0,15.294882335665097
0.1,0.01,1.0,180,giou,7.0,194.0681818181818,2,15.272582770934948
0.1,0.01,1.0,240,diou,9.0,184.65853658536585,0,15.294882335665097
0.1,0.01,1.0,240,giou,7.0,194.0681818181818,2,15.272582770934948
0.1,0.01,3.0,30,diou,14.0,191.02325581395348,2,15.287676661675352
0.1,0.01,3.0,30,giou,9.0,199.58695652173913,3,15.264671207975564
0.1,0.01,3.0,60,diou,9.0,184.6341463414634,0,15.29216797227729
0.1,0.01,3.0,60,giou,7.0,194.02272727272725,2,15.27048760990696
0.1,0.01,3.0,90,diou,9.0,184.6341463414634,0,15.29216797227729
0.1,0.01,3.0,90,giou,7.0,194.0681818181818,2,15.274986937974841
0.1,0.01,3.0,120,diou,9.0,184.6341463414634,0,15.29216797227729
0.1,0.01,3.0,120,giou,7.0,194.0681818181818,2,15.274986937974841
0.1,0.01,3.0,180,diou,9.0,184.6341463414634,0,15.29216797227729
0.1,0.01,3.0,180,giou,7.0,194.0681818181818,2,15.274986937974841
0.1,0.01,3.0,240,diou,9.0,184.6341463414634,0,15.29216797227729
0.1,0.01,3.0,240,giou,7.0,194.0681818181818,2,15.274986937974841
0.1,0.01,5.0,30,diou,12.0,191.02325581395348,2,15.287676661675352
0.1,0.01,5.0,30,giou,9.0,199.58695652173913,3,15.264671207975564
0.1,0.01,5.0,60,diou,9.0,184.6341463414634,0,15.29216797227729
0.1,0.01,5.0,60,giou,7.0,194.02272727272725,2,15.27048760990696
0.1,0.01,5.0,90,diou,9.0,184.6341463414634,0,15.29216797227729
0.1,0.01,5.0,90,giou,7.0,194.0681818181818,2,15.274986937974841
0.1,0.01,5.0,120,diou,9.0,184.6341463414634,0,15.29216797227729
0.1,0.01,5.0,120,giou,7.0,194.0681818181818,2,15.274986937974841
0.1,0.01,5.0,180,diou,9.0,184.6341463414634,0,15.29216797227729
0.1,0.01,5.0,180,giou,7.0,194.0681818181818,2,15.274986937974841
0.1,0.01,5.0,240,diou,9.0,184.6341463414634,0,15.29216797227729
0.1,0.01,5.0,240,giou,7.0,194.0681818181818,2,15.274986937974841
0.1,0.01,10.0,30,diou,12.0,191.0,2,15.28829586403517
0.1,0.01,10.0,30,giou,9.0,199.58695652173913,3,15.264671207975564
0.1,0.01,10.0,60,diou,9.0,184.609756097561,0,15.292787174637109
0.1,0.01,10.0,60,giou,7.0,194.02272727272725,2,15.27048760990696
0.1,0.01,10.0,90,diou,9.0,184.609756097561,0,15.292787174637109
0.1,0.01,10.0,90,giou,7.0,194.0681818181818,2,15.274986937974841
0.1,0.01,10.0,120,diou,9.0,184.609756097561,0,15.292787174637109
0.1,0.01,10.0,120,giou,7.0,194.0681818181818,2,15.274986937974841
0.1,0.01,10.0,180,diou,9.0,184.609756097561,0,15.292787174637109
0.1,0.01,10.0,180,giou,7.0,194.0681818181818,2,15.274986937974841
0.1,0.01,10.0,240,diou,9.0,184.609756097561,0,15.292787174637109
0.1,0.01,10.0,240,giou,7.0,194.0681818181818,2,15.274986937974841
0.1,0.01,20.0,30,diou,12.0,191.0,2,15.28829586403517
0.1,0.01,20.0,30,giou,8.0,196.86666666666667,2,15.263247902179135
0.1,0.01,20.0,60,diou,9.0,184.609756097561,0,15.292787174637109
0.1,0.01,20.0,60,giou,7.0,194.02272727272725,2,15.27048760990696
0.1,0.01,20.0,90,diou,9.0,184.609756097561,0,15.292787174637109
0.1,0.01,20.0,90,giou,7.0,194.0681818181818,2,15.274986937974841
0.1,0.01,20.0,120,diou,9.0,184.609756097561,0,15.292787174637109
0.1,0.01,20.0,120,giou,7.0,194.0681818181818,2,15.274986937974841
0.1,0.01,20.0,180,diou,9.0,184.609756097561,0,15.292787174637109
0.1,0.01,20.0,180,giou,7.0,194.0681818181818,2,15.274986937974841
0.1,0.01,20.0,240,diou,9.0,184.609756097561,0,15.292787174637109
0.1,0.01,20.0,240,giou,7.0,194.0681818181818,2,15.274986937974841
0.1,0.05,1.0,30,diou,6.0,194.1590909090909,3,15.259638507663896
0.1,0.05,1.0,30,giou,11.0,207.26530612244898,5,15.243465408836789
0.1,0.05,1.0,60,diou,5.0,191.1627906976744,1,15.262494445933855
0.1,0.05,1.0,60,giou,8.0,202.40425531914894,3,15.242043434233947
0.1,0.05,1.0,90,diou,5.0,191.1627906976744,1,15.262494445933855
0.1,0.05,1.0,90,giou,8.0,202.40425531914894,3,15.242043434233947
0.1,0.05,1.0,120,diou,5.0,191.1627906976744,1,15.262494445933855
0.1,0.05,1.0,120,giou,8.0,202.40425531914894,3,15.242043434233947
0.1,0.05,1.0,180,diou,5.0,191.1627906976744,1,15.262494445933855
0.1,0.05,1.0,180,giou,8.0,202.44680851063828,3,15.24651195641539
0.1,0.05,1.0,240,diou,5.0,191.1627906976744,1,15.262494445933855
0.1,0.05,1.0,240,giou,8.0,202.44680851063828,3,15.24651195641539
0.1,0.05,3.0,30,diou,6.0,194.11363636363637,2,15.257543346635906
0.1,0.05,3.0,30,giou,11.0,207.22448979591837,5,15.241392012114192
0.1,0.05,3.0,60,diou,5.0,191.11627906976744,1,15.260399284905866
0.1,0.05,3.0,60,giou,8.0,202.36170212765956,3,15.23997003751135
0.1,0.05,3.0,90,diou,5.0,191.11627906976744,1,15.260399284905866
0.1,0.05,3.0,90,giou,8.0,202.40425531914894,3,15.244457168052946
0.1,0.05,3.0,120,diou,5.0,191.11627906976744,1,15.260399284905866
0.1,0.05,3.0,120,giou,8.0,202.40425531914894,3,15.244457168052946
0.1,0.05,3.0,180,diou,5.0,191.11627906976744,1,15.260399284905866
0.1,0.05,3.0,180,giou,8.0,202.4255319148936,3,15.246692189193798
0.1,0.05,3.0,240,diou,5.0,191.11627906976744,1,15.260399284905866
0.1,0.05,3.0,240,giou,8.0,202.4255319148936,3,15.246692189193798
0.1,0.05,5.0,30,diou,6.0,194.11363636363637,2,15.257543346635906
0.1,0.05,5.0,30,giou,11.0,207.22448979591837,5,15.241392012114192
0.1,0.05,5.0,60,diou,5.0,191.11627906976744,1,15.260399284905866
0.1,0.05,5.0,60,giou,8.0,202.36170212765956,3,15.23997003751135
0.1,0.05,5.0,90,diou,5.0,191.11627906976744,1,15.260399284905866
0.1,0.05,5.0,90,giou,8.0,202.40425531914894,3,15.244457168052946
0.1,0.05,5.0,120,diou,5.0,191.11627906976744,1,15.260399284905866
0.1,0.05,5.0,120,giou,8.0,202.40425531914894,3,15.244457168052946
0.1,0.05,5.0,180,diou,5.0,191.11627906976744,1,15.260399284905866
0.1,0.05,5.0,180,giou,8.0,202.4255319148936,3,15.246692189193798
0.1,0.05,5.0,240,diou,5.0,191.11627906976744,1,15.260399284905866
0.1,0.05,5.0,240,giou,8.0,202.4255319148936,3,15.246692189193798
0.1,0.05,10.0,30,diou,5.0,191.13953488372093,1,15.256121372033064
0.1,0.05,10.0,30,giou,10.0,204.83333333333331,4,15.23997003751135
0.1,0.05,10.0,60,diou,5.0,191.11627906976744,1,15.260399284905866
0.1,0.05,10.0,60,giou,8.0,202.36170212765956,3,15.23997003751135
0.1,0.05,10.0,90,diou,5.0,191.11627906976744,1,15.260399284905866
0.1,0.05,10.0,90,giou,8.0,202.40425531914894,3,15.244457168052946
0.1,0.05,10.0,120,diou,5.0,191.11627906976744,1,15.260399284905866
0.1,0.05,10.0,120,giou,8.0,202.40425531914894,3,15.244457168052946
0.1,0.05,10.0,180,diou,5.0,191.11627906976744,1,15.260399284905866
0.1,0.05,10.0,180,giou,8.0,202.4255319148936,3,15.246692189193798
0.1,0.05,10.0,240,diou,5.0,191.11627906976744,1,15.260399284905866
0.1,0.05,10.0,240,giou,8.0,202.4255319148936,3,15.246692189193798
0.1,0.05,20.0,30,diou,5.0,191.13953488372093,1,15.256121372033064
0.1,0.05,20.0,30,giou,11.0,207.26530612244898,5,15.224905891315746
0.1,0.05,20.0,60,diou,5.0,191.11627906976744,1,15.260399284905866
0.1,0.05,20.0,60,giou,9.0,204.89583333333331,4,15.224905891315746
0.1,0.05,20.0,90,diou,5.0,191.11627906976744,1,15.260399284905866
0.1,0.05,20.0,90,giou,9.0,204.9375,4,15.229396587610626
0.1,0.05,20.0,120,diou,5.0,191.11627906976744,1,15.260399284905866
0.1,0.05,20.0,120,giou,9.0,204.9375,4,15.229396587610626
0.1,0.05,20.0,180,diou,5.0,191.11627906976744,1,15.260399284905866
0.1,0.05,20.0,180,giou,9.0,204.95833333333331,4,15.23163333705725
0.1,0.05,20.0,240,diou,5.0,191.11627906976744,1,15.260399284905866
0.1,0.05,20.0,240,giou,9.0,204.95833333333331,4,15.23163333705725
0.1,0.1,1.0,30,diou,5.0,197.11111111111111,4,15.246623780101295
0.1,0.1,1.0,30,giou,14.0,218.51851851851853,6,15.146614337845072
0.1,0.1,1.0,60,diou,4.0,194.25,2,15.249479718371255
0.1,0.1,1.0,60,giou,12.0,214.51923076923077,4,15.147510491781533
0.1,0.1,1.0,90,diou,4.0,194.25,2,15.249479718371255
0.1,0.1,1.0,90,giou,12.0,214.51923076923077,4,15.147510491781533
0.1,0.1,1.0,120,diou,4.0,194.25,2,15.249479718371255
0.1,0.1,1.0,120,giou,12.0,214.51923076923077,4,15.147510491781533
0.1,0.1,1.0,180,diou,4.0,194.25,2,15.249479718371255
0.1,0.1,1.0,180,giou,13.0,216.60377358490567,5,15.156407582054252
0.1,0.1,1.0,240,diou,4.0,194.25,2,15.249479718371255
0.1,0.1,1.0,240,giou,13.0,216.60377358490567,5,15.156407582054252
0.1,0.1,3.0,30,diou,5.0,197.06666666666666,3,15.244535988641868
0.1,0.1,3.0,30,giou,14.0,218.51851851851853,7,15.145489177763741
0.1,0.1,3.0,60,diou,4.0,194.20454545454544,2,15.247391926911828
0.1,0.1,3.0,60,giou,12.0,214.48076923076923,4,15.145490352315162
0.1,0.1,3.0,90,diou,4.0,194.20454545454544,2,15.247391926911828
0.1,0.1,3.0,90,giou,12.0,214.51923076923077,4,15.149969290473384
0.1,0.1,3.0,120,diou,4.0,194.20454545454544,2,15.247391926911828
0.1,0.1,3.0,120,giou,12.0,214.51923076923077,4,15.149969290473384
0.1,0.1,3.0,180,diou,4.0,194.20454545454544,2,15.247391926911828
0.1,0.1,3.0,180,giou,13.0,216.56603773584905,5,15.154425068808955
0.1,0.1,3.0,240,diou,4.0,194.20454545454544,2,15.247391926911828
0.1,0.1,3.0,240,giou,13.0,216.56603773584905,5,15.154425068808955
0.1,0.1,5.0,30,diou,5.0,197.06666666666666,3,15.244535988641868
0.1,0.1,5.0,30,giou,14.0,218.51851851851853,6,15.134284476981573
0.1,0.1,5.0,60,diou,4.0,194.20454545454544,2,15.247391926911828
0.1,0.1,5.0,60,giou,12.0,214.51923076923077,4,15.135180630918036
0.1,0.1,5.0,90,diou,4.0,194.20454545454544,2,15.247391926911828
0.1,0.1,5.0,90,giou,12.0,214.55769230769232,4,15.139662425897956
0.1,0.1,5.0,120,diou,4.0,194.20454545454544,2,15.247391926911828
0.1,0.1,5.0,120,giou,12.0,214.55769230769232,4,15.139662425897956
0.1,0.1,5.0,180,diou,4.0,194.20454545454544,2,15.247391926911828
0.1,0.1,5.0,180,giou,13.0,216.60377358490567,5,15.144120956912614
0.1,0.1,5.0,240,diou,4.0,194.20454545454544,2,15.247391926911828
0.1,0.1,5.0,240,giou,13.0,216.60377358490567,5,15.144120956912614
0.1,0.1,10.0,30,diou,5.0,197.06666666666666,3,15.244535988641868
0.1,0.1,10.0,30,giou,14.0,218.51851851851853,6,15.134284476981573
0.1,0.1,10.0,60,diou,4.0,194.20454545454544,2,15.247391926911828
0.1,0.1,10.0,60,giou,12.0,214.51923076923077,4,15.135180630918036
0.1,0.1,10.0,90,diou,4.0,194.20454545454544,2,15.247391926911828
0.1,0.1,10.0,90,giou,12.0,214.55769230769232,4,15.139662425897956
0.1,0.1,10.0,120,diou,4.0,194.20454545454544,2,15.247391926911828
0.1,0.1,10.0,120,giou,12.0,214.55769230769232,4,15.139662425897956
0.1,0.1,10.0,180,diou,4.0,194.20454545454544,2,15.247391926911828
0.1,0.1,10.0,180,giou,13.0,216.60377358490567,5,15.144120956912614
0.1,0.1,10.0,240,diou,4.0,194.20454545454544,2,15.247391926911828
0.1,0.1,10.0,240,giou,13.0,216.60377358490567,5,15.144120956912614
0.1,0.1,20.0,30,diou,5.0,197.06666666666666,3,15.244535988641868
0.1,0.1,20.0,30,giou,14.0,218.51851851851853,6,15.134284476981573
0.1,0.1,20.0,60,diou,4.0,194.20454545454544,2,15.247391926911828
0.1,0.1,20.0,60,giou,12.0,214.51923076923077,4,15.135180630918036
0.1,0.1,20.0,90,diou,4.0,194.20454545454544,2,15.247391926911828
0.1,0.1,20.0,90,giou,12.0,214.55769230769232,4,15.139662425897956
0.1,0.1,20.0,120,diou,4.0,194.20454545454544,2,15.247391926911828
0.1,0.1,20.0,120,giou,12.0,214.55769230769232,4,15.139662425897956
0.1,0.1,20.0,180,diou,4.0,194.20454545454544,2,15.247391926911828
0.1,0.1,20.0,180,giou,13.0,216.60377358490567,5,15.144120956912614
0.1,0.1,20.0,240,diou,4.0,194.20454545454544,2,15.247391926911828
0.1,0.1,20.0,240,giou,13.0,216.60377358490567,5,15.144120956912614
0.1,0.2,1.0,30,diou,11.0,212.11764705882354,6,15.195151560112112
0.1,0.2,1.0,30,giou,21.0,233.92063492063494,12,15.077920475582339
0.1,0.2,1.0,60,diou,9.0,207.6326530612245,3,15.191057704510776
0.1,0.2,1.0,60,giou,19.0,231.11475409836066,8,15.061199838603878
0.1,0.2,1.0,90,diou,9.0,207.6122448979592,3,15.193060385998914
0.1,0.2,1.0,90,giou,19.0,231.11475409836066,8,15.061199838603878
0.1,0.2,1.0,120,diou,9.0,207.6122448979592,3,15.193060385998914
0.1,0.2,1.0,120,giou,19.0,231.11475409836066,8,15.061199838603878
0.1,0.2,1.0,180,diou,9.0,207.6530612244898,3,15.197511911849547
0.1,0.2,1.0,180,giou,19.0,231.08196721311475,8,15.056803738285556
0.1,0.2,1.0,240,diou,9.0,207.6530612244898,3,15.197511911849547
0.1,0.2,1.0,240,giou,19.0,231.08196721311475,8,15.056803738285556
0.1,0.2,3.0,30,diou,11.0,212.078431372549,5,15.193114546286257
0.1,0.2,3.0,30,giou,21.0,233.88888888888889,12,15.076001244258881
0.1,0.2,3.0,60,diou,9.0,207.59183673469386,3,15.189020690684918
0.1,0.2,3.0,60,giou,19.0,231.04918032786884,9,15.06121108951515
0.1,0.2,3.0,90,diou,9.0,207.57142857142856,3,15.191023372173056
0.1,0.2,3.0,90,giou,19.0,231.04918032786884,9,15.06121108951515
0.1,0.2,3.0,120,diou,9.0,207.57142857142856,3,15.191023372173056
0.1,0.2,3.0,120,giou,19.0,231.04918032786884,9,15.06121108951515
0.1,0.2,3.0,180,diou,9.0,207.6122448979592,3,15.19549357952936
0.1,0.2,3.0,180,giou,19.0,231.01639344262296,9,15.056781564319746
0.1,0.2,3.0,240,diou,9.0,207.6122448979592,3,15.19549357952936
0.1,0.2,3.0,240,giou,19.0,231.01639344262296,9,15.056781564319746
0.1,0.2,5.0,30,diou,11.0,212.078431372549,5,15.193114546286257
0.1,0.2,5.0,30,giou,21.0,233.88888888888889,12,15.076001244258881
0.1,0.2,5.0,60,diou,9.0,207.59183673469386,3,15.189020690684918
0.1,0.2,5.0,60,giou,19.0,231.04918032786884,9,15.06121108951515
0.1,0.2,5.0,90,diou,9.0,207.57142857142856,3,15.191023372173056
0.1,0.2,5.0,90,giou,19.0,231.04918032786884,9,15.06121108951515
0.1,0.2,5.0,120,diou,9.0,207.57142857142856,3,15.191023372173056
0.1,0.2,5.0,120,giou,19.0,231.04918032786884,9,15.06121108951515
0.1,0.2,5.0,180,diou,9.0,207.6122448979592,3,15.19549357952936
0.1,0.2,5.0,180,giou,19.0,231.01639344262296,9,15.056781564319746
0.1,0.2,5.0,240,diou,9.0,207.6122448979592,3,15.19549357952936
0.1,0.2,5.0,240,giou,19.0,231.01639344262296,9,15.056781564319746
0.1,0.2,10.0,30,diou,11.0,212.078431372549,5,15.193114546286257
0.1,0.2,10.0,30,giou,21.0,233.88888888888889,12,15.076001244258881
0.1,0.2,10.0,60,diou,9.0,207.59183673469386,3,15.189020690684918
0.1,0.2,10.0,60,giou,19.0,231.04918032786884,9,15.06121108951515
0.1,0.2,10.0,90,diou,9.0,207.57142857142856,3,15.191023372173056
0.1,0.2,10.0,90,giou,19.0,231.04918032786884,9,15.06121108951515
0.1,0.2,10.0,120,diou,9.0,207.57142857142856,3,15.191023372173056
0.1,0.2,10.0,120,giou,19.0,231.04918032786884,9,15.06121108951515
0.1,0.2,10.0,180,diou,9.0,207.6122448979592,3,15.19549357952936
0.1,0.2,10.0,180,giou,19.0,231.01639344262296,9,15.056781564319746
0.1,0.2,10.0,240,diou,9.0,207.6122448979592,3,15.19549357952936
0.1,0.2,10.0,240,giou,19.0,231.01639344262296,9,15.056781564319746
0.1,0.2,20.0,30,diou,12.0,214.21153846153845,6,15.18295083782468
0.1,0.2,20.0,30,giou,22.0,235.265625,13,15.073226427480899
0.1,0.2,20.0,60,diou,10.0,209.9,4,15.178856982223344
0.1,0.2,20.0,60,giou,20.0,232.51612903225805,10,15.058436272737167
0.1,0.2,20.0,90,diou,10.0,209.88,4,15.180859663711482
0.1,0.2,20.0,90,giou,20.0,232.51612903225805,10,15.058436272737167
0.1,0.2,20.0,120,diou,10.0,209.88,4,15.180859663711482
0.1,0.2,20.0,120,giou,20.0,232.51612903225805,10,15.058436272737167
0.1,0.2,20.0,180,diou,10.0,209.92000000000002,4,15.185332407727293
0.1,0.2,20.0,180,giou,20.0,232.48387096774195,10,15.05400961615778
0.1,0.2,20.0,240,diou,10.0,209.92000000000002,4,15.185332407727293
0.1,0.2,20.0,240,giou,20.0,232.48387096774195,10,15.05400961615778
0.1,0.3,1.0,30,diou,31.0,246.02739726027397,22,15.033096890048316
0.1,0.3,1.0,30,giou,34.0,249.17105263157896,23,15.007941671479518
0.1,0.3,1.0,60,diou,30.0,244.97222222222223,20,15.023513945464728
0.1,0.3,1.0,60,giou,36.0,251.0897435897436,23,14.993917863904453
0.1,0.3,1.0,90,diou,31.0,246.013698630137,21,15.021000120247386
0.1,0.3,1.0,90,giou,37.0,251.9746835443038,25,14.99139531126422
0.1,0.3,1.0,120,diou,31.0,246.0,20,15.012960702132467
0.1,0.3,1.0,120,giou,37.0,251.9620253164557,24,14.98340586701799
0.1,0.3,1.0,180,diou,31.0,246.0,20,15.012960702132467
0.1,0.3,1.0,180,giou,37.0,251.9620253164557,24,14.98340586701799
0.1,0.3,1.0,240,diou,31.0,246.0,20,15.012960702132467
0.1,0.3,1.0,240,giou,37.0,251.9620253164557,24,14.98340586701799
0.1,0.3,3.0,30,diou,31.0,246.0,22,15.03120588456563
0.1,0.3,3.0,30,giou,34.0,249.14473684210526,23,15.006055396025989
0.1,0.3,3.0,60,diou,30.0,244.97222222222223,19,15.018483749462604
0.1,0.3,3.0,60,giou,34.0,249.17105263157896,21,14.993387633776091
0.1,0.3,3.0,90,diou,31.0,246.04109589041096,20,15.017844451690248
0.1,0.3,3.0,90,giou,35.0,250.12987012987014,22,14.99273942063758
0.1,0.3,3.0,120,diou,30.0,244.95833333333331,19,15.01123395027922
0.1,0.3,3.0,120,giou,34.0,249.1578947368421,21,14.986129752919865
0.1,0.3,3.0,180,diou,30.0,244.95833333333331,19,15.01123395027922
0.1,0.3,3.0,180,giou,34.0,249.1578947368421,21,14.986129752919865
0.1,0.3,3.0,240,diou,30.0,244.95833333333331,19,15.01123395027922
0.1,0.3,3.0,240,giou,34.0,249.1578947368421,21,14.986129752919865
0.1,0.3,5.0,30,diou,31.0,246.0,22,15.03120588456563
0.1,0.3,5.0,30,giou,34.0,249.14473684210526,23,15.006055396025989
0.1,0.3,5.0,60,diou,30.0,244.94444444444446,20,15.021622939982041
0.1,0.3,5.0,60,giou,34.0,249.14473684210526,22,14.99653985387269
0.1,0.3,5.0,90,diou,31.0,246.013698630137,21,15.021000120247386
0.1,0.3,5.0,90,giou,35.0,250.1038961038961,23,14.995908160645346
0.1,0.3,5.0,120,diou,30.0,244.93055555555554,20,15.014374467517058
0.1,0.3,5.0,120,giou,34.0,249.13157894736844,22,14.989283350402903
0.1,0.3,5.0,180,diou,30.0,244.93055555555554,20,15.014374467517058
0.1,0.3,5.0,180,giou,34.0,249.13157894736844,22,14.989283350402903
0.1,0.3,5.0,240,diou,30.0,244.93055555555554,20,15.014374467517058
0.1,0.3,5.0,240,giou,34.0,249.13157894736844,22,14.989283350402903
0.1,0.3,10.0,30,diou,31.0,246.0,22,15.03120588456563
0.1,0.3,10.0,30,giou,34.0,249.14473684210526,23,15.006055396025989
0.1,0.3,10.0,60,diou,30.0,244.94444444444446,20,15.021622939982041
0.1,0.3,10.0,60,giou,34.0,249.14473684210526,22,14.99653985387269
0.1,0.3,10.0,90,diou,31.0,246.013698630137,21,15.021000120247386
0.1,0.3,10.0,90,giou,35.0,250.1038961038961,23,14.995908160645346
0.1,0.3,10.0,120,diou,30.0,244.93055555555554,20,15.014374467517058
0.1,0.3,10.0,120,giou,34.0,249.13157894736844,22,14.989283350402903
0.1,0.3,10.0,180,diou,30.0,244.93055555555554,20,15.014374467517058
0.1,0.3,10.0,180,giou,34.0,249.13157894736844,22,14.989283350402903
0.1,0.3,10.0,240,diou,30.0,244.93055555555554,20,15.014374467517058
0.1,0.3,10.0,240,giou,34.0,249.13157894736844,22,14.989283350402903
0.1,0.3,20.0,30,diou,32.0,247.01351351351352,23,15.03120588456563
0.1,0.3,20.0,30,giou,35.0,250.12987012987014,24,14.989610356644523
0.1,0.3,20.0,60,diou,31.0,245.986301369863,21,15.021622939982041
0.1,0.3,20.0,60,giou,35.0,250.12987012987014,23,14.980094814491224
0.1,0.3,20.0,90,diou,32.0,247.02702702702703,22,15.021000120247386
0.1,0.3,20.0,90,giou,36.0,251.06410256410257,24,14.979427303826494
0.1,0.3,20.0,120,diou,31.0,245.97260273972603,21,15.014374467517058
0.1,0.3,20.0,120,giou,35.0,250.11688311688312,23,14.972805602011054
0.1,0.3,20.0,180,diou,31.0,245.97260273972603,21,15.014374467517058
0.1,0.3,20.0,180,giou,35.0,250.11688311688312,23,14.972805602011054
0.1,0.3,20.0,240,diou,31.0,245.97260273972603,21,15.014374467517058
0.1,0.3,20.0,240,giou,35.0,250.11688311688312,23,14.972805602011054
0.1,0.5,1.0,30,diou,99.0,285.4751773049645,94,13.42950262279933
0.1,0.5,1.0,30,giou,104.0,287.1986301369863,99,13.241985043775843
0.1,0.5,1.0,60,diou,103.0,286.53793103448277,97,13.38774278692732
0.1,0.5,1.0,60,giou,112.0,288.84415584415586,105,13.257641850784262
0.1,0.5,1.0,90,diou,107.0,287.56375838926175,100,13.366554972303668
0.1,0.5,1.0,90,giou,116.0,289.753164556962,108,13.236293391342189
0.1,0.5,1.0,120,diou,107.0,287.5771812080537,100,13.370376993177079
0.1,0.5,1.0,120,giou,116.0,289.7658227848101,108,13.240068768711783
0.1,0.5,1.0,180,diou,109.0,288.0993377483444,102,13.366025598849323
0.1,0.5,1.0,180,giou,118.0,290.23125,110,13.235636887206425
0.1,0.5,1.0,240,diou,112.0,288.7922077922078,106,13.365640659860222
0.1,0.5,1.0,240,giou,121.0,290.84662576687117,114,13.234828247556413
0.1,0.5,3.0,30,diou,99.0,285.4609929078014,93,13.433814427520723
0.1,0.5,3.0,30,giou,103.0,286.9655172413793,98,13.24250372740253
0.1,0.5,3.0,60,diou,104.0,286.8013698630137,97,13.377450619247057
0.1,0.5,3.0,60,giou,112.0,288.87012987012986,104,13.250759607685346
0.1,0.5,3.0,90,diou,108.0,287.82,100,13.361003251468976
0.1,0.5,3.0,90,giou,116.0,289.7848101265823,107,13.234193369970283
0.1,0.5,3.0,120,diou,108.0,287.8333333333333,100,13.364818296678923
0.1,0.5,3.0,120,giou,116.0,289.7848101265823,107,13.234193369970283
0.1,0.5,3.0,180,diou,111.0,288.5751633986928,104,13.35901870337042
0.1,0.5,3.0,180,giou,119.0,290.45341614906835,111,13.228297772750675
0.1,0.5,3.0,240,diou,113.0,289.01935483870966,106,13.36279599293666
0.1,0.5,3.0,240,giou,121.0,290.85276073619633,113,13.231896129708877
0.1,0.5,5.0,30,diou,99.0,285.4751773049645,93,13.431682368870177
0.1,0.5,5.0,30,giou,104.0,287.1849315068493,98,13.252418260732552
0.1,0.5,5.0,60,diou,104.0,286.82191780821915,97,13.373005113236758
0.1,0.5,5.0,60,giou,112.0,288.8636363636364,104,13.258272481542576
0.1,0.5,5.0,90,diou,108.0,287.82666666666665,100,13.358114392925462
0.1,0.5,5.0,90,giou,116.0,289.7658227848101,107,13.243262397105067
0.1,0.5,5.0,120,diou,108.0,287.84000000000003,100,13.361929438135407
0.1,0.5,5.0,120,giou,116.0,289.7658227848101,107,13.243262397105067
0.1,0.5,5.0,180,diou,111.0,288.58169934640523,104,13.35604037575399
0.1,0.5,5.0,180,giou,119.0,290.4347826086956,111,13.237276921898566
0.1,0.5,5.0,240,diou,113.0,289.0322580645161,106,13.359234567615491
0.1,0.5,5.0,240,giou,121.0,290.840490797546,113,13.240302876253981
0.1,0.5,10.0,30,diou,98.0,285.23571428571427,92,13.416317888735646
0.1,0.5,10.0,30,giou,103.0,286.9655172413793,97,13.237070389063556
0.1,0.5,10.0,60,diou,103.0,286.6,96,13.357452296697867
0.1,0.5,10.0,60,giou,111.0,288.6666666666667,103,13.242736273469218
0.1,0.5,10.0,90,diou,107.0,287.6174496644295,99,13.342416199021566
0.1,0.5,10.0,90,giou,115.0,289.5796178343949,106,13.227580811666705
0.1,0.5,10.0,120,diou,107.0,287.6308724832215,99,13.346231244231513
0.1,0.5,10.0,120,giou,115.0,289.5796178343949,106,13.227580811666705
0.1,0.5,10.0,180,diou,110.0,288.38157894736844,103,13.340342181850096
0.1,0.5,10.0,180,giou,118.0,290.25625,110,13.221595336460204
0.1,0.5,10.0,240,diou,112.0,288.85064935064935,105,13.342332101875316
0.1,0.5,10.0,240,giou,120.0,290.679012345679,112,13.223402208797344
0.1,0.5,20.0,30,diou,98.0,285.2,93,13.439223960048192
0.1,0.5,20.0,30,giou,103.0,286.9310344827586,98,13.259999069653743
0.1,0.5,20.0,60,diou,104.0,286.82191780821915,98,13.37736363792179
0.1,0.5,20.0,60,giou,112.0,288.8636363636364,105,13.26264524465741
0.1,0.5,20.0,90,diou,107.0,287.6040268456376,100,13.362446030976397
0.1,0.5,20.0,90,giou,115.0,289.5668789808917,107,13.247608230902431
0.1,0.5,20.0,120,diou,107.0,287.6174496644295,100,13.366261076186342
0.1,0.5,20.0,120,giou,115.0,289.5796178343949,107,13.251383608272027
0.1,0.5,20.0,180,diou,109.0,288.13907284768214,102,13.361484509296842
0.1,0.5,20.0,180,giou,117.0,290.0503144654088,109,13.246525202071098
0.1,0.5,20.0,240,diou,112.0,288.84415584415586,106,13.361637579047128
0.1,0.5,20.0,240,giou,120.0,290.68518518518516,113,13.246473047065864
0.25,0.01,1.0,30,diou,14.0,191.04651162790697,2,15.290391025063158
0.25,0.01,1.0,30,giou,9.0,199.6304347826087,3,15.266766369003554
0.25,0.01,1.0,60,diou,9.0,184.65853658536585,0,15.294882335665097
0.25,0.01,1.0,60,giou,7.0,194.0681818181818,2,15.272582770934948
0.25,0.01,1.0,90,diou,9.0,184.65853658536585,0,15.294882335665097
0.25,0.01,1.0,90,giou,7.0,194.0681818181818,2,15.272582770934948
0.25,0.01,1.0,120,diou,9.0,184.65853658536585,0,15.294882335665097
0.25,0.01,1.0,120,giou,7.0,194.0681818181818,2,15.272582770934948
0.25,0.01,1.0,180,diou,9.0,184.65853658536585,0,15.294882335665097
0.25,0.01,1.0,180,giou,7.0,194.0681818181818,2,15.272582770934948
0.25,0.01,1.0,240,diou,9.0,184.65853658536585,0,15.294882335665097
0.25,0.01,1.0,240,giou,7.0,194.0681818181818,2,15.272582770934948
0.25,0.01,3.0,30,diou,14.0,191.02325581395348,2,15.287676661675352
0.25,0.01,3.0,30,giou,9.0,199.58695652173913,3,15.264671207975564
0.25,0.01,3.0,60,diou,9.0,184.6341463414634,0,15.29216797227729
0.25,0.01,3.0,60,giou,7.0,194.02272727272725,2,15.27048760990696
0.25,0.01,3.0,90,diou,9.0,184.6341463414634,0,15.29216797227729
0.25,0.01,3.0,90,giou,7.0,194.0681818181818,2,15.274986937974841
0.25,0.01,3.0,120,diou,9.0,184.6341463414634,0,15.29216797227729
0.25,0.01,3.0,120,giou,7.0,194.0681818181818,2,15.274986937974841
0.25,0.01,3.0,180,diou,9.0,184.6341463414634,0,15.29216797227729
0.25,0.01,3.0,180,giou,7.0,194.0681818181818,2,15.274986937974841
0.25,0.01,3.0,240,diou,9.0,184.6341463414634,0,15.29216797227729
0.25,0.01,3.0,240,giou,7.0,194.0681818181818,2,15.274986937974841
0.25,0.01,5.0,30,diou,12.0,191.02325581395348,2,15.287676661675352
0.25,0.01,5.0,30,giou,9.0,199.58695652173913,3,15.264671207975564
0.25,0.01,5.0,60,diou,9.0,184.6341463414634,0,15.29216797227729
0.25,0.01,5.0,60,giou,7.0,194.02272727272725,2,15.27048760990696
0.25,0.01,5.0,90,diou,9.0,184.6341463414634,0,15.29216797227729
0.25,0.01,5.0,90,giou,7.0,194.0681818181818,2,15.274986937974841
0.25,0.01,5.0,120,diou,9.0,184.6341463414634,0,15.29216797227729
0.25,0.01,5.0,120,giou,7.0,194.0681818181818,2,15.274986937974841
0.25,0.01,5.0,180,diou,9.0,184.6341463414634,0,15.29216797227729
0.25,0.01,5.0,180,giou,7.0,194.0681818181818,2,15.274986937974841
0.25,0.01,5.0,240,diou,9.0,184.6341463414634,0,15.29216797227729
0.25,0.01,5.0,240,giou,7.0,194.0681818181818,2,15.274986937974841
0.25,0.01,10.0,30,diou,12.0,191.0,2,15.28829586403517
0.25,0.01,10.0,30,giou,9.0,199.58695652173913,3,15.264671207975564
0.25,0.01,10.0,60,diou,9.0,184.609756097561,0,15.292787174637109
0.25,0.01,10.0,60,giou,7.0,194.02272727272725,2,15.27048760990696
0.25,0.01,10.0,90,diou,9.0,184.609756097561,0,15.292787174637109
0.25,0.01,10.0,90,giou,7.0,194.0681818181818,2,15.274986937974841
0.25,0.01,10.0,120,diou,9.0,184.609756097561,0,15.292787174637109
0.25,0.01,10.0,120,giou,7.0,194.0681818181818,2,15.274986937974841
0.25,0.01,10.0,180,diou,9.0,184.609756097561,0,15.292787174637109
0.25,0.01,10.0,180,giou,7.0,194.0681818181818,2,15.274986937974841
0.25,0.01,10.0,240,diou,9.0,184.609756097561,0,15.292787174637109
0.25,0.01,10.0,240,giou,7.0,194.0681818181818,2,15.274986937974841
0.25,0.01,20.0,30,diou,12.0,191.0,2,15.28829586403517
0.25,0.01,20.0,30,giou,8.0,196.86666666666667,2,15.263247902179135
0.25,0.01,20.0,60,diou,9.0,184.609756097561,0,15.292787174637109
0.25,0.01,20.0,60,giou,7.0,194.02272727272725,2,15.27048760990696
0.25,0.01,20.0,90,diou,9.0,184.609756097561,0,15.292787174637109
0.25,0.01,20.0,90,giou,7.0,194.0681818181818,2,15.274986937974841
0.25,0.01,20.0,120,diou,9.0,184.609756097561,0,15.292787174637109
0.25,0.01,20.0,120,giou,7.0,194.0681818181818,2,15.274986937974841
0.25,0.01,20.0,180,diou,9.0,184.609756097561,0,15.292787174637109
0.25,0.01,20.0,180,giou,7.0,194.0681818181818,2,15.274986937974841
0.25,0.01,20.0,240,diou,9.0,184.609756097561,0,15.292787174637109
0.25,0.01,20.0,240,giou,7.0,194.0681818181818,2,15.274986937974841
0.25,0.05,1.0,30,diou,6.0,194.1590909090909,3,15.259638507663896
0.25,0.05,1.0,30,giou,11.0,207.26530612244898,5,15.243465408836789
0.25,0.05,1.0,60,diou,5.0,191.1627906976744,1,15.262494445933855
0.25,0.05,1.0,60,giou,8.0,202.40425531914894,3,15.242043434233947
0.25,0.05,1.0,90,diou,5.0,191.1627906976744,1,15.262494445933855
0.25,0.05,1.0,90,giou,8.0,202.40425531914894,3,15.242043434233947
0.25,0.05,1.0,120,diou,5.0,191.1627906976744,1,15.262494445933855
0.25,0.05,1.0,120,giou,8.0,202.40425531914894,3,15.242043434233947
0.25,0.05,1.0,180,diou,5.0,191.1627906976744,1,15.262494445933855
0.25,0.05,1.0,180,giou,8.0,202.44680851063828,3,15.24651195641539
0.25,0.05,1.0,240,diou,5.0,191.1627906976744,1,15.262494445933855
0.25,0.05,1.0,240,giou,8.0,202.44680851063828,3,15.24651195641539
0.25,0.05,3.0,30,diou,6.0,194.11363636363637,2,15.257543346635906
0.25,0.05,3.0,30,giou,11.0,207.22448979591837,5,15.241392012114192
0.25,0.05,3.0,60,diou,5.0,191.11627906976744,1,15.260399284905866
0.25,0.05,3.0,60,giou,8.0,202.36170212765956,3,15.23997003751135
0.25,0.05,3.0,90,diou,5.0,191.11627906976744,1,15.260399284905866
0.25,0.05,3.0,90,giou,8.0,202.40425531914894,3,15.244457168052946
0.25,0.05,3.0,120,diou,5.0,191.11627906976744,1,15.260399284905866
0.25,0.05,3.0,120,giou,8.0,202.40425531914894,3,15.244457168052946
0.25,0.05,3.0,180,diou,5.0,191.11627906976744,1,15.260399284905866
0.25,0.05,3.0,180,giou,8.0,202.4255319148936,3,15.246692189193798
0.25,0.05,3.0,240,diou,5.0,191.11627906976744,1,15.260399284905866
0.25,0.05,3.0,240,giou,8.0,202.4255319148936,3,15.246692189193798
0.25,0.05,5.0,30,diou,6.0,194.11363636363637,2,15.257543346635906
0.25,0.05,5.0,30,giou,11.0,207.22448979591837,5,15.241392012114192
0.25,0.05,5.0,60,diou,5.0,191.11627906976744,1,15.260399284905866
0.25,0.05,5.0,60,giou,8.0,202.36170212765956,3,15.23997003751135
0.25,0.05,5.0,90,diou,5.0,191.11627906976744,1,15.260399284905866
0.25,0.05,5.0,90,giou,8.0,202.40425531914894,3,15.244457168052946
0.25,0.05,5.0,120,diou,5.0,191.11627906976744,1,15.260399284905866
0.25,0.05,5.0,120,giou,8.0,202.40425531914894,3,15.244457168052946
0.25,0.05,5.0,180,diou,5.0,191.11627906976744,1,15.260399284905866
0.25,0.05,5.0,180,giou,8.0,202.4255319148936,3,15.246692189193798
0.25,0.05,5.0,240,diou,5.0,191.11627906976744,1,15.260399284905866
0.25,0.05,5.0,240,giou,8.0,202.4255319148936,3,15.246692189193798
0.25,0.05,10.0,30,diou,5.0,191.13953488372093,1,15.256121372033064
0.25,0.05,10.0,30,giou,10.0,204.83333333333331,4,15.23997003751135
0.25,0.05,10.0,60,diou,5.0,191.11627906976744,1,15.260399284905866
0.25,0.05,10.0,60,giou,8.0,202.36170212765956,3,15.23997003751135
0.25,0.05,10.0,90,diou,5.0,191.11627906976744,1,15.260399284905866
0.25,0.05,10.0,90,giou,8.0,202.40425531914894,3,15.244457168052946
0.25,0.05,10.0,120,diou,5.0,191.11627906976744,1,15.260399284905866
0.25,0.05,10.0,120,giou,8.0,202.40425531914894,3,15.244457168052946
0.25,0.05,10.0,180,diou,5.0,191.11627906976744,1,15.260399284905866
0.25,0.05,10.0,180,giou,8.0,202.4255319148936,3,15.246692189193798
0.25,0.05,10.0,240,diou,5.0,191.11627906976744,1,15.260399284905866
0.25,0.05,10.0,240,giou,8.0,202.4255319148936,3,15.246692189193798
0.25,0.05,20.0,30,diou,5.0,191.13953488372093,1,15.256121372033064
0.25,0.05,20.0,30,giou,11.0,207.26530612244898,5,15.224905891315746
0.25,0.05,20.0,60,diou,5.0,191.11627906976744,1,15.260399284905866
0.25,0.05,20.0,60,giou,9.0,204.89583333333331,4,15.224905891315746
0.25,0.05,20.0,90,diou,5.0,191.11627906976744,1,15.260399284905866
0.25,0.05,20.0,90,giou,9.0,204.9375,4,15.229396587610626
0.25,0.05,20.0,120,diou,5.0,191.11627906976744,1,15.260399284905866
0.25,0.05,20.0,120,giou,9.0,204.9375,4,15.229396587610626
0.25,0.05,20.0,180,diou,5.0,191.11627906976744,1,15.260399284905866
0.25,0.05,20.0,180,giou,9.0,204.95833333333331,4,15.23163333705725
0.25,0.05,20.0,240,diou,5.0,191.11627906976744,1,15.260399284905866
0.25,0.05,20.0,240,giou,9.0,204.95833333333331,4,15.23163333705725
0.25,0.1,1.0,30,diou,5.0,197.11111111111111,4,15.246623780101295
0.25,0.1,1.0,30,giou,14.0,218.51851851851853,6,15.146614337845072
0.25,0.1,1.0,60,diou,4.0,194.25,2,15.249479718371255
0.25,0.1,1.0,60,giou,12.0,214.51923076923077,4,15.147510491781533
0.25,0.1,1.0,90,diou,4.0,194.25,2,15.249479718371255
0.25,0.1,1.0,90,giou,12.0,214.51923076923077,4,15.147510491781533
0.25,0.1,1.0,120,diou,4.0,194.25,2,15.249479718371255
0.25,0.1,1.0,120,giou,12.0,214.51923076923077,4,15.147510491781533
0.25,0.1,1.0,180,diou,4.0,194.25,2,15.249479718371255
0.25,0.1,1.0,180,giou,13.0,216.60377358490567,5,15.156407582054252
0.25,0.1,1.0,240,diou,4.0,194.25,2,15.249479718371255
0.25,0.1,1.0,240,giou,13.0,216.60377358490567,5,15.156407582054252
0.25,0.1,3.0,30,diou,5.0,197.06666666666666,3,15.244535988641868
0.25,0.1,3.0,30,giou,14.0,218.51851851851853,7,15.145489177763741
0.25,0.1,3.0,60,diou,4.0,194.20454545454544,2,15.247391926911828
0.25,0.1,3.0,60,giou,12.0,214.48076923076923,4,15.145490352315162
0.25,0.1,3.0,90,diou,4.0,194.20454545454544,2,15.247391926911828
0.25,0.1,3.0,90,giou,12.0,214.51923076923077,4,15.149969290473384
0.25,0.1,3.0,120,diou,4.0,194.20454545454544,2,15.247391926911828
0.25,0.1,3.0,120,giou,12.0,214.51923076923077,4,15.149969290473384
0.25,0.1,3.0,180,diou,4.0,194.20454545454544,2,15.247391926911828
0.25,0.1,3.0,180,giou,13.0,216.56603773584905,5,15.154425068808955
0.25,0.1,3.0,240,diou,4.0,194.20454545454544,2,15.247391926911828
0.25,0.1,3.0,240,giou,13.0,216.56603773584905,5,15.154425068808955
0.25,0.1,5.0,30,diou,5.0,197.06666666666666,3,15.244535988641868
0.25,0.1,5.0,30,giou,14.0,218.51851851851853,6,15.134284476981573
0.25,0.1,5.0,60,diou,4.0,194.20454545454544,2,15.247391926911828
0.25,0.1,5.0,60,giou,12.0,214.51923076923077,4,15.135180630918036
0.25,0.1,5.0,90,diou,4.0,194.20454545454544,2,15.247391926911828
0.25,0.1,5.0,90,giou,12.0,214.55769230769232,4,15.139662425897956
0.25,0.1,5.0,120,diou,4.0,194.20454545454544,2,15.247391926911828
0.25,0.1,5.0,120,giou,12.0,214.55769230769232,4,15.139662425897956
0.25,0.1,5.0,180,diou,4.0,194.20454545454544,2,15.247391926911828
0.25,0.1,5.0,180,giou,13.0,216.60377358490567,5,15.144120956912614
0.25,0.1,5.0,240,diou,4.0,194.20454545454544,2,15.247391926911828
0.25,0.1,5.0,240,giou,13.0,216.60377358490567,5,15.144120956912614
0.25,0.1,10.0,30,diou,5.0,197.06666666666666,3,15.244535988641868
0.25,0.1,10.0,30,giou,14.0,218.51851851851853,6,15.134284476981573
0.25,0.1,10.0,60,diou,4.0,194.20454545454544,2,15.247391926911828
0.25,0.1,10.0,60,giou,12.0,214.51923076923077,4,15.135180630918036
0.25,0.1,10.0,90,diou,4.0,194.20454545454544,2,15.247391926911828
0.25,0.1,10.0,90,giou,12.0,214.55769230769232,4,15.139662425897956
0.25,0.1,10.0,120,diou,4.0,194.20454545454544,2,15.247391926911828
0.25,0.1,10.0,120,giou,12.0,214.55769230769232,4,15.139662425897956
0.25,0.1,10.0,180,diou,4.0,194.20454545454544,2,15.247391926911828
0.25,0.1,10.0,180,giou,13.0,216.60377358490567,5,15.144120956912614
0.25,0.1,10.0,240,diou,4.0,194.20454545454544,2,15.247391926911828
0.25,0.1,10.0,240,giou,13.0,216.60377358490567,5,15.144120956912614
0.25,0.1,20.0,30,diou,5.0,197.06666666666666,3,15.244535988641868
0.25,0.1,20.0,30,giou,14.0,218.51851851851853,6,15.134284476981573
0.25,0.1,20.0,60,diou,4.0,194.20454545454544,2,15.247391926911828
0.25,0.1,20.0,60,giou,12.0,214.51923076923077,4,15.135180630918036
0.25,0.1,20.0,90,diou,4.0,194.20454545454544,2,15.247391926911828
0.25,0.1,20.0,90,giou,12.0,214.55769230769232,4,15.139662425897956
0.25,0.1,20.0,120,diou,4.0,194.20454545454544,2,15.247391926911828
0.25,0.1,20.0,120,giou,12.0,214.55769230769232,4,15.139662425897956
0.25,0.1,20.0,180,diou,4.0,194.20454545454544,2,15.247391926911828
0.25,0.1,20.0,180,giou,13.0,216.60377358490567,5,15.144120956912614
0.25,0.1,20.0,240,diou,4.0,194.20454545454544,2,15.247391926911828
0.25,0.1,20.0,240,giou,13.0,216.60377358490567,5,15.144120956912614
0.25,0.2,1.0,30,diou,11.0,212.11764705882354,6,15.195151560112112
0.25,0.2,1.0,30,giou,21.0,233.92063492063494,12,15.077920475582339
0.25,0.2,1.0,60,diou,9.0,207.6326530612245,3,15.191057704510776
0.25,0.2,1.0,60,giou,19.0,231.11475409836066,8,15.061199838603878
0.25,0.2,1.0,90,diou,9.0,207.6122448979592,3,15.193060385998914
0.25,0.2,1.0,90,giou,19.0,231.11475409836066,8,15.061199838603878
0.25,0.2,1.0,120,diou,9.0,207.6122448979592,3,15.193060385998914
0.25,0.2,1.0,120,giou,19.0,231.11475409836066,8,15.061199838603878
0.25,0.2,1.0,180,diou,9.0,207.6530612244898,3,15.197511911849547
0.25,0.2,1.0,180,giou,19.0,231.08196721311475,8,15.056803738285556
0.25,0.2,1.0,240,diou,9.0,207.6530612244898,3,15.197511911849547
0.25,0.2,1.0,240,giou,19.0,231.08196721311475,8,15.056803738285556
0.25,0.2,3.0,30,diou,11.0,212.078431372549,5,15.193114546286257
0.25,0.2,3.0,30,giou,21.0,233.88888888888889,12,15.076001244258881
0.25,0.2,3.0,60,diou,9.0,207.59183673469386,3,15.189020690684918
0.25,0.2,3.0,60,giou,19.0,231.04918032786884,9,15.06121108951515
0.25,0.2,3.0,90,diou,9.0,207.57142857142856,3,15.191023372173056
0.25,0.2,3.0,90,giou,19.0,231.04918032786884,9,15.06121108951515
0.25,0.2,3.0,120,diou,9.0,207.57142857142856,3,15.191023372173056
0.25,0.2,3.0,120,giou,19.0,231.04918032786884,9,15.06121108951515
0.25,0.2,3.0,180,diou,9.0,207.6122448979592,3,15.19549357952936
0.25,0.2,3.0,180,giou,19.0,231.01639344262296,9,15.056781564319746
0.25,0.2,3.0,240,diou,9.0,207.6122448979592,3,15.19549357952936
0.25,0.2,3.0,240,giou,19.0,231.01639344262296,9,15.056781564319746
0.25,0.2,5.0,30,diou,11.0,212.078431372549,5,15.193114546286257
0.25,0.2,5.0,30,giou,21.0,233.88888888888889,12,15.076001244258881
0.25,0.2,5.0,60,diou,9.0,207.59183673469386,3,15.189020690684918
0.25,0.2,5.0,60,giou,19.0,231.04918032786884,9,15.06121108951515
0.25,0.2,5.0,90,diou,9.0,207.57142857142856,3,15.191023372173056
0.25,0.2,5.0,90,giou,19.0,231.04918032786884,9,15.06121108951515
0.25,0.2,5.0,120,diou,9.0,207.57142857142856,3,15.191023372173056
0.25,0.2,5.0,120,giou,19.0,231.04918032786884,9,15.06121108951515
0.25,0.2,5.0,180,diou,9.0,207.6122448979592,3,15.19549357952936
0.25,0.2,5.0,180,giou,19.0,231.01639344262296,9,15.056781564319746
0.25,0.2,5.0,240,diou,9.0,207.6122448979592,3,15.19549357952936
0.25,0.2,5.0,240,giou,19.0,231.01639344262296,9,15.056781564319746
0.25,0.2,10.0,30,diou,11.0,212.078431372549,5,15.193114546286257
0.25,0.2,10.0,30,giou,21.0,233.88888888888889,12,15.076001244258881
0.25,0.2,10.0,60,diou,9.0,207.59183673469386,3,15.189020690684918
0.25,0.2,10.0,60,giou,19.0,231.04918032786884,9,15.06121108951515
0.25,0.2,10.0,90,diou,9.0,207.57142857142856,3,15.191023372173056
0.25,0.2,10.0,90,giou,19.0,231.04918032786884,9,15.06121108951515
0.25,0.2,10.0,120,diou,9.0,207.57142857142856,3,15.191023372173056
0.25,0.2,10.0,120,giou,19.0,231.04918032786884,9,15.06121108951515
0.25,0.2,10.0,180,diou,9.0,207.6122448979592,3,15.19549357952936
0.25,0.2,10.0,180,giou,19.0,231.01639344262296,9,15.056781564319746
0.25,0.2,10.0,240,diou,9.0,207.6122448979592,3,15.19549357952936
0.25,0.2,10.0,240,giou,19.0,231.01639344262296,9,15.056781564319746
0.25,0.2,20.0,30,diou,12.0,214.21153846153845,6,15.18295083782468
0.25,0.2,20.0,30,giou,22.0,235.265625,13,15.073226427480899
0.25,0.2,20.0,60,diou,10.0,209.9,4,15.178856982223344
0.25,0.2,20.0,60,giou,20.0,232.51612903225805,10,15.058436272737167
0.25,0.2,20.0,90,diou,10.0,209.88,4,15.180859663711482
0.25,0.2,20.0,90,giou,20.0,232.51612903225805,10,15.058436272737167
0.25,0.2,20.0,120,diou,10.0,209.88,4,15.180859663711482
0.25,0.2,20.0,120,giou,20.0,232.51612903225805,10,15.058436272737167
0.25,0.2,20.0,180,diou,10.0,209.92000000000002,4,15.185332407727293
0.25,0.2,20.0,180,giou,20.0,232.48387096774195,10,15.05400961615778
0.25,0.2,20.0,240,diou,10.0,209.92000000000002,4,15.185332407727293
0.25,0.2,20.0,240,giou,20.0,232.48387096774195,10,15.05400961615778
0.25,0.3,1.0,30,diou,31.0,246.02739726027397,22,15.033096890048316
0.25,0.3,1.0,30,giou,34.0,249.17105263157896,23,15.007941671479518
0.25,0.3,1.0,60,diou,30.0,244.97222222222223,20,15.023513945464728
0.25,0.3,1.0,60,giou,36.0,251.0897435897436,23,14.993917863904453
0.25,0.3,1.0,90,diou,31.0,246.013698630137,21,15.021000120247386
0.25,0.3,1.0,90,giou,37.0,251.9746835443038,25,14.99139531126422
0.25,0.3,1.0,120,diou,31.0,246.0,20,15.012960702132467
0.25,0.3,1.0,120,giou,37.0,251.9620253164557,24,14.98340586701799
0.25,0.3,1.0,180,diou,31.0,246.0,20,15.012960702132467
0.25,0.3,1.0,180,giou,37.0,251.9620253164557,24,14.98340586701799
0.25,0.3,1.0,240,diou,31.0,246.0,20,15.012960702132467
0.25,0.3,1.0,240,giou,37.0,251.9620253164557,24,14.98340586701799
0.25,0.3,3.0,30,diou,31.0,246.0,22,15.03120588456563
0.25,0.3,3.0,30,giou,34.0,249.14473684210526,23,15.006055396025989
0.25,0.3,3.0,60,diou,30.0,244.97222222222223,19,15.018483749462604
0.25,0.3,3.0,60,giou,34.0,249.17105263157896,21,14.993387633776091
0.25,0.3,3.0,90,diou,31.0,246.04109589041096,20,15.017844451690248
0.25,0.3,3.0,90,giou,35.0,250.12987012987014,22,14.99273942063758
0.25,0.3,3.0,120,diou,30.0,244.95833333333331,19,15.01123395027922
0.25,0.3,3.0,120,giou,34.0,249.1578947368421,21,14.986129752919865
0.25,0.3,3.0,180,diou,30.0,244.95833333333331,19,15.01123395027922
0.25,0.3,3.0,180,giou,34.0,249.1578947368421,21,14.986129752919865
0.25,0.3,3.0,240,diou,30.0,244.95833333333331,19,15.01123395027922
0.25,0.3,3.0,240,giou,34.0,249.1578947368421,21,14.986129752919865
0.25,0.3,5.0,30,diou,31.0,246.0,22,15.03120588456563
0.25,0.3,5.0,30,giou,34.0,249.14473684210526,23,15.006055396025989
0.25,0.3,5.0,60,diou,30.0,244.94444444444446,20,15.021622939982041
0.25,0.3,5.0,60,giou,34.0,249.14473684210526,22,14.99653985387269
0.25,0.3,5.0,90,diou,31.0,246.013698630137,21,15.021000120247386
0.25,0.3,5.0,90,giou,35.0,250.1038961038961,23,14.995908160645346
0.25,0.3,5.0,120,diou,30.0,244.93055555555554,20,15.014374467517058
0.25,0.3,5.0,120,giou,34.0,249.13157894736844,22,14.989283350402903
0.25,0.3,5.0,180,diou,30.0,244.93055555555554,20,15.014374467517058
0.25,0.3,5.0,180,giou,34.0,249.13157894736844,22,14.989283350402903
0.25,0.3,5.0,240,diou,30.0,244.93055555555554,20,15.014374467517058
0.25,0.3,5.0,240,giou,34.0,249.13157894736844,22,14.989283350402903
0.25,0.3,10.0,30,diou,31.0,246.0,22,15.03120588456563
0.25,0.3,10.0,30,giou,34.0,249.14473684210526,23,15.006055396025989
0.25,0.3,10.0,60,diou,30.0,244.94444444444446,20,15.021622939982041
0.25,0.3,10.0,60,giou,34.0,249.14473684210526,22,14.99653985387269
0.25,0.3,10.0,90,diou,31.0,246.013698630137,21,15.021000120247386
0.25,0.3,10.0,90,giou,35.0,250.1038961038961,23,14.995908160645346
0.25,0.3,10.0,120,diou,30.0,244.93055555555554,20,15.014374467517058
0.25,0.3,10.0,120,giou,34.0,249.13157894736844,22,14.989283350402903
0.25,0.3,10.0,180,diou,30.0,244.93055555555554,20,15.014374467517058
0.25,0.3,10.0,180,giou,34.0,249.13157894736844,22,14.989283350402903
0.25,0.3,10.0,240,diou,30.0,244.93055555555554,20,15.014374467517058
0.25,0.3,10.0,240,giou,34.0,249.13157894736844,22,14.989283350402903
0.25,0.3,20.0,30,diou,32.0,247.01351351351352,23,15.03120588456563
0.25,0.3,20.0,30,giou,35.0,250.12987012987014,24,14.989610356644523
0.25,0.3,20.0,60,diou,31.0,245.986301369863,21,15.021622939982041
0.25,0.3,20.0,60,giou,35.0,250.12987012987014,23,14.980094814491224
0.25,0.3,20.0,90,diou,32.0,247.02702702702703,22,15.021000120247386
0.25,0.3,20.0,90,giou,36.0,251.06410256410257,24,14.979427303826494
0.25,0.3,20.0,120,diou,31.0,245.97260273972603,21,15.014374467517058
0.25,0.3,20.0,120,giou,35.0,250.11688311688312,23,14.972805602011054
0.25,0.3,20.0,180,diou,31.0,245.97260273972603,21,15.014374467517058
0.25,0.3,20.0,180,giou,35.0,250.11688311688312,23,14.972805602011054
0.25,0.3,20.0,240,diou,31.0,245.97260273972603,21,15.014374467517058
0.25,0.3,20.0,240,giou,35.0,250.11688311688312,23,14.972805602011054
0.25,0.5,1.0,30,diou,99.0,285.4751773049645,94,13.42950262279933
0.25,0.5,1.0,30,giou,104.0,287.1986301369863,99,13.241985043775843
0.25,0.5,1.0,60,diou,103.0,286.53793103448277,97,13.38774278692732
0.25,0.5,1.0,60,giou,112.0,288.84415584415586,105,13.257641850784262
0.25,0.5,1.0,90,diou,107.0,287.56375838926175,100,13.366554972303668
0.25,0.5,1.0,90,giou,116.0,289.753164556962,108,13.236293391342189
0.25,0.5,1.0,120,diou,107.0,287.5771812080537,100,13.370376993177079
0.25,0.5,1.0,120,giou,116.0,289.7658227848101,108,13.240068768711783
0.25,0.5,1.0,180,diou,109.0,288.0993377483444,102,13.366025598849323
0.25,0.5,1.0,180,giou,118.0,290.23125,110,13.235636887206425
0.25,0.5,1.0,240,diou,112.0,288.7922077922078,106,13.365640659860222
0.25,0.5,1.0,240,giou,121.0,290.84662576687117,114,13.234828247556413
0.25,0.5,3.0,30,diou,99.0,285.4609929078014,93,13.433814427520723
0.25,0.5,3.0,30,giou,103.0,286.9655172413793,98,13.24250372740253
0.25,0.5,3.0,60,diou,104.0,286.8013698630137,97,13.377450619247057
0.25,0.5,3.0,60,giou,112.0,288.87012987012986,104,13.250759607685346
0.25,0.5,3.0,90,diou,108.0,287.82,100,13.361003251468976
0.25,0.5,3.0,90,giou,116.0,289.7848101265823,107,13.234193369970283
0.25,0.5,3.0,120,diou,108.0,287.8333333333333,100,13.364818296678923
0.25,0.5,3.0,120,giou,116.0,289.7848101265823,107,13.234193369970283
0.25,0.5,3.0,180,diou,111.0,288.5751633986928,104,13.35901870337042
0.25,0.5,3.0,180,giou,119.0,290.45341614906835,111,13.228297772750675
0.25,0.5,3.0,240,diou,113.0,289.01935483870966,106,13.36279599293666
0.25,0.5,3.0,240,giou,121.0,290.85276073619633,113,13.231896129708877
0.25,0.5,5.0,30,diou,99.0,285.4751773049645,93,13.431682368870177
0.25,0.5,5.0,30,giou,104.0,287.1849315068493,98,13.252418260732552
0.25,0.5,5.0,60,diou,104.0,286.82191780821915,97,13.373005113236758
0.25,0.5,5.0,60,giou,112.0,288.8636363636364,104,13.258272481542576
0.25,0.5,5.0,90,diou,108.0,287.82666666666665,100,13.358114392925462
0.25,0.5,5.0,90,giou,116.0,289.7658227848101,107,13.243262397105067
0.25,0.5,5.0,120,diou,108.0,287.84000000000003,100,13.361929438135407
0.25,0.5,5.0,120,giou,116.0,289.7658227848101,107,13.243262397105067
0.25,0.5,5.0,180,diou,111.0,288.58169934640523,104,13.35604037575399
0.25,0.5,5.0,180,giou,119.0,290.4347826086956,111,13.237276921898566
0.25,0.5,5.0,240,diou,113.0,289.0322580645161,106,13.359234567615491
0.25,0.5,5.0,240,giou,121.0,290.840490797546,113,13.240302876253981
0.25,0.5,10.0,30,diou,98.0,285.23571428571427,92,13.416317888735646
0.25,0.5,10.0,30,giou,103.0,286.9655172413793,97,13.237070389063556
0.25,0.5,10.0,60,diou,103.0,286.6,96,13.357452296697867
0.25,0.5,10.0,60,giou,111.0,288.6666666666667,103,13.242736273469218
0.25,0.5,10.0,90,diou,107.0,287.6174496644295,99,13.342416199021566
0.25,0.5,10.0,90,giou,115.0,289.5796178343949,106,13.227580811666705
0.25,0.5,10.0,120,diou,107.0,287.6308724832215,99,13.346231244231513
0.25,0.5,10.0,120,giou,115.0,289.5796178343949,106,13.227580811666705
0.25,0.5,10.0,180,diou,110.0,288.38157894736844,103,13.340342181850096
0.25,0.5,10.0,180,giou,118.0,290.25625,110,13.221595336460204
0.25,0.5,10.0,240,diou,112.0,288.85064935064935,105,13.342332101875316
0.25,0.5,10.0,240,giou,120.0,290.679012345679,112,13.223402208797344
0.25,0.5,20.0,30,diou,98.0,285.2,93,13.439223960048192
0.25,0.5,20.0,30,giou,103.0,286.9310344827586,98,13.259999069653743
0.25,0.5,20.0,60,diou,104.0,286.82191780821915,98,13.37736363792179
0.25,0.5,20.0,60,giou,112.0,288.8636363636364,105,13.26264524465741
0.25,0.5,20.0,90,diou,107.0,287.6040268456376,100,13.362446030976397
0.25,0.5,20.0,90,giou,115.0,289.5668789808917,107,13.247608230902431
0.25,0.5,20.0,120,diou,107.0,287.6174496644295,100,13.366261076186342
0.25,0.5,20.0,120,giou,115.0,289.5796178343949,107,13.251383608272027
0.25,0.5,20.0,180,diou,109.0,288.13907284768214,102,13.361484509296842
0.25,0.5,20.0,180,giou,117.0,290.0503144654088,109,13.246525202071098
0.25,0.5,20.0,240,diou,112.0,288.84415584415586,106,13.361637579047128
0.25,0.5,20.0,240,giou,120.0,290.68518518518516,113,13.246473047065864
0.4,0.01,1.0,30,diou,14.0,191.04651162790697,2,15.290391025063158
0.4,0.01,1.0,30,giou,9.0,199.6304347826087,3,15.266766369003554
0.4,0.01,1.0,60,diou,9.0,184.65853658536585,0,15.294882335665097
0.4,0.01,1.0,60,giou,7.0,194.0681818181818,2,15.272582770934948
0.4,0.01,1.0,90,diou,9.0,184.65853658536585,0,15.294882335665097
0.4,0.01,1.0,90,giou,7.0,194.0681818181818,2,15.272582770934948
0.4,0.01,1.0,120,diou,9.0,184.65853658536585,0,15.294882335665097
0.4,0.01,1.0,120,giou,7.0,194.0681818181818,2,15.272582770934948
0.4,0.01,1.0,180,diou,9.0,184.65853658536585,0,15.294882335665097
0.4,0.01,1.0,180,giou,7.0,194.0681818181818,2,15.272582770934948
0.4,0.01,1.0,240,diou,9.0,184.65853658536585,0,15.294882335665097
0.4,0.01,1.0,240,giou,7.0,194.0681818181818,2,15.272582770934948
0.4,0.01,3.0,30,diou,14.0,191.02325581395348,2,15.287676661675352
0.4,0.01,3.0,30,giou,9.0,199.58695652173913,3,15.264671207975564
0.4,0.01,3.0,60,diou,9.0,184.6341463414634,0,15.29216797227729
0.4,0.01,3.0,60,giou,7.0,194.02272727272725,2,15.27048760990696
0.4,0.01,3.0,90,diou,9.0,184.6341463414634,0,15.29216797227729
0.4,0.01,3.0,90,giou,7.0,194.0681818181818,2,15.274986937974841
0.4,0.01,3.0,120,diou,9.0,184.6341463414634,0,15.29216797227729
0.4,0.01,3.0,120,giou,7.0,194.0681818181818,2,15.274986937974841
0.4,0.01,3.0,180,diou,9.0,184.6341463414634,0,15.29216797227729
0.4,0.01,3.0,180,giou,7.0,194.0681818181818,2,15.274986937974841
0.4,0.01,3.0,240,diou,9.0,184.6341463414634,0,15.29216797227729
0.4,0.01,3.0,240,giou,7.0,194.0681818181818,2,15.274986937974841
0.4,0.01,5.0,30,diou,12.0,191.02325581395348,2,15.287676661675352
0.4,0.01,5.0,30,giou,9.0,199.58695652173913,3,15.264671207975564
0.4,0.01,5.0,60,diou,9.0,184.6341463414634,0,15.29216797227729
0.4,0.01,5.0,60,giou,7.0,194.02272727272725,2,15.27048760990696
0.4,0.01,5.0,90,diou,9.0,184.6341463414634,0,15.29216797227729
0.4,0.01,5.0,90,giou,7.0,194.0681818181818,2,15.274986937974841
0.4,0.01,5.0,120,diou,9.0,184.6341463414634,0,15.29216797227729
0.4,0.01,5.0,120,giou,7.0,194.0681818181818,2,15.274986937974841
0.4,0.01,5.0,180,diou,9.0,184.6341463414634,0,15.29216797227729
0.4,0.01,5.0,180,giou,7.0,194.0681818181818,2,15.274986937974841
0.4,0.01,5.0,240,diou,9.0,184.6341463414634,0,15.29216797227729
0.4,0.01,5.0,240,giou,7.0,194.0681818181818,2,15.274986937974841
0.4,0.01,10.0,30,diou,12.0,191.0,2,15.28829586403517
0.4,0.01,10.0,30,giou,9.0,199.58695652173913,3,15.264671207975564
0.4,0.01,10.0,60,diou,9.0,184.609756097561,0,15.292787174637109
0.4,0.01,10.0,60,giou,7.0,194.02272727272725,2,15.27048760990696
0.4,0.01,10.0,90,diou,9.0,184.609756097561,0,15.292787174637109
0.4,0.01,10.0,90,giou,7.0,194.0681818181818,2,15.274986937974841
0.4,0.01,10.0,120,diou,9.0,184.609756097561,0,15.292787174637109
0.4,0.01,10.0,120,giou,7.0,194.0681818181818,2,15.274986937974841
0.4,0.01,10.0,180,diou,9.0,184.609756097561,0,15.292787174637109
0.4,0.01,10.0,180,giou,7.0,194.0681818181818,2,15.274986937974841
0.4,0.01,10.0,240,diou,9.0,184.609756097561,0,15.292787174637109
0.4,0.01,10.0,240,giou,7.0,194.0681818181818,2,15.274986937974841
0.4,0.01,20.0,30,diou,12.0,191.0,2,15.28829586403517
0.4,0.01,20.0,30,giou,8.0,196.86666666666667,2,15.263247902179135
0.4,0.01,20.0,60,diou,9.0,184.609756097561,0,15.292787174637109
0.4,0.01,20.0,60,giou,7.0,194.02272727272725,2,15.27048760990696
0.4,0.01,20.0,90,diou,9.0,184.609756097561,0,15.292787174637109
0.4,0.01,20.0,90,giou,7.0,194.0681818181818,2,15.274986937974841
0.4,0.01,20.0,120,diou,9.0,184.609756097561,0,15.292787174637109
0.4,0.01,20.0,120,giou,7.0,194.0681818181818,2,15.274986937974841
0.4,0.01,20.0,180,diou,9.0,184.609756097561,0,15.292787174637109
0.4,0.01,20.0,180,giou,7.0,194.0681818181818,2,15.274986937974841
0.4,0.01,20.0,240,diou,9.0,184.609756097561,0,15.292787174637109
0.4,0.01,20.0,240,giou,7.0,194.0681818181818,2,15.274986937974841
0.4,0.05,1.0,30,diou,6.0,194.1590909090909,3,15.259638507663896
0.4,0.05,1.0,30,giou,11.0,207.26530612244898,5,15.243465408836789
0.4,0.05,1.0,60,diou,5.0,191.1627906976744,1,15.262494445933855
0.4,0.05,1.0,60,giou,8.0,202.40425531914894,3,15.242043434233947
0.4,0.05,1.0,90,diou,5.0,191.1627906976744,1,15.262494445933855
0.4,0.05,1.0,90,giou,8.0,202.40425531914894,3,15.242043434233947
0.4,0.05,1.0,120,diou,5.0,191.1627906976744,1,15.262494445933855
0.4,0.05,1.0,120,giou,8.0,202.40425531914894,3,15.242043434233947
0.4,0.05,1.0,180,diou,5.0,191.1627906976744,1,15.262494445933855
0.4,0.05,1.0,180,giou,8.0,202.44680851063828,3,15.24651195641539
0.4,0.05,1.0,240,diou,5.0,191.1627906976744,1,15.262494445933855
0.4,0.05,1.0,240,giou,8.0,202.44680851063828,3,15.24651195641539
0.4,0.05,3.0,30,diou,6.0,194.11363636363637,2,15.257543346635906
0.4,0.05,3.0,30,giou,11.0,207.22448979591837,5,15.241392012114192
0.4,0.05,3.0,60,diou,5.0,191.11627906976744,1,15.260399284905866
0.4,0.05,3.0,60,giou,8.0,202.36170212765956,3,15.23997003751135
0.4,0.05,3.0,90,diou,5.0,191.11627906976744,1,15.260399284905866
0.4,0.05,3.0,90,giou,8.0,202.40425531914894,3,15.244457168052946
0.4,0.05,3.0,120,diou,5.0,191.11627906976744,1,15.260399284905866
0.4,0.05,3.0,120,giou,8.0,202.40425531914894,3,15.244457168052946
0.4,0.05,3.0,180,diou,5.0,191.11627906976744,1,15.260399284905866
0.4,0.05,3.0,180,giou,8.0,202.4255319148936,3,15.246692189193798
0.4,0.05,3.0,240,diou,5.0,191.11627906976744,1,15.260399284905866
0.4,0.05,3.0,240,giou,8.0,202.4255319148936,3,15.246692189193798
0.4,0.05,5.0,30,diou,6.0,194.11363636363637,2,15.257543346635906
0.4,0.05,5.0,30,giou,11.0,207.22448979591837,5,15.241392012114192
0.4,0.05,5.0,60,diou,5.0,191.11627906976744,1,15.260399284905866
0.4,0.05,5.0,60,giou,8.0,202.36170212765956,3,15.23997003751135
0.4,0.05,5.0,90,diou,5.0,191.11627906976744,1,15.260399284905866
0.4,0.05,5.0,90,giou,8.0,202.40425531914894,3,15.244457168052946
0.4,0.05,5.0,120,diou,5.0,191.11627906976744,1,15.260399284905866
0.4,0.05,5.0,120,giou,8.0,202.40425531914894,3,15.244457168052946
0.4,0.05,5.0,180,diou,5.0,191.11627906976744,1,15.260399284905866
0.4,0.05,5.0,180,giou,8.0,202.4255319148936,3,15.246692189193798
0.4,0.05,5.0,240,diou,5.0,191.11627906976744,1,15.260399284905866
0.4,0.05,5.0,240,giou,8.0,202.4255319148936,3,15.246692189193798
0.4,0.05,10.0,30,diou,5.0,191.13953488372093,1,15.256121372033064
0.4,0.05,10.0,30,giou,10.0,204.83333333333331,4,15.23997003751135
0.4,0.05,10.0,60,diou,5.0,191.11627906976744,1,15.260399284905866
0.4,0.05,10.0,60,giou,8.0,202.36170212765956,3,15.23997003751135
0.4,0.05,10.0,90,diou,5.0,191.11627906976744,1,15.260399284905866
0.4,0.05,10.0,90,giou,8.0,202.40425531914894,3,15.244457168052946
0.4,0.05,10.0,120,diou,5.0,191.11627906976744,1,15.260399284905866
0.4,0.05,10.0,120,giou,8.0,202.40425531914894,3,15.244457168052946
0.4,0.05,10.0,180,diou,5.0,191.11627906976744,1,15.260399284905866
0.4,0.05,10.0,180,giou,8.0,202.4255319148936,3,15.246692189193798
0.4,0.05,10.0,240,diou,5.0,191.11627906976744,1,15.260399284905866
0.4,0.05,10.0,240,giou,8.0,202.4255319148936,3,15.246692189193798
0.4,0.05,20.0,30,diou,5.0,191.13953488372093,1,15.256121372033064
0.4,0.05,20.0,30,giou,11.0,207.26530612244898,5,15.224905891315746
0.4,0.05,20.0,60,diou,5.0,191.11627906976744,1,15.260399284905866
0.4,0.05,20.0,60,giou,9.0,204.89583333333331,4,15.224905891315746
0.4,0.05,20.0,90,diou,5.0,191.11627906976744,1,15.260399284905866
0.4,0.05,20.0,90,giou,9.0,204.9375,4,15.229396587610626
0.4,0.05,20.0,120,diou,5.0,191.11627906976744,1,15.260399284905866
0.4,0.05,20.0,120,giou,9.0,204.9375,4,15.229396587610626
0.4,0.05,20.0,180,diou,5.0,191.11627906976744,1,15.260399284905866
0.4,0.05,20.0,180,giou,9.0,204.95833333333331,4,15.23163333705725
0.4,0.05,20.0,240,diou,5.0,191.11627906976744,1,15.260399284905866
0.4,0.05,20.0,240,giou,9.0,204.95833333333331,4,15.23163333705725
0.4,0.1,1.0,30,diou,5.0,197.11111111111111,4,15.246623780101295
0.4,0.1,1.0,30,giou,14.0,218.51851851851853,6,15.146614337845072
0.4,0.1,1.0,60,diou,4.0,194.25,2,15.249479718371255
0.4,0.1,1.0,60,giou,12.0,214.51923076923077,4,15.147510491781533
0.4,0.1,1.0,90,diou,4.0,194.25,2,15.249479718371255
0.4,0.1,1.0,90,giou,12.0,214.51923076923077,4,15.147510491781533
0.4,0.1,1.0,120,diou,4.0,194.25,2,15.249479718371255
0.4,0.1,1.0,120,giou,12.0,214.51923076923077,4,15.147510491781533
0.4,0.1,1.0,180,diou,4.0,194.25,2,15.249479718371255
0.4,0.1,1.0,180,giou,13.0,216.60377358490567,5,15.156407582054252
0.4,0.1,1.0,240,diou,4.0,194.25,2,15.249479718371255
0.4,0.1,1.0,240,giou,13.0,216.60377358490567,5,15.156407582054252
0.4,0.1,3.0,30,diou,5.0,197.06666666666666,3,15.244535988641868
0.4,0.1,3.0,30,giou,14.0,218.51851851851853,7,15.145489177763741
0.4,0.1,3.0,60,diou,4.0,194.20454545454544,2,15.247391926911828
0.4,0.1,3.0,60,giou,12.0,214.48076923076923,4,15.145490352315162
0.4,0.1,3.0,90,diou,4.0,194.20454545454544,2,15.247391926911828
0.4,0.1,3.0,90,giou,12.0,214.51923076923077,4,15.149969290473384
0.4,0.1,3.0,120,diou,4.0,194.20454545454544,2,15.247391926911828
0.4,0.1,3.0,120,giou,12.0,214.51923076923077,4,15.149969290473384
0.4,0.1,3.0,180,diou,4.0,194.20454545454544,2,15.247391926911828
0.4,0.1,3.0,180,giou,13.0,216.56603773584905,5,15.154425068808955
0.4,0.1,3.0,240,diou,4.0,194.20454545454544,2,15.247391926911828
0.4,0.1,3.0,240,giou,13.0,216.56603773584905,5,15.154425068808955
0.4,0.1,5.0,30,diou,5.0,197.06666666666666,3,15.244535988641868
0.4,0.1,5.0,30,giou,14.0,218.51851851851853,6,15.134284476981573
0.4,0.1,5.0,60,diou,4.0,194.20454545454544,2,15.247391926911828
0.4,0.1,5.0,60,giou,12.0,214.51923076923077,4,15.135180630918036
0.4,0.1,5.0,90,diou,4.0,194.20454545454544,2,15.247391926911828
0.4,0.1,5.0,90,giou,12.0,214.55769230769232,4,15.139662425897956
0.4,0.1,5.0,120,diou,4.0,194.20454545454544,2,15.247391926911828
0.4,0.1,5.0,120,giou,12.0,214.55769230769232,4,15.139662425897956
0.4,0.1,5.0,180,diou,4.0,194.20454545454544,2,15.247391926911828
0.4,0.1,5.0,180,giou,13.0,216.60377358490567,5,15.144120956912614
0.4,0.1,5.0,240,diou,4.0,194.20454545454544,2,15.247391926911828
0.4,0.1,5.0,240,giou,13.0,216.60377358490567,5,15.144120956912614
0.4,0.1,10.0,30,diou,5.0,197.06666666666666,3,15.244535988641868
0.4,0.1,10.0,30,giou,14.0,218.51851851851853,6,15.134284476981573
0.4,0.1,10.0,60,diou,4.0,194.20454545454544,2,15.247391926911828
0.4,0.1,10.0,60,giou,12.0,214.51923076923077,4,15.135180630918036
0.4,0.1,10.0,90,diou,4.0,194.20454545454544,2,15.247391926911828
0.4,0.1,10.0,90,giou,12.0,214.55769230769232,4,15.139662425897956
0.4,0.1,10.0,120,diou,4.0,194.20454545454544,2,15.247391926911828
0.4,0.1,10.0,120,giou,12.0,214.55769230769232,4,15.139662425897956
0.4,0.1,10.0,180,diou,4.0,194.20454545454544,2,15.247391926911828
0.4,0.1,10.0,180,giou,13.0,216.60377358490567,5,15.144120956912614
0.4,0.1,10.0,240,diou,4.0,194.20454545454544,2,15.247391926911828
0.4,0.1,10.0,240,giou,13.0,216.60377358490567,5,15.144120956912614
0.4,0.1,20.0,30,diou,5.0,197.06666666666666,3,15.244535988641868
0.4,0.1,20.0,30,giou,14.0,218.51851851851853,6,15.134284476981573
0.4,0.1,20.0,60,diou,4.0,194.20454545454544,2,15.247391926911828
0.4,0.1,20.0,60,giou,12.0,214.51923076923077,4,15.135180630918036
0.4,0.1,20.0,90,diou,4.0,194.20454545454544,2,15.247391926911828
0.4,0.1,20.0,90,giou,12.0,214.55769230769232,4,15.139662425897956
0.4,0.1,20.0,120,diou,4.0,194.20454545454544,2,15.247391926911828
0.4,0.1,20.0,120,giou,12.0,214.55769230769232,4,15.139662425897956
0.4,0.1,20.0,180,diou,4.0,194.20454545454544,2,15.247391926911828
0.4,0.1,20.0,180,giou,13.0,216.60377358490567,5,15.144120956912614
0.4,0.1,20.0,240,diou,4.0,194.20454545454544,2,15.247391926911828
0.4,0.1,20.0,240,giou,13.0,216.60377358490567,5,15.144120956912614
0.4,0.2,1.0,30,diou,11.0,212.11764705882354,6,15.195151560112112
0.4,0.2,1.0,30,giou,21.0,233.92063492063494,12,15.077920475582339
0.4,0.2,1.0,60,diou,9.0,207.6326530612245,3,15.191057704510776
0.4,0.2,1.0,60,giou,19.0,231.11475409836066,8,15.061199838603878
0.4,0.2,1.0,90,diou,9.0,207.6122448979592,3,15.193060385998914
0.4,0.2,1.0,90,giou,19.0,231.11475409836066,8,15.061199838603878
0.4,0.2,1.0,120,diou,9.0,207.6122448979592,3,15.193060385998914
0.4,0.2,1.0,120,giou,19.0,231.11475409836066,8,15.061199838603878
0.4,0.2,1.0,180,diou,9.0,207.6530612244898,3,15.197511911849547
0.4,0.2,1.0,180,giou,19.0,231.08196721311475,8,15.056803738285556
0.4,0.2,1.0,240,diou,9.0,207.6530612244898,3,15.197511911849547
0.4,0.2,1.0,240,giou,19.0,231.08196721311475,8,15.056803738285556
0.4,0.2,3.0,30,diou,11.0,212.078431372549,5,15.193114546286257
0.4,0.2,3.0,30,giou,21.0,233.88888888888889,12,15.076001244258881
0.4,0.2,3.0,60,diou,9.0,207.59183673469386,3,15.189020690684918
0.4,0.2,3.0,60,giou,19.0,231.04918032786884,9,15.06121108951515
0.4,0.2,3.0,90,diou,9.0,207.57142857142856,3,15.191023372173056
0.4,0.2,3.0,90,giou,19.0,231.04918032786884,9,15.06121108951515
0.4,0.2,3.0,120,diou,9.0,207.57142857142856,3,15.191023372173056
0.4,0.2,3.0,120,giou,19.0,231.04918032786884,9,15.06121108951515
0.4,0.2,3.0,180,diou,9.0,207.6122448979592,3,15.19549357952936
0.4,0.2,3.0,180,giou,19.0,231.01639344262296,9,15.056781564319746
0.4,0.2,3.0,240,diou,9.0,207.6122448979592,3,15.19549357952936
0.4,0.2,3.0,240,giou,19.0,231.01639344262296,9,15.056781564319746
0.4,0.2,5.0,30,diou,11.0,212.078431372549,5,15.193114546286257
0.4,0.2,5.0,30,giou,21.0,233.88888888888889,12,15.076001244258881
0.4,0.2,5.0,60,diou,9.0,207.59183673469386,3,15.189020690684918
0.4,0.2,5.0,60,giou,19.0,231.04918032786884,9,15.06121108951515
0.4,0.2,5.0,90,diou,9.0,207.57142857142856,3,15.191023372173056
0.4,0.2,5.0,90,giou,19.0,231.04918032786884,9,15.06121108951515
0.4,0.2,5.0,120,diou,9.0,207.57142857142856,3,15.191023372173056
0.4,0.2,5.0,120,giou,19.0,231.04918032786884,9,15.06121108951515
0.4,0.2,5.0,180,diou,9.0,207.6122448979592,3,15.19549357952936
0.4,0.2,5.0,180,giou,19.0,231.01639344262296,9,15.056781564319746
0.4,0.2,5.0,240,diou,9.0,207.6122448979592,3,15.19549357952936
0.4,0.2,5.0,240,giou,19.0,231.01639344262296,9,15.056781564319746
0.4,0.2,10.0,30,diou,11.0,212.078431372549,5,15.193114546286257
0.4,0.2,10.0,30,giou,21.0,233.88888888888889,12,15.076001244258881
0.4,0.2,10.0,60,diou,9.0,207.59183673469386,3,15.189020690684918
0.4,0.2,10.0,60,giou,19.0,231.04918032786884,9,15.06121108951515
0.4,0.2,10.0,90,diou,9.0,207.57142857142856,3,15.191023372173056
0.4,0.2,10.0,90,giou,19.0,231.04918032786884,9,15.06121108951515
0.4,0.2,10.0,120,diou,9.0,207.57142857142856,3,15.191023372173056
0.4,0.2,10.0,120,giou,19.0,231.04918032786884,9,15.06121108951515
0.4,0.2,10.0,180,diou,9.0,207.6122448979592,3,15.19549357952936
0.4,0.2,10.0,180,giou,19.0,231.01639344262296,9,15.056781564319746
0.4,0.2,10.0,240,diou,9.0,207.6122448979592,3,15.19549357952936
0.4,0.2,10.0,240,giou,19.0,231.01639344262296,9,15.056781564319746
0.4,0.2,20.0,30,diou,12.0,214.21153846153845,6,15.18295083782468
0.4,0.2,20.0,30,giou,22.0,235.265625,13,15.073226427480899
0.4,0.2,20.0,60,diou,10.0,209.9,4,15.178856982223344
0.4,0.2,20.0,60,giou,20.0,232.51612903225805,10,15.058436272737167
0.4,0.2,20.0,90,diou,10.0,209.88,4,15.180859663711482
0.4,0.2,20.0,90,giou,20.0,232.51612903225805,10,15.058436272737167
0.4,0.2,20.0,120,diou,10.0,209.88,4,15.180859663711482
0.4,0.2,20.0,120,giou,20.0,232.51612903225805,10,15.058436272737167
0.4,0.2,20.0,180,diou,10.0,209.92000000000002,4,15.185332407727293
0.4,0.2,20.0,180,giou,20.0,232.48387096774195,10,15.05400961615778
0.4,0.2,20.0,240,diou,10.0,209.92000000000002,4,15.185332407727293
0.4,0.2,20.0,240,giou,20.0,232.48387096774195,10,15.05400961615778
0.4,0.3,1.0,30,diou,31.0,246.02739726027397,22,15.033096890048316
0.4,0.3,1.0,30,giou,34.0,249.17105263157896,23,15.007941671479518
0.4,0.3,1.0,60,diou,30.0,244.97222222222223,20,15.023513945464728
0.4,0.3,1.0,60,giou,36.0,251.0897435897436,23,14.993917863904453
0.4,0.3,1.0,90,diou,31.0,246.013698630137,21,15.021000120247386
0.4,0.3,1.0,90,giou,37.0,251.9746835443038,25,14.99139531126422
0.4,0.3,1.0,120,diou,31.0,246.0,20,15.012960702132467
0.4,0.3,1.0,120,giou,37.0,251.9620253164557,24,14.98340586701799
0.4,0.3,1.0,180,diou,31.0,246.0,20,15.012960702132467
0.4,0.3,1.0,180,giou,37.0,251.9620253164557,24,14.98340586701799
0.4,0.3,1.0,240,diou,31.0,246.0,20,15.012960702132467
0.4,0.3,1.0,240,giou,37.0,251.9620253164557,24,14.98340586701799
0.4,0.3,3.0,30,diou,31.0,246.0,22,15.03120588456563
0.4,0.3,3.0,30,giou,34.0,249.14473684210526,23,15.006055396025989
0.4,0.3,3.0,60,diou,30.0,244.97222222222223,19,15.018483749462604
0.4,0.3,3.0,60,giou,34.0,249.17105263157896,21,14.993387633776091
0.4,0.3,3.0,90,diou,31.0,246.04109589041096,20,15.017844451690248
0.4,0.3,3.0,90,giou,35.0,250.12987012987014,22,14.99273942063758
0.4,0.3,3.0,120,diou,30.0,244.95833333333331,19,15.01123395027922
0.4,0.3,3.0,120,giou,34.0,249.1578947368421,21,14.986129752919865
0.4,0.3,3.0,180,diou,30.0,244.95833333333331,19,15.01123395027922
0.4,0.3,3.0,180,giou,34.0,249.1578947368421,21,14.986129752919865
0.4,0.3,3.0,240,diou,30.0,244.95833333333331,19,15.01123395027922
0.4,0.3,3.0,240,giou,34.0,249.1578947368421,21,14.986129752919865
0.4,0.3,5.0,30,diou,31.0,246.0,22,15.03120588456563
0.4,0.3,5.0,30,giou,34.0,249.14473684210526,23,15.006055396025989
0.4,0.3,5.0,60,diou,30.0,244.94444444444446,20,15.021622939982041
0.4,0.3,5.0,60,giou,34.0,249.14473684210526,22,14.99653985387269
0.4,0.3,5.0,90,diou,31.0,246.013698630137,21,15.021000120247386
0.4,0.3,5.0,90,giou,35.0,250.1038961038961,23,14.995908160645346
0.4,0.3,5.0,120,diou,30.0,244.93055555555554,20,15.014374467517058
0.4,0.3,5.0,120,giou,34.0,249.13157894736844,22,14.989283350402903
0.4,0.3,5.0,180,diou,30.0,244.93055555555554,20,15.014374467517058
0.4,0.3,5.0,180,giou,34.0,249.13157894736844,22,14.989283350402903
0.4,0.3,5.0,240,diou,30.0,244.93055555555554,20,15.014374467517058
0.4,0.3,5.0,240,giou,34.0,249.13157894736844,22,14.989283350402903
0.4,0.3,10.0,30,diou,31.0,246.0,22,15.03120588456563
0.4,0.3,10.0,30,giou,34.0,249.14473684210526,23,15.006055396025989
0.4,0.3,10.0,60,diou,30.0,244.94444444444446,20,15.021622939982041
0.4,0.3,10.0,60,giou,34.0,249.14473684210526,22,14.99653985387269
0.4,0.3,10.0,90,diou,31.0,246.013698630137,21,15.021000120247386
0.4,0.3,10.0,90,giou,35.0,250.1038961038961,23,14.995908160645346
0.4,0.3,10.0,120,diou,30.0,244.93055555555554,20,15.014374467517058
0.4,0.3,10.0,120,giou,34.0,249.13157894736844,22,14.989283350402903
0.4,0.3,10.0,180,diou,30.0,244.93055555555554,20,15.014374467517058
0.4,0.3,10.0,180,giou,34.0,249.13157894736844,22,14.989283350402903
0.4,0.3,10.0,240,diou,30.0,244.93055555555554,20,15.014374467517058
0.4,0.3,10.0,240,giou,34.0,249.13157894736844,22,14.989283350402903
0.4,0.3,20.0,30,diou,32.0,247.01351351351352,23,15.03120588456563
0.4,0.3,20.0,30,giou,35.0,250.12987012987014,24,14.989610356644523
0.4,0.3,20.0,60,diou,31.0,245.986301369863,21,15.021622939982041
0.4,0.3,20.0,60,giou,35.0,250.12987012987014,23,14.980094814491224
0.4,0.3,20.0,90,diou,32.0,247.02702702702703,22,15.021000120247386
0.4,0.3,20.0,90,giou,36.0,251.06410256410257,24,14.979427303826494
0.4,0.3,20.0,120,diou,31.0,245.97260273972603,21,15.014374467517058
0.4,0.3,20.0,120,giou,35.0,250.11688311688312,23,14.972805602011054
0.4,0.3,20.0,180,diou,31.0,245.97260273972603,21,15.014374467517058
0.4,0.3,20.0,180,giou,35.0,250.11688311688312,23,14.972805602011054
0.4,0.3,20.0,240,diou,31.0,245.97260273972603,21,15.014374467517058
0.4,0.3,20.0,240,giou,35.0,250.11688311688312,23,14.972805602011054
0.4,0.5,1.0,30,diou,99.0,285.4751773049645,94,13.42950262279933
0.4,0.5,1.0,30,giou,104.0,287.1986301369863,99,13.241985043775843
0.4,0.5,1.0,60,diou,103.0,286.53793103448277,97,13.38774278692732
0.4,0.5,1.0,60,giou,112.0,288.84415584415586,105,13.257641850784262
0.4,0.5,1.0,90,diou,107.0,287.56375838926175,100,13.366554972303668
0.4,0.5,1.0,90,giou,116.0,289.753164556962,108,13.236293391342189
0.4,0.5,1.0,120,diou,107.0,287.5771812080537,100,13.370376993177079
0.4,0.5,1.0,120,giou,116.0,289.7658227848101,108,13.240068768711783
0.4,0.5,1.0,180,diou,109.0,288.0993377483444,102,13.366025598849323
0.4,0.5,1.0,180,giou,118.0,290.23125,110,13.235636887206425
0.4,0.5,1.0,240,diou,112.0,288.7922077922078,106,13.365640659860222
0.4,0.5,1.0,240,giou,121.0,290.84662576687117,114,13.234828247556413
0.4,0.5,3.0,30,diou,99.0,285.4609929078014,93,13.433814427520723
0.4,0.5,3.0,30,giou,103.0,286.9655172413793,98,13.24250372740253
0.4,0.5,3.0,60,diou,104.0,286.8013698630137,97,13.377450619247057
0.4,0.5,3.0,60,giou,112.0,288.87012987012986,104,13.250759607685346
0.4,0.5,3.0,90,diou,108.0,287.82,100,13.361003251468976
0.4,0.5,3.0,90,giou,116.0,289.7848101265823,107,13.234193369970283
0.4,0.5,3.0,120,diou,108.0,287.8333333333333,100,13.364818296678923
0.4,0.5,3.0,120,giou,116.0,289.7848101265823,107,13.234193369970283
0.4,0.5,3.0,180,diou,111.0,288.5751633986928,104,13.35901870337042
0.4,0.5,3.0,180,giou,119.0,290.45341614906835,111,13.228297772750675
0.4,0.5,3.0,240,diou,113.0,289.01935483870966,106,13.36279599293666
0.4,0.5,3.0,240,giou,121.0,290.85276073619633,113,13.231896129708877
0.4,0.5,5.0,30,diou,99.0,285.4751773049645,93,13.431682368870177
0.4,0.5,5.0,30,giou,104.0,287.1849315068493,98,13.252418260732552
0.4,0.5,5.0,60,diou,104.0,286.82191780821915,97,13.373005113236758
0.4,0.5,5.0,60,giou,112.0,288.8636363636364,104,13.258272481542576
0.4,0.5,5.0,90,diou,108.0,287.82666666666665,100,13.358114392925462
0.4,0.5,5.0,90,giou,116.0,289.7658227848101,107,13.243262397105067
0.4,0.5,5.0,120,diou,108.0,287.84000000000003,100,13.361929438135407
0.4,0.5,5.0,120,giou,116.0,289.7658227848101,107,13.243262397105067
0.4,0.5,5.0,180,diou,111.0,288.58169934640523,104,13.35604037575399
0.4,0.5,5.0,180,giou,119.0,290.4347826086956,111,13.237276921898566
0.4,0.5,5.0,240,diou,113.0,289.0322580645161,106,13.359234567615491
0.4,0.5,5.0,240,giou,121.0,290.840490797546,113,13.240302876253981
0.4,0.5,10.0,30,diou,98.0,285.23571428571427,92,13.416317888735646
0.4,0.5,10.0,30,giou,103.0,286.9655172413793,97,13.237070389063556
0.4,0.5,10.0,60,diou,103.0,286.6,96,13.357452296697867
0.4,0.5,10.0,60,giou,111.0,288.6666666666667,103,13.242736273469218
0.4,0.5,10.0,90,diou,107.0,287.6174496644295,99,13.342416199021566
0.4,0.5,10.0,90,giou,115.0,289.5796178343949,106,13.227580811666705
0.4,0.5,10.0,120,diou,107.0,287.6308724832215,99,13.346231244231513
0.4,0.5,10.0,120,giou,115.0,289.5796178343949,106,13.227580811666705
0.4,0.5,10.0,180,diou,110.0,288.38157894736844,103,13.340342181850096
0.4,0.5,10.0,180,giou,118.0,290.25625,110,13.221595336460204
0.4,0.5,10.0,240,diou,112.0,288.85064935064935,105,13.342332101875316
0.4,0.5,10.0,240,giou,120.0,290.679012345679,112,13.223402208797344
0.4,0.5,20.0,30,diou,98.0,285.2,93,13.439223960048192
0.4,0.5,20.0,30,giou,103.0,286.9310344827586,98,13.259999069653743
0.4,0.5,20.0,60,diou,104.0,286.82191780821915,98,13.37736363792179
0.4,0.5,20.0,60,giou,112.0,288.8636363636364,105,13.26264524465741
0.4,0.5,20.0,90,diou,107.0,287.6040268456376,100,13.362446030976397
0.4,0.5,20.0,90,giou,115.0,289.5668789808917,107,13.247608230902431
0.4,0.5,20.0,120,diou,107.0,287.6174496644295,100,13.366261076186342
0.4,0.5,20.0,120,giou,115.0,289.5796178343949,107,13.251383608272027
0.4,0.5,20.0,180,diou,109.0,288.13907284768214,102,13.361484509296842
0.4,0.5,20.0,180,giou,117.0,290.0503144654088,109,13.246525202071098
0.4,0.5,20.0,240,diou,112.0,288.84415584415586,106,13.361637579047128
0.4,0.5,20.0,240,giou,120.0,290.68518518518516,113,13.246473047065864
0.55,0.01,1.0,30,diou,8.0,185.58536585365854,1,15.200650495745847
0.55,0.01,1.0,30,giou,6.0,195.0681818181818,2,15.162639592967931
0.55,0.01,1.0,60,diou,7.0,185.6829268292683,0,15.182550430932091
0.55,0.01,1.0,60,giou,5.0,195.0681818181818,2,15.162639592967931
0.55,0.01,1.0,90,diou,7.0,185.6829268292683,0,15.182550430932091
0.55,0.01,1.0,90,giou,5.0,195.0681818181818,2,15.162639592967931
0.55,0.01,1.0,120,diou,7.0,185.6829268292683,0,15.182550430932091
0.55,0.01,1.0,120,giou,5.0,195.0681818181818,2,15.162639592967931
0.55,0.01,1.0,180,diou,7.0,185.6829268292683,0,15.182550430932091
0.55,0.01,1.0,180,giou,5.0,195.11363636363637,2,15.167118300209717
0.55,0.01,1.0,240,diou,7.0,185.6829268292683,0,15.182550430932091
0.55,0.01,1.0,240,giou,5.0,195.11363636363637,2,15.167118300209717
0.55,0.01,3.0,30,diou,8.0,185.53658536585365,1,15.198581214528083
0.55,0.01,3.0,30,giou,6.0,195.02272727272725,2,15.160581853746162
0.55,0.01,3.0,60,diou,7.0,185.6341463414634,0,15.1804881867004
0.55,0.01,3.0,60,giou,5.0,195.02272727272725,2,15.160581853746162
0.55,0.01,3.0,90,diou,7.0,185.6341463414634,0,15.1804881867004
0.55,0.01,3.0,90,giou,5.0,195.0681818181818,2,15.165079350665495
0.55,0.01,3.0,120,diou,7.0,185.6341463414634,0,15.1804881867004
0.55,0.01,3.0,120,giou,5.0,195.0681818181818,2,15.165079350665495
0.55,0.01,3.0,180,diou,7.0,185.6341463414634,0,15.1804881867004
0.55,0.01,3.0,180,giou,5.0,195.0909090909091,2,15.167319449445138
0.55,0.01,3.0,240,diou,7.0,185.6341463414634,0,15.1804881867004
0.55,0.01,3.0,240,giou,5.0,195.0909090909091,2,15.167319449445138
0.55,0.01,5.0,30,diou,8.0,185.53658536585365,1,15.198581214528083
0.55,0.01,5.0,30,giou,6.0,195.02272727272725,2,15.160581853746162
0.55,0.01,5.0,60,diou,7.0,185.6341463414634,0,15.1804881867004
0.55,0.01,5.0,60,giou,5.0,195.02272727272725,2,15.160581853746162
0.55,0.01,5.0,90,diou,7.0,185.6341463414634,0,15.1804881867004
0.55,0.01,5.0,90,giou,5.0,195.0681818181818,2,15.165079350665495
0.55,0.01,5.0,120,diou,7.0,185.6341463414634,0,15.1804881867004
0.55,0.01,5.0,120,giou,5.0,195.0681818181818,2,15.165079350665495
0.55,0.01,5.0,180,diou,7.0,185.6341463414634,0,15.1804881867004
0.55,0.01,5.0,180,giou,5.0,195.0909090909091,2,15.167319449445138
0.55,0.01,5.0,240,diou,7.0,185.6341463414634,0,15.1804881867004
0.55,0.01,5.0,240,giou,5.0,195.0909090909091,2,15.167319449445138
0.55,0.01,10.0,30,diou,8.0,185.53658536585365,1,15.198581214528083
0.55,0.01,10.0,30,giou,6.0,195.02272727272725,1,15.160581853746162
0.55,0.01,10.0,60,diou,7.0,185.6341463414634,0,15.1804881867004
0.55,0.01,10.0,60,giou,5.0,195.02272727272725,1,15.160581853746162
0.55,0.01,10.0,90,diou,7.0,185.6341463414634,0,15.1804881867004
0.55,0.01,10.0,90,giou,5.0,195.0681818181818,1,15.165079350665495
0.55,0.01,10.0,120,diou,7.0,185.6341463414634,0,15.1804881867004
0.55,0.01,10.0,120,giou,5.0,195.0681818181818,1,15.165079350665495
0.55,0.01,10.0,180,diou,7.0,185.6341463414634,0,15.1804881867004
0.55,0.01,10.0,180,giou,5.0,195.0909090909091,1,15.167319449445138
0.55,0.01,10.0,240,diou,7.0,185.6341463414634,0,15.1804881867004
0.55,0.01,10.0,240,giou,5.0,195.0909090909091,1,15.167319449445138
0.55,0.01,20.0,30,diou,8.0,185.58536585365854,1,15.19606147014805
0.55,0.01,20.0,30,giou,6.0,195.02272727272725,1,15.160581853746162
0.55,0.01,20.0,60,diou,7.0,185.6829268292683,0,15.177968442320367
0.55,0.01,20.0,60,giou,5.0,195.02272727272725,1,15.160581853746162
0.55,0.01,20.0,90,diou,7.0,185.6829268292683,0,15.177968442320367
0.55,0.01,20.0,90,giou,5.0,195.0681818181818,1,15.165079350665495
0.55,0.01,20.0,120,diou,7.0,185.6829268292683,0,15.177968442320367
0.55,0.01,20.0,120,giou,5.0,195.0681818181818,1,15.165079350665495
0.55,0.01,20.0,180,diou,7.0,185.6829268292683,0,15.177968442320367
0.55,0.01,20.0,180,giou,5.0,195.0909090909091,1,15.167319449445138
0.55,0.01,20.0,240,diou,7.0,185.6829268292683,0,15.177968442320367
0.55,0.01,20.0,240,giou,5.0,195.0909090909091,1,15.167319449445138
0.55,0.05,1.0,30,diou,5.0,192.11627906976744,2,15.166491979869866
0.55,0.05,1.0,30,giou,7.0,203.3404255319149,5,15.147341233122253
0.55,0.05,1.0,60,diou,4.0,192.11627906976744,2,15.166491979869866
0.55,0.05,1.0,60,giou,6.0,200.76086956521738,4,15.14593496340721
0.55,0.05,1.0,90,diou,4.0,192.11627906976744,2,15.166491979869866
0.55,0.05,1.0,90,giou,6.0,200.76086956521738,4,15.14593496340721
0.55,0.05,1.0,120,diou,4.0,192.11627906976744,2,15.166491979869866
0.55,0.05,1.0,120,giou,6.0,200.76086956521738,4,15.14593496340721
0.55,0.05,1.0,180,diou,4.0,192.11627906976744,2,15.166491979869866
0.55,0.05,1.0,180,giou,6.0,200.80434782608694,4,15.150399183805748
0.55,0.05,1.0,240,diou,4.0,192.11627906976744,2,15.166491979869866
0.55,0.05,1.0,240,giou,6.0,200.80434782608694,4,15.150399183805748
0.55,0.05,3.0,30,diou,5.0,192.06976744186048,2,15.164429735638175
0.55,0.05,3.0,30,giou,7.0,203.29787234042553,5,15.145298395528263
0.55,0.05,3.0,60,diou,4.0,192.06976744186048,2,15.164429735638175
0.55,0.05,3.0,60,giou,6.0,200.7173913043478,4,15.14389212581322
0.55,0.05,3.0,90,diou,4.0,192.06976744186048,2,15.164429735638175
0.55,0.05,3.0,90,giou,6.0,200.76086956521738,4,15.14837510122058
0.55,0.05,3.0,120,diou,4.0,192.06976744186048,2,15.164429735638175
0.55,0.05,3.0,120,giou,6.0,200.76086956521738,4,15.14837510122058
0.55,0.05,3.0,180,diou,4.0,192.06976744186048,2,15.164429735638175
0.55,0.05,3.0,180,giou,6.0,200.7826086956522,4,15.150607956941982
0.55,0.05,3.0,240,diou,4.0,192.06976744186048,2,15.164429735638175
0.55,0.05,3.0,240,giou,6.0,200.7826086956522,4,15.150607956941982
0.55,0.05,5.0,30,diou,5.0,192.06976744186048,2,15.164429735638175
0.55,0.05,5.0,30,giou,7.0,203.29787234042553,5,15.145298395528263
0.55,0.05,5.0,60,diou,4.0,192.06976744186048,2,15.164429735638175
0.55,0.05,5.0,60,giou,6.0,200.7173913043478,4,15.14389212581322
0.55,0.05,5.0,90,diou,4.0,192.06976744186048,2,15.164429735638175
0.55,0.05,5.0,90,giou,6.0,200.76086956521738,4,15.14837510122058
0.55,0.05,5.0,120,diou,4.0,192.06976744186048,2,15.164429735638175
0.55,0.05,5.0,120,giou,6.0,200.76086956521738,4,15.14837510122058
0.55,0.05,5.0,180,diou,4.0,192.06976744186048,2,15.164429735638175
0.55,0.05,5.0,180,giou,6.0,200.7826086956522,4,15.150607956941982
0.55,0.05,5.0,240,diou,4.0,192.06976744186048,2,15.164429735638175
0.55,0.05,5.0,240,giou,6.0,200.7826086956522,4,15.150607956941982
0.55,0.05,10.0,30,diou,5.0,192.06976744186048,1,15.164429735638175
0.55,0.05,10.0,30,giou,7.0,203.29787234042553,5,15.145298395528263
0.55,0.05,10.0,60,diou,4.0,192.06976744186048,1,15.164429735638175
0.55,0.05,10.0,60,giou,6.0,200.7173913043478,4,15.14389212581322
0.55,0.05,10.0,90,diou,4.0,192.06976744186048,1,15.164429735638175
0.55,0.05,10.0,90,giou,6.0,200.76086956521738,4,15.14837510122058
0.55,0.05,10.0,120,diou,4.0,192.06976744186048,1,15.164429735638175
0.55,0.05,10.0,120,giou,6.0,200.76086956521738,4,15.14837510122058
0.55,0.05,10.0,180,diou,4.0,192.06976744186048,1,15.164429735638175
0.55,0.05,10.0,180,giou,6.0,200.7826086956522,4,15.150607956941982
0.55,0.05,10.0,240,diou,4.0,192.06976744186048,1,15.164429735638175
0.55,0.05,10.0,240,giou,6.0,200.7826086956522,4,15.150607956941982
0.55,0.05,20.0,30,diou,5.0,192.06976744186048,1,15.164429735638175
0.55,0.05,20.0,30,giou,7.0,203.29787234042553,4,15.145298395528263
0.55,0.05,20.0,60,diou,4.0,192.06976744186048,1,15.164429735638175
0.55,0.05,20.0,60,giou,6.0,200.7173913043478,3,15.14389212581322
0.55,0.05,20.0,90,diou,4.0,192.06976744186048,1,15.164429735638175
0.55,0.05,20.0,90,giou,6.0,200.76086956521738,3,15.14837510122058
0.55,0.05,20.0,120,diou,4.0,192.06976744186048,1,15.164429735638175
0.55,0.05,20.0,120,giou,6.0,200.76086956521738,3,15.14837510122058
0.55,0.05,20.0,180,diou,4.0,192.06976744186048,1,15.164429735638175
0.55,0.05,20.0,180,giou,6.0,200.7826086956522,3,15.150607956941982
0.55,0.05,20.0,240,diou,4.0,192.06976744186048,1,15.164429735638175
0.55,0.05,20.0,240,giou,6.0,200.7826086956522,3,15.150607956941982
0.55,0.1,1.0,30,diou,6.0,200.69565217391306,4,15.150767065032397
0.55,0.1,1.0,30,giou,14.0,219.27777777777777,7,15.053032133221665
0.55,0.1,1.0,60,diou,5.0,198.0,3,15.149360795317355
0.55,0.1,1.0,60,giou,13.0,217.30188679245282,6,15.053950105121144
0.55,0.1,1.0,90,diou,5.0,198.0,3,15.149360795317355
0.55,0.1,1.0,90,giou,13.0,217.30188679245282,6,15.053950105121144
0.55,0.1,1.0,120,diou,5.0,198.0,3,15.149360795317355
0.55,0.1,1.0,120,giou,13.0,217.30188679245282,6,15.053950105121144
0.55,0.1,1.0,180,diou,5.0,198.04444444444445,3,15.153832256383426
0.55,0.1,1.0,180,giou,14.0,219.2962962962963,7,15.062844049162612
0.55,0.1,1.0,240,diou,5.0,198.04444444444445,3,15.153832256383426
0.55,0.1,1.0,240,giou,14.0,219.2962962962963,7,15.062844049162612
0.55,0.1,3.0,30,diou,6.0,200.6521739130435,4,15.148716777583886
0.55,0.1,3.0,30,giou,14.0,219.24074074074076,7,15.051046661344172
0.55,0.1,3.0,60,diou,5.0,197.95555555555555,3,15.147310507868843
0.55,0.1,3.0,60,giou,13.0,217.26415094339623,6,15.051964633243651
0.55,0.1,3.0,90,diou,5.0,197.95555555555555,3,15.147310507868843
0.55,0.1,3.0,90,giou,13.0,217.30188679245282,6,15.056442345756276
0.55,0.1,3.0,120,diou,5.0,197.95555555555555,3,15.147310507868843
0.55,0.1,3.0,120,giou,13.0,217.30188679245282,6,15.056442345756276
0.55,0.1,3.0,180,diou,5.0,198.0,3,15.151800741240542
0.55,0.1,3.0,180,giou,14.0,219.25925925925924,7,15.060896588675869
0.55,0.1,3.0,240,diou,5.0,198.0,3,15.151800741240542
0.55,0.1,3.0,240,giou,14.0,219.25925925925924,7,15.060896588675869
0.55,0.1,5.0,30,diou,6.0,200.6521739130435,4,15.148716777583886
0.55,0.1,5.0,30,giou,14.0,219.27777777777777,7,15.04053357366992
0.55,0.1,5.0,60,diou,5.0,197.95555555555555,3,15.147310507868843
0.55,0.1,5.0,60,giou,13.0,217.30188679245282,6,15.0414515455694
0.55,0.1,5.0,90,diou,5.0,197.95555555555555,3,15.147310507868843
0.55,0.1,5.0,90,giou,13.0,217.33962264150944,6,15.045932513521315
0.55,0.1,5.0,120,diou,5.0,197.95555555555555,3,15.147310507868843
0.55,0.1,5.0,120,giou,13.0,217.33962264150944,6,15.045932513521315
0.55,0.1,5.0,180,diou,5.0,198.0,3,15.151800741240542
0.55,0.1,5.0,180,giou,14.0,219.2962962962963,7,15.050389901711586
0.55,0.1,5.0,240,diou,5.0,198.0,3,15.151800741240542
0.55,0.1,5.0,240,giou,14.0,219.2962962962963,7,15.050389901711586
0.55,0.1,10.0,30,diou,6.0,200.6521739130435,3,15.148716777583886
0.55,0.1,10.0,30,giou,14.0,219.27777777777777,7,15.04053357366992
0.55,0.1,10.0,60,diou,5.0,197.95555555555555,2,15.147310507868843
0.55,0.1,10.0,60,giou,13.0,217.30188679245282,6,15.0414515455694
0.55,0.1,10.0,90,diou,5.0,197.95555555555555,2,15.147310507868843
0.55,0.1,10.0,90,giou,13.0,217.33962264150944,6,15.045932513521315
0.55,0.1,10.0,120,diou,5.0,197.95555555555555,2,15.147310507868843
0.55,0.1,10.0,120,giou,13.0,217.33962264150944,6,15.045932513521315
0.55,0.1,10.0,180,diou,5.0,198.0,2,15.151800741240542
0.55,0.1,10.0,180,giou,14.0,219.2962962962963,7,15.050389901711586
0.55,0.1,10.0,240,diou,5.0,198.0,2,15.151800741240542
0.55,0.1,10.0,240,giou,14.0,219.2962962962963,7,15.050389901711586
0.55,0.1,20.0,30,diou,6.0,200.6521739130435,3,15.148716777583886
0.55,0.1,20.0,30,giou,14.0,219.27777777777777,6,15.04053357366992
0.55,0.1,20.0,60,diou,5.0,197.95555555555555,2,15.147310507868843
0.55,0.1,20.0,60,giou,13.0,217.30188679245282,5,15.0414515455694
0.55,0.1,20.0,90,diou,5.0,197.95555555555555,2,15.147310507868843
0.55,0.1,20.0,90,giou,13.0,217.33962264150944,5,15.045932513521315
0.55,0.1,20.0,120,diou,5.0,197.95555555555555,2,15.147310507868843
0.55,0.1,20.0,120,giou,13.0,217.33962264150944,5,15.045932513521315
0.55,0.1,20.0,180,diou,5.0,198.0,2,15.151800741240542
0.55,0.1,20.0,180,giou,14.0,219.2962962962963,6,15.050389901711586
0.55,0.1,20.0,240,diou,5.0,198.0,2,15.151800741240542
0.55,0.1,20.0,240,giou,14.0,219.2962962962963,6,15.050389901711586
0.55,0.2,1.0,30,diou,11.0,212.84313725490196,7,15.123248542697084
0.55,0.2,1.0,30,giou,21.0,234.5079365079365,14,15.004149789764245
0.55,0.2,1.0,60,diou,9.0,208.3877551020408,5,15.119487206860411
0.55,0.2,1.0,60,giou,19.0,231.70491803278688,10,14.989281809335157
0.55,0.2,1.0,90,diou,9.0,208.3877551020408,5,15.119487206860411
0.55,0.2,1.0,90,giou,19.0,231.70491803278688,10,14.989281809335157
0.55,0.2,1.0,120,diou,9.0,208.3877551020408,5,15.119487206860411
0.55,0.2,1.0,120,giou,19.0,231.70491803278688,10,14.989281809335157
0.55,0.2,1.0,180,diou,9.0,208.42857142857144,5,15.123930993200826
0.55,0.2,1.0,180,giou,19.0,231.672131147541,10,14.984892792739704
0.55,0.2,1.0,240,diou,9.0,208.42857142857144,5,15.123930993200826
0.55,0.2,1.0,240,giou,19.0,231.672131147541,10,14.984892792739704
0.55,0.2,3.0,30,diou,11.0,212.80392156862746,7,15.121231630100581
0.55,0.2,3.0,30,giou,21.0,234.47619047619048,14,15.002251252147278
0.55,0.2,3.0,60,diou,9.0,208.3469387755102,5,15.117470294263908
0.55,0.2,3.0,60,giou,19.0,231.63934426229508,11,14.989348539911646
0.55,0.2,3.0,90,diou,9.0,208.3469387755102,5,15.117470294263908
0.55,0.2,3.0,90,giou,19.0,231.63934426229508,11,14.989348539911646
0.55,0.2,3.0,120,diou,9.0,208.3469387755102,5,15.117470294263908
0.55,0.2,3.0,120,giou,19.0,231.63934426229508,11,14.989348539911646
0.55,0.2,3.0,180,diou,9.0,208.3877551020408,5,15.121932816243326
0.55,0.2,3.0,180,giou,19.0,231.60655737704917,11,14.984926016328032
0.55,0.2,3.0,240,diou,9.0,208.3877551020408,5,15.121932816243326
0.55,0.2,3.0,240,giou,19.0,231.60655737704917,11,14.984926016328032
0.55,0.2,5.0,30,diou,11.0,212.80392156862746,7,15.121231630100581
0.55,0.2,5.0,30,giou,21.0,234.47619047619048,14,15.002251252147278
0.55,0.2,5.0,60,diou,9.0,208.3469387755102,5,15.117470294263908
0.55,0.2,5.0,60,giou,19.0,231.63934426229508,11,14.989348539911646
0.55,0.2,5.0,90,diou,9.0,208.3469387755102,5,15.117470294263908
0.55,0.2,5.0,90,giou,19.0,231.63934426229508,11,14.989348539911646
0.55,0.2,5.0,120,diou,9.0,208.3469387755102,5,15.117470294263908
0.55,0.2,5.0,120,giou,19.0,231.63934426229508,11,14.989348539911646
0.55,0.2,5.0,180,diou,9.0,208.3877551020408,5,15.121932816243326
0.55,0.2,5.0,180,giou,19.0,231.60655737704917,11,14.984926016328032
0.55,0.2,5.0,240,diou,9.0,208.3877551020408,5,15.121932816243326
0.55,0.2,5.0,240,giou,19.0,231.60655737704917,11,14.984926016328032
0.55,0.2,10.0,30,diou,11.0,212.80392156862746,6,15.121231630100581
0.55,0.2,10.0,30,giou,21.0,234.47619047619048,14,15.002251252147278
0.55,0.2,10.0,60,diou,9.0,208.3469387755102,4,15.117470294263908
0.55,0.2,10.0,60,giou,19.0,231.63934426229508,11,14.989348539911646
0.55,0.2,10.0,90,diou,9.0,208.3469387755102,4,15.117470294263908
0.55,0.2,10.0,90,giou,19.0,231.63934426229508,11,14.989348539911646
0.55,0.2,10.0,120,diou,9.0,208.3469387755102,4,15.117470294263908
0.55,0.2,10.0,120,giou,19.0,231.63934426229508,11,14.989348539911646
0.55,0.2,10.0,180,diou,9.0,208.3877551020408,4,15.121932816243326
0.55,0.2,10.0,180,giou,19.0,231.60655737704917,11,14.984926016328032
0.55,0.2,10.0,240,diou,9.0,208.3877551020408,4,15.121932816243326
0.55,0.2,10.0,240,giou,19.0,231.60655737704917,11,14.984926016328032
0.55,0.2,20.0,30,diou,11.0,212.80392156862746,6,15.121231630100581
0.55,0.2,20.0,30,giou,22.0,235.859375,14,15.000677594546275
0.55,0.2,20.0,60,diou,9.0,208.3469387755102,4,15.117470294263908
0.55,0.2,20.0,60,giou,20.0,233.11290322580646,11,14.987783086258634
0.55,0.2,20.0,90,diou,9.0,208.3469387755102,4,15.117470294263908
0.55,0.2,20.0,90,giou,20.0,233.11290322580646,11,14.987783086258634
0.55,0.2,20.0,120,diou,9.0,208.3469387755102,4,15.117470294263908
0.55,0.2,20.0,120,giou,20.0,233.11290322580646,11,14.987783086258634
0.55,0.2,20.0,180,diou,9.0,208.3877551020408,4,15.121932816243326
0.55,0.2,20.0,180,giou,20.0,233.0806451612903,11,14.98336056267502
0.55,0.2,20.0,240,diou,9.0,208.3877551020408,4,15.121932816243326
0.55,0.2,20.0,240,giou,20.0,233.0806451612903,11,14.98336056267502
0.55,0.3,1.0,30,diou,31.0,246.54794520547944,24,14.957198761507296
0.55,0.3,1.0,30,giou,35.0,250.58441558441558,25,14.932936432205771
0.55,0.3,1.0,60,diou,29.0,244.4225352112676,21,14.949529234495916
0.55,0.3,1.0,60,giou,37.0,252.44303797468353,25,14.918782901789495
0.55,0.3,1.0,90,diou,30.0,245.48611111111111,22,14.947001275959629
0.55,0.3,1.0,90,giou,39.0,254.1604938271605,28,14.920224616177766
0.55,0.3,1.0,120,diou,30.0,245.47222222222223,21,14.938946060306375
0.55,0.3,1.0,120,giou,39.0,254.14814814814815,27,14.91221380017532
0.55,0.3,1.0,180,diou,30.0,245.47222222222223,21,14.938946060306375
0.55,0.3,1.0,180,giou,39.0,254.14814814814815,27,14.91221380017532
0.55,0.3,1.0,240,diou,30.0,245.47222222222223,21,14.938946060306375
0.55,0.3,1.0,240,giou,39.0,254.14814814814815,27,14.91221380017532
0.55,0.3,3.0,30,diou,31.0,246.52054794520546,24,14.955328635998551
0.55,0.3,3.0,30,giou,35.0,250.55844155844156,25,14.93107106860693
0.55,0.3,3.0,60,diou,29.0,244.4225352112676,20,14.94447072863434
0.55,0.3,3.0,60,giou,35.0,250.58441558441558,23,14.918344457251287
0.55,0.3,3.0,90,diou,30.0,245.51388888888889,21,14.943796266732814
0.55,0.3,3.0,90,giou,37.0,252.41772151898732,25,14.921639623028796
0.55,0.3,3.0,120,diou,29.0,244.40845070422534,20,14.937195744965276
0.55,0.3,3.0,120,giou,36.0,251.5,24,14.915039851432983
0.55,0.3,3.0,180,diou,29.0,244.40845070422534,20,14.937195744965276
0.55,0.3,3.0,180,giou,36.0,251.5,24,14.915039851432983
0.55,0.3,3.0,240,diou,29.0,244.40845070422534,20,14.937195744965276
0.55,0.3,3.0,240,giou,36.0,251.5,24,14.915039851432983
0.55,0.3,5.0,30,diou,31.0,246.5068493150685,23,14.957249192143173
0.55,0.3,5.0,30,giou,35.0,250.55844155844156,25,14.93107106860693
0.55,0.3,5.0,60,diou,30.0,245.45833333333331,21,14.947659108987175
0.55,0.3,5.0,60,giou,35.0,250.55844155844156,24,14.921546072638595
0.55,0.3,5.0,90,diou,31.0,246.52054794520546,22,14.947001275959629
0.55,0.3,5.0,90,giou,37.0,252.39240506329114,26,14.92485791048837
0.55,0.3,5.0,120,diou,30.0,245.44444444444446,21,14.940385636803157
0.55,0.3,5.0,120,giou,36.0,251.47435897435898,25,14.91824303075935
0.55,0.3,5.0,180,diou,30.0,245.44444444444446,21,14.940385636803157
0.55,0.3,5.0,180,giou,36.0,251.47435897435898,25,14.91824303075935
0.55,0.3,5.0,240,diou,30.0,245.44444444444446,21,14.940385636803157
0.55,0.3,5.0,240,giou,36.0,251.47435897435898,25,14.91824303075935
0.55,0.3,10.0,30,diou,31.0,246.5068493150685,23,14.957249192143173
0.55,0.3,10.0,30,giou,35.0,250.55844155844156,25,14.93107106860693
0.55,0.3,10.0,60,diou,30.0,245.45833333333331,21,14.947659108987175
0.55,0.3,10.0,60,giou,35.0,250.55844155844156,24,14.921546072638595
0.55,0.3,10.0,90,diou,31.0,246.52054794520546,22,14.947001275959629
0.55,0.3,10.0,90,giou,37.0,252.39240506329114,26,14.92485791048837
0.55,0.3,10.0,120,diou,30.0,245.44444444444446,21,14.940385636803157
0.55,0.3,10.0,120,giou,36.0,251.47435897435898,25,14.91824303075935
0.55,0.3,10.0,180,diou,30.0,245.44444444444446,21,14.940385636803157
0.55,0.3,10.0,180,giou,36.0,251.47435897435898,25,14.91824303075935
0.55,0.3,10.0,240,diou,30.0,245.44444444444446,21,14.940385636803157
0.55,0.3,10.0,240,giou,36.0,251.47435897435898,25,14.91824303075935
0.55,0.3,20.0,30,diou,31.0,246.5068493150685,23,14.957249192143173
0.55,0.3,20.0,30,giou,35.0,250.55844155844156,25,14.93107106860693
0.55,0.3,20.0,60,diou,30.0,245.45833333333331,21,14.947659108987175
0.55,0.3,20.0,60,giou,35.0,250.55844155844156,24,14.921546072638595
0.55,0.3,20.0,90,diou,31.0,246.52054794520546,22,14.947001275959629
0.55,0.3,20.0,90,giou,37.0,252.39240506329114,26,14.92485791048837
0.55,0.3,20.0,120,diou,30.0,245.44444444444446,21,14.940385636803157
0.55,0.3,20.0,120,giou,36.0,251.47435897435898,25,14.91824303075935
0.55,0.3,20.0,180,diou,30.0,245.44444444444446,21,14.940385636803157
0.55,0.3,20.0,180,giou,36.0,251.47435897435898,25,14.91824303075935
0.55,0.3,20.0,240,diou,30.0,245.44444444444446,21,14.940385636803157
0.55,0.3,20.0,240,giou,36.0,251.47435897435898,25,14.91824303075935
0.55,0.5,1.0,30,diou,98.0,285.4785714285714,93,13.351566545826254
0.55,0.5,1.0,30,giou,104.0,287.45205479452056,99,13.159592261614813
0.55,0.5,1.0,60,diou,102.0,286.53472222222223,97,13.3058120231196
0.55,0.5,1.0,60,giou,112.0,289.0844155844156,105,13.175528717400038
0.55,0.5,1.0,90,diou,106.0,287.56756756756755,100,13.284331947856405
0.55,0.5,1.0,90,giou,116.0,289.9873417721519,108,13.153886181682653
0.55,0.5,1.0,120,diou,106.0,287.5810810810811,100,13.288166004367145
0.55,0.5,1.0,120,giou,116.0,290.0,108,13.157642418379853
0.55,0.5,1.0,180,diou,108.0,288.1066666666667,102,13.28381461003939
0.55,0.5,1.0,180,giou,118.0,290.4625,110,13.153210536874495
0.55,0.5,1.0,240,diou,111.0,288.80392156862746,106,13.28340816297434
0.55,0.5,1.0,240,giou,121.0,291.07361963190186,114,13.15237958588992
0.55,0.5,3.0,30,diou,98.0,285.4642857142857,92,13.35601942911401
0.55,0.5,3.0,30,giou,104.0,287.45890410958907,98,13.159134662729437
0.55,0.5,3.0,60,diou,103.0,286.8,97,13.295523582917935
0.55,0.5,3.0,60,giou,112.0,289.1038961038961,104,13.170414325039426
0.55,0.5,3.0,90,diou,107.0,287.8255033557047,100,13.278790281635064
0.55,0.5,3.0,90,giou,116.0,290.0126582278481,107,13.153560948114977
0.55,0.5,3.0,120,diou,107.0,287.8255033557047,100,13.278790281635064
0.55,0.5,3.0,120,giou,116.0,290.0126582278481,107,13.153560948114977
0.55,0.5,3.0,180,diou,110.0,288.5723684210526,104,13.272990688326562
0.55,0.5,3.0,180,giou,119.0,290.6770186335404,111,13.14766535089537
0.55,0.5,3.0,240,diou,112.0,289.0194805194805,106,13.27675631011219
0.55,0.5,3.0,240,giou,121.0,291.07361963190186,113,13.151251738957761
0.55,0.5,5.0,30,diou,98.0,285.4785714285714,92,13.352694358854544
0.55,0.5,5.0,30,giou,103.0,287.2206896551724,97,13.166111376506258
0.55,0.5,5.0,60,diou,103.0,286.82068965517243,97,13.289885103604902
0.55,0.5,5.0,60,giou,111.0,288.8954248366013,103,13.1738499633117
0.55,0.5,5.0,90,diou,107.0,287.8322147651007,100,13.274757826528985
0.55,0.5,5.0,90,giou,115.0,289.80254777070064,106,13.158602106369774
0.55,0.5,5.0,120,diou,107.0,287.8322147651007,100,13.274757826528985
0.55,0.5,5.0,120,giou,115.0,289.80254777070064,106,13.158602106369774
0.55,0.5,5.0,180,diou,110.0,288.57894736842104,104,13.268868764147568
0.55,0.5,5.0,180,giou,118.0,290.475,110,13.152616631163273
0.55,0.5,5.0,240,diou,112.0,289.03246753246754,106,13.272051309015033
0.55,0.5,5.0,240,giou,120.0,290.88271604938274,112,13.155630678294436
0.55,0.5,10.0,30,diou,98.0,285.48571428571427,92,13.339585381011089
0.55,0.5,10.0,30,giou,103.0,287.2068965517241,97,13.159058479245841
0.55,0.5,10.0,60,diou,103.0,286.82758620689657,97,13.276595271217637
0.55,0.5,10.0,60,giou,111.0,288.8954248366013,103,13.164896746340242
0.55,0.5,10.0,90,diou,107.0,287.83892617449663,100,13.261323521596212
0.55,0.5,10.0,90,giou,115.0,289.80254777070064,106,13.149504416852807
0.55,0.5,10.0,120,diou,107.0,287.83892617449663,100,13.261323521596212
0.55,0.5,10.0,120,giou,115.0,289.80254777070064,106,13.149504416852807
0.55,0.5,10.0,180,diou,110.0,288.5855263157895,104,13.255434459214795
0.55,0.5,10.0,180,giou,118.0,290.475,110,13.143518941646306
0.55,0.5,10.0,240,diou,112.0,289.05194805194805,106,13.257410142296179
0.55,0.5,10.0,240,giou,120.0,290.89506172839504,112,13.145311316809392
0.55,0.5,20.0,30,diou,99.0,285.709219858156,94,13.35327991264891
0.55,0.5,20.0,30,giou,104.0,287.4109589041096,99,13.177560712702553
0.55,0.5,20.0,60,diou,105.0,287.2857142857143,100,13.287280306539767
0.55,0.5,20.0,60,giou,113.0,289.3032258064516,106,13.180371788534405
0.55,0.5,20.0,90,diou,108.0,288.05333333333334,102,13.272113159522439
0.55,0.5,20.0,90,giou,116.0,289.99367088607596,108,13.16509700227501
0.55,0.5,20.0,120,diou,108.0,288.06666666666666,102,13.275940317345166
0.55,0.5,20.0,120,giou,116.0,290.00632911392404,108,13.168853238972213
0.55,0.5,20.0,180,diou,110.0,288.57894736842104,104,13.271163750455665
0.55,0.5,20.0,180,giou,118.0,290.46875,110,13.163994832771284
0.55,0.5,20.0,240,diou,113.0,289.27096774193546,108,13.271305173211914
0.55,0.5,20.0,240,giou,121.0,291.0920245398773,114,13.163930770541798
0.7,0.01,1.0,30,diou,6.0,193.575,0,14.433099080148319
0.7,0.01,1.0,30,giou,5.0,202.81395348837208,0,14.389724231275427
0.7,0.01,1.0,60,diou,5.0,193.575,0,14.433099080148319
0.7,0.01,1.0,60,giou,3.0,200.0,0,14.389724231275427
0.7,0.01,1.0,90,diou,5.0,193.575,0,14.433099080148319
0.7,0.01,1.0,90,giou,3.0,200.0,0,14.389724231275427
0.7,0.01,1.0,120,diou,5.0,193.575,0,14.433099080148319
0.7,0.01,1.0,120,giou,3.0,200.0,0,14.389724231275427
0.7,0.01,1.0,180,diou,5.0,193.625,0,14.437582523137994
0.7,0.01,1.0,180,giou,3.0,200.04761904761904,0,14.394207030974428
0.7,0.01,1.0,240,diou,5.0,193.625,0,14.437582523137994
0.7,0.01,1.0,240,giou,3.0,200.04761904761904,0,14.394207030974428
0.7,0.01,3.0,30,diou,6.0,193.525,0,14.431085320671956
0.7,0.01,3.0,30,giou,5.0,202.7674418604651,0,14.387715044642352
0.7,0.01,3.0,60,diou,5.0,193.525,0,14.431085320671956
0.7,0.01,3.0,60,giou,3.0,199.95238095238096,0,14.387715044642352
0.7,0.01,3.0,90,diou,5.0,193.525,0,14.431085320671956
0.7,0.01,3.0,90,giou,3.0,200.0,0,14.392216958152714
0.7,0.01,3.0,120,diou,5.0,193.525,0,14.431085320671956
0.7,0.01,3.0,120,giou,3.0,200.0,0,14.392216958152714
0.7,0.01,3.0,180,diou,5.0,193.575,0,14.435587855880538
0.7,0.01,3.0,180,giou,3.0,200.02380952380952,0,14.394459071859455
0.7,0.01,3.0,240,diou,5.0,193.575,0,14.435587855880538
0.7,0.01,3.0,240,giou,3.0,200.02380952380952,0,14.394459071859455
0.7,0.01,5.0,30,diou,6.0,193.525,0,14.431085320671956
0.7,0.01,5.0,30,giou,5.0,202.7674418604651,0,14.387715044642352
0.7,0.01,5.0,60,diou,5.0,193.525,0,14.431085320671956
0.7,0.01,5.0,60,giou,3.0,199.95238095238096,0,14.387715044642352
0.7,0.01,5.0,90,diou,5.0,193.525,0,14.431085320671956
0.7,0.01,5.0,90,giou,3.0,200.0,0,14.392216958152714
0.7,0.01,5.0,120,diou,5.0,193.525,0,14.431085320671956
0.7,0.01,5.0,120,giou,3.0,200.0,0,14.392216958152714
0.7,0.01,5.0,180,diou,5.0,193.575,0,14.435587855880538
0.7,0.01,5.0,180,giou,3.0,200.02380952380952,0,14.394459071859455
0.7,0.01,5.0,240,diou,5.0,193.575,0,14.435587855880538
0.7,0.01,5.0,240,giou,3.0,200.02380952380952,0,14.394459071859455
0.7,0.01,10.0,30,diou,6.0,193.525,0,14.431085320671956
0.7,0.01,10.0,30,giou,5.0,202.7674418604651,0,14.387715044642352
0.7,0.01,10.0,60,diou,5.0,193.525,0,14.431085320671956
0.7,0.01,10.0,60,giou,3.0,199.95238095238096,0,14.387715044642352
0.7,0.01,10.0,90,diou,5.0,193.525,0,14.431085320671956
0.7,0.01,10.0,90,giou,3.0,200.0,0,14.392216958152714
0.7,0.01,10.0,120,diou,5.0,193.525,0,14.431085320671956
0.7,0.01,10.0,120,giou,3.0,200.0,0,14.392216958152714
0.7,0.01,10.0,180,diou,5.0,193.575,0,14.435587855880538
0.7,0.01,10.0,180,giou,3.0,200.02380952380952,0,14.394459071859455
0.7,0.01,10.0,240,diou,5.0,193.575,0,14.435587855880538
0.7,0.01,10.0,240,giou,3.0,200.02380952380952,0,14.394459071859455
0.7,0.01,20.0,30,diou,6.0,193.525,0,14.431085320671956
0.7,0.01,20.0,30,giou,5.0,202.7674418604651,0,14.387715044642352
0.7,0.01,20.0,60,diou,5.0,193.525,0,14.431085320671956
0.7,0.01,20.0,60,giou,3.0,199.95238095238096,0,14.387715044642352
0.7,0.01,20.0,90,diou,5.0,193.525,0,14.431085320671956
0.7,0.01,20.0,90,giou,3.0,200.0,0,14.392216958152714
0.7,0.01,20.0,120,diou,5.0,193.525,0,14.431085320671956
0.7,0.01,20.0,120,giou,3.0,200.0,0,14.392216958152714
0.7,0.01,20.0,180,diou,5.0,193.575,0,14.435587855880538
0.7,0.01,20.0,180,giou,3.0,200.02380952380952,0,14.394459071859455
0.7,0.01,20.0,240,diou,5.0,193.575,0,14.435587855880538
0.7,0.01,20.0,240,giou,3.0,200.02380952380952,0,14.394459071859455
0.7,0.05,1.0,30,diou,5.0,199.73809523809524,0,14.416908340256155
0.7,0.05,1.0,30,giou,6.0,210.6521739130435,3,14.380337495656667
0.7,0.05,1.0,60,diou,3.0,196.78048780487805,0,14.416908340256155
0.7,0.05,1.0,60,giou,4.0,205.63636363636363,2,14.380337495656667
0.7,0.05,1.0,90,diou,3.0,196.78048780487805,0,14.416908340256155
0.7,0.05,1.0,90,giou,4.0,205.63636363636363,2,14.380337495656667
0.7,0.05,1.0,120,diou,3.0,196.78048780487805,0,14.416908340256155
0.7,0.05,1.0,120,giou,4.0,205.63636363636363,2,14.380337495656667
0.7,0.05,1.0,180,diou,3.0,196.8292682926829,0,14.42139178324583
0.7,0.05,1.0,180,giou,4.0,205.6818181818182,2,14.38480567630377
0.7,0.05,1.0,240,diou,3.0,196.8292682926829,0,14.42139178324583
0.7,0.05,1.0,240,giou,4.0,205.6818181818182,2,14.38480567630377
0.7,0.05,3.0,30,diou,5.0,199.6904761904762,0,14.414894580779793
0.7,0.05,3.0,30,giou,6.0,210.6086956521739,3,14.378343461079739
0.7,0.05,3.0,60,diou,3.0,196.7317073170732,0,14.414894580779793
0.7,0.05,3.0,60,giou,4.0,205.5909090909091,2,14.378343461079739
0.7,0.05,3.0,90,diou,3.0,196.7317073170732,0,14.414894580779793
0.7,0.05,3.0,90,giou,4.0,205.63636363636363,2,14.382830720648267
0.7,0.05,3.0,120,diou,3.0,196.7317073170732,0,14.414894580779793
0.7,0.05,3.0,120,giou,4.0,205.63636363636363,2,14.382830720648267
0.7,0.05,3.0,180,diou,3.0,196.78048780487805,0,14.419397115988373
0.7,0.05,3.0,180,giou,4.0,205.6590909090909,2,14.385065525272674
0.7,0.05,3.0,240,diou,3.0,196.78048780487805,0,14.419397115988373
0.7,0.05,3.0,240,giou,4.0,205.6590909090909,2,14.385065525272674
0.7,0.05,5.0,30,diou,5.0,199.6904761904762,0,14.414894580779793
0.7,0.05,5.0,30,giou,6.0,210.6086956521739,3,14.378343461079739
0.7,0.05,5.0,60,diou,3.0,196.7317073170732,0,14.414894580779793
0.7,0.05,5.0,60,giou,4.0,205.5909090909091,2,14.378343461079739
0.7,0.05,5.0,90,diou,3.0,196.7317073170732,0,14.414894580779793
0.7,0.05,5.0,90,giou,4.0,205.63636363636363,2,14.382830720648267
0.7,0.05,5.0,120,diou,3.0,196.7317073170732,0,14.414894580779793
0.7,0.05,5.0,120,giou,4.0,205.63636363636363,2,14.382830720648267
0.7,0.05,5.0,180,diou,3.0,196.78048780487805,0,14.419397115988373
0.7,0.05,5.0,180,giou,4.0,205.6590909090909,2,14.385065525272674
0.7,0.05,5.0,240,diou,3.0,196.78048780487805,0,14.419397115988373
0.7,0.05,5.0,240,giou,4.0,205.6590909090909,2,14.385065525272674
0.7,0.05,10.0,30,diou,5.0,199.6904761904762,0,14.414894580779793
0.7,0.05,10.0,30,giou,6.0,210.6086956521739,3,14.378343461079739
0.7,0.05,10.0,60,diou,3.0,196.7317073170732,0,14.414894580779793
0.7,0.05,10.0,60,giou,4.0,205.5909090909091,2,14.378343461079739
0.7,0.05,10.0,90,diou,3.0,196.7317073170732,0,14.414894580779793
0.7,0.05,10.0,90,giou,4.0,205.63636363636363,2,14.382830720648267
0.7,0.05,10.0,120,diou,3.0,196.7317073170732,0,14.414894580779793
0.7,0.05,10.0,120,giou,4.0,205.63636363636363,2,14.382830720648267
0.7,0.05,10.0,180,diou,3.0,196.78048780487805,0,14.419397115988373
0.7,0.05,10.0,180,giou,4.0,205.6590909090909,2,14.385065525272674
0.7,0.05,10.0,240,diou,3.0,196.78048780487805,0,14.419397115988373
0.7,0.05,10.0,240,giou,4.0,205.6590909090909,2,14.385065525272674
0.7,0.05,20.0,30,diou,5.0,199.6904761904762,0,14.414894580779793
0.7,0.05,20.0,30,giou,6.0,210.6086956521739,3,14.378343461079739
0.7,0.05,20.0,60,diou,3.0,196.7317073170732,0,14.414894580779793
0.7,0.05,20.0,60,giou,4.0,205.5909090909091,2,14.378343461079739
0.7,0.05,20.0,90,diou,3.0,196.7317073170732,0,14.414894580779793
0.7,0.05,20.0,90,giou,4.0,205.63636363636363,2,14.382830720648267
0.7,0.05,20.0,120,diou,3.0,196.7317073170732,0,14.414894580779793
0.7,0.05,20.0,120,giou,4.0,205.63636363636363,2,14.382830720648267
0.7,0.05,20.0,180,diou,3.0,196.78048780487805,0,14.419397115988373
0.7,0.05,20.0,180,giou,4.0,205.6590909090909,2,14.385065525272674
0.7,0.05,20.0,240,diou,3.0,196.78048780487805,0,14.419397115988373
0.7,0.05,20.0,240,giou,4.0,205.6590909090909,2,14.385065525272674
0.7,0.1,1.0,30,diou,7.0,210.67391304347825,3,14.376680505509864
0.7,0.1,1.0,30,giou,14.0,227.6851851851852,7,14.287086762161104
0.7,0.1,1.0,60,diou,5.0,205.61363636363637,2,14.378512268102869
0.7,0.1,1.0,60,giou,13.0,225.8867924528302,6,14.289628254911078
0.7,0.1,1.0,90,diou,5.0,205.61363636363637,2,14.378512268102869
0.7,0.1,1.0,90,giou,13.0,225.8867924528302,6,14.289628254911078
0.7,0.1,1.0,120,diou,5.0,205.61363636363637,2,14.378512268102869
0.7,0.1,1.0,120,giou,13.0,225.8867924528302,6,14.289628254911078
0.7,0.1,1.0,180,diou,5.0,205.6590909090909,2,14.382987755530609
0.7,0.1,1.0,180,giou,13.0,225.94339622641508,6,14.29658826084206
0.7,0.1,1.0,240,diou,5.0,205.6590909090909,2,14.382987755530609
0.7,0.1,1.0,240,giou,13.0,225.94339622641508,6,14.29658826084206
0.7,0.1,3.0,30,diou,6.0,208.13333333333333,2,14.378342365298
0.7,0.1,3.0,30,giou,14.0,227.64814814814815,7,14.28515402333245
0.7,0.1,3.0,60,diou,4.0,202.83720930232556,1,14.380174127891005
0.7,0.1,3.0,60,giou,13.0,225.8490566037736,6,14.287695516082424
0.7,0.1,3.0,90,diou,4.0,202.83720930232556,1,14.380174127891005
0.7,0.1,3.0,90,giou,13.0,225.8867924528302,6,14.292173812868175
0.7,0.1,3.0,120,diou,4.0,202.83720930232556,1,14.380174127891005
0.7,0.1,3.0,120,giou,13.0,225.8867924528302,6,14.292173812868175
0.7,0.1,3.0,180,diou,4.0,202.88372093023256,1,14.384668711646285
0.7,0.1,3.0,180,giou,13.0,225.9056603773585,6,14.29469415375811
0.7,0.1,3.0,240,diou,4.0,202.88372093023256,1,14.384668711646285
0.7,0.1,3.0,240,giou,13.0,225.9056603773585,6,14.29469415375811
0.7,0.1,5.0,30,diou,6.0,208.13333333333333,2,14.378342365298
0.7,0.1,5.0,30,giou,14.0,227.66666666666669,7,14.279744577568291
0.7,0.1,5.0,60,diou,4.0,202.83720930232556,1,14.380174127891005
0.7,0.1,5.0,60,giou,13.0,225.8679245283019,6,14.282286070318264
0.7,0.1,5.0,90,diou,4.0,202.83720930232556,1,14.380174127891005
0.7,0.1,5.0,90,giou,13.0,225.9056603773585,6,14.286766306909204
0.7,0.1,5.0,120,diou,4.0,202.83720930232556,1,14.380174127891005
0.7,0.1,5.0,120,giou,13.0,225.9056603773585,6,14.286766306909204
0.7,0.1,5.0,180,diou,4.0,202.88372093023256,1,14.384668711646285
0.7,0.1,5.0,180,giou,13.0,225.9245283018868,6,14.289288527756074
0.7,0.1,5.0,240,diou,4.0,202.88372093023256,1,14.384668711646285
0.7,0.1,5.0,240,giou,13.0,225.9245283018868,6,14.289288527756074
0.7,0.1,10.0,30,diou,6.0,208.13333333333333,2,14.378342365298
0.7,0.1,10.0,30,giou,14.0,227.66666666666669,7,14.279744577568291
0.7,0.1,10.0,60,diou,4.0,202.83720930232556,1,14.380174127891005
0.7,0.1,10.0,60,giou,13.0,225.8679245283019,6,14.282286070318264
0.7,0.1,10.0,90,diou,4.0,202.83720930232556,1,14.380174127891005
0.7,0.1,10.0,90,giou,13.0,225.9056603773585,6,14.286766306909204
0.7,0.1,10.0,120,diou,4.0,202.83720930232556,1,14.380174127891005
0.7,0.1,10.0,120,giou,13.0,225.9056603773585,6,14.286766306909204
0.7,0.1,10.0,180,diou,4.0,202.88372093023256,1,14.384668711646285
0.7,0.1,10.0,180,giou,13.0,225.9245283018868,6,14.289288527756074
0.7,0.1,10.0,240,diou,4.0,202.88372093023256,1,14.384668711646285
0.7,0.1,10.0,240,giou,13.0,225.9245283018868,6,14.289288527756074
0.7,0.1,20.0,30,diou,6.0,208.13333333333333,2,14.378342365298
0.7,0.1,20.0,30,giou,14.0,227.66666666666669,7,14.279744577568291
0.7,0.1,20.0,60,diou,4.0,202.83720930232556,1,14.380174127891005
0.7,0.1,20.0,60,giou,13.0,225.8679245283019,6,14.282286070318264
0.7,0.1,20.0,90,diou,4.0,202.83720930232556,1,14.380174127891005
0.7,0.1,20.0,90,giou,13.0,225.9056603773585,6,14.286766306909204
0.7,0.1,20.0,120,diou,4.0,202.83720930232556,1,14.380174127891005
0.7,0.1,20.0,120,giou,13.0,225.9056603773585,6,14.286766306909204
0.7,0.1,20.0,180,diou,4.0,202.88372093023256,1,14.384668711646285
0.7,0.1,20.0,180,giou,13.0,225.9245283018868,6,14.289288527756074
0.7,0.1,20.0,240,diou,4.0,202.88372093023256,1,14.384668711646285
0.7,0.1,20.0,240,giou,13.0,225.9245283018868,6,14.289288527756074
0.7,0.2,1.0,30,diou,10.0,219.8,6,14.352890590916175
0.7,0.2,1.0,30,giou,21.0,241.66666666666669,14,14.238961720792835
0.7,0.2,1.0,60,diou,10.0,219.84,5,14.344796950484493
0.7,0.2,1.0,60,giou,20.0,240.4516129032258,11,14.223400337131055
0.7,0.2,1.0,90,diou,10.0,219.84,5,14.344796950484493
0.7,0.2,1.0,90,giou,20.0,240.4516129032258,11,14.223400337131055
0.7,0.2,1.0,120,diou,9.0,217.75510204081633,4,14.342864593671802
0.7,0.2,1.0,120,giou,20.0,240.4516129032258,11,14.223400337131055
0.7,0.2,1.0,180,diou,9.0,217.79591836734693,4,14.347311226549003
0.7,0.2,1.0,180,giou,20.0,240.4193548387097,11,14.219013292845789
0.7,0.2,1.0,240,diou,9.0,217.79591836734693,4,14.347311226549003
0.7,0.2,1.0,240,giou,20.0,240.4193548387097,11,14.219013292845789
0.7,0.2,3.0,30,diou,10.0,219.76,6,14.350932181971537
0.7,0.2,3.0,30,giou,21.0,241.63492063492063,14,14.237118360290005
0.7,0.2,3.0,60,diou,10.0,219.8,5,14.342838541539855
0.7,0.2,3.0,60,giou,20.0,240.38709677419354,12,14.223627610793757
0.7,0.2,3.0,90,diou,10.0,219.8,5,14.342838541539855
0.7,0.2,3.0,90,giou,20.0,240.38709677419354,12,14.223627610793757
0.7,0.2,3.0,120,diou,9.0,217.71428571428572,4,14.340906184727164
0.7,0.2,3.0,120,giou,20.0,240.38709677419354,12,14.223627610793757
0.7,0.2,3.0,180,diou,9.0,217.75510204081633,4,14.345371923605114
0.7,0.2,3.0,180,giou,20.0,240.35483870967744,12,14.219206641537363
0.7,0.2,3.0,240,diou,9.0,217.75510204081633,4,14.345371923605114
0.7,0.2,3.0,240,giou,20.0,240.35483870967744,12,14.219206641537363
0.7,0.2,5.0,30,diou,10.0,219.76,6,14.350932181971537
0.7,0.2,5.0,30,giou,21.0,241.63492063492063,14,14.237118360290005
0.7,0.2,5.0,60,diou,10.0,219.8,5,14.342838541539855
0.7,0.2,5.0,60,giou,20.0,240.38709677419354,12,14.223627610793757
0.7,0.2,5.0,90,diou,10.0,219.8,5,14.342838541539855
0.7,0.2,5.0,90,giou,20.0,240.38709677419354,12,14.223627610793757
0.7,0.2,5.0,120,diou,9.0,217.71428571428572,4,14.340906184727164
0.7,0.2,5.0,120,giou,20.0,240.38709677419354,12,14.223627610793757
0.7,0.2,5.0,180,diou,9.0,217.75510204081633,4,14.345371923605114
0.7,0.2,5.0,180,giou,20.0,240.35483870967744,12,14.219206641537363
0.7,0.2,5.0,240,diou,9.0,217.75510204081633,4,14.345371923605114
0.7,0.2,5.0,240,giou,20.0,240.35483870967744,12,14.219206641537363
0.7,0.2,10.0,30,diou,10.0,219.76,6,14.350932181971537
0.7,0.2,10.0,30,giou,21.0,241.63492063492063,14,14.237118360290005
0.7,0.2,10.0,60,diou,10.0,219.8,5,14.342838541539855
0.7,0.2,10.0,60,giou,20.0,240.38709677419354,12,14.223627610793757
0.7,0.2,10.0,90,diou,10.0,219.8,5,14.342838541539855
0.7,0.2,10.0,90,giou,20.0,240.38709677419354,12,14.223627610793757
0.7,0.2,10.0,120,diou,9.0,217.71428571428572,4,14.340906184727164
0.7,0.2,10.0,120,giou,20.0,240.38709677419354,12,14.223627610793757
0.7,0.2,10.0,180,diou,9.0,217.75510204081633,4,14.345371923605114
0.7,0.2,10.0,180,giou,20.0,240.35483870967744,12,14.219206641537363
0.7,0.2,10.0,240,diou,9.0,217.75510204081633,4,14.345371923605114
0.7,0.2,10.0,240,giou,20.0,240.35483870967744,12,14.219206641537363
0.7,0.2,20.0,30,diou,10.0,219.76,6,14.350932181971537
0.7,0.2,20.0,30,giou,22.0,242.890625,15,14.23713681514721
0.7,0.2,20.0,60,diou,10.0,219.8,5,14.342838541539855
0.7,0.2,20.0,60,giou,21.0,241.6825396825397,13,14.223646065650962
0.7,0.2,20.0,90,diou,10.0,219.8,5,14.342838541539855
0.7,0.2,20.0,90,giou,21.0,241.6825396825397,13,14.223646065650962
0.7,0.2,20.0,120,diou,9.0,217.71428571428572,4,14.340906184727164
0.7,0.2,20.0,120,giou,21.0,241.6825396825397,13,14.223646065650962
0.7,0.2,20.0,180,diou,9.0,217.75510204081633,4,14.345371923605114
0.7,0.2,20.0,180,giou,21.0,241.65079365079364,13,14.219225096394569
0.7,0.2,20.0,240,diou,9.0,217.75510204081633,4,14.345371923605114
0.7,0.2,20.0,240,giou,21.0,241.65079365079364,13,14.219225096394569
0.7,0.3,1.0,30,diou,29.0,250.77464788732394,22,14.186877680796211
0.7,0.3,1.0,30,giou,32.0,253.7027027027027,23,14.165402494473872
0.7,0.3,1.0,60,diou,29.0,250.80281690140845,21,14.174471586023943
0.7,0.3,1.0,60,giou,32.0,253.7837837837838,21,14.150922074047498
0.7,0.3,1.0,90,diou,30.0,251.77777777777777,22,14.171888384005232
0.7,0.3,1.0,90,giou,33.0,254.68,23,14.148328912538505
0.7,0.3,1.0,120,diou,29.0,250.7605633802817,21,14.165272950870548
0.7,0.3,1.0,120,giou,33.0,254.66666666666669,22,14.14019840405884
0.7,0.3,1.0,180,diou,29.0,250.7605633802817,21,14.165272950870548
0.7,0.3,1.0,180,giou,33.0,254.66666666666669,22,14.14019840405884
0.7,0.3,1.0,240,diou,29.0,250.7605633802817,21,14.165272950870548
0.7,0.3,1.0,240,giou,33.0,254.66666666666669,22,14.14019840405884
0.7,0.3,3.0,30,diou,29.0,250.74647887323943,22,14.185063289766052
0.7,0.3,3.0,30,giou,33.0,254.54666666666668,26,14.1713376453206
0.7,0.3,3.0,60,diou,29.0,250.80281690140845,20,14.169302419555597
0.7,0.3,3.0,60,giou,31.0,252.75342465753425,21,14.158509309565918
0.7,0.3,3.0,90,diou,30.0,251.80555555555554,21,14.168516414759983
0.7,0.3,3.0,90,giou,32.0,253.7027027027027,22,14.157713833362047
0.7,0.3,3.0,120,diou,29.0,250.7887323943662,20,14.161915973770126
0.7,0.3,3.0,120,giou,31.0,252.73972602739724,21,14.151113775655379
0.7,0.3,3.0,180,diou,29.0,250.7887323943662,20,14.161915973770126
0.7,0.3,3.0,180,giou,31.0,252.73972602739724,21,14.151113775655379
0.7,0.3,3.0,240,diou,29.0,250.7887323943662,20,14.161915973770126
0.7,0.3,3.0,240,giou,31.0,252.73972602739724,21,14.151113775655379
0.7,0.3,5.0,30,diou,29.0,250.74647887323943,22,14.185063289766052
0.7,0.3,5.0,30,giou,33.0,254.54666666666668,26,14.1713376453206
0.7,0.3,5.0,60,diou,29.0,250.77464788732394,21,14.172657194993784
0.7,0.3,5.0,60,giou,31.0,252.72602739726028,22,14.161878088694932
0.7,0.3,5.0,90,diou,30.0,251.77777777777777,22,14.171888384005232
0.7,0.3,5.0,90,giou,32.0,253.67567567567568,23,14.161099854498746
0.7,0.3,5.0,120,diou,29.0,250.7605633802817,21,14.165272950870548
0.7,0.3,5.0,120,giou,31.0,252.71232876712327,22,14.154484816038819
0.7,0.3,5.0,180,diou,29.0,250.7605633802817,21,14.165272950870548
0.7,0.3,5.0,180,giou,31.0,252.71232876712327,22,14.154484816038819
0.7,0.3,5.0,240,diou,29.0,250.7605633802817,21,14.165272950870548
0.7,0.3,5.0,240,giou,31.0,252.71232876712327,22,14.154484816038819
0.7,0.3,10.0,30,diou,29.0,250.74647887323943,22,14.185063289766052
0.7,0.3,10.0,30,giou,33.0,254.54666666666668,26,14.1713376453206
0.7,0.3,10.0,60,diou,29.0,250.77464788732394,21,14.172657194993784
0.7,0.3,10.0,60,giou,31.0,252.72602739726028,22,14.161878088694932
0.7,0.3,10.0,90,diou,30.0,251.77777777777777,22,14.171888384005232
0.7,0.3,10.0,90,giou,32.0,253.67567567567568,23,14.161099854498746
0.7,0.3,10.0,120,diou,29.0,250.7605633802817,21,14.165272950870548
0.7,0.3,10.0,120,giou,31.0,252.71232876712327,22,14.154484816038819
0.7,0.3,10.0,180,diou,29.0,250.7605633802817,21,14.165272950870548
0.7,0.3,10.0,180,giou,31.0,252.71232876712327,22,14.154484816038819
0.7,0.3,10.0,240,diou,29.0,250.7605633802817,21,14.165272950870548
0.7,0.3,10.0,240,giou,31.0,252.71232876712327,22,14.154484816038819
0.7,0.3,20.0,30,diou,29.0,250.74647887323943,22,14.185063289766052
0.7,0.3,20.0,30,giou,33.0,254.54666666666668,26,14.1713376453206
0.7,0.3,20.0,60,diou,29.0,250.77464788732394,21,14.172657194993784
0.7,0.3,20.0,60,giou,31.0,252.72602739726028,22,14.161878088694932
0.7,0.3,20.0,90,diou,30.0,251.77777777777777,22,14.171888384005232
0.7,0.3,20.0,90,giou,32.0,253.67567567567568,23,14.161099854498746
0.7,0.3,20.0,120,diou,29.0,250.7605633802817,21,14.165272950870548
0.7,0.3,20.0,120,giou,31.0,252.71232876712327,22,14.154484816038819
0.7,0.3,20.0,180,diou,29.0,250.7605633802817,21,14.165272950870548
0.7,0.3,20.0,180,giou,31.0,252.71232876712327,22,14.154484816038819
0.7,0.3,20.0,240,diou,29.0,250.7605633802817,21,14.165272950870548
0.7,0.3,20.0,240,giou,31.0,252.71232876712327,22,14.154484816038819
0.7,0.5,1.0,30,diou,102.0,289.80555555555554,97,12.477625717934204
0.7,0.5,1.0,30,giou,106.0,291.18918918918916,102,12.24831428503134
0.7,0.5,1.0,60,diou,105.0,290.53061224489795,101,12.435067702358005
0.7,0.5,1.0,60,giou,114.0,292.62820512820514,109,12.270957720931241
0.7,0.5,1.0,90,diou,109.0,291.3841059602649,104,12.418933816212627
0.7,0.5,1.0,90,giou,118.0,293.38125,112,12.25471291150699
0.7,0.5,1.0,120,diou,109.0,291.3973509933775,104,12.42258205488539
0.7,0.5,1.0,120,giou,118.0,293.39375,112,12.258281830007379
0.7,0.5,1.0,180,diou,111.0,291.8627450980392,106,12.416665648863358
0.7,0.5,1.0,180,giou,120.0,293.80864197530866,114,12.252278666273352
0.7,0.5,1.0,240,diou,114.0,292.47435897435895,110,12.41554359429039
0.7,0.5,1.0,240,giou,123.0,294.3515151515152,118,12.2507099334672
0.7,0.5,3.0,30,diou,102.0,289.7638888888889,98,12.490685573043068
0.7,0.5,3.0,30,giou,105.0,290.93197278911566,102,12.266645651738814
0.7,0.5,3.0,60,diou,106.0,290.7567567567568,102,12.42178360737008
0.7,0.5,3.0,60,giou,113.0,292.4258064516129,108,12.272900476500435
0.7,0.5,3.0,90,diou,110.0,291.60526315789474,105,12.4120622223004
0.7,0.5,3.0,90,giou,117.0,293.19496855345915,111,12.26308815215838
0.7,0.5,3.0,120,diou,110.0,291.60526315789474,105,12.4120622223004
0.7,0.5,3.0,120,giou,117.0,293.19496855345915,111,12.26308815215838
0.7,0.5,3.0,180,diou,113.0,292.26451612903224,109,12.40451147455028
0.7,0.5,3.0,180,giou,120.0,293.7962962962963,115,12.255605771226584
0.7,0.5,3.0,240,diou,115.0,292.656050955414,111,12.408084017207248
0.7,0.5,3.0,240,giou,122.0,294.1524390243902,117,12.25899116201928
0.7,0.5,5.0,30,diou,102.0,289.77777777777777,98,12.48276859203694
0.7,0.5,5.0,30,giou,105.0,290.9183673469388,102,12.275326572030602
0.7,0.5,5.0,60,diou,106.0,290.7635135135135,102,12.422382238876205
0.7,0.5,5.0,60,giou,113.0,292.4064516129032,108,12.28887429497815
0.7,0.5,5.0,90,diou,110.0,291.6118421052632,105,12.412811157802912
0.7,0.5,5.0,90,giou,117.0,293.17610062893084,111,12.27923718767701
0.7,0.5,5.0,120,diou,110.0,291.6118421052632,105,12.412811157802912
0.7,0.5,5.0,120,giou,117.0,293.17610062893084,111,12.27923718767701
0.7,0.5,5.0,180,diou,113.0,292.27096774193546,109,12.405166065261538
0.7,0.5,5.0,180,giou,120.0,293.77777777777777,115,12.271660395193427
0.7,0.5,5.0,240,diou,115.0,292.6687898089172,111,12.40800677565116
0.7,0.5,5.0,240,giou,122.0,294.140243902439,117,12.27433770155535
0.7,0.5,10.0,30,diou,102.0,289.77777777777777,98,12.48276859203694
0.7,0.5,10.0,30,giou,105.0,290.9183673469388,102,12.275326572030602
0.7,0.5,10.0,60,diou,106.0,290.7635135135135,102,12.422382238876205
0.7,0.5,10.0,60,giou,113.0,292.4129032258065,108,12.288212710494195
0.7,0.5,10.0,90,diou,110.0,291.6118421052632,105,12.412811157802912
0.7,0.5,10.0,90,giou,117.0,293.1823899371069,111,12.278600234919402
0.7,0.5,10.0,120,diou,110.0,291.6118421052632,105,12.412811157802912
0.7,0.5,10.0,120,giou,117.0,293.1823899371069,111,12.278600234919402
0.7,0.5,10.0,180,diou,113.0,292.27096774193546,109,12.405166065261538
0.7,0.5,10.0,180,giou,120.0,293.78395061728395,115,12.27093753767475
0.7,0.5,10.0,240,diou,115.0,292.68152866242036,111,12.410329848911726
0.7,0.5,10.0,240,giou,122.0,294.1585365853659,117,12.275937041613593
0.7,0.5,20.0,30,diou,102.0,289.7638888888889,99,12.48772774733207
0.7,0.5,20.0,30,giou,105.0,290.9047619047619,103,12.280310457329678
0.7,0.5,20.0,60,diou,107.0,290.9731543624161,104,12.423607868490025
0.7,0.5,20.0,60,giou,114.0,292.6025641025641,110,12.289441156129243
0.7,0.5,20.0,90,diou,110.0,291.61842105263156,106,12.414058383745703
0.7,0.5,20.0,90,giou,117.0,293.188679245283,112,12.279850317425247
0.7,0.5,20.0,120,diou,110.0,291.63157894736844,106,12.417699482545533
0.7,0.5,20.0,120,giou,117.0,293.2012578616352,112,12.283419235925635
0.7,0.5,20.0,180,diou,112.0,292.09090909090907,108,12.411424403984832
0.7,0.5,20.0,180,giou,119.0,293.62111801242236,114,12.277129741374699
0.7,0.5,20.0,240,diou,115.0,292.7070063694267,112,12.418159567941684
0.7,0.5,20.0,240,giou,122.0,294.1829268292683,118,12.28370422718977
0.9,0.01,1.0,30,diou,42.0,,0,0.0
0.9,0.01,1.0,30,giou,42.0,,0,0.0
0.9,0.01,1.0,60,diou,42.0,,0,0.0
0.9,0.01,1.0,60,giou,42.0,,0,0.0
0.9,0.01,1.0,90,diou,42.0,,0,0.0
0.9,0.01,1.0,90,giou,42.0,,0,0.0
0.9,0.01,1.0,120,diou,42.0,,0,0.0
0.9,0.01,1.0,120,giou,42.0,,0,0.0
0.9,0.01,1.0,180,diou,42.0,,0,0.0
0.9,0.01,1.0,180,giou,42.0,,0,0.0
0.9,0.01,1.0,240,diou,42.0,,0,0.0
0.9,0.01,1.0,240,giou,42.0,,0,0.0
0.9,0.01,3.0,30,diou,42.0,,0,0.0
0.9,0.01,3.0,30,giou,42.0,,0,0.0
0.9,0.01,3.0,60,diou,42.0,,0,0.0
0.9,0.01,3.0,60,giou,42.0,,0,0.0
0.9,0.01,3.0,90,diou,42.0,,0,0.0
0.9,0.01,3.0,90,giou,42.0,,0,0.0
0.9,0.01,3.0,120,diou,42.0,,0,0.0
0.9,0.01,3.0,120,giou,42.0,,0,0.0
0.9,0.01,3.0,180,diou,42.0,,0,0.0
0.9,0.01,3.0,180,giou,42.0,,0,0.0
0.9,0.01,3.0,240,diou,42.0,,0,0.0
0.9,0.01,3.0,240,giou,42.0,,0,0.0
0.9,0.01,5.0,30,diou,42.0,,0,0.0
0.9,0.01,5.0,30,giou,42.0,,0,0.0
0.9,0.01,5.0,60,diou,42.0,,0,0.0
0.9,0.01,5.0,60,giou,42.0,,0,0.0
0.9,0.01,5.0,90,diou,42.0,,0,0.0
0.9,0.01,5.0,90,giou,42.0,,0,0.0
0.9,0.01,5.0,120,diou,42.0,,0,0.0
0.9,0.01,5.0,120,giou,42.0,,0,0.0
0.9,0.01,5.0,180,diou,42.0,,0,0.0
0.9,0.01,5.0,180,giou,42.0,,0,0.0
0.9,0.01,5.0,240,diou,42.0,,0,0.0
0.9,0.01,5.0,240,giou,42.0,,0,0.0
0.9,0.01,10.0,30,diou,42.0,,0,0.0
0.9,0.01,10.0,30,giou,42.0,,0,0.0
0.9,0.01,10.0,60,diou,42.0,,0,0.0
0.9,0.01,10.0,60,giou,42.0,,0,0.0
0.9,0.01,10.0,90,diou,42.0,,0,0.0
0.9,0.01,10.0,90,giou,42.0,,0,0.0
0.9,0.01,10.0,120,diou,42.0,,0,0.0
0.9,0.01,10.0,120,giou,42.0,,0,0.0
0.9,0.01,10.0,180,diou,42.0,,0,0.0
0.9,0.01,10.0,180,giou,42.0,,0,0.0
0.9,0.01,10.0,240,diou,42.0,,0,0.0
0.9,0.01,10.0,240,giou,42.0,,0,0.0
0.9,0.01,20.0,30,diou,42.0,,0,0.0
0.9,0.01,20.0,30,giou,42.0,,0,0.0
0.9,0.01,20.0,60,diou,42.0,,0,0.0
0.9,0.01,20.0,60,giou,42.0,,0,0.0
0.9,0.01,20.0,90,diou,42.0,,0,0.0
0.9,0.01,20.0,90,giou,42.0,,0,0.0
0.9,0.01,20.0,120,diou,42.0,,0,0.0
0.9,0.01,20.0,120,giou,42.0,,0,0.0
0.9,0.01,20.0,180,diou,42.0,,0,0.0
0.9,0.01,20.0,180,giou,42.0,,0,0.0
0.9,0.01,20.0,240,diou,42.0,,0,0.0
0.9,0.01,20.0,240,giou,42.0,,0,0.0
0.9,0.05,1.0,30,diou,42.0,,0,0.0
0.9,0.05,1.0,30,giou,42.0,,0,0.0
0.9,0.05,1.0,60,diou,42.0,,0,0.0
0.9,0.05,1.0,60,giou,42.0,,0,0.0
0.9,0.05,1.0,90,diou,42.0,,0,0.0
0.9,0.05,1.0,90,giou,42.0,,0,0.0
0.9,0.05,1.0,120,diou,42.0,,0,0.0
0.9,0.05,1.0,120,giou,42.0,,0,0.0
0.9,0.05,1.0,180,diou,42.0,,0,0.0
0.9,0.05,1.0,180,giou,42.0,,0,0.0
0.9,0.05,1.0,240,diou,42.0,,0,0.0
0.9,0.05,1.0,240,giou,42.0,,0,0.0
0.9,0.05,3.0,30,diou,42.0,,0,0.0
0.9,0.05,3.0,30,giou,42.0,,0,0.0
0.9,0.05,3.0,60,diou,42.0,,0,0.0
0.9,0.05,3.0,60,giou,42.0,,0,0.0
0.9,0.05,3.0,90,diou,42.0,,0,0.0
0.9,0.05,3.0,90,giou,42.0,,0,0.0
0.9,0.05,3.0,120,diou,42.0,,0,0.0
0.9,0.05,3.0,120,giou,42.0,,0,0.0
0.9,0.05,3.0,180,diou,42.0,,0,0.0
0.9,0.05,3.0,180,giou,42.0,,0,0.0
0.9,0.05,3.0,240,diou,42.0,,0,0.0
0.9,0.05,3.0,240,giou,42.0,,0,0.0
0.9,0.05,5.0,30,diou,42.0,,0,0.0
0.9,0.05,5.0,30,giou,42.0,,0,0.0
0.9,0.05,5.0,60,diou,42.0,,0,0.0
0.9,0.05,5.0,60,giou,42.0,,0,0.0
0.9,0.05,5.0,90,diou,42.0,,0,0.0
0.9,0.05,5.0,90,giou,42.0,,0,0.0
0.9,0.05,5.0,120,diou,42.0,,0,0.0
0.9,0.05,5.0,120,giou,42.0,,0,0.0
0.9,0.05,5.0,180,diou,42.0,,0,0.0
0.9,0.05,5.0,180,giou,42.0,,0,0.0
0.9,0.05,5.0,240,diou,42.0,,0,0.0
0.9,0.05,5.0,240,giou,42.0,,0,0.0
0.9,0.05,10.0,30,diou,42.0,,0,0.0
0.9,0.05,10.0,30,giou,42.0,,0,0.0
0.9,0.05,10.0,60,diou,42.0,,0,0.0
0.9,0.05,10.0,60,giou,42.0,,0,0.0
0.9,0.05,10.0,90,diou,42.0,,0,0.0
0.9,0.05,10.0,90,giou,42.0,,0,0.0
0.9,0.05,10.0,120,diou,42.0,,0,0.0
0.9,0.05,10.0,120,giou,42.0,,0,0.0
0.9,0.05,10.0,180,diou,42.0,,0,0.0
0.9,0.05,10.0,180,giou,42.0,,0,0.0
0.9,0.05,10.0,240,diou,42.0,,0,0.0
0.9,0.05,10.0,240,giou,42.0,,0,0.0
0.9,0.05,20.0,30,diou,42.0,,0,0.0
0.9,0.05,20.0,30,giou,42.0,,0,0.0
0.9,0.05,20.0,60,diou,42.0,,0,0.0
0.9,0.05,20.0,60,giou,42.0,,0,0.0
0.9,0.05,20.0,90,diou,42.0,,0,0.0
0.9,0.05,20.0,90,giou,42.0,,0,0.0
0.9,0.05,20.0,120,diou,42.0,,0,0.0
0.9,0.05,20.0,120,giou,42.0,,0,0.0
0.9,0.05,20.0,180,diou,42.0,,0,0.0
0.9,0.05,20.0,180,giou,42.0,,0,0.0
0.9,0.05,20.0,240,diou,42.0,,0,0.0
0.9,0.05,20.0,240,giou,42.0,,0,0.0
0.9,0.1,1.0,30,diou,42.0,,0,0.0
0.9,0.1,1.0,30,giou,42.0,,0,0.0
0.9,0.1,1.0,60,diou,42.0,,0,0.0
0.9,0.1,1.0,60,giou,42.0,,0,0.0
0.9,0.1,1.0,90,diou,42.0,,0,0.0
0.9,0.1,1.0,90,giou,42.0,,0,0.0
0.9,0.1,1.0,120,diou,42.0,,0,0.0
0.9,0.1,1.0,120,giou,42.0,,0,0.0
0.9,0.1,1.0,180,diou,42.0,,0,0.0
0.9,0.1,1.0,180,giou,42.0,,0,0.0
0.9,0.1,1.0,240,diou,42.0,,0,0.0
0.9,0.1,1.0,240,giou,42.0,,0,0.0
0.9,0.1,3.0,30,diou,42.0,,0,0.0
0.9,0.1,3.0,30,giou,42.0,,0,0.0
0.9,0.1,3.0,60,diou,42.0,,0,0.0
0.9,0.1,3.0,60,giou,42.0,,0,0.0
0.9,0.1,3.0,90,diou,42.0,,0,0.0
0.9,0.1,3.0,90,giou,42.0,,0,0.0
0.9,0.1,3.0,120,diou,42.0,,0,0.0
0.9,0.1,3.0,120,giou,42.0,,0,0.0
0.9,0.1,3.0,180,diou,42.0,,0,0.0
0.9,0.1,3.0,180,giou,42.0,,0,0.0
0.9,0.1,3.0,240,diou,42.0,,0,0.0
0.9,0.1,3.0,240,giou,42.0,,0,0.0
0.9,0.1,5.0,30,diou,42.0,,0,0.0
0.9,0.1,5.0,30,giou,42.0,,0,0.0
0.9,0.1,5.0,60,diou,42.0,,0,0.0
0.9,0.1,5.0,60,giou,42.0,,0,0.0
0.9,0.1,5.0,90,diou,42.0,,0,0.0
0.9,0.1,5.0,90,giou,42.0,,0,0.0
0.9,0.1,5.0,120,diou,42.0,,0,0.0
0.9,0.1,5.0,120,giou,42.0,,0,0.0
0.9,0.1,5.0,180,diou,42.0,,0,0.0
0.9,0.1,5.0,180,giou,42.0,,0,0.0
0.9,0.1,5.0,240,diou,42.0,,0,0.0
0.9,0.1,5.0,240,giou,42.0,,0,0.0
0.9,0.1,10.0,30,diou,42.0,,0,0.0
0.9,0.1,10.0,30,giou,42.0,,0,0.0
0.9,0.1,10.0,60,diou,42.0,,0,0.0
0.9,0.1,10.0,60,giou,42.0,,0,0.0
0.9,0.1,10.0,90,diou,42.0,,0,0.0
0.9,0.1,10.0,90,giou,42.0,,0,0.0
0.9,0.1,10.0,120,diou,42.0,,0,0.0
0.9,0.1,10.0,120,giou,42.0,,0,0.0
0.9,0.1,10.0,180,diou,42.0,,0,0.0
0.9,0.1,10.0,180,giou,42.0,,0,0.0
0.9,0.1,10.0,240,diou,42.0,,0,0.0
0.9,0.1,10.0,240,giou,42.0,,0,0.0
0.9,0.1,20.0,30,diou,42.0,,0,0.0
0.9,0.1,20.0,30,giou,42.0,,0,0.0
0.9,0.1,20.0,60,diou,42.0,,0,0.0
0.9,0.1,20.0,60,giou,42.0,,0,0.0
0.9,0.1,20.0,90,diou,42.0,,0,0.0
0.9,0.1,20.0,90,giou,42.0,,0,0.0
0.9,0.1,20.0,120,diou,42.0,,0,0.0
0.9,0.1,20.0,120,giou,42.0,,0,0.0
0.9,0.1,20.0,180,diou,42.0,,0,0.0
0.9,0.1,20.0,180,giou,42.0,,0,0.0
0.9,0.1,20.0,240,diou,42.0,,0,0.0
0.9,0.1,20.0,240,giou,42.0,,0,0.0
0.9,0.2,1.0,30,diou,42.0,,0,0.0
0.9,0.2,1.0,30,giou,42.0,,0,0.0
0.9,0.2,1.0,60,diou,42.0,,0,0.0
0.9,0.2,1.0,60,giou,42.0,,0,0.0
0.9,0.2,1.0,90,diou,42.0,,0,0.0
0.9,0.2,1.0,90,giou,42.0,,0,0.0
0.9,0.2,1.0,120,diou,42.0,,0,0.0
0.9,0.2,1.0,120,giou,42.0,,0,0.0
0.9,0.2,1.0,180,diou,42.0,,0,0.0
0.9,0.2,1.0,180,giou,42.0,,0,0.0
0.9,0.2,1.0,240,diou,42.0,,0,0.0
0.9,0.2,1.0,240,giou,42.0,,0,0.0
0.9,0.2,3.0,30,diou,42.0,,0,0.0
0.9,0.2,3.0,30,giou,42.0,,0,0.0
0.9,0.2,3.0,60,diou,42.0,,0,0.0
0.9,0.2,3.0,60,giou,42.0,,0,0.0
0.9,0.2,3.0,90,diou,42.0,,0,0.0
0.9,0.2,3.0,90,giou,42.0,,0,0.0
0.9,0.2,3.0,120,diou,42.0,,0,0.0
0.9,0.2,3.0,120,giou,42.0,,0,0.0
0.9,0.2,3.0,180,diou,42.0,,0,0.0
0.9,0.2,3.0,180,giou,42.0,,0,0.0
0.9,0.2,3.0,240,diou,42.0,,0,0.0
0.9,0.2,3.0,240,giou,42.0,,0,0.0
0.9,0.2,5.0,30,diou,42.0,,0,0.0
0.9,0.2,5.0,30,giou,42.0,,0,0.0
0.9,0.2,5.0,60,diou,42.0,,0,0.0
0.9,0.2,5.0,60,giou,42.0,,0,0.0
0.9,0.2,5.0,90,diou,42.0,,0,0.0
0.9,0.2,5.0,90,giou,42.0,,0,0.0
0.9,0.2,5.0,120,diou,42.0,,0,0.0
0.9,0.2,5.0,120,giou,42.0,,0,0.0
0.9,0.2,5.0,180,diou,42.0,,0,0.0
0.9,0.2,5.0,180,giou,42.0,,0,0.0
0.9,0.2,5.0,240,diou,42.0,,0,0.0
0.9,0.2,5.0,240,giou,42.0,,0,0.0
0.9,0.2,10.0,30,diou,42.0,,0,0.0
0.9,0.2,10.0,30,giou,42.0,,0,0.0
0.9,0.2,10.0,60,diou,42.0,,0,0.0
0.9,0.2,10.0,60,giou,42.0,,0,0.0
0.9,0.2,10.0,90,diou,42.0,,0,0.0
0.9,0.2,10.0,90,giou,42.0,,0,0.0
0.9,0.2,10.0,120,diou,42.0,,0,0.0
0.9,0.2,10.0,120,giou,42.0,,0,0.0
0.9,0.2,10.0,180,diou,42.0,,0,0.0
0.9,0.2,10.0,180,giou,42.0,,0,0.0
0.9,0.2,10.0,240,diou,42.0,,0,0.0
0.9,0.2,10.0,240,giou,42.0,,0,0.0
0.9,0.2,20.0,30,diou,42.0,,0,0.0
0.9,0.2,20.0,30,giou,42.0,,0,0.0
0.9,0.2,20.0,60,diou,42.0,,0,0.0
0.9,0.2,20.0,60,giou,42.0,,0,0.0
0.9,0.2,20.0,90,diou,42.0,,0,0.0
0.9,0.2,20.0,90,giou,42.0,,0,0.0
0.9,0.2,20.0,120,diou,42.0,,0,0.0
0.9,0.2,20.0,120,giou,42.0,,0,0.0
0.9,0.2,20.0,180,diou,42.0,,0,0.0
0.9,0.2,20.0,180,giou,42.0,,0,0.0
0.9,0.2,20.0,240,diou,42.0,,0,0.0
0.9,0.2,20.0,240,giou,42.0,,0,0.0
0.9,0.3,1.0,30,diou,42.0,,0,0.0
0.9,0.3,1.0,30,giou,42.0,,0,0.0
0.9,0.3,1.0,60,diou,42.0,,0,0.0
0.9,0.3,1.0,60,giou,42.0,,0,0.0
0.9,0.3,1.0,90,diou,42.0,,0,0.0
0.9,0.3,1.0,90,giou,42.0,,0,0.0
0.9,0.3,1.0,120,diou,42.0,,0,0.0
0.9,0.3,1.0,120,giou,42.0,,0,0.0
0.9,0.3,1.0,180,diou,42.0,,0,0.0
0.9,0.3,1.0,180,giou,42.0,,0,0.0
0.9,0.3,1.0,240,diou,42.0,,0,0.0
0.9,0.3,1.0,240,giou,42.0,,0,0.0
0.9,0.3,3.0,30,diou,42.0,,0,0.0
0.9,0.3,3.0,30,giou,42.0,,0,0.0
0.9,0.3,3.0,60,diou,42.0,,0,0.0
0.9,0.3,3.0,60,giou,42.0,,0,0.0
0.9,0.3,3.0,90,diou,42.0,,0,0.0
0.9,0.3,3.0,90,giou,42.0,,0,0.0
0.9,0.3,3.0,120,diou,42.0,,0,0.0
0.9,0.3,3.0,120,giou,42.0,,0,0.0
0.9,0.3,3.0,180,diou,42.0,,0,0.0
0.9,0.3,3.0,180,giou,42.0,,0,0.0
0.9,0.3,3.0,240,diou,42.0,,0,0.0
0.9,0.3,3.0,240,giou,42.0,,0,0.0
0.9,0.3,5.0,30,diou,42.0,,0,0.0
0.9,0.3,5.0,30,giou,42.0,,0,0.0
0.9,0.3,5.0,60,diou,42.0,,0,0.0
0.9,0.3,5.0,60,giou,42.0,,0,0.0
0.9,0.3,5.0,90,diou,42.0,,0,0.0
0.9,0.3,5.0,90,giou,42.0,,0,0.0
0.9,0.3,5.0,120,diou,42.0,,0,0.0
0.9,0.3,5.0,120,giou,42.0,,0,0.0
0.9,0.3,5.0,180,diou,42.0,,0,0.0
0.9,0.3,5.0,180,giou,42.0,,0,0.0
0.9,0.3,5.0,240,diou,42.0,,0,0.0
0.9,0.3,5.0,240,giou,42.0,,0,0.0
0.9,0.3,10.0,30,diou,42.0,,0,0.0
0.9,0.3,10.0,30,giou,42.0,,0,0.0
0.9,0.3,10.0,60,diou,42.0,,0,0.0
0.9,0.3,10.0,60,giou,42.0,,0,0.0
0.9,0.3,10.0,90,diou,42.0,,0,0.0
0.9,0.3,10.0,90,giou,42.0,,0,0.0
0.9,0.3,10.0,120,diou,42.0,,0,0.0
0.9,0.3,10.0,120,giou,42.0,,0,0.0
0.9,0.3,10.0,180,diou,42.0,,0,0.0
0.9,0.3,10.0,180,giou,42.0,,0,0.0
0.9,0.3,10.0,240,diou,42.0,,0,0.0
0.9,0.3,10.0,240,giou,42.0,,0,0.0
0.9,0.3,20.0,30,diou,42.0,,0,0.0
0.9,0.3,20.0,30,giou,42.0,,0,0.0
0.9,0.3,20.0,60,diou,42.0,,0,0.0
0.9,0.3,20.0,60,giou,42.0,,0,0.0
0.9,0.3,20.0,90,diou,42.0,,0,0.0
0.9,0.3,20.0,90,giou,42.0,,0,0.0
0.9,0.3,20.0,120,diou,42.0,,0,0.0
0.9,0.3,20.0,120,giou,42.0,,0,0.0
0.9,0.3,20.0,180,diou,42.0,,0,0.0
0.9,0.3,20.0,180,giou,42.0,,0,0.0
0.9,0.3,20.0,240,diou,42.0,,0,0.0
0.9,0.3,20.0,240,giou,42.0,,0,0.0
0.9,0.5,1.0,30,diou,42.0,,0,0.0
0.9,0.5,1.0,30,giou,42.0,,0,0.0
0.9,0.5,1.0,60,diou,42.0,,0,0.0
0.9,0.5,1.0,60,giou,42.0,,0,0.0
0.9,0.5,1.0,90,diou,42.0,,0,0.0
0.9,0.5,1.0,90,giou,42.0,,0,0.0
0.9,0.5,1.0,120,diou,42.0,,0,0.0
0.9,0.5,1.0,120,giou,42.0,,0,0.0
0.9,0.5,1.0,180,diou,42.0,,0,0.0
0.9,0.5,1.0,180,giou,42.0,,0,0.0
0.9,0.5,1.0,240,diou,42.0,,0,0.0
0.9,0.5,1.0,240,giou,42.0,,0,0.0
0.9,0.5,3.0,30,diou,42.0,,0,0.0
0.9,0.5,3.0,30,giou,42.0,,0,0.0
0.9,0.5,3.0,60,diou,42.0,,0,0.0
0.9,0.5,3.0,60,giou,42.0,,0,0.0
0.9,0.5,3.0,90,diou,42.0,,0,0.0
0.9,0.5,3.0,90,giou,42.0,,0,0.0
0.9,0.5,3.0,120,diou,42.0,,0,0.0
0.9,0.5,3.0,120,giou,42.0,,0,0.0
0.9,0.5,3.0,180,diou,42.0,,0,0.0
0.9,0.5,3.0,180,giou,42.0,,0,0.0
0.9,0.5,3.0,240,diou,42.0,,0,0.0
0.9,0.5,3.0,240,giou,42.0,,0,0.0
0.9,0.5,5.0,30,diou,42.0,,0,0.0
0.9,0.5,5.0,30,giou,42.0,,0,0.0
0.9,0.5,5.0,60,diou,42.0,,0,0.0
0.9,0.5,5.0,60,giou,42.0,,0,0.0
0.9,0.5,5.0,90,diou,42.0,,0,0.0
0.9,0.5,5.0,90,giou,42.0,,0,0.0
0.9,0.5,5.0,120,diou,42.0,,0,0.0
0.9,0.5,5.0,120,giou,42.0,,0,0.0
0.9,0.5,5.0,180,diou,42.0,,0,0.0
0.9,0.5,5.0,180,giou,42.0,,0,0.0
0.9,0.5,5.0,240,diou,42.0,,0,0.0
0.9,0.5,5.0,240,giou,42.0,,0,0.0
0.9,0.5,10.0,30,diou,42.0,,0,0.0
0.9,0.5,10.0,30,giou,42.0,,0,0.0
0.9,0.5,10.0,60,diou,42.0,,0,0.0
0.9,0.5,10.0,60,giou,42.0,,0,0.0
0.9,0.5,10.0,90,diou,42.0,,0,0.0
0.9,0.5,10.0,90,giou,42.0,,0,0.0
0.9,0.5,10.0,120,diou,42.0,,0,0.0
0.9,0.5,10.0,120,giou,42.0,,0,0.0
0.9,0.5,10.0,180,diou,42.0,,0,0.0
0.9,0.5,10.0,180,giou,42.0,,0,0.0
0.9,0.5,10.0,240,diou,42.0,,0,0.0
0.9,0.5,10.0,240,giou,42.0,,0,0.0
0.9,0.5,20.0,30,diou,42.0,,0,0.0
0.9,0.5,20.0,30,giou,42.0,,0,0.0
0.9,0.5,20.0,60,diou,42.0,,0,0.0
0.9,0.5,20.0,60,giou,42.0,,0,0.0
0.9,0.5,20.0,90,diou,42.0,,0,0.0
0.9,0.5,20.0,90,giou,42.0,,0,0.0
0.9,0.5,20.0,120,diou,42.0,,0,0.0
0.9,0.5,20.0,120,giou,42.0,,0,0.0
0.9,0.5,20.0,180,diou,42.0,,0,0.0
0.9,0.5,20.0,180,giou,42.0,,0,0.0
0.9,0.5,20.0,240,diou,42.0,,0,0.0
0.9,0.5,20.0,240,giou,42.0,,0,0.0
