frame,orig_id,x,y,vial_id,ordered_id,fps
0,id1,601.5,348.0,vial5,36,29.879265969059976
1,id1,603.0,344.0,vial5,36,29.879265969059976
2,id1,604.0,340.0,vial5,36,29.879265969059976
3,id1,606.0,336.0,vial5,36,29.879265969059976
4,id1,607.5,333.0,vial5,36,29.879265969059976
5,id1,609.0,329.0,vial5,36,29.879265969059976
6,id1,610.0,325.5,vial5,36,29.879265969059976
7,id1,611.5,323.0,vial5,36,29.879265969059976
8,id1,612.5,319.5,vial5,36,29.879265969059976
9,id1,613.0,316.5,vial5,36,29.879265969059976
10,id1,613.5,313.0,vial5,36,29.879265969059976
11,id1,614.0,310.0,vial5,36,29.879265969059976
12,id1,614.5,306.5,vial5,36,29.879265969059976
13,id1,614.5,304.0,vial5,36,29.879265969059976
14,id1,614.5,300.5,vial5,36,29.879265969059976
15,id1,615.0,298.0,vial5,36,29.879265969059976
16,id1,615.0,295.0,vial5,36,29.879265969059976
17,id1,615.0,292.0,vial5,36,29.879265969059976
18,id1,615.0,289.0,vial5,36,29.879265969059976
19,id1,614.0,286.5,vial5,36,29.879265969059976
20,id1,614.0,284.0,vial5,36,29.879265969059976
21,id1,613.0,281.0,vial5,36,29.879265969059976
22,id1,613.0,278.5,vial5,36,29.879265969059976
23,id1,612.0,275.5,vial5,36,29.879265969059976
24,id1,611.0,271.5,vial5,36,29.879265969059976
25,id1,611.0,268.5,vial5,36,29.879265969059976
26,id1,610.0,266.0,vial5,36,29.879265969059976
27,id1,610.0,262.0,vial5,36,29.879265969059976
28,id1,609.0,259.5,vial5,36,29.879265969059976
29,id1,608.0,255.5,vial5,36,29.879265969059976
30,id1,607.0,252.0,vial5,36,29.879265969059976
31,id1,607.0,248.5,vial5,36,29.879265969059976
32,id1,606.0,244.5,vial5,36,29.879265969059976
33,id1,606.0,241.0,vial5,36,29.879265969059976
34,id1,605.0,238.5,vial5,36,29.879265969059976
35,id1,605.0,234.5,vial5,36,29.879265969059976
36,id1,604.0,232.0,vial5,36,29.879265969059976
37,id1,604.0,228.0,vial5,36,29.879265969059976
38,id1,603.5,225.0,vial5,36,29.879265969059976
39,id1,603.5,221.5,vial5,36,29.879265969059976
40,id1,603.0,218.5,vial5,36,29.879265969059976
41,id1,603.0,215.0,vial5,36,29.879265969059976
42,id1,602.5,212.0,vial5,36,29.879265969059976
43,id1,602.0,209.5,vial5,36,29.879265969059976
44,id1,601.0,206.5,vial5,36,29.879265969059976
45,id1,600.0,203.5,vial5,36,29.879265969059976
46,id1,599.0,200.5,vial5,36,29.879265969059976
47,id1,598.0,198.0,vial5,36,29.879265969059976
48,id1,598.0,194.5,vial5,36,29.879265969059976
49,id1,597.0,191.5,vial5,36,29.879265969059976
50,id1,597.0,188.0,vial5,36,29.879265969059976
51,id1,595.5,184.5,vial5,36,29.879265969059976
52,id1,595.0,181.5,vial5,36,29.879265969059976
53,id1,594.0,178.0,vial5,36,29.879265969059976
54,id1,593.0,174.5,vial5,36,29.879265969059976
55,id1,592.0,171.0,vial5,36,29.879265969059976
56,id1,592.0,167.5,vial5,36,29.879265969059976
57,id1,591.5,164.5,vial5,36,29.879265969059976
58,id1,591.0,161.0,vial5,36,29.879265969059976
59,id1,590.5,157.5,vial5,36,29.879265969059976
60,id1,590.5,153.5,vial5,36,29.879265969059976
61,id1,591.0,150.5,vial5,36,29.879265969059976
62,id1,590.5,148.0,vial5,36,29.879265969059976
63,id1,590.5,145.0,vial5,36,29.879265969059976
64,id1,590.5,142.0,vial5,36,29.879265969059976
65,id1,591.5,138.5,vial5,36,29.879265969059976
66,id1,591.5,135.5,vial5,36,29.879265969059976
67,id1,591.5,132.5,vial5,36,29.879265969059976
68,id1,591.5,129.5,vial5,36,29.879265969059976
69,id1,590.5,126.5,vial5,36,29.879265969059976
70,id1,591.5,123.0,vial5,36,29.879265969059976
71,id1,590.5,120.5,vial5,36,29.879265969059976
72,id1,590.5,117.0,vial5,36,29.879265969059976
73,id1,589.5,114.5,vial5,36,29.879265969059976
74,id1,589.0,111.5,vial5,36,29.879265969059976
75,id1,588.0,108.5,vial5,36,29.879265969059976
76,id1,586.0,106.0,vial5,36,29.879265969059976
77,id1,584.5,104.0,vial5,36,29.879265969059976
78,id1,582.5,102.0,vial5,36,29.879265969059976
79,id1,580.5,99.0,vial5,36,29.879265969059976
80,id1,578.5,97.0,vial5,36,29.879265969059976
81,id1,576.5,94.0,vial5,36,29.879265969059976
82,id1,574.5,92.0,vial5,36,29.879265969059976
83,id1,573.5,89.0,vial5,36,29.879265969059976
84,id1,571.5,87.0,vial5,36,29.879265969059976
85,id1,569.5,84.0,vial5,36,29.879265969059976
86,id1,567.5,81.0,vial5,36,29.879265969059976
87,id1,565.5,78.0,vial5,36,29.879265969059976
88,id1,563.5,75.5,vial5,36,29.879265969059976
89,id1,561.5,73.0,vial5,36,29.879265969059976
90,id1,560.0,70.5,vial5,36,29.879265969059976
91,id1,558.0,68.0,vial5,36,29.879265969059976
92,id1,556.0,66.0,vial5,36,29.879265969059976
93,id1,554.0,64.0,vial5,36,29.879265969059976
94,id1,552.0,61.0,vial5,36,29.879265969059976
95,id1,551.0,59.0,vial5,36,29.879265969059976
96,id1,549.5,56.5,vial5,36,29.879265969059976
97,id1,548.0,54.5,vial5,36,29.879265969059976
98,id1,547.0,51.0,vial5,36,29.879265969059976
99,id1,545.5,49.0,vial5,36,29.879265969059976
100,id1,545.0,45.5,vial5,36,29.879265969059976
101,id1,543.5,43.0,vial5,36,29.879265969059976
102,id1,543.5,40.5,vial5,36,29.879265969059976
103,id1,542.5,38.0,vial5,36,29.879265969059976
104,id1,541.5,36.5,vial5,36,29.879265969059976
105,id1,541.5,33.5,vial5,36,29.879265969059976
106,id1,541.5,31.5,vial5,36,29.879265969059976
107,id1,541.5,29.5,vial5,36,29.879265969059976
108,id1,541.5,28.0,vial5,36,29.879265969059976
109,id1,541.5,27.0,vial5,36,29.879265969059976
110,id1,541.5,26.0,vial5,36,29.879265969059976
111,id1,542.0,25.5,vial5,36,29.879265969059976
112,id1,542.0,25.5,vial5,36,29.879265969059976
113,id1,542.0,25.5,vial5,36,29.879265969059976
114,id1,542.0,25.5,vial5,36,29.879265969059976
115,id1,542.0,25.5,vial5,36,29.879265969059976
116,id1,542.0,25.5,vial5,36,29.879265969059976
117,id1,542.0,24.5,vial5,36,29.879265969059976
118,id1,542.0,24.0,vial5,36,29.879265969059976
119,id1,543.0,23.0,vial5,36,29.879265969059976
120,id1,544.0,22.0,vial5,36,29.879265969059976
121,id1,544.5,21.5,vial5,36,29.879265969059976
122,id1,545.5,20.0,vial5,36,29.879265969059976
123,id1,546.0,20.0,vial5,36,29.879265969059976
124,id1,547.5,18.0,vial5,36,29.879265969059976
125,id1,548.5,17.5,vial5,36,29.879265969059976
126,id1,549.5,16.5,vial5,36,29.879265969059976
127,id1,551.0,15.5,vial5,36,29.879265969059976
128,id1,552.0,15.0,vial5,36,29.879265969059976
129,id1,553.0,14.5,vial5,36,29.879265969059976
130,id1,554.0,13.0,vial5,36,29.879265969059976
131,id1,554.5,12.0,vial5,36,29.879265969059976
132,id1,555.0,10.0,vial5,36,29.879265969059976
133,id1,555.5,8.0,vial5,36,29.879265969059976
134,id1,555.5,6.5,vial5,36,29.879265969059976
135,id1,555.5,6.0,vial5,36,29.879265969059976
143,id1,612.5,3.0,vial5,36,29.879265969059976
144,id1,612.0,4.0,vial5,36,29.879265969059976
199,id1,555.0,3.0,vial5,36,29.879265969059976
200,id1,553.5,3.0,vial5,36,29.879265969059976
201,id1,553.0,2.5,vial5,36,29.879265969059976
202,id1,553.0,3.0,vial5,36,29.879265969059976
203,id1,551.5,2.5,vial5,36,29.879265969059976
253,id1,545.5,2.0,vial5,36,29.879265969059976
255,id1,545.0,2.0,vial5,36,29.879265969059976
256,id1,543.5,2.0,vial5,36,29.879265969059976
257,id1,543.5,2.0,vial5,36,29.879265969059976
0,id10,597.5,373.5,vial5,38,29.879265969059976
1,id10,598.5,373.0,vial5,38,29.879265969059976
2,id10,598.5,370.0,vial5,38,29.879265969059976
3,id10,599.5,367.5,vial5,38,29.879265969059976
4,id10,600.5,363.0,vial5,38,29.879265969059976
5,id10,602.0,360.0,vial5,38,29.879265969059976
6,id10,603.5,356.0,vial5,38,29.879265969059976
7,id10,605.0,352.0,vial5,38,29.879265969059976
8,id10,605.5,347.5,vial5,38,29.879265969059976
9,id10,606.5,343.5,vial5,38,29.879265969059976
10,id10,607.0,338.0,vial5,38,29.879265969059976
11,id10,607.5,334.5,vial5,38,29.879265969059976
12,id10,607.5,330.0,vial5,38,29.879265969059976
13,id10,608.5,326.5,vial5,38,29.879265969059976
14,id10,608.5,322.0,vial5,38,29.879265969059976
15,id10,608.0,318.0,vial5,38,29.879265969059976
16,id10,607.5,313.5,vial5,38,29.879265969059976
17,id10,607.0,310.5,vial5,38,29.879265969059976
18,id10,606.0,306.5,vial5,38,29.879265969059976
19,id10,604.5,302.5,vial5,38,29.879265969059976
20,id10,604.0,298.5,vial5,38,29.879265969059976
21,id10,602.5,295.0,vial5,38,29.879265969059976
22,id10,601.5,292.0,vial5,38,29.879265969059976
23,id10,600.0,289.5,vial5,38,29.879265969059976
24,id10,599.0,286.0,vial5,38,29.879265969059976
25,id10,597.5,283.0,vial5,38,29.879265969059976
26,id10,597.0,279.5,vial5,38,29.879265969059976
27,id10,595.0,277.0,vial5,38,29.879265969059976
28,id10,592.0,274.5,vial5,38,29.879265969059976
29,id10,589.0,272.0,vial5,38,29.879265969059976
30,id10,586.0,269.5,vial5,38,29.879265969059976
31,id10,583.5,267.5,vial5,38,29.879265969059976
32,id10,581.0,265.0,vial5,38,29.879265969059976
33,id10,577.5,264.0,vial5,38,29.879265969059976
34,id10,575.0,261.5,vial5,38,29.879265969059976
35,id10,572.0,259.5,vial5,38,29.879265969059976
36,id10,570.0,257.0,vial5,38,29.879265969059976
37,id10,568.0,255.5,vial5,38,29.879265969059976
38,id10,565.0,253.5,vial5,38,29.879265969059976
39,id10,562.5,251.5,vial5,38,29.879265969059976
40,id10,561.0,249.5,vial5,38,29.879265969059976
41,id10,558.5,248.0,vial5,38,29.879265969059976
42,id10,557.0,245.5,vial5,38,29.879265969059976
43,id10,554.5,244.0,vial5,38,29.879265969059976
44,id10,553.0,243.5,vial5,38,29.879265969059976
45,id10,551.5,243.5,vial5,38,29.879265969059976
46,id10,549.5,244.5,vial5,38,29.879265969059976
47,id10,548.5,245.5,vial5,38,29.879265969059976
48,id10,547.5,246.5,vial5,38,29.879265969059976
49,id10,546.0,246.5,vial5,38,29.879265969059976
50,id10,545.0,247.5,vial5,38,29.879265969059976
51,id10,544.5,247.5,vial5,38,29.879265969059976
52,id10,544.0,247.5,vial5,38,29.879265969059976
53,id10,544.0,247.5,vial5,38,29.879265969059976
54,id10,543.0,246.5,vial5,38,29.879265969059976
55,id10,542.5,245.0,vial5,38,29.879265969059976
56,id10,542.5,243.0,vial5,38,29.879265969059976
57,id10,542.5,241.0,vial5,38,29.879265969059976
58,id10,542.5,238.0,vial5,38,29.879265969059976
59,id10,542.5,235.0,vial5,38,29.879265969059976
60,id10,543.0,231.0,vial5,38,29.879265969059976
61,id10,543.0,228.0,vial5,38,29.879265969059976
62,id10,543.5,224.5,vial5,38,29.879265969059976
63,id10,543.5,221.0,vial5,38,29.879265969059976
64,id10,544.0,217.5,vial5,38,29.879265969059976
65,id10,544.0,214.0,vial5,38,29.879265969059976
66,id10,544.5,210.5,vial5,38,29.879265969059976
67,id10,545.5,207.0,vial5,38,29.879265969059976
68,id10,547.0,205.0,vial5,38,29.879265969059976
69,id10,548.0,202.0,vial5,38,29.879265969059976
70,id10,550.0,199.5,vial5,38,29.879265969059976
71,id10,551.5,197.5,vial5,38,29.879265969059976
72,id10,553.5,195.5,vial5,38,29.879265969059976
73,id10,555.5,193.5,vial5,38,29.879265969059976
74,id10,558.0,191.5,vial5,38,29.879265969059976
75,id10,560.0,189.0,vial5,38,29.879265969059976
76,id10,562.5,187.0,vial5,38,29.879265969059976
77,id10,564.5,184.5,vial5,38,29.879265969059976
78,id10,567.0,183.5,vial5,38,29.879265969059976
79,id10,569.0,181.5,vial5,38,29.879265969059976
80,id10,571.0,179.0,vial5,38,29.879265969059976
81,id10,573.5,177.0,vial5,38,29.879265969059976
82,id10,577.0,175.5,vial5,38,29.879265969059976
83,id10,579.0,175.0,vial5,38,29.879265969059976
84,id10,582.0,174.0,vial5,38,29.879265969059976
85,id10,584.5,172.5,vial5,38,29.879265969059976
86,id10,586.5,171.0,vial5,38,29.879265969059976
87,id10,587.5,169.0,vial5,38,29.879265969059976
88,id10,589.0,166.5,vial5,38,29.879265969059976
89,id10,590.0,163.5,vial5,38,29.879265969059976
90,id10,590.0,160.5,vial5,38,29.879265969059976
91,id10,592.0,157.5,vial5,38,29.879265969059976
92,id10,593.0,155.5,vial5,38,29.879265969059976
93,id10,594.5,152.5,vial5,38,29.879265969059976
94,id10,595.5,150.5,vial5,38,29.879265969059976
95,id10,596.5,148.0,vial5,38,29.879265969059976
96,id10,598.5,145.5,vial5,38,29.879265969059976
97,id10,600.5,143.0,vial5,38,29.879265969059976
98,id10,602.5,141.5,vial5,38,29.879265969059976
99,id10,604.5,139.5,vial5,38,29.879265969059976
100,id10,606.0,137.5,vial5,38,29.879265969059976
101,id10,607.0,135.5,vial5,38,29.879265969059976
102,id10,609.0,133.5,vial5,38,29.879265969059976
103,id10,610.0,130.5,vial5,38,29.879265969059976
104,id10,611.0,128.5,vial5,38,29.879265969059976
105,id10,611.5,126.0,vial5,38,29.879265969059976
106,id10,612.5,124.0,vial5,38,29.879265969059976
107,id10,613.5,121.5,vial5,38,29.879265969059976
108,id10,613.5,119.5,vial5,38,29.879265969059976
109,id10,614.0,116.5,vial5,38,29.879265969059976
110,id10,614.5,113.5,vial5,38,29.879265969059976
111,id10,614.5,111.0,vial5,38,29.879265969059976
112,id10,614.5,108.0,vial5,38,29.879265969059976
113,id10,614.5,105.0,vial5,38,29.879265969059976
114,id10,614.0,103.5,vial5,38,29.879265969059976
115,id10,613.5,101.5,vial5,38,29.879265969059976
116,id10,613.5,99.0,vial5,38,29.879265969059976
117,id10,613.5,96.0,vial5,38,29.879265969059976
118,id10,613.5,94.0,vial5,38,29.879265969059976
119,id10,612.5,92.0,vial5,38,29.879265969059976
120,id10,612.5,90.0,vial5,38,29.879265969059976
121,id10,612.5,87.5,vial5,38,29.879265969059976
122,id10,611.5,85.0,vial5,38,29.879265969059976
123,id10,611.5,83.0,vial5,38,29.879265969059976
124,id10,611.5,80.0,vial5,38,29.879265969059976
125,id10,611.5,76.0,vial5,38,29.879265969059976
126,id10,611.5,72.5,vial5,38,29.879265969059976
127,id10,611.5,69.5,vial5,38,29.879265969059976
128,id10,611.5,66.0,vial5,38,29.879265969059976
129,id10,611.5,63.0,vial5,38,29.879265969059976
130,id10,611.5,59.5,vial5,38,29.879265969059976
131,id10,611.5,55.5,vial5,38,29.879265969059976
132,id10,611.5,52.0,vial5,38,29.879265969059976
133,id10,611.5,48.5,vial5,38,29.879265969059976
134,id10,611.5,45.0,vial5,38,29.879265969059976
135,id10,612.0,41.0,vial5,38,29.879265969059976
136,id10,612.0,37.5,vial5,38,29.879265969059976
137,id10,612.5,34.5,vial5,38,29.879265969059976
138,id10,612.5,31.0,vial5,38,29.879265969059976
139,id10,612.5,27.5,vial5,38,29.879265969059976
140,id10,612.5,23.5,vial5,38,29.879265969059976
141,id10,612.5,20.5,vial5,38,29.879265969059976
142,id10,612.5,16.5,vial5,38,29.879265969059976
143,id10,612.5,13.5,vial5,38,29.879265969059976
144,id10,613.0,11.5,vial5,38,29.879265969059976
0,id11,682.0,358.5,vial6,39,29.879265969059976
1,id11,682.0,358.0,vial6,39,29.879265969059976
2,id11,681.0,358.0,vial6,39,29.879265969059976
3,id11,682.5,355.5,vial6,39,29.879265969059976
4,id11,681.5,353.0,vial6,39,29.879265969059976
5,id11,680.5,351.0,vial6,39,29.879265969059976
6,id11,679.5,348.0,vial6,39,29.879265969059976
7,id11,678.5,346.0,vial6,39,29.879265969059976
8,id11,677.5,343.5,vial6,39,29.879265969059976
9,id11,676.5,341.5,vial6,39,29.879265969059976
10,id11,675.5,339.5,vial6,39,29.879265969059976
11,id11,675.5,336.5,vial6,39,29.879265969059976
12,id11,674.5,334.5,vial6,39,29.879265969059976
13,id11,674.5,331.5,vial6,39,29.879265969059976
14,id11,674.0,329.5,vial6,39,29.879265969059976
15,id11,673.5,328.0,vial6,39,29.879265969059976
16,id11,673.5,327.0,vial6,39,29.879265969059976
17,id11,673.5,326.0,vial6,39,29.879265969059976
18,id11,673.5,325.0,vial6,39,29.879265969059976
19,id11,673.5,323.0,vial6,39,29.879265969059976
20,id11,672.5,320.5,vial6,39,29.879265969059976
21,id11,672.5,318.0,vial6,39,29.879265969059976
22,id11,673.5,315.0,vial6,39,29.879265969059976
23,id11,673.5,313.0,vial6,39,29.879265969059976
24,id11,673.5,310.0,vial6,39,29.879265969059976
25,id11,673.5,308.0,vial6,39,29.879265969059976
26,id11,673.5,306.0,vial6,39,29.879265969059976
27,id11,673.5,303.0,vial6,39,29.879265969059976
28,id11,673.5,300.0,vial6,39,29.879265969059976
29,id11,673.5,297.5,vial6,39,29.879265969059976
30,id11,673.5,295.0,vial6,39,29.879265969059976
31,id11,673.5,292.0,vial6,39,29.879265969059976
32,id11,673.5,289.0,vial6,39,29.879265969059976
33,id11,673.5,287.0,vial6,39,29.879265969059976
34,id11,673.5,284.5,vial6,39,29.879265969059976
35,id11,673.5,282.0,vial6,39,29.879265969059976
36,id11,673.5,279.0,vial6,39,29.879265969059976
37,id11,673.5,276.0,vial6,39,29.879265969059976
38,id11,673.5,273.0,vial6,39,29.879265969059976
39,id11,674.0,270.5,vial6,39,29.879265969059976
40,id11,674.0,268.0,vial6,39,29.879265969059976
41,id11,674.0,265.0,vial6,39,29.879265969059976
42,id11,674.5,263.0,vial6,39,29.879265969059976
43,id11,674.5,260.0,vial6,39,29.879265969059976
44,id11,674.5,260.0,vial6,39,29.879265969059976
45,id11,674.5,259.5,vial6,39,29.879265969059976
46,id11,675.5,259.0,vial6,39,29.879265969059976
47,id11,675.5,258.5,vial6,39,29.879265969059976
48,id11,676.0,258.5,vial6,39,29.879265969059976
49,id11,676.5,257.0,vial6,39,29.879265969059976
50,id11,677.0,256.5,vial6,39,29.879265969059976
51,id11,677.5,255.5,vial6,39,29.879265969059976
52,id11,678.0,254.5,vial6,39,29.879265969059976
53,id11,679.0,253.5,vial6,39,29.879265969059976
54,id11,680.0,253.5,vial6,39,29.879265969059976
55,id11,680.0,253.0,vial6,39,29.879265969059976
56,id11,680.0,253.0,vial6,39,29.879265969059976
57,id11,680.0,253.0,vial6,39,29.879265969059976
58,id11,680.0,253.0,vial6,39,29.879265969059976
59,id11,679.0,253.5,vial6,39,29.879265969059976
60,id11,679.0,253.5,vial6,39,29.879265969059976
61,id11,679.0,253.5,vial6,39,29.879265969059976
62,id11,679.0,253.5,vial6,39,29.879265969059976
63,id11,679.0,253.5,vial6,39,29.879265969059976
64,id11,679.0,253.5,vial6,39,29.879265969059976
65,id11,679.0,253.5,vial6,39,29.879265969059976
66,id11,679.0,253.5,vial6,39,29.879265969059976
67,id11,679.0,253.5,vial6,39,29.879265969059976
68,id11,679.0,254.0,vial6,39,29.879265969059976
69,id11,679.0,254.0,vial6,39,29.879265969059976
70,id11,679.0,254.0,vial6,39,29.879265969059976
71,id11,679.0,254.5,vial6,39,29.879265969059976
72,id11,679.5,254.5,vial6,39,29.879265969059976
73,id11,680.0,254.5,vial6,39,29.879265969059976
74,id11,680.5,255.5,vial6,39,29.879265969059976
75,id11,681.5,255.5,vial6,39,29.879265969059976
76,id11,681.0,256.5,vial6,39,29.879265969059976
77,id11,681.0,257.0,vial6,39,29.879265969059976
78,id11,681.0,257.0,vial6,39,29.879265969059976
79,id11,681.0,258.0,vial6,39,29.879265969059976
80,id11,681.0,259.5,vial6,39,29.879265969059976
81,id11,681.5,261.0,vial6,39,29.879265969059976
82,id11,682.0,261.5,vial6,39,29.879265969059976
83,id11,682.5,261.5,vial6,39,29.879265969059976
84,id11,682.5,261.5,vial6,39,29.879265969059976
85,id11,683.5,261.0,vial6,39,29.879265969059976
86,id11,684.0,260.5,vial6,39,29.879265969059976
87,id11,683.5,259.5,vial6,39,29.879265969059976
88,id11,683.5,259.0,vial6,39,29.879265969059976
89,id11,683.5,259.0,vial6,39,29.879265969059976
90,id11,683.5,259.5,vial6,39,29.879265969059976
91,id11,683.5,259.5,vial6,39,29.879265969059976
92,id11,684.0,259.5,vial6,39,29.879265969059976
93,id11,684.0,259.5,vial6,39,29.879265969059976
94,id11,684.0,259.5,vial6,39,29.879265969059976
95,id11,685.0,258.5,vial6,39,29.879265969059976
96,id11,685.5,258.0,vial6,39,29.879265969059976
97,id11,687.0,257.0,vial6,39,29.879265969059976
98,id11,688.5,256.0,vial6,39,29.879265969059976
99,id11,689.5,255.0,vial6,39,29.879265969059976
100,id11,690.5,254.0,vial6,39,29.879265969059976
101,id11,691.5,253.5,vial6,39,29.879265969059976
102,id11,693.0,251.5,vial6,39,29.879265969059976
103,id11,695.0,250.0,vial6,39,29.879265969059976
104,id11,697.5,248.5,vial6,39,29.879265969059976
105,id11,700.5,247.0,vial6,39,29.879265969059976
106,id11,703.5,246.0,vial6,39,29.879265969059976
107,id11,706.5,244.5,vial6,39,29.879265969059976
108,id11,709.5,244.5,vial6,39,29.879265969059976
109,id11,712.5,243.0,vial6,39,29.879265969059976
110,id11,715.5,242.5,vial6,39,29.879265969059976
111,id11,718.5,242.0,vial6,39,29.879265969059976
112,id11,721.5,242.0,vial6,39,29.879265969059976
113,id11,724.0,241.5,vial6,39,29.879265969059976
114,id11,726.0,240.0,vial6,39,29.879265969059976
115,id11,727.5,239.0,vial6,39,29.879265969059976
116,id11,729.5,237.0,vial6,39,29.879265969059976
117,id11,730.5,236.0,vial6,39,29.879265969059976
118,id11,732.5,234.0,vial6,39,29.879265969059976
119,id11,734.5,233.0,vial6,39,29.879265969059976
120,id11,736.5,231.5,vial6,39,29.879265969059976
121,id11,738.5,230.5,vial6,39,29.879265969059976
122,id11,740.0,229.0,vial6,39,29.879265969059976
123,id11,741.0,228.5,vial6,39,29.879265969059976
124,id11,742.5,227.5,vial6,39,29.879265969059976
125,id11,744.0,227.5,vial6,39,29.879265969059976
126,id11,745.0,227.0,vial6,39,29.879265969059976
127,id11,745.5,227.0,vial6,39,29.879265969059976
128,id11,746.5,227.5,vial6,39,29.879265969059976
129,id11,746.5,227.5,vial6,39,29.879265969059976
130,id11,746.5,227.5,vial6,39,29.879265969059976
131,id11,746.5,227.5,vial6,39,29.879265969059976
132,id11,745.5,227.5,vial6,39,29.879265969059976
133,id11,745.0,227.0,vial6,39,29.879265969059976
134,id11,744.5,227.0,vial6,39,29.879265969059976
135,id11,742.5,227.0,vial6,39,29.879265969059976
136,id11,740.5,227.5,vial6,39,29.879265969059976
137,id11,739.5,226.5,vial6,39,29.879265969059976
138,id11,737.0,227.5,vial6,39,29.879265969059976
139,id11,736.0,226.0,vial6,39,29.879265969059976
140,id11,734.5,225.0,vial6,39,29.879265969059976
141,id11,733.5,224.5,vial6,39,29.879265969059976
142,id11,735.0,223.5,vial6,39,29.879265969059976
143,id11,733.5,219.0,vial6,39,29.879265969059976
144,id11,712.5,209.5,vial6,39,29.879265969059976
145,id11,709.5,210.5,vial6,39,29.879265969059976
146,id11,709.5,210.5,vial6,39,29.879265969059976
147,id11,709.5,210.5,vial6,39,29.879265969059976
148,id11,710.5,210.0,vial6,39,29.879265969059976
149,id11,712.0,207.0,vial6,39,29.879265969059976
150,id11,712.5,204.0,vial6,39,29.879265969059976
151,id11,711.5,201.5,vial6,39,29.879265969059976
152,id11,710.5,198.5,vial6,39,29.879265969059976
153,id11,709.0,195.0,vial6,39,29.879265969059976
154,id11,708.0,191.5,vial6,39,29.879265969059976
155,id11,706.0,188.0,vial6,39,29.879265969059976
156,id11,704.0,185.0,vial6,39,29.879265969059976
157,id11,702.0,183.0,vial6,39,29.879265969059976
158,id11,701.0,180.5,vial6,39,29.879265969059976
159,id11,699.0,178.0,vial6,39,29.879265969059976
160,id11,697.0,175.5,vial6,39,29.879265969059976
161,id11,695.0,173.0,vial6,39,29.879265969059976
162,id11,693.5,169.5,vial6,39,29.879265969059976
163,id11,692.0,167.5,vial6,39,29.879265969059976
164,id11,691.0,165.0,vial6,39,29.879265969059976
165,id11,689.0,163.0,vial6,39,29.879265969059976
166,id11,687.0,160.5,vial6,39,29.879265969059976
167,id11,684.5,159.0,vial6,39,29.879265969059976
168,id11,682.5,158.5,vial6,39,29.879265969059976
169,id11,681.5,159.0,vial6,39,29.879265969059976
170,id11,679.5,159.5,vial6,39,29.879265969059976
171,id11,678.0,160.5,vial6,39,29.879265969059976
172,id11,677.0,160.5,vial6,39,29.879265969059976
173,id11,676.0,161.5,vial6,39,29.879265969059976
174,id11,675.5,161.5,vial6,39,29.879265969059976
175,id11,674.5,160.5,vial6,39,29.879265969059976
176,id11,674.5,159.5,vial6,39,29.879265969059976
177,id11,674.5,157.0,vial6,39,29.879265969059976
178,id11,674.5,154.5,vial6,39,29.879265969059976
179,id11,674.5,152.0,vial6,39,29.879265969059976
180,id11,674.5,149.5,vial6,39,29.879265969059976
181,id11,674.0,147.0,vial6,39,29.879265969059976
182,id11,674.0,144.5,vial6,39,29.879265969059976
183,id11,675.0,142.5,vial6,39,29.879265969059976
184,id11,676.0,139.5,vial6,39,29.879265969059976
185,id11,677.0,137.5,vial6,39,29.879265969059976
186,id11,679.0,136.0,vial6,39,29.879265969059976
187,id11,680.0,134.0,vial6,39,29.879265969059976
188,id11,681.5,131.5,vial6,39,29.879265969059976
189,id11,682.5,129.0,vial6,39,29.879265969059976
190,id11,682.5,127.0,vial6,39,29.879265969059976
191,id11,682.5,124.0,vial6,39,29.879265969059976
192,id11,682.5,121.5,vial6,39,29.879265969059976
193,id11,681.5,118.5,vial6,39,29.879265969059976
194,id11,680.0,116.0,vial6,39,29.879265969059976
195,id11,680.0,116.0,vial6,39,29.879265969059976
196,id11,679.5,115.0,vial6,39,29.879265969059976
197,id11,679.5,115.0,vial6,39,29.879265969059976
198,id11,679.0,114.0,vial6,39,29.879265969059976
199,id11,678.0,112.5,vial6,39,29.879265969059976
200,id11,677.5,110.0,vial6,39,29.879265969059976
201,id11,676.5,107.5,vial6,39,29.879265969059976
202,id11,675.5,104.5,vial6,39,29.879265969059976
203,id11,675.0,103.0,vial6,39,29.879265969059976
204,id11,674.5,103.0,vial6,39,29.879265969059976
205,id11,674.5,102.0,vial6,39,29.879265969059976
206,id11,674.5,102.5,vial6,39,29.879265969059976
207,id11,674.0,103.5,vial6,39,29.879265969059976
208,id11,674.5,104.5,vial6,39,29.879265969059976
209,id11,674.5,105.5,vial6,39,29.879265969059976
210,id11,674.5,105.5,vial6,39,29.879265969059976
211,id11,674.5,105.5,vial6,39,29.879265969059976
212,id11,675.5,104.5,vial6,39,29.879265969059976
213,id11,675.5,103.5,vial6,39,29.879265969059976
214,id11,675.5,103.5,vial6,39,29.879265969059976
215,id11,675.5,103.5,vial6,39,29.879265969059976
216,id11,675.5,103.5,vial6,39,29.879265969059976
217,id11,675.5,103.0,vial6,39,29.879265969059976
218,id11,675.5,103.0,vial6,39,29.879265969059976
219,id11,675.5,103.0,vial6,39,29.879265969059976
220,id11,675.5,102.5,vial6,39,29.879265969059976
221,id11,675.0,102.5,vial6,39,29.879265969059976
222,id11,675.0,101.5,vial6,39,29.879265969059976
223,id11,675.5,101.5,vial6,39,29.879265969059976
224,id11,675.5,101.5,vial6,39,29.879265969059976
226,id11,688.5,82.5,vial6,39,29.879265969059976
227,id11,677.0,80.5,vial6,39,29.879265969059976
228,id11,677.5,80.0,vial6,39,29.879265969059976
229,id11,677.5,80.0,vial6,39,29.879265969059976
230,id11,677.5,79.0,vial6,39,29.879265969059976
231,id11,678.0,77.0,vial6,39,29.879265969059976
232,id11,678.0,75.5,vial6,39,29.879265969059976
233,id11,678.0,74.5,vial6,39,29.879265969059976
234,id11,677.5,74.5,vial6,39,29.879265969059976
235,id11,678.5,74.5,vial6,39,29.879265969059976
236,id11,678.0,74.5,vial6,39,29.879265969059976
237,id11,677.5,74.5,vial6,39,29.879265969059976
238,id11,677.5,74.5,vial6,39,29.879265969059976
239,id11,678.0,73.5,vial6,39,29.879265969059976
240,id11,679.0,71.0,vial6,39,29.879265969059976
241,id11,680.0,69.0,vial6,39,29.879265969059976
242,id11,681.0,67.0,vial6,39,29.879265969059976
243,id11,682.0,64.5,vial6,39,29.879265969059976
244,id11,683.0,62.0,vial6,39,29.879265969059976
245,id11,684.5,59.5,vial6,39,29.879265969059976
246,id11,687.0,57.5,vial6,39,29.879265969059976
247,id11,689.0,55.5,vial6,39,29.879265969059976
248,id11,691.5,55.5,vial6,39,29.879265969059976
249,id11,692.5,55.5,vial6,39,29.879265969059976
250,id11,693.5,56.0,vial6,39,29.879265969059976
251,id11,695.0,56.0,vial6,39,29.879265969059976
252,id11,695.0,55.5,vial6,39,29.879265969059976
253,id11,695.5,55.5,vial6,39,29.879265969059976
254,id11,713.5,62.5,vial6,39,29.879265969059976
255,id11,742.5,76.0,vial6,39,29.879265969059976
256,id11,734.5,87.0,vial6,39,29.879265969059976
257,id11,735.0,83.0,vial6,39,29.879265969059976
258,id11,739.5,85.0,vial6,39,29.879265969059976
259,id11,733.0,122.5,vial6,39,29.879265969059976
260,id11,725.0,151.0,vial6,39,29.879265969059976
261,id11,723.0,179.5,vial6,39,29.879265969059976
262,id11,724.0,209.0,vial6,39,29.879265969059976
263,id11,703.5,231.5,vial6,39,29.879265969059976
264,id11,696.5,236.0,vial6,39,29.879265969059976
265,id11,696.5,236.0,vial6,39,29.879265969059976
266,id11,696.5,236.0,vial6,39,29.879265969059976
267,id11,696.5,236.0,vial6,39,29.879265969059976
268,id11,696.5,236.0,vial6,39,29.879265969059976
269,id11,696.5,236.0,vial6,39,29.879265969059976
270,id11,696.0,235.0,vial6,39,29.879265969059976
271,id11,695.0,235.0,vial6,39,29.879265969059976
272,id11,694.0,233.5,vial6,39,29.879265969059976
273,id11,692.5,233.5,vial6,39,29.879265969059976
274,id11,691.0,233.5,vial6,39,29.879265969059976
275,id11,689.5,232.5,vial6,39,29.879265969059976
276,id11,688.0,231.5,vial6,39,29.879265969059976
277,id11,686.5,230.5,vial6,39,29.879265969059976
278,id11,685.0,229.5,vial6,39,29.879265969059976
279,id11,683.5,229.0,vial6,39,29.879265969059976
280,id11,683.0,228.5,vial6,39,29.879265969059976
281,id11,681.5,228.0,vial6,39,29.879265969059976
282,id11,680.5,227.0,vial6,39,29.879265969059976
283,id11,679.5,226.0,vial6,39,29.879265969059976
284,id11,679.0,225.0,vial6,39,29.879265969059976
285,id11,678.5,224.0,vial6,39,29.879265969059976
286,id11,678.5,224.5,vial6,39,29.879265969059976
287,id11,678.5,224.0,vial6,39,29.879265969059976
288,id11,678.5,224.0,vial6,39,29.879265969059976
289,id11,678.5,224.0,vial6,39,29.879265969059976
290,id11,678.5,224.0,vial6,39,29.879265969059976
291,id11,678.5,224.0,vial6,39,29.879265969059976
292,id11,678.5,224.0,vial6,39,29.879265969059976
293,id11,678.5,224.0,vial6,39,29.879265969059976
294,id11,678.5,224.0,vial6,39,29.879265969059976
295,id11,678.5,224.0,vial6,39,29.879265969059976
296,id11,678.5,224.0,vial6,39,29.879265969059976
297,id11,678.5,224.0,vial6,39,29.879265969059976
298,id11,678.5,224.0,vial6,39,29.879265969059976
299,id11,678.5,224.0,vial6,39,29.879265969059976
300,id11,678.0,224.0,vial6,39,29.879265969059976
301,id11,678.5,224.0,vial6,39,29.879265969059976
302,id11,678.5,224.0,vial6,39,29.879265969059976
303,id11,678.5,224.0,vial6,39,29.879265969059976
304,id11,678.5,224.0,vial6,39,29.879265969059976
305,id11,678.5,224.0,vial6,39,29.879265969059976
306,id11,678.5,224.0,vial6,39,29.879265969059976
307,id11,678.5,224.0,vial6,39,29.879265969059976
0,id12,329.5,317.0,vial3,14,29.879265969059976
1,id12,329.0,315.5,vial3,14,29.879265969059976
2,id12,329.5,311.5,vial3,14,29.879265969059976
3,id12,328.5,307.0,vial3,14,29.879265969059976
4,id12,327.0,302.5,vial3,14,29.879265969059976
5,id12,325.0,298.0,vial3,14,29.879265969059976
6,id12,323.0,294.0,vial3,14,29.879265969059976
7,id12,321.0,289.0,vial3,14,29.879265969059976
8,id12,318.0,285.0,vial3,14,29.879265969059976
9,id12,315.0,281.0,vial3,14,29.879265969059976
10,id12,312.0,277.0,vial3,14,29.879265969059976
11,id12,309.0,274.0,vial3,14,29.879265969059976
12,id12,306.0,270.0,vial3,14,29.879265969059976
13,id12,304.0,266.0,vial3,14,29.879265969059976
14,id12,302.0,262.0,vial3,14,29.879265969059976
15,id12,300.0,258.5,vial3,14,29.879265969059976
16,id12,298.5,254.5,vial3,14,29.879265969059976
17,id12,297.0,250.0,vial3,14,29.879265969059976
18,id12,296.0,246.5,vial3,14,29.879265969059976
19,id12,294.0,242.0,vial3,14,29.879265969059976
20,id12,293.0,238.0,vial3,14,29.879265969059976
21,id12,291.5,233.5,vial3,14,29.879265969059976
22,id12,291.0,229.0,vial3,14,29.879265969059976
23,id12,290.0,225.5,vial3,14,29.879265969059976
24,id12,289.5,221.0,vial3,14,29.879265969059976
25,id12,288.5,216.5,vial3,14,29.879265969059976
26,id12,287.5,212.0,vial3,14,29.879265969059976
27,id12,287.5,207.5,vial3,14,29.879265969059976
28,id12,286.5,203.5,vial3,14,29.879265969059976
29,id12,285.0,200.0,vial3,14,29.879265969059976
30,id12,283.5,196.5,vial3,14,29.879265969059976
31,id12,283.0,192.5,vial3,14,29.879265969059976
32,id12,281.5,189.5,vial3,14,29.879265969059976
33,id12,280.0,186.5,vial3,14,29.879265969059976
34,id12,279.0,183.0,vial3,14,29.879265969059976
35,id12,278.5,180.5,vial3,14,29.879265969059976
36,id12,278.0,177.0,vial3,14,29.879265969059976
37,id12,277.5,173.5,vial3,14,29.879265969059976
38,id12,277.0,169.5,vial3,14,29.879265969059976
39,id12,276.5,165.5,vial3,14,29.879265969059976
40,id12,276.5,162.0,vial3,14,29.879265969059976
41,id12,277.5,157.5,vial3,14,29.879265969059976
42,id12,276.5,154.0,vial3,14,29.879265969059976
43,id12,277.5,150.5,vial3,14,29.879265969059976
44,id12,277.5,147.5,vial3,14,29.879265969059976
45,id12,277.5,144.5,vial3,14,29.879265969059976
46,id12,277.5,141.5,vial3,14,29.879265969059976
47,id12,277.5,139.5,vial3,14,29.879265969059976
48,id12,277.5,138.5,vial3,14,29.879265969059976
49,id12,277.5,138.5,vial3,14,29.879265969059976
50,id12,278.0,138.5,vial3,14,29.879265969059976
51,id12,278.0,138.5,vial3,14,29.879265969059976
52,id12,277.5,137.5,vial3,14,29.879265969059976
53,id12,277.5,137.5,vial3,14,29.879265969059976
54,id12,277.5,137.5,vial3,14,29.879265969059976
55,id12,277.5,137.5,vial3,14,29.879265969059976
56,id12,277.5,137.0,vial3,14,29.879265969059976
57,id12,292.0,126.0,vial3,14,29.879265969059976
58,id12,320.0,124.5,vial3,14,29.879265969059976
59,id12,324.0,139.0,vial3,14,29.879265969059976
60,id12,306.5,175.0,vial3,14,29.879265969059976
61,id12,310.0,205.5,vial3,14,29.879265969059976
62,id12,306.5,233.5,vial3,14,29.879265969059976
63,id12,311.0,249.5,vial3,14,29.879265969059976
64,id12,321.0,257.0,vial3,14,29.879265969059976
65,id12,318.5,270.5,vial3,14,29.879265969059976
66,id12,318.5,274.5,vial3,14,29.879265969059976
67,id12,318.0,272.5,vial3,14,29.879265969059976
68,id12,317.5,270.5,vial3,14,29.879265969059976
69,id12,317.0,267.5,vial3,14,29.879265969059976
70,id12,316.0,264.5,vial3,14,29.879265969059976
71,id12,315.5,263.5,vial3,14,29.879265969059976
72,id12,315.5,261.5,vial3,14,29.879265969059976
73,id12,316.0,259.5,vial3,14,29.879265969059976
74,id12,318.0,257.0,vial3,14,29.879265969059976
75,id12,319.0,255.5,vial3,14,29.879265969059976
76,id12,320.5,254.0,vial3,14,29.879265969059976
77,id12,321.5,252.0,vial3,14,29.879265969059976
78,id12,322.5,250.0,vial3,14,29.879265969059976
79,id12,324.0,248.0,vial3,14,29.879265969059976
80,id12,325.0,246.0,vial3,14,29.879265969059976
81,id12,326.0,244.5,vial3,14,29.879265969059976
82,id12,327.0,242.5,vial3,14,29.879265969059976
83,id12,328.0,241.0,vial3,14,29.879265969059976
84,id12,330.0,239.0,vial3,14,29.879265969059976
85,id12,332.0,238.5,vial3,14,29.879265969059976
86,id12,334.0,237.5,vial3,14,29.879265969059976
87,id12,335.0,237.0,vial3,14,29.879265969059976
88,id12,336.0,236.5,vial3,14,29.879265969059976
89,id12,337.0,235.0,vial3,14,29.879265969059976
90,id12,338.0,233.5,vial3,14,29.879265969059976
91,id12,338.0,231.5,vial3,14,29.879265969059976
92,id12,338.5,229.5,vial3,14,29.879265969059976
93,id12,339.5,226.0,vial3,14,29.879265969059976
94,id12,339.5,222.5,vial3,14,29.879265969059976
95,id12,340.5,219.5,vial3,14,29.879265969059976
96,id12,340.5,216.5,vial3,14,29.879265969059976
97,id12,341.5,212.5,vial3,14,29.879265969059976
98,id12,341.5,208.5,vial3,14,29.879265969059976
99,id12,342.5,205.5,vial3,14,29.879265969059976
100,id12,342.5,201.5,vial3,14,29.879265969059976
101,id12,342.5,198.5,vial3,14,29.879265969059976
102,id12,342.5,195.0,vial3,14,29.879265969059976
103,id12,342.5,191.5,vial3,14,29.879265969059976
104,id12,342.5,187.5,vial3,14,29.879265969059976
105,id12,342.5,184.5,vial3,14,29.879265969059976
106,id12,342.5,180.5,vial3,14,29.879265969059976
107,id12,341.5,176.5,vial3,14,29.879265969059976
108,id12,341.5,173.5,vial3,14,29.879265969059976
109,id12,340.5,169.5,vial3,14,29.879265969059976
110,id12,340.0,166.5,vial3,14,29.879265969059976
111,id12,339.5,163.5,vial3,14,29.879265969059976
112,id12,338.5,160.5,vial3,14,29.879265969059976
113,id12,337.0,157.0,vial3,14,29.879265969059976
114,id12,336.0,154.5,vial3,14,29.879265969059976
115,id12,335.0,152.0,vial3,14,29.879265969059976
116,id12,334.0,150.0,vial3,14,29.879265969059976
117,id12,333.0,147.5,vial3,14,29.879265969059976
118,id12,332.0,145.5,vial3,14,29.879265969059976
119,id12,330.0,143.0,vial3,14,29.879265969059976
120,id12,329.0,142.0,vial3,14,29.879265969059976
121,id12,328.0,140.0,vial3,14,29.879265969059976
122,id12,326.5,138.0,vial3,14,29.879265969059976
123,id12,325.0,136.0,vial3,14,29.879265969059976
124,id12,323.0,134.0,vial3,14,29.879265969059976
125,id12,321.0,133.0,vial3,14,29.879265969059976
126,id12,318.5,132.0,vial3,14,29.879265969059976
127,id12,317.0,131.0,vial3,14,29.879265969059976
128,id12,316.0,130.5,vial3,14,29.879265969059976
129,id12,314.0,129.5,vial3,14,29.879265969059976
130,id12,312.0,129.0,vial3,14,29.879265969059976
131,id12,310.0,128.0,vial3,14,29.879265969059976
132,id12,308.5,127.0,vial3,14,29.879265969059976
133,id12,306.0,126.0,vial3,14,29.879265969059976
134,id12,304.5,124.5,vial3,14,29.879265969059976
135,id12,304.0,123.0,vial3,14,29.879265969059976
136,id12,303.5,119.5,vial3,14,29.879265969059976
137,id12,302.0,116.5,vial3,14,29.879265969059976
138,id12,302.0,113.5,vial3,14,29.879265969059976
139,id12,301.0,110.5,vial3,14,29.879265969059976
140,id12,300.0,107.0,vial3,14,29.879265969059976
141,id12,299.0,104.5,vial3,14,29.879265969059976
142,id12,298.5,101.5,vial3,14,29.879265969059976
143,id12,297.0,98.5,vial3,14,29.879265969059976
144,id12,295.0,95.0,vial3,14,29.879265969059976
145,id12,294.0,92.0,vial3,14,29.879265969059976
146,id12,292.5,89.5,vial3,14,29.879265969059976
147,id12,291.0,86.0,vial3,14,29.879265969059976
148,id12,289.0,83.0,vial3,14,29.879265969059976
149,id12,288.0,80.0,vial3,14,29.879265969059976
150,id12,286.0,78.0,vial3,14,29.879265969059976
151,id12,285.0,74.5,vial3,14,29.879265969059976
152,id12,283.5,72.0,vial3,14,29.879265969059976
153,id12,283.0,69.0,vial3,14,29.879265969059976
154,id12,281.0,67.0,vial3,14,29.879265969059976
155,id12,280.0,64.0,vial3,14,29.879265969059976
156,id12,279.0,62.5,vial3,14,29.879265969059976
157,id12,278.0,60.0,vial3,14,29.879265969059976
158,id12,277.0,58.5,vial3,14,29.879265969059976
159,id12,276.5,56.5,vial3,14,29.879265969059976
160,id12,275.5,54.5,vial3,14,29.879265969059976
161,id12,275.5,52.5,vial3,14,29.879265969059976
162,id12,275.5,50.5,vial3,14,29.879265969059976
163,id12,275.0,49.5,vial3,14,29.879265969059976
164,id12,275.0,48.5,vial3,14,29.879265969059976
165,id12,275.5,47.5,vial3,14,29.879265969059976
166,id12,275.5,47.0,vial3,14,29.879265969059976
167,id12,276.0,47.5,vial3,14,29.879265969059976
168,id12,277.0,47.5,vial3,14,29.879265969059976
169,id12,278.0,47.5,vial3,14,29.879265969059976
170,id12,278.5,47.5,vial3,14,29.879265969059976
171,id12,279.5,47.5,vial3,14,29.879265969059976
172,id12,280.0,47.5,vial3,14,29.879265969059976
173,id12,280.5,46.5,vial3,14,29.879265969059976
174,id12,281.0,44.5,vial3,14,29.879265969059976
175,id12,282.0,42.0,vial3,14,29.879265969059976
176,id12,283.0,39.5,vial3,14,29.879265969059976
177,id12,284.0,37.0,vial3,14,29.879265969059976
178,id12,285.0,35.0,vial3,14,29.879265969059976
179,id12,286.0,33.5,vial3,14,29.879265969059976
180,id12,287.0,33.5,vial3,14,29.879265969059976
181,id12,287.0,33.0,vial3,14,29.879265969059976
182,id12,287.0,33.0,vial3,14,29.879265969059976
183,id12,287.0,33.0,vial3,14,29.879265969059976
184,id12,287.0,33.0,vial3,14,29.879265969059976
185,id12,287.5,32.5,vial3,14,29.879265969059976
186,id12,288.0,30.5,vial3,14,29.879265969059976
187,id12,288.5,29.5,vial3,14,29.879265969059976
188,id12,289.0,26.5,vial3,14,29.879265969059976
189,id12,291.0,23.5,vial3,14,29.879265969059976
190,id12,291.5,20.5,vial3,14,29.879265969059976
191,id12,293.0,17.5,vial3,14,29.879265969059976
192,id12,294.5,15.5,vial3,14,29.879265969059976
193,id12,295.5,12.5,vial3,14,29.879265969059976
194,id12,296.0,11.5,vial3,14,29.879265969059976
195,id12,297.0,6.5,vial3,14,29.879265969059976
196,id12,299.5,6.0,vial3,14,29.879265969059976
197,id12,300.0,4.5,vial3,14,29.879265969059976
0,id13,68.5,332.5,vial1,6,29.879265969059976
1,id13,69.5,328.5,vial1,6,29.879265969059976
2,id13,68.5,324.5,vial1,6,29.879265969059976
3,id13,68.5,320.5,vial1,6,29.879265969059976
4,id13,68.5,316.5,vial1,6,29.879265969059976
5,id13,68.5,312.5,vial1,6,29.879265969059976
6,id13,68.5,310.0,vial1,6,29.879265969059976
7,id13,69.0,306.5,vial1,6,29.879265969059976
8,id13,68.5,304.5,vial1,6,29.879265969059976
9,id13,68.5,301.5,vial1,6,29.879265969059976
10,id13,67.0,299.0,vial1,6,29.879265969059976
11,id13,65.0,297.0,vial1,6,29.879265969059976
12,id13,63.0,294.0,vial1,6,29.879265969059976
13,id13,62.0,291.5,vial1,6,29.879265969059976
14,id13,61.5,288.5,vial1,6,29.879265969059976
15,id13,63.5,286.0,vial1,6,29.879265969059976
16,id13,64.5,283.0,vial1,6,29.879265969059976
17,id13,65.5,279.5,vial1,6,29.879265969059976
18,id13,66.5,276.5,vial1,6,29.879265969059976
19,id13,67.5,273.0,vial1,6,29.879265969059976
20,id13,68.5,270.5,vial1,6,29.879265969059976
21,id13,70.0,266.5,vial1,6,29.879265969059976
22,id13,71.5,264.0,vial1,6,29.879265969059976
23,id13,72.0,261.0,vial1,6,29.879265969059976
24,id13,73.5,259.0,vial1,6,29.879265969059976
25,id13,74.5,257.0,vial1,6,29.879265969059976
26,id13,76.0,254.0,vial1,6,29.879265969059976
27,id13,76.5,251.0,vial1,6,29.879265969059976
28,id13,77.5,248.0,vial1,6,29.879265969059976
29,id13,78.5,245.0,vial1,6,29.879265969059976
30,id13,79.5,242.0,vial1,6,29.879265969059976
31,id13,80.5,238.0,vial1,6,29.879265969059976
32,id13,81.0,235.5,vial1,6,29.879265969059976
33,id13,81.5,232.0,vial1,6,29.879265969059976
34,id13,81.5,229.0,vial1,6,29.879265969059976
35,id13,82.5,225.0,vial1,6,29.879265969059976
36,id13,82.5,222.0,vial1,6,29.879265969059976
37,id13,82.5,218.0,vial1,6,29.879265969059976
38,id13,82.0,214.0,vial1,6,29.879265969059976
39,id13,82.5,210.5,vial1,6,29.879265969059976
40,id13,82.5,207.5,vial1,6,29.879265969059976
41,id13,82.0,204.5,vial1,6,29.879265969059976
42,id13,82.5,201.0,vial1,6,29.879265969059976
43,id13,83.0,198.0,vial1,6,29.879265969059976
44,id13,83.0,195.0,vial1,6,29.879265969059976
45,id13,83.5,192.5,vial1,6,29.879265969059976
46,id13,82.5,189.5,vial1,6,29.879265969059976
47,id13,83.5,187.5,vial1,6,29.879265969059976
48,id13,82.5,186.0,vial1,6,29.879265969059976
49,id13,83.0,184.0,vial1,6,29.879265969059976
50,id13,82.5,182.5,vial1,6,29.879265969059976
51,id13,83.0,181.5,vial1,6,29.879265969059976
52,id13,82.0,180.5,vial1,6,29.879265969059976
53,id13,80.5,179.0,vial1,6,29.879265969059976
54,id13,79.5,178.0,vial1,6,29.879265969059976
55,id13,78.5,177.0,vial1,6,29.879265969059976
56,id13,77.5,176.0,vial1,6,29.879265969059976
57,id13,76.5,174.0,vial1,6,29.879265969059976
58,id13,74.5,172.5,vial1,6,29.879265969059976
59,id13,73.0,170.5,vial1,6,29.879265969059976
60,id13,70.5,167.5,vial1,6,29.879265969059976
61,id13,68.5,165.5,vial1,6,29.879265969059976
62,id13,66.5,162.5,vial1,6,29.879265969059976
63,id13,64.0,160.5,vial1,6,29.879265969059976
64,id13,62.5,158.5,vial1,6,29.879265969059976
65,id13,60.5,157.0,vial1,6,29.879265969059976
66,id13,59.5,155.5,vial1,6,29.879265969059976
67,id13,58.5,153.5,vial1,6,29.879265969059976
68,id13,57.5,152.5,vial1,6,29.879265969059976
69,id13,56.5,152.0,vial1,6,29.879265969059976
70,id13,56.5,152.0,vial1,6,29.879265969059976
71,id13,57.0,151.5,vial1,6,29.879265969059976
72,id13,56.5,152.0,vial1,6,29.879265969059976
73,id13,57.0,151.5,vial1,6,29.879265969059976
74,id13,39.5,135.5,vial1,6,29.879265969059976
75,id13,26.5,114.5,vial1,6,29.879265969059976
76,id13,29.5,109.5,vial1,6,29.879265969059976
77,id13,27.0,111.0,vial1,6,29.879265969059976
78,id13,23.5,97.0,vial1,6,29.879265969059976
79,id13,29.5,94.5,vial1,6,29.879265969059976
80,id13,32.5,112.0,vial1,6,29.879265969059976
82,id13,18.0,147.5,vial1,6,29.879265969059976
84,id13,31.0,179.5,vial1,6,29.879265969059976
85,id13,66.0,204.5,vial1,6,29.879265969059976
86,id13,70.0,220.0,vial1,6,29.879265969059976
87,id13,78.5,228.0,vial1,6,29.879265969059976
88,id13,72.5,235.5,vial1,6,29.879265969059976
89,id13,79.0,253.5,vial1,6,29.879265969059976
90,id13,71.5,295.0,vial1,6,29.879265969059976
91,id13,65.0,309.5,vial1,6,29.879265969059976
92,id13,53.0,317.5,vial1,6,29.879265969059976
93,id13,33.5,310.5,vial1,6,29.879265969059976
94,id13,16.5,303.5,vial1,6,29.879265969059976
95,id13,22.5,326.5,vial1,6,29.879265969059976
96,id13,28.0,347.0,vial1,6,29.879265969059976
97,id13,43.0,365.5,vial1,6,29.879265969059976
98,id13,40.0,373.0,vial1,6,29.879265969059976
99,id13,39.0,373.0,vial1,6,29.879265969059976
100,id13,38.5,373.0,vial1,6,29.879265969059976
101,id13,39.0,373.0,vial1,6,29.879265969059976
102,id13,38.5,373.0,vial1,6,29.879265969059976
103,id13,39.0,373.0,vial1,6,29.879265969059976
104,id13,39.0,373.0,vial1,6,29.879265969059976
105,id13,40.0,372.5,vial1,6,29.879265969059976
106,id13,40.5,372.5,vial1,6,29.879265969059976
107,id13,41.0,372.0,vial1,6,29.879265969059976
108,id13,41.5,371.5,vial1,6,29.879265969059976
109,id13,43.0,371.0,vial1,6,29.879265969059976
110,id13,43.5,371.0,vial1,6,29.879265969059976
111,id13,44.0,370.5,vial1,6,29.879265969059976
112,id13,45.0,370.5,vial1,6,29.879265969059976
113,id13,45.0,370.0,vial1,6,29.879265969059976
114,id13,45.5,370.0,vial1,6,29.879265969059976
115,id13,46.0,370.0,vial1,6,29.879265969059976
116,id13,46.0,370.0,vial1,6,29.879265969059976
117,id13,46.0,370.0,vial1,6,29.879265969059976
118,id13,45.5,370.5,vial1,6,29.879265969059976
119,id13,40.5,341.5,vial1,6,29.879265969059976
120,id13,28.5,317.5,vial1,6,29.879265969059976
121,id13,21.0,310.5,vial1,6,29.879265969059976
122,id13,21.5,314.5,vial1,6,29.879265969059976
123,id13,18.0,327.5,vial1,6,29.879265969059976
124,id13,18.0,338.5,vial1,6,29.879265969059976
125,id13,46.5,376.0,vial1,6,29.879265969059976
126,id13,61.0,376.0,vial1,6,29.879265969059976
127,id13,64.0,373.5,vial1,6,29.879265969059976
128,id13,64.0,373.0,vial1,6,29.879265969059976
129,id13,64.0,372.5,vial1,6,29.879265969059976
130,id13,64.0,371.5,vial1,6,29.879265969059976
131,id13,64.0,369.5,vial1,6,29.879265969059976
132,id13,63.5,367.5,vial1,6,29.879265969059976
133,id13,63.5,366.0,vial1,6,29.879265969059976
134,id13,63.5,364.5,vial1,6,29.879265969059976
135,id13,63.5,362.5,vial1,6,29.879265969059976
136,id13,62.5,360.5,vial1,6,29.879265969059976
137,id13,63.5,358.5,vial1,6,29.879265969059976
138,id13,62.5,355.5,vial1,6,29.879265969059976
139,id13,63.0,352.5,vial1,6,29.879265969059976
140,id13,63.5,350.0,vial1,6,29.879265969059976
141,id13,62.5,347.5,vial1,6,29.879265969059976
142,id13,62.5,344.5,vial1,6,29.879265969059976
143,id13,62.5,342.0,vial1,6,29.879265969059976
144,id13,62.5,339.5,vial1,6,29.879265969059976
145,id13,62.5,337.0,vial1,6,29.879265969059976
146,id13,62.5,334.5,vial1,6,29.879265969059976
147,id13,62.5,331.5,vial1,6,29.879265969059976
148,id13,62.0,329.0,vial1,6,29.879265969059976
149,id13,62.5,326.5,vial1,6,29.879265969059976
150,id13,61.5,323.5,vial1,6,29.879265969059976
151,id13,61.5,320.5,vial1,6,29.879265969059976
152,id13,61.5,317.5,vial1,6,29.879265969059976
153,id13,60.5,315.5,vial1,6,29.879265969059976
154,id13,60.5,313.5,vial1,6,29.879265969059976
155,id13,60.0,311.0,vial1,6,29.879265969059976
156,id13,59.5,308.5,vial1,6,29.879265969059976
157,id13,59.5,306.5,vial1,6,29.879265969059976
158,id13,59.0,306.5,vial1,6,29.879265969059976
159,id13,58.0,306.0,vial1,6,29.879265969059976
160,id13,57.0,304.5,vial1,6,29.879265969059976
161,id13,57.0,304.0,vial1,6,29.879265969059976
162,id13,56.0,303.0,vial1,6,29.879265969059976
163,id13,56.0,302.0,vial1,6,29.879265969059976
164,id13,55.5,301.0,vial1,6,29.879265969059976
165,id13,55.5,299.5,vial1,6,29.879265969059976
166,id13,55.5,299.0,vial1,6,29.879265969059976
167,id13,55.5,299.0,vial1,6,29.879265969059976
168,id13,54.5,298.0,vial1,6,29.879265969059976
169,id13,53.5,297.0,vial1,6,29.879265969059976
170,id13,53.0,296.0,vial1,6,29.879265969059976
171,id13,53.0,295.5,vial1,6,29.879265969059976
172,id13,52.0,294.5,vial1,6,29.879265969059976
173,id13,51.0,293.5,vial1,6,29.879265969059976
174,id13,51.0,292.0,vial1,6,29.879265969059976
175,id13,50.0,289.5,vial1,6,29.879265969059976
176,id13,49.0,287.5,vial1,6,29.879265969059976
177,id13,48.0,284.5,vial1,6,29.879265969059976
178,id13,47.5,282.5,vial1,6,29.879265969059976
179,id13,47.0,280.5,vial1,6,29.879265969059976
180,id13,46.5,278.5,vial1,6,29.879265969059976
181,id13,45.5,275.5,vial1,6,29.879265969059976
182,id13,44.0,272.5,vial1,6,29.879265969059976
183,id13,43.0,269.0,vial1,6,29.879265969059976
184,id13,42.0,267.0,vial1,6,29.879265969059976
185,id13,41.0,264.5,vial1,6,29.879265969059976
186,id13,40.0,262.0,vial1,6,29.879265969059976
187,id13,39.0,259.5,vial1,6,29.879265969059976
188,id13,38.0,257.0,vial1,6,29.879265969059976
189,id13,36.5,255.0,vial1,6,29.879265969059976
190,id13,36.0,252.0,vial1,6,29.879265969059976
191,id13,35.0,250.0,vial1,6,29.879265969059976
192,id13,34.0,247.5,vial1,6,29.879265969059976
193,id13,33.0,245.5,vial1,6,29.879265969059976
194,id13,32.0,243.0,vial1,6,29.879265969059976
195,id13,32.0,240.5,vial1,6,29.879265969059976
196,id13,31.5,238.5,vial1,6,29.879265969059976
197,id13,31.5,236.5,vial1,6,29.879265969059976
198,id13,31.5,235.0,vial1,6,29.879265969059976
199,id13,31.5,232.5,vial1,6,29.879265969059976
200,id13,31.5,230.0,vial1,6,29.879265969059976
201,id13,31.5,227.5,vial1,6,29.879265969059976
202,id13,31.5,225.5,vial1,6,29.879265969059976
203,id13,31.5,222.5,vial1,6,29.879265969059976
204,id13,31.5,219.5,vial1,6,29.879265969059976
205,id13,31.5,217.0,vial1,6,29.879265969059976
206,id13,32.0,214.5,vial1,6,29.879265969059976
207,id13,32.0,213.0,vial1,6,29.879265969059976
208,id13,32.5,212.5,vial1,6,29.879265969059976
209,id13,32.5,211.5,vial1,6,29.879265969059976
210,id13,32.5,211.5,vial1,6,29.879265969059976
211,id13,32.5,211.5,vial1,6,29.879265969059976
212,id13,32.5,211.5,vial1,6,29.879265969059976
213,id13,32.5,211.5,vial1,6,29.879265969059976
214,id13,32.5,211.5,vial1,6,29.879265969059976
215,id13,32.5,211.5,vial1,6,29.879265969059976
216,id13,32.5,210.5,vial1,6,29.879265969059976
217,id13,39.5,197.0,vial1,6,29.879265969059976
218,id13,44.5,166.5,vial1,6,29.879265969059976
219,id13,43.5,132.0,vial1,6,29.879265969059976
220,id13,53.0,100.5,vial1,6,29.879265969059976
221,id13,78.5,78.5,vial1,6,29.879265969059976
222,id13,68.0,66.5,vial1,6,29.879265969059976
223,id13,74.5,62.0,vial1,6,29.879265969059976
224,id13,75.5,84.0,vial1,6,29.879265969059976
225,id13,72.0,124.5,vial1,6,29.879265969059976
226,id13,48.0,184.5,vial1,6,29.879265969059976
227,id13,48.5,186.0,vial1,6,29.879265969059976
228,id13,48.5,186.0,vial1,6,29.879265969059976
229,id13,48.5,186.0,vial1,6,29.879265969059976
230,id13,48.5,186.0,vial1,6,29.879265969059976
231,id13,48.5,186.0,vial1,6,29.879265969059976
232,id13,48.5,186.0,vial1,6,29.879265969059976
233,id13,48.5,186.0,vial1,6,29.879265969059976
234,id13,49.0,185.5,vial1,6,29.879265969059976
235,id13,48.5,183.5,vial1,6,29.879265969059976
236,id13,49.0,180.5,vial1,6,29.879265969059976
237,id13,49.5,178.5,vial1,6,29.879265969059976
238,id13,49.5,175.5,vial1,6,29.879265969059976
239,id13,49.5,173.0,vial1,6,29.879265969059976
240,id13,50.5,170.5,vial1,6,29.879265969059976
241,id13,50.5,167.5,vial1,6,29.879265969059976
242,id13,51.5,165.0,vial1,6,29.879265969059976
243,id13,51.5,162.5,vial1,6,29.879265969059976
244,id13,51.5,159.5,vial1,6,29.879265969059976
245,id13,51.5,155.5,vial1,6,29.879265969059976
246,id13,51.5,152.5,vial1,6,29.879265969059976
247,id13,51.5,149.5,vial1,6,29.879265969059976
248,id13,51.5,146.5,vial1,6,29.879265969059976
249,id13,49.0,144.0,vial1,6,29.879265969059976
250,id13,50.5,156.5,vial1,6,29.879265969059976
251,id13,56.0,159.0,vial1,6,29.879265969059976
252,id13,55.5,159.5,vial1,6,29.879265969059976
253,id13,55.5,158.5,vial1,6,29.879265969059976
254,id13,55.5,158.5,vial1,6,29.879265969059976
255,id13,55.5,158.5,vial1,6,29.879265969059976
256,id13,55.5,156.5,vial1,6,29.879265969059976
257,id13,56.5,152.5,vial1,6,29.879265969059976
258,id13,55.5,149.5,vial1,6,29.879265969059976
259,id13,56.5,146.0,vial1,6,29.879265969059976
260,id13,56.5,142.5,vial1,6,29.879265969059976
261,id13,56.5,139.5,vial1,6,29.879265969059976
262,id13,56.5,136.5,vial1,6,29.879265969059976
263,id13,57.5,133.5,vial1,6,29.879265969059976
264,id13,57.5,130.0,vial1,6,29.879265969059976
265,id13,59.0,127.0,vial1,6,29.879265969059976
266,id13,61.0,124.5,vial1,6,29.879265969059976
267,id13,62.5,122.0,vial1,6,29.879265969059976
268,id13,64.0,120.0,vial1,6,29.879265969059976
269,id13,65.0,117.5,vial1,6,29.879265969059976
270,id13,67.0,114.5,vial1,6,29.879265969059976
271,id13,68.0,112.0,vial1,6,29.879265969059976
272,id13,69.0,109.5,vial1,6,29.879265969059976
273,id13,70.0,107.5,vial1,6,29.879265969059976
274,id13,71.5,105.0,vial1,6,29.879265969059976
275,id13,73.0,102.0,vial1,6,29.879265969059976
276,id13,73.5,99.0,vial1,6,29.879265969059976
277,id13,74.5,96.0,vial1,6,29.879265969059976
278,id13,75.5,93.0,vial1,6,29.879265969059976
279,id13,76.5,90.0,vial1,6,29.879265969059976
280,id13,77.5,87.0,vial1,6,29.879265969059976
281,id13,78.0,84.0,vial1,6,29.879265969059976
282,id13,78.5,82.0,vial1,6,29.879265969059976
283,id13,79.5,78.0,vial1,6,29.879265969059976
284,id13,80.5,75.0,vial1,6,29.879265969059976
285,id13,80.5,71.0,vial1,6,29.879265969059976
286,id13,81.5,68.0,vial1,6,29.879265969059976
287,id13,81.5,65.0,vial1,6,29.879265969059976
288,id13,81.5,63.0,vial1,6,29.879265969059976
289,id13,82.5,60.0,vial1,6,29.879265969059976
290,id13,82.5,57.0,vial1,6,29.879265969059976
291,id13,83.5,55.5,vial1,6,29.879265969059976
292,id13,83.5,54.0,vial1,6,29.879265969059976
293,id13,83.5,52.5,vial1,6,29.879265969059976
294,id13,83.5,50.5,vial1,6,29.879265969059976
295,id13,83.5,48.5,vial1,6,29.879265969059976
296,id13,83.5,46.0,vial1,6,29.879265969059976
297,id13,83.5,44.0,vial1,6,29.879265969059976
298,id13,83.5,41.0,vial1,6,29.879265969059976
299,id13,83.5,39.0,vial1,6,29.879265969059976
300,id13,83.5,36.0,vial1,6,29.879265969059976
301,id13,84.5,33.0,vial1,6,29.879265969059976
302,id13,83.5,30.5,vial1,6,29.879265969059976
303,id13,83.5,28.0,vial1,6,29.879265969059976
304,id13,83.5,27.5,vial1,6,29.879265969059976
305,id13,84.0,27.0,vial1,6,29.879265969059976
306,id13,84.0,26.0,vial1,6,29.879265969059976
307,id13,84.5,23.0,vial1,6,29.879265969059976
0,id14,184.0,365.0,vial2,12,29.879265969059976
1,id14,177.5,362.0,vial2,12,29.879265969059976
2,id14,191.5,357.5,vial2,12,29.879265969059976
3,id14,199.0,351.5,vial2,12,29.879265969059976
4,id14,202.5,335.0,vial2,12,29.879265969059976
5,id14,206.0,331.5,vial2,12,29.879265969059976
6,id14,201.5,349.5,vial2,12,29.879265969059976
7,id14,206.5,374.0,vial2,12,29.879265969059976
8,id14,207.0,373.5,vial2,12,29.879265969059976
9,id14,206.0,373.5,vial2,12,29.879265969059976
10,id14,205.5,374.0,vial2,12,29.879265969059976
11,id14,205.5,374.5,vial2,12,29.879265969059976
12,id14,206.0,374.5,vial2,12,29.879265969059976
13,id14,206.0,374.5,vial2,12,29.879265969059976
14,id14,205.0,373.5,vial2,12,29.879265969059976
15,id14,205.0,373.5,vial2,12,29.879265969059976
16,id14,205.5,373.5,vial2,12,29.879265969059976
17,id14,205.5,373.5,vial2,12,29.879265969059976
18,id14,206.0,373.5,vial2,12,29.879265969059976
19,id14,206.0,373.5,vial2,12,29.879265969059976
20,id14,205.0,374.5,vial2,12,29.879265969059976
21,id14,205.0,374.5,vial2,12,29.879265969059976
22,id14,204.0,374.5,vial2,12,29.879265969059976
23,id14,204.0,374.5,vial2,12,29.879265969059976
24,id14,203.0,373.5,vial2,12,29.879265969059976
25,id14,203.0,374.5,vial2,12,29.879265969059976
26,id14,203.0,374.5,vial2,12,29.879265969059976
27,id14,203.0,374.5,vial2,12,29.879265969059976
28,id14,203.0,374.5,vial2,12,29.879265969059976
29,id14,203.5,373.5,vial2,12,29.879265969059976
39,id14,185.0,373.5,vial2,12,29.879265969059976
40,id14,184.5,373.0,vial2,12,29.879265969059976
41,id14,184.5,373.0,vial2,12,29.879265969059976
42,id14,184.5,373.0,vial2,12,29.879265969059976
43,id14,184.5,373.0,vial2,12,29.879265969059976
44,id14,184.5,373.0,vial2,12,29.879265969059976
45,id14,184.5,373.0,vial2,12,29.879265969059976
46,id14,185.0,373.5,vial2,12,29.879265969059976
47,id14,185.0,373.5,vial2,12,29.879265969059976
48,id14,198.5,323.0,vial2,12,29.879265969059976
49,id14,199.5,322.5,vial2,12,29.879265969059976
50,id14,199.5,322.0,vial2,12,29.879265969059976
51,id14,200.0,320.0,vial2,12,29.879265969059976
52,id14,201.5,317.5,vial2,12,29.879265969059976
53,id14,201.5,312.5,vial2,12,29.879265969059976
54,id14,202.0,309.0,vial2,12,29.879265969059976
55,id14,202.5,304.5,vial2,12,29.879265969059976
56,id14,203.5,300.5,vial2,12,29.879265969059976
57,id14,204.0,295.5,vial2,12,29.879265969059976
58,id14,203.5,291.5,vial2,12,29.879265969059976
59,id14,203.5,288.5,vial2,12,29.879265969059976
60,id14,203.0,284.5,vial2,12,29.879265969059976
61,id14,201.5,282.5,vial2,12,29.879265969059976
62,id14,199.5,281.0,vial2,12,29.879265969059976
63,id14,197.5,279.5,vial2,12,29.879265969059976
64,id14,196.5,279.0,vial2,12,29.879265969059976
65,id14,195.0,277.5,vial2,12,29.879265969059976
66,id14,194.0,275.0,vial2,12,29.879265969059976
67,id14,193.5,271.5,vial2,12,29.879265969059976
68,id14,193.0,268.5,vial2,12,29.879265969059976
69,id14,192.5,265.0,vial2,12,29.879265969059976
70,id14,192.5,261.5,vial2,12,29.879265969059976
71,id14,192.5,258.5,vial2,12,29.879265969059976
72,id14,191.5,254.5,vial2,12,29.879265969059976
73,id14,190.5,250.5,vial2,12,29.879265969059976
74,id14,189.5,247.5,vial2,12,29.879265969059976
75,id14,188.5,244.5,vial2,12,29.879265969059976
76,id14,187.5,241.5,vial2,12,29.879265969059976
77,id14,187.5,238.5,vial2,12,29.879265969059976
78,id14,187.0,235.5,vial2,12,29.879265969059976
79,id14,187.5,232.5,vial2,12,29.879265969059976
80,id14,187.5,228.5,vial2,12,29.879265969059976
81,id14,188.5,225.5,vial2,12,29.879265969059976
82,id14,189.5,222.5,vial2,12,29.879265969059976
83,id14,190.5,219.5,vial2,12,29.879265969059976
84,id14,190.5,216.0,vial2,12,29.879265969059976
85,id14,191.5,212.5,vial2,12,29.879265969059976
86,id14,191.5,209.0,vial2,12,29.879265969059976
87,id14,192.5,206.5,vial2,12,29.879265969059976
88,id14,192.5,203.5,vial2,12,29.879265969059976
89,id14,193.5,200.5,vial2,12,29.879265969059976
90,id14,194.0,198.0,vial2,12,29.879265969059976
91,id14,194.5,195.5,vial2,12,29.879265969059976
92,id14,195.5,192.5,vial2,12,29.879265969059976
93,id14,195.5,188.5,vial2,12,29.879265969059976
94,id14,196.0,186.5,vial2,12,29.879265969059976
95,id14,196.5,182.5,vial2,12,29.879265969059976
96,id14,196.5,179.5,vial2,12,29.879265969059976
97,id14,197.5,176.0,vial2,12,29.879265969059976
98,id14,197.5,172.5,vial2,12,29.879265969059976
99,id14,197.5,169.0,vial2,12,29.879265969059976
100,id14,197.5,165.5,vial2,12,29.879265969059976
101,id14,197.5,161.5,vial2,12,29.879265969059976
102,id14,197.0,158.5,vial2,12,29.879265969059976
103,id14,196.5,155.0,vial2,12,29.879265969059976
104,id14,197.5,152.5,vial2,12,29.879265969059976
105,id14,199.0,151.0,vial2,12,29.879265969059976
106,id14,201.0,148.5,vial2,12,29.879265969059976
107,id14,202.5,146.5,vial2,12,29.879265969059976
108,id14,204.5,144.0,vial2,12,29.879265969059976
109,id14,205.0,141.5,vial2,12,29.879265969059976
110,id14,207.0,139.0,vial2,12,29.879265969059976
111,id14,208.0,137.0,vial2,12,29.879265969059976
112,id14,209.0,135.0,vial2,12,29.879265969059976
113,id14,210.0,132.0,vial2,12,29.879265969059976
114,id14,210.5,130.5,vial2,12,29.879265969059976
115,id14,211.5,128.0,vial2,12,29.879265969059976
116,id14,211.5,126.0,vial2,12,29.879265969059976
117,id14,212.5,123.5,vial2,12,29.879265969059976
118,id14,213.5,122.0,vial2,12,29.879265969059976
119,id14,213.5,121.0,vial2,12,29.879265969059976
120,id14,213.5,120.5,vial2,12,29.879265969059976
121,id14,214.0,119.0,vial2,12,29.879265969059976
122,id14,213.0,118.0,vial2,12,29.879265969059976
123,id14,212.0,117.0,vial2,12,29.879265969059976
124,id14,210.5,116.0,vial2,12,29.879265969059976
125,id14,209.5,114.0,vial2,12,29.879265969059976
126,id14,207.5,113.0,vial2,12,29.879265969059976
127,id14,205.5,111.5,vial2,12,29.879265969059976
128,id14,203.0,110.5,vial2,12,29.879265969059976
129,id14,201.5,109.0,vial2,12,29.879265969059976
130,id14,199.5,108.0,vial2,12,29.879265969059976
131,id14,197.0,107.0,vial2,12,29.879265969059976
132,id14,195.0,106.0,vial2,12,29.879265969059976
133,id14,193.0,104.5,vial2,12,29.879265969059976
134,id14,191.0,102.5,vial2,12,29.879265969059976
135,id14,189.0,99.0,vial2,12,29.879265969059976
136,id14,188.5,96.5,vial2,12,29.879265969059976
137,id14,188.0,93.0,vial2,12,29.879265969059976
138,id14,187.0,90.0,vial2,12,29.879265969059976
139,id14,186.0,87.5,vial2,12,29.879265969059976
140,id14,185.5,85.5,vial2,12,29.879265969059976
141,id14,184.5,83.5,vial2,12,29.879265969059976
142,id14,184.0,81.5,vial2,12,29.879265969059976
143,id14,182.5,79.5,vial2,12,29.879265969059976
144,id14,182.5,77.0,vial2,12,29.879265969059976
145,id14,181.0,74.5,vial2,12,29.879265969059976
146,id14,180.0,72.5,vial2,12,29.879265969059976
147,id14,179.0,70.5,vial2,12,29.879265969059976
148,id14,177.5,69.0,vial2,12,29.879265969059976
149,id14,175.5,68.5,vial2,12,29.879265969059976
150,id14,173.0,66.5,vial2,12,29.879265969059976
151,id14,171.0,65.5,vial2,12,29.879265969059976
152,id14,168.5,63.5,vial2,12,29.879265969059976
153,id14,166.5,62.5,vial2,12,29.879265969059976
154,id14,165.0,61.5,vial2,12,29.879265969059976
155,id14,163.0,59.5,vial2,12,29.879265969059976
156,id14,161.0,58.5,vial2,12,29.879265969059976
157,id14,158.5,56.5,vial2,12,29.879265969059976
158,id14,156.5,54.5,vial2,12,29.879265969059976
159,id14,154.5,54.0,vial2,12,29.879265969059976
160,id14,153.0,54.5,vial2,12,29.879265969059976
161,id14,151.0,54.5,vial2,12,29.879265969059976
162,id14,150.0,55.0,vial2,12,29.879265969059976
163,id14,149.0,55.5,vial2,12,29.879265969059976
164,id14,148.5,55.5,vial2,12,29.879265969059976
165,id14,147.5,55.5,vial2,12,29.879265969059976
166,id14,147.0,55.5,vial2,12,29.879265969059976
167,id14,147.0,55.5,vial2,12,29.879265969059976
168,id14,147.0,55.5,vial2,12,29.879265969059976
169,id14,147.0,55.5,vial2,12,29.879265969059976
170,id14,159.0,53.5,vial2,12,29.879265969059976
171,id14,172.0,48.0,vial2,12,29.879265969059976
172,id14,172.0,48.0,vial2,12,29.879265969059976
173,id14,172.0,47.0,vial2,12,29.879265969059976
174,id14,172.5,46.0,vial2,12,29.879265969059976
175,id14,172.5,44.0,vial2,12,29.879265969059976
176,id14,171.5,43.5,vial2,12,29.879265969059976
177,id14,171.0,43.0,vial2,12,29.879265969059976
178,id14,169.0,42.5,vial2,12,29.879265969059976
179,id14,167.0,42.0,vial2,12,29.879265969059976
180,id14,165.0,41.5,vial2,12,29.879265969059976
181,id14,162.0,40.5,vial2,12,29.879265969059976
182,id14,160.0,39.5,vial2,12,29.879265969059976
183,id14,158.0,38.5,vial2,12,29.879265969059976
184,id14,156.5,37.0,vial2,12,29.879265969059976
185,id14,154.5,35.5,vial2,12,29.879265969059976
186,id14,153.0,33.5,vial2,12,29.879265969059976
187,id14,151.0,33.0,vial2,12,29.879265969059976
188,id14,150.0,30.0,vial2,12,29.879265969059976
189,id14,148.0,28.5,vial2,12,29.879265969059976
190,id14,147.0,26.0,vial2,12,29.879265969059976
191,id14,145.5,24.5,vial2,12,29.879265969059976
192,id14,144.5,22.0,vial2,12,29.879265969059976
193,id14,143.5,22.0,vial2,12,29.879265969059976
194,id14,143.5,21.0,vial2,12,29.879265969059976
195,id14,143.0,19.5,vial2,12,29.879265969059976
196,id14,143.5,18.0,vial2,12,29.879265969059976
197,id14,143.5,15.5,vial2,12,29.879265969059976
198,id14,143.0,13.0,vial2,12,29.879265969059976
199,id14,143.5,12.0,vial2,12,29.879265969059976
200,id14,143.0,7.5,vial2,12,29.879265969059976
0,id15,409.0,160.5,vial4,22,29.879265969059976
1,id15,410.0,159.0,vial4,22,29.879265969059976
2,id15,410.0,157.0,vial4,22,29.879265969059976
3,id15,410.5,156.5,vial4,22,29.879265969059976
4,id15,411.0,155.0,vial4,22,29.879265969059976
5,id15,411.0,154.5,vial4,22,29.879265969059976
6,id15,411.0,153.5,vial4,22,29.879265969059976
7,id15,412.0,152.5,vial4,22,29.879265969059976
8,id15,412.0,150.0,vial4,22,29.879265969059976
9,id15,412.5,147.5,vial4,22,29.879265969059976
10,id15,413.0,144.0,vial4,22,29.879265969059976
11,id15,414.0,141.0,vial4,22,29.879265969059976
12,id15,415.0,137.5,vial4,22,29.879265969059976
13,id15,416.5,134.5,vial4,22,29.879265969059976
14,id15,417.0,131.0,vial4,22,29.879265969059976
15,id15,419.0,128.0,vial4,22,29.879265969059976
16,id15,420.5,125.0,vial4,22,29.879265969059976
17,id15,422.0,123.0,vial4,22,29.879265969059976
18,id15,423.5,120.5,vial4,22,29.879265969059976
19,id15,425.5,118.5,vial4,22,29.879265969059976
20,id15,427.5,116.0,vial4,22,29.879265969059976
21,id15,430.0,114.5,vial4,22,29.879265969059976
22,id15,432.0,112.0,vial4,22,29.879265969059976
23,id15,435.0,111.0,vial4,22,29.879265969059976
24,id15,437.0,109.5,vial4,22,29.879265969059976
25,id15,438.0,108.0,vial4,22,29.879265969059976
26,id15,438.5,106.5,vial4,22,29.879265969059976
27,id15,438.0,103.5,vial4,22,29.879265969059976
28,id15,437.5,100.5,vial4,22,29.879265969059976
29,id15,436.5,97.5,vial4,22,29.879265969059976
30,id15,435.5,94.0,vial4,22,29.879265969059976
31,id15,434.5,91.0,vial4,22,29.879265969059976
32,id15,434.0,87.5,vial4,22,29.879265969059976
33,id15,433.0,84.5,vial4,22,29.879265969059976
34,id15,432.5,80.5,vial4,22,29.879265969059976
35,id15,431.5,77.5,vial4,22,29.879265969059976
36,id15,430.5,74.5,vial4,22,29.879265969059976
37,id15,429.5,70.5,vial4,22,29.879265969059976
38,id15,428.5,67.5,vial4,22,29.879265969059976
39,id15,427.5,64.0,vial4,22,29.879265969059976
40,id15,427.0,61.0,vial4,22,29.879265969059976
41,id15,425.5,57.0,vial4,22,29.879265969059976
42,id15,425.5,54.5,vial4,22,29.879265969059976
43,id15,425.5,51.5,vial4,22,29.879265969059976
44,id15,424.5,48.5,vial4,22,29.879265969059976
45,id15,424.5,45.0,vial4,22,29.879265969059976
46,id15,423.5,42.5,vial4,22,29.879265969059976
47,id15,423.0,40.0,vial4,22,29.879265969059976
48,id15,421.0,39.0,vial4,22,29.879265969059976
49,id15,420.0,38.5,vial4,22,29.879265969059976
50,id15,418.5,38.0,vial4,22,29.879265969059976
51,id15,417.0,37.5,vial4,22,29.879265969059976
52,id15,415.0,36.5,vial4,22,29.879265969059976
53,id15,413.5,37.5,vial4,22,29.879265969059976
54,id15,412.5,37.5,vial4,22,29.879265969059976
55,id15,411.0,37.5,vial4,22,29.879265969059976
56,id15,410.5,36.5,vial4,22,29.879265969059976
57,id15,409.5,35.5,vial4,22,29.879265969059976
58,id15,409.5,34.0,vial4,22,29.879265969059976
59,id15,408.5,32.0,vial4,22,29.879265969059976
60,id15,408.5,30.5,vial4,22,29.879265969059976
61,id15,408.5,28.5,vial4,22,29.879265969059976
62,id15,408.5,27.0,vial4,22,29.879265969059976
63,id15,409.0,25.5,vial4,22,29.879265969059976
64,id15,408.5,23.0,vial4,22,29.879265969059976
65,id15,409.0,21.0,vial4,22,29.879265969059976
66,id15,408.5,18.5,vial4,22,29.879265969059976
67,id15,408.5,15.5,vial4,22,29.879265969059976
68,id15,408.5,13.0,vial4,22,29.879265969059976
69,id15,408.5,12.0,vial4,22,29.879265969059976
70,id15,409.0,11.0,vial4,22,29.879265969059976
117,id15,445.0,2.0,vial4,22,29.879265969059976
118,id15,445.5,2.0,vial4,22,29.879265969059976
0,id16,454.5,373.0,vial4,27,29.879265969059976
1,id16,453.0,372.5,vial4,27,29.879265969059976
2,id16,450.5,372.5,vial4,27,29.879265969059976
3,id16,451.5,372.0,vial4,27,29.879265969059976
4,id16,451.5,372.5,vial4,27,29.879265969059976
5,id16,452.0,373.0,vial4,27,29.879265969059976
6,id16,426.0,373.0,vial4,27,29.879265969059976
7,id16,426.5,373.0,vial4,27,29.879265969059976
8,id16,427.0,372.5,vial4,27,29.879265969059976
9,id16,426.5,373.0,vial4,27,29.879265969059976
10,id16,426.5,373.0,vial4,27,29.879265969059976
11,id16,426.5,373.0,vial4,27,29.879265969059976
12,id16,426.5,373.0,vial4,27,29.879265969059976
13,id16,426.5,373.0,vial4,27,29.879265969059976
14,id16,426.5,373.0,vial4,27,29.879265969059976
15,id16,426.0,373.0,vial4,27,29.879265969059976
16,id16,426.0,372.5,vial4,27,29.879265969059976
17,id16,427.5,374.0,vial4,27,29.879265969059976
18,id16,430.0,375.0,vial4,27,29.879265969059976
19,id16,431.5,374.5,vial4,27,29.879265969059976
20,id16,433.0,374.5,vial4,27,29.879265969059976
21,id16,434.5,374.0,vial4,27,29.879265969059976
22,id16,436.5,374.0,vial4,27,29.879265969059976
23,id16,439.0,373.5,vial4,27,29.879265969059976
24,id16,441.0,372.5,vial4,27,29.879265969059976
25,id16,442.0,372.5,vial4,27,29.879265969059976
26,id16,442.0,371.5,vial4,27,29.879265969059976
27,id16,441.5,371.5,vial4,27,29.879265969059976
28,id16,441.5,372.0,vial4,27,29.879265969059976
29,id16,444.5,374.0,vial4,27,29.879265969059976
30,id16,446.5,373.5,vial4,27,29.879265969059976
31,id16,449.5,373.0,vial4,27,29.879265969059976
32,id16,451.5,372.5,vial4,27,29.879265969059976
33,id16,453.0,372.0,vial4,27,29.879265969059976
34,id16,454.5,372.0,vial4,27,29.879265969059976
35,id16,455.5,372.5,vial4,27,29.879265969059976
36,id16,458.0,372.5,vial4,27,29.879265969059976
37,id16,460.0,372.5,vial4,27,29.879265969059976
38,id16,462.0,372.5,vial4,27,29.879265969059976
39,id16,465.0,372.5,vial4,27,29.879265969059976
40,id16,466.5,372.5,vial4,27,29.879265969059976
41,id16,468.5,372.5,vial4,27,29.879265969059976
42,id16,472.5,372.5,vial4,27,29.879265969059976
43,id16,473.5,372.5,vial4,27,29.879265969059976
44,id16,475.5,372.5,vial4,27,29.879265969059976
45,id16,479.0,373.5,vial4,27,29.879265969059976
46,id16,481.5,374.5,vial4,27,29.879265969059976
47,id16,481.0,375.0,vial4,27,29.879265969059976
48,id16,480.0,373.5,vial4,27,29.879265969059976
49,id16,478.5,373.5,vial4,27,29.879265969059976
50,id16,477.0,373.5,vial4,27,29.879265969059976
51,id16,476.0,373.5,vial4,27,29.879265969059976
52,id16,474.0,373.5,vial4,27,29.879265969059976
53,id16,473.0,374.0,vial4,27,29.879265969059976
54,id16,472.0,374.0,vial4,27,29.879265969059976
55,id16,471.0,373.5,vial4,27,29.879265969059976
56,id16,470.0,374.5,vial4,27,29.879265969059976
57,id16,469.5,374.0,vial4,27,29.879265969059976
58,id16,469.0,373.5,vial4,27,29.879265969059976
59,id16,469.0,374.5,vial4,27,29.879265969059976
60,id16,468.0,374.5,vial4,27,29.879265969059976
61,id16,467.5,374.5,vial4,27,29.879265969059976
62,id16,467.0,374.5,vial4,27,29.879265969059976
63,id16,466.5,374.5,vial4,27,29.879265969059976
64,id16,466.0,374.5,vial4,27,29.879265969059976
65,id16,466.0,374.5,vial4,27,29.879265969059976
66,id16,466.0,374.5,vial4,27,29.879265969059976
67,id16,457.0,341.5,vial4,27,29.879265969059976
68,id16,440.5,325.0,vial4,27,29.879265969059976
69,id16,442.0,305.5,vial4,27,29.879265969059976
70,id16,450.0,312.0,vial4,27,29.879265969059976
71,id16,438.0,326.0,vial4,27,29.879265969059976
72,id16,426.0,331.5,vial4,27,29.879265969059976
73,id16,413.0,331.5,vial4,27,29.879265969059976
74,id16,410.5,335.5,vial4,27,29.879265969059976
75,id16,419.0,365.5,vial4,27,29.879265969059976
76,id16,417.5,375.0,vial4,27,29.879265969059976
77,id16,416.5,375.0,vial4,27,29.879265969059976
78,id16,416.5,375.0,vial4,27,29.879265969059976
79,id16,417.0,374.5,vial4,27,29.879265969059976
80,id16,417.0,374.5,vial4,27,29.879265969059976
81,id16,418.0,374.5,vial4,27,29.879265969059976
82,id16,418.0,374.5,vial4,27,29.879265969059976
83,id16,419.0,374.0,vial4,27,29.879265969059976
84,id16,419.0,374.0,vial4,27,29.879265969059976
85,id16,419.0,374.0,vial4,27,29.879265969059976
86,id16,420.0,374.0,vial4,27,29.879265969059976
87,id16,421.5,373.5,vial4,27,29.879265969059976
88,id16,423.5,373.0,vial4,27,29.879265969059976
89,id16,425.0,372.5,vial4,27,29.879265969059976
90,id16,427.0,373.5,vial4,27,29.879265969059976
91,id16,427.5,373.5,vial4,27,29.879265969059976
92,id16,427.5,373.5,vial4,27,29.879265969059976
93,id16,426.0,374.0,vial4,27,29.879265969059976
94,id16,426.0,373.5,vial4,27,29.879265969059976
95,id16,425.0,375.0,vial4,27,29.879265969059976
96,id16,424.0,374.0,vial4,27,29.879265969059976
97,id16,421.5,374.0,vial4,27,29.879265969059976
98,id16,421.0,374.0,vial4,27,29.879265969059976
99,id16,420.0,373.5,vial4,27,29.879265969059976
100,id16,418.5,374.5,vial4,27,29.879265969059976
101,id16,418.0,375.0,vial4,27,29.879265969059976
102,id16,418.0,375.0,vial4,27,29.879265969059976
103,id16,419.0,375.5,vial4,27,29.879265969059976
104,id16,420.0,375.0,vial4,27,29.879265969059976
105,id16,420.5,374.5,vial4,27,29.879265969059976
106,id16,421.0,374.5,vial4,27,29.879265969059976
107,id16,421.5,374.5,vial4,27,29.879265969059976
108,id16,421.5,375.0,vial4,27,29.879265969059976
109,id16,421.5,375.0,vial4,27,29.879265969059976
110,id16,421.5,375.0,vial4,27,29.879265969059976
111,id16,421.0,375.0,vial4,27,29.879265969059976
112,id16,429.5,349.0,vial4,27,29.879265969059976
113,id16,426.0,344.5,vial4,27,29.879265969059976
114,id16,429.0,359.5,vial4,27,29.879265969059976
115,id16,433.0,371.0,vial4,27,29.879265969059976
116,id16,451.0,373.0,vial4,27,29.879265969059976
118,id16,470.0,372.0,vial4,27,29.879265969059976
119,id16,470.0,373.0,vial4,27,29.879265969059976
120,id16,470.5,373.5,vial4,27,29.879265969059976
121,id16,470.5,374.0,vial4,27,29.879265969059976
122,id16,469.5,373.5,vial4,27,29.879265969059976
123,id16,469.5,374.0,vial4,27,29.879265969059976
124,id16,467.5,374.0,vial4,27,29.879265969059976
125,id16,468.0,376.0,vial4,27,29.879265969059976
126,id16,467.0,377.0,vial4,27,29.879265969059976
127,id16,465.5,377.0,vial4,27,29.879265969059976
128,id16,465.5,378.0,vial4,27,29.879265969059976
131,id16,464.5,374.0,vial4,27,29.879265969059976
132,id16,464.5,375.5,vial4,27,29.879265969059976
133,id16,465.0,376.0,vial4,27,29.879265969059976
134,id16,465.0,376.5,vial4,27,29.879265969059976
135,id16,463.0,377.0,vial4,27,29.879265969059976
136,id16,461.5,377.0,vial4,27,29.879265969059976
137,id16,459.0,375.0,vial4,27,29.879265969059976
138,id16,456.0,376.0,vial4,27,29.879265969059976
139,id16,453.0,375.5,vial4,27,29.879265969059976
140,id16,447.5,375.5,vial4,27,29.879265969059976
141,id16,443.5,375.5,vial4,27,29.879265969059976
142,id16,440.0,375.5,vial4,27,29.879265969059976
143,id16,436.5,375.5,vial4,27,29.879265969059976
144,id16,432.5,375.5,vial4,27,29.879265969059976
145,id16,430.5,375.5,vial4,27,29.879265969059976
146,id16,427.5,375.0,vial4,27,29.879265969059976
147,id16,423.5,375.0,vial4,27,29.879265969059976
148,id16,421.0,375.5,vial4,27,29.879265969059976
149,id16,422.0,375.0,vial4,27,29.879265969059976
150,id16,420.5,375.5,vial4,27,29.879265969059976
151,id16,421.5,375.0,vial4,27,29.879265969059976
152,id16,422.0,374.5,vial4,27,29.879265969059976
153,id16,422.0,374.5,vial4,27,29.879265969059976
154,id16,422.0,374.0,vial4,27,29.879265969059976
155,id16,422.0,374.0,vial4,27,29.879265969059976
156,id16,422.0,374.0,vial4,27,29.879265969059976
157,id16,421.5,374.0,vial4,27,29.879265969059976
158,id16,421.5,373.5,vial4,27,29.879265969059976
159,id16,422.0,373.5,vial4,27,29.879265969059976
160,id16,423.0,371.0,vial4,27,29.879265969059976
161,id16,427.0,327.0,vial4,27,29.879265969059976
162,id16,430.0,294.0,vial4,27,29.879265969059976
163,id16,420.5,290.5,vial4,27,29.879265969059976
164,id16,431.5,297.5,vial4,27,29.879265969059976
165,id16,444.0,319.5,vial4,27,29.879265969059976
166,id16,445.0,320.5,vial4,27,29.879265969059976
167,id16,445.0,319.0,vial4,27,29.879265969059976
168,id16,446.0,318.0,vial4,27,29.879265969059976
169,id16,447.0,316.5,vial4,27,29.879265969059976
170,id16,447.0,314.5,vial4,27,29.879265969059976
171,id16,447.5,311.5,vial4,27,29.879265969059976
172,id16,447.5,308.0,vial4,27,29.879265969059976
173,id16,447.5,303.5,vial4,27,29.879265969059976
174,id16,446.5,300.5,vial4,27,29.879265969059976
175,id16,447.5,296.5,vial4,27,29.879265969059976
176,id16,448.5,296.5,vial4,27,29.879265969059976
177,id16,450.5,296.0,vial4,27,29.879265969059976
178,id16,450.5,297.0,vial4,27,29.879265969059976
179,id16,450.5,298.0,vial4,27,29.879265969059976
180,id16,451.5,298.5,vial4,27,29.879265969059976
181,id16,453.5,298.5,vial4,27,29.879265969059976
182,id16,455.5,299.5,vial4,27,29.879265969059976
183,id16,456.5,300.5,vial4,27,29.879265969059976
184,id16,458.5,301.0,vial4,27,29.879265969059976
185,id16,460.0,301.5,vial4,27,29.879265969059976
186,id16,461.5,302.0,vial4,27,29.879265969059976
187,id16,461.5,302.0,vial4,27,29.879265969059976
188,id16,461.0,302.0,vial4,27,29.879265969059976
189,id16,460.5,302.0,vial4,27,29.879265969059976
190,id16,461.5,301.5,vial4,27,29.879265969059976
191,id16,462.5,300.5,vial4,27,29.879265969059976
192,id16,464.0,299.0,vial4,27,29.879265969059976
193,id16,466.0,298.0,vial4,27,29.879265969059976
194,id16,467.5,296.0,vial4,27,29.879265969059976
195,id16,469.5,294.5,vial4,27,29.879265969059976
196,id16,471.5,292.5,vial4,27,29.879265969059976
197,id16,473.0,289.5,vial4,27,29.879265969059976
198,id16,475.0,288.0,vial4,27,29.879265969059976
199,id16,477.0,285.5,vial4,27,29.879265969059976
200,id16,478.0,284.0,vial4,27,29.879265969059976
201,id16,479.0,282.5,vial4,27,29.879265969059976
202,id16,480.0,280.5,vial4,27,29.879265969059976
203,id16,481.0,278.5,vial4,27,29.879265969059976
204,id16,481.5,275.5,vial4,27,29.879265969059976
205,id16,481.5,273.0,vial4,27,29.879265969059976
206,id16,481.5,269.5,vial4,27,29.879265969059976
207,id16,482.0,266.5,vial4,27,29.879265969059976
208,id16,482.0,264.0,vial4,27,29.879265969059976
209,id16,482.0,262.5,vial4,27,29.879265969059976
210,id16,482.0,260.5,vial4,27,29.879265969059976
211,id16,481.0,259.5,vial4,27,29.879265969059976
212,id16,481.0,258.0,vial4,27,29.879265969059976
213,id16,479.5,257.0,vial4,27,29.879265969059976
214,id16,478.5,255.0,vial4,27,29.879265969059976
215,id16,477.0,254.5,vial4,27,29.879265969059976
216,id16,474.5,253.5,vial4,27,29.879265969059976
217,id16,472.0,253.5,vial4,27,29.879265969059976
218,id16,469.5,254.5,vial4,27,29.879265969059976
219,id16,469.5,254.5,vial4,27,29.879265969059976
220,id16,467.0,254.5,vial4,27,29.879265969059976
221,id16,466.0,254.5,vial4,27,29.879265969059976
222,id16,465.0,254.5,vial4,27,29.879265969059976
223,id16,465.0,254.5,vial4,27,29.879265969059976
224,id16,465.0,254.5,vial4,27,29.879265969059976
225,id16,465.0,254.5,vial4,27,29.879265969059976
226,id16,465.0,254.5,vial4,27,29.879265969059976
227,id16,465.0,254.0,vial4,27,29.879265969059976
228,id16,464.5,252.5,vial4,27,29.879265969059976
229,id16,463.0,250.0,vial4,27,29.879265969059976
230,id16,461.0,248.0,vial4,27,29.879265969059976
231,id16,459.0,244.5,vial4,27,29.879265969059976
232,id16,456.0,242.0,vial4,27,29.879265969059976
233,id16,454.0,239.0,vial4,27,29.879265969059976
234,id16,452.5,236.0,vial4,27,29.879265969059976
235,id16,451.0,232.0,vial4,27,29.879265969059976
236,id16,450.0,228.0,vial4,27,29.879265969059976
237,id16,449.5,223.5,vial4,27,29.879265969059976
238,id16,448.5,219.5,vial4,27,29.879265969059976
239,id16,448.0,215.5,vial4,27,29.879265969059976
240,id16,447.0,211.5,vial4,27,29.879265969059976
241,id16,446.0,209.0,vial4,27,29.879265969059976
242,id16,445.0,206.5,vial4,27,29.879265969059976
243,id16,444.0,204.5,vial4,27,29.879265969059976
244,id16,443.5,202.5,vial4,27,29.879265969059976
245,id16,443.0,200.5,vial4,27,29.879265969059976
246,id16,442.0,198.5,vial4,27,29.879265969059976
247,id16,442.0,196.5,vial4,27,29.879265969059976
248,id16,441.0,194.5,vial4,27,29.879265969059976
249,id16,440.0,191.5,vial4,27,29.879265969059976
250,id16,438.5,190.0,vial4,27,29.879265969059976
251,id16,436.5,188.0,vial4,27,29.879265969059976
252,id16,434.5,185.5,vial4,27,29.879265969059976
253,id16,432.5,183.0,vial4,27,29.879265969059976
254,id16,431.5,181.0,vial4,27,29.879265969059976
255,id16,430.5,180.0,vial4,27,29.879265969059976
256,id16,429.0,178.0,vial4,27,29.879265969059976
257,id16,427.5,176.5,vial4,27,29.879265969059976
258,id16,426.5,174.5,vial4,27,29.879265969059976
259,id16,424.5,173.0,vial4,27,29.879265969059976
260,id16,422.5,170.5,vial4,27,29.879265969059976
261,id16,421.0,169.5,vial4,27,29.879265969059976
262,id16,421.0,169.0,vial4,27,29.879265969059976
263,id16,420.5,168.5,vial4,27,29.879265969059976
264,id16,419.5,167.5,vial4,27,29.879265969059976
265,id16,417.5,166.5,vial4,27,29.879265969059976
266,id16,416.5,165.0,vial4,27,29.879265969059976
267,id16,414.5,164.0,vial4,27,29.879265969059976
268,id16,413.5,163.0,vial4,27,29.879265969059976
269,id16,412.0,161.0,vial4,27,29.879265969059976
270,id16,411.0,160.0,vial4,27,29.879265969059976
271,id16,410.0,157.0,vial4,27,29.879265969059976
272,id16,409.5,156.0,vial4,27,29.879265969059976
273,id16,409.0,154.0,vial4,27,29.879265969059976
274,id16,409.5,152.0,vial4,27,29.879265969059976
275,id16,409.5,150.5,vial4,27,29.879265969059976
276,id16,409.5,148.5,vial4,27,29.879265969059976
277,id16,410.5,145.5,vial4,27,29.879265969059976
278,id16,411.0,143.5,vial4,27,29.879265969059976
279,id16,412.0,140.5,vial4,27,29.879265969059976
280,id16,412.5,138.5,vial4,27,29.879265969059976
281,id16,413.5,137.5,vial4,27,29.879265969059976
282,id16,415.0,136.0,vial4,27,29.879265969059976
283,id16,416.5,135.0,vial4,27,29.879265969059976
284,id16,418.5,134.0,vial4,27,29.879265969059976
285,id16,420.5,133.0,vial4,27,29.879265969059976
286,id16,422.0,131.5,vial4,27,29.879265969059976
287,id16,424.0,130.0,vial4,27,29.879265969059976
288,id16,426.5,129.0,vial4,27,29.879265969059976
289,id16,429.5,127.5,vial4,27,29.879265969059976
290,id16,431.5,126.0,vial4,27,29.879265969059976
291,id16,434.5,125.0,vial4,27,29.879265969059976
292,id16,437.5,123.5,vial4,27,29.879265969059976
293,id16,440.0,123.5,vial4,27,29.879265969059976
294,id16,443.5,123.5,vial4,27,29.879265969059976
295,id16,445.5,125.0,vial4,27,29.879265969059976
296,id16,447.5,125.0,vial4,27,29.879265969059976
297,id16,447.5,123.5,vial4,27,29.879265969059976
298,id16,449.0,121.5,vial4,27,29.879265969059976
299,id16,450.0,119.0,vial4,27,29.879265969059976
300,id16,451.5,116.5,vial4,27,29.879265969059976
301,id16,453.5,115.5,vial4,27,29.879265969059976
302,id16,455.5,115.5,vial4,27,29.879265969059976
303,id16,458.5,117.0,vial4,27,29.879265969059976
304,id16,460.5,118.5,vial4,27,29.879265969059976
305,id16,462.0,120.0,vial4,27,29.879265969059976
306,id16,463.5,122.5,vial4,27,29.879265969059976
307,id16,463.5,125.5,vial4,27,29.879265969059976
0,id17,735.0,375.5,vial6,43,29.879265969059976
1,id17,735.5,375.5,vial6,43,29.879265969059976
2,id17,737.0,375.5,vial6,43,29.879265969059976
3,id17,738.0,375.5,vial6,43,29.879265969059976
4,id17,739.5,376.0,vial6,43,29.879265969059976
5,id17,740.5,376.0,vial6,43,29.879265969059976
6,id17,741.5,376.0,vial6,43,29.879265969059976
7,id17,742.0,376.5,vial6,43,29.879265969059976
8,id17,742.0,376.5,vial6,43,29.879265969059976
9,id17,742.0,376.5,vial6,43,29.879265969059976
10,id17,742.0,376.5,vial6,43,29.879265969059976
11,id17,741.5,376.5,vial6,43,29.879265969059976
12,id17,741.5,376.5,vial6,43,29.879265969059976
13,id17,741.5,376.5,vial6,43,29.879265969059976
14,id17,741.5,376.5,vial6,43,29.879265969059976
15,id17,741.5,376.5,vial6,43,29.879265969059976
16,id17,741.5,376.5,vial6,43,29.879265969059976
17,id17,742.0,376.5,vial6,43,29.879265969059976
18,id17,741.0,376.5,vial6,43,29.879265969059976
19,id17,740.5,376.5,vial6,43,29.879265969059976
20,id17,739.5,376.0,vial6,43,29.879265969059976
21,id17,739.0,376.5,vial6,43,29.879265969059976
22,id17,740.0,376.5,vial6,43,29.879265969059976
23,id17,740.0,376.5,vial6,43,29.879265969059976
24,id17,741.0,376.5,vial6,43,29.879265969059976
25,id17,741.0,376.5,vial6,43,29.879265969059976
26,id17,741.0,376.5,vial6,43,29.879265969059976
27,id17,741.0,376.5,vial6,43,29.879265969059976
28,id17,741.0,376.5,vial6,43,29.879265969059976
29,id17,742.0,377.0,vial6,43,29.879265969059976
30,id17,743.0,377.5,vial6,43,29.879265969059976
31,id17,743.5,377.5,vial6,43,29.879265969059976
32,id17,743.5,377.0,vial6,43,29.879265969059976
33,id17,739.0,355.5,vial6,43,29.879265969059976
34,id17,743.5,346.0,vial6,43,29.879265969059976
35,id17,744.5,353.5,vial6,43,29.879265969059976
36,id17,733.5,376.5,vial6,43,29.879265969059976
37,id17,732.0,378.0,vial6,43,29.879265969059976
38,id17,732.0,378.0,vial6,43,29.879265969059976
39,id17,730.0,378.0,vial6,43,29.879265969059976
40,id17,729.0,378.0,vial6,43,29.879265969059976
41,id17,728.0,378.0,vial6,43,29.879265969059976
42,id17,728.0,378.0,vial6,43,29.879265969059976
43,id17,727.0,377.5,vial6,43,29.879265969059976
44,id17,726.0,377.5,vial6,43,29.879265969059976
45,id17,726.0,378.0,vial6,43,29.879265969059976
46,id17,725.0,377.5,vial6,43,29.879265969059976
47,id17,725.0,377.5,vial6,43,29.879265969059976
48,id17,727.0,377.5,vial6,43,29.879265969059976
49,id17,729.0,378.5,vial6,43,29.879265969059976
50,id17,729.0,378.5,vial6,43,29.879265969059976
51,id17,728.0,378.5,vial6,43,29.879265969059976
52,id17,726.5,378.5,vial6,43,29.879265969059976
53,id17,725.5,378.5,vial6,43,29.879265969059976
54,id17,724.5,378.5,vial6,43,29.879265969059976
55,id17,724.0,378.5,vial6,43,29.879265969059976
56,id17,723.5,378.5,vial6,43,29.879265969059976
57,id17,723.5,378.5,vial6,43,29.879265969059976
58,id17,723.5,378.5,vial6,43,29.879265969059976
59,id17,723.5,378.5,vial6,43,29.879265969059976
60,id17,723.5,378.5,vial6,43,29.879265969059976
61,id17,722.5,377.5,vial6,43,29.879265969059976
62,id17,720.5,377.5,vial6,43,29.879265969059976
63,id17,717.5,377.5,vial6,43,29.879265969059976
64,id17,715.0,377.5,vial6,43,29.879265969059976
65,id17,713.0,377.5,vial6,43,29.879265969059976
66,id17,711.5,377.5,vial6,43,29.879265969059976
67,id17,711.5,377.5,vial6,43,29.879265969059976
68,id17,711.5,377.5,vial6,43,29.879265969059976
69,id17,711.5,378.0,vial6,43,29.879265969059976
70,id17,711.5,378.0,vial6,43,29.879265969059976
71,id17,711.5,378.0,vial6,43,29.879265969059976
72,id17,712.0,378.0,vial6,43,29.879265969059976
73,id17,713.0,377.5,vial6,43,29.879265969059976
74,id17,712.5,377.0,vial6,43,29.879265969059976
75,id17,714.0,376.5,vial6,43,29.879265969059976
76,id17,715.0,376.5,vial6,43,29.879265969059976
77,id17,716.0,376.5,vial6,43,29.879265969059976
78,id17,716.5,376.5,vial6,43,29.879265969059976
79,id17,717.0,376.5,vial6,43,29.879265969059976
80,id17,717.0,377.0,vial6,43,29.879265969059976
81,id17,717.5,377.0,vial6,43,29.879265969059976
82,id17,718.0,377.0,vial6,43,29.879265969059976
83,id17,717.5,376.5,vial6,43,29.879265969059976
84,id17,716.0,376.0,vial6,43,29.879265969059976
85,id17,715.5,376.0,vial6,43,29.879265969059976
86,id17,714.5,376.0,vial6,43,29.879265969059976
87,id17,713.5,376.0,vial6,43,29.879265969059976
88,id17,714.0,375.5,vial6,43,29.879265969059976
89,id17,715.5,376.0,vial6,43,29.879265969059976
90,id17,715.5,376.5,vial6,43,29.879265969059976
91,id17,716.5,376.5,vial6,43,29.879265969059976
92,id17,716.5,376.0,vial6,43,29.879265969059976
93,id17,716.5,375.5,vial6,43,29.879265969059976
94,id17,716.5,375.5,vial6,43,29.879265969059976
95,id17,716.5,375.5,vial6,43,29.879265969059976
96,id17,716.5,375.5,vial6,43,29.879265969059976
97,id17,716.5,375.5,vial6,43,29.879265969059976
98,id17,717.5,375.5,vial6,43,29.879265969059976
99,id17,720.5,374.5,vial6,43,29.879265969059976
100,id17,722.5,374.5,vial6,43,29.879265969059976
101,id17,724.5,375.5,vial6,43,29.879265969059976
102,id17,726.0,375.5,vial6,43,29.879265969059976
103,id17,727.0,376.0,vial6,43,29.879265969059976
104,id17,726.5,376.0,vial6,43,29.879265969059976
105,id17,725.5,375.5,vial6,43,29.879265969059976
106,id17,726.5,375.5,vial6,43,29.879265969059976
107,id17,727.5,375.0,vial6,43,29.879265969059976
108,id17,728.5,374.5,vial6,43,29.879265969059976
109,id17,730.5,375.0,vial6,43,29.879265969059976
110,id17,733.0,375.0,vial6,43,29.879265969059976
111,id17,734.5,375.5,vial6,43,29.879265969059976
112,id17,737.0,376.0,vial6,43,29.879265969059976
113,id17,738.5,376.0,vial6,43,29.879265969059976
114,id17,739.5,376.5,vial6,43,29.879265969059976
115,id17,741.5,376.5,vial6,43,29.879265969059976
116,id17,742.5,376.5,vial6,43,29.879265969059976
117,id17,741.0,376.5,vial6,43,29.879265969059976
118,id17,740.5,376.5,vial6,43,29.879265969059976
119,id17,739.5,376.5,vial6,43,29.879265969059976
120,id17,739.0,376.5,vial6,43,29.879265969059976
121,id17,738.5,376.5,vial6,43,29.879265969059976
122,id17,738.0,376.5,vial6,43,29.879265969059976
123,id17,738.0,376.5,vial6,43,29.879265969059976
124,id17,738.5,376.5,vial6,43,29.879265969059976
125,id17,739.5,376.5,vial6,43,29.879265969059976
126,id17,741.0,376.5,vial6,43,29.879265969059976
127,id17,742.5,377.5,vial6,43,29.879265969059976
128,id17,744.0,377.5,vial6,43,29.879265969059976
129,id17,743.5,377.5,vial6,43,29.879265969059976
130,id17,743.5,377.5,vial6,43,29.879265969059976
131,id17,742.5,378.5,vial6,43,29.879265969059976
132,id17,742.0,378.5,vial6,43,29.879265969059976
133,id17,741.0,378.0,vial6,43,29.879265969059976
134,id17,740.0,378.0,vial6,43,29.879265969059976
135,id17,739.5,377.5,vial6,43,29.879265969059976
136,id17,739.5,377.5,vial6,43,29.879265969059976
137,id17,739.0,378.0,vial6,43,29.879265969059976
138,id17,739.0,378.5,vial6,43,29.879265969059976
139,id17,739.0,378.5,vial6,43,29.879265969059976
140,id17,738.0,378.5,vial6,43,29.879265969059976
141,id17,737.5,378.5,vial6,43,29.879265969059976
142,id17,737.0,379.0,vial6,43,29.879265969059976
143,id17,737.0,379.0,vial6,43,29.879265969059976
144,id17,737.0,379.0,vial6,43,29.879265969059976
145,id17,737.0,378.5,vial6,43,29.879265969059976
146,id17,736.5,378.0,vial6,43,29.879265969059976
147,id17,735.0,377.5,vial6,43,29.879265969059976
148,id17,734.0,377.5,vial6,43,29.879265969059976
149,id17,732.5,377.5,vial6,43,29.879265969059976
150,id17,731.0,377.0,vial6,43,29.879265969059976
151,id17,729.5,377.0,vial6,43,29.879265969059976
152,id17,727.5,376.5,vial6,43,29.879265969059976
153,id17,725.5,377.0,vial6,43,29.879265969059976
154,id17,723.0,377.5,vial6,43,29.879265969059976
155,id17,722.0,377.0,vial6,43,29.879265969059976
156,id17,721.0,376.5,vial6,43,29.879265969059976
157,id17,720.0,376.5,vial6,43,29.879265969059976
158,id17,719.0,377.0,vial6,43,29.879265969059976
159,id17,719.0,377.0,vial6,43,29.879265969059976
160,id17,718.0,377.0,vial6,43,29.879265969059976
161,id17,718.0,376.5,vial6,43,29.879265969059976
162,id17,718.5,376.5,vial6,43,29.879265969059976
163,id17,719.0,376.5,vial6,43,29.879265969059976
164,id17,719.0,377.5,vial6,43,29.879265969059976
165,id17,719.0,377.0,vial6,43,29.879265969059976
166,id17,719.0,377.0,vial6,43,29.879265969059976
167,id17,719.0,377.0,vial6,43,29.879265969059976
168,id17,719.0,376.5,vial6,43,29.879265969059976
169,id17,717.0,345.0,vial6,43,29.879265969059976
170,id17,713.5,297.5,vial6,43,29.879265969059976
171,id17,694.5,259.0,vial6,43,29.879265969059976
173,id17,678.5,273.5,vial6,43,29.879265969059976
174,id17,674.5,280.5,vial6,43,29.879265969059976
175,id17,675.0,279.0,vial6,43,29.879265969059976
176,id17,675.0,278.0,vial6,43,29.879265969059976
177,id17,674.5,277.5,vial6,43,29.879265969059976
178,id17,675.0,275.5,vial6,43,29.879265969059976
179,id17,675.0,274.5,vial6,43,29.879265969059976
180,id17,675.0,273.0,vial6,43,29.879265969059976
181,id17,676.0,272.0,vial6,43,29.879265969059976
182,id17,676.0,271.0,vial6,43,29.879265969059976
183,id17,676.0,270.0,vial6,43,29.879265969059976
184,id17,677.0,268.0,vial6,43,29.879265969059976
185,id17,677.0,267.0,vial6,43,29.879265969059976
186,id17,678.0,266.0,vial6,43,29.879265969059976
187,id17,678.5,265.0,vial6,43,29.879265969059976
188,id17,679.5,263.5,vial6,43,29.879265969059976
189,id17,680.0,262.0,vial6,43,29.879265969059976
190,id17,680.0,261.0,vial6,43,29.879265969059976
191,id17,681.0,260.0,vial6,43,29.879265969059976
192,id17,681.0,260.0,vial6,43,29.879265969059976
193,id17,681.0,260.0,vial6,43,29.879265969059976
194,id17,681.0,259.0,vial6,43,29.879265969059976
195,id17,681.0,258.0,vial6,43,29.879265969059976
196,id17,681.0,257.5,vial6,43,29.879265969059976
197,id17,682.0,256.5,vial6,43,29.879265969059976
198,id17,682.0,254.5,vial6,43,29.879265969059976
199,id17,682.5,253.5,vial6,43,29.879265969059976
200,id17,682.5,252.5,vial6,43,29.879265969059976
201,id17,682.5,250.5,vial6,43,29.879265969059976
202,id17,683.0,250.0,vial6,43,29.879265969059976
203,id17,682.5,249.0,vial6,43,29.879265969059976
204,id17,682.5,248.5,vial6,43,29.879265969059976
205,id17,682.5,246.5,vial6,43,29.879265969059976
206,id17,682.5,244.5,vial6,43,29.879265969059976
207,id17,682.5,243.5,vial6,43,29.879265969059976
208,id17,682.5,243.0,vial6,43,29.879265969059976
209,id17,682.5,241.5,vial6,43,29.879265969059976
210,id17,682.5,240.0,vial6,43,29.879265969059976
211,id17,682.0,238.5,vial6,43,29.879265969059976
212,id17,681.5,237.5,vial6,43,29.879265969059976
213,id17,681.5,236.5,vial6,43,29.879265969059976
214,id17,681.5,234.5,vial6,43,29.879265969059976
215,id17,681.5,233.5,vial6,43,29.879265969059976
216,id17,681.5,231.5,vial6,43,29.879265969059976
217,id17,681.5,230.5,vial6,43,29.879265969059976
218,id17,681.5,228.5,vial6,43,29.879265969059976
219,id17,681.5,227.5,vial6,43,29.879265969059976
220,id17,681.5,226.0,vial6,43,29.879265969059976
221,id17,682.0,224.5,vial6,43,29.879265969059976
222,id17,682.5,222.5,vial6,43,29.879265969059976
223,id17,682.5,221.5,vial6,43,29.879265969059976
224,id17,683.5,219.5,vial6,43,29.879265969059976
225,id17,684.0,217.5,vial6,43,29.879265969059976
226,id17,684.0,216.5,vial6,43,29.879265969059976
227,id17,685.0,214.5,vial6,43,29.879265969059976
228,id17,685.0,212.5,vial6,43,29.879265969059976
229,id17,685.5,211.5,vial6,43,29.879265969059976
230,id17,686.0,210.0,vial6,43,29.879265969059976
231,id17,686.0,208.5,vial6,43,29.879265969059976
232,id17,686.0,207.5,vial6,43,29.879265969059976
233,id17,686.5,206.5,vial6,43,29.879265969059976
234,id17,687.0,205.0,vial6,43,29.879265969059976
235,id17,687.5,204.5,vial6,43,29.879265969059976
236,id17,687.5,202.5,vial6,43,29.879265969059976
237,id17,688.0,201.5,vial6,43,29.879265969059976
238,id17,688.5,199.5,vial6,43,29.879265969059976
239,id17,688.5,198.5,vial6,43,29.879265969059976
240,id17,689.0,197.5,vial6,43,29.879265969059976
241,id17,689.0,196.0,vial6,43,29.879265969059976
242,id17,690.0,194.5,vial6,43,29.879265969059976
243,id17,690.0,193.0,vial6,43,29.879265969059976
244,id17,690.0,191.5,vial6,43,29.879265969059976
245,id17,690.5,190.0,vial6,43,29.879265969059976
246,id17,690.5,188.5,vial6,43,29.879265969059976
247,id17,691.0,187.5,vial6,43,29.879265969059976
248,id17,691.5,185.5,vial6,43,29.879265969059976
249,id17,691.5,184.5,vial6,43,29.879265969059976
250,id17,692.0,183.5,vial6,43,29.879265969059976
251,id17,692.0,182.5,vial6,43,29.879265969059976
252,id17,693.0,180.5,vial6,43,29.879265969059976
253,id17,693.5,179.0,vial6,43,29.879265969059976
254,id17,694.5,178.0,vial6,43,29.879265969059976
255,id17,695.5,177.0,vial6,43,29.879265969059976
256,id17,696.5,176.0,vial6,43,29.879265969059976
257,id17,697.5,174.5,vial6,43,29.879265969059976
258,id17,698.0,173.0,vial6,43,29.879265969059976
259,id17,699.0,171.0,vial6,43,29.879265969059976
260,id17,699.0,170.0,vial6,43,29.879265969059976
261,id17,700.0,169.0,vial6,43,29.879265969059976
262,id17,701.0,167.0,vial6,43,29.879265969059976
263,id17,701.0,166.5,vial6,43,29.879265969059976
264,id17,701.0,165.5,vial6,43,29.879265969059976
265,id17,701.0,165.5,vial6,43,29.879265969059976
266,id17,701.0,163.5,vial6,43,29.879265969059976
267,id17,702.0,162.5,vial6,43,29.879265969059976
268,id17,702.0,161.5,vial6,43,29.879265969059976
269,id17,702.0,160.5,vial6,43,29.879265969059976
270,id17,702.0,159.5,vial6,43,29.879265969059976
271,id17,702.5,158.5,vial6,43,29.879265969059976
272,id17,702.5,158.0,vial6,43,29.879265969059976
273,id17,703.0,157.5,vial6,43,29.879265969059976
274,id17,703.0,157.5,vial6,43,29.879265969059976
275,id17,703.0,148.0,vial6,43,29.879265969059976
276,id17,690.0,124.0,vial6,43,29.879265969059976
277,id17,686.5,104.0,vial6,43,29.879265969059976
278,id17,696.0,97.5,vial6,43,29.879265969059976
279,id17,705.5,101.5,vial6,43,29.879265969059976
280,id17,702.5,114.5,vial6,43,29.879265969059976
281,id17,700.0,126.5,vial6,43,29.879265969059976
282,id17,702.5,141.5,vial6,43,29.879265969059976
283,id17,704.0,158.5,vial6,43,29.879265969059976
284,id17,705.5,177.0,vial6,43,29.879265969059976
285,id17,711.5,204.0,vial6,43,29.879265969059976
286,id17,703.0,227.5,vial6,43,29.879265969059976
287,id17,682.0,247.0,vial6,43,29.879265969059976
288,id17,681.0,247.5,vial6,43,29.879265969059976
289,id17,681.5,247.5,vial6,43,29.879265969059976
290,id17,681.5,247.5,vial6,43,29.879265969059976
291,id17,681.5,247.5,vial6,43,29.879265969059976
292,id17,681.5,247.0,vial6,43,29.879265969059976
293,id17,681.5,246.5,vial6,43,29.879265969059976
294,id17,682.0,246.5,vial6,43,29.879265969059976
295,id17,681.5,245.0,vial6,43,29.879265969059976
296,id17,681.0,245.0,vial6,43,29.879265969059976
297,id17,681.0,243.0,vial6,43,29.879265969059976
298,id17,681.5,241.5,vial6,43,29.879265969059976
299,id17,680.5,240.0,vial6,43,29.879265969059976
300,id17,680.5,238.5,vial6,43,29.879265969059976
301,id17,680.5,237.5,vial6,43,29.879265969059976
302,id17,680.5,236.5,vial6,43,29.879265969059976
303,id17,680.5,235.5,vial6,43,29.879265969059976
304,id17,680.0,233.5,vial6,43,29.879265969059976
305,id17,680.0,232.5,vial6,43,29.879265969059976
306,id17,680.0,231.5,vial6,43,29.879265969059976
307,id17,679.5,231.0,vial6,43,29.879265969059976
0,id18,675.5,375.5,vial6,42,29.879265969059976
1,id18,676.0,375.5,vial6,42,29.879265969059976
2,id18,677.5,375.0,vial6,42,29.879265969059976
3,id18,676.5,374.5,vial6,42,29.879265969059976
4,id18,675.5,378.0,vial6,42,29.879265969059976
5,id18,680.0,376.5,vial6,42,29.879265969059976
6,id18,681.5,376.5,vial6,42,29.879265969059976
7,id18,683.0,376.5,vial6,42,29.879265969059976
8,id18,683.5,376.5,vial6,42,29.879265969059976
9,id18,684.0,376.5,vial6,42,29.879265969059976
10,id18,685.0,376.5,vial6,42,29.879265969059976
11,id18,684.0,376.5,vial6,42,29.879265969059976
12,id18,685.0,377.0,vial6,42,29.879265969059976
13,id18,685.0,377.5,vial6,42,29.879265969059976
14,id18,685.0,377.5,vial6,42,29.879265969059976
15,id18,686.0,378.0,vial6,42,29.879265969059976
16,id18,688.5,377.5,vial6,42,29.879265969059976
17,id18,690.5,377.5,vial6,42,29.879265969059976
18,id18,692.5,377.0,vial6,42,29.879265969059976
19,id18,695.5,377.0,vial6,42,29.879265969059976
20,id18,697.5,377.0,vial6,42,29.879265969059976
21,id18,699.5,377.0,vial6,42,29.879265969059976
22,id18,699.5,377.0,vial6,42,29.879265969059976
23,id18,699.0,367.0,vial6,42,29.879265969059976
24,id18,693.0,359.5,vial6,42,29.879265969059976
25,id18,692.5,376.0,vial6,42,29.879265969059976
26,id18,695.5,378.0,vial6,42,29.879265969059976
27,id18,696.0,378.0,vial6,42,29.879265969059976
28,id18,696.0,378.0,vial6,42,29.879265969059976
29,id18,696.0,378.0,vial6,42,29.879265969059976
30,id18,696.0,378.0,vial6,42,29.879265969059976
31,id18,695.5,378.0,vial6,42,29.879265969059976
32,id18,696.0,378.0,vial6,42,29.879265969059976
33,id18,695.0,378.0,vial6,42,29.879265969059976
34,id18,694.0,378.5,vial6,42,29.879265969059976
35,id18,692.5,377.5,vial6,42,29.879265969059976
36,id18,692.5,377.5,vial6,42,29.879265969059976
37,id18,692.5,377.5,vial6,42,29.879265969059976
38,id18,692.0,377.5,vial6,42,29.879265969059976
39,id18,692.0,377.5,vial6,42,29.879265969059976
40,id18,691.5,377.5,vial6,42,29.879265969059976
41,id18,691.0,377.5,vial6,42,29.879265969059976
42,id18,690.0,377.5,vial6,42,29.879265969059976
43,id18,689.5,377.5,vial6,42,29.879265969059976
44,id18,688.5,376.5,vial6,42,29.879265969059976
45,id18,687.5,376.5,vial6,42,29.879265969059976
46,id18,686.5,376.5,vial6,42,29.879265969059976
47,id18,686.0,376.5,vial6,42,29.879265969059976
48,id18,686.0,376.5,vial6,42,29.879265969059976
49,id18,686.0,376.5,vial6,42,29.879265969059976
50,id18,686.0,376.5,vial6,42,29.879265969059976
51,id18,685.5,376.5,vial6,42,29.879265969059976
52,id18,685.0,375.0,vial6,42,29.879265969059976
53,id18,682.5,334.0,vial6,42,29.879265969059976
54,id18,679.5,303.0,vial6,42,29.879265969059976
55,id18,680.5,303.0,vial6,42,29.879265969059976
56,id18,694.0,340.5,vial6,42,29.879265969059976
57,id18,691.5,361.0,vial6,42,29.879265969059976
58,id18,691.5,360.5,vial6,42,29.879265969059976
59,id18,691.5,360.5,vial6,42,29.879265969059976
60,id18,691.5,360.0,vial6,42,29.879265969059976
61,id18,691.5,360.0,vial6,42,29.879265969059976
62,id18,691.5,360.0,vial6,42,29.879265969059976
63,id18,692.0,359.5,vial6,42,29.879265969059976
64,id18,692.5,358.5,vial6,42,29.879265969059976
65,id18,692.5,356.0,vial6,42,29.879265969059976
66,id18,693.5,354.0,vial6,42,29.879265969059976
67,id18,694.5,352.0,vial6,42,29.879265969059976
68,id18,694.5,349.5,vial6,42,29.879265969059976
69,id18,695.0,347.5,vial6,42,29.879265969059976
70,id18,696.0,345.5,vial6,42,29.879265969059976
71,id18,696.0,343.5,vial6,42,29.879265969059976
72,id18,696.5,341.5,vial6,42,29.879265969059976
73,id18,697.5,340.5,vial6,42,29.879265969059976
74,id18,698.0,338.5,vial6,42,29.879265969059976
75,id18,699.5,337.0,vial6,42,29.879265969059976
76,id18,701.0,336.0,vial6,42,29.879265969059976
77,id18,703.5,334.5,vial6,42,29.879265969059976
78,id18,705.5,333.5,vial6,42,29.879265969059976
79,id18,708.0,332.5,vial6,42,29.879265969059976
80,id18,710.5,332.0,vial6,42,29.879265969059976
81,id18,712.5,331.0,vial6,42,29.879265969059976
82,id18,715.5,330.0,vial6,42,29.879265969059976
83,id18,718.0,329.0,vial6,42,29.879265969059976
84,id18,720.0,328.0,vial6,42,29.879265969059976
85,id18,721.5,326.0,vial6,42,29.879265969059976
86,id18,723.0,324.5,vial6,42,29.879265969059976
87,id18,723.0,322.5,vial6,42,29.879265969059976
88,id18,723.0,320.5,vial6,42,29.879265969059976
89,id18,723.5,318.5,vial6,42,29.879265969059976
90,id18,724.0,316.5,vial6,42,29.879265969059976
91,id18,725.0,314.5,vial6,42,29.879265969059976
92,id18,725.5,311.5,vial6,42,29.879265969059976
93,id18,726.0,309.0,vial6,42,29.879265969059976
94,id18,727.0,306.0,vial6,42,29.879265969059976
95,id18,727.5,303.5,vial6,42,29.879265969059976
96,id18,728.5,301.0,vial6,42,29.879265969059976
97,id18,728.5,298.5,vial6,42,29.879265969059976
98,id18,726.5,298.0,vial6,42,29.879265969059976
99,id18,726.5,297.0,vial6,42,29.879265969059976
100,id18,725.5,297.5,vial6,42,29.879265969059976
101,id18,724.5,297.5,vial6,42,29.879265969059976
102,id18,723.5,297.5,vial6,42,29.879265969059976
103,id18,722.5,296.0,vial6,42,29.879265969059976
104,id18,721.5,297.0,vial6,42,29.879265969059976
105,id18,720.5,297.0,vial6,42,29.879265969059976
106,id18,720.0,297.0,vial6,42,29.879265969059976
107,id18,720.0,297.0,vial6,42,29.879265969059976
108,id18,720.0,297.0,vial6,42,29.879265969059976
109,id18,719.5,296.5,vial6,42,29.879265969059976
110,id18,718.5,296.0,vial6,42,29.879265969059976
111,id18,718.5,296.0,vial6,42,29.879265969059976
112,id18,715.5,295.0,vial6,42,29.879265969059976
113,id18,715.0,293.0,vial6,42,29.879265969059976
114,id18,715.0,291.0,vial6,42,29.879265969059976
115,id18,718.0,286.5,vial6,42,29.879265969059976
116,id18,719.5,285.0,vial6,42,29.879265969059976
117,id18,720.5,283.0,vial6,42,29.879265969059976
118,id18,721.0,281.0,vial6,42,29.879265969059976
119,id18,723.0,279.0,vial6,42,29.879265969059976
120,id18,724.0,276.0,vial6,42,29.879265969059976
121,id18,725.5,273.0,vial6,42,29.879265969059976
122,id18,726.5,270.0,vial6,42,29.879265969059976
123,id18,727.5,266.0,vial6,42,29.879265969059976
124,id18,728.0,263.5,vial6,42,29.879265969059976
125,id18,729.5,260.5,vial6,42,29.879265969059976
126,id18,729.5,258.5,vial6,42,29.879265969059976
127,id18,730.0,256.0,vial6,42,29.879265969059976
128,id18,730.0,252.5,vial6,42,29.879265969059976
129,id18,731.0,249.5,vial6,42,29.879265969059976
130,id18,731.5,246.5,vial6,42,29.879265969059976
131,id18,732.0,243.5,vial6,42,29.879265969059976
132,id18,732.5,240.5,vial6,42,29.879265969059976
133,id18,732.5,237.5,vial6,42,29.879265969059976
134,id18,732.5,235.5,vial6,42,29.879265969059976
135,id18,733.5,233.0,vial6,42,29.879265969059976
136,id18,734.0,232.0,vial6,42,29.879265969059976
137,id18,734.0,230.5,vial6,42,29.879265969059976
138,id18,733.5,230.0,vial6,42,29.879265969059976
140,id18,734.5,228.0,vial6,42,29.879265969059976
141,id18,731.5,227.0,vial6,42,29.879265969059976
142,id18,731.0,226.5,vial6,42,29.879265969059976
143,id18,730.0,226.0,vial6,42,29.879265969059976
144,id18,729.0,225.5,vial6,42,29.879265969059976
145,id18,729.0,225.5,vial6,42,29.879265969059976
146,id18,729.0,225.5,vial6,42,29.879265969059976
147,id18,729.0,225.5,vial6,42,29.879265969059976
148,id18,728.5,225.5,vial6,42,29.879265969059976
149,id18,728.5,225.5,vial6,42,29.879265969059976
150,id18,728.5,225.5,vial6,42,29.879265969059976
151,id18,728.5,225.5,vial6,42,29.879265969059976
152,id18,727.0,224.5,vial6,42,29.879265969059976
153,id18,683.0,218.0,vial6,42,29.879265969059976
154,id18,673.5,214.0,vial6,42,29.879265969059976
155,id18,674.0,213.5,vial6,42,29.879265969059976
156,id18,674.0,211.0,vial6,42,29.879265969059976
157,id18,674.0,208.5,vial6,42,29.879265969059976
158,id18,674.5,206.0,vial6,42,29.879265969059976
159,id18,674.5,203.5,vial6,42,29.879265969059976
160,id18,675.0,202.5,vial6,42,29.879265969059976
161,id18,675.0,200.5,vial6,42,29.879265969059976
162,id18,676.0,198.5,vial6,42,29.879265969059976
163,id18,676.0,197.0,vial6,42,29.879265969059976
164,id18,677.0,195.0,vial6,42,29.879265969059976
165,id18,678.5,192.5,vial6,42,29.879265969059976
166,id18,680.5,190.0,vial6,42,29.879265969059976
167,id18,681.5,188.0,vial6,42,29.879265969059976
168,id18,683.0,185.0,vial6,42,29.879265969059976
169,id18,685.0,183.5,vial6,42,29.879265969059976
170,id18,687.5,181.5,vial6,42,29.879265969059976
171,id18,690.0,179.0,vial6,42,29.879265969059976
172,id18,692.0,177.0,vial6,42,29.879265969059976
173,id18,694.5,175.5,vial6,42,29.879265969059976
174,id18,698.5,174.0,vial6,42,29.879265969059976
175,id18,701.5,173.0,vial6,42,29.879265969059976
176,id18,704.5,171.5,vial6,42,29.879265969059976
177,id18,707.5,169.5,vial6,42,29.879265969059976
178,id18,710.5,168.0,vial6,42,29.879265969059976
179,id18,713.0,166.5,vial6,42,29.879265969059976
180,id18,716.0,164.5,vial6,42,29.879265969059976
181,id18,719.0,162.5,vial6,42,29.879265969059976
182,id18,721.0,160.5,vial6,42,29.879265969059976
183,id18,722.0,159.5,vial6,42,29.879265969059976
184,id18,723.5,158.0,vial6,42,29.879265969059976
185,id18,724.0,157.5,vial6,42,29.879265969059976
186,id18,724.0,157.5,vial6,42,29.879265969059976
187,id18,724.0,157.5,vial6,42,29.879265969059976
188,id18,724.0,157.0,vial6,42,29.879265969059976
189,id18,723.5,156.0,vial6,42,29.879265969059976
190,id18,723.5,153.5,vial6,42,29.879265969059976
191,id18,722.5,151.5,vial6,42,29.879265969059976
192,id18,722.0,148.5,vial6,42,29.879265969059976
193,id18,721.0,146.5,vial6,42,29.879265969059976
194,id18,720.0,143.5,vial6,42,29.879265969059976
195,id18,720.0,143.5,vial6,42,29.879265969059976
196,id18,720.0,143.0,vial6,42,29.879265969059976
197,id18,719.5,143.5,vial6,42,29.879265969059976
198,id18,720.0,143.5,vial6,42,29.879265969059976
199,id18,720.0,142.5,vial6,42,29.879265969059976
200,id18,719.5,142.5,vial6,42,29.879265969059976
201,id18,719.0,142.0,vial6,42,29.879265969059976
202,id18,719.0,141.5,vial6,42,29.879265969059976
203,id18,718.5,140.0,vial6,42,29.879265969059976
204,id18,717.5,138.0,vial6,42,29.879265969059976
205,id18,716.5,136.0,vial6,42,29.879265969059976
206,id18,714.5,134.0,vial6,42,29.879265969059976
207,id18,712.5,131.5,vial6,42,29.879265969059976
208,id18,711.5,129.0,vial6,42,29.879265969059976
209,id18,709.0,127.0,vial6,42,29.879265969059976
210,id18,708.0,125.0,vial6,42,29.879265969059976
211,id18,706.0,123.0,vial6,42,29.879265969059976
212,id18,704.5,122.0,vial6,42,29.879265969059976
213,id18,703.0,120.0,vial6,42,29.879265969059976
214,id18,702.0,119.5,vial6,42,29.879265969059976
215,id18,701.5,119.0,vial6,42,29.879265969059976
216,id18,701.5,118.5,vial6,42,29.879265969059976
217,id18,701.5,118.5,vial6,42,29.879265969059976
218,id18,701.5,118.5,vial6,42,29.879265969059976
219,id18,697.0,112.5,vial6,42,29.879265969059976
220,id18,683.0,92.0,vial6,42,29.879265969059976
221,id18,682.5,89.0,vial6,42,29.879265969059976
222,id18,682.5,89.5,vial6,42,29.879265969059976
223,id18,682.5,89.5,vial6,42,29.879265969059976
224,id18,682.0,89.5,vial6,42,29.879265969059976
225,id18,681.0,92.0,vial6,42,29.879265969059976
226,id18,680.5,90.5,vial6,42,29.879265969059976
227,id18,680.5,90.5,vial6,42,29.879265969059976
228,id18,680.0,90.5,vial6,42,29.879265969059976
229,id18,680.0,91.5,vial6,42,29.879265969059976
230,id18,680.0,92.5,vial6,42,29.879265969059976
231,id18,680.0,92.0,vial6,42,29.879265969059976
232,id18,680.5,92.0,vial6,42,29.879265969059976
233,id18,680.0,92.5,vial6,42,29.879265969059976
234,id18,679.5,93.5,vial6,42,29.879265969059976
235,id18,679.0,94.0,vial6,42,29.879265969059976
236,id18,678.0,96.0,vial6,42,29.879265969059976
237,id18,677.0,99.0,vial6,42,29.879265969059976
238,id18,677.0,98.5,vial6,42,29.879265969059976
239,id18,678.0,97.5,vial6,42,29.879265969059976
240,id18,678.0,96.5,vial6,42,29.879265969059976
241,id18,675.5,97.0,vial6,42,29.879265969059976
242,id18,675.5,96.0,vial6,42,29.879265969059976
243,id18,675.5,95.5,vial6,42,29.879265969059976
244,id18,675.0,94.5,vial6,42,29.879265969059976
245,id18,676.0,94.0,vial6,42,29.879265969059976
246,id18,676.0,93.0,vial6,42,29.879265969059976
247,id18,676.5,93.0,vial6,42,29.879265969059976
248,id18,677.0,93.0,vial6,42,29.879265969059976
249,id18,677.5,92.0,vial6,42,29.879265969059976
250,id18,678.5,91.0,vial6,42,29.879265969059976
251,id18,679.5,90.0,vial6,42,29.879265969059976
252,id18,681.5,87.5,vial6,42,29.879265969059976
253,id18,683.0,86.5,vial6,42,29.879265969059976
254,id18,684.5,83.5,vial6,42,29.879265969059976
255,id18,685.0,82.5,vial6,42,29.879265969059976
256,id18,685.0,82.5,vial6,42,29.879265969059976
257,id18,685.5,81.5,vial6,42,29.879265969059976
258,id18,686.5,80.5,vial6,42,29.879265969059976
259,id18,687.0,79.0,vial6,42,29.879265969059976
260,id18,688.5,77.5,vial6,42,29.879265969059976
261,id18,690.5,75.0,vial6,42,29.879265969059976
262,id18,692.5,73.0,vial6,42,29.879265969059976
263,id18,695.0,70.5,vial6,42,29.879265969059976
264,id18,698.0,68.5,vial6,42,29.879265969059976
265,id18,701.0,66.0,vial6,42,29.879265969059976
266,id18,704.0,64.0,vial6,42,29.879265969059976
267,id18,706.5,61.5,vial6,42,29.879265969059976
268,id18,709.0,58.5,vial6,42,29.879265969059976
269,id18,712.0,55.5,vial6,42,29.879265969059976
270,id18,714.5,53.5,vial6,42,29.879265969059976
271,id18,717.0,51.5,vial6,42,29.879265969059976
272,id18,719.0,49.5,vial6,42,29.879265969059976
273,id18,721.0,47.5,vial6,42,29.879265969059976
274,id18,722.5,45.5,vial6,42,29.879265969059976
275,id18,722.5,45.0,vial6,42,29.879265969059976
276,id18,722.5,45.5,vial6,42,29.879265969059976
277,id18,722.5,44.0,vial6,42,29.879265969059976
278,id18,723.5,42.5,vial6,42,29.879265969059976
279,id18,723.5,40.5,vial6,42,29.879265969059976
280,id18,723.5,38.5,vial6,42,29.879265969059976
281,id18,723.0,34.5,vial6,42,29.879265969059976
282,id18,722.5,31.5,vial6,42,29.879265969059976
283,id18,722.5,28.5,vial6,42,29.879265969059976
284,id18,722.5,26.5,vial6,42,29.879265969059976
285,id18,722.5,25.0,vial6,42,29.879265969059976
286,id18,722.0,24.0,vial6,42,29.879265969059976
287,id18,722.5,23.5,vial6,42,29.879265969059976
288,id18,722.5,23.5,vial6,42,29.879265969059976
289,id18,722.5,23.5,vial6,42,29.879265969059976
290,id18,722.5,23.5,vial6,42,29.879265969059976
291,id18,722.5,24.5,vial6,42,29.879265969059976
292,id18,722.5,24.5,vial6,42,29.879265969059976
293,id18,722.5,24.5,vial6,42,29.879265969059976
294,id18,722.5,24.5,vial6,42,29.879265969059976
295,id18,722.5,24.5,vial6,42,29.879265969059976
296,id18,722.5,24.5,vial6,42,29.879265969059976
297,id18,722.5,24.5,vial6,42,29.879265969059976
298,id18,722.5,24.5,vial6,42,29.879265969059976
299,id18,722.5,24.5,vial6,42,29.879265969059976
300,id18,722.5,24.5,vial6,42,29.879265969059976
301,id18,722.5,24.5,vial6,42,29.879265969059976
302,id18,722.5,25.0,vial6,42,29.879265969059976
303,id18,722.5,25.0,vial6,42,29.879265969059976
304,id18,722.5,25.0,vial6,42,29.879265969059976
305,id18,722.5,25.0,vial6,42,29.879265969059976
306,id18,722.5,25.0,vial6,42,29.879265969059976
307,id18,722.5,25.0,vial6,42,29.879265969059976
0,id19,190.5,374.5,vial2,11,29.879265969059976
1,id19,192.0,374.5,vial2,11,29.879265969059976
2,id19,192.0,375.0,vial2,11,29.879265969059976
3,id19,191.5,375.5,vial2,11,29.879265969059976
4,id19,191.0,375.0,vial2,11,29.879265969059976
5,id19,190.0,375.5,vial2,11,29.879265969059976
6,id19,190.0,375.5,vial2,11,29.879265969059976
7,id19,188.5,375.5,vial2,11,29.879265969059976
8,id19,187.5,375.0,vial2,11,29.879265969059976
9,id19,186.0,375.0,vial2,11,29.879265969059976
10,id19,185.5,375.0,vial2,11,29.879265969059976
11,id19,184.5,375.5,vial2,11,29.879265969059976
12,id19,184.5,376.0,vial2,11,29.879265969059976
13,id19,183.5,376.0,vial2,11,29.879265969059976
14,id19,182.0,376.0,vial2,11,29.879265969059976
15,id19,180.5,376.0,vial2,11,29.879265969059976
16,id19,177.0,375.5,vial2,11,29.879265969059976
17,id19,177.0,375.0,vial2,11,29.879265969059976
18,id19,177.5,375.0,vial2,11,29.879265969059976
19,id19,177.5,375.0,vial2,11,29.879265969059976
20,id19,177.5,375.5,vial2,11,29.879265969059976
21,id19,170.0,375.5,vial2,11,29.879265969059976
22,id19,171.5,375.5,vial2,11,29.879265969059976
26,id19,183.0,374.5,vial2,11,29.879265969059976
29,id19,188.0,372.0,vial2,11,29.879265969059976
30,id19,196.5,342.0,vial2,11,29.879265969059976
31,id19,181.5,342.0,vial2,11,29.879265969059976
32,id19,186.0,356.5,vial2,11,29.879265969059976
33,id19,187.5,360.0,vial2,11,29.879265969059976
34,id19,188.0,359.0,vial2,11,29.879265969059976
35,id19,188.0,356.0,vial2,11,29.879265969059976
36,id19,189.0,354.0,vial2,11,29.879265969059976
37,id19,190.0,352.5,vial2,11,29.879265969059976
38,id19,190.0,351.5,vial2,11,29.879265969059976
39,id19,189.0,349.5,vial2,11,29.879265969059976
40,id19,188.5,348.5,vial2,11,29.879265969059976
41,id19,187.0,347.0,vial2,11,29.879265969059976
42,id19,186.0,345.5,vial2,11,29.879265969059976
43,id19,185.0,343.5,vial2,11,29.879265969059976
44,id19,185.0,340.5,vial2,11,29.879265969059976
45,id19,185.5,338.5,vial2,11,29.879265969059976
46,id19,186.5,336.5,vial2,11,29.879265969059976
47,id19,187.0,334.5,vial2,11,29.879265969059976
48,id19,188.5,332.5,vial2,11,29.879265969059976
49,id19,189.0,332.0,vial2,11,29.879265969059976
50,id19,190.0,331.5,vial2,11,29.879265969059976
51,id19,191.5,329.0,vial2,11,29.879265969059976
52,id19,193.0,328.0,vial2,11,29.879265969059976
53,id19,195.5,327.5,vial2,11,29.879265969059976
54,id19,197.0,327.0,vial2,11,29.879265969059976
55,id19,198.0,326.5,vial2,11,29.879265969059976
56,id19,199.5,326.0,vial2,11,29.879265969059976
57,id19,200.0,325.5,vial2,11,29.879265969059976
58,id19,201.0,325.5,vial2,11,29.879265969059976
59,id19,201.0,325.5,vial2,11,29.879265969059976
60,id19,201.5,324.5,vial2,11,29.879265969059976
61,id19,201.5,324.5,vial2,11,29.879265969059976
62,id19,197.0,321.0,vial2,11,29.879265969059976
63,id19,198.0,314.5,vial2,11,29.879265969059976
64,id19,198.0,313.5,vial2,11,29.879265969059976
65,id19,198.0,312.5,vial2,11,29.879265969059976
66,id19,198.5,310.0,vial2,11,29.879265969059976
67,id19,198.5,307.5,vial2,11,29.879265969059976
68,id19,197.5,304.5,vial2,11,29.879265969059976
69,id19,196.5,303.5,vial2,11,29.879265969059976
70,id19,196.5,301.5,vial2,11,29.879265969059976
71,id19,196.5,298.5,vial2,11,29.879265969059976
72,id19,197.5,296.0,vial2,11,29.879265969059976
73,id19,197.5,292.5,vial2,11,29.879265969059976
74,id19,199.0,289.5,vial2,11,29.879265969059976
75,id19,199.0,287.0,vial2,11,29.879265969059976
76,id19,200.0,284.5,vial2,11,29.879265969059976
77,id19,200.0,281.5,vial2,11,29.879265969059976
78,id19,201.0,277.5,vial2,11,29.879265969059976
79,id19,201.5,274.5,vial2,11,29.879265969059976
80,id19,201.5,270.5,vial2,11,29.879265969059976
81,id19,202.5,267.5,vial2,11,29.879265969059976
82,id19,203.5,264.5,vial2,11,29.879265969059976
83,id19,204.5,261.5,vial2,11,29.879265969059976
84,id19,204.5,258.5,vial2,11,29.879265969059976
85,id19,205.5,255.5,vial2,11,29.879265969059976
86,id19,206.0,251.5,vial2,11,29.879265969059976
87,id19,207.0,248.5,vial2,11,29.879265969059976
88,id19,207.5,245.5,vial2,11,29.879265969059976
89,id19,208.5,243.0,vial2,11,29.879265969059976
90,id19,209.0,240.5,vial2,11,29.879265969059976
91,id19,210.5,238.5,vial2,11,29.879265969059976
92,id19,211.5,236.0,vial2,11,29.879265969059976
93,id19,211.5,233.5,vial2,11,29.879265969059976
94,id19,212.5,232.0,vial2,11,29.879265969059976
95,id19,212.5,230.5,vial2,11,29.879265969059976
96,id19,212.5,229.0,vial2,11,29.879265969059976
97,id19,212.5,228.0,vial2,11,29.879265969059976
98,id19,212.0,227.5,vial2,11,29.879265969059976
99,id19,211.0,226.5,vial2,11,29.879265969059976
100,id19,209.5,226.0,vial2,11,29.879265969059976
101,id19,208.0,225.5,vial2,11,29.879265969059976
102,id19,206.5,224.0,vial2,11,29.879265969059976
103,id19,204.5,223.0,vial2,11,29.879265969059976
104,id19,203.0,222.0,vial2,11,29.879265969059976
105,id19,201.0,220.0,vial2,11,29.879265969059976
106,id19,199.0,219.0,vial2,11,29.879265969059976
107,id19,196.5,216.5,vial2,11,29.879265969059976
108,id19,194.5,214.0,vial2,11,29.879265969059976
109,id19,192.5,211.0,vial2,11,29.879265969059976
110,id19,190.5,209.0,vial2,11,29.879265969059976
111,id19,188.5,205.5,vial2,11,29.879265969059976
112,id19,186.0,203.5,vial2,11,29.879265969059976
113,id19,184.0,200.5,vial2,11,29.879265969059976
114,id19,182.0,198.0,vial2,11,29.879265969059976
115,id19,180.0,195.0,vial2,11,29.879265969059976
116,id19,178.0,193.0,vial2,11,29.879265969059976
117,id19,175.5,190.0,vial2,11,29.879265969059976
118,id19,173.5,188.0,vial2,11,29.879265969059976
119,id19,171.5,185.0,vial2,11,29.879265969059976
120,id19,170.0,183.0,vial2,11,29.879265969059976
121,id19,167.5,180.0,vial2,11,29.879265969059976
122,id19,165.5,178.5,vial2,11,29.879265969059976
123,id19,164.0,177.0,vial2,11,29.879265969059976
124,id19,162.5,175.0,vial2,11,29.879265969059976
125,id19,161.0,173.5,vial2,11,29.879265969059976
126,id19,159.5,172.0,vial2,11,29.879265969059976
127,id19,157.5,170.5,vial2,11,29.879265969059976
128,id19,156.0,169.0,vial2,11,29.879265969059976
129,id19,154.0,168.0,vial2,11,29.879265969059976
130,id19,152.0,167.5,vial2,11,29.879265969059976
131,id19,150.5,166.5,vial2,11,29.879265969059976
132,id19,148.5,165.5,vial2,11,29.879265969059976
133,id19,147.5,165.0,vial2,11,29.879265969059976
134,id19,146.5,164.0,vial2,11,29.879265969059976
135,id19,145.0,163.0,vial2,11,29.879265969059976
136,id19,144.0,162.0,vial2,11,29.879265969059976
137,id19,143.0,161.0,vial2,11,29.879265969059976
138,id19,142.0,159.5,vial2,11,29.879265969059976
139,id19,142.0,157.5,vial2,11,29.879265969059976
140,id19,141.5,156.0,vial2,11,29.879265969059976
141,id19,141.5,154.5,vial2,11,29.879265969059976
142,id19,142.5,153.5,vial2,11,29.879265969059976
143,id19,142.5,151.5,vial2,11,29.879265969059976
144,id19,143.0,150.0,vial2,11,29.879265969059976
145,id19,143.5,147.5,vial2,11,29.879265969059976
146,id19,143.5,144.5,vial2,11,29.879265969059976
147,id19,143.5,141.5,vial2,11,29.879265969059976
148,id19,144.0,138.5,vial2,11,29.879265969059976
149,id19,143.5,135.5,vial2,11,29.879265969059976
150,id19,144.5,132.5,vial2,11,29.879265969059976
151,id19,144.5,129.5,vial2,11,29.879265969059976
152,id19,145.5,126.5,vial2,11,29.879265969059976
153,id19,145.5,123.5,vial2,11,29.879265969059976
154,id19,145.5,120.5,vial2,11,29.879265969059976
155,id19,146.5,118.5,vial2,11,29.879265969059976
156,id19,146.5,115.5,vial2,11,29.879265969059976
157,id19,147.5,112.5,vial2,11,29.879265969059976
158,id19,147.5,109.0,vial2,11,29.879265969059976
159,id19,147.5,106.5,vial2,11,29.879265969059976
160,id19,147.5,103.5,vial2,11,29.879265969059976
161,id19,147.5,100.5,vial2,11,29.879265969059976
162,id19,147.5,98.0,vial2,11,29.879265969059976
163,id19,147.5,95.5,vial2,11,29.879265969059976
164,id19,147.5,93.5,vial2,11,29.879265969059976
165,id19,147.5,90.5,vial2,11,29.879265969059976
166,id19,146.5,88.0,vial2,11,29.879265969059976
167,id19,146.5,85.0,vial2,11,29.879265969059976
168,id19,145.5,83.0,vial2,11,29.879265969059976
169,id19,145.0,80.5,vial2,11,29.879265969059976
170,id19,144.5,78.0,vial2,11,29.879265969059976
171,id19,144.5,78.0,vial2,11,29.879265969059976
172,id19,144.5,78.0,vial2,11,29.879265969059976
173,id19,144.5,78.0,vial2,11,29.879265969059976
174,id19,144.5,78.0,vial2,11,29.879265969059976
175,id19,144.5,77.5,vial2,11,29.879265969059976
176,id19,143.5,76.5,vial2,11,29.879265969059976
177,id19,143.5,76.0,vial2,11,29.879265969059976
178,id19,142.5,75.5,vial2,11,29.879265969059976
179,id19,142.5,75.5,vial2,11,29.879265969059976
180,id19,142.5,75.5,vial2,11,29.879265969059976
181,id19,142.5,75.0,vial2,11,29.879265969059976
182,id19,143.5,74.0,vial2,11,29.879265969059976
183,id19,144.0,73.0,vial2,11,29.879265969059976
184,id19,144.5,71.5,vial2,11,29.879265969059976
185,id19,145.5,69.5,vial2,11,29.879265969059976
186,id19,147.0,67.0,vial2,11,29.879265969059976
187,id19,147.0,64.0,vial2,11,29.879265969059976
188,id19,148.0,61.5,vial2,11,29.879265969059976
189,id19,149.5,59.0,vial2,11,29.879265969059976
190,id19,150.0,56.5,vial2,11,29.879265969059976
191,id19,151.0,54.0,vial2,11,29.879265969059976
192,id19,152.0,52.0,vial2,11,29.879265969059976
193,id19,153.0,49.5,vial2,11,29.879265969059976
194,id19,154.0,47.0,vial2,11,29.879265969059976
195,id19,155.5,44.5,vial2,11,29.879265969059976
196,id19,157.5,42.5,vial2,11,29.879265969059976
197,id19,160.0,40.5,vial2,11,29.879265969059976
198,id19,163.0,38.5,vial2,11,29.879265969059976
199,id19,166.0,36.0,vial2,11,29.879265969059976
200,id19,168.5,34.5,vial2,11,29.879265969059976
201,id19,171.5,34.5,vial2,11,29.879265969059976
202,id19,174.5,33.5,vial2,11,29.879265969059976
203,id19,176.5,33.5,vial2,11,29.879265969059976
204,id19,178.0,32.5,vial2,11,29.879265969059976
205,id19,179.0,32.5,vial2,11,29.879265969059976
206,id19,179.5,32.0,vial2,11,29.879265969059976
207,id19,179.5,31.5,vial2,11,29.879265969059976
208,id19,205.0,35.0,vial2,11,29.879265969059976
209,id19,208.5,45.0,vial2,11,29.879265969059976
210,id19,215.0,57.5,vial2,11,29.879265969059976
211,id19,198.5,75.5,vial2,11,29.879265969059976
212,id19,189.0,91.0,vial2,11,29.879265969059976
213,id19,188.0,92.5,vial2,11,29.879265969059976
214,id19,188.5,92.5,vial2,11,29.879265969059976
215,id19,188.5,91.5,vial2,11,29.879265969059976
216,id19,188.5,90.5,vial2,11,29.879265969059976
217,id19,188.5,88.0,vial2,11,29.879265969059976
218,id19,188.5,85.5,vial2,11,29.879265969059976
219,id19,188.5,83.0,vial2,11,29.879265969059976
220,id19,188.0,80.0,vial2,11,29.879265969059976
221,id19,188.5,77.5,vial2,11,29.879265969059976
222,id19,187.5,74.5,vial2,11,29.879265969059976
223,id19,188.0,72.0,vial2,11,29.879265969059976
224,id19,187.5,69.0,vial2,11,29.879265969059976
225,id19,187.5,66.5,vial2,11,29.879265969059976
226,id19,186.5,64.5,vial2,11,29.879265969059976
227,id19,185.5,61.5,vial2,11,29.879265969059976
228,id19,186.5,58.0,vial2,11,29.879265969059976
229,id19,185.5,54.5,vial2,11,29.879265969059976
230,id19,186.5,51.5,vial2,11,29.879265969059976
231,id19,186.5,48.0,vial2,11,29.879265969059976
232,id19,187.5,44.5,vial2,11,29.879265969059976
233,id19,187.0,40.5,vial2,11,29.879265969059976
234,id19,188.0,37.5,vial2,11,29.879265969059976
235,id19,189.0,33.5,vial2,11,29.879265969059976
236,id19,191.0,31.0,vial2,11,29.879265969059976
237,id19,192.0,27.5,vial2,11,29.879265969059976
238,id19,193.0,25.5,vial2,11,29.879265969059976
239,id19,194.5,22.5,vial2,11,29.879265969059976
240,id19,196.0,19.5,vial2,11,29.879265969059976
241,id19,197.0,17.5,vial2,11,29.879265969059976
242,id19,198.5,15.0,vial2,11,29.879265969059976
243,id19,199.5,12.5,vial2,11,29.879265969059976
244,id19,198.5,7.5,vial2,11,29.879265969059976
245,id19,197.5,5.5,vial2,11,29.879265969059976
246,id19,197.0,5.0,vial2,11,29.879265969059976
0,id2,298.5,302.5,vial3,13,29.879265969059976
1,id2,295.5,302.5,vial3,13,29.879265969059976
2,id2,292.0,302.0,vial3,13,29.879265969059976
3,id2,290.0,301.5,vial3,13,29.879265969059976
4,id2,287.5,301.0,vial3,13,29.879265969059976
5,id2,285.0,301.0,vial3,13,29.879265969059976
6,id2,283.5,301.0,vial3,13,29.879265969059976
7,id2,281.5,302.0,vial3,13,29.879265969059976
8,id2,280.0,302.5,vial3,13,29.879265969059976
9,id2,279.0,302.5,vial3,13,29.879265969059976
10,id2,277.5,303.0,vial3,13,29.879265969059976
11,id2,276.0,303.5,vial3,13,29.879265969059976
12,id2,275.5,303.5,vial3,13,29.879265969059976
13,id2,275.0,303.5,vial3,13,29.879265969059976
14,id2,274.5,303.5,vial3,13,29.879265969059976
15,id2,274.5,304.5,vial3,13,29.879265969059976
16,id2,274.5,304.5,vial3,13,29.879265969059976
17,id2,275.0,305.0,vial3,13,29.879265969059976
18,id2,276.0,305.5,vial3,13,29.879265969059976
19,id2,276.5,306.5,vial3,13,29.879265969059976
20,id2,278.0,308.0,vial3,13,29.879265969059976
21,id2,280.0,310.5,vial3,13,29.879265969059976
22,id2,281.5,312.5,vial3,13,29.879265969059976
23,id2,283.5,314.0,vial3,13,29.879265969059976
24,id2,285.5,315.5,vial3,13,29.879265969059976
25,id2,287.5,317.5,vial3,13,29.879265969059976
26,id2,290.0,319.0,vial3,13,29.879265969059976
27,id2,292.0,320.0,vial3,13,29.879265969059976
28,id2,294.5,322.0,vial3,13,29.879265969059976
29,id2,297.0,323.0,vial3,13,29.879265969059976
30,id2,298.5,324.0,vial3,13,29.879265969059976
31,id2,300.5,325.0,vial3,13,29.879265969059976
32,id2,301.5,326.0,vial3,13,29.879265969059976
33,id2,302.0,326.0,vial3,13,29.879265969059976
34,id2,302.0,326.0,vial3,13,29.879265969059976
35,id2,302.0,326.0,vial3,13,29.879265969059976
36,id2,301.5,326.5,vial3,13,29.879265969059976
37,id2,301.0,326.5,vial3,13,29.879265969059976
38,id2,301.0,326.5,vial3,13,29.879265969059976
39,id2,307.5,320.0,vial3,13,29.879265969059976
40,id2,319.5,302.0,vial3,13,29.879265969059976
41,id2,317.5,282.5,vial3,13,29.879265969059976
42,id2,328.0,252.0,vial3,13,29.879265969059976
43,id2,342.0,227.5,vial3,13,29.879265969059976
44,id2,332.0,248.5,vial3,13,29.879265969059976
45,id2,342.0,278.0,vial3,13,29.879265969059976
46,id2,334.5,289.5,vial3,13,29.879265969059976
47,id2,336.0,293.5,vial3,13,29.879265969059976
48,id2,336.0,294.5,vial3,13,29.879265969059976
49,id2,337.0,293.5,vial3,13,29.879265969059976
50,id2,338.0,292.5,vial3,13,29.879265969059976
51,id2,338.5,291.5,vial3,13,29.879265969059976
52,id2,339.0,290.0,vial3,13,29.879265969059976
53,id2,340.0,289.0,vial3,13,29.879265969059976
54,id2,341.0,287.5,vial3,13,29.879265969059976
55,id2,342.0,286.0,vial3,13,29.879265969059976
56,id2,343.0,286.0,vial3,13,29.879265969059976
57,id2,344.0,285.5,vial3,13,29.879265969059976
58,id2,344.5,285.5,vial3,13,29.879265969059976
59,id2,345.0,286.5,vial3,13,29.879265969059976
60,id2,346.0,286.5,vial3,13,29.879265969059976
61,id2,346.5,286.5,vial3,13,29.879265969059976
62,id2,346.5,286.5,vial3,13,29.879265969059976
63,id2,346.5,286.5,vial3,13,29.879265969059976
64,id2,347.0,286.5,vial3,13,29.879265969059976
65,id2,346.5,285.5,vial3,13,29.879265969059976
66,id2,347.0,285.5,vial3,13,29.879265969059976
67,id2,347.0,285.0,vial3,13,29.879265969059976
68,id2,346.5,284.0,vial3,13,29.879265969059976
69,id2,346.0,282.5,vial3,13,29.879265969059976
70,id2,345.5,281.0,vial3,13,29.879265969059976
71,id2,344.5,280.0,vial3,13,29.879265969059976
72,id2,343.5,278.0,vial3,13,29.879265969059976
73,id2,342.5,276.5,vial3,13,29.879265969059976
74,id2,341.0,275.0,vial3,13,29.879265969059976
75,id2,339.5,274.0,vial3,13,29.879265969059976
76,id2,337.5,272.5,vial3,13,29.879265969059976
77,id2,336.0,271.0,vial3,13,29.879265969059976
78,id2,334.5,269.5,vial3,13,29.879265969059976
79,id2,332.5,268.5,vial3,13,29.879265969059976
80,id2,331.0,266.5,vial3,13,29.879265969059976
81,id2,329.5,267.5,vial3,13,29.879265969059976
82,id2,328.0,265.5,vial3,13,29.879265969059976
83,id2,324.0,264.0,vial3,13,29.879265969059976
84,id2,322.0,263.5,vial3,13,29.879265969059976
85,id2,320.0,263.0,vial3,13,29.879265969059976
86,id2,317.0,263.0,vial3,13,29.879265969059976
87,id2,315.0,262.5,vial3,13,29.879265969059976
88,id2,312.5,261.5,vial3,13,29.879265969059976
89,id2,309.5,260.5,vial3,13,29.879265969059976
90,id2,308.0,259.5,vial3,13,29.879265969059976
91,id2,305.0,258.5,vial3,13,29.879265969059976
92,id2,303.5,257.5,vial3,13,29.879265969059976
93,id2,300.5,256.5,vial3,13,29.879265969059976
94,id2,298.5,254.5,vial3,13,29.879265969059976
95,id2,296.5,253.5,vial3,13,29.879265969059976
96,id2,294.0,252.0,vial3,13,29.879265969059976
97,id2,292.5,250.5,vial3,13,29.879265969059976
98,id2,290.5,248.5,vial3,13,29.879265969059976
99,id2,289.5,246.5,vial3,13,29.879265969059976
100,id2,287.5,244.0,vial3,13,29.879265969059976
101,id2,286.0,241.5,vial3,13,29.879265969059976
102,id2,285.0,239.0,vial3,13,29.879265969059976
103,id2,283.0,237.0,vial3,13,29.879265969059976
104,id2,283.0,235.0,vial3,13,29.879265969059976
105,id2,281.0,232.0,vial3,13,29.879265969059976
106,id2,280.0,230.0,vial3,13,29.879265969059976
107,id2,279.0,228.0,vial3,13,29.879265969059976
108,id2,278.0,226.0,vial3,13,29.879265969059976
109,id2,277.0,223.0,vial3,13,29.879265969059976
110,id2,276.5,221.0,vial3,13,29.879265969059976
111,id2,276.0,218.5,vial3,13,29.879265969059976
112,id2,275.5,216.5,vial3,13,29.879265969059976
113,id2,274.5,214.5,vial3,13,29.879265969059976
114,id2,274.5,212.5,vial3,13,29.879265969059976
115,id2,274.5,210.5,vial3,13,29.879265969059976
116,id2,274.5,208.5,vial3,13,29.879265969059976
117,id2,275.0,207.5,vial3,13,29.879265969059976
118,id2,275.5,205.5,vial3,13,29.879265969059976
119,id2,275.5,203.5,vial3,13,29.879265969059976
120,id2,275.5,202.5,vial3,13,29.879265969059976
121,id2,276.5,201.0,vial3,13,29.879265969059976
122,id2,277.0,199.5,vial3,13,29.879265969059976
123,id2,278.0,199.0,vial3,13,29.879265969059976
124,id2,279.0,198.0,vial3,13,29.879265969059976
125,id2,279.0,197.0,vial3,13,29.879265969059976
126,id2,280.0,195.0,vial3,13,29.879265969059976
127,id2,279.5,193.0,vial3,13,29.879265969059976
128,id2,279.5,190.5,vial3,13,29.879265969059976
129,id2,280.5,187.5,vial3,13,29.879265969059976
130,id2,280.0,184.5,vial3,13,29.879265969059976
131,id2,280.0,181.5,vial3,13,29.879265969059976
132,id2,280.0,178.5,vial3,13,29.879265969059976
133,id2,279.5,175.5,vial3,13,29.879265969059976
134,id2,279.5,172.5,vial3,13,29.879265969059976
135,id2,278.5,170.0,vial3,13,29.879265969059976
136,id2,278.5,167.0,vial3,13,29.879265969059976
137,id2,277.5,164.0,vial3,13,29.879265969059976
138,id2,277.5,160.0,vial3,13,29.879265969059976
139,id2,277.5,157.0,vial3,13,29.879265969059976
140,id2,276.5,153.0,vial3,13,29.879265969059976
141,id2,276.5,150.0,vial3,13,29.879265969059976
142,id2,276.5,147.0,vial3,13,29.879265969059976
143,id2,276.5,143.0,vial3,13,29.879265969059976
144,id2,276.0,141.0,vial3,13,29.879265969059976
145,id2,275.5,138.0,vial3,13,29.879265969059976
146,id2,275.5,135.0,vial3,13,29.879265969059976
147,id2,275.5,132.0,vial3,13,29.879265969059976
148,id2,275.5,129.0,vial3,13,29.879265969059976
149,id2,275.5,126.5,vial3,13,29.879265969059976
150,id2,275.0,123.0,vial3,13,29.879265969059976
151,id2,275.0,121.5,vial3,13,29.879265969059976
152,id2,275.0,118.5,vial3,13,29.879265969059976
153,id2,275.0,116.0,vial3,13,29.879265969059976
154,id2,275.5,113.5,vial3,13,29.879265969059976
155,id2,276.0,111.5,vial3,13,29.879265969059976
156,id2,276.0,110.5,vial3,13,29.879265969059976
157,id2,277.0,110.0,vial3,13,29.879265969059976
158,id2,278.0,109.0,vial3,13,29.879265969059976
159,id2,279.5,108.0,vial3,13,29.879265969059976
160,id2,281.0,108.0,vial3,13,29.879265969059976
161,id2,283.0,107.0,vial3,13,29.879265969059976
162,id2,284.5,106.0,vial3,13,29.879265969059976
163,id2,285.0,105.0,vial3,13,29.879265969059976
164,id2,285.5,104.5,vial3,13,29.879265969059976
165,id2,286.0,102.5,vial3,13,29.879265969059976
166,id2,285.0,100.5,vial3,13,29.879265969059976
167,id2,286.0,98.5,vial3,13,29.879265969059976
168,id2,286.0,96.0,vial3,13,29.879265969059976
169,id2,286.5,93.0,vial3,13,29.879265969059976
170,id2,286.5,90.5,vial3,13,29.879265969059976
171,id2,287.0,88.5,vial3,13,29.879265969059976
172,id2,287.0,86.5,vial3,13,29.879265969059976
173,id2,287.5,85.5,vial3,13,29.879265969059976
174,id2,287.5,85.0,vial3,13,29.879265969059976
175,id2,288.5,83.5,vial3,13,29.879265969059976
176,id2,288.0,83.5,vial3,13,29.879265969059976
177,id2,288.5,83.5,vial3,13,29.879265969059976
178,id2,290.5,78.5,vial3,13,29.879265969059976
179,id2,306.5,45.5,vial3,13,29.879265969059976
180,id2,306.0,8.5,vial3,13,29.879265969059976
0,id20,345.5,317.0,vial3,20,29.879265969059976
1,id20,345.0,313.0,vial3,20,29.879265969059976
2,id20,344.5,311.0,vial3,20,29.879265969059976
3,id20,344.5,307.0,vial3,20,29.879265969059976
4,id20,344.0,304.0,vial3,20,29.879265969059976
5,id20,343.5,300.5,vial3,20,29.879265969059976
6,id20,342.0,299.5,vial3,20,29.879265969059976
7,id20,341.0,296.0,vial3,20,29.879265969059976
8,id20,339.5,294.0,vial3,20,29.879265969059976
9,id20,338.0,291.5,vial3,20,29.879265969059976
10,id20,338.0,290.0,vial3,20,29.879265969059976
11,id20,337.5,286.5,vial3,20,29.879265969059976
12,id20,337.5,283.0,vial3,20,29.879265969059976
13,id20,337.5,279.0,vial3,20,29.879265969059976
14,id20,337.0,275.5,vial3,20,29.879265969059976
15,id20,337.5,271.5,vial3,20,29.879265969059976
16,id20,337.5,268.5,vial3,20,29.879265969059976
17,id20,338.0,264.0,vial3,20,29.879265969059976
18,id20,337.5,260.5,vial3,20,29.879265969059976
19,id20,338.0,257.0,vial3,20,29.879265969059976
20,id20,337.5,253.0,vial3,20,29.879265969059976
21,id20,338.5,249.5,vial3,20,29.879265969059976
22,id20,338.5,246.5,vial3,20,29.879265969059976
23,id20,338.5,243.5,vial3,20,29.879265969059976
24,id20,339.5,240.0,vial3,20,29.879265969059976
25,id20,340.0,237.0,vial3,20,29.879265969059976
26,id20,340.5,234.0,vial3,20,29.879265969059976
27,id20,341.5,231.5,vial3,20,29.879265969059976
28,id20,341.5,228.0,vial3,20,29.879265969059976
29,id20,342.5,225.0,vial3,20,29.879265969059976
30,id20,342.5,221.5,vial3,20,29.879265969059976
31,id20,342.5,219.0,vial3,20,29.879265969059976
32,id20,343.5,215.5,vial3,20,29.879265969059976
33,id20,343.5,212.5,vial3,20,29.879265969059976
34,id20,344.5,209.0,vial3,20,29.879265969059976
35,id20,344.0,205.5,vial3,20,29.879265969059976
36,id20,344.5,202.5,vial3,20,29.879265969059976
37,id20,344.5,198.5,vial3,20,29.879265969059976
38,id20,344.5,195.5,vial3,20,29.879265969059976
39,id20,344.5,192.5,vial3,20,29.879265969059976
40,id20,344.5,189.0,vial3,20,29.879265969059976
41,id20,344.5,185.5,vial3,20,29.879265969059976
42,id20,344.5,182.5,vial3,20,29.879265969059976
43,id20,344.5,178.5,vial3,20,29.879265969059976
44,id20,344.5,175.5,vial3,20,29.879265969059976
45,id20,344.5,171.5,vial3,20,29.879265969059976
46,id20,343.5,169.0,vial3,20,29.879265969059976
47,id20,344.5,166.0,vial3,20,29.879265969059976
48,id20,344.5,163.0,vial3,20,29.879265969059976
49,id20,345.0,160.5,vial3,20,29.879265969059976
50,id20,345.0,157.0,vial3,20,29.879265969059976
51,id20,345.5,154.5,vial3,20,29.879265969059976
52,id20,345.5,151.0,vial3,20,29.879265969059976
53,id20,345.5,148.0,vial3,20,29.879265969059976
54,id20,346.5,144.0,vial3,20,29.879265969059976
55,id20,346.0,141.0,vial3,20,29.879265969059976
56,id20,346.5,137.0,vial3,20,29.879265969059976
57,id20,346.5,134.0,vial3,20,29.879265969059976
58,id20,347.0,131.0,vial3,20,29.879265969059976
59,id20,346.5,128.0,vial3,20,29.879265969059976
60,id20,347.5,124.0,vial3,20,29.879265969059976
61,id20,346.5,121.5,vial3,20,29.879265969059976
62,id20,347.0,119.0,vial3,20,29.879265969059976
63,id20,347.0,116.0,vial3,20,29.879265969059976
64,id20,346.5,114.0,vial3,20,29.879265969059976
65,id20,346.5,111.0,vial3,20,29.879265969059976
66,id20,346.5,108.5,vial3,20,29.879265969059976
67,id20,347.5,105.0,vial3,20,29.879265969059976
68,id20,346.5,102.0,vial3,20,29.879265969059976
69,id20,346.5,99.0,vial3,20,29.879265969059976
70,id20,346.5,96.0,vial3,20,29.879265969059976
71,id20,346.5,94.0,vial3,20,29.879265969059976
72,id20,346.5,90.5,vial3,20,29.879265969059976
73,id20,346.5,87.5,vial3,20,29.879265969059976
74,id20,346.5,84.5,vial3,20,29.879265969059976
75,id20,346.5,82.0,vial3,20,29.879265969059976
76,id20,346.5,78.0,vial3,20,29.879265969059976
77,id20,346.5,75.0,vial3,20,29.879265969059976
78,id20,345.5,73.5,vial3,20,29.879265969059976
79,id20,344.5,70.5,vial3,20,29.879265969059976
80,id20,343.5,68.5,vial3,20,29.879265969059976
81,id20,343.0,65.5,vial3,20,29.879265969059976
82,id20,342.0,63.0,vial3,20,29.879265969059976
83,id20,341.0,60.0,vial3,20,29.879265969059976
84,id20,340.0,58.0,vial3,20,29.879265969059976
85,id20,339.0,55.5,vial3,20,29.879265969059976
86,id20,338.0,52.5,vial3,20,29.879265969059976
87,id20,337.0,50.5,vial3,20,29.879265969059976
88,id20,336.0,47.5,vial3,20,29.879265969059976
89,id20,335.0,45.0,vial3,20,29.879265969059976
90,id20,333.0,42.0,vial3,20,29.879265969059976
91,id20,332.0,40.0,vial3,20,29.879265969059976
92,id20,331.0,37.0,vial3,20,29.879265969059976
93,id20,330.0,34.5,vial3,20,29.879265969059976
94,id20,328.0,32.0,vial3,20,29.879265969059976
95,id20,326.5,29.5,vial3,20,29.879265969059976
96,id20,325.0,27.5,vial3,20,29.879265969059976
97,id20,323.0,25.0,vial3,20,29.879265969059976
98,id20,322.0,22.5,vial3,20,29.879265969059976
99,id20,320.5,20.5,vial3,20,29.879265969059976
100,id20,320.0,17.5,vial3,20,29.879265969059976
101,id20,319.0,15.5,vial3,20,29.879265969059976
102,id20,318.5,13.0,vial3,20,29.879265969059976
103,id20,318.5,11.0,vial3,20,29.879265969059976
104,id20,319.5,7.5,vial3,20,29.879265969059976
105,id20,321.0,6.0,vial3,20,29.879265969059976
106,id20,322.0,4.5,vial3,20,29.879265969059976
107,id20,322.0,4.0,vial3,20,29.879265969059976
180,id20,305.0,13.0,vial3,20,29.879265969059976
194,id20,297.0,4.5,vial3,20,29.879265969059976
231,id20,288.0,3.0,vial3,20,29.879265969059976
232,id20,289.0,7.0,vial3,20,29.879265969059976
233,id20,287.0,5.5,vial3,20,29.879265969059976
234,id20,287.0,4.5,vial3,20,29.879265969059976
260,id20,304.5,4.5,vial3,20,29.879265969059976
261,id20,305.5,6.0,vial3,20,29.879265969059976
262,id20,306.0,7.0,vial3,20,29.879265969059976
263,id20,307.0,8.5,vial3,20,29.879265969059976
264,id20,308.0,10.0,vial3,20,29.879265969059976
265,id20,310.5,11.0,vial3,20,29.879265969059976
266,id20,312.5,11.5,vial3,20,29.879265969059976
267,id20,315.5,13.5,vial3,20,29.879265969059976
268,id20,318.5,14.0,vial3,20,29.879265969059976
269,id20,321.5,14.5,vial3,20,29.879265969059976
270,id20,324.0,15.5,vial3,20,29.879265969059976
271,id20,326.5,14.5,vial3,20,29.879265969059976
272,id20,327.5,13.5,vial3,20,29.879265969059976
273,id20,328.5,11.0,vial3,20,29.879265969059976
274,id20,329.5,9.0,vial3,20,29.879265969059976
275,id20,330.0,6.5,vial3,20,29.879265969059976
276,id20,331.0,5.5,vial3,20,29.879265969059976
0,id21,610.5,377.0,vial5,33,29.879265969059976
1,id21,610.5,377.0,vial5,33,29.879265969059976
2,id21,610.5,377.5,vial5,33,29.879265969059976
3,id21,610.5,377.5,vial5,33,29.879265969059976
4,id21,610.5,377.5,vial5,33,29.879265969059976
5,id21,610.5,377.5,vial5,33,29.879265969059976
6,id21,610.5,377.5,vial5,33,29.879265969059976
7,id21,610.5,377.5,vial5,33,29.879265969059976
8,id21,610.5,377.5,vial5,33,29.879265969059976
9,id21,610.5,377.5,vial5,33,29.879265969059976
10,id21,610.5,377.5,vial5,33,29.879265969059976
11,id21,610.5,377.5,vial5,33,29.879265969059976
12,id21,611.0,377.5,vial5,33,29.879265969059976
13,id21,611.0,377.5,vial5,33,29.879265969059976
14,id21,611.0,378.0,vial5,33,29.879265969059976
15,id21,611.0,377.5,vial5,33,29.879265969059976
16,id21,610.0,377.0,vial5,33,29.879265969059976
17,id21,609.5,376.0,vial5,33,29.879265969059976
18,id21,609.5,376.0,vial5,33,29.879265969059976
19,id21,610.0,375.5,vial5,33,29.879265969059976
20,id21,610.0,372.0,vial5,33,29.879265969059976
21,id21,610.5,369.0,vial5,33,29.879265969059976
22,id21,609.5,365.5,vial5,33,29.879265969059976
23,id21,609.5,362.5,vial5,33,29.879265969059976
24,id21,609.5,361.5,vial5,33,29.879265969059976
25,id21,609.5,361.0,vial5,33,29.879265969059976
26,id21,609.5,361.0,vial5,33,29.879265969059976
27,id21,609.5,360.0,vial5,33,29.879265969059976
28,id21,609.5,358.5,vial5,33,29.879265969059976
29,id21,609.0,356.5,vial5,33,29.879265969059976
30,id21,609.0,354.5,vial5,33,29.879265969059976
31,id21,608.5,351.5,vial5,33,29.879265969059976
32,id21,608.5,348.0,vial5,33,29.879265969059976
33,id21,609.0,344.5,vial5,33,29.879265969059976
34,id21,608.5,342.0,vial5,33,29.879265969059976
35,id21,609.0,339.5,vial5,33,29.879265969059976
36,id21,609.5,336.5,vial5,33,29.879265969059976
37,id21,609.0,334.5,vial5,33,29.879265969059976
38,id21,609.5,333.5,vial5,33,29.879265969059976
39,id21,609.5,332.0,vial5,33,29.879265969059976
40,id21,609.5,331.5,vial5,33,29.879265969059976
41,id21,609.5,330.0,vial5,33,29.879265969059976
42,id21,609.5,329.0,vial5,33,29.879265969059976
43,id21,609.5,327.5,vial5,33,29.879265969059976
44,id21,609.5,327.0,vial5,33,29.879265969059976
45,id21,609.5,326.5,vial5,33,29.879265969059976
46,id21,609.5,325.5,vial5,33,29.879265969059976
47,id21,609.5,325.5,vial5,33,29.879265969059976
48,id21,609.5,325.5,vial5,33,29.879265969059976
49,id21,601.5,316.5,vial5,33,29.879265969059976
50,id21,566.0,283.0,vial5,33,29.879265969059976
51,id21,559.0,262.5,vial5,33,29.879265969059976
52,id21,559.5,262.5,vial5,33,29.879265969059976
53,id21,559.5,261.5,vial5,33,29.879265969059976
54,id21,560.5,259.5,vial5,33,29.879265969059976
55,id21,562.0,258.0,vial5,33,29.879265969059976
56,id21,563.0,255.0,vial5,33,29.879265969059976
57,id21,563.5,252.5,vial5,33,29.879265969059976
58,id21,564.5,249.5,vial5,33,29.879265969059976
59,id21,564.5,246.5,vial5,33,29.879265969059976
60,id21,563.5,243.0,vial5,33,29.879265969059976
61,id21,562.5,240.0,vial5,33,29.879265969059976
62,id21,561.5,237.0,vial5,33,29.879265969059976
63,id21,560.0,235.0,vial5,33,29.879265969059976
64,id21,559.0,232.0,vial5,33,29.879265969059976
65,id21,558.5,230.0,vial5,33,29.879265969059976
66,id21,557.5,228.0,vial5,33,29.879265969059976
67,id21,557.0,225.5,vial5,33,29.879265969059976
68,id21,556.0,223.0,vial5,33,29.879265969059976
69,id21,555.0,221.0,vial5,33,29.879265969059976
70,id21,554.0,218.5,vial5,33,29.879265969059976
71,id21,553.0,217.0,vial5,33,29.879265969059976
72,id21,552.0,215.0,vial5,33,29.879265969059976
73,id21,551.0,213.0,vial5,33,29.879265969059976
74,id21,549.5,211.0,vial5,33,29.879265969059976
75,id21,548.0,209.5,vial5,33,29.879265969059976
76,id21,547.0,207.0,vial5,33,29.879265969059976
77,id21,546.0,206.0,vial5,33,29.879265969059976
78,id21,545.0,205.0,vial5,33,29.879265969059976
79,id21,544.0,204.5,vial5,33,29.879265969059976
80,id21,543.5,203.5,vial5,33,29.879265969059976
81,id21,543.0,202.5,vial5,33,29.879265969059976
82,id21,542.0,202.5,vial5,33,29.879265969059976
83,id21,542.0,201.5,vial5,33,29.879265969059976
84,id21,542.0,201.5,vial5,33,29.879265969059976
85,id21,542.0,200.5,vial5,33,29.879265969059976
86,id21,542.0,200.5,vial5,33,29.879265969059976
87,id21,542.5,200.5,vial5,33,29.879265969059976
88,id21,542.5,200.5,vial5,33,29.879265969059976
89,id21,542.5,200.5,vial5,33,29.879265969059976
90,id21,542.5,200.0,vial5,33,29.879265969059976
91,id21,542.5,198.0,vial5,33,29.879265969059976
92,id21,542.5,196.5,vial5,33,29.879265969059976
93,id21,543.0,194.0,vial5,33,29.879265969059976
94,id21,543.5,192.0,vial5,33,29.879265969059976
95,id21,543.5,190.0,vial5,33,29.879265969059976
96,id21,543.5,188.0,vial5,33,29.879265969059976
97,id21,543.5,185.5,vial5,33,29.879265969059976
98,id21,544.5,183.0,vial5,33,29.879265969059976
99,id21,545.0,181.0,vial5,33,29.879265969059976
100,id21,546.0,179.0,vial5,33,29.879265969059976
101,id21,546.0,177.0,vial5,33,29.879265969059976
102,id21,547.0,174.0,vial5,33,29.879265969059976
103,id21,548.0,172.0,vial5,33,29.879265969059976
104,id21,548.5,169.0,vial5,33,29.879265969059976
105,id21,549.5,167.0,vial5,33,29.879265969059976
106,id21,550.0,164.0,vial5,33,29.879265969059976
107,id21,551.0,162.0,vial5,33,29.879265969059976
108,id21,551.5,161.0,vial5,33,29.879265969059976
109,id21,551.5,160.0,vial5,33,29.879265969059976
110,id21,553.0,158.5,vial5,33,29.879265969059976
111,id21,553.5,156.5,vial5,33,29.879265969059976
112,id21,555.0,155.0,vial5,33,29.879265969059976
113,id21,556.5,152.5,vial5,33,29.879265969059976
114,id21,557.5,151.0,vial5,33,29.879265969059976
115,id21,558.5,149.5,vial5,33,29.879265969059976
116,id21,559.5,148.5,vial5,33,29.879265969059976
117,id21,560.5,147.5,vial5,33,29.879265969059976
118,id21,561.5,145.5,vial5,33,29.879265969059976
119,id21,562.5,144.5,vial5,33,29.879265969059976
120,id21,563.0,144.0,vial5,33,29.879265969059976
121,id21,563.5,143.5,vial5,33,29.879265969059976
122,id21,563.5,143.5,vial5,33,29.879265969059976
123,id21,563.5,143.0,vial5,33,29.879265969059976
124,id21,563.5,142.5,vial5,33,29.879265969059976
125,id21,563.5,142.5,vial5,33,29.879265969059976
126,id21,563.5,142.0,vial5,33,29.879265969059976
127,id21,563.5,141.0,vial5,33,29.879265969059976
128,id21,563.5,141.0,vial5,33,29.879265969059976
129,id21,563.5,141.0,vial5,33,29.879265969059976
130,id21,563.5,140.0,vial5,33,29.879265969059976
131,id21,578.0,122.0,vial5,33,29.879265969059976
132,id21,605.5,95.5,vial5,33,29.879265969059976
133,id21,612.0,91.0,vial5,33,29.879265969059976
134,id21,612.0,91.0,vial5,33,29.879265969059976
135,id21,612.0,90.0,vial5,33,29.879265969059976
136,id21,612.5,88.5,vial5,33,29.879265969059976
137,id21,612.5,86.5,vial5,33,29.879265969059976
138,id21,612.5,85.0,vial5,33,29.879265969059976
139,id21,612.5,84.0,vial5,33,29.879265969059976
140,id21,612.5,81.5,vial5,33,29.879265969059976
141,id21,613.5,79.5,vial5,33,29.879265969059976
142,id21,613.5,77.0,vial5,33,29.879265969059976
143,id21,613.5,75.5,vial5,33,29.879265969059976
144,id21,613.5,74.0,vial5,33,29.879265969059976
145,id21,614.0,72.5,vial5,33,29.879265969059976
146,id21,613.5,71.5,vial5,33,29.879265969059976
147,id21,613.5,70.5,vial5,33,29.879265969059976
148,id21,613.5,69.5,vial5,33,29.879265969059976
149,id21,613.0,69.0,vial5,33,29.879265969059976
150,id21,612.0,68.0,vial5,33,29.879265969059976
151,id21,612.0,67.0,vial5,33,29.879265969059976
152,id21,611.0,65.5,vial5,33,29.879265969059976
153,id21,610.5,64.5,vial5,33,29.879265969059976
154,id21,609.5,63.5,vial5,33,29.879265969059976
155,id21,608.5,62.5,vial5,33,29.879265969059976
156,id21,607.5,60.5,vial5,33,29.879265969059976
157,id21,606.5,59.5,vial5,33,29.879265969059976
158,id21,605.5,57.0,vial5,33,29.879265969059976
159,id21,604.5,55.0,vial5,33,29.879265969059976
160,id21,603.0,53.5,vial5,33,29.879265969059976
161,id21,603.0,52.0,vial5,33,29.879265969059976
162,id21,602.0,50.5,vial5,33,29.879265969059976
163,id21,601.0,48.5,vial5,33,29.879265969059976
164,id21,600.5,46.5,vial5,33,29.879265969059976
165,id21,599.5,45.0,vial5,33,29.879265969059976
166,id21,599.0,44.0,vial5,33,29.879265969059976
167,id21,598.0,43.0,vial5,33,29.879265969059976
168,id21,597.0,42.0,vial5,33,29.879265969059976
169,id21,596.5,41.0,vial5,33,29.879265969059976
170,id21,596.0,40.0,vial5,33,29.879265969059976
171,id21,594.5,38.5,vial5,33,29.879265969059976
172,id21,593.0,37.0,vial5,33,29.879265969059976
173,id21,590.5,36.0,vial5,33,29.879265969059976
174,id21,588.0,35.0,vial5,33,29.879265969059976
175,id21,588.0,35.0,vial5,33,29.879265969059976
176,id21,587.0,34.0,vial5,33,29.879265969059976
177,id21,585.5,33.0,vial5,33,29.879265969059976
178,id21,584.5,32.5,vial5,33,29.879265969059976
179,id21,583.0,31.5,vial5,33,29.879265969059976
180,id21,581.5,30.5,vial5,33,29.879265969059976
181,id21,580.0,29.5,vial5,33,29.879265969059976
182,id21,578.0,28.0,vial5,33,29.879265969059976
183,id21,576.0,26.5,vial5,33,29.879265969059976
184,id21,574.5,25.5,vial5,33,29.879265969059976
185,id21,573.5,24.5,vial5,33,29.879265969059976
186,id21,572.0,23.5,vial5,33,29.879265969059976
187,id21,571.0,22.5,vial5,33,29.879265969059976
188,id21,569.5,21.5,vial5,33,29.879265969059976
189,id21,569.0,21.5,vial5,33,29.879265969059976
190,id21,568.0,20.5,vial5,33,29.879265969059976
191,id21,567.5,19.0,vial5,33,29.879265969059976
192,id21,566.0,18.5,vial5,33,29.879265969059976
193,id21,565.0,17.0,vial5,33,29.879265969059976
194,id21,564.0,16.0,vial5,33,29.879265969059976
195,id21,562.5,14.5,vial5,33,29.879265969059976
196,id21,561.5,13.5,vial5,33,29.879265969059976
197,id21,560.5,12.0,vial5,33,29.879265969059976
198,id21,558.5,11.0,vial5,33,29.879265969059976
199,id21,557.0,10.5,vial5,33,29.879265969059976
200,id21,555.0,10.0,vial5,33,29.879265969059976
201,id21,554.0,9.0,vial5,33,29.879265969059976
202,id21,553.5,8.5,vial5,33,29.879265969059976
203,id21,552.5,7.0,vial5,33,29.879265969059976
204,id21,551.5,5.5,vial5,33,29.879265969059976
205,id21,551.0,5.5,vial5,33,29.879265969059976
206,id21,550.5,5.5,vial5,33,29.879265969059976
207,id21,550.0,5.5,vial5,33,29.879265969059976
208,id21,550.0,5.0,vial5,33,29.879265969059976
0,id22,281.5,373.0,vial3,18,29.879265969059976
1,id22,281.5,372.5,vial3,18,29.879265969059976
2,id22,282.5,372.5,vial3,18,29.879265969059976
3,id22,284.0,371.5,vial3,18,29.879265969059976
4,id22,284.5,371.5,vial3,18,29.879265969059976
5,id22,286.0,371.0,vial3,18,29.879265969059976
6,id22,288.5,371.5,vial3,18,29.879265969059976
7,id22,290.0,371.0,vial3,18,29.879265969059976
8,id22,291.5,371.5,vial3,18,29.879265969059976
9,id22,293.5,371.0,vial3,18,29.879265969059976
10,id22,295.0,371.0,vial3,18,29.879265969059976
11,id22,296.0,371.0,vial3,18,29.879265969059976
12,id22,297.5,371.0,vial3,18,29.879265969059976
13,id22,298.0,371.0,vial3,18,29.879265969059976
14,id22,297.5,371.0,vial3,18,29.879265969059976
15,id22,297.5,371.0,vial3,18,29.879265969059976
16,id22,298.0,371.0,vial3,18,29.879265969059976
17,id22,297.5,371.0,vial3,18,29.879265969059976
18,id22,297.5,371.5,vial3,18,29.879265969059976
19,id22,297.5,371.0,vial3,18,29.879265969059976
20,id22,299.0,371.5,vial3,18,29.879265969059976
21,id22,301.5,371.5,vial3,18,29.879265969059976
22,id22,303.5,372.0,vial3,18,29.879265969059976
23,id22,305.0,372.5,vial3,18,29.879265969059976
24,id22,306.0,371.0,vial3,18,29.879265969059976
25,id22,307.5,371.0,vial3,18,29.879265969059976
35,id22,318.0,368.0,vial3,18,29.879265969059976
37,id22,311.0,364.5,vial3,18,29.879265969059976
38,id22,323.5,374.5,vial3,18,29.879265969059976
42,id22,339.5,373.5,vial3,18,29.879265969059976
43,id22,342.0,374.0,vial3,18,29.879265969059976
44,id22,341.5,374.0,vial3,18,29.879265969059976
45,id22,340.0,374.5,vial3,18,29.879265969059976
46,id22,339.5,374.5,vial3,18,29.879265969059976
47,id22,340.0,374.5,vial3,18,29.879265969059976
48,id22,339.5,374.5,vial3,18,29.879265969059976
49,id22,339.0,374.5,vial3,18,29.879265969059976
50,id22,337.0,374.5,vial3,18,29.879265969059976
51,id22,338.5,375.5,vial3,18,29.879265969059976
52,id22,337.5,375.5,vial3,18,29.879265969059976
53,id22,337.0,375.0,vial3,18,29.879265969059976
54,id22,337.0,375.5,vial3,18,29.879265969059976
55,id22,336.5,375.5,vial3,18,29.879265969059976
56,id22,338.0,374.0,vial3,18,29.879265969059976
57,id22,337.0,374.5,vial3,18,29.879265969059976
58,id22,337.5,375.0,vial3,18,29.879265969059976
59,id22,337.0,375.0,vial3,18,29.879265969059976
60,id22,338.0,375.0,vial3,18,29.879265969059976
61,id22,337.0,375.0,vial3,18,29.879265969059976
62,id22,337.0,375.0,vial3,18,29.879265969059976
63,id22,337.5,375.0,vial3,18,29.879265969059976
64,id22,337.0,375.0,vial3,18,29.879265969059976
65,id22,337.0,375.0,vial3,18,29.879265969059976
66,id22,337.0,375.0,vial3,18,29.879265969059976
67,id22,337.5,375.0,vial3,18,29.879265969059976
68,id22,337.5,375.0,vial3,18,29.879265969059976
69,id22,337.0,375.0,vial3,18,29.879265969059976
70,id22,337.5,375.0,vial3,18,29.879265969059976
71,id22,337.0,375.0,vial3,18,29.879265969059976
72,id22,338.0,374.5,vial3,18,29.879265969059976
73,id22,337.5,375.0,vial3,18,29.879265969059976
74,id22,338.0,374.5,vial3,18,29.879265969059976
75,id22,338.0,375.0,vial3,18,29.879265969059976
76,id22,338.0,374.5,vial3,18,29.879265969059976
77,id22,338.0,375.5,vial3,18,29.879265969059976
78,id22,338.0,374.5,vial3,18,29.879265969059976
79,id22,338.0,375.0,vial3,18,29.879265969059976
80,id22,338.5,375.0,vial3,18,29.879265969059976
81,id22,338.0,375.0,vial3,18,29.879265969059976
82,id22,338.0,375.0,vial3,18,29.879265969059976
83,id22,338.5,375.0,vial3,18,29.879265969059976
84,id22,338.0,375.0,vial3,18,29.879265969059976
85,id22,338.0,375.0,vial3,18,29.879265969059976
86,id22,342.0,364.0,vial3,18,29.879265969059976
87,id22,332.0,351.0,vial3,18,29.879265969059976
88,id22,337.5,355.0,vial3,18,29.879265969059976
89,id22,318.0,362.5,vial3,18,29.879265969059976
90,id22,319.5,374.0,vial3,18,29.879265969059976
91,id22,319.0,374.5,vial3,18,29.879265969059976
92,id22,319.5,374.0,vial3,18,29.879265969059976
93,id22,319.5,374.0,vial3,18,29.879265969059976
94,id22,319.0,374.0,vial3,18,29.879265969059976
95,id22,319.5,374.0,vial3,18,29.879265969059976
96,id22,319.0,374.0,vial3,18,29.879265969059976
97,id22,319.0,374.0,vial3,18,29.879265969059976
98,id22,319.0,374.0,vial3,18,29.879265969059976
99,id22,319.0,374.0,vial3,18,29.879265969059976
100,id22,319.0,374.0,vial3,18,29.879265969059976
101,id22,319.0,373.5,vial3,18,29.879265969059976
102,id22,318.5,373.5,vial3,18,29.879265969059976
103,id22,319.0,373.5,vial3,18,29.879265969059976
104,id22,319.0,373.5,vial3,18,29.879265969059976
105,id22,319.5,373.5,vial3,18,29.879265969059976
106,id22,319.5,373.5,vial3,18,29.879265969059976
118,id22,316.5,373.0,vial3,18,29.879265969059976
119,id22,315.5,373.0,vial3,18,29.879265969059976
121,id22,314.5,373.0,vial3,18,29.879265969059976
122,id22,314.5,373.0,vial3,18,29.879265969059976
123,id22,314.5,372.5,vial3,18,29.879265969059976
124,id22,314.5,372.5,vial3,18,29.879265969059976
125,id22,315.0,372.5,vial3,18,29.879265969059976
126,id22,314.5,372.5,vial3,18,29.879265969059976
127,id22,315.0,372.5,vial3,18,29.879265969059976
128,id22,315.5,373.0,vial3,18,29.879265969059976
129,id22,315.5,373.5,vial3,18,29.879265969059976
130,id22,316.0,373.5,vial3,18,29.879265969059976
131,id22,316.0,373.0,vial3,18,29.879265969059976
132,id22,316.5,373.5,vial3,18,29.879265969059976
133,id22,317.0,373.5,vial3,18,29.879265969059976
134,id22,317.0,373.5,vial3,18,29.879265969059976
135,id22,316.5,373.5,vial3,18,29.879265969059976
136,id22,316.5,373.5,vial3,18,29.879265969059976
137,id22,317.0,373.5,vial3,18,29.879265969059976
138,id22,317.0,373.5,vial3,18,29.879265969059976
139,id22,317.0,373.5,vial3,18,29.879265969059976
140,id22,317.5,373.5,vial3,18,29.879265969059976
141,id22,317.5,373.5,vial3,18,29.879265969059976
142,id22,317.0,373.5,vial3,18,29.879265969059976
143,id22,317.5,373.5,vial3,18,29.879265969059976
144,id22,317.5,373.5,vial3,18,29.879265969059976
145,id22,318.0,373.5,vial3,18,29.879265969059976
146,id22,318.5,373.5,vial3,18,29.879265969059976
147,id22,318.5,373.0,vial3,18,29.879265969059976
148,id22,319.0,373.0,vial3,18,29.879265969059976
149,id22,318.5,373.0,vial3,18,29.879265969059976
150,id22,319.0,373.0,vial3,18,29.879265969059976
151,id22,318.5,373.0,vial3,18,29.879265969059976
152,id22,319.0,373.0,vial3,18,29.879265969059976
153,id22,319.0,373.0,vial3,18,29.879265969059976
154,id22,319.0,373.0,vial3,18,29.879265969059976
155,id22,319.0,373.0,vial3,18,29.879265969059976
156,id22,319.0,373.0,vial3,18,29.879265969059976
157,id22,319.0,372.5,vial3,18,29.879265969059976
158,id22,319.0,372.5,vial3,18,29.879265969059976
159,id22,319.0,372.5,vial3,18,29.879265969059976
160,id22,319.0,373.0,vial3,18,29.879265969059976
161,id22,319.0,373.0,vial3,18,29.879265969059976
162,id22,319.0,373.0,vial3,18,29.879265969059976
163,id22,319.0,372.5,vial3,18,29.879265969059976
164,id22,319.0,372.5,vial3,18,29.879265969059976
165,id22,319.0,372.5,vial3,18,29.879265969059976
166,id22,319.0,373.0,vial3,18,29.879265969059976
167,id22,319.5,372.5,vial3,18,29.879265969059976
168,id22,319.5,373.0,vial3,18,29.879265969059976
169,id22,319.5,372.5,vial3,18,29.879265969059976
170,id22,319.5,372.5,vial3,18,29.879265969059976
171,id22,319.5,373.0,vial3,18,29.879265969059976
172,id22,319.5,373.0,vial3,18,29.879265969059976
173,id22,319.5,373.0,vial3,18,29.879265969059976
174,id22,319.5,373.0,vial3,18,29.879265969059976
175,id22,319.5,372.5,vial3,18,29.879265969059976
176,id22,319.5,372.5,vial3,18,29.879265969059976
177,id22,319.5,372.5,vial3,18,29.879265969059976
178,id22,319.5,372.5,vial3,18,29.879265969059976
179,id22,319.5,372.5,vial3,18,29.879265969059976
180,id22,320.0,372.5,vial3,18,29.879265969059976
181,id22,320.0,372.5,vial3,18,29.879265969059976
182,id22,320.5,372.5,vial3,18,29.879265969059976
183,id22,320.5,372.0,vial3,18,29.879265969059976
184,id22,320.5,372.0,vial3,18,29.879265969059976
185,id22,320.5,372.0,vial3,18,29.879265969059976
186,id22,320.0,372.0,vial3,18,29.879265969059976
187,id22,320.5,372.0,vial3,18,29.879265969059976
188,id22,320.5,372.0,vial3,18,29.879265969059976
189,id22,320.5,372.0,vial3,18,29.879265969059976
190,id22,320.5,372.0,vial3,18,29.879265969059976
191,id22,320.5,372.0,vial3,18,29.879265969059976
192,id22,320.5,372.0,vial3,18,29.879265969059976
193,id22,320.5,372.0,vial3,18,29.879265969059976
194,id22,320.5,372.0,vial3,18,29.879265969059976
195,id22,320.5,372.0,vial3,18,29.879265969059976
196,id22,320.5,372.0,vial3,18,29.879265969059976
197,id22,320.5,372.0,vial3,18,29.879265969059976
198,id22,320.0,372.0,vial3,18,29.879265969059976
199,id22,320.5,372.0,vial3,18,29.879265969059976
200,id22,321.0,372.0,vial3,18,29.879265969059976
201,id22,320.5,372.0,vial3,18,29.879265969059976
202,id22,320.5,372.0,vial3,18,29.879265969059976
203,id22,320.5,371.5,vial3,18,29.879265969059976
204,id22,320.5,372.0,vial3,18,29.879265969059976
205,id22,320.0,372.5,vial3,18,29.879265969059976
206,id22,320.5,372.5,vial3,18,29.879265969059976
207,id22,320.5,372.0,vial3,18,29.879265969059976
208,id22,321.5,372.0,vial3,18,29.879265969059976
209,id22,321.5,372.0,vial3,18,29.879265969059976
210,id22,321.5,371.5,vial3,18,29.879265969059976
211,id22,322.0,371.5,vial3,18,29.879265969059976
212,id22,322.0,371.5,vial3,18,29.879265969059976
213,id22,321.5,371.5,vial3,18,29.879265969059976
214,id22,322.0,371.5,vial3,18,29.879265969059976
215,id22,322.0,371.5,vial3,18,29.879265969059976
216,id22,322.0,371.5,vial3,18,29.879265969059976
217,id22,322.0,371.0,vial3,18,29.879265969059976
218,id22,322.0,370.5,vial3,18,29.879265969059976
219,id22,322.0,370.5,vial3,18,29.879265969059976
220,id22,322.0,371.0,vial3,18,29.879265969059976
221,id22,322.0,371.0,vial3,18,29.879265969059976
222,id22,322.0,371.5,vial3,18,29.879265969059976
223,id22,322.0,371.5,vial3,18,29.879265969059976
224,id22,322.5,371.5,vial3,18,29.879265969059976
225,id22,322.0,371.5,vial3,18,29.879265969059976
226,id22,322.0,371.0,vial3,18,29.879265969059976
227,id22,322.0,371.0,vial3,18,29.879265969059976
228,id22,321.5,371.0,vial3,18,29.879265969059976
229,id22,321.5,371.5,vial3,18,29.879265969059976
230,id22,322.5,371.5,vial3,18,29.879265969059976
231,id22,322.0,371.5,vial3,18,29.879265969059976
232,id22,322.0,371.5,vial3,18,29.879265969059976
233,id22,322.0,371.5,vial3,18,29.879265969059976
234,id22,322.5,371.5,vial3,18,29.879265969059976
235,id22,322.5,371.5,vial3,18,29.879265969059976
236,id22,322.5,371.5,vial3,18,29.879265969059976
237,id22,322.5,371.5,vial3,18,29.879265969059976
238,id22,322.0,372.0,vial3,18,29.879265969059976
239,id22,322.0,372.0,vial3,18,29.879265969059976
240,id22,322.0,372.0,vial3,18,29.879265969059976
241,id22,322.5,371.5,vial3,18,29.879265969059976
242,id22,322.5,371.5,vial3,18,29.879265969059976
243,id22,322.5,371.5,vial3,18,29.879265969059976
244,id22,322.0,371.5,vial3,18,29.879265969059976
245,id22,322.5,371.5,vial3,18,29.879265969059976
246,id22,322.5,371.5,vial3,18,29.879265969059976
247,id22,322.0,371.5,vial3,18,29.879265969059976
248,id22,322.0,371.5,vial3,18,29.879265969059976
249,id22,322.0,371.5,vial3,18,29.879265969059976
250,id22,321.5,371.5,vial3,18,29.879265969059976
251,id22,321.5,371.5,vial3,18,29.879265969059976
252,id22,321.5,372.0,vial3,18,29.879265969059976
253,id22,321.5,372.0,vial3,18,29.879265969059976
254,id22,321.5,371.5,vial3,18,29.879265969059976
255,id22,321.5,371.5,vial3,18,29.879265969059976
256,id22,321.5,371.5,vial3,18,29.879265969059976
257,id22,322.5,371.0,vial3,18,29.879265969059976
258,id22,322.5,370.5,vial3,18,29.879265969059976
259,id22,322.5,370.5,vial3,18,29.879265969059976
260,id22,322.0,370.5,vial3,18,29.879265969059976
261,id22,322.0,370.5,vial3,18,29.879265969059976
262,id22,321.5,370.5,vial3,18,29.879265969059976
263,id22,322.0,370.5,vial3,18,29.879265969059976
264,id22,322.0,370.5,vial3,18,29.879265969059976
265,id22,322.0,370.5,vial3,18,29.879265969059976
266,id22,322.0,370.5,vial3,18,29.879265969059976
267,id22,322.0,370.5,vial3,18,29.879265969059976
268,id22,322.0,371.0,vial3,18,29.879265969059976
269,id22,321.5,371.0,vial3,18,29.879265969059976
270,id22,321.5,371.5,vial3,18,29.879265969059976
271,id22,322.0,371.5,vial3,18,29.879265969059976
272,id22,322.0,371.5,vial3,18,29.879265969059976
273,id22,322.0,371.5,vial3,18,29.879265969059976
274,id22,322.0,370.5,vial3,18,29.879265969059976
275,id22,322.0,370.5,vial3,18,29.879265969059976
276,id22,321.5,371.0,vial3,18,29.879265969059976
277,id22,321.5,371.0,vial3,18,29.879265969059976
278,id22,322.0,370.5,vial3,18,29.879265969059976
279,id22,322.0,370.5,vial3,18,29.879265969059976
280,id22,322.0,370.5,vial3,18,29.879265969059976
281,id22,322.0,371.0,vial3,18,29.879265969059976
282,id22,322.0,371.0,vial3,18,29.879265969059976
283,id22,322.0,370.5,vial3,18,29.879265969059976
284,id22,322.0,370.5,vial3,18,29.879265969059976
285,id22,322.0,371.0,vial3,18,29.879265969059976
286,id22,322.0,371.5,vial3,18,29.879265969059976
287,id22,322.0,371.5,vial3,18,29.879265969059976
288,id22,322.0,371.0,vial3,18,29.879265969059976
289,id22,322.0,371.0,vial3,18,29.879265969059976
290,id22,322.0,371.5,vial3,18,29.879265969059976
291,id22,322.0,371.0,vial3,18,29.879265969059976
292,id22,322.0,370.5,vial3,18,29.879265969059976
293,id22,322.0,371.5,vial3,18,29.879265969059976
294,id22,322.0,371.0,vial3,18,29.879265969059976
295,id22,322.0,371.0,vial3,18,29.879265969059976
296,id22,322.5,371.0,vial3,18,29.879265969059976
297,id22,322.5,371.5,vial3,18,29.879265969059976
298,id22,322.0,370.5,vial3,18,29.879265969059976
299,id22,322.5,371.0,vial3,18,29.879265969059976
300,id22,322.0,370.5,vial3,18,29.879265969059976
301,id22,322.0,370.5,vial3,18,29.879265969059976
302,id22,322.5,371.0,vial3,18,29.879265969059976
303,id22,322.5,371.5,vial3,18,29.879265969059976
304,id22,322.0,371.5,vial3,18,29.879265969059976
305,id22,322.0,371.0,vial3,18,29.879265969059976
306,id22,322.0,371.0,vial3,18,29.879265969059976
307,id22,322.0,371.0,vial3,18,29.879265969059976
0,id23,38.5,370.5,vial1,1,29.879265969059976
1,id23,38.5,370.5,vial1,1,29.879265969059976
2,id23,39.0,370.5,vial1,1,29.879265969059976
3,id23,31.5,355.5,vial1,1,29.879265969059976
4,id23,27.5,349.5,vial1,1,29.879265969059976
5,id23,30.5,340.5,vial1,1,29.879265969059976
6,id23,38.5,340.0,vial1,1,29.879265969059976
7,id23,37.5,340.5,vial1,1,29.879265969059976
8,id23,37.5,337.5,vial1,1,29.879265969059976
9,id23,37.5,334.5,vial1,1,29.879265969059976
10,id23,36.5,332.5,vial1,1,29.879265969059976
11,id23,34.5,332.5,vial1,1,29.879265969059976
12,id23,32.0,331.0,vial1,1,29.879265969059976
13,id23,31.5,332.0,vial1,1,29.879265969059976
14,id23,30.5,331.0,vial1,1,29.879265969059976
15,id23,29.5,330.0,vial1,1,29.879265969059976
16,id23,28.0,328.0,vial1,1,29.879265969059976
17,id23,27.0,327.5,vial1,1,29.879265969059976
18,id23,25.0,325.0,vial1,1,29.879265969059976
19,id23,24.5,321.5,vial1,1,29.879265969059976
20,id23,23.5,318.5,vial1,1,29.879265969059976
21,id23,23.5,314.5,vial1,1,29.879265969059976
22,id23,23.0,310.0,vial1,1,29.879265969059976
23,id23,22.5,305.5,vial1,1,29.879265969059976
24,id23,22.5,301.0,vial1,1,29.879265969059976
25,id23,21.5,297.0,vial1,1,29.879265969059976
26,id23,21.0,293.0,vial1,1,29.879265969059976
27,id23,21.0,289.0,vial1,1,29.879265969059976
28,id23,21.5,284.5,vial1,1,29.879265969059976
29,id23,22.5,280.0,vial1,1,29.879265969059976
30,id23,24.0,276.5,vial1,1,29.879265969059976
31,id23,25.5,272.5,vial1,1,29.879265969059976
32,id23,27.0,268.5,vial1,1,29.879265969059976
33,id23,29.0,264.5,vial1,1,29.879265969059976
34,id23,31.5,260.5,vial1,1,29.879265969059976
35,id23,33.5,258.0,vial1,1,29.879265969059976
36,id23,35.5,255.0,vial1,1,29.879265969059976
37,id23,37.5,252.0,vial1,1,29.879265969059976
38,id23,40.0,250.0,vial1,1,29.879265969059976
39,id23,43.5,249.5,vial1,1,29.879265969059976
40,id23,46.5,248.5,vial1,1,29.879265969059976
41,id23,47.0,247.5,vial1,1,29.879265969059976
42,id23,46.0,245.5,vial1,1,29.879265969059976
43,id23,45.5,242.0,vial1,1,29.879265969059976
44,id23,44.5,239.0,vial1,1,29.879265969059976
45,id23,43.5,235.5,vial1,1,29.879265969059976
46,id23,42.5,231.5,vial1,1,29.879265969059976
47,id23,41.5,227.5,vial1,1,29.879265969059976
48,id23,39.5,223.5,vial1,1,29.879265969059976
49,id23,38.0,219.5,vial1,1,29.879265969059976
50,id23,36.5,215.5,vial1,1,29.879265969059976
51,id23,35.5,212.5,vial1,1,29.879265969059976
52,id23,33.5,208.5,vial1,1,29.879265969059976
53,id23,33.5,203.5,vial1,1,29.879265969059976
54,id23,32.5,199.5,vial1,1,29.879265969059976
55,id23,32.5,195.0,vial1,1,29.879265969059976
56,id23,31.5,190.5,vial1,1,29.879265969059976
57,id23,31.5,186.5,vial1,1,29.879265969059976
58,id23,31.5,183.0,vial1,1,29.879265969059976
59,id23,31.5,179.0,vial1,1,29.879265969059976
60,id23,32.5,174.5,vial1,1,29.879265969059976
61,id23,33.5,171.0,vial1,1,29.879265969059976
62,id23,34.5,168.0,vial1,1,29.879265969059976
63,id23,34.5,164.5,vial1,1,29.879265969059976
64,id23,35.5,161.5,vial1,1,29.879265969059976
65,id23,36.0,157.5,vial1,1,29.879265969059976
66,id23,38.5,155.0,vial1,1,29.879265969059976
67,id23,40.5,152.0,vial1,1,29.879265969059976
68,id23,44.0,150.5,vial1,1,29.879265969059976
69,id23,47.0,148.5,vial1,1,29.879265969059976
70,id23,48.5,146.5,vial1,1,29.879265969059976
71,id23,50.0,144.0,vial1,1,29.879265969059976
72,id23,49.0,142.0,vial1,1,29.879265969059976
73,id23,47.0,139.5,vial1,1,29.879265969059976
74,id23,42.5,136.5,vial1,1,29.879265969059976
75,id23,42.0,135.5,vial1,1,29.879265969059976
76,id23,39.0,134.0,vial1,1,29.879265969059976
77,id23,38.5,133.5,vial1,1,29.879265969059976
78,id23,37.5,133.5,vial1,1,29.879265969059976
79,id23,35.0,132.5,vial1,1,29.879265969059976
80,id23,32.0,129.5,vial1,1,29.879265969059976
81,id23,28.5,127.5,vial1,1,29.879265969059976
82,id23,27.0,124.5,vial1,1,29.879265969059976
83,id23,25.5,123.0,vial1,1,29.879265969059976
84,id23,23.5,120.5,vial1,1,29.879265969059976
85,id23,22.0,118.0,vial1,1,29.879265969059976
86,id23,21.0,114.5,vial1,1,29.879265969059976
87,id23,20.5,111.5,vial1,1,29.879265969059976
88,id23,20.5,107.5,vial1,1,29.879265969059976
89,id23,20.5,104.5,vial1,1,29.879265969059976
90,id23,20.5,102.0,vial1,1,29.879265969059976
91,id23,20.0,99.0,vial1,1,29.879265969059976
92,id23,20.0,94.5,vial1,1,29.879265969059976
93,id23,19.5,90.5,vial1,1,29.879265969059976
94,id23,19.5,87.0,vial1,1,29.879265969059976
95,id23,19.5,84.5,vial1,1,29.879265969059976
96,id23,19.5,81.5,vial1,1,29.879265969059976
97,id23,19.5,77.5,vial1,1,29.879265969059976
98,id23,20.0,74.0,vial1,1,29.879265969059976
99,id23,20.5,70.5,vial1,1,29.879265969059976
100,id23,21.0,67.0,vial1,1,29.879265969059976
101,id23,20.5,64.0,vial1,1,29.879265969059976
102,id23,21.0,62.5,vial1,1,29.879265969059976
103,id23,20.5,59.0,vial1,1,29.879265969059976
104,id23,20.5,56.0,vial1,1,29.879265969059976
105,id23,19.5,53.0,vial1,1,29.879265969059976
106,id23,19.0,50.5,vial1,1,29.879265969059976
107,id23,18.0,49.0,vial1,1,29.879265969059976
0,id24,690.0,375.5,vial6,41,29.879265969059976
1,id24,688.0,374.5,vial6,41,29.879265969059976
2,id24,679.5,363.0,vial6,41,29.879265969059976
3,id24,674.0,373.5,vial6,41,29.879265969059976
4,id24,680.0,376.5,vial6,41,29.879265969059976
5,id24,675.0,377.5,vial6,41,29.879265969059976
6,id24,675.5,377.5,vial6,41,29.879265969059976
7,id24,675.0,376.5,vial6,41,29.879265969059976
8,id24,674.5,377.0,vial6,41,29.879265969059976
9,id24,675.0,376.0,vial6,41,29.879265969059976
10,id24,675.5,375.5,vial6,41,29.879265969059976
11,id24,676.0,373.5,vial6,41,29.879265969059976
12,id24,676.0,371.5,vial6,41,29.879265969059976
13,id24,676.0,370.0,vial6,41,29.879265969059976
14,id24,677.0,369.0,vial6,41,29.879265969059976
15,id24,678.0,367.0,vial6,41,29.879265969059976
16,id24,679.0,363.5,vial6,41,29.879265969059976
17,id24,680.5,362.5,vial6,41,29.879265969059976
18,id24,681.5,360.5,vial6,41,29.879265969059976
19,id24,682.5,358.5,vial6,41,29.879265969059976
20,id24,683.5,357.0,vial6,41,29.879265969059976
21,id24,683.5,355.5,vial6,41,29.879265969059976
22,id24,684.5,354.5,vial6,41,29.879265969059976
23,id24,685.5,353.5,vial6,41,29.879265969059976
24,id24,687.5,352.5,vial6,41,29.879265969059976
25,id24,688.5,351.5,vial6,41,29.879265969059976
26,id24,690.5,351.5,vial6,41,29.879265969059976
27,id24,691.0,352.0,vial6,41,29.879265969059976
28,id24,692.0,352.5,vial6,41,29.879265969059976
29,id24,692.5,352.5,vial6,41,29.879265969059976
30,id24,692.5,353.5,vial6,41,29.879265969059976
31,id24,692.0,354.0,vial6,41,29.879265969059976
32,id24,690.0,353.5,vial6,41,29.879265969059976
33,id24,689.5,353.5,vial6,41,29.879265969059976
34,id24,689.5,352.5,vial6,41,29.879265969059976
35,id24,689.5,351.0,vial6,41,29.879265969059976
36,id24,689.5,348.5,vial6,41,29.879265969059976
37,id24,689.5,346.0,vial6,41,29.879265969059976
38,id24,688.5,343.5,vial6,41,29.879265969059976
39,id24,688.5,341.0,vial6,41,29.879265969059976
40,id24,688.5,339.0,vial6,41,29.879265969059976
41,id24,688.0,337.5,vial6,41,29.879265969059976
42,id24,688.5,334.5,vial6,41,29.879265969059976
43,id24,689.0,332.5,vial6,41,29.879265969059976
44,id24,688.5,331.5,vial6,41,29.879265969059976
45,id24,688.5,331.5,vial6,41,29.879265969059976
46,id24,688.5,330.5,vial6,41,29.879265969059976
47,id24,689.5,328.0,vial6,41,29.879265969059976
48,id24,689.5,326.5,vial6,41,29.879265969059976
49,id24,690.5,326.0,vial6,41,29.879265969059976
50,id24,690.5,325.5,vial6,41,29.879265969059976
51,id24,689.5,325.5,vial6,41,29.879265969059976
52,id24,689.0,324.0,vial6,41,29.879265969059976
53,id24,689.0,322.5,vial6,41,29.879265969059976
54,id24,688.0,321.5,vial6,41,29.879265969059976
55,id24,688.0,319.5,vial6,41,29.879265969059976
56,id24,688.0,319.0,vial6,41,29.879265969059976
57,id24,687.5,318.5,vial6,41,29.879265969059976
58,id24,687.5,317.5,vial6,41,29.879265969059976
59,id24,688.0,316.5,vial6,41,29.879265969059976
60,id24,688.0,317.0,vial6,41,29.879265969059976
61,id24,688.0,316.5,vial6,41,29.879265969059976
62,id24,688.0,316.5,vial6,41,29.879265969059976
63,id24,688.5,317.0,vial6,41,29.879265969059976
64,id24,687.5,317.5,vial6,41,29.879265969059976
65,id24,688.5,317.5,vial6,41,29.879265969059976
66,id24,688.5,317.0,vial6,41,29.879265969059976
67,id24,688.0,316.0,vial6,41,29.879265969059976
68,id24,688.5,315.5,vial6,41,29.879265969059976
69,id24,688.5,315.0,vial6,41,29.879265969059976
70,id24,688.5,314.5,vial6,41,29.879265969059976
71,id24,688.0,313.5,vial6,41,29.879265969059976
72,id24,688.0,312.5,vial6,41,29.879265969059976
73,id24,687.5,311.5,vial6,41,29.879265969059976
74,id24,687.5,309.5,vial6,41,29.879265969059976
75,id24,687.5,307.5,vial6,41,29.879265969059976
76,id24,687.5,305.5,vial6,41,29.879265969059976
77,id24,687.0,303.5,vial6,41,29.879265969059976
78,id24,687.5,300.5,vial6,41,29.879265969059976
79,id24,687.5,299.0,vial6,41,29.879265969059976
80,id24,687.5,296.5,vial6,41,29.879265969059976
81,id24,687.0,295.0,vial6,41,29.879265969059976
82,id24,687.5,293.5,vial6,41,29.879265969059976
83,id24,687.5,293.0,vial6,41,29.879265969059976
84,id24,687.5,293.0,vial6,41,29.879265969059976
85,id24,687.5,293.5,vial6,41,29.879265969059976
86,id24,687.5,293.5,vial6,41,29.879265969059976
87,id24,687.5,293.5,vial6,41,29.879265969059976
88,id24,687.5,294.0,vial6,41,29.879265969059976
89,id24,687.5,294.0,vial6,41,29.879265969059976
90,id24,687.5,294.0,vial6,41,29.879265969059976
91,id24,687.5,294.0,vial6,41,29.879265969059976
92,id24,687.5,294.0,vial6,41,29.879265969059976
93,id24,687.5,294.0,vial6,41,29.879265969059976
94,id24,687.5,294.5,vial6,41,29.879265969059976
95,id24,687.5,294.5,vial6,41,29.879265969059976
96,id24,687.5,294.5,vial6,41,29.879265969059976
97,id24,687.5,294.5,vial6,41,29.879265969059976
98,id24,687.5,294.5,vial6,41,29.879265969059976
99,id24,687.5,294.5,vial6,41,29.879265969059976
100,id24,687.5,294.5,vial6,41,29.879265969059976
101,id24,688.0,291.0,vial6,41,29.879265969059976
102,id24,689.0,292.5,vial6,41,29.879265969059976
103,id24,704.0,291.5,vial6,41,29.879265969059976
104,id24,712.5,296.5,vial6,41,29.879265969059976
105,id24,712.5,296.5,vial6,41,29.879265969059976
106,id24,712.0,297.0,vial6,41,29.879265969059976
107,id24,712.0,297.0,vial6,41,29.879265969059976
108,id24,712.5,297.0,vial6,41,29.879265969059976
109,id24,712.5,297.0,vial6,41,29.879265969059976
110,id24,712.5,296.5,vial6,41,29.879265969059976
111,id24,712.0,296.5,vial6,41,29.879265969059976
114,id24,712.0,293.0,vial6,41,29.879265969059976
115,id24,711.5,291.5,vial6,41,29.879265969059976
116,id24,710.0,290.5,vial6,41,29.879265969059976
117,id24,708.0,288.5,vial6,41,29.879265969059976
118,id24,706.0,286.5,vial6,41,29.879265969059976
119,id24,705.0,284.0,vial6,41,29.879265969059976
120,id24,702.5,282.0,vial6,41,29.879265969059976
121,id24,701.5,280.0,vial6,41,29.879265969059976
122,id24,700.0,278.0,vial6,41,29.879265969059976
123,id24,698.0,276.0,vial6,41,29.879265969059976
124,id24,697.0,274.0,vial6,41,29.879265969059976
125,id24,695.0,272.0,vial6,41,29.879265969059976
126,id24,693.0,269.0,vial6,41,29.879265969059976
127,id24,691.5,266.5,vial6,41,29.879265969059976
128,id24,689.5,264.0,vial6,41,29.879265969059976
129,id24,687.5,262.0,vial6,41,29.879265969059976
130,id24,686.5,260.0,vial6,41,29.879265969059976
131,id24,685.5,258.0,vial6,41,29.879265969059976
132,id24,684.0,256.0,vial6,41,29.879265969059976
133,id24,683.0,254.0,vial6,41,29.879265969059976
134,id24,682.0,251.5,vial6,41,29.879265969059976
135,id24,681.0,248.5,vial6,41,29.879265969059976
136,id24,680.5,245.5,vial6,41,29.879265969059976
137,id24,679.5,243.5,vial6,41,29.879265969059976
138,id24,679.0,240.0,vial6,41,29.879265969059976
139,id24,679.0,237.0,vial6,41,29.879265969059976
140,id24,678.5,233.5,vial6,41,29.879265969059976
141,id24,678.5,231.0,vial6,41,29.879265969059976
142,id24,678.0,227.5,vial6,41,29.879265969059976
143,id24,679.0,224.0,vial6,41,29.879265969059976
144,id24,679.5,220.5,vial6,41,29.879265969059976
145,id24,680.0,218.0,vial6,41,29.879265969059976
146,id24,681.0,215.5,vial6,41,29.879265969059976
147,id24,681.0,213.5,vial6,41,29.879265969059976
148,id24,682.0,211.5,vial6,41,29.879265969059976
149,id24,683.0,208.5,vial6,41,29.879265969059976
150,id24,684.0,206.5,vial6,41,29.879265969059976
151,id24,685.5,203.5,vial6,41,29.879265969059976
152,id24,687.5,200.5,vial6,41,29.879265969059976
153,id24,688.5,199.0,vial6,41,29.879265969059976
154,id24,688.5,199.0,vial6,41,29.879265969059976
155,id24,689.0,198.0,vial6,41,29.879265969059976
156,id24,689.0,198.0,vial6,41,29.879265969059976
157,id24,689.0,198.0,vial6,41,29.879265969059976
158,id24,689.0,198.0,vial6,41,29.879265969059976
159,id24,689.5,197.0,vial6,41,29.879265969059976
160,id24,690.5,196.0,vial6,41,29.879265969059976
161,id24,692.5,194.5,vial6,41,29.879265969059976
162,id24,695.0,192.5,vial6,41,29.879265969059976
163,id24,696.0,190.5,vial6,41,29.879265969059976
164,id24,698.5,188.5,vial6,41,29.879265969059976
165,id24,700.5,187.0,vial6,41,29.879265969059976
166,id24,703.0,184.5,vial6,41,29.879265969059976
167,id24,705.5,182.5,vial6,41,29.879265969059976
168,id24,708.0,180.0,vial6,41,29.879265969059976
169,id24,710.5,178.0,vial6,41,29.879265969059976
170,id24,713.0,175.0,vial6,41,29.879265969059976
171,id24,716.0,173.0,vial6,41,29.879265969059976
172,id24,718.0,170.0,vial6,41,29.879265969059976
173,id24,720.0,167.5,vial6,41,29.879265969059976
174,id24,722.0,165.0,vial6,41,29.879265969059976
175,id24,723.5,162.5,vial6,41,29.879265969059976
176,id24,725.5,159.5,vial6,41,29.879265969059976
177,id24,727.5,157.0,vial6,41,29.879265969059976
178,id24,728.5,154.0,vial6,41,29.879265969059976
179,id24,730.0,150.5,vial6,41,29.879265969059976
180,id24,732.0,148.0,vial6,41,29.879265969059976
181,id24,733.0,145.0,vial6,41,29.879265969059976
182,id24,734.0,142.5,vial6,41,29.879265969059976
183,id24,735.0,139.0,vial6,41,29.879265969059976
184,id24,736.0,137.0,vial6,41,29.879265969059976
185,id24,737.0,134.5,vial6,41,29.879265969059976
186,id24,738.5,132.0,vial6,41,29.879265969059976
187,id24,739.0,129.5,vial6,41,29.879265969059976
188,id24,740.0,127.5,vial6,41,29.879265969059976
189,id24,741.0,125.5,vial6,41,29.879265969059976
190,id24,742.0,123.5,vial6,41,29.879265969059976
191,id24,743.5,122.5,vial6,41,29.879265969059976
192,id24,744.0,121.5,vial6,41,29.879265969059976
193,id24,744.5,120.5,vial6,41,29.879265969059976
194,id24,744.5,119.5,vial6,41,29.879265969059976
195,id24,745.0,118.0,vial6,41,29.879265969059976
196,id24,745.0,115.5,vial6,41,29.879265969059976
197,id24,745.0,114.5,vial6,41,29.879265969059976
198,id24,744.5,112.5,vial6,41,29.879265969059976
199,id24,744.5,110.5,vial6,41,29.879265969059976
200,id24,744.5,108.5,vial6,41,29.879265969059976
201,id24,744.5,105.5,vial6,41,29.879265969059976
202,id24,744.5,102.5,vial6,41,29.879265969059976
203,id24,744.5,99.5,vial6,41,29.879265969059976
204,id24,744.5,96.5,vial6,41,29.879265969059976
205,id24,743.5,93.5,vial6,41,29.879265969059976
206,id24,743.5,90.0,vial6,41,29.879265969059976
207,id24,742.5,86.5,vial6,41,29.879265969059976
208,id24,742.5,83.5,vial6,41,29.879265969059976
209,id24,742.0,80.5,vial6,41,29.879265969059976
210,id24,741.5,77.5,vial6,41,29.879265969059976
211,id24,741.5,74.5,vial6,41,29.879265969059976
212,id24,740.5,71.5,vial6,41,29.879265969059976
213,id24,740.5,69.0,vial6,41,29.879265969059976
214,id24,740.0,66.5,vial6,41,29.879265969059976
215,id24,739.5,63.5,vial6,41,29.879265969059976
216,id24,739.5,59.5,vial6,41,29.879265969059976
217,id24,739.5,57.5,vial6,41,29.879265969059976
218,id24,739.5,54.5,vial6,41,29.879265969059976
219,id24,738.5,51.5,vial6,41,29.879265969059976
220,id24,738.5,48.5,vial6,41,29.879265969059976
221,id24,738.5,46.0,vial6,41,29.879265969059976
222,id24,738.0,43.5,vial6,41,29.879265969059976
223,id24,738.0,40.5,vial6,41,29.879265969059976
224,id24,737.5,38.5,vial6,41,29.879265969059976
225,id24,738.0,36.5,vial6,41,29.879265969059976
226,id24,737.5,35.5,vial6,41,29.879265969059976
227,id24,738.0,35.0,vial6,41,29.879265969059976
228,id24,738.5,34.5,vial6,41,29.879265969059976
229,id24,738.5,34.0,vial6,41,29.879265969059976
230,id24,721.0,18.0,vial6,41,29.879265969059976
231,id24,703.0,7.0,vial6,41,29.879265969059976
0,id25,32.5,372.5,vial1,3,29.879265969059976
1,id25,30.0,373.5,vial1,3,29.879265969059976
2,id25,29.5,373.5,vial1,3,29.879265969059976
3,id25,28.0,373.5,vial1,3,29.879265969059976
4,id25,28.5,373.5,vial1,3,29.879265969059976
5,id25,28.0,373.5,vial1,3,29.879265969059976
6,id25,27.5,373.5,vial1,3,29.879265969059976
7,id25,28.0,373.5,vial1,3,29.879265969059976
8,id25,28.0,373.5,vial1,3,29.879265969059976
9,id25,27.5,373.5,vial1,3,29.879265969059976
10,id25,26.5,373.5,vial1,3,29.879265969059976
11,id25,26.0,373.5,vial1,3,29.879265969059976
12,id25,25.0,373.5,vial1,3,29.879265969059976
13,id25,17.0,372.5,vial1,3,29.879265969059976
16,id25,24.5,352.0,vial1,3,29.879265969059976
17,id25,30.5,368.5,vial1,3,29.879265969059976
18,id25,29.0,370.5,vial1,3,29.879265969059976
19,id25,32.5,362.5,vial1,3,29.879265969059976
20,id25,20.5,368.5,vial1,3,29.879265969059976
26,id25,21.0,362.5,vial1,3,29.879265969059976
27,id25,17.0,323.5,vial1,3,29.879265969059976
29,id25,23.5,342.0,vial1,3,29.879265969059976
72,id25,17.0,261.5,vial1,3,29.879265969059976
73,id25,17.5,260.0,vial1,3,29.879265969059976
74,id25,19.0,258.0,vial1,3,29.879265969059976
75,id25,20.0,256.5,vial1,3,29.879265969059976
76,id25,22.0,254.0,vial1,3,29.879265969059976
77,id25,23.5,252.0,vial1,3,29.879265969059976
78,id25,25.0,250.0,vial1,3,29.879265969059976
79,id25,26.5,248.5,vial1,3,29.879265969059976
80,id25,28.5,247.5,vial1,3,29.879265969059976
81,id25,30.5,246.5,vial1,3,29.879265969059976
82,id25,31.5,245.5,vial1,3,29.879265969059976
83,id25,32.5,243.5,vial1,3,29.879265969059976
84,id25,32.5,242.0,vial1,3,29.879265969059976
85,id25,31.5,240.0,vial1,3,29.879265969059976
86,id25,30.5,238.0,vial1,3,29.879265969059976
87,id25,30.5,236.5,vial1,3,29.879265969059976
88,id25,29.5,234.0,vial1,3,29.879265969059976
89,id25,28.5,231.5,vial1,3,29.879265969059976
90,id25,27.0,229.0,vial1,3,29.879265969059976
91,id25,26.0,226.0,vial1,3,29.879265969059976
92,id25,24.5,223.0,vial1,3,29.879265969059976
93,id25,23.5,220.0,vial1,3,29.879265969059976
94,id25,22.0,217.0,vial1,3,29.879265969059976
95,id25,21.5,214.0,vial1,3,29.879265969059976
96,id25,20.5,211.5,vial1,3,29.879265969059976
97,id25,20.0,208.5,vial1,3,29.879265969059976
98,id25,19.5,205.5,vial1,3,29.879265969059976
99,id25,19.5,203.0,vial1,3,29.879265969059976
100,id25,18.5,199.5,vial1,3,29.879265969059976
101,id25,18.5,196.5,vial1,3,29.879265969059976
102,id25,18.5,193.0,vial1,3,29.879265969059976
103,id25,19.0,190.0,vial1,3,29.879265969059976
104,id25,19.0,186.5,vial1,3,29.879265969059976
105,id25,19.5,183.5,vial1,3,29.879265969059976
106,id25,19.5,180.0,vial1,3,29.879265969059976
107,id25,20.5,176.5,vial1,3,29.879265969059976
108,id25,20.5,173.5,vial1,3,29.879265969059976
109,id25,21.5,170.5,vial1,3,29.879265969059976
110,id25,22.5,167.5,vial1,3,29.879265969059976
111,id25,22.5,165.5,vial1,3,29.879265969059976
112,id25,23.5,164.5,vial1,3,29.879265969059976
113,id25,24.5,161.5,vial1,3,29.879265969059976
114,id25,25.5,160.0,vial1,3,29.879265969059976
115,id25,27.0,158.0,vial1,3,29.879265969059976
116,id25,29.0,156.0,vial1,3,29.879265969059976
117,id25,30.5,154.0,vial1,3,29.879265969059976
118,id25,32.5,152.5,vial1,3,29.879265969059976
119,id25,34.5,149.5,vial1,3,29.879265969059976
120,id25,36.5,147.5,vial1,3,29.879265969059976
121,id25,38.5,145.5,vial1,3,29.879265969059976
122,id25,40.5,143.5,vial1,3,29.879265969059976
123,id25,42.5,141.5,vial1,3,29.879265969059976
124,id25,43.5,140.5,vial1,3,29.879265969059976
125,id25,44.5,139.0,vial1,3,29.879265969059976
126,id25,44.5,137.5,vial1,3,29.879265969059976
127,id25,43.5,136.0,vial1,3,29.879265969059976
128,id25,42.5,134.5,vial1,3,29.879265969059976
129,id25,42.5,132.5,vial1,3,29.879265969059976
130,id25,41.5,130.5,vial1,3,29.879265969059976
131,id25,41.5,130.0,vial1,3,29.879265969059976
132,id25,41.5,130.0,vial1,3,29.879265969059976
133,id25,41.0,129.5,vial1,3,29.879265969059976
134,id25,40.5,128.0,vial1,3,29.879265969059976
135,id25,39.5,125.5,vial1,3,29.879265969059976
136,id25,39.0,123.0,vial1,3,29.879265969059976
137,id25,38.0,120.0,vial1,3,29.879265969059976
138,id25,37.5,117.5,vial1,3,29.879265969059976
139,id25,36.5,114.5,vial1,3,29.879265969059976
140,id25,36.5,111.5,vial1,3,29.879265969059976
141,id25,35.5,108.5,vial1,3,29.879265969059976
142,id25,35.0,105.5,vial1,3,29.879265969059976
143,id25,35.0,102.5,vial1,3,29.879265969059976
144,id25,34.5,99.5,vial1,3,29.879265969059976
145,id25,34.5,96.5,vial1,3,29.879265969059976
146,id25,34.0,93.5,vial1,3,29.879265969059976
147,id25,34.5,89.5,vial1,3,29.879265969059976
148,id25,34.5,86.5,vial1,3,29.879265969059976
149,id25,34.5,83.5,vial1,3,29.879265969059976
150,id25,34.5,80.5,vial1,3,29.879265969059976
151,id25,34.5,77.5,vial1,3,29.879265969059976
152,id25,34.5,74.5,vial1,3,29.879265969059976
153,id25,34.5,71.5,vial1,3,29.879265969059976
154,id25,34.5,68.5,vial1,3,29.879265969059976
155,id25,34.5,66.0,vial1,3,29.879265969059976
156,id25,35.5,63.5,vial1,3,29.879265969059976
157,id25,36.5,60.5,vial1,3,29.879265969059976
158,id25,37.0,57.5,vial1,3,29.879265969059976
159,id25,38.0,55.5,vial1,3,29.879265969059976
160,id25,38.0,54.5,vial1,3,29.879265969059976
161,id25,39.0,52.0,vial1,3,29.879265969059976
162,id25,40.5,49.5,vial1,3,29.879265969059976
163,id25,42.0,47.0,vial1,3,29.879265969059976
164,id25,42.5,44.5,vial1,3,29.879265969059976
165,id25,44.0,43.0,vial1,3,29.879265969059976
166,id25,44.0,41.5,vial1,3,29.879265969059976
167,id25,46.0,39.5,vial1,3,29.879265969059976
168,id25,47.0,37.5,vial1,3,29.879265969059976
169,id25,48.0,35.0,vial1,3,29.879265969059976
170,id25,49.0,33.0,vial1,3,29.879265969059976
171,id25,50.5,30.0,vial1,3,29.879265969059976
172,id25,52.0,27.5,vial1,3,29.879265969059976
173,id25,52.5,24.5,vial1,3,29.879265969059976
174,id25,54.0,21.5,vial1,3,29.879265969059976
175,id25,54.5,18.5,vial1,3,29.879265969059976
176,id25,55.0,16.5,vial1,3,29.879265969059976
177,id25,56.5,14.5,vial1,3,29.879265969059976
178,id25,57.5,12.5,vial1,3,29.879265969059976
179,id25,58.0,11.0,vial1,3,29.879265969059976
180,id25,59.0,9.0,vial1,3,29.879265969059976
181,id25,60.0,8.5,vial1,3,29.879265969059976
182,id25,61.0,8.0,vial1,3,29.879265969059976
0,id26,321.0,371.5,vial3,16,29.879265969059976
1,id26,321.5,371.5,vial3,16,29.879265969059976
2,id26,319.5,370.5,vial3,16,29.879265969059976
3,id26,318.0,370.0,vial3,16,29.879265969059976
4,id26,316.5,372.0,vial3,16,29.879265969059976
5,id26,315.0,371.5,vial3,16,29.879265969059976
6,id26,309.5,370.5,vial3,16,29.879265969059976
7,id26,306.5,371.5,vial3,16,29.879265969059976
8,id26,307.0,372.0,vial3,16,29.879265969059976
9,id26,307.0,371.5,vial3,16,29.879265969059976
10,id26,306.5,371.5,vial3,16,29.879265969059976
11,id26,307.0,371.5,vial3,16,29.879265969059976
12,id26,307.0,369.5,vial3,16,29.879265969059976
13,id26,307.0,368.5,vial3,16,29.879265969059976
14,id26,306.0,368.0,vial3,16,29.879265969059976
15,id26,305.5,367.0,vial3,16,29.879265969059976
16,id26,306.5,367.0,vial3,16,29.879265969059976
17,id26,306.0,368.0,vial3,16,29.879265969059976
18,id26,305.5,367.5,vial3,16,29.879265969059976
19,id26,305.5,368.0,vial3,16,29.879265969059976
20,id26,305.5,368.0,vial3,16,29.879265969059976
21,id26,306.0,368.0,vial3,16,29.879265969059976
22,id26,305.5,367.5,vial3,16,29.879265969059976
23,id26,305.0,369.0,vial3,16,29.879265969059976
24,id26,306.0,366.5,vial3,16,29.879265969059976
25,id26,306.0,366.5,vial3,16,29.879265969059976
26,id26,307.0,368.5,vial3,16,29.879265969059976
27,id26,306.5,368.0,vial3,16,29.879265969059976
28,id26,306.5,368.0,vial3,16,29.879265969059976
29,id26,305.5,367.5,vial3,16,29.879265969059976
30,id26,306.0,367.0,vial3,16,29.879265969059976
31,id26,305.5,366.0,vial3,16,29.879265969059976
32,id26,306.0,364.5,vial3,16,29.879265969059976
33,id26,306.0,362.5,vial3,16,29.879265969059976
34,id26,306.5,361.5,vial3,16,29.879265969059976
35,id26,306.5,360.5,vial3,16,29.879265969059976
36,id26,305.5,359.5,vial3,16,29.879265969059976
37,id26,307.0,357.5,vial3,16,29.879265969059976
38,id26,307.5,356.5,vial3,16,29.879265969059976
39,id26,307.5,354.5,vial3,16,29.879265969059976
40,id26,307.5,352.5,vial3,16,29.879265969059976
41,id26,308.0,350.0,vial3,16,29.879265969059976
42,id26,308.5,349.0,vial3,16,29.879265969059976
43,id26,308.5,346.5,vial3,16,29.879265969059976
44,id26,309.0,344.5,vial3,16,29.879265969059976
45,id26,309.5,341.5,vial3,16,29.879265969059976
46,id26,309.5,339.5,vial3,16,29.879265969059976
47,id26,309.5,337.5,vial3,16,29.879265969059976
48,id26,310.5,334.5,vial3,16,29.879265969059976
49,id26,311.5,332.5,vial3,16,29.879265969059976
50,id26,311.5,330.5,vial3,16,29.879265969059976
51,id26,312.5,328.5,vial3,16,29.879265969059976
52,id26,313.0,326.5,vial3,16,29.879265969059976
53,id26,313.0,323.5,vial3,16,29.879265969059976
54,id26,314.0,321.5,vial3,16,29.879265969059976
55,id26,315.0,320.5,vial3,16,29.879265969059976
56,id26,315.0,318.5,vial3,16,29.879265969059976
57,id26,316.0,316.5,vial3,16,29.879265969059976
58,id26,316.5,314.5,vial3,16,29.879265969059976
59,id26,317.0,312.5,vial3,16,29.879265969059976
60,id26,317.5,311.0,vial3,16,29.879265969059976
61,id26,318.5,309.5,vial3,16,29.879265969059976
62,id26,319.0,307.5,vial3,16,29.879265969059976
63,id26,319.5,305.5,vial3,16,29.879265969059976
64,id26,320.5,303.5,vial3,16,29.879265969059976
65,id26,321.0,301.5,vial3,16,29.879265969059976
66,id26,321.0,300.5,vial3,16,29.879265969059976
67,id26,321.5,299.0,vial3,16,29.879265969059976
68,id26,322.0,297.5,vial3,16,29.879265969059976
69,id26,322.5,295.5,vial3,16,29.879265969059976
70,id26,323.5,293.0,vial3,16,29.879265969059976
71,id26,323.5,291.5,vial3,16,29.879265969059976
72,id26,324.5,288.5,vial3,16,29.879265969059976
73,id26,325.5,286.5,vial3,16,29.879265969059976
74,id26,325.5,284.5,vial3,16,29.879265969059976
75,id26,326.5,282.5,vial3,16,29.879265969059976
76,id26,327.0,280.5,vial3,16,29.879265969059976
77,id26,327.5,277.5,vial3,16,29.879265969059976
78,id26,327.5,274.5,vial3,16,29.879265969059976
79,id26,328.5,272.5,vial3,16,29.879265969059976
80,id26,329.0,270.5,vial3,16,29.879265969059976
82,id26,331.5,265.5,vial3,16,29.879265969059976
83,id26,331.0,262.5,vial3,16,29.879265969059976
84,id26,331.5,260.0,vial3,16,29.879265969059976
85,id26,332.0,257.5,vial3,16,29.879265969059976
86,id26,333.0,254.5,vial3,16,29.879265969059976
87,id26,333.0,252.0,vial3,16,29.879265969059976
88,id26,333.5,249.5,vial3,16,29.879265969059976
89,id26,334.5,246.5,vial3,16,29.879265969059976
90,id26,334.5,244.5,vial3,16,29.879265969059976
91,id26,335.0,242.5,vial3,16,29.879265969059976
92,id26,335.5,242.5,vial3,16,29.879265969059976
93,id26,335.5,242.5,vial3,16,29.879265969059976
94,id26,335.5,241.5,vial3,16,29.879265969059976
95,id26,336.0,240.5,vial3,16,29.879265969059976
96,id26,336.5,239.5,vial3,16,29.879265969059976
97,id26,337.5,239.0,vial3,16,29.879265969059976
98,id26,338.0,238.0,vial3,16,29.879265969059976
99,id26,339.0,236.0,vial3,16,29.879265969059976
100,id26,340.0,235.0,vial3,16,29.879265969059976
101,id26,341.0,234.0,vial3,16,29.879265969059976
102,id26,341.5,232.0,vial3,16,29.879265969059976
103,id26,342.5,231.0,vial3,16,29.879265969059976
104,id26,343.0,229.0,vial3,16,29.879265969059976
105,id26,344.0,227.0,vial3,16,29.879265969059976
106,id26,344.0,227.0,vial3,16,29.879265969059976
107,id26,344.5,225.0,vial3,16,29.879265969059976
108,id26,345.5,223.0,vial3,16,29.879265969059976
109,id26,345.5,221.0,vial3,16,29.879265969059976
110,id26,346.0,220.0,vial3,16,29.879265969059976
111,id26,346.0,218.0,vial3,16,29.879265969059976
112,id26,346.5,216.0,vial3,16,29.879265969059976
113,id26,346.5,214.5,vial3,16,29.879265969059976
114,id26,346.5,212.5,vial3,16,29.879265969059976
115,id26,346.5,211.0,vial3,16,29.879265969059976
116,id26,345.0,208.5,vial3,16,29.879265969059976
117,id26,345.5,208.0,vial3,16,29.879265969059976
118,id26,345.5,206.0,vial3,16,29.879265969059976
119,id26,346.0,205.0,vial3,16,29.879265969059976
120,id26,345.0,204.0,vial3,16,29.879265969059976
121,id26,344.0,202.5,vial3,16,29.879265969059976
122,id26,344.0,201.0,vial3,16,29.879265969059976
123,id26,344.0,199.0,vial3,16,29.879265969059976
124,id26,343.0,196.5,vial3,16,29.879265969059976
125,id26,343.0,194.5,vial3,16,29.879265969059976
126,id26,343.0,191.5,vial3,16,29.879265969059976
127,id26,343.0,189.5,vial3,16,29.879265969059976
128,id26,343.0,187.5,vial3,16,29.879265969059976
129,id26,343.0,184.5,vial3,16,29.879265969059976
130,id26,343.0,182.5,vial3,16,29.879265969059976
131,id26,344.0,179.5,vial3,16,29.879265969059976
132,id26,344.0,177.5,vial3,16,29.879265969059976
133,id26,344.0,174.5,vial3,16,29.879265969059976
134,id26,344.0,172.5,vial3,16,29.879265969059976
135,id26,344.0,169.5,vial3,16,29.879265969059976
136,id26,344.0,166.5,vial3,16,29.879265969059976
137,id26,344.0,163.5,vial3,16,29.879265969059976
138,id26,344.0,160.5,vial3,16,29.879265969059976
139,id26,344.0,157.5,vial3,16,29.879265969059976
140,id26,344.0,154.5,vial3,16,29.879265969059976
141,id26,344.0,152.0,vial3,16,29.879265969059976
142,id26,344.0,149.5,vial3,16,29.879265969059976
143,id26,343.5,147.0,vial3,16,29.879265969059976
144,id26,343.5,144.5,vial3,16,29.879265969059976
145,id26,343.0,143.5,vial3,16,29.879265969059976
146,id26,342.5,141.5,vial3,16,29.879265969059976
147,id26,342.5,140.0,vial3,16,29.879265969059976
148,id26,342.0,137.5,vial3,16,29.879265969059976
149,id26,342.5,135.5,vial3,16,29.879265969059976
150,id26,342.5,133.0,vial3,16,29.879265969059976
151,id26,342.5,130.5,vial3,16,29.879265969059976
152,id26,342.0,128.5,vial3,16,29.879265969059976
153,id26,341.5,126.5,vial3,16,29.879265969059976
154,id26,341.0,123.5,vial3,16,29.879265969059976
155,id26,340.0,121.5,vial3,16,29.879265969059976
156,id26,339.0,119.5,vial3,16,29.879265969059976
157,id26,338.0,117.5,vial3,16,29.879265969059976
158,id26,337.0,115.5,vial3,16,29.879265969059976
159,id26,336.0,113.5,vial3,16,29.879265969059976
160,id26,334.5,111.5,vial3,16,29.879265969059976
161,id26,333.0,109.0,vial3,16,29.879265969059976
162,id26,331.5,107.0,vial3,16,29.879265969059976
163,id26,330.5,106.0,vial3,16,29.879265969059976
164,id26,329.5,104.0,vial3,16,29.879265969059976
165,id26,327.5,102.0,vial3,16,29.879265969059976
166,id26,326.5,100.0,vial3,16,29.879265969059976
167,id26,325.5,98.0,vial3,16,29.879265969059976
168,id26,324.5,96.0,vial3,16,29.879265969059976
169,id26,322.5,94.0,vial3,16,29.879265969059976
170,id26,320.5,92.0,vial3,16,29.879265969059976
171,id26,319.0,90.0,vial3,16,29.879265969059976
172,id26,317.5,88.0,vial3,16,29.879265969059976
173,id26,316.5,86.0,vial3,16,29.879265969059976
174,id26,314.5,83.5,vial3,16,29.879265969059976
175,id26,313.5,81.5,vial3,16,29.879265969059976
176,id26,311.5,79.0,vial3,16,29.879265969059976
177,id26,310.0,76.5,vial3,16,29.879265969059976
178,id26,308.5,74.5,vial3,16,29.879265969059976
179,id26,308.0,73.5,vial3,16,29.879265969059976
180,id26,308.0,73.5,vial3,16,29.879265969059976
181,id26,308.0,73.5,vial3,16,29.879265969059976
182,id26,308.0,73.5,vial3,16,29.879265969059976
183,id26,308.0,73.5,vial3,16,29.879265969059976
184,id26,307.5,73.0,vial3,16,29.879265969059976
185,id26,307.0,72.0,vial3,16,29.879265969059976
186,id26,305.5,70.5,vial3,16,29.879265969059976
187,id26,304.5,68.5,vial3,16,29.879265969059976
188,id26,303.5,66.0,vial3,16,29.879265969059976
189,id26,302.5,64.0,vial3,16,29.879265969059976
190,id26,301.0,62.0,vial3,16,29.879265969059976
191,id26,299.5,59.5,vial3,16,29.879265969059976
192,id26,298.5,57.5,vial3,16,29.879265969059976
193,id26,297.0,55.0,vial3,16,29.879265969059976
194,id26,296.5,53.0,vial3,16,29.879265969059976
195,id26,296.0,51.5,vial3,16,29.879265969059976
196,id26,296.0,50.0,vial3,16,29.879265969059976
197,id26,296.0,49.5,vial3,16,29.879265969059976
198,id26,296.0,48.5,vial3,16,29.879265969059976
199,id26,296.0,48.0,vial3,16,29.879265969059976
200,id26,296.0,46.5,vial3,16,29.879265969059976
201,id26,296.0,46.0,vial3,16,29.879265969059976
202,id26,296.5,44.5,vial3,16,29.879265969059976
203,id26,297.5,43.0,vial3,16,29.879265969059976
204,id26,298.5,41.5,vial3,16,29.879265969059976
205,id26,300.0,39.5,vial3,16,29.879265969059976
206,id26,301.0,37.5,vial3,16,29.879265969059976
207,id26,302.0,35.5,vial3,16,29.879265969059976
208,id26,302.5,33.0,vial3,16,29.879265969059976
209,id26,303.0,30.5,vial3,16,29.879265969059976
210,id26,303.5,28.5,vial3,16,29.879265969059976
211,id26,304.0,26.5,vial3,16,29.879265969059976
212,id26,304.0,25.0,vial3,16,29.879265969059976
213,id26,304.0,25.0,vial3,16,29.879265969059976
214,id26,304.0,25.0,vial3,16,29.879265969059976
215,id26,304.0,25.0,vial3,16,29.879265969059976
216,id26,304.0,25.0,vial3,16,29.879265969059976
217,id26,303.5,25.0,vial3,16,29.879265969059976
218,id26,303.5,25.0,vial3,16,29.879265969059976
219,id26,303.0,24.5,vial3,16,29.879265969059976
220,id26,303.0,24.5,vial3,16,29.879265969059976
221,id26,302.0,23.5,vial3,16,29.879265969059976
222,id26,300.5,23.0,vial3,16,29.879265969059976
223,id26,299.5,22.5,vial3,16,29.879265969059976
224,id26,297.5,21.0,vial3,16,29.879265969059976
225,id26,296.5,19.5,vial3,16,29.879265969059976
226,id26,295.5,18.0,vial3,16,29.879265969059976
227,id26,293.5,17.0,vial3,16,29.879265969059976
228,id26,292.5,15.0,vial3,16,29.879265969059976
229,id26,291.5,14.0,vial3,16,29.879265969059976
230,id26,290.5,13.0,vial3,16,29.879265969059976
231,id26,290.0,12.0,vial3,16,29.879265969059976
0,id27,145.5,374.0,vial2,8,29.879265969059976
1,id27,145.0,374.0,vial2,8,29.879265969059976
2,id27,145.5,374.0,vial2,8,29.879265969059976
3,id27,145.0,374.0,vial2,8,29.879265969059976
4,id27,145.0,374.0,vial2,8,29.879265969059976
5,id27,146.5,374.0,vial2,8,29.879265969059976
7,id27,149.0,374.0,vial2,8,29.879265969059976
8,id27,149.5,374.5,vial2,8,29.879265969059976
9,id27,150.5,374.5,vial2,8,29.879265969059976
10,id27,154.5,375.5,vial2,8,29.879265969059976
11,id27,158.0,375.5,vial2,8,29.879265969059976
12,id27,161.0,376.0,vial2,8,29.879265969059976
13,id27,162.5,376.0,vial2,8,29.879265969059976
14,id27,164.5,376.0,vial2,8,29.879265969059976
15,id27,168.0,375.5,vial2,8,29.879265969059976
19,id27,171.5,375.0,vial2,8,29.879265969059976
20,id27,177.5,371.5,vial2,8,29.879265969059976
21,id27,179.0,371.0,vial2,8,29.879265969059976
22,id27,180.0,372.0,vial2,8,29.879265969059976
23,id27,182.0,372.0,vial2,8,29.879265969059976
24,id27,184.5,373.0,vial2,8,29.879265969059976
25,id27,187.0,373.0,vial2,8,29.879265969059976
26,id27,187.0,373.0,vial2,8,29.879265969059976
27,id27,188.0,373.5,vial2,8,29.879265969059976
28,id27,187.0,374.5,vial2,8,29.879265969059976
29,id27,187.0,375.0,vial2,8,29.879265969059976
30,id27,187.5,374.5,vial2,8,29.879265969059976
31,id27,189.0,374.5,vial2,8,29.879265969059976
32,id27,189.5,374.5,vial2,8,29.879265969059976
33,id27,189.5,374.5,vial2,8,29.879265969059976
34,id27,189.5,374.5,vial2,8,29.879265969059976
35,id27,189.5,374.5,vial2,8,29.879265969059976
36,id27,190.0,374.5,vial2,8,29.879265969059976
37,id27,189.0,374.5,vial2,8,29.879265969059976
38,id27,188.5,375.0,vial2,8,29.879265969059976
39,id27,188.5,375.0,vial2,8,29.879265969059976
40,id27,189.0,375.0,vial2,8,29.879265969059976
41,id27,190.0,375.5,vial2,8,29.879265969059976
42,id27,190.0,375.5,vial2,8,29.879265969059976
43,id27,190.0,375.5,vial2,8,29.879265969059976
44,id27,190.0,375.5,vial2,8,29.879265969059976
45,id27,190.0,375.5,vial2,8,29.879265969059976
46,id27,190.0,375.5,vial2,8,29.879265969059976
47,id27,198.0,353.5,vial2,8,29.879265969059976
48,id27,197.5,353.5,vial2,8,29.879265969059976
49,id27,206.0,330.0,vial2,8,29.879265969059976
50,id27,207.0,330.0,vial2,8,29.879265969059976
51,id27,207.0,329.5,vial2,8,29.879265969059976
52,id27,208.5,326.5,vial2,8,29.879265969059976
53,id27,209.0,323.5,vial2,8,29.879265969059976
54,id27,209.5,320.5,vial2,8,29.879265969059976
55,id27,210.5,319.0,vial2,8,29.879265969059976
56,id27,211.5,318.5,vial2,8,29.879265969059976
57,id27,211.5,317.0,vial2,8,29.879265969059976
58,id27,211.5,317.0,vial2,8,29.879265969059976
59,id27,211.5,317.0,vial2,8,29.879265969059976
60,id27,211.5,316.5,vial2,8,29.879265969059976
61,id27,211.5,316.0,vial2,8,29.879265969059976
62,id27,211.5,316.5,vial2,8,29.879265969059976
63,id27,210.5,316.5,vial2,8,29.879265969059976
64,id27,211.5,316.5,vial2,8,29.879265969059976
65,id27,211.0,316.0,vial2,8,29.879265969059976
66,id27,210.5,316.0,vial2,8,29.879265969059976
67,id27,209.5,315.5,vial2,8,29.879265969059976
68,id27,209.0,314.5,vial2,8,29.879265969059976
69,id27,208.0,314.5,vial2,8,29.879265969059976
70,id27,206.5,313.5,vial2,8,29.879265969059976
71,id27,204.5,314.0,vial2,8,29.879265969059976
72,id27,203.5,314.5,vial2,8,29.879265969059976
73,id27,200.5,314.5,vial2,8,29.879265969059976
74,id27,198.0,314.5,vial2,8,29.879265969059976
75,id27,195.5,315.5,vial2,8,29.879265969059976
76,id27,192.5,316.5,vial2,8,29.879265969059976
77,id27,189.5,317.0,vial2,8,29.879265969059976
78,id27,186.5,316.0,vial2,8,29.879265969059976
79,id27,184.0,315.0,vial2,8,29.879265969059976
80,id27,181.5,313.5,vial2,8,29.879265969059976
81,id27,180.0,311.5,vial2,8,29.879265969059976
82,id27,178.0,308.0,vial2,8,29.879265969059976
83,id27,176.5,305.0,vial2,8,29.879265969059976
84,id27,175.0,301.0,vial2,8,29.879265969059976
85,id27,173.0,297.5,vial2,8,29.879265969059976
86,id27,171.5,294.5,vial2,8,29.879265969059976
87,id27,170.5,290.0,vial2,8,29.879265969059976
88,id27,168.5,285.5,vial2,8,29.879265969059976
89,id27,167.0,281.5,vial2,8,29.879265969059976
90,id27,165.0,278.0,vial2,8,29.879265969059976
91,id27,163.0,273.5,vial2,8,29.879265969059976
92,id27,161.0,270.5,vial2,8,29.879265969059976
93,id27,159.0,267.0,vial2,8,29.879265969059976
94,id27,156.0,264.0,vial2,8,29.879265969059976
95,id27,154.5,261.0,vial2,8,29.879265969059976
96,id27,152.0,258.5,vial2,8,29.879265969059976
97,id27,150.5,256.5,vial2,8,29.879265969059976
98,id27,150.0,259.0,vial2,8,29.879265969059976
99,id27,148.5,259.0,vial2,8,29.879265969059976
100,id27,148.0,259.5,vial2,8,29.879265969059976
101,id27,147.5,259.5,vial2,8,29.879265969059976
102,id27,146.0,259.5,vial2,8,29.879265969059976
103,id27,145.0,259.5,vial2,8,29.879265969059976
104,id27,144.0,260.5,vial2,8,29.879265969059976
105,id27,142.5,260.5,vial2,8,29.879265969059976
106,id27,141.5,260.5,vial2,8,29.879265969059976
107,id27,140.5,262.5,vial2,8,29.879265969059976
108,id27,140.5,263.5,vial2,8,29.879265969059976
109,id27,141.0,265.0,vial2,8,29.879265969059976
110,id27,141.5,267.0,vial2,8,29.879265969059976
111,id27,142.0,268.0,vial2,8,29.879265969059976
112,id27,143.0,270.0,vial2,8,29.879265969059976
113,id27,144.5,270.5,vial2,8,29.879265969059976
114,id27,146.5,271.0,vial2,8,29.879265969059976
115,id27,147.0,271.5,vial2,8,29.879265969059976
116,id27,148.0,271.5,vial2,8,29.879265969059976
117,id27,149.0,271.5,vial2,8,29.879265969059976
118,id27,149.0,271.5,vial2,8,29.879265969059976
119,id27,149.0,271.5,vial2,8,29.879265969059976
120,id27,149.0,271.5,vial2,8,29.879265969059976
121,id27,149.0,271.5,vial2,8,29.879265969059976
122,id27,149.0,271.0,vial2,8,29.879265969059976
123,id27,150.0,270.5,vial2,8,29.879265969059976
124,id27,150.5,269.0,vial2,8,29.879265969059976
125,id27,151.5,268.0,vial2,8,29.879265969059976
126,id27,152.5,267.5,vial2,8,29.879265969059976
127,id27,153.0,267.0,vial2,8,29.879265969059976
128,id27,153.0,267.0,vial2,8,29.879265969059976
129,id27,153.0,267.0,vial2,8,29.879265969059976
130,id27,153.0,267.0,vial2,8,29.879265969059976
131,id27,153.0,267.0,vial2,8,29.879265969059976
132,id27,153.0,267.0,vial2,8,29.879265969059976
133,id27,164.5,261.5,vial2,8,29.879265969059976
134,id27,187.5,242.5,vial2,8,29.879265969059976
135,id27,189.5,237.5,vial2,8,29.879265969059976
136,id27,188.5,237.0,vial2,8,29.879265969059976
137,id27,186.5,235.5,vial2,8,29.879265969059976
138,id27,185.5,234.0,vial2,8,29.879265969059976
139,id27,184.0,232.0,vial2,8,29.879265969059976
140,id27,183.5,229.5,vial2,8,29.879265969059976
141,id27,183.5,227.5,vial2,8,29.879265969059976
142,id27,183.0,224.5,vial2,8,29.879265969059976
143,id27,182.0,220.5,vial2,8,29.879265969059976
144,id27,180.5,218.0,vial2,8,29.879265969059976
145,id27,179.5,215.5,vial2,8,29.879265969059976
146,id27,177.5,212.5,vial2,8,29.879265969059976
147,id27,176.0,209.5,vial2,8,29.879265969059976
148,id27,174.5,206.5,vial2,8,29.879265969059976
149,id27,172.0,203.0,vial2,8,29.879265969059976
150,id27,169.0,200.5,vial2,8,29.879265969059976
151,id27,166.0,198.5,vial2,8,29.879265969059976
152,id27,163.0,196.5,vial2,8,29.879265969059976
153,id27,160.0,195.0,vial2,8,29.879265969059976
154,id27,158.0,193.0,vial2,8,29.879265969059976
155,id27,155.0,191.5,vial2,8,29.879265969059976
156,id27,153.0,190.5,vial2,8,29.879265969059976
157,id27,151.0,189.5,vial2,8,29.879265969059976
158,id27,149.0,189.0,vial2,8,29.879265969059976
159,id27,147.5,189.5,vial2,8,29.879265969059976
160,id27,145.5,189.5,vial2,8,29.879265969059976
161,id27,144.5,189.5,vial2,8,29.879265969059976
162,id27,143.5,188.5,vial2,8,29.879265969059976
163,id27,142.0,187.5,vial2,8,29.879265969059976
164,id27,142.0,187.5,vial2,8,29.879265969059976
165,id27,142.0,186.5,vial2,8,29.879265969059976
166,id27,141.5,186.5,vial2,8,29.879265969059976
167,id27,141.5,186.0,vial2,8,29.879265969059976
168,id27,141.5,186.0,vial2,8,29.879265969059976
169,id27,141.5,186.0,vial2,8,29.879265969059976
170,id27,143.0,185.5,vial2,8,29.879265969059976
171,id27,152.5,180.5,vial2,8,29.879265969059976
172,id27,153.0,181.0,vial2,8,29.879265969059976
173,id27,151.5,181.5,vial2,8,29.879265969059976
174,id27,150.5,180.0,vial2,8,29.879265969059976
175,id27,149.5,177.5,vial2,8,29.879265969059976
176,id27,149.5,176.0,vial2,8,29.879265969059976
177,id27,149.5,173.5,vial2,8,29.879265969059976
178,id27,150.5,170.5,vial2,8,29.879265969059976
179,id27,151.5,168.5,vial2,8,29.879265969059976
180,id27,151.5,166.5,vial2,8,29.879265969059976
181,id27,151.0,164.5,vial2,8,29.879265969059976
182,id27,150.0,162.5,vial2,8,29.879265969059976
183,id27,149.0,160.5,vial2,8,29.879265969059976
184,id27,147.5,158.0,vial2,8,29.879265969059976
185,id27,146.0,155.0,vial2,8,29.879265969059976
186,id27,145.5,152.5,vial2,8,29.879265969059976
187,id27,144.0,150.0,vial2,8,29.879265969059976
188,id27,143.5,147.0,vial2,8,29.879265969059976
189,id27,142.5,143.5,vial2,8,29.879265969059976
190,id27,142.5,140.5,vial2,8,29.879265969059976
191,id27,142.0,138.0,vial2,8,29.879265969059976
192,id27,142.0,135.5,vial2,8,29.879265969059976
193,id27,142.0,133.0,vial2,8,29.879265969059976
194,id27,142.0,131.5,vial2,8,29.879265969059976
195,id27,142.5,129.5,vial2,8,29.879265969059976
196,id27,143.0,127.5,vial2,8,29.879265969059976
197,id27,144.0,125.5,vial2,8,29.879265969059976
198,id27,145.0,123.5,vial2,8,29.879265969059976
199,id27,146.0,121.5,vial2,8,29.879265969059976
200,id27,147.5,120.5,vial2,8,29.879265969059976
201,id27,149.5,118.5,vial2,8,29.879265969059976
202,id27,151.5,117.0,vial2,8,29.879265969059976
203,id27,153.0,115.0,vial2,8,29.879265969059976
204,id27,156.0,114.0,vial2,8,29.879265969059976
205,id27,158.5,112.0,vial2,8,29.879265969059976
206,id27,160.0,111.0,vial2,8,29.879265969059976
207,id27,162.5,111.0,vial2,8,29.879265969059976
208,id27,165.0,109.5,vial2,8,29.879265969059976
209,id27,167.5,108.5,vial2,8,29.879265969059976
210,id27,170.5,107.0,vial2,8,29.879265969059976
211,id27,173.5,106.0,vial2,8,29.879265969059976
212,id27,175.0,105.0,vial2,8,29.879265969059976
213,id27,175.5,104.5,vial2,8,29.879265969059976
214,id27,175.5,104.5,vial2,8,29.879265969059976
215,id27,175.5,104.5,vial2,8,29.879265969059976
216,id27,175.5,105.0,vial2,8,29.879265969059976
217,id27,175.0,105.0,vial2,8,29.879265969059976
218,id27,175.5,104.5,vial2,8,29.879265969059976
219,id27,176.0,104.5,vial2,8,29.879265969059976
220,id27,177.5,104.0,vial2,8,29.879265969059976
221,id27,178.0,103.5,vial2,8,29.879265969059976
222,id27,179.0,103.0,vial2,8,29.879265969059976
223,id27,179.0,103.0,vial2,8,29.879265969059976
224,id27,179.5,103.0,vial2,8,29.879265969059976
225,id27,206.5,101.5,vial2,8,29.879265969059976
226,id27,211.0,107.0,vial2,8,29.879265969059976
227,id27,212.5,117.0,vial2,8,29.879265969059976
228,id27,205.5,144.0,vial2,8,29.879265969059976
229,id27,173.5,158.5,vial2,8,29.879265969059976
230,id27,154.5,143.0,vial2,8,29.879265969059976
231,id27,153.0,114.5,vial2,8,29.879265969059976
232,id27,149.5,94.5,vial2,8,29.879265969059976
233,id27,145.0,85.5,vial2,8,29.879265969059976
234,id27,144.0,85.5,vial2,8,29.879265969059976
235,id27,144.0,84.5,vial2,8,29.879265969059976
236,id27,144.0,82.5,vial2,8,29.879265969059976
237,id27,144.5,81.0,vial2,8,29.879265969059976
238,id27,145.0,78.5,vial2,8,29.879265969059976
239,id27,145.0,76.0,vial2,8,29.879265969059976
240,id27,145.0,72.5,vial2,8,29.879265969059976
241,id27,145.0,69.5,vial2,8,29.879265969059976
242,id27,144.5,66.5,vial2,8,29.879265969059976
243,id27,144.5,64.5,vial2,8,29.879265969059976
244,id27,144.5,61.5,vial2,8,29.879265969059976
245,id27,143.5,58.0,vial2,8,29.879265969059976
246,id27,143.5,55.5,vial2,8,29.879265969059976
247,id27,142.5,54.0,vial2,8,29.879265969059976
248,id27,142.5,52.0,vial2,8,29.879265969059976
249,id27,142.5,49.5,vial2,8,29.879265969059976
250,id27,142.5,47.5,vial2,8,29.879265969059976
251,id27,143.5,45.5,vial2,8,29.879265969059976
252,id27,143.5,43.5,vial2,8,29.879265969059976
253,id27,143.5,41.0,vial2,8,29.879265969059976
254,id27,143.0,38.0,vial2,8,29.879265969059976
255,id27,143.5,34.5,vial2,8,29.879265969059976
256,id27,143.5,31.0,vial2,8,29.879265969059976
257,id27,143.5,27.5,vial2,8,29.879265969059976
258,id27,143.5,23.5,vial2,8,29.879265969059976
259,id27,143.5,20.0,vial2,8,29.879265969059976
260,id27,143.5,16.5,vial2,8,29.879265969059976
261,id27,144.0,13.5,vial2,8,29.879265969059976
262,id27,143.5,7.0,vial2,8,29.879265969059976
0,id28,64.5,371.5,vial1,2,29.879265969059976
1,id28,64.5,371.5,vial1,2,29.879265969059976
2,id28,64.5,372.0,vial1,2,29.879265969059976
3,id28,64.5,371.5,vial1,2,29.879265969059976
4,id28,65.5,371.5,vial1,2,29.879265969059976
5,id28,66.5,371.0,vial1,2,29.879265969059976
6,id28,67.0,371.5,vial1,2,29.879265969059976
7,id28,68.5,372.0,vial1,2,29.879265969059976
8,id28,70.0,372.5,vial1,2,29.879265969059976
9,id28,70.0,372.5,vial1,2,29.879265969059976
10,id28,70.0,372.0,vial1,2,29.879265969059976
11,id28,70.0,372.0,vial1,2,29.879265969059976
12,id28,73.0,366.5,vial1,2,29.879265969059976
13,id28,73.0,369.0,vial1,2,29.879265969059976
14,id28,75.5,369.5,vial1,2,29.879265969059976
15,id28,57.5,364.5,vial1,2,29.879265969059976
20,id28,18.5,374.0,vial1,2,29.879265969059976
21,id28,19.0,373.5,vial1,2,29.879265969059976
22,id28,18.0,372.5,vial1,2,29.879265969059976
23,id28,17.0,372.5,vial1,2,29.879265969059976
24,id28,16.0,373.5,vial1,2,29.879265969059976
25,id28,15.5,373.5,vial1,2,29.879265969059976
26,id28,16.0,373.5,vial1,2,29.879265969059976
27,id28,15.5,373.5,vial1,2,29.879265969059976
28,id28,16.0,374.0,vial1,2,29.879265969059976
29,id28,15.5,374.5,vial1,2,29.879265969059976
30,id28,15.0,374.0,vial1,2,29.879265969059976
31,id28,16.0,374.0,vial1,2,29.879265969059976
32,id28,16.0,374.0,vial1,2,29.879265969059976
33,id28,16.0,373.5,vial1,2,29.879265969059976
34,id28,17.0,373.0,vial1,2,29.879265969059976
35,id28,17.5,372.5,vial1,2,29.879265969059976
36,id28,16.5,371.0,vial1,2,29.879265969059976
37,id28,17.5,369.0,vial1,2,29.879265969059976
38,id28,17.5,366.5,vial1,2,29.879265969059976
39,id28,17.5,363.5,vial1,2,29.879265969059976
40,id28,17.5,360.5,vial1,2,29.879265969059976
41,id28,17.5,357.5,vial1,2,29.879265969059976
42,id28,17.5,354.5,vial1,2,29.879265969059976
43,id28,18.0,351.5,vial1,2,29.879265969059976
44,id28,18.0,347.5,vial1,2,29.879265969059976
45,id28,17.5,344.5,vial1,2,29.879265969059976
46,id28,17.0,341.5,vial1,2,29.879265969059976
47,id28,17.0,338.5,vial1,2,29.879265969059976
48,id28,17.0,335.5,vial1,2,29.879265969059976
50,id28,17.0,349.5,vial1,2,29.879265969059976
51,id28,17.0,348.5,vial1,2,29.879265969059976
52,id28,17.0,348.0,vial1,2,29.879265969059976
53,id28,17.5,347.0,vial1,2,29.879265969059976
54,id28,17.5,346.0,vial1,2,29.879265969059976
55,id28,17.5,344.5,vial1,2,29.879265969059976
56,id28,17.5,342.5,vial1,2,29.879265969059976
57,id28,17.5,340.0,vial1,2,29.879265969059976
58,id28,17.5,338.0,vial1,2,29.879265969059976
59,id28,18.0,334.5,vial1,2,29.879265969059976
60,id28,18.5,332.0,vial1,2,29.879265969059976
61,id28,18.5,330.0,vial1,2,29.879265969059976
62,id28,19.5,327.5,vial1,2,29.879265969059976
63,id28,21.0,325.5,vial1,2,29.879265969059976
64,id28,22.0,323.0,vial1,2,29.879265969059976
65,id28,23.5,321.0,vial1,2,29.879265969059976
66,id28,25.0,319.0,vial1,2,29.879265969059976
67,id28,26.5,317.0,vial1,2,29.879265969059976
68,id28,27.5,315.0,vial1,2,29.879265969059976
69,id28,29.5,313.0,vial1,2,29.879265969059976
70,id28,31.0,311.5,vial1,2,29.879265969059976
71,id28,32.5,309.0,vial1,2,29.879265969059976
72,id28,33.0,307.0,vial1,2,29.879265969059976
73,id28,33.5,304.5,vial1,2,29.879265969059976
74,id28,33.5,302.0,vial1,2,29.879265969059976
75,id28,34.0,300.0,vial1,2,29.879265969059976
76,id28,34.5,297.0,vial1,2,29.879265969059976
77,id28,34.5,294.0,vial1,2,29.879265969059976
78,id28,34.5,291.0,vial1,2,29.879265969059976
79,id28,34.0,288.0,vial1,2,29.879265969059976
80,id28,33.5,285.0,vial1,2,29.879265969059976
81,id28,32.5,282.0,vial1,2,29.879265969059976
82,id28,32.5,279.0,vial1,2,29.879265969059976
83,id28,31.5,276.0,vial1,2,29.879265969059976
84,id28,31.5,273.0,vial1,2,29.879265969059976
85,id28,30.5,270.0,vial1,2,29.879265969059976
86,id28,29.5,268.0,vial1,2,29.879265969059976
87,id28,29.5,268.0,vial1,2,29.879265969059976
88,id28,29.5,267.5,vial1,2,29.879265969059976
89,id28,29.0,266.0,vial1,2,29.879265969059976
90,id28,28.5,264.0,vial1,2,29.879265969059976
91,id28,28.0,263.0,vial1,2,29.879265969059976
92,id28,27.5,262.0,vial1,2,29.879265969059976
93,id28,27.5,260.5,vial1,2,29.879265969059976
94,id28,27.0,260.0,vial1,2,29.879265969059976
95,id28,27.0,259.0,vial1,2,29.879265969059976
96,id28,26.5,258.5,vial1,2,29.879265969059976
97,id28,26.5,258.0,vial1,2,29.879265969059976
98,id28,26.5,258.0,vial1,2,29.879265969059976
99,id28,26.5,258.0,vial1,2,29.879265969059976
100,id28,26.5,257.0,vial1,2,29.879265969059976
101,id28,26.0,256.0,vial1,2,29.879265969059976
102,id28,26.0,256.0,vial1,2,29.879265969059976
103,id28,26.0,256.0,vial1,2,29.879265969059976
104,id28,25.5,255.5,vial1,2,29.879265969059976
105,id28,26.0,255.5,vial1,2,29.879265969059976
106,id28,25.5,255.5,vial1,2,29.879265969059976
107,id28,33.5,236.5,vial1,2,29.879265969059976
108,id28,51.5,203.5,vial1,2,29.879265969059976
109,id28,45.0,165.5,vial1,2,29.879265969059976
110,id28,39.0,143.5,vial1,2,29.879265969059976
111,id28,30.0,159.0,vial1,2,29.879265969059976
140,id28,17.5,112.5,vial1,2,29.879265969059976
141,id28,17.5,111.0,vial1,2,29.879265969059976
142,id28,18.5,109.5,vial1,2,29.879265969059976
143,id28,19.0,107.5,vial1,2,29.879265969059976
144,id28,20.0,105.0,vial1,2,29.879265969059976
145,id28,22.0,102.0,vial1,2,29.879265969059976
146,id28,23.0,99.0,vial1,2,29.879265969059976
147,id28,23.5,96.5,vial1,2,29.879265969059976
148,id28,23.5,94.5,vial1,2,29.879265969059976
149,id28,24.5,93.0,vial1,2,29.879265969059976
150,id28,25.0,92.0,vial1,2,29.879265969059976
151,id28,26.0,91.5,vial1,2,29.879265969059976
152,id28,26.0,91.5,vial1,2,29.879265969059976
153,id28,26.0,91.0,vial1,2,29.879265969059976
154,id28,26.0,91.0,vial1,2,29.879265969059976
155,id28,26.0,90.5,vial1,2,29.879265969059976
156,id28,26.0,90.5,vial1,2,29.879265969059976
157,id28,26.5,90.5,vial1,2,29.879265969059976
158,id28,26.5,90.0,vial1,2,29.879265969059976
159,id28,43.5,65.5,vial1,2,29.879265969059976
160,id28,44.5,28.5,vial1,2,29.879265969059976
164,id28,31.5,44.5,vial1,2,29.879265969059976
165,id28,45.0,93.5,vial1,2,29.879265969059976
166,id28,63.0,134.0,vial1,2,29.879265969059976
167,id28,64.0,134.0,vial1,2,29.879265969059976
168,id28,64.0,134.0,vial1,2,29.879265969059976
169,id28,64.0,134.0,vial1,2,29.879265969059976
170,id28,64.0,134.0,vial1,2,29.879265969059976
171,id28,64.0,134.0,vial1,2,29.879265969059976
172,id28,64.0,134.0,vial1,2,29.879265969059976
173,id28,64.0,134.0,vial1,2,29.879265969059976
174,id28,63.5,133.5,vial1,2,29.879265969059976
175,id28,63.5,131.5,vial1,2,29.879265969059976
176,id28,64.5,129.5,vial1,2,29.879265969059976
177,id28,64.5,126.5,vial1,2,29.879265969059976
178,id28,65.0,124.5,vial1,2,29.879265969059976
179,id28,65.5,121.5,vial1,2,29.879265969059976
180,id28,66.5,119.5,vial1,2,29.879265969059976
181,id28,66.5,116.5,vial1,2,29.879265969059976
182,id28,67.5,114.5,vial1,2,29.879265969059976
183,id28,67.5,111.5,vial1,2,29.879265969059976
184,id28,68.5,107.5,vial1,2,29.879265969059976
185,id28,69.5,104.5,vial1,2,29.879265969059976
186,id28,70.0,102.5,vial1,2,29.879265969059976
187,id28,70.5,100.5,vial1,2,29.879265969059976
188,id28,70.5,100.5,vial1,2,29.879265969059976
189,id28,70.5,100.5,vial1,2,29.879265969059976
190,id28,70.5,99.5,vial1,2,29.879265969059976
191,id28,70.5,100.0,vial1,2,29.879265969059976
192,id28,70.5,100.0,vial1,2,29.879265969059976
193,id28,70.5,99.5,vial1,2,29.879265969059976
194,id28,70.5,98.0,vial1,2,29.879265969059976
195,id28,70.0,95.0,vial1,2,29.879265969059976
196,id28,70.0,92.0,vial1,2,29.879265969059976
197,id28,70.0,88.5,vial1,2,29.879265969059976
198,id28,70.0,85.0,vial1,2,29.879265969059976
199,id28,70.5,80.5,vial1,2,29.879265969059976
200,id28,70.5,76.5,vial1,2,29.879265969059976
201,id28,70.5,73.5,vial1,2,29.879265969059976
202,id28,70.5,70.5,vial1,2,29.879265969059976
203,id28,71.5,67.0,vial1,2,29.879265969059976
204,id28,71.5,63.0,vial1,2,29.879265969059976
205,id28,71.5,59.0,vial1,2,29.879265969059976
206,id28,71.5,55.5,vial1,2,29.879265969059976
207,id28,71.5,52.0,vial1,2,29.879265969059976
208,id28,72.0,48.5,vial1,2,29.879265969059976
209,id28,71.5,45.0,vial1,2,29.879265969059976
210,id28,71.5,41.5,vial1,2,29.879265969059976
211,id28,71.5,38.0,vial1,2,29.879265969059976
212,id28,71.5,34.5,vial1,2,29.879265969059976
213,id28,71.5,30.5,vial1,2,29.879265969059976
214,id28,72.0,27.0,vial1,2,29.879265969059976
215,id28,72.0,24.0,vial1,2,29.879265969059976
216,id28,71.5,21.0,vial1,2,29.879265969059976
217,id28,72.5,18.5,vial1,2,29.879265969059976
218,id28,73.0,17.0,vial1,2,29.879265969059976
219,id28,73.5,13.5,vial1,2,29.879265969059976
220,id28,74.5,10.5,vial1,2,29.879265969059976
221,id28,74.5,8.0,vial1,2,29.879265969059976
0,id29,301.5,372.0,vial3,19,29.879265969059976
1,id29,302.0,372.0,vial3,19,29.879265969059976
2,id29,303.0,372.0,vial3,19,29.879265969059976
3,id29,304.0,371.5,vial3,19,29.879265969059976
4,id29,303.5,371.5,vial3,19,29.879265969059976
5,id29,304.0,371.5,vial3,19,29.879265969059976
6,id29,304.5,373.0,vial3,19,29.879265969059976
7,id29,309.5,371.0,vial3,19,29.879265969059976
8,id29,309.0,371.5,vial3,19,29.879265969059976
12,id29,306.0,373.0,vial3,19,29.879265969059976
13,id29,308.5,374.5,vial3,19,29.879265969059976
14,id29,310.0,374.5,vial3,19,29.879265969059976
15,id29,312.5,375.5,vial3,19,29.879265969059976
19,id29,324.5,374.5,vial3,19,29.879265969059976
20,id29,326.0,374.5,vial3,19,29.879265969059976
21,id29,331.0,374.5,vial3,19,29.879265969059976
22,id29,332.5,374.5,vial3,19,29.879265969059976
23,id29,334.5,374.5,vial3,19,29.879265969059976
24,id29,335.5,374.5,vial3,19,29.879265969059976
25,id29,337.0,374.5,vial3,19,29.879265969059976
26,id29,337.5,374.5,vial3,19,29.879265969059976
27,id29,337.5,374.5,vial3,19,29.879265969059976
28,id29,337.5,374.5,vial3,19,29.879265969059976
29,id29,337.5,374.5,vial3,19,29.879265969059976
30,id29,345.5,356.5,vial3,19,29.879265969059976
31,id29,346.5,353.0,vial3,19,29.879265969059976
32,id29,346.5,364.0,vial3,19,29.879265969059976
33,id29,345.5,373.0,vial3,19,29.879265969059976
34,id29,338.0,370.5,vial3,19,29.879265969059976
38,id29,329.5,374.5,vial3,19,29.879265969059976
39,id29,329.5,376.0,vial3,19,29.879265969059976
40,id29,331.0,375.0,vial3,19,29.879265969059976
41,id29,333.5,375.0,vial3,19,29.879265969059976
42,id29,333.0,374.5,vial3,19,29.879265969059976
43,id29,332.0,374.5,vial3,19,29.879265969059976
44,id29,332.0,374.5,vial3,19,29.879265969059976
45,id29,331.5,374.5,vial3,19,29.879265969059976
46,id29,331.5,374.5,vial3,19,29.879265969059976
47,id29,331.5,374.5,vial3,19,29.879265969059976
48,id29,331.0,374.5,vial3,19,29.879265969059976
51,id29,337.0,359.0,vial3,19,29.879265969059976
52,id29,334.0,357.0,vial3,19,29.879265969059976
56,id29,332.0,375.0,vial3,19,29.879265969059976
57,id29,329.0,376.0,vial3,19,29.879265969059976
58,id29,328.0,375.0,vial3,19,29.879265969059976
59,id29,327.0,375.0,vial3,19,29.879265969059976
60,id29,326.5,375.0,vial3,19,29.879265969059976
61,id29,326.5,375.5,vial3,19,29.879265969059976
62,id29,327.0,376.0,vial3,19,29.879265969059976
63,id29,327.0,376.0,vial3,19,29.879265969059976
64,id29,326.5,376.0,vial3,19,29.879265969059976
65,id29,326.5,376.0,vial3,19,29.879265969059976
66,id29,326.5,376.0,vial3,19,29.879265969059976
67,id29,327.0,376.0,vial3,19,29.879265969059976
68,id29,327.0,376.0,vial3,19,29.879265969059976
69,id29,327.0,375.5,vial3,19,29.879265969059976
70,id29,326.5,375.0,vial3,19,29.879265969059976
71,id29,326.5,375.0,vial3,19,29.879265969059976
72,id29,327.5,374.5,vial3,19,29.879265969059976
73,id29,327.5,374.0,vial3,19,29.879265969059976
74,id29,327.0,373.5,vial3,19,29.879265969059976
75,id29,327.0,373.0,vial3,19,29.879265969059976
76,id29,328.0,373.0,vial3,19,29.879265969059976
79,id29,318.5,374.5,vial3,19,29.879265969059976
80,id29,318.5,374.0,vial3,19,29.879265969059976
81,id29,318.5,374.0,vial3,19,29.879265969059976
82,id29,318.5,374.0,vial3,19,29.879265969059976
83,id29,318.5,374.0,vial3,19,29.879265969059976
84,id29,318.5,374.0,vial3,19,29.879265969059976
85,id29,318.5,374.0,vial3,19,29.879265969059976
86,id29,319.0,374.0,vial3,19,29.879265969059976
87,id29,319.0,374.0,vial3,19,29.879265969059976
88,id29,319.0,374.0,vial3,19,29.879265969059976
89,id29,319.0,374.0,vial3,19,29.879265969059976
90,id29,326.0,372.0,vial3,19,29.879265969059976
91,id29,326.0,376.5,vial3,19,29.879265969059976
92,id29,327.0,375.0,vial3,19,29.879265969059976
93,id29,326.0,374.5,vial3,19,29.879265969059976
94,id29,325.5,374.5,vial3,19,29.879265969059976
95,id29,325.0,374.5,vial3,19,29.879265969059976
96,id29,325.0,374.5,vial3,19,29.879265969059976
97,id29,324.5,374.5,vial3,19,29.879265969059976
98,id29,324.0,374.0,vial3,19,29.879265969059976
99,id29,324.0,374.5,vial3,19,29.879265969059976
100,id29,324.0,374.5,vial3,19,29.879265969059976
101,id29,324.0,374.5,vial3,19,29.879265969059976
102,id29,324.0,374.0,vial3,19,29.879265969059976
103,id29,323.5,374.0,vial3,19,29.879265969059976
104,id29,325.5,375.0,vial3,19,29.879265969059976
105,id29,325.0,375.0,vial3,19,29.879265969059976
106,id29,325.0,374.5,vial3,19,29.879265969059976
107,id29,322.5,374.0,vial3,19,29.879265969059976
108,id29,322.5,374.0,vial3,19,29.879265969059976
109,id29,322.5,374.0,vial3,19,29.879265969059976
110,id29,322.5,374.0,vial3,19,29.879265969059976
111,id29,322.0,374.0,vial3,19,29.879265969059976
112,id29,322.0,374.0,vial3,19,29.879265969059976
113,id29,322.0,374.0,vial3,19,29.879265969059976
114,id29,321.5,374.0,vial3,19,29.879265969059976
115,id29,321.0,374.0,vial3,19,29.879265969059976
116,id29,322.5,374.0,vial3,19,29.879265969059976
117,id29,323.0,374.0,vial3,19,29.879265969059976
118,id29,324.5,374.5,vial3,19,29.879265969059976
119,id29,325.0,374.0,vial3,19,29.879265969059976
120,id29,325.0,374.5,vial3,19,29.879265969059976
121,id29,325.5,374.5,vial3,19,29.879265969059976
122,id29,325.0,374.5,vial3,19,29.879265969059976
123,id29,325.0,374.5,vial3,19,29.879265969059976
124,id29,325.5,374.5,vial3,19,29.879265969059976
125,id29,325.5,374.5,vial3,19,29.879265969059976
126,id29,325.0,374.5,vial3,19,29.879265969059976
127,id29,326.0,375.0,vial3,19,29.879265969059976
128,id29,326.0,375.0,vial3,19,29.879265969059976
129,id29,326.5,375.0,vial3,19,29.879265969059976
130,id29,326.5,375.0,vial3,19,29.879265969059976
131,id29,334.5,359.5,vial3,19,29.879265969059976
132,id29,332.0,335.0,vial3,19,29.879265969059976
133,id29,315.0,339.0,vial3,19,29.879265969059976
134,id29,301.0,353.5,vial3,19,29.879265969059976
135,id29,300.5,355.0,vial3,19,29.879265969059976
136,id29,300.5,355.0,vial3,19,29.879265969059976
137,id29,300.5,354.5,vial3,19,29.879265969059976
138,id29,299.5,354.0,vial3,19,29.879265969059976
139,id29,299.0,353.0,vial3,19,29.879265969059976
140,id29,299.0,352.0,vial3,19,29.879265969059976
141,id29,298.0,351.0,vial3,19,29.879265969059976
142,id29,298.0,350.0,vial3,19,29.879265969059976
143,id29,297.0,349.0,vial3,19,29.879265969059976
144,id29,297.0,349.0,vial3,19,29.879265969059976
145,id29,297.0,348.0,vial3,19,29.879265969059976
146,id29,296.0,347.5,vial3,19,29.879265969059976
147,id29,296.0,347.0,vial3,19,29.879265969059976
148,id29,296.0,347.0,vial3,19,29.879265969059976
149,id29,295.5,347.0,vial3,19,29.879265969059976
150,id29,295.0,331.0,vial3,19,29.879265969059976
151,id29,295.0,307.0,vial3,19,29.879265969059976
152,id29,274.5,293.0,vial3,19,29.879265969059976
153,id29,283.5,305.0,vial3,19,29.879265969059976
154,id29,281.5,312.0,vial3,19,29.879265969059976
155,id29,280.5,311.0,vial3,19,29.879265969059976
156,id29,280.5,311.0,vial3,19,29.879265969059976
157,id29,280.5,310.0,vial3,19,29.879265969059976
158,id29,280.5,310.0,vial3,19,29.879265969059976
159,id29,280.5,310.5,vial3,19,29.879265969059976
160,id29,281.0,310.5,vial3,19,29.879265969059976
161,id29,281.0,310.5,vial3,19,29.879265969059976
162,id29,280.5,310.5,vial3,19,29.879265969059976
163,id29,280.5,310.0,vial3,19,29.879265969059976
164,id29,280.5,310.0,vial3,19,29.879265969059976
165,id29,280.5,310.5,vial3,19,29.879265969059976
166,id29,280.5,310.5,vial3,19,29.879265969059976
167,id29,280.5,310.0,vial3,19,29.879265969059976
168,id29,280.5,310.0,vial3,19,29.879265969059976
169,id29,280.5,310.0,vial3,19,29.879265969059976
170,id29,280.5,310.0,vial3,19,29.879265969059976
171,id29,280.5,310.0,vial3,19,29.879265969059976
172,id29,280.5,310.0,vial3,19,29.879265969059976
173,id29,280.5,310.0,vial3,19,29.879265969059976
174,id29,280.5,310.0,vial3,19,29.879265969059976
175,id29,280.5,310.0,vial3,19,29.879265969059976
176,id29,280.5,310.0,vial3,19,29.879265969059976
177,id29,280.5,310.0,vial3,19,29.879265969059976
178,id29,280.5,310.0,vial3,19,29.879265969059976
179,id29,280.5,310.0,vial3,19,29.879265969059976
180,id29,280.5,310.0,vial3,19,29.879265969059976
181,id29,280.0,310.0,vial3,19,29.879265969059976
182,id29,279.5,309.5,vial3,19,29.879265969059976
183,id29,279.0,308.5,vial3,19,29.879265969059976
184,id29,278.0,308.0,vial3,19,29.879265969059976
185,id29,278.0,307.5,vial3,19,29.879265969059976
186,id29,277.0,307.0,vial3,19,29.879265969059976
187,id29,277.0,306.0,vial3,19,29.879265969059976
188,id29,276.5,306.0,vial3,19,29.879265969059976
189,id29,276.0,305.5,vial3,19,29.879265969059976
190,id29,275.5,305.0,vial3,19,29.879265969059976
191,id29,275.5,304.5,vial3,19,29.879265969059976
192,id29,275.5,304.5,vial3,19,29.879265969059976
193,id29,274.5,304.0,vial3,19,29.879265969059976
194,id29,274.5,303.5,vial3,19,29.879265969059976
195,id29,274.5,303.5,vial3,19,29.879265969059976
196,id29,274.5,302.5,vial3,19,29.879265969059976
197,id29,274.5,302.5,vial3,19,29.879265969059976
198,id29,274.5,302.0,vial3,19,29.879265969059976
199,id29,275.0,301.5,vial3,19,29.879265969059976
200,id29,275.0,301.5,vial3,19,29.879265969059976
201,id29,276.0,301.0,vial3,19,29.879265969059976
202,id29,276.0,301.0,vial3,19,29.879265969059976
203,id29,276.0,301.0,vial3,19,29.879265969059976
204,id29,276.0,301.0,vial3,19,29.879265969059976
205,id29,276.5,301.0,vial3,19,29.879265969059976
206,id29,276.5,301.0,vial3,19,29.879265969059976
207,id29,276.5,301.0,vial3,19,29.879265969059976
208,id29,276.5,301.0,vial3,19,29.879265969059976
209,id29,276.5,301.0,vial3,19,29.879265969059976
210,id29,276.5,301.0,vial3,19,29.879265969059976
211,id29,276.5,301.0,vial3,19,29.879265969059976
212,id29,276.0,301.5,vial3,19,29.879265969059976
213,id29,276.0,301.5,vial3,19,29.879265969059976
214,id29,276.5,300.5,vial3,19,29.879265969059976
215,id29,294.0,290.0,vial3,19,29.879265969059976
219,id29,322.0,294.5,vial3,19,29.879265969059976
220,id29,308.0,302.5,vial3,19,29.879265969059976
221,id29,315.5,308.0,vial3,19,29.879265969059976
222,id29,314.5,313.0,vial3,19,29.879265969059976
223,id29,313.0,325.5,vial3,19,29.879265969059976
224,id29,286.0,353.0,vial3,19,29.879265969059976
225,id29,285.5,363.0,vial3,19,29.879265969059976
226,id29,276.0,375.5,vial3,19,29.879265969059976
227,id29,277.5,375.5,vial3,19,29.879265969059976
228,id29,278.5,375.0,vial3,19,29.879265969059976
229,id29,278.5,375.0,vial3,19,29.879265969059976
230,id29,278.5,375.0,vial3,19,29.879265969059976
231,id29,278.5,375.0,vial3,19,29.879265969059976
232,id29,278.5,375.0,vial3,19,29.879265969059976
233,id29,279.0,375.0,vial3,19,29.879265969059976
234,id29,279.0,375.0,vial3,19,29.879265969059976
235,id29,279.0,375.0,vial3,19,29.879265969059976
236,id29,280.0,375.0,vial3,19,29.879265969059976
237,id29,280.0,375.0,vial3,19,29.879265969059976
238,id29,280.5,375.0,vial3,19,29.879265969059976
239,id29,281.0,374.5,vial3,19,29.879265969059976
240,id29,281.5,374.5,vial3,19,29.879265969059976
241,id29,282.5,374.5,vial3,19,29.879265969059976
242,id29,283.5,374.5,vial3,19,29.879265969059976
243,id29,284.5,374.5,vial3,19,29.879265969059976
244,id29,286.5,374.5,vial3,19,29.879265969059976
245,id29,287.0,374.0,vial3,19,29.879265969059976
246,id29,288.0,373.5,vial3,19,29.879265969059976
247,id29,289.0,373.5,vial3,19,29.879265969059976
248,id29,289.5,373.5,vial3,19,29.879265969059976
249,id29,290.5,373.5,vial3,19,29.879265969059976
250,id29,290.5,373.5,vial3,19,29.879265969059976
251,id29,290.5,373.5,vial3,19,29.879265969059976
252,id29,291.0,373.5,vial3,19,29.879265969059976
253,id29,309.5,359.5,vial3,19,29.879265969059976
254,id29,341.0,370.5,vial3,19,29.879265969059976
255,id29,346.0,373.5,vial3,19,29.879265969059976
256,id29,345.0,375.0,vial3,19,29.879265969059976
257,id29,346.0,374.5,vial3,19,29.879265969059976
258,id29,347.0,373.5,vial3,19,29.879265969059976
259,id29,346.5,372.0,vial3,19,29.879265969059976
260,id29,347.0,371.0,vial3,19,29.879265969059976
261,id29,346.5,370.0,vial3,19,29.879265969059976
262,id29,346.5,369.0,vial3,19,29.879265969059976
263,id29,346.0,367.0,vial3,19,29.879265969059976
264,id29,346.0,366.0,vial3,19,29.879265969059976
265,id29,346.0,364.5,vial3,19,29.879265969059976
266,id29,345.0,363.0,vial3,19,29.879265969059976
267,id29,344.5,361.0,vial3,19,29.879265969059976
268,id29,343.5,360.0,vial3,19,29.879265969059976
269,id29,342.5,360.0,vial3,19,29.879265969059976
270,id29,342.0,359.0,vial3,19,29.879265969059976
271,id29,341.5,359.5,vial3,19,29.879265969059976
272,id29,341.5,359.0,vial3,19,29.879265969059976
273,id29,341.0,359.5,vial3,19,29.879265969059976
274,id29,341.0,359.5,vial3,19,29.879265969059976
275,id29,341.0,359.5,vial3,19,29.879265969059976
276,id29,341.0,359.5,vial3,19,29.879265969059976
277,id29,341.0,359.5,vial3,19,29.879265969059976
278,id29,341.0,359.5,vial3,19,29.879265969059976
279,id29,341.0,359.5,vial3,19,29.879265969059976
280,id29,342.0,360.5,vial3,19,29.879265969059976
281,id29,342.0,360.5,vial3,19,29.879265969059976
282,id29,341.5,360.5,vial3,19,29.879265969059976
283,id29,341.5,360.5,vial3,19,29.879265969059976
284,id29,340.5,360.5,vial3,19,29.879265969059976
285,id29,341.0,360.5,vial3,19,29.879265969059976
286,id29,341.0,359.5,vial3,19,29.879265969059976
287,id29,340.5,358.5,vial3,19,29.879265969059976
288,id29,340.0,357.5,vial3,19,29.879265969059976
289,id29,339.0,355.5,vial3,19,29.879265969059976
290,id29,338.5,353.5,vial3,19,29.879265969059976
291,id29,338.0,352.5,vial3,19,29.879265969059976
292,id29,337.5,351.5,vial3,19,29.879265969059976
293,id29,336.5,350.0,vial3,19,29.879265969059976
294,id29,335.5,349.0,vial3,19,29.879265969059976
295,id29,334.5,348.0,vial3,19,29.879265969059976
296,id29,334.0,346.0,vial3,19,29.879265969059976
297,id29,333.0,345.0,vial3,19,29.879265969059976
298,id29,331.5,344.0,vial3,19,29.879265969059976
299,id29,330.0,342.0,vial3,19,29.879265969059976
300,id29,329.5,341.0,vial3,19,29.879265969059976
301,id29,328.5,339.5,vial3,19,29.879265969059976
302,id29,327.5,338.0,vial3,19,29.879265969059976
303,id29,326.5,336.5,vial3,19,29.879265969059976
304,id29,325.5,335.0,vial3,19,29.879265969059976
305,id29,324.5,334.0,vial3,19,29.879265969059976
306,id29,323.5,332.5,vial3,19,29.879265969059976
307,id29,322.0,331.0,vial3,19,29.879265969059976
0,id3,545.5,355.5,vial5,34,29.879265969059976
1,id3,545.5,353.0,vial5,34,29.879265969059976
2,id3,545.5,350.5,vial5,34,29.879265969059976
3,id3,546.0,347.0,vial5,34,29.879265969059976
4,id3,546.5,343.5,vial5,34,29.879265969059976
5,id3,547.5,340.5,vial5,34,29.879265969059976
6,id3,548.0,337.5,vial5,34,29.879265969059976
7,id3,549.0,335.0,vial5,34,29.879265969059976
8,id3,550.0,332.0,vial5,34,29.879265969059976
9,id3,551.0,329.0,vial5,34,29.879265969059976
10,id3,552.0,327.5,vial5,34,29.879265969059976
11,id3,553.0,326.0,vial5,34,29.879265969059976
12,id3,554.5,324.0,vial5,34,29.879265969059976
13,id3,555.5,322.5,vial5,34,29.879265969059976
14,id3,557.0,322.0,vial5,34,29.879265969059976
15,id3,558.5,321.5,vial5,34,29.879265969059976
16,id3,560.5,322.0,vial5,34,29.879265969059976
17,id3,562.0,322.0,vial5,34,29.879265969059976
18,id3,563.0,322.0,vial5,34,29.879265969059976
19,id3,563.0,322.0,vial5,34,29.879265969059976
20,id3,563.0,322.0,vial5,34,29.879265969059976
21,id3,563.5,321.0,vial5,34,29.879265969059976
22,id3,573.0,319.0,vial5,34,29.879265969059976
23,id3,610.0,314.5,vial5,34,29.879265969059976
24,id3,610.5,325.0,vial5,34,29.879265969059976
25,id3,593.5,350.0,vial5,34,29.879265969059976
26,id3,570.0,368.5,vial5,34,29.879265969059976
27,id3,560.5,371.5,vial5,34,29.879265969059976
28,id3,562.5,374.0,vial5,34,29.879265969059976
29,id3,564.0,375.5,vial5,34,29.879265969059976
30,id3,564.0,374.5,vial5,34,29.879265969059976
31,id3,564.0,375.0,vial5,34,29.879265969059976
32,id3,564.0,375.0,vial5,34,29.879265969059976
33,id3,564.0,374.5,vial5,34,29.879265969059976
34,id3,564.0,374.5,vial5,34,29.879265969059976
35,id3,564.0,374.5,vial5,34,29.879265969059976
36,id3,564.0,374.5,vial5,34,29.879265969059976
37,id3,564.0,374.5,vial5,34,29.879265969059976
38,id3,564.0,374.5,vial5,34,29.879265969059976
39,id3,564.0,374.5,vial5,34,29.879265969059976
40,id3,564.0,374.5,vial5,34,29.879265969059976
41,id3,564.0,374.5,vial5,34,29.879265969059976
42,id3,564.0,375.0,vial5,34,29.879265969059976
43,id3,564.0,374.5,vial5,34,29.879265969059976
44,id3,564.0,375.0,vial5,34,29.879265969059976
45,id3,565.0,374.5,vial5,34,29.879265969059976
46,id3,568.0,371.5,vial5,34,29.879265969059976
47,id3,574.5,370.5,vial5,34,29.879265969059976
48,id3,573.5,371.5,vial5,34,29.879265969059976
49,id3,574.5,371.0,vial5,34,29.879265969059976
50,id3,575.5,370.5,vial5,34,29.879265969059976
51,id3,575.5,370.5,vial5,34,29.879265969059976
52,id3,575.5,370.5,vial5,34,29.879265969059976
53,id3,575.5,370.5,vial5,34,29.879265969059976
54,id3,576.0,370.5,vial5,34,29.879265969059976
55,id3,576.0,370.5,vial5,34,29.879265969059976
56,id3,576.5,370.5,vial5,34,29.879265969059976
57,id3,576.5,371.0,vial5,34,29.879265969059976
58,id3,576.5,371.0,vial5,34,29.879265969059976
59,id3,576.5,372.0,vial5,34,29.879265969059976
60,id3,576.0,371.5,vial5,34,29.879265969059976
61,id3,577.5,370.5,vial5,34,29.879265969059976
62,id3,577.0,367.0,vial5,34,29.879265969059976
63,id3,577.0,367.0,vial5,34,29.879265969059976
64,id3,574.0,368.5,vial5,34,29.879265969059976
65,id3,571.5,368.5,vial5,34,29.879265969059976
66,id3,570.5,366.5,vial5,34,29.879265969059976
67,id3,568.5,365.5,vial5,34,29.879265969059976
68,id3,566.5,363.5,vial5,34,29.879265969059976
69,id3,565.0,361.0,vial5,34,29.879265969059976
70,id3,563.5,358.5,vial5,34,29.879265969059976
71,id3,563.0,356.0,vial5,34,29.879265969059976
72,id3,562.0,355.0,vial5,34,29.879265969059976
73,id3,561.0,353.0,vial5,34,29.879265969059976
74,id3,560.5,351.0,vial5,34,29.879265969059976
75,id3,559.5,350.0,vial5,34,29.879265969059976
76,id3,558.5,349.0,vial5,34,29.879265969059976
77,id3,558.0,349.0,vial5,34,29.879265969059976
78,id3,558.5,349.0,vial5,34,29.879265969059976
79,id3,557.5,349.0,vial5,34,29.879265969059976
80,id3,556.5,335.5,vial5,34,29.879265969059976
81,id3,560.0,332.5,vial5,34,29.879265969059976
82,id3,552.5,351.0,vial5,34,29.879265969059976
83,id3,550.5,362.5,vial5,34,29.879265969059976
84,id3,551.0,372.0,vial5,34,29.879265969059976
89,id3,559.5,375.5,vial5,34,29.879265969059976
96,id3,559.5,375.5,vial5,34,29.879265969059976
97,id3,559.5,375.5,vial5,34,29.879265969059976
98,id3,553.0,375.0,vial5,34,29.879265969059976
99,id3,552.0,375.0,vial5,34,29.879265969059976
100,id3,552.5,375.5,vial5,34,29.879265969059976
101,id3,552.0,374.5,vial5,34,29.879265969059976
102,id3,551.0,374.5,vial5,34,29.879265969059976
103,id3,549.5,375.5,vial5,34,29.879265969059976
104,id3,549.5,375.5,vial5,34,29.879265969059976
105,id3,550.0,375.5,vial5,34,29.879265969059976
106,id3,550.5,375.5,vial5,34,29.879265969059976
107,id3,551.5,375.5,vial5,34,29.879265969059976
108,id3,552.0,375.5,vial5,34,29.879265969059976
109,id3,553.5,375.5,vial5,34,29.879265969059976
110,id3,555.0,376.0,vial5,34,29.879265969059976
111,id3,556.5,376.0,vial5,34,29.879265969059976
112,id3,558.0,375.5,vial5,34,29.879265969059976
113,id3,559.5,374.5,vial5,34,29.879265969059976
114,id3,560.5,374.5,vial5,34,29.879265969059976
115,id3,561.5,374.5,vial5,34,29.879265969059976
116,id3,562.5,374.5,vial5,34,29.879265969059976
117,id3,562.5,374.5,vial5,34,29.879265969059976
118,id3,562.5,374.5,vial5,34,29.879265969059976
119,id3,562.5,374.5,vial5,34,29.879265969059976
120,id3,563.0,374.0,vial5,34,29.879265969059976
121,id3,564.0,374.5,vial5,34,29.879265969059976
122,id3,565.5,374.5,vial5,34,29.879265969059976
123,id3,566.5,374.5,vial5,34,29.879265969059976
124,id3,568.0,374.0,vial5,34,29.879265969059976
125,id3,569.5,374.0,vial5,34,29.879265969059976
126,id3,572.0,373.5,vial5,34,29.879265969059976
127,id3,573.0,373.5,vial5,34,29.879265969059976
128,id3,574.0,372.5,vial5,34,29.879265969059976
129,id3,576.0,372.0,vial5,34,29.879265969059976
130,id3,577.5,371.0,vial5,34,29.879265969059976
131,id3,578.5,371.0,vial5,34,29.879265969059976
132,id3,580.5,370.0,vial5,34,29.879265969059976
133,id3,581.5,369.5,vial5,34,29.879265969059976
134,id3,583.0,370.0,vial5,34,29.879265969059976
135,id3,584.0,369.5,vial5,34,29.879265969059976
136,id3,585.5,369.5,vial5,34,29.879265969059976
137,id3,587.5,370.0,vial5,34,29.879265969059976
138,id3,589.0,370.5,vial5,34,29.879265969059976
139,id3,590.0,370.5,vial5,34,29.879265969059976
140,id3,591.5,371.0,vial5,34,29.879265969059976
141,id3,593.0,371.0,vial5,34,29.879265969059976
142,id3,594.0,371.5,vial5,34,29.879265969059976
143,id3,595.0,372.0,vial5,34,29.879265969059976
144,id3,596.0,372.5,vial5,34,29.879265969059976
145,id3,596.0,372.5,vial5,34,29.879265969059976
146,id3,596.0,372.5,vial5,34,29.879265969059976
147,id3,596.0,372.5,vial5,34,29.879265969059976
148,id3,596.0,372.5,vial5,34,29.879265969059976
149,id3,595.0,372.5,vial5,34,29.879265969059976
150,id3,594.5,372.5,vial5,34,29.879265969059976
151,id3,594.0,372.5,vial5,34,29.879265969059976
152,id3,594.0,372.5,vial5,34,29.879265969059976
153,id3,594.0,372.5,vial5,34,29.879265969059976
154,id3,596.0,359.0,vial5,34,29.879265969059976
155,id3,601.5,329.0,vial5,34,29.879265969059976
156,id3,601.0,310.5,vial5,34,29.879265969059976
157,id3,601.0,310.5,vial5,34,29.879265969059976
158,id3,600.0,310.0,vial5,34,29.879265969059976
159,id3,600.0,310.0,vial5,34,29.879265969059976
160,id3,599.5,309.0,vial5,34,29.879265969059976
161,id3,599.0,308.0,vial5,34,29.879265969059976
162,id3,599.0,306.0,vial5,34,29.879265969059976
163,id3,599.0,305.0,vial5,34,29.879265969059976
164,id3,598.0,303.5,vial5,34,29.879265969059976
165,id3,598.0,301.5,vial5,34,29.879265969059976
166,id3,597.0,300.5,vial5,34,29.879265969059976
167,id3,597.0,299.0,vial5,34,29.879265969059976
168,id3,596.0,297.5,vial5,34,29.879265969059976
169,id3,596.0,296.5,vial5,34,29.879265969059976
170,id3,595.0,295.5,vial5,34,29.879265969059976
171,id3,593.0,294.0,vial5,34,29.879265969059976
172,id3,591.0,292.5,vial5,34,29.879265969059976
173,id3,589.0,291.0,vial5,34,29.879265969059976
174,id3,587.0,289.0,vial5,34,29.879265969059976
175,id3,585.5,287.0,vial5,34,29.879265969059976
176,id3,583.0,284.5,vial5,34,29.879265969059976
177,id3,581.0,282.5,vial5,34,29.879265969059976
178,id3,579.0,280.5,vial5,34,29.879265969059976
179,id3,577.0,278.5,vial5,34,29.879265969059976
180,id3,575.5,276.0,vial5,34,29.879265969059976
181,id3,573.5,273.5,vial5,34,29.879265969059976
182,id3,571.5,271.0,vial5,34,29.879265969059976
183,id3,569.5,269.0,vial5,34,29.879265969059976
184,id3,568.5,266.0,vial5,34,29.879265969059976
185,id3,567.0,263.0,vial5,34,29.879265969059976
186,id3,566.0,260.0,vial5,34,29.879265969059976
187,id3,565.0,256.5,vial5,34,29.879265969059976
188,id3,564.5,253.5,vial5,34,29.879265969059976
189,id3,564.0,251.0,vial5,34,29.879265969059976
190,id3,564.0,247.5,vial5,34,29.879265969059976
191,id3,564.5,246.0,vial5,34,29.879265969059976
192,id3,565.5,243.5,vial5,34,29.879265969059976
193,id3,566.0,241.5,vial5,34,29.879265969059976
194,id3,566.0,239.5,vial5,34,29.879265969059976
195,id3,566.5,238.0,vial5,34,29.879265969059976
196,id3,567.0,237.5,vial5,34,29.879265969059976
197,id3,567.0,237.0,vial5,34,29.879265969059976
198,id3,567.0,237.5,vial5,34,29.879265969059976
199,id3,567.0,237.5,vial5,34,29.879265969059976
200,id3,567.0,237.5,vial5,34,29.879265969059976
201,id3,567.0,237.5,vial5,34,29.879265969059976
202,id3,567.0,237.5,vial5,34,29.879265969059976
203,id3,567.0,237.0,vial5,34,29.879265969059976
204,id3,566.5,236.5,vial5,34,29.879265969059976
205,id3,566.5,236.5,vial5,34,29.879265969059976
206,id3,566.0,236.0,vial5,34,29.879265969059976
207,id3,566.0,235.5,vial5,34,29.879265969059976
208,id3,576.5,218.5,vial5,34,29.879265969059976
209,id3,595.5,206.5,vial5,34,29.879265969059976
210,id3,606.0,205.5,vial5,34,29.879265969059976
211,id3,606.0,205.0,vial5,34,29.879265969059976
212,id3,606.0,204.0,vial5,34,29.879265969059976
213,id3,606.5,202.5,vial5,34,29.879265969059976
214,id3,607.0,201.0,vial5,34,29.879265969059976
215,id3,607.5,199.5,vial5,34,29.879265969059976
216,id3,608.0,198.0,vial5,34,29.879265969059976
217,id3,609.0,196.0,vial5,34,29.879265969059976
218,id3,610.0,194.5,vial5,34,29.879265969059976
219,id3,611.0,192.5,vial5,34,29.879265969059976
220,id3,612.0,191.5,vial5,34,29.879265969059976
221,id3,613.0,190.5,vial5,34,29.879265969059976
222,id3,614.0,189.5,vial5,34,29.879265969059976
223,id3,614.0,188.0,vial5,34,29.879265969059976
224,id3,614.5,187.0,vial5,34,29.879265969059976
225,id3,614.5,185.0,vial5,34,29.879265969059976
226,id3,614.5,184.0,vial5,34,29.879265969059976
227,id3,614.0,182.0,vial5,34,29.879265969059976
228,id3,614.0,179.5,vial5,34,29.879265969059976
229,id3,613.0,177.5,vial5,34,29.879265969059976
230,id3,612.5,175.0,vial5,34,29.879265969059976
231,id3,611.5,172.5,vial5,34,29.879265969059976
232,id3,610.5,170.5,vial5,34,29.879265969059976
233,id3,609.5,168.0,vial5,34,29.879265969059976
234,id3,607.5,166.5,vial5,34,29.879265969059976
235,id3,606.0,164.5,vial5,34,29.879265969059976
236,id3,604.0,163.0,vial5,34,29.879265969059976
237,id3,602.5,161.5,vial5,34,29.879265969059976
238,id3,601.0,160.0,vial5,34,29.879265969059976
239,id3,599.0,158.0,vial5,34,29.879265969059976
240,id3,597.0,157.0,vial5,34,29.879265969059976
241,id3,595.0,155.0,vial5,34,29.879265969059976
242,id3,592.0,153.0,vial5,34,29.879265969059976
243,id3,589.5,151.0,vial5,34,29.879265969059976
244,id3,587.0,149.5,vial5,34,29.879265969059976
245,id3,584.5,147.5,vial5,34,29.879265969059976
246,id3,582.5,145.5,vial5,34,29.879265969059976
247,id3,580.0,143.5,vial5,34,29.879265969059976
248,id3,578.0,141.0,vial5,34,29.879265969059976
249,id3,576.5,139.0,vial5,34,29.879265969059976
250,id3,576.0,137.0,vial5,34,29.879265969059976
251,id3,576.0,135.5,vial5,34,29.879265969059976
252,id3,577.0,134.5,vial5,34,29.879265969059976
253,id3,576.5,132.0,vial5,34,29.879265969059976
254,id3,576.5,131.5,vial5,34,29.879265969059976
255,id3,576.5,131.5,vial5,34,29.879265969059976
256,id3,576.5,131.5,vial5,34,29.879265969059976
257,id3,576.5,131.5,vial5,34,29.879265969059976
258,id3,576.5,131.5,vial5,34,29.879265969059976
259,id3,576.5,131.5,vial5,34,29.879265969059976
260,id3,576.5,131.5,vial5,34,29.879265969059976
261,id3,576.5,129.5,vial5,34,29.879265969059976
262,id3,576.5,127.5,vial5,34,29.879265969059976
263,id3,577.0,125.5,vial5,34,29.879265969059976
264,id3,577.0,123.5,vial5,34,29.879265969059976
265,id3,577.5,121.5,vial5,34,29.879265969059976
266,id3,577.5,119.5,vial5,34,29.879265969059976
267,id3,578.0,116.5,vial5,34,29.879265969059976
268,id3,578.5,113.5,vial5,34,29.879265969059976
269,id3,578.5,110.5,vial5,34,29.879265969059976
270,id3,578.5,108.5,vial5,34,29.879265969059976
271,id3,579.0,106.0,vial5,34,29.879265969059976
272,id3,579.5,103.5,vial5,34,29.879265969059976
273,id3,579.5,101.5,vial5,34,29.879265969059976
274,id3,580.5,100.5,vial5,34,29.879265969059976
275,id3,580.5,99.5,vial5,34,29.879265969059976
276,id3,581.0,98.5,vial5,34,29.879265969059976
277,id3,581.0,98.5,vial5,34,29.879265969059976
278,id3,580.5,98.5,vial5,34,29.879265969059976
279,id3,580.5,98.5,vial5,34,29.879265969059976
280,id3,580.5,98.5,vial5,34,29.879265969059976
281,id3,580.5,98.5,vial5,34,29.879265969059976
282,id3,581.0,88.5,vial5,34,29.879265969059976
283,id3,578.0,74.5,vial5,34,29.879265969059976
284,id3,590.0,64.5,vial5,34,29.879265969059976
285,id3,590.0,64.5,vial5,34,29.879265969059976
286,id3,591.0,63.0,vial5,34,29.879265969059976
287,id3,591.0,63.0,vial5,34,29.879265969059976
288,id3,592.0,61.5,vial5,34,29.879265969059976
289,id3,592.0,59.5,vial5,34,29.879265969059976
290,id3,592.5,57.5,vial5,34,29.879265969059976
291,id3,592.5,56.5,vial5,34,29.879265969059976
292,id3,592.5,55.0,vial5,34,29.879265969059976
293,id3,593.5,53.0,vial5,34,29.879265969059976
294,id3,594.0,50.5,vial5,34,29.879265969059976
295,id3,595.5,48.5,vial5,34,29.879265969059976
296,id3,595.5,45.5,vial5,34,29.879265969059976
297,id3,597.0,42.5,vial5,34,29.879265969059976
298,id3,597.5,40.5,vial5,34,29.879265969059976
299,id3,598.5,37.5,vial5,34,29.879265969059976
300,id3,600.0,35.0,vial5,34,29.879265969059976
301,id3,601.5,32.5,vial5,34,29.879265969059976
302,id3,602.5,30.5,vial5,34,29.879265969059976
303,id3,604.5,29.0,vial5,34,29.879265969059976
304,id3,605.5,28.0,vial5,34,29.879265969059976
305,id3,607.5,27.0,vial5,34,29.879265969059976
306,id3,609.0,26.0,vial5,34,29.879265969059976
307,id3,610.0,24.5,vial5,34,29.879265969059976
0,id30,316.5,375.0,vial3,17,29.879265969059976
1,id30,317.0,373.0,vial3,17,29.879265969059976
2,id30,315.5,374.5,vial3,17,29.879265969059976
3,id30,316.5,375.0,vial3,17,29.879265969059976
4,id30,315.5,375.5,vial3,17,29.879265969059976
6,id30,318.0,374.0,vial3,17,29.879265969059976
7,id30,318.0,373.5,vial3,17,29.879265969059976
8,id30,319.0,373.5,vial3,17,29.879265969059976
9,id30,319.0,373.5,vial3,17,29.879265969059976
10,id30,319.0,373.5,vial3,17,29.879265969059976
11,id30,319.5,373.5,vial3,17,29.879265969059976
12,id30,320.0,373.5,vial3,17,29.879265969059976
13,id30,320.0,373.5,vial3,17,29.879265969059976
14,id30,320.0,374.0,vial3,17,29.879265969059976
15,id30,318.0,374.0,vial3,17,29.879265969059976
16,id30,317.5,374.5,vial3,17,29.879265969059976
17,id30,318.5,375.0,vial3,17,29.879265969059976
18,id30,320.5,375.0,vial3,17,29.879265969059976
19,id30,319.0,373.5,vial3,17,29.879265969059976
20,id30,318.0,373.0,vial3,17,29.879265969059976
21,id30,318.5,373.0,vial3,17,29.879265969059976
22,id30,318.5,373.0,vial3,17,29.879265969059976
23,id30,318.5,373.0,vial3,17,29.879265969059976
24,id30,318.5,373.0,vial3,17,29.879265969059976
25,id30,318.5,373.0,vial3,17,29.879265969059976
26,id30,318.5,373.0,vial3,17,29.879265969059976
27,id30,317.5,373.0,vial3,17,29.879265969059976
28,id30,316.0,373.0,vial3,17,29.879265969059976
29,id30,316.5,373.0,vial3,17,29.879265969059976
30,id30,317.0,373.5,vial3,17,29.879265969059976
31,id30,317.0,373.5,vial3,17,29.879265969059976
32,id30,317.0,373.5,vial3,17,29.879265969059976
33,id30,317.0,373.5,vial3,17,29.879265969059976
34,id30,317.0,373.5,vial3,17,29.879265969059976
35,id30,318.0,375.0,vial3,17,29.879265969059976
36,id30,320.0,374.5,vial3,17,29.879265969059976
37,id30,321.0,374.5,vial3,17,29.879265969059976
38,id30,319.5,374.0,vial3,17,29.879265969059976
39,id30,319.0,373.5,vial3,17,29.879265969059976
40,id30,319.0,374.0,vial3,17,29.879265969059976
41,id30,319.0,374.0,vial3,17,29.879265969059976
42,id30,319.0,374.0,vial3,17,29.879265969059976
43,id30,319.5,374.0,vial3,17,29.879265969059976
44,id30,319.5,374.0,vial3,17,29.879265969059976
45,id30,319.0,374.0,vial3,17,29.879265969059976
46,id30,319.0,374.0,vial3,17,29.879265969059976
47,id30,319.5,374.0,vial3,17,29.879265969059976
48,id30,319.5,374.0,vial3,17,29.879265969059976
49,id30,319.5,374.0,vial3,17,29.879265969059976
50,id30,319.5,374.0,vial3,17,29.879265969059976
51,id30,319.0,374.0,vial3,17,29.879265969059976
52,id30,319.0,374.0,vial3,17,29.879265969059976
53,id30,319.0,374.0,vial3,17,29.879265969059976
54,id30,319.0,374.0,vial3,17,29.879265969059976
55,id30,319.0,374.0,vial3,17,29.879265969059976
56,id30,319.5,374.0,vial3,17,29.879265969059976
57,id30,319.5,374.0,vial3,17,29.879265969059976
58,id30,319.5,374.0,vial3,17,29.879265969059976
59,id30,319.5,374.0,vial3,17,29.879265969059976
60,id30,319.5,374.0,vial3,17,29.879265969059976
61,id30,320.0,374.0,vial3,17,29.879265969059976
62,id30,320.5,374.5,vial3,17,29.879265969059976
63,id30,320.5,374.5,vial3,17,29.879265969059976
64,id30,320.5,374.5,vial3,17,29.879265969059976
65,id30,320.5,374.0,vial3,17,29.879265969059976
66,id30,320.5,374.5,vial3,17,29.879265969059976
67,id30,320.5,374.0,vial3,17,29.879265969059976
68,id30,320.5,374.0,vial3,17,29.879265969059976
69,id30,320.5,374.0,vial3,17,29.879265969059976
70,id30,320.0,374.0,vial3,17,29.879265969059976
71,id30,320.0,374.0,vial3,17,29.879265969059976
72,id30,319.5,374.0,vial3,17,29.879265969059976
73,id30,319.5,374.0,vial3,17,29.879265969059976
74,id30,319.5,374.0,vial3,17,29.879265969059976
75,id30,319.0,374.0,vial3,17,29.879265969059976
76,id30,319.0,374.0,vial3,17,29.879265969059976
77,id30,321.5,373.5,vial3,17,29.879265969059976
78,id30,316.5,374.0,vial3,17,29.879265969059976
79,id30,309.5,375.5,vial3,17,29.879265969059976
80,id30,305.5,377.5,vial3,17,29.879265969059976
81,id30,306.0,377.5,vial3,17,29.879265969059976
82,id30,306.0,377.5,vial3,17,29.879265969059976
83,id30,306.0,377.5,vial3,17,29.879265969059976
84,id30,305.0,377.0,vial3,17,29.879265969059976
85,id30,304.0,377.0,vial3,17,29.879265969059976
86,id30,303.5,376.0,vial3,17,29.879265969059976
87,id30,303.5,376.0,vial3,17,29.879265969059976
88,id30,302.0,376.0,vial3,17,29.879265969059976
89,id30,301.0,375.5,vial3,17,29.879265969059976
90,id30,303.0,375.5,vial3,17,29.879265969059976
91,id30,300.0,375.0,vial3,17,29.879265969059976
92,id30,301.5,375.5,vial3,17,29.879265969059976
93,id30,301.5,375.5,vial3,17,29.879265969059976
94,id30,300.5,375.5,vial3,17,29.879265969059976
95,id30,299.5,375.0,vial3,17,29.879265969059976
96,id30,299.0,374.5,vial3,17,29.879265969059976
97,id30,299.0,374.5,vial3,17,29.879265969059976
98,id30,298.5,374.0,vial3,17,29.879265969059976
99,id30,297.5,373.5,vial3,17,29.879265969059976
100,id30,297.5,373.5,vial3,17,29.879265969059976
101,id30,297.0,373.5,vial3,17,29.879265969059976
102,id30,296.5,373.5,vial3,17,29.879265969059976
103,id30,296.5,373.5,vial3,17,29.879265969059976
104,id30,296.5,374.0,vial3,17,29.879265969059976
105,id30,296.5,374.0,vial3,17,29.879265969059976
106,id30,297.0,374.0,vial3,17,29.879265969059976
107,id30,297.0,373.5,vial3,17,29.879265969059976
108,id30,297.5,373.0,vial3,17,29.879265969059976
109,id30,298.0,373.0,vial3,17,29.879265969059976
110,id30,298.5,372.5,vial3,17,29.879265969059976
111,id30,299.0,372.5,vial3,17,29.879265969059976
112,id30,301.0,372.5,vial3,17,29.879265969059976
113,id30,302.0,372.5,vial3,17,29.879265969059976
114,id30,304.0,372.5,vial3,17,29.879265969059976
115,id30,306.5,371.5,vial3,17,29.879265969059976
116,id30,308.5,371.5,vial3,17,29.879265969059976
117,id30,311.5,372.0,vial3,17,29.879265969059976
118,id30,310.5,372.5,vial3,17,29.879265969059976
119,id30,310.0,372.5,vial3,17,29.879265969059976
120,id30,312.5,373.0,vial3,17,29.879265969059976
121,id30,287.0,355.5,vial3,17,29.879265969059976
122,id30,277.5,360.5,vial3,17,29.879265969059976
123,id30,278.0,359.5,vial3,17,29.879265969059976
124,id30,276.5,361.5,vial3,17,29.879265969059976
125,id30,276.0,361.0,vial3,17,29.879265969059976
126,id30,276.0,360.0,vial3,17,29.879265969059976
127,id30,276.0,358.5,vial3,17,29.879265969059976
128,id30,276.0,357.5,vial3,17,29.879265969059976
129,id30,276.5,356.5,vial3,17,29.879265969059976
130,id30,276.5,355.5,vial3,17,29.879265969059976
131,id30,276.5,354.5,vial3,17,29.879265969059976
132,id30,276.5,354.0,vial3,17,29.879265969059976
133,id30,276.5,354.0,vial3,17,29.879265969059976
134,id30,276.5,353.5,vial3,17,29.879265969059976
135,id30,276.5,353.5,vial3,17,29.879265969059976
136,id30,276.5,353.5,vial3,17,29.879265969059976
137,id30,276.5,354.0,vial3,17,29.879265969059976
138,id30,276.5,353.5,vial3,17,29.879265969059976
139,id30,276.5,353.5,vial3,17,29.879265969059976
140,id30,276.5,352.0,vial3,17,29.879265969059976
141,id30,277.0,350.5,vial3,17,29.879265969059976
142,id30,277.0,348.5,vial3,17,29.879265969059976
143,id30,277.5,347.5,vial3,17,29.879265969059976
144,id30,278.5,345.5,vial3,17,29.879265969059976
145,id30,278.5,343.5,vial3,17,29.879265969059976
146,id30,278.5,342.0,vial3,17,29.879265969059976
147,id30,278.5,340.5,vial3,17,29.879265969059976
148,id30,278.5,338.5,vial3,17,29.879265969059976
149,id30,279.5,336.5,vial3,17,29.879265969059976
150,id30,279.5,335.0,vial3,17,29.879265969059976
151,id30,280.0,333.0,vial3,17,29.879265969059976
152,id30,280.0,332.0,vial3,17,29.879265969059976
153,id30,280.5,330.5,vial3,17,29.879265969059976
154,id30,281.0,328.0,vial3,17,29.879265969059976
155,id30,281.5,326.5,vial3,17,29.879265969059976
156,id30,281.5,324.0,vial3,17,29.879265969059976
157,id30,281.5,322.5,vial3,17,29.879265969059976
158,id30,282.5,320.5,vial3,17,29.879265969059976
159,id30,282.0,318.5,vial3,17,29.879265969059976
160,id30,282.0,317.5,vial3,17,29.879265969059976
161,id30,283.0,317.0,vial3,17,29.879265969059976
162,id30,283.0,316.5,vial3,17,29.879265969059976
163,id30,284.0,315.5,vial3,17,29.879265969059976
164,id30,284.5,315.5,vial3,17,29.879265969059976
165,id30,285.5,314.5,vial3,17,29.879265969059976
166,id30,286.5,313.5,vial3,17,29.879265969059976
167,id30,287.0,312.5,vial3,17,29.879265969059976
168,id30,288.0,311.5,vial3,17,29.879265969059976
169,id30,289.5,310.5,vial3,17,29.879265969059976
170,id30,290.5,309.5,vial3,17,29.879265969059976
171,id30,291.5,308.5,vial3,17,29.879265969059976
172,id30,292.5,307.5,vial3,17,29.879265969059976
173,id30,294.5,306.5,vial3,17,29.879265969059976
174,id30,294.5,306.0,vial3,17,29.879265969059976
175,id30,295.5,305.5,vial3,17,29.879265969059976
176,id30,296.5,304.5,vial3,17,29.879265969059976
177,id30,297.5,303.5,vial3,17,29.879265969059976
178,id30,298.5,302.5,vial3,17,29.879265969059976
179,id30,299.5,302.5,vial3,17,29.879265969059976
180,id30,301.0,301.5,vial3,17,29.879265969059976
181,id30,302.0,300.5,vial3,17,29.879265969059976
182,id30,303.0,299.0,vial3,17,29.879265969059976
183,id30,304.5,298.0,vial3,17,29.879265969059976
184,id30,306.0,297.0,vial3,17,29.879265969059976
185,id30,307.0,296.5,vial3,17,29.879265969059976
186,id30,309.0,295.5,vial3,17,29.879265969059976
187,id30,310.5,294.5,vial3,17,29.879265969059976
188,id30,311.5,293.5,vial3,17,29.879265969059976
189,id30,313.5,292.0,vial3,17,29.879265969059976
190,id30,314.5,291.0,vial3,17,29.879265969059976
191,id30,315.5,290.0,vial3,17,29.879265969059976
192,id30,316.5,288.5,vial3,17,29.879265969059976
193,id30,317.5,287.5,vial3,17,29.879265969059976
194,id30,318.5,286.5,vial3,17,29.879265969059976
195,id30,319.5,285.5,vial3,17,29.879265969059976
196,id30,320.5,284.5,vial3,17,29.879265969059976
197,id30,322.5,283.5,vial3,17,29.879265969059976
198,id30,323.5,281.5,vial3,17,29.879265969059976
199,id30,324.5,280.5,vial3,17,29.879265969059976
200,id30,326.5,279.0,vial3,17,29.879265969059976
201,id30,327.5,277.5,vial3,17,29.879265969059976
202,id30,328.5,275.5,vial3,17,29.879265969059976
203,id30,329.5,273.5,vial3,17,29.879265969059976
204,id30,330.5,272.0,vial3,17,29.879265969059976
205,id30,331.0,270.5,vial3,17,29.879265969059976
206,id30,332.0,269.0,vial3,17,29.879265969059976
207,id30,333.0,267.0,vial3,17,29.879265969059976
208,id30,334.0,265.0,vial3,17,29.879265969059976
209,id30,335.0,264.0,vial3,17,29.879265969059976
210,id30,336.0,261.5,vial3,17,29.879265969059976
211,id30,336.0,260.0,vial3,17,29.879265969059976
212,id30,337.0,258.0,vial3,17,29.879265969059976
213,id30,338.0,255.0,vial3,17,29.879265969059976
214,id30,339.0,253.5,vial3,17,29.879265969059976
215,id30,339.0,251.5,vial3,17,29.879265969059976
216,id30,339.5,249.5,vial3,17,29.879265969059976
217,id30,339.5,247.5,vial3,17,29.879265969059976
218,id30,340.0,246.0,vial3,17,29.879265969059976
219,id30,340.5,244.0,vial3,17,29.879265969059976
220,id30,341.0,242.0,vial3,17,29.879265969059976
221,id30,341.0,239.5,vial3,17,29.879265969059976
222,id30,341.5,237.5,vial3,17,29.879265969059976
223,id30,342.0,235.5,vial3,17,29.879265969059976
224,id30,342.0,233.0,vial3,17,29.879265969059976
225,id30,342.5,230.5,vial3,17,29.879265969059976
226,id30,342.5,228.5,vial3,17,29.879265969059976
227,id30,342.5,225.5,vial3,17,29.879265969059976
228,id30,343.5,222.5,vial3,17,29.879265969059976
229,id30,343.5,219.5,vial3,17,29.879265969059976
230,id30,343.5,217.5,vial3,17,29.879265969059976
231,id30,343.5,214.5,vial3,17,29.879265969059976
232,id30,343.5,212.5,vial3,17,29.879265969059976
233,id30,343.5,210.0,vial3,17,29.879265969059976
234,id30,344.5,207.5,vial3,17,29.879265969059976
235,id30,344.5,204.5,vial3,17,29.879265969059976
236,id30,344.5,202.5,vial3,17,29.879265969059976
237,id30,344.5,200.0,vial3,17,29.879265969059976
238,id30,344.5,197.5,vial3,17,29.879265969059976
239,id30,344.5,195.0,vial3,17,29.879265969059976
240,id30,344.5,192.5,vial3,17,29.879265969059976
241,id30,344.5,190.5,vial3,17,29.879265969059976
242,id30,344.5,189.0,vial3,17,29.879265969059976
243,id30,345.0,186.5,vial3,17,29.879265969059976
244,id30,344.5,184.0,vial3,17,29.879265969059976
245,id30,345.0,181.5,vial3,17,29.879265969059976
246,id30,345.0,178.5,vial3,17,29.879265969059976
247,id30,345.5,176.5,vial3,17,29.879265969059976
248,id30,345.5,174.5,vial3,17,29.879265969059976
249,id30,345.5,172.5,vial3,17,29.879265969059976
250,id30,345.5,169.5,vial3,17,29.879265969059976
251,id30,345.5,167.5,vial3,17,29.879265969059976
252,id30,345.5,165.5,vial3,17,29.879265969059976
253,id30,345.5,163.0,vial3,17,29.879265969059976
254,id30,345.5,160.5,vial3,17,29.879265969059976
255,id30,345.5,158.5,vial3,17,29.879265969059976
256,id30,345.5,155.5,vial3,17,29.879265969059976
257,id30,346.5,154.0,vial3,17,29.879265969059976
258,id30,346.5,151.5,vial3,17,29.879265969059976
259,id30,346.5,150.0,vial3,17,29.879265969059976
260,id30,346.5,147.5,vial3,17,29.879265969059976
261,id30,346.5,145.5,vial3,17,29.879265969059976
262,id30,346.5,143.5,vial3,17,29.879265969059976
263,id30,346.5,141.5,vial3,17,29.879265969059976
264,id30,346.5,139.0,vial3,17,29.879265969059976
265,id30,346.5,137.5,vial3,17,29.879265969059976
266,id30,346.5,135.5,vial3,17,29.879265969059976
267,id30,346.5,133.0,vial3,17,29.879265969059976
268,id30,346.5,131.0,vial3,17,29.879265969059976
269,id30,346.5,129.0,vial3,17,29.879265969059976
270,id30,346.5,127.0,vial3,17,29.879265969059976
271,id30,347.0,124.5,vial3,17,29.879265969059976
272,id30,347.0,122.5,vial3,17,29.879265969059976
273,id30,347.5,120.0,vial3,17,29.879265969059976
274,id30,347.5,118.0,vial3,17,29.879265969059976
275,id30,347.5,116.0,vial3,17,29.879265969059976
276,id30,347.5,113.0,vial3,17,29.879265969059976
277,id30,346.5,111.5,vial3,17,29.879265969059976
278,id30,346.5,109.0,vial3,17,29.879265969059976
279,id30,346.5,106.5,vial3,17,29.879265969059976
280,id30,346.5,104.5,vial3,17,29.879265969059976
281,id30,346.5,102.5,vial3,17,29.879265969059976
282,id30,346.5,100.0,vial3,17,29.879265969059976
283,id30,346.5,98.5,vial3,17,29.879265969059976
284,id30,346.5,96.0,vial3,17,29.879265969059976
285,id30,345.5,94.5,vial3,17,29.879265969059976
286,id30,345.5,92.5,vial3,17,29.879265969059976
287,id30,345.5,90.5,vial3,17,29.879265969059976
288,id30,345.5,88.0,vial3,17,29.879265969059976
289,id30,345.0,86.0,vial3,17,29.879265969059976
290,id30,345.0,83.5,vial3,17,29.879265969059976
291,id30,344.5,81.5,vial3,17,29.879265969059976
292,id30,344.5,79.0,vial3,17,29.879265969059976
293,id30,344.0,76.5,vial3,17,29.879265969059976
294,id30,343.5,74.5,vial3,17,29.879265969059976
295,id30,343.5,72.5,vial3,17,29.879265969059976
296,id30,343.0,69.5,vial3,17,29.879265969059976
297,id30,342.5,67.5,vial3,17,29.879265969059976
298,id30,342.0,66.0,vial3,17,29.879265969059976
299,id30,341.5,63.5,vial3,17,29.879265969059976
300,id30,341.0,61.5,vial3,17,29.879265969059976
301,id30,340.5,59.5,vial3,17,29.879265969059976
302,id30,340.5,57.5,vial3,17,29.879265969059976
303,id30,340.0,55.5,vial3,17,29.879265969059976
304,id30,339.5,53.5,vial3,17,29.879265969059976
305,id30,339.0,50.5,vial3,17,29.879265969059976
306,id30,339.0,49.5,vial3,17,29.879265969059976
307,id30,338.5,47.0,vial3,17,29.879265969059976
0,id31,691.0,381.0,vial6,40,29.879265969059976
1,id31,691.0,378.5,vial6,40,29.879265969059976
2,id31,695.0,378.0,vial6,40,29.879265969059976
3,id31,695.5,377.5,vial6,40,29.879265969059976
4,id31,695.5,377.5,vial6,40,29.879265969059976
5,id31,695.5,377.5,vial6,40,29.879265969059976
6,id31,695.5,377.5,vial6,40,29.879265969059976
7,id31,696.5,377.5,vial6,40,29.879265969059976
8,id31,696.0,377.5,vial6,40,29.879265969059976
9,id31,696.5,377.5,vial6,40,29.879265969059976
10,id31,696.5,377.5,vial6,40,29.879265969059976
11,id31,711.0,369.0,vial6,40,29.879265969059976
12,id31,706.0,377.5,vial6,40,29.879265969059976
13,id31,705.5,377.5,vial6,40,29.879265969059976
14,id31,706.0,378.0,vial6,40,29.879265969059976
15,id31,706.0,378.0,vial6,40,29.879265969059976
16,id31,705.5,378.0,vial6,40,29.879265969059976
17,id31,707.5,377.5,vial6,40,29.879265969059976
18,id31,708.0,377.5,vial6,40,29.879265969059976
19,id31,708.5,377.5,vial6,40,29.879265969059976
20,id31,708.5,377.5,vial6,40,29.879265969059976
21,id31,708.0,377.5,vial6,40,29.879265969059976
22,id31,707.5,377.0,vial6,40,29.879265969059976
23,id31,707.0,377.0,vial6,40,29.879265969059976
24,id31,707.0,377.0,vial6,40,29.879265969059976
25,id31,707.5,377.0,vial6,40,29.879265969059976
26,id31,707.5,376.5,vial6,40,29.879265969059976
27,id31,707.5,377.0,vial6,40,29.879265969059976
28,id31,707.0,376.5,vial6,40,29.879265969059976
29,id31,706.5,375.5,vial6,40,29.879265969059976
30,id31,705.0,375.5,vial6,40,29.879265969059976
31,id31,703.0,375.0,vial6,40,29.879265969059976
32,id31,704.0,373.5,vial6,40,29.879265969059976
33,id31,704.0,371.5,vial6,40,29.879265969059976
34,id31,703.5,370.0,vial6,40,29.879265969059976
35,id31,703.5,368.0,vial6,40,29.879265969059976
36,id31,703.5,366.0,vial6,40,29.879265969059976
37,id31,703.5,363.0,vial6,40,29.879265969059976
38,id31,702.5,359.5,vial6,40,29.879265969059976
39,id31,702.5,356.5,vial6,40,29.879265969059976
40,id31,702.5,354.5,vial6,40,29.879265969059976
41,id31,702.0,351.5,vial6,40,29.879265969059976
42,id31,701.0,348.5,vial6,40,29.879265969059976
43,id31,700.5,345.0,vial6,40,29.879265969059976
44,id31,700.0,342.0,vial6,40,29.879265969059976
45,id31,699.0,339.0,vial6,40,29.879265969059976
46,id31,698.5,336.0,vial6,40,29.879265969059976
47,id31,698.0,333.5,vial6,40,29.879265969059976
48,id31,696.5,329.5,vial6,40,29.879265969059976
49,id31,696.5,326.5,vial6,40,29.879265969059976
50,id31,696.5,323.0,vial6,40,29.879265969059976
51,id31,695.5,320.0,vial6,40,29.879265969059976
52,id31,695.0,316.5,vial6,40,29.879265969059976
53,id31,694.0,313.5,vial6,40,29.879265969059976
54,id31,693.5,311.5,vial6,40,29.879265969059976
55,id31,692.5,310.5,vial6,40,29.879265969059976
56,id31,691.5,308.5,vial6,40,29.879265969059976
57,id31,688.5,307.0,vial6,40,29.879265969059976
58,id31,687.5,306.0,vial6,40,29.879265969059976
59,id31,685.5,305.0,vial6,40,29.879265969059976
60,id31,684.0,304.0,vial6,40,29.879265969059976
61,id31,682.5,305.0,vial6,40,29.879265969059976
62,id31,681.5,304.5,vial6,40,29.879265969059976
63,id31,680.5,305.0,vial6,40,29.879265969059976
64,id31,679.5,304.5,vial6,40,29.879265969059976
65,id31,678.5,304.5,vial6,40,29.879265969059976
66,id31,678.0,304.5,vial6,40,29.879265969059976
67,id31,677.0,304.5,vial6,40,29.879265969059976
68,id31,676.5,304.5,vial6,40,29.879265969059976
69,id31,676.0,304.5,vial6,40,29.879265969059976
70,id31,675.5,304.5,vial6,40,29.879265969059976
71,id31,675.0,304.0,vial6,40,29.879265969059976
72,id31,674.5,303.5,vial6,40,29.879265969059976
73,id31,673.5,302.0,vial6,40,29.879265969059976
74,id31,673.5,301.0,vial6,40,29.879265969059976
75,id31,673.5,300.5,vial6,40,29.879265969059976
76,id31,673.5,299.5,vial6,40,29.879265969059976
77,id31,673.5,298.5,vial6,40,29.879265969059976
78,id31,674.0,297.0,vial6,40,29.879265969059976
79,id31,674.5,296.5,vial6,40,29.879265969059976
80,id31,675.5,297.0,vial6,40,29.879265969059976
81,id31,676.0,296.5,vial6,40,29.879265969059976
82,id31,677.0,296.0,vial6,40,29.879265969059976
83,id31,677.0,295.0,vial6,40,29.879265969059976
84,id31,678.5,294.0,vial6,40,29.879265969059976
85,id31,679.5,292.5,vial6,40,29.879265969059976
86,id31,679.5,291.0,vial6,40,29.879265969059976
87,id31,679.5,290.0,vial6,40,29.879265969059976
88,id31,680.5,288.0,vial6,40,29.879265969059976
89,id31,680.5,287.5,vial6,40,29.879265969059976
90,id31,680.5,287.5,vial6,40,29.879265969059976
91,id31,680.5,287.5,vial6,40,29.879265969059976
92,id31,680.5,287.0,vial6,40,29.879265969059976
93,id31,680.5,287.0,vial6,40,29.879265969059976
94,id31,680.5,287.0,vial6,40,29.879265969059976
95,id31,680.5,286.0,vial6,40,29.879265969059976
96,id31,681.0,285.0,vial6,40,29.879265969059976
97,id31,681.0,284.0,vial6,40,29.879265969059976
98,id31,681.0,284.0,vial6,40,29.879265969059976
99,id31,688.0,272.0,vial6,40,29.879265969059976
100,id31,673.5,275.5,vial6,40,29.879265969059976
102,id31,686.0,294.5,vial6,40,29.879265969059976
103,id31,686.0,291.5,vial6,40,29.879265969059976
104,id31,685.0,290.0,vial6,40,29.879265969059976
105,id31,684.5,288.5,vial6,40,29.879265969059976
106,id31,684.5,287.5,vial6,40,29.879265969059976
107,id31,683.5,285.5,vial6,40,29.879265969059976
108,id31,683.5,284.5,vial6,40,29.879265969059976
109,id31,683.5,283.5,vial6,40,29.879265969059976
110,id31,682.5,283.5,vial6,40,29.879265969059976
111,id31,682.5,284.0,vial6,40,29.879265969059976
112,id31,682.5,284.0,vial6,40,29.879265969059976
113,id31,682.5,283.5,vial6,40,29.879265969059976
114,id31,682.5,284.0,vial6,40,29.879265969059976
115,id31,683.0,284.0,vial6,40,29.879265969059976
116,id31,683.0,284.0,vial6,40,29.879265969059976
117,id31,683.0,284.0,vial6,40,29.879265969059976
118,id31,683.0,284.0,vial6,40,29.879265969059976
119,id31,683.5,284.0,vial6,40,29.879265969059976
120,id31,683.0,284.5,vial6,40,29.879265969059976
121,id31,683.0,284.5,vial6,40,29.879265969059976
122,id31,683.0,284.5,vial6,40,29.879265969059976
123,id31,683.0,284.5,vial6,40,29.879265969059976
124,id31,683.0,284.5,vial6,40,29.879265969059976
125,id31,683.0,284.5,vial6,40,29.879265969059976
126,id31,683.0,284.5,vial6,40,29.879265969059976
127,id31,683.0,284.5,vial6,40,29.879265969059976
128,id31,683.0,285.0,vial6,40,29.879265969059976
129,id31,683.5,285.0,vial6,40,29.879265969059976
130,id31,683.5,285.0,vial6,40,29.879265969059976
131,id31,683.5,284.5,vial6,40,29.879265969059976
132,id31,682.5,284.5,vial6,40,29.879265969059976
133,id31,682.5,283.0,vial6,40,29.879265969059976
134,id31,682.5,281.5,vial6,40,29.879265969059976
135,id31,682.5,279.5,vial6,40,29.879265969059976
136,id31,682.5,277.5,vial6,40,29.879265969059976
137,id31,682.5,276.0,vial6,40,29.879265969059976
138,id31,681.5,273.5,vial6,40,29.879265969059976
139,id31,681.5,271.0,vial6,40,29.879265969059976
140,id31,681.5,268.5,vial6,40,29.879265969059976
141,id31,680.5,266.5,vial6,40,29.879265969059976
142,id31,680.5,264.5,vial6,40,29.879265969059976
143,id31,680.5,261.5,vial6,40,29.879265969059976
144,id31,680.5,259.5,vial6,40,29.879265969059976
145,id31,680.5,257.5,vial6,40,29.879265969059976
146,id31,680.5,257.5,vial6,40,29.879265969059976
147,id31,680.5,256.5,vial6,40,29.879265969059976
148,id31,680.5,256.5,vial6,40,29.879265969059976
149,id31,680.5,257.0,vial6,40,29.879265969059976
150,id31,680.5,256.5,vial6,40,29.879265969059976
151,id31,680.5,257.5,vial6,40,29.879265969059976
152,id31,680.5,257.0,vial6,40,29.879265969059976
153,id31,680.5,257.0,vial6,40,29.879265969059976
154,id31,680.5,257.0,vial6,40,29.879265969059976
155,id31,680.5,257.5,vial6,40,29.879265969059976
156,id31,680.5,257.5,vial6,40,29.879265969059976
157,id31,680.5,257.5,vial6,40,29.879265969059976
158,id31,680.5,257.5,vial6,40,29.879265969059976
159,id31,680.5,258.5,vial6,40,29.879265969059976
160,id31,680.5,257.5,vial6,40,29.879265969059976
161,id31,680.5,258.5,vial6,40,29.879265969059976
162,id31,680.5,258.5,vial6,40,29.879265969059976
163,id31,680.5,258.5,vial6,40,29.879265969059976
164,id31,680.5,258.5,vial6,40,29.879265969059976
165,id31,680.5,258.5,vial6,40,29.879265969059976
166,id31,680.5,258.5,vial6,40,29.879265969059976
167,id31,680.5,258.5,vial6,40,29.879265969059976
168,id31,680.5,257.5,vial6,40,29.879265969059976
169,id31,680.5,257.5,vial6,40,29.879265969059976
170,id31,680.5,257.5,vial6,40,29.879265969059976
171,id31,680.5,257.5,vial6,40,29.879265969059976
172,id31,681.0,257.5,vial6,40,29.879265969059976
173,id31,680.5,257.5,vial6,40,29.879265969059976
174,id31,680.5,257.5,vial6,40,29.879265969059976
175,id31,680.5,257.5,vial6,40,29.879265969059976
176,id31,680.5,257.5,vial6,40,29.879265969059976
177,id31,680.5,257.5,vial6,40,29.879265969059976
178,id31,680.5,257.5,vial6,40,29.879265969059976
179,id31,680.5,257.5,vial6,40,29.879265969059976
180,id31,680.5,257.5,vial6,40,29.879265969059976
181,id31,680.5,257.5,vial6,40,29.879265969059976
182,id31,680.5,256.5,vial6,40,29.879265969059976
183,id31,680.5,255.5,vial6,40,29.879265969059976
184,id31,680.5,252.5,vial6,40,29.879265969059976
185,id31,679.5,250.0,vial6,40,29.879265969059976
186,id31,679.5,247.5,vial6,40,29.879265969059976
187,id31,679.5,244.0,vial6,40,29.879265969059976
188,id31,679.0,240.5,vial6,40,29.879265969059976
189,id31,679.0,237.5,vial6,40,29.879265969059976
190,id31,679.0,234.5,vial6,40,29.879265969059976
191,id31,679.0,231.5,vial6,40,29.879265969059976
192,id31,679.0,228.0,vial6,40,29.879265969059976
193,id31,679.5,224.5,vial6,40,29.879265969059976
194,id31,678.5,221.5,vial6,40,29.879265969059976
195,id31,678.5,217.5,vial6,40,29.879265969059976
196,id31,678.5,214.5,vial6,40,29.879265969059976
197,id31,678.5,211.5,vial6,40,29.879265969059976
198,id31,678.5,207.5,vial6,40,29.879265969059976
199,id31,678.5,204.5,vial6,40,29.879265969059976
200,id31,678.5,200.5,vial6,40,29.879265969059976
201,id31,678.5,197.5,vial6,40,29.879265969059976
202,id31,679.5,194.5,vial6,40,29.879265969059976
203,id31,679.5,192.0,vial6,40,29.879265969059976
204,id31,679.5,188.5,vial6,40,29.879265969059976
205,id31,679.5,185.5,vial6,40,29.879265969059976
206,id31,679.5,182.5,vial6,40,29.879265969059976
207,id31,679.0,178.5,vial6,40,29.879265969059976
208,id31,679.0,176.5,vial6,40,29.879265969059976
209,id31,678.5,173.0,vial6,40,29.879265969059976
210,id31,678.5,170.5,vial6,40,29.879265969059976
211,id31,678.5,167.0,vial6,40,29.879265969059976
212,id31,677.5,164.5,vial6,40,29.879265969059976
213,id31,677.5,162.0,vial6,40,29.879265969059976
214,id31,676.5,159.0,vial6,40,29.879265969059976
215,id31,676.5,157.0,vial6,40,29.879265969059976
216,id31,676.0,154.0,vial6,40,29.879265969059976
217,id31,675.5,151.0,vial6,40,29.879265969059976
218,id31,675.5,148.5,vial6,40,29.879265969059976
219,id31,675.0,146.0,vial6,40,29.879265969059976
220,id31,674.5,143.0,vial6,40,29.879265969059976
221,id31,674.5,140.0,vial6,40,29.879265969059976
222,id31,674.5,137.0,vial6,40,29.879265969059976
223,id31,674.5,135.0,vial6,40,29.879265969059976
224,id31,674.5,132.0,vial6,40,29.879265969059976
225,id31,674.5,129.0,vial6,40,29.879265969059976
226,id31,674.5,128.0,vial6,40,29.879265969059976
227,id31,674.5,125.5,vial6,40,29.879265969059976
228,id31,674.5,123.0,vial6,40,29.879265969059976
229,id31,674.5,120.0,vial6,40,29.879265969059976
230,id31,674.5,117.0,vial6,40,29.879265969059976
231,id31,674.5,114.0,vial6,40,29.879265969059976
232,id31,674.5,112.0,vial6,40,29.879265969059976
233,id31,674.5,109.0,vial6,40,29.879265969059976
234,id31,675.0,106.5,vial6,40,29.879265969059976
235,id31,675.0,104.5,vial6,40,29.879265969059976
236,id31,675.5,103.0,vial6,40,29.879265969059976
241,id31,681.5,95.0,vial6,40,29.879265969059976
242,id31,681.0,93.0,vial6,40,29.879265969059976
243,id31,680.5,92.5,vial6,40,29.879265969059976
244,id31,680.5,90.5,vial6,40,29.879265969059976
245,id31,680.5,88.0,vial6,40,29.879265969059976
246,id31,680.0,86.5,vial6,40,29.879265969059976
247,id31,680.5,84.5,vial6,40,29.879265969059976
248,id31,679.5,82.5,vial6,40,29.879265969059976
249,id31,679.5,80.5,vial6,40,29.879265969059976
250,id31,680.0,78.5,vial6,40,29.879265969059976
251,id31,680.5,76.5,vial6,40,29.879265969059976
252,id31,680.5,75.0,vial6,40,29.879265969059976
253,id31,681.0,72.5,vial6,40,29.879265969059976
254,id31,681.0,70.5,vial6,40,29.879265969059976
255,id31,682.0,69.5,vial6,40,29.879265969059976
256,id31,682.0,67.5,vial6,40,29.879265969059976
257,id31,683.0,65.5,vial6,40,29.879265969059976
258,id31,683.5,63.5,vial6,40,29.879265969059976
259,id31,684.5,61.0,vial6,40,29.879265969059976
260,id31,685.0,58.5,vial6,40,29.879265969059976
261,id31,686.0,55.5,vial6,40,29.879265969059976
262,id31,687.0,52.5,vial6,40,29.879265969059976
263,id31,688.0,49.5,vial6,40,29.879265969059976
264,id31,689.5,45.5,vial6,40,29.879265969059976
265,id31,690.5,42.5,vial6,40,29.879265969059976
266,id31,691.5,39.5,vial6,40,29.879265969059976
267,id31,693.0,36.5,vial6,40,29.879265969059976
268,id31,694.5,34.0,vial6,40,29.879265969059976
269,id31,695.5,32.0,vial6,40,29.879265969059976
270,id31,697.5,30.0,vial6,40,29.879265969059976
271,id31,700.0,27.5,vial6,40,29.879265969059976
272,id31,702.0,26.0,vial6,40,29.879265969059976
273,id31,704.0,24.5,vial6,40,29.879265969059976
274,id31,706.5,22.5,vial6,40,29.879265969059976
275,id31,707.5,21.5,vial6,40,29.879265969059976
276,id31,709.5,20.5,vial6,40,29.879265969059976
277,id31,711.5,19.5,vial6,40,29.879265969059976
278,id31,712.5,18.5,vial6,40,29.879265969059976
279,id31,714.5,17.5,vial6,40,29.879265969059976
280,id31,715.5,15.5,vial6,40,29.879265969059976
281,id31,716.5,14.5,vial6,40,29.879265969059976
282,id31,717.5,13.0,vial6,40,29.879265969059976
283,id31,718.5,11.5,vial6,40,29.879265969059976
284,id31,719.5,7.0,vial6,40,29.879265969059976
285,id31,720.0,5.0,vial6,40,29.879265969059976
286,id31,720.0,5.0,vial6,40,29.879265969059976
287,id31,721.0,4.0,vial6,40,29.879265969059976
288,id31,721.5,3.5,vial6,40,29.879265969059976
0,id32,166.5,373.5,vial2,9,29.879265969059976
1,id32,166.0,373.5,vial2,9,29.879265969059976
2,id32,164.5,373.0,vial2,9,29.879265969059976
3,id32,164.5,373.5,vial2,9,29.879265969059976
4,id32,165.5,373.5,vial2,9,29.879265969059976
5,id32,164.5,373.0,vial2,9,29.879265969059976
6,id32,168.0,373.0,vial2,9,29.879265969059976
7,id32,169.0,373.0,vial2,9,29.879265969059976
8,id32,169.0,373.0,vial2,9,29.879265969059976
9,id32,170.5,372.5,vial2,9,29.879265969059976
10,id32,173.0,371.5,vial2,9,29.879265969059976
11,id32,174.5,371.0,vial2,9,29.879265969059976
12,id32,175.0,371.5,vial2,9,29.879265969059976
13,id32,173.5,372.5,vial2,9,29.879265969059976
14,id32,173.0,372.0,vial2,9,29.879265969059976
15,id32,170.0,372.5,vial2,9,29.879265969059976
16,id32,169.5,373.5,vial2,9,29.879265969059976
17,id32,169.5,373.5,vial2,9,29.879265969059976
18,id32,170.5,372.5,vial2,9,29.879265969059976
19,id32,174.0,374.0,vial2,9,29.879265969059976
20,id32,177.0,373.5,vial2,9,29.879265969059976
21,id32,178.5,375.0,vial2,9,29.879265969059976
22,id32,179.0,375.5,vial2,9,29.879265969059976
23,id32,175.0,375.0,vial2,9,29.879265969059976
24,id32,178.5,375.0,vial2,9,29.879265969059976
25,id32,179.5,374.5,vial2,9,29.879265969059976
26,id32,180.0,373.0,vial2,9,29.879265969059976
27,id32,179.5,374.0,vial2,9,29.879265969059976
28,id32,180.0,373.0,vial2,9,29.879265969059976
29,id32,179.0,371.0,vial2,9,29.879265969059976
30,id32,179.0,370.5,vial2,9,29.879265969059976
31,id32,179.0,369.0,vial2,9,29.879265969059976
32,id32,178.0,367.5,vial2,9,29.879265969059976
33,id32,178.0,366.5,vial2,9,29.879265969059976
34,id32,177.0,365.5,vial2,9,29.879265969059976
35,id32,176.0,363.5,vial2,9,29.879265969059976
36,id32,175.0,361.5,vial2,9,29.879265969059976
37,id32,174.0,359.5,vial2,9,29.879265969059976
38,id32,173.0,356.5,vial2,9,29.879265969059976
39,id32,172.0,354.5,vial2,9,29.879265969059976
40,id32,172.0,352.5,vial2,9,29.879265969059976
41,id32,170.0,350.5,vial2,9,29.879265969059976
42,id32,169.0,349.0,vial2,9,29.879265969059976
43,id32,166.5,346.0,vial2,9,29.879265969059976
44,id32,165.5,345.0,vial2,9,29.879265969059976
45,id32,164.5,343.0,vial2,9,29.879265969059976
46,id32,162.5,342.0,vial2,9,29.879265969059976
47,id32,161.5,341.0,vial2,9,29.879265969059976
48,id32,160.5,339.0,vial2,9,29.879265969059976
49,id32,159.0,337.5,vial2,9,29.879265969059976
50,id32,158.0,336.5,vial2,9,29.879265969059976
51,id32,156.0,335.5,vial2,9,29.879265969059976
52,id32,155.5,335.0,vial2,9,29.879265969059976
53,id32,155.0,335.0,vial2,9,29.879265969059976
54,id32,154.5,334.5,vial2,9,29.879265969059976
55,id32,154.0,334.5,vial2,9,29.879265969059976
56,id32,153.0,334.5,vial2,9,29.879265969059976
57,id32,153.0,334.0,vial2,9,29.879265969059976
58,id32,153.0,334.0,vial2,9,29.879265969059976
59,id32,153.0,334.0,vial2,9,29.879265969059976
60,id32,152.5,334.0,vial2,9,29.879265969059976
61,id32,152.0,333.5,vial2,9,29.879265969059976
62,id32,152.0,333.5,vial2,9,29.879265969059976
63,id32,152.0,333.5,vial2,9,29.879265969059976
64,id32,152.0,333.5,vial2,9,29.879265969059976
65,id32,152.0,333.5,vial2,9,29.879265969059976
66,id32,152.0,333.5,vial2,9,29.879265969059976
67,id32,152.0,333.5,vial2,9,29.879265969059976
68,id32,152.0,333.5,vial2,9,29.879265969059976
69,id32,152.0,333.5,vial2,9,29.879265969059976
70,id32,152.0,333.5,vial2,9,29.879265969059976
71,id32,152.0,333.5,vial2,9,29.879265969059976
72,id32,153.0,331.5,vial2,9,29.879265969059976
73,id32,149.0,326.0,vial2,9,29.879265969059976
74,id32,150.0,326.0,vial2,9,29.879265969059976
75,id32,150.0,327.0,vial2,9,29.879265969059976
76,id32,150.0,326.5,vial2,9,29.879265969059976
77,id32,149.5,325.5,vial2,9,29.879265969059976
78,id32,148.5,324.5,vial2,9,29.879265969059976
79,id32,148.5,323.0,vial2,9,29.879265969059976
80,id32,148.5,322.5,vial2,9,29.879265969059976
81,id32,148.5,322.5,vial2,9,29.879265969059976
82,id32,148.5,322.5,vial2,9,29.879265969059976
83,id32,149.0,322.5,vial2,9,29.879265969059976
84,id32,149.0,322.5,vial2,9,29.879265969059976
85,id32,149.5,323.0,vial2,9,29.879265969059976
86,id32,149.0,323.0,vial2,9,29.879265969059976
87,id32,149.0,323.0,vial2,9,29.879265969059976
88,id32,149.0,323.0,vial2,9,29.879265969059976
89,id32,149.0,323.0,vial2,9,29.879265969059976
90,id32,149.0,323.0,vial2,9,29.879265969059976
91,id32,149.0,323.0,vial2,9,29.879265969059976
92,id32,149.0,323.0,vial2,9,29.879265969059976
93,id32,149.0,323.0,vial2,9,29.879265969059976
94,id32,149.0,323.0,vial2,9,29.879265969059976
95,id32,149.0,323.0,vial2,9,29.879265969059976
96,id32,149.0,323.0,vial2,9,29.879265969059976
97,id32,149.0,323.0,vial2,9,29.879265969059976
98,id32,149.5,323.0,vial2,9,29.879265969059976
99,id32,149.0,323.0,vial2,9,29.879265969059976
100,id32,149.0,323.0,vial2,9,29.879265969059976
101,id32,149.0,323.0,vial2,9,29.879265969059976
102,id32,149.0,323.0,vial2,9,29.879265969059976
103,id32,149.0,323.0,vial2,9,29.879265969059976
104,id32,149.0,322.5,vial2,9,29.879265969059976
105,id32,148.0,321.5,vial2,9,29.879265969059976
106,id32,148.0,320.5,vial2,9,29.879265969059976
107,id32,147.0,318.5,vial2,9,29.879265969059976
108,id32,146.0,317.0,vial2,9,29.879265969059976
109,id32,146.0,315.0,vial2,9,29.879265969059976
110,id32,145.0,313.5,vial2,9,29.879265969059976
111,id32,144.0,312.5,vial2,9,29.879265969059976
112,id32,143.5,312.0,vial2,9,29.879265969059976
113,id32,142.5,312.0,vial2,9,29.879265969059976
114,id32,142.0,312.5,vial2,9,29.879265969059976
115,id32,141.0,312.5,vial2,9,29.879265969059976
116,id32,140.5,312.5,vial2,9,29.879265969059976
117,id32,140.5,312.5,vial2,9,29.879265969059976
118,id32,140.0,313.5,vial2,9,29.879265969059976
119,id32,140.0,313.5,vial2,9,29.879265969059976
120,id32,140.0,313.5,vial2,9,29.879265969059976
121,id32,141.0,313.5,vial2,9,29.879265969059976
122,id32,142.0,313.5,vial2,9,29.879265969059976
123,id32,143.5,313.5,vial2,9,29.879265969059976
124,id32,144.5,313.5,vial2,9,29.879265969059976
125,id32,146.5,313.5,vial2,9,29.879265969059976
126,id32,147.5,314.0,vial2,9,29.879265969059976
127,id32,149.5,314.0,vial2,9,29.879265969059976
128,id32,151.0,314.0,vial2,9,29.879265969059976
129,id32,153.0,314.0,vial2,9,29.879265969059976
130,id32,156.5,314.5,vial2,9,29.879265969059976
131,id32,158.5,314.5,vial2,9,29.879265969059976
132,id32,161.5,315.0,vial2,9,29.879265969059976
133,id32,163.5,315.5,vial2,9,29.879265969059976
134,id32,165.0,315.5,vial2,9,29.879265969059976
135,id32,167.0,316.5,vial2,9,29.879265969059976
136,id32,168.0,316.5,vial2,9,29.879265969059976
137,id32,168.0,316.5,vial2,9,29.879265969059976
138,id32,168.0,316.5,vial2,9,29.879265969059976
139,id32,168.0,316.5,vial2,9,29.879265969059976
140,id32,167.0,316.5,vial2,9,29.879265969059976
141,id32,167.0,315.5,vial2,9,29.879265969059976
142,id32,167.0,315.5,vial2,9,29.879265969059976
143,id32,167.0,315.5,vial2,9,29.879265969059976
144,id32,167.0,315.5,vial2,9,29.879265969059976
145,id32,167.0,315.5,vial2,9,29.879265969059976
146,id32,167.0,315.5,vial2,9,29.879265969059976
147,id32,167.0,315.5,vial2,9,29.879265969059976
148,id32,168.0,314.5,vial2,9,29.879265969059976
149,id32,169.0,314.0,vial2,9,29.879265969059976
150,id32,168.5,313.0,vial2,9,29.879265969059976
151,id32,171.0,311.5,vial2,9,29.879265969059976
152,id32,172.0,309.5,vial2,9,29.879265969059976
153,id32,173.0,307.5,vial2,9,29.879265969059976
154,id32,174.5,305.5,vial2,9,29.879265969059976
155,id32,175.5,304.0,vial2,9,29.879265969059976
156,id32,176.5,302.0,vial2,9,29.879265969059976
157,id32,178.0,300.0,vial2,9,29.879265969059976
158,id32,179.5,298.0,vial2,9,29.879265969059976
159,id32,181.5,296.0,vial2,9,29.879265969059976
160,id32,183.0,293.5,vial2,9,29.879265969059976
161,id32,185.0,291.5,vial2,9,29.879265969059976
162,id32,187.0,289.5,vial2,9,29.879265969059976
163,id32,190.0,287.0,vial2,9,29.879265969059976
164,id32,192.5,285.0,vial2,9,29.879265969059976
165,id32,195.0,283.5,vial2,9,29.879265969059976
166,id32,197.5,282.5,vial2,9,29.879265969059976
167,id32,200.5,281.5,vial2,9,29.879265969059976
168,id32,202.0,280.5,vial2,9,29.879265969059976
169,id32,204.0,280.0,vial2,9,29.879265969059976
170,id32,206.0,279.5,vial2,9,29.879265969059976
171,id32,207.0,278.5,vial2,9,29.879265969059976
172,id32,208.0,278.0,vial2,9,29.879265969059976
173,id32,208.5,277.0,vial2,9,29.879265969059976
174,id32,209.5,275.5,vial2,9,29.879265969059976
175,id32,210.0,274.0,vial2,9,29.879265969059976
176,id32,211.0,272.0,vial2,9,29.879265969059976
177,id32,211.0,270.5,vial2,9,29.879265969059976
178,id32,211.0,270.0,vial2,9,29.879265969059976
179,id32,211.5,269.5,vial2,9,29.879265969059976
180,id32,212.0,269.5,vial2,9,29.879265969059976
181,id32,211.5,269.5,vial2,9,29.879265969059976
182,id32,211.5,269.5,vial2,9,29.879265969059976
183,id32,211.0,269.5,vial2,9,29.879265969059976
184,id32,210.0,270.0,vial2,9,29.879265969059976
185,id32,209.0,270.5,vial2,9,29.879265969059976
186,id32,208.0,270.5,vial2,9,29.879265969059976
187,id32,206.5,270.5,vial2,9,29.879265969059976
188,id32,205.0,271.0,vial2,9,29.879265969059976
189,id32,203.5,271.5,vial2,9,29.879265969059976
190,id32,201.0,271.5,vial2,9,29.879265969059976
191,id32,199.5,272.5,vial2,9,29.879265969059976
192,id32,197.5,274.5,vial2,9,29.879265969059976
193,id32,196.5,276.5,vial2,9,29.879265969059976
194,id32,195.5,278.5,vial2,9,29.879265969059976
195,id32,194.0,279.5,vial2,9,29.879265969059976
196,id32,192.0,281.0,vial2,9,29.879265969059976
197,id32,189.5,282.0,vial2,9,29.879265969059976
198,id32,187.0,282.5,vial2,9,29.879265969059976
199,id32,183.5,283.5,vial2,9,29.879265969059976
200,id32,180.5,283.5,vial2,9,29.879265969059976
201,id32,177.0,283.0,vial2,9,29.879265969059976
202,id32,174.0,282.5,vial2,9,29.879265969059976
203,id32,170.5,282.0,vial2,9,29.879265969059976
204,id32,167.5,281.0,vial2,9,29.879265969059976
205,id32,165.5,279.5,vial2,9,29.879265969059976
206,id32,163.0,278.0,vial2,9,29.879265969059976
207,id32,161.0,276.0,vial2,9,29.879265969059976
208,id32,158.5,274.0,vial2,9,29.879265969059976
209,id32,156.5,272.5,vial2,9,29.879265969059976
210,id32,154.5,270.5,vial2,9,29.879265969059976
211,id32,153.0,268.0,vial2,9,29.879265969059976
212,id32,151.5,265.5,vial2,9,29.879265969059976
213,id32,150.5,263.5,vial2,9,29.879265969059976
214,id32,149.0,261.5,vial2,9,29.879265969059976
215,id32,147.5,259.5,vial2,9,29.879265969059976
216,id32,146.0,257.5,vial2,9,29.879265969059976
217,id32,145.0,255.5,vial2,9,29.879265969059976
218,id32,144.0,254.5,vial2,9,29.879265969059976
219,id32,143.0,253.0,vial2,9,29.879265969059976
220,id32,142.0,252.0,vial2,9,29.879265969059976
221,id32,141.0,251.0,vial2,9,29.879265969059976
222,id32,141.0,250.5,vial2,9,29.879265969059976
223,id32,141.0,251.0,vial2,9,29.879265969059976
224,id32,141.5,251.5,vial2,9,29.879265969059976
225,id32,141.0,252.0,vial2,9,29.879265969059976
226,id32,141.0,252.5,vial2,9,29.879265969059976
227,id32,141.0,253.0,vial2,9,29.879265969059976
228,id32,142.0,253.5,vial2,9,29.879265969059976
229,id32,143.0,254.5,vial2,9,29.879265969059976
230,id32,144.0,255.5,vial2,9,29.879265969059976
231,id32,145.5,256.5,vial2,9,29.879265969059976
232,id32,146.5,257.0,vial2,9,29.879265969059976
233,id32,148.5,257.5,vial2,9,29.879265969059976
234,id32,150.0,258.0,vial2,9,29.879265969059976
235,id32,152.0,258.5,vial2,9,29.879265969059976
236,id32,152.5,257.5,vial2,9,29.879265969059976
237,id32,154.0,256.5,vial2,9,29.879265969059976
238,id32,155.0,256.0,vial2,9,29.879265969059976
239,id32,156.0,254.5,vial2,9,29.879265969059976
240,id32,158.0,253.0,vial2,9,29.879265969059976
241,id32,159.0,251.5,vial2,9,29.879265969059976
242,id32,160.5,249.5,vial2,9,29.879265969059976
243,id32,162.5,247.0,vial2,9,29.879265969059976
244,id32,164.0,245.0,vial2,9,29.879265969059976
245,id32,165.5,243.0,vial2,9,29.879265969059976
246,id32,166.5,240.5,vial2,9,29.879265969059976
247,id32,168.5,239.0,vial2,9,29.879265969059976
248,id32,170.0,237.0,vial2,9,29.879265969059976
249,id32,172.0,235.0,vial2,9,29.879265969059976
250,id32,175.0,232.5,vial2,9,29.879265969059976
251,id32,177.5,231.0,vial2,9,29.879265969059976
252,id32,180.0,229.0,vial2,9,29.879265969059976
253,id32,182.5,228.0,vial2,9,29.879265969059976
254,id32,185.5,226.0,vial2,9,29.879265969059976
255,id32,187.5,225.0,vial2,9,29.879265969059976
256,id32,190.5,223.5,vial2,9,29.879265969059976
257,id32,192.5,222.5,vial2,9,29.879265969059976
258,id32,195.5,221.5,vial2,9,29.879265969059976
259,id32,197.5,220.5,vial2,9,29.879265969059976
260,id32,199.5,220.5,vial2,9,29.879265969059976
261,id32,201.0,219.0,vial2,9,29.879265969059976
262,id32,202.5,218.5,vial2,9,29.879265969059976
263,id32,204.0,217.5,vial2,9,29.879265969059976
264,id32,204.5,217.0,vial2,9,29.879265969059976
265,id32,205.5,215.5,vial2,9,29.879265969059976
266,id32,205.5,213.5,vial2,9,29.879265969059976
267,id32,206.0,211.5,vial2,9,29.879265969059976
268,id32,206.0,208.5,vial2,9,29.879265969059976
269,id32,206.0,206.5,vial2,9,29.879265969059976
270,id32,206.0,203.5,vial2,9,29.879265969059976
271,id32,206.0,201.0,vial2,9,29.879265969059976
272,id32,206.5,198.0,vial2,9,29.879265969059976
273,id32,206.5,195.5,vial2,9,29.879265969059976
274,id32,206.5,192.0,vial2,9,29.879265969059976
275,id32,207.0,189.0,vial2,9,29.879265969059976
276,id32,207.0,186.0,vial2,9,29.879265969059976
277,id32,207.0,182.5,vial2,9,29.879265969059976
278,id32,207.0,178.5,vial2,9,29.879265969059976
279,id32,206.5,175.5,vial2,9,29.879265969059976
280,id32,207.5,172.0,vial2,9,29.879265969059976
281,id32,207.5,168.5,vial2,9,29.879265969059976
282,id32,207.5,165.5,vial2,9,29.879265969059976
283,id32,208.0,162.5,vial2,9,29.879265969059976
284,id32,208.0,159.0,vial2,9,29.879265969059976
285,id32,208.5,155.5,vial2,9,29.879265969059976
286,id32,209.0,152.0,vial2,9,29.879265969059976
287,id32,209.0,149.0,vial2,9,29.879265969059976
288,id32,209.5,146.0,vial2,9,29.879265969059976
289,id32,209.5,142.5,vial2,9,29.879265969059976
290,id32,210.0,139.5,vial2,9,29.879265969059976
291,id32,210.0,135.5,vial2,9,29.879265969059976
292,id32,210.0,132.5,vial2,9,29.879265969059976
293,id32,210.5,129.5,vial2,9,29.879265969059976
294,id32,210.5,126.5,vial2,9,29.879265969059976
295,id32,211.0,123.5,vial2,9,29.879265969059976
296,id32,211.0,120.5,vial2,9,29.879265969059976
297,id32,210.5,118.0,vial2,9,29.879265969059976
298,id32,210.5,115.5,vial2,9,29.879265969059976
299,id32,210.5,112.5,vial2,9,29.879265969059976
300,id32,210.5,110.5,vial2,9,29.879265969059976
301,id32,210.5,107.5,vial2,9,29.879265969059976
302,id32,210.5,105.5,vial2,9,29.879265969059976
303,id32,209.5,103.0,vial2,9,29.879265969059976
304,id32,208.5,100.5,vial2,9,29.879265969059976
305,id32,208.0,98.5,vial2,9,29.879265969059976
306,id32,207.0,96.5,vial2,9,29.879265969059976
307,id32,206.0,94.0,vial2,9,29.879265969059976
0,id33,20.5,372.5,vial1,4,29.879265969059976
1,id33,20.5,372.5,vial1,4,29.879265969059976
2,id33,21.0,372.5,vial1,4,29.879265969059976
3,id33,21.5,373.0,vial1,4,29.879265969059976
4,id33,20.5,373.0,vial1,4,29.879265969059976
5,id33,20.0,373.0,vial1,4,29.879265969059976
6,id33,19.5,373.5,vial1,4,29.879265969059976
7,id33,20.0,373.0,vial1,4,29.879265969059976
8,id33,20.0,373.5,vial1,4,29.879265969059976
9,id33,19.5,373.5,vial1,4,29.879265969059976
10,id33,18.5,373.5,vial1,4,29.879265969059976
11,id33,18.5,373.5,vial1,4,29.879265969059976
12,id33,22.0,373.5,vial1,4,29.879265969059976
13,id33,21.0,373.0,vial1,4,29.879265969059976
14,id33,20.0,373.0,vial1,4,29.879265969059976
15,id33,19.5,372.5,vial1,4,29.879265969059976
16,id33,19.0,372.5,vial1,4,29.879265969059976
17,id33,19.0,373.5,vial1,4,29.879265969059976
18,id33,19.0,373.5,vial1,4,29.879265969059976
19,id33,19.0,373.0,vial1,4,29.879265969059976
20,id33,19.5,371.5,vial1,4,29.879265969059976
21,id33,25.5,373.5,vial1,4,29.879265969059976
22,id33,24.5,374.0,vial1,4,29.879265969059976
23,id33,22.0,374.0,vial1,4,29.879265969059976
24,id33,20.5,374.0,vial1,4,29.879265969059976
25,id33,21.0,374.5,vial1,4,29.879265969059976
30,id33,34.5,372.5,vial1,4,29.879265969059976
31,id33,34.0,373.5,vial1,4,29.879265969059976
32,id33,34.0,373.5,vial1,4,29.879265969059976
33,id33,34.0,373.5,vial1,4,29.879265969059976
34,id33,34.0,373.5,vial1,4,29.879265969059976
35,id33,33.5,373.0,vial1,4,29.879265969059976
36,id33,34.0,372.5,vial1,4,29.879265969059976
37,id33,34.0,373.0,vial1,4,29.879265969059976
38,id33,33.5,373.0,vial1,4,29.879265969059976
39,id33,32.5,373.0,vial1,4,29.879265969059976
40,id33,33.5,373.0,vial1,4,29.879265969059976
41,id33,34.5,372.5,vial1,4,29.879265969059976
42,id33,35.5,372.0,vial1,4,29.879265969059976
43,id33,36.0,372.0,vial1,4,29.879265969059976
44,id33,36.5,372.0,vial1,4,29.879265969059976
45,id33,36.5,372.0,vial1,4,29.879265969059976
46,id33,36.5,372.0,vial1,4,29.879265969059976
47,id33,36.5,372.0,vial1,4,29.879265969059976
48,id33,36.5,372.0,vial1,4,29.879265969059976
49,id33,36.0,372.0,vial1,4,29.879265969059976
50,id33,36.5,372.0,vial1,4,29.879265969059976
51,id33,36.5,372.0,vial1,4,29.879265969059976
52,id33,36.5,372.0,vial1,4,29.879265969059976
53,id33,35.0,352.0,vial1,4,29.879265969059976
54,id33,36.5,301.5,vial1,4,29.879265969059976
55,id33,64.5,267.0,vial1,4,29.879265969059976
56,id33,75.0,253.0,vial1,4,29.879265969059976
57,id33,51.0,260.5,vial1,4,29.879265969059976
58,id33,47.5,250.0,vial1,4,29.879265969059976
59,id33,46.5,250.5,vial1,4,29.879265969059976
60,id33,46.5,250.0,vial1,4,29.879265969059976
61,id33,46.5,250.0,vial1,4,29.879265969059976
62,id33,46.5,250.0,vial1,4,29.879265969059976
63,id33,46.5,250.0,vial1,4,29.879265969059976
64,id33,46.5,250.5,vial1,4,29.879265969059976
65,id33,46.5,250.5,vial1,4,29.879265969059976
66,id33,46.5,250.0,vial1,4,29.879265969059976
67,id33,47.5,250.5,vial1,4,29.879265969059976
68,id33,47.0,250.5,vial1,4,29.879265969059976
69,id33,46.5,250.5,vial1,4,29.879265969059976
70,id33,46.5,251.5,vial1,4,29.879265969059976
71,id33,46.5,251.5,vial1,4,29.879265969059976
72,id33,46.5,250.5,vial1,4,29.879265969059976
73,id33,46.5,250.5,vial1,4,29.879265969059976
74,id33,45.5,248.5,vial1,4,29.879265969059976
75,id33,45.5,247.0,vial1,4,29.879265969059976
76,id33,44.5,244.5,vial1,4,29.879265969059976
77,id33,44.0,242.0,vial1,4,29.879265969059976
78,id33,43.0,238.5,vial1,4,29.879265969059976
79,id33,42.0,235.5,vial1,4,29.879265969059976
80,id33,40.5,231.5,vial1,4,29.879265969059976
81,id33,39.5,228.0,vial1,4,29.879265969059976
82,id33,38.5,223.5,vial1,4,29.879265969059976
83,id33,37.5,219.5,vial1,4,29.879265969059976
84,id33,37.5,215.5,vial1,4,29.879265969059976
85,id33,37.0,211.5,vial1,4,29.879265969059976
86,id33,36.5,207.5,vial1,4,29.879265969059976
87,id33,37.0,204.5,vial1,4,29.879265969059976
88,id33,37.0,202.5,vial1,4,29.879265969059976
89,id33,37.0,200.5,vial1,4,29.879265969059976
90,id33,37.0,200.5,vial1,4,29.879265969059976
91,id33,37.0,200.5,vial1,4,29.879265969059976
92,id33,37.0,199.5,vial1,4,29.879265969059976
93,id33,37.5,196.5,vial1,4,29.879265969059976
94,id33,38.5,194.5,vial1,4,29.879265969059976
95,id33,38.5,191.5,vial1,4,29.879265969059976
96,id33,38.5,189.0,vial1,4,29.879265969059976
97,id33,39.0,186.5,vial1,4,29.879265969059976
98,id33,39.5,183.5,vial1,4,29.879265969059976
99,id33,40.5,180.5,vial1,4,29.879265969059976
100,id33,41.0,176.5,vial1,4,29.879265969059976
101,id33,42.0,173.5,vial1,4,29.879265969059976
102,id33,44.0,169.5,vial1,4,29.879265969059976
103,id33,45.0,166.5,vial1,4,29.879265969059976
104,id33,45.5,164.0,vial1,4,29.879265969059976
105,id33,46.5,162.0,vial1,4,29.879265969059976
106,id33,46.5,160.5,vial1,4,29.879265969059976
107,id33,47.0,159.5,vial1,4,29.879265969059976
108,id33,47.5,157.5,vial1,4,29.879265969059976
109,id33,48.0,155.5,vial1,4,29.879265969059976
110,id33,49.0,154.0,vial1,4,29.879265969059976
111,id33,48.5,154.0,vial1,4,29.879265969059976
112,id33,49.5,153.0,vial1,4,29.879265969059976
113,id33,50.0,150.5,vial1,4,29.879265969059976
114,id33,51.0,148.5,vial1,4,29.879265969059976
115,id33,52.0,146.5,vial1,4,29.879265969059976
116,id33,54.0,144.0,vial1,4,29.879265969059976
117,id33,55.0,142.0,vial1,4,29.879265969059976
118,id33,55.0,141.0,vial1,4,29.879265969059976
119,id33,56.0,140.0,vial1,4,29.879265969059976
120,id33,57.0,139.0,vial1,4,29.879265969059976
121,id33,58.0,137.0,vial1,4,29.879265969059976
122,id33,58.5,136.0,vial1,4,29.879265969059976
123,id33,59.0,135.5,vial1,4,29.879265969059976
124,id33,59.0,135.0,vial1,4,29.879265969059976
125,id33,59.0,134.0,vial1,4,29.879265969059976
126,id33,60.0,133.5,vial1,4,29.879265969059976
127,id33,60.0,132.5,vial1,4,29.879265969059976
128,id33,60.5,132.0,vial1,4,29.879265969059976
129,id33,60.5,132.0,vial1,4,29.879265969059976
130,id33,61.5,124.0,vial1,4,29.879265969059976
131,id33,65.0,92.0,vial1,4,29.879265969059976
132,id33,75.0,62.0,vial1,4,29.879265969059976
133,id33,61.5,72.5,vial1,4,29.879265969059976
134,id33,29.5,116.5,vial1,4,29.879265969059976
135,id33,36.5,165.5,vial1,4,29.879265969059976
136,id33,76.0,187.5,vial1,4,29.879265969059976
137,id33,82.5,187.5,vial1,4,29.879265969059976
138,id33,82.5,187.5,vial1,4,29.879265969059976
139,id33,82.5,187.5,vial1,4,29.879265969059976
140,id33,82.5,187.5,vial1,4,29.879265969059976
141,id33,82.5,187.5,vial1,4,29.879265969059976
142,id33,82.5,187.5,vial1,4,29.879265969059976
143,id33,82.5,187.5,vial1,4,29.879265969059976
144,id33,82.5,187.5,vial1,4,29.879265969059976
145,id33,82.5,187.5,vial1,4,29.879265969059976
146,id33,82.5,187.5,vial1,4,29.879265969059976
147,id33,82.5,187.5,vial1,4,29.879265969059976
148,id33,82.5,188.5,vial1,4,29.879265969059976
149,id33,82.5,188.5,vial1,4,29.879265969059976
150,id33,82.0,188.5,vial1,4,29.879265969059976
151,id33,82.0,189.5,vial1,4,29.879265969059976
152,id33,82.5,188.5,vial1,4,29.879265969059976
153,id33,82.5,187.5,vial1,4,29.879265969059976
154,id33,83.0,186.5,vial1,4,29.879265969059976
155,id33,83.0,183.0,vial1,4,29.879265969059976
156,id33,83.0,180.5,vial1,4,29.879265969059976
157,id33,83.0,178.0,vial1,4,29.879265969059976
158,id33,83.0,175.0,vial1,4,29.879265969059976
159,id33,82.5,172.5,vial1,4,29.879265969059976
160,id33,83.0,169.5,vial1,4,29.879265969059976
161,id33,83.0,166.0,vial1,4,29.879265969059976
162,id33,83.0,162.5,vial1,4,29.879265969059976
163,id33,83.0,159.0,vial1,4,29.879265969059976
164,id33,83.0,155.0,vial1,4,29.879265969059976
165,id33,83.5,152.0,vial1,4,29.879265969059976
166,id33,83.5,148.0,vial1,4,29.879265969059976
167,id33,83.5,147.0,vial1,4,29.879265969059976
168,id33,83.5,147.0,vial1,4,29.879265969059976
169,id33,83.5,146.0,vial1,4,29.879265969059976
170,id33,83.5,144.0,vial1,4,29.879265969059976
171,id33,83.5,142.0,vial1,4,29.879265969059976
172,id33,83.5,139.0,vial1,4,29.879265969059976
173,id33,83.5,136.0,vial1,4,29.879265969059976
174,id33,83.5,133.0,vial1,4,29.879265969059976
175,id33,83.5,130.0,vial1,4,29.879265969059976
176,id33,83.5,129.0,vial1,4,29.879265969059976
177,id33,83.5,128.5,vial1,4,29.879265969059976
178,id33,83.5,128.0,vial1,4,29.879265969059976
179,id33,83.5,127.5,vial1,4,29.879265969059976
180,id33,83.5,127.5,vial1,4,29.879265969059976
181,id33,83.5,127.5,vial1,4,29.879265969059976
182,id33,83.5,127.5,vial1,4,29.879265969059976
183,id33,83.5,127.5,vial1,4,29.879265969059976
184,id33,83.5,127.0,vial1,4,29.879265969059976
185,id33,83.5,127.0,vial1,4,29.879265969059976
186,id33,83.5,127.0,vial1,4,29.879265969059976
187,id33,71.5,115.0,vial1,4,29.879265969059976
188,id33,55.5,77.0,vial1,4,29.879265969059976
189,id33,73.5,51.0,vial1,4,29.879265969059976
190,id33,61.0,51.5,vial1,4,29.879265969059976
191,id33,71.0,75.5,vial1,4,29.879265969059976
192,id33,76.5,88.5,vial1,4,29.879265969059976
193,id33,77.5,87.0,vial1,4,29.879265969059976
194,id33,78.5,87.0,vial1,4,29.879265969059976
195,id33,78.5,85.5,vial1,4,29.879265969059976
196,id33,78.0,83.5,vial1,4,29.879265969059976
197,id33,77.5,81.5,vial1,4,29.879265969059976
198,id33,77.0,79.5,vial1,4,29.879265969059976
199,id33,76.5,76.5,vial1,4,29.879265969059976
200,id33,75.5,73.5,vial1,4,29.879265969059976
201,id33,75.5,71.5,vial1,4,29.879265969059976
202,id33,75.5,70.5,vial1,4,29.879265969059976
204,id33,76.0,70.5,vial1,4,29.879265969059976
205,id33,76.5,70.5,vial1,4,29.879265969059976
206,id33,76.5,70.5,vial1,4,29.879265969059976
207,id33,76.5,70.5,vial1,4,29.879265969059976
208,id33,76.5,70.5,vial1,4,29.879265969059976
209,id33,76.5,70.5,vial1,4,29.879265969059976
210,id33,76.5,70.5,vial1,4,29.879265969059976
211,id33,76.5,70.5,vial1,4,29.879265969059976
212,id33,76.5,70.5,vial1,4,29.879265969059976
213,id33,76.5,70.5,vial1,4,29.879265969059976
214,id33,76.5,70.0,vial1,4,29.879265969059976
215,id33,57.0,47.5,vial1,4,29.879265969059976
216,id33,46.5,19.0,vial1,4,29.879265969059976
217,id33,47.5,19.5,vial1,4,29.879265969059976
218,id33,28.0,34.0,vial1,4,29.879265969059976
219,id33,17.5,36.5,vial1,4,29.879265969059976
247,id33,19.5,13.0,vial1,4,29.879265969059976
248,id33,31.5,67.0,vial1,4,29.879265969059976
249,id33,26.5,134.0,vial1,4,29.879265969059976
250,id33,21.5,160.0,vial1,4,29.879265969059976
251,id33,19.0,187.5,vial1,4,29.879265969059976
253,id33,44.5,215.0,vial1,4,29.879265969059976
254,id33,45.0,214.0,vial1,4,29.879265969059976
255,id33,44.5,213.5,vial1,4,29.879265969059976
256,id33,44.0,212.0,vial1,4,29.879265969059976
257,id33,44.0,211.0,vial1,4,29.879265969059976
258,id33,43.0,210.0,vial1,4,29.879265969059976
259,id33,42.0,207.5,vial1,4,29.879265969059976
260,id33,42.0,206.5,vial1,4,29.879265969059976
261,id33,41.0,204.5,vial1,4,29.879265969059976
262,id33,41.0,202.5,vial1,4,29.879265969059976
263,id33,41.0,200.5,vial1,4,29.879265969059976
264,id33,40.5,199.5,vial1,4,29.879265969059976
265,id33,40.0,198.5,vial1,4,29.879265969059976
266,id33,40.0,197.5,vial1,4,29.879265969059976
267,id33,40.0,195.5,vial1,4,29.879265969059976
268,id33,40.0,194.5,vial1,4,29.879265969059976
269,id33,40.0,193.5,vial1,4,29.879265969059976
270,id33,39.5,191.5,vial1,4,29.879265969059976
271,id33,39.5,190.0,vial1,4,29.879265969059976
272,id33,39.5,188.5,vial1,4,29.879265969059976
273,id33,39.5,187.0,vial1,4,29.879265969059976
274,id33,39.5,185.5,vial1,4,29.879265969059976
275,id33,39.5,184.5,vial1,4,29.879265969059976
276,id33,39.0,183.5,vial1,4,29.879265969059976
277,id33,39.5,183.0,vial1,4,29.879265969059976
278,id33,39.0,182.5,vial1,4,29.879265969059976
279,id33,39.0,182.5,vial1,4,29.879265969059976
280,id33,39.0,182.5,vial1,4,29.879265969059976
281,id33,39.0,182.0,vial1,4,29.879265969059976
282,id33,40.5,156.0,vial1,4,29.879265969059976
283,id33,33.0,116.5,vial1,4,29.879265969059976
306,id33,74.5,40.0,vial1,4,29.879265969059976
307,id33,54.0,48.5,vial1,4,29.879265969059976
0,id34,158.5,373.0,vial2,10,29.879265969059976
1,id34,158.5,372.5,vial2,10,29.879265969059976
2,id34,156.5,373.5,vial2,10,29.879265969059976
3,id34,154.5,373.5,vial2,10,29.879265969059976
4,id34,153.5,373.0,vial2,10,29.879265969059976
5,id34,152.0,373.5,vial2,10,29.879265969059976
6,id34,148.5,374.0,vial2,10,29.879265969059976
10,id34,148.5,373.0,vial2,10,29.879265969059976
11,id34,148.5,373.0,vial2,10,29.879265969059976
12,id34,148.5,373.0,vial2,10,29.879265969059976
13,id34,148.5,373.0,vial2,10,29.879265969059976
14,id34,148.5,373.0,vial2,10,29.879265969059976
15,id34,148.5,373.5,vial2,10,29.879265969059976
16,id34,148.5,373.5,vial2,10,29.879265969059976
17,id34,149.0,373.5,vial2,10,29.879265969059976
18,id34,149.0,373.5,vial2,10,29.879265969059976
19,id34,149.0,373.5,vial2,10,29.879265969059976
20,id34,149.0,373.5,vial2,10,29.879265969059976
21,id34,148.5,373.5,vial2,10,29.879265969059976
22,id34,148.5,373.5,vial2,10,29.879265969059976
23,id34,148.0,374.0,vial2,10,29.879265969059976
24,id34,148.5,373.5,vial2,10,29.879265969059976
25,id34,148.0,374.0,vial2,10,29.879265969059976
26,id34,148.0,374.5,vial2,10,29.879265969059976
27,id34,146.0,374.0,vial2,10,29.879265969059976
28,id34,144.0,374.0,vial2,10,29.879265969059976
29,id34,143.5,374.5,vial2,10,29.879265969059976
30,id34,142.0,374.5,vial2,10,29.879265969059976
31,id34,142.0,374.5,vial2,10,29.879265969059976
32,id34,142.0,374.5,vial2,10,29.879265969059976
33,id34,142.0,374.5,vial2,10,29.879265969059976
34,id34,142.0,374.5,vial2,10,29.879265969059976
35,id34,142.5,375.5,vial2,10,29.879265969059976
36,id34,143.0,375.5,vial2,10,29.879265969059976
37,id34,143.0,375.5,vial2,10,29.879265969059976
38,id34,143.0,375.5,vial2,10,29.879265969059976
39,id34,143.0,375.5,vial2,10,29.879265969059976
40,id34,144.0,375.5,vial2,10,29.879265969059976
41,id34,144.5,375.5,vial2,10,29.879265969059976
42,id34,145.0,375.5,vial2,10,29.879265969059976
43,id34,145.5,375.5,vial2,10,29.879265969059976
44,id34,145.5,375.5,vial2,10,29.879265969059976
45,id34,145.5,375.5,vial2,10,29.879265969059976
46,id34,145.5,375.5,vial2,10,29.879265969059976
47,id34,146.0,375.5,vial2,10,29.879265969059976
48,id34,146.0,375.5,vial2,10,29.879265969059976
49,id34,146.0,375.5,vial2,10,29.879265969059976
50,id34,146.0,375.5,vial2,10,29.879265969059976
51,id34,146.0,375.5,vial2,10,29.879265969059976
52,id34,146.0,375.5,vial2,10,29.879265969059976
53,id34,146.0,375.5,vial2,10,29.879265969059976
54,id34,146.5,375.5,vial2,10,29.879265969059976
55,id34,147.0,376.5,vial2,10,29.879265969059976
56,id34,148.0,376.5,vial2,10,29.879265969059976
57,id34,148.0,376.5,vial2,10,29.879265969059976
58,id34,149.0,376.0,vial2,10,29.879265969059976
59,id34,149.5,375.5,vial2,10,29.879265969059976
60,id34,150.0,375.0,vial2,10,29.879265969059976
61,id34,150.5,374.0,vial2,10,29.879265969059976
62,id34,149.5,373.0,vial2,10,29.879265969059976
63,id34,149.5,372.5,vial2,10,29.879265969059976
64,id34,149.5,373.5,vial2,10,29.879265969059976
65,id34,159.0,376.0,vial2,10,29.879265969059976
66,id34,160.0,375.5,vial2,10,29.879265969059976
67,id34,161.0,376.5,vial2,10,29.879265969059976
68,id34,163.5,376.0,vial2,10,29.879265969059976
69,id34,163.5,375.5,vial2,10,29.879265969059976
70,id34,165.0,375.5,vial2,10,29.879265969059976
71,id34,166.0,375.5,vial2,10,29.879265969059976
72,id34,166.5,376.0,vial2,10,29.879265969059976
73,id34,168.0,375.5,vial2,10,29.879265969059976
74,id34,169.5,375.5,vial2,10,29.879265969059976
75,id34,170.5,375.5,vial2,10,29.879265969059976
76,id34,172.0,375.5,vial2,10,29.879265969059976
77,id34,173.0,375.5,vial2,10,29.879265969059976
78,id34,174.0,376.0,vial2,10,29.879265969059976
79,id34,176.0,376.0,vial2,10,29.879265969059976
80,id34,177.0,376.0,vial2,10,29.879265969059976
81,id34,179.0,375.5,vial2,10,29.879265969059976
82,id34,180.0,375.5,vial2,10,29.879265969059976
83,id34,181.5,375.5,vial2,10,29.879265969059976
84,id34,182.5,376.0,vial2,10,29.879265969059976
85,id34,183.0,376.0,vial2,10,29.879265969059976
86,id34,182.0,376.5,vial2,10,29.879265969059976
87,id34,181.5,377.0,vial2,10,29.879265969059976
88,id34,181.0,377.0,vial2,10,29.879265969059976
89,id34,180.0,376.5,vial2,10,29.879265969059976
90,id34,180.0,376.0,vial2,10,29.879265969059976
91,id34,179.5,376.0,vial2,10,29.879265969059976
92,id34,179.0,375.0,vial2,10,29.879265969059976
93,id34,179.0,374.5,vial2,10,29.879265969059976
94,id34,177.0,374.0,vial2,10,29.879265969059976
95,id34,176.5,373.0,vial2,10,29.879265969059976
96,id34,176.0,372.5,vial2,10,29.879265969059976
97,id34,174.5,370.0,vial2,10,29.879265969059976
98,id34,173.5,368.5,vial2,10,29.879265969059976
99,id34,173.0,367.5,vial2,10,29.879265969059976
100,id34,172.5,364.5,vial2,10,29.879265969059976
101,id34,171.5,363.5,vial2,10,29.879265969059976
102,id34,171.5,362.5,vial2,10,29.879265969059976
103,id34,171.5,361.5,vial2,10,29.879265969059976
104,id34,170.5,359.5,vial2,10,29.879265969059976
105,id34,170.5,357.5,vial2,10,29.879265969059976
106,id34,169.5,357.5,vial2,10,29.879265969059976
107,id34,169.5,356.5,vial2,10,29.879265969059976
108,id34,169.5,355.5,vial2,10,29.879265969059976
109,id34,168.5,353.5,vial2,10,29.879265969059976
110,id34,168.5,353.0,vial2,10,29.879265969059976
111,id34,168.5,352.5,vial2,10,29.879265969059976
112,id34,167.5,350.0,vial2,10,29.879265969059976
113,id34,167.5,348.5,vial2,10,29.879265969059976
114,id34,168.5,347.5,vial2,10,29.879265969059976
115,id34,168.0,344.5,vial2,10,29.879265969059976
116,id34,168.0,343.0,vial2,10,29.879265969059976
117,id34,169.0,341.5,vial2,10,29.879265969059976
118,id34,170.0,340.5,vial2,10,29.879265969059976
119,id34,170.5,338.0,vial2,10,29.879265969059976
120,id34,171.5,336.0,vial2,10,29.879265969059976
121,id34,172.5,335.0,vial2,10,29.879265969059976
122,id34,173.5,332.0,vial2,10,29.879265969059976
123,id34,175.0,330.0,vial2,10,29.879265969059976
124,id34,176.0,329.0,vial2,10,29.879265969059976
125,id34,176.5,328.0,vial2,10,29.879265969059976
126,id34,176.5,327.0,vial2,10,29.879265969059976
127,id34,177.5,325.5,vial2,10,29.879265969059976
128,id34,177.5,325.0,vial2,10,29.879265969059976
129,id34,177.5,326.0,vial2,10,29.879265969059976
130,id34,177.0,326.0,vial2,10,29.879265969059976
131,id34,177.5,325.0,vial2,10,29.879265969059976
132,id34,177.5,325.0,vial2,10,29.879265969059976
133,id34,177.0,324.5,vial2,10,29.879265969059976
134,id34,176.0,323.5,vial2,10,29.879265969059976
135,id34,176.0,322.5,vial2,10,29.879265969059976
136,id34,175.5,321.5,vial2,10,29.879265969059976
137,id34,175.5,321.5,vial2,10,29.879265969059976
138,id34,175.5,321.5,vial2,10,29.879265969059976
139,id34,174.5,321.0,vial2,10,29.879265969059976
140,id34,174.0,321.0,vial2,10,29.879265969059976
141,id34,174.0,320.5,vial2,10,29.879265969059976
142,id34,173.5,320.5,vial2,10,29.879265969059976
143,id34,174.5,320.5,vial2,10,29.879265969059976
144,id34,174.5,321.5,vial2,10,29.879265969059976
145,id34,173.5,322.0,vial2,10,29.879265969059976
146,id34,173.5,321.5,vial2,10,29.879265969059976
147,id34,174.0,320.5,vial2,10,29.879265969059976
148,id34,174.5,320.0,vial2,10,29.879265969059976
149,id34,175.0,319.5,vial2,10,29.879265969059976
150,id34,175.5,319.5,vial2,10,29.879265969059976
151,id34,175.5,319.0,vial2,10,29.879265969059976
152,id34,176.0,318.5,vial2,10,29.879265969059976
153,id34,176.5,318.0,vial2,10,29.879265969059976
154,id34,177.5,317.5,vial2,10,29.879265969059976
155,id34,179.0,316.5,vial2,10,29.879265969059976
156,id34,181.5,317.5,vial2,10,29.879265969059976
157,id34,180.5,316.5,vial2,10,29.879265969059976
158,id34,182.0,314.5,vial2,10,29.879265969059976
159,id34,183.5,313.5,vial2,10,29.879265969059976
160,id34,184.0,313.0,vial2,10,29.879265969059976
161,id34,186.0,312.0,vial2,10,29.879265969059976
162,id34,186.5,312.0,vial2,10,29.879265969059976
163,id34,187.5,312.0,vial2,10,29.879265969059976
164,id34,188.5,311.0,vial2,10,29.879265969059976
165,id34,190.5,310.0,vial2,10,29.879265969059976
166,id34,191.5,310.0,vial2,10,29.879265969059976
167,id34,193.0,310.0,vial2,10,29.879265969059976
168,id34,193.5,309.5,vial2,10,29.879265969059976
169,id34,194.5,310.0,vial2,10,29.879265969059976
170,id34,195.5,310.0,vial2,10,29.879265969059976
171,id34,195.5,310.0,vial2,10,29.879265969059976
172,id34,196.5,310.0,vial2,10,29.879265969059976
173,id34,197.5,310.0,vial2,10,29.879265969059976
174,id34,198.5,309.5,vial2,10,29.879265969059976
175,id34,199.0,309.5,vial2,10,29.879265969059976
176,id34,200.5,309.5,vial2,10,29.879265969059976
177,id34,201.5,309.5,vial2,10,29.879265969059976
178,id34,202.0,310.0,vial2,10,29.879265969059976
179,id34,203.0,309.5,vial2,10,29.879265969059976
180,id34,203.5,309.5,vial2,10,29.879265969059976
181,id34,204.0,309.5,vial2,10,29.879265969059976
182,id34,204.5,309.5,vial2,10,29.879265969059976
183,id34,205.5,309.0,vial2,10,29.879265969059976
184,id34,205.5,309.5,vial2,10,29.879265969059976
185,id34,206.0,309.5,vial2,10,29.879265969059976
186,id34,206.0,309.0,vial2,10,29.879265969059976
187,id34,206.0,308.5,vial2,10,29.879265969059976
188,id34,206.0,308.5,vial2,10,29.879265969059976
189,id34,206.0,308.0,vial2,10,29.879265969059976
190,id34,207.0,308.0,vial2,10,29.879265969059976
191,id34,207.0,307.0,vial2,10,29.879265969059976
192,id34,207.0,306.0,vial2,10,29.879265969059976
193,id34,208.0,305.0,vial2,10,29.879265969059976
194,id34,208.5,303.0,vial2,10,29.879265969059976
195,id34,209.0,301.5,vial2,10,29.879265969059976
196,id34,209.0,300.0,vial2,10,29.879265969059976
197,id34,209.0,299.0,vial2,10,29.879265969059976
198,id34,209.5,297.0,vial2,10,29.879265969059976
199,id34,210.0,295.0,vial2,10,29.879265969059976
200,id34,210.0,293.0,vial2,10,29.879265969059976
201,id34,210.0,292.0,vial2,10,29.879265969059976
202,id34,211.0,290.5,vial2,10,29.879265969059976
204,id34,211.5,286.0,vial2,10,29.879265969059976
205,id34,211.5,284.0,vial2,10,29.879265969059976
206,id34,211.5,282.0,vial2,10,29.879265969059976
207,id34,212.5,280.0,vial2,10,29.879265969059976
208,id34,212.5,278.5,vial2,10,29.879265969059976
209,id34,212.5,277.5,vial2,10,29.879265969059976
210,id34,212.5,275.0,vial2,10,29.879265969059976
211,id34,212.5,273.0,vial2,10,29.879265969059976
212,id34,212.5,271.5,vial2,10,29.879265969059976
213,id34,212.5,269.5,vial2,10,29.879265969059976
214,id34,212.5,268.0,vial2,10,29.879265969059976
215,id34,212.5,266.0,vial2,10,29.879265969059976
216,id34,212.5,264.0,vial2,10,29.879265969059976
217,id34,212.5,261.5,vial2,10,29.879265969059976
218,id34,212.5,260.0,vial2,10,29.879265969059976
219,id34,212.5,257.0,vial2,10,29.879265969059976
220,id34,213.0,255.5,vial2,10,29.879265969059976
221,id34,213.0,254.5,vial2,10,29.879265969059976
222,id34,212.5,252.0,vial2,10,29.879265969059976
223,id34,213.0,250.5,vial2,10,29.879265969059976
224,id34,213.0,249.0,vial2,10,29.879265969059976
225,id34,213.0,247.5,vial2,10,29.879265969059976
226,id34,213.0,245.0,vial2,10,29.879265969059976
227,id34,213.0,244.0,vial2,10,29.879265969059976
228,id34,213.0,242.0,vial2,10,29.879265969059976
229,id34,212.5,240.0,vial2,10,29.879265969059976
230,id34,212.5,238.0,vial2,10,29.879265969059976
231,id34,213.0,237.0,vial2,10,29.879265969059976
232,id34,213.0,234.5,vial2,10,29.879265969059976
233,id34,213.0,232.0,vial2,10,29.879265969059976
234,id34,213.5,229.5,vial2,10,29.879265969059976
235,id34,213.0,228.0,vial2,10,29.879265969059976
236,id34,213.0,225.5,vial2,10,29.879265969059976
237,id34,213.5,223.0,vial2,10,29.879265969059976
238,id34,213.5,221.5,vial2,10,29.879265969059976
239,id34,213.5,219.0,vial2,10,29.879265969059976
240,id34,213.5,217.0,vial2,10,29.879265969059976
241,id34,213.5,216.0,vial2,10,29.879265969059976
242,id34,213.5,214.0,vial2,10,29.879265969059976
243,id34,213.5,212.0,vial2,10,29.879265969059976
244,id34,213.0,210.5,vial2,10,29.879265969059976
245,id34,213.0,209.0,vial2,10,29.879265969059976
246,id34,213.0,207.0,vial2,10,29.879265969059976
247,id34,212.5,206.0,vial2,10,29.879265969059976
248,id34,212.0,205.0,vial2,10,29.879265969059976
249,id34,212.0,203.0,vial2,10,29.879265969059976
250,id34,212.0,202.0,vial2,10,29.879265969059976
251,id34,211.5,201.0,vial2,10,29.879265969059976
252,id34,211.0,199.5,vial2,10,29.879265969059976
253,id34,211.0,198.5,vial2,10,29.879265969059976
254,id34,211.0,197.5,vial2,10,29.879265969059976
255,id34,211.0,196.5,vial2,10,29.879265969059976
256,id34,210.5,194.5,vial2,10,29.879265969059976
257,id34,210.0,192.5,vial2,10,29.879265969059976
258,id34,210.5,191.0,vial2,10,29.879265969059976
259,id34,210.0,189.5,vial2,10,29.879265969059976
260,id34,210.0,187.5,vial2,10,29.879265969059976
261,id34,210.0,186.5,vial2,10,29.879265969059976
262,id34,209.5,184.5,vial2,10,29.879265969059976
263,id34,209.0,183.0,vial2,10,29.879265969059976
264,id34,209.0,182.5,vial2,10,29.879265969059976
265,id34,208.0,181.0,vial2,10,29.879265969059976
266,id34,207.0,180.5,vial2,10,29.879265969059976
267,id34,207.0,180.0,vial2,10,29.879265969059976
268,id34,206.0,180.0,vial2,10,29.879265969059976
269,id34,206.0,179.5,vial2,10,29.879265969059976
270,id34,205.0,178.5,vial2,10,29.879265969059976
271,id34,204.5,178.0,vial2,10,29.879265969059976
272,id34,204.0,177.0,vial2,10,29.879265969059976
273,id34,203.5,177.0,vial2,10,29.879265969059976
274,id34,202.5,176.0,vial2,10,29.879265969059976
275,id34,201.5,174.5,vial2,10,29.879265969059976
276,id34,201.0,174.0,vial2,10,29.879265969059976
277,id34,200.5,173.5,vial2,10,29.879265969059976
278,id34,199.5,173.0,vial2,10,29.879265969059976
279,id34,198.5,172.0,vial2,10,29.879265969059976
280,id34,197.0,172.0,vial2,10,29.879265969059976
281,id34,195.0,171.0,vial2,10,29.879265969059976
282,id34,194.5,171.0,vial2,10,29.879265969059976
283,id34,194.0,170.5,vial2,10,29.879265969059976
284,id34,194.0,169.5,vial2,10,29.879265969059976
285,id34,194.5,168.5,vial2,10,29.879265969059976
286,id34,194.5,166.5,vial2,10,29.879265969059976
287,id34,194.5,165.5,vial2,10,29.879265969059976
288,id34,194.5,163.5,vial2,10,29.879265969059976
289,id34,194.5,161.0,vial2,10,29.879265969059976
290,id34,194.5,159.5,vial2,10,29.879265969059976
291,id34,195.0,157.5,vial2,10,29.879265969059976
292,id34,195.0,155.5,vial2,10,29.879265969059976
293,id34,196.0,153.5,vial2,10,29.879265969059976
294,id34,196.0,151.5,vial2,10,29.879265969059976
295,id34,197.0,149.5,vial2,10,29.879265969059976
296,id34,197.0,148.0,vial2,10,29.879265969059976
297,id34,197.0,145.5,vial2,10,29.879265969059976
298,id34,198.0,143.5,vial2,10,29.879265969059976
299,id34,198.0,142.0,vial2,10,29.879265969059976
300,id34,199.0,140.0,vial2,10,29.879265969059976
301,id34,199.0,138.0,vial2,10,29.879265969059976
302,id34,200.0,135.5,vial2,10,29.879265969059976
303,id34,201.0,133.5,vial2,10,29.879265969059976
304,id34,201.0,131.5,vial2,10,29.879265969059976
305,id34,202.0,129.0,vial2,10,29.879265969059976
306,id34,203.0,127.5,vial2,10,29.879265969059976
307,id34,203.5,125.0,vial2,10,29.879265969059976
0,id35,416.5,374.5,vial4,21,29.879265969059976
1,id35,414.5,374.5,vial4,21,29.879265969059976
2,id35,412.5,374.5,vial4,21,29.879265969059976
3,id35,413.0,374.0,vial4,21,29.879265969059976
4,id35,413.5,374.0,vial4,21,29.879265969059976
5,id35,413.5,373.5,vial4,21,29.879265969059976
6,id35,412.5,373.0,vial4,21,29.879265969059976
7,id35,412.0,372.0,vial4,21,29.879265969059976
8,id35,412.5,373.5,vial4,21,29.879265969059976
9,id35,411.5,373.5,vial4,21,29.879265969059976
10,id35,411.0,372.0,vial4,21,29.879265969059976
11,id35,410.5,371.0,vial4,21,29.879265969059976
12,id35,410.0,368.0,vial4,21,29.879265969059976
13,id35,410.0,367.0,vial4,21,29.879265969059976
14,id35,410.0,366.5,vial4,21,29.879265969059976
15,id35,410.5,364.5,vial4,21,29.879265969059976
16,id35,410.5,362.0,vial4,21,29.879265969059976
17,id35,410.5,358.0,vial4,21,29.879265969059976
18,id35,410.5,356.5,vial4,21,29.879265969059976
19,id35,410.5,354.0,vial4,21,29.879265969059976
20,id35,410.5,352.0,vial4,21,29.879265969059976
21,id35,411.5,348.0,vial4,21,29.879265969059976
22,id35,411.5,346.0,vial4,21,29.879265969059976
23,id35,411.5,343.5,vial4,21,29.879265969059976
24,id35,412.5,341.0,vial4,21,29.879265969059976
25,id35,413.0,338.5,vial4,21,29.879265969059976
26,id35,415.0,337.0,vial4,21,29.879265969059976
27,id35,416.0,335.5,vial4,21,29.879265969059976
28,id35,418.5,334.0,vial4,21,29.879265969059976
29,id35,419.0,332.5,vial4,21,29.879265969059976
30,id35,420.5,330.0,vial4,21,29.879265969059976
31,id35,422.0,326.5,vial4,21,29.879265969059976
32,id35,423.5,324.0,vial4,21,29.879265969059976
33,id35,425.5,322.5,vial4,21,29.879265969059976
34,id35,426.5,321.5,vial4,21,29.879265969059976
35,id35,428.0,320.5,vial4,21,29.879265969059976
36,id35,429.0,319.5,vial4,21,29.879265969059976
37,id35,430.0,319.5,vial4,21,29.879265969059976
38,id35,430.0,318.5,vial4,21,29.879265969059976
39,id35,429.5,318.0,vial4,21,29.879265969059976
40,id35,429.0,320.0,vial4,21,29.879265969059976
41,id35,428.0,319.0,vial4,21,29.879265969059976
42,id35,428.0,317.5,vial4,21,29.879265969059976
43,id35,427.5,315.5,vial4,21,29.879265969059976
44,id35,426.5,314.5,vial4,21,29.879265969059976
45,id35,426.5,311.5,vial4,21,29.879265969059976
46,id35,426.5,307.5,vial4,21,29.879265969059976
47,id35,425.5,304.0,vial4,21,29.879265969059976
48,id35,424.5,300.5,vial4,21,29.879265969059976
49,id35,423.5,297.0,vial4,21,29.879265969059976
50,id35,422.5,292.5,vial4,21,29.879265969059976
51,id35,421.5,289.0,vial4,21,29.879265969059976
52,id35,421.5,284.5,vial4,21,29.879265969059976
53,id35,421.5,281.5,vial4,21,29.879265969059976
54,id35,420.5,277.0,vial4,21,29.879265969059976
55,id35,420.5,273.0,vial4,21,29.879265969059976
56,id35,420.5,269.5,vial4,21,29.879265969059976
57,id35,420.5,266.0,vial4,21,29.879265969059976
58,id35,421.5,262.5,vial4,21,29.879265969059976
59,id35,422.0,258.5,vial4,21,29.879265969059976
60,id35,422.5,255.5,vial4,21,29.879265969059976
61,id35,423.5,252.5,vial4,21,29.879265969059976
62,id35,424.5,248.5,vial4,21,29.879265969059976
63,id35,424.5,245.5,vial4,21,29.879265969059976
64,id35,423.5,242.5,vial4,21,29.879265969059976
65,id35,423.5,239.5,vial4,21,29.879265969059976
66,id35,422.5,235.5,vial4,21,29.879265969059976
67,id35,422.5,231.5,vial4,21,29.879265969059976
68,id35,421.5,228.5,vial4,21,29.879265969059976
69,id35,421.0,224.5,vial4,21,29.879265969059976
70,id35,421.0,222.5,vial4,21,29.879265969059976
71,id35,420.5,220.0,vial4,21,29.879265969059976
72,id35,419.5,217.0,vial4,21,29.879265969059976
73,id35,419.5,213.5,vial4,21,29.879265969059976
74,id35,419.5,210.5,vial4,21,29.879265969059976
75,id35,418.5,207.0,vial4,21,29.879265969059976
76,id35,418.5,204.0,vial4,21,29.879265969059976
77,id35,418.5,199.5,vial4,21,29.879265969059976
78,id35,418.5,196.5,vial4,21,29.879265969059976
79,id35,418.5,193.5,vial4,21,29.879265969059976
80,id35,418.5,189.5,vial4,21,29.879265969059976
81,id35,418.5,185.5,vial4,21,29.879265969059976
82,id35,418.5,182.0,vial4,21,29.879265969059976
83,id35,417.5,178.0,vial4,21,29.879265969059976
84,id35,418.5,174.5,vial4,21,29.879265969059976
85,id35,418.0,170.0,vial4,21,29.879265969059976
86,id35,417.5,166.0,vial4,21,29.879265969059976
87,id35,417.5,162.0,vial4,21,29.879265969059976
88,id35,417.5,159.0,vial4,21,29.879265969059976
89,id35,416.5,155.0,vial4,21,29.879265969059976
90,id35,416.5,151.5,vial4,21,29.879265969059976
91,id35,415.5,148.5,vial4,21,29.879265969059976
92,id35,415.5,145.0,vial4,21,29.879265969059976
93,id35,415.5,142.5,vial4,21,29.879265969059976
94,id35,414.5,139.5,vial4,21,29.879265969059976
95,id35,414.5,136.5,vial4,21,29.879265969059976
96,id35,413.5,134.5,vial4,21,29.879265969059976
97,id35,413.5,131.5,vial4,21,29.879265969059976
98,id35,412.5,128.0,vial4,21,29.879265969059976
99,id35,412.5,125.0,vial4,21,29.879265969059976
100,id35,412.5,122.5,vial4,21,29.879265969059976
101,id35,412.0,119.5,vial4,21,29.879265969059976
102,id35,411.5,115.5,vial4,21,29.879265969059976
103,id35,411.5,112.5,vial4,21,29.879265969059976
104,id35,411.5,109.5,vial4,21,29.879265969059976
105,id35,411.5,106.0,vial4,21,29.879265969059976
106,id35,411.5,102.5,vial4,21,29.879265969059976
107,id35,411.5,99.5,vial4,21,29.879265969059976
108,id35,411.5,95.5,vial4,21,29.879265969059976
109,id35,411.5,91.5,vial4,21,29.879265969059976
110,id35,411.5,88.5,vial4,21,29.879265969059976
111,id35,411.5,84.5,vial4,21,29.879265969059976
112,id35,412.5,80.5,vial4,21,29.879265969059976
113,id35,413.5,77.5,vial4,21,29.879265969059976
114,id35,413.5,73.5,vial4,21,29.879265969059976
115,id35,414.5,70.5,vial4,21,29.879265969059976
116,id35,414.5,67.0,vial4,21,29.879265969059976
117,id35,415.5,63.5,vial4,21,29.879265969059976
118,id35,416.5,60.5,vial4,21,29.879265969059976
119,id35,417.5,57.5,vial4,21,29.879265969059976
120,id35,418.0,54.5,vial4,21,29.879265969059976
121,id35,419.0,51.0,vial4,21,29.879265969059976
122,id35,420.5,48.5,vial4,21,29.879265969059976
123,id35,421.5,45.5,vial4,21,29.879265969059976
124,id35,422.5,42.5,vial4,21,29.879265969059976
125,id35,425.0,39.5,vial4,21,29.879265969059976
126,id35,426.0,37.0,vial4,21,29.879265969059976
127,id35,427.5,34.5,vial4,21,29.879265969059976
128,id35,428.0,31.0,vial4,21,29.879265969059976
129,id35,429.0,30.0,vial4,21,29.879265969059976
130,id35,428.5,27.0,vial4,21,29.879265969059976
131,id35,427.5,24.5,vial4,21,29.879265969059976
132,id35,426.5,21.5,vial4,21,29.879265969059976
133,id35,426.0,18.5,vial4,21,29.879265969059976
134,id35,425.5,15.5,vial4,21,29.879265969059976
135,id35,425.0,12.5,vial4,21,29.879265969059976
136,id35,425.0,9.5,vial4,21,29.879265969059976
137,id35,424.0,7.0,vial4,21,29.879265969059976
138,id35,424.5,5.5,vial4,21,29.879265969059976
0,id36,420.5,373.5,vial4,23,29.879265969059976
1,id36,315.5,375.5,vial3,15,29.879265969059976
0,id37,424.5,373.5,vial4,30,29.879265969059976
1,id37,423.5,373.0,vial4,30,29.879265969059976
2,id37,423.5,372.5,vial4,30,29.879265969059976
3,id37,423.5,372.0,vial4,30,29.879265969059976
4,id37,424.0,371.5,vial4,30,29.879265969059976
5,id37,423.0,369.0,vial4,30,29.879265969059976
6,id37,422.5,368.5,vial4,30,29.879265969059976
7,id37,421.5,367.5,vial4,30,29.879265969059976
8,id37,421.0,365.5,vial4,30,29.879265969059976
9,id37,421.0,363.5,vial4,30,29.879265969059976
10,id37,420.5,361.5,vial4,30,29.879265969059976
11,id37,420.5,358.5,vial4,30,29.879265969059976
12,id37,420.5,357.0,vial4,30,29.879265969059976
13,id37,421.5,355.0,vial4,30,29.879265969059976
14,id37,421.0,353.5,vial4,30,29.879265969059976
15,id37,421.5,352.5,vial4,30,29.879265969059976
16,id37,421.5,352.5,vial4,30,29.879265969059976
17,id37,422.0,352.0,vial4,30,29.879265969059976
18,id37,422.0,350.0,vial4,30,29.879265969059976
19,id37,422.0,349.0,vial4,30,29.879265969059976
20,id37,422.5,349.5,vial4,30,29.879265969059976
21,id37,422.5,349.0,vial4,30,29.879265969059976
22,id37,423.5,347.5,vial4,30,29.879265969059976
23,id37,424.0,347.5,vial4,30,29.879265969059976
24,id37,425.0,346.0,vial4,30,29.879265969059976
25,id37,426.0,344.5,vial4,30,29.879265969059976
26,id37,427.0,343.0,vial4,30,29.879265969059976
27,id37,428.5,341.0,vial4,30,29.879265969059976
28,id37,429.0,340.0,vial4,30,29.879265969059976
29,id37,430.0,338.0,vial4,30,29.879265969059976
30,id37,430.0,338.0,vial4,30,29.879265969059976
31,id37,430.0,338.0,vial4,30,29.879265969059976
32,id37,430.0,338.0,vial4,30,29.879265969059976
33,id37,430.0,338.0,vial4,30,29.879265969059976
34,id37,430.0,338.0,vial4,30,29.879265969059976
35,id37,429.5,338.5,vial4,30,29.879265969059976
36,id37,430.0,339.5,vial4,30,29.879265969059976
37,id37,431.5,339.0,vial4,30,29.879265969059976
38,id37,432.5,339.5,vial4,30,29.879265969059976
39,id37,434.0,339.0,vial4,30,29.879265969059976
40,id37,435.5,338.5,vial4,30,29.879265969059976
41,id37,437.5,338.5,vial4,30,29.879265969059976
42,id37,439.5,338.5,vial4,30,29.879265969059976
43,id37,440.0,338.5,vial4,30,29.879265969059976
44,id37,440.5,338.0,vial4,30,29.879265969059976
45,id37,440.5,337.5,vial4,30,29.879265969059976
46,id37,440.5,337.5,vial4,30,29.879265969059976
47,id37,440.5,337.5,vial4,30,29.879265969059976
48,id37,440.5,337.5,vial4,30,29.879265969059976
49,id37,440.0,337.5,vial4,30,29.879265969059976
50,id37,439.5,337.5,vial4,30,29.879265969059976
51,id37,439.5,337.5,vial4,30,29.879265969059976
52,id37,440.0,337.5,vial4,30,29.879265969059976
53,id37,440.0,337.5,vial4,30,29.879265969059976
54,id37,440.0,338.0,vial4,30,29.879265969059976
55,id37,439.5,338.5,vial4,30,29.879265969059976
56,id37,439.5,338.0,vial4,30,29.879265969059976
57,id37,439.5,338.0,vial4,30,29.879265969059976
58,id37,439.5,338.0,vial4,30,29.879265969059976
59,id37,439.5,338.0,vial4,30,29.879265969059976
60,id37,439.5,338.0,vial4,30,29.879265969059976
61,id37,439.5,338.5,vial4,30,29.879265969059976
62,id37,439.5,338.5,vial4,30,29.879265969059976
63,id37,439.5,338.5,vial4,30,29.879265969059976
64,id37,439.5,338.5,vial4,30,29.879265969059976
65,id37,439.5,338.5,vial4,30,29.879265969059976
66,id37,439.5,338.5,vial4,30,29.879265969059976
67,id37,439.5,338.5,vial4,30,29.879265969059976
68,id37,439.5,338.5,vial4,30,29.879265969059976
69,id37,440.0,338.5,vial4,30,29.879265969059976
70,id37,440.0,338.5,vial4,30,29.879265969059976
71,id37,439.5,338.5,vial4,30,29.879265969059976
72,id37,439.5,338.5,vial4,30,29.879265969059976
73,id37,440.0,338.5,vial4,30,29.879265969059976
74,id37,440.0,338.5,vial4,30,29.879265969059976
75,id37,440.0,338.5,vial4,30,29.879265969059976
76,id37,439.5,338.5,vial4,30,29.879265969059976
77,id37,440.0,338.5,vial4,30,29.879265969059976
78,id37,439.5,338.5,vial4,30,29.879265969059976
79,id37,439.5,338.5,vial4,30,29.879265969059976
80,id37,439.5,338.5,vial4,30,29.879265969059976
81,id37,439.5,338.5,vial4,30,29.879265969059976
82,id37,440.0,339.0,vial4,30,29.879265969059976
83,id37,440.5,339.0,vial4,30,29.879265969059976
84,id37,441.5,339.0,vial4,30,29.879265969059976
85,id37,442.0,339.0,vial4,30,29.879265969059976
86,id37,443.0,339.5,vial4,30,29.879265969059976
87,id37,444.0,340.0,vial4,30,29.879265969059976
88,id37,444.5,340.0,vial4,30,29.879265969059976
89,id37,445.5,340.0,vial4,30,29.879265969059976
90,id37,446.5,340.0,vial4,30,29.879265969059976
91,id37,447.5,341.5,vial4,30,29.879265969059976
92,id37,448.5,342.5,vial4,30,29.879265969059976
93,id37,449.5,343.5,vial4,30,29.879265969059976
94,id37,451.5,344.5,vial4,30,29.879265969059976
95,id37,454.0,345.0,vial4,30,29.879265969059976
96,id37,455.0,346.0,vial4,30,29.879265969059976
97,id37,456.5,348.0,vial4,30,29.879265969059976
98,id37,457.0,349.5,vial4,30,29.879265969059976
99,id37,457.5,351.5,vial4,30,29.879265969059976
100,id37,458.5,353.5,vial4,30,29.879265969059976
101,id37,459.5,355.0,vial4,30,29.879265969059976
102,id37,460.5,357.0,vial4,30,29.879265969059976
103,id37,462.5,359.0,vial4,30,29.879265969059976
104,id37,463.5,361.0,vial4,30,29.879265969059976
105,id37,465.5,362.0,vial4,30,29.879265969059976
106,id37,466.5,363.5,vial4,30,29.879265969059976
107,id37,468.0,365.5,vial4,30,29.879265969059976
108,id37,469.0,367.5,vial4,30,29.879265969059976
109,id37,470.5,369.0,vial4,30,29.879265969059976
110,id37,471.5,371.5,vial4,30,29.879265969059976
111,id37,473.0,374.0,vial4,30,29.879265969059976
112,id37,473.5,373.0,vial4,30,29.879265969059976
113,id37,475.0,372.5,vial4,30,29.879265969059976
114,id37,474.5,372.0,vial4,30,29.879265969059976
115,id37,476.0,371.5,vial4,30,29.879265969059976
116,id37,476.5,370.5,vial4,30,29.879265969059976
117,id37,477.5,370.0,vial4,30,29.879265969059976
118,id37,478.5,369.5,vial4,30,29.879265969059976
119,id37,479.5,367.5,vial4,30,29.879265969059976
120,id37,480.5,366.5,vial4,30,29.879265969059976
121,id37,481.5,365.0,vial4,30,29.879265969059976
122,id37,482.0,364.0,vial4,30,29.879265969059976
123,id37,482.0,362.0,vial4,30,29.879265969059976
124,id37,481.5,361.5,vial4,30,29.879265969059976
125,id37,481.5,361.5,vial4,30,29.879265969059976
126,id37,481.5,361.0,vial4,30,29.879265969059976
127,id37,482.0,362.0,vial4,30,29.879265969059976
128,id37,482.0,362.0,vial4,30,29.879265969059976
129,id37,482.0,362.5,vial4,30,29.879265969059976
130,id37,482.0,361.5,vial4,30,29.879265969059976
131,id37,482.0,361.5,vial4,30,29.879265969059976
132,id37,482.0,361.0,vial4,30,29.879265969059976
133,id37,482.0,361.5,vial4,30,29.879265969059976
134,id37,482.0,362.0,vial4,30,29.879265969059976
135,id37,482.5,364.0,vial4,30,29.879265969059976
136,id37,481.5,364.0,vial4,30,29.879265969059976
137,id37,482.0,363.0,vial4,30,29.879265969059976
138,id37,483.0,362.5,vial4,30,29.879265969059976
139,id37,483.0,361.0,vial4,30,29.879265969059976
140,id37,483.0,360.0,vial4,30,29.879265969059976
141,id37,483.0,359.5,vial4,30,29.879265969059976
142,id37,483.0,358.5,vial4,30,29.879265969059976
143,id37,482.5,357.0,vial4,30,29.879265969059976
144,id37,482.0,356.5,vial4,30,29.879265969059976
145,id37,482.0,354.5,vial4,30,29.879265969059976
146,id37,481.0,353.5,vial4,30,29.879265969059976
147,id37,480.0,352.5,vial4,30,29.879265969059976
148,id37,479.5,351.0,vial4,30,29.879265969059976
149,id37,478.5,350.0,vial4,30,29.879265969059976
150,id37,477.0,348.5,vial4,30,29.879265969059976
151,id37,476.5,347.5,vial4,30,29.879265969059976
152,id37,474.5,345.5,vial4,30,29.879265969059976
153,id37,474.0,344.5,vial4,30,29.879265969059976
154,id37,473.5,343.5,vial4,30,29.879265969059976
155,id37,472.5,341.5,vial4,30,29.879265969059976
156,id37,471.5,340.5,vial4,30,29.879265969059976
157,id37,471.5,339.5,vial4,30,29.879265969059976
158,id37,471.0,337.5,vial4,30,29.879265969059976
159,id37,471.5,335.5,vial4,30,29.879265969059976
160,id37,471.5,333.5,vial4,30,29.879265969059976
161,id37,471.5,331.5,vial4,30,29.879265969059976
162,id37,471.5,330.0,vial4,30,29.879265969059976
163,id37,471.5,328.5,vial4,30,29.879265969059976
164,id37,471.5,328.0,vial4,30,29.879265969059976
165,id37,471.5,327.5,vial4,30,29.879265969059976
166,id37,471.5,327.5,vial4,30,29.879265969059976
167,id37,471.5,327.5,vial4,30,29.879265969059976
168,id37,471.5,327.5,vial4,30,29.879265969059976
169,id37,471.5,327.5,vial4,30,29.879265969059976
170,id37,471.5,327.5,vial4,30,29.879265969059976
171,id37,471.5,327.5,vial4,30,29.879265969059976
172,id37,471.5,327.5,vial4,30,29.879265969059976
173,id37,471.5,327.5,vial4,30,29.879265969059976
174,id37,471.5,327.5,vial4,30,29.879265969059976
175,id37,471.5,327.5,vial4,30,29.879265969059976
176,id37,471.5,327.5,vial4,30,29.879265969059976
177,id37,471.5,327.5,vial4,30,29.879265969059976
178,id37,471.5,327.5,vial4,30,29.879265969059976
179,id37,471.5,328.0,vial4,30,29.879265969059976
180,id37,471.5,328.0,vial4,30,29.879265969059976
181,id37,471.5,328.0,vial4,30,29.879265969059976
182,id37,471.5,328.0,vial4,30,29.879265969059976
183,id37,471.5,327.5,vial4,30,29.879265969059976
184,id37,471.5,327.5,vial4,30,29.879265969059976
185,id37,471.5,327.5,vial4,30,29.879265969059976
186,id37,471.5,327.0,vial4,30,29.879265969059976
187,id37,471.5,326.0,vial4,30,29.879265969059976
188,id37,471.0,324.5,vial4,30,29.879265969059976
189,id37,471.0,323.0,vial4,30,29.879265969059976
190,id37,471.0,321.5,vial4,30,29.879265969059976
191,id37,470.5,320.0,vial4,30,29.879265969059976
192,id37,470.0,318.0,vial4,30,29.879265969059976
193,id37,469.5,316.0,vial4,30,29.879265969059976
194,id37,469.0,313.5,vial4,30,29.879265969059976
195,id37,468.0,311.5,vial4,30,29.879265969059976
196,id37,468.0,309.0,vial4,30,29.879265969059976
197,id37,467.0,307.5,vial4,30,29.879265969059976
198,id37,466.5,305.5,vial4,30,29.879265969059976
199,id37,466.0,303.5,vial4,30,29.879265969059976
200,id37,466.0,301.5,vial4,30,29.879265969059976
201,id37,465.0,299.5,vial4,30,29.879265969059976
202,id37,465.0,297.5,vial4,30,29.879265969059976
203,id37,464.0,295.5,vial4,30,29.879265969059976
204,id37,464.0,294.0,vial4,30,29.879265969059976
205,id37,464.0,292.5,vial4,30,29.879265969059976
206,id37,463.5,291.0,vial4,30,29.879265969059976
207,id37,463.0,289.5,vial4,30,29.879265969059976
208,id37,463.0,288.0,vial4,30,29.879265969059976
209,id37,462.5,286.0,vial4,30,29.879265969059976
210,id37,462.0,284.5,vial4,30,29.879265969059976
211,id37,462.0,283.0,vial4,30,29.879265969059976
212,id37,462.0,282.0,vial4,30,29.879265969059976
213,id37,462.0,281.5,vial4,30,29.879265969059976
214,id37,462.0,281.0,vial4,30,29.879265969059976
215,id37,462.0,280.5,vial4,30,29.879265969059976
216,id37,462.0,280.0,vial4,30,29.879265969059976
217,id37,462.0,279.5,vial4,30,29.879265969059976
218,id37,452.5,257.0,vial4,30,29.879265969059976
269,id37,444.5,167.5,vial4,30,29.879265969059976
8,id38,451.0,372.5,vial4,26,29.879265969059976
9,id38,450.0,372.0,vial4,26,29.879265969059976
10,id38,450.0,372.5,vial4,26,29.879265969059976
11,id38,450.0,372.5,vial4,26,29.879265969059976
12,id38,450.0,372.5,vial4,26,29.879265969059976
13,id38,450.0,372.5,vial4,26,29.879265969059976
14,id38,450.0,372.5,vial4,26,29.879265969059976
15,id38,438.0,363.5,vial4,26,29.879265969059976
16,id38,424.0,365.5,vial4,26,29.879265969059976
17,id38,416.5,366.0,vial4,26,29.879265969059976
18,id38,419.5,370.5,vial4,26,29.879265969059976
19,id38,415.5,361.5,vial4,26,29.879265969059976
20,id38,415.5,368.5,vial4,26,29.879265969059976
21,id38,416.0,372.0,vial4,26,29.879265969059976
22,id38,415.5,370.5,vial4,26,29.879265969059976
23,id38,417.0,374.0,vial4,26,29.879265969059976
24,id38,419.0,374.5,vial4,26,29.879265969059976
25,id38,420.5,375.5,vial4,26,29.879265969059976
26,id38,421.0,375.5,vial4,26,29.879265969059976
27,id38,420.0,375.5,vial4,26,29.879265969059976
28,id38,419.5,375.0,vial4,26,29.879265969059976
29,id38,419.5,373.5,vial4,26,29.879265969059976
30,id38,415.0,374.0,vial4,26,29.879265969059976
31,id38,414.5,376.0,vial4,26,29.879265969059976
32,id38,413.0,376.0,vial4,26,29.879265969059976
33,id38,412.5,375.0,vial4,26,29.879265969059976
34,id38,412.5,374.5,vial4,26,29.879265969059976
35,id38,413.0,375.0,vial4,26,29.879265969059976
36,id38,413.5,374.5,vial4,26,29.879265969059976
37,id38,413.5,372.5,vial4,26,29.879265969059976
38,id38,414.0,371.0,vial4,26,29.879265969059976
39,id38,414.0,371.0,vial4,26,29.879265969059976
40,id38,414.0,370.5,vial4,26,29.879265969059976
41,id38,415.0,371.5,vial4,26,29.879265969059976
42,id38,414.0,375.5,vial4,26,29.879265969059976
43,id38,415.5,375.5,vial4,26,29.879265969059976
44,id38,413.5,376.0,vial4,26,29.879265969059976
45,id38,414.0,376.0,vial4,26,29.879265969059976
46,id38,412.5,374.0,vial4,26,29.879265969059976
47,id38,414.0,376.0,vial4,26,29.879265969059976
48,id38,414.0,376.0,vial4,26,29.879265969059976
49,id38,415.0,376.0,vial4,26,29.879265969059976
50,id38,416.0,375.0,vial4,26,29.879265969059976
51,id38,416.5,375.0,vial4,26,29.879265969059976
52,id38,417.0,375.0,vial4,26,29.879265969059976
53,id38,418.5,375.0,vial4,26,29.879265969059976
54,id38,418.5,374.0,vial4,26,29.879265969059976
55,id38,418.0,374.0,vial4,26,29.879265969059976
56,id38,419.0,374.0,vial4,26,29.879265969059976
57,id38,419.0,374.0,vial4,26,29.879265969059976
58,id38,419.5,373.5,vial4,26,29.879265969059976
59,id38,420.0,373.0,vial4,26,29.879265969059976
60,id38,420.0,373.5,vial4,26,29.879265969059976
61,id38,421.0,374.0,vial4,26,29.879265969059976
62,id38,421.0,374.5,vial4,26,29.879265969059976
63,id38,421.0,375.0,vial4,26,29.879265969059976
64,id38,421.5,375.0,vial4,26,29.879265969059976
65,id38,422.5,375.0,vial4,26,29.879265969059976
66,id38,424.0,374.5,vial4,26,29.879265969059976
67,id38,426.0,374.5,vial4,26,29.879265969059976
68,id38,427.5,374.5,vial4,26,29.879265969059976
69,id38,428.5,374.0,vial4,26,29.879265969059976
70,id38,430.5,374.0,vial4,26,29.879265969059976
71,id38,433.5,373.0,vial4,26,29.879265969059976
72,id38,436.5,373.0,vial4,26,29.879265969059976
73,id38,439.0,372.5,vial4,26,29.879265969059976
74,id38,440.0,372.5,vial4,26,29.879265969059976
75,id38,441.0,373.0,vial4,26,29.879265969059976
76,id38,440.5,372.5,vial4,26,29.879265969059976
77,id38,440.5,372.5,vial4,26,29.879265969059976
78,id38,440.5,372.5,vial4,26,29.879265969059976
79,id38,440.5,372.5,vial4,26,29.879265969059976
80,id38,441.0,372.5,vial4,26,29.879265969059976
81,id38,441.5,373.0,vial4,26,29.879265969059976
82,id38,442.0,373.0,vial4,26,29.879265969059976
83,id38,443.0,373.0,vial4,26,29.879265969059976
84,id38,444.0,373.5,vial4,26,29.879265969059976
85,id38,444.5,373.0,vial4,26,29.879265969059976
86,id38,445.0,373.5,vial4,26,29.879265969059976
87,id38,446.5,373.5,vial4,26,29.879265969059976
88,id38,448.5,373.0,vial4,26,29.879265969059976
89,id38,449.5,372.5,vial4,26,29.879265969059976
90,id38,451.0,372.5,vial4,26,29.879265969059976
91,id38,453.0,372.5,vial4,26,29.879265969059976
92,id38,455.0,372.5,vial4,26,29.879265969059976
93,id38,456.0,372.5,vial4,26,29.879265969059976
94,id38,456.5,372.5,vial4,26,29.879265969059976
95,id38,457.0,372.5,vial4,26,29.879265969059976
96,id38,458.0,372.5,vial4,26,29.879265969059976
97,id38,458.0,372.5,vial4,26,29.879265969059976
98,id38,457.5,372.5,vial4,26,29.879265969059976
99,id38,458.0,372.5,vial4,26,29.879265969059976
100,id38,458.0,372.5,vial4,26,29.879265969059976
101,id38,458.5,372.5,vial4,26,29.879265969059976
102,id38,459.0,372.5,vial4,26,29.879265969059976
103,id38,459.5,372.5,vial4,26,29.879265969059976
104,id38,460.0,372.5,vial4,26,29.879265969059976
105,id38,460.0,372.5,vial4,26,29.879265969059976
106,id38,460.0,372.5,vial4,26,29.879265969059976
107,id38,460.0,372.5,vial4,26,29.879265969059976
108,id38,460.0,372.5,vial4,26,29.879265969059976
109,id38,460.0,372.5,vial4,26,29.879265969059976
110,id38,460.5,372.0,vial4,26,29.879265969059976
111,id38,460.5,372.0,vial4,26,29.879265969059976
112,id38,460.0,372.5,vial4,26,29.879265969059976
113,id38,460.0,372.5,vial4,26,29.879265969059976
114,id38,460.0,372.5,vial4,26,29.879265969059976
115,id38,460.0,372.5,vial4,26,29.879265969059976
116,id38,459.5,372.5,vial4,26,29.879265969059976
117,id38,460.0,372.5,vial4,26,29.879265969059976
118,id38,460.5,372.5,vial4,26,29.879265969059976
119,id38,459.5,372.5,vial4,26,29.879265969059976
120,id38,460.0,372.5,vial4,26,29.879265969059976
121,id38,460.0,372.5,vial4,26,29.879265969059976
122,id38,460.0,372.5,vial4,26,29.879265969059976
123,id38,460.0,372.5,vial4,26,29.879265969059976
124,id38,460.0,372.5,vial4,26,29.879265969059976
125,id38,460.0,372.5,vial4,26,29.879265969059976
126,id38,460.0,373.0,vial4,26,29.879265969059976
127,id38,461.0,374.0,vial4,26,29.879265969059976
128,id38,461.5,374.0,vial4,26,29.879265969059976
129,id38,461.5,375.0,vial4,26,29.879265969059976
130,id38,461.0,374.5,vial4,26,29.879265969059976
131,id38,460.0,372.0,vial4,26,29.879265969059976
132,id38,461.0,373.5,vial4,26,29.879265969059976
133,id38,459.0,372.5,vial4,26,29.879265969059976
134,id38,459.5,372.5,vial4,26,29.879265969059976
135,id38,460.0,371.5,vial4,26,29.879265969059976
136,id38,459.5,371.5,vial4,26,29.879265969059976
137,id38,459.5,371.5,vial4,26,29.879265969059976
138,id38,460.0,371.5,vial4,26,29.879265969059976
139,id38,460.0,371.0,vial4,26,29.879265969059976
140,id38,460.0,372.0,vial4,26,29.879265969059976
141,id38,460.0,372.0,vial4,26,29.879265969059976
142,id38,460.0,372.5,vial4,26,29.879265969059976
143,id38,460.0,372.5,vial4,26,29.879265969059976
144,id38,460.0,372.5,vial4,26,29.879265969059976
145,id38,460.0,372.5,vial4,26,29.879265969059976
146,id38,460.0,372.5,vial4,26,29.879265969059976
147,id38,459.5,372.5,vial4,26,29.879265969059976
148,id38,460.0,372.5,vial4,26,29.879265969059976
149,id38,460.0,372.5,vial4,26,29.879265969059976
150,id38,460.0,372.5,vial4,26,29.879265969059976
151,id38,460.0,372.5,vial4,26,29.879265969059976
152,id38,459.5,372.5,vial4,26,29.879265969059976
153,id38,459.5,372.5,vial4,26,29.879265969059976
154,id38,459.5,372.5,vial4,26,29.879265969059976
155,id38,459.5,372.5,vial4,26,29.879265969059976
156,id38,459.5,372.5,vial4,26,29.879265969059976
157,id38,459.5,372.5,vial4,26,29.879265969059976
158,id38,460.0,372.5,vial4,26,29.879265969059976
159,id38,459.5,372.5,vial4,26,29.879265969059976
160,id38,460.0,372.5,vial4,26,29.879265969059976
161,id38,460.0,372.5,vial4,26,29.879265969059976
162,id38,460.0,372.5,vial4,26,29.879265969059976
163,id38,460.0,372.5,vial4,26,29.879265969059976
164,id38,460.0,372.5,vial4,26,29.879265969059976
165,id38,459.5,372.5,vial4,26,29.879265969059976
166,id38,460.0,372.5,vial4,26,29.879265969059976
167,id38,460.0,372.5,vial4,26,29.879265969059976
168,id38,460.0,372.5,vial4,26,29.879265969059976
169,id38,460.0,372.5,vial4,26,29.879265969059976
170,id38,460.0,372.5,vial4,26,29.879265969059976
171,id38,460.5,372.5,vial4,26,29.879265969059976
172,id38,460.0,372.5,vial4,26,29.879265969059976
173,id38,460.0,372.5,vial4,26,29.879265969059976
174,id38,459.5,372.5,vial4,26,29.879265969059976
175,id38,459.5,373.0,vial4,26,29.879265969059976
176,id38,459.5,372.5,vial4,26,29.879265969059976
177,id38,458.5,372.5,vial4,26,29.879265969059976
178,id38,458.5,372.5,vial4,26,29.879265969059976
179,id38,457.5,372.5,vial4,26,29.879265969059976
180,id38,457.5,373.0,vial4,26,29.879265969059976
181,id38,457.5,373.0,vial4,26,29.879265969059976
182,id38,457.5,373.0,vial4,26,29.879265969059976
183,id38,457.5,373.0,vial4,26,29.879265969059976
184,id38,452.5,363.5,vial4,26,29.879265969059976
185,id38,421.5,366.0,vial4,26,29.879265969059976
186,id38,422.5,378.0,vial4,26,29.879265969059976
187,id38,423.5,377.5,vial4,26,29.879265969059976
188,id38,422.5,376.5,vial4,26,29.879265969059976
189,id38,422.0,377.5,vial4,26,29.879265969059976
190,id38,421.0,377.5,vial4,26,29.879265969059976
191,id38,420.5,377.5,vial4,26,29.879265969059976
192,id38,420.5,377.5,vial4,26,29.879265969059976
193,id38,423.5,376.0,vial4,26,29.879265969059976
194,id38,425.0,375.5,vial4,26,29.879265969059976
195,id38,427.5,376.5,vial4,26,29.879265969059976
196,id38,425.0,377.5,vial4,26,29.879265969059976
197,id38,423.5,377.0,vial4,26,29.879265969059976
198,id38,422.5,377.5,vial4,26,29.879265969059976
199,id38,422.5,377.5,vial4,26,29.879265969059976
200,id38,421.0,377.5,vial4,26,29.879265969059976
201,id38,419.0,377.0,vial4,26,29.879265969059976
202,id38,419.5,377.0,vial4,26,29.879265969059976
203,id38,420.5,376.5,vial4,26,29.879265969059976
204,id38,423.0,375.0,vial4,26,29.879265969059976
205,id38,425.0,377.0,vial4,26,29.879265969059976
206,id38,424.5,376.5,vial4,26,29.879265969059976
207,id38,425.0,376.0,vial4,26,29.879265969059976
208,id38,425.0,375.5,vial4,26,29.879265969059976
209,id38,425.5,376.0,vial4,26,29.879265969059976
210,id38,426.0,376.0,vial4,26,29.879265969059976
211,id38,426.0,376.0,vial4,26,29.879265969059976
212,id38,426.0,375.5,vial4,26,29.879265969059976
213,id38,426.0,376.0,vial4,26,29.879265969059976
214,id38,426.5,376.5,vial4,26,29.879265969059976
215,id38,427.0,376.5,vial4,26,29.879265969059976
216,id38,427.0,376.5,vial4,26,29.879265969059976
217,id38,427.0,378.0,vial4,26,29.879265969059976
218,id38,427.5,378.0,vial4,26,29.879265969059976
219,id38,427.5,378.0,vial4,26,29.879265969059976
220,id38,428.0,377.5,vial4,26,29.879265969059976
221,id38,428.5,377.0,vial4,26,29.879265969059976
222,id38,428.5,376.0,vial4,26,29.879265969059976
223,id38,428.5,374.5,vial4,26,29.879265969059976
224,id38,429.5,374.5,vial4,26,29.879265969059976
225,id38,430.0,374.5,vial4,26,29.879265969059976
226,id38,430.5,374.0,vial4,26,29.879265969059976
227,id38,431.5,374.0,vial4,26,29.879265969059976
228,id38,431.5,374.0,vial4,26,29.879265969059976
229,id38,432.5,374.0,vial4,26,29.879265969059976
230,id38,432.5,374.5,vial4,26,29.879265969059976
231,id38,432.5,374.5,vial4,26,29.879265969059976
232,id38,432.5,375.0,vial4,26,29.879265969059976
233,id38,433.5,375.0,vial4,26,29.879265969059976
234,id38,433.5,374.5,vial4,26,29.879265969059976
235,id38,433.5,375.0,vial4,26,29.879265969059976
236,id38,433.5,375.0,vial4,26,29.879265969059976
237,id38,433.5,375.0,vial4,26,29.879265969059976
238,id38,433.5,375.0,vial4,26,29.879265969059976
239,id38,433.5,375.0,vial4,26,29.879265969059976
240,id38,433.5,375.5,vial4,26,29.879265969059976
241,id38,433.5,375.5,vial4,26,29.879265969059976
242,id38,433.5,375.5,vial4,26,29.879265969059976
243,id38,433.5,375.5,vial4,26,29.879265969059976
244,id38,433.5,375.5,vial4,26,29.879265969059976
245,id38,433.5,375.0,vial4,26,29.879265969059976
246,id38,434.0,374.0,vial4,26,29.879265969059976
247,id38,433.5,374.5,vial4,26,29.879265969059976
248,id38,434.5,373.5,vial4,26,29.879265969059976
249,id38,435.0,373.5,vial4,26,29.879265969059976
250,id38,435.5,373.0,vial4,26,29.879265969059976
251,id38,435.5,373.5,vial4,26,29.879265969059976
252,id38,435.5,373.0,vial4,26,29.879265969059976
253,id38,435.5,372.5,vial4,26,29.879265969059976
254,id38,435.0,372.5,vial4,26,29.879265969059976
255,id38,435.0,372.5,vial4,26,29.879265969059976
256,id38,434.0,372.5,vial4,26,29.879265969059976
257,id38,434.0,372.5,vial4,26,29.879265969059976
258,id38,434.0,372.5,vial4,26,29.879265969059976
259,id38,434.0,366.0,vial4,26,29.879265969059976
260,id38,435.0,366.5,vial4,26,29.879265969059976
261,id38,445.0,373.0,vial4,26,29.879265969059976
262,id38,445.0,373.0,vial4,26,29.879265969059976
263,id38,445.5,372.5,vial4,26,29.879265969059976
264,id38,446.0,372.5,vial4,26,29.879265969059976
265,id38,447.5,372.5,vial4,26,29.879265969059976
266,id38,450.0,372.5,vial4,26,29.879265969059976
267,id38,452.0,372.5,vial4,26,29.879265969059976
268,id38,453.0,372.5,vial4,26,29.879265969059976
269,id38,454.0,372.5,vial4,26,29.879265969059976
270,id38,454.5,372.5,vial4,26,29.879265969059976
271,id38,455.5,372.5,vial4,26,29.879265969059976
272,id38,457.5,372.5,vial4,26,29.879265969059976
273,id38,459.0,372.5,vial4,26,29.879265969059976
274,id38,461.0,372.5,vial4,26,29.879265969059976
275,id38,463.0,372.5,vial4,26,29.879265969059976
276,id38,464.5,373.0,vial4,26,29.879265969059976
277,id38,464.0,373.0,vial4,26,29.879265969059976
278,id38,464.5,373.0,vial4,26,29.879265969059976
279,id38,465.0,373.0,vial4,26,29.879265969059976
280,id38,466.0,373.5,vial4,26,29.879265969059976
281,id38,466.0,373.5,vial4,26,29.879265969059976
282,id38,466.0,373.5,vial4,26,29.879265969059976
283,id38,466.0,374.0,vial4,26,29.879265969059976
284,id38,466.5,375.0,vial4,26,29.879265969059976
285,id38,467.0,375.0,vial4,26,29.879265969059976
286,id38,467.0,377.0,vial4,26,29.879265969059976
287,id38,467.0,377.0,vial4,26,29.879265969059976
288,id38,467.0,376.5,vial4,26,29.879265969059976
289,id38,468.0,376.5,vial4,26,29.879265969059976
290,id38,468.0,376.5,vial4,26,29.879265969059976
291,id38,468.0,376.0,vial4,26,29.879265969059976
292,id38,467.5,376.5,vial4,26,29.879265969059976
293,id38,467.5,377.0,vial4,26,29.879265969059976
294,id38,467.5,377.0,vial4,26,29.879265969059976
295,id38,468.0,377.0,vial4,26,29.879265969059976
296,id38,467.5,377.0,vial4,26,29.879265969059976
297,id38,467.5,377.0,vial4,26,29.879265969059976
298,id38,467.5,377.0,vial4,26,29.879265969059976
299,id38,467.5,375.5,vial4,26,29.879265969059976
300,id38,467.5,374.0,vial4,26,29.879265969059976
301,id38,468.0,376.5,vial4,26,29.879265969059976
302,id38,468.0,376.0,vial4,26,29.879265969059976
303,id38,468.0,376.5,vial4,26,29.879265969059976
304,id38,468.0,376.0,vial4,26,29.879265969059976
305,id38,468.0,376.5,vial4,26,29.879265969059976
306,id38,468.0,377.0,vial4,26,29.879265969059976
307,id38,468.0,376.5,vial4,26,29.879265969059976
16,id39,592.5,374.0,vial5,35,29.879265969059976
17,id39,593.5,374.0,vial5,35,29.879265969059976
18,id39,595.5,374.0,vial5,35,29.879265969059976
19,id39,597.5,374.5,vial5,35,29.879265969059976
20,id39,600.5,375.0,vial5,35,29.879265969059976
21,id39,602.0,375.5,vial5,35,29.879265969059976
22,id39,605.0,376.0,vial5,35,29.879265969059976
23,id39,607.5,376.0,vial5,35,29.879265969059976
24,id39,609.5,376.0,vial5,35,29.879265969059976
25,id39,610.5,376.5,vial5,35,29.879265969059976
26,id39,611.5,376.5,vial5,35,29.879265969059976
27,id39,612.0,376.5,vial5,35,29.879265969059976
28,id39,613.0,377.0,vial5,35,29.879265969059976
29,id39,613.5,377.5,vial5,35,29.879265969059976
30,id39,614.0,377.0,vial5,35,29.879265969059976
31,id39,614.0,377.0,vial5,35,29.879265969059976
32,id39,614.0,376.5,vial5,35,29.879265969059976
33,id39,614.0,376.5,vial5,35,29.879265969059976
34,id39,614.0,376.5,vial5,35,29.879265969059976
35,id39,614.5,376.5,vial5,35,29.879265969059976
36,id39,614.0,376.5,vial5,35,29.879265969059976
37,id39,614.0,376.5,vial5,35,29.879265969059976
38,id39,612.5,377.5,vial5,35,29.879265969059976
39,id39,611.5,377.5,vial5,35,29.879265969059976
40,id39,610.5,377.5,vial5,35,29.879265969059976
41,id39,610.0,377.5,vial5,35,29.879265969059976
42,id39,609.0,378.0,vial5,35,29.879265969059976
43,id39,607.5,378.0,vial5,35,29.879265969059976
44,id39,606.5,378.5,vial5,35,29.879265969059976
45,id39,605.0,378.5,vial5,35,29.879265969059976
46,id39,602.5,378.5,vial5,35,29.879265969059976
47,id39,600.0,378.5,vial5,35,29.879265969059976
48,id39,598.5,378.5,vial5,35,29.879265969059976
49,id39,597.5,379.0,vial5,35,29.879265969059976
50,id39,592.0,378.5,vial5,35,29.879265969059976
51,id39,591.5,378.0,vial5,35,29.879265969059976
52,id39,590.5,378.0,vial5,35,29.879265969059976
53,id39,588.5,378.5,vial5,35,29.879265969059976
54,id39,587.5,378.5,vial5,35,29.879265969059976
55,id39,586.0,378.0,vial5,35,29.879265969059976
56,id39,584.5,378.5,vial5,35,29.879265969059976
57,id39,582.0,378.5,vial5,35,29.879265969059976
58,id39,579.5,379.5,vial5,35,29.879265969059976
59,id39,577.0,380.5,vial5,35,29.879265969059976
60,id39,575.0,381.0,vial5,35,29.879265969059976
63,id39,565.5,377.5,vial5,35,29.879265969059976
64,id39,564.5,377.5,vial5,35,29.879265969059976
65,id39,564.0,377.5,vial5,35,29.879265969059976
66,id39,562.5,378.0,vial5,35,29.879265969059976
67,id39,561.5,378.0,vial5,35,29.879265969059976
68,id39,560.0,378.5,vial5,35,29.879265969059976
69,id39,559.5,378.0,vial5,35,29.879265969059976
70,id39,559.0,377.5,vial5,35,29.879265969059976
71,id39,558.0,376.5,vial5,35,29.879265969059976
72,id39,557.0,376.5,vial5,35,29.879265969059976
73,id39,556.5,376.5,vial5,35,29.879265969059976
74,id39,554.5,376.5,vial5,35,29.879265969059976
75,id39,554.0,376.5,vial5,35,29.879265969059976
76,id39,553.5,376.5,vial5,35,29.879265969059976
77,id39,553.5,376.5,vial5,35,29.879265969059976
78,id39,554.0,376.5,vial5,35,29.879265969059976
79,id39,554.0,376.5,vial5,35,29.879265969059976
80,id39,553.0,376.5,vial5,35,29.879265969059976
81,id39,553.0,376.5,vial5,35,29.879265969059976
82,id39,553.0,376.5,vial5,35,29.879265969059976
83,id39,553.5,376.5,vial5,35,29.879265969059976
84,id39,555.0,376.5,vial5,35,29.879265969059976
85,id39,556.0,377.5,vial5,35,29.879265969059976
86,id39,556.0,376.5,vial5,35,29.879265969059976
87,id39,556.5,377.0,vial5,35,29.879265969059976
88,id39,556.5,376.5,vial5,35,29.879265969059976
89,id39,554.5,376.0,vial5,35,29.879265969059976
90,id39,557.0,376.5,vial5,35,29.879265969059976
91,id39,557.5,376.5,vial5,35,29.879265969059976
92,id39,557.5,376.5,vial5,35,29.879265969059976
93,id39,557.5,376.5,vial5,35,29.879265969059976
94,id39,557.5,376.5,vial5,35,29.879265969059976
95,id39,557.5,376.5,vial5,35,29.879265969059976
96,id39,555.0,375.0,vial5,35,29.879265969059976
97,id39,554.5,375.0,vial5,35,29.879265969059976
98,id39,556.5,376.0,vial5,35,29.879265969059976
99,id39,558.5,377.5,vial5,35,29.879265969059976
100,id39,558.5,376.5,vial5,35,29.879265969059976
101,id39,561.0,367.5,vial5,35,29.879265969059976
102,id39,576.0,322.0,vial5,35,29.879265969059976
103,id39,585.0,307.5,vial5,35,29.879265969059976
104,id39,584.0,306.5,vial5,35,29.879265969059976
105,id39,584.0,306.5,vial5,35,29.879265969059976
106,id39,584.5,306.0,vial5,35,29.879265969059976
107,id39,585.5,306.5,vial5,35,29.879265969059976
108,id39,586.0,304.5,vial5,35,29.879265969059976
109,id39,586.5,302.5,vial5,35,29.879265969059976
110,id39,587.5,300.5,vial5,35,29.879265969059976
111,id39,588.0,298.5,vial5,35,29.879265969059976
112,id39,589.5,297.0,vial5,35,29.879265969059976
113,id39,591.0,296.5,vial5,35,29.879265969059976
114,id39,592.5,296.5,vial5,35,29.879265969059976
115,id39,595.0,297.0,vial5,35,29.879265969059976
116,id39,597.0,297.5,vial5,35,29.879265969059976
117,id39,598.0,297.5,vial5,35,29.879265969059976
118,id39,599.0,297.5,vial5,35,29.879265969059976
119,id39,600.0,297.5,vial5,35,29.879265969059976
120,id39,601.0,297.5,vial5,35,29.879265969059976
121,id39,601.0,297.5,vial5,35,29.879265969059976
122,id39,601.0,297.5,vial5,35,29.879265969059976
123,id39,600.0,296.0,vial5,35,29.879265969059976
124,id39,600.5,294.0,vial5,35,29.879265969059976
125,id39,605.0,293.5,vial5,35,29.879265969059976
126,id39,605.0,292.5,vial5,35,29.879265969059976
127,id39,605.5,291.5,vial5,35,29.879265969059976
128,id39,606.0,288.5,vial5,35,29.879265969059976
129,id39,606.0,286.5,vial5,35,29.879265969059976
130,id39,605.5,284.0,vial5,35,29.879265969059976
131,id39,604.5,281.5,vial5,35,29.879265969059976
132,id39,604.0,279.5,vial5,35,29.879265969059976
133,id39,603.0,277.5,vial5,35,29.879265969059976
134,id39,601.0,274.5,vial5,35,29.879265969059976
135,id39,598.5,273.0,vial5,35,29.879265969059976
136,id39,596.0,272.5,vial5,35,29.879265969059976
137,id39,593.5,272.5,vial5,35,29.879265969059976
138,id39,592.0,272.0,vial5,35,29.879265969059976
139,id39,590.0,271.5,vial5,35,29.879265969059976
140,id39,588.0,271.5,vial5,35,29.879265969059976
141,id39,585.0,271.5,vial5,35,29.879265969059976
142,id39,583.0,271.5,vial5,35,29.879265969059976
143,id39,582.0,271.5,vial5,35,29.879265969059976
144,id39,581.0,271.5,vial5,35,29.879265969059976
145,id39,580.5,271.5,vial5,35,29.879265969059976
146,id39,580.5,271.5,vial5,35,29.879265969059976
147,id39,580.5,271.5,vial5,35,29.879265969059976
148,id39,579.5,271.0,vial5,35,29.879265969059976
149,id39,552.0,265.0,vial5,35,29.879265969059976
150,id39,544.0,263.0,vial5,35,29.879265969059976
151,id39,544.0,262.0,vial5,35,29.879265969059976
152,id39,543.5,261.0,vial5,35,29.879265969059976
153,id39,543.5,260.0,vial5,35,29.879265969059976
154,id39,543.5,259.0,vial5,35,29.879265969059976
155,id39,543.5,256.0,vial5,35,29.879265969059976
156,id39,543.5,254.0,vial5,35,29.879265969059976
157,id39,543.5,252.5,vial5,35,29.879265969059976
158,id39,543.5,252.0,vial5,35,29.879265969059976
159,id39,543.0,250.5,vial5,35,29.879265969059976
160,id39,543.0,249.0,vial5,35,29.879265969059976
161,id39,543.0,248.0,vial5,35,29.879265969059976
162,id39,544.5,246.5,vial5,35,29.879265969059976
163,id39,545.0,245.0,vial5,35,29.879265969059976
164,id39,547.5,243.5,vial5,35,29.879265969059976
165,id39,548.5,241.5,vial5,35,29.879265969059976
166,id39,550.5,240.0,vial5,35,29.879265969059976
167,id39,552.0,238.5,vial5,35,29.879265969059976
168,id39,554.0,237.5,vial5,35,29.879265969059976
169,id39,555.0,235.5,vial5,35,29.879265969059976
170,id39,558.0,235.0,vial5,35,29.879265969059976
171,id39,560.5,233.5,vial5,35,29.879265969059976
172,id39,563.0,232.5,vial5,35,29.879265969059976
173,id39,565.5,232.5,vial5,35,29.879265969059976
174,id39,567.5,231.5,vial5,35,29.879265969059976
175,id39,569.0,230.0,vial5,35,29.879265969059976
176,id39,571.0,228.5,vial5,35,29.879265969059976
177,id39,572.0,226.0,vial5,35,29.879265969059976
178,id39,573.5,223.0,vial5,35,29.879265969059976
179,id39,574.0,219.5,vial5,35,29.879265969059976
180,id39,575.0,216.5,vial5,35,29.879265969059976
181,id39,576.0,213.5,vial5,35,29.879265969059976
182,id39,577.0,210.5,vial5,35,29.879265969059976
183,id39,578.0,207.5,vial5,35,29.879265969059976
184,id39,578.5,205.5,vial5,35,29.879265969059976
185,id39,579.0,203.0,vial5,35,29.879265969059976
186,id39,579.0,201.5,vial5,35,29.879265969059976
187,id39,579.0,200.0,vial5,35,29.879265969059976
188,id39,579.0,198.5,vial5,35,29.879265969059976
189,id39,579.5,197.0,vial5,35,29.879265969059976
190,id39,579.5,196.5,vial5,35,29.879265969059976
191,id39,579.5,196.0,vial5,35,29.879265969059976
192,id39,579.5,195.5,vial5,35,29.879265969059976
193,id39,579.5,195.5,vial5,35,29.879265969059976
194,id39,579.0,195.0,vial5,35,29.879265969059976
195,id39,579.0,194.5,vial5,35,29.879265969059976
196,id39,581.5,176.0,vial5,35,29.879265969059976
197,id39,579.5,159.0,vial5,35,29.879265969059976
198,id39,580.5,161.0,vial5,35,29.879265969059976
199,id39,577.0,163.0,vial5,35,29.879265969059976
200,id39,577.5,163.5,vial5,35,29.879265969059976
201,id39,578.0,162.5,vial5,35,29.879265969059976
202,id39,578.5,161.0,vial5,35,29.879265969059976
203,id39,578.5,159.0,vial5,35,29.879265969059976
204,id39,579.0,157.5,vial5,35,29.879265969059976
205,id39,580.0,155.5,vial5,35,29.879265969059976
206,id39,580.0,154.5,vial5,35,29.879265969059976
207,id39,580.0,154.5,vial5,35,29.879265969059976
208,id39,580.0,154.5,vial5,35,29.879265969059976
209,id39,580.0,154.5,vial5,35,29.879265969059976
210,id39,580.0,154.5,vial5,35,29.879265969059976
211,id39,580.0,154.0,vial5,35,29.879265969059976
212,id39,582.0,152.5,vial5,35,29.879265969059976
213,id39,584.0,151.0,vial5,35,29.879265969059976
214,id39,586.0,150.0,vial5,35,29.879265969059976
215,id39,589.0,148.5,vial5,35,29.879265969059976
216,id39,591.0,147.5,vial5,35,29.879265969059976
217,id39,594.0,146.5,vial5,35,29.879265969059976
218,id39,596.5,145.5,vial5,35,29.879265969059976
219,id39,599.0,144.0,vial5,35,29.879265969059976
220,id39,602.0,142.5,vial5,35,29.879265969059976
221,id39,604.0,142.5,vial5,35,29.879265969059976
222,id39,606.0,141.0,vial5,35,29.879265969059976
223,id39,607.5,140.5,vial5,35,29.879265969059976
224,id39,609.0,139.5,vial5,35,29.879265969059976
225,id39,610.0,139.0,vial5,35,29.879265969059976
226,id39,611.5,137.5,vial5,35,29.879265969059976
227,id39,612.5,137.0,vial5,35,29.879265969059976
228,id39,613.0,136.0,vial5,35,29.879265969059976
229,id39,613.5,135.5,vial5,35,29.879265969059976
230,id39,613.5,134.5,vial5,35,29.879265969059976
231,id39,614.0,134.0,vial5,35,29.879265969059976
232,id39,614.0,133.0,vial5,35,29.879265969059976
233,id39,614.0,132.0,vial5,35,29.879265969059976
234,id39,614.0,130.5,vial5,35,29.879265969059976
235,id39,613.0,129.0,vial5,35,29.879265969059976
236,id39,612.0,128.5,vial5,35,29.879265969059976
237,id39,611.0,127.0,vial5,35,29.879265969059976
238,id39,609.5,126.0,vial5,35,29.879265969059976
239,id39,608.0,125.0,vial5,35,29.879265969059976
240,id39,607.0,125.0,vial5,35,29.879265969059976
241,id39,605.0,124.0,vial5,35,29.879265969059976
242,id39,603.0,123.5,vial5,35,29.879265969059976
243,id39,600.5,123.5,vial5,35,29.879265969059976
244,id39,598.0,123.0,vial5,35,29.879265969059976
245,id39,595.0,124.0,vial5,35,29.879265969059976
246,id39,593.0,125.5,vial5,35,29.879265969059976
247,id39,590.5,125.5,vial5,35,29.879265969059976
248,id39,588.0,126.5,vial5,35,29.879265969059976
249,id39,585.5,126.5,vial5,35,29.879265969059976
250,id39,584.0,126.5,vial5,35,29.879265969059976
251,id39,582.0,127.5,vial5,35,29.879265969059976
252,id39,575.0,131.0,vial5,35,29.879265969059976
253,id39,573.5,145.0,vial5,35,29.879265969059976
254,id39,571.0,151.5,vial5,35,29.879265969059976
255,id39,568.0,160.5,vial5,35,29.879265969059976
256,id39,578.5,189.5,vial5,35,29.879265969059976
257,id39,616.0,241.0,vial5,35,29.879265969059976
258,id39,615.0,240.5,vial5,35,29.879265969059976
259,id39,614.5,240.5,vial5,35,29.879265969059976
260,id39,614.5,240.5,vial5,35,29.879265969059976
261,id39,614.5,240.5,vial5,35,29.879265969059976
262,id39,615.0,240.5,vial5,35,29.879265969059976
263,id39,614.5,239.0,vial5,35,29.879265969059976
264,id39,614.5,236.0,vial5,35,29.879265969059976
265,id39,614.5,233.0,vial5,35,29.879265969059976
266,id39,614.5,230.0,vial5,35,29.879265969059976
267,id39,614.5,227.0,vial5,35,29.879265969059976
268,id39,614.5,224.0,vial5,35,29.879265969059976
269,id39,614.0,221.5,vial5,35,29.879265969059976
270,id39,614.0,219.0,vial5,35,29.879265969059976
271,id39,613.0,216.0,vial5,35,29.879265969059976
272,id39,612.0,213.0,vial5,35,29.879265969059976
273,id39,610.5,210.5,vial5,35,29.879265969059976
274,id39,609.5,208.0,vial5,35,29.879265969059976
275,id39,608.0,205.0,vial5,35,29.879265969059976
276,id39,606.5,203.0,vial5,35,29.879265969059976
277,id39,605.0,201.0,vial5,35,29.879265969059976
278,id39,603.0,199.0,vial5,35,29.879265969059976
279,id39,601.0,197.5,vial5,35,29.879265969059976
280,id39,599.5,196.0,vial5,35,29.879265969059976
281,id39,598.0,194.5,vial5,35,29.879265969059976
282,id39,597.0,193.5,vial5,35,29.879265969059976
283,id39,596.0,191.5,vial5,35,29.879265969059976
284,id39,594.0,189.0,vial5,35,29.879265969059976
285,id39,592.5,186.0,vial5,35,29.879265969059976
286,id39,591.5,184.0,vial5,35,29.879265969059976
287,id39,589.5,182.0,vial5,35,29.879265969059976
288,id39,587.5,180.0,vial5,35,29.879265969059976
289,id39,585.5,178.0,vial5,35,29.879265969059976
290,id39,583.0,175.5,vial5,35,29.879265969059976
291,id39,580.0,173.5,vial5,35,29.879265969059976
292,id39,577.0,171.0,vial5,35,29.879265969059976
293,id39,574.0,170.0,vial5,35,29.879265969059976
294,id39,571.0,168.0,vial5,35,29.879265969059976
295,id39,568.0,167.0,vial5,35,29.879265969059976
296,id39,565.0,165.5,vial5,35,29.879265969059976
297,id39,561.5,164.5,vial5,35,29.879265969059976
298,id39,559.5,163.5,vial5,35,29.879265969059976
299,id39,557.0,162.5,vial5,35,29.879265969059976
300,id39,554.5,161.5,vial5,35,29.879265969059976
301,id39,552.0,161.0,vial5,35,29.879265969059976
302,id39,550.0,161.0,vial5,35,29.879265969059976
303,id39,548.0,161.0,vial5,35,29.879265969059976
304,id39,546.5,160.5,vial5,35,29.879265969059976
305,id39,544.5,160.5,vial5,35,29.879265969059976
306,id39,543.0,160.5,vial5,35,29.879265969059976
307,id39,542.5,160.5,vial5,35,29.879265969059976
0,id4,590.0,305.5,vial5,37,29.879265969059976
1,id4,590.5,302.5,vial5,37,29.879265969059976
2,id4,591.0,300.5,vial5,37,29.879265969059976
3,id4,591.5,297.5,vial5,37,29.879265969059976
4,id4,592.5,296.0,vial5,37,29.879265969059976
5,id4,592.5,293.5,vial5,37,29.879265969059976
6,id4,593.5,292.0,vial5,37,29.879265969059976
7,id4,593.5,290.5,vial5,37,29.879265969059976
8,id4,593.5,289.0,vial5,37,29.879265969059976
9,id4,593.5,288.0,vial5,37,29.879265969059976
10,id4,594.0,286.5,vial5,37,29.879265969059976
11,id4,594.0,286.5,vial5,37,29.879265969059976
12,id4,594.5,286.0,vial5,37,29.879265969059976
13,id4,594.5,285.5,vial5,37,29.879265969059976
14,id4,595.0,285.5,vial5,37,29.879265969059976
15,id4,595.5,284.5,vial5,37,29.879265969059976
16,id4,595.5,283.5,vial5,37,29.879265969059976
17,id4,596.5,282.5,vial5,37,29.879265969059976
18,id4,597.5,281.0,vial5,37,29.879265969059976
19,id4,599.5,279.5,vial5,37,29.879265969059976
20,id4,600.5,278.5,vial5,37,29.879265969059976
21,id4,601.5,276.5,vial5,37,29.879265969059976
22,id4,602.5,275.5,vial5,37,29.879265969059976
23,id4,602.5,274.0,vial5,37,29.879265969059976
24,id4,603.5,273.0,vial5,37,29.879265969059976
25,id4,605.0,271.5,vial5,37,29.879265969059976
26,id4,606.0,270.5,vial5,37,29.879265969059976
27,id4,606.0,268.0,vial5,37,29.879265969059976
28,id4,606.0,266.0,vial5,37,29.879265969059976
29,id4,606.0,265.5,vial5,37,29.879265969059976
30,id4,606.5,263.5,vial5,37,29.879265969059976
31,id4,607.0,261.0,vial5,37,29.879265969059976
32,id4,607.5,259.0,vial5,37,29.879265969059976
33,id4,607.5,257.5,vial5,37,29.879265969059976
34,id4,608.5,254.5,vial5,37,29.879265969059976
35,id4,608.5,252.5,vial5,37,29.879265969059976
36,id4,608.5,251.0,vial5,37,29.879265969059976
37,id4,608.5,249.0,vial5,37,29.879265969059976
38,id4,608.5,246.5,vial5,37,29.879265969059976
39,id4,608.5,244.5,vial5,37,29.879265969059976
40,id4,608.5,242.5,vial5,37,29.879265969059976
41,id4,608.5,240.0,vial5,37,29.879265969059976
42,id4,608.5,237.5,vial5,37,29.879265969059976
43,id4,608.5,235.0,vial5,37,29.879265969059976
44,id4,607.5,232.5,vial5,37,29.879265969059976
45,id4,607.5,230.5,vial5,37,29.879265969059976
46,id4,607.0,228.5,vial5,37,29.879265969059976
47,id4,607.0,227.0,vial5,37,29.879265969059976
48,id4,607.0,225.5,vial5,37,29.879265969059976
49,id4,607.0,224.5,vial5,37,29.879265969059976
50,id4,606.5,223.5,vial5,37,29.879265969059976
51,id4,607.0,223.5,vial5,37,29.879265969059976
52,id4,607.0,223.0,vial5,37,29.879265969059976
53,id4,607.0,222.5,vial5,37,29.879265969059976
54,id4,607.0,222.5,vial5,37,29.879265969059976
55,id4,607.0,222.5,vial5,37,29.879265969059976
56,id4,607.0,222.5,vial5,37,29.879265969059976
57,id4,607.0,223.0,vial5,37,29.879265969059976
58,id4,607.0,223.0,vial5,37,29.879265969059976
59,id4,607.0,223.0,vial5,37,29.879265969059976
60,id4,607.0,223.5,vial5,37,29.879265969059976
61,id4,607.0,223.0,vial5,37,29.879265969059976
62,id4,607.0,223.0,vial5,37,29.879265969059976
63,id4,607.0,223.0,vial5,37,29.879265969059976
64,id4,607.0,223.0,vial5,37,29.879265969059976
65,id4,607.0,223.0,vial5,37,29.879265969059976
66,id4,607.0,223.5,vial5,37,29.879265969059976
67,id4,607.0,223.5,vial5,37,29.879265969059976
68,id4,607.0,223.5,vial5,37,29.879265969059976
69,id4,607.0,223.5,vial5,37,29.879265969059976
70,id4,607.0,223.5,vial5,37,29.879265969059976
71,id4,607.0,223.5,vial5,37,29.879265969059976
72,id4,607.0,223.5,vial5,37,29.879265969059976
73,id4,607.0,223.5,vial5,37,29.879265969059976
74,id4,607.0,224.0,vial5,37,29.879265969059976
75,id4,607.0,224.0,vial5,37,29.879265969059976
76,id4,607.0,224.0,vial5,37,29.879265969059976
77,id4,607.0,224.0,vial5,37,29.879265969059976
78,id4,606.5,224.0,vial5,37,29.879265969059976
79,id4,606.5,224.0,vial5,37,29.879265969059976
80,id4,606.5,224.0,vial5,37,29.879265969059976
81,id4,606.5,224.0,vial5,37,29.879265969059976
82,id4,606.5,224.0,vial5,37,29.879265969059976
83,id4,606.5,224.0,vial5,37,29.879265969059976
84,id4,606.5,224.0,vial5,37,29.879265969059976
85,id4,606.5,224.5,vial5,37,29.879265969059976
86,id4,606.5,224.5,vial5,37,29.879265969059976
87,id4,606.5,224.0,vial5,37,29.879265969059976
88,id4,606.5,224.0,vial5,37,29.879265969059976
89,id4,606.5,222.5,vial5,37,29.879265969059976
90,id4,606.5,221.5,vial5,37,29.879265969059976
91,id4,605.5,219.5,vial5,37,29.879265969059976
92,id4,605.5,217.5,vial5,37,29.879265969059976
93,id4,605.5,215.5,vial5,37,29.879265969059976
94,id4,605.5,214.5,vial5,37,29.879265969059976
95,id4,604.5,213.5,vial5,37,29.879265969059976
96,id4,604.5,212.5,vial5,37,29.879265969059976
97,id4,604.5,212.0,vial5,37,29.879265969059976
98,id4,604.5,211.5,vial5,37,29.879265969059976
99,id4,604.5,210.5,vial5,37,29.879265969059976
100,id4,604.5,210.5,vial5,37,29.879265969059976
101,id4,604.5,210.5,vial5,37,29.879265969059976
102,id4,604.5,210.5,vial5,37,29.879265969059976
103,id4,604.5,210.5,vial5,37,29.879265969059976
104,id4,604.5,210.5,vial5,37,29.879265969059976
105,id4,603.5,208.0,vial5,37,29.879265969059976
106,id4,575.0,180.5,vial5,37,29.879265969059976
107,id4,542.5,163.0,vial5,37,29.879265969059976
108,id4,542.5,161.5,vial5,37,29.879265969059976
109,id4,542.5,161.0,vial5,37,29.879265969059976
110,id4,542.5,161.5,vial5,37,29.879265969059976
111,id4,542.5,161.0,vial5,37,29.879265969059976
112,id4,542.5,160.0,vial5,37,29.879265969059976
113,id4,543.0,158.0,vial5,37,29.879265969059976
114,id4,543.0,157.0,vial5,37,29.879265969059976
115,id4,543.0,156.0,vial5,37,29.879265969059976
116,id4,543.0,154.5,vial5,37,29.879265969059976
117,id4,543.0,153.5,vial5,37,29.879265969059976
118,id4,543.0,152.5,vial5,37,29.879265969059976
119,id4,543.0,152.0,vial5,37,29.879265969059976
120,id4,543.0,152.0,vial5,37,29.879265969059976
121,id4,543.0,152.0,vial5,37,29.879265969059976
122,id4,543.0,152.0,vial5,37,29.879265969059976
123,id4,543.0,152.0,vial5,37,29.879265969059976
124,id4,543.0,152.0,vial5,37,29.879265969059976
125,id4,543.0,152.0,vial5,37,29.879265969059976
126,id4,543.0,152.0,vial5,37,29.879265969059976
127,id4,543.0,152.0,vial5,37,29.879265969059976
128,id4,543.0,152.0,vial5,37,29.879265969059976
129,id4,543.0,151.5,vial5,37,29.879265969059976
130,id4,543.0,151.5,vial5,37,29.879265969059976
131,id4,543.0,151.0,vial5,37,29.879265969059976
132,id4,543.0,151.0,vial5,37,29.879265969059976
133,id4,543.0,151.0,vial5,37,29.879265969059976
134,id4,543.0,151.0,vial5,37,29.879265969059976
135,id4,543.0,150.0,vial5,37,29.879265969059976
136,id4,543.0,150.0,vial5,37,29.879265969059976
137,id4,543.0,149.0,vial5,37,29.879265969059976
138,id4,543.0,149.0,vial5,37,29.879265969059976
139,id4,543.0,147.0,vial5,37,29.879265969059976
140,id4,542.5,145.0,vial5,37,29.879265969059976
141,id4,542.5,143.5,vial5,37,29.879265969059976
142,id4,543.5,141.0,vial5,37,29.879265969059976
143,id4,542.5,139.0,vial5,37,29.879265969059976
144,id4,543.5,137.0,vial5,37,29.879265969059976
145,id4,543.0,135.0,vial5,37,29.879265969059976
146,id4,543.5,133.0,vial5,37,29.879265969059976
147,id4,543.5,131.0,vial5,37,29.879265969059976
148,id4,543.5,129.0,vial5,37,29.879265969059976
149,id4,543.5,127.0,vial5,37,29.879265969059976
150,id4,543.5,126.0,vial5,37,29.879265969059976
151,id4,544.0,124.5,vial5,37,29.879265969059976
152,id4,544.0,123.5,vial5,37,29.879265969059976
153,id4,544.0,123.0,vial5,37,29.879265969059976
154,id4,544.0,122.0,vial5,37,29.879265969059976
155,id4,544.0,122.0,vial5,37,29.879265969059976
156,id4,544.5,121.0,vial5,37,29.879265969059976
157,id4,544.5,120.5,vial5,37,29.879265969059976
158,id4,544.5,120.0,vial5,37,29.879265969059976
159,id4,544.5,119.5,vial5,37,29.879265969059976
160,id4,544.5,119.0,vial5,37,29.879265969059976
161,id4,545.0,118.5,vial5,37,29.879265969059976
162,id4,545.0,118.5,vial5,37,29.879265969059976
163,id4,545.0,117.5,vial5,37,29.879265969059976
164,id4,545.0,117.5,vial5,37,29.879265969059976
165,id4,545.0,116.5,vial5,37,29.879265969059976
166,id4,545.0,116.5,vial5,37,29.879265969059976
167,id4,545.0,116.5,vial5,37,29.879265969059976
168,id4,545.5,116.5,vial5,37,29.879265969059976
169,id4,545.5,116.5,vial5,37,29.879265969059976
170,id4,545.5,116.5,vial5,37,29.879265969059976
171,id4,545.5,116.5,vial5,37,29.879265969059976
173,id4,583.0,96.0,vial5,37,29.879265969059976
174,id4,597.5,91.0,vial5,37,29.879265969059976
175,id4,597.0,90.5,vial5,37,29.879265969059976
176,id4,597.0,90.5,vial5,37,29.879265969059976
177,id4,597.0,90.0,vial5,37,29.879265969059976
178,id4,596.5,90.5,vial5,37,29.879265969059976
179,id4,596.5,90.5,vial5,37,29.879265969059976
180,id4,597.5,88.5,vial5,37,29.879265969059976
181,id4,598.0,87.5,vial5,37,29.879265969059976
182,id4,599.0,85.5,vial5,37,29.879265969059976
183,id4,599.0,84.0,vial5,37,29.879265969059976
184,id4,600.0,83.5,vial5,37,29.879265969059976
185,id4,601.0,82.0,vial5,37,29.879265969059976
186,id4,602.5,80.5,vial5,37,29.879265969059976
187,id4,603.5,79.5,vial5,37,29.879265969059976
188,id4,604.5,78.5,vial5,37,29.879265969059976
189,id4,605.5,77.5,vial5,37,29.879265969059976
190,id4,606.0,77.5,vial5,37,29.879265969059976
191,id4,606.0,76.5,vial5,37,29.879265969059976
192,id4,607.0,76.5,vial5,37,29.879265969059976
193,id4,607.0,75.5,vial5,37,29.879265969059976
194,id4,608.0,75.5,vial5,37,29.879265969059976
195,id4,608.0,74.5,vial5,37,29.879265969059976
196,id4,609.0,74.0,vial5,37,29.879265969059976
197,id4,609.0,73.5,vial5,37,29.879265969059976
198,id4,609.0,73.0,vial5,37,29.879265969059976
199,id4,609.0,72.0,vial5,37,29.879265969059976
200,id4,609.5,71.5,vial5,37,29.879265969059976
201,id4,609.5,70.0,vial5,37,29.879265969059976
202,id4,609.5,69.0,vial5,37,29.879265969059976
203,id4,609.5,67.0,vial5,37,29.879265969059976
204,id4,609.5,65.0,vial5,37,29.879265969059976
205,id4,609.5,63.0,vial5,37,29.879265969059976
206,id4,609.5,61.5,vial5,37,29.879265969059976
207,id4,609.5,60.0,vial5,37,29.879265969059976
208,id4,609.5,59.0,vial5,37,29.879265969059976
209,id4,610.0,58.5,vial5,37,29.879265969059976
210,id4,610.5,57.5,vial5,37,29.879265969059976
211,id4,610.5,57.0,vial5,37,29.879265969059976
212,id4,610.5,57.0,vial5,37,29.879265969059976
213,id4,610.5,57.0,vial5,37,29.879265969059976
214,id4,610.5,57.0,vial5,37,29.879265969059976
215,id4,610.5,57.0,vial5,37,29.879265969059976
216,id4,610.5,57.0,vial5,37,29.879265969059976
217,id4,610.5,57.0,vial5,37,29.879265969059976
218,id4,610.5,56.0,vial5,37,29.879265969059976
219,id4,603.5,51.5,vial5,37,29.879265969059976
220,id4,557.5,39.0,vial5,37,29.879265969059976
221,id4,543.0,33.5,vial5,37,29.879265969059976
222,id4,543.0,32.5,vial5,37,29.879265969059976
223,id4,543.5,32.5,vial5,37,29.879265969059976
224,id4,543.5,32.5,vial5,37,29.879265969059976
225,id4,543.5,31.5,vial5,37,29.879265969059976
226,id4,543.5,29.5,vial5,37,29.879265969059976
227,id4,544.0,27.5,vial5,37,29.879265969059976
228,id4,544.5,25.5,vial5,37,29.879265969059976
229,id4,544.0,23.5,vial5,37,29.879265969059976
230,id4,544.5,23.5,vial5,37,29.879265969059976
231,id4,544.0,22.5,vial5,37,29.879265969059976
232,id4,544.0,22.5,vial5,37,29.879265969059976
233,id4,544.0,22.5,vial5,37,29.879265969059976
234,id4,544.0,22.5,vial5,37,29.879265969059976
235,id4,544.5,22.5,vial5,37,29.879265969059976
236,id4,544.5,22.5,vial5,37,29.879265969059976
237,id4,544.0,22.5,vial5,37,29.879265969059976
238,id4,544.5,22.5,vial5,37,29.879265969059976
239,id4,544.5,22.5,vial5,37,29.879265969059976
240,id4,544.5,21.5,vial5,37,29.879265969059976
241,id4,545.0,21.0,vial5,37,29.879265969059976
242,id4,544.5,20.5,vial5,37,29.879265969059976
243,id4,545.0,20.5,vial5,37,29.879265969059976
244,id4,545.0,19.5,vial5,37,29.879265969059976
245,id4,545.0,19.5,vial5,37,29.879265969059976
246,id4,544.5,18.5,vial5,37,29.879265969059976
247,id4,544.5,17.5,vial5,37,29.879265969059976
248,id4,544.5,17.5,vial5,37,29.879265969059976
249,id4,544.5,16.5,vial5,37,29.879265969059976
250,id4,544.5,16.5,vial5,37,29.879265969059976
251,id4,544.5,15.5,vial5,37,29.879265969059976
252,id4,544.0,15.0,vial5,37,29.879265969059976
253,id4,544.0,14.5,vial5,37,29.879265969059976
254,id4,544.0,14.5,vial5,37,29.879265969059976
255,id4,544.0,14.5,vial5,37,29.879265969059976
256,id4,544.0,14.0,vial5,37,29.879265969059976
257,id4,544.0,14.0,vial5,37,29.879265969059976
70,id40,409.0,5.5,vial4,24,29.879265969059976
96,id40,425.0,381.0,vial4,24,29.879265969059976
97,id40,423.5,381.0,vial4,24,29.879265969059976
126,id42,549.5,2.0,vial5,32,29.879265969059976
127,id42,550.0,2.5,vial5,32,29.879265969059976
128,id42,550.5,3.0,vial5,32,29.879265969059976
129,id42,551.0,2.5,vial5,32,29.879265969059976
144,id42,613.0,3.0,vial5,32,29.879265969059976
0,id5,46.0,345.5,vial1,5,29.879265969059976
1,id5,45.5,342.5,vial1,5,29.879265969059976
2,id5,46.0,340.0,vial1,5,29.879265969059976
3,id5,45.5,338.5,vial1,5,29.879265969059976
4,id5,45.5,336.5,vial1,5,29.879265969059976
5,id5,45.5,334.5,vial1,5,29.879265969059976
6,id5,45.0,331.5,vial1,5,29.879265969059976
7,id5,44.5,327.5,vial1,5,29.879265969059976
8,id5,44.5,324.5,vial1,5,29.879265969059976
9,id5,44.5,320.5,vial1,5,29.879265969059976
10,id5,46.0,316.0,vial1,5,29.879265969059976
11,id5,46.5,312.0,vial1,5,29.879265969059976
12,id5,48.0,308.5,vial1,5,29.879265969059976
13,id5,48.5,304.5,vial1,5,29.879265969059976
14,id5,49.5,300.5,vial1,5,29.879265969059976
15,id5,49.5,298.5,vial1,5,29.879265969059976
16,id5,50.5,294.5,vial1,5,29.879265969059976
17,id5,50.5,291.5,vial1,5,29.879265969059976
18,id5,52.0,287.5,vial1,5,29.879265969059976
19,id5,52.5,284.5,vial1,5,29.879265969059976
20,id5,53.5,281.5,vial1,5,29.879265969059976
21,id5,53.5,278.5,vial1,5,29.879265969059976
22,id5,54.5,275.5,vial1,5,29.879265969059976
23,id5,55.0,272.5,vial1,5,29.879265969059976
24,id5,56.5,269.0,vial1,5,29.879265969059976
25,id5,58.5,265.0,vial1,5,29.879265969059976
26,id5,61.0,262.0,vial1,5,29.879265969059976
27,id5,63.0,258.0,vial1,5,29.879265969059976
28,id5,64.0,255.0,vial1,5,29.879265969059976
29,id5,66.0,252.0,vial1,5,29.879265969059976
30,id5,67.5,248.0,vial1,5,29.879265969059976
31,id5,70.0,245.0,vial1,5,29.879265969059976
32,id5,70.5,242.0,vial1,5,29.879265969059976
33,id5,72.5,239.0,vial1,5,29.879265969059976
34,id5,73.5,234.5,vial1,5,29.879265969059976
35,id5,74.5,231.0,vial1,5,29.879265969059976
36,id5,75.5,226.5,vial1,5,29.879265969059976
37,id5,77.0,222.5,vial1,5,29.879265969059976
38,id5,76.5,219.0,vial1,5,29.879265969059976
39,id5,77.5,215.0,vial1,5,29.879265969059976
40,id5,78.0,211.5,vial1,5,29.879265969059976
41,id5,78.0,206.5,vial1,5,29.879265969059976
42,id5,77.5,202.5,vial1,5,29.879265969059976
43,id5,77.0,198.5,vial1,5,29.879265969059976
44,id5,77.0,194.5,vial1,5,29.879265969059976
45,id5,77.0,191.0,vial1,5,29.879265969059976
46,id5,75.5,187.5,vial1,5,29.879265969059976
47,id5,75.5,184.5,vial1,5,29.879265969059976
48,id5,74.5,181.0,vial1,5,29.879265969059976
49,id5,73.5,177.5,vial1,5,29.879265969059976
50,id5,73.5,174.5,vial1,5,29.879265969059976
51,id5,73.5,170.5,vial1,5,29.879265969059976
52,id5,72.5,167.5,vial1,5,29.879265969059976
53,id5,72.5,163.5,vial1,5,29.879265969059976
54,id5,72.0,161.0,vial1,5,29.879265969059976
55,id5,71.5,157.5,vial1,5,29.879265969059976
56,id5,70.5,154.5,vial1,5,29.879265969059976
57,id5,70.5,150.5,vial1,5,29.879265969059976
58,id5,69.5,147.5,vial1,5,29.879265969059976
59,id5,69.0,144.5,vial1,5,29.879265969059976
60,id5,67.5,141.5,vial1,5,29.879265969059976
61,id5,67.5,137.5,vial1,5,29.879265969059976
62,id5,66.5,134.5,vial1,5,29.879265969059976
63,id5,65.0,130.5,vial1,5,29.879265969059976
64,id5,64.0,128.0,vial1,5,29.879265969059976
65,id5,63.0,124.0,vial1,5,29.879265969059976
66,id5,62.0,121.5,vial1,5,29.879265969059976
67,id5,61.0,117.5,vial1,5,29.879265969059976
68,id5,60.0,114.5,vial1,5,29.879265969059976
69,id5,59.5,111.0,vial1,5,29.879265969059976
70,id5,57.5,108.0,vial1,5,29.879265969059976
71,id5,57.0,104.5,vial1,5,29.879265969059976
72,id5,56.5,101.5,vial1,5,29.879265969059976
73,id5,55.5,98.5,vial1,5,29.879265969059976
74,id5,55.5,95.5,vial1,5,29.879265969059976
75,id5,54.5,91.5,vial1,5,29.879265969059976
76,id5,54.5,88.5,vial1,5,29.879265969059976
77,id5,53.5,84.5,vial1,5,29.879265969059976
78,id5,52.5,82.5,vial1,5,29.879265969059976
79,id5,52.5,79.5,vial1,5,29.879265969059976
80,id5,51.5,76.0,vial1,5,29.879265969059976
81,id5,51.5,73.5,vial1,5,29.879265969059976
82,id5,51.5,70.5,vial1,5,29.879265969059976
83,id5,50.5,67.5,vial1,5,29.879265969059976
84,id5,51.0,64.5,vial1,5,29.879265969059976
85,id5,50.5,60.5,vial1,5,29.879265969059976
86,id5,51.5,57.5,vial1,5,29.879265969059976
87,id5,51.5,53.5,vial1,5,29.879265969059976
88,id5,52.5,50.0,vial1,5,29.879265969059976
89,id5,52.5,46.5,vial1,5,29.879265969059976
90,id5,53.5,42.5,vial1,5,29.879265969059976
91,id5,53.0,39.5,vial1,5,29.879265969059976
92,id5,53.5,36.5,vial1,5,29.879265969059976
93,id5,53.0,33.0,vial1,5,29.879265969059976
94,id5,53.5,29.5,vial1,5,29.879265969059976
95,id5,53.0,26.5,vial1,5,29.879265969059976
96,id5,53.5,23.0,vial1,5,29.879265969059976
97,id5,52.5,19.5,vial1,5,29.879265969059976
98,id5,53.5,16.5,vial1,5,29.879265969059976
99,id5,53.0,13.5,vial1,5,29.879265969059976
100,id5,53.5,11.0,vial1,5,29.879265969059976
101,id5,54.0,8.5,vial1,5,29.879265969059976
225,id55,447.0,209.0,vial4,28,29.879265969059976
226,id55,447.0,208.5,vial4,28,29.879265969059976
227,id55,447.0,208.5,vial4,28,29.879265969059976
228,id55,447.0,208.5,vial4,28,29.879265969059976
229,id55,447.0,208.5,vial4,28,29.879265969059976
230,id55,447.0,208.5,vial4,28,29.879265969059976
231,id55,447.5,209.0,vial4,28,29.879265969059976
232,id55,447.0,207.5,vial4,28,29.879265969059976
233,id55,447.5,205.5,vial4,28,29.879265969059976
234,id55,447.5,203.0,vial4,28,29.879265969059976
235,id55,448.0,200.5,vial4,28,29.879265969059976
236,id55,448.0,198.5,vial4,28,29.879265969059976
237,id55,448.5,196.0,vial4,28,29.879265969059976
238,id55,449.0,194.0,vial4,28,29.879265969059976
239,id55,449.0,191.5,vial4,28,29.879265969059976
240,id55,449.5,188.5,vial4,28,29.879265969059976
241,id55,450.0,186.5,vial4,28,29.879265969059976
242,id55,450.0,183.5,vial4,28,29.879265969059976
243,id55,451.0,180.5,vial4,28,29.879265969059976
244,id55,451.5,177.5,vial4,28,29.879265969059976
245,id55,452.0,174.5,vial4,28,29.879265969059976
246,id55,452.0,172.0,vial4,28,29.879265969059976
247,id55,452.5,168.5,vial4,28,29.879265969059976
248,id55,452.5,165.5,vial4,28,29.879265969059976
249,id55,452.0,162.5,vial4,28,29.879265969059976
250,id55,452.5,159.5,vial4,28,29.879265969059976
251,id55,452.0,157.0,vial4,28,29.879265969059976
252,id55,452.0,154.5,vial4,28,29.879265969059976
253,id55,452.5,152.5,vial4,28,29.879265969059976
254,id55,452.5,151.0,vial4,28,29.879265969059976
255,id55,452.5,148.5,vial4,28,29.879265969059976
256,id55,453.5,147.5,vial4,28,29.879265969059976
257,id55,453.5,146.0,vial4,28,29.879265969059976
258,id55,453.5,145.0,vial4,28,29.879265969059976
259,id55,453.5,145.0,vial4,28,29.879265969059976
260,id55,453.0,139.5,vial4,28,29.879265969059976
261,id55,445.5,115.0,vial4,28,29.879265969059976
262,id55,451.5,82.0,vial4,28,29.879265969059976
263,id55,463.0,63.5,vial4,28,29.879265969059976
264,id55,460.5,68.5,vial4,28,29.879265969059976
265,id55,469.0,108.5,vial4,28,29.879265969059976
266,id55,462.5,118.0,vial4,28,29.879265969059976
267,id55,464.0,121.5,vial4,28,29.879265969059976
268,id55,465.0,145.5,vial4,28,29.879265969059976
0,id6,180.5,328.5,vial2,7,29.879265969059976
1,id6,180.0,330.0,vial2,7,29.879265969059976
2,id6,179.0,331.0,vial2,7,29.879265969059976
3,id6,177.0,333.0,vial2,7,29.879265969059976
4,id6,175.0,335.0,vial2,7,29.879265969059976
5,id6,172.5,337.5,vial2,7,29.879265969059976
6,id6,169.5,339.5,vial2,7,29.879265969059976
7,id6,166.5,341.0,vial2,7,29.879265969059976
8,id6,163.5,342.0,vial2,7,29.879265969059976
9,id6,160.0,343.0,vial2,7,29.879265969059976
10,id6,157.5,344.0,vial2,7,29.879265969059976
11,id6,154.5,347.0,vial2,7,29.879265969059976
12,id6,152.5,349.5,vial2,7,29.879265969059976
13,id6,151.0,352.5,vial2,7,29.879265969059976
14,id6,150.0,355.0,vial2,7,29.879265969059976
15,id6,149.5,358.0,vial2,7,29.879265969059976
16,id6,149.5,359.0,vial2,7,29.879265969059976
17,id6,148.5,360.0,vial2,7,29.879265969059976
18,id6,147.5,361.0,vial2,7,29.879265969059976
19,id6,146.0,362.0,vial2,7,29.879265969059976
20,id6,145.0,360.5,vial2,7,29.879265969059976
21,id6,144.5,359.5,vial2,7,29.879265969059976
22,id6,143.5,357.5,vial2,7,29.879265969059976
23,id6,142.0,355.0,vial2,7,29.879265969059976
24,id6,141.0,354.0,vial2,7,29.879265969059976
25,id6,140.5,352.0,vial2,7,29.879265969059976
26,id6,140.5,350.5,vial2,7,29.879265969059976
27,id6,140.5,348.5,vial2,7,29.879265969059976
28,id6,140.0,347.0,vial2,7,29.879265969059976
29,id6,140.0,346.5,vial2,7,29.879265969059976
30,id6,140.0,347.0,vial2,7,29.879265969059976
31,id6,140.5,347.0,vial2,7,29.879265969059976
32,id6,140.5,347.0,vial2,7,29.879265969059976
33,id6,140.5,347.5,vial2,7,29.879265969059976
34,id6,140.5,346.5,vial2,7,29.879265969059976
35,id6,140.5,347.0,vial2,7,29.879265969059976
36,id6,140.5,347.0,vial2,7,29.879265969059976
37,id6,140.5,347.0,vial2,7,29.879265969059976
38,id6,140.5,347.0,vial2,7,29.879265969059976
39,id6,140.5,347.5,vial2,7,29.879265969059976
40,id6,140.5,347.0,vial2,7,29.879265969059976
41,id6,140.5,347.0,vial2,7,29.879265969059976
42,id6,140.5,347.5,vial2,7,29.879265969059976
43,id6,141.0,347.5,vial2,7,29.879265969059976
44,id6,140.5,347.0,vial2,7,29.879265969059976
45,id6,140.5,347.0,vial2,7,29.879265969059976
46,id6,140.5,347.0,vial2,7,29.879265969059976
47,id6,140.5,347.5,vial2,7,29.879265969059976
48,id6,140.5,347.5,vial2,7,29.879265969059976
49,id6,140.5,347.5,vial2,7,29.879265969059976
50,id6,140.5,347.5,vial2,7,29.879265969059976
51,id6,140.5,347.5,vial2,7,29.879265969059976
52,id6,140.5,347.5,vial2,7,29.879265969059976
53,id6,140.5,347.0,vial2,7,29.879265969059976
54,id6,140.5,346.5,vial2,7,29.879265969059976
55,id6,140.5,346.5,vial2,7,29.879265969059976
56,id6,140.5,347.0,vial2,7,29.879265969059976
57,id6,140.0,347.5,vial2,7,29.879265969059976
58,id6,140.0,347.5,vial2,7,29.879265969059976
59,id6,140.0,348.0,vial2,7,29.879265969059976
60,id6,140.0,348.0,vial2,7,29.879265969059976
61,id6,140.0,348.0,vial2,7,29.879265969059976
62,id6,140.0,348.0,vial2,7,29.879265969059976
63,id6,140.0,348.0,vial2,7,29.879265969059976
64,id6,140.0,348.0,vial2,7,29.879265969059976
65,id6,140.0,347.5,vial2,7,29.879265969059976
66,id6,140.0,347.5,vial2,7,29.879265969059976
67,id6,140.0,347.5,vial2,7,29.879265969059976
68,id6,140.0,347.5,vial2,7,29.879265969059976
69,id6,140.0,347.5,vial2,7,29.879265969059976
70,id6,140.0,347.5,vial2,7,29.879265969059976
71,id6,140.0,347.5,vial2,7,29.879265969059976
72,id6,140.0,347.5,vial2,7,29.879265969059976
73,id6,140.0,347.5,vial2,7,29.879265969059976
74,id6,140.0,347.5,vial2,7,29.879265969059976
75,id6,140.0,348.0,vial2,7,29.879265969059976
76,id6,140.0,348.0,vial2,7,29.879265969059976
77,id6,140.5,348.0,vial2,7,29.879265969059976
78,id6,140.0,348.0,vial2,7,29.879265969059976
79,id6,140.0,348.5,vial2,7,29.879265969059976
80,id6,140.0,348.5,vial2,7,29.879265969059976
81,id6,140.5,348.5,vial2,7,29.879265969059976
82,id6,140.5,348.5,vial2,7,29.879265969059976
83,id6,140.5,348.5,vial2,7,29.879265969059976
84,id6,140.0,348.5,vial2,7,29.879265969059976
85,id6,140.0,348.5,vial2,7,29.879265969059976
86,id6,140.5,348.5,vial2,7,29.879265969059976
87,id6,140.5,348.5,vial2,7,29.879265969059976
88,id6,140.0,348.5,vial2,7,29.879265969059976
89,id6,140.0,348.0,vial2,7,29.879265969059976
90,id6,140.0,348.0,vial2,7,29.879265969059976
91,id6,140.0,348.5,vial2,7,29.879265969059976
92,id6,140.0,348.0,vial2,7,29.879265969059976
93,id6,140.0,348.5,vial2,7,29.879265969059976
94,id6,140.0,348.5,vial2,7,29.879265969059976
95,id6,140.0,348.5,vial2,7,29.879265969059976
96,id6,140.0,348.5,vial2,7,29.879265969059976
97,id6,140.0,348.5,vial2,7,29.879265969059976
98,id6,140.0,349.0,vial2,7,29.879265969059976
99,id6,140.0,349.0,vial2,7,29.879265969059976
100,id6,140.0,349.0,vial2,7,29.879265969059976
101,id6,140.0,349.0,vial2,7,29.879265969059976
102,id6,140.0,349.0,vial2,7,29.879265969059976
103,id6,140.0,349.0,vial2,7,29.879265969059976
104,id6,140.0,349.5,vial2,7,29.879265969059976
105,id6,140.0,349.0,vial2,7,29.879265969059976
106,id6,140.5,349.0,vial2,7,29.879265969059976
107,id6,141.0,349.5,vial2,7,29.879265969059976
108,id6,141.0,349.5,vial2,7,29.879265969059976
109,id6,141.0,349.0,vial2,7,29.879265969059976
110,id6,141.0,349.0,vial2,7,29.879265969059976
111,id6,141.0,349.0,vial2,7,29.879265969059976
112,id6,141.0,349.0,vial2,7,29.879265969059976
113,id6,141.0,349.0,vial2,7,29.879265969059976
114,id6,140.5,349.0,vial2,7,29.879265969059976
115,id6,140.5,349.0,vial2,7,29.879265969059976
116,id6,140.0,349.0,vial2,7,29.879265969059976
117,id6,140.5,349.0,vial2,7,29.879265969059976
118,id6,141.0,349.0,vial2,7,29.879265969059976
119,id6,141.0,349.0,vial2,7,29.879265969059976
120,id6,141.0,349.0,vial2,7,29.879265969059976
121,id6,141.0,349.0,vial2,7,29.879265969059976
122,id6,141.0,349.5,vial2,7,29.879265969059976
123,id6,141.0,349.5,vial2,7,29.879265969059976
124,id6,141.0,349.5,vial2,7,29.879265969059976
125,id6,141.0,350.0,vial2,7,29.879265969059976
126,id6,141.0,350.0,vial2,7,29.879265969059976
127,id6,141.0,350.0,vial2,7,29.879265969059976
128,id6,141.0,350.0,vial2,7,29.879265969059976
129,id6,141.0,350.0,vial2,7,29.879265969059976
130,id6,141.0,350.0,vial2,7,29.879265969059976
131,id6,141.0,350.0,vial2,7,29.879265969059976
132,id6,141.0,350.0,vial2,7,29.879265969059976
133,id6,141.0,350.0,vial2,7,29.879265969059976
134,id6,141.0,350.0,vial2,7,29.879265969059976
135,id6,141.0,350.0,vial2,7,29.879265969059976
136,id6,141.0,349.5,vial2,7,29.879265969059976
137,id6,140.5,349.0,vial2,7,29.879265969059976
138,id6,140.0,348.0,vial2,7,29.879265969059976
139,id6,139.5,347.0,vial2,7,29.879265969059976
140,id6,139.5,347.0,vial2,7,29.879265969059976
141,id6,139.5,346.0,vial2,7,29.879265969059976
142,id6,140.0,346.0,vial2,7,29.879265969059976
143,id6,140.5,346.5,vial2,7,29.879265969059976
144,id6,140.5,346.5,vial2,7,29.879265969059976
145,id6,140.5,346.5,vial2,7,29.879265969059976
146,id6,140.5,346.5,vial2,7,29.879265969059976
147,id6,140.5,346.5,vial2,7,29.879265969059976
148,id6,140.5,347.0,vial2,7,29.879265969059976
149,id6,141.0,348.0,vial2,7,29.879265969059976
150,id6,139.5,349.5,vial2,7,29.879265969059976
151,id6,139.5,348.5,vial2,7,29.879265969059976
152,id6,139.5,348.5,vial2,7,29.879265969059976
153,id6,139.5,348.0,vial2,7,29.879265969059976
154,id6,140.0,348.0,vial2,7,29.879265969059976
155,id6,140.0,348.0,vial2,7,29.879265969059976
156,id6,140.0,348.5,vial2,7,29.879265969059976
157,id6,140.0,348.0,vial2,7,29.879265969059976
158,id6,140.0,348.5,vial2,7,29.879265969059976
159,id6,140.0,350.0,vial2,7,29.879265969059976
160,id6,139.5,349.0,vial2,7,29.879265969059976
161,id6,139.5,349.5,vial2,7,29.879265969059976
162,id6,140.0,349.5,vial2,7,29.879265969059976
163,id6,140.0,349.5,vial2,7,29.879265969059976
164,id6,140.0,349.0,vial2,7,29.879265969059976
165,id6,140.0,349.0,vial2,7,29.879265969059976
166,id6,140.0,349.5,vial2,7,29.879265969059976
167,id6,139.5,349.5,vial2,7,29.879265969059976
168,id6,140.0,349.0,vial2,7,29.879265969059976
169,id6,140.0,349.5,vial2,7,29.879265969059976
170,id6,140.0,349.5,vial2,7,29.879265969059976
171,id6,140.0,349.5,vial2,7,29.879265969059976
172,id6,140.0,349.5,vial2,7,29.879265969059976
173,id6,139.5,349.5,vial2,7,29.879265969059976
174,id6,139.5,349.5,vial2,7,29.879265969059976
175,id6,139.5,349.5,vial2,7,29.879265969059976
176,id6,139.5,349.5,vial2,7,29.879265969059976
177,id6,139.5,349.5,vial2,7,29.879265969059976
178,id6,139.5,349.5,vial2,7,29.879265969059976
179,id6,139.5,349.5,vial2,7,29.879265969059976
180,id6,139.5,349.5,vial2,7,29.879265969059976
181,id6,139.5,349.5,vial2,7,29.879265969059976
182,id6,139.5,349.5,vial2,7,29.879265969059976
183,id6,139.5,349.5,vial2,7,29.879265969059976
184,id6,139.5,349.5,vial2,7,29.879265969059976
185,id6,139.5,350.0,vial2,7,29.879265969059976
186,id6,140.0,349.5,vial2,7,29.879265969059976
187,id6,139.5,350.0,vial2,7,29.879265969059976
188,id6,139.5,349.5,vial2,7,29.879265969059976
189,id6,139.5,349.5,vial2,7,29.879265969059976
190,id6,139.5,349.5,vial2,7,29.879265969059976
191,id6,139.5,350.5,vial2,7,29.879265969059976
192,id6,139.5,350.5,vial2,7,29.879265969059976
193,id6,139.5,350.5,vial2,7,29.879265969059976
194,id6,139.5,350.0,vial2,7,29.879265969059976
195,id6,139.5,349.5,vial2,7,29.879265969059976
196,id6,139.5,349.5,vial2,7,29.879265969059976
197,id6,139.5,349.5,vial2,7,29.879265969059976
198,id6,139.5,349.5,vial2,7,29.879265969059976
199,id6,139.5,349.5,vial2,7,29.879265969059976
200,id6,139.5,350.0,vial2,7,29.879265969059976
201,id6,139.5,350.0,vial2,7,29.879265969059976
202,id6,139.5,350.0,vial2,7,29.879265969059976
203,id6,139.5,350.5,vial2,7,29.879265969059976
204,id6,139.5,350.5,vial2,7,29.879265969059976
205,id6,139.5,350.5,vial2,7,29.879265969059976
206,id6,139.5,350.5,vial2,7,29.879265969059976
207,id6,139.5,350.0,vial2,7,29.879265969059976
208,id6,139.5,349.5,vial2,7,29.879265969059976
209,id6,139.5,350.0,vial2,7,29.879265969059976
210,id6,139.5,350.0,vial2,7,29.879265969059976
211,id6,139.5,350.5,vial2,7,29.879265969059976
212,id6,139.5,350.5,vial2,7,29.879265969059976
213,id6,139.5,350.5,vial2,7,29.879265969059976
214,id6,139.5,350.5,vial2,7,29.879265969059976
215,id6,140.0,350.0,vial2,7,29.879265969059976
216,id6,139.5,350.0,vial2,7,29.879265969059976
217,id6,140.5,350.0,vial2,7,29.879265969059976
218,id6,140.0,350.0,vial2,7,29.879265969059976
219,id6,139.5,350.5,vial2,7,29.879265969059976
220,id6,139.5,349.5,vial2,7,29.879265969059976
221,id6,139.5,349.5,vial2,7,29.879265969059976
222,id6,139.5,349.5,vial2,7,29.879265969059976
223,id6,140.0,349.5,vial2,7,29.879265969059976
224,id6,140.0,349.5,vial2,7,29.879265969059976
225,id6,139.5,349.5,vial2,7,29.879265969059976
226,id6,139.5,350.0,vial2,7,29.879265969059976
227,id6,140.0,349.5,vial2,7,29.879265969059976
228,id6,140.0,349.5,vial2,7,29.879265969059976
229,id6,140.0,349.0,vial2,7,29.879265969059976
230,id6,139.5,348.5,vial2,7,29.879265969059976
231,id6,140.0,348.5,vial2,7,29.879265969059976
232,id6,140.0,347.5,vial2,7,29.879265969059976
233,id6,140.0,347.0,vial2,7,29.879265969059976
234,id6,140.0,347.0,vial2,7,29.879265969059976
235,id6,140.5,346.0,vial2,7,29.879265969059976
236,id6,141.0,346.0,vial2,7,29.879265969059976
237,id6,141.0,347.0,vial2,7,29.879265969059976
238,id6,141.5,349.0,vial2,7,29.879265969059976
239,id6,142.0,350.5,vial2,7,29.879265969059976
240,id6,143.0,352.5,vial2,7,29.879265969059976
241,id6,143.5,353.0,vial2,7,29.879265969059976
242,id6,144.0,353.5,vial2,7,29.879265969059976
243,id6,145.0,354.5,vial2,7,29.879265969059976
244,id6,145.0,355.0,vial2,7,29.879265969059976
245,id6,145.0,356.0,vial2,7,29.879265969059976
246,id6,144.0,356.5,vial2,7,29.879265969059976
247,id6,144.0,357.5,vial2,7,29.879265969059976
248,id6,143.5,358.5,vial2,7,29.879265969059976
249,id6,144.0,360.5,vial2,7,29.879265969059976
250,id6,144.0,361.5,vial2,7,29.879265969059976
251,id6,144.0,363.5,vial2,7,29.879265969059976
252,id6,144.0,366.0,vial2,7,29.879265969059976
253,id6,144.0,367.5,vial2,7,29.879265969059976
254,id6,144.5,368.5,vial2,7,29.879265969059976
255,id6,144.5,369.5,vial2,7,29.879265969059976
256,id6,144.5,370.5,vial2,7,29.879265969059976
257,id6,144.5,370.5,vial2,7,29.879265969059976
258,id6,145.0,371.5,vial2,7,29.879265969059976
259,id6,145.0,371.5,vial2,7,29.879265969059976
260,id6,145.0,372.0,vial2,7,29.879265969059976
261,id6,145.0,372.0,vial2,7,29.879265969059976
262,id6,145.0,372.0,vial2,7,29.879265969059976
263,id6,145.5,372.0,vial2,7,29.879265969059976
264,id6,145.0,372.0,vial2,7,29.879265969059976
265,id6,145.5,372.0,vial2,7,29.879265969059976
266,id6,145.5,372.0,vial2,7,29.879265969059976
267,id6,145.5,372.0,vial2,7,29.879265969059976
268,id6,145.5,372.5,vial2,7,29.879265969059976
269,id6,145.5,372.0,vial2,7,29.879265969059976
270,id6,145.5,372.0,vial2,7,29.879265969059976
271,id6,145.5,372.0,vial2,7,29.879265969059976
272,id6,145.5,372.0,vial2,7,29.879265969059976
273,id6,145.5,372.0,vial2,7,29.879265969059976
274,id6,144.5,371.5,vial2,7,29.879265969059976
275,id6,143.5,370.0,vial2,7,29.879265969059976
276,id6,144.0,370.0,vial2,7,29.879265969059976
277,id6,142.5,370.5,vial2,7,29.879265969059976
278,id6,142.0,370.5,vial2,7,29.879265969059976
279,id6,141.5,369.5,vial2,7,29.879265969059976
280,id6,140.5,368.0,vial2,7,29.879265969059976
281,id6,140.0,366.5,vial2,7,29.879265969059976
282,id6,140.0,366.0,vial2,7,29.879265969059976
283,id6,139.5,365.0,vial2,7,29.879265969059976
284,id6,140.0,364.5,vial2,7,29.879265969059976
285,id6,140.0,364.5,vial2,7,29.879265969059976
286,id6,141.0,364.5,vial2,7,29.879265969059976
287,id6,142.0,364.5,vial2,7,29.879265969059976
288,id6,142.5,365.5,vial2,7,29.879265969059976
289,id6,145.0,367.0,vial2,7,29.879265969059976
290,id6,146.5,368.5,vial2,7,29.879265969059976
291,id6,147.5,370.5,vial2,7,29.879265969059976
292,id6,149.0,373.0,vial2,7,29.879265969059976
293,id6,150.5,375.0,vial2,7,29.879265969059976
294,id6,150.5,374.5,vial2,7,29.879265969059976
295,id6,152.0,374.5,vial2,7,29.879265969059976
296,id6,153.5,374.0,vial2,7,29.879265969059976
297,id6,155.5,374.0,vial2,7,29.879265969059976
298,id6,157.5,374.0,vial2,7,29.879265969059976
299,id6,160.5,374.0,vial2,7,29.879265969059976
300,id6,163.0,375.0,vial2,7,29.879265969059976
301,id6,165.5,375.5,vial2,7,29.879265969059976
302,id6,168.5,375.5,vial2,7,29.879265969059976
303,id6,171.0,375.5,vial2,7,29.879265969059976
304,id6,173.5,375.0,vial2,7,29.879265969059976
305,id6,176.0,374.5,vial2,7,29.879265969059976
306,id6,179.0,374.5,vial2,7,29.879265969059976
307,id6,182.0,374.5,vial2,7,29.879265969059976
278,id65,483.0,317.0,vial4,31,29.879265969059976
279,id65,483.0,317.0,vial4,31,29.879265969059976
280,id65,483.0,317.0,vial4,31,29.879265969059976
281,id65,483.5,317.0,vial4,31,29.879265969059976
282,id65,483.5,316.5,vial4,31,29.879265969059976
283,id65,483.5,315.0,vial4,31,29.879265969059976
284,id65,483.0,314.5,vial4,31,29.879265969059976
285,id65,483.0,312.5,vial4,31,29.879265969059976
286,id65,483.0,311.5,vial4,31,29.879265969059976
287,id65,482.5,310.0,vial4,31,29.879265969059976
288,id65,482.5,309.5,vial4,31,29.879265969059976
289,id65,482.5,309.0,vial4,31,29.879265969059976
290,id65,482.5,308.0,vial4,31,29.879265969059976
291,id65,482.5,306.0,vial4,31,29.879265969059976
292,id65,482.0,303.5,vial4,31,29.879265969059976
293,id65,482.0,301.5,vial4,31,29.879265969059976
294,id65,482.0,299.5,vial4,31,29.879265969059976
295,id65,482.0,297.5,vial4,31,29.879265969059976
296,id65,482.0,294.5,vial4,31,29.879265969059976
297,id65,481.5,292.5,vial4,31,29.879265969059976
298,id65,482.0,290.5,vial4,31,29.879265969059976
299,id65,482.0,288.5,vial4,31,29.879265969059976
300,id65,482.0,287.0,vial4,31,29.879265969059976
301,id65,482.5,284.5,vial4,31,29.879265969059976
302,id65,482.5,282.5,vial4,31,29.879265969059976
303,id65,482.5,280.0,vial4,31,29.879265969059976
304,id65,482.5,278.0,vial4,31,29.879265969059976
305,id65,482.5,276.0,vial4,31,29.879265969059976
306,id65,482.0,274.0,vial4,31,29.879265969059976
307,id65,481.5,271.5,vial4,31,29.879265969059976
0,id7,449.5,342.5,vial4,29,29.879265969059976
1,id7,450.0,340.0,vial4,29,29.879265969059976
2,id7,450.5,338.0,vial4,29,29.879265969059976
3,id7,451.5,335.0,vial4,29,29.879265969059976
4,id7,451.5,332.5,vial4,29,29.879265969059976
5,id7,451.5,329.5,vial4,29,29.879265969059976
6,id7,452.5,326.5,vial4,29,29.879265969059976
7,id7,452.5,324.0,vial4,29,29.879265969059976
8,id7,454.0,321.0,vial4,29,29.879265969059976
9,id7,455.0,318.0,vial4,29,29.879265969059976
10,id7,457.0,315.5,vial4,29,29.879265969059976
11,id7,458.5,313.0,vial4,29,29.879265969059976
12,id7,460.5,311.0,vial4,29,29.879265969059976
13,id7,462.5,308.0,vial4,29,29.879265969059976
14,id7,464.5,306.5,vial4,29,29.879265969059976
15,id7,465.5,304.0,vial4,29,29.879265969059976
16,id7,466.0,301.5,vial4,29,29.879265969059976
17,id7,467.0,298.5,vial4,29,29.879265969059976
18,id7,466.5,295.5,vial4,29,29.879265969059976
19,id7,467.0,292.5,vial4,29,29.879265969059976
20,id7,466.5,288.5,vial4,29,29.879265969059976
21,id7,465.5,285.5,vial4,29,29.879265969059976
22,id7,464.5,283.5,vial4,29,29.879265969059976
23,id7,463.5,280.5,vial4,29,29.879265969059976
24,id7,462.5,278.0,vial4,29,29.879265969059976
25,id7,461.5,275.0,vial4,29,29.879265969059976
26,id7,461.5,272.0,vial4,29,29.879265969059976
27,id7,460.5,268.5,vial4,29,29.879265969059976
28,id7,460.5,265.5,vial4,29,29.879265969059976
29,id7,459.5,262.5,vial4,29,29.879265969059976
30,id7,460.5,260.0,vial4,29,29.879265969059976
31,id7,459.5,256.5,vial4,29,29.879265969059976
32,id7,460.0,253.5,vial4,29,29.879265969059976
33,id7,461.0,251.5,vial4,29,29.879265969059976
34,id7,461.5,249.0,vial4,29,29.879265969059976
35,id7,461.5,246.0,vial4,29,29.879265969059976
36,id7,462.0,243.0,vial4,29,29.879265969059976
37,id7,463.5,240.0,vial4,29,29.879265969059976
38,id7,463.5,237.5,vial4,29,29.879265969059976
39,id7,464.5,234.5,vial4,29,29.879265969059976
40,id7,465.0,231.5,vial4,29,29.879265969059976
41,id7,465.5,229.0,vial4,29,29.879265969059976
42,id7,466.5,226.5,vial4,29,29.879265969059976
43,id7,466.5,223.5,vial4,29,29.879265969059976
44,id7,467.5,220.5,vial4,29,29.879265969059976
45,id7,468.5,217.0,vial4,29,29.879265969059976
46,id7,469.0,214.5,vial4,29,29.879265969059976
47,id7,469.5,211.0,vial4,29,29.879265969059976
48,id7,470.5,207.5,vial4,29,29.879265969059976
49,id7,472.0,205.5,vial4,29,29.879265969059976
50,id7,472.5,202.0,vial4,29,29.879265969059976
51,id7,473.5,199.5,vial4,29,29.879265969059976
52,id7,473.5,196.0,vial4,29,29.879265969059976
53,id7,475.0,193.5,vial4,29,29.879265969059976
54,id7,475.5,190.5,vial4,29,29.879265969059976
55,id7,476.0,187.5,vial4,29,29.879265969059976
56,id7,476.5,184.5,vial4,29,29.879265969059976
57,id7,477.5,181.5,vial4,29,29.879265969059976
58,id7,477.5,178.5,vial4,29,29.879265969059976
59,id7,478.0,175.5,vial4,29,29.879265969059976
60,id7,478.5,173.5,vial4,29,29.879265969059976
61,id7,478.5,170.0,vial4,29,29.879265969059976
62,id7,478.5,166.5,vial4,29,29.879265969059976
63,id7,478.5,163.5,vial4,29,29.879265969059976
64,id7,478.5,160.5,vial4,29,29.879265969059976
65,id7,478.5,158.0,vial4,29,29.879265969059976
66,id7,477.5,155.5,vial4,29,29.879265969059976
67,id7,476.5,153.0,vial4,29,29.879265969059976
68,id7,475.5,151.0,vial4,29,29.879265969059976
69,id7,474.0,149.0,vial4,29,29.879265969059976
70,id7,473.0,147.0,vial4,29,29.879265969059976
71,id7,472.0,145.0,vial4,29,29.879265969059976
72,id7,470.0,143.0,vial4,29,29.879265969059976
73,id7,469.0,141.0,vial4,29,29.879265969059976
74,id7,467.0,139.5,vial4,29,29.879265969059976
75,id7,466.0,138.0,vial4,29,29.879265969059976
76,id7,464.0,136.0,vial4,29,29.879265969059976
77,id7,463.5,134.0,vial4,29,29.879265969059976
78,id7,463.0,132.0,vial4,29,29.879265969059976
79,id7,462.5,129.5,vial4,29,29.879265969059976
80,id7,462.5,126.5,vial4,29,29.879265969059976
81,id7,462.5,123.5,vial4,29,29.879265969059976
82,id7,462.5,120.5,vial4,29,29.879265969059976
83,id7,462.5,117.5,vial4,29,29.879265969059976
84,id7,462.5,114.5,vial4,29,29.879265969059976
85,id7,462.5,112.5,vial4,29,29.879265969059976
86,id7,461.5,109.5,vial4,29,29.879265969059976
87,id7,462.0,106.5,vial4,29,29.879265969059976
88,id7,461.5,103.5,vial4,29,29.879265969059976
89,id7,461.5,100.5,vial4,29,29.879265969059976
90,id7,461.5,97.5,vial4,29,29.879265969059976
91,id7,461.5,95.0,vial4,29,29.879265969059976
92,id7,461.5,92.0,vial4,29,29.879265969059976
93,id7,461.0,89.0,vial4,29,29.879265969059976
94,id7,460.5,85.5,vial4,29,29.879265969059976
95,id7,459.5,82.5,vial4,29,29.879265969059976
96,id7,458.5,79.5,vial4,29,29.879265969059976
97,id7,457.5,76.5,vial4,29,29.879265969059976
98,id7,455.5,73.5,vial4,29,29.879265969059976
99,id7,455.5,70.5,vial4,29,29.879265969059976
100,id7,454.5,68.5,vial4,29,29.879265969059976
101,id7,453.5,65.5,vial4,29,29.879265969059976
102,id7,452.0,62.5,vial4,29,29.879265969059976
103,id7,451.5,58.5,vial4,29,29.879265969059976
104,id7,450.5,56.0,vial4,29,29.879265969059976
105,id7,449.5,53.5,vial4,29,29.879265969059976
106,id7,448.5,50.5,vial4,29,29.879265969059976
107,id7,447.5,48.5,vial4,29,29.879265969059976
108,id7,446.5,45.5,vial4,29,29.879265969059976
109,id7,446.5,42.5,vial4,29,29.879265969059976
110,id7,445.5,39.5,vial4,29,29.879265969059976
111,id7,445.5,36.5,vial4,29,29.879265969059976
112,id7,444.5,34.0,vial4,29,29.879265969059976
113,id7,444.5,31.5,vial4,29,29.879265969059976
114,id7,444.5,28.5,vial4,29,29.879265969059976
115,id7,444.5,25.5,vial4,29,29.879265969059976
116,id7,444.5,22.5,vial4,29,29.879265969059976
117,id7,444.5,19.5,vial4,29,29.879265969059976
118,id7,445.5,16.5,vial4,29,29.879265969059976
119,id7,446.0,13.5,vial4,29,29.879265969059976
120,id7,447.0,11.5,vial4,29,29.879265969059976
121,id7,448.5,9.0,vial4,29,29.879265969059976
122,id7,450.5,7.0,vial4,29,29.879265969059976
123,id7,451.5,5.5,vial4,29,29.879265969059976
124,id7,452.0,5.0,vial4,29,29.879265969059976
132,id7,426.0,2.5,vial4,29,29.879265969059976
133,id7,426.0,2.5,vial4,29,29.879265969059976
134,id7,426.0,2.5,vial4,29,29.879265969059976
0,id8,732.5,330.0,vial6,44,29.879265969059976
1,id8,732.5,330.0,vial6,44,29.879265969059976
2,id8,732.5,330.0,vial6,44,29.879265969059976
3,id8,732.5,330.0,vial6,44,29.879265969059976
4,id8,732.5,330.0,vial6,44,29.879265969059976
5,id8,732.5,330.0,vial6,44,29.879265969059976
6,id8,732.5,329.0,vial6,44,29.879265969059976
7,id8,734.0,327.0,vial6,44,29.879265969059976
8,id8,735.0,325.5,vial6,44,29.879265969059976
9,id8,737.0,323.5,vial6,44,29.879265969059976
10,id8,739.0,322.0,vial6,44,29.879265969059976
11,id8,741.0,321.0,vial6,44,29.879265969059976
12,id8,742.0,320.0,vial6,44,29.879265969059976
13,id8,743.5,319.0,vial6,44,29.879265969059976
14,id8,744.5,317.5,vial6,44,29.879265969059976
15,id8,745.5,316.0,vial6,44,29.879265969059976
16,id8,745.5,312.5,vial6,44,29.879265969059976
17,id8,745.5,309.5,vial6,44,29.879265969059976
18,id8,745.5,306.5,vial6,44,29.879265969059976
19,id8,745.5,304.5,vial6,44,29.879265969059976
20,id8,745.5,301.5,vial6,44,29.879265969059976
21,id8,745.5,300.5,vial6,44,29.879265969059976
22,id8,745.0,298.5,vial6,44,29.879265969059976
23,id8,745.0,297.5,vial6,44,29.879265969059976
24,id8,745.0,296.5,vial6,44,29.879265969059976
25,id8,745.0,296.5,vial6,44,29.879265969059976
26,id8,745.0,296.5,vial6,44,29.879265969059976
27,id8,745.0,296.5,vial6,44,29.879265969059976
28,id8,744.0,295.0,vial6,44,29.879265969059976
29,id8,743.0,293.5,vial6,44,29.879265969059976
30,id8,742.0,291.5,vial6,44,29.879265969059976
31,id8,740.5,290.0,vial6,44,29.879265969059976
32,id8,739.5,288.5,vial6,44,29.879265969059976
33,id8,738.5,287.0,vial6,44,29.879265969059976
34,id8,736.5,285.5,vial6,44,29.879265969059976
35,id8,735.0,283.5,vial6,44,29.879265969059976
36,id8,732.5,282.0,vial6,44,29.879265969059976
37,id8,730.5,279.0,vial6,44,29.879265969059976
38,id8,728.0,278.0,vial6,44,29.879265969059976
39,id8,727.0,277.0,vial6,44,29.879265969059976
40,id8,725.5,276.5,vial6,44,29.879265969059976
41,id8,725.0,276.0,vial6,44,29.879265969059976
42,id8,724.0,275.0,vial6,44,29.879265969059976
43,id8,722.5,272.5,vial6,44,29.879265969059976
44,id8,721.5,270.0,vial6,44,29.879265969059976
45,id8,721.0,267.0,vial6,44,29.879265969059976
46,id8,720.0,264.0,vial6,44,29.879265969059976
47,id8,719.0,261.0,vial6,44,29.879265969059976
48,id8,717.5,259.0,vial6,44,29.879265969059976
49,id8,716.0,255.0,vial6,44,29.879265969059976
50,id8,714.0,253.0,vial6,44,29.879265969059976
51,id8,712.5,250.0,vial6,44,29.879265969059976
52,id8,710.5,247.0,vial6,44,29.879265969059976
53,id8,708.5,244.0,vial6,44,29.879265969059976
54,id8,706.0,241.0,vial6,44,29.879265969059976
55,id8,704.0,238.0,vial6,44,29.879265969059976
56,id8,702.0,235.5,vial6,44,29.879265969059976
57,id8,700.0,233.5,vial6,44,29.879265969059976
58,id8,698.5,230.5,vial6,44,29.879265969059976
59,id8,696.0,228.5,vial6,44,29.879265969059976
60,id8,694.5,226.5,vial6,44,29.879265969059976
61,id8,693.0,224.5,vial6,44,29.879265969059976
62,id8,691.5,223.0,vial6,44,29.879265969059976
63,id8,689.5,221.5,vial6,44,29.879265969059976
64,id8,688.5,220.0,vial6,44,29.879265969059976
65,id8,686.5,219.0,vial6,44,29.879265969059976
66,id8,684.5,217.5,vial6,44,29.879265969059976
67,id8,682.5,217.5,vial6,44,29.879265969059976
68,id8,681.0,219.5,vial6,44,29.879265969059976
69,id8,681.0,218.5,vial6,44,29.879265969059976
70,id8,681.0,218.5,vial6,44,29.879265969059976
71,id8,681.0,218.5,vial6,44,29.879265969059976
72,id8,681.0,218.5,vial6,44,29.879265969059976
73,id8,681.0,218.5,vial6,44,29.879265969059976
74,id8,681.0,218.5,vial6,44,29.879265969059976
75,id8,681.0,218.5,vial6,44,29.879265969059976
76,id8,681.0,218.5,vial6,44,29.879265969059976
77,id8,681.0,218.5,vial6,44,29.879265969059976
78,id8,681.0,218.5,vial6,44,29.879265969059976
79,id8,681.0,218.5,vial6,44,29.879265969059976
80,id8,681.0,218.5,vial6,44,29.879265969059976
81,id8,681.0,218.5,vial6,44,29.879265969059976
82,id8,681.0,218.5,vial6,44,29.879265969059976
83,id8,681.0,218.5,vial6,44,29.879265969059976
84,id8,681.0,218.5,vial6,44,29.879265969059976
85,id8,681.0,218.5,vial6,44,29.879265969059976
86,id8,681.0,218.5,vial6,44,29.879265969059976
87,id8,681.0,218.5,vial6,44,29.879265969059976
88,id8,681.0,218.5,vial6,44,29.879265969059976
89,id8,681.0,218.5,vial6,44,29.879265969059976
90,id8,681.0,218.5,vial6,44,29.879265969059976
91,id8,681.0,218.5,vial6,44,29.879265969059976
92,id8,681.0,218.5,vial6,44,29.879265969059976
93,id8,681.0,218.5,vial6,44,29.879265969059976
94,id8,681.0,218.5,vial6,44,29.879265969059976
95,id8,681.0,218.5,vial6,44,29.879265969059976
96,id8,681.0,218.5,vial6,44,29.879265969059976
97,id8,680.5,218.5,vial6,44,29.879265969059976
98,id8,680.5,217.5,vial6,44,29.879265969059976
99,id8,679.0,216.0,vial6,44,29.879265969059976
100,id8,678.0,214.5,vial6,44,29.879265969059976
101,id8,677.0,212.5,vial6,44,29.879265969059976
102,id8,676.0,211.0,vial6,44,29.879265969059976
103,id8,675.5,209.5,vial6,44,29.879265969059976
104,id8,674.5,207.5,vial6,44,29.879265969059976
105,id8,674.5,205.0,vial6,44,29.879265969059976
106,id8,673.5,203.0,vial6,44,29.879265969059976
107,id8,673.5,202.0,vial6,44,29.879265969059976
108,id8,674.0,200.0,vial6,44,29.879265969059976
109,id8,674.5,198.5,vial6,44,29.879265969059976
110,id8,674.5,197.0,vial6,44,29.879265969059976
111,id8,675.5,195.5,vial6,44,29.879265969059976
112,id8,676.5,194.0,vial6,44,29.879265969059976
113,id8,677.0,193.0,vial6,44,29.879265969059976
114,id8,677.5,192.0,vial6,44,29.879265969059976
115,id8,678.0,191.5,vial6,44,29.879265969059976
116,id8,679.5,191.0,vial6,44,29.879265969059976
117,id8,680.0,191.5,vial6,44,29.879265969059976
118,id8,681.0,192.5,vial6,44,29.879265969059976
119,id8,682.0,193.5,vial6,44,29.879265969059976
120,id8,683.5,194.5,vial6,44,29.879265969059976
121,id8,685.0,195.5,vial6,44,29.879265969059976
122,id8,686.5,194.5,vial6,44,29.879265969059976
123,id8,687.0,194.5,vial6,44,29.879265969059976
124,id8,688.5,194.5,vial6,44,29.879265969059976
125,id8,690.5,193.0,vial6,44,29.879265969059976
126,id8,692.0,191.0,vial6,44,29.879265969059976
127,id8,694.5,189.0,vial6,44,29.879265969059976
128,id8,697.0,187.0,vial6,44,29.879265969059976
129,id8,698.0,186.5,vial6,44,29.879265969059976
130,id8,701.0,185.5,vial6,44,29.879265969059976
131,id8,704.0,185.0,vial6,44,29.879265969059976
132,id8,707.0,183.5,vial6,44,29.879265969059976
133,id8,709.0,183.0,vial6,44,29.879265969059976
134,id8,711.5,181.5,vial6,44,29.879265969059976
135,id8,714.5,181.0,vial6,44,29.879265969059976
136,id8,717.5,180.5,vial6,44,29.879265969059976
137,id8,720.0,180.5,vial6,44,29.879265969059976
138,id8,723.0,180.0,vial6,44,29.879265969059976
139,id8,725.0,179.5,vial6,44,29.879265969059976
140,id8,728.0,178.5,vial6,44,29.879265969059976
141,id8,730.0,178.0,vial6,44,29.879265969059976
142,id8,732.5,177.5,vial6,44,29.879265969059976
143,id8,735.0,176.5,vial6,44,29.879265969059976
144,id8,737.0,175.5,vial6,44,29.879265969059976
145,id8,738.5,175.0,vial6,44,29.879265969059976
146,id8,740.5,174.5,vial6,44,29.879265969059976
147,id8,741.5,173.5,vial6,44,29.879265969059976
148,id8,743.0,173.5,vial6,44,29.879265969059976
149,id8,744.0,172.5,vial6,44,29.879265969059976
150,id8,745.0,171.5,vial6,44,29.879265969059976
151,id8,745.5,171.5,vial6,44,29.879265969059976
152,id8,746.0,170.5,vial6,44,29.879265969059976
153,id8,746.5,170.5,vial6,44,29.879265969059976
154,id8,747.0,169.0,vial6,44,29.879265969059976
155,id8,747.0,167.0,vial6,44,29.879265969059976
156,id8,747.0,165.0,vial6,44,29.879265969059976
157,id8,746.5,164.0,vial6,44,29.879265969059976
158,id8,746.5,162.0,vial6,44,29.879265969059976
159,id8,746.0,161.0,vial6,44,29.879265969059976
160,id8,745.0,160.0,vial6,44,29.879265969059976
161,id8,744.0,159.5,vial6,44,29.879265969059976
162,id8,743.0,159.5,vial6,44,29.879265969059976
163,id8,741.5,159.5,vial6,44,29.879265969059976
164,id8,740.5,159.5,vial6,44,29.879265969059976
165,id8,739.0,160.5,vial6,44,29.879265969059976
166,id8,738.5,160.5,vial6,44,29.879265969059976
167,id8,737.0,160.5,vial6,44,29.879265969059976
168,id8,735.5,159.5,vial6,44,29.879265969059976
169,id8,735.0,158.0,vial6,44,29.879265969059976
170,id8,734.0,156.0,vial6,44,29.879265969059976
171,id8,732.5,154.5,vial6,44,29.879265969059976
172,id8,731.5,152.0,vial6,44,29.879265969059976
173,id8,730.0,150.5,vial6,44,29.879265969059976
174,id8,728.5,148.5,vial6,44,29.879265969059976
175,id8,727.5,146.5,vial6,44,29.879265969059976
176,id8,726.5,145.0,vial6,44,29.879265969059976
177,id8,725.0,143.5,vial6,44,29.879265969059976
178,id8,724.0,141.0,vial6,44,29.879265969059976
179,id8,721.5,139.5,vial6,44,29.879265969059976
180,id8,720.0,137.0,vial6,44,29.879265969059976
181,id8,718.0,135.5,vial6,44,29.879265969059976
182,id8,716.0,133.0,vial6,44,29.879265969059976
183,id8,714.0,130.5,vial6,44,29.879265969059976
184,id8,712.5,129.5,vial6,44,29.879265969059976
185,id8,711.5,128.5,vial6,44,29.879265969059976
186,id8,710.0,127.5,vial6,44,29.879265969059976
187,id8,709.0,126.5,vial6,44,29.879265969059976
188,id8,708.0,125.5,vial6,44,29.879265969059976
189,id8,707.5,125.0,vial6,44,29.879265969059976
190,id8,707.0,124.5,vial6,44,29.879265969059976
191,id8,707.5,124.5,vial6,44,29.879265969059976
192,id8,707.5,124.5,vial6,44,29.879265969059976
193,id8,707.5,124.5,vial6,44,29.879265969059976
194,id8,699.5,118.0,vial6,44,29.879265969059976
195,id8,681.0,111.0,vial6,44,29.879265969059976
196,id8,695.0,115.0,vial6,44,29.879265969059976
197,id8,707.5,109.0,vial6,44,29.879265969059976
198,id8,701.0,111.5,vial6,44,29.879265969059976
199,id8,700.5,113.0,vial6,44,29.879265969059976
200,id8,700.5,113.0,vial6,44,29.879265969059976
201,id8,700.5,113.0,vial6,44,29.879265969059976
202,id8,700.5,113.0,vial6,44,29.879265969059976
203,id8,700.5,113.0,vial6,44,29.879265969059976
204,id8,700.5,113.0,vial6,44,29.879265969059976
205,id8,700.5,113.0,vial6,44,29.879265969059976
206,id8,700.5,113.0,vial6,44,29.879265969059976
207,id8,702.5,112.5,vial6,44,29.879265969059976
208,id8,703.5,112.5,vial6,44,29.879265969059976
209,id8,705.0,111.5,vial6,44,29.879265969059976
210,id8,706.5,111.5,vial6,44,29.879265969059976
211,id8,707.0,111.0,vial6,44,29.879265969059976
212,id8,708.0,110.5,vial6,44,29.879265969059976
213,id8,709.0,110.5,vial6,44,29.879265969059976
214,id8,711.5,110.0,vial6,44,29.879265969059976
215,id8,713.5,110.0,vial6,44,29.879265969059976
216,id8,716.5,111.5,vial6,44,29.879265969059976
217,id8,719.0,112.0,vial6,44,29.879265969059976
218,id8,721.5,112.0,vial6,44,29.879265969059976
219,id8,724.0,112.0,vial6,44,29.879265969059976
220,id8,725.5,112.0,vial6,44,29.879265969059976
221,id8,727.0,111.5,vial6,44,29.879265969059976
222,id8,728.0,111.0,vial6,44,29.879265969059976
223,id8,731.0,110.5,vial6,44,29.879265969059976
224,id8,733.0,109.5,vial6,44,29.879265969059976
225,id8,735.5,108.0,vial6,44,29.879265969059976
226,id8,737.5,107.5,vial6,44,29.879265969059976
227,id8,739.5,106.5,vial6,44,29.879265969059976
228,id8,741.0,106.5,vial6,44,29.879265969059976
229,id8,742.0,105.5,vial6,44,29.879265969059976
230,id8,743.5,105.5,vial6,44,29.879265969059976
231,id8,744.0,103.5,vial6,44,29.879265969059976
232,id8,745.0,102.5,vial6,44,29.879265969059976
233,id8,745.5,101.5,vial6,44,29.879265969059976
234,id8,746.0,99.5,vial6,44,29.879265969059976
235,id8,746.5,97.5,vial6,44,29.879265969059976
236,id8,746.5,96.0,vial6,44,29.879265969059976
237,id8,746.5,95.0,vial6,44,29.879265969059976
238,id8,747.0,93.0,vial6,44,29.879265969059976
239,id8,746.5,92.0,vial6,44,29.879265969059976
240,id8,746.5,91.0,vial6,44,29.879265969059976
241,id8,746.0,90.0,vial6,44,29.879265969059976
242,id8,746.0,88.0,vial6,44,29.879265969059976
243,id8,744.5,87.5,vial6,44,29.879265969059976
244,id8,743.0,87.5,vial6,44,29.879265969059976
245,id8,741.0,87.5,vial6,44,29.879265969059976
246,id8,739.5,87.5,vial6,44,29.879265969059976
247,id8,738.0,86.5,vial6,44,29.879265969059976
248,id8,735.5,86.0,vial6,44,29.879265969059976
249,id8,733.5,85.0,vial6,44,29.879265969059976
250,id8,731.5,84.5,vial6,44,29.879265969059976
251,id8,729.5,83.5,vial6,44,29.879265969059976
252,id8,726.5,82.5,vial6,44,29.879265969059976
253,id8,725.0,81.5,vial6,44,29.879265969059976
254,id8,724.0,79.5,vial6,44,29.879265969059976
255,id8,723.5,79.5,vial6,44,29.879265969059976
256,id8,723.5,79.0,vial6,44,29.879265969059976
257,id8,723.5,79.0,vial6,44,29.879265969059976
258,id8,723.0,79.0,vial6,44,29.879265969059976
259,id8,723.0,79.5,vial6,44,29.879265969059976
260,id8,723.0,79.5,vial6,44,29.879265969059976
261,id8,723.5,79.5,vial6,44,29.879265969059976
262,id8,723.5,79.5,vial6,44,29.879265969059976
263,id8,722.5,78.0,vial6,44,29.879265969059976
264,id8,722.5,78.0,vial6,44,29.879265969059976
265,id8,722.0,77.0,vial6,44,29.879265969059976
266,id8,721.5,76.0,vial6,44,29.879265969059976
267,id8,721.5,75.0,vial6,44,29.879265969059976
268,id8,721.0,74.0,vial6,44,29.879265969059976
269,id8,720.5,72.0,vial6,44,29.879265969059976
270,id8,719.5,70.0,vial6,44,29.879265969059976
271,id8,718.5,69.0,vial6,44,29.879265969059976
272,id8,718.0,68.0,vial6,44,29.879265969059976
273,id8,718.0,68.0,vial6,44,29.879265969059976
274,id8,698.5,44.5,vial6,44,29.879265969059976
275,id8,700.0,32.0,vial6,44,29.879265969059976
276,id8,712.5,38.5,vial6,44,29.879265969059976
277,id8,705.0,51.5,vial6,44,29.879265969059976
278,id8,689.5,61.0,vial6,44,29.879265969059976
279,id8,680.0,74.5,vial6,44,29.879265969059976
280,id8,679.5,76.0,vial6,44,29.879265969059976
281,id8,679.5,75.0,vial6,44,29.879265969059976
282,id8,679.5,75.0,vial6,44,29.879265969059976
283,id8,679.5,75.0,vial6,44,29.879265969059976
284,id8,679.5,75.0,vial6,44,29.879265969059976
285,id8,679.5,75.0,vial6,44,29.879265969059976
286,id8,679.5,75.0,vial6,44,29.879265969059976
287,id8,679.5,75.0,vial6,44,29.879265969059976
288,id8,679.5,75.0,vial6,44,29.879265969059976
289,id8,679.5,75.0,vial6,44,29.879265969059976
290,id8,679.5,75.0,vial6,44,29.879265969059976
291,id8,679.5,75.0,vial6,44,29.879265969059976
292,id8,680.0,75.0,vial6,44,29.879265969059976
293,id8,680.0,74.0,vial6,44,29.879265969059976
294,id8,680.5,72.5,vial6,44,29.879265969059976
295,id8,680.5,71.5,vial6,44,29.879265969059976
296,id8,681.0,69.0,vial6,44,29.879265969059976
297,id8,681.5,65.5,vial6,44,29.879265969059976
298,id8,682.5,62.0,vial6,44,29.879265969059976
299,id8,682.0,58.5,vial6,44,29.879265969059976
300,id8,682.5,55.5,vial6,44,29.879265969059976
301,id8,682.0,52.5,vial6,44,29.879265969059976
302,id8,682.5,49.5,vial6,44,29.879265969059976
303,id8,681.5,46.5,vial6,44,29.879265969059976
304,id8,681.5,42.5,vial6,44,29.879265969059976
305,id8,681.0,39.0,vial6,44,29.879265969059976
306,id8,680.0,36.0,vial6,44,29.879265969059976
307,id8,679.5,33.5,vial6,44,29.879265969059976
0,id9,473.5,375.5,vial4,25,29.879265969059976
1,id9,472.5,375.5,vial4,25,29.879265969059976
2,id9,471.0,375.5,vial4,25,29.879265969059976
3,id9,470.0,374.5,vial4,25,29.879265969059976
4,id9,467.0,374.5,vial4,25,29.879265969059976
5,id9,465.5,375.5,vial4,25,29.879265969059976
6,id9,464.0,375.0,vial4,25,29.879265969059976
7,id9,463.0,375.5,vial4,25,29.879265969059976
8,id9,462.0,375.5,vial4,25,29.879265969059976
9,id9,460.0,375.5,vial4,25,29.879265969059976
10,id9,459.5,375.5,vial4,25,29.879265969059976
11,id9,459.5,375.5,vial4,25,29.879265969059976
12,id9,459.0,375.5,vial4,25,29.879265969059976
13,id9,459.5,375.5,vial4,25,29.879265969059976
14,id9,459.0,375.5,vial4,25,29.879265969059976
15,id9,454.5,367.5,vial4,25,29.879265969059976
16,id9,419.0,328.5,vial4,25,29.879265969059976
17,id9,420.5,329.5,vial4,25,29.879265969059976
18,id9,418.5,337.5,vial4,25,29.879265969059976
19,id9,419.0,340.0,vial4,25,29.879265969059976
20,id9,418.0,339.5,vial4,25,29.879265969059976
21,id9,417.0,338.5,vial4,25,29.879265969059976
22,id9,416.0,336.5,vial4,25,29.879265969059976
23,id9,415.0,335.0,vial4,25,29.879265969059976
24,id9,413.5,333.5,vial4,25,29.879265969059976
25,id9,413.0,332.5,vial4,25,29.879265969059976
26,id9,412.0,333.0,vial4,25,29.879265969059976
27,id9,411.5,331.0,vial4,25,29.879265969059976
28,id9,411.5,331.0,vial4,25,29.879265969059976
29,id9,411.5,330.0,vial4,25,29.879265969059976
30,id9,411.0,329.0,vial4,25,29.879265969059976
31,id9,411.0,327.5,vial4,25,29.879265969059976
32,id9,411.5,327.5,vial4,25,29.879265969059976
33,id9,413.0,327.5,vial4,25,29.879265969059976
34,id9,414.0,326.5,vial4,25,29.879265969059976
35,id9,415.5,326.5,vial4,25,29.879265969059976
36,id9,416.0,326.5,vial4,25,29.879265969059976
37,id9,417.0,325.5,vial4,25,29.879265969059976
38,id9,418.0,324.5,vial4,25,29.879265969059976
39,id9,418.5,324.0,vial4,25,29.879265969059976
40,id9,418.0,322.0,vial4,25,29.879265969059976
41,id9,418.5,319.5,vial4,25,29.879265969059976
42,id9,418.5,317.5,vial4,25,29.879265969059976
43,id9,418.5,314.5,vial4,25,29.879265969059976
44,id9,418.5,311.0,vial4,25,29.879265969059976
45,id9,418.0,307.5,vial4,25,29.879265969059976
46,id9,418.5,303.5,vial4,25,29.879265969059976
47,id9,417.5,300.5,vial4,25,29.879265969059976
48,id9,417.5,297.0,vial4,25,29.879265969059976
49,id9,416.5,293.5,vial4,25,29.879265969059976
50,id9,416.5,290.5,vial4,25,29.879265969059976
51,id9,416.0,287.5,vial4,25,29.879265969059976
52,id9,415.5,284.5,vial4,25,29.879265969059976
53,id9,414.5,281.5,vial4,25,29.879265969059976
54,id9,413.5,279.0,vial4,25,29.879265969059976
55,id9,412.5,277.5,vial4,25,29.879265969059976
56,id9,411.5,275.5,vial4,25,29.879265969059976
57,id9,411.0,275.0,vial4,25,29.879265969059976
58,id9,410.5,275.0,vial4,25,29.879265969059976
59,id9,410.5,275.0,vial4,25,29.879265969059976
60,id9,410.0,275.0,vial4,25,29.879265969059976
61,id9,411.0,274.0,vial4,25,29.879265969059976
62,id9,411.0,273.0,vial4,25,29.879265969059976
63,id9,412.5,272.5,vial4,25,29.879265969059976
64,id9,414.0,272.0,vial4,25,29.879265969059976
65,id9,415.5,271.0,vial4,25,29.879265969059976
66,id9,417.5,270.0,vial4,25,29.879265969059976
67,id9,419.0,269.0,vial4,25,29.879265969059976
68,id9,422.0,268.5,vial4,25,29.879265969059976
69,id9,424.0,267.5,vial4,25,29.879265969059976
70,id9,426.5,267.5,vial4,25,29.879265969059976
71,id9,428.5,266.5,vial4,25,29.879265969059976
72,id9,432.0,266.5,vial4,25,29.879265969059976
73,id9,434.5,266.5,vial4,25,29.879265969059976
74,id9,436.5,265.5,vial4,25,29.879265969059976
75,id9,438.0,265.5,vial4,25,29.879265969059976
76,id9,440.0,264.5,vial4,25,29.879265969059976
77,id9,441.0,263.5,vial4,25,29.879265969059976
78,id9,442.0,263.5,vial4,25,29.879265969059976
79,id9,443.0,263.0,vial4,25,29.879265969059976
80,id9,444.0,262.5,vial4,25,29.879265969059976
81,id9,443.5,262.0,vial4,25,29.879265969059976
82,id9,444.0,261.5,vial4,25,29.879265969059976
83,id9,445.0,261.0,vial4,25,29.879265969059976
84,id9,445.5,260.0,vial4,25,29.879265969059976
85,id9,446.0,259.5,vial4,25,29.879265969059976
86,id9,446.0,259.5,vial4,25,29.879265969059976
87,id9,446.0,259.5,vial4,25,29.879265969059976
88,id9,446.0,259.5,vial4,25,29.879265969059976
89,id9,446.0,259.5,vial4,25,29.879265969059976
90,id9,446.0,259.5,vial4,25,29.879265969059976
91,id9,446.0,259.5,vial4,25,29.879265969059976
92,id9,451.5,255.0,vial4,25,29.879265969059976
93,id9,473.5,229.0,vial4,25,29.879265969059976
94,id9,478.5,219.0,vial4,25,29.879265969059976
95,id9,478.5,217.5,vial4,25,29.879265969059976
96,id9,478.5,218.0,vial4,25,29.879265969059976
97,id9,478.5,218.0,vial4,25,29.879265969059976
98,id9,478.5,218.0,vial4,25,29.879265969059976
99,id9,478.5,217.5,vial4,25,29.879265969059976
100,id9,478.5,217.5,vial4,25,29.879265969059976
101,id9,478.5,218.0,vial4,25,29.879265969059976
102,id9,479.5,217.5,vial4,25,29.879265969059976
103,id9,480.5,217.5,vial4,25,29.879265969059976
104,id9,480.5,216.5,vial4,25,29.879265969059976
105,id9,481.5,216.5,vial4,25,29.879265969059976
106,id9,481.5,216.5,vial4,25,29.879265969059976
107,id9,481.5,216.5,vial4,25,29.879265969059976
108,id9,481.5,215.5,vial4,25,29.879265969059976
109,id9,481.5,215.5,vial4,25,29.879265969059976
110,id9,480.0,215.5,vial4,25,29.879265969059976
111,id9,479.0,215.5,vial4,25,29.879265969059976
112,id9,477.5,214.5,vial4,25,29.879265969059976
113,id9,476.0,214.5,vial4,25,29.879265969059976
114,id9,473.0,213.5,vial4,25,29.879265969059976
115,id9,471.5,212.5,vial4,25,29.879265969059976
116,id9,468.5,211.5,vial4,25,29.879265969059976
117,id9,466.5,210.5,vial4,25,29.879265969059976
118,id9,463.5,209.5,vial4,25,29.879265969059976
119,id9,461.5,208.5,vial4,25,29.879265969059976
120,id9,459.0,206.5,vial4,25,29.879265969059976
121,id9,457.0,204.5,vial4,25,29.879265969059976
122,id9,454.5,202.5,vial4,25,29.879265969059976
123,id9,452.5,201.5,vial4,25,29.879265969059976
124,id9,450.0,199.5,vial4,25,29.879265969059976
125,id9,448.5,198.5,vial4,25,29.879265969059976
126,id9,446.5,197.0,vial4,25,29.879265969059976
127,id9,444.0,195.5,vial4,25,29.879265969059976
128,id9,443.0,195.0,vial4,25,29.879265969059976
129,id9,441.0,194.0,vial4,25,29.879265969059976
130,id9,440.0,193.0,vial4,25,29.879265969059976
131,id9,438.5,192.0,vial4,25,29.879265969059976
132,id9,437.0,191.5,vial4,25,29.879265969059976
133,id9,436.0,191.5,vial4,25,29.879265969059976
134,id9,436.0,191.0,vial4,25,29.879265969059976
135,id9,436.0,190.5,vial4,25,29.879265969059976
136,id9,436.0,190.5,vial4,25,29.879265969059976
137,id9,436.0,190.5,vial4,25,29.879265969059976
138,id9,436.0,190.5,vial4,25,29.879265969059976
139,id9,436.0,190.5,vial4,25,29.879265969059976
140,id9,436.0,190.5,vial4,25,29.879265969059976
141,id9,434.5,185.0,vial4,25,29.879265969059976
142,id9,422.0,165.5,vial4,25,29.879265969059976
143,id9,414.0,161.0,vial4,25,29.879265969059976
144,id9,414.0,161.0,vial4,25,29.879265969059976
145,id9,414.0,161.0,vial4,25,29.879265969059976
146,id9,414.0,160.5,vial4,25,29.879265969059976
147,id9,414.0,160.5,vial4,25,29.879265969059976
148,id9,414.0,160.5,vial4,25,29.879265969059976
149,id9,414.5,160.5,vial4,25,29.879265969059976
150,id9,415.5,160.0,vial4,25,29.879265969059976
151,id9,417.0,159.5,vial4,25,29.879265969059976
152,id9,419.0,158.5,vial4,25,29.879265969059976
153,id9,421.0,158.5,vial4,25,29.879265969059976
154,id9,423.0,158.5,vial4,25,29.879265969059976
155,id9,424.5,157.5,vial4,25,29.879265969059976
156,id9,426.5,158.5,vial4,25,29.879265969059976
157,id9,428.0,160.0,vial4,25,29.879265969059976
158,id9,430.5,163.0,vial4,25,29.879265969059976
159,id9,433.0,164.0,vial4,25,29.879265969059976
160,id9,435.0,166.0,vial4,25,29.879265969059976
161,id9,438.5,168.0,vial4,25,29.879265969059976
162,id9,442.0,170.0,vial4,25,29.879265969059976
163,id9,444.0,171.0,vial4,25,29.879265969059976
164,id9,447.0,172.5,vial4,25,29.879265969059976
165,id9,450.0,173.5,vial4,25,29.879265969059976
166,id9,453.0,175.0,vial4,25,29.879265969059976
167,id9,455.5,175.5,vial4,25,29.879265969059976
168,id9,458.5,176.5,vial4,25,29.879265969059976
169,id9,461.5,177.0,vial4,25,29.879265969059976
170,id9,464.0,178.0,vial4,25,29.879265969059976
171,id9,467.0,178.5,vial4,25,29.879265969059976
172,id9,470.0,178.5,vial4,25,29.879265969059976
173,id9,472.0,179.5,vial4,25,29.879265969059976
174,id9,474.0,180.5,vial4,25,29.879265969059976
175,id9,476.0,182.0,vial4,25,29.879265969059976
176,id9,477.0,184.0,vial4,25,29.879265969059976
177,id9,478.0,186.5,vial4,25,29.879265969059976
178,id9,479.5,188.5,vial4,25,29.879265969059976
179,id9,480.5,191.5,vial4,25,29.879265969059976
180,id9,481.0,193.5,vial4,25,29.879265969059976
181,id9,481.5,195.5,vial4,25,29.879265969059976
182,id9,481.5,197.5,vial4,25,29.879265969059976
183,id9,481.5,199.0,vial4,25,29.879265969059976
184,id9,481.5,199.5,vial4,25,29.879265969059976
185,id9,481.0,199.0,vial4,25,29.879265969059976
186,id9,480.0,198.5,vial4,25,29.879265969059976
187,id9,478.5,197.5,vial4,25,29.879265969059976
188,id9,477.5,197.5,vial4,25,29.879265969059976
189,id9,475.0,197.0,vial4,25,29.879265969059976
190,id9,473.0,196.5,vial4,25,29.879265969059976
191,id9,471.0,196.5,vial4,25,29.879265969059976
192,id9,467.5,196.5,vial4,25,29.879265969059976
193,id9,464.5,197.5,vial4,25,29.879265969059976
194,id9,461.5,197.5,vial4,25,29.879265969059976
195,id9,459.0,198.0,vial4,25,29.879265969059976
196,id9,456.0,198.5,vial4,25,29.879265969059976
197,id9,453.0,199.5,vial4,25,29.879265969059976
198,id9,449.0,200.5,vial4,25,29.879265969059976
199,id9,445.5,201.0,vial4,25,29.879265969059976
200,id9,442.0,201.5,vial4,25,29.879265969059976
201,id9,438.0,202.5,vial4,25,29.879265969059976
202,id9,435.0,203.5,vial4,25,29.879265969059976
203,id9,431.5,204.5,vial4,25,29.879265969059976
204,id9,428.0,204.5,vial4,25,29.879265969059976
205,id9,425.0,205.5,vial4,25,29.879265969059976
206,id9,422.0,206.5,vial4,25,29.879265969059976
207,id9,420.0,206.5,vial4,25,29.879265969059976
208,id9,417.5,207.5,vial4,25,29.879265969059976
209,id9,415.5,208.5,vial4,25,29.879265969059976
210,id9,414.0,209.5,vial4,25,29.879265969059976
211,id9,412.5,210.0,vial4,25,29.879265969059976
212,id9,411.5,211.0,vial4,25,29.879265969059976
213,id9,411.0,212.0,vial4,25,29.879265969059976
214,id9,410.0,213.0,vial4,25,29.879265969059976
215,id9,410.0,214.0,vial4,25,29.879265969059976
216,id9,410.0,215.5,vial4,25,29.879265969059976
217,id9,410.0,215.5,vial4,25,29.879265969059976
218,id9,410.0,215.5,vial4,25,29.879265969059976
219,id9,410.0,215.5,vial4,25,29.879265969059976
220,id9,410.0,215.5,vial4,25,29.879265969059976
221,id9,410.0,215.5,vial4,25,29.879265969059976
222,id9,410.0,215.5,vial4,25,29.879265969059976
223,id9,410.0,215.5,vial4,25,29.879265969059976
224,id9,410.0,215.5,vial4,25,29.879265969059976
225,id9,410.0,215.5,vial4,25,29.879265969059976
226,id9,410.0,216.0,vial4,25,29.879265969059976
227,id9,410.0,216.0,vial4,25,29.879265969059976
228,id9,410.0,215.5,vial4,25,29.879265969059976
229,id9,410.5,215.5,vial4,25,29.879265969059976
230,id9,410.0,215.5,vial4,25,29.879265969059976
231,id9,410.0,215.5,vial4,25,29.879265969059976
232,id9,410.0,215.5,vial4,25,29.879265969059976
233,id9,410.0,216.0,vial4,25,29.879265969059976
234,id9,410.0,216.0,vial4,25,29.879265969059976
235,id9,410.0,216.0,vial4,25,29.879265969059976
236,id9,410.0,216.0,vial4,25,29.879265969059976
237,id9,410.0,216.0,vial4,25,29.879265969059976
238,id9,410.0,216.0,vial4,25,29.879265969059976
239,id9,410.5,216.0,vial4,25,29.879265969059976
240,id9,410.0,215.5,vial4,25,29.879265969059976
241,id9,410.0,216.0,vial4,25,29.879265969059976
242,id9,410.0,216.0,vial4,25,29.879265969059976
243,id9,410.0,216.0,vial4,25,29.879265969059976
244,id9,410.5,216.5,vial4,25,29.879265969059976
245,id9,410.5,216.5,vial4,25,29.879265969059976
246,id9,410.5,216.5,vial4,25,29.879265969059976
247,id9,410.5,216.5,vial4,25,29.879265969059976
248,id9,410.5,216.5,vial4,25,29.879265969059976
249,id9,410.5,216.5,vial4,25,29.879265969059976
250,id9,410.5,216.5,vial4,25,29.879265969059976
251,id9,410.0,216.5,vial4,25,29.879265969059976
252,id9,410.0,216.5,vial4,25,29.879265969059976
253,id9,410.0,216.5,vial4,25,29.879265969059976
254,id9,410.0,216.5,vial4,25,29.879265969059976
255,id9,410.0,216.5,vial4,25,29.879265969059976
256,id9,410.0,216.5,vial4,25,29.879265969059976
257,id9,410.0,216.5,vial4,25,29.879265969059976
258,id9,410.0,216.5,vial4,25,29.879265969059976
259,id9,410.0,216.5,vial4,25,29.879265969059976
260,id9,410.0,216.5,vial4,25,29.879265969059976
261,id9,410.5,216.5,vial4,25,29.879265969059976
262,id9,410.0,216.5,vial4,25,29.879265969059976
263,id9,410.0,216.5,vial4,25,29.879265969059976
264,id9,410.0,216.5,vial4,25,29.879265969059976
265,id9,410.5,216.5,vial4,25,29.879265969059976
266,id9,410.5,216.5,vial4,25,29.879265969059976
267,id9,410.0,216.5,vial4,25,29.879265969059976
268,id9,410.5,216.5,vial4,25,29.879265969059976
269,id9,410.5,216.5,vial4,25,29.879265969059976
270,id9,410.5,216.5,vial4,25,29.879265969059976
271,id9,411.0,216.5,vial4,25,29.879265969059976
272,id9,410.5,216.5,vial4,25,29.879265969059976
273,id9,410.0,216.5,vial4,25,29.879265969059976
274,id9,410.5,216.5,vial4,25,29.879265969059976
275,id9,410.5,216.5,vial4,25,29.879265969059976
276,id9,410.5,217.0,vial4,25,29.879265969059976
277,id9,410.0,216.5,vial4,25,29.879265969059976
278,id9,410.0,216.5,vial4,25,29.879265969059976
279,id9,410.0,217.0,vial4,25,29.879265969059976
280,id9,410.5,217.5,vial4,25,29.879265969059976
281,id9,411.0,218.5,vial4,25,29.879265969059976
282,id9,412.0,220.5,vial4,25,29.879265969059976
283,id9,413.0,222.0,vial4,25,29.879265969059976
284,id9,414.0,224.0,vial4,25,29.879265969059976
285,id9,415.0,226.5,vial4,25,29.879265969059976
286,id9,417.0,229.5,vial4,25,29.879265969059976
287,id9,418.0,232.0,vial4,25,29.879265969059976
288,id9,419.0,234.5,vial4,25,29.879265969059976
289,id9,420.5,237.0,vial4,25,29.879265969059976
290,id9,422.5,239.5,vial4,25,29.879265969059976
291,id9,425.0,242.0,vial4,25,29.879265969059976
292,id9,428.0,242.0,vial4,25,29.879265969059976
293,id9,431.5,242.5,vial4,25,29.879265969059976
294,id9,434.5,242.0,vial4,25,29.879265969059976
295,id9,437.5,242.0,vial4,25,29.879265969059976
296,id9,440.0,242.0,vial4,25,29.879265969059976
297,id9,443.5,242.0,vial4,25,29.879265969059976
298,id9,447.5,242.0,vial4,25,29.879265969059976
299,id9,450.5,243.5,vial4,25,29.879265969059976
300,id9,453.5,245.5,vial4,25,29.879265969059976
301,id9,456.0,247.0,vial4,25,29.879265969059976
302,id9,458.0,250.0,vial4,25,29.879265969059976
303,id9,459.5,252.5,vial4,25,29.879265969059976
304,id9,461.5,256.0,vial4,25,29.879265969059976
305,id9,463.0,259.5,vial4,25,29.879265969059976
306,id9,464.0,263.0,vial4,25,29.879265969059976
307,id9,466.0,266.5,vial4,25,29.879265969059976
