frame,orig_id,x,y,vial_id,ordered_id,fps
0,id1,425.5,165.0,vial4,27,29.884874268969998
1,id1,426.0,165.0,vial4,27,29.884874268969998
2,id1,425.0,165.0,vial4,27,29.884874268969998
3,id1,425.5,163.5,vial4,27,29.884874268969998
4,id1,426.5,161.0,vial4,27,29.884874268969998
5,id1,424.5,157.0,vial4,27,29.884874268969998
6,id1,424.5,154.0,vial4,27,29.884874268969998
7,id1,424.5,152.5,vial4,27,29.884874268969998
8,id1,424.0,152.0,vial4,27,29.884874268969998
9,id1,424.5,152.0,vial4,27,29.884874268969998
10,id1,424.5,152.0,vial4,27,29.884874268969998
11,id1,424.5,150.0,vial4,27,29.884874268969998
12,id1,424.5,148.0,vial4,27,29.884874268969998
13,id1,425.0,145.0,vial4,27,29.884874268969998
14,id1,424.5,142.0,vial4,27,29.884874268969998
15,id1,424.5,140.5,vial4,27,29.884874268969998
16,id1,425.0,138.0,vial4,27,29.884874268969998
17,id1,424.5,135.0,vial4,27,29.884874268969998
18,id1,425.0,132.0,vial4,27,29.884874268969998
19,id1,425.5,128.0,vial4,27,29.884874268969998
20,id1,425.5,125.0,vial4,27,29.884874268969998
21,id1,426.0,122.0,vial4,27,29.884874268969998
22,id1,426.5,119.0,vial4,27,29.884874268969998
23,id1,426.0,115.0,vial4,27,29.884874268969998
24,id1,426.0,112.0,vial4,27,29.884874268969998
25,id1,426.5,108.5,vial4,27,29.884874268969998
26,id1,426.5,106.0,vial4,27,29.884874268969998
27,id1,426.5,104.5,vial4,27,29.884874268969998
28,id1,426.5,103.5,vial4,27,29.884874268969998
29,id1,426.5,103.5,vial4,27,29.884874268969998
30,id1,427.0,102.0,vial4,27,29.884874268969998
31,id1,427.0,99.0,vial4,27,29.884874268969998
32,id1,425.5,96.5,vial4,27,29.884874268969998
33,id1,422.5,98.0,vial4,27,29.884874268969998
34,id1,423.5,97.5,vial4,27,29.884874268969998
35,id1,423.5,97.5,vial4,27,29.884874268969998
36,id1,423.5,97.0,vial4,27,29.884874268969998
37,id1,423.5,96.5,vial4,27,29.884874268969998
38,id1,423.5,96.5,vial4,27,29.884874268969998
39,id1,423.5,97.0,vial4,27,29.884874268969998
40,id1,423.5,96.5,vial4,27,29.884874268969998
41,id1,423.5,96.5,vial4,27,29.884874268969998
42,id1,423.5,96.5,vial4,27,29.884874268969998
43,id1,423.5,97.0,vial4,27,29.884874268969998
44,id1,423.5,96.5,vial4,27,29.884874268969998
45,id1,423.5,96.5,vial4,27,29.884874268969998
46,id1,423.5,96.5,vial4,27,29.884874268969998
47,id1,423.5,96.5,vial4,27,29.884874268969998
48,id1,423.5,96.5,vial4,27,29.884874268969998
49,id1,423.5,96.5,vial4,27,29.884874268969998
50,id1,423.5,96.5,vial4,27,29.884874268969998
51,id1,423.5,96.5,vial4,27,29.884874268969998
52,id1,423.5,96.5,vial4,27,29.884874268969998
53,id1,423.5,96.5,vial4,27,29.884874268969998
54,id1,423.5,96.5,vial4,27,29.884874268969998
55,id1,423.5,96.5,vial4,27,29.884874268969998
56,id1,423.5,96.5,vial4,27,29.884874268969998
57,id1,423.5,96.5,vial4,27,29.884874268969998
58,id1,423.0,96.5,vial4,27,29.884874268969998
59,id1,423.0,96.5,vial4,27,29.884874268969998
60,id1,423.5,96.5,vial4,27,29.884874268969998
61,id1,423.0,97.0,vial4,27,29.884874268969998
62,id1,423.0,97.0,vial4,27,29.884874268969998
63,id1,423.0,96.5,vial4,27,29.884874268969998
64,id1,423.5,96.5,vial4,27,29.884874268969998
65,id1,423.5,96.5,vial4,27,29.884874268969998
66,id1,423.5,97.0,vial4,27,29.884874268969998
67,id1,423.5,97.0,vial4,27,29.884874268969998
68,id1,423.5,97.0,vial4,27,29.884874268969998
69,id1,423.5,97.5,vial4,27,29.884874268969998
70,id1,423.5,97.5,vial4,27,29.884874268969998
71,id1,423.5,97.5,vial4,27,29.884874268969998
72,id1,423.5,97.5,vial4,27,29.884874268969998
73,id1,423.5,97.5,vial4,27,29.884874268969998
74,id1,423.5,97.5,vial4,27,29.884874268969998
75,id1,423.5,97.5,vial4,27,29.884874268969998
76,id1,423.5,97.5,vial4,27,29.884874268969998
77,id1,423.0,97.5,vial4,27,29.884874268969998
78,id1,423.0,97.5,vial4,27,29.884874268969998
79,id1,423.0,97.5,vial4,27,29.884874268969998
80,id1,423.0,97.5,vial4,27,29.884874268969998
81,id1,423.0,97.5,vial4,27,29.884874268969998
82,id1,423.0,97.5,vial4,27,29.884874268969998
83,id1,423.5,97.5,vial4,27,29.884874268969998
84,id1,423.0,96.5,vial4,27,29.884874268969998
85,id1,423.0,96.5,vial4,27,29.884874268969998
86,id1,423.0,96.5,vial4,27,29.884874268969998
87,id1,423.0,96.5,vial4,27,29.884874268969998
88,id1,423.0,96.5,vial4,27,29.884874268969998
89,id1,423.0,96.5,vial4,27,29.884874268969998
90,id1,423.5,97.0,vial4,27,29.884874268969998
91,id1,423.5,97.0,vial4,27,29.884874268969998
92,id1,423.5,97.5,vial4,27,29.884874268969998
93,id1,423.5,97.5,vial4,27,29.884874268969998
94,id1,423.0,97.5,vial4,27,29.884874268969998
95,id1,423.5,97.5,vial4,27,29.884874268969998
96,id1,423.5,98.0,vial4,27,29.884874268969998
97,id1,423.5,98.0,vial4,27,29.884874268969998
98,id1,423.0,98.0,vial4,27,29.884874268969998
99,id1,423.0,98.0,vial4,27,29.884874268969998
100,id1,423.5,97.5,vial4,27,29.884874268969998
101,id1,423.0,96.5,vial4,27,29.884874268969998
102,id1,422.5,95.5,vial4,27,29.884874268969998
103,id1,422.5,95.5,vial4,27,29.884874268969998
104,id1,422.5,95.5,vial4,27,29.884874268969998
105,id1,422.5,95.5,vial4,27,29.884874268969998
106,id1,422.5,95.5,vial4,27,29.884874268969998
107,id1,422.5,95.5,vial4,27,29.884874268969998
108,id1,422.5,96.0,vial4,27,29.884874268969998
109,id1,422.5,96.0,vial4,27,29.884874268969998
110,id1,422.5,96.5,vial4,27,29.884874268969998
111,id1,422.5,96.5,vial4,27,29.884874268969998
112,id1,422.5,96.5,vial4,27,29.884874268969998
113,id1,422.5,96.5,vial4,27,29.884874268969998
114,id1,422.5,96.5,vial4,27,29.884874268969998
115,id1,422.5,96.5,vial4,27,29.884874268969998
116,id1,423.0,95.5,vial4,27,29.884874268969998
117,id1,422.5,95.0,vial4,27,29.884874268969998
118,id1,422.5,94.5,vial4,27,29.884874268969998
119,id1,422.5,93.5,vial4,27,29.884874268969998
120,id1,422.5,93.0,vial4,27,29.884874268969998
121,id1,422.5,91.5,vial4,27,29.884874268969998
122,id1,422.0,90.5,vial4,27,29.884874268969998
123,id1,421.5,88.5,vial4,27,29.884874268969998
124,id1,421.5,87.0,vial4,27,29.884874268969998
125,id1,421.5,85.5,vial4,27,29.884874268969998
126,id1,420.5,84.0,vial4,27,29.884874268969998
127,id1,419.5,83.0,vial4,27,29.884874268969998
128,id1,417.5,82.5,vial4,27,29.884874268969998
129,id1,416.5,82.0,vial4,27,29.884874268969998
130,id1,415.0,82.0,vial4,27,29.884874268969998
131,id1,414.0,82.0,vial4,27,29.884874268969998
132,id1,412.0,82.0,vial4,27,29.884874268969998
133,id1,411.0,81.5,vial4,27,29.884874268969998
134,id1,409.5,81.0,vial4,27,29.884874268969998
135,id1,407.5,80.5,vial4,27,29.884874268969998
136,id1,406.5,80.0,vial4,27,29.884874268969998
137,id1,406.0,79.5,vial4,27,29.884874268969998
138,id1,406.0,78.0,vial4,27,29.884874268969998
139,id1,405.5,76.0,vial4,27,29.884874268969998
140,id1,405.5,74.0,vial4,27,29.884874268969998
141,id1,406.5,72.0,vial4,27,29.884874268969998
142,id1,406.5,70.0,vial4,27,29.884874268969998
143,id1,407.5,68.0,vial4,27,29.884874268969998
144,id1,407.5,65.0,vial4,27,29.884874268969998
145,id1,408.5,62.0,vial4,27,29.884874268969998
146,id1,409.0,60.0,vial4,27,29.884874268969998
147,id1,410.0,57.5,vial4,27,29.884874268969998
148,id1,410.5,55.0,vial4,27,29.884874268969998
149,id1,410.5,52.5,vial4,27,29.884874268969998
150,id1,411.0,49.0,vial4,27,29.884874268969998
151,id1,411.0,46.5,vial4,27,29.884874268969998
152,id1,410.5,44.0,vial4,27,29.884874268969998
153,id1,410.5,41.0,vial4,27,29.884874268969998
154,id1,410.0,38.5,vial4,27,29.884874268969998
155,id1,409.5,36.5,vial4,27,29.884874268969998
156,id1,408.5,34.0,vial4,27,29.884874268969998
157,id1,407.0,32.0,vial4,27,29.884874268969998
158,id1,406.0,30.0,vial4,27,29.884874268969998
159,id1,404.0,28.5,vial4,27,29.884874268969998
160,id1,403.0,26.5,vial4,27,29.884874268969998
161,id1,402.0,24.0,vial4,27,29.884874268969998
162,id1,400.5,22.5,vial4,27,29.884874268969998
163,id1,399.0,21.5,vial4,27,29.884874268969998
164,id1,397.5,19.0,vial4,27,29.884874268969998
165,id1,396.0,17.5,vial4,27,29.884874268969998
166,id1,394.5,15.5,vial4,27,29.884874268969998
167,id1,392.5,13.5,vial4,27,29.884874268969998
168,id1,391.5,12.0,vial4,27,29.884874268969998
169,id1,389.5,10.0,vial4,27,29.884874268969998
170,id1,387.5,7.5,vial4,27,29.884874268969998
171,id1,386.0,5.5,vial4,27,29.884874268969998
172,id1,385.5,4.0,vial4,27,29.884874268969998
173,id1,385.5,3.0,vial4,27,29.884874268969998
192,id1,366.0,2.0,vial4,27,29.884874268969998
193,id1,365.0,2.0,vial4,27,29.884874268969998
200,id1,362.5,2.5,vial4,27,29.884874268969998
201,id1,363.5,2.5,vial4,27,29.884874268969998
202,id1,363.0,2.0,vial4,27,29.884874268969998
0,id10,174.0,334.5,vial2,11,29.884874268969998
1,id10,174.5,334.5,vial2,11,29.884874268969998
2,id10,173.5,334.5,vial2,11,29.884874268969998
3,id10,173.0,334.5,vial2,11,29.884874268969998
4,id10,173.0,334.5,vial2,11,29.884874268969998
5,id10,172.5,334.5,vial2,11,29.884874268969998
6,id10,173.0,334.0,vial2,11,29.884874268969998
7,id10,173.0,334.0,vial2,11,29.884874268969998
8,id10,172.0,333.5,vial2,11,29.884874268969998
9,id10,172.5,333.5,vial2,11,29.884874268969998
10,id10,172.5,333.5,vial2,11,29.884874268969998
11,id10,172.5,333.5,vial2,11,29.884874268969998
12,id10,172.5,333.5,vial2,11,29.884874268969998
13,id10,173.0,333.5,vial2,11,29.884874268969998
14,id10,172.5,333.5,vial2,11,29.884874268969998
15,id10,172.5,334.0,vial2,11,29.884874268969998
16,id10,172.5,333.5,vial2,11,29.884874268969998
17,id10,172.5,333.5,vial2,11,29.884874268969998
18,id10,172.5,334.0,vial2,11,29.884874268969998
19,id10,172.5,334.0,vial2,11,29.884874268969998
20,id10,172.5,334.0,vial2,11,29.884874268969998
21,id10,172.5,334.0,vial2,11,29.884874268969998
22,id10,172.5,333.5,vial2,11,29.884874268969998
23,id10,173.0,333.5,vial2,11,29.884874268969998
24,id10,173.0,334.0,vial2,11,29.884874268969998
25,id10,174.0,333.5,vial2,11,29.884874268969998
26,id10,174.5,333.0,vial2,11,29.884874268969998
27,id10,175.5,333.0,vial2,11,29.884874268969998
28,id10,175.5,333.5,vial2,11,29.884874268969998
29,id10,174.5,334.0,vial2,11,29.884874268969998
30,id10,174.0,333.5,vial2,11,29.884874268969998
31,id10,173.5,333.5,vial2,11,29.884874268969998
32,id10,173.5,332.5,vial2,11,29.884874268969998
33,id10,174.0,332.5,vial2,11,29.884874268969998
34,id10,174.0,332.0,vial2,11,29.884874268969998
35,id10,173.0,331.5,vial2,11,29.884874268969998
36,id10,173.0,330.5,vial2,11,29.884874268969998
37,id10,171.5,329.5,vial2,11,29.884874268969998
38,id10,169.5,328.0,vial2,11,29.884874268969998
39,id10,168.5,326.5,vial2,11,29.884874268969998
40,id10,166.0,325.0,vial2,11,29.884874268969998
41,id10,164.5,323.5,vial2,11,29.884874268969998
42,id10,162.5,322.5,vial2,11,29.884874268969998
43,id10,162.0,322.5,vial2,11,29.884874268969998
44,id10,160.0,322.0,vial2,11,29.884874268969998
45,id10,158.0,322.0,vial2,11,29.884874268969998
46,id10,155.0,322.5,vial2,11,29.884874268969998
47,id10,153.0,323.5,vial2,11,29.884874268969998
48,id10,150.0,325.0,vial2,11,29.884874268969998
49,id10,149.0,326.5,vial2,11,29.884874268969998
50,id10,147.5,327.0,vial2,11,29.884874268969998
51,id10,146.5,328.0,vial2,11,29.884874268969998
52,id10,145.0,329.0,vial2,11,29.884874268969998
53,id10,143.0,330.0,vial2,11,29.884874268969998
54,id10,143.0,330.0,vial2,11,29.884874268969998
55,id10,143.0,330.0,vial2,11,29.884874268969998
56,id10,143.0,330.0,vial2,11,29.884874268969998
57,id10,143.0,330.0,vial2,11,29.884874268969998
58,id10,143.0,330.0,vial2,11,29.884874268969998
59,id10,143.0,330.0,vial2,11,29.884874268969998
60,id10,141.5,330.0,vial2,11,29.884874268969998
61,id10,140.5,330.5,vial2,11,29.884874268969998
62,id10,137.5,330.5,vial2,11,29.884874268969998
63,id10,135.5,331.5,vial2,11,29.884874268969998
64,id10,133.5,333.0,vial2,11,29.884874268969998
65,id10,132.5,334.0,vial2,11,29.884874268969998
66,id10,131.5,332.5,vial2,11,29.884874268969998
67,id10,130.0,331.5,vial2,11,29.884874268969998
68,id10,128.0,330.0,vial2,11,29.884874268969998
69,id10,127.5,329.5,vial2,11,29.884874268969998
70,id10,126.0,329.0,vial2,11,29.884874268969998
71,id10,124.5,329.5,vial2,11,29.884874268969998
72,id10,123.5,329.5,vial2,11,29.884874268969998
73,id10,123.0,330.0,vial2,11,29.884874268969998
74,id10,122.5,330.5,vial2,11,29.884874268969998
75,id10,122.0,331.0,vial2,11,29.884874268969998
76,id10,122.0,332.0,vial2,11,29.884874268969998
77,id10,122.0,333.5,vial2,11,29.884874268969998
78,id10,122.5,333.5,vial2,11,29.884874268969998
79,id10,122.5,334.0,vial2,11,29.884874268969998
80,id10,123.5,334.5,vial2,11,29.884874268969998
81,id10,124.0,334.0,vial2,11,29.884874268969998
82,id10,124.0,334.5,vial2,11,29.884874268969998
83,id10,125.0,335.0,vial2,11,29.884874268969998
84,id10,125.0,335.0,vial2,11,29.884874268969998
85,id10,126.0,334.5,vial2,11,29.884874268969998
86,id10,127.5,334.5,vial2,11,29.884874268969998
87,id10,128.5,334.5,vial2,11,29.884874268969998
88,id10,130.5,334.5,vial2,11,29.884874268969998
89,id10,132.5,334.5,vial2,11,29.884874268969998
90,id10,135.0,334.5,vial2,11,29.884874268969998
91,id10,137.0,335.0,vial2,11,29.884874268969998
92,id10,139.0,335.0,vial2,11,29.884874268969998
93,id10,139.5,335.0,vial2,11,29.884874268969998
94,id10,140.5,334.0,vial2,11,29.884874268969998
95,id10,140.0,333.0,vial2,11,29.884874268969998
96,id10,141.0,332.0,vial2,11,29.884874268969998
97,id10,143.0,331.0,vial2,11,29.884874268969998
98,id10,143.0,330.5,vial2,11,29.884874268969998
99,id10,143.0,330.5,vial2,11,29.884874268969998
100,id10,143.0,330.5,vial2,11,29.884874268969998
101,id10,144.0,330.0,vial2,11,29.884874268969998
102,id10,145.5,329.0,vial2,11,29.884874268969998
103,id10,146.5,328.0,vial2,11,29.884874268969998
104,id10,148.5,326.5,vial2,11,29.884874268969998
105,id10,150.0,325.5,vial2,11,29.884874268969998
106,id10,150.5,325.5,vial2,11,29.884874268969998
107,id10,152.0,325.0,vial2,11,29.884874268969998
108,id10,153.0,324.0,vial2,11,29.884874268969998
109,id10,153.5,324.0,vial2,11,29.884874268969998
110,id10,153.5,323.5,vial2,11,29.884874268969998
111,id10,153.5,323.5,vial2,11,29.884874268969998
112,id10,153.5,323.5,vial2,11,29.884874268969998
113,id10,153.5,323.5,vial2,11,29.884874268969998
114,id10,153.5,323.5,vial2,11,29.884874268969998
115,id10,153.0,323.5,vial2,11,29.884874268969998
116,id10,153.0,323.5,vial2,11,29.884874268969998
117,id10,153.0,323.5,vial2,11,29.884874268969998
118,id10,152.5,324.0,vial2,11,29.884874268969998
119,id10,152.0,324.0,vial2,11,29.884874268969998
120,id10,152.0,324.0,vial2,11,29.884874268969998
121,id10,152.0,324.0,vial2,11,29.884874268969998
122,id10,152.0,324.0,vial2,11,29.884874268969998
123,id10,153.0,323.5,vial2,11,29.884874268969998
124,id10,153.5,322.5,vial2,11,29.884874268969998
125,id10,154.5,321.5,vial2,11,29.884874268969998
126,id10,155.0,321.5,vial2,11,29.884874268969998
127,id10,155.5,321.5,vial2,11,29.884874268969998
128,id10,156.0,321.5,vial2,11,29.884874268969998
129,id10,156.0,321.5,vial2,11,29.884874268969998
130,id10,156.0,321.5,vial2,11,29.884874268969998
131,id10,156.5,321.5,vial2,11,29.884874268969998
132,id10,157.0,321.5,vial2,11,29.884874268969998
133,id10,156.5,321.5,vial2,11,29.884874268969998
134,id10,156.5,321.5,vial2,11,29.884874268969998
135,id10,156.5,321.5,vial2,11,29.884874268969998
136,id10,156.0,321.5,vial2,11,29.884874268969998
137,id10,156.0,321.0,vial2,11,29.884874268969998
138,id10,156.0,321.0,vial2,11,29.884874268969998
139,id10,156.0,320.5,vial2,11,29.884874268969998
140,id10,156.0,320.5,vial2,11,29.884874268969998
141,id10,156.0,320.5,vial2,11,29.884874268969998
142,id10,156.0,320.5,vial2,11,29.884874268969998
143,id10,156.0,320.5,vial2,11,29.884874268969998
144,id10,156.0,320.0,vial2,11,29.884874268969998
145,id10,168.5,323.5,vial2,11,29.884874268969998
146,id10,181.0,324.0,vial2,11,29.884874268969998
147,id10,181.0,324.0,vial2,11,29.884874268969998
148,id10,181.0,324.0,vial2,11,29.884874268969998
149,id10,181.0,324.0,vial2,11,29.884874268969998
150,id10,181.0,324.0,vial2,11,29.884874268969998
151,id10,181.5,324.5,vial2,11,29.884874268969998
152,id10,181.5,325.0,vial2,11,29.884874268969998
153,id10,182.5,324.0,vial2,11,29.884874268969998
154,id10,183.5,323.5,vial2,11,29.884874268969998
155,id10,183.5,323.5,vial2,11,29.884874268969998
156,id10,183.5,323.5,vial2,11,29.884874268969998
157,id10,183.5,323.0,vial2,11,29.884874268969998
158,id10,183.5,323.0,vial2,11,29.884874268969998
159,id10,184.5,322.5,vial2,11,29.884874268969998
160,id10,184.5,322.5,vial2,11,29.884874268969998
161,id10,184.5,323.0,vial2,11,29.884874268969998
162,id10,184.5,323.5,vial2,11,29.884874268969998
163,id10,185.5,324.5,vial2,11,29.884874268969998
164,id10,185.5,325.0,vial2,11,29.884874268969998
165,id10,185.5,326.0,vial2,11,29.884874268969998
166,id10,185.5,327.5,vial2,11,29.884874268969998
167,id10,185.5,329.0,vial2,11,29.884874268969998
168,id10,186.0,330.0,vial2,11,29.884874268969998
169,id10,186.0,331.0,vial2,11,29.884874268969998
170,id10,186.0,332.0,vial2,11,29.884874268969998
171,id10,186.5,332.5,vial2,11,29.884874268969998
172,id10,186.5,332.5,vial2,11,29.884874268969998
173,id10,186.5,332.0,vial2,11,29.884874268969998
174,id10,186.5,332.0,vial2,11,29.884874268969998
175,id10,186.5,332.0,vial2,11,29.884874268969998
176,id10,186.5,332.0,vial2,11,29.884874268969998
177,id10,186.0,332.0,vial2,11,29.884874268969998
178,id10,186.0,332.0,vial2,11,29.884874268969998
179,id10,186.0,332.5,vial2,11,29.884874268969998
180,id10,186.0,332.5,vial2,11,29.884874268969998
181,id10,186.0,333.0,vial2,11,29.884874268969998
182,id10,185.0,333.0,vial2,11,29.884874268969998
183,id10,185.0,333.0,vial2,11,29.884874268969998
184,id10,185.0,333.0,vial2,11,29.884874268969998
185,id10,185.0,334.0,vial2,11,29.884874268969998
186,id10,185.0,333.5,vial2,11,29.884874268969998
187,id10,185.0,333.5,vial2,11,29.884874268969998
188,id10,185.0,332.5,vial2,11,29.884874268969998
189,id10,183.5,333.0,vial2,11,29.884874268969998
190,id10,183.5,332.0,vial2,11,29.884874268969998
191,id10,182.5,332.0,vial2,11,29.884874268969998
192,id10,181.5,332.0,vial2,11,29.884874268969998
193,id10,181.0,332.0,vial2,11,29.884874268969998
194,id10,180.0,332.0,vial2,11,29.884874268969998
195,id10,179.5,332.0,vial2,11,29.884874268969998
196,id10,178.5,332.0,vial2,11,29.884874268969998
197,id10,177.5,332.5,vial2,11,29.884874268969998
198,id10,176.5,333.5,vial2,11,29.884874268969998
199,id10,175.5,334.5,vial2,11,29.884874268969998
200,id10,175.0,334.5,vial2,11,29.884874268969998
201,id10,175.0,334.5,vial2,11,29.884874268969998
202,id10,173.0,334.5,vial2,11,29.884874268969998
203,id10,172.0,334.5,vial2,11,29.884874268969998
204,id10,172.0,334.5,vial2,11,29.884874268969998
205,id10,171.0,335.0,vial2,11,29.884874268969998
206,id10,170.0,335.0,vial2,11,29.884874268969998
207,id10,169.0,335.0,vial2,11,29.884874268969998
208,id10,168.5,335.0,vial2,11,29.884874268969998
209,id10,167.5,334.0,vial2,11,29.884874268969998
210,id10,166.5,333.5,vial2,11,29.884874268969998
211,id10,165.5,334.0,vial2,11,29.884874268969998
212,id10,165.0,333.5,vial2,11,29.884874268969998
213,id10,163.5,332.5,vial2,11,29.884874268969998
214,id10,162.0,332.5,vial2,11,29.884874268969998
215,id10,161.0,332.0,vial2,11,29.884874268969998
216,id10,160.0,332.0,vial2,11,29.884874268969998
217,id10,159.5,331.5,vial2,11,29.884874268969998
218,id10,158.5,331.5,vial2,11,29.884874268969998
219,id10,158.0,330.5,vial2,11,29.884874268969998
220,id10,157.5,330.5,vial2,11,29.884874268969998
221,id10,157.0,330.0,vial2,11,29.884874268969998
222,id10,156.0,330.0,vial2,11,29.884874268969998
223,id10,156.5,331.5,vial2,11,29.884874268969998
224,id10,156.0,330.0,vial2,11,29.884874268969998
225,id10,155.5,330.0,vial2,11,29.884874268969998
226,id10,155.0,330.0,vial2,11,29.884874268969998
227,id10,155.5,330.0,vial2,11,29.884874268969998
228,id10,156.0,329.5,vial2,11,29.884874268969998
229,id10,156.0,329.5,vial2,11,29.884874268969998
230,id10,156.0,329.5,vial2,11,29.884874268969998
231,id10,156.0,329.5,vial2,11,29.884874268969998
232,id10,156.0,329.5,vial2,11,29.884874268969998
233,id10,155.5,329.0,vial2,11,29.884874268969998
234,id10,143.5,315.5,vial2,11,29.884874268969998
235,id10,139.5,296.0,vial2,11,29.884874268969998
236,id10,140.5,295.0,vial2,11,29.884874268969998
237,id10,140.5,294.5,vial2,11,29.884874268969998
238,id10,140.5,295.0,vial2,11,29.884874268969998
239,id10,141.0,294.5,vial2,11,29.884874268969998
240,id10,141.5,294.0,vial2,11,29.884874268969998
241,id10,142.5,293.0,vial2,11,29.884874268969998
242,id10,142.5,292.0,vial2,11,29.884874268969998
243,id10,143.5,292.0,vial2,11,29.884874268969998
244,id10,144.0,291.5,vial2,11,29.884874268969998
245,id10,144.0,291.0,vial2,11,29.884874268969998
246,id10,145.5,289.0,vial2,11,29.884874268969998
247,id10,146.0,288.0,vial2,11,29.884874268969998
248,id10,146.0,288.0,vial2,11,29.884874268969998
249,id10,146.5,287.0,vial2,11,29.884874268969998
250,id10,146.5,287.0,vial2,11,29.884874268969998
251,id10,147.5,285.5,vial2,11,29.884874268969998
252,id10,147.5,284.0,vial2,11,29.884874268969998
253,id10,148.5,284.0,vial2,11,29.884874268969998
254,id10,148.5,282.5,vial2,11,29.884874268969998
255,id10,148.5,280.5,vial2,11,29.884874268969998
256,id10,148.5,280.5,vial2,11,29.884874268969998
257,id10,149.0,279.5,vial2,11,29.884874268969998
258,id10,149.0,277.5,vial2,11,29.884874268969998
259,id10,149.5,276.5,vial2,11,29.884874268969998
260,id10,149.5,274.5,vial2,11,29.884874268969998
261,id10,150.0,273.5,vial2,11,29.884874268969998
262,id10,150.5,271.0,vial2,11,29.884874268969998
263,id10,150.5,269.5,vial2,11,29.884874268969998
264,id10,151.5,268.0,vial2,11,29.884874268969998
265,id10,152.5,266.5,vial2,11,29.884874268969998
266,id10,152.5,265.5,vial2,11,29.884874268969998
267,id10,153.5,263.5,vial2,11,29.884874268969998
268,id10,154.5,262.5,vial2,11,29.884874268969998
269,id10,154.5,262.0,vial2,11,29.884874268969998
270,id10,154.5,261.5,vial2,11,29.884874268969998
271,id10,155.5,260.0,vial2,11,29.884874268969998
272,id10,157.0,259.0,vial2,11,29.884874268969998
273,id10,158.0,258.0,vial2,11,29.884874268969998
274,id10,159.0,256.0,vial2,11,29.884874268969998
275,id10,159.5,255.0,vial2,11,29.884874268969998
276,id10,160.5,255.0,vial2,11,29.884874268969998
277,id10,161.0,253.0,vial2,11,29.884874268969998
278,id10,162.0,252.0,vial2,11,29.884874268969998
279,id10,163.0,251.0,vial2,11,29.884874268969998
280,id10,164.0,250.5,vial2,11,29.884874268969998
281,id10,165.0,250.0,vial2,11,29.884874268969998
282,id10,165.0,249.5,vial2,11,29.884874268969998
283,id10,165.0,249.5,vial2,11,29.884874268969998
284,id10,165.0,249.5,vial2,11,29.884874268969998
285,id10,165.0,249.5,vial2,11,29.884874268969998
286,id10,166.0,249.5,vial2,11,29.884874268969998
287,id10,166.0,249.5,vial2,11,29.884874268969998
288,id10,166.0,249.5,vial2,11,29.884874268969998
289,id10,167.0,248.5,vial2,11,29.884874268969998
290,id10,168.0,248.5,vial2,11,29.884874268969998
0,id11,399.5,314.0,vial4,24,29.884874268969998
1,id11,399.5,312.5,vial4,24,29.884874268969998
2,id11,397.0,310.0,vial4,24,29.884874268969998
3,id11,397.5,308.5,vial4,24,29.884874268969998
4,id11,398.0,308.0,vial4,24,29.884874268969998
5,id11,397.5,306.5,vial4,24,29.884874268969998
6,id11,397.5,305.0,vial4,24,29.884874268969998
7,id11,398.0,303.0,vial4,24,29.884874268969998
8,id11,398.0,302.0,vial4,24,29.884874268969998
9,id11,398.5,300.0,vial4,24,29.884874268969998
10,id11,400.0,298.5,vial4,24,29.884874268969998
11,id11,399.5,298.0,vial4,24,29.884874268969998
12,id11,399.5,296.0,vial4,24,29.884874268969998
13,id11,400.0,295.0,vial4,24,29.884874268969998
14,id11,399.5,293.0,vial4,24,29.884874268969998
15,id11,399.5,292.5,vial4,24,29.884874268969998
16,id11,399.5,292.0,vial4,24,29.884874268969998
17,id11,398.0,290.5,vial4,24,29.884874268969998
18,id11,396.5,289.5,vial4,24,29.884874268969998
19,id11,395.0,288.0,vial4,24,29.884874268969998
20,id11,392.5,286.5,vial4,24,29.884874268969998
21,id11,390.5,285.5,vial4,24,29.884874268969998
22,id11,388.5,284.0,vial4,24,29.884874268969998
23,id11,385.5,283.0,vial4,24,29.884874268969998
24,id11,384.5,282.0,vial4,24,29.884874268969998
25,id11,384.5,281.5,vial4,24,29.884874268969998
26,id11,384.5,282.0,vial4,24,29.884874268969998
27,id11,383.5,281.5,vial4,24,29.884874268969998
28,id11,382.5,280.0,vial4,24,29.884874268969998
29,id11,380.5,278.5,vial4,24,29.884874268969998
30,id11,379.0,277.0,vial4,24,29.884874268969998
31,id11,379.0,275.5,vial4,24,29.884874268969998
32,id11,378.0,274.5,vial4,24,29.884874268969998
33,id11,377.0,273.5,vial4,24,29.884874268969998
34,id11,376.0,272.0,vial4,24,29.884874268969998
35,id11,375.0,271.0,vial4,24,29.884874268969998
36,id11,374.0,271.0,vial4,24,29.884874268969998
37,id11,373.0,271.0,vial4,24,29.884874268969998
38,id11,371.0,272.0,vial4,24,29.884874268969998
39,id11,370.0,273.0,vial4,24,29.884874268969998
40,id11,369.5,274.0,vial4,24,29.884874268969998
41,id11,368.5,274.5,vial4,24,29.884874268969998
42,id11,367.5,275.5,vial4,24,29.884874268969998
43,id11,367.5,275.5,vial4,24,29.884874268969998
44,id11,366.5,275.5,vial4,24,29.884874268969998
45,id11,366.5,275.5,vial4,24,29.884874268969998
46,id11,366.0,276.0,vial4,24,29.884874268969998
47,id11,365.5,276.0,vial4,24,29.884874268969998
48,id11,365.5,275.5,vial4,24,29.884874268969998
49,id11,365.5,275.0,vial4,24,29.884874268969998
50,id11,364.5,274.5,vial4,24,29.884874268969998
51,id11,364.5,272.5,vial4,24,29.884874268969998
52,id11,364.5,271.0,vial4,24,29.884874268969998
53,id11,364.5,269.0,vial4,24,29.884874268969998
54,id11,364.5,267.0,vial4,24,29.884874268969998
55,id11,364.5,265.5,vial4,24,29.884874268969998
56,id11,364.5,264.0,vial4,24,29.884874268969998
57,id11,364.5,262.5,vial4,24,29.884874268969998
58,id11,364.5,260.5,vial4,24,29.884874268969998
59,id11,364.5,258.0,vial4,24,29.884874268969998
60,id11,364.0,255.0,vial4,24,29.884874268969998
61,id11,364.5,252.5,vial4,24,29.884874268969998
62,id11,364.5,251.5,vial4,24,29.884874268969998
63,id11,364.5,248.5,vial4,24,29.884874268969998
64,id11,364.5,246.0,vial4,24,29.884874268969998
65,id11,364.5,243.5,vial4,24,29.884874268969998
66,id11,364.5,240.0,vial4,24,29.884874268969998
67,id11,364.5,238.0,vial4,24,29.884874268969998
68,id11,364.5,235.5,vial4,24,29.884874268969998
69,id11,364.5,234.0,vial4,24,29.884874268969998
70,id11,364.5,233.0,vial4,24,29.884874268969998
71,id11,364.5,233.0,vial4,24,29.884874268969998
72,id11,364.5,233.0,vial4,24,29.884874268969998
73,id11,364.5,234.0,vial4,24,29.884874268969998
74,id11,364.5,233.0,vial4,24,29.884874268969998
75,id11,364.5,232.0,vial4,24,29.884874268969998
76,id11,364.5,230.0,vial4,24,29.884874268969998
77,id11,364.5,228.0,vial4,24,29.884874268969998
78,id11,364.5,226.5,vial4,24,29.884874268969998
79,id11,365.5,224.0,vial4,24,29.884874268969998
80,id11,366.0,222.0,vial4,24,29.884874268969998
81,id11,366.5,220.0,vial4,24,29.884874268969998
82,id11,366.5,218.0,vial4,24,29.884874268969998
83,id11,367.5,216.0,vial4,24,29.884874268969998
84,id11,367.5,214.0,vial4,24,29.884874268969998
85,id11,368.5,212.0,vial4,24,29.884874268969998
86,id11,369.5,209.0,vial4,24,29.884874268969998
87,id11,370.0,207.0,vial4,24,29.884874268969998
88,id11,370.5,205.5,vial4,24,29.884874268969998
89,id11,371.5,203.5,vial4,24,29.884874268969998
90,id11,372.0,201.5,vial4,24,29.884874268969998
91,id11,373.0,200.0,vial4,24,29.884874268969998
92,id11,374.0,197.5,vial4,24,29.884874268969998
93,id11,376.0,195.5,vial4,24,29.884874268969998
94,id11,377.0,192.5,vial4,24,29.884874268969998
95,id11,378.0,190.5,vial4,24,29.884874268969998
96,id11,380.0,188.5,vial4,24,29.884874268969998
97,id11,382.0,186.0,vial4,24,29.884874268969998
98,id11,383.0,184.5,vial4,24,29.884874268969998
99,id11,384.5,182.5,vial4,24,29.884874268969998
100,id11,386.5,180.5,vial4,24,29.884874268969998
101,id11,388.0,178.5,vial4,24,29.884874268969998
102,id11,390.0,176.5,vial4,24,29.884874268969998
103,id11,392.0,174.5,vial4,24,29.884874268969998
104,id11,393.5,172.5,vial4,24,29.884874268969998
105,id11,395.5,171.5,vial4,24,29.884874268969998
106,id11,397.0,169.5,vial4,24,29.884874268969998
107,id11,398.0,167.5,vial4,24,29.884874268969998
108,id11,399.5,166.5,vial4,24,29.884874268969998
109,id11,400.5,165.5,vial4,24,29.884874268969998
110,id11,401.5,163.5,vial4,24,29.884874268969998
111,id11,402.5,162.5,vial4,24,29.884874268969998
112,id11,403.5,161.5,vial4,24,29.884874268969998
113,id11,404.0,160.5,vial4,24,29.884874268969998
114,id11,404.5,160.5,vial4,24,29.884874268969998
115,id11,404.5,160.5,vial4,24,29.884874268969998
116,id11,409.5,154.0,vial4,24,29.884874268969998
117,id11,423.5,142.5,vial4,24,29.884874268969998
118,id11,421.5,158.0,vial4,24,29.884874268969998
119,id11,422.0,179.0,vial4,24,29.884874268969998
120,id11,419.5,201.0,vial4,24,29.884874268969998
121,id11,416.5,222.0,vial4,24,29.884874268969998
122,id11,422.0,233.0,vial4,24,29.884874268969998
123,id11,427.5,237.5,vial4,24,29.884874268969998
124,id11,426.0,255.0,vial4,24,29.884874268969998
125,id11,413.5,280.0,vial4,24,29.884874268969998
126,id11,413.0,280.5,vial4,24,29.884874268969998
127,id11,413.5,279.5,vial4,24,29.884874268969998
128,id11,413.5,279.5,vial4,24,29.884874268969998
129,id11,413.5,279.0,vial4,24,29.884874268969998
130,id11,413.5,278.5,vial4,24,29.884874268969998
131,id11,414.0,278.0,vial4,24,29.884874268969998
132,id11,414.5,277.0,vial4,24,29.884874268969998
133,id11,415.0,275.5,vial4,24,29.884874268969998
134,id11,415.0,274.5,vial4,24,29.884874268969998
135,id11,415.0,272.5,vial4,24,29.884874268969998
136,id11,415.5,270.0,vial4,24,29.884874268969998
137,id11,415.5,267.5,vial4,24,29.884874268969998
138,id11,416.5,265.5,vial4,24,29.884874268969998
139,id11,416.5,263.0,vial4,24,29.884874268969998
140,id11,416.5,260.5,vial4,24,29.884874268969998
141,id11,417.0,257.5,vial4,24,29.884874268969998
142,id11,417.0,255.5,vial4,24,29.884874268969998
143,id11,418.0,252.5,vial4,24,29.884874268969998
144,id11,418.0,249.5,vial4,24,29.884874268969998
145,id11,418.5,247.0,vial4,24,29.884874268969998
146,id11,419.0,244.5,vial4,24,29.884874268969998
147,id11,419.5,241.5,vial4,24,29.884874268969998
148,id11,420.5,239.0,vial4,24,29.884874268969998
149,id11,420.5,236.0,vial4,24,29.884874268969998
150,id11,421.5,234.0,vial4,24,29.884874268969998
151,id11,422.5,232.0,vial4,24,29.884874268969998
152,id11,423.5,229.0,vial4,24,29.884874268969998
153,id11,424.5,227.0,vial4,24,29.884874268969998
154,id11,425.0,225.0,vial4,24,29.884874268969998
155,id11,426.0,224.0,vial4,24,29.884874268969998
156,id11,427.0,223.0,vial4,24,29.884874268969998
157,id11,428.0,222.0,vial4,24,29.884874268969998
158,id11,428.5,221.0,vial4,24,29.884874268969998
159,id11,428.5,221.0,vial4,24,29.884874268969998
160,id11,428.5,220.5,vial4,24,29.884874268969998
161,id11,428.5,220.5,vial4,24,29.884874268969998
162,id11,428.5,220.5,vial4,24,29.884874268969998
163,id11,428.5,220.0,vial4,24,29.884874268969998
164,id11,428.5,219.5,vial4,24,29.884874268969998
165,id11,428.5,218.0,vial4,24,29.884874268969998
166,id11,428.5,217.0,vial4,24,29.884874268969998
167,id11,428.5,215.5,vial4,24,29.884874268969998
168,id11,428.5,214.5,vial4,24,29.884874268969998
169,id11,428.5,212.5,vial4,24,29.884874268969998
170,id11,428.5,211.0,vial4,24,29.884874268969998
171,id11,427.5,208.5,vial4,24,29.884874268969998
172,id11,427.0,207.0,vial4,24,29.884874268969998
173,id11,426.5,206.0,vial4,24,29.884874268969998
174,id11,426.0,204.5,vial4,24,29.884874268969998
175,id11,425.0,203.5,vial4,24,29.884874268969998
176,id11,424.0,202.5,vial4,24,29.884874268969998
177,id11,423.0,200.5,vial4,24,29.884874268969998
178,id11,422.0,199.0,vial4,24,29.884874268969998
179,id11,420.0,197.0,vial4,24,29.884874268969998
180,id11,418.0,196.0,vial4,24,29.884874268969998
181,id11,417.0,194.5,vial4,24,29.884874268969998
182,id11,415.0,193.0,vial4,24,29.884874268969998
183,id11,414.0,191.5,vial4,24,29.884874268969998
184,id11,412.5,190.0,vial4,24,29.884874268969998
185,id11,411.0,188.0,vial4,24,29.884874268969998
186,id11,410.0,186.5,vial4,24,29.884874268969998
187,id11,408.0,184.5,vial4,24,29.884874268969998
188,id11,407.0,182.0,vial4,24,29.884874268969998
189,id11,405.5,180.0,vial4,24,29.884874268969998
190,id11,404.0,178.0,vial4,24,29.884874268969998
191,id11,402.5,176.5,vial4,24,29.884874268969998
192,id11,400.5,175.0,vial4,24,29.884874268969998
193,id11,397.5,173.0,vial4,24,29.884874268969998
194,id11,395.5,172.0,vial4,24,29.884874268969998
195,id11,393.5,170.5,vial4,24,29.884874268969998
196,id11,391.0,169.5,vial4,24,29.884874268969998
197,id11,389.0,168.0,vial4,24,29.884874268969998
198,id11,387.0,166.0,vial4,24,29.884874268969998
199,id11,384.5,165.0,vial4,24,29.884874268969998
200,id11,382.5,163.0,vial4,24,29.884874268969998
201,id11,380.5,161.5,vial4,24,29.884874268969998
202,id11,378.5,159.5,vial4,24,29.884874268969998
203,id11,377.0,157.5,vial4,24,29.884874268969998
204,id11,376.0,155.5,vial4,24,29.884874268969998
205,id11,374.5,153.5,vial4,24,29.884874268969998
206,id11,373.5,151.0,vial4,24,29.884874268969998
207,id11,372.5,148.5,vial4,24,29.884874268969998
208,id11,371.5,146.0,vial4,24,29.884874268969998
209,id11,370.5,144.0,vial4,24,29.884874268969998
210,id11,370.0,143.0,vial4,24,29.884874268969998
211,id11,369.5,141.0,vial4,24,29.884874268969998
212,id11,368.5,138.5,vial4,24,29.884874268969998
213,id11,368.0,137.0,vial4,24,29.884874268969998
214,id11,367.5,135.0,vial4,24,29.884874268969998
215,id11,366.5,132.5,vial4,24,29.884874268969998
216,id11,366.5,130.5,vial4,24,29.884874268969998
217,id11,365.5,129.0,vial4,24,29.884874268969998
218,id11,364.5,128.5,vial4,24,29.884874268969998
219,id11,364.5,128.0,vial4,24,29.884874268969998
220,id11,363.5,127.0,vial4,24,29.884874268969998
221,id11,363.5,126.0,vial4,24,29.884874268969998
222,id11,363.5,126.0,vial4,24,29.884874268969998
223,id11,363.5,124.5,vial4,24,29.884874268969998
224,id11,363.5,124.0,vial4,24,29.884874268969998
225,id11,364.5,123.0,vial4,24,29.884874268969998
226,id11,364.5,122.0,vial4,24,29.884874268969998
227,id11,365.0,120.0,vial4,24,29.884874268969998
228,id11,365.5,118.0,vial4,24,29.884874268969998
229,id11,365.5,115.0,vial4,24,29.884874268969998
230,id11,366.5,112.5,vial4,24,29.884874268969998
231,id11,367.5,110.0,vial4,24,29.884874268969998
232,id11,367.5,107.5,vial4,24,29.884874268969998
233,id11,368.5,105.0,vial4,24,29.884874268969998
234,id11,368.5,102.0,vial4,24,29.884874268969998
235,id11,369.5,99.5,vial4,24,29.884874268969998
236,id11,369.5,96.5,vial4,24,29.884874268969998
237,id11,370.5,94.0,vial4,24,29.884874268969998
238,id11,371.5,91.5,vial4,24,29.884874268969998
239,id11,372.5,88.5,vial4,24,29.884874268969998
240,id11,374.0,86.0,vial4,24,29.884874268969998
241,id11,375.0,83.0,vial4,24,29.884874268969998
242,id11,376.5,81.0,vial4,24,29.884874268969998
243,id11,378.0,78.5,vial4,24,29.884874268969998
244,id11,380.0,76.5,vial4,24,29.884874268969998
245,id11,381.0,74.5,vial4,24,29.884874268969998
246,id11,383.0,72.5,vial4,24,29.884874268969998
247,id11,384.5,70.5,vial4,24,29.884874268969998
248,id11,386.0,68.0,vial4,24,29.884874268969998
249,id11,387.0,66.0,vial4,24,29.884874268969998
250,id11,388.0,64.0,vial4,24,29.884874268969998
251,id11,389.0,62.0,vial4,24,29.884874268969998
252,id11,391.0,59.5,vial4,24,29.884874268969998
253,id11,392.0,57.0,vial4,24,29.884874268969998
254,id11,393.5,54.0,vial4,24,29.884874268969998
255,id11,394.5,52.0,vial4,24,29.884874268969998
256,id11,396.0,49.5,vial4,24,29.884874268969998
257,id11,397.0,47.0,vial4,24,29.884874268969998
258,id11,398.5,44.0,vial4,24,29.884874268969998
259,id11,400.0,42.0,vial4,24,29.884874268969998
260,id11,401.0,39.0,vial4,24,29.884874268969998
261,id11,402.0,37.0,vial4,24,29.884874268969998
262,id11,403.0,35.0,vial4,24,29.884874268969998
263,id11,404.0,33.0,vial4,24,29.884874268969998
264,id11,404.5,30.0,vial4,24,29.884874268969998
265,id11,406.0,27.0,vial4,24,29.884874268969998
266,id11,407.0,25.0,vial4,24,29.884874268969998
267,id11,408.5,22.0,vial4,24,29.884874268969998
268,id11,409.5,20.0,vial4,24,29.884874268969998
269,id11,410.5,18.0,vial4,24,29.884874268969998
270,id11,412.0,15.5,vial4,24,29.884874268969998
271,id11,413.0,13.0,vial4,24,29.884874268969998
272,id11,414.0,10.5,vial4,24,29.884874268969998
273,id11,415.5,8.0,vial4,24,29.884874268969998
274,id11,415.0,4.5,vial4,24,29.884874268969998
275,id11,415.5,3.5,vial4,24,29.884874268969998
281,id11,388.0,1.0,vial4,24,29.884874268969998
282,id11,388.0,1.0,vial4,24,29.884874268969998
0,id12,55.0,305.0,vial1,6,29.884874268969998
1,id12,56.5,301.0,vial1,6,29.884874268969998
2,id12,57.0,297.0,vial1,6,29.884874268969998
3,id12,58.5,293.0,vial1,6,29.884874268969998
4,id12,59.5,291.0,vial1,6,29.884874268969998
5,id12,59.5,290.0,vial1,6,29.884874268969998
6,id12,60.5,289.5,vial1,6,29.884874268969998
7,id12,61.5,289.0,vial1,6,29.884874268969998
8,id12,61.5,288.5,vial1,6,29.884874268969998
9,id12,62.5,286.5,vial1,6,29.884874268969998
10,id12,64.5,283.0,vial1,6,29.884874268969998
11,id12,65.5,280.0,vial1,6,29.884874268969998
12,id12,66.5,276.5,vial1,6,29.884874268969998
13,id12,68.5,273.5,vial1,6,29.884874268969998
14,id12,68.5,270.5,vial1,6,29.884874268969998
15,id12,69.5,267.0,vial1,6,29.884874268969998
16,id12,70.5,263.5,vial1,6,29.884874268969998
17,id12,70.5,260.5,vial1,6,29.884874268969998
18,id12,71.0,258.0,vial1,6,29.884874268969998
19,id12,71.5,254.5,vial1,6,29.884874268969998
20,id12,71.0,250.5,vial1,6,29.884874268969998
21,id12,71.0,247.0,vial1,6,29.884874268969998
22,id12,71.0,243.0,vial1,6,29.884874268969998
23,id12,70.5,239.0,vial1,6,29.884874268969998
24,id12,70.5,235.5,vial1,6,29.884874268969998
25,id12,70.5,231.5,vial1,6,29.884874268969998
26,id12,70.5,228.0,vial1,6,29.884874268969998
27,id12,70.0,224.0,vial1,6,29.884874268969998
28,id12,70.0,219.5,vial1,6,29.884874268969998
29,id12,69.5,215.0,vial1,6,29.884874268969998
30,id12,69.0,211.5,vial1,6,29.884874268969998
31,id12,68.5,207.0,vial1,6,29.884874268969998
32,id12,67.5,203.0,vial1,6,29.884874268969998
33,id12,67.0,199.0,vial1,6,29.884874268969998
34,id12,66.5,194.5,vial1,6,29.884874268969998
35,id12,65.5,190.5,vial1,6,29.884874268969998
36,id12,64.5,187.5,vial1,6,29.884874268969998
37,id12,63.5,184.0,vial1,6,29.884874268969998
38,id12,63.0,182.0,vial1,6,29.884874268969998
39,id12,61.5,179.5,vial1,6,29.884874268969998
40,id12,60.5,176.5,vial1,6,29.884874268969998
41,id12,59.5,173.0,vial1,6,29.884874268969998
42,id12,58.0,170.0,vial1,6,29.884874268969998
43,id12,57.0,167.0,vial1,6,29.884874268969998
44,id12,54.5,163.0,vial1,6,29.884874268969998
45,id12,53.0,160.0,vial1,6,29.884874268969998
46,id12,51.0,156.0,vial1,6,29.884874268969998
47,id12,50.0,153.0,vial1,6,29.884874268969998
48,id12,48.0,149.5,vial1,6,29.884874268969998
49,id12,47.0,147.0,vial1,6,29.884874268969998
50,id12,45.5,144.0,vial1,6,29.884874268969998
51,id12,46.0,141.5,vial1,6,29.884874268969998
52,id12,47.0,138.5,vial1,6,29.884874268969998
53,id12,47.5,135.5,vial1,6,29.884874268969998
54,id12,48.0,133.5,vial1,6,29.884874268969998
55,id12,48.5,130.5,vial1,6,29.884874268969998
56,id12,48.5,129.5,vial1,6,29.884874268969998
57,id12,48.5,128.0,vial1,6,29.884874268969998
58,id12,48.5,127.5,vial1,6,29.884874268969998
59,id12,48.5,126.5,vial1,6,29.884874268969998
60,id12,48.5,126.5,vial1,6,29.884874268969998
61,id12,48.5,126.5,vial1,6,29.884874268969998
62,id12,48.5,126.5,vial1,6,29.884874268969998
63,id12,48.5,126.5,vial1,6,29.884874268969998
64,id12,48.5,126.5,vial1,6,29.884874268969998
65,id12,49.0,126.0,vial1,6,29.884874268969998
66,id12,49.5,111.5,vial1,6,29.884874268969998
67,id12,53.5,82.0,vial1,6,29.884874268969998
68,id12,57.0,71.0,vial1,6,29.884874268969998
69,id12,57.0,70.5,vial1,6,29.884874268969998
70,id12,57.5,70.5,vial1,6,29.884874268969998
71,id12,58.0,69.5,vial1,6,29.884874268969998
72,id12,58.0,67.5,vial1,6,29.884874268969998
73,id12,57.0,65.5,vial1,6,29.884874268969998
74,id12,56.0,62.5,vial1,6,29.884874268969998
75,id12,55.5,60.0,vial1,6,29.884874268969998
76,id12,54.5,57.0,vial1,6,29.884874268969998
77,id12,54.0,54.5,vial1,6,29.884874268969998
78,id12,53.0,52.0,vial1,6,29.884874268969998
79,id12,52.0,49.0,vial1,6,29.884874268969998
80,id12,51.0,46.0,vial1,6,29.884874268969998
81,id12,51.0,43.0,vial1,6,29.884874268969998
82,id12,50.5,39.5,vial1,6,29.884874268969998
83,id12,50.0,37.0,vial1,6,29.884874268969998
84,id12,50.0,34.0,vial1,6,29.884874268969998
85,id12,50.0,31.0,vial1,6,29.884874268969998
86,id12,50.0,27.5,vial1,6,29.884874268969998
87,id12,50.0,24.0,vial1,6,29.884874268969998
88,id12,51.0,21.5,vial1,6,29.884874268969998
89,id12,50.0,18.5,vial1,6,29.884874268969998
90,id12,50.0,16.5,vial1,6,29.884874268969998
91,id12,50.0,14.5,vial1,6,29.884874268969998
92,id12,50.0,12.5,vial1,6,29.884874268969998
93,id12,49.5,11.5,vial1,6,29.884874268969998
94,id12,49.5,11.5,vial1,6,29.884874268969998
95,id12,49.5,11.5,vial1,6,29.884874268969998
96,id12,49.5,11.0,vial1,6,29.884874268969998
97,id12,49.5,11.0,vial1,6,29.884874268969998
98,id12,49.5,11.0,vial1,6,29.884874268969998
99,id12,49.5,11.0,vial1,6,29.884874268969998
100,id12,50.0,11.0,vial1,6,29.884874268969998
101,id12,51.5,9.5,vial1,6,29.884874268969998
102,id12,53.5,9.0,vial1,6,29.884874268969998
103,id12,56.5,8.0,vial1,6,29.884874268969998
104,id12,58.5,7.0,vial1,6,29.884874268969998
105,id12,60.5,6.0,vial1,6,29.884874268969998
106,id12,61.5,5.0,vial1,6,29.884874268969998
107,id12,61.5,4.5,vial1,6,29.884874268969998
108,id12,62.5,4.0,vial1,6,29.884874268969998
109,id12,62.5,4.0,vial1,6,29.884874268969998
130,id12,63.0,2.0,vial1,6,29.884874268969998
0,id13,283.5,297.5,vial3,14,29.884874268969998
1,id13,290.5,278.5,vial3,14,29.884874268969998
2,id13,288.0,278.5,vial3,14,29.884874268969998
3,id13,288.5,276.5,vial3,14,29.884874268969998
4,id13,289.0,273.0,vial3,14,29.884874268969998
5,id13,290.0,270.0,vial3,14,29.884874268969998
6,id13,292.0,267.0,vial3,14,29.884874268969998
7,id13,293.0,263.0,vial3,14,29.884874268969998
8,id13,293.0,261.0,vial3,14,29.884874268969998
9,id13,292.5,257.5,vial3,14,29.884874268969998
10,id13,292.0,255.5,vial3,14,29.884874268969998
11,id13,289.0,254.5,vial3,14,29.884874268969998
12,id13,286.5,255.0,vial3,14,29.884874268969998
13,id13,285.0,255.0,vial3,14,29.884874268969998
14,id13,282.0,255.0,vial3,14,29.884874268969998
15,id13,280.0,254.5,vial3,14,29.884874268969998
16,id13,278.0,254.0,vial3,14,29.884874268969998
17,id13,276.5,254.0,vial3,14,29.884874268969998
18,id13,274.0,253.0,vial3,14,29.884874268969998
19,id13,272.0,252.0,vial3,14,29.884874268969998
20,id13,269.0,251.0,vial3,14,29.884874268969998
21,id13,267.0,250.0,vial3,14,29.884874268969998
22,id13,264.5,248.0,vial3,14,29.884874268969998
23,id13,262.0,246.0,vial3,14,29.884874268969998
24,id13,260.0,242.5,vial3,14,29.884874268969998
25,id13,258.5,239.5,vial3,14,29.884874268969998
26,id13,256.5,236.0,vial3,14,29.884874268969998
27,id13,255.5,232.0,vial3,14,29.884874268969998
28,id13,254.5,228.0,vial3,14,29.884874268969998
29,id13,253.0,224.5,vial3,14,29.884874268969998
30,id13,252.5,221.0,vial3,14,29.884874268969998
31,id13,251.5,217.0,vial3,14,29.884874268969998
32,id13,250.5,214.5,vial3,14,29.884874268969998
33,id13,249.5,211.0,vial3,14,29.884874268969998
34,id13,249.5,207.0,vial3,14,29.884874268969998
35,id13,248.5,203.0,vial3,14,29.884874268969998
36,id13,248.0,199.0,vial3,14,29.884874268969998
37,id13,247.5,195.5,vial3,14,29.884874268969998
38,id13,246.5,191.5,vial3,14,29.884874268969998
39,id13,245.5,188.0,vial3,14,29.884874268969998
40,id13,245.5,185.0,vial3,14,29.884874268969998
41,id13,245.0,181.0,vial3,14,29.884874268969998
42,id13,244.5,178.0,vial3,14,29.884874268969998
43,id13,244.5,174.0,vial3,14,29.884874268969998
44,id13,243.5,171.0,vial3,14,29.884874268969998
45,id13,243.5,167.5,vial3,14,29.884874268969998
46,id13,243.5,164.0,vial3,14,29.884874268969998
47,id13,243.5,160.5,vial3,14,29.884874268969998
48,id13,243.5,157.5,vial3,14,29.884874268969998
49,id13,243.5,154.0,vial3,14,29.884874268969998
50,id13,243.5,151.5,vial3,14,29.884874268969998
51,id13,243.5,148.5,vial3,14,29.884874268969998
52,id13,243.5,146.0,vial3,14,29.884874268969998
53,id13,243.5,143.0,vial3,14,29.884874268969998
54,id13,243.5,140.0,vial3,14,29.884874268969998
55,id13,243.5,137.5,vial3,14,29.884874268969998
56,id13,244.5,135.5,vial3,14,29.884874268969998
57,id13,244.5,133.5,vial3,14,29.884874268969998
58,id13,245.5,131.5,vial3,14,29.884874268969998
59,id13,245.5,129.0,vial3,14,29.884874268969998
60,id13,246.5,126.5,vial3,14,29.884874268969998
61,id13,246.5,124.5,vial3,14,29.884874268969998
62,id13,247.0,122.0,vial3,14,29.884874268969998
63,id13,247.0,119.0,vial3,14,29.884874268969998
64,id13,246.0,117.0,vial3,14,29.884874268969998
65,id13,245.5,113.5,vial3,14,29.884874268969998
66,id13,244.5,111.5,vial3,14,29.884874268969998
67,id13,244.5,108.5,vial3,14,29.884874268969998
68,id13,243.5,106.0,vial3,14,29.884874268969998
69,id13,243.5,105.0,vial3,14,29.884874268969998
70,id13,243.5,103.5,vial3,14,29.884874268969998
71,id13,243.5,102.0,vial3,14,29.884874268969998
72,id13,244.0,101.0,vial3,14,29.884874268969998
73,id13,244.5,100.0,vial3,14,29.884874268969998
74,id13,246.0,99.0,vial3,14,29.884874268969998
75,id13,247.5,98.5,vial3,14,29.884874268969998
76,id13,249.5,98.0,vial3,14,29.884874268969998
77,id13,251.5,97.5,vial3,14,29.884874268969998
78,id13,253.5,97.0,vial3,14,29.884874268969998
79,id13,255.5,96.5,vial3,14,29.884874268969998
80,id13,257.0,96.5,vial3,14,29.884874268969998
81,id13,257.0,96.5,vial3,14,29.884874268969998
82,id13,257.5,96.5,vial3,14,29.884874268969998
83,id13,257.5,96.5,vial3,14,29.884874268969998
84,id13,257.5,96.5,vial3,14,29.884874268969998
85,id13,257.5,96.5,vial3,14,29.884874268969998
86,id13,256.5,95.5,vial3,14,29.884874268969998
87,id13,256.5,93.5,vial3,14,29.884874268969998
88,id13,256.0,91.5,vial3,14,29.884874268969998
89,id13,255.5,88.5,vial3,14,29.884874268969998
90,id13,254.5,85.0,vial3,14,29.884874268969998
91,id13,253.5,82.0,vial3,14,29.884874268969998
92,id13,252.0,79.0,vial3,14,29.884874268969998
97,id13,249.0,70.5,vial3,14,29.884874268969998
98,id13,248.5,68.5,vial3,14,29.884874268969998
99,id13,249.0,67.5,vial3,14,29.884874268969998
100,id13,249.0,67.0,vial3,14,29.884874268969998
101,id13,249.5,67.0,vial3,14,29.884874268969998
102,id13,250.0,66.0,vial3,14,29.884874268969998
103,id13,250.5,66.0,vial3,14,29.884874268969998
104,id13,250.5,64.5,vial3,14,29.884874268969998
105,id13,269.0,45.0,vial3,14,29.884874268969998
106,id13,270.5,37.5,vial3,14,29.884874268969998
107,id13,284.0,42.0,vial3,14,29.884874268969998
108,id13,286.0,42.0,vial3,14,29.884874268969998
109,id13,286.0,41.0,vial3,14,29.884874268969998
110,id13,285.0,40.0,vial3,14,29.884874268969998
111,id13,285.5,38.5,vial3,14,29.884874268969998
112,id13,285.0,37.5,vial3,14,29.884874268969998
113,id13,286.0,35.5,vial3,14,29.884874268969998
114,id13,286.0,34.5,vial3,14,29.884874268969998
115,id13,286.0,33.5,vial3,14,29.884874268969998
116,id13,286.0,32.0,vial3,14,29.884874268969998
117,id13,285.5,30.5,vial3,14,29.884874268969998
118,id13,284.5,28.5,vial3,14,29.884874268969998
119,id13,283.0,26.5,vial3,14,29.884874268969998
120,id13,282.0,25.0,vial3,14,29.884874268969998
121,id13,281.0,23.5,vial3,14,29.884874268969998
122,id13,280.5,21.5,vial3,14,29.884874268969998
123,id13,279.0,20.0,vial3,14,29.884874268969998
124,id13,278.0,17.5,vial3,14,29.884874268969998
125,id13,277.0,16.0,vial3,14,29.884874268969998
126,id13,276.0,14.5,vial3,14,29.884874268969998
127,id13,275.0,12.0,vial3,14,29.884874268969998
128,id13,274.0,10.5,vial3,14,29.884874268969998
129,id13,272.5,8.5,vial3,14,29.884874268969998
130,id13,271.0,6.5,vial3,14,29.884874268969998
131,id13,269.0,5.0,vial3,14,29.884874268969998
132,id13,268.0,4.0,vial3,14,29.884874268969998
133,id13,267.0,3.0,vial3,14,29.884874268969998
0,id14,12.0,330.5,vial1,5,29.884874268969998
1,id14,10.5,329.5,vial1,5,29.884874268969998
2,id14,9.5,328.5,vial1,5,29.884874268969998
3,id14,10.0,328.0,vial1,5,29.884874268969998
4,id14,9.5,328.5,vial1,5,29.884874268969998
5,id14,9.0,328.5,vial1,5,29.884874268969998
6,id14,9.0,328.5,vial1,5,29.884874268969998
7,id14,9.0,328.5,vial1,5,29.884874268969998
8,id14,9.0,328.5,vial1,5,29.884874268969998
9,id14,9.0,326.5,vial1,5,29.884874268969998
10,id14,9.5,326.5,vial1,5,29.884874268969998
11,id14,9.5,325.0,vial1,5,29.884874268969998
12,id14,9.0,323.0,vial1,5,29.884874268969998
13,id14,9.0,321.5,vial1,5,29.884874268969998
14,id14,9.0,319.5,vial1,5,29.884874268969998
15,id14,8.5,316.5,vial1,5,29.884874268969998
20,id14,42.5,329.5,vial1,5,29.884874268969998
21,id14,44.5,330.5,vial1,5,29.884874268969998
22,id14,46.5,331.5,vial1,5,29.884874268969998
23,id14,47.0,331.5,vial1,5,29.884874268969998
24,id14,47.5,331.5,vial1,5,29.884874268969998
25,id14,48.0,332.0,vial1,5,29.884874268969998
26,id14,49.0,332.0,vial1,5,29.884874268969998
27,id14,49.0,332.0,vial1,5,29.884874268969998
28,id14,49.0,331.5,vial1,5,29.884874268969998
29,id14,48.5,331.5,vial1,5,29.884874268969998
30,id14,46.0,331.0,vial1,5,29.884874268969998
31,id14,46.0,330.5,vial1,5,29.884874268969998
32,id14,45.5,330.5,vial1,5,29.884874268969998
33,id14,45.5,330.5,vial1,5,29.884874268969998
34,id14,45.5,330.5,vial1,5,29.884874268969998
35,id14,44.5,329.5,vial1,5,29.884874268969998
36,id14,44.5,328.5,vial1,5,29.884874268969998
37,id14,44.5,327.0,vial1,5,29.884874268969998
38,id14,46.0,330.5,vial1,5,29.884874268969998
39,id14,47.5,331.0,vial1,5,29.884874268969998
40,id14,48.5,331.5,vial1,5,29.884874268969998
41,id14,49.5,331.5,vial1,5,29.884874268969998
42,id14,49.5,331.5,vial1,5,29.884874268969998
43,id14,50.5,332.0,vial1,5,29.884874268969998
44,id14,50.5,332.0,vial1,5,29.884874268969998
45,id14,50.5,332.0,vial1,5,29.884874268969998
46,id14,50.5,332.0,vial1,5,29.884874268969998
47,id14,50.5,332.0,vial1,5,29.884874268969998
48,id14,51.0,332.0,vial1,5,29.884874268969998
49,id14,51.5,332.5,vial1,5,29.884874268969998
50,id14,52.5,332.5,vial1,5,29.884874268969998
51,id14,54.5,332.5,vial1,5,29.884874268969998
52,id14,55.5,332.5,vial1,5,29.884874268969998
53,id14,56.0,332.5,vial1,5,29.884874268969998
54,id14,55.5,332.5,vial1,5,29.884874268969998
55,id14,55.5,332.5,vial1,5,29.884874268969998
56,id14,55.5,332.5,vial1,5,29.884874268969998
57,id14,54.5,331.5,vial1,5,29.884874268969998
58,id14,55.5,331.5,vial1,5,29.884874268969998
59,id14,55.5,331.5,vial1,5,29.884874268969998
60,id14,56.5,332.5,vial1,5,29.884874268969998
61,id14,56.5,332.5,vial1,5,29.884874268969998
62,id14,56.5,332.5,vial1,5,29.884874268969998
63,id14,56.0,332.5,vial1,5,29.884874268969998
64,id14,56.0,332.5,vial1,5,29.884874268969998
65,id14,56.5,332.5,vial1,5,29.884874268969998
66,id14,57.5,332.5,vial1,5,29.884874268969998
67,id14,58.5,333.0,vial1,5,29.884874268969998
68,id14,59.0,333.5,vial1,5,29.884874268969998
69,id14,60.0,333.5,vial1,5,29.884874268969998
70,id14,61.0,333.0,vial1,5,29.884874268969998
71,id14,61.0,332.5,vial1,5,29.884874268969998
72,id14,61.5,332.5,vial1,5,29.884874268969998
73,id14,61.5,332.0,vial1,5,29.884874268969998
74,id14,62.5,331.5,vial1,5,29.884874268969998
75,id14,64.5,334.0,vial1,5,29.884874268969998
76,id14,65.5,334.0,vial1,5,29.884874268969998
77,id14,66.5,333.5,vial1,5,29.884874268969998
78,id14,67.0,333.5,vial1,5,29.884874268969998
79,id14,68.5,332.5,vial1,5,29.884874268969998
80,id14,68.5,332.5,vial1,5,29.884874268969998
81,id14,69.5,332.5,vial1,5,29.884874268969998
82,id14,69.5,333.0,vial1,5,29.884874268969998
83,id14,69.5,332.5,vial1,5,29.884874268969998
84,id14,70.5,332.5,vial1,5,29.884874268969998
85,id14,70.5,332.5,vial1,5,29.884874268969998
86,id14,70.5,332.5,vial1,5,29.884874268969998
87,id14,71.0,332.0,vial1,5,29.884874268969998
88,id14,71.0,332.0,vial1,5,29.884874268969998
89,id14,71.0,333.0,vial1,5,29.884874268969998
90,id14,70.5,333.5,vial1,5,29.884874268969998
91,id14,70.5,334.5,vial1,5,29.884874268969998
92,id14,70.5,334.0,vial1,5,29.884874268969998
93,id14,69.5,334.0,vial1,5,29.884874268969998
94,id14,69.5,333.5,vial1,5,29.884874268969998
95,id14,69.0,333.0,vial1,5,29.884874268969998
96,id14,68.5,331.5,vial1,5,29.884874268969998
97,id14,68.0,331.0,vial1,5,29.884874268969998
98,id14,67.0,330.0,vial1,5,29.884874268969998
99,id14,66.0,329.5,vial1,5,29.884874268969998
100,id14,65.0,328.5,vial1,5,29.884874268969998
101,id14,64.0,327.5,vial1,5,29.884874268969998
102,id14,62.5,327.5,vial1,5,29.884874268969998
103,id14,61.5,327.5,vial1,5,29.884874268969998
104,id14,60.5,327.5,vial1,5,29.884874268969998
105,id14,59.5,327.5,vial1,5,29.884874268969998
106,id14,59.0,328.0,vial1,5,29.884874268969998
107,id14,59.0,328.0,vial1,5,29.884874268969998
108,id14,59.0,328.0,vial1,5,29.884874268969998
109,id14,59.0,328.0,vial1,5,29.884874268969998
110,id14,59.0,328.0,vial1,5,29.884874268969998
111,id14,59.0,328.0,vial1,5,29.884874268969998
112,id14,59.0,328.0,vial1,5,29.884874268969998
113,id14,59.0,328.0,vial1,5,29.884874268969998
114,id14,59.0,328.0,vial1,5,29.884874268969998
115,id14,59.0,328.0,vial1,5,29.884874268969998
116,id14,59.0,328.0,vial1,5,29.884874268969998
117,id14,59.0,328.0,vial1,5,29.884874268969998
118,id14,59.0,328.0,vial1,5,29.884874268969998
119,id14,59.0,328.0,vial1,5,29.884874268969998
120,id14,59.0,328.0,vial1,5,29.884874268969998
121,id14,59.0,328.5,vial1,5,29.884874268969998
122,id14,59.0,328.5,vial1,5,29.884874268969998
123,id14,59.0,328.5,vial1,5,29.884874268969998
124,id14,59.0,328.5,vial1,5,29.884874268969998
125,id14,59.0,328.0,vial1,5,29.884874268969998
126,id14,59.0,328.5,vial1,5,29.884874268969998
127,id14,59.0,328.5,vial1,5,29.884874268969998
128,id14,59.0,328.5,vial1,5,29.884874268969998
129,id14,59.0,328.5,vial1,5,29.884874268969998
130,id14,59.0,328.5,vial1,5,29.884874268969998
131,id14,59.0,328.5,vial1,5,29.884874268969998
132,id14,59.0,328.5,vial1,5,29.884874268969998
133,id14,59.0,328.5,vial1,5,29.884874268969998
134,id14,59.0,328.5,vial1,5,29.884874268969998
135,id14,59.0,328.5,vial1,5,29.884874268969998
136,id14,59.0,328.5,vial1,5,29.884874268969998
137,id14,59.0,328.5,vial1,5,29.884874268969998
138,id14,59.0,328.5,vial1,5,29.884874268969998
139,id14,59.0,328.5,vial1,5,29.884874268969998
140,id14,59.0,328.5,vial1,5,29.884874268969998
141,id14,59.0,328.5,vial1,5,29.884874268969998
142,id14,59.0,329.0,vial1,5,29.884874268969998
143,id14,59.0,329.0,vial1,5,29.884874268969998
144,id14,59.0,329.0,vial1,5,29.884874268969998
145,id14,59.0,329.0,vial1,5,29.884874268969998
146,id14,59.0,329.0,vial1,5,29.884874268969998
147,id14,59.0,329.5,vial1,5,29.884874268969998
148,id14,59.0,329.5,vial1,5,29.884874268969998
149,id14,59.0,329.5,vial1,5,29.884874268969998
150,id14,59.0,329.5,vial1,5,29.884874268969998
151,id14,59.0,329.5,vial1,5,29.884874268969998
152,id14,59.0,329.5,vial1,5,29.884874268969998
153,id14,58.0,329.5,vial1,5,29.884874268969998
154,id14,58.0,329.5,vial1,5,29.884874268969998
155,id14,58.0,329.5,vial1,5,29.884874268969998
156,id14,57.0,329.5,vial1,5,29.884874268969998
157,id14,56.0,329.0,vial1,5,29.884874268969998
158,id14,54.0,329.5,vial1,5,29.884874268969998
159,id14,54.0,329.5,vial1,5,29.884874268969998
160,id14,54.0,330.0,vial1,5,29.884874268969998
161,id14,54.0,330.0,vial1,5,29.884874268969998
162,id14,54.0,330.0,vial1,5,29.884874268969998
163,id14,54.0,330.0,vial1,5,29.884874268969998
164,id14,54.0,330.0,vial1,5,29.884874268969998
165,id14,53.5,329.5,vial1,5,29.884874268969998
166,id14,53.5,332.0,vial1,5,29.884874268969998
167,id14,53.0,331.0,vial1,5,29.884874268969998
168,id14,53.0,330.5,vial1,5,29.884874268969998
169,id14,53.0,330.5,vial1,5,29.884874268969998
170,id14,52.5,330.5,vial1,5,29.884874268969998
171,id14,52.5,330.5,vial1,5,29.884874268969998
172,id14,52.5,330.0,vial1,5,29.884874268969998
173,id14,52.0,329.5,vial1,5,29.884874268969998
174,id14,52.0,330.0,vial1,5,29.884874268969998
175,id14,54.5,331.5,vial1,5,29.884874268969998
176,id14,55.5,331.5,vial1,5,29.884874268969998
177,id14,54.5,331.0,vial1,5,29.884874268969998
178,id14,54.0,331.0,vial1,5,29.884874268969998
179,id14,53.5,330.0,vial1,5,29.884874268969998
180,id14,53.5,330.5,vial1,5,29.884874268969998
181,id14,53.5,330.0,vial1,5,29.884874268969998
182,id14,52.5,330.0,vial1,5,29.884874268969998
183,id14,52.5,330.0,vial1,5,29.884874268969998
184,id14,52.5,329.5,vial1,5,29.884874268969998
185,id14,52.5,330.0,vial1,5,29.884874268969998
186,id14,52.5,330.0,vial1,5,29.884874268969998
187,id14,52.5,330.0,vial1,5,29.884874268969998
188,id14,52.0,330.5,vial1,5,29.884874268969998
189,id14,52.5,332.0,vial1,5,29.884874268969998
190,id14,51.5,332.0,vial1,5,29.884874268969998
191,id14,49.5,332.0,vial1,5,29.884874268969998
192,id14,48.5,332.0,vial1,5,29.884874268969998
193,id14,47.0,332.5,vial1,5,29.884874268969998
194,id14,46.5,332.5,vial1,5,29.884874268969998
195,id14,45.5,333.0,vial1,5,29.884874268969998
196,id14,43.0,333.5,vial1,5,29.884874268969998
197,id14,41.5,334.5,vial1,5,29.884874268969998
198,id14,40.0,335.0,vial1,5,29.884874268969998
199,id14,37.5,336.0,vial1,5,29.884874268969998
200,id14,35.5,334.5,vial1,5,29.884874268969998
201,id14,34.5,335.0,vial1,5,29.884874268969998
202,id14,35.5,334.0,vial1,5,29.884874268969998
203,id14,36.0,333.5,vial1,5,29.884874268969998
204,id14,36.0,334.0,vial1,5,29.884874268969998
205,id14,35.5,334.0,vial1,5,29.884874268969998
206,id14,34.0,334.5,vial1,5,29.884874268969998
207,id14,33.5,334.5,vial1,5,29.884874268969998
208,id14,33.0,334.0,vial1,5,29.884874268969998
209,id14,32.5,333.5,vial1,5,29.884874268969998
210,id14,32.0,333.0,vial1,5,29.884874268969998
211,id14,31.0,333.0,vial1,5,29.884874268969998
212,id14,31.0,333.5,vial1,5,29.884874268969998
213,id14,30.5,334.0,vial1,5,29.884874268969998
214,id14,29.0,333.5,vial1,5,29.884874268969998
215,id14,28.0,333.0,vial1,5,29.884874268969998
216,id14,27.0,333.0,vial1,5,29.884874268969998
217,id14,26.0,333.0,vial1,5,29.884874268969998
218,id14,25.0,332.5,vial1,5,29.884874268969998
219,id14,24.0,332.5,vial1,5,29.884874268969998
220,id14,23.0,332.5,vial1,5,29.884874268969998
221,id14,22.0,332.5,vial1,5,29.884874268969998
222,id14,20.0,333.0,vial1,5,29.884874268969998
223,id14,18.0,333.0,vial1,5,29.884874268969998
224,id14,16.5,332.5,vial1,5,29.884874268969998
225,id14,15.0,332.5,vial1,5,29.884874268969998
226,id14,14.5,332.5,vial1,5,29.884874268969998
227,id14,14.5,332.5,vial1,5,29.884874268969998
228,id14,14.0,332.5,vial1,5,29.884874268969998
229,id14,14.0,332.5,vial1,5,29.884874268969998
230,id14,14.0,332.5,vial1,5,29.884874268969998
231,id14,14.0,332.5,vial1,5,29.884874268969998
232,id14,14.0,332.5,vial1,5,29.884874268969998
233,id14,14.0,332.5,vial1,5,29.884874268969998
234,id14,14.0,332.5,vial1,5,29.884874268969998
235,id14,14.0,332.5,vial1,5,29.884874268969998
236,id14,14.0,332.5,vial1,5,29.884874268969998
237,id14,14.0,332.5,vial1,5,29.884874268969998
238,id14,14.0,332.5,vial1,5,29.884874268969998
239,id14,14.0,332.5,vial1,5,29.884874268969998
240,id14,14.0,332.5,vial1,5,29.884874268969998
241,id14,13.5,332.5,vial1,5,29.884874268969998
242,id14,13.5,332.5,vial1,5,29.884874268969998
243,id14,14.0,332.5,vial1,5,29.884874268969998
244,id14,13.5,332.5,vial1,5,29.884874268969998
245,id14,13.5,332.5,vial1,5,29.884874268969998
246,id14,13.5,332.5,vial1,5,29.884874268969998
247,id14,13.5,332.5,vial1,5,29.884874268969998
248,id14,13.5,332.5,vial1,5,29.884874268969998
249,id14,13.0,332.5,vial1,5,29.884874268969998
250,id14,13.0,332.5,vial1,5,29.884874268969998
251,id14,13.0,332.5,vial1,5,29.884874268969998
252,id14,13.0,332.5,vial1,5,29.884874268969998
253,id14,13.0,332.5,vial1,5,29.884874268969998
254,id14,13.5,332.5,vial1,5,29.884874268969998
255,id14,13.5,332.5,vial1,5,29.884874268969998
256,id14,14.5,332.0,vial1,5,29.884874268969998
257,id14,14.5,332.0,vial1,5,29.884874268969998
258,id14,15.5,332.0,vial1,5,29.884874268969998
259,id14,16.5,332.0,vial1,5,29.884874268969998
260,id14,17.5,332.5,vial1,5,29.884874268969998
261,id14,18.5,332.5,vial1,5,29.884874268969998
262,id14,20.0,332.5,vial1,5,29.884874268969998
263,id14,22.0,332.5,vial1,5,29.884874268969998
264,id14,24.5,332.5,vial1,5,29.884874268969998
265,id14,27.0,332.0,vial1,5,29.884874268969998
266,id14,29.5,331.5,vial1,5,29.884874268969998
267,id14,31.0,333.0,vial1,5,29.884874268969998
268,id14,31.5,334.0,vial1,5,29.884874268969998
269,id14,34.0,335.0,vial1,5,29.884874268969998
270,id14,34.5,334.0,vial1,5,29.884874268969998
271,id14,35.5,332.5,vial1,5,29.884874268969998
272,id14,40.0,330.5,vial1,5,29.884874268969998
273,id14,40.5,330.5,vial1,5,29.884874268969998
274,id14,41.0,331.0,vial1,5,29.884874268969998
275,id14,41.0,331.0,vial1,5,29.884874268969998
276,id14,41.5,331.0,vial1,5,29.884874268969998
277,id14,43.5,331.0,vial1,5,29.884874268969998
278,id14,44.5,331.0,vial1,5,29.884874268969998
279,id14,46.0,331.0,vial1,5,29.884874268969998
280,id14,47.0,331.0,vial1,5,29.884874268969998
281,id14,47.5,331.0,vial1,5,29.884874268969998
282,id14,48.0,331.0,vial1,5,29.884874268969998
283,id14,48.5,331.5,vial1,5,29.884874268969998
284,id14,49.5,331.0,vial1,5,29.884874268969998
285,id14,50.5,331.0,vial1,5,29.884874268969998
286,id14,52.5,331.0,vial1,5,29.884874268969998
287,id14,54.0,331.5,vial1,5,29.884874268969998
288,id14,56.0,331.5,vial1,5,29.884874268969998
289,id14,57.5,331.5,vial1,5,29.884874268969998
290,id14,59.5,332.5,vial1,5,29.884874268969998
0,id15,66.5,310.5,vial1,7,29.884874268969998
1,id15,66.5,310.5,vial1,7,29.884874268969998
2,id15,65.5,310.0,vial1,7,29.884874268969998
3,id15,64.5,309.5,vial1,7,29.884874268969998
4,id15,62.0,310.0,vial1,7,29.884874268969998
5,id15,60.0,310.0,vial1,7,29.884874268969998
6,id15,59.0,311.0,vial1,7,29.884874268969998
7,id15,58.0,311.0,vial1,7,29.884874268969998
8,id15,56.0,311.0,vial1,7,29.884874268969998
9,id15,56.0,311.5,vial1,7,29.884874268969998
10,id15,55.5,311.5,vial1,7,29.884874268969998
11,id15,54.5,312.0,vial1,7,29.884874268969998
12,id15,53.5,312.5,vial1,7,29.884874268969998
13,id15,53.5,313.5,vial1,7,29.884874268969998
14,id15,53.0,315.5,vial1,7,29.884874268969998
15,id15,54.5,317.5,vial1,7,29.884874268969998
16,id15,56.0,321.0,vial1,7,29.884874268969998
17,id15,56.5,323.0,vial1,7,29.884874268969998
18,id15,57.5,326.0,vial1,7,29.884874268969998
19,id15,58.5,327.5,vial1,7,29.884874268969998
20,id15,58.0,330.0,vial1,7,29.884874268969998
21,id15,58.0,330.5,vial1,7,29.884874268969998
22,id15,58.5,329.5,vial1,7,29.884874268969998
23,id15,59.0,328.0,vial1,7,29.884874268969998
24,id15,61.0,326.5,vial1,7,29.884874268969998
25,id15,63.0,324.5,vial1,7,29.884874268969998
26,id15,64.0,322.0,vial1,7,29.884874268969998
27,id15,64.5,319.5,vial1,7,29.884874268969998
28,id15,65.5,316.5,vial1,7,29.884874268969998
29,id15,66.0,313.0,vial1,7,29.884874268969998
30,id15,66.5,309.5,vial1,7,29.884874268969998
31,id15,67.5,306.0,vial1,7,29.884874268969998
32,id15,68.0,303.5,vial1,7,29.884874268969998
33,id15,68.5,300.0,vial1,7,29.884874268969998
34,id15,69.0,297.0,vial1,7,29.884874268969998
35,id15,69.0,293.5,vial1,7,29.884874268969998
36,id15,70.0,290.0,vial1,7,29.884874268969998
37,id15,70.0,285.5,vial1,7,29.884874268969998
38,id15,70.0,282.0,vial1,7,29.884874268969998
39,id15,70.0,278.0,vial1,7,29.884874268969998
40,id15,70.0,274.0,vial1,7,29.884874268969998
41,id15,70.0,271.0,vial1,7,29.884874268969998
42,id15,69.0,267.0,vial1,7,29.884874268969998
43,id15,69.5,264.0,vial1,7,29.884874268969998
44,id15,69.0,261.0,vial1,7,29.884874268969998
45,id15,69.0,257.0,vial1,7,29.884874268969998
46,id15,68.0,254.5,vial1,7,29.884874268969998
47,id15,68.0,252.0,vial1,7,29.884874268969998
48,id15,68.0,249.5,vial1,7,29.884874268969998
49,id15,68.0,247.0,vial1,7,29.884874268969998
50,id15,67.0,245.0,vial1,7,29.884874268969998
51,id15,67.0,242.5,vial1,7,29.884874268969998
52,id15,67.0,240.5,vial1,7,29.884874268969998
53,id15,67.0,237.5,vial1,7,29.884874268969998
54,id15,67.0,235.5,vial1,7,29.884874268969998
55,id15,66.0,232.5,vial1,7,29.884874268969998
56,id15,65.0,230.0,vial1,7,29.884874268969998
57,id15,64.5,228.0,vial1,7,29.884874268969998
58,id15,63.5,226.0,vial1,7,29.884874268969998
59,id15,62.5,224.0,vial1,7,29.884874268969998
60,id15,62.0,222.0,vial1,7,29.884874268969998
61,id15,61.0,220.0,vial1,7,29.884874268969998
62,id15,59.5,217.0,vial1,7,29.884874268969998
63,id15,58.5,215.0,vial1,7,29.884874268969998
64,id15,57.5,212.0,vial1,7,29.884874268969998
65,id15,57.0,209.0,vial1,7,29.884874268969998
66,id15,57.5,206.0,vial1,7,29.884874268969998
67,id15,58.5,203.0,vial1,7,29.884874268969998
68,id15,59.5,201.0,vial1,7,29.884874268969998
69,id15,60.0,198.0,vial1,7,29.884874268969998
70,id15,60.5,195.0,vial1,7,29.884874268969998
71,id15,61.5,192.0,vial1,7,29.884874268969998
72,id15,62.5,188.5,vial1,7,29.884874268969998
73,id15,63.0,186.0,vial1,7,29.884874268969998
74,id15,63.5,183.0,vial1,7,29.884874268969998
75,id15,64.5,180.5,vial1,7,29.884874268969998
76,id15,65.0,177.0,vial1,7,29.884874268969998
77,id15,65.5,175.0,vial1,7,29.884874268969998
78,id15,66.0,172.0,vial1,7,29.884874268969998
79,id15,65.5,171.5,vial1,7,29.884874268969998
80,id15,65.5,169.5,vial1,7,29.884874268969998
83,id15,64.0,167.0,vial1,7,29.884874268969998
84,id15,62.5,167.5,vial1,7,29.884874268969998
85,id15,60.5,169.0,vial1,7,29.884874268969998
86,id15,58.5,169.5,vial1,7,29.884874268969998
87,id15,57.0,169.0,vial1,7,29.884874268969998
88,id15,56.0,167.5,vial1,7,29.884874268969998
89,id15,54.0,166.0,vial1,7,29.884874268969998
90,id15,52.0,163.5,vial1,7,29.884874268969998
91,id15,50.0,160.0,vial1,7,29.884874268969998
92,id15,49.0,157.0,vial1,7,29.884874268969998
93,id15,47.5,154.5,vial1,7,29.884874268969998
94,id15,46.0,151.0,vial1,7,29.884874268969998
95,id15,45.5,147.5,vial1,7,29.884874268969998
96,id15,45.0,144.0,vial1,7,29.884874268969998
97,id15,44.0,140.5,vial1,7,29.884874268969998
98,id15,44.0,136.0,vial1,7,29.884874268969998
99,id15,43.0,134.0,vial1,7,29.884874268969998
100,id15,43.0,130.0,vial1,7,29.884874268969998
101,id15,42.0,126.5,vial1,7,29.884874268969998
102,id15,41.5,122.5,vial1,7,29.884874268969998
103,id15,40.5,118.5,vial1,7,29.884874268969998
104,id15,39.5,115.0,vial1,7,29.884874268969998
105,id15,38.5,111.5,vial1,7,29.884874268969998
106,id15,37.0,108.0,vial1,7,29.884874268969998
107,id15,36.5,104.0,vial1,7,29.884874268969998
108,id15,34.5,100.0,vial1,7,29.884874268969998
109,id15,33.5,96.0,vial1,7,29.884874268969998
110,id15,32.5,92.0,vial1,7,29.884874268969998
111,id15,31.5,88.0,vial1,7,29.884874268969998
112,id15,30.5,85.0,vial1,7,29.884874268969998
113,id15,30.5,81.5,vial1,7,29.884874268969998
114,id15,30.0,78.5,vial1,7,29.884874268969998
115,id15,30.0,75.5,vial1,7,29.884874268969998
116,id15,30.5,72.5,vial1,7,29.884874268969998
117,id15,32.5,70.0,vial1,7,29.884874268969998
118,id15,33.5,67.0,vial1,7,29.884874268969998
119,id15,35.0,64.0,vial1,7,29.884874268969998
120,id15,37.0,61.5,vial1,7,29.884874268969998
121,id15,39.5,58.5,vial1,7,29.884874268969998
122,id15,41.5,57.0,vial1,7,29.884874268969998
123,id15,45.0,55.0,vial1,7,29.884874268969998
124,id15,48.5,53.0,vial1,7,29.884874268969998
125,id15,51.0,50.5,vial1,7,29.884874268969998
126,id15,53.5,49.5,vial1,7,29.884874268969998
127,id15,55.5,48.0,vial1,7,29.884874268969998
128,id15,57.0,46.0,vial1,7,29.884874268969998
129,id15,59.0,45.0,vial1,7,29.884874268969998
130,id15,60.5,43.0,vial1,7,29.884874268969998
131,id15,62.5,41.0,vial1,7,29.884874268969998
132,id15,64.0,40.0,vial1,7,29.884874268969998
133,id15,66.0,38.0,vial1,7,29.884874268969998
134,id15,67.0,36.0,vial1,7,29.884874268969998
135,id15,68.0,34.5,vial1,7,29.884874268969998
136,id15,68.0,33.5,vial1,7,29.884874268969998
137,id15,68.5,31.0,vial1,7,29.884874268969998
138,id15,69.0,29.0,vial1,7,29.884874268969998
139,id15,69.0,26.5,vial1,7,29.884874268969998
140,id15,69.0,23.0,vial1,7,29.884874268969998
141,id15,69.0,20.0,vial1,7,29.884874268969998
142,id15,69.5,16.5,vial1,7,29.884874268969998
143,id15,69.0,13.5,vial1,7,29.884874268969998
144,id15,69.5,10.5,vial1,7,29.884874268969998
145,id15,69.0,6.0,vial1,7,29.884874268969998
146,id15,69.0,4.5,vial1,7,29.884874268969998
0,id16,263.5,332.5,vial3,19,29.884874268969998
1,id16,264.5,329.5,vial3,19,29.884874268969998
2,id16,265.0,332.0,vial3,19,29.884874268969998
3,id16,265.5,332.0,vial3,19,29.884874268969998
4,id16,266.5,332.0,vial3,19,29.884874268969998
5,id16,266.5,331.5,vial3,19,29.884874268969998
6,id16,267.0,331.5,vial3,19,29.884874268969998
7,id16,268.5,331.0,vial3,19,29.884874268969998
8,id16,268.0,331.5,vial3,19,29.884874268969998
9,id16,266.5,333.0,vial3,19,29.884874268969998
10,id16,269.5,333.0,vial3,19,29.884874268969998
11,id16,269.5,332.0,vial3,19,29.884874268969998
12,id16,269.0,332.0,vial3,19,29.884874268969998
13,id16,267.5,331.5,vial3,19,29.884874268969998
14,id16,266.5,331.5,vial3,19,29.884874268969998
15,id16,266.0,331.5,vial3,19,29.884874268969998
16,id16,265.0,331.5,vial3,19,29.884874268969998
17,id16,263.5,331.5,vial3,19,29.884874268969998
18,id16,261.5,331.5,vial3,19,29.884874268969998
19,id16,259.0,332.0,vial3,19,29.884874268969998
20,id16,256.0,332.5,vial3,19,29.884874268969998
21,id16,254.5,332.5,vial3,19,29.884874268969998
22,id16,253.0,332.5,vial3,19,29.884874268969998
23,id16,251.0,332.0,vial3,19,29.884874268969998
24,id16,249.5,332.5,vial3,19,29.884874268969998
25,id16,248.5,333.0,vial3,19,29.884874268969998
26,id16,248.0,333.0,vial3,19,29.884874268969998
27,id16,249.0,332.5,vial3,19,29.884874268969998
28,id16,250.0,332.5,vial3,19,29.884874268969998
29,id16,250.0,332.5,vial3,19,29.884874268969998
30,id16,250.5,332.5,vial3,19,29.884874268969998
31,id16,252.5,332.5,vial3,19,29.884874268969998
32,id16,254.0,333.5,vial3,19,29.884874268969998
33,id16,255.0,333.5,vial3,19,29.884874268969998
34,id16,257.0,333.0,vial3,19,29.884874268969998
35,id16,258.5,335.0,vial3,19,29.884874268969998
36,id16,259.5,336.5,vial3,19,29.884874268969998
37,id16,261.0,335.5,vial3,19,29.884874268969998
38,id16,265.0,337.0,vial3,19,29.884874268969998
39,id16,268.5,336.5,vial3,19,29.884874268969998
40,id16,270.5,335.5,vial3,19,29.884874268969998
41,id16,269.5,333.5,vial3,19,29.884874268969998
42,id16,271.5,335.0,vial3,19,29.884874268969998
43,id16,273.5,335.5,vial3,19,29.884874268969998
44,id16,271.5,335.0,vial3,19,29.884874268969998
45,id16,271.5,334.5,vial3,19,29.884874268969998
46,id16,272.0,334.0,vial3,19,29.884874268969998
47,id16,273.5,335.0,vial3,19,29.884874268969998
48,id16,276.0,335.5,vial3,19,29.884874268969998
49,id16,277.0,335.0,vial3,19,29.884874268969998
50,id16,277.5,334.0,vial3,19,29.884874268969998
51,id16,278.0,333.0,vial3,19,29.884874268969998
52,id16,280.5,331.5,vial3,19,29.884874268969998
53,id16,280.5,330.0,vial3,19,29.884874268969998
54,id16,282.0,327.0,vial3,19,29.884874268969998
55,id16,282.5,325.0,vial3,19,29.884874268969998
56,id16,283.5,322.0,vial3,19,29.884874268969998
57,id16,283.5,319.0,vial3,19,29.884874268969998
58,id16,285.0,316.0,vial3,19,29.884874268969998
59,id16,285.5,313.0,vial3,19,29.884874268969998
60,id16,286.0,309.5,vial3,19,29.884874268969998
61,id16,286.5,306.5,vial3,19,29.884874268969998
62,id16,287.5,304.0,vial3,19,29.884874268969998
63,id16,288.0,301.0,vial3,19,29.884874268969998
64,id16,289.5,298.0,vial3,19,29.884874268969998
65,id16,290.5,295.0,vial3,19,29.884874268969998
66,id16,293.0,292.5,vial3,19,29.884874268969998
67,id16,294.5,290.5,vial3,19,29.884874268969998
68,id16,296.5,288.5,vial3,19,29.884874268969998
69,id16,298.5,287.5,vial3,19,29.884874268969998
70,id16,300.5,287.0,vial3,19,29.884874268969998
71,id16,301.5,285.5,vial3,19,29.884874268969998
72,id16,303.0,285.0,vial3,19,29.884874268969998
73,id16,303.5,283.0,vial3,19,29.884874268969998
74,id16,304.5,281.0,vial3,19,29.884874268969998
75,id16,305.0,279.5,vial3,19,29.884874268969998
76,id16,305.0,279.5,vial3,19,29.884874268969998
77,id16,305.0,279.5,vial3,19,29.884874268969998
78,id16,305.0,280.0,vial3,19,29.884874268969998
79,id16,304.5,280.5,vial3,19,29.884874268969998
80,id16,304.5,279.0,vial3,19,29.884874268969998
81,id16,305.0,275.5,vial3,19,29.884874268969998
82,id16,305.0,274.5,vial3,19,29.884874268969998
83,id16,304.5,272.5,vial3,19,29.884874268969998
84,id16,249.0,333.0,vial3,19,29.884874268969998
85,id16,249.5,332.5,vial3,19,29.884874268969998
86,id16,250.5,332.5,vial3,19,29.884874268969998
87,id16,251.5,332.0,vial3,19,29.884874268969998
88,id16,252.0,332.0,vial3,19,29.884874268969998
89,id16,252.5,332.0,vial3,19,29.884874268969998
90,id16,253.0,332.0,vial3,19,29.884874268969998
91,id16,253.0,332.0,vial3,19,29.884874268969998
92,id16,251.0,333.5,vial3,19,29.884874268969998
93,id16,251.5,333.0,vial3,19,29.884874268969998
94,id16,252.5,333.0,vial3,19,29.884874268969998
95,id16,254.5,333.5,vial3,19,29.884874268969998
96,id16,255.5,334.5,vial3,19,29.884874268969998
97,id16,258.0,335.5,vial3,19,29.884874268969998
98,id16,257.5,334.0,vial3,19,29.884874268969998
99,id16,261.0,333.5,vial3,19,29.884874268969998
100,id16,262.0,333.0,vial3,19,29.884874268969998
101,id16,263.0,333.0,vial3,19,29.884874268969998
102,id16,264.5,332.5,vial3,19,29.884874268969998
103,id16,265.5,332.5,vial3,19,29.884874268969998
104,id16,266.5,332.5,vial3,19,29.884874268969998
105,id16,267.0,332.5,vial3,19,29.884874268969998
106,id16,267.5,332.5,vial3,19,29.884874268969998
107,id16,268.5,332.0,vial3,19,29.884874268969998
108,id16,268.5,332.0,vial3,19,29.884874268969998
109,id16,268.5,331.5,vial3,19,29.884874268969998
110,id16,267.5,331.0,vial3,19,29.884874268969998
111,id16,266.0,331.5,vial3,19,29.884874268969998
112,id16,264.0,331.0,vial3,19,29.884874268969998
113,id16,262.0,331.0,vial3,19,29.884874268969998
114,id16,260.5,331.5,vial3,19,29.884874268969998
115,id16,260.5,332.0,vial3,19,29.884874268969998
116,id16,260.5,332.0,vial3,19,29.884874268969998
117,id16,260.5,332.0,vial3,19,29.884874268969998
118,id16,260.5,332.0,vial3,19,29.884874268969998
119,id16,260.5,332.0,vial3,19,29.884874268969998
120,id16,262.0,332.5,vial3,19,29.884874268969998
121,id16,263.5,333.0,vial3,19,29.884874268969998
122,id16,264.5,332.5,vial3,19,29.884874268969998
123,id16,267.0,333.0,vial3,19,29.884874268969998
124,id16,269.0,332.5,vial3,19,29.884874268969998
125,id16,270.0,333.0,vial3,19,29.884874268969998
126,id16,272.5,333.0,vial3,19,29.884874268969998
127,id16,274.5,333.0,vial3,19,29.884874268969998
128,id16,276.5,332.5,vial3,19,29.884874268969998
129,id16,278.5,332.0,vial3,19,29.884874268969998
130,id16,281.5,332.5,vial3,19,29.884874268969998
131,id16,283.0,332.5,vial3,19,29.884874268969998
132,id16,285.0,333.5,vial3,19,29.884874268969998
133,id16,286.0,333.5,vial3,19,29.884874268969998
134,id16,288.5,333.5,vial3,19,29.884874268969998
135,id16,290.5,333.0,vial3,19,29.884874268969998
136,id16,292.5,333.0,vial3,19,29.884874268969998
137,id16,294.5,333.5,vial3,19,29.884874268969998
138,id16,296.5,333.0,vial3,19,29.884874268969998
139,id16,298.0,333.0,vial3,19,29.884874268969998
140,id16,300.0,333.0,vial3,19,29.884874268969998
141,id16,302.0,333.0,vial3,19,29.884874268969998
142,id16,303.0,334.0,vial3,19,29.884874268969998
143,id16,303.5,334.0,vial3,19,29.884874268969998
144,id16,304.5,333.0,vial3,19,29.884874268969998
145,id16,304.5,333.0,vial3,19,29.884874268969998
146,id16,305.5,333.0,vial3,19,29.884874268969998
147,id16,306.5,333.5,vial3,19,29.884874268969998
148,id16,305.5,334.0,vial3,19,29.884874268969998
149,id16,305.5,334.0,vial3,19,29.884874268969998
150,id16,304.5,334.0,vial3,19,29.884874268969998
151,id16,304.5,334.0,vial3,19,29.884874268969998
152,id16,303.5,334.0,vial3,19,29.884874268969998
153,id16,303.0,334.5,vial3,19,29.884874268969998
154,id16,301.5,334.5,vial3,19,29.884874268969998
155,id16,300.5,335.0,vial3,19,29.884874268969998
156,id16,299.5,335.0,vial3,19,29.884874268969998
157,id16,299.5,334.5,vial3,19,29.884874268969998
158,id16,299.0,334.0,vial3,19,29.884874268969998
159,id16,299.0,333.5,vial3,19,29.884874268969998
160,id16,299.0,333.0,vial3,19,29.884874268969998
161,id16,299.5,332.0,vial3,19,29.884874268969998
162,id16,299.5,333.0,vial3,19,29.884874268969998
163,id16,300.5,332.0,vial3,19,29.884874268969998
164,id16,301.0,330.0,vial3,19,29.884874268969998
165,id16,301.5,327.5,vial3,19,29.884874268969998
166,id16,302.5,326.0,vial3,19,29.884874268969998
167,id16,303.5,323.5,vial3,19,29.884874268969998
168,id16,304.0,322.5,vial3,19,29.884874268969998
169,id16,305.0,320.5,vial3,19,29.884874268969998
170,id16,305.5,318.5,vial3,19,29.884874268969998
171,id16,306.0,317.0,vial3,19,29.884874268969998
172,id16,307.0,316.5,vial3,19,29.884874268969998
173,id16,306.5,316.0,vial3,19,29.884874268969998
174,id16,306.5,315.0,vial3,19,29.884874268969998
175,id16,306.5,313.5,vial3,19,29.884874268969998
176,id16,306.5,311.5,vial3,19,29.884874268969998
177,id16,306.5,308.5,vial3,19,29.884874268969998
178,id16,306.5,306.5,vial3,19,29.884874268969998
179,id16,306.0,303.5,vial3,19,29.884874268969998
180,id16,305.5,301.5,vial3,19,29.884874268969998
181,id16,305.5,298.5,vial3,19,29.884874268969998
182,id16,305.5,296.0,vial3,19,29.884874268969998
183,id16,305.0,293.0,vial3,19,29.884874268969998
184,id16,304.5,291.0,vial3,19,29.884874268969998
185,id16,304.0,288.0,vial3,19,29.884874268969998
186,id16,303.5,287.0,vial3,19,29.884874268969998
187,id16,303.5,285.5,vial3,19,29.884874268969998
188,id16,302.0,284.0,vial3,19,29.884874268969998
189,id16,301.0,283.0,vial3,19,29.884874268969998
190,id16,300.0,281.5,vial3,19,29.884874268969998
191,id16,298.0,280.0,vial3,19,29.884874268969998
192,id16,297.0,278.0,vial3,19,29.884874268969998
193,id16,296.0,276.5,vial3,19,29.884874268969998
194,id16,295.0,274.5,vial3,19,29.884874268969998
195,id16,294.5,271.0,vial3,19,29.884874268969998
196,id16,293.5,268.5,vial3,19,29.884874268969998
197,id16,293.5,266.0,vial3,19,29.884874268969998
198,id16,292.5,263.0,vial3,19,29.884874268969998
199,id16,291.5,260.0,vial3,19,29.884874268969998
200,id16,291.5,257.5,vial3,19,29.884874268969998
201,id16,291.0,255.0,vial3,19,29.884874268969998
202,id16,290.5,252.0,vial3,19,29.884874268969998
203,id16,290.5,250.0,vial3,19,29.884874268969998
204,id16,290.0,246.5,vial3,19,29.884874268969998
205,id16,290.0,244.0,vial3,19,29.884874268969998
206,id16,290.0,240.5,vial3,19,29.884874268969998
207,id16,289.5,238.0,vial3,19,29.884874268969998
208,id16,290.0,234.5,vial3,19,29.884874268969998
209,id16,290.5,231.5,vial3,19,29.884874268969998
210,id16,290.5,228.5,vial3,19,29.884874268969998
211,id16,290.5,225.5,vial3,19,29.884874268969998
212,id16,291.5,222.0,vial3,19,29.884874268969998
213,id16,291.5,218.5,vial3,19,29.884874268969998
214,id16,292.5,215.5,vial3,19,29.884874268969998
215,id16,293.5,213.0,vial3,19,29.884874268969998
216,id16,293.5,210.0,vial3,19,29.884874268969998
217,id16,294.5,207.0,vial3,19,29.884874268969998
218,id16,295.5,204.0,vial3,19,29.884874268969998
219,id16,295.5,201.0,vial3,19,29.884874268969998
220,id16,296.5,198.0,vial3,19,29.884874268969998
221,id16,297.5,195.0,vial3,19,29.884874268969998
222,id16,297.5,192.0,vial3,19,29.884874268969998
223,id16,298.5,189.0,vial3,19,29.884874268969998
224,id16,298.5,185.5,vial3,19,29.884874268969998
225,id16,299.5,183.0,vial3,19,29.884874268969998
226,id16,300.5,181.0,vial3,19,29.884874268969998
227,id16,301.5,178.0,vial3,19,29.884874268969998
228,id16,302.5,175.0,vial3,19,29.884874268969998
229,id16,303.5,172.5,vial3,19,29.884874268969998
230,id16,304.5,170.0,vial3,19,29.884874268969998
231,id16,305.5,167.5,vial3,19,29.884874268969998
232,id16,305.5,165.5,vial3,19,29.884874268969998
233,id16,306.5,164.0,vial3,19,29.884874268969998
234,id16,307.0,162.5,vial3,19,29.884874268969998
235,id16,307.5,161.0,vial3,19,29.884874268969998
236,id16,307.5,160.0,vial3,19,29.884874268969998
237,id16,307.5,158.5,vial3,19,29.884874268969998
238,id16,307.5,157.5,vial3,19,29.884874268969998
239,id16,306.5,156.0,vial3,19,29.884874268969998
240,id16,306.0,155.0,vial3,19,29.884874268969998
241,id16,305.0,153.5,vial3,19,29.884874268969998
242,id16,304.0,152.0,vial3,19,29.884874268969998
243,id16,303.5,151.0,vial3,19,29.884874268969998
244,id16,302.5,150.0,vial3,19,29.884874268969998
245,id16,300.5,149.5,vial3,19,29.884874268969998
246,id16,299.0,149.0,vial3,19,29.884874268969998
247,id16,297.5,150.0,vial3,19,29.884874268969998
248,id16,295.5,151.0,vial3,19,29.884874268969998
249,id16,294.0,150.5,vial3,19,29.884874268969998
250,id16,292.0,150.0,vial3,19,29.884874268969998
251,id16,291.0,148.5,vial3,19,29.884874268969998
252,id16,289.0,147.0,vial3,19,29.884874268969998
253,id16,287.5,144.0,vial3,19,29.884874268969998
254,id16,286.0,141.5,vial3,19,29.884874268969998
255,id16,284.0,139.5,vial3,19,29.884874268969998
256,id16,282.5,136.5,vial3,19,29.884874268969998
257,id16,281.0,134.0,vial3,19,29.884874268969998
258,id16,280.0,131.0,vial3,19,29.884874268969998
259,id16,278.5,128.0,vial3,19,29.884874268969998
260,id16,277.5,124.5,vial3,19,29.884874268969998
261,id16,277.5,122.0,vial3,19,29.884874268969998
262,id16,276.5,118.5,vial3,19,29.884874268969998
263,id16,276.5,115.5,vial3,19,29.884874268969998
264,id16,275.5,112.0,vial3,19,29.884874268969998
265,id16,274.5,109.0,vial3,19,29.884874268969998
266,id16,274.5,107.0,vial3,19,29.884874268969998
267,id16,274.5,104.0,vial3,19,29.884874268969998
268,id16,274.5,102.5,vial3,19,29.884874268969998
269,id16,274.5,101.0,vial3,19,29.884874268969998
270,id16,274.5,99.5,vial3,19,29.884874268969998
271,id16,273.5,98.0,vial3,19,29.884874268969998
272,id16,272.0,96.0,vial3,19,29.884874268969998
273,id16,271.0,94.5,vial3,19,29.884874268969998
274,id16,269.5,92.0,vial3,19,29.884874268969998
275,id16,268.0,90.5,vial3,19,29.884874268969998
276,id16,267.5,89.5,vial3,19,29.884874268969998
277,id16,267.0,88.5,vial3,19,29.884874268969998
278,id16,267.0,88.5,vial3,19,29.884874268969998
279,id16,266.5,88.5,vial3,19,29.884874268969998
280,id16,263.5,80.0,vial3,19,29.884874268969998
281,id16,259.5,57.5,vial3,19,29.884874268969998
282,id16,254.0,47.0,vial3,19,29.884874268969998
283,id16,253.5,46.5,vial3,19,29.884874268969998
284,id16,253.5,45.0,vial3,19,29.884874268969998
285,id16,253.5,44.5,vial3,19,29.884874268969998
286,id16,253.0,43.0,vial3,19,29.884874268969998
287,id16,253.0,41.0,vial3,19,29.884874268969998
288,id16,251.5,39.5,vial3,19,29.884874268969998
289,id16,251.0,37.5,vial3,19,29.884874268969998
290,id16,250.5,36.0,vial3,19,29.884874268969998
0,id17,299.5,333.0,vial3,20,29.884874268969998
1,id17,299.5,333.0,vial3,20,29.884874268969998
2,id17,298.5,333.5,vial3,20,29.884874268969998
3,id17,299.5,333.5,vial3,20,29.884874268969998
4,id17,297.0,334.0,vial3,20,29.884874268969998
5,id17,295.0,334.0,vial3,20,29.884874268969998
6,id17,295.0,334.0,vial3,20,29.884874268969998
7,id17,294.0,333.0,vial3,20,29.884874268969998
8,id17,296.5,332.0,vial3,20,29.884874268969998
9,id17,294.0,333.0,vial3,20,29.884874268969998
10,id17,292.5,333.0,vial3,20,29.884874268969998
11,id17,291.5,333.0,vial3,20,29.884874268969998
12,id17,291.5,333.0,vial3,20,29.884874268969998
13,id17,291.5,333.0,vial3,20,29.884874268969998
14,id17,291.5,332.5,vial3,20,29.884874268969998
15,id17,292.0,333.0,vial3,20,29.884874268969998
16,id17,294.0,333.5,vial3,20,29.884874268969998
17,id17,295.0,333.0,vial3,20,29.884874268969998
18,id17,296.5,333.0,vial3,20,29.884874268969998
19,id17,298.5,333.5,vial3,20,29.884874268969998
20,id17,299.0,333.5,vial3,20,29.884874268969998
21,id17,299.5,333.5,vial3,20,29.884874268969998
22,id17,298.5,334.0,vial3,20,29.884874268969998
23,id17,300.5,334.5,vial3,20,29.884874268969998
24,id17,301.5,334.0,vial3,20,29.884874268969998
25,id17,302.0,334.0,vial3,20,29.884874268969998
26,id17,302.5,334.0,vial3,20,29.884874268969998
27,id17,303.5,334.5,vial3,20,29.884874268969998
28,id17,306.0,334.5,vial3,20,29.884874268969998
29,id17,305.5,334.5,vial3,20,29.884874268969998
30,id17,306.5,334.5,vial3,20,29.884874268969998
31,id17,304.0,334.0,vial3,20,29.884874268969998
32,id17,302.5,333.5,vial3,20,29.884874268969998
33,id17,301.5,333.5,vial3,20,29.884874268969998
34,id17,300.5,334.0,vial3,20,29.884874268969998
35,id17,301.0,333.5,vial3,20,29.884874268969998
36,id17,302.0,334.0,vial3,20,29.884874268969998
37,id17,302.0,334.0,vial3,20,29.884874268969998
38,id17,301.5,334.5,vial3,20,29.884874268969998
39,id17,301.0,334.0,vial3,20,29.884874268969998
40,id17,301.5,332.5,vial3,20,29.884874268969998
41,id17,302.5,332.0,vial3,20,29.884874268969998
42,id17,302.5,328.0,vial3,20,29.884874268969998
43,id17,301.5,325.5,vial3,20,29.884874268969998
44,id17,301.0,322.0,vial3,20,29.884874268969998
45,id17,300.5,320.0,vial3,20,29.884874268969998
46,id17,299.5,317.0,vial3,20,29.884874268969998
47,id17,298.5,314.0,vial3,20,29.884874268969998
48,id17,298.5,310.0,vial3,20,29.884874268969998
49,id17,298.5,307.0,vial3,20,29.884874268969998
50,id17,299.5,303.0,vial3,20,29.884874268969998
51,id17,299.5,300.0,vial3,20,29.884874268969998
52,id17,300.5,296.5,vial3,20,29.884874268969998
53,id17,301.5,292.5,vial3,20,29.884874268969998
54,id17,302.0,289.5,vial3,20,29.884874268969998
55,id17,303.5,287.0,vial3,20,29.884874268969998
56,id17,304.5,284.0,vial3,20,29.884874268969998
57,id17,304.5,281.5,vial3,20,29.884874268969998
58,id17,305.5,279.5,vial3,20,29.884874268969998
59,id17,306.0,277.5,vial3,20,29.884874268969998
60,id17,306.0,275.5,vial3,20,29.884874268969998
61,id17,306.5,274.5,vial3,20,29.884874268969998
62,id17,306.5,273.5,vial3,20,29.884874268969998
63,id17,307.0,272.5,vial3,20,29.884874268969998
64,id17,306.5,272.5,vial3,20,29.884874268969998
65,id17,306.5,272.5,vial3,20,29.884874268969998
66,id17,306.5,272.5,vial3,20,29.884874268969998
67,id17,306.5,272.5,vial3,20,29.884874268969998
68,id17,306.5,272.5,vial3,20,29.884874268969998
69,id17,306.5,272.5,vial3,20,29.884874268969998
70,id17,306.5,273.0,vial3,20,29.884874268969998
71,id17,306.5,273.0,vial3,20,29.884874268969998
72,id17,306.5,273.0,vial3,20,29.884874268969998
73,id17,306.5,273.0,vial3,20,29.884874268969998
74,id17,306.5,273.0,vial3,20,29.884874268969998
75,id17,306.5,273.0,vial3,20,29.884874268969998
76,id17,306.5,273.0,vial3,20,29.884874268969998
77,id17,306.5,273.0,vial3,20,29.884874268969998
78,id17,306.5,273.0,vial3,20,29.884874268969998
79,id17,306.5,273.0,vial3,20,29.884874268969998
80,id17,306.5,273.0,vial3,20,29.884874268969998
81,id17,306.5,273.0,vial3,20,29.884874268969998
83,id17,306.5,273.5,vial3,20,29.884874268969998
84,id17,306.0,273.0,vial3,20,29.884874268969998
85,id17,306.5,273.0,vial3,20,29.884874268969998
86,id17,306.5,273.0,vial3,20,29.884874268969998
87,id17,306.5,272.5,vial3,20,29.884874268969998
88,id17,306.5,272.5,vial3,20,29.884874268969998
89,id17,307.0,272.5,vial3,20,29.884874268969998
90,id17,307.0,272.5,vial3,20,29.884874268969998
91,id17,307.0,272.5,vial3,20,29.884874268969998
92,id17,307.0,272.0,vial3,20,29.884874268969998
93,id17,307.0,272.5,vial3,20,29.884874268969998
94,id17,307.0,272.5,vial3,20,29.884874268969998
95,id17,307.0,272.5,vial3,20,29.884874268969998
96,id17,307.0,272.0,vial3,20,29.884874268969998
97,id17,307.0,272.0,vial3,20,29.884874268969998
98,id17,307.0,272.0,vial3,20,29.884874268969998
99,id17,307.0,272.0,vial3,20,29.884874268969998
100,id17,307.0,272.0,vial3,20,29.884874268969998
101,id17,307.0,272.0,vial3,20,29.884874268969998
102,id17,307.0,272.0,vial3,20,29.884874268969998
103,id17,307.0,272.5,vial3,20,29.884874268969998
104,id17,307.0,272.5,vial3,20,29.884874268969998
105,id17,306.5,272.5,vial3,20,29.884874268969998
106,id17,306.5,272.5,vial3,20,29.884874268969998
107,id17,306.5,272.5,vial3,20,29.884874268969998
108,id17,306.5,272.5,vial3,20,29.884874268969998
109,id17,282.0,272.0,vial3,20,29.884874268969998
110,id17,255.0,260.5,vial3,20,29.884874268969998
111,id17,255.5,258.0,vial3,20,29.884874268969998
112,id17,255.5,257.5,vial3,20,29.884874268969998
113,id17,256.0,256.5,vial3,20,29.884874268969998
114,id17,257.0,255.5,vial3,20,29.884874268969998
115,id17,257.5,254.5,vial3,20,29.884874268969998
116,id17,257.5,253.5,vial3,20,29.884874268969998
117,id17,257.5,253.0,vial3,20,29.884874268969998
118,id17,257.5,252.0,vial3,20,29.884874268969998
119,id17,257.0,250.0,vial3,20,29.884874268969998
120,id17,255.5,248.5,vial3,20,29.884874268969998
121,id17,254.5,246.0,vial3,20,29.884874268969998
122,id17,253.5,243.5,vial3,20,29.884874268969998
123,id17,252.5,242.0,vial3,20,29.884874268969998
124,id17,251.0,240.5,vial3,20,29.884874268969998
125,id17,250.5,239.5,vial3,20,29.884874268969998
126,id17,249.0,238.0,vial3,20,29.884874268969998
127,id17,247.5,236.5,vial3,20,29.884874268969998
128,id17,246.5,234.5,vial3,20,29.884874268969998
129,id17,245.5,232.5,vial3,20,29.884874268969998
130,id17,245.5,230.5,vial3,20,29.884874268969998
131,id17,244.5,228.0,vial3,20,29.884874268969998
132,id17,244.0,226.5,vial3,20,29.884874268969998
133,id17,243.5,223.5,vial3,20,29.884874268969998
134,id17,243.5,221.5,vial3,20,29.884874268969998
135,id17,243.0,219.5,vial3,20,29.884874268969998
136,id17,242.5,216.5,vial3,20,29.884874268969998
137,id17,243.0,214.5,vial3,20,29.884874268969998
138,id17,243.0,212.5,vial3,20,29.884874268969998
139,id17,243.0,210.5,vial3,20,29.884874268969998
140,id17,243.5,207.5,vial3,20,29.884874268969998
141,id17,243.5,204.0,vial3,20,29.884874268969998
142,id17,243.5,201.0,vial3,20,29.884874268969998
143,id17,243.5,198.0,vial3,20,29.884874268969998
144,id17,243.5,195.0,vial3,20,29.884874268969998
145,id17,243.5,192.0,vial3,20,29.884874268969998
146,id17,243.5,189.0,vial3,20,29.884874268969998
147,id17,244.0,185.0,vial3,20,29.884874268969998
148,id17,243.5,182.0,vial3,20,29.884874268969998
149,id17,244.5,179.0,vial3,20,29.884874268969998
150,id17,244.5,176.0,vial3,20,29.884874268969998
151,id17,244.5,172.0,vial3,20,29.884874268969998
152,id17,244.5,169.0,vial3,20,29.884874268969998
153,id17,244.5,166.0,vial3,20,29.884874268969998
154,id17,244.5,163.0,vial3,20,29.884874268969998
155,id17,244.5,160.0,vial3,20,29.884874268969998
156,id17,244.5,157.0,vial3,20,29.884874268969998
157,id17,244.0,154.0,vial3,20,29.884874268969998
168,id17,242.5,132.0,vial3,20,29.884874268969998
169,id17,243.0,131.5,vial3,20,29.884874268969998
170,id17,243.0,131.0,vial3,20,29.884874268969998
171,id17,243.0,131.0,vial3,20,29.884874268969998
172,id17,243.0,131.5,vial3,20,29.884874268969998
173,id17,243.0,131.5,vial3,20,29.884874268969998
174,id17,243.0,131.5,vial3,20,29.884874268969998
175,id17,243.0,131.5,vial3,20,29.884874268969998
176,id17,243.0,131.5,vial3,20,29.884874268969998
177,id17,243.0,131.5,vial3,20,29.884874268969998
178,id17,243.0,131.5,vial3,20,29.884874268969998
179,id17,242.5,131.5,vial3,20,29.884874268969998
180,id17,242.5,131.5,vial3,20,29.884874268969998
181,id17,243.0,131.5,vial3,20,29.884874268969998
182,id17,243.0,131.5,vial3,20,29.884874268969998
183,id17,243.0,131.5,vial3,20,29.884874268969998
184,id17,243.0,131.5,vial3,20,29.884874268969998
185,id17,243.0,131.5,vial3,20,29.884874268969998
220,id17,258.5,1.0,vial3,20,29.884874268969998
221,id17,259.0,1.0,vial3,20,29.884874268969998
222,id17,260.5,1.0,vial3,20,29.884874268969998
253,id17,285.0,2.0,vial3,20,29.884874268969998
0,id18,155.0,329.0,vial2,12,29.884874268969998
1,id18,152.5,330.0,vial2,12,29.884874268969998
2,id18,149.0,330.0,vial2,12,29.884874268969998
3,id18,147.0,331.0,vial2,12,29.884874268969998
4,id18,145.5,332.0,vial2,12,29.884874268969998
5,id18,144.0,333.0,vial2,12,29.884874268969998
6,id18,144.0,333.5,vial2,12,29.884874268969998
7,id18,144.5,333.5,vial2,12,29.884874268969998
8,id18,144.5,334.0,vial2,12,29.884874268969998
9,id18,144.5,334.0,vial2,12,29.884874268969998
10,id18,145.5,334.0,vial2,12,29.884874268969998
11,id18,145.0,334.0,vial2,12,29.884874268969998
12,id18,145.5,334.5,vial2,12,29.884874268969998
13,id18,145.0,335.0,vial2,12,29.884874268969998
14,id18,144.5,335.0,vial2,12,29.884874268969998
15,id18,144.0,335.0,vial2,12,29.884874268969998
16,id18,143.5,335.0,vial2,12,29.884874268969998
17,id18,143.0,335.0,vial2,12,29.884874268969998
18,id18,143.5,334.5,vial2,12,29.884874268969998
19,id18,144.5,334.5,vial2,12,29.884874268969998
20,id18,144.5,333.0,vial2,12,29.884874268969998
21,id18,145.0,330.5,vial2,12,29.884874268969998
22,id18,144.5,328.0,vial2,12,29.884874268969998
23,id18,144.5,325.0,vial2,12,29.884874268969998
24,id18,146.0,322.0,vial2,12,29.884874268969998
25,id18,146.5,318.5,vial2,12,29.884874268969998
26,id18,147.0,314.5,vial2,12,29.884874268969998
27,id18,147.5,311.5,vial2,12,29.884874268969998
28,id18,150.0,309.0,vial2,12,29.884874268969998
29,id18,152.0,306.0,vial2,12,29.884874268969998
30,id18,153.0,304.0,vial2,12,29.884874268969998
31,id18,155.0,300.5,vial2,12,29.884874268969998
32,id18,157.0,298.5,vial2,12,29.884874268969998
33,id18,159.5,296.0,vial2,12,29.884874268969998
34,id18,161.5,294.5,vial2,12,29.884874268969998
35,id18,163.0,292.5,vial2,12,29.884874268969998
36,id18,164.0,290.5,vial2,12,29.884874268969998
37,id18,165.5,288.5,vial2,12,29.884874268969998
38,id18,166.0,286.5,vial2,12,29.884874268969998
39,id18,168.0,285.0,vial2,12,29.884874268969998
40,id18,168.5,282.5,vial2,12,29.884874268969998
41,id18,168.5,280.5,vial2,12,29.884874268969998
42,id18,168.0,278.0,vial2,12,29.884874268969998
43,id18,168.0,275.5,vial2,12,29.884874268969998
44,id18,167.0,272.0,vial2,12,29.884874268969998
45,id18,167.5,269.5,vial2,12,29.884874268969998
46,id18,167.5,267.5,vial2,12,29.884874268969998
47,id18,167.5,264.5,vial2,12,29.884874268969998
48,id18,167.5,262.0,vial2,12,29.884874268969998
49,id18,167.5,259.5,vial2,12,29.884874268969998
50,id18,167.5,257.5,vial2,12,29.884874268969998
51,id18,167.5,255.0,vial2,12,29.884874268969998
52,id18,166.0,253.0,vial2,12,29.884874268969998
53,id18,164.0,251.0,vial2,12,29.884874268969998
54,id18,162.0,249.0,vial2,12,29.884874268969998
55,id18,160.0,247.0,vial2,12,29.884874268969998
56,id18,159.0,244.5,vial2,12,29.884874268969998
57,id18,157.0,242.5,vial2,12,29.884874268969998
58,id18,155.5,240.0,vial2,12,29.884874268969998
59,id18,154.0,238.0,vial2,12,29.884874268969998
60,id18,153.0,236.0,vial2,12,29.884874268969998
61,id18,151.5,234.0,vial2,12,29.884874268969998
62,id18,151.0,233.0,vial2,12,29.884874268969998
63,id18,150.5,232.0,vial2,12,29.884874268969998
64,id18,150.0,232.0,vial2,12,29.884874268969998
65,id18,150.0,232.0,vial2,12,29.884874268969998
66,id18,150.0,232.0,vial2,12,29.884874268969998
67,id18,150.0,231.0,vial2,12,29.884874268969998
68,id18,150.0,231.0,vial2,12,29.884874268969998
69,id18,149.5,231.0,vial2,12,29.884874268969998
70,id18,149.5,230.0,vial2,12,29.884874268969998
71,id18,149.0,230.0,vial2,12,29.884874268969998
72,id18,149.0,229.0,vial2,12,29.884874268969998
73,id18,149.0,229.0,vial2,12,29.884874268969998
74,id18,149.0,229.0,vial2,12,29.884874268969998
75,id18,149.0,229.0,vial2,12,29.884874268969998
76,id18,149.0,228.0,vial2,12,29.884874268969998
77,id18,149.0,228.0,vial2,12,29.884874268969998
78,id18,149.5,228.0,vial2,12,29.884874268969998
79,id18,149.5,227.0,vial2,12,29.884874268969998
80,id18,149.5,227.0,vial2,12,29.884874268969998
81,id18,149.5,226.5,vial2,12,29.884874268969998
82,id18,149.5,226.5,vial2,12,29.884874268969998
83,id18,149.5,226.0,vial2,12,29.884874268969998
84,id18,149.5,214.0,vial2,12,29.884874268969998
85,id18,150.5,181.5,vial2,12,29.884874268969998
86,id18,126.5,159.5,vial2,12,29.884874268969998
87,id18,126.0,159.5,vial2,12,29.884874268969998
88,id18,126.0,159.5,vial2,12,29.884874268969998
89,id18,126.0,159.5,vial2,12,29.884874268969998
90,id18,126.0,159.5,vial2,12,29.884874268969998
91,id18,126.0,159.5,vial2,12,29.884874268969998
92,id18,126.0,159.5,vial2,12,29.884874268969998
93,id18,126.0,159.5,vial2,12,29.884874268969998
94,id18,125.5,159.5,vial2,12,29.884874268969998
95,id18,125.5,160.0,vial2,12,29.884874268969998
96,id18,126.5,159.5,vial2,12,29.884874268969998
97,id18,126.5,159.0,vial2,12,29.884874268969998
98,id18,127.5,158.5,vial2,12,29.884874268969998
99,id18,128.5,158.0,vial2,12,29.884874268969998
100,id18,129.0,158.0,vial2,12,29.884874268969998
101,id18,129.0,157.5,vial2,12,29.884874268969998
102,id18,130.0,157.5,vial2,12,29.884874268969998
103,id18,131.0,156.5,vial2,12,29.884874268969998
104,id18,132.0,155.5,vial2,12,29.884874268969998
105,id18,133.5,154.5,vial2,12,29.884874268969998
106,id18,134.5,153.0,vial2,12,29.884874268969998
107,id18,136.5,151.5,vial2,12,29.884874268969998
108,id18,138.5,150.5,vial2,12,29.884874268969998
109,id18,140.5,149.0,vial2,12,29.884874268969998
110,id18,142.5,148.5,vial2,12,29.884874268969998
111,id18,144.0,149.0,vial2,12,29.884874268969998
112,id18,146.0,150.5,vial2,12,29.884874268969998
113,id18,147.5,151.5,vial2,12,29.884874268969998
114,id18,149.0,153.5,vial2,12,29.884874268969998
115,id18,150.5,154.5,vial2,12,29.884874268969998
116,id18,152.5,155.0,vial2,12,29.884874268969998
117,id18,154.0,156.0,vial2,12,29.884874268969998
118,id18,156.0,156.5,vial2,12,29.884874268969998
119,id18,157.0,156.0,vial2,12,29.884874268969998
120,id18,159.0,155.5,vial2,12,29.884874268969998
121,id18,160.5,154.5,vial2,12,29.884874268969998
122,id18,162.5,153.0,vial2,12,29.884874268969998
123,id18,163.5,150.0,vial2,12,29.884874268969998
124,id18,165.0,147.5,vial2,12,29.884874268969998
125,id18,167.0,145.5,vial2,12,29.884874268969998
126,id18,168.5,142.0,vial2,12,29.884874268969998
127,id18,170.0,139.0,vial2,12,29.884874268969998
128,id18,171.0,136.0,vial2,12,29.884874268969998
129,id18,172.5,133.0,vial2,12,29.884874268969998
130,id18,173.5,130.0,vial2,12,29.884874268969998
131,id18,174.5,127.0,vial2,12,29.884874268969998
132,id18,175.5,124.0,vial2,12,29.884874268969998
133,id18,177.0,120.5,vial2,12,29.884874268969998
134,id18,178.5,118.0,vial2,12,29.884874268969998
135,id18,179.5,115.0,vial2,12,29.884874268969998
136,id18,180.5,112.0,vial2,12,29.884874268969998
137,id18,181.0,110.0,vial2,12,29.884874268969998
138,id18,181.5,106.0,vial2,12,29.884874268969998
139,id18,183.0,103.5,vial2,12,29.884874268969998
140,id18,183.5,101.0,vial2,12,29.884874268969998
141,id18,184.5,98.0,vial2,12,29.884874268969998
142,id18,185.5,95.5,vial2,12,29.884874268969998
143,id18,186.5,94.0,vial2,12,29.884874268969998
144,id18,187.5,93.0,vial2,12,29.884874268969998
145,id18,187.5,91.5,vial2,12,29.884874268969998
146,id18,188.5,90.0,vial2,12,29.884874268969998
147,id18,188.5,88.0,vial2,12,29.884874268969998
148,id18,188.5,86.0,vial2,12,29.884874268969998
149,id18,188.5,84.0,vial2,12,29.884874268969998
150,id18,188.5,83.0,vial2,12,29.884874268969998
151,id18,188.5,80.5,vial2,12,29.884874268969998
152,id18,187.5,79.5,vial2,12,29.884874268969998
153,id18,187.0,77.5,vial2,12,29.884874268969998
154,id18,186.0,75.5,vial2,12,29.884874268969998
155,id18,185.5,74.5,vial2,12,29.884874268969998
156,id18,184.5,72.5,vial2,12,29.884874268969998
157,id18,183.5,71.0,vial2,12,29.884874268969998
158,id18,183.5,69.0,vial2,12,29.884874268969998
159,id18,182.5,67.0,vial2,12,29.884874268969998
160,id18,183.5,64.5,vial2,12,29.884874268969998
161,id18,183.5,61.0,vial2,12,29.884874268969998
162,id18,184.0,59.0,vial2,12,29.884874268969998
163,id18,184.5,56.0,vial2,12,29.884874268969998
164,id18,185.0,54.0,vial2,12,29.884874268969998
165,id18,184.5,52.0,vial2,12,29.884874268969998
166,id18,185.5,49.0,vial2,12,29.884874268969998
167,id18,185.5,47.0,vial2,12,29.884874268969998
168,id18,186.5,45.0,vial2,12,29.884874268969998
169,id18,186.5,43.5,vial2,12,29.884874268969998
170,id18,186.5,42.0,vial2,12,29.884874268969998
171,id18,186.5,40.5,vial2,12,29.884874268969998
172,id18,186.5,38.0,vial2,12,29.884874268969998
173,id18,186.5,36.0,vial2,12,29.884874268969998
174,id18,186.5,34.0,vial2,12,29.884874268969998
175,id18,186.5,32.0,vial2,12,29.884874268969998
176,id18,186.5,30.0,vial2,12,29.884874268969998
177,id18,186.5,29.0,vial2,12,29.884874268969998
178,id18,187.0,27.5,vial2,12,29.884874268969998
179,id18,187.5,27.0,vial2,12,29.884874268969998
180,id18,188.5,25.5,vial2,12,29.884874268969998
181,id18,188.5,24.5,vial2,12,29.884874268969998
182,id18,189.5,23.5,vial2,12,29.884874268969998
183,id18,189.5,22.5,vial2,12,29.884874268969998
184,id18,189.5,21.0,vial2,12,29.884874268969998
185,id18,189.5,19.5,vial2,12,29.884874268969998
186,id18,189.5,18.5,vial2,12,29.884874268969998
187,id18,189.5,18.0,vial2,12,29.884874268969998
188,id18,188.5,17.0,vial2,12,29.884874268969998
189,id18,188.0,15.5,vial2,12,29.884874268969998
190,id18,187.5,15.0,vial2,12,29.884874268969998
191,id18,186.5,13.5,vial2,12,29.884874268969998
192,id18,185.5,12.5,vial2,12,29.884874268969998
193,id18,185.0,11.0,vial2,12,29.884874268969998
194,id18,185.0,9.5,vial2,12,29.884874268969998
195,id18,184.5,7.0,vial2,12,29.884874268969998
196,id18,184.5,6.0,vial2,12,29.884874268969998
197,id18,184.5,4.5,vial2,12,29.884874268969998
0,id19,651.0,336.0,vial6,39,29.884874268969998
1,id19,651.5,336.0,vial6,39,29.884874268969998
2,id19,650.5,335.5,vial6,39,29.884874268969998
3,id19,652.5,335.5,vial6,39,29.884874268969998
4,id19,653.5,335.5,vial6,39,29.884874268969998
5,id19,654.0,334.5,vial6,39,29.884874268969998
6,id19,654.5,334.5,vial6,39,29.884874268969998
7,id19,654.5,335.0,vial6,39,29.884874268969998
8,id19,653.0,335.0,vial6,39,29.884874268969998
9,id19,653.0,335.0,vial6,39,29.884874268969998
10,id19,652.5,334.5,vial6,39,29.884874268969998
11,id19,651.0,334.5,vial6,39,29.884874268969998
12,id19,651.5,334.5,vial6,39,29.884874268969998
13,id19,654.5,333.5,vial6,39,29.884874268969998
14,id19,655.5,334.0,vial6,39,29.884874268969998
15,id19,657.0,334.0,vial6,39,29.884874268969998
16,id19,658.0,334.0,vial6,39,29.884874268969998
17,id19,658.0,334.0,vial6,39,29.884874268969998
18,id19,658.0,334.0,vial6,39,29.884874268969998
19,id19,658.0,334.0,vial6,39,29.884874268969998
20,id19,658.0,334.0,vial6,39,29.884874268969998
21,id19,657.5,334.0,vial6,39,29.884874268969998
22,id19,657.0,334.0,vial6,39,29.884874268969998
23,id19,656.5,334.0,vial6,39,29.884874268969998
24,id19,656.5,334.0,vial6,39,29.884874268969998
25,id19,657.0,334.0,vial6,39,29.884874268969998
26,id19,657.0,334.0,vial6,39,29.884874268969998
27,id19,657.5,334.0,vial6,39,29.884874268969998
28,id19,658.5,335.0,vial6,39,29.884874268969998
29,id19,659.0,335.0,vial6,39,29.884874268969998
30,id19,659.5,335.0,vial6,39,29.884874268969998
31,id19,659.5,335.0,vial6,39,29.884874268969998
32,id19,660.5,334.5,vial6,39,29.884874268969998
33,id19,660.5,334.5,vial6,39,29.884874268969998
34,id19,660.5,335.0,vial6,39,29.884874268969998
35,id19,659.0,330.0,vial6,39,29.884874268969998
36,id19,652.5,311.0,vial6,39,29.884874268969998
37,id19,649.0,334.5,vial6,39,29.884874268969998
38,id19,650.0,337.0,vial6,39,29.884874268969998
39,id19,650.0,337.0,vial6,39,29.884874268969998
40,id19,650.0,337.0,vial6,39,29.884874268969998
41,id19,650.0,336.5,vial6,39,29.884874268969998
42,id19,650.0,336.0,vial6,39,29.884874268969998
43,id19,649.5,336.0,vial6,39,29.884874268969998
44,id19,649.5,336.0,vial6,39,29.884874268969998
45,id19,648.5,336.5,vial6,39,29.884874268969998
46,id19,648.5,336.0,vial6,39,29.884874268969998
47,id19,647.5,336.0,vial6,39,29.884874268969998
48,id19,646.0,335.5,vial6,39,29.884874268969998
49,id19,644.5,336.0,vial6,39,29.884874268969998
50,id19,643.5,336.0,vial6,39,29.884874268969998
51,id19,644.0,336.0,vial6,39,29.884874268969998
52,id19,644.0,336.0,vial6,39,29.884874268969998
53,id19,643.5,336.0,vial6,39,29.884874268969998
54,id19,644.0,335.5,vial6,39,29.884874268969998
55,id19,644.0,336.0,vial6,39,29.884874268969998
56,id19,644.0,336.0,vial6,39,29.884874268969998
57,id19,644.0,336.0,vial6,39,29.884874268969998
58,id19,644.0,336.0,vial6,39,29.884874268969998
59,id19,644.0,336.0,vial6,39,29.884874268969998
60,id19,644.0,336.0,vial6,39,29.884874268969998
61,id19,644.0,336.0,vial6,39,29.884874268969998
62,id19,643.5,336.5,vial6,39,29.884874268969998
63,id19,643.0,336.5,vial6,39,29.884874268969998
64,id19,643.0,336.5,vial6,39,29.884874268969998
65,id19,642.0,336.0,vial6,39,29.884874268969998
66,id19,642.0,336.0,vial6,39,29.884874268969998
67,id19,641.0,336.0,vial6,39,29.884874268969998
68,id19,641.0,336.0,vial6,39,29.884874268969998
69,id19,640.5,336.0,vial6,39,29.884874268969998
70,id19,640.0,336.0,vial6,39,29.884874268969998
71,id19,638.5,336.0,vial6,39,29.884874268969998
72,id19,638.0,324.0,vial6,39,29.884874268969998
73,id19,621.5,303.5,vial6,39,29.884874268969998
74,id19,624.5,309.5,vial6,39,29.884874268969998
80,id19,637.5,336.0,vial6,39,29.884874268969998
81,id19,639.5,313.0,vial6,39,29.884874268969998
82,id19,635.0,285.5,vial6,39,29.884874268969998
83,id19,620.0,295.5,vial6,39,29.884874268969998
84,id19,623.5,319.5,vial6,39,29.884874268969998
85,id19,626.0,319.5,vial6,39,29.884874268969998
86,id19,625.0,320.0,vial6,39,29.884874268969998
87,id19,626.5,323.0,vial6,39,29.884874268969998
88,id19,626.0,322.5,vial6,39,29.884874268969998
89,id19,625.0,322.0,vial6,39,29.884874268969998
90,id19,624.0,322.0,vial6,39,29.884874268969998
91,id19,624.0,321.5,vial6,39,29.884874268969998
92,id19,624.0,321.5,vial6,39,29.884874268969998
93,id19,624.0,321.5,vial6,39,29.884874268969998
94,id19,624.0,321.0,vial6,39,29.884874268969998
95,id19,624.0,321.0,vial6,39,29.884874268969998
96,id19,624.0,321.0,vial6,39,29.884874268969998
97,id19,623.5,320.5,vial6,39,29.884874268969998
98,id19,623.5,320.5,vial6,39,29.884874268969998
99,id19,624.0,320.0,vial6,39,29.884874268969998
100,id19,623.5,320.0,vial6,39,29.884874268969998
101,id19,623.0,319.0,vial6,39,29.884874268969998
102,id19,622.0,319.0,vial6,39,29.884874268969998
103,id19,622.0,318.0,vial6,39,29.884874268969998
104,id19,621.5,318.0,vial6,39,29.884874268969998
105,id19,620.5,317.0,vial6,39,29.884874268969998
106,id19,620.5,316.0,vial6,39,29.884874268969998
107,id19,620.5,316.0,vial6,39,29.884874268969998
108,id19,619.5,316.0,vial6,39,29.884874268969998
109,id19,619.5,315.0,vial6,39,29.884874268969998
110,id19,619.0,314.0,vial6,39,29.884874268969998
111,id19,618.5,313.0,vial6,39,29.884874268969998
112,id19,618.5,312.5,vial6,39,29.884874268969998
113,id19,617.5,312.0,vial6,39,29.884874268969998
114,id19,617.5,311.0,vial6,39,29.884874268969998
115,id19,616.5,310.0,vial6,39,29.884874268969998
116,id19,616.0,309.0,vial6,39,29.884874268969998
117,id19,615.0,307.5,vial6,39,29.884874268969998
118,id19,614.0,306.0,vial6,39,29.884874268969998
119,id19,613.0,305.5,vial6,39,29.884874268969998
120,id19,612.0,304.5,vial6,39,29.884874268969998
121,id19,611.0,304.0,vial6,39,29.884874268969998
122,id19,610.5,304.0,vial6,39,29.884874268969998
123,id19,609.0,302.5,vial6,39,29.884874268969998
124,id19,609.0,302.5,vial6,39,29.884874268969998
125,id19,608.5,301.5,vial6,39,29.884874268969998
126,id19,608.0,301.5,vial6,39,29.884874268969998
127,id19,608.0,301.5,vial6,39,29.884874268969998
128,id19,607.0,300.0,vial6,39,29.884874268969998
129,id19,606.5,299.5,vial6,39,29.884874268969998
130,id19,606.0,299.0,vial6,39,29.884874268969998
131,id19,605.0,298.0,vial6,39,29.884874268969998
132,id19,604.0,298.0,vial6,39,29.884874268969998
133,id19,604.0,297.0,vial6,39,29.884874268969998
134,id19,603.0,297.0,vial6,39,29.884874268969998
135,id19,602.5,296.0,vial6,39,29.884874268969998
136,id19,601.5,295.0,vial6,39,29.884874268969998
137,id19,601.5,294.0,vial6,39,29.884874268969998
138,id19,601.5,294.0,vial6,39,29.884874268969998
139,id19,601.0,294.0,vial6,39,29.884874268969998
140,id19,600.5,293.0,vial6,39,29.884874268969998
141,id19,600.5,293.0,vial6,39,29.884874268969998
142,id19,600.5,293.0,vial6,39,29.884874268969998
143,id19,600.5,293.0,vial6,39,29.884874268969998
144,id19,600.5,293.0,vial6,39,29.884874268969998
145,id19,600.5,293.0,vial6,39,29.884874268969998
146,id19,600.0,293.0,vial6,39,29.884874268969998
147,id19,600.0,293.5,vial6,39,29.884874268969998
148,id19,600.5,293.5,vial6,39,29.884874268969998
149,id19,600.5,294.0,vial6,39,29.884874268969998
150,id19,600.5,294.0,vial6,39,29.884874268969998
151,id19,600.5,294.0,vial6,39,29.884874268969998
152,id19,600.5,294.5,vial6,39,29.884874268969998
153,id19,600.5,294.5,vial6,39,29.884874268969998
154,id19,600.5,294.5,vial6,39,29.884874268969998
155,id19,600.5,295.0,vial6,39,29.884874268969998
156,id19,601.0,295.0,vial6,39,29.884874268969998
157,id19,601.0,295.0,vial6,39,29.884874268969998
158,id19,601.0,295.5,vial6,39,29.884874268969998
159,id19,601.5,295.0,vial6,39,29.884874268969998
160,id19,601.5,295.0,vial6,39,29.884874268969998
161,id19,601.5,295.0,vial6,39,29.884874268969998
162,id19,602.0,295.0,vial6,39,29.884874268969998
163,id19,602.0,295.0,vial6,39,29.884874268969998
164,id19,602.0,295.0,vial6,39,29.884874268969998
165,id19,602.5,295.0,vial6,39,29.884874268969998
166,id19,602.5,295.0,vial6,39,29.884874268969998
167,id19,602.5,295.0,vial6,39,29.884874268969998
168,id19,602.5,295.0,vial6,39,29.884874268969998
169,id19,602.5,295.0,vial6,39,29.884874268969998
170,id19,602.5,295.0,vial6,39,29.884874268969998
171,id19,602.0,295.5,vial6,39,29.884874268969998
172,id19,602.0,295.5,vial6,39,29.884874268969998
173,id19,602.5,295.5,vial6,39,29.884874268969998
174,id19,602.5,295.0,vial6,39,29.884874268969998
175,id19,603.5,294.0,vial6,39,29.884874268969998
176,id19,603.5,294.0,vial6,39,29.884874268969998
177,id19,603.5,293.5,vial6,39,29.884874268969998
178,id19,603.5,293.0,vial6,39,29.884874268969998
179,id19,604.5,292.0,vial6,39,29.884874268969998
180,id19,604.5,291.5,vial6,39,29.884874268969998
181,id19,604.5,291.0,vial6,39,29.884874268969998
182,id19,605.0,290.0,vial6,39,29.884874268969998
183,id19,606.0,289.0,vial6,39,29.884874268969998
184,id19,607.0,289.0,vial6,39,29.884874268969998
185,id19,607.5,288.0,vial6,39,29.884874268969998
186,id19,609.0,287.0,vial6,39,29.884874268969998
187,id19,610.0,287.0,vial6,39,29.884874268969998
188,id19,611.0,286.0,vial6,39,29.884874268969998
189,id19,612.0,285.0,vial6,39,29.884874268969998
190,id19,613.0,285.5,vial6,39,29.884874268969998
191,id19,614.0,284.0,vial6,39,29.884874268969998
192,id19,614.5,284.0,vial6,39,29.884874268969998
193,id19,615.0,283.0,vial6,39,29.884874268969998
194,id19,616.0,283.0,vial6,39,29.884874268969998
195,id19,616.0,282.5,vial6,39,29.884874268969998
196,id19,617.0,281.5,vial6,39,29.884874268969998
197,id19,618.0,280.5,vial6,39,29.884874268969998
198,id19,619.0,280.0,vial6,39,29.884874268969998
199,id19,619.0,279.5,vial6,39,29.884874268969998
200,id19,620.0,278.5,vial6,39,29.884874268969998
201,id19,621.0,277.5,vial6,39,29.884874268969998
202,id19,622.0,276.5,vial6,39,29.884874268969998
203,id19,623.0,274.5,vial6,39,29.884874268969998
204,id19,624.0,273.5,vial6,39,29.884874268969998
205,id19,625.0,272.5,vial6,39,29.884874268969998
206,id19,625.5,271.0,vial6,39,29.884874268969998
207,id19,626.0,270.0,vial6,39,29.884874268969998
208,id19,627.5,268.0,vial6,39,29.884874268969998
209,id19,628.5,266.5,vial6,39,29.884874268969998
210,id19,629.0,265.0,vial6,39,29.884874268969998
211,id19,630.5,263.0,vial6,39,29.884874268969998
212,id19,630.5,261.5,vial6,39,29.884874268969998
213,id19,631.0,260.0,vial6,39,29.884874268969998
214,id19,631.5,258.0,vial6,39,29.884874268969998
215,id19,632.5,257.0,vial6,39,29.884874268969998
216,id19,633.5,254.5,vial6,39,29.884874268969998
217,id19,635.0,254.0,vial6,39,29.884874268969998
218,id19,636.5,253.0,vial6,39,29.884874268969998
219,id19,637.5,251.5,vial6,39,29.884874268969998
220,id19,638.5,250.5,vial6,39,29.884874268969998
221,id19,640.0,249.0,vial6,39,29.884874268969998
222,id19,641.5,247.5,vial6,39,29.884874268969998
223,id19,643.0,246.0,vial6,39,29.884874268969998
224,id19,644.0,243.5,vial6,39,29.884874268969998
225,id19,646.0,242.5,vial6,39,29.884874268969998
226,id19,647.5,240.5,vial6,39,29.884874268969998
227,id19,649.0,239.5,vial6,39,29.884874268969998
228,id19,650.0,238.5,vial6,39,29.884874268969998
229,id19,651.0,237.5,vial6,39,29.884874268969998
230,id19,652.0,236.0,vial6,39,29.884874268969998
231,id19,653.0,235.5,vial6,39,29.884874268969998
232,id19,654.0,234.5,vial6,39,29.884874268969998
233,id19,655.0,233.0,vial6,39,29.884874268969998
234,id19,656.0,232.5,vial6,39,29.884874268969998
235,id19,657.0,232.0,vial6,39,29.884874268969998
236,id19,657.5,231.0,vial6,39,29.884874268969998
237,id19,658.5,230.0,vial6,39,29.884874268969998
238,id19,659.0,229.5,vial6,39,29.884874268969998
239,id19,660.0,227.5,vial6,39,29.884874268969998
240,id19,660.5,227.5,vial6,39,29.884874268969998
241,id19,661.5,226.0,vial6,39,29.884874268969998
242,id19,662.0,225.0,vial6,39,29.884874268969998
243,id19,662.5,224.0,vial6,39,29.884874268969998
244,id19,663.5,223.0,vial6,39,29.884874268969998
245,id19,663.5,223.0,vial6,39,29.884874268969998
246,id19,664.0,222.0,vial6,39,29.884874268969998
247,id19,664.5,221.5,vial6,39,29.884874268969998
248,id19,665.0,220.5,vial6,39,29.884874268969998
249,id19,665.0,221.0,vial6,39,29.884874268969998
250,id19,665.5,220.5,vial6,39,29.884874268969998
251,id19,666.0,219.5,vial6,39,29.884874268969998
252,id19,666.0,218.5,vial6,39,29.884874268969998
253,id19,666.0,218.0,vial6,39,29.884874268969998
254,id19,666.0,218.0,vial6,39,29.884874268969998
255,id19,666.0,217.0,vial6,39,29.884874268969998
256,id19,665.5,217.5,vial6,39,29.884874268969998
257,id19,665.5,217.0,vial6,39,29.884874268969998
258,id19,665.5,216.5,vial6,39,29.884874268969998
259,id19,665.5,216.5,vial6,39,29.884874268969998
260,id19,664.5,216.5,vial6,39,29.884874268969998
261,id19,664.0,216.5,vial6,39,29.884874268969998
262,id19,663.5,216.5,vial6,39,29.884874268969998
263,id19,663.0,216.5,vial6,39,29.884874268969998
264,id19,662.0,216.0,vial6,39,29.884874268969998
265,id19,661.5,215.5,vial6,39,29.884874268969998
266,id19,661.0,215.0,vial6,39,29.884874268969998
267,id19,659.0,214.0,vial6,39,29.884874268969998
268,id19,659.0,214.0,vial6,39,29.884874268969998
269,id19,658.5,213.0,vial6,39,29.884874268969998
270,id19,657.0,212.0,vial6,39,29.884874268969998
271,id19,656.0,211.0,vial6,39,29.884874268969998
272,id19,655.0,209.5,vial6,39,29.884874268969998
273,id19,654.0,208.0,vial6,39,29.884874268969998
274,id19,653.0,206.5,vial6,39,29.884874268969998
275,id19,652.0,205.5,vial6,39,29.884874268969998
276,id19,650.5,204.0,vial6,39,29.884874268969998
277,id19,650.0,202.0,vial6,39,29.884874268969998
278,id19,649.0,200.5,vial6,39,29.884874268969998
279,id19,648.0,198.0,vial6,39,29.884874268969998
280,id19,647.0,196.5,vial6,39,29.884874268969998
281,id19,645.0,194.5,vial6,39,29.884874268969998
282,id19,644.0,192.5,vial6,39,29.884874268969998
283,id19,643.0,191.0,vial6,39,29.884874268969998
284,id19,642.0,189.0,vial6,39,29.884874268969998
285,id19,641.0,187.0,vial6,39,29.884874268969998
286,id19,640.0,185.0,vial6,39,29.884874268969998
287,id19,639.0,183.0,vial6,39,29.884874268969998
288,id19,637.5,181.0,vial6,39,29.884874268969998
289,id19,636.0,178.5,vial6,39,29.884874268969998
290,id19,635.0,176.0,vial6,39,29.884874268969998
0,id2,518.0,209.0,vial5,32,29.884874268969998
1,id2,518.0,207.5,vial5,32,29.884874268969998
2,id2,515.0,207.0,vial5,32,29.884874268969998
3,id2,512.5,206.0,vial5,32,29.884874268969998
4,id2,510.0,206.0,vial5,32,29.884874268969998
5,id2,506.5,205.0,vial5,32,29.884874268969998
6,id2,504.0,205.0,vial5,32,29.884874268969998
7,id2,503.5,204.0,vial5,32,29.884874268969998
8,id2,501.5,203.0,vial5,32,29.884874268969998
9,id2,500.0,202.0,vial5,32,29.884874268969998
10,id2,498.5,200.5,vial5,32,29.884874268969998
11,id2,496.0,199.0,vial5,32,29.884874268969998
12,id2,495.5,197.0,vial5,32,29.884874268969998
13,id2,493.0,195.0,vial5,32,29.884874268969998
14,id2,491.5,193.0,vial5,32,29.884874268969998
15,id2,489.0,191.0,vial5,32,29.884874268969998
16,id2,487.0,190.0,vial5,32,29.884874268969998
17,id2,486.0,188.5,vial5,32,29.884874268969998
18,id2,483.5,186.0,vial5,32,29.884874268969998
21,id2,483.5,184.5,vial5,32,29.884874268969998
34,id2,485.0,169.0,vial5,32,29.884874268969998
35,id2,485.0,166.0,vial5,32,29.884874268969998
36,id2,485.0,162.0,vial5,32,29.884874268969998
37,id2,485.5,158.5,vial5,32,29.884874268969998
38,id2,485.0,155.0,vial5,32,29.884874268969998
39,id2,485.0,152.0,vial5,32,29.884874268969998
40,id2,485.0,149.0,vial5,32,29.884874268969998
41,id2,484.0,146.0,vial5,32,29.884874268969998
42,id2,484.0,143.0,vial5,32,29.884874268969998
43,id2,483.5,140.0,vial5,32,29.884874268969998
44,id2,483.0,137.0,vial5,32,29.884874268969998
45,id2,483.0,135.0,vial5,32,29.884874268969998
46,id2,482.5,132.5,vial5,32,29.884874268969998
47,id2,482.0,131.0,vial5,32,29.884874268969998
48,id2,482.0,129.5,vial5,32,29.884874268969998
49,id2,482.0,128.5,vial5,32,29.884874268969998
50,id2,482.5,128.0,vial5,32,29.884874268969998
51,id2,482.5,127.5,vial5,32,29.884874268969998
52,id2,483.5,126.5,vial5,32,29.884874268969998
53,id2,483.5,125.5,vial5,32,29.884874268969998
54,id2,484.5,124.5,vial5,32,29.884874268969998
55,id2,485.0,123.5,vial5,32,29.884874268969998
56,id2,485.0,122.0,vial5,32,29.884874268969998
57,id2,486.0,120.5,vial5,32,29.884874268969998
58,id2,487.0,118.5,vial5,32,29.884874268969998
59,id2,488.5,117.5,vial5,32,29.884874268969998
60,id2,490.0,115.5,vial5,32,29.884874268969998
61,id2,491.5,114.0,vial5,32,29.884874268969998
62,id2,493.5,113.0,vial5,32,29.884874268969998
63,id2,494.5,112.0,vial5,32,29.884874268969998
64,id2,497.5,111.0,vial5,32,29.884874268969998
65,id2,499.0,109.5,vial5,32,29.884874268969998
66,id2,502.0,108.5,vial5,32,29.884874268969998
67,id2,504.0,107.5,vial5,32,29.884874268969998
68,id2,507.0,106.5,vial5,32,29.884874268969998
69,id2,509.0,106.0,vial5,32,29.884874268969998
70,id2,511.0,105.5,vial5,32,29.884874268969998
71,id2,513.5,105.0,vial5,32,29.884874268969998
72,id2,514.0,104.0,vial5,32,29.884874268969998
73,id2,514.0,102.5,vial5,32,29.884874268969998
74,id2,514.0,100.0,vial5,32,29.884874268969998
75,id2,514.5,98.0,vial5,32,29.884874268969998
76,id2,514.5,95.0,vial5,32,29.884874268969998
77,id2,514.5,93.0,vial5,32,29.884874268969998
78,id2,515.0,91.0,vial5,32,29.884874268969998
79,id2,515.5,89.5,vial5,32,29.884874268969998
80,id2,516.5,87.0,vial5,32,29.884874268969998
81,id2,517.0,85.5,vial5,32,29.884874268969998
82,id2,517.5,83.0,vial5,32,29.884874268969998
83,id2,518.0,81.0,vial5,32,29.884874268969998
84,id2,519.0,78.0,vial5,32,29.884874268969998
85,id2,520.0,75.5,vial5,32,29.884874268969998
86,id2,520.5,73.0,vial5,32,29.884874268969998
87,id2,521.5,70.5,vial5,32,29.884874268969998
88,id2,522.5,68.0,vial5,32,29.884874268969998
89,id2,524.0,65.0,vial5,32,29.884874268969998
90,id2,524.5,62.0,vial5,32,29.884874268969998
91,id2,525.5,59.5,vial5,32,29.884874268969998
92,id2,526.5,57.0,vial5,32,29.884874268969998
93,id2,528.5,54.0,vial5,32,29.884874268969998
94,id2,529.5,51.0,vial5,32,29.884874268969998
95,id2,530.5,48.5,vial5,32,29.884874268969998
96,id2,531.5,46.0,vial5,32,29.884874268969998
97,id2,532.5,44.0,vial5,32,29.884874268969998
98,id2,533.5,42.0,vial5,32,29.884874268969998
99,id2,534.5,39.0,vial5,32,29.884874268969998
100,id2,535.5,36.0,vial5,32,29.884874268969998
101,id2,536.5,34.0,vial5,32,29.884874268969998
102,id2,537.5,31.5,vial5,32,29.884874268969998
103,id2,538.5,29.0,vial5,32,29.884874268969998
104,id2,539.5,27.0,vial5,32,29.884874268969998
105,id2,540.5,25.0,vial5,32,29.884874268969998
106,id2,541.5,22.0,vial5,32,29.884874268969998
107,id2,542.5,20.0,vial5,32,29.884874268969998
108,id2,542.5,17.5,vial5,32,29.884874268969998
109,id2,543.5,15.5,vial5,32,29.884874268969998
110,id2,544.5,13.5,vial5,32,29.884874268969998
111,id2,545.0,11.0,vial5,32,29.884874268969998
112,id2,545.5,8.5,vial5,32,29.884874268969998
113,id2,545.5,7.0,vial5,32,29.884874268969998
114,id2,546.5,4.5,vial5,32,29.884874268969998
0,id20,487.5,335.5,vial5,33,29.884874268969998
1,id20,489.0,335.0,vial5,33,29.884874268969998
2,id20,490.5,335.0,vial5,33,29.884874268969998
3,id20,493.5,334.5,vial5,33,29.884874268969998
4,id20,496.0,335.0,vial5,33,29.884874268969998
5,id20,497.0,335.0,vial5,33,29.884874268969998
6,id20,500.0,335.0,vial5,33,29.884874268969998
7,id20,501.0,335.0,vial5,33,29.884874268969998
8,id20,501.0,335.0,vial5,33,29.884874268969998
9,id20,502.0,335.0,vial5,33,29.884874268969998
10,id20,502.5,335.0,vial5,33,29.884874268969998
11,id20,502.5,335.0,vial5,33,29.884874268969998
12,id20,502.5,335.0,vial5,33,29.884874268969998
13,id20,502.5,335.0,vial5,33,29.884874268969998
14,id20,502.0,335.0,vial5,33,29.884874268969998
15,id20,503.5,335.0,vial5,33,29.884874268969998
16,id20,505.0,334.0,vial5,33,29.884874268969998
17,id20,506.5,334.0,vial5,33,29.884874268969998
18,id20,507.5,333.5,vial5,33,29.884874268969998
19,id20,517.5,319.5,vial5,33,29.884874268969998
20,id20,509.0,334.0,vial5,33,29.884874268969998
22,id20,512.0,333.0,vial5,33,29.884874268969998
26,id20,520.0,334.0,vial5,33,29.884874268969998
27,id20,521.0,334.0,vial5,33,29.884874268969998
28,id20,521.5,334.0,vial5,33,29.884874268969998
29,id20,522.5,334.0,vial5,33,29.884874268969998
30,id20,522.5,334.0,vial5,33,29.884874268969998
31,id20,524.0,334.0,vial5,33,29.884874268969998
32,id20,525.0,334.0,vial5,33,29.884874268969998
33,id20,527.5,336.0,vial5,33,29.884874268969998
34,id20,528.5,335.5,vial5,33,29.884874268969998
35,id20,527.5,335.0,vial5,33,29.884874268969998
36,id20,528.0,335.0,vial5,33,29.884874268969998
37,id20,528.0,335.0,vial5,33,29.884874268969998
38,id20,528.5,335.0,vial5,33,29.884874268969998
39,id20,529.0,335.0,vial5,33,29.884874268969998
40,id20,531.0,335.0,vial5,33,29.884874268969998
41,id20,532.0,335.0,vial5,33,29.884874268969998
42,id20,532.5,334.5,vial5,33,29.884874268969998
43,id20,532.5,334.5,vial5,33,29.884874268969998
44,id20,532.5,334.5,vial5,33,29.884874268969998
45,id20,532.5,334.5,vial5,33,29.884874268969998
46,id20,532.5,335.0,vial5,33,29.884874268969998
47,id20,533.5,335.0,vial5,33,29.884874268969998
48,id20,533.5,335.0,vial5,33,29.884874268969998
49,id20,534.5,335.5,vial5,33,29.884874268969998
50,id20,534.5,335.5,vial5,33,29.884874268969998
51,id20,536.0,335.0,vial5,33,29.884874268969998
52,id20,536.0,335.0,vial5,33,29.884874268969998
53,id20,537.0,335.0,vial5,33,29.884874268969998
54,id20,537.0,335.0,vial5,33,29.884874268969998
55,id20,538.0,335.0,vial5,33,29.884874268969998
56,id20,538.0,335.0,vial5,33,29.884874268969998
57,id20,539.0,335.0,vial5,33,29.884874268969998
58,id20,539.5,335.0,vial5,33,29.884874268969998
59,id20,539.5,335.0,vial5,33,29.884874268969998
60,id20,539.5,335.0,vial5,33,29.884874268969998
61,id20,539.5,335.0,vial5,33,29.884874268969998
62,id20,538.5,335.5,vial5,33,29.884874268969998
63,id20,538.5,335.5,vial5,33,29.884874268969998
64,id20,537.5,336.0,vial5,33,29.884874268969998
65,id20,536.5,336.0,vial5,33,29.884874268969998
66,id20,536.5,336.0,vial5,33,29.884874268969998
67,id20,536.5,336.0,vial5,33,29.884874268969998
68,id20,537.5,336.0,vial5,33,29.884874268969998
69,id20,537.5,336.0,vial5,33,29.884874268969998
70,id20,538.5,336.0,vial5,33,29.884874268969998
71,id20,538.5,335.5,vial5,33,29.884874268969998
72,id20,539.0,336.0,vial5,33,29.884874268969998
73,id20,540.0,335.5,vial5,33,29.884874268969998
74,id20,541.0,335.5,vial5,33,29.884874268969998
75,id20,542.0,335.5,vial5,33,29.884874268969998
76,id20,542.5,336.0,vial5,33,29.884874268969998
77,id20,543.5,336.5,vial5,33,29.884874268969998
78,id20,544.0,336.5,vial5,33,29.884874268969998
79,id20,543.5,337.0,vial5,33,29.884874268969998
80,id20,543.5,337.0,vial5,33,29.884874268969998
81,id20,544.0,336.5,vial5,33,29.884874268969998
82,id20,544.0,337.0,vial5,33,29.884874268969998
83,id20,544.0,337.0,vial5,33,29.884874268969998
84,id20,544.0,337.0,vial5,33,29.884874268969998
85,id20,544.5,337.0,vial5,33,29.884874268969998
86,id20,545.5,337.0,vial5,33,29.884874268969998
87,id20,545.5,337.0,vial5,33,29.884874268969998
88,id20,545.5,336.5,vial5,33,29.884874268969998
89,id20,545.0,335.5,vial5,33,29.884874268969998
90,id20,544.5,335.5,vial5,33,29.884874268969998
91,id20,541.5,336.5,vial5,33,29.884874268969998
92,id20,544.0,335.0,vial5,33,29.884874268969998
93,id20,543.5,337.0,vial5,33,29.884874268969998
94,id20,544.0,336.5,vial5,33,29.884874268969998
95,id20,544.0,336.5,vial5,33,29.884874268969998
96,id20,544.0,336.5,vial5,33,29.884874268969998
97,id20,544.5,337.0,vial5,33,29.884874268969998
98,id20,545.0,337.0,vial5,33,29.884874268969998
99,id20,545.0,337.0,vial5,33,29.884874268969998
100,id20,544.5,337.0,vial5,33,29.884874268969998
101,id20,544.5,336.5,vial5,33,29.884874268969998
102,id20,545.5,337.0,vial5,33,29.884874268969998
103,id20,545.0,337.0,vial5,33,29.884874268969998
104,id20,545.5,337.0,vial5,33,29.884874268969998
105,id20,544.5,337.0,vial5,33,29.884874268969998
106,id20,544.5,337.0,vial5,33,29.884874268969998
107,id20,543.5,337.0,vial5,33,29.884874268969998
108,id20,542.0,337.0,vial5,33,29.884874268969998
109,id20,542.0,337.0,vial5,33,29.884874268969998
110,id20,541.0,337.0,vial5,33,29.884874268969998
111,id20,540.0,337.0,vial5,33,29.884874268969998
112,id20,539.5,337.0,vial5,33,29.884874268969998
113,id20,538.5,337.0,vial5,33,29.884874268969998
114,id20,538.0,337.0,vial5,33,29.884874268969998
115,id20,536.5,337.0,vial5,33,29.884874268969998
116,id20,536.0,337.0,vial5,33,29.884874268969998
117,id20,534.0,337.0,vial5,33,29.884874268969998
118,id20,532.5,337.0,vial5,33,29.884874268969998
119,id20,530.5,336.5,vial5,33,29.884874268969998
120,id20,528.5,336.5,vial5,33,29.884874268969998
121,id20,527.0,337.0,vial5,33,29.884874268969998
122,id20,525.5,337.0,vial5,33,29.884874268969998
123,id20,524.0,337.0,vial5,33,29.884874268969998
124,id20,522.5,336.5,vial5,33,29.884874268969998
125,id20,521.5,337.0,vial5,33,29.884874268969998
126,id20,520.5,337.5,vial5,33,29.884874268969998
127,id20,520.5,337.5,vial5,33,29.884874268969998
128,id20,519.5,337.5,vial5,33,29.884874268969998
129,id20,519.5,337.5,vial5,33,29.884874268969998
130,id20,519.5,337.0,vial5,33,29.884874268969998
131,id20,518.5,336.0,vial5,33,29.884874268969998
132,id20,518.0,335.0,vial5,33,29.884874268969998
133,id20,517.5,335.5,vial5,33,29.884874268969998
134,id20,517.5,334.0,vial5,33,29.884874268969998
135,id20,517.5,333.0,vial5,33,29.884874268969998
136,id20,517.5,332.0,vial5,33,29.884874268969998
137,id20,517.5,330.5,vial5,33,29.884874268969998
138,id20,518.0,328.5,vial5,33,29.884874268969998
139,id20,518.5,326.5,vial5,33,29.884874268969998
140,id20,518.5,324.5,vial5,33,29.884874268969998
141,id20,518.5,322.5,vial5,33,29.884874268969998
142,id20,519.5,320.5,vial5,33,29.884874268969998
143,id20,519.5,318.0,vial5,33,29.884874268969998
144,id20,520.5,315.5,vial5,33,29.884874268969998
145,id20,521.0,314.0,vial5,33,29.884874268969998
146,id20,521.5,311.5,vial5,33,29.884874268969998
147,id20,521.5,309.0,vial5,33,29.884874268969998
148,id20,521.5,307.5,vial5,33,29.884874268969998
149,id20,521.5,305.5,vial5,33,29.884874268969998
150,id20,522.5,303.0,vial5,33,29.884874268969998
151,id20,522.5,301.0,vial5,33,29.884874268969998
152,id20,522.5,299.0,vial5,33,29.884874268969998
153,id20,522.5,297.0,vial5,33,29.884874268969998
154,id20,522.5,294.5,vial5,33,29.884874268969998
155,id20,522.0,292.5,vial5,33,29.884874268969998
156,id20,522.5,290.0,vial5,33,29.884874268969998
157,id20,521.5,288.0,vial5,33,29.884874268969998
158,id20,521.5,286.0,vial5,33,29.884874268969998
159,id20,520.5,283.0,vial5,33,29.884874268969998
160,id20,520.5,281.5,vial5,33,29.884874268969998
161,id20,520.0,279.5,vial5,33,29.884874268969998
162,id20,519.5,277.5,vial5,33,29.884874268969998
163,id20,519.5,275.0,vial5,33,29.884874268969998
164,id20,518.5,272.5,vial5,33,29.884874268969998
165,id20,518.5,270.5,vial5,33,29.884874268969998
166,id20,517.5,268.0,vial5,33,29.884874268969998
167,id20,516.5,266.5,vial5,33,29.884874268969998
168,id20,516.0,264.5,vial5,33,29.884874268969998
169,id20,516.0,262.0,vial5,33,29.884874268969998
170,id20,515.5,260.0,vial5,33,29.884874268969998
171,id20,515.5,258.0,vial5,33,29.884874268969998
172,id20,514.5,256.5,vial5,33,29.884874268969998
173,id20,514.0,255.0,vial5,33,29.884874268969998
174,id20,513.0,253.5,vial5,33,29.884874268969998
175,id20,511.5,252.5,vial5,33,29.884874268969998
176,id20,509.5,251.5,vial5,33,29.884874268969998
177,id20,508.0,250.0,vial5,33,29.884874268969998
178,id20,506.5,249.0,vial5,33,29.884874268969998
179,id20,504.5,247.5,vial5,33,29.884874268969998
180,id20,502.5,246.5,vial5,33,29.884874268969998
181,id20,501.0,245.5,vial5,33,29.884874268969998
182,id20,500.0,245.0,vial5,33,29.884874268969998
183,id20,498.0,244.5,vial5,33,29.884874268969998
184,id20,497.0,244.0,vial5,33,29.884874268969998
185,id20,495.5,243.5,vial5,33,29.884874268969998
186,id20,494.5,242.5,vial5,33,29.884874268969998
187,id20,493.5,242.0,vial5,33,29.884874268969998
188,id20,493.0,241.0,vial5,33,29.884874268969998
189,id20,492.5,239.5,vial5,33,29.884874268969998
190,id20,492.5,238.0,vial5,33,29.884874268969998
191,id20,491.5,236.0,vial5,33,29.884874268969998
192,id20,491.0,234.0,vial5,33,29.884874268969998
193,id20,490.0,232.0,vial5,33,29.884874268969998
194,id20,489.0,231.0,vial5,33,29.884874268969998
195,id20,488.0,229.5,vial5,33,29.884874268969998
196,id20,487.0,228.0,vial5,33,29.884874268969998
197,id20,486.0,226.5,vial5,33,29.884874268969998
198,id20,485.0,225.5,vial5,33,29.884874268969998
199,id20,484.0,224.0,vial5,33,29.884874268969998
200,id20,484.0,223.0,vial5,33,29.884874268969998
201,id20,483.5,222.5,vial5,33,29.884874268969998
202,id20,482.5,222.0,vial5,33,29.884874268969998
203,id20,482.5,221.5,vial5,33,29.884874268969998
204,id20,482.5,221.5,vial5,33,29.884874268969998
205,id20,482.5,222.0,vial5,33,29.884874268969998
206,id20,482.5,221.5,vial5,33,29.884874268969998
207,id20,482.5,221.5,vial5,33,29.884874268969998
208,id20,482.5,221.5,vial5,33,29.884874268969998
209,id20,482.5,220.5,vial5,33,29.884874268969998
210,id20,482.5,219.0,vial5,33,29.884874268969998
211,id20,482.5,217.5,vial5,33,29.884874268969998
212,id20,482.5,216.0,vial5,33,29.884874268969998
213,id20,482.5,214.5,vial5,33,29.884874268969998
214,id20,482.5,212.0,vial5,33,29.884874268969998
215,id20,482.5,210.0,vial5,33,29.884874268969998
216,id20,483.0,208.5,vial5,33,29.884874268969998
217,id20,483.5,207.0,vial5,33,29.884874268969998
218,id20,483.5,206.0,vial5,33,29.884874268969998
219,id20,483.5,205.0,vial5,33,29.884874268969998
220,id20,483.5,203.0,vial5,33,29.884874268969998
221,id20,483.5,201.0,vial5,33,29.884874268969998
222,id20,484.0,199.0,vial5,33,29.884874268969998
223,id20,484.5,197.0,vial5,33,29.884874268969998
224,id20,484.5,194.0,vial5,33,29.884874268969998
225,id20,485.0,192.0,vial5,33,29.884874268969998
226,id20,485.5,189.0,vial5,33,29.884874268969998
227,id20,485.5,187.0,vial5,33,29.884874268969998
228,id20,486.5,185.0,vial5,33,29.884874268969998
229,id20,486.5,183.0,vial5,33,29.884874268969998
230,id20,487.5,181.0,vial5,33,29.884874268969998
231,id20,487.5,178.5,vial5,33,29.884874268969998
232,id20,488.5,176.0,vial5,33,29.884874268969998
233,id20,488.5,174.5,vial5,33,29.884874268969998
234,id20,489.5,172.5,vial5,33,29.884874268969998
235,id20,489.5,171.0,vial5,33,29.884874268969998
236,id20,490.5,169.5,vial5,33,29.884874268969998
237,id20,491.5,167.5,vial5,33,29.884874268969998
238,id20,492.0,165.5,vial5,33,29.884874268969998
239,id20,493.0,165.0,vial5,33,29.884874268969998
240,id20,494.0,163.5,vial5,33,29.884874268969998
241,id20,495.0,162.0,vial5,33,29.884874268969998
242,id20,496.0,161.0,vial5,33,29.884874268969998
243,id20,496.5,160.5,vial5,33,29.884874268969998
244,id20,497.0,159.5,vial5,33,29.884874268969998
245,id20,498.0,159.5,vial5,33,29.884874268969998
246,id20,498.5,158.5,vial5,33,29.884874268969998
247,id20,499.5,157.5,vial5,33,29.884874268969998
248,id20,500.0,156.5,vial5,33,29.884874268969998
249,id20,500.0,155.5,vial5,33,29.884874268969998
250,id20,500.5,154.0,vial5,33,29.884874268969998
251,id20,499.5,153.0,vial5,33,29.884874268969998
252,id20,499.5,151.0,vial5,33,29.884874268969998
253,id20,499.0,149.5,vial5,33,29.884874268969998
254,id20,497.5,147.5,vial5,33,29.884874268969998
255,id20,497.0,146.5,vial5,33,29.884874268969998
256,id20,496.0,144.5,vial5,33,29.884874268969998
257,id20,495.0,143.5,vial5,33,29.884874268969998
258,id20,494.0,142.5,vial5,33,29.884874268969998
259,id20,493.0,140.5,vial5,33,29.884874268969998
260,id20,492.0,139.5,vial5,33,29.884874268969998
261,id20,491.0,137.5,vial5,33,29.884874268969998
262,id20,490.5,136.5,vial5,33,29.884874268969998
263,id20,489.5,135.0,vial5,33,29.884874268969998
264,id20,489.0,134.0,vial5,33,29.884874268969998
265,id20,488.0,134.0,vial5,33,29.884874268969998
266,id20,487.0,133.5,vial5,33,29.884874268969998
267,id20,486.0,133.5,vial5,33,29.884874268969998
268,id20,486.0,133.5,vial5,33,29.884874268969998
269,id20,485.0,132.5,vial5,33,29.884874268969998
270,id20,484.5,132.0,vial5,33,29.884874268969998
271,id20,484.5,131.5,vial5,33,29.884874268969998
272,id20,484.0,131.5,vial5,33,29.884874268969998
273,id20,483.5,130.5,vial5,33,29.884874268969998
274,id20,483.0,129.5,vial5,33,29.884874268969998
275,id20,483.0,129.0,vial5,33,29.884874268969998
276,id20,482.5,127.5,vial5,33,29.884874268969998
277,id20,482.5,127.0,vial5,33,29.884874268969998
278,id20,482.0,126.0,vial5,33,29.884874268969998
279,id20,482.0,125.0,vial5,33,29.884874268969998
280,id20,482.0,124.5,vial5,33,29.884874268969998
281,id20,482.5,124.0,vial5,33,29.884874268969998
282,id20,482.5,123.5,vial5,33,29.884874268969998
283,id20,482.5,123.5,vial5,33,29.884874268969998
284,id20,482.5,123.5,vial5,33,29.884874268969998
285,id20,482.5,123.0,vial5,33,29.884874268969998
286,id20,482.5,123.0,vial5,33,29.884874268969998
287,id20,483.0,123.0,vial5,33,29.884874268969998
288,id20,482.5,122.5,vial5,33,29.884874268969998
289,id20,482.5,122.5,vial5,33,29.884874268969998
290,id20,482.5,123.0,vial5,33,29.884874268969998
0,id21,291.5,334.0,vial3,15,29.884874268969998
1,id21,292.0,334.0,vial3,15,29.884874268969998
2,id21,291.5,334.0,vial3,15,29.884874268969998
3,id21,291.5,334.0,vial3,15,29.884874268969998
4,id21,291.5,334.0,vial3,15,29.884874268969998
5,id21,290.5,334.0,vial3,15,29.884874268969998
6,id21,291.0,334.0,vial3,15,29.884874268969998
7,id21,291.0,333.5,vial3,15,29.884874268969998
8,id21,290.5,333.0,vial3,15,29.884874268969998
9,id21,289.5,332.0,vial3,15,29.884874268969998
10,id21,289.0,333.0,vial3,15,29.884874268969998
11,id21,272.5,335.5,vial3,15,29.884874268969998
12,id21,276.0,335.0,vial3,15,29.884874268969998
13,id21,277.5,335.0,vial3,15,29.884874268969998
14,id21,280.0,335.0,vial3,15,29.884874268969998
15,id21,282.5,334.5,vial3,15,29.884874268969998
16,id21,285.0,333.0,vial3,15,29.884874268969998
17,id21,285.0,333.0,vial3,15,29.884874268969998
18,id21,282.5,332.5,vial3,15,29.884874268969998
19,id21,279.5,332.0,vial3,15,29.884874268969998
20,id21,277.5,332.0,vial3,15,29.884874268969998
21,id21,276.5,332.0,vial3,15,29.884874268969998
22,id21,275.0,331.5,vial3,15,29.884874268969998
23,id21,273.5,331.5,vial3,15,29.884874268969998
24,id21,273.5,330.5,vial3,15,29.884874268969998
25,id21,272.5,330.5,vial3,15,29.884874268969998
26,id21,272.0,331.0,vial3,15,29.884874268969998
27,id21,272.0,331.0,vial3,15,29.884874268969998
28,id21,272.0,331.0,vial3,15,29.884874268969998
29,id21,270.5,331.5,vial3,15,29.884874268969998
30,id21,269.5,331.5,vial3,15,29.884874268969998
31,id21,272.0,331.5,vial3,15,29.884874268969998
32,id21,269.5,331.5,vial3,15,29.884874268969998
33,id21,267.5,331.5,vial3,15,29.884874268969998
34,id21,266.5,331.5,vial3,15,29.884874268969998
35,id21,265.5,332.5,vial3,15,29.884874268969998
36,id21,263.0,333.5,vial3,15,29.884874268969998
37,id21,264.0,334.0,vial3,15,29.884874268969998
38,id21,264.5,333.5,vial3,15,29.884874268969998
39,id21,265.0,333.5,vial3,15,29.884874268969998
40,id21,264.5,332.0,vial3,15,29.884874268969998
41,id21,264.0,332.0,vial3,15,29.884874268969998
42,id21,264.5,331.0,vial3,15,29.884874268969998
43,id21,265.5,330.5,vial3,15,29.884874268969998
44,id21,266.0,329.5,vial3,15,29.884874268969998
46,id21,265.0,332.0,vial3,15,29.884874268969998
47,id21,265.5,332.0,vial3,15,29.884874268969998
48,id21,265.0,332.0,vial3,15,29.884874268969998
49,id21,265.0,330.5,vial3,15,29.884874268969998
50,id21,265.5,331.0,vial3,15,29.884874268969998
51,id21,266.0,330.5,vial3,15,29.884874268969998
52,id21,266.0,330.5,vial3,15,29.884874268969998
53,id21,266.5,330.5,vial3,15,29.884874268969998
54,id21,265.5,330.0,vial3,15,29.884874268969998
55,id21,265.5,329.5,vial3,15,29.884874268969998
56,id21,265.0,329.0,vial3,15,29.884874268969998
57,id21,264.5,328.0,vial3,15,29.884874268969998
58,id21,264.5,327.0,vial3,15,29.884874268969998
59,id21,264.5,326.0,vial3,15,29.884874268969998
60,id21,263.5,325.0,vial3,15,29.884874268969998
61,id21,262.5,324.0,vial3,15,29.884874268969998
62,id21,262.5,322.5,vial3,15,29.884874268969998
63,id21,261.5,320.0,vial3,15,29.884874268969998
64,id21,260.5,319.0,vial3,15,29.884874268969998
65,id21,260.5,318.0,vial3,15,29.884874268969998
66,id21,259.5,316.0,vial3,15,29.884874268969998
67,id21,258.5,314.0,vial3,15,29.884874268969998
68,id21,258.5,313.0,vial3,15,29.884874268969998
69,id21,257.5,311.0,vial3,15,29.884874268969998
70,id21,256.5,310.0,vial3,15,29.884874268969998
71,id21,256.5,307.0,vial3,15,29.884874268969998
72,id21,256.0,305.0,vial3,15,29.884874268969998
73,id21,255.5,303.0,vial3,15,29.884874268969998
74,id21,255.5,301.0,vial3,15,29.884874268969998
75,id21,255.0,299.5,vial3,15,29.884874268969998
76,id21,255.0,298.0,vial3,15,29.884874268969998
77,id21,255.0,295.0,vial3,15,29.884874268969998
78,id21,255.0,294.0,vial3,15,29.884874268969998
79,id21,255.0,291.0,vial3,15,29.884874268969998
80,id21,255.0,289.5,vial3,15,29.884874268969998
81,id21,254.5,288.0,vial3,15,29.884874268969998
82,id21,254.5,285.5,vial3,15,29.884874268969998
83,id21,254.5,283.0,vial3,15,29.884874268969998
84,id21,254.0,281.0,vial3,15,29.884874268969998
85,id21,254.0,279.5,vial3,15,29.884874268969998
86,id21,253.5,277.0,vial3,15,29.884874268969998
87,id21,253.0,275.0,vial3,15,29.884874268969998
88,id21,252.5,273.0,vial3,15,29.884874268969998
89,id21,252.0,272.0,vial3,15,29.884874268969998
90,id21,251.5,269.5,vial3,15,29.884874268969998
91,id21,250.5,268.0,vial3,15,29.884874268969998
92,id21,250.5,266.5,vial3,15,29.884874268969998
93,id21,249.5,264.5,vial3,15,29.884874268969998
94,id21,248.5,262.5,vial3,15,29.884874268969998
95,id21,247.5,261.0,vial3,15,29.884874268969998
96,id21,247.5,259.0,vial3,15,29.884874268969998
97,id21,247.0,258.0,vial3,15,29.884874268969998
98,id21,246.5,256.0,vial3,15,29.884874268969998
99,id21,245.5,254.5,vial3,15,29.884874268969998
100,id21,245.5,252.5,vial3,15,29.884874268969998
101,id21,245.0,250.5,vial3,15,29.884874268969998
102,id21,244.5,249.0,vial3,15,29.884874268969998
103,id21,244.5,247.0,vial3,15,29.884874268969998
104,id21,243.5,245.5,vial3,15,29.884874268969998
105,id21,243.5,243.5,vial3,15,29.884874268969998
106,id21,243.5,241.5,vial3,15,29.884874268969998
107,id21,243.0,239.5,vial3,15,29.884874268969998
108,id21,243.0,238.0,vial3,15,29.884874268969998
109,id21,242.5,236.0,vial3,15,29.884874268969998
110,id21,242.5,234.5,vial3,15,29.884874268969998
111,id21,242.5,234.5,vial3,15,29.884874268969998
112,id21,242.5,233.0,vial3,15,29.884874268969998
113,id21,242.5,232.0,vial3,15,29.884874268969998
114,id21,242.5,229.5,vial3,15,29.884874268969998
115,id21,242.5,227.5,vial3,15,29.884874268969998
116,id21,242.5,226.5,vial3,15,29.884874268969998
117,id21,242.5,226.0,vial3,15,29.884874268969998
118,id21,242.5,225.0,vial3,15,29.884874268969998
119,id21,242.5,224.0,vial3,15,29.884874268969998
120,id21,242.0,222.5,vial3,15,29.884874268969998
121,id21,242.0,222.0,vial3,15,29.884874268969998
122,id21,242.5,220.0,vial3,15,29.884874268969998
123,id21,242.5,218.5,vial3,15,29.884874268969998
124,id21,242.5,217.0,vial3,15,29.884874268969998
125,id21,242.5,215.0,vial3,15,29.884874268969998
126,id21,242.5,213.0,vial3,15,29.884874268969998
127,id21,242.5,211.5,vial3,15,29.884874268969998
128,id21,242.5,209.0,vial3,15,29.884874268969998
129,id21,242.5,206.5,vial3,15,29.884874268969998
130,id21,242.5,204.5,vial3,15,29.884874268969998
131,id21,242.5,202.0,vial3,15,29.884874268969998
132,id21,242.5,200.0,vial3,15,29.884874268969998
133,id21,242.5,197.0,vial3,15,29.884874268969998
134,id21,242.5,195.0,vial3,15,29.884874268969998
135,id21,242.5,193.0,vial3,15,29.884874268969998
136,id21,242.5,191.0,vial3,15,29.884874268969998
137,id21,242.5,188.0,vial3,15,29.884874268969998
138,id21,242.5,186.0,vial3,15,29.884874268969998
139,id21,242.5,184.0,vial3,15,29.884874268969998
140,id21,242.5,181.0,vial3,15,29.884874268969998
141,id21,242.5,179.0,vial3,15,29.884874268969998
142,id21,242.5,177.0,vial3,15,29.884874268969998
143,id21,242.5,174.0,vial3,15,29.884874268969998
144,id21,242.5,172.5,vial3,15,29.884874268969998
145,id21,242.5,170.0,vial3,15,29.884874268969998
146,id21,242.5,168.0,vial3,15,29.884874268969998
147,id21,242.5,166.0,vial3,15,29.884874268969998
148,id21,242.5,164.0,vial3,15,29.884874268969998
149,id21,242.5,161.5,vial3,15,29.884874268969998
150,id21,243.0,160.0,vial3,15,29.884874268969998
151,id21,242.5,158.0,vial3,15,29.884874268969998
152,id21,242.5,157.0,vial3,15,29.884874268969998
153,id21,242.5,155.0,vial3,15,29.884874268969998
154,id21,242.5,153.0,vial3,15,29.884874268969998
155,id21,242.5,151.0,vial3,15,29.884874268969998
156,id21,243.5,149.0,vial3,15,29.884874268969998
157,id21,243.0,147.5,vial3,15,29.884874268969998
158,id21,243.5,148.0,vial3,15,29.884874268969998
159,id21,243.5,145.5,vial3,15,29.884874268969998
160,id21,243.5,143.0,vial3,15,29.884874268969998
161,id21,243.5,141.5,vial3,15,29.884874268969998
162,id21,243.5,139.0,vial3,15,29.884874268969998
163,id21,243.5,137.0,vial3,15,29.884874268969998
164,id21,244.0,135.0,vial3,15,29.884874268969998
165,id21,244.0,133.0,vial3,15,29.884874268969998
166,id21,244.0,132.0,vial3,15,29.884874268969998
167,id21,244.5,130.0,vial3,15,29.884874268969998
168,id21,245.0,129.5,vial3,15,29.884874268969998
186,id21,269.0,121.5,vial3,15,29.884874268969998
187,id21,292.5,101.0,vial3,15,29.884874268969998
188,id21,292.0,100.5,vial3,15,29.884874268969998
189,id21,292.0,100.5,vial3,15,29.884874268969998
190,id21,292.0,100.5,vial3,15,29.884874268969998
191,id21,292.5,100.5,vial3,15,29.884874268969998
192,id21,292.5,100.5,vial3,15,29.884874268969998
193,id21,292.5,100.5,vial3,15,29.884874268969998
194,id21,292.0,100.5,vial3,15,29.884874268969998
195,id21,292.0,100.5,vial3,15,29.884874268969998
196,id21,292.0,100.5,vial3,15,29.884874268969998
197,id21,292.0,100.5,vial3,15,29.884874268969998
198,id21,292.0,100.5,vial3,15,29.884874268969998
199,id21,292.0,100.5,vial3,15,29.884874268969998
200,id21,292.0,100.5,vial3,15,29.884874268969998
201,id21,292.0,100.5,vial3,15,29.884874268969998
202,id21,292.5,101.0,vial3,15,29.884874268969998
203,id21,292.5,101.0,vial3,15,29.884874268969998
204,id21,292.5,100.5,vial3,15,29.884874268969998
205,id21,293.0,99.0,vial3,15,29.884874268969998
206,id21,293.5,98.0,vial3,15,29.884874268969998
207,id21,293.5,97.0,vial3,15,29.884874268969998
208,id21,294.5,95.0,vial3,15,29.884874268969998
209,id21,295.5,93.0,vial3,15,29.884874268969998
210,id21,296.0,91.5,vial3,15,29.884874268969998
211,id21,296.5,90.0,vial3,15,29.884874268969998
212,id21,298.5,87.5,vial3,15,29.884874268969998
213,id21,299.0,85.5,vial3,15,29.884874268969998
214,id21,300.5,83.5,vial3,15,29.884874268969998
215,id21,301.5,82.5,vial3,15,29.884874268969998
216,id21,302.5,81.0,vial3,15,29.884874268969998
217,id21,303.5,79.0,vial3,15,29.884874268969998
218,id21,305.5,77.5,vial3,15,29.884874268969998
219,id21,306.5,76.5,vial3,15,29.884874268969998
220,id21,307.0,75.5,vial3,15,29.884874268969998
221,id21,307.5,75.0,vial3,15,29.884874268969998
222,id21,308.0,74.5,vial3,15,29.884874268969998
223,id21,308.0,73.5,vial3,15,29.884874268969998
224,id21,307.5,73.5,vial3,15,29.884874268969998
225,id21,307.5,72.5,vial3,15,29.884874268969998
226,id21,306.5,71.5,vial3,15,29.884874268969998
227,id21,305.5,71.0,vial3,15,29.884874268969998
228,id21,305.0,69.0,vial3,15,29.884874268969998
229,id21,304.0,68.0,vial3,15,29.884874268969998
230,id21,303.0,66.0,vial3,15,29.884874268969998
231,id21,302.0,64.0,vial3,15,29.884874268969998
232,id21,301.0,62.5,vial3,15,29.884874268969998
233,id21,299.0,60.0,vial3,15,29.884874268969998
234,id21,298.0,58.0,vial3,15,29.884874268969998
235,id21,296.5,55.0,vial3,15,29.884874268969998
236,id21,295.0,53.0,vial3,15,29.884874268969998
237,id21,293.5,50.5,vial3,15,29.884874268969998
238,id21,292.0,48.0,vial3,15,29.884874268969998
239,id21,289.5,45.0,vial3,15,29.884874268969998
240,id21,287.0,43.0,vial3,15,29.884874268969998
241,id21,284.5,41.0,vial3,15,29.884874268969998
242,id21,282.0,40.0,vial3,15,29.884874268969998
243,id21,280.0,38.5,vial3,15,29.884874268969998
244,id21,277.0,37.5,vial3,15,29.884874268969998
245,id21,274.0,37.0,vial3,15,29.884874268969998
246,id21,271.0,37.0,vial3,15,29.884874268969998
247,id21,268.0,38.0,vial3,15,29.884874268969998
248,id21,266.0,38.5,vial3,15,29.884874268969998
249,id21,264.0,38.5,vial3,15,29.884874268969998
250,id21,263.0,38.0,vial3,15,29.884874268969998
251,id21,261.5,36.5,vial3,15,29.884874268969998
252,id21,261.0,34.5,vial3,15,29.884874268969998
253,id21,260.0,32.5,vial3,15,29.884874268969998
254,id21,259.5,29.5,vial3,15,29.884874268969998
255,id21,258.5,27.5,vial3,15,29.884874268969998
256,id21,258.0,24.0,vial3,15,29.884874268969998
257,id21,257.5,22.0,vial3,15,29.884874268969998
258,id21,256.5,19.0,vial3,15,29.884874268969998
259,id21,256.5,16.0,vial3,15,29.884874268969998
260,id21,257.0,12.5,vial3,15,29.884874268969998
261,id21,257.0,9.5,vial3,15,29.884874268969998
262,id21,257.5,5.5,vial3,15,29.884874268969998
263,id21,257.5,4.5,vial3,15,29.884874268969998
264,id21,256.0,4.0,vial3,15,29.884874268969998
265,id21,258.0,4.5,vial3,15,29.884874268969998
266,id21,257.5,4.5,vial3,15,29.884874268969998
267,id21,258.0,4.5,vial3,15,29.884874268969998
268,id21,258.0,4.5,vial3,15,29.884874268969998
269,id21,257.5,4.5,vial3,15,29.884874268969998
270,id21,258.0,4.5,vial3,15,29.884874268969998
271,id21,258.0,4.5,vial3,15,29.884874268969998
272,id21,257.5,4.0,vial3,15,29.884874268969998
0,id22,25.5,333.5,vial1,2,29.884874268969998
1,id22,24.5,333.5,vial1,2,29.884874268969998
2,id22,23.5,333.5,vial1,2,29.884874268969998
3,id22,23.5,333.5,vial1,2,29.884874268969998
4,id22,21.5,333.5,vial1,2,29.884874268969998
5,id22,20.0,333.5,vial1,2,29.884874268969998
6,id22,19.5,333.5,vial1,2,29.884874268969998
7,id22,19.0,333.0,vial1,2,29.884874268969998
8,id22,17.5,333.0,vial1,2,29.884874268969998
9,id22,19.5,333.0,vial1,2,29.884874268969998
10,id22,20.5,332.0,vial1,2,29.884874268969998
11,id22,20.5,332.5,vial1,2,29.884874268969998
12,id22,18.5,331.5,vial1,2,29.884874268969998
13,id22,23.5,332.5,vial1,2,29.884874268969998
14,id22,25.5,334.5,vial1,2,29.884874268969998
15,id22,27.0,334.0,vial1,2,29.884874268969998
16,id22,28.0,333.5,vial1,2,29.884874268969998
17,id22,29.0,333.5,vial1,2,29.884874268969998
18,id22,29.5,332.5,vial1,2,29.884874268969998
19,id22,31.0,331.5,vial1,2,29.884874268969998
20,id22,31.5,331.0,vial1,2,29.884874268969998
21,id22,32.5,329.5,vial1,2,29.884874268969998
22,id22,36.0,329.5,vial1,2,29.884874268969998
23,id22,35.0,329.0,vial1,2,29.884874268969998
24,id22,35.0,329.0,vial1,2,29.884874268969998
25,id22,35.0,329.0,vial1,2,29.884874268969998
26,id22,35.5,329.0,vial1,2,29.884874268969998
27,id22,35.5,328.5,vial1,2,29.884874268969998
28,id22,31.0,329.0,vial1,2,29.884874268969998
29,id22,29.5,329.0,vial1,2,29.884874268969998
30,id22,27.5,330.0,vial1,2,29.884874268969998
31,id22,26.5,330.5,vial1,2,29.884874268969998
32,id22,26.5,330.5,vial1,2,29.884874268969998
33,id22,26.5,330.5,vial1,2,29.884874268969998
34,id22,26.5,330.5,vial1,2,29.884874268969998
35,id22,25.5,330.5,vial1,2,29.884874268969998
36,id22,25.5,330.5,vial1,2,29.884874268969998
37,id22,25.5,330.5,vial1,2,29.884874268969998
38,id22,25.0,330.5,vial1,2,29.884874268969998
39,id22,24.5,330.5,vial1,2,29.884874268969998
40,id22,24.0,330.5,vial1,2,29.884874268969998
41,id22,24.0,330.5,vial1,2,29.884874268969998
42,id22,24.0,330.5,vial1,2,29.884874268969998
43,id22,24.0,330.5,vial1,2,29.884874268969998
44,id22,24.0,330.5,vial1,2,29.884874268969998
45,id22,24.0,330.5,vial1,2,29.884874268969998
46,id22,24.0,330.5,vial1,2,29.884874268969998
47,id22,23.5,330.5,vial1,2,29.884874268969998
48,id22,23.5,330.5,vial1,2,29.884874268969998
49,id22,23.5,330.5,vial1,2,29.884874268969998
50,id22,24.0,330.5,vial1,2,29.884874268969998
51,id22,24.0,330.5,vial1,2,29.884874268969998
52,id22,23.5,330.5,vial1,2,29.884874268969998
53,id22,23.5,330.5,vial1,2,29.884874268969998
54,id22,23.5,330.5,vial1,2,29.884874268969998
55,id22,23.5,330.5,vial1,2,29.884874268969998
56,id22,23.5,330.5,vial1,2,29.884874268969998
57,id22,23.0,331.0,vial1,2,29.884874268969998
58,id22,23.0,331.0,vial1,2,29.884874268969998
59,id22,22.5,331.5,vial1,2,29.884874268969998
60,id22,21.5,332.0,vial1,2,29.884874268969998
61,id22,21.0,332.5,vial1,2,29.884874268969998
62,id22,20.5,332.5,vial1,2,29.884874268969998
63,id22,20.5,332.5,vial1,2,29.884874268969998
64,id22,21.0,332.5,vial1,2,29.884874268969998
65,id22,21.0,332.5,vial1,2,29.884874268969998
66,id22,21.5,332.5,vial1,2,29.884874268969998
67,id22,21.0,332.5,vial1,2,29.884874268969998
68,id22,20.5,332.0,vial1,2,29.884874268969998
69,id22,20.5,332.0,vial1,2,29.884874268969998
70,id22,20.0,332.0,vial1,2,29.884874268969998
71,id22,19.0,331.0,vial1,2,29.884874268969998
72,id22,18.0,331.5,vial1,2,29.884874268969998
73,id22,17.0,331.5,vial1,2,29.884874268969998
74,id22,16.0,331.5,vial1,2,29.884874268969998
75,id22,15.5,332.0,vial1,2,29.884874268969998
76,id22,15.5,331.5,vial1,2,29.884874268969998
77,id22,17.0,332.5,vial1,2,29.884874268969998
78,id22,17.0,332.5,vial1,2,29.884874268969998
79,id22,17.0,331.5,vial1,2,29.884874268969998
80,id22,16.5,331.5,vial1,2,29.884874268969998
81,id22,16.0,330.0,vial1,2,29.884874268969998
82,id22,16.0,329.0,vial1,2,29.884874268969998
83,id22,15.5,327.5,vial1,2,29.884874268969998
84,id22,16.0,325.5,vial1,2,29.884874268969998
85,id22,16.0,323.5,vial1,2,29.884874268969998
86,id22,17.0,322.5,vial1,2,29.884874268969998
87,id22,17.5,320.0,vial1,2,29.884874268969998
88,id22,18.5,317.5,vial1,2,29.884874268969998
89,id22,20.0,315.5,vial1,2,29.884874268969998
90,id22,22.0,313.5,vial1,2,29.884874268969998
91,id22,23.0,311.5,vial1,2,29.884874268969998
92,id22,24.5,310.5,vial1,2,29.884874268969998
93,id22,26.0,310.0,vial1,2,29.884874268969998
94,id22,27.5,308.5,vial1,2,29.884874268969998
95,id22,30.5,308.5,vial1,2,29.884874268969998
96,id22,32.0,309.0,vial1,2,29.884874268969998
97,id22,34.0,309.0,vial1,2,29.884874268969998
98,id22,36.0,309.0,vial1,2,29.884874268969998
99,id22,37.0,309.0,vial1,2,29.884874268969998
100,id22,39.0,308.0,vial1,2,29.884874268969998
101,id22,40.5,307.0,vial1,2,29.884874268969998
102,id22,42.5,305.0,vial1,2,29.884874268969998
103,id22,44.5,303.0,vial1,2,29.884874268969998
104,id22,46.0,301.0,vial1,2,29.884874268969998
105,id22,47.5,300.0,vial1,2,29.884874268969998
106,id22,49.5,298.0,vial1,2,29.884874268969998
107,id22,51.5,296.0,vial1,2,29.884874268969998
108,id22,53.5,294.0,vial1,2,29.884874268969998
109,id22,55.0,292.0,vial1,2,29.884874268969998
110,id22,57.0,289.5,vial1,2,29.884874268969998
111,id22,58.5,287.0,vial1,2,29.884874268969998
112,id22,60.0,285.5,vial1,2,29.884874268969998
113,id22,61.5,283.0,vial1,2,29.884874268969998
114,id22,62.5,280.0,vial1,2,29.884874268969998
115,id22,64.5,277.5,vial1,2,29.884874268969998
116,id22,65.5,275.5,vial1,2,29.884874268969998
117,id22,66.0,272.5,vial1,2,29.884874268969998
118,id22,66.5,270.0,vial1,2,29.884874268969998
119,id22,68.0,267.5,vial1,2,29.884874268969998
120,id22,68.0,265.0,vial1,2,29.884874268969998
121,id22,68.5,262.0,vial1,2,29.884874268969998
122,id22,69.0,259.5,vial1,2,29.884874268969998
123,id22,69.0,257.5,vial1,2,29.884874268969998
124,id22,68.5,256.0,vial1,2,29.884874268969998
125,id22,69.0,254.0,vial1,2,29.884874268969998
126,id22,69.5,252.0,vial1,2,29.884874268969998
127,id22,69.5,249.5,vial1,2,29.884874268969998
128,id22,70.0,246.5,vial1,2,29.884874268969998
129,id22,70.0,244.0,vial1,2,29.884874268969998
130,id22,71.0,241.5,vial1,2,29.884874268969998
131,id22,71.0,238.5,vial1,2,29.884874268969998
132,id22,71.0,236.5,vial1,2,29.884874268969998
133,id22,71.0,234.5,vial1,2,29.884874268969998
134,id22,70.5,233.0,vial1,2,29.884874268969998
135,id22,70.5,231.5,vial1,2,29.884874268969998
136,id22,69.5,230.0,vial1,2,29.884874268969998
137,id22,69.5,228.5,vial1,2,29.884874268969998
138,id22,68.5,227.5,vial1,2,29.884874268969998
139,id22,67.5,225.5,vial1,2,29.884874268969998
140,id22,66.0,223.0,vial1,2,29.884874268969998
141,id22,64.5,221.0,vial1,2,29.884874268969998
142,id22,63.0,219.0,vial1,2,29.884874268969998
143,id22,61.0,217.5,vial1,2,29.884874268969998
144,id22,59.5,215.5,vial1,2,29.884874268969998
145,id22,58.0,214.0,vial1,2,29.884874268969998
146,id22,57.0,211.5,vial1,2,29.884874268969998
147,id22,55.0,209.0,vial1,2,29.884874268969998
148,id22,53.5,206.0,vial1,2,29.884874268969998
149,id22,52.0,204.0,vial1,2,29.884874268969998
150,id22,50.5,200.5,vial1,2,29.884874268969998
151,id22,49.0,198.0,vial1,2,29.884874268969998
152,id22,48.0,195.0,vial1,2,29.884874268969998
153,id22,46.0,193.0,vial1,2,29.884874268969998
154,id22,45.0,191.0,vial1,2,29.884874268969998
155,id22,44.0,189.0,vial1,2,29.884874268969998
156,id22,43.0,187.0,vial1,2,29.884874268969998
157,id22,42.0,185.0,vial1,2,29.884874268969998
158,id22,41.0,183.0,vial1,2,29.884874268969998
159,id22,40.0,181.0,vial1,2,29.884874268969998
160,id22,38.5,178.0,vial1,2,29.884874268969998
161,id22,37.0,176.0,vial1,2,29.884874268969998
162,id22,36.0,174.0,vial1,2,29.884874268969998
163,id22,35.0,172.0,vial1,2,29.884874268969998
164,id22,34.0,170.0,vial1,2,29.884874268969998
165,id22,33.5,167.0,vial1,2,29.884874268969998
166,id22,33.5,164.5,vial1,2,29.884874268969998
167,id22,33.5,161.5,vial1,2,29.884874268969998
168,id22,33.5,159.0,vial1,2,29.884874268969998
169,id22,33.5,156.5,vial1,2,29.884874268969998
170,id22,33.5,155.0,vial1,2,29.884874268969998
171,id22,33.5,153.0,vial1,2,29.884874268969998
172,id22,33.5,151.5,vial1,2,29.884874268969998
173,id22,33.0,149.5,vial1,2,29.884874268969998
174,id22,33.5,148.0,vial1,2,29.884874268969998
175,id22,33.5,146.5,vial1,2,29.884874268969998
176,id22,32.5,145.0,vial1,2,29.884874268969998
177,id22,33.0,144.5,vial1,2,29.884874268969998
178,id22,33.0,145.0,vial1,2,29.884874268969998
179,id22,33.0,145.0,vial1,2,29.884874268969998
180,id22,33.0,145.0,vial1,2,29.884874268969998
181,id22,33.5,145.5,vial1,2,29.884874268969998
182,id22,33.5,145.5,vial1,2,29.884874268969998
183,id22,33.5,145.5,vial1,2,29.884874268969998
184,id22,33.0,146.5,vial1,2,29.884874268969998
185,id22,33.5,148.0,vial1,2,29.884874268969998
186,id22,33.5,147.5,vial1,2,29.884874268969998
187,id22,33.5,146.0,vial1,2,29.884874268969998
188,id22,33.0,144.5,vial1,2,29.884874268969998
189,id22,32.5,143.0,vial1,2,29.884874268969998
190,id22,32.5,142.0,vial1,2,29.884874268969998
191,id22,32.5,140.0,vial1,2,29.884874268969998
192,id22,32.5,139.0,vial1,2,29.884874268969998
193,id22,31.5,137.0,vial1,2,29.884874268969998
194,id22,31.5,134.5,vial1,2,29.884874268969998
195,id22,31.5,133.0,vial1,2,29.884874268969998
196,id22,30.5,131.0,vial1,2,29.884874268969998
197,id22,30.5,131.0,vial1,2,29.884874268969998
198,id22,30.5,130.0,vial1,2,29.884874268969998
199,id22,30.5,129.5,vial1,2,29.884874268969998
200,id22,30.5,128.5,vial1,2,29.884874268969998
202,id22,30.0,75.0,vial1,2,29.884874268969998
203,id22,10.0,63.0,vial1,2,29.884874268969998
204,id22,10.0,63.5,vial1,2,29.884874268969998
205,id22,10.0,63.0,vial1,2,29.884874268969998
206,id22,10.0,62.0,vial1,2,29.884874268969998
207,id22,10.0,62.0,vial1,2,29.884874268969998
208,id22,10.0,62.0,vial1,2,29.884874268969998
209,id22,10.0,62.0,vial1,2,29.884874268969998
210,id22,10.0,62.0,vial1,2,29.884874268969998
211,id22,10.0,62.0,vial1,2,29.884874268969998
212,id22,10.0,62.0,vial1,2,29.884874268969998
213,id22,10.0,61.0,vial1,2,29.884874268969998
214,id22,10.0,60.0,vial1,2,29.884874268969998
215,id22,10.0,57.5,vial1,2,29.884874268969998
216,id22,10.0,55.5,vial1,2,29.884874268969998
217,id22,10.0,53.0,vial1,2,29.884874268969998
218,id22,10.0,49.5,vial1,2,29.884874268969998
219,id22,10.0,46.5,vial1,2,29.884874268969998
220,id22,10.0,44.0,vial1,2,29.884874268969998
221,id22,10.0,41.5,vial1,2,29.884874268969998
222,id22,10.0,39.0,vial1,2,29.884874268969998
223,id22,10.0,37.5,vial1,2,29.884874268969998
224,id22,10.0,34.5,vial1,2,29.884874268969998
225,id22,10.0,32.0,vial1,2,29.884874268969998
226,id22,10.0,30.0,vial1,2,29.884874268969998
227,id22,10.0,26.0,vial1,2,29.884874268969998
228,id22,10.0,22.5,vial1,2,29.884874268969998
229,id22,10.0,20.5,vial1,2,29.884874268969998
230,id22,10.0,18.0,vial1,2,29.884874268969998
231,id22,10.0,16.5,vial1,2,29.884874268969998
232,id22,10.0,14.5,vial1,2,29.884874268969998
233,id22,10.0,4.0,vial1,2,29.884874268969998
280,id22,55.5,2.0,vial1,2,29.884874268969998
281,id22,56.0,2.0,vial1,2,29.884874268969998
0,id23,133.0,335.5,vial2,9,29.884874268969998
1,id23,135.0,336.0,vial2,9,29.884874268969998
2,id23,135.0,336.5,vial2,9,29.884874268969998
3,id23,137.0,335.5,vial2,9,29.884874268969998
4,id23,136.5,335.5,vial2,9,29.884874268969998
5,id23,134.5,336.0,vial2,9,29.884874268969998
6,id23,134.5,335.0,vial2,9,29.884874268969998
7,id23,134.5,334.5,vial2,9,29.884874268969998
8,id23,130.5,336.0,vial2,9,29.884874268969998
9,id23,129.0,335.5,vial2,9,29.884874268969998
10,id23,127.5,334.5,vial2,9,29.884874268969998
11,id23,126.0,335.5,vial2,9,29.884874268969998
12,id23,126.0,333.5,vial2,9,29.884874268969998
13,id23,129.0,335.0,vial2,9,29.884874268969998
14,id23,126.5,334.5,vial2,9,29.884874268969998
15,id23,127.5,334.5,vial2,9,29.884874268969998
16,id23,128.5,335.0,vial2,9,29.884874268969998
17,id23,129.5,335.5,vial2,9,29.884874268969998
18,id23,130.5,336.0,vial2,9,29.884874268969998
19,id23,132.5,336.0,vial2,9,29.884874268969998
20,id23,135.5,336.0,vial2,9,29.884874268969998
21,id23,139.5,335.5,vial2,9,29.884874268969998
22,id23,142.0,335.5,vial2,9,29.884874268969998
23,id23,140.5,335.5,vial2,9,29.884874268969998
24,id23,137.0,335.5,vial2,9,29.884874268969998
25,id23,135.5,334.5,vial2,9,29.884874268969998
26,id23,132.5,335.0,vial2,9,29.884874268969998
27,id23,131.0,335.0,vial2,9,29.884874268969998
28,id23,131.0,335.0,vial2,9,29.884874268969998
29,id23,129.0,335.0,vial2,9,29.884874268969998
30,id23,127.5,335.0,vial2,9,29.884874268969998
31,id23,125.0,335.0,vial2,9,29.884874268969998
32,id23,125.5,334.5,vial2,9,29.884874268969998
33,id23,126.5,334.5,vial2,9,29.884874268969998
34,id23,127.5,334.5,vial2,9,29.884874268969998
35,id23,127.5,334.5,vial2,9,29.884874268969998
36,id23,128.0,334.0,vial2,9,29.884874268969998
37,id23,128.5,334.0,vial2,9,29.884874268969998
38,id23,128.5,334.0,vial2,9,29.884874268969998
39,id23,128.0,334.0,vial2,9,29.884874268969998
40,id23,128.5,333.5,vial2,9,29.884874268969998
41,id23,129.5,333.5,vial2,9,29.884874268969998
42,id23,131.5,334.0,vial2,9,29.884874268969998
43,id23,133.5,334.0,vial2,9,29.884874268969998
44,id23,134.5,333.5,vial2,9,29.884874268969998
45,id23,135.0,333.5,vial2,9,29.884874268969998
46,id23,136.0,333.5,vial2,9,29.884874268969998
47,id23,137.0,333.5,vial2,9,29.884874268969998
48,id23,138.0,333.5,vial2,9,29.884874268969998
49,id23,139.0,333.5,vial2,9,29.884874268969998
50,id23,139.0,333.5,vial2,9,29.884874268969998
51,id23,139.0,333.5,vial2,9,29.884874268969998
52,id23,139.0,333.5,vial2,9,29.884874268969998
53,id23,143.5,318.5,vial2,9,29.884874268969998
54,id23,148.5,304.0,vial2,9,29.884874268969998
55,id23,147.5,304.5,vial2,9,29.884874268969998
56,id23,146.0,306.5,vial2,9,29.884874268969998
57,id23,144.0,307.5,vial2,9,29.884874268969998
58,id23,140.5,309.0,vial2,9,29.884874268969998
59,id23,137.0,311.0,vial2,9,29.884874268969998
60,id23,133.5,311.5,vial2,9,29.884874268969998
61,id23,131.5,312.0,vial2,9,29.884874268969998
62,id23,129.5,311.0,vial2,9,29.884874268969998
63,id23,127.5,311.5,vial2,9,29.884874268969998
64,id23,127.0,311.5,vial2,9,29.884874268969998
65,id23,127.5,311.5,vial2,9,29.884874268969998
66,id23,127.0,311.5,vial2,9,29.884874268969998
67,id23,127.5,311.5,vial2,9,29.884874268969998
68,id23,127.0,311.5,vial2,9,29.884874268969998
69,id23,127.5,311.5,vial2,9,29.884874268969998
70,id23,127.0,311.5,vial2,9,29.884874268969998
71,id23,126.0,312.0,vial2,9,29.884874268969998
72,id23,124.5,313.5,vial2,9,29.884874268969998
73,id23,124.0,314.5,vial2,9,29.884874268969998
74,id23,123.5,315.5,vial2,9,29.884874268969998
75,id23,122.5,316.5,vial2,9,29.884874268969998
76,id23,122.0,317.0,vial2,9,29.884874268969998
77,id23,121.5,318.5,vial2,9,29.884874268969998
78,id23,121.5,319.5,vial2,9,29.884874268969998
79,id23,121.5,320.5,vial2,9,29.884874268969998
80,id23,122.0,321.0,vial2,9,29.884874268969998
81,id23,122.5,322.0,vial2,9,29.884874268969998
82,id23,122.5,322.0,vial2,9,29.884874268969998
83,id23,122.5,322.5,vial2,9,29.884874268969998
84,id23,122.5,322.5,vial2,9,29.884874268969998
85,id23,122.5,322.5,vial2,9,29.884874268969998
86,id23,122.5,322.5,vial2,9,29.884874268969998
87,id23,122.5,322.5,vial2,9,29.884874268969998
88,id23,122.5,322.5,vial2,9,29.884874268969998
89,id23,122.5,322.0,vial2,9,29.884874268969998
90,id23,122.5,321.5,vial2,9,29.884874268969998
91,id23,121.5,321.5,vial2,9,29.884874268969998
92,id23,121.5,321.0,vial2,9,29.884874268969998
93,id23,121.5,320.5,vial2,9,29.884874268969998
94,id23,121.5,320.5,vial2,9,29.884874268969998
95,id23,121.5,320.0,vial2,9,29.884874268969998
96,id23,121.5,319.5,vial2,9,29.884874268969998
97,id23,121.5,319.5,vial2,9,29.884874268969998
98,id23,121.5,319.5,vial2,9,29.884874268969998
99,id23,121.5,319.5,vial2,9,29.884874268969998
100,id23,121.5,319.5,vial2,9,29.884874268969998
101,id23,121.5,319.5,vial2,9,29.884874268969998
102,id23,121.5,318.5,vial2,9,29.884874268969998
103,id23,121.5,318.0,vial2,9,29.884874268969998
104,id23,122.5,317.0,vial2,9,29.884874268969998
105,id23,123.5,316.0,vial2,9,29.884874268969998
106,id23,123.5,314.5,vial2,9,29.884874268969998
107,id23,124.5,313.5,vial2,9,29.884874268969998
108,id23,124.5,312.5,vial2,9,29.884874268969998
109,id23,125.0,312.0,vial2,9,29.884874268969998
110,id23,126.5,311.0,vial2,9,29.884874268969998
111,id23,127.0,310.0,vial2,9,29.884874268969998
112,id23,128.0,309.0,vial2,9,29.884874268969998
113,id23,129.5,309.0,vial2,9,29.884874268969998
114,id23,130.5,309.0,vial2,9,29.884874268969998
115,id23,132.5,309.0,vial2,9,29.884874268969998
116,id23,133.5,309.5,vial2,9,29.884874268969998
117,id23,134.5,310.0,vial2,9,29.884874268969998
118,id23,135.0,310.0,vial2,9,29.884874268969998
119,id23,136.0,310.0,vial2,9,29.884874268969998
120,id23,136.5,309.5,vial2,9,29.884874268969998
121,id23,137.0,309.5,vial2,9,29.884874268969998
122,id23,136.5,309.5,vial2,9,29.884874268969998
123,id23,136.5,309.0,vial2,9,29.884874268969998
124,id23,136.5,309.0,vial2,9,29.884874268969998
125,id23,136.5,309.0,vial2,9,29.884874268969998
126,id23,136.5,310.0,vial2,9,29.884874268969998
127,id23,136.5,309.5,vial2,9,29.884874268969998
128,id23,136.5,309.5,vial2,9,29.884874268969998
129,id23,137.0,308.5,vial2,9,29.884874268969998
130,id23,137.0,308.0,vial2,9,29.884874268969998
131,id23,137.5,307.5,vial2,9,29.884874268969998
132,id23,138.0,307.0,vial2,9,29.884874268969998
133,id23,138.0,307.0,vial2,9,29.884874268969998
134,id23,138.0,307.0,vial2,9,29.884874268969998
135,id23,138.0,307.0,vial2,9,29.884874268969998
136,id23,138.0,307.0,vial2,9,29.884874268969998
137,id23,148.5,300.0,vial2,9,29.884874268969998
138,id23,185.5,283.0,vial2,9,29.884874268969998
139,id23,186.5,282.0,vial2,9,29.884874268969998
140,id23,186.5,281.5,vial2,9,29.884874268969998
141,id23,186.5,281.0,vial2,9,29.884874268969998
142,id23,186.5,281.0,vial2,9,29.884874268969998
143,id23,186.5,281.0,vial2,9,29.884874268969998
144,id23,186.5,281.0,vial2,9,29.884874268969998
145,id23,186.5,280.0,vial2,9,29.884874268969998
146,id23,186.5,278.0,vial2,9,29.884874268969998
147,id23,186.5,276.0,vial2,9,29.884874268969998
148,id23,186.0,274.0,vial2,9,29.884874268969998
149,id23,185.5,271.5,vial2,9,29.884874268969998
150,id23,185.5,270.0,vial2,9,29.884874268969998
151,id23,185.0,268.5,vial2,9,29.884874268969998
152,id23,184.0,266.5,vial2,9,29.884874268969998
153,id23,183.0,265.5,vial2,9,29.884874268969998
154,id23,182.0,263.5,vial2,9,29.884874268969998
155,id23,181.0,262.0,vial2,9,29.884874268969998
156,id23,180.0,261.0,vial2,9,29.884874268969998
157,id23,179.0,259.5,vial2,9,29.884874268969998
158,id23,178.0,258.0,vial2,9,29.884874268969998
159,id23,177.0,257.0,vial2,9,29.884874268969998
160,id23,176.0,255.5,vial2,9,29.884874268969998
161,id23,174.0,254.5,vial2,9,29.884874268969998
162,id23,172.5,253.0,vial2,9,29.884874268969998
163,id23,170.5,252.5,vial2,9,29.884874268969998
164,id23,169.0,252.5,vial2,9,29.884874268969998
165,id23,167.0,252.0,vial2,9,29.884874268969998
166,id23,165.0,252.0,vial2,9,29.884874268969998
167,id23,163.0,252.0,vial2,9,29.884874268969998
168,id23,161.0,251.0,vial2,9,29.884874268969998
169,id23,159.5,250.5,vial2,9,29.884874268969998
170,id23,157.0,249.5,vial2,9,29.884874268969998
171,id23,155.5,249.0,vial2,9,29.884874268969998
172,id23,154.5,248.0,vial2,9,29.884874268969998
173,id23,153.5,248.0,vial2,9,29.884874268969998
174,id23,153.0,247.5,vial2,9,29.884874268969998
175,id23,153.0,247.5,vial2,9,29.884874268969998
176,id23,152.5,247.5,vial2,9,29.884874268969998
177,id23,152.5,247.0,vial2,9,29.884874268969998
178,id23,152.5,247.0,vial2,9,29.884874268969998
179,id23,147.0,242.0,vial2,9,29.884874268969998
180,id23,122.5,228.0,vial2,9,29.884874268969998
181,id23,124.5,233.0,vial2,9,29.884874268969998
182,id23,127.0,257.0,vial2,9,29.884874268969998
183,id23,138.5,278.0,vial2,9,29.884874268969998
184,id23,133.5,302.5,vial2,9,29.884874268969998
185,id23,145.5,321.5,vial2,9,29.884874268969998
186,id23,157.0,332.0,vial2,9,29.884874268969998
187,id23,157.0,332.0,vial2,9,29.884874268969998
188,id23,156.5,332.0,vial2,9,29.884874268969998
189,id23,156.5,332.0,vial2,9,29.884874268969998
190,id23,156.5,332.0,vial2,9,29.884874268969998
191,id23,156.5,332.0,vial2,9,29.884874268969998
192,id23,156.5,332.0,vial2,9,29.884874268969998
193,id23,156.5,332.0,vial2,9,29.884874268969998
194,id23,157.0,332.0,vial2,9,29.884874268969998
195,id23,158.0,331.5,vial2,9,29.884874268969998
196,id23,158.0,332.0,vial2,9,29.884874268969998
197,id23,159.0,332.5,vial2,9,29.884874268969998
198,id23,159.0,333.0,vial2,9,29.884874268969998
199,id23,159.5,334.5,vial2,9,29.884874268969998
200,id23,159.5,334.5,vial2,9,29.884874268969998
201,id23,159.5,334.5,vial2,9,29.884874268969998
202,id23,159.0,334.5,vial2,9,29.884874268969998
203,id23,159.0,334.5,vial2,9,29.884874268969998
204,id23,159.0,334.5,vial2,9,29.884874268969998
205,id23,159.0,334.5,vial2,9,29.884874268969998
206,id23,158.0,334.5,vial2,9,29.884874268969998
207,id23,157.5,335.0,vial2,9,29.884874268969998
208,id23,156.5,335.5,vial2,9,29.884874268969998
209,id23,155.0,335.0,vial2,9,29.884874268969998
210,id23,154.0,335.0,vial2,9,29.884874268969998
211,id23,153.0,335.0,vial2,9,29.884874268969998
212,id23,152.0,335.5,vial2,9,29.884874268969998
213,id23,151.5,335.5,vial2,9,29.884874268969998
214,id23,152.5,335.5,vial2,9,29.884874268969998
215,id23,152.5,335.0,vial2,9,29.884874268969998
216,id23,152.5,335.5,vial2,9,29.884874268969998
217,id23,153.5,335.0,vial2,9,29.884874268969998
218,id23,154.5,335.5,vial2,9,29.884874268969998
219,id23,155.0,335.5,vial2,9,29.884874268969998
220,id23,155.5,335.0,vial2,9,29.884874268969998
221,id23,157.0,334.5,vial2,9,29.884874268969998
222,id23,157.0,334.5,vial2,9,29.884874268969998
223,id23,158.0,335.0,vial2,9,29.884874268969998
224,id23,159.0,334.5,vial2,9,29.884874268969998
225,id23,160.5,334.5,vial2,9,29.884874268969998
226,id23,163.0,334.0,vial2,9,29.884874268969998
227,id23,164.5,334.0,vial2,9,29.884874268969998
228,id23,167.0,334.0,vial2,9,29.884874268969998
229,id23,168.0,334.0,vial2,9,29.884874268969998
230,id23,169.0,334.0,vial2,9,29.884874268969998
231,id23,171.0,334.0,vial2,9,29.884874268969998
232,id23,173.0,334.0,vial2,9,29.884874268969998
233,id23,174.0,334.0,vial2,9,29.884874268969998
234,id23,174.5,334.0,vial2,9,29.884874268969998
235,id23,174.0,334.0,vial2,9,29.884874268969998
236,id23,174.0,334.0,vial2,9,29.884874268969998
237,id23,174.0,334.0,vial2,9,29.884874268969998
238,id23,174.5,334.0,vial2,9,29.884874268969998
239,id23,174.5,334.0,vial2,9,29.884874268969998
240,id23,175.5,334.0,vial2,9,29.884874268969998
241,id23,176.5,334.0,vial2,9,29.884874268969998
242,id23,177.5,333.5,vial2,9,29.884874268969998
243,id23,178.0,333.5,vial2,9,29.884874268969998
244,id23,178.0,333.5,vial2,9,29.884874268969998
245,id23,177.5,334.0,vial2,9,29.884874268969998
246,id23,177.0,334.0,vial2,9,29.884874268969998
247,id23,176.5,334.0,vial2,9,29.884874268969998
248,id23,176.0,334.0,vial2,9,29.884874268969998
249,id23,175.5,334.0,vial2,9,29.884874268969998
250,id23,175.5,334.0,vial2,9,29.884874268969998
251,id23,175.5,334.0,vial2,9,29.884874268969998
252,id23,175.0,334.0,vial2,9,29.884874268969998
253,id23,175.0,334.0,vial2,9,29.884874268969998
254,id23,175.0,334.0,vial2,9,29.884874268969998
255,id23,175.0,334.0,vial2,9,29.884874268969998
256,id23,175.0,334.0,vial2,9,29.884874268969998
257,id23,175.0,334.0,vial2,9,29.884874268969998
258,id23,175.5,334.0,vial2,9,29.884874268969998
259,id23,175.5,334.0,vial2,9,29.884874268969998
260,id23,176.5,333.5,vial2,9,29.884874268969998
261,id23,177.0,333.5,vial2,9,29.884874268969998
262,id23,177.5,333.5,vial2,9,29.884874268969998
263,id23,178.0,333.5,vial2,9,29.884874268969998
264,id23,178.5,333.0,vial2,9,29.884874268969998
265,id23,178.5,333.0,vial2,9,29.884874268969998
266,id23,178.0,333.5,vial2,9,29.884874268969998
267,id23,177.0,333.0,vial2,9,29.884874268969998
268,id23,175.5,333.0,vial2,9,29.884874268969998
269,id23,174.0,333.5,vial2,9,29.884874268969998
270,id23,172.5,333.5,vial2,9,29.884874268969998
271,id23,171.5,333.5,vial2,9,29.884874268969998
272,id23,170.5,333.5,vial2,9,29.884874268969998
273,id23,169.0,333.5,vial2,9,29.884874268969998
274,id23,166.5,333.0,vial2,9,29.884874268969998
275,id23,164.5,332.0,vial2,9,29.884874268969998
276,id23,163.0,332.5,vial2,9,29.884874268969998
280,id23,150.5,332.5,vial2,9,29.884874268969998
281,id23,150.5,332.5,vial2,9,29.884874268969998
282,id23,146.5,332.5,vial2,9,29.884874268969998
283,id23,144.5,333.0,vial2,9,29.884874268969998
284,id23,142.5,333.0,vial2,9,29.884874268969998
285,id23,139.5,333.0,vial2,9,29.884874268969998
286,id23,136.5,334.0,vial2,9,29.884874268969998
287,id23,134.0,335.0,vial2,9,29.884874268969998
288,id23,133.5,334.0,vial2,9,29.884874268969998
289,id23,132.5,333.5,vial2,9,29.884874268969998
290,id23,130.5,333.5,vial2,9,29.884874268969998
0,id24,631.5,335.0,vial6,36,29.884874268969998
1,id24,631.5,335.0,vial6,36,29.884874268969998
2,id24,630.5,334.5,vial6,36,29.884874268969998
3,id24,631.5,334.5,vial6,36,29.884874268969998
4,id24,631.5,334.5,vial6,36,29.884874268969998
5,id24,630.5,334.5,vial6,36,29.884874268969998
6,id24,631.5,334.5,vial6,36,29.884874268969998
7,id24,631.5,334.5,vial6,36,29.884874268969998
8,id24,631.0,334.5,vial6,36,29.884874268969998
9,id24,631.0,334.5,vial6,36,29.884874268969998
10,id24,632.0,334.5,vial6,36,29.884874268969998
11,id24,632.5,334.0,vial6,36,29.884874268969998
12,id24,634.0,334.0,vial6,36,29.884874268969998
13,id24,635.5,333.5,vial6,36,29.884874268969998
14,id24,635.0,333.5,vial6,36,29.884874268969998
15,id24,637.5,334.5,vial6,36,29.884874268969998
16,id24,637.5,334.5,vial6,36,29.884874268969998
17,id24,639.5,334.0,vial6,36,29.884874268969998
18,id24,639.5,334.0,vial6,36,29.884874268969998
19,id24,640.0,334.0,vial6,36,29.884874268969998
20,id24,638.0,334.0,vial6,36,29.884874268969998
21,id24,638.0,334.0,vial6,36,29.884874268969998
22,id24,637.5,334.0,vial6,36,29.884874268969998
23,id24,636.5,334.0,vial6,36,29.884874268969998
24,id24,636.5,333.0,vial6,36,29.884874268969998
25,id24,636.5,333.0,vial6,36,29.884874268969998
26,id24,636.0,333.0,vial6,36,29.884874268969998
27,id24,636.0,333.0,vial6,36,29.884874268969998
28,id24,636.5,333.0,vial6,36,29.884874268969998
29,id24,636.5,333.0,vial6,36,29.884874268969998
30,id24,636.5,333.0,vial6,36,29.884874268969998
31,id24,637.5,333.0,vial6,36,29.884874268969998
32,id24,638.0,333.0,vial6,36,29.884874268969998
33,id24,639.5,333.0,vial6,36,29.884874268969998
34,id24,640.5,333.5,vial6,36,29.884874268969998
35,id24,640.0,333.5,vial6,36,29.884874268969998
36,id24,639.5,333.5,vial6,36,29.884874268969998
37,id24,639.5,333.5,vial6,36,29.884874268969998
38,id24,638.5,333.0,vial6,36,29.884874268969998
39,id24,637.0,333.0,vial6,36,29.884874268969998
40,id24,635.0,333.0,vial6,36,29.884874268969998
41,id24,632.5,333.5,vial6,36,29.884874268969998
42,id24,631.0,333.0,vial6,36,29.884874268969998
43,id24,628.5,333.0,vial6,36,29.884874268969998
44,id24,627.0,333.0,vial6,36,29.884874268969998
45,id24,624.5,333.0,vial6,36,29.884874268969998
46,id24,624.0,333.0,vial6,36,29.884874268969998
47,id24,622.0,333.0,vial6,36,29.884874268969998
48,id24,620.5,333.5,vial6,36,29.884874268969998
49,id24,619.0,334.0,vial6,36,29.884874268969998
50,id24,619.0,334.0,vial6,36,29.884874268969998
51,id24,619.5,334.0,vial6,36,29.884874268969998
52,id24,619.5,335.0,vial6,36,29.884874268969998
53,id24,620.0,333.5,vial6,36,29.884874268969998
54,id24,619.5,333.5,vial6,36,29.884874268969998
55,id24,618.0,334.5,vial6,36,29.884874268969998
56,id24,615.5,333.0,vial6,36,29.884874268969998
57,id24,614.5,334.0,vial6,36,29.884874268969998
58,id24,613.5,334.5,vial6,36,29.884874268969998
59,id24,612.5,334.5,vial6,36,29.884874268969998
60,id24,612.0,334.0,vial6,36,29.884874268969998
61,id24,611.5,334.0,vial6,36,29.884874268969998
62,id24,613.0,335.0,vial6,36,29.884874268969998
63,id24,614.0,335.0,vial6,36,29.884874268969998
64,id24,614.5,335.0,vial6,36,29.884874268969998
65,id24,615.5,335.5,vial6,36,29.884874268969998
66,id24,616.5,335.5,vial6,36,29.884874268969998
67,id24,616.5,336.0,vial6,36,29.884874268969998
68,id24,616.5,336.0,vial6,36,29.884874268969998
69,id24,616.5,336.0,vial6,36,29.884874268969998
70,id24,616.5,335.5,vial6,36,29.884874268969998
71,id24,616.5,335.5,vial6,36,29.884874268969998
72,id24,617.5,336.0,vial6,36,29.884874268969998
73,id24,614.0,323.5,vial6,36,29.884874268969998
74,id24,615.5,326.0,vial6,36,29.884874268969998
75,id24,613.5,327.0,vial6,36,29.884874268969998
76,id24,614.5,327.0,vial6,36,29.884874268969998
77,id24,614.5,328.0,vial6,36,29.884874268969998
78,id24,614.5,329.0,vial6,36,29.884874268969998
79,id24,615.0,330.0,vial6,36,29.884874268969998
80,id24,615.0,330.5,vial6,36,29.884874268969998
81,id24,617.5,334.5,vial6,36,29.884874268969998
82,id24,614.0,337.5,vial6,36,29.884874268969998
83,id24,612.0,337.0,vial6,36,29.884874268969998
84,id24,614.0,337.5,vial6,36,29.884874268969998
85,id24,613.5,337.5,vial6,36,29.884874268969998
86,id24,613.5,337.0,vial6,36,29.884874268969998
87,id24,613.0,337.5,vial6,36,29.884874268969998
88,id24,615.0,336.5,vial6,36,29.884874268969998
89,id24,614.0,337.0,vial6,36,29.884874268969998
90,id24,615.0,337.5,vial6,36,29.884874268969998
91,id24,616.5,337.5,vial6,36,29.884874268969998
92,id24,614.5,337.0,vial6,36,29.884874268969998
93,id24,616.0,337.0,vial6,36,29.884874268969998
94,id24,619.0,337.0,vial6,36,29.884874268969998
95,id24,618.0,337.5,vial6,36,29.884874268969998
96,id24,619.0,337.5,vial6,36,29.884874268969998
97,id24,618.0,337.5,vial6,36,29.884874268969998
98,id24,618.0,337.5,vial6,36,29.884874268969998
99,id24,618.0,337.5,vial6,36,29.884874268969998
100,id24,618.5,337.5,vial6,36,29.884874268969998
101,id24,619.0,337.0,vial6,36,29.884874268969998
102,id24,619.0,337.0,vial6,36,29.884874268969998
103,id24,619.0,336.5,vial6,36,29.884874268969998
104,id24,618.5,336.5,vial6,36,29.884874268969998
105,id24,619.5,337.5,vial6,36,29.884874268969998
106,id24,620.5,337.0,vial6,36,29.884874268969998
107,id24,623.5,337.5,vial6,36,29.884874268969998
108,id24,624.0,338.0,vial6,36,29.884874268969998
111,id24,628.0,334.5,vial6,36,29.884874268969998
112,id24,627.0,334.5,vial6,36,29.884874268969998
113,id24,627.0,334.5,vial6,36,29.884874268969998
114,id24,627.0,334.5,vial6,36,29.884874268969998
115,id24,626.5,335.0,vial6,36,29.884874268969998
116,id24,627.5,335.5,vial6,36,29.884874268969998
117,id24,627.5,335.5,vial6,36,29.884874268969998
118,id24,628.5,335.0,vial6,36,29.884874268969998
120,id24,630.0,336.0,vial6,36,29.884874268969998
121,id24,630.5,335.0,vial6,36,29.884874268969998
141,id24,626.0,337.0,vial6,36,29.884874268969998
142,id24,626.5,338.0,vial6,36,29.884874268969998
143,id24,625.5,337.0,vial6,36,29.884874268969998
144,id24,625.0,336.5,vial6,36,29.884874268969998
145,id24,625.0,336.5,vial6,36,29.884874268969998
146,id24,624.5,336.5,vial6,36,29.884874268969998
147,id24,624.5,336.5,vial6,36,29.884874268969998
148,id24,624.5,336.0,vial6,36,29.884874268969998
149,id24,624.5,336.0,vial6,36,29.884874268969998
150,id24,624.5,336.0,vial6,36,29.884874268969998
151,id24,624.5,336.0,vial6,36,29.884874268969998
152,id24,624.5,336.0,vial6,36,29.884874268969998
153,id24,625.0,336.5,vial6,36,29.884874268969998
154,id24,625.5,336.5,vial6,36,29.884874268969998
155,id24,624.5,335.5,vial6,36,29.884874268969998
156,id24,626.0,336.5,vial6,36,29.884874268969998
157,id24,626.0,336.5,vial6,36,29.884874268969998
158,id24,625.5,336.5,vial6,36,29.884874268969998
159,id24,625.0,336.5,vial6,36,29.884874268969998
160,id24,625.0,336.5,vial6,36,29.884874268969998
161,id24,625.0,336.5,vial6,36,29.884874268969998
162,id24,625.0,336.5,vial6,36,29.884874268969998
163,id24,626.0,336.5,vial6,36,29.884874268969998
164,id24,624.5,335.5,vial6,36,29.884874268969998
165,id24,624.5,335.5,vial6,36,29.884874268969998
166,id24,625.0,335.5,vial6,36,29.884874268969998
167,id24,625.0,335.0,vial6,36,29.884874268969998
168,id24,625.5,335.5,vial6,36,29.884874268969998
169,id24,626.5,335.5,vial6,36,29.884874268969998
170,id24,626.5,335.5,vial6,36,29.884874268969998
171,id24,625.5,336.0,vial6,36,29.884874268969998
172,id24,625.5,336.0,vial6,36,29.884874268969998
173,id24,625.5,336.0,vial6,36,29.884874268969998
174,id24,625.5,336.0,vial6,36,29.884874268969998
175,id24,625.0,336.0,vial6,36,29.884874268969998
176,id24,624.5,336.0,vial6,36,29.884874268969998
177,id24,625.0,336.0,vial6,36,29.884874268969998
178,id24,624.5,336.0,vial6,36,29.884874268969998
179,id24,625.0,336.0,vial6,36,29.884874268969998
180,id24,625.0,336.0,vial6,36,29.884874268969998
181,id24,625.0,336.0,vial6,36,29.884874268969998
182,id24,624.5,336.0,vial6,36,29.884874268969998
183,id24,624.5,336.0,vial6,36,29.884874268969998
184,id24,624.5,336.0,vial6,36,29.884874268969998
185,id24,624.5,336.0,vial6,36,29.884874268969998
186,id24,624.5,336.0,vial6,36,29.884874268969998
187,id24,624.5,336.0,vial6,36,29.884874268969998
188,id24,624.5,336.0,vial6,36,29.884874268969998
189,id24,624.5,336.0,vial6,36,29.884874268969998
190,id24,624.5,336.0,vial6,36,29.884874268969998
191,id24,624.5,336.0,vial6,36,29.884874268969998
192,id24,624.5,336.0,vial6,36,29.884874268969998
193,id24,624.5,336.0,vial6,36,29.884874268969998
194,id24,624.5,336.0,vial6,36,29.884874268969998
195,id24,624.5,336.0,vial6,36,29.884874268969998
196,id24,624.5,336.0,vial6,36,29.884874268969998
197,id24,624.5,336.0,vial6,36,29.884874268969998
198,id24,624.5,336.0,vial6,36,29.884874268969998
199,id24,624.5,336.0,vial6,36,29.884874268969998
200,id24,624.5,336.0,vial6,36,29.884874268969998
201,id24,624.5,336.0,vial6,36,29.884874268969998
202,id24,624.5,336.0,vial6,36,29.884874268969998
203,id24,624.5,336.0,vial6,36,29.884874268969998
204,id24,624.5,336.0,vial6,36,29.884874268969998
205,id24,624.5,336.0,vial6,36,29.884874268969998
206,id24,625.0,336.0,vial6,36,29.884874268969998
207,id24,625.0,336.0,vial6,36,29.884874268969998
208,id24,624.5,336.0,vial6,36,29.884874268969998
209,id24,624.5,336.0,vial6,36,29.884874268969998
210,id24,626.5,336.0,vial6,36,29.884874268969998
211,id24,638.5,315.5,vial6,36,29.884874268969998
212,id24,650.5,304.0,vial6,36,29.884874268969998
213,id24,657.5,305.0,vial6,36,29.884874268969998
214,id24,659.5,309.0,vial6,36,29.884874268969998
215,id24,660.0,308.0,vial6,36,29.884874268969998
216,id24,660.0,307.0,vial6,36,29.884874268969998
217,id24,660.0,307.0,vial6,36,29.884874268969998
218,id24,660.5,307.0,vial6,36,29.884874268969998
219,id24,660.5,307.0,vial6,36,29.884874268969998
220,id24,660.5,307.0,vial6,36,29.884874268969998
221,id24,660.5,307.0,vial6,36,29.884874268969998
222,id24,660.5,307.0,vial6,36,29.884874268969998
223,id24,660.5,307.0,vial6,36,29.884874268969998
224,id24,660.5,307.0,vial6,36,29.884874268969998
225,id24,660.5,307.0,vial6,36,29.884874268969998
226,id24,660.5,306.5,vial6,36,29.884874268969998
227,id24,661.0,306.5,vial6,36,29.884874268969998
228,id24,662.5,306.5,vial6,36,29.884874268969998
229,id24,663.0,306.5,vial6,36,29.884874268969998
230,id24,663.5,306.5,vial6,36,29.884874268969998
231,id24,664.0,307.5,vial6,36,29.884874268969998
232,id24,664.5,308.5,vial6,36,29.884874268969998
233,id24,664.5,309.5,vial6,36,29.884874268969998
234,id24,664.5,310.5,vial6,36,29.884874268969998
235,id24,664.5,311.0,vial6,36,29.884874268969998
236,id24,664.0,311.0,vial6,36,29.884874268969998
237,id24,664.5,311.0,vial6,36,29.884874268969998
238,id24,664.5,311.5,vial6,36,29.884874268969998
239,id24,664.5,311.5,vial6,36,29.884874268969998
240,id24,664.5,312.0,vial6,36,29.884874268969998
241,id24,664.5,311.5,vial6,36,29.884874268969998
242,id24,664.5,312.0,vial6,36,29.884874268969998
243,id24,664.5,312.5,vial6,36,29.884874268969998
244,id24,664.5,312.5,vial6,36,29.884874268969998
245,id24,664.5,312.5,vial6,36,29.884874268969998
246,id24,664.5,312.5,vial6,36,29.884874268969998
247,id24,664.5,312.5,vial6,36,29.884874268969998
248,id24,664.5,312.5,vial6,36,29.884874268969998
249,id24,665.0,312.5,vial6,36,29.884874268969998
250,id24,664.5,312.5,vial6,36,29.884874268969998
251,id24,664.5,312.5,vial6,36,29.884874268969998
252,id24,665.5,317.5,vial6,36,29.884874268969998
253,id24,664.0,314.0,vial6,36,29.884874268969998
254,id24,664.5,314.5,vial6,36,29.884874268969998
255,id24,665.5,314.5,vial6,36,29.884874268969998
256,id24,665.5,314.5,vial6,36,29.884874268969998
257,id24,665.5,314.5,vial6,36,29.884874268969998
258,id24,665.0,314.5,vial6,36,29.884874268969998
259,id24,665.0,314.0,vial6,36,29.884874268969998
260,id24,665.0,314.0,vial6,36,29.884874268969998
261,id24,665.0,313.5,vial6,36,29.884874268969998
262,id24,665.0,313.5,vial6,36,29.884874268969998
263,id24,665.0,313.5,vial6,36,29.884874268969998
264,id24,664.5,313.5,vial6,36,29.884874268969998
265,id24,664.5,313.5,vial6,36,29.884874268969998
266,id24,665.0,313.5,vial6,36,29.884874268969998
267,id24,664.5,313.5,vial6,36,29.884874268969998
268,id24,664.5,313.5,vial6,36,29.884874268969998
269,id24,664.5,313.5,vial6,36,29.884874268969998
270,id24,664.5,313.5,vial6,36,29.884874268969998
271,id24,664.5,313.5,vial6,36,29.884874268969998
272,id24,664.5,313.5,vial6,36,29.884874268969998
273,id24,664.5,313.5,vial6,36,29.884874268969998
274,id24,664.5,313.5,vial6,36,29.884874268969998
275,id24,664.5,313.5,vial6,36,29.884874268969998
276,id24,664.5,313.5,vial6,36,29.884874268969998
277,id24,664.5,313.5,vial6,36,29.884874268969998
278,id24,664.5,313.5,vial6,36,29.884874268969998
279,id24,664.5,313.5,vial6,36,29.884874268969998
280,id24,664.5,313.5,vial6,36,29.884874268969998
281,id24,664.5,313.5,vial6,36,29.884874268969998
282,id24,664.5,313.5,vial6,36,29.884874268969998
283,id24,664.5,313.5,vial6,36,29.884874268969998
284,id24,664.5,313.5,vial6,36,29.884874268969998
285,id24,664.5,313.5,vial6,36,29.884874268969998
286,id24,664.5,314.0,vial6,36,29.884874268969998
287,id24,664.5,313.5,vial6,36,29.884874268969998
288,id24,662.0,316.5,vial6,36,29.884874268969998
289,id24,664.5,314.0,vial6,36,29.884874268969998
290,id24,664.5,314.0,vial6,36,29.884874268969998
0,id25,59.0,332.5,vial1,3,29.884874268969998
1,id25,59.0,332.0,vial1,3,29.884874268969998
2,id25,57.0,331.0,vial1,3,29.884874268969998
3,id25,57.0,332.0,vial1,3,29.884874268969998
4,id25,57.0,332.0,vial1,3,29.884874268969998
5,id25,56.0,332.0,vial1,3,29.884874268969998
6,id25,56.0,332.0,vial1,3,29.884874268969998
7,id25,55.5,331.5,vial1,3,29.884874268969998
8,id25,53.5,331.5,vial1,3,29.884874268969998
9,id25,51.5,331.5,vial1,3,29.884874268969998
10,id25,50.5,332.0,vial1,3,29.884874268969998
11,id25,48.5,332.0,vial1,3,29.884874268969998
12,id25,45.5,331.5,vial1,3,29.884874268969998
13,id25,45.5,331.5,vial1,3,29.884874268969998
14,id25,44.0,331.5,vial1,3,29.884874268969998
15,id25,45.0,331.5,vial1,3,29.884874268969998
16,id25,45.0,331.0,vial1,3,29.884874268969998
17,id25,44.5,331.5,vial1,3,29.884874268969998
18,id25,44.5,331.5,vial1,3,29.884874268969998
19,id25,44.5,330.5,vial1,3,29.884874268969998
20,id25,43.0,330.5,vial1,3,29.884874268969998
21,id25,42.0,329.5,vial1,3,29.884874268969998
22,id25,8.5,307.0,vial1,3,29.884874268969998
27,id25,40.0,329.5,vial1,3,29.884874268969998
28,id25,41.5,329.5,vial1,3,29.884874268969998
29,id25,42.5,330.0,vial1,3,29.884874268969998
30,id25,43.0,330.0,vial1,3,29.884874268969998
38,id25,43.0,324.0,vial1,3,29.884874268969998
39,id25,42.0,322.0,vial1,3,29.884874268969998
40,id25,41.0,320.5,vial1,3,29.884874268969998
41,id25,40.5,318.0,vial1,3,29.884874268969998
42,id25,40.0,315.0,vial1,3,29.884874268969998
43,id25,39.5,313.5,vial1,3,29.884874268969998
44,id25,39.0,312.0,vial1,3,29.884874268969998
45,id25,39.0,310.0,vial1,3,29.884874268969998
46,id25,38.5,308.0,vial1,3,29.884874268969998
47,id25,38.5,306.5,vial1,3,29.884874268969998
48,id25,38.0,305.0,vial1,3,29.884874268969998
49,id25,38.0,303.0,vial1,3,29.884874268969998
50,id25,37.5,300.5,vial1,3,29.884874268969998
51,id25,38.0,298.5,vial1,3,29.884874268969998
52,id25,38.0,295.5,vial1,3,29.884874268969998
53,id25,37.0,294.0,vial1,3,29.884874268969998
54,id25,37.0,293.0,vial1,3,29.884874268969998
55,id25,37.0,291.5,vial1,3,29.884874268969998
56,id25,36.0,290.0,vial1,3,29.884874268969998
57,id25,35.0,288.5,vial1,3,29.884874268969998
58,id25,34.0,287.0,vial1,3,29.884874268969998
59,id25,33.0,285.5,vial1,3,29.884874268969998
60,id25,32.0,284.5,vial1,3,29.884874268969998
61,id25,30.5,282.5,vial1,3,29.884874268969998
62,id25,29.0,280.5,vial1,3,29.884874268969998
63,id25,28.0,279.0,vial1,3,29.884874268969998
64,id25,26.5,277.5,vial1,3,29.884874268969998
65,id25,25.5,276.5,vial1,3,29.884874268969998
66,id25,24.0,275.5,vial1,3,29.884874268969998
67,id25,22.5,274.0,vial1,3,29.884874268969998
68,id25,20.5,273.0,vial1,3,29.884874268969998
69,id25,19.0,271.5,vial1,3,29.884874268969998
70,id25,17.0,271.0,vial1,3,29.884874268969998
71,id25,16.0,270.5,vial1,3,29.884874268969998
72,id25,14.5,269.5,vial1,3,29.884874268969998
73,id25,13.5,268.5,vial1,3,29.884874268969998
74,id25,12.5,268.0,vial1,3,29.884874268969998
75,id25,10.5,267.5,vial1,3,29.884874268969998
76,id25,10.0,267.5,vial1,3,29.884874268969998
77,id25,9.0,267.5,vial1,3,29.884874268969998
78,id25,9.0,268.0,vial1,3,29.884874268969998
79,id25,9.0,268.5,vial1,3,29.884874268969998
85,id25,8.0,268.0,vial1,3,29.884874268969998
86,id25,9.0,268.0,vial1,3,29.884874268969998
87,id25,9.5,267.5,vial1,3,29.884874268969998
88,id25,9.5,267.5,vial1,3,29.884874268969998
89,id25,10.0,267.5,vial1,3,29.884874268969998
90,id25,10.5,266.5,vial1,3,29.884874268969998
91,id25,11.0,266.5,vial1,3,29.884874268969998
92,id25,12.0,266.5,vial1,3,29.884874268969998
93,id25,12.0,266.0,vial1,3,29.884874268969998
94,id25,13.0,265.5,vial1,3,29.884874268969998
95,id25,13.0,265.5,vial1,3,29.884874268969998
96,id25,13.0,265.5,vial1,3,29.884874268969998
97,id25,13.0,266.0,vial1,3,29.884874268969998
98,id25,13.0,265.5,vial1,3,29.884874268969998
99,id25,13.0,266.0,vial1,3,29.884874268969998
100,id25,13.0,266.0,vial1,3,29.884874268969998
101,id25,13.0,265.5,vial1,3,29.884874268969998
102,id25,13.0,265.5,vial1,3,29.884874268969998
103,id25,13.0,265.5,vial1,3,29.884874268969998
104,id25,12.5,265.0,vial1,3,29.884874268969998
105,id25,12.0,265.0,vial1,3,29.884874268969998
106,id25,12.0,265.0,vial1,3,29.884874268969998
107,id25,12.5,265.0,vial1,3,29.884874268969998
108,id25,12.0,265.0,vial1,3,29.884874268969998
109,id25,12.0,265.5,vial1,3,29.884874268969998
110,id25,12.0,265.0,vial1,3,29.884874268969998
111,id25,12.5,265.0,vial1,3,29.884874268969998
112,id25,12.5,265.0,vial1,3,29.884874268969998
113,id25,12.5,265.0,vial1,3,29.884874268969998
114,id25,12.5,265.0,vial1,3,29.884874268969998
115,id25,12.5,265.0,vial1,3,29.884874268969998
116,id25,13.0,264.5,vial1,3,29.884874268969998
117,id25,13.0,264.5,vial1,3,29.884874268969998
118,id25,13.0,264.5,vial1,3,29.884874268969998
119,id25,13.0,264.5,vial1,3,29.884874268969998
120,id25,13.0,264.0,vial1,3,29.884874268969998
121,id25,19.0,262.0,vial1,3,29.884874268969998
122,id25,61.5,254.0,vial1,3,29.884874268969998
123,id25,64.5,252.0,vial1,3,29.884874268969998
124,id25,64.5,251.5,vial1,3,29.884874268969998
125,id25,65.5,252.0,vial1,3,29.884874268969998
126,id25,65.0,252.0,vial1,3,29.884874268969998
127,id25,65.0,253.0,vial1,3,29.884874268969998
128,id25,64.5,252.5,vial1,3,29.884874268969998
129,id25,65.0,252.5,vial1,3,29.884874268969998
130,id25,64.5,252.5,vial1,3,29.884874268969998
131,id25,64.5,252.0,vial1,3,29.884874268969998
132,id25,64.5,252.0,vial1,3,29.884874268969998
133,id25,64.5,252.0,vial1,3,29.884874268969998
134,id25,65.0,250.5,vial1,3,29.884874268969998
135,id25,65.0,249.0,vial1,3,29.884874268969998
136,id25,66.0,247.5,vial1,3,29.884874268969998
137,id25,66.5,246.5,vial1,3,29.884874268969998
138,id25,67.5,244.5,vial1,3,29.884874268969998
139,id25,68.5,243.0,vial1,3,29.884874268969998
140,id25,68.5,241.5,vial1,3,29.884874268969998
141,id25,69.0,239.5,vial1,3,29.884874268969998
142,id25,69.0,237.0,vial1,3,29.884874268969998
143,id25,70.0,235.5,vial1,3,29.884874268969998
144,id25,70.0,233.0,vial1,3,29.884874268969998
145,id25,71.0,231.0,vial1,3,29.884874268969998
146,id25,71.0,228.5,vial1,3,29.884874268969998
147,id25,71.0,226.5,vial1,3,29.884874268969998
148,id25,71.0,223.5,vial1,3,29.884874268969998
149,id25,71.0,221.5,vial1,3,29.884874268969998
150,id25,71.0,219.0,vial1,3,29.884874268969998
151,id25,71.0,216.5,vial1,3,29.884874268969998
152,id25,71.0,214.5,vial1,3,29.884874268969998
153,id25,71.0,211.5,vial1,3,29.884874268969998
154,id25,71.0,209.0,vial1,3,29.884874268969998
155,id25,70.5,206.5,vial1,3,29.884874268969998
156,id25,71.0,203.5,vial1,3,29.884874268969998
157,id25,70.5,201.0,vial1,3,29.884874268969998
158,id25,70.5,198.0,vial1,3,29.884874268969998
159,id25,69.5,195.5,vial1,3,29.884874268969998
160,id25,69.5,193.0,vial1,3,29.884874268969998
161,id25,69.5,190.0,vial1,3,29.884874268969998
162,id25,69.5,187.0,vial1,3,29.884874268969998
163,id25,68.5,184.0,vial1,3,29.884874268969998
164,id25,68.5,181.5,vial1,3,29.884874268969998
165,id25,68.5,178.5,vial1,3,29.884874268969998
166,id25,68.0,175.5,vial1,3,29.884874268969998
167,id25,67.5,172.5,vial1,3,29.884874268969998
168,id25,67.5,169.5,vial1,3,29.884874268969998
169,id25,67.0,167.0,vial1,3,29.884874268969998
170,id25,66.5,165.0,vial1,3,29.884874268969998
171,id25,66.5,162.0,vial1,3,29.884874268969998
172,id25,66.5,160.0,vial1,3,29.884874268969998
173,id25,65.5,158.0,vial1,3,29.884874268969998
174,id25,65.5,155.5,vial1,3,29.884874268969998
175,id25,64.5,153.0,vial1,3,29.884874268969998
176,id25,64.5,150.0,vial1,3,29.884874268969998
177,id25,63.5,148.0,vial1,3,29.884874268969998
178,id25,63.0,145.5,vial1,3,29.884874268969998
179,id25,62.5,144.0,vial1,3,29.884874268969998
180,id25,61.5,141.0,vial1,3,29.884874268969998
181,id25,60.5,138.5,vial1,3,29.884874268969998
182,id25,59.5,136.0,vial1,3,29.884874268969998
183,id25,58.5,134.0,vial1,3,29.884874268969998
184,id25,58.0,131.0,vial1,3,29.884874268969998
185,id25,57.0,129.0,vial1,3,29.884874268969998
186,id25,55.5,127.0,vial1,3,29.884874268969998
187,id25,54.5,125.0,vial1,3,29.884874268969998
188,id25,53.5,123.0,vial1,3,29.884874268969998
189,id25,52.5,120.0,vial1,3,29.884874268969998
190,id25,51.0,118.0,vial1,3,29.884874268969998
191,id25,50.0,116.0,vial1,3,29.884874268969998
192,id25,49.0,113.0,vial1,3,29.884874268969998
193,id25,48.0,111.0,vial1,3,29.884874268969998
194,id25,47.0,109.0,vial1,3,29.884874268969998
195,id25,46.5,107.0,vial1,3,29.884874268969998
196,id25,46.0,105.0,vial1,3,29.884874268969998
197,id25,45.0,103.0,vial1,3,29.884874268969998
198,id25,44.0,100.0,vial1,3,29.884874268969998
199,id25,43.5,97.5,vial1,3,29.884874268969998
200,id25,43.5,95.0,vial1,3,29.884874268969998
201,id25,43.5,93.5,vial1,3,29.884874268969998
202,id25,43.0,93.0,vial1,3,29.884874268969998
203,id25,43.0,93.0,vial1,3,29.884874268969998
204,id25,43.0,93.0,vial1,3,29.884874268969998
205,id25,43.0,93.0,vial1,3,29.884874268969998
206,id25,43.0,93.0,vial1,3,29.884874268969998
207,id25,42.5,92.0,vial1,3,29.884874268969998
208,id25,42.5,91.0,vial1,3,29.884874268969998
209,id25,42.5,89.5,vial1,3,29.884874268969998
210,id25,42.5,88.0,vial1,3,29.884874268969998
211,id25,42.5,87.0,vial1,3,29.884874268969998
212,id25,42.5,86.0,vial1,3,29.884874268969998
213,id25,42.5,85.0,vial1,3,29.884874268969998
214,id25,42.5,84.5,vial1,3,29.884874268969998
215,id25,42.5,84.0,vial1,3,29.884874268969998
216,id25,42.5,84.0,vial1,3,29.884874268969998
217,id25,42.5,84.0,vial1,3,29.884874268969998
218,id25,42.5,84.0,vial1,3,29.884874268969998
219,id25,42.5,84.0,vial1,3,29.884874268969998
220,id25,42.5,84.0,vial1,3,29.884874268969998
221,id25,43.0,83.5,vial1,3,29.884874268969998
222,id25,43.5,82.5,vial1,3,29.884874268969998
223,id25,43.5,81.5,vial1,3,29.884874268969998
224,id25,44.5,80.5,vial1,3,29.884874268969998
225,id25,45.0,79.0,vial1,3,29.884874268969998
226,id25,45.5,77.5,vial1,3,29.884874268969998
227,id25,46.5,75.5,vial1,3,29.884874268969998
228,id25,46.5,74.5,vial1,3,29.884874268969998
229,id25,47.5,72.5,vial1,3,29.884874268969998
230,id25,48.5,71.0,vial1,3,29.884874268969998
231,id25,48.5,69.5,vial1,3,29.884874268969998
232,id25,49.5,68.0,vial1,3,29.884874268969998
233,id25,50.5,66.0,vial1,3,29.884874268969998
234,id25,51.5,64.0,vial1,3,29.884874268969998
235,id25,52.0,62.0,vial1,3,29.884874268969998
236,id25,53.5,61.0,vial1,3,29.884874268969998
237,id25,55.5,59.5,vial1,3,29.884874268969998
238,id25,56.5,59.0,vial1,3,29.884874268969998
239,id25,57.5,58.0,vial1,3,29.884874268969998
240,id25,58.5,57.0,vial1,3,29.884874268969998
241,id25,60.5,56.0,vial1,3,29.884874268969998
242,id25,61.5,55.5,vial1,3,29.884874268969998
243,id25,62.5,54.5,vial1,3,29.884874268969998
244,id25,64.0,53.0,vial1,3,29.884874268969998
245,id25,65.0,52.0,vial1,3,29.884874268969998
246,id25,66.5,50.5,vial1,3,29.884874268969998
247,id25,67.5,49.0,vial1,3,29.884874268969998
248,id25,69.0,48.0,vial1,3,29.884874268969998
249,id25,70.0,47.0,vial1,3,29.884874268969998
250,id25,71.0,46.0,vial1,3,29.884874268969998
251,id25,71.5,45.0,vial1,3,29.884874268969998
252,id25,71.5,44.5,vial1,3,29.884874268969998
253,id25,72.0,44.0,vial1,3,29.884874268969998
254,id25,72.0,43.5,vial1,3,29.884874268969998
255,id25,72.0,43.0,vial1,3,29.884874268969998
256,id25,72.0,43.0,vial1,3,29.884874268969998
257,id25,72.0,43.0,vial1,3,29.884874268969998
258,id25,71.5,43.0,vial1,3,29.884874268969998
259,id25,71.0,43.0,vial1,3,29.884874268969998
260,id25,71.0,42.5,vial1,3,29.884874268969998
261,id25,70.5,42.0,vial1,3,29.884874268969998
262,id25,70.5,41.5,vial1,3,29.884874268969998
263,id25,70.5,41.0,vial1,3,29.884874268969998
264,id25,70.0,40.0,vial1,3,29.884874268969998
265,id25,69.5,39.5,vial1,3,29.884874268969998
266,id25,69.5,38.5,vial1,3,29.884874268969998
267,id25,69.0,36.5,vial1,3,29.884874268969998
268,id25,69.0,34.5,vial1,3,29.884874268969998
269,id25,68.5,32.0,vial1,3,29.884874268969998
270,id25,68.0,30.5,vial1,3,29.884874268969998
271,id25,67.5,28.5,vial1,3,29.884874268969998
272,id25,66.5,27.0,vial1,3,29.884874268969998
273,id25,65.5,25.0,vial1,3,29.884874268969998
274,id25,64.5,23.5,vial1,3,29.884874268969998
275,id25,63.0,22.0,vial1,3,29.884874268969998
276,id25,61.0,20.5,vial1,3,29.884874268969998
277,id25,59.5,19.5,vial1,3,29.884874268969998
278,id25,58.5,18.5,vial1,3,29.884874268969998
279,id25,57.0,17.5,vial1,3,29.884874268969998
280,id25,56.0,16.0,vial1,3,29.884874268969998
281,id25,55.5,14.0,vial1,3,29.884874268969998
282,id25,55.5,12.0,vial1,3,29.884874268969998
283,id25,54.5,10.0,vial1,3,29.884874268969998
284,id25,54.0,7.0,vial1,3,29.884874268969998
285,id25,53.5,5.5,vial1,3,29.884874268969998
286,id25,54.0,4.0,vial1,3,29.884874268969998
0,id26,535.5,335.5,vial5,30,29.884874268969998
1,id26,535.5,335.5,vial5,30,29.884874268969998
2,id26,534.5,335.5,vial5,30,29.884874268969998
3,id26,535.0,335.5,vial5,30,29.884874268969998
4,id26,535.5,335.5,vial5,30,29.884874268969998
5,id26,534.5,335.0,vial5,30,29.884874268969998
6,id26,535.5,335.0,vial5,30,29.884874268969998
7,id26,535.5,334.5,vial5,30,29.884874268969998
8,id26,535.0,334.5,vial5,30,29.884874268969998
9,id26,535.0,335.0,vial5,30,29.884874268969998
10,id26,535.5,335.5,vial5,30,29.884874268969998
11,id26,534.5,335.5,vial5,30,29.884874268969998
12,id26,534.5,335.5,vial5,30,29.884874268969998
13,id26,521.0,313.0,vial5,30,29.884874268969998
14,id26,536.0,294.5,vial5,30,29.884874268969998
15,id26,541.5,295.5,vial5,30,29.884874268969998
16,id26,541.0,294.0,vial5,30,29.884874268969998
17,id26,541.5,295.0,vial5,30,29.884874268969998
18,id26,536.0,309.5,vial5,30,29.884874268969998
19,id26,508.5,334.0,vial5,30,29.884874268969998
20,id26,492.5,311.5,vial5,30,29.884874268969998
21,id26,490.5,311.5,vial5,30,29.884874268969998
22,id26,490.5,310.0,vial5,30,29.884874268969998
23,id26,491.0,309.0,vial5,30,29.884874268969998
24,id26,491.0,307.0,vial5,30,29.884874268969998
25,id26,491.0,305.0,vial5,30,29.884874268969998
26,id26,491.0,303.5,vial5,30,29.884874268969998
27,id26,490.0,301.0,vial5,30,29.884874268969998
28,id26,490.0,299.0,vial5,30,29.884874268969998
29,id26,489.5,297.0,vial5,30,29.884874268969998
30,id26,489.0,296.0,vial5,30,29.884874268969998
31,id26,488.5,294.0,vial5,30,29.884874268969998
32,id26,487.5,292.0,vial5,30,29.884874268969998
33,id26,487.0,290.5,vial5,30,29.884874268969998
34,id26,486.5,288.5,vial5,30,29.884874268969998
35,id26,485.5,287.5,vial5,30,29.884874268969998
36,id26,485.5,285.5,vial5,30,29.884874268969998
37,id26,485.0,284.0,vial5,30,29.884874268969998
38,id26,484.0,282.5,vial5,30,29.884874268969998
39,id26,483.5,281.0,vial5,30,29.884874268969998
40,id26,483.0,279.5,vial5,30,29.884874268969998
41,id26,482.5,279.5,vial5,30,29.884874268969998
42,id26,482.0,279.0,vial5,30,29.884874268969998
43,id26,482.0,279.0,vial5,30,29.884874268969998
44,id26,482.0,278.0,vial5,30,29.884874268969998
45,id26,482.0,277.0,vial5,30,29.884874268969998
46,id26,482.5,276.5,vial5,30,29.884874268969998
47,id26,482.5,275.5,vial5,30,29.884874268969998
48,id26,482.5,273.5,vial5,30,29.884874268969998
49,id26,483.5,271.5,vial5,30,29.884874268969998
50,id26,484.5,270.0,vial5,30,29.884874268969998
51,id26,485.0,267.5,vial5,30,29.884874268969998
52,id26,486.0,266.5,vial5,30,29.884874268969998
53,id26,487.0,264.5,vial5,30,29.884874268969998
54,id26,487.5,263.0,vial5,30,29.884874268969998
55,id26,488.0,261.5,vial5,30,29.884874268969998
56,id26,489.5,259.5,vial5,30,29.884874268969998
57,id26,491.0,257.5,vial5,30,29.884874268969998
58,id26,492.0,256.5,vial5,30,29.884874268969998
59,id26,493.5,255.0,vial5,30,29.884874268969998
60,id26,495.0,253.5,vial5,30,29.884874268969998
61,id26,496.5,252.0,vial5,30,29.884874268969998
62,id26,498.5,250.5,vial5,30,29.884874268969998
63,id26,499.5,249.0,vial5,30,29.884874268969998
64,id26,500.5,248.0,vial5,30,29.884874268969998
65,id26,501.5,247.0,vial5,30,29.884874268969998
66,id26,503.0,246.0,vial5,30,29.884874268969998
67,id26,504.0,245.0,vial5,30,29.884874268969998
68,id26,505.0,244.0,vial5,30,29.884874268969998
69,id26,506.0,243.5,vial5,30,29.884874268969998
70,id26,506.0,243.5,vial5,30,29.884874268969998
71,id26,505.5,243.5,vial5,30,29.884874268969998
72,id26,510.0,240.0,vial5,30,29.884874268969998
73,id26,517.5,224.0,vial5,30,29.884874268969998
74,id26,512.5,209.0,vial5,30,29.884874268969998
75,id26,509.0,192.5,vial5,30,29.884874268969998
76,id26,516.0,173.0,vial5,30,29.884874268969998
77,id26,521.5,166.0,vial5,30,29.884874268969998
78,id26,522.5,168.5,vial5,30,29.884874268969998
79,id26,522.0,167.0,vial5,30,29.884874268969998
80,id26,522.5,166.5,vial5,30,29.884874268969998
81,id26,522.0,166.0,vial5,30,29.884874268969998
82,id26,522.0,165.5,vial5,30,29.884874268969998
83,id26,521.0,164.5,vial5,30,29.884874268969998
84,id26,520.0,163.5,vial5,30,29.884874268969998
85,id26,519.0,162.5,vial5,30,29.884874268969998
86,id26,517.0,162.5,vial5,30,29.884874268969998
87,id26,515.5,162.0,vial5,30,29.884874268969998
88,id26,513.5,162.0,vial5,30,29.884874268969998
89,id26,512.0,161.5,vial5,30,29.884874268969998
90,id26,510.0,161.0,vial5,30,29.884874268969998
91,id26,509.0,160.5,vial5,30,29.884874268969998
92,id26,507.5,160.5,vial5,30,29.884874268969998
93,id26,506.5,159.0,vial5,30,29.884874268969998
94,id26,505.5,157.0,vial5,30,29.884874268969998
95,id26,504.0,155.0,vial5,30,29.884874268969998
96,id26,502.5,153.0,vial5,30,29.884874268969998
97,id26,501.0,151.5,vial5,30,29.884874268969998
98,id26,499.0,149.5,vial5,30,29.884874268969998
99,id26,498.0,147.5,vial5,30,29.884874268969998
100,id26,496.5,145.5,vial5,30,29.884874268969998
101,id26,495.5,143.5,vial5,30,29.884874268969998
102,id26,494.0,141.5,vial5,30,29.884874268969998
103,id26,493.0,139.5,vial5,30,29.884874268969998
104,id26,492.0,137.5,vial5,30,29.884874268969998
105,id26,490.5,136.5,vial5,30,29.884874268969998
106,id26,489.0,134.5,vial5,30,29.884874268969998
107,id26,488.0,133.5,vial5,30,29.884874268969998
108,id26,487.5,131.5,vial5,30,29.884874268969998
109,id26,486.5,129.5,vial5,30,29.884874268969998
110,id26,485.5,127.5,vial5,30,29.884874268969998
111,id26,484.5,125.5,vial5,30,29.884874268969998
112,id26,484.0,123.5,vial5,30,29.884874268969998
113,id26,483.5,121.5,vial5,30,29.884874268969998
114,id26,483.0,119.5,vial5,30,29.884874268969998
115,id26,482.5,117.5,vial5,30,29.884874268969998
116,id26,482.0,115.5,vial5,30,29.884874268969998
117,id26,482.0,113.5,vial5,30,29.884874268969998
118,id26,482.0,111.5,vial5,30,29.884874268969998
119,id26,482.0,109.5,vial5,30,29.884874268969998
120,id26,482.0,108.0,vial5,30,29.884874268969998
121,id26,482.5,106.5,vial5,30,29.884874268969998
122,id26,482.5,104.5,vial5,30,29.884874268969998
123,id26,482.5,102.5,vial5,30,29.884874268969998
124,id26,483.5,100.5,vial5,30,29.884874268969998
125,id26,484.0,98.5,vial5,30,29.884874268969998
126,id26,485.0,97.0,vial5,30,29.884874268969998
127,id26,484.5,97.0,vial5,30,29.884874268969998
128,id26,484.5,97.0,vial5,30,29.884874268969998
129,id26,484.0,97.5,vial5,30,29.884874268969998
130,id26,484.5,96.5,vial5,30,29.884874268969998
131,id26,485.0,96.0,vial5,30,29.884874268969998
132,id26,486.0,96.0,vial5,30,29.884874268969998
133,id26,485.0,96.0,vial5,30,29.884874268969998
134,id26,485.0,96.0,vial5,30,29.884874268969998
135,id26,485.5,95.0,vial5,30,29.884874268969998
136,id26,485.5,94.0,vial5,30,29.884874268969998
137,id26,486.0,92.0,vial5,30,29.884874268969998
138,id26,486.5,90.0,vial5,30,29.884874268969998
139,id26,485.5,88.5,vial5,30,29.884874268969998
140,id26,485.0,86.5,vial5,30,29.884874268969998
141,id26,485.5,85.0,vial5,30,29.884874268969998
142,id26,484.5,83.5,vial5,30,29.884874268969998
143,id26,484.5,81.5,vial5,30,29.884874268969998
144,id26,484.5,80.5,vial5,30,29.884874268969998
145,id26,484.0,79.5,vial5,30,29.884874268969998
146,id26,483.5,78.0,vial5,30,29.884874268969998
147,id26,483.5,76.0,vial5,30,29.884874268969998
148,id26,483.0,74.5,vial5,30,29.884874268969998
149,id26,482.5,72.5,vial5,30,29.884874268969998
150,id26,482.5,70.5,vial5,30,29.884874268969998
151,id26,482.5,68.0,vial5,30,29.884874268969998
152,id26,482.0,66.0,vial5,30,29.884874268969998
153,id26,482.0,63.5,vial5,30,29.884874268969998
154,id26,482.0,62.0,vial5,30,29.884874268969998
155,id26,482.0,59.5,vial5,30,29.884874268969998
156,id26,482.0,58.5,vial5,30,29.884874268969998
157,id26,482.0,57.5,vial5,30,29.884874268969998
158,id26,482.5,56.5,vial5,30,29.884874268969998
159,id26,482.5,55.0,vial5,30,29.884874268969998
160,id26,482.5,53.5,vial5,30,29.884874268969998
161,id26,483.5,52.5,vial5,30,29.884874268969998
162,id26,483.5,51.0,vial5,30,29.884874268969998
163,id26,484.0,49.5,vial5,30,29.884874268969998
164,id26,484.5,47.5,vial5,30,29.884874268969998
165,id26,485.5,46.5,vial5,30,29.884874268969998
166,id26,486.0,45.0,vial5,30,29.884874268969998
167,id26,487.0,43.5,vial5,30,29.884874268969998
168,id26,488.0,41.5,vial5,30,29.884874268969998
169,id26,488.5,40.0,vial5,30,29.884874268969998
170,id26,490.0,38.5,vial5,30,29.884874268969998
171,id26,491.0,37.5,vial5,30,29.884874268969998
172,id26,492.0,35.5,vial5,30,29.884874268969998
173,id26,494.0,34.0,vial5,30,29.884874268969998
174,id26,495.5,32.5,vial5,30,29.884874268969998
175,id26,497.5,31.0,vial5,30,29.884874268969998
176,id26,499.5,29.5,vial5,30,29.884874268969998
177,id26,501.5,28.0,vial5,30,29.884874268969998
178,id26,503.0,27.0,vial5,30,29.884874268969998
179,id26,504.5,25.0,vial5,30,29.884874268969998
180,id26,507.0,23.0,vial5,30,29.884874268969998
181,id26,509.5,21.0,vial5,30,29.884874268969998
182,id26,511.5,20.0,vial5,30,29.884874268969998
183,id26,513.5,18.0,vial5,30,29.884874268969998
184,id26,516.0,16.0,vial5,30,29.884874268969998
185,id26,518.0,14.5,vial5,30,29.884874268969998
186,id26,520.0,13.5,vial5,30,29.884874268969998
187,id26,522.5,11.5,vial5,30,29.884874268969998
188,id26,524.5,9.5,vial5,30,29.884874268969998
189,id26,525.5,7.5,vial5,30,29.884874268969998
190,id26,527.0,6.0,vial5,30,29.884874268969998
191,id26,528.0,5.0,vial5,30,29.884874268969998
192,id26,529.0,4.5,vial5,30,29.884874268969998
0,id27,399.0,336.5,vial4,22,29.884874268969998
1,id27,400.0,337.0,vial4,22,29.884874268969998
2,id27,398.0,336.5,vial4,22,29.884874268969998
3,id27,399.0,336.0,vial4,22,29.884874268969998
4,id27,399.0,336.5,vial4,22,29.884874268969998
5,id27,398.0,336.0,vial4,22,29.884874268969998
6,id27,398.0,336.0,vial4,22,29.884874268969998
7,id27,398.5,336.0,vial4,22,29.884874268969998
8,id27,398.0,336.5,vial4,22,29.884874268969998
9,id27,398.0,336.5,vial4,22,29.884874268969998
10,id27,399.0,336.5,vial4,22,29.884874268969998
11,id27,398.0,336.0,vial4,22,29.884874268969998
12,id27,398.0,336.5,vial4,22,29.884874268969998
13,id27,398.0,335.5,vial4,22,29.884874268969998
14,id27,398.0,335.5,vial4,22,29.884874268969998
15,id27,398.0,335.5,vial4,22,29.884874268969998
16,id27,398.5,336.5,vial4,22,29.884874268969998
17,id27,398.0,336.0,vial4,22,29.884874268969998
18,id27,396.0,336.0,vial4,22,29.884874268969998
19,id27,395.0,336.0,vial4,22,29.884874268969998
20,id27,394.0,336.0,vial4,22,29.884874268969998
21,id27,394.0,336.0,vial4,22,29.884874268969998
22,id27,394.0,336.0,vial4,22,29.884874268969998
23,id27,393.0,336.0,vial4,22,29.884874268969998
24,id27,393.0,335.5,vial4,22,29.884874268969998
25,id27,393.0,335.5,vial4,22,29.884874268969998
26,id27,392.5,335.5,vial4,22,29.884874268969998
27,id27,392.5,335.5,vial4,22,29.884874268969998
28,id27,393.0,335.5,vial4,22,29.884874268969998
29,id27,393.0,335.5,vial4,22,29.884874268969998
30,id27,392.0,335.5,vial4,22,29.884874268969998
31,id27,392.0,335.5,vial4,22,29.884874268969998
32,id27,392.5,335.5,vial4,22,29.884874268969998
33,id27,392.0,335.0,vial4,22,29.884874268969998
34,id27,393.5,336.0,vial4,22,29.884874268969998
35,id27,391.5,336.0,vial4,22,29.884874268969998
36,id27,390.0,335.5,vial4,22,29.884874268969998
37,id27,389.0,335.5,vial4,22,29.884874268969998
38,id27,387.5,335.5,vial4,22,29.884874268969998
39,id27,386.5,335.0,vial4,22,29.884874268969998
40,id27,386.5,335.0,vial4,22,29.884874268969998
41,id27,386.0,335.0,vial4,22,29.884874268969998
42,id27,385.5,335.0,vial4,22,29.884874268969998
43,id27,385.0,335.0,vial4,22,29.884874268969998
44,id27,384.5,335.0,vial4,22,29.884874268969998
45,id27,384.0,335.0,vial4,22,29.884874268969998
46,id27,383.5,335.0,vial4,22,29.884874268969998
47,id27,383.5,334.5,vial4,22,29.884874268969998
48,id27,383.5,334.5,vial4,22,29.884874268969998
49,id27,383.5,334.5,vial4,22,29.884874268969998
50,id27,383.5,334.5,vial4,22,29.884874268969998
51,id27,383.5,334.5,vial4,22,29.884874268969998
52,id27,383.0,334.5,vial4,22,29.884874268969998
53,id27,383.0,334.5,vial4,22,29.884874268969998
54,id27,383.0,334.5,vial4,22,29.884874268969998
55,id27,383.0,334.5,vial4,22,29.884874268969998
56,id27,383.0,334.5,vial4,22,29.884874268969998
57,id27,383.0,334.5,vial4,22,29.884874268969998
58,id27,383.0,334.5,vial4,22,29.884874268969998
59,id27,383.0,334.0,vial4,22,29.884874268969998
60,id27,383.0,334.5,vial4,22,29.884874268969998
61,id27,383.0,334.5,vial4,22,29.884874268969998
62,id27,383.0,334.5,vial4,22,29.884874268969998
63,id27,383.0,334.5,vial4,22,29.884874268969998
64,id27,383.0,334.5,vial4,22,29.884874268969998
65,id27,383.0,334.5,vial4,22,29.884874268969998
66,id27,383.0,334.5,vial4,22,29.884874268969998
67,id27,382.5,335.0,vial4,22,29.884874268969998
68,id27,383.0,334.5,vial4,22,29.884874268969998
69,id27,382.5,334.5,vial4,22,29.884874268969998
70,id27,383.0,334.5,vial4,22,29.884874268969998
71,id27,382.5,335.0,vial4,22,29.884874268969998
72,id27,383.5,335.0,vial4,22,29.884874268969998
73,id27,382.5,335.0,vial4,22,29.884874268969998
74,id27,382.0,335.0,vial4,22,29.884874268969998
75,id27,381.0,335.0,vial4,22,29.884874268969998
76,id27,379.5,335.0,vial4,22,29.884874268969998
77,id27,378.5,335.0,vial4,22,29.884874268969998
78,id27,377.5,335.0,vial4,22,29.884874268969998
79,id27,377.5,335.0,vial4,22,29.884874268969998
80,id27,376.5,335.0,vial4,22,29.884874268969998
81,id27,376.5,335.0,vial4,22,29.884874268969998
82,id27,376.5,335.0,vial4,22,29.884874268969998
83,id27,375.5,334.5,vial4,22,29.884874268969998
84,id27,375.5,334.5,vial4,22,29.884874268969998
85,id27,376.0,334.5,vial4,22,29.884874268969998
86,id27,375.5,334.5,vial4,22,29.884874268969998
87,id27,375.5,334.5,vial4,22,29.884874268969998
88,id27,375.0,334.0,vial4,22,29.884874268969998
89,id27,375.5,334.0,vial4,22,29.884874268969998
90,id27,375.5,334.0,vial4,22,29.884874268969998
91,id27,375.5,334.0,vial4,22,29.884874268969998
92,id27,375.5,334.5,vial4,22,29.884874268969998
93,id27,375.0,334.5,vial4,22,29.884874268969998
94,id27,375.5,335.0,vial4,22,29.884874268969998
95,id27,376.0,335.0,vial4,22,29.884874268969998
96,id27,376.5,334.5,vial4,22,29.884874268969998
97,id27,376.5,334.5,vial4,22,29.884874268969998
98,id27,376.5,334.5,vial4,22,29.884874268969998
99,id27,376.5,334.5,vial4,22,29.884874268969998
100,id27,376.5,334.5,vial4,22,29.884874268969998
101,id27,376.5,335.0,vial4,22,29.884874268969998
102,id27,376.5,334.5,vial4,22,29.884874268969998
103,id27,376.5,334.5,vial4,22,29.884874268969998
104,id27,376.5,334.5,vial4,22,29.884874268969998
105,id27,376.5,334.5,vial4,22,29.884874268969998
106,id27,376.0,334.5,vial4,22,29.884874268969998
107,id27,376.0,334.5,vial4,22,29.884874268969998
108,id27,376.0,334.5,vial4,22,29.884874268969998
109,id27,375.5,334.5,vial4,22,29.884874268969998
110,id27,376.0,334.5,vial4,22,29.884874268969998
111,id27,376.0,334.5,vial4,22,29.884874268969998
112,id27,375.5,334.5,vial4,22,29.884874268969998
113,id27,375.5,334.5,vial4,22,29.884874268969998
114,id27,375.5,334.5,vial4,22,29.884874268969998
115,id27,375.5,334.5,vial4,22,29.884874268969998
116,id27,375.5,334.5,vial4,22,29.884874268969998
117,id27,375.5,335.0,vial4,22,29.884874268969998
118,id27,375.5,334.5,vial4,22,29.884874268969998
119,id27,375.5,334.5,vial4,22,29.884874268969998
120,id27,375.5,334.5,vial4,22,29.884874268969998
121,id27,375.5,334.5,vial4,22,29.884874268969998
122,id27,375.5,334.5,vial4,22,29.884874268969998
123,id27,375.5,334.0,vial4,22,29.884874268969998
124,id27,375.5,334.0,vial4,22,29.884874268969998
125,id27,376.0,334.5,vial4,22,29.884874268969998
126,id27,376.0,334.5,vial4,22,29.884874268969998
127,id27,375.5,334.5,vial4,22,29.884874268969998
128,id27,375.5,334.5,vial4,22,29.884874268969998
129,id27,375.5,334.5,vial4,22,29.884874268969998
130,id27,375.5,334.5,vial4,22,29.884874268969998
131,id27,375.5,334.5,vial4,22,29.884874268969998
132,id27,375.5,334.5,vial4,22,29.884874268969998
133,id27,375.5,334.5,vial4,22,29.884874268969998
134,id27,375.5,335.0,vial4,22,29.884874268969998
135,id27,375.5,335.0,vial4,22,29.884874268969998
136,id27,374.5,335.0,vial4,22,29.884874268969998
137,id27,374.5,335.0,vial4,22,29.884874268969998
138,id27,374.5,335.0,vial4,22,29.884874268969998
139,id27,374.0,335.0,vial4,22,29.884874268969998
140,id27,374.5,335.0,vial4,22,29.884874268969998
141,id27,374.5,334.5,vial4,22,29.884874268969998
142,id27,374.5,334.5,vial4,22,29.884874268969998
143,id27,374.5,334.5,vial4,22,29.884874268969998
144,id27,374.5,334.5,vial4,22,29.884874268969998
145,id27,374.5,334.5,vial4,22,29.884874268969998
146,id27,374.5,334.5,vial4,22,29.884874268969998
147,id27,374.5,334.5,vial4,22,29.884874268969998
148,id27,374.5,334.5,vial4,22,29.884874268969998
149,id27,374.5,335.0,vial4,22,29.884874268969998
150,id27,374.5,335.0,vial4,22,29.884874268969998
151,id27,374.5,335.0,vial4,22,29.884874268969998
152,id27,374.5,335.0,vial4,22,29.884874268969998
153,id27,374.5,335.0,vial4,22,29.884874268969998
154,id27,374.5,335.0,vial4,22,29.884874268969998
155,id27,374.5,335.0,vial4,22,29.884874268969998
156,id27,374.5,335.0,vial4,22,29.884874268969998
157,id27,374.5,335.0,vial4,22,29.884874268969998
158,id27,374.5,335.0,vial4,22,29.884874268969998
159,id27,374.5,335.0,vial4,22,29.884874268969998
160,id27,374.5,335.0,vial4,22,29.884874268969998
161,id27,374.5,335.0,vial4,22,29.884874268969998
162,id27,374.0,335.0,vial4,22,29.884874268969998
163,id27,374.0,335.0,vial4,22,29.884874268969998
164,id27,373.5,335.0,vial4,22,29.884874268969998
165,id27,373.5,335.0,vial4,22,29.884874268969998
166,id27,373.5,335.0,vial4,22,29.884874268969998
167,id27,373.5,335.0,vial4,22,29.884874268969998
168,id27,373.0,334.5,vial4,22,29.884874268969998
169,id27,373.5,334.5,vial4,22,29.884874268969998
170,id27,373.5,334.5,vial4,22,29.884874268969998
171,id27,373.5,335.0,vial4,22,29.884874268969998
172,id27,373.5,335.0,vial4,22,29.884874268969998
173,id27,373.5,335.0,vial4,22,29.884874268969998
174,id27,373.5,334.5,vial4,22,29.884874268969998
175,id27,373.5,334.5,vial4,22,29.884874268969998
176,id27,373.5,334.5,vial4,22,29.884874268969998
177,id27,373.5,335.0,vial4,22,29.884874268969998
178,id27,373.0,335.0,vial4,22,29.884874268969998
179,id27,373.5,335.0,vial4,22,29.884874268969998
180,id27,373.0,334.5,vial4,22,29.884874268969998
181,id27,373.0,334.5,vial4,22,29.884874268969998
182,id27,373.0,334.5,vial4,22,29.884874268969998
183,id27,373.0,334.5,vial4,22,29.884874268969998
184,id27,373.0,335.0,vial4,22,29.884874268969998
185,id27,373.0,334.5,vial4,22,29.884874268969998
186,id27,373.0,334.5,vial4,22,29.884874268969998
187,id27,373.5,334.5,vial4,22,29.884874268969998
188,id27,373.5,335.0,vial4,22,29.884874268969998
189,id27,373.5,334.5,vial4,22,29.884874268969998
190,id27,373.5,335.0,vial4,22,29.884874268969998
191,id27,373.5,334.5,vial4,22,29.884874268969998
192,id27,373.0,334.5,vial4,22,29.884874268969998
193,id27,373.0,334.5,vial4,22,29.884874268969998
194,id27,373.0,334.5,vial4,22,29.884874268969998
195,id27,373.0,335.0,vial4,22,29.884874268969998
196,id27,373.0,335.0,vial4,22,29.884874268969998
197,id27,373.0,335.0,vial4,22,29.884874268969998
198,id27,372.5,335.0,vial4,22,29.884874268969998
199,id27,372.0,335.0,vial4,22,29.884874268969998
200,id27,371.5,335.0,vial4,22,29.884874268969998
201,id27,371.5,335.0,vial4,22,29.884874268969998
202,id27,371.5,335.0,vial4,22,29.884874268969998
203,id27,371.5,335.0,vial4,22,29.884874268969998
204,id27,372.0,335.0,vial4,22,29.884874268969998
205,id27,372.0,335.0,vial4,22,29.884874268969998
206,id27,372.0,335.0,vial4,22,29.884874268969998
207,id27,372.0,335.0,vial4,22,29.884874268969998
208,id27,372.0,335.0,vial4,22,29.884874268969998
209,id27,372.5,335.0,vial4,22,29.884874268969998
210,id27,373.0,335.0,vial4,22,29.884874268969998
211,id27,372.0,335.0,vial4,22,29.884874268969998
212,id27,371.5,335.0,vial4,22,29.884874268969998
213,id27,371.5,334.5,vial4,22,29.884874268969998
214,id27,371.5,334.5,vial4,22,29.884874268969998
215,id27,371.5,334.5,vial4,22,29.884874268969998
216,id27,371.0,334.0,vial4,22,29.884874268969998
217,id27,371.0,334.0,vial4,22,29.884874268969998
218,id27,371.0,334.0,vial4,22,29.884874268969998
219,id27,370.5,334.0,vial4,22,29.884874268969998
220,id27,370.5,334.5,vial4,22,29.884874268969998
221,id27,370.5,334.5,vial4,22,29.884874268969998
222,id27,370.5,334.5,vial4,22,29.884874268969998
223,id27,370.5,334.5,vial4,22,29.884874268969998
224,id27,370.0,334.5,vial4,22,29.884874268969998
225,id27,370.0,334.5,vial4,22,29.884874268969998
226,id27,370.0,334.5,vial4,22,29.884874268969998
227,id27,370.0,334.0,vial4,22,29.884874268969998
228,id27,370.0,334.0,vial4,22,29.884874268969998
229,id27,370.5,334.0,vial4,22,29.884874268969998
230,id27,370.0,334.5,vial4,22,29.884874268969998
231,id27,370.0,334.0,vial4,22,29.884874268969998
232,id27,370.0,334.0,vial4,22,29.884874268969998
233,id27,370.0,334.5,vial4,22,29.884874268969998
234,id27,369.5,334.0,vial4,22,29.884874268969998
235,id27,369.5,334.0,vial4,22,29.884874268969998
236,id27,370.0,334.0,vial4,22,29.884874268969998
237,id27,370.0,334.5,vial4,22,29.884874268969998
238,id27,370.0,334.5,vial4,22,29.884874268969998
239,id27,370.0,334.5,vial4,22,29.884874268969998
240,id27,370.5,335.0,vial4,22,29.884874268969998
241,id27,370.5,334.5,vial4,22,29.884874268969998
242,id27,371.5,334.5,vial4,22,29.884874268969998
243,id27,371.5,334.5,vial4,22,29.884874268969998
244,id27,372.0,334.5,vial4,22,29.884874268969998
245,id27,372.0,334.5,vial4,22,29.884874268969998
246,id27,372.0,334.5,vial4,22,29.884874268969998
247,id27,371.5,334.0,vial4,22,29.884874268969998
248,id27,371.5,334.5,vial4,22,29.884874268969998
249,id27,371.0,334.5,vial4,22,29.884874268969998
250,id27,370.5,334.5,vial4,22,29.884874268969998
251,id27,370.5,334.5,vial4,22,29.884874268969998
252,id27,370.5,334.5,vial4,22,29.884874268969998
253,id27,370.5,334.5,vial4,22,29.884874268969998
254,id27,370.0,334.5,vial4,22,29.884874268969998
255,id27,370.0,334.5,vial4,22,29.884874268969998
256,id27,370.0,334.5,vial4,22,29.884874268969998
257,id27,370.0,334.5,vial4,22,29.884874268969998
258,id27,370.0,334.5,vial4,22,29.884874268969998
259,id27,372.5,314.0,vial4,22,29.884874268969998
260,id27,396.5,320.5,vial4,22,29.884874268969998
261,id27,414.5,335.5,vial4,22,29.884874268969998
262,id27,415.0,335.0,vial4,22,29.884874268969998
263,id27,415.0,334.5,vial4,22,29.884874268969998
264,id27,416.0,334.5,vial4,22,29.884874268969998
265,id27,416.5,334.0,vial4,22,29.884874268969998
266,id27,417.0,334.0,vial4,22,29.884874268969998
267,id27,417.5,332.0,vial4,22,29.884874268969998
268,id27,417.5,330.0,vial4,22,29.884874268969998
269,id27,417.5,328.0,vial4,22,29.884874268969998
270,id27,417.0,325.5,vial4,22,29.884874268969998
271,id27,416.5,324.0,vial4,22,29.884874268969998
272,id27,415.5,322.0,vial4,22,29.884874268969998
273,id27,414.5,321.0,vial4,22,29.884874268969998
274,id27,413.0,319.5,vial4,22,29.884874268969998
275,id27,412.0,319.0,vial4,22,29.884874268969998
276,id27,411.5,319.0,vial4,22,29.884874268969998
277,id27,409.5,318.0,vial4,22,29.884874268969998
278,id27,408.5,318.0,vial4,22,29.884874268969998
279,id27,407.0,316.5,vial4,22,29.884874268969998
280,id27,405.5,316.0,vial4,22,29.884874268969998
281,id27,404.5,315.5,vial4,22,29.884874268969998
282,id27,402.0,314.5,vial4,22,29.884874268969998
283,id27,400.5,314.5,vial4,22,29.884874268969998
284,id27,398.0,313.5,vial4,22,29.884874268969998
285,id27,396.5,312.5,vial4,22,29.884874268969998
286,id27,395.0,312.0,vial4,22,29.884874268969998
287,id27,393.0,311.0,vial4,22,29.884874268969998
288,id27,392.0,310.0,vial4,22,29.884874268969998
289,id27,390.0,308.5,vial4,22,29.884874268969998
290,id27,389.0,307.5,vial4,22,29.884874268969998
0,id28,524.5,333.5,vial5,29,29.884874268969998
1,id28,525.5,333.0,vial5,29,29.884874268969998
2,id28,525.5,333.0,vial5,29,29.884874268969998
3,id28,526.5,332.5,vial5,29,29.884874268969998
4,id28,526.5,332.5,vial5,29,29.884874268969998
5,id28,516.5,333.0,vial5,29,29.884874268969998
6,id28,517.5,333.0,vial5,29,29.884874268969998
7,id28,517.5,333.0,vial5,29,29.884874268969998
8,id28,517.5,333.0,vial5,29,29.884874268969998
9,id28,518.0,333.5,vial5,29,29.884874268969998
10,id28,518.5,332.5,vial5,29,29.884874268969998
11,id28,518.0,332.0,vial5,29,29.884874268969998
12,id28,518.0,331.0,vial5,29,29.884874268969998
13,id28,518.0,330.0,vial5,29,29.884874268969998
14,id28,517.5,328.5,vial5,29,29.884874268969998
15,id28,518.5,326.5,vial5,29,29.884874268969998
16,id28,518.5,323.0,vial5,29,29.884874268969998
17,id28,519.5,321.5,vial5,29,29.884874268969998
18,id28,519.5,318.0,vial5,29,29.884874268969998
19,id28,520.5,315.0,vial5,29,29.884874268969998
20,id28,520.0,314.0,vial5,29,29.884874268969998
21,id28,520.0,312.0,vial5,29,29.884874268969998
22,id28,520.0,310.0,vial5,29,29.884874268969998
23,id28,519.5,308.0,vial5,29,29.884874268969998
24,id28,519.0,305.5,vial5,29,29.884874268969998
25,id28,519.0,304.0,vial5,29,29.884874268969998
26,id28,519.0,302.0,vial5,29,29.884874268969998
27,id28,518.5,301.0,vial5,29,29.884874268969998
28,id28,518.0,300.0,vial5,29,29.884874268969998
29,id28,518.0,299.0,vial5,29,29.884874268969998
30,id28,517.0,298.5,vial5,29,29.884874268969998
31,id28,515.5,297.5,vial5,29,29.884874268969998
32,id28,513.0,296.5,vial5,29,29.884874268969998
33,id28,512.0,295.0,vial5,29,29.884874268969998
34,id28,511.0,294.5,vial5,29,29.884874268969998
35,id28,509.0,293.5,vial5,29,29.884874268969998
36,id28,508.0,293.0,vial5,29,29.884874268969998
37,id28,507.5,292.5,vial5,29,29.884874268969998
38,id28,506.5,291.5,vial5,29,29.884874268969998
39,id28,505.0,291.0,vial5,29,29.884874268969998
40,id28,504.5,290.0,vial5,29,29.884874268969998
41,id28,503.5,289.0,vial5,29,29.884874268969998
42,id28,502.5,287.5,vial5,29,29.884874268969998
43,id28,503.0,287.5,vial5,29,29.884874268969998
44,id28,502.5,287.0,vial5,29,29.884874268969998
45,id28,501.5,286.0,vial5,29,29.884874268969998
46,id28,501.5,284.5,vial5,29,29.884874268969998
47,id28,501.0,282.5,vial5,29,29.884874268969998
48,id28,500.5,281.0,vial5,29,29.884874268969998
49,id28,499.5,279.5,vial5,29,29.884874268969998
50,id28,498.5,278.0,vial5,29,29.884874268969998
51,id28,498.0,276.5,vial5,29,29.884874268969998
52,id28,497.0,275.5,vial5,29,29.884874268969998
53,id28,495.5,274.5,vial5,29,29.884874268969998
54,id28,494.0,274.0,vial5,29,29.884874268969998
55,id28,492.5,273.0,vial5,29,29.884874268969998
56,id28,491.5,272.0,vial5,29,29.884874268969998
57,id28,490.0,271.5,vial5,29,29.884874268969998
58,id28,489.5,270.5,vial5,29,29.884874268969998
59,id28,488.5,269.5,vial5,29,29.884874268969998
60,id28,487.5,269.0,vial5,29,29.884874268969998
61,id28,487.5,268.5,vial5,29,29.884874268969998
62,id28,487.5,268.5,vial5,29,29.884874268969998
63,id28,487.5,268.5,vial5,29,29.884874268969998
64,id28,487.5,268.5,vial5,29,29.884874268969998
65,id28,487.5,268.5,vial5,29,29.884874268969998
66,id28,487.5,268.5,vial5,29,29.884874268969998
67,id28,487.5,268.5,vial5,29,29.884874268969998
68,id28,488.0,268.0,vial5,29,29.884874268969998
69,id28,487.5,268.5,vial5,29,29.884874268969998
70,id28,487.5,268.5,vial5,29,29.884874268969998
71,id28,487.5,268.5,vial5,29,29.884874268969998
72,id28,488.0,268.0,vial5,29,29.884874268969998
73,id28,487.5,268.5,vial5,29,29.884874268969998
74,id28,487.5,268.5,vial5,29,29.884874268969998
75,id28,487.5,268.5,vial5,29,29.884874268969998
76,id28,487.5,268.5,vial5,29,29.884874268969998
77,id28,488.0,268.0,vial5,29,29.884874268969998
78,id28,487.5,268.5,vial5,29,29.884874268969998
79,id28,488.0,268.5,vial5,29,29.884874268969998
80,id28,488.0,268.5,vial5,29,29.884874268969998
81,id28,487.5,269.0,vial5,29,29.884874268969998
82,id28,488.0,268.5,vial5,29,29.884874268969998
83,id28,488.0,268.5,vial5,29,29.884874268969998
84,id28,487.5,268.5,vial5,29,29.884874268969998
85,id28,487.5,268.5,vial5,29,29.884874268969998
86,id28,488.0,268.5,vial5,29,29.884874268969998
87,id28,487.5,268.5,vial5,29,29.884874268969998
88,id28,487.5,268.5,vial5,29,29.884874268969998
89,id28,488.0,268.5,vial5,29,29.884874268969998
90,id28,487.5,268.5,vial5,29,29.884874268969998
91,id28,487.5,268.5,vial5,29,29.884874268969998
92,id28,488.0,268.5,vial5,29,29.884874268969998
93,id28,488.0,268.5,vial5,29,29.884874268969998
94,id28,487.5,268.5,vial5,29,29.884874268969998
95,id28,488.0,268.5,vial5,29,29.884874268969998
96,id28,488.0,268.5,vial5,29,29.884874268969998
97,id28,487.5,268.5,vial5,29,29.884874268969998
98,id28,487.5,268.5,vial5,29,29.884874268969998
99,id28,487.5,268.5,vial5,29,29.884874268969998
100,id28,487.5,268.5,vial5,29,29.884874268969998
101,id28,487.5,268.5,vial5,29,29.884874268969998
102,id28,487.5,268.5,vial5,29,29.884874268969998
103,id28,487.5,268.5,vial5,29,29.884874268969998
104,id28,487.5,268.5,vial5,29,29.884874268969998
105,id28,487.5,268.5,vial5,29,29.884874268969998
106,id28,488.0,268.5,vial5,29,29.884874268969998
107,id28,487.5,268.5,vial5,29,29.884874268969998
108,id28,487.5,268.5,vial5,29,29.884874268969998
109,id28,487.5,268.5,vial5,29,29.884874268969998
110,id28,487.5,268.5,vial5,29,29.884874268969998
111,id28,487.5,268.5,vial5,29,29.884874268969998
112,id28,487.5,268.5,vial5,29,29.884874268969998
113,id28,487.5,268.5,vial5,29,29.884874268969998
114,id28,488.0,268.0,vial5,29,29.884874268969998
115,id28,487.5,268.5,vial5,29,29.884874268969998
116,id28,487.5,268.5,vial5,29,29.884874268969998
117,id28,488.0,268.5,vial5,29,29.884874268969998
118,id28,488.0,268.5,vial5,29,29.884874268969998
119,id28,487.5,268.5,vial5,29,29.884874268969998
120,id28,487.5,268.5,vial5,29,29.884874268969998
121,id28,488.0,268.5,vial5,29,29.884874268969998
122,id28,487.5,268.5,vial5,29,29.884874268969998
123,id28,487.5,268.5,vial5,29,29.884874268969998
124,id28,488.0,268.5,vial5,29,29.884874268969998
125,id28,487.5,268.5,vial5,29,29.884874268969998
126,id28,487.5,268.5,vial5,29,29.884874268969998
127,id28,488.0,268.5,vial5,29,29.884874268969998
128,id28,487.5,268.5,vial5,29,29.884874268969998
129,id28,487.5,268.5,vial5,29,29.884874268969998
130,id28,487.5,268.5,vial5,29,29.884874268969998
131,id28,487.5,268.5,vial5,29,29.884874268969998
132,id28,487.5,268.5,vial5,29,29.884874268969998
133,id28,487.5,268.5,vial5,29,29.884874268969998
134,id28,487.5,268.5,vial5,29,29.884874268969998
135,id28,487.5,268.5,vial5,29,29.884874268969998
136,id28,487.5,268.5,vial5,29,29.884874268969998
137,id28,487.5,268.5,vial5,29,29.884874268969998
138,id28,487.5,268.5,vial5,29,29.884874268969998
139,id28,487.5,268.5,vial5,29,29.884874268969998
140,id28,487.5,268.5,vial5,29,29.884874268969998
141,id28,487.5,268.5,vial5,29,29.884874268969998
142,id28,487.5,268.5,vial5,29,29.884874268969998
143,id28,487.5,268.0,vial5,29,29.884874268969998
144,id28,487.5,268.0,vial5,29,29.884874268969998
145,id28,487.5,268.0,vial5,29,29.884874268969998
146,id28,487.5,268.0,vial5,29,29.884874268969998
147,id28,487.5,268.0,vial5,29,29.884874268969998
148,id28,487.5,268.5,vial5,29,29.884874268969998
149,id28,487.5,268.5,vial5,29,29.884874268969998
150,id28,487.5,268.5,vial5,29,29.884874268969998
151,id28,487.5,268.5,vial5,29,29.884874268969998
152,id28,487.5,268.5,vial5,29,29.884874268969998
153,id28,487.5,268.5,vial5,29,29.884874268969998
154,id28,487.5,268.5,vial5,29,29.884874268969998
155,id28,487.5,268.5,vial5,29,29.884874268969998
156,id28,487.5,268.0,vial5,29,29.884874268969998
157,id28,487.5,268.0,vial5,29,29.884874268969998
158,id28,487.5,268.5,vial5,29,29.884874268969998
159,id28,487.5,268.5,vial5,29,29.884874268969998
160,id28,487.5,268.0,vial5,29,29.884874268969998
161,id28,487.5,268.0,vial5,29,29.884874268969998
162,id28,487.5,268.0,vial5,29,29.884874268969998
163,id28,487.5,268.0,vial5,29,29.884874268969998
164,id28,487.5,268.0,vial5,29,29.884874268969998
165,id28,487.5,268.0,vial5,29,29.884874268969998
166,id28,487.5,268.0,vial5,29,29.884874268969998
167,id28,487.5,268.0,vial5,29,29.884874268969998
168,id28,487.5,268.0,vial5,29,29.884874268969998
169,id28,487.5,268.0,vial5,29,29.884874268969998
170,id28,487.5,268.0,vial5,29,29.884874268969998
171,id28,487.5,268.0,vial5,29,29.884874268969998
172,id28,487.5,268.0,vial5,29,29.884874268969998
173,id28,487.5,268.0,vial5,29,29.884874268969998
174,id28,487.5,268.0,vial5,29,29.884874268969998
175,id28,487.5,268.0,vial5,29,29.884874268969998
176,id28,487.5,268.5,vial5,29,29.884874268969998
177,id28,487.5,268.0,vial5,29,29.884874268969998
178,id28,487.5,268.5,vial5,29,29.884874268969998
179,id28,487.5,268.0,vial5,29,29.884874268969998
180,id28,487.5,268.0,vial5,29,29.884874268969998
181,id28,487.5,268.0,vial5,29,29.884874268969998
182,id28,487.5,268.0,vial5,29,29.884874268969998
183,id28,488.0,268.0,vial5,29,29.884874268969998
184,id28,487.5,268.0,vial5,29,29.884874268969998
185,id28,487.5,268.0,vial5,29,29.884874268969998
186,id28,487.5,268.0,vial5,29,29.884874268969998
187,id28,487.5,268.0,vial5,29,29.884874268969998
188,id28,487.5,268.0,vial5,29,29.884874268969998
189,id28,487.5,268.5,vial5,29,29.884874268969998
190,id28,487.5,268.0,vial5,29,29.884874268969998
191,id28,488.0,268.0,vial5,29,29.884874268969998
192,id28,488.0,268.0,vial5,29,29.884874268969998
193,id28,488.0,268.0,vial5,29,29.884874268969998
194,id28,488.0,268.0,vial5,29,29.884874268969998
195,id28,488.0,268.0,vial5,29,29.884874268969998
196,id28,488.0,268.0,vial5,29,29.884874268969998
197,id28,488.0,268.0,vial5,29,29.884874268969998
198,id28,488.0,268.5,vial5,29,29.884874268969998
199,id28,488.0,268.5,vial5,29,29.884874268969998
200,id28,488.0,268.5,vial5,29,29.884874268969998
201,id28,488.0,268.0,vial5,29,29.884874268969998
202,id28,487.5,268.5,vial5,29,29.884874268969998
203,id28,487.0,268.5,vial5,29,29.884874268969998
204,id28,487.0,268.0,vial5,29,29.884874268969998
205,id28,486.5,268.5,vial5,29,29.884874268969998
206,id28,486.5,268.0,vial5,29,29.884874268969998
207,id28,486.5,268.0,vial5,29,29.884874268969998
208,id28,486.5,268.0,vial5,29,29.884874268969998
209,id28,486.5,268.0,vial5,29,29.884874268969998
210,id28,486.5,267.5,vial5,29,29.884874268969998
211,id28,486.0,267.0,vial5,29,29.884874268969998
212,id28,486.0,267.0,vial5,29,29.884874268969998
213,id28,486.0,266.5,vial5,29,29.884874268969998
214,id28,485.5,265.5,vial5,29,29.884874268969998
215,id28,485.5,265.5,vial5,29,29.884874268969998
216,id28,485.5,265.5,vial5,29,29.884874268969998
217,id28,485.5,265.5,vial5,29,29.884874268969998
218,id28,485.5,265.5,vial5,29,29.884874268969998
219,id28,485.5,264.0,vial5,29,29.884874268969998
220,id28,485.5,262.0,vial5,29,29.884874268969998
221,id28,485.0,260.0,vial5,29,29.884874268969998
222,id28,485.0,258.0,vial5,29,29.884874268969998
223,id28,485.0,256.0,vial5,29,29.884874268969998
224,id28,485.0,254.0,vial5,29,29.884874268969998
225,id28,484.5,252.0,vial5,29,29.884874268969998
226,id28,484.5,250.0,vial5,29,29.884874268969998
227,id28,484.5,248.0,vial5,29,29.884874268969998
228,id28,484.0,246.0,vial5,29,29.884874268969998
229,id28,484.0,244.0,vial5,29,29.884874268969998
230,id28,484.5,242.0,vial5,29,29.884874268969998
231,id28,484.0,240.0,vial5,29,29.884874268969998
232,id28,484.0,238.0,vial5,29,29.884874268969998
233,id28,484.0,235.0,vial5,29,29.884874268969998
234,id28,483.5,233.5,vial5,29,29.884874268969998
235,id28,484.0,231.0,vial5,29,29.884874268969998
236,id28,484.0,229.0,vial5,29,29.884874268969998
237,id28,483.5,227.0,vial5,29,29.884874268969998
238,id28,483.5,224.0,vial5,29,29.884874268969998
239,id28,483.5,223.0,vial5,29,29.884874268969998
240,id28,483.5,221.0,vial5,29,29.884874268969998
241,id28,483.5,219.0,vial5,29,29.884874268969998
242,id28,483.5,216.5,vial5,29,29.884874268969998
243,id28,483.5,214.0,vial5,29,29.884874268969998
244,id28,483.0,212.0,vial5,29,29.884874268969998
245,id28,483.0,210.5,vial5,29,29.884874268969998
246,id28,482.5,208.5,vial5,29,29.884874268969998
247,id28,482.5,206.5,vial5,29,29.884874268969998
248,id28,482.5,205.0,vial5,29,29.884874268969998
249,id28,482.5,203.5,vial5,29,29.884874268969998
250,id28,482.5,201.5,vial5,29,29.884874268969998
251,id28,482.5,200.5,vial5,29,29.884874268969998
252,id28,482.5,198.5,vial5,29,29.884874268969998
253,id28,482.5,197.5,vial5,29,29.884874268969998
254,id28,483.0,196.0,vial5,29,29.884874268969998
255,id28,483.0,195.5,vial5,29,29.884874268969998
256,id28,483.5,193.5,vial5,29,29.884874268969998
257,id28,484.0,192.5,vial5,29,29.884874268969998
258,id28,484.5,190.5,vial5,29,29.884874268969998
259,id28,484.5,189.0,vial5,29,29.884874268969998
260,id28,484.5,188.0,vial5,29,29.884874268969998
261,id28,485.0,186.0,vial5,29,29.884874268969998
262,id28,485.5,185.0,vial5,29,29.884874268969998
263,id28,486.0,183.0,vial5,29,29.884874268969998
264,id28,486.0,182.0,vial5,29,29.884874268969998
265,id28,486.5,180.0,vial5,29,29.884874268969998
266,id28,487.0,178.0,vial5,29,29.884874268969998
267,id28,487.5,176.0,vial5,29,29.884874268969998
268,id28,488.0,175.0,vial5,29,29.884874268969998
269,id28,489.5,174.0,vial5,29,29.884874268969998
270,id28,491.5,173.0,vial5,29,29.884874268969998
271,id28,492.5,172.0,vial5,29,29.884874268969998
272,id28,493.5,171.0,vial5,29,29.884874268969998
273,id28,494.5,169.5,vial5,29,29.884874268969998
274,id28,496.0,168.5,vial5,29,29.884874268969998
275,id28,496.5,168.0,vial5,29,29.884874268969998
276,id28,498.0,166.0,vial5,29,29.884874268969998
277,id28,498.5,165.5,vial5,29,29.884874268969998
278,id28,499.5,164.5,vial5,29,29.884874268969998
279,id28,499.5,163.5,vial5,29,29.884874268969998
280,id28,499.5,163.5,vial5,29,29.884874268969998
281,id28,499.5,162.5,vial5,29,29.884874268969998
282,id28,516.0,151.5,vial5,29,29.884874268969998
283,id28,527.5,132.0,vial5,29,29.884874268969998
284,id28,512.0,119.5,vial5,29,29.884874268969998
285,id28,495.0,103.5,vial5,29,29.884874268969998
286,id28,496.0,86.0,vial5,29,29.884874268969998
287,id28,517.0,78.0,vial5,29,29.884874268969998
288,id28,527.0,81.5,vial5,29,29.884874268969998
289,id28,533.5,99.5,vial5,29,29.884874268969998
290,id28,536.5,105.0,vial5,29,29.884874268969998
0,id29,401.5,332.0,vial4,25,29.884874268969998
1,id29,402.0,331.5,vial4,25,29.884874268969998
2,id29,401.5,329.0,vial4,25,29.884874268969998
3,id29,402.0,327.0,vial4,25,29.884874268969998
4,id29,402.0,323.5,vial4,25,29.884874268969998
5,id29,401.0,321.5,vial4,25,29.884874268969998
6,id29,400.0,318.5,vial4,25,29.884874268969998
7,id29,399.5,316.5,vial4,25,29.884874268969998
8,id29,397.5,314.5,vial4,25,29.884874268969998
9,id29,397.0,312.5,vial4,25,29.884874268969998
10,id29,396.0,311.0,vial4,25,29.884874268969998
11,id29,395.0,309.0,vial4,25,29.884874268969998
12,id29,395.0,308.0,vial4,25,29.884874268969998
13,id29,394.5,305.5,vial4,25,29.884874268969998
14,id29,395.5,310.5,vial4,25,29.884874268969998
15,id29,414.5,335.0,vial4,25,29.884874268969998
16,id29,415.5,336.0,vial4,25,29.884874268969998
17,id29,414.5,336.0,vial4,25,29.884874268969998
18,id29,415.0,336.0,vial4,25,29.884874268969998
19,id29,415.5,336.0,vial4,25,29.884874268969998
20,id29,415.0,336.0,vial4,25,29.884874268969998
21,id29,415.0,336.0,vial4,25,29.884874268969998
22,id29,415.5,336.0,vial4,25,29.884874268969998
23,id29,415.0,336.0,vial4,25,29.884874268969998
24,id29,415.0,336.0,vial4,25,29.884874268969998
25,id29,415.5,336.0,vial4,25,29.884874268969998
26,id29,415.0,336.5,vial4,25,29.884874268969998
27,id29,415.0,336.0,vial4,25,29.884874268969998
28,id29,415.5,336.0,vial4,25,29.884874268969998
29,id29,415.0,336.0,vial4,25,29.884874268969998
30,id29,416.0,336.0,vial4,25,29.884874268969998
31,id29,416.0,335.5,vial4,25,29.884874268969998
32,id29,416.0,336.0,vial4,25,29.884874268969998
33,id29,416.0,336.0,vial4,25,29.884874268969998
34,id29,416.0,335.5,vial4,25,29.884874268969998
35,id29,416.0,335.5,vial4,25,29.884874268969998
36,id29,416.5,335.5,vial4,25,29.884874268969998
37,id29,416.5,335.5,vial4,25,29.884874268969998
38,id29,416.0,335.5,vial4,25,29.884874268969998
39,id29,416.5,335.5,vial4,25,29.884874268969998
40,id29,417.5,335.5,vial4,25,29.884874268969998
41,id29,418.5,335.5,vial4,25,29.884874268969998
42,id29,420.5,335.0,vial4,25,29.884874268969998
43,id29,421.5,335.0,vial4,25,29.884874268969998
44,id29,422.5,335.0,vial4,25,29.884874268969998
45,id29,422.5,335.0,vial4,25,29.884874268969998
46,id29,422.0,335.5,vial4,25,29.884874268969998
47,id29,421.0,335.5,vial4,25,29.884874268969998
48,id29,420.5,335.0,vial4,25,29.884874268969998
49,id29,420.5,335.5,vial4,25,29.884874268969998
50,id29,420.0,335.0,vial4,25,29.884874268969998
51,id29,420.0,335.5,vial4,25,29.884874268969998
52,id29,419.0,335.0,vial4,25,29.884874268969998
53,id29,418.5,335.0,vial4,25,29.884874268969998
54,id29,416.5,335.0,vial4,25,29.884874268969998
55,id29,415.5,335.0,vial4,25,29.884874268969998
56,id29,414.0,335.5,vial4,25,29.884874268969998
57,id29,413.0,335.5,vial4,25,29.884874268969998
58,id29,412.0,335.5,vial4,25,29.884874268969998
59,id29,411.5,335.5,vial4,25,29.884874268969998
60,id29,411.0,335.0,vial4,25,29.884874268969998
61,id29,411.0,335.0,vial4,25,29.884874268969998
62,id29,411.0,335.0,vial4,25,29.884874268969998
63,id29,411.0,335.0,vial4,25,29.884874268969998
64,id29,411.0,335.5,vial4,25,29.884874268969998
65,id29,411.0,335.5,vial4,25,29.884874268969998
66,id29,410.5,335.0,vial4,25,29.884874268969998
67,id29,410.0,336.0,vial4,25,29.884874268969998
68,id29,408.5,336.0,vial4,25,29.884874268969998
69,id29,407.0,336.0,vial4,25,29.884874268969998
70,id29,405.0,336.0,vial4,25,29.884874268969998
71,id29,403.5,336.0,vial4,25,29.884874268969998
72,id29,403.5,336.0,vial4,25,29.884874268969998
73,id29,403.5,336.0,vial4,25,29.884874268969998
74,id29,403.5,336.0,vial4,25,29.884874268969998
75,id29,403.0,336.0,vial4,25,29.884874268969998
76,id29,403.5,336.0,vial4,25,29.884874268969998
77,id29,403.5,336.0,vial4,25,29.884874268969998
78,id29,402.5,336.0,vial4,25,29.884874268969998
79,id29,401.5,336.5,vial4,25,29.884874268969998
80,id29,400.0,336.5,vial4,25,29.884874268969998
81,id29,397.0,336.0,vial4,25,29.884874268969998
82,id29,395.0,336.0,vial4,25,29.884874268969998
83,id29,393.5,335.5,vial4,25,29.884874268969998
84,id29,391.5,335.0,vial4,25,29.884874268969998
85,id29,390.0,335.0,vial4,25,29.884874268969998
86,id29,389.0,335.0,vial4,25,29.884874268969998
87,id29,388.5,335.0,vial4,25,29.884874268969998
88,id29,388.0,335.0,vial4,25,29.884874268969998
89,id29,388.0,335.0,vial4,25,29.884874268969998
90,id29,388.0,335.0,vial4,25,29.884874268969998
91,id29,388.0,335.0,vial4,25,29.884874268969998
92,id29,388.0,335.0,vial4,25,29.884874268969998
93,id29,388.0,335.0,vial4,25,29.884874268969998
94,id29,387.5,335.0,vial4,25,29.884874268969998
95,id29,387.5,335.0,vial4,25,29.884874268969998
96,id29,387.5,335.0,vial4,25,29.884874268969998
97,id29,387.5,335.0,vial4,25,29.884874268969998
98,id29,387.5,335.0,vial4,25,29.884874268969998
99,id29,370.5,308.0,vial4,25,29.884874268969998
105,id29,365.0,298.0,vial4,25,29.884874268969998
106,id29,364.5,297.0,vial4,25,29.884874268969998
107,id29,364.5,297.5,vial4,25,29.884874268969998
108,id29,365.0,297.5,vial4,25,29.884874268969998
109,id29,365.0,297.0,vial4,25,29.884874268969998
110,id29,365.0,297.0,vial4,25,29.884874268969998
111,id29,365.0,297.0,vial4,25,29.884874268969998
112,id29,365.0,297.0,vial4,25,29.884874268969998
113,id29,365.0,297.0,vial4,25,29.884874268969998
114,id29,365.0,297.0,vial4,25,29.884874268969998
115,id29,364.5,295.5,vial4,25,29.884874268969998
116,id29,364.5,294.5,vial4,25,29.884874268969998
117,id29,365.5,292.5,vial4,25,29.884874268969998
118,id29,366.0,291.5,vial4,25,29.884874268969998
119,id29,366.5,290.5,vial4,25,29.884874268969998
120,id29,367.5,288.5,vial4,25,29.884874268969998
121,id29,369.0,287.0,vial4,25,29.884874268969998
122,id29,370.0,285.0,vial4,25,29.884874268969998
123,id29,371.5,283.0,vial4,25,29.884874268969998
124,id29,373.5,281.5,vial4,25,29.884874268969998
125,id29,375.5,278.5,vial4,25,29.884874268969998
126,id29,377.5,276.5,vial4,25,29.884874268969998
127,id29,379.0,274.5,vial4,25,29.884874268969998
128,id29,380.0,273.0,vial4,25,29.884874268969998
129,id29,381.5,270.5,vial4,25,29.884874268969998
130,id29,383.5,268.0,vial4,25,29.884874268969998
131,id29,385.5,266.0,vial4,25,29.884874268969998
132,id29,387.5,263.0,vial4,25,29.884874268969998
133,id29,389.0,260.0,vial4,25,29.884874268969998
134,id29,390.0,257.5,vial4,25,29.884874268969998
135,id29,391.5,255.5,vial4,25,29.884874268969998
136,id29,392.0,253.5,vial4,25,29.884874268969998
137,id29,394.0,251.0,vial4,25,29.884874268969998
138,id29,395.0,248.0,vial4,25,29.884874268969998
139,id29,396.0,246.0,vial4,25,29.884874268969998
140,id29,397.0,243.0,vial4,25,29.884874268969998
141,id29,398.0,241.0,vial4,25,29.884874268969998
142,id29,399.0,239.0,vial4,25,29.884874268969998
143,id29,400.0,238.0,vial4,25,29.884874268969998
144,id29,401.0,237.0,vial4,25,29.884874268969998
145,id29,401.5,236.0,vial4,25,29.884874268969998
146,id29,402.0,236.0,vial4,25,29.884874268969998
147,id29,402.0,236.0,vial4,25,29.884874268969998
148,id29,402.0,236.0,vial4,25,29.884874268969998
149,id29,402.0,236.0,vial4,25,29.884874268969998
150,id29,402.0,236.0,vial4,25,29.884874268969998
151,id29,402.0,236.0,vial4,25,29.884874268969998
152,id29,402.0,235.5,vial4,25,29.884874268969998
153,id29,402.5,235.0,vial4,25,29.884874268969998
154,id29,403.0,235.0,vial4,25,29.884874268969998
155,id29,403.0,235.0,vial4,25,29.884874268969998
156,id29,403.0,235.0,vial4,25,29.884874268969998
157,id29,403.0,234.5,vial4,25,29.884874268969998
158,id29,406.0,224.0,vial4,25,29.884874268969998
159,id29,411.5,220.0,vial4,25,29.884874268969998
160,id29,408.5,230.0,vial4,25,29.884874268969998
161,id29,415.0,233.5,vial4,25,29.884874268969998
162,id29,416.5,234.5,vial4,25,29.884874268969998
163,id29,416.5,234.5,vial4,25,29.884874268969998
164,id29,416.5,233.5,vial4,25,29.884874268969998
165,id29,416.5,231.5,vial4,25,29.884874268969998
166,id29,415.5,229.0,vial4,25,29.884874268969998
167,id29,415.5,227.0,vial4,25,29.884874268969998
168,id29,414.5,226.0,vial4,25,29.884874268969998
169,id29,414.5,225.0,vial4,25,29.884874268969998
170,id29,413.5,223.0,vial4,25,29.884874268969998
171,id29,413.0,221.5,vial4,25,29.884874268969998
172,id29,411.5,220.5,vial4,25,29.884874268969998
173,id29,410.5,219.5,vial4,25,29.884874268969998
174,id29,409.0,219.0,vial4,25,29.884874268969998
175,id29,407.0,218.5,vial4,25,29.884874268969998
176,id29,404.0,218.0,vial4,25,29.884874268969998
177,id29,402.5,218.0,vial4,25,29.884874268969998
178,id29,400.0,217.0,vial4,25,29.884874268969998
179,id29,399.0,215.5,vial4,25,29.884874268969998
180,id29,398.0,214.0,vial4,25,29.884874268969998
181,id29,396.5,212.0,vial4,25,29.884874268969998
182,id29,395.5,209.5,vial4,25,29.884874268969998
183,id29,394.0,207.0,vial4,25,29.884874268969998
184,id29,392.5,204.5,vial4,25,29.884874268969998
185,id29,391.0,202.5,vial4,25,29.884874268969998
186,id29,389.0,200.5,vial4,25,29.884874268969998
187,id29,387.5,198.5,vial4,25,29.884874268969998
188,id29,386.0,196.0,vial4,25,29.884874268969998
189,id29,384.0,193.5,vial4,25,29.884874268969998
190,id29,382.0,191.5,vial4,25,29.884874268969998
191,id29,380.0,190.0,vial4,25,29.884874268969998
192,id29,379.0,188.0,vial4,25,29.884874268969998
193,id29,377.0,186.0,vial4,25,29.884874268969998
194,id29,375.0,185.0,vial4,25,29.884874268969998
195,id29,373.5,183.5,vial4,25,29.884874268969998
196,id29,371.5,182.5,vial4,25,29.884874268969998
197,id29,370.0,181.5,vial4,25,29.884874268969998
198,id29,369.0,180.5,vial4,25,29.884874268969998
199,id29,367.5,179.0,vial4,25,29.884874268969998
200,id29,366.5,178.0,vial4,25,29.884874268969998
201,id29,365.5,176.5,vial4,25,29.884874268969998
202,id29,365.0,175.5,vial4,25,29.884874268969998
203,id29,364.5,173.5,vial4,25,29.884874268969998
204,id29,364.5,173.0,vial4,25,29.884874268969998
205,id29,364.5,172.0,vial4,25,29.884874268969998
206,id29,364.5,170.5,vial4,25,29.884874268969998
207,id29,364.5,170.5,vial4,25,29.884874268969998
208,id29,364.5,170.0,vial4,25,29.884874268969998
209,id29,364.5,169.0,vial4,25,29.884874268969998
210,id29,365.0,168.0,vial4,25,29.884874268969998
211,id29,366.0,167.5,vial4,25,29.884874268969998
212,id29,367.0,167.0,vial4,25,29.884874268969998
213,id29,367.0,167.0,vial4,25,29.884874268969998
214,id29,367.0,167.5,vial4,25,29.884874268969998
215,id29,367.0,168.0,vial4,25,29.884874268969998
216,id29,367.0,169.0,vial4,25,29.884874268969998
217,id29,367.0,169.0,vial4,25,29.884874268969998
218,id29,367.0,169.0,vial4,25,29.884874268969998
219,id29,367.0,170.0,vial4,25,29.884874268969998
220,id29,367.5,171.0,vial4,25,29.884874268969998
221,id29,368.0,172.0,vial4,25,29.884874268969998
222,id29,368.5,173.5,vial4,25,29.884874268969998
223,id29,369.0,174.5,vial4,25,29.884874268969998
224,id29,370.0,175.5,vial4,25,29.884874268969998
225,id29,370.0,175.5,vial4,25,29.884874268969998
226,id29,370.0,175.5,vial4,25,29.884874268969998
227,id29,370.0,175.0,vial4,25,29.884874268969998
228,id29,390.5,165.0,vial4,25,29.884874268969998
229,id29,403.5,150.5,vial4,25,29.884874268969998
230,id29,398.5,137.0,vial4,25,29.884874268969998
231,id29,393.5,130.0,vial4,25,29.884874268969998
232,id29,394.5,130.0,vial4,25,29.884874268969998
233,id29,394.5,129.0,vial4,25,29.884874268969998
234,id29,395.0,128.0,vial4,25,29.884874268969998
235,id29,394.5,125.5,vial4,25,29.884874268969998
236,id29,394.5,124.0,vial4,25,29.884874268969998
237,id29,394.5,122.0,vial4,25,29.884874268969998
238,id29,393.5,120.0,vial4,25,29.884874268969998
239,id29,392.5,118.0,vial4,25,29.884874268969998
240,id29,391.5,115.0,vial4,25,29.884874268969998
241,id29,391.0,113.0,vial4,25,29.884874268969998
242,id29,389.5,111.0,vial4,25,29.884874268969998
243,id29,388.0,108.5,vial4,25,29.884874268969998
244,id29,386.5,106.0,vial4,25,29.884874268969998
245,id29,385.0,104.5,vial4,25,29.884874268969998
246,id29,383.5,101.5,vial4,25,29.884874268969998
247,id29,381.5,99.5,vial4,25,29.884874268969998
248,id29,380.5,97.0,vial4,25,29.884874268969998
249,id29,379.5,95.0,vial4,25,29.884874268969998
250,id29,378.5,92.0,vial4,25,29.884874268969998
251,id29,377.5,90.0,vial4,25,29.884874268969998
252,id29,376.5,88.0,vial4,25,29.884874268969998
253,id29,375.5,85.0,vial4,25,29.884874268969998
254,id29,374.5,83.0,vial4,25,29.884874268969998
255,id29,373.5,80.0,vial4,25,29.884874268969998
256,id29,372.5,78.0,vial4,25,29.884874268969998
257,id29,372.5,75.5,vial4,25,29.884874268969998
258,id29,371.5,73.0,vial4,25,29.884874268969998
259,id29,371.0,70.0,vial4,25,29.884874268969998
260,id29,371.0,67.5,vial4,25,29.884874268969998
261,id29,371.0,64.5,vial4,25,29.884874268969998
262,id29,370.5,61.5,vial4,25,29.884874268969998
263,id29,370.5,59.0,vial4,25,29.884874268969998
264,id29,371.0,56.5,vial4,25,29.884874268969998
265,id29,371.0,53.5,vial4,25,29.884874268969998
266,id29,371.5,51.0,vial4,25,29.884874268969998
267,id29,372.5,48.0,vial4,25,29.884874268969998
268,id29,373.5,46.0,vial4,25,29.884874268969998
269,id29,374.5,43.5,vial4,25,29.884874268969998
270,id29,375.5,41.5,vial4,25,29.884874268969998
271,id29,377.0,39.0,vial4,25,29.884874268969998
272,id29,378.0,37.0,vial4,25,29.884874268969998
273,id29,379.0,35.0,vial4,25,29.884874268969998
274,id29,380.5,32.0,vial4,25,29.884874268969998
275,id29,381.5,30.0,vial4,25,29.884874268969998
276,id29,382.5,27.0,vial4,25,29.884874268969998
277,id29,383.0,25.0,vial4,25,29.884874268969998
278,id29,384.5,22.5,vial4,25,29.884874268969998
279,id29,386.0,20.5,vial4,25,29.884874268969998
280,id29,386.5,18.0,vial4,25,29.884874268969998
281,id29,387.5,16.0,vial4,25,29.884874268969998
282,id29,389.0,13.0,vial4,25,29.884874268969998
283,id29,390.0,10.5,vial4,25,29.884874268969998
284,id29,391.5,8.0,vial4,25,29.884874268969998
285,id29,392.0,5.5,vial4,25,29.884874268969998
286,id29,393.5,4.5,vial4,25,29.884874268969998
287,id29,394.0,2.5,vial4,25,29.884874268969998
0,id3,132.5,294.5,vial2,8,29.884874268969998
1,id3,132.0,292.5,vial2,8,29.884874268969998
2,id3,131.5,290.5,vial2,8,29.884874268969998
3,id3,131.5,287.0,vial2,8,29.884874268969998
4,id3,132.0,284.5,vial2,8,29.884874268969998
5,id3,131.0,281.5,vial2,8,29.884874268969998
6,id3,131.0,279.5,vial2,8,29.884874268969998
7,id3,130.5,276.5,vial2,8,29.884874268969998
8,id3,129.5,274.5,vial2,8,29.884874268969998
9,id3,129.5,273.0,vial2,8,29.884874268969998
10,id3,129.5,272.0,vial2,8,29.884874268969998
11,id3,129.0,271.5,vial2,8,29.884874268969998
12,id3,129.0,271.0,vial2,8,29.884874268969998
13,id3,129.5,270.5,vial2,8,29.884874268969998
14,id3,128.5,269.5,vial2,8,29.884874268969998
15,id3,128.5,268.5,vial2,8,29.884874268969998
16,id3,128.5,268.0,vial2,8,29.884874268969998
17,id3,127.5,266.5,vial2,8,29.884874268969998
18,id3,127.5,265.0,vial2,8,29.884874268969998
19,id3,127.5,263.5,vial2,8,29.884874268969998
20,id3,126.5,261.5,vial2,8,29.884874268969998
21,id3,126.0,260.0,vial2,8,29.884874268969998
22,id3,126.0,258.0,vial2,8,29.884874268969998
23,id3,125.0,256.0,vial2,8,29.884874268969998
24,id3,125.0,253.5,vial2,8,29.884874268969998
25,id3,125.0,251.0,vial2,8,29.884874268969998
26,id3,124.5,248.0,vial2,8,29.884874268969998
27,id3,124.5,245.0,vial2,8,29.884874268969998
28,id3,125.0,242.0,vial2,8,29.884874268969998
29,id3,124.5,239.0,vial2,8,29.884874268969998
30,id3,125.5,235.5,vial2,8,29.884874268969998
31,id3,126.0,233.0,vial2,8,29.884874268969998
32,id3,126.0,230.0,vial2,8,29.884874268969998
33,id3,126.5,227.0,vial2,8,29.884874268969998
34,id3,126.5,224.5,vial2,8,29.884874268969998
35,id3,126.5,222.0,vial2,8,29.884874268969998
36,id3,127.0,219.0,vial2,8,29.884874268969998
37,id3,127.5,216.0,vial2,8,29.884874268969998
38,id3,127.5,213.5,vial2,8,29.884874268969998
39,id3,128.5,211.0,vial2,8,29.884874268969998
40,id3,129.5,208.0,vial2,8,29.884874268969998
41,id3,129.5,205.0,vial2,8,29.884874268969998
42,id3,130.5,202.0,vial2,8,29.884874268969998
43,id3,130.5,199.5,vial2,8,29.884874268969998
44,id3,130.5,197.0,vial2,8,29.884874268969998
45,id3,131.5,194.5,vial2,8,29.884874268969998
46,id3,132.5,192.0,vial2,8,29.884874268969998
47,id3,132.5,189.5,vial2,8,29.884874268969998
48,id3,133.5,187.5,vial2,8,29.884874268969998
49,id3,134.0,184.5,vial2,8,29.884874268969998
50,id3,135.5,184.0,vial2,8,29.884874268969998
51,id3,137.5,183.0,vial2,8,29.884874268969998
52,id3,139.0,182.5,vial2,8,29.884874268969998
53,id3,140.5,181.5,vial2,8,29.884874268969998
54,id3,142.0,181.5,vial2,8,29.884874268969998
55,id3,142.5,180.5,vial2,8,29.884874268969998
56,id3,143.5,180.5,vial2,8,29.884874268969998
57,id3,143.5,180.5,vial2,8,29.884874268969998
58,id3,144.5,179.5,vial2,8,29.884874268969998
59,id3,180.5,171.0,vial2,8,29.884874268969998
60,id3,187.5,167.0,vial2,8,29.884874268969998
61,id3,187.0,166.5,vial2,8,29.884874268969998
62,id3,187.5,166.0,vial2,8,29.884874268969998
63,id3,187.5,165.0,vial2,8,29.884874268969998
64,id3,187.0,165.0,vial2,8,29.884874268969998
65,id3,187.0,165.0,vial2,8,29.884874268969998
66,id3,187.0,165.0,vial2,8,29.884874268969998
67,id3,187.0,165.0,vial2,8,29.884874268969998
68,id3,187.0,165.0,vial2,8,29.884874268969998
69,id3,187.5,165.0,vial2,8,29.884874268969998
70,id3,187.0,165.0,vial2,8,29.884874268969998
71,id3,187.0,165.0,vial2,8,29.884874268969998
72,id3,186.5,165.0,vial2,8,29.884874268969998
73,id3,187.0,164.0,vial2,8,29.884874268969998
74,id3,187.0,162.0,vial2,8,29.884874268969998
75,id3,187.0,160.0,vial2,8,29.884874268969998
76,id3,187.0,158.5,vial2,8,29.884874268969998
77,id3,187.5,156.5,vial2,8,29.884874268969998
78,id3,188.0,154.5,vial2,8,29.884874268969998
79,id3,188.0,152.5,vial2,8,29.884874268969998
80,id3,187.5,149.5,vial2,8,29.884874268969998
81,id3,188.0,147.0,vial2,8,29.884874268969998
82,id3,188.0,144.0,vial2,8,29.884874268969998
83,id3,188.0,141.5,vial2,8,29.884874268969998
84,id3,188.0,138.5,vial2,8,29.884874268969998
85,id3,188.0,136.5,vial2,8,29.884874268969998
86,id3,187.5,134.0,vial2,8,29.884874268969998
87,id3,187.5,131.5,vial2,8,29.884874268969998
88,id3,187.5,128.5,vial2,8,29.884874268969998
89,id3,187.0,126.0,vial2,8,29.884874268969998
90,id3,186.5,123.0,vial2,8,29.884874268969998
91,id3,186.5,120.5,vial2,8,29.884874268969998
92,id3,186.0,118.0,vial2,8,29.884874268969998
93,id3,186.0,116.0,vial2,8,29.884874268969998
94,id3,185.5,114.0,vial2,8,29.884874268969998
95,id3,185.5,112.0,vial2,8,29.884874268969998
96,id3,185.0,110.0,vial2,8,29.884874268969998
97,id3,184.5,107.0,vial2,8,29.884874268969998
98,id3,184.0,104.5,vial2,8,29.884874268969998
99,id3,183.5,102.0,vial2,8,29.884874268969998
100,id3,182.5,100.0,vial2,8,29.884874268969998
101,id3,182.5,98.0,vial2,8,29.884874268969998
102,id3,181.5,95.5,vial2,8,29.884874268969998
103,id3,181.5,94.0,vial2,8,29.884874268969998
104,id3,181.0,92.0,vial2,8,29.884874268969998
105,id3,180.5,91.0,vial2,8,29.884874268969998
106,id3,180.5,90.0,vial2,8,29.884874268969998
107,id3,180.5,89.0,vial2,8,29.884874268969998
108,id3,180.5,89.0,vial2,8,29.884874268969998
109,id3,180.5,89.0,vial2,8,29.884874268969998
110,id3,180.0,89.0,vial2,8,29.884874268969998
111,id3,180.5,89.0,vial2,8,29.884874268969998
112,id3,180.5,89.0,vial2,8,29.884874268969998
113,id3,180.5,88.0,vial2,8,29.884874268969998
114,id3,180.5,88.0,vial2,8,29.884874268969998
115,id3,173.5,84.5,vial2,8,29.884874268969998
116,id3,145.0,66.5,vial2,8,29.884874268969998
117,id3,127.5,41.5,vial2,8,29.884874268969998
118,id3,128.0,43.0,vial2,8,29.884874268969998
119,id3,124.5,45.0,vial2,8,29.884874268969998
120,id3,124.5,43.5,vial2,8,29.884874268969998
121,id3,124.5,42.5,vial2,8,29.884874268969998
122,id3,124.5,42.0,vial2,8,29.884874268969998
123,id3,124.5,40.5,vial2,8,29.884874268969998
124,id3,124.5,40.0,vial2,8,29.884874268969998
125,id3,124.5,39.0,vial2,8,29.884874268969998
126,id3,124.5,38.5,vial2,8,29.884874268969998
127,id3,124.5,38.0,vial2,8,29.884874268969998
128,id3,125.0,37.0,vial2,8,29.884874268969998
129,id3,125.0,36.0,vial2,8,29.884874268969998
130,id3,125.0,36.0,vial2,8,29.884874268969998
131,id3,125.5,35.0,vial2,8,29.884874268969998
132,id3,125.5,34.5,vial2,8,29.884874268969998
133,id3,125.5,33.5,vial2,8,29.884874268969998
134,id3,126.5,32.0,vial2,8,29.884874268969998
135,id3,127.0,31.0,vial2,8,29.884874268969998
136,id3,127.5,30.0,vial2,8,29.884874268969998
137,id3,129.0,29.0,vial2,8,29.884874268969998
138,id3,130.0,28.0,vial2,8,29.884874268969998
139,id3,131.0,27.0,vial2,8,29.884874268969998
140,id3,132.0,26.0,vial2,8,29.884874268969998
141,id3,134.5,24.5,vial2,8,29.884874268969998
142,id3,135.5,24.0,vial2,8,29.884874268969998
143,id3,137.5,23.0,vial2,8,29.884874268969998
144,id3,138.5,22.0,vial2,8,29.884874268969998
145,id3,139.5,21.0,vial2,8,29.884874268969998
146,id3,140.5,20.5,vial2,8,29.884874268969998
147,id3,142.0,19.5,vial2,8,29.884874268969998
148,id3,143.0,18.5,vial2,8,29.884874268969998
149,id3,145.0,17.5,vial2,8,29.884874268969998
150,id3,146.0,16.5,vial2,8,29.884874268969998
151,id3,148.0,15.5,vial2,8,29.884874268969998
152,id3,150.0,15.0,vial2,8,29.884874268969998
153,id3,151.5,14.0,vial2,8,29.884874268969998
154,id3,153.0,13.5,vial2,8,29.884874268969998
155,id3,154.5,12.5,vial2,8,29.884874268969998
156,id3,156.0,12.0,vial2,8,29.884874268969998
157,id3,157.0,11.0,vial2,8,29.884874268969998
158,id3,158.5,9.5,vial2,8,29.884874268969998
159,id3,159.5,8.5,vial2,8,29.884874268969998
160,id3,161.5,6.0,vial2,8,29.884874268969998
161,id3,162.5,4.5,vial2,8,29.884874268969998
162,id3,164.0,3.5,vial2,8,29.884874268969998
163,id3,164.5,3.0,vial2,8,29.884874268969998
164,id3,165.5,2.5,vial2,8,29.884874268969998
191,id3,187.0,1.0,vial2,8,29.884874268969998
192,id3,186.0,1.5,vial2,8,29.884874268969998
193,id3,186.0,2.0,vial2,8,29.884874268969998
194,id3,186.0,2.5,vial2,8,29.884874268969998
201,id3,129.0,140.5,vial2,8,29.884874268969998
202,id3,130.0,146.0,vial2,8,29.884874268969998
203,id3,135.0,157.0,vial2,8,29.884874268969998
204,id3,132.0,168.0,vial2,8,29.884874268969998
205,id3,131.5,170.0,vial2,8,29.884874268969998
206,id3,132.0,169.0,vial2,8,29.884874268969998
207,id3,132.5,167.5,vial2,8,29.884874268969998
208,id3,132.5,166.0,vial2,8,29.884874268969998
209,id3,132.5,164.5,vial2,8,29.884874268969998
210,id3,132.5,163.0,vial2,8,29.884874268969998
211,id3,134.0,161.5,vial2,8,29.884874268969998
212,id3,135.0,161.0,vial2,8,29.884874268969998
213,id3,136.0,160.0,vial2,8,29.884874268969998
214,id3,137.0,159.0,vial2,8,29.884874268969998
215,id3,137.0,158.5,vial2,8,29.884874268969998
216,id3,137.5,156.5,vial2,8,29.884874268969998
217,id3,137.5,155.0,vial2,8,29.884874268969998
218,id3,137.5,152.5,vial2,8,29.884874268969998
219,id3,137.5,150.0,vial2,8,29.884874268969998
220,id3,137.5,147.0,vial2,8,29.884874268969998
221,id3,137.0,145.0,vial2,8,29.884874268969998
222,id3,136.5,142.0,vial2,8,29.884874268969998
223,id3,136.0,140.0,vial2,8,29.884874268969998
224,id3,135.5,138.0,vial2,8,29.884874268969998
225,id3,134.0,135.5,vial2,8,29.884874268969998
226,id3,133.0,134.5,vial2,8,29.884874268969998
227,id3,131.5,133.0,vial2,8,29.884874268969998
228,id3,130.0,131.5,vial2,8,29.884874268969998
229,id3,129.0,130.0,vial2,8,29.884874268969998
230,id3,128.0,129.0,vial2,8,29.884874268969998
231,id3,126.5,128.0,vial2,8,29.884874268969998
232,id3,126.5,127.0,vial2,8,29.884874268969998
233,id3,125.5,126.0,vial2,8,29.884874268969998
234,id3,125.5,125.0,vial2,8,29.884874268969998
235,id3,124.5,124.0,vial2,8,29.884874268969998
236,id3,124.0,122.5,vial2,8,29.884874268969998
237,id3,123.5,121.5,vial2,8,29.884874268969998
238,id3,123.5,120.0,vial2,8,29.884874268969998
239,id3,124.0,119.0,vial2,8,29.884874268969998
240,id3,124.0,118.0,vial2,8,29.884874268969998
241,id3,124.0,118.0,vial2,8,29.884874268969998
242,id3,124.0,118.0,vial2,8,29.884874268969998
243,id3,124.0,118.0,vial2,8,29.884874268969998
244,id3,124.5,118.0,vial2,8,29.884874268969998
245,id3,124.5,117.5,vial2,8,29.884874268969998
246,id3,124.5,117.0,vial2,8,29.884874268969998
247,id3,124.5,115.5,vial2,8,29.884874268969998
248,id3,125.5,114.0,vial2,8,29.884874268969998
249,id3,126.0,112.5,vial2,8,29.884874268969998
250,id3,126.0,110.5,vial2,8,29.884874268969998
251,id3,127.0,109.0,vial2,8,29.884874268969998
252,id3,127.5,107.0,vial2,8,29.884874268969998
253,id3,128.5,104.5,vial2,8,29.884874268969998
254,id3,128.5,102.0,vial2,8,29.884874268969998
255,id3,128.5,100.0,vial2,8,29.884874268969998
256,id3,129.0,97.5,vial2,8,29.884874268969998
257,id3,129.5,95.5,vial2,8,29.884874268969998
258,id3,129.5,93.0,vial2,8,29.884874268969998
259,id3,130.0,90.5,vial2,8,29.884874268969998
260,id3,130.5,87.5,vial2,8,29.884874268969998
261,id3,131.0,84.5,vial2,8,29.884874268969998
262,id3,131.5,82.0,vial2,8,29.884874268969998
263,id3,131.5,79.0,vial2,8,29.884874268969998
264,id3,131.5,76.5,vial2,8,29.884874268969998
265,id3,131.5,74.0,vial2,8,29.884874268969998
266,id3,131.0,71.5,vial2,8,29.884874268969998
267,id3,131.0,69.0,vial2,8,29.884874268969998
268,id3,130.5,66.5,vial2,8,29.884874268969998
269,id3,129.5,65.5,vial2,8,29.884874268969998
270,id3,129.0,64.0,vial2,8,29.884874268969998
271,id3,128.5,63.0,vial2,8,29.884874268969998
272,id3,127.5,61.5,vial2,8,29.884874268969998
273,id3,127.0,60.5,vial2,8,29.884874268969998
274,id3,126.5,59.5,vial2,8,29.884874268969998
275,id3,126.5,57.5,vial2,8,29.884874268969998
276,id3,126.0,55.0,vial2,8,29.884874268969998
277,id3,125.5,53.0,vial2,8,29.884874268969998
278,id3,126.0,51.0,vial2,8,29.884874268969998
279,id3,126.0,50.0,vial2,8,29.884874268969998
280,id3,126.0,48.5,vial2,8,29.884874268969998
281,id3,126.0,46.5,vial2,8,29.884874268969998
282,id3,126.0,45.0,vial2,8,29.884874268969998
283,id3,126.5,44.0,vial2,8,29.884874268969998
284,id3,126.5,42.0,vial2,8,29.884874268969998
285,id3,127.0,41.0,vial2,8,29.884874268969998
286,id3,127.5,39.0,vial2,8,29.884874268969998
287,id3,128.5,37.0,vial2,8,29.884874268969998
288,id3,129.5,35.5,vial2,8,29.884874268969998
289,id3,131.0,33.5,vial2,8,29.884874268969998
290,id3,132.0,31.5,vial2,8,29.884874268969998
0,id30,255.0,334.0,vial3,18,29.884874268969998
1,id30,255.5,333.0,vial3,18,29.884874268969998
2,id30,255.5,333.5,vial3,18,29.884874268969998
3,id30,256.5,333.5,vial3,18,29.884874268969998
4,id30,257.5,335.0,vial3,18,29.884874268969998
5,id30,257.0,335.5,vial3,18,29.884874268969998
6,id30,256.5,335.0,vial3,18,29.884874268969998
7,id30,259.5,334.0,vial3,18,29.884874268969998
8,id30,262.0,334.5,vial3,18,29.884874268969998
10,id30,296.5,333.0,vial3,18,29.884874268969998
11,id30,295.0,333.5,vial3,18,29.884874268969998
12,id30,288.0,335.0,vial3,18,29.884874268969998
13,id30,287.5,335.0,vial3,18,29.884874268969998
14,id30,289.0,335.0,vial3,18,29.884874268969998
15,id30,288.0,335.0,vial3,18,29.884874268969998
16,id30,290.0,334.0,vial3,18,29.884874268969998
18,id30,290.5,333.5,vial3,18,29.884874268969998
19,id30,291.5,333.5,vial3,18,29.884874268969998
20,id30,292.5,333.0,vial3,18,29.884874268969998
21,id30,293.0,333.5,vial3,18,29.884874268969998
22,id30,292.0,333.0,vial3,18,29.884874268969998
23,id30,292.0,333.5,vial3,18,29.884874268969998
24,id30,292.0,333.5,vial3,18,29.884874268969998
25,id30,291.0,333.0,vial3,18,29.884874268969998
26,id30,289.0,333.0,vial3,18,29.884874268969998
27,id30,286.0,332.5,vial3,18,29.884874268969998
28,id30,283.5,332.5,vial3,18,29.884874268969998
29,id30,279.5,331.5,vial3,18,29.884874268969998
30,id30,277.5,331.5,vial3,18,29.884874268969998
31,id30,266.0,331.0,vial3,18,29.884874268969998
34,id30,295.5,333.0,vial3,18,29.884874268969998
35,id30,294.0,334.5,vial3,18,29.884874268969998
36,id30,292.0,333.5,vial3,18,29.884874268969998
37,id30,288.5,333.5,vial3,18,29.884874268969998
38,id30,285.0,333.5,vial3,18,29.884874268969998
39,id30,281.5,333.5,vial3,18,29.884874268969998
40,id30,278.0,334.0,vial3,18,29.884874268969998
41,id30,274.5,334.0,vial3,18,29.884874268969998
43,id30,264.5,334.5,vial3,18,29.884874268969998
44,id30,263.0,333.5,vial3,18,29.884874268969998
45,id30,262.5,332.5,vial3,18,29.884874268969998
46,id30,259.5,333.0,vial3,18,29.884874268969998
47,id30,257.5,332.5,vial3,18,29.884874268969998
48,id30,257.0,333.5,vial3,18,29.884874268969998
49,id30,255.5,333.5,vial3,18,29.884874268969998
50,id30,254.0,333.5,vial3,18,29.884874268969998
51,id30,252.5,332.5,vial3,18,29.884874268969998
52,id30,251.5,332.5,vial3,18,29.884874268969998
53,id30,251.5,332.5,vial3,18,29.884874268969998
54,id30,251.5,332.5,vial3,18,29.884874268969998
55,id30,251.5,332.5,vial3,18,29.884874268969998
56,id30,251.5,332.5,vial3,18,29.884874268969998
57,id30,251.5,332.5,vial3,18,29.884874268969998
58,id30,251.5,332.5,vial3,18,29.884874268969998
59,id30,254.5,335.0,vial3,18,29.884874268969998
60,id30,253.0,334.5,vial3,18,29.884874268969998
61,id30,251.5,334.0,vial3,18,29.884874268969998
62,id30,250.5,334.0,vial3,18,29.884874268969998
63,id30,249.0,333.5,vial3,18,29.884874268969998
64,id30,248.0,333.5,vial3,18,29.884874268969998
65,id30,247.0,333.5,vial3,18,29.884874268969998
66,id30,247.0,333.5,vial3,18,29.884874268969998
67,id30,247.0,333.5,vial3,18,29.884874268969998
68,id30,246.5,333.5,vial3,18,29.884874268969998
69,id30,246.5,333.5,vial3,18,29.884874268969998
70,id30,246.5,333.5,vial3,18,29.884874268969998
71,id30,246.5,333.5,vial3,18,29.884874268969998
72,id30,246.0,333.5,vial3,18,29.884874268969998
73,id30,245.5,333.5,vial3,18,29.884874268969998
74,id30,245.0,333.5,vial3,18,29.884874268969998
75,id30,245.0,334.0,vial3,18,29.884874268969998
76,id30,245.5,334.0,vial3,18,29.884874268969998
77,id30,245.5,334.0,vial3,18,29.884874268969998
78,id30,244.5,334.0,vial3,18,29.884874268969998
79,id30,244.5,334.0,vial3,18,29.884874268969998
80,id30,244.5,334.0,vial3,18,29.884874268969998
81,id30,245.0,333.5,vial3,18,29.884874268969998
82,id30,245.0,333.5,vial3,18,29.884874268969998
83,id30,245.5,333.5,vial3,18,29.884874268969998
84,id30,246.0,333.5,vial3,18,29.884874268969998
85,id30,243.5,334.0,vial3,18,29.884874268969998
86,id30,243.5,334.0,vial3,18,29.884874268969998
87,id30,245.0,334.0,vial3,18,29.884874268969998
88,id30,246.0,334.0,vial3,18,29.884874268969998
89,id30,247.0,334.5,vial3,18,29.884874268969998
90,id30,247.0,334.5,vial3,18,29.884874268969998
91,id30,247.5,334.5,vial3,18,29.884874268969998
97,id30,253.5,332.0,vial3,18,29.884874268969998
98,id30,252.5,332.5,vial3,18,29.884874268969998
99,id30,252.5,333.5,vial3,18,29.884874268969998
100,id30,252.5,333.5,vial3,18,29.884874268969998
101,id30,253.5,333.5,vial3,18,29.884874268969998
102,id30,253.5,332.5,vial3,18,29.884874268969998
103,id30,253.5,333.0,vial3,18,29.884874268969998
104,id30,254.0,333.5,vial3,18,29.884874268969998
105,id30,253.5,333.5,vial3,18,29.884874268969998
106,id30,254.0,333.5,vial3,18,29.884874268969998
107,id30,253.5,333.5,vial3,18,29.884874268969998
108,id30,253.5,333.5,vial3,18,29.884874268969998
109,id30,252.5,333.5,vial3,18,29.884874268969998
110,id30,253.0,333.0,vial3,18,29.884874268969998
111,id30,251.5,333.5,vial3,18,29.884874268969998
112,id30,251.5,333.5,vial3,18,29.884874268969998
113,id30,250.5,333.5,vial3,18,29.884874268969998
114,id30,249.5,333.0,vial3,18,29.884874268969998
115,id30,248.5,333.0,vial3,18,29.884874268969998
116,id30,248.0,333.0,vial3,18,29.884874268969998
117,id30,247.5,333.0,vial3,18,29.884874268969998
118,id30,247.5,333.0,vial3,18,29.884874268969998
119,id30,247.0,333.0,vial3,18,29.884874268969998
120,id30,246.5,333.0,vial3,18,29.884874268969998
121,id30,246.5,333.0,vial3,18,29.884874268969998
122,id30,245.5,333.0,vial3,18,29.884874268969998
123,id30,245.0,333.0,vial3,18,29.884874268969998
124,id30,245.0,333.0,vial3,18,29.884874268969998
125,id30,246.0,333.0,vial3,18,29.884874268969998
126,id30,246.5,333.0,vial3,18,29.884874268969998
127,id30,246.5,333.0,vial3,18,29.884874268969998
128,id30,246.5,333.0,vial3,18,29.884874268969998
129,id30,247.0,333.0,vial3,18,29.884874268969998
130,id30,247.0,332.5,vial3,18,29.884874268969998
131,id30,247.5,332.5,vial3,18,29.884874268969998
132,id30,247.5,332.5,vial3,18,29.884874268969998
133,id30,247.0,332.5,vial3,18,29.884874268969998
134,id30,247.0,332.5,vial3,18,29.884874268969998
135,id30,246.0,333.5,vial3,18,29.884874268969998
136,id30,245.5,333.5,vial3,18,29.884874268969998
137,id30,245.5,334.0,vial3,18,29.884874268969998
138,id30,245.0,334.5,vial3,18,29.884874268969998
139,id30,245.0,334.0,vial3,18,29.884874268969998
140,id30,245.0,334.0,vial3,18,29.884874268969998
141,id30,245.0,333.5,vial3,18,29.884874268969998
142,id30,245.0,333.0,vial3,18,29.884874268969998
143,id30,245.0,331.5,vial3,18,29.884874268969998
144,id30,244.5,331.0,vial3,18,29.884874268969998
145,id30,243.5,330.0,vial3,18,29.884874268969998
146,id30,243.0,328.0,vial3,18,29.884874268969998
147,id30,243.0,326.0,vial3,18,29.884874268969998
148,id30,243.0,324.0,vial3,18,29.884874268969998
149,id30,243.5,322.0,vial3,18,29.884874268969998
150,id30,243.5,321.0,vial3,18,29.884874268969998
151,id30,243.5,319.0,vial3,18,29.884874268969998
152,id30,243.5,318.0,vial3,18,29.884874268969998
153,id30,243.5,316.0,vial3,18,29.884874268969998
154,id30,244.5,315.0,vial3,18,29.884874268969998
155,id30,245.0,313.5,vial3,18,29.884874268969998
156,id30,245.5,313.0,vial3,18,29.884874268969998
157,id30,246.0,312.0,vial3,18,29.884874268969998
158,id30,247.0,311.5,vial3,18,29.884874268969998
159,id30,247.0,310.0,vial3,18,29.884874268969998
160,id30,249.0,310.0,vial3,18,29.884874268969998
161,id30,249.5,309.5,vial3,18,29.884874268969998
162,id30,250.5,308.5,vial3,18,29.884874268969998
163,id30,251.5,308.5,vial3,18,29.884874268969998
164,id30,252.5,307.5,vial3,18,29.884874268969998
165,id30,254.0,306.5,vial3,18,29.884874268969998
166,id30,255.5,306.5,vial3,18,29.884874268969998
167,id30,257.5,306.5,vial3,18,29.884874268969998
168,id30,260.0,308.0,vial3,18,29.884874268969998
169,id30,263.0,308.5,vial3,18,29.884874268969998
170,id30,264.5,309.5,vial3,18,29.884874268969998
171,id30,267.0,310.5,vial3,18,29.884874268969998
172,id30,269.5,311.0,vial3,18,29.884874268969998
173,id30,272.0,312.0,vial3,18,29.884874268969998
174,id30,274.5,312.5,vial3,18,29.884874268969998
175,id30,277.0,313.5,vial3,18,29.884874268969998
176,id30,278.5,314.0,vial3,18,29.884874268969998
177,id30,281.5,314.0,vial3,18,29.884874268969998
178,id30,284.0,313.5,vial3,18,29.884874268969998
179,id30,286.5,313.0,vial3,18,29.884874268969998
180,id30,288.0,311.5,vial3,18,29.884874268969998
181,id30,290.5,310.0,vial3,18,29.884874268969998
182,id30,292.5,308.0,vial3,18,29.884874268969998
183,id30,294.5,306.0,vial3,18,29.884874268969998
184,id30,296.5,304.0,vial3,18,29.884874268969998
185,id30,298.5,302.5,vial3,18,29.884874268969998
186,id30,299.5,302.0,vial3,18,29.884874268969998
187,id30,300.5,301.5,vial3,18,29.884874268969998
188,id30,301.0,301.5,vial3,18,29.884874268969998
189,id30,302.0,302.0,vial3,18,29.884874268969998
190,id30,303.0,303.0,vial3,18,29.884874268969998
191,id30,303.5,303.5,vial3,18,29.884874268969998
192,id30,304.0,303.5,vial3,18,29.884874268969998
193,id30,304.5,302.5,vial3,18,29.884874268969998
194,id30,304.5,301.5,vial3,18,29.884874268969998
195,id30,305.5,300.0,vial3,18,29.884874268969998
196,id30,305.5,297.5,vial3,18,29.884874268969998
197,id30,305.5,296.0,vial3,18,29.884874268969998
198,id30,305.5,293.0,vial3,18,29.884874268969998
199,id30,305.5,291.0,vial3,18,29.884874268969998
200,id30,305.5,288.0,vial3,18,29.884874268969998
201,id30,305.5,285.0,vial3,18,29.884874268969998
202,id30,306.5,283.0,vial3,18,29.884874268969998
203,id30,306.0,280.0,vial3,18,29.884874268969998
204,id30,306.5,278.0,vial3,18,29.884874268969998
205,id30,306.0,274.0,vial3,18,29.884874268969998
206,id30,306.0,271.0,vial3,18,29.884874268969998
207,id30,306.0,268.5,vial3,18,29.884874268969998
208,id30,306.5,266.0,vial3,18,29.884874268969998
209,id30,306.5,263.0,vial3,18,29.884874268969998
210,id30,306.5,260.0,vial3,18,29.884874268969998
211,id30,307.0,258.5,vial3,18,29.884874268969998
212,id30,307.0,256.5,vial3,18,29.884874268969998
213,id30,307.0,254.5,vial3,18,29.884874268969998
214,id30,307.0,252.5,vial3,18,29.884874268969998
215,id30,307.0,251.0,vial3,18,29.884874268969998
216,id30,306.5,250.0,vial3,18,29.884874268969998
217,id30,306.5,248.5,vial3,18,29.884874268969998
218,id30,306.5,246.5,vial3,18,29.884874268969998
219,id30,305.5,245.5,vial3,18,29.884874268969998
220,id30,305.5,244.5,vial3,18,29.884874268969998
221,id30,304.5,243.5,vial3,18,29.884874268969998
222,id30,304.5,241.5,vial3,18,29.884874268969998
223,id30,304.5,240.5,vial3,18,29.884874268969998
224,id30,304.5,238.0,vial3,18,29.884874268969998
225,id30,304.5,236.0,vial3,18,29.884874268969998
226,id30,304.0,233.0,vial3,18,29.884874268969998
227,id30,304.0,230.5,vial3,18,29.884874268969998
228,id30,303.5,227.5,vial3,18,29.884874268969998
229,id30,303.5,225.0,vial3,18,29.884874268969998
230,id30,303.5,222.0,vial3,18,29.884874268969998
231,id30,302.5,219.0,vial3,18,29.884874268969998
232,id30,302.5,217.0,vial3,18,29.884874268969998
233,id30,302.5,214.0,vial3,18,29.884874268969998
234,id30,302.5,211.0,vial3,18,29.884874268969998
235,id30,302.0,209.0,vial3,18,29.884874268969998
236,id30,302.5,206.5,vial3,18,29.884874268969998
237,id30,303.0,204.0,vial3,18,29.884874268969998
238,id30,303.5,202.0,vial3,18,29.884874268969998
239,id30,303.5,200.0,vial3,18,29.884874268969998
240,id30,304.5,197.0,vial3,18,29.884874268969998
241,id30,304.5,194.0,vial3,18,29.884874268969998
242,id30,305.0,191.0,vial3,18,29.884874268969998
243,id30,305.5,188.5,vial3,18,29.884874268969998
244,id30,306.0,186.5,vial3,18,29.884874268969998
245,id30,306.5,184.5,vial3,18,29.884874268969998
246,id30,307.0,183.0,vial3,18,29.884874268969998
247,id30,307.5,182.0,vial3,18,29.884874268969998
248,id30,307.5,181.5,vial3,18,29.884874268969998
249,id30,307.5,181.0,vial3,18,29.884874268969998
250,id30,307.0,180.5,vial3,18,29.884874268969998
251,id30,306.5,180.5,vial3,18,29.884874268969998
252,id30,306.0,179.5,vial3,18,29.884874268969998
253,id30,305.0,179.5,vial3,18,29.884874268969998
254,id30,304.0,179.5,vial3,18,29.884874268969998
255,id30,302.5,179.5,vial3,18,29.884874268969998
256,id30,301.5,179.5,vial3,18,29.884874268969998
257,id30,300.0,180.0,vial3,18,29.884874268969998
258,id30,298.5,180.0,vial3,18,29.884874268969998
259,id30,297.0,180.0,vial3,18,29.884874268969998
260,id30,296.0,180.0,vial3,18,29.884874268969998
261,id30,294.0,180.5,vial3,18,29.884874268969998
262,id30,293.0,180.5,vial3,18,29.884874268969998
263,id30,291.0,180.5,vial3,18,29.884874268969998
264,id30,289.5,180.0,vial3,18,29.884874268969998
265,id30,288.0,180.0,vial3,18,29.884874268969998
266,id30,286.5,180.0,vial3,18,29.884874268969998
267,id30,285.5,179.5,vial3,18,29.884874268969998
268,id30,284.5,179.5,vial3,18,29.884874268969998
269,id30,283.5,179.0,vial3,18,29.884874268969998
270,id30,282.0,178.5,vial3,18,29.884874268969998
271,id30,280.5,178.5,vial3,18,29.884874268969998
272,id30,279.5,177.5,vial3,18,29.884874268969998
273,id30,279.0,177.0,vial3,18,29.884874268969998
274,id30,278.0,174.5,vial3,18,29.884874268969998
275,id30,276.5,172.5,vial3,18,29.884874268969998
276,id30,276.0,170.0,vial3,18,29.884874268969998
277,id30,275.0,167.0,vial3,18,29.884874268969998
278,id30,274.0,165.0,vial3,18,29.884874268969998
279,id30,273.0,162.0,vial3,18,29.884874268969998
280,id30,273.5,159.0,vial3,18,29.884874268969998
281,id30,273.0,156.0,vial3,18,29.884874268969998
282,id30,273.5,153.5,vial3,18,29.884874268969998
283,id30,273.5,150.5,vial3,18,29.884874268969998
284,id30,273.5,147.5,vial3,18,29.884874268969998
285,id30,274.0,144.5,vial3,18,29.884874268969998
286,id30,274.0,141.5,vial3,18,29.884874268969998
287,id30,274.5,139.0,vial3,18,29.884874268969998
288,id30,274.5,136.5,vial3,18,29.884874268969998
289,id30,275.0,134.0,vial3,18,29.884874268969998
290,id30,275.5,131.5,vial3,18,29.884874268969998
0,id31,161.0,330.0,vial2,10,29.884874268969998
1,id31,161.5,330.0,vial2,10,29.884874268969998
2,id31,161.0,330.0,vial2,10,29.884874268969998
3,id31,160.5,330.0,vial2,10,29.884874268969998
4,id31,161.0,330.5,vial2,10,29.884874268969998
5,id31,160.5,330.5,vial2,10,29.884874268969998
6,id31,161.0,331.0,vial2,10,29.884874268969998
7,id31,161.0,331.0,vial2,10,29.884874268969998
8,id31,160.5,330.5,vial2,10,29.884874268969998
9,id31,160.5,330.5,vial2,10,29.884874268969998
10,id31,161.0,330.5,vial2,10,29.884874268969998
11,id31,160.5,330.0,vial2,10,29.884874268969998
12,id31,159.5,330.0,vial2,10,29.884874268969998
13,id31,157.5,330.5,vial2,10,29.884874268969998
14,id31,153.5,330.5,vial2,10,29.884874268969998
15,id31,150.5,330.5,vial2,10,29.884874268969998
16,id31,149.0,330.5,vial2,10,29.884874268969998
17,id31,146.5,331.0,vial2,10,29.884874268969998
18,id31,145.0,333.0,vial2,10,29.884874268969998
19,id31,149.0,332.5,vial2,10,29.884874268969998
20,id31,149.0,332.0,vial2,10,29.884874268969998
21,id31,149.5,331.0,vial2,10,29.884874268969998
22,id31,149.0,329.0,vial2,10,29.884874268969998
23,id31,147.5,325.0,vial2,10,29.884874268969998
24,id31,143.0,335.5,vial2,10,29.884874268969998
25,id31,143.5,335.5,vial2,10,29.884874268969998
26,id31,143.5,335.0,vial2,10,29.884874268969998
27,id31,144.0,335.5,vial2,10,29.884874268969998
28,id31,145.0,335.0,vial2,10,29.884874268969998
29,id31,146.0,336.0,vial2,10,29.884874268969998
30,id31,147.0,336.0,vial2,10,29.884874268969998
31,id31,147.5,335.5,vial2,10,29.884874268969998
32,id31,148.0,335.5,vial2,10,29.884874268969998
33,id31,149.0,334.5,vial2,10,29.884874268969998
34,id31,150.0,333.5,vial2,10,29.884874268969998
35,id31,152.0,332.0,vial2,10,29.884874268969998
36,id31,153.5,330.0,vial2,10,29.884874268969998
37,id31,154.5,327.0,vial2,10,29.884874268969998
38,id31,156.0,324.0,vial2,10,29.884874268969998
39,id31,157.5,321.0,vial2,10,29.884874268969998
40,id31,158.5,318.0,vial2,10,29.884874268969998
41,id31,160.5,315.0,vial2,10,29.884874268969998
42,id31,161.5,312.0,vial2,10,29.884874268969998
43,id31,162.5,309.0,vial2,10,29.884874268969998
44,id31,163.5,306.0,vial2,10,29.884874268969998
45,id31,164.5,303.0,vial2,10,29.884874268969998
46,id31,165.5,301.5,vial2,10,29.884874268969998
47,id31,167.0,300.5,vial2,10,29.884874268969998
48,id31,169.0,300.0,vial2,10,29.884874268969998
49,id31,171.0,300.0,vial2,10,29.884874268969998
50,id31,172.5,300.0,vial2,10,29.884874268969998
51,id31,174.0,300.0,vial2,10,29.884874268969998
52,id31,175.5,300.0,vial2,10,29.884874268969998
53,id31,176.5,300.0,vial2,10,29.884874268969998
54,id31,177.5,300.0,vial2,10,29.884874268969998
55,id31,177.5,300.0,vial2,10,29.884874268969998
56,id31,177.5,300.0,vial2,10,29.884874268969998
57,id31,177.5,298.5,vial2,10,29.884874268969998
58,id31,178.0,297.0,vial2,10,29.884874268969998
59,id31,178.0,294.0,vial2,10,29.884874268969998
60,id31,178.0,291.5,vial2,10,29.884874268969998
61,id31,178.5,288.0,vial2,10,29.884874268969998
62,id31,178.5,284.5,vial2,10,29.884874268969998
63,id31,178.0,281.5,vial2,10,29.884874268969998
64,id31,177.5,278.0,vial2,10,29.884874268969998
65,id31,176.5,275.5,vial2,10,29.884874268969998
66,id31,176.5,272.0,vial2,10,29.884874268969998
67,id31,175.0,270.0,vial2,10,29.884874268969998
68,id31,174.0,266.5,vial2,10,29.884874268969998
69,id31,172.0,264.0,vial2,10,29.884874268969998
70,id31,171.0,262.5,vial2,10,29.884874268969998
71,id31,169.0,260.0,vial2,10,29.884874268969998
72,id31,167.0,258.0,vial2,10,29.884874268969998
73,id31,165.5,255.5,vial2,10,29.884874268969998
74,id31,163.5,253.5,vial2,10,29.884874268969998
75,id31,162.5,251.5,vial2,10,29.884874268969998
76,id31,161.0,248.5,vial2,10,29.884874268969998
77,id31,160.5,246.5,vial2,10,29.884874268969998
78,id31,160.0,244.0,vial2,10,29.884874268969998
79,id31,159.5,242.5,vial2,10,29.884874268969998
80,id31,159.5,239.5,vial2,10,29.884874268969998
81,id31,160.5,237.0,vial2,10,29.884874268969998
82,id31,161.5,234.0,vial2,10,29.884874268969998
83,id31,161.5,231.5,vial2,10,29.884874268969998
84,id31,162.0,229.5,vial2,10,29.884874268969998
85,id31,162.5,228.5,vial2,10,29.884874268969998
86,id31,162.5,227.5,vial2,10,29.884874268969998
87,id31,163.0,225.5,vial2,10,29.884874268969998
88,id31,163.5,224.5,vial2,10,29.884874268969998
89,id31,163.5,223.0,vial2,10,29.884874268969998
90,id31,163.5,222.0,vial2,10,29.884874268969998
91,id31,163.5,222.0,vial2,10,29.884874268969998
92,id31,164.0,222.5,vial2,10,29.884874268969998
93,id31,163.5,222.5,vial2,10,29.884874268969998
94,id31,163.5,222.5,vial2,10,29.884874268969998
95,id31,160.0,227.0,vial2,10,29.884874268969998
96,id31,134.5,250.5,vial2,10,29.884874268969998
97,id31,128.5,286.5,vial2,10,29.884874268969998
98,id31,137.5,307.5,vial2,10,29.884874268969998
99,id31,138.0,306.5,vial2,10,29.884874268969998
100,id31,138.0,307.0,vial2,10,29.884874268969998
101,id31,138.0,307.0,vial2,10,29.884874268969998
102,id31,138.0,307.0,vial2,10,29.884874268969998
103,id31,137.5,305.5,vial2,10,29.884874268969998
104,id31,137.5,304.0,vial2,10,29.884874268969998
105,id31,138.0,302.5,vial2,10,29.884874268969998
106,id31,138.0,301.5,vial2,10,29.884874268969998
107,id31,138.5,300.0,vial2,10,29.884874268969998
108,id31,139.5,300.0,vial2,10,29.884874268969998
109,id31,140.5,299.0,vial2,10,29.884874268969998
110,id31,142.5,299.0,vial2,10,29.884874268969998
111,id31,144.0,298.5,vial2,10,29.884874268969998
112,id31,144.0,298.0,vial2,10,29.884874268969998
113,id31,144.0,297.5,vial2,10,29.884874268969998
114,id31,144.0,297.0,vial2,10,29.884874268969998
115,id31,144.5,295.0,vial2,10,29.884874268969998
116,id31,144.0,293.5,vial2,10,29.884874268969998
117,id31,143.5,291.5,vial2,10,29.884874268969998
118,id31,143.5,288.5,vial2,10,29.884874268969998
119,id31,142.0,286.5,vial2,10,29.884874268969998
120,id31,141.0,284.0,vial2,10,29.884874268969998
121,id31,139.5,281.5,vial2,10,29.884874268969998
122,id31,139.0,279.0,vial2,10,29.884874268969998
123,id31,138.5,276.5,vial2,10,29.884874268969998
124,id31,137.5,274.0,vial2,10,29.884874268969998
125,id31,136.5,272.0,vial2,10,29.884874268969998
126,id31,135.5,270.0,vial2,10,29.884874268969998
127,id31,134.5,268.0,vial2,10,29.884874268969998
128,id31,133.5,266.0,vial2,10,29.884874268969998
129,id31,133.0,264.0,vial2,10,29.884874268969998
130,id31,132.0,261.5,vial2,10,29.884874268969998
131,id31,130.5,260.0,vial2,10,29.884874268969998
132,id31,130.0,258.0,vial2,10,29.884874268969998
133,id31,129.5,256.5,vial2,10,29.884874268969998
134,id31,128.5,254.5,vial2,10,29.884874268969998
135,id31,127.5,252.5,vial2,10,29.884874268969998
136,id31,126.5,250.0,vial2,10,29.884874268969998
137,id31,126.5,248.0,vial2,10,29.884874268969998
138,id31,125.5,245.5,vial2,10,29.884874268969998
139,id31,124.5,244.5,vial2,10,29.884874268969998
140,id31,123.5,242.0,vial2,10,29.884874268969998
141,id31,123.5,240.0,vial2,10,29.884874268969998
142,id31,123.0,238.0,vial2,10,29.884874268969998
143,id31,123.0,236.0,vial2,10,29.884874268969998
144,id31,123.0,234.0,vial2,10,29.884874268969998
145,id31,122.5,232.5,vial2,10,29.884874268969998
146,id31,122.5,229.5,vial2,10,29.884874268969998
147,id31,122.5,228.0,vial2,10,29.884874268969998
148,id31,123.0,226.5,vial2,10,29.884874268969998
149,id31,123.5,225.5,vial2,10,29.884874268969998
150,id31,124.5,224.0,vial2,10,29.884874268969998
151,id31,124.5,223.0,vial2,10,29.884874268969998
152,id31,125.5,222.0,vial2,10,29.884874268969998
153,id31,127.0,220.0,vial2,10,29.884874268969998
154,id31,128.0,218.0,vial2,10,29.884874268969998
155,id31,128.0,216.0,vial2,10,29.884874268969998
156,id31,128.5,214.0,vial2,10,29.884874268969998
157,id31,128.5,212.0,vial2,10,29.884874268969998
158,id31,128.5,211.0,vial2,10,29.884874268969998
159,id31,128.5,210.0,vial2,10,29.884874268969998
160,id31,129.5,209.5,vial2,10,29.884874268969998
161,id31,155.0,191.5,vial2,10,29.884874268969998
162,id31,178.5,168.5,vial2,10,29.884874268969998
163,id31,179.0,167.5,vial2,10,29.884874268969998
164,id31,178.5,166.5,vial2,10,29.884874268969998
165,id31,178.5,166.5,vial2,10,29.884874268969998
166,id31,178.0,165.0,vial2,10,29.884874268969998
167,id31,177.0,163.0,vial2,10,29.884874268969998
168,id31,176.0,161.5,vial2,10,29.884874268969998
169,id31,176.0,160.0,vial2,10,29.884874268969998
170,id31,174.5,159.0,vial2,10,29.884874268969998
171,id31,173.0,157.5,vial2,10,29.884874268969998
172,id31,170.5,157.0,vial2,10,29.884874268969998
173,id31,168.0,156.5,vial2,10,29.884874268969998
174,id31,165.5,156.5,vial2,10,29.884874268969998
175,id31,163.5,156.0,vial2,10,29.884874268969998
176,id31,161.5,156.0,vial2,10,29.884874268969998
177,id31,158.5,156.0,vial2,10,29.884874268969998
178,id31,156.0,156.0,vial2,10,29.884874268969998
179,id31,153.5,155.5,vial2,10,29.884874268969998
180,id31,151.0,155.0,vial2,10,29.884874268969998
181,id31,149.5,155.0,vial2,10,29.884874268969998
182,id31,147.5,154.5,vial2,10,29.884874268969998
183,id31,145.5,154.0,vial2,10,29.884874268969998
184,id31,143.0,153.0,vial2,10,29.884874268969998
185,id31,141.0,153.0,vial2,10,29.884874268969998
186,id31,138.5,151.5,vial2,10,29.884874268969998
187,id31,137.5,150.5,vial2,10,29.884874268969998
188,id31,137.0,150.5,vial2,10,29.884874268969998
189,id31,135.5,149.0,vial2,10,29.884874268969998
190,id31,134.5,148.0,vial2,10,29.884874268969998
191,id31,134.0,147.0,vial2,10,29.884874268969998
192,id31,133.0,145.5,vial2,10,29.884874268969998
193,id31,132.0,144.0,vial2,10,29.884874268969998
194,id31,130.5,142.0,vial2,10,29.884874268969998
195,id31,129.5,140.5,vial2,10,29.884874268969998
196,id31,129.0,138.5,vial2,10,29.884874268969998
197,id31,128.5,137.0,vial2,10,29.884874268969998
198,id31,128.5,136.5,vial2,10,29.884874268969998
199,id31,134.0,131.0,vial2,10,29.884874268969998
200,id31,138.0,127.5,vial2,10,29.884874268969998
3,id32,275.5,284.5,vial3,17,29.884874268969998
4,id32,277.5,292.0,vial3,17,29.884874268969998
5,id32,276.0,291.5,vial3,17,29.884874268969998
6,id32,277.5,290.5,vial3,17,29.884874268969998
7,id32,278.0,288.0,vial3,17,29.884874268969998
8,id32,278.5,286.0,vial3,17,29.884874268969998
9,id32,279.5,283.5,vial3,17,29.884874268969998
10,id32,280.0,281.0,vial3,17,29.884874268969998
11,id32,278.5,277.0,vial3,17,29.884874268969998
12,id32,277.5,274.0,vial3,17,29.884874268969998
13,id32,277.5,270.0,vial3,17,29.884874268969998
14,id32,275.5,267.0,vial3,17,29.884874268969998
15,id32,274.5,265.0,vial3,17,29.884874268969998
16,id32,277.5,264.0,vial3,17,29.884874268969998
17,id32,278.0,264.0,vial3,17,29.884874268969998
18,id32,279.5,262.0,vial3,17,29.884874268969998
19,id32,280.0,262.5,vial3,17,29.884874268969998
20,id32,280.0,261.5,vial3,17,29.884874268969998
21,id32,281.0,260.5,vial3,17,29.884874268969998
22,id32,282.0,259.0,vial3,17,29.884874268969998
23,id32,282.5,257.5,vial3,17,29.884874268969998
24,id32,283.5,255.5,vial3,17,29.884874268969998
25,id32,284.5,252.5,vial3,17,29.884874268969998
26,id32,285.5,250.0,vial3,17,29.884874268969998
27,id32,286.5,248.0,vial3,17,29.884874268969998
28,id32,287.0,245.0,vial3,17,29.884874268969998
29,id32,288.0,242.0,vial3,17,29.884874268969998
30,id32,288.0,239.5,vial3,17,29.884874268969998
31,id32,288.0,236.0,vial3,17,29.884874268969998
32,id32,288.5,234.5,vial3,17,29.884874268969998
33,id32,289.0,231.5,vial3,17,29.884874268969998
34,id32,289.0,229.5,vial3,17,29.884874268969998
35,id32,289.0,227.0,vial3,17,29.884874268969998
36,id32,290.0,224.5,vial3,17,29.884874268969998
37,id32,290.0,222.0,vial3,17,29.884874268969998
38,id32,290.0,219.0,vial3,17,29.884874268969998
39,id32,290.0,216.5,vial3,17,29.884874268969998
40,id32,291.0,214.5,vial3,17,29.884874268969998
41,id32,291.0,212.5,vial3,17,29.884874268969998
42,id32,290.5,209.5,vial3,17,29.884874268969998
43,id32,290.5,207.5,vial3,17,29.884874268969998
44,id32,290.0,205.0,vial3,17,29.884874268969998
45,id32,289.5,202.5,vial3,17,29.884874268969998
46,id32,288.5,200.5,vial3,17,29.884874268969998
47,id32,288.5,198.0,vial3,17,29.884874268969998
48,id32,287.5,196.0,vial3,17,29.884874268969998
49,id32,286.5,194.0,vial3,17,29.884874268969998
50,id32,285.5,191.5,vial3,17,29.884874268969998
51,id32,286.0,190.0,vial3,17,29.884874268969998
52,id32,286.0,187.5,vial3,17,29.884874268969998
53,id32,285.5,186.0,vial3,17,29.884874268969998
54,id32,285.5,184.0,vial3,17,29.884874268969998
55,id32,284.0,182.5,vial3,17,29.884874268969998
56,id32,282.5,181.5,vial3,17,29.884874268969998
57,id32,280.5,180.0,vial3,17,29.884874268969998
58,id32,278.5,179.0,vial3,17,29.884874268969998
59,id32,277.0,178.0,vial3,17,29.884874268969998
60,id32,275.5,177.5,vial3,17,29.884874268969998
61,id32,273.5,176.5,vial3,17,29.884874268969998
62,id32,272.5,175.5,vial3,17,29.884874268969998
63,id32,270.5,175.0,vial3,17,29.884874268969998
64,id32,269.5,174.5,vial3,17,29.884874268969998
65,id32,268.5,173.5,vial3,17,29.884874268969998
66,id32,266.5,173.5,vial3,17,29.884874268969998
67,id32,265.0,172.5,vial3,17,29.884874268969998
68,id32,263.5,171.5,vial3,17,29.884874268969998
69,id32,261.5,170.5,vial3,17,29.884874268969998
70,id32,260.5,169.5,vial3,17,29.884874268969998
71,id32,259.0,168.5,vial3,17,29.884874268969998
72,id32,258.5,168.0,vial3,17,29.884874268969998
73,id32,257.5,167.5,vial3,17,29.884874268969998
74,id32,256.5,167.0,vial3,17,29.884874268969998
75,id32,257.0,166.5,vial3,17,29.884874268969998
76,id32,257.0,165.5,vial3,17,29.884874268969998
77,id32,260.0,151.5,vial3,17,29.884874268969998
78,id32,251.0,136.5,vial3,17,29.884874268969998
79,id32,254.5,139.0,vial3,17,29.884874268969998
80,id32,263.5,130.5,vial3,17,29.884874268969998
81,id32,271.5,112.0,vial3,17,29.884874268969998
82,id32,252.0,90.5,vial3,17,29.884874268969998
83,id32,246.5,86.5,vial3,17,29.884874268969998
84,id32,246.5,86.0,vial3,17,29.884874268969998
85,id32,246.5,85.5,vial3,17,29.884874268969998
86,id32,247.0,84.0,vial3,17,29.884874268969998
87,id32,247.5,83.0,vial3,17,29.884874268969998
88,id32,247.5,82.0,vial3,17,29.884874268969998
89,id32,247.5,81.0,vial3,17,29.884874268969998
90,id32,247.5,80.0,vial3,17,29.884874268969998
91,id32,247.5,78.0,vial3,17,29.884874268969998
92,id32,248.0,77.5,vial3,17,29.884874268969998
93,id32,249.5,75.5,vial3,17,29.884874268969998
94,id32,248.5,73.5,vial3,17,29.884874268969998
95,id32,247.5,72.0,vial3,17,29.884874268969998
96,id32,247.0,70.5,vial3,17,29.884874268969998
97,id32,244.5,67.5,vial3,17,29.884874268969998
98,id32,244.5,64.5,vial3,17,29.884874268969998
99,id32,244.0,61.0,vial3,17,29.884874268969998
100,id32,243.5,58.5,vial3,17,29.884874268969998
101,id32,243.5,56.0,vial3,17,29.884874268969998
102,id32,243.5,54.0,vial3,17,29.884874268969998
103,id32,244.0,52.0,vial3,17,29.884874268969998
104,id32,244.0,49.5,vial3,17,29.884874268969998
105,id32,243.5,48.5,vial3,17,29.884874268969998
106,id32,244.0,48.5,vial3,17,29.884874268969998
107,id32,244.0,48.5,vial3,17,29.884874268969998
108,id32,244.0,48.5,vial3,17,29.884874268969998
109,id32,244.0,48.5,vial3,17,29.884874268969998
110,id32,244.0,48.5,vial3,17,29.884874268969998
111,id32,244.0,48.0,vial3,17,29.884874268969998
112,id32,243.5,47.0,vial3,17,29.884874268969998
113,id32,243.5,45.5,vial3,17,29.884874268969998
114,id32,244.0,44.0,vial3,17,29.884874268969998
115,id32,243.5,42.0,vial3,17,29.884874268969998
116,id32,243.5,40.0,vial3,17,29.884874268969998
117,id32,243.5,37.5,vial3,17,29.884874268969998
118,id32,244.0,36.0,vial3,17,29.884874268969998
119,id32,243.5,33.5,vial3,17,29.884874268969998
120,id32,243.5,30.5,vial3,17,29.884874268969998
121,id32,243.5,27.5,vial3,17,29.884874268969998
122,id32,243.5,24.5,vial3,17,29.884874268969998
123,id32,243.5,21.0,vial3,17,29.884874268969998
124,id32,243.5,17.0,vial3,17,29.884874268969998
125,id32,244.0,12.5,vial3,17,29.884874268969998
126,id32,244.5,9.0,vial3,17,29.884874268969998
127,id32,244.5,5.5,vial3,17,29.884874268969998
5,id33,24.5,331.5,vial1,4,29.884874268969998
6,id33,27.0,330.5,vial1,4,29.884874268969998
7,id33,27.5,331.0,vial1,4,29.884874268969998
8,id33,27.0,330.5,vial1,4,29.884874268969998
9,id33,28.5,329.5,vial1,4,29.884874268969998
10,id33,29.5,330.5,vial1,4,29.884874268969998
11,id33,30.5,329.5,vial1,4,29.884874268969998
12,id33,32.0,328.5,vial1,4,29.884874268969998
13,id33,32.5,326.0,vial1,4,29.884874268969998
14,id33,32.0,323.5,vial1,4,29.884874268969998
15,id33,32.5,319.5,vial1,4,29.884874268969998
16,id33,31.5,315.5,vial1,4,29.884874268969998
17,id33,30.0,311.5,vial1,4,29.884874268969998
18,id33,29.5,307.0,vial1,4,29.884874268969998
19,id33,28.5,303.0,vial1,4,29.884874268969998
20,id33,28.0,298.0,vial1,4,29.884874268969998
21,id33,28.0,293.5,vial1,4,29.884874268969998
22,id33,29.0,288.5,vial1,4,29.884874268969998
23,id33,29.5,284.5,vial1,4,29.884874268969998
24,id33,32.0,281.0,vial1,4,29.884874268969998
25,id33,34.5,278.0,vial1,4,29.884874268969998
26,id33,35.5,275.0,vial1,4,29.884874268969998
27,id33,36.0,272.0,vial1,4,29.884874268969998
28,id33,35.0,270.0,vial1,4,29.884874268969998
29,id33,35.0,267.0,vial1,4,29.884874268969998
30,id33,35.5,266.0,vial1,4,29.884874268969998
31,id33,38.0,264.5,vial1,4,29.884874268969998
32,id33,39.0,263.0,vial1,4,29.884874268969998
33,id33,40.5,260.5,vial1,4,29.884874268969998
34,id33,40.0,258.0,vial1,4,29.884874268969998
35,id33,39.0,254.5,vial1,4,29.884874268969998
36,id33,38.5,251.0,vial1,4,29.884874268969998
37,id33,38.5,247.5,vial1,4,29.884874268969998
38,id33,38.0,243.5,vial1,4,29.884874268969998
39,id33,38.0,239.5,vial1,4,29.884874268969998
40,id33,39.0,235.5,vial1,4,29.884874268969998
41,id33,39.0,233.5,vial1,4,29.884874268969998
42,id33,39.0,230.5,vial1,4,29.884874268969998
43,id33,39.5,228.0,vial1,4,29.884874268969998
44,id33,41.5,225.0,vial1,4,29.884874268969998
45,id33,42.5,222.0,vial1,4,29.884874268969998
46,id33,43.5,219.0,vial1,4,29.884874268969998
47,id33,44.5,216.5,vial1,4,29.884874268969998
48,id33,45.5,213.0,vial1,4,29.884874268969998
49,id33,46.5,210.0,vial1,4,29.884874268969998
50,id33,47.5,207.0,vial1,4,29.884874268969998
51,id33,48.5,205.0,vial1,4,29.884874268969998
52,id33,49.5,202.0,vial1,4,29.884874268969998
53,id33,50.5,199.5,vial1,4,29.884874268969998
54,id33,51.0,196.0,vial1,4,29.884874268969998
55,id33,51.0,192.5,vial1,4,29.884874268969998
56,id33,50.5,189.0,vial1,4,29.884874268969998
57,id33,51.0,185.5,vial1,4,29.884874268969998
58,id33,51.0,182.5,vial1,4,29.884874268969998
59,id33,52.0,180.5,vial1,4,29.884874268969998
60,id33,54.0,178.5,vial1,4,29.884874268969998
61,id33,56.0,177.5,vial1,4,29.884874268969998
62,id33,58.0,175.5,vial1,4,29.884874268969998
63,id33,60.0,175.0,vial1,4,29.884874268969998
64,id33,62.0,174.5,vial1,4,29.884874268969998
65,id33,64.5,175.0,vial1,4,29.884874268969998
66,id33,66.0,175.5,vial1,4,29.884874268969998
67,id33,67.0,176.0,vial1,4,29.884874268969998
68,id33,68.0,176.0,vial1,4,29.884874268969998
69,id33,69.0,175.5,vial1,4,29.884874268969998
70,id33,69.5,175.5,vial1,4,29.884874268969998
71,id33,70.5,175.5,vial1,4,29.884874268969998
72,id33,71.0,174.5,vial1,4,29.884874268969998
73,id33,71.5,174.5,vial1,4,29.884874268969998
74,id33,71.5,173.5,vial1,4,29.884874268969998
75,id33,71.5,173.0,vial1,4,29.884874268969998
76,id33,71.0,170.5,vial1,4,29.884874268969998
77,id33,70.0,169.5,vial1,4,29.884874268969998
78,id33,69.5,168.0,vial1,4,29.884874268969998
79,id33,69.5,167.0,vial1,4,29.884874268969998
80,id33,68.0,166.5,vial1,4,29.884874268969998
81,id33,67.5,164.0,vial1,4,29.884874268969998
82,id33,66.0,162.0,vial1,4,29.884874268969998
83,id33,67.5,157.5,vial1,4,29.884874268969998
84,id33,67.0,153.5,vial1,4,29.884874268969998
85,id33,68.0,150.0,vial1,4,29.884874268969998
86,id33,67.0,146.0,vial1,4,29.884874268969998
87,id33,67.0,142.5,vial1,4,29.884874268969998
88,id33,67.0,139.0,vial1,4,29.884874268969998
89,id33,67.0,135.0,vial1,4,29.884874268969998
90,id33,66.0,132.0,vial1,4,29.884874268969998
91,id33,66.0,128.5,vial1,4,29.884874268969998
92,id33,65.0,125.0,vial1,4,29.884874268969998
93,id33,65.0,121.5,vial1,4,29.884874268969998
94,id33,64.0,119.0,vial1,4,29.884874268969998
95,id33,63.5,116.0,vial1,4,29.884874268969998
96,id33,63.0,113.5,vial1,4,29.884874268969998
97,id33,62.0,110.0,vial1,4,29.884874268969998
98,id33,61.5,107.5,vial1,4,29.884874268969998
99,id33,61.0,104.0,vial1,4,29.884874268969998
100,id33,60.0,101.0,vial1,4,29.884874268969998
101,id33,59.0,99.0,vial1,4,29.884874268969998
102,id33,58.0,96.0,vial1,4,29.884874268969998
103,id33,57.5,93.0,vial1,4,29.884874268969998
104,id33,56.5,89.5,vial1,4,29.884874268969998
105,id33,55.5,87.0,vial1,4,29.884874268969998
106,id33,54.0,83.5,vial1,4,29.884874268969998
107,id33,52.5,80.0,vial1,4,29.884874268969998
108,id33,51.0,77.0,vial1,4,29.884874268969998
109,id33,49.5,74.0,vial1,4,29.884874268969998
110,id33,48.5,71.0,vial1,4,29.884874268969998
111,id33,47.5,68.0,vial1,4,29.884874268969998
112,id33,46.5,65.0,vial1,4,29.884874268969998
113,id33,46.0,62.0,vial1,4,29.884874268969998
114,id33,46.0,58.0,vial1,4,29.884874268969998
115,id33,46.0,55.5,vial1,4,29.884874268969998
116,id33,47.0,52.5,vial1,4,29.884874268969998
117,id33,47.0,50.0,vial1,4,29.884874268969998
118,id33,47.5,47.0,vial1,4,29.884874268969998
119,id33,48.5,44.0,vial1,4,29.884874268969998
120,id33,50.5,41.0,vial1,4,29.884874268969998
121,id33,52.0,38.0,vial1,4,29.884874268969998
122,id33,53.5,35.5,vial1,4,29.884874268969998
123,id33,55.0,32.5,vial1,4,29.884874268969998
124,id33,56.5,29.5,vial1,4,29.884874268969998
125,id33,57.5,26.5,vial1,4,29.884874268969998
126,id33,59.0,24.0,vial1,4,29.884874268969998
127,id33,60.0,21.5,vial1,4,29.884874268969998
128,id33,61.5,18.5,vial1,4,29.884874268969998
129,id33,62.0,15.0,vial1,4,29.884874268969998
130,id33,63.0,12.0,vial1,4,29.884874268969998
131,id33,63.5,9.0,vial1,4,29.884874268969998
132,id33,64.0,6.5,vial1,4,29.884874268969998
133,id33,63.5,5.0,vial1,4,29.884874268969998
144,id33,69.5,2.5,vial1,4,29.884874268969998
7,id34,527.5,333.5,vial5,35,29.884874268969998
8,id34,527.0,333.5,vial5,35,29.884874268969998
9,id34,535.5,314.0,vial5,35,29.884874268969998
10,id34,544.0,288.0,vial5,35,29.884874268969998
11,id34,543.5,288.0,vial5,35,29.884874268969998
12,id34,543.5,287.0,vial5,35,29.884874268969998
13,id34,544.0,286.0,vial5,35,29.884874268969998
14,id34,543.5,285.0,vial5,35,29.884874268969998
15,id34,544.0,285.0,vial5,35,29.884874268969998
16,id34,544.0,284.0,vial5,35,29.884874268969998
17,id34,544.5,282.5,vial5,35,29.884874268969998
18,id34,544.0,280.0,vial5,35,29.884874268969998
19,id34,544.0,277.0,vial5,35,29.884874268969998
20,id34,543.5,274.5,vial5,35,29.884874268969998
21,id34,543.5,272.0,vial5,35,29.884874268969998
22,id34,543.0,269.5,vial5,35,29.884874268969998
23,id34,542.5,267.0,vial5,35,29.884874268969998
24,id34,542.0,264.5,vial5,35,29.884874268969998
25,id34,540.5,262.5,vial5,35,29.884874268969998
26,id34,539.5,260.5,vial5,35,29.884874268969998
27,id34,538.5,258.5,vial5,35,29.884874268969998
28,id34,537.5,256.5,vial5,35,29.884874268969998
29,id34,536.5,255.0,vial5,35,29.884874268969998
30,id34,537.5,254.0,vial5,35,29.884874268969998
31,id34,538.0,252.0,vial5,35,29.884874268969998
32,id34,538.0,249.5,vial5,35,29.884874268969998
33,id34,538.5,247.0,vial5,35,29.884874268969998
34,id34,539.0,244.0,vial5,35,29.884874268969998
35,id34,538.5,241.0,vial5,35,29.884874268969998
36,id34,539.5,239.0,vial5,35,29.884874268969998
37,id34,540.5,237.0,vial5,35,29.884874268969998
38,id34,541.5,234.0,vial5,35,29.884874268969998
39,id34,542.5,232.5,vial5,35,29.884874268969998
40,id34,543.5,230.5,vial5,35,29.884874268969998
41,id34,544.5,229.0,vial5,35,29.884874268969998
42,id34,544.5,228.0,vial5,35,29.884874268969998
43,id34,545.5,228.0,vial5,35,29.884874268969998
44,id34,545.5,228.0,vial5,35,29.884874268969998
45,id34,545.5,227.0,vial5,35,29.884874268969998
46,id34,545.0,227.5,vial5,35,29.884874268969998
47,id34,545.5,227.0,vial5,35,29.884874268969998
48,id34,545.5,227.0,vial5,35,29.884874268969998
49,id34,545.5,227.0,vial5,35,29.884874268969998
50,id34,545.5,227.0,vial5,35,29.884874268969998
51,id34,545.5,227.0,vial5,35,29.884874268969998
52,id34,545.5,227.0,vial5,35,29.884874268969998
53,id34,545.5,227.0,vial5,35,29.884874268969998
54,id34,545.5,227.0,vial5,35,29.884874268969998
55,id34,545.5,227.0,vial5,35,29.884874268969998
56,id34,545.5,227.0,vial5,35,29.884874268969998
57,id34,545.5,227.0,vial5,35,29.884874268969998
58,id34,545.5,227.0,vial5,35,29.884874268969998
59,id34,545.5,227.0,vial5,35,29.884874268969998
60,id34,546.5,226.0,vial5,35,29.884874268969998
61,id34,547.0,225.5,vial5,35,29.884874268969998
62,id34,547.5,225.5,vial5,35,29.884874268969998
63,id34,547.5,225.5,vial5,35,29.884874268969998
64,id34,547.5,225.5,vial5,35,29.884874268969998
65,id34,547.5,225.5,vial5,35,29.884874268969998
66,id34,547.0,225.5,vial5,35,29.884874268969998
67,id34,546.5,225.5,vial5,35,29.884874268969998
68,id34,545.5,225.5,vial5,35,29.884874268969998
69,id34,544.0,225.5,vial5,35,29.884874268969998
70,id34,543.0,225.0,vial5,35,29.884874268969998
71,id34,541.5,225.0,vial5,35,29.884874268969998
72,id34,540.5,225.0,vial5,35,29.884874268969998
73,id34,539.5,225.0,vial5,35,29.884874268969998
74,id34,539.5,225.0,vial5,35,29.884874268969998
75,id34,538.5,225.5,vial5,35,29.884874268969998
76,id34,537.5,225.5,vial5,35,29.884874268969998
77,id34,537.5,225.0,vial5,35,29.884874268969998
78,id34,537.0,225.0,vial5,35,29.884874268969998
79,id34,535.5,225.0,vial5,35,29.884874268969998
80,id34,534.0,225.0,vial5,35,29.884874268969998
81,id34,532.0,225.0,vial5,35,29.884874268969998
82,id34,530.0,224.0,vial5,35,29.884874268969998
83,id34,528.0,224.5,vial5,35,29.884874268969998
84,id34,526.0,224.0,vial5,35,29.884874268969998
85,id34,524.0,224.0,vial5,35,29.884874268969998
86,id34,521.5,224.0,vial5,35,29.884874268969998
87,id34,520.0,224.0,vial5,35,29.884874268969998
88,id34,518.5,224.0,vial5,35,29.884874268969998
89,id34,517.0,224.0,vial5,35,29.884874268969998
90,id34,516.5,224.0,vial5,35,29.884874268969998
91,id34,516.0,224.0,vial5,35,29.884874268969998
92,id34,515.5,224.0,vial5,35,29.884874268969998
93,id34,515.5,224.0,vial5,35,29.884874268969998
94,id34,515.0,224.0,vial5,35,29.884874268969998
95,id34,515.5,223.5,vial5,35,29.884874268969998
96,id34,508.5,223.0,vial5,35,29.884874268969998
97,id34,484.5,219.5,vial5,35,29.884874268969998
98,id34,489.0,234.5,vial5,35,29.884874268969998
99,id34,489.0,249.0,vial5,35,29.884874268969998
100,id34,488.0,250.0,vial5,35,29.884874268969998
101,id34,487.0,250.0,vial5,35,29.884874268969998
102,id34,487.0,250.0,vial5,35,29.884874268969998
103,id34,487.5,249.5,vial5,35,29.884874268969998
104,id34,487.5,249.0,vial5,35,29.884874268969998
105,id34,487.5,249.0,vial5,35,29.884874268969998
106,id34,487.5,248.0,vial5,35,29.884874268969998
107,id34,488.0,247.0,vial5,35,29.884874268969998
108,id34,488.0,245.5,vial5,35,29.884874268969998
109,id34,488.5,244.0,vial5,35,29.884874268969998
110,id34,489.5,243.0,vial5,35,29.884874268969998
111,id34,489.5,241.5,vial5,35,29.884874268969998
112,id34,490.0,240.5,vial5,35,29.884874268969998
113,id34,491.0,239.0,vial5,35,29.884874268969998
114,id34,492.0,238.0,vial5,35,29.884874268969998
115,id34,493.5,237.5,vial5,35,29.884874268969998
116,id34,495.5,236.5,vial5,35,29.884874268969998
117,id34,497.5,236.0,vial5,35,29.884874268969998
118,id34,499.5,235.0,vial5,35,29.884874268969998
119,id34,501.0,234.5,vial5,35,29.884874268969998
120,id34,502.5,235.0,vial5,35,29.884874268969998
121,id34,504.5,235.5,vial5,35,29.884874268969998
122,id34,506.5,236.5,vial5,35,29.884874268969998
123,id34,508.0,238.5,vial5,35,29.884874268969998
124,id34,510.0,240.5,vial5,35,29.884874268969998
125,id34,512.0,242.5,vial5,35,29.884874268969998
126,id34,513.0,244.5,vial5,35,29.884874268969998
127,id34,514.0,245.5,vial5,35,29.884874268969998
128,id34,516.0,248.5,vial5,35,29.884874268969998
129,id34,517.0,250.5,vial5,35,29.884874268969998
130,id34,518.0,252.5,vial5,35,29.884874268969998
131,id34,519.0,255.0,vial5,35,29.884874268969998
132,id34,520.0,258.0,vial5,35,29.884874268969998
133,id34,521.0,260.0,vial5,35,29.884874268969998
134,id34,522.0,262.0,vial5,35,29.884874268969998
135,id34,523.0,264.0,vial5,35,29.884874268969998
136,id34,524.0,265.0,vial5,35,29.884874268969998
137,id34,525.0,267.0,vial5,35,29.884874268969998
138,id34,525.5,269.0,vial5,35,29.884874268969998
139,id34,526.5,271.0,vial5,35,29.884874268969998
140,id34,528.0,273.0,vial5,35,29.884874268969998
141,id34,529.0,274.5,vial5,35,29.884874268969998
142,id34,530.0,276.5,vial5,35,29.884874268969998
143,id34,530.5,278.0,vial5,35,29.884874268969998
144,id34,531.5,279.5,vial5,35,29.884874268969998
145,id34,532.5,281.5,vial5,35,29.884874268969998
146,id34,533.5,282.5,vial5,35,29.884874268969998
147,id34,534.5,283.5,vial5,35,29.884874268969998
148,id34,536.0,284.5,vial5,35,29.884874268969998
149,id34,537.0,285.5,vial5,35,29.884874268969998
150,id34,538.5,287.0,vial5,35,29.884874268969998
151,id34,539.5,288.0,vial5,35,29.884874268969998
152,id34,541.0,289.5,vial5,35,29.884874268969998
153,id34,542.0,290.5,vial5,35,29.884874268969998
154,id34,543.5,291.0,vial5,35,29.884874268969998
155,id34,544.0,291.5,vial5,35,29.884874268969998
156,id34,545.5,292.5,vial5,35,29.884874268969998
157,id34,546.0,293.5,vial5,35,29.884874268969998
158,id34,546.5,294.5,vial5,35,29.884874268969998
159,id34,547.0,295.5,vial5,35,29.884874268969998
160,id34,547.0,296.5,vial5,35,29.884874268969998
161,id34,547.0,296.5,vial5,35,29.884874268969998
162,id34,547.0,297.0,vial5,35,29.884874268969998
163,id34,547.0,297.5,vial5,35,29.884874268969998
164,id34,546.5,296.5,vial5,35,29.884874268969998
165,id34,546.0,296.0,vial5,35,29.884874268969998
166,id34,546.0,295.0,vial5,35,29.884874268969998
167,id34,545.0,294.5,vial5,35,29.884874268969998
168,id34,544.5,293.5,vial5,35,29.884874268969998
169,id34,543.0,293.0,vial5,35,29.884874268969998
170,id34,541.5,292.5,vial5,35,29.884874268969998
171,id34,540.5,292.5,vial5,35,29.884874268969998
172,id34,538.5,292.5,vial5,35,29.884874268969998
173,id34,537.0,292.0,vial5,35,29.884874268969998
174,id34,536.0,291.5,vial5,35,29.884874268969998
175,id34,535.0,291.0,vial5,35,29.884874268969998
176,id34,533.0,290.0,vial5,35,29.884874268969998
177,id34,532.0,289.0,vial5,35,29.884874268969998
178,id34,531.0,288.0,vial5,35,29.884874268969998
179,id34,529.5,287.0,vial5,35,29.884874268969998
180,id34,529.0,287.0,vial5,35,29.884874268969998
181,id34,529.0,286.0,vial5,35,29.884874268969998
182,id34,529.0,286.0,vial5,35,29.884874268969998
183,id34,529.0,286.0,vial5,35,29.884874268969998
184,id34,529.5,286.0,vial5,35,29.884874268969998
185,id34,529.0,286.0,vial5,35,29.884874268969998
186,id34,529.5,286.0,vial5,35,29.884874268969998
187,id34,529.5,286.0,vial5,35,29.884874268969998
188,id34,529.5,286.0,vial5,35,29.884874268969998
189,id34,529.5,286.0,vial5,35,29.884874268969998
190,id34,529.5,286.0,vial5,35,29.884874268969998
191,id34,529.5,286.5,vial5,35,29.884874268969998
192,id34,529.5,286.5,vial5,35,29.884874268969998
193,id34,530.0,286.5,vial5,35,29.884874268969998
194,id34,530.0,286.5,vial5,35,29.884874268969998
195,id34,529.5,286.5,vial5,35,29.884874268969998
196,id34,529.5,286.5,vial5,35,29.884874268969998
197,id34,529.5,286.5,vial5,35,29.884874268969998
198,id34,529.5,286.5,vial5,35,29.884874268969998
199,id34,530.0,286.5,vial5,35,29.884874268969998
200,id34,530.0,286.5,vial5,35,29.884874268969998
201,id34,529.5,286.5,vial5,35,29.884874268969998
202,id34,529.5,286.5,vial5,35,29.884874268969998
203,id34,529.5,286.5,vial5,35,29.884874268969998
204,id34,529.5,286.5,vial5,35,29.884874268969998
205,id34,529.5,286.5,vial5,35,29.884874268969998
206,id34,529.5,286.5,vial5,35,29.884874268969998
207,id34,529.5,286.5,vial5,35,29.884874268969998
208,id34,529.5,286.5,vial5,35,29.884874268969998
209,id34,529.5,286.5,vial5,35,29.884874268969998
210,id34,529.5,286.5,vial5,35,29.884874268969998
211,id34,529.5,286.5,vial5,35,29.884874268969998
212,id34,529.5,287.5,vial5,35,29.884874268969998
213,id34,531.5,291.0,vial5,35,29.884874268969998
214,id34,529.0,296.5,vial5,35,29.884874268969998
215,id34,537.5,305.5,vial5,35,29.884874268969998
216,id34,528.0,329.0,vial5,35,29.884874268969998
217,id34,521.5,335.5,vial5,35,29.884874268969998
218,id34,521.5,335.5,vial5,35,29.884874268969998
219,id34,521.5,335.5,vial5,35,29.884874268969998
220,id34,522.0,336.5,vial5,35,29.884874268969998
221,id34,521.5,336.5,vial5,35,29.884874268969998
222,id34,520.5,336.5,vial5,35,29.884874268969998
223,id34,519.5,337.0,vial5,35,29.884874268969998
224,id34,518.5,337.5,vial5,35,29.884874268969998
225,id34,517.0,337.5,vial5,35,29.884874268969998
226,id34,517.0,337.5,vial5,35,29.884874268969998
227,id34,517.0,337.5,vial5,35,29.884874268969998
228,id34,516.5,337.5,vial5,35,29.884874268969998
229,id34,516.5,337.5,vial5,35,29.884874268969998
230,id34,517.0,337.5,vial5,35,29.884874268969998
231,id34,516.5,337.5,vial5,35,29.884874268969998
232,id34,517.0,337.0,vial5,35,29.884874268969998
233,id34,516.0,337.5,vial5,35,29.884874268969998
234,id34,516.0,337.0,vial5,35,29.884874268969998
235,id34,516.5,336.5,vial5,35,29.884874268969998
236,id34,517.5,336.5,vial5,35,29.884874268969998
237,id34,517.5,336.0,vial5,35,29.884874268969998
238,id34,517.5,335.5,vial5,35,29.884874268969998
239,id34,518.5,334.5,vial5,35,29.884874268969998
240,id34,518.5,333.5,vial5,35,29.884874268969998
241,id34,518.5,333.0,vial5,35,29.884874268969998
242,id34,518.5,331.5,vial5,35,29.884874268969998
243,id34,518.5,330.5,vial5,35,29.884874268969998
244,id34,518.0,329.5,vial5,35,29.884874268969998
245,id34,517.5,328.0,vial5,35,29.884874268969998
246,id34,517.5,326.5,vial5,35,29.884874268969998
247,id34,517.0,325.0,vial5,35,29.884874268969998
248,id34,516.0,323.0,vial5,35,29.884874268969998
249,id34,514.5,321.0,vial5,35,29.884874268969998
250,id34,513.5,320.0,vial5,35,29.884874268969998
251,id34,511.5,318.0,vial5,35,29.884874268969998
252,id34,510.0,316.5,vial5,35,29.884874268969998
253,id34,508.0,315.0,vial5,35,29.884874268969998
254,id34,506.0,314.0,vial5,35,29.884874268969998
255,id34,504.0,313.5,vial5,35,29.884874268969998
256,id34,502.0,312.5,vial5,35,29.884874268969998
257,id34,500.0,312.5,vial5,35,29.884874268969998
258,id34,498.0,312.0,vial5,35,29.884874268969998
259,id34,496.0,312.5,vial5,35,29.884874268969998
260,id34,494.0,313.5,vial5,35,29.884874268969998
261,id34,492.5,313.5,vial5,35,29.884874268969998
262,id34,491.0,315.5,vial5,35,29.884874268969998
263,id34,489.5,316.5,vial5,35,29.884874268969998
264,id34,488.0,317.5,vial5,35,29.884874268969998
265,id34,487.0,318.0,vial5,35,29.884874268969998
266,id34,486.5,319.0,vial5,35,29.884874268969998
267,id34,485.5,320.0,vial5,35,29.884874268969998
268,id34,485.0,321.0,vial5,35,29.884874268969998
269,id34,484.5,321.5,vial5,35,29.884874268969998
270,id34,484.0,323.0,vial5,35,29.884874268969998
271,id34,483.5,323.0,vial5,35,29.884874268969998
272,id34,482.5,324.5,vial5,35,29.884874268969998
273,id34,482.5,325.0,vial5,35,29.884874268969998
274,id34,482.5,326.5,vial5,35,29.884874268969998
275,id34,482.5,328.0,vial5,35,29.884874268969998
276,id34,483.5,329.5,vial5,35,29.884874268969998
277,id34,483.5,330.5,vial5,35,29.884874268969998
278,id34,483.5,331.5,vial5,35,29.884874268969998
279,id34,483.5,332.5,vial5,35,29.884874268969998
280,id34,483.5,333.0,vial5,35,29.884874268969998
281,id34,484.0,334.5,vial5,35,29.884874268969998
282,id34,483.5,335.5,vial5,35,29.884874268969998
283,id34,483.5,335.5,vial5,35,29.884874268969998
284,id34,484.0,335.0,vial5,35,29.884874268969998
285,id34,484.5,334.5,vial5,35,29.884874268969998
286,id34,484.5,333.5,vial5,35,29.884874268969998
287,id34,486.0,334.0,vial5,35,29.884874268969998
288,id34,486.5,333.5,vial5,35,29.884874268969998
289,id34,487.0,333.0,vial5,35,29.884874268969998
290,id34,488.0,333.0,vial5,35,29.884874268969998
14,id35,642.5,334.5,vial6,37,29.884874268969998
15,id35,634.0,334.0,vial6,37,29.884874268969998
16,id35,640.0,334.5,vial6,37,29.884874268969998
17,id35,634.5,298.0,vial6,37,29.884874268969998
18,id35,610.5,267.5,vial6,37,29.884874268969998
19,id35,607.0,289.0,vial6,37,29.884874268969998
20,id35,603.0,335.5,vial6,37,29.884874268969998
21,id35,604.0,336.0,vial6,37,29.884874268969998
22,id35,604.0,336.0,vial6,37,29.884874268969998
23,id35,604.0,336.0,vial6,37,29.884874268969998
24,id35,604.0,336.0,vial6,37,29.884874268969998
25,id35,604.0,336.0,vial6,37,29.884874268969998
26,id35,604.0,336.0,vial6,37,29.884874268969998
27,id35,604.0,336.0,vial6,37,29.884874268969998
28,id35,604.0,336.0,vial6,37,29.884874268969998
29,id35,604.0,336.0,vial6,37,29.884874268969998
30,id35,603.5,336.0,vial6,37,29.884874268969998
31,id35,604.0,336.0,vial6,37,29.884874268969998
32,id35,604.0,335.5,vial6,37,29.884874268969998
33,id35,604.0,335.0,vial6,37,29.884874268969998
34,id35,604.0,335.0,vial6,37,29.884874268969998
35,id35,604.0,335.5,vial6,37,29.884874268969998
36,id35,604.0,335.5,vial6,37,29.884874268969998
37,id35,604.0,335.0,vial6,37,29.884874268969998
38,id35,604.0,335.0,vial6,37,29.884874268969998
39,id35,604.0,335.0,vial6,37,29.884874268969998
40,id35,604.0,335.0,vial6,37,29.884874268969998
41,id35,604.0,335.0,vial6,37,29.884874268969998
42,id35,604.5,335.0,vial6,37,29.884874268969998
43,id35,604.5,335.0,vial6,37,29.884874268969998
44,id35,605.5,335.0,vial6,37,29.884874268969998
45,id35,605.5,335.0,vial6,37,29.884874268969998
46,id35,605.5,334.5,vial6,37,29.884874268969998
47,id35,605.5,334.5,vial6,37,29.884874268969998
48,id35,605.5,334.5,vial6,37,29.884874268969998
49,id35,605.5,319.5,vial6,37,29.884874268969998
50,id35,603.0,309.5,vial6,37,29.884874268969998
51,id35,608.5,328.5,vial6,37,29.884874268969998
53,id35,625.5,337.5,vial6,37,29.884874268969998
54,id35,623.5,338.5,vial6,37,29.884874268969998
55,id35,623.5,337.5,vial6,37,29.884874268969998
56,id35,623.0,338.5,vial6,37,29.884874268969998
57,id35,623.5,337.5,vial6,37,29.884874268969998
58,id35,624.5,337.5,vial6,37,29.884874268969998
59,id35,625.0,336.0,vial6,37,29.884874268969998
60,id35,625.5,336.0,vial6,37,29.884874268969998
61,id35,625.5,336.0,vial6,37,29.884874268969998
62,id35,626.0,336.0,vial6,37,29.884874268969998
63,id35,626.0,336.0,vial6,37,29.884874268969998
64,id35,626.5,336.0,vial6,37,29.884874268969998
65,id35,626.5,336.0,vial6,37,29.884874268969998
66,id35,628.5,336.0,vial6,37,29.884874268969998
67,id35,631.5,336.0,vial6,37,29.884874268969998
68,id35,633.5,336.0,vial6,37,29.884874268969998
69,id35,634.0,336.5,vial6,37,29.884874268969998
70,id35,634.0,336.5,vial6,37,29.884874268969998
71,id35,635.0,336.0,vial6,37,29.884874268969998
72,id35,636.5,336.0,vial6,37,29.884874268969998
73,id35,636.5,336.0,vial6,37,29.884874268969998
74,id35,636.5,336.0,vial6,37,29.884874268969998
75,id35,636.0,337.0,vial6,37,29.884874268969998
76,id35,636.0,337.0,vial6,37,29.884874268969998
77,id35,636.0,336.5,vial6,37,29.884874268969998
78,id35,636.0,336.5,vial6,37,29.884874268969998
79,id35,635.5,336.5,vial6,37,29.884874268969998
80,id35,635.0,336.5,vial6,37,29.884874268969998
81,id35,631.5,337.0,vial6,37,29.884874268969998
82,id35,630.5,337.0,vial6,37,29.884874268969998
83,id35,630.0,337.0,vial6,37,29.884874268969998
84,id35,629.5,337.0,vial6,37,29.884874268969998
85,id35,629.5,337.0,vial6,37,29.884874268969998
86,id35,629.5,336.5,vial6,37,29.884874268969998
87,id35,628.5,336.5,vial6,37,29.884874268969998
88,id35,628.0,336.5,vial6,37,29.884874268969998
89,id35,627.0,336.5,vial6,37,29.884874268969998
90,id35,626.0,336.5,vial6,37,29.884874268969998
91,id35,625.0,336.5,vial6,37,29.884874268969998
92,id35,625.0,336.5,vial6,37,29.884874268969998
93,id35,625.0,336.5,vial6,37,29.884874268969998
94,id35,625.0,336.5,vial6,37,29.884874268969998
95,id35,625.5,335.5,vial6,37,29.884874268969998
96,id35,626.0,336.5,vial6,37,29.884874268969998
97,id35,625.0,335.0,vial6,37,29.884874268969998
98,id35,625.5,335.0,vial6,37,29.884874268969998
99,id35,626.5,335.0,vial6,37,29.884874268969998
100,id35,627.0,334.0,vial6,37,29.884874268969998
101,id35,627.0,334.0,vial6,37,29.884874268969998
102,id35,628.0,333.5,vial6,37,29.884874268969998
103,id35,628.5,334.0,vial6,37,29.884874268969998
104,id35,629.5,334.0,vial6,37,29.884874268969998
105,id35,630.0,334.0,vial6,37,29.884874268969998
106,id35,630.0,334.0,vial6,37,29.884874268969998
107,id35,630.0,334.0,vial6,37,29.884874268969998
108,id35,627.0,335.5,vial6,37,29.884874268969998
109,id35,628.5,336.0,vial6,37,29.884874268969998
110,id35,629.0,335.5,vial6,37,29.884874268969998
111,id35,629.5,336.0,vial6,37,29.884874268969998
112,id35,630.0,336.0,vial6,37,29.884874268969998
113,id35,630.0,336.0,vial6,37,29.884874268969998
114,id35,630.5,337.0,vial6,37,29.884874268969998
115,id35,630.0,336.0,vial6,37,29.884874268969998
116,id35,632.5,336.5,vial6,37,29.884874268969998
117,id35,634.0,336.5,vial6,37,29.884874268969998
118,id35,634.5,336.5,vial6,37,29.884874268969998
119,id35,634.0,336.0,vial6,37,29.884874268969998
120,id35,634.5,336.5,vial6,37,29.884874268969998
121,id35,634.0,336.5,vial6,37,29.884874268969998
122,id35,634.0,336.0,vial6,37,29.884874268969998
123,id35,635.0,336.0,vial6,37,29.884874268969998
124,id35,635.5,336.0,vial6,37,29.884874268969998
125,id35,636.5,336.0,vial6,37,29.884874268969998
126,id35,637.5,336.0,vial6,37,29.884874268969998
127,id35,638.0,336.0,vial6,37,29.884874268969998
128,id35,638.5,336.0,vial6,37,29.884874268969998
129,id35,639.5,335.5,vial6,37,29.884874268969998
130,id35,640.0,335.5,vial6,37,29.884874268969998
131,id35,640.5,335.5,vial6,37,29.884874268969998
132,id35,640.5,335.5,vial6,37,29.884874268969998
133,id35,640.5,335.5,vial6,37,29.884874268969998
134,id35,640.5,335.0,vial6,37,29.884874268969998
135,id35,641.0,335.0,vial6,37,29.884874268969998
136,id35,641.0,335.0,vial6,37,29.884874268969998
137,id35,641.5,335.0,vial6,37,29.884874268969998
138,id35,641.5,335.5,vial6,37,29.884874268969998
139,id35,641.5,335.5,vial6,37,29.884874268969998
140,id35,641.5,335.5,vial6,37,29.884874268969998
141,id35,643.5,336.0,vial6,37,29.884874268969998
142,id35,645.5,336.0,vial6,37,29.884874268969998
143,id35,647.5,335.5,vial6,37,29.884874268969998
144,id35,648.5,336.0,vial6,37,29.884874268969998
145,id35,649.5,336.0,vial6,37,29.884874268969998
146,id35,651.5,336.0,vial6,37,29.884874268969998
147,id35,655.0,335.5,vial6,37,29.884874268969998
148,id35,657.5,335.0,vial6,37,29.884874268969998
149,id35,659.5,335.0,vial6,37,29.884874268969998
150,id35,662.0,335.0,vial6,37,29.884874268969998
151,id35,663.5,336.0,vial6,37,29.884874268969998
152,id35,663.5,336.0,vial6,37,29.884874268969998
153,id35,663.0,336.0,vial6,37,29.884874268969998
154,id35,663.0,335.0,vial6,37,29.884874268969998
155,id35,662.5,335.0,vial6,37,29.884874268969998
156,id35,662.0,335.0,vial6,37,29.884874268969998
157,id35,662.0,335.0,vial6,37,29.884874268969998
158,id35,661.5,335.0,vial6,37,29.884874268969998
159,id35,661.5,335.0,vial6,37,29.884874268969998
160,id35,664.0,315.5,vial6,37,29.884874268969998
161,id35,663.0,302.0,vial6,37,29.884874268969998
162,id35,656.0,308.0,vial6,37,29.884874268969998
163,id35,638.0,306.0,vial6,37,29.884874268969998
164,id35,620.0,300.0,vial6,37,29.884874268969998
165,id35,619.5,300.0,vial6,37,29.884874268969998
166,id35,619.0,299.5,vial6,37,29.884874268969998
167,id35,618.5,298.5,vial6,37,29.884874268969998
168,id35,618.0,297.0,vial6,37,29.884874268969998
169,id35,617.0,294.5,vial6,37,29.884874268969998
170,id35,616.0,293.0,vial6,37,29.884874268969998
171,id35,615.5,290.5,vial6,37,29.884874268969998
172,id35,613.5,288.5,vial6,37,29.884874268969998
173,id35,612.5,286.0,vial6,37,29.884874268969998
174,id35,611.5,284.5,vial6,37,29.884874268969998
175,id35,610.0,283.0,vial6,37,29.884874268969998
176,id35,608.0,282.5,vial6,37,29.884874268969998
177,id35,606.5,281.5,vial6,37,29.884874268969998
178,id35,604.5,282.0,vial6,37,29.884874268969998
179,id35,604.0,283.0,vial6,37,29.884874268969998
180,id35,603.0,284.0,vial6,37,29.884874268969998
181,id35,602.5,284.5,vial6,37,29.884874268969998
182,id35,601.5,284.5,vial6,37,29.884874268969998
183,id35,601.5,284.0,vial6,37,29.884874268969998
184,id35,601.5,282.5,vial6,37,29.884874268969998
185,id35,601.0,281.5,vial6,37,29.884874268969998
186,id35,601.0,279.5,vial6,37,29.884874268969998
187,id35,600.5,278.0,vial6,37,29.884874268969998
188,id35,600.5,277.5,vial6,37,29.884874268969998
189,id35,600.5,277.5,vial6,37,29.884874268969998
190,id35,600.5,276.5,vial6,37,29.884874268969998
191,id35,600.5,273.5,vial6,37,29.884874268969998
192,id35,600.5,272.5,vial6,37,29.884874268969998
193,id35,601.0,270.5,vial6,37,29.884874268969998
194,id35,601.5,267.5,vial6,37,29.884874268969998
195,id35,601.5,266.5,vial6,37,29.884874268969998
196,id35,601.5,264.5,vial6,37,29.884874268969998
197,id35,602.0,263.0,vial6,37,29.884874268969998
198,id35,602.5,261.5,vial6,37,29.884874268969998
199,id35,603.0,259.5,vial6,37,29.884874268969998
200,id35,604.0,257.5,vial6,37,29.884874268969998
201,id35,605.0,255.0,vial6,37,29.884874268969998
202,id35,606.0,253.0,vial6,37,29.884874268969998
203,id35,607.5,252.0,vial6,37,29.884874268969998
204,id35,608.5,251.0,vial6,37,29.884874268969998
205,id35,609.5,249.0,vial6,37,29.884874268969998
206,id35,609.5,247.0,vial6,37,29.884874268969998
207,id35,610.5,245.5,vial6,37,29.884874268969998
208,id35,610.5,243.0,vial6,37,29.884874268969998
209,id35,610.5,240.5,vial6,37,29.884874268969998
210,id35,611.5,239.0,vial6,37,29.884874268969998
211,id35,613.0,238.0,vial6,37,29.884874268969998
212,id35,614.5,237.0,vial6,37,29.884874268969998
213,id35,616.5,235.0,vial6,37,29.884874268969998
214,id35,619.0,234.0,vial6,37,29.884874268969998
215,id35,621.0,233.0,vial6,37,29.884874268969998
216,id35,623.0,232.5,vial6,37,29.884874268969998
217,id35,625.5,231.5,vial6,37,29.884874268969998
218,id35,628.0,230.5,vial6,37,29.884874268969998
219,id35,630.5,230.0,vial6,37,29.884874268969998
220,id35,633.0,229.5,vial6,37,29.884874268969998
221,id35,635.5,229.5,vial6,37,29.884874268969998
222,id35,638.5,229.0,vial6,37,29.884874268969998
223,id35,641.0,229.0,vial6,37,29.884874268969998
224,id35,643.0,229.0,vial6,37,29.884874268969998
225,id35,645.5,228.0,vial6,37,29.884874268969998
226,id35,647.5,227.0,vial6,37,29.884874268969998
227,id35,648.5,224.5,vial6,37,29.884874268969998
228,id35,650.0,222.5,vial6,37,29.884874268969998
229,id35,651.5,221.0,vial6,37,29.884874268969998
230,id35,653.0,219.5,vial6,37,29.884874268969998
231,id35,655.0,216.5,vial6,37,29.884874268969998
232,id35,656.0,214.5,vial6,37,29.884874268969998
233,id35,658.0,213.0,vial6,37,29.884874268969998
234,id35,659.0,211.5,vial6,37,29.884874268969998
235,id35,660.5,209.5,vial6,37,29.884874268969998
236,id35,661.0,207.5,vial6,37,29.884874268969998
237,id35,662.0,205.5,vial6,37,29.884874268969998
238,id35,662.5,203.5,vial6,37,29.884874268969998
239,id35,663.5,201.0,vial6,37,29.884874268969998
240,id35,664.0,199.0,vial6,37,29.884874268969998
241,id35,664.5,197.0,vial6,37,29.884874268969998
242,id35,665.0,195.0,vial6,37,29.884874268969998
243,id35,665.0,193.0,vial6,37,29.884874268969998
244,id35,665.5,192.0,vial6,37,29.884874268969998
245,id35,666.0,190.0,vial6,37,29.884874268969998
246,id35,665.0,189.5,vial6,37,29.884874268969998
247,id35,664.5,189.0,vial6,37,29.884874268969998
248,id35,663.5,188.5,vial6,37,29.884874268969998
249,id35,663.0,187.5,vial6,37,29.884874268969998
250,id35,662.5,186.5,vial6,37,29.884874268969998
251,id35,662.5,185.0,vial6,37,29.884874268969998
252,id35,661.5,183.5,vial6,37,29.884874268969998
253,id35,660.5,182.0,vial6,37,29.884874268969998
254,id35,659.5,181.0,vial6,37,29.884874268969998
255,id35,659.0,180.0,vial6,37,29.884874268969998
256,id35,658.0,180.5,vial6,37,29.884874268969998
257,id35,655.5,181.0,vial6,37,29.884874268969998
258,id35,654.0,182.5,vial6,37,29.884874268969998
259,id35,652.5,183.0,vial6,37,29.884874268969998
260,id35,652.0,183.5,vial6,37,29.884874268969998
261,id35,650.5,184.5,vial6,37,29.884874268969998
262,id35,649.5,184.5,vial6,37,29.884874268969998
263,id35,649.5,184.0,vial6,37,29.884874268969998
264,id35,649.5,183.0,vial6,37,29.884874268969998
265,id35,648.5,181.5,vial6,37,29.884874268969998
266,id35,647.0,180.0,vial6,37,29.884874268969998
267,id35,646.0,178.0,vial6,37,29.884874268969998
268,id35,644.0,175.5,vial6,37,29.884874268969998
269,id35,642.5,173.5,vial6,37,29.884874268969998
270,id35,641.0,170.5,vial6,37,29.884874268969998
271,id35,640.0,168.5,vial6,37,29.884874268969998
272,id35,639.0,166.0,vial6,37,29.884874268969998
273,id35,638.0,163.5,vial6,37,29.884874268969998
274,id35,636.5,161.0,vial6,37,29.884874268969998
275,id35,635.5,159.0,vial6,37,29.884874268969998
276,id35,634.5,156.5,vial6,37,29.884874268969998
277,id35,633.0,154.0,vial6,37,29.884874268969998
278,id35,631.5,151.5,vial6,37,29.884874268969998
279,id35,630.0,149.5,vial6,37,29.884874268969998
280,id35,629.0,146.5,vial6,37,29.884874268969998
281,id35,627.5,144.5,vial6,37,29.884874268969998
282,id35,626.0,142.5,vial6,37,29.884874268969998
283,id35,624.0,139.5,vial6,37,29.884874268969998
284,id35,622.0,138.5,vial6,37,29.884874268969998
285,id35,620.0,136.5,vial6,37,29.884874268969998
286,id35,618.5,135.5,vial6,37,29.884874268969998
287,id35,616.5,134.0,vial6,37,29.884874268969998
288,id35,615.0,133.0,vial6,37,29.884874268969998
289,id35,613.0,131.5,vial6,37,29.884874268969998
290,id35,611.0,131.5,vial6,37,29.884874268969998
14,id36,532.0,263.0,vial5,31,29.884874268969998
15,id36,544.0,245.0,vial5,31,29.884874268969998
16,id36,548.0,248.0,vial5,31,29.884874268969998
17,id36,547.5,247.0,vial5,31,29.884874268969998
18,id36,547.5,247.0,vial5,31,29.884874268969998
19,id36,547.5,246.0,vial5,31,29.884874268969998
20,id36,547.0,246.0,vial5,31,29.884874268969998
21,id36,547.5,246.0,vial5,31,29.884874268969998
22,id36,547.5,245.5,vial5,31,29.884874268969998
23,id36,547.0,244.5,vial5,31,29.884874268969998
24,id36,547.0,242.5,vial5,31,29.884874268969998
25,id36,547.5,240.0,vial5,31,29.884874268969998
26,id36,547.5,238.5,vial5,31,29.884874268969998
27,id36,547.0,236.0,vial5,31,29.884874268969998
28,id36,547.5,233.5,vial5,31,29.884874268969998
29,id36,547.0,232.0,vial5,31,29.884874268969998
30,id36,546.5,230.5,vial5,31,29.884874268969998
31,id36,546.5,229.5,vial5,31,29.884874268969998
32,id36,546.5,228.0,vial5,31,29.884874268969998
33,id36,546.0,226.5,vial5,31,29.884874268969998
34,id36,545.5,225.5,vial5,31,29.884874268969998
35,id36,545.0,224.0,vial5,31,29.884874268969998
36,id36,544.0,222.5,vial5,31,29.884874268969998
37,id36,544.0,221.5,vial5,31,29.884874268969998
38,id36,542.5,220.5,vial5,31,29.884874268969998
39,id36,542.0,219.5,vial5,31,29.884874268969998
40,id36,542.0,218.5,vial5,31,29.884874268969998
41,id36,541.0,217.5,vial5,31,29.884874268969998
42,id36,540.0,215.5,vial5,31,29.884874268969998
43,id36,539.5,215.0,vial5,31,29.884874268969998
44,id36,539.5,213.5,vial5,31,29.884874268969998
45,id36,538.5,211.0,vial5,31,29.884874268969998
46,id36,538.0,209.0,vial5,31,29.884874268969998
47,id36,537.0,207.5,vial5,31,29.884874268969998
48,id36,535.0,206.5,vial5,31,29.884874268969998
49,id36,533.5,206.5,vial5,31,29.884874268969998
50,id36,532.0,207.0,vial5,31,29.884874268969998
51,id36,530.5,208.0,vial5,31,29.884874268969998
52,id36,528.5,208.0,vial5,31,29.884874268969998
53,id36,527.0,208.0,vial5,31,29.884874268969998
54,id36,525.5,207.0,vial5,31,29.884874268969998
55,id36,524.0,206.0,vial5,31,29.884874268969998
56,id36,523.0,205.0,vial5,31,29.884874268969998
57,id36,521.0,203.5,vial5,31,29.884874268969998
58,id36,519.5,202.0,vial5,31,29.884874268969998
59,id36,518.0,200.5,vial5,31,29.884874268969998
60,id36,516.5,198.0,vial5,31,29.884874268969998
61,id36,514.5,196.5,vial5,31,29.884874268969998
62,id36,511.5,194.5,vial5,31,29.884874268969998
63,id36,509.0,193.0,vial5,31,29.884874268969998
64,id36,507.0,191.5,vial5,31,29.884874268969998
65,id36,504.0,190.5,vial5,31,29.884874268969998
66,id36,502.0,190.0,vial5,31,29.884874268969998
67,id36,500.5,190.0,vial5,31,29.884874268969998
68,id36,500.0,190.5,vial5,31,29.884874268969998
69,id36,499.0,190.5,vial5,31,29.884874268969998
70,id36,498.5,189.5,vial5,31,29.884874268969998
71,id36,498.0,189.5,vial5,31,29.884874268969998
72,id36,498.0,188.0,vial5,31,29.884874268969998
73,id36,497.5,186.0,vial5,31,29.884874268969998
74,id36,496.0,184.0,vial5,31,29.884874268969998
75,id36,496.0,183.0,vial5,31,29.884874268969998
76,id36,495.5,180.5,vial5,31,29.884874268969998
77,id36,494.5,178.0,vial5,31,29.884874268969998
78,id36,493.5,175.5,vial5,31,29.884874268969998
79,id36,493.0,172.5,vial5,31,29.884874268969998
80,id36,492.5,170.5,vial5,31,29.884874268969998
81,id36,492.5,167.5,vial5,31,29.884874268969998
82,id36,492.5,164.5,vial5,31,29.884874268969998
83,id36,493.5,161.5,vial5,31,29.884874268969998
84,id36,493.5,159.0,vial5,31,29.884874268969998
85,id36,494.5,155.5,vial5,31,29.884874268969998
86,id36,495.0,152.5,vial5,31,29.884874268969998
87,id36,496.0,150.0,vial5,31,29.884874268969998
88,id36,497.0,147.5,vial5,31,29.884874268969998
89,id36,498.0,145.0,vial5,31,29.884874268969998
90,id36,499.5,142.0,vial5,31,29.884874268969998
91,id36,500.0,139.5,vial5,31,29.884874268969998
92,id36,501.0,136.5,vial5,31,29.884874268969998
93,id36,501.5,134.5,vial5,31,29.884874268969998
94,id36,502.5,132.0,vial5,31,29.884874268969998
95,id36,503.5,129.0,vial5,31,29.884874268969998
96,id36,504.5,126.0,vial5,31,29.884874268969998
97,id36,505.0,123.5,vial5,31,29.884874268969998
98,id36,505.5,121.0,vial5,31,29.884874268969998
99,id36,506.0,118.5,vial5,31,29.884874268969998
100,id36,506.5,116.5,vial5,31,29.884874268969998
101,id36,507.0,115.0,vial5,31,29.884874268969998
102,id36,508.0,113.5,vial5,31,29.884874268969998
103,id36,509.0,112.0,vial5,31,29.884874268969998
104,id36,511.0,112.0,vial5,31,29.884874268969998
105,id36,513.0,111.0,vial5,31,29.884874268969998
106,id36,515.0,110.0,vial5,31,29.884874268969998
107,id36,516.5,110.0,vial5,31,29.884874268969998
108,id36,517.0,109.0,vial5,31,29.884874268969998
109,id36,517.5,108.5,vial5,31,29.884874268969998
110,id36,517.0,107.0,vial5,31,29.884874268969998
111,id36,516.5,105.5,vial5,31,29.884874268969998
112,id36,516.0,104.0,vial5,31,29.884874268969998
113,id36,514.5,102.5,vial5,31,29.884874268969998
114,id36,513.5,101.0,vial5,31,29.884874268969998
115,id36,511.5,100.0,vial5,31,29.884874268969998
116,id36,510.5,99.0,vial5,31,29.884874268969998
117,id36,508.0,97.5,vial5,31,29.884874268969998
118,id36,506.0,96.5,vial5,31,29.884874268969998
119,id36,504.0,95.5,vial5,31,29.884874268969998
120,id36,501.5,95.5,vial5,31,29.884874268969998
121,id36,499.0,94.5,vial5,31,29.884874268969998
122,id36,497.0,94.0,vial5,31,29.884874268969998
123,id36,495.0,93.5,vial5,31,29.884874268969998
124,id36,493.0,93.0,vial5,31,29.884874268969998
125,id36,492.0,92.5,vial5,31,29.884874268969998
126,id36,490.0,92.0,vial5,31,29.884874268969998
127,id36,489.0,92.5,vial5,31,29.884874268969998
128,id36,489.0,92.5,vial5,31,29.884874268969998
129,id36,489.0,92.0,vial5,31,29.884874268969998
130,id36,489.0,91.5,vial5,31,29.884874268969998
131,id36,489.5,91.0,vial5,31,29.884874268969998
132,id36,489.5,90.5,vial5,31,29.884874268969998
133,id36,489.0,89.0,vial5,31,29.884874268969998
134,id36,489.0,87.5,vial5,31,29.884874268969998
135,id36,489.0,86.5,vial5,31,29.884874268969998
136,id36,488.0,85.0,vial5,31,29.884874268969998
137,id36,487.5,83.5,vial5,31,29.884874268969998
138,id36,487.5,81.5,vial5,31,29.884874268969998
139,id36,487.5,80.5,vial5,31,29.884874268969998
140,id36,486.5,79.5,vial5,31,29.884874268969998
141,id36,486.5,77.5,vial5,31,29.884874268969998
142,id36,485.5,76.0,vial5,31,29.884874268969998
143,id36,485.0,74.5,vial5,31,29.884874268969998
144,id36,484.5,72.0,vial5,31,29.884874268969998
145,id36,483.5,70.5,vial5,31,29.884874268969998
146,id36,483.5,68.0,vial5,31,29.884874268969998
147,id36,483.5,66.5,vial5,31,29.884874268969998
148,id36,482.5,64.5,vial5,31,29.884874268969998
149,id36,482.5,62.5,vial5,31,29.884874268969998
150,id36,482.0,60.5,vial5,31,29.884874268969998
151,id36,482.0,58.5,vial5,31,29.884874268969998
152,id36,482.0,57.0,vial5,31,29.884874268969998
153,id36,482.0,55.0,vial5,31,29.884874268969998
154,id36,482.5,52.5,vial5,31,29.884874268969998
155,id36,482.5,50.5,vial5,31,29.884874268969998
156,id36,482.5,49.5,vial5,31,29.884874268969998
157,id36,482.5,47.0,vial5,31,29.884874268969998
158,id36,482.5,45.5,vial5,31,29.884874268969998
159,id36,483.0,43.5,vial5,31,29.884874268969998
160,id36,483.5,42.0,vial5,31,29.884874268969998
161,id36,484.5,39.5,vial5,31,29.884874268969998
162,id36,485.0,37.5,vial5,31,29.884874268969998
163,id36,485.5,35.5,vial5,31,29.884874268969998
164,id36,486.5,33.5,vial5,31,29.884874268969998
165,id36,487.5,31.5,vial5,31,29.884874268969998
166,id36,488.5,29.5,vial5,31,29.884874268969998
167,id36,489.5,28.5,vial5,31,29.884874268969998
168,id36,489.5,28.0,vial5,31,29.884874268969998
169,id36,490.5,26.5,vial5,31,29.884874268969998
170,id36,491.0,26.0,vial5,31,29.884874268969998
171,id36,492.0,25.0,vial5,31,29.884874268969998
172,id36,492.0,24.0,vial5,31,29.884874268969998
173,id36,493.0,22.5,vial5,31,29.884874268969998
174,id36,493.5,21.5,vial5,31,29.884874268969998
175,id36,494.5,19.5,vial5,31,29.884874268969998
176,id36,495.5,18.0,vial5,31,29.884874268969998
177,id36,495.5,15.5,vial5,31,29.884874268969998
178,id36,496.5,13.0,vial5,31,29.884874268969998
179,id36,497.5,11.0,vial5,31,29.884874268969998
180,id36,498.5,9.0,vial5,31,29.884874268969998
181,id36,499.5,7.0,vial5,31,29.884874268969998
182,id36,501.0,5.0,vial5,31,29.884874268969998
183,id36,502.0,4.0,vial5,31,29.884874268969998
184,id36,502.5,3.0,vial5,31,29.884874268969998
29,id37,9.0,293.5,vial1,1,29.884874268969998
30,id37,9.5,291.5,vial1,1,29.884874268969998
31,id37,10.5,289.5,vial1,1,29.884874268969998
32,id37,11.5,287.5,vial1,1,29.884874268969998
33,id37,12.5,286.0,vial1,1,29.884874268969998
34,id37,15.0,284.5,vial1,1,29.884874268969998
35,id37,16.0,282.0,vial1,1,29.884874268969998
36,id37,18.0,280.5,vial1,1,29.884874268969998
37,id37,20.0,278.5,vial1,1,29.884874268969998
38,id37,22.0,276.5,vial1,1,29.884874268969998
39,id37,23.0,274.0,vial1,1,29.884874268969998
40,id37,23.5,273.0,vial1,1,29.884874268969998
41,id37,23.5,272.0,vial1,1,29.884874268969998
42,id37,23.5,272.0,vial1,1,29.884874268969998
43,id37,23.5,271.5,vial1,1,29.884874268969998
44,id37,23.5,270.5,vial1,1,29.884874268969998
45,id37,23.0,269.0,vial1,1,29.884874268969998
46,id37,23.5,267.5,vial1,1,29.884874268969998
47,id37,23.5,266.5,vial1,1,29.884874268969998
48,id37,23.5,266.5,vial1,1,29.884874268969998
49,id37,23.5,266.5,vial1,1,29.884874268969998
50,id37,23.5,266.5,vial1,1,29.884874268969998
51,id37,23.5,266.5,vial1,1,29.884874268969998
52,id37,23.5,266.5,vial1,1,29.884874268969998
53,id37,23.5,266.5,vial1,1,29.884874268969998
54,id37,23.5,266.5,vial1,1,29.884874268969998
55,id37,23.5,266.5,vial1,1,29.884874268969998
56,id37,23.5,266.5,vial1,1,29.884874268969998
57,id37,23.5,266.5,vial1,1,29.884874268969998
58,id37,24.0,266.5,vial1,1,29.884874268969998
59,id37,24.0,265.5,vial1,1,29.884874268969998
60,id37,24.0,265.5,vial1,1,29.884874268969998
61,id37,23.0,264.5,vial1,1,29.884874268969998
62,id37,23.0,263.5,vial1,1,29.884874268969998
63,id37,23.0,261.5,vial1,1,29.884874268969998
64,id37,23.0,260.0,vial1,1,29.884874268969998
65,id37,23.0,259.0,vial1,1,29.884874268969998
66,id37,23.0,257.5,vial1,1,29.884874268969998
67,id37,23.0,257.5,vial1,1,29.884874268969998
68,id37,22.5,257.5,vial1,1,29.884874268969998
69,id37,23.0,257.5,vial1,1,29.884874268969998
70,id37,23.0,257.5,vial1,1,29.884874268969998
71,id37,23.0,257.5,vial1,1,29.884874268969998
72,id37,23.0,258.0,vial1,1,29.884874268969998
73,id37,23.0,258.0,vial1,1,29.884874268969998
74,id37,23.0,258.0,vial1,1,29.884874268969998
75,id37,23.0,258.0,vial1,1,29.884874268969998
76,id37,23.5,258.5,vial1,1,29.884874268969998
77,id37,23.5,258.5,vial1,1,29.884874268969998
78,id37,23.5,258.5,vial1,1,29.884874268969998
79,id37,23.0,258.5,vial1,1,29.884874268969998
80,id37,23.0,258.5,vial1,1,29.884874268969998
81,id37,23.0,258.5,vial1,1,29.884874268969998
82,id37,23.5,258.5,vial1,1,29.884874268969998
83,id37,23.5,258.5,vial1,1,29.884874268969998
84,id37,23.5,259.0,vial1,1,29.884874268969998
85,id37,23.5,259.0,vial1,1,29.884874268969998
86,id37,24.0,259.0,vial1,1,29.884874268969998
87,id37,24.0,259.0,vial1,1,29.884874268969998
88,id37,24.0,259.0,vial1,1,29.884874268969998
89,id37,24.0,259.0,vial1,1,29.884874268969998
90,id37,24.0,259.0,vial1,1,29.884874268969998
91,id37,24.0,259.0,vial1,1,29.884874268969998
92,id37,24.0,259.5,vial1,1,29.884874268969998
93,id37,24.0,259.5,vial1,1,29.884874268969998
94,id37,24.0,259.5,vial1,1,29.884874268969998
95,id37,24.0,259.5,vial1,1,29.884874268969998
96,id37,24.0,259.5,vial1,1,29.884874268969998
97,id37,24.0,259.5,vial1,1,29.884874268969998
98,id37,24.0,259.5,vial1,1,29.884874268969998
99,id37,24.0,259.5,vial1,1,29.884874268969998
100,id37,24.0,259.5,vial1,1,29.884874268969998
101,id37,24.0,260.0,vial1,1,29.884874268969998
102,id37,24.0,261.0,vial1,1,29.884874268969998
103,id37,23.5,265.0,vial1,1,29.884874268969998
104,id37,27.5,289.5,vial1,1,29.884874268969998
105,id37,22.0,299.5,vial1,1,29.884874268969998
106,id37,11.0,286.5,vial1,1,29.884874268969998
107,id37,9.5,281.5,vial1,1,29.884874268969998
108,id37,9.0,281.5,vial1,1,29.884874268969998
109,id37,9.0,281.0,vial1,1,29.884874268969998
110,id37,9.0,281.0,vial1,1,29.884874268969998
111,id37,9.0,281.0,vial1,1,29.884874268969998
112,id37,9.0,280.5,vial1,1,29.884874268969998
113,id37,9.0,280.5,vial1,1,29.884874268969998
114,id37,9.0,280.5,vial1,1,29.884874268969998
115,id37,9.0,280.5,vial1,1,29.884874268969998
116,id37,9.0,280.5,vial1,1,29.884874268969998
117,id37,9.0,280.5,vial1,1,29.884874268969998
118,id37,9.0,280.5,vial1,1,29.884874268969998
119,id37,9.0,280.5,vial1,1,29.884874268969998
120,id37,8.5,280.5,vial1,1,29.884874268969998
121,id37,8.0,281.0,vial1,1,29.884874268969998
122,id37,8.0,282.0,vial1,1,29.884874268969998
124,id37,7.5,281.0,vial1,1,29.884874268969998
125,id37,7.5,281.0,vial1,1,29.884874268969998
126,id37,7.5,282.0,vial1,1,29.884874268969998
127,id37,7.5,281.0,vial1,1,29.884874268969998
128,id37,8.0,281.5,vial1,1,29.884874268969998
129,id37,8.0,281.0,vial1,1,29.884874268969998
130,id37,8.0,281.0,vial1,1,29.884874268969998
131,id37,8.0,281.0,vial1,1,29.884874268969998
133,id37,8.0,282.0,vial1,1,29.884874268969998
134,id37,8.0,282.5,vial1,1,29.884874268969998
135,id37,8.0,282.5,vial1,1,29.884874268969998
136,id37,8.0,283.0,vial1,1,29.884874268969998
137,id37,8.5,284.0,vial1,1,29.884874268969998
138,id37,8.5,285.0,vial1,1,29.884874268969998
139,id37,9.0,286.0,vial1,1,29.884874268969998
140,id37,9.0,287.0,vial1,1,29.884874268969998
141,id37,9.0,288.0,vial1,1,29.884874268969998
142,id37,9.5,289.5,vial1,1,29.884874268969998
143,id37,10.0,290.5,vial1,1,29.884874268969998
144,id37,10.5,292.0,vial1,1,29.884874268969998
145,id37,11.5,293.5,vial1,1,29.884874268969998
146,id37,11.5,294.5,vial1,1,29.884874268969998
147,id37,12.5,295.0,vial1,1,29.884874268969998
148,id37,12.5,296.0,vial1,1,29.884874268969998
149,id37,13.0,296.5,vial1,1,29.884874268969998
150,id37,13.5,297.0,vial1,1,29.884874268969998
151,id37,14.0,297.0,vial1,1,29.884874268969998
152,id37,14.5,297.0,vial1,1,29.884874268969998
153,id37,14.5,297.0,vial1,1,29.884874268969998
154,id37,14.0,296.5,vial1,1,29.884874268969998
155,id37,14.0,296.0,vial1,1,29.884874268969998
156,id37,14.0,295.5,vial1,1,29.884874268969998
157,id37,21.5,291.0,vial1,1,29.884874268969998
158,id37,43.5,275.5,vial1,1,29.884874268969998
159,id37,45.5,272.0,vial1,1,29.884874268969998
160,id37,32.5,302.5,vial1,1,29.884874268969998
161,id37,28.5,321.0,vial1,1,29.884874268969998
162,id37,32.5,331.0,vial1,1,29.884874268969998
163,id37,32.5,330.0,vial1,1,29.884874268969998
164,id37,37.5,330.0,vial1,1,29.884874268969998
165,id37,48.5,332.0,vial1,1,29.884874268969998
166,id37,50.5,334.5,vial1,1,29.884874268969998
167,id37,50.5,332.0,vial1,1,29.884874268969998
172,id37,49.0,329.5,vial1,1,29.884874268969998
173,id37,49.0,329.0,vial1,1,29.884874268969998
174,id37,49.0,329.0,vial1,1,29.884874268969998
175,id37,49.5,329.5,vial1,1,29.884874268969998
176,id37,51.0,329.5,vial1,1,29.884874268969998
177,id37,50.5,328.0,vial1,1,29.884874268969998
178,id37,48.5,326.5,vial1,1,29.884874268969998
179,id37,48.0,327.0,vial1,1,29.884874268969998
180,id37,46.5,327.0,vial1,1,29.884874268969998
181,id37,46.5,327.0,vial1,1,29.884874268969998
182,id37,45.0,326.5,vial1,1,29.884874268969998
183,id37,44.5,326.5,vial1,1,29.884874268969998
184,id37,43.0,326.0,vial1,1,29.884874268969998
185,id37,42.0,326.0,vial1,1,29.884874268969998
186,id37,40.5,325.5,vial1,1,29.884874268969998
187,id37,39.0,325.0,vial1,1,29.884874268969998
188,id37,39.0,324.5,vial1,1,29.884874268969998
189,id37,37.5,323.5,vial1,1,29.884874268969998
190,id37,36.0,323.0,vial1,1,29.884874268969998
191,id37,34.5,321.5,vial1,1,29.884874268969998
192,id37,33.5,320.5,vial1,1,29.884874268969998
193,id37,32.5,320.0,vial1,1,29.884874268969998
194,id37,30.5,318.5,vial1,1,29.884874268969998
195,id37,29.0,317.5,vial1,1,29.884874268969998
196,id37,27.0,316.0,vial1,1,29.884874268969998
197,id37,25.5,315.0,vial1,1,29.884874268969998
198,id37,23.5,314.0,vial1,1,29.884874268969998
199,id37,22.0,313.0,vial1,1,29.884874268969998
200,id37,20.0,312.0,vial1,1,29.884874268969998
201,id37,18.5,311.0,vial1,1,29.884874268969998
202,id37,17.0,310.0,vial1,1,29.884874268969998
203,id37,15.0,309.0,vial1,1,29.884874268969998
204,id37,14.0,308.0,vial1,1,29.884874268969998
205,id37,13.0,307.0,vial1,1,29.884874268969998
206,id37,12.0,307.0,vial1,1,29.884874268969998
207,id37,11.0,306.5,vial1,1,29.884874268969998
208,id37,10.5,307.5,vial1,1,29.884874268969998
209,id37,9.5,308.5,vial1,1,29.884874268969998
210,id37,9.0,308.5,vial1,1,29.884874268969998
211,id37,9.5,308.5,vial1,1,29.884874268969998
213,id37,8.0,309.0,vial1,1,29.884874268969998
214,id37,8.0,309.0,vial1,1,29.884874268969998
215,id37,8.0,309.0,vial1,1,29.884874268969998
216,id37,8.5,308.5,vial1,1,29.884874268969998
217,id37,9.5,308.5,vial1,1,29.884874268969998
218,id37,9.5,308.5,vial1,1,29.884874268969998
219,id37,11.0,308.5,vial1,1,29.884874268969998
220,id37,12.0,308.5,vial1,1,29.884874268969998
221,id37,13.0,308.5,vial1,1,29.884874268969998
222,id37,14.5,308.5,vial1,1,29.884874268969998
223,id37,16.0,308.5,vial1,1,29.884874268969998
224,id37,17.5,308.5,vial1,1,29.884874268969998
225,id37,18.5,308.5,vial1,1,29.884874268969998
226,id37,20.5,308.5,vial1,1,29.884874268969998
227,id37,22.0,309.5,vial1,1,29.884874268969998
228,id37,24.5,310.0,vial1,1,29.884874268969998
229,id37,26.0,311.0,vial1,1,29.884874268969998
230,id37,28.5,311.0,vial1,1,29.884874268969998
231,id37,31.0,311.0,vial1,1,29.884874268969998
232,id37,33.5,311.5,vial1,1,29.884874268969998
233,id37,35.5,311.5,vial1,1,29.884874268969998
234,id37,38.0,310.5,vial1,1,29.884874268969998
235,id37,41.0,309.5,vial1,1,29.884874268969998
236,id37,43.0,308.5,vial1,1,29.884874268969998
237,id37,45.0,307.5,vial1,1,29.884874268969998
238,id37,47.5,307.0,vial1,1,29.884874268969998
239,id37,50.5,305.0,vial1,1,29.884874268969998
240,id37,52.5,303.5,vial1,1,29.884874268969998
241,id37,54.5,301.5,vial1,1,29.884874268969998
242,id37,56.5,299.5,vial1,1,29.884874268969998
243,id37,58.5,298.5,vial1,1,29.884874268969998
244,id37,59.5,297.0,vial1,1,29.884874268969998
245,id37,61.0,295.0,vial1,1,29.884874268969998
246,id37,62.0,293.5,vial1,1,29.884874268969998
247,id37,63.0,292.0,vial1,1,29.884874268969998
248,id37,64.0,290.5,vial1,1,29.884874268969998
249,id37,65.5,289.0,vial1,1,29.884874268969998
250,id37,67.0,288.0,vial1,1,29.884874268969998
251,id37,68.0,287.5,vial1,1,29.884874268969998
252,id37,69.0,287.5,vial1,1,29.884874268969998
253,id37,69.5,287.0,vial1,1,29.884874268969998
254,id37,70.5,287.0,vial1,1,29.884874268969998
255,id37,70.5,286.5,vial1,1,29.884874268969998
256,id37,71.5,286.5,vial1,1,29.884874268969998
257,id37,71.5,286.0,vial1,1,29.884874268969998
258,id37,71.0,285.5,vial1,1,29.884874268969998
259,id37,70.5,284.5,vial1,1,29.884874268969998
260,id37,70.5,284.0,vial1,1,29.884874268969998
261,id37,69.5,283.0,vial1,1,29.884874268969998
262,id37,69.0,282.0,vial1,1,29.884874268969998
263,id37,68.5,281.5,vial1,1,29.884874268969998
264,id37,67.5,280.5,vial1,1,29.884874268969998
265,id37,67.5,280.0,vial1,1,29.884874268969998
266,id37,65.5,279.5,vial1,1,29.884874268969998
267,id37,65.5,279.5,vial1,1,29.884874268969998
268,id37,64.0,279.5,vial1,1,29.884874268969998
269,id37,63.0,279.0,vial1,1,29.884874268969998
270,id37,62.0,279.0,vial1,1,29.884874268969998
271,id37,61.0,278.5,vial1,1,29.884874268969998
272,id37,61.5,277.0,vial1,1,29.884874268969998
273,id37,61.5,275.0,vial1,1,29.884874268969998
274,id37,61.5,272.5,vial1,1,29.884874268969998
275,id37,62.0,269.5,vial1,1,29.884874268969998
276,id37,62.5,266.5,vial1,1,29.884874268969998
277,id37,63.0,263.5,vial1,1,29.884874268969998
278,id37,63.5,261.0,vial1,1,29.884874268969998
279,id37,64.5,258.0,vial1,1,29.884874268969998
280,id37,65.0,256.0,vial1,1,29.884874268969998
281,id37,65.5,253.0,vial1,1,29.884874268969998
282,id37,66.5,250.0,vial1,1,29.884874268969998
283,id37,67.5,247.5,vial1,1,29.884874268969998
284,id37,68.0,245.0,vial1,1,29.884874268969998
285,id37,68.5,242.0,vial1,1,29.884874268969998
286,id37,69.5,239.5,vial1,1,29.884874268969998
287,id37,69.5,237.0,vial1,1,29.884874268969998
288,id37,69.5,234.0,vial1,1,29.884874268969998
289,id37,70.5,231.0,vial1,1,29.884874268969998
290,id37,70.5,229.0,vial1,1,29.884874268969998
29,id38,146.5,302.0,vial2,13,29.884874268969998
30,id38,147.5,298.0,vial2,13,29.884874268969998
31,id38,149.5,294.0,vial2,13,29.884874268969998
32,id38,151.5,291.0,vial2,13,29.884874268969998
33,id38,153.0,288.0,vial2,13,29.884874268969998
34,id38,154.5,284.5,vial2,13,29.884874268969998
35,id38,156.5,281.5,vial2,13,29.884874268969998
36,id38,157.5,278.5,vial2,13,29.884874268969998
37,id38,158.5,275.5,vial2,13,29.884874268969998
38,id38,159.5,272.5,vial2,13,29.884874268969998
39,id38,160.5,271.0,vial2,13,29.884874268969998
40,id38,160.5,269.0,vial2,13,29.884874268969998
41,id38,161.0,266.0,vial2,13,29.884874268969998
42,id38,160.0,263.0,vial2,13,29.884874268969998
43,id38,160.0,260.0,vial2,13,29.884874268969998
44,id38,160.0,257.0,vial2,13,29.884874268969998
45,id38,161.0,253.5,vial2,13,29.884874268969998
46,id38,162.0,250.0,vial2,13,29.884874268969998
47,id38,163.0,247.0,vial2,13,29.884874268969998
48,id38,163.5,243.5,vial2,13,29.884874268969998
49,id38,164.5,240.0,vial2,13,29.884874268969998
50,id38,164.5,237.0,vial2,13,29.884874268969998
51,id38,165.5,233.5,vial2,13,29.884874268969998
52,id38,166.5,230.0,vial2,13,29.884874268969998
53,id38,167.5,227.0,vial2,13,29.884874268969998
54,id38,169.0,223.5,vial2,13,29.884874268969998
55,id38,169.5,220.0,vial2,13,29.884874268969998
56,id38,171.5,217.0,vial2,13,29.884874268969998
57,id38,171.5,213.5,vial2,13,29.884874268969998
58,id38,173.5,210.0,vial2,13,29.884874268969998
59,id38,173.5,207.0,vial2,13,29.884874268969998
60,id38,174.5,204.0,vial2,13,29.884874268969998
61,id38,174.5,203.0,vial2,13,29.884874268969998
62,id38,175.0,201.0,vial2,13,29.884874268969998
63,id38,175.5,198.0,vial2,13,29.884874268969998
64,id38,175.5,194.0,vial2,13,29.884874268969998
65,id38,176.0,191.0,vial2,13,29.884874268969998
66,id38,176.5,188.0,vial2,13,29.884874268969998
67,id38,176.5,184.0,vial2,13,29.884874268969998
68,id38,177.0,181.0,vial2,13,29.884874268969998
69,id38,177.0,178.0,vial2,13,29.884874268969998
70,id38,177.0,175.0,vial2,13,29.884874268969998
71,id38,177.0,172.0,vial2,13,29.884874268969998
72,id38,177.5,168.5,vial2,13,29.884874268969998
73,id38,178.0,166.0,vial2,13,29.884874268969998
74,id38,178.0,163.0,vial2,13,29.884874268969998
75,id38,178.5,159.5,vial2,13,29.884874268969998
76,id38,178.0,156.0,vial2,13,29.884874268969998
77,id38,178.0,153.0,vial2,13,29.884874268969998
78,id38,178.0,150.0,vial2,13,29.884874268969998
79,id38,177.5,146.5,vial2,13,29.884874268969998
80,id38,176.5,143.0,vial2,13,29.884874268969998
81,id38,176.0,139.5,vial2,13,29.884874268969998
82,id38,175.5,136.5,vial2,13,29.884874268969998
83,id38,175.0,134.0,vial2,13,29.884874268969998
84,id38,174.5,130.5,vial2,13,29.884874268969998
85,id38,173.5,127.0,vial2,13,29.884874268969998
86,id38,172.5,124.0,vial2,13,29.884874268969998
87,id38,171.5,121.0,vial2,13,29.884874268969998
88,id38,170.5,118.0,vial2,13,29.884874268969998
89,id38,169.5,114.0,vial2,13,29.884874268969998
90,id38,168.5,111.0,vial2,13,29.884874268969998
91,id38,168.0,109.0,vial2,13,29.884874268969998
92,id38,167.5,106.5,vial2,13,29.884874268969998
93,id38,167.0,104.0,vial2,13,29.884874268969998
94,id38,167.0,101.5,vial2,13,29.884874268969998
95,id38,167.0,98.0,vial2,13,29.884874268969998
96,id38,168.0,95.0,vial2,13,29.884874268969998
97,id38,168.5,91.5,vial2,13,29.884874268969998
98,id38,169.0,89.0,vial2,13,29.884874268969998
99,id38,170.0,85.0,vial2,13,29.884874268969998
100,id38,170.0,81.5,vial2,13,29.884874268969998
101,id38,171.0,79.0,vial2,13,29.884874268969998
102,id38,172.0,75.0,vial2,13,29.884874268969998
103,id38,172.5,72.0,vial2,13,29.884874268969998
104,id38,173.0,69.0,vial2,13,29.884874268969998
105,id38,174.0,66.0,vial2,13,29.884874268969998
106,id38,174.0,62.5,vial2,13,29.884874268969998
107,id38,174.5,60.0,vial2,13,29.884874268969998
108,id38,175.5,56.0,vial2,13,29.884874268969998
109,id38,176.0,53.5,vial2,13,29.884874268969998
110,id38,176.5,51.0,vial2,13,29.884874268969998
111,id38,177.0,48.0,vial2,13,29.884874268969998
112,id38,178.0,45.0,vial2,13,29.884874268969998
113,id38,178.5,42.0,vial2,13,29.884874268969998
114,id38,179.5,38.5,vial2,13,29.884874268969998
115,id38,180.5,36.0,vial2,13,29.884874268969998
116,id38,181.0,32.5,vial2,13,29.884874268969998
117,id38,181.5,29.5,vial2,13,29.884874268969998
118,id38,182.0,27.0,vial2,13,29.884874268969998
119,id38,183.0,23.5,vial2,13,29.884874268969998
120,id38,183.5,20.5,vial2,13,29.884874268969998
121,id38,184.0,18.0,vial2,13,29.884874268969998
122,id38,184.5,14.0,vial2,13,29.884874268969998
123,id38,185.5,11.5,vial2,13,29.884874268969998
124,id38,185.5,7.0,vial2,13,29.884874268969998
125,id38,186.5,6.5,vial2,13,29.884874268969998
126,id38,187.0,3.5,vial2,13,29.884874268969998
50,id39,266.0,334.5,vial3,16,29.884874268969998
51,id39,266.5,334.0,vial3,16,29.884874268969998
52,id39,266.5,334.5,vial3,16,29.884874268969998
53,id39,266.5,334.0,vial3,16,29.884874268969998
54,id39,266.0,335.0,vial3,16,29.884874268969998
55,id39,264.5,335.5,vial3,16,29.884874268969998
56,id39,264.0,335.0,vial3,16,29.884874268969998
57,id39,262.0,334.5,vial3,16,29.884874268969998
58,id39,259.0,335.0,vial3,16,29.884874268969998
59,id39,258.0,336.0,vial3,16,29.884874268969998
60,id39,256.0,337.5,vial3,16,29.884874268969998
64,id39,247.0,333.5,vial3,16,29.884874268969998
81,id39,304.5,279.0,vial3,16,29.884874268969998
83,id39,302.5,272.5,vial3,16,29.884874268969998
84,id39,302.5,270.0,vial3,16,29.884874268969998
85,id39,300.5,266.0,vial3,16,29.884874268969998
86,id39,299.5,263.0,vial3,16,29.884874268969998
87,id39,298.5,260.0,vial3,16,29.884874268969998
88,id39,297.0,257.0,vial3,16,29.884874268969998
89,id39,295.5,254.0,vial3,16,29.884874268969998
90,id39,294.5,250.0,vial3,16,29.884874268969998
91,id39,292.5,247.0,vial3,16,29.884874268969998
92,id39,290.5,244.5,vial3,16,29.884874268969998
93,id39,289.0,241.5,vial3,16,29.884874268969998
94,id39,286.5,239.5,vial3,16,29.884874268969998
95,id39,284.0,236.5,vial3,16,29.884874268969998
96,id39,282.0,234.5,vial3,16,29.884874268969998
97,id39,280.0,231.5,vial3,16,29.884874268969998
98,id39,278.0,229.5,vial3,16,29.884874268969998
99,id39,276.0,226.5,vial3,16,29.884874268969998
100,id39,273.0,224.0,vial3,16,29.884874268969998
101,id39,271.0,221.5,vial3,16,29.884874268969998
102,id39,269.0,219.5,vial3,16,29.884874268969998
103,id39,266.5,216.5,vial3,16,29.884874268969998
104,id39,264.5,214.5,vial3,16,29.884874268969998
105,id39,262.5,212.5,vial3,16,29.884874268969998
106,id39,260.5,210.5,vial3,16,29.884874268969998
107,id39,259.0,208.0,vial3,16,29.884874268969998
108,id39,257.0,206.5,vial3,16,29.884874268969998
109,id39,256.0,205.5,vial3,16,29.884874268969998
110,id39,256.0,205.5,vial3,16,29.884874268969998
111,id39,256.0,205.5,vial3,16,29.884874268969998
112,id39,256.0,205.5,vial3,16,29.884874268969998
113,id39,256.0,205.0,vial3,16,29.884874268969998
114,id39,256.0,204.5,vial3,16,29.884874268969998
115,id39,256.0,204.5,vial3,16,29.884874268969998
116,id39,258.5,198.5,vial3,16,29.884874268969998
117,id39,275.5,172.0,vial3,16,29.884874268969998
118,id39,279.5,139.0,vial3,16,29.884874268969998
119,id39,260.5,111.0,vial3,16,29.884874268969998
120,id39,255.5,84.0,vial3,16,29.884874268969998
121,id39,258.0,56.0,vial3,16,29.884874268969998
122,id39,265.0,48.5,vial3,16,29.884874268969998
123,id39,270.5,64.0,vial3,16,29.884874268969998
124,id39,300.5,70.0,vial3,16,29.884874268969998
125,id39,305.0,68.0,vial3,16,29.884874268969998
126,id39,305.0,68.5,vial3,16,29.884874268969998
127,id39,305.0,68.0,vial3,16,29.884874268969998
128,id39,305.0,67.5,vial3,16,29.884874268969998
129,id39,304.5,66.0,vial3,16,29.884874268969998
130,id39,305.0,64.0,vial3,16,29.884874268969998
131,id39,305.0,62.5,vial3,16,29.884874268969998
132,id39,306.0,60.5,vial3,16,29.884874268969998
133,id39,306.5,58.5,vial3,16,29.884874268969998
134,id39,307.5,56.5,vial3,16,29.884874268969998
135,id39,307.5,54.5,vial3,16,29.884874268969998
136,id39,308.0,53.0,vial3,16,29.884874268969998
137,id39,308.0,51.0,vial3,16,29.884874268969998
138,id39,308.0,50.0,vial3,16,29.884874268969998
139,id39,308.0,48.0,vial3,16,29.884874268969998
140,id39,307.5,46.5,vial3,16,29.884874268969998
141,id39,306.5,45.0,vial3,16,29.884874268969998
142,id39,306.0,44.0,vial3,16,29.884874268969998
143,id39,305.0,42.5,vial3,16,29.884874268969998
144,id39,304.0,41.0,vial3,16,29.884874268969998
145,id39,303.5,40.0,vial3,16,29.884874268969998
146,id39,302.5,39.0,vial3,16,29.884874268969998
147,id39,302.5,38.0,vial3,16,29.884874268969998
148,id39,302.5,36.0,vial3,16,29.884874268969998
149,id39,302.5,33.0,vial3,16,29.884874268969998
150,id39,302.5,30.5,vial3,16,29.884874268969998
151,id39,303.0,28.0,vial3,16,29.884874268969998
152,id39,303.0,25.0,vial3,16,29.884874268969998
153,id39,303.5,21.5,vial3,16,29.884874268969998
154,id39,303.5,18.5,vial3,16,29.884874268969998
155,id39,304.0,16.0,vial3,16,29.884874268969998
156,id39,304.5,13.0,vial3,16,29.884874268969998
157,id39,305.5,10.0,vial3,16,29.884874268969998
158,id39,306.0,5.5,vial3,16,29.884874268969998
159,id39,305.5,4.5,vial3,16,29.884874268969998
168,id39,247.0,128.5,vial3,16,29.884874268969998
169,id39,247.0,126.5,vial3,16,29.884874268969998
170,id39,247.0,125.0,vial3,16,29.884874268969998
171,id39,247.5,123.0,vial3,16,29.884874268969998
172,id39,248.5,121.5,vial3,16,29.884874268969998
173,id39,248.5,120.0,vial3,16,29.884874268969998
174,id39,249.5,118.0,vial3,16,29.884874268969998
175,id39,249.5,116.0,vial3,16,29.884874268969998
176,id39,250.0,114.0,vial3,16,29.884874268969998
177,id39,250.5,112.0,vial3,16,29.884874268969998
178,id39,250.5,110.0,vial3,16,29.884874268969998
179,id39,251.5,107.0,vial3,16,29.884874268969998
180,id39,251.5,104.5,vial3,16,29.884874268969998
181,id39,251.5,103.0,vial3,16,29.884874268969998
182,id39,252.0,100.5,vial3,16,29.884874268969998
183,id39,251.5,98.5,vial3,16,29.884874268969998
184,id39,252.5,96.0,vial3,16,29.884874268969998
185,id39,252.5,93.0,vial3,16,29.884874268969998
186,id39,252.5,91.0,vial3,16,29.884874268969998
187,id39,252.5,89.0,vial3,16,29.884874268969998
188,id39,252.5,87.5,vial3,16,29.884874268969998
189,id39,252.5,85.5,vial3,16,29.884874268969998
190,id39,253.0,83.5,vial3,16,29.884874268969998
191,id39,252.5,81.5,vial3,16,29.884874268969998
192,id39,252.5,79.5,vial3,16,29.884874268969998
193,id39,252.5,77.0,vial3,16,29.884874268969998
194,id39,252.5,74.5,vial3,16,29.884874268969998
195,id39,252.5,72.0,vial3,16,29.884874268969998
196,id39,252.0,69.0,vial3,16,29.884874268969998
197,id39,252.5,66.0,vial3,16,29.884874268969998
198,id39,252.0,64.0,vial3,16,29.884874268969998
199,id39,253.0,61.0,vial3,16,29.884874268969998
200,id39,252.5,60.0,vial3,16,29.884874268969998
201,id39,253.0,57.0,vial3,16,29.884874268969998
202,id39,253.0,55.5,vial3,16,29.884874268969998
203,id39,253.0,54.0,vial3,16,29.884874268969998
204,id39,253.5,52.0,vial3,16,29.884874268969998
205,id39,253.5,49.5,vial3,16,29.884874268969998
206,id39,253.5,47.5,vial3,16,29.884874268969998
207,id39,254.5,45.5,vial3,16,29.884874268969998
208,id39,254.5,43.0,vial3,16,29.884874268969998
209,id39,255.0,40.5,vial3,16,29.884874268969998
210,id39,255.5,38.0,vial3,16,29.884874268969998
211,id39,255.5,36.0,vial3,16,29.884874268969998
212,id39,256.0,33.5,vial3,16,29.884874268969998
213,id39,256.0,31.5,vial3,16,29.884874268969998
214,id39,257.0,29.0,vial3,16,29.884874268969998
215,id39,257.0,27.0,vial3,16,29.884874268969998
216,id39,257.0,24.5,vial3,16,29.884874268969998
217,id39,257.5,22.0,vial3,16,29.884874268969998
218,id39,257.5,19.5,vial3,16,29.884874268969998
219,id39,258.0,18.0,vial3,16,29.884874268969998
220,id39,258.0,16.0,vial3,16,29.884874268969998
221,id39,258.5,14.0,vial3,16,29.884874268969998
222,id39,260.5,12.5,vial3,16,29.884874268969998
223,id39,260.5,11.0,vial3,16,29.884874268969998
224,id39,261.5,9.5,vial3,16,29.884874268969998
225,id39,262.0,8.5,vial3,16,29.884874268969998
226,id39,263.0,7.0,vial3,16,29.884874268969998
227,id39,264.0,5.5,vial3,16,29.884874268969998
228,id39,264.5,4.5,vial3,16,29.884874268969998
229,id39,265.0,4.0,vial3,16,29.884874268969998
230,id39,265.0,3.0,vial3,16,29.884874268969998
250,id39,285.5,2.5,vial3,16,29.884874268969998
251,id39,287.0,3.5,vial3,16,29.884874268969998
252,id39,286.5,4.5,vial3,16,29.884874268969998
253,id39,286.5,5.5,vial3,16,29.884874268969998
254,id39,287.0,8.0,vial3,16,29.884874268969998
255,id39,287.0,9.5,vial3,16,29.884874268969998
256,id39,287.0,9.5,vial3,16,29.884874268969998
257,id39,287.0,9.5,vial3,16,29.884874268969998
258,id39,287.0,9.5,vial3,16,29.884874268969998
259,id39,287.0,9.5,vial3,16,29.884874268969998
260,id39,286.5,9.0,vial3,16,29.884874268969998
261,id39,286.5,9.0,vial3,16,29.884874268969998
262,id39,286.5,8.0,vial3,16,29.884874268969998
263,id39,274.0,3.0,vial3,16,29.884874268969998
265,id39,245.5,15.5,vial3,16,29.884874268969998
266,id39,257.0,29.5,vial3,16,29.884874268969998
267,id39,270.5,29.5,vial3,16,29.884874268969998
268,id39,268.0,26.0,vial3,16,29.884874268969998
269,id39,267.5,27.5,vial3,16,29.884874268969998
270,id39,266.5,27.0,vial3,16,29.884874268969998
271,id39,266.5,27.0,vial3,16,29.884874268969998
272,id39,266.5,27.0,vial3,16,29.884874268969998
273,id39,266.0,26.0,vial3,16,29.884874268969998
274,id39,264.0,25.0,vial3,16,29.884874268969998
275,id39,261.5,24.5,vial3,16,29.884874268969998
276,id39,260.0,24.5,vial3,16,29.884874268969998
277,id39,257.5,24.0,vial3,16,29.884874268969998
278,id39,255.5,24.0,vial3,16,29.884874268969998
279,id39,253.5,24.5,vial3,16,29.884874268969998
280,id39,251.5,24.0,vial3,16,29.884874268969998
281,id39,250.0,25.0,vial3,16,29.884874268969998
282,id39,249.0,26.0,vial3,16,29.884874268969998
283,id39,248.0,27.5,vial3,16,29.884874268969998
284,id39,246.5,28.5,vial3,16,29.884874268969998
285,id39,245.5,29.0,vial3,16,29.884874268969998
286,id39,245.0,29.5,vial3,16,29.884874268969998
287,id39,244.0,28.5,vial3,16,29.884874268969998
288,id39,244.0,27.5,vial3,16,29.884874268969998
289,id39,243.5,26.5,vial3,16,29.884874268969998
290,id39,243.5,26.0,vial3,16,29.884874268969998
0,id4,627.0,274.5,vial6,38,29.884874268969998
1,id4,628.0,274.0,vial6,38,29.884874268969998
2,id4,628.0,273.0,vial6,38,29.884874268969998
3,id4,628.5,273.0,vial6,38,29.884874268969998
4,id4,629.0,273.0,vial6,38,29.884874268969998
5,id4,628.0,273.0,vial6,38,29.884874268969998
6,id4,629.0,273.0,vial6,38,29.884874268969998
7,id4,629.5,272.5,vial6,38,29.884874268969998
8,id4,629.0,272.0,vial6,38,29.884874268969998
9,id4,629.0,272.0,vial6,38,29.884874268969998
10,id4,629.5,272.0,vial6,38,29.884874268969998
11,id4,629.0,272.0,vial6,38,29.884874268969998
12,id4,630.0,272.0,vial6,38,29.884874268969998
13,id4,631.0,273.0,vial6,38,29.884874268969998
14,id4,633.0,274.5,vial6,38,29.884874268969998
15,id4,635.5,275.5,vial6,38,29.884874268969998
16,id4,637.0,277.5,vial6,38,29.884874268969998
17,id4,638.5,280.0,vial6,38,29.884874268969998
18,id4,638.5,281.5,vial6,38,29.884874268969998
19,id4,638.5,282.0,vial6,38,29.884874268969998
20,id4,638.5,282.0,vial6,38,29.884874268969998
21,id4,638.5,282.0,vial6,38,29.884874268969998
22,id4,638.5,282.0,vial6,38,29.884874268969998
23,id4,638.5,282.0,vial6,38,29.884874268969998
24,id4,638.5,282.0,vial6,38,29.884874268969998
25,id4,638.5,282.5,vial6,38,29.884874268969998
26,id4,639.0,283.5,vial6,38,29.884874268969998
27,id4,640.0,285.5,vial6,38,29.884874268969998
28,id4,640.5,287.5,vial6,38,29.884874268969998
29,id4,641.5,289.5,vial6,38,29.884874268969998
30,id4,642.5,291.0,vial6,38,29.884874268969998
31,id4,643.5,293.0,vial6,38,29.884874268969998
32,id4,643.5,295.0,vial6,38,29.884874268969998
33,id4,644.5,297.0,vial6,38,29.884874268969998
34,id4,645.0,298.5,vial6,38,29.884874268969998
35,id4,643.5,300.0,vial6,38,29.884874268969998
36,id4,642.5,301.0,vial6,38,29.884874268969998
37,id4,641.5,302.0,vial6,38,29.884874268969998
38,id4,640.0,302.5,vial6,38,29.884874268969998
39,id4,638.5,304.0,vial6,38,29.884874268969998
40,id4,636.5,304.5,vial6,38,29.884874268969998
41,id4,634.0,304.5,vial6,38,29.884874268969998
42,id4,631.5,305.5,vial6,38,29.884874268969998
43,id4,629.0,306.5,vial6,38,29.884874268969998
44,id4,627.0,306.5,vial6,38,29.884874268969998
45,id4,625.0,307.5,vial6,38,29.884874268969998
46,id4,623.5,307.5,vial6,38,29.884874268969998
47,id4,621.5,308.5,vial6,38,29.884874268969998
48,id4,620.0,308.5,vial6,38,29.884874268969998
49,id4,619.5,309.5,vial6,38,29.884874268969998
50,id4,619.5,309.5,vial6,38,29.884874268969998
51,id4,619.5,309.5,vial6,38,29.884874268969998
52,id4,619.5,309.5,vial6,38,29.884874268969998
53,id4,619.5,309.5,vial6,38,29.884874268969998
54,id4,619.5,309.5,vial6,38,29.884874268969998
55,id4,619.0,309.5,vial6,38,29.884874268969998
56,id4,618.0,311.0,vial6,38,29.884874268969998
57,id4,617.0,311.0,vial6,38,29.884874268969998
58,id4,616.0,313.0,vial6,38,29.884874268969998
59,id4,614.0,314.5,vial6,38,29.884874268969998
60,id4,613.0,315.5,vial6,38,29.884874268969998
61,id4,612.0,317.5,vial6,38,29.884874268969998
62,id4,611.0,318.5,vial6,38,29.884874268969998
63,id4,610.0,320.5,vial6,38,29.884874268969998
64,id4,609.0,322.5,vial6,38,29.884874268969998
65,id4,608.0,323.5,vial6,38,29.884874268969998
66,id4,607.0,325.5,vial6,38,29.884874268969998
67,id4,606.5,326.5,vial6,38,29.884874268969998
68,id4,605.5,328.0,vial6,38,29.884874268969998
69,id4,604.5,329.5,vial6,38,29.884874268969998
70,id4,604.0,330.0,vial6,38,29.884874268969998
71,id4,603.5,331.5,vial6,38,29.884874268969998
72,id4,603.0,332.0,vial6,38,29.884874268969998
73,id4,603.0,332.5,vial6,38,29.884874268969998
74,id4,602.5,332.5,vial6,38,29.884874268969998
75,id4,602.5,332.5,vial6,38,29.884874268969998
76,id4,603.0,332.5,vial6,38,29.884874268969998
77,id4,602.5,332.5,vial6,38,29.884874268969998
78,id4,602.5,332.5,vial6,38,29.884874268969998
79,id4,602.0,333.5,vial6,38,29.884874268969998
80,id4,601.5,334.5,vial6,38,29.884874268969998
81,id4,601.5,335.0,vial6,38,29.884874268969998
82,id4,601.0,335.5,vial6,38,29.884874268969998
83,id4,601.0,335.5,vial6,38,29.884874268969998
84,id4,601.0,335.5,vial6,38,29.884874268969998
85,id4,601.0,335.5,vial6,38,29.884874268969998
86,id4,601.0,335.5,vial6,38,29.884874268969998
87,id4,601.0,335.5,vial6,38,29.884874268969998
88,id4,601.0,335.5,vial6,38,29.884874268969998
89,id4,601.0,335.5,vial6,38,29.884874268969998
90,id4,601.0,335.5,vial6,38,29.884874268969998
91,id4,601.0,335.5,vial6,38,29.884874268969998
92,id4,601.0,335.5,vial6,38,29.884874268969998
93,id4,601.0,335.5,vial6,38,29.884874268969998
94,id4,601.0,335.5,vial6,38,29.884874268969998
95,id4,601.0,335.5,vial6,38,29.884874268969998
96,id4,601.0,336.0,vial6,38,29.884874268969998
97,id4,601.0,335.5,vial6,38,29.884874268969998
98,id4,600.5,336.0,vial6,38,29.884874268969998
99,id4,600.5,336.0,vial6,38,29.884874268969998
100,id4,600.5,335.5,vial6,38,29.884874268969998
101,id4,600.5,335.5,vial6,38,29.884874268969998
102,id4,600.5,334.5,vial6,38,29.884874268969998
103,id4,600.5,334.0,vial6,38,29.884874268969998
104,id4,601.0,333.5,vial6,38,29.884874268969998
105,id4,601.0,333.5,vial6,38,29.884874268969998
106,id4,601.5,333.0,vial6,38,29.884874268969998
107,id4,601.5,332.5,vial6,38,29.884874268969998
108,id4,602.5,332.5,vial6,38,29.884874268969998
109,id4,603.0,332.5,vial6,38,29.884874268969998
110,id4,604.0,332.5,vial6,38,29.884874268969998
111,id4,604.0,332.5,vial6,38,29.884874268969998
112,id4,605.0,332.5,vial6,38,29.884874268969998
113,id4,606.0,332.5,vial6,38,29.884874268969998
114,id4,606.0,332.5,vial6,38,29.884874268969998
115,id4,607.5,332.5,vial6,38,29.884874268969998
116,id4,609.0,332.0,vial6,38,29.884874268969998
117,id4,610.0,332.0,vial6,38,29.884874268969998
118,id4,611.5,333.0,vial6,38,29.884874268969998
119,id4,612.5,333.0,vial6,38,29.884874268969998
120,id4,614.0,334.0,vial6,38,29.884874268969998
121,id4,615.5,334.5,vial6,38,29.884874268969998
122,id4,617.0,335.0,vial6,38,29.884874268969998
123,id4,619.0,335.0,vial6,38,29.884874268969998
124,id4,621.0,335.5,vial6,38,29.884874268969998
125,id4,623.0,336.0,vial6,38,29.884874268969998
126,id4,623.5,336.0,vial6,38,29.884874268969998
127,id4,625.0,336.0,vial6,38,29.884874268969998
128,id4,626.0,336.0,vial6,38,29.884874268969998
129,id4,627.5,336.0,vial6,38,29.884874268969998
130,id4,628.5,336.0,vial6,38,29.884874268969998
131,id4,628.0,336.0,vial6,38,29.884874268969998
132,id4,628.0,336.0,vial6,38,29.884874268969998
133,id4,628.0,336.5,vial6,38,29.884874268969998
134,id4,627.0,336.5,vial6,38,29.884874268969998
135,id4,627.0,336.5,vial6,38,29.884874268969998
136,id4,627.0,336.5,vial6,38,29.884874268969998
137,id4,626.5,336.5,vial6,38,29.884874268969998
138,id4,626.0,336.5,vial6,38,29.884874268969998
139,id4,626.0,336.0,vial6,38,29.884874268969998
140,id4,625.5,335.5,vial6,38,29.884874268969998
141,id4,625.0,336.0,vial6,38,29.884874268969998
142,id4,624.5,336.0,vial6,38,29.884874268969998
143,id4,621.5,335.5,vial6,38,29.884874268969998
144,id4,620.0,335.5,vial6,38,29.884874268969998
145,id4,619.5,335.5,vial6,38,29.884874268969998
146,id4,619.0,335.5,vial6,38,29.884874268969998
147,id4,618.0,335.0,vial6,38,29.884874268969998
148,id4,617.0,335.0,vial6,38,29.884874268969998
149,id4,616.0,334.5,vial6,38,29.884874268969998
150,id4,615.5,334.0,vial6,38,29.884874268969998
151,id4,616.5,334.0,vial6,38,29.884874268969998
152,id4,617.5,334.0,vial6,38,29.884874268969998
153,id4,619.0,334.5,vial6,38,29.884874268969998
154,id4,620.0,335.0,vial6,38,29.884874268969998
155,id4,621.0,334.5,vial6,38,29.884874268969998
156,id4,623.0,335.0,vial6,38,29.884874268969998
157,id4,620.5,335.0,vial6,38,29.884874268969998
158,id4,619.5,335.0,vial6,38,29.884874268969998
159,id4,619.5,335.0,vial6,38,29.884874268969998
160,id4,619.0,335.0,vial6,38,29.884874268969998
161,id4,619.0,335.0,vial6,38,29.884874268969998
162,id4,620.0,335.0,vial6,38,29.884874268969998
163,id4,621.0,335.0,vial6,38,29.884874268969998
164,id4,622.0,334.5,vial6,38,29.884874268969998
168,id4,623.0,334.0,vial6,38,29.884874268969998
169,id4,623.5,335.5,vial6,38,29.884874268969998
170,id4,623.5,336.0,vial6,38,29.884874268969998
171,id4,631.5,334.0,vial6,38,29.884874268969998
172,id4,633.5,334.0,vial6,38,29.884874268969998
173,id4,634.5,334.0,vial6,38,29.884874268969998
174,id4,636.5,334.0,vial6,38,29.884874268969998
175,id4,639.0,334.0,vial6,38,29.884874268969998
176,id4,641.5,335.0,vial6,38,29.884874268969998
177,id4,642.5,335.5,vial6,38,29.884874268969998
178,id4,644.5,334.5,vial6,38,29.884874268969998
179,id4,646.5,333.5,vial6,38,29.884874268969998
180,id4,646.5,333.5,vial6,38,29.884874268969998
181,id4,648.5,333.0,vial6,38,29.884874268969998
182,id4,650.5,333.5,vial6,38,29.884874268969998
183,id4,652.0,334.0,vial6,38,29.884874268969998
184,id4,653.0,334.0,vial6,38,29.884874268969998
185,id4,654.0,334.0,vial6,38,29.884874268969998
186,id4,655.0,334.0,vial6,38,29.884874268969998
187,id4,656.0,334.0,vial6,38,29.884874268969998
188,id4,657.0,334.5,vial6,38,29.884874268969998
189,id4,658.0,334.5,vial6,38,29.884874268969998
190,id4,659.0,334.5,vial6,38,29.884874268969998
191,id4,660.0,335.0,vial6,38,29.884874268969998
192,id4,661.0,335.0,vial6,38,29.884874268969998
193,id4,663.0,335.0,vial6,38,29.884874268969998
194,id4,664.0,335.0,vial6,38,29.884874268969998
195,id4,664.0,336.0,vial6,38,29.884874268969998
196,id4,664.0,336.0,vial6,38,29.884874268969998
197,id4,664.5,336.0,vial6,38,29.884874268969998
198,id4,664.5,336.0,vial6,38,29.884874268969998
199,id4,664.5,336.0,vial6,38,29.884874268969998
200,id4,664.5,336.0,vial6,38,29.884874268969998
201,id4,664.0,336.0,vial6,38,29.884874268969998
202,id4,664.0,336.0,vial6,38,29.884874268969998
203,id4,663.5,337.0,vial6,38,29.884874268969998
204,id4,663.5,337.0,vial6,38,29.884874268969998
205,id4,663.5,337.0,vial6,38,29.884874268969998
206,id4,662.5,336.0,vial6,38,29.884874268969998
207,id4,663.5,337.0,vial6,38,29.884874268969998
208,id4,662.5,337.0,vial6,38,29.884874268969998
209,id4,661.5,337.0,vial6,38,29.884874268969998
210,id4,660.5,337.0,vial6,38,29.884874268969998
211,id4,660.5,337.0,vial6,38,29.884874268969998
212,id4,660.5,337.0,vial6,38,29.884874268969998
213,id4,659.5,337.0,vial6,38,29.884874268969998
214,id4,658.5,337.0,vial6,38,29.884874268969998
215,id4,658.5,337.0,vial6,38,29.884874268969998
216,id4,657.5,336.5,vial6,38,29.884874268969998
217,id4,656.0,335.5,vial6,38,29.884874268969998
218,id4,655.5,336.0,vial6,38,29.884874268969998
219,id4,655.5,336.0,vial6,38,29.884874268969998
220,id4,654.5,335.0,vial6,38,29.884874268969998
221,id4,654.5,335.0,vial6,38,29.884874268969998
222,id4,655.0,335.0,vial6,38,29.884874268969998
223,id4,655.0,333.5,vial6,38,29.884874268969998
224,id4,653.0,331.5,vial6,38,29.884874268969998
225,id4,653.0,331.0,vial6,38,29.884874268969998
226,id4,652.5,330.5,vial6,38,29.884874268969998
227,id4,652.0,329.0,vial6,38,29.884874268969998
228,id4,651.0,328.5,vial6,38,29.884874268969998
229,id4,650.0,327.5,vial6,38,29.884874268969998
230,id4,649.0,326.5,vial6,38,29.884874268969998
231,id4,649.0,324.5,vial6,38,29.884874268969998
232,id4,648.0,324.0,vial6,38,29.884874268969998
233,id4,646.5,323.5,vial6,38,29.884874268969998
234,id4,645.5,323.5,vial6,38,29.884874268969998
235,id4,645.0,322.5,vial6,38,29.884874268969998
236,id4,645.5,321.5,vial6,38,29.884874268969998
237,id4,645.5,321.5,vial6,38,29.884874268969998
238,id4,645.0,321.5,vial6,38,29.884874268969998
239,id4,645.0,321.5,vial6,38,29.884874268969998
240,id4,645.0,321.0,vial6,38,29.884874268969998
241,id4,645.0,320.5,vial6,38,29.884874268969998
242,id4,644.5,319.0,vial6,38,29.884874268969998
243,id4,644.5,319.0,vial6,38,29.884874268969998
244,id4,643.5,317.0,vial6,38,29.884874268969998
245,id4,644.0,315.0,vial6,38,29.884874268969998
246,id4,643.5,314.0,vial6,38,29.884874268969998
247,id4,642.5,312.0,vial6,38,29.884874268969998
248,id4,642.5,311.0,vial6,38,29.884874268969998
249,id4,642.0,310.0,vial6,38,29.884874268969998
250,id4,641.5,308.0,vial6,38,29.884874268969998
251,id4,641.5,305.5,vial6,38,29.884874268969998
252,id4,640.5,304.5,vial6,38,29.884874268969998
253,id4,639.5,303.0,vial6,38,29.884874268969998
254,id4,639.5,302.0,vial6,38,29.884874268969998
255,id4,639.5,302.0,vial6,38,29.884874268969998
256,id4,639.5,302.0,vial6,38,29.884874268969998
257,id4,639.5,302.0,vial6,38,29.884874268969998
258,id4,639.5,302.0,vial6,38,29.884874268969998
259,id4,639.5,302.0,vial6,38,29.884874268969998
260,id4,639.5,302.0,vial6,38,29.884874268969998
261,id4,639.5,302.0,vial6,38,29.884874268969998
262,id4,639.5,302.0,vial6,38,29.884874268969998
263,id4,639.5,302.0,vial6,38,29.884874268969998
264,id4,639.5,302.0,vial6,38,29.884874268969998
265,id4,639.5,302.0,vial6,38,29.884874268969998
266,id4,639.5,302.0,vial6,38,29.884874268969998
267,id4,639.5,302.0,vial6,38,29.884874268969998
268,id4,639.5,302.0,vial6,38,29.884874268969998
269,id4,639.5,302.0,vial6,38,29.884874268969998
270,id4,639.5,302.0,vial6,38,29.884874268969998
271,id4,639.5,302.0,vial6,38,29.884874268969998
272,id4,639.5,302.0,vial6,38,29.884874268969998
273,id4,639.5,302.0,vial6,38,29.884874268969998
274,id4,639.5,302.0,vial6,38,29.884874268969998
275,id4,640.0,302.0,vial6,38,29.884874268969998
276,id4,640.0,302.0,vial6,38,29.884874268969998
277,id4,640.0,302.0,vial6,38,29.884874268969998
278,id4,640.0,302.0,vial6,38,29.884874268969998
279,id4,640.0,302.0,vial6,38,29.884874268969998
280,id4,640.0,302.5,vial6,38,29.884874268969998
281,id4,640.0,302.5,vial6,38,29.884874268969998
282,id4,640.0,302.5,vial6,38,29.884874268969998
283,id4,640.0,302.5,vial6,38,29.884874268969998
284,id4,640.0,302.5,vial6,38,29.884874268969998
285,id4,640.0,302.5,vial6,38,29.884874268969998
286,id4,640.0,302.5,vial6,38,29.884874268969998
287,id4,640.5,302.5,vial6,38,29.884874268969998
288,id4,640.0,302.5,vial6,38,29.884874268969998
289,id4,640.0,302.0,vial6,38,29.884874268969998
290,id4,640.0,302.5,vial6,38,29.884874268969998
113,id40,545.5,2.5,vial5,34,29.884874268969998
177,id40,496.0,1.5,vial5,34,29.884874268969998
178,id40,496.0,1.0,vial5,34,29.884874268969998
179,id40,496.5,1.0,vial5,34,29.884874268969998
184,id40,516.0,1.5,vial5,34,29.884874268969998
185,id40,518.0,1.5,vial5,34,29.884874268969998
186,id40,518.5,1.0,vial5,34,29.884874268969998
0,id5,371.0,323.0,vial4,21,29.884874268969998
1,id5,371.0,320.0,vial4,21,29.884874268969998
2,id5,370.0,318.0,vial4,21,29.884874268969998
3,id5,372.0,316.0,vial4,21,29.884874268969998
4,id5,373.5,314.5,vial4,21,29.884874268969998
5,id5,374.0,311.5,vial4,21,29.884874268969998
6,id5,375.5,309.5,vial4,21,29.884874268969998
7,id5,377.0,305.5,vial4,21,29.884874268969998
8,id5,378.0,304.0,vial4,21,29.884874268969998
9,id5,381.0,301.5,vial4,21,29.884874268969998
10,id5,383.5,301.0,vial4,21,29.884874268969998
11,id5,386.0,300.0,vial4,21,29.884874268969998
12,id5,389.0,300.0,vial4,21,29.884874268969998
13,id5,390.5,300.0,vial4,21,29.884874268969998
14,id5,391.5,301.0,vial4,21,29.884874268969998
15,id5,392.0,301.0,vial4,21,29.884874268969998
16,id5,394.0,300.5,vial4,21,29.884874268969998
17,id5,395.0,301.0,vial4,21,29.884874268969998
18,id5,398.0,301.5,vial4,21,29.884874268969998
19,id5,400.0,303.0,vial4,21,29.884874268969998
20,id5,402.0,303.5,vial4,21,29.884874268969998
21,id5,404.5,304.0,vial4,21,29.884874268969998
22,id5,407.5,304.5,vial4,21,29.884874268969998
23,id5,409.5,305.5,vial4,21,29.884874268969998
24,id5,411.5,306.0,vial4,21,29.884874268969998
25,id5,412.5,307.0,vial4,21,29.884874268969998
26,id5,414.5,308.0,vial4,21,29.884874268969998
27,id5,417.0,308.5,vial4,21,29.884874268969998
28,id5,419.5,310.5,vial4,21,29.884874268969998
29,id5,421.0,311.5,vial4,21,29.884874268969998
30,id5,423.0,312.5,vial4,21,29.884874268969998
31,id5,423.5,313.5,vial4,21,29.884874268969998
32,id5,425.0,314.5,vial4,21,29.884874268969998
33,id5,426.5,316.0,vial4,21,29.884874268969998
34,id5,427.5,316.5,vial4,21,29.884874268969998
35,id5,427.5,317.0,vial4,21,29.884874268969998
36,id5,428.5,317.0,vial4,21,29.884874268969998
37,id5,428.5,316.5,vial4,21,29.884874268969998
38,id5,429.5,315.5,vial4,21,29.884874268969998
39,id5,429.0,315.5,vial4,21,29.884874268969998
40,id5,429.0,314.5,vial4,21,29.884874268969998
41,id5,428.5,313.5,vial4,21,29.884874268969998
42,id5,428.0,312.5,vial4,21,29.884874268969998
43,id5,427.5,312.0,vial4,21,29.884874268969998
44,id5,426.0,311.0,vial4,21,29.884874268969998
45,id5,426.0,310.5,vial4,21,29.884874268969998
46,id5,425.0,309.5,vial4,21,29.884874268969998
47,id5,424.0,308.5,vial4,21,29.884874268969998
48,id5,423.0,308.5,vial4,21,29.884874268969998
49,id5,422.5,308.5,vial4,21,29.884874268969998
50,id5,422.5,308.0,vial4,21,29.884874268969998
51,id5,422.5,308.0,vial4,21,29.884874268969998
52,id5,422.5,308.0,vial4,21,29.884874268969998
53,id5,423.5,308.5,vial4,21,29.884874268969998
54,id5,423.5,308.5,vial4,21,29.884874268969998
55,id5,423.5,308.5,vial4,21,29.884874268969998
56,id5,423.5,308.5,vial4,21,29.884874268969998
57,id5,423.5,308.5,vial4,21,29.884874268969998
58,id5,423.5,308.5,vial4,21,29.884874268969998
59,id5,422.5,309.0,vial4,21,29.884874268969998
60,id5,422.0,308.0,vial4,21,29.884874268969998
61,id5,421.0,308.0,vial4,21,29.884874268969998
62,id5,420.0,307.0,vial4,21,29.884874268969998
63,id5,418.0,307.0,vial4,21,29.884874268969998
64,id5,417.0,307.0,vial4,21,29.884874268969998
65,id5,415.5,307.0,vial4,21,29.884874268969998
66,id5,414.0,306.5,vial4,21,29.884874268969998
67,id5,414.0,306.0,vial4,21,29.884874268969998
68,id5,414.0,306.0,vial4,21,29.884874268969998
69,id5,414.0,306.0,vial4,21,29.884874268969998
70,id5,414.0,306.0,vial4,21,29.884874268969998
71,id5,414.5,306.0,vial4,21,29.884874268969998
72,id5,414.5,306.0,vial4,21,29.884874268969998
73,id5,414.5,306.0,vial4,21,29.884874268969998
74,id5,414.5,306.0,vial4,21,29.884874268969998
75,id5,415.0,306.0,vial4,21,29.884874268969998
76,id5,415.0,306.5,vial4,21,29.884874268969998
77,id5,415.0,306.5,vial4,21,29.884874268969998
78,id5,414.0,306.0,vial4,21,29.884874268969998
79,id5,413.0,306.0,vial4,21,29.884874268969998
80,id5,412.0,306.0,vial4,21,29.884874268969998
81,id5,410.5,306.0,vial4,21,29.884874268969998
82,id5,409.0,306.0,vial4,21,29.884874268969998
83,id5,408.0,306.0,vial4,21,29.884874268969998
84,id5,406.5,305.5,vial4,21,29.884874268969998
85,id5,405.5,305.5,vial4,21,29.884874268969998
86,id5,404.0,305.0,vial4,21,29.884874268969998
87,id5,404.0,305.0,vial4,21,29.884874268969998
88,id5,404.0,305.0,vial4,21,29.884874268969998
89,id5,403.5,305.0,vial4,21,29.884874268969998
90,id5,404.0,305.0,vial4,21,29.884874268969998
91,id5,402.0,304.0,vial4,21,29.884874268969998
92,id5,373.5,296.0,vial4,21,29.884874268969998
93,id5,364.5,293.5,vial4,21,29.884874268969998
94,id5,365.0,293.5,vial4,21,29.884874268969998
95,id5,365.0,293.5,vial4,21,29.884874268969998
96,id5,365.0,293.5,vial4,21,29.884874268969998
97,id5,365.0,293.5,vial4,21,29.884874268969998
98,id5,365.0,293.5,vial4,21,29.884874268969998
99,id5,365.0,294.0,vial4,21,29.884874268969998
100,id5,364.5,296.5,vial4,21,29.884874268969998
101,id5,365.0,296.5,vial4,21,29.884874268969998
102,id5,365.0,296.5,vial4,21,29.884874268969998
103,id5,365.5,295.5,vial4,21,29.884874268969998
104,id5,365.5,295.0,vial4,21,29.884874268969998
105,id5,366.5,290.5,vial4,21,29.884874268969998
106,id5,367.5,289.0,vial4,21,29.884874268969998
107,id5,368.5,287.5,vial4,21,29.884874268969998
108,id5,370.0,285.0,vial4,21,29.884874268969998
109,id5,371.5,282.5,vial4,21,29.884874268969998
110,id5,372.5,281.5,vial4,21,29.884874268969998
111,id5,374.0,279.5,vial4,21,29.884874268969998
112,id5,376.0,278.0,vial4,21,29.884874268969998
113,id5,377.0,277.0,vial4,21,29.884874268969998
114,id5,378.5,275.0,vial4,21,29.884874268969998
115,id5,380.5,273.5,vial4,21,29.884874268969998
116,id5,382.0,272.0,vial4,21,29.884874268969998
117,id5,383.0,271.0,vial4,21,29.884874268969998
118,id5,384.5,270.0,vial4,21,29.884874268969998
119,id5,385.5,268.5,vial4,21,29.884874268969998
120,id5,387.5,267.0,vial4,21,29.884874268969998
121,id5,388.5,266.0,vial4,21,29.884874268969998
122,id5,389.5,265.0,vial4,21,29.884874268969998
123,id5,389.5,265.0,vial4,21,29.884874268969998
124,id5,390.0,264.5,vial4,21,29.884874268969998
125,id5,390.0,264.5,vial4,21,29.884874268969998
126,id5,390.0,264.5,vial4,21,29.884874268969998
127,id5,390.0,264.0,vial4,21,29.884874268969998
128,id5,390.0,261.5,vial4,21,29.884874268969998
129,id5,390.5,260.0,vial4,21,29.884874268969998
130,id5,391.5,257.0,vial4,21,29.884874268969998
131,id5,391.5,254.5,vial4,21,29.884874268969998
132,id5,392.0,251.5,vial4,21,29.884874268969998
133,id5,392.0,248.0,vial4,21,29.884874268969998
134,id5,392.0,244.5,vial4,21,29.884874268969998
135,id5,391.5,241.5,vial4,21,29.884874268969998
136,id5,391.0,238.0,vial4,21,29.884874268969998
137,id5,390.0,235.0,vial4,21,29.884874268969998
138,id5,389.5,231.5,vial4,21,29.884874268969998
139,id5,388.0,228.5,vial4,21,29.884874268969998
140,id5,387.0,225.0,vial4,21,29.884874268969998
141,id5,386.0,222.5,vial4,21,29.884874268969998
142,id5,385.5,220.0,vial4,21,29.884874268969998
143,id5,384.0,217.0,vial4,21,29.884874268969998
144,id5,382.5,214.0,vial4,21,29.884874268969998
145,id5,381.5,211.5,vial4,21,29.884874268969998
146,id5,379.5,208.5,vial4,21,29.884874268969998
147,id5,378.0,206.5,vial4,21,29.884874268969998
148,id5,377.5,205.5,vial4,21,29.884874268969998
149,id5,377.0,204.5,vial4,21,29.884874268969998
150,id5,376.0,203.5,vial4,21,29.884874268969998
151,id5,375.5,202.5,vial4,21,29.884874268969998
152,id5,374.5,201.5,vial4,21,29.884874268969998
153,id5,373.5,199.5,vial4,21,29.884874268969998
154,id5,372.5,198.0,vial4,21,29.884874268969998
155,id5,371.5,196.0,vial4,21,29.884874268969998
156,id5,370.5,194.0,vial4,21,29.884874268969998
157,id5,368.5,192.5,vial4,21,29.884874268969998
158,id5,368.0,190.5,vial4,21,29.884874268969998
159,id5,366.5,188.5,vial4,21,29.884874268969998
160,id5,366.0,186.5,vial4,21,29.884874268969998
161,id5,365.0,185.0,vial4,21,29.884874268969998
162,id5,365.0,183.5,vial4,21,29.884874268969998
163,id5,364.0,182.0,vial4,21,29.884874268969998
164,id5,364.0,180.5,vial4,21,29.884874268969998
165,id5,364.0,179.0,vial4,21,29.884874268969998
166,id5,364.0,177.5,vial4,21,29.884874268969998
167,id5,364.0,176.0,vial4,21,29.884874268969998
168,id5,364.5,174.5,vial4,21,29.884874268969998
169,id5,364.5,173.0,vial4,21,29.884874268969998
170,id5,365.0,171.5,vial4,21,29.884874268969998
171,id5,365.5,169.5,vial4,21,29.884874268969998
172,id5,366.0,168.0,vial4,21,29.884874268969998
173,id5,367.0,166.5,vial4,21,29.884874268969998
174,id5,368.0,165.5,vial4,21,29.884874268969998
175,id5,369.0,164.0,vial4,21,29.884874268969998
176,id5,369.0,162.5,vial4,21,29.884874268969998
177,id5,369.5,162.0,vial4,21,29.884874268969998
178,id5,370.0,161.0,vial4,21,29.884874268969998
179,id5,370.0,160.5,vial4,21,29.884874268969998
180,id5,370.0,160.0,vial4,21,29.884874268969998
181,id5,370.0,160.0,vial4,21,29.884874268969998
182,id5,370.0,160.0,vial4,21,29.884874268969998
183,id5,370.0,160.0,vial4,21,29.884874268969998
184,id5,370.0,160.0,vial4,21,29.884874268969998
185,id5,370.0,160.0,vial4,21,29.884874268969998
186,id5,369.5,160.0,vial4,21,29.884874268969998
187,id5,370.0,160.0,vial4,21,29.884874268969998
188,id5,369.5,160.0,vial4,21,29.884874268969998
189,id5,369.5,160.0,vial4,21,29.884874268969998
190,id5,369.5,160.0,vial4,21,29.884874268969998
191,id5,369.5,160.5,vial4,21,29.884874268969998
192,id5,369.5,160.5,vial4,21,29.884874268969998
193,id5,369.5,160.5,vial4,21,29.884874268969998
194,id5,369.5,160.5,vial4,21,29.884874268969998
195,id5,369.5,160.5,vial4,21,29.884874268969998
196,id5,369.0,161.0,vial4,21,29.884874268969998
197,id5,369.0,161.0,vial4,21,29.884874268969998
198,id5,369.0,161.0,vial4,21,29.884874268969998
199,id5,369.0,161.0,vial4,21,29.884874268969998
200,id5,369.0,161.0,vial4,21,29.884874268969998
201,id5,369.0,161.0,vial4,21,29.884874268969998
202,id5,369.0,161.0,vial4,21,29.884874268969998
203,id5,369.0,161.0,vial4,21,29.884874268969998
204,id5,369.0,161.0,vial4,21,29.884874268969998
205,id5,369.0,160.5,vial4,21,29.884874268969998
206,id5,369.0,160.5,vial4,21,29.884874268969998
207,id5,369.0,160.5,vial4,21,29.884874268969998
208,id5,369.0,160.5,vial4,21,29.884874268969998
209,id5,369.5,160.5,vial4,21,29.884874268969998
210,id5,369.5,160.5,vial4,21,29.884874268969998
211,id5,369.5,160.5,vial4,21,29.884874268969998
212,id5,369.5,161.0,vial4,21,29.884874268969998
213,id5,369.5,160.5,vial4,21,29.884874268969998
214,id5,369.5,160.5,vial4,21,29.884874268969998
215,id5,369.5,160.5,vial4,21,29.884874268969998
216,id5,369.0,160.5,vial4,21,29.884874268969998
217,id5,369.0,160.5,vial4,21,29.884874268969998
218,id5,369.0,160.5,vial4,21,29.884874268969998
219,id5,369.0,160.5,vial4,21,29.884874268969998
220,id5,369.0,160.5,vial4,21,29.884874268969998
221,id5,369.0,160.5,vial4,21,29.884874268969998
222,id5,369.0,161.0,vial4,21,29.884874268969998
223,id5,369.0,161.0,vial4,21,29.884874268969998
224,id5,369.0,160.5,vial4,21,29.884874268969998
225,id5,369.0,160.5,vial4,21,29.884874268969998
226,id5,369.0,160.5,vial4,21,29.884874268969998
227,id5,369.0,160.5,vial4,21,29.884874268969998
228,id5,369.5,161.0,vial4,21,29.884874268969998
229,id5,369.5,160.5,vial4,21,29.884874268969998
230,id5,369.0,160.5,vial4,21,29.884874268969998
231,id5,369.0,160.5,vial4,21,29.884874268969998
232,id5,369.0,160.5,vial4,21,29.884874268969998
233,id5,369.0,160.5,vial4,21,29.884874268969998
234,id5,369.0,160.5,vial4,21,29.884874268969998
235,id5,369.0,160.5,vial4,21,29.884874268969998
236,id5,369.0,160.5,vial4,21,29.884874268969998
237,id5,369.0,160.5,vial4,21,29.884874268969998
238,id5,369.0,160.5,vial4,21,29.884874268969998
239,id5,369.0,160.5,vial4,21,29.884874268969998
240,id5,369.0,160.5,vial4,21,29.884874268969998
241,id5,369.0,160.5,vial4,21,29.884874268969998
242,id5,369.0,160.5,vial4,21,29.884874268969998
243,id5,369.0,160.5,vial4,21,29.884874268969998
244,id5,369.0,160.5,vial4,21,29.884874268969998
245,id5,369.0,160.5,vial4,21,29.884874268969998
246,id5,369.0,160.5,vial4,21,29.884874268969998
247,id5,369.0,160.5,vial4,21,29.884874268969998
248,id5,369.0,161.0,vial4,21,29.884874268969998
249,id5,369.0,161.0,vial4,21,29.884874268969998
250,id5,369.0,161.0,vial4,21,29.884874268969998
251,id5,369.5,161.0,vial4,21,29.884874268969998
252,id5,369.0,161.0,vial4,21,29.884874268969998
253,id5,369.0,161.0,vial4,21,29.884874268969998
254,id5,369.5,160.0,vial4,21,29.884874268969998
255,id5,370.0,159.5,vial4,21,29.884874268969998
256,id5,370.0,159.0,vial4,21,29.884874268969998
257,id5,370.0,159.0,vial4,21,29.884874268969998
258,id5,370.0,159.0,vial4,21,29.884874268969998
259,id5,370.0,158.0,vial4,21,29.884874268969998
260,id5,370.0,158.0,vial4,21,29.884874268969998
261,id5,370.5,157.0,vial4,21,29.884874268969998
262,id5,370.5,156.5,vial4,21,29.884874268969998
263,id5,371.0,155.0,vial4,21,29.884874268969998
264,id5,371.0,155.0,vial4,21,29.884874268969998
265,id5,371.5,154.0,vial4,21,29.884874268969998
266,id5,372.5,153.0,vial4,21,29.884874268969998
267,id5,372.5,152.0,vial4,21,29.884874268969998
268,id5,373.0,151.0,vial4,21,29.884874268969998
269,id5,373.5,150.5,vial4,21,29.884874268969998
270,id5,374.0,150.0,vial4,21,29.884874268969998
271,id5,374.0,149.5,vial4,21,29.884874268969998
272,id5,374.0,149.5,vial4,21,29.884874268969998
273,id5,375.0,149.0,vial4,21,29.884874268969998
274,id5,389.5,139.5,vial4,21,29.884874268969998
275,id5,398.5,123.0,vial4,21,29.884874268969998
276,id5,412.5,103.0,vial4,21,29.884874268969998
277,id5,427.5,89.0,vial4,21,29.884874268969998
278,id5,427.5,88.0,vial4,21,29.884874268969998
279,id5,427.5,87.0,vial4,21,29.884874268969998
280,id5,427.5,87.0,vial4,21,29.884874268969998
281,id5,427.5,86.0,vial4,21,29.884874268969998
282,id5,427.0,84.0,vial4,21,29.884874268969998
283,id5,427.0,82.0,vial4,21,29.884874268969998
284,id5,427.0,80.0,vial4,21,29.884874268969998
285,id5,427.5,78.0,vial4,21,29.884874268969998
286,id5,427.5,76.0,vial4,21,29.884874268969998
287,id5,427.5,74.5,vial4,21,29.884874268969998
288,id5,427.5,72.5,vial4,21,29.884874268969998
289,id5,427.5,71.0,vial4,21,29.884874268969998
290,id5,427.5,69.5,vial4,21,29.884874268969998
0,id6,659.0,321.0,vial6,40,29.884874268969998
1,id6,659.5,321.0,vial6,40,29.884874268969998
2,id6,658.5,321.0,vial6,40,29.884874268969998
3,id6,659.5,320.5,vial6,40,29.884874268969998
4,id6,660.5,320.0,vial6,40,29.884874268969998
5,id6,659.5,320.0,vial6,40,29.884874268969998
6,id6,660.0,320.0,vial6,40,29.884874268969998
7,id6,660.5,320.0,vial6,40,29.884874268969998
8,id6,659.5,320.0,vial6,40,29.884874268969998
9,id6,660.0,319.5,vial6,40,29.884874268969998
10,id6,660.5,319.5,vial6,40,29.884874268969998
11,id6,660.0,319.0,vial6,40,29.884874268969998
12,id6,660.5,318.5,vial6,40,29.884874268969998
13,id6,660.5,318.5,vial6,40,29.884874268969998
14,id6,660.5,318.5,vial6,40,29.884874268969998
15,id6,660.5,318.0,vial6,40,29.884874268969998
16,id6,660.5,317.5,vial6,40,29.884874268969998
17,id6,660.0,317.0,vial6,40,29.884874268969998
18,id6,660.5,316.5,vial6,40,29.884874268969998
19,id6,660.5,316.5,vial6,40,29.884874268969998
20,id6,660.0,316.5,vial6,40,29.884874268969998
21,id6,660.5,316.5,vial6,40,29.884874268969998
22,id6,661.0,315.5,vial6,40,29.884874268969998
23,id6,660.5,315.5,vial6,40,29.884874268969998
24,id6,660.5,314.5,vial6,40,29.884874268969998
25,id6,661.0,314.5,vial6,40,29.884874268969998
26,id6,661.0,313.5,vial6,40,29.884874268969998
27,id6,660.5,312.5,vial6,40,29.884874268969998
28,id6,660.5,312.5,vial6,40,29.884874268969998
29,id6,660.5,311.5,vial6,40,29.884874268969998
30,id6,660.5,311.5,vial6,40,29.884874268969998
31,id6,661.0,310.5,vial6,40,29.884874268969998
32,id6,660.5,309.5,vial6,40,29.884874268969998
33,id6,660.5,307.5,vial6,40,29.884874268969998
34,id6,661.0,307.0,vial6,40,29.884874268969998
35,id6,660.5,306.0,vial6,40,29.884874268969998
36,id6,661.0,305.0,vial6,40,29.884874268969998
37,id6,661.0,304.5,vial6,40,29.884874268969998
38,id6,660.5,303.5,vial6,40,29.884874268969998
39,id6,660.5,302.5,vial6,40,29.884874268969998
40,id6,660.5,301.5,vial6,40,29.884874268969998
41,id6,660.5,300.5,vial6,40,29.884874268969998
42,id6,660.5,299.0,vial6,40,29.884874268969998
43,id6,660.5,298.5,vial6,40,29.884874268969998
44,id6,660.5,298.0,vial6,40,29.884874268969998
45,id6,660.5,297.5,vial6,40,29.884874268969998
46,id6,660.5,297.5,vial6,40,29.884874268969998
47,id6,660.5,296.5,vial6,40,29.884874268969998
48,id6,660.5,297.0,vial6,40,29.884874268969998
49,id6,661.0,296.5,vial6,40,29.884874268969998
50,id6,660.5,296.5,vial6,40,29.884874268969998
51,id6,660.5,296.5,vial6,40,29.884874268969998
52,id6,660.5,296.5,vial6,40,29.884874268969998
53,id6,660.5,296.5,vial6,40,29.884874268969998
54,id6,660.5,296.5,vial6,40,29.884874268969998
55,id6,661.0,296.5,vial6,40,29.884874268969998
56,id6,661.0,296.5,vial6,40,29.884874268969998
57,id6,661.0,296.5,vial6,40,29.884874268969998
58,id6,661.5,296.5,vial6,40,29.884874268969998
59,id6,660.5,296.5,vial6,40,29.884874268969998
60,id6,660.5,295.5,vial6,40,29.884874268969998
61,id6,660.5,295.5,vial6,40,29.884874268969998
62,id6,661.0,295.0,vial6,40,29.884874268969998
63,id6,660.5,294.5,vial6,40,29.884874268969998
64,id6,661.0,294.5,vial6,40,29.884874268969998
65,id6,661.5,293.5,vial6,40,29.884874268969998
66,id6,661.5,293.5,vial6,40,29.884874268969998
67,id6,661.5,293.0,vial6,40,29.884874268969998
68,id6,661.5,292.5,vial6,40,29.884874268969998
69,id6,661.5,292.5,vial6,40,29.884874268969998
70,id6,661.5,291.5,vial6,40,29.884874268969998
71,id6,661.5,291.5,vial6,40,29.884874268969998
72,id6,661.5,291.5,vial6,40,29.884874268969998
73,id6,661.5,292.0,vial6,40,29.884874268969998
74,id6,661.5,292.0,vial6,40,29.884874268969998
75,id6,661.5,292.0,vial6,40,29.884874268969998
76,id6,661.5,292.0,vial6,40,29.884874268969998
77,id6,661.5,292.0,vial6,40,29.884874268969998
78,id6,661.5,292.0,vial6,40,29.884874268969998
79,id6,661.5,292.0,vial6,40,29.884874268969998
80,id6,661.5,292.0,vial6,40,29.884874268969998
81,id6,661.5,291.5,vial6,40,29.884874268969998
82,id6,661.5,291.5,vial6,40,29.884874268969998
83,id6,661.5,290.5,vial6,40,29.884874268969998
84,id6,661.5,289.5,vial6,40,29.884874268969998
85,id6,660.5,288.0,vial6,40,29.884874268969998
86,id6,660.5,287.0,vial6,40,29.884874268969998
87,id6,660.5,286.5,vial6,40,29.884874268969998
88,id6,660.5,285.5,vial6,40,29.884874268969998
89,id6,660.5,284.5,vial6,40,29.884874268969998
90,id6,659.5,283.0,vial6,40,29.884874268969998
91,id6,660.0,282.5,vial6,40,29.884874268969998
92,id6,659.5,281.0,vial6,40,29.884874268969998
93,id6,659.5,280.0,vial6,40,29.884874268969998
94,id6,658.5,278.0,vial6,40,29.884874268969998
95,id6,658.5,277.5,vial6,40,29.884874268969998
96,id6,658.5,276.5,vial6,40,29.884874268969998
97,id6,658.5,276.0,vial6,40,29.884874268969998
98,id6,657.5,274.5,vial6,40,29.884874268969998
99,id6,657.5,274.5,vial6,40,29.884874268969998
100,id6,657.5,273.0,vial6,40,29.884874268969998
101,id6,657.5,272.0,vial6,40,29.884874268969998
102,id6,657.0,271.5,vial6,40,29.884874268969998
103,id6,656.5,270.0,vial6,40,29.884874268969998
104,id6,656.0,269.5,vial6,40,29.884874268969998
105,id6,656.0,269.0,vial6,40,29.884874268969998
106,id6,655.5,269.0,vial6,40,29.884874268969998
107,id6,656.0,268.5,vial6,40,29.884874268969998
108,id6,656.5,268.0,vial6,40,29.884874268969998
109,id6,655.5,267.0,vial6,40,29.884874268969998
110,id6,655.5,265.5,vial6,40,29.884874268969998
111,id6,655.5,264.5,vial6,40,29.884874268969998
112,id6,655.5,263.5,vial6,40,29.884874268969998
113,id6,655.5,262.5,vial6,40,29.884874268969998
114,id6,655.5,261.0,vial6,40,29.884874268969998
115,id6,655.0,259.5,vial6,40,29.884874268969998
116,id6,655.5,258.5,vial6,40,29.884874268969998
117,id6,655.5,257.5,vial6,40,29.884874268969998
118,id6,655.0,255.5,vial6,40,29.884874268969998
119,id6,655.5,254.5,vial6,40,29.884874268969998
120,id6,655.5,252.5,vial6,40,29.884874268969998
121,id6,655.5,251.5,vial6,40,29.884874268969998
122,id6,655.5,249.5,vial6,40,29.884874268969998
123,id6,655.5,247.5,vial6,40,29.884874268969998
124,id6,655.5,246.0,vial6,40,29.884874268969998
125,id6,655.0,244.5,vial6,40,29.884874268969998
126,id6,655.0,242.5,vial6,40,29.884874268969998
127,id6,655.5,240.5,vial6,40,29.884874268969998
128,id6,655.0,239.0,vial6,40,29.884874268969998
129,id6,655.0,237.5,vial6,40,29.884874268969998
130,id6,654.5,235.5,vial6,40,29.884874268969998
131,id6,654.5,235.5,vial6,40,29.884874268969998
132,id6,654.5,234.5,vial6,40,29.884874268969998
133,id6,654.5,234.5,vial6,40,29.884874268969998
134,id6,654.5,233.5,vial6,40,29.884874268969998
135,id6,654.5,232.5,vial6,40,29.884874268969998
136,id6,654.5,232.5,vial6,40,29.884874268969998
137,id6,654.5,232.5,vial6,40,29.884874268969998
138,id6,654.5,232.5,vial6,40,29.884874268969998
139,id6,654.5,232.5,vial6,40,29.884874268969998
140,id6,654.5,232.5,vial6,40,29.884874268969998
141,id6,654.5,232.0,vial6,40,29.884874268969998
142,id6,654.5,232.0,vial6,40,29.884874268969998
143,id6,654.5,232.0,vial6,40,29.884874268969998
144,id6,654.5,232.0,vial6,40,29.884874268969998
145,id6,654.5,232.0,vial6,40,29.884874268969998
146,id6,654.5,232.0,vial6,40,29.884874268969998
147,id6,654.5,232.0,vial6,40,29.884874268969998
148,id6,654.5,232.0,vial6,40,29.884874268969998
149,id6,654.5,231.5,vial6,40,29.884874268969998
150,id6,654.5,231.5,vial6,40,29.884874268969998
151,id6,654.0,230.5,vial6,40,29.884874268969998
152,id6,654.0,230.0,vial6,40,29.884874268969998
153,id6,653.5,229.5,vial6,40,29.884874268969998
154,id6,654.0,228.5,vial6,40,29.884874268969998
155,id6,653.5,228.5,vial6,40,29.884874268969998
156,id6,653.5,228.5,vial6,40,29.884874268969998
157,id6,653.5,228.5,vial6,40,29.884874268969998
158,id6,653.5,227.5,vial6,40,29.884874268969998
159,id6,653.5,227.5,vial6,40,29.884874268969998
160,id6,653.5,226.0,vial6,40,29.884874268969998
161,id6,653.0,225.5,vial6,40,29.884874268969998
162,id6,652.5,224.5,vial6,40,29.884874268969998
163,id6,652.5,224.0,vial6,40,29.884874268969998
164,id6,652.0,223.5,vial6,40,29.884874268969998
165,id6,652.0,223.0,vial6,40,29.884874268969998
166,id6,652.0,223.0,vial6,40,29.884874268969998
167,id6,651.0,223.0,vial6,40,29.884874268969998
168,id6,651.0,223.0,vial6,40,29.884874268969998
169,id6,651.0,223.0,vial6,40,29.884874268969998
170,id6,651.0,222.0,vial6,40,29.884874268969998
171,id6,651.0,222.0,vial6,40,29.884874268969998
172,id6,651.0,222.0,vial6,40,29.884874268969998
173,id6,651.0,222.0,vial6,40,29.884874268969998
174,id6,651.0,221.5,vial6,40,29.884874268969998
175,id6,651.0,221.5,vial6,40,29.884874268969998
176,id6,651.0,221.5,vial6,40,29.884874268969998
177,id6,651.0,221.5,vial6,40,29.884874268969998
178,id6,651.0,221.5,vial6,40,29.884874268969998
179,id6,651.0,221.5,vial6,40,29.884874268969998
180,id6,651.0,221.5,vial6,40,29.884874268969998
181,id6,650.5,221.0,vial6,40,29.884874268969998
182,id6,646.0,219.0,vial6,40,29.884874268969998
183,id6,626.0,204.5,vial6,40,29.884874268969998
184,id6,618.0,188.0,vial6,40,29.884874268969998
185,id6,614.0,168.0,vial6,40,29.884874268969998
186,id6,604.5,157.0,vial6,40,29.884874268969998
187,id6,607.5,174.5,vial6,40,29.884874268969998
188,id6,614.0,193.5,vial6,40,29.884874268969998
189,id6,613.5,215.0,vial6,40,29.884874268969998
190,id6,617.5,234.5,vial6,40,29.884874268969998
191,id6,616.0,261.5,vial6,40,29.884874268969998
193,id6,605.5,304.5,vial6,40,29.884874268969998
194,id6,609.5,325.5,vial6,40,29.884874268969998
195,id6,608.5,336.5,vial6,40,29.884874268969998
196,id6,608.5,336.0,vial6,40,29.884874268969998
197,id6,608.0,336.0,vial6,40,29.884874268969998
198,id6,608.0,336.0,vial6,40,29.884874268969998
199,id6,607.5,336.0,vial6,40,29.884874268969998
200,id6,606.5,336.0,vial6,40,29.884874268969998
201,id6,605.5,336.0,vial6,40,29.884874268969998
202,id6,605.0,336.5,vial6,40,29.884874268969998
203,id6,605.0,336.5,vial6,40,29.884874268969998
204,id6,605.0,336.5,vial6,40,29.884874268969998
205,id6,604.5,336.5,vial6,40,29.884874268969998
206,id6,604.0,337.0,vial6,40,29.884874268969998
207,id6,604.0,337.0,vial6,40,29.884874268969998
208,id6,604.0,337.0,vial6,40,29.884874268969998
209,id6,604.5,337.0,vial6,40,29.884874268969998
210,id6,604.5,337.0,vial6,40,29.884874268969998
211,id6,605.0,337.0,vial6,40,29.884874268969998
212,id6,606.0,336.5,vial6,40,29.884874268969998
213,id6,607.0,336.5,vial6,40,29.884874268969998
214,id6,607.5,336.0,vial6,40,29.884874268969998
215,id6,608.0,336.0,vial6,40,29.884874268969998
216,id6,609.0,336.0,vial6,40,29.884874268969998
217,id6,611.0,336.0,vial6,40,29.884874268969998
218,id6,612.0,336.0,vial6,40,29.884874268969998
219,id6,613.0,336.0,vial6,40,29.884874268969998
220,id6,613.0,336.0,vial6,40,29.884874268969998
221,id6,614.0,336.0,vial6,40,29.884874268969998
222,id6,614.0,336.0,vial6,40,29.884874268969998
223,id6,614.5,336.0,vial6,40,29.884874268969998
224,id6,614.5,336.5,vial6,40,29.884874268969998
225,id6,614.5,336.5,vial6,40,29.884874268969998
226,id6,615.5,337.0,vial6,40,29.884874268969998
227,id6,616.5,337.0,vial6,40,29.884874268969998
228,id6,617.5,337.0,vial6,40,29.884874268969998
229,id6,618.5,337.0,vial6,40,29.884874268969998
230,id6,619.5,336.5,vial6,40,29.884874268969998
231,id6,620.5,337.0,vial6,40,29.884874268969998
232,id6,620.5,337.0,vial6,40,29.884874268969998
233,id6,620.5,337.0,vial6,40,29.884874268969998
234,id6,620.5,337.0,vial6,40,29.884874268969998
235,id6,629.5,328.5,vial6,40,29.884874268969998
236,id6,662.0,319.5,vial6,40,29.884874268969998
237,id6,657.0,324.0,vial6,40,29.884874268969998
238,id6,661.5,333.5,vial6,40,29.884874268969998
239,id6,652.5,332.5,vial6,40,29.884874268969998
240,id6,638.5,326.5,vial6,40,29.884874268969998
241,id6,631.0,333.0,vial6,40,29.884874268969998
242,id6,621.0,336.0,vial6,40,29.884874268969998
243,id6,617.0,336.5,vial6,40,29.884874268969998
244,id6,616.5,336.5,vial6,40,29.884874268969998
245,id6,616.5,336.5,vial6,40,29.884874268969998
246,id6,616.5,336.5,vial6,40,29.884874268969998
247,id6,616.5,336.5,vial6,40,29.884874268969998
248,id6,616.0,337.0,vial6,40,29.884874268969998
249,id6,616.5,337.5,vial6,40,29.884874268969998
250,id6,616.5,337.5,vial6,40,29.884874268969998
251,id6,616.5,337.5,vial6,40,29.884874268969998
252,id6,617.5,337.5,vial6,40,29.884874268969998
253,id6,618.0,337.5,vial6,40,29.884874268969998
254,id6,619.0,337.5,vial6,40,29.884874268969998
255,id6,620.5,337.5,vial6,40,29.884874268969998
256,id6,622.0,337.5,vial6,40,29.884874268969998
257,id6,623.0,337.5,vial6,40,29.884874268969998
258,id6,624.5,337.5,vial6,40,29.884874268969998
259,id6,625.5,338.0,vial6,40,29.884874268969998
260,id6,625.5,338.0,vial6,40,29.884874268969998
261,id6,625.5,337.5,vial6,40,29.884874268969998
262,id6,626.0,337.0,vial6,40,29.884874268969998
263,id6,627.0,337.0,vial6,40,29.884874268969998
264,id6,629.0,336.5,vial6,40,29.884874268969998
265,id6,630.0,337.0,vial6,40,29.884874268969998
266,id6,631.5,337.0,vial6,40,29.884874268969998
267,id6,632.0,337.0,vial6,40,29.884874268969998
268,id6,633.0,336.5,vial6,40,29.884874268969998
269,id6,634.0,337.0,vial6,40,29.884874268969998
270,id6,636.0,336.0,vial6,40,29.884874268969998
271,id6,637.5,336.0,vial6,40,29.884874268969998
272,id6,639.0,336.5,vial6,40,29.884874268969998
273,id6,640.5,336.0,vial6,40,29.884874268969998
274,id6,642.0,336.0,vial6,40,29.884874268969998
275,id6,643.0,336.0,vial6,40,29.884874268969998
276,id6,643.5,336.0,vial6,40,29.884874268969998
277,id6,644.5,336.0,vial6,40,29.884874268969998
278,id6,645.5,336.0,vial6,40,29.884874268969998
279,id6,646.5,336.0,vial6,40,29.884874268969998
280,id6,648.0,336.0,vial6,40,29.884874268969998
281,id6,649.0,336.0,vial6,40,29.884874268969998
282,id6,649.5,336.0,vial6,40,29.884874268969998
283,id6,649.5,336.0,vial6,40,29.884874268969998
284,id6,650.5,336.0,vial6,40,29.884874268969998
285,id6,650.5,336.0,vial6,40,29.884874268969998
286,id6,654.0,323.5,vial6,40,29.884874268969998
287,id6,657.0,309.5,vial6,40,29.884874268969998
289,id6,650.0,327.0,vial6,40,29.884874268969998
290,id6,643.0,334.0,vial6,40,29.884874268969998
0,id7,416.5,137.5,vial4,26,29.884874268969998
1,id7,417.0,136.0,vial4,26,29.884874268969998
2,id7,417.0,134.0,vial4,26,29.884874268969998
3,id7,418.0,132.0,vial4,26,29.884874268969998
4,id7,419.0,130.0,vial4,26,29.884874268969998
5,id7,418.5,128.0,vial4,26,29.884874268969998
6,id7,419.5,126.0,vial4,26,29.884874268969998
7,id7,420.5,123.5,vial4,26,29.884874268969998
8,id7,420.5,121.0,vial4,26,29.884874268969998
9,id7,421.5,118.0,vial4,26,29.884874268969998
10,id7,422.5,115.5,vial4,26,29.884874268969998
11,id7,422.5,113.0,vial4,26,29.884874268969998
12,id7,422.5,111.0,vial4,26,29.884874268969998
13,id7,423.5,109.0,vial4,26,29.884874268969998
14,id7,423.5,107.0,vial4,26,29.884874268969998
15,id7,423.5,105.0,vial4,26,29.884874268969998
16,id7,424.5,103.0,vial4,26,29.884874268969998
17,id7,423.5,101.0,vial4,26,29.884874268969998
18,id7,423.5,100.0,vial4,26,29.884874268969998
19,id7,424.5,100.0,vial4,26,29.884874268969998
20,id7,424.0,99.0,vial4,26,29.884874268969998
21,id7,423.5,99.0,vial4,26,29.884874268969998
22,id7,424.5,98.5,vial4,26,29.884874268969998
23,id7,424.0,98.5,vial4,26,29.884874268969998
24,id7,424.0,97.5,vial4,26,29.884874268969998
25,id7,424.0,97.0,vial4,26,29.884874268969998
26,id7,423.5,96.5,vial4,26,29.884874268969998
27,id7,423.5,97.0,vial4,26,29.884874268969998
28,id7,424.0,97.0,vial4,26,29.884874268969998
29,id7,423.5,97.0,vial4,26,29.884874268969998
30,id7,423.0,97.5,vial4,26,29.884874268969998
31,id7,423.5,96.5,vial4,26,29.884874268969998
33,id7,426.0,96.5,vial4,26,29.884874268969998
34,id7,427.5,93.5,vial4,26,29.884874268969998
35,id7,427.5,91.0,vial4,26,29.884874268969998
36,id7,427.5,89.0,vial4,26,29.884874268969998
37,id7,427.0,87.5,vial4,26,29.884874268969998
38,id7,426.5,86.0,vial4,26,29.884874268969998
39,id7,426.0,84.5,vial4,26,29.884874268969998
40,id7,425.5,83.5,vial4,26,29.884874268969998
41,id7,425.0,81.5,vial4,26,29.884874268969998
42,id7,424.5,80.0,vial4,26,29.884874268969998
43,id7,423.0,78.5,vial4,26,29.884874268969998
44,id7,421.5,76.5,vial4,26,29.884874268969998
45,id7,420.5,75.0,vial4,26,29.884874268969998
46,id7,419.0,73.0,vial4,26,29.884874268969998
47,id7,417.0,72.0,vial4,26,29.884874268969998
48,id7,415.0,70.0,vial4,26,29.884874268969998
49,id7,412.5,69.0,vial4,26,29.884874268969998
50,id7,410.5,67.0,vial4,26,29.884874268969998
51,id7,407.5,66.0,vial4,26,29.884874268969998
52,id7,405.0,64.5,vial4,26,29.884874268969998
53,id7,402.0,64.5,vial4,26,29.884874268969998
54,id7,400.0,63.5,vial4,26,29.884874268969998
55,id7,398.0,62.5,vial4,26,29.884874268969998
56,id7,395.0,61.5,vial4,26,29.884874268969998
57,id7,393.0,60.5,vial4,26,29.884874268969998
58,id7,390.5,59.5,vial4,26,29.884874268969998
59,id7,388.5,58.5,vial4,26,29.884874268969998
60,id7,386.5,57.5,vial4,26,29.884874268969998
61,id7,384.0,55.5,vial4,26,29.884874268969998
62,id7,381.5,53.5,vial4,26,29.884874268969998
63,id7,380.0,51.0,vial4,26,29.884874268969998
64,id7,379.0,48.0,vial4,26,29.884874268969998
65,id7,377.5,45.5,vial4,26,29.884874268969998
66,id7,376.0,42.5,vial4,26,29.884874268969998
67,id7,375.0,40.0,vial4,26,29.884874268969998
68,id7,373.5,37.0,vial4,26,29.884874268969998
69,id7,372.0,34.0,vial4,26,29.884874268969998
70,id7,370.5,31.5,vial4,26,29.884874268969998
71,id7,369.5,29.0,vial4,26,29.884874268969998
72,id7,367.5,27.0,vial4,26,29.884874268969998
73,id7,366.0,25.5,vial4,26,29.884874268969998
74,id7,365.0,24.0,vial4,26,29.884874268969998
75,id7,364.5,22.0,vial4,26,29.884874268969998
76,id7,363.5,20.5,vial4,26,29.884874268969998
77,id7,363.0,18.5,vial4,26,29.884874268969998
78,id7,363.0,17.0,vial4,26,29.884874268969998
79,id7,363.0,15.0,vial4,26,29.884874268969998
80,id7,363.0,13.0,vial4,26,29.884874268969998
81,id7,363.5,11.0,vial4,26,29.884874268969998
82,id7,364.5,9.0,vial4,26,29.884874268969998
83,id7,364.5,8.0,vial4,26,29.884874268969998
84,id7,365.5,7.0,vial4,26,29.884874268969998
85,id7,366.0,4.5,vial4,26,29.884874268969998
86,id7,366.0,4.0,vial4,26,29.884874268969998
87,id7,366.0,4.0,vial4,26,29.884874268969998
88,id7,367.5,2.5,vial4,26,29.884874268969998
171,id7,385.0,2.0,vial4,26,29.884874268969998
174,id7,385.5,3.0,vial4,26,29.884874268969998
189,id7,368.0,2.5,vial4,26,29.884874268969998
190,id7,368.0,3.5,vial4,26,29.884874268969998
191,id7,366.5,3.5,vial4,26,29.884874268969998
192,id7,366.0,7.0,vial4,26,29.884874268969998
193,id7,366.0,8.0,vial4,26,29.884874268969998
194,id7,366.0,8.5,vial4,26,29.884874268969998
195,id7,366.0,10.0,vial4,26,29.884874268969998
196,id7,365.5,10.5,vial4,26,29.884874268969998
197,id7,365.0,11.0,vial4,26,29.884874268969998
198,id7,365.0,10.5,vial4,26,29.884874268969998
199,id7,364.5,9.5,vial4,26,29.884874268969998
200,id7,364.5,8.5,vial4,26,29.884874268969998
201,id7,364.5,8.0,vial4,26,29.884874268969998
202,id7,364.5,5.5,vial4,26,29.884874268969998
203,id7,364.0,4.5,vial4,26,29.884874268969998
273,id7,416.0,3.0,vial4,26,29.884874268969998
0,id8,429.0,301.5,vial4,23,29.884874268969998
1,id8,429.0,300.5,vial4,23,29.884874268969998
2,id8,428.5,298.5,vial4,23,29.884874268969998
3,id8,428.5,296.0,vial4,23,29.884874268969998
4,id8,429.0,293.0,vial4,23,29.884874268969998
5,id8,427.5,291.0,vial4,23,29.884874268969998
6,id8,427.5,289.0,vial4,23,29.884874268969998
7,id8,428.5,287.0,vial4,23,29.884874268969998
8,id8,427.5,285.5,vial4,23,29.884874268969998
9,id8,427.5,284.5,vial4,23,29.884874268969998
10,id8,427.0,283.0,vial4,23,29.884874268969998
11,id8,425.0,283.0,vial4,23,29.884874268969998
12,id8,425.5,282.5,vial4,23,29.884874268969998
13,id8,424.5,282.0,vial4,23,29.884874268969998
14,id8,423.5,283.0,vial4,23,29.884874268969998
15,id8,422.5,283.0,vial4,23,29.884874268969998
16,id8,422.5,283.0,vial4,23,29.884874268969998
17,id8,421.5,284.0,vial4,23,29.884874268969998
18,id8,421.5,284.0,vial4,23,29.884874268969998
19,id8,422.0,284.0,vial4,23,29.884874268969998
20,id8,422.0,283.5,vial4,23,29.884874268969998
21,id8,422.5,284.0,vial4,23,29.884874268969998
22,id8,422.5,284.0,vial4,23,29.884874268969998
23,id8,401.5,279.0,vial4,23,29.884874268969998
24,id8,386.0,269.5,vial4,23,29.884874268969998
25,id8,385.5,270.5,vial4,23,29.884874268969998
26,id8,385.5,270.0,vial4,23,29.884874268969998
27,id8,385.5,269.5,vial4,23,29.884874268969998
28,id8,385.0,268.5,vial4,23,29.884874268969998
29,id8,384.5,267.0,vial4,23,29.884874268969998
30,id8,383.5,265.0,vial4,23,29.884874268969998
31,id8,382.5,264.0,vial4,23,29.884874268969998
32,id8,381.5,263.0,vial4,23,29.884874268969998
33,id8,381.5,261.5,vial4,23,29.884874268969998
34,id8,380.5,260.0,vial4,23,29.884874268969998
35,id8,379.5,258.5,vial4,23,29.884874268969998
36,id8,379.0,256.0,vial4,23,29.884874268969998
37,id8,377.5,254.5,vial4,23,29.884874268969998
38,id8,376.5,252.5,vial4,23,29.884874268969998
39,id8,375.0,250.5,vial4,23,29.884874268969998
40,id8,374.0,248.5,vial4,23,29.884874268969998
41,id8,372.5,247.5,vial4,23,29.884874268969998
42,id8,371.5,246.0,vial4,23,29.884874268969998
43,id8,370.5,245.0,vial4,23,29.884874268969998
44,id8,369.5,244.5,vial4,23,29.884874268969998
45,id8,369.0,243.0,vial4,23,29.884874268969998
46,id8,367.5,243.0,vial4,23,29.884874268969998
47,id8,366.5,243.0,vial4,23,29.884874268969998
48,id8,365.5,243.5,vial4,23,29.884874268969998
49,id8,365.5,243.5,vial4,23,29.884874268969998
50,id8,364.5,244.0,vial4,23,29.884874268969998
51,id8,364.5,244.5,vial4,23,29.884874268969998
52,id8,364.5,244.5,vial4,23,29.884874268969998
53,id8,364.5,244.5,vial4,23,29.884874268969998
54,id8,364.5,244.5,vial4,23,29.884874268969998
55,id8,365.0,245.0,vial4,23,29.884874268969998
56,id8,366.0,245.0,vial4,23,29.884874268969998
57,id8,367.0,245.5,vial4,23,29.884874268969998
58,id8,368.0,246.5,vial4,23,29.884874268969998
59,id8,369.5,247.5,vial4,23,29.884874268969998
60,id8,370.5,248.0,vial4,23,29.884874268969998
61,id8,371.0,248.5,vial4,23,29.884874268969998
62,id8,372.0,249.0,vial4,23,29.884874268969998
63,id8,373.0,249.5,vial4,23,29.884874268969998
64,id8,374.5,250.0,vial4,23,29.884874268969998
65,id8,375.5,250.5,vial4,23,29.884874268969998
66,id8,377.0,252.0,vial4,23,29.884874268969998
67,id8,378.5,253.0,vial4,23,29.884874268969998
68,id8,379.0,255.0,vial4,23,29.884874268969998
69,id8,379.5,256.0,vial4,23,29.884874268969998
70,id8,381.0,257.0,vial4,23,29.884874268969998
71,id8,382.5,259.5,vial4,23,29.884874268969998
72,id8,383.5,260.5,vial4,23,29.884874268969998
73,id8,384.5,261.0,vial4,23,29.884874268969998
74,id8,385.0,261.5,vial4,23,29.884874268969998
75,id8,386.0,262.0,vial4,23,29.884874268969998
76,id8,387.0,262.0,vial4,23,29.884874268969998
77,id8,387.5,261.5,vial4,23,29.884874268969998
78,id8,387.5,261.5,vial4,23,29.884874268969998
79,id8,406.0,256.0,vial4,23,29.884874268969998
80,id8,416.5,243.5,vial4,23,29.884874268969998
81,id8,416.5,244.0,vial4,23,29.884874268969998
82,id8,416.5,243.0,vial4,23,29.884874268969998
83,id8,416.5,243.5,vial4,23,29.884874268969998
84,id8,416.5,242.5,vial4,23,29.884874268969998
85,id8,416.5,241.5,vial4,23,29.884874268969998
86,id8,417.5,240.5,vial4,23,29.884874268969998
87,id8,418.5,239.5,vial4,23,29.884874268969998
88,id8,420.0,238.5,vial4,23,29.884874268969998
89,id8,421.0,237.5,vial4,23,29.884874268969998
90,id8,422.5,236.5,vial4,23,29.884874268969998
91,id8,424.0,236.5,vial4,23,29.884874268969998
92,id8,425.0,236.0,vial4,23,29.884874268969998
93,id8,426.0,235.5,vial4,23,29.884874268969998
94,id8,427.0,235.5,vial4,23,29.884874268969998
95,id8,427.5,235.5,vial4,23,29.884874268969998
96,id8,428.0,235.5,vial4,23,29.884874268969998
97,id8,428.0,235.0,vial4,23,29.884874268969998
98,id8,428.5,234.5,vial4,23,29.884874268969998
99,id8,428.5,234.0,vial4,23,29.884874268969998
100,id8,428.5,233.5,vial4,23,29.884874268969998
101,id8,427.5,233.0,vial4,23,29.884874268969998
102,id8,427.5,232.5,vial4,23,29.884874268969998
103,id8,426.0,231.5,vial4,23,29.884874268969998
104,id8,426.0,231.5,vial4,23,29.884874268969998
105,id8,425.0,231.5,vial4,23,29.884874268969998
106,id8,423.5,230.5,vial4,23,29.884874268969998
107,id8,422.5,230.0,vial4,23,29.884874268969998
108,id8,420.5,229.0,vial4,23,29.884874268969998
109,id8,419.5,227.0,vial4,23,29.884874268969998
110,id8,418.0,225.5,vial4,23,29.884874268969998
111,id8,416.5,224.0,vial4,23,29.884874268969998
112,id8,415.5,222.5,vial4,23,29.884874268969998
113,id8,413.5,221.0,vial4,23,29.884874268969998
114,id8,412.5,219.5,vial4,23,29.884874268969998
115,id8,410.0,218.5,vial4,23,29.884874268969998
116,id8,407.5,217.5,vial4,23,29.884874268969998
117,id8,405.5,217.0,vial4,23,29.884874268969998
118,id8,403.5,216.5,vial4,23,29.884874268969998
119,id8,401.5,216.0,vial4,23,29.884874268969998
120,id8,399.5,215.5,vial4,23,29.884874268969998
121,id8,398.5,215.0,vial4,23,29.884874268969998
122,id8,398.5,215.5,vial4,23,29.884874268969998
123,id8,398.5,215.0,vial4,23,29.884874268969998
124,id8,398.0,215.0,vial4,23,29.884874268969998
125,id8,398.5,215.0,vial4,23,29.884874268969998
126,id8,397.0,215.0,vial4,23,29.884874268969998
127,id8,396.5,215.5,vial4,23,29.884874268969998
128,id8,394.5,216.5,vial4,23,29.884874268969998
129,id8,392.5,217.5,vial4,23,29.884874268969998
130,id8,390.5,218.5,vial4,23,29.884874268969998
131,id8,388.0,219.5,vial4,23,29.884874268969998
132,id8,386.0,220.5,vial4,23,29.884874268969998
133,id8,383.0,221.5,vial4,23,29.884874268969998
134,id8,381.0,222.5,vial4,23,29.884874268969998
135,id8,379.0,223.5,vial4,23,29.884874268969998
136,id8,376.5,225.0,vial4,23,29.884874268969998
137,id8,375.5,225.5,vial4,23,29.884874268969998
138,id8,374.5,226.0,vial4,23,29.884874268969998
139,id8,373.5,226.5,vial4,23,29.884874268969998
140,id8,373.0,227.0,vial4,23,29.884874268969998
141,id8,372.5,228.0,vial4,23,29.884874268969998
142,id8,372.0,228.0,vial4,23,29.884874268969998
143,id8,371.5,228.0,vial4,23,29.884874268969998
144,id8,372.0,227.5,vial4,23,29.884874268969998
145,id8,372.5,228.0,vial4,23,29.884874268969998
146,id8,398.0,217.5,vial4,23,29.884874268969998
147,id8,395.0,208.0,vial4,23,29.884874268969998
148,id8,384.5,204.5,vial4,23,29.884874268969998
149,id8,385.0,204.5,vial4,23,29.884874268969998
150,id8,386.0,203.5,vial4,23,29.884874268969998
151,id8,388.0,202.5,vial4,23,29.884874268969998
152,id8,388.5,202.0,vial4,23,29.884874268969998
153,id8,390.0,202.0,vial4,23,29.884874268969998
154,id8,392.0,203.0,vial4,23,29.884874268969998
155,id8,393.0,203.0,vial4,23,29.884874268969998
156,id8,395.0,203.0,vial4,23,29.884874268969998
157,id8,397.0,203.0,vial4,23,29.884874268969998
158,id8,399.0,202.0,vial4,23,29.884874268969998
159,id8,400.0,201.0,vial4,23,29.884874268969998
160,id8,401.5,199.0,vial4,23,29.884874268969998
161,id8,403.0,198.0,vial4,23,29.884874268969998
162,id8,404.5,196.0,vial4,23,29.884874268969998
163,id8,406.5,193.5,vial4,23,29.884874268969998
164,id8,408.0,190.5,vial4,23,29.884874268969998
165,id8,409.0,188.5,vial4,23,29.884874268969998
166,id8,411.0,186.5,vial4,23,29.884874268969998
167,id8,413.0,184.5,vial4,23,29.884874268969998
168,id8,415.0,182.5,vial4,23,29.884874268969998
169,id8,416.0,180.5,vial4,23,29.884874268969998
170,id8,417.0,178.5,vial4,23,29.884874268969998
171,id8,418.0,176.5,vial4,23,29.884874268969998
172,id8,419.5,175.0,vial4,23,29.884874268969998
173,id8,421.0,172.5,vial4,23,29.884874268969998
174,id8,422.0,171.5,vial4,23,29.884874268969998
175,id8,423.0,169.5,vial4,23,29.884874268969998
176,id8,424.0,169.0,vial4,23,29.884874268969998
177,id8,425.0,167.5,vial4,23,29.884874268969998
178,id8,426.5,166.5,vial4,23,29.884874268969998
179,id8,426.5,167.5,vial4,23,29.884874268969998
180,id8,427.5,167.5,vial4,23,29.884874268969998
181,id8,428.0,168.0,vial4,23,29.884874268969998
182,id8,428.5,168.5,vial4,23,29.884874268969998
183,id8,428.5,168.5,vial4,23,29.884874268969998
184,id8,428.0,168.5,vial4,23,29.884874268969998
185,id8,427.5,168.5,vial4,23,29.884874268969998
186,id8,426.5,168.5,vial4,23,29.884874268969998
187,id8,426.0,167.5,vial4,23,29.884874268969998
188,id8,425.0,166.5,vial4,23,29.884874268969998
189,id8,424.0,165.5,vial4,23,29.884874268969998
190,id8,423.0,165.5,vial4,23,29.884874268969998
191,id8,421.0,165.5,vial4,23,29.884874268969998
192,id8,419.5,166.5,vial4,23,29.884874268969998
193,id8,418.0,168.5,vial4,23,29.884874268969998
194,id8,416.5,169.0,vial4,23,29.884874268969998
195,id8,414.5,171.0,vial4,23,29.884874268969998
196,id8,413.0,172.0,vial4,23,29.884874268969998
197,id8,411.0,173.0,vial4,23,29.884874268969998
198,id8,409.0,175.0,vial4,23,29.884874268969998
199,id8,407.5,176.0,vial4,23,29.884874268969998
200,id8,406.0,178.0,vial4,23,29.884874268969998
201,id8,406.0,178.0,vial4,23,29.884874268969998
202,id8,406.0,178.0,vial4,23,29.884874268969998
203,id8,406.0,177.5,vial4,23,29.884874268969998
204,id8,405.5,177.0,vial4,23,29.884874268969998
205,id8,405.0,176.0,vial4,23,29.884874268969998
206,id8,403.5,175.5,vial4,23,29.884874268969998
207,id8,401.5,173.5,vial4,23,29.884874268969998
208,id8,399.5,171.5,vial4,23,29.884874268969998
209,id8,397.0,170.0,vial4,23,29.884874268969998
210,id8,394.5,168.0,vial4,23,29.884874268969998
211,id8,392.0,166.0,vial4,23,29.884874268969998
212,id8,390.0,164.0,vial4,23,29.884874268969998
213,id8,388.0,163.0,vial4,23,29.884874268969998
214,id8,386.0,160.5,vial4,23,29.884874268969998
215,id8,383.5,159.0,vial4,23,29.884874268969998
216,id8,382.0,157.0,vial4,23,29.884874268969998
217,id8,380.0,155.0,vial4,23,29.884874268969998
218,id8,378.5,153.5,vial4,23,29.884874268969998
219,id8,376.5,152.0,vial4,23,29.884874268969998
220,id8,375.5,149.5,vial4,23,29.884874268969998
221,id8,374.0,148.0,vial4,23,29.884874268969998
222,id8,373.0,146.0,vial4,23,29.884874268969998
223,id8,372.0,144.5,vial4,23,29.884874268969998
224,id8,370.0,142.0,vial4,23,29.884874268969998
225,id8,369.0,140.0,vial4,23,29.884874268969998
226,id8,367.5,138.0,vial4,23,29.884874268969998
227,id8,366.5,136.5,vial4,23,29.884874268969998
228,id8,365.5,134.5,vial4,23,29.884874268969998
229,id8,365.5,132.5,vial4,23,29.884874268969998
230,id8,365.0,130.0,vial4,23,29.884874268969998
231,id8,365.0,127.0,vial4,23,29.884874268969998
232,id8,364.5,124.0,vial4,23,29.884874268969998
233,id8,364.5,122.0,vial4,23,29.884874268969998
234,id8,364.5,119.0,vial4,23,29.884874268969998
235,id8,364.5,116.0,vial4,23,29.884874268969998
236,id8,364.5,114.0,vial4,23,29.884874268969998
237,id8,363.5,111.0,vial4,23,29.884874268969998
238,id8,363.5,109.5,vial4,23,29.884874268969998
239,id8,363.5,107.0,vial4,23,29.884874268969998
240,id8,363.5,105.0,vial4,23,29.884874268969998
241,id8,363.5,104.0,vial4,23,29.884874268969998
242,id8,364.0,103.0,vial4,23,29.884874268969998
243,id8,364.5,102.0,vial4,23,29.884874268969998
244,id8,364.5,101.0,vial4,23,29.884874268969998
245,id8,365.5,100.0,vial4,23,29.884874268969998
246,id8,366.5,100.0,vial4,23,29.884874268969998
247,id8,367.0,101.0,vial4,23,29.884874268969998
248,id8,367.5,103.0,vial4,23,29.884874268969998
249,id8,368.0,104.0,vial4,23,29.884874268969998
250,id8,369.0,106.0,vial4,23,29.884874268969998
251,id8,370.0,107.0,vial4,23,29.884874268969998
252,id8,371.0,109.0,vial4,23,29.884874268969998
253,id8,371.0,111.0,vial4,23,29.884874268969998
254,id8,372.0,112.5,vial4,23,29.884874268969998
255,id8,372.0,114.0,vial4,23,29.884874268969998
256,id8,373.0,116.0,vial4,23,29.884874268969998
257,id8,374.0,116.0,vial4,23,29.884874268969998
258,id8,374.5,115.5,vial4,23,29.884874268969998
259,id8,374.5,114.5,vial4,23,29.884874268969998
260,id8,376.0,113.0,vial4,23,29.884874268969998
261,id8,377.0,111.0,vial4,23,29.884874268969998
262,id8,378.5,108.5,vial4,23,29.884874268969998
263,id8,379.5,106.5,vial4,23,29.884874268969998
264,id8,381.0,104.0,vial4,23,29.884874268969998
265,id8,382.0,101.5,vial4,23,29.884874268969998
266,id8,382.5,99.0,vial4,23,29.884874268969998
267,id8,383.5,96.5,vial4,23,29.884874268969998
268,id8,383.5,94.0,vial4,23,29.884874268969998
269,id8,384.5,91.0,vial4,23,29.884874268969998
270,id8,385.5,88.0,vial4,23,29.884874268969998
271,id8,386.0,85.5,vial4,23,29.884874268969998
272,id8,386.5,82.5,vial4,23,29.884874268969998
273,id8,386.5,79.5,vial4,23,29.884874268969998
274,id8,387.5,76.5,vial4,23,29.884874268969998
275,id8,387.5,73.5,vial4,23,29.884874268969998
276,id8,388.0,70.5,vial4,23,29.884874268969998
277,id8,388.0,67.5,vial4,23,29.884874268969998
278,id8,388.0,65.0,vial4,23,29.884874268969998
279,id8,388.0,62.0,vial4,23,29.884874268969998
280,id8,388.5,59.0,vial4,23,29.884874268969998
281,id8,388.5,56.0,vial4,23,29.884874268969998
282,id8,388.5,53.5,vial4,23,29.884874268969998
283,id8,388.0,50.5,vial4,23,29.884874268969998
284,id8,388.0,48.0,vial4,23,29.884874268969998
285,id8,387.5,45.0,vial4,23,29.884874268969998
286,id8,387.0,42.0,vial4,23,29.884874268969998
287,id8,386.5,39.0,vial4,23,29.884874268969998
288,id8,386.0,36.5,vial4,23,29.884874268969998
289,id8,385.5,33.5,vial4,23,29.884874268969998
290,id8,384.5,31.0,vial4,23,29.884874268969998
0,id9,485.0,248.0,vial5,28,29.884874268969998
1,id9,484.5,244.0,vial5,28,29.884874268969998
2,id9,483.0,239.0,vial5,28,29.884874268969998
3,id9,483.5,235.0,vial5,28,29.884874268969998
4,id9,483.5,231.5,vial5,28,29.884874268969998
5,id9,482.5,228.0,vial5,28,29.884874268969998
6,id9,482.5,224.0,vial5,28,29.884874268969998
7,id9,483.0,220.0,vial5,28,29.884874268969998
8,id9,482.0,216.0,vial5,28,29.884874268969998
9,id9,483.0,212.0,vial5,28,29.884874268969998
10,id9,483.0,208.0,vial5,28,29.884874268969998
11,id9,482.0,204.5,vial5,28,29.884874268969998
12,id9,482.5,201.5,vial5,28,29.884874268969998
13,id9,483.0,197.5,vial5,28,29.884874268969998
14,id9,482.5,194.5,vial5,28,29.884874268969998
15,id9,483.0,191.5,vial5,28,29.884874268969998
16,id9,483.0,188.5,vial5,28,29.884874268969998
17,id9,482.5,187.0,vial5,28,29.884874268969998
19,id9,483.5,185.5,vial5,28,29.884874268969998
20,id9,483.5,185.5,vial5,28,29.884874268969998
22,id9,483.5,185.0,vial5,28,29.884874268969998
23,id9,483.5,185.0,vial5,28,29.884874268969998
24,id9,483.5,185.0,vial5,28,29.884874268969998
25,id9,483.5,185.0,vial5,28,29.884874268969998
26,id9,483.5,185.0,vial5,28,29.884874268969998
27,id9,483.5,185.0,vial5,28,29.884874268969998
28,id9,483.5,184.0,vial5,28,29.884874268969998
29,id9,483.0,183.0,vial5,28,29.884874268969998
30,id9,483.0,181.0,vial5,28,29.884874268969998
31,id9,483.5,179.5,vial5,28,29.884874268969998
32,id9,483.0,177.0,vial5,28,29.884874268969998
33,id9,483.5,174.5,vial5,28,29.884874268969998
34,id9,482.5,177.0,vial5,28,29.884874268969998
35,id9,482.5,177.0,vial5,28,29.884874268969998
36,id9,482.5,177.0,vial5,28,29.884874268969998
37,id9,482.5,177.0,vial5,28,29.884874268969998
38,id9,482.5,177.0,vial5,28,29.884874268969998
39,id9,482.5,177.0,vial5,28,29.884874268969998
40,id9,482.5,177.0,vial5,28,29.884874268969998
41,id9,482.0,175.0,vial5,28,29.884874268969998
42,id9,482.5,172.0,vial5,28,29.884874268969998
43,id9,482.5,168.5,vial5,28,29.884874268969998
44,id9,482.5,165.0,vial5,28,29.884874268969998
45,id9,482.5,162.0,vial5,28,29.884874268969998
46,id9,482.5,159.5,vial5,28,29.884874268969998
47,id9,482.5,157.0,vial5,28,29.884874268969998
48,id9,482.0,154.5,vial5,28,29.884874268969998
49,id9,482.0,151.5,vial5,28,29.884874268969998
50,id9,482.0,148.5,vial5,28,29.884874268969998
51,id9,482.0,147.5,vial5,28,29.884874268969998
52,id9,482.0,145.5,vial5,28,29.884874268969998
53,id9,482.5,144.5,vial5,28,29.884874268969998
54,id9,482.5,142.5,vial5,28,29.884874268969998
55,id9,482.5,140.5,vial5,28,29.884874268969998
56,id9,482.5,138.0,vial5,28,29.884874268969998
57,id9,482.5,135.5,vial5,28,29.884874268969998
58,id9,483.5,133.5,vial5,28,29.884874268969998
59,id9,484.5,130.5,vial5,28,29.884874268969998
60,id9,485.5,128.5,vial5,28,29.884874268969998
61,id9,486.5,126.0,vial5,28,29.884874268969998
62,id9,487.0,123.5,vial5,28,29.884874268969998
63,id9,488.5,121.5,vial5,28,29.884874268969998
64,id9,490.0,119.0,vial5,28,29.884874268969998
65,id9,491.0,116.5,vial5,28,29.884874268969998
66,id9,493.0,114.0,vial5,28,29.884874268969998
67,id9,494.5,111.0,vial5,28,29.884874268969998
68,id9,496.0,109.0,vial5,28,29.884874268969998
69,id9,497.5,106.5,vial5,28,29.884874268969998
70,id9,499.0,104.0,vial5,28,29.884874268969998
71,id9,501.0,101.5,vial5,28,29.884874268969998
72,id9,502.5,100.0,vial5,28,29.884874268969998
73,id9,503.0,98.0,vial5,28,29.884874268969998
74,id9,505.0,96.0,vial5,28,29.884874268969998
75,id9,506.0,93.5,vial5,28,29.884874268969998
76,id9,508.0,92.0,vial5,28,29.884874268969998
77,id9,509.0,89.5,vial5,28,29.884874268969998
78,id9,510.0,88.0,vial5,28,29.884874268969998
79,id9,510.5,85.5,vial5,28,29.884874268969998
80,id9,511.5,82.5,vial5,28,29.884874268969998
81,id9,512.0,81.0,vial5,28,29.884874268969998
82,id9,512.5,80.0,vial5,28,29.884874268969998
83,id9,512.5,78.0,vial5,28,29.884874268969998
84,id9,513.5,76.0,vial5,28,29.884874268969998
85,id9,513.5,74.0,vial5,28,29.884874268969998
86,id9,513.5,71.5,vial5,28,29.884874268969998
87,id9,513.5,68.5,vial5,28,29.884874268969998
88,id9,513.5,66.0,vial5,28,29.884874268969998
89,id9,512.5,63.0,vial5,28,29.884874268969998
90,id9,512.0,60.0,vial5,28,29.884874268969998
91,id9,511.5,57.0,vial5,28,29.884874268969998
92,id9,511.0,55.0,vial5,28,29.884874268969998
93,id9,511.0,52.0,vial5,28,29.884874268969998
94,id9,510.5,49.0,vial5,28,29.884874268969998
95,id9,510.5,46.0,vial5,28,29.884874268969998
96,id9,510.0,43.5,vial5,28,29.884874268969998
97,id9,510.5,41.0,vial5,28,29.884874268969998
98,id9,510.0,38.5,vial5,28,29.884874268969998
99,id9,510.0,36.5,vial5,28,29.884874268969998
100,id9,510.0,34.0,vial5,28,29.884874268969998
101,id9,509.5,31.5,vial5,28,29.884874268969998
102,id9,510.0,28.0,vial5,28,29.884874268969998
103,id9,509.0,25.5,vial5,28,29.884874268969998
104,id9,509.5,23.0,vial5,28,29.884874268969998
105,id9,509.0,19.5,vial5,28,29.884874268969998
106,id9,509.5,17.0,vial5,28,29.884874268969998
107,id9,509.0,14.0,vial5,28,29.884874268969998
108,id9,509.0,11.0,vial5,28,29.884874268969998
109,id9,509.0,8.5,vial5,28,29.884874268969998
110,id9,509.0,5.0,vial5,28,29.884874268969998
111,id9,509.0,3.5,vial5,28,29.884874268969998
112,id9,509.0,3.5,vial5,28,29.884874268969998
113,id9,509.0,3.0,vial5,28,29.884874268969998
