frame,orig_id,x,y,vial_id,ordered_id,fps
0,id1,312.0,337.0,vial3,23,29.895164625703547
1,id1,311.0,336.0,vial3,23,29.895164625703547
2,id1,311.0,335.5,vial3,23,29.895164625703547
3,id1,310.5,335.0,vial3,23,29.895164625703547
4,id1,309.5,335.0,vial3,23,29.895164625703547
5,id1,310.5,334.5,vial3,23,29.895164625703547
6,id1,310.5,334.5,vial3,23,29.895164625703547
7,id1,309.5,334.0,vial3,23,29.895164625703547
8,id1,310.0,333.5,vial3,23,29.895164625703547
9,id1,309.5,331.5,vial3,23,29.895164625703547
10,id1,308.5,329.5,vial3,23,29.895164625703547
11,id1,308.5,328.0,vial3,23,29.895164625703547
12,id1,308.5,326.0,vial3,23,29.895164625703547
13,id1,307.5,324.0,vial3,23,29.895164625703547
14,id1,307.0,322.0,vial3,23,29.895164625703547
15,id1,306.5,320.5,vial3,23,29.895164625703547
16,id1,306.5,318.5,vial3,23,29.895164625703547
17,id1,305.5,317.0,vial3,23,29.895164625703547
18,id1,306.0,315.0,vial3,23,29.895164625703547
19,id1,305.0,312.0,vial3,23,29.895164625703547
20,id1,304.5,310.5,vial3,23,29.895164625703547
21,id1,304.5,308.5,vial3,23,29.895164625703547
22,id1,303.5,306.0,vial3,23,29.895164625703547
23,id1,304.0,304.0,vial3,23,29.895164625703547
24,id1,303.5,302.5,vial3,23,29.895164625703547
25,id1,302.5,300.0,vial3,23,29.895164625703547
26,id1,303.0,299.0,vial3,23,29.895164625703547
27,id1,303.0,297.5,vial3,23,29.895164625703547
28,id1,302.5,295.5,vial3,23,29.895164625703547
29,id1,302.5,293.5,vial3,23,29.895164625703547
30,id1,302.0,291.5,vial3,23,29.895164625703547
31,id1,301.5,290.0,vial3,23,29.895164625703547
32,id1,301.5,288.5,vial3,23,29.895164625703547
33,id1,300.5,286.5,vial3,23,29.895164625703547
34,id1,300.0,284.5,vial3,23,29.895164625703547
35,id1,299.5,283.0,vial3,23,29.895164625703547
36,id1,299.5,280.5,vial3,23,29.895164625703547
37,id1,299.5,278.5,vial3,23,29.895164625703547
38,id1,299.5,276.5,vial3,23,29.895164625703547
39,id1,299.5,275.5,vial3,23,29.895164625703547
40,id1,299.5,273.5,vial3,23,29.895164625703547
41,id1,299.5,271.5,vial3,23,29.895164625703547
42,id1,299.0,269.5,vial3,23,29.895164625703547
43,id1,299.0,267.5,vial3,23,29.895164625703547
44,id1,298.5,265.0,vial3,23,29.895164625703547
45,id1,297.5,264.0,vial3,23,29.895164625703547
46,id1,296.5,262.0,vial3,23,29.895164625703547
47,id1,296.0,260.0,vial3,23,29.895164625703547
48,id1,295.5,259.0,vial3,23,29.895164625703547
49,id1,294.5,258.0,vial3,23,29.895164625703547
50,id1,293.5,256.0,vial3,23,29.895164625703547
51,id1,293.5,255.0,vial3,23,29.895164625703547
52,id1,294.0,253.5,vial3,23,29.895164625703547
53,id1,295.5,252.0,vial3,23,29.895164625703547
54,id1,296.5,251.0,vial3,23,29.895164625703547
55,id1,297.5,250.0,vial3,23,29.895164625703547
56,id1,298.5,248.5,vial3,23,29.895164625703547
57,id1,299.5,247.5,vial3,23,29.895164625703547
58,id1,300.5,246.0,vial3,23,29.895164625703547
59,id1,301.5,244.0,vial3,23,29.895164625703547
60,id1,303.0,243.0,vial3,23,29.895164625703547
61,id1,304.0,241.0,vial3,23,29.895164625703547
62,id1,305.0,239.0,vial3,23,29.895164625703547
63,id1,306.0,238.0,vial3,23,29.895164625703547
64,id1,307.0,236.5,vial3,23,29.895164625703547
65,id1,308.0,235.0,vial3,23,29.895164625703547
66,id1,309.0,234.0,vial3,23,29.895164625703547
67,id1,310.0,232.5,vial3,23,29.895164625703547
68,id1,311.0,231.5,vial3,23,29.895164625703547
69,id1,312.5,230.0,vial3,23,29.895164625703547
70,id1,313.0,229.0,vial3,23,29.895164625703547
71,id1,314.0,228.0,vial3,23,29.895164625703547
72,id1,315.0,227.0,vial3,23,29.895164625703547
73,id1,316.0,225.5,vial3,23,29.895164625703547
74,id1,317.0,224.5,vial3,23,29.895164625703547
75,id1,317.5,224.5,vial3,23,29.895164625703547
76,id1,318.0,223.5,vial3,23,29.895164625703547
77,id1,318.5,223.5,vial3,23,29.895164625703547
78,id1,319.5,222.0,vial3,23,29.895164625703547
79,id1,319.5,221.0,vial3,23,29.895164625703547
80,id1,320.5,220.0,vial3,23,29.895164625703547
81,id1,320.0,218.5,vial3,23,29.895164625703547
82,id1,320.5,217.5,vial3,23,29.895164625703547
83,id1,320.5,216.5,vial3,23,29.895164625703547
84,id1,320.5,215.5,vial3,23,29.895164625703547
85,id1,320.5,215.0,vial3,23,29.895164625703547
86,id1,320.5,215.0,vial3,23,29.895164625703547
87,id1,320.5,215.5,vial3,23,29.895164625703547
88,id1,320.5,216.5,vial3,23,29.895164625703547
89,id1,320.0,216.5,vial3,23,29.895164625703547
90,id1,320.0,217.0,vial3,23,29.895164625703547
91,id1,320.0,217.5,vial3,23,29.895164625703547
92,id1,319.0,217.0,vial3,23,29.895164625703547
93,id1,318.5,216.5,vial3,23,29.895164625703547
94,id1,319.0,216.0,vial3,23,29.895164625703547
95,id1,319.0,215.0,vial3,23,29.895164625703547
96,id1,318.5,213.0,vial3,23,29.895164625703547
97,id1,318.0,211.0,vial3,23,29.895164625703547
98,id1,318.0,210.0,vial3,23,29.895164625703547
99,id1,318.5,208.5,vial3,23,29.895164625703547
100,id1,318.5,206.5,vial3,23,29.895164625703547
101,id1,318.5,205.0,vial3,23,29.895164625703547
102,id1,318.5,203.5,vial3,23,29.895164625703547
103,id1,318.5,202.5,vial3,23,29.895164625703547
104,id1,318.5,201.0,vial3,23,29.895164625703547
105,id1,318.5,199.5,vial3,23,29.895164625703547
106,id1,318.5,197.5,vial3,23,29.895164625703547
107,id1,317.5,195.5,vial3,23,29.895164625703547
108,id1,317.5,193.5,vial3,23,29.895164625703547
109,id1,318.0,191.5,vial3,23,29.895164625703547
110,id1,317.5,189.0,vial3,23,29.895164625703547
111,id1,317.5,187.0,vial3,23,29.895164625703547
112,id1,317.5,185.5,vial3,23,29.895164625703547
113,id1,317.5,184.5,vial3,23,29.895164625703547
114,id1,317.5,182.5,vial3,23,29.895164625703547
115,id1,317.5,180.5,vial3,23,29.895164625703547
116,id1,317.5,179.5,vial3,23,29.895164625703547
117,id1,317.5,177.5,vial3,23,29.895164625703547
118,id1,317.5,175.5,vial3,23,29.895164625703547
119,id1,317.5,174.0,vial3,23,29.895164625703547
120,id1,317.5,172.0,vial3,23,29.895164625703547
121,id1,317.5,170.0,vial3,23,29.895164625703547
122,id1,317.5,169.0,vial3,23,29.895164625703547
123,id1,317.5,168.0,vial3,23,29.895164625703547
124,id1,317.5,166.0,vial3,23,29.895164625703547
125,id1,317.5,165.0,vial3,23,29.895164625703547
126,id1,317.5,163.5,vial3,23,29.895164625703547
127,id1,317.5,161.5,vial3,23,29.895164625703547
128,id1,318.0,160.5,vial3,23,29.895164625703547
129,id1,317.5,158.5,vial3,23,29.895164625703547
130,id1,317.5,157.0,vial3,23,29.895164625703547
131,id1,318.5,155.0,vial3,23,29.895164625703547
132,id1,317.5,153.0,vial3,23,29.895164625703547
133,id1,317.5,152.0,vial3,23,29.895164625703547
134,id1,318.5,150.5,vial3,23,29.895164625703547
135,id1,318.0,149.0,vial3,23,29.895164625703547
136,id1,318.0,147.5,vial3,23,29.895164625703547
137,id1,318.5,145.5,vial3,23,29.895164625703547
138,id1,318.5,144.5,vial3,23,29.895164625703547
139,id1,318.5,142.5,vial3,23,29.895164625703547
140,id1,318.5,141.0,vial3,23,29.895164625703547
141,id1,318.5,139.0,vial3,23,29.895164625703547
142,id1,319.0,137.5,vial3,23,29.895164625703547
143,id1,319.5,135.0,vial3,23,29.895164625703547
144,id1,319.5,133.0,vial3,23,29.895164625703547
145,id1,319.5,131.0,vial3,23,29.895164625703547
146,id1,319.5,129.5,vial3,23,29.895164625703547
147,id1,319.5,128.0,vial3,23,29.895164625703547
148,id1,319.5,127.0,vial3,23,29.895164625703547
149,id1,320.0,125.0,vial3,23,29.895164625703547
150,id1,320.0,123.0,vial3,23,29.895164625703547
151,id1,320.0,121.0,vial3,23,29.895164625703547
152,id1,320.5,120.0,vial3,23,29.895164625703547
153,id1,320.5,118.0,vial3,23,29.895164625703547
154,id1,320.5,117.0,vial3,23,29.895164625703547
155,id1,320.5,116.0,vial3,23,29.895164625703547
156,id1,320.5,115.0,vial3,23,29.895164625703547
157,id1,320.5,114.0,vial3,23,29.895164625703547
158,id1,320.5,114.0,vial3,23,29.895164625703547
159,id1,320.5,113.0,vial3,23,29.895164625703547
160,id1,320.5,113.0,vial3,23,29.895164625703547
161,id1,320.5,113.0,vial3,23,29.895164625703547
162,id1,320.5,113.0,vial3,23,29.895164625703547
163,id1,320.5,113.0,vial3,23,29.895164625703547
164,id1,320.5,113.0,vial3,23,29.895164625703547
165,id1,320.5,113.0,vial3,23,29.895164625703547
166,id1,320.5,113.0,vial3,23,29.895164625703547
167,id1,320.5,113.0,vial3,23,29.895164625703547
168,id1,320.5,113.0,vial3,23,29.895164625703547
169,id1,320.5,113.0,vial3,23,29.895164625703547
170,id1,320.5,112.0,vial3,23,29.895164625703547
171,id1,320.5,111.0,vial3,23,29.895164625703547
172,id1,320.5,110.0,vial3,23,29.895164625703547
173,id1,320.0,109.5,vial3,23,29.895164625703547
174,id1,320.5,108.0,vial3,23,29.895164625703547
175,id1,320.5,107.0,vial3,23,29.895164625703547
176,id1,320.5,105.0,vial3,23,29.895164625703547
177,id1,320.5,103.0,vial3,23,29.895164625703547
178,id1,320.0,101.5,vial3,23,29.895164625703547
179,id1,319.5,100.0,vial3,23,29.895164625703547
180,id1,319.5,98.0,vial3,23,29.895164625703547
181,id1,319.5,96.0,vial3,23,29.895164625703547
182,id1,319.5,94.0,vial3,23,29.895164625703547
183,id1,319.5,92.5,vial3,23,29.895164625703547
184,id1,319.5,91.0,vial3,23,29.895164625703547
185,id1,319.5,89.5,vial3,23,29.895164625703547
186,id1,319.5,87.5,vial3,23,29.895164625703547
187,id1,319.5,85.5,vial3,23,29.895164625703547
188,id1,319.5,84.0,vial3,23,29.895164625703547
189,id1,319.5,81.5,vial3,23,29.895164625703547
190,id1,319.5,80.0,vial3,23,29.895164625703547
191,id1,319.5,78.0,vial3,23,29.895164625703547
192,id1,319.5,76.0,vial3,23,29.895164625703547
193,id1,319.5,74.5,vial3,23,29.895164625703547
194,id1,319.0,72.5,vial3,23,29.895164625703547
195,id1,319.0,71.0,vial3,23,29.895164625703547
196,id1,319.0,69.5,vial3,23,29.895164625703547
197,id1,318.5,67.5,vial3,23,29.895164625703547
198,id1,318.5,65.5,vial3,23,29.895164625703547
199,id1,318.5,64.0,vial3,23,29.895164625703547
200,id1,318.5,62.0,vial3,23,29.895164625703547
201,id1,318.5,60.0,vial3,23,29.895164625703547
202,id1,318.5,58.0,vial3,23,29.895164625703547
203,id1,318.0,56.5,vial3,23,29.895164625703547
204,id1,318.0,54.5,vial3,23,29.895164625703547
205,id1,317.5,52.5,vial3,23,29.895164625703547
206,id1,317.5,50.5,vial3,23,29.895164625703547
207,id1,318.0,49.0,vial3,23,29.895164625703547
208,id1,317.5,47.0,vial3,23,29.895164625703547
209,id1,317.5,45.5,vial3,23,29.895164625703547
210,id1,317.5,43.5,vial3,23,29.895164625703547
211,id1,317.0,42.5,vial3,23,29.895164625703547
212,id1,316.5,41.0,vial3,23,29.895164625703547
213,id1,316.5,39.0,vial3,23,29.895164625703547
214,id1,316.5,37.5,vial3,23,29.895164625703547
215,id1,316.0,36.5,vial3,23,29.895164625703547
216,id1,315.5,35.0,vial3,23,29.895164625703547
217,id1,314.5,34.0,vial3,23,29.895164625703547
218,id1,314.5,34.0,vial3,23,29.895164625703547
219,id1,314.5,33.0,vial3,23,29.895164625703547
220,id1,314.0,32.0,vial3,23,29.895164625703547
221,id1,313.5,31.5,vial3,23,29.895164625703547
222,id1,313.5,30.5,vial3,23,29.895164625703547
223,id1,313.5,29.0,vial3,23,29.895164625703547
224,id1,313.0,28.0,vial3,23,29.895164625703547
225,id1,312.5,26.0,vial3,23,29.895164625703547
226,id1,312.5,25.0,vial3,23,29.895164625703547
227,id1,312.5,23.0,vial3,23,29.895164625703547
228,id1,312.0,21.5,vial3,23,29.895164625703547
229,id1,312.0,20.5,vial3,23,29.895164625703547
230,id1,313.0,18.5,vial3,23,29.895164625703547
231,id1,313.0,17.5,vial3,23,29.895164625703547
232,id1,313.0,17.0,vial3,23,29.895164625703547
233,id1,313.0,17.0,vial3,23,29.895164625703547
234,id1,313.0,16.5,vial3,23,29.895164625703547
235,id1,313.0,15.5,vial3,23,29.895164625703547
236,id1,313.5,14.5,vial3,23,29.895164625703547
237,id1,313.5,14.5,vial3,23,29.895164625703547
238,id1,313.5,13.5,vial3,23,29.895164625703547
239,id1,313.5,12.5,vial3,23,29.895164625703547
240,id1,313.5,11.5,vial3,23,29.895164625703547
241,id1,313.5,11.0,vial3,23,29.895164625703547
242,id1,313.5,11.0,vial3,23,29.895164625703547
244,id1,313.5,11.0,vial3,23,29.895164625703547
0,id10,560.0,307.5,vial5,35,29.895164625703547
1,id10,560.0,306.5,vial5,35,29.895164625703547
2,id10,561.5,305.5,vial5,35,29.895164625703547
3,id10,562.0,305.0,vial5,35,29.895164625703547
4,id10,561.5,303.5,vial5,35,29.895164625703547
5,id10,563.0,301.5,vial5,35,29.895164625703547
6,id10,563.5,300.0,vial5,35,29.895164625703547
7,id10,563.0,297.5,vial5,35,29.895164625703547
8,id10,564.0,296.0,vial5,35,29.895164625703547
9,id10,564.0,293.0,vial5,35,29.895164625703547
10,id10,564.5,291.0,vial5,35,29.895164625703547
11,id10,565.0,288.0,vial5,35,29.895164625703547
12,id10,565.5,285.0,vial5,35,29.895164625703547
13,id10,565.5,282.5,vial5,35,29.895164625703547
14,id10,566.0,279.5,vial5,35,29.895164625703547
15,id10,566.0,277.5,vial5,35,29.895164625703547
16,id10,566.0,275.0,vial5,35,29.895164625703547
17,id10,567.0,272.5,vial5,35,29.895164625703547
18,id10,567.0,270.5,vial5,35,29.895164625703547
19,id10,566.0,268.0,vial5,35,29.895164625703547
20,id10,566.5,266.0,vial5,35,29.895164625703547
21,id10,567.0,264.0,vial5,35,29.895164625703547
22,id10,566.5,262.5,vial5,35,29.895164625703547
23,id10,566.5,261.0,vial5,35,29.895164625703547
24,id10,567.0,260.0,vial5,35,29.895164625703547
25,id10,566.5,259.0,vial5,35,29.895164625703547
26,id10,566.5,258.5,vial5,35,29.895164625703547
27,id10,566.5,257.0,vial5,35,29.895164625703547
28,id10,566.5,255.0,vial5,35,29.895164625703547
29,id10,566.5,252.0,vial5,35,29.895164625703547
30,id10,566.5,250.5,vial5,35,29.895164625703547
31,id10,565.5,248.0,vial5,35,29.895164625703547
32,id10,565.5,245.5,vial5,35,29.895164625703547
33,id10,565.5,243.5,vial5,35,29.895164625703547
34,id10,564.5,241.5,vial5,35,29.895164625703547
35,id10,564.5,240.0,vial5,35,29.895164625703547
36,id10,563.5,238.0,vial5,35,29.895164625703547
37,id10,562.5,235.5,vial5,35,29.895164625703547
38,id10,561.5,233.5,vial5,35,29.895164625703547
39,id10,561.0,231.5,vial5,35,29.895164625703547
40,id10,560.0,229.5,vial5,35,29.895164625703547
41,id10,559.0,228.5,vial5,35,29.895164625703547
42,id10,559.0,228.0,vial5,35,29.895164625703547
43,id10,558.0,226.5,vial5,35,29.895164625703547
44,id10,557.0,225.5,vial5,35,29.895164625703547
45,id10,556.0,224.0,vial5,35,29.895164625703547
46,id10,554.0,223.0,vial5,35,29.895164625703547
47,id10,553.0,223.0,vial5,35,29.895164625703547
48,id10,552.0,222.0,vial5,35,29.895164625703547
49,id10,551.5,221.5,vial5,35,29.895164625703547
50,id10,552.0,221.5,vial5,35,29.895164625703547
51,id10,551.5,220.0,vial5,35,29.895164625703547
52,id10,551.5,218.5,vial5,35,29.895164625703547
53,id10,552.0,217.0,vial5,35,29.895164625703547
54,id10,551.0,215.0,vial5,35,29.895164625703547
55,id10,550.5,213.0,vial5,35,29.895164625703547
56,id10,550.5,211.0,vial5,35,29.895164625703547
57,id10,550.5,209.0,vial5,35,29.895164625703547
58,id10,549.5,206.5,vial5,35,29.895164625703547
59,id10,549.5,205.0,vial5,35,29.895164625703547
60,id10,549.5,202.5,vial5,35,29.895164625703547
61,id10,549.5,201.0,vial5,35,29.895164625703547
62,id10,548.5,199.0,vial5,35,29.895164625703547
63,id10,548.5,197.5,vial5,35,29.895164625703547
64,id10,548.5,195.5,vial5,35,29.895164625703547
65,id10,548.5,193.5,vial5,35,29.895164625703547
66,id10,548.0,191.5,vial5,35,29.895164625703547
67,id10,548.5,189.0,vial5,35,29.895164625703547
68,id10,548.5,186.5,vial5,35,29.895164625703547
69,id10,549.5,184.0,vial5,35,29.895164625703547
70,id10,549.5,181.5,vial5,35,29.895164625703547
71,id10,550.0,179.0,vial5,35,29.895164625703547
72,id10,550.5,177.5,vial5,35,29.895164625703547
73,id10,550.5,175.5,vial5,35,29.895164625703547
74,id10,550.5,173.5,vial5,35,29.895164625703547
75,id10,550.5,171.5,vial5,35,29.895164625703547
76,id10,550.5,170.5,vial5,35,29.895164625703547
77,id10,551.0,168.0,vial5,35,29.895164625703547
78,id10,551.0,166.5,vial5,35,29.895164625703547
79,id10,551.5,164.5,vial5,35,29.895164625703547
80,id10,552.0,163.0,vial5,35,29.895164625703547
81,id10,552.0,161.5,vial5,35,29.895164625703547
82,id10,552.0,159.5,vial5,35,29.895164625703547
83,id10,552.5,157.5,vial5,35,29.895164625703547
84,id10,553.0,156.0,vial5,35,29.895164625703547
85,id10,553.5,155.0,vial5,35,29.895164625703547
86,id10,554.5,153.5,vial5,35,29.895164625703547
87,id10,555.5,152.5,vial5,35,29.895164625703547
88,id10,557.0,151.0,vial5,35,29.895164625703547
89,id10,557.5,150.0,vial5,35,29.895164625703547
90,id10,558.5,148.5,vial5,35,29.895164625703547
91,id10,559.5,147.0,vial5,35,29.895164625703547
92,id10,560.5,146.0,vial5,35,29.895164625703547
93,id10,561.5,144.0,vial5,35,29.895164625703547
94,id10,562.0,143.5,vial5,35,29.895164625703547
95,id10,562.5,141.0,vial5,35,29.895164625703547
96,id10,563.5,140.0,vial5,35,29.895164625703547
97,id10,564.5,138.0,vial5,35,29.895164625703547
98,id10,565.5,136.0,vial5,35,29.895164625703547
99,id10,566.0,134.5,vial5,35,29.895164625703547
100,id10,566.5,132.5,vial5,35,29.895164625703547
101,id10,567.5,131.5,vial5,35,29.895164625703547
102,id10,568.0,129.5,vial5,35,29.895164625703547
103,id10,568.5,128.5,vial5,35,29.895164625703547
104,id10,569.0,127.0,vial5,35,29.895164625703547
105,id10,569.5,125.5,vial5,35,29.895164625703547
106,id10,570.0,124.0,vial5,35,29.895164625703547
107,id10,570.0,123.0,vial5,35,29.895164625703547
108,id10,570.0,121.5,vial5,35,29.895164625703547
109,id10,570.5,120.5,vial5,35,29.895164625703547
110,id10,570.0,118.5,vial5,35,29.895164625703547
111,id10,570.5,116.5,vial5,35,29.895164625703547
112,id10,570.5,115.5,vial5,35,29.895164625703547
113,id10,570.0,113.5,vial5,35,29.895164625703547
114,id10,570.0,111.0,vial5,35,29.895164625703547
115,id10,569.5,109.0,vial5,35,29.895164625703547
116,id10,569.5,107.0,vial5,35,29.895164625703547
117,id10,569.5,105.0,vial5,35,29.895164625703547
118,id10,569.0,104.0,vial5,35,29.895164625703547
119,id10,568.5,102.0,vial5,35,29.895164625703547
120,id10,568.5,101.0,vial5,35,29.895164625703547
121,id10,568.5,99.0,vial5,35,29.895164625703547
122,id10,567.5,97.0,vial5,35,29.895164625703547
123,id10,567.0,96.0,vial5,35,29.895164625703547
124,id10,566.0,94.5,vial5,35,29.895164625703547
125,id10,565.0,93.5,vial5,35,29.895164625703547
126,id10,564.5,92.5,vial5,35,29.895164625703547
127,id10,563.5,91.5,vial5,35,29.895164625703547
128,id10,562.5,90.5,vial5,35,29.895164625703547
129,id10,561.5,89.5,vial5,35,29.895164625703547
130,id10,561.5,88.0,vial5,35,29.895164625703547
131,id10,560.5,87.0,vial5,35,29.895164625703547
132,id10,560.0,85.0,vial5,35,29.895164625703547
133,id10,559.5,83.5,vial5,35,29.895164625703547
134,id10,559.5,81.5,vial5,35,29.895164625703547
135,id10,559.5,79.5,vial5,35,29.895164625703547
136,id10,558.5,77.5,vial5,35,29.895164625703547
137,id10,558.5,75.0,vial5,35,29.895164625703547
138,id10,558.5,72.5,vial5,35,29.895164625703547
139,id10,558.5,70.5,vial5,35,29.895164625703547
140,id10,558.5,68.5,vial5,35,29.895164625703547
141,id10,558.5,66.5,vial5,35,29.895164625703547
142,id10,558.5,65.5,vial5,35,29.895164625703547
143,id10,558.5,63.5,vial5,35,29.895164625703547
144,id10,557.5,62.0,vial5,35,29.895164625703547
145,id10,557.5,60.0,vial5,35,29.895164625703547
146,id10,557.5,58.5,vial5,35,29.895164625703547
147,id10,557.5,57.5,vial5,35,29.895164625703547
148,id10,557.5,56.5,vial5,35,29.895164625703547
149,id10,557.5,54.5,vial5,35,29.895164625703547
150,id10,557.5,53.5,vial5,35,29.895164625703547
151,id10,557.5,53.5,vial5,35,29.895164625703547
152,id10,557.5,53.0,vial5,35,29.895164625703547
153,id10,557.5,53.0,vial5,35,29.895164625703547
154,id10,557.5,53.5,vial5,35,29.895164625703547
155,id10,557.5,53.5,vial5,35,29.895164625703547
156,id10,557.5,53.0,vial5,35,29.895164625703547
157,id10,557.5,53.0,vial5,35,29.895164625703547
158,id10,557.5,53.0,vial5,35,29.895164625703547
159,id10,557.5,52.5,vial5,35,29.895164625703547
160,id10,558.0,52.5,vial5,35,29.895164625703547
161,id10,547.0,43.5,vial5,35,29.895164625703547
162,id10,532.5,29.0,vial5,35,29.895164625703547
163,id10,528.5,26.5,vial5,35,29.895164625703547
164,id10,528.5,26.0,vial5,35,29.895164625703547
165,id10,528.5,26.0,vial5,35,29.895164625703547
166,id10,528.5,25.0,vial5,35,29.895164625703547
167,id10,528.5,25.0,vial5,35,29.895164625703547
168,id10,528.5,25.0,vial5,35,29.895164625703547
169,id10,528.5,25.0,vial5,35,29.895164625703547
170,id10,528.5,25.0,vial5,35,29.895164625703547
171,id10,528.5,25.0,vial5,35,29.895164625703547
172,id10,528.5,25.0,vial5,35,29.895164625703547
173,id10,528.5,25.0,vial5,35,29.895164625703547
174,id10,528.5,24.0,vial5,35,29.895164625703547
175,id10,528.0,24.0,vial5,35,29.895164625703547
176,id10,528.0,24.0,vial5,35,29.895164625703547
177,id10,528.0,24.0,vial5,35,29.895164625703547
178,id10,528.0,24.0,vial5,35,29.895164625703547
179,id10,528.0,24.0,vial5,35,29.895164625703547
180,id10,528.0,24.0,vial5,35,29.895164625703547
181,id10,528.0,24.0,vial5,35,29.895164625703547
182,id10,528.0,24.0,vial5,35,29.895164625703547
183,id10,528.0,24.0,vial5,35,29.895164625703547
184,id10,528.0,24.0,vial5,35,29.895164625703547
185,id10,528.0,24.0,vial5,35,29.895164625703547
186,id10,528.0,24.0,vial5,35,29.895164625703547
187,id10,528.0,24.0,vial5,35,29.895164625703547
188,id10,528.0,24.0,vial5,35,29.895164625703547
189,id10,528.0,24.0,vial5,35,29.895164625703547
190,id10,528.0,23.5,vial5,35,29.895164625703547
191,id10,527.0,23.0,vial5,35,29.895164625703547
192,id10,526.5,22.0,vial5,35,29.895164625703547
193,id10,526.5,21.5,vial5,35,29.895164625703547
194,id10,525.0,21.0,vial5,35,29.895164625703547
195,id10,524.5,20.5,vial5,35,29.895164625703547
196,id10,522.5,19.5,vial5,35,29.895164625703547
197,id10,521.5,19.5,vial5,35,29.895164625703547
198,id10,520.0,19.5,vial5,35,29.895164625703547
199,id10,518.5,18.5,vial5,35,29.895164625703547
200,id10,517.5,18.0,vial5,35,29.895164625703547
201,id10,516.5,17.5,vial5,35,29.895164625703547
202,id10,516.0,16.5,vial5,35,29.895164625703547
203,id10,515.0,16.5,vial5,35,29.895164625703547
204,id10,514.0,15.5,vial5,35,29.895164625703547
205,id10,514.0,15.0,vial5,35,29.895164625703547
206,id10,513.0,14.5,vial5,35,29.895164625703547
207,id10,513.0,14.5,vial5,35,29.895164625703547
208,id10,513.0,14.0,vial5,35,29.895164625703547
209,id10,513.0,14.0,vial5,35,29.895164625703547
210,id10,513.0,14.0,vial5,35,29.895164625703547
211,id10,513.0,14.0,vial5,35,29.895164625703547
212,id10,512.5,14.0,vial5,35,29.895164625703547
213,id10,512.5,14.0,vial5,35,29.895164625703547
214,id10,512.5,13.5,vial5,35,29.895164625703547
0,id11,288.0,351.0,vial3,17,29.895164625703547
1,id11,285.0,349.5,vial3,17,29.895164625703547
2,id11,284.5,349.5,vial3,17,29.895164625703547
3,id11,283.5,350.0,vial3,17,29.895164625703547
4,id11,282.5,350.5,vial3,17,29.895164625703547
5,id11,281.5,350.5,vial3,17,29.895164625703547
6,id11,280.5,349.5,vial3,17,29.895164625703547
7,id11,278.5,349.5,vial3,17,29.895164625703547
8,id11,278.5,349.5,vial3,17,29.895164625703547
9,id11,278.5,349.0,vial3,17,29.895164625703547
10,id11,278.5,349.5,vial3,17,29.895164625703547
11,id11,279.0,349.5,vial3,17,29.895164625703547
12,id11,279.0,349.5,vial3,17,29.895164625703547
13,id11,278.0,349.0,vial3,17,29.895164625703547
14,id11,278.5,349.0,vial3,17,29.895164625703547
15,id11,279.0,349.0,vial3,17,29.895164625703547
16,id11,279.0,348.5,vial3,17,29.895164625703547
17,id11,280.5,348.5,vial3,17,29.895164625703547
18,id11,281.0,349.5,vial3,17,29.895164625703547
19,id11,282.5,349.0,vial3,17,29.895164625703547
20,id11,283.5,348.5,vial3,17,29.895164625703547
21,id11,284.0,349.5,vial3,17,29.895164625703547
22,id11,284.5,349.5,vial3,17,29.895164625703547
23,id11,285.5,349.0,vial3,17,29.895164625703547
24,id11,288.0,348.5,vial3,17,29.895164625703547
25,id11,287.5,348.5,vial3,17,29.895164625703547
26,id11,292.5,342.0,vial3,17,29.895164625703547
27,id11,311.5,341.5,vial3,17,29.895164625703547
28,id11,312.0,341.5,vial3,17,29.895164625703547
29,id11,311.5,340.5,vial3,17,29.895164625703547
30,id11,311.0,339.0,vial3,17,29.895164625703547
31,id11,309.5,337.0,vial3,17,29.895164625703547
32,id11,309.0,334.5,vial3,17,29.895164625703547
33,id11,307.0,332.5,vial3,17,29.895164625703547
38,id11,302.0,328.0,vial3,17,29.895164625703547
39,id11,293.5,330.0,vial3,17,29.895164625703547
40,id11,290.5,330.0,vial3,17,29.895164625703547
41,id11,288.5,330.0,vial3,17,29.895164625703547
42,id11,286.0,330.0,vial3,17,29.895164625703547
43,id11,284.0,330.0,vial3,17,29.895164625703547
44,id11,282.0,330.0,vial3,17,29.895164625703547
45,id11,280.0,330.0,vial3,17,29.895164625703547
46,id11,278.0,331.5,vial3,17,29.895164625703547
47,id11,276.5,333.0,vial3,17,29.895164625703547
48,id11,274.5,334.0,vial3,17,29.895164625703547
49,id11,273.5,335.0,vial3,17,29.895164625703547
50,id11,273.5,335.5,vial3,17,29.895164625703547
51,id11,272.5,335.5,vial3,17,29.895164625703547
52,id11,272.0,335.5,vial3,17,29.895164625703547
53,id11,271.0,335.5,vial3,17,29.895164625703547
54,id11,269.5,334.0,vial3,17,29.895164625703547
55,id11,269.0,332.5,vial3,17,29.895164625703547
56,id11,268.0,331.0,vial3,17,29.895164625703547
57,id11,266.5,329.5,vial3,17,29.895164625703547
58,id11,265.0,327.0,vial3,17,29.895164625703547
59,id11,263.5,326.0,vial3,17,29.895164625703547
60,id11,261.5,324.5,vial3,17,29.895164625703547
66,id11,257.0,322.0,vial3,17,29.895164625703547
67,id11,257.0,321.0,vial3,17,29.895164625703547
68,id11,256.5,320.5,vial3,17,29.895164625703547
69,id11,256.5,320.0,vial3,17,29.895164625703547
70,id11,256.5,320.0,vial3,17,29.895164625703547
71,id11,256.5,320.0,vial3,17,29.895164625703547
72,id11,256.5,320.0,vial3,17,29.895164625703547
73,id11,257.0,320.0,vial3,17,29.895164625703547
74,id11,257.5,321.5,vial3,17,29.895164625703547
75,id11,257.5,323.0,vial3,17,29.895164625703547
76,id11,256.5,322.5,vial3,17,29.895164625703547
77,id11,256.5,322.0,vial3,17,29.895164625703547
78,id11,256.5,322.0,vial3,17,29.895164625703547
79,id11,256.5,322.0,vial3,17,29.895164625703547
80,id11,256.5,322.0,vial3,17,29.895164625703547
81,id11,256.5,322.0,vial3,17,29.895164625703547
82,id11,256.5,322.0,vial3,17,29.895164625703547
83,id11,256.5,322.0,vial3,17,29.895164625703547
84,id11,256.5,322.5,vial3,17,29.895164625703547
85,id11,256.5,322.5,vial3,17,29.895164625703547
86,id11,256.5,323.0,vial3,17,29.895164625703547
87,id11,256.5,322.5,vial3,17,29.895164625703547
88,id11,256.5,323.0,vial3,17,29.895164625703547
89,id11,256.5,323.0,vial3,17,29.895164625703547
90,id11,256.5,323.0,vial3,17,29.895164625703547
91,id11,256.5,323.0,vial3,17,29.895164625703547
92,id11,256.5,323.0,vial3,17,29.895164625703547
93,id11,256.5,323.0,vial3,17,29.895164625703547
94,id11,256.5,323.0,vial3,17,29.895164625703547
95,id11,256.5,323.0,vial3,17,29.895164625703547
96,id11,256.5,323.0,vial3,17,29.895164625703547
97,id11,256.5,323.0,vial3,17,29.895164625703547
98,id11,256.5,323.5,vial3,17,29.895164625703547
99,id11,256.5,323.0,vial3,17,29.895164625703547
100,id11,256.5,323.0,vial3,17,29.895164625703547
101,id11,256.5,323.0,vial3,17,29.895164625703547
102,id11,256.5,323.0,vial3,17,29.895164625703547
103,id11,256.5,323.0,vial3,17,29.895164625703547
104,id11,256.5,323.0,vial3,17,29.895164625703547
105,id11,256.5,323.0,vial3,17,29.895164625703547
106,id11,256.5,323.5,vial3,17,29.895164625703547
107,id11,256.5,323.0,vial3,17,29.895164625703547
108,id11,256.5,323.0,vial3,17,29.895164625703547
109,id11,256.5,323.0,vial3,17,29.895164625703547
110,id11,256.5,323.0,vial3,17,29.895164625703547
111,id11,256.5,323.5,vial3,17,29.895164625703547
112,id11,256.5,323.5,vial3,17,29.895164625703547
113,id11,256.5,323.0,vial3,17,29.895164625703547
114,id11,256.5,323.0,vial3,17,29.895164625703547
115,id11,256.5,323.0,vial3,17,29.895164625703547
116,id11,256.5,323.0,vial3,17,29.895164625703547
117,id11,256.5,323.0,vial3,17,29.895164625703547
118,id11,256.5,324.0,vial3,17,29.895164625703547
119,id11,256.5,324.0,vial3,17,29.895164625703547
120,id11,256.5,323.0,vial3,17,29.895164625703547
121,id11,256.5,323.5,vial3,17,29.895164625703547
122,id11,256.5,323.5,vial3,17,29.895164625703547
123,id11,256.5,323.5,vial3,17,29.895164625703547
124,id11,256.5,323.5,vial3,17,29.895164625703547
125,id11,256.5,324.0,vial3,17,29.895164625703547
126,id11,256.5,324.0,vial3,17,29.895164625703547
127,id11,256.5,323.0,vial3,17,29.895164625703547
128,id11,256.5,323.0,vial3,17,29.895164625703547
129,id11,256.5,323.0,vial3,17,29.895164625703547
130,id11,256.5,323.5,vial3,17,29.895164625703547
131,id11,256.5,323.5,vial3,17,29.895164625703547
132,id11,256.5,324.0,vial3,17,29.895164625703547
133,id11,256.5,324.0,vial3,17,29.895164625703547
134,id11,256.5,324.0,vial3,17,29.895164625703547
135,id11,256.5,324.0,vial3,17,29.895164625703547
136,id11,256.5,323.5,vial3,17,29.895164625703547
137,id11,256.5,323.5,vial3,17,29.895164625703547
138,id11,256.5,323.5,vial3,17,29.895164625703547
139,id11,256.5,323.5,vial3,17,29.895164625703547
140,id11,256.5,323.0,vial3,17,29.895164625703547
141,id11,256.5,323.0,vial3,17,29.895164625703547
142,id11,256.5,323.0,vial3,17,29.895164625703547
143,id11,256.5,323.0,vial3,17,29.895164625703547
144,id11,256.5,323.0,vial3,17,29.895164625703547
145,id11,256.5,323.0,vial3,17,29.895164625703547
146,id11,256.5,323.0,vial3,17,29.895164625703547
147,id11,257.0,323.0,vial3,17,29.895164625703547
148,id11,256.5,323.0,vial3,17,29.895164625703547
149,id11,257.0,323.0,vial3,17,29.895164625703547
150,id11,257.0,323.0,vial3,17,29.895164625703547
151,id11,257.0,323.0,vial3,17,29.895164625703547
152,id11,257.0,323.0,vial3,17,29.895164625703547
153,id11,256.5,323.5,vial3,17,29.895164625703547
154,id11,256.5,323.0,vial3,17,29.895164625703547
155,id11,256.5,324.0,vial3,17,29.895164625703547
156,id11,256.5,324.0,vial3,17,29.895164625703547
157,id11,256.5,324.0,vial3,17,29.895164625703547
158,id11,256.5,324.0,vial3,17,29.895164625703547
159,id11,256.5,324.0,vial3,17,29.895164625703547
160,id11,256.5,323.0,vial3,17,29.895164625703547
161,id11,256.5,323.5,vial3,17,29.895164625703547
162,id11,256.5,323.5,vial3,17,29.895164625703547
163,id11,256.5,324.0,vial3,17,29.895164625703547
164,id11,256.5,323.0,vial3,17,29.895164625703547
165,id11,256.5,323.0,vial3,17,29.895164625703547
166,id11,256.5,323.0,vial3,17,29.895164625703547
167,id11,256.5,323.0,vial3,17,29.895164625703547
168,id11,256.5,323.5,vial3,17,29.895164625703547
169,id11,256.5,324.0,vial3,17,29.895164625703547
170,id11,256.5,324.0,vial3,17,29.895164625703547
171,id11,256.5,324.0,vial3,17,29.895164625703547
172,id11,256.5,324.0,vial3,17,29.895164625703547
173,id11,256.5,324.0,vial3,17,29.895164625703547
174,id11,256.5,324.0,vial3,17,29.895164625703547
175,id11,256.5,324.0,vial3,17,29.895164625703547
176,id11,256.5,324.0,vial3,17,29.895164625703547
177,id11,256.5,323.5,vial3,17,29.895164625703547
178,id11,256.5,323.5,vial3,17,29.895164625703547
179,id11,256.5,323.5,vial3,17,29.895164625703547
180,id11,256.5,323.5,vial3,17,29.895164625703547
181,id11,256.5,323.0,vial3,17,29.895164625703547
182,id11,256.5,323.0,vial3,17,29.895164625703547
183,id11,256.5,323.0,vial3,17,29.895164625703547
184,id11,257.0,323.5,vial3,17,29.895164625703547
185,id11,257.0,323.5,vial3,17,29.895164625703547
186,id11,257.0,323.5,vial3,17,29.895164625703547
187,id11,257.0,323.5,vial3,17,29.895164625703547
188,id11,257.0,323.5,vial3,17,29.895164625703547
189,id11,257.0,323.5,vial3,17,29.895164625703547
190,id11,256.5,323.5,vial3,17,29.895164625703547
191,id11,256.5,323.0,vial3,17,29.895164625703547
192,id11,257.0,323.5,vial3,17,29.895164625703547
193,id11,257.0,323.5,vial3,17,29.895164625703547
194,id11,257.0,323.5,vial3,17,29.895164625703547
195,id11,257.0,323.5,vial3,17,29.895164625703547
196,id11,257.0,323.5,vial3,17,29.895164625703547
197,id11,256.5,323.5,vial3,17,29.895164625703547
198,id11,256.5,323.5,vial3,17,29.895164625703547
199,id11,256.5,323.5,vial3,17,29.895164625703547
200,id11,256.5,323.5,vial3,17,29.895164625703547
201,id11,256.5,323.5,vial3,17,29.895164625703547
202,id11,256.5,323.5,vial3,17,29.895164625703547
203,id11,256.5,323.5,vial3,17,29.895164625703547
204,id11,256.5,323.5,vial3,17,29.895164625703547
205,id11,256.5,323.5,vial3,17,29.895164625703547
206,id11,256.5,323.5,vial3,17,29.895164625703547
207,id11,257.0,323.5,vial3,17,29.895164625703547
208,id11,257.0,323.5,vial3,17,29.895164625703547
209,id11,257.0,323.5,vial3,17,29.895164625703547
210,id11,256.5,323.5,vial3,17,29.895164625703547
211,id11,256.5,323.5,vial3,17,29.895164625703547
212,id11,256.5,324.0,vial3,17,29.895164625703547
213,id11,257.0,324.5,vial3,17,29.895164625703547
214,id11,257.5,324.5,vial3,17,29.895164625703547
215,id11,257.5,324.5,vial3,17,29.895164625703547
216,id11,257.5,325.5,vial3,17,29.895164625703547
217,id11,257.5,326.5,vial3,17,29.895164625703547
218,id11,257.5,327.5,vial3,17,29.895164625703547
219,id11,257.5,328.5,vial3,17,29.895164625703547
220,id11,257.5,330.5,vial3,17,29.895164625703547
221,id11,257.5,331.0,vial3,17,29.895164625703547
222,id11,257.5,331.5,vial3,17,29.895164625703547
223,id11,257.5,333.0,vial3,17,29.895164625703547
224,id11,257.5,334.0,vial3,17,29.895164625703547
225,id11,257.5,335.0,vial3,17,29.895164625703547
226,id11,258.0,336.5,vial3,17,29.895164625703547
227,id11,258.5,337.5,vial3,17,29.895164625703547
228,id11,258.5,337.5,vial3,17,29.895164625703547
229,id11,258.5,338.5,vial3,17,29.895164625703547
230,id11,258.5,340.0,vial3,17,29.895164625703547
231,id11,259.5,342.0,vial3,17,29.895164625703547
232,id11,259.5,342.0,vial3,17,29.895164625703547
233,id11,260.0,343.0,vial3,17,29.895164625703547
234,id11,260.5,344.0,vial3,17,29.895164625703547
235,id11,260.5,345.0,vial3,17,29.895164625703547
236,id11,261.0,345.0,vial3,17,29.895164625703547
237,id11,261.0,345.5,vial3,17,29.895164625703547
238,id11,261.0,345.5,vial3,17,29.895164625703547
239,id11,260.5,345.0,vial3,17,29.895164625703547
240,id11,260.5,345.0,vial3,17,29.895164625703547
241,id11,260.0,345.0,vial3,17,29.895164625703547
242,id11,260.0,345.0,vial3,17,29.895164625703547
243,id11,261.0,345.5,vial3,17,29.895164625703547
244,id11,261.0,346.0,vial3,17,29.895164625703547
245,id11,261.5,346.0,vial3,17,29.895164625703547
246,id11,261.5,347.0,vial3,17,29.895164625703547
247,id11,262.0,348.0,vial3,17,29.895164625703547
248,id11,262.0,348.0,vial3,17,29.895164625703547
249,id11,262.5,348.5,vial3,17,29.895164625703547
250,id11,262.5,348.5,vial3,17,29.895164625703547
251,id11,262.0,348.0,vial3,17,29.895164625703547
252,id11,262.0,348.0,vial3,17,29.895164625703547
253,id11,262.5,348.5,vial3,17,29.895164625703547
254,id11,262.5,349.0,vial3,17,29.895164625703547
255,id11,262.5,348.5,vial3,17,29.895164625703547
256,id11,262.5,348.5,vial3,17,29.895164625703547
257,id11,262.5,349.0,vial3,17,29.895164625703547
258,id11,262.5,349.0,vial3,17,29.895164625703547
259,id11,261.5,350.0,vial3,17,29.895164625703547
260,id11,261.0,350.0,vial3,17,29.895164625703547
261,id11,261.0,350.5,vial3,17,29.895164625703547
262,id11,260.0,350.5,vial3,17,29.895164625703547
263,id11,259.5,351.0,vial3,17,29.895164625703547
264,id11,258.5,351.0,vial3,17,29.895164625703547
265,id11,258.0,351.0,vial3,17,29.895164625703547
266,id11,257.0,350.5,vial3,17,29.895164625703547
267,id11,256.5,351.0,vial3,17,29.895164625703547
268,id11,255.5,350.5,vial3,17,29.895164625703547
269,id11,255.0,350.5,vial3,17,29.895164625703547
270,id11,254.5,350.5,vial3,17,29.895164625703547
271,id11,254.0,350.0,vial3,17,29.895164625703547
272,id11,254.0,350.0,vial3,17,29.895164625703547
273,id11,253.0,350.0,vial3,17,29.895164625703547
274,id11,253.0,350.0,vial3,17,29.895164625703547
275,id11,253.0,350.5,vial3,17,29.895164625703547
276,id11,253.0,351.0,vial3,17,29.895164625703547
277,id11,252.5,351.0,vial3,17,29.895164625703547
278,id11,252.5,351.0,vial3,17,29.895164625703547
279,id11,252.5,350.5,vial3,17,29.895164625703547
280,id11,252.5,349.5,vial3,17,29.895164625703547
281,id11,252.5,349.5,vial3,17,29.895164625703547
282,id11,252.5,349.5,vial3,17,29.895164625703547
283,id11,252.5,349.5,vial3,17,29.895164625703547
284,id11,252.5,349.5,vial3,17,29.895164625703547
285,id11,252.5,349.5,vial3,17,29.895164625703547
286,id11,252.5,349.5,vial3,17,29.895164625703547
287,id11,252.5,349.5,vial3,17,29.895164625703547
288,id11,253.0,349.5,vial3,17,29.895164625703547
289,id11,253.5,349.5,vial3,17,29.895164625703547
290,id11,253.5,349.5,vial3,17,29.895164625703547
291,id11,254.5,349.5,vial3,17,29.895164625703547
292,id11,254.5,349.5,vial3,17,29.895164625703547
293,id11,254.5,349.5,vial3,17,29.895164625703547
294,id11,254.5,349.5,vial3,17,29.895164625703547
295,id11,255.5,350.5,vial3,17,29.895164625703547
296,id11,255.5,350.5,vial3,17,29.895164625703547
297,id11,256.0,350.0,vial3,17,29.895164625703547
298,id11,256.5,350.0,vial3,17,29.895164625703547
299,id11,256.0,350.0,vial3,17,29.895164625703547
300,id11,257.0,350.0,vial3,17,29.895164625703547
301,id11,258.0,350.0,vial3,17,29.895164625703547
302,id11,258.0,349.5,vial3,17,29.895164625703547
303,id11,259.0,349.0,vial3,17,29.895164625703547
304,id11,260.0,349.0,vial3,17,29.895164625703547
305,id11,260.5,349.5,vial3,17,29.895164625703547
306,id11,261.0,349.0,vial3,17,29.895164625703547
307,id11,262.0,349.0,vial3,17,29.895164625703547
308,id11,264.0,349.0,vial3,17,29.895164625703547
309,id11,266.0,350.0,vial3,17,29.895164625703547
310,id11,267.0,350.0,vial3,17,29.895164625703547
311,id11,267.0,350.0,vial3,17,29.895164625703547
312,id11,267.5,350.5,vial3,17,29.895164625703547
313,id11,268.5,350.5,vial3,17,29.895164625703547
314,id11,269.5,350.0,vial3,17,29.895164625703547
315,id11,270.0,350.0,vial3,17,29.895164625703547
316,id11,273.0,348.5,vial3,17,29.895164625703547
317,id11,274.0,348.0,vial3,17,29.895164625703547
318,id11,274.5,347.5,vial3,17,29.895164625703547
319,id11,276.0,347.5,vial3,17,29.895164625703547
320,id11,277.0,348.0,vial3,17,29.895164625703547
321,id11,278.0,347.5,vial3,17,29.895164625703547
322,id11,279.5,348.0,vial3,17,29.895164625703547
323,id11,281.0,349.0,vial3,17,29.895164625703547
324,id11,282.0,349.0,vial3,17,29.895164625703547
325,id11,282.5,349.0,vial3,17,29.895164625703547
326,id11,283.5,347.5,vial3,17,29.895164625703547
327,id11,285.0,347.5,vial3,17,29.895164625703547
328,id11,287.5,347.5,vial3,17,29.895164625703547
329,id11,288.5,347.5,vial3,17,29.895164625703547
330,id11,289.5,347.5,vial3,17,29.895164625703547
331,id11,291.5,347.0,vial3,17,29.895164625703547
332,id11,294.0,347.0,vial3,17,29.895164625703547
333,id11,295.5,346.0,vial3,17,29.895164625703547
334,id11,296.5,346.0,vial3,17,29.895164625703547
335,id11,298.0,346.0,vial3,17,29.895164625703547
336,id11,298.5,347.0,vial3,17,29.895164625703547
337,id11,300.0,347.0,vial3,17,29.895164625703547
338,id11,300.5,347.5,vial3,17,29.895164625703547
339,id11,301.5,349.5,vial3,17,29.895164625703547
340,id11,302.0,349.5,vial3,17,29.895164625703547
341,id11,303.0,349.5,vial3,17,29.895164625703547
342,id11,304.0,349.0,vial3,17,29.895164625703547
343,id11,306.0,348.5,vial3,17,29.895164625703547
344,id11,307.0,348.0,vial3,17,29.895164625703547
345,id11,308.5,348.0,vial3,17,29.895164625703547
346,id11,309.5,348.0,vial3,17,29.895164625703547
347,id11,310.5,348.0,vial3,17,29.895164625703547
348,id11,311.5,348.0,vial3,17,29.895164625703547
349,id11,312.5,348.0,vial3,17,29.895164625703547
350,id11,313.5,348.0,vial3,17,29.895164625703547
351,id11,314.0,348.5,vial3,17,29.895164625703547
352,id11,314.5,348.5,vial3,17,29.895164625703547
353,id11,315.5,348.5,vial3,17,29.895164625703547
354,id11,316.0,348.5,vial3,17,29.895164625703547
355,id11,317.0,348.5,vial3,17,29.895164625703547
356,id11,317.0,349.0,vial3,17,29.895164625703547
357,id11,318.0,349.0,vial3,17,29.895164625703547
358,id11,318.0,349.0,vial3,17,29.895164625703547
359,id11,318.0,349.0,vial3,17,29.895164625703547
360,id11,318.0,349.5,vial3,17,29.895164625703547
361,id11,318.0,349.5,vial3,17,29.895164625703547
362,id11,318.5,349.5,vial3,17,29.895164625703547
363,id11,318.5,349.5,vial3,17,29.895164625703547
364,id11,318.5,349.5,vial3,17,29.895164625703547
365,id11,319.0,349.5,vial3,17,29.895164625703547
366,id11,319.0,351.0,vial3,17,29.895164625703547
367,id11,319.0,351.0,vial3,17,29.895164625703547
368,id11,319.0,351.0,vial3,17,29.895164625703547
369,id11,319.5,350.0,vial3,17,29.895164625703547
370,id11,319.5,349.5,vial3,17,29.895164625703547
371,id11,319.5,348.5,vial3,17,29.895164625703547
372,id11,319.0,348.5,vial3,17,29.895164625703547
373,id11,319.0,347.5,vial3,17,29.895164625703547
374,id11,318.0,347.0,vial3,17,29.895164625703547
375,id11,318.0,346.5,vial3,17,29.895164625703547
376,id11,317.5,346.5,vial3,17,29.895164625703547
377,id11,317.0,346.0,vial3,17,29.895164625703547
378,id11,317.0,346.0,vial3,17,29.895164625703547
379,id11,317.0,346.0,vial3,17,29.895164625703547
380,id11,316.5,346.0,vial3,17,29.895164625703547
381,id11,316.0,346.0,vial3,17,29.895164625703547
0,id12,439.0,351.5,vial4,24,29.895164625703547
1,id12,438.0,351.5,vial4,24,29.895164625703547
2,id12,439.5,351.5,vial4,24,29.895164625703547
3,id12,439.0,351.5,vial4,24,29.895164625703547
4,id12,438.5,351.0,vial4,24,29.895164625703547
5,id12,439.0,351.0,vial4,24,29.895164625703547
6,id12,438.5,351.0,vial4,24,29.895164625703547
7,id12,438.0,351.0,vial4,24,29.895164625703547
8,id12,439.0,351.5,vial4,24,29.895164625703547
9,id12,440.0,351.0,vial4,24,29.895164625703547
10,id12,441.0,351.0,vial4,24,29.895164625703547
11,id12,442.5,351.0,vial4,24,29.895164625703547
12,id12,443.5,351.0,vial4,24,29.895164625703547
13,id12,442.5,350.5,vial4,24,29.895164625703547
14,id12,442.0,350.5,vial4,24,29.895164625703547
15,id12,442.0,350.0,vial4,24,29.895164625703547
16,id12,441.5,349.5,vial4,24,29.895164625703547
17,id12,441.5,350.0,vial4,24,29.895164625703547
18,id12,441.5,350.0,vial4,24,29.895164625703547
19,id12,441.5,350.5,vial4,24,29.895164625703547
20,id12,441.5,351.0,vial4,24,29.895164625703547
21,id12,442.0,351.5,vial4,24,29.895164625703547
22,id12,441.5,352.0,vial4,24,29.895164625703547
23,id12,440.5,352.5,vial4,24,29.895164625703547
24,id12,439.0,352.0,vial4,24,29.895164625703547
25,id12,438.0,351.5,vial4,24,29.895164625703547
26,id12,435.5,351.5,vial4,24,29.895164625703547
27,id12,433.5,351.5,vial4,24,29.895164625703547
28,id12,431.0,351.5,vial4,24,29.895164625703547
29,id12,423.0,351.0,vial4,24,29.895164625703547
30,id12,422.0,352.0,vial4,24,29.895164625703547
33,id12,419.0,350.5,vial4,24,29.895164625703547
34,id12,417.5,351.0,vial4,24,29.895164625703547
35,id12,417.0,350.5,vial4,24,29.895164625703547
36,id12,416.5,350.5,vial4,24,29.895164625703547
37,id12,415.5,350.5,vial4,24,29.895164625703547
38,id12,415.5,350.5,vial4,24,29.895164625703547
39,id12,416.0,350.5,vial4,24,29.895164625703547
40,id12,415.5,350.5,vial4,24,29.895164625703547
41,id12,415.0,350.5,vial4,24,29.895164625703547
42,id12,414.5,350.5,vial4,24,29.895164625703547
43,id12,413.0,351.5,vial4,24,29.895164625703547
44,id12,412.0,351.5,vial4,24,29.895164625703547
45,id12,410.0,350.5,vial4,24,29.895164625703547
46,id12,410.0,350.5,vial4,24,29.895164625703547
47,id12,408.5,350.0,vial4,24,29.895164625703547
48,id12,409.0,350.5,vial4,24,29.895164625703547
49,id12,400.0,328.0,vial4,24,29.895164625703547
50,id12,382.5,287.5,vial4,24,29.895164625703547
51,id12,382.5,283.5,vial4,24,29.895164625703547
52,id12,381.5,282.0,vial4,24,29.895164625703547
53,id12,382.0,280.0,vial4,24,29.895164625703547
54,id12,381.5,278.0,vial4,24,29.895164625703547
55,id12,381.5,276.0,vial4,24,29.895164625703547
56,id12,381.5,275.5,vial4,24,29.895164625703547
57,id12,382.5,273.0,vial4,24,29.895164625703547
58,id12,383.5,271.0,vial4,24,29.895164625703547
59,id12,383.5,270.0,vial4,24,29.895164625703547
60,id12,383.5,268.5,vial4,24,29.895164625703547
61,id12,383.5,266.5,vial4,24,29.895164625703547
62,id12,384.5,264.5,vial4,24,29.895164625703547
63,id12,384.5,261.5,vial4,24,29.895164625703547
64,id12,384.5,258.0,vial4,24,29.895164625703547
65,id12,384.5,255.0,vial4,24,29.895164625703547
66,id12,384.5,251.5,vial4,24,29.895164625703547
67,id12,384.0,248.5,vial4,24,29.895164625703547
68,id12,384.0,245.5,vial4,24,29.895164625703547
69,id12,383.5,242.5,vial4,24,29.895164625703547
70,id12,383.0,238.5,vial4,24,29.895164625703547
71,id12,383.0,235.0,vial4,24,29.895164625703547
72,id12,383.0,231.5,vial4,24,29.895164625703547
73,id12,383.0,227.5,vial4,24,29.895164625703547
74,id12,383.0,224.5,vial4,24,29.895164625703547
75,id12,383.5,222.5,vial4,24,29.895164625703547
76,id12,383.5,219.5,vial4,24,29.895164625703547
77,id12,383.5,217.0,vial4,24,29.895164625703547
78,id12,383.0,214.5,vial4,24,29.895164625703547
79,id12,382.5,213.0,vial4,24,29.895164625703547
80,id12,381.5,212.5,vial4,24,29.895164625703547
81,id12,381.0,211.0,vial4,24,29.895164625703547
82,id12,380.5,210.0,vial4,24,29.895164625703547
83,id12,380.0,209.0,vial4,24,29.895164625703547
84,id12,379.5,208.0,vial4,24,29.895164625703547
85,id12,379.5,207.0,vial4,24,29.895164625703547
86,id12,379.0,205.5,vial4,24,29.895164625703547
87,id12,379.5,204.0,vial4,24,29.895164625703547
88,id12,379.0,202.0,vial4,24,29.895164625703547
89,id12,379.5,199.0,vial4,24,29.895164625703547
90,id12,379.5,196.0,vial4,24,29.895164625703547
91,id12,379.5,194.0,vial4,24,29.895164625703547
92,id12,379.5,191.5,vial4,24,29.895164625703547
93,id12,379.0,189.0,vial4,24,29.895164625703547
94,id12,379.0,186.0,vial4,24,29.895164625703547
95,id12,379.0,184.5,vial4,24,29.895164625703547
96,id12,379.0,182.0,vial4,24,29.895164625703547
97,id12,379.5,183.0,vial4,24,29.895164625703547
98,id12,378.5,182.0,vial4,24,29.895164625703547
99,id12,379.5,182.0,vial4,24,29.895164625703547
100,id12,379.0,182.5,vial4,24,29.895164625703547
101,id12,378.5,182.0,vial4,24,29.895164625703547
102,id12,378.5,182.0,vial4,24,29.895164625703547
103,id12,378.5,181.0,vial4,24,29.895164625703547
104,id12,378.5,181.0,vial4,24,29.895164625703547
105,id12,378.0,182.0,vial4,24,29.895164625703547
106,id12,378.0,182.0,vial4,24,29.895164625703547
107,id12,378.0,182.0,vial4,24,29.895164625703547
108,id12,378.0,182.0,vial4,24,29.895164625703547
109,id12,378.0,182.0,vial4,24,29.895164625703547
110,id12,378.0,182.0,vial4,24,29.895164625703547
111,id12,378.0,182.0,vial4,24,29.895164625703547
112,id12,378.0,183.0,vial4,24,29.895164625703547
113,id12,378.5,183.5,vial4,24,29.895164625703547
114,id12,378.5,183.5,vial4,24,29.895164625703547
115,id12,378.5,184.5,vial4,24,29.895164625703547
116,id12,378.0,185.0,vial4,24,29.895164625703547
117,id12,378.0,185.0,vial4,24,29.895164625703547
118,id12,378.5,185.5,vial4,24,29.895164625703547
119,id12,378.5,185.5,vial4,24,29.895164625703547
120,id12,378.0,185.5,vial4,24,29.895164625703547
121,id12,378.0,185.5,vial4,24,29.895164625703547
122,id12,378.0,186.0,vial4,24,29.895164625703547
123,id12,378.0,186.5,vial4,24,29.895164625703547
124,id12,378.5,186.5,vial4,24,29.895164625703547
125,id12,378.5,186.5,vial4,24,29.895164625703547
126,id12,378.0,186.5,vial4,24,29.895164625703547
127,id12,378.5,187.5,vial4,24,29.895164625703547
128,id12,378.0,188.0,vial4,24,29.895164625703547
129,id12,378.5,188.0,vial4,24,29.895164625703547
130,id12,378.5,188.5,vial4,24,29.895164625703547
131,id12,378.5,188.5,vial4,24,29.895164625703547
132,id12,378.5,188.5,vial4,24,29.895164625703547
133,id12,379.5,188.5,vial4,24,29.895164625703547
134,id12,379.5,188.5,vial4,24,29.895164625703547
135,id12,380.0,188.0,vial4,24,29.895164625703547
136,id12,380.0,187.5,vial4,24,29.895164625703547
137,id12,381.0,187.5,vial4,24,29.895164625703547
138,id12,381.0,187.5,vial4,24,29.895164625703547
139,id12,381.0,186.5,vial4,24,29.895164625703547
140,id12,381.0,186.5,vial4,24,29.895164625703547
141,id12,382.0,186.0,vial4,24,29.895164625703547
142,id12,382.0,185.0,vial4,24,29.895164625703547
143,id12,382.0,185.0,vial4,24,29.895164625703547
144,id12,382.5,184.0,vial4,24,29.895164625703547
145,id12,382.5,184.0,vial4,24,29.895164625703547
146,id12,383.0,183.0,vial4,24,29.895164625703547
147,id12,383.0,182.0,vial4,24,29.895164625703547
148,id12,383.0,181.0,vial4,24,29.895164625703547
149,id12,383.5,180.0,vial4,24,29.895164625703547
150,id12,383.5,179.5,vial4,24,29.895164625703547
151,id12,384.0,178.0,vial4,24,29.895164625703547
152,id12,384.0,178.0,vial4,24,29.895164625703547
153,id12,384.0,177.0,vial4,24,29.895164625703547
154,id12,384.5,176.0,vial4,24,29.895164625703547
155,id12,384.5,176.0,vial4,24,29.895164625703547
156,id12,384.5,174.5,vial4,24,29.895164625703547
157,id12,385.0,173.5,vial4,24,29.895164625703547
158,id12,385.5,172.0,vial4,24,29.895164625703547
159,id12,386.0,171.5,vial4,24,29.895164625703547
160,id12,386.0,170.0,vial4,24,29.895164625703547
161,id12,386.5,168.0,vial4,24,29.895164625703547
162,id12,386.5,167.5,vial4,24,29.895164625703547
163,id12,386.5,166.5,vial4,24,29.895164625703547
164,id12,386.5,165.5,vial4,24,29.895164625703547
165,id12,387.0,163.5,vial4,24,29.895164625703547
166,id12,387.0,162.5,vial4,24,29.895164625703547
167,id12,387.5,161.5,vial4,24,29.895164625703547
168,id12,387.5,159.5,vial4,24,29.895164625703547
169,id12,387.5,157.5,vial4,24,29.895164625703547
170,id12,387.5,156.5,vial4,24,29.895164625703547
171,id12,387.0,155.0,vial4,24,29.895164625703547
172,id12,387.0,153.5,vial4,24,29.895164625703547
173,id12,387.0,151.5,vial4,24,29.895164625703547
174,id12,386.5,150.5,vial4,24,29.895164625703547
175,id12,386.5,149.5,vial4,24,29.895164625703547
176,id12,386.5,148.0,vial4,24,29.895164625703547
177,id12,386.5,146.5,vial4,24,29.895164625703547
178,id12,386.5,145.5,vial4,24,29.895164625703547
179,id12,386.5,144.0,vial4,24,29.895164625703547
180,id12,387.5,141.5,vial4,24,29.895164625703547
181,id12,387.5,139.5,vial4,24,29.895164625703547
182,id12,387.5,137.5,vial4,24,29.895164625703547
183,id12,388.5,134.5,vial4,24,29.895164625703547
184,id12,388.5,133.0,vial4,24,29.895164625703547
185,id12,389.5,130.5,vial4,24,29.895164625703547
186,id12,389.5,128.5,vial4,24,29.895164625703547
187,id12,389.5,126.5,vial4,24,29.895164625703547
188,id12,390.5,124.5,vial4,24,29.895164625703547
189,id12,390.5,122.5,vial4,24,29.895164625703547
190,id12,391.5,120.0,vial4,24,29.895164625703547
191,id12,391.5,118.0,vial4,24,29.895164625703547
192,id12,392.5,115.5,vial4,24,29.895164625703547
193,id12,393.5,113.0,vial4,24,29.895164625703547
194,id12,393.5,111.0,vial4,24,29.895164625703547
195,id12,394.5,109.0,vial4,24,29.895164625703547
196,id12,395.5,106.5,vial4,24,29.895164625703547
197,id12,396.5,104.0,vial4,24,29.895164625703547
198,id12,398.0,101.0,vial4,24,29.895164625703547
199,id12,398.5,99.0,vial4,24,29.895164625703547
200,id12,399.5,97.0,vial4,24,29.895164625703547
201,id12,400.5,95.0,vial4,24,29.895164625703547
202,id12,401.5,93.0,vial4,24,29.895164625703547
203,id12,401.5,91.0,vial4,24,29.895164625703547
204,id12,401.5,88.5,vial4,24,29.895164625703547
205,id12,400.5,86.5,vial4,24,29.895164625703547
206,id12,399.5,84.0,vial4,24,29.895164625703547
207,id12,398.5,81.0,vial4,24,29.895164625703547
208,id12,397.5,79.0,vial4,24,29.895164625703547
209,id12,397.5,76.5,vial4,24,29.895164625703547
210,id12,396.5,74.5,vial4,24,29.895164625703547
211,id12,396.0,72.0,vial4,24,29.895164625703547
212,id12,395.0,69.5,vial4,24,29.895164625703547
213,id12,394.5,66.5,vial4,24,29.895164625703547
214,id12,394.5,63.5,vial4,24,29.895164625703547
215,id12,394.0,60.5,vial4,24,29.895164625703547
216,id12,394.0,58.0,vial4,24,29.895164625703547
217,id12,393.0,55.5,vial4,24,29.895164625703547
218,id12,392.5,52.5,vial4,24,29.895164625703547
219,id12,392.0,49.5,vial4,24,29.895164625703547
220,id12,391.5,47.5,vial4,24,29.895164625703547
221,id12,391.5,44.5,vial4,24,29.895164625703547
222,id12,391.0,41.5,vial4,24,29.895164625703547
223,id12,390.5,38.5,vial4,24,29.895164625703547
224,id12,389.5,36.0,vial4,24,29.895164625703547
225,id12,388.5,34.0,vial4,24,29.895164625703547
226,id12,387.5,31.0,vial4,24,29.895164625703547
227,id12,386.0,29.0,vial4,24,29.895164625703547
228,id12,385.5,27.0,vial4,24,29.895164625703547
229,id12,384.0,25.0,vial4,24,29.895164625703547
230,id12,383.0,23.0,vial4,24,29.895164625703547
231,id12,382.5,21.0,vial4,24,29.895164625703547
232,id12,381.5,18.5,vial4,24,29.895164625703547
233,id12,380.5,17.5,vial4,24,29.895164625703547
234,id12,380.0,15.5,vial4,24,29.895164625703547
235,id12,379.0,13.5,vial4,24,29.895164625703547
236,id12,379.0,12.5,vial4,24,29.895164625703547
0,id13,185.0,352.0,vial2,13,29.895164625703547
1,id13,184.5,351.5,vial2,13,29.895164625703547
2,id13,185.0,351.5,vial2,13,29.895164625703547
3,id13,185.0,351.0,vial2,13,29.895164625703547
4,id13,184.5,351.5,vial2,13,29.895164625703547
5,id13,185.0,351.5,vial2,13,29.895164625703547
6,id13,185.0,351.0,vial2,13,29.895164625703547
7,id13,184.0,351.0,vial2,13,29.895164625703547
8,id13,182.0,350.0,vial2,13,29.895164625703547
9,id13,182.5,350.0,vial2,13,29.895164625703547
10,id13,181.5,350.5,vial2,13,29.895164625703547
11,id13,182.5,350.5,vial2,13,29.895164625703547
12,id13,182.5,350.5,vial2,13,29.895164625703547
13,id13,182.0,350.5,vial2,13,29.895164625703547
14,id13,182.5,350.5,vial2,13,29.895164625703547
15,id13,181.5,350.5,vial2,13,29.895164625703547
16,id13,182.0,350.0,vial2,13,29.895164625703547
17,id13,182.0,350.0,vial2,13,29.895164625703547
18,id13,181.5,350.0,vial2,13,29.895164625703547
19,id13,180.5,350.0,vial2,13,29.895164625703547
20,id13,180.5,350.0,vial2,13,29.895164625703547
21,id13,180.5,349.5,vial2,13,29.895164625703547
22,id13,180.0,349.5,vial2,13,29.895164625703547
23,id13,180.0,349.5,vial2,13,29.895164625703547
24,id13,180.0,349.5,vial2,13,29.895164625703547
25,id13,180.0,349.5,vial2,13,29.895164625703547
26,id13,179.5,349.5,vial2,13,29.895164625703547
27,id13,179.0,349.5,vial2,13,29.895164625703547
28,id13,178.0,350.0,vial2,13,29.895164625703547
29,id13,176.5,350.0,vial2,13,29.895164625703547
30,id13,175.0,349.5,vial2,13,29.895164625703547
31,id13,174.0,349.5,vial2,13,29.895164625703547
32,id13,173.5,349.5,vial2,13,29.895164625703547
33,id13,172.0,343.5,vial2,13,29.895164625703547
34,id13,168.5,292.5,vial2,13,29.895164625703547
35,id13,174.0,240.5,vial2,13,29.895164625703547
36,id13,173.5,219.0,vial2,13,29.895164625703547
37,id13,183.0,207.5,vial2,13,29.895164625703547
38,id13,179.0,218.5,vial2,13,29.895164625703547
39,id13,167.5,239.0,vial2,13,29.895164625703547
40,id13,181.5,243.5,vial2,13,29.895164625703547
41,id13,192.0,235.0,vial2,13,29.895164625703547
42,id13,194.5,233.0,vial2,13,29.895164625703547
43,id13,189.5,253.0,vial2,13,29.895164625703547
44,id13,182.5,266.0,vial2,13,29.895164625703547
45,id13,191.5,267.5,vial2,13,29.895164625703547
46,id13,182.5,277.5,vial2,13,29.895164625703547
47,id13,190.0,291.0,vial2,13,29.895164625703547
48,id13,162.5,351.5,vial2,13,29.895164625703547
49,id13,164.0,353.0,vial2,13,29.895164625703547
50,id13,162.5,351.5,vial2,13,29.895164625703547
51,id13,162.5,351.5,vial2,13,29.895164625703547
52,id13,162.5,351.5,vial2,13,29.895164625703547
53,id13,162.5,351.5,vial2,13,29.895164625703547
54,id13,162.5,351.5,vial2,13,29.895164625703547
55,id13,162.5,351.5,vial2,13,29.895164625703547
56,id13,163.5,348.0,vial2,13,29.895164625703547
57,id13,163.0,348.0,vial2,13,29.895164625703547
58,id13,163.0,348.0,vial2,13,29.895164625703547
59,id13,163.5,348.0,vial2,13,29.895164625703547
60,id13,163.5,348.5,vial2,13,29.895164625703547
61,id13,163.5,348.5,vial2,13,29.895164625703547
62,id13,163.5,348.0,vial2,13,29.895164625703547
63,id13,163.5,347.5,vial2,13,29.895164625703547
64,id13,163.0,347.5,vial2,13,29.895164625703547
65,id13,163.0,347.5,vial2,13,29.895164625703547
66,id13,163.0,348.0,vial2,13,29.895164625703547
67,id13,163.0,348.0,vial2,13,29.895164625703547
68,id13,163.0,348.0,vial2,13,29.895164625703547
69,id13,163.0,348.0,vial2,13,29.895164625703547
70,id13,163.0,348.0,vial2,13,29.895164625703547
71,id13,163.0,348.0,vial2,13,29.895164625703547
72,id13,163.0,347.5,vial2,13,29.895164625703547
73,id13,163.0,347.0,vial2,13,29.895164625703547
74,id13,162.0,347.0,vial2,13,29.895164625703547
75,id13,162.0,346.5,vial2,13,29.895164625703547
76,id13,161.0,346.5,vial2,13,29.895164625703547
77,id13,161.0,346.0,vial2,13,29.895164625703547
78,id13,161.0,346.5,vial2,13,29.895164625703547
79,id13,161.0,346.5,vial2,13,29.895164625703547
80,id13,161.0,346.0,vial2,13,29.895164625703547
81,id13,160.5,345.5,vial2,13,29.895164625703547
82,id13,160.0,345.5,vial2,13,29.895164625703547
83,id13,160.0,345.0,vial2,13,29.895164625703547
84,id13,160.0,345.0,vial2,13,29.895164625703547
85,id13,160.0,345.0,vial2,13,29.895164625703547
86,id13,160.0,345.0,vial2,13,29.895164625703547
87,id13,160.0,345.0,vial2,13,29.895164625703547
88,id13,160.0,345.0,vial2,13,29.895164625703547
89,id13,160.0,345.5,vial2,13,29.895164625703547
90,id13,160.0,345.5,vial2,13,29.895164625703547
91,id13,160.5,345.5,vial2,13,29.895164625703547
92,id13,160.0,345.5,vial2,13,29.895164625703547
93,id13,160.5,345.5,vial2,13,29.895164625703547
94,id13,161.5,345.5,vial2,13,29.895164625703547
95,id13,162.0,345.5,vial2,13,29.895164625703547
96,id13,163.0,346.5,vial2,13,29.895164625703547
97,id13,164.0,346.5,vial2,13,29.895164625703547
98,id13,165.0,346.5,vial2,13,29.895164625703547
99,id13,165.0,346.5,vial2,13,29.895164625703547
100,id13,165.0,346.5,vial2,13,29.895164625703547
101,id13,165.0,346.5,vial2,13,29.895164625703547
102,id13,165.0,346.5,vial2,13,29.895164625703547
103,id13,165.0,346.5,vial2,13,29.895164625703547
104,id13,165.0,346.5,vial2,13,29.895164625703547
105,id13,165.0,346.5,vial2,13,29.895164625703547
106,id13,165.0,346.5,vial2,13,29.895164625703547
107,id13,165.0,346.5,vial2,13,29.895164625703547
108,id13,165.5,347.0,vial2,13,29.895164625703547
109,id13,166.0,347.0,vial2,13,29.895164625703547
110,id13,166.0,347.0,vial2,13,29.895164625703547
111,id13,167.0,346.5,vial2,13,29.895164625703547
112,id13,168.0,346.5,vial2,13,29.895164625703547
113,id13,168.5,345.5,vial2,13,29.895164625703547
114,id13,168.5,344.0,vial2,13,29.895164625703547
115,id13,169.0,342.0,vial2,13,29.895164625703547
116,id13,169.5,339.5,vial2,13,29.895164625703547
117,id13,169.0,337.5,vial2,13,29.895164625703547
118,id13,169.5,334.5,vial2,13,29.895164625703547
119,id13,169.5,333.0,vial2,13,29.895164625703547
122,id13,171.0,350.0,vial2,13,29.895164625703547
123,id13,171.0,350.0,vial2,13,29.895164625703547
124,id13,171.0,350.0,vial2,13,29.895164625703547
125,id13,171.0,350.0,vial2,13,29.895164625703547
126,id13,170.5,350.0,vial2,13,29.895164625703547
127,id13,170.0,350.0,vial2,13,29.895164625703547
128,id13,171.5,348.0,vial2,13,29.895164625703547
129,id13,166.0,348.0,vial2,13,29.895164625703547
130,id13,167.5,353.5,vial2,13,29.895164625703547
132,id13,167.5,354.5,vial2,13,29.895164625703547
133,id13,167.5,353.5,vial2,13,29.895164625703547
134,id13,167.5,354.0,vial2,13,29.895164625703547
135,id13,168.0,353.5,vial2,13,29.895164625703547
136,id13,167.5,354.0,vial2,13,29.895164625703547
137,id13,167.5,354.0,vial2,13,29.895164625703547
138,id13,167.5,354.0,vial2,13,29.895164625703547
139,id13,167.0,354.0,vial2,13,29.895164625703547
140,id13,167.0,354.0,vial2,13,29.895164625703547
141,id13,166.5,353.5,vial2,13,29.895164625703547
142,id13,167.0,353.5,vial2,13,29.895164625703547
143,id13,167.0,353.5,vial2,13,29.895164625703547
144,id13,166.5,353.5,vial2,13,29.895164625703547
145,id13,166.5,353.5,vial2,13,29.895164625703547
146,id13,166.5,353.0,vial2,13,29.895164625703547
147,id13,167.5,352.0,vial2,13,29.895164625703547
148,id13,167.0,352.5,vial2,13,29.895164625703547
149,id13,167.5,352.0,vial2,13,29.895164625703547
150,id13,167.5,352.0,vial2,13,29.895164625703547
151,id13,168.5,351.5,vial2,13,29.895164625703547
152,id13,167.5,353.0,vial2,13,29.895164625703547
153,id13,168.0,352.5,vial2,13,29.895164625703547
154,id13,171.0,352.0,vial2,13,29.895164625703547
155,id13,170.5,352.0,vial2,13,29.895164625703547
156,id13,170.5,352.0,vial2,13,29.895164625703547
157,id13,171.0,352.0,vial2,13,29.895164625703547
158,id13,171.5,352.0,vial2,13,29.895164625703547
159,id13,172.0,351.5,vial2,13,29.895164625703547
160,id13,172.0,351.5,vial2,13,29.895164625703547
161,id13,172.5,351.5,vial2,13,29.895164625703547
162,id13,172.5,351.5,vial2,13,29.895164625703547
163,id13,172.0,351.0,vial2,13,29.895164625703547
164,id13,180.0,342.0,vial2,13,29.895164625703547
169,id13,164.5,349.5,vial2,13,29.895164625703547
170,id13,164.0,348.5,vial2,13,29.895164625703547
171,id13,164.0,348.5,vial2,13,29.895164625703547
172,id13,164.0,348.0,vial2,13,29.895164625703547
173,id13,163.5,348.0,vial2,13,29.895164625703547
174,id13,163.5,348.0,vial2,13,29.895164625703547
175,id13,163.0,348.0,vial2,13,29.895164625703547
176,id13,163.0,348.0,vial2,13,29.895164625703547
177,id13,163.0,348.0,vial2,13,29.895164625703547
178,id13,162.5,347.5,vial2,13,29.895164625703547
179,id13,163.0,347.5,vial2,13,29.895164625703547
180,id13,163.0,347.5,vial2,13,29.895164625703547
181,id13,162.5,347.5,vial2,13,29.895164625703547
182,id13,162.5,347.5,vial2,13,29.895164625703547
183,id13,162.5,347.5,vial2,13,29.895164625703547
184,id13,162.5,347.5,vial2,13,29.895164625703547
185,id13,162.5,347.5,vial2,13,29.895164625703547
186,id13,162.5,347.0,vial2,13,29.895164625703547
187,id13,163.0,347.0,vial2,13,29.895164625703547
188,id13,163.0,347.5,vial2,13,29.895164625703547
189,id13,163.0,347.5,vial2,13,29.895164625703547
190,id13,162.0,348.0,vial2,13,29.895164625703547
191,id13,162.0,347.5,vial2,13,29.895164625703547
192,id13,162.5,348.5,vial2,13,29.895164625703547
193,id13,162.0,348.5,vial2,13,29.895164625703547
194,id13,162.0,348.0,vial2,13,29.895164625703547
195,id13,162.0,347.5,vial2,13,29.895164625703547
196,id13,162.0,347.5,vial2,13,29.895164625703547
197,id13,162.0,347.5,vial2,13,29.895164625703547
198,id13,162.0,347.5,vial2,13,29.895164625703547
199,id13,162.0,347.5,vial2,13,29.895164625703547
200,id13,162.0,347.5,vial2,13,29.895164625703547
201,id13,162.0,347.5,vial2,13,29.895164625703547
202,id13,162.0,347.5,vial2,13,29.895164625703547
203,id13,162.0,347.5,vial2,13,29.895164625703547
204,id13,162.0,347.5,vial2,13,29.895164625703547
205,id13,162.0,347.5,vial2,13,29.895164625703547
206,id13,162.0,347.5,vial2,13,29.895164625703547
207,id13,162.5,347.5,vial2,13,29.895164625703547
208,id13,161.5,347.5,vial2,13,29.895164625703547
209,id13,161.5,347.5,vial2,13,29.895164625703547
210,id13,162.0,347.5,vial2,13,29.895164625703547
211,id13,162.0,347.5,vial2,13,29.895164625703547
212,id13,161.5,347.5,vial2,13,29.895164625703547
213,id13,161.5,347.5,vial2,13,29.895164625703547
214,id13,161.5,347.5,vial2,13,29.895164625703547
215,id13,161.5,347.5,vial2,13,29.895164625703547
216,id13,161.5,347.5,vial2,13,29.895164625703547
217,id13,162.0,347.5,vial2,13,29.895164625703547
218,id13,161.5,347.5,vial2,13,29.895164625703547
219,id13,161.5,347.5,vial2,13,29.895164625703547
220,id13,161.5,347.5,vial2,13,29.895164625703547
221,id13,161.5,347.5,vial2,13,29.895164625703547
222,id13,162.0,347.5,vial2,13,29.895164625703547
223,id13,162.0,347.5,vial2,13,29.895164625703547
224,id13,162.0,347.5,vial2,13,29.895164625703547
225,id13,162.0,347.5,vial2,13,29.895164625703547
226,id13,162.0,347.5,vial2,13,29.895164625703547
227,id13,162.0,347.5,vial2,13,29.895164625703547
230,id13,133.5,351.0,vial2,13,29.895164625703547
231,id13,134.0,351.5,vial2,13,29.895164625703547
232,id13,134.0,351.5,vial2,13,29.895164625703547
233,id13,134.0,351.5,vial2,13,29.895164625703547
234,id13,134.5,351.5,vial2,13,29.895164625703547
235,id13,135.0,350.5,vial2,13,29.895164625703547
236,id13,143.5,351.0,vial2,13,29.895164625703547
237,id13,143.0,350.5,vial2,13,29.895164625703547
238,id13,143.0,350.5,vial2,13,29.895164625703547
239,id13,143.0,351.0,vial2,13,29.895164625703547
240,id13,142.5,351.0,vial2,13,29.895164625703547
241,id13,143.0,351.0,vial2,13,29.895164625703547
242,id13,142.5,351.0,vial2,13,29.895164625703547
243,id13,143.5,351.0,vial2,13,29.895164625703547
244,id13,143.5,351.0,vial2,13,29.895164625703547
246,id13,136.0,350.5,vial2,13,29.895164625703547
247,id13,135.0,350.5,vial2,13,29.895164625703547
248,id13,134.0,350.5,vial2,13,29.895164625703547
249,id13,133.0,350.5,vial2,13,29.895164625703547
250,id13,133.0,350.5,vial2,13,29.895164625703547
251,id13,131.0,350.5,vial2,13,29.895164625703547
252,id13,130.5,350.5,vial2,13,29.895164625703547
253,id13,130.5,350.5,vial2,13,29.895164625703547
254,id13,130.5,350.5,vial2,13,29.895164625703547
255,id13,130.5,350.5,vial2,13,29.895164625703547
256,id13,130.5,350.5,vial2,13,29.895164625703547
257,id13,130.5,350.5,vial2,13,29.895164625703547
258,id13,130.5,350.5,vial2,13,29.895164625703547
259,id13,130.5,350.0,vial2,13,29.895164625703547
260,id13,129.5,350.5,vial2,13,29.895164625703547
261,id13,130.0,350.5,vial2,13,29.895164625703547
262,id13,129.5,350.5,vial2,13,29.895164625703547
263,id13,129.0,350.5,vial2,13,29.895164625703547
264,id13,129.0,350.5,vial2,13,29.895164625703547
265,id13,129.5,350.5,vial2,13,29.895164625703547
266,id13,130.0,350.5,vial2,13,29.895164625703547
267,id13,130.5,350.5,vial2,13,29.895164625703547
268,id13,131.0,350.0,vial2,13,29.895164625703547
269,id13,132.0,350.0,vial2,13,29.895164625703547
270,id13,132.0,350.5,vial2,13,29.895164625703547
271,id13,133.0,350.5,vial2,13,29.895164625703547
272,id13,132.5,350.5,vial2,13,29.895164625703547
273,id13,133.0,350.5,vial2,13,29.895164625703547
274,id13,132.5,349.5,vial2,13,29.895164625703547
275,id13,133.0,350.5,vial2,13,29.895164625703547
276,id13,133.0,350.5,vial2,13,29.895164625703547
277,id13,132.0,350.5,vial2,13,29.895164625703547
278,id13,132.5,350.5,vial2,13,29.895164625703547
279,id13,133.0,350.5,vial2,13,29.895164625703547
280,id13,133.0,350.5,vial2,13,29.895164625703547
281,id13,133.0,350.5,vial2,13,29.895164625703547
282,id13,133.0,350.5,vial2,13,29.895164625703547
283,id13,133.0,350.5,vial2,13,29.895164625703547
284,id13,133.0,350.5,vial2,13,29.895164625703547
285,id13,133.0,350.5,vial2,13,29.895164625703547
286,id13,133.0,350.5,vial2,13,29.895164625703547
287,id13,133.0,350.5,vial2,13,29.895164625703547
288,id13,132.5,350.5,vial2,13,29.895164625703547
289,id13,132.5,350.5,vial2,13,29.895164625703547
290,id13,132.0,350.5,vial2,13,29.895164625703547
291,id13,132.5,350.5,vial2,13,29.895164625703547
292,id13,132.5,350.5,vial2,13,29.895164625703547
293,id13,132.5,347.5,vial2,13,29.895164625703547
300,id13,164.5,348.0,vial2,13,29.895164625703547
301,id13,166.0,348.0,vial2,13,29.895164625703547
302,id13,167.5,348.0,vial2,13,29.895164625703547
303,id13,167.5,348.0,vial2,13,29.895164625703547
304,id13,167.5,348.0,vial2,13,29.895164625703547
305,id13,167.5,348.0,vial2,13,29.895164625703547
306,id13,166.5,348.0,vial2,13,29.895164625703547
307,id13,167.0,348.0,vial2,13,29.895164625703547
308,id13,167.5,348.0,vial2,13,29.895164625703547
309,id13,167.5,348.0,vial2,13,29.895164625703547
310,id13,167.5,348.0,vial2,13,29.895164625703547
311,id13,168.5,348.0,vial2,13,29.895164625703547
312,id13,168.5,348.0,vial2,13,29.895164625703547
313,id13,168.0,348.0,vial2,13,29.895164625703547
314,id13,167.5,348.0,vial2,13,29.895164625703547
315,id13,168.0,348.0,vial2,13,29.895164625703547
316,id13,167.5,348.0,vial2,13,29.895164625703547
317,id13,167.5,348.0,vial2,13,29.895164625703547
318,id13,167.5,348.0,vial2,13,29.895164625703547
319,id13,167.5,348.0,vial2,13,29.895164625703547
320,id13,167.5,348.0,vial2,13,29.895164625703547
321,id13,167.0,347.5,vial2,13,29.895164625703547
322,id13,167.5,347.5,vial2,13,29.895164625703547
323,id13,167.5,347.5,vial2,13,29.895164625703547
324,id13,167.0,348.0,vial2,13,29.895164625703547
325,id13,167.5,348.0,vial2,13,29.895164625703547
326,id13,166.5,348.0,vial2,13,29.895164625703547
327,id13,166.0,348.5,vial2,13,29.895164625703547
328,id13,165.5,348.5,vial2,13,29.895164625703547
329,id13,166.0,348.0,vial2,13,29.895164625703547
330,id13,165.0,348.0,vial2,13,29.895164625703547
331,id13,169.5,347.5,vial2,13,29.895164625703547
332,id13,170.0,348.5,vial2,13,29.895164625703547
333,id13,169.5,348.5,vial2,13,29.895164625703547
335,id13,173.0,349.0,vial2,13,29.895164625703547
336,id13,173.5,349.0,vial2,13,29.895164625703547
337,id13,172.0,349.5,vial2,13,29.895164625703547
338,id13,172.5,349.0,vial2,13,29.895164625703547
339,id13,171.5,349.0,vial2,13,29.895164625703547
341,id13,171.5,349.0,vial2,13,29.895164625703547
342,id13,172.5,350.0,vial2,13,29.895164625703547
344,id13,172.0,342.0,vial2,13,29.895164625703547
345,id13,173.0,348.0,vial2,13,29.895164625703547
346,id13,171.0,350.5,vial2,13,29.895164625703547
347,id13,171.0,350.5,vial2,13,29.895164625703547
348,id13,171.0,350.0,vial2,13,29.895164625703547
349,id13,171.0,350.0,vial2,13,29.895164625703547
350,id13,171.0,350.0,vial2,13,29.895164625703547
351,id13,172.0,350.5,vial2,13,29.895164625703547
352,id13,172.5,349.5,vial2,13,29.895164625703547
353,id13,173.5,349.5,vial2,13,29.895164625703547
354,id13,174.0,349.5,vial2,13,29.895164625703547
355,id13,174.5,349.5,vial2,13,29.895164625703547
356,id13,175.0,349.5,vial2,13,29.895164625703547
357,id13,175.5,349.5,vial2,13,29.895164625703547
358,id13,175.5,349.5,vial2,13,29.895164625703547
359,id13,175.5,349.5,vial2,13,29.895164625703547
360,id13,175.5,350.0,vial2,13,29.895164625703547
361,id13,176.5,349.5,vial2,13,29.895164625703547
362,id13,177.0,349.5,vial2,13,29.895164625703547
363,id13,176.5,349.5,vial2,13,29.895164625703547
364,id13,177.0,349.5,vial2,13,29.895164625703547
365,id13,176.0,350.0,vial2,13,29.895164625703547
366,id13,176.5,350.0,vial2,13,29.895164625703547
367,id13,176.5,350.5,vial2,13,29.895164625703547
368,id13,176.0,349.5,vial2,13,29.895164625703547
369,id13,176.0,350.0,vial2,13,29.895164625703547
370,id13,176.0,350.0,vial2,13,29.895164625703547
371,id13,176.5,350.5,vial2,13,29.895164625703547
372,id13,176.5,350.5,vial2,13,29.895164625703547
373,id13,176.5,350.5,vial2,13,29.895164625703547
374,id13,176.5,350.5,vial2,13,29.895164625703547
375,id13,176.0,350.5,vial2,13,29.895164625703547
376,id13,176.0,350.5,vial2,13,29.895164625703547
377,id13,175.5,350.5,vial2,13,29.895164625703547
378,id13,174.5,349.5,vial2,13,29.895164625703547
379,id13,173.5,348.5,vial2,13,29.895164625703547
380,id13,172.5,348.5,vial2,13,29.895164625703547
381,id13,171.0,347.5,vial2,13,29.895164625703547
0,id14,65.0,348.5,vial1,3,29.895164625703547
1,id14,64.0,349.0,vial1,3,29.895164625703547
2,id14,64.5,348.5,vial1,3,29.895164625703547
3,id14,63.5,349.0,vial1,3,29.895164625703547
4,id14,63.0,348.5,vial1,3,29.895164625703547
5,id14,63.5,348.5,vial1,3,29.895164625703547
6,id14,63.5,348.5,vial1,3,29.895164625703547
7,id14,63.0,348.5,vial1,3,29.895164625703547
8,id14,63.5,348.5,vial1,3,29.895164625703547
9,id14,63.0,348.0,vial1,3,29.895164625703547
10,id14,62.5,348.0,vial1,3,29.895164625703547
11,id14,62.5,348.0,vial1,3,29.895164625703547
12,id14,61.5,348.5,vial1,3,29.895164625703547
13,id14,61.5,348.0,vial1,3,29.895164625703547
14,id14,61.5,348.5,vial1,3,29.895164625703547
15,id14,61.5,348.5,vial1,3,29.895164625703547
16,id14,61.5,348.5,vial1,3,29.895164625703547
17,id14,62.0,348.5,vial1,3,29.895164625703547
18,id14,62.0,348.5,vial1,3,29.895164625703547
19,id14,64.5,320.0,vial1,3,29.895164625703547
20,id14,39.5,353.0,vial1,3,29.895164625703547
21,id14,39.5,352.5,vial1,3,29.895164625703547
22,id14,39.5,352.5,vial1,3,29.895164625703547
23,id14,39.5,352.5,vial1,3,29.895164625703547
24,id14,40.0,348.5,vial1,3,29.895164625703547
25,id14,39.0,348.0,vial1,3,29.895164625703547
26,id14,42.0,348.5,vial1,3,29.895164625703547
28,id14,45.0,337.5,vial1,3,29.895164625703547
34,id14,10.5,346.5,vial1,3,29.895164625703547
35,id14,11.5,346.5,vial1,3,29.895164625703547
36,id14,13.5,347.0,vial1,3,29.895164625703547
37,id14,15.5,347.5,vial1,3,29.895164625703547
38,id14,17.5,347.5,vial1,3,29.895164625703547
39,id14,19.0,348.5,vial1,3,29.895164625703547
40,id14,20.5,348.5,vial1,3,29.895164625703547
41,id14,22.0,348.5,vial1,3,29.895164625703547
42,id14,23.5,348.0,vial1,3,29.895164625703547
43,id14,26.0,347.5,vial1,3,29.895164625703547
44,id14,28.5,347.5,vial1,3,29.895164625703547
45,id14,30.5,347.5,vial1,3,29.895164625703547
46,id14,32.5,348.0,vial1,3,29.895164625703547
47,id14,35.0,348.0,vial1,3,29.895164625703547
48,id14,36.5,348.0,vial1,3,29.895164625703547
49,id14,38.5,348.0,vial1,3,29.895164625703547
50,id14,40.5,347.5,vial1,3,29.895164625703547
51,id14,43.0,347.5,vial1,3,29.895164625703547
52,id14,46.0,347.0,vial1,3,29.895164625703547
53,id14,49.5,346.0,vial1,3,29.895164625703547
54,id14,52.5,345.5,vial1,3,29.895164625703547
55,id14,55.0,344.5,vial1,3,29.895164625703547
56,id14,57.5,344.0,vial1,3,29.895164625703547
57,id14,60.5,343.0,vial1,3,29.895164625703547
58,id14,63.0,342.0,vial1,3,29.895164625703547
59,id14,65.0,341.5,vial1,3,29.895164625703547
60,id14,67.0,341.0,vial1,3,29.895164625703547
61,id14,69.0,340.5,vial1,3,29.895164625703547
62,id14,70.5,339.5,vial1,3,29.895164625703547
63,id14,71.5,339.0,vial1,3,29.895164625703547
64,id14,71.5,338.5,vial1,3,29.895164625703547
65,id14,72.0,337.0,vial1,3,29.895164625703547
79,id14,65.0,332.0,vial1,3,29.895164625703547
80,id14,51.5,336.5,vial1,3,29.895164625703547
81,id14,33.5,348.0,vial1,3,29.895164625703547
82,id14,34.0,348.5,vial1,3,29.895164625703547
83,id14,29.5,335.0,vial1,3,29.895164625703547
84,id14,34.5,330.5,vial1,3,29.895164625703547
85,id14,37.0,346.5,vial1,3,29.895164625703547
86,id14,38.0,349.0,vial1,3,29.895164625703547
87,id14,38.0,349.0,vial1,3,29.895164625703547
88,id14,38.0,349.0,vial1,3,29.895164625703547
89,id14,38.0,349.0,vial1,3,29.895164625703547
90,id14,38.0,349.0,vial1,3,29.895164625703547
91,id14,38.0,349.0,vial1,3,29.895164625703547
92,id14,38.0,349.0,vial1,3,29.895164625703547
93,id14,38.0,349.0,vial1,3,29.895164625703547
94,id14,38.0,349.0,vial1,3,29.895164625703547
95,id14,38.0,349.0,vial1,3,29.895164625703547
96,id14,38.0,349.0,vial1,3,29.895164625703547
97,id14,38.0,349.0,vial1,3,29.895164625703547
98,id14,38.0,349.0,vial1,3,29.895164625703547
99,id14,38.5,349.0,vial1,3,29.895164625703547
100,id14,40.5,349.5,vial1,3,29.895164625703547
101,id14,41.0,349.5,vial1,3,29.895164625703547
102,id14,41.5,349.5,vial1,3,29.895164625703547
103,id14,41.5,349.5,vial1,3,29.895164625703547
104,id14,41.5,349.5,vial1,3,29.895164625703547
105,id14,41.5,349.5,vial1,3,29.895164625703547
106,id14,41.0,349.5,vial1,3,29.895164625703547
109,id14,41.0,350.0,vial1,3,29.895164625703547
110,id14,39.0,350.0,vial1,3,29.895164625703547
111,id14,38.0,350.0,vial1,3,29.895164625703547
112,id14,35.5,350.5,vial1,3,29.895164625703547
113,id14,35.5,350.5,vial1,3,29.895164625703547
114,id14,34.5,350.5,vial1,3,29.895164625703547
115,id14,31.5,350.5,vial1,3,29.895164625703547
116,id14,30.0,350.5,vial1,3,29.895164625703547
117,id14,28.0,350.5,vial1,3,29.895164625703547
118,id14,25.5,350.5,vial1,3,29.895164625703547
119,id14,23.5,351.0,vial1,3,29.895164625703547
120,id14,22.0,351.0,vial1,3,29.895164625703547
121,id14,20.5,351.0,vial1,3,29.895164625703547
122,id14,18.0,350.5,vial1,3,29.895164625703547
123,id14,16.5,350.5,vial1,3,29.895164625703547
124,id14,15.5,350.5,vial1,3,29.895164625703547
125,id14,14.5,350.5,vial1,3,29.895164625703547
126,id14,12.5,350.0,vial1,3,29.895164625703547
127,id14,11.5,350.0,vial1,3,29.895164625703547
128,id14,10.5,350.0,vial1,3,29.895164625703547
160,id14,10.5,318.0,vial1,3,29.895164625703547
161,id14,11.0,317.0,vial1,3,29.895164625703547
162,id14,11.0,316.0,vial1,3,29.895164625703547
163,id14,11.5,313.0,vial1,3,29.895164625703547
164,id14,12.5,310.5,vial1,3,29.895164625703547
165,id14,13.5,308.0,vial1,3,29.895164625703547
166,id14,15.0,306.0,vial1,3,29.895164625703547
167,id14,17.0,304.0,vial1,3,29.895164625703547
168,id14,19.0,303.0,vial1,3,29.895164625703547
169,id14,20.5,302.5,vial1,3,29.895164625703547
170,id14,22.5,302.0,vial1,3,29.895164625703547
171,id14,24.5,301.5,vial1,3,29.895164625703547
172,id14,28.0,301.0,vial1,3,29.895164625703547
173,id14,30.0,302.0,vial1,3,29.895164625703547
174,id14,32.0,302.0,vial1,3,29.895164625703547
175,id14,34.0,303.0,vial1,3,29.895164625703547
176,id14,37.0,303.0,vial1,3,29.895164625703547
177,id14,39.0,304.0,vial1,3,29.895164625703547
178,id14,42.0,305.0,vial1,3,29.895164625703547
179,id14,43.5,306.5,vial1,3,29.895164625703547
180,id14,45.5,307.0,vial1,3,29.895164625703547
181,id14,48.0,308.5,vial1,3,29.895164625703547
182,id14,50.5,309.5,vial1,3,29.895164625703547
183,id14,52.0,310.5,vial1,3,29.895164625703547
184,id14,54.5,312.0,vial1,3,29.895164625703547
185,id14,56.5,313.5,vial1,3,29.895164625703547
186,id14,58.5,315.0,vial1,3,29.895164625703547
187,id14,60.0,318.0,vial1,3,29.895164625703547
188,id14,62.0,320.5,vial1,3,29.895164625703547
189,id14,63.0,322.5,vial1,3,29.895164625703547
190,id14,65.0,325.0,vial1,3,29.895164625703547
191,id14,66.0,327.5,vial1,3,29.895164625703547
192,id14,67.5,329.5,vial1,3,29.895164625703547
193,id14,68.5,332.0,vial1,3,29.895164625703547
194,id14,69.5,334.0,vial1,3,29.895164625703547
195,id14,70.5,336.5,vial1,3,29.895164625703547
196,id14,71.5,337.5,vial1,3,29.895164625703547
197,id14,72.0,340.0,vial1,3,29.895164625703547
198,id14,72.5,341.0,vial1,3,29.895164625703547
199,id14,73.0,342.5,vial1,3,29.895164625703547
200,id14,72.5,343.5,vial1,3,29.895164625703547
201,id14,73.0,344.0,vial1,3,29.895164625703547
202,id14,72.5,345.0,vial1,3,29.895164625703547
203,id14,72.0,346.0,vial1,3,29.895164625703547
204,id14,71.0,348.0,vial1,3,29.895164625703547
205,id14,70.0,349.0,vial1,3,29.895164625703547
206,id14,68.5,350.0,vial1,3,29.895164625703547
207,id14,68.0,349.5,vial1,3,29.895164625703547
208,id14,66.5,349.5,vial1,3,29.895164625703547
209,id14,64.0,347.5,vial1,3,29.895164625703547
210,id14,62.5,346.5,vial1,3,29.895164625703547
211,id14,60.5,345.5,vial1,3,29.895164625703547
212,id14,57.5,344.0,vial1,3,29.895164625703547
213,id14,55.0,343.0,vial1,3,29.895164625703547
214,id14,51.5,342.0,vial1,3,29.895164625703547
215,id14,49.0,341.5,vial1,3,29.895164625703547
216,id14,47.5,341.0,vial1,3,29.895164625703547
217,id14,45.5,341.0,vial1,3,29.895164625703547
218,id14,42.0,341.0,vial1,3,29.895164625703547
219,id14,39.0,341.5,vial1,3,29.895164625703547
220,id14,37.0,342.5,vial1,3,29.895164625703547
221,id14,34.5,343.5,vial1,3,29.895164625703547
222,id14,32.5,349.0,vial1,3,29.895164625703547
223,id14,31.0,349.5,vial1,3,29.895164625703547
224,id14,31.5,351.5,vial1,3,29.895164625703547
225,id14,30.5,350.5,vial1,3,29.895164625703547
226,id14,30.0,349.5,vial1,3,29.895164625703547
227,id14,30.0,349.5,vial1,3,29.895164625703547
228,id14,28.5,349.5,vial1,3,29.895164625703547
229,id14,28.0,349.0,vial1,3,29.895164625703547
230,id14,27.0,348.5,vial1,3,29.895164625703547
231,id14,25.5,347.5,vial1,3,29.895164625703547
232,id14,25.5,347.0,vial1,3,29.895164625703547
233,id14,26.0,347.0,vial1,3,29.895164625703547
234,id14,26.0,347.0,vial1,3,29.895164625703547
235,id14,26.0,346.5,vial1,3,29.895164625703547
236,id14,25.5,345.5,vial1,3,29.895164625703547
237,id14,25.0,344.5,vial1,3,29.895164625703547
238,id14,23.5,343.0,vial1,3,29.895164625703547
239,id14,22.5,341.5,vial1,3,29.895164625703547
240,id14,21.0,340.5,vial1,3,29.895164625703547
241,id14,20.5,339.5,vial1,3,29.895164625703547
242,id14,20.0,339.0,vial1,3,29.895164625703547
243,id14,20.0,339.0,vial1,3,29.895164625703547
244,id14,20.0,339.0,vial1,3,29.895164625703547
245,id14,20.0,339.0,vial1,3,29.895164625703547
246,id14,20.0,339.0,vial1,3,29.895164625703547
247,id14,20.0,339.0,vial1,3,29.895164625703547
248,id14,20.5,338.0,vial1,3,29.895164625703547
249,id14,20.0,338.0,vial1,3,29.895164625703547
250,id14,20.0,337.5,vial1,3,29.895164625703547
251,id14,19.5,337.0,vial1,3,29.895164625703547
252,id14,19.5,337.0,vial1,3,29.895164625703547
253,id14,18.5,335.5,vial1,3,29.895164625703547
254,id14,17.5,334.5,vial1,3,29.895164625703547
255,id14,16.5,332.5,vial1,3,29.895164625703547
256,id14,15.5,330.5,vial1,3,29.895164625703547
257,id14,13.5,328.5,vial1,3,29.895164625703547
258,id14,12.0,327.0,vial1,3,29.895164625703547
259,id14,11.0,326.0,vial1,3,29.895164625703547
260,id14,10.5,325.0,vial1,3,29.895164625703547
261,id14,10.5,325.0,vial1,3,29.895164625703547
262,id14,9.5,325.0,vial1,3,29.895164625703547
263,id14,9.5,324.0,vial1,3,29.895164625703547
264,id14,8.5,324.5,vial1,3,29.895164625703547
265,id14,7.5,324.0,vial1,3,29.895164625703547
279,id14,10.0,340.5,vial1,3,29.895164625703547
280,id14,11.0,341.0,vial1,3,29.895164625703547
281,id14,11.5,341.5,vial1,3,29.895164625703547
282,id14,13.0,341.5,vial1,3,29.895164625703547
283,id14,15.0,342.5,vial1,3,29.895164625703547
284,id14,16.0,342.5,vial1,3,29.895164625703547
285,id14,17.0,342.5,vial1,3,29.895164625703547
286,id14,17.0,343.5,vial1,3,29.895164625703547
287,id14,18.0,344.5,vial1,3,29.895164625703547
289,id14,18.5,346.0,vial1,3,29.895164625703547
290,id14,18.5,347.0,vial1,3,29.895164625703547
291,id14,19.0,345.5,vial1,3,29.895164625703547
292,id14,19.0,345.0,vial1,3,29.895164625703547
293,id14,18.5,345.0,vial1,3,29.895164625703547
294,id14,19.0,345.0,vial1,3,29.895164625703547
295,id14,19.0,345.0,vial1,3,29.895164625703547
296,id14,19.0,344.5,vial1,3,29.895164625703547
297,id14,19.0,343.5,vial1,3,29.895164625703547
298,id14,18.5,343.0,vial1,3,29.895164625703547
299,id14,19.0,342.5,vial1,3,29.895164625703547
300,id14,19.0,342.0,vial1,3,29.895164625703547
301,id14,19.5,341.0,vial1,3,29.895164625703547
302,id14,20.5,340.0,vial1,3,29.895164625703547
303,id14,21.0,339.0,vial1,3,29.895164625703547
304,id14,22.0,338.5,vial1,3,29.895164625703547
305,id14,22.5,338.0,vial1,3,29.895164625703547
306,id14,23.5,338.0,vial1,3,29.895164625703547
307,id14,24.5,337.0,vial1,3,29.895164625703547
308,id14,25.5,336.5,vial1,3,29.895164625703547
309,id14,26.0,336.0,vial1,3,29.895164625703547
310,id14,26.5,335.5,vial1,3,29.895164625703547
311,id14,27.0,335.5,vial1,3,29.895164625703547
312,id14,28.0,335.5,vial1,3,29.895164625703547
313,id14,28.5,335.5,vial1,3,29.895164625703547
314,id14,30.0,336.0,vial1,3,29.895164625703547
315,id14,31.0,336.0,vial1,3,29.895164625703547
316,id14,32.0,337.0,vial1,3,29.895164625703547
317,id14,33.0,337.0,vial1,3,29.895164625703547
318,id14,33.5,338.0,vial1,3,29.895164625703547
319,id14,35.5,339.5,vial1,3,29.895164625703547
320,id14,37.5,340.5,vial1,3,29.895164625703547
321,id14,39.0,342.0,vial1,3,29.895164625703547
322,id14,42.0,343.0,vial1,3,29.895164625703547
323,id14,43.0,345.0,vial1,3,29.895164625703547
324,id14,45.0,346.0,vial1,3,29.895164625703547
325,id14,46.0,346.5,vial1,3,29.895164625703547
326,id14,47.0,347.0,vial1,3,29.895164625703547
327,id14,48.0,347.5,vial1,3,29.895164625703547
328,id14,49.0,348.0,vial1,3,29.895164625703547
329,id14,49.0,348.0,vial1,3,29.895164625703547
330,id14,49.0,348.5,vial1,3,29.895164625703547
331,id14,49.0,348.5,vial1,3,29.895164625703547
332,id14,49.5,348.5,vial1,3,29.895164625703547
333,id14,49.5,349.0,vial1,3,29.895164625703547
334,id14,49.5,349.5,vial1,3,29.895164625703547
335,id14,49.5,349.5,vial1,3,29.895164625703547
336,id14,49.5,349.5,vial1,3,29.895164625703547
337,id14,50.0,349.5,vial1,3,29.895164625703547
338,id14,51.0,349.5,vial1,3,29.895164625703547
339,id14,51.0,349.5,vial1,3,29.895164625703547
340,id14,52.0,349.0,vial1,3,29.895164625703547
341,id14,52.5,349.0,vial1,3,29.895164625703547
342,id14,52.0,349.0,vial1,3,29.895164625703547
343,id14,53.0,349.5,vial1,3,29.895164625703547
344,id14,54.0,349.5,vial1,3,29.895164625703547
345,id14,55.0,348.5,vial1,3,29.895164625703547
346,id14,56.0,347.5,vial1,3,29.895164625703547
347,id14,56.5,348.5,vial1,3,29.895164625703547
348,id14,57.5,347.5,vial1,3,29.895164625703547
349,id14,59.0,346.5,vial1,3,29.895164625703547
350,id14,60.0,345.5,vial1,3,29.895164625703547
351,id14,60.5,345.5,vial1,3,29.895164625703547
352,id14,62.0,344.5,vial1,3,29.895164625703547
353,id14,62.5,343.5,vial1,3,29.895164625703547
354,id14,64.5,342.5,vial1,3,29.895164625703547
355,id14,66.0,342.0,vial1,3,29.895164625703547
356,id14,66.5,341.5,vial1,3,29.895164625703547
357,id14,68.0,340.0,vial1,3,29.895164625703547
358,id14,69.0,340.0,vial1,3,29.895164625703547
359,id14,70.0,340.0,vial1,3,29.895164625703547
360,id14,71.0,340.5,vial1,3,29.895164625703547
361,id14,71.5,340.5,vial1,3,29.895164625703547
362,id14,72.0,341.0,vial1,3,29.895164625703547
363,id14,72.5,341.0,vial1,3,29.895164625703547
364,id14,73.0,341.5,vial1,3,29.895164625703547
365,id14,73.0,342.0,vial1,3,29.895164625703547
366,id14,73.0,342.5,vial1,3,29.895164625703547
367,id14,73.0,343.0,vial1,3,29.895164625703547
368,id14,72.5,343.5,vial1,3,29.895164625703547
369,id14,72.0,344.5,vial1,3,29.895164625703547
370,id14,71.5,345.5,vial1,3,29.895164625703547
371,id14,70.5,346.0,vial1,3,29.895164625703547
372,id14,69.0,346.5,vial1,3,29.895164625703547
373,id14,68.0,347.5,vial1,3,29.895164625703547
374,id14,66.5,347.5,vial1,3,29.895164625703547
375,id14,65.0,347.5,vial1,3,29.895164625703547
376,id14,63.0,347.5,vial1,3,29.895164625703547
377,id14,61.5,347.5,vial1,3,29.895164625703547
378,id14,60.0,347.5,vial1,3,29.895164625703547
379,id14,58.0,347.5,vial1,3,29.895164625703547
380,id14,55.5,347.5,vial1,3,29.895164625703547
381,id14,52.5,347.5,vial1,3,29.895164625703547
0,id15,159.0,347.5,vial2,12,29.895164625703547
1,id15,156.5,347.0,vial2,12,29.895164625703547
2,id15,155.5,346.5,vial2,12,29.895164625703547
3,id15,152.0,346.5,vial2,12,29.895164625703547
4,id15,149.5,347.5,vial2,12,29.895164625703547
5,id15,149.0,347.5,vial2,12,29.895164625703547
6,id15,148.5,347.0,vial2,12,29.895164625703547
7,id15,148.0,347.0,vial2,12,29.895164625703547
8,id15,148.5,347.0,vial2,12,29.895164625703547
9,id15,148.5,347.0,vial2,12,29.895164625703547
10,id15,147.5,347.0,vial2,12,29.895164625703547
11,id15,148.0,347.0,vial2,12,29.895164625703547
12,id15,148.0,347.0,vial2,12,29.895164625703547
13,id15,147.0,347.0,vial2,12,29.895164625703547
14,id15,148.0,347.5,vial2,12,29.895164625703547
15,id15,148.5,347.5,vial2,12,29.895164625703547
16,id15,148.5,347.0,vial2,12,29.895164625703547
17,id15,148.0,347.0,vial2,12,29.895164625703547
18,id15,148.0,347.0,vial2,12,29.895164625703547
19,id15,148.5,347.0,vial2,12,29.895164625703547
20,id15,149.0,346.5,vial2,12,29.895164625703547
21,id15,150.0,346.5,vial2,12,29.895164625703547
22,id15,150.5,346.5,vial2,12,29.895164625703547
23,id15,150.5,346.5,vial2,12,29.895164625703547
24,id15,150.5,345.5,vial2,12,29.895164625703547
25,id15,151.5,345.5,vial2,12,29.895164625703547
26,id15,152.5,345.5,vial2,12,29.895164625703547
27,id15,153.0,345.5,vial2,12,29.895164625703547
28,id15,153.5,346.0,vial2,12,29.895164625703547
29,id15,155.0,345.5,vial2,12,29.895164625703547
30,id15,155.5,345.5,vial2,12,29.895164625703547
31,id15,156.5,345.5,vial2,12,29.895164625703547
32,id15,156.0,345.5,vial2,12,29.895164625703547
33,id15,157.0,342.5,vial2,12,29.895164625703547
34,id15,159.5,293.0,vial2,12,29.895164625703547
35,id15,156.0,248.0,vial2,12,29.895164625703547
36,id15,175.0,195.0,vial2,12,29.895164625703547
37,id15,187.0,166.5,vial2,12,29.895164625703547
38,id15,174.0,184.5,vial2,12,29.895164625703547
39,id15,155.5,207.0,vial2,12,29.895164625703547
40,id15,146.0,225.0,vial2,12,29.895164625703547
41,id15,140.5,241.0,vial2,12,29.895164625703547
42,id15,139.0,272.0,vial2,12,29.895164625703547
43,id15,152.5,297.5,vial2,12,29.895164625703547
44,id15,169.5,316.0,vial2,12,29.895164625703547
45,id15,193.5,311.5,vial2,12,29.895164625703547
46,id15,188.0,318.0,vial2,12,29.895164625703547
48,id15,180.5,329.0,vial2,12,29.895164625703547
49,id15,166.5,341.5,vial2,12,29.895164625703547
50,id15,166.0,321.0,vial2,12,29.895164625703547
51,id15,189.0,301.5,vial2,12,29.895164625703547
52,id15,191.0,297.5,vial2,12,29.895164625703547
53,id15,188.0,320.0,vial2,12,29.895164625703547
54,id15,185.5,336.5,vial2,12,29.895164625703547
55,id15,181.0,342.5,vial2,12,29.895164625703547
56,id15,133.0,338.0,vial2,12,29.895164625703547
57,id15,155.0,322.5,vial2,12,29.895164625703547
58,id15,154.5,325.0,vial2,12,29.895164625703547
59,id15,163.5,354.5,vial2,12,29.895164625703547
60,id15,136.5,350.5,vial2,12,29.895164625703547
61,id15,134.0,348.5,vial2,12,29.895164625703547
63,id15,126.5,351.5,vial2,12,29.895164625703547
64,id15,128.5,351.5,vial2,12,29.895164625703547
65,id15,129.5,351.5,vial2,12,29.895164625703547
66,id15,129.5,351.5,vial2,12,29.895164625703547
67,id15,129.0,351.5,vial2,12,29.895164625703547
68,id15,129.5,351.5,vial2,12,29.895164625703547
69,id15,129.5,351.5,vial2,12,29.895164625703547
70,id15,130.0,352.0,vial2,12,29.895164625703547
71,id15,130.0,351.5,vial2,12,29.895164625703547
72,id15,130.0,351.0,vial2,12,29.895164625703547
73,id15,132.5,351.5,vial2,12,29.895164625703547
74,id15,134.0,350.5,vial2,12,29.895164625703547
75,id15,137.0,351.0,vial2,12,29.895164625703547
76,id15,137.5,351.5,vial2,12,29.895164625703547
79,id15,138.0,349.0,vial2,12,29.895164625703547
80,id15,141.0,350.0,vial2,12,29.895164625703547
85,id15,142.0,351.5,vial2,12,29.895164625703547
86,id15,142.5,352.0,vial2,12,29.895164625703547
87,id15,142.0,352.0,vial2,12,29.895164625703547
88,id15,152.5,351.5,vial2,12,29.895164625703547
89,id15,152.5,351.5,vial2,12,29.895164625703547
90,id15,153.0,351.5,vial2,12,29.895164625703547
91,id15,158.0,352.0,vial2,12,29.895164625703547
92,id15,159.5,352.5,vial2,12,29.895164625703547
93,id15,160.5,352.5,vial2,12,29.895164625703547
94,id15,161.5,353.0,vial2,12,29.895164625703547
95,id15,162.5,353.0,vial2,12,29.895164625703547
96,id15,162.5,353.5,vial2,12,29.895164625703547
97,id15,163.5,353.5,vial2,12,29.895164625703547
98,id15,163.5,353.5,vial2,12,29.895164625703547
99,id15,163.5,353.5,vial2,12,29.895164625703547
100,id15,163.5,353.5,vial2,12,29.895164625703547
101,id15,164.0,353.5,vial2,12,29.895164625703547
102,id15,164.0,353.5,vial2,12,29.895164625703547
103,id15,164.0,354.0,vial2,12,29.895164625703547
104,id15,164.0,354.0,vial2,12,29.895164625703547
105,id15,164.5,353.5,vial2,12,29.895164625703547
106,id15,164.5,354.0,vial2,12,29.895164625703547
107,id15,164.5,353.5,vial2,12,29.895164625703547
108,id15,164.0,354.0,vial2,12,29.895164625703547
109,id15,164.5,354.0,vial2,12,29.895164625703547
110,id15,164.0,353.5,vial2,12,29.895164625703547
111,id15,164.0,353.0,vial2,12,29.895164625703547
112,id15,165.0,353.5,vial2,12,29.895164625703547
113,id15,165.0,353.0,vial2,12,29.895164625703547
114,id15,165.0,353.5,vial2,12,29.895164625703547
115,id15,165.0,353.0,vial2,12,29.895164625703547
116,id15,165.0,353.5,vial2,12,29.895164625703547
117,id15,165.5,354.0,vial2,12,29.895164625703547
118,id15,167.5,353.5,vial2,12,29.895164625703547
119,id15,168.0,353.0,vial2,12,29.895164625703547
120,id15,167.5,353.0,vial2,12,29.895164625703547
121,id15,168.0,353.0,vial2,12,29.895164625703547
122,id15,168.0,353.0,vial2,12,29.895164625703547
123,id15,168.0,353.0,vial2,12,29.895164625703547
124,id15,168.0,353.0,vial2,12,29.895164625703547
125,id15,168.0,353.0,vial2,12,29.895164625703547
126,id15,168.0,353.0,vial2,12,29.895164625703547
127,id15,167.5,353.5,vial2,12,29.895164625703547
128,id15,168.0,353.0,vial2,12,29.895164625703547
129,id15,169.5,352.5,vial2,12,29.895164625703547
130,id15,167.5,348.0,vial2,12,29.895164625703547
131,id15,166.5,348.5,vial2,12,29.895164625703547
132,id15,168.0,348.0,vial2,12,29.895164625703547
133,id15,168.5,348.0,vial2,12,29.895164625703547
134,id15,168.5,348.0,vial2,12,29.895164625703547
135,id15,168.0,348.0,vial2,12,29.895164625703547
136,id15,168.0,347.5,vial2,12,29.895164625703547
137,id15,167.0,347.5,vial2,12,29.895164625703547
138,id15,166.0,347.5,vial2,12,29.895164625703547
139,id15,166.0,347.5,vial2,12,29.895164625703547
140,id15,162.5,347.0,vial2,12,29.895164625703547
141,id15,161.0,347.0,vial2,12,29.895164625703547
142,id15,161.0,346.5,vial2,12,29.895164625703547
143,id15,161.5,346.5,vial2,12,29.895164625703547
144,id15,161.5,346.5,vial2,12,29.895164625703547
145,id15,161.5,346.5,vial2,12,29.895164625703547
146,id15,161.0,346.0,vial2,12,29.895164625703547
147,id15,161.0,346.0,vial2,12,29.895164625703547
148,id15,161.0,345.5,vial2,12,29.895164625703547
149,id15,160.5,345.5,vial2,12,29.895164625703547
150,id15,160.5,345.5,vial2,12,29.895164625703547
151,id15,160.5,345.5,vial2,12,29.895164625703547
152,id15,160.5,345.5,vial2,12,29.895164625703547
153,id15,160.5,345.5,vial2,12,29.895164625703547
154,id15,160.0,345.5,vial2,12,29.895164625703547
155,id15,160.5,345.5,vial2,12,29.895164625703547
156,id15,160.5,345.5,vial2,12,29.895164625703547
157,id15,160.5,345.5,vial2,12,29.895164625703547
158,id15,160.0,345.5,vial2,12,29.895164625703547
159,id15,160.0,345.5,vial2,12,29.895164625703547
160,id15,160.0,345.0,vial2,12,29.895164625703547
161,id15,160.0,345.0,vial2,12,29.895164625703547
162,id15,160.0,344.5,vial2,12,29.895164625703547
163,id15,160.0,344.5,vial2,12,29.895164625703547
164,id15,160.0,344.5,vial2,12,29.895164625703547
165,id15,160.0,344.5,vial2,12,29.895164625703547
166,id15,160.5,344.0,vial2,12,29.895164625703547
167,id15,160.5,343.0,vial2,12,29.895164625703547
168,id15,160.5,342.5,vial2,12,29.895164625703547
169,id15,160.5,341.5,vial2,12,29.895164625703547
170,id15,160.5,341.5,vial2,12,29.895164625703547
171,id15,160.5,340.5,vial2,12,29.895164625703547
172,id15,160.5,340.0,vial2,12,29.895164625703547
173,id15,160.0,339.5,vial2,12,29.895164625703547
174,id15,160.0,339.5,vial2,12,29.895164625703547
175,id15,159.5,339.5,vial2,12,29.895164625703547
176,id15,159.5,339.5,vial2,12,29.895164625703547
177,id15,159.5,339.5,vial2,12,29.895164625703547
178,id15,160.0,339.5,vial2,12,29.895164625703547
179,id15,160.0,339.5,vial2,12,29.895164625703547
180,id15,160.0,339.5,vial2,12,29.895164625703547
181,id15,160.0,339.0,vial2,12,29.895164625703547
182,id15,160.0,338.5,vial2,12,29.895164625703547
183,id15,160.5,338.0,vial2,12,29.895164625703547
184,id15,159.5,337.5,vial2,12,29.895164625703547
185,id15,159.5,336.5,vial2,12,29.895164625703547
186,id15,159.5,336.5,vial2,12,29.895164625703547
187,id15,159.0,335.5,vial2,12,29.895164625703547
188,id15,159.0,335.5,vial2,12,29.895164625703547
189,id15,159.0,335.5,vial2,12,29.895164625703547
190,id15,158.5,335.5,vial2,12,29.895164625703547
191,id15,158.5,335.5,vial2,12,29.895164625703547
192,id15,158.5,335.5,vial2,12,29.895164625703547
193,id15,158.5,335.5,vial2,12,29.895164625703547
194,id15,158.5,335.5,vial2,12,29.895164625703547
195,id15,158.5,335.5,vial2,12,29.895164625703547
196,id15,158.5,335.5,vial2,12,29.895164625703547
197,id15,158.5,335.5,vial2,12,29.895164625703547
198,id15,158.5,335.5,vial2,12,29.895164625703547
199,id15,158.5,335.5,vial2,12,29.895164625703547
200,id15,158.5,335.5,vial2,12,29.895164625703547
201,id15,158.5,335.5,vial2,12,29.895164625703547
202,id15,158.5,335.5,vial2,12,29.895164625703547
203,id15,158.5,335.5,vial2,12,29.895164625703547
204,id15,158.5,336.0,vial2,12,29.895164625703547
205,id15,158.5,336.0,vial2,12,29.895164625703547
206,id15,158.5,336.0,vial2,12,29.895164625703547
207,id15,158.5,336.0,vial2,12,29.895164625703547
208,id15,158.5,336.0,vial2,12,29.895164625703547
209,id15,158.5,336.0,vial2,12,29.895164625703547
210,id15,158.5,336.0,vial2,12,29.895164625703547
211,id15,158.5,336.0,vial2,12,29.895164625703547
212,id15,158.5,336.0,vial2,12,29.895164625703547
213,id15,158.5,336.0,vial2,12,29.895164625703547
214,id15,158.5,336.0,vial2,12,29.895164625703547
215,id15,158.5,336.0,vial2,12,29.895164625703547
216,id15,158.5,336.0,vial2,12,29.895164625703547
217,id15,158.5,336.0,vial2,12,29.895164625703547
218,id15,158.5,336.0,vial2,12,29.895164625703547
219,id15,158.5,336.0,vial2,12,29.895164625703547
220,id15,158.5,336.0,vial2,12,29.895164625703547
221,id15,158.5,336.0,vial2,12,29.895164625703547
222,id15,158.5,336.0,vial2,12,29.895164625703547
223,id15,158.5,336.0,vial2,12,29.895164625703547
224,id15,158.5,336.0,vial2,12,29.895164625703547
225,id15,158.5,336.0,vial2,12,29.895164625703547
226,id15,158.5,336.5,vial2,12,29.895164625703547
227,id15,158.5,336.0,vial2,12,29.895164625703547
228,id15,159.0,337.0,vial2,12,29.895164625703547
229,id15,158.5,336.5,vial2,12,29.895164625703547
230,id15,158.5,336.5,vial2,12,29.895164625703547
231,id15,158.5,336.5,vial2,12,29.895164625703547
232,id15,158.5,336.5,vial2,12,29.895164625703547
233,id15,158.5,336.5,vial2,12,29.895164625703547
234,id15,158.5,336.5,vial2,12,29.895164625703547
235,id15,158.5,336.5,vial2,12,29.895164625703547
236,id15,158.5,336.0,vial2,12,29.895164625703547
237,id15,158.5,335.5,vial2,12,29.895164625703547
238,id15,157.5,335.5,vial2,12,29.895164625703547
239,id15,157.5,335.5,vial2,12,29.895164625703547
240,id15,156.5,335.0,vial2,12,29.895164625703547
241,id15,156.0,335.0,vial2,12,29.895164625703547
242,id15,156.0,335.0,vial2,12,29.895164625703547
243,id15,156.0,335.0,vial2,12,29.895164625703547
244,id15,156.0,335.0,vial2,12,29.895164625703547
245,id15,156.0,335.0,vial2,12,29.895164625703547
246,id15,156.0,335.0,vial2,12,29.895164625703547
247,id15,155.5,335.0,vial2,12,29.895164625703547
248,id15,155.5,335.0,vial2,12,29.895164625703547
249,id15,155.5,335.0,vial2,12,29.895164625703547
250,id15,155.0,335.0,vial2,12,29.895164625703547
251,id15,155.0,335.0,vial2,12,29.895164625703547
252,id15,154.5,335.0,vial2,12,29.895164625703547
253,id15,154.5,334.5,vial2,12,29.895164625703547
254,id15,156.0,334.5,vial2,12,29.895164625703547
255,id15,155.0,335.0,vial2,12,29.895164625703547
256,id15,155.0,335.5,vial2,12,29.895164625703547
257,id15,155.0,335.0,vial2,12,29.895164625703547
258,id15,155.0,335.0,vial2,12,29.895164625703547
259,id15,154.0,335.0,vial2,12,29.895164625703547
260,id15,154.0,335.5,vial2,12,29.895164625703547
261,id15,153.0,332.5,vial2,12,29.895164625703547
262,id15,154.5,335.0,vial2,12,29.895164625703547
263,id15,154.5,335.0,vial2,12,29.895164625703547
264,id15,154.5,335.0,vial2,12,29.895164625703547
265,id15,154.5,335.0,vial2,12,29.895164625703547
266,id15,154.5,335.0,vial2,12,29.895164625703547
267,id15,154.5,335.0,vial2,12,29.895164625703547
268,id15,154.5,335.0,vial2,12,29.895164625703547
269,id15,154.5,335.0,vial2,12,29.895164625703547
270,id15,154.5,335.0,vial2,12,29.895164625703547
271,id15,154.5,335.0,vial2,12,29.895164625703547
272,id15,154.5,335.0,vial2,12,29.895164625703547
273,id15,157.0,337.0,vial2,12,29.895164625703547
274,id15,154.5,335.0,vial2,12,29.895164625703547
275,id15,154.5,335.0,vial2,12,29.895164625703547
276,id15,154.5,335.0,vial2,12,29.895164625703547
277,id15,154.5,335.0,vial2,12,29.895164625703547
278,id15,154.5,335.0,vial2,12,29.895164625703547
279,id15,154.5,335.0,vial2,12,29.895164625703547
280,id15,154.5,335.0,vial2,12,29.895164625703547
281,id15,154.5,335.0,vial2,12,29.895164625703547
282,id15,154.5,335.0,vial2,12,29.895164625703547
283,id15,155.0,335.0,vial2,12,29.895164625703547
284,id15,154.5,335.5,vial2,12,29.895164625703547
285,id15,155.0,335.5,vial2,12,29.895164625703547
286,id15,155.0,335.5,vial2,12,29.895164625703547
287,id15,155.0,335.5,vial2,12,29.895164625703547
288,id15,155.0,335.5,vial2,12,29.895164625703547
289,id15,155.0,335.5,vial2,12,29.895164625703547
290,id15,155.0,335.5,vial2,12,29.895164625703547
291,id15,155.0,335.5,vial2,12,29.895164625703547
292,id15,155.0,335.5,vial2,12,29.895164625703547
293,id15,155.0,336.0,vial2,12,29.895164625703547
294,id15,154.5,335.5,vial2,12,29.895164625703547
295,id15,155.0,335.5,vial2,12,29.895164625703547
296,id15,155.0,335.5,vial2,12,29.895164625703547
297,id15,155.0,335.5,vial2,12,29.895164625703547
298,id15,155.0,336.0,vial2,12,29.895164625703547
299,id15,155.0,336.0,vial2,12,29.895164625703547
300,id15,155.0,336.0,vial2,12,29.895164625703547
301,id15,155.0,336.0,vial2,12,29.895164625703547
302,id15,155.0,336.0,vial2,12,29.895164625703547
303,id15,155.0,336.0,vial2,12,29.895164625703547
304,id15,155.0,336.0,vial2,12,29.895164625703547
305,id15,155.0,336.0,vial2,12,29.895164625703547
306,id15,155.0,336.0,vial2,12,29.895164625703547
307,id15,155.0,336.0,vial2,12,29.895164625703547
308,id15,155.0,335.5,vial2,12,29.895164625703547
309,id15,154.5,335.5,vial2,12,29.895164625703547
310,id15,154.0,335.5,vial2,12,29.895164625703547
311,id15,153.0,335.5,vial2,12,29.895164625703547
312,id15,152.0,336.5,vial2,12,29.895164625703547
313,id15,151.0,338.0,vial2,12,29.895164625703547
314,id15,146.5,348.0,vial2,12,29.895164625703547
315,id15,145.5,345.5,vial2,12,29.895164625703547
316,id15,141.5,349.5,vial2,12,29.895164625703547
317,id15,141.0,350.0,vial2,12,29.895164625703547
318,id15,141.5,350.0,vial2,12,29.895164625703547
319,id15,144.0,350.5,vial2,12,29.895164625703547
320,id15,143.0,350.0,vial2,12,29.895164625703547
321,id15,143.0,350.0,vial2,12,29.895164625703547
322,id15,143.5,350.0,vial2,12,29.895164625703547
323,id15,142.5,350.0,vial2,12,29.895164625703547
324,id15,144.0,349.0,vial2,12,29.895164625703547
325,id15,145.0,349.0,vial2,12,29.895164625703547
326,id15,144.5,349.5,vial2,12,29.895164625703547
327,id15,144.5,349.0,vial2,12,29.895164625703547
328,id15,145.0,349.0,vial2,12,29.895164625703547
329,id15,146.0,349.0,vial2,12,29.895164625703547
330,id15,146.0,349.0,vial2,12,29.895164625703547
331,id15,146.0,349.5,vial2,12,29.895164625703547
332,id15,146.5,350.0,vial2,12,29.895164625703547
333,id15,147.5,350.0,vial2,12,29.895164625703547
334,id15,148.0,350.0,vial2,12,29.895164625703547
335,id15,146.0,350.0,vial2,12,29.895164625703547
336,id15,145.5,350.5,vial2,12,29.895164625703547
337,id15,144.5,350.5,vial2,12,29.895164625703547
338,id15,145.5,349.5,vial2,12,29.895164625703547
339,id15,147.0,349.0,vial2,12,29.895164625703547
340,id15,146.5,348.5,vial2,12,29.895164625703547
341,id15,146.5,348.0,vial2,12,29.895164625703547
342,id15,146.5,348.0,vial2,12,29.895164625703547
343,id15,145.5,348.0,vial2,12,29.895164625703547
344,id15,145.5,347.5,vial2,12,29.895164625703547
345,id15,144.0,346.0,vial2,12,29.895164625703547
346,id15,136.5,346.0,vial2,12,29.895164625703547
347,id15,135.5,348.5,vial2,12,29.895164625703547
348,id15,137.0,351.0,vial2,12,29.895164625703547
349,id15,136.0,351.0,vial2,12,29.895164625703547
350,id15,135.0,349.5,vial2,12,29.895164625703547
351,id15,137.0,349.0,vial2,12,29.895164625703547
352,id15,139.5,352.0,vial2,12,29.895164625703547
353,id15,139.0,351.5,vial2,12,29.895164625703547
354,id15,139.0,352.0,vial2,12,29.895164625703547
355,id15,139.0,352.0,vial2,12,29.895164625703547
356,id15,139.0,352.0,vial2,12,29.895164625703547
357,id15,139.0,352.0,vial2,12,29.895164625703547
358,id15,139.0,352.0,vial2,12,29.895164625703547
359,id15,139.0,352.0,vial2,12,29.895164625703547
360,id15,139.0,352.0,vial2,12,29.895164625703547
361,id15,139.0,352.0,vial2,12,29.895164625703547
362,id15,139.0,352.0,vial2,12,29.895164625703547
363,id15,139.0,352.0,vial2,12,29.895164625703547
364,id15,139.0,352.0,vial2,12,29.895164625703547
365,id15,139.0,352.0,vial2,12,29.895164625703547
366,id15,139.0,352.0,vial2,12,29.895164625703547
367,id15,139.0,352.0,vial2,12,29.895164625703547
368,id15,139.0,352.0,vial2,12,29.895164625703547
369,id15,139.0,352.0,vial2,12,29.895164625703547
370,id15,139.0,352.0,vial2,12,29.895164625703547
371,id15,139.0,352.0,vial2,12,29.895164625703547
372,id15,139.5,352.0,vial2,12,29.895164625703547
373,id15,139.5,352.0,vial2,12,29.895164625703547
374,id15,139.5,352.0,vial2,12,29.895164625703547
375,id15,139.5,352.0,vial2,12,29.895164625703547
376,id15,140.0,352.0,vial2,12,29.895164625703547
377,id15,139.5,351.5,vial2,12,29.895164625703547
378,id15,139.5,351.5,vial2,12,29.895164625703547
379,id15,139.5,351.5,vial2,12,29.895164625703547
380,id15,139.5,351.5,vial2,12,29.895164625703547
381,id15,139.5,351.5,vial2,12,29.895164625703547
0,id16,56.5,347.0,vial1,9,29.895164625703547
1,id16,55.0,346.0,vial1,9,29.895164625703547
2,id16,56.0,344.5,vial1,9,29.895164625703547
3,id16,55.5,340.0,vial1,9,29.895164625703547
4,id16,55.5,337.5,vial1,9,29.895164625703547
5,id16,56.0,333.0,vial1,9,29.895164625703547
6,id16,56.0,329.5,vial1,9,29.895164625703547
7,id16,55.5,324.5,vial1,9,29.895164625703547
8,id16,55.5,321.0,vial1,9,29.895164625703547
9,id16,55.0,316.5,vial1,9,29.895164625703547
10,id16,54.0,313.5,vial1,9,29.895164625703547
11,id16,53.0,309.5,vial1,9,29.895164625703547
12,id16,52.0,306.5,vial1,9,29.895164625703547
13,id16,51.5,303.5,vial1,9,29.895164625703547
14,id16,51.5,300.5,vial1,9,29.895164625703547
15,id16,51.5,297.5,vial1,9,29.895164625703547
16,id16,52.5,294.5,vial1,9,29.895164625703547
17,id16,53.5,291.5,vial1,9,29.895164625703547
18,id16,54.0,288.5,vial1,9,29.895164625703547
19,id16,54.5,286.0,vial1,9,29.895164625703547
20,id16,55.5,284.0,vial1,9,29.895164625703547
21,id16,56.5,282.0,vial1,9,29.895164625703547
22,id16,57.0,279.0,vial1,9,29.895164625703547
23,id16,58.0,277.0,vial1,9,29.895164625703547
24,id16,59.5,275.0,vial1,9,29.895164625703547
25,id16,62.0,274.5,vial1,9,29.895164625703547
26,id16,63.5,273.5,vial1,9,29.895164625703547
27,id16,65.5,273.5,vial1,9,29.895164625703547
28,id16,67.0,272.5,vial1,9,29.895164625703547
29,id16,69.0,272.5,vial1,9,29.895164625703547
30,id16,70.0,273.0,vial1,9,29.895164625703547
31,id16,71.5,273.5,vial1,9,29.895164625703547
32,id16,72.0,274.5,vial1,9,29.895164625703547
33,id16,72.5,275.5,vial1,9,29.895164625703547
34,id16,72.5,276.0,vial1,9,29.895164625703547
35,id16,72.5,277.0,vial1,9,29.895164625703547
36,id16,72.5,277.5,vial1,9,29.895164625703547
37,id16,72.5,278.0,vial1,9,29.895164625703547
38,id16,72.0,278.5,vial1,9,29.895164625703547
39,id16,72.0,278.5,vial1,9,29.895164625703547
40,id16,72.0,278.5,vial1,9,29.895164625703547
41,id16,72.0,278.5,vial1,9,29.895164625703547
42,id16,72.0,278.5,vial1,9,29.895164625703547
43,id16,72.0,278.5,vial1,9,29.895164625703547
44,id16,72.0,278.5,vial1,9,29.895164625703547
45,id16,72.0,279.5,vial1,9,29.895164625703547
46,id16,72.0,281.5,vial1,9,29.895164625703547
47,id16,71.0,283.5,vial1,9,29.895164625703547
48,id16,71.0,286.0,vial1,9,29.895164625703547
49,id16,69.5,288.0,vial1,9,29.895164625703547
50,id16,69.0,291.0,vial1,9,29.895164625703547
51,id16,68.5,292.5,vial1,9,29.895164625703547
52,id16,68.0,293.5,vial1,9,29.895164625703547
53,id16,67.5,294.5,vial1,9,29.895164625703547
54,id16,67.0,295.0,vial1,9,29.895164625703547
55,id16,66.5,296.0,vial1,9,29.895164625703547
56,id16,66.0,297.0,vial1,9,29.895164625703547
57,id16,65.0,297.5,vial1,9,29.895164625703547
58,id16,64.5,299.0,vial1,9,29.895164625703547
59,id16,63.5,299.5,vial1,9,29.895164625703547
60,id16,62.5,300.5,vial1,9,29.895164625703547
61,id16,61.5,301.5,vial1,9,29.895164625703547
62,id16,60.5,302.0,vial1,9,29.895164625703547
63,id16,60.0,303.0,vial1,9,29.895164625703547
64,id16,59.5,303.5,vial1,9,29.895164625703547
65,id16,59.5,303.5,vial1,9,29.895164625703547
66,id16,59.5,303.5,vial1,9,29.895164625703547
67,id16,59.0,303.5,vial1,9,29.895164625703547
68,id16,59.0,303.5,vial1,9,29.895164625703547
69,id16,59.0,303.5,vial1,9,29.895164625703547
70,id16,59.0,303.5,vial1,9,29.895164625703547
71,id16,59.5,303.5,vial1,9,29.895164625703547
72,id16,60.0,303.0,vial1,9,29.895164625703547
73,id16,60.0,303.0,vial1,9,29.895164625703547
74,id16,60.0,303.0,vial1,9,29.895164625703547
75,id16,60.0,303.0,vial1,9,29.895164625703547
76,id16,60.0,303.0,vial1,9,29.895164625703547
77,id16,60.5,303.0,vial1,9,29.895164625703547
78,id16,60.5,303.0,vial1,9,29.895164625703547
79,id16,61.0,298.5,vial1,9,29.895164625703547
80,id16,59.5,276.5,vial1,9,29.895164625703547
81,id16,50.5,263.0,vial1,9,29.895164625703547
82,id16,53.0,259.0,vial1,9,29.895164625703547
83,id16,54.5,266.0,vial1,9,29.895164625703547
84,id16,57.0,287.0,vial1,9,29.895164625703547
85,id16,68.5,298.0,vial1,9,29.895164625703547
86,id16,69.5,306.5,vial1,9,29.895164625703547
87,id16,71.0,307.0,vial1,9,29.895164625703547
88,id16,70.5,306.0,vial1,9,29.895164625703547
89,id16,70.5,305.5,vial1,9,29.895164625703547
90,id16,70.5,305.0,vial1,9,29.895164625703547
91,id16,70.0,305.5,vial1,9,29.895164625703547
92,id16,70.0,305.0,vial1,9,29.895164625703547
93,id16,70.5,305.0,vial1,9,29.895164625703547
94,id16,70.5,305.0,vial1,9,29.895164625703547
95,id16,70.5,305.0,vial1,9,29.895164625703547
96,id16,70.5,306.0,vial1,9,29.895164625703547
97,id16,70.5,306.0,vial1,9,29.895164625703547
98,id16,70.5,305.5,vial1,9,29.895164625703547
99,id16,69.5,304.5,vial1,9,29.895164625703547
100,id16,68.5,304.5,vial1,9,29.895164625703547
101,id16,67.0,304.5,vial1,9,29.895164625703547
102,id16,66.0,305.5,vial1,9,29.895164625703547
103,id16,64.5,306.5,vial1,9,29.895164625703547
104,id16,62.5,307.5,vial1,9,29.895164625703547
105,id16,61.0,308.5,vial1,9,29.895164625703547
106,id16,59.0,310.5,vial1,9,29.895164625703547
107,id16,57.0,312.5,vial1,9,29.895164625703547
108,id16,55.0,314.0,vial1,9,29.895164625703547
109,id16,53.5,317.5,vial1,9,29.895164625703547
110,id16,52.0,319.0,vial1,9,29.895164625703547
111,id16,51.0,321.5,vial1,9,29.895164625703547
112,id16,50.0,322.5,vial1,9,29.895164625703547
113,id16,50.0,322.5,vial1,9,29.895164625703547
114,id16,50.0,322.5,vial1,9,29.895164625703547
115,id16,50.0,322.5,vial1,9,29.895164625703547
116,id16,50.0,322.5,vial1,9,29.895164625703547
117,id16,50.0,322.5,vial1,9,29.895164625703547
118,id16,49.5,325.5,vial1,9,29.895164625703547
119,id16,50.0,327.5,vial1,9,29.895164625703547
120,id16,50.0,331.5,vial1,9,29.895164625703547
121,id16,51.0,334.5,vial1,9,29.895164625703547
122,id16,51.0,337.5,vial1,9,29.895164625703547
123,id16,52.0,340.5,vial1,9,29.895164625703547
124,id16,51.5,343.5,vial1,9,29.895164625703547
125,id16,52.0,346.0,vial1,9,29.895164625703547
126,id16,52.0,347.0,vial1,9,29.895164625703547
127,id16,52.0,347.0,vial1,9,29.895164625703547
128,id16,52.0,347.0,vial1,9,29.895164625703547
129,id16,52.0,347.0,vial1,9,29.895164625703547
130,id16,52.0,346.0,vial1,9,29.895164625703547
131,id16,53.0,346.0,vial1,9,29.895164625703547
132,id16,55.0,346.5,vial1,9,29.895164625703547
133,id16,56.0,347.0,vial1,9,29.895164625703547
134,id16,57.0,347.5,vial1,9,29.895164625703547
135,id16,58.5,346.5,vial1,9,29.895164625703547
136,id16,60.5,346.5,vial1,9,29.895164625703547
137,id16,62.0,346.5,vial1,9,29.895164625703547
138,id16,64.0,346.5,vial1,9,29.895164625703547
139,id16,65.5,346.5,vial1,9,29.895164625703547
140,id16,66.0,347.5,vial1,9,29.895164625703547
141,id16,67.5,348.0,vial1,9,29.895164625703547
142,id16,68.5,348.5,vial1,9,29.895164625703547
143,id16,69.5,349.0,vial1,9,29.895164625703547
144,id16,70.5,348.5,vial1,9,29.895164625703547
145,id16,70.5,347.5,vial1,9,29.895164625703547
146,id16,70.5,348.0,vial1,9,29.895164625703547
147,id16,71.5,347.0,vial1,9,29.895164625703547
148,id16,71.5,348.0,vial1,9,29.895164625703547
149,id16,72.0,347.5,vial1,9,29.895164625703547
150,id16,72.5,347.0,vial1,9,29.895164625703547
151,id16,73.0,346.5,vial1,9,29.895164625703547
152,id16,73.5,347.0,vial1,9,29.895164625703547
153,id16,73.5,347.0,vial1,9,29.895164625703547
154,id16,73.0,348.0,vial1,9,29.895164625703547
155,id16,72.0,348.5,vial1,9,29.895164625703547
156,id16,71.0,349.0,vial1,9,29.895164625703547
157,id16,71.0,350.0,vial1,9,29.895164625703547
158,id16,70.0,349.5,vial1,9,29.895164625703547
159,id16,69.0,348.5,vial1,9,29.895164625703547
160,id16,68.0,347.5,vial1,9,29.895164625703547
161,id16,66.5,347.0,vial1,9,29.895164625703547
162,id16,64.5,346.5,vial1,9,29.895164625703547
163,id16,63.0,346.5,vial1,9,29.895164625703547
164,id16,61.0,347.0,vial1,9,29.895164625703547
165,id16,59.0,347.5,vial1,9,29.895164625703547
166,id16,57.0,348.0,vial1,9,29.895164625703547
167,id16,55.0,349.5,vial1,9,29.895164625703547
168,id16,53.0,350.0,vial1,9,29.895164625703547
169,id16,53.0,350.0,vial1,9,29.895164625703547
170,id16,53.0,350.0,vial1,9,29.895164625703547
171,id16,53.0,350.0,vial1,9,29.895164625703547
172,id16,53.0,350.0,vial1,9,29.895164625703547
173,id16,53.0,350.0,vial1,9,29.895164625703547
174,id16,53.0,350.0,vial1,9,29.895164625703547
175,id16,52.5,349.5,vial1,9,29.895164625703547
176,id16,51.5,349.0,vial1,9,29.895164625703547
177,id16,50.0,348.0,vial1,9,29.895164625703547
178,id16,48.5,346.5,vial1,9,29.895164625703547
179,id16,47.5,345.5,vial1,9,29.895164625703547
180,id16,47.0,345.5,vial1,9,29.895164625703547
181,id16,46.5,345.5,vial1,9,29.895164625703547
182,id16,46.0,345.5,vial1,9,29.895164625703547
183,id16,44.5,346.0,vial1,9,29.895164625703547
184,id16,43.0,346.5,vial1,9,29.895164625703547
185,id16,41.0,346.0,vial1,9,29.895164625703547
186,id16,39.5,346.0,vial1,9,29.895164625703547
187,id16,37.5,346.0,vial1,9,29.895164625703547
188,id16,37.0,346.5,vial1,9,29.895164625703547
189,id16,35.5,347.0,vial1,9,29.895164625703547
190,id16,34.5,347.5,vial1,9,29.895164625703547
191,id16,33.0,347.5,vial1,9,29.895164625703547
192,id16,31.0,348.0,vial1,9,29.895164625703547
193,id16,29.5,348.5,vial1,9,29.895164625703547
194,id16,28.5,349.0,vial1,9,29.895164625703547
195,id16,27.0,349.5,vial1,9,29.895164625703547
196,id16,26.5,349.5,vial1,9,29.895164625703547
197,id16,25.5,349.5,vial1,9,29.895164625703547
198,id16,25.0,349.5,vial1,9,29.895164625703547
199,id16,25.0,349.0,vial1,9,29.895164625703547
200,id16,25.0,349.0,vial1,9,29.895164625703547
201,id16,25.0,349.0,vial1,9,29.895164625703547
202,id16,25.0,349.0,vial1,9,29.895164625703547
203,id16,25.0,349.0,vial1,9,29.895164625703547
204,id16,25.0,349.0,vial1,9,29.895164625703547
205,id16,25.0,349.0,vial1,9,29.895164625703547
206,id16,25.0,349.0,vial1,9,29.895164625703547
207,id16,25.5,349.0,vial1,9,29.895164625703547
208,id16,25.5,349.0,vial1,9,29.895164625703547
209,id16,25.5,349.0,vial1,9,29.895164625703547
210,id16,25.5,349.0,vial1,9,29.895164625703547
211,id16,25.5,349.0,vial1,9,29.895164625703547
212,id16,25.5,349.0,vial1,9,29.895164625703547
213,id16,25.5,349.5,vial1,9,29.895164625703547
214,id16,26.0,349.5,vial1,9,29.895164625703547
215,id16,25.5,349.5,vial1,9,29.895164625703547
216,id16,25.5,349.5,vial1,9,29.895164625703547
217,id16,25.5,349.5,vial1,9,29.895164625703547
218,id16,25.5,349.5,vial1,9,29.895164625703547
219,id16,25.5,349.0,vial1,9,29.895164625703547
220,id16,25.5,349.0,vial1,9,29.895164625703547
221,id16,25.5,349.0,vial1,9,29.895164625703547
222,id16,25.5,350.5,vial1,9,29.895164625703547
223,id16,23.5,351.0,vial1,9,29.895164625703547
224,id16,22.0,350.5,vial1,9,29.895164625703547
225,id16,22.5,349.0,vial1,9,29.895164625703547
226,id16,20.5,348.5,vial1,9,29.895164625703547
227,id16,20.0,346.5,vial1,9,29.895164625703547
228,id16,20.0,345.0,vial1,9,29.895164625703547
229,id16,20.0,344.0,vial1,9,29.895164625703547
230,id16,19.0,343.0,vial1,9,29.895164625703547
231,id16,19.5,341.5,vial1,9,29.895164625703547
232,id16,19.0,341.0,vial1,9,29.895164625703547
233,id16,18.0,339.5,vial1,9,29.895164625703547
234,id16,18.0,338.0,vial1,9,29.895164625703547
235,id16,17.5,336.5,vial1,9,29.895164625703547
236,id16,17.5,335.5,vial1,9,29.895164625703547
237,id16,16.5,334.5,vial1,9,29.895164625703547
238,id16,16.5,333.0,vial1,9,29.895164625703547
239,id16,16.0,332.0,vial1,9,29.895164625703547
240,id16,16.0,331.0,vial1,9,29.895164625703547
241,id16,15.0,330.5,vial1,9,29.895164625703547
242,id16,14.5,329.5,vial1,9,29.895164625703547
243,id16,14.0,328.5,vial1,9,29.895164625703547
244,id16,13.0,327.5,vial1,9,29.895164625703547
245,id16,12.0,327.0,vial1,9,29.895164625703547
246,id16,11.5,326.5,vial1,9,29.895164625703547
247,id16,11.5,325.0,vial1,9,29.895164625703547
248,id16,11.0,324.5,vial1,9,29.895164625703547
249,id16,11.0,323.5,vial1,9,29.895164625703547
250,id16,10.5,323.5,vial1,9,29.895164625703547
251,id16,10.0,323.5,vial1,9,29.895164625703547
252,id16,10.0,323.0,vial1,9,29.895164625703547
253,id16,10.0,322.5,vial1,9,29.895164625703547
274,id16,10.5,322.5,vial1,9,29.895164625703547
275,id16,11.5,323.5,vial1,9,29.895164625703547
276,id16,11.5,324.0,vial1,9,29.895164625703547
277,id16,12.0,324.5,vial1,9,29.895164625703547
278,id16,13.0,325.5,vial1,9,29.895164625703547
279,id16,13.5,327.5,vial1,9,29.895164625703547
280,id16,14.5,329.0,vial1,9,29.895164625703547
281,id16,15.5,331.5,vial1,9,29.895164625703547
282,id16,16.0,334.0,vial1,9,29.895164625703547
283,id16,16.5,335.5,vial1,9,29.895164625703547
284,id16,16.5,337.0,vial1,9,29.895164625703547
285,id16,17.5,337.5,vial1,9,29.895164625703547
286,id16,18.0,338.5,vial1,9,29.895164625703547
287,id16,18.0,339.0,vial1,9,29.895164625703547
288,id16,17.5,340.5,vial1,9,29.895164625703547
289,id16,17.5,340.0,vial1,9,29.895164625703547
290,id16,18.0,341.5,vial1,9,29.895164625703547
291,id16,17.0,337.5,vial1,9,29.895164625703547
292,id16,17.0,336.5,vial1,9,29.895164625703547
293,id16,17.0,336.5,vial1,9,29.895164625703547
294,id16,17.5,336.0,vial1,9,29.895164625703547
295,id16,18.0,335.5,vial1,9,29.895164625703547
296,id16,19.5,335.0,vial1,9,29.895164625703547
297,id16,22.5,334.5,vial1,9,29.895164625703547
298,id16,25.0,334.0,vial1,9,29.895164625703547
299,id16,27.5,333.0,vial1,9,29.895164625703547
300,id16,31.0,332.5,vial1,9,29.895164625703547
301,id16,33.0,331.5,vial1,9,29.895164625703547
302,id16,35.5,330.5,vial1,9,29.895164625703547
303,id16,38.5,329.5,vial1,9,29.895164625703547
304,id16,40.0,328.5,vial1,9,29.895164625703547
305,id16,43.0,327.0,vial1,9,29.895164625703547
306,id16,45.0,326.5,vial1,9,29.895164625703547
307,id16,47.5,325.5,vial1,9,29.895164625703547
308,id16,50.5,325.0,vial1,9,29.895164625703547
309,id16,52.5,324.0,vial1,9,29.895164625703547
310,id16,54.5,322.5,vial1,9,29.895164625703547
311,id16,57.0,321.5,vial1,9,29.895164625703547
312,id16,59.5,320.5,vial1,9,29.895164625703547
313,id16,60.5,319.5,vial1,9,29.895164625703547
314,id16,62.0,318.5,vial1,9,29.895164625703547
315,id16,63.5,317.5,vial1,9,29.895164625703547
316,id16,65.0,316.0,vial1,9,29.895164625703547
317,id16,66.0,315.0,vial1,9,29.895164625703547
318,id16,68.0,313.5,vial1,9,29.895164625703547
319,id16,69.0,312.5,vial1,9,29.895164625703547
320,id16,70.5,310.5,vial1,9,29.895164625703547
321,id16,71.5,309.5,vial1,9,29.895164625703547
322,id16,71.5,308.0,vial1,9,29.895164625703547
323,id16,72.5,306.5,vial1,9,29.895164625703547
324,id16,73.0,305.5,vial1,9,29.895164625703547
325,id16,73.0,305.5,vial1,9,29.895164625703547
326,id16,73.5,304.5,vial1,9,29.895164625703547
327,id16,72.5,304.5,vial1,9,29.895164625703547
328,id16,72.0,303.5,vial1,9,29.895164625703547
329,id16,71.5,302.5,vial1,9,29.895164625703547
330,id16,71.0,302.0,vial1,9,29.895164625703547
331,id16,70.0,300.5,vial1,9,29.895164625703547
332,id16,68.5,300.0,vial1,9,29.895164625703547
333,id16,67.0,299.5,vial1,9,29.895164625703547
334,id16,65.5,298.5,vial1,9,29.895164625703547
335,id16,63.5,296.5,vial1,9,29.895164625703547
336,id16,62.5,294.5,vial1,9,29.895164625703547
337,id16,61.5,292.5,vial1,9,29.895164625703547
338,id16,59.5,290.0,vial1,9,29.895164625703547
339,id16,58.5,288.5,vial1,9,29.895164625703547
340,id16,56.5,287.5,vial1,9,29.895164625703547
341,id16,55.5,286.5,vial1,9,29.895164625703547
342,id16,54.0,285.0,vial1,9,29.895164625703547
343,id16,51.0,284.0,vial1,9,29.895164625703547
344,id16,49.0,283.5,vial1,9,29.895164625703547
345,id16,46.5,282.5,vial1,9,29.895164625703547
346,id16,44.5,282.5,vial1,9,29.895164625703547
347,id16,41.5,282.0,vial1,9,29.895164625703547
348,id16,38.5,282.0,vial1,9,29.895164625703547
349,id16,35.5,282.0,vial1,9,29.895164625703547
350,id16,32.5,283.0,vial1,9,29.895164625703547
351,id16,30.0,283.0,vial1,9,29.895164625703547
352,id16,27.5,283.0,vial1,9,29.895164625703547
353,id16,26.5,283.0,vial1,9,29.895164625703547
354,id16,24.5,282.5,vial1,9,29.895164625703547
355,id16,23.5,282.0,vial1,9,29.895164625703547
356,id16,22.5,282.0,vial1,9,29.895164625703547
357,id16,21.5,281.0,vial1,9,29.895164625703547
358,id16,21.0,280.5,vial1,9,29.895164625703547
359,id16,21.0,280.0,vial1,9,29.895164625703547
360,id16,20.5,280.0,vial1,9,29.895164625703547
361,id16,21.0,280.0,vial1,9,29.895164625703547
362,id16,21.0,279.5,vial1,9,29.895164625703547
363,id16,21.0,279.0,vial1,9,29.895164625703547
364,id16,21.0,279.5,vial1,9,29.895164625703547
365,id16,21.0,279.5,vial1,9,29.895164625703547
366,id16,20.5,279.0,vial1,9,29.895164625703547
367,id16,35.0,265.0,vial1,9,29.895164625703547
368,id16,36.5,248.0,vial1,9,29.895164625703547
369,id16,36.5,247.5,vial1,9,29.895164625703547
370,id16,36.0,247.5,vial1,9,29.895164625703547
371,id16,36.5,247.0,vial1,9,29.895164625703547
372,id16,36.5,247.0,vial1,9,29.895164625703547
373,id16,36.5,247.0,vial1,9,29.895164625703547
374,id16,36.5,247.0,vial1,9,29.895164625703547
375,id16,36.5,247.0,vial1,9,29.895164625703547
376,id16,36.5,247.0,vial1,9,29.895164625703547
377,id16,36.5,247.0,vial1,9,29.895164625703547
378,id16,36.5,247.0,vial1,9,29.895164625703547
379,id16,36.5,245.5,vial1,9,29.895164625703547
380,id16,37.5,244.0,vial1,9,29.895164625703547
381,id16,38.0,241.5,vial1,9,29.895164625703547
0,id17,39.5,349.0,vial1,2,29.895164625703547
1,id17,39.0,349.0,vial1,2,29.895164625703547
2,id17,40.0,349.0,vial1,2,29.895164625703547
3,id17,40.5,349.0,vial1,2,29.895164625703547
4,id17,39.5,349.0,vial1,2,29.895164625703547
5,id17,40.5,348.5,vial1,2,29.895164625703547
6,id17,40.5,348.5,vial1,2,29.895164625703547
7,id17,39.5,347.5,vial1,2,29.895164625703547
8,id17,39.5,347.0,vial1,2,29.895164625703547
9,id17,38.5,347.5,vial1,2,29.895164625703547
10,id17,38.5,347.0,vial1,2,29.895164625703547
11,id17,38.5,347.0,vial1,2,29.895164625703547
12,id17,38.0,347.0,vial1,2,29.895164625703547
13,id17,37.5,347.0,vial1,2,29.895164625703547
14,id17,38.5,348.0,vial1,2,29.895164625703547
15,id17,38.5,348.0,vial1,2,29.895164625703547
16,id17,38.5,348.0,vial1,2,29.895164625703547
17,id17,39.5,348.5,vial1,2,29.895164625703547
18,id17,39.5,348.5,vial1,2,29.895164625703547
19,id17,40.0,348.5,vial1,2,29.895164625703547
20,id17,40.0,349.0,vial1,2,29.895164625703547
21,id17,40.0,348.5,vial1,2,29.895164625703547
22,id17,40.0,348.5,vial1,2,29.895164625703547
23,id17,40.5,348.5,vial1,2,29.895164625703547
24,id17,39.5,349.5,vial1,2,29.895164625703547
25,id17,39.5,351.0,vial1,2,29.895164625703547
26,id17,41.0,351.0,vial1,2,29.895164625703547
27,id17,42.0,350.5,vial1,2,29.895164625703547
29,id17,39.5,302.0,vial1,2,29.895164625703547
30,id17,31.5,273.0,vial1,2,29.895164625703547
31,id17,31.0,273.0,vial1,2,29.895164625703547
32,id17,31.0,272.0,vial1,2,29.895164625703547
33,id17,32.0,270.5,vial1,2,29.895164625703547
34,id17,31.0,268.0,vial1,2,29.895164625703547
35,id17,31.5,267.0,vial1,2,29.895164625703547
36,id17,30.0,265.0,vial1,2,29.895164625703547
37,id17,29.0,263.5,vial1,2,29.895164625703547
38,id17,28.0,263.0,vial1,2,29.895164625703547
39,id17,27.0,262.5,vial1,2,29.895164625703547
40,id17,25.0,262.5,vial1,2,29.895164625703547
41,id17,23.0,262.0,vial1,2,29.895164625703547
42,id17,23.0,261.5,vial1,2,29.895164625703547
43,id17,22.0,261.0,vial1,2,29.895164625703547
44,id17,22.0,261.0,vial1,2,29.895164625703547
45,id17,22.0,261.0,vial1,2,29.895164625703547
46,id17,22.0,261.0,vial1,2,29.895164625703547
47,id17,22.0,261.0,vial1,2,29.895164625703547
48,id17,22.5,260.0,vial1,2,29.895164625703547
49,id17,22.0,259.5,vial1,2,29.895164625703547
50,id17,22.0,258.5,vial1,2,29.895164625703547
51,id17,23.0,258.0,vial1,2,29.895164625703547
52,id17,21.5,257.0,vial1,2,29.895164625703547
53,id17,21.5,255.5,vial1,2,29.895164625703547
54,id17,22.5,255.0,vial1,2,29.895164625703547
55,id17,22.0,253.5,vial1,2,29.895164625703547
56,id17,22.5,251.5,vial1,2,29.895164625703547
57,id17,22.5,250.5,vial1,2,29.895164625703547
58,id17,22.5,248.5,vial1,2,29.895164625703547
59,id17,23.0,246.5,vial1,2,29.895164625703547
60,id17,22.5,245.0,vial1,2,29.895164625703547
61,id17,23.0,244.5,vial1,2,29.895164625703547
62,id17,22.5,242.5,vial1,2,29.895164625703547
63,id17,23.0,241.5,vial1,2,29.895164625703547
64,id17,23.5,239.5,vial1,2,29.895164625703547
65,id17,23.5,237.0,vial1,2,29.895164625703547
66,id17,24.0,235.5,vial1,2,29.895164625703547
67,id17,24.0,234.0,vial1,2,29.895164625703547
68,id17,23.5,231.5,vial1,2,29.895164625703547
69,id17,24.0,230.0,vial1,2,29.895164625703547
70,id17,24.0,230.0,vial1,2,29.895164625703547
71,id17,24.0,228.5,vial1,2,29.895164625703547
72,id17,23.5,226.5,vial1,2,29.895164625703547
73,id17,23.5,225.5,vial1,2,29.895164625703547
74,id17,23.0,224.5,vial1,2,29.895164625703547
75,id17,22.5,222.5,vial1,2,29.895164625703547
76,id17,22.5,221.5,vial1,2,29.895164625703547
77,id17,21.5,220.5,vial1,2,29.895164625703547
78,id17,21.5,218.5,vial1,2,29.895164625703547
79,id17,20.5,217.5,vial1,2,29.895164625703547
80,id17,20.0,216.5,vial1,2,29.895164625703547
81,id17,18.5,214.0,vial1,2,29.895164625703547
82,id17,19.0,213.5,vial1,2,29.895164625703547
83,id17,18.5,212.0,vial1,2,29.895164625703547
84,id17,17.5,210.5,vial1,2,29.895164625703547
85,id17,17.5,209.5,vial1,2,29.895164625703547
86,id17,16.5,209.0,vial1,2,29.895164625703547
87,id17,16.5,208.5,vial1,2,29.895164625703547
88,id17,15.5,206.5,vial1,2,29.895164625703547
89,id17,14.5,205.0,vial1,2,29.895164625703547
90,id17,14.5,203.5,vial1,2,29.895164625703547
91,id17,14.0,203.0,vial1,2,29.895164625703547
92,id17,12.5,201.0,vial1,2,29.895164625703547
93,id17,12.5,200.0,vial1,2,29.895164625703547
94,id17,12.5,199.0,vial1,2,29.895164625703547
95,id17,11.5,197.0,vial1,2,29.895164625703547
96,id17,11.0,196.0,vial1,2,29.895164625703547
97,id17,11.0,195.5,vial1,2,29.895164625703547
98,id17,11.0,194.5,vial1,2,29.895164625703547
99,id17,10.0,192.5,vial1,2,29.895164625703547
100,id17,52.0,292.5,vial1,2,29.895164625703547
104,id17,53.0,289.0,vial1,2,29.895164625703547
106,id17,6.0,182.5,vial1,2,29.895164625703547
107,id17,6.0,182.5,vial1,2,29.895164625703547
108,id17,6.0,181.5,vial1,2,29.895164625703547
112,id17,6.0,179.0,vial1,2,29.895164625703547
116,id17,58.5,260.5,vial1,2,29.895164625703547
117,id17,58.5,258.5,vial1,2,29.895164625703547
118,id17,59.5,256.5,vial1,2,29.895164625703547
119,id17,59.0,254.5,vial1,2,29.895164625703547
120,id17,59.5,252.5,vial1,2,29.895164625703547
121,id17,60.0,250.0,vial1,2,29.895164625703547
122,id17,61.0,246.5,vial1,2,29.895164625703547
123,id17,61.5,243.5,vial1,2,29.895164625703547
124,id17,62.5,239.5,vial1,2,29.895164625703547
125,id17,63.0,236.5,vial1,2,29.895164625703547
126,id17,63.5,233.0,vial1,2,29.895164625703547
127,id17,64.5,230.0,vial1,2,29.895164625703547
128,id17,65.0,227.0,vial1,2,29.895164625703547
129,id17,66.0,224.0,vial1,2,29.895164625703547
130,id17,67.0,221.0,vial1,2,29.895164625703547
131,id17,67.5,218.0,vial1,2,29.895164625703547
132,id17,67.5,215.0,vial1,2,29.895164625703547
133,id17,68.5,212.0,vial1,2,29.895164625703547
134,id17,69.0,209.0,vial1,2,29.895164625703547
135,id17,69.5,206.5,vial1,2,29.895164625703547
136,id17,70.0,204.0,vial1,2,29.895164625703547
137,id17,71.0,205.5,vial1,2,29.895164625703547
138,id17,71.5,205.0,vial1,2,29.895164625703547
139,id17,72.0,204.5,vial1,2,29.895164625703547
140,id17,73.0,204.5,vial1,2,29.895164625703547
141,id17,73.0,204.5,vial1,2,29.895164625703547
142,id17,73.0,204.0,vial1,2,29.895164625703547
143,id17,73.0,203.5,vial1,2,29.895164625703547
144,id17,73.0,203.0,vial1,2,29.895164625703547
145,id17,73.0,201.5,vial1,2,29.895164625703547
146,id17,72.5,200.5,vial1,2,29.895164625703547
147,id17,72.0,199.0,vial1,2,29.895164625703547
148,id17,71.5,197.5,vial1,2,29.895164625703547
149,id17,71.0,196.0,vial1,2,29.895164625703547
150,id17,70.5,195.0,vial1,2,29.895164625703547
151,id17,70.0,193.0,vial1,2,29.895164625703547
152,id17,68.5,192.0,vial1,2,29.895164625703547
153,id17,67.0,190.5,vial1,2,29.895164625703547
154,id17,65.5,189.0,vial1,2,29.895164625703547
155,id17,63.5,187.5,vial1,2,29.895164625703547
156,id17,61.5,186.0,vial1,2,29.895164625703547
157,id17,59.0,185.0,vial1,2,29.895164625703547
158,id17,57.0,185.0,vial1,2,29.895164625703547
159,id17,54.5,185.0,vial1,2,29.895164625703547
160,id17,53.0,186.5,vial1,2,29.895164625703547
161,id17,49.0,188.0,vial1,2,29.895164625703547
162,id17,46.0,188.0,vial1,2,29.895164625703547
163,id17,44.5,188.0,vial1,2,29.895164625703547
164,id17,42.5,188.5,vial1,2,29.895164625703547
165,id17,39.5,189.0,vial1,2,29.895164625703547
166,id17,36.5,189.5,vial1,2,29.895164625703547
167,id17,34.0,190.0,vial1,2,29.895164625703547
168,id17,31.5,190.5,vial1,2,29.895164625703547
169,id17,29.5,190.0,vial1,2,29.895164625703547
170,id17,27.5,190.0,vial1,2,29.895164625703547
171,id17,26.5,190.0,vial1,2,29.895164625703547
172,id17,25.5,190.0,vial1,2,29.895164625703547
173,id17,25.5,190.5,vial1,2,29.895164625703547
174,id17,26.0,190.0,vial1,2,29.895164625703547
175,id17,26.0,190.0,vial1,2,29.895164625703547
176,id17,26.0,190.0,vial1,2,29.895164625703547
177,id17,26.0,190.0,vial1,2,29.895164625703547
178,id17,26.0,190.0,vial1,2,29.895164625703547
179,id17,43.5,185.0,vial1,2,29.895164625703547
180,id17,54.0,172.0,vial1,2,29.895164625703547
181,id17,53.0,159.0,vial1,2,29.895164625703547
182,id17,63.0,144.0,vial1,2,29.895164625703547
183,id17,66.5,143.0,vial1,2,29.895164625703547
184,id17,65.0,162.5,vial1,2,29.895164625703547
185,id17,72.0,198.0,vial1,2,29.895164625703547
186,id17,59.0,227.0,vial1,2,29.895164625703547
187,id17,32.5,253.5,vial1,2,29.895164625703547
188,id17,29.5,251.0,vial1,2,29.895164625703547
189,id17,32.5,244.0,vial1,2,29.895164625703547
190,id17,30.0,249.5,vial1,2,29.895164625703547
191,id17,30.5,249.0,vial1,2,29.895164625703547
192,id17,31.0,248.0,vial1,2,29.895164625703547
193,id17,31.0,248.0,vial1,2,29.895164625703547
194,id17,31.5,248.0,vial1,2,29.895164625703547
195,id17,31.5,248.0,vial1,2,29.895164625703547
196,id17,31.0,248.0,vial1,2,29.895164625703547
197,id17,31.5,248.0,vial1,2,29.895164625703547
198,id17,31.5,248.0,vial1,2,29.895164625703547
199,id17,32.0,248.0,vial1,2,29.895164625703547
200,id17,32.0,248.0,vial1,2,29.895164625703547
201,id17,31.0,247.0,vial1,2,29.895164625703547
202,id17,31.0,246.5,vial1,2,29.895164625703547
203,id17,30.5,246.0,vial1,2,29.895164625703547
204,id17,29.5,245.0,vial1,2,29.895164625703547
205,id17,28.5,245.0,vial1,2,29.895164625703547
206,id17,27.5,245.0,vial1,2,29.895164625703547
207,id17,26.0,245.0,vial1,2,29.895164625703547
208,id17,24.5,245.5,vial1,2,29.895164625703547
209,id17,22.5,246.0,vial1,2,29.895164625703547
210,id17,20.5,246.5,vial1,2,29.895164625703547
211,id17,19.5,247.0,vial1,2,29.895164625703547
212,id17,17.0,247.5,vial1,2,29.895164625703547
213,id17,16.0,247.5,vial1,2,29.895164625703547
214,id17,14.0,248.0,vial1,2,29.895164625703547
215,id17,13.0,248.5,vial1,2,29.895164625703547
216,id17,12.0,249.5,vial1,2,29.895164625703547
217,id17,11.5,249.5,vial1,2,29.895164625703547
218,id17,11.5,249.5,vial1,2,29.895164625703547
219,id17,11.0,250.5,vial1,2,29.895164625703547
220,id17,10.0,251.5,vial1,2,29.895164625703547
239,id17,10.0,267.0,vial1,2,29.895164625703547
240,id17,11.5,267.0,vial1,2,29.895164625703547
241,id17,11.5,267.0,vial1,2,29.895164625703547
242,id17,12.0,266.5,vial1,2,29.895164625703547
243,id17,12.0,266.5,vial1,2,29.895164625703547
244,id17,12.0,266.5,vial1,2,29.895164625703547
245,id17,12.0,266.5,vial1,2,29.895164625703547
246,id17,12.0,266.5,vial1,2,29.895164625703547
247,id17,12.0,266.5,vial1,2,29.895164625703547
248,id17,12.0,266.5,vial1,2,29.895164625703547
249,id17,13.5,266.0,vial1,2,29.895164625703547
250,id17,29.0,263.0,vial1,2,29.895164625703547
251,id17,25.5,253.0,vial1,2,29.895164625703547
252,id17,19.5,256.0,vial1,2,29.895164625703547
253,id17,17.5,258.0,vial1,2,29.895164625703547
254,id17,18.0,256.5,vial1,2,29.895164625703547
255,id17,18.5,256.0,vial1,2,29.895164625703547
256,id17,19.0,255.5,vial1,2,29.895164625703547
257,id17,19.0,255.0,vial1,2,29.895164625703547
258,id17,20.0,254.5,vial1,2,29.895164625703547
259,id17,20.5,254.0,vial1,2,29.895164625703547
260,id17,21.0,254.0,vial1,2,29.895164625703547
261,id17,22.0,253.0,vial1,2,29.895164625703547
262,id17,24.0,253.0,vial1,2,29.895164625703547
263,id17,26.0,253.0,vial1,2,29.895164625703547
264,id17,27.0,252.5,vial1,2,29.895164625703547
265,id17,29.0,252.5,vial1,2,29.895164625703547
266,id17,30.0,252.5,vial1,2,29.895164625703547
267,id17,31.5,253.0,vial1,2,29.895164625703547
268,id17,33.0,253.5,vial1,2,29.895164625703547
269,id17,35.0,256.0,vial1,2,29.895164625703547
270,id17,37.0,258.0,vial1,2,29.895164625703547
271,id17,40.0,259.5,vial1,2,29.895164625703547
272,id17,42.0,261.5,vial1,2,29.895164625703547
273,id17,43.5,263.0,vial1,2,29.895164625703547
274,id17,45.5,265.0,vial1,2,29.895164625703547
275,id17,46.5,267.5,vial1,2,29.895164625703547
276,id17,46.0,268.5,vial1,2,29.895164625703547
277,id17,45.5,269.0,vial1,2,29.895164625703547
278,id17,45.5,271.0,vial1,2,29.895164625703547
279,id17,45.5,273.0,vial1,2,29.895164625703547
280,id17,48.0,274.5,vial1,2,29.895164625703547
281,id17,48.0,275.5,vial1,2,29.895164625703547
282,id17,48.5,276.5,vial1,2,29.895164625703547
283,id17,49.0,277.5,vial1,2,29.895164625703547
284,id17,45.5,279.0,vial1,2,29.895164625703547
285,id17,45.0,280.0,vial1,2,29.895164625703547
286,id17,45.5,281.5,vial1,2,29.895164625703547
287,id17,45.5,282.5,vial1,2,29.895164625703547
288,id17,45.5,282.5,vial1,2,29.895164625703547
289,id17,46.0,283.5,vial1,2,29.895164625703547
290,id17,46.0,284.5,vial1,2,29.895164625703547
291,id17,46.0,286.0,vial1,2,29.895164625703547
292,id17,44.5,287.5,vial1,2,29.895164625703547
293,id17,44.5,290.5,vial1,2,29.895164625703547
294,id17,44.0,293.0,vial1,2,29.895164625703547
295,id17,42.5,295.5,vial1,2,29.895164625703547
296,id17,42.0,298.5,vial1,2,29.895164625703547
297,id17,40.5,300.5,vial1,2,29.895164625703547
298,id17,39.5,303.0,vial1,2,29.895164625703547
299,id17,38.5,305.5,vial1,2,29.895164625703547
300,id17,37.5,307.5,vial1,2,29.895164625703547
301,id17,36.5,309.5,vial1,2,29.895164625703547
302,id17,35.5,311.5,vial1,2,29.895164625703547
303,id17,35.5,314.5,vial1,2,29.895164625703547
304,id17,34.5,316.5,vial1,2,29.895164625703547
305,id17,33.5,318.5,vial1,2,29.895164625703547
306,id17,32.5,321.5,vial1,2,29.895164625703547
307,id17,31.5,324.0,vial1,2,29.895164625703547
308,id17,30.5,325.5,vial1,2,29.895164625703547
309,id17,30.5,327.5,vial1,2,29.895164625703547
310,id17,29.5,328.5,vial1,2,29.895164625703547
311,id17,30.0,328.0,vial1,2,29.895164625703547
312,id17,30.0,328.5,vial1,2,29.895164625703547
313,id17,30.5,328.5,vial1,2,29.895164625703547
314,id17,30.5,328.5,vial1,2,29.895164625703547
315,id17,30.5,328.5,vial1,2,29.895164625703547
316,id17,30.5,328.5,vial1,2,29.895164625703547
317,id17,30.5,328.5,vial1,2,29.895164625703547
318,id17,30.5,328.5,vial1,2,29.895164625703547
319,id17,30.0,329.5,vial1,2,29.895164625703547
320,id17,29.5,329.5,vial1,2,29.895164625703547
321,id17,29.5,329.5,vial1,2,29.895164625703547
322,id17,29.5,329.5,vial1,2,29.895164625703547
323,id17,29.5,329.5,vial1,2,29.895164625703547
324,id17,29.5,330.0,vial1,2,29.895164625703547
325,id17,29.5,330.0,vial1,2,29.895164625703547
326,id17,29.5,330.0,vial1,2,29.895164625703547
327,id17,29.5,330.0,vial1,2,29.895164625703547
328,id17,29.5,330.0,vial1,2,29.895164625703547
329,id17,29.5,330.0,vial1,2,29.895164625703547
330,id17,29.5,330.0,vial1,2,29.895164625703547
331,id17,29.5,330.0,vial1,2,29.895164625703547
332,id17,29.5,330.0,vial1,2,29.895164625703547
333,id17,30.0,330.0,vial1,2,29.895164625703547
334,id17,30.0,330.0,vial1,2,29.895164625703547
335,id17,29.5,330.0,vial1,2,29.895164625703547
336,id17,29.5,330.0,vial1,2,29.895164625703547
337,id17,29.5,330.0,vial1,2,29.895164625703547
338,id17,29.5,329.5,vial1,2,29.895164625703547
339,id17,30.5,329.5,vial1,2,29.895164625703547
340,id17,30.5,329.5,vial1,2,29.895164625703547
341,id17,30.5,329.5,vial1,2,29.895164625703547
342,id17,31.0,329.5,vial1,2,29.895164625703547
343,id17,30.5,330.0,vial1,2,29.895164625703547
344,id17,31.0,330.5,vial1,2,29.895164625703547
345,id17,32.0,330.5,vial1,2,29.895164625703547
346,id17,34.0,331.5,vial1,2,29.895164625703547
347,id17,35.5,332.0,vial1,2,29.895164625703547
348,id17,38.0,333.0,vial1,2,29.895164625703547
349,id17,39.5,334.0,vial1,2,29.895164625703547
350,id17,41.5,334.5,vial1,2,29.895164625703547
351,id17,42.5,335.0,vial1,2,29.895164625703547
352,id17,41.5,334.5,vial1,2,29.895164625703547
353,id17,42.0,334.5,vial1,2,29.895164625703547
354,id17,42.5,334.5,vial1,2,29.895164625703547
355,id17,43.5,334.5,vial1,2,29.895164625703547
356,id17,44.0,335.0,vial1,2,29.895164625703547
357,id17,44.0,335.5,vial1,2,29.895164625703547
358,id17,44.5,335.5,vial1,2,29.895164625703547
359,id17,44.5,335.5,vial1,2,29.895164625703547
360,id17,44.5,336.0,vial1,2,29.895164625703547
361,id17,44.5,336.5,vial1,2,29.895164625703547
362,id17,45.0,336.5,vial1,2,29.895164625703547
363,id17,45.5,336.5,vial1,2,29.895164625703547
364,id17,45.5,337.0,vial1,2,29.895164625703547
365,id17,46.5,338.0,vial1,2,29.895164625703547
366,id17,46.5,338.0,vial1,2,29.895164625703547
367,id17,46.0,338.0,vial1,2,29.895164625703547
368,id17,46.0,338.0,vial1,2,29.895164625703547
369,id17,45.5,338.5,vial1,2,29.895164625703547
370,id17,45.0,339.0,vial1,2,29.895164625703547
371,id17,45.0,340.5,vial1,2,29.895164625703547
372,id17,44.0,341.5,vial1,2,29.895164625703547
373,id17,43.5,342.5,vial1,2,29.895164625703547
374,id17,43.5,344.5,vial1,2,29.895164625703547
375,id17,43.5,346.0,vial1,2,29.895164625703547
376,id17,43.5,346.5,vial1,2,29.895164625703547
377,id17,43.5,346.5,vial1,2,29.895164625703547
378,id17,43.5,347.0,vial1,2,29.895164625703547
379,id17,43.5,347.0,vial1,2,29.895164625703547
380,id17,43.5,346.5,vial1,2,29.895164625703547
381,id17,43.5,346.5,vial1,2,29.895164625703547
0,id18,146.0,350.0,vial2,15,29.895164625703547
1,id18,146.0,350.0,vial2,15,29.895164625703547
2,id18,148.0,350.0,vial2,15,29.895164625703547
3,id18,148.0,349.5,vial2,15,29.895164625703547
4,id18,155.0,350.5,vial2,15,29.895164625703547
5,id18,180.5,352.5,vial2,15,29.895164625703547
6,id18,180.0,352.5,vial2,15,29.895164625703547
7,id18,179.0,352.5,vial2,15,29.895164625703547
8,id18,177.5,351.5,vial2,15,29.895164625703547
9,id18,177.0,351.5,vial2,15,29.895164625703547
10,id18,176.5,352.5,vial2,15,29.895164625703547
11,id18,177.5,352.0,vial2,15,29.895164625703547
12,id18,177.5,352.0,vial2,15,29.895164625703547
13,id18,177.5,352.0,vial2,15,29.895164625703547
14,id18,177.5,352.0,vial2,15,29.895164625703547
15,id18,176.5,352.5,vial2,15,29.895164625703547
16,id18,175.0,352.0,vial2,15,29.895164625703547
17,id18,175.0,352.5,vial2,15,29.895164625703547
18,id18,174.0,352.0,vial2,15,29.895164625703547
19,id18,173.0,352.5,vial2,15,29.895164625703547
20,id18,172.0,352.5,vial2,15,29.895164625703547
21,id18,172.0,352.5,vial2,15,29.895164625703547
22,id18,171.0,352.5,vial2,15,29.895164625703547
23,id18,170.5,352.0,vial2,15,29.895164625703547
24,id18,170.0,351.5,vial2,15,29.895164625703547
25,id18,170.0,353.0,vial2,15,29.895164625703547
26,id18,170.0,353.0,vial2,15,29.895164625703547
27,id18,169.0,351.5,vial2,15,29.895164625703547
28,id18,167.5,351.5,vial2,15,29.895164625703547
29,id18,167.0,351.0,vial2,15,29.895164625703547
30,id18,165.0,350.5,vial2,15,29.895164625703547
31,id18,166.5,350.5,vial2,15,29.895164625703547
32,id18,135.5,349.5,vial2,15,29.895164625703547
33,id18,135.5,350.0,vial2,15,29.895164625703547
34,id18,135.0,350.5,vial2,15,29.895164625703547
35,id18,135.0,350.5,vial2,15,29.895164625703547
36,id18,134.5,350.5,vial2,15,29.895164625703547
37,id18,135.5,341.5,vial2,15,29.895164625703547
38,id18,164.0,350.5,vial2,15,29.895164625703547
39,id18,163.5,350.5,vial2,15,29.895164625703547
40,id18,164.0,350.5,vial2,15,29.895164625703547
41,id18,163.0,351.0,vial2,15,29.895164625703547
42,id18,163.0,350.5,vial2,15,29.895164625703547
43,id18,162.5,351.5,vial2,15,29.895164625703547
44,id18,162.0,351.0,vial2,15,29.895164625703547
45,id18,162.5,351.5,vial2,15,29.895164625703547
46,id18,162.5,351.5,vial2,15,29.895164625703547
47,id18,162.0,351.5,vial2,15,29.895164625703547
48,id18,187.5,351.0,vial2,15,29.895164625703547
49,id18,190.0,350.5,vial2,15,29.895164625703547
50,id18,190.0,351.5,vial2,15,29.895164625703547
51,id18,190.0,351.5,vial2,15,29.895164625703547
52,id18,190.0,351.5,vial2,15,29.895164625703547
53,id18,190.0,351.5,vial2,15,29.895164625703547
54,id18,190.0,351.5,vial2,15,29.895164625703547
55,id18,190.0,351.5,vial2,15,29.895164625703547
56,id18,190.0,352.0,vial2,15,29.895164625703547
57,id18,190.0,352.0,vial2,15,29.895164625703547
58,id18,189.5,351.5,vial2,15,29.895164625703547
59,id18,189.5,351.5,vial2,15,29.895164625703547
60,id18,188.0,351.5,vial2,15,29.895164625703547
61,id18,187.0,351.5,vial2,15,29.895164625703547
62,id18,186.0,351.5,vial2,15,29.895164625703547
63,id18,186.0,351.0,vial2,15,29.895164625703547
64,id18,186.0,351.5,vial2,15,29.895164625703547
65,id18,185.5,351.0,vial2,15,29.895164625703547
66,id18,185.5,351.0,vial2,15,29.895164625703547
67,id18,184.5,350.5,vial2,15,29.895164625703547
68,id18,183.5,350.5,vial2,15,29.895164625703547
69,id18,182.5,351.0,vial2,15,29.895164625703547
70,id18,181.0,351.5,vial2,15,29.895164625703547
71,id18,180.0,351.5,vial2,15,29.895164625703547
72,id18,179.5,351.5,vial2,15,29.895164625703547
73,id18,179.0,351.5,vial2,15,29.895164625703547
74,id18,179.0,351.5,vial2,15,29.895164625703547
75,id18,179.0,351.0,vial2,15,29.895164625703547
76,id18,179.0,351.5,vial2,15,29.895164625703547
77,id18,179.0,351.5,vial2,15,29.895164625703547
78,id18,179.0,351.5,vial2,15,29.895164625703547
79,id18,179.0,351.5,vial2,15,29.895164625703547
80,id18,178.5,351.5,vial2,15,29.895164625703547
81,id18,179.0,351.5,vial2,15,29.895164625703547
82,id18,179.0,351.5,vial2,15,29.895164625703547
83,id18,179.0,351.5,vial2,15,29.895164625703547
84,id18,179.0,351.5,vial2,15,29.895164625703547
85,id18,179.0,351.5,vial2,15,29.895164625703547
86,id18,179.0,351.5,vial2,15,29.895164625703547
87,id18,179.0,351.5,vial2,15,29.895164625703547
88,id18,179.0,352.0,vial2,15,29.895164625703547
89,id18,178.0,352.5,vial2,15,29.895164625703547
90,id18,178.5,352.5,vial2,15,29.895164625703547
91,id18,178.5,352.5,vial2,15,29.895164625703547
92,id18,178.5,352.5,vial2,15,29.895164625703547
93,id18,178.5,352.5,vial2,15,29.895164625703547
94,id18,179.0,352.5,vial2,15,29.895164625703547
95,id18,179.0,352.5,vial2,15,29.895164625703547
96,id18,179.0,352.5,vial2,15,29.895164625703547
97,id18,179.0,352.5,vial2,15,29.895164625703547
98,id18,179.0,352.5,vial2,15,29.895164625703547
99,id18,179.0,352.5,vial2,15,29.895164625703547
100,id18,179.0,352.5,vial2,15,29.895164625703547
101,id18,179.0,352.5,vial2,15,29.895164625703547
102,id18,179.0,352.5,vial2,15,29.895164625703547
103,id18,178.5,352.5,vial2,15,29.895164625703547
104,id18,178.5,352.5,vial2,15,29.895164625703547
105,id18,177.0,351.5,vial2,15,29.895164625703547
106,id18,176.0,351.5,vial2,15,29.895164625703547
107,id18,174.5,350.5,vial2,15,29.895164625703547
108,id18,173.0,350.5,vial2,15,29.895164625703547
109,id18,172.0,350.5,vial2,15,29.895164625703547
110,id18,172.5,350.5,vial2,15,29.895164625703547
111,id18,172.5,350.5,vial2,15,29.895164625703547
112,id18,172.5,350.5,vial2,15,29.895164625703547
113,id18,172.5,351.0,vial2,15,29.895164625703547
114,id18,172.5,351.0,vial2,15,29.895164625703547
115,id18,172.5,351.0,vial2,15,29.895164625703547
116,id18,172.5,351.5,vial2,15,29.895164625703547
117,id18,172.0,351.5,vial2,15,29.895164625703547
118,id18,171.5,351.0,vial2,15,29.895164625703547
119,id18,171.0,350.0,vial2,15,29.895164625703547
120,id18,166.5,348.0,vial2,15,29.895164625703547
121,id18,167.0,347.5,vial2,15,29.895164625703547
122,id18,166.5,348.0,vial2,15,29.895164625703547
123,id18,166.5,347.5,vial2,15,29.895164625703547
124,id18,166.5,348.0,vial2,15,29.895164625703547
125,id18,166.5,348.0,vial2,15,29.895164625703547
126,id18,166.5,347.5,vial2,15,29.895164625703547
127,id18,166.5,347.5,vial2,15,29.895164625703547
128,id18,170.0,342.0,vial2,15,29.895164625703547
129,id18,178.0,338.0,vial2,15,29.895164625703547
130,id18,183.0,351.0,vial2,15,29.895164625703547
131,id18,182.5,351.5,vial2,15,29.895164625703547
132,id18,183.5,352.5,vial2,15,29.895164625703547
133,id18,183.5,352.0,vial2,15,29.895164625703547
134,id18,184.0,352.5,vial2,15,29.895164625703547
135,id18,184.0,352.5,vial2,15,29.895164625703547
136,id18,183.5,352.5,vial2,15,29.895164625703547
137,id18,183.5,352.5,vial2,15,29.895164625703547
138,id18,183.5,352.5,vial2,15,29.895164625703547
139,id18,184.0,352.0,vial2,15,29.895164625703547
140,id18,183.5,352.0,vial2,15,29.895164625703547
141,id18,184.0,352.0,vial2,15,29.895164625703547
142,id18,185.0,352.0,vial2,15,29.895164625703547
143,id18,186.0,352.0,vial2,15,29.895164625703547
144,id18,187.5,352.0,vial2,15,29.895164625703547
145,id18,189.5,352.0,vial2,15,29.895164625703547
146,id18,190.0,352.0,vial2,15,29.895164625703547
147,id18,189.5,351.5,vial2,15,29.895164625703547
148,id18,189.5,351.5,vial2,15,29.895164625703547
149,id18,189.5,351.5,vial2,15,29.895164625703547
150,id18,189.5,351.5,vial2,15,29.895164625703547
151,id18,189.5,351.5,vial2,15,29.895164625703547
152,id18,188.5,351.5,vial2,15,29.895164625703547
153,id18,187.5,350.5,vial2,15,29.895164625703547
154,id18,186.5,350.5,vial2,15,29.895164625703547
155,id18,187.5,351.5,vial2,15,29.895164625703547
156,id18,187.5,351.5,vial2,15,29.895164625703547
157,id18,187.0,351.5,vial2,15,29.895164625703547
158,id18,187.0,351.5,vial2,15,29.895164625703547
159,id18,186.5,351.0,vial2,15,29.895164625703547
160,id18,186.5,351.0,vial2,15,29.895164625703547
161,id18,186.5,351.0,vial2,15,29.895164625703547
162,id18,186.5,351.0,vial2,15,29.895164625703547
163,id18,185.0,350.5,vial2,15,29.895164625703547
164,id18,183.5,351.5,vial2,15,29.895164625703547
165,id18,184.5,351.0,vial2,15,29.895164625703547
166,id18,184.5,351.0,vial2,15,29.895164625703547
167,id18,184.5,351.0,vial2,15,29.895164625703547
168,id18,185.5,351.5,vial2,15,29.895164625703547
169,id18,185.5,351.5,vial2,15,29.895164625703547
170,id18,185.5,351.5,vial2,15,29.895164625703547
171,id18,186.0,351.5,vial2,15,29.895164625703547
172,id18,186.0,351.5,vial2,15,29.895164625703547
173,id18,186.0,351.5,vial2,15,29.895164625703547
174,id18,186.0,351.5,vial2,15,29.895164625703547
175,id18,186.0,351.5,vial2,15,29.895164625703547
176,id18,185.5,351.5,vial2,15,29.895164625703547
177,id18,185.0,351.5,vial2,15,29.895164625703547
178,id18,185.0,351.5,vial2,15,29.895164625703547
179,id18,185.0,351.5,vial2,15,29.895164625703547
180,id18,185.0,351.5,vial2,15,29.895164625703547
181,id18,185.0,351.5,vial2,15,29.895164625703547
182,id18,185.0,351.5,vial2,15,29.895164625703547
183,id18,185.0,351.5,vial2,15,29.895164625703547
184,id18,185.0,351.5,vial2,15,29.895164625703547
185,id18,185.5,351.5,vial2,15,29.895164625703547
186,id18,185.5,351.0,vial2,15,29.895164625703547
187,id18,185.5,351.0,vial2,15,29.895164625703547
188,id18,185.5,351.0,vial2,15,29.895164625703547
189,id18,186.0,351.0,vial2,15,29.895164625703547
190,id18,191.5,338.0,vial2,15,29.895164625703547
191,id18,186.5,351.5,vial2,15,29.895164625703547
192,id18,186.0,350.5,vial2,15,29.895164625703547
193,id18,186.0,350.5,vial2,15,29.895164625703547
194,id18,186.0,350.5,vial2,15,29.895164625703547
195,id18,186.0,350.5,vial2,15,29.895164625703547
196,id18,186.0,350.5,vial2,15,29.895164625703547
197,id18,186.0,350.5,vial2,15,29.895164625703547
198,id18,186.0,350.5,vial2,15,29.895164625703547
199,id18,186.5,350.5,vial2,15,29.895164625703547
200,id18,186.5,350.5,vial2,15,29.895164625703547
201,id18,186.5,350.5,vial2,15,29.895164625703547
202,id18,186.5,350.5,vial2,15,29.895164625703547
203,id18,186.5,351.0,vial2,15,29.895164625703547
204,id18,186.5,350.5,vial2,15,29.895164625703547
205,id18,186.5,350.5,vial2,15,29.895164625703547
206,id18,186.5,350.5,vial2,15,29.895164625703547
207,id18,185.5,350.5,vial2,15,29.895164625703547
208,id18,185.5,350.5,vial2,15,29.895164625703547
209,id18,185.5,350.5,vial2,15,29.895164625703547
210,id18,185.5,350.5,vial2,15,29.895164625703547
211,id18,185.0,350.5,vial2,15,29.895164625703547
212,id18,185.0,351.0,vial2,15,29.895164625703547
213,id18,184.5,350.5,vial2,15,29.895164625703547
214,id18,184.5,350.5,vial2,15,29.895164625703547
215,id18,183.5,351.0,vial2,15,29.895164625703547
216,id18,183.0,351.0,vial2,15,29.895164625703547
217,id18,183.0,351.0,vial2,15,29.895164625703547
218,id18,183.0,351.0,vial2,15,29.895164625703547
219,id18,182.0,351.0,vial2,15,29.895164625703547
220,id18,181.0,351.0,vial2,15,29.895164625703547
221,id18,181.0,350.5,vial2,15,29.895164625703547
222,id18,180.0,350.5,vial2,15,29.895164625703547
223,id18,179.5,350.5,vial2,15,29.895164625703547
224,id18,178.5,350.5,vial2,15,29.895164625703547
225,id18,177.5,350.0,vial2,15,29.895164625703547
226,id18,177.0,350.0,vial2,15,29.895164625703547
227,id18,175.5,350.0,vial2,15,29.895164625703547
228,id18,174.5,349.0,vial2,15,29.895164625703547
229,id18,173.5,349.5,vial2,15,29.895164625703547
230,id18,173.5,349.0,vial2,15,29.895164625703547
231,id18,173.5,349.0,vial2,15,29.895164625703547
232,id18,173.0,349.0,vial2,15,29.895164625703547
233,id18,172.5,349.0,vial2,15,29.895164625703547
234,id18,172.5,348.5,vial2,15,29.895164625703547
235,id18,172.5,348.5,vial2,15,29.895164625703547
236,id18,172.5,348.5,vial2,15,29.895164625703547
237,id18,172.5,348.5,vial2,15,29.895164625703547
238,id18,172.5,348.5,vial2,15,29.895164625703547
239,id18,170.5,348.0,vial2,15,29.895164625703547
240,id18,170.5,348.5,vial2,15,29.895164625703547
241,id18,170.5,349.0,vial2,15,29.895164625703547
242,id18,170.5,349.0,vial2,15,29.895164625703547
243,id18,170.0,349.0,vial2,15,29.895164625703547
244,id18,170.0,349.0,vial2,15,29.895164625703547
245,id18,170.0,349.0,vial2,15,29.895164625703547
246,id18,170.0,349.0,vial2,15,29.895164625703547
247,id18,170.0,349.5,vial2,15,29.895164625703547
248,id18,170.0,349.5,vial2,15,29.895164625703547
249,id18,169.5,349.5,vial2,15,29.895164625703547
250,id18,169.5,349.5,vial2,15,29.895164625703547
251,id18,169.5,349.5,vial2,15,29.895164625703547
252,id18,169.5,349.0,vial2,15,29.895164625703547
253,id18,169.5,348.5,vial2,15,29.895164625703547
254,id18,169.5,349.0,vial2,15,29.895164625703547
255,id18,169.5,349.0,vial2,15,29.895164625703547
256,id18,170.0,349.0,vial2,15,29.895164625703547
257,id18,172.5,349.0,vial2,15,29.895164625703547
259,id18,169.5,348.0,vial2,15,29.895164625703547
260,id18,169.5,348.5,vial2,15,29.895164625703547
261,id18,169.5,348.5,vial2,15,29.895164625703547
262,id18,169.0,348.5,vial2,15,29.895164625703547
263,id18,169.0,348.5,vial2,15,29.895164625703547
264,id18,169.0,348.5,vial2,15,29.895164625703547
265,id18,169.0,349.0,vial2,15,29.895164625703547
266,id18,169.0,349.0,vial2,15,29.895164625703547
267,id18,169.0,348.5,vial2,15,29.895164625703547
268,id18,169.0,348.5,vial2,15,29.895164625703547
269,id18,169.5,348.5,vial2,15,29.895164625703547
270,id18,169.0,348.5,vial2,15,29.895164625703547
271,id18,169.0,348.5,vial2,15,29.895164625703547
272,id18,169.0,348.5,vial2,15,29.895164625703547
273,id18,169.0,349.5,vial2,15,29.895164625703547
274,id18,169.0,349.0,vial2,15,29.895164625703547
275,id18,169.5,348.0,vial2,15,29.895164625703547
276,id18,169.5,348.0,vial2,15,29.895164625703547
277,id18,169.0,348.0,vial2,15,29.895164625703547
278,id18,168.5,348.0,vial2,15,29.895164625703547
279,id18,168.0,348.0,vial2,15,29.895164625703547
280,id18,168.0,348.0,vial2,15,29.895164625703547
281,id18,168.5,347.5,vial2,15,29.895164625703547
282,id18,168.5,347.5,vial2,15,29.895164625703547
283,id18,168.5,348.0,vial2,15,29.895164625703547
284,id18,167.5,348.0,vial2,15,29.895164625703547
285,id18,167.5,348.0,vial2,15,29.895164625703547
286,id18,168.5,348.5,vial2,15,29.895164625703547
287,id18,168.5,348.0,vial2,15,29.895164625703547
288,id18,168.5,348.0,vial2,15,29.895164625703547
289,id18,167.5,348.0,vial2,15,29.895164625703547
290,id18,167.5,348.0,vial2,15,29.895164625703547
291,id18,167.5,348.0,vial2,15,29.895164625703547
292,id18,167.5,347.5,vial2,15,29.895164625703547
293,id18,167.5,348.0,vial2,15,29.895164625703547
294,id18,168.0,348.0,vial2,15,29.895164625703547
295,id18,167.5,348.0,vial2,15,29.895164625703547
296,id18,167.5,348.0,vial2,15,29.895164625703547
297,id18,167.5,348.0,vial2,15,29.895164625703547
298,id18,167.5,348.0,vial2,15,29.895164625703547
299,id18,168.0,348.0,vial2,15,29.895164625703547
300,id18,170.0,347.5,vial2,15,29.895164625703547
301,id18,176.5,350.5,vial2,15,29.895164625703547
302,id18,182.0,351.0,vial2,15,29.895164625703547
303,id18,182.5,351.5,vial2,15,29.895164625703547
304,id18,182.5,351.5,vial2,15,29.895164625703547
305,id18,182.5,351.5,vial2,15,29.895164625703547
306,id18,183.5,351.5,vial2,15,29.895164625703547
307,id18,185.0,351.0,vial2,15,29.895164625703547
308,id18,186.0,350.5,vial2,15,29.895164625703547
309,id18,187.0,350.5,vial2,15,29.895164625703547
310,id18,187.5,350.5,vial2,15,29.895164625703547
311,id18,188.0,350.5,vial2,15,29.895164625703547
312,id18,188.5,350.5,vial2,15,29.895164625703547
313,id18,188.5,350.5,vial2,15,29.895164625703547
314,id18,189.0,350.5,vial2,15,29.895164625703547
315,id18,189.0,350.5,vial2,15,29.895164625703547
316,id18,189.0,350.5,vial2,15,29.895164625703547
317,id18,188.5,350.5,vial2,15,29.895164625703547
318,id18,187.5,350.0,vial2,15,29.895164625703547
319,id18,186.0,350.0,vial2,15,29.895164625703547
320,id18,185.0,350.0,vial2,15,29.895164625703547
321,id18,183.0,350.0,vial2,15,29.895164625703547
322,id18,182.0,350.0,vial2,15,29.895164625703547
323,id18,180.5,350.0,vial2,15,29.895164625703547
324,id18,179.5,349.5,vial2,15,29.895164625703547
325,id18,178.5,349.5,vial2,15,29.895164625703547
326,id18,177.5,349.5,vial2,15,29.895164625703547
327,id18,175.5,349.5,vial2,15,29.895164625703547
328,id18,175.0,349.5,vial2,15,29.895164625703547
329,id18,174.0,349.0,vial2,15,29.895164625703547
330,id18,173.5,349.0,vial2,15,29.895164625703547
331,id18,174.5,349.0,vial2,15,29.895164625703547
332,id18,173.0,349.0,vial2,15,29.895164625703547
333,id18,173.0,349.0,vial2,15,29.895164625703547
334,id18,172.5,348.5,vial2,15,29.895164625703547
335,id18,172.5,348.5,vial2,15,29.895164625703547
336,id18,172.5,348.5,vial2,15,29.895164625703547
337,id18,170.0,348.5,vial2,15,29.895164625703547
338,id18,168.5,348.5,vial2,15,29.895164625703547
339,id18,168.0,348.5,vial2,15,29.895164625703547
340,id18,168.0,348.5,vial2,15,29.895164625703547
341,id18,168.0,349.0,vial2,15,29.895164625703547
342,id18,168.5,348.5,vial2,15,29.895164625703547
343,id18,170.0,349.5,vial2,15,29.895164625703547
344,id18,165.0,345.0,vial2,15,29.895164625703547
346,id18,145.5,347.0,vial2,15,29.895164625703547
347,id18,144.5,347.5,vial2,15,29.895164625703547
348,id18,145.0,348.5,vial2,15,29.895164625703547
349,id18,144.0,349.0,vial2,15,29.895164625703547
350,id18,143.5,348.5,vial2,15,29.895164625703547
351,id18,144.5,349.5,vial2,15,29.895164625703547
352,id18,145.5,349.0,vial2,15,29.895164625703547
381,id18,168.0,354.5,vial2,15,29.895164625703547
0,id19,647.5,349.0,vial6,39,29.895164625703547
1,id19,647.0,349.0,vial6,39,29.895164625703547
2,id19,647.0,349.0,vial6,39,29.895164625703547
3,id19,647.5,349.0,vial6,39,29.895164625703547
4,id19,647.0,349.0,vial6,39,29.895164625703547
5,id19,647.5,349.0,vial6,39,29.895164625703547
6,id19,647.0,348.5,vial6,39,29.895164625703547
7,id19,645.0,348.5,vial6,39,29.895164625703547
8,id19,645.0,349.0,vial6,39,29.895164625703547
9,id19,644.0,348.5,vial6,39,29.895164625703547
10,id19,643.0,348.5,vial6,39,29.895164625703547
11,id19,643.5,348.5,vial6,39,29.895164625703547
12,id19,643.0,348.5,vial6,39,29.895164625703547
13,id19,643.0,348.5,vial6,39,29.895164625703547
14,id19,643.0,348.5,vial6,39,29.895164625703547
15,id19,643.5,348.5,vial6,39,29.895164625703547
16,id19,643.0,348.0,vial6,39,29.895164625703547
17,id19,643.0,348.0,vial6,39,29.895164625703547
18,id19,643.0,347.5,vial6,39,29.895164625703547
19,id19,641.5,347.5,vial6,39,29.895164625703547
20,id19,642.5,346.5,vial6,39,29.895164625703547
21,id19,642.5,345.0,vial6,39,29.895164625703547
22,id19,642.5,344.5,vial6,39,29.895164625703547
23,id19,642.5,343.5,vial6,39,29.895164625703547
24,id19,643.5,342.0,vial6,39,29.895164625703547
25,id19,643.5,340.5,vial6,39,29.895164625703547
26,id19,643.5,339.5,vial6,39,29.895164625703547
27,id19,643.5,338.5,vial6,39,29.895164625703547
28,id19,643.0,335.5,vial6,39,29.895164625703547
29,id19,648.0,336.0,vial6,39,29.895164625703547
30,id19,646.5,337.0,vial6,39,29.895164625703547
31,id19,644.5,337.0,vial6,39,29.895164625703547
32,id19,644.5,337.0,vial6,39,29.895164625703547
33,id19,644.5,337.0,vial6,39,29.895164625703547
34,id19,644.5,337.0,vial6,39,29.895164625703547
35,id19,644.5,336.5,vial6,39,29.895164625703547
36,id19,645.0,336.5,vial6,39,29.895164625703547
37,id19,645.0,336.5,vial6,39,29.895164625703547
38,id19,644.5,336.5,vial6,39,29.895164625703547
39,id19,644.5,336.5,vial6,39,29.895164625703547
40,id19,644.5,336.0,vial6,39,29.895164625703547
41,id19,644.5,336.0,vial6,39,29.895164625703547
42,id19,644.5,336.0,vial6,39,29.895164625703547
43,id19,644.5,335.5,vial6,39,29.895164625703547
44,id19,645.0,336.0,vial6,39,29.895164625703547
45,id19,644.5,335.0,vial6,39,29.895164625703547
46,id19,644.0,334.0,vial6,39,29.895164625703547
47,id19,643.5,333.5,vial6,39,29.895164625703547
48,id19,643.5,332.0,vial6,39,29.895164625703547
49,id19,643.5,331.0,vial6,39,29.895164625703547
50,id19,642.5,330.0,vial6,39,29.895164625703547
51,id19,643.0,329.5,vial6,39,29.895164625703547
52,id19,643.5,329.5,vial6,39,29.895164625703547
53,id19,643.5,329.5,vial6,39,29.895164625703547
54,id19,644.0,329.5,vial6,39,29.895164625703547
55,id19,644.5,329.0,vial6,39,29.895164625703547
56,id19,644.5,328.5,vial6,39,29.895164625703547
57,id19,645.0,328.0,vial6,39,29.895164625703547
58,id19,645.0,328.0,vial6,39,29.895164625703547
59,id19,646.0,327.0,vial6,39,29.895164625703547
60,id19,646.0,327.0,vial6,39,29.895164625703547
61,id19,646.0,325.0,vial6,39,29.895164625703547
62,id19,648.0,324.0,vial6,39,29.895164625703547
63,id19,648.0,323.0,vial6,39,29.895164625703547
64,id19,649.0,322.5,vial6,39,29.895164625703547
65,id19,650.0,320.5,vial6,39,29.895164625703547
66,id19,651.5,320.5,vial6,39,29.895164625703547
67,id19,652.5,319.5,vial6,39,29.895164625703547
68,id19,653.0,318.5,vial6,39,29.895164625703547
69,id19,654.0,317.0,vial6,39,29.895164625703547
70,id19,655.5,316.5,vial6,39,29.895164625703547
71,id19,656.5,315.5,vial6,39,29.895164625703547
72,id19,658.5,314.0,vial6,39,29.895164625703547
73,id19,660.0,312.5,vial6,39,29.895164625703547
74,id19,661.5,311.5,vial6,39,29.895164625703547
75,id19,662.0,310.5,vial6,39,29.895164625703547
76,id19,663.0,308.5,vial6,39,29.895164625703547
77,id19,664.0,308.0,vial6,39,29.895164625703547
78,id19,664.5,306.0,vial6,39,29.895164625703547
79,id19,666.0,304.0,vial6,39,29.895164625703547
80,id19,667.0,303.0,vial6,39,29.895164625703547
81,id19,667.5,301.0,vial6,39,29.895164625703547
82,id19,668.5,298.0,vial6,39,29.895164625703547
83,id19,669.5,296.5,vial6,39,29.895164625703547
84,id19,669.5,294.5,vial6,39,29.895164625703547
85,id19,670.5,293.0,vial6,39,29.895164625703547
86,id19,670.5,291.5,vial6,39,29.895164625703547
87,id19,671.0,290.0,vial6,39,29.895164625703547
88,id19,671.5,287.5,vial6,39,29.895164625703547
89,id19,672.0,285.5,vial6,39,29.895164625703547
90,id19,672.0,283.0,vial6,39,29.895164625703547
91,id19,672.5,281.0,vial6,39,29.895164625703547
92,id19,673.5,278.5,vial6,39,29.895164625703547
93,id19,674.5,276.0,vial6,39,29.895164625703547
94,id19,674.5,275.0,vial6,39,29.895164625703547
95,id19,673.5,273.5,vial6,39,29.895164625703547
96,id19,673.5,271.5,vial6,39,29.895164625703547
97,id19,673.0,269.5,vial6,39,29.895164625703547
98,id19,673.0,267.5,vial6,39,29.895164625703547
99,id19,672.0,265.5,vial6,39,29.895164625703547
100,id19,672.0,264.5,vial6,39,29.895164625703547
101,id19,672.0,261.5,vial6,39,29.895164625703547
102,id19,671.5,259.5,vial6,39,29.895164625703547
103,id19,671.5,258.5,vial6,39,29.895164625703547
104,id19,670.5,255.5,vial6,39,29.895164625703547
105,id19,670.0,254.0,vial6,39,29.895164625703547
106,id19,669.5,251.5,vial6,39,29.895164625703547
107,id19,668.0,249.5,vial6,39,29.895164625703547
108,id19,668.0,248.5,vial6,39,29.895164625703547
109,id19,667.0,248.0,vial6,39,29.895164625703547
110,id19,666.0,247.0,vial6,39,29.895164625703547
111,id19,666.0,246.0,vial6,39,29.895164625703547
112,id19,665.0,246.0,vial6,39,29.895164625703547
113,id19,665.0,246.0,vial6,39,29.895164625703547
114,id19,664.0,245.0,vial6,39,29.895164625703547
115,id19,664.0,244.5,vial6,39,29.895164625703547
116,id19,663.5,244.0,vial6,39,29.895164625703547
117,id19,663.0,243.0,vial6,39,29.895164625703547
118,id19,662.5,242.0,vial6,39,29.895164625703547
119,id19,661.5,241.0,vial6,39,29.895164625703547
120,id19,661.0,240.0,vial6,39,29.895164625703547
121,id19,661.0,239.0,vial6,39,29.895164625703547
122,id19,660.0,237.5,vial6,39,29.895164625703547
123,id19,659.0,236.5,vial6,39,29.895164625703547
124,id19,659.0,234.5,vial6,39,29.895164625703547
125,id19,658.5,233.5,vial6,39,29.895164625703547
126,id19,658.5,231.5,vial6,39,29.895164625703547
127,id19,658.0,229.5,vial6,39,29.895164625703547
128,id19,657.5,227.5,vial6,39,29.895164625703547
129,id19,657.0,226.0,vial6,39,29.895164625703547
130,id19,656.5,224.0,vial6,39,29.895164625703547
131,id19,656.0,222.5,vial6,39,29.895164625703547
132,id19,655.5,220.5,vial6,39,29.895164625703547
133,id19,654.5,219.0,vial6,39,29.895164625703547
134,id19,654.5,217.0,vial6,39,29.895164625703547
135,id19,653.5,215.5,vial6,39,29.895164625703547
136,id19,653.5,213.5,vial6,39,29.895164625703547
137,id19,652.5,211.5,vial6,39,29.895164625703547
138,id19,652.5,209.5,vial6,39,29.895164625703547
139,id19,651.5,207.5,vial6,39,29.895164625703547
140,id19,651.0,205.5,vial6,39,29.895164625703547
141,id19,650.5,203.5,vial6,39,29.895164625703547
142,id19,650.5,201.0,vial6,39,29.895164625703547
143,id19,650.5,199.5,vial6,39,29.895164625703547
144,id19,650.0,197.0,vial6,39,29.895164625703547
145,id19,649.5,194.5,vial6,39,29.895164625703547
146,id19,649.5,192.5,vial6,39,29.895164625703547
147,id19,649.0,190.5,vial6,39,29.895164625703547
148,id19,649.0,188.5,vial6,39,29.895164625703547
149,id19,649.0,187.0,vial6,39,29.895164625703547
150,id19,648.0,185.5,vial6,39,29.895164625703547
151,id19,647.5,184.0,vial6,39,29.895164625703547
152,id19,647.5,181.5,vial6,39,29.895164625703547
153,id19,646.5,180.0,vial6,39,29.895164625703547
154,id19,645.0,178.0,vial6,39,29.895164625703547
155,id19,644.0,176.5,vial6,39,29.895164625703547
156,id19,643.0,175.0,vial6,39,29.895164625703547
157,id19,642.0,173.5,vial6,39,29.895164625703547
158,id19,641.0,172.5,vial6,39,29.895164625703547
159,id19,640.0,170.5,vial6,39,29.895164625703547
160,id19,638.5,169.5,vial6,39,29.895164625703547
161,id19,638.0,168.5,vial6,39,29.895164625703547
162,id19,637.0,166.5,vial6,39,29.895164625703547
163,id19,636.0,165.0,vial6,39,29.895164625703547
164,id19,635.0,163.5,vial6,39,29.895164625703547
165,id19,633.5,161.5,vial6,39,29.895164625703547
166,id19,633.0,159.5,vial6,39,29.895164625703547
167,id19,632.5,158.5,vial6,39,29.895164625703547
168,id19,631.5,156.5,vial6,39,29.895164625703547
169,id19,630.5,155.0,vial6,39,29.895164625703547
170,id19,629.5,153.5,vial6,39,29.895164625703547
173,id19,627.5,148.5,vial6,39,29.895164625703547
174,id19,627.5,148.5,vial6,39,29.895164625703547
175,id19,627.5,148.5,vial6,39,29.895164625703547
176,id19,627.5,147.5,vial6,39,29.895164625703547
177,id19,627.5,149.0,vial6,39,29.895164625703547
178,id19,627.5,148.5,vial6,39,29.895164625703547
179,id19,627.5,148.5,vial6,39,29.895164625703547
180,id19,627.5,148.5,vial6,39,29.895164625703547
181,id19,627.5,148.0,vial6,39,29.895164625703547
182,id19,628.0,146.5,vial6,39,29.895164625703547
183,id19,628.0,145.5,vial6,39,29.895164625703547
184,id19,628.5,143.0,vial6,39,29.895164625703547
185,id19,628.0,141.0,vial6,39,29.895164625703547
186,id19,628.0,138.5,vial6,39,29.895164625703547
187,id19,628.5,136.5,vial6,39,29.895164625703547
188,id19,628.5,134.0,vial6,39,29.895164625703547
189,id19,628.5,132.0,vial6,39,29.895164625703547
190,id19,628.5,129.5,vial6,39,29.895164625703547
191,id19,628.0,127.5,vial6,39,29.895164625703547
192,id19,628.0,125.5,vial6,39,29.895164625703547
193,id19,628.0,123.5,vial6,39,29.895164625703547
194,id19,628.0,121.0,vial6,39,29.895164625703547
195,id19,628.0,118.5,vial6,39,29.895164625703547
196,id19,628.0,116.5,vial6,39,29.895164625703547
197,id19,628.0,114.0,vial6,39,29.895164625703547
198,id19,628.0,112.0,vial6,39,29.895164625703547
199,id19,628.0,110.5,vial6,39,29.895164625703547
200,id19,628.0,108.5,vial6,39,29.895164625703547
201,id19,628.5,106.5,vial6,39,29.895164625703547
202,id19,629.0,105.0,vial6,39,29.895164625703547
203,id19,629.0,103.5,vial6,39,29.895164625703547
204,id19,629.5,102.0,vial6,39,29.895164625703547
205,id19,630.0,101.0,vial6,39,29.895164625703547
206,id19,630.0,99.0,vial6,39,29.895164625703547
207,id19,630.5,98.0,vial6,39,29.895164625703547
208,id19,631.0,96.0,vial6,39,29.895164625703547
209,id19,631.0,94.5,vial6,39,29.895164625703547
210,id19,632.0,93.5,vial6,39,29.895164625703547
211,id19,632.5,91.5,vial6,39,29.895164625703547
212,id19,633.0,89.5,vial6,39,29.895164625703547
213,id19,633.5,88.0,vial6,39,29.895164625703547
214,id19,634.0,86.0,vial6,39,29.895164625703547
215,id19,634.5,84.5,vial6,39,29.895164625703547
216,id19,635.5,82.5,vial6,39,29.895164625703547
217,id19,636.5,81.0,vial6,39,29.895164625703547
218,id19,637.5,79.5,vial6,39,29.895164625703547
219,id19,639.0,79.0,vial6,39,29.895164625703547
220,id19,640.0,78.5,vial6,39,29.895164625703547
221,id19,641.0,78.0,vial6,39,29.895164625703547
222,id19,641.5,78.0,vial6,39,29.895164625703547
223,id19,642.5,77.5,vial6,39,29.895164625703547
224,id19,643.5,77.0,vial6,39,29.895164625703547
225,id19,644.5,76.5,vial6,39,29.895164625703547
226,id19,646.5,76.0,vial6,39,29.895164625703547
227,id19,647.5,75.5,vial6,39,29.895164625703547
228,id19,649.5,74.5,vial6,39,29.895164625703547
229,id19,650.5,73.5,vial6,39,29.895164625703547
230,id19,652.5,73.0,vial6,39,29.895164625703547
231,id19,655.0,72.5,vial6,39,29.895164625703547
232,id19,657.0,72.0,vial6,39,29.895164625703547
233,id19,658.0,71.5,vial6,39,29.895164625703547
234,id19,659.0,71.0,vial6,39,29.895164625703547
235,id19,660.5,70.0,vial6,39,29.895164625703547
236,id19,662.0,69.0,vial6,39,29.895164625703547
237,id19,663.5,68.0,vial6,39,29.895164625703547
238,id19,664.5,68.0,vial6,39,29.895164625703547
239,id19,666.5,67.0,vial6,39,29.895164625703547
240,id19,668.0,66.0,vial6,39,29.895164625703547
241,id19,670.5,65.0,vial6,39,29.895164625703547
242,id19,671.5,65.0,vial6,39,29.895164625703547
243,id19,673.5,64.0,vial6,39,29.895164625703547
244,id19,676.0,63.0,vial6,39,29.895164625703547
245,id19,677.0,63.5,vial6,39,29.895164625703547
246,id19,678.0,63.5,vial6,39,29.895164625703547
247,id19,680.5,63.5,vial6,39,29.895164625703547
248,id19,681.5,63.5,vial6,39,29.895164625703547
249,id19,682.5,62.5,vial6,39,29.895164625703547
250,id19,683.0,62.0,vial6,39,29.895164625703547
251,id19,684.0,60.5,vial6,39,29.895164625703547
252,id19,685.5,58.5,vial6,39,29.895164625703547
253,id19,686.0,57.5,vial6,39,29.895164625703547
254,id19,686.5,56.0,vial6,39,29.895164625703547
255,id19,687.5,54.0,vial6,39,29.895164625703547
256,id19,688.0,53.0,vial6,39,29.895164625703547
257,id19,688.5,51.0,vial6,39,29.895164625703547
258,id19,689.5,49.0,vial6,39,29.895164625703547
259,id19,690.0,47.5,vial6,39,29.895164625703547
260,id19,690.0,44.5,vial6,39,29.895164625703547
261,id19,690.5,43.0,vial6,39,29.895164625703547
262,id19,690.5,40.5,vial6,39,29.895164625703547
263,id19,691.0,39.0,vial6,39,29.895164625703547
264,id19,691.0,37.5,vial6,39,29.895164625703547
268,id19,691.0,29.5,vial6,39,29.895164625703547
269,id19,691.0,27.5,vial6,39,29.895164625703547
270,id19,691.0,26.0,vial6,39,29.895164625703547
271,id19,691.0,23.0,vial6,39,29.895164625703547
274,id19,691.0,15.0,vial6,39,29.895164625703547
275,id19,691.0,12.5,vial6,39,29.895164625703547
276,id19,690.5,12.0,vial6,39,29.895164625703547
277,id19,691.0,11.0,vial6,39,29.895164625703547
0,id2,553.0,279.5,vial5,36,29.895164625703547
1,id2,552.5,279.0,vial5,36,29.895164625703547
2,id2,553.5,277.0,vial5,36,29.895164625703547
3,id2,554.5,275.0,vial5,36,29.895164625703547
4,id2,555.5,273.0,vial5,36,29.895164625703547
5,id2,557.0,271.5,vial5,36,29.895164625703547
6,id2,558.5,270.0,vial5,36,29.895164625703547
7,id2,559.5,267.5,vial5,36,29.895164625703547
8,id2,560.5,266.5,vial5,36,29.895164625703547
9,id2,561.5,265.0,vial5,36,29.895164625703547
10,id2,562.0,264.0,vial5,36,29.895164625703547
11,id2,563.0,262.5,vial5,36,29.895164625703547
12,id2,563.5,262.5,vial5,36,29.895164625703547
13,id2,563.0,262.5,vial5,36,29.895164625703547
14,id2,564.0,261.5,vial5,36,29.895164625703547
15,id2,564.5,260.5,vial5,36,29.895164625703547
16,id2,565.0,259.5,vial5,36,29.895164625703547
17,id2,566.0,258.5,vial5,36,29.895164625703547
18,id2,566.5,256.5,vial5,36,29.895164625703547
19,id2,567.5,255.5,vial5,36,29.895164625703547
20,id2,567.5,253.5,vial5,36,29.895164625703547
21,id2,568.5,251.5,vial5,36,29.895164625703547
22,id2,568.5,249.5,vial5,36,29.895164625703547
23,id2,569.0,248.5,vial5,36,29.895164625703547
24,id2,569.5,246.5,vial5,36,29.895164625703547
25,id2,569.0,244.5,vial5,36,29.895164625703547
26,id2,569.5,242.5,vial5,36,29.895164625703547
27,id2,569.5,239.5,vial5,36,29.895164625703547
28,id2,569.5,236.0,vial5,36,29.895164625703547
29,id2,569.5,232.5,vial5,36,29.895164625703547
30,id2,569.5,229.0,vial5,36,29.895164625703547
31,id2,569.5,227.0,vial5,36,29.895164625703547
32,id2,569.5,224.5,vial5,36,29.895164625703547
33,id2,569.5,222.0,vial5,36,29.895164625703547
34,id2,568.5,220.0,vial5,36,29.895164625703547
35,id2,568.5,218.0,vial5,36,29.895164625703547
36,id2,568.0,217.5,vial5,36,29.895164625703547
37,id2,567.0,216.5,vial5,36,29.895164625703547
38,id2,566.0,216.0,vial5,36,29.895164625703547
39,id2,566.0,215.5,vial5,36,29.895164625703547
40,id2,565.5,214.5,vial5,36,29.895164625703547
41,id2,565.5,214.5,vial5,36,29.895164625703547
42,id2,565.0,214.5,vial5,36,29.895164625703547
43,id2,565.0,214.5,vial5,36,29.895164625703547
44,id2,565.0,213.5,vial5,36,29.895164625703547
45,id2,564.5,213.5,vial5,36,29.895164625703547
46,id2,565.5,213.5,vial5,36,29.895164625703547
47,id2,565.5,213.5,vial5,36,29.895164625703547
48,id2,565.5,213.0,vial5,36,29.895164625703547
49,id2,565.0,211.0,vial5,36,29.895164625703547
50,id2,565.5,209.5,vial5,36,29.895164625703547
51,id2,565.5,208.0,vial5,36,29.895164625703547
52,id2,565.5,206.0,vial5,36,29.895164625703547
53,id2,565.5,205.0,vial5,36,29.895164625703547
54,id2,565.5,204.0,vial5,36,29.895164625703547
55,id2,565.5,201.5,vial5,36,29.895164625703547
56,id2,565.0,199.5,vial5,36,29.895164625703547
57,id2,565.0,198.0,vial5,36,29.895164625703547
58,id2,565.0,195.5,vial5,36,29.895164625703547
59,id2,565.0,193.0,vial5,36,29.895164625703547
60,id2,565.0,191.0,vial5,36,29.895164625703547
61,id2,565.0,189.0,vial5,36,29.895164625703547
62,id2,565.0,188.0,vial5,36,29.895164625703547
63,id2,565.0,186.5,vial5,36,29.895164625703547
64,id2,565.0,185.0,vial5,36,29.895164625703547
65,id2,565.5,184.5,vial5,36,29.895164625703547
66,id2,565.0,184.5,vial5,36,29.895164625703547
67,id2,565.0,184.5,vial5,36,29.895164625703547
68,id2,565.0,184.5,vial5,36,29.895164625703547
69,id2,565.0,184.0,vial5,36,29.895164625703547
70,id2,565.0,184.0,vial5,36,29.895164625703547
71,id2,565.0,184.0,vial5,36,29.895164625703547
72,id2,565.0,184.0,vial5,36,29.895164625703547
73,id2,565.0,184.0,vial5,36,29.895164625703547
74,id2,565.5,184.0,vial5,36,29.895164625703547
75,id2,565.5,184.0,vial5,36,29.895164625703547
76,id2,565.5,183.5,vial5,36,29.895164625703547
77,id2,565.5,183.5,vial5,36,29.895164625703547
78,id2,565.5,183.0,vial5,36,29.895164625703547
79,id2,565.5,182.0,vial5,36,29.895164625703547
80,id2,565.5,182.0,vial5,36,29.895164625703547
81,id2,565.5,181.5,vial5,36,29.895164625703547
82,id2,565.5,181.0,vial5,36,29.895164625703547
83,id2,565.5,180.5,vial5,36,29.895164625703547
84,id2,565.5,180.0,vial5,36,29.895164625703547
85,id2,565.5,179.0,vial5,36,29.895164625703547
86,id2,565.5,178.0,vial5,36,29.895164625703547
87,id2,565.5,177.5,vial5,36,29.895164625703547
88,id2,565.5,177.0,vial5,36,29.895164625703547
89,id2,565.5,176.0,vial5,36,29.895164625703547
90,id2,565.5,175.0,vial5,36,29.895164625703547
91,id2,565.5,174.0,vial5,36,29.895164625703547
92,id2,565.5,173.0,vial5,36,29.895164625703547
93,id2,565.5,171.0,vial5,36,29.895164625703547
94,id2,566.5,169.0,vial5,36,29.895164625703547
95,id2,566.5,168.0,vial5,36,29.895164625703547
96,id2,566.5,166.5,vial5,36,29.895164625703547
97,id2,567.0,165.0,vial5,36,29.895164625703547
98,id2,567.0,163.0,vial5,36,29.895164625703547
99,id2,567.5,161.0,vial5,36,29.895164625703547
100,id2,567.5,159.0,vial5,36,29.895164625703547
101,id2,567.5,157.0,vial5,36,29.895164625703547
102,id2,568.0,155.0,vial5,36,29.895164625703547
103,id2,568.0,154.0,vial5,36,29.895164625703547
104,id2,568.5,152.0,vial5,36,29.895164625703547
105,id2,568.5,151.0,vial5,36,29.895164625703547
106,id2,568.5,151.0,vial5,36,29.895164625703547
107,id2,568.5,150.0,vial5,36,29.895164625703547
108,id2,568.5,149.5,vial5,36,29.895164625703547
109,id2,568.5,150.0,vial5,36,29.895164625703547
110,id2,568.5,150.0,vial5,36,29.895164625703547
111,id2,568.5,149.5,vial5,36,29.895164625703547
112,id2,568.0,150.0,vial5,36,29.895164625703547
113,id2,567.5,149.0,vial5,36,29.895164625703547
114,id2,567.5,148.0,vial5,36,29.895164625703547
115,id2,566.5,147.5,vial5,36,29.895164625703547
116,id2,566.5,146.5,vial5,36,29.895164625703547
117,id2,566.0,146.5,vial5,36,29.895164625703547
118,id2,565.5,145.5,vial5,36,29.895164625703547
119,id2,565.0,145.5,vial5,36,29.895164625703547
120,id2,565.0,144.5,vial5,36,29.895164625703547
121,id2,565.0,144.5,vial5,36,29.895164625703547
122,id2,564.5,144.5,vial5,36,29.895164625703547
123,id2,564.5,144.5,vial5,36,29.895164625703547
124,id2,564.5,144.5,vial5,36,29.895164625703547
125,id2,564.0,144.5,vial5,36,29.895164625703547
126,id2,564.5,144.5,vial5,36,29.895164625703547
127,id2,564.0,144.5,vial5,36,29.895164625703547
128,id2,564.0,144.5,vial5,36,29.895164625703547
129,id2,564.0,144.5,vial5,36,29.895164625703547
130,id2,564.0,144.5,vial5,36,29.895164625703547
131,id2,564.0,144.5,vial5,36,29.895164625703547
132,id2,564.0,144.5,vial5,36,29.895164625703547
133,id2,564.0,144.5,vial5,36,29.895164625703547
134,id2,564.5,144.5,vial5,36,29.895164625703547
135,id2,564.0,144.5,vial5,36,29.895164625703547
136,id2,564.5,144.5,vial5,36,29.895164625703547
137,id2,564.5,144.5,vial5,36,29.895164625703547
138,id2,564.0,144.5,vial5,36,29.895164625703547
139,id2,564.5,144.5,vial5,36,29.895164625703547
140,id2,564.5,144.5,vial5,36,29.895164625703547
141,id2,564.5,144.5,vial5,36,29.895164625703547
142,id2,564.5,144.5,vial5,36,29.895164625703547
143,id2,564.5,144.5,vial5,36,29.895164625703547
144,id2,564.5,144.5,vial5,36,29.895164625703547
145,id2,564.5,144.5,vial5,36,29.895164625703547
146,id2,564.0,144.5,vial5,36,29.895164625703547
147,id2,564.5,144.5,vial5,36,29.895164625703547
148,id2,564.5,144.0,vial5,36,29.895164625703547
149,id2,564.5,144.0,vial5,36,29.895164625703547
150,id2,564.5,144.0,vial5,36,29.895164625703547
151,id2,564.5,144.5,vial5,36,29.895164625703547
152,id2,564.5,144.5,vial5,36,29.895164625703547
153,id2,564.5,144.5,vial5,36,29.895164625703547
154,id2,564.5,144.5,vial5,36,29.895164625703547
155,id2,564.5,144.5,vial5,36,29.895164625703547
156,id2,564.5,144.5,vial5,36,29.895164625703547
157,id2,564.5,144.5,vial5,36,29.895164625703547
158,id2,564.5,144.5,vial5,36,29.895164625703547
159,id2,564.0,144.0,vial5,36,29.895164625703547
160,id2,564.0,144.0,vial5,36,29.895164625703547
161,id2,564.0,144.0,vial5,36,29.895164625703547
162,id2,564.0,144.0,vial5,36,29.895164625703547
163,id2,564.0,144.0,vial5,36,29.895164625703547
164,id2,564.0,144.0,vial5,36,29.895164625703547
165,id2,564.0,144.0,vial5,36,29.895164625703547
166,id2,564.0,144.0,vial5,36,29.895164625703547
167,id2,564.0,144.0,vial5,36,29.895164625703547
168,id2,564.0,144.0,vial5,36,29.895164625703547
169,id2,564.0,144.0,vial5,36,29.895164625703547
170,id2,564.0,144.0,vial5,36,29.895164625703547
171,id2,564.0,144.0,vial5,36,29.895164625703547
172,id2,564.0,144.0,vial5,36,29.895164625703547
173,id2,564.0,144.0,vial5,36,29.895164625703547
174,id2,564.0,144.0,vial5,36,29.895164625703547
175,id2,559.5,142.0,vial5,36,29.895164625703547
176,id2,519.5,116.0,vial5,36,29.895164625703547
177,id2,523.0,98.0,vial5,36,29.895164625703547
178,id2,548.0,89.5,vial5,36,29.895164625703547
179,id2,548.5,76.0,vial5,36,29.895164625703547
180,id2,541.0,59.5,vial5,36,29.895164625703547
181,id2,546.0,51.0,vial5,36,29.895164625703547
182,id2,555.0,66.0,vial5,36,29.895164625703547
183,id2,541.0,100.0,vial5,36,29.895164625703547
184,id2,518.5,137.0,vial5,36,29.895164625703547
185,id2,502.5,159.0,vial5,36,29.895164625703547
186,id2,502.5,158.5,vial5,36,29.895164625703547
187,id2,502.5,158.5,vial5,36,29.895164625703547
188,id2,502.5,158.5,vial5,36,29.895164625703547
189,id2,502.5,158.5,vial5,36,29.895164625703547
190,id2,502.5,158.5,vial5,36,29.895164625703547
191,id2,502.5,158.5,vial5,36,29.895164625703547
192,id2,502.5,158.0,vial5,36,29.895164625703547
193,id2,502.5,158.0,vial5,36,29.895164625703547
194,id2,502.5,158.0,vial5,36,29.895164625703547
195,id2,502.5,158.0,vial5,36,29.895164625703547
196,id2,502.5,158.0,vial5,36,29.895164625703547
197,id2,502.5,158.0,vial5,36,29.895164625703547
198,id2,502.5,158.0,vial5,36,29.895164625703547
199,id2,502.5,158.0,vial5,36,29.895164625703547
200,id2,502.5,158.0,vial5,36,29.895164625703547
201,id2,502.5,158.0,vial5,36,29.895164625703547
202,id2,502.5,158.0,vial5,36,29.895164625703547
203,id2,502.5,158.0,vial5,36,29.895164625703547
204,id2,502.5,158.0,vial5,36,29.895164625703547
205,id2,502.5,158.0,vial5,36,29.895164625703547
206,id2,502.5,158.0,vial5,36,29.895164625703547
207,id2,502.5,158.0,vial5,36,29.895164625703547
208,id2,502.5,158.0,vial5,36,29.895164625703547
209,id2,502.5,158.0,vial5,36,29.895164625703547
210,id2,502.5,158.0,vial5,36,29.895164625703547
211,id2,502.5,158.0,vial5,36,29.895164625703547
212,id2,502.5,158.0,vial5,36,29.895164625703547
213,id2,502.5,158.0,vial5,36,29.895164625703547
214,id2,502.5,158.0,vial5,36,29.895164625703547
215,id2,502.5,158.0,vial5,36,29.895164625703547
216,id2,502.5,158.0,vial5,36,29.895164625703547
217,id2,502.5,158.0,vial5,36,29.895164625703547
218,id2,502.5,158.0,vial5,36,29.895164625703547
219,id2,502.5,158.0,vial5,36,29.895164625703547
220,id2,502.5,158.5,vial5,36,29.895164625703547
221,id2,502.5,158.5,vial5,36,29.895164625703547
222,id2,502.5,158.0,vial5,36,29.895164625703547
223,id2,502.5,158.0,vial5,36,29.895164625703547
224,id2,502.5,158.0,vial5,36,29.895164625703547
225,id2,502.5,158.0,vial5,36,29.895164625703547
226,id2,502.5,158.0,vial5,36,29.895164625703547
227,id2,502.5,158.0,vial5,36,29.895164625703547
228,id2,502.5,158.0,vial5,36,29.895164625703547
229,id2,502.5,158.0,vial5,36,29.895164625703547
230,id2,502.5,158.0,vial5,36,29.895164625703547
231,id2,502.5,158.0,vial5,36,29.895164625703547
232,id2,502.5,158.0,vial5,36,29.895164625703547
233,id2,502.5,158.0,vial5,36,29.895164625703547
234,id2,502.5,158.5,vial5,36,29.895164625703547
235,id2,502.5,158.0,vial5,36,29.895164625703547
236,id2,502.5,158.0,vial5,36,29.895164625703547
237,id2,502.5,158.5,vial5,36,29.895164625703547
238,id2,502.5,158.5,vial5,36,29.895164625703547
239,id2,502.5,158.5,vial5,36,29.895164625703547
240,id2,502.5,158.5,vial5,36,29.895164625703547
241,id2,502.5,158.0,vial5,36,29.895164625703547
242,id2,502.5,158.5,vial5,36,29.895164625703547
243,id2,502.5,159.0,vial5,36,29.895164625703547
244,id2,503.0,161.0,vial5,36,29.895164625703547
245,id2,503.0,160.0,vial5,36,29.895164625703547
246,id2,503.0,159.5,vial5,36,29.895164625703547
247,id2,503.0,157.5,vial5,36,29.895164625703547
248,id2,503.0,156.0,vial5,36,29.895164625703547
249,id2,503.0,155.5,vial5,36,29.895164625703547
250,id2,503.0,155.0,vial5,36,29.895164625703547
0,id20,18.0,348.0,vial1,5,29.895164625703547
1,id20,17.5,348.0,vial1,5,29.895164625703547
2,id20,18.5,348.0,vial1,5,29.895164625703547
3,id20,19.0,347.5,vial1,5,29.895164625703547
4,id20,19.0,348.0,vial1,5,29.895164625703547
5,id20,20.0,348.0,vial1,5,29.895164625703547
6,id20,20.5,347.5,vial1,5,29.895164625703547
7,id20,20.5,347.5,vial1,5,29.895164625703547
8,id20,21.0,347.5,vial1,5,29.895164625703547
9,id20,21.0,347.5,vial1,5,29.895164625703547
10,id20,20.5,347.5,vial1,5,29.895164625703547
11,id20,21.0,347.5,vial1,5,29.895164625703547
12,id20,21.0,347.5,vial1,5,29.895164625703547
13,id20,21.0,347.5,vial1,5,29.895164625703547
14,id20,21.0,347.5,vial1,5,29.895164625703547
15,id20,21.0,347.5,vial1,5,29.895164625703547
16,id20,20.5,347.5,vial1,5,29.895164625703547
17,id20,21.0,348.0,vial1,5,29.895164625703547
18,id20,21.5,348.0,vial1,5,29.895164625703547
19,id20,22.0,347.5,vial1,5,29.895164625703547
20,id20,23.0,347.5,vial1,5,29.895164625703547
21,id20,24.0,347.5,vial1,5,29.895164625703547
22,id20,24.0,347.5,vial1,5,29.895164625703547
23,id20,24.0,347.5,vial1,5,29.895164625703547
24,id20,26.0,347.0,vial1,5,29.895164625703547
25,id20,28.0,347.5,vial1,5,29.895164625703547
26,id20,30.0,347.5,vial1,5,29.895164625703547
27,id20,32.5,347.5,vial1,5,29.895164625703547
28,id20,34.5,348.0,vial1,5,29.895164625703547
29,id20,34.5,347.5,vial1,5,29.895164625703547
30,id20,35.5,347.5,vial1,5,29.895164625703547
31,id20,35.5,347.5,vial1,5,29.895164625703547
32,id20,36.0,347.5,vial1,5,29.895164625703547
33,id20,36.5,347.5,vial1,5,29.895164625703547
34,id20,36.0,347.0,vial1,5,29.895164625703547
35,id20,37.0,347.0,vial1,5,29.895164625703547
36,id20,38.0,347.0,vial1,5,29.895164625703547
37,id20,39.0,347.0,vial1,5,29.895164625703547
38,id20,40.0,347.0,vial1,5,29.895164625703547
39,id20,42.0,347.0,vial1,5,29.895164625703547
40,id20,42.5,347.5,vial1,5,29.895164625703547
41,id20,43.5,347.5,vial1,5,29.895164625703547
42,id20,44.0,348.5,vial1,5,29.895164625703547
43,id20,45.0,349.0,vial1,5,29.895164625703547
44,id20,46.5,349.5,vial1,5,29.895164625703547
45,id20,48.5,349.0,vial1,5,29.895164625703547
46,id20,49.5,349.5,vial1,5,29.895164625703547
47,id20,51.0,350.0,vial1,5,29.895164625703547
48,id20,52.5,349.5,vial1,5,29.895164625703547
49,id20,56.5,349.5,vial1,5,29.895164625703547
50,id20,60.0,349.0,vial1,5,29.895164625703547
51,id20,63.0,348.5,vial1,5,29.895164625703547
52,id20,66.5,348.5,vial1,5,29.895164625703547
53,id20,69.0,348.5,vial1,5,29.895164625703547
54,id20,70.0,349.0,vial1,5,29.895164625703547
55,id20,69.5,349.0,vial1,5,29.895164625703547
56,id20,69.0,348.5,vial1,5,29.895164625703547
57,id20,69.0,348.5,vial1,5,29.895164625703547
58,id20,69.0,348.5,vial1,5,29.895164625703547
59,id20,69.0,348.5,vial1,5,29.895164625703547
60,id20,69.0,348.5,vial1,5,29.895164625703547
61,id20,69.0,348.5,vial1,5,29.895164625703547
62,id20,69.0,348.5,vial1,5,29.895164625703547
63,id20,69.0,348.0,vial1,5,29.895164625703547
64,id20,69.0,348.0,vial1,5,29.895164625703547
65,id20,69.0,348.0,vial1,5,29.895164625703547
66,id20,70.5,348.5,vial1,5,29.895164625703547
67,id20,69.5,348.5,vial1,5,29.895164625703547
68,id20,69.5,348.5,vial1,5,29.895164625703547
69,id20,69.0,348.5,vial1,5,29.895164625703547
70,id20,69.0,350.0,vial1,5,29.895164625703547
71,id20,69.0,349.5,vial1,5,29.895164625703547
72,id20,69.0,349.5,vial1,5,29.895164625703547
73,id20,67.0,347.5,vial1,5,29.895164625703547
74,id20,66.5,347.0,vial1,5,29.895164625703547
75,id20,66.5,345.5,vial1,5,29.895164625703547
76,id20,67.0,346.5,vial1,5,29.895164625703547
77,id20,67.5,344.5,vial1,5,29.895164625703547
78,id20,67.5,342.5,vial1,5,29.895164625703547
79,id20,66.0,339.5,vial1,5,29.895164625703547
80,id20,66.0,337.5,vial1,5,29.895164625703547
81,id20,65.5,335.5,vial1,5,29.895164625703547
82,id20,65.5,333.5,vial1,5,29.895164625703547
83,id20,65.5,330.5,vial1,5,29.895164625703547
84,id20,65.0,326.5,vial1,5,29.895164625703547
85,id20,65.0,324.5,vial1,5,29.895164625703547
86,id20,65.0,322.5,vial1,5,29.895164625703547
87,id20,65.0,319.5,vial1,5,29.895164625703547
88,id20,65.0,316.5,vial1,5,29.895164625703547
89,id20,65.0,312.5,vial1,5,29.895164625703547
90,id20,65.0,310.0,vial1,5,29.895164625703547
91,id20,65.0,306.5,vial1,5,29.895164625703547
92,id20,64.5,304.0,vial1,5,29.895164625703547
93,id20,64.5,302.5,vial1,5,29.895164625703547
94,id20,63.5,299.5,vial1,5,29.895164625703547
95,id20,62.0,297.5,vial1,5,29.895164625703547
96,id20,60.0,296.0,vial1,5,29.895164625703547
97,id20,58.0,296.0,vial1,5,29.895164625703547
98,id20,57.0,295.5,vial1,5,29.895164625703547
99,id20,56.0,294.5,vial1,5,29.895164625703547
100,id20,55.0,293.5,vial1,5,29.895164625703547
101,id20,53.5,292.5,vial1,5,29.895164625703547
102,id20,53.0,291.5,vial1,5,29.895164625703547
103,id20,53.0,291.0,vial1,5,29.895164625703547
104,id20,54.5,281.0,vial1,5,29.895164625703547
115,id20,56.5,270.0,vial1,5,29.895164625703547
116,id20,56.5,268.5,vial1,5,29.895164625703547
117,id20,56.5,266.5,vial1,5,29.895164625703547
118,id20,56.5,264.5,vial1,5,29.895164625703547
119,id20,56.5,262.5,vial1,5,29.895164625703547
120,id20,55.5,260.5,vial1,5,29.895164625703547
121,id20,55.0,259.0,vial1,5,29.895164625703547
122,id20,55.0,257.5,vial1,5,29.895164625703547
123,id20,54.0,255.5,vial1,5,29.895164625703547
124,id20,54.0,254.5,vial1,5,29.895164625703547
125,id20,54.0,253.5,vial1,5,29.895164625703547
126,id20,54.0,252.0,vial1,5,29.895164625703547
127,id20,53.0,250.5,vial1,5,29.895164625703547
128,id20,53.5,249.5,vial1,5,29.895164625703547
129,id20,53.5,247.5,vial1,5,29.895164625703547
130,id20,53.0,246.5,vial1,5,29.895164625703547
131,id20,53.0,244.5,vial1,5,29.895164625703547
132,id20,53.5,243.0,vial1,5,29.895164625703547
133,id20,53.5,241.5,vial1,5,29.895164625703547
134,id20,53.5,240.5,vial1,5,29.895164625703547
135,id20,54.0,239.0,vial1,5,29.895164625703547
136,id20,54.5,237.5,vial1,5,29.895164625703547
137,id20,54.5,236.5,vial1,5,29.895164625703547
138,id20,54.5,235.5,vial1,5,29.895164625703547
139,id20,54.5,234.5,vial1,5,29.895164625703547
140,id20,54.5,233.5,vial1,5,29.895164625703547
141,id20,54.5,232.5,vial1,5,29.895164625703547
142,id20,54.5,231.5,vial1,5,29.895164625703547
143,id20,54.5,231.5,vial1,5,29.895164625703547
144,id20,54.5,230.5,vial1,5,29.895164625703547
145,id20,54.0,230.5,vial1,5,29.895164625703547
146,id20,54.0,230.5,vial1,5,29.895164625703547
147,id20,53.5,230.0,vial1,5,29.895164625703547
148,id20,53.0,229.5,vial1,5,29.895164625703547
149,id20,52.5,228.5,vial1,5,29.895164625703547
150,id20,52.0,227.0,vial1,5,29.895164625703547
151,id20,52.0,225.5,vial1,5,29.895164625703547
152,id20,51.0,224.5,vial1,5,29.895164625703547
153,id20,50.0,224.0,vial1,5,29.895164625703547
154,id20,49.5,222.5,vial1,5,29.895164625703547
155,id20,49.0,221.0,vial1,5,29.895164625703547
156,id20,48.0,220.0,vial1,5,29.895164625703547
157,id20,48.0,219.0,vial1,5,29.895164625703547
158,id20,47.0,217.0,vial1,5,29.895164625703547
159,id20,47.0,216.0,vial1,5,29.895164625703547
160,id20,46.0,215.0,vial1,5,29.895164625703547
161,id20,45.5,214.0,vial1,5,29.895164625703547
162,id20,45.0,212.5,vial1,5,29.895164625703547
163,id20,45.0,211.5,vial1,5,29.895164625703547
164,id20,44.0,210.0,vial1,5,29.895164625703547
165,id20,43.5,209.0,vial1,5,29.895164625703547
166,id20,43.5,208.0,vial1,5,29.895164625703547
167,id20,43.0,207.0,vial1,5,29.895164625703547
168,id20,42.5,206.0,vial1,5,29.895164625703547
169,id20,42.5,205.0,vial1,5,29.895164625703547
170,id20,42.0,204.0,vial1,5,29.895164625703547
171,id20,41.5,202.5,vial1,5,29.895164625703547
172,id20,40.5,201.5,vial1,5,29.895164625703547
173,id20,40.0,200.0,vial1,5,29.895164625703547
174,id20,40.0,198.5,vial1,5,29.895164625703547
175,id20,40.0,197.5,vial1,5,29.895164625703547
176,id20,39.0,196.5,vial1,5,29.895164625703547
177,id20,39.0,195.0,vial1,5,29.895164625703547
178,id20,39.0,194.0,vial1,5,29.895164625703547
179,id20,39.5,193.5,vial1,5,29.895164625703547
180,id20,39.5,192.5,vial1,5,29.895164625703547
181,id20,39.0,191.5,vial1,5,29.895164625703547
182,id20,39.5,190.5,vial1,5,29.895164625703547
183,id20,39.5,189.5,vial1,5,29.895164625703547
184,id20,39.5,188.5,vial1,5,29.895164625703547
185,id20,39.5,187.5,vial1,5,29.895164625703547
186,id20,40.0,187.0,vial1,5,29.895164625703547
187,id20,40.5,185.5,vial1,5,29.895164625703547
188,id20,40.5,183.5,vial1,5,29.895164625703547
189,id20,41.0,182.5,vial1,5,29.895164625703547
190,id20,41.0,181.5,vial1,5,29.895164625703547
191,id20,41.0,181.5,vial1,5,29.895164625703547
192,id20,41.5,180.0,vial1,5,29.895164625703547
193,id20,41.5,178.5,vial1,5,29.895164625703547
194,id20,41.5,177.5,vial1,5,29.895164625703547
195,id20,42.0,176.5,vial1,5,29.895164625703547
196,id20,42.0,175.0,vial1,5,29.895164625703547
197,id20,42.0,173.5,vial1,5,29.895164625703547
198,id20,41.5,172.0,vial1,5,29.895164625703547
199,id20,42.0,170.5,vial1,5,29.895164625703547
200,id20,42.0,169.5,vial1,5,29.895164625703547
201,id20,41.5,168.5,vial1,5,29.895164625703547
202,id20,41.0,166.5,vial1,5,29.895164625703547
203,id20,41.5,165.5,vial1,5,29.895164625703547
204,id20,41.0,164.5,vial1,5,29.895164625703547
205,id20,41.0,163.0,vial1,5,29.895164625703547
206,id20,40.5,161.5,vial1,5,29.895164625703547
207,id20,40.5,160.5,vial1,5,29.895164625703547
208,id20,40.0,159.5,vial1,5,29.895164625703547
209,id20,39.5,158.5,vial1,5,29.895164625703547
210,id20,38.5,156.5,vial1,5,29.895164625703547
211,id20,38.5,155.5,vial1,5,29.895164625703547
212,id20,38.5,154.5,vial1,5,29.895164625703547
213,id20,38.0,153.5,vial1,5,29.895164625703547
214,id20,38.0,152.0,vial1,5,29.895164625703547
215,id20,38.0,150.5,vial1,5,29.895164625703547
216,id20,37.5,149.5,vial1,5,29.895164625703547
217,id20,37.0,148.5,vial1,5,29.895164625703547
218,id20,37.5,146.5,vial1,5,29.895164625703547
219,id20,37.5,145.5,vial1,5,29.895164625703547
220,id20,36.5,144.5,vial1,5,29.895164625703547
221,id20,36.5,143.5,vial1,5,29.895164625703547
222,id20,36.5,141.5,vial1,5,29.895164625703547
223,id20,36.0,140.5,vial1,5,29.895164625703547
224,id20,35.5,139.0,vial1,5,29.895164625703547
225,id20,35.5,137.5,vial1,5,29.895164625703547
226,id20,35.5,136.5,vial1,5,29.895164625703547
227,id20,35.5,134.5,vial1,5,29.895164625703547
228,id20,35.5,133.5,vial1,5,29.895164625703547
229,id20,36.0,132.0,vial1,5,29.895164625703547
230,id20,36.0,130.5,vial1,5,29.895164625703547
231,id20,36.0,129.0,vial1,5,29.895164625703547
232,id20,36.5,127.5,vial1,5,29.895164625703547
233,id20,36.5,126.5,vial1,5,29.895164625703547
234,id20,37.0,124.5,vial1,5,29.895164625703547
235,id20,36.5,123.5,vial1,5,29.895164625703547
236,id20,37.5,122.5,vial1,5,29.895164625703547
237,id20,37.5,120.5,vial1,5,29.895164625703547
238,id20,37.5,119.5,vial1,5,29.895164625703547
239,id20,37.5,118.5,vial1,5,29.895164625703547
240,id20,38.0,117.5,vial1,5,29.895164625703547
241,id20,38.5,115.5,vial1,5,29.895164625703547
242,id20,38.5,115.5,vial1,5,29.895164625703547
243,id20,38.5,114.0,vial1,5,29.895164625703547
244,id20,39.0,113.5,vial1,5,29.895164625703547
245,id20,39.0,112.0,vial1,5,29.895164625703547
246,id20,38.5,111.0,vial1,5,29.895164625703547
247,id20,38.5,109.5,vial1,5,29.895164625703547
248,id20,38.5,108.5,vial1,5,29.895164625703547
249,id20,38.5,107.5,vial1,5,29.895164625703547
250,id20,38.0,105.5,vial1,5,29.895164625703547
251,id20,37.5,104.5,vial1,5,29.895164625703547
252,id20,38.0,103.5,vial1,5,29.895164625703547
253,id20,38.0,102.0,vial1,5,29.895164625703547
254,id20,38.0,100.5,vial1,5,29.895164625703547
255,id20,38.0,99.5,vial1,5,29.895164625703547
256,id20,38.5,98.5,vial1,5,29.895164625703547
257,id20,38.5,97.5,vial1,5,29.895164625703547
258,id20,38.5,95.5,vial1,5,29.895164625703547
259,id20,38.5,94.5,vial1,5,29.895164625703547
260,id20,39.0,93.0,vial1,5,29.895164625703547
261,id20,39.5,91.5,vial1,5,29.895164625703547
262,id20,39.5,90.5,vial1,5,29.895164625703547
263,id20,39.5,89.5,vial1,5,29.895164625703547
264,id20,40.0,88.0,vial1,5,29.895164625703547
265,id20,40.5,86.5,vial1,5,29.895164625703547
266,id20,40.5,85.0,vial1,5,29.895164625703547
267,id20,40.5,84.0,vial1,5,29.895164625703547
268,id20,41.5,82.5,vial1,5,29.895164625703547
269,id20,41.5,81.0,vial1,5,29.895164625703547
270,id20,42.0,80.0,vial1,5,29.895164625703547
271,id20,43.0,78.5,vial1,5,29.895164625703547
272,id20,44.0,77.5,vial1,5,29.895164625703547
273,id20,44.0,76.0,vial1,5,29.895164625703547
274,id20,45.0,75.0,vial1,5,29.895164625703547
275,id20,46.0,74.0,vial1,5,29.895164625703547
276,id20,46.0,74.0,vial1,5,29.895164625703547
277,id20,46.5,72.5,vial1,5,29.895164625703547
278,id20,47.0,71.5,vial1,5,29.895164625703547
279,id20,47.0,71.0,vial1,5,29.895164625703547
280,id20,48.0,69.5,vial1,5,29.895164625703547
281,id20,48.0,68.5,vial1,5,29.895164625703547
282,id20,49.0,67.0,vial1,5,29.895164625703547
283,id20,49.0,66.0,vial1,5,29.895164625703547
284,id20,49.5,65.0,vial1,5,29.895164625703547
285,id20,50.0,63.5,vial1,5,29.895164625703547
286,id20,50.0,62.5,vial1,5,29.895164625703547
287,id20,51.0,61.5,vial1,5,29.895164625703547
288,id20,51.5,60.0,vial1,5,29.895164625703547
289,id20,51.5,59.0,vial1,5,29.895164625703547
290,id20,52.0,58.0,vial1,5,29.895164625703547
291,id20,52.5,57.0,vial1,5,29.895164625703547
292,id20,53.0,56.0,vial1,5,29.895164625703547
293,id20,53.0,54.5,vial1,5,29.895164625703547
294,id20,53.5,53.5,vial1,5,29.895164625703547
295,id20,53.5,52.5,vial1,5,29.895164625703547
296,id20,54.0,51.5,vial1,5,29.895164625703547
297,id20,54.5,50.5,vial1,5,29.895164625703547
298,id20,54.5,48.5,vial1,5,29.895164625703547
299,id20,55.5,47.5,vial1,5,29.895164625703547
300,id20,55.5,46.5,vial1,5,29.895164625703547
301,id20,55.5,45.0,vial1,5,29.895164625703547
302,id20,55.5,43.5,vial1,5,29.895164625703547
303,id20,56.0,42.5,vial1,5,29.895164625703547
304,id20,56.5,41.5,vial1,5,29.895164625703547
305,id20,56.5,40.5,vial1,5,29.895164625703547
306,id20,56.5,38.5,vial1,5,29.895164625703547
307,id20,57.5,37.5,vial1,5,29.895164625703547
308,id20,57.5,36.5,vial1,5,29.895164625703547
309,id20,57.5,34.5,vial1,5,29.895164625703547
310,id20,57.5,33.5,vial1,5,29.895164625703547
311,id20,57.5,32.5,vial1,5,29.895164625703547
312,id20,57.5,30.5,vial1,5,29.895164625703547
313,id20,57.5,29.5,vial1,5,29.895164625703547
314,id20,58.0,28.0,vial1,5,29.895164625703547
315,id20,58.0,27.0,vial1,5,29.895164625703547
316,id20,58.0,25.5,vial1,5,29.895164625703547
317,id20,58.0,23.5,vial1,5,29.895164625703547
318,id20,58.5,22.5,vial1,5,29.895164625703547
319,id20,58.5,21.5,vial1,5,29.895164625703547
320,id20,58.0,20.0,vial1,5,29.895164625703547
321,id20,58.5,18.5,vial1,5,29.895164625703547
322,id20,58.5,17.5,vial1,5,29.895164625703547
323,id20,58.5,16.5,vial1,5,29.895164625703547
324,id20,58.5,15.0,vial1,5,29.895164625703547
325,id20,58.5,13.5,vial1,5,29.895164625703547
326,id20,58.5,12.5,vial1,5,29.895164625703547
327,id20,59.0,11.0,vial1,5,29.895164625703547
328,id20,59.0,11.0,vial1,5,29.895164625703547
0,id21,402.5,350.5,vial4,27,29.895164625703547
1,id21,401.0,351.5,vial4,27,29.895164625703547
2,id21,402.0,350.0,vial4,27,29.895164625703547
3,id21,402.5,350.0,vial4,27,29.895164625703547
4,id21,403.0,350.0,vial4,27,29.895164625703547
5,id21,404.0,349.5,vial4,27,29.895164625703547
6,id21,404.5,349.5,vial4,27,29.895164625703547
7,id21,404.5,349.5,vial4,27,29.895164625703547
8,id21,405.0,350.0,vial4,27,29.895164625703547
9,id21,405.5,350.0,vial4,27,29.895164625703547
10,id21,405.0,350.0,vial4,27,29.895164625703547
11,id21,405.0,350.0,vial4,27,29.895164625703547
12,id21,405.0,350.5,vial4,27,29.895164625703547
13,id21,404.5,350.5,vial4,27,29.895164625703547
14,id21,404.0,350.5,vial4,27,29.895164625703547
15,id21,404.0,350.5,vial4,27,29.895164625703547
16,id21,404.0,351.5,vial4,27,29.895164625703547
17,id21,404.0,351.0,vial4,27,29.895164625703547
18,id21,404.0,352.0,vial4,27,29.895164625703547
19,id21,403.5,352.0,vial4,27,29.895164625703547
20,id21,403.0,352.5,vial4,27,29.895164625703547
21,id21,401.5,352.5,vial4,27,29.895164625703547
22,id21,400.5,351.5,vial4,27,29.895164625703547
23,id21,402.0,350.5,vial4,27,29.895164625703547
24,id21,402.0,350.5,vial4,27,29.895164625703547
25,id21,401.5,350.5,vial4,27,29.895164625703547
26,id21,401.5,350.5,vial4,27,29.895164625703547
27,id21,401.5,350.5,vial4,27,29.895164625703547
28,id21,401.5,350.5,vial4,27,29.895164625703547
29,id21,402.0,350.0,vial4,27,29.895164625703547
30,id21,403.0,350.0,vial4,27,29.895164625703547
31,id21,403.0,349.5,vial4,27,29.895164625703547
32,id21,404.5,350.0,vial4,27,29.895164625703547
33,id21,405.0,349.5,vial4,27,29.895164625703547
34,id21,405.0,349.5,vial4,27,29.895164625703547
35,id21,405.0,349.0,vial4,27,29.895164625703547
36,id21,405.0,349.0,vial4,27,29.895164625703547
37,id21,404.0,349.0,vial4,27,29.895164625703547
38,id21,402.5,349.0,vial4,27,29.895164625703547
39,id21,401.0,348.5,vial4,27,29.895164625703547
40,id21,399.5,348.0,vial4,27,29.895164625703547
41,id21,398.5,348.0,vial4,27,29.895164625703547
42,id21,397.0,348.0,vial4,27,29.895164625703547
43,id21,394.0,352.0,vial4,27,29.895164625703547
44,id21,391.5,347.0,vial4,27,29.895164625703547
45,id21,390.5,345.0,vial4,27,29.895164625703547
46,id21,390.5,342.5,vial4,27,29.895164625703547
47,id21,389.5,340.5,vial4,27,29.895164625703547
48,id21,389.5,337.0,vial4,27,29.895164625703547
49,id21,388.5,335.5,vial4,27,29.895164625703547
50,id21,388.5,333.0,vial4,27,29.895164625703547
51,id21,388.0,330.0,vial4,27,29.895164625703547
52,id21,386.5,328.0,vial4,27,29.895164625703547
53,id21,386.0,325.0,vial4,27,29.895164625703547
54,id21,385.0,323.5,vial4,27,29.895164625703547
55,id21,384.5,322.0,vial4,27,29.895164625703547
56,id21,384.0,321.5,vial4,27,29.895164625703547
57,id21,384.0,321.0,vial4,27,29.895164625703547
58,id21,383.5,320.5,vial4,27,29.895164625703547
59,id21,382.5,320.5,vial4,27,29.895164625703547
60,id21,382.0,320.5,vial4,27,29.895164625703547
61,id21,381.5,320.5,vial4,27,29.895164625703547
62,id21,381.5,319.5,vial4,27,29.895164625703547
63,id21,380.5,319.0,vial4,27,29.895164625703547
64,id21,380.5,318.0,vial4,27,29.895164625703547
65,id21,380.5,317.0,vial4,27,29.895164625703547
66,id21,380.5,317.0,vial4,27,29.895164625703547
67,id21,380.5,316.0,vial4,27,29.895164625703547
68,id21,380.5,315.5,vial4,27,29.895164625703547
69,id21,380.5,315.5,vial4,27,29.895164625703547
70,id21,380.5,315.5,vial4,27,29.895164625703547
71,id21,380.5,315.5,vial4,27,29.895164625703547
72,id21,381.0,315.5,vial4,27,29.895164625703547
73,id21,380.5,315.5,vial4,27,29.895164625703547
74,id21,380.5,315.5,vial4,27,29.895164625703547
75,id21,380.5,315.5,vial4,27,29.895164625703547
76,id21,380.5,315.5,vial4,27,29.895164625703547
77,id21,380.5,315.5,vial4,27,29.895164625703547
78,id21,380.5,315.0,vial4,27,29.895164625703547
79,id21,380.5,315.0,vial4,27,29.895164625703547
80,id21,381.5,314.5,vial4,27,29.895164625703547
81,id21,382.0,314.5,vial4,27,29.895164625703547
82,id21,382.0,314.5,vial4,27,29.895164625703547
83,id21,383.0,313.5,vial4,27,29.895164625703547
84,id21,384.0,313.5,vial4,27,29.895164625703547
85,id21,385.0,313.0,vial4,27,29.895164625703547
86,id21,386.0,312.5,vial4,27,29.895164625703547
87,id21,387.0,312.0,vial4,27,29.895164625703547
88,id21,388.0,311.0,vial4,27,29.895164625703547
89,id21,389.0,310.0,vial4,27,29.895164625703547
90,id21,390.0,309.5,vial4,27,29.895164625703547
91,id21,391.0,308.5,vial4,27,29.895164625703547
92,id21,391.5,308.0,vial4,27,29.895164625703547
93,id21,393.0,307.0,vial4,27,29.895164625703547
94,id21,393.5,306.0,vial4,27,29.895164625703547
95,id21,394.5,305.5,vial4,27,29.895164625703547
96,id21,395.5,305.0,vial4,27,29.895164625703547
97,id21,396.5,304.0,vial4,27,29.895164625703547
98,id21,397.5,303.5,vial4,27,29.895164625703547
99,id21,399.0,303.5,vial4,27,29.895164625703547
100,id21,401.0,303.5,vial4,27,29.895164625703547
101,id21,402.5,303.0,vial4,27,29.895164625703547
102,id21,404.0,302.5,vial4,27,29.895164625703547
103,id21,406.0,302.0,vial4,27,29.895164625703547
104,id21,407.0,301.5,vial4,27,29.895164625703547
105,id21,409.0,301.0,vial4,27,29.895164625703547
106,id21,411.5,300.5,vial4,27,29.895164625703547
107,id21,413.5,300.5,vial4,27,29.895164625703547
108,id21,415.0,299.5,vial4,27,29.895164625703547
109,id21,417.0,298.5,vial4,27,29.895164625703547
110,id21,418.0,298.5,vial4,27,29.895164625703547
111,id21,420.0,297.5,vial4,27,29.895164625703547
112,id21,423.0,297.0,vial4,27,29.895164625703547
113,id21,425.0,295.5,vial4,27,29.895164625703547
114,id21,427.0,295.5,vial4,27,29.895164625703547
115,id21,428.5,294.5,vial4,27,29.895164625703547
116,id21,430.5,293.5,vial4,27,29.895164625703547
117,id21,431.5,292.5,vial4,27,29.895164625703547
118,id21,433.0,292.0,vial4,27,29.895164625703547
119,id21,434.5,291.0,vial4,27,29.895164625703547
120,id21,435.5,289.5,vial4,27,29.895164625703547
121,id21,437.0,289.0,vial4,27,29.895164625703547
122,id21,438.0,287.5,vial4,27,29.895164625703547
123,id21,439.5,286.5,vial4,27,29.895164625703547
124,id21,440.5,285.0,vial4,27,29.895164625703547
125,id21,441.5,283.5,vial4,27,29.895164625703547
126,id21,442.5,282.5,vial4,27,29.895164625703547
127,id21,443.5,281.5,vial4,27,29.895164625703547
128,id21,444.5,280.5,vial4,27,29.895164625703547
129,id21,444.5,279.5,vial4,27,29.895164625703547
130,id21,445.5,278.5,vial4,27,29.895164625703547
131,id21,446.5,277.0,vial4,27,29.895164625703547
132,id21,446.5,276.0,vial4,27,29.895164625703547
133,id21,447.5,275.0,vial4,27,29.895164625703547
134,id21,447.5,275.0,vial4,27,29.895164625703547
135,id21,447.0,274.0,vial4,27,29.895164625703547
136,id21,447.0,273.0,vial4,27,29.895164625703547
137,id21,447.5,273.0,vial4,27,29.895164625703547
138,id21,446.5,272.5,vial4,27,29.895164625703547
139,id21,446.5,272.0,vial4,27,29.895164625703547
140,id21,445.5,272.0,vial4,27,29.895164625703547
141,id21,444.5,272.0,vial4,27,29.895164625703547
142,id21,444.0,271.5,vial4,27,29.895164625703547
143,id21,443.0,271.0,vial4,27,29.895164625703547
144,id21,442.0,270.5,vial4,27,29.895164625703547
145,id21,441.0,270.0,vial4,27,29.895164625703547
146,id21,440.5,270.0,vial4,27,29.895164625703547
147,id21,439.0,269.5,vial4,27,29.895164625703547
148,id21,438.5,269.5,vial4,27,29.895164625703547
149,id21,438.0,269.5,vial4,27,29.895164625703547
150,id21,437.5,269.0,vial4,27,29.895164625703547
151,id21,437.5,269.0,vial4,27,29.895164625703547
152,id21,437.5,269.0,vial4,27,29.895164625703547
153,id21,437.5,269.0,vial4,27,29.895164625703547
154,id21,437.5,269.0,vial4,27,29.895164625703547
155,id21,437.5,269.5,vial4,27,29.895164625703547
156,id21,436.5,269.5,vial4,27,29.895164625703547
157,id21,436.0,269.5,vial4,27,29.895164625703547
158,id21,434.0,269.0,vial4,27,29.895164625703547
159,id21,432.0,269.0,vial4,27,29.895164625703547
160,id21,430.5,268.5,vial4,27,29.895164625703547
161,id21,428.5,268.0,vial4,27,29.895164625703547
162,id21,426.0,268.0,vial4,27,29.895164625703547
163,id21,425.0,267.5,vial4,27,29.895164625703547
164,id21,424.0,267.0,vial4,27,29.895164625703547
165,id21,422.0,266.5,vial4,27,29.895164625703547
166,id21,420.5,266.5,vial4,27,29.895164625703547
167,id21,419.0,265.0,vial4,27,29.895164625703547
168,id21,417.5,264.0,vial4,27,29.895164625703547
169,id21,416.5,262.5,vial4,27,29.895164625703547
170,id21,414.5,261.0,vial4,27,29.895164625703547
171,id21,413.5,258.5,vial4,27,29.895164625703547
172,id21,412.5,257.5,vial4,27,29.895164625703547
173,id21,411.0,255.0,vial4,27,29.895164625703547
174,id21,410.0,253.0,vial4,27,29.895164625703547
175,id21,409.5,251.5,vial4,27,29.895164625703547
176,id21,409.0,249.5,vial4,27,29.895164625703547
177,id21,408.0,247.5,vial4,27,29.895164625703547
178,id21,407.5,245.0,vial4,27,29.895164625703547
179,id21,407.5,242.5,vial4,27,29.895164625703547
180,id21,406.5,240.5,vial4,27,29.895164625703547
181,id21,406.0,238.0,vial4,27,29.895164625703547
182,id21,405.5,235.5,vial4,27,29.895164625703547
183,id21,405.5,233.5,vial4,27,29.895164625703547
184,id21,405.0,230.5,vial4,27,29.895164625703547
185,id21,404.5,228.5,vial4,27,29.895164625703547
186,id21,405.0,226.5,vial4,27,29.895164625703547
187,id21,405.0,223.5,vial4,27,29.895164625703547
188,id21,405.0,221.5,vial4,27,29.895164625703547
189,id21,405.0,218.5,vial4,27,29.895164625703547
190,id21,404.5,216.5,vial4,27,29.895164625703547
191,id21,404.5,214.5,vial4,27,29.895164625703547
192,id21,405.5,211.5,vial4,27,29.895164625703547
193,id21,405.5,208.5,vial4,27,29.895164625703547
194,id21,407.0,206.5,vial4,27,29.895164625703547
195,id21,408.0,204.5,vial4,27,29.895164625703547
196,id21,408.5,202.5,vial4,27,29.895164625703547
197,id21,410.0,200.0,vial4,27,29.895164625703547
198,id21,410.5,197.5,vial4,27,29.895164625703547
199,id21,411.5,195.5,vial4,27,29.895164625703547
200,id21,412.0,193.5,vial4,27,29.895164625703547
201,id21,412.5,190.5,vial4,27,29.895164625703547
202,id21,413.5,188.5,vial4,27,29.895164625703547
203,id21,413.5,185.5,vial4,27,29.895164625703547
204,id21,414.5,183.0,vial4,27,29.895164625703547
205,id21,414.5,180.5,vial4,27,29.895164625703547
206,id21,414.5,178.5,vial4,27,29.895164625703547
207,id21,415.0,175.5,vial4,27,29.895164625703547
208,id21,414.5,172.5,vial4,27,29.895164625703547
209,id21,415.0,170.5,vial4,27,29.895164625703547
210,id21,415.0,168.0,vial4,27,29.895164625703547
211,id21,414.5,165.5,vial4,27,29.895164625703547
212,id21,415.0,162.5,vial4,27,29.895164625703547
213,id21,414.5,160.5,vial4,27,29.895164625703547
214,id21,415.5,158.5,vial4,27,29.895164625703547
215,id21,415.5,155.5,vial4,27,29.895164625703547
216,id21,415.5,153.5,vial4,27,29.895164625703547
217,id21,415.5,151.0,vial4,27,29.895164625703547
218,id21,415.5,148.5,vial4,27,29.895164625703547
219,id21,416.0,146.5,vial4,27,29.895164625703547
220,id21,416.0,143.5,vial4,27,29.895164625703547
221,id21,416.0,140.5,vial4,27,29.895164625703547
222,id21,416.5,138.5,vial4,27,29.895164625703547
223,id21,416.5,136.0,vial4,27,29.895164625703547
224,id21,417.0,133.5,vial4,27,29.895164625703547
225,id21,417.5,131.5,vial4,27,29.895164625703547
226,id21,417.5,129.5,vial4,27,29.895164625703547
227,id21,418.0,126.5,vial4,27,29.895164625703547
228,id21,418.5,124.5,vial4,27,29.895164625703547
229,id21,418.5,121.5,vial4,27,29.895164625703547
230,id21,418.5,119.5,vial4,27,29.895164625703547
231,id21,418.5,116.5,vial4,27,29.895164625703547
232,id21,419.5,114.5,vial4,27,29.895164625703547
233,id21,419.5,112.0,vial4,27,29.895164625703547
234,id21,420.5,109.5,vial4,27,29.895164625703547
235,id21,421.0,106.5,vial4,27,29.895164625703547
236,id21,421.5,104.5,vial4,27,29.895164625703547
237,id21,422.5,102.0,vial4,27,29.895164625703547
238,id21,423.5,100.0,vial4,27,29.895164625703547
239,id21,425.0,98.5,vial4,27,29.895164625703547
240,id21,426.5,97.0,vial4,27,29.895164625703547
241,id21,428.0,95.5,vial4,27,29.895164625703547
242,id21,429.5,94.0,vial4,27,29.895164625703547
243,id21,431.5,93.0,vial4,27,29.895164625703547
244,id21,432.5,92.0,vial4,27,29.895164625703547
245,id21,434.5,90.0,vial4,27,29.895164625703547
246,id21,435.5,89.0,vial4,27,29.895164625703547
247,id21,437.5,88.0,vial4,27,29.895164625703547
248,id21,438.5,86.5,vial4,27,29.895164625703547
249,id21,439.5,85.5,vial4,27,29.895164625703547
250,id21,441.0,84.5,vial4,27,29.895164625703547
251,id21,441.0,83.5,vial4,27,29.895164625703547
252,id21,441.0,82.5,vial4,27,29.895164625703547
253,id21,442.0,81.5,vial4,27,29.895164625703547
254,id21,442.0,81.0,vial4,27,29.895164625703547
255,id21,442.0,79.5,vial4,27,29.895164625703547
256,id21,443.0,78.0,vial4,27,29.895164625703547
257,id21,443.0,76.0,vial4,27,29.895164625703547
258,id21,443.5,74.0,vial4,27,29.895164625703547
259,id21,444.5,72.0,vial4,27,29.895164625703547
260,id21,444.5,69.5,vial4,27,29.895164625703547
261,id21,444.5,67.5,vial4,27,29.895164625703547
262,id21,445.5,65.5,vial4,27,29.895164625703547
263,id21,445.5,64.5,vial4,27,29.895164625703547
264,id21,445.5,63.0,vial4,27,29.895164625703547
265,id21,445.5,62.0,vial4,27,29.895164625703547
266,id21,445.5,61.0,vial4,27,29.895164625703547
267,id21,445.5,59.5,vial4,27,29.895164625703547
268,id21,444.5,58.0,vial4,27,29.895164625703547
269,id21,444.5,57.0,vial4,27,29.895164625703547
270,id21,444.0,55.5,vial4,27,29.895164625703547
271,id21,444.5,54.0,vial4,27,29.895164625703547
272,id21,443.5,52.0,vial4,27,29.895164625703547
273,id21,443.5,50.0,vial4,27,29.895164625703547
274,id21,443.5,48.0,vial4,27,29.895164625703547
275,id21,443.5,46.0,vial4,27,29.895164625703547
276,id21,443.0,44.0,vial4,27,29.895164625703547
277,id21,443.0,41.5,vial4,27,29.895164625703547
278,id21,442.5,39.0,vial4,27,29.895164625703547
279,id21,442.5,36.0,vial4,27,29.895164625703547
280,id21,442.0,33.5,vial4,27,29.895164625703547
281,id21,442.0,31.0,vial4,27,29.895164625703547
282,id21,442.0,28.0,vial4,27,29.895164625703547
283,id21,442.0,25.5,vial4,27,29.895164625703547
284,id21,442.5,23.0,vial4,27,29.895164625703547
285,id21,442.0,20.5,vial4,27,29.895164625703547
286,id21,442.0,17.5,vial4,27,29.895164625703547
287,id21,442.0,15.0,vial4,27,29.895164625703547
288,id21,442.0,13.0,vial4,27,29.895164625703547
289,id21,442.5,11.0,vial4,27,29.895164625703547
0,id22,680.5,353.0,vial6,37,29.895164625703547
1,id22,679.0,353.0,vial6,37,29.895164625703547
2,id22,679.0,352.5,vial6,37,29.895164625703547
3,id22,679.0,352.5,vial6,37,29.895164625703547
4,id22,678.5,352.5,vial6,37,29.895164625703547
5,id22,679.5,352.5,vial6,37,29.895164625703547
6,id22,679.5,353.0,vial6,37,29.895164625703547
7,id22,679.0,352.5,vial6,37,29.895164625703547
8,id22,679.0,352.5,vial6,37,29.895164625703547
9,id22,679.0,352.5,vial6,37,29.895164625703547
10,id22,678.0,352.5,vial6,37,29.895164625703547
11,id22,678.0,352.5,vial6,37,29.895164625703547
12,id22,678.0,353.0,vial6,37,29.895164625703547
13,id22,677.5,352.5,vial6,37,29.895164625703547
14,id22,678.5,352.5,vial6,37,29.895164625703547
15,id22,679.0,353.0,vial6,37,29.895164625703547
16,id22,679.0,353.0,vial6,37,29.895164625703547
18,id22,677.0,352.5,vial6,37,29.895164625703547
20,id22,691.0,224.0,vial6,37,29.895164625703547
27,id22,665.0,342.5,vial6,37,29.895164625703547
29,id22,646.5,346.5,vial6,37,29.895164625703547
30,id22,654.0,346.5,vial6,37,29.895164625703547
31,id22,672.5,351.5,vial6,37,29.895164625703547
32,id22,673.0,351.5,vial6,37,29.895164625703547
33,id22,674.0,351.0,vial6,37,29.895164625703547
34,id22,673.5,351.0,vial6,37,29.895164625703547
35,id22,673.0,351.5,vial6,37,29.895164625703547
36,id22,672.5,352.0,vial6,37,29.895164625703547
37,id22,671.0,351.5,vial6,37,29.895164625703547
38,id22,669.5,352.0,vial6,37,29.895164625703547
39,id22,671.0,347.0,vial6,37,29.895164625703547
43,id22,644.0,316.5,vial6,37,29.895164625703547
45,id22,665.0,350.5,vial6,37,29.895164625703547
46,id22,665.0,350.5,vial6,37,29.895164625703547
47,id22,665.0,350.5,vial6,37,29.895164625703547
48,id22,665.0,350.5,vial6,37,29.895164625703547
49,id22,665.0,350.5,vial6,37,29.895164625703547
50,id22,664.0,350.5,vial6,37,29.895164625703547
51,id22,664.5,350.5,vial6,37,29.895164625703547
52,id22,664.5,350.0,vial6,37,29.895164625703547
53,id22,664.5,350.0,vial6,37,29.895164625703547
54,id22,664.5,349.5,vial6,37,29.895164625703547
55,id22,664.5,350.0,vial6,37,29.895164625703547
56,id22,664.0,349.5,vial6,37,29.895164625703547
57,id22,663.5,349.5,vial6,37,29.895164625703547
58,id22,663.5,349.5,vial6,37,29.895164625703547
59,id22,663.5,349.5,vial6,37,29.895164625703547
60,id22,663.5,349.5,vial6,37,29.895164625703547
61,id22,661.5,336.0,vial6,37,29.895164625703547
77,id22,647.0,351.5,vial6,37,29.895164625703547
78,id22,644.5,351.5,vial6,37,29.895164625703547
79,id22,645.5,350.5,vial6,37,29.895164625703547
80,id22,644.5,349.5,vial6,37,29.895164625703547
81,id22,641.5,350.5,vial6,37,29.895164625703547
82,id22,644.5,336.5,vial6,37,29.895164625703547
84,id22,669.0,333.5,vial6,37,29.895164625703547
85,id22,677.5,348.0,vial6,37,29.895164625703547
86,id22,662.0,347.5,vial6,37,29.895164625703547
88,id22,650.0,348.5,vial6,37,29.895164625703547
89,id22,649.0,338.0,vial6,37,29.895164625703547
90,id22,656.0,325.0,vial6,37,29.895164625703547
91,id22,660.5,343.5,vial6,37,29.895164625703547
92,id22,668.0,343.5,vial6,37,29.895164625703547
93,id22,677.0,325.5,vial6,37,29.895164625703547
94,id22,682.0,328.0,vial6,37,29.895164625703547
95,id22,689.0,330.5,vial6,37,29.895164625703547
96,id22,686.0,350.5,vial6,37,29.895164625703547
97,id22,686.5,352.5,vial6,37,29.895164625703547
98,id22,687.0,352.5,vial6,37,29.895164625703547
99,id22,687.0,352.5,vial6,37,29.895164625703547
100,id22,687.0,352.5,vial6,37,29.895164625703547
101,id22,687.0,352.5,vial6,37,29.895164625703547
102,id22,687.0,352.5,vial6,37,29.895164625703547
103,id22,687.0,352.5,vial6,37,29.895164625703547
104,id22,687.0,352.5,vial6,37,29.895164625703547
105,id22,687.0,352.5,vial6,37,29.895164625703547
106,id22,687.0,352.5,vial6,37,29.895164625703547
107,id22,687.0,352.5,vial6,37,29.895164625703547
108,id22,687.0,352.5,vial6,37,29.895164625703547
109,id22,687.0,352.5,vial6,37,29.895164625703547
110,id22,686.5,352.5,vial6,37,29.895164625703547
111,id22,686.0,352.5,vial6,37,29.895164625703547
112,id22,685.5,352.0,vial6,37,29.895164625703547
113,id22,685.0,352.0,vial6,37,29.895164625703547
114,id22,684.0,352.0,vial6,37,29.895164625703547
115,id22,684.0,352.0,vial6,37,29.895164625703547
116,id22,684.0,352.0,vial6,37,29.895164625703547
117,id22,684.0,352.0,vial6,37,29.895164625703547
118,id22,684.0,352.0,vial6,37,29.895164625703547
119,id22,683.5,352.0,vial6,37,29.895164625703547
120,id22,683.0,352.0,vial6,37,29.895164625703547
121,id22,684.0,352.0,vial6,37,29.895164625703547
122,id22,683.5,352.0,vial6,37,29.895164625703547
123,id22,683.5,352.0,vial6,37,29.895164625703547
124,id22,683.5,352.0,vial6,37,29.895164625703547
125,id22,684.0,352.5,vial6,37,29.895164625703547
126,id22,684.5,352.5,vial6,37,29.895164625703547
127,id22,684.5,352.0,vial6,37,29.895164625703547
128,id22,684.5,352.0,vial6,37,29.895164625703547
129,id22,684.5,352.5,vial6,37,29.895164625703547
130,id22,684.5,352.0,vial6,37,29.895164625703547
131,id22,684.5,352.0,vial6,37,29.895164625703547
132,id22,684.5,352.0,vial6,37,29.895164625703547
133,id22,684.5,352.0,vial6,37,29.895164625703547
134,id22,684.5,352.0,vial6,37,29.895164625703547
135,id22,684.5,352.0,vial6,37,29.895164625703547
136,id22,687.0,339.5,vial6,37,29.895164625703547
137,id22,675.5,323.5,vial6,37,29.895164625703547
138,id22,659.5,320.5,vial6,37,29.895164625703547
139,id22,648.5,303.5,vial6,37,29.895164625703547
140,id22,639.0,288.5,vial6,37,29.895164625703547
141,id22,626.0,279.5,vial6,37,29.895164625703547
142,id22,625.5,280.0,vial6,37,29.895164625703547
143,id22,625.5,279.5,vial6,37,29.895164625703547
144,id22,625.5,279.0,vial6,37,29.895164625703547
145,id22,625.5,278.5,vial6,37,29.895164625703547
146,id22,625.5,278.0,vial6,37,29.895164625703547
147,id22,625.0,277.0,vial6,37,29.895164625703547
148,id22,625.0,276.0,vial6,37,29.895164625703547
149,id22,625.5,275.0,vial6,37,29.895164625703547
150,id22,625.5,276.0,vial6,37,29.895164625703547
151,id22,624.5,275.0,vial6,37,29.895164625703547
152,id22,625.5,274.0,vial6,37,29.895164625703547
153,id22,625.5,273.0,vial6,37,29.895164625703547
154,id22,625.5,272.0,vial6,37,29.895164625703547
155,id22,625.5,271.0,vial6,37,29.895164625703547
156,id22,625.5,269.0,vial6,37,29.895164625703547
157,id22,625.5,268.0,vial6,37,29.895164625703547
158,id22,625.5,267.0,vial6,37,29.895164625703547
159,id22,625.5,266.0,vial6,37,29.895164625703547
160,id22,625.5,264.0,vial6,37,29.895164625703547
161,id22,625.5,262.0,vial6,37,29.895164625703547
162,id22,625.5,261.0,vial6,37,29.895164625703547
163,id22,625.5,260.0,vial6,37,29.895164625703547
164,id22,625.5,258.0,vial6,37,29.895164625703547
165,id22,625.5,257.0,vial6,37,29.895164625703547
166,id22,625.5,255.0,vial6,37,29.895164625703547
167,id22,626.0,257.0,vial6,37,29.895164625703547
168,id22,625.5,256.0,vial6,37,29.895164625703547
169,id22,625.5,255.0,vial6,37,29.895164625703547
170,id22,625.5,254.0,vial6,37,29.895164625703547
171,id22,625.5,254.0,vial6,37,29.895164625703547
172,id22,625.5,254.0,vial6,37,29.895164625703547
173,id22,625.5,254.0,vial6,37,29.895164625703547
174,id22,625.5,253.0,vial6,37,29.895164625703547
175,id22,625.5,253.0,vial6,37,29.895164625703547
176,id22,625.5,252.0,vial6,37,29.895164625703547
177,id22,625.5,250.0,vial6,37,29.895164625703547
178,id22,625.5,249.0,vial6,37,29.895164625703547
179,id22,626.0,249.0,vial6,37,29.895164625703547
180,id22,625.5,248.5,vial6,37,29.895164625703547
181,id22,625.5,248.0,vial6,37,29.895164625703547
182,id22,625.5,247.5,vial6,37,29.895164625703547
183,id22,625.5,247.0,vial6,37,29.895164625703547
184,id22,625.0,246.0,vial6,37,29.895164625703547
185,id22,625.0,245.5,vial6,37,29.895164625703547
186,id22,625.0,245.0,vial6,37,29.895164625703547
187,id22,625.0,245.0,vial6,37,29.895164625703547
188,id22,625.0,245.0,vial6,37,29.895164625703547
189,id22,625.5,245.0,vial6,37,29.895164625703547
190,id22,625.5,245.0,vial6,37,29.895164625703547
191,id22,625.5,244.0,vial6,37,29.895164625703547
192,id22,625.0,243.5,vial6,37,29.895164625703547
193,id22,625.0,243.0,vial6,37,29.895164625703547
194,id22,625.0,243.0,vial6,37,29.895164625703547
195,id22,625.0,243.0,vial6,37,29.895164625703547
196,id22,625.0,243.0,vial6,37,29.895164625703547
197,id22,625.0,243.0,vial6,37,29.895164625703547
198,id22,625.0,243.0,vial6,37,29.895164625703547
199,id22,625.0,242.5,vial6,37,29.895164625703547
200,id22,625.0,243.0,vial6,37,29.895164625703547
201,id22,625.0,243.0,vial6,37,29.895164625703547
202,id22,625.0,243.0,vial6,37,29.895164625703547
203,id22,625.0,243.0,vial6,37,29.895164625703547
204,id22,625.0,243.0,vial6,37,29.895164625703547
205,id22,624.5,243.0,vial6,37,29.895164625703547
206,id22,625.5,242.0,vial6,37,29.895164625703547
207,id22,625.0,241.0,vial6,37,29.895164625703547
208,id22,625.0,240.5,vial6,37,29.895164625703547
209,id22,625.0,240.0,vial6,37,29.895164625703547
210,id22,625.0,240.0,vial6,37,29.895164625703547
211,id22,625.0,240.0,vial6,37,29.895164625703547
212,id22,625.0,240.0,vial6,37,29.895164625703547
213,id22,625.0,240.0,vial6,37,29.895164625703547
214,id22,625.0,240.0,vial6,37,29.895164625703547
215,id22,625.0,240.0,vial6,37,29.895164625703547
216,id22,625.0,239.5,vial6,37,29.895164625703547
217,id22,625.0,239.0,vial6,37,29.895164625703547
218,id22,625.0,239.0,vial6,37,29.895164625703547
219,id22,625.0,239.0,vial6,37,29.895164625703547
220,id22,625.0,239.0,vial6,37,29.895164625703547
221,id22,630.0,235.0,vial6,37,29.895164625703547
222,id22,639.0,224.0,vial6,37,29.895164625703547
223,id22,644.0,213.5,vial6,37,29.895164625703547
224,id22,644.5,217.5,vial6,37,29.895164625703547
225,id22,645.5,229.5,vial6,37,29.895164625703547
226,id22,647.0,243.0,vial6,37,29.895164625703547
227,id22,640.0,267.5,vial6,37,29.895164625703547
228,id22,633.0,285.0,vial6,37,29.895164625703547
229,id22,637.5,299.5,vial6,37,29.895164625703547
230,id22,645.0,310.5,vial6,37,29.895164625703547
231,id22,637.5,327.0,vial6,37,29.895164625703547
232,id22,628.0,348.0,vial6,37,29.895164625703547
233,id22,629.5,351.5,vial6,37,29.895164625703547
234,id22,629.5,350.5,vial6,37,29.895164625703547
235,id22,629.5,351.0,vial6,37,29.895164625703547
236,id22,629.5,350.5,vial6,37,29.895164625703547
237,id22,629.5,350.0,vial6,37,29.895164625703547
238,id22,629.0,349.5,vial6,37,29.895164625703547
239,id22,629.0,349.0,vial6,37,29.895164625703547
240,id22,629.0,349.0,vial6,37,29.895164625703547
241,id22,629.0,349.0,vial6,37,29.895164625703547
242,id22,629.0,349.0,vial6,37,29.895164625703547
243,id22,629.0,349.0,vial6,37,29.895164625703547
244,id22,629.0,349.0,vial6,37,29.895164625703547
245,id22,628.5,348.0,vial6,37,29.895164625703547
246,id22,628.5,347.0,vial6,37,29.895164625703547
247,id22,628.5,347.0,vial6,37,29.895164625703547
248,id22,628.5,347.0,vial6,37,29.895164625703547
249,id22,628.5,346.5,vial6,37,29.895164625703547
250,id22,628.5,346.5,vial6,37,29.895164625703547
251,id22,628.5,346.0,vial6,37,29.895164625703547
252,id22,629.0,346.0,vial6,37,29.895164625703547
253,id22,628.5,345.5,vial6,37,29.895164625703547
254,id22,628.5,345.0,vial6,37,29.895164625703547
255,id22,628.5,345.0,vial6,37,29.895164625703547
256,id22,628.0,344.5,vial6,37,29.895164625703547
257,id22,628.5,343.0,vial6,37,29.895164625703547
258,id22,628.0,342.5,vial6,37,29.895164625703547
259,id22,627.5,342.0,vial6,37,29.895164625703547
260,id22,627.5,341.0,vial6,37,29.895164625703547
261,id22,627.5,341.0,vial6,37,29.895164625703547
262,id22,627.5,340.0,vial6,37,29.895164625703547
263,id22,627.5,340.0,vial6,37,29.895164625703547
264,id22,627.0,339.5,vial6,37,29.895164625703547
265,id22,627.0,338.5,vial6,37,29.895164625703547
266,id22,627.0,337.0,vial6,37,29.895164625703547
267,id22,627.0,337.0,vial6,37,29.895164625703547
268,id22,627.0,336.0,vial6,37,29.895164625703547
269,id22,627.0,336.0,vial6,37,29.895164625703547
270,id22,627.0,335.0,vial6,37,29.895164625703547
271,id22,627.0,334.5,vial6,37,29.895164625703547
272,id22,627.0,334.0,vial6,37,29.895164625703547
273,id22,627.0,333.0,vial6,37,29.895164625703547
274,id22,627.0,332.0,vial6,37,29.895164625703547
275,id22,627.0,332.0,vial6,37,29.895164625703547
276,id22,627.0,331.0,vial6,37,29.895164625703547
277,id22,626.5,330.0,vial6,37,29.895164625703547
278,id22,626.5,329.5,vial6,37,29.895164625703547
279,id22,626.5,328.0,vial6,37,29.895164625703547
280,id22,626.5,327.0,vial6,37,29.895164625703547
281,id22,626.5,326.5,vial6,37,29.895164625703547
282,id22,626.5,325.0,vial6,37,29.895164625703547
283,id22,626.5,324.0,vial6,37,29.895164625703547
284,id22,626.5,323.0,vial6,37,29.895164625703547
285,id22,626.5,322.0,vial6,37,29.895164625703547
286,id22,627.0,322.0,vial6,37,29.895164625703547
287,id22,627.0,321.5,vial6,37,29.895164625703547
288,id22,627.0,321.0,vial6,37,29.895164625703547
289,id22,627.0,320.0,vial6,37,29.895164625703547
290,id22,627.0,319.5,vial6,37,29.895164625703547
291,id22,627.0,318.0,vial6,37,29.895164625703547
292,id22,627.0,317.0,vial6,37,29.895164625703547
293,id22,627.0,316.0,vial6,37,29.895164625703547
294,id22,627.0,315.0,vial6,37,29.895164625703547
295,id22,627.0,314.0,vial6,37,29.895164625703547
296,id22,627.0,313.0,vial6,37,29.895164625703547
297,id22,627.0,311.5,vial6,37,29.895164625703547
298,id22,627.0,310.5,vial6,37,29.895164625703547
299,id22,627.5,310.0,vial6,37,29.895164625703547
300,id22,627.5,309.5,vial6,37,29.895164625703547
301,id22,627.5,308.5,vial6,37,29.895164625703547
302,id22,628.0,307.5,vial6,37,29.895164625703547
303,id22,628.0,306.5,vial6,37,29.895164625703547
304,id22,628.5,305.5,vial6,37,29.895164625703547
305,id22,628.5,305.5,vial6,37,29.895164625703547
306,id22,628.0,304.0,vial6,37,29.895164625703547
307,id22,628.5,302.5,vial6,37,29.895164625703547
308,id22,628.5,301.5,vial6,37,29.895164625703547
309,id22,629.0,300.5,vial6,37,29.895164625703547
310,id22,628.5,299.5,vial6,37,29.895164625703547
311,id22,629.0,297.5,vial6,37,29.895164625703547
312,id22,629.0,296.5,vial6,37,29.895164625703547
313,id22,629.5,295.5,vial6,37,29.895164625703547
314,id22,629.5,294.5,vial6,37,29.895164625703547
315,id22,630.0,292.5,vial6,37,29.895164625703547
316,id22,630.0,291.5,vial6,37,29.895164625703547
317,id22,630.0,289.5,vial6,37,29.895164625703547
318,id22,630.5,289.5,vial6,37,29.895164625703547
319,id22,631.0,290.5,vial6,37,29.895164625703547
320,id22,630.5,289.5,vial6,37,29.895164625703547
321,id22,630.5,288.5,vial6,37,29.895164625703547
322,id22,630.5,287.5,vial6,37,29.895164625703547
323,id22,630.5,286.5,vial6,37,29.895164625703547
324,id22,631.0,285.5,vial6,37,29.895164625703547
325,id22,631.0,284.5,vial6,37,29.895164625703547
326,id22,631.5,282.5,vial6,37,29.895164625703547
327,id22,631.5,282.0,vial6,37,29.895164625703547
328,id22,632.0,280.5,vial6,37,29.895164625703547
329,id22,632.0,280.5,vial6,37,29.895164625703547
330,id22,632.5,279.5,vial6,37,29.895164625703547
331,id22,632.5,278.5,vial6,37,29.895164625703547
332,id22,633.5,276.5,vial6,37,29.895164625703547
333,id22,633.5,276.5,vial6,37,29.895164625703547
334,id22,633.5,277.5,vial6,37,29.895164625703547
335,id22,633.5,277.0,vial6,37,29.895164625703547
336,id22,633.5,277.5,vial6,37,29.895164625703547
337,id22,633.5,277.5,vial6,37,29.895164625703547
338,id22,633.5,276.5,vial6,37,29.895164625703547
339,id22,633.5,276.5,vial6,37,29.895164625703547
340,id22,633.5,275.5,vial6,37,29.895164625703547
341,id22,634.5,274.5,vial6,37,29.895164625703547
342,id22,634.5,273.5,vial6,37,29.895164625703547
343,id22,634.5,273.5,vial6,37,29.895164625703547
344,id22,635.0,272.5,vial6,37,29.895164625703547
345,id22,635.0,271.5,vial6,37,29.895164625703547
346,id22,635.5,271.5,vial6,37,29.895164625703547
347,id22,636.0,270.5,vial6,37,29.895164625703547
348,id22,636.5,269.5,vial6,37,29.895164625703547
349,id22,636.5,268.5,vial6,37,29.895164625703547
350,id22,637.0,267.5,vial6,37,29.895164625703547
351,id22,637.5,267.5,vial6,37,29.895164625703547
352,id22,637.5,267.5,vial6,37,29.895164625703547
353,id22,638.5,265.5,vial6,37,29.895164625703547
354,id22,638.5,264.5,vial6,37,29.895164625703547
355,id22,639.0,263.5,vial6,37,29.895164625703547
356,id22,639.5,263.5,vial6,37,29.895164625703547
357,id22,639.5,263.5,vial6,37,29.895164625703547
358,id22,639.5,263.0,vial6,37,29.895164625703547
359,id22,639.5,263.0,vial6,37,29.895164625703547
360,id22,640.0,262.5,vial6,37,29.895164625703547
361,id22,640.5,261.5,vial6,37,29.895164625703547
362,id22,640.5,259.5,vial6,37,29.895164625703547
363,id22,640.5,258.5,vial6,37,29.895164625703547
364,id22,641.5,258.5,vial6,37,29.895164625703547
365,id22,642.0,256.5,vial6,37,29.895164625703547
366,id22,642.0,255.5,vial6,37,29.895164625703547
367,id22,642.5,254.5,vial6,37,29.895164625703547
368,id22,642.5,254.5,vial6,37,29.895164625703547
369,id22,642.5,254.5,vial6,37,29.895164625703547
370,id22,642.5,253.5,vial6,37,29.895164625703547
371,id22,642.5,253.0,vial6,37,29.895164625703547
372,id22,642.5,252.5,vial6,37,29.895164625703547
373,id22,643.0,252.5,vial6,37,29.895164625703547
374,id22,643.0,252.5,vial6,37,29.895164625703547
375,id22,642.5,252.5,vial6,37,29.895164625703547
376,id22,643.0,252.5,vial6,37,29.895164625703547
377,id22,643.5,252.0,vial6,37,29.895164625703547
378,id22,643.5,251.5,vial6,37,29.895164625703547
379,id22,644.0,250.5,vial6,37,29.895164625703547
380,id22,644.5,249.0,vial6,37,29.895164625703547
381,id22,644.5,248.5,vial6,37,29.895164625703547
0,id23,562.0,350.5,vial5,34,29.895164625703547
1,id23,560.5,351.5,vial5,34,29.895164625703547
2,id23,559.5,351.0,vial5,34,29.895164625703547
3,id23,559.5,351.0,vial5,34,29.895164625703547
4,id23,558.5,351.0,vial5,34,29.895164625703547
5,id23,559.0,351.0,vial5,34,29.895164625703547
6,id23,559.0,351.0,vial5,34,29.895164625703547
7,id23,558.0,350.5,vial5,34,29.895164625703547
8,id23,559.0,351.0,vial5,34,29.895164625703547
9,id23,558.5,350.5,vial5,34,29.895164625703547
10,id23,558.5,350.5,vial5,34,29.895164625703547
11,id23,558.5,350.5,vial5,34,29.895164625703547
12,id23,560.0,350.5,vial5,34,29.895164625703547
13,id23,558.0,351.5,vial5,34,29.895164625703547
14,id23,559.0,351.0,vial5,34,29.895164625703547
15,id23,559.5,351.0,vial5,34,29.895164625703547
16,id23,558.5,351.0,vial5,34,29.895164625703547
17,id23,558.5,351.5,vial5,34,29.895164625703547
18,id23,557.5,351.0,vial5,34,29.895164625703547
19,id23,557.0,351.0,vial5,34,29.895164625703547
20,id23,557.5,351.0,vial5,34,29.895164625703547
21,id23,558.5,351.0,vial5,34,29.895164625703547
22,id23,558.5,350.5,vial5,34,29.895164625703547
23,id23,559.0,350.0,vial5,34,29.895164625703547
24,id23,559.0,350.0,vial5,34,29.895164625703547
25,id23,558.0,349.0,vial5,34,29.895164625703547
26,id23,559.0,348.5,vial5,34,29.895164625703547
27,id23,559.0,348.0,vial5,34,29.895164625703547
28,id23,558.0,345.5,vial5,34,29.895164625703547
29,id23,558.5,343.0,vial5,34,29.895164625703547
30,id23,558.5,340.5,vial5,34,29.895164625703547
31,id23,558.5,339.0,vial5,34,29.895164625703547
32,id23,559.5,337.0,vial5,34,29.895164625703547
33,id23,560.5,334.5,vial5,34,29.895164625703547
34,id23,561.5,333.0,vial5,34,29.895164625703547
35,id23,561.5,331.0,vial5,34,29.895164625703547
36,id23,562.5,329.0,vial5,34,29.895164625703547
37,id23,563.5,327.5,vial5,34,29.895164625703547
38,id23,563.5,326.0,vial5,34,29.895164625703547
39,id23,564.5,324.0,vial5,34,29.895164625703547
40,id23,564.5,323.0,vial5,34,29.895164625703547
41,id23,564.5,321.5,vial5,34,29.895164625703547
42,id23,565.5,321.5,vial5,34,29.895164625703547
43,id23,566.5,320.5,vial5,34,29.895164625703547
44,id23,566.5,320.5,vial5,34,29.895164625703547
45,id23,567.5,321.0,vial5,34,29.895164625703547
46,id23,568.5,321.5,vial5,34,29.895164625703547
47,id23,568.5,321.0,vial5,34,29.895164625703547
48,id23,568.5,320.5,vial5,34,29.895164625703547
49,id23,569.5,319.5,vial5,34,29.895164625703547
50,id23,569.5,318.5,vial5,34,29.895164625703547
51,id23,569.5,317.0,vial5,34,29.895164625703547
52,id23,569.5,315.0,vial5,34,29.895164625703547
53,id23,569.5,313.5,vial5,34,29.895164625703547
54,id23,569.5,312.0,vial5,34,29.895164625703547
55,id23,569.5,311.0,vial5,34,29.895164625703547
56,id23,569.5,309.0,vial5,34,29.895164625703547
57,id23,569.5,308.0,vial5,34,29.895164625703547
58,id23,569.5,307.0,vial5,34,29.895164625703547
59,id23,569.5,306.0,vial5,34,29.895164625703547
60,id23,569.5,305.0,vial5,34,29.895164625703547
61,id23,569.5,304.0,vial5,34,29.895164625703547
62,id23,569.5,303.5,vial5,34,29.895164625703547
63,id23,569.5,302.5,vial5,34,29.895164625703547
64,id23,568.5,301.5,vial5,34,29.895164625703547
65,id23,568.0,300.5,vial5,34,29.895164625703547
66,id23,567.5,299.5,vial5,34,29.895164625703547
67,id23,567.5,299.0,vial5,34,29.895164625703547
68,id23,566.5,297.5,vial5,34,29.895164625703547
69,id23,566.0,297.0,vial5,34,29.895164625703547
70,id23,564.5,296.5,vial5,34,29.895164625703547
71,id23,563.5,296.5,vial5,34,29.895164625703547
72,id23,562.5,295.5,vial5,34,29.895164625703547
73,id23,560.5,295.5,vial5,34,29.895164625703547
74,id23,559.5,294.5,vial5,34,29.895164625703547
75,id23,558.5,295.0,vial5,34,29.895164625703547
76,id23,558.0,294.5,vial5,34,29.895164625703547
77,id23,557.0,295.0,vial5,34,29.895164625703547
78,id23,556.0,295.0,vial5,34,29.895164625703547
79,id23,556.0,295.0,vial5,34,29.895164625703547
80,id23,556.0,295.0,vial5,34,29.895164625703547
81,id23,556.0,295.0,vial5,34,29.895164625703547
82,id23,556.0,295.0,vial5,34,29.895164625703547
83,id23,556.0,295.0,vial5,34,29.895164625703547
84,id23,556.0,295.0,vial5,34,29.895164625703547
85,id23,556.0,295.5,vial5,34,29.895164625703547
86,id23,556.0,296.0,vial5,34,29.895164625703547
87,id23,556.0,296.0,vial5,34,29.895164625703547
88,id23,556.0,296.0,vial5,34,29.895164625703547
89,id23,556.0,296.0,vial5,34,29.895164625703547
90,id23,556.0,296.0,vial5,34,29.895164625703547
91,id23,556.0,296.0,vial5,34,29.895164625703547
92,id23,556.0,296.0,vial5,34,29.895164625703547
93,id23,556.0,296.0,vial5,34,29.895164625703547
94,id23,556.0,296.0,vial5,34,29.895164625703547
95,id23,556.5,296.0,vial5,34,29.895164625703547
96,id23,556.0,296.0,vial5,34,29.895164625703547
97,id23,556.0,296.0,vial5,34,29.895164625703547
98,id23,556.5,296.0,vial5,34,29.895164625703547
99,id23,557.0,296.0,vial5,34,29.895164625703547
100,id23,557.0,296.0,vial5,34,29.895164625703547
101,id23,556.5,296.0,vial5,34,29.895164625703547
102,id23,557.0,296.0,vial5,34,29.895164625703547
103,id23,557.0,296.0,vial5,34,29.895164625703547
104,id23,557.0,296.0,vial5,34,29.895164625703547
105,id23,557.0,296.0,vial5,34,29.895164625703547
106,id23,557.0,296.0,vial5,34,29.895164625703547
107,id23,557.0,296.0,vial5,34,29.895164625703547
108,id23,557.0,296.0,vial5,34,29.895164625703547
109,id23,557.0,296.0,vial5,34,29.895164625703547
110,id23,557.0,296.0,vial5,34,29.895164625703547
111,id23,557.0,296.0,vial5,34,29.895164625703547
112,id23,557.0,296.0,vial5,34,29.895164625703547
113,id23,557.0,296.0,vial5,34,29.895164625703547
114,id23,557.0,296.0,vial5,34,29.895164625703547
115,id23,557.0,296.0,vial5,34,29.895164625703547
116,id23,557.0,297.0,vial5,34,29.895164625703547
117,id23,557.5,299.5,vial5,34,29.895164625703547
118,id23,557.0,299.0,vial5,34,29.895164625703547
119,id23,556.5,299.0,vial5,34,29.895164625703547
120,id23,555.5,299.0,vial5,34,29.895164625703547
121,id23,555.0,299.0,vial5,34,29.895164625703547
122,id23,554.0,299.5,vial5,34,29.895164625703547
123,id23,553.0,299.0,vial5,34,29.895164625703547
124,id23,552.5,299.0,vial5,34,29.895164625703547
125,id23,552.0,299.0,vial5,34,29.895164625703547
126,id23,551.0,299.0,vial5,34,29.895164625703547
127,id23,550.0,298.0,vial5,34,29.895164625703547
128,id23,549.0,298.0,vial5,34,29.895164625703547
129,id23,549.5,297.0,vial5,34,29.895164625703547
130,id23,548.5,296.5,vial5,34,29.895164625703547
131,id23,547.5,296.0,vial5,34,29.895164625703547
132,id23,546.5,295.0,vial5,34,29.895164625703547
133,id23,545.0,295.0,vial5,34,29.895164625703547
134,id23,543.0,294.0,vial5,34,29.895164625703547
135,id23,541.0,293.0,vial5,34,29.895164625703547
136,id23,540.0,291.5,vial5,34,29.895164625703547
137,id23,538.5,289.5,vial5,34,29.895164625703547
138,id23,537.0,288.5,vial5,34,29.895164625703547
139,id23,536.0,286.5,vial5,34,29.895164625703547
140,id23,534.0,284.5,vial5,34,29.895164625703547
141,id23,532.0,283.0,vial5,34,29.895164625703547
142,id23,531.0,281.5,vial5,34,29.895164625703547
143,id23,529.0,279.5,vial5,34,29.895164625703547
144,id23,527.5,277.5,vial5,34,29.895164625703547
145,id23,526.0,275.5,vial5,34,29.895164625703547
146,id23,524.5,274.0,vial5,34,29.895164625703547
147,id23,523.0,272.5,vial5,34,29.895164625703547
148,id23,521.0,270.5,vial5,34,29.895164625703547
149,id23,520.0,268.5,vial5,34,29.895164625703547
150,id23,518.5,267.0,vial5,34,29.895164625703547
151,id23,517.0,266.0,vial5,34,29.895164625703547
152,id23,516.0,264.5,vial5,34,29.895164625703547
153,id23,515.0,262.5,vial5,34,29.895164625703547
154,id23,514.0,261.0,vial5,34,29.895164625703547
155,id23,512.5,259.5,vial5,34,29.895164625703547
156,id23,512.0,258.0,vial5,34,29.895164625703547
157,id23,511.5,256.0,vial5,34,29.895164625703547
158,id23,510.0,254.5,vial5,34,29.895164625703547
159,id23,509.5,252.5,vial5,34,29.895164625703547
160,id23,508.5,250.5,vial5,34,29.895164625703547
161,id23,507.5,249.0,vial5,34,29.895164625703547
162,id23,507.0,247.0,vial5,34,29.895164625703547
163,id23,506.5,245.0,vial5,34,29.895164625703547
164,id23,505.5,243.0,vial5,34,29.895164625703547
165,id23,505.5,241.0,vial5,34,29.895164625703547
166,id23,504.5,239.5,vial5,34,29.895164625703547
167,id23,504.5,237.0,vial5,34,29.895164625703547
168,id23,504.0,235.0,vial5,34,29.895164625703547
169,id23,503.5,232.5,vial5,34,29.895164625703547
170,id23,503.0,230.5,vial5,34,29.895164625703547
171,id23,502.5,228.5,vial5,34,29.895164625703547
172,id23,502.5,226.0,vial5,34,29.895164625703547
173,id23,502.5,223.5,vial5,34,29.895164625703547
174,id23,502.5,221.0,vial5,34,29.895164625703547
175,id23,502.5,219.0,vial5,34,29.895164625703547
176,id23,502.5,216.0,vial5,34,29.895164625703547
177,id23,502.5,214.0,vial5,34,29.895164625703547
178,id23,503.5,210.0,vial5,34,29.895164625703547
179,id23,503.5,209.5,vial5,34,29.895164625703547
180,id23,504.0,208.5,vial5,34,29.895164625703547
181,id23,505.0,207.0,vial5,34,29.895164625703547
182,id23,505.0,206.5,vial5,34,29.895164625703547
183,id23,505.0,205.5,vial5,34,29.895164625703547
184,id23,505.5,205.0,vial5,34,29.895164625703547
223,id23,564.0,172.0,vial5,34,29.895164625703547
224,id23,566.5,170.0,vial5,34,29.895164625703547
225,id23,566.5,169.0,vial5,34,29.895164625703547
226,id23,566.5,169.0,vial5,34,29.895164625703547
227,id23,566.5,167.0,vial5,34,29.895164625703547
228,id23,566.5,166.0,vial5,34,29.895164625703547
229,id23,565.5,165.0,vial5,34,29.895164625703547
230,id23,566.0,163.0,vial5,34,29.895164625703547
231,id23,566.5,162.0,vial5,34,29.895164625703547
232,id23,566.5,160.0,vial5,34,29.895164625703547
233,id23,567.0,158.5,vial5,34,29.895164625703547
234,id23,567.5,156.0,vial5,34,29.895164625703547
235,id23,568.0,154.0,vial5,34,29.895164625703547
236,id23,568.0,152.5,vial5,34,29.895164625703547
237,id23,568.5,150.5,vial5,34,29.895164625703547
238,id23,569.0,148.5,vial5,34,29.895164625703547
239,id23,569.0,145.5,vial5,34,29.895164625703547
240,id23,569.5,143.5,vial5,34,29.895164625703547
241,id23,569.5,141.5,vial5,34,29.895164625703547
242,id23,569.5,138.5,vial5,34,29.895164625703547
243,id23,570.0,135.5,vial5,34,29.895164625703547
244,id23,569.5,133.5,vial5,34,29.895164625703547
245,id23,569.5,130.5,vial5,34,29.895164625703547
246,id23,569.5,127.5,vial5,34,29.895164625703547
247,id23,569.5,125.0,vial5,34,29.895164625703547
248,id23,569.5,122.5,vial5,34,29.895164625703547
249,id23,569.5,121.0,vial5,34,29.895164625703547
250,id23,569.5,119.5,vial5,34,29.895164625703547
251,id23,569.5,118.0,vial5,34,29.895164625703547
252,id23,569.5,117.0,vial5,34,29.895164625703547
253,id23,569.5,116.0,vial5,34,29.895164625703547
254,id23,569.5,116.0,vial5,34,29.895164625703547
255,id23,569.5,116.0,vial5,34,29.895164625703547
256,id23,566.0,112.5,vial5,34,29.895164625703547
257,id23,523.5,86.0,vial5,34,29.895164625703547
258,id23,510.5,71.5,vial5,34,29.895164625703547
259,id23,511.0,71.5,vial5,34,29.895164625703547
260,id23,512.0,71.5,vial5,34,29.895164625703547
261,id23,512.0,71.0,vial5,34,29.895164625703547
262,id23,512.5,70.0,vial5,34,29.895164625703547
263,id23,512.0,68.5,vial5,34,29.895164625703547
264,id23,512.0,67.0,vial5,34,29.895164625703547
265,id23,513.0,65.0,vial5,34,29.895164625703547
266,id23,514.0,63.0,vial5,34,29.895164625703547
267,id23,515.5,62.0,vial5,34,29.895164625703547
268,id23,517.0,61.0,vial5,34,29.895164625703547
269,id23,519.5,61.0,vial5,34,29.895164625703547
270,id23,521.5,60.5,vial5,34,29.895164625703547
271,id23,523.0,60.0,vial5,34,29.895164625703547
272,id23,525.0,60.0,vial5,34,29.895164625703547
273,id23,526.5,59.5,vial5,34,29.895164625703547
274,id23,528.5,58.0,vial5,34,29.895164625703547
275,id23,530.5,57.5,vial5,34,29.895164625703547
276,id23,532.5,56.5,vial5,34,29.895164625703547
277,id23,534.5,55.5,vial5,34,29.895164625703547
278,id23,536.0,55.0,vial5,34,29.895164625703547
279,id23,537.5,54.0,vial5,34,29.895164625703547
280,id23,538.5,53.5,vial5,34,29.895164625703547
281,id23,540.0,52.5,vial5,34,29.895164625703547
282,id23,541.0,51.0,vial5,34,29.895164625703547
283,id23,543.0,49.5,vial5,34,29.895164625703547
284,id23,544.5,48.0,vial5,34,29.895164625703547
285,id23,546.5,47.0,vial5,34,29.895164625703547
286,id23,548.5,46.0,vial5,34,29.895164625703547
287,id23,549.5,45.0,vial5,34,29.895164625703547
288,id23,551.0,45.0,vial5,34,29.895164625703547
289,id23,551.5,45.0,vial5,34,29.895164625703547
290,id23,551.5,45.0,vial5,34,29.895164625703547
291,id23,551.5,45.0,vial5,34,29.895164625703547
292,id23,551.5,45.0,vial5,34,29.895164625703547
293,id23,551.5,44.5,vial5,34,29.895164625703547
294,id23,551.5,44.5,vial5,34,29.895164625703547
295,id23,551.5,45.0,vial5,34,29.895164625703547
296,id23,551.5,45.0,vial5,34,29.895164625703547
297,id23,551.5,44.5,vial5,34,29.895164625703547
298,id23,551.0,38.0,vial5,34,29.895164625703547
0,id24,659.5,350.0,vial6,41,29.895164625703547
1,id24,660.5,349.5,vial6,41,29.895164625703547
2,id24,661.5,349.0,vial6,41,29.895164625703547
3,id24,661.5,349.0,vial6,41,29.895164625703547
4,id24,663.0,349.0,vial6,41,29.895164625703547
5,id24,664.5,349.0,vial6,41,29.895164625703547
6,id24,665.0,349.5,vial6,41,29.895164625703547
7,id24,664.5,349.5,vial6,41,29.895164625703547
8,id24,665.5,349.5,vial6,41,29.895164625703547
9,id24,665.5,349.5,vial6,41,29.895164625703547
10,id24,664.5,350.0,vial6,41,29.895164625703547
11,id24,666.0,349.0,vial6,41,29.895164625703547
12,id24,686.0,353.0,vial6,41,29.895164625703547
13,id24,689.5,353.0,vial6,41,29.895164625703547
17,id24,682.0,353.5,vial6,41,29.895164625703547
18,id24,682.5,353.5,vial6,41,29.895164625703547
19,id24,681.0,352.5,vial6,41,29.895164625703547
20,id24,682.0,353.0,vial6,41,29.895164625703547
21,id24,683.5,353.5,vial6,41,29.895164625703547
22,id24,684.0,353.5,vial6,41,29.895164625703547
23,id24,684.5,353.5,vial6,41,29.895164625703547
24,id24,684.5,353.5,vial6,41,29.895164625703547
25,id24,684.0,354.0,vial6,41,29.895164625703547
26,id24,685.0,353.5,vial6,41,29.895164625703547
27,id24,685.5,353.5,vial6,41,29.895164625703547
28,id24,685.5,353.5,vial6,41,29.895164625703547
29,id24,686.5,353.5,vial6,41,29.895164625703547
30,id24,686.0,353.0,vial6,41,29.895164625703547
31,id24,686.5,352.5,vial6,41,29.895164625703547
32,id24,687.0,351.5,vial6,41,29.895164625703547
33,id24,687.5,350.5,vial6,41,29.895164625703547
34,id24,688.0,348.0,vial6,41,29.895164625703547
35,id24,688.5,346.0,vial6,41,29.895164625703547
36,id24,688.0,345.0,vial6,41,29.895164625703547
37,id24,689.0,343.5,vial6,41,29.895164625703547
38,id24,689.0,341.5,vial6,41,29.895164625703547
39,id24,689.5,340.0,vial6,41,29.895164625703547
40,id24,690.0,338.5,vial6,41,29.895164625703547
41,id24,690.0,337.0,vial6,41,29.895164625703547
42,id24,690.5,336.0,vial6,41,29.895164625703547
43,id24,690.5,335.0,vial6,41,29.895164625703547
44,id24,690.5,333.0,vial6,41,29.895164625703547
45,id24,690.5,331.5,vial6,41,29.895164625703547
46,id24,690.5,331.0,vial6,41,29.895164625703547
47,id24,691.0,330.0,vial6,41,29.895164625703547
48,id24,691.0,328.5,vial6,41,29.895164625703547
49,id24,691.0,328.0,vial6,41,29.895164625703547
50,id24,691.0,326.5,vial6,41,29.895164625703547
51,id24,691.0,325.5,vial6,41,29.895164625703547
52,id24,655.0,333.5,vial6,41,29.895164625703547
53,id24,691.0,323.0,vial6,41,29.895164625703547
62,id24,659.5,299.5,vial6,41,29.895164625703547
63,id24,659.5,295.0,vial6,41,29.895164625703547
64,id24,659.5,295.0,vial6,41,29.895164625703547
65,id24,659.5,295.5,vial6,41,29.895164625703547
66,id24,659.5,295.5,vial6,41,29.895164625703547
67,id24,659.5,295.5,vial6,41,29.895164625703547
68,id24,660.0,297.0,vial6,41,29.895164625703547
69,id24,660.0,297.5,vial6,41,29.895164625703547
70,id24,660.0,297.5,vial6,41,29.895164625703547
71,id24,660.5,298.0,vial6,41,29.895164625703547
72,id24,660.5,298.5,vial6,41,29.895164625703547
73,id24,660.5,299.0,vial6,41,29.895164625703547
74,id24,660.0,298.5,vial6,41,29.895164625703547
75,id24,660.0,299.0,vial6,41,29.895164625703547
76,id24,660.0,299.0,vial6,41,29.895164625703547
77,id24,659.5,298.5,vial6,41,29.895164625703547
78,id24,658.5,298.0,vial6,41,29.895164625703547
79,id24,658.5,297.5,vial6,41,29.895164625703547
80,id24,658.5,297.5,vial6,41,29.895164625703547
81,id24,659.5,298.0,vial6,41,29.895164625703547
82,id24,659.0,298.5,vial6,41,29.895164625703547
83,id24,659.5,298.5,vial6,41,29.895164625703547
84,id24,659.5,298.0,vial6,41,29.895164625703547
85,id24,659.0,297.5,vial6,41,29.895164625703547
86,id24,659.0,297.0,vial6,41,29.895164625703547
87,id24,658.5,295.5,vial6,41,29.895164625703547
88,id24,657.5,294.5,vial6,41,29.895164625703547
89,id24,657.5,293.0,vial6,41,29.895164625703547
90,id24,657.5,290.5,vial6,41,29.895164625703547
91,id24,656.5,289.0,vial6,41,29.895164625703547
92,id24,656.0,287.5,vial6,41,29.895164625703547
93,id24,655.5,285.0,vial6,41,29.895164625703547
94,id24,654.0,284.0,vial6,41,29.895164625703547
95,id24,652.5,281.5,vial6,41,29.895164625703547
96,id24,651.0,280.0,vial6,41,29.895164625703547
97,id24,649.5,278.0,vial6,41,29.895164625703547
98,id24,648.5,277.0,vial6,41,29.895164625703547
99,id24,647.5,275.0,vial6,41,29.895164625703547
100,id24,647.5,274.0,vial6,41,29.895164625703547
101,id24,646.5,272.0,vial6,41,29.895164625703547
102,id24,646.5,270.5,vial6,41,29.895164625703547
103,id24,647.5,269.5,vial6,41,29.895164625703547
104,id24,647.5,267.5,vial6,41,29.895164625703547
105,id24,648.0,266.5,vial6,41,29.895164625703547
106,id24,648.5,265.5,vial6,41,29.895164625703547
107,id24,649.0,262.5,vial6,41,29.895164625703547
108,id24,649.0,261.0,vial6,41,29.895164625703547
109,id24,650.5,259.0,vial6,41,29.895164625703547
110,id24,650.0,256.5,vial6,41,29.895164625703547
111,id24,651.0,254.5,vial6,41,29.895164625703547
112,id24,651.0,253.0,vial6,41,29.895164625703547
113,id24,651.0,251.0,vial6,41,29.895164625703547
114,id24,651.0,248.5,vial6,41,29.895164625703547
115,id24,651.0,246.0,vial6,41,29.895164625703547
116,id24,652.0,244.0,vial6,41,29.895164625703547
117,id24,652.0,241.5,vial6,41,29.895164625703547
118,id24,651.5,239.5,vial6,41,29.895164625703547
119,id24,651.0,237.0,vial6,41,29.895164625703547
120,id24,651.0,234.5,vial6,41,29.895164625703547
121,id24,650.5,231.5,vial6,41,29.895164625703547
122,id24,650.0,230.0,vial6,41,29.895164625703547
123,id24,649.5,227.5,vial6,41,29.895164625703547
124,id24,649.5,225.5,vial6,41,29.895164625703547
125,id24,649.0,223.5,vial6,41,29.895164625703547
126,id24,649.0,221.5,vial6,41,29.895164625703547
127,id24,648.5,219.0,vial6,41,29.895164625703547
128,id24,648.5,217.5,vial6,41,29.895164625703547
129,id24,648.0,216.0,vial6,41,29.895164625703547
130,id24,647.5,214.5,vial6,41,29.895164625703547
131,id24,646.5,212.5,vial6,41,29.895164625703547
132,id24,646.5,210.5,vial6,41,29.895164625703547
133,id24,645.5,208.5,vial6,41,29.895164625703547
134,id24,645.5,207.0,vial6,41,29.895164625703547
135,id24,644.5,205.0,vial6,41,29.895164625703547
136,id24,644.5,203.0,vial6,41,29.895164625703547
137,id24,643.5,201.0,vial6,41,29.895164625703547
138,id24,643.0,198.5,vial6,41,29.895164625703547
139,id24,642.5,196.5,vial6,41,29.895164625703547
140,id24,641.5,194.5,vial6,41,29.895164625703547
141,id24,640.5,192.5,vial6,41,29.895164625703547
142,id24,640.0,191.0,vial6,41,29.895164625703547
143,id24,639.0,189.5,vial6,41,29.895164625703547
144,id24,637.5,187.5,vial6,41,29.895164625703547
145,id24,636.5,185.5,vial6,41,29.895164625703547
146,id24,635.0,184.0,vial6,41,29.895164625703547
147,id24,634.0,182.5,vial6,41,29.895164625703547
148,id24,633.0,181.0,vial6,41,29.895164625703547
149,id24,631.0,179.0,vial6,41,29.895164625703547
150,id24,630.0,177.5,vial6,41,29.895164625703547
151,id24,629.5,175.5,vial6,41,29.895164625703547
152,id24,629.0,174.5,vial6,41,29.895164625703547
153,id24,628.5,173.0,vial6,41,29.895164625703547
154,id24,627.5,172.0,vial6,41,29.895164625703547
155,id24,627.5,170.5,vial6,41,29.895164625703547
156,id24,626.5,169.0,vial6,41,29.895164625703547
157,id24,626.5,168.0,vial6,41,29.895164625703547
158,id24,626.5,167.0,vial6,41,29.895164625703547
159,id24,626.5,166.5,vial6,41,29.895164625703547
160,id24,626.5,165.5,vial6,41,29.895164625703547
161,id24,626.5,164.0,vial6,41,29.895164625703547
162,id24,626.0,162.0,vial6,41,29.895164625703547
163,id24,626.5,161.5,vial6,41,29.895164625703547
164,id24,626.5,160.0,vial6,41,29.895164625703547
165,id24,627.0,158.0,vial6,41,29.895164625703547
166,id24,627.0,156.0,vial6,41,29.895164625703547
167,id24,627.0,154.0,vial6,41,29.895164625703547
168,id24,627.0,152.0,vial6,41,29.895164625703547
169,id24,627.0,151.0,vial6,41,29.895164625703547
170,id24,626.5,148.5,vial6,41,29.895164625703547
171,id24,628.0,149.0,vial6,41,29.895164625703547
172,id24,627.5,148.5,vial6,41,29.895164625703547
177,id24,665.5,138.5,vial6,41,29.895164625703547
178,id24,687.5,129.0,vial6,41,29.895164625703547
179,id24,687.5,129.0,vial6,41,29.895164625703547
180,id24,687.5,129.5,vial6,41,29.895164625703547
181,id24,687.5,129.0,vial6,41,29.895164625703547
182,id24,687.5,129.5,vial6,41,29.895164625703547
183,id24,687.5,129.0,vial6,41,29.895164625703547
184,id24,687.5,129.0,vial6,41,29.895164625703547
185,id24,687.5,129.0,vial6,41,29.895164625703547
186,id24,687.5,129.0,vial6,41,29.895164625703547
187,id24,687.5,129.0,vial6,41,29.895164625703547
188,id24,687.5,129.0,vial6,41,29.895164625703547
189,id24,687.5,129.0,vial6,41,29.895164625703547
190,id24,687.5,129.0,vial6,41,29.895164625703547
191,id24,687.5,129.0,vial6,41,29.895164625703547
192,id24,687.5,129.0,vial6,41,29.895164625703547
193,id24,687.5,129.0,vial6,41,29.895164625703547
194,id24,687.5,129.0,vial6,41,29.895164625703547
195,id24,687.5,129.0,vial6,41,29.895164625703547
196,id24,687.5,129.5,vial6,41,29.895164625703547
197,id24,687.5,129.0,vial6,41,29.895164625703547
198,id24,687.5,129.0,vial6,41,29.895164625703547
199,id24,687.5,129.0,vial6,41,29.895164625703547
200,id24,687.5,129.5,vial6,41,29.895164625703547
201,id24,687.5,129.0,vial6,41,29.895164625703547
202,id24,687.5,129.0,vial6,41,29.895164625703547
203,id24,687.5,128.0,vial6,41,29.895164625703547
204,id24,687.0,127.0,vial6,41,29.895164625703547
205,id24,687.0,126.5,vial6,41,29.895164625703547
206,id24,686.5,125.0,vial6,41,29.895164625703547
207,id24,686.5,124.0,vial6,41,29.895164625703547
208,id24,686.5,122.0,vial6,41,29.895164625703547
209,id24,686.0,120.0,vial6,41,29.895164625703547
210,id24,685.5,118.0,vial6,41,29.895164625703547
211,id24,685.5,116.0,vial6,41,29.895164625703547
212,id24,685.0,115.0,vial6,41,29.895164625703547
213,id24,685.0,114.5,vial6,41,29.895164625703547
214,id24,684.5,114.0,vial6,41,29.895164625703547
215,id24,684.5,113.5,vial6,41,29.895164625703547
216,id24,684.5,113.5,vial6,41,29.895164625703547
217,id24,684.5,113.5,vial6,41,29.895164625703547
218,id24,684.5,113.5,vial6,41,29.895164625703547
219,id24,685.0,113.0,vial6,41,29.895164625703547
220,id24,684.5,112.5,vial6,41,29.895164625703547
221,id24,684.5,112.0,vial6,41,29.895164625703547
222,id24,684.5,112.0,vial6,41,29.895164625703547
223,id24,684.5,111.0,vial6,41,29.895164625703547
224,id24,684.5,111.0,vial6,41,29.895164625703547
225,id24,684.5,110.5,vial6,41,29.895164625703547
226,id24,684.5,110.0,vial6,41,29.895164625703547
227,id24,684.5,110.0,vial6,41,29.895164625703547
228,id24,684.5,109.0,vial6,41,29.895164625703547
229,id24,684.5,109.0,vial6,41,29.895164625703547
230,id24,684.5,109.0,vial6,41,29.895164625703547
231,id24,684.5,109.0,vial6,41,29.895164625703547
232,id24,684.5,109.0,vial6,41,29.895164625703547
233,id24,684.5,109.0,vial6,41,29.895164625703547
234,id24,684.5,109.0,vial6,41,29.895164625703547
235,id24,684.5,109.0,vial6,41,29.895164625703547
236,id24,684.5,109.0,vial6,41,29.895164625703547
237,id24,684.5,109.0,vial6,41,29.895164625703547
238,id24,684.5,109.0,vial6,41,29.895164625703547
239,id24,684.5,109.0,vial6,41,29.895164625703547
240,id24,684.5,109.0,vial6,41,29.895164625703547
241,id24,684.5,109.0,vial6,41,29.895164625703547
242,id24,684.5,109.0,vial6,41,29.895164625703547
243,id24,684.5,109.0,vial6,41,29.895164625703547
244,id24,684.5,109.0,vial6,41,29.895164625703547
245,id24,684.5,109.0,vial6,41,29.895164625703547
246,id24,684.5,109.0,vial6,41,29.895164625703547
247,id24,684.0,109.0,vial6,41,29.895164625703547
248,id24,684.0,109.0,vial6,41,29.895164625703547
249,id24,684.0,109.0,vial6,41,29.895164625703547
250,id24,684.0,109.0,vial6,41,29.895164625703547
251,id24,684.0,109.0,vial6,41,29.895164625703547
252,id24,684.0,108.5,vial6,41,29.895164625703547
253,id24,684.0,108.0,vial6,41,29.895164625703547
254,id24,684.5,108.5,vial6,41,29.895164625703547
255,id24,684.0,107.5,vial6,41,29.895164625703547
256,id24,672.0,101.0,vial6,41,29.895164625703547
257,id24,645.5,83.0,vial6,41,29.895164625703547
258,id24,641.0,68.5,vial6,41,29.895164625703547
259,id24,638.5,61.5,vial6,41,29.895164625703547
260,id24,628.5,59.0,vial6,41,29.895164625703547
261,id24,627.5,61.5,vial6,41,29.895164625703547
262,id24,627.5,60.5,vial6,41,29.895164625703547
263,id24,627.5,59.5,vial6,41,29.895164625703547
264,id24,626.5,58.5,vial6,41,29.895164625703547
265,id24,626.5,57.5,vial6,41,29.895164625703547
266,id24,626.5,58.5,vial6,41,29.895164625703547
267,id24,626.5,58.5,vial6,41,29.895164625703547
268,id24,626.5,58.5,vial6,41,29.895164625703547
269,id24,626.5,58.0,vial6,41,29.895164625703547
270,id24,626.5,57.5,vial6,41,29.895164625703547
271,id24,627.0,57.0,vial6,41,29.895164625703547
272,id24,627.0,56.5,vial6,41,29.895164625703547
273,id24,627.0,56.0,vial6,41,29.895164625703547
274,id24,628.0,54.0,vial6,41,29.895164625703547
275,id24,628.0,53.0,vial6,41,29.895164625703547
276,id24,629.5,52.0,vial6,41,29.895164625703547
277,id24,630.0,51.0,vial6,41,29.895164625703547
278,id24,630.0,49.5,vial6,41,29.895164625703547
279,id24,631.5,48.5,vial6,41,29.895164625703547
280,id24,632.0,47.0,vial6,41,29.895164625703547
281,id24,633.5,46.0,vial6,41,29.895164625703547
282,id24,634.5,45.0,vial6,41,29.895164625703547
283,id24,635.5,44.0,vial6,41,29.895164625703547
284,id24,636.5,43.5,vial6,41,29.895164625703547
285,id24,637.5,43.0,vial6,41,29.895164625703547
286,id24,638.5,42.0,vial6,41,29.895164625703547
287,id24,640.0,41.0,vial6,41,29.895164625703547
288,id24,642.0,40.5,vial6,41,29.895164625703547
289,id24,643.5,39.5,vial6,41,29.895164625703547
290,id24,645.0,38.5,vial6,41,29.895164625703547
291,id24,647.0,37.5,vial6,41,29.895164625703547
292,id24,648.0,36.5,vial6,41,29.895164625703547
293,id24,650.0,35.5,vial6,41,29.895164625703547
294,id24,652.0,34.0,vial6,41,29.895164625703547
295,id24,653.5,32.5,vial6,41,29.895164625703547
296,id24,655.0,31.0,vial6,41,29.895164625703547
297,id24,656.5,29.0,vial6,41,29.895164625703547
298,id24,658.5,27.0,vial6,41,29.895164625703547
299,id24,659.5,25.5,vial6,41,29.895164625703547
300,id24,661.0,23.5,vial6,41,29.895164625703547
301,id24,663.0,22.0,vial6,41,29.895164625703547
302,id24,664.0,20.0,vial6,41,29.895164625703547
303,id24,665.0,19.0,vial6,41,29.895164625703547
304,id24,666.5,17.0,vial6,41,29.895164625703547
305,id24,668.0,14.5,vial6,41,29.895164625703547
306,id24,669.0,13.0,vial6,41,29.895164625703547
307,id24,670.0,11.5,vial6,41,29.895164625703547
0,id25,552.0,349.0,vial5,33,29.895164625703547
1,id25,549.0,348.0,vial5,33,29.895164625703547
2,id25,549.0,348.0,vial5,33,29.895164625703547
3,id25,547.5,347.5,vial5,33,29.895164625703547
4,id25,545.5,347.5,vial5,33,29.895164625703547
5,id25,544.0,347.5,vial5,33,29.895164625703547
6,id25,542.0,347.0,vial5,33,29.895164625703547
7,id25,539.5,347.5,vial5,33,29.895164625703547
8,id25,540.0,347.0,vial5,33,29.895164625703547
9,id25,540.0,346.0,vial5,33,29.895164625703547
10,id25,540.0,347.5,vial5,33,29.895164625703547
11,id25,538.5,350.0,vial5,33,29.895164625703547
12,id25,539.0,347.0,vial5,33,29.895164625703547
13,id25,539.0,347.0,vial5,33,29.895164625703547
14,id25,539.0,347.5,vial5,33,29.895164625703547
15,id25,538.5,347.5,vial5,33,29.895164625703547
16,id25,537.0,348.5,vial5,33,29.895164625703547
17,id25,536.0,349.0,vial5,33,29.895164625703547
18,id25,535.0,349.0,vial5,33,29.895164625703547
19,id25,534.0,349.0,vial5,33,29.895164625703547
20,id25,534.0,348.5,vial5,33,29.895164625703547
21,id25,544.5,309.5,vial5,33,29.895164625703547
22,id25,541.0,294.0,vial5,33,29.895164625703547
23,id25,559.0,284.5,vial5,33,29.895164625703547
24,id25,556.0,286.5,vial5,33,29.895164625703547
25,id25,540.5,287.5,vial5,33,29.895164625703547
26,id25,547.0,300.5,vial5,33,29.895164625703547
27,id25,550.0,320.0,vial5,33,29.895164625703547
34,id25,528.5,349.0,vial5,33,29.895164625703547
35,id25,527.0,349.0,vial5,33,29.895164625703547
36,id25,526.0,349.5,vial5,33,29.895164625703547
37,id25,526.5,349.0,vial5,33,29.895164625703547
38,id25,526.5,349.0,vial5,33,29.895164625703547
39,id25,527.5,349.0,vial5,33,29.895164625703547
40,id25,526.5,348.0,vial5,33,29.895164625703547
41,id25,526.0,347.5,vial5,33,29.895164625703547
42,id25,526.5,346.0,vial5,33,29.895164625703547
43,id25,526.5,344.0,vial5,33,29.895164625703547
44,id25,527.5,342.0,vial5,33,29.895164625703547
45,id25,528.5,340.0,vial5,33,29.895164625703547
46,id25,529.0,338.0,vial5,33,29.895164625703547
47,id25,531.0,336.5,vial5,33,29.895164625703547
48,id25,532.0,336.0,vial5,33,29.895164625703547
49,id25,533.5,335.5,vial5,33,29.895164625703547
50,id25,535.5,335.5,vial5,33,29.895164625703547
51,id25,537.0,335.5,vial5,33,29.895164625703547
52,id25,538.5,336.0,vial5,33,29.895164625703547
53,id25,540.5,336.0,vial5,33,29.895164625703547
54,id25,542.5,336.5,vial5,33,29.895164625703547
55,id25,543.5,336.0,vial5,33,29.895164625703547
56,id25,543.5,336.0,vial5,33,29.895164625703547
57,id25,543.5,336.0,vial5,33,29.895164625703547
58,id25,543.5,336.0,vial5,33,29.895164625703547
59,id25,543.5,336.0,vial5,33,29.895164625703547
60,id25,543.5,337.0,vial5,33,29.895164625703547
61,id25,543.0,337.0,vial5,33,29.895164625703547
62,id25,543.0,337.0,vial5,33,29.895164625703547
63,id25,543.5,337.0,vial5,33,29.895164625703547
64,id25,543.5,337.0,vial5,33,29.895164625703547
65,id25,543.5,337.0,vial5,33,29.895164625703547
66,id25,543.5,337.0,vial5,33,29.895164625703547
67,id25,543.5,337.0,vial5,33,29.895164625703547
68,id25,543.5,337.0,vial5,33,29.895164625703547
69,id25,543.5,337.0,vial5,33,29.895164625703547
70,id25,543.5,337.0,vial5,33,29.895164625703547
71,id25,543.5,337.0,vial5,33,29.895164625703547
72,id25,544.0,337.0,vial5,33,29.895164625703547
73,id25,544.0,337.0,vial5,33,29.895164625703547
74,id25,545.0,337.0,vial5,33,29.895164625703547
75,id25,546.5,337.0,vial5,33,29.895164625703547
76,id25,547.5,337.0,vial5,33,29.895164625703547
77,id25,549.5,336.0,vial5,33,29.895164625703547
78,id25,550.5,335.0,vial5,33,29.895164625703547
79,id25,552.5,334.0,vial5,33,29.895164625703547
80,id25,553.5,333.0,vial5,33,29.895164625703547
81,id25,555.5,331.5,vial5,33,29.895164625703547
82,id25,557.0,330.0,vial5,33,29.895164625703547
83,id25,559.0,329.0,vial5,33,29.895164625703547
84,id25,561.0,328.0,vial5,33,29.895164625703547
85,id25,563.0,328.0,vial5,33,29.895164625703547
86,id25,564.5,328.0,vial5,33,29.895164625703547
87,id25,566.0,328.0,vial5,33,29.895164625703547
88,id25,567.0,327.5,vial5,33,29.895164625703547
89,id25,567.5,327.5,vial5,33,29.895164625703547
90,id25,568.5,327.5,vial5,33,29.895164625703547
91,id25,568.5,327.5,vial5,33,29.895164625703547
92,id25,569.5,327.0,vial5,33,29.895164625703547
93,id25,569.5,327.5,vial5,33,29.895164625703547
94,id25,569.5,327.0,vial5,33,29.895164625703547
95,id25,570.0,326.5,vial5,33,29.895164625703547
96,id25,570.0,325.5,vial5,33,29.895164625703547
97,id25,570.0,324.5,vial5,33,29.895164625703547
98,id25,569.5,323.0,vial5,33,29.895164625703547
99,id25,569.5,322.0,vial5,33,29.895164625703547
100,id25,568.5,320.0,vial5,33,29.895164625703547
101,id25,568.5,317.5,vial5,33,29.895164625703547
102,id25,568.5,315.0,vial5,33,29.895164625703547
103,id25,568.5,312.0,vial5,33,29.895164625703547
104,id25,568.5,309.0,vial5,33,29.895164625703547
105,id25,568.5,306.0,vial5,33,29.895164625703547
106,id25,568.5,303.0,vial5,33,29.895164625703547
107,id25,569.0,301.0,vial5,33,29.895164625703547
108,id25,569.0,298.5,vial5,33,29.895164625703547
109,id25,569.5,296.5,vial5,33,29.895164625703547
110,id25,569.5,293.5,vial5,33,29.895164625703547
111,id25,570.0,291.5,vial5,33,29.895164625703547
112,id25,570.0,290.0,vial5,33,29.895164625703547
113,id25,570.0,289.0,vial5,33,29.895164625703547
114,id25,569.5,287.5,vial5,33,29.895164625703547
115,id25,569.0,286.5,vial5,33,29.895164625703547
116,id25,568.5,286.5,vial5,33,29.895164625703547
117,id25,567.5,286.0,vial5,33,29.895164625703547
118,id25,567.0,287.0,vial5,33,29.895164625703547
119,id25,566.0,287.0,vial5,33,29.895164625703547
120,id25,565.0,287.0,vial5,33,29.895164625703547
121,id25,563.0,287.0,vial5,33,29.895164625703547
122,id25,561.5,287.5,vial5,33,29.895164625703547
123,id25,560.5,287.5,vial5,33,29.895164625703547
124,id25,558.5,287.0,vial5,33,29.895164625703547
125,id25,557.5,287.5,vial5,33,29.895164625703547
126,id25,555.5,288.0,vial5,33,29.895164625703547
127,id25,554.5,288.5,vial5,33,29.895164625703547
128,id25,553.5,289.5,vial5,33,29.895164625703547
129,id25,552.5,291.0,vial5,33,29.895164625703547
130,id25,552.5,291.0,vial5,33,29.895164625703547
131,id25,552.5,291.5,vial5,33,29.895164625703547
132,id25,552.5,292.0,vial5,33,29.895164625703547
133,id25,552.5,292.0,vial5,33,29.895164625703547
134,id25,552.5,292.0,vial5,33,29.895164625703547
135,id25,552.5,292.0,vial5,33,29.895164625703547
136,id25,553.5,291.0,vial5,33,29.895164625703547
137,id25,553.0,290.5,vial5,33,29.895164625703547
138,id25,552.0,289.0,vial5,33,29.895164625703547
139,id25,551.0,287.5,vial5,33,29.895164625703547
140,id25,551.0,285.0,vial5,33,29.895164625703547
141,id25,550.5,283.0,vial5,33,29.895164625703547
142,id25,549.5,281.0,vial5,33,29.895164625703547
143,id25,549.5,278.0,vial5,33,29.895164625703547
144,id25,548.5,275.0,vial5,33,29.895164625703547
145,id25,547.5,272.0,vial5,33,29.895164625703547
146,id25,547.5,269.0,vial5,33,29.895164625703547
147,id25,546.5,267.0,vial5,33,29.895164625703547
148,id25,547.0,264.0,vial5,33,29.895164625703547
149,id25,546.5,261.5,vial5,33,29.895164625703547
150,id25,546.5,258.5,vial5,33,29.895164625703547
151,id25,545.5,256.0,vial5,33,29.895164625703547
152,id25,545.0,253.0,vial5,33,29.895164625703547
153,id25,544.5,250.0,vial5,33,29.895164625703547
154,id25,543.0,248.0,vial5,33,29.895164625703547
155,id25,542.0,245.0,vial5,33,29.895164625703547
156,id25,540.0,242.5,vial5,33,29.895164625703547
157,id25,539.0,240.5,vial5,33,29.895164625703547
158,id25,536.5,238.5,vial5,33,29.895164625703547
159,id25,534.5,237.5,vial5,33,29.895164625703547
160,id25,532.5,236.5,vial5,33,29.895164625703547
161,id25,530.5,236.0,vial5,33,29.895164625703547
162,id25,528.5,235.0,vial5,33,29.895164625703547
163,id25,526.0,235.0,vial5,33,29.895164625703547
164,id25,524.0,235.0,vial5,33,29.895164625703547
165,id25,522.0,234.5,vial5,33,29.895164625703547
166,id25,520.0,234.5,vial5,33,29.895164625703547
167,id25,518.0,234.0,vial5,33,29.895164625703547
168,id25,516.5,234.0,vial5,33,29.895164625703547
169,id25,514.5,234.5,vial5,33,29.895164625703547
170,id25,513.0,235.0,vial5,33,29.895164625703547
171,id25,511.0,235.5,vial5,33,29.895164625703547
172,id25,510.0,236.5,vial5,33,29.895164625703547
173,id25,509.0,237.5,vial5,33,29.895164625703547
174,id25,508.0,237.5,vial5,33,29.895164625703547
175,id25,507.5,237.5,vial5,33,29.895164625703547
176,id25,506.5,237.5,vial5,33,29.895164625703547
177,id25,505.5,236.5,vial5,33,29.895164625703547
178,id25,505.5,235.5,vial5,33,29.895164625703547
179,id25,504.5,234.0,vial5,33,29.895164625703547
180,id25,504.0,232.0,vial5,33,29.895164625703547
181,id25,503.5,231.0,vial5,33,29.895164625703547
182,id25,503.5,229.0,vial5,33,29.895164625703547
183,id25,502.5,228.0,vial5,33,29.895164625703547
184,id25,502.5,226.0,vial5,33,29.895164625703547
185,id25,502.5,225.0,vial5,33,29.895164625703547
186,id25,502.5,223.0,vial5,33,29.895164625703547
187,id25,502.5,222.5,vial5,33,29.895164625703547
188,id25,502.5,222.5,vial5,33,29.895164625703547
189,id25,503.5,222.5,vial5,33,29.895164625703547
190,id25,503.5,222.0,vial5,33,29.895164625703547
191,id25,504.0,222.0,vial5,33,29.895164625703547
192,id25,505.0,222.0,vial5,33,29.895164625703547
193,id25,506.0,221.5,vial5,33,29.895164625703547
194,id25,507.5,221.5,vial5,33,29.895164625703547
195,id25,509.0,221.0,vial5,33,29.895164625703547
196,id25,510.5,221.0,vial5,33,29.895164625703547
197,id25,512.5,221.0,vial5,33,29.895164625703547
198,id25,514.5,220.5,vial5,33,29.895164625703547
199,id25,516.5,220.0,vial5,33,29.895164625703547
200,id25,518.5,219.5,vial5,33,29.895164625703547
201,id25,521.0,219.0,vial5,33,29.895164625703547
202,id25,523.0,218.0,vial5,33,29.895164625703547
203,id25,525.0,217.5,vial5,33,29.895164625703547
204,id25,527.0,217.0,vial5,33,29.895164625703547
205,id25,529.0,217.0,vial5,33,29.895164625703547
206,id25,531.0,217.0,vial5,33,29.895164625703547
207,id25,533.0,216.0,vial5,33,29.895164625703547
208,id25,535.0,216.0,vial5,33,29.895164625703547
209,id25,536.0,216.0,vial5,33,29.895164625703547
210,id25,536.0,216.0,vial5,33,29.895164625703547
211,id25,536.0,216.0,vial5,33,29.895164625703547
212,id25,535.5,216.0,vial5,33,29.895164625703547
213,id25,535.5,216.0,vial5,33,29.895164625703547
214,id25,537.5,215.0,vial5,33,29.895164625703547
215,id25,557.0,202.5,vial5,33,29.895164625703547
216,id25,566.5,196.0,vial5,33,29.895164625703547
217,id25,563.5,200.0,vial5,33,29.895164625703547
218,id25,561.0,237.0,vial5,33,29.895164625703547
219,id25,549.0,282.0,vial5,33,29.895164625703547
220,id25,526.0,292.5,vial5,33,29.895164625703547
221,id25,515.5,277.5,vial5,33,29.895164625703547
222,id25,520.0,260.0,vial5,33,29.895164625703547
223,id25,518.5,260.5,vial5,33,29.895164625703547
224,id25,520.5,274.0,vial5,33,29.895164625703547
225,id25,537.5,311.5,vial5,33,29.895164625703547
226,id25,550.5,341.0,vial5,33,29.895164625703547
227,id25,550.0,341.0,vial5,33,29.895164625703547
228,id25,550.0,341.5,vial5,33,29.895164625703547
229,id25,550.0,341.5,vial5,33,29.895164625703547
230,id25,550.0,341.5,vial5,33,29.895164625703547
231,id25,550.0,341.0,vial5,33,29.895164625703547
232,id25,549.5,340.5,vial5,33,29.895164625703547
233,id25,549.0,340.0,vial5,33,29.895164625703547
234,id25,548.5,338.0,vial5,33,29.895164625703547
235,id25,548.0,336.5,vial5,33,29.895164625703547
236,id25,547.5,335.0,vial5,33,29.895164625703547
237,id25,547.5,333.5,vial5,33,29.895164625703547
238,id25,546.5,332.0,vial5,33,29.895164625703547
239,id25,546.0,330.0,vial5,33,29.895164625703547
240,id25,545.5,329.0,vial5,33,29.895164625703547
241,id25,544.5,327.0,vial5,33,29.895164625703547
242,id25,543.0,325.5,vial5,33,29.895164625703547
243,id25,541.5,325.0,vial5,33,29.895164625703547
244,id25,540.5,323.5,vial5,33,29.895164625703547
245,id25,538.5,323.5,vial5,33,29.895164625703547
246,id25,537.5,322.5,vial5,33,29.895164625703547
247,id25,535.5,321.5,vial5,33,29.895164625703547
248,id25,534.0,320.5,vial5,33,29.895164625703547
249,id25,532.0,319.5,vial5,33,29.895164625703547
250,id25,530.0,318.5,vial5,33,29.895164625703547
251,id25,528.0,317.5,vial5,33,29.895164625703547
252,id25,526.0,317.0,vial5,33,29.895164625703547
253,id25,525.0,316.0,vial5,33,29.895164625703547
254,id25,523.5,315.0,vial5,33,29.895164625703547
255,id25,522.5,315.0,vial5,33,29.895164625703547
256,id25,521.0,314.5,vial5,33,29.895164625703547
257,id25,521.0,314.5,vial5,33,29.895164625703547
258,id25,521.0,314.5,vial5,33,29.895164625703547
259,id25,521.0,314.0,vial5,33,29.895164625703547
260,id25,521.0,314.0,vial5,33,29.895164625703547
261,id25,520.5,314.0,vial5,33,29.895164625703547
262,id25,520.0,306.5,vial5,33,29.895164625703547
263,id25,506.5,289.5,vial5,33,29.895164625703547
264,id25,504.5,288.0,vial5,33,29.895164625703547
265,id25,505.0,287.0,vial5,33,29.895164625703547
266,id25,504.5,286.0,vial5,33,29.895164625703547
267,id25,504.0,285.0,vial5,33,29.895164625703547
268,id25,504.0,284.5,vial5,33,29.895164625703547
269,id25,503.5,283.5,vial5,33,29.895164625703547
270,id25,502.5,282.0,vial5,33,29.895164625703547
271,id25,502.5,280.5,vial5,33,29.895164625703547
272,id25,502.5,279.0,vial5,33,29.895164625703547
273,id25,502.5,277.5,vial5,33,29.895164625703547
274,id25,502.0,276.0,vial5,33,29.895164625703547
275,id25,502.5,274.5,vial5,33,29.895164625703547
276,id25,502.5,273.0,vial5,33,29.895164625703547
277,id25,502.5,271.5,vial5,33,29.895164625703547
278,id25,503.0,270.5,vial5,33,29.895164625703547
279,id25,503.5,269.0,vial5,33,29.895164625703547
280,id25,503.5,268.0,vial5,33,29.895164625703547
281,id25,504.0,267.5,vial5,33,29.895164625703547
282,id25,504.5,267.5,vial5,33,29.895164625703547
283,id25,505.0,266.5,vial5,33,29.895164625703547
284,id25,506.0,265.5,vial5,33,29.895164625703547
285,id25,507.0,265.5,vial5,33,29.895164625703547
286,id25,508.0,264.5,vial5,33,29.895164625703547
287,id25,509.0,263.5,vial5,33,29.895164625703547
288,id25,510.0,263.0,vial5,33,29.895164625703547
289,id25,511.5,261.5,vial5,33,29.895164625703547
290,id25,512.5,261.0,vial5,33,29.895164625703547
291,id25,514.0,260.0,vial5,33,29.895164625703547
292,id25,515.0,259.0,vial5,33,29.895164625703547
293,id25,516.5,257.5,vial5,33,29.895164625703547
294,id25,518.5,256.0,vial5,33,29.895164625703547
295,id25,520.0,255.0,vial5,33,29.895164625703547
296,id25,521.0,253.0,vial5,33,29.895164625703547
297,id25,523.0,251.5,vial5,33,29.895164625703547
298,id25,524.0,250.0,vial5,33,29.895164625703547
299,id25,526.0,248.5,vial5,33,29.895164625703547
300,id25,528.0,246.5,vial5,33,29.895164625703547
301,id25,529.0,244.5,vial5,33,29.895164625703547
302,id25,531.0,243.5,vial5,33,29.895164625703547
303,id25,531.0,241.5,vial5,33,29.895164625703547
304,id25,533.0,240.0,vial5,33,29.895164625703547
305,id25,534.5,238.5,vial5,33,29.895164625703547
306,id25,536.5,237.5,vial5,33,29.895164625703547
307,id25,539.5,237.5,vial5,33,29.895164625703547
308,id25,542.0,237.5,vial5,33,29.895164625703547
309,id25,543.0,237.5,vial5,33,29.895164625703547
310,id25,544.0,236.5,vial5,33,29.895164625703547
311,id25,546.0,236.0,vial5,33,29.895164625703547
312,id25,547.5,235.5,vial5,33,29.895164625703547
313,id25,549.0,234.5,vial5,33,29.895164625703547
314,id25,550.5,233.5,vial5,33,29.895164625703547
315,id25,551.5,232.5,vial5,33,29.895164625703547
316,id25,553.5,232.0,vial5,33,29.895164625703547
317,id25,554.5,230.5,vial5,33,29.895164625703547
318,id25,556.5,229.0,vial5,33,29.895164625703547
319,id25,558.0,228.0,vial5,33,29.895164625703547
320,id25,559.0,226.0,vial5,33,29.895164625703547
321,id25,561.0,224.5,vial5,33,29.895164625703547
322,id25,562.0,222.0,vial5,33,29.895164625703547
323,id25,562.5,220.5,vial5,33,29.895164625703547
324,id25,563.5,219.5,vial5,33,29.895164625703547
325,id25,564.5,217.0,vial5,33,29.895164625703547
326,id25,565.5,215.0,vial5,33,29.895164625703547
327,id25,566.5,213.0,vial5,33,29.895164625703547
328,id25,566.5,211.0,vial5,33,29.895164625703547
329,id25,567.5,208.5,vial5,33,29.895164625703547
330,id25,567.5,206.5,vial5,33,29.895164625703547
331,id25,567.5,204.0,vial5,33,29.895164625703547
332,id25,568.5,202.0,vial5,33,29.895164625703547
333,id25,568.5,199.0,vial5,33,29.895164625703547
334,id25,568.5,196.5,vial5,33,29.895164625703547
335,id25,568.5,194.0,vial5,33,29.895164625703547
336,id25,568.5,191.0,vial5,33,29.895164625703547
337,id25,568.5,189.0,vial5,33,29.895164625703547
338,id25,567.5,186.0,vial5,33,29.895164625703547
339,id25,567.5,184.0,vial5,33,29.895164625703547
340,id25,567.5,182.0,vial5,33,29.895164625703547
341,id25,567.0,180.0,vial5,33,29.895164625703547
342,id25,566.5,177.5,vial5,33,29.895164625703547
343,id25,566.5,176.5,vial5,33,29.895164625703547
344,id25,565.5,175.0,vial5,33,29.895164625703547
345,id25,565.5,173.5,vial5,33,29.895164625703547
346,id25,565.0,173.0,vial5,33,29.895164625703547
347,id25,565.0,173.0,vial5,33,29.895164625703547
348,id25,564.5,173.0,vial5,33,29.895164625703547
349,id25,564.5,172.5,vial5,33,29.895164625703547
350,id25,564.0,172.0,vial5,33,29.895164625703547
351,id25,564.0,172.0,vial5,33,29.895164625703547
352,id25,563.5,171.0,vial5,33,29.895164625703547
353,id25,563.0,170.5,vial5,33,29.895164625703547
354,id25,562.5,170.5,vial5,33,29.895164625703547
355,id25,562.0,170.0,vial5,33,29.895164625703547
356,id25,561.5,170.0,vial5,33,29.895164625703547
357,id25,561.5,170.5,vial5,33,29.895164625703547
358,id25,561.5,170.0,vial5,33,29.895164625703547
359,id25,558.5,168.5,vial5,33,29.895164625703547
360,id25,530.5,164.5,vial5,33,29.895164625703547
361,id25,529.0,164.5,vial5,33,29.895164625703547
362,id25,529.5,164.5,vial5,33,29.895164625703547
363,id25,529.5,164.0,vial5,33,29.895164625703547
364,id25,529.0,163.5,vial5,33,29.895164625703547
365,id25,529.0,162.0,vial5,33,29.895164625703547
366,id25,530.0,160.0,vial5,33,29.895164625703547
367,id25,530.5,159.0,vial5,33,29.895164625703547
368,id25,531.0,157.0,vial5,33,29.895164625703547
369,id25,531.5,155.5,vial5,33,29.895164625703547
370,id25,532.5,153.0,vial5,33,29.895164625703547
371,id25,533.0,150.0,vial5,33,29.895164625703547
372,id25,533.5,148.0,vial5,33,29.895164625703547
373,id25,533.0,145.0,vial5,33,29.895164625703547
374,id25,533.5,143.0,vial5,33,29.895164625703547
375,id25,532.5,140.0,vial5,33,29.895164625703547
376,id25,532.5,138.0,vial5,33,29.895164625703547
377,id25,531.5,135.0,vial5,33,29.895164625703547
378,id25,531.5,133.0,vial5,33,29.895164625703547
379,id25,530.5,130.0,vial5,33,29.895164625703547
380,id25,529.5,128.0,vial5,33,29.895164625703547
381,id25,529.0,126.0,vial5,33,29.895164625703547
0,id26,411.0,349.5,vial4,28,29.895164625703547
1,id26,420.0,350.0,vial4,28,29.895164625703547
2,id26,421.0,351.0,vial4,28,29.895164625703547
3,id26,421.5,352.0,vial4,28,29.895164625703547
4,id26,420.0,350.5,vial4,28,29.895164625703547
5,id26,421.0,350.5,vial4,28,29.895164625703547
6,id26,413.0,350.0,vial4,28,29.895164625703547
7,id26,412.5,349.5,vial4,28,29.895164625703547
8,id26,409.5,352.5,vial4,28,29.895164625703547
9,id26,413.0,309.5,vial4,28,29.895164625703547
10,id26,398.0,294.0,vial4,28,29.895164625703547
11,id26,401.0,294.5,vial4,28,29.895164625703547
12,id26,404.0,301.5,vial4,28,29.895164625703547
13,id26,406.0,313.5,vial4,28,29.895164625703547
14,id26,400.5,332.5,vial4,28,29.895164625703547
15,id26,406.5,354.0,vial4,28,29.895164625703547
16,id26,413.0,342.5,vial4,28,29.895164625703547
17,id26,428.0,328.5,vial4,28,29.895164625703547
18,id26,443.5,312.0,vial4,28,29.895164625703547
19,id26,443.0,313.0,vial4,28,29.895164625703547
20,id26,441.0,317.0,vial4,28,29.895164625703547
21,id26,434.5,336.0,vial4,28,29.895164625703547
22,id26,420.0,350.0,vial4,28,29.895164625703547
23,id26,421.0,351.0,vial4,28,29.895164625703547
24,id26,421.0,351.0,vial4,28,29.895164625703547
25,id26,422.0,351.0,vial4,28,29.895164625703547
26,id26,422.0,350.5,vial4,28,29.895164625703547
27,id26,422.0,350.5,vial4,28,29.895164625703547
28,id26,423.0,351.5,vial4,28,29.895164625703547
29,id26,427.5,351.0,vial4,28,29.895164625703547
30,id26,426.0,352.0,vial4,28,29.895164625703547
31,id26,425.5,352.0,vial4,28,29.895164625703547
32,id26,424.5,351.5,vial4,28,29.895164625703547
33,id26,423.0,352.0,vial4,28,29.895164625703547
34,id26,422.0,352.0,vial4,28,29.895164625703547
35,id26,422.0,351.5,vial4,28,29.895164625703547
36,id26,423.5,351.5,vial4,28,29.895164625703547
37,id26,424.0,351.5,vial4,28,29.895164625703547
38,id26,424.0,351.0,vial4,28,29.895164625703547
39,id26,424.5,351.5,vial4,28,29.895164625703547
40,id26,423.5,351.5,vial4,28,29.895164625703547
41,id26,424.5,351.5,vial4,28,29.895164625703547
42,id26,424.5,351.5,vial4,28,29.895164625703547
43,id26,424.0,351.5,vial4,28,29.895164625703547
44,id26,424.0,351.5,vial4,28,29.895164625703547
45,id26,424.0,351.5,vial4,28,29.895164625703547
46,id26,424.0,351.5,vial4,28,29.895164625703547
47,id26,424.0,351.5,vial4,28,29.895164625703547
48,id26,424.0,351.5,vial4,28,29.895164625703547
49,id26,424.0,351.5,vial4,28,29.895164625703547
50,id26,424.0,352.0,vial4,28,29.895164625703547
51,id26,424.0,352.0,vial4,28,29.895164625703547
52,id26,424.0,352.0,vial4,28,29.895164625703547
53,id26,424.0,352.0,vial4,28,29.895164625703547
54,id26,424.0,352.0,vial4,28,29.895164625703547
55,id26,424.5,352.0,vial4,28,29.895164625703547
56,id26,425.0,352.0,vial4,28,29.895164625703547
57,id26,425.0,352.0,vial4,28,29.895164625703547
58,id26,425.0,352.0,vial4,28,29.895164625703547
59,id26,425.0,352.0,vial4,28,29.895164625703547
60,id26,424.0,352.0,vial4,28,29.895164625703547
61,id26,423.0,352.5,vial4,28,29.895164625703547
62,id26,422.0,352.5,vial4,28,29.895164625703547
63,id26,420.5,352.0,vial4,28,29.895164625703547
64,id26,418.5,351.5,vial4,28,29.895164625703547
65,id26,417.0,351.5,vial4,28,29.895164625703547
66,id26,416.0,351.5,vial4,28,29.895164625703547
67,id26,415.0,351.5,vial4,28,29.895164625703547
68,id26,413.5,351.5,vial4,28,29.895164625703547
69,id26,413.0,351.5,vial4,28,29.895164625703547
70,id26,413.5,351.5,vial4,28,29.895164625703547
71,id26,403.5,326.0,vial4,28,29.895164625703547
72,id26,392.5,309.5,vial4,28,29.895164625703547
73,id26,382.5,344.0,vial4,28,29.895164625703547
74,id26,383.5,351.5,vial4,28,29.895164625703547
75,id26,384.5,351.0,vial4,28,29.895164625703547
76,id26,384.5,351.0,vial4,28,29.895164625703547
77,id26,385.5,350.5,vial4,28,29.895164625703547
78,id26,387.0,350.5,vial4,28,29.895164625703547
79,id26,388.0,350.5,vial4,28,29.895164625703547
80,id26,389.5,350.5,vial4,28,29.895164625703547
81,id26,390.5,350.5,vial4,28,29.895164625703547
82,id26,391.0,350.5,vial4,28,29.895164625703547
83,id26,392.5,350.5,vial4,28,29.895164625703547
84,id26,394.0,351.0,vial4,28,29.895164625703547
85,id26,395.0,351.0,vial4,28,29.895164625703547
86,id26,395.0,351.0,vial4,28,29.895164625703547
87,id26,396.0,351.5,vial4,28,29.895164625703547
88,id26,396.0,351.5,vial4,28,29.895164625703547
89,id26,397.0,351.5,vial4,28,29.895164625703547
90,id26,398.0,351.5,vial4,28,29.895164625703547
91,id26,398.0,352.0,vial4,28,29.895164625703547
92,id26,398.0,352.0,vial4,28,29.895164625703547
93,id26,398.5,351.5,vial4,28,29.895164625703547
94,id26,398.5,350.5,vial4,28,29.895164625703547
95,id26,413.0,331.5,vial4,28,29.895164625703547
96,id26,403.5,339.0,vial4,28,29.895164625703547
97,id26,403.5,341.5,vial4,28,29.895164625703547
98,id26,404.5,340.0,vial4,28,29.895164625703547
99,id26,405.0,338.5,vial4,28,29.895164625703547
100,id26,405.0,337.0,vial4,28,29.895164625703547
101,id26,406.5,335.5,vial4,28,29.895164625703547
102,id26,408.0,334.5,vial4,28,29.895164625703547
103,id26,410.5,334.5,vial4,28,29.895164625703547
104,id26,412.5,333.5,vial4,28,29.895164625703547
105,id26,414.5,332.5,vial4,28,29.895164625703547
106,id26,415.5,332.0,vial4,28,29.895164625703547
107,id26,416.5,331.5,vial4,28,29.895164625703547
108,id26,417.0,330.0,vial4,28,29.895164625703547
109,id26,417.5,329.0,vial4,28,29.895164625703547
110,id26,417.5,327.5,vial4,28,29.895164625703547
111,id26,418.0,326.0,vial4,28,29.895164625703547
112,id26,419.0,324.0,vial4,28,29.895164625703547
113,id26,419.5,322.0,vial4,28,29.895164625703547
114,id26,420.0,320.0,vial4,28,29.895164625703547
115,id26,421.0,317.5,vial4,28,29.895164625703547
116,id26,421.5,315.0,vial4,28,29.895164625703547
117,id26,422.5,313.0,vial4,28,29.895164625703547
118,id26,423.5,310.0,vial4,28,29.895164625703547
119,id26,424.0,308.0,vial4,28,29.895164625703547
120,id26,424.5,306.5,vial4,28,29.895164625703547
121,id26,425.5,304.5,vial4,28,29.895164625703547
122,id26,425.5,302.5,vial4,28,29.895164625703547
123,id26,426.5,301.5,vial4,28,29.895164625703547
124,id26,427.5,300.0,vial4,28,29.895164625703547
125,id26,428.0,298.5,vial4,28,29.895164625703547
126,id26,429.0,297.0,vial4,28,29.895164625703547
127,id26,430.5,296.0,vial4,28,29.895164625703547
128,id26,431.5,294.5,vial4,28,29.895164625703547
129,id26,432.5,294.5,vial4,28,29.895164625703547
130,id26,433.5,293.0,vial4,28,29.895164625703547
131,id26,434.0,292.5,vial4,28,29.895164625703547
132,id26,434.5,292.0,vial4,28,29.895164625703547
133,id26,434.5,291.5,vial4,28,29.895164625703547
134,id26,434.5,291.5,vial4,28,29.895164625703547
135,id26,434.5,291.5,vial4,28,29.895164625703547
136,id26,434.5,291.5,vial4,28,29.895164625703547
137,id26,435.5,291.5,vial4,28,29.895164625703547
138,id26,434.5,277.0,vial4,28,29.895164625703547
139,id26,440.0,264.5,vial4,28,29.895164625703547
140,id26,439.5,264.0,vial4,28,29.895164625703547
141,id26,440.0,263.0,vial4,28,29.895164625703547
142,id26,441.0,262.5,vial4,28,29.895164625703547
143,id26,441.5,261.0,vial4,28,29.895164625703547
144,id26,441.5,261.0,vial4,28,29.895164625703547
145,id26,441.5,260.0,vial4,28,29.895164625703547
146,id26,442.0,260.0,vial4,28,29.895164625703547
147,id26,442.0,260.0,vial4,28,29.895164625703547
148,id26,443.0,261.0,vial4,28,29.895164625703547
149,id26,443.5,261.5,vial4,28,29.895164625703547
150,id26,444.5,263.0,vial4,28,29.895164625703547
151,id26,444.5,265.0,vial4,28,29.895164625703547
152,id26,444.5,266.5,vial4,28,29.895164625703547
153,id26,444.5,268.5,vial4,28,29.895164625703547
154,id26,445.5,269.5,vial4,28,29.895164625703547
155,id26,445.5,270.0,vial4,28,29.895164625703547
156,id26,446.0,271.0,vial4,28,29.895164625703547
157,id26,446.5,272.5,vial4,28,29.895164625703547
158,id26,447.0,273.5,vial4,28,29.895164625703547
159,id26,447.0,274.5,vial4,28,29.895164625703547
160,id26,447.0,275.0,vial4,28,29.895164625703547
161,id26,446.5,275.5,vial4,28,29.895164625703547
162,id26,446.5,275.5,vial4,28,29.895164625703547
163,id26,446.5,275.5,vial4,28,29.895164625703547
164,id26,446.0,275.5,vial4,28,29.895164625703547
165,id26,445.5,275.5,vial4,28,29.895164625703547
166,id26,445.0,276.5,vial4,28,29.895164625703547
167,id26,443.0,276.5,vial4,28,29.895164625703547
168,id26,442.0,276.5,vial4,28,29.895164625703547
169,id26,441.0,276.0,vial4,28,29.895164625703547
170,id26,440.0,275.5,vial4,28,29.895164625703547
171,id26,438.5,275.0,vial4,28,29.895164625703547
172,id26,437.0,274.5,vial4,28,29.895164625703547
173,id26,435.5,273.5,vial4,28,29.895164625703547
174,id26,434.0,273.0,vial4,28,29.895164625703547
175,id26,433.0,272.5,vial4,28,29.895164625703547
176,id26,431.5,271.5,vial4,28,29.895164625703547
177,id26,430.0,270.5,vial4,28,29.895164625703547
178,id26,428.0,269.5,vial4,28,29.895164625703547
179,id26,427.0,269.0,vial4,28,29.895164625703547
180,id26,425.0,268.0,vial4,28,29.895164625703547
181,id26,424.0,267.0,vial4,28,29.895164625703547
182,id26,423.0,266.0,vial4,28,29.895164625703547
183,id26,421.0,264.5,vial4,28,29.895164625703547
184,id26,419.0,263.0,vial4,28,29.895164625703547
185,id26,417.5,262.0,vial4,28,29.895164625703547
186,id26,416.0,260.5,vial4,28,29.895164625703547
187,id26,415.5,259.0,vial4,28,29.895164625703547
188,id26,414.0,257.0,vial4,28,29.895164625703547
189,id26,413.0,255.5,vial4,28,29.895164625703547
190,id26,411.5,253.5,vial4,28,29.895164625703547
191,id26,410.0,252.5,vial4,28,29.895164625703547
192,id26,408.5,250.0,vial4,28,29.895164625703547
193,id26,406.5,248.0,vial4,28,29.895164625703547
194,id26,405.5,246.5,vial4,28,29.895164625703547
195,id26,403.5,245.0,vial4,28,29.895164625703547
196,id26,401.5,243.5,vial4,28,29.895164625703547
197,id26,400.5,242.0,vial4,28,29.895164625703547
198,id26,399.5,240.5,vial4,28,29.895164625703547
199,id26,398.5,239.5,vial4,28,29.895164625703547
200,id26,397.5,238.0,vial4,28,29.895164625703547
201,id26,396.5,236.5,vial4,28,29.895164625703547
202,id26,395.5,235.0,vial4,28,29.895164625703547
203,id26,395.0,233.5,vial4,28,29.895164625703547
204,id26,394.5,231.5,vial4,28,29.895164625703547
205,id26,394.5,229.5,vial4,28,29.895164625703547
206,id26,394.5,227.5,vial4,28,29.895164625703547
207,id26,394.0,225.0,vial4,28,29.895164625703547
208,id26,394.0,222.5,vial4,28,29.895164625703547
209,id26,394.5,220.0,vial4,28,29.895164625703547
210,id26,393.5,217.5,vial4,28,29.895164625703547
211,id26,394.0,215.0,vial4,28,29.895164625703547
212,id26,393.5,212.5,vial4,28,29.895164625703547
213,id26,394.5,209.5,vial4,28,29.895164625703547
214,id26,394.5,207.0,vial4,28,29.895164625703547
215,id26,395.5,204.5,vial4,28,29.895164625703547
216,id26,396.0,202.0,vial4,28,29.895164625703547
217,id26,396.5,199.5,vial4,28,29.895164625703547
218,id26,397.0,197.0,vial4,28,29.895164625703547
219,id26,398.0,194.5,vial4,28,29.895164625703547
220,id26,399.0,192.5,vial4,28,29.895164625703547
221,id26,400.0,190.0,vial4,28,29.895164625703547
222,id26,401.0,187.5,vial4,28,29.895164625703547
223,id26,402.0,185.5,vial4,28,29.895164625703547
224,id26,403.0,183.5,vial4,28,29.895164625703547
225,id26,404.0,180.5,vial4,28,29.895164625703547
226,id26,404.5,178.5,vial4,28,29.895164625703547
227,id26,405.5,177.0,vial4,28,29.895164625703547
228,id26,405.5,174.5,vial4,28,29.895164625703547
229,id26,406.5,172.5,vial4,28,29.895164625703547
230,id26,407.5,171.0,vial4,28,29.895164625703547
231,id26,408.0,169.5,vial4,28,29.895164625703547
232,id26,408.5,167.5,vial4,28,29.895164625703547
233,id26,409.5,165.5,vial4,28,29.895164625703547
234,id26,409.5,163.5,vial4,28,29.895164625703547
235,id26,409.5,162.5,vial4,28,29.895164625703547
236,id26,410.5,161.5,vial4,28,29.895164625703547
237,id26,410.5,160.0,vial4,28,29.895164625703547
238,id26,410.5,158.5,vial4,28,29.895164625703547
239,id26,411.5,157.5,vial4,28,29.895164625703547
240,id26,412.5,156.5,vial4,28,29.895164625703547
241,id26,412.5,155.0,vial4,28,29.895164625703547
242,id26,412.5,153.5,vial4,28,29.895164625703547
243,id26,412.5,153.5,vial4,28,29.895164625703547
244,id26,412.5,152.5,vial4,28,29.895164625703547
245,id26,413.0,152.5,vial4,28,29.895164625703547
246,id26,413.0,152.5,vial4,28,29.895164625703547
247,id26,413.0,152.5,vial4,28,29.895164625703547
248,id26,416.5,140.0,vial4,28,29.895164625703547
249,id26,419.0,106.0,vial4,28,29.895164625703547
250,id26,432.0,70.0,vial4,28,29.895164625703547
251,id26,445.0,41.5,vial4,28,29.895164625703547
252,id26,445.0,41.0,vial4,28,29.895164625703547
253,id26,445.5,40.5,vial4,28,29.895164625703547
254,id26,445.0,39.5,vial4,28,29.895164625703547
255,id26,445.5,39.0,vial4,28,29.895164625703547
256,id26,445.5,38.5,vial4,28,29.895164625703547
257,id26,445.5,38.5,vial4,28,29.895164625703547
258,id26,445.5,38.5,vial4,28,29.895164625703547
259,id26,445.5,38.5,vial4,28,29.895164625703547
260,id26,445.5,38.5,vial4,28,29.895164625703547
261,id26,445.5,38.5,vial4,28,29.895164625703547
262,id26,445.5,38.5,vial4,28,29.895164625703547
263,id26,445.5,38.5,vial4,28,29.895164625703547
264,id26,445.0,38.0,vial4,28,29.895164625703547
265,id26,444.5,37.0,vial4,28,29.895164625703547
266,id26,444.0,36.0,vial4,28,29.895164625703547
267,id26,444.0,35.0,vial4,28,29.895164625703547
268,id26,443.0,33.0,vial4,28,29.895164625703547
269,id26,442.5,32.0,vial4,28,29.895164625703547
270,id26,442.0,30.5,vial4,28,29.895164625703547
271,id26,441.0,29.0,vial4,28,29.895164625703547
272,id26,440.0,27.0,vial4,28,29.895164625703547
273,id26,439.0,25.5,vial4,28,29.895164625703547
274,id26,438.0,24.0,vial4,28,29.895164625703547
275,id26,437.0,22.5,vial4,28,29.895164625703547
276,id26,436.0,21.0,vial4,28,29.895164625703547
277,id26,435.0,19.5,vial4,28,29.895164625703547
278,id26,434.0,17.5,vial4,28,29.895164625703547
279,id26,433.5,15.5,vial4,28,29.895164625703547
280,id26,432.0,13.5,vial4,28,29.895164625703547
281,id26,432.0,11.5,vial4,28,29.895164625703547
0,id27,689.5,353.5,vial6,43,29.895164625703547
1,id27,689.0,353.5,vial6,43,29.895164625703547
2,id27,688.0,353.0,vial6,43,29.895164625703547
3,id27,687.0,352.5,vial6,43,29.895164625703547
4,id27,687.0,352.5,vial6,43,29.895164625703547
5,id27,687.0,352.5,vial6,43,29.895164625703547
6,id27,687.0,352.5,vial6,43,29.895164625703547
7,id27,686.5,352.5,vial6,43,29.895164625703547
8,id27,687.0,352.5,vial6,43,29.895164625703547
9,id27,687.0,352.5,vial6,43,29.895164625703547
10,id27,688.0,352.5,vial6,43,29.895164625703547
11,id27,688.0,352.5,vial6,43,29.895164625703547
12,id27,687.0,353.0,vial6,43,29.895164625703547
13,id27,687.0,353.0,vial6,43,29.895164625703547
14,id27,681.5,352.5,vial6,43,29.895164625703547
15,id27,674.5,351.0,vial6,43,29.895164625703547
16,id27,672.5,352.5,vial6,43,29.895164625703547
17,id27,672.0,352.0,vial6,43,29.895164625703547
18,id27,672.0,352.5,vial6,43,29.895164625703547
19,id27,672.0,352.5,vial6,43,29.895164625703547
20,id27,671.5,352.5,vial6,43,29.895164625703547
21,id27,670.0,352.0,vial6,43,29.895164625703547
22,id27,669.0,351.5,vial6,43,29.895164625703547
23,id27,668.0,351.5,vial6,43,29.895164625703547
24,id27,668.0,351.0,vial6,43,29.895164625703547
25,id27,666.5,350.5,vial6,43,29.895164625703547
26,id27,666.5,350.5,vial6,43,29.895164625703547
27,id27,666.5,350.5,vial6,43,29.895164625703547
28,id27,666.5,351.0,vial6,43,29.895164625703547
29,id27,666.5,351.0,vial6,43,29.895164625703547
30,id27,666.0,351.0,vial6,43,29.895164625703547
31,id27,666.0,351.0,vial6,43,29.895164625703547
32,id27,666.5,351.0,vial6,43,29.895164625703547
33,id27,665.5,350.5,vial6,43,29.895164625703547
34,id27,664.5,350.5,vial6,43,29.895164625703547
35,id27,664.5,350.5,vial6,43,29.895164625703547
36,id27,664.5,350.5,vial6,43,29.895164625703547
37,id27,664.5,350.5,vial6,43,29.895164625703547
38,id27,664.0,351.5,vial6,43,29.895164625703547
39,id27,666.0,351.0,vial6,43,29.895164625703547
40,id27,666.0,351.0,vial6,43,29.895164625703547
41,id27,664.5,350.5,vial6,43,29.895164625703547
42,id27,662.5,350.5,vial6,43,29.895164625703547
43,id27,662.0,350.5,vial6,43,29.895164625703547
44,id27,661.5,350.5,vial6,43,29.895164625703547
45,id27,659.0,350.5,vial6,43,29.895164625703547
46,id27,659.0,350.5,vial6,43,29.895164625703547
47,id27,659.0,350.5,vial6,43,29.895164625703547
48,id27,658.5,350.5,vial6,43,29.895164625703547
49,id27,658.5,351.0,vial6,43,29.895164625703547
50,id27,658.0,351.0,vial6,43,29.895164625703547
51,id27,657.5,350.5,vial6,43,29.895164625703547
52,id27,656.5,350.5,vial6,43,29.895164625703547
53,id27,655.5,350.5,vial6,43,29.895164625703547
54,id27,655.0,350.5,vial6,43,29.895164625703547
55,id27,654.5,350.5,vial6,43,29.895164625703547
56,id27,655.0,350.5,vial6,43,29.895164625703547
57,id27,655.0,350.5,vial6,43,29.895164625703547
58,id27,655.0,350.5,vial6,43,29.895164625703547
59,id27,655.0,350.5,vial6,43,29.895164625703547
60,id27,654.5,350.5,vial6,43,29.895164625703547
61,id27,654.0,350.5,vial6,43,29.895164625703547
62,id27,654.0,350.0,vial6,43,29.895164625703547
63,id27,654.0,350.0,vial6,43,29.895164625703547
64,id27,654.0,350.0,vial6,43,29.895164625703547
65,id27,653.5,350.0,vial6,43,29.895164625703547
66,id27,653.5,350.0,vial6,43,29.895164625703547
67,id27,653.5,350.0,vial6,43,29.895164625703547
68,id27,653.5,350.5,vial6,43,29.895164625703547
69,id27,653.5,350.0,vial6,43,29.895164625703547
70,id27,653.5,350.0,vial6,43,29.895164625703547
71,id27,653.5,350.0,vial6,43,29.895164625703547
72,id27,653.5,350.0,vial6,43,29.895164625703547
73,id27,652.5,346.5,vial6,43,29.895164625703547
74,id27,646.0,350.0,vial6,43,29.895164625703547
75,id27,647.0,351.5,vial6,43,29.895164625703547
76,id27,644.5,351.5,vial6,43,29.895164625703547
77,id27,643.5,351.5,vial6,43,29.895164625703547
78,id27,643.0,351.5,vial6,43,29.895164625703547
79,id27,643.0,351.5,vial6,43,29.895164625703547
80,id27,640.0,349.5,vial6,43,29.895164625703547
81,id27,640.0,353.5,vial6,43,29.895164625703547
82,id27,691.0,285.5,vial6,43,29.895164625703547
83,id27,691.0,284.5,vial6,43,29.895164625703547
84,id27,691.0,283.5,vial6,43,29.895164625703547
85,id27,691.0,282.0,vial6,43,29.895164625703547
86,id27,691.0,280.5,vial6,43,29.895164625703547
87,id27,691.0,279.5,vial6,43,29.895164625703547
88,id27,691.0,277.5,vial6,43,29.895164625703547
89,id27,690.5,275.5,vial6,43,29.895164625703547
90,id27,690.5,274.5,vial6,43,29.895164625703547
91,id27,691.0,275.0,vial6,43,29.895164625703547
92,id27,691.0,275.5,vial6,43,29.895164625703547
94,id27,691.0,274.0,vial6,43,29.895164625703547
95,id27,691.0,274.5,vial6,43,29.895164625703547
97,id27,691.0,272.5,vial6,43,29.895164625703547
98,id27,691.0,275.0,vial6,43,29.895164625703547
99,id27,691.0,274.0,vial6,43,29.895164625703547
100,id27,691.0,272.5,vial6,43,29.895164625703547
101,id27,691.0,272.5,vial6,43,29.895164625703547
102,id27,690.5,271.0,vial6,43,29.895164625703547
103,id27,690.5,270.0,vial6,43,29.895164625703547
104,id27,690.5,269.0,vial6,43,29.895164625703547
105,id27,690.5,268.5,vial6,43,29.895164625703547
106,id27,690.5,267.0,vial6,43,29.895164625703547
107,id27,690.5,265.5,vial6,43,29.895164625703547
108,id27,690.5,264.5,vial6,43,29.895164625703547
109,id27,690.5,263.5,vial6,43,29.895164625703547
110,id27,690.0,263.0,vial6,43,29.895164625703547
111,id27,690.0,262.5,vial6,43,29.895164625703547
112,id27,690.0,262.0,vial6,43,29.895164625703547
113,id27,690.0,262.0,vial6,43,29.895164625703547
114,id27,690.0,261.5,vial6,43,29.895164625703547
115,id27,690.0,261.0,vial6,43,29.895164625703547
116,id27,690.0,261.0,vial6,43,29.895164625703547
117,id27,690.0,261.0,vial6,43,29.895164625703547
118,id27,690.0,261.0,vial6,43,29.895164625703547
119,id27,690.0,260.5,vial6,43,29.895164625703547
120,id27,690.0,260.5,vial6,43,29.895164625703547
121,id27,690.0,261.0,vial6,43,29.895164625703547
122,id27,690.0,260.5,vial6,43,29.895164625703547
123,id27,690.0,260.5,vial6,43,29.895164625703547
124,id27,690.0,260.5,vial6,43,29.895164625703547
125,id27,690.0,260.5,vial6,43,29.895164625703547
126,id27,690.0,260.5,vial6,43,29.895164625703547
127,id27,690.0,260.5,vial6,43,29.895164625703547
128,id27,690.0,260.5,vial6,43,29.895164625703547
129,id27,690.0,260.5,vial6,43,29.895164625703547
130,id27,690.0,260.5,vial6,43,29.895164625703547
131,id27,690.0,260.5,vial6,43,29.895164625703547
132,id27,690.0,260.5,vial6,43,29.895164625703547
133,id27,690.0,260.5,vial6,43,29.895164625703547
134,id27,690.0,260.5,vial6,43,29.895164625703547
135,id27,690.0,260.5,vial6,43,29.895164625703547
136,id27,690.0,260.5,vial6,43,29.895164625703547
137,id27,690.0,260.5,vial6,43,29.895164625703547
138,id27,690.0,260.5,vial6,43,29.895164625703547
139,id27,690.0,259.5,vial6,43,29.895164625703547
140,id27,690.0,259.5,vial6,43,29.895164625703547
141,id27,690.0,259.5,vial6,43,29.895164625703547
142,id27,690.0,258.5,vial6,43,29.895164625703547
143,id27,690.0,258.5,vial6,43,29.895164625703547
144,id27,690.0,258.5,vial6,43,29.895164625703547
145,id27,690.0,258.5,vial6,43,29.895164625703547
146,id27,690.0,257.0,vial6,43,29.895164625703547
147,id27,690.0,256.0,vial6,43,29.895164625703547
148,id27,690.0,255.0,vial6,43,29.895164625703547
149,id27,689.0,255.0,vial6,43,29.895164625703547
150,id27,689.0,254.5,vial6,43,29.895164625703547
151,id27,689.0,253.5,vial6,43,29.895164625703547
152,id27,689.0,252.5,vial6,43,29.895164625703547
153,id27,689.0,252.0,vial6,43,29.895164625703547
154,id27,689.0,250.5,vial6,43,29.895164625703547
155,id27,689.0,250.0,vial6,43,29.895164625703547
156,id27,689.0,250.0,vial6,43,29.895164625703547
157,id27,689.5,250.0,vial6,43,29.895164625703547
158,id27,689.5,248.5,vial6,43,29.895164625703547
159,id27,689.5,248.0,vial6,43,29.895164625703547
160,id27,689.5,247.0,vial6,43,29.895164625703547
161,id27,689.0,246.5,vial6,43,29.895164625703547
162,id27,689.0,246.5,vial6,43,29.895164625703547
163,id27,689.0,246.5,vial6,43,29.895164625703547
164,id27,689.0,246.5,vial6,43,29.895164625703547
165,id27,689.0,246.5,vial6,43,29.895164625703547
166,id27,689.0,246.0,vial6,43,29.895164625703547
167,id27,689.0,246.0,vial6,43,29.895164625703547
168,id27,689.0,246.0,vial6,43,29.895164625703547
169,id27,689.0,246.5,vial6,43,29.895164625703547
170,id27,689.0,246.0,vial6,43,29.895164625703547
171,id27,689.5,247.0,vial6,43,29.895164625703547
172,id27,689.5,245.5,vial6,43,29.895164625703547
173,id27,689.5,246.0,vial6,43,29.895164625703547
174,id27,689.5,245.5,vial6,43,29.895164625703547
175,id27,689.5,245.0,vial6,43,29.895164625703547
176,id27,689.5,244.5,vial6,43,29.895164625703547
177,id27,689.5,244.0,vial6,43,29.895164625703547
178,id27,689.0,242.5,vial6,43,29.895164625703547
179,id27,689.0,241.5,vial6,43,29.895164625703547
180,id27,689.0,241.0,vial6,43,29.895164625703547
181,id27,689.0,240.5,vial6,43,29.895164625703547
182,id27,689.5,239.5,vial6,43,29.895164625703547
183,id27,689.5,238.5,vial6,43,29.895164625703547
184,id27,689.5,237.5,vial6,43,29.895164625703547
185,id27,689.5,236.5,vial6,43,29.895164625703547
186,id27,689.5,235.5,vial6,43,29.895164625703547
187,id27,690.0,234.5,vial6,43,29.895164625703547
188,id27,689.5,233.0,vial6,43,29.895164625703547
189,id27,689.5,232.5,vial6,43,29.895164625703547
190,id27,689.5,232.0,vial6,43,29.895164625703547
191,id27,689.5,231.5,vial6,43,29.895164625703547
192,id27,690.0,230.5,vial6,43,29.895164625703547
193,id27,689.5,229.0,vial6,43,29.895164625703547
194,id27,689.5,228.5,vial6,43,29.895164625703547
195,id27,690.0,228.5,vial6,43,29.895164625703547
196,id27,689.5,228.0,vial6,43,29.895164625703547
197,id27,689.5,227.5,vial6,43,29.895164625703547
198,id27,690.0,227.5,vial6,43,29.895164625703547
199,id27,690.0,227.5,vial6,43,29.895164625703547
200,id27,690.0,226.5,vial6,43,29.895164625703547
201,id27,690.0,226.0,vial6,43,29.895164625703547
202,id27,690.0,225.5,vial6,43,29.895164625703547
203,id27,689.5,225.5,vial6,43,29.895164625703547
204,id27,689.0,225.5,vial6,43,29.895164625703547
205,id27,689.5,225.5,vial6,43,29.895164625703547
206,id27,689.0,225.5,vial6,43,29.895164625703547
207,id27,689.0,225.5,vial6,43,29.895164625703547
208,id27,689.0,225.5,vial6,43,29.895164625703547
209,id27,689.0,225.5,vial6,43,29.895164625703547
210,id27,689.0,225.5,vial6,43,29.895164625703547
211,id27,689.0,225.5,vial6,43,29.895164625703547
212,id27,689.0,225.5,vial6,43,29.895164625703547
213,id27,689.0,225.5,vial6,43,29.895164625703547
214,id27,689.0,225.5,vial6,43,29.895164625703547
215,id27,689.0,225.5,vial6,43,29.895164625703547
216,id27,689.0,225.5,vial6,43,29.895164625703547
217,id27,689.0,225.5,vial6,43,29.895164625703547
218,id27,689.0,225.0,vial6,43,29.895164625703547
219,id27,689.0,225.0,vial6,43,29.895164625703547
220,id27,689.0,225.5,vial6,43,29.895164625703547
221,id27,689.0,225.5,vial6,43,29.895164625703547
222,id27,689.5,225.5,vial6,43,29.895164625703547
223,id27,689.0,225.5,vial6,43,29.895164625703547
224,id27,689.0,225.5,vial6,43,29.895164625703547
227,id27,689.5,225.5,vial6,43,29.895164625703547
228,id27,689.5,225.5,vial6,43,29.895164625703547
229,id27,689.0,225.5,vial6,43,29.895164625703547
230,id27,689.0,225.5,vial6,43,29.895164625703547
231,id27,689.5,225.5,vial6,43,29.895164625703547
234,id27,689.5,225.5,vial6,43,29.895164625703547
235,id27,689.5,225.5,vial6,43,29.895164625703547
236,id27,689.5,225.5,vial6,43,29.895164625703547
239,id27,689.5,225.5,vial6,43,29.895164625703547
241,id27,689.5,225.5,vial6,43,29.895164625703547
242,id27,689.5,225.0,vial6,43,29.895164625703547
243,id27,689.5,225.0,vial6,43,29.895164625703547
244,id27,689.5,225.0,vial6,43,29.895164625703547
245,id27,689.0,225.5,vial6,43,29.895164625703547
246,id27,689.5,225.0,vial6,43,29.895164625703547
247,id27,689.0,225.0,vial6,43,29.895164625703547
248,id27,689.0,225.0,vial6,43,29.895164625703547
249,id27,689.5,225.0,vial6,43,29.895164625703547
250,id27,689.5,225.0,vial6,43,29.895164625703547
251,id27,689.5,225.0,vial6,43,29.895164625703547
252,id27,689.0,225.0,vial6,43,29.895164625703547
253,id27,689.0,225.0,vial6,43,29.895164625703547
254,id27,689.0,225.0,vial6,43,29.895164625703547
255,id27,689.0,225.0,vial6,43,29.895164625703547
256,id27,689.0,225.0,vial6,43,29.895164625703547
257,id27,689.5,225.0,vial6,43,29.895164625703547
258,id27,689.5,225.0,vial6,43,29.895164625703547
259,id27,689.5,225.0,vial6,43,29.895164625703547
260,id27,689.5,224.5,vial6,43,29.895164625703547
261,id27,689.0,224.5,vial6,43,29.895164625703547
262,id27,689.0,225.0,vial6,43,29.895164625703547
263,id27,689.0,225.0,vial6,43,29.895164625703547
264,id27,689.0,225.0,vial6,43,29.895164625703547
265,id27,689.0,225.0,vial6,43,29.895164625703547
266,id27,689.0,225.0,vial6,43,29.895164625703547
267,id27,689.5,225.0,vial6,43,29.895164625703547
268,id27,689.5,225.0,vial6,43,29.895164625703547
269,id27,689.5,225.0,vial6,43,29.895164625703547
270,id27,689.5,225.0,vial6,43,29.895164625703547
271,id27,689.5,225.0,vial6,43,29.895164625703547
272,id27,689.0,225.0,vial6,43,29.895164625703547
273,id27,689.0,225.0,vial6,43,29.895164625703547
274,id27,689.0,225.0,vial6,43,29.895164625703547
275,id27,689.0,225.0,vial6,43,29.895164625703547
276,id27,689.0,225.0,vial6,43,29.895164625703547
277,id27,689.0,225.0,vial6,43,29.895164625703547
278,id27,689.0,224.5,vial6,43,29.895164625703547
279,id27,689.0,224.5,vial6,43,29.895164625703547
280,id27,689.5,224.5,vial6,43,29.895164625703547
281,id27,689.5,224.5,vial6,43,29.895164625703547
282,id27,689.5,224.5,vial6,43,29.895164625703547
283,id27,689.5,224.5,vial6,43,29.895164625703547
284,id27,689.5,225.0,vial6,43,29.895164625703547
285,id27,689.5,225.0,vial6,43,29.895164625703547
286,id27,689.5,224.5,vial6,43,29.895164625703547
287,id27,689.5,224.5,vial6,43,29.895164625703547
288,id27,689.5,224.5,vial6,43,29.895164625703547
289,id27,689.5,224.5,vial6,43,29.895164625703547
290,id27,689.5,224.5,vial6,43,29.895164625703547
291,id27,689.5,224.0,vial6,43,29.895164625703547
292,id27,689.5,224.0,vial6,43,29.895164625703547
293,id27,689.5,224.0,vial6,43,29.895164625703547
294,id27,689.5,223.5,vial6,43,29.895164625703547
295,id27,689.5,223.5,vial6,43,29.895164625703547
296,id27,689.5,223.5,vial6,43,29.895164625703547
297,id27,689.5,223.0,vial6,43,29.895164625703547
298,id27,689.5,222.5,vial6,43,29.895164625703547
299,id27,689.5,222.5,vial6,43,29.895164625703547
300,id27,689.5,222.5,vial6,43,29.895164625703547
301,id27,689.5,222.5,vial6,43,29.895164625703547
302,id27,689.5,222.5,vial6,43,29.895164625703547
303,id27,689.5,222.5,vial6,43,29.895164625703547
304,id27,689.5,222.5,vial6,43,29.895164625703547
305,id27,689.5,222.5,vial6,43,29.895164625703547
306,id27,689.5,222.5,vial6,43,29.895164625703547
307,id27,689.5,222.0,vial6,43,29.895164625703547
308,id27,689.5,222.0,vial6,43,29.895164625703547
309,id27,689.5,222.0,vial6,43,29.895164625703547
310,id27,689.5,222.0,vial6,43,29.895164625703547
311,id27,689.5,222.5,vial6,43,29.895164625703547
312,id27,689.5,222.5,vial6,43,29.895164625703547
313,id27,689.5,222.5,vial6,43,29.895164625703547
314,id27,689.5,222.5,vial6,43,29.895164625703547
315,id27,689.5,222.5,vial6,43,29.895164625703547
316,id27,689.5,222.5,vial6,43,29.895164625703547
317,id27,689.5,222.5,vial6,43,29.895164625703547
318,id27,689.5,222.5,vial6,43,29.895164625703547
319,id27,689.5,222.5,vial6,43,29.895164625703547
320,id27,689.5,222.5,vial6,43,29.895164625703547
321,id27,689.5,222.5,vial6,43,29.895164625703547
322,id27,689.5,222.5,vial6,43,29.895164625703547
323,id27,689.5,222.0,vial6,43,29.895164625703547
324,id27,689.5,222.5,vial6,43,29.895164625703547
325,id27,689.5,222.5,vial6,43,29.895164625703547
326,id27,689.5,222.5,vial6,43,29.895164625703547
327,id27,689.5,222.5,vial6,43,29.895164625703547
328,id27,689.5,222.5,vial6,43,29.895164625703547
329,id27,689.5,222.5,vial6,43,29.895164625703547
330,id27,689.5,222.5,vial6,43,29.895164625703547
331,id27,689.5,222.0,vial6,43,29.895164625703547
332,id27,689.5,222.0,vial6,43,29.895164625703547
333,id27,689.5,222.5,vial6,43,29.895164625703547
334,id27,689.5,222.5,vial6,43,29.895164625703547
335,id27,689.0,222.5,vial6,43,29.895164625703547
336,id27,687.5,222.5,vial6,43,29.895164625703547
337,id27,687.5,222.0,vial6,43,29.895164625703547
338,id27,688.0,221.5,vial6,43,29.895164625703547
339,id27,688.0,221.5,vial6,43,29.895164625703547
340,id27,689.0,220.5,vial6,43,29.895164625703547
341,id27,689.5,220.0,vial6,43,29.895164625703547
342,id27,689.5,222.5,vial6,43,29.895164625703547
343,id27,689.5,221.5,vial6,43,29.895164625703547
344,id27,689.5,222.0,vial6,43,29.895164625703547
345,id27,689.5,222.0,vial6,43,29.895164625703547
346,id27,689.5,222.0,vial6,43,29.895164625703547
347,id27,689.5,222.0,vial6,43,29.895164625703547
348,id27,689.5,222.0,vial6,43,29.895164625703547
349,id27,689.5,222.0,vial6,43,29.895164625703547
350,id27,689.5,222.0,vial6,43,29.895164625703547
351,id27,689.5,222.0,vial6,43,29.895164625703547
352,id27,689.5,221.5,vial6,43,29.895164625703547
353,id27,689.5,221.5,vial6,43,29.895164625703547
354,id27,689.5,221.5,vial6,43,29.895164625703547
355,id27,689.5,221.5,vial6,43,29.895164625703547
356,id27,689.5,221.5,vial6,43,29.895164625703547
357,id27,689.5,221.5,vial6,43,29.895164625703547
358,id27,689.5,222.0,vial6,43,29.895164625703547
359,id27,689.5,222.0,vial6,43,29.895164625703547
360,id27,689.5,222.5,vial6,43,29.895164625703547
361,id27,689.5,222.5,vial6,43,29.895164625703547
362,id27,689.5,222.0,vial6,43,29.895164625703547
363,id27,690.0,222.5,vial6,43,29.895164625703547
364,id27,690.0,222.5,vial6,43,29.895164625703547
365,id27,690.0,222.5,vial6,43,29.895164625703547
366,id27,690.0,222.5,vial6,43,29.895164625703547
367,id27,690.0,222.5,vial6,43,29.895164625703547
368,id27,690.0,221.5,vial6,43,29.895164625703547
369,id27,690.0,221.0,vial6,43,29.895164625703547
370,id27,689.5,220.0,vial6,43,29.895164625703547
371,id27,689.5,220.0,vial6,43,29.895164625703547
372,id27,689.5,219.0,vial6,43,29.895164625703547
373,id27,689.5,218.5,vial6,43,29.895164625703547
374,id27,689.0,217.5,vial6,43,29.895164625703547
375,id27,689.0,216.5,vial6,43,29.895164625703547
376,id27,688.5,216.0,vial6,43,29.895164625703547
377,id27,688.5,215.0,vial6,43,29.895164625703547
378,id27,688.5,214.5,vial6,43,29.895164625703547
379,id27,688.5,214.5,vial6,43,29.895164625703547
380,id27,688.5,214.0,vial6,43,29.895164625703547
381,id27,688.5,214.0,vial6,43,29.895164625703547
2,id28,292.5,350.5,vial3,20,29.895164625703547
3,id28,292.0,350.0,vial3,20,29.895164625703547
4,id28,292.0,350.0,vial3,20,29.895164625703547
5,id28,292.5,350.0,vial3,20,29.895164625703547
6,id28,292.5,350.0,vial3,20,29.895164625703547
7,id28,292.0,350.0,vial3,20,29.895164625703547
8,id28,293.0,350.0,vial3,20,29.895164625703547
9,id28,293.5,350.5,vial3,20,29.895164625703547
10,id28,293.5,350.5,vial3,20,29.895164625703547
11,id28,295.0,350.5,vial3,20,29.895164625703547
12,id28,296.0,350.5,vial3,20,29.895164625703547
13,id28,296.0,350.5,vial3,20,29.895164625703547
14,id28,296.0,350.5,vial3,20,29.895164625703547
15,id28,296.0,350.0,vial3,20,29.895164625703547
16,id28,296.0,350.5,vial3,20,29.895164625703547
17,id28,296.0,350.5,vial3,20,29.895164625703547
18,id28,305.5,324.0,vial3,20,29.895164625703547
19,id28,308.5,317.0,vial3,20,29.895164625703547
20,id28,310.5,323.5,vial3,20,29.895164625703547
21,id28,310.5,330.5,vial3,20,29.895164625703547
22,id28,312.5,336.0,vial3,20,29.895164625703547
23,id28,312.5,335.0,vial3,20,29.895164625703547
24,id28,312.5,335.0,vial3,20,29.895164625703547
25,id28,312.0,334.0,vial3,20,29.895164625703547
26,id28,311.5,334.0,vial3,20,29.895164625703547
27,id28,310.5,333.0,vial3,20,29.895164625703547
28,id28,309.0,332.5,vial3,20,29.895164625703547
29,id28,308.0,332.5,vial3,20,29.895164625703547
30,id28,306.5,331.5,vial3,20,29.895164625703547
31,id28,305.0,331.5,vial3,20,29.895164625703547
32,id28,304.5,331.5,vial3,20,29.895164625703547
33,id28,301.5,330.5,vial3,20,29.895164625703547
34,id28,303.5,330.5,vial3,20,29.895164625703547
35,id28,302.0,329.5,vial3,20,29.895164625703547
36,id28,301.0,329.5,vial3,20,29.895164625703547
37,id28,299.5,329.0,vial3,20,29.895164625703547
38,id28,298.5,329.0,vial3,20,29.895164625703547
39,id28,300.0,328.5,vial3,20,29.895164625703547
40,id28,300.0,328.5,vial3,20,29.895164625703547
41,id28,300.0,328.5,vial3,20,29.895164625703547
42,id28,300.0,328.5,vial3,20,29.895164625703547
43,id28,300.0,328.5,vial3,20,29.895164625703547
44,id28,300.0,328.5,vial3,20,29.895164625703547
45,id28,300.0,328.5,vial3,20,29.895164625703547
46,id28,298.0,326.5,vial3,20,29.895164625703547
47,id28,272.0,318.5,vial3,20,29.895164625703547
48,id28,252.5,316.5,vial3,20,29.895164625703547
49,id28,252.5,316.5,vial3,20,29.895164625703547
50,id28,252.5,316.5,vial3,20,29.895164625703547
51,id28,252.5,316.5,vial3,20,29.895164625703547
52,id28,252.5,316.5,vial3,20,29.895164625703547
53,id28,252.5,316.5,vial3,20,29.895164625703547
54,id28,254.5,324.5,vial3,20,29.895164625703547
55,id28,265.0,343.5,vial3,20,29.895164625703547
56,id28,263.5,350.0,vial3,20,29.895164625703547
57,id28,265.0,351.0,vial3,20,29.895164625703547
58,id28,265.0,351.0,vial3,20,29.895164625703547
59,id28,265.0,351.0,vial3,20,29.895164625703547
60,id28,265.5,351.5,vial3,20,29.895164625703547
61,id28,265.0,351.0,vial3,20,29.895164625703547
62,id28,263.5,350.5,vial3,20,29.895164625703547
63,id28,263.0,350.5,vial3,20,29.895164625703547
64,id28,263.0,350.5,vial3,20,29.895164625703547
65,id28,263.0,350.5,vial3,20,29.895164625703547
66,id28,262.5,350.5,vial3,20,29.895164625703547
67,id28,262.5,350.5,vial3,20,29.895164625703547
68,id28,263.5,351.0,vial3,20,29.895164625703547
69,id28,264.5,351.0,vial3,20,29.895164625703547
70,id28,271.0,351.0,vial3,20,29.895164625703547
71,id28,271.5,351.0,vial3,20,29.895164625703547
72,id28,271.5,351.0,vial3,20,29.895164625703547
75,id28,272.0,350.5,vial3,20,29.895164625703547
76,id28,272.5,350.5,vial3,20,29.895164625703547
77,id28,273.0,350.5,vial3,20,29.895164625703547
78,id28,273.5,349.5,vial3,20,29.895164625703547
79,id28,273.5,350.0,vial3,20,29.895164625703547
80,id28,274.0,350.5,vial3,20,29.895164625703547
81,id28,274.0,351.0,vial3,20,29.895164625703547
82,id28,274.0,351.0,vial3,20,29.895164625703547
83,id28,275.0,351.5,vial3,20,29.895164625703547
84,id28,275.0,351.0,vial3,20,29.895164625703547
85,id28,275.0,351.0,vial3,20,29.895164625703547
86,id28,276.0,350.5,vial3,20,29.895164625703547
87,id28,276.0,350.5,vial3,20,29.895164625703547
88,id28,275.5,350.5,vial3,20,29.895164625703547
89,id28,275.5,350.5,vial3,20,29.895164625703547
90,id28,276.0,350.5,vial3,20,29.895164625703547
91,id28,276.0,350.0,vial3,20,29.895164625703547
92,id28,276.0,350.5,vial3,20,29.895164625703547
93,id28,277.0,351.0,vial3,20,29.895164625703547
94,id28,277.0,351.0,vial3,20,29.895164625703547
95,id28,277.0,351.0,vial3,20,29.895164625703547
96,id28,277.5,351.5,vial3,20,29.895164625703547
97,id28,277.0,351.0,vial3,20,29.895164625703547
98,id28,278.0,351.5,vial3,20,29.895164625703547
99,id28,278.0,351.0,vial3,20,29.895164625703547
100,id28,278.0,351.0,vial3,20,29.895164625703547
101,id28,278.0,351.0,vial3,20,29.895164625703547
102,id28,277.5,351.0,vial3,20,29.895164625703547
103,id28,277.5,351.5,vial3,20,29.895164625703547
104,id28,277.5,351.0,vial3,20,29.895164625703547
105,id28,277.0,351.0,vial3,20,29.895164625703547
106,id28,277.0,350.5,vial3,20,29.895164625703547
107,id28,277.0,351.0,vial3,20,29.895164625703547
108,id28,277.5,351.0,vial3,20,29.895164625703547
109,id28,277.0,351.0,vial3,20,29.895164625703547
110,id28,277.0,351.0,vial3,20,29.895164625703547
111,id28,277.0,350.5,vial3,20,29.895164625703547
112,id28,277.0,350.5,vial3,20,29.895164625703547
113,id28,277.0,350.5,vial3,20,29.895164625703547
114,id28,277.5,350.5,vial3,20,29.895164625703547
115,id28,277.5,350.5,vial3,20,29.895164625703547
116,id28,277.0,350.0,vial3,20,29.895164625703547
117,id28,277.0,349.5,vial3,20,29.895164625703547
118,id28,277.0,349.5,vial3,20,29.895164625703547
119,id28,276.0,351.5,vial3,20,29.895164625703547
120,id28,277.0,351.0,vial3,20,29.895164625703547
121,id28,276.0,351.5,vial3,20,29.895164625703547
122,id28,277.0,351.5,vial3,20,29.895164625703547
123,id28,277.0,351.5,vial3,20,29.895164625703547
124,id28,277.0,351.5,vial3,20,29.895164625703547
125,id28,277.0,351.5,vial3,20,29.895164625703547
126,id28,278.0,351.5,vial3,20,29.895164625703547
127,id28,278.0,351.5,vial3,20,29.895164625703547
128,id28,278.0,351.5,vial3,20,29.895164625703547
129,id28,278.0,351.5,vial3,20,29.895164625703547
130,id28,278.0,351.5,vial3,20,29.895164625703547
131,id28,278.0,351.5,vial3,20,29.895164625703547
132,id28,277.5,351.5,vial3,20,29.895164625703547
133,id28,277.5,351.5,vial3,20,29.895164625703547
134,id28,277.5,351.5,vial3,20,29.895164625703547
135,id28,277.5,351.5,vial3,20,29.895164625703547
136,id28,277.5,351.5,vial3,20,29.895164625703547
137,id28,277.5,351.5,vial3,20,29.895164625703547
138,id28,277.5,351.5,vial3,20,29.895164625703547
139,id28,277.5,352.0,vial3,20,29.895164625703547
140,id28,277.5,352.0,vial3,20,29.895164625703547
141,id28,277.5,352.0,vial3,20,29.895164625703547
142,id28,278.0,352.0,vial3,20,29.895164625703547
143,id28,277.5,352.0,vial3,20,29.895164625703547
144,id28,277.5,352.0,vial3,20,29.895164625703547
145,id28,277.5,351.5,vial3,20,29.895164625703547
146,id28,278.0,351.5,vial3,20,29.895164625703547
147,id28,277.5,351.5,vial3,20,29.895164625703547
148,id28,278.0,351.5,vial3,20,29.895164625703547
149,id28,277.5,352.0,vial3,20,29.895164625703547
150,id28,278.0,351.5,vial3,20,29.895164625703547
151,id28,277.5,351.5,vial3,20,29.895164625703547
152,id28,277.5,351.5,vial3,20,29.895164625703547
153,id28,277.5,351.5,vial3,20,29.895164625703547
154,id28,277.5,352.0,vial3,20,29.895164625703547
155,id28,277.5,352.0,vial3,20,29.895164625703547
156,id28,278.0,352.0,vial3,20,29.895164625703547
157,id28,278.0,352.0,vial3,20,29.895164625703547
158,id28,277.5,352.0,vial3,20,29.895164625703547
159,id28,277.5,352.0,vial3,20,29.895164625703547
160,id28,277.5,352.5,vial3,20,29.895164625703547
161,id28,277.5,352.5,vial3,20,29.895164625703547
162,id28,277.5,352.5,vial3,20,29.895164625703547
163,id28,277.5,352.5,vial3,20,29.895164625703547
164,id28,277.5,352.5,vial3,20,29.895164625703547
165,id28,277.5,352.5,vial3,20,29.895164625703547
166,id28,277.5,352.5,vial3,20,29.895164625703547
167,id28,277.5,352.5,vial3,20,29.895164625703547
168,id28,277.5,352.0,vial3,20,29.895164625703547
169,id28,277.5,352.5,vial3,20,29.895164625703547
170,id28,277.5,352.5,vial3,20,29.895164625703547
171,id28,277.5,352.5,vial3,20,29.895164625703547
172,id28,277.5,352.0,vial3,20,29.895164625703547
173,id28,277.5,352.0,vial3,20,29.895164625703547
174,id28,277.5,352.0,vial3,20,29.895164625703547
175,id28,277.5,352.0,vial3,20,29.895164625703547
176,id28,277.5,352.0,vial3,20,29.895164625703547
177,id28,277.5,352.5,vial3,20,29.895164625703547
178,id28,277.5,352.5,vial3,20,29.895164625703547
179,id28,277.5,352.5,vial3,20,29.895164625703547
180,id28,277.5,352.0,vial3,20,29.895164625703547
181,id28,278.0,352.5,vial3,20,29.895164625703547
182,id28,278.0,352.5,vial3,20,29.895164625703547
183,id28,278.5,352.0,vial3,20,29.895164625703547
184,id28,278.5,352.0,vial3,20,29.895164625703547
185,id28,278.5,352.0,vial3,20,29.895164625703547
186,id28,278.0,352.0,vial3,20,29.895164625703547
187,id28,278.0,352.0,vial3,20,29.895164625703547
188,id28,278.0,352.0,vial3,20,29.895164625703547
189,id28,278.0,352.0,vial3,20,29.895164625703547
190,id28,278.0,352.0,vial3,20,29.895164625703547
191,id28,278.0,352.0,vial3,20,29.895164625703547
192,id28,278.0,352.5,vial3,20,29.895164625703547
193,id28,278.5,352.5,vial3,20,29.895164625703547
194,id28,278.5,352.5,vial3,20,29.895164625703547
195,id28,278.0,352.5,vial3,20,29.895164625703547
196,id28,277.5,352.5,vial3,20,29.895164625703547
197,id28,277.5,352.0,vial3,20,29.895164625703547
198,id28,278.0,352.0,vial3,20,29.895164625703547
199,id28,278.0,352.0,vial3,20,29.895164625703547
200,id28,278.0,352.0,vial3,20,29.895164625703547
201,id28,278.0,352.0,vial3,20,29.895164625703547
202,id28,278.0,352.0,vial3,20,29.895164625703547
203,id28,278.0,352.0,vial3,20,29.895164625703547
204,id28,278.0,352.0,vial3,20,29.895164625703547
205,id28,278.5,352.0,vial3,20,29.895164625703547
206,id28,278.5,352.0,vial3,20,29.895164625703547
207,id28,279.0,352.0,vial3,20,29.895164625703547
208,id28,280.0,351.5,vial3,20,29.895164625703547
209,id28,281.0,351.5,vial3,20,29.895164625703547
210,id28,283.5,351.5,vial3,20,29.895164625703547
211,id28,284.5,351.5,vial3,20,29.895164625703547
212,id28,285.5,351.0,vial3,20,29.895164625703547
213,id28,286.5,351.0,vial3,20,29.895164625703547
214,id28,287.0,351.0,vial3,20,29.895164625703547
215,id28,288.0,351.0,vial3,20,29.895164625703547
216,id28,288.5,350.5,vial3,20,29.895164625703547
217,id28,288.5,350.5,vial3,20,29.895164625703547
218,id28,288.5,351.0,vial3,20,29.895164625703547
219,id28,288.0,351.0,vial3,20,29.895164625703547
220,id28,288.0,351.5,vial3,20,29.895164625703547
221,id28,288.0,351.5,vial3,20,29.895164625703547
222,id28,288.5,351.5,vial3,20,29.895164625703547
223,id28,288.0,351.5,vial3,20,29.895164625703547
224,id28,287.5,351.5,vial3,20,29.895164625703547
225,id28,287.5,351.0,vial3,20,29.895164625703547
226,id28,287.0,351.5,vial3,20,29.895164625703547
227,id28,286.0,352.0,vial3,20,29.895164625703547
228,id28,285.5,352.0,vial3,20,29.895164625703547
229,id28,285.0,351.5,vial3,20,29.895164625703547
230,id28,285.0,351.5,vial3,20,29.895164625703547
231,id28,285.0,352.0,vial3,20,29.895164625703547
232,id28,284.5,351.5,vial3,20,29.895164625703547
233,id28,283.5,351.5,vial3,20,29.895164625703547
234,id28,283.0,351.5,vial3,20,29.895164625703547
235,id28,282.0,351.5,vial3,20,29.895164625703547
236,id28,280.0,352.0,vial3,20,29.895164625703547
237,id28,279.0,352.5,vial3,20,29.895164625703547
238,id28,278.0,352.5,vial3,20,29.895164625703547
239,id28,277.5,352.0,vial3,20,29.895164625703547
240,id28,276.0,351.5,vial3,20,29.895164625703547
241,id28,274.5,351.5,vial3,20,29.895164625703547
242,id28,273.5,351.5,vial3,20,29.895164625703547
243,id28,272.5,351.5,vial3,20,29.895164625703547
244,id28,272.0,351.5,vial3,20,29.895164625703547
245,id28,271.5,351.5,vial3,20,29.895164625703547
246,id28,271.5,351.5,vial3,20,29.895164625703547
247,id28,270.5,351.5,vial3,20,29.895164625703547
248,id28,269.5,351.5,vial3,20,29.895164625703547
249,id28,270.0,351.5,vial3,20,29.895164625703547
250,id28,270.0,351.5,vial3,20,29.895164625703547
251,id28,269.5,351.5,vial3,20,29.895164625703547
252,id28,269.5,352.0,vial3,20,29.895164625703547
253,id28,269.0,352.0,vial3,20,29.895164625703547
254,id28,268.5,352.0,vial3,20,29.895164625703547
255,id28,268.5,352.0,vial3,20,29.895164625703547
256,id28,271.0,352.0,vial3,20,29.895164625703547
257,id28,272.0,351.5,vial3,20,29.895164625703547
258,id28,272.0,351.5,vial3,20,29.895164625703547
259,id28,271.5,351.5,vial3,20,29.895164625703547
260,id28,271.0,351.5,vial3,20,29.895164625703547
261,id28,271.0,351.0,vial3,20,29.895164625703547
262,id28,270.0,351.0,vial3,20,29.895164625703547
263,id28,269.0,351.0,vial3,20,29.895164625703547
264,id28,268.5,351.0,vial3,20,29.895164625703547
265,id28,268.0,351.0,vial3,20,29.895164625703547
266,id28,268.0,350.5,vial3,20,29.895164625703547
267,id28,268.0,350.5,vial3,20,29.895164625703547
268,id28,268.0,350.5,vial3,20,29.895164625703547
269,id28,268.0,350.5,vial3,20,29.895164625703547
270,id28,268.0,350.5,vial3,20,29.895164625703547
271,id28,268.0,350.5,vial3,20,29.895164625703547
272,id28,268.0,350.5,vial3,20,29.895164625703547
273,id28,268.0,350.5,vial3,20,29.895164625703547
274,id28,268.0,350.5,vial3,20,29.895164625703547
275,id28,268.5,350.5,vial3,20,29.895164625703547
276,id28,268.5,350.5,vial3,20,29.895164625703547
277,id28,268.5,350.5,vial3,20,29.895164625703547
278,id28,268.0,350.5,vial3,20,29.895164625703547
279,id28,268.0,350.5,vial3,20,29.895164625703547
280,id28,268.0,350.5,vial3,20,29.895164625703547
281,id28,268.5,350.5,vial3,20,29.895164625703547
282,id28,268.5,350.5,vial3,20,29.895164625703547
283,id28,268.5,350.5,vial3,20,29.895164625703547
284,id28,268.5,350.5,vial3,20,29.895164625703547
285,id28,268.5,350.5,vial3,20,29.895164625703547
286,id28,268.5,350.5,vial3,20,29.895164625703547
287,id28,268.5,350.5,vial3,20,29.895164625703547
288,id28,268.5,350.5,vial3,20,29.895164625703547
289,id28,268.5,350.5,vial3,20,29.895164625703547
290,id28,268.5,350.5,vial3,20,29.895164625703547
291,id28,268.5,350.5,vial3,20,29.895164625703547
292,id28,268.5,350.5,vial3,20,29.895164625703547
293,id28,268.5,350.5,vial3,20,29.895164625703547
294,id28,268.5,350.5,vial3,20,29.895164625703547
295,id28,268.5,350.5,vial3,20,29.895164625703547
296,id28,268.5,350.5,vial3,20,29.895164625703547
297,id28,268.5,350.5,vial3,20,29.895164625703547
298,id28,268.5,350.5,vial3,20,29.895164625703547
299,id28,268.5,350.5,vial3,20,29.895164625703547
300,id28,268.5,350.5,vial3,20,29.895164625703547
301,id28,268.0,351.0,vial3,20,29.895164625703547
302,id28,268.0,351.0,vial3,20,29.895164625703547
303,id28,268.0,351.0,vial3,20,29.895164625703547
304,id28,268.0,351.0,vial3,20,29.895164625703547
305,id28,268.0,351.0,vial3,20,29.895164625703547
306,id28,268.0,351.0,vial3,20,29.895164625703547
307,id28,268.0,351.0,vial3,20,29.895164625703547
308,id28,268.0,351.0,vial3,20,29.895164625703547
315,id28,268.0,352.5,vial3,20,29.895164625703547
316,id28,268.5,350.0,vial3,20,29.895164625703547
317,id28,268.0,351.5,vial3,20,29.895164625703547
318,id28,268.5,351.0,vial3,20,29.895164625703547
319,id28,268.0,351.0,vial3,20,29.895164625703547
320,id28,268.0,351.0,vial3,20,29.895164625703547
321,id28,268.0,351.0,vial3,20,29.895164625703547
322,id28,268.0,351.0,vial3,20,29.895164625703547
323,id28,268.0,351.0,vial3,20,29.895164625703547
324,id28,268.0,351.0,vial3,20,29.895164625703547
325,id28,268.0,351.0,vial3,20,29.895164625703547
326,id28,268.0,351.0,vial3,20,29.895164625703547
327,id28,268.0,351.0,vial3,20,29.895164625703547
328,id28,268.0,351.0,vial3,20,29.895164625703547
329,id28,268.0,351.0,vial3,20,29.895164625703547
330,id28,268.0,351.0,vial3,20,29.895164625703547
331,id28,268.0,351.0,vial3,20,29.895164625703547
332,id28,268.0,351.0,vial3,20,29.895164625703547
333,id28,268.0,351.0,vial3,20,29.895164625703547
334,id28,268.0,351.0,vial3,20,29.895164625703547
335,id28,268.0,351.0,vial3,20,29.895164625703547
336,id28,268.0,351.0,vial3,20,29.895164625703547
337,id28,268.0,351.0,vial3,20,29.895164625703547
338,id28,268.0,351.0,vial3,20,29.895164625703547
339,id28,268.0,351.0,vial3,20,29.895164625703547
340,id28,268.0,351.0,vial3,20,29.895164625703547
341,id28,268.0,351.0,vial3,20,29.895164625703547
342,id28,268.0,351.0,vial3,20,29.895164625703547
343,id28,268.0,351.0,vial3,20,29.895164625703547
344,id28,268.0,351.0,vial3,20,29.895164625703547
345,id28,268.0,351.0,vial3,20,29.895164625703547
346,id28,268.0,351.0,vial3,20,29.895164625703547
347,id28,268.0,351.0,vial3,20,29.895164625703547
348,id28,268.0,351.0,vial3,20,29.895164625703547
349,id28,268.0,351.0,vial3,20,29.895164625703547
350,id28,268.0,351.0,vial3,20,29.895164625703547
351,id28,268.0,351.0,vial3,20,29.895164625703547
352,id28,268.0,351.0,vial3,20,29.895164625703547
353,id28,268.0,351.0,vial3,20,29.895164625703547
354,id28,268.0,351.0,vial3,20,29.895164625703547
355,id28,268.0,351.0,vial3,20,29.895164625703547
356,id28,268.0,351.0,vial3,20,29.895164625703547
357,id28,268.0,351.0,vial3,20,29.895164625703547
358,id28,268.0,351.0,vial3,20,29.895164625703547
359,id28,268.0,351.0,vial3,20,29.895164625703547
360,id28,268.0,351.0,vial3,20,29.895164625703547
361,id28,268.0,351.0,vial3,20,29.895164625703547
362,id28,268.0,351.0,vial3,20,29.895164625703547
363,id28,268.0,351.0,vial3,20,29.895164625703547
364,id28,268.0,351.0,vial3,20,29.895164625703547
365,id28,268.0,351.0,vial3,20,29.895164625703547
366,id28,268.0,351.0,vial3,20,29.895164625703547
367,id28,268.0,351.0,vial3,20,29.895164625703547
368,id28,268.0,351.0,vial3,20,29.895164625703547
369,id28,268.0,351.0,vial3,20,29.895164625703547
370,id28,268.0,351.0,vial3,20,29.895164625703547
371,id28,268.0,351.0,vial3,20,29.895164625703547
372,id28,268.0,351.0,vial3,20,29.895164625703547
373,id28,268.0,351.0,vial3,20,29.895164625703547
374,id28,268.0,351.0,vial3,20,29.895164625703547
375,id28,268.0,351.0,vial3,20,29.895164625703547
376,id28,268.0,351.0,vial3,20,29.895164625703547
377,id28,268.0,351.0,vial3,20,29.895164625703547
378,id28,268.0,351.0,vial3,20,29.895164625703547
379,id28,268.0,351.0,vial3,20,29.895164625703547
380,id28,268.0,351.0,vial3,20,29.895164625703547
381,id28,268.0,351.0,vial3,20,29.895164625703547
2,id29,173.0,352.0,vial2,10,29.895164625703547
3,id29,174.0,351.5,vial2,10,29.895164625703547
4,id29,174.0,351.5,vial2,10,29.895164625703547
5,id29,174.0,351.5,vial2,10,29.895164625703547
6,id29,173.0,351.5,vial2,10,29.895164625703547
7,id29,171.5,351.5,vial2,10,29.895164625703547
8,id29,149.5,332.0,vial2,10,29.895164625703547
9,id29,131.5,343.5,vial2,10,29.895164625703547
10,id29,129.5,350.5,vial2,10,29.895164625703547
11,id29,127.0,351.0,vial2,10,29.895164625703547
12,id29,128.5,351.0,vial2,10,29.895164625703547
13,id29,128.5,351.0,vial2,10,29.895164625703547
14,id29,129.5,351.0,vial2,10,29.895164625703547
15,id29,129.0,351.0,vial2,10,29.895164625703547
16,id29,129.0,351.0,vial2,10,29.895164625703547
17,id29,129.0,351.0,vial2,10,29.895164625703547
18,id29,129.5,351.0,vial2,10,29.895164625703547
19,id29,129.0,351.0,vial2,10,29.895164625703547
20,id29,128.5,351.0,vial2,10,29.895164625703547
21,id29,128.5,351.0,vial2,10,29.895164625703547
22,id29,128.5,351.0,vial2,10,29.895164625703547
23,id29,129.5,351.0,vial2,10,29.895164625703547
24,id29,129.5,351.0,vial2,10,29.895164625703547
25,id29,129.5,351.5,vial2,10,29.895164625703547
26,id29,131.0,351.5,vial2,10,29.895164625703547
27,id29,131.5,351.5,vial2,10,29.895164625703547
29,id29,131.5,350.5,vial2,10,29.895164625703547
30,id29,132.0,350.5,vial2,10,29.895164625703547
31,id29,132.0,350.5,vial2,10,29.895164625703547
32,id29,131.5,350.5,vial2,10,29.895164625703547
33,id29,130.5,351.0,vial2,10,29.895164625703547
34,id29,129.0,351.0,vial2,10,29.895164625703547
35,id29,129.0,351.0,vial2,10,29.895164625703547
36,id29,128.5,351.5,vial2,10,29.895164625703547
37,id29,128.5,351.5,vial2,10,29.895164625703547
38,id29,128.0,351.0,vial2,10,29.895164625703547
39,id29,128.0,351.0,vial2,10,29.895164625703547
40,id29,127.0,351.0,vial2,10,29.895164625703547
41,id29,127.5,351.0,vial2,10,29.895164625703547
42,id29,127.5,351.0,vial2,10,29.895164625703547
43,id29,127.0,350.5,vial2,10,29.895164625703547
44,id29,127.0,350.5,vial2,10,29.895164625703547
45,id29,128.0,351.5,vial2,10,29.895164625703547
46,id29,128.0,351.5,vial2,10,29.895164625703547
47,id29,129.0,352.0,vial2,10,29.895164625703547
48,id29,129.5,351.5,vial2,10,29.895164625703547
49,id29,129.0,351.5,vial2,10,29.895164625703547
50,id29,129.5,351.0,vial2,10,29.895164625703547
51,id29,129.0,351.5,vial2,10,29.895164625703547
52,id29,129.5,351.5,vial2,10,29.895164625703547
53,id29,130.0,351.0,vial2,10,29.895164625703547
54,id29,130.5,351.0,vial2,10,29.895164625703547
55,id29,131.0,351.0,vial2,10,29.895164625703547
56,id29,131.0,351.0,vial2,10,29.895164625703547
57,id29,133.0,351.0,vial2,10,29.895164625703547
58,id29,134.0,350.5,vial2,10,29.895164625703547
59,id29,134.5,350.5,vial2,10,29.895164625703547
60,id29,128.5,348.0,vial2,10,29.895164625703547
62,id29,130.5,341.0,vial2,10,29.895164625703547
63,id29,155.0,344.0,vial2,10,29.895164625703547
64,id29,153.0,342.0,vial2,10,29.895164625703547
65,id29,142.5,340.5,vial2,10,29.895164625703547
66,id29,140.5,350.5,vial2,10,29.895164625703547
67,id29,141.0,350.0,vial2,10,29.895164625703547
68,id29,141.5,350.0,vial2,10,29.895164625703547
69,id29,141.5,350.5,vial2,10,29.895164625703547
70,id29,141.0,348.0,vial2,10,29.895164625703547
71,id29,142.0,350.0,vial2,10,29.895164625703547
72,id29,142.0,349.5,vial2,10,29.895164625703547
73,id29,142.0,350.0,vial2,10,29.895164625703547
74,id29,142.0,350.0,vial2,10,29.895164625703547
75,id29,142.0,350.5,vial2,10,29.895164625703547
76,id29,140.5,350.5,vial2,10,29.895164625703547
77,id29,140.5,350.5,vial2,10,29.895164625703547
78,id29,141.0,350.5,vial2,10,29.895164625703547
79,id29,138.5,349.0,vial2,10,29.895164625703547
80,id29,138.0,348.5,vial2,10,29.895164625703547
81,id29,139.0,348.5,vial2,10,29.895164625703547
82,id29,138.5,348.0,vial2,10,29.895164625703547
83,id29,138.5,348.0,vial2,10,29.895164625703547
84,id29,138.5,348.0,vial2,10,29.895164625703547
85,id29,138.5,348.0,vial2,10,29.895164625703547
86,id29,138.5,348.0,vial2,10,29.895164625703547
87,id29,138.0,348.0,vial2,10,29.895164625703547
88,id29,138.5,347.5,vial2,10,29.895164625703547
89,id29,138.5,348.0,vial2,10,29.895164625703547
90,id29,139.0,348.0,vial2,10,29.895164625703547
91,id29,139.5,348.5,vial2,10,29.895164625703547
92,id29,139.5,349.0,vial2,10,29.895164625703547
93,id29,139.5,349.5,vial2,10,29.895164625703547
94,id29,139.5,349.0,vial2,10,29.895164625703547
95,id29,140.0,348.5,vial2,10,29.895164625703547
96,id29,140.0,348.5,vial2,10,29.895164625703547
97,id29,140.0,349.0,vial2,10,29.895164625703547
98,id29,140.5,349.0,vial2,10,29.895164625703547
99,id29,140.5,349.0,vial2,10,29.895164625703547
100,id29,140.5,349.5,vial2,10,29.895164625703547
101,id29,141.0,349.5,vial2,10,29.895164625703547
102,id29,139.5,349.0,vial2,10,29.895164625703547
103,id29,140.5,349.5,vial2,10,29.895164625703547
104,id29,140.5,350.5,vial2,10,29.895164625703547
105,id29,141.0,350.5,vial2,10,29.895164625703547
106,id29,141.5,350.5,vial2,10,29.895164625703547
107,id29,141.5,350.5,vial2,10,29.895164625703547
108,id29,141.0,350.5,vial2,10,29.895164625703547
109,id29,141.0,350.5,vial2,10,29.895164625703547
110,id29,142.0,350.5,vial2,10,29.895164625703547
111,id29,142.5,350.5,vial2,10,29.895164625703547
112,id29,143.5,350.5,vial2,10,29.895164625703547
113,id29,144.0,349.5,vial2,10,29.895164625703547
114,id29,144.5,349.5,vial2,10,29.895164625703547
115,id29,144.5,349.5,vial2,10,29.895164625703547
116,id29,146.0,349.5,vial2,10,29.895164625703547
117,id29,147.5,349.5,vial2,10,29.895164625703547
118,id29,148.5,349.5,vial2,10,29.895164625703547
119,id29,149.5,348.5,vial2,10,29.895164625703547
120,id29,149.5,348.5,vial2,10,29.895164625703547
121,id29,148.5,348.5,vial2,10,29.895164625703547
122,id29,149.5,348.0,vial2,10,29.895164625703547
123,id29,149.5,347.5,vial2,10,29.895164625703547
124,id29,150.0,347.0,vial2,10,29.895164625703547
125,id29,150.0,346.0,vial2,10,29.895164625703547
126,id29,150.0,347.0,vial2,10,29.895164625703547
127,id29,150.0,346.5,vial2,10,29.895164625703547
128,id29,155.0,345.5,vial2,10,29.895164625703547
145,id29,169.0,349.0,vial2,10,29.895164625703547
146,id29,169.0,348.5,vial2,10,29.895164625703547
147,id29,168.5,349.0,vial2,10,29.895164625703547
148,id29,168.5,349.0,vial2,10,29.895164625703547
149,id29,169.5,349.0,vial2,10,29.895164625703547
150,id29,169.0,349.0,vial2,10,29.895164625703547
151,id29,169.5,349.0,vial2,10,29.895164625703547
152,id29,174.0,348.5,vial2,10,29.895164625703547
153,id29,177.0,351.5,vial2,10,29.895164625703547
154,id29,173.5,351.5,vial2,10,29.895164625703547
155,id29,176.0,353.0,vial2,10,29.895164625703547
156,id29,174.0,352.5,vial2,10,29.895164625703547
157,id29,173.5,352.5,vial2,10,29.895164625703547
158,id29,173.5,352.5,vial2,10,29.895164625703547
159,id29,173.5,352.0,vial2,10,29.895164625703547
161,id29,168.0,352.0,vial2,10,29.895164625703547
164,id29,163.5,348.5,vial2,10,29.895164625703547
166,id29,141.5,349.5,vial2,10,29.895164625703547
167,id29,145.0,350.0,vial2,10,29.895164625703547
168,id29,145.0,350.0,vial2,10,29.895164625703547
169,id29,144.5,350.0,vial2,10,29.895164625703547
170,id29,144.5,350.0,vial2,10,29.895164625703547
171,id29,144.0,350.0,vial2,10,29.895164625703547
172,id29,143.0,349.5,vial2,10,29.895164625703547
173,id29,143.0,349.5,vial2,10,29.895164625703547
174,id29,143.0,349.5,vial2,10,29.895164625703547
175,id29,142.5,349.5,vial2,10,29.895164625703547
176,id29,142.5,350.0,vial2,10,29.895164625703547
177,id29,142.5,350.0,vial2,10,29.895164625703547
178,id29,142.5,350.0,vial2,10,29.895164625703547
179,id29,142.0,349.5,vial2,10,29.895164625703547
180,id29,141.5,349.5,vial2,10,29.895164625703547
181,id29,140.5,349.5,vial2,10,29.895164625703547
182,id29,139.5,350.0,vial2,10,29.895164625703547
183,id29,138.0,350.0,vial2,10,29.895164625703547
184,id29,137.0,350.0,vial2,10,29.895164625703547
185,id29,136.0,350.0,vial2,10,29.895164625703547
186,id29,135.0,350.0,vial2,10,29.895164625703547
187,id29,134.5,350.0,vial2,10,29.895164625703547
188,id29,133.0,350.0,vial2,10,29.895164625703547
189,id29,131.0,350.0,vial2,10,29.895164625703547
190,id29,129.0,350.5,vial2,10,29.895164625703547
191,id29,128.0,350.5,vial2,10,29.895164625703547
192,id29,128.0,350.5,vial2,10,29.895164625703547
193,id29,128.5,350.5,vial2,10,29.895164625703547
194,id29,129.5,350.5,vial2,10,29.895164625703547
195,id29,130.5,350.5,vial2,10,29.895164625703547
196,id29,132.0,350.5,vial2,10,29.895164625703547
197,id29,132.5,350.5,vial2,10,29.895164625703547
198,id29,134.5,350.5,vial2,10,29.895164625703547
199,id29,135.5,350.5,vial2,10,29.895164625703547
200,id29,136.5,350.5,vial2,10,29.895164625703547
201,id29,139.0,350.5,vial2,10,29.895164625703547
202,id29,140.0,350.5,vial2,10,29.895164625703547
203,id29,140.5,350.5,vial2,10,29.895164625703547
204,id29,142.0,350.5,vial2,10,29.895164625703547
205,id29,142.0,350.5,vial2,10,29.895164625703547
206,id29,142.0,350.5,vial2,10,29.895164625703547
207,id29,142.0,350.5,vial2,10,29.895164625703547
208,id29,142.0,350.5,vial2,10,29.895164625703547
209,id29,142.0,350.5,vial2,10,29.895164625703547
210,id29,142.0,350.5,vial2,10,29.895164625703547
211,id29,142.0,350.5,vial2,10,29.895164625703547
212,id29,142.5,350.5,vial2,10,29.895164625703547
213,id29,142.5,350.5,vial2,10,29.895164625703547
214,id29,142.5,350.5,vial2,10,29.895164625703547
215,id29,142.5,350.5,vial2,10,29.895164625703547
216,id29,142.5,350.5,vial2,10,29.895164625703547
217,id29,142.0,350.5,vial2,10,29.895164625703547
218,id29,142.0,350.5,vial2,10,29.895164625703547
219,id29,141.0,351.0,vial2,10,29.895164625703547
220,id29,141.0,351.5,vial2,10,29.895164625703547
221,id29,141.0,351.0,vial2,10,29.895164625703547
222,id29,140.5,350.5,vial2,10,29.895164625703547
223,id29,140.0,351.5,vial2,10,29.895164625703547
224,id29,134.5,350.5,vial2,10,29.895164625703547
225,id29,134.5,350.5,vial2,10,29.895164625703547
226,id29,134.0,351.0,vial2,10,29.895164625703547
227,id29,134.5,351.5,vial2,10,29.895164625703547
228,id29,142.5,351.0,vial2,10,29.895164625703547
229,id29,171.5,285.0,vial2,10,29.895164625703547
230,id29,175.5,261.5,vial2,10,29.895164625703547
231,id29,184.5,257.0,vial2,10,29.895164625703547
232,id29,175.5,254.0,vial2,10,29.895164625703547
233,id29,185.5,260.0,vial2,10,29.895164625703547
234,id29,184.5,276.5,vial2,10,29.895164625703547
235,id29,186.5,288.5,vial2,10,29.895164625703547
236,id29,181.5,301.5,vial2,10,29.895164625703547
237,id29,191.5,311.5,vial2,10,29.895164625703547
238,id29,187.0,328.0,vial2,10,29.895164625703547
239,id29,169.5,354.5,vial2,10,29.895164625703547
240,id29,169.0,354.5,vial2,10,29.895164625703547
241,id29,169.0,354.5,vial2,10,29.895164625703547
242,id29,169.0,354.5,vial2,10,29.895164625703547
243,id29,169.0,354.5,vial2,10,29.895164625703547
244,id29,169.0,354.5,vial2,10,29.895164625703547
245,id29,168.5,354.5,vial2,10,29.895164625703547
246,id29,168.5,354.5,vial2,10,29.895164625703547
247,id29,168.5,354.5,vial2,10,29.895164625703547
248,id29,168.5,354.5,vial2,10,29.895164625703547
249,id29,168.5,354.5,vial2,10,29.895164625703547
250,id29,169.0,354.5,vial2,10,29.895164625703547
251,id29,168.5,354.5,vial2,10,29.895164625703547
252,id29,168.5,354.0,vial2,10,29.895164625703547
253,id29,168.5,354.0,vial2,10,29.895164625703547
254,id29,168.5,354.0,vial2,10,29.895164625703547
255,id29,168.5,354.0,vial2,10,29.895164625703547
256,id29,170.5,354.0,vial2,10,29.895164625703547
257,id29,169.0,354.5,vial2,10,29.895164625703547
258,id29,168.5,354.0,vial2,10,29.895164625703547
259,id29,169.0,354.5,vial2,10,29.895164625703547
260,id29,169.0,354.5,vial2,10,29.895164625703547
261,id29,169.0,354.0,vial2,10,29.895164625703547
262,id29,169.0,354.5,vial2,10,29.895164625703547
263,id29,169.0,354.5,vial2,10,29.895164625703547
264,id29,168.5,354.5,vial2,10,29.895164625703547
265,id29,168.5,354.5,vial2,10,29.895164625703547
266,id29,169.0,354.5,vial2,10,29.895164625703547
267,id29,169.0,354.5,vial2,10,29.895164625703547
268,id29,169.0,354.5,vial2,10,29.895164625703547
269,id29,169.0,354.5,vial2,10,29.895164625703547
270,id29,169.0,354.5,vial2,10,29.895164625703547
271,id29,169.0,354.5,vial2,10,29.895164625703547
272,id29,169.0,354.5,vial2,10,29.895164625703547
273,id29,169.0,354.5,vial2,10,29.895164625703547
274,id29,143.5,350.0,vial2,10,29.895164625703547
275,id29,148.0,350.5,vial2,10,29.895164625703547
276,id29,150.0,350.0,vial2,10,29.895164625703547
277,id29,150.0,349.5,vial2,10,29.895164625703547
278,id29,152.0,351.0,vial2,10,29.895164625703547
279,id29,155.5,351.0,vial2,10,29.895164625703547
280,id29,151.0,351.0,vial2,10,29.895164625703547
281,id29,150.5,351.0,vial2,10,29.895164625703547
282,id29,152.0,352.0,vial2,10,29.895164625703547
283,id29,152.5,352.0,vial2,10,29.895164625703547
284,id29,157.5,352.5,vial2,10,29.895164625703547
286,id29,162.0,352.5,vial2,10,29.895164625703547
287,id29,162.0,352.0,vial2,10,29.895164625703547
288,id29,162.0,350.5,vial2,10,29.895164625703547
289,id29,162.5,350.0,vial2,10,29.895164625703547
294,id29,146.5,304.5,vial2,10,29.895164625703547
295,id29,159.5,278.0,vial2,10,29.895164625703547
296,id29,168.5,276.5,vial2,10,29.895164625703547
297,id29,180.0,274.0,vial2,10,29.895164625703547
299,id29,185.0,304.0,vial2,10,29.895164625703547
300,id29,189.5,336.0,vial2,10,29.895164625703547
331,id29,160.0,349.5,vial2,10,29.895164625703547
332,id29,164.5,352.5,vial2,10,29.895164625703547
335,id29,166.0,348.0,vial2,10,29.895164625703547
336,id29,166.0,348.0,vial2,10,29.895164625703547
337,id29,165.5,349.0,vial2,10,29.895164625703547
338,id29,164.0,349.0,vial2,10,29.895164625703547
339,id29,163.5,350.0,vial2,10,29.895164625703547
341,id29,164.5,349.0,vial2,10,29.895164625703547
342,id29,164.5,348.0,vial2,10,29.895164625703547
343,id29,185.5,299.5,vial2,10,29.895164625703547
344,id29,194.0,257.0,vial2,10,29.895164625703547
345,id29,192.5,257.0,vial2,10,29.895164625703547
346,id29,194.0,256.5,vial2,10,29.895164625703547
347,id29,194.0,256.5,vial2,10,29.895164625703547
348,id29,194.0,255.0,vial2,10,29.895164625703547
349,id29,194.0,254.0,vial2,10,29.895164625703547
350,id29,193.5,253.0,vial2,10,29.895164625703547
351,id29,193.5,251.5,vial2,10,29.895164625703547
352,id29,194.0,250.5,vial2,10,29.895164625703547
353,id29,193.5,248.5,vial2,10,29.895164625703547
354,id29,193.5,247.0,vial2,10,29.895164625703547
355,id29,193.5,245.0,vial2,10,29.895164625703547
356,id29,193.5,244.0,vial2,10,29.895164625703547
357,id29,193.5,243.0,vial2,10,29.895164625703547
358,id29,193.5,241.0,vial2,10,29.895164625703547
359,id29,194.5,241.0,vial2,10,29.895164625703547
360,id29,194.5,240.0,vial2,10,29.895164625703547
361,id29,192.5,244.0,vial2,10,29.895164625703547
362,id29,186.0,267.5,vial2,10,29.895164625703547
363,id29,174.5,291.0,vial2,10,29.895164625703547
364,id29,180.0,317.0,vial2,10,29.895164625703547
365,id29,183.0,337.0,vial2,10,29.895164625703547
366,id29,189.0,349.5,vial2,10,29.895164625703547
367,id29,188.5,350.5,vial2,10,29.895164625703547
368,id29,192.5,350.5,vial2,10,29.895164625703547
369,id29,191.0,352.0,vial2,10,29.895164625703547
370,id29,191.0,351.5,vial2,10,29.895164625703547
371,id29,190.5,351.5,vial2,10,29.895164625703547
372,id29,190.5,351.5,vial2,10,29.895164625703547
373,id29,190.5,351.5,vial2,10,29.895164625703547
374,id29,190.5,351.5,vial2,10,29.895164625703547
375,id29,190.5,351.5,vial2,10,29.895164625703547
376,id29,190.5,351.5,vial2,10,29.895164625703547
377,id29,190.5,351.0,vial2,10,29.895164625703547
378,id29,190.5,351.0,vial2,10,29.895164625703547
379,id29,190.5,350.5,vial2,10,29.895164625703547
380,id29,191.0,350.0,vial2,10,29.895164625703547
381,id29,191.0,350.0,vial2,10,29.895164625703547
0,id3,539.5,326.5,vial5,31,29.895164625703547
1,id3,537.5,325.5,vial5,31,29.895164625703547
2,id3,537.5,325.0,vial5,31,29.895164625703547
3,id3,536.5,324.5,vial5,31,29.895164625703547
4,id3,536.5,324.0,vial5,31,29.895164625703547
5,id3,537.0,324.5,vial5,31,29.895164625703547
6,id3,538.5,327.0,vial5,31,29.895164625703547
7,id3,538.0,341.0,vial5,31,29.895164625703547
8,id3,555.5,349.5,vial5,31,29.895164625703547
9,id3,555.0,349.5,vial5,31,29.895164625703547
10,id3,533.0,345.5,vial5,31,29.895164625703547
11,id3,535.0,345.0,vial5,31,29.895164625703547
12,id3,517.0,343.0,vial5,31,29.895164625703547
13,id3,510.5,344.0,vial5,31,29.895164625703547
14,id3,510.5,343.5,vial5,31,29.895164625703547
15,id3,510.5,343.0,vial5,31,29.895164625703547
16,id3,510.5,342.0,vial5,31,29.895164625703547
17,id3,510.0,340.0,vial5,31,29.895164625703547
18,id3,510.5,337.5,vial5,31,29.895164625703547
19,id3,510.5,335.5,vial5,31,29.895164625703547
20,id3,510.5,333.5,vial5,31,29.895164625703547
21,id3,511.5,331.5,vial5,31,29.895164625703547
22,id3,511.5,329.5,vial5,31,29.895164625703547
23,id3,511.5,328.5,vial5,31,29.895164625703547
24,id3,512.0,327.5,vial5,31,29.895164625703547
25,id3,512.0,326.5,vial5,31,29.895164625703547
26,id3,512.5,325.0,vial5,31,29.895164625703547
27,id3,513.0,324.5,vial5,31,29.895164625703547
28,id3,514.0,323.5,vial5,31,29.895164625703547
29,id3,515.0,321.5,vial5,31,29.895164625703547
30,id3,516.0,320.5,vial5,31,29.895164625703547
31,id3,516.5,320.0,vial5,31,29.895164625703547
32,id3,517.5,318.5,vial5,31,29.895164625703547
33,id3,519.0,317.5,vial5,31,29.895164625703547
34,id3,520.5,316.5,vial5,31,29.895164625703547
35,id3,522.0,316.0,vial5,31,29.895164625703547
36,id3,524.0,316.0,vial5,31,29.895164625703547
37,id3,525.0,316.0,vial5,31,29.895164625703547
38,id3,526.5,315.5,vial5,31,29.895164625703547
39,id3,528.5,315.0,vial5,31,29.895164625703547
40,id3,529.0,315.0,vial5,31,29.895164625703547
41,id3,530.5,315.0,vial5,31,29.895164625703547
42,id3,531.0,316.0,vial5,31,29.895164625703547
43,id3,531.0,316.0,vial5,31,29.895164625703547
44,id3,531.5,316.0,vial5,31,29.895164625703547
45,id3,531.0,316.5,vial5,31,29.895164625703547
46,id3,531.5,317.5,vial5,31,29.895164625703547
47,id3,531.0,318.0,vial5,31,29.895164625703547
48,id3,531.0,319.5,vial5,31,29.895164625703547
49,id3,530.5,321.0,vial5,31,29.895164625703547
50,id3,530.5,322.0,vial5,31,29.895164625703547
51,id3,530.5,323.5,vial5,31,29.895164625703547
52,id3,530.5,324.5,vial5,31,29.895164625703547
53,id3,531.0,323.5,vial5,31,29.895164625703547
54,id3,531.0,322.5,vial5,31,29.895164625703547
55,id3,532.0,322.0,vial5,31,29.895164625703547
56,id3,533.0,321.0,vial5,31,29.895164625703547
57,id3,534.0,319.5,vial5,31,29.895164625703547
58,id3,535.0,317.5,vial5,31,29.895164625703547
59,id3,536.0,315.5,vial5,31,29.895164625703547
60,id3,538.0,312.5,vial5,31,29.895164625703547
61,id3,540.0,310.5,vial5,31,29.895164625703547
62,id3,541.0,308.5,vial5,31,29.895164625703547
63,id3,542.0,306.5,vial5,31,29.895164625703547
64,id3,543.5,304.0,vial5,31,29.895164625703547
65,id3,544.5,301.5,vial5,31,29.895164625703547
66,id3,545.5,299.0,vial5,31,29.895164625703547
67,id3,546.5,296.0,vial5,31,29.895164625703547
68,id3,547.5,294.0,vial5,31,29.895164625703547
69,id3,548.5,291.5,vial5,31,29.895164625703547
70,id3,549.5,289.0,vial5,31,29.895164625703547
71,id3,550.5,287.0,vial5,31,29.895164625703547
72,id3,551.5,284.0,vial5,31,29.895164625703547
73,id3,552.5,282.0,vial5,31,29.895164625703547
74,id3,553.0,279.5,vial5,31,29.895164625703547
75,id3,554.5,277.0,vial5,31,29.895164625703547
76,id3,555.0,275.0,vial5,31,29.895164625703547
77,id3,556.0,273.0,vial5,31,29.895164625703547
78,id3,557.5,271.0,vial5,31,29.895164625703547
79,id3,558.5,268.0,vial5,31,29.895164625703547
80,id3,559.5,267.0,vial5,31,29.895164625703547
81,id3,560.0,265.0,vial5,31,29.895164625703547
82,id3,560.5,262.0,vial5,31,29.895164625703547
83,id3,561.5,260.0,vial5,31,29.895164625703547
84,id3,562.5,258.0,vial5,31,29.895164625703547
85,id3,563.5,256.0,vial5,31,29.895164625703547
86,id3,563.5,253.0,vial5,31,29.895164625703547
87,id3,564.5,251.0,vial5,31,29.895164625703547
88,id3,565.5,248.0,vial5,31,29.895164625703547
89,id3,566.0,246.0,vial5,31,29.895164625703547
90,id3,566.5,244.0,vial5,31,29.895164625703547
91,id3,567.0,241.0,vial5,31,29.895164625703547
92,id3,567.5,238.5,vial5,31,29.895164625703547
93,id3,568.0,235.0,vial5,31,29.895164625703547
94,id3,568.0,232.5,vial5,31,29.895164625703547
95,id3,568.0,229.5,vial5,31,29.895164625703547
96,id3,568.0,226.5,vial5,31,29.895164625703547
97,id3,568.0,223.5,vial5,31,29.895164625703547
98,id3,568.0,220.0,vial5,31,29.895164625703547
99,id3,567.5,217.5,vial5,31,29.895164625703547
100,id3,567.5,214.5,vial5,31,29.895164625703547
101,id3,567.5,211.5,vial5,31,29.895164625703547
102,id3,567.5,208.5,vial5,31,29.895164625703547
103,id3,567.0,206.0,vial5,31,29.895164625703547
104,id3,566.5,203.0,vial5,31,29.895164625703547
105,id3,565.5,200.0,vial5,31,29.895164625703547
106,id3,565.0,198.5,vial5,31,29.895164625703547
107,id3,563.0,197.0,vial5,31,29.895164625703547
108,id3,562.0,196.5,vial5,31,29.895164625703547
109,id3,560.5,196.0,vial5,31,29.895164625703547
110,id3,559.0,195.5,vial5,31,29.895164625703547
111,id3,557.5,194.5,vial5,31,29.895164625703547
112,id3,556.5,193.5,vial5,31,29.895164625703547
113,id3,555.5,193.5,vial5,31,29.895164625703547
114,id3,554.5,192.5,vial5,31,29.895164625703547
115,id3,553.5,192.5,vial5,31,29.895164625703547
116,id3,553.5,191.5,vial5,31,29.895164625703547
117,id3,552.5,191.5,vial5,31,29.895164625703547
118,id3,552.0,190.5,vial5,31,29.895164625703547
119,id3,552.0,190.5,vial5,31,29.895164625703547
120,id3,552.0,190.5,vial5,31,29.895164625703547
121,id3,552.0,190.5,vial5,31,29.895164625703547
122,id3,527.5,181.0,vial5,31,29.895164625703547
123,id3,515.5,172.5,vial5,31,29.895164625703547
124,id3,531.0,186.5,vial5,31,29.895164625703547
125,id3,547.0,207.5,vial5,31,29.895164625703547
126,id3,559.5,217.0,vial5,31,29.895164625703547
127,id3,559.5,217.0,vial5,31,29.895164625703547
128,id3,559.5,217.0,vial5,31,29.895164625703547
129,id3,559.5,217.0,vial5,31,29.895164625703547
130,id3,559.5,217.0,vial5,31,29.895164625703547
131,id3,559.5,217.0,vial5,31,29.895164625703547
132,id3,559.5,217.0,vial5,31,29.895164625703547
133,id3,559.5,217.0,vial5,31,29.895164625703547
134,id3,559.5,217.0,vial5,31,29.895164625703547
135,id3,558.5,215.5,vial5,31,29.895164625703547
136,id3,557.5,213.0,vial5,31,29.895164625703547
137,id3,556.5,211.5,vial5,31,29.895164625703547
138,id3,555.0,209.5,vial5,31,29.895164625703547
139,id3,553.5,207.5,vial5,31,29.895164625703547
140,id3,551.5,206.0,vial5,31,29.895164625703547
141,id3,549.5,205.5,vial5,31,29.895164625703547
142,id3,547.5,203.5,vial5,31,29.895164625703547
143,id3,545.0,203.0,vial5,31,29.895164625703547
144,id3,543.0,203.0,vial5,31,29.895164625703547
145,id3,542.0,203.0,vial5,31,29.895164625703547
146,id3,541.0,204.0,vial5,31,29.895164625703547
147,id3,540.0,204.0,vial5,31,29.895164625703547
148,id3,539.5,203.5,vial5,31,29.895164625703547
149,id3,538.5,204.0,vial5,31,29.895164625703547
150,id3,538.0,203.0,vial5,31,29.895164625703547
151,id3,537.5,203.0,vial5,31,29.895164625703547
152,id3,537.0,203.0,vial5,31,29.895164625703547
153,id3,537.0,203.0,vial5,31,29.895164625703547
154,id3,537.0,203.0,vial5,31,29.895164625703547
155,id3,537.0,203.0,vial5,31,29.895164625703547
156,id3,537.0,203.0,vial5,31,29.895164625703547
157,id3,537.0,203.0,vial5,31,29.895164625703547
158,id3,537.0,202.5,vial5,31,29.895164625703547
159,id3,537.0,202.5,vial5,31,29.895164625703547
160,id3,537.0,202.0,vial5,31,29.895164625703547
161,id3,537.0,202.0,vial5,31,29.895164625703547
162,id3,537.0,202.0,vial5,31,29.895164625703547
163,id3,525.0,196.0,vial5,31,29.895164625703547
164,id3,502.5,184.5,vial5,31,29.895164625703547
165,id3,502.5,184.0,vial5,31,29.895164625703547
166,id3,502.5,183.5,vial5,31,29.895164625703547
167,id3,502.5,182.5,vial5,31,29.895164625703547
168,id3,502.5,181.5,vial5,31,29.895164625703547
169,id3,502.5,179.5,vial5,31,29.895164625703547
170,id3,502.5,177.5,vial5,31,29.895164625703547
171,id3,502.5,176.5,vial5,31,29.895164625703547
172,id3,502.5,175.0,vial5,31,29.895164625703547
173,id3,503.0,174.0,vial5,31,29.895164625703547
174,id3,503.5,173.0,vial5,31,29.895164625703547
175,id3,504.0,172.5,vial5,31,29.895164625703547
176,id3,505.0,172.0,vial5,31,29.895164625703547
177,id3,505.0,171.5,vial5,31,29.895164625703547
178,id3,506.0,171.5,vial5,31,29.895164625703547
179,id3,507.0,171.5,vial5,31,29.895164625703547
180,id3,508.0,171.5,vial5,31,29.895164625703547
181,id3,509.5,172.5,vial5,31,29.895164625703547
182,id3,510.5,172.5,vial5,31,29.895164625703547
183,id3,512.0,173.0,vial5,31,29.895164625703547
184,id3,513.5,173.5,vial5,31,29.895164625703547
185,id3,514.0,173.5,vial5,31,29.895164625703547
186,id3,514.0,173.5,vial5,31,29.895164625703547
187,id3,514.0,173.5,vial5,31,29.895164625703547
188,id3,514.0,174.0,vial5,31,29.895164625703547
189,id3,514.0,174.0,vial5,31,29.895164625703547
190,id3,514.0,173.0,vial5,31,29.895164625703547
191,id3,514.5,172.0,vial5,31,29.895164625703547
192,id3,515.0,170.0,vial5,31,29.895164625703547
193,id3,516.5,167.5,vial5,31,29.895164625703547
194,id3,518.0,164.5,vial5,31,29.895164625703547
195,id3,519.0,162.5,vial5,31,29.895164625703547
196,id3,520.0,160.5,vial5,31,29.895164625703547
197,id3,522.0,158.0,vial5,31,29.895164625703547
198,id3,523.0,155.0,vial5,31,29.895164625703547
199,id3,524.5,153.0,vial5,31,29.895164625703547
200,id3,526.5,150.5,vial5,31,29.895164625703547
201,id3,528.0,148.0,vial5,31,29.895164625703547
202,id3,530.5,145.5,vial5,31,29.895164625703547
203,id3,532.5,143.5,vial5,31,29.895164625703547
204,id3,534.5,141.5,vial5,31,29.895164625703547
205,id3,535.5,139.5,vial5,31,29.895164625703547
206,id3,536.5,138.5,vial5,31,29.895164625703547
207,id3,538.5,137.0,vial5,31,29.895164625703547
208,id3,539.5,135.0,vial5,31,29.895164625703547
209,id3,540.0,133.0,vial5,31,29.895164625703547
210,id3,540.5,130.0,vial5,31,29.895164625703547
211,id3,541.0,127.5,vial5,31,29.895164625703547
212,id3,541.0,124.5,vial5,31,29.895164625703547
213,id3,541.0,121.5,vial5,31,29.895164625703547
214,id3,542.0,119.5,vial5,31,29.895164625703547
215,id3,541.5,117.0,vial5,31,29.895164625703547
216,id3,542.0,115.0,vial5,31,29.895164625703547
217,id3,541.5,112.0,vial5,31,29.895164625703547
218,id3,541.5,110.0,vial5,31,29.895164625703547
219,id3,542.0,107.5,vial5,31,29.895164625703547
220,id3,541.5,105.5,vial5,31,29.895164625703547
221,id3,541.5,103.0,vial5,31,29.895164625703547
222,id3,541.5,100.5,vial5,31,29.895164625703547
223,id3,541.0,98.0,vial5,31,29.895164625703547
224,id3,540.5,95.5,vial5,31,29.895164625703547
225,id3,539.0,92.5,vial5,31,29.895164625703547
226,id3,538.5,90.0,vial5,31,29.895164625703547
227,id3,537.5,88.5,vial5,31,29.895164625703547
228,id3,537.0,86.0,vial5,31,29.895164625703547
229,id3,535.5,84.0,vial5,31,29.895164625703547
230,id3,534.0,81.5,vial5,31,29.895164625703547
231,id3,532.0,79.5,vial5,31,29.895164625703547
232,id3,530.5,78.5,vial5,31,29.895164625703547
233,id3,529.0,76.5,vial5,31,29.895164625703547
234,id3,527.0,74.5,vial5,31,29.895164625703547
235,id3,525.0,72.5,vial5,31,29.895164625703547
236,id3,523.0,70.5,vial5,31,29.895164625703547
237,id3,522.0,68.5,vial5,31,29.895164625703547
238,id3,520.0,66.5,vial5,31,29.895164625703547
239,id3,518.5,64.5,vial5,31,29.895164625703547
240,id3,516.5,62.5,vial5,31,29.895164625703547
241,id3,514.5,61.0,vial5,31,29.895164625703547
242,id3,513.0,59.5,vial5,31,29.895164625703547
243,id3,511.5,58.0,vial5,31,29.895164625703547
244,id3,510.5,57.0,vial5,31,29.895164625703547
245,id3,509.0,56.0,vial5,31,29.895164625703547
246,id3,508.0,55.0,vial5,31,29.895164625703547
247,id3,507.0,54.0,vial5,31,29.895164625703547
248,id3,505.5,52.5,vial5,31,29.895164625703547
249,id3,504.5,51.5,vial5,31,29.895164625703547
250,id3,504.5,52.5,vial5,31,29.895164625703547
251,id3,503.5,52.5,vial5,31,29.895164625703547
252,id3,503.5,53.5,vial5,31,29.895164625703547
253,id3,503.0,53.5,vial5,31,29.895164625703547
254,id3,503.0,53.5,vial5,31,29.895164625703547
255,id3,503.0,53.5,vial5,31,29.895164625703547
256,id3,503.0,53.0,vial5,31,29.895164625703547
257,id3,503.0,52.0,vial5,31,29.895164625703547
258,id3,503.0,51.0,vial5,31,29.895164625703547
259,id3,503.0,50.0,vial5,31,29.895164625703547
260,id3,503.0,49.0,vial5,31,29.895164625703547
261,id3,503.5,48.0,vial5,31,29.895164625703547
262,id3,504.0,46.5,vial5,31,29.895164625703547
263,id3,504.5,45.0,vial5,31,29.895164625703547
264,id3,505.5,43.5,vial5,31,29.895164625703547
265,id3,506.5,42.0,vial5,31,29.895164625703547
266,id3,508.0,40.5,vial5,31,29.895164625703547
267,id3,510.0,39.0,vial5,31,29.895164625703547
268,id3,511.5,38.0,vial5,31,29.895164625703547
269,id3,513.5,36.5,vial5,31,29.895164625703547
270,id3,516.0,35.5,vial5,31,29.895164625703547
271,id3,518.0,34.5,vial5,31,29.895164625703547
272,id3,521.0,33.5,vial5,31,29.895164625703547
273,id3,524.0,33.0,vial5,31,29.895164625703547
274,id3,527.0,32.5,vial5,31,29.895164625703547
275,id3,529.5,31.5,vial5,31,29.895164625703547
276,id3,532.0,30.0,vial5,31,29.895164625703547
277,id3,535.0,29.0,vial5,31,29.895164625703547
278,id3,537.0,28.0,vial5,31,29.895164625703547
279,id3,539.0,27.0,vial5,31,29.895164625703547
280,id3,540.0,26.0,vial5,31,29.895164625703547
281,id3,542.0,25.0,vial5,31,29.895164625703547
282,id3,543.0,24.0,vial5,31,29.895164625703547
283,id3,544.0,23.0,vial5,31,29.895164625703547
284,id3,545.0,23.0,vial5,31,29.895164625703547
285,id3,545.5,22.0,vial5,31,29.895164625703547
286,id3,545.5,22.0,vial5,31,29.895164625703547
287,id3,545.5,22.0,vial5,31,29.895164625703547
288,id3,553.5,17.5,vial5,31,29.895164625703547
299,id3,562.0,22.0,vial5,31,29.895164625703547
300,id3,563.5,21.5,vial5,31,29.895164625703547
301,id3,563.0,21.5,vial5,31,29.895164625703547
302,id3,563.0,20.5,vial5,31,29.895164625703547
303,id3,563.0,19.5,vial5,31,29.895164625703547
304,id3,563.0,18.0,vial5,31,29.895164625703547
305,id3,563.0,16.0,vial5,31,29.895164625703547
306,id3,563.0,14.0,vial5,31,29.895164625703547
307,id3,563.5,12.0,vial5,31,29.895164625703547
3,id30,56.5,349.0,vial1,8,29.895164625703547
4,id30,55.5,348.5,vial1,8,29.895164625703547
5,id30,56.5,348.5,vial1,8,29.895164625703547
6,id30,56.5,348.5,vial1,8,29.895164625703547
7,id30,56.5,348.5,vial1,8,29.895164625703547
8,id30,56.0,348.5,vial1,8,29.895164625703547
9,id30,56.0,348.5,vial1,8,29.895164625703547
10,id30,54.5,348.0,vial1,8,29.895164625703547
11,id30,54.0,348.0,vial1,8,29.895164625703547
12,id30,53.5,348.0,vial1,8,29.895164625703547
13,id30,52.5,347.5,vial1,8,29.895164625703547
14,id30,53.5,348.0,vial1,8,29.895164625703547
15,id30,53.5,348.0,vial1,8,29.895164625703547
16,id30,53.5,348.0,vial1,8,29.895164625703547
17,id30,53.0,348.0,vial1,8,29.895164625703547
18,id30,52.5,347.5,vial1,8,29.895164625703547
19,id30,51.5,347.5,vial1,8,29.895164625703547
20,id30,51.5,347.5,vial1,8,29.895164625703547
21,id30,51.5,347.5,vial1,8,29.895164625703547
22,id30,51.0,347.5,vial1,8,29.895164625703547
23,id30,49.5,348.0,vial1,8,29.895164625703547
24,id30,49.5,348.0,vial1,8,29.895164625703547
25,id30,49.5,348.0,vial1,8,29.895164625703547
26,id30,48.0,348.0,vial1,8,29.895164625703547
27,id30,47.5,348.5,vial1,8,29.895164625703547
28,id30,46.0,349.0,vial1,8,29.895164625703547
29,id30,47.5,349.0,vial1,8,29.895164625703547
30,id30,49.5,349.0,vial1,8,29.895164625703547
31,id30,53.5,349.0,vial1,8,29.895164625703547
32,id30,53.5,349.0,vial1,8,29.895164625703547
33,id30,54.5,349.0,vial1,8,29.895164625703547
34,id30,54.5,349.0,vial1,8,29.895164625703547
35,id30,55.5,349.5,vial1,8,29.895164625703547
36,id30,55.5,349.5,vial1,8,29.895164625703547
37,id30,55.5,349.5,vial1,8,29.895164625703547
38,id30,55.5,349.5,vial1,8,29.895164625703547
39,id30,55.5,349.5,vial1,8,29.895164625703547
40,id30,54.0,349.0,vial1,8,29.895164625703547
41,id30,54.5,349.0,vial1,8,29.895164625703547
42,id30,54.0,348.5,vial1,8,29.895164625703547
43,id30,54.0,347.5,vial1,8,29.895164625703547
44,id30,54.5,347.5,vial1,8,29.895164625703547
45,id30,54.5,346.5,vial1,8,29.895164625703547
46,id30,54.5,345.5,vial1,8,29.895164625703547
47,id30,54.0,345.0,vial1,8,29.895164625703547
48,id30,54.5,343.5,vial1,8,29.895164625703547
49,id30,55.5,341.5,vial1,8,29.895164625703547
50,id30,55.5,340.5,vial1,8,29.895164625703547
51,id30,55.5,338.5,vial1,8,29.895164625703547
52,id30,55.5,337.5,vial1,8,29.895164625703547
53,id30,55.5,336.5,vial1,8,29.895164625703547
54,id30,56.5,335.5,vial1,8,29.895164625703547
55,id30,56.5,334.0,vial1,8,29.895164625703547
56,id30,56.5,333.0,vial1,8,29.895164625703547
57,id30,56.5,331.5,vial1,8,29.895164625703547
58,id30,56.5,330.5,vial1,8,29.895164625703547
59,id30,56.0,328.5,vial1,8,29.895164625703547
60,id30,56.5,327.5,vial1,8,29.895164625703547
61,id30,56.5,325.5,vial1,8,29.895164625703547
62,id30,57.0,324.5,vial1,8,29.895164625703547
63,id30,57.5,323.0,vial1,8,29.895164625703547
64,id30,57.0,323.0,vial1,8,29.895164625703547
65,id30,57.0,322.5,vial1,8,29.895164625703547
66,id30,57.0,322.5,vial1,8,29.895164625703547
67,id30,57.0,322.5,vial1,8,29.895164625703547
68,id30,57.0,322.5,vial1,8,29.895164625703547
69,id30,57.0,322.5,vial1,8,29.895164625703547
70,id30,57.0,322.5,vial1,8,29.895164625703547
71,id30,57.0,322.5,vial1,8,29.895164625703547
72,id30,57.0,322.5,vial1,8,29.895164625703547
73,id30,57.0,322.0,vial1,8,29.895164625703547
74,id30,56.5,321.5,vial1,8,29.895164625703547
75,id30,57.0,320.5,vial1,8,29.895164625703547
76,id30,56.5,319.5,vial1,8,29.895164625703547
77,id30,56.5,318.5,vial1,8,29.895164625703547
78,id30,56.5,317.5,vial1,8,29.895164625703547
79,id30,56.0,316.0,vial1,8,29.895164625703547
80,id30,56.0,315.5,vial1,8,29.895164625703547
81,id30,56.0,315.5,vial1,8,29.895164625703547
82,id30,56.0,314.5,vial1,8,29.895164625703547
83,id30,56.0,314.0,vial1,8,29.895164625703547
84,id30,55.5,312.5,vial1,8,29.895164625703547
85,id30,55.0,311.5,vial1,8,29.895164625703547
86,id30,54.5,310.0,vial1,8,29.895164625703547
87,id30,54.5,309.5,vial1,8,29.895164625703547
88,id30,54.5,307.5,vial1,8,29.895164625703547
89,id30,54.5,306.5,vial1,8,29.895164625703547
90,id30,54.5,304.5,vial1,8,29.895164625703547
91,id30,54.0,303.5,vial1,8,29.895164625703547
92,id30,54.0,301.5,vial1,8,29.895164625703547
93,id30,54.0,300.5,vial1,8,29.895164625703547
94,id30,54.0,298.5,vial1,8,29.895164625703547
95,id30,53.5,297.0,vial1,8,29.895164625703547
96,id30,54.0,294.5,vial1,8,29.895164625703547
97,id30,53.5,293.5,vial1,8,29.895164625703547
98,id30,54.0,292.0,vial1,8,29.895164625703547
99,id30,54.5,291.0,vial1,8,29.895164625703547
100,id30,54.0,289.5,vial1,8,29.895164625703547
101,id30,53.5,287.5,vial1,8,29.895164625703547
102,id30,53.5,285.5,vial1,8,29.895164625703547
103,id30,54.5,283.0,vial1,8,29.895164625703547
104,id30,54.5,282.5,vial1,8,29.895164625703547
105,id30,54.5,282.5,vial1,8,29.895164625703547
106,id30,55.0,281.0,vial1,8,29.895164625703547
107,id30,55.5,279.5,vial1,8,29.895164625703547
108,id30,55.5,277.0,vial1,8,29.895164625703547
109,id30,55.5,275.0,vial1,8,29.895164625703547
110,id30,56.5,273.0,vial1,8,29.895164625703547
111,id30,56.5,271.0,vial1,8,29.895164625703547
112,id30,56.5,268.5,vial1,8,29.895164625703547
113,id30,57.5,267.5,vial1,8,29.895164625703547
114,id30,57.5,266.0,vial1,8,29.895164625703547
115,id30,57.5,264.5,vial1,8,29.895164625703547
116,id30,58.0,263.5,vial1,8,29.895164625703547
121,id30,9.5,173.5,vial1,8,29.895164625703547
122,id30,11.0,172.5,vial1,8,29.895164625703547
123,id30,11.5,172.5,vial1,8,29.895164625703547
124,id30,11.5,172.5,vial1,8,29.895164625703547
125,id30,12.0,172.0,vial1,8,29.895164625703547
126,id30,12.0,171.5,vial1,8,29.895164625703547
127,id30,12.5,171.0,vial1,8,29.895164625703547
128,id30,13.0,170.5,vial1,8,29.895164625703547
129,id30,13.0,169.5,vial1,8,29.895164625703547
130,id30,13.0,169.0,vial1,8,29.895164625703547
131,id30,14.0,168.0,vial1,8,29.895164625703547
132,id30,14.0,167.5,vial1,8,29.895164625703547
133,id30,14.5,167.0,vial1,8,29.895164625703547
134,id30,15.0,166.5,vial1,8,29.895164625703547
135,id30,16.0,166.0,vial1,8,29.895164625703547
136,id30,17.0,165.5,vial1,8,29.895164625703547
137,id30,18.5,165.0,vial1,8,29.895164625703547
138,id30,19.5,164.5,vial1,8,29.895164625703547
139,id30,21.0,164.5,vial1,8,29.895164625703547
140,id30,22.5,164.5,vial1,8,29.895164625703547
141,id30,24.0,165.0,vial1,8,29.895164625703547
142,id30,25.0,164.5,vial1,8,29.895164625703547
143,id30,26.0,165.0,vial1,8,29.895164625703547
144,id30,26.0,165.0,vial1,8,29.895164625703547
145,id30,26.0,165.0,vial1,8,29.895164625703547
146,id30,26.0,165.0,vial1,8,29.895164625703547
147,id30,27.0,166.0,vial1,8,29.895164625703547
148,id30,29.0,166.5,vial1,8,29.895164625703547
149,id30,30.0,167.0,vial1,8,29.895164625703547
150,id30,31.5,168.0,vial1,8,29.895164625703547
151,id30,33.5,169.0,vial1,8,29.895164625703547
152,id30,35.0,170.5,vial1,8,29.895164625703547
153,id30,37.0,171.5,vial1,8,29.895164625703547
154,id30,39.0,172.5,vial1,8,29.895164625703547
155,id30,40.0,174.0,vial1,8,29.895164625703547
156,id30,42.5,175.5,vial1,8,29.895164625703547
157,id30,44.0,176.5,vial1,8,29.895164625703547
158,id30,46.0,178.0,vial1,8,29.895164625703547
159,id30,47.5,180.0,vial1,8,29.895164625703547
160,id30,49.5,182.0,vial1,8,29.895164625703547
161,id30,50.0,184.0,vial1,8,29.895164625703547
162,id30,48.5,184.5,vial1,8,29.895164625703547
163,id30,53.0,186.0,vial1,8,29.895164625703547
164,id30,53.0,188.0,vial1,8,29.895164625703547
165,id30,53.0,190.0,vial1,8,29.895164625703547
166,id30,53.0,191.5,vial1,8,29.895164625703547
167,id30,53.0,193.5,vial1,8,29.895164625703547
168,id30,52.5,195.5,vial1,8,29.895164625703547
169,id30,52.0,198.0,vial1,8,29.895164625703547
170,id30,51.0,200.5,vial1,8,29.895164625703547
171,id30,50.0,202.5,vial1,8,29.895164625703547
172,id30,50.0,204.0,vial1,8,29.895164625703547
173,id30,49.5,206.5,vial1,8,29.895164625703547
174,id30,49.5,208.5,vial1,8,29.895164625703547
175,id30,49.5,210.5,vial1,8,29.895164625703547
176,id30,49.5,212.5,vial1,8,29.895164625703547
177,id30,49.0,214.5,vial1,8,29.895164625703547
178,id30,48.0,217.5,vial1,8,29.895164625703547
179,id30,48.5,219.5,vial1,8,29.895164625703547
180,id30,48.0,222.5,vial1,8,29.895164625703547
181,id30,48.0,225.5,vial1,8,29.895164625703547
182,id30,47.0,228.5,vial1,8,29.895164625703547
183,id30,47.5,230.5,vial1,8,29.895164625703547
184,id30,47.0,233.5,vial1,8,29.895164625703547
185,id30,46.0,235.5,vial1,8,29.895164625703547
186,id30,46.0,237.5,vial1,8,29.895164625703547
187,id30,45.5,240.5,vial1,8,29.895164625703547
188,id30,45.5,241.0,vial1,8,29.895164625703547
189,id30,45.5,240.5,vial1,8,29.895164625703547
190,id30,45.5,240.5,vial1,8,29.895164625703547
191,id30,45.5,240.5,vial1,8,29.895164625703547
192,id30,45.5,241.0,vial1,8,29.895164625703547
193,id30,45.5,241.0,vial1,8,29.895164625703547
194,id30,45.5,241.0,vial1,8,29.895164625703547
195,id30,45.5,241.0,vial1,8,29.895164625703547
196,id30,45.5,241.5,vial1,8,29.895164625703547
197,id30,45.0,242.5,vial1,8,29.895164625703547
198,id30,44.5,243.5,vial1,8,29.895164625703547
199,id30,45.0,245.5,vial1,8,29.895164625703547
200,id30,45.0,247.5,vial1,8,29.895164625703547
201,id30,44.5,248.5,vial1,8,29.895164625703547
202,id30,44.5,250.5,vial1,8,29.895164625703547
203,id30,45.5,251.5,vial1,8,29.895164625703547
204,id30,46.0,254.5,vial1,8,29.895164625703547
205,id30,46.5,256.5,vial1,8,29.895164625703547
206,id30,47.5,258.5,vial1,8,29.895164625703547
207,id30,48.5,260.5,vial1,8,29.895164625703547
208,id30,48.5,262.5,vial1,8,29.895164625703547
209,id30,48.5,264.5,vial1,8,29.895164625703547
210,id30,49.5,266.5,vial1,8,29.895164625703547
211,id30,49.5,268.5,vial1,8,29.895164625703547
212,id30,50.0,270.5,vial1,8,29.895164625703547
213,id30,50.5,271.5,vial1,8,29.895164625703547
214,id30,50.5,273.5,vial1,8,29.895164625703547
215,id30,51.0,275.5,vial1,8,29.895164625703547
216,id30,51.0,275.5,vial1,8,29.895164625703547
217,id30,51.0,275.5,vial1,8,29.895164625703547
218,id30,51.0,275.5,vial1,8,29.895164625703547
219,id30,51.0,275.5,vial1,8,29.895164625703547
220,id30,50.5,275.5,vial1,8,29.895164625703547
221,id30,50.5,275.5,vial1,8,29.895164625703547
222,id30,50.5,275.5,vial1,8,29.895164625703547
223,id30,50.5,275.5,vial1,8,29.895164625703547
224,id30,50.5,275.5,vial1,8,29.895164625703547
225,id30,50.5,275.5,vial1,8,29.895164625703547
226,id30,50.5,275.5,vial1,8,29.895164625703547
227,id30,50.5,275.5,vial1,8,29.895164625703547
228,id30,50.5,275.5,vial1,8,29.895164625703547
229,id30,50.5,275.5,vial1,8,29.895164625703547
230,id30,50.5,275.5,vial1,8,29.895164625703547
231,id30,50.5,275.5,vial1,8,29.895164625703547
232,id30,50.5,275.5,vial1,8,29.895164625703547
233,id30,50.5,275.5,vial1,8,29.895164625703547
234,id30,51.0,275.5,vial1,8,29.895164625703547
235,id30,51.0,275.5,vial1,8,29.895164625703547
236,id30,51.0,275.5,vial1,8,29.895164625703547
237,id30,51.0,275.0,vial1,8,29.895164625703547
238,id30,51.0,275.0,vial1,8,29.895164625703547
239,id30,51.0,275.0,vial1,8,29.895164625703547
240,id30,51.0,275.0,vial1,8,29.895164625703547
241,id30,51.0,275.0,vial1,8,29.895164625703547
242,id30,51.0,275.0,vial1,8,29.895164625703547
243,id30,51.0,275.0,vial1,8,29.895164625703547
244,id30,51.0,275.0,vial1,8,29.895164625703547
245,id30,51.0,275.0,vial1,8,29.895164625703547
246,id30,51.0,275.0,vial1,8,29.895164625703547
247,id30,51.0,275.0,vial1,8,29.895164625703547
248,id30,51.0,275.0,vial1,8,29.895164625703547
249,id30,51.0,275.5,vial1,8,29.895164625703547
250,id30,51.0,275.0,vial1,8,29.895164625703547
251,id30,51.0,275.5,vial1,8,29.895164625703547
252,id30,51.0,275.0,vial1,8,29.895164625703547
253,id30,51.0,274.5,vial1,8,29.895164625703547
254,id30,51.0,275.0,vial1,8,29.895164625703547
255,id30,51.0,274.5,vial1,8,29.895164625703547
256,id30,51.0,275.0,vial1,8,29.895164625703547
257,id30,51.0,275.0,vial1,8,29.895164625703547
258,id30,51.0,275.0,vial1,8,29.895164625703547
259,id30,51.0,275.0,vial1,8,29.895164625703547
260,id30,51.0,275.0,vial1,8,29.895164625703547
261,id30,50.5,275.0,vial1,8,29.895164625703547
262,id30,50.5,275.5,vial1,8,29.895164625703547
263,id30,50.5,275.0,vial1,8,29.895164625703547
264,id30,50.5,275.0,vial1,8,29.895164625703547
265,id30,50.5,275.5,vial1,8,29.895164625703547
266,id30,50.5,275.5,vial1,8,29.895164625703547
267,id30,50.5,275.0,vial1,8,29.895164625703547
268,id30,51.0,275.0,vial1,8,29.895164625703547
269,id30,51.0,275.0,vial1,8,29.895164625703547
270,id30,51.0,275.0,vial1,8,29.895164625703547
271,id30,51.0,275.0,vial1,8,29.895164625703547
272,id30,51.0,275.0,vial1,8,29.895164625703547
273,id30,50.5,275.0,vial1,8,29.895164625703547
274,id30,50.5,274.5,vial1,8,29.895164625703547
275,id30,50.5,275.0,vial1,8,29.895164625703547
276,id30,50.5,275.0,vial1,8,29.895164625703547
277,id30,50.5,274.5,vial1,8,29.895164625703547
278,id30,50.5,274.5,vial1,8,29.895164625703547
279,id30,50.5,274.5,vial1,8,29.895164625703547
280,id30,50.5,275.5,vial1,8,29.895164625703547
281,id30,50.5,275.5,vial1,8,29.895164625703547
283,id30,51.0,277.5,vial1,8,29.895164625703547
284,id30,51.5,277.5,vial1,8,29.895164625703547
285,id30,51.5,278.0,vial1,8,29.895164625703547
286,id30,51.5,278.5,vial1,8,29.895164625703547
287,id30,51.5,279.5,vial1,8,29.895164625703547
288,id30,51.0,280.5,vial1,8,29.895164625703547
289,id30,51.0,280.5,vial1,8,29.895164625703547
290,id30,50.5,279.0,vial1,8,29.895164625703547
291,id30,49.5,279.5,vial1,8,29.895164625703547
292,id30,49.5,279.5,vial1,8,29.895164625703547
293,id30,49.5,279.5,vial1,8,29.895164625703547
294,id30,48.5,280.5,vial1,8,29.895164625703547
295,id30,48.0,280.5,vial1,8,29.895164625703547
296,id30,47.5,281.0,vial1,8,29.895164625703547
297,id30,47.0,281.5,vial1,8,29.895164625703547
298,id30,45.5,283.0,vial1,8,29.895164625703547
299,id30,44.5,284.0,vial1,8,29.895164625703547
300,id30,44.0,285.5,vial1,8,29.895164625703547
301,id30,42.0,287.0,vial1,8,29.895164625703547
302,id30,41.0,289.0,vial1,8,29.895164625703547
303,id30,40.0,291.0,vial1,8,29.895164625703547
304,id30,39.5,292.5,vial1,8,29.895164625703547
305,id30,38.5,295.0,vial1,8,29.895164625703547
306,id30,37.5,297.5,vial1,8,29.895164625703547
307,id30,38.0,300.0,vial1,8,29.895164625703547
308,id30,38.0,301.5,vial1,8,29.895164625703547
309,id30,38.5,303.5,vial1,8,29.895164625703547
310,id30,39.0,305.5,vial1,8,29.895164625703547
311,id30,39.5,307.5,vial1,8,29.895164625703547
312,id30,40.0,308.5,vial1,8,29.895164625703547
313,id30,41.0,310.5,vial1,8,29.895164625703547
314,id30,42.0,311.5,vial1,8,29.895164625703547
315,id30,43.0,313.0,vial1,8,29.895164625703547
316,id30,45.5,315.0,vial1,8,29.895164625703547
317,id30,47.0,316.0,vial1,8,29.895164625703547
318,id30,48.0,318.0,vial1,8,29.895164625703547
319,id30,49.5,319.5,vial1,8,29.895164625703547
320,id30,51.0,321.5,vial1,8,29.895164625703547
321,id30,53.0,323.5,vial1,8,29.895164625703547
322,id30,54.0,325.5,vial1,8,29.895164625703547
323,id30,54.5,328.0,vial1,8,29.895164625703547
324,id30,55.5,329.5,vial1,8,29.895164625703547
325,id30,56.5,331.5,vial1,8,29.895164625703547
326,id30,56.5,334.5,vial1,8,29.895164625703547
327,id30,56.5,335.5,vial1,8,29.895164625703547
328,id30,56.5,337.5,vial1,8,29.895164625703547
329,id30,56.5,339.5,vial1,8,29.895164625703547
330,id30,55.5,339.5,vial1,8,29.895164625703547
331,id30,55.0,340.0,vial1,8,29.895164625703547
332,id30,54.5,340.5,vial1,8,29.895164625703547
333,id30,53.5,342.0,vial1,8,29.895164625703547
334,id30,52.5,342.5,vial1,8,29.895164625703547
335,id30,51.5,344.0,vial1,8,29.895164625703547
336,id30,52.5,344.0,vial1,8,29.895164625703547
337,id30,52.5,344.5,vial1,8,29.895164625703547
338,id30,52.5,344.0,vial1,8,29.895164625703547
339,id30,53.0,343.5,vial1,8,29.895164625703547
340,id30,53.5,342.5,vial1,8,29.895164625703547
341,id30,54.0,341.5,vial1,8,29.895164625703547
342,id30,54.5,341.0,vial1,8,29.895164625703547
343,id30,54.5,340.5,vial1,8,29.895164625703547
344,id30,54.0,340.0,vial1,8,29.895164625703547
345,id30,53.0,340.0,vial1,8,29.895164625703547
346,id30,52.0,340.0,vial1,8,29.895164625703547
347,id30,50.5,340.0,vial1,8,29.895164625703547
348,id30,49.0,340.5,vial1,8,29.895164625703547
349,id30,47.0,340.0,vial1,8,29.895164625703547
350,id30,45.5,340.5,vial1,8,29.895164625703547
351,id30,44.5,341.5,vial1,8,29.895164625703547
352,id30,43.0,341.5,vial1,8,29.895164625703547
353,id30,42.0,342.5,vial1,8,29.895164625703547
354,id30,40.0,342.5,vial1,8,29.895164625703547
355,id30,38.0,343.0,vial1,8,29.895164625703547
356,id30,36.5,343.5,vial1,8,29.895164625703547
357,id30,34.5,343.5,vial1,8,29.895164625703547
358,id30,33.0,343.5,vial1,8,29.895164625703547
359,id30,32.0,344.0,vial1,8,29.895164625703547
360,id30,30.5,344.5,vial1,8,29.895164625703547
361,id30,28.5,344.5,vial1,8,29.895164625703547
362,id30,27.5,344.0,vial1,8,29.895164625703547
363,id30,26.0,344.0,vial1,8,29.895164625703547
364,id30,24.0,344.0,vial1,8,29.895164625703547
365,id30,23.0,344.0,vial1,8,29.895164625703547
366,id30,21.5,344.0,vial1,8,29.895164625703547
367,id30,20.5,344.0,vial1,8,29.895164625703547
368,id30,19.5,343.5,vial1,8,29.895164625703547
369,id30,19.5,343.5,vial1,8,29.895164625703547
370,id30,17.5,343.5,vial1,8,29.895164625703547
371,id30,17.0,343.5,vial1,8,29.895164625703547
372,id30,16.0,343.0,vial1,8,29.895164625703547
373,id30,15.0,342.5,vial1,8,29.895164625703547
374,id30,14.0,342.0,vial1,8,29.895164625703547
375,id30,13.0,342.0,vial1,8,29.895164625703547
376,id30,12.0,340.5,vial1,8,29.895164625703547
377,id30,11.0,340.5,vial1,8,29.895164625703547
378,id30,11.0,340.0,vial1,8,29.895164625703547
379,id30,10.5,339.0,vial1,8,29.895164625703547
380,id30,10.0,339.0,vial1,8,29.895164625703547
7,id31,384.5,326.0,vial4,25,29.895164625703547
8,id31,384.5,326.0,vial4,25,29.895164625703547
9,id31,384.5,324.5,vial4,25,29.895164625703547
10,id31,384.5,321.5,vial4,25,29.895164625703547
11,id31,385.0,318.0,vial4,25,29.895164625703547
12,id31,385.0,316.5,vial4,25,29.895164625703547
13,id31,384.5,315.5,vial4,25,29.895164625703547
14,id31,384.5,313.5,vial4,25,29.895164625703547
15,id31,384.5,310.5,vial4,25,29.895164625703547
16,id31,383.5,308.5,vial4,25,29.895164625703547
17,id31,383.5,305.5,vial4,25,29.895164625703547
18,id31,384.5,302.5,vial4,25,29.895164625703547
19,id31,384.0,299.5,vial4,25,29.895164625703547
20,id31,384.5,295.5,vial4,25,29.895164625703547
21,id31,384.5,292.5,vial4,25,29.895164625703547
22,id31,384.5,289.5,vial4,25,29.895164625703547
23,id31,384.5,286.5,vial4,25,29.895164625703547
24,id31,384.5,283.5,vial4,25,29.895164625703547
25,id31,384.5,279.5,vial4,25,29.895164625703547
26,id31,385.0,276.5,vial4,25,29.895164625703547
27,id31,385.5,271.5,vial4,25,29.895164625703547
28,id31,385.5,268.5,vial4,25,29.895164625703547
29,id31,386.5,264.5,vial4,25,29.895164625703547
30,id31,387.5,261.5,vial4,25,29.895164625703547
31,id31,388.0,257.5,vial4,25,29.895164625703547
32,id31,388.5,255.5,vial4,25,29.895164625703547
33,id31,389.0,252.0,vial4,25,29.895164625703547
34,id31,389.0,249.5,vial4,25,29.895164625703547
35,id31,389.5,246.5,vial4,25,29.895164625703547
36,id31,389.5,243.5,vial4,25,29.895164625703547
37,id31,389.5,241.5,vial4,25,29.895164625703547
38,id31,390.5,238.5,vial4,25,29.895164625703547
39,id31,390.5,236.0,vial4,25,29.895164625703547
40,id31,390.5,233.5,vial4,25,29.895164625703547
41,id31,390.5,230.5,vial4,25,29.895164625703547
42,id31,390.5,228.0,vial4,25,29.895164625703547
43,id31,389.5,224.5,vial4,25,29.895164625703547
44,id31,388.5,221.5,vial4,25,29.895164625703547
45,id31,388.5,218.5,vial4,25,29.895164625703547
46,id31,386.5,216.0,vial4,25,29.895164625703547
47,id31,386.0,213.0,vial4,25,29.895164625703547
48,id31,384.5,211.0,vial4,25,29.895164625703547
49,id31,383.5,209.0,vial4,25,29.895164625703547
50,id31,383.5,207.0,vial4,25,29.895164625703547
51,id31,382.5,205.0,vial4,25,29.895164625703547
52,id31,381.5,202.0,vial4,25,29.895164625703547
53,id31,380.5,200.5,vial4,25,29.895164625703547
54,id31,380.5,198.0,vial4,25,29.895164625703547
55,id31,380.5,196.0,vial4,25,29.895164625703547
56,id31,380.0,193.0,vial4,25,29.895164625703547
57,id31,380.0,190.0,vial4,25,29.895164625703547
58,id31,379.5,187.5,vial4,25,29.895164625703547
59,id31,380.0,184.5,vial4,25,29.895164625703547
60,id31,380.0,182.5,vial4,25,29.895164625703547
61,id31,380.5,180.0,vial4,25,29.895164625703547
62,id31,381.5,178.0,vial4,25,29.895164625703547
63,id31,381.5,175.5,vial4,25,29.895164625703547
64,id31,382.5,173.0,vial4,25,29.895164625703547
65,id31,383.5,170.5,vial4,25,29.895164625703547
66,id31,384.0,168.0,vial4,25,29.895164625703547
67,id31,384.5,166.0,vial4,25,29.895164625703547
68,id31,385.5,164.0,vial4,25,29.895164625703547
69,id31,386.5,161.0,vial4,25,29.895164625703547
70,id31,387.5,159.0,vial4,25,29.895164625703547
71,id31,388.5,156.0,vial4,25,29.895164625703547
72,id31,389.5,154.0,vial4,25,29.895164625703547
73,id31,390.5,152.0,vial4,25,29.895164625703547
74,id31,391.5,150.0,vial4,25,29.895164625703547
75,id31,392.5,147.0,vial4,25,29.895164625703547
76,id31,394.0,144.0,vial4,25,29.895164625703547
77,id31,395.0,141.5,vial4,25,29.895164625703547
78,id31,395.5,138.5,vial4,25,29.895164625703547
79,id31,397.0,135.5,vial4,25,29.895164625703547
80,id31,397.5,132.5,vial4,25,29.895164625703547
81,id31,398.5,130.5,vial4,25,29.895164625703547
82,id31,399.5,127.0,vial4,25,29.895164625703547
83,id31,399.5,125.0,vial4,25,29.895164625703547
84,id31,400.5,121.5,vial4,25,29.895164625703547
85,id31,400.5,119.0,vial4,25,29.895164625703547
86,id31,401.5,116.5,vial4,25,29.895164625703547
87,id31,402.5,113.5,vial4,25,29.895164625703547
88,id31,402.5,111.0,vial4,25,29.895164625703547
89,id31,403.5,108.5,vial4,25,29.895164625703547
90,id31,403.5,105.5,vial4,25,29.895164625703547
91,id31,403.5,103.5,vial4,25,29.895164625703547
92,id31,404.5,100.5,vial4,25,29.895164625703547
93,id31,405.0,97.5,vial4,25,29.895164625703547
94,id31,406.0,94.5,vial4,25,29.895164625703547
95,id31,406.5,91.5,vial4,25,29.895164625703547
96,id31,407.0,89.5,vial4,25,29.895164625703547
97,id31,407.0,86.5,vial4,25,29.895164625703547
98,id31,408.5,83.5,vial4,25,29.895164625703547
99,id31,408.5,80.5,vial4,25,29.895164625703547
100,id31,409.5,77.5,vial4,25,29.895164625703547
101,id31,410.5,75.5,vial4,25,29.895164625703547
102,id31,411.5,73.5,vial4,25,29.895164625703547
103,id31,412.5,72.5,vial4,25,29.895164625703547
104,id31,413.0,69.5,vial4,25,29.895164625703547
105,id31,413.5,67.5,vial4,25,29.895164625703547
106,id31,414.5,65.5,vial4,25,29.895164625703547
107,id31,415.0,62.5,vial4,25,29.895164625703547
108,id31,416.0,60.5,vial4,25,29.895164625703547
109,id31,417.5,58.0,vial4,25,29.895164625703547
110,id31,417.5,55.0,vial4,25,29.895164625703547
111,id31,418.5,53.5,vial4,25,29.895164625703547
112,id31,419.5,50.5,vial4,25,29.895164625703547
113,id31,421.5,48.5,vial4,25,29.895164625703547
114,id31,422.5,45.5,vial4,25,29.895164625703547
115,id31,423.5,42.5,vial4,25,29.895164625703547
116,id31,424.5,40.5,vial4,25,29.895164625703547
117,id31,425.5,38.5,vial4,25,29.895164625703547
118,id31,426.5,35.5,vial4,25,29.895164625703547
119,id31,427.5,32.5,vial4,25,29.895164625703547
120,id31,427.5,30.5,vial4,25,29.895164625703547
121,id31,429.5,27.5,vial4,25,29.895164625703547
122,id31,429.5,24.5,vial4,25,29.895164625703547
123,id31,430.5,22.5,vial4,25,29.895164625703547
124,id31,431.0,20.0,vial4,25,29.895164625703547
125,id31,431.5,17.5,vial4,25,29.895164625703547
126,id31,433.0,14.5,vial4,25,29.895164625703547
127,id31,433.5,11.5,vial4,25,29.895164625703547
8,id32,671.0,347.0,vial6,42,29.895164625703547
9,id32,671.0,346.5,vial6,42,29.895164625703547
10,id32,671.0,346.0,vial6,42,29.895164625703547
11,id32,672.0,345.5,vial6,42,29.895164625703547
12,id32,673.5,346.5,vial6,42,29.895164625703547
13,id32,673.5,344.0,vial6,42,29.895164625703547
14,id32,673.0,345.5,vial6,42,29.895164625703547
15,id32,672.5,346.0,vial6,42,29.895164625703547
16,id32,672.0,347.0,vial6,42,29.895164625703547
17,id32,672.5,346.5,vial6,42,29.895164625703547
18,id32,672.5,347.0,vial6,42,29.895164625703547
19,id32,672.0,346.5,vial6,42,29.895164625703547
20,id32,672.0,345.5,vial6,42,29.895164625703547
21,id32,672.0,345.5,vial6,42,29.895164625703547
22,id32,672.0,345.0,vial6,42,29.895164625703547
23,id32,672.5,345.0,vial6,42,29.895164625703547
24,id32,672.0,344.5,vial6,42,29.895164625703547
25,id32,671.5,344.0,vial6,42,29.895164625703547
26,id32,671.5,345.0,vial6,42,29.895164625703547
27,id32,671.5,345.0,vial6,42,29.895164625703547
28,id32,671.0,345.0,vial6,42,29.895164625703547
29,id32,671.0,344.5,vial6,42,29.895164625703547
30,id32,671.0,343.5,vial6,42,29.895164625703547
31,id32,670.0,343.0,vial6,42,29.895164625703547
32,id32,671.0,342.5,vial6,42,29.895164625703547
33,id32,670.5,342.5,vial6,42,29.895164625703547
34,id32,670.5,342.0,vial6,42,29.895164625703547
35,id32,671.0,335.5,vial6,42,29.895164625703547
41,id32,656.5,323.5,vial6,42,29.895164625703547
42,id32,638.0,307.0,vial6,42,29.895164625703547
44,id32,649.5,331.0,vial6,42,29.895164625703547
45,id32,660.0,331.0,vial6,42,29.895164625703547
46,id32,668.0,323.5,vial6,42,29.895164625703547
47,id32,671.5,333.0,vial6,42,29.895164625703547
48,id32,686.5,334.5,vial6,42,29.895164625703547
49,id32,680.5,341.0,vial6,42,29.895164625703547
50,id32,682.0,344.0,vial6,42,29.895164625703547
51,id32,685.5,337.0,vial6,42,29.895164625703547
52,id32,654.5,334.0,vial6,42,29.895164625703547
53,id32,627.5,334.0,vial6,42,29.895164625703547
54,id32,633.5,339.5,vial6,42,29.895164625703547
55,id32,636.0,346.0,vial6,42,29.895164625703547
56,id32,634.0,350.5,vial6,42,29.895164625703547
57,id32,635.5,350.5,vial6,42,29.895164625703547
58,id32,636.0,351.0,vial6,42,29.895164625703547
59,id32,636.5,351.0,vial6,42,29.895164625703547
60,id32,637.0,351.0,vial6,42,29.895164625703547
61,id32,638.0,351.0,vial6,42,29.895164625703547
62,id32,637.5,351.0,vial6,42,29.895164625703547
63,id32,637.5,351.0,vial6,42,29.895164625703547
64,id32,637.5,351.0,vial6,42,29.895164625703547
65,id32,637.5,351.0,vial6,42,29.895164625703547
66,id32,638.0,351.0,vial6,42,29.895164625703547
67,id32,638.5,351.0,vial6,42,29.895164625703547
68,id32,638.5,350.5,vial6,42,29.895164625703547
69,id32,639.5,350.5,vial6,42,29.895164625703547
70,id32,639.5,350.0,vial6,42,29.895164625703547
71,id32,640.0,349.5,vial6,42,29.895164625703547
72,id32,640.5,349.5,vial6,42,29.895164625703547
73,id32,641.0,349.5,vial6,42,29.895164625703547
74,id32,642.5,350.5,vial6,42,29.895164625703547
75,id32,640.5,350.5,vial6,42,29.895164625703547
76,id32,640.0,350.5,vial6,42,29.895164625703547
77,id32,639.5,349.5,vial6,42,29.895164625703547
78,id32,640.0,350.5,vial6,42,29.895164625703547
79,id32,691.0,289.0,vial6,42,29.895164625703547
80,id32,643.0,348.5,vial6,42,29.895164625703547
81,id32,641.5,348.5,vial6,42,29.895164625703547
82,id32,643.0,350.0,vial6,42,29.895164625703547
83,id32,643.5,350.5,vial6,42,29.895164625703547
84,id32,643.5,350.5,vial6,42,29.895164625703547
85,id32,644.0,350.5,vial6,42,29.895164625703547
86,id32,643.5,350.5,vial6,42,29.895164625703547
87,id32,643.5,350.5,vial6,42,29.895164625703547
88,id32,642.0,349.5,vial6,42,29.895164625703547
89,id32,640.5,349.5,vial6,42,29.895164625703547
90,id32,639.5,350.0,vial6,42,29.895164625703547
91,id32,638.0,350.0,vial6,42,29.895164625703547
92,id32,636.0,350.0,vial6,42,29.895164625703547
93,id32,635.0,350.0,vial6,42,29.895164625703547
94,id32,635.0,350.0,vial6,42,29.895164625703547
95,id32,635.0,350.0,vial6,42,29.895164625703547
96,id32,635.0,350.5,vial6,42,29.895164625703547
97,id32,635.0,350.0,vial6,42,29.895164625703547
98,id32,635.0,350.0,vial6,42,29.895164625703547
99,id32,635.0,350.0,vial6,42,29.895164625703547
100,id32,635.0,350.5,vial6,42,29.895164625703547
101,id32,635.0,350.5,vial6,42,29.895164625703547
102,id32,635.0,350.5,vial6,42,29.895164625703547
103,id32,635.0,351.5,vial6,42,29.895164625703547
104,id32,635.0,351.5,vial6,42,29.895164625703547
105,id32,635.0,351.5,vial6,42,29.895164625703547
106,id32,634.5,351.5,vial6,42,29.895164625703547
107,id32,634.5,351.5,vial6,42,29.895164625703547
108,id32,634.0,351.0,vial6,42,29.895164625703547
109,id32,633.5,351.0,vial6,42,29.895164625703547
110,id32,633.5,351.0,vial6,42,29.895164625703547
111,id32,633.0,350.5,vial6,42,29.895164625703547
112,id32,632.5,350.5,vial6,42,29.895164625703547
113,id32,632.5,350.5,vial6,42,29.895164625703547
114,id32,632.5,350.5,vial6,42,29.895164625703547
115,id32,632.5,350.5,vial6,42,29.895164625703547
116,id32,632.0,350.5,vial6,42,29.895164625703547
117,id32,631.5,350.5,vial6,42,29.895164625703547
118,id32,631.5,350.5,vial6,42,29.895164625703547
119,id32,631.5,350.5,vial6,42,29.895164625703547
120,id32,631.5,351.0,vial6,42,29.895164625703547
121,id32,631.5,351.0,vial6,42,29.895164625703547
122,id32,631.5,350.5,vial6,42,29.895164625703547
123,id32,631.5,350.5,vial6,42,29.895164625703547
124,id32,631.5,350.5,vial6,42,29.895164625703547
126,id32,635.5,315.0,vial6,42,29.895164625703547
127,id32,625.0,304.5,vial6,42,29.895164625703547
128,id32,634.0,321.5,vial6,42,29.895164625703547
129,id32,638.0,332.0,vial6,42,29.895164625703547
130,id32,638.0,348.0,vial6,42,29.895164625703547
131,id32,637.0,351.5,vial6,42,29.895164625703547
132,id32,637.0,351.5,vial6,42,29.895164625703547
133,id32,637.0,351.5,vial6,42,29.895164625703547
134,id32,637.0,351.5,vial6,42,29.895164625703547
135,id32,637.0,351.5,vial6,42,29.895164625703547
136,id32,637.0,351.5,vial6,42,29.895164625703547
137,id32,636.5,351.5,vial6,42,29.895164625703547
138,id32,636.0,351.5,vial6,42,29.895164625703547
139,id32,634.5,351.5,vial6,42,29.895164625703547
140,id32,634.5,351.5,vial6,42,29.895164625703547
141,id32,635.0,351.5,vial6,42,29.895164625703547
142,id32,635.0,351.5,vial6,42,29.895164625703547
143,id32,634.5,351.5,vial6,42,29.895164625703547
144,id32,633.5,351.0,vial6,42,29.895164625703547
145,id32,633.5,351.0,vial6,42,29.895164625703547
146,id32,632.5,351.0,vial6,42,29.895164625703547
147,id32,631.5,351.5,vial6,42,29.895164625703547
148,id32,630.5,351.0,vial6,42,29.895164625703547
149,id32,630.0,350.5,vial6,42,29.895164625703547
150,id32,629.5,351.0,vial6,42,29.895164625703547
151,id32,628.5,351.0,vial6,42,29.895164625703547
152,id32,628.5,351.0,vial6,42,29.895164625703547
153,id32,629.0,351.0,vial6,42,29.895164625703547
155,id32,626.0,349.5,vial6,42,29.895164625703547
156,id32,627.5,353.5,vial6,42,29.895164625703547
157,id32,627.0,353.0,vial6,42,29.895164625703547
158,id32,626.5,352.0,vial6,42,29.895164625703547
159,id32,628.0,353.0,vial6,42,29.895164625703547
160,id32,628.0,354.0,vial6,42,29.895164625703547
161,id32,628.5,354.0,vial6,42,29.895164625703547
162,id32,628.0,353.5,vial6,42,29.895164625703547
163,id32,628.0,353.5,vial6,42,29.895164625703547
164,id32,628.0,353.5,vial6,42,29.895164625703547
165,id32,628.0,353.0,vial6,42,29.895164625703547
166,id32,627.5,353.5,vial6,42,29.895164625703547
167,id32,628.0,353.0,vial6,42,29.895164625703547
168,id32,628.5,351.5,vial6,42,29.895164625703547
169,id32,629.5,351.5,vial6,42,29.895164625703547
170,id32,630.0,352.0,vial6,42,29.895164625703547
171,id32,630.5,352.0,vial6,42,29.895164625703547
172,id32,631.0,352.0,vial6,42,29.895164625703547
173,id32,632.0,352.0,vial6,42,29.895164625703547
174,id32,633.0,352.5,vial6,42,29.895164625703547
175,id32,634.0,351.5,vial6,42,29.895164625703547
176,id32,634.5,352.5,vial6,42,29.895164625703547
177,id32,635.0,352.5,vial6,42,29.895164625703547
178,id32,634.5,352.0,vial6,42,29.895164625703547
179,id32,635.5,352.5,vial6,42,29.895164625703547
180,id32,635.0,353.0,vial6,42,29.895164625703547
181,id32,636.0,353.0,vial6,42,29.895164625703547
182,id32,636.0,353.0,vial6,42,29.895164625703547
183,id32,635.5,353.0,vial6,42,29.895164625703547
184,id32,635.5,353.0,vial6,42,29.895164625703547
185,id32,636.0,353.0,vial6,42,29.895164625703547
186,id32,639.0,352.5,vial6,42,29.895164625703547
187,id32,638.5,352.5,vial6,42,29.895164625703547
188,id32,639.0,352.5,vial6,42,29.895164625703547
189,id32,640.5,352.5,vial6,42,29.895164625703547
190,id32,641.5,352.5,vial6,42,29.895164625703547
191,id32,643.5,352.5,vial6,42,29.895164625703547
192,id32,644.5,352.0,vial6,42,29.895164625703547
193,id32,645.5,352.0,vial6,42,29.895164625703547
194,id32,645.5,352.5,vial6,42,29.895164625703547
195,id32,646.5,352.5,vial6,42,29.895164625703547
196,id32,646.0,352.5,vial6,42,29.895164625703547
197,id32,646.0,352.5,vial6,42,29.895164625703547
198,id32,646.0,352.5,vial6,42,29.895164625703547
199,id32,645.5,352.5,vial6,42,29.895164625703547
200,id32,645.5,352.5,vial6,42,29.895164625703547
201,id32,646.0,352.5,vial6,42,29.895164625703547
202,id32,646.5,352.5,vial6,42,29.895164625703547
203,id32,646.5,352.5,vial6,42,29.895164625703547
204,id32,646.5,352.5,vial6,42,29.895164625703547
205,id32,646.5,352.5,vial6,42,29.895164625703547
206,id32,655.5,341.5,vial6,42,29.895164625703547
207,id32,666.0,335.5,vial6,42,29.895164625703547
208,id32,676.5,347.5,vial6,42,29.895164625703547
209,id32,681.5,348.0,vial6,42,29.895164625703547
210,id32,686.0,347.5,vial6,42,29.895164625703547
211,id32,686.0,353.0,vial6,42,29.895164625703547
213,id32,687.5,354.0,vial6,42,29.895164625703547
214,id32,687.5,354.0,vial6,42,29.895164625703547
215,id32,687.5,354.0,vial6,42,29.895164625703547
216,id32,687.0,353.0,vial6,42,29.895164625703547
217,id32,686.0,353.5,vial6,42,29.895164625703547
218,id32,685.5,353.5,vial6,42,29.895164625703547
219,id32,685.5,352.5,vial6,42,29.895164625703547
220,id32,684.0,352.5,vial6,42,29.895164625703547
221,id32,683.5,352.5,vial6,42,29.895164625703547
222,id32,682.5,352.5,vial6,42,29.895164625703547
223,id32,682.0,352.5,vial6,42,29.895164625703547
224,id32,681.0,353.0,vial6,42,29.895164625703547
225,id32,679.5,353.5,vial6,42,29.895164625703547
226,id32,678.5,353.5,vial6,42,29.895164625703547
227,id32,676.5,353.5,vial6,42,29.895164625703547
228,id32,676.0,353.0,vial6,42,29.895164625703547
229,id32,675.0,353.0,vial6,42,29.895164625703547
230,id32,674.0,353.0,vial6,42,29.895164625703547
231,id32,673.0,353.0,vial6,42,29.895164625703547
232,id32,673.0,353.0,vial6,42,29.895164625703547
233,id32,673.0,352.5,vial6,42,29.895164625703547
234,id32,672.0,352.5,vial6,42,29.895164625703547
235,id32,672.0,353.0,vial6,42,29.895164625703547
236,id32,672.0,353.0,vial6,42,29.895164625703547
237,id32,672.0,353.0,vial6,42,29.895164625703547
238,id32,672.0,353.0,vial6,42,29.895164625703547
239,id32,671.5,352.5,vial6,42,29.895164625703547
240,id32,671.0,352.5,vial6,42,29.895164625703547
241,id32,671.0,352.5,vial6,42,29.895164625703547
242,id32,671.0,353.0,vial6,42,29.895164625703547
243,id32,671.0,352.0,vial6,42,29.895164625703547
244,id32,671.0,352.0,vial6,42,29.895164625703547
245,id32,671.0,352.5,vial6,42,29.895164625703547
246,id32,671.0,352.0,vial6,42,29.895164625703547
247,id32,671.0,352.0,vial6,42,29.895164625703547
248,id32,671.0,353.0,vial6,42,29.895164625703547
249,id32,671.0,352.5,vial6,42,29.895164625703547
250,id32,671.0,352.5,vial6,42,29.895164625703547
251,id32,670.5,353.5,vial6,42,29.895164625703547
252,id32,670.5,353.5,vial6,42,29.895164625703547
253,id32,671.0,353.5,vial6,42,29.895164625703547
254,id32,670.5,353.0,vial6,42,29.895164625703547
255,id32,670.5,352.5,vial6,42,29.895164625703547
256,id32,670.5,353.5,vial6,42,29.895164625703547
257,id32,670.5,353.5,vial6,42,29.895164625703547
258,id32,670.5,353.5,vial6,42,29.895164625703547
259,id32,670.5,353.0,vial6,42,29.895164625703547
260,id32,671.0,353.5,vial6,42,29.895164625703547
261,id32,671.0,353.5,vial6,42,29.895164625703547
262,id32,670.5,353.5,vial6,42,29.895164625703547
263,id32,670.5,353.5,vial6,42,29.895164625703547
264,id32,670.5,353.5,vial6,42,29.895164625703547
265,id32,670.5,353.5,vial6,42,29.895164625703547
266,id32,670.5,353.5,vial6,42,29.895164625703547
267,id32,670.5,353.5,vial6,42,29.895164625703547
268,id32,670.5,353.5,vial6,42,29.895164625703547
269,id32,670.5,353.5,vial6,42,29.895164625703547
270,id32,670.5,353.5,vial6,42,29.895164625703547
271,id32,670.5,353.5,vial6,42,29.895164625703547
272,id32,670.5,353.5,vial6,42,29.895164625703547
273,id32,670.5,353.5,vial6,42,29.895164625703547
274,id32,670.5,353.5,vial6,42,29.895164625703547
275,id32,670.5,353.5,vial6,42,29.895164625703547
276,id32,670.5,353.5,vial6,42,29.895164625703547
277,id32,670.5,353.5,vial6,42,29.895164625703547
278,id32,670.5,353.5,vial6,42,29.895164625703547
279,id32,670.5,353.5,vial6,42,29.895164625703547
280,id32,670.5,353.5,vial6,42,29.895164625703547
281,id32,670.5,353.5,vial6,42,29.895164625703547
282,id32,670.5,353.5,vial6,42,29.895164625703547
283,id32,670.5,353.5,vial6,42,29.895164625703547
284,id32,670.5,353.5,vial6,42,29.895164625703547
285,id32,670.5,353.5,vial6,42,29.895164625703547
286,id32,670.5,353.5,vial6,42,29.895164625703547
287,id32,670.5,353.5,vial6,42,29.895164625703547
288,id32,670.5,353.5,vial6,42,29.895164625703547
289,id32,670.5,353.5,vial6,42,29.895164625703547
290,id32,670.5,353.5,vial6,42,29.895164625703547
291,id32,670.5,353.5,vial6,42,29.895164625703547
292,id32,670.5,353.5,vial6,42,29.895164625703547
293,id32,670.5,353.5,vial6,42,29.895164625703547
294,id32,671.0,353.0,vial6,42,29.895164625703547
295,id32,671.0,353.5,vial6,42,29.895164625703547
296,id32,671.0,352.5,vial6,42,29.895164625703547
297,id32,670.5,353.0,vial6,42,29.895164625703547
298,id32,670.5,352.0,vial6,42,29.895164625703547
299,id32,670.5,352.5,vial6,42,29.895164625703547
300,id32,670.5,352.5,vial6,42,29.895164625703547
301,id32,670.5,352.5,vial6,42,29.895164625703547
302,id32,670.5,352.5,vial6,42,29.895164625703547
303,id32,670.5,352.5,vial6,42,29.895164625703547
304,id32,670.5,353.5,vial6,42,29.895164625703547
305,id32,670.5,353.0,vial6,42,29.895164625703547
306,id32,670.5,352.0,vial6,42,29.895164625703547
307,id32,671.0,353.5,vial6,42,29.895164625703547
308,id32,670.5,351.5,vial6,42,29.895164625703547
309,id32,670.5,351.5,vial6,42,29.895164625703547
310,id32,670.5,352.0,vial6,42,29.895164625703547
311,id32,670.5,352.0,vial6,42,29.895164625703547
312,id32,670.5,352.0,vial6,42,29.895164625703547
313,id32,670.5,352.0,vial6,42,29.895164625703547
314,id32,670.5,352.0,vial6,42,29.895164625703547
315,id32,670.5,352.0,vial6,42,29.895164625703547
316,id32,670.5,352.5,vial6,42,29.895164625703547
317,id32,670.5,352.5,vial6,42,29.895164625703547
318,id32,670.5,352.5,vial6,42,29.895164625703547
319,id32,670.5,352.5,vial6,42,29.895164625703547
320,id32,670.5,352.5,vial6,42,29.895164625703547
321,id32,671.0,352.5,vial6,42,29.895164625703547
322,id32,670.5,353.0,vial6,42,29.895164625703547
323,id32,670.5,353.0,vial6,42,29.895164625703547
324,id32,670.5,353.0,vial6,42,29.895164625703547
325,id32,670.5,353.0,vial6,42,29.895164625703547
326,id32,670.5,353.0,vial6,42,29.895164625703547
327,id32,670.5,353.0,vial6,42,29.895164625703547
328,id32,670.5,353.0,vial6,42,29.895164625703547
329,id32,670.5,353.0,vial6,42,29.895164625703547
330,id32,670.5,353.0,vial6,42,29.895164625703547
331,id32,670.5,352.5,vial6,42,29.895164625703547
332,id32,670.5,353.5,vial6,42,29.895164625703547
333,id32,670.5,353.5,vial6,42,29.895164625703547
334,id32,670.5,353.0,vial6,42,29.895164625703547
335,id32,670.5,352.0,vial6,42,29.895164625703547
336,id32,670.5,352.0,vial6,42,29.895164625703547
337,id32,670.5,352.5,vial6,42,29.895164625703547
338,id32,669.5,351.5,vial6,42,29.895164625703547
339,id32,669.5,351.5,vial6,42,29.895164625703547
340,id32,668.0,351.0,vial6,42,29.895164625703547
341,id32,667.5,350.5,vial6,42,29.895164625703547
342,id32,666.5,350.5,vial6,42,29.895164625703547
343,id32,665.5,350.5,vial6,42,29.895164625703547
344,id32,664.5,349.5,vial6,42,29.895164625703547
345,id32,663.5,349.5,vial6,42,29.895164625703547
346,id32,663.5,349.5,vial6,42,29.895164625703547
347,id32,662.5,349.5,vial6,42,29.895164625703547
348,id32,662.0,349.5,vial6,42,29.895164625703547
349,id32,661.5,349.5,vial6,42,29.895164625703547
350,id32,661.0,349.5,vial6,42,29.895164625703547
351,id32,661.0,349.5,vial6,42,29.895164625703547
352,id32,661.0,349.5,vial6,42,29.895164625703547
353,id32,661.0,349.5,vial6,42,29.895164625703547
354,id32,661.0,349.5,vial6,42,29.895164625703547
355,id32,662.0,349.5,vial6,42,29.895164625703547
356,id32,662.0,349.5,vial6,42,29.895164625703547
357,id32,662.0,349.5,vial6,42,29.895164625703547
358,id32,662.0,349.5,vial6,42,29.895164625703547
359,id32,664.5,328.0,vial6,42,29.895164625703547
360,id32,660.5,323.5,vial6,42,29.895164625703547
361,id32,659.0,348.0,vial6,42,29.895164625703547
362,id32,658.0,347.0,vial6,42,29.895164625703547
363,id32,658.0,344.5,vial6,42,29.895164625703547
364,id32,657.5,349.5,vial6,42,29.895164625703547
365,id32,658.5,348.5,vial6,42,29.895164625703547
366,id32,658.5,349.5,vial6,42,29.895164625703547
367,id32,658.5,350.0,vial6,42,29.895164625703547
368,id32,659.5,350.0,vial6,42,29.895164625703547
369,id32,659.5,350.0,vial6,42,29.895164625703547
370,id32,659.5,350.0,vial6,42,29.895164625703547
371,id32,659.5,350.0,vial6,42,29.895164625703547
372,id32,660.0,350.5,vial6,42,29.895164625703547
373,id32,661.0,350.0,vial6,42,29.895164625703547
374,id32,662.0,350.0,vial6,42,29.895164625703547
375,id32,664.0,350.0,vial6,42,29.895164625703547
376,id32,665.0,350.0,vial6,42,29.895164625703547
377,id32,666.0,350.0,vial6,42,29.895164625703547
378,id32,668.0,350.0,vial6,42,29.895164625703547
379,id32,668.5,350.5,vial6,42,29.895164625703547
380,id32,670.5,350.0,vial6,42,29.895164625703547
381,id32,671.5,350.0,vial6,42,29.895164625703547
9,id33,192.5,336.0,vial2,16,29.895164625703547
10,id33,192.5,336.0,vial2,16,29.895164625703547
11,id33,192.5,338.0,vial2,16,29.895164625703547
12,id33,193.5,338.0,vial2,16,29.895164625703547
13,id33,192.5,337.0,vial2,16,29.895164625703547
14,id33,193.0,337.0,vial2,16,29.895164625703547
15,id33,193.5,337.0,vial2,16,29.895164625703547
16,id33,193.5,336.5,vial2,16,29.895164625703547
17,id33,193.5,336.0,vial2,16,29.895164625703547
18,id33,193.5,337.0,vial2,16,29.895164625703547
19,id33,193.5,336.0,vial2,16,29.895164625703547
20,id33,193.0,336.0,vial2,16,29.895164625703547
21,id33,193.5,336.5,vial2,16,29.895164625703547
22,id33,193.5,336.0,vial2,16,29.895164625703547
23,id33,193.0,336.0,vial2,16,29.895164625703547
24,id33,193.5,336.0,vial2,16,29.895164625703547
25,id33,193.5,336.0,vial2,16,29.895164625703547
26,id33,193.5,336.0,vial2,16,29.895164625703547
27,id33,193.5,336.0,vial2,16,29.895164625703547
28,id33,193.5,336.0,vial2,16,29.895164625703547
29,id33,193.5,336.0,vial2,16,29.895164625703547
30,id33,193.5,336.0,vial2,16,29.895164625703547
31,id33,193.5,336.0,vial2,16,29.895164625703547
32,id33,193.5,336.0,vial2,16,29.895164625703547
33,id33,193.5,336.0,vial2,16,29.895164625703547
34,id33,193.5,336.0,vial2,16,29.895164625703547
35,id33,193.5,336.0,vial2,16,29.895164625703547
36,id33,193.5,336.0,vial2,16,29.895164625703547
37,id33,193.5,336.0,vial2,16,29.895164625703547
38,id33,193.5,336.0,vial2,16,29.895164625703547
39,id33,193.5,336.0,vial2,16,29.895164625703547
40,id33,193.5,336.0,vial2,16,29.895164625703547
41,id33,193.5,336.0,vial2,16,29.895164625703547
42,id33,193.5,336.0,vial2,16,29.895164625703547
43,id33,193.5,336.0,vial2,16,29.895164625703547
44,id33,193.5,336.0,vial2,16,29.895164625703547
45,id33,193.0,336.0,vial2,16,29.895164625703547
46,id33,193.0,335.5,vial2,16,29.895164625703547
47,id33,192.0,334.0,vial2,16,29.895164625703547
48,id33,193.5,335.0,vial2,16,29.895164625703547
49,id33,193.5,335.5,vial2,16,29.895164625703547
50,id33,193.5,335.0,vial2,16,29.895164625703547
51,id33,193.5,334.5,vial2,16,29.895164625703547
52,id33,193.5,334.0,vial2,16,29.895164625703547
53,id33,193.5,334.0,vial2,16,29.895164625703547
54,id33,193.0,334.5,vial2,16,29.895164625703547
55,id33,193.0,334.0,vial2,16,29.895164625703547
56,id33,193.5,334.0,vial2,16,29.895164625703547
57,id33,193.5,334.0,vial2,16,29.895164625703547
58,id33,193.5,334.0,vial2,16,29.895164625703547
59,id33,193.5,334.0,vial2,16,29.895164625703547
60,id33,193.5,334.5,vial2,16,29.895164625703547
61,id33,193.5,335.0,vial2,16,29.895164625703547
62,id33,193.5,335.5,vial2,16,29.895164625703547
63,id33,193.0,335.0,vial2,16,29.895164625703547
64,id33,193.5,335.0,vial2,16,29.895164625703547
65,id33,193.5,335.0,vial2,16,29.895164625703547
66,id33,193.5,335.0,vial2,16,29.895164625703547
67,id33,193.5,335.0,vial2,16,29.895164625703547
68,id33,193.5,335.0,vial2,16,29.895164625703547
69,id33,193.5,334.5,vial2,16,29.895164625703547
70,id33,193.5,334.5,vial2,16,29.895164625703547
71,id33,193.5,335.0,vial2,16,29.895164625703547
72,id33,193.5,335.0,vial2,16,29.895164625703547
73,id33,193.5,335.0,vial2,16,29.895164625703547
74,id33,193.5,335.0,vial2,16,29.895164625703547
75,id33,193.5,335.0,vial2,16,29.895164625703547
76,id33,193.5,334.5,vial2,16,29.895164625703547
77,id33,193.5,334.5,vial2,16,29.895164625703547
78,id33,193.5,334.5,vial2,16,29.895164625703547
79,id33,193.5,334.0,vial2,16,29.895164625703547
80,id33,193.5,334.0,vial2,16,29.895164625703547
81,id33,193.5,334.0,vial2,16,29.895164625703547
82,id33,193.5,333.5,vial2,16,29.895164625703547
83,id33,193.5,333.5,vial2,16,29.895164625703547
84,id33,193.5,334.0,vial2,16,29.895164625703547
85,id33,193.5,333.5,vial2,16,29.895164625703547
86,id33,192.5,334.0,vial2,16,29.895164625703547
87,id33,193.0,334.0,vial2,16,29.895164625703547
88,id33,193.5,334.0,vial2,16,29.895164625703547
89,id33,193.5,333.0,vial2,16,29.895164625703547
90,id33,193.5,333.0,vial2,16,29.895164625703547
91,id33,193.5,333.0,vial2,16,29.895164625703547
92,id33,192.5,335.0,vial2,16,29.895164625703547
93,id33,192.5,335.5,vial2,16,29.895164625703547
94,id33,192.5,336.0,vial2,16,29.895164625703547
95,id33,192.5,336.5,vial2,16,29.895164625703547
96,id33,192.5,336.5,vial2,16,29.895164625703547
97,id33,193.0,336.0,vial2,16,29.895164625703547
98,id33,193.0,336.0,vial2,16,29.895164625703547
99,id33,193.0,336.0,vial2,16,29.895164625703547
100,id33,192.5,336.0,vial2,16,29.895164625703547
101,id33,192.5,337.0,vial2,16,29.895164625703547
102,id33,192.5,337.0,vial2,16,29.895164625703547
103,id33,192.5,337.0,vial2,16,29.895164625703547
104,id33,192.5,337.0,vial2,16,29.895164625703547
105,id33,192.5,337.0,vial2,16,29.895164625703547
106,id33,192.5,338.0,vial2,16,29.895164625703547
107,id33,192.5,338.5,vial2,16,29.895164625703547
108,id33,192.5,339.0,vial2,16,29.895164625703547
109,id33,192.5,339.0,vial2,16,29.895164625703547
110,id33,192.5,339.0,vial2,16,29.895164625703547
111,id33,192.5,339.0,vial2,16,29.895164625703547
112,id33,192.5,339.0,vial2,16,29.895164625703547
113,id33,192.5,339.0,vial2,16,29.895164625703547
114,id33,192.5,339.5,vial2,16,29.895164625703547
115,id33,193.0,340.0,vial2,16,29.895164625703547
116,id33,193.0,341.0,vial2,16,29.895164625703547
117,id33,193.0,341.5,vial2,16,29.895164625703547
118,id33,193.5,341.5,vial2,16,29.895164625703547
119,id33,193.5,341.0,vial2,16,29.895164625703547
120,id33,193.5,341.5,vial2,16,29.895164625703547
121,id33,193.5,341.5,vial2,16,29.895164625703547
122,id33,193.5,341.5,vial2,16,29.895164625703547
123,id33,193.5,341.0,vial2,16,29.895164625703547
124,id33,193.5,341.0,vial2,16,29.895164625703547
125,id33,193.5,341.5,vial2,16,29.895164625703547
126,id33,193.5,341.0,vial2,16,29.895164625703547
127,id33,193.5,341.0,vial2,16,29.895164625703547
128,id33,193.5,341.0,vial2,16,29.895164625703547
129,id33,193.5,341.0,vial2,16,29.895164625703547
130,id33,193.5,341.0,vial2,16,29.895164625703547
131,id33,193.5,341.0,vial2,16,29.895164625703547
132,id33,193.5,340.5,vial2,16,29.895164625703547
133,id33,193.5,340.5,vial2,16,29.895164625703547
134,id33,193.5,340.5,vial2,16,29.895164625703547
135,id33,193.5,340.5,vial2,16,29.895164625703547
136,id33,193.5,340.5,vial2,16,29.895164625703547
137,id33,193.5,340.5,vial2,16,29.895164625703547
138,id33,193.5,340.5,vial2,16,29.895164625703547
139,id33,193.5,340.5,vial2,16,29.895164625703547
140,id33,193.5,340.5,vial2,16,29.895164625703547
141,id33,193.5,340.5,vial2,16,29.895164625703547
142,id33,193.5,340.5,vial2,16,29.895164625703547
143,id33,193.5,340.5,vial2,16,29.895164625703547
144,id33,193.5,340.5,vial2,16,29.895164625703547
145,id33,193.5,340.5,vial2,16,29.895164625703547
146,id33,193.5,340.5,vial2,16,29.895164625703547
147,id33,193.5,340.5,vial2,16,29.895164625703547
148,id33,193.5,340.5,vial2,16,29.895164625703547
149,id33,193.5,340.5,vial2,16,29.895164625703547
150,id33,193.5,340.5,vial2,16,29.895164625703547
151,id33,192.5,339.0,vial2,16,29.895164625703547
152,id33,179.0,348.5,vial2,16,29.895164625703547
164,id33,172.5,351.0,vial2,16,29.895164625703547
165,id33,172.0,351.0,vial2,16,29.895164625703547
166,id33,171.5,350.5,vial2,16,29.895164625703547
167,id33,173.5,350.5,vial2,16,29.895164625703547
168,id33,172.0,351.0,vial2,16,29.895164625703547
169,id33,172.0,351.5,vial2,16,29.895164625703547
170,id33,172.0,350.5,vial2,16,29.895164625703547
171,id33,171.5,351.5,vial2,16,29.895164625703547
172,id33,173.0,350.5,vial2,16,29.895164625703547
173,id33,173.5,351.0,vial2,16,29.895164625703547
174,id33,174.0,351.0,vial2,16,29.895164625703547
175,id33,173.5,351.0,vial2,16,29.895164625703547
176,id33,172.0,351.5,vial2,16,29.895164625703547
177,id33,173.0,350.5,vial2,16,29.895164625703547
178,id33,173.0,350.5,vial2,16,29.895164625703547
179,id33,172.5,350.5,vial2,16,29.895164625703547
180,id33,173.0,350.5,vial2,16,29.895164625703547
181,id33,173.0,350.5,vial2,16,29.895164625703547
182,id33,173.0,350.5,vial2,16,29.895164625703547
183,id33,172.0,350.5,vial2,16,29.895164625703547
184,id33,172.0,350.5,vial2,16,29.895164625703547
185,id33,172.0,350.5,vial2,16,29.895164625703547
186,id33,172.0,350.5,vial2,16,29.895164625703547
187,id33,172.0,350.5,vial2,16,29.895164625703547
188,id33,172.0,350.5,vial2,16,29.895164625703547
189,id33,172.0,351.0,vial2,16,29.895164625703547
190,id33,172.5,351.0,vial2,16,29.895164625703547
191,id33,173.0,351.0,vial2,16,29.895164625703547
192,id33,173.0,350.5,vial2,16,29.895164625703547
193,id33,173.0,350.5,vial2,16,29.895164625703547
194,id33,173.0,350.5,vial2,16,29.895164625703547
195,id33,173.0,351.0,vial2,16,29.895164625703547
196,id33,173.0,351.0,vial2,16,29.895164625703547
197,id33,173.0,350.5,vial2,16,29.895164625703547
198,id33,172.5,350.5,vial2,16,29.895164625703547
199,id33,172.5,351.5,vial2,16,29.895164625703547
200,id33,173.0,350.5,vial2,16,29.895164625703547
201,id33,172.5,350.5,vial2,16,29.895164625703547
202,id33,172.5,350.5,vial2,16,29.895164625703547
203,id33,173.0,351.5,vial2,16,29.895164625703547
204,id33,173.5,351.5,vial2,16,29.895164625703547
205,id33,173.5,351.5,vial2,16,29.895164625703547
206,id33,173.5,351.5,vial2,16,29.895164625703547
207,id33,173.0,348.5,vial2,16,29.895164625703547
208,id33,168.5,300.5,vial2,16,29.895164625703547
209,id33,178.0,264.5,vial2,16,29.895164625703547
210,id33,171.0,268.5,vial2,16,29.895164625703547
211,id33,141.0,275.0,vial2,16,29.895164625703547
212,id33,138.5,274.0,vial2,16,29.895164625703547
213,id33,140.5,276.0,vial2,16,29.895164625703547
214,id33,144.5,299.5,vial2,16,29.895164625703547
215,id33,130.5,345.0,vial2,16,29.895164625703547
216,id33,132.5,347.5,vial2,16,29.895164625703547
217,id33,126.5,347.0,vial2,16,29.895164625703547
218,id33,136.0,350.5,vial2,16,29.895164625703547
220,id33,144.0,350.5,vial2,16,29.895164625703547
222,id33,145.5,350.5,vial2,16,29.895164625703547
223,id33,144.0,350.5,vial2,16,29.895164625703547
224,id33,142.0,350.5,vial2,16,29.895164625703547
225,id33,142.0,350.5,vial2,16,29.895164625703547
226,id33,142.0,351.0,vial2,16,29.895164625703547
227,id33,142.0,351.0,vial2,16,29.895164625703547
228,id33,139.0,351.0,vial2,16,29.895164625703547
229,id33,140.0,351.5,vial2,16,29.895164625703547
230,id33,142.0,351.5,vial2,16,29.895164625703547
231,id33,142.0,351.0,vial2,16,29.895164625703547
232,id33,142.0,351.0,vial2,16,29.895164625703547
233,id33,142.0,351.0,vial2,16,29.895164625703547
234,id33,142.0,351.5,vial2,16,29.895164625703547
235,id33,142.0,351.5,vial2,16,29.895164625703547
236,id33,139.0,351.5,vial2,16,29.895164625703547
237,id33,139.5,351.5,vial2,16,29.895164625703547
238,id33,139.0,351.5,vial2,16,29.895164625703547
239,id33,140.0,351.5,vial2,16,29.895164625703547
240,id33,139.5,351.5,vial2,16,29.895164625703547
241,id33,139.5,351.5,vial2,16,29.895164625703547
242,id33,139.5,351.5,vial2,16,29.895164625703547
243,id33,140.0,351.5,vial2,16,29.895164625703547
244,id33,140.0,351.5,vial2,16,29.895164625703547
245,id33,140.5,351.5,vial2,16,29.895164625703547
246,id33,141.5,351.5,vial2,16,29.895164625703547
247,id33,141.5,351.5,vial2,16,29.895164625703547
248,id33,142.0,351.5,vial2,16,29.895164625703547
249,id33,142.5,351.5,vial2,16,29.895164625703547
250,id33,142.5,351.5,vial2,16,29.895164625703547
251,id33,143.0,351.5,vial2,16,29.895164625703547
252,id33,145.0,346.5,vial2,16,29.895164625703547
253,id33,169.0,339.0,vial2,16,29.895164625703547
254,id33,168.5,339.0,vial2,16,29.895164625703547
255,id33,168.5,339.0,vial2,16,29.895164625703547
256,id33,168.5,339.0,vial2,16,29.895164625703547
257,id33,169.0,339.0,vial2,16,29.895164625703547
258,id33,168.5,339.0,vial2,16,29.895164625703547
259,id33,168.5,339.0,vial2,16,29.895164625703547
260,id33,168.5,339.0,vial2,16,29.895164625703547
261,id33,168.5,339.5,vial2,16,29.895164625703547
262,id33,169.0,338.5,vial2,16,29.895164625703547
263,id33,169.0,337.5,vial2,16,29.895164625703547
264,id33,170.0,337.0,vial2,16,29.895164625703547
265,id33,170.0,336.0,vial2,16,29.895164625703547
266,id33,170.5,335.0,vial2,16,29.895164625703547
267,id33,171.0,333.5,vial2,16,29.895164625703547
268,id33,171.0,332.0,vial2,16,29.895164625703547
269,id33,171.5,331.5,vial2,16,29.895164625703547
270,id33,172.0,330.0,vial2,16,29.895164625703547
271,id33,171.5,329.0,vial2,16,29.895164625703547
272,id33,172.0,327.5,vial2,16,29.895164625703547
273,id33,172.0,326.5,vial2,16,29.895164625703547
274,id33,171.5,324.5,vial2,16,29.895164625703547
275,id33,172.0,324.0,vial2,16,29.895164625703547
276,id33,171.5,323.5,vial2,16,29.895164625703547
277,id33,171.5,321.5,vial2,16,29.895164625703547
278,id33,171.5,319.5,vial2,16,29.895164625703547
279,id33,171.5,317.5,vial2,16,29.895164625703547
280,id33,171.5,315.5,vial2,16,29.895164625703547
281,id33,171.5,313.5,vial2,16,29.895164625703547
282,id33,170.5,311.5,vial2,16,29.895164625703547
283,id33,170.5,309.5,vial2,16,29.895164625703547
284,id33,170.5,307.5,vial2,16,29.895164625703547
285,id33,170.5,305.5,vial2,16,29.895164625703547
286,id33,170.5,303.5,vial2,16,29.895164625703547
287,id33,170.5,301.5,vial2,16,29.895164625703547
288,id33,171.0,300.0,vial2,16,29.895164625703547
289,id33,171.5,297.5,vial2,16,29.895164625703547
290,id33,172.5,296.5,vial2,16,29.895164625703547
291,id33,172.5,294.5,vial2,16,29.895164625703547
292,id33,173.0,293.0,vial2,16,29.895164625703547
293,id33,173.5,291.5,vial2,16,29.895164625703547
294,id33,174.5,290.0,vial2,16,29.895164625703547
295,id33,174.5,288.0,vial2,16,29.895164625703547
296,id33,174.5,288.0,vial2,16,29.895164625703547
297,id33,174.5,288.0,vial2,16,29.895164625703547
298,id33,175.0,288.5,vial2,16,29.895164625703547
299,id33,174.5,289.0,vial2,16,29.895164625703547
300,id33,175.0,288.0,vial2,16,29.895164625703547
301,id33,175.5,287.5,vial2,16,29.895164625703547
302,id33,175.5,287.0,vial2,16,29.895164625703547
303,id33,175.5,286.5,vial2,16,29.895164625703547
304,id33,176.5,285.0,vial2,16,29.895164625703547
305,id33,177.0,283.0,vial2,16,29.895164625703547
306,id33,178.0,281.5,vial2,16,29.895164625703547
307,id33,178.5,280.0,vial2,16,29.895164625703547
308,id33,179.5,278.0,vial2,16,29.895164625703547
309,id33,179.5,276.5,vial2,16,29.895164625703547
310,id33,180.5,274.0,vial2,16,29.895164625703547
311,id33,181.0,272.0,vial2,16,29.895164625703547
312,id33,181.0,269.5,vial2,16,29.895164625703547
313,id33,181.5,267.5,vial2,16,29.895164625703547
314,id33,181.5,265.5,vial2,16,29.895164625703547
315,id33,181.5,263.5,vial2,16,29.895164625703547
316,id33,182.0,261.5,vial2,16,29.895164625703547
317,id33,182.0,259.5,vial2,16,29.895164625703547
318,id33,182.5,257.5,vial2,16,29.895164625703547
319,id33,182.5,255.5,vial2,16,29.895164625703547
320,id33,183.5,252.5,vial2,16,29.895164625703547
321,id33,183.5,250.5,vial2,16,29.895164625703547
322,id33,184.5,248.5,vial2,16,29.895164625703547
323,id33,184.5,246.5,vial2,16,29.895164625703547
324,id33,185.5,244.0,vial2,16,29.895164625703547
325,id33,186.0,242.0,vial2,16,29.895164625703547
326,id33,187.0,240.5,vial2,16,29.895164625703547
327,id33,187.5,239.5,vial2,16,29.895164625703547
328,id33,188.0,238.5,vial2,16,29.895164625703547
329,id33,189.0,237.5,vial2,16,29.895164625703547
330,id33,189.0,236.0,vial2,16,29.895164625703547
331,id33,190.0,234.5,vial2,16,29.895164625703547
332,id33,190.5,233.5,vial2,16,29.895164625703547
333,id33,191.0,232.5,vial2,16,29.895164625703547
334,id33,191.5,231.0,vial2,16,29.895164625703547
335,id33,192.5,229.5,vial2,16,29.895164625703547
336,id33,192.5,228.0,vial2,16,29.895164625703547
337,id33,193.5,226.5,vial2,16,29.895164625703547
338,id33,193.5,224.5,vial2,16,29.895164625703547
339,id33,193.5,222.5,vial2,16,29.895164625703547
340,id33,194.0,220.5,vial2,16,29.895164625703547
341,id33,193.5,219.0,vial2,16,29.895164625703547
342,id33,194.5,217.5,vial2,16,29.895164625703547
343,id33,194.5,215.5,vial2,16,29.895164625703547
344,id33,194.5,213.5,vial2,16,29.895164625703547
345,id33,194.5,212.0,vial2,16,29.895164625703547
346,id33,194.5,212.0,vial2,16,29.895164625703547
347,id33,194.5,211.0,vial2,16,29.895164625703547
348,id33,194.5,210.5,vial2,16,29.895164625703547
349,id33,194.0,210.0,vial2,16,29.895164625703547
350,id33,194.0,209.0,vial2,16,29.895164625703547
351,id33,193.0,209.0,vial2,16,29.895164625703547
352,id33,192.5,208.0,vial2,16,29.895164625703547
353,id33,192.5,207.0,vial2,16,29.895164625703547
354,id33,191.0,206.0,vial2,16,29.895164625703547
355,id33,190.5,206.0,vial2,16,29.895164625703547
356,id33,189.5,205.5,vial2,16,29.895164625703547
357,id33,188.5,205.0,vial2,16,29.895164625703547
358,id33,188.5,204.0,vial2,16,29.895164625703547
359,id33,188.0,203.0,vial2,16,29.895164625703547
360,id33,188.0,202.0,vial2,16,29.895164625703547
361,id33,188.0,200.5,vial2,16,29.895164625703547
362,id33,188.0,199.5,vial2,16,29.895164625703547
363,id33,188.5,197.5,vial2,16,29.895164625703547
364,id33,188.5,196.5,vial2,16,29.895164625703547
365,id33,188.5,194.5,vial2,16,29.895164625703547
366,id33,188.5,192.5,vial2,16,29.895164625703547
367,id33,188.5,191.5,vial2,16,29.895164625703547
368,id33,188.5,189.0,vial2,16,29.895164625703547
369,id33,188.5,186.5,vial2,16,29.895164625703547
370,id33,188.5,184.5,vial2,16,29.895164625703547
371,id33,188.5,182.5,vial2,16,29.895164625703547
372,id33,188.5,180.5,vial2,16,29.895164625703547
373,id33,188.5,178.0,vial2,16,29.895164625703547
374,id33,188.5,175.5,vial2,16,29.895164625703547
375,id33,189.5,173.5,vial2,16,29.895164625703547
376,id33,189.5,171.5,vial2,16,29.895164625703547
377,id33,189.5,169.5,vial2,16,29.895164625703547
378,id33,189.5,167.5,vial2,16,29.895164625703547
379,id33,189.5,165.5,vial2,16,29.895164625703547
380,id33,189.5,163.5,vial2,16,29.895164625703547
381,id33,190.5,161.0,vial2,16,29.895164625703547
10,id34,643.0,353.0,vial6,40,29.895164625703547
11,id34,643.0,353.0,vial6,40,29.895164625703547
12,id34,643.0,353.0,vial6,40,29.895164625703547
13,id34,643.0,353.0,vial6,40,29.895164625703547
14,id34,643.0,353.0,vial6,40,29.895164625703547
15,id34,644.5,353.5,vial6,40,29.895164625703547
16,id34,644.5,353.0,vial6,40,29.895164625703547
17,id34,644.5,353.0,vial6,40,29.895164625703547
18,id34,643.5,353.0,vial6,40,29.895164625703547
22,id34,678.5,350.5,vial6,40,29.895164625703547
24,id34,676.0,350.5,vial6,40,29.895164625703547
25,id34,675.0,351.5,vial6,40,29.895164625703547
26,id34,674.0,351.5,vial6,40,29.895164625703547
27,id34,673.5,351.5,vial6,40,29.895164625703547
29,id34,673.0,351.5,vial6,40,29.895164625703547
31,id34,663.0,341.0,vial6,40,29.895164625703547
32,id34,685.5,330.5,vial6,40,29.895164625703547
33,id34,687.5,334.0,vial6,40,29.895164625703547
34,id34,678.5,338.5,vial6,40,29.895164625703547
35,id34,670.5,341.5,vial6,40,29.895164625703547
36,id34,669.0,338.5,vial6,40,29.895164625703547
37,id34,668.5,340.0,vial6,40,29.895164625703547
38,id34,670.0,341.0,vial6,40,29.895164625703547
39,id34,670.0,341.0,vial6,40,29.895164625703547
40,id34,669.5,339.5,vial6,40,29.895164625703547
41,id34,669.0,339.5,vial6,40,29.895164625703547
42,id34,669.0,339.5,vial6,40,29.895164625703547
43,id34,668.5,339.0,vial6,40,29.895164625703547
44,id34,668.5,339.0,vial6,40,29.895164625703547
45,id34,668.0,338.5,vial6,40,29.895164625703547
46,id34,667.5,337.5,vial6,40,29.895164625703547
47,id34,668.0,336.5,vial6,40,29.895164625703547
48,id34,667.5,336.5,vial6,40,29.895164625703547
49,id34,667.0,336.5,vial6,40,29.895164625703547
50,id34,667.0,336.0,vial6,40,29.895164625703547
51,id34,666.0,335.5,vial6,40,29.895164625703547
52,id34,666.0,335.5,vial6,40,29.895164625703547
53,id34,666.0,334.5,vial6,40,29.895164625703547
54,id34,666.0,334.5,vial6,40,29.895164625703547
55,id34,665.5,334.0,vial6,40,29.895164625703547
56,id34,665.0,333.5,vial6,40,29.895164625703547
57,id34,664.0,332.5,vial6,40,29.895164625703547
58,id34,664.0,332.5,vial6,40,29.895164625703547
59,id34,663.5,331.5,vial6,40,29.895164625703547
60,id34,662.5,331.0,vial6,40,29.895164625703547
61,id34,662.0,332.0,vial6,40,29.895164625703547
62,id34,661.5,329.5,vial6,40,29.895164625703547
63,id34,661.5,329.5,vial6,40,29.895164625703547
64,id34,661.5,329.5,vial6,40,29.895164625703547
65,id34,661.5,329.5,vial6,40,29.895164625703547
66,id34,660.5,328.5,vial6,40,29.895164625703547
67,id34,660.5,328.5,vial6,40,29.895164625703547
68,id34,659.5,327.5,vial6,40,29.895164625703547
69,id34,659.0,327.0,vial6,40,29.895164625703547
70,id34,659.0,327.5,vial6,40,29.895164625703547
71,id34,658.5,327.0,vial6,40,29.895164625703547
72,id34,657.5,325.5,vial6,40,29.895164625703547
73,id34,657.0,324.5,vial6,40,29.895164625703547
74,id34,656.0,324.5,vial6,40,29.895164625703547
75,id34,655.5,324.5,vial6,40,29.895164625703547
76,id34,655.0,323.0,vial6,40,29.895164625703547
77,id34,654.5,322.5,vial6,40,29.895164625703547
78,id34,653.5,321.5,vial6,40,29.895164625703547
79,id34,653.0,320.5,vial6,40,29.895164625703547
80,id34,652.0,319.5,vial6,40,29.895164625703547
81,id34,652.0,318.5,vial6,40,29.895164625703547
82,id34,651.5,317.5,vial6,40,29.895164625703547
83,id34,650.0,318.0,vial6,40,29.895164625703547
84,id34,651.0,317.0,vial6,40,29.895164625703547
85,id34,651.0,317.0,vial6,40,29.895164625703547
86,id34,650.5,316.5,vial6,40,29.895164625703547
87,id34,650.0,315.5,vial6,40,29.895164625703547
88,id34,650.0,314.5,vial6,40,29.895164625703547
89,id34,649.0,314.0,vial6,40,29.895164625703547
90,id34,648.5,313.0,vial6,40,29.895164625703547
91,id34,647.5,312.0,vial6,40,29.895164625703547
92,id34,646.0,310.5,vial6,40,29.895164625703547
93,id34,645.0,310.0,vial6,40,29.895164625703547
94,id34,644.0,308.0,vial6,40,29.895164625703547
95,id34,643.5,307.0,vial6,40,29.895164625703547
96,id34,642.5,306.0,vial6,40,29.895164625703547
97,id34,641.0,304.0,vial6,40,29.895164625703547
98,id34,641.0,303.0,vial6,40,29.895164625703547
99,id34,640.0,302.0,vial6,40,29.895164625703547
100,id34,639.0,300.5,vial6,40,29.895164625703547
101,id34,638.5,299.5,vial6,40,29.895164625703547
102,id34,638.0,297.5,vial6,40,29.895164625703547
103,id34,637.5,295.5,vial6,40,29.895164625703547
104,id34,636.5,294.0,vial6,40,29.895164625703547
105,id34,636.5,293.0,vial6,40,29.895164625703547
106,id34,635.5,291.0,vial6,40,29.895164625703547
107,id34,635.5,290.0,vial6,40,29.895164625703547
108,id34,634.5,288.5,vial6,40,29.895164625703547
109,id34,634.0,286.5,vial6,40,29.895164625703547
110,id34,633.0,285.0,vial6,40,29.895164625703547
111,id34,632.0,284.0,vial6,40,29.895164625703547
112,id34,631.0,283.0,vial6,40,29.895164625703547
113,id34,631.0,282.0,vial6,40,29.895164625703547
114,id34,629.5,280.0,vial6,40,29.895164625703547
115,id34,629.0,278.5,vial6,40,29.895164625703547
116,id34,628.5,278.0,vial6,40,29.895164625703547
117,id34,627.5,276.0,vial6,40,29.895164625703547
118,id34,627.5,275.5,vial6,40,29.895164625703547
119,id34,627.0,275.0,vial6,40,29.895164625703547
120,id34,626.5,273.5,vial6,40,29.895164625703547
121,id34,626.0,274.5,vial6,40,29.895164625703547
122,id34,626.0,275.0,vial6,40,29.895164625703547
123,id34,625.5,274.5,vial6,40,29.895164625703547
124,id34,625.0,274.5,vial6,40,29.895164625703547
125,id34,625.0,274.5,vial6,40,29.895164625703547
126,id34,625.0,273.5,vial6,40,29.895164625703547
127,id34,625.0,273.0,vial6,40,29.895164625703547
128,id34,625.5,271.0,vial6,40,29.895164625703547
129,id34,625.0,270.0,vial6,40,29.895164625703547
130,id34,625.0,269.0,vial6,40,29.895164625703547
131,id34,625.0,268.5,vial6,40,29.895164625703547
132,id34,626.0,267.5,vial6,40,29.895164625703547
133,id34,625.5,266.0,vial6,40,29.895164625703547
134,id34,626.5,265.5,vial6,40,29.895164625703547
135,id34,626.5,265.0,vial6,40,29.895164625703547
136,id34,626.5,264.0,vial6,40,29.895164625703547
137,id34,627.5,263.0,vial6,40,29.895164625703547
138,id34,628.5,262.0,vial6,40,29.895164625703547
139,id34,629.0,261.5,vial6,40,29.895164625703547
140,id34,630.0,260.5,vial6,40,29.895164625703547
141,id34,631.0,259.5,vial6,40,29.895164625703547
142,id34,631.0,259.0,vial6,40,29.895164625703547
143,id34,632.5,257.5,vial6,40,29.895164625703547
144,id34,634.0,256.5,vial6,40,29.895164625703547
145,id34,634.5,256.0,vial6,40,29.895164625703547
146,id34,636.0,254.5,vial6,40,29.895164625703547
147,id34,637.5,253.5,vial6,40,29.895164625703547
148,id34,638.5,253.0,vial6,40,29.895164625703547
149,id34,639.5,252.0,vial6,40,29.895164625703547
150,id34,641.5,251.0,vial6,40,29.895164625703547
151,id34,642.5,250.5,vial6,40,29.895164625703547
152,id34,644.0,249.5,vial6,40,29.895164625703547
153,id34,646.0,249.5,vial6,40,29.895164625703547
154,id34,646.0,249.5,vial6,40,29.895164625703547
155,id34,648.0,249.0,vial6,40,29.895164625703547
156,id34,648.5,248.5,vial6,40,29.895164625703547
157,id34,649.0,248.5,vial6,40,29.895164625703547
158,id34,650.0,247.5,vial6,40,29.895164625703547
159,id34,651.0,247.5,vial6,40,29.895164625703547
160,id34,652.0,246.0,vial6,40,29.895164625703547
161,id34,653.5,244.5,vial6,40,29.895164625703547
162,id34,653.5,244.5,vial6,40,29.895164625703547
163,id34,654.0,242.5,vial6,40,29.895164625703547
164,id34,653.5,242.5,vial6,40,29.895164625703547
165,id34,653.5,242.0,vial6,40,29.895164625703547
166,id34,653.5,241.0,vial6,40,29.895164625703547
167,id34,653.5,243.5,vial6,40,29.895164625703547
168,id34,649.5,253.0,vial6,40,29.895164625703547
169,id34,648.5,252.0,vial6,40,29.895164625703547
170,id34,664.0,250.5,vial6,40,29.895164625703547
172,id34,688.5,261.0,vial6,40,29.895164625703547
173,id34,688.0,278.0,vial6,40,29.895164625703547
174,id34,687.5,303.0,vial6,40,29.895164625703547
175,id34,664.0,340.0,vial6,40,29.895164625703547
176,id34,641.5,346.5,vial6,40,29.895164625703547
177,id34,627.5,350.0,vial6,40,29.895164625703547
178,id34,633.5,345.5,vial6,40,29.895164625703547
181,id34,631.5,353.0,vial6,40,29.895164625703547
182,id34,639.0,352.0,vial6,40,29.895164625703547
183,id34,632.0,352.5,vial6,40,29.895164625703547
184,id34,632.0,353.0,vial6,40,29.895164625703547
185,id34,632.0,353.0,vial6,40,29.895164625703547
186,id34,633.0,353.5,vial6,40,29.895164625703547
187,id34,633.0,353.0,vial6,40,29.895164625703547
188,id34,633.5,352.5,vial6,40,29.895164625703547
189,id34,634.0,352.5,vial6,40,29.895164625703547
190,id34,634.0,352.5,vial6,40,29.895164625703547
191,id34,633.5,353.0,vial6,40,29.895164625703547
192,id34,634.0,353.0,vial6,40,29.895164625703547
193,id34,634.0,353.0,vial6,40,29.895164625703547
194,id34,634.0,353.0,vial6,40,29.895164625703547
195,id34,633.0,352.5,vial6,40,29.895164625703547
196,id34,633.5,352.5,vial6,40,29.895164625703547
197,id34,633.5,352.5,vial6,40,29.895164625703547
198,id34,633.5,352.0,vial6,40,29.895164625703547
199,id34,633.5,351.5,vial6,40,29.895164625703547
200,id34,633.5,351.0,vial6,40,29.895164625703547
201,id34,634.5,351.0,vial6,40,29.895164625703547
202,id34,636.5,351.0,vial6,40,29.895164625703547
203,id34,635.5,350.5,vial6,40,29.895164625703547
204,id34,635.5,350.5,vial6,40,29.895164625703547
205,id34,636.0,350.5,vial6,40,29.895164625703547
206,id34,636.0,350.5,vial6,40,29.895164625703547
207,id34,635.5,350.5,vial6,40,29.895164625703547
208,id34,636.0,350.5,vial6,40,29.895164625703547
209,id34,636.0,350.5,vial6,40,29.895164625703547
210,id34,636.0,350.5,vial6,40,29.895164625703547
211,id34,636.0,350.5,vial6,40,29.895164625703547
212,id34,636.0,350.5,vial6,40,29.895164625703547
213,id34,636.0,350.0,vial6,40,29.895164625703547
214,id34,636.5,349.5,vial6,40,29.895164625703547
215,id34,637.0,349.0,vial6,40,29.895164625703547
216,id34,638.0,349.0,vial6,40,29.895164625703547
217,id34,639.0,349.0,vial6,40,29.895164625703547
218,id34,640.0,349.0,vial6,40,29.895164625703547
219,id34,640.0,349.0,vial6,40,29.895164625703547
220,id34,641.0,349.0,vial6,40,29.895164625703547
221,id34,641.5,348.5,vial6,40,29.895164625703547
222,id34,642.0,348.0,vial6,40,29.895164625703547
223,id34,642.0,347.5,vial6,40,29.895164625703547
224,id34,643.0,347.0,vial6,40,29.895164625703547
225,id34,643.5,346.5,vial6,40,29.895164625703547
226,id34,644.5,345.5,vial6,40,29.895164625703547
227,id34,644.5,345.0,vial6,40,29.895164625703547
228,id34,645.5,343.5,vial6,40,29.895164625703547
229,id34,646.5,343.5,vial6,40,29.895164625703547
230,id34,646.5,342.5,vial6,40,29.895164625703547
231,id34,646.5,342.5,vial6,40,29.895164625703547
232,id34,647.0,342.5,vial6,40,29.895164625703547
233,id34,647.5,341.0,vial6,40,29.895164625703547
234,id34,648.0,340.5,vial6,40,29.895164625703547
235,id34,648.5,339.5,vial6,40,29.895164625703547
236,id34,649.0,339.0,vial6,40,29.895164625703547
237,id34,649.5,337.5,vial6,40,29.895164625703547
238,id34,649.5,337.0,vial6,40,29.895164625703547
239,id34,649.5,336.0,vial6,40,29.895164625703547
240,id34,649.5,335.0,vial6,40,29.895164625703547
241,id34,649.5,334.5,vial6,40,29.895164625703547
242,id34,649.5,333.5,vial6,40,29.895164625703547
243,id34,649.5,332.5,vial6,40,29.895164625703547
244,id34,650.0,331.0,vial6,40,29.895164625703547
245,id34,650.5,330.0,vial6,40,29.895164625703547
246,id34,650.5,329.5,vial6,40,29.895164625703547
247,id34,650.5,328.5,vial6,40,29.895164625703547
248,id34,651.0,327.5,vial6,40,29.895164625703547
249,id34,651.5,326.5,vial6,40,29.895164625703547
250,id34,652.5,325.0,vial6,40,29.895164625703547
251,id34,652.5,325.0,vial6,40,29.895164625703547
252,id34,653.0,323.0,vial6,40,29.895164625703547
253,id34,653.0,322.0,vial6,40,29.895164625703547
254,id34,654.0,321.0,vial6,40,29.895164625703547
255,id34,654.0,320.5,vial6,40,29.895164625703547
256,id34,655.0,319.5,vial6,40,29.895164625703547
257,id34,655.0,317.5,vial6,40,29.895164625703547
258,id34,656.0,316.5,vial6,40,29.895164625703547
259,id34,656.0,315.5,vial6,40,29.895164625703547
260,id34,657.0,314.5,vial6,40,29.895164625703547
261,id34,658.0,313.0,vial6,40,29.895164625703547
262,id34,658.0,312.0,vial6,40,29.895164625703547
263,id34,659.0,310.5,vial6,40,29.895164625703547
264,id34,659.0,309.5,vial6,40,29.895164625703547
265,id34,660.0,308.0,vial6,40,29.895164625703547
266,id34,660.0,307.5,vial6,40,29.895164625703547
267,id34,661.0,305.5,vial6,40,29.895164625703547
268,id34,662.0,304.0,vial6,40,29.895164625703547
269,id34,663.0,303.5,vial6,40,29.895164625703547
270,id34,663.5,302.5,vial6,40,29.895164625703547
271,id34,663.5,300.5,vial6,40,29.895164625703547
272,id34,664.5,299.5,vial6,40,29.895164625703547
273,id34,665.0,298.5,vial6,40,29.895164625703547
274,id34,666.0,297.0,vial6,40,29.895164625703547
275,id34,666.5,295.5,vial6,40,29.895164625703547
276,id34,667.0,294.5,vial6,40,29.895164625703547
277,id34,668.0,293.5,vial6,40,29.895164625703547
278,id34,668.5,291.5,vial6,40,29.895164625703547
279,id34,669.0,290.5,vial6,40,29.895164625703547
280,id34,669.5,290.0,vial6,40,29.895164625703547
281,id34,670.0,288.0,vial6,40,29.895164625703547
282,id34,670.5,286.5,vial6,40,29.895164625703547
283,id34,670.5,285.5,vial6,40,29.895164625703547
284,id34,670.5,283.5,vial6,40,29.895164625703547
285,id34,670.5,282.0,vial6,40,29.895164625703547
286,id34,671.5,280.5,vial6,40,29.895164625703547
287,id34,671.5,280.0,vial6,40,29.895164625703547
288,id34,671.5,278.5,vial6,40,29.895164625703547
289,id34,671.5,277.5,vial6,40,29.895164625703547
290,id34,672.5,276.0,vial6,40,29.895164625703547
291,id34,672.5,275.5,vial6,40,29.895164625703547
292,id34,672.5,274.0,vial6,40,29.895164625703547
293,id34,672.5,272.5,vial6,40,29.895164625703547
294,id34,673.0,271.0,vial6,40,29.895164625703547
295,id34,673.5,270.0,vial6,40,29.895164625703547
296,id34,673.5,268.0,vial6,40,29.895164625703547
297,id34,673.5,266.5,vial6,40,29.895164625703547
298,id34,674.5,265.5,vial6,40,29.895164625703547
299,id34,674.5,263.5,vial6,40,29.895164625703547
300,id34,674.5,261.5,vial6,40,29.895164625703547
301,id34,674.5,260.5,vial6,40,29.895164625703547
302,id34,674.5,259.0,vial6,40,29.895164625703547
303,id34,674.5,257.0,vial6,40,29.895164625703547
304,id34,675.0,255.5,vial6,40,29.895164625703547
305,id34,675.0,254.5,vial6,40,29.895164625703547
306,id34,674.5,252.5,vial6,40,29.895164625703547
307,id34,675.0,250.5,vial6,40,29.895164625703547
308,id34,675.0,249.0,vial6,40,29.895164625703547
309,id34,675.0,247.0,vial6,40,29.895164625703547
310,id34,675.0,246.0,vial6,40,29.895164625703547
311,id34,675.0,245.0,vial6,40,29.895164625703547
312,id34,675.0,243.5,vial6,40,29.895164625703547
313,id34,675.0,241.5,vial6,40,29.895164625703547
314,id34,675.0,240.5,vial6,40,29.895164625703547
315,id34,675.0,238.5,vial6,40,29.895164625703547
316,id34,675.5,236.5,vial6,40,29.895164625703547
317,id34,676.0,235.0,vial6,40,29.895164625703547
318,id34,676.5,233.0,vial6,40,29.895164625703547
319,id34,677.5,231.0,vial6,40,29.895164625703547
320,id34,678.0,230.0,vial6,40,29.895164625703547
321,id34,679.0,228.5,vial6,40,29.895164625703547
322,id34,680.0,228.0,vial6,40,29.895164625703547
323,id34,681.0,227.5,vial6,40,29.895164625703547
324,id34,681.5,229.0,vial6,40,29.895164625703547
325,id34,682.0,228.0,vial6,40,29.895164625703547
326,id34,683.0,227.5,vial6,40,29.895164625703547
327,id34,683.0,227.5,vial6,40,29.895164625703547
328,id34,683.5,227.5,vial6,40,29.895164625703547
329,id34,683.5,227.5,vial6,40,29.895164625703547
330,id34,683.5,227.5,vial6,40,29.895164625703547
331,id34,683.5,227.5,vial6,40,29.895164625703547
332,id34,683.5,227.5,vial6,40,29.895164625703547
333,id34,684.5,226.5,vial6,40,29.895164625703547
334,id34,685.5,225.5,vial6,40,29.895164625703547
335,id34,685.5,225.5,vial6,40,29.895164625703547
341,id34,689.5,217.0,vial6,40,29.895164625703547
342,id34,690.0,216.0,vial6,40,29.895164625703547
343,id34,690.0,214.0,vial6,40,29.895164625703547
344,id34,690.5,212.5,vial6,40,29.895164625703547
345,id34,690.5,211.5,vial6,40,29.895164625703547
346,id34,691.0,210.0,vial6,40,29.895164625703547
347,id34,691.0,208.5,vial6,40,29.895164625703547
348,id34,691.0,208.5,vial6,40,29.895164625703547
349,id34,691.0,207.5,vial6,40,29.895164625703547
351,id34,629.0,31.5,vial6,40,29.895164625703547
352,id34,638.5,55.0,vial6,40,29.895164625703547
353,id34,655.5,83.5,vial6,40,29.895164625703547
354,id34,661.5,92.0,vial6,40,29.895164625703547
355,id34,663.5,90.5,vial6,40,29.895164625703547
356,id34,662.5,90.0,vial6,40,29.895164625703547
357,id34,662.5,89.5,vial6,40,29.895164625703547
358,id34,662.5,89.5,vial6,40,29.895164625703547
359,id34,662.5,89.5,vial6,40,29.895164625703547
360,id34,662.5,89.5,vial6,40,29.895164625703547
361,id34,662.5,89.5,vial6,40,29.895164625703547
362,id34,662.5,88.5,vial6,40,29.895164625703547
363,id34,662.5,88.0,vial6,40,29.895164625703547
364,id34,662.5,87.5,vial6,40,29.895164625703547
365,id34,662.0,86.0,vial6,40,29.895164625703547
366,id34,661.5,85.5,vial6,40,29.895164625703547
367,id34,661.0,84.0,vial6,40,29.895164625703547
368,id34,661.0,83.0,vial6,40,29.895164625703547
369,id34,661.0,81.0,vial6,40,29.895164625703547
370,id34,660.5,79.5,vial6,40,29.895164625703547
371,id34,659.5,78.5,vial6,40,29.895164625703547
372,id34,659.5,77.0,vial6,40,29.895164625703547
373,id34,659.5,75.5,vial6,40,29.895164625703547
374,id34,658.5,73.5,vial6,40,29.895164625703547
375,id34,658.5,72.0,vial6,40,29.895164625703547
376,id34,658.5,70.0,vial6,40,29.895164625703547
377,id34,657.5,68.0,vial6,40,29.895164625703547
378,id34,657.5,66.5,vial6,40,29.895164625703547
379,id34,657.5,64.5,vial6,40,29.895164625703547
380,id34,657.0,62.5,vial6,40,29.895164625703547
381,id34,656.5,60.5,vial6,40,29.895164625703547
13,id35,156.0,351.0,vial2,11,29.895164625703547
14,id35,152.5,351.5,vial2,11,29.895164625703547
15,id35,150.5,352.0,vial2,11,29.895164625703547
16,id35,146.0,351.5,vial2,11,29.895164625703547
17,id35,142.5,351.0,vial2,11,29.895164625703547
18,id35,141.0,351.0,vial2,11,29.895164625703547
19,id35,139.5,351.0,vial2,11,29.895164625703547
20,id35,138.0,352.0,vial2,11,29.895164625703547
21,id35,136.5,351.5,vial2,11,29.895164625703547
22,id35,136.5,351.5,vial2,11,29.895164625703547
23,id35,137.0,351.5,vial2,11,29.895164625703547
24,id35,136.5,351.5,vial2,11,29.895164625703547
25,id35,136.0,351.5,vial2,11,29.895164625703547
26,id35,135.0,351.5,vial2,11,29.895164625703547
27,id35,134.5,350.5,vial2,11,29.895164625703547
28,id35,131.5,350.5,vial2,11,29.895164625703547
29,id35,150.0,348.5,vial2,11,29.895164625703547
30,id35,150.0,348.5,vial2,11,29.895164625703547
31,id35,148.5,348.5,vial2,11,29.895164625703547
32,id35,148.5,348.5,vial2,11,29.895164625703547
33,id35,148.0,348.0,vial2,11,29.895164625703547
34,id35,148.0,349.0,vial2,11,29.895164625703547
35,id35,148.0,349.0,vial2,11,29.895164625703547
36,id35,133.0,332.0,vial2,11,29.895164625703547
37,id35,134.5,350.0,vial2,11,29.895164625703547
38,id35,138.0,349.0,vial2,11,29.895164625703547
39,id35,135.0,350.5,vial2,11,29.895164625703547
40,id35,131.0,351.5,vial2,11,29.895164625703547
41,id35,134.0,350.5,vial2,11,29.895164625703547
42,id35,134.0,350.5,vial2,11,29.895164625703547
43,id35,134.5,350.5,vial2,11,29.895164625703547
44,id35,131.5,351.0,vial2,11,29.895164625703547
45,id35,132.5,351.5,vial2,11,29.895164625703547
46,id35,133.0,351.5,vial2,11,29.895164625703547
47,id35,137.0,350.5,vial2,11,29.895164625703547
48,id35,137.5,350.0,vial2,11,29.895164625703547
49,id35,139.0,350.0,vial2,11,29.895164625703547
50,id35,139.0,349.5,vial2,11,29.895164625703547
51,id35,139.5,349.5,vial2,11,29.895164625703547
52,id35,140.0,350.0,vial2,11,29.895164625703547
53,id35,141.0,349.5,vial2,11,29.895164625703547
54,id35,142.0,349.5,vial2,11,29.895164625703547
55,id35,142.5,349.5,vial2,11,29.895164625703547
56,id35,142.5,349.5,vial2,11,29.895164625703547
57,id35,142.5,349.5,vial2,11,29.895164625703547
58,id35,142.0,349.5,vial2,11,29.895164625703547
59,id35,139.0,342.5,vial2,11,29.895164625703547
60,id35,142.0,349.5,vial2,11,29.895164625703547
61,id35,141.0,350.0,vial2,11,29.895164625703547
62,id35,141.0,350.5,vial2,11,29.895164625703547
63,id35,141.5,350.5,vial2,11,29.895164625703547
64,id35,142.0,350.5,vial2,11,29.895164625703547
65,id35,141.5,350.0,vial2,11,29.895164625703547
66,id35,141.0,347.5,vial2,11,29.895164625703547
67,id35,128.5,344.5,vial2,11,29.895164625703547
68,id35,129.0,345.0,vial2,11,29.895164625703547
69,id35,138.0,345.5,vial2,11,29.895164625703547
70,id35,146.0,334.0,vial2,11,29.895164625703547
71,id35,145.0,320.0,vial2,11,29.895164625703547
72,id35,133.5,331.0,vial2,11,29.895164625703547
76,id35,143.0,351.0,vial2,11,29.895164625703547
79,id35,143.0,351.0,vial2,11,29.895164625703547
80,id35,143.5,352.5,vial2,11,29.895164625703547
81,id35,144.0,352.5,vial2,11,29.895164625703547
82,id35,144.5,351.5,vial2,11,29.895164625703547
83,id35,144.5,351.0,vial2,11,29.895164625703547
84,id35,145.5,351.0,vial2,11,29.895164625703547
85,id35,146.5,350.5,vial2,11,29.895164625703547
86,id35,147.0,351.0,vial2,11,29.895164625703547
87,id35,146.5,351.5,vial2,11,29.895164625703547
88,id35,145.5,351.5,vial2,11,29.895164625703547
89,id35,143.5,351.5,vial2,11,29.895164625703547
90,id35,143.0,351.5,vial2,11,29.895164625703547
91,id35,142.5,351.5,vial2,11,29.895164625703547
92,id35,142.5,352.0,vial2,11,29.895164625703547
93,id35,142.5,351.5,vial2,11,29.895164625703547
94,id35,142.5,351.5,vial2,11,29.895164625703547
95,id35,142.5,351.5,vial2,11,29.895164625703547
96,id35,142.5,351.5,vial2,11,29.895164625703547
97,id35,142.0,351.5,vial2,11,29.895164625703547
102,id35,139.5,340.0,vial2,11,29.895164625703547
103,id35,134.5,296.0,vial2,11,29.895164625703547
104,id35,160.0,268.5,vial2,11,29.895164625703547
105,id35,182.0,277.5,vial2,11,29.895164625703547
106,id35,174.5,329.0,vial2,11,29.895164625703547
107,id35,169.0,346.0,vial2,11,29.895164625703547
114,id35,163.0,347.5,vial2,11,29.895164625703547
115,id35,164.0,347.0,vial2,11,29.895164625703547
116,id35,165.0,347.0,vial2,11,29.895164625703547
117,id35,165.5,348.0,vial2,11,29.895164625703547
118,id35,165.5,348.0,vial2,11,29.895164625703547
119,id35,166.0,348.0,vial2,11,29.895164625703547
120,id35,169.5,330.5,vial2,11,29.895164625703547
121,id35,169.5,329.0,vial2,11,29.895164625703547
122,id35,169.5,327.5,vial2,11,29.895164625703547
123,id35,169.5,325.5,vial2,11,29.895164625703547
124,id35,169.0,323.5,vial2,11,29.895164625703547
125,id35,168.5,322.0,vial2,11,29.895164625703547
126,id35,168.5,320.0,vial2,11,29.895164625703547
127,id35,167.5,318.0,vial2,11,29.895164625703547
128,id35,167.5,316.5,vial2,11,29.895164625703547
129,id35,166.5,315.0,vial2,11,29.895164625703547
130,id35,166.5,314.0,vial2,11,29.895164625703547
131,id35,165.5,312.0,vial2,11,29.895164625703547
132,id35,165.0,310.5,vial2,11,29.895164625703547
133,id35,164.5,309.0,vial2,11,29.895164625703547
134,id35,163.5,307.0,vial2,11,29.895164625703547
135,id35,162.5,305.0,vial2,11,29.895164625703547
136,id35,161.0,303.0,vial2,11,29.895164625703547
137,id35,160.0,301.5,vial2,11,29.895164625703547
138,id35,159.0,299.5,vial2,11,29.895164625703547
139,id35,158.0,297.5,vial2,11,29.895164625703547
140,id35,157.0,295.0,vial2,11,29.895164625703547
141,id35,156.0,293.0,vial2,11,29.895164625703547
142,id35,155.0,290.5,vial2,11,29.895164625703547
143,id35,154.0,288.5,vial2,11,29.895164625703547
144,id35,153.0,287.0,vial2,11,29.895164625703547
145,id35,152.0,284.0,vial2,11,29.895164625703547
146,id35,151.0,282.0,vial2,11,29.895164625703547
147,id35,150.0,280.5,vial2,11,29.895164625703547
148,id35,149.5,278.5,vial2,11,29.895164625703547
149,id35,148.5,276.5,vial2,11,29.895164625703547
150,id35,147.5,274.0,vial2,11,29.895164625703547
151,id35,146.5,272.0,vial2,11,29.895164625703547
152,id35,145.5,270.0,vial2,11,29.895164625703547
153,id35,144.5,268.0,vial2,11,29.895164625703547
154,id35,143.5,266.0,vial2,11,29.895164625703547
155,id35,143.5,264.0,vial2,11,29.895164625703547
156,id35,142.5,263.0,vial2,11,29.895164625703547
157,id35,142.0,261.0,vial2,11,29.895164625703547
158,id35,141.5,259.0,vial2,11,29.895164625703547
159,id35,140.5,257.0,vial2,11,29.895164625703547
160,id35,139.5,255.0,vial2,11,29.895164625703547
161,id35,138.5,253.0,vial2,11,29.895164625703547
162,id35,138.0,251.0,vial2,11,29.895164625703547
163,id35,137.5,249.0,vial2,11,29.895164625703547
164,id35,136.5,247.0,vial2,11,29.895164625703547
165,id35,135.5,245.0,vial2,11,29.895164625703547
166,id35,135.5,243.5,vial2,11,29.895164625703547
167,id35,134.5,242.5,vial2,11,29.895164625703547
168,id35,134.5,241.0,vial2,11,29.895164625703547
169,id35,133.5,240.0,vial2,11,29.895164625703547
170,id35,132.5,238.5,vial2,11,29.895164625703547
171,id35,132.0,237.0,vial2,11,29.895164625703547
172,id35,131.5,237.0,vial2,11,29.895164625703547
173,id35,131.0,236.5,vial2,11,29.895164625703547
174,id35,130.5,235.5,vial2,11,29.895164625703547
175,id35,130.5,235.5,vial2,11,29.895164625703547
176,id35,130.5,235.5,vial2,11,29.895164625703547
177,id35,130.5,235.5,vial2,11,29.895164625703547
178,id35,130.5,235.5,vial2,11,29.895164625703547
179,id35,130.5,235.5,vial2,11,29.895164625703547
180,id35,130.5,235.0,vial2,11,29.895164625703547
181,id35,130.5,234.0,vial2,11,29.895164625703547
182,id35,130.5,232.5,vial2,11,29.895164625703547
183,id35,131.0,231.5,vial2,11,29.895164625703547
184,id35,130.5,230.0,vial2,11,29.895164625703547
185,id35,131.0,228.0,vial2,11,29.895164625703547
186,id35,131.5,226.5,vial2,11,29.895164625703547
187,id35,131.5,225.0,vial2,11,29.895164625703547
188,id35,132.0,223.5,vial2,11,29.895164625703547
189,id35,132.0,222.0,vial2,11,29.895164625703547
190,id35,132.0,220.5,vial2,11,29.895164625703547
191,id35,132.5,219.0,vial2,11,29.895164625703547
192,id35,132.5,217.5,vial2,11,29.895164625703547
193,id35,132.5,216.5,vial2,11,29.895164625703547
194,id35,132.5,214.5,vial2,11,29.895164625703547
195,id35,133.0,212.5,vial2,11,29.895164625703547
196,id35,133.0,211.0,vial2,11,29.895164625703547
197,id35,133.5,209.0,vial2,11,29.895164625703547
198,id35,133.5,207.5,vial2,11,29.895164625703547
199,id35,133.5,205.5,vial2,11,29.895164625703547
200,id35,134.0,204.5,vial2,11,29.895164625703547
201,id35,134.0,202.5,vial2,11,29.895164625703547
202,id35,134.0,200.5,vial2,11,29.895164625703547
203,id35,134.0,199.5,vial2,11,29.895164625703547
204,id35,134.0,197.5,vial2,11,29.895164625703547
205,id35,133.5,196.0,vial2,11,29.895164625703547
206,id35,133.5,194.5,vial2,11,29.895164625703547
207,id35,133.5,192.5,vial2,11,29.895164625703547
208,id35,133.0,191.0,vial2,11,29.895164625703547
209,id35,133.0,189.5,vial2,11,29.895164625703547
210,id35,133.0,188.0,vial2,11,29.895164625703547
211,id35,132.5,186.5,vial2,11,29.895164625703547
212,id35,132.5,184.5,vial2,11,29.895164625703547
213,id35,132.0,182.5,vial2,11,29.895164625703547
214,id35,132.0,181.0,vial2,11,29.895164625703547
215,id35,132.0,179.5,vial2,11,29.895164625703547
216,id35,131.5,178.0,vial2,11,29.895164625703547
217,id35,131.0,176.5,vial2,11,29.895164625703547
218,id35,131.0,175.0,vial2,11,29.895164625703547
219,id35,130.5,173.0,vial2,11,29.895164625703547
220,id35,130.5,172.0,vial2,11,29.895164625703547
221,id35,130.0,170.0,vial2,11,29.895164625703547
222,id35,129.5,168.5,vial2,11,29.895164625703547
223,id35,129.5,167.0,vial2,11,29.895164625703547
224,id35,129.0,165.5,vial2,11,29.895164625703547
225,id35,128.5,164.0,vial2,11,29.895164625703547
226,id35,128.5,162.5,vial2,11,29.895164625703547
227,id35,128.5,160.5,vial2,11,29.895164625703547
228,id35,128.5,159.0,vial2,11,29.895164625703547
229,id35,128.0,158.0,vial2,11,29.895164625703547
230,id35,127.5,157.0,vial2,11,29.895164625703547
231,id35,127.5,157.0,vial2,11,29.895164625703547
232,id35,127.5,157.5,vial2,11,29.895164625703547
233,id35,127.5,157.5,vial2,11,29.895164625703547
234,id35,127.5,158.0,vial2,11,29.895164625703547
235,id35,127.5,158.5,vial2,11,29.895164625703547
236,id35,127.5,158.0,vial2,11,29.895164625703547
237,id35,127.5,158.5,vial2,11,29.895164625703547
238,id35,127.5,158.5,vial2,11,29.895164625703547
239,id35,127.5,158.5,vial2,11,29.895164625703547
240,id35,127.5,158.5,vial2,11,29.895164625703547
241,id35,127.5,158.5,vial2,11,29.895164625703547
242,id35,127.5,157.5,vial2,11,29.895164625703547
243,id35,156.0,150.5,vial2,11,29.895164625703547
244,id35,164.5,154.5,vial2,11,29.895164625703547
245,id35,162.5,168.0,vial2,11,29.895164625703547
246,id35,162.5,183.0,vial2,11,29.895164625703547
247,id35,158.0,196.0,vial2,11,29.895164625703547
248,id35,156.0,217.0,vial2,11,29.895164625703547
249,id35,135.5,247.0,vial2,11,29.895164625703547
250,id35,141.0,271.0,vial2,11,29.895164625703547
251,id35,135.0,295.0,vial2,11,29.895164625703547
252,id35,150.5,320.0,vial2,11,29.895164625703547
253,id35,153.5,321.5,vial2,11,29.895164625703547
257,id35,168.5,348.0,vial2,11,29.895164625703547
258,id35,168.5,348.5,vial2,11,29.895164625703547
259,id35,150.5,348.5,vial2,11,29.895164625703547
260,id35,142.5,341.5,vial2,11,29.895164625703547
262,id35,168.5,317.0,vial2,11,29.895164625703547
263,id35,180.5,298.5,vial2,11,29.895164625703547
264,id35,193.5,281.5,vial2,11,29.895164625703547
265,id35,185.5,282.5,vial2,11,29.895164625703547
266,id35,190.5,281.5,vial2,11,29.895164625703547
267,id35,176.0,284.5,vial2,11,29.895164625703547
268,id35,175.0,282.0,vial2,11,29.895164625703547
269,id35,185.5,279.5,vial2,11,29.895164625703547
270,id35,171.0,288.5,vial2,11,29.895164625703547
271,id35,165.0,298.5,vial2,11,29.895164625703547
272,id35,172.5,315.5,vial2,11,29.895164625703547
274,id35,169.0,354.5,vial2,11,29.895164625703547
275,id35,168.0,354.5,vial2,11,29.895164625703547
276,id35,168.0,354.5,vial2,11,29.895164625703547
277,id35,167.5,354.5,vial2,11,29.895164625703547
278,id35,167.0,354.0,vial2,11,29.895164625703547
279,id35,167.0,353.0,vial2,11,29.895164625703547
280,id35,167.0,354.0,vial2,11,29.895164625703547
281,id35,166.5,354.0,vial2,11,29.895164625703547
282,id35,166.5,353.5,vial2,11,29.895164625703547
283,id35,166.5,353.5,vial2,11,29.895164625703547
284,id35,165.5,353.0,vial2,11,29.895164625703547
285,id35,166.0,354.0,vial2,11,29.895164625703547
286,id35,162.5,348.5,vial2,11,29.895164625703547
287,id35,160.5,349.0,vial2,11,29.895164625703547
288,id35,163.5,353.5,vial2,11,29.895164625703547
289,id35,164.0,353.0,vial2,11,29.895164625703547
290,id35,165.0,354.0,vial2,11,29.895164625703547
291,id35,165.0,354.0,vial2,11,29.895164625703547
292,id35,165.5,354.0,vial2,11,29.895164625703547
293,id35,165.5,354.5,vial2,11,29.895164625703547
294,id35,165.0,354.5,vial2,11,29.895164625703547
295,id35,164.5,354.5,vial2,11,29.895164625703547
296,id35,164.5,354.5,vial2,11,29.895164625703547
297,id35,165.0,354.5,vial2,11,29.895164625703547
298,id35,165.0,354.5,vial2,11,29.895164625703547
299,id35,165.0,354.5,vial2,11,29.895164625703547
300,id35,166.0,354.0,vial2,11,29.895164625703547
301,id35,164.5,354.0,vial2,11,29.895164625703547
302,id35,166.0,354.5,vial2,11,29.895164625703547
303,id35,165.5,354.0,vial2,11,29.895164625703547
304,id35,166.0,354.0,vial2,11,29.895164625703547
305,id35,166.0,354.5,vial2,11,29.895164625703547
306,id35,166.0,354.5,vial2,11,29.895164625703547
307,id35,166.0,354.5,vial2,11,29.895164625703547
308,id35,166.0,354.0,vial2,11,29.895164625703547
309,id35,165.5,354.0,vial2,11,29.895164625703547
310,id35,164.5,354.0,vial2,11,29.895164625703547
311,id35,164.5,354.0,vial2,11,29.895164625703547
312,id35,165.5,354.0,vial2,11,29.895164625703547
313,id35,166.0,354.5,vial2,11,29.895164625703547
314,id35,167.5,353.5,vial2,11,29.895164625703547
315,id35,168.0,353.5,vial2,11,29.895164625703547
316,id35,168.0,354.0,vial2,11,29.895164625703547
317,id35,168.5,353.5,vial2,11,29.895164625703547
318,id35,167.5,353.0,vial2,11,29.895164625703547
319,id35,167.0,353.0,vial2,11,29.895164625703547
320,id35,167.0,353.0,vial2,11,29.895164625703547
321,id35,166.5,353.0,vial2,11,29.895164625703547
322,id35,166.5,353.0,vial2,11,29.895164625703547
323,id35,167.5,352.5,vial2,11,29.895164625703547
324,id35,166.5,352.5,vial2,11,29.895164625703547
331,id35,165.0,350.0,vial2,11,29.895164625703547
332,id35,166.0,348.0,vial2,11,29.895164625703547
334,id35,167.0,348.0,vial2,11,29.895164625703547
335,id35,166.0,348.0,vial2,11,29.895164625703547
337,id35,165.0,348.5,vial2,11,29.895164625703547
338,id35,141.0,351.5,vial2,11,29.895164625703547
339,id35,141.5,351.0,vial2,11,29.895164625703547
340,id35,141.5,351.0,vial2,11,29.895164625703547
341,id35,140.5,351.5,vial2,11,29.895164625703547
342,id35,141.5,351.5,vial2,11,29.895164625703547
343,id35,141.0,351.5,vial2,11,29.895164625703547
344,id35,140.5,352.0,vial2,11,29.895164625703547
345,id35,140.5,351.5,vial2,11,29.895164625703547
346,id35,141.0,351.5,vial2,11,29.895164625703547
347,id35,141.5,351.0,vial2,11,29.895164625703547
350,id35,140.0,352.0,vial2,11,29.895164625703547
351,id35,142.0,351.5,vial2,11,29.895164625703547
352,id35,142.5,350.5,vial2,11,29.895164625703547
353,id35,149.5,347.5,vial2,11,29.895164625703547
354,id35,151.0,347.0,vial2,11,29.895164625703547
355,id35,148.0,347.5,vial2,11,29.895164625703547
356,id35,147.5,347.5,vial2,11,29.895164625703547
357,id35,148.5,347.5,vial2,11,29.895164625703547
358,id35,148.0,347.5,vial2,11,29.895164625703547
359,id35,148.0,347.5,vial2,11,29.895164625703547
360,id35,150.0,348.0,vial2,11,29.895164625703547
361,id35,148.5,347.5,vial2,11,29.895164625703547
362,id35,148.0,347.5,vial2,11,29.895164625703547
363,id35,148.5,347.5,vial2,11,29.895164625703547
364,id35,148.0,348.0,vial2,11,29.895164625703547
365,id35,148.5,348.0,vial2,11,29.895164625703547
366,id35,148.5,348.0,vial2,11,29.895164625703547
367,id35,148.5,348.5,vial2,11,29.895164625703547
368,id35,148.0,348.5,vial2,11,29.895164625703547
369,id35,147.5,348.5,vial2,11,29.895164625703547
370,id35,148.0,348.5,vial2,11,29.895164625703547
371,id35,148.0,348.5,vial2,11,29.895164625703547
372,id35,148.0,348.5,vial2,11,29.895164625703547
373,id35,148.0,348.5,vial2,11,29.895164625703547
374,id35,147.5,348.5,vial2,11,29.895164625703547
375,id35,147.5,348.5,vial2,11,29.895164625703547
376,id35,148.0,348.5,vial2,11,29.895164625703547
377,id35,147.5,349.0,vial2,11,29.895164625703547
378,id35,148.0,348.5,vial2,11,29.895164625703547
379,id35,148.5,348.5,vial2,11,29.895164625703547
380,id35,149.5,348.5,vial2,11,29.895164625703547
381,id35,150.5,348.5,vial2,11,29.895164625703547
13,id36,555.0,351.0,vial5,30,29.895164625703547
14,id36,554.5,350.5,vial5,30,29.895164625703547
15,id36,555.0,350.5,vial5,30,29.895164625703547
16,id36,555.0,350.5,vial5,30,29.895164625703547
17,id36,555.0,350.5,vial5,30,29.895164625703547
18,id36,554.5,350.5,vial5,30,29.895164625703547
19,id36,554.5,350.5,vial5,30,29.895164625703547
20,id36,554.0,350.0,vial5,30,29.895164625703547
22,id36,533.0,348.5,vial5,30,29.895164625703547
23,id36,534.5,347.5,vial5,30,29.895164625703547
24,id36,556.5,350.0,vial5,30,29.895164625703547
25,id36,560.0,352.0,vial5,30,29.895164625703547
26,id36,533.5,348.0,vial5,30,29.895164625703547
27,id36,559.5,351.5,vial5,30,29.895164625703547
28,id36,560.0,351.0,vial5,30,29.895164625703547
29,id36,559.5,350.5,vial5,30,29.895164625703547
30,id36,559.5,350.5,vial5,30,29.895164625703547
31,id36,559.0,350.5,vial5,30,29.895164625703547
32,id36,559.0,350.5,vial5,30,29.895164625703547
33,id36,558.5,350.5,vial5,30,29.895164625703547
34,id36,557.5,350.5,vial5,30,29.895164625703547
35,id36,556.5,350.5,vial5,30,29.895164625703547
36,id36,555.5,350.5,vial5,30,29.895164625703547
37,id36,553.5,350.0,vial5,30,29.895164625703547
38,id36,552.5,349.5,vial5,30,29.895164625703547
39,id36,551.5,349.5,vial5,30,29.895164625703547
40,id36,550.5,349.5,vial5,30,29.895164625703547
41,id36,549.5,348.5,vial5,30,29.895164625703547
42,id36,548.0,348.5,vial5,30,29.895164625703547
43,id36,546.5,347.5,vial5,30,29.895164625703547
44,id36,544.5,347.5,vial5,30,29.895164625703547
45,id36,543.5,347.0,vial5,30,29.895164625703547
46,id36,542.5,346.5,vial5,30,29.895164625703547
47,id36,541.0,346.0,vial5,30,29.895164625703547
48,id36,540.0,346.0,vial5,30,29.895164625703547
49,id36,539.0,346.0,vial5,30,29.895164625703547
50,id36,537.5,346.0,vial5,30,29.895164625703547
51,id36,537.0,346.0,vial5,30,29.895164625703547
52,id36,535.5,345.5,vial5,30,29.895164625703547
53,id36,534.0,346.0,vial5,30,29.895164625703547
54,id36,529.5,352.5,vial5,30,29.895164625703547
55,id36,529.5,352.5,vial5,30,29.895164625703547
56,id36,527.5,352.5,vial5,30,29.895164625703547
57,id36,526.0,353.0,vial5,30,29.895164625703547
58,id36,525.5,354.0,vial5,30,29.895164625703547
59,id36,524.5,353.5,vial5,30,29.895164625703547
60,id36,524.5,353.0,vial5,30,29.895164625703547
61,id36,525.0,354.0,vial5,30,29.895164625703547
62,id36,525.5,353.5,vial5,30,29.895164625703547
63,id36,526.5,353.5,vial5,30,29.895164625703547
64,id36,525.5,352.0,vial5,30,29.895164625703547
65,id36,523.0,352.5,vial5,30,29.895164625703547
66,id36,525.0,351.5,vial5,30,29.895164625703547
67,id36,524.0,353.5,vial5,30,29.895164625703547
68,id36,523.5,354.0,vial5,30,29.895164625703547
69,id36,524.0,353.0,vial5,30,29.895164625703547
70,id36,522.5,352.5,vial5,30,29.895164625703547
71,id36,522.5,353.0,vial5,30,29.895164625703547
73,id36,530.5,353.0,vial5,30,29.895164625703547
75,id36,532.5,355.5,vial5,30,29.895164625703547
79,id36,533.5,355.0,vial5,30,29.895164625703547
80,id36,533.5,355.0,vial5,30,29.895164625703547
81,id36,533.5,355.0,vial5,30,29.895164625703547
82,id36,533.5,354.5,vial5,30,29.895164625703547
83,id36,532.5,354.5,vial5,30,29.895164625703547
84,id36,533.5,354.0,vial5,30,29.895164625703547
85,id36,534.5,353.5,vial5,30,29.895164625703547
86,id36,534.5,354.5,vial5,30,29.895164625703547
90,id36,537.0,353.0,vial5,30,29.895164625703547
91,id36,540.0,352.0,vial5,30,29.895164625703547
92,id36,530.5,309.5,vial5,30,29.895164625703547
93,id36,517.0,272.5,vial5,30,29.895164625703547
94,id36,510.0,261.5,vial5,30,29.895164625703547
95,id36,523.0,279.5,vial5,30,29.895164625703547
96,id36,528.5,304.5,vial5,30,29.895164625703547
97,id36,528.5,329.0,vial5,30,29.895164625703547
98,id36,525.0,349.0,vial5,30,29.895164625703547
99,id36,525.0,350.0,vial5,30,29.895164625703547
100,id36,525.0,350.0,vial5,30,29.895164625703547
101,id36,525.0,350.0,vial5,30,29.895164625703547
102,id36,525.0,350.0,vial5,30,29.895164625703547
103,id36,525.0,350.0,vial5,30,29.895164625703547
104,id36,525.0,350.0,vial5,30,29.895164625703547
105,id36,525.0,350.0,vial5,30,29.895164625703547
106,id36,525.0,350.0,vial5,30,29.895164625703547
107,id36,525.0,350.0,vial5,30,29.895164625703547
108,id36,525.5,350.0,vial5,30,29.895164625703547
109,id36,525.5,350.0,vial5,30,29.895164625703547
110,id36,525.0,350.0,vial5,30,29.895164625703547
111,id36,525.0,350.0,vial5,30,29.895164625703547
112,id36,525.0,350.0,vial5,30,29.895164625703547
113,id36,525.0,350.0,vial5,30,29.895164625703547
114,id36,524.5,349.5,vial5,30,29.895164625703547
115,id36,523.5,349.5,vial5,30,29.895164625703547
116,id36,523.0,349.5,vial5,30,29.895164625703547
117,id36,523.0,349.5,vial5,30,29.895164625703547
118,id36,523.0,349.5,vial5,30,29.895164625703547
119,id36,523.0,349.5,vial5,30,29.895164625703547
120,id36,523.0,349.5,vial5,30,29.895164625703547
121,id36,523.5,349.5,vial5,30,29.895164625703547
122,id36,524.0,349.5,vial5,30,29.895164625703547
123,id36,524.5,349.5,vial5,30,29.895164625703547
124,id36,525.5,349.5,vial5,30,29.895164625703547
125,id36,525.5,349.5,vial5,30,29.895164625703547
126,id36,525.5,349.5,vial5,30,29.895164625703547
127,id36,527.5,349.5,vial5,30,29.895164625703547
128,id36,529.0,349.5,vial5,30,29.895164625703547
129,id36,530.0,350.0,vial5,30,29.895164625703547
130,id36,531.0,348.5,vial5,30,29.895164625703547
132,id36,533.0,348.0,vial5,30,29.895164625703547
148,id36,533.5,349.5,vial5,30,29.895164625703547
149,id36,538.5,308.0,vial5,30,29.895164625703547
150,id36,530.5,268.0,vial5,30,29.895164625703547
151,id36,517.5,232.5,vial5,30,29.895164625703547
152,id36,504.0,208.0,vial5,30,29.895164625703547
153,id36,502.5,208.5,vial5,30,29.895164625703547
154,id36,502.5,207.0,vial5,30,29.895164625703547
155,id36,502.5,207.0,vial5,30,29.895164625703547
156,id36,502.5,207.0,vial5,30,29.895164625703547
157,id36,502.5,207.0,vial5,30,29.895164625703547
158,id36,502.5,207.0,vial5,30,29.895164625703547
159,id36,502.5,207.0,vial5,30,29.895164625703547
160,id36,502.5,207.0,vial5,30,29.895164625703547
161,id36,502.5,207.5,vial5,30,29.895164625703547
162,id36,502.5,207.5,vial5,30,29.895164625703547
163,id36,503.0,207.5,vial5,30,29.895164625703547
164,id36,503.0,207.5,vial5,30,29.895164625703547
165,id36,503.0,207.5,vial5,30,29.895164625703547
166,id36,503.0,207.5,vial5,30,29.895164625703547
167,id36,503.0,207.5,vial5,30,29.895164625703547
168,id36,503.0,207.5,vial5,30,29.895164625703547
169,id36,503.0,207.5,vial5,30,29.895164625703547
170,id36,503.0,207.5,vial5,30,29.895164625703547
171,id36,503.0,207.5,vial5,30,29.895164625703547
172,id36,503.0,207.5,vial5,30,29.895164625703547
173,id36,503.0,207.5,vial5,30,29.895164625703547
174,id36,502.5,207.5,vial5,30,29.895164625703547
175,id36,502.5,207.5,vial5,30,29.895164625703547
176,id36,503.0,207.5,vial5,30,29.895164625703547
177,id36,503.0,207.5,vial5,30,29.895164625703547
184,id36,502.5,204.0,vial5,30,29.895164625703547
185,id36,503.5,203.5,vial5,30,29.895164625703547
186,id36,504.0,202.5,vial5,30,29.895164625703547
187,id36,503.5,202.0,vial5,30,29.895164625703547
188,id36,503.5,201.0,vial5,30,29.895164625703547
189,id36,503.5,199.0,vial5,30,29.895164625703547
190,id36,503.5,197.5,vial5,30,29.895164625703547
191,id36,502.5,195.0,vial5,30,29.895164625703547
192,id36,502.5,193.0,vial5,30,29.895164625703547
193,id36,502.5,190.0,vial5,30,29.895164625703547
194,id36,502.5,188.5,vial5,30,29.895164625703547
195,id36,502.0,187.5,vial5,30,29.895164625703547
196,id36,502.5,186.0,vial5,30,29.895164625703547
197,id36,502.5,184.5,vial5,30,29.895164625703547
198,id36,502.5,183.5,vial5,30,29.895164625703547
199,id36,502.5,182.0,vial5,30,29.895164625703547
200,id36,503.5,181.5,vial5,30,29.895164625703547
201,id36,503.5,182.0,vial5,30,29.895164625703547
202,id36,504.5,181.5,vial5,30,29.895164625703547
203,id36,505.0,181.0,vial5,30,29.895164625703547
204,id36,505.0,180.5,vial5,30,29.895164625703547
205,id36,505.5,180.5,vial5,30,29.895164625703547
206,id36,506.0,180.0,vial5,30,29.895164625703547
207,id36,506.0,179.5,vial5,30,29.895164625703547
208,id36,506.0,179.5,vial5,30,29.895164625703547
209,id36,506.0,179.5,vial5,30,29.895164625703547
210,id36,505.5,179.5,vial5,30,29.895164625703547
211,id36,505.5,179.5,vial5,30,29.895164625703547
212,id36,505.5,179.5,vial5,30,29.895164625703547
213,id36,506.0,179.5,vial5,30,29.895164625703547
214,id36,505.5,179.5,vial5,30,29.895164625703547
215,id36,505.5,179.5,vial5,30,29.895164625703547
216,id36,506.0,179.5,vial5,30,29.895164625703547
217,id36,506.0,179.5,vial5,30,29.895164625703547
218,id36,506.0,179.5,vial5,30,29.895164625703547
219,id36,506.0,179.5,vial5,30,29.895164625703547
220,id36,506.0,179.5,vial5,30,29.895164625703547
221,id36,506.0,179.5,vial5,30,29.895164625703547
251,id36,503.5,149.5,vial5,30,29.895164625703547
252,id36,503.5,147.5,vial5,30,29.895164625703547
253,id36,503.0,145.0,vial5,30,29.895164625703547
254,id36,502.5,142.5,vial5,30,29.895164625703547
255,id36,502.5,140.5,vial5,30,29.895164625703547
256,id36,502.5,138.5,vial5,30,29.895164625703547
257,id36,502.5,137.0,vial5,30,29.895164625703547
258,id36,502.5,135.0,vial5,30,29.895164625703547
259,id36,503.5,134.0,vial5,30,29.895164625703547
260,id36,504.0,133.0,vial5,30,29.895164625703547
261,id36,504.5,132.0,vial5,30,29.895164625703547
262,id36,506.0,130.5,vial5,30,29.895164625703547
263,id36,507.0,129.5,vial5,30,29.895164625703547
264,id36,508.0,128.5,vial5,30,29.895164625703547
265,id36,509.5,127.5,vial5,30,29.895164625703547
266,id36,511.5,126.5,vial5,30,29.895164625703547
267,id36,513.5,126.0,vial5,30,29.895164625703547
268,id36,515.5,125.5,vial5,30,29.895164625703547
269,id36,517.5,125.5,vial5,30,29.895164625703547
270,id36,519.5,124.5,vial5,30,29.895164625703547
271,id36,521.0,124.5,vial5,30,29.895164625703547
272,id36,523.0,124.0,vial5,30,29.895164625703547
273,id36,525.0,124.0,vial5,30,29.895164625703547
274,id36,526.5,124.0,vial5,30,29.895164625703547
275,id36,528.0,123.5,vial5,30,29.895164625703547
276,id36,529.5,122.5,vial5,30,29.895164625703547
277,id36,531.5,122.0,vial5,30,29.895164625703547
278,id36,532.5,120.5,vial5,30,29.895164625703547
279,id36,533.5,119.5,vial5,30,29.895164625703547
280,id36,535.0,117.0,vial5,30,29.895164625703547
281,id36,535.5,115.5,vial5,30,29.895164625703547
282,id36,534.5,112.5,vial5,30,29.895164625703547
283,id36,534.5,110.5,vial5,30,29.895164625703547
284,id36,533.5,108.0,vial5,30,29.895164625703547
285,id36,532.5,106.0,vial5,30,29.895164625703547
286,id36,531.5,103.5,vial5,30,29.895164625703547
287,id36,530.5,101.0,vial5,30,29.895164625703547
288,id36,530.5,98.5,vial5,30,29.895164625703547
289,id36,529.5,96.0,vial5,30,29.895164625703547
290,id36,528.5,93.5,vial5,30,29.895164625703547
291,id36,527.5,91.5,vial5,30,29.895164625703547
292,id36,527.5,89.0,vial5,30,29.895164625703547
293,id36,526.0,86.0,vial5,30,29.895164625703547
294,id36,525.5,83.5,vial5,30,29.895164625703547
295,id36,524.5,81.0,vial5,30,29.895164625703547
296,id36,523.5,79.0,vial5,30,29.895164625703547
297,id36,522.5,76.5,vial5,30,29.895164625703547
298,id36,522.0,75.0,vial5,30,29.895164625703547
299,id36,521.5,74.0,vial5,30,29.895164625703547
300,id36,521.5,74.0,vial5,30,29.895164625703547
301,id36,521.5,74.0,vial5,30,29.895164625703547
302,id36,521.5,74.0,vial5,30,29.895164625703547
303,id36,521.5,74.0,vial5,30,29.895164625703547
304,id36,521.5,74.0,vial5,30,29.895164625703547
305,id36,521.5,74.0,vial5,30,29.895164625703547
306,id36,521.5,72.5,vial5,30,29.895164625703547
307,id36,522.5,72.0,vial5,30,29.895164625703547
308,id36,522.5,70.0,vial5,30,29.895164625703547
309,id36,523.5,67.5,vial5,30,29.895164625703547
310,id36,524.5,64.5,vial5,30,29.895164625703547
311,id36,525.5,62.5,vial5,30,29.895164625703547
312,id36,526.5,60.0,vial5,30,29.895164625703547
313,id36,528.0,57.0,vial5,30,29.895164625703547
314,id36,529.0,54.0,vial5,30,29.895164625703547
315,id36,530.5,52.0,vial5,30,29.895164625703547
316,id36,532.0,49.5,vial5,30,29.895164625703547
317,id36,534.0,47.5,vial5,30,29.895164625703547
318,id36,535.0,45.0,vial5,30,29.895164625703547
319,id36,537.0,43.0,vial5,30,29.895164625703547
320,id36,539.0,40.5,vial5,30,29.895164625703547
321,id36,541.0,38.5,vial5,30,29.895164625703547
322,id36,542.0,37.5,vial5,30,29.895164625703547
323,id36,543.0,36.0,vial5,30,29.895164625703547
324,id36,543.5,35.0,vial5,30,29.895164625703547
325,id36,544.0,35.0,vial5,30,29.895164625703547
326,id36,544.5,34.5,vial5,30,29.895164625703547
327,id36,545.5,33.5,vial5,30,29.895164625703547
328,id36,546.5,32.5,vial5,30,29.895164625703547
329,id36,548.0,31.5,vial5,30,29.895164625703547
330,id36,550.0,31.0,vial5,30,29.895164625703547
331,id36,552.0,30.5,vial5,30,29.895164625703547
332,id36,553.0,30.0,vial5,30,29.895164625703547
333,id36,554.5,29.5,vial5,30,29.895164625703547
334,id36,555.5,28.5,vial5,30,29.895164625703547
335,id36,556.5,28.5,vial5,30,29.895164625703547
336,id36,558.0,27.5,vial5,30,29.895164625703547
337,id36,559.5,26.5,vial5,30,29.895164625703547
338,id36,561.0,25.5,vial5,30,29.895164625703547
339,id36,562.0,24.5,vial5,30,29.895164625703547
340,id36,562.5,22.0,vial5,30,29.895164625703547
341,id36,563.0,19.5,vial5,30,29.895164625703547
342,id36,563.5,17.0,vial5,30,29.895164625703547
343,id36,563.5,14.0,vial5,30,29.895164625703547
344,id36,564.0,11.5,vial5,30,29.895164625703547
18,id37,39.5,353.0,vial1,4,29.895164625703547
24,id38,394.5,351.0,vial4,26,29.895164625703547
25,id38,393.5,351.0,vial4,26,29.895164625703547
26,id38,392.5,350.5,vial4,26,29.895164625703547
27,id38,392.0,351.0,vial4,26,29.895164625703547
28,id38,392.0,351.0,vial4,26,29.895164625703547
29,id38,391.5,350.5,vial4,26,29.895164625703547
30,id38,391.5,350.5,vial4,26,29.895164625703547
31,id38,391.5,350.5,vial4,26,29.895164625703547
32,id38,391.0,351.5,vial4,26,29.895164625703547
33,id38,391.5,351.5,vial4,26,29.895164625703547
34,id38,391.5,351.5,vial4,26,29.895164625703547
35,id38,391.0,351.5,vial4,26,29.895164625703547
36,id38,390.0,352.0,vial4,26,29.895164625703547
37,id38,391.0,352.0,vial4,26,29.895164625703547
38,id38,391.5,351.5,vial4,26,29.895164625703547
39,id38,392.0,351.0,vial4,26,29.895164625703547
40,id38,391.5,351.0,vial4,26,29.895164625703547
41,id38,390.5,351.0,vial4,26,29.895164625703547
42,id38,391.0,350.5,vial4,26,29.895164625703547
43,id38,392.5,349.5,vial4,26,29.895164625703547
44,id38,393.5,351.0,vial4,26,29.895164625703547
45,id38,394.0,349.5,vial4,26,29.895164625703547
46,id38,395.0,350.5,vial4,26,29.895164625703547
47,id38,396.0,350.0,vial4,26,29.895164625703547
48,id38,398.0,349.5,vial4,26,29.895164625703547
49,id38,397.5,349.0,vial4,26,29.895164625703547
50,id38,397.5,348.5,vial4,26,29.895164625703547
51,id38,398.0,348.5,vial4,26,29.895164625703547
52,id38,399.5,348.5,vial4,26,29.895164625703547
53,id38,401.0,348.5,vial4,26,29.895164625703547
54,id38,402.0,348.5,vial4,26,29.895164625703547
55,id38,403.5,348.5,vial4,26,29.895164625703547
56,id38,403.5,348.5,vial4,26,29.895164625703547
57,id38,403.0,348.5,vial4,26,29.895164625703547
58,id38,402.5,348.0,vial4,26,29.895164625703547
59,id38,403.0,347.5,vial4,26,29.895164625703547
60,id38,403.5,347.0,vial4,26,29.895164625703547
61,id38,403.5,346.0,vial4,26,29.895164625703547
62,id38,402.5,346.5,vial4,26,29.895164625703547
63,id38,403.0,345.5,vial4,26,29.895164625703547
64,id38,403.5,344.5,vial4,26,29.895164625703547
65,id38,403.5,342.0,vial4,26,29.895164625703547
66,id38,403.5,340.0,vial4,26,29.895164625703547
67,id38,403.5,338.5,vial4,26,29.895164625703547
68,id38,403.5,336.5,vial4,26,29.895164625703547
69,id38,403.5,335.0,vial4,26,29.895164625703547
70,id38,404.5,333.5,vial4,26,29.895164625703547
71,id38,405.0,332.0,vial4,26,29.895164625703547
72,id38,406.0,330.5,vial4,26,29.895164625703547
73,id38,407.0,329.5,vial4,26,29.895164625703547
74,id38,408.5,327.5,vial4,26,29.895164625703547
75,id38,409.5,326.5,vial4,26,29.895164625703547
76,id38,411.5,326.0,vial4,26,29.895164625703547
77,id38,413.0,325.0,vial4,26,29.895164625703547
78,id38,415.5,325.0,vial4,26,29.895164625703547
79,id38,417.0,324.0,vial4,26,29.895164625703547
80,id38,418.5,323.0,vial4,26,29.895164625703547
81,id38,420.5,322.0,vial4,26,29.895164625703547
82,id38,421.5,321.5,vial4,26,29.895164625703547
83,id38,422.5,321.0,vial4,26,29.895164625703547
84,id38,424.5,319.5,vial4,26,29.895164625703547
85,id38,425.5,319.0,vial4,26,29.895164625703547
86,id38,426.5,318.0,vial4,26,29.895164625703547
87,id38,426.5,317.0,vial4,26,29.895164625703547
88,id38,427.0,316.5,vial4,26,29.895164625703547
89,id38,427.5,316.0,vial4,26,29.895164625703547
90,id38,426.5,315.0,vial4,26,29.895164625703547
91,id38,426.0,314.0,vial4,26,29.895164625703547
92,id38,425.5,312.0,vial4,26,29.895164625703547
93,id38,424.5,310.0,vial4,26,29.895164625703547
94,id38,424.5,308.5,vial4,26,29.895164625703547
95,id38,423.5,306.5,vial4,26,29.895164625703547
96,id38,422.5,304.5,vial4,26,29.895164625703547
97,id38,422.5,302.5,vial4,26,29.895164625703547
98,id38,421.0,301.0,vial4,26,29.895164625703547
99,id38,420.0,299.0,vial4,26,29.895164625703547
100,id38,419.0,297.0,vial4,26,29.895164625703547
101,id38,418.0,295.0,vial4,26,29.895164625703547
102,id38,417.0,293.0,vial4,26,29.895164625703547
103,id38,415.5,291.0,vial4,26,29.895164625703547
104,id38,414.5,289.0,vial4,26,29.895164625703547
105,id38,413.5,287.0,vial4,26,29.895164625703547
106,id38,412.5,285.0,vial4,26,29.895164625703547
107,id38,411.5,282.5,vial4,26,29.895164625703547
108,id38,410.0,280.5,vial4,26,29.895164625703547
109,id38,409.5,278.5,vial4,26,29.895164625703547
110,id38,408.5,276.0,vial4,26,29.895164625703547
111,id38,407.5,274.0,vial4,26,29.895164625703547
112,id38,406.5,272.0,vial4,26,29.895164625703547
113,id38,405.5,270.0,vial4,26,29.895164625703547
114,id38,405.5,268.0,vial4,26,29.895164625703547
115,id38,404.5,265.5,vial4,26,29.895164625703547
116,id38,403.5,263.0,vial4,26,29.895164625703547
117,id38,403.5,260.5,vial4,26,29.895164625703547
118,id38,402.5,258.0,vial4,26,29.895164625703547
119,id38,401.5,255.5,vial4,26,29.895164625703547
120,id38,401.5,253.5,vial4,26,29.895164625703547
121,id38,400.5,251.0,vial4,26,29.895164625703547
122,id38,400.0,248.5,vial4,26,29.895164625703547
123,id38,399.5,245.5,vial4,26,29.895164625703547
124,id38,398.5,243.5,vial4,26,29.895164625703547
125,id38,398.5,240.5,vial4,26,29.895164625703547
126,id38,397.5,237.5,vial4,26,29.895164625703547
127,id38,397.5,235.0,vial4,26,29.895164625703547
128,id38,396.5,233.5,vial4,26,29.895164625703547
129,id38,396.0,231.5,vial4,26,29.895164625703547
130,id38,395.5,228.5,vial4,26,29.895164625703547
131,id38,395.5,226.5,vial4,26,29.895164625703547
132,id38,395.0,224.0,vial4,26,29.895164625703547
133,id38,394.5,222.0,vial4,26,29.895164625703547
134,id38,394.0,220.5,vial4,26,29.895164625703547
135,id38,393.5,218.0,vial4,26,29.895164625703547
136,id38,393.5,216.0,vial4,26,29.895164625703547
137,id38,394.0,213.5,vial4,26,29.895164625703547
138,id38,394.0,211.0,vial4,26,29.895164625703547
139,id38,395.0,208.5,vial4,26,29.895164625703547
140,id38,395.0,206.0,vial4,26,29.895164625703547
141,id38,395.5,203.5,vial4,26,29.895164625703547
142,id38,396.0,201.0,vial4,26,29.895164625703547
143,id38,396.5,198.5,vial4,26,29.895164625703547
144,id38,397.5,196.0,vial4,26,29.895164625703547
145,id38,398.5,193.0,vial4,26,29.895164625703547
146,id38,399.5,192.0,vial4,26,29.895164625703547
147,id38,400.0,190.0,vial4,26,29.895164625703547
148,id38,400.0,189.0,vial4,26,29.895164625703547
149,id38,400.5,187.0,vial4,26,29.895164625703547
150,id38,400.5,187.5,vial4,26,29.895164625703547
151,id38,400.5,185.5,vial4,26,29.895164625703547
152,id38,400.0,184.0,vial4,26,29.895164625703547
153,id38,399.5,183.0,vial4,26,29.895164625703547
154,id38,399.5,181.5,vial4,26,29.895164625703547
155,id38,399.5,180.0,vial4,26,29.895164625703547
156,id38,399.5,177.5,vial4,26,29.895164625703547
157,id38,399.0,175.5,vial4,26,29.895164625703547
158,id38,399.5,173.5,vial4,26,29.895164625703547
159,id38,400.5,171.0,vial4,26,29.895164625703547
160,id38,401.0,169.0,vial4,26,29.895164625703547
161,id38,402.0,167.0,vial4,26,29.895164625703547
162,id38,403.0,165.0,vial4,26,29.895164625703547
163,id38,404.0,163.5,vial4,26,29.895164625703547
164,id38,405.0,162.5,vial4,26,29.895164625703547
165,id38,406.0,160.5,vial4,26,29.895164625703547
166,id38,407.0,159.5,vial4,26,29.895164625703547
167,id38,408.0,158.0,vial4,26,29.895164625703547
168,id38,409.0,156.0,vial4,26,29.895164625703547
169,id38,410.0,154.5,vial4,26,29.895164625703547
170,id38,411.5,153.0,vial4,26,29.895164625703547
171,id38,413.5,151.0,vial4,26,29.895164625703547
172,id38,415.5,150.0,vial4,26,29.895164625703547
173,id38,417.0,148.0,vial4,26,29.895164625703547
174,id38,418.5,147.0,vial4,26,29.895164625703547
175,id38,419.5,145.0,vial4,26,29.895164625703547
176,id38,420.5,142.5,vial4,26,29.895164625703547
177,id38,421.0,140.5,vial4,26,29.895164625703547
178,id38,422.0,138.0,vial4,26,29.895164625703547
179,id38,423.5,136.0,vial4,26,29.895164625703547
180,id38,423.5,134.0,vial4,26,29.895164625703547
181,id38,424.5,131.0,vial4,26,29.895164625703547
182,id38,424.5,129.0,vial4,26,29.895164625703547
183,id38,424.5,126.0,vial4,26,29.895164625703547
184,id38,425.5,124.0,vial4,26,29.895164625703547
185,id38,425.0,121.0,vial4,26,29.895164625703547
186,id38,425.5,119.0,vial4,26,29.895164625703547
187,id38,425.5,116.0,vial4,26,29.895164625703547
188,id38,425.5,113.5,vial4,26,29.895164625703547
189,id38,426.5,111.0,vial4,26,29.895164625703547
190,id38,426.5,108.0,vial4,26,29.895164625703547
191,id38,426.5,106.5,vial4,26,29.895164625703547
192,id38,427.0,104.0,vial4,26,29.895164625703547
193,id38,427.0,101.5,vial4,26,29.895164625703547
194,id38,428.0,98.5,vial4,26,29.895164625703547
195,id38,428.0,96.0,vial4,26,29.895164625703547
196,id38,428.0,93.5,vial4,26,29.895164625703547
197,id38,428.0,91.5,vial4,26,29.895164625703547
198,id38,428.0,88.5,vial4,26,29.895164625703547
199,id38,428.0,86.5,vial4,26,29.895164625703547
200,id38,428.0,84.0,vial4,26,29.895164625703547
201,id38,428.5,81.5,vial4,26,29.895164625703547
202,id38,428.5,79.0,vial4,26,29.895164625703547
203,id38,428.5,76.0,vial4,26,29.895164625703547
204,id38,429.0,74.0,vial4,26,29.895164625703547
205,id38,429.0,71.5,vial4,26,29.895164625703547
206,id38,429.0,69.0,vial4,26,29.895164625703547
207,id38,429.0,66.0,vial4,26,29.895164625703547
208,id38,429.0,64.0,vial4,26,29.895164625703547
209,id38,429.0,61.5,vial4,26,29.895164625703547
210,id38,428.0,59.0,vial4,26,29.895164625703547
211,id38,429.0,56.5,vial4,26,29.895164625703547
212,id38,429.5,55.0,vial4,26,29.895164625703547
213,id38,430.5,52.5,vial4,26,29.895164625703547
214,id38,431.5,51.5,vial4,26,29.895164625703547
215,id38,433.0,49.5,vial4,26,29.895164625703547
216,id38,434.0,48.5,vial4,26,29.895164625703547
217,id38,434.5,47.5,vial4,26,29.895164625703547
218,id38,434.5,46.0,vial4,26,29.895164625703547
219,id38,435.0,44.0,vial4,26,29.895164625703547
220,id38,435.0,42.5,vial4,26,29.895164625703547
221,id38,434.5,40.5,vial4,26,29.895164625703547
222,id38,433.5,40.0,vial4,26,29.895164625703547
223,id38,433.5,39.0,vial4,26,29.895164625703547
224,id38,432.5,37.0,vial4,26,29.895164625703547
225,id38,432.5,36.0,vial4,26,29.895164625703547
226,id38,431.5,35.0,vial4,26,29.895164625703547
227,id38,430.5,33.0,vial4,26,29.895164625703547
228,id38,429.5,31.5,vial4,26,29.895164625703547
229,id38,428.5,30.5,vial4,26,29.895164625703547
230,id38,427.5,29.0,vial4,26,29.895164625703547
231,id38,426.0,27.5,vial4,26,29.895164625703547
232,id38,425.0,25.5,vial4,26,29.895164625703547
233,id38,424.0,24.5,vial4,26,29.895164625703547
234,id38,422.5,23.5,vial4,26,29.895164625703547
235,id38,421.0,22.0,vial4,26,29.895164625703547
236,id38,419.0,20.5,vial4,26,29.895164625703547
237,id38,417.5,19.0,vial4,26,29.895164625703547
238,id38,415.5,18.0,vial4,26,29.895164625703547
239,id38,413.5,17.0,vial4,26,29.895164625703547
240,id38,411.5,16.0,vial4,26,29.895164625703547
241,id38,410.0,15.5,vial4,26,29.895164625703547
242,id38,408.0,14.5,vial4,26,29.895164625703547
243,id38,406.0,14.0,vial4,26,29.895164625703547
244,id38,403.5,13.5,vial4,26,29.895164625703547
245,id38,402.0,13.5,vial4,26,29.895164625703547
246,id38,401.0,13.0,vial4,26,29.895164625703547
247,id38,399.0,12.5,vial4,26,29.895164625703547
248,id38,398.0,11.5,vial4,26,29.895164625703547
249,id38,396.0,11.5,vial4,26,29.895164625703547
25,id39,280.5,348.5,vial3,21,29.895164625703547
26,id39,279.5,348.5,vial3,21,29.895164625703547
27,id39,279.5,348.5,vial3,21,29.895164625703547
28,id39,278.0,348.5,vial3,21,29.895164625703547
29,id39,277.0,348.5,vial3,21,29.895164625703547
30,id39,277.0,348.5,vial3,21,29.895164625703547
31,id39,277.0,348.5,vial3,21,29.895164625703547
32,id39,277.0,348.5,vial3,21,29.895164625703547
33,id39,277.0,348.5,vial3,21,29.895164625703547
34,id39,277.0,348.5,vial3,21,29.895164625703547
35,id39,275.5,348.5,vial3,21,29.895164625703547
36,id39,275.0,348.5,vial3,21,29.895164625703547
37,id39,274.5,349.0,vial3,21,29.895164625703547
38,id39,274.0,349.0,vial3,21,29.895164625703547
39,id39,273.5,349.0,vial3,21,29.895164625703547
40,id39,273.5,349.0,vial3,21,29.895164625703547
41,id39,272.5,349.0,vial3,21,29.895164625703547
42,id39,273.0,349.0,vial3,21,29.895164625703547
43,id39,273.0,349.5,vial3,21,29.895164625703547
44,id39,274.0,349.5,vial3,21,29.895164625703547
45,id39,274.5,349.5,vial3,21,29.895164625703547
46,id39,275.5,349.5,vial3,21,29.895164625703547
47,id39,276.0,349.5,vial3,21,29.895164625703547
48,id39,275.5,349.5,vial3,21,29.895164625703547
49,id39,276.5,349.5,vial3,21,29.895164625703547
50,id39,276.5,349.5,vial3,21,29.895164625703547
51,id39,277.0,349.5,vial3,21,29.895164625703547
52,id39,277.5,349.5,vial3,21,29.895164625703547
53,id39,277.5,349.5,vial3,21,29.895164625703547
54,id39,278.5,349.0,vial3,21,29.895164625703547
55,id39,279.5,349.0,vial3,21,29.895164625703547
56,id39,280.0,349.0,vial3,21,29.895164625703547
57,id39,280.0,349.0,vial3,21,29.895164625703547
58,id39,281.0,348.5,vial3,21,29.895164625703547
59,id39,281.0,348.5,vial3,21,29.895164625703547
60,id39,282.0,349.0,vial3,21,29.895164625703547
61,id39,282.0,349.0,vial3,21,29.895164625703547
62,id39,282.5,349.0,vial3,21,29.895164625703547
63,id39,283.0,349.0,vial3,21,29.895164625703547
64,id39,284.0,349.5,vial3,21,29.895164625703547
65,id39,284.0,349.5,vial3,21,29.895164625703547
66,id39,284.0,349.5,vial3,21,29.895164625703547
67,id39,283.5,349.5,vial3,21,29.895164625703547
68,id39,283.0,349.5,vial3,21,29.895164625703547
69,id39,282.5,349.5,vial3,21,29.895164625703547
70,id39,282.0,349.5,vial3,21,29.895164625703547
71,id39,282.0,349.5,vial3,21,29.895164625703547
72,id39,282.0,350.5,vial3,21,29.895164625703547
73,id39,282.0,350.5,vial3,21,29.895164625703547
74,id39,282.0,350.5,vial3,21,29.895164625703547
75,id39,282.0,350.0,vial3,21,29.895164625703547
76,id39,282.0,350.5,vial3,21,29.895164625703547
77,id39,282.0,350.5,vial3,21,29.895164625703547
78,id39,282.0,350.0,vial3,21,29.895164625703547
79,id39,282.5,320.5,vial3,21,29.895164625703547
80,id39,283.5,327.0,vial3,21,29.895164625703547
81,id39,289.5,337.0,vial3,21,29.895164625703547
82,id39,296.0,347.5,vial3,21,29.895164625703547
83,id39,296.0,350.0,vial3,21,29.895164625703547
84,id39,295.5,350.5,vial3,21,29.895164625703547
85,id39,295.5,350.5,vial3,21,29.895164625703547
86,id39,296.0,350.0,vial3,21,29.895164625703547
87,id39,295.5,349.5,vial3,21,29.895164625703547
88,id39,295.5,350.0,vial3,21,29.895164625703547
89,id39,294.5,349.5,vial3,21,29.895164625703547
90,id39,294.5,349.5,vial3,21,29.895164625703547
91,id39,294.5,349.5,vial3,21,29.895164625703547
92,id39,295.5,349.0,vial3,21,29.895164625703547
93,id39,294.5,348.5,vial3,21,29.895164625703547
94,id39,295.5,348.0,vial3,21,29.895164625703547
95,id39,295.5,348.0,vial3,21,29.895164625703547
96,id39,295.5,347.5,vial3,21,29.895164625703547
97,id39,295.5,346.5,vial3,21,29.895164625703547
98,id39,295.5,344.5,vial3,21,29.895164625703547
99,id39,295.5,343.5,vial3,21,29.895164625703547
100,id39,295.5,342.5,vial3,21,29.895164625703547
101,id39,295.5,340.5,vial3,21,29.895164625703547
102,id39,294.5,339.0,vial3,21,29.895164625703547
103,id39,294.5,337.5,vial3,21,29.895164625703547
104,id39,294.5,337.0,vial3,21,29.895164625703547
105,id39,293.5,335.5,vial3,21,29.895164625703547
106,id39,293.5,334.0,vial3,21,29.895164625703547
107,id39,293.5,333.5,vial3,21,29.895164625703547
108,id39,293.5,332.5,vial3,21,29.895164625703547
109,id39,292.5,331.5,vial3,21,29.895164625703547
110,id39,292.5,330.5,vial3,21,29.895164625703547
111,id39,292.5,329.0,vial3,21,29.895164625703547
112,id39,292.5,328.5,vial3,21,29.895164625703547
113,id39,292.5,327.5,vial3,21,29.895164625703547
114,id39,293.0,327.0,vial3,21,29.895164625703547
115,id39,293.5,326.0,vial3,21,29.895164625703547
116,id39,293.5,325.0,vial3,21,29.895164625703547
117,id39,293.0,325.0,vial3,21,29.895164625703547
118,id39,293.0,323.5,vial3,21,29.895164625703547
119,id39,292.5,322.5,vial3,21,29.895164625703547
120,id39,292.5,322.0,vial3,21,29.895164625703547
121,id39,292.5,320.5,vial3,21,29.895164625703547
122,id39,292.5,319.5,vial3,21,29.895164625703547
123,id39,291.0,318.0,vial3,21,29.895164625703547
124,id39,290.5,316.5,vial3,21,29.895164625703547
125,id39,289.0,316.5,vial3,21,29.895164625703547
126,id39,288.0,316.0,vial3,21,29.895164625703547
127,id39,288.5,316.0,vial3,21,29.895164625703547
128,id39,288.5,316.0,vial3,21,29.895164625703547
129,id39,289.0,316.5,vial3,21,29.895164625703547
130,id39,290.0,317.0,vial3,21,29.895164625703547
131,id39,290.0,317.0,vial3,21,29.895164625703547
132,id39,290.5,317.0,vial3,21,29.895164625703547
133,id39,291.0,317.0,vial3,21,29.895164625703547
134,id39,291.0,317.0,vial3,21,29.895164625703547
135,id39,291.5,316.5,vial3,21,29.895164625703547
136,id39,291.5,316.5,vial3,21,29.895164625703547
137,id39,291.0,316.0,vial3,21,29.895164625703547
138,id39,291.5,316.5,vial3,21,29.895164625703547
139,id39,291.5,315.5,vial3,21,29.895164625703547
140,id39,292.5,314.5,vial3,21,29.895164625703547
141,id39,292.5,314.5,vial3,21,29.895164625703547
142,id39,293.5,313.0,vial3,21,29.895164625703547
143,id39,293.5,312.5,vial3,21,29.895164625703547
144,id39,294.0,311.5,vial3,21,29.895164625703547
145,id39,294.0,311.5,vial3,21,29.895164625703547
146,id39,294.0,311.0,vial3,21,29.895164625703547
147,id39,284.0,291.0,vial3,21,29.895164625703547
148,id39,268.5,263.5,vial3,21,29.895164625703547
149,id39,277.0,244.0,vial3,21,29.895164625703547
150,id39,294.5,233.5,vial3,21,29.895164625703547
151,id39,302.5,256.0,vial3,21,29.895164625703547
152,id39,312.5,293.0,vial3,21,29.895164625703547
153,id39,312.0,293.0,vial3,21,29.895164625703547
154,id39,312.0,293.0,vial3,21,29.895164625703547
155,id39,312.0,293.0,vial3,21,29.895164625703547
156,id39,312.0,293.0,vial3,21,29.895164625703547
157,id39,312.0,293.0,vial3,21,29.895164625703547
158,id39,312.0,293.0,vial3,21,29.895164625703547
159,id39,312.0,292.5,vial3,21,29.895164625703547
160,id39,312.0,292.5,vial3,21,29.895164625703547
161,id39,311.0,292.0,vial3,21,29.895164625703547
162,id39,311.0,292.0,vial3,21,29.895164625703547
163,id39,311.0,292.0,vial3,21,29.895164625703547
164,id39,311.0,292.0,vial3,21,29.895164625703547
165,id39,311.0,292.0,vial3,21,29.895164625703547
166,id39,311.0,292.0,vial3,21,29.895164625703547
167,id39,310.5,292.0,vial3,21,29.895164625703547
168,id39,311.0,292.0,vial3,21,29.895164625703547
169,id39,311.0,292.0,vial3,21,29.895164625703547
170,id39,311.0,292.0,vial3,21,29.895164625703547
171,id39,311.0,292.0,vial3,21,29.895164625703547
172,id39,311.0,292.0,vial3,21,29.895164625703547
173,id39,311.0,292.0,vial3,21,29.895164625703547
174,id39,311.0,292.0,vial3,21,29.895164625703547
175,id39,311.0,292.0,vial3,21,29.895164625703547
176,id39,311.0,292.0,vial3,21,29.895164625703547
177,id39,311.0,292.0,vial3,21,29.895164625703547
178,id39,311.0,292.0,vial3,21,29.895164625703547
179,id39,311.0,292.0,vial3,21,29.895164625703547
180,id39,311.0,292.0,vial3,21,29.895164625703547
181,id39,311.0,292.0,vial3,21,29.895164625703547
182,id39,311.0,292.0,vial3,21,29.895164625703547
183,id39,311.0,292.0,vial3,21,29.895164625703547
184,id39,311.0,292.0,vial3,21,29.895164625703547
185,id39,311.0,292.0,vial3,21,29.895164625703547
186,id39,311.0,292.0,vial3,21,29.895164625703547
187,id39,311.0,292.0,vial3,21,29.895164625703547
188,id39,311.0,292.0,vial3,21,29.895164625703547
189,id39,311.0,292.0,vial3,21,29.895164625703547
190,id39,311.0,292.0,vial3,21,29.895164625703547
191,id39,311.0,292.0,vial3,21,29.895164625703547
192,id39,311.0,292.0,vial3,21,29.895164625703547
193,id39,296.5,284.0,vial3,21,29.895164625703547
194,id39,285.5,263.0,vial3,21,29.895164625703547
195,id39,295.5,246.5,vial3,21,29.895164625703547
196,id39,307.0,224.0,vial3,21,29.895164625703547
197,id39,301.0,203.0,vial3,21,29.895164625703547
198,id39,276.0,184.0,vial3,21,29.895164625703547
199,id39,268.5,177.5,vial3,21,29.895164625703547
200,id39,272.5,187.5,vial3,21,29.895164625703547
201,id39,272.5,189.0,vial3,21,29.895164625703547
202,id39,272.5,188.5,vial3,21,29.895164625703547
203,id39,272.5,188.5,vial3,21,29.895164625703547
204,id39,272.5,188.5,vial3,21,29.895164625703547
205,id39,272.5,188.0,vial3,21,29.895164625703547
206,id39,272.5,188.0,vial3,21,29.895164625703547
207,id39,273.5,187.5,vial3,21,29.895164625703547
208,id39,273.5,187.5,vial3,21,29.895164625703547
209,id39,273.5,186.5,vial3,21,29.895164625703547
210,id39,273.5,186.5,vial3,21,29.895164625703547
211,id39,273.5,186.0,vial3,21,29.895164625703547
212,id39,274.0,185.5,vial3,21,29.895164625703547
213,id39,274.5,184.5,vial3,21,29.895164625703547
214,id39,275.5,184.0,vial3,21,29.895164625703547
215,id39,276.0,183.5,vial3,21,29.895164625703547
216,id39,276.5,183.0,vial3,21,29.895164625703547
217,id39,277.5,183.0,vial3,21,29.895164625703547
218,id39,277.5,182.5,vial3,21,29.895164625703547
219,id39,277.5,182.5,vial3,21,29.895164625703547
220,id39,277.5,183.0,vial3,21,29.895164625703547
221,id39,278.0,182.5,vial3,21,29.895164625703547
222,id39,279.5,182.0,vial3,21,29.895164625703547
223,id39,282.0,182.0,vial3,21,29.895164625703547
224,id39,283.5,182.5,vial3,21,29.895164625703547
225,id39,284.5,183.0,vial3,21,29.895164625703547
226,id39,285.0,183.0,vial3,21,29.895164625703547
227,id39,286.0,183.0,vial3,21,29.895164625703547
228,id39,286.5,183.0,vial3,21,29.895164625703547
229,id39,287.5,183.5,vial3,21,29.895164625703547
230,id39,288.0,183.5,vial3,21,29.895164625703547
231,id39,288.5,183.5,vial3,21,29.895164625703547
232,id39,288.5,183.5,vial3,21,29.895164625703547
233,id39,288.5,183.5,vial3,21,29.895164625703547
234,id39,289.0,183.5,vial3,21,29.895164625703547
235,id39,289.0,183.5,vial3,21,29.895164625703547
236,id39,289.0,183.5,vial3,21,29.895164625703547
237,id39,289.5,184.0,vial3,21,29.895164625703547
238,id39,290.5,184.5,vial3,21,29.895164625703547
239,id39,291.0,185.5,vial3,21,29.895164625703547
240,id39,292.0,186.5,vial3,21,29.895164625703547
241,id39,291.5,186.5,vial3,21,29.895164625703547
242,id39,292.0,187.5,vial3,21,29.895164625703547
243,id39,292.5,188.0,vial3,21,29.895164625703547
244,id39,292.5,188.5,vial3,21,29.895164625703547
245,id39,292.5,188.5,vial3,21,29.895164625703547
246,id39,292.5,188.5,vial3,21,29.895164625703547
247,id39,292.5,188.5,vial3,21,29.895164625703547
248,id39,293.0,188.5,vial3,21,29.895164625703547
249,id39,293.0,188.5,vial3,21,29.895164625703547
250,id39,292.5,188.5,vial3,21,29.895164625703547
251,id39,292.5,188.5,vial3,21,29.895164625703547
252,id39,293.0,188.5,vial3,21,29.895164625703547
253,id39,293.0,188.5,vial3,21,29.895164625703547
254,id39,293.5,188.5,vial3,21,29.895164625703547
255,id39,295.0,189.0,vial3,21,29.895164625703547
256,id39,295.5,189.5,vial3,21,29.895164625703547
257,id39,296.0,189.5,vial3,21,29.895164625703547
258,id39,297.0,189.0,vial3,21,29.895164625703547
259,id39,298.0,190.0,vial3,21,29.895164625703547
260,id39,299.5,190.0,vial3,21,29.895164625703547
261,id39,299.5,190.0,vial3,21,29.895164625703547
262,id39,300.0,190.0,vial3,21,29.895164625703547
263,id39,301.0,190.0,vial3,21,29.895164625703547
264,id39,301.5,190.0,vial3,21,29.895164625703547
265,id39,302.5,190.0,vial3,21,29.895164625703547
266,id39,303.0,190.0,vial3,21,29.895164625703547
267,id39,303.0,190.0,vial3,21,29.895164625703547
268,id39,304.0,190.0,vial3,21,29.895164625703547
269,id39,305.0,190.0,vial3,21,29.895164625703547
270,id39,305.5,190.0,vial3,21,29.895164625703547
271,id39,306.0,190.0,vial3,21,29.895164625703547
272,id39,306.5,190.0,vial3,21,29.895164625703547
273,id39,306.5,190.0,vial3,21,29.895164625703547
274,id39,307.0,190.0,vial3,21,29.895164625703547
275,id39,307.0,190.0,vial3,21,29.895164625703547
276,id39,307.5,190.0,vial3,21,29.895164625703547
277,id39,307.0,190.0,vial3,21,29.895164625703547
278,id39,307.0,190.0,vial3,21,29.895164625703547
279,id39,307.0,190.0,vial3,21,29.895164625703547
280,id39,306.5,190.5,vial3,21,29.895164625703547
281,id39,306.5,191.0,vial3,21,29.895164625703547
282,id39,307.0,191.0,vial3,21,29.895164625703547
283,id39,307.5,191.5,vial3,21,29.895164625703547
284,id39,307.5,192.0,vial3,21,29.895164625703547
285,id39,308.0,192.5,vial3,21,29.895164625703547
286,id39,308.0,193.0,vial3,21,29.895164625703547
287,id39,308.0,193.0,vial3,21,29.895164625703547
288,id39,308.0,193.0,vial3,21,29.895164625703547
289,id39,308.0,193.0,vial3,21,29.895164625703547
290,id39,308.0,193.0,vial3,21,29.895164625703547
291,id39,308.0,193.0,vial3,21,29.895164625703547
292,id39,303.5,191.5,vial3,21,29.895164625703547
293,id39,282.0,182.5,vial3,21,29.895164625703547
294,id39,292.0,183.0,vial3,21,29.895164625703547
295,id39,292.5,182.0,vial3,21,29.895164625703547
296,id39,292.0,182.5,vial3,21,29.895164625703547
297,id39,292.5,182.5,vial3,21,29.895164625703547
298,id39,292.0,181.5,vial3,21,29.895164625703547
299,id39,291.5,181.5,vial3,21,29.895164625703547
300,id39,291.5,181.0,vial3,21,29.895164625703547
301,id39,292.0,180.5,vial3,21,29.895164625703547
302,id39,292.0,179.5,vial3,21,29.895164625703547
303,id39,292.0,178.5,vial3,21,29.895164625703547
304,id39,291.5,177.5,vial3,21,29.895164625703547
305,id39,291.5,175.5,vial3,21,29.895164625703547
306,id39,291.5,174.5,vial3,21,29.895164625703547
307,id39,291.0,173.5,vial3,21,29.895164625703547
308,id39,291.0,172.5,vial3,21,29.895164625703547
309,id39,290.5,171.5,vial3,21,29.895164625703547
310,id39,290.5,170.5,vial3,21,29.895164625703547
311,id39,290.0,169.5,vial3,21,29.895164625703547
312,id39,289.5,168.5,vial3,21,29.895164625703547
313,id39,289.5,168.5,vial3,21,29.895164625703547
314,id39,289.5,166.5,vial3,21,29.895164625703547
315,id39,288.5,165.5,vial3,21,29.895164625703547
316,id39,288.5,164.5,vial3,21,29.895164625703547
317,id39,288.0,162.5,vial3,21,29.895164625703547
318,id39,287.5,161.5,vial3,21,29.895164625703547
319,id39,287.5,160.5,vial3,21,29.895164625703547
320,id39,287.0,160.0,vial3,21,29.895164625703547
321,id39,287.0,159.5,vial3,21,29.895164625703547
322,id39,287.0,159.0,vial3,21,29.895164625703547
323,id39,287.0,159.0,vial3,21,29.895164625703547
324,id39,287.0,159.0,vial3,21,29.895164625703547
325,id39,287.0,159.0,vial3,21,29.895164625703547
326,id39,287.0,159.0,vial3,21,29.895164625703547
327,id39,286.5,158.5,vial3,21,29.895164625703547
328,id39,286.5,158.5,vial3,21,29.895164625703547
329,id39,282.5,148.0,vial3,21,29.895164625703547
330,id39,262.0,127.0,vial3,21,29.895164625703547
331,id39,259.0,111.5,vial3,21,29.895164625703547
332,id39,266.0,97.5,vial3,21,29.895164625703547
333,id39,270.0,84.5,vial3,21,29.895164625703547
334,id39,273.5,83.0,vial3,21,29.895164625703547
335,id39,273.5,83.0,vial3,21,29.895164625703547
336,id39,273.5,82.0,vial3,21,29.895164625703547
337,id39,274.5,82.0,vial3,21,29.895164625703547
338,id39,274.5,81.0,vial3,21,29.895164625703547
339,id39,276.0,80.0,vial3,21,29.895164625703547
340,id39,276.5,79.0,vial3,21,29.895164625703547
341,id39,277.5,78.0,vial3,21,29.895164625703547
342,id39,278.5,77.0,vial3,21,29.895164625703547
343,id39,280.5,76.0,vial3,21,29.895164625703547
344,id39,282.0,74.5,vial3,21,29.895164625703547
345,id39,284.0,73.5,vial3,21,29.895164625703547
346,id39,285.0,73.5,vial3,21,29.895164625703547
347,id39,286.0,73.5,vial3,21,29.895164625703547
348,id39,287.5,73.5,vial3,21,29.895164625703547
349,id39,289.0,72.5,vial3,21,29.895164625703547
350,id39,291.0,71.5,vial3,21,29.895164625703547
351,id39,292.0,71.5,vial3,21,29.895164625703547
352,id39,294.0,70.5,vial3,21,29.895164625703547
353,id39,295.0,70.5,vial3,21,29.895164625703547
354,id39,297.0,70.0,vial3,21,29.895164625703547
355,id39,299.0,70.0,vial3,21,29.895164625703547
356,id39,300.5,70.0,vial3,21,29.895164625703547
357,id39,302.5,70.0,vial3,21,29.895164625703547
358,id39,304.0,69.0,vial3,21,29.895164625703547
359,id39,305.0,69.0,vial3,21,29.895164625703547
360,id39,307.0,69.0,vial3,21,29.895164625703547
361,id39,308.0,68.5,vial3,21,29.895164625703547
362,id39,308.5,68.0,vial3,21,29.895164625703547
363,id39,309.5,68.0,vial3,21,29.895164625703547
364,id39,311.5,67.0,vial3,21,29.895164625703547
365,id39,312.5,66.5,vial3,21,29.895164625703547
366,id39,313.5,66.0,vial3,21,29.895164625703547
367,id39,314.5,65.5,vial3,21,29.895164625703547
368,id39,315.0,65.0,vial3,21,29.895164625703547
369,id39,316.0,64.0,vial3,21,29.895164625703547
370,id39,317.0,63.5,vial3,21,29.895164625703547
371,id39,318.0,62.0,vial3,21,29.895164625703547
372,id39,318.5,60.0,vial3,21,29.895164625703547
373,id39,319.0,59.0,vial3,21,29.895164625703547
374,id39,319.5,58.0,vial3,21,29.895164625703547
375,id39,319.5,56.5,vial3,21,29.895164625703547
376,id39,320.0,55.0,vial3,21,29.895164625703547
377,id39,320.5,53.5,vial3,21,29.895164625703547
378,id39,320.5,51.5,vial3,21,29.895164625703547
379,id39,320.5,50.0,vial3,21,29.895164625703547
380,id39,320.5,48.5,vial3,21,29.895164625703547
381,id39,320.5,47.0,vial3,21,29.895164625703547
0,id4,267.0,349.5,vial3,19,29.895164625703547
1,id4,267.0,350.0,vial3,19,29.895164625703547
2,id4,268.5,350.0,vial3,19,29.895164625703547
3,id4,269.0,350.0,vial3,19,29.895164625703547
4,id4,269.0,350.0,vial3,19,29.895164625703547
5,id4,271.5,350.0,vial3,19,29.895164625703547
6,id4,270.5,349.5,vial3,19,29.895164625703547
7,id4,269.5,349.5,vial3,19,29.895164625703547
8,id4,270.5,349.0,vial3,19,29.895164625703547
9,id4,270.5,349.0,vial3,19,29.895164625703547
10,id4,270.0,349.0,vial3,19,29.895164625703547
11,id4,270.5,349.0,vial3,19,29.895164625703547
12,id4,270.5,349.5,vial3,19,29.895164625703547
13,id4,270.0,349.5,vial3,19,29.895164625703547
14,id4,269.0,349.5,vial3,19,29.895164625703547
15,id4,268.5,350.0,vial3,19,29.895164625703547
16,id4,267.5,350.0,vial3,19,29.895164625703547
17,id4,266.0,350.0,vial3,19,29.895164625703547
18,id4,265.0,349.5,vial3,19,29.895164625703547
19,id4,263.0,349.5,vial3,19,29.895164625703547
20,id4,261.0,349.0,vial3,19,29.895164625703547
21,id4,259.0,349.5,vial3,19,29.895164625703547
22,id4,256.0,349.5,vial3,19,29.895164625703547
23,id4,256.0,349.5,vial3,19,29.895164625703547
24,id4,255.0,349.5,vial3,19,29.895164625703547
25,id4,254.0,350.0,vial3,19,29.895164625703547
26,id4,254.5,350.0,vial3,19,29.895164625703547
27,id4,255.5,349.5,vial3,19,29.895164625703547
28,id4,255.5,350.0,vial3,19,29.895164625703547
29,id4,255.0,350.0,vial3,19,29.895164625703547
30,id4,255.0,350.0,vial3,19,29.895164625703547
31,id4,254.0,350.5,vial3,19,29.895164625703547
32,id4,254.0,350.5,vial3,19,29.895164625703547
33,id4,255.0,350.0,vial3,19,29.895164625703547
34,id4,255.5,350.0,vial3,19,29.895164625703547
35,id4,256.0,350.5,vial3,19,29.895164625703547
36,id4,256.0,351.0,vial3,19,29.895164625703547
37,id4,256.5,351.0,vial3,19,29.895164625703547
38,id4,257.0,351.0,vial3,19,29.895164625703547
39,id4,258.0,351.5,vial3,19,29.895164625703547
40,id4,259.0,351.5,vial3,19,29.895164625703547
41,id4,260.0,351.5,vial3,19,29.895164625703547
42,id4,262.0,351.5,vial3,19,29.895164625703547
43,id4,263.0,351.5,vial3,19,29.895164625703547
44,id4,265.0,351.5,vial3,19,29.895164625703547
45,id4,266.5,351.5,vial3,19,29.895164625703547
46,id4,268.5,352.0,vial3,19,29.895164625703547
47,id4,269.5,351.5,vial3,19,29.895164625703547
48,id4,270.0,351.5,vial3,19,29.895164625703547
49,id4,270.0,351.5,vial3,19,29.895164625703547
50,id4,270.0,351.5,vial3,19,29.895164625703547
51,id4,269.5,351.5,vial3,19,29.895164625703547
52,id4,269.5,352.0,vial3,19,29.895164625703547
53,id4,269.5,351.5,vial3,19,29.895164625703547
54,id4,269.5,352.0,vial3,19,29.895164625703547
55,id4,269.0,351.5,vial3,19,29.895164625703547
56,id4,270.0,352.0,vial3,19,29.895164625703547
57,id4,270.5,352.0,vial3,19,29.895164625703547
59,id4,270.0,352.0,vial3,19,29.895164625703547
60,id4,270.0,351.5,vial3,19,29.895164625703547
61,id4,270.0,352.0,vial3,19,29.895164625703547
62,id4,270.5,351.5,vial3,19,29.895164625703547
63,id4,270.5,351.5,vial3,19,29.895164625703547
64,id4,270.5,351.5,vial3,19,29.895164625703547
65,id4,270.5,351.5,vial3,19,29.895164625703547
66,id4,270.5,351.5,vial3,19,29.895164625703547
67,id4,271.0,351.5,vial3,19,29.895164625703547
68,id4,271.0,351.5,vial3,19,29.895164625703547
69,id4,271.0,351.0,vial3,19,29.895164625703547
70,id4,267.5,351.0,vial3,19,29.895164625703547
71,id4,267.5,351.5,vial3,19,29.895164625703547
72,id4,267.5,351.0,vial3,19,29.895164625703547
73,id4,268.0,351.5,vial3,19,29.895164625703547
74,id4,268.0,351.5,vial3,19,29.895164625703547
75,id4,267.0,351.0,vial3,19,29.895164625703547
76,id4,266.5,351.0,vial3,19,29.895164625703547
77,id4,266.5,351.0,vial3,19,29.895164625703547
78,id4,266.5,351.0,vial3,19,29.895164625703547
79,id4,265.5,351.0,vial3,19,29.895164625703547
80,id4,265.0,351.5,vial3,19,29.895164625703547
81,id4,265.0,351.5,vial3,19,29.895164625703547
82,id4,265.0,351.5,vial3,19,29.895164625703547
83,id4,265.0,351.5,vial3,19,29.895164625703547
84,id4,265.0,351.0,vial3,19,29.895164625703547
85,id4,265.0,351.0,vial3,19,29.895164625703547
86,id4,265.5,351.0,vial3,19,29.895164625703547
87,id4,265.0,351.0,vial3,19,29.895164625703547
88,id4,264.5,351.0,vial3,19,29.895164625703547
89,id4,264.5,351.0,vial3,19,29.895164625703547
90,id4,264.5,351.0,vial3,19,29.895164625703547
91,id4,264.5,351.0,vial3,19,29.895164625703547
92,id4,264.5,351.0,vial3,19,29.895164625703547
93,id4,264.5,351.0,vial3,19,29.895164625703547
94,id4,264.5,351.0,vial3,19,29.895164625703547
95,id4,264.5,350.5,vial3,19,29.895164625703547
96,id4,264.5,351.0,vial3,19,29.895164625703547
97,id4,264.0,351.0,vial3,19,29.895164625703547
99,id4,265.0,351.5,vial3,19,29.895164625703547
100,id4,265.0,351.5,vial3,19,29.895164625703547
101,id4,265.0,351.5,vial3,19,29.895164625703547
102,id4,265.0,351.5,vial3,19,29.895164625703547
103,id4,264.5,351.5,vial3,19,29.895164625703547
104,id4,264.5,351.5,vial3,19,29.895164625703547
105,id4,264.5,351.5,vial3,19,29.895164625703547
106,id4,264.5,351.5,vial3,19,29.895164625703547
107,id4,264.5,351.5,vial3,19,29.895164625703547
108,id4,264.5,351.5,vial3,19,29.895164625703547
109,id4,264.5,351.5,vial3,19,29.895164625703547
110,id4,264.5,351.5,vial3,19,29.895164625703547
111,id4,264.5,351.5,vial3,19,29.895164625703547
112,id4,264.5,351.5,vial3,19,29.895164625703547
113,id4,265.0,351.5,vial3,19,29.895164625703547
114,id4,265.0,351.5,vial3,19,29.895164625703547
115,id4,265.0,351.5,vial3,19,29.895164625703547
116,id4,264.5,351.5,vial3,19,29.895164625703547
117,id4,264.5,351.5,vial3,19,29.895164625703547
118,id4,265.0,351.5,vial3,19,29.895164625703547
119,id4,263.5,351.5,vial3,19,29.895164625703547
120,id4,262.5,351.5,vial3,19,29.895164625703547
121,id4,262.5,351.5,vial3,19,29.895164625703547
122,id4,262.5,351.5,vial3,19,29.895164625703547
123,id4,262.5,351.0,vial3,19,29.895164625703547
124,id4,262.5,351.0,vial3,19,29.895164625703547
125,id4,263.0,351.5,vial3,19,29.895164625703547
126,id4,263.0,351.5,vial3,19,29.895164625703547
127,id4,263.0,351.5,vial3,19,29.895164625703547
128,id4,263.5,351.5,vial3,19,29.895164625703547
129,id4,263.5,351.5,vial3,19,29.895164625703547
130,id4,264.5,351.5,vial3,19,29.895164625703547
131,id4,265.5,351.5,vial3,19,29.895164625703547
132,id4,267.0,351.5,vial3,19,29.895164625703547
133,id4,268.0,351.5,vial3,19,29.895164625703547
134,id4,268.5,352.0,vial3,19,29.895164625703547
135,id4,273.5,352.0,vial3,19,29.895164625703547
136,id4,274.0,352.0,vial3,19,29.895164625703547
137,id4,273.5,352.0,vial3,19,29.895164625703547
138,id4,270.5,352.0,vial3,19,29.895164625703547
139,id4,271.5,352.5,vial3,19,29.895164625703547
140,id4,272.0,352.5,vial3,19,29.895164625703547
141,id4,273.0,352.5,vial3,19,29.895164625703547
142,id4,273.0,352.5,vial3,19,29.895164625703547
143,id4,273.0,352.5,vial3,19,29.895164625703547
144,id4,270.0,352.5,vial3,19,29.895164625703547
145,id4,270.0,352.0,vial3,19,29.895164625703547
146,id4,270.0,352.0,vial3,19,29.895164625703547
147,id4,269.5,352.0,vial3,19,29.895164625703547
148,id4,269.5,352.5,vial3,19,29.895164625703547
149,id4,268.5,349.5,vial3,19,29.895164625703547
150,id4,291.0,351.5,vial3,19,29.895164625703547
151,id4,315.0,346.5,vial3,19,29.895164625703547
152,id4,311.0,351.5,vial3,19,29.895164625703547
153,id4,311.0,351.5,vial3,19,29.895164625703547
154,id4,311.0,351.5,vial3,19,29.895164625703547
155,id4,311.0,351.5,vial3,19,29.895164625703547
156,id4,311.0,352.0,vial3,19,29.895164625703547
157,id4,311.0,352.0,vial3,19,29.895164625703547
158,id4,311.0,352.0,vial3,19,29.895164625703547
159,id4,310.5,351.5,vial3,19,29.895164625703547
160,id4,310.5,352.0,vial3,19,29.895164625703547
161,id4,311.0,352.0,vial3,19,29.895164625703547
162,id4,311.0,352.0,vial3,19,29.895164625703547
163,id4,311.0,352.0,vial3,19,29.895164625703547
164,id4,310.5,351.5,vial3,19,29.895164625703547
165,id4,311.0,351.5,vial3,19,29.895164625703547
166,id4,311.0,351.5,vial3,19,29.895164625703547
167,id4,311.0,351.5,vial3,19,29.895164625703547
168,id4,311.5,351.5,vial3,19,29.895164625703547
169,id4,312.0,351.5,vial3,19,29.895164625703547
170,id4,312.0,351.5,vial3,19,29.895164625703547
171,id4,312.0,351.5,vial3,19,29.895164625703547
172,id4,312.0,351.5,vial3,19,29.895164625703547
173,id4,312.0,351.5,vial3,19,29.895164625703547
174,id4,312.0,351.5,vial3,19,29.895164625703547
175,id4,312.0,351.5,vial3,19,29.895164625703547
176,id4,311.0,352.0,vial3,19,29.895164625703547
177,id4,310.5,351.5,vial3,19,29.895164625703547
178,id4,309.5,351.0,vial3,19,29.895164625703547
179,id4,308.5,351.0,vial3,19,29.895164625703547
180,id4,307.0,351.5,vial3,19,29.895164625703547
181,id4,306.0,352.0,vial3,19,29.895164625703547
182,id4,305.0,352.0,vial3,19,29.895164625703547
183,id4,304.0,352.0,vial3,19,29.895164625703547
184,id4,302.0,352.0,vial3,19,29.895164625703547
185,id4,299.5,351.0,vial3,19,29.895164625703547
186,id4,297.5,351.0,vial3,19,29.895164625703547
187,id4,296.5,351.0,vial3,19,29.895164625703547
188,id4,295.5,351.0,vial3,19,29.895164625703547
189,id4,293.5,351.5,vial3,19,29.895164625703547
190,id4,291.5,351.5,vial3,19,29.895164625703547
191,id4,289.0,352.0,vial3,19,29.895164625703547
192,id4,289.0,351.5,vial3,19,29.895164625703547
193,id4,289.0,351.0,vial3,19,29.895164625703547
194,id4,289.5,351.0,vial3,19,29.895164625703547
195,id4,289.5,351.0,vial3,19,29.895164625703547
196,id4,290.5,351.5,vial3,19,29.895164625703547
197,id4,291.0,351.5,vial3,19,29.895164625703547
198,id4,291.5,351.5,vial3,19,29.895164625703547
199,id4,291.5,351.5,vial3,19,29.895164625703547
200,id4,292.0,351.5,vial3,19,29.895164625703547
201,id4,293.0,351.5,vial3,19,29.895164625703547
202,id4,294.5,351.0,vial3,19,29.895164625703547
203,id4,295.5,351.0,vial3,19,29.895164625703547
204,id4,297.0,351.0,vial3,19,29.895164625703547
205,id4,298.0,351.0,vial3,19,29.895164625703547
206,id4,300.0,351.0,vial3,19,29.895164625703547
207,id4,302.0,352.0,vial3,19,29.895164625703547
208,id4,304.5,351.5,vial3,19,29.895164625703547
209,id4,306.0,352.0,vial3,19,29.895164625703547
210,id4,307.5,351.5,vial3,19,29.895164625703547
211,id4,308.5,351.5,vial3,19,29.895164625703547
212,id4,309.0,351.5,vial3,19,29.895164625703547
213,id4,309.5,352.0,vial3,19,29.895164625703547
214,id4,309.5,352.0,vial3,19,29.895164625703547
215,id4,309.5,352.0,vial3,19,29.895164625703547
216,id4,309.0,351.0,vial3,19,29.895164625703547
217,id4,309.0,351.0,vial3,19,29.895164625703547
218,id4,309.0,351.0,vial3,19,29.895164625703547
219,id4,309.0,351.0,vial3,19,29.895164625703547
220,id4,309.0,351.5,vial3,19,29.895164625703547
221,id4,309.0,351.5,vial3,19,29.895164625703547
222,id4,309.0,351.0,vial3,19,29.895164625703547
223,id4,310.0,351.0,vial3,19,29.895164625703547
224,id4,310.0,351.5,vial3,19,29.895164625703547
225,id4,311.0,351.5,vial3,19,29.895164625703547
226,id4,311.0,351.5,vial3,19,29.895164625703547
227,id4,311.0,351.0,vial3,19,29.895164625703547
228,id4,311.0,351.0,vial3,19,29.895164625703547
229,id4,311.0,351.0,vial3,19,29.895164625703547
230,id4,311.0,351.0,vial3,19,29.895164625703547
231,id4,310.0,351.0,vial3,19,29.895164625703547
232,id4,310.0,351.0,vial3,19,29.895164625703547
233,id4,310.0,351.0,vial3,19,29.895164625703547
234,id4,315.5,342.5,vial3,19,29.895164625703547
235,id4,310.0,347.0,vial3,19,29.895164625703547
236,id4,298.5,345.5,vial3,19,29.895164625703547
237,id4,302.5,340.0,vial3,19,29.895164625703547
238,id4,302.5,339.0,vial3,19,29.895164625703547
239,id4,292.0,349.5,vial3,19,29.895164625703547
240,id4,285.0,346.5,vial3,19,29.895164625703547
241,id4,283.0,349.5,vial3,19,29.895164625703547
242,id4,282.5,350.0,vial3,19,29.895164625703547
243,id4,282.0,350.0,vial3,19,29.895164625703547
244,id4,282.0,350.0,vial3,19,29.895164625703547
245,id4,283.5,349.5,vial3,19,29.895164625703547
246,id4,284.5,349.5,vial3,19,29.895164625703547
247,id4,285.5,349.5,vial3,19,29.895164625703547
248,id4,286.5,349.0,vial3,19,29.895164625703547
249,id4,287.0,349.0,vial3,19,29.895164625703547
250,id4,287.0,349.0,vial3,19,29.895164625703547
251,id4,287.0,349.0,vial3,19,29.895164625703547
252,id4,286.5,349.0,vial3,19,29.895164625703547
253,id4,286.5,349.0,vial3,19,29.895164625703547
254,id4,287.0,349.0,vial3,19,29.895164625703547
255,id4,288.0,348.5,vial3,19,29.895164625703547
256,id4,288.5,348.5,vial3,19,29.895164625703547
257,id4,289.0,348.5,vial3,19,29.895164625703547
258,id4,289.0,349.5,vial3,19,29.895164625703547
259,id4,288.5,349.5,vial3,19,29.895164625703547
260,id4,287.5,349.5,vial3,19,29.895164625703547
261,id4,286.0,350.0,vial3,19,29.895164625703547
262,id4,285.0,349.5,vial3,19,29.895164625703547
263,id4,284.0,349.5,vial3,19,29.895164625703547
264,id4,282.0,349.5,vial3,19,29.895164625703547
265,id4,283.0,349.5,vial3,19,29.895164625703547
266,id4,283.5,350.0,vial3,19,29.895164625703547
267,id4,284.5,348.5,vial3,19,29.895164625703547
268,id4,286.0,349.0,vial3,19,29.895164625703547
269,id4,287.0,349.0,vial3,19,29.895164625703547
270,id4,288.0,349.0,vial3,19,29.895164625703547
271,id4,289.0,349.5,vial3,19,29.895164625703547
272,id4,290.0,350.0,vial3,19,29.895164625703547
273,id4,290.5,350.0,vial3,19,29.895164625703547
274,id4,291.0,350.0,vial3,19,29.895164625703547
275,id4,291.0,350.5,vial3,19,29.895164625703547
276,id4,291.5,350.5,vial3,19,29.895164625703547
277,id4,291.5,350.5,vial3,19,29.895164625703547
278,id4,291.5,350.5,vial3,19,29.895164625703547
279,id4,292.0,350.5,vial3,19,29.895164625703547
280,id4,292.0,350.5,vial3,19,29.895164625703547
281,id4,292.0,350.5,vial3,19,29.895164625703547
282,id4,292.0,350.5,vial3,19,29.895164625703547
283,id4,292.0,350.5,vial3,19,29.895164625703547
284,id4,292.0,350.5,vial3,19,29.895164625703547
285,id4,292.0,350.5,vial3,19,29.895164625703547
286,id4,292.0,350.5,vial3,19,29.895164625703547
287,id4,292.0,350.5,vial3,19,29.895164625703547
288,id4,291.5,350.5,vial3,19,29.895164625703547
289,id4,291.5,339.0,vial3,19,29.895164625703547
290,id4,297.0,299.0,vial3,19,29.895164625703547
291,id4,298.0,285.0,vial3,19,29.895164625703547
292,id4,302.5,297.0,vial3,19,29.895164625703547
293,id4,304.0,301.5,vial3,19,29.895164625703547
294,id4,304.0,302.0,vial3,19,29.895164625703547
295,id4,304.0,302.0,vial3,19,29.895164625703547
296,id4,304.0,302.0,vial3,19,29.895164625703547
297,id4,304.0,302.0,vial3,19,29.895164625703547
298,id4,304.0,302.0,vial3,19,29.895164625703547
299,id4,304.0,302.0,vial3,19,29.895164625703547
300,id4,304.0,302.0,vial3,19,29.895164625703547
301,id4,304.5,302.0,vial3,19,29.895164625703547
302,id4,304.0,301.0,vial3,19,29.895164625703547
303,id4,303.5,300.5,vial3,19,29.895164625703547
304,id4,303.0,300.5,vial3,19,29.895164625703547
305,id4,302.5,300.5,vial3,19,29.895164625703547
306,id4,301.5,300.0,vial3,19,29.895164625703547
307,id4,301.5,300.0,vial3,19,29.895164625703547
308,id4,301.5,300.0,vial3,19,29.895164625703547
309,id4,291.0,300.0,vial3,19,29.895164625703547
310,id4,253.0,302.5,vial3,19,29.895164625703547
311,id4,253.5,302.5,vial3,19,29.895164625703547
312,id4,253.5,302.5,vial3,19,29.895164625703547
313,id4,253.5,302.5,vial3,19,29.895164625703547
314,id4,253.5,302.5,vial3,19,29.895164625703547
315,id4,253.5,302.5,vial3,19,29.895164625703547
316,id4,253.5,302.5,vial3,19,29.895164625703547
317,id4,253.5,302.5,vial3,19,29.895164625703547
318,id4,253.5,303.0,vial3,19,29.895164625703547
319,id4,253.5,303.0,vial3,19,29.895164625703547
320,id4,253.0,303.0,vial3,19,29.895164625703547
321,id4,252.5,302.5,vial3,19,29.895164625703547
322,id4,252.5,303.5,vial3,19,29.895164625703547
323,id4,252.5,302.5,vial3,19,29.895164625703547
324,id4,252.5,302.5,vial3,19,29.895164625703547
325,id4,252.5,303.5,vial3,19,29.895164625703547
326,id4,252.0,306.5,vial3,19,29.895164625703547
327,id4,253.0,315.0,vial3,19,29.895164625703547
328,id4,258.0,344.5,vial3,19,29.895164625703547
329,id4,258.5,351.0,vial3,19,29.895164625703547
330,id4,259.0,350.5,vial3,19,29.895164625703547
331,id4,259.0,350.5,vial3,19,29.895164625703547
332,id4,259.0,350.5,vial3,19,29.895164625703547
333,id4,258.0,351.0,vial3,19,29.895164625703547
334,id4,257.0,351.0,vial3,19,29.895164625703547
335,id4,257.0,350.5,vial3,19,29.895164625703547
336,id4,256.0,350.5,vial3,19,29.895164625703547
337,id4,256.0,350.5,vial3,19,29.895164625703547
338,id4,256.0,350.5,vial3,19,29.895164625703547
339,id4,256.5,350.5,vial3,19,29.895164625703547
340,id4,256.5,350.5,vial3,19,29.895164625703547
341,id4,256.5,350.5,vial3,19,29.895164625703547
342,id4,256.5,350.5,vial3,19,29.895164625703547
343,id4,255.5,351.0,vial3,19,29.895164625703547
344,id4,255.5,351.0,vial3,19,29.895164625703547
345,id4,255.0,351.0,vial3,19,29.895164625703547
346,id4,255.0,351.0,vial3,19,29.895164625703547
347,id4,254.5,351.0,vial3,19,29.895164625703547
348,id4,255.0,351.0,vial3,19,29.895164625703547
349,id4,255.0,351.0,vial3,19,29.895164625703547
350,id4,255.0,351.0,vial3,19,29.895164625703547
351,id4,255.5,350.5,vial3,19,29.895164625703547
352,id4,255.5,350.5,vial3,19,29.895164625703547
353,id4,255.5,351.0,vial3,19,29.895164625703547
354,id4,255.5,351.0,vial3,19,29.895164625703547
355,id4,254.0,334.0,vial3,19,29.895164625703547
356,id4,258.0,326.0,vial3,19,29.895164625703547
357,id4,259.5,327.5,vial3,19,29.895164625703547
358,id4,258.5,336.0,vial3,19,29.895164625703547
359,id4,257.5,337.5,vial3,19,29.895164625703547
360,id4,257.5,338.5,vial3,19,29.895164625703547
361,id4,256.5,338.5,vial3,19,29.895164625703547
362,id4,255.5,337.0,vial3,19,29.895164625703547
363,id4,255.5,335.0,vial3,19,29.895164625703547
364,id4,255.0,334.5,vial3,19,29.895164625703547
365,id4,255.0,333.0,vial3,19,29.895164625703547
366,id4,254.5,332.5,vial3,19,29.895164625703547
367,id4,253.5,331.5,vial3,19,29.895164625703547
368,id4,253.5,330.5,vial3,19,29.895164625703547
369,id4,253.5,329.5,vial3,19,29.895164625703547
370,id4,253.5,328.5,vial3,19,29.895164625703547
371,id4,253.0,328.0,vial3,19,29.895164625703547
372,id4,252.5,328.0,vial3,19,29.895164625703547
373,id4,252.5,327.5,vial3,19,29.895164625703547
374,id4,252.5,327.5,vial3,19,29.895164625703547
375,id4,252.5,327.5,vial3,19,29.895164625703547
376,id4,252.5,327.0,vial3,19,29.895164625703547
377,id4,275.5,325.5,vial3,19,29.895164625703547
378,id4,287.5,325.5,vial3,19,29.895164625703547
379,id4,286.0,343.0,vial3,19,29.895164625703547
380,id4,288.5,350.0,vial3,19,29.895164625703547
381,id4,288.5,349.5,vial3,19,29.895164625703547
48,id40,533.0,349.0,vial5,29,29.895164625703547
49,id40,532.0,349.0,vial5,29,29.895164625703547
50,id40,531.0,349.0,vial5,29,29.895164625703547
51,id40,530.0,349.5,vial5,29,29.895164625703547
52,id40,530.0,349.5,vial5,29,29.895164625703547
53,id40,530.0,348.5,vial5,29,29.895164625703547
54,id40,531.0,347.5,vial5,29,29.895164625703547
55,id40,529.0,347.5,vial5,29,29.895164625703547
56,id40,527.5,348.5,vial5,29,29.895164625703547
57,id40,526.0,349.0,vial5,29,29.895164625703547
58,id40,525.0,349.5,vial5,29,29.895164625703547
59,id40,524.5,349.0,vial5,29,29.895164625703547
60,id40,524.5,349.0,vial5,29,29.895164625703547
61,id40,524.5,349.0,vial5,29,29.895164625703547
62,id40,524.5,349.0,vial5,29,29.895164625703547
63,id40,524.5,349.0,vial5,29,29.895164625703547
64,id40,524.5,348.0,vial5,29,29.895164625703547
65,id40,525.0,348.0,vial5,29,29.895164625703547
66,id40,524.5,348.0,vial5,29,29.895164625703547
67,id40,524.5,348.0,vial5,29,29.895164625703547
68,id40,524.5,348.0,vial5,29,29.895164625703547
69,id40,523.0,349.0,vial5,29,29.895164625703547
70,id40,522.5,349.0,vial5,29,29.895164625703547
71,id40,522.5,349.0,vial5,29,29.895164625703547
72,id40,520.0,349.5,vial5,29,29.895164625703547
73,id40,519.0,350.0,vial5,29,29.895164625703547
74,id40,517.5,350.0,vial5,29,29.895164625703547
75,id40,517.0,350.0,vial5,29,29.895164625703547
76,id40,517.0,350.0,vial5,29,29.895164625703547
77,id40,517.0,350.0,vial5,29,29.895164625703547
78,id40,517.0,350.0,vial5,29,29.895164625703547
79,id40,518.0,350.0,vial5,29,29.895164625703547
80,id40,519.0,350.0,vial5,29,29.895164625703547
81,id40,520.0,350.5,vial5,29,29.895164625703547
82,id40,521.5,350.0,vial5,29,29.895164625703547
83,id40,522.5,349.5,vial5,29,29.895164625703547
84,id40,524.0,349.5,vial5,29,29.895164625703547
85,id40,526.0,349.0,vial5,29,29.895164625703547
86,id40,528.0,349.0,vial5,29,29.895164625703547
87,id40,529.0,348.5,vial5,29,29.895164625703547
88,id40,532.5,348.0,vial5,29,29.895164625703547
89,id40,533.5,347.5,vial5,29,29.895164625703547
90,id40,534.5,349.0,vial5,29,29.895164625703547
91,id40,535.5,347.5,vial5,29,29.895164625703547
92,id40,537.0,349.5,vial5,29,29.895164625703547
93,id40,537.5,349.5,vial5,29,29.895164625703547
94,id40,537.5,349.5,vial5,29,29.895164625703547
95,id40,537.5,349.5,vial5,29,29.895164625703547
96,id40,537.5,349.5,vial5,29,29.895164625703547
97,id40,536.5,349.5,vial5,29,29.895164625703547
98,id40,537.0,348.5,vial5,29,29.895164625703547
99,id40,537.0,348.5,vial5,29,29.895164625703547
100,id40,538.0,348.5,vial5,29,29.895164625703547
101,id40,538.0,348.5,vial5,29,29.895164625703547
102,id40,538.0,348.5,vial5,29,29.895164625703547
103,id40,538.0,348.5,vial5,29,29.895164625703547
104,id40,538.0,348.5,vial5,29,29.895164625703547
105,id40,537.5,348.5,vial5,29,29.895164625703547
106,id40,537.5,348.5,vial5,29,29.895164625703547
107,id40,537.5,348.5,vial5,29,29.895164625703547
108,id40,537.5,348.5,vial5,29,29.895164625703547
109,id40,537.5,348.5,vial5,29,29.895164625703547
110,id40,537.5,348.5,vial5,29,29.895164625703547
111,id40,537.5,348.5,vial5,29,29.895164625703547
112,id40,537.5,348.5,vial5,29,29.895164625703547
113,id40,537.5,348.0,vial5,29,29.895164625703547
114,id40,537.5,348.0,vial5,29,29.895164625703547
115,id40,537.0,348.0,vial5,29,29.895164625703547
116,id40,536.5,348.5,vial5,29,29.895164625703547
117,id40,536.5,348.5,vial5,29,29.895164625703547
118,id40,536.5,348.0,vial5,29,29.895164625703547
119,id40,536.5,348.0,vial5,29,29.895164625703547
120,id40,536.5,348.0,vial5,29,29.895164625703547
121,id40,537.0,348.0,vial5,29,29.895164625703547
122,id40,537.0,348.5,vial5,29,29.895164625703547
123,id40,537.0,348.5,vial5,29,29.895164625703547
124,id40,537.5,348.5,vial5,29,29.895164625703547
125,id40,537.5,348.5,vial5,29,29.895164625703547
126,id40,537.5,348.5,vial5,29,29.895164625703547
127,id40,538.0,348.5,vial5,29,29.895164625703547
128,id40,538.0,348.5,vial5,29,29.895164625703547
129,id40,538.0,349.0,vial5,29,29.895164625703547
130,id40,539.5,348.5,vial5,29,29.895164625703547
131,id40,540.0,347.5,vial5,29,29.895164625703547
132,id40,540.0,347.5,vial5,29,29.895164625703547
134,id40,538.5,347.5,vial5,29,29.895164625703547
135,id40,539.0,347.5,vial5,29,29.895164625703547
148,id40,540.5,350.5,vial5,29,29.895164625703547
156,id40,534.0,351.0,vial5,29,29.895164625703547
184,id40,507.5,207.5,vial5,29,29.895164625703547
185,id40,506.5,207.0,vial5,29,29.895164625703547
186,id40,506.5,207.0,vial5,29,29.895164625703547
187,id40,506.5,207.0,vial5,29,29.895164625703547
188,id40,506.5,207.0,vial5,29,29.895164625703547
189,id40,506.0,207.0,vial5,29,29.895164625703547
190,id40,506.5,207.0,vial5,29,29.895164625703547
191,id40,506.5,207.0,vial5,29,29.895164625703547
192,id40,506.5,207.0,vial5,29,29.895164625703547
193,id40,506.5,207.0,vial5,29,29.895164625703547
194,id40,506.5,207.0,vial5,29,29.895164625703547
195,id40,506.5,207.0,vial5,29,29.895164625703547
196,id40,506.5,207.0,vial5,29,29.895164625703547
197,id40,506.5,207.0,vial5,29,29.895164625703547
198,id40,506.5,206.5,vial5,29,29.895164625703547
199,id40,506.5,206.5,vial5,29,29.895164625703547
200,id40,506.5,207.0,vial5,29,29.895164625703547
201,id40,506.5,207.0,vial5,29,29.895164625703547
202,id40,506.5,207.0,vial5,29,29.895164625703547
203,id40,507.0,207.5,vial5,29,29.895164625703547
204,id40,507.0,208.0,vial5,29,29.895164625703547
205,id40,507.0,208.0,vial5,29,29.895164625703547
206,id40,507.0,208.0,vial5,29,29.895164625703547
207,id40,507.0,207.5,vial5,29,29.895164625703547
208,id40,512.5,205.0,vial5,29,29.895164625703547
209,id40,516.5,195.5,vial5,29,29.895164625703547
210,id40,516.5,195.0,vial5,29,29.895164625703547
211,id40,516.5,194.5,vial5,29,29.895164625703547
212,id40,516.5,194.5,vial5,29,29.895164625703547
213,id40,516.5,194.5,vial5,29,29.895164625703547
214,id40,516.5,193.5,vial5,29,29.895164625703547
215,id40,517.0,191.5,vial5,29,29.895164625703547
216,id40,516.5,189.0,vial5,29,29.895164625703547
217,id40,516.0,187.5,vial5,29,29.895164625703547
218,id40,514.5,185.0,vial5,29,29.895164625703547
219,id40,513.5,183.0,vial5,29,29.895164625703547
220,id40,513.0,181.5,vial5,29,29.895164625703547
221,id40,512.0,179.5,vial5,29,29.895164625703547
222,id40,511.0,178.5,vial5,29,29.895164625703547
223,id40,510.0,178.5,vial5,29,29.895164625703547
224,id40,510.0,178.5,vial5,29,29.895164625703547
225,id40,510.0,178.5,vial5,29,29.895164625703547
226,id40,510.0,178.0,vial5,29,29.895164625703547
227,id40,510.0,178.5,vial5,29,29.895164625703547
228,id40,510.0,177.5,vial5,29,29.895164625703547
229,id40,509.0,177.5,vial5,29,29.895164625703547
230,id40,507.5,177.5,vial5,29,29.895164625703547
231,id40,506.5,176.5,vial5,29,29.895164625703547
232,id40,505.5,176.5,vial5,29,29.895164625703547
233,id40,504.5,175.5,vial5,29,29.895164625703547
234,id40,503.5,175.0,vial5,29,29.895164625703547
235,id40,503.0,174.0,vial5,29,29.895164625703547
236,id40,503.0,172.5,vial5,29,29.895164625703547
237,id40,502.5,171.5,vial5,29,29.895164625703547
238,id40,502.5,170.5,vial5,29,29.895164625703547
239,id40,502.5,169.0,vial5,29,29.895164625703547
240,id40,503.5,168.0,vial5,29,29.895164625703547
241,id40,503.0,167.5,vial5,29,29.895164625703547
242,id40,503.0,166.0,vial5,29,29.895164625703547
243,id40,503.5,165.5,vial5,29,29.895164625703547
250,id40,503.0,159.5,vial5,29,29.895164625703547
251,id40,502.5,158.5,vial5,29,29.895164625703547
252,id40,502.5,159.0,vial5,29,29.895164625703547
253,id40,502.5,158.5,vial5,29,29.895164625703547
254,id40,502.5,158.5,vial5,29,29.895164625703547
255,id40,502.5,158.5,vial5,29,29.895164625703547
256,id40,502.5,159.0,vial5,29,29.895164625703547
257,id40,502.5,159.0,vial5,29,29.895164625703547
258,id40,502.5,159.0,vial5,29,29.895164625703547
259,id40,502.5,159.0,vial5,29,29.895164625703547
260,id40,502.5,159.0,vial5,29,29.895164625703547
261,id40,502.5,159.0,vial5,29,29.895164625703547
262,id40,502.5,158.5,vial5,29,29.895164625703547
263,id40,502.5,159.0,vial5,29,29.895164625703547
264,id40,502.5,159.0,vial5,29,29.895164625703547
265,id40,502.5,159.0,vial5,29,29.895164625703547
266,id40,502.5,159.0,vial5,29,29.895164625703547
267,id40,502.5,158.5,vial5,29,29.895164625703547
268,id40,502.5,159.0,vial5,29,29.895164625703547
269,id40,502.5,158.5,vial5,29,29.895164625703547
270,id40,502.5,159.0,vial5,29,29.895164625703547
271,id40,502.5,159.0,vial5,29,29.895164625703547
272,id40,502.5,159.0,vial5,29,29.895164625703547
273,id40,502.5,158.5,vial5,29,29.895164625703547
274,id40,502.5,158.5,vial5,29,29.895164625703547
275,id40,503.0,158.5,vial5,29,29.895164625703547
276,id40,502.5,159.0,vial5,29,29.895164625703547
277,id40,502.5,159.0,vial5,29,29.895164625703547
278,id40,502.5,159.0,vial5,29,29.895164625703547
279,id40,502.5,159.0,vial5,29,29.895164625703547
280,id40,502.5,159.0,vial5,29,29.895164625703547
281,id40,502.5,159.0,vial5,29,29.895164625703547
282,id40,502.5,159.0,vial5,29,29.895164625703547
283,id40,502.5,159.0,vial5,29,29.895164625703547
284,id40,502.5,159.0,vial5,29,29.895164625703547
285,id40,502.5,159.0,vial5,29,29.895164625703547
286,id40,502.5,159.0,vial5,29,29.895164625703547
287,id40,502.5,159.0,vial5,29,29.895164625703547
288,id40,502.5,159.0,vial5,29,29.895164625703547
289,id40,502.5,159.0,vial5,29,29.895164625703547
290,id40,502.5,159.0,vial5,29,29.895164625703547
291,id40,502.5,159.0,vial5,29,29.895164625703547
292,id40,502.5,159.0,vial5,29,29.895164625703547
293,id40,502.5,159.0,vial5,29,29.895164625703547
294,id40,502.5,159.0,vial5,29,29.895164625703547
295,id40,502.5,159.0,vial5,29,29.895164625703547
296,id40,502.5,158.5,vial5,29,29.895164625703547
297,id40,502.5,159.0,vial5,29,29.895164625703547
298,id40,502.5,159.0,vial5,29,29.895164625703547
299,id40,502.5,159.0,vial5,29,29.895164625703547
300,id40,502.5,159.0,vial5,29,29.895164625703547
301,id40,502.5,159.0,vial5,29,29.895164625703547
302,id40,502.5,159.0,vial5,29,29.895164625703547
303,id40,502.5,159.0,vial5,29,29.895164625703547
304,id40,502.5,159.0,vial5,29,29.895164625703547
305,id40,502.5,159.0,vial5,29,29.895164625703547
306,id40,502.5,159.0,vial5,29,29.895164625703547
307,id40,502.5,159.0,vial5,29,29.895164625703547
308,id40,502.5,159.0,vial5,29,29.895164625703547
309,id40,502.5,158.5,vial5,29,29.895164625703547
310,id40,502.5,158.5,vial5,29,29.895164625703547
311,id40,502.5,158.0,vial5,29,29.895164625703547
312,id40,502.5,158.0,vial5,29,29.895164625703547
313,id40,502.5,158.5,vial5,29,29.895164625703547
314,id40,502.5,159.0,vial5,29,29.895164625703547
315,id40,502.5,158.5,vial5,29,29.895164625703547
316,id40,502.5,159.0,vial5,29,29.895164625703547
317,id40,502.5,159.0,vial5,29,29.895164625703547
318,id40,502.5,159.0,vial5,29,29.895164625703547
319,id40,502.5,159.0,vial5,29,29.895164625703547
320,id40,502.5,159.0,vial5,29,29.895164625703547
321,id40,503.0,159.0,vial5,29,29.895164625703547
322,id40,503.0,159.0,vial5,29,29.895164625703547
323,id40,503.0,159.0,vial5,29,29.895164625703547
324,id40,503.0,158.5,vial5,29,29.895164625703547
325,id40,503.0,158.5,vial5,29,29.895164625703547
326,id40,503.0,159.0,vial5,29,29.895164625703547
327,id40,503.0,158.5,vial5,29,29.895164625703547
328,id40,503.5,159.0,vial5,29,29.895164625703547
329,id40,504.0,159.0,vial5,29,29.895164625703547
330,id40,504.0,159.0,vial5,29,29.895164625703547
331,id40,504.0,159.5,vial5,29,29.895164625703547
332,id40,504.0,159.5,vial5,29,29.895164625703547
333,id40,504.0,159.5,vial5,29,29.895164625703547
334,id40,504.0,159.5,vial5,29,29.895164625703547
335,id40,504.0,159.5,vial5,29,29.895164625703547
336,id40,504.0,159.5,vial5,29,29.895164625703547
337,id40,504.0,159.5,vial5,29,29.895164625703547
338,id40,504.0,159.5,vial5,29,29.895164625703547
339,id40,504.0,159.5,vial5,29,29.895164625703547
340,id40,504.0,159.5,vial5,29,29.895164625703547
341,id40,504.0,159.5,vial5,29,29.895164625703547
342,id40,504.0,160.0,vial5,29,29.895164625703547
343,id40,504.0,159.5,vial5,29,29.895164625703547
344,id40,504.0,160.0,vial5,29,29.895164625703547
345,id40,504.0,160.0,vial5,29,29.895164625703547
346,id40,504.0,160.0,vial5,29,29.895164625703547
347,id40,504.0,160.0,vial5,29,29.895164625703547
348,id40,504.0,160.0,vial5,29,29.895164625703547
349,id40,504.0,161.0,vial5,29,29.895164625703547
350,id40,504.0,161.0,vial5,29,29.895164625703547
351,id40,504.0,160.5,vial5,29,29.895164625703547
352,id40,504.0,160.5,vial5,29,29.895164625703547
353,id40,504.0,160.5,vial5,29,29.895164625703547
354,id40,504.0,160.5,vial5,29,29.895164625703547
355,id40,504.0,160.5,vial5,29,29.895164625703547
356,id40,504.0,160.5,vial5,29,29.895164625703547
357,id40,504.0,160.5,vial5,29,29.895164625703547
358,id40,504.0,161.0,vial5,29,29.895164625703547
359,id40,504.0,161.0,vial5,29,29.895164625703547
360,id40,504.0,161.0,vial5,29,29.895164625703547
361,id40,504.0,161.0,vial5,29,29.895164625703547
362,id40,503.5,160.5,vial5,29,29.895164625703547
363,id40,503.5,160.0,vial5,29,29.895164625703547
364,id40,504.0,161.0,vial5,29,29.895164625703547
365,id40,503.5,161.0,vial5,29,29.895164625703547
366,id40,503.5,161.0,vial5,29,29.895164625703547
367,id40,504.0,160.5,vial5,29,29.895164625703547
368,id40,503.5,160.5,vial5,29,29.895164625703547
369,id40,503.5,160.5,vial5,29,29.895164625703547
370,id40,504.0,160.0,vial5,29,29.895164625703547
371,id40,504.0,160.0,vial5,29,29.895164625703547
372,id40,504.5,159.5,vial5,29,29.895164625703547
373,id40,505.0,159.5,vial5,29,29.895164625703547
374,id40,505.0,159.5,vial5,29,29.895164625703547
375,id40,505.0,159.5,vial5,29,29.895164625703547
376,id40,505.0,159.5,vial5,29,29.895164625703547
377,id40,505.0,159.5,vial5,29,29.895164625703547
378,id40,505.5,159.5,vial5,29,29.895164625703547
379,id40,506.0,159.5,vial5,29,29.895164625703547
380,id40,506.0,159.5,vial5,29,29.895164625703547
381,id40,506.0,159.5,vial5,29,29.895164625703547
71,id41,528.5,347.0,vial5,32,29.895164625703547
72,id41,529.5,346.5,vial5,32,29.895164625703547
73,id41,530.5,346.5,vial5,32,29.895164625703547
74,id41,531.5,347.0,vial5,32,29.895164625703547
75,id41,532.5,347.0,vial5,32,29.895164625703547
76,id41,533.5,346.5,vial5,32,29.895164625703547
77,id41,533.5,346.5,vial5,32,29.895164625703547
78,id41,533.5,346.5,vial5,32,29.895164625703547
79,id41,533.5,347.0,vial5,32,29.895164625703547
80,id41,533.5,347.0,vial5,32,29.895164625703547
81,id41,533.5,347.0,vial5,32,29.895164625703547
82,id41,534.5,347.0,vial5,32,29.895164625703547
83,id41,534.5,347.0,vial5,32,29.895164625703547
84,id41,535.5,346.5,vial5,32,29.895164625703547
85,id41,536.0,346.5,vial5,32,29.895164625703547
86,id41,536.0,346.5,vial5,32,29.895164625703547
87,id41,535.5,346.5,vial5,32,29.895164625703547
88,id41,536.5,347.0,vial5,32,29.895164625703547
90,id41,537.5,348.0,vial5,32,29.895164625703547
91,id41,537.0,353.0,vial5,32,29.895164625703547
129,id41,534.5,349.0,vial5,32,29.895164625703547
130,id41,535.5,349.0,vial5,32,29.895164625703547
131,id41,535.5,349.0,vial5,32,29.895164625703547
132,id41,536.5,349.0,vial5,32,29.895164625703547
133,id41,536.5,349.0,vial5,32,29.895164625703547
134,id41,536.5,349.5,vial5,32,29.895164625703547
135,id41,537.5,349.5,vial5,32,29.895164625703547
136,id41,537.0,349.0,vial5,32,29.895164625703547
137,id41,536.5,349.0,vial5,32,29.895164625703547
138,id41,537.0,349.0,vial5,32,29.895164625703547
139,id41,537.0,349.0,vial5,32,29.895164625703547
140,id41,537.5,349.0,vial5,32,29.895164625703547
141,id41,537.5,349.0,vial5,32,29.895164625703547
142,id41,537.0,349.0,vial5,32,29.895164625703547
143,id41,537.5,349.0,vial5,32,29.895164625703547
144,id41,537.5,349.0,vial5,32,29.895164625703547
145,id41,537.5,349.0,vial5,32,29.895164625703547
146,id41,537.5,349.0,vial5,32,29.895164625703547
147,id41,537.5,349.0,vial5,32,29.895164625703547
148,id41,537.5,348.0,vial5,32,29.895164625703547
149,id41,537.0,349.0,vial5,32,29.895164625703547
150,id41,537.0,349.0,vial5,32,29.895164625703547
151,id41,537.0,349.0,vial5,32,29.895164625703547
152,id41,537.0,349.0,vial5,32,29.895164625703547
153,id41,537.0,349.0,vial5,32,29.895164625703547
154,id41,537.0,349.0,vial5,32,29.895164625703547
155,id41,537.0,349.0,vial5,32,29.895164625703547
156,id41,537.0,349.0,vial5,32,29.895164625703547
157,id41,537.0,349.0,vial5,32,29.895164625703547
158,id41,537.0,349.0,vial5,32,29.895164625703547
159,id41,537.0,348.5,vial5,32,29.895164625703547
160,id41,537.0,348.5,vial5,32,29.895164625703547
161,id41,537.5,348.5,vial5,32,29.895164625703547
162,id41,537.5,348.5,vial5,32,29.895164625703547
163,id41,537.5,348.0,vial5,32,29.895164625703547
164,id41,537.5,348.0,vial5,32,29.895164625703547
165,id41,537.5,348.0,vial5,32,29.895164625703547
166,id41,537.5,348.0,vial5,32,29.895164625703547
167,id41,537.5,348.0,vial5,32,29.895164625703547
168,id41,537.5,348.0,vial5,32,29.895164625703547
169,id41,537.0,348.0,vial5,32,29.895164625703547
170,id41,537.5,348.0,vial5,32,29.895164625703547
171,id41,537.0,348.0,vial5,32,29.895164625703547
172,id41,537.5,348.0,vial5,32,29.895164625703547
173,id41,537.5,348.5,vial5,32,29.895164625703547
174,id41,537.5,348.5,vial5,32,29.895164625703547
175,id41,537.0,349.0,vial5,32,29.895164625703547
176,id41,537.5,348.5,vial5,32,29.895164625703547
177,id41,537.0,348.5,vial5,32,29.895164625703547
178,id41,537.0,348.5,vial5,32,29.895164625703547
179,id41,537.5,348.5,vial5,32,29.895164625703547
180,id41,537.0,348.0,vial5,32,29.895164625703547
181,id41,537.0,348.0,vial5,32,29.895164625703547
182,id41,537.0,348.0,vial5,32,29.895164625703547
183,id41,537.0,348.5,vial5,32,29.895164625703547
184,id41,537.0,349.0,vial5,32,29.895164625703547
185,id41,537.5,348.5,vial5,32,29.895164625703547
186,id41,537.5,348.5,vial5,32,29.895164625703547
187,id41,537.5,348.5,vial5,32,29.895164625703547
188,id41,537.5,348.5,vial5,32,29.895164625703547
189,id41,537.5,348.5,vial5,32,29.895164625703547
190,id41,537.5,348.5,vial5,32,29.895164625703547
191,id41,537.5,348.5,vial5,32,29.895164625703547
192,id41,537.5,348.5,vial5,32,29.895164625703547
193,id41,537.5,348.0,vial5,32,29.895164625703547
194,id41,537.5,348.0,vial5,32,29.895164625703547
195,id41,537.5,348.0,vial5,32,29.895164625703547
196,id41,537.5,348.0,vial5,32,29.895164625703547
197,id41,537.5,348.0,vial5,32,29.895164625703547
198,id41,537.5,348.0,vial5,32,29.895164625703547
199,id41,537.5,348.0,vial5,32,29.895164625703547
200,id41,537.5,348.0,vial5,32,29.895164625703547
201,id41,537.5,348.0,vial5,32,29.895164625703547
202,id41,537.0,348.5,vial5,32,29.895164625703547
203,id41,537.0,348.0,vial5,32,29.895164625703547
204,id41,537.0,349.0,vial5,32,29.895164625703547
205,id41,537.0,348.5,vial5,32,29.895164625703547
206,id41,537.0,349.0,vial5,32,29.895164625703547
207,id41,537.0,349.0,vial5,32,29.895164625703547
208,id41,537.5,349.0,vial5,32,29.895164625703547
209,id41,537.5,348.5,vial5,32,29.895164625703547
210,id41,537.5,348.5,vial5,32,29.895164625703547
211,id41,537.5,348.5,vial5,32,29.895164625703547
212,id41,537.5,348.5,vial5,32,29.895164625703547
213,id41,537.5,349.0,vial5,32,29.895164625703547
214,id41,537.5,349.0,vial5,32,29.895164625703547
215,id41,537.5,349.0,vial5,32,29.895164625703547
216,id41,537.5,349.0,vial5,32,29.895164625703547
217,id41,537.5,349.0,vial5,32,29.895164625703547
218,id41,537.5,349.0,vial5,32,29.895164625703547
219,id41,537.5,349.0,vial5,32,29.895164625703547
220,id41,538.0,349.0,vial5,32,29.895164625703547
221,id41,538.0,349.0,vial5,32,29.895164625703547
222,id41,537.0,348.5,vial5,32,29.895164625703547
223,id41,537.0,349.0,vial5,32,29.895164625703547
224,id41,537.0,349.0,vial5,32,29.895164625703547
225,id41,537.0,349.0,vial5,32,29.895164625703547
226,id41,537.0,349.0,vial5,32,29.895164625703547
227,id41,537.0,348.5,vial5,32,29.895164625703547
228,id41,537.0,349.0,vial5,32,29.895164625703547
229,id41,537.0,349.0,vial5,32,29.895164625703547
230,id41,537.0,349.0,vial5,32,29.895164625703547
231,id41,537.0,349.0,vial5,32,29.895164625703547
232,id41,537.0,349.0,vial5,32,29.895164625703547
233,id41,537.0,349.0,vial5,32,29.895164625703547
234,id41,537.5,349.0,vial5,32,29.895164625703547
235,id41,537.5,349.0,vial5,32,29.895164625703547
236,id41,537.5,349.0,vial5,32,29.895164625703547
237,id41,538.0,349.0,vial5,32,29.895164625703547
238,id41,538.0,349.0,vial5,32,29.895164625703547
239,id41,538.0,349.0,vial5,32,29.895164625703547
240,id41,538.0,349.0,vial5,32,29.895164625703547
241,id41,537.5,348.5,vial5,32,29.895164625703547
242,id41,537.5,348.5,vial5,32,29.895164625703547
243,id41,537.5,348.5,vial5,32,29.895164625703547
244,id41,537.5,348.5,vial5,32,29.895164625703547
245,id41,537.5,348.5,vial5,32,29.895164625703547
246,id41,537.5,348.5,vial5,32,29.895164625703547
247,id41,537.5,348.5,vial5,32,29.895164625703547
248,id41,537.5,348.0,vial5,32,29.895164625703547
249,id41,537.5,348.0,vial5,32,29.895164625703547
250,id41,537.5,348.5,vial5,32,29.895164625703547
251,id41,537.5,348.5,vial5,32,29.895164625703547
252,id41,537.5,348.5,vial5,32,29.895164625703547
253,id41,537.5,348.0,vial5,32,29.895164625703547
254,id41,537.5,348.0,vial5,32,29.895164625703547
255,id41,537.5,348.0,vial5,32,29.895164625703547
256,id41,537.0,348.0,vial5,32,29.895164625703547
257,id41,537.5,348.0,vial5,32,29.895164625703547
258,id41,537.5,348.0,vial5,32,29.895164625703547
259,id41,537.5,348.0,vial5,32,29.895164625703547
260,id41,537.5,348.0,vial5,32,29.895164625703547
261,id41,537.5,348.5,vial5,32,29.895164625703547
262,id41,537.5,349.0,vial5,32,29.895164625703547
263,id41,536.5,349.0,vial5,32,29.895164625703547
264,id41,536.5,349.0,vial5,32,29.895164625703547
265,id41,537.0,349.0,vial5,32,29.895164625703547
266,id41,537.5,349.0,vial5,32,29.895164625703547
267,id41,537.5,349.0,vial5,32,29.895164625703547
268,id41,537.5,349.0,vial5,32,29.895164625703547
269,id41,537.5,349.0,vial5,32,29.895164625703547
270,id41,537.5,349.0,vial5,32,29.895164625703547
271,id41,537.0,349.0,vial5,32,29.895164625703547
272,id41,537.0,349.0,vial5,32,29.895164625703547
273,id41,537.0,349.0,vial5,32,29.895164625703547
274,id41,537.0,349.0,vial5,32,29.895164625703547
275,id41,537.0,349.0,vial5,32,29.895164625703547
276,id41,537.5,349.0,vial5,32,29.895164625703547
277,id41,537.5,349.0,vial5,32,29.895164625703547
278,id41,537.5,349.0,vial5,32,29.895164625703547
279,id41,537.5,349.0,vial5,32,29.895164625703547
280,id41,537.5,349.0,vial5,32,29.895164625703547
281,id41,537.0,349.0,vial5,32,29.895164625703547
282,id41,537.5,349.0,vial5,32,29.895164625703547
283,id41,537.5,349.0,vial5,32,29.895164625703547
284,id41,537.0,349.0,vial5,32,29.895164625703547
285,id41,537.0,349.0,vial5,32,29.895164625703547
286,id41,537.5,349.0,vial5,32,29.895164625703547
287,id41,537.5,348.5,vial5,32,29.895164625703547
288,id41,538.0,349.0,vial5,32,29.895164625703547
289,id41,538.0,348.5,vial5,32,29.895164625703547
290,id41,538.0,348.5,vial5,32,29.895164625703547
291,id41,539.0,348.5,vial5,32,29.895164625703547
292,id41,540.0,348.5,vial5,32,29.895164625703547
293,id41,542.0,348.0,vial5,32,29.895164625703547
294,id41,543.0,348.0,vial5,32,29.895164625703547
295,id41,544.5,348.0,vial5,32,29.895164625703547
296,id41,546.0,348.5,vial5,32,29.895164625703547
297,id41,548.0,349.0,vial5,32,29.895164625703547
298,id41,549.5,349.0,vial5,32,29.895164625703547
299,id41,551.5,349.0,vial5,32,29.895164625703547
300,id41,553.5,349.0,vial5,32,29.895164625703547
301,id41,555.5,349.0,vial5,32,29.895164625703547
302,id41,556.5,349.0,vial5,32,29.895164625703547
303,id41,558.5,349.5,vial5,32,29.895164625703547
304,id41,560.5,349.5,vial5,32,29.895164625703547
305,id41,562.5,350.0,vial5,32,29.895164625703547
306,id41,563.5,350.0,vial5,32,29.895164625703547
307,id41,564.5,350.0,vial5,32,29.895164625703547
308,id41,565.0,350.0,vial5,32,29.895164625703547
309,id41,565.5,350.5,vial5,32,29.895164625703547
310,id41,565.5,350.5,vial5,32,29.895164625703547
311,id41,566.0,350.5,vial5,32,29.895164625703547
312,id41,565.5,350.5,vial5,32,29.895164625703547
313,id41,565.5,350.5,vial5,32,29.895164625703547
314,id41,565.5,350.5,vial5,32,29.895164625703547
315,id41,565.5,350.5,vial5,32,29.895164625703547
316,id41,565.5,350.5,vial5,32,29.895164625703547
317,id41,565.5,350.5,vial5,32,29.895164625703547
318,id41,564.5,350.5,vial5,32,29.895164625703547
319,id41,564.5,350.5,vial5,32,29.895164625703547
320,id41,564.5,350.5,vial5,32,29.895164625703547
321,id41,564.5,350.5,vial5,32,29.895164625703547
322,id41,564.5,350.5,vial5,32,29.895164625703547
323,id41,564.5,350.5,vial5,32,29.895164625703547
324,id41,564.5,350.5,vial5,32,29.895164625703547
325,id41,564.5,350.5,vial5,32,29.895164625703547
326,id41,564.5,350.5,vial5,32,29.895164625703547
327,id41,564.5,350.5,vial5,32,29.895164625703547
328,id41,564.5,350.5,vial5,32,29.895164625703547
329,id41,564.5,350.5,vial5,32,29.895164625703547
330,id41,564.5,350.5,vial5,32,29.895164625703547
331,id41,564.5,350.5,vial5,32,29.895164625703547
332,id41,564.5,350.5,vial5,32,29.895164625703547
333,id41,564.5,350.5,vial5,32,29.895164625703547
334,id41,564.5,350.5,vial5,32,29.895164625703547
335,id41,564.5,350.5,vial5,32,29.895164625703547
336,id41,564.5,350.5,vial5,32,29.895164625703547
337,id41,564.5,350.5,vial5,32,29.895164625703547
338,id41,564.5,350.5,vial5,32,29.895164625703547
339,id41,564.5,350.0,vial5,32,29.895164625703547
340,id41,564.5,350.0,vial5,32,29.895164625703547
341,id41,564.5,350.5,vial5,32,29.895164625703547
342,id41,564.5,350.5,vial5,32,29.895164625703547
343,id41,564.5,350.5,vial5,32,29.895164625703547
344,id41,564.5,350.5,vial5,32,29.895164625703547
345,id41,564.5,350.5,vial5,32,29.895164625703547
346,id41,564.5,350.5,vial5,32,29.895164625703547
347,id41,564.5,350.5,vial5,32,29.895164625703547
348,id41,564.5,350.0,vial5,32,29.895164625703547
349,id41,564.5,350.0,vial5,32,29.895164625703547
350,id41,564.5,350.5,vial5,32,29.895164625703547
351,id41,564.5,350.0,vial5,32,29.895164625703547
352,id41,564.5,350.0,vial5,32,29.895164625703547
353,id41,564.5,350.0,vial5,32,29.895164625703547
354,id41,564.5,350.0,vial5,32,29.895164625703547
355,id41,564.5,350.0,vial5,32,29.895164625703547
356,id41,564.5,350.0,vial5,32,29.895164625703547
357,id41,564.5,350.0,vial5,32,29.895164625703547
358,id41,564.5,350.0,vial5,32,29.895164625703547
359,id41,564.5,350.0,vial5,32,29.895164625703547
360,id41,564.5,350.5,vial5,32,29.895164625703547
361,id41,564.5,350.0,vial5,32,29.895164625703547
362,id41,564.5,350.5,vial5,32,29.895164625703547
363,id41,565.5,350.5,vial5,32,29.895164625703547
364,id41,565.5,350.5,vial5,32,29.895164625703547
365,id41,565.5,351.5,vial5,32,29.895164625703547
366,id41,564.5,350.5,vial5,32,29.895164625703547
367,id41,564.0,350.5,vial5,32,29.895164625703547
368,id41,564.0,350.5,vial5,32,29.895164625703547
369,id41,563.5,350.5,vial5,32,29.895164625703547
370,id41,562.5,350.5,vial5,32,29.895164625703547
371,id41,561.5,350.0,vial5,32,29.895164625703547
372,id41,560.5,349.5,vial5,32,29.895164625703547
373,id41,559.0,349.5,vial5,32,29.895164625703547
374,id41,558.0,349.5,vial5,32,29.895164625703547
375,id41,557.0,349.5,vial5,32,29.895164625703547
376,id41,556.0,349.5,vial5,32,29.895164625703547
377,id41,555.0,349.5,vial5,32,29.895164625703547
378,id41,555.5,350.0,vial5,32,29.895164625703547
379,id41,555.5,350.5,vial5,32,29.895164625703547
380,id41,555.0,350.5,vial5,32,29.895164625703547
381,id41,555.0,350.0,vial5,32,29.895164625703547
72,id42,138.5,344.0,vial2,14,29.895164625703547
73,id42,138.5,341.5,vial2,14,29.895164625703547
74,id42,138.5,338.5,vial2,14,29.895164625703547
75,id42,139.0,335.0,vial2,14,29.895164625703547
76,id42,139.5,331.5,vial2,14,29.895164625703547
77,id42,139.5,329.5,vial2,14,29.895164625703547
78,id42,139.5,326.5,vial2,14,29.895164625703547
79,id42,141.5,324.5,vial2,14,29.895164625703547
80,id42,141.0,323.5,vial2,14,29.895164625703547
81,id42,141.0,322.5,vial2,14,29.895164625703547
82,id42,140.5,320.5,vial2,14,29.895164625703547
83,id42,141.0,319.5,vial2,14,29.895164625703547
84,id42,141.5,318.5,vial2,14,29.895164625703547
85,id42,142.5,317.0,vial2,14,29.895164625703547
86,id42,143.5,317.0,vial2,14,29.895164625703547
87,id42,145.0,315.5,vial2,14,29.895164625703547
88,id42,146.0,314.5,vial2,14,29.895164625703547
89,id42,148.0,312.5,vial2,14,29.895164625703547
90,id42,149.5,311.5,vial2,14,29.895164625703547
91,id42,150.5,309.5,vial2,14,29.895164625703547
92,id42,152.5,307.5,vial2,14,29.895164625703547
93,id42,154.0,305.0,vial2,14,29.895164625703547
94,id42,155.0,303.0,vial2,14,29.895164625703547
95,id42,157.0,301.0,vial2,14,29.895164625703547
96,id42,158.0,299.0,vial2,14,29.895164625703547
97,id42,159.0,296.5,vial2,14,29.895164625703547
98,id42,160.5,294.0,vial2,14,29.895164625703547
99,id42,162.0,291.5,vial2,14,29.895164625703547
100,id42,162.5,289.5,vial2,14,29.895164625703547
101,id42,163.0,287.5,vial2,14,29.895164625703547
102,id42,163.5,284.5,vial2,14,29.895164625703547
103,id42,164.5,282.0,vial2,14,29.895164625703547
104,id42,165.5,279.5,vial2,14,29.895164625703547
105,id42,166.5,276.5,vial2,14,29.895164625703547
106,id42,166.0,274.5,vial2,14,29.895164625703547
107,id42,166.5,271.5,vial2,14,29.895164625703547
108,id42,167.0,269.5,vial2,14,29.895164625703547
109,id42,167.5,266.5,vial2,14,29.895164625703547
110,id42,168.0,264.5,vial2,14,29.895164625703547
111,id42,168.0,263.5,vial2,14,29.895164625703547
112,id42,167.5,261.5,vial2,14,29.895164625703547
113,id42,167.0,260.5,vial2,14,29.895164625703547
114,id42,166.5,258.5,vial2,14,29.895164625703547
115,id42,165.5,256.5,vial2,14,29.895164625703547
116,id42,165.5,254.5,vial2,14,29.895164625703547
117,id42,165.0,251.5,vial2,14,29.895164625703547
118,id42,165.5,248.5,vial2,14,29.895164625703547
119,id42,166.0,246.0,vial2,14,29.895164625703547
120,id42,167.5,244.0,vial2,14,29.895164625703547
121,id42,168.0,242.0,vial2,14,29.895164625703547
122,id42,169.0,240.0,vial2,14,29.895164625703547
123,id42,170.0,237.5,vial2,14,29.895164625703547
124,id42,171.0,235.5,vial2,14,29.895164625703547
125,id42,172.5,233.0,vial2,14,29.895164625703547
126,id42,173.5,231.5,vial2,14,29.895164625703547
127,id42,174.5,229.5,vial2,14,29.895164625703547
128,id42,175.5,226.5,vial2,14,29.895164625703547
129,id42,175.5,224.5,vial2,14,29.895164625703547
130,id42,177.0,222.5,vial2,14,29.895164625703547
131,id42,177.5,220.5,vial2,14,29.895164625703547
132,id42,178.5,218.0,vial2,14,29.895164625703547
133,id42,179.5,215.5,vial2,14,29.895164625703547
134,id42,179.5,214.0,vial2,14,29.895164625703547
135,id42,180.5,212.5,vial2,14,29.895164625703547
136,id42,181.5,211.0,vial2,14,29.895164625703547
137,id42,181.5,209.5,vial2,14,29.895164625703547
138,id42,182.0,207.5,vial2,14,29.895164625703547
139,id42,182.5,205.0,vial2,14,29.895164625703547
140,id42,183.0,202.5,vial2,14,29.895164625703547
141,id42,183.5,200.5,vial2,14,29.895164625703547
142,id42,183.5,197.5,vial2,14,29.895164625703547
143,id42,183.0,194.5,vial2,14,29.895164625703547
144,id42,182.5,192.5,vial2,14,29.895164625703547
145,id42,182.5,189.5,vial2,14,29.895164625703547
146,id42,182.5,187.5,vial2,14,29.895164625703547
147,id42,182.5,185.5,vial2,14,29.895164625703547
148,id42,183.0,183.0,vial2,14,29.895164625703547
149,id42,184.0,181.5,vial2,14,29.895164625703547
150,id42,184.5,179.5,vial2,14,29.895164625703547
151,id42,185.0,178.0,vial2,14,29.895164625703547
152,id42,185.5,176.5,vial2,14,29.895164625703547
153,id42,185.5,174.5,vial2,14,29.895164625703547
154,id42,186.5,172.5,vial2,14,29.895164625703547
155,id42,187.5,170.5,vial2,14,29.895164625703547
156,id42,188.0,169.0,vial2,14,29.895164625703547
157,id42,189.0,168.5,vial2,14,29.895164625703547
158,id42,190.0,168.0,vial2,14,29.895164625703547
159,id42,191.0,167.5,vial2,14,29.895164625703547
160,id42,192.0,166.5,vial2,14,29.895164625703547
161,id42,192.5,165.0,vial2,14,29.895164625703547
162,id42,193.5,164.0,vial2,14,29.895164625703547
163,id42,193.5,162.5,vial2,14,29.895164625703547
164,id42,194.5,161.5,vial2,14,29.895164625703547
165,id42,194.5,160.5,vial2,14,29.895164625703547
166,id42,194.5,159.5,vial2,14,29.895164625703547
167,id42,195.5,158.0,vial2,14,29.895164625703547
168,id42,195.0,157.0,vial2,14,29.895164625703547
169,id42,195.0,155.5,vial2,14,29.895164625703547
170,id42,194.5,155.0,vial2,14,29.895164625703547
171,id42,194.5,154.0,vial2,14,29.895164625703547
172,id42,193.5,154.0,vial2,14,29.895164625703547
173,id42,193.0,153.0,vial2,14,29.895164625703547
174,id42,192.5,152.5,vial2,14,29.895164625703547
175,id42,192.5,152.0,vial2,14,29.895164625703547
176,id42,191.5,152.0,vial2,14,29.895164625703547
177,id42,191.0,151.5,vial2,14,29.895164625703547
178,id42,190.0,151.5,vial2,14,29.895164625703547
179,id42,189.0,151.5,vial2,14,29.895164625703547
180,id42,188.0,152.5,vial2,14,29.895164625703547
181,id42,186.5,153.5,vial2,14,29.895164625703547
182,id42,185.5,154.0,vial2,14,29.895164625703547
183,id42,184.5,154.5,vial2,14,29.895164625703547
184,id42,183.5,154.0,vial2,14,29.895164625703547
185,id42,183.5,153.5,vial2,14,29.895164625703547
186,id42,183.0,152.5,vial2,14,29.895164625703547
187,id42,182.0,151.0,vial2,14,29.895164625703547
188,id42,181.0,149.5,vial2,14,29.895164625703547
189,id42,180.0,147.0,vial2,14,29.895164625703547
190,id42,179.5,145.0,vial2,14,29.895164625703547
191,id42,178.5,142.5,vial2,14,29.895164625703547
192,id42,177.5,140.0,vial2,14,29.895164625703547
193,id42,177.5,137.5,vial2,14,29.895164625703547
194,id42,176.5,134.5,vial2,14,29.895164625703547
195,id42,175.5,132.5,vial2,14,29.895164625703547
196,id42,175.5,129.5,vial2,14,29.895164625703547
197,id42,174.5,127.5,vial2,14,29.895164625703547
198,id42,174.5,125.5,vial2,14,29.895164625703547
199,id42,173.5,122.5,vial2,14,29.895164625703547
200,id42,172.5,120.0,vial2,14,29.895164625703547
201,id42,172.5,117.5,vial2,14,29.895164625703547
202,id42,172.5,114.5,vial2,14,29.895164625703547
203,id42,172.5,111.5,vial2,14,29.895164625703547
204,id42,172.0,109.0,vial2,14,29.895164625703547
205,id42,172.0,106.5,vial2,14,29.895164625703547
206,id42,172.0,103.5,vial2,14,29.895164625703547
207,id42,172.0,100.5,vial2,14,29.895164625703547
208,id42,172.0,97.5,vial2,14,29.895164625703547
209,id42,172.0,95.5,vial2,14,29.895164625703547
210,id42,172.0,92.5,vial2,14,29.895164625703547
211,id42,172.0,90.5,vial2,14,29.895164625703547
212,id42,172.0,87.5,vial2,14,29.895164625703547
213,id42,172.0,84.5,vial2,14,29.895164625703547
214,id42,172.0,82.0,vial2,14,29.895164625703547
215,id42,171.5,78.5,vial2,14,29.895164625703547
216,id42,172.0,76.5,vial2,14,29.895164625703547
217,id42,172.0,73.5,vial2,14,29.895164625703547
218,id42,172.5,71.5,vial2,14,29.895164625703547
219,id42,172.5,68.0,vial2,14,29.895164625703547
220,id42,173.0,65.5,vial2,14,29.895164625703547
221,id42,173.0,62.5,vial2,14,29.895164625703547
222,id42,173.0,60.5,vial2,14,29.895164625703547
223,id42,173.0,57.5,vial2,14,29.895164625703547
224,id42,172.0,54.5,vial2,14,29.895164625703547
225,id42,171.0,52.0,vial2,14,29.895164625703547
226,id42,170.5,49.5,vial2,14,29.895164625703547
227,id42,169.5,47.0,vial2,14,29.895164625703547
228,id42,168.5,44.5,vial2,14,29.895164625703547
229,id42,167.5,41.5,vial2,14,29.895164625703547
230,id42,166.5,39.0,vial2,14,29.895164625703547
231,id42,166.5,36.5,vial2,14,29.895164625703547
232,id42,165.5,34.0,vial2,14,29.895164625703547
233,id42,164.5,31.0,vial2,14,29.895164625703547
234,id42,164.0,28.5,vial2,14,29.895164625703547
235,id42,163.0,26.5,vial2,14,29.895164625703547
236,id42,162.5,25.0,vial2,14,29.895164625703547
237,id42,161.5,23.0,vial2,14,29.895164625703547
238,id42,160.0,21.0,vial2,14,29.895164625703547
239,id42,158.0,19.0,vial2,14,29.895164625703547
240,id42,156.5,18.0,vial2,14,29.895164625703547
241,id42,154.5,16.5,vial2,14,29.895164625703547
242,id42,152.5,15.0,vial2,14,29.895164625703547
243,id42,151.5,13.5,vial2,14,29.895164625703547
244,id42,150.0,12.5,vial2,14,29.895164625703547
245,id42,149.0,12.0,vial2,14,29.895164625703547
246,id42,148.0,11.0,vial2,14,29.895164625703547
247,id42,147.5,11.0,vial2,14,29.895164625703547
248,id42,147.0,10.5,vial2,14,29.895164625703547
249,id42,147.0,10.5,vial2,14,29.895164625703547
250,id42,147.0,10.5,vial2,14,29.895164625703547
251,id42,147.0,11.0,vial2,14,29.895164625703547
252,id42,147.0,10.5,vial2,14,29.895164625703547
253,id42,146.5,10.0,vial2,14,29.895164625703547
334,id43,49.5,348.0,vial1,6,29.895164625703547
367,id44,691.0,183.5,vial6,44,29.895164625703547
368,id44,690.5,182.5,vial6,44,29.895164625703547
369,id44,690.5,181.0,vial6,44,29.895164625703547
370,id44,690.5,179.0,vial6,44,29.895164625703547
371,id44,690.5,178.0,vial6,44,29.895164625703547
372,id44,690.5,176.0,vial6,44,29.895164625703547
373,id44,690.5,174.0,vial6,44,29.895164625703547
374,id44,690.0,173.0,vial6,44,29.895164625703547
375,id44,690.0,171.0,vial6,44,29.895164625703547
376,id44,690.0,168.0,vial6,44,29.895164625703547
377,id44,690.0,167.0,vial6,44,29.895164625703547
378,id44,690.0,165.0,vial6,44,29.895164625703547
379,id44,689.5,163.0,vial6,44,29.895164625703547
380,id44,689.0,161.0,vial6,44,29.895164625703547
381,id44,689.0,159.0,vial6,44,29.895164625703547
0,id5,252.5,311.0,vial3,18,29.895164625703547
1,id5,252.0,311.5,vial3,18,29.895164625703547
2,id5,252.5,311.0,vial3,18,29.895164625703547
3,id5,252.5,311.0,vial3,18,29.895164625703547
4,id5,252.0,311.5,vial3,18,29.895164625703547
5,id5,253.0,311.0,vial3,18,29.895164625703547
6,id5,252.5,310.5,vial3,18,29.895164625703547
7,id5,252.5,310.5,vial3,18,29.895164625703547
8,id5,252.5,310.5,vial3,18,29.895164625703547
9,id5,252.5,310.5,vial3,18,29.895164625703547
10,id5,252.5,310.0,vial3,18,29.895164625703547
11,id5,253.0,309.5,vial3,18,29.895164625703547
12,id5,253.0,309.0,vial3,18,29.895164625703547
13,id5,252.5,308.0,vial3,18,29.895164625703547
14,id5,254.0,307.5,vial3,18,29.895164625703547
15,id5,255.0,307.5,vial3,18,29.895164625703547
16,id5,255.0,307.5,vial3,18,29.895164625703547
17,id5,256.0,307.5,vial3,18,29.895164625703547
18,id5,256.0,308.5,vial3,18,29.895164625703547
19,id5,256.0,309.0,vial3,18,29.895164625703547
20,id5,256.5,309.0,vial3,18,29.895164625703547
21,id5,256.5,309.0,vial3,18,29.895164625703547
22,id5,256.0,309.0,vial3,18,29.895164625703547
23,id5,256.0,309.0,vial3,18,29.895164625703547
24,id5,256.0,309.0,vial3,18,29.895164625703547
25,id5,255.5,309.0,vial3,18,29.895164625703547
26,id5,255.5,309.0,vial3,18,29.895164625703547
27,id5,255.5,309.0,vial3,18,29.895164625703547
28,id5,255.5,309.0,vial3,18,29.895164625703547
29,id5,255.5,309.0,vial3,18,29.895164625703547
30,id5,255.5,309.0,vial3,18,29.895164625703547
31,id5,255.0,309.0,vial3,18,29.895164625703547
32,id5,255.5,309.5,vial3,18,29.895164625703547
33,id5,255.5,310.0,vial3,18,29.895164625703547
34,id5,255.0,311.0,vial3,18,29.895164625703547
35,id5,255.5,312.5,vial3,18,29.895164625703547
36,id5,256.0,314.0,vial3,18,29.895164625703547
37,id5,256.0,314.5,vial3,18,29.895164625703547
38,id5,256.0,316.0,vial3,18,29.895164625703547
39,id5,256.0,317.0,vial3,18,29.895164625703547
40,id5,256.5,317.5,vial3,18,29.895164625703547
41,id5,256.5,318.5,vial3,18,29.895164625703547
42,id5,257.0,319.0,vial3,18,29.895164625703547
43,id5,257.0,319.5,vial3,18,29.895164625703547
44,id5,257.0,319.5,vial3,18,29.895164625703547
45,id5,257.0,319.5,vial3,18,29.895164625703547
46,id5,257.0,319.5,vial3,18,29.895164625703547
47,id5,257.0,319.5,vial3,18,29.895164625703547
48,id5,257.0,320.5,vial3,18,29.895164625703547
49,id5,257.0,320.5,vial3,18,29.895164625703547
50,id5,257.0,320.5,vial3,18,29.895164625703547
51,id5,257.0,320.0,vial3,18,29.895164625703547
52,id5,257.0,320.0,vial3,18,29.895164625703547
53,id5,257.0,320.0,vial3,18,29.895164625703547
54,id5,256.5,319.0,vial3,18,29.895164625703547
55,id5,256.5,319.5,vial3,18,29.895164625703547
56,id5,256.5,319.5,vial3,18,29.895164625703547
57,id5,256.5,319.5,vial3,18,29.895164625703547
58,id5,256.5,319.5,vial3,18,29.895164625703547
59,id5,256.5,319.5,vial3,18,29.895164625703547
60,id5,256.5,319.5,vial3,18,29.895164625703547
61,id5,258.5,320.5,vial3,18,29.895164625703547
62,id5,258.0,319.5,vial3,18,29.895164625703547
63,id5,257.0,319.5,vial3,18,29.895164625703547
64,id5,256.5,319.5,vial3,18,29.895164625703547
65,id5,256.5,319.0,vial3,18,29.895164625703547
66,id5,256.0,318.0,vial3,18,29.895164625703547
67,id5,254.0,315.0,vial3,18,29.895164625703547
68,id5,253.5,312.5,vial3,18,29.895164625703547
69,id5,253.0,311.0,vial3,18,29.895164625703547
70,id5,253.0,311.0,vial3,18,29.895164625703547
71,id5,253.0,311.0,vial3,18,29.895164625703547
72,id5,253.0,310.5,vial3,18,29.895164625703547
73,id5,253.0,309.5,vial3,18,29.895164625703547
74,id5,253.5,309.5,vial3,18,29.895164625703547
75,id5,255.0,309.5,vial3,18,29.895164625703547
76,id5,256.0,310.0,vial3,18,29.895164625703547
77,id5,258.0,310.5,vial3,18,29.895164625703547
78,id5,259.0,310.5,vial3,18,29.895164625703547
79,id5,261.5,310.0,vial3,18,29.895164625703547
80,id5,261.5,310.0,vial3,18,29.895164625703547
81,id5,263.0,309.5,vial3,18,29.895164625703547
82,id5,264.5,309.0,vial3,18,29.895164625703547
83,id5,266.5,308.5,vial3,18,29.895164625703547
84,id5,268.5,308.5,vial3,18,29.895164625703547
85,id5,271.0,308.0,vial3,18,29.895164625703547
86,id5,273.5,307.5,vial3,18,29.895164625703547
87,id5,276.5,307.0,vial3,18,29.895164625703547
88,id5,279.0,306.0,vial3,18,29.895164625703547
89,id5,282.5,305.5,vial3,18,29.895164625703547
90,id5,285.5,304.5,vial3,18,29.895164625703547
91,id5,288.5,304.0,vial3,18,29.895164625703547
92,id5,291.5,303.0,vial3,18,29.895164625703547
93,id5,297.5,307.0,vial3,18,29.895164625703547
94,id5,273.0,328.0,vial3,18,29.895164625703547
95,id5,257.0,348.5,vial3,18,29.895164625703547
96,id5,268.5,343.0,vial3,18,29.895164625703547
97,id5,258.5,341.5,vial3,18,29.895164625703547
98,id5,265.0,349.5,vial3,18,29.895164625703547
100,id5,307.5,341.5,vial3,18,29.895164625703547
101,id5,307.5,341.5,vial3,18,29.895164625703547
102,id5,308.0,340.5,vial3,18,29.895164625703547
103,id5,307.5,339.0,vial3,18,29.895164625703547
104,id5,307.5,337.5,vial3,18,29.895164625703547
105,id5,307.0,336.0,vial3,18,29.895164625703547
106,id5,307.0,333.5,vial3,18,29.895164625703547
107,id5,306.0,331.5,vial3,18,29.895164625703547
108,id5,306.0,330.5,vial3,18,29.895164625703547
109,id5,306.0,328.0,vial3,18,29.895164625703547
110,id5,306.0,326.5,vial3,18,29.895164625703547
111,id5,305.0,325.0,vial3,18,29.895164625703547
112,id5,304.5,322.5,vial3,18,29.895164625703547
113,id5,303.5,320.5,vial3,18,29.895164625703547
114,id5,303.0,319.5,vial3,18,29.895164625703547
115,id5,302.5,317.5,vial3,18,29.895164625703547
116,id5,301.5,316.0,vial3,18,29.895164625703547
117,id5,300.5,314.0,vial3,18,29.895164625703547
118,id5,300.0,312.0,vial3,18,29.895164625703547
119,id5,299.5,311.0,vial3,18,29.895164625703547
120,id5,299.0,308.5,vial3,18,29.895164625703547
121,id5,298.5,306.5,vial3,18,29.895164625703547
122,id5,297.5,304.0,vial3,18,29.895164625703547
123,id5,297.5,301.5,vial3,18,29.895164625703547
124,id5,296.5,299.5,vial3,18,29.895164625703547
125,id5,295.5,297.0,vial3,18,29.895164625703547
126,id5,294.5,295.0,vial3,18,29.895164625703547
127,id5,292.5,293.0,vial3,18,29.895164625703547
128,id5,292.0,290.0,vial3,18,29.895164625703547
129,id5,290.5,288.5,vial3,18,29.895164625703547
130,id5,289.5,286.5,vial3,18,29.895164625703547
131,id5,287.5,284.5,vial3,18,29.895164625703547
132,id5,286.0,283.5,vial3,18,29.895164625703547
133,id5,284.5,281.0,vial3,18,29.895164625703547
134,id5,283.0,280.0,vial3,18,29.895164625703547
135,id5,281.5,279.0,vial3,18,29.895164625703547
136,id5,279.5,277.0,vial3,18,29.895164625703547
137,id5,278.5,276.0,vial3,18,29.895164625703547
138,id5,276.5,274.0,vial3,18,29.895164625703547
139,id5,274.5,273.0,vial3,18,29.895164625703547
140,id5,273.0,271.0,vial3,18,29.895164625703547
141,id5,271.0,269.0,vial3,18,29.895164625703547
142,id5,270.0,267.5,vial3,18,29.895164625703547
143,id5,268.0,266.0,vial3,18,29.895164625703547
144,id5,267.0,265.0,vial3,18,29.895164625703547
145,id5,265.0,263.5,vial3,18,29.895164625703547
146,id5,263.0,262.0,vial3,18,29.895164625703547
147,id5,262.0,261.0,vial3,18,29.895164625703547
148,id5,261.0,260.0,vial3,18,29.895164625703547
149,id5,260.0,260.0,vial3,18,29.895164625703547
150,id5,260.0,260.0,vial3,18,29.895164625703547
151,id5,260.0,259.5,vial3,18,29.895164625703547
152,id5,259.0,259.0,vial3,18,29.895164625703547
153,id5,258.0,258.0,vial3,18,29.895164625703547
154,id5,257.0,258.0,vial3,18,29.895164625703547
155,id5,256.0,259.0,vial3,18,29.895164625703547
156,id5,256.0,259.0,vial3,18,29.895164625703547
157,id5,255.0,259.5,vial3,18,29.895164625703547
158,id5,254.5,259.5,vial3,18,29.895164625703547
159,id5,253.5,259.0,vial3,18,29.895164625703547
160,id5,253.5,258.5,vial3,18,29.895164625703547
161,id5,253.5,256.5,vial3,18,29.895164625703547
162,id5,253.5,254.5,vial3,18,29.895164625703547
163,id5,253.5,251.5,vial3,18,29.895164625703547
164,id5,253.0,249.0,vial3,18,29.895164625703547
165,id5,253.0,246.0,vial3,18,29.895164625703547
166,id5,253.0,244.0,vial3,18,29.895164625703547
167,id5,253.5,241.0,vial3,18,29.895164625703547
168,id5,253.5,238.5,vial3,18,29.895164625703547
169,id5,253.5,236.0,vial3,18,29.895164625703547
170,id5,253.5,234.0,vial3,18,29.895164625703547
171,id5,253.5,232.0,vial3,18,29.895164625703547
172,id5,253.5,229.0,vial3,18,29.895164625703547
173,id5,253.5,226.0,vial3,18,29.895164625703547
174,id5,254.0,224.0,vial3,18,29.895164625703547
175,id5,253.5,221.0,vial3,18,29.895164625703547
176,id5,254.0,219.0,vial3,18,29.895164625703547
177,id5,254.0,216.0,vial3,18,29.895164625703547
178,id5,254.0,213.0,vial3,18,29.895164625703547
179,id5,254.5,210.0,vial3,18,29.895164625703547
180,id5,254.0,207.0,vial3,18,29.895164625703547
181,id5,254.0,204.5,vial3,18,29.895164625703547
182,id5,254.0,201.5,vial3,18,29.895164625703547
183,id5,254.0,199.0,vial3,18,29.895164625703547
184,id5,254.0,196.0,vial3,18,29.895164625703547
185,id5,254.0,193.0,vial3,18,29.895164625703547
186,id5,254.0,190.0,vial3,18,29.895164625703547
187,id5,254.0,188.0,vial3,18,29.895164625703547
188,id5,254.0,185.0,vial3,18,29.895164625703547
189,id5,254.0,182.0,vial3,18,29.895164625703547
190,id5,254.0,180.0,vial3,18,29.895164625703547
191,id5,254.0,177.0,vial3,18,29.895164625703547
192,id5,254.0,175.0,vial3,18,29.895164625703547
193,id5,254.0,173.0,vial3,18,29.895164625703547
194,id5,254.0,170.5,vial3,18,29.895164625703547
195,id5,254.0,168.0,vial3,18,29.895164625703547
196,id5,254.0,165.0,vial3,18,29.895164625703547
197,id5,254.0,163.0,vial3,18,29.895164625703547
198,id5,254.5,160.0,vial3,18,29.895164625703547
199,id5,254.0,158.0,vial3,18,29.895164625703547
200,id5,254.0,157.0,vial3,18,29.895164625703547
201,id5,254.0,156.0,vial3,18,29.895164625703547
202,id5,254.0,154.5,vial3,18,29.895164625703547
203,id5,254.5,152.0,vial3,18,29.895164625703547
204,id5,254.5,150.0,vial3,18,29.895164625703547
205,id5,254.5,148.0,vial3,18,29.895164625703547
206,id5,255.0,145.0,vial3,18,29.895164625703547
207,id5,255.5,144.0,vial3,18,29.895164625703547
208,id5,256.0,142.0,vial3,18,29.895164625703547
209,id5,256.5,141.0,vial3,18,29.895164625703547
210,id5,256.5,139.0,vial3,18,29.895164625703547
211,id5,257.5,138.0,vial3,18,29.895164625703547
212,id5,257.5,137.0,vial3,18,29.895164625703547
213,id5,258.5,135.5,vial3,18,29.895164625703547
214,id5,259.0,134.0,vial3,18,29.895164625703547
215,id5,259.5,133.0,vial3,18,29.895164625703547
216,id5,260.5,132.0,vial3,18,29.895164625703547
217,id5,261.5,130.0,vial3,18,29.895164625703547
218,id5,262.5,128.0,vial3,18,29.895164625703547
219,id5,263.5,127.0,vial3,18,29.895164625703547
220,id5,264.5,125.5,vial3,18,29.895164625703547
221,id5,266.0,125.0,vial3,18,29.895164625703547
222,id5,268.0,124.0,vial3,18,29.895164625703547
223,id5,269.0,123.0,vial3,18,29.895164625703547
224,id5,270.5,122.0,vial3,18,29.895164625703547
225,id5,271.5,121.0,vial3,18,29.895164625703547
226,id5,271.5,120.0,vial3,18,29.895164625703547
227,id5,272.5,119.5,vial3,18,29.895164625703547
228,id5,272.5,119.5,vial3,18,29.895164625703547
229,id5,272.5,119.5,vial3,18,29.895164625703547
230,id5,272.5,119.5,vial3,18,29.895164625703547
231,id5,272.5,119.5,vial3,18,29.895164625703547
232,id5,272.5,119.5,vial3,18,29.895164625703547
233,id5,272.5,118.5,vial3,18,29.895164625703547
234,id5,273.0,118.0,vial3,18,29.895164625703547
235,id5,273.0,118.0,vial3,18,29.895164625703547
236,id5,273.0,118.0,vial3,18,29.895164625703547
237,id5,273.5,120.5,vial3,18,29.895164625703547
238,id5,276.5,119.0,vial3,18,29.895164625703547
239,id5,290.0,107.0,vial3,18,29.895164625703547
240,id5,295.0,94.0,vial3,18,29.895164625703547
241,id5,295.0,110.5,vial3,18,29.895164625703547
242,id5,294.5,118.0,vial3,18,29.895164625703547
243,id5,298.5,103.5,vial3,18,29.895164625703547
244,id5,297.5,80.5,vial3,18,29.895164625703547
245,id5,289.0,70.0,vial3,18,29.895164625703547
246,id5,292.0,79.5,vial3,18,29.895164625703547
247,id5,285.5,89.0,vial3,18,29.895164625703547
248,id5,276.5,98.0,vial3,18,29.895164625703547
249,id5,277.5,107.0,vial3,18,29.895164625703547
250,id5,271.5,113.5,vial3,18,29.895164625703547
251,id5,265.5,122.0,vial3,18,29.895164625703547
252,id5,264.0,122.0,vial3,18,29.895164625703547
253,id5,263.5,122.0,vial3,18,29.895164625703547
254,id5,263.5,122.5,vial3,18,29.895164625703547
255,id5,263.5,123.0,vial3,18,29.895164625703547
256,id5,263.5,122.0,vial3,18,29.895164625703547
257,id5,263.5,122.0,vial3,18,29.895164625703547
258,id5,264.5,121.5,vial3,18,29.895164625703547
259,id5,265.0,120.5,vial3,18,29.895164625703547
260,id5,265.5,120.0,vial3,18,29.895164625703547
261,id5,266.5,119.0,vial3,18,29.895164625703547
262,id5,267.5,118.0,vial3,18,29.895164625703547
263,id5,268.5,117.0,vial3,18,29.895164625703547
264,id5,269.5,115.5,vial3,18,29.895164625703547
265,id5,271.0,114.0,vial3,18,29.895164625703547
266,id5,272.5,112.0,vial3,18,29.895164625703547
267,id5,274.0,110.5,vial3,18,29.895164625703547
268,id5,275.5,108.5,vial3,18,29.895164625703547
269,id5,277.5,106.5,vial3,18,29.895164625703547
270,id5,279.5,105.0,vial3,18,29.895164625703547
271,id5,281.5,103.5,vial3,18,29.895164625703547
272,id5,282.5,102.5,vial3,18,29.895164625703547
273,id5,284.0,102.0,vial3,18,29.895164625703547
274,id5,286.0,100.5,vial3,18,29.895164625703547
275,id5,287.5,100.0,vial3,18,29.895164625703547
276,id5,289.5,100.0,vial3,18,29.895164625703547
277,id5,290.5,99.5,vial3,18,29.895164625703547
278,id5,291.5,99.5,vial3,18,29.895164625703547
279,id5,291.5,99.5,vial3,18,29.895164625703547
280,id5,291.0,99.5,vial3,18,29.895164625703547
281,id5,290.5,99.5,vial3,18,29.895164625703547
282,id5,290.0,99.0,vial3,18,29.895164625703547
283,id5,289.5,97.5,vial3,18,29.895164625703547
284,id5,289.5,95.5,vial3,18,29.895164625703547
285,id5,288.5,93.5,vial3,18,29.895164625703547
286,id5,287.5,91.5,vial3,18,29.895164625703547
287,id5,286.5,89.5,vial3,18,29.895164625703547
288,id5,285.0,87.5,vial3,18,29.895164625703547
289,id5,283.5,85.5,vial3,18,29.895164625703547
290,id5,282.0,84.5,vial3,18,29.895164625703547
291,id5,280.5,83.5,vial3,18,29.895164625703547
292,id5,278.5,81.5,vial3,18,29.895164625703547
293,id5,277.5,79.5,vial3,18,29.895164625703547
294,id5,276.0,78.5,vial3,18,29.895164625703547
295,id5,275.0,77.5,vial3,18,29.895164625703547
296,id5,274.0,75.5,vial3,18,29.895164625703547
297,id5,273.0,74.5,vial3,18,29.895164625703547
298,id5,272.0,72.5,vial3,18,29.895164625703547
299,id5,270.5,70.0,vial3,18,29.895164625703547
300,id5,269.5,68.0,vial3,18,29.895164625703547
301,id5,269.0,65.5,vial3,18,29.895164625703547
302,id5,268.5,63.5,vial3,18,29.895164625703547
303,id5,268.0,60.5,vial3,18,29.895164625703547
304,id5,267.5,58.5,vial3,18,29.895164625703547
305,id5,267.5,55.5,vial3,18,29.895164625703547
306,id5,267.0,52.5,vial3,18,29.895164625703547
307,id5,266.5,50.0,vial3,18,29.895164625703547
308,id5,267.0,47.5,vial3,18,29.895164625703547
309,id5,267.0,44.5,vial3,18,29.895164625703547
310,id5,267.5,41.5,vial3,18,29.895164625703547
311,id5,267.5,39.5,vial3,18,29.895164625703547
312,id5,268.5,37.0,vial3,18,29.895164625703547
313,id5,268.5,34.5,vial3,18,29.895164625703547
314,id5,269.0,31.5,vial3,18,29.895164625703547
315,id5,270.5,29.0,vial3,18,29.895164625703547
316,id5,270.5,26.5,vial3,18,29.895164625703547
317,id5,271.0,24.5,vial3,18,29.895164625703547
318,id5,271.5,22.5,vial3,18,29.895164625703547
319,id5,272.5,19.5,vial3,18,29.895164625703547
320,id5,272.5,18.0,vial3,18,29.895164625703547
321,id5,273.5,15.5,vial3,18,29.895164625703547
322,id5,273.5,13.5,vial3,18,29.895164625703547
323,id5,274.5,11.5,vial3,18,29.895164625703547
0,id6,52.5,323.0,vial1,7,29.895164625703547
1,id6,49.0,321.0,vial1,7,29.895164625703547
2,id6,46.5,319.5,vial1,7,29.895164625703547
3,id6,43.0,318.5,vial1,7,29.895164625703547
4,id6,40.0,317.5,vial1,7,29.895164625703547
5,id6,38.0,317.0,vial1,7,29.895164625703547
6,id6,35.5,316.0,vial1,7,29.895164625703547
7,id6,32.5,317.0,vial1,7,29.895164625703547
8,id6,30.5,317.0,vial1,7,29.895164625703547
9,id6,28.0,318.0,vial1,7,29.895164625703547
10,id6,24.0,319.0,vial1,7,29.895164625703547
11,id6,22.5,321.5,vial1,7,29.895164625703547
12,id6,20.5,323.0,vial1,7,29.895164625703547
13,id6,18.5,325.0,vial1,7,29.895164625703547
14,id6,16.5,327.5,vial1,7,29.895164625703547
15,id6,14.5,329.5,vial1,7,29.895164625703547
16,id6,13.0,331.5,vial1,7,29.895164625703547
17,id6,12.0,333.0,vial1,7,29.895164625703547
18,id6,11.0,333.5,vial1,7,29.895164625703547
19,id6,39.5,352.5,vial1,7,29.895164625703547
20,id6,67.5,305.0,vial1,7,29.895164625703547
21,id6,67.5,311.0,vial1,7,29.895164625703547
22,id6,67.5,310.5,vial1,7,29.895164625703547
23,id6,67.5,307.5,vial1,7,29.895164625703547
24,id6,68.5,304.5,vial1,7,29.895164625703547
25,id6,68.5,302.5,vial1,7,29.895164625703547
26,id6,68.5,300.5,vial1,7,29.895164625703547
27,id6,68.5,300.5,vial1,7,29.895164625703547
28,id6,68.5,300.5,vial1,7,29.895164625703547
29,id6,68.5,300.5,vial1,7,29.895164625703547
30,id6,68.5,300.5,vial1,7,29.895164625703547
31,id6,67.5,300.0,vial1,7,29.895164625703547
32,id6,67.5,299.0,vial1,7,29.895164625703547
33,id6,66.5,296.0,vial1,7,29.895164625703547
34,id6,65.0,294.0,vial1,7,29.895164625703547
35,id6,63.5,292.5,vial1,7,29.895164625703547
36,id6,61.5,289.5,vial1,7,29.895164625703547
37,id6,59.0,288.0,vial1,7,29.895164625703547
38,id6,57.5,286.5,vial1,7,29.895164625703547
39,id6,55.5,285.0,vial1,7,29.895164625703547
40,id6,53.0,283.0,vial1,7,29.895164625703547
41,id6,51.0,281.5,vial1,7,29.895164625703547
42,id6,48.5,279.5,vial1,7,29.895164625703547
43,id6,46.0,277.5,vial1,7,29.895164625703547
44,id6,44.0,275.0,vial1,7,29.895164625703547
45,id6,41.5,273.5,vial1,7,29.895164625703547
46,id6,39.5,271.5,vial1,7,29.895164625703547
47,id6,38.0,270.5,vial1,7,29.895164625703547
48,id6,36.0,268.5,vial1,7,29.895164625703547
49,id6,34.5,267.5,vial1,7,29.895164625703547
50,id6,33.5,265.5,vial1,7,29.895164625703547
51,id6,31.5,263.5,vial1,7,29.895164625703547
52,id6,31.0,262.5,vial1,7,29.895164625703547
53,id6,31.0,262.5,vial1,7,29.895164625703547
54,id6,31.0,262.5,vial1,7,29.895164625703547
55,id6,31.0,262.5,vial1,7,29.895164625703547
56,id6,31.5,262.5,vial1,7,29.895164625703547
57,id6,31.5,262.5,vial1,7,29.895164625703547
58,id6,31.5,262.5,vial1,7,29.895164625703547
59,id6,31.5,262.5,vial1,7,29.895164625703547
60,id6,30.5,260.0,vial1,7,29.895164625703547
61,id6,33.5,253.5,vial1,7,29.895164625703547
62,id6,37.5,274.0,vial1,7,29.895164625703547
63,id6,48.0,311.0,vial1,7,29.895164625703547
64,id6,63.0,333.0,vial1,7,29.895164625703547
66,id6,68.0,351.5,vial1,7,29.895164625703547
73,id6,70.5,351.0,vial1,7,29.895164625703547
74,id6,70.5,350.5,vial1,7,29.895164625703547
75,id6,70.0,350.0,vial1,7,29.895164625703547
76,id6,70.5,350.5,vial1,7,29.895164625703547
77,id6,69.5,350.5,vial1,7,29.895164625703547
78,id6,70.0,349.0,vial1,7,29.895164625703547
79,id6,70.0,348.5,vial1,7,29.895164625703547
80,id6,70.5,348.5,vial1,7,29.895164625703547
81,id6,70.5,348.5,vial1,7,29.895164625703547
82,id6,72.0,349.5,vial1,7,29.895164625703547
83,id6,72.0,349.5,vial1,7,29.895164625703547
84,id6,72.0,349.5,vial1,7,29.895164625703547
85,id6,69.5,349.5,vial1,7,29.895164625703547
86,id6,67.0,349.5,vial1,7,29.895164625703547
87,id6,65.0,349.5,vial1,7,29.895164625703547
88,id6,64.0,349.5,vial1,7,29.895164625703547
89,id6,64.0,349.5,vial1,7,29.895164625703547
90,id6,62.0,349.0,vial1,7,29.895164625703547
91,id6,61.0,349.0,vial1,7,29.895164625703547
92,id6,60.5,349.0,vial1,7,29.895164625703547
93,id6,59.5,349.0,vial1,7,29.895164625703547
94,id6,59.5,349.5,vial1,7,29.895164625703547
95,id6,59.0,350.0,vial1,7,29.895164625703547
96,id6,59.0,350.0,vial1,7,29.895164625703547
97,id6,58.5,350.0,vial1,7,29.895164625703547
98,id6,58.0,350.0,vial1,7,29.895164625703547
99,id6,57.0,350.0,vial1,7,29.895164625703547
100,id6,56.0,350.0,vial1,7,29.895164625703547
101,id6,54.0,350.5,vial1,7,29.895164625703547
102,id6,52.0,350.5,vial1,7,29.895164625703547
103,id6,51.0,350.5,vial1,7,29.895164625703547
104,id6,50.5,350.5,vial1,7,29.895164625703547
105,id6,49.0,350.5,vial1,7,29.895164625703547
106,id6,48.0,350.5,vial1,7,29.895164625703547
107,id6,44.0,350.5,vial1,7,29.895164625703547
108,id6,43.0,350.0,vial1,7,29.895164625703547
112,id6,36.0,319.0,vial1,7,29.895164625703547
113,id6,21.0,278.0,vial1,7,29.895164625703547
114,id6,22.0,241.5,vial1,7,29.895164625703547
115,id6,34.5,214.0,vial1,7,29.895164625703547
116,id6,50.0,195.5,vial1,7,29.895164625703547
117,id6,54.0,184.0,vial1,7,29.895164625703547
118,id6,46.5,175.0,vial1,7,29.895164625703547
119,id6,44.5,174.5,vial1,7,29.895164625703547
120,id6,44.5,174.5,vial1,7,29.895164625703547
121,id6,44.5,174.5,vial1,7,29.895164625703547
122,id6,44.5,174.0,vial1,7,29.895164625703547
123,id6,44.5,174.0,vial1,7,29.895164625703547
124,id6,44.5,174.0,vial1,7,29.895164625703547
125,id6,44.5,174.0,vial1,7,29.895164625703547
126,id6,44.5,174.0,vial1,7,29.895164625703547
127,id6,44.5,173.0,vial1,7,29.895164625703547
128,id6,44.5,172.5,vial1,7,29.895164625703547
129,id6,44.5,171.5,vial1,7,29.895164625703547
130,id6,44.5,170.5,vial1,7,29.895164625703547
131,id6,45.0,170.5,vial1,7,29.895164625703547
132,id6,45.0,170.5,vial1,7,29.895164625703547
133,id6,45.0,170.5,vial1,7,29.895164625703547
134,id6,45.0,170.5,vial1,7,29.895164625703547
135,id6,45.0,170.5,vial1,7,29.895164625703547
136,id6,45.0,170.5,vial1,7,29.895164625703547
137,id6,45.0,170.5,vial1,7,29.895164625703547
138,id6,45.0,170.5,vial1,7,29.895164625703547
139,id6,45.0,170.5,vial1,7,29.895164625703547
140,id6,45.0,170.0,vial1,7,29.895164625703547
141,id6,45.0,170.0,vial1,7,29.895164625703547
142,id6,46.5,156.0,vial1,7,29.895164625703547
143,id6,49.0,130.0,vial1,7,29.895164625703547
144,id6,54.5,102.5,vial1,7,29.895164625703547
145,id6,56.5,84.5,vial1,7,29.895164625703547
146,id6,59.0,68.5,vial1,7,29.895164625703547
147,id6,59.0,60.0,vial1,7,29.895164625703547
148,id6,59.5,64.5,vial1,7,29.895164625703547
149,id6,58.5,58.0,vial1,7,29.895164625703547
150,id6,66.5,51.5,vial1,7,29.895164625703547
151,id6,67.0,54.0,vial1,7,29.895164625703547
152,id6,67.5,53.0,vial1,7,29.895164625703547
153,id6,67.5,52.0,vial1,7,29.895164625703547
154,id6,67.5,52.0,vial1,7,29.895164625703547
155,id6,67.5,52.0,vial1,7,29.895164625703547
156,id6,67.5,52.0,vial1,7,29.895164625703547
157,id6,67.5,52.0,vial1,7,29.895164625703547
158,id6,67.5,52.0,vial1,7,29.895164625703547
159,id6,67.5,52.0,vial1,7,29.895164625703547
160,id6,67.5,52.0,vial1,7,29.895164625703547
161,id6,67.5,52.0,vial1,7,29.895164625703547
162,id6,68.0,52.0,vial1,7,29.895164625703547
163,id6,68.0,52.0,vial1,7,29.895164625703547
164,id6,68.0,52.0,vial1,7,29.895164625703547
165,id6,68.0,51.5,vial1,7,29.895164625703547
166,id6,68.0,51.5,vial1,7,29.895164625703547
167,id6,68.0,51.5,vial1,7,29.895164625703547
168,id6,68.0,51.5,vial1,7,29.895164625703547
169,id6,68.0,51.5,vial1,7,29.895164625703547
170,id6,68.0,51.5,vial1,7,29.895164625703547
171,id6,68.0,51.5,vial1,7,29.895164625703547
172,id6,68.0,51.5,vial1,7,29.895164625703547
173,id6,68.0,51.5,vial1,7,29.895164625703547
174,id6,68.0,51.5,vial1,7,29.895164625703547
175,id6,68.0,51.5,vial1,7,29.895164625703547
176,id6,68.0,51.5,vial1,7,29.895164625703547
177,id6,68.0,51.5,vial1,7,29.895164625703547
178,id6,68.0,51.5,vial1,7,29.895164625703547
179,id6,68.0,51.5,vial1,7,29.895164625703547
180,id6,68.0,51.5,vial1,7,29.895164625703547
181,id6,68.0,50.5,vial1,7,29.895164625703547
182,id6,68.0,50.5,vial1,7,29.895164625703547
183,id6,68.0,50.5,vial1,7,29.895164625703547
184,id6,68.0,50.5,vial1,7,29.895164625703547
185,id6,67.5,50.5,vial1,7,29.895164625703547
186,id6,68.0,50.5,vial1,7,29.895164625703547
187,id6,68.0,50.5,vial1,7,29.895164625703547
188,id6,68.0,50.5,vial1,7,29.895164625703547
189,id6,68.0,50.5,vial1,7,29.895164625703547
190,id6,67.0,49.5,vial1,7,29.895164625703547
191,id6,37.0,34.0,vial1,7,29.895164625703547
192,id6,22.0,21.5,vial1,7,29.895164625703547
193,id6,21.5,21.0,vial1,7,29.895164625703547
194,id6,21.5,21.0,vial1,7,29.895164625703547
195,id6,21.5,21.0,vial1,7,29.895164625703547
196,id6,21.5,21.0,vial1,7,29.895164625703547
197,id6,21.5,21.0,vial1,7,29.895164625703547
198,id6,21.5,21.0,vial1,7,29.895164625703547
199,id6,21.5,21.0,vial1,7,29.895164625703547
200,id6,21.5,21.0,vial1,7,29.895164625703547
201,id6,21.5,21.5,vial1,7,29.895164625703547
202,id6,22.0,20.5,vial1,7,29.895164625703547
203,id6,21.5,19.5,vial1,7,29.895164625703547
204,id6,20.5,17.5,vial1,7,29.895164625703547
205,id6,20.0,15.5,vial1,7,29.895164625703547
206,id6,19.5,13.5,vial1,7,29.895164625703547
207,id6,19.5,13.0,vial1,7,29.895164625703547
208,id6,19.0,12.0,vial1,7,29.895164625703547
209,id6,18.5,11.5,vial1,7,29.895164625703547
210,id6,18.5,11.5,vial1,7,29.895164625703547
211,id6,18.5,11.5,vial1,7,29.895164625703547
212,id6,18.5,11.5,vial1,7,29.895164625703547
213,id6,18.5,12.0,vial1,7,29.895164625703547
214,id6,18.5,11.5,vial1,7,29.895164625703547
215,id6,18.5,11.5,vial1,7,29.895164625703547
216,id6,18.5,11.5,vial1,7,29.895164625703547
217,id6,18.5,11.5,vial1,7,29.895164625703547
218,id6,18.5,11.5,vial1,7,29.895164625703547
219,id6,18.5,11.5,vial1,7,29.895164625703547
220,id6,18.5,11.5,vial1,7,29.895164625703547
0,id7,21.5,329.5,vial1,1,29.895164625703547
1,id7,20.5,326.0,vial1,1,29.895164625703547
2,id7,20.5,323.5,vial1,1,29.895164625703547
3,id7,20.0,320.0,vial1,1,29.895164625703547
4,id7,18.5,317.0,vial1,1,29.895164625703547
5,id7,18.5,314.5,vial1,1,29.895164625703547
6,id7,17.5,311.5,vial1,1,29.895164625703547
7,id7,16.5,309.0,vial1,1,29.895164625703547
8,id7,15.5,306.0,vial1,1,29.895164625703547
9,id7,15.5,304.0,vial1,1,29.895164625703547
10,id7,15.0,302.5,vial1,1,29.895164625703547
11,id7,14.5,301.0,vial1,1,29.895164625703547
12,id7,14.0,298.5,vial1,1,29.895164625703547
13,id7,14.0,296.5,vial1,1,29.895164625703547
14,id7,13.5,294.5,vial1,1,29.895164625703547
15,id7,14.0,292.5,vial1,1,29.895164625703547
16,id7,13.5,290.5,vial1,1,29.895164625703547
17,id7,14.0,289.5,vial1,1,29.895164625703547
18,id7,14.0,288.5,vial1,1,29.895164625703547
19,id7,13.5,287.0,vial1,1,29.895164625703547
20,id7,13.5,285.5,vial1,1,29.895164625703547
21,id7,13.5,282.5,vial1,1,29.895164625703547
22,id7,13.0,280.5,vial1,1,29.895164625703547
23,id7,13.0,279.0,vial1,1,29.895164625703547
24,id7,13.5,277.0,vial1,1,29.895164625703547
25,id7,13.0,275.0,vial1,1,29.895164625703547
26,id7,13.0,272.5,vial1,1,29.895164625703547
27,id7,13.5,270.5,vial1,1,29.895164625703547
28,id7,12.5,269.0,vial1,1,29.895164625703547
29,id7,12.5,267.5,vial1,1,29.895164625703547
30,id7,12.5,267.5,vial1,1,29.895164625703547
31,id7,12.5,267.5,vial1,1,29.895164625703547
32,id7,12.5,267.5,vial1,1,29.895164625703547
33,id7,12.5,267.5,vial1,1,29.895164625703547
34,id7,12.5,267.5,vial1,1,29.895164625703547
35,id7,12.5,267.5,vial1,1,29.895164625703547
36,id7,12.5,267.5,vial1,1,29.895164625703547
37,id7,12.5,267.5,vial1,1,29.895164625703547
38,id7,12.5,267.5,vial1,1,29.895164625703547
39,id7,12.5,266.5,vial1,1,29.895164625703547
40,id7,13.5,265.0,vial1,1,29.895164625703547
41,id7,14.5,263.0,vial1,1,29.895164625703547
42,id7,14.5,261.0,vial1,1,29.895164625703547
43,id7,16.0,258.5,vial1,1,29.895164625703547
44,id7,16.5,256.0,vial1,1,29.895164625703547
45,id7,17.5,253.5,vial1,1,29.895164625703547
46,id7,19.0,250.5,vial1,1,29.895164625703547
47,id7,20.0,247.5,vial1,1,29.895164625703547
48,id7,21.0,245.5,vial1,1,29.895164625703547
49,id7,22.0,242.5,vial1,1,29.895164625703547
50,id7,23.0,240.5,vial1,1,29.895164625703547
51,id7,24.0,236.5,vial1,1,29.895164625703547
52,id7,25.0,233.5,vial1,1,29.895164625703547
53,id7,25.0,230.5,vial1,1,29.895164625703547
54,id7,25.5,227.5,vial1,1,29.895164625703547
55,id7,25.5,224.0,vial1,1,29.895164625703547
56,id7,25.5,221.5,vial1,1,29.895164625703547
57,id7,25.5,218.5,vial1,1,29.895164625703547
58,id7,25.5,215.5,vial1,1,29.895164625703547
59,id7,25.5,212.5,vial1,1,29.895164625703547
60,id7,26.0,209.5,vial1,1,29.895164625703547
61,id7,26.0,207.5,vial1,1,29.895164625703547
62,id7,26.0,204.5,vial1,1,29.895164625703547
63,id7,26.5,202.5,vial1,1,29.895164625703547
64,id7,27.0,200.5,vial1,1,29.895164625703547
65,id7,27.0,198.5,vial1,1,29.895164625703547
66,id7,27.0,197.5,vial1,1,29.895164625703547
67,id7,27.5,197.5,vial1,1,29.895164625703547
68,id7,27.5,197.5,vial1,1,29.895164625703547
69,id7,32.0,180.5,vial1,1,29.895164625703547
70,id7,37.0,151.5,vial1,1,29.895164625703547
71,id7,70.5,131.0,vial1,1,29.895164625703547
72,id7,73.5,129.0,vial1,1,29.895164625703547
73,id7,73.0,129.5,vial1,1,29.895164625703547
74,id7,73.0,129.0,vial1,1,29.895164625703547
75,id7,73.0,128.5,vial1,1,29.895164625703547
76,id7,72.5,126.5,vial1,1,29.895164625703547
77,id7,73.0,123.5,vial1,1,29.895164625703547
78,id7,73.0,121.0,vial1,1,29.895164625703547
79,id7,72.5,118.5,vial1,1,29.895164625703547
80,id7,72.5,116.0,vial1,1,29.895164625703547
81,id7,72.5,113.0,vial1,1,29.895164625703547
82,id7,72.5,110.5,vial1,1,29.895164625703547
83,id7,72.0,108.0,vial1,1,29.895164625703547
84,id7,71.5,106.0,vial1,1,29.895164625703547
85,id7,70.5,103.5,vial1,1,29.895164625703547
86,id7,70.5,101.0,vial1,1,29.895164625703547
87,id7,69.5,98.5,vial1,1,29.895164625703547
88,id7,68.5,96.5,vial1,1,29.895164625703547
89,id7,67.5,94.0,vial1,1,29.895164625703547
90,id7,66.0,92.5,vial1,1,29.895164625703547
91,id7,65.0,91.0,vial1,1,29.895164625703547
92,id7,64.5,90.0,vial1,1,29.895164625703547
93,id7,64.0,89.0,vial1,1,29.895164625703547
94,id7,63.0,88.0,vial1,1,29.895164625703547
95,id7,63.0,86.5,vial1,1,29.895164625703547
96,id7,63.0,85.0,vial1,1,29.895164625703547
97,id7,62.5,84.0,vial1,1,29.895164625703547
98,id7,62.5,81.5,vial1,1,29.895164625703547
99,id7,62.5,80.0,vial1,1,29.895164625703547
100,id7,62.5,77.5,vial1,1,29.895164625703547
101,id7,61.5,74.5,vial1,1,29.895164625703547
102,id7,61.5,72.0,vial1,1,29.895164625703547
103,id7,61.5,69.5,vial1,1,29.895164625703547
104,id7,60.5,67.5,vial1,1,29.895164625703547
105,id7,60.5,64.5,vial1,1,29.895164625703547
106,id7,59.5,62.5,vial1,1,29.895164625703547
107,id7,59.5,59.5,vial1,1,29.895164625703547
108,id7,58.5,57.5,vial1,1,29.895164625703547
109,id7,57.5,54.5,vial1,1,29.895164625703547
110,id7,56.5,52.0,vial1,1,29.895164625703547
111,id7,56.0,50.5,vial1,1,29.895164625703547
112,id7,55.5,49.5,vial1,1,29.895164625703547
113,id7,55.0,47.5,vial1,1,29.895164625703547
114,id7,54.5,46.5,vial1,1,29.895164625703547
115,id7,53.5,45.5,vial1,1,29.895164625703547
116,id7,53.0,44.5,vial1,1,29.895164625703547
117,id7,53.0,44.5,vial1,1,29.895164625703547
118,id7,53.0,44.5,vial1,1,29.895164625703547
119,id7,53.0,44.5,vial1,1,29.895164625703547
120,id7,53.0,44.5,vial1,1,29.895164625703547
121,id7,53.0,44.5,vial1,1,29.895164625703547
122,id7,53.0,44.5,vial1,1,29.895164625703547
123,id7,53.5,44.5,vial1,1,29.895164625703547
124,id7,53.5,44.5,vial1,1,29.895164625703547
125,id7,51.0,40.0,vial1,1,29.895164625703547
126,id7,31.5,20.0,vial1,1,29.895164625703547
0,id8,315.5,254.0,vial3,22,29.895164625703547
1,id8,315.0,253.0,vial3,22,29.895164625703547
2,id8,316.5,251.5,vial3,22,29.895164625703547
3,id8,316.0,250.0,vial3,22,29.895164625703547
4,id8,315.0,248.0,vial3,22,29.895164625703547
5,id8,315.5,247.0,vial3,22,29.895164625703547
6,id8,315.0,245.0,vial3,22,29.895164625703547
7,id8,313.5,243.0,vial3,22,29.895164625703547
8,id8,313.5,241.0,vial3,22,29.895164625703547
9,id8,313.5,239.0,vial3,22,29.895164625703547
10,id8,312.5,237.0,vial3,22,29.895164625703547
11,id8,312.5,235.0,vial3,22,29.895164625703547
12,id8,311.5,233.0,vial3,22,29.895164625703547
13,id8,311.5,230.5,vial3,22,29.895164625703547
14,id8,310.5,229.0,vial3,22,29.895164625703547
15,id8,310.5,226.5,vial3,22,29.895164625703547
16,id8,309.5,224.5,vial3,22,29.895164625703547
17,id8,309.5,223.0,vial3,22,29.895164625703547
18,id8,308.5,221.0,vial3,22,29.895164625703547
19,id8,307.5,219.0,vial3,22,29.895164625703547
20,id8,307.5,216.5,vial3,22,29.895164625703547
21,id8,306.5,214.5,vial3,22,29.895164625703547
22,id8,305.5,212.0,vial3,22,29.895164625703547
23,id8,305.5,210.0,vial3,22,29.895164625703547
24,id8,305.5,207.5,vial3,22,29.895164625703547
25,id8,305.0,205.5,vial3,22,29.895164625703547
26,id8,305.0,203.5,vial3,22,29.895164625703547
27,id8,305.0,201.5,vial3,22,29.895164625703547
28,id8,305.0,199.5,vial3,22,29.895164625703547
29,id8,305.0,197.5,vial3,22,29.895164625703547
30,id8,305.0,195.5,vial3,22,29.895164625703547
31,id8,304.5,193.5,vial3,22,29.895164625703547
32,id8,304.5,191.0,vial3,22,29.895164625703547
33,id8,304.5,188.5,vial3,22,29.895164625703547
34,id8,304.5,186.5,vial3,22,29.895164625703547
35,id8,304.5,184.5,vial3,22,29.895164625703547
36,id8,304.5,182.5,vial3,22,29.895164625703547
37,id8,304.0,181.5,vial3,22,29.895164625703547
38,id8,303.5,179.5,vial3,22,29.895164625703547
39,id8,303.5,176.5,vial3,22,29.895164625703547
40,id8,303.5,174.5,vial3,22,29.895164625703547
41,id8,303.0,172.5,vial3,22,29.895164625703547
42,id8,303.0,170.5,vial3,22,29.895164625703547
43,id8,302.5,168.5,vial3,22,29.895164625703547
44,id8,302.5,166.0,vial3,22,29.895164625703547
45,id8,302.5,163.5,vial3,22,29.895164625703547
46,id8,301.5,161.5,vial3,22,29.895164625703547
47,id8,301.5,159.5,vial3,22,29.895164625703547
48,id8,301.0,157.0,vial3,22,29.895164625703547
49,id8,301.0,155.0,vial3,22,29.895164625703547
50,id8,301.0,153.0,vial3,22,29.895164625703547
51,id8,300.5,151.5,vial3,22,29.895164625703547
52,id8,300.5,149.5,vial3,22,29.895164625703547
53,id8,300.5,147.5,vial3,22,29.895164625703547
54,id8,299.5,145.5,vial3,22,29.895164625703547
55,id8,299.5,143.5,vial3,22,29.895164625703547
56,id8,299.5,141.0,vial3,22,29.895164625703547
57,id8,299.5,139.0,vial3,22,29.895164625703547
58,id8,300.0,136.5,vial3,22,29.895164625703547
59,id8,300.0,134.5,vial3,22,29.895164625703547
60,id8,300.5,132.5,vial3,22,29.895164625703547
61,id8,300.5,130.5,vial3,22,29.895164625703547
62,id8,300.5,128.5,vial3,22,29.895164625703547
63,id8,301.5,126.5,vial3,22,29.895164625703547
64,id8,301.0,123.5,vial3,22,29.895164625703547
65,id8,301.5,121.5,vial3,22,29.895164625703547
66,id8,302.0,118.5,vial3,22,29.895164625703547
67,id8,302.5,116.5,vial3,22,29.895164625703547
68,id8,302.5,114.5,vial3,22,29.895164625703547
69,id8,303.5,112.5,vial3,22,29.895164625703547
70,id8,303.5,110.5,vial3,22,29.895164625703547
71,id8,304.5,108.5,vial3,22,29.895164625703547
72,id8,305.5,106.0,vial3,22,29.895164625703547
73,id8,306.5,104.0,vial3,22,29.895164625703547
74,id8,307.0,102.0,vial3,22,29.895164625703547
75,id8,308.0,100.0,vial3,22,29.895164625703547
76,id8,309.0,98.0,vial3,22,29.895164625703547
77,id8,310.0,96.5,vial3,22,29.895164625703547
78,id8,311.0,95.5,vial3,22,29.895164625703547
79,id8,312.0,94.5,vial3,22,29.895164625703547
80,id8,313.0,93.0,vial3,22,29.895164625703547
81,id8,314.0,91.5,vial3,22,29.895164625703547
82,id8,314.5,89.5,vial3,22,29.895164625703547
83,id8,315.5,88.5,vial3,22,29.895164625703547
84,id8,316.5,87.0,vial3,22,29.895164625703547
85,id8,317.5,85.5,vial3,22,29.895164625703547
86,id8,318.0,84.5,vial3,22,29.895164625703547
87,id8,318.5,83.0,vial3,22,29.895164625703547
88,id8,319.5,83.0,vial3,22,29.895164625703547
89,id8,320.0,82.5,vial3,22,29.895164625703547
90,id8,320.0,82.5,vial3,22,29.895164625703547
91,id8,321.0,82.0,vial3,22,29.895164625703547
92,id8,320.5,81.0,vial3,22,29.895164625703547
93,id8,320.5,79.5,vial3,22,29.895164625703547
94,id8,321.0,77.5,vial3,22,29.895164625703547
95,id8,320.0,75.5,vial3,22,29.895164625703547
96,id8,320.0,73.0,vial3,22,29.895164625703547
97,id8,320.0,71.0,vial3,22,29.895164625703547
98,id8,320.5,69.0,vial3,22,29.895164625703547
99,id8,321.0,67.0,vial3,22,29.895164625703547
100,id8,321.0,65.0,vial3,22,29.895164625703547
101,id8,320.5,62.0,vial3,22,29.895164625703547
102,id8,320.5,60.0,vial3,22,29.895164625703547
103,id8,321.0,57.0,vial3,22,29.895164625703547
104,id8,321.0,55.0,vial3,22,29.895164625703547
105,id8,320.5,52.5,vial3,22,29.895164625703547
106,id8,320.5,50.0,vial3,22,29.895164625703547
107,id8,320.0,50.0,vial3,22,29.895164625703547
108,id8,320.5,49.0,vial3,22,29.895164625703547
109,id8,321.0,49.0,vial3,22,29.895164625703547
110,id8,321.0,48.0,vial3,22,29.895164625703547
111,id8,321.0,46.0,vial3,22,29.895164625703547
112,id8,321.0,45.0,vial3,22,29.895164625703547
113,id8,320.5,43.0,vial3,22,29.895164625703547
114,id8,320.5,41.0,vial3,22,29.895164625703547
115,id8,320.0,39.0,vial3,22,29.895164625703547
116,id8,320.0,37.5,vial3,22,29.895164625703547
117,id8,320.0,36.0,vial3,22,29.895164625703547
118,id8,320.0,34.0,vial3,22,29.895164625703547
119,id8,320.0,32.0,vial3,22,29.895164625703547
120,id8,320.0,30.0,vial3,22,29.895164625703547
121,id8,320.0,28.0,vial3,22,29.895164625703547
122,id8,320.0,25.5,vial3,22,29.895164625703547
123,id8,320.0,23.5,vial3,22,29.895164625703547
124,id8,320.0,21.5,vial3,22,29.895164625703547
125,id8,320.0,19.0,vial3,22,29.895164625703547
126,id8,320.0,17.0,vial3,22,29.895164625703547
127,id8,319.5,14.5,vial3,22,29.895164625703547
128,id8,319.5,12.5,vial3,22,29.895164625703547
129,id8,319.5,11.0,vial3,22,29.895164625703547
0,id9,633.5,334.5,vial6,38,29.895164625703547
1,id9,632.5,332.5,vial6,38,29.895164625703547
2,id9,633.5,331.5,vial6,38,29.895164625703547
3,id9,632.5,329.5,vial6,38,29.895164625703547
4,id9,632.5,327.5,vial6,38,29.895164625703547
5,id9,632.5,324.5,vial6,38,29.895164625703547
6,id9,632.5,323.5,vial6,38,29.895164625703547
7,id9,630.5,321.5,vial6,38,29.895164625703547
8,id9,630.5,320.5,vial6,38,29.895164625703547
9,id9,629.0,318.5,vial6,38,29.895164625703547
10,id9,628.0,317.0,vial6,38,29.895164625703547
11,id9,628.0,315.5,vial6,38,29.895164625703547
12,id9,627.0,314.0,vial6,38,29.895164625703547
13,id9,626.0,312.5,vial6,38,29.895164625703547
14,id9,626.0,311.5,vial6,38,29.895164625703547
15,id9,625.5,311.0,vial6,38,29.895164625703547
16,id9,625.0,310.5,vial6,38,29.895164625703547
17,id9,625.0,308.5,vial6,38,29.895164625703547
18,id9,625.0,307.5,vial6,38,29.895164625703547
19,id9,624.5,306.5,vial6,38,29.895164625703547
20,id9,624.5,305.5,vial6,38,29.895164625703547
21,id9,625.0,305.5,vial6,38,29.895164625703547
22,id9,624.5,305.0,vial6,38,29.895164625703547
23,id9,624.5,304.5,vial6,38,29.895164625703547
24,id9,625.5,304.5,vial6,38,29.895164625703547
25,id9,625.5,304.0,vial6,38,29.895164625703547
26,id9,625.5,303.5,vial6,38,29.895164625703547
27,id9,625.5,303.5,vial6,38,29.895164625703547
28,id9,625.5,303.5,vial6,38,29.895164625703547
29,id9,626.0,303.5,vial6,38,29.895164625703547
30,id9,626.5,304.5,vial6,38,29.895164625703547
31,id9,626.5,304.5,vial6,38,29.895164625703547
32,id9,627.5,305.5,vial6,38,29.895164625703547
33,id9,628.5,305.5,vial6,38,29.895164625703547
34,id9,629.0,305.5,vial6,38,29.895164625703547
35,id9,629.0,306.5,vial6,38,29.895164625703547
36,id9,629.5,307.0,vial6,38,29.895164625703547
37,id9,630.0,308.0,vial6,38,29.895164625703547
38,id9,630.5,309.0,vial6,38,29.895164625703547
39,id9,631.0,310.0,vial6,38,29.895164625703547
40,id9,632.0,311.0,vial6,38,29.895164625703547
41,id9,632.5,312.5,vial6,38,29.895164625703547
42,id9,633.0,313.5,vial6,38,29.895164625703547
43,id9,632.5,315.5,vial6,38,29.895164625703547
44,id9,634.5,316.5,vial6,38,29.895164625703547
45,id9,635.0,317.5,vial6,38,29.895164625703547
46,id9,635.5,319.0,vial6,38,29.895164625703547
47,id9,636.5,320.5,vial6,38,29.895164625703547
48,id9,637.5,321.5,vial6,38,29.895164625703547
49,id9,638.5,324.0,vial6,38,29.895164625703547
50,id9,639.0,324.0,vial6,38,29.895164625703547
51,id9,638.5,323.0,vial6,38,29.895164625703547
52,id9,638.5,323.5,vial6,38,29.895164625703547
53,id9,638.5,323.0,vial6,38,29.895164625703547
54,id9,638.5,323.0,vial6,38,29.895164625703547
55,id9,638.0,323.0,vial6,38,29.895164625703547
56,id9,638.5,323.0,vial6,38,29.895164625703547
57,id9,638.5,323.0,vial6,38,29.895164625703547
58,id9,638.5,323.0,vial6,38,29.895164625703547
59,id9,638.5,323.5,vial6,38,29.895164625703547
60,id9,638.5,323.0,vial6,38,29.895164625703547
61,id9,638.0,323.0,vial6,38,29.895164625703547
62,id9,638.0,323.0,vial6,38,29.895164625703547
63,id9,638.0,323.5,vial6,38,29.895164625703547
64,id9,637.5,323.0,vial6,38,29.895164625703547
65,id9,637.5,324.5,vial6,38,29.895164625703547
66,id9,638.0,325.5,vial6,38,29.895164625703547
67,id9,638.0,327.0,vial6,38,29.895164625703547
68,id9,638.0,327.5,vial6,38,29.895164625703547
69,id9,637.5,328.5,vial6,38,29.895164625703547
70,id9,637.0,330.0,vial6,38,29.895164625703547
71,id9,637.0,331.5,vial6,38,29.895164625703547
72,id9,637.0,332.5,vial6,38,29.895164625703547
73,id9,637.0,333.5,vial6,38,29.895164625703547
74,id9,636.5,334.5,vial6,38,29.895164625703547
75,id9,637.0,334.5,vial6,38,29.895164625703547
76,id9,637.0,334.5,vial6,38,29.895164625703547
77,id9,636.5,334.5,vial6,38,29.895164625703547
78,id9,637.0,334.5,vial6,38,29.895164625703547
79,id9,636.5,334.5,vial6,38,29.895164625703547
80,id9,636.5,334.5,vial6,38,29.895164625703547
81,id9,636.5,334.5,vial6,38,29.895164625703547
82,id9,637.0,334.5,vial6,38,29.895164625703547
83,id9,636.0,334.0,vial6,38,29.895164625703547
84,id9,636.0,334.0,vial6,38,29.895164625703547
85,id9,636.0,334.0,vial6,38,29.895164625703547
86,id9,636.0,334.0,vial6,38,29.895164625703547
87,id9,636.0,334.0,vial6,38,29.895164625703547
88,id9,636.0,334.0,vial6,38,29.895164625703547
89,id9,636.5,334.0,vial6,38,29.895164625703547
90,id9,636.5,334.5,vial6,38,29.895164625703547
91,id9,636.5,334.5,vial6,38,29.895164625703547
92,id9,636.5,334.5,vial6,38,29.895164625703547
93,id9,636.5,334.5,vial6,38,29.895164625703547
94,id9,636.5,334.5,vial6,38,29.895164625703547
95,id9,636.5,334.5,vial6,38,29.895164625703547
96,id9,636.5,334.5,vial6,38,29.895164625703547
97,id9,636.5,334.5,vial6,38,29.895164625703547
98,id9,636.5,334.5,vial6,38,29.895164625703547
99,id9,636.5,334.5,vial6,38,29.895164625703547
100,id9,636.5,334.5,vial6,38,29.895164625703547
101,id9,636.5,334.5,vial6,38,29.895164625703547
102,id9,636.5,334.5,vial6,38,29.895164625703547
103,id9,636.5,334.5,vial6,38,29.895164625703547
104,id9,636.5,334.5,vial6,38,29.895164625703547
105,id9,636.5,334.5,vial6,38,29.895164625703547
106,id9,636.5,334.5,vial6,38,29.895164625703547
107,id9,636.0,334.5,vial6,38,29.895164625703547
108,id9,636.0,334.5,vial6,38,29.895164625703547
109,id9,636.0,335.0,vial6,38,29.895164625703547
110,id9,635.5,335.0,vial6,38,29.895164625703547
111,id9,635.5,335.5,vial6,38,29.895164625703547
112,id9,635.0,336.5,vial6,38,29.895164625703547
113,id9,634.0,337.5,vial6,38,29.895164625703547
114,id9,633.0,338.0,vial6,38,29.895164625703547
115,id9,632.0,338.0,vial6,38,29.895164625703547
116,id9,631.0,338.5,vial6,38,29.895164625703547
117,id9,630.5,338.5,vial6,38,29.895164625703547
118,id9,629.5,339.5,vial6,38,29.895164625703547
119,id9,628.5,339.5,vial6,38,29.895164625703547
120,id9,627.5,340.5,vial6,38,29.895164625703547
121,id9,627.5,340.5,vial6,38,29.895164625703547
122,id9,627.0,341.0,vial6,38,29.895164625703547
123,id9,626.5,341.5,vial6,38,29.895164625703547
124,id9,625.5,341.0,vial6,38,29.895164625703547
125,id9,627.0,342.0,vial6,38,29.895164625703547
126,id9,625.0,341.5,vial6,38,29.895164625703547
127,id9,625.0,341.5,vial6,38,29.895164625703547
128,id9,625.0,341.5,vial6,38,29.895164625703547
129,id9,625.0,341.5,vial6,38,29.895164625703547
130,id9,625.0,341.5,vial6,38,29.895164625703547
131,id9,625.0,341.5,vial6,38,29.895164625703547
132,id9,625.0,341.5,vial6,38,29.895164625703547
133,id9,625.0,341.5,vial6,38,29.895164625703547
134,id9,625.0,341.5,vial6,38,29.895164625703547
135,id9,625.0,341.5,vial6,38,29.895164625703547
136,id9,625.0,341.5,vial6,38,29.895164625703547
137,id9,625.5,341.5,vial6,38,29.895164625703547
138,id9,626.0,341.5,vial6,38,29.895164625703547
139,id9,625.0,341.5,vial6,38,29.895164625703547
140,id9,625.0,341.5,vial6,38,29.895164625703547
141,id9,625.0,341.0,vial6,38,29.895164625703547
142,id9,625.0,341.0,vial6,38,29.895164625703547
143,id9,625.0,341.0,vial6,38,29.895164625703547
144,id9,625.0,340.5,vial6,38,29.895164625703547
145,id9,625.0,340.5,vial6,38,29.895164625703547
146,id9,625.0,340.5,vial6,38,29.895164625703547
147,id9,625.0,340.0,vial6,38,29.895164625703547
148,id9,625.0,339.5,vial6,38,29.895164625703547
149,id9,625.5,339.5,vial6,38,29.895164625703547
150,id9,626.5,339.5,vial6,38,29.895164625703547
151,id9,626.5,340.0,vial6,38,29.895164625703547
152,id9,626.0,340.0,vial6,38,29.895164625703547
153,id9,625.5,339.5,vial6,38,29.895164625703547
154,id9,625.5,339.5,vial6,38,29.895164625703547
155,id9,626.5,339.5,vial6,38,29.895164625703547
156,id9,626.0,338.5,vial6,38,29.895164625703547
157,id9,625.5,338.5,vial6,38,29.895164625703547
158,id9,626.0,339.0,vial6,38,29.895164625703547
159,id9,625.5,338.5,vial6,38,29.895164625703547
160,id9,625.5,338.5,vial6,38,29.895164625703547
161,id9,625.5,338.5,vial6,38,29.895164625703547
162,id9,625.5,338.5,vial6,38,29.895164625703547
163,id9,625.5,338.5,vial6,38,29.895164625703547
164,id9,625.5,338.5,vial6,38,29.895164625703547
165,id9,625.5,338.5,vial6,38,29.895164625703547
166,id9,625.5,338.5,vial6,38,29.895164625703547
167,id9,626.0,338.5,vial6,38,29.895164625703547
168,id9,626.0,338.5,vial6,38,29.895164625703547
169,id9,626.5,338.5,vial6,38,29.895164625703547
170,id9,626.5,338.5,vial6,38,29.895164625703547
171,id9,627.0,338.5,vial6,38,29.895164625703547
172,id9,627.5,338.5,vial6,38,29.895164625703547
173,id9,628.0,338.5,vial6,38,29.895164625703547
174,id9,628.0,338.0,vial6,38,29.895164625703547
175,id9,629.0,338.0,vial6,38,29.895164625703547
176,id9,629.0,338.0,vial6,38,29.895164625703547
177,id9,629.0,338.0,vial6,38,29.895164625703547
178,id9,630.0,338.5,vial6,38,29.895164625703547
179,id9,629.5,338.0,vial6,38,29.895164625703547
180,id9,629.5,338.0,vial6,38,29.895164625703547
181,id9,629.5,338.0,vial6,38,29.895164625703547
182,id9,629.5,338.0,vial6,38,29.895164625703547
183,id9,629.0,338.0,vial6,38,29.895164625703547
184,id9,629.0,338.0,vial6,38,29.895164625703547
185,id9,629.0,338.0,vial6,38,29.895164625703547
186,id9,629.5,338.0,vial6,38,29.895164625703547
187,id9,630.0,337.5,vial6,38,29.895164625703547
188,id9,630.0,337.5,vial6,38,29.895164625703547
189,id9,630.0,337.5,vial6,38,29.895164625703547
190,id9,630.0,337.5,vial6,38,29.895164625703547
191,id9,630.0,337.5,vial6,38,29.895164625703547
192,id9,630.0,337.5,vial6,38,29.895164625703547
193,id9,630.0,337.5,vial6,38,29.895164625703547
194,id9,647.0,336.0,vial6,38,29.895164625703547
195,id9,690.0,336.0,vial6,38,29.895164625703547
211,id9,686.5,355.5,vial6,38,29.895164625703547
212,id9,685.5,355.0,vial6,38,29.895164625703547
217,id9,691.0,330.5,vial6,38,29.895164625703547
218,id9,691.0,330.5,vial6,38,29.895164625703547
219,id9,690.5,329.5,vial6,38,29.895164625703547
220,id9,690.5,328.5,vial6,38,29.895164625703547
221,id9,690.0,327.5,vial6,38,29.895164625703547
222,id9,690.0,326.0,vial6,38,29.895164625703547
223,id9,689.5,324.5,vial6,38,29.895164625703547
224,id9,689.5,323.5,vial6,38,29.895164625703547
225,id9,689.5,321.0,vial6,38,29.895164625703547
226,id9,689.5,320.0,vial6,38,29.895164625703547
227,id9,689.5,319.0,vial6,38,29.895164625703547
228,id9,689.5,317.5,vial6,38,29.895164625703547
229,id9,689.5,316.5,vial6,38,29.895164625703547
230,id9,689.5,315.5,vial6,38,29.895164625703547
232,id9,689.5,314.0,vial6,38,29.895164625703547
233,id9,689.5,313.0,vial6,38,29.895164625703547
234,id9,689.5,312.5,vial6,38,29.895164625703547
235,id9,689.5,311.0,vial6,38,29.895164625703547
236,id9,689.0,309.5,vial6,38,29.895164625703547
237,id9,689.0,308.5,vial6,38,29.895164625703547
238,id9,688.5,307.0,vial6,38,29.895164625703547
239,id9,688.5,305.0,vial6,38,29.895164625703547
240,id9,688.0,303.0,vial6,38,29.895164625703547
241,id9,687.5,301.0,vial6,38,29.895164625703547
242,id9,686.5,299.0,vial6,38,29.895164625703547
243,id9,686.5,297.0,vial6,38,29.895164625703547
244,id9,685.5,295.0,vial6,38,29.895164625703547
245,id9,685.5,293.5,vial6,38,29.895164625703547
246,id9,685.0,291.5,vial6,38,29.895164625703547
247,id9,684.5,290.0,vial6,38,29.895164625703547
248,id9,683.5,288.0,vial6,38,29.895164625703547
249,id9,683.5,287.0,vial6,38,29.895164625703547
250,id9,683.0,285.5,vial6,38,29.895164625703547
251,id9,682.5,284.0,vial6,38,29.895164625703547
252,id9,682.0,282.0,vial6,38,29.895164625703547
253,id9,681.5,280.0,vial6,38,29.895164625703547
254,id9,681.5,278.5,vial6,38,29.895164625703547
255,id9,681.5,276.5,vial6,38,29.895164625703547
256,id9,681.5,274.5,vial6,38,29.895164625703547
257,id9,681.5,272.5,vial6,38,29.895164625703547
258,id9,681.5,270.5,vial6,38,29.895164625703547
259,id9,681.5,269.5,vial6,38,29.895164625703547
260,id9,681.5,267.5,vial6,38,29.895164625703547
261,id9,681.5,265.5,vial6,38,29.895164625703547
262,id9,681.5,263.5,vial6,38,29.895164625703547
263,id9,681.5,261.0,vial6,38,29.895164625703547
264,id9,681.5,259.0,vial6,38,29.895164625703547
265,id9,681.5,256.5,vial6,38,29.895164625703547
266,id9,681.5,254.5,vial6,38,29.895164625703547
267,id9,682.5,253.0,vial6,38,29.895164625703547
268,id9,683.0,251.5,vial6,38,29.895164625703547
269,id9,683.5,250.5,vial6,38,29.895164625703547
270,id9,684.0,249.0,vial6,38,29.895164625703547
271,id9,684.0,249.0,vial6,38,29.895164625703547
272,id9,684.5,248.0,vial6,38,29.895164625703547
273,id9,685.0,247.5,vial6,38,29.895164625703547
274,id9,685.0,247.0,vial6,38,29.895164625703547
275,id9,685.0,246.0,vial6,38,29.895164625703547
276,id9,685.0,246.0,vial6,38,29.895164625703547
277,id9,685.0,245.5,vial6,38,29.895164625703547
278,id9,685.5,245.0,vial6,38,29.895164625703547
279,id9,685.5,245.0,vial6,38,29.895164625703547
280,id9,685.5,245.0,vial6,38,29.895164625703547
281,id9,685.5,245.0,vial6,38,29.895164625703547
282,id9,685.5,245.0,vial6,38,29.895164625703547
283,id9,685.5,245.0,vial6,38,29.895164625703547
284,id9,685.5,245.0,vial6,38,29.895164625703547
285,id9,685.5,245.0,vial6,38,29.895164625703547
286,id9,685.5,245.0,vial6,38,29.895164625703547
287,id9,685.5,245.0,vial6,38,29.895164625703547
288,id9,685.5,245.0,vial6,38,29.895164625703547
289,id9,685.5,244.5,vial6,38,29.895164625703547
290,id9,685.5,244.5,vial6,38,29.895164625703547
291,id9,685.5,244.5,vial6,38,29.895164625703547
292,id9,685.5,244.5,vial6,38,29.895164625703547
293,id9,685.5,244.5,vial6,38,29.895164625703547
294,id9,685.5,244.5,vial6,38,29.895164625703547
295,id9,685.5,244.5,vial6,38,29.895164625703547
296,id9,685.5,244.5,vial6,38,29.895164625703547
297,id9,685.5,244.5,vial6,38,29.895164625703547
298,id9,685.5,244.5,vial6,38,29.895164625703547
299,id9,685.5,244.5,vial6,38,29.895164625703547
300,id9,685.5,244.5,vial6,38,29.895164625703547
301,id9,685.5,244.5,vial6,38,29.895164625703547
302,id9,685.5,244.5,vial6,38,29.895164625703547
303,id9,685.5,244.5,vial6,38,29.895164625703547
304,id9,685.5,244.5,vial6,38,29.895164625703547
305,id9,685.5,244.5,vial6,38,29.895164625703547
306,id9,685.5,244.5,vial6,38,29.895164625703547
307,id9,685.5,244.5,vial6,38,29.895164625703547
308,id9,685.5,244.5,vial6,38,29.895164625703547
309,id9,685.5,244.5,vial6,38,29.895164625703547
310,id9,685.5,244.5,vial6,38,29.895164625703547
311,id9,685.5,244.5,vial6,38,29.895164625703547
312,id9,685.5,244.0,vial6,38,29.895164625703547
313,id9,685.5,243.5,vial6,38,29.895164625703547
314,id9,685.5,244.0,vial6,38,29.895164625703547
315,id9,685.5,244.0,vial6,38,29.895164625703547
316,id9,686.0,244.0,vial6,38,29.895164625703547
317,id9,685.5,244.5,vial6,38,29.895164625703547
318,id9,685.5,244.5,vial6,38,29.895164625703547
319,id9,686.0,244.5,vial6,38,29.895164625703547
320,id9,686.0,244.0,vial6,38,29.895164625703547
321,id9,686.0,243.5,vial6,38,29.895164625703547
322,id9,686.0,242.5,vial6,38,29.895164625703547
323,id9,685.5,242.5,vial6,38,29.895164625703547
324,id9,686.0,241.5,vial6,38,29.895164625703547
325,id9,686.0,241.5,vial6,38,29.895164625703547
326,id9,685.5,241.5,vial6,38,29.895164625703547
327,id9,685.5,241.5,vial6,38,29.895164625703547
328,id9,685.5,241.5,vial6,38,29.895164625703547
329,id9,685.5,241.5,vial6,38,29.895164625703547
330,id9,686.0,241.5,vial6,38,29.895164625703547
331,id9,686.0,241.5,vial6,38,29.895164625703547
332,id9,686.0,241.5,vial6,38,29.895164625703547
333,id9,685.5,241.5,vial6,38,29.895164625703547
334,id9,685.5,241.5,vial6,38,29.895164625703547
335,id9,685.5,241.5,vial6,38,29.895164625703547
336,id9,685.5,241.5,vial6,38,29.895164625703547
337,id9,685.5,241.5,vial6,38,29.895164625703547
338,id9,685.5,241.5,vial6,38,29.895164625703547
339,id9,685.5,241.5,vial6,38,29.895164625703547
340,id9,685.5,241.5,vial6,38,29.895164625703547
341,id9,685.5,241.5,vial6,38,29.895164625703547
342,id9,685.5,241.0,vial6,38,29.895164625703547
343,id9,685.5,241.0,vial6,38,29.895164625703547
344,id9,685.0,241.0,vial6,38,29.895164625703547
345,id9,685.0,240.5,vial6,38,29.895164625703547
346,id9,684.0,240.5,vial6,38,29.895164625703547
347,id9,684.0,239.5,vial6,38,29.895164625703547
348,id9,683.5,239.0,vial6,38,29.895164625703547
349,id9,683.0,238.5,vial6,38,29.895164625703547
350,id9,683.0,237.5,vial6,38,29.895164625703547
351,id9,682.5,237.0,vial6,38,29.895164625703547
352,id9,682.5,236.5,vial6,38,29.895164625703547
353,id9,682.5,236.5,vial6,38,29.895164625703547
354,id9,682.5,236.5,vial6,38,29.895164625703547
355,id9,682.5,236.5,vial6,38,29.895164625703547
356,id9,682.5,236.5,vial6,38,29.895164625703547
357,id9,682.5,236.5,vial6,38,29.895164625703547
358,id9,682.5,236.5,vial6,38,29.895164625703547
359,id9,682.5,236.5,vial6,38,29.895164625703547
360,id9,682.5,236.5,vial6,38,29.895164625703547
361,id9,682.5,236.0,vial6,38,29.895164625703547
362,id9,682.0,236.0,vial6,38,29.895164625703547
363,id9,683.0,235.5,vial6,38,29.895164625703547
364,id9,683.0,235.5,vial6,38,29.895164625703547
365,id9,683.0,235.0,vial6,38,29.895164625703547
366,id9,683.0,235.0,vial6,38,29.895164625703547
367,id9,683.0,235.0,vial6,38,29.895164625703547
368,id9,683.0,234.5,vial6,38,29.895164625703547
369,id9,683.0,234.0,vial6,38,29.895164625703547
370,id9,683.0,234.0,vial6,38,29.895164625703547
371,id9,683.0,234.0,vial6,38,29.895164625703547
372,id9,683.0,234.0,vial6,38,29.895164625703547
373,id9,664.5,218.5,vial6,38,29.895164625703547
374,id9,646.5,201.5,vial6,38,29.895164625703547
375,id9,650.0,201.0,vial6,38,29.895164625703547
376,id9,650.0,200.5,vial6,38,29.895164625703547
377,id9,648.0,202.5,vial6,38,29.895164625703547
378,id9,648.0,202.0,vial6,38,29.895164625703547
379,id9,648.0,201.5,vial6,38,29.895164625703547
380,id9,648.0,201.5,vial6,38,29.895164625703547
381,id9,648.0,201.5,vial6,38,29.895164625703547
