frame,id1,id2,id3,id4,id5,id6,id7,id8,id9,id10,id11,id12,id13,id14,id15,id16,id17,id18,id19,id20,id21,id22,id23,id24,id25,id26,id27,id28,id29,id30,id31,id32,id33,id34,id35,id36,id37,id38,id39,id40,id41,id42,id43,id44,id45,id46,id47,id48,id49,id50,id51,id52,id53,id54,id55,id56,id57,id58,id59,id60,id61,id62,id63,id64,id65,id66,id67,id68,id69,id70,id71,id72,id73,id74,id75,id76,id77,id78,id79,id80,id81,id82,id83,id84,id85,id86,id87,id88,id89,id90,id91,id92,id93,id94,id95,id96
0,"(641.70, 155.59)","(293.62, 28.12)","(641.62, 164.92)","(398.46, 191.43)","(151.10, 132.41)","(164.86, 188.88)","(300.40, 134.68)","(305.87, 147.15)","(27.90, 260.46)","(531.09, 191.64)","(61.00, 55.64)","(253.89, 251.00)","(46.79, 39.85)","(562.18, 141.17)","(23.28, 28.88)","(542.01, 18.02)","(234.74, 67.57)","(73.99, 25.05)","(439.25, 447.80)","(411.68, 444.79)","(377.46, 19.25)","(304.58, 64.85)","(386.55, 446.72)","(438.02, 26.72)","(255.28, 11.09)","(479.76, 66.75)","(603.73, 67.56)","(287.41, 219.99)",,,,,,,,,,,,,,,,,,,,,,,,,,,,,,,,,,,,,,,,,,,,,,,,,,,,,,,,,,,,,,,,,,,,
1,"(640.76, 157.42)","(293.98, 28.04)","(641.80, 163.68)","(398.60, 191.38)","(151.11, 132.41)","(164.87, 188.85)","(299.03, 137.08)","(305.67, 146.99)","(28.62, 257.16)","(531.32, 189.74)","(61.89, 56.48)","(254.27, 250.47)","(46.86, 40.07)","(561.92, 139.51)","(23.31, 28.90)","(542.00, 18.04)","(234.70, 67.52)","(74.05, 25.00)","(439.25, 447.77)","(411.63, 444.76)","(377.45, 19.29)","(304.50, 64.85)","(386.49, 446.70)","(437.74, 27.64)","(255.34, 11.27)","(479.65, 66.84)","(603.83, 67.69)",,,,,,,,,,,,,,,,,,,,,,,,,,,,,,,,,,,,,,,,,,,,,,,,,,,,,,,,,,,,,,,,,,,,,
2,"(639.72, 157.85)","(294.17, 27.74)","(641.87, 163.33)","(398.49, 191.18)","(151.12, 132.40)","(164.86, 188.83)","(297.85, 139.03)","(305.78, 147.01)","(28.65, 254.18)","(531.83, 187.59)","(62.59, 57.19)","(255.06, 249.80)","(46.91, 40.25)","(562.02, 137.70)","(23.25, 28.87)","(542.00, 18.10)","(234.63, 67.48)","(74.07, 24.80)","(439.28, 447.75)","(411.62, 444.73)","(377.37, 19.46)","(304.53, 64.96)","(386.46, 446.70)","(437.67, 28.02)",,"(479.60, 66.75)","(603.97, 67.64)",,,,,,,,,,,,,,,,,,,,,,,,,,,,,,,,,,,,,,,,,,,,,,,,,,,,,,,,,,,,,,,,,,,,,
3,"(638.44, 158.85)","(294.36, 27.78)","(641.91, 163.14)","(398.50, 191.04)","(151.13, 132.41)","(164.91, 188.75)","(296.91, 140.75)","(305.76, 147.07)","(29.64, 251.41)","(532.19, 185.03)","(63.39, 57.52)","(255.97, 249.78)","(46.93, 40.49)","(562.11, 135.60)","(23.19, 28.87)","(542.03, 18.06)","(234.66, 67.52)","(74.00, 24.55)","(439.34, 447.73)","(411.65, 444.71)","(377.37, 19.32)","(304.55, 64.92)","(386.54, 446.71)","(437.74, 28.31)","(255.43, 11.22)","(479.70, 66.74)","(603.79, 67.61)","(375.76, 28.94)",,,,,,,,,,,,,,,,,,,,,,,,,,,,,,,,,,,,,,,,,,,,,,,,,,,,,,,,,,,,,,,,,,,,
4,"(638.01, 159.07)","(294.89, 27.41)","(641.85, 163.32)","(398.30, 190.83)","(151.06, 132.44)","(164.92, 188.71)","(295.83, 142.69)","(305.86, 147.14)","(29.67, 248.17)","(533.18, 182.62)","(63.86, 58.28)","(256.89, 249.45)","(46.90, 40.75)","(562.00, 133.50)","(23.10, 28.88)","(542.01, 18.10)","(234.85, 67.54)","(73.91, 24.10)","(439.31, 447.75)","(411.70, 444.72)","(375.72, 28.92)","(304.40, 64.96)","(386.61, 446.74)","(437.97, 31.82)","(255.55, 11.39)",,"(603.96, 67.69)",,,,,,,,,,,,,,,,,,,,,,,,,,,,,,,,,,,,,,,,,,,,,,,,,,,,,,,,,,,,,,,,,,,,,
5,"(637.62, 159.41)","(295.35, 26.90)","(641.67, 163.38)","(398.24, 190.85)","(150.99, 132.55)","(164.91, 188.72)","(294.55, 144.90)","(305.71, 147.11)","(30.37, 245.25)","(534.55, 180.40)","(64.21, 58.35)","(258.49, 249.41)","(46.91, 40.70)","(561.97, 131.33)","(23.09, 28.88)","(541.98, 18.06)","(234.69, 67.46)","(73.95, 23.98)","(439.30, 447.73)","(411.46, 444.79)","(375.77, 28.90)","(304.30, 64.95)","(386.71, 446.72)","(437.96, 30.81)","(255.47, 11.41)","(479.84, 66.85)","(603.86, 67.69)",,,,,,,,,,,,,,,,,,,,,,,,,,,,,,,,,,,,,,,,,,,,,,,,,,,,,,,,,,,,,,,,,,,,,
6,"(637.58, 159.32)","(295.60, 26.45)","(641.62, 163.40)","(403.85, 181.46)","(151.02, 132.57)","(164.94, 188.65)","(293.38, 146.34)","(305.68, 147.13)","(30.37, 241.92)","(536.61, 178.40)","(64.52, 59.07)","(258.49, 249.51)","(46.73, 40.65)","(561.95, 129.25)","(23.00, 28.88)","(542.03, 18.02)","(234.58, 67.28)","(74.14, 24.14)","(439.30, 447.78)","(411.41, 444.69)","(375.70, 29.03)","(304.44, 65.03)","(386.58, 446.84)","(437.97, 30.70)","(255.40, 11.41)",,,,,,,,,,,,,,,,,,,,,,,,,,,,,,,,,,,,,,,,,,,,,,,,,,,,,,,,,,,,,,,,,,,,,,,
7,"(637.80, 159.70)","(296.11, 26.05)","(641.61, 163.33)","(409.24, 169.49)","(151.06, 132.58)","(164.94, 188.84)","(291.99, 148.00)","(305.61, 147.23)","(31.11, 238.49)","(538.09, 176.50)","(65.43, 60.66)","(258.51, 249.59)","(46.82, 40.59)","(561.82, 127.22)","(23.13, 28.97)","(542.01, 18.00)","(234.50, 67.27)","(74.22, 24.62)","(439.38, 447.73)","(410.97, 444.29)","(375.72, 28.95)","(304.35, 65.00)","(386.62, 446.84)","(438.02, 30.60)",,,,,,"(191.90, 21.74)",,,,,,,,,,,,,,,,,,,,,,,,,,,,,,,,,,,,,,,,,,,,,,,,,,,,,,,,,,,,,,,,,,
8,"(637.99, 160.57)","(296.64, 25.38)","(641.72, 163.25)","(410.14, 163.11)","(151.03, 132.58)","(164.90, 188.74)","(290.80, 150.10)","(305.51, 147.28)","(31.52, 235.35)","(539.53, 174.56)","(66.40, 61.62)","(258.52, 249.54)","(46.68, 40.91)","(561.93, 124.86)","(23.13, 28.99)","(542.03, 17.97)","(234.61, 67.33)","(74.27, 25.18)","(439.40, 447.66)","(410.91, 443.51)","(375.80, 28.94)","(304.34, 64.97)","(386.62, 446.70)","(437.98, 30.67)",,,,,,"(193.57, 22.33)",,,,,,,,,,,,,,,,,,,,,,,,,,,,,,,,,,,,,,,,,,,,,,,,,,,,,,,,,,,,,,,,,,
9,"(637.46, 161.78)","(297.14, 24.82)","(641.92, 161.93)","(411.38, 163.75)","(151.02, 132.54)","(164.93, 188.74)","(289.64, 152.00)","(305.48, 147.20)","(32.07, 232.15)","(540.84, 172.75)","(66.79, 62.49)","(258.68, 249.20)","(46.76, 41.03)","(562.16, 122.41)","(23.15, 28.96)","(542.05, 17.97)","(234.65, 67.29)","(74.40, 25.22)","(439.36, 447.64)","(411.14, 443.42)","(375.83, 28.97)","(304.42, 64.97)","(386.55, 446.76)","(437.90, 30.19)",,,,,,"(193.95, 22.68)",,,,,,,,,,,,,,,,,,,,,,,,,,,,,,,,,,,,,,,,,,,,,,,,,,,,,,,,,,,,,,,,,,
10,"(637.31, 164.33)","(297.81, 24.27)","(642.10, 161.30)","(410.98, 164.68)","(151.04, 132.55)","(164.91, 188.83)","(288.97, 153.82)","(305.53, 147.26)","(32.48, 229.26)","(542.52, 170.82)","(67.34, 62.42)","(259.31, 248.93)","(46.77, 41.08)","(562.09, 119.65)","(23.17, 28.96)","(542.08, 17.99)","(234.67, 67.29)","(74.44, 25.10)","(439.33, 447.61)","(411.56, 443.20)","(375.93, 28.65)","(304.37, 65.01)","(386.52, 446.75)","(437.95, 30.31)",,,,,,"(193.82, 23.04)",,,,,,,,,,,,,,,,,,,,,,,,,,,,,,,,,,,,,,,,,,,,,,,,,,,,,,,,,,,,,,,,,,
11,"(637.36, 165.55)","(298.43, 23.95)","(642.43, 160.55)","(410.98, 164.56)","(151.04, 132.61)","(164.99, 188.76)","(287.49, 155.86)","(305.58, 147.20)","(32.74, 226.58)","(543.74, 169.03)","(68.32, 62.69)","(260.06, 248.25)","(46.79, 41.32)","(562.23, 117.55)","(23.18, 28.96)","(542.06, 18.00)","(234.66, 67.28)","(74.45, 24.85)","(439.33, 447.63)","(411.15, 443.55)","(376.02, 28.47)",,"(386.49, 446.81)","(438.02, 30.57)",,,,,,"(193.76, 23.05)",,,,,,,,,,,,,,,,,,,,,,,,,,,,,,,,,,,,,,,,,,,,,,,,,,,,,,,,,,,,,,,,,,
12,"(637.18, 168.18)","(299.11, 23.56)","(642.92, 159.51)","(411.03, 164.45)","(151.03, 132.82)","(164.99, 188.79)","(286.29, 157.84)","(305.82, 147.26)","(33.23, 223.82)","(545.62, 167.49)","(69.24, 63.22)","(260.88, 247.94)","(46.78, 41.31)","(562.02, 115.90)","(23.21, 29.03)","(542.38, 18.04)","(234.77, 67.36)","(74.11, 24.52)","(439.22, 447.66)","(410.80, 443.48)","(375.94, 27.87)",,"(386.49, 446.69)","(438.06, 30.85)",,,"(671.44, 18.60)",,,"(193.74, 23.00)",,,,,,,,,,,,,,,,,,,,,,,,,,,,,,,,,,,,,,,,,,,,,,,,,,,,,,,,,,,,,,,,,,
13,"(636.75, 170.07)","(299.54, 23.32)","(643.14, 159.26)","(411.04, 164.35)","(151.07, 132.78)","(165.03, 188.78)","(285.68, 159.38)","(305.85, 147.34)","(33.74, 221.12)","(546.72, 165.64)","(69.98, 63.66)","(261.76, 246.85)","(46.87, 41.57)","(561.66, 114.44)","(23.25, 29.07)","(542.64, 18.51)","(234.74, 67.38)","(74.17, 24.48)","(439.26, 447.67)","(410.76, 443.53)",,"(304.26, 64.95)","(386.47, 446.65)","(438.16, 30.84)",,,"(671.01, 19.12)",,,"(193.77, 23.00)",,,,,,,,,,,,,,,,,,,,,,,,,,,,,,,,,,,,,,,,,,,,,,,,,,,,,,,,,,,,,,,,,,
14,"(637.10, 172.27)","(300.12, 22.82)","(643.22, 159.16)","(411.03, 164.33)","(151.04, 132.82)","(165.02, 188.76)","(284.77, 160.76)","(305.76, 147.34)","(34.44, 218.16)","(547.83, 163.98)","(70.64, 63.61)","(262.11, 245.78)","(46.98, 42.05)","(561.58, 112.67)","(23.21, 29.01)","(542.92, 18.39)","(234.81, 67.40)","(74.14, 24.51)","(439.23, 447.68)","(410.72, 443.64)",,"(304.18, 64.95)","(386.47, 446.67)","(438.17, 30.89)",,,"(670.68, 19.51)",,,"(194.18, 22.62)",,,,,,,,,,,,,,,,,,,,,,,,,,,,,,,,,,,,,,,,,,,,,,,,,,,,,,,,,,,,,,,,,,
15,"(637.71, 174.54)","(300.91, 22.17)","(643.22, 159.25)","(411.04, 164.32)","(151.02, 132.82)","(165.02, 188.85)","(283.30, 162.32)","(305.71, 147.24)","(34.88, 215.43)","(549.02, 162.04)","(71.33, 63.41)","(262.74, 244.09)","(48.96, 45.32)","(560.87, 111.70)","(23.27, 29.06)","(543.32, 18.56)","(234.85, 67.47)","(73.94, 24.63)","(439.25, 447.67)","(410.68, 443.63)",,"(304.32, 64.98)","(386.44, 446.68)","(438.22, 30.96)",,,"(670.40, 19.82)",,,"(193.45, 22.44)",,,,,,,,,,,,,,,,,,,,,,,,,,,,,,,,,,,,,,,,,,,,,,,,,,,,,,,,,,,,,,,,,,
16,"(637.68, 176.67)","(301.31, 22.16)","(643.22, 159.18)","(411.04, 164.32)","(151.04, 132.86)","(165.01, 188.71)","(282.71, 163.56)","(305.73, 147.34)","(35.57, 212.42)","(549.91, 159.99)","(71.71, 62.80)","(263.71, 242.34)","(51.02, 60.24)","(560.85, 110.73)","(23.25, 29.01)","(543.72, 18.98)","(234.91, 67.47)","(73.30, 24.37)","(439.23, 447.67)","(410.66, 443.63)",,"(304.33, 65.00)","(386.46, 446.64)","(438.26, 31.02)",,,"(670.59, 20.19)",,,"(192.99, 22.46)","(16.19, 122.78)",,,,,,,,,,,,,,,,,,,,,,,,,,,,,,,,,,,,,,,,,,,,,,,,,,,,,,,,,,,,,,,,,
17,"(637.74, 178.59)","(301.67, 21.89)","(643.00, 159.19)","(411.01, 164.36)","(151.04, 133.03)","(164.94, 188.74)","(282.01, 164.70)","(305.57, 147.43)","(35.66, 209.21)","(550.89, 158.14)","(72.37, 62.06)","(264.31, 240.96)",,,"(23.29, 29.04)","(543.78, 19.28)","(234.82, 67.45)","(73.21, 23.85)","(439.25, 447.64)","(410.74, 443.64)",,,"(386.48, 446.63)","(438.23, 31.08)",,,"(671.01, 21.67)",,,"(191.66, 21.73)",,,,,,,,,,,,,,,,,,,,,,,,,,,,,,,,,,,,,,,,,,,,,,,,,,,,,,,,,,,,,,,,,,
18,"(637.73, 180.60)","(302.22, 21.53)","(643.01, 159.24)","(410.95, 164.47)","(151.04, 132.99)","(164.94, 188.73)","(281.17, 165.66)","(305.38, 147.38)","(36.14, 206.07)","(551.71, 155.28)","(72.66, 61.80)","(265.37, 238.97)",,,"(23.32, 29.10)","(543.94, 20.83)","(234.87, 67.43)","(72.89, 23.38)","(439.17, 447.70)","(410.83, 443.99)",,,"(386.40, 446.69)","(438.21, 31.05)",,,"(671.49, 22.72)",,"(377.34, 22.79)","(191.10, 21.66)",,,,,,,,,,,,,,,,,,,,,,,,,,,,,,,,,,,,,,,,,,,,,,,,,,,,,,,,,,,,,,,,,,
19,"(637.76, 182.56)","(302.57, 21.21)","(643.01, 159.23)","(410.96, 164.44)","(151.06, 133.13)","(164.93, 188.76)","(280.77, 166.86)","(305.45, 147.38)","(36.25, 203.00)","(552.91, 153.21)","(73.02, 60.85)","(265.92, 237.06)","(26.87, 149.44)","(560.64, 55.51)","(23.30, 29.12)","(544.42, 22.48)","(234.96, 67.41)","(72.14, 22.82)","(439.23, 447.74)","(411.18, 444.48)",,"(304.18, 64.94)","(386.54, 446.69)","(438.28, 31.00)",,"(540.65, 67.55)","(671.49, 23.80)",,"(377.43, 22.66)","(191.07, 21.57)","(16.57, 122.92)",,,,,,,,,,,,,,,,,,,,,,,,,,,,,,,,,,,,,,,,,,,,,,,,,,,,,,,,,,,,,,,,,
20,"(637.81, 184.73)","(302.91, 20.77)","(643.00, 159.18)","(410.96, 164.38)","(151.06, 133.09)","(164.93, 188.68)","(280.11, 167.65)","(305.50, 147.46)","(36.98, 200.82)","(553.64, 150.56)","(73.40, 59.80)","(265.74, 234.76)","(27.11, 149.50)","(560.50, 54.30)","(23.34, 29.13)","(544.93, 24.17)","(235.00, 67.39)","(72.29, 22.40)","(439.15, 447.71)","(410.51, 444.83)",,,"(386.54, 446.72)","(438.38, 31.20)",,"(542.10, 67.06)","(671.86, 24.90)",,"(377.44, 22.40)","(190.92, 21.53)","(16.54, 122.88)",,,,,,,,,,,,,,,,,,,,,,,,,,,,,,,,,,,,,,,,,,,,,,,,,,,,,,,,,,,,,,,,,
21,"(637.83, 187.54)","(303.11, 20.83)","(643.01, 159.19)","(411.28, 164.10)","(151.05, 133.13)","(164.97, 188.65)","(280.08, 167.64)","(305.58, 147.55)","(37.48, 198.71)","(554.41, 148.54)","(73.67, 58.78)","(265.62, 233.11)","(27.08, 149.53)","(559.71, 53.02)","(23.32, 29.10)","(545.60, 24.70)","(234.98, 67.42)","(71.95, 22.05)","(439.22, 447.69)","(410.28, 445.14)",,,"(386.51, 446.76)","(438.47, 31.50)",,"(542.61, 66.52)","(671.90, 24.96)",,"(377.46, 22.33)","(190.87, 21.56)",,,,,,,,,,,,,,,,,,,,,,,,,,,,,,,,,,,,,,,,,,,,,,,,,,,,,,,,,,,,,,,,,,
22,"(637.77, 190.09)","(303.19, 20.87)","(643.07, 159.17)","(412.50, 163.36)","(151.07, 133.10)","(164.98, 188.66)","(280.10, 167.64)","(305.60, 147.61)","(37.73, 197.61)","(555.28, 146.02)","(74.39, 57.26)","(265.32, 231.49)","(27.05, 149.54)","(559.75, 51.54)","(23.30, 29.07)","(545.58, 24.73)","(234.99, 67.44)","(71.56, 21.87)","(439.25, 447.67)","(410.21, 445.14)",,,"(386.51, 446.76)","(438.24, 32.35)",,,"(671.88, 25.05)",,"(377.47, 22.35)","(190.75, 21.49)",,"(603.61, 67.42)",,,,,,,,,,,,,,,,,,,,,,,,,,,,,,,,,,,,,,,,,,,,,,,,,,,,,,,,,,,,,,,,
23,"(636.97, 192.70)","(303.27, 21.16)","(642.99, 159.20)","(413.94, 162.71)","(151.11, 133.34)","(165.00, 188.63)","(280.08, 167.69)","(305.55, 147.59)","(38.25, 196.86)","(556.16, 144.14)","(74.37, 55.97)","(265.02, 229.33)","(27.07, 149.53)","(559.91, 49.17)","(23.34, 29.09)","(545.56, 24.76)","(234.93, 67.49)","(71.11, 21.10)","(439.23, 447.67)","(410.28, 445.17)",,,"(386.60, 446.80)","(438.13, 32.62)",,,"(671.54, 25.15)",,"(377.68, 22.30)","(190.78, 21.56)","(16.68, 122.94)",,,,,,,,,,,,,,,,,,,,,,,,,,,,,,,,,,,,,,,,,,,,,,,,,,,,,,,,,,,,,,,,,
24,"(636.21, 194.12)","(303.40, 21.40)","(643.00, 159.23)","(415.00, 161.31)","(151.04, 133.35)","(165.04, 188.68)","(280.17, 167.67)","(305.56, 147.71)","(38.41, 196.47)","(556.75, 142.20)","(74.56, 54.54)","(264.66, 227.66)","(26.97, 149.42)","(559.67, 47.15)","(23.37, 29.16)","(545.56, 24.57)","(234.75, 67.48)","(70.57, 20.53)","(439.28, 447.71)","(410.70, 445.15)",,,"(386.62, 446.82)","(437.96, 33.20)","(255.48, 11.87)",,"(670.89, 24.92)",,"(378.59, 22.25)","(191.16, 21.73)",,"(603.54, 67.39)",,,,,,,,,,,,,,,,,,,,,,,,,,,,,,,,,,,,,,,,,,,,,,,,,,,,,,,,,,,,,,,,
25,"(634.99, 195.58)","(303.59, 21.63)","(643.05, 159.21)","(416.99, 160.06)","(151.06, 133.33)","(165.11, 188.67)","(280.18, 167.63)","(305.61, 147.71)","(38.45, 196.41)","(557.30, 140.00)","(74.45, 53.24)","(264.50, 226.17)","(26.93, 149.12)","(559.86, 44.82)","(23.41, 29.18)","(544.56, 24.00)","(234.71, 67.48)","(70.40, 20.39)","(439.30, 447.69)","(410.69, 445.14)",,,"(386.66, 446.80)","(437.59, 33.92)","(255.50, 11.78)",,"(670.89, 24.55)",,"(378.88, 21.99)","(191.15, 21.74)","(16.53, 123.07)",,,,,,,,,,,,,,,,,,,,,,,,,,,,,,,,,,,,,,,,,,,,,,,,,,,,,,,,,,,,,,,,,
26,"(633.91, 197.17)","(303.80, 21.79)","(643.05, 159.23)","(418.42, 158.74)","(151.07, 133.32)","(165.13, 188.66)","(280.15, 167.66)","(305.55, 147.75)","(38.55, 196.28)","(557.91, 137.57)","(74.27, 51.55)","(264.15, 223.61)","(26.94, 149.16)","(560.25, 42.67)","(23.41, 29.18)","(543.87, 23.95)","(234.76, 67.46)","(70.16, 19.96)","(439.28, 447.68)","(410.75, 445.16)",,,"(386.64, 446.78)","(437.09, 35.01)","(255.41, 11.69)","(515.51, 66.43)","(671.01, 24.11)",,"(379.43, 21.59)","(191.18, 21.73)","(16.51, 123.10)",,,,,,,,,,,,,,,,,,,,,,,,,,,,,,,,,,,,,,,,,,,,,,,,,,,,,,,,,,,,,,,,,
27,"(632.87, 198.82)","(304.01, 22.04)","(643.04, 159.23)","(420.04, 157.33)","(151.09, 133.32)","(165.18, 188.66)","(280.11, 167.75)","(305.49, 147.77)","(38.61, 196.09)","(558.45, 135.01)","(73.99, 49.74)","(263.46, 221.40)","(27.01, 149.42)","(560.03, 40.64)","(23.39, 29.21)","(543.13, 24.35)","(234.70, 67.45)",,"(439.22, 447.65)","(410.73, 445.27)",,,"(386.59, 446.77)","(436.83, 35.54)",,,"(671.05, 24.07)",,"(380.01, 21.41)","(190.75, 21.68)","(16.67, 123.04)",,,,,,,,,,,,,,,,,,,,,,,,,,,,,,,,,,,,,,,,,,,,,,,,,,,,,,,,,,,,,,,,,
28,"(631.38, 200.67)","(304.24, 22.23)","(643.01, 159.22)","(421.70, 155.76)","(151.09, 133.39)","(165.13, 188.90)","(280.04, 168.27)","(305.46, 147.77)","(38.58, 195.93)","(558.89, 132.72)","(73.32, 48.50)","(262.60, 219.20)","(26.98, 149.43)","(559.90, 38.49)","(23.37, 29.19)","(542.72, 24.67)","(234.73, 67.42)",,"(439.24, 447.61)","(410.75, 445.09)",,,"(386.62, 446.74)","(436.43, 35.47)",,"(548.56, 55.39)","(670.75, 23.74)",,"(380.56, 20.89)","(189.57, 20.89)","(16.75, 122.84)",,,,,,,,,,,,,,,,,,,,,,,,,,,,,,,,,,,,,,,,,,,,,,,,,,,,,,,,,,,,,,,,,
29,"(630.30, 202.81)","(304.43, 22.85)","(643.00, 159.19)","(423.35, 153.87)","(151.11, 133.39)","(165.02, 189.13)","(280.08, 168.81)","(305.37, 147.83)","(38.72, 195.85)","(559.11, 130.14)","(72.90, 46.67)","(261.93, 217.42)","(27.01, 149.43)","(560.36, 36.48)","(23.33, 29.21)","(542.26, 24.68)","(234.75, 67.40)",,"(439.24, 447.63)","(410.78, 444.84)","(438.53, 22.71)","(304.33, 65.06)","(386.61, 446.73)","(435.83, 35.30)",,"(548.73, 54.58)","(670.70, 23.47)",,"(380.67, 20.92)","(188.91, 20.64)","(16.80, 122.81)",,,,,,,,,,,,,,,,,,,,,,,,,,,,,,,,,,,,,,,,,,,,,,,,,,,,,,,,,,,,,,,,,
30,"(629.11, 204.82)","(304.76, 23.38)","(643.01, 159.17)","(425.07, 152.17)","(151.14, 133.49)","(164.88, 189.18)","(280.03, 168.97)","(305.14, 147.85)","(38.94, 195.85)","(558.75, 128.08)","(71.78, 45.63)","(261.38, 215.38)","(27.06, 149.42)","(560.61, 34.31)","(23.28, 29.23)","(542.05, 24.54)","(234.75, 67.44)",,"(439.12, 447.63)","(410.93, 444.72)","(438.68, 22.62)",,"(386.50, 446.69)","(434.85, 34.43)",,"(549.18, 53.51)","(670.33, 23.07)",,"(381.03, 21.05)","(188.03, 20.40)","(16.97, 122.72)",,,,,,,,,,,,,,,,,,,,,,,,,,,,,,,,,,,,,,,,,,,,,,,,,,,,,,,,,,,,,,,,,
31,"(628.33, 206.99)","(304.98, 23.91)","(643.01, 159.22)","(426.49, 150.27)","(151.14, 133.50)","(164.90, 189.06)","(279.99, 169.07)","(305.16, 147.89)","(39.29, 195.84)","(558.56, 125.52)","(70.58, 43.90)","(260.64, 213.24)","(27.07, 149.37)","(560.64, 32.05)","(23.31, 29.19)","(541.45, 24.72)","(234.70, 67.44)",,"(439.09, 447.60)","(410.73, 444.16)","(438.66, 22.88)",,"(386.50, 446.64)","(433.94, 33.63)",,"(549.68, 52.03)","(669.62, 22.32)",,"(381.58, 21.38)","(187.56, 19.96)","(16.89, 122.72)","(511.00, 55.69)",,,,,,,,,,,,,,,,,,,,,,,,,,,,,,,,,,,,,,,,,,,,,,,,,,,,,,,,,,,,,,,,
32,"(627.56, 208.37)","(305.29, 24.58)","(642.96, 159.19)","(427.63, 148.68)","(151.14, 133.54)","(164.78, 190.11)","(280.01, 169.14)","(305.05, 147.90)","(39.28, 195.84)","(558.00, 123.36)","(69.02, 42.90)","(260.26, 211.49)","(27.06, 149.39)","(560.49, 30.53)","(23.26, 29.15)","(540.97, 24.69)","(234.69, 67.44)",,"(439.06, 447.57)","(410.63, 443.85)","(438.73, 23.07)","(479.81, 66.64)","(386.62, 446.58)","(432.83, 32.58)","(255.38, 11.66)","(550.59, 49.85)","(669.42, 22.16)",,"(382.05, 21.73)","(185.97, 19.17)","(16.83, 122.76)","(510.58, 54.77)",,,,,,,,,,,,,,,,,,,,,,,,,,,,,,,,,,,,,,,,,,,,,,,,,,,,,,,,,,,,,,,,
33,"(626.74, 210.47)","(305.84, 25.19)","(642.96, 159.20)","(429.10, 146.90)","(151.16, 133.54)","(164.85, 190.33)","(279.95, 169.07)","(305.09, 147.88)","(39.29, 195.85)","(557.57, 121.22)","(67.61, 41.67)","(259.53, 209.80)","(27.05, 149.38)","(560.63, 28.93)","(23.23, 29.12)","(540.05, 24.60)","(234.61, 67.35)",,"(439.11, 447.55)","(410.70, 443.76)","(438.70, 22.98)","(479.76, 66.67)","(386.63, 446.53)","(431.70, 31.77)",,"(551.12, 48.07)","(669.06, 22.05)",,"(382.29, 21.86)","(185.26, 18.77)","(16.77, 122.73)","(510.16, 53.44)",,,,,,,,,,,,,,,,,,,,,,,,,,,,,,,,,,,,,,,,,,,,,,,,,,,,,,,,,,,,,,,,
34,"(625.81, 212.24)","(306.17, 26.36)","(643.04, 159.27)","(430.33, 144.62)","(151.17, 133.51)","(165.08, 190.41)","(279.93, 169.09)","(305.11, 147.86)","(39.19, 195.90)","(557.19, 119.17)","(65.94, 39.86)","(259.21, 207.47)","(27.05, 149.40)","(560.88, 26.51)","(23.26, 29.09)","(539.01, 24.74)","(234.59, 67.41)",,"(439.12, 447.54)","(410.69, 443.73)",,"(479.75, 66.63)","(386.62, 446.53)","(430.71, 31.21)",,"(551.40, 45.84)","(668.58, 22.08)",,"(382.70, 21.93)","(181.38, 17.62)","(16.78, 122.75)","(509.38, 51.67)",,,,,,,,,,,,,,,,,,,,,,,,,,,,,,,,,,,,,,,,,,,,,,,,,,,,,,,,,,,,,,,,
35,"(625.50, 213.10)","(306.40, 26.91)","(643.46, 159.25)","(431.06, 142.56)","(151.17, 133.55)","(165.15, 190.39)","(279.96, 169.11)","(305.15, 147.89)","(39.19, 195.88)","(556.84, 117.41)","(64.59, 38.31)","(258.65, 205.20)","(27.05, 149.38)","(561.09, 25.35)","(23.37, 29.07)","(538.41, 24.52)","(234.52, 67.42)",,"(439.13, 447.55)","(410.72, 443.71)","(438.54, 23.31)","(479.80, 66.62)","(386.62, 446.51)","(429.60, 30.38)",,"(551.90, 43.89)","(667.93, 21.45)",,"(384.12, 22.36)",,"(16.71, 122.72)","(508.37, 50.09)",,,,,,,,,,,,,,,,,,,,,,,,,,,,,,,,,,,,,,,,,,,,,,,,,,,,,,,,,,,,,,,,
36,"(624.99, 214.03)","(306.97, 28.06)","(643.71, 159.48)","(431.78, 140.52)","(151.15, 133.64)","(165.36, 190.26)","(279.92, 169.17)","(305.09, 147.95)","(39.15, 195.97)","(556.54, 115.45)","(63.19, 36.02)","(258.07, 202.80)","(27.06, 149.42)","(560.77, 24.45)","(23.53, 29.21)","(537.11, 24.87)","(234.57, 67.44)",,"(439.23, 447.55)","(410.72, 443.58)","(438.57, 24.11)","(479.59, 66.58)","(386.57, 446.62)","(427.57, 29.76)","(304.27, 64.98)","(552.36, 41.52)","(666.91, 21.33)",,"(385.38, 22.84)","(176.74, 14.31)","(16.64, 122.83)","(507.59, 47.34)",,,,,,,,,,,,,,,,,,,,,,,,,,,,,,,,,,,,,,,,,,,,,,,,,,,,,,,,,,,,,,,,
37,"(624.60, 214.93)","(307.42, 28.59)","(643.87, 159.32)","(433.16, 138.37)","(151.13, 133.62)","(165.71, 190.36)","(279.91, 169.15)","(305.00, 147.95)","(39.04, 196.17)","(556.15, 112.82)","(62.29, 34.64)","(258.06, 200.60)","(27.06, 149.38)","(561.03, 23.25)","(23.56, 29.25)","(536.46, 25.08)","(234.52, 67.43)",,"(439.21, 447.55)","(410.76, 443.58)","(438.64, 24.34)","(479.79, 66.62)","(386.57, 446.64)","(426.40, 28.95)","(304.18, 64.98)","(552.99, 39.15)","(665.97, 20.68)",,"(385.91, 23.29)",,"(16.66, 122.83)","(506.92, 45.82)","(603.75, 67.41)",,,,,,,,,,,,,,,,,,,,,,,,,,,,,,,,,,,,,,,,,,,,,,,,,,,,,,,,,,,,,,,
38,"(623.61, 216.33)","(308.38, 29.23)","(644.18, 159.03)","(433.65, 136.79)","(151.10, 133.68)","(165.71, 190.35)","(279.90, 169.17)","(304.89, 148.01)","(38.91, 196.27)","(556.19, 111.23)","(61.24, 32.85)","(257.72, 198.41)","(27.05, 149.42)","(560.98, 23.20)","(23.57, 29.28)","(536.01, 25.32)","(234.64, 67.45)",,"(439.21, 447.53)","(410.82, 443.57)","(438.68, 24.85)","(479.72, 66.60)","(386.57, 446.64)","(424.47, 27.69)","(304.19, 64.99)","(553.50, 37.42)","(665.24, 19.70)",,"(386.98, 23.69)",,"(16.58, 122.93)","(506.45, 43.77)","(603.81, 67.41)",,,,,,,,,,,,,,,,,,,,,,,,,,,,,,,,,,,,,,,,,,,,,,,,,,,,,,,,,,,,,,,
39,"(622.35, 218.78)","(308.71, 29.70)","(644.37, 158.73)","(434.68, 135.50)","(151.15, 133.71)","(165.76, 190.44)","(279.87, 169.26)","(304.92, 147.96)","(38.58, 196.75)","(556.35, 110.53)","(60.05, 31.63)","(257.71, 196.48)","(27.03, 149.40)","(560.97, 23.24)","(23.58, 29.35)","(534.99, 25.59)","(234.67, 67.53)",,"(439.25, 447.54)","(410.81, 443.57)","(438.62, 25.25)","(479.83, 66.67)","(386.56, 446.63)","(421.73, 26.88)","(304.15, 65.03)","(554.07, 35.66)","(664.60, 18.87)",,"(388.02, 23.80)","(255.22, 11.98)","(16.59, 122.93)","(505.71, 42.34)","(603.98, 67.48)",,,,,,,,,,,,,,,,,,,,,,,,,,,,,,,,,,,,,,,,,,,,,,,,,,,,,,,,,,,,,,,
40,"(621.41, 219.88)","(308.91, 30.01)","(644.17, 158.18)","(435.40, 134.14)","(151.13, 133.85)","(166.04, 190.59)","(279.88, 169.28)","(304.95, 147.99)","(38.64, 196.47)","(556.43, 109.70)","(58.59, 30.43)","(257.48, 195.01)","(27.05, 149.43)","(560.83, 23.70)","(23.58, 29.36)","(534.27, 25.87)","(234.64, 67.46)",,"(439.25, 447.54)","(410.82, 443.56)","(438.31, 25.55)","(479.78, 66.66)","(386.57, 446.64)","(420.67, 27.12)","(304.22, 65.07)","(554.97, 33.91)","(663.24, 17.79)",,"(389.34, 23.72)","(255.16, 11.88)","(16.58, 122.95)","(505.39, 40.18)","(603.97, 67.36)",,,,,,,,,,,,,,,,,,,,,,,,,,,,,,,,,,,,,,,,,,,,,,,,,,,,,,,,,,,,,,,
41,"(620.51, 221.41)","(309.56, 30.43)","(643.66, 157.82)","(435.79, 133.21)","(151.14, 133.84)","(166.53, 190.48)","(279.86, 169.27)","(304.95, 148.01)","(38.31, 196.80)",,"(57.13, 29.79)","(257.50, 193.63)","(27.04, 149.46)","(560.92, 23.89)","(23.56, 29.35)","(533.58, 25.91)","(234.60, 67.42)",,"(439.22, 447.57)","(410.81, 443.58)","(437.84, 25.59)","(479.79, 66.69)","(386.59, 446.64)","(418.64, 27.43)","(304.28, 65.05)","(555.44, 31.23)","(662.44, 17.40)",,"(389.53, 23.85)","(255.20, 11.86)","(16.59, 122.94)","(504.84, 38.06)","(603.92, 67.44)","(378.05, 19.85)",,,,,,,,,,,,,,,,,,,,,,,,,,,,,,,,,,,,,,,,,,,,,,,,,,,,,,,,,,,,,,
42,"(619.74, 222.94)","(310.21, 30.93)","(648.33, 145.00)","(436.40, 132.19)","(151.16, 133.80)","(166.92, 190.26)","(279.88, 169.23)","(304.89, 148.08)","(38.23, 196.74)",,"(55.19, 29.08)","(257.46, 191.31)","(27.01, 148.97)",,"(23.62, 29.33)","(533.74, 25.48)","(234.59, 67.39)",,"(439.23, 447.56)","(410.75, 443.53)","(437.37, 25.68)","(479.76, 66.70)","(386.58, 446.62)","(417.22, 28.03)","(304.36, 65.04)","(556.23, 29.42)","(661.82, 17.02)",,"(389.68, 23.96)","(255.22, 11.87)","(16.55, 122.96)","(504.36, 36.32)",,"(378.08, 19.87)",,,,,,,,,,,,,,,,,,,,,,,,,,,,,,,,,,,,,,,,,,,,,,,,,,,,,,,,,,,,,,
43,"(618.95, 224.81)","(310.71, 31.37)","(653.96, 129.95)","(436.72, 131.69)","(151.14, 133.80)","(167.68, 190.38)","(279.90, 169.22)","(304.82, 148.16)","(38.25, 196.72)",,"(52.68, 28.89)","(257.36, 189.47)","(27.31, 148.47)",,"(23.67, 29.37)","(533.73, 25.38)","(234.59, 67.35)",,"(439.23, 447.55)","(410.68, 443.43)","(436.82, 25.68)","(479.83, 66.68)","(386.57, 446.64)","(414.57, 28.53)","(304.44, 65.06)","(556.25, 27.61)","(669.54, 17.08)",,"(389.72, 24.18)","(255.38, 12.03)","(16.54, 122.97)","(503.67, 34.45)",,"(378.20, 20.03)",,,,,,,,,,,,,,,,,,,,,,,,,,,,,,,,,,,,,,,,,,,,,,,,,,,,,,,,,,,,,,
44,"(618.60, 226.52)","(311.37, 31.73)","(654.77, 125.08)","(437.16, 131.12)","(151.11, 133.82)","(168.21, 190.35)","(279.95, 169.21)","(304.79, 148.15)","(38.21, 196.73)",,"(50.08, 29.21)","(257.92, 187.53)","(27.47, 148.09)",,"(23.76, 29.50)","(533.58, 25.63)","(234.68, 67.42)",,"(439.26, 447.54)","(410.56, 443.20)","(436.30, 25.50)","(479.81, 66.73)","(386.53, 446.64)","(412.88, 29.03)","(304.40, 65.11)","(556.45, 25.77)","(669.74, 16.99)",,"(389.49, 24.15)","(255.40, 12.08)","(16.48, 122.93)","(502.76, 32.17)","(603.92, 67.31)","(378.35, 20.30)",,,,,,,,,,,,,,,,,,,,,,,,,,,,,,,,,,,,,,,,,,,,,,,,,,,,,,,,,,,,,,
45,"(618.38, 228.12)","(311.69, 31.92)","(656.65, 133.51)","(437.31, 130.66)","(151.09, 133.85)","(169.18, 190.18)","(279.96, 169.19)","(304.79, 148.20)","(38.58, 196.22)",,"(48.11, 29.12)","(258.05, 186.08)","(27.54, 147.11)",,"(23.91, 29.58)","(533.57, 25.80)","(234.74, 67.44)",,"(439.27, 447.52)","(410.60, 443.23)","(435.60, 25.23)","(479.82, 66.67)","(386.55, 446.63)","(410.57, 29.20)",,,"(670.37, 17.17)",,"(389.42, 24.10)","(255.24, 12.08)",,"(502.17, 29.89)",,"(378.53, 20.49)",,,,,,,,,,,,,,,,,,,,,,,,,,,,,,,,,,,,,,,,,,,,,,,,,,,,,,,,,,,,,,
46,"(617.98, 230.13)","(311.59, 31.78)","(656.71, 133.11)","(437.62, 130.89)","(151.08, 133.84)","(169.77, 190.17)","(279.95, 169.29)","(304.90, 148.25)","(39.05, 195.98)",,"(45.86, 28.19)","(258.51, 184.84)","(27.62, 146.25)",,"(23.94, 29.40)","(533.01, 25.61)","(234.65, 67.42)",,"(439.29, 447.54)","(410.61, 443.25)","(435.32, 24.94)","(479.90, 66.68)","(386.56, 446.66)","(408.77, 29.22)",,"(557.84, 24.00)","(670.63, 17.63)",,"(389.16, 24.34)",,,"(501.69, 28.00)","(603.98, 67.34)",,,,,,,,,,,,,,,,,,,,,,,,,,,,,,,,,,,,,,,,,,,,,,,,,,,,,,,,,,,,,,,
47,"(617.94, 231.80)","(311.24, 31.67)","(656.69, 133.11)","(438.19, 131.08)","(151.07, 133.84)","(170.77, 190.23)","(279.99, 169.22)","(304.83, 148.59)","(39.12, 195.92)",,"(44.32, 27.92)","(258.45, 182.84)","(27.82, 145.33)",,"(23.87, 29.37)","(531.80, 25.93)","(234.72, 67.50)",,"(439.27, 447.55)","(410.62, 443.25)","(434.67, 24.65)","(479.94, 66.65)","(386.55, 446.68)","(406.97, 28.74)",,,"(670.72, 17.77)",,"(389.32, 24.48)",,,"(501.62, 27.53)","(603.96, 67.32)","(378.68, 20.53)",,,,,,,,,,,,,,,,,,,,,,,,,,,,,,,,,,,,,,,,,,,,,,,,,,,,,,,,,,,,,,
48,"(617.87, 233.77)","(311.02, 31.75)","(656.72, 133.09)","(438.52, 130.96)","(151.01, 133.97)","(171.56, 190.17)","(279.85, 169.42)","(304.86, 148.54)","(39.14, 195.85)",,"(42.09, 27.11)","(259.08, 181.47)","(28.85, 144.04)",,"(23.57, 29.33)","(531.20, 26.00)","(234.75, 67.53)",,"(439.28, 447.53)","(410.62, 443.26)","(433.54, 23.92)","(479.81, 66.66)","(386.55, 446.68)","(403.29, 28.19)",,,"(670.97, 18.30)",,"(389.45, 24.82)",,,"(501.62, 27.52)","(603.96, 67.29)",,,,,,,,,,,,,,,,,,,,,,,,,,,,,,,,,,,,,,,,,,,,,,,,,,,,,,,,,,,,,,,
49,"(617.99, 236.04)","(311.01, 31.82)","(656.71, 133.10)","(438.62, 130.96)","(151.09, 134.07)","(172.95, 190.15)","(279.83, 169.46)","(304.86, 148.61)","(39.08, 195.97)",,"(41.26, 26.86)","(258.87, 179.97)","(29.88, 143.28)",,"(23.32, 29.12)","(531.06, 25.95)","(234.77, 67.56)",,"(439.27, 447.55)","(410.63, 443.22)","(432.36, 23.20)","(479.94, 66.77)","(386.55, 446.64)","(401.08, 27.67)",,"(645.26, 17.60)","(671.08, 18.65)",,"(389.68, 25.04)",,,"(501.63, 27.51)","(604.03, 67.33)",,,,,,,,,,,,,,,,,,,,,,,,,,,,,,,,,,,,,,,,,,,,,,,,,,,,,,,,,,,,,,,
50,"(617.89, 237.98)","(310.98, 31.76)","(656.70, 133.08)","(438.68, 130.39)","(151.10, 134.14)","(174.23, 189.78)","(279.81, 169.39)","(304.86, 148.62)","(39.07, 196.00)",,"(39.65, 26.67)","(258.72, 178.70)","(31.32, 142.24)",,"(23.27, 28.94)","(530.81, 25.59)","(234.78, 67.56)",,"(439.27, 447.54)","(410.65, 443.22)","(431.98, 22.57)","(479.92, 66.77)","(386.54, 446.65)","(398.74, 27.39)",,"(643.71, 17.25)","(671.07, 18.80)",,,,,"(501.65, 27.62)","(604.00, 67.36)",,,,,,,,,,,,,,,,,,,,,,,,,,,,,,,,,,,,,,,,,,,,,,,,,,,,,,,,,,,,,,,
51,"(618.06, 239.87)","(310.89, 31.73)","(656.65, 133.10)","(438.48, 130.34)","(151.08, 134.13)","(175.17, 189.44)","(279.64, 169.40)","(304.76, 148.63)","(39.04, 196.03)",,"(37.42, 26.50)","(258.61, 177.35)","(33.08, 141.36)","(557.77, 23.01)","(23.08, 28.96)","(529.98, 25.47)","(234.77, 67.50)",,"(439.26, 447.56)","(410.64, 443.24)","(431.39, 21.58)","(479.87, 66.73)","(386.54, 446.63)","(396.59, 26.18)",,"(642.38, 17.71)","(671.08, 18.61)",,,,,"(501.60, 27.69)","(604.10, 67.34)","(378.51, 20.23)",,,,,,,,,,,,,,,,,,,,,,,,,,,,,,,,,,,,,,,,,,,,,,,,,,,,,,,,,,,,,,
52,"(618.16, 240.87)","(310.81, 31.84)","(656.58, 132.76)","(438.00, 130.12)","(151.10, 134.04)","(176.02, 189.06)","(279.70, 169.46)","(304.76, 148.54)","(39.07, 196.03)",,"(36.28, 26.13)","(257.74, 175.86)","(34.50, 140.51)","(557.70, 22.97)","(22.91, 29.03)","(528.79, 24.97)","(234.78, 67.50)",,"(439.28, 447.55)","(410.64, 443.25)","(430.12, 19.87)","(479.90, 66.73)","(386.55, 446.64)","(396.78, 27.06)",,"(641.20, 18.57)","(670.25, 18.37)",,,,,"(501.53, 27.80)",,"(378.35, 19.94)",,,,,,,,,,,,,,,,,,,,,,,,,,,,,,,,,,,,,,,,,,,,,,,,,,,,,,,,,,,,,,
53,"(618.30, 242.37)","(310.77, 31.86)","(656.96, 131.48)","(437.22, 130.27)","(151.03, 134.06)","(177.69, 188.52)","(279.62, 169.48)","(304.69, 148.71)","(38.76, 196.07)",,"(34.31, 25.72)","(256.78, 174.37)","(36.27, 139.85)","(557.34, 22.91)","(22.83, 28.98)","(527.23, 24.57)","(234.73, 67.49)",,"(439.28, 447.54)","(410.61, 443.25)","(430.51, 20.37)","(479.99, 66.84)","(386.54, 446.65)","(395.33, 27.49)",,"(639.89, 19.51)","(669.35, 18.16)",,"(390.07, 22.29)",,,"(501.04, 27.95)",,"(378.05, 19.75)",,,,,,,,,,,,,,,,,,,,,,,,,,,,,,,,,,,,,,,,,,,,,,,,,,,,,,,,,,,,,,
54,"(618.43, 243.56)","(310.70, 31.89)","(657.37, 130.29)","(436.47, 130.24)","(151.02, 134.14)","(178.69, 188.04)","(279.61, 169.41)","(304.66, 148.68)","(38.74, 196.09)",,"(33.06, 25.31)","(256.12, 173.05)","(37.90, 139.12)",,"(22.77, 28.93)","(525.11, 24.26)","(234.75, 67.50)",,"(439.31, 447.55)","(410.62, 443.24)","(430.29, 21.18)","(480.08, 66.89)","(386.53, 446.63)","(393.65, 28.44)",,"(637.98, 21.18)","(669.18, 18.09)",,"(391.43, 21.24)",,,"(500.68, 28.03)",,"(377.98, 19.91)",,,,,,,,,,,,,,,,,,,,,,,,,,,,,,,,,,,,,,,,,,,,,,,,,,,,,,,,,,,,,,
55,"(618.17, 245.27)","(310.75, 31.93)","(658.35, 128.60)","(435.20, 129.69)","(151.04, 134.18)","(180.07, 187.49)","(279.63, 169.39)","(304.67, 148.69)","(38.66, 196.12)",,"(31.94, 25.08)","(255.42, 171.86)","(39.53, 138.57)",,"(22.68, 28.75)","(522.48, 23.55)","(234.75, 67.56)",,"(439.30, 447.59)","(410.65, 443.30)","(429.96, 21.36)","(479.91, 66.81)","(386.54, 446.64)","(392.72, 28.99)",,"(636.06, 23.00)","(668.31, 18.17)",,"(392.25, 20.38)",,,"(500.36, 27.67)",,"(377.87, 19.86)",,,,,,,,,,,,,,,,,,,,,,,,,,,,,,,,,,,,,,,,,,,,,,,,,,,,,,,,,,,,,,
56,"(618.65, 247.40)","(310.69, 31.92)","(659.07, 126.51)","(433.30, 128.93)","(151.08, 134.25)","(181.14, 186.56)","(279.70, 169.42)","(304.70, 148.77)","(38.76, 196.13)",,"(31.15, 24.73)","(255.21, 170.49)","(40.84, 138.44)",,"(22.69, 28.61)","(521.08, 22.62)","(234.63, 67.36)",,"(439.28, 447.58)","(410.68, 443.27)","(428.95, 21.67)","(479.85, 66.79)","(386.51, 446.65)","(391.53, 29.67)",,"(635.35, 24.12)","(667.63, 18.18)",,"(393.32, 20.13)","(277.22, 16.28)",,"(500.06, 27.82)","(603.92, 67.40)","(377.70, 19.95)",,,,,,,,,,,,,,,,,,,,,,,,,,,,,,,,,,,,,,,,,,,,,,,,,,,,,,,,,,,,,,
57,"(618.59, 248.79)","(310.70, 31.92)","(660.08, 124.69)","(430.98, 128.74)","(151.08, 134.40)","(182.05, 185.32)","(279.82, 169.53)","(304.73, 148.78)","(38.78, 196.15)",,,"(254.70, 169.40)","(41.90, 138.13)",,"(23.18, 29.07)","(519.96, 21.54)","(234.63, 67.46)",,"(439.30, 447.54)","(410.66, 443.26)","(428.11, 22.11)","(479.84, 66.80)","(386.45, 446.68)","(390.06, 30.21)",,"(634.54, 25.02)","(667.07, 17.90)",,"(393.21, 20.49)","(276.53, 16.46)",,"(500.09, 27.31)",,"(377.68, 20.03)",,,,,,,,,,,,,,,,,,,,,,,,,,,,,,,,,,,,,,,,,,,,,,,,,,,,,,,,,,,,,,
58,"(618.45, 250.73)","(310.50, 31.93)","(660.93, 122.20)","(428.92, 127.92)","(151.04, 134.43)","(182.53, 183.91)","(279.78, 169.51)","(304.75, 148.68)","(38.74, 196.14)",,,"(254.09, 168.01)","(42.96, 137.70)",,,"(517.86, 20.50)","(234.59, 67.55)",,"(439.28, 447.50)","(410.61, 443.28)","(427.29, 22.92)","(479.78, 66.75)","(386.48, 446.65)","(388.52, 30.22)",,"(633.59, 25.35)","(665.65, 17.76)",,"(393.37, 20.81)","(275.90, 16.59)",,"(499.80, 27.18)","(603.98, 67.42)","(377.52, 20.14)",,,,,,,,,,,,,,,,,,,,,,,,,,,,,,,,,,,,,,,,,,,,,,,,,,,,,,,,,,,,,,
59,"(618.21, 253.22)",,"(662.37, 120.35)","(426.86, 127.38)","(151.05, 134.38)","(183.11, 182.77)","(279.84, 169.57)","(304.55, 148.47)","(38.73, 196.17)",,"(27.81, 21.00)","(253.75, 166.55)","(44.24, 137.29)",,"(21.95, 28.60)","(516.20, 19.31)",,,"(439.29, 447.50)","(410.67, 443.31)","(426.13, 23.72)","(479.85, 66.79)","(386.59, 446.62)","(386.90, 29.61)",,"(633.61, 25.39)","(664.66, 17.50)",,"(393.83, 21.26)",,,"(499.53, 27.03)",,"(377.54, 20.17)",,,,,,,,,,,,,,,,,,,,,,,,,,,,,,,,,,,,,,,,,,,,,,,,,,,,,,,,,,,,,,
60,"(618.21, 255.65)",,"(663.25, 119.09)","(424.80, 126.48)","(151.02, 134.58)","(183.69, 181.20)","(279.78, 169.78)","(304.69, 148.56)","(38.74, 196.18)",,,"(253.32, 165.26)","(45.20, 136.75)",,"(21.95, 28.18)","(514.20, 18.68)",,,"(439.29, 447.47)","(410.62, 443.27)",,,"(386.60, 446.60)",,,"(634.02, 25.32)","(664.37, 17.56)",,,,,"(499.23, 27.00)",,,,,,,,,,,,,,,,,,,,,,,,,,,,,,,,,,,,,,,,,,,,,,,,,,,,,,,,,,,,,,,,
61,"(617.97, 257.82)","(310.29, 31.69)","(663.62, 118.88)","(423.68, 125.88)","(151.08, 134.60)","(184.16, 179.50)","(279.82, 169.79)","(304.67, 148.62)","(38.76, 196.19)",,,"(252.92, 163.54)","(46.16, 136.57)","(557.13, 23.48)","(22.10, 28.24)",,"(234.73, 67.25)",,"(439.27, 447.46)","(410.61, 443.26)",,,"(386.53, 446.60)",,,"(633.77, 25.30)","(663.35, 17.44)",,,"(276.50, 17.24)",,,,,,,,,,,,,,,,,,,,,,,,,,,,,,,,,,,,,,,,,,,,,,,,,,,,,,,,,,,,,,,,,,
62,"(617.82, 260.84)","(310.20, 31.63)","(663.95, 118.93)","(422.32, 125.48)","(151.06, 134.59)","(184.55, 178.19)","(279.89, 169.79)","(304.72, 148.61)","(38.77, 196.17)",,,"(252.54, 162.06)","(47.50, 135.79)",,"(22.20, 28.16)",,"(234.63, 67.38)",,"(439.32, 447.55)","(410.46, 443.44)","(422.76, 25.81)",,"(386.58, 446.66)","(383.44, 26.89)",,,"(662.57, 17.49)",,"(397.71, 21.67)","(277.01, 17.32)",,,,"(377.57, 19.63)",,,,,,,,,,,,,,,,,,,,,,,,,,,,,,,,,,,,,,,,,,,,,,,,,,,,,,,,,,,,,,
63,"(617.89, 263.43)","(310.23, 31.61)",,"(421.06, 125.12)","(150.98, 134.59)","(185.06, 176.40)","(279.85, 169.81)","(304.70, 148.75)","(38.68, 196.19)",,,"(252.14, 160.75)","(48.46, 135.44)",,,,"(234.50, 67.26)",,"(439.25, 447.53)","(410.34, 443.39)","(421.82, 26.33)","(479.55, 66.73)","(386.51, 446.67)","(382.83, 26.48)",,,,,"(399.21, 21.58)","(276.58, 18.27)",,,,,,,,,,,,,,,,,,,,,,,,,,,,,,,,,,,,,,,,,,,,,,,,,,,,,,,,,,,,,,,,,,
64,"(617.88, 265.95)","(310.29, 31.57)",,"(420.51, 124.89)","(150.99, 134.59)","(185.14, 174.90)","(279.93, 169.77)","(304.72, 148.73)","(38.72, 196.24)",,,"(251.86, 159.35)","(48.82, 135.10)",,,,"(234.40, 67.24)",,"(439.24, 447.51)","(410.33, 443.36)","(421.03, 26.76)","(479.62, 66.80)","(386.51, 446.65)","(382.40, 26.34)",,,,,"(400.49, 21.72)","(276.64, 19.57)",,"(496.92, 25.41)",,,,,,,,,,,,,,,,,,,,,,,,,,,,,,,,,,,,,,,,,,,,,,,,,,,,,,,,,,,,,,,,
65,"(617.71, 268.43)","(310.32, 31.53)",,"(419.67, 124.76)","(150.99, 134.58)","(185.21, 173.10)","(280.01, 169.77)","(304.75, 148.79)","(38.70, 196.28)",,,"(251.82, 157.96)","(49.60, 135.10)",,,"(509.06, 19.82)","(234.59, 67.30)",,"(439.28, 447.51)","(410.32, 443.40)","(418.76, 27.95)","(479.50, 66.56)","(386.51, 446.63)","(381.33, 25.67)",,,,,"(401.52, 21.63)","(276.67, 19.60)",,"(496.62, 24.55)",,,,,,,,,,,,,,,,,,,,,,,,,,,,,,,,,,,,,,,,,,,,,,,,,,,,,,,,,,,,,,,,
66,"(618.02, 270.19)","(310.36, 31.53)",,"(418.90, 124.55)","(150.97, 134.60)","(185.27, 171.41)","(279.99, 169.72)","(304.72, 148.83)","(38.76, 196.31)",,,"(251.76, 156.45)","(49.83, 134.78)",,"(27.97, 21.65)","(508.03, 20.08)","(234.55, 67.26)",,"(439.25, 447.49)","(410.29, 443.31)","(418.17, 28.64)","(479.43, 66.56)","(386.49, 446.61)","(379.73, 25.16)",,,,,"(402.23, 21.47)","(276.07, 19.79)",,"(496.35, 24.47)",,,,,,,,,,,,,,,,,,,,,,,,,,,,,,,,,,,,,,,,,,,,,,,,,,,,,,,,,,,,,,,,
67,"(617.95, 270.99)","(310.40, 31.54)",,"(418.77, 124.52)","(150.98, 134.64)","(185.19, 169.71)","(280.00, 169.71)","(304.75, 148.83)","(38.81, 196.30)",,,"(251.42, 154.78)","(49.83, 134.85)","(555.79, 25.35)","(27.89, 21.62)","(507.19, 21.83)","(234.57, 67.28)",,"(439.27, 447.50)","(410.38, 443.37)","(417.03, 29.43)","(479.42, 66.53)","(386.53, 446.64)","(378.91, 25.05)",,,,,"(403.02, 21.52)","(275.68, 19.87)",,"(496.28, 24.74)",,,,,,,,,,,,,,,,,,,,,,,,,,,,,,,,,,,,,,,,,,,,,,,,,,,,,,,,,,,,,,,,
68,"(617.83, 271.36)","(310.44, 31.56)",,"(418.80, 124.53)","(150.94, 134.65)","(185.12, 168.14)","(279.98, 169.72)","(304.83, 148.83)","(38.78, 196.30)",,,"(251.41, 152.99)","(49.83, 134.87)","(555.24, 26.49)",,"(506.23, 22.97)","(234.71, 67.41)",,"(439.28, 447.51)","(410.40, 443.37)","(415.86, 29.84)","(479.56, 66.50)","(386.52, 446.65)","(378.23, 25.27)",,,,,"(404.45, 21.27)","(275.46, 19.92)",,"(496.18, 25.00)",,,,,,,,,,,,,,,,,,,,,,,,,,,,,,,,,,,,,,,,,,,,,,,,,,,,,,,,,,,,,,,,
69,"(617.62, 272.11)","(310.45, 31.52)",,"(418.79, 124.56)","(150.94, 134.64)","(185.01, 165.97)","(280.03, 169.75)","(304.83, 148.84)","(38.78, 196.35)","(559.80, 55.79)",,"(251.27, 150.77)","(49.88, 134.91)","(555.18, 26.94)",,"(505.22, 24.29)","(234.67, 67.47)",,"(439.31, 447.50)","(410.27, 443.44)","(414.57, 30.37)","(479.49, 66.48)","(386.54, 446.62)","(377.40, 25.66)",,,,,"(405.85, 21.15)","(275.24, 19.71)",,"(495.50, 25.02)",,,,,,,,,,,,,,,,,,,,,,,,,,,,,,,,,,,,,,,,,,,,,,,,,,,,,,,,,,,,,,,,
70,"(617.45, 273.03)","(310.42, 31.51)",,"(418.79, 124.55)","(150.92, 134.65)","(184.86, 164.18)","(280.11, 169.83)","(304.88, 148.82)","(38.77, 196.38)","(560.13, 54.24)",,"(251.27, 148.98)","(49.87, 134.89)","(555.04, 27.17)","(24.75, 23.11)","(504.77, 24.74)","(234.68, 67.42)",,"(439.34, 447.51)","(410.21, 443.76)","(413.49, 30.59)","(479.42, 66.38)","(386.58, 446.64)","(376.48, 25.77)",,,,,"(407.39, 20.74)","(275.21, 19.30)",,"(495.25, 25.26)",,,,,,,,,,,,,,,,,,,,,,,,,,,,,,,,,,,,,,,,,,,,,,,,,,,,,,,,,,,,,,,,
71,"(617.74, 274.55)","(310.41, 31.53)",,"(418.90, 124.54)","(150.95, 134.61)","(184.86, 162.17)","(280.21, 169.78)","(304.95, 148.79)","(38.81, 196.37)","(560.02, 52.56)",,"(251.42, 146.77)","(49.92, 134.95)","(554.89, 27.09)","(24.18, 23.27)","(504.02, 25.15)","(234.76, 67.51)",,"(439.34, 447.53)","(410.30, 443.46)","(412.71, 30.37)","(479.57, 66.44)","(386.57, 446.63)","(375.69, 25.67)",,,,,"(408.45, 20.39)","(274.68, 19.10)",,"(494.77, 25.10)","(629.50, 25.98)",,,,,,,,,,,,,,,,,,,,,,,,,,,,,,,,,,,,,,,,,,,,,,,,,,,,,,,,,,,,,,,
72,"(617.74, 275.03)","(310.31, 31.48)",,"(419.10, 124.52)","(150.98, 134.60)","(184.41, 160.51)","(280.23, 169.81)","(304.92, 148.76)","(38.99, 196.42)","(560.17, 49.87)",,"(251.54, 145.59)","(50.01, 134.94)","(555.29, 26.73)","(24.09, 23.44)","(504.02, 25.20)","(234.74, 67.41)",,"(439.30, 447.59)","(410.25, 443.51)","(411.93, 30.05)","(479.72, 66.60)","(386.56, 446.63)","(375.15, 25.33)","(304.29, 65.15)","(557.13, 20.88)",,,"(409.57, 19.97)","(274.64, 19.11)",,"(494.78, 25.14)","(630.46, 26.96)",,,,,,,,,,,,,,,,,,,,,,,,,,,,,,,,,,,,,,,,,,,,,,,,,,,,,,,,,,,,,,,
73,"(617.75, 275.10)","(310.37, 31.53)",,"(419.06, 124.49)","(150.97, 134.58)","(184.49, 158.52)","(280.27, 169.75)","(304.98, 148.86)","(38.97, 196.42)","(559.69, 47.49)",,"(251.49, 144.14)","(50.03, 134.94)","(555.00, 26.57)","(24.10, 23.50)","(504.04, 25.16)","(234.81, 67.46)",,"(439.28, 447.56)","(410.21, 443.49)","(411.86, 30.16)",,"(386.59, 446.63)",,,,"(653.50, 19.73)",,"(409.65, 19.70)","(274.69, 18.79)",,"(494.72, 25.15)","(629.74, 27.64)",,,,,,,,,,,,,,,,,,,,,,,,,,,,,,,,,,,,,,,,,,,,,,,,,,,,,,,,,,,,,,,
74,"(617.37, 275.15)","(310.42, 31.59)",,"(419.09, 124.47)","(150.96, 134.61)","(184.54, 156.47)","(280.28, 169.76)","(304.97, 148.85)","(39.00, 196.38)","(559.70, 44.76)",,"(251.67, 142.36)","(50.22, 134.93)",,"(24.06, 23.59)","(504.11, 25.17)","(234.92, 67.53)",,"(439.31, 447.57)","(410.33, 443.35)","(411.81, 29.95)","(479.70, 66.68)","(386.54, 446.61)",,,"(556.53, 20.95)","(652.91, 20.33)",,"(409.74, 19.44)","(274.81, 17.98)",,"(494.79, 25.24)","(629.23, 27.95)",,,,,,,,,,,,,,,,,,,,,,,,,,,,,,,,,,,,,,,,,,,,,,,,,,,,,,,,,,,,,,,
75,"(616.88, 274.80)","(310.47, 31.65)",,"(419.16, 124.44)","(150.95, 134.62)","(184.44, 154.33)","(280.31, 169.75)","(304.87, 148.84)","(39.02, 196.40)","(559.94, 42.85)",,"(251.67, 140.20)","(50.17, 134.89)","(555.28, 26.80)","(24.13, 23.57)","(504.59, 24.53)","(234.78, 67.22)",,"(439.38, 447.49)","(410.55, 443.25)","(411.75, 29.54)","(479.78, 66.76)","(386.55, 446.46)",,,"(555.70, 20.27)","(652.65, 21.07)",,"(409.97, 19.59)","(274.74, 17.22)",,"(495.00, 24.68)","(628.56, 28.47)",,,,,,,,,,,,,,,,,,,,,,,,,,,,,,,,,,,,,,,,,,,,,,,,,,,,,,,,,,,,,,,
76,"(616.93, 274.82)","(310.15, 31.70)",,"(419.11, 124.25)","(150.86, 134.58)","(184.55, 152.36)","(280.28, 169.76)","(304.79, 148.83)","(39.03, 196.06)","(559.69, 39.78)",,"(251.66, 138.34)","(50.07, 134.88)","(555.60, 26.79)","(24.07, 23.60)","(504.96, 24.03)","(234.71, 67.13)",,"(439.45, 447.49)","(410.60, 443.22)","(411.35, 28.31)","(479.79, 66.51)","(386.49, 446.28)",,,"(554.46, 19.88)","(651.99, 22.56)",,"(410.18, 19.55)","(274.45, 16.96)",,"(494.76, 23.70)","(627.36, 29.35)",,,,,,,,,,,,,,,,,,,,,,,,,,,,,,,,,,,,,,,,,,,,,,,,,,,,,,,,,,,,,,,
77,"(616.88, 274.53)","(310.30, 31.73)",,"(419.33, 124.08)","(150.88, 134.50)","(184.45, 149.79)","(280.32, 169.56)","(304.84, 148.45)","(39.39, 195.96)","(559.80, 37.56)",,"(251.77, 136.74)","(50.29, 134.40)",,"(24.10, 23.29)","(505.21, 22.45)","(234.74, 66.76)",,"(439.65, 447.15)","(410.53, 443.07)","(410.89, 27.22)",,"(386.10, 445.67)",,,,"(652.22, 23.19)",,"(410.12, 18.89)","(274.64, 16.66)",,"(494.83, 23.28)","(626.70, 29.74)",,,,,,,,,,,,,,,,,,,,,,,,,,,,,,,,,,,,,,,,,,,,,,,,,,,,,,,,,,,,,,,
78,"(616.79, 273.24)","(310.58, 31.30)",,"(419.74, 123.31)","(151.30, 133.57)","(184.31, 146.60)","(279.30, 172.14)","(304.89, 147.49)","(39.41, 194.45)","(559.88, 33.90)",,"(252.40, 135.44)","(50.67, 133.30)",,"(24.22, 22.64)","(505.00, 21.75)",,,"(440.07, 445.36)","(410.44, 440.66)","(409.75, 25.97)",,"(386.08, 443.75)",,,"(554.23, 19.40)","(652.43, 24.81)",,"(409.69, 18.64)","(275.02, 16.39)",,"(494.94, 22.39)","(626.36, 30.23)",,,,,,,,,,,,,,,,,,,,,,,,,,,,,,,,,,,,,,,,,,,,,,,,,,,,,,,,,,,,,,,
79,"(616.93, 264.44)","(310.81, 24.13)","(657.03, 83.70)","(420.17, 115.41)","(162.47, 162.71)","(184.50, 137.70)","(274.30, 214.67)","(303.80, 141.68)","(43.78, 207.72)","(560.42, 23.61)",,"(286.56, 156.76)","(51.05, 125.80)","(620.29, 9.34)",,,"(161.23, 81.75)","(130.66, 102.96)","(440.00, 435.17)","(410.09, 430.81)",,"(512.83, 117.85)","(386.57, 433.94)",,,"(552.92, 14.70)","(652.40, 17.99)",,"(408.12, 17.64)","(254.82, 5.93)","(35.45, 84.27)","(494.65, 14.91)","(625.52, 24.17)","(375.52, 11.27)",,,,,,,,,,,,,,,,,,,,,,,,,,,,,,,,,,,,,,,,,,,,,,,,,,,,,,,,,,,,,,
80,"(616.83, 249.34)","(310.45, 11.21)","(619.05, 106.55)","(420.20, 101.69)","(174.31, 198.16)","(184.44, 123.11)","(274.40, 242.05)","(316.29, 138.40)","(39.54, 235.83)",,,"(271.95, 183.75)","(50.76, 112.24)","(624.36, 11.98)",,,,,"(440.35, 419.79)","(410.38, 415.01)",,"(501.83, 113.68)","(386.56, 417.97)",,,,,,,,,,,,,,,,,,,,,,,,,,,,,,,,,,,,,,,,,,,,,,,,,,,,,,,,,,,,,,,,,,,,,,,,,
81,"(616.75, 227.56)",,,,"(181.61, 247.59)","(184.64, 103.97)","(275.03, 220.56)","(316.74, 116.16)","(47.94, 264.84)",,,"(270.51, 170.90)",,,,,,,"(439.81, 396.66)","(410.21, 393.50)",,,"(386.83, 395.95)",,"(298.39, 151.36)",,,,,,,,,,,,,,,,,,,,,,,,,,,,,,,,,,,,,,,,,,,,,,,,,,,,,,,,,,,,,,,,,,,,,,,
82,"(616.78, 198.39)",,,,"(192.81, 239.42)",,"(312.14, 189.80)",,"(68.56, 258.06)",,,"(274.92, 191.66)",,,,,,,"(439.72, 366.02)",,"(420.76, 52.47)",,"(386.74, 365.35)",,"(269.80, 142.60)",,"(689.03, 53.42)",,,,"(51.11, 64.48)",,,,,,,,,,,,,,,,,,,,,,,,,,,,,,,,,,,,,,,,,,,,,,,,,,,,,,,,,,,,,,,,,
83,,,,,"(192.79, 201.65)",,"(312.52, 154.76)",,"(68.61, 220.62)",,,,,,,"(502.10, 27.41)","(184.51, 38.76)",,,,,,"(386.32, 327.19)",,"(275.45, 153.70)",,,,,,"(51.59, 28.78)",,,,,,,,,,,,,,,,,,,,,,,,,,,,,,,,,,,,,,,,,,,,,,,,,,,,,,,,,,,,,,,,,
84,,,,,"(193.68, 157.63)",,,"(312.92, 112.97)","(68.94, 176.44)",,,,,,,,,,,,,,,,,,,,,,,,,,,,,,,,,,,,,,,,,,,,,,,,,,,,,,,,,,,,,,,,,,,,,,,,,,,,,,,,,,,,,,,
85,,,,,,"(193.62, 112.08)",,,,,,,"(68.97, 128.30)",,,,,,,,,,"(387.23, 232.91)",,,,,,,"(269.72, 19.23)",,,,,,,,,,,,,,,,,,,,,,,,,,,,,,,,,,,,,,,,,,,,,,,,,,,,,,,,,,,,,,,,,,
86,,,,,,,,,,,,,,,,,,,,,,,,,,,,,,,,,,,,,,,,,,,,,,,,,,,,,,,,,,,,,,,,,,,,,,,,,,,,,,,,,,,,,,,,,,,,,,,,
87,,,,,,,,,,,,,,,,,,,,,,,,,,,,,,,"(70.06, 26.66)",,,,,,,,,,,,,,,,,,,,,,,,,,,,,,,,,,,,,,,,,,,,,,,,,,,,,,,,,,,,,,,,,
88,,,,,,,,,,,,,,,,,,,,,,,,,,,,,,,,,,,,,,,,,,,,,,,,,,,,,,,,,,,,,,,,,,,,,,,,,,,,,,,,,,,,,,,,,,,,,,,,
89,,,,,,,,,,,,,,,,,,,,,,,,,,,,,,,,,,,,,,,,,,,,,,,,,,,,,,,,,,,,,,,,,,,,,,,,,,,,,,,,,,,,,,,,,,,,,,,,
90,,,,,,,,,,,,,,,,,,,,,,,,,,,,,,,,,,,,,,,,,,,,,,,,,,,,,,,,,,,,,,,,,,,,,,,,,,,,,,,,,,,,,,,,,,,,,,,,
91,,,,,,,,,,,,,,,,,,,,,,,,,,,,,,,,,,,,,,,,,,,,,,,,,,,,,,,,,,,,,,,,,,,,,,,,,,,,,,,,,,,,,,,,,,,,,,,,
92,,,,,,,,,,,,,,,,,,,,,,,,,,,,,,,,,,,,,,,,,,,,,,,,,,,,,,,,,,,,,,,,,,,,,,,,,,,,,,,,,,,,,,,,,,,,,,,,
93,,,,,,,,,,,,,,,,,,,,,,,,,,,,,,,,,,,,,,,,,,,,,,,,,,,,,,,,,,,,,,,,,,,,,,,,,,,,,,,,,,,,,,,,,,,,,,,,
94,,,,,,,,,,,,,,,,,,,,,,,,,,,,,,,,,,,,,,,,,,,,,,,,,,,,,,,,,,,,,,,,,,,,,,,,,,,,,,,,,,,,,,,,,,,,,,,,
95,,,,,,,,,,,,,,,,,,,,,,,,,,,"(686.09, 103.79)",,,,,,,,,,,,,,,,,,,,,,,,,,,,,,,,,,,,,,,,,,,,,,,,,,,,,,,,,,,,,,,,,,,,,
96,,,,,,,,,,,,,,,,,,,,,,,,,,,,,,,,,,,,,,,,,,,,,,,,,,,,,,,,,,,,,,,,,,,,,,,,,,,,,,,,,,,,,,,,,,,,,,,,
97,,,,,,,,,,,,,,,,,,,,,,,,,,,,,,,,,,,,,,,,,,,,,,,,,,,,,,,,,,,,,,,,,,,,,,,,,,,,,,,,,,,,,,,,,,,,,,,,
98,,,,,,,,,,,,"(291.69, 421.27)",,,,,,,"(439.76, 381.06)","(417.72, 379.58)",,,,,"(290.42, 363.11)",,,,,,,,,,,,,,,,,,,,,,,,,,,,,,,,,,,,,,,,,,,,,,,,,,,,,,,,,,,,,,,,,,,,,,,
99,"(652.67, 238.94)",,"(548.98, 231.45)",,"(136.76, 355.79)",,,,"(63.82, 247.62)",,,"(307.93, 428.31)","(34.96, 229.10)",,,,,,"(413.05, 331.88)","(436.93, 342.06)","(511.20, 282.16)","(510.83, 187.73)","(409.03, 195.05)",,"(283.22, 397.42)",,,,,,,,,,"(187.87, 418.39)","(58.23, 396.65)","(388.81, 430.06)",,,,,,,,,,,,,,,,,,,,,,,,,,,,,,,,,,,,,,,,,,,,,,,,,,,,,,,,,,,
100,"(674.62, 339.28)",,"(517.78, 270.27)",,"(143.07, 395.57)",,"(287.02, 220.57)","(278.70, 316.80)","(70.63, 281.19)",,,"(306.27, 440.72)","(54.12, 316.78)",,,,,,"(401.38, 302.15)","(433.60, 342.50)","(526.94, 312.81)","(516.30, 315.26)","(410.93, 250.04)",,"(279.28, 407.23)",,,,,,,,,,"(186.81, 443.49)","(49.29, 330.12)","(389.02, 445.85)","(622.29, 411.91)","(272.55, 383.74)",,,,,,,,,,,,,,,,,,,,,,,,,,,,,,,,,,,,,,,,,,,,,,,,,,,,,,,,,
101,"(674.37, 338.89)",,"(558.59, 408.92)",,"(152.85, 420.56)",,"(287.00, 220.20)","(441.47, 446.83)","(68.53, 282.03)",,,"(307.30, 445.36)","(60.84, 341.53)",,,,,,"(494.90, 452.91)","(434.71, 352.75)","(523.62, 324.09)","(503.10, 376.55)","(409.88, 255.59)",,"(278.55, 413.94)",,,,,,,,,,"(182.51, 436.87)","(46.12, 437.66)","(389.12, 446.90)","(615.13, 451.96)","(312.47, 350.98)","(67.50, 444.24)","(536.47, 437.10)","(60.71, 402.44)","(280.65, 334.74)","(545.22, 359.50)","(409.52, 445.18)","(670.72, 383.77)","(639.60, 449.16)",,"(144.61, 443.31)","(296.69, 446.59)","(429.99, 373.36)","(251.62, 444.95)","(649.97, 380.97)","(676.43, 430.73)",,"(24.71, 444.01)","(563.20, 326.87)",,,,,,,,,,,,,,,,,,,,,,,,,,,,,,,,,,,,,,,
102,"(674.51, 338.32)",,"(554.21, 434.93)",,"(155.68, 420.05)","(235.04, 67.17)","(287.06, 220.20)","(440.99, 446.05)","(68.38, 281.77)",,,"(308.91, 439.13)","(61.66, 341.00)",,,,,,"(495.04, 452.56)","(424.44, 429.70)","(406.57, 443.32)","(526.34, 408.34)","(409.60, 254.74)",,"(280.81, 419.86)",,,,,,,,,,"(189.22, 441.66)","(39.10, 442.04)","(388.99, 446.50)","(615.03, 451.90)","(315.62, 353.06)","(69.59, 444.47)","(512.47, 440.10)","(68.47, 418.78)","(285.20, 365.68)","(548.97, 358.38)","(424.04, 442.57)",,"(634.17, 445.50)",,"(144.82, 444.49)","(292.76, 446.43)","(441.74, 361.20)","(251.26, 444.45)","(649.44, 382.56)","(682.98, 425.15)",,,"(563.29, 326.40)",,,,,,,,,,,,,,,,,,,,,,,,,,,,,,,,,,,,,,,
103,"(675.33, 338.00)",,"(551.23, 447.36)",,"(176.86, 432.30)",,"(287.16, 220.43)","(442.08, 445.81)","(69.22, 281.36)",,,"(309.86, 445.31)","(62.42, 339.18)",,,,,,"(516.16, 445.69)",,"(407.57, 444.68)","(556.25, 447.78)","(410.49, 254.54)",,"(286.83, 433.05)",,,,,,,,,,,"(39.99, 441.77)","(389.19, 446.67)","(614.95, 451.94)","(316.09, 352.20)","(72.44, 442.22)","(499.17, 440.57)","(68.34, 417.79)","(290.19, 378.39)","(557.28, 399.88)","(432.22, 437.28)",,"(644.51, 438.03)",,"(145.71, 444.75)","(290.84, 446.29)","(441.88, 361.19)","(251.94, 444.36)","(648.56, 382.37)","(681.65, 435.76)",,"(26.23, 442.95)","(564.13, 325.97)","(654.50, 444.40)","(175.31, 444.67)",,,,,,,,,,,,,,,,,,,,,,,,,,,,,,,,,,,,,
104,"(674.39, 337.90)",,"(549.82, 447.57)",,"(159.12, 429.32)","(235.25, 66.42)","(287.42, 220.32)",,"(68.90, 280.82)",,,"(308.71, 444.72)","(62.44, 338.04)",,,,,,"(514.79, 444.93)","(419.00, 443.15)","(406.33, 444.46)","(552.35, 432.58)","(410.33, 254.36)",,"(281.52, 444.82)",,,,,"(304.90, 65.10)",,,,,,"(39.24, 441.28)","(389.18, 445.88)","(614.24, 451.92)","(315.55, 351.77)","(71.86, 439.95)","(498.51, 440.13)","(67.80, 416.99)","(289.74, 378.26)",,,"(626.71, 446.70)","(638.52, 448.06)",,"(144.86, 443.83)",,"(441.37, 360.74)","(251.27, 443.96)","(648.03, 381.79)","(679.54, 449.06)",,,"(563.87, 325.97)","(659.41, 438.89)","(181.98, 439.44)",,,,,,,,,,,,,,,,,,,,,,,,,,,,,,,,,,,,,
105,"(673.92, 335.92)",,"(623.41, 442.11)",,"(148.30, 429.68)","(255.45, 9.71)","(287.02, 220.79)",,"(68.16, 279.08)",,,"(306.34, 442.35)","(61.69, 335.42)",,,,,,"(514.74, 442.22)","(418.85, 439.59)","(405.76, 441.69)","(549.16, 444.99)","(409.19, 252.09)",,"(269.70, 437.18)",,,,,"(305.11, 65.16)",,,,,"(170.51, 441.73)",,"(388.24, 443.66)","(614.25, 450.70)","(314.91, 349.40)","(70.86, 437.91)","(498.18, 437.47)","(67.74, 414.24)","(289.08, 375.85)","(561.07, 426.21)",,"(651.05, 441.91)","(638.23, 444.98)",,"(144.46, 440.59)","(287.57, 442.49)","(440.85, 358.32)","(250.78, 441.40)","(647.31, 378.58)","(679.37, 446.84)",,"(39.51, 437.80)","(563.17, 323.45)","(658.29, 441.19)",,,,,,,,,,,,,,,,,,,,,,,,,,,,,,,,,,,,,,
106,"(674.98, 322.58)",,"(623.98, 430.57)",,,,"(287.48, 220.25)",,"(67.76, 266.00)",,,,"(62.40, 322.88)",,,,,,"(515.88, 429.05)","(420.17, 424.98)","(407.20, 428.40)","(550.02, 431.17)","(410.06, 239.75)",,,,,,,,,,,,,,"(390.52, 429.60)",,"(315.29, 336.47)","(72.04, 424.31)","(499.86, 424.11)","(67.81, 400.53)","(289.88, 363.25)","(561.67, 412.65)",,,"(639.01, 430.88)",,,"(288.49, 428.56)","(441.61, 345.32)","(256.74, 422.56)","(647.40, 363.59)","(653.51, 427.53)",,"(39.96, 424.29)","(563.90, 311.12)","(659.33, 427.05)",,,,,,,,,,,,,,,,,,,,,,,,,,,,,,,,,,,,,,
107,"(674.50, 299.77)",,,,,,,,"(67.25, 241.03)",,,,"(62.16, 299.20)",,,,,,"(549.92, 407.72)","(419.67, 400.17)","(406.83, 404.21)","(561.52, 388.88)","(409.25, 214.55)",,,,,,,,,,,,,,"(389.23, 406.00)",,"(315.35, 313.40)","(67.76, 376.97)","(499.32, 400.06)","(72.09, 399.47)","(289.71, 340.29)",,,,"(623.59, 406.89)",,"(131.22, 394.01)","(288.61, 404.36)","(441.56, 321.91)",,"(646.16, 339.44)","(638.14, 407.29)",,"(39.87, 400.71)","(563.62, 288.63)","(659.69, 403.28)",,,,,,,,,,,,,,,,,,,,,,,,,,,,,,,,,,,,,,
108,"(675.45, 267.41)",,,,,,"(287.56, 220.62)",,"(65.10, 209.90)",,,,"(61.70, 268.25)",,,,,,"(561.75, 355.01)",,,"(548.67, 374.98)","(408.61, 181.45)",,,,,,,,,,,,,,,,"(315.13, 282.38)","(71.76, 369.06)","(498.91, 366.18)","(68.03, 345.01)","(289.50, 309.19)",,,,,"(419.04, 368.13)",,"(288.35, 372.55)","(441.11, 290.57)","(252.43, 367.63)","(643.66, 306.64)",,"(388.70, 373.94)","(39.64, 369.51)","(563.04, 256.57)","(658.85, 371.26)",,,,,,,,,,,,,,,,,,,,,,,,,,,,,,,,,,,,,,
109,"(676.58, 223.21)",,,,,,,,"(63.34, 222.15)",,,,"(69.26, 296.69)",,,,,,"(548.30, 328.10)","(406.68, 325.76)",,"(562.03, 305.36)","(408.11, 134.40)",,,,,,,,,,,,,,,,"(315.93, 236.36)",,"(500.04, 316.18)","(65.35, 166.78)","(291.87, 264.96)",,,,,"(420.57, 321.27)",,,"(441.42, 245.36)",,"(641.99, 262.37)",,"(389.50, 327.66)",,"(563.77, 212.65)",,,,,,,,,,,,,,,,,,,,,,,,,,,,,,,,,,,,,,,
110,,,,,,,"(293.19, 208.76)",,"(69.80, 237.52)",,,,,,,,,,,,,,,,,,"(676.09, 164.75)",,,,,,,,,,,,"(316.15, 177.34)",,"(500.57, 256.01)","(65.22, 163.96)",,,,,,"(421.25, 260.86)",,,"(441.75, 185.00)",,"(640.53, 202.11)",,,,"(561.66, 244.84)",,,,,,,,,,,,,,,,,,,,,,,,,,,,,,,,,,,,,,,
111,,,,,,,,,,,,,,,"(64.53, 48.32)",,,,,,,,,,,,,,,"(316.11, 113.14)",,,,,,,,,"(293.84, 144.50)",,"(524.59, 182.68)","(69.29, 173.38)",,,,,,,,,,,,,,,"(560.47, 179.02)",,,,,,,,,,,,,,,,,,,,,,,,,,,,,,,,,,,,,,,
112,,,,,,,,,,,,,,,,,,,,,,,,,,,,,,,,,,,,,,,,,"(529.01, 117.04)",,,,,,,,,,,,,,,,,,,,,,,,,,,,,,,,,,,,,,,,,,,,,,,,,,,,,,,
113,,,,,,,,,,,,,,,"(69.78, 43.65)",,,,,,,,,,,,,,,,,,,,,,,,,,,,,,,,,,,,,,,,,,,,,,,,,,,,,,,,,,,,,,,,,,,,,,,,,,,,,,,,,
114,,,,,,,,,,,,,,,,,,,,,,,,,,,,,,,,,,,,,,,,,,,,,,,,,,,,,,,,,,,,,,,,,,,,,,,,,,,,,,,,,,,,,,,,,,,,,,,,
115,,,,,,,,,,,,,,,,,,,,,,,,,,,,,,,,,,,,,,,,,,,,,,,,,,,,,,,,,,,,,,,,,,,,,,,,,,,,,,,,,,,,,,,,,,,,,,,,
116,,,,,,,,,,,,,,,,,,,,,,,,,,,,,,,,,,,,,,,,,,,,,,,,,,,,,,,,,,,,,,,,,,,,,,,,,,,,,,,,,,,,,,,,,,,,,,,,
117,,,,,,,,,,,,,,,,,,,,,,,,,,,,,,,,,,,,,,,,,,,,,,,,,,,,,,,,,,,,,,,,,,,,,,,,,,,,,,,,,,,,,,,,,,,,,,,,
118,,,,,,,,,,,,,,,,,,,,,,,,,,,,,,,,,,,,,,,,,,,,,,,,,,,,,"(653.14, 15.89)",,,,,,,,,,,,,,,,,,,,,,,,,,,,,,,,,,,,,,,,,,,
119,,"(296.45, 21.29)",,,,,,,,,,,,,,,,,,,,,,,,,,,,,,,,,,,,,,,,,,,,,,,,,,,,,,,"(526.66, 45.01)",,,,,,,,,,,,,,,,,,,,,,,,,,,,,,,,,,,,,,,
120,,,,,,,,,,,,,,,,,,,,,,,,,,,,,,,,,,,,,,,,,,,,,,,,,,,,,,,,,,,,,,,,,,,,,,,,,,,,,,,,,,,,,,,,,,,,,,,,
121,,,,,,,,,,,,,,,,,,,,,,,,,,,,,,,,,,,,,,,,,,,,,,,,,,,,,,,,,,,,,,,,,,,,,,,,,,,,,,,,,,,,,,,,,,,,,,,,
122,,,,,,,"(286.67, 221.25)",,,,,,,,,,,,,,,,,,,,,,,,,,,,,,,,,,,,,,,,,,,,,,,,,,,,,,,,,,,,,,,,,,,,,,,,,,,,,,,,,,,,,,,,,
123,,,"(637.46, 419.76)",,"(67.08, 419.22)",,"(286.87, 220.95)","(441.80, 402.85)","(151.01, 363.36)",,,"(290.18, 385.34)","(58.88, 393.63)",,,,,,"(537.86, 380.54)","(430.50, 348.87)","(308.46, 418.57)","(560.33, 413.79)",,,"(186.05, 359.96)",,"(657.68, 402.83)",,,"(283.77, 353.10)",,,,,"(58.05, 415.14)",,"(386.30, 419.48)",,,"(164.96, 368.47)",,,,,"(649.58, 382.58)",,,,,,,,,"(503.55, 387.51)",,,,,"(304.57, 358.27)",,,,,,,,,,,,,,,,,,,,,,,,,,,,,,,,,,,,,
124,"(644.01, 354.24)",,"(647.57, 420.16)",,"(59.92, 419.55)",,"(275.61, 293.45)","(439.77, 383.22)","(157.71, 349.92)",,,"(276.42, 326.23)","(43.32, 398.52)",,"(152.04, 320.34)",,,,"(531.23, 378.10)","(400.43, 335.00)","(285.05, 416.32)","(540.72, 414.04)","(438.82, 296.99)",,"(174.15, 343.67)",,"(658.60, 432.98)",,,"(284.90, 359.21)",,,,,"(40.56, 408.43)",,"(390.76, 431.23)",,,"(191.42, 366.45)",,,"(387.57, 258.19)",,"(665.87, 370.62)",,,,,,,,,"(509.54, 366.45)","(420.71, 302.43)",,,,"(292.71, 309.68)","(18.99, 386.63)","(675.39, 415.89)","(534.65, 393.21)","(55.98, 382.30)","(263.49, 322.91)",,,,,,,,,,,,,,,,,,,,,,,,,,,,,,,,
125,"(643.32, 384.65)",,"(622.35, 405.16)",,"(54.23, 442.19)",,"(258.22, 304.29)","(510.35, 409.59)","(154.22, 353.34)",,,"(262.84, 331.48)","(25.53, 433.81)",,"(172.49, 368.83)",,,,"(538.40, 366.44)","(391.93, 338.36)","(275.27, 444.36)","(536.00, 411.42)","(430.76, 331.98)",,"(165.12, 361.47)",,"(660.59, 437.93)",,,"(284.03, 358.06)",,,,,"(26.32, 416.04)",,"(391.86, 445.41)",,,"(187.48, 392.60)",,,"(390.71, 276.89)",,,,,,,"(286.90, 220.35)",,,,"(501.92, 368.97)","(291.58, 378.92)",,,,"(286.07, 298.88)","(16.13, 419.76)","(530.72, 441.86)","(536.37, 384.79)","(59.69, 398.31)","(260.50, 392.38)","(414.73, 321.13)",,"(61.32, 372.36)",,"(177.87, 322.85)",,"(418.01, 415.92)",,"(194.77, 333.82)","(671.57, 394.45)",,,,,,,,,,,,,,,,,,,,,,
126,"(648.47, 420.10)",,"(630.63, 426.04)",,"(55.64, 441.98)",,"(299.08, 425.49)","(515.68, 447.03)",,,,"(262.73, 329.47)","(33.97, 440.94)",,"(177.43, 404.17)",,,,"(650.32, 447.88)","(388.13, 368.76)","(272.92, 445.10)","(528.59, 443.65)","(422.78, 368.25)",,"(163.77, 365.94)",,"(667.68, 446.02)",,,"(283.61, 362.41)",,,,,,,"(391.25, 447.41)",,,"(182.08, 390.54)",,,"(406.13, 285.91)",,"(685.95, 435.11)",,,,,"(285.98, 221.24)",,,,"(500.51, 369.89)","(278.14, 417.70)",,,,"(281.90, 300.74)","(22.00, 445.87)","(401.51, 443.70)","(540.30, 397.81)","(63.30, 415.15)","(261.00, 406.92)","(405.85, 367.64)",,,,"(180.24, 352.69)",,"(432.11, 393.72)",,"(173.70, 428.56)","(665.64, 433.70)","(511.74, 435.56)",,,,,,,,,,,,,,,,,,,,,
127,"(648.71, 419.43)",,,,,,"(301.36, 415.23)",,"(172.97, 445.81)",,,"(263.02, 329.24)","(27.46, 444.71)",,"(186.08, 415.55)",,,,"(649.74, 447.87)",,"(272.97, 444.73)","(530.76, 442.53)",,,"(150.77, 388.41)",,"(666.31, 448.02)",,,,,,,,,,"(395.89, 446.24)",,,"(167.79, 446.10)",,,"(421.87, 312.33)",,"(686.43, 435.27)",,,,,"(286.59, 220.59)",,,,"(500.84, 369.85)","(276.63, 430.00)",,,,"(282.06, 300.12)",,"(281.54, 444.98)",,,"(261.21, 406.65)","(386.15, 419.70)",,"(150.99, 440.30)",,"(163.44, 381.52)",,"(437.70, 408.23)",,,"(665.75, 432.49)","(507.67, 440.36)",,,,,,,,,,,,,,,,,,,,,
128,"(649.60, 419.90)",,,,"(57.63, 443.42)",,"(302.90, 415.54)","(513.88, 445.21)","(174.64, 446.69)",,,"(264.15, 329.20)","(28.48, 444.92)",,"(140.88, 445.88)",,,,,"(386.81, 418.75)","(273.24, 444.70)","(521.76, 444.52)",,,"(153.86, 390.86)",,"(667.54, 447.83)",,,,,,,,"(45.21, 435.14)",,"(394.64, 446.89)",,,"(153.32, 444.31)",,,,,"(686.64, 435.30)",,,,,"(286.44, 220.79)",,,,"(501.96, 369.82)","(282.37, 444.75)",,,,"(283.69, 300.49)",,,"(556.83, 448.65)","(66.64, 443.51)","(261.88, 406.52)","(381.83, 440.67)",,,,"(146.69, 421.91)",,"(438.11, 407.32)",,,"(666.59, 432.58)","(508.13, 446.58)",,,,,,,,,,,,,,,,,,,,,
129,"(648.40, 419.25)",,"(632.59, 448.09)",,"(56.87, 442.31)",,"(301.94, 414.55)","(527.39, 437.81)","(174.74, 443.96)",,,"(263.45, 328.75)",,,"(139.22, 433.02)",,,,"(665.46, 431.85)","(385.97, 417.84)","(271.43, 444.27)","(616.00, 451.62)","(442.13, 379.43)",,"(152.67, 390.73)",,"(648.99, 447.08)",,,"(261.12, 405.91)",,,,,,,,,,"(150.71, 445.96)",,,,,"(686.05, 434.83)",,,,,"(286.63, 220.56)",,,,"(501.22, 369.38)","(281.14, 444.54)",,,,"(282.79, 299.43)",,,"(556.08, 447.83)","(70.06, 444.45)",,,,,,"(141.28, 442.30)",,"(436.99, 406.36)",,,"(666.48, 446.90)","(505.42, 446.12)",,,,,,,,,,,,,,,,,,,,,
130,"(648.16, 417.39)","(254.96, 8.93)",,,"(56.59, 440.90)",,"(301.45, 413.07)","(539.22, 443.06)","(177.56, 439.01)",,,"(263.07, 327.62)",,,"(140.57, 442.90)",,,,"(664.84, 430.25)","(385.64, 416.04)","(268.26, 442.66)",,"(440.98, 377.76)",,"(152.27, 389.46)",,"(648.58, 445.87)",,,"(260.80, 404.58)",,,,,"(37.59, 442.01)",,,,,"(150.46, 443.91)",,,,,"(686.35, 433.67)",,,,,"(286.83, 220.53)",,,,"(500.88, 368.29)","(280.90, 443.17)",,,,"(282.02, 298.15)",,,"(555.94, 446.03)","(138.72, 430.53)",,,,,,,,"(436.32, 405.07)",,,"(666.04, 445.92)","(505.94, 444.39)",,,,,,,,,,,,,,,,,,,,,
131,"(649.64, 401.59)",,"(665.71, 415.16)",,,,"(303.05, 397.46)","(540.35, 428.49)",,,,"(263.97, 314.09)",,,,,,,"(666.84, 431.17)","(386.43, 401.20)","(266.16, 427.28)",,"(442.15, 364.26)",,"(153.48, 374.53)",,"(649.18, 430.90)",,,"(261.87, 390.17)",,,,,,,"(393.21, 429.09)",,,,,,,,"(685.85, 419.86)",,,,,"(287.51, 220.39)",,,,"(502.05, 354.34)","(281.60, 427.95)",,,,"(282.55, 284.57)",,,"(556.21, 431.19)","(139.53, 415.00)",,,,,,,,"(437.48, 389.99)",,,,"(507.46, 429.13)",,,,,,,,,,,,,,,,,,,,,
132,"(665.07, 386.44)",,"(649.34, 370.61)",,,,"(303.81, 367.19)","(556.01, 403.00)",,,,"(264.29, 287.23)",,,,,,,,"(386.03, 373.10)","(262.96, 362.16)",,"(437.02, 362.09)",,"(139.53, 386.87)",,,,,"(264.15, 399.03)",,,,,,,,,,,,,"(442.32, 337.06)",,"(686.58, 394.58)",,,,,,,,,"(501.85, 328.08)","(281.95, 399.81)",,,,"(280.79, 255.93)",,,,"(176.32, 400.67)",,,,,"(152.94, 346.71)",,,,,,,,,,,,,,,,,,,,,,,,,,,,
133,"(650.39, 332.18)",,"(664.36, 349.18)",,,,"(282.35, 363.05)",,,,,"(263.95, 324.97)",,,,,,,,,"(262.09, 361.97)",,,,"(152.61, 308.48)",,,,,,,,,,,,,,,,,,"(436.51, 324.60)",,,,,,,"(277.70, 218.83)",,,,"(501.30, 293.16)","(304.12, 327.62)",,,,"(264.01, 252.80)",,,,,,,,,"(139.35, 349.47)",,,,"(385.98, 335.50)",,,,,,,,,,,,,,,,,,,,,,,,
134,"(665.37, 301.85)",,"(651.16, 281.90)",,,,,,,,,"(276.87, 169.83)",,,,,,,,"(400.77, 259.91)",,,,,"(140.09, 298.87)",,,,,,,,,,,,,,,,,,"(437.05, 275.75)",,,,,,,"(264.25, 205.95)",,,,"(501.74, 247.05)","(305.71, 278.92)",,,,"(266.69, 275.35)",,,,,,,,,"(152.68, 259.84)",,,,"(387.02, 286.59)",,,,,,,,,,,,,,,,,,,,,,,,
135,"(651.56, 222.08)",,"(665.71, 243.30)",,,,,,,,,"(264.40, 151.90)",,,,,,,,"(387.88, 227.60)",,,,,"(152.90, 202.02)",,,,,,,,,,,,,,,,,,"(437.43, 218.55)",,,,,,,"(269.63, 216.94)",,"(275.68, 115.53)",,"(502.04, 192.32)",,,,,"(306.95, 219.27)",,,,,,,,,"(141.79, 240.13)",,,,"(397.37, 174.19)",,,,,,,,,,,,,,,,,,,,,,,,
136,"(665.09, 180.86)",,"(651.92, 158.69)",,,,,,,,,"(271.29, 155.10)",,,,,,,,,,,,,"(143.05, 176.11)",,,,,,,,,,,,,,,,,,"(437.33, 157.40)",,,,,,,,,"(274.18, 50.26)",,,,,,,"(307.04, 157.46)",,,,,,,,,"(152.48, 139.59)",,,,"(387.15, 165.02)",,,,,,,,,,,,,,,,,,,,,,,,
137,,,"(665.46, 117.58)","(394.29, 25.47)",,,,,,,,,,,,,,,,,,,,,,,,,,,,,,,,,,,,,,,,,,,,,,,,"(264.85, 34.20)",,,,,,,,,,,,,,,,"(144.50, 115.29)",,,,,,,,,,,,,,,,,,,,,,,,,,,,
138,,,"(652.54, 32.22)","(388.60, 42.94)",,,,,,,,,,,,,,,,,,,,"(309.73, 33.30)",,,,,"(438.48, 38.23)",,,,,,,,,,,,,,,,,,,,,,,"(277.31, 35.62)",,,,,,,,,,,,,,,,"(146.89, 52.11)",,,,,,,,,,,,,,,,,,,,,,,,,,,,
139,,,,"(399.20, 19.08)",,,,,,,,,,,,,,,,,,,,,,,,,,,,,,,,,,,,,,,,,,,,,,,,,,,,,,,,,,,,,,,,,,,,,,,,,,,,,,,,,,,,,,,,,,,,
140,,,,,,,,,,,,,,,,,,,,,,,,,,,,,,,,,,,,,,,,,,,,,,,,,,,,,,,,,,,,,,,,,,,,,,,,,,,,,,,,,,,,,,,,,,,,,,,,
141,,,,,,,,,,,,,,,,,,,,,,,,,,,,,,,,,,,,,,,,,,,,,,,,,,,,,,,,,,,,,,,,,,,,,,,,,,,,,,,,,,,,,,,,,,,,,,,,
142,,,,,,,,,,,,,,,,,,,,,,,,,,,,,,,,,,,,,,,,,,,,,,,,,,,,,,,,,,,,,,,,,,,,,,,,,,,,,,,,,,,,,,,,,,,,,,,,
143,,,,,,,,,,,,,,,,,,,,,,,,,,,,,,,,,,,,,,,,,,,,,,,,,,,,,,,,,,,,,,,,,,,,,,,,,,,,,,,,,,,,,,,,,,,,,,,,
144,"(638.71, 18.22)",,"(657.52, 17.94)",,,,,,,,,,,,,,,,,,,,,,,,,,,,,,,,,,,,,,,,,,,,,,,,,,,,,,,,,,,,,,,,,,,,,,,,,,,,,,,,,,,,,,,,,,,,,
145,"(660.24, 49.13)","(254.47, 14.19)",,,,,,,,,,,,,,,,,,,,,,"(286.07, 35.56)","(174.05, 49.72)",,,,,,,,,,,,,,,,,,"(537.29, 64.15)",,,,,,,,,,,,,"(76.07, 57.54)",,,,,,,,,,,,,,,,"(395.26, 29.03)",,,,,,,,,,,,,,,,,,,,,,,,
146,,,,,,,,,,,,,,,,,,,,,,,,,"(177.35, 59.01)",,,,,,,,,,,,,,,,,,,,,,,,,,,,,,,,,,,,,,,,,,,,,,,,,,,,,,,,,,,,,,,,,,,,,,,
147,,,,,,,,,,,,,,,,,,"(150.65, 213.19)",,,,,,,"(174.24, 137.21)",,,,,,,,,,,,,,,,,,,,,,,,,,,,,,,"(61.30, 201.33)",,,,,,,,,,,,,,,,,,,,,,,,,,,,,,,,,,,,,,,,
148,,,,,,,,,,,,,,,,,,,,,,,,,,,,,,,,,,,,,"(495.43, 452.24)",,,,,,,,,,,,,,,,,,,,,,,,,,,,,,,,,,,,,,,,,,,,,,,,,,,,,,,,,,,
149,,"(283.90, 367.55)",,,"(48.14, 396.95)",,"(283.16, 404.89)","(656.37, 409.68)","(266.08, 411.49)",,,"(385.31, 363.76)","(72.53, 414.90)",,,,,"(169.61, 359.34)","(661.28, 381.12)","(404.82, 347.95)","(171.29, 403.57)","(652.97, 390.90)","(432.66, 372.76)","(303.44, 366.57)","(153.25, 361.60)",,"(638.42, 401.26)",,,"(295.18, 415.96)",,,,,"(20.80, 404.16)",,"(521.54, 404.29)",,,"(165.21, 401.36)",,,,,,,,,,"(149.11, 402.07)",,,,,"(286.75, 220.56)","(39.44, 371.27)",,,,,,,"(443.16, 410.93)",,,"(521.64, 365.17)",,,,"(630.76, 393.01)","(504.64, 371.04)",,,,"(427.32, 405.49)",,,,,,,,,,,,,,,,,,,,,
150,,"(280.23, 396.12)",,,"(65.20, 378.17)",,"(282.01, 408.10)","(661.07, 418.99)","(250.45, 406.67)",,,"(396.21, 370.73)","(67.48, 420.24)",,,,,"(193.66, 336.72)","(663.38, 369.09)","(389.38, 328.69)","(161.65, 406.56)","(652.65, 409.51)","(431.06, 415.99)","(307.81, 386.74)","(162.95, 314.29)",,"(630.86, 378.88)",,,"(295.92, 403.70)",,,,,"(17.54, 410.16)",,"(533.98, 395.10)",,,"(192.58, 393.90)",,,,,,,,,,"(140.99, 387.32)",,,,,"(286.52, 220.52)","(76.11, 328.94)",,,,,,,"(534.25, 299.70)",,,"(528.12, 359.15)",,,,"(640.96, 382.61)","(522.77, 332.74)",,,,"(416.60, 404.83)","(506.00, 381.65)","(433.51, 333.68)","(386.12, 432.91)","(27.30, 406.44)","(410.83, 404.31)","(62.33, 401.19)","(501.40, 393.81)","(427.34, 425.18)","(543.06, 371.53)",,,,,,,,,,,,
151,,"(257.01, 423.38)",,,,,"(295.26, 421.39)","(670.26, 445.20)","(179.97, 438.01)",,,"(387.16, 377.35)","(72.49, 442.57)",,,,,"(188.00, 415.55)","(661.61, 370.88)","(395.46, 332.91)","(165.98, 424.10)","(644.20, 410.42)","(416.92, 443.46)","(309.43, 398.24)","(166.59, 342.45)",,"(625.99, 388.48)",,,"(310.86, 374.89)",,,,,"(65.53, 442.62)",,"(529.39, 378.60)",,,"(196.04, 386.89)",,,,,,,,,,"(149.67, 429.18)",,,,,"(286.61, 220.50)","(76.44, 343.64)",,,,,,,"(548.92, 298.00)",,,"(533.44, 357.61)",,,,"(634.33, 448.70)","(530.37, 427.69)",,,,,"(515.15, 402.20)",,"(391.12, 443.69)","(44.27, 440.74)","(438.41, 367.47)","(59.26, 397.09)","(505.67, 408.89)","(437.96, 439.21)","(568.50, 429.78)","(305.65, 355.59)",,,,,,,,,,,
152,,"(255.85, 443.79)",,,,,"(308.16, 423.51)","(669.78, 447.19)","(186.33, 445.88)",,,"(384.79, 377.18)","(68.59, 441.01)",,,,,"(178.05, 446.90)","(689.86, 374.39)","(400.81, 368.56)","(169.98, 426.54)","(659.57, 404.02)","(407.26, 445.19)","(300.74, 409.28)",,,"(625.01, 388.86)",,,"(281.72, 388.23)",,,,,"(29.26, 434.91)",,"(541.42, 388.12)",,,,,,,,,,,,,"(151.50, 445.58)",,,,,"(286.41, 220.06)","(74.52, 344.46)",,,,,,,"(548.00, 298.08)",,,,,,,"(635.74, 450.58)","(539.69, 438.07)",,,,"(397.90, 434.60)","(561.02, 440.33)",,"(390.06, 442.55)",,,"(19.54, 445.63)","(514.06, 428.55)","(433.14, 427.94)","(633.36, 438.28)","(296.99, 444.04)",,,,,,,,,,,
153,,"(306.13, 445.42)",,,"(60.77, 443.81)",,"(297.91, 443.96)","(669.27, 447.69)","(186.25, 445.73)",,,"(385.18, 376.90)","(71.34, 443.85)",,,,,"(178.81, 446.71)","(689.71, 373.33)",,"(171.11, 425.72)","(638.82, 430.49)","(416.12, 446.07)","(297.06, 421.14)","(129.55, 440.87)",,"(624.99, 388.51)",,,"(266.62, 419.40)",,,,,"(27.08, 438.95)",,"(537.43, 411.65)",,,"(166.11, 445.25)",,,,,,,,,,"(152.46, 444.57)",,,,,"(286.66, 220.26)","(74.45, 344.23)",,,,,,,"(547.69, 297.76)",,,,,,,"(634.38, 449.77)","(544.71, 445.37)",,,,"(399.00, 434.29)","(648.22, 448.03)",,"(384.16, 446.01)","(54.86, 445.54)","(556.71, 449.71)","(17.91, 445.05)","(520.84, 443.85)","(411.33, 418.88)",,,,,,,,,,,,,
154,,"(306.77, 445.48)",,,"(62.31, 444.33)",,"(298.32, 444.15)","(670.07, 447.58)","(187.09, 445.70)",,,"(385.70, 376.77)","(75.26, 445.40)",,,,,"(262.69, 446.78)","(690.08, 372.78)",,"(171.67, 425.99)","(646.48, 430.69)","(417.17, 445.93)","(296.95, 420.77)","(130.06, 441.64)",,"(625.54, 388.38)",,,"(267.12, 420.17)",,,,,"(29.00, 438.21)",,"(534.14, 424.89)",,,"(162.66, 444.58)",,,,,,,,,,"(154.56, 444.36)",,,,,"(285.98, 220.17)","(75.39, 344.46)",,,,,,,"(548.69, 297.71)",,,"(557.27, 449.07)",,,,"(634.69, 449.94)","(544.71, 446.61)",,,,"(398.35, 429.66)",,,"(393.64, 444.30)","(51.30, 445.11)","(658.73, 447.97)",,"(531.47, 443.15)","(407.88, 419.77)",,,,,,,,,,,,,
155,,"(305.55, 445.62)",,,"(60.90, 444.41)",,"(297.09, 444.13)",,"(185.96, 446.10)",,,"(385.28, 376.84)","(73.58, 444.81)",,,,,"(178.36, 446.52)","(689.55, 371.38)","(383.04, 446.19)","(170.25, 425.08)","(647.85, 447.53)","(415.52, 446.07)","(296.01, 420.62)","(129.33, 440.45)",,"(624.57, 387.93)",,,"(266.41, 419.85)",,,,,"(28.30, 437.86)",,"(535.13, 428.01)",,,"(161.97, 443.22)",,,,,,,,,,"(152.31, 444.27)",,,,,"(285.91, 219.88)","(74.68, 344.41)",,,,,,,"(547.82, 297.52)",,,"(556.12, 448.61)",,,,"(634.16, 449.62)","(540.39, 444.18)",,,,"(396.10, 435.18)",,,"(394.92, 445.59)","(48.68, 444.60)",,"(20.74, 445.13)",,"(408.71, 417.97)",,,,,,,,,,,,,
156,,"(305.66, 445.42)",,,"(61.90, 443.85)",,"(297.40, 444.10)","(659.34, 440.33)","(185.46, 446.01)",,,"(384.82, 376.23)","(72.84, 444.57)",,,,,"(178.63, 446.59)","(690.03, 368.39)",,"(169.62, 423.50)","(647.54, 448.00)","(415.65, 445.89)","(296.01, 420.57)","(129.46, 439.35)",,"(624.00, 387.17)",,,"(266.45, 419.11)",,,,,"(28.29, 437.78)",,"(535.13, 427.82)",,,"(161.79, 441.20)",,,,,,,,,,"(152.16, 444.14)",,,,,"(286.38, 220.54)","(74.33, 343.69)",,,,,,,"(547.83, 297.39)",,,"(556.21, 448.58)",,,,"(634.14, 449.67)","(543.53, 446.29)",,,,"(397.08, 434.99)",,,"(396.12, 446.06)","(46.49, 446.27)",,,,"(409.03, 417.40)",,,,,,,,,,,,,
157,,"(306.63, 445.36)",,,"(62.11, 444.21)",,"(298.20, 444.19)","(661.38, 439.38)","(185.15, 445.85)",,,"(385.31, 373.99)","(74.28, 444.42)",,,,,"(178.45, 446.61)","(690.86, 364.51)",,"(169.53, 420.97)","(670.02, 447.80)","(417.34, 445.88)","(296.86, 420.77)",,,"(624.86, 385.75)",,,"(265.96, 417.07)",,,,,"(31.59, 437.16)",,"(536.20, 427.66)",,,"(146.79, 436.15)",,,,,,,,,,"(152.22, 444.50)",,,,,"(286.34, 220.41)","(75.62, 342.93)",,,,,,,"(548.67, 296.98)",,,"(557.50, 448.83)",,,,"(634.98, 449.73)","(544.92, 446.30)",,,,"(398.13, 435.20)",,,,"(47.71, 444.74)",,,,"(410.26, 417.76)",,,,,,,,,,,,,
158,,"(305.98, 445.38)",,,"(60.60, 443.56)",,"(297.45, 443.85)","(659.27, 438.93)","(183.63, 446.28)",,,"(384.57, 371.65)","(74.15, 444.97)",,,,,"(177.82, 446.90)","(689.78, 362.16)","(261.36, 446.00)","(167.45, 418.01)","(648.14, 447.64)","(415.45, 446.19)","(296.57, 420.44)","(130.15, 438.38)",,"(624.11, 384.77)",,,"(266.12, 412.71)",,,,,"(33.75, 435.26)",,"(535.41, 427.92)",,,"(158.05, 426.68)",,,,,,,,,,"(151.75, 444.48)",,,,,"(286.41, 220.28)","(75.16, 343.50)",,,,,,,"(547.51, 295.26)",,,"(556.79, 448.64)",,,,"(634.21, 449.54)","(544.27, 446.48)",,,,"(398.04, 435.05)",,,"(395.70, 446.34)",,,,"(535.45, 443.94)","(409.99, 417.63)",,,,,,,,,,,,,
159,,"(305.81, 445.18)",,,"(59.36, 443.69)",,"(297.13, 443.94)","(659.28, 438.66)","(182.87, 446.78)",,,"(384.20, 369.37)","(74.83, 445.77)",,,,,"(177.21, 446.78)","(689.61, 361.24)","(261.51, 445.57)","(165.07, 415.45)","(647.44, 447.81)","(414.83, 446.05)","(294.74, 421.70)","(130.53, 435.67)",,"(624.31, 383.32)",,,"(265.82, 409.26)",,,,,"(36.61, 434.48)",,"(535.52, 427.92)",,,"(175.56, 411.83)",,,,,,,,,,"(151.51, 444.92)",,,,,"(286.23, 220.28)","(74.17, 343.82)",,,,,,,"(546.45, 293.85)",,,"(555.84, 448.75)",,,,"(633.42, 449.37)","(543.79, 446.35)",,,,"(398.26, 435.55)",,,"(275.13, 444.33)","(17.32, 445.00)",,,"(534.26, 444.06)","(409.59, 417.55)",,,,,,,,,,,,,
160,,"(306.74, 445.13)",,,"(59.95, 443.95)",,"(298.12, 444.06)","(660.53, 439.03)","(183.04, 446.85)",,,"(385.06, 367.63)","(76.10, 443.88)",,,,,"(177.31, 446.28)","(689.99, 360.15)","(262.57, 445.74)","(164.46, 412.32)","(646.17, 447.76)","(415.18, 445.67)","(294.21, 422.45)","(131.19, 433.83)",,"(625.78, 381.73)",,,"(266.55, 406.70)",,,,,"(40.03, 433.99)",,"(536.58, 427.57)",,,"(174.36, 406.70)",,,,,,,,,,"(151.29, 444.75)",,,,,"(286.28, 220.14)","(74.35, 343.25)",,,,,,,"(546.19, 291.19)",,,"(556.80, 448.86)",,,,"(633.71, 449.01)","(544.54, 446.48)",,,,"(400.50, 434.24)",,,"(276.38, 443.89)","(41.99, 446.25)",,,"(535.80, 443.68)","(409.81, 414.93)",,,,,,"(397.94, 446.72)",,,,,,,
161,,"(306.27, 445.08)",,,"(60.03, 443.27)",,"(297.00, 443.96)","(659.77, 438.90)","(182.29, 446.74)",,,"(384.69, 365.70)","(74.74, 442.16)",,,,,"(176.88, 446.55)","(689.58, 359.46)","(277.12, 443.87)","(163.57, 410.45)","(643.75, 447.89)","(413.66, 445.57)","(293.30, 423.07)","(131.70, 430.85)",,"(625.89, 380.63)",,,"(266.16, 403.12)",,,,,"(40.66, 433.40)",,"(537.17, 427.27)",,,"(173.17, 405.86)",,,,,,,,,,"(149.97, 445.18)",,,,,"(286.14, 220.44)","(73.43, 342.32)",,,,,,,"(545.06, 288.74)",,,"(556.23, 448.83)",,,,"(632.29, 448.96)","(544.62, 446.60)",,,,"(401.48, 434.27)",,,"(262.29, 445.59)","(41.99, 446.06)",,,"(535.31, 441.89)","(408.79, 412.38)",,,,"(658.81, 446.49)","(409.82, 432.11)","(397.47, 446.72)",,,,,,,
162,,"(306.05, 445.02)",,,"(59.52, 442.70)",,"(294.72, 443.48)","(659.89, 437.31)","(182.05, 446.56)",,,"(383.83, 362.62)","(75.02, 440.38)",,,,,,"(689.59, 358.26)","(277.36, 444.61)","(162.65, 407.28)","(640.59, 448.23)","(412.56, 445.85)","(292.67, 423.61)","(132.58, 428.67)",,"(626.40, 378.86)",,,"(266.49, 399.30)",,,,,"(41.18, 433.08)",,"(538.41, 425.62)",,,"(171.92, 404.65)",,,,,,,,,,"(149.80, 444.92)",,,,,"(286.23, 220.13)","(73.10, 341.92)",,,,,,,"(542.66, 285.77)",,,"(554.72, 448.23)",,,,"(630.21, 448.41)",,,,,"(402.02, 434.07)",,,"(261.61, 445.12)","(41.67, 445.64)",,,"(534.45, 440.62)","(407.74, 409.96)",,,,"(655.58, 446.63)","(410.41, 430.59)","(396.29, 446.78)","(17.74, 444.80)",,,,,,
163,,"(306.68, 445.13)",,,"(58.38, 442.29)",,"(292.43, 443.05)","(661.32, 435.06)","(182.87, 446.41)",,,"(384.18, 360.80)","(75.28, 437.78)",,,,,"(157.42, 396.55)","(690.10, 356.67)","(276.96, 444.86)","(162.43, 405.52)","(638.70, 448.64)","(413.76, 445.47)","(292.69, 424.20)","(134.64, 426.69)",,"(628.24, 376.77)",,,"(267.09, 397.69)",,,,,"(41.82, 431.43)",,"(541.00, 424.14)",,,"(172.43, 401.68)",,,,,,,,,,"(150.48, 444.73)",,,,,"(286.26, 220.19)","(73.54, 341.88)",,,,,,,"(542.40, 283.39)",,,"(450.45, 451.75)",,,,"(628.68, 448.24)","(552.94, 447.73)",,,,"(404.05, 432.91)",,,"(261.37, 445.07)","(42.98, 446.02)",,,"(534.46, 439.38)","(407.54, 407.49)",,,,"(655.30, 446.87)","(414.08, 428.88)","(397.98, 447.28)","(16.99, 443.29)",,,,,,
164,,"(306.25, 445.18)",,,"(56.47, 442.39)",,"(287.97, 443.49)","(662.60, 432.69)","(183.30, 446.86)",,,"(383.58, 358.59)","(74.42, 434.66)",,,,,"(161.18, 401.71)","(690.02, 354.68)","(273.05, 445.16)","(151.22, 380.53)","(635.67, 448.76)","(413.17, 445.70)","(292.24, 424.11)","(136.14, 423.90)",,"(629.01, 374.69)",,,"(266.54, 396.21)",,,,,"(41.63, 430.26)",,"(543.39, 423.49)",,,"(170.48, 398.21)",,,,,,,,,,"(150.44, 444.76)",,,,,"(286.20, 220.26)","(73.40, 341.86)",,,,,,,"(541.46, 280.25)",,,,,,,"(627.46, 448.04)","(552.76, 447.66)",,,,"(403.57, 432.77)",,,"(261.61, 445.08)","(42.92, 446.37)",,,"(533.95, 437.97)","(405.77, 404.29)",,,,"(654.58, 446.94)","(415.90, 426.54)",,,,,,,,
165,,"(305.75, 445.22)",,,"(53.92, 442.72)",,"(284.76, 444.10)","(663.45, 430.30)","(183.33, 446.79)",,,"(382.34, 356.41)","(74.88, 431.55)",,,,,"(159.69, 399.35)","(689.71, 352.82)","(271.72, 445.17)","(149.75, 379.98)",,"(412.50, 445.44)","(292.01, 424.16)","(136.40, 422.53)",,"(629.74, 372.75)",,,"(266.39, 393.44)",,,,,"(41.22, 429.53)",,"(544.30, 423.57)",,,"(170.06, 394.24)",,,,,,,,,,"(150.05, 444.75)",,,,,"(286.27, 220.16)","(72.44, 341.26)",,,,,,,"(539.71, 276.94)",,,"(539.65, 444.67)",,,,"(626.73, 448.35)","(552.44, 448.44)",,,,"(403.41, 432.02)",,,"(261.51, 444.71)","(41.63, 446.58)",,,"(533.07, 435.67)","(404.42, 401.65)",,,,"(654.01, 446.91)","(417.23, 424.14)",,,,,,,,
166,,"(306.84, 445.03)",,,"(52.92, 444.50)",,"(284.10, 444.01)","(665.74, 427.30)","(184.16, 446.53)",,,"(382.55, 354.45)","(75.45, 428.77)",,,,,"(159.47, 395.22)","(690.28, 350.06)","(270.63, 449.09)","(151.04, 378.66)","(531.14, 405.97)","(411.52, 445.80)","(293.05, 425.26)","(137.90, 421.87)",,"(632.57, 370.28)",,,"(267.57, 390.26)",,,,,"(41.74, 428.29)",,"(546.15, 423.33)",,,"(170.03, 392.29)",,,,,,,,,,"(151.76, 443.07)",,,,,"(286.42, 220.21)","(72.43, 339.77)",,,,,,,"(539.53, 276.98)",,,"(539.41, 444.68)",,,,"(627.99, 448.50)","(552.79, 448.62)",,,,"(405.34, 430.85)",,,"(262.00, 444.66)","(41.77, 446.61)",,,"(532.97, 433.37)","(403.20, 398.34)",,,,"(654.06, 447.14)","(419.71, 421.73)","(450.13, 451.67)",,,,,,,
167,,"(308.29, 444.49)",,,"(51.42, 444.67)",,"(284.81, 444.39)","(666.94, 424.23)","(185.52, 445.73)",,,"(381.83, 352.48)","(75.25, 424.58)",,,,,"(158.62, 392.01)","(689.80, 348.59)","(270.55, 449.16)","(151.07, 377.85)","(529.64, 379.08)","(408.17, 445.22)","(293.16, 425.77)","(138.12, 421.01)",,"(634.45, 368.46)",,,"(268.69, 386.78)",,,,,"(40.94, 427.22)",,"(546.37, 423.27)",,,"(170.66, 390.62)",,,,,,,,,,"(163.87, 411.97)",,,,,"(286.49, 220.10)","(72.07, 338.39)",,,,,,,"(538.98, 275.33)",,,"(538.53, 444.77)",,,,"(626.99, 448.19)","(552.29, 448.73)",,,,"(406.04, 429.17)",,,"(262.16, 444.65)","(40.42, 446.26)",,,"(531.28, 430.39)","(401.41, 394.61)",,,,"(653.33, 447.65)","(420.07, 419.34)",,,,,,,,
168,,"(309.47, 444.39)",,,"(50.09, 443.65)",,"(288.57, 444.16)","(667.53, 421.25)","(186.30, 445.15)",,,"(381.26, 351.01)","(75.01, 420.89)",,,,,"(157.46, 389.78)","(688.95, 346.93)","(270.32, 449.00)","(151.14, 377.20)","(530.20, 388.11)","(404.39, 446.14)","(293.41, 426.15)","(138.20, 420.65)",,"(637.09, 366.95)",,,"(269.24, 383.77)",,,,,"(40.27, 424.52)",,"(546.71, 423.18)",,,"(170.14, 388.91)",,,,,,,,,,"(173.02, 419.76)",,,,,,"(71.20, 337.44)",,,,,,,"(538.11, 273.62)",,,"(537.01, 444.72)",,,,"(626.53, 448.18)","(552.22, 448.71)",,,,"(406.06, 426.83)",,,"(262.01, 444.50)","(39.13, 445.58)",,,"(529.71, 428.23)","(400.65, 391.95)",,,,"(652.81, 447.58)","(419.81, 415.89)",,"(16.10, 444.74)",,,,,,
169,,"(310.72, 444.50)",,,"(52.33, 443.69)",,"(291.85, 445.16)","(669.12, 417.47)","(186.16, 446.16)",,,"(381.57, 348.38)","(75.73, 416.69)",,,,,"(158.20, 386.88)","(689.00, 345.66)",,"(152.01, 376.93)",,"(402.21, 446.33)","(294.68, 426.74)","(138.81, 420.64)",,"(639.91, 365.37)",,,"(270.55, 380.50)",,,,,"(39.99, 422.26)",,"(548.00, 422.63)",,,"(169.94, 386.34)",,,,,,,,,,"(173.48, 422.67)",,,,,"(287.02, 220.38)","(71.04, 335.77)",,,,,,,"(538.37, 272.42)",,,"(536.41, 444.66)",,,,"(626.95, 448.16)","(552.32, 448.66)",,,,"(407.40, 424.54)",,,"(168.52, 429.03)","(38.67, 445.04)",,,"(529.55, 425.91)","(400.32, 388.61)",,,,"(652.25, 447.45)","(421.02, 412.30)","(450.09, 451.72)","(17.91, 444.56)",,,,,,
170,,"(310.75, 444.49)",,,"(52.80, 444.12)",,"(293.39, 445.09)","(670.54, 413.57)","(184.81, 445.94)",,,"(381.35, 346.07)","(75.58, 413.44)",,,,,"(155.90, 384.26)","(688.48, 344.02)","(262.59, 443.39)","(152.24, 376.85)","(530.42, 445.94)","(401.28, 446.39)","(295.36, 427.86)","(138.66, 420.77)",,"(642.00, 364.91)",,,"(271.26, 377.64)",,,,,"(39.57, 419.86)",,"(548.34, 422.19)",,,"(169.86, 383.64)",,,,,,,,,,"(172.39, 421.91)",,,,,,"(70.76, 334.25)",,,,,,,"(538.10, 271.58)",,,"(536.91, 444.66)",,,,"(625.97, 448.68)","(552.28, 448.56)",,,,"(406.55, 422.19)",,,"(168.10, 431.16)","(38.94, 443.92)",,,"(528.44, 424.01)","(399.65, 385.14)",,,,"(650.85, 446.83)","(421.31, 409.37)",,"(18.66, 444.40)",,,,,,
171,,"(310.69, 444.45)",,,"(52.86, 444.37)",,"(295.19, 444.80)","(670.82, 410.44)","(183.78, 446.20)",,,"(380.64, 344.25)","(75.24, 410.43)",,,,,"(65.12, 375.65)","(687.55, 341.73)","(262.16, 444.34)","(152.67, 376.57)","(531.12, 446.17)","(401.04, 446.20)","(295.83, 428.57)","(138.63, 420.62)",,"(643.70, 364.09)",,,"(271.77, 373.88)",,,,,"(39.02, 416.20)",,"(549.53, 421.21)",,,"(168.65, 381.31)",,,,,,,,,,"(170.81, 418.90)",,,,,"(272.57, 445.64)","(69.82, 332.79)",,,,,,,"(537.88, 269.93)",,,"(537.00, 444.06)",,,,"(625.50, 448.74)","(552.09, 448.69)",,,,"(406.12, 420.04)",,,"(168.32, 430.38)","(38.53, 442.42)",,,"(527.52, 421.97)","(397.84, 381.59)",,,,"(650.77, 446.67)","(420.95, 406.53)","(392.92, 446.66)","(18.98, 444.11)",,,,,,
172,,"(311.38, 444.49)",,,"(53.17, 444.51)",,"(298.66, 444.91)","(672.47, 406.95)","(183.84, 446.28)",,,"(380.67, 342.38)","(75.25, 407.02)",,,,,,"(688.01, 339.48)","(262.62, 444.50)","(154.31, 375.50)","(531.24, 446.71)","(401.10, 446.41)","(297.04, 429.27)","(139.42, 420.15)",,"(646.29, 363.44)",,,"(272.67, 370.47)",,,,,"(39.01, 412.57)",,"(551.49, 420.44)",,,"(169.08, 378.18)",,,,,,,,,,"(169.18, 416.71)",,,,,"(274.86, 445.93)","(68.99, 329.75)",,,,,,,"(538.34, 268.15)",,,"(536.97, 443.32)",,,,"(625.07, 447.81)","(552.41, 448.80)",,,,"(406.38, 417.67)",,,"(168.10, 427.30)","(36.58, 442.83)",,,"(526.26, 419.21)","(397.90, 378.25)",,,"(626.29, 430.25)","(647.84, 433.09)","(421.56, 404.00)","(450.09, 451.87)","(20.13, 444.25)",,,,,,
173,,"(311.21, 444.32)",,,"(52.99, 444.48)",,"(302.13, 444.46)","(672.63, 403.26)","(183.66, 446.18)",,,"(380.37, 340.34)","(74.55, 403.54)",,,"(286.99, 220.42)",,,"(688.26, 336.14)","(262.74, 444.49)","(155.53, 372.93)","(531.89, 447.03)","(401.40, 446.34)","(297.05, 429.90)","(140.50, 418.74)",,"(649.15, 362.06)",,,"(273.72, 366.89)",,,,,"(38.65, 409.02)",,"(552.31, 418.68)",,,"(167.00, 375.47)",,,,,,,,,,"(167.77, 414.91)",,,,,,"(68.24, 327.53)",,,,,,,"(539.15, 266.07)",,,"(536.55, 442.67)",,,,"(625.08, 447.69)","(552.33, 448.83)",,,,"(404.99, 414.99)",,,"(167.36, 424.20)","(35.22, 443.08)",,,"(524.92, 416.42)","(396.98, 374.70)",,,"(640.52, 398.66)","(654.07, 448.58)","(421.36, 401.71)","(392.53, 446.56)",,,,,,,
174,,,,,"(52.45, 444.51)",,"(307.93, 444.54)","(673.56, 399.46)","(183.26, 446.31)",,,"(379.81, 338.20)","(74.04, 400.28)",,,"(287.11, 220.42)",,,"(688.17, 333.39)","(262.73, 444.71)","(155.76, 369.65)","(524.74, 446.13)","(401.78, 446.51)","(297.04, 430.46)","(141.94, 417.66)",,"(650.75, 360.46)",,,"(274.53, 363.57)",,,,,"(38.53, 405.18)",,"(553.19, 416.71)",,,"(164.61, 372.46)",,,,,,,,,,"(165.80, 412.47)",,,,,,"(66.11, 325.03)",,,,,,,"(539.22, 263.95)",,,"(534.33, 444.00)",,,,"(624.79, 447.73)","(552.24, 448.69)",,,,"(404.30, 412.04)",,,"(166.25, 421.50)","(34.67, 443.31)",,,"(523.34, 413.73)","(396.49, 371.10)",,,"(661.82, 382.73)","(638.02, 374.52)","(421.57, 398.66)","(392.46, 447.05)",,,,,,,
175,,,,,"(52.47, 444.34)",,"(309.38, 444.55)","(672.75, 395.77)","(183.47, 446.30)",,,"(379.90, 336.44)","(73.84, 396.12)",,,"(287.22, 220.29)",,,"(688.42, 330.79)","(263.00, 444.96)","(156.33, 367.50)","(523.89, 445.57)","(402.77, 446.42)","(297.91, 431.00)","(143.91, 416.74)",,"(653.50, 357.82)",,,"(275.42, 360.07)",,,,,"(38.96, 400.48)",,"(554.12, 414.19)",,,"(163.74, 370.01)",,,,,,,,,,"(165.08, 410.89)",,,,,"(280.30, 446.84)","(65.18, 323.33)",,,,,,,"(540.98, 261.39)",,,"(533.18, 443.05)",,,,"(625.24, 447.66)","(552.43, 448.89)",,,,"(403.35, 409.63)",,,"(165.93, 418.64)","(34.62, 443.66)",,,"(521.90, 411.49)","(396.37, 367.47)",,,"(674.41, 368.23)","(643.08, 379.29)","(422.35, 395.84)",,,,,,,,
176,,,,,"(51.05, 444.00)",,"(310.76, 444.66)","(671.76, 392.85)","(183.41, 446.30)",,,"(379.61, 334.68)","(74.04, 392.22)",,,"(287.19, 220.28)",,,"(688.75, 327.96)","(262.20, 444.68)","(156.80, 364.70)","(523.00, 445.33)","(403.00, 446.39)","(298.11, 431.59)","(146.13, 415.22)",,"(655.23, 355.37)",,,"(276.45, 356.37)",,,,,"(39.33, 396.86)",,"(554.68, 412.60)",,,"(162.29, 367.32)",,,,,,,,,,"(162.98, 411.89)",,,,,"(282.13, 446.57)","(63.56, 320.47)",,,,,,,"(541.85, 258.90)",,,"(532.44, 442.69)",,,,"(625.15, 447.66)","(552.23, 448.94)",,,,"(402.99, 407.38)",,,"(165.60, 416.32)","(34.61, 443.81)",,,"(520.27, 409.15)","(396.45, 363.87)",,,"(670.96, 356.34)","(643.87, 397.40)","(422.46, 392.42)",,"(23.61, 443.68)",,,,,,
177,,,,,"(49.90, 443.71)",,"(312.88, 444.56)","(670.84, 391.00)","(183.34, 446.28)",,,"(379.28, 333.17)","(73.05, 389.26)",,,"(287.23, 220.29)",,,"(688.84, 325.37)","(261.93, 443.90)","(156.47, 362.57)","(522.49, 445.18)","(402.94, 446.55)","(299.34, 433.15)","(148.37, 413.69)",,"(656.97, 352.50)",,,"(277.05, 352.93)",,,,,"(39.68, 393.17)",,"(555.11, 410.75)",,,"(162.25, 366.65)",,,,,,,,,,"(162.82, 413.53)",,,,,"(283.29, 446.34)","(61.66, 318.39)",,,,,,,"(542.42, 256.05)",,,"(531.83, 442.27)",,,,"(625.58, 447.40)","(552.33, 448.91)",,,,"(401.02, 404.58)",,,,"(34.39, 443.80)",,,"(518.56, 406.76)","(395.81, 360.56)",,,"(671.02, 356.36)","(643.62, 426.23)","(421.97, 389.39)",,,,,,,,
178,,"(305.53, 398.58)",,,"(49.01, 443.55)",,"(313.12, 444.33)","(670.40, 387.94)","(183.32, 446.37)",,,"(379.36, 331.38)","(73.33, 386.11)",,,"(287.19, 220.28)",,,"(689.65, 321.59)","(261.66, 443.67)","(156.31, 359.81)","(520.98, 445.30)","(403.44, 446.38)","(300.62, 433.82)",,,"(657.94, 349.71)",,,"(278.21, 349.93)",,,,,"(40.70, 389.43)",,"(555.79, 408.58)",,,"(161.47, 365.14)",,,,,,,,,,"(165.51, 414.70)",,,,,"(284.17, 446.79)","(60.49, 315.60)",,,,,,,"(543.43, 253.18)",,,"(531.94, 442.45)",,,,"(629.28, 448.38)","(552.26, 449.01)",,,,"(400.24, 402.65)",,,"(151.13, 412.22)","(34.56, 444.08)",,,"(517.55, 404.86)","(396.60, 357.51)",,,"(671.08, 356.78)",,"(422.42, 386.00)",,,"(652.35, 448.67)",,,,,
179,,"(293.39, 381.54)",,,"(48.29, 443.45)",,"(313.52, 444.56)","(669.09, 384.92)",,,,"(379.21, 329.01)","(73.21, 383.19)",,,,,,"(689.93, 319.29)","(261.00, 443.80)","(156.68, 356.81)","(519.16, 445.04)","(403.34, 446.20)","(300.81, 433.96)","(179.99, 418.96)",,"(658.12, 346.97)",,,"(279.03, 346.88)",,,,,"(41.70, 385.58)",,"(556.79, 406.67)",,,"(162.44, 366.40)",,,,,,,,,,"(164.83, 415.05)",,,,,"(285.02, 446.76)","(58.23, 313.18)",,,,,,,"(544.50, 249.82)",,,"(529.92, 442.74)",,,,"(628.28, 447.79)","(552.19, 448.90)",,,,"(399.21, 400.48)",,,"(153.51, 411.18)","(34.52, 443.95)",,,"(515.74, 403.24)","(396.39, 355.01)",,,"(671.22, 356.75)",,"(422.54, 383.56)",,"(23.37, 443.65)","(651.99, 448.83)",,,,,
180,,"(306.68, 385.90)",,,"(47.78, 443.33)",,"(314.10, 444.72)","(667.83, 381.19)",,,,"(378.76, 327.22)","(72.98, 380.54)",,,"(286.85, 220.18)",,,"(689.60, 316.09)","(259.91, 443.47)","(155.94, 354.22)","(518.29, 445.01)","(402.61, 445.75)","(301.03, 434.29)","(177.81, 416.68)",,"(658.16, 343.31)",,,"(279.18, 343.80)",,,,,"(42.53, 382.47)",,"(557.40, 404.26)",,,"(162.20, 366.14)",,,,,,,,,,"(165.16, 414.92)",,,,,"(286.45, 446.98)","(56.48, 309.63)",,,,,,,"(544.82, 246.67)",,,"(529.07, 444.35)",,,,"(629.43, 447.66)","(551.84, 448.96)",,,,"(396.95, 397.74)",,,"(153.65, 410.31)","(34.94, 443.85)",,,"(514.57, 401.30)","(396.14, 352.37)",,,"(670.94, 356.86)",,"(422.82, 380.66)",,"(21.65, 443.76)","(652.06, 448.54)",,,,,
181,,"(308.55, 388.15)",,,"(43.46, 427.73)",,"(314.97, 445.30)","(667.11, 377.31)",,,,"(378.97, 325.45)","(72.09, 378.96)",,,,,,"(690.12, 313.67)","(259.98, 443.68)","(155.45, 352.20)","(516.99, 445.35)","(402.57, 445.28)","(301.32, 433.98)","(178.51, 415.58)",,"(658.78, 340.08)",,,"(280.32, 340.03)",,,,,"(45.03, 380.02)",,"(558.49, 402.27)",,,"(162.35, 366.13)",,,,,,,,,,"(165.32, 415.08)",,,,,"(288.61, 446.83)","(56.03, 306.28)",,,,,,,"(545.62, 243.00)",,,"(528.73, 442.75)",,,,"(630.99, 447.53)","(552.25, 448.86)",,,,"(396.23, 396.00)",,,"(153.84, 410.18)","(37.43, 444.11)",,,"(513.03, 399.39)","(396.40, 349.07)",,,"(671.16, 356.15)",,"(423.41, 378.85)",,"(19.76, 444.48)","(652.75, 448.64)",,,,,
182,,"(308.27, 387.27)",,,,,"(315.95, 445.31)","(666.08, 374.01)",,,,"(379.05, 323.78)","(69.20, 377.59)",,,,,"(35.36, 376.55)","(690.13, 310.19)","(260.06, 443.81)","(154.81, 349.03)","(516.05, 445.63)","(401.27, 444.36)","(301.16, 434.10)","(179.72, 413.86)",,"(658.39, 336.63)",,,"(280.67, 338.23)",,,,,"(46.74, 376.88)",,"(559.47, 400.92)",,,"(162.28, 366.17)",,,,,,,,,,"(165.08, 414.49)",,,,,"(290.07, 446.30)","(55.28, 303.41)",,,,,,,"(545.66, 239.59)",,,"(524.19, 443.07)",,,,"(633.50, 447.31)","(552.38, 449.05)",,,,"(394.65, 394.63)",,,"(153.98, 409.10)","(37.50, 443.16)",,,"(511.55, 397.51)","(396.22, 345.58)",,,"(671.88, 354.64)","(532.74, 430.52)","(423.53, 376.87)",,"(19.45, 444.55)","(653.00, 448.75)",,,,,
183,,"(307.35, 384.58)",,,,,"(316.42, 445.68)","(665.07, 370.93)","(261.06, 444.56)",,,"(378.68, 322.00)","(67.49, 376.64)",,,"(155.37, 344.88)",,"(35.94, 339.53)","(689.79, 306.75)","(255.58, 441.56)","(152.49, 348.13)","(515.00, 445.58)","(400.29, 443.21)","(301.10, 434.22)","(181.41, 411.77)",,"(658.36, 333.18)",,,"(280.77, 335.53)",,,,,"(48.19, 375.45)",,"(560.20, 399.27)",,,"(161.91, 365.87)",,,,,,,,,,"(164.64, 413.57)",,,,,"(290.61, 446.17)","(54.26, 300.02)",,,,,,,"(545.75, 235.80)",,,"(524.02, 443.19)",,,,"(634.88, 448.08)","(553.04, 449.16)",,,,"(393.26, 392.61)",,,"(154.82, 407.77)","(37.86, 442.24)",,,"(510.02, 395.74)","(395.56, 341.53)",,,"(672.46, 352.67)","(543.08, 438.04)","(423.54, 374.78)",,"(19.56, 444.46)","(652.80, 448.63)",,,,,
184,,"(307.66, 381.45)",,,"(166.58, 410.33)",,"(317.12, 445.86)","(664.14, 367.41)","(261.11, 445.13)",,,"(379.19, 320.13)","(65.47, 376.14)",,,"(154.86, 342.41)",,"(38.68, 342.99)","(689.77, 304.02)","(254.73, 440.22)","(150.79, 345.51)","(514.15, 446.35)","(401.30, 443.50)","(301.21, 434.24)","(183.25, 409.68)",,"(658.05, 328.90)",,,"(281.47, 333.45)",,,,,"(49.04, 374.02)",,"(561.70, 396.75)",,,"(161.19, 364.49)",,,,,,,,,,"(159.72, 413.69)",,,,,"(291.48, 445.97)","(54.78, 296.97)",,,,,,,"(545.76, 232.23)",,,"(524.19, 443.29)",,,,"(635.01, 446.94)","(553.47, 449.04)",,,,"(392.09, 390.94)",,,"(155.37, 404.68)","(38.03, 439.82)",,,"(509.22, 394.30)","(395.67, 338.04)",,,"(673.32, 350.02)","(545.33, 438.53)","(423.64, 372.88)","(450.04, 451.66)","(19.58, 444.48)","(653.19, 448.45)",,,,,
185,,"(306.96, 377.66)",,,,,"(316.85, 446.09)","(664.16, 363.71)","(260.86, 445.22)",,,"(379.53, 318.23)","(64.54, 375.99)",,,"(153.68, 340.30)",,"(18.29, 361.36)","(689.43, 300.92)","(254.66, 438.65)","(139.19, 342.46)","(513.49, 446.50)",,"(301.15, 434.39)","(184.84, 407.32)",,"(658.45, 325.39)",,,"(281.68, 331.79)",,,,,"(50.21, 372.31)",,"(562.88, 395.06)",,,,,,,,,,,,,"(160.32, 415.76)",,,,,"(293.33, 445.75)","(54.56, 293.87)",,,,,,,"(546.05, 228.73)",,,"(524.29, 443.27)",,,,"(634.67, 446.89)","(553.49, 448.95)",,,,"(391.09, 389.86)",,,"(156.93, 402.04)","(38.33, 437.10)",,,"(508.06, 392.76)","(395.41, 333.79)",,,"(674.08, 347.41)","(543.78, 438.07)","(423.45, 369.89)","(450.16, 451.68)",,"(652.49, 448.04)","(642.33, 447.10)","(416.57, 445.44)",,,
186,,"(305.94, 374.68)",,,"(167.27, 405.76)",,"(314.59, 445.73)","(663.19, 361.07)","(260.56, 444.98)",,,"(379.35, 316.10)","(64.39, 375.94)",,,"(149.20, 339.17)",,"(26.36, 365.81)","(688.57, 298.14)","(253.16, 436.78)","(128.86, 334.66)","(513.05, 446.65)","(397.38, 440.58)","(300.85, 434.99)","(185.72, 405.95)",,"(656.56, 321.10)",,,"(281.66, 328.48)",,,,,"(50.35, 370.88)",,"(563.90, 392.93)",,,"(153.87, 337.57)",,,,,,,,,,"(160.18, 418.46)",,,,,"(295.58, 445.77)","(53.93, 290.85)",,,,,,,"(545.03, 224.86)",,,"(523.92, 443.29)",,,,"(634.42, 446.84)","(553.70, 448.96)",,,,"(390.00, 388.50)",,,"(157.80, 398.67)","(38.78, 434.04)",,,"(506.79, 391.75)","(394.95, 329.96)",,,"(674.55, 343.40)","(543.76, 437.83)","(422.52, 367.36)","(406.70, 445.29)",,"(651.46, 447.57)","(644.15, 446.50)","(423.38, 449.46)",,,
187,,"(305.44, 371.69)",,,"(167.87, 403.29)",,"(313.09, 445.71)","(663.43, 358.17)","(260.87, 445.18)",,,"(380.06, 313.95)","(64.50, 375.67)",,,"(149.66, 337.95)",,"(30.79, 361.07)","(687.73, 294.09)","(253.27, 435.24)","(129.43, 332.75)","(513.04, 446.68)","(397.35, 440.16)","(301.81, 436.88)","(186.16, 405.73)",,"(655.79, 317.75)",,,"(281.93, 325.13)",,,,,"(52.39, 368.37)",,"(565.35, 391.46)",,,"(153.58, 334.52)",,,,,,,,,,"(162.78, 420.04)",,,,,"(297.32, 445.64)","(53.72, 288.34)",,,,,,,"(544.93, 221.31)",,,"(524.06, 443.28)",,,,"(635.37, 446.64)","(553.80, 448.98)",,,,"(388.70, 386.85)",,,"(158.78, 395.62)","(38.76, 430.50)",,,"(505.76, 390.96)","(394.61, 326.00)",,,"(674.65, 340.05)","(543.52, 437.17)","(422.18, 364.07)","(420.83, 447.11)",,"(650.67, 447.46)",,,,,
188,,"(304.88, 368.09)",,,"(169.09, 402.26)",,"(311.83, 445.34)","(663.42, 355.19)","(260.96, 445.34)",,,"(380.11, 312.49)","(64.65, 375.74)",,,"(148.95, 335.58)",,"(31.40, 350.50)","(686.85, 290.99)","(253.16, 431.81)","(129.00, 329.56)","(513.03, 446.65)","(396.86, 439.33)","(301.89, 438.67)","(186.58, 404.70)",,"(654.51, 314.28)",,"(286.62, 220.00)","(281.49, 323.27)",,,,,"(53.66, 365.91)",,"(566.10, 389.19)",,,"(152.12, 331.56)",,,,,,,,,,"(164.73, 421.98)",,,,,"(299.32, 445.65)","(53.51, 285.80)",,,,,,,"(544.57, 218.64)",,,"(524.40, 443.30)",,,,"(635.88, 447.07)","(554.03, 449.30)",,,,"(387.79, 385.08)",,,"(160.51, 392.96)","(39.01, 426.77)",,,"(504.60, 390.19)","(394.58, 322.62)",,,"(673.89, 336.47)","(543.07, 436.73)","(420.67, 360.88)","(421.10, 451.06)",,,"(651.51, 445.21)","(421.46, 447.18)",,,
189,,"(304.65, 364.21)",,,"(169.56, 400.65)",,"(409.05, 445.25)","(663.00, 352.68)","(260.78, 445.30)",,,"(380.30, 311.02)","(62.13, 373.99)",,,"(148.23, 334.06)",,"(30.21, 359.62)","(686.03, 287.35)","(252.76, 428.48)","(129.04, 327.56)","(512.70, 446.73)","(396.03, 438.08)","(302.75, 440.79)","(187.70, 402.88)",,"(653.44, 311.23)",,"(286.54, 220.12)","(280.55, 320.73)",,,,,"(54.53, 362.74)",,"(566.91, 386.67)",,,"(151.02, 329.50)",,,,,,,,,,"(166.78, 423.14)",,,,,"(301.15, 445.96)","(53.11, 282.97)",,,,,,,"(543.18, 214.78)",,,"(524.08, 443.23)",,,,"(637.53, 447.64)","(553.80, 449.40)",,,,"(386.02, 383.71)",,,"(161.77, 389.94)","(38.60, 423.53)",,,"(503.63, 389.43)","(394.22, 318.80)",,,"(673.12, 333.67)","(542.67, 436.08)","(420.04, 357.73)","(421.58, 451.51)",,,"(653.28, 444.58)","(422.25, 447.31)",,,
190,,"(304.86, 361.10)",,,"(169.71, 399.21)",,"(409.27, 444.97)","(662.72, 349.22)","(261.07, 445.36)",,,"(380.63, 309.35)","(60.00, 372.77)",,,"(148.40, 331.88)",,"(47.91, 374.47)","(685.20, 283.65)","(252.89, 425.22)","(129.30, 325.01)","(512.90, 446.78)","(395.84, 437.65)","(306.69, 443.29)","(190.06, 399.84)",,"(652.90, 308.58)",,"(286.38, 220.30)","(279.85, 318.18)",,,,,"(56.23, 359.74)",,"(567.19, 384.18)",,,"(150.38, 326.11)",,,,,,,,,,"(169.41, 424.28)",,,,,,"(53.26, 280.69)",,,,,,,"(541.48, 211.38)",,,"(524.34, 443.20)",,,,"(639.14, 447.20)","(553.80, 449.36)",,,,"(384.88, 382.70)",,,"(163.61, 387.43)","(38.70, 420.39)",,,"(502.95, 388.63)","(394.33, 314.85)",,,"(672.22, 329.73)","(541.94, 435.34)","(419.25, 354.21)","(421.93, 451.39)",,,"(657.19, 444.42)","(422.42, 447.29)",,,
191,,"(305.83, 356.31)",,,"(170.41, 396.63)",,"(409.20, 444.85)","(661.75, 346.15)","(260.97, 445.31)",,,"(380.86, 308.33)","(57.31, 369.52)",,,"(149.35, 328.75)",,"(58.21, 394.04)","(684.48, 279.83)","(252.45, 421.76)","(129.37, 321.58)","(512.86, 446.78)","(395.85, 436.09)","(308.14, 445.66)","(191.56, 396.82)",,"(652.52, 307.43)",,"(286.46, 220.23)","(279.32, 315.21)",,,,,"(57.19, 356.70)",,"(568.37, 382.18)",,,"(148.53, 323.28)",,,,,,,,,,"(172.08, 424.48)",,,,,"(303.19, 445.19)","(53.03, 277.99)",,,,,,,"(540.72, 207.96)",,,"(524.48, 443.19)",,,,"(640.69, 447.68)","(553.93, 449.41)",,,,"(383.83, 381.99)",,,"(164.93, 384.85)","(37.89, 417.47)",,,"(502.51, 388.31)","(394.13, 311.32)",,,"(671.84, 326.79)","(541.17, 433.91)","(419.18, 352.07)","(421.79, 451.36)",,,"(661.67, 444.83)","(422.43, 447.28)",,,
192,,"(306.77, 352.57)",,,"(170.68, 394.42)",,"(409.34, 444.73)","(660.53, 343.25)","(260.86, 445.40)",,,"(380.98, 306.67)","(55.10, 368.03)",,,,,"(40.20, 406.36)","(682.89, 276.86)","(252.40, 417.99)","(129.35, 319.77)","(501.88, 416.62)","(395.33, 434.36)","(308.56, 445.73)","(193.16, 394.62)",,"(652.24, 306.73)",,,"(278.50, 312.15)",,,,,"(57.92, 354.11)",,"(568.21, 380.20)",,,"(148.49, 324.41)",,,,,,,,,,"(174.64, 424.46)",,,,,"(303.31, 444.80)","(52.38, 275.57)",,,,,,,"(539.61, 204.71)",,,"(524.23, 443.28)",,,,"(642.37, 447.50)","(553.98, 449.72)",,,,"(382.08, 381.52)",,,"(166.30, 382.03)","(37.58, 415.73)",,,"(502.23, 387.51)","(394.24, 307.74)",,,"(671.01, 323.99)","(540.42, 433.53)","(418.27, 348.94)","(421.75, 451.17)",,"(650.79, 448.91)","(663.85, 445.26)","(422.39, 447.29)",,,
193,,"(308.67, 348.83)",,,"(170.90, 392.18)",,"(409.62, 444.95)","(659.71, 339.87)","(260.94, 445.55)",,,"(381.40, 305.47)","(53.00, 365.73)",,,"(147.32, 318.88)",,,"(681.85, 274.32)","(252.53, 413.83)","(129.61, 317.77)","(503.63, 403.88)","(394.96, 431.94)",,"(193.80, 391.58)",,"(652.44, 306.32)",,,"(278.41, 311.03)",,,,,"(59.76, 350.56)",,"(568.77, 377.64)",,,"(149.03, 323.73)",,,,,,,,,,"(177.89, 424.01)",,,,,"(303.73, 444.40)","(52.09, 272.54)",,,,,,,"(539.16, 202.20)",,,"(524.59, 443.05)",,,,"(643.96, 447.34)","(554.08, 449.60)",,,,"(381.75, 380.97)",,,"(167.98, 380.16)","(37.50, 413.19)",,,"(502.13, 386.94)","(394.54, 304.73)",,,"(670.81, 320.82)","(539.46, 432.49)","(417.64, 345.20)","(421.94, 451.24)",,,"(666.70, 446.46)","(422.34, 447.39)",,,
194,,"(309.50, 346.81)",,,"(171.14, 391.00)",,"(409.79, 444.97)","(658.51, 336.67)","(260.97, 445.59)",,,"(381.39, 304.65)","(50.24, 363.83)",,,"(145.67, 316.22)",,,"(680.55, 271.98)","(253.02, 410.18)","(129.90, 317.15)","(509.66, 401.72)","(394.62, 429.83)",,"(194.41, 389.46)",,"(652.42, 306.05)",,"(287.39, 219.98)","(278.31, 309.53)",,,,,"(60.70, 347.00)",,"(568.70, 375.66)",,,"(149.79, 321.47)",,,,,,,,,,"(179.95, 423.45)",,,,,"(303.79, 444.41)","(52.04, 269.01)",,,,,,,"(538.87, 199.66)",,,"(524.51, 443.05)",,,,"(646.51, 446.79)","(554.38, 449.38)",,,,"(381.18, 380.00)",,,"(169.54, 377.23)","(37.25, 411.13)",,,"(502.08, 385.94)","(395.01, 300.74)",,,"(670.25, 318.52)","(538.64, 431.22)","(416.96, 341.87)","(421.91, 451.23)",,,"(669.45, 447.55)","(422.32, 447.47)",,,
195,,"(310.52, 344.27)",,,"(170.93, 388.77)",,"(409.86, 444.97)","(656.66, 333.62)","(260.95, 445.53)",,,"(381.23, 304.11)","(47.79, 361.79)",,,"(144.58, 315.12)",,,"(678.90, 268.55)","(252.45, 406.99)","(129.62, 317.17)","(511.37, 401.28)","(394.17, 427.11)",,"(194.51, 387.13)",,"(652.89, 306.14)",,"(287.48, 219.92)","(277.78, 307.77)",,,,,"(61.51, 342.99)",,"(568.23, 372.28)",,,"(151.23, 318.55)",,,,,,,,,,"(182.48, 423.27)",,,,,"(303.66, 443.25)","(51.27, 265.91)",,,,,,,"(538.50, 197.45)",,,"(524.45, 443.06)",,,,"(648.35, 445.67)","(554.67, 449.19)",,,,"(380.74, 379.33)",,,"(170.79, 374.56)","(36.94, 408.01)",,,"(500.95, 384.12)","(395.20, 296.95)",,,"(669.12, 315.30)","(537.68, 430.11)","(415.83, 338.54)",,,"(651.14, 449.41)","(671.04, 448.46)","(422.11, 447.56)",,,
196,,"(311.42, 342.20)",,,"(170.92, 387.06)",,"(410.40, 444.97)","(655.74, 330.83)","(260.91, 445.51)",,,"(381.08, 303.58)","(44.62, 358.80)",,,"(143.59, 312.85)",,,"(677.51, 266.06)","(253.64, 404.02)","(129.96, 316.29)","(511.31, 401.26)","(395.31, 424.14)","(312.45, 444.56)","(195.01, 384.66)",,"(653.10, 306.77)",,"(287.41, 219.95)","(277.75, 305.91)",,,,,"(62.75, 339.20)",,"(568.09, 369.10)",,,"(151.94, 316.02)",,,,,,,,,,"(184.96, 422.91)",,,,,"(302.99, 443.44)","(51.11, 263.23)",,,,,,,"(538.07, 194.90)",,,"(524.37, 443.07)",,,,"(650.51, 444.69)","(555.66, 449.06)",,,,"(380.17, 378.33)",,,"(172.23, 371.17)","(36.28, 404.45)",,,"(501.09, 381.63)","(395.89, 293.90)",,,"(668.61, 313.01)","(536.65, 429.62)","(415.50, 334.74)",,,,"(673.69, 449.57)","(423.16, 447.30)",,,
197,,"(312.51, 339.59)",,,"(171.08, 385.26)",,"(410.75, 444.99)","(654.91, 328.13)","(261.04, 445.51)",,,"(381.50, 302.97)","(42.52, 355.45)",,,"(142.73, 311.42)",,,"(675.41, 262.86)","(254.08, 400.44)","(130.21, 316.85)","(510.77, 401.22)","(395.70, 421.42)","(312.66, 444.33)","(195.01, 382.02)",,"(652.89, 306.40)",,"(287.38, 219.94)","(277.71, 304.04)",,,,,"(64.21, 335.23)",,"(568.45, 366.25)",,,"(152.51, 313.41)",,,,,,,,,,"(187.04, 422.57)",,,,,"(302.26, 444.99)","(51.03, 260.58)",,,,,,,"(537.76, 193.00)",,,"(524.47, 443.39)",,,,"(652.85, 443.41)","(556.72, 448.76)",,,,"(380.01, 377.71)",,,"(172.94, 367.73)","(35.71, 401.05)",,,"(501.35, 378.96)","(395.70, 290.72)",,,"(667.24, 310.34)","(535.75, 428.56)","(414.83, 332.32)","(308.53, 440.23)",,,"(675.70, 449.99)","(425.72, 447.24)",,,
198,,"(313.35, 337.45)",,,"(171.33, 383.06)",,"(410.83, 444.90)","(653.49, 325.57)","(261.10, 445.44)",,,"(381.60, 302.40)","(41.13, 352.64)",,,"(141.29, 309.57)",,,"(673.34, 260.74)","(254.69, 397.31)","(130.26, 316.73)","(509.96, 399.74)","(396.79, 419.23)","(312.97, 443.41)","(194.76, 378.90)",,"(653.44, 306.40)",,"(287.52, 219.95)","(277.50, 301.31)",,,,,"(64.92, 331.27)",,"(568.27, 363.54)",,,"(153.40, 310.46)",,,,,,,,,,"(188.82, 421.75)",,,,,"(301.88, 445.19)","(50.18, 257.21)",,,,,,,"(537.24, 190.69)",,,"(524.52, 443.41)",,,,"(655.72, 443.48)","(557.59, 448.59)",,,,"(379.86, 377.02)",,,"(173.50, 364.38)","(34.04, 397.69)",,,"(501.36, 376.47)","(395.67, 287.26)",,,"(666.83, 308.32)","(533.65, 427.04)","(414.74, 329.17)","(308.80, 438.98)",,,"(675.81, 450.01)","(428.90, 447.66)",,,
199,,"(314.80, 334.51)",,,"(171.94, 381.06)",,"(411.00, 444.91)","(652.60, 322.10)","(261.01, 445.41)",,,"(382.05, 302.17)","(40.24, 349.34)",,,"(140.61, 308.25)",,,"(671.66, 258.30)","(255.59, 394.34)","(130.09, 316.54)","(508.96, 397.94)","(398.09, 416.43)","(389.29, 446.88)","(194.57, 375.62)",,"(653.55, 307.18)",,"(287.58, 219.98)","(278.17, 298.91)",,,,,"(66.36, 327.96)",,"(567.93, 361.25)",,,"(154.86, 307.83)",,,,,,,,,,"(190.68, 420.73)",,,,,"(301.71, 445.18)","(49.85, 254.70)",,,,,,,"(536.99, 187.61)",,,"(524.80, 443.74)",,,,"(657.28, 443.64)","(558.16, 448.62)",,,,"(379.63, 376.13)",,,"(173.94, 360.96)","(33.40, 394.10)",,,"(501.35, 373.11)","(395.67, 283.31)",,,"(666.92, 306.16)","(532.01, 426.40)","(414.41, 326.33)","(308.47, 436.48)",,"(652.57, 449.14)","(675.85, 450.06)","(431.74, 447.35)",,,
200,,"(315.26, 332.55)",,,"(172.10, 379.34)",,"(411.27, 445.02)","(651.06, 318.47)","(260.61, 445.38)",,,"(382.39, 302.31)","(39.26, 346.28)",,,"(140.19, 306.79)",,,"(669.74, 256.45)","(256.45, 391.14)","(129.77, 315.35)","(507.78, 395.68)","(400.27, 414.23)","(314.09, 437.81)","(194.33, 372.30)",,"(653.28, 307.54)",,"(287.31, 219.92)","(278.98, 296.87)",,,,,"(67.12, 324.21)",,"(567.72, 358.57)",,,"(156.27, 305.47)",,,,,,,,,,"(191.70, 419.04)",,,,,"(301.86, 445.34)","(49.73, 251.30)",,,,,,,"(536.55, 184.38)",,,"(524.84, 443.78)",,,,"(658.68, 443.72)","(558.44, 448.64)",,,,"(379.52, 375.74)",,,"(174.53, 358.08)","(31.88, 390.43)",,,"(501.19, 369.84)","(396.41, 280.06)",,,"(665.85, 303.81)","(529.90, 425.56)","(414.31, 323.62)","(308.30, 435.11)",,"(652.47, 448.72)","(675.81, 450.07)","(434.17, 446.81)","(450.25, 451.53)",,
201,,"(315.50, 331.15)",,,"(171.90, 376.82)",,"(410.82, 445.10)","(650.32, 314.78)","(260.15, 445.21)",,,"(382.11, 302.21)","(38.38, 342.78)",,,"(139.39, 305.57)",,"(14.97, 349.21)","(668.19, 253.78)","(257.27, 387.94)","(129.60, 312.80)","(506.35, 393.94)","(401.88, 411.77)",,"(193.76, 369.18)",,"(652.91, 307.76)",,"(287.25, 219.96)","(280.32, 294.74)",,,,,"(68.17, 320.64)",,"(567.62, 356.04)",,,"(156.33, 302.63)",,,,,,,,,,"(192.52, 417.05)",,,,,"(302.02, 445.60)","(49.35, 248.15)",,,,,,,"(535.71, 182.07)",,,"(524.88, 443.88)",,,,"(659.37, 443.41)","(558.21, 448.66)",,,,"(379.56, 375.12)",,,"(174.80, 355.37)","(30.73, 386.61)",,,"(501.45, 366.62)","(396.81, 277.00)",,,"(664.65, 301.56)","(528.10, 424.85)","(413.76, 320.86)","(308.93, 433.98)",,"(652.37, 448.66)","(676.20, 450.04)","(437.56, 447.27)",,"(267.65, 198.38)",
202,,"(315.88, 330.18)",,,"(172.31, 374.98)",,"(410.81, 445.10)","(650.12, 311.41)","(259.67, 445.26)",,,"(382.23, 301.69)","(37.71, 339.48)",,,"(138.54, 304.30)",,"(15.37, 348.32)","(666.67, 251.38)","(258.27, 385.26)","(129.46, 309.68)","(505.34, 391.82)","(403.58, 409.90)",,"(194.09, 366.31)",,,,"(287.16, 220.03)","(281.63, 292.75)",,,,,"(68.77, 317.19)",,"(567.24, 353.40)",,,"(157.72, 299.44)",,,,,,,,,,"(193.18, 414.19)",,,,,"(302.38, 445.82)","(49.46, 244.26)",,,,,,,"(535.48, 180.62)",,,"(524.85, 443.84)",,,,"(659.22, 443.44)","(558.05, 448.85)",,,,"(379.66, 375.12)",,,"(175.27, 352.41)","(29.91, 383.01)",,,"(501.94, 363.75)","(397.79, 273.29)",,,"(663.83, 297.26)","(527.09, 424.34)","(413.45, 317.94)","(313.27, 430.99)",,"(652.31, 448.75)","(676.42, 450.21)","(439.14, 447.40)",,,
203,,"(315.93, 329.78)",,,"(172.43, 373.06)",,"(410.82, 445.07)","(649.48, 308.55)","(259.39, 445.24)",,,"(382.28, 301.25)","(36.89, 336.03)",,,"(138.06, 302.66)",,"(16.43, 345.34)","(665.68, 249.08)","(258.74, 382.93)","(129.41, 307.20)","(504.38, 389.42)","(404.17, 408.59)","(275.31, 431.64)","(194.23, 363.74)",,,,"(287.20, 220.08)","(282.55, 290.74)",,,,,"(69.76, 313.92)",,"(566.92, 351.30)",,,"(158.39, 296.58)",,,,,,,,,,"(193.24, 410.99)",,,,,"(302.68, 445.95)","(49.54, 240.85)",,,,,,,"(535.41, 179.23)",,,"(524.85, 443.68)",,,,"(658.94, 443.60)","(557.44, 449.32)",,,,"(380.01, 374.84)",,,"(175.94, 349.53)","(29.08, 379.33)",,,"(502.75, 361.18)","(398.44, 269.50)",,,"(662.86, 294.65)","(525.75, 423.18)","(412.52, 314.15)","(313.90, 428.92)",,"(652.23, 448.68)","(676.96, 450.22)","(439.67, 447.23)",,,
204,,"(316.02, 329.73)",,,"(172.74, 370.94)",,"(410.87, 445.19)","(647.10, 306.31)","(258.34, 444.97)",,,"(382.45, 300.57)","(36.06, 332.80)",,,"(137.48, 299.98)",,"(18.20, 342.82)","(663.99, 246.60)","(259.66, 381.01)","(129.60, 304.87)","(503.00, 387.85)","(404.32, 408.41)","(264.37, 444.54)","(193.72, 360.16)",,"(692.34, 452.49)",,,"(284.03, 288.46)",,,,,"(70.40, 310.98)",,"(565.90, 348.91)",,,"(158.56, 294.07)",,,,,,,,,,"(193.34, 407.22)",,,,,"(302.70, 445.71)","(49.36, 237.91)",,,,,,,"(534.76, 178.59)",,,"(524.81, 443.68)",,,,"(658.67, 443.69)","(557.54, 449.33)",,,,"(380.20, 374.33)",,,"(176.76, 347.27)","(28.15, 376.11)",,,"(502.50, 358.72)","(399.30, 265.82)",,,"(661.83, 291.24)","(524.17, 422.60)","(412.07, 311.30)","(314.94, 425.47)",,"(652.27, 448.71)","(677.15, 450.30)","(441.12, 447.43)","(449.65, 451.93)",,
205,,"(315.98, 329.77)",,,"(172.66, 369.33)",,"(410.68, 445.03)","(645.47, 303.62)","(258.24, 445.13)",,,"(383.03, 299.47)","(36.10, 329.23)",,,"(137.44, 297.73)",,"(21.14, 340.94)","(662.99, 244.15)","(260.38, 379.50)","(130.14, 303.00)","(502.33, 387.41)","(404.30, 408.69)","(263.97, 444.69)","(193.87, 356.48)",,"(652.33, 306.56)",,,"(284.79, 286.03)",,,,,"(71.52, 308.24)",,"(564.90, 347.26)",,,"(159.26, 290.91)",,,,,,,,,,"(193.87, 403.60)",,,,,"(302.72, 445.72)","(49.51, 234.51)",,,,,,,"(534.72, 178.36)",,,"(524.75, 443.74)",,,,"(658.96, 443.58)","(557.44, 449.48)",,,,"(380.72, 374.35)",,,"(177.49, 343.99)","(27.20, 372.24)",,,"(503.16, 356.19)","(400.04, 262.62)",,,"(660.40, 288.33)","(523.26, 422.22)","(411.23, 308.64)","(315.55, 421.40)",,"(652.31, 448.71)","(678.79, 450.10)","(442.76, 447.16)",,,
206,,"(316.23, 328.97)",,,"(172.81, 367.97)",,"(410.76, 445.13)","(644.18, 300.71)","(257.93, 445.30)",,,"(383.77, 298.07)","(35.68, 326.28)",,,"(136.56, 294.78)",,"(22.54, 341.32)","(661.46, 241.55)","(261.84, 377.29)","(131.71, 300.50)","(501.60, 386.12)","(404.30, 408.67)","(263.87, 444.80)","(193.70, 352.71)",,"(652.53, 306.38)",,,"(285.70, 283.69)",,,,,"(72.15, 304.76)",,"(563.84, 345.99)",,,"(158.95, 288.95)",,,,,,,,,,"(193.66, 399.71)",,,,,"(303.22, 445.79)","(49.87, 231.31)",,,,,,,"(534.33, 165.46)",,,"(524.76, 443.75)",,,,"(659.29, 443.54)","(557.58, 449.69)",,,,"(381.38, 374.13)",,,"(178.23, 341.37)","(26.49, 368.88)",,,"(503.88, 353.24)","(400.29, 259.25)",,,"(659.55, 285.53)","(522.52, 421.73)","(411.05, 305.57)","(315.86, 417.73)","(19.29, 334.92)","(652.29, 448.70)","(679.15, 450.04)","(444.42, 447.45)",,,
207,,"(316.11, 326.07)",,,"(173.26, 366.16)",,"(410.76, 445.14)","(642.79, 297.31)","(258.02, 445.35)",,,"(384.19, 297.31)","(34.45, 322.10)",,,"(135.29, 292.54)",,"(23.90, 340.93)","(660.02, 238.55)","(262.23, 374.13)","(132.49, 298.61)","(501.07, 384.90)","(404.28, 408.41)","(263.89, 444.83)","(193.91, 349.30)",,"(652.59, 306.44)",,,"(286.73, 281.17)",,,,,"(72.69, 301.37)",,"(563.07, 344.03)",,,"(159.45, 285.94)",,,,,,,,,,"(194.26, 395.72)",,,,,"(303.71, 445.71)","(49.84, 228.47)",,,,,,,"(541.30, 144.37)",,,"(524.84, 443.72)",,,,"(659.28, 443.47)","(558.51, 449.55)",,,,"(382.11, 374.24)",,,"(178.71, 338.51)","(25.45, 365.61)",,,"(503.47, 352.56)","(400.48, 256.62)",,,"(658.75, 283.34)","(521.19, 420.64)","(410.97, 304.43)","(316.47, 414.50)","(19.96, 331.69)","(652.38, 448.62)","(679.52, 449.78)","(445.61, 447.70)",,,
208,,"(315.96, 323.16)",,,"(173.26, 365.19)",,"(410.81, 445.14)","(641.23, 294.49)","(257.80, 445.34)",,,"(384.60, 296.18)","(34.32, 318.57)",,,"(134.26, 290.58)",,"(25.45, 340.79)","(658.66, 235.85)","(262.88, 371.43)","(132.85, 297.87)","(500.93, 383.41)","(404.70, 406.93)","(263.95, 444.94)","(193.82, 346.86)",,"(652.57, 306.29)",,,"(288.45, 278.93)",,,,,"(73.23, 298.19)",,"(562.81, 342.13)",,,"(159.72, 282.78)",,,,,,,,,,"(194.41, 391.49)",,,,,"(304.19, 445.76)","(49.98, 225.05)",,,,,,,"(548.65, 127.41)",,,"(525.00, 443.81)",,,,"(659.03, 443.53)","(559.08, 449.21)",,,,"(383.15, 373.86)",,,"(179.08, 335.95)","(25.07, 362.54)",,,"(502.68, 351.23)","(401.30, 252.95)",,,"(657.91, 281.20)","(520.41, 420.25)","(410.51, 302.93)","(316.97, 410.49)","(20.64, 328.36)","(652.76, 448.75)","(679.64, 449.82)","(445.53, 447.64)",,,
209,,"(315.52, 320.41)",,,"(173.60, 363.43)",,"(410.89, 445.13)","(640.63, 291.27)","(257.80, 445.29)",,,"(384.72, 295.68)","(33.69, 314.67)",,,"(133.85, 289.07)",,"(27.29, 340.21)","(657.46, 232.10)","(263.26, 369.03)","(132.96, 298.23)","(501.38, 382.00)","(405.37, 405.02)","(264.19, 445.02)","(193.53, 342.54)",,"(652.66, 306.32)",,,"(289.99, 276.89)",,,,,"(74.36, 293.85)",,"(563.13, 339.20)",,,"(159.80, 280.69)",,,,,,,,,,"(194.43, 387.70)",,,,,"(305.10, 445.59)","(50.07, 221.94)",,,,,,,"(548.57, 120.24)",,,"(525.12, 443.90)",,,,"(658.10, 430.12)","(559.28, 449.09)",,,,"(383.66, 373.80)",,,"(179.54, 332.61)","(23.71, 359.35)",,,"(502.60, 349.70)","(401.56, 249.90)",,,"(657.64, 278.72)","(519.62, 418.54)","(409.88, 301.88)","(317.41, 407.31)","(20.66, 325.20)","(652.30, 448.87)","(674.30, 447.17)","(445.43, 447.21)",,,
210,,"(315.48, 317.07)",,,"(173.60, 362.43)",,"(410.81, 445.10)","(639.09, 288.87)","(257.79, 445.26)",,,"(385.00, 295.21)","(33.04, 310.64)",,,"(133.14, 287.77)",,"(28.44, 340.30)","(655.99, 229.32)","(264.01, 366.50)","(132.88, 298.53)","(501.86, 379.80)","(405.50, 402.42)","(264.24, 445.06)","(193.31, 339.43)",,"(652.59, 306.44)",,,"(290.88, 275.02)",,,,,"(74.95, 290.77)",,"(563.17, 336.29)",,,"(160.14, 279.11)",,,,,,,,,,"(194.50, 383.97)",,,,,"(306.77, 445.16)","(49.63, 219.14)",,,,,,,"(554.07, 116.54)",,,"(525.26, 444.07)",,,,"(651.74, 403.67)","(559.51, 448.96)",,,,"(383.70, 373.47)",,,"(180.05, 329.43)","(23.15, 356.54)",,,"(502.30, 348.50)","(402.25, 246.12)",,,"(656.71, 276.43)","(518.55, 417.48)","(409.08, 300.23)","(317.38, 404.48)","(20.75, 322.88)","(652.56, 449.16)","(664.01, 448.13)","(445.34, 447.12)",,,
211,,"(315.09, 313.50)",,,"(173.57, 360.98)",,"(410.76, 445.11)","(637.38, 285.91)","(258.09, 445.21)",,,"(385.09, 294.97)","(31.86, 306.68)",,,"(132.74, 286.09)",,"(29.61, 340.56)","(655.03, 226.14)","(264.65, 364.42)","(132.77, 298.65)","(502.77, 378.54)","(406.05, 399.89)","(264.23, 445.07)","(193.42, 335.83)",,"(652.54, 306.45)",,,"(291.35, 273.37)",,,,,"(75.38, 287.02)",,"(563.28, 333.20)",,,"(160.68, 277.49)",,,,,,,,,,"(194.82, 380.63)",,,,,"(309.59, 444.74)","(49.45, 216.17)",,,,,,,"(553.79, 115.42)",,,"(525.25, 444.06)",,,,"(646.06, 395.93)","(559.74, 448.89)",,,,"(383.65, 373.50)",,,"(180.05, 326.77)","(22.28, 353.68)",,,"(501.92, 347.23)","(402.24, 243.04)",,,"(655.79, 273.82)","(517.04, 416.31)","(408.01, 297.61)","(317.39, 401.74)","(21.08, 320.27)","(652.10, 448.96)","(664.67, 450.53)","(445.25, 446.75)",,,
212,,"(315.17, 308.76)",,,"(173.66, 359.80)",,"(410.73, 445.13)","(635.56, 283.63)","(258.27, 445.45)",,,"(385.14, 295.08)","(31.40, 302.92)",,,"(132.33, 283.44)",,"(31.22, 340.92)","(653.60, 223.48)","(265.91, 362.15)","(132.85, 298.89)","(503.76, 375.73)","(406.27, 397.73)","(264.28, 445.22)","(193.03, 333.40)",,"(652.55, 306.63)",,,"(291.78, 272.09)",,,,,"(75.57, 283.73)",,"(563.51, 330.63)",,,"(161.26, 275.50)",,,,,,,,,,"(194.79, 376.46)",,,,,"(312.33, 444.86)","(49.24, 212.71)",,,,,,,"(553.11, 113.62)",,,"(525.41, 444.15)",,,,"(646.72, 395.06)","(560.19, 448.77)",,,,"(383.46, 373.57)",,,"(181.05, 323.92)","(21.33, 351.10)",,,"(501.58, 346.58)","(403.21, 239.38)",,,"(654.81, 271.52)","(516.55, 415.30)","(407.36, 295.30)","(317.25, 398.99)","(21.29, 317.62)","(652.11, 448.85)","(669.95, 450.42)","(445.24, 446.47)",,,
213,,"(314.00, 304.26)",,,"(173.86, 358.48)",,"(410.71, 445.24)","(633.89, 280.41)","(258.19, 445.41)",,,"(385.10, 295.49)","(30.44, 298.85)",,,"(131.93, 280.37)",,"(33.17, 340.97)","(652.87, 220.02)","(266.57, 359.85)","(132.89, 298.70)","(504.71, 373.02)","(407.04, 395.57)","(264.21, 445.16)","(192.91, 329.02)",,"(652.48, 306.67)",,,"(291.75, 271.33)",,,,,"(75.38, 280.80)",,"(563.74, 327.12)",,,"(161.76, 274.14)",,,,,,,,,,"(194.54, 372.66)",,,,,"(314.31, 444.84)","(48.82, 209.56)",,,,,,,"(552.85, 112.30)",,,"(524.95, 444.38)",,,,"(646.80, 393.93)","(560.33, 448.78)",,,,"(383.26, 373.70)",,,"(181.44, 320.00)","(20.09, 348.92)",,,"(500.74, 346.92)","(403.20, 236.36)",,,"(653.73, 269.77)","(515.71, 414.43)","(406.66, 293.19)","(316.67, 395.94)","(18.95, 313.75)","(652.31, 449.17)","(664.54, 447.52)","(445.25, 446.49)",,,
214,,"(314.00, 298.98)",,,"(173.98, 356.11)",,"(410.68, 445.24)","(632.54, 277.82)","(258.05, 445.26)",,,"(385.22, 295.31)","(29.92, 295.57)",,,"(131.84, 278.05)",,"(35.13, 340.99)","(652.79, 216.59)","(267.29, 357.69)","(133.02, 299.12)","(505.08, 369.74)","(408.10, 392.73)","(264.04, 445.01)","(192.04, 325.25)",,"(652.62, 306.58)",,,"(291.78, 271.03)",,,,,"(75.60, 278.65)",,"(564.74, 324.18)",,,"(162.88, 272.15)",,,,,,,,,,"(194.73, 368.66)",,,,,"(313.93, 444.78)","(48.65, 206.56)",,,,,,,"(552.71, 111.12)",,,"(523.05, 444.36)",,,,"(647.07, 391.76)","(560.24, 448.84)",,,,"(383.16, 373.73)",,,"(181.77, 317.06)","(20.07, 347.58)",,,"(500.78, 347.19)","(403.87, 232.76)",,,"(652.30, 267.74)","(514.71, 413.61)","(406.26, 290.69)","(316.21, 393.04)","(18.09, 309.98)","(652.29, 449.51)","(647.14, 448.31)","(445.06, 446.23)",,,
215,,"(314.01, 294.52)",,,"(174.51, 354.28)",,"(410.83, 445.31)","(631.83, 275.54)","(258.12, 445.16)",,,"(385.25, 295.30)","(28.92, 292.47)",,,"(132.11, 276.01)",,"(36.73, 341.37)","(652.98, 212.92)","(268.36, 354.98)","(133.49, 300.11)","(506.06, 366.83)","(408.88, 389.90)","(264.40, 445.20)","(192.26, 321.90)",,"(652.58, 306.50)",,,"(291.73, 270.99)",,,,,"(75.68, 275.97)",,"(565.32, 321.80)",,,"(164.24, 270.44)",,,,,,,,,,"(195.17, 365.13)",,,,,"(313.18, 444.90)","(48.61, 203.05)",,,,,,,"(552.49, 109.67)",,,"(523.36, 444.38)",,,,"(647.03, 389.24)","(560.33, 448.83)",,,,"(383.13, 373.90)",,,"(181.77, 314.21)","(22.26, 348.64)",,,"(500.74, 347.91)","(404.44, 229.67)",,,"(650.03, 265.54)","(513.64, 412.59)","(406.15, 288.22)","(315.88, 390.20)","(17.65, 306.43)","(652.74, 447.85)","(642.47, 450.06)","(445.08, 446.08)",,,
216,,"(313.91, 290.26)",,,"(174.55, 352.95)",,"(410.68, 445.20)","(630.93, 272.87)","(257.82, 445.12)",,,"(385.22, 295.51)","(28.19, 290.19)",,,"(132.16, 274.06)",,"(37.99, 341.54)","(652.78, 209.23)","(269.17, 352.66)","(134.36, 300.88)","(506.84, 363.38)","(409.17, 387.29)","(264.26, 445.16)","(191.97, 318.57)",,"(652.52, 306.62)",,"(26.63, 354.85)","(291.78, 270.98)",,,,,"(75.97, 273.67)",,"(565.83, 319.24)",,,"(166.12, 268.33)",,,,,,,,,,"(195.24, 362.34)",,,,,"(312.02, 445.26)","(48.46, 199.78)",,,,,,,"(552.59, 108.10)",,,"(523.23, 444.39)",,,,"(647.38, 386.36)","(560.16, 448.92)",,,,"(383.24, 374.08)",,,"(182.72, 312.18)","(19.60, 346.92)",,,"(500.64, 347.52)","(405.38, 225.91)",,,"(647.65, 264.45)","(512.15, 411.78)","(406.04, 284.88)","(315.38, 386.81)","(17.26, 303.09)","(651.84, 447.40)","(641.58, 450.27)","(444.99, 446.00)",,"(287.39, 220.50)",
217,,"(314.22, 285.47)",,,"(174.70, 352.08)",,"(410.73, 445.17)","(629.62, 269.56)","(257.81, 445.30)",,,"(385.18, 295.52)","(27.54, 287.67)",,,"(132.14, 271.31)",,"(39.70, 341.66)","(653.39, 206.19)","(270.00, 350.55)","(135.87, 301.36)","(507.53, 360.69)","(409.67, 385.01)","(264.37, 445.20)","(190.78, 315.26)",,"(652.53, 306.71)",,"(40.34, 382.56)","(291.74, 271.02)",,,,,"(75.95, 271.09)",,"(566.16, 316.17)",,,"(168.61, 267.23)",,,,,,,,,,"(195.37, 358.08)",,,,,"(312.07, 445.28)","(48.46, 196.65)",,,,,,,"(553.93, 106.55)",,,"(523.51, 443.95)",,,,"(647.97, 383.13)","(560.22, 448.96)",,,,"(383.28, 374.07)",,,"(182.65, 309.01)","(19.50, 347.23)",,,"(500.77, 347.52)","(405.29, 223.10)",,,"(645.83, 262.41)","(510.76, 411.20)","(406.08, 282.05)","(314.70, 383.84)","(18.05, 298.79)","(652.17, 447.29)","(640.70, 450.58)","(445.06, 446.06)",,,
218,,"(314.30, 282.01)",,,"(174.78, 350.69)",,"(410.79, 445.32)","(628.03, 267.46)","(257.74, 445.19)",,,"(385.28, 295.55)","(26.93, 285.82)",,,"(132.18, 269.31)",,"(42.47, 341.50)","(653.41, 202.66)","(270.58, 348.21)","(137.51, 302.78)","(507.89, 357.44)","(410.80, 382.22)","(264.37, 445.13)","(190.60, 312.25)",,"(652.51, 306.77)",,"(68.78, 403.13)","(291.68, 270.41)",,,,,"(75.86, 269.00)",,"(566.66, 313.45)",,,"(171.11, 266.11)",,,,,,,,,,"(195.64, 354.63)",,,,,"(311.57, 445.68)","(48.47, 193.34)",,,,,,,,,,,,,,"(649.21, 381.10)","(560.15, 449.13)",,,,"(383.27, 373.98)",,,"(183.37, 306.40)","(19.44, 346.99)",,,"(501.17, 348.08)","(405.77, 219.46)",,,"(644.08, 261.26)","(510.24, 413.16)","(406.43, 279.76)","(314.37, 381.05)","(18.78, 294.59)","(651.96, 447.00)","(639.33, 450.51)","(445.14, 445.97)",,,
219,,"(314.38, 278.30)",,,"(174.25, 349.32)",,"(410.76, 445.28)","(627.61, 265.02)","(257.76, 445.04)",,,"(385.28, 295.57)","(26.67, 283.77)",,,"(131.84, 267.49)",,"(45.23, 341.60)","(653.36, 199.46)","(271.23, 346.38)","(139.66, 303.76)","(508.91, 353.80)","(411.71, 379.28)","(264.34, 445.16)","(190.12, 308.18)",,"(652.67, 306.66)",,"(69.64, 416.46)","(291.28, 269.87)",,,,,"(75.61, 266.06)",,"(566.95, 310.58)",,,"(173.16, 265.66)",,,,,,,,,,"(195.30, 351.67)",,,,,"(310.72, 445.84)","(48.37, 190.08)",,,,,,,,,,"(511.25, 420.65)",,,,"(649.10, 378.49)","(559.92, 449.14)",,,,"(383.32, 373.97)",,,"(183.43, 303.33)","(19.62, 346.16)",,,"(501.49, 348.86)","(405.81, 216.33)",,,"(641.65, 259.24)","(508.83, 409.18)","(406.15, 276.52)","(313.75, 378.39)","(19.75, 291.03)","(651.59, 446.88)","(637.59, 449.66)","(445.05, 445.88)",,,
220,,"(314.05, 274.37)",,,"(173.71, 347.28)",,"(410.74, 445.26)","(626.29, 262.04)","(257.74, 444.95)",,,"(385.33, 295.70)","(26.04, 281.83)",,,"(131.78, 264.91)",,"(48.43, 341.60)","(652.72, 196.38)","(271.53, 344.78)","(141.94, 304.69)","(509.32, 351.62)","(412.74, 376.44)","(264.27, 445.10)","(188.83, 304.03)",,"(652.61, 306.96)",,"(54.56, 435.34)","(290.56, 268.82)",,,,,"(75.12, 263.12)",,"(567.46, 308.37)",,,"(174.93, 265.06)",,,,,,,,,,"(195.45, 349.70)",,,,,"(308.73, 445.07)","(48.09, 186.65)",,,,,,,,,,"(514.66, 422.91)",,,,"(649.03, 376.13)","(559.59, 449.06)",,,,"(383.47, 374.08)",,,"(184.50, 300.84)","(19.80, 344.81)",,,,"(406.04, 212.87)",,,"(639.91, 257.64)","(508.67, 409.05)","(405.45, 273.00)","(313.04, 375.13)","(21.43, 287.48)","(651.34, 446.73)","(636.23, 449.56)","(445.08, 445.91)",,,
221,,"(314.85, 270.98)",,,"(172.60, 345.01)",,"(410.83, 445.33)","(625.61, 259.77)","(257.77, 444.80)",,,"(385.50, 295.82)","(25.71, 281.52)",,,"(131.42, 262.26)",,"(51.56, 341.54)","(652.54, 193.81)","(272.68, 342.63)","(144.00, 305.55)","(510.25, 349.73)","(413.78, 373.08)","(264.27, 445.17)","(187.54, 300.84)",,"(652.58, 306.99)",,"(43.16, 442.85)","(290.14, 268.29)",,,,,"(74.74, 260.13)",,"(568.04, 306.70)",,,"(177.48, 263.94)",,,,,,,,,,"(194.80, 347.21)",,,,,"(306.81, 445.04)","(48.15, 182.90)",,,,,,,,,,"(528.27, 412.57)",,,,"(649.02, 372.71)","(559.36, 449.07)",,,,"(383.76, 373.80)",,,"(184.24, 297.97)","(20.11, 343.27)",,,"(502.76, 351.05)","(405.73, 209.51)",,,"(638.95, 256.81)","(508.76, 408.91)","(405.08, 269.80)","(312.15, 372.30)","(20.47, 285.95)","(651.22, 446.49)","(635.13, 449.55)","(445.04, 446.00)",,,
222,,"(315.32, 267.67)",,,"(171.43, 343.06)",,"(410.94, 445.36)","(625.19, 257.71)",,,,"(385.40, 295.52)","(25.77, 281.54)",,,"(131.16, 259.61)",,"(54.42, 341.32)","(650.88, 191.91)","(273.70, 340.10)","(146.35, 305.84)","(511.00, 348.09)","(414.70, 370.44)","(264.25, 445.45)","(185.74, 296.45)",,"(652.55, 307.06)",,"(44.81, 442.58)","(289.57, 267.77)",,,,,"(73.31, 257.66)",,"(568.20, 304.53)",,,"(179.81, 263.15)",,,,,,,,,,"(194.51, 344.40)",,,,,"(305.26, 444.96)","(48.47, 179.28)",,,,,,,,,,"(534.21, 409.71)",,,,"(649.26, 369.09)","(558.76, 448.82)",,,,"(383.96, 372.85)",,,,"(20.58, 342.07)",,,"(502.79, 352.23)","(405.88, 206.01)",,,"(638.05, 255.87)","(508.61, 408.50)","(405.04, 266.52)","(311.30, 370.91)","(21.23, 284.65)","(651.25, 446.33)","(634.46, 449.54)","(444.88, 445.86)",,,
223,,"(314.96, 263.87)",,,"(170.32, 340.46)",,"(410.88, 445.09)","(625.00, 256.20)","(258.15, 445.07)",,,"(385.52, 295.23)","(26.33, 280.95)",,,"(131.23, 256.98)",,"(57.27, 341.25)","(648.39, 189.62)","(274.48, 337.90)","(149.35, 306.14)","(511.72, 345.62)","(415.22, 368.45)","(264.27, 445.43)","(185.68, 293.46)",,"(652.60, 307.08)",,"(46.37, 442.98)","(289.07, 267.20)",,,,,"(72.41, 255.35)",,"(568.22, 302.35)",,,"(181.96, 262.80)",,,,,,,,,,"(194.03, 341.60)",,,,,"(303.72, 444.74)","(48.59, 175.81)",,,,,,,,,,"(533.23, 408.80)",,,,"(649.27, 365.59)","(558.38, 448.77)",,,,"(384.62, 371.86)",,,,"(20.71, 339.68)",,,"(503.73, 353.14)","(405.61, 201.93)",,,"(638.00, 255.64)","(508.52, 407.94)","(404.83, 263.33)","(309.90, 369.00)","(21.57, 283.97)","(651.13, 446.34)","(634.15, 449.50)","(444.75, 445.89)",,,
224,,"(315.21, 260.10)",,,"(168.88, 338.42)",,"(410.88, 445.15)","(624.83, 254.07)","(258.18, 444.96)",,,"(385.51, 295.22)","(27.32, 279.94)",,,"(131.09, 253.78)",,"(58.85, 341.09)","(645.84, 188.16)","(275.70, 335.16)","(151.92, 305.86)","(512.99, 342.38)","(415.41, 366.66)","(264.38, 445.41)","(185.85, 290.69)",,"(652.56, 306.91)",,"(46.99, 443.33)","(288.53, 266.60)",,,,,"(71.18, 253.14)",,"(568.02, 300.37)",,,"(183.75, 261.70)",,,,,,,,,,"(193.13, 338.51)",,,,,"(302.38, 444.80)","(48.76, 172.20)",,,,,,,,,,"(532.54, 407.85)",,,,"(649.16, 362.16)","(557.35, 448.83)",,,,"(385.32, 370.93)",,,,"(22.18, 337.03)",,,"(504.42, 354.26)","(404.93, 198.54)",,,"(638.01, 255.53)","(508.13, 406.87)","(405.34, 260.35)","(308.81, 366.59)","(21.50, 281.26)","(651.03, 446.35)","(634.14, 449.49)","(444.41, 445.83)",,,
225,,"(315.04, 256.85)",,,"(167.93, 336.59)",,"(410.96, 445.22)","(625.33, 251.59)",,,,"(385.63, 295.16)","(29.51, 278.53)",,,"(130.77, 251.23)",,"(60.58, 341.03)","(643.19, 186.36)","(275.50, 332.83)","(154.69, 305.86)","(513.89, 339.31)","(415.64, 364.85)","(264.39, 445.58)","(185.21, 287.75)",,"(652.63, 307.07)",,"(46.96, 443.31)","(288.38, 265.92)",,,,,"(70.07, 250.69)",,"(567.88, 299.36)",,,"(184.89, 260.97)",,,,,,,,,,"(192.61, 335.96)",,,,,"(301.39, 445.00)","(49.21, 168.55)",,,,,,,,,,"(531.71, 405.71)",,,,"(649.26, 358.59)","(556.55, 448.82)",,,,"(385.62, 369.88)",,,,"(23.52, 334.26)",,,"(505.65, 355.76)","(404.15, 195.28)",,,"(637.97, 255.48)","(507.84, 405.71)","(405.59, 257.39)","(307.76, 363.54)","(20.80, 279.86)","(651.21, 446.27)","(634.49, 449.63)","(444.32, 445.81)",,,
226,,"(314.70, 253.76)",,,"(166.98, 334.51)",,"(410.91, 445.51)","(626.31, 249.76)","(258.28, 444.92)",,,"(386.63, 294.42)","(31.39, 277.01)",,,"(130.55, 248.22)",,"(62.11, 343.02)","(640.79, 184.92)","(275.16, 330.45)","(157.17, 305.47)","(515.53, 336.81)","(415.57, 362.40)","(264.55, 445.43)","(184.94, 285.90)",,"(652.58, 307.29)",,"(47.79, 443.13)","(288.13, 264.88)",,,,,"(68.48, 248.14)",,"(567.31, 298.99)",,,"(186.85, 260.09)",,,,,,,,,,"(191.33, 332.95)",,,,,"(300.30, 444.50)","(49.40, 165.08)",,,,,,,,,,"(530.29, 403.34)",,,,"(649.65, 355.31)","(555.75, 448.84)",,,,"(385.84, 368.96)",,,"(184.24, 282.35)","(24.45, 330.62)",,,"(506.68, 357.43)","(403.35, 192.01)",,,"(638.14, 254.92)","(507.64, 404.18)","(405.82, 254.70)","(306.68, 360.69)","(20.27, 278.58)","(651.12, 446.28)","(635.20, 449.69)","(444.20, 445.79)",,,
227,,"(314.63, 250.89)",,,"(166.20, 332.88)",,"(410.71, 445.64)","(626.76, 247.66)",,,,"(386.85, 293.43)","(33.76, 275.67)",,,"(130.50, 245.55)",,"(62.09, 342.86)","(638.39, 182.95)","(274.94, 328.55)","(159.79, 304.25)","(516.38, 333.47)","(414.10, 361.31)","(264.48, 445.44)","(186.16, 279.29)",,"(652.56, 307.20)",,"(49.90, 442.80)","(287.76, 263.87)",,,,,"(66.80, 245.61)",,"(566.44, 298.59)",,,"(188.16, 258.97)",,,,,,,,,,"(190.17, 330.02)",,,,,"(299.09, 444.67)","(50.06, 161.61)",,,,,,,,,,"(528.40, 400.53)",,,,"(650.01, 351.70)","(554.81, 448.67)",,,,"(386.67, 367.22)",,,"(183.03, 282.30)","(25.84, 327.00)",,,"(507.75, 359.27)","(402.19, 189.07)",,,"(638.21, 252.94)","(506.97, 402.65)","(406.40, 251.94)","(305.45, 356.81)","(20.11, 276.20)","(644.67, 423.42)","(635.32, 449.76)","(444.17, 445.78)",,,
228,,"(314.35, 247.17)",,,"(165.17, 331.03)",,"(410.60, 445.51)","(627.31, 244.99)","(258.33, 445.04)",,,"(387.52, 292.33)","(35.89, 273.63)",,,"(130.30, 243.02)",,"(62.04, 342.61)","(636.34, 181.11)","(274.95, 327.10)","(161.64, 302.47)","(517.58, 330.67)","(412.84, 359.51)","(264.44, 445.45)","(186.72, 276.40)",,"(652.60, 307.12)",,"(51.54, 442.73)","(287.45, 262.01)",,,,,"(64.72, 243.12)",,"(564.35, 297.62)",,,"(189.99, 257.83)",,,,,,,,,,"(188.15, 327.20)",,,,,"(297.65, 444.63)","(50.61, 158.29)",,,,,,,,,,"(526.42, 398.10)",,,,"(650.80, 347.90)","(553.33, 448.69)",,,,"(386.75, 366.34)",,,"(182.63, 279.39)","(26.69, 323.61)",,,"(509.35, 361.12)","(401.12, 185.78)",,,"(638.67, 250.87)","(506.68, 400.93)","(406.79, 249.93)","(305.26, 352.82)","(20.09, 272.56)","(634.88, 388.16)","(635.55, 449.74)","(443.62, 445.95)",,"(287.31, 220.64)",
229,,"(314.37, 243.66)",,,"(164.41, 328.99)",,"(410.51, 445.42)","(628.14, 242.91)",,,,"(388.26, 291.61)","(37.54, 271.90)",,,"(130.46, 240.68)",,"(62.06, 342.50)","(634.97, 179.02)","(274.93, 325.54)","(163.70, 300.71)","(518.29, 327.19)","(411.30, 358.06)","(264.29, 445.50)","(187.02, 272.94)",,"(652.64, 307.02)",,"(52.50, 442.64)","(287.02, 260.38)",,,,,"(62.89, 240.52)",,"(563.15, 297.27)",,,"(190.98, 255.86)",,,,,,,,,,"(186.84, 323.82)",,,,,"(296.04, 444.98)","(51.24, 154.75)",,,,,,,,,,"(525.57, 396.80)",,,,"(651.26, 344.06)","(552.42, 448.71)",,,,"(387.56, 364.63)",,,"(181.74, 275.89)","(27.48, 319.94)",,,"(510.58, 362.64)","(400.04, 183.09)",,,"(638.92, 248.60)","(506.03, 398.74)","(406.83, 247.76)","(305.40, 349.29)","(20.29, 268.95)","(635.24, 385.44)","(635.63, 449.67)","(443.00, 445.83)",,,
230,,"(314.58, 239.00)",,,"(163.48, 327.47)",,"(410.49, 445.49)","(629.24, 240.99)",,,,"(388.88, 291.20)","(38.74, 270.11)",,,"(130.53, 239.09)",,"(62.14, 342.24)","(633.92, 177.56)","(274.89, 324.12)","(166.08, 299.45)","(519.34, 324.06)","(409.75, 356.48)","(264.25, 445.58)","(188.12, 269.47)",,"(652.89, 307.17)",,"(53.06, 442.60)","(286.40, 258.21)",,,,,"(60.82, 237.87)",,"(561.72, 296.46)",,,"(191.83, 253.45)",,,,,,,,,,"(184.71, 320.79)",,,,,"(294.85, 445.00)","(52.33, 151.92)",,,,,,,,,,"(523.80, 394.51)",,,,"(652.48, 340.53)","(551.47, 448.75)",,,,"(388.71, 363.16)",,,"(181.45, 272.73)","(28.22, 316.60)",,,"(512.07, 363.69)","(399.38, 179.56)",,,"(638.86, 246.03)","(505.23, 396.56)","(406.60, 246.30)","(305.54, 345.94)","(19.93, 264.39)","(635.32, 385.13)","(635.56, 449.70)","(442.22, 445.89)",,,
231,,"(314.74, 235.61)",,,"(162.81, 325.30)",,"(410.51, 445.53)","(630.25, 239.01)",,,,"(389.30, 290.79)","(40.89, 267.78)",,,"(130.86, 237.66)",,"(62.13, 342.21)","(633.05, 175.45)","(274.89, 323.00)","(168.65, 297.57)","(520.37, 320.18)","(408.21, 354.71)","(264.30, 445.59)","(188.43, 266.93)",,"(652.89, 307.35)",,"(53.02, 442.60)","(286.26, 256.33)",,,,,"(58.51, 235.19)",,"(560.51, 295.62)",,,"(192.42, 251.11)",,,,,,,,,,"(182.91, 317.91)",,,,,"(293.21, 444.49)","(53.50, 149.05)",,,,,,,,,,"(522.08, 392.35)",,,,"(653.09, 337.30)","(550.58, 449.15)",,,,"(389.08, 362.02)",,,"(179.53, 269.56)","(28.68, 313.06)",,,"(513.63, 364.85)","(397.80, 176.54)",,,"(639.60, 243.60)","(504.81, 394.21)","(406.49, 246.25)","(305.49, 342.08)","(19.74, 260.08)","(635.37, 384.93)","(635.62, 449.69)","(441.58, 445.82)",,,
232,,"(315.24, 232.47)",,,"(161.50, 323.11)",,"(410.47, 445.52)","(631.48, 235.91)",,,,"(389.45, 290.33)","(42.96, 265.42)",,,"(131.33, 236.23)",,"(62.18, 342.18)","(632.62, 173.17)","(275.19, 321.44)","(170.49, 295.98)","(521.20, 316.62)","(407.17, 353.44)","(264.36, 445.54)","(189.46, 263.84)",,"(652.78, 307.27)",,"(53.07, 442.57)","(286.02, 253.39)",,,,,"(56.67, 231.77)",,"(559.35, 294.94)",,,"(193.20, 249.30)",,,,,,,,,,"(180.85, 314.98)",,,,,"(292.08, 444.60)","(54.44, 145.92)",,,,,,,,,,"(521.68, 391.34)",,,,"(654.77, 333.97)","(550.62, 449.14)",,,,"(391.01, 360.80)",,,"(178.99, 266.06)","(29.57, 309.78)",,,"(515.51, 366.18)","(397.47, 173.45)",,,"(639.16, 241.35)","(504.05, 391.97)","(406.19, 246.49)","(305.56, 338.12)","(19.18, 255.75)","(635.27, 384.73)","(635.69, 449.70)","(441.07, 445.78)",,,
233,,"(315.84, 228.99)",,,"(160.54, 320.98)",,"(410.48, 445.46)","(632.61, 233.54)",,,,"(390.04, 289.56)","(44.57, 262.16)",,,"(131.51, 234.22)",,"(62.18, 342.18)","(632.30, 170.38)","(275.58, 319.51)","(172.59, 294.96)","(521.81, 313.29)","(405.60, 352.36)","(264.47, 445.41)","(190.09, 261.34)",,"(652.89, 307.24)",,"(53.11, 442.60)","(285.72, 251.56)",,,,,"(54.15, 228.67)",,"(557.51, 293.86)",,,"(193.88, 246.93)",,,,,,,,,,"(178.77, 312.39)",,,,,"(289.87, 444.23)","(55.91, 142.73)",,,,,,,,,,"(521.87, 390.91)",,,,"(655.95, 330.14)","(550.67, 449.13)",,,,"(392.13, 359.23)",,,"(178.45, 262.42)","(30.64, 306.16)",,,"(517.91, 368.07)","(395.89, 170.26)",,,"(639.58, 238.59)","(503.14, 389.20)","(405.39, 246.98)","(305.45, 334.82)","(18.61, 251.53)","(635.33, 384.19)","(636.28, 449.63)","(440.34, 445.71)",,,
234,,"(317.02, 225.23)",,,"(159.79, 319.00)",,"(410.53, 445.47)","(633.28, 231.07)",,,,"(390.58, 288.73)","(46.00, 258.77)",,,"(131.91, 232.80)",,"(62.19, 342.19)","(631.61, 167.69)","(276.08, 317.92)","(174.56, 293.60)","(522.73, 310.65)","(405.14, 351.09)","(264.44, 445.08)","(190.59, 258.49)",,"(652.94, 307.20)",,"(53.12, 442.60)","(285.14, 248.89)",,,,,"(52.66, 225.90)",,"(555.72, 292.24)",,,"(194.27, 244.70)",,,,,,,,,,"(176.81, 310.38)",,,,,"(287.95, 443.99)","(57.35, 139.83)",,,,,,,,,,"(521.93, 391.11)",,,,"(657.39, 327.10)","(550.65, 449.15)",,,,"(393.36, 356.96)",,,"(177.74, 258.90)","(31.79, 302.77)",,,"(520.03, 369.44)","(395.55, 167.37)",,,"(639.35, 234.97)","(502.90, 386.75)","(405.26, 249.00)","(305.42, 331.23)","(18.33, 247.64)","(635.17, 383.59)","(637.21, 449.73)","(440.09, 445.71)",,,
235,,"(317.39, 221.77)",,,"(158.31, 316.92)",,"(410.58, 445.50)","(634.98, 228.70)","(258.01, 445.14)",,,"(391.17, 288.31)","(47.79, 255.02)",,,"(132.65, 230.77)",,"(62.17, 342.18)","(631.36, 165.44)","(276.12, 316.27)","(176.12, 292.62)","(523.72, 307.29)","(404.20, 349.33)","(264.48, 444.95)","(190.77, 255.45)",,"(653.04, 307.32)",,"(53.15, 442.59)","(284.91, 246.10)",,,,,"(50.06, 222.89)",,"(554.29, 290.66)",,,"(194.90, 242.01)",,,,,,,,,,"(174.76, 307.77)",,,,,"(285.98, 444.07)","(59.11, 137.52)",,,,,,,,,,"(522.13, 390.99)",,,,"(658.50, 323.53)","(550.47, 449.15)",,,,"(394.75, 355.48)",,,"(177.10, 255.50)","(32.45, 299.01)",,,"(522.35, 370.86)","(394.77, 164.61)",,,"(640.01, 232.18)","(502.65, 384.53)","(405.63, 248.46)","(305.32, 327.73)","(17.61, 244.88)","(634.64, 382.32)","(638.37, 450.03)","(439.99, 445.70)",,,
236,,"(318.01, 218.33)",,,"(156.93, 315.01)",,"(410.58, 445.44)","(635.35, 225.15)","(258.14, 445.37)",,,"(391.72, 287.69)","(49.45, 251.60)",,,"(133.38, 229.57)",,"(62.18, 342.21)","(631.25, 162.67)","(276.56, 314.29)","(178.35, 291.41)","(524.84, 304.10)","(402.75, 347.41)","(264.26, 444.38)","(191.14, 252.78)",,"(652.99, 307.89)",,"(53.05, 442.61)","(285.07, 242.73)",,,,,"(48.06, 220.02)",,"(552.82, 289.06)",,,"(194.90, 239.82)",,,,,,,,,,"(172.37, 305.60)",,,,,"(282.83, 444.19)","(60.52, 135.75)",,,,,,,"(560.44, 54.77)",,,"(522.22, 390.50)",,,,"(660.41, 320.08)","(546.01, 427.54)",,,,"(395.81, 354.54)",,,"(177.20, 252.48)","(33.78, 295.39)",,,"(524.74, 372.25)","(394.38, 162.60)",,,"(640.09, 229.52)","(502.16, 381.97)","(405.54, 246.73)","(305.34, 323.95)","(15.72, 240.99)","(633.89, 381.08)","(639.60, 450.15)","(439.98, 445.67)",,,
237,,"(318.34, 215.89)",,,"(156.29, 313.42)",,"(410.96, 445.53)","(636.52, 222.62)","(258.57, 445.35)",,,"(392.16, 286.97)","(51.22, 248.16)",,,"(133.89, 227.78)",,"(62.15, 342.19)","(630.94, 160.44)","(276.90, 311.64)","(179.28, 290.82)","(525.70, 300.61)","(401.06, 346.07)","(264.22, 444.22)","(191.72, 250.71)",,"(653.42, 307.98)",,"(58.32, 414.89)","(285.30, 239.88)",,,,,"(46.31, 217.63)",,"(552.09, 287.55)",,,"(194.77, 236.70)",,,,,,,,,,"(170.82, 303.54)",,,,,"(280.77, 444.55)","(62.53, 133.14)",,,,,,,"(559.99, 52.74)",,,"(521.35, 390.62)",,,,"(662.37, 317.15)","(541.27, 404.60)",,,,"(397.48, 353.25)",,,"(175.83, 248.87)","(34.14, 291.68)",,,"(527.26, 373.50)","(393.74, 160.15)",,,"(640.83, 228.26)","(501.72, 379.32)","(405.43, 243.40)","(305.27, 320.41)",,"(633.52, 379.05)","(640.09, 450.11)","(439.35, 445.57)",,,
238,,"(318.92, 213.33)",,,"(155.53, 311.33)",,"(411.53, 445.86)","(637.60, 220.04)","(258.53, 445.32)",,,"(392.78, 286.34)","(52.54, 244.75)",,,"(134.83, 226.38)",,"(62.26, 342.25)","(630.67, 157.27)","(277.51, 309.17)","(180.91, 290.29)","(526.35, 297.26)","(398.51, 343.25)","(264.35, 444.19)","(192.65, 247.36)",,"(653.06, 307.13)",,"(55.69, 372.21)","(285.44, 237.58)",,,,,"(44.33, 214.58)",,"(551.68, 286.66)",,,"(194.85, 233.79)",,,,,,,,,,"(168.28, 301.15)",,,,,"(279.80, 444.84)","(63.69, 131.20)",,,,,,,"(559.93, 49.90)",,,"(521.37, 390.63)",,,,"(664.44, 314.19)","(534.98, 396.88)",,,,"(398.73, 352.48)",,,"(175.82, 245.05)","(34.91, 288.38)",,,"(530.47, 373.90)","(393.07, 157.55)",,,"(641.45, 228.08)","(501.96, 377.36)","(405.86, 240.68)","(304.88, 317.51)",,"(632.58, 377.19)","(640.37, 450.10)","(438.84, 445.48)",,,
239,,"(319.20, 210.59)",,,"(154.84, 309.37)",,"(411.76, 445.75)","(639.50, 216.89)","(258.84, 445.07)",,,"(393.11, 285.91)","(53.93, 240.83)",,,"(135.97, 224.47)",,"(62.06, 342.63)","(630.66, 153.97)","(277.99, 306.46)","(182.49, 289.50)","(527.57, 294.35)","(396.96, 341.90)","(265.13, 444.19)","(193.43, 246.03)",,"(653.36, 307.99)",,"(50.72, 340.24)","(285.86, 235.09)",,,,,"(42.25, 212.23)",,"(551.42, 286.68)",,,"(194.83, 230.75)",,,,,,,,,,"(166.44, 298.92)",,,,,"(277.70, 444.64)","(64.72, 129.72)",,,,,,,"(559.98, 46.78)",,,"(521.82, 390.20)",,,,"(665.92, 311.03)","(523.97, 396.27)",,,,"(399.90, 351.48)",,,"(175.75, 241.04)","(34.79, 285.10)",,,"(532.64, 373.35)","(391.77, 153.88)",,,"(641.46, 228.03)","(501.10, 374.78)","(405.50, 237.11)","(304.62, 313.61)",,"(632.10, 375.48)","(642.05, 450.08)","(436.48, 445.91)",,,
240,,"(319.68, 207.40)",,,"(153.67, 307.33)",,"(412.12, 445.65)","(640.50, 214.53)","(259.92, 444.78)",,,"(393.01, 285.46)","(55.54, 237.33)",,,"(136.48, 223.21)",,"(61.82, 342.42)","(631.09, 150.19)","(278.18, 303.92)","(184.99, 289.74)","(528.97, 290.42)","(395.22, 340.41)",,"(192.96, 241.81)",,"(653.31, 307.97)",,"(45.07, 337.13)","(286.11, 232.76)",,,,,"(41.22, 209.77)",,"(551.37, 286.68)",,,"(194.79, 228.65)",,,,,,,,,,"(164.29, 296.22)",,,,,"(277.22, 443.85)","(65.80, 127.84)",,,,,,,"(559.31, 43.87)",,,,,,,"(667.75, 308.83)","(523.42, 393.32)",,,,"(401.18, 350.85)",,,"(175.57, 238.54)","(35.91, 281.66)",,,"(535.40, 373.35)","(391.84, 150.62)",,,"(641.26, 227.91)","(501.40, 372.61)","(405.73, 234.01)","(304.79, 309.89)",,"(631.01, 373.32)","(644.04, 449.85)","(435.13, 445.70)",,,
241,,"(319.40, 204.53)",,,"(152.68, 305.39)",,"(412.66, 445.75)","(642.61, 212.16)","(260.36, 444.71)",,,"(393.01, 285.44)","(56.53, 234.28)",,,"(136.69, 221.94)",,"(62.11, 342.26)","(631.34, 146.55)","(278.90, 301.31)","(186.72, 290.35)","(529.71, 286.60)","(393.80, 338.96)",,"(193.11, 239.18)",,"(653.14, 307.88)",,"(40.37, 351.98)","(286.13, 230.55)",,,,,"(40.17, 208.25)",,"(551.32, 286.62)",,,"(194.87, 225.34)",,,,,,,,,,"(162.31, 294.10)",,,,,"(275.35, 443.68)","(66.75, 125.68)",,,,,,,"(559.25, 40.14)",,,,,,,"(670.28, 306.21)","(523.22, 393.30)",,,,"(402.45, 350.15)",,,"(175.43, 235.81)","(36.00, 278.39)",,,"(538.49, 372.90)","(391.11, 147.41)",,,"(641.03, 227.93)","(501.23, 371.32)","(405.24, 230.55)","(305.09, 306.41)",,"(630.37, 371.13)",,"(433.71, 445.70)",,,
242,,"(319.52, 202.20)",,,"(151.42, 303.42)",,"(414.07, 446.17)","(644.45, 209.07)","(259.84, 444.83)",,,"(393.08, 285.48)","(56.64, 230.93)",,,"(136.72, 219.79)",,"(62.28, 342.09)","(631.84, 142.65)","(279.23, 298.24)","(188.52, 291.60)","(530.12, 282.84)","(392.38, 337.17)",,"(193.39, 236.89)",,"(653.06, 307.79)",,"(18.52, 354.73)","(286.22, 228.44)",,,,,"(39.30, 206.29)",,"(551.34, 286.78)",,,"(194.89, 223.06)",,,,,,,,,,"(160.14, 291.29)",,,,,"(272.80, 443.36)","(67.84, 124.04)",,,,,,,"(558.42, 37.75)",,,,,,,"(671.69, 304.90)","(523.07, 392.96)",,,,"(404.28, 349.05)",,,"(175.59, 233.24)","(36.77, 274.93)",,,"(542.60, 372.73)","(390.52, 144.41)",,,"(641.17, 227.88)","(500.99, 369.79)","(404.65, 227.03)","(304.79, 303.60)",,"(629.27, 368.12)",,"(431.51, 445.31)",,,
243,,"(319.46, 200.29)",,,"(150.12, 301.82)",,,"(646.50, 206.86)","(259.42, 444.94)",,,"(393.21, 285.50)","(57.27, 227.53)",,,"(136.94, 217.18)",,"(62.40, 342.04)","(632.05, 139.27)","(280.55, 295.66)","(189.61, 292.16)","(530.66, 279.52)","(391.64, 336.22)",,"(194.17, 234.62)",,"(653.25, 307.80)",,"(17.94, 354.39)","(286.40, 226.41)",,,,,"(38.01, 203.63)",,"(552.13, 287.56)",,,"(194.60, 220.47)",,,,,,,,,,"(158.59, 289.03)",,,,,"(271.69, 443.77)","(68.32, 122.40)",,,,,,,"(558.09, 34.79)",,,,,,,"(673.34, 302.40)","(523.08, 392.53)",,,,"(405.06, 347.95)",,,"(174.42, 229.21)","(36.61, 271.18)",,,"(546.12, 371.87)","(389.72, 141.44)",,,"(642.09, 226.05)","(501.14, 368.08)","(403.05, 223.57)","(304.27, 300.63)",,"(628.47, 366.35)",,"(429.97, 444.99)",,,
244,,"(319.56, 197.87)",,,"(149.37, 299.73)",,,"(647.72, 204.76)","(259.22, 444.96)",,,"(393.16, 285.53)","(56.70, 223.68)",,,"(137.07, 215.18)",,"(62.39, 342.02)","(632.35, 135.66)","(281.16, 293.06)","(190.90, 293.03)","(530.74, 275.78)","(390.00, 334.43)",,"(194.52, 232.41)",,"(653.27, 307.82)",,"(17.90, 354.04)","(286.54, 224.92)",,,,,"(36.51, 201.37)",,"(552.33, 287.31)",,,"(195.04, 218.33)",,,,,,,,,,"(156.31, 285.59)",,,,,"(270.40, 443.80)","(68.71, 120.21)",,,,,,,"(557.52, 31.99)",,,,,,,"(675.20, 300.25)","(522.88, 392.13)",,,,"(405.80, 347.47)",,,"(174.22, 225.83)","(37.34, 267.69)",,,"(549.36, 370.20)","(388.70, 137.80)",,,"(666.41, 198.57)","(501.27, 366.99)","(402.35, 220.17)","(303.62, 296.78)",,"(627.69, 364.11)","(650.73, 449.92)","(428.96, 445.00)",,,
245,,"(319.58, 195.54)",,,"(148.05, 297.82)",,,"(648.55, 202.91)","(258.92, 445.06)",,,"(393.08, 285.49)","(55.84, 220.02)",,,"(137.11, 212.64)",,"(62.35, 342.02)","(632.97, 132.75)","(281.92, 291.94)","(191.84, 293.74)","(531.23, 272.93)","(388.62, 332.23)",,"(194.80, 229.79)",,"(653.08, 308.05)",,"(17.98, 353.14)","(286.81, 223.27)",,,,,"(35.33, 198.78)",,"(551.59, 286.05)",,,"(194.91, 216.35)",,,,,,,,,,"(154.06, 282.32)",,,,,"(269.17, 443.37)","(68.46, 117.25)",,,,,,,"(556.67, 29.19)",,,,,,,"(677.06, 297.82)","(523.01, 391.56)",,,,"(406.79, 346.52)",,,"(173.11, 222.79)","(37.47, 264.67)",,,"(551.69, 368.93)","(388.42, 134.84)",,,"(688.85, 170.21)","(501.00, 365.39)","(400.62, 217.24)","(303.90, 293.43)",,"(627.44, 362.83)","(651.24, 449.35)","(427.56, 444.93)",,,
246,,"(319.50, 193.83)",,,"(147.14, 296.19)",,,"(649.92, 200.43)","(258.93, 445.10)",,,"(393.10, 285.16)","(55.17, 216.40)",,,"(137.11, 209.92)",,"(62.38, 342.03)","(633.56, 129.76)","(282.65, 291.60)","(193.29, 294.04)","(531.17, 269.48)","(387.38, 329.80)",,"(195.05, 226.80)",,"(653.00, 307.97)",,"(18.25, 351.67)","(287.04, 221.93)",,,,,"(33.72, 196.95)",,"(550.94, 284.03)",,,"(195.07, 214.29)",,,,,,,,,,"(152.59, 279.37)",,,,,"(268.82, 443.45)","(68.43, 114.40)",,,,,,,"(556.51, 26.67)",,,,,,,"(678.91, 295.93)","(523.21, 390.98)",,,,"(407.91, 345.24)",,,"(171.56, 219.95)","(38.07, 262.45)",,,"(554.15, 366.88)","(387.74, 131.45)",,,"(691.07, 164.51)","(500.95, 363.90)","(399.89, 214.24)","(303.52, 291.12)",,"(627.18, 361.97)","(651.75, 448.72)","(425.76, 445.04)",,,
247,,"(319.45, 192.17)",,,"(146.33, 294.33)",,,"(651.27, 197.21)","(258.96, 445.09)",,,"(392.82, 284.84)","(54.45, 212.23)",,,"(136.90, 207.41)",,"(62.37, 342.72)","(634.18, 126.85)","(282.81, 290.15)","(194.05, 294.92)","(532.09, 266.10)","(386.62, 326.80)",,"(195.27, 224.09)",,"(652.96, 308.00)",,"(18.51, 349.31)","(286.91, 220.93)",,,,,"(32.96, 194.63)",,"(550.52, 281.29)",,,"(195.24, 212.37)",,,,,,,,,,"(151.07, 276.48)",,,,,"(268.67, 443.79)","(67.86, 112.15)",,,,,,,"(555.77, 24.67)",,,,,,,"(680.92, 294.48)",,,,,"(407.94, 344.28)",,,"(169.27, 217.95)","(38.32, 260.17)",,,"(556.08, 365.11)","(387.87, 128.77)",,,"(691.16, 163.52)","(500.83, 362.66)","(398.44, 210.85)","(303.01, 288.20)",,"(626.94, 360.08)","(652.45, 447.69)","(424.41, 445.15)",,,
248,,"(319.37, 189.69)",,,"(145.89, 292.94)",,,"(652.88, 194.16)","(258.93, 445.05)",,,"(392.89, 284.13)","(54.16, 208.77)",,,"(136.58, 204.06)",,"(62.85, 344.28)","(634.57, 123.92)","(282.81, 289.54)","(194.61, 295.38)","(532.28, 262.72)","(385.70, 323.13)",,"(195.29, 221.18)",,"(653.21, 308.11)",,"(19.50, 346.82)","(286.85, 220.14)",,,,,"(31.37, 191.98)",,"(549.61, 278.71)",,,"(195.40, 210.05)",,,,,,,,,,"(149.45, 273.00)",,,,,"(268.46, 444.05)","(67.66, 107.56)",,,,,,,"(554.10, 24.93)",,,"(523.67, 385.52)",,,,"(681.63, 292.68)","(522.17, 390.58)",,,,"(408.20, 342.67)",,,"(167.19, 215.81)","(38.62, 258.14)",,,"(557.78, 362.54)","(387.28, 125.21)",,,"(691.16, 162.66)","(500.94, 360.83)","(397.50, 207.57)","(302.32, 285.39)",,"(626.42, 358.76)","(654.37, 446.04)","(423.15, 445.19)",,,
249,,"(319.66, 186.73)",,,"(145.12, 291.36)",,,"(653.95, 190.83)","(259.08, 445.22)",,,"(393.18, 282.89)","(54.00, 205.74)",,,"(136.34, 200.86)",,"(62.87, 344.07)","(634.63, 121.97)","(282.83, 288.95)","(195.14, 295.36)","(532.97, 259.68)","(385.43, 320.32)",,"(195.38, 218.69)",,"(652.77, 308.09)",,"(20.02, 344.77)","(286.86, 219.64)",,,,,"(31.01, 189.22)",,"(549.02, 276.04)",,,"(195.57, 208.07)",,,,,,,,,,"(147.49, 269.40)",,,,,"(267.42, 444.29)","(67.27, 106.24)",,,,,,,"(552.23, 24.83)",,,"(524.59, 382.84)",,,,"(682.41, 291.29)","(521.97, 390.99)",,,,"(408.55, 340.96)",,,"(165.56, 214.19)","(38.82, 256.15)",,,"(559.44, 360.77)","(387.38, 122.10)",,,"(691.09, 161.89)","(500.96, 358.79)","(396.01, 204.52)","(301.30, 281.60)",,"(626.20, 358.16)","(655.56, 443.25)",,,,
250,,"(319.97, 183.66)",,,"(144.54, 289.89)",,"(418.47, 446.65)","(654.29, 187.21)","(258.84, 445.15)",,,"(393.38, 282.05)","(53.67, 202.95)",,,"(136.29, 197.77)",,"(63.16, 343.86)","(635.29, 119.40)","(282.79, 288.80)","(195.84, 295.55)","(533.09, 255.99)","(385.02, 317.05)",,"(195.48, 216.66)",,"(652.76, 307.98)",,"(20.31, 342.73)","(286.83, 219.16)",,,,,"(30.35, 187.06)",,"(548.26, 273.65)",,,"(195.62, 205.39)",,,,,,,,,,"(146.22, 265.40)",,,,,"(267.08, 444.34)",,,,,,,,"(549.90, 25.54)",,,"(524.37, 380.00)",,,,"(682.85, 289.06)","(521.75, 391.04)",,,,"(408.71, 339.88)",,,"(164.61, 212.20)","(39.07, 254.09)",,,"(560.79, 358.85)","(387.44, 118.85)",,,"(691.25, 160.59)","(500.96, 357.00)","(395.36, 201.98)","(301.37, 278.83)",,"(626.18, 358.27)","(656.54, 440.20)",,,,
251,,"(319.53, 181.50)",,,"(143.69, 287.77)",,"(417.06, 446.22)","(654.64, 183.70)","(258.85, 445.22)",,,"(393.72, 281.26)","(53.62, 200.21)",,,"(136.05, 195.16)",,"(63.76, 342.96)","(635.39, 116.58)","(282.64, 288.78)","(195.85, 294.62)","(533.74, 252.86)","(384.48, 313.95)",,"(195.06, 213.66)",,"(652.69, 307.90)",,"(20.68, 340.72)","(286.85, 219.08)",,,,,"(30.00, 184.41)",,"(547.47, 271.09)",,,"(195.87, 202.69)",,,,,,,,,,"(144.49, 262.41)",,,,,"(266.64, 444.46)",,,,,,,,"(548.53, 25.43)",,,"(524.80, 376.71)",,,,"(682.49, 286.91)","(521.83, 391.14)",,,,"(408.66, 338.95)",,,"(163.85, 210.85)","(39.87, 252.22)",,,"(561.68, 357.13)","(387.79, 116.10)",,,"(691.40, 158.07)","(501.13, 355.40)","(393.36, 198.96)","(301.53, 276.20)",,"(626.18, 358.32)","(656.83, 437.89)",,,,
252,,"(319.50, 179.18)",,,"(142.74, 285.33)",,"(415.91, 446.03)","(655.25, 180.41)","(258.71, 445.22)",,,"(394.50, 280.26)","(53.48, 197.11)",,,"(135.67, 192.02)",,"(64.98, 341.74)","(635.67, 114.18)","(282.61, 288.75)","(195.73, 292.52)","(533.94, 249.52)","(383.90, 310.55)",,"(195.14, 211.30)",,"(652.67, 307.92)",,"(21.08, 338.56)","(286.84, 218.63)",,,,,"(29.66, 181.77)",,"(546.96, 267.68)",,,"(195.94, 200.95)",,,,,,,,,,"(143.58, 259.43)",,,,,"(266.08, 444.45)",,,,,,,,"(546.46, 25.58)",,,"(524.45, 372.99)",,,,"(682.34, 284.02)","(522.09, 390.99)",,,,"(409.16, 338.04)",,,"(163.72, 209.68)","(39.73, 251.71)",,,"(562.91, 354.60)","(388.17, 113.71)",,,"(691.42, 157.01)","(501.32, 353.50)","(392.37, 196.01)","(300.80, 274.41)",,"(626.16, 358.24)","(657.48, 435.08)","(389.22, 447.47)",,,
253,,"(319.07, 177.21)",,,"(141.85, 283.12)",,"(414.02, 447.26)","(655.69, 177.07)","(258.52, 445.56)",,,"(395.06, 279.56)","(53.58, 193.90)",,,"(135.33, 189.50)",,"(65.84, 340.42)","(635.86, 110.44)","(282.70, 288.77)","(195.43, 290.73)","(534.53, 246.28)","(383.86, 307.30)",,"(195.01, 208.76)",,"(652.67, 308.20)",,"(21.59, 337.20)","(286.76, 218.52)",,,,,"(29.08, 179.16)",,"(546.51, 264.44)",,,"(196.26, 198.07)",,,,,,,,,,"(142.03, 256.18)",,,,,"(265.85, 444.58)",,,,,,,,"(543.11, 25.75)",,,"(525.26, 370.41)",,,,"(681.98, 280.89)","(522.29, 391.03)",,,,"(409.15, 337.74)",,,"(163.76, 208.20)","(46.71, 229.36)",,,"(563.82, 352.40)","(388.79, 111.02)",,,"(691.25, 156.08)","(501.96, 351.81)","(391.54, 192.92)","(300.24, 271.52)",,"(626.17, 358.20)","(658.05, 431.72)","(389.44, 447.17)",,,
254,,"(318.85, 175.34)",,,"(141.33, 280.71)",,"(412.52, 447.83)","(655.92, 173.70)",,,,"(395.79, 279.02)","(52.99, 191.20)",,,"(135.13, 186.93)",,"(67.35, 338.46)","(636.37, 106.23)","(282.70, 288.69)","(195.30, 288.40)","(534.73, 242.90)","(383.94, 304.01)",,"(194.92, 206.57)",,"(652.69, 308.25)",,"(21.85, 336.15)","(286.77, 218.48)",,,,,"(28.53, 176.45)",,"(546.79, 261.83)",,,"(196.43, 195.39)",,,,,,,,,,"(140.93, 253.32)",,,,,"(264.46, 444.83)",,,,,,,,"(540.84, 25.86)",,,"(525.23, 367.06)",,,,"(681.38, 278.09)","(521.96, 391.18)",,,,"(408.93, 337.17)",,,"(164.55, 206.73)",,,,"(565.12, 349.74)","(388.81, 108.47)",,,"(691.29, 155.99)","(502.09, 350.05)","(391.07, 190.10)","(299.75, 268.58)",,"(626.20, 358.27)","(659.00, 428.26)",,,,
255,,"(318.61, 172.76)",,,"(140.42, 278.49)",,"(408.25, 445.16)","(656.21, 170.78)",,,,"(396.49, 277.84)","(52.93, 189.20)",,,"(134.93, 184.41)",,"(68.40, 336.69)","(636.72, 104.75)","(282.70, 287.58)","(194.80, 286.51)","(535.03, 239.72)","(383.84, 301.10)",,"(195.00, 204.52)",,"(652.67, 308.18)",,"(22.05, 334.87)","(286.62, 218.38)",,,,,"(28.05, 174.06)",,"(546.70, 258.58)",,,"(196.73, 193.84)",,,,,,,,,,"(139.92, 250.26)",,,,,"(263.94, 444.93)",,,,,,,,"(538.52, 25.53)",,,"(525.95, 363.89)",,,,"(680.47, 275.16)","(522.15, 391.06)",,,,"(408.93, 336.76)",,,"(166.29, 204.68)","(57.21, 175.77)",,,"(565.60, 347.26)","(388.69, 106.41)",,,"(691.22, 155.88)","(502.45, 348.07)","(390.55, 187.96)","(299.17, 265.35)",,"(626.22, 358.27)","(660.43, 424.80)","(386.63, 446.90)","(414.79, 434.35)",,
256,,"(318.22, 169.59)",,,"(139.77, 275.90)",,"(405.88, 444.94)","(656.77, 167.65)","(258.33, 445.07)",,,"(397.56, 275.82)","(52.96, 187.24)",,,"(134.97, 181.82)",,"(69.53, 334.49)","(636.77, 104.06)","(281.61, 286.02)","(194.42, 285.04)","(535.26, 236.93)","(383.80, 297.99)",,"(195.03, 202.91)",,"(652.64, 307.80)",,"(22.60, 332.83)","(286.61, 218.38)",,,,,"(27.84, 172.74)",,"(547.12, 255.26)",,,"(196.83, 191.32)",,,,,,,,,,"(138.59, 246.64)",,,,,"(264.08, 444.19)",,,,,,,,"(536.49, 25.89)",,,"(526.09, 361.52)",,,,"(678.73, 272.33)","(522.06, 391.23)",,,,"(409.31, 335.69)",,,"(167.76, 202.78)",,,,"(566.62, 344.11)",,,,"(691.15, 155.84)","(503.04, 346.13)","(390.38, 186.31)","(298.54, 262.39)",,"(626.20, 358.24)","(662.15, 422.06)",,"(417.25, 390.35)",,
257,,"(318.23, 165.59)",,,"(139.48, 273.74)",,"(403.88, 445.26)","(657.69, 164.82)",,,,"(398.90, 274.54)","(52.85, 186.85)",,,"(135.03, 179.61)",,"(71.29, 331.98)",,"(280.73, 284.67)","(194.10, 283.16)","(535.82, 233.83)","(383.07, 294.69)",,"(195.14, 200.33)",,"(652.71, 308.24)",,"(22.88, 331.22)","(286.59, 218.50)",,,,,"(27.80, 172.26)",,"(547.09, 252.19)",,,"(197.31, 189.39)",,,,,,,,,,"(137.15, 243.32)",,,,,"(264.02, 444.30)",,,,,,,,"(533.42, 27.03)",,,"(526.50, 358.52)",,,,"(677.42, 268.84)","(522.08, 391.32)",,,,"(409.09, 334.64)",,,"(169.27, 201.07)","(58.89, 190.87)",,,"(566.60, 341.38)",,,,"(691.22, 155.92)","(503.58, 343.85)","(389.92, 184.91)","(297.54, 259.51)",,"(626.17, 358.23)","(663.16, 419.94)",,"(415.69, 388.73)",,
258,,"(318.00, 162.29)",,,"(138.66, 271.57)",,"(404.05, 445.55)","(658.29, 161.56)",,,,"(400.01, 273.40)","(52.62, 185.32)",,,"(134.93, 177.88)",,"(71.91, 328.90)",,"(279.65, 282.73)","(193.39, 281.13)","(536.70, 231.51)","(383.17, 292.16)",,"(195.18, 197.58)",,"(652.66, 308.43)",,"(23.27, 328.62)","(286.53, 218.61)",,,,,"(27.76, 172.20)",,"(547.31, 249.09)",,,"(196.75, 188.51)",,,,,,,,,,"(136.65, 240.31)",,,,,"(263.73, 444.45)",,,,,,,,"(530.70, 27.54)",,,"(526.65, 355.81)",,,,"(675.83, 266.00)","(521.94, 391.45)",,,,"(409.42, 333.22)",,,"(170.53, 199.00)","(61.93, 206.28)",,,"(567.20, 338.98)",,,,"(691.25, 155.84)","(504.39, 342.40)","(389.48, 182.85)","(297.02, 256.82)",,"(626.19, 358.25)","(663.90, 418.21)",,"(415.90, 387.63)",,
259,,"(317.78, 158.91)",,,"(138.30, 269.70)",,"(403.28, 445.84)","(659.13, 158.48)",,,,"(401.18, 271.11)","(52.23, 183.16)",,,"(134.94, 175.21)",,"(72.76, 326.26)",,"(279.01, 280.57)","(193.37, 278.38)","(537.05, 228.70)","(382.98, 289.18)",,"(195.43, 194.59)",,"(652.69, 308.27)",,"(24.19, 325.56)","(286.55, 218.91)",,,,,"(27.79, 172.13)",,"(547.29, 246.26)",,,"(196.42, 188.02)",,,,,,,,,,"(135.73, 237.00)",,,,,"(263.42, 444.54)",,,,,,,,"(527.89, 28.09)",,,"(527.21, 352.97)",,,,"(675.06, 262.64)","(522.10, 391.43)",,,,"(409.18, 331.65)",,,"(172.09, 197.28)","(64.66, 198.56)",,,"(567.60, 335.97)",,,,"(691.18, 155.18)","(505.02, 340.59)","(388.81, 179.86)","(296.12, 254.01)",,"(626.16, 358.31)","(663.86, 415.54)",,"(416.34, 387.27)",,
260,,"(317.79, 154.96)",,,"(138.10, 268.11)",,"(402.85, 445.83)","(659.52, 155.02)",,,,"(402.75, 269.59)","(52.49, 179.73)",,,"(134.73, 172.63)",,"(73.42, 323.83)",,"(278.05, 277.79)","(193.01, 275.67)","(538.06, 226.73)","(382.66, 286.00)",,"(195.60, 192.21)",,"(652.76, 308.30)",,"(25.11, 322.43)","(286.60, 219.03)",,,,,"(27.77, 172.08)",,"(547.58, 243.07)",,,"(195.96, 188.27)",,,,,,,,,,"(134.94, 233.94)",,,,,"(263.09, 444.20)",,,,,,,,"(525.35, 28.03)",,,"(527.60, 349.95)",,,,"(673.38, 259.90)","(522.36, 391.33)",,,,"(409.03, 329.97)",,,"(173.30, 195.82)","(58.60, 172.88)",,,"(568.30, 333.48)",,,,"(691.31, 153.87)","(506.15, 338.97)","(388.67, 177.33)","(295.31, 251.00)",,"(626.18, 358.30)","(663.67, 412.31)",,"(416.46, 387.36)",,
261,,"(317.99, 151.23)",,,"(137.80, 266.49)",,"(401.55, 445.69)","(660.62, 151.71)",,,,"(404.30, 267.61)","(53.02, 176.05)",,,"(134.79, 169.57)",,"(74.66, 321.11)",,"(277.30, 275.13)","(192.42, 272.30)","(538.37, 224.57)","(382.45, 283.20)",,"(195.46, 188.53)",,"(652.69, 308.36)",,"(26.50, 319.89)","(286.50, 219.07)",,,,,"(27.73, 172.07)",,"(547.49, 239.93)",,,,,,,,,,,,,"(134.23, 230.72)",,,,,,,,,,,,,"(523.08, 28.07)",,,"(528.52, 346.94)",,,,"(672.40, 256.26)","(522.23, 391.84)",,,,"(408.65, 327.94)",,,"(174.02, 194.06)",,,,"(567.98, 330.90)",,,,"(691.19, 151.95)","(506.97, 337.55)","(389.22, 174.78)","(294.18, 247.68)",,"(626.12, 358.31)","(663.54, 409.07)","(387.18, 446.74)","(416.58, 387.36)",,
262,,"(318.58, 147.08)",,,"(137.44, 264.73)",,"(399.73, 445.68)","(661.52, 148.48)",,,,"(406.18, 266.20)","(53.93, 172.92)",,,"(135.05, 166.36)",,"(74.87, 317.61)",,"(276.16, 271.97)","(191.45, 269.71)","(539.60, 222.06)","(381.58, 279.53)",,"(195.31, 186.79)",,"(652.64, 308.38)",,"(27.24, 317.35)","(286.22, 219.06)",,,,,"(27.76, 172.05)",,"(547.43, 237.15)",,,,,,,,,,,,,"(133.47, 227.31)",,,,,,"(58.69, 70.86)",,,,,,,"(521.06, 27.47)",,,"(528.50, 343.85)",,,,"(670.89, 252.97)","(522.30, 391.72)",,,,"(407.93, 326.36)",,,"(175.04, 192.54)",,,,"(568.03, 328.98)",,,,"(691.05, 149.30)","(507.57, 336.39)","(389.21, 172.81)","(293.73, 244.78)",,"(626.10, 358.29)","(663.93, 405.88)","(386.90, 446.59)","(416.56, 387.73)",,
263,,"(318.68, 143.80)",,,"(136.95, 263.09)",,"(398.29, 445.55)","(662.65, 145.82)",,,,"(407.35, 265.07)","(54.83, 169.65)",,,"(135.01, 163.56)",,"(75.61, 314.98)",,"(275.11, 269.69)","(191.07, 267.33)","(539.93, 219.64)","(381.22, 276.73)",,"(194.32, 184.94)",,"(652.59, 308.37)",,"(28.64, 314.96)","(286.24, 218.87)",,,,,"(27.68, 172.11)",,"(546.58, 233.87)",,,,,,,,,,,,,"(133.14, 224.25)",,,,,,"(57.79, 69.48)",,,,,,,"(519.53, 27.06)",,,"(529.16, 340.75)",,,,"(670.45, 249.35)","(522.28, 391.66)",,,,"(407.40, 324.67)",,,"(175.69, 191.04)",,,,"(568.16, 326.43)",,,,"(691.03, 147.22)","(508.16, 335.06)","(389.65, 169.55)","(292.93, 241.74)",,"(626.08, 358.27)","(663.94, 403.12)","(386.98, 446.62)","(416.57, 387.51)",,
264,,"(319.04, 140.72)",,,"(136.56, 261.94)",,"(394.93, 446.67)","(663.15, 143.77)",,,,"(408.66, 263.84)","(56.44, 166.12)",,,"(135.43, 160.50)",,"(75.82, 311.18)",,"(274.19, 267.06)","(190.69, 265.45)","(541.27, 216.56)","(380.88, 274.32)",,,,"(652.71, 308.40)",,"(30.11, 312.50)","(286.32, 218.89)",,,,,"(27.66, 172.08)",,"(545.94, 231.08)",,,,,,,,,,,,,"(132.71, 221.30)",,,,,"(261.15, 445.80)","(56.57, 66.96)",,,,,,,"(517.43, 26.81)",,,"(529.38, 338.05)",,,,"(668.83, 246.36)","(522.10, 391.95)",,,,"(407.07, 322.70)",,,"(176.57, 189.44)",,,,"(568.39, 323.94)",,,,"(691.14, 145.15)","(509.07, 333.23)","(390.06, 166.49)","(292.27, 238.79)",,"(626.09, 358.26)","(664.63, 399.97)",,"(416.31, 387.03)",,
265,,"(319.49, 137.46)",,,"(136.28, 260.08)",,,"(664.06, 141.77)",,,,"(410.36, 262.41)","(57.38, 163.30)",,,"(135.81, 157.45)",,"(75.93, 308.23)",,"(273.73, 265.49)","(190.33, 263.32)","(542.71, 213.78)","(380.53, 271.81)",,"(191.74, 179.04)",,"(652.66, 308.42)",,"(31.13, 309.95)","(286.35, 218.78)",,,,,"(27.65, 172.05)",,"(545.27, 227.86)",,,"(191.61, 185.03)",,,,,,,,,,"(132.26, 218.47)",,,,,"(260.72, 445.57)","(55.35, 64.99)",,,,,,,"(515.41, 26.29)",,,"(529.99, 335.37)",,,,"(668.14, 243.21)","(522.26, 392.00)",,,,"(406.11, 320.38)",,,"(177.74, 188.63)",,,,"(568.24, 321.78)",,,,"(691.14, 142.64)","(510.37, 331.74)","(391.75, 163.52)","(291.74, 235.92)",,"(626.10, 358.23)","(664.87, 397.04)",,"(416.39, 386.73)",,
266,,"(319.85, 134.69)",,,"(135.75, 258.20)",,,"(664.49, 139.52)",,,,"(411.38, 261.09)","(59.14, 159.97)",,,"(136.20, 154.63)",,"(75.82, 304.99)",,"(272.86, 263.59)","(190.26, 260.77)","(544.27, 211.47)","(379.68, 268.91)",,"(192.24, 178.31)",,"(652.69, 308.62)",,"(32.58, 308.48)","(286.56, 219.02)",,,,,"(27.63, 172.08)",,"(544.72, 224.69)",,,"(190.49, 185.74)",,,,,,,,,,"(131.48, 215.77)",,,,,"(260.44, 445.40)","(54.82, 63.61)",,,,,,,"(514.54, 25.97)",,,"(530.45, 333.03)",,,,"(667.07, 240.74)","(522.27, 392.20)",,,,"(406.09, 318.17)",,,"(178.15, 187.61)",,,,"(568.22, 319.40)",,,,"(691.02, 140.72)","(511.15, 330.34)","(392.38, 160.52)","(290.93, 232.37)","(16.71, 139.77)","(626.01, 357.68)","(665.54, 393.45)",,"(416.12, 386.48)",,
267,,"(319.90, 132.06)",,,"(135.43, 256.93)",,,"(665.37, 137.15)",,,,"(412.67, 259.65)","(60.34, 156.95)",,,"(136.88, 151.84)",,"(75.99, 301.80)",,"(272.47, 261.90)","(189.71, 258.00)","(545.49, 208.59)","(379.46, 267.45)",,"(192.61, 175.41)",,"(652.82, 308.64)",,"(33.47, 306.10)","(286.66, 218.79)",,,,,"(27.74, 171.94)",,"(543.42, 221.04)",,,"(187.89, 185.64)",,,,,,,,,,"(131.24, 213.07)",,,,,"(259.96, 445.54)","(53.68, 61.46)",,,,,,,"(513.58, 26.48)",,,"(530.23, 330.99)",,,,"(666.18, 237.38)","(522.32, 392.09)",,,,"(405.24, 315.82)",,,"(178.22, 187.21)",,,,"(568.08, 316.41)",,,,"(691.15, 138.73)","(511.56, 329.41)","(393.10, 157.83)","(290.20, 229.29)","(17.12, 137.80)","(625.93, 357.42)","(666.39, 390.19)",,"(416.18, 386.27)",,
268,,"(320.23, 129.89)",,,"(135.23, 255.17)",,,"(665.61, 135.94)",,,,"(414.06, 258.29)","(61.51, 153.76)",,,"(137.69, 149.44)",,"(75.70, 298.37)",,"(271.96, 260.30)","(189.31, 254.95)","(546.54, 206.62)","(379.27, 265.70)",,"(191.50, 172.98)",,"(652.57, 308.38)",,"(34.88, 303.80)","(286.74, 218.81)",,,,,"(27.70, 171.95)",,"(541.96, 217.88)",,,,,,,,,,,,,"(131.15, 210.40)",,,,,,"(52.15, 58.42)",,,,,,,"(513.53, 25.27)",,,"(530.44, 328.68)",,,,"(664.89, 234.41)","(522.18, 392.21)",,,,"(404.77, 313.48)",,,"(178.04, 187.37)",,,,"(567.55, 314.10)",,,,"(691.19, 137.37)","(511.83, 328.45)","(393.61, 154.64)","(289.94, 226.61)",,"(625.92, 356.94)","(667.15, 386.70)",,"(416.17, 386.27)",,
269,,"(320.33, 127.60)",,,"(134.66, 253.44)",,,"(665.63, 134.08)",,,,"(415.14, 257.28)","(62.64, 151.24)",,,"(138.81, 146.67)",,"(75.53, 294.97)",,"(271.28, 259.37)","(188.70, 252.02)","(547.49, 204.52)","(379.11, 263.98)",,"(190.95, 170.19)",,"(652.47, 308.49)",,"(36.59, 301.03)","(286.74, 219.04)",,,,,"(27.67, 171.90)",,"(541.08, 214.77)",,,"(185.08, 184.80)",,,,,,,,,,"(130.66, 208.09)",,,,,,"(49.80, 55.77)",,,,,,,"(512.79, 24.14)",,,"(530.05, 326.74)",,,,"(664.28, 231.12)","(522.18, 391.61)",,,,"(404.45, 310.81)",,,"(170.16, 176.74)",,,,"(567.43, 311.94)",,,,"(691.14, 135.90)","(512.20, 327.67)","(394.88, 151.55)","(291.03, 225.31)","(17.50, 131.53)","(625.90, 356.59)","(667.93, 383.42)",,"(416.21, 386.31)",,
270,,"(320.44, 125.39)",,,"(134.22, 251.29)",,,"(666.34, 132.22)","(251.88, 419.05)",,,"(416.47, 255.96)","(63.93, 149.08)",,,"(139.36, 144.90)",,"(75.52, 291.50)",,"(270.71, 258.46)","(188.35, 248.12)","(548.32, 202.92)","(378.88, 261.78)",,"(190.51, 169.26)",,"(652.37, 308.57)",,"(38.29, 298.38)","(286.47, 218.81)",,,,,"(27.63, 171.87)",,"(540.25, 211.38)",,,"(185.09, 184.59)",,,,,,,,,,"(131.01, 206.37)",,,,,"(255.37, 445.16)","(47.62, 53.12)",,,,,,,"(511.84, 23.13)",,,"(530.05, 325.01)",,,,"(664.05, 227.90)","(522.31, 391.52)",,,,"(403.92, 308.39)",,,"(172.29, 165.63)",,,,"(567.06, 309.95)",,,,"(691.12, 133.97)","(512.99, 326.32)","(395.53, 149.04)","(291.19, 222.57)",,"(625.85, 356.25)","(669.35, 380.60)",,"(416.16, 386.34)",,
271,,"(320.51, 122.03)",,,"(133.83, 249.63)",,,"(666.46, 130.53)","(260.46, 417.41)",,,"(417.40, 254.76)","(65.32, 146.25)",,,"(139.66, 144.25)",,"(75.64, 287.81)",,"(270.43, 257.75)","(187.82, 244.59)","(548.90, 201.35)","(378.61, 258.92)",,"(190.36, 168.99)",,"(652.36, 308.70)",,"(39.16, 296.55)","(286.37, 218.65)",,,,,"(27.62, 172.11)",,"(539.82, 208.47)",,,"(185.19, 184.57)",,,,,,,,,,"(130.85, 204.71)",,,,,"(255.53, 445.02)","(45.51, 50.89)",,,,,,,"(511.36, 22.47)",,,"(529.64, 323.26)",,,,"(664.88, 224.20)","(522.33, 391.33)",,,,"(403.90, 305.58)",,,"(169.31, 174.60)",,,,"(567.21, 307.42)",,,,"(691.10, 131.72)","(513.23, 325.11)","(396.81, 145.72)","(292.25, 220.64)","(17.97, 125.60)","(625.97, 355.98)","(669.97, 377.59)",,"(416.25, 386.44)",,
272,,"(320.32, 119.14)",,,"(133.36, 247.92)",,,"(665.93, 128.82)","(263.77, 443.87)",,,"(418.48, 253.47)","(66.31, 144.11)",,,"(140.01, 143.44)",,"(75.63, 284.30)",,"(270.20, 257.30)","(187.17, 241.04)","(549.15, 200.60)","(378.63, 256.23)",,"(190.33, 169.09)",,"(652.37, 308.66)",,"(40.45, 294.50)","(286.62, 218.89)",,,,,"(27.57, 172.26)",,"(538.31, 205.81)",,,"(185.22, 184.31)",,,,,,,,,,"(131.02, 203.26)",,,,,"(255.03, 445.23)","(43.23, 48.42)",,,,,,,"(511.33, 21.56)",,,"(528.42, 321.67)",,,,"(666.07, 221.09)","(522.14, 391.57)",,,,"(403.18, 302.88)",,,"(159.63, 188.58)",,,,"(567.32, 304.65)",,,,"(691.01, 128.81)","(513.37, 323.76)","(397.24, 143.59)","(293.07, 218.45)","(18.55, 123.92)","(629.54, 352.58)","(670.73, 374.12)",,"(416.20, 386.47)",,
273,,"(320.07, 116.36)",,,"(133.36, 246.01)",,,"(664.96, 126.62)","(267.87, 446.22)",,,"(419.62, 252.25)","(67.27, 141.25)",,,"(140.52, 141.91)",,"(75.57, 281.11)",,"(269.89, 256.84)","(186.63, 237.74)","(549.12, 200.60)","(378.44, 253.79)",,"(190.27, 169.00)",,"(652.37, 308.74)",,"(41.25, 291.65)","(286.32, 218.86)",,,,,"(27.52, 172.70)",,"(537.17, 203.06)",,,"(185.19, 184.26)",,,,,,,,,,"(131.06, 202.88)",,,,,"(255.38, 445.13)","(40.82, 45.54)",,,,,,,"(511.31, 20.63)",,,"(526.95, 319.62)",,,,"(667.05, 217.86)","(522.36, 391.54)",,,,"(403.43, 300.00)",,,"(158.84, 193.17)",,,,"(567.45, 302.14)",,,,"(690.78, 126.41)","(513.05, 321.63)","(398.21, 141.27)","(293.88, 216.72)",,"(655.51, 331.39)","(669.93, 371.16)",,"(416.47, 386.50)",,
274,,"(320.21, 113.02)",,,"(133.29, 244.34)",,,"(663.70, 124.78)","(268.37, 445.87)",,,"(420.77, 251.01)","(67.76, 138.70)",,,"(140.64, 141.61)",,"(75.69, 277.56)",,"(269.74, 256.55)","(186.39, 234.88)","(549.16, 200.46)","(378.67, 251.38)",,"(190.25, 169.03)",,"(652.93, 308.52)",,"(42.08, 289.68)","(286.12, 218.84)",,,,,"(27.58, 172.82)",,"(535.52, 200.27)",,,"(183.83, 183.65)",,,,,,,,,,"(131.10, 202.91)",,,,,"(254.87, 445.28)","(38.70, 43.23)",,,,,,,"(511.49, 19.98)",,,"(525.33, 317.98)",,,,"(668.06, 215.02)","(522.29, 391.43)",,,,"(403.31, 297.16)",,,"(168.84, 184.31)",,,,"(567.53, 299.47)",,,,"(690.45, 124.09)","(513.17, 319.95)","(399.14, 139.12)","(294.37, 214.63)",,"(667.90, 313.68)","(668.43, 369.63)",,"(416.22, 386.90)",,
275,,"(320.13, 109.57)",,,"(133.14, 243.82)",,"(389.81, 446.65)","(663.02, 122.50)","(268.44, 445.72)",,,"(421.80, 249.74)","(68.29, 137.03)",,,"(140.82, 141.31)",,"(75.81, 274.51)",,"(269.52, 256.20)","(186.18, 232.99)","(549.14, 200.32)","(378.78, 249.32)",,"(190.38, 168.89)",,"(653.59, 308.82)",,"(42.57, 287.75)","(286.03, 218.83)",,,,,"(27.63, 172.86)",,"(532.19, 198.54)",,,"(181.99, 181.74)",,,,,,,,,,"(131.20, 202.79)",,,,,"(254.99, 445.06)","(36.94, 40.83)",,,,,,,"(511.62, 18.61)",,,"(524.31, 316.07)",,,,"(668.96, 211.83)","(522.16, 391.45)",,,,"(403.35, 294.71)",,,"(178.99, 165.95)",,,,"(567.65, 297.25)",,,,"(690.30, 122.19)","(513.49, 317.73)","(400.00, 137.08)","(294.84, 212.00)","(18.43, 115.01)","(668.07, 313.55)","(666.61, 367.64)",,"(416.27, 386.86)",,
276,,,,,"(133.02, 243.57)",,"(390.15, 446.60)","(662.26, 120.62)","(267.86, 444.31)",,,"(422.76, 248.62)","(68.82, 135.59)",,,"(140.80, 141.26)",,"(75.84, 271.30)",,"(269.37, 256.12)","(186.03, 231.71)","(549.12, 200.19)","(378.92, 247.21)",,"(189.96, 168.13)",,"(653.57, 308.91)",,"(43.50, 286.37)","(286.15, 218.81)",,,,,"(27.65, 173.18)",,"(529.46, 197.04)",,,"(180.18, 179.70)",,,,,,,,,,"(131.15, 202.84)",,,,,"(254.96, 445.03)","(35.06, 38.21)",,,,,,,"(511.75, 17.68)",,,"(522.58, 314.25)",,,,"(670.82, 208.10)","(522.23, 391.32)",,,,"(403.50, 292.15)",,,"(178.74, 164.12)",,,,"(567.83, 294.91)",,,,"(690.07, 120.76)","(513.28, 315.59)","(400.93, 135.33)","(295.71, 209.67)","(17.92, 113.28)","(667.95, 312.99)","(665.29, 366.06)",,"(416.24, 386.91)",,
277,,,,,"(132.77, 242.64)",,"(390.09, 446.51)","(662.17, 118.67)","(268.00, 443.24)",,,"(423.66, 247.73)","(68.86, 134.47)",,,"(141.26, 139.27)",,"(76.00, 267.74)",,"(269.39, 256.20)","(185.94, 230.40)","(549.22, 200.21)","(380.14, 245.12)",,"(190.10, 168.44)",,"(653.54, 308.95)",,"(44.11, 284.59)","(286.15, 218.67)",,,,,"(27.62, 173.19)",,"(526.77, 195.30)",,,"(179.37, 177.41)",,,,,,,,,,"(131.38, 202.21)",,,,,"(255.42, 445.34)","(33.89, 35.46)",,,,,,,,,,"(521.25, 312.12)",,,,"(672.49, 204.97)","(522.29, 391.21)",,,,"(403.97, 289.87)",,,"(176.57, 183.39)",,,,"(568.05, 292.39)",,,,"(689.84, 118.66)","(513.70, 313.20)","(401.81, 134.39)","(296.16, 206.29)",,"(667.85, 312.81)","(663.72, 365.12)",,"(416.17, 386.52)",,
278,,,,,"(132.53, 241.67)",,"(389.84, 446.53)","(661.57, 116.97)","(267.89, 442.70)",,,"(424.70, 246.81)","(69.46, 133.27)",,,"(141.86, 136.42)",,"(76.05, 264.21)",,"(269.41, 256.23)","(185.88, 229.64)","(549.17, 200.21)","(380.70, 242.95)",,"(190.61, 167.00)",,"(653.28, 308.95)",,"(44.31, 282.90)","(286.06, 218.76)",,,,,"(27.56, 172.66)",,"(523.72, 194.18)",,,"(178.18, 175.06)",,,,,,,,,,"(131.18, 199.53)",,,,,"(255.47, 445.47)","(32.67, 32.78)",,,,,,,,,,"(519.77, 310.16)",,,,"(674.50, 202.24)","(522.02, 391.61)",,,,"(404.35, 287.40)",,,"(164.77, 207.29)",,,,"(568.35, 289.81)",,,,"(689.30, 117.24)","(513.94, 311.12)","(402.65, 132.49)","(297.29, 203.36)",,"(667.93, 312.82)","(661.59, 363.33)",,"(416.18, 386.52)",,
279,,,,,"(132.47, 240.58)",,"(389.61, 446.74)","(660.55, 113.35)","(267.91, 442.63)",,,"(425.67, 246.03)","(69.47, 133.08)",,,"(142.90, 133.70)",,"(75.93, 261.19)",,"(269.41, 256.21)","(185.93, 229.64)","(549.16, 200.14)","(381.67, 240.68)",,"(190.76, 165.40)",,"(653.43, 309.05)",,"(44.83, 280.70)","(286.17, 218.82)",,,,,"(27.53, 171.88)",,"(521.27, 193.07)",,,"(177.01, 173.41)",,,,,,,,,,"(131.49, 196.49)",,,,,"(255.65, 445.42)","(31.53, 29.90)",,,,,,,,,,"(518.57, 308.55)",,,,"(675.63, 199.03)","(522.09, 391.45)",,,,"(404.69, 284.83)",,,"(162.35, 221.31)",,,,"(568.02, 287.03)",,,,"(689.19, 116.30)","(513.48, 308.55)","(403.47, 131.41)","(297.78, 200.49)",,"(667.99, 312.88)","(658.86, 360.91)",,"(416.17, 386.51)",,
280,,,,,"(132.31, 239.72)",,"(390.96, 446.63)","(659.84, 110.42)","(267.85, 442.65)",,,"(426.46, 245.28)","(69.55, 133.06)",,,"(143.61, 131.59)",,"(75.94, 258.09)",,"(269.32, 256.14)","(185.74, 229.63)","(549.11, 200.14)","(383.11, 238.26)",,"(190.83, 164.35)",,"(653.26, 308.71)",,"(45.07, 278.22)","(286.19, 218.91)",,,,,"(27.57, 171.00)",,"(518.56, 191.83)",,,"(175.77, 170.75)",,,,,,,,,,"(131.37, 193.48)",,,,,"(255.75, 445.41)","(30.51, 26.49)",,,,,,,,,,"(517.90, 305.80)",,,,"(677.71, 196.54)","(522.19, 391.46)",,,,"(405.47, 282.03)",,,"(148.45, 218.03)",,,,"(568.01, 284.68)",,,,"(689.46, 114.92)","(513.05, 305.89)","(403.95, 130.17)","(298.69, 197.66)",,"(667.98, 312.84)","(656.08, 358.74)",,"(416.18, 386.49)",,
281,,,,,"(131.81, 239.10)",,"(392.01, 446.78)","(659.32, 108.34)","(267.83, 442.70)",,,"(427.17, 244.89)","(69.53, 133.09)",,,"(144.65, 129.01)",,"(75.97, 255.51)",,"(269.32, 256.16)","(185.71, 229.59)","(549.07, 200.15)","(384.83, 236.28)",,"(191.18, 162.13)",,"(653.15, 308.68)",,"(45.91, 274.46)","(286.21, 218.95)",,,,,"(27.67, 168.94)",,"(516.15, 190.52)",,,"(174.94, 168.28)",,,,,,,,,,"(131.61, 190.96)",,,,,"(256.23, 445.68)","(29.80, 24.36)",,,,,,,,,,"(517.25, 304.31)",,,,"(679.40, 193.99)","(522.22, 391.30)",,,,"(405.70, 279.40)",,,"(145.27, 216.86)",,,,"(567.54, 281.92)",,,,"(688.51, 112.70)","(512.32, 303.83)","(404.70, 129.54)","(299.57, 194.14)",,"(667.97, 312.86)","(653.84, 356.70)",,"(416.18, 386.50)",,
282,,,,,"(131.65, 238.47)",,"(392.34, 446.92)","(658.71, 106.37)","(267.94, 442.40)",,,"(427.74, 244.50)","(69.51, 133.11)",,,"(145.33, 126.01)",,"(75.68, 253.50)",,"(269.32, 256.16)","(185.69, 229.67)","(549.03, 200.01)","(385.97, 234.41)",,"(190.81, 159.91)",,"(653.33, 308.47)",,"(46.19, 270.78)","(286.24, 218.96)",,,,,"(27.64, 166.50)",,"(513.28, 189.07)",,,"(174.72, 165.58)",,,,,,,,,,"(131.88, 187.73)",,,,,,"(29.47, 22.24)",,,,,,,,,,"(517.05, 303.83)",,,,"(681.76, 191.84)","(522.17, 391.51)",,,,"(406.48, 276.63)",,,"(145.65, 217.12)",,,,"(567.49, 279.71)",,,,"(687.44, 110.56)","(511.93, 301.91)","(404.83, 129.38)","(300.67, 190.90)",,"(667.94, 312.89)","(651.21, 354.90)",,"(416.11, 386.48)",,
283,,,,,"(131.65, 238.51)",,"(392.54, 446.86)","(658.04, 104.69)","(268.00, 442.20)",,,"(428.06, 244.00)","(69.55, 133.13)",,,"(146.54, 123.28)",,"(75.38, 251.30)","(686.48, 103.24)","(269.30, 256.17)","(185.74, 229.63)","(548.98, 200.02)","(387.37, 232.49)",,"(191.28, 156.58)",,"(653.41, 308.75)",,"(45.72, 266.98)","(286.16, 218.92)",,,,,"(27.23, 164.28)",,"(511.39, 187.34)",,,"(174.71, 162.80)",,,,,,,,,,"(131.98, 185.43)",,,,,,"(29.09, 21.56)",,,,,,,,,,"(517.46, 304.32)",,,,"(682.97, 189.52)","(522.14, 391.64)",,,,"(406.95, 273.67)",,,"(144.74, 216.77)",,,,"(567.51, 276.98)",,,,"(687.19, 109.09)","(511.41, 299.86)","(404.88, 129.18)","(301.56, 187.67)",,"(667.90, 312.90)","(648.64, 353.33)",,"(416.14, 386.50)",,
284,,,,,"(131.64, 238.50)",,"(392.78, 446.65)",,"(267.61, 442.65)",,,"(428.25, 243.90)","(69.87, 133.18)",,,"(147.64, 120.33)",,"(75.05, 248.83)",,"(269.36, 256.17)","(185.67, 228.12)","(549.04, 199.97)","(388.84, 230.10)",,"(191.31, 154.39)",,"(653.37, 308.82)",,"(45.18, 263.42)","(286.10, 218.92)",,,,,"(26.98, 160.95)",,"(508.57, 186.10)",,,"(174.64, 160.46)",,,,,,,,,,"(132.03, 183.37)",,,,,"(250.60, 445.66)","(29.01, 21.58)",,,,,,,,,,"(517.55, 304.14)",,,,"(684.89, 187.29)","(522.16, 391.82)",,,,"(407.68, 271.11)",,,"(144.30, 218.16)",,,,"(566.81, 274.98)",,,,,"(511.21, 297.54)","(406.02, 127.51)","(302.80, 184.68)",,"(667.85, 312.87)","(646.32, 351.72)","(385.43, 446.98)","(416.14, 386.51)",,
285,,,,,"(131.64, 238.54)",,"(392.71, 446.14)",,"(266.41, 442.34)",,,"(428.45, 243.70)","(71.19, 133.02)",,,"(148.89, 117.10)",,"(74.75, 246.27)",,"(269.32, 256.17)","(184.93, 225.04)","(549.05, 199.92)","(390.30, 227.54)",,"(191.63, 152.23)",,"(653.34, 308.85)",,"(45.17, 259.80)","(286.13, 218.89)",,,,,"(26.27, 158.15)",,"(506.89, 184.56)",,,"(174.18, 158.46)",,,,,,,,,,"(132.49, 180.06)",,,,,"(250.42, 445.93)","(28.95, 21.63)",,,,,,,,,,"(517.59, 303.86)",,,,"(685.90, 184.35)","(522.15, 391.86)",,,,"(408.56, 268.34)",,,"(144.68, 216.96)",,,,"(566.11, 272.82)",,,,"(686.75, 104.07)","(510.44, 295.20)",,"(303.41, 182.08)",,"(667.94, 312.83)","(643.91, 349.88)","(385.56, 446.82)","(416.17, 386.53)",,
286,,,,,"(131.60, 238.34)",,"(392.71, 445.87)",,"(267.75, 444.16)",,,"(428.62, 243.62)","(71.82, 133.13)",,,"(149.66, 114.01)",,"(74.04, 243.25)",,"(269.32, 256.10)","(184.17, 221.45)","(549.03, 199.96)","(392.47, 224.80)",,"(191.89, 149.85)",,"(653.21, 308.70)",,"(44.59, 256.54)","(286.11, 218.90)",,,,,"(25.94, 154.85)",,"(505.00, 183.00)",,,"(173.47, 156.50)",,,,,,,,,,"(132.82, 176.51)",,,,,"(250.42, 445.96)","(28.97, 21.60)",,,,,,,,,,"(517.14, 301.84)",,,,"(687.19, 182.47)","(522.23, 391.94)",,,,"(409.44, 266.08)",,,"(145.28, 216.25)",,,,"(565.32, 270.51)",,,,,"(510.30, 292.73)",,"(304.60, 180.25)",,"(667.96, 312.80)","(642.24, 347.35)","(385.51, 446.78)","(416.15, 386.75)",,
287,,,,,"(131.42, 238.31)",,"(392.73, 445.98)",,"(267.70, 443.31)",,,"(428.76, 243.49)","(72.35, 133.05)",,,"(150.79, 111.06)",,"(73.95, 240.36)",,"(269.35, 256.24)","(183.64, 218.09)","(549.05, 199.97)","(394.08, 222.14)",,"(191.56, 148.75)",,"(653.11, 308.47)",,"(44.61, 253.36)","(286.17, 218.92)",,,,,"(25.02, 152.01)",,"(503.39, 181.66)",,,"(173.54, 154.12)",,,,,,,,,,"(133.01, 173.40)",,,,,"(251.11, 445.58)","(28.97, 21.61)",,,,,,,,,,"(516.25, 300.14)",,,,"(687.67, 180.74)","(522.24, 392.04)",,,,"(410.83, 263.20)",,,"(145.30, 216.32)",,,,"(564.41, 269.10)",,,,,"(510.60, 289.90)",,"(304.94, 179.77)",,"(667.89, 312.36)","(640.55, 345.11)","(385.46, 446.74)","(416.77, 385.93)",,
288,,,,,"(131.43, 238.34)",,"(393.56, 446.04)",,"(267.34, 442.52)",,,"(428.69, 243.22)","(73.15, 133.07)",,,"(152.03, 107.92)",,"(72.81, 237.26)",,"(269.24, 256.18)","(183.38, 214.09)","(548.98, 199.87)","(395.81, 219.84)",,"(191.78, 148.03)",,"(653.15, 308.45)",,"(44.27, 250.49)","(286.17, 218.95)",,,,,"(24.39, 148.75)",,"(502.69, 180.59)",,,"(172.99, 151.62)",,,,,,,,,,"(133.39, 169.85)",,,,,"(251.56, 445.47)","(28.90, 21.50)",,,,,,,,,,"(515.38, 297.73)",,,,"(688.04, 179.26)","(522.31, 391.87)",,,,"(411.85, 260.99)",,,"(145.33, 216.31)",,,,"(563.74, 267.77)",,,,,"(510.43, 287.38)",,"(305.45, 178.20)",,"(667.58, 311.68)","(639.94, 342.36)","(385.50, 446.86)","(417.40, 384.62)",,
289,,,,,"(131.35, 238.19)",,"(393.79, 446.40)","(628.37, 55.44)","(267.18, 442.29)",,,"(428.66, 243.02)","(73.38, 133.09)",,,"(153.07, 105.99)",,"(72.41, 234.71)",,"(269.23, 256.17)","(182.96, 211.24)","(549.04, 199.91)","(397.92, 217.26)",,"(192.00, 146.90)",,"(653.34, 308.55)",,"(43.62, 247.19)","(286.23, 218.91)",,,,,"(23.49, 146.13)",,"(501.74, 179.07)",,,"(172.31, 149.32)",,,,,,,,,,"(133.64, 166.67)",,,,,"(251.56, 445.48)","(28.92, 21.48)",,,,,,,,,,"(514.70, 295.36)",,,,"(689.01, 176.54)","(522.26, 391.87)",,,,"(412.29, 258.08)",,,"(145.26, 216.35)",,,,"(563.06, 266.34)",,,,,"(510.09, 284.94)",,"(305.93, 175.72)",,"(666.83, 311.23)","(640.81, 339.69)","(384.87, 446.75)","(418.02, 384.16)",,
290,,,,,"(131.45, 238.33)",,"(394.60, 446.62)","(628.76, 54.49)","(267.21, 441.76)",,,"(428.69, 232.98)","(73.94, 133.18)",,,,,"(71.51, 231.53)",,"(269.27, 256.12)","(182.37, 207.25)","(549.09, 199.93)","(399.73, 214.60)",,"(191.87, 145.56)",,"(653.19, 308.57)",,"(43.08, 243.79)","(286.20, 218.88)",,,,,"(22.92, 143.99)",,"(500.97, 177.67)",,,"(171.07, 146.99)",,,,,,,,,,"(134.33, 163.49)",,,,,"(252.64, 445.15)","(28.94, 21.47)",,,,,,,,,,"(514.05, 292.84)",,,,"(689.66, 173.85)","(522.15, 391.98)",,,,"(413.22, 255.62)",,,"(145.16, 216.38)",,,,"(561.22, 265.13)",,,,,"(509.70, 282.46)",,"(307.00, 173.56)",,"(665.65, 310.67)","(641.79, 336.74)","(384.81, 446.58)","(418.06, 384.09)",,
291,,,,,"(131.36, 238.78)",,"(394.01, 446.21)","(630.15, 51.87)","(267.19, 441.18)",,,"(427.24, 209.89)","(75.01, 132.81)",,,,,"(70.83, 228.63)",,"(269.37, 256.13)","(181.66, 203.77)","(549.09, 200.05)","(400.69, 213.21)",,"(192.16, 144.03)",,"(653.26, 308.32)",,"(42.94, 240.61)","(286.22, 218.99)",,,,,"(22.44, 142.39)",,"(500.87, 176.66)",,,"(170.07, 145.05)",,,,,,,,,,"(134.24, 160.04)",,,,,"(254.19, 444.94)","(28.83, 21.75)",,,,,,,,,,"(512.99, 290.65)",,,,"(689.93, 170.44)","(522.23, 392.12)",,,,"(413.44, 254.24)",,,"(145.20, 216.41)",,,,"(559.75, 264.19)",,,,,"(509.48, 280.12)",,"(307.33, 171.10)",,"(664.62, 310.30)","(642.41, 333.82)","(384.52, 446.46)","(417.80, 384.08)",,
292,,,,,"(131.29, 238.37)",,"(396.16, 446.21)","(631.63, 49.46)","(266.86, 441.06)",,,"(426.09, 200.01)","(75.41, 132.55)",,,,,"(69.80, 225.62)",,"(269.37, 256.13)","(181.49, 199.74)","(549.07, 199.98)","(401.38, 212.58)",,"(191.83, 141.91)",,"(653.80, 308.37)",,"(42.83, 238.10)","(286.20, 218.98)",,,,,"(22.17, 141.58)",,"(500.92, 175.16)",,,"(169.18, 142.71)",,,,,,,,,,"(134.46, 157.18)",,,,,"(254.69, 445.11)","(28.86, 22.01)",,,,,,,,,,"(512.43, 288.04)",,,,"(690.51, 168.14)","(522.35, 392.19)",,,,"(413.35, 253.71)",,,"(145.25, 216.40)",,,,"(557.73, 262.82)",,,,,"(509.18, 277.30)",,"(307.92, 168.34)",,"(663.40, 309.72)","(643.31, 330.73)",,"(417.64, 384.03)",,
293,,"(319.66, 56.67)",,,"(131.64, 238.17)",,"(396.44, 446.86)","(632.55, 47.09)","(266.92, 440.23)",,,"(425.65, 199.40)","(75.72, 132.25)",,,,,"(68.64, 222.53)",,"(269.44, 255.97)","(180.53, 195.80)","(549.04, 199.90)","(401.33, 212.59)",,"(191.96, 139.37)",,"(653.98, 308.13)",,"(42.53, 235.53)","(286.17, 218.96)",,,,,"(21.76, 140.88)",,"(500.73, 173.80)",,,"(167.90, 140.55)",,,,,,,,,,"(134.98, 153.65)",,,,,"(255.70, 445.04)","(28.23, 22.15)",,,,,,,,,,"(511.69, 285.69)",,,,"(690.89, 165.35)","(522.30, 392.18)",,,,"(413.41, 252.69)",,,"(145.22, 216.38)","(52.28, 54.38)",,,"(556.22, 261.54)",,,,,"(508.97, 274.64)",,"(308.92, 165.62)",,"(662.10, 308.99)","(643.40, 327.81)",,"(417.33, 384.19)",,
294,,"(319.06, 55.12)",,,"(131.79, 238.46)",,"(394.17, 447.81)","(633.34, 45.21)","(266.83, 440.57)",,,"(425.57, 198.64)","(76.02, 131.97)",,,,,"(67.61, 219.40)",,"(269.58, 255.90)","(180.01, 192.04)","(549.00, 199.90)","(401.33, 212.61)",,"(192.25, 136.44)",,"(653.95, 308.22)",,"(42.61, 232.71)","(286.20, 218.95)",,,,,"(21.60, 140.43)",,"(501.00, 172.10)",,,"(166.73, 138.28)",,,,,,,,,,"(135.42, 151.41)",,,,,"(256.41, 444.97)","(27.98, 22.58)",,,,,,,,,,"(510.87, 283.90)",,,,"(690.98, 162.48)","(522.17, 392.40)",,,,"(413.73, 251.74)",,,"(145.27, 216.35)",,,,"(554.84, 260.07)",,,,,"(508.57, 272.06)",,"(309.77, 162.85)","(40.18, 64.22)","(660.45, 308.27)","(644.10, 324.67)","(384.91, 446.45)","(417.30, 384.24)",,
295,,"(318.63, 51.78)",,,"(131.94, 238.55)",,"(393.35, 447.54)","(634.63, 42.47)","(266.77, 439.71)",,,"(425.36, 197.67)","(76.39, 131.88)",,,,,"(66.96, 216.48)",,"(269.96, 255.22)","(179.40, 188.53)","(549.03, 199.88)","(401.34, 212.64)",,"(192.18, 134.01)",,"(656.98, 307.13)",,"(42.44, 230.06)","(286.13, 218.95)",,,,,"(21.33, 140.10)",,"(500.91, 169.84)",,,"(165.20, 135.98)",,,,,,,,,,"(135.61, 149.22)",,,,,"(257.24, 444.80)","(27.81, 22.66)",,,,,,,,,,"(510.56, 282.18)",,,,"(690.80, 159.36)","(522.19, 392.40)",,,,"(413.62, 250.92)",,,"(145.29, 216.26)",,,,"(553.83, 258.65)",,,,,"(508.29, 269.65)",,"(310.73, 159.75)","(40.79, 63.82)",,"(645.12, 321.47)","(384.52, 446.28)","(417.31, 384.29)",,
296,,"(317.90, 48.76)",,,"(132.05, 238.50)",,"(392.52, 447.43)","(635.92, 40.20)","(266.55, 439.15)",,,"(424.95, 197.03)","(76.46, 132.80)",,,,,"(65.53, 213.01)",,"(270.04, 254.64)","(178.99, 184.95)","(548.96, 199.89)","(401.63, 212.48)","(268.70, 445.86)","(192.04, 131.56)",,"(657.00, 306.39)",,"(42.40, 227.67)","(286.12, 219.01)",,,,,"(21.27, 140.05)",,"(501.18, 167.06)",,,"(163.67, 134.17)",,,,,,,,,,"(135.85, 146.76)",,,,,"(257.82, 444.84)","(27.52, 22.57)",,,,,,,,,,"(509.70, 280.31)",,,,"(690.83, 156.58)","(522.24, 392.37)",,,,"(413.78, 249.47)",,,"(145.45, 216.20)",,,,"(553.29, 257.84)",,,,,"(507.92, 267.37)",,"(311.38, 156.91)","(41.29, 63.19)",,"(647.51, 318.42)","(384.28, 446.38)","(417.39, 384.44)",,
297,,"(317.45, 44.74)",,,"(132.13, 238.46)",,"(391.89, 447.61)","(637.30, 37.96)","(266.56, 439.17)",,,"(424.60, 196.03)","(76.50, 133.88)",,,,,"(64.58, 210.12)",,"(270.08, 254.11)","(178.71, 181.33)","(549.00, 199.92)","(401.91, 212.32)","(269.27, 445.75)","(191.88, 128.36)",,"(657.17, 305.57)",,"(42.15, 224.70)","(286.09, 219.06)",,,,,"(21.25, 140.07)",,"(501.18, 164.11)",,,"(161.80, 132.32)",,,,,,,,,,"(135.84, 143.78)",,,,,"(258.86, 444.91)","(27.16, 22.47)",,,,,,,,,,"(509.08, 277.87)",,,,"(690.63, 154.44)","(522.30, 392.41)",,,,"(414.90, 247.63)",,,"(145.45, 216.23)",,,,"(553.34, 257.62)",,,,,"(507.27, 265.24)","(439.88, 69.85)","(311.94, 153.91)","(41.93, 62.06)",,"(649.81, 316.06)","(384.20, 446.31)","(417.40, 384.62)",,
298,,"(316.66, 41.67)",,,"(132.11, 238.19)",,"(391.63, 447.55)","(638.88, 35.47)","(266.96, 439.35)",,,"(423.26, 194.49)","(76.19, 135.57)",,,,,"(63.63, 207.31)",,"(270.14, 253.49)","(178.50, 178.14)","(549.00, 200.01)","(402.39, 211.54)","(269.31, 445.56)","(191.86, 125.41)",,"(657.26, 305.37)",,"(42.32, 221.14)","(286.12, 219.03)",,,,,"(21.21, 140.00)",,"(501.46, 161.18)",,,"(159.90, 130.65)",,,,,,,,,,"(136.17, 140.40)",,,,,"(259.79, 445.26)","(27.12, 22.41)",,,,,,,,,,"(508.33, 275.70)",,,,"(690.30, 152.89)","(522.08, 392.59)",,,,"(415.24, 245.76)",,,"(145.58, 216.18)",,,,"(553.68, 257.97)",,,,,"(507.50, 262.76)","(439.45, 68.78)","(312.45, 150.93)","(42.18, 61.62)",,"(650.25, 315.13)","(384.96, 446.26)","(417.28, 384.61)",,
299,,"(316.17, 37.81)",,,"(132.17, 238.23)",,"(391.52, 447.51)","(640.57, 32.56)","(265.96, 438.90)",,,"(422.14, 193.51)","(75.83, 136.59)",,,,,"(62.72, 203.50)",,"(270.26, 252.78)","(178.33, 174.55)","(549.07, 200.18)","(402.50, 210.74)","(269.72, 445.66)","(192.02, 122.16)",,"(657.42, 305.52)",,"(43.26, 217.84)","(286.09, 219.09)",,,,,"(21.19, 139.95)",,"(501.56, 158.84)",,,"(157.61, 129.23)",,,,,,,,,,"(136.79, 137.69)",,,,,"(260.00, 445.45)","(27.13, 22.32)",,,,,,,,,,"(507.40, 273.53)",,,,"(689.43, 150.80)","(522.13, 392.58)",,,,"(416.05, 243.63)",,,"(145.54, 216.15)",,,,"(553.63, 257.97)",,,,,"(506.90, 259.76)","(439.09, 66.51)","(313.38, 148.04)","(42.30, 61.60)",,"(649.56, 316.18)","(385.00, 446.50)","(417.18, 384.55)",,
300,,"(315.88, 34.02)",,,"(132.20, 238.19)",,"(391.65, 447.53)","(642.48, 30.25)","(264.35, 436.71)",,,"(420.97, 192.69)","(75.48, 137.61)",,,,,"(61.69, 200.83)",,"(270.11, 251.83)","(178.11, 171.63)","(549.12, 200.19)","(403.07, 209.96)","(270.70, 445.33)","(192.21, 119.59)",,"(657.69, 305.43)",,"(43.20, 215.18)","(286.16, 219.05)",,,,,"(21.37, 140.20)",,"(501.64, 156.74)",,,"(154.64, 127.94)",,,,,,,,,,"(137.34, 135.25)",,,,,"(259.68, 445.82)","(26.93, 22.15)",,,,,,,,,,"(506.99, 270.89)",,,,"(688.11, 149.76)","(522.22, 392.70)",,,,"(416.72, 241.19)",,,"(145.54, 216.09)",,,,"(553.44, 257.72)",,,,"(673.94, 67.43)","(505.87, 256.96)","(438.76, 64.35)","(313.60, 145.04)","(42.28, 61.58)",,"(649.69, 316.09)","(384.77, 446.61)","(417.12, 384.46)","(389.87, 436.93)",
301,,"(315.47, 29.88)",,,"(132.23, 238.24)",,"(391.00, 446.89)","(644.35, 27.85)","(263.55, 434.54)",,,"(420.01, 191.44)","(74.64, 138.25)",,,,,"(60.89, 197.63)",,"(270.07, 251.13)","(177.39, 168.66)","(549.09, 200.25)","(403.14, 209.41)","(271.96, 445.21)","(192.39, 117.19)",,"(657.88, 305.38)",,"(43.96, 211.73)","(286.13, 219.04)",,,,,"(21.43, 140.25)",,"(501.59, 154.25)",,,"(152.36, 126.79)",,,,,,,,,,"(138.36, 133.00)",,,,,"(259.50, 446.02)","(26.82, 22.14)",,,,,,,,,,"(506.36, 269.13)",,,,"(686.72, 148.31)","(522.30, 392.69)",,,,"(417.75, 238.59)",,,"(145.59, 216.11)",,,,"(552.95, 257.01)",,,,"(676.02, 66.84)","(505.12, 255.17)","(437.94, 61.86)","(313.80, 142.01)","(42.30, 61.62)",,"(649.75, 316.09)",,"(416.54, 384.69)","(382.17, 435.34)",
302,,"(315.09, 27.18)",,,"(132.21, 238.25)",,"(390.96, 446.89)","(645.81, 27.36)","(262.52, 431.54)",,,"(419.12, 190.18)","(73.51, 138.78)",,,,,"(60.25, 193.96)",,"(270.04, 250.60)","(177.53, 165.18)","(549.07, 199.93)","(403.29, 209.19)","(273.32, 445.83)","(192.95, 114.67)",,"(658.79, 305.49)",,"(44.49, 208.89)","(286.16, 219.03)",,,,,"(21.41, 140.27)",,"(501.49, 151.00)",,,"(149.48, 125.71)",,,,,,,,,,"(140.34, 130.67)",,,,,"(259.60, 446.12)","(26.41, 22.10)",,,,,,,,,,"(505.83, 267.26)",,,,"(685.91, 147.46)","(522.21, 392.79)",,,,"(418.87, 236.34)",,,"(145.54, 216.13)",,,,"(552.37, 255.92)",,,,"(677.34, 65.39)","(504.70, 253.43)","(438.28, 58.08)","(314.42, 139.04)","(42.42, 61.30)",,"(649.63, 316.11)",,"(416.99, 384.96)","(381.56, 436.79)",
303,,"(314.88, 24.00)",,,"(132.14, 238.33)",,"(390.91, 446.86)","(648.44, 28.07)","(261.36, 427.51)",,,"(418.28, 189.06)","(72.37, 139.46)",,,"(167.64, 69.86)",,"(59.22, 191.25)",,"(269.86, 249.66)","(177.08, 162.27)","(549.07, 199.99)","(403.27, 208.86)","(273.65, 445.83)","(193.00, 111.25)",,"(659.57, 304.49)",,"(44.94, 206.43)","(286.24, 219.01)",,,,,"(21.48, 140.32)",,"(501.24, 148.53)",,,"(148.00, 124.77)",,,,,,,,,,"(142.08, 128.57)",,,,,"(259.49, 446.07)","(26.22, 22.12)",,,,,,,,,,"(505.19, 265.19)",,,,"(683.84, 146.15)","(522.27, 392.82)",,,,"(419.59, 234.17)",,,"(145.46, 216.21)",,,,"(552.40, 253.76)",,,,,"(504.24, 251.12)","(437.80, 54.62)","(314.85, 135.76)","(42.38, 61.15)","(653.67, 306.57)","(649.72, 316.10)",,"(417.09, 385.02)","(381.53, 436.55)",
304,,"(314.79, 21.05)",,,"(132.03, 238.36)",,"(390.95, 446.74)","(651.00, 27.92)","(260.76, 423.32)",,,"(417.03, 187.89)","(71.71, 140.04)",,,"(168.52, 68.40)",,"(58.50, 188.29)",,"(269.73, 249.06)","(177.39, 159.08)","(548.98, 200.30)","(418.23, 198.03)","(274.65, 445.50)","(192.74, 108.72)",,"(659.45, 303.29)",,"(45.42, 204.15)","(286.33, 219.08)",,,,,"(21.58, 140.34)",,"(501.04, 145.91)",,,,,,,,,,,,,"(144.95, 125.74)",,,,,"(259.31, 445.87)","(25.71, 22.02)",,,,,,,,,,"(504.26, 262.41)",,,,"(682.18, 145.40)","(522.32, 392.84)",,,,"(420.67, 231.83)",,,"(146.23, 216.02)",,,,"(552.49, 251.77)",,,,,"(503.86, 249.39)","(437.76, 52.01)","(315.00, 132.61)","(43.14, 60.13)",,"(649.67, 316.05)",,"(417.29, 385.05)","(381.55, 436.06)",
305,,"(314.88, 20.71)",,,"(132.06, 238.38)",,"(390.89, 446.69)","(654.12, 27.79)","(259.49, 419.07)",,,"(416.71, 187.74)","(70.45, 141.50)",,,"(169.88, 66.25)",,"(57.79, 185.34)",,"(269.61, 248.16)","(177.38, 155.36)","(549.01, 200.26)","(445.67, 175.31)","(275.81, 445.36)","(192.25, 107.39)",,"(659.45, 301.06)",,"(46.14, 202.46)","(286.36, 219.05)",,,,,"(21.65, 140.39)",,"(500.83, 143.19)",,,,,,,,,,,,,"(143.72, 124.30)",,,,,"(259.39, 445.86)","(24.95, 21.92)",,,,,,,,,,"(503.85, 260.28)",,,,"(680.06, 144.54)","(522.31, 392.89)",,,,"(422.01, 229.32)",,,"(147.77, 215.42)",,,,"(552.26, 250.11)","(401.49, 70.44)",,,,"(503.89, 247.42)","(437.70, 48.42)","(315.02, 129.55)","(43.81, 58.41)","(653.64, 306.77)","(649.73, 315.83)",,"(417.49, 385.05)","(381.60, 435.82)",
306,,"(314.85, 20.65)",,,"(132.07, 238.34)",,"(390.97, 446.75)","(656.94, 27.37)","(258.58, 414.93)",,,"(416.64, 187.72)","(68.79, 142.02)",,,"(170.64, 63.67)",,"(57.19, 182.41)",,"(269.64, 248.02)","(177.40, 151.91)","(549.04, 200.24)","(445.10, 175.84)","(276.94, 445.26)",,,"(660.26, 298.11)",,"(46.34, 200.19)","(286.31, 218.99)",,,,,"(21.74, 140.48)",,"(500.71, 140.86)",,,,,,,,,,,,,"(144.29, 122.61)",,,,,"(259.57, 445.86)","(24.33, 22.03)",,,,,,,,,,"(503.43, 257.26)",,,,"(677.78, 144.54)","(522.29, 393.05)",,,,"(422.77, 227.55)",,,"(148.50, 214.74)",,,,"(551.77, 248.13)","(403.05, 69.16)",,,"(650.58, 36.67)","(503.13, 244.96)","(437.92, 45.08)","(315.07, 126.12)","(44.15, 56.68)","(654.08, 305.61)","(649.64, 315.92)",,"(417.61, 384.76)","(381.77, 434.10)",
307,,"(314.78, 20.55)",,,"(132.32, 238.34)",,"(391.09, 446.85)","(659.36, 27.02)","(258.29, 415.22)",,,"(416.59, 187.73)","(67.42, 142.93)",,,"(171.73, 61.44)",,"(56.18, 179.14)",,"(269.63, 247.71)","(176.97, 148.72)","(549.08, 200.29)","(445.23, 174.94)","(278.34, 445.93)",,,"(660.44, 295.06)",,"(46.72, 197.39)","(286.25, 218.96)",,,,,"(21.65, 140.48)",,"(500.85, 138.25)",,,"(139.48, 122.15)",,,,,,,,,,"(148.84, 121.09)",,,,,"(259.53, 446.12)","(24.35, 21.69)",,,,,,,"(583.80, 64.38)",,,"(503.44, 255.42)",,,,"(675.65, 144.25)","(522.27, 393.04)",,,,"(423.30, 225.91)",,,"(149.24, 214.20)",,,,"(551.42, 245.85)","(405.67, 67.28)",,,"(641.97, 19.08)","(502.70, 242.86)","(437.69, 41.80)","(315.62, 122.74)","(43.98, 55.01)","(654.49, 304.94)","(649.56, 316.25)",,"(417.74, 384.44)","(382.08, 432.49)",
308,,"(314.85, 19.79)",,,"(132.44, 238.17)",,"(391.14, 446.88)","(660.01, 26.87)","(258.10, 414.20)",,,"(416.63, 187.74)","(65.21, 143.25)",,,"(172.63, 58.12)",,"(55.05, 176.36)",,"(269.64, 247.72)","(176.89, 145.50)","(549.06, 200.33)","(445.23, 173.95)","(278.86, 446.70)",,,"(660.96, 293.16)",,"(47.29, 194.96)","(286.27, 219.04)",,,,,"(21.60, 140.52)",,"(500.61, 135.18)",,,"(137.04, 121.43)",,,,,,,,,,"(151.61, 118.19)",,,,,"(259.60, 446.25)","(24.33, 21.74)",,,,,,,,,,"(503.05, 253.56)",,,,"(673.39, 144.00)","(522.36, 392.84)",,,,"(424.16, 224.48)",,,"(150.28, 213.74)",,,,"(551.25, 243.62)","(408.01, 65.29)",,,"(637.89, 18.13)","(502.41, 241.09)","(437.88, 38.86)","(315.80, 119.67)","(44.04, 53.65)","(654.32, 304.16)","(649.34, 316.82)","(384.18, 446.28)","(417.83, 384.50)","(382.61, 430.15)",
309,,"(314.88, 19.63)",,,"(132.29, 238.29)",,"(391.06, 446.99)","(661.01, 26.79)","(257.42, 412.44)",,,"(416.69, 187.73)","(63.75, 143.70)",,,"(172.99, 55.75)",,"(54.57, 173.52)",,"(269.63, 247.73)","(176.83, 142.74)","(549.06, 200.36)","(445.01, 172.37)","(279.12, 446.82)",,,"(661.32, 290.26)",,"(47.42, 191.94)","(286.24, 218.96)",,,,,"(21.54, 140.55)",,"(500.85, 132.96)",,,"(135.31, 120.78)",,,,,,,,,,"(153.35, 116.31)",,,,,"(259.51, 446.59)","(24.28, 21.76)",,,,,,,,,,"(502.54, 251.30)",,,,"(671.31, 143.47)","(522.37, 392.91)",,,,"(424.86, 223.28)",,,"(151.46, 212.99)",,,,"(550.76, 240.46)","(410.84, 63.13)",,,"(637.69, 18.15)","(502.30, 239.48)","(437.72, 35.64)","(315.51, 116.95)","(44.81, 51.64)","(654.35, 302.97)","(649.49, 316.92)","(383.97, 446.25)","(418.03, 384.87)","(383.06, 427.39)",
310,,"(314.61, 19.61)",,,"(132.23, 238.33)",,"(391.09, 447.08)","(663.36, 25.49)","(257.25, 411.74)",,,"(415.92, 186.57)","(62.75, 144.21)",,,"(174.18, 52.75)",,"(54.62, 172.84)",,"(269.59, 247.85)","(176.82, 139.77)","(549.05, 200.31)","(444.84, 169.63)","(279.40, 446.95)","(27.66, 206.78)",,"(662.05, 287.51)",,"(48.01, 188.99)","(286.19, 219.02)",,,,,"(21.67, 140.71)",,"(500.86, 130.84)",,,"(134.28, 120.15)",,,,,,,,,,"(155.10, 113.87)",,,,,"(259.70, 446.88)","(24.19, 21.75)",,,,,,,,,,"(502.36, 249.17)",,,,"(669.98, 142.68)","(522.16, 393.05)",,,,"(424.88, 222.34)",,,"(151.85, 212.38)",,,,"(550.27, 237.38)","(413.40, 61.19)",,,"(637.62, 18.07)","(502.46, 237.97)","(437.61, 32.27)","(315.55, 113.86)","(45.57, 49.11)","(654.62, 302.10)","(649.54, 315.93)","(383.87, 446.27)","(418.20, 385.02)","(383.66, 424.78)",
311,,"(312.60, 18.90)",,,"(132.21, 238.41)",,"(391.10, 447.07)","(663.55, 26.70)","(257.28, 411.76)",,,"(415.13, 184.88)","(61.97, 143.83)",,,"(175.07, 50.36)",,"(54.62, 172.13)","(685.57, 54.67)","(269.55, 247.99)","(176.27, 136.48)","(549.01, 200.32)","(444.70, 167.51)","(280.82, 447.17)","(45.79, 271.08)",,"(662.24, 284.70)",,"(47.99, 186.67)","(286.22, 218.97)",,,,,"(22.34, 141.22)",,"(500.76, 130.55)",,,"(133.24, 119.33)",,,,,,,,,,"(156.54, 111.45)",,,,,"(259.71, 446.84)","(24.18, 21.75)",,,,,,,,,,"(501.94, 247.41)",,,,"(670.13, 140.88)","(522.23, 393.07)",,,,"(424.94, 222.28)",,,"(152.28, 211.94)",,,,"(549.54, 234.42)","(415.63, 58.48)",,,"(637.69, 18.00)","(502.40, 237.11)","(437.85, 29.12)","(315.00, 111.76)","(45.85, 46.51)","(654.57, 300.88)","(648.96, 314.33)","(383.95, 446.35)","(418.38, 385.26)","(384.09, 422.30)",
312,,"(311.78, 18.32)",,,"(132.17, 238.43)",,"(391.11, 447.09)","(664.31, 27.35)","(257.12, 411.25)",,,"(414.30, 183.05)","(60.66, 143.42)",,,"(176.01, 47.78)",,"(54.24, 170.82)","(686.17, 52.92)","(269.60, 248.04)","(176.44, 133.08)","(548.94, 200.32)","(444.41, 165.90)","(280.63, 446.93)","(74.99, 321.19)",,"(662.59, 281.61)",,"(48.39, 183.47)","(286.42, 219.21)",,,,,"(26.34, 157.55)",,"(500.79, 130.60)",,,"(132.57, 118.13)",,,,,,,,,,"(158.02, 108.52)",,,,,"(259.00, 446.83)","(24.09, 21.67)",,,,,,,,,,"(501.74, 245.37)",,,,"(669.65, 138.47)","(522.35, 392.91)",,,,"(424.91, 222.36)",,,"(152.43, 211.87)",,,,"(549.45, 231.61)","(418.20, 56.79)",,,"(637.63, 17.78)","(502.52, 236.58)","(437.09, 26.36)","(315.78, 108.56)","(46.82, 43.80)","(654.54, 300.06)","(648.55, 312.81)","(384.14, 446.24)","(418.47, 385.44)","(384.62, 420.11)",
313,,"(309.93, 18.36)",,,"(132.35, 238.45)",,"(391.15, 447.19)","(665.97, 27.53)","(257.22, 411.11)",,,"(413.76, 180.74)","(58.22, 143.30)",,,"(177.20, 44.23)",,"(53.62, 169.43)","(686.68, 49.74)","(269.56, 247.89)","(175.89, 129.74)","(548.92, 200.35)","(444.44, 164.12)","(280.57, 446.38)","(75.12, 323.21)",,"(662.45, 278.65)",,,"(286.42, 219.21)",,,,,"(19.27, 178.73)",,"(500.81, 130.13)",,,"(132.07, 116.91)",,,,,,,,,,"(159.19, 106.54)",,,,,"(259.19, 446.73)","(24.10, 21.69)",,,,,,,,,,,,,,"(668.61, 135.60)","(522.36, 392.94)",,,,"(424.72, 222.61)",,,"(152.45, 211.83)",,,,"(548.64, 228.56)","(420.87, 54.57)",,,"(637.78, 16.69)",,"(436.88, 24.62)",,"(48.11, 40.58)","(654.36, 299.36)","(648.52, 310.83)","(384.35, 446.48)","(418.44, 385.48)","(384.99, 417.71)",
314,,"(308.48, 17.97)",,,"(132.31, 238.45)",,"(391.28, 447.08)","(668.04, 28.12)","(257.17, 411.07)",,,"(413.27, 179.04)","(56.29, 142.52)",,,"(178.04, 40.76)",,"(53.26, 168.07)","(687.55, 46.50)","(269.56, 247.60)","(175.59, 126.31)","(548.98, 200.29)","(444.12, 162.13)","(280.49, 446.12)","(75.13, 323.24)",,"(662.68, 275.67)",,,"(286.48, 219.33)",,,,,"(29.43, 183.87)",,"(500.65, 129.11)",,,"(132.32, 115.88)",,,,,,,,,,,,,,,"(259.11, 446.83)","(24.08, 21.71)",,,,,,,,,,"(502.21, 238.89)",,,,"(667.63, 132.49)","(522.33, 393.38)",,,,"(424.41, 223.05)",,,"(152.41, 211.82)",,,,"(548.17, 225.55)","(423.27, 52.80)",,,,,"(436.89, 24.68)",,"(49.11, 37.42)","(653.79, 298.83)","(648.14, 308.79)","(384.46, 446.26)","(418.51, 385.43)","(385.76, 414.91)",
315,,"(307.56, 18.41)",,,"(132.26, 238.42)",,"(391.15, 447.04)","(670.04, 28.66)","(257.14, 411.10)",,,"(412.35, 176.67)","(54.42, 141.48)",,,"(178.64, 37.58)",,"(52.83, 166.10)","(688.06, 43.54)","(269.54, 247.52)","(175.16, 123.58)","(548.93, 200.43)","(443.49, 160.62)","(280.69, 445.71)","(75.14, 323.23)",,"(662.73, 273.43)",,"(56.03, 186.52)","(286.61, 219.30)",,,,,,,"(500.62, 128.49)",,,"(132.24, 114.10)",,,,,,,,,,,,,,,"(260.79, 446.66)","(24.07, 21.73)",,,,,,,,,,"(502.24, 238.79)",,,,"(666.02, 129.87)","(522.35, 393.35)",,,,"(424.39, 223.15)",,,"(153.12, 211.30)",,,,"(547.42, 222.74)","(425.63, 50.82)",,,,,"(436.87, 24.64)",,"(50.02, 34.96)","(653.85, 298.79)","(647.80, 305.89)","(384.46, 446.26)","(418.72, 385.49)","(386.14, 412.41)",
316,,"(304.17, 18.55)",,,"(132.31, 238.37)",,"(391.23, 446.92)","(672.38, 28.63)","(257.27, 411.19)",,,"(411.79, 174.20)","(52.46, 140.43)",,,"(179.41, 35.09)",,"(51.98, 163.17)","(688.32, 40.68)","(269.47, 247.39)","(174.78, 120.87)","(548.83, 200.23)","(443.04, 159.28)","(281.02, 444.86)","(75.08, 323.23)",,"(663.02, 271.24)",,"(68.58, 177.28)","(286.75, 219.46)",,,,,"(27.87, 285.98)",,"(501.00, 127.39)",,,"(131.89, 112.75)",,,,,,,,,,,,,,,"(261.95, 446.49)","(24.04, 21.77)",,,,,,,,,,,,,,"(664.86, 126.34)","(522.40, 393.36)",,,,"(424.38, 223.29)",,,"(154.52, 209.56)",,,,"(546.76, 219.41)","(428.28, 49.05)",,,,,"(436.81, 24.61)",,"(51.61, 31.52)","(653.76, 298.78)","(646.78, 304.05)","(384.35, 446.27)","(418.79, 385.64)","(386.57, 410.21)",
317,,"(302.30, 18.79)",,,"(132.28, 238.37)",,"(391.43, 446.94)","(673.87, 28.68)","(257.30, 411.23)",,,"(411.27, 172.60)","(50.16, 139.10)",,,"(180.20, 32.14)",,"(51.41, 160.27)","(688.15, 37.24)","(269.47, 247.26)","(174.53, 117.78)","(548.82, 200.23)","(442.22, 157.91)","(281.58, 444.05)","(75.13, 323.20)",,"(663.34, 269.23)",,"(57.41, 174.11)","(286.86, 219.85)",,,,,,,"(500.94, 126.40)",,,"(132.46, 112.03)",,,,,,,,,,,,,,,"(262.72, 446.52)","(24.11, 21.77)",,,,,,,,,,"(502.45, 234.59)",,,,"(663.88, 123.26)","(522.40, 393.41)",,,,"(424.30, 223.54)",,,"(155.74, 207.80)",,,,"(545.66, 216.68)","(429.99, 47.33)",,,,"(501.75, 241.96)","(436.82, 24.58)",,"(52.90, 29.35)","(653.74, 298.78)","(646.36, 302.85)","(384.40, 446.33)","(418.90, 385.81)","(387.08, 406.98)",
318,,"(300.12, 18.94)",,,"(132.33, 238.39)",,"(391.35, 446.99)","(674.92, 27.98)","(257.31, 410.94)",,,"(410.79, 170.46)","(47.40, 137.75)",,,"(181.12, 29.36)",,"(50.56, 156.64)","(688.29, 34.14)","(269.26, 246.83)","(173.72, 115.10)","(548.86, 200.62)","(441.13, 156.19)","(281.60, 441.99)","(75.09, 323.15)",,"(663.59, 266.73)",,"(39.59, 169.96)","(286.81, 219.88)",,,,,"(56.84, 352.04)",,"(500.97, 125.41)",,,,,,,,,,,,,,,,,,"(263.39, 446.47)","(24.20, 21.72)",,,,,,,,,,"(502.80, 233.18)",,,,"(662.85, 119.73)","(522.40, 393.49)",,,,"(424.31, 223.61)",,,"(157.18, 205.46)",,,,"(543.87, 213.48)","(432.26, 45.40)",,,,"(501.64, 241.86)","(436.89, 24.39)",,"(54.04, 27.18)","(653.67, 298.88)","(646.29, 302.17)","(384.36, 446.36)","(419.05, 385.96)","(386.97, 404.12)",
319,,"(298.36, 19.14)",,,"(132.33, 238.35)",,"(391.35, 446.99)","(677.86, 26.82)","(275.09, 394.91)",,,"(410.14, 167.92)","(44.59, 135.70)",,,"(181.90, 27.26)",,"(50.49, 153.27)","(688.22, 31.02)","(269.23, 246.83)","(173.36, 112.12)","(548.85, 200.43)","(439.58, 154.53)","(281.83, 439.84)","(75.14, 323.21)",,"(664.05, 265.25)",,"(37.42, 169.53)","(286.78, 220.03)",,,,,"(43.92, 377.34)",,"(501.06, 124.30)",,,"(133.50, 109.35)",,,,,,,,,,,,,,,"(263.90, 446.41)","(24.17, 21.75)",,,,,,,,,,"(503.34, 231.49)",,,,"(661.87, 116.78)","(522.39, 393.45)",,,,"(424.23, 223.68)",,,"(158.01, 203.41)",,,,"(540.80, 212.05)","(433.92, 43.87)",,,,"(501.59, 241.58)","(436.70, 24.54)",,"(54.61, 27.12)","(653.86, 298.80)","(645.78, 301.10)","(384.40, 446.30)","(419.28, 386.15)","(386.89, 401.73)",
320,,"(295.85, 18.93)",,,"(132.43, 238.26)",,"(391.36, 447.06)","(679.18, 26.03)","(289.47, 366.55)",,,"(409.33, 165.63)","(42.55, 133.80)",,,"(182.97, 26.54)",,"(50.47, 150.09)","(688.07, 28.45)","(269.32, 246.79)","(172.79, 108.84)","(548.94, 200.36)","(438.00, 152.80)","(282.51, 437.72)","(75.15, 323.20)",,"(664.15, 263.73)",,"(37.44, 169.40)","(286.82, 220.04)",,,,,"(41.81, 379.55)",,"(501.28, 123.01)",,,,,,,,,,,,,,,,,,"(264.72, 446.49)","(24.22, 21.78)",,,,,,,,,,"(502.89, 229.78)",,,,"(660.63, 113.12)","(522.39, 393.56)",,,,"(424.21, 223.69)",,,"(159.25, 201.31)",,,,"(538.77, 210.84)","(435.59, 41.74)",,,,"(501.54, 241.64)","(436.68, 24.67)",,"(56.15, 26.87)","(653.91, 298.84)","(644.01, 300.14)","(384.37, 446.37)","(419.21, 385.64)","(387.35, 399.60)",
321,,"(293.73, 18.96)",,,"(132.42, 238.27)",,"(391.43, 447.12)","(679.48, 25.01)","(289.59, 364.84)",,,"(408.57, 162.88)","(40.34, 131.64)",,,"(183.60, 26.31)",,"(51.20, 147.23)","(687.57, 25.58)","(269.35, 246.74)","(172.11, 106.22)","(549.00, 200.39)","(435.69, 150.64)","(282.28, 434.71)","(74.97, 322.39)",,"(664.46, 262.18)",,"(37.27, 169.47)","(286.85, 220.26)",,,,,"(41.73, 379.12)",,"(502.36, 121.13)",,,,,,,,,,,,,,,,,,"(265.44, 446.65)","(24.12, 21.86)",,,,,,,,,,"(503.01, 227.87)",,,,"(659.78, 110.36)","(522.33, 393.64)",,,,"(424.21, 223.68)",,,"(160.22, 198.93)",,,,"(535.83, 209.35)","(437.77, 39.05)",,,,"(501.55, 241.92)","(436.85, 24.68)",,"(57.57, 26.87)","(653.80, 298.54)","(643.05, 299.40)","(384.46, 446.39)","(419.39, 385.11)","(387.40, 397.52)",
322,,"(291.94, 18.67)",,,"(132.44, 238.32)",,"(391.42, 447.06)","(678.19, 26.23)","(289.35, 364.87)",,,"(408.19, 161.05)","(37.96, 130.07)",,,"(185.82, 26.17)",,"(51.36, 144.74)","(688.55, 24.59)","(269.40, 246.74)",,"(549.02, 200.41)","(433.85, 148.68)","(281.39, 432.07)","(75.07, 320.98)",,"(664.77, 260.72)",,"(37.02, 169.38)","(286.87, 220.19)",,,,,"(41.58, 378.55)",,"(503.14, 119.30)",,,,,,,,,,,,,"(189.22, 69.74)",,,,,"(265.82, 446.20)","(23.22, 21.80)",,,,,,,,,,"(503.32, 225.92)",,,,"(658.99, 107.37)","(522.34, 393.73)",,,,"(424.18, 223.80)",,,"(161.55, 196.38)",,,,"(533.47, 208.08)","(438.68, 36.79)",,,,"(501.51, 241.94)","(437.01, 24.76)",,"(59.21, 27.20)","(653.81, 298.48)","(642.00, 298.10)","(384.42, 446.37)","(419.45, 385.15)","(387.38, 396.11)",
323,,"(290.28, 18.35)",,,"(132.37, 238.27)",,"(391.43, 447.11)","(677.89, 26.15)","(289.37, 364.82)",,,"(407.71, 158.82)","(35.79, 127.32)",,,"(186.25, 26.37)",,"(51.86, 142.62)","(688.52, 24.66)","(269.40, 246.79)",,"(548.96, 200.39)","(431.52, 146.16)","(280.50, 429.38)","(73.96, 320.17)",,"(665.20, 259.59)",,"(37.03, 169.41)","(286.87, 220.22)",,,,,"(41.60, 378.29)",,"(504.17, 117.44)",,,,,,,,,,,,,"(189.32, 67.98)",,,,,"(265.85, 446.12)","(22.61, 21.85)",,,,,,,,,,"(503.78, 223.88)",,,,"(658.58, 105.95)","(522.32, 393.75)",,,,"(424.12, 224.06)",,,"(162.45, 193.73)",,,,"(531.36, 207.15)","(439.81, 35.06)",,,,"(501.50, 241.93)","(437.16, 24.74)",,"(61.57, 28.09)","(653.87, 298.50)","(641.21, 297.09)","(384.50, 446.39)","(419.75, 385.15)","(387.42, 395.40)",
324,,"(289.27, 18.41)",,,"(132.42, 238.25)",,"(391.54, 447.15)","(677.60, 25.98)","(289.29, 364.79)",,,"(407.05, 156.97)","(33.28, 125.39)",,,"(186.98, 26.60)",,"(52.34, 139.78)","(688.65, 24.73)","(269.38, 246.97)","(147.39, 71.09)","(548.97, 200.38)","(429.55, 143.96)","(278.87, 426.61)","(73.52, 319.33)",,"(665.12, 258.30)",,"(36.94, 169.35)","(286.88, 220.11)",,,,,"(41.57, 378.28)",,"(505.18, 115.83)",,,,,,,,,,,,,"(189.69, 64.72)",,,,,"(265.91, 446.17)",,,,,,,,,,,"(503.94, 221.35)",,,,,"(522.23, 393.35)",,,,"(424.07, 224.09)",,,"(163.15, 191.48)",,,,"(529.80, 206.49)","(440.93, 32.84)",,,,"(501.48, 242.03)","(437.27, 24.84)",,"(63.70, 29.40)","(653.96, 298.52)","(640.23, 295.32)","(384.55, 446.40)","(419.89, 385.20)","(387.44, 393.46)",
325,,"(289.27, 18.38)",,,"(132.45, 238.29)",,"(391.51, 447.13)","(677.62, 26.22)","(289.31, 364.80)",,,"(406.61, 155.06)","(31.27, 122.97)",,,"(188.29, 26.40)",,"(52.85, 137.58)","(688.57, 24.87)","(269.37, 246.94)","(146.75, 69.46)","(548.89, 200.36)","(427.27, 141.78)","(277.33, 424.23)","(73.22, 319.15)",,"(665.10, 257.42)",,"(36.99, 169.32)","(286.88, 220.02)",,,,,"(41.57, 378.29)",,"(506.69, 114.02)",,,,,,,,,,,,,"(190.01, 61.76)",,,,,"(265.88, 446.08)",,,,,,,,,,,"(503.99, 219.23)",,,,,"(522.14, 393.09)",,,,"(424.03, 224.11)",,,"(163.76, 189.43)",,,,"(527.92, 205.51)","(441.73, 30.82)",,,,"(501.43, 242.04)","(437.43, 25.25)",,"(65.07, 30.24)","(653.97, 298.63)","(639.20, 294.33)","(384.56, 446.45)","(419.80, 385.22)","(387.45, 392.14)",
326,,"(289.21, 18.37)",,,"(132.45, 238.30)",,"(391.49, 447.13)","(679.06, 27.00)","(289.36, 364.77)",,,"(405.83, 152.88)","(29.06, 121.00)",,,"(190.02, 26.46)",,"(53.35, 135.55)","(688.58, 25.18)","(269.39, 246.92)","(145.36, 66.27)","(548.91, 200.40)","(425.25, 139.11)","(275.10, 421.99)","(73.05, 319.05)",,"(665.42, 256.27)",,"(37.00, 169.32)","(286.94, 219.78)",,,,,"(41.58, 378.29)",,"(507.56, 111.85)",,,,,,,,,,,,,"(190.30, 58.89)",,,,,"(265.91, 446.04)","(18.60, 21.35)",,,,,,,,,,"(504.38, 216.90)",,,,,"(522.11, 392.90)",,,,"(423.99, 224.30)",,,"(164.21, 187.02)",,,,"(525.75, 204.78)","(442.65, 28.37)",,,,"(501.52, 242.02)","(437.29, 24.79)",,"(66.91, 30.98)","(654.00, 298.66)","(637.92, 291.88)","(384.52, 446.45)","(419.72, 385.20)","(387.76, 390.83)",
327,,"(289.24, 18.38)",,,"(132.63, 238.44)",,"(391.32, 447.02)","(680.65, 26.82)","(289.32, 364.79)",,,"(405.23, 150.46)","(27.11, 119.05)",,,"(190.76, 26.23)",,"(53.43, 132.67)","(689.50, 24.34)","(269.41, 246.94)","(144.24, 63.27)","(548.95, 200.52)","(423.77, 136.88)","(273.76, 420.53)","(73.05, 319.06)",,"(665.46, 254.87)",,"(37.19, 168.84)","(286.93, 219.79)",,,,,"(41.60, 378.29)",,"(508.70, 110.14)",,,,,,,,,,,,,"(190.84, 57.82)",,,,,"(265.94, 446.06)",,,,,,,,,,,"(504.88, 214.51)",,,,,"(522.10, 392.68)",,,,"(424.00, 224.29)",,,"(164.98, 183.90)",,,,"(523.40, 203.94)","(442.78, 26.03)",,,,"(501.48, 242.05)","(437.34, 24.68)",,"(67.86, 31.39)","(654.01, 298.57)","(636.07, 289.45)","(384.48, 446.46)","(419.33, 385.42)","(388.31, 389.02)",
328,,"(288.72, 18.41)",,,"(132.59, 238.40)",,"(391.42, 447.07)","(681.88, 26.30)","(289.33, 364.79)",,,"(404.61, 147.71)","(25.18, 116.86)",,,"(192.14, 25.96)",,"(53.64, 130.11)","(690.06, 24.45)","(269.41, 246.93)","(142.65, 59.98)","(548.94, 200.47)","(422.17, 133.89)","(272.40, 419.14)","(73.08, 319.07)",,"(665.57, 253.70)",,"(37.88, 167.93)","(286.94, 219.88)",,,,,"(41.60, 378.28)",,"(510.18, 108.33)",,,,,,,,,,,,,"(191.26, 55.60)",,,,,"(265.96, 446.10)",,,,,,,,,,,"(505.33, 212.10)",,,,,"(522.01, 392.79)",,,,"(423.97, 224.68)",,,"(165.64, 181.63)",,,,"(520.81, 203.10)","(442.45, 24.45)",,,,"(501.35, 242.07)","(437.12, 24.88)",,"(68.90, 32.02)","(653.98, 298.55)","(634.61, 286.42)","(384.47, 446.46)","(419.12, 385.71)","(388.36, 387.31)",
329,,"(286.07, 18.36)",,,"(132.53, 238.35)",,"(391.48, 447.10)","(683.61, 25.33)","(289.34, 364.78)",,,"(403.87, 145.69)","(24.26, 115.82)",,,"(193.45, 25.67)",,"(53.69, 126.55)","(690.23, 24.26)","(269.46, 247.10)","(141.84, 56.88)","(548.91, 200.44)","(420.87, 131.04)","(270.99, 417.72)","(73.05, 319.14)",,"(665.69, 252.07)",,"(38.25, 167.16)","(286.89, 219.81)",,,,,"(41.59, 378.29)",,"(511.35, 106.78)",,,,,,,,,,,,,"(191.64, 53.90)",,,,,"(266.33, 446.11)",,,,,,,,,,,"(505.76, 210.37)",,,,,"(521.94, 392.80)",,,,"(423.94, 224.66)",,,"(166.13, 179.36)",,,,"(518.89, 202.30)","(442.41, 22.59)",,,,"(501.18, 242.09)","(437.11, 24.39)",,"(70.08, 32.63)","(653.96, 298.67)","(632.81, 283.37)","(384.49, 446.47)","(418.99, 385.92)","(388.79, 385.66)",
330,,"(283.57, 18.24)",,,"(132.56, 238.31)",,"(391.54, 447.13)","(685.01, 24.65)","(289.35, 364.76)",,,"(403.50, 143.43)","(22.88, 114.27)",,,"(194.58, 25.51)",,"(54.17, 123.15)","(690.50, 23.69)","(269.60, 247.20)","(140.74, 54.13)","(548.88, 200.52)","(419.90, 128.48)","(269.73, 416.53)","(73.02, 318.73)",,"(665.88, 251.27)",,"(38.42, 165.92)","(286.93, 219.82)",,,,,"(41.61, 378.28)",,,,,,,,,,,,,,,"(192.14, 51.94)",,,,,"(267.20, 446.26)",,,,,,,,,,,"(506.03, 208.46)",,,,,"(521.96, 392.82)",,,,"(423.48, 226.90)",,,"(166.65, 176.85)",,,,"(516.46, 201.30)","(442.33, 22.54)",,,,"(501.09, 242.08)","(437.15, 24.42)",,"(70.88, 33.71)","(653.90, 298.67)","(631.67, 280.64)","(384.56, 446.50)","(418.84, 386.11)","(389.17, 384.20)",
331,,"(281.08, 18.15)",,,"(132.54, 238.32)",,"(391.48, 447.13)","(686.22, 23.94)","(289.34, 364.76)",,,"(403.04, 141.19)","(21.72, 113.28)",,,"(195.67, 24.28)",,"(54.19, 120.11)","(691.11, 23.00)","(269.58, 247.24)","(139.98, 51.57)","(548.91, 200.44)","(418.78, 125.07)","(268.13, 414.98)","(73.01, 318.90)",,"(666.08, 250.57)",,"(38.98, 164.60)","(286.96, 219.80)",,,,,"(41.36, 377.95)",,,,,,,,,,,,,,,"(192.44, 49.89)",,,,,"(268.88, 446.21)","(16.29, 114.29)",,,,,,,,,,"(506.46, 206.05)",,,,,"(521.93, 392.78)",,,,"(423.18, 225.53)",,,"(167.14, 174.07)",,,,"(514.50, 200.05)","(442.27, 23.23)",,,,"(501.02, 241.90)","(437.03, 24.51)","(320.31, 56.50)","(71.63, 34.51)","(653.91, 298.63)","(630.19, 277.95)","(384.54, 446.43)","(418.71, 386.13)","(389.14, 382.69)",
332,,"(278.83, 17.99)",,,"(132.57, 238.47)",,"(391.51, 447.07)","(688.61, 23.00)","(289.32, 364.70)",,,"(402.80, 138.77)","(20.64, 113.17)",,,"(196.73, 23.54)",,"(54.48, 116.78)",,"(269.58, 247.20)","(139.15, 49.10)","(548.98, 200.61)","(418.01, 122.44)","(266.91, 414.00)","(73.03, 319.30)",,"(666.26, 249.64)",,"(40.01, 162.80)","(286.95, 219.86)",,,,,"(40.79, 375.98)",,,,,,,,,,,,,,,"(193.19, 47.44)",,,,,"(270.24, 446.04)",,,,,,,,,,,"(507.45, 204.12)",,,,,"(521.92, 392.77)",,,,"(423.83, 224.68)",,,"(168.09, 170.93)",,,,"(512.24, 198.60)","(441.69, 24.22)",,,,"(500.92, 241.66)","(436.89, 24.55)","(320.21, 55.19)","(73.10, 34.54)","(653.85, 298.68)","(628.80, 274.80)","(384.60, 446.37)","(418.66, 386.34)","(389.92, 381.10)",
333,,"(276.55, 17.68)",,,"(132.53, 238.51)",,"(391.50, 446.98)","(689.53, 21.95)","(289.36, 364.58)",,,"(402.16, 136.51)","(18.39, 113.76)",,,"(197.65, 22.78)",,"(54.22, 113.66)",,"(269.55, 247.17)","(137.85, 46.50)","(548.71, 201.17)","(417.13, 120.16)","(265.81, 412.62)","(72.92, 319.86)",,"(666.21, 249.67)",,"(40.50, 160.57)","(286.99, 219.90)",,,,,"(40.34, 374.25)",,,,,"(164.59, 70.85)",,,,,,,,,,"(193.78, 44.70)",,,,,"(270.98, 445.99)",,,,,,,,,,,"(508.12, 202.38)",,,,,"(521.94, 392.81)",,,,"(423.87, 224.35)",,,"(169.36, 168.04)",,,,"(510.90, 198.15)","(441.18, 25.28)",,,,"(500.83, 241.35)","(437.00, 24.49)","(319.95, 52.34)","(74.01, 34.42)","(653.86, 298.87)","(627.70, 272.60)","(384.52, 446.38)","(418.57, 386.58)","(390.44, 379.79)",
334,,"(273.89, 17.29)",,,"(131.99, 239.67)",,"(391.49, 447.07)","(689.63, 21.92)","(289.13, 363.41)",,,"(401.51, 133.68)","(17.34, 114.24)",,,"(197.68, 22.71)",,"(54.05, 110.52)",,"(269.57, 247.18)","(137.63, 43.94)","(548.72, 201.22)","(416.11, 117.46)","(264.51, 411.17)","(72.52, 320.38)",,"(666.14, 249.70)",,"(41.15, 158.51)","(286.92, 219.89)",,,,,"(40.27, 372.66)",,,,,"(164.27, 68.64)",,,,,,,,,,"(194.33, 42.22)",,,,,"(271.83, 446.04)",,,,,,,,"(550.29, 5.10)",,,"(508.64, 199.35)",,,,,"(521.90, 392.90)",,,,"(424.08, 223.37)",,,"(170.46, 164.88)",,,,,"(440.51, 26.10)",,,,"(500.82, 241.06)","(436.78, 24.48)","(319.93, 49.44)","(74.68, 34.83)","(653.79, 298.87)","(626.95, 269.75)","(384.40, 446.27)","(418.50, 386.70)","(390.38, 378.25)",
335,,"(271.56, 17.28)",,,"(131.77, 239.28)",,"(391.57, 447.04)","(689.77, 21.96)","(289.17, 362.09)",,,"(401.25, 130.87)",,,,"(198.11, 22.75)",,"(53.62, 107.01)",,"(269.49, 247.25)","(137.26, 42.00)","(548.86, 201.35)","(415.15, 114.74)","(263.65, 409.83)","(71.94, 321.57)",,"(666.11, 249.69)",,"(41.61, 156.02)","(286.93, 219.92)",,,,,"(40.14, 370.70)",,,,,"(163.33, 65.67)",,,,,,,,,,"(194.69, 39.59)",,,,,"(272.46, 446.20)",,,,,,,,"(548.25, 5.23)",,,"(508.01, 197.47)",,,,,"(521.86, 393.05)",,,,"(424.46, 222.29)",,,"(171.21, 162.29)",,,,,"(439.83, 27.19)",,,,"(500.85, 241.03)",,"(319.73, 46.67)","(75.39, 34.20)","(653.71, 298.82)","(625.83, 266.47)","(384.47, 446.35)","(418.41, 386.86)","(390.97, 377.13)",
336,,"(269.16, 17.41)",,,"(131.43, 239.22)",,"(391.53, 447.07)",,"(289.23, 361.46)",,,"(400.76, 128.78)",,,,"(198.53, 22.29)",,,,"(269.48, 247.26)","(136.70, 39.06)","(548.95, 200.85)","(414.31, 112.36)","(262.88, 407.91)","(71.90, 321.62)",,"(666.10, 249.74)",,"(41.97, 154.05)","(286.95, 219.94)",,,,,"(40.21, 368.98)",,,,,"(162.25, 62.44)",,,,,,,,,,"(195.42, 37.59)",,,,,"(272.71, 446.37)",,,,,,,,,,,"(510.08, 196.75)",,,,,"(522.19, 393.24)",,,,"(424.66, 220.98)",,,"(172.06, 159.10)",,,,"(505.68, 195.12)","(440.53, 27.44)",,,,"(501.09, 241.32)",,"(319.58, 43.83)","(75.81, 33.82)","(653.81, 298.85)","(625.35, 263.78)","(384.35, 446.38)","(418.37, 387.09)","(391.20, 375.36)",
337,,"(266.82, 17.84)",,,"(131.23, 238.87)",,"(391.52, 447.12)","(688.44, 20.04)","(289.31, 360.40)",,,"(400.24, 126.24)",,,,"(198.93, 21.70)",,,"(689.98, 25.35)","(269.42, 247.27)","(135.96, 36.64)","(548.95, 200.57)","(413.05, 108.48)","(263.09, 405.32)","(71.79, 321.71)",,"(660.25, 236.51)",,"(42.09, 152.42)","(286.93, 219.92)",,,,,"(39.83, 367.68)",,,,,"(160.93, 58.96)",,,,,,,,,,"(196.18, 34.35)",,,,,"(273.15, 446.43)",,,,,,,,,,,"(511.62, 195.59)",,,,,"(522.13, 393.22)",,,,"(425.41, 219.10)",,,"(173.11, 155.61)",,,,"(504.45, 193.89)","(440.47, 27.74)",,,,"(501.04, 241.26)","(380.56, 21.52)","(319.64, 41.30)","(76.58, 32.49)","(653.79, 298.86)","(624.55, 260.65)","(384.36, 446.38)","(418.30, 387.14)","(390.98, 373.36)",
338,,"(264.39, 17.94)",,,"(131.24, 238.54)",,"(391.52, 447.08)","(687.13, 20.09)","(289.57, 358.83)",,,"(399.99, 124.43)",,,,"(198.76, 21.22)",,,"(689.93, 25.64)","(269.42, 247.30)","(135.23, 34.01)","(549.04, 200.92)","(412.74, 106.13)","(263.09, 402.99)","(72.12, 322.35)",,"(648.74, 216.21)",,"(42.07, 150.56)","(286.87, 219.88)",,,,,"(39.36, 365.85)",,,,,"(159.42, 56.04)",,,,,,,,,,"(197.11, 31.16)",,,,,"(273.46, 446.45)",,,,,,,,,,,"(512.39, 194.18)",,,,,"(522.04, 393.14)",,,,"(426.15, 217.61)",,,"(173.98, 152.73)",,,,"(503.97, 192.73)","(440.53, 27.72)",,,,"(501.02, 241.27)","(381.16, 21.20)","(319.15, 38.28)","(76.62, 31.67)","(653.82, 298.82)","(624.46, 257.55)",,"(418.35, 387.20)","(392.02, 371.37)",
339,,"(262.73, 17.95)",,,"(131.42, 238.32)",,"(391.44, 447.08)","(685.88, 20.65)","(290.19, 358.23)",,,"(399.52, 122.07)",,,,"(198.74, 21.28)",,,"(690.25, 25.85)","(269.44, 247.32)","(135.03, 32.02)","(548.96, 200.70)","(412.58, 105.76)","(263.12, 400.44)","(72.22, 323.10)",,"(653.47, 203.50)",,"(42.46, 149.46)","(286.94, 219.93)",,,,,"(39.07, 363.06)",,,,,"(157.78, 52.66)",,,,,,,,,,"(197.28, 28.80)",,,,,"(273.78, 446.45)",,,,,,,,,,,"(513.05, 192.40)",,,,,"(521.98, 393.05)",,,,"(426.75, 216.01)",,,"(174.81, 149.88)",,,,"(503.02, 192.06)","(440.57, 27.75)",,,,"(500.90, 241.16)","(381.78, 20.95)","(319.11, 35.17)","(77.32, 30.11)","(653.88, 298.78)","(624.23, 255.67)","(384.47, 446.51)","(418.47, 387.21)","(392.28, 369.67)",
340,,"(261.66, 17.85)",,,"(131.57, 238.24)",,"(391.59, 446.98)","(683.88, 20.70)","(290.79, 357.72)",,,"(398.79, 120.10)",,,,,,,"(690.97, 24.98)","(269.52, 247.33)","(134.84, 28.69)","(548.90, 200.75)","(412.60, 105.74)","(262.93, 397.65)","(72.40, 324.24)",,"(656.01, 197.43)",,"(42.62, 147.81)","(286.97, 219.94)",,,,,"(38.92, 360.58)",,,,,"(156.12, 49.64)",,,,,,,,,,"(198.06, 24.39)",,,,,"(274.02, 446.53)",,,,,,,,,,,"(514.97, 190.89)",,,,,"(521.93, 392.94)",,,,"(427.60, 214.13)",,,"(175.46, 146.59)",,,,"(502.19, 191.79)","(440.57, 27.71)",,,,"(500.88, 241.11)","(382.11, 20.81)","(318.92, 31.84)","(77.23, 28.03)","(653.90, 298.79)","(624.22, 253.38)","(384.50, 446.49)","(417.35, 388.31)","(392.93, 367.52)",
341,,"(260.91, 17.86)",,,"(131.56, 238.21)",,"(391.38, 447.12)","(682.07, 20.95)","(291.23, 356.25)",,,"(398.43, 118.27)",,,,,,,"(690.93, 23.05)","(269.55, 247.29)","(134.10, 25.24)","(548.85, 200.95)","(412.64, 106.15)","(263.06, 395.18)","(72.42, 325.50)",,"(652.29, 199.21)",,"(42.66, 145.34)","(286.98, 219.95)",,,,,"(38.78, 358.03)",,,,,"(154.56, 46.26)",,,,,,,,,,"(198.06, 23.78)",,,,,"(274.15, 446.20)",,,,,,,,,,,"(515.58, 189.11)",,,,,"(521.91, 392.96)",,,,"(428.67, 212.10)",,,"(175.90, 144.03)",,,,"(501.21, 191.23)","(440.60, 27.91)",,,,"(500.79, 241.06)","(382.02, 20.82)","(319.13, 28.51)","(77.13, 26.05)","(653.86, 298.74)","(624.02, 251.09)","(384.53, 446.48)","(419.24, 388.18)","(393.36, 365.94)",
342,,"(260.64, 17.63)",,,"(131.48, 238.18)",,"(391.34, 447.09)","(680.53, 20.55)","(291.85, 355.45)",,,"(397.91, 116.23)",,,,,,,"(690.76, 21.70)","(269.47, 247.27)","(134.00, 22.14)","(548.79, 200.95)","(412.45, 105.97)","(262.76, 392.09)","(72.65, 326.73)",,"(654.97, 205.37)",,"(43.11, 143.32)","(286.91, 219.93)",,,,,"(38.57, 355.22)",,,,,"(152.93, 43.27)",,,,,,,,,,"(198.04, 24.01)",,,,,"(274.15, 446.19)",,,,,,,,,,,"(515.78, 187.83)",,,,,"(521.92, 392.95)",,,,"(429.31, 210.11)",,,"(176.20, 140.69)",,,,"(501.21, 189.82)","(440.19, 27.31)",,,,"(500.72, 241.11)","(381.99, 20.80)","(319.05, 25.64)","(77.01, 25.29)","(653.87, 298.76)","(623.99, 248.55)","(384.43, 446.42)","(419.11, 388.35)","(393.55, 364.17)",
343,,"(260.08, 17.03)",,,"(131.47, 238.28)",,"(391.39, 447.08)","(677.62, 20.67)","(292.34, 354.39)",,,"(397.51, 114.37)",,,,"(141.01, 71.25)",,"(17.31, 24.05)","(690.36, 21.39)","(269.61, 247.29)","(133.95, 23.42)","(548.84, 200.83)","(413.16, 105.28)","(262.50, 389.79)","(72.70, 327.59)",,"(657.05, 223.07)",,"(42.76, 140.76)","(286.93, 219.92)",,,,,"(38.71, 352.69)",,,,,"(151.57, 40.44)",,,,,,,,,,"(197.51, 24.10)",,,,,"(274.77, 446.48)",,,,,,,,,,,"(516.00, 186.34)",,,,,"(521.93, 392.96)",,,,"(430.12, 208.15)",,,"(177.10, 137.63)",,,,"(501.32, 189.20)","(439.76, 26.52)",,,,"(500.79, 241.16)","(382.55, 20.03)","(319.00, 22.24)","(76.79, 24.39)","(653.84, 298.78)","(623.78, 245.99)","(384.51, 446.50)","(419.16, 388.39)","(394.12, 362.97)",
344,,"(259.12, 16.45)",,,"(131.47, 238.30)",,"(391.35, 447.00)","(675.30, 19.54)","(292.78, 353.56)",,,"(397.07, 112.73)",,,,"(140.38, 70.13)",,"(18.20, 24.73)","(690.41, 22.63)","(269.65, 247.00)","(133.83, 23.39)","(548.91, 200.80)","(413.57, 104.52)","(261.54, 387.20)","(73.55, 328.21)",,"(649.57, 246.97)",,"(42.87, 138.69)","(286.94, 219.89)",,,,,"(38.29, 349.37)",,,,,"(149.57, 37.37)",,,,,,,,,,"(196.78, 24.36)",,,,,"(276.18, 446.50)",,,,,,,,,,,"(515.80, 184.25)",,,,,"(521.88, 393.04)",,,,"(430.66, 206.11)",,,"(177.36, 134.78)",,,,"(501.37, 188.24)","(439.01, 25.54)",,,,"(500.76, 241.11)","(383.37, 18.08)","(319.19, 21.62)","(76.56, 23.32)","(653.77, 298.78)","(623.83, 242.57)","(384.36, 446.41)","(419.19, 388.36)","(394.60, 361.95)",
345,,"(258.40, 15.48)",,,"(131.49, 238.19)",,"(391.32, 447.09)","(672.21, 18.82)","(293.06, 352.41)",,,"(396.85, 111.05)",,,,"(139.79, 68.87)",,,"(690.67, 22.72)","(269.69, 246.86)","(133.84, 23.02)","(548.88, 200.68)","(414.46, 103.67)","(261.46, 384.96)","(73.80, 328.30)",,"(631.85, 259.58)",,"(42.49, 136.46)","(286.93, 219.98)",,,,,"(38.66, 346.42)",,,,,"(148.51, 34.84)",,,,,,,,,,"(196.17, 24.58)",,,,,"(277.69, 446.33)",,,,,,,,,,,"(515.59, 182.56)",,,,,"(521.89, 393.04)",,,,"(431.65, 203.88)",,,"(178.22, 131.83)",,,,"(501.30, 187.93)","(438.10, 24.17)",,,,"(500.80, 241.09)","(383.49, 17.39)","(319.14, 21.58)","(75.96, 23.23)","(653.87, 298.85)","(624.11, 240.81)","(384.36, 446.34)","(419.22, 388.29)","(394.67, 360.64)",
346,,"(257.64, 15.42)",,,"(131.57, 238.21)",,"(391.19, 447.11)","(669.71, 18.36)","(293.54, 350.83)",,,"(396.51, 109.29)","(18.16, 70.43)",,,"(139.58, 66.72)",,"(20.59, 25.21)","(690.82, 23.43)","(269.75, 246.85)","(133.17, 22.45)","(548.89, 200.62)","(414.65, 103.09)","(261.25, 381.89)","(74.61, 327.95)",,"(623.11, 261.22)",,"(42.52, 134.88)","(286.99, 219.93)",,,,,"(38.37, 343.63)",,"(535.51, 67.36)",,,"(147.93, 32.76)",,,,,,,,,,"(194.92, 25.27)",,,,,"(279.86, 446.36)","(41.94, 70.84)",,,,,,,,,,"(515.72, 181.04)",,,,"(626.06, 56.32)","(521.94, 393.09)",,,,"(432.59, 201.30)",,,"(178.66, 129.66)",,,,"(501.38, 187.36)","(437.41, 23.52)",,,,"(500.82, 241.10)",,"(319.20, 21.59)","(75.84, 22.85)","(653.73, 298.85)","(624.06, 239.20)","(384.42, 446.40)","(419.45, 388.13)","(394.86, 359.62)",
347,,"(256.76, 15.69)",,,"(131.51, 238.23)",,"(391.10, 447.00)","(666.34, 18.20)","(294.49, 348.46)",,,"(395.98, 106.90)","(18.76, 68.20)",,,"(139.13, 64.97)",,"(22.23, 25.23)","(690.44, 23.30)","(269.52, 246.56)","(132.90, 22.61)","(548.88, 200.78)","(414.91, 102.60)","(260.83, 379.50)","(75.14, 327.57)",,"(622.81, 260.42)",,"(42.19, 132.45)","(287.02, 219.95)",,,,,"(37.95, 340.94)",,"(537.94, 66.45)",,,"(147.49, 30.59)",,,,,,,,,,"(193.55, 26.11)",,,,,"(281.12, 446.35)","(40.35, 69.44)",,,,,,,,,,"(515.95, 179.66)",,,,"(625.48, 56.33)","(521.95, 393.15)",,,,"(433.72, 199.56)",,,"(178.62, 128.66)",,,,"(501.66, 186.57)","(437.23, 24.44)",,,,"(500.84, 241.10)",,"(319.21, 21.63)","(74.45, 21.85)","(653.80, 298.79)","(624.23, 237.49)","(384.46, 446.35)","(419.60, 388.10)","(394.90, 359.28)",
348,,"(256.08, 15.80)",,,"(131.60, 238.26)",,"(391.22, 446.93)","(664.81, 18.20)","(294.77, 346.35)",,,"(395.79, 105.64)","(19.49, 64.38)",,,"(137.95, 62.40)",,"(24.87, 25.04)","(690.23, 23.48)","(269.37, 246.20)","(132.36, 22.57)","(548.96, 200.73)",,"(260.57, 376.73)","(75.53, 326.98)",,"(622.95, 260.26)",,"(41.86, 131.20)","(287.06, 219.95)",,,,,"(37.08, 338.13)",,"(540.56, 65.93)",,,"(146.04, 27.48)",,,,,,,,,,"(192.27, 26.67)",,,,,"(282.65, 446.65)","(38.71, 66.66)",,,,,,,,,,"(515.69, 178.55)",,,,"(625.15, 56.52)","(522.02, 393.42)",,,,"(434.63, 197.01)",,,"(178.71, 128.65)",,,,"(501.34, 186.66)","(435.51, 24.85)",,,,"(500.85, 241.10)",,"(319.18, 21.67)","(72.71, 19.93)","(653.77, 298.69)","(624.32, 235.56)","(384.44, 446.48)","(419.92, 387.70)","(394.93, 359.17)",
349,,"(255.17, 16.29)",,,"(131.64, 238.28)",,"(391.14, 446.92)","(662.92, 18.59)","(294.92, 344.41)",,,"(395.84, 105.01)","(20.11, 61.44)",,,"(137.19, 60.13)",,"(26.33, 24.87)","(687.91, 22.56)","(269.30, 246.18)","(132.63, 22.71)","(548.90, 200.84)",,"(260.20, 374.07)","(75.45, 325.67)",,"(622.95, 260.26)",,"(41.58, 130.18)","(287.06, 219.96)",,,,,"(36.39, 334.68)",,"(542.71, 65.19)",,,"(145.71, 25.76)",,,,,,,,,,"(191.02, 26.73)",,,,,"(283.43, 446.70)","(36.91, 63.76)",,,,,,,,,,"(515.88, 176.92)",,,,"(583.01, 63.93)","(521.99, 393.58)",,,,"(435.76, 194.94)",,,"(178.69, 128.63)",,,,"(502.73, 185.07)","(433.88, 25.85)",,,,"(500.82, 241.01)",,"(319.26, 21.74)","(71.88, 18.90)","(653.78, 298.71)","(624.21, 233.08)","(384.49, 446.51)","(420.29, 387.30)","(394.92, 359.17)","(199.16, 23.40)"
350,,"(255.11, 16.64)",,,"(131.56, 238.33)",,"(391.14, 446.94)","(660.01, 18.73)","(294.87, 342.61)",,,,"(21.25, 57.59)",,,"(136.76, 58.36)",,"(27.21, 24.90)","(688.35, 21.49)","(269.24, 246.09)","(132.79, 22.86)","(548.96, 200.93)",,"(259.78, 371.24)","(75.80, 324.88)",,"(622.98, 260.28)",,"(41.68, 129.85)","(287.03, 220.00)",,,,,"(35.47, 331.33)",,"(545.65, 64.53)",,,"(145.00, 24.84)",,,,,,,,,,"(188.96, 26.57)",,,,,"(283.70, 446.72)","(34.80, 59.96)",,,,,,,,,,"(516.43, 175.39)",,,,"(583.38, 64.26)","(522.00, 393.58)",,,,"(436.85, 192.45)",,,"(178.71, 128.63)",,,,"(503.60, 184.78)","(432.48, 26.51)",,,,"(500.90, 240.71)",,"(319.37, 21.62)",,"(653.78, 298.66)","(624.64, 230.70)","(384.49, 446.52)","(420.30, 387.31)","(394.94, 359.19)","(199.20, 23.42)"
351,,"(254.87, 16.90)",,,"(131.47, 238.41)",,"(391.19, 446.99)","(656.90, 19.02)","(295.09, 339.98)",,,,"(22.03, 53.27)",,,"(136.29, 56.54)",,"(28.27, 25.51)","(686.95, 20.53)","(269.31, 246.09)","(132.97, 22.86)","(548.93, 200.97)",,"(259.09, 368.54)","(76.00, 324.50)",,"(623.05, 260.34)",,"(41.26, 128.69)","(287.07, 220.07)",,,,,"(34.78, 327.91)",,"(547.86, 64.11)",,,"(145.09, 25.53)",,,,,,,,,,"(187.16, 26.11)",,,,,"(284.15, 446.74)","(33.17, 57.71)",,,,,,,,,,"(516.59, 173.96)",,,,,"(522.15, 393.47)",,,,"(437.92, 190.12)",,,"(178.71, 128.62)",,,,"(504.65, 184.80)","(431.30, 27.48)",,,,"(500.85, 240.47)",,"(319.34, 22.14)",,"(653.79, 298.68)","(625.02, 228.47)","(384.47, 446.52)","(420.27, 387.37)","(395.09, 359.33)","(198.98, 23.34)"
352,,"(254.60, 17.16)",,,"(131.51, 238.43)",,"(391.15, 447.00)","(654.29, 19.29)","(295.00, 337.84)",,,,"(22.47, 50.83)",,,"(135.62, 54.73)",,"(29.83, 26.12)","(685.95, 19.28)","(269.31, 246.03)","(133.04, 22.81)","(548.92, 200.97)",,"(259.06, 365.59)","(76.01, 324.26)",,"(623.02, 260.30)",,"(40.90, 127.95)","(287.08, 220.10)",,,,,"(34.02, 325.33)",,"(550.04, 63.86)",,,"(145.23, 26.34)",,,,,,,,,,"(185.02, 24.79)",,,,,"(285.12, 446.86)","(31.78, 54.98)",,,,,,,,,,"(517.15, 171.90)",,,,,"(522.41, 393.73)",,,,"(438.78, 187.93)",,,"(178.70, 128.68)",,,,"(505.71, 184.32)","(429.39, 28.44)",,,,"(500.88, 240.22)",,"(319.33, 22.20)",,"(653.75, 298.58)","(625.28, 225.63)",,"(420.06, 387.39)","(395.50, 359.16)","(198.60, 23.01)"
353,,"(254.61, 17.13)",,,"(131.72, 238.56)",,"(391.12, 447.04)","(651.26, 19.25)","(294.82, 335.11)",,,,"(22.79, 47.47)",,,"(135.14, 52.72)",,"(31.62, 26.13)","(685.27, 18.30)","(269.29, 246.04)","(133.44, 22.46)","(548.95, 201.29)",,"(259.27, 362.35)","(75.98, 323.89)",,"(622.98, 260.00)",,"(40.80, 127.18)","(287.05, 220.11)",,,,,"(33.45, 322.03)",,,,,"(145.15, 26.24)",,,,,,,,,,"(183.32, 23.99)",,,,,"(286.19, 446.95)","(29.85, 52.72)",,,,,,,,,,"(517.49, 170.32)",,,,"(624.89, 56.54)","(522.20, 393.69)",,,,"(439.26, 185.89)",,,"(178.93, 128.35)",,,,"(506.36, 184.03)","(427.59, 29.66)",,,,"(500.83, 240.17)",,"(319.30, 22.21)",,"(653.78, 298.64)","(625.79, 223.23)","(384.47, 446.48)","(419.91, 387.37)","(396.13, 358.38)","(198.22, 22.88)"
354,,"(254.66, 16.87)",,,"(131.67, 238.62)",,"(391.14, 447.01)","(647.52, 19.02)","(294.57, 332.31)",,,,"(22.85, 43.06)",,,"(135.03, 50.51)",,"(33.30, 26.77)",,"(269.17, 246.03)","(133.91, 21.12)","(548.88, 201.23)",,"(258.72, 359.24)","(75.91, 323.25)",,"(623.04, 258.93)",,"(40.87, 126.77)","(286.96, 220.07)",,,,,"(32.42, 318.62)",,,,,"(145.34, 25.78)",,,,,,,,,,"(181.40, 22.88)",,,,,"(287.35, 446.80)","(28.65, 50.10)",,,,,,,,,,"(517.45, 168.51)",,,,"(625.44, 55.87)","(522.15, 393.68)",,,,"(439.87, 183.85)",,,"(179.10, 127.98)",,,,"(506.91, 183.64)","(425.46, 30.71)",,,,"(500.83, 240.10)",,"(319.22, 22.22)",,"(653.83, 298.62)","(625.97, 221.40)","(384.42, 446.44)","(419.62, 387.40)","(396.91, 357.94)","(197.80, 22.24)"
355,,"(255.13, 16.27)",,,"(131.58, 238.81)",,"(391.13, 447.10)","(644.63, 18.85)","(293.39, 329.51)",,,,"(22.71, 38.61)",,,"(134.56, 48.32)",,"(34.71, 26.81)",,"(269.21, 246.00)","(133.97, 20.31)","(549.03, 201.31)",,"(258.16, 356.23)","(75.51, 322.55)",,"(623.20, 256.90)",,"(40.81, 126.78)","(287.01, 220.02)",,,,,"(31.22, 314.74)",,,,,"(144.92, 24.93)",,,,,,,,,,"(180.16, 22.42)",,,,,"(287.87, 446.88)","(27.44, 47.64)",,,,,,,,,,"(517.93, 167.03)",,,,"(626.40, 54.45)","(522.08, 393.58)",,,,"(440.81, 181.64)",,,"(179.16, 127.39)",,,,"(507.99, 183.12)","(423.32, 31.52)",,,,"(500.92, 239.55)",,"(319.14, 21.99)",,"(653.83, 298.64)","(626.22, 218.97)","(384.41, 446.39)","(419.68, 387.50)","(397.90, 356.60)","(197.50, 22.00)"
356,,"(255.14, 16.30)",,,"(131.68, 238.60)",,"(391.14, 447.10)","(641.61, 18.73)","(292.42, 327.22)",,,,"(22.77, 35.79)",,,"(134.14, 45.64)",,"(37.02, 27.16)",,"(269.20, 245.88)","(134.40, 19.88)","(549.06, 201.42)","(419.96, 63.98)","(256.94, 353.59)","(75.50, 321.80)",,"(623.13, 254.68)",,"(40.70, 126.29)","(286.96, 220.11)",,,,,"(29.99, 311.33)",,,,,"(144.63, 25.15)",,,,,,,,,,"(178.03, 21.60)",,,,,"(288.81, 446.81)","(27.17, 47.58)",,,,,,,,,,"(518.30, 165.21)",,,,"(627.30, 53.61)","(522.16, 393.54)",,,,"(441.92, 179.41)",,,"(179.22, 126.88)",,,,"(508.59, 182.48)","(421.22, 32.14)",,,,"(500.89, 239.32)",,"(318.99, 21.75)",,"(653.83, 298.63)","(627.26, 216.44)",,"(419.68, 387.63)","(398.86, 355.53)","(197.27, 21.67)"
357,,"(255.59, 18.20)",,,"(131.75, 238.66)",,"(391.14, 447.13)","(638.72, 18.72)","(291.66, 325.00)",,,,"(22.55, 32.14)",,,"(134.11, 43.42)",,"(37.79, 26.71)",,"(269.20, 245.86)","(135.13, 19.43)","(549.00, 201.44)","(426.74, 40.00)","(255.85, 351.89)","(75.52, 321.08)",,"(623.13, 252.60)",,"(40.72, 126.29)","(286.92, 220.07)",,,,,"(28.92, 308.34)",,,,,"(145.27, 25.05)",,,,,,,,,,"(175.76, 20.38)",,,,,"(288.45, 446.80)","(27.15, 47.60)",,,,,,,,,,"(519.24, 163.78)",,,,"(628.11, 52.51)","(522.21, 393.83)",,,,"(442.33, 177.60)",,,"(179.19, 126.85)",,,,"(509.93, 182.06)","(419.16, 32.79)",,,,"(500.85, 239.07)",,"(318.78, 21.83)",,"(653.82, 298.86)","(628.56, 214.39)","(384.32, 446.40)","(419.73, 387.85)","(400.07, 354.03)","(196.10, 20.84)"
358,,"(255.89, 19.61)",,,"(131.80, 238.86)",,"(391.17, 447.14)","(636.31, 18.77)","(290.96, 323.72)",,,,"(22.72, 28.96)",,,"(133.84, 39.95)",,"(39.72, 25.97)",,"(269.19, 245.88)","(136.40, 19.74)","(549.04, 201.45)","(426.91, 34.53)","(255.00, 350.19)","(75.18, 319.56)",,"(623.34, 250.16)",,"(40.74, 126.26)","(286.95, 220.08)",,,,,"(27.16, 305.02)",,,,,,,,,,,,,,,"(173.49, 18.97)",,,,,"(288.08, 446.72)","(27.15, 47.57)",,,,,,,,,,"(520.27, 162.46)",,,,"(629.67, 51.47)","(522.02, 393.51)",,,,"(443.21, 175.80)",,,"(179.06, 126.75)",,,,"(510.73, 181.25)","(419.25, 33.18)",,,,"(500.93, 238.90)",,"(318.61, 21.32)",,"(653.79, 298.89)","(629.80, 212.11)","(384.34, 446.42)","(419.86, 388.01)","(401.50, 352.56)","(195.17, 20.89)"
359,,"(256.37, 20.34)",,,"(131.79, 238.86)",,"(391.08, 447.06)","(634.68, 19.05)","(290.59, 322.25)",,,,,,,"(133.84, 37.35)",,"(41.01, 26.31)",,"(269.14, 245.85)","(139.01, 20.18)","(549.03, 201.43)","(431.35, 44.02)","(254.07, 348.42)","(74.71, 317.63)",,"(623.08, 246.42)",,"(40.75, 126.16)","(286.93, 220.04)",,,,,"(26.09, 301.55)",,,,,,,,,,,,,,,"(173.77, 18.90)",,,,,"(287.31, 446.42)","(27.05, 47.40)",,,,,,,,,,"(521.68, 161.08)",,,,"(631.28, 50.15)","(521.97, 393.11)",,,,"(443.54, 173.87)",,,"(179.04, 126.74)",,,,"(511.20, 180.15)","(419.44, 33.02)",,,,"(500.95, 238.45)",,"(317.67, 21.40)",,"(653.71, 298.95)","(631.81, 209.51)","(384.32, 446.42)","(419.92, 388.21)","(402.68, 351.38)","(194.79, 20.31)"
360,,"(256.97, 20.92)",,,"(131.81, 239.11)",,"(391.08, 446.94)","(633.49, 19.43)","(290.22, 321.08)",,,,"(22.68, 26.84)",,,"(134.24, 34.44)",,"(41.16, 26.50)",,"(269.19, 245.84)","(139.77, 19.73)","(549.05, 201.56)","(427.61, 50.69)","(253.59, 346.57)","(74.18, 315.07)",,"(623.22, 243.49)",,"(40.72, 126.14)","(286.98, 220.09)",,,,,"(25.12, 298.52)",,,,,,,,,,,,,,,"(174.02, 19.27)",,,,,"(286.98, 446.51)","(27.11, 47.61)",,,,,,,,,,"(522.90, 159.91)",,,,"(633.38, 49.10)","(521.89, 392.79)",,,,"(444.14, 171.55)",,,"(179.26, 126.73)",,,,"(511.43, 179.36)","(419.54, 33.09)",,,,"(501.06, 238.20)",,"(316.86, 20.91)",,"(653.67, 299.07)","(633.41, 207.24)","(384.24, 446.54)","(420.00, 388.40)","(404.31, 350.04)","(192.35, 19.69)"
361,,"(257.62, 20.99)",,,"(131.74, 239.22)",,"(391.12, 446.86)","(631.85, 19.96)","(289.85, 320.02)",,,,"(22.85, 26.95)",,,"(133.84, 31.08)",,"(41.34, 26.51)",,"(269.32, 245.96)","(140.46, 19.66)","(549.05, 201.56)","(427.32, 50.27)","(253.34, 344.17)","(73.55, 313.27)",,"(623.34, 240.66)",,"(40.71, 126.13)","(287.02, 220.10)",,,,,"(24.64, 295.87)",,,,,"(150.79, 23.63)",,,,,,,,,,"(172.18, 20.45)",,,,,"(286.67, 446.52)","(27.10, 47.64)",,,,,,,,,,"(524.57, 158.47)",,,,"(635.68, 48.15)","(522.46, 391.35)",,,,"(444.42, 170.01)",,,"(179.26, 126.71)",,,,"(511.39, 178.33)","(419.51, 33.03)",,,,"(501.30, 237.98)",,"(316.43, 20.82)",,"(653.64, 299.10)","(635.50, 205.22)","(384.20, 446.50)","(419.84, 388.44)","(405.76, 348.55)","(190.31, 18.99)"
362,,"(258.19, 20.81)",,,"(131.91, 239.35)",,"(391.12, 446.91)","(629.78, 21.08)","(289.57, 319.27)",,,,"(22.73, 27.40)",,,"(133.74, 28.92)",,"(41.88, 26.28)",,"(269.27, 245.96)",,"(549.16, 201.72)","(427.14, 49.62)","(253.28, 341.22)","(73.09, 311.11)",,"(623.29, 237.70)",,"(40.70, 126.14)","(286.94, 220.14)",,,,,"(23.50, 293.60)",,,,,"(151.48, 24.41)",,,,,,,,,,"(169.70, 21.06)",,,,,"(285.96, 446.62)","(27.05, 47.66)",,,,,,,,,,"(525.59, 156.85)",,,,"(638.33, 47.14)","(522.98, 390.40)",,,,"(444.60, 167.81)",,,"(179.28, 125.91)",,,,"(511.40, 178.55)","(419.46, 33.03)",,,,"(501.80, 237.77)",,"(315.88, 20.88)",,"(653.53, 299.10)","(637.08, 202.55)","(384.18, 446.51)","(419.83, 388.45)","(407.53, 347.58)","(188.59, 18.07)"
363,,"(258.66, 20.66)",,,"(131.92, 239.32)",,"(391.16, 446.92)","(628.84, 21.49)","(289.27, 318.42)",,,,"(22.66, 27.70)",,,,,"(42.15, 26.45)",,"(269.25, 245.99)","(149.08, 18.93)","(549.13, 201.69)","(426.93, 48.51)","(253.90, 338.80)","(72.26, 309.20)",,"(623.52, 235.22)",,"(40.71, 126.10)","(286.96, 220.15)",,,,,"(23.09, 291.31)",,,,,"(152.23, 24.91)",,,,,,,,,,"(167.85, 21.38)",,,,,"(285.56, 446.69)","(26.82, 47.20)",,,,,,,,,,"(526.65, 154.75)",,,,"(641.12, 45.88)","(523.68, 389.11)",,,,"(444.41, 165.29)",,,"(179.53, 124.41)",,,,"(511.42, 178.59)","(419.29, 33.05)",,,,"(501.99, 237.24)",,"(314.46, 20.71)",,"(653.52, 299.11)","(638.90, 199.95)","(384.21, 446.50)","(419.64, 388.54)","(408.93, 346.32)","(187.37, 18.17)"
364,,"(259.18, 20.75)",,,"(131.84, 239.23)",,"(391.03, 447.01)","(627.25, 22.51)","(289.13, 317.92)",,,,"(21.70, 27.56)",,,"(133.00, 23.40)",,"(44.23, 27.28)",,"(269.30, 246.04)",,"(548.96, 201.68)","(426.34, 46.00)","(255.05, 336.97)","(72.06, 307.91)",,"(623.41, 232.08)",,"(40.70, 126.11)","(287.01, 220.17)",,,,,"(22.36, 288.78)",,,,,"(153.12, 24.82)",,,,,,,,,,"(166.09, 22.14)",,,,,"(284.57, 446.94)","(26.66, 46.67)",,,,,,,,,,"(527.69, 153.39)",,,,"(643.78, 44.89)","(524.66, 387.72)",,,,"(444.22, 163.24)",,,"(179.72, 123.27)",,,,"(511.44, 178.58)","(417.64, 32.92)",,,,"(502.17, 236.82)",,"(312.87, 20.28)",,"(653.57, 299.12)","(640.08, 197.33)","(384.21, 446.45)","(419.58, 388.58)","(410.86, 345.02)","(187.27, 18.19)"
365,,"(260.06, 20.46)",,,"(131.60, 239.16)",,"(391.15, 446.94)","(625.69, 24.00)","(288.88, 317.43)",,,,"(20.37, 25.63)",,,"(133.24, 22.19)",,"(46.08, 28.13)",,"(269.38, 246.03)",,"(548.96, 201.14)","(425.76, 43.21)","(255.18, 334.50)","(71.55, 305.88)",,"(623.44, 229.36)",,"(40.70, 125.83)","(287.07, 220.17)",,,,,"(21.43, 285.75)",,,,,"(153.70, 24.50)",,,,,,,,,,"(163.88, 22.38)",,,,,"(284.10, 446.95)","(26.62, 46.24)",,,,,,,,,,"(529.11, 151.93)",,,,"(646.69, 43.32)","(525.24, 386.15)",,,,"(444.10, 160.86)",,,"(179.74, 121.92)",,,,"(511.44, 178.66)","(416.03, 32.49)",,,,"(502.34, 236.29)",,"(311.58, 20.12)",,"(653.51, 299.08)","(642.24, 194.67)","(384.23, 446.44)","(419.49, 388.68)","(413.61, 343.83)","(187.28, 18.19)"
366,,"(261.66, 19.47)",,,"(131.52, 239.19)",,"(391.12, 446.96)","(624.90, 25.73)","(288.57, 317.04)",,,,"(19.22, 25.75)",,,"(133.19, 22.76)",,"(47.43, 29.21)",,"(269.35, 246.02)",,"(548.98, 201.35)","(424.70, 40.65)","(255.69, 332.44)","(71.24, 304.64)",,"(623.41, 226.96)",,"(40.62, 125.84)","(287.01, 220.21)",,,,,"(20.26, 282.20)",,,,,,,,,,,,,,,"(161.17, 23.77)",,,,,"(283.93, 447.01)","(26.55, 45.67)",,,,,,,,,,"(529.90, 149.96)",,,,"(649.50, 41.51)","(526.03, 384.36)",,,,"(443.94, 158.52)",,,"(179.81, 120.83)",,,,"(511.48, 178.67)","(413.81, 31.56)",,,,"(502.40, 235.93)",,"(310.60, 20.19)",,"(653.51, 299.06)","(644.06, 192.14)","(384.24, 446.45)","(419.48, 388.68)","(416.53, 342.97)","(187.23, 18.21)"
367,,"(263.04, 18.01)",,,"(131.63, 239.12)",,"(391.16, 446.94)","(624.65, 26.79)","(288.56, 316.54)",,,,"(18.15, 25.79)",,,"(133.35, 22.76)",,"(48.75, 29.92)",,"(269.29, 246.00)",,"(548.97, 201.36)","(423.78, 38.42)","(256.31, 330.77)","(69.99, 302.10)",,"(623.27, 223.55)",,"(40.64, 125.96)","(287.04, 220.20)",,,,,"(20.08, 278.19)",,,,,"(154.72, 17.55)",,,,,,,,,,"(160.94, 24.38)",,,,,"(283.02, 447.18)","(26.63, 45.55)",,,,,,,,,,"(530.88, 148.33)",,,,"(651.31, 39.13)","(526.81, 382.82)",,,,"(443.84, 156.11)",,,"(180.09, 119.55)",,,,"(511.49, 178.80)","(411.23, 31.15)",,,,"(502.80, 235.59)",,"(309.29, 20.62)",,"(653.51, 299.07)","(646.57, 189.36)","(384.23, 446.43)","(419.43, 388.76)","(419.24, 341.57)","(187.28, 18.13)"
368,,"(263.04, 18.53)",,,"(131.61, 239.09)",,"(391.08, 446.87)","(624.68, 26.87)","(288.58, 315.67)",,,,"(17.63, 25.29)",,,"(133.16, 22.17)",,"(50.21, 30.51)","(635.48, 37.93)","(269.29, 245.96)",,"(549.25, 201.26)","(422.97, 35.89)","(257.44, 328.72)","(69.10, 299.80)",,"(623.32, 220.12)",,"(40.64, 125.97)","(286.98, 220.19)",,,,,"(20.21, 275.14)",,,,,"(156.46, 18.13)",,,,,,,,,,"(161.92, 24.26)",,,,,"(282.64, 447.23)","(26.66, 45.44)",,,,,,,,,,"(531.81, 146.08)",,,,"(651.02, 38.83)","(527.91, 381.03)",,,,"(443.66, 153.23)",,,"(180.26, 117.88)",,,,"(511.48, 178.91)","(407.70, 30.43)",,,,"(502.88, 235.23)",,"(307.30, 21.01)",,"(653.53, 299.07)","(648.65, 186.94)","(384.17, 446.41)","(419.34, 388.84)","(421.01, 340.65)","(187.37, 18.13)"
369,,"(263.96, 19.31)",,,"(131.64, 239.12)",,"(391.04, 446.96)","(624.93, 27.06)","(288.46, 315.30)",,,,"(16.92, 24.98)",,,"(133.25, 22.27)",,"(52.35, 31.04)","(623.94, 37.92)","(269.20, 245.92)",,"(549.36, 200.98)","(422.40, 33.89)","(258.35, 326.49)","(68.06, 297.72)",,"(623.82, 217.17)",,"(40.63, 126.04)","(286.94, 220.20)",,,,,"(20.46, 271.80)",,,,,"(157.57, 18.15)",,,,,,,,,,"(163.77, 24.90)",,,,,"(282.29, 447.26)","(26.72, 45.44)",,,,,,,,,,"(532.92, 143.80)",,,,"(651.30, 38.80)","(529.18, 379.03)",,,,"(443.51, 150.96)",,,"(180.57, 115.88)",,,,"(511.46, 178.92)","(404.67, 28.96)",,,,"(503.11, 234.74)",,"(304.98, 21.02)",,"(653.52, 299.07)","(650.68, 184.41)","(384.19, 446.50)","(419.36, 388.88)","(423.05, 339.74)","(187.29, 18.12)"
370,,"(265.95, 19.90)",,,"(131.54, 239.31)",,"(391.11, 446.96)","(625.08, 26.95)","(288.36, 315.05)",,,,,,,"(132.92, 22.18)",,"(54.09, 31.19)","(624.21, 37.60)","(269.22, 245.94)",,"(549.58, 200.46)","(421.34, 31.61)","(259.08, 324.37)","(67.33, 295.57)",,"(624.04, 214.85)",,"(40.67, 126.09)","(286.94, 220.22)",,,,,"(20.59, 267.96)",,,,,,,,,,,,,,,"(165.60, 25.36)",,,,,"(281.66, 447.22)","(26.66, 45.43)",,,,,,,,,,"(533.75, 141.67)",,,,"(651.25, 38.90)","(529.92, 376.76)",,,,"(443.52, 148.57)",,,"(181.20, 113.31)",,,,"(511.34, 179.12)","(401.79, 26.93)",,,,"(503.39, 234.09)",,"(302.91, 21.06)",,"(653.53, 299.04)","(652.92, 181.86)","(384.13, 446.42)","(419.39, 388.77)","(424.18, 339.00)","(187.35, 18.12)"
371,,"(267.18, 20.02)",,,"(131.72, 239.11)",,"(391.11, 447.10)","(624.53, 27.03)","(288.26, 314.91)",,,,,,,"(133.00, 22.22)",,"(55.94, 30.47)","(624.26, 37.87)","(269.25, 245.98)",,"(549.60, 200.22)","(420.20, 28.81)","(260.39, 322.13)","(65.93, 293.32)",,"(624.28, 212.57)",,"(40.72, 126.51)","(286.96, 220.22)",,,,,"(20.74, 264.20)",,,,,"(158.44, 18.60)",,,,,,,,,,"(165.99, 25.47)",,,,,"(280.59, 447.41)","(26.58, 45.44)",,,,,,,,,,"(534.37, 139.37)",,,,"(651.18, 38.89)","(531.08, 374.51)",,,,"(442.91, 146.55)",,,"(181.75, 110.31)",,,,"(511.19, 179.54)","(399.01, 25.10)",,,,"(503.56, 233.29)",,"(300.50, 20.69)",,"(653.53, 299.00)","(655.13, 179.87)",,"(419.44, 388.60)","(425.56, 337.84)","(187.22, 18.15)"
372,,"(268.15, 20.04)",,,"(131.80, 239.20)",,"(391.09, 447.20)","(624.65, 27.08)","(288.37, 314.97)",,,,,,,"(133.20, 22.30)",,"(58.02, 28.97)","(624.32, 37.94)","(269.22, 245.96)",,"(549.63, 200.12)","(418.44, 25.95)","(261.98, 319.42)","(64.64, 290.96)",,"(624.91, 210.12)",,"(40.74, 126.53)","(286.95, 220.17)",,,,,"(21.14, 260.64)",,,,,"(158.20, 18.86)",,,,,,,,,,"(167.06, 25.45)",,,,,"(280.17, 447.45)","(26.60, 45.51)",,,,,,,,,,"(535.24, 137.25)",,,,"(651.24, 38.85)","(532.04, 371.65)",,,,"(442.92, 144.55)",,,"(182.80, 107.70)",,,,"(511.13, 179.54)","(397.77, 25.49)",,,,"(503.93, 232.81)",,"(298.34, 19.96)",,"(653.53, 298.93)","(656.74, 177.90)",,"(419.46, 388.34)","(427.20, 336.54)","(187.09, 18.13)"
373,,"(269.85, 19.94)",,,"(131.89, 239.25)",,"(391.06, 447.15)","(624.62, 27.11)","(288.35, 314.87)",,,,,,,"(133.14, 21.96)",,"(60.41, 27.09)","(624.24, 37.90)","(269.28, 246.09)",,"(549.57, 200.12)","(418.23, 26.48)","(262.71, 317.22)","(63.71, 288.99)",,"(625.62, 208.62)",,"(40.79, 126.73)","(286.95, 220.16)",,,,,"(21.72, 257.30)",,,,,,,,,,,,,,,"(168.65, 25.25)",,,,,"(279.77, 447.36)","(26.61, 45.14)",,,,,,,,,,"(536.27, 135.21)",,,,"(651.23, 38.84)","(532.43, 368.73)",,,,"(442.59, 142.81)",,,"(183.47, 106.59)",,,,"(511.13, 179.56)","(394.86, 25.64)",,,,"(504.43, 232.17)",,"(296.04, 19.84)",,"(653.57, 298.75)","(657.83, 176.32)","(384.23, 446.42)","(419.45, 388.31)","(428.55, 335.07)","(187.02, 18.21)"
374,,"(271.41, 19.55)",,,"(131.92, 239.45)",,"(391.06, 447.09)","(624.58, 27.09)","(288.31, 314.89)",,,,,,,"(133.25, 21.67)",,"(61.81, 25.59)","(624.18, 37.81)","(269.26, 246.10)",,"(549.50, 200.02)","(417.31, 26.52)","(263.50, 314.60)","(62.51, 286.16)",,"(626.40, 207.45)",,"(40.53, 127.26)","(286.94, 220.14)",,,,,"(21.94, 254.16)",,,,,"(157.79, 18.34)",,,,,,,,,,"(200.65, 2.40)",,,,,"(279.28, 447.32)","(26.62, 44.69)",,,,,,,,,,"(537.38, 133.05)",,,,"(651.21, 38.84)","(533.20, 366.18)",,,,"(442.33, 140.68)",,,"(184.10, 106.11)",,,,"(510.68, 179.48)","(392.99, 26.14)",,,,"(505.03, 231.16)",,"(294.54, 20.26)",,"(653.48, 298.52)","(658.77, 174.49)","(384.22, 446.37)","(419.32, 388.55)","(429.51, 333.92)","(186.97, 18.07)"
375,,"(273.35, 19.46)",,,"(131.78, 239.37)",,"(391.11, 447.07)","(624.62, 26.26)","(288.31, 314.89)",,,,,,,"(133.73, 20.90)",,"(63.28, 25.74)","(624.25, 37.88)","(269.29, 246.08)","(159.21, 24.55)","(549.55, 199.96)","(416.76, 26.42)","(264.49, 312.34)","(61.29, 282.79)",,"(627.70, 205.72)",,"(40.68, 127.05)","(286.96, 220.10)",,,,,"(21.98, 250.31)",,,,,"(157.96, 17.90)",,,,,,,,,,,,,,,"(278.76, 447.24)","(26.58, 44.10)",,,,,,,,,,"(538.23, 130.77)",,,,"(651.23, 38.84)","(533.79, 363.44)",,,,"(442.15, 138.64)",,,,,,,"(510.22, 178.75)","(391.55, 27.26)",,,,"(506.01, 230.23)",,"(293.58, 19.66)",,"(653.34, 297.70)","(658.10, 172.62)","(384.20, 446.32)","(419.13, 388.80)","(430.31, 332.47)","(186.71, 18.26)"
376,,"(275.02, 19.24)",,,"(131.86, 239.41)",,"(391.05, 447.01)","(623.67, 24.53)","(288.28, 314.92)",,,,,,,"(133.76, 20.45)",,"(64.57, 25.65)","(624.36, 37.92)","(269.39, 246.14)","(159.68, 24.98)","(549.46, 199.98)","(416.81, 26.00)","(265.31, 309.56)","(60.35, 279.95)",,"(628.83, 204.19)",,"(40.68, 127.02)","(286.97, 220.07)",,,,,"(21.99, 247.23)",,,,,"(158.68, 17.63)",,,,,,,,,,"(200.83, 2.40)",,,,,"(278.30, 447.16)","(26.54, 43.59)",,,,,,,,,,"(539.05, 128.64)",,,,"(652.81, 37.58)","(534.67, 361.05)",,,,"(441.84, 136.71)",,,,,,,"(509.84, 177.04)","(389.76, 28.03)",,,,"(506.87, 229.18)",,"(293.04, 19.43)",,"(653.02, 297.03)","(657.31, 170.36)","(384.19, 446.35)","(419.10, 388.87)","(431.26, 330.40)","(186.93, 18.21)"
377,,"(276.34, 19.17)",,,"(131.86, 239.46)",,"(391.14, 446.92)","(623.73, 22.68)","(288.23, 314.60)",,,,,,,"(134.30, 20.41)",,"(66.00, 25.44)","(624.50, 37.78)","(269.50, 246.28)","(159.27, 24.94)","(549.36, 199.99)","(416.93, 25.72)","(265.94, 307.11)","(57.94, 275.90)",,"(629.58, 202.93)",,"(40.71, 127.01)","(286.95, 220.03)",,,,,"(22.24, 243.41)",,,,,"(161.33, 17.68)",,,,,,,,,,,,,,,"(277.63, 447.03)","(26.41, 43.14)",,,,,,,,,,"(539.66, 126.19)",,,,"(654.71, 35.88)","(535.39, 358.35)",,,,"(441.55, 134.72)",,,,,,,"(509.47, 174.73)","(388.16, 29.22)",,,,"(507.28, 228.11)",,"(290.96, 18.51)",,"(652.52, 296.12)","(656.11, 167.95)","(384.21, 446.44)","(419.01, 389.02)","(431.99, 328.86)","(187.31, 18.21)"
378,,"(278.60, 18.86)",,,"(131.82, 239.62)",,"(391.15, 446.94)","(623.84, 22.09)","(287.98, 313.95)",,,,,,,"(135.40, 20.24)",,"(67.67, 25.57)","(624.39, 37.90)","(269.52, 246.27)","(158.74, 24.33)","(549.41, 199.91)","(415.92, 25.58)","(266.76, 304.40)","(56.75, 272.44)",,"(630.67, 201.12)",,"(40.74, 127.00)","(286.94, 220.03)",,,,,"(22.24, 239.50)",,,,,,,,,,,,,,,,,,,,"(277.47, 447.06)","(26.29, 42.65)",,,,,,,,,,"(540.60, 124.01)",,,,"(657.04, 33.33)","(536.49, 355.74)",,,,"(441.11, 132.84)",,,,,,,"(509.56, 173.06)","(386.62, 29.63)",,,,"(508.09, 227.26)",,"(289.31, 16.81)",,"(651.90, 294.95)","(654.59, 165.38)","(384.19, 446.49)","(418.93, 389.25)","(431.39, 326.88)","(187.02, 18.11)"
379,,"(279.87, 18.69)",,,"(131.80, 239.57)",,"(391.16, 446.92)","(623.72, 22.60)","(287.80, 313.13)",,,,,,,"(136.56, 20.37)",,"(69.06, 25.71)","(624.33, 37.93)","(269.58, 246.30)","(157.37, 23.81)","(549.46, 199.91)","(415.84, 25.43)","(267.37, 302.01)","(54.83, 268.67)",,"(631.58, 200.00)",,"(40.78, 126.97)","(286.93, 220.06)",,,,,"(22.09, 236.07)",,,,,,,,,,,,,,,,,,,,"(277.41, 447.05)","(26.24, 41.93)",,,,,,,,,,"(540.89, 122.40)",,,,"(659.75, 31.12)","(537.42, 353.27)",,,,"(440.88, 131.20)",,,,,,,"(509.20, 171.62)","(384.82, 29.85)",,,,"(509.14, 226.51)",,"(288.89, 15.23)",,"(651.47, 293.96)","(653.38, 162.30)","(384.17, 446.48)","(418.79, 389.51)","(431.10, 325.56)","(186.61, 18.16)"
380,,"(280.11, 18.80)",,,"(131.83, 239.67)",,"(391.13, 446.88)","(623.73, 23.12)","(287.80, 312.23)",,,,,,,"(137.73, 20.16)",,"(69.84, 25.58)","(624.41, 37.93)","(269.60, 246.29)","(157.13, 23.41)","(549.49, 199.89)","(415.37, 24.72)","(268.49, 299.20)","(52.93, 265.29)",,"(632.35, 198.73)",,"(40.79, 126.98)","(286.94, 220.07)",,,,,"(22.27, 232.63)",,,,,,,,,,,,,,,,,,,,"(277.29, 446.84)","(26.63, 40.62)",,,,,,,,,,"(541.38, 121.90)",,,,"(662.47, 28.22)","(538.40, 350.65)",,,,"(440.73, 129.41)",,,,,,,"(508.61, 169.62)","(383.15, 29.90)",,,,"(510.05, 225.27)",,,,"(649.62, 292.17)","(652.29, 159.78)","(384.16, 446.43)","(418.68, 389.60)","(430.32, 324.39)","(186.15, 18.36)"
381,,"(280.23, 18.89)",,,"(131.87, 239.71)",,"(391.10, 446.85)","(623.63, 22.91)","(287.67, 312.07)",,,,,,,"(138.81, 19.76)",,"(71.39, 24.84)","(624.35, 37.88)","(269.88, 246.64)","(157.40, 23.56)","(549.54, 199.87)","(414.48, 23.92)","(269.35, 296.04)","(51.13, 261.79)",,"(633.47, 196.64)",,"(40.81, 126.97)","(286.92, 220.06)",,,,,"(22.25, 230.02)",,,,,"(173.31, 19.78)",,,,,,,,,,,,,,,"(277.18, 446.75)","(27.41, 38.81)",,,,,,,,,,"(542.44, 120.97)",,,,"(665.14, 25.52)","(539.66, 347.87)",,,,"(440.52, 126.70)",,,,,,,"(508.45, 167.72)","(382.21, 30.13)",,,,"(510.80, 224.05)",,,,"(648.64, 291.24)","(650.99, 157.61)","(384.13, 446.40)","(418.62, 389.75)","(429.36, 322.19)","(185.98, 18.47)"
382,,"(280.23, 18.88)",,,"(131.86, 239.81)",,"(391.02, 446.90)","(623.66, 22.82)","(287.34, 311.42)",,,,,,,"(139.92, 19.54)",,"(72.65, 24.40)","(624.39, 37.83)","(269.34, 247.46)","(156.80, 23.32)","(549.48, 199.86)","(413.03, 23.71)","(270.40, 293.95)","(49.07, 258.30)",,"(634.86, 194.76)",,"(40.84, 127.07)","(286.85, 220.05)",,,,,"(22.39, 227.13)",,"(547.39, 67.29)",,,"(174.93, 19.11)",,,,,,,,,,,,,,,"(277.16, 446.79)","(28.54, 36.72)",,,,,,,,,,"(543.08, 119.88)",,,,"(667.95, 23.25)","(540.44, 344.44)",,,,"(440.10, 124.43)",,,,,,,"(508.22, 165.32)","(380.70, 30.17)",,,"(676.28, 8.25)","(511.49, 222.67)",,,,"(648.60, 290.65)","(649.71, 154.63)",,"(418.41, 389.98)","(427.78, 320.04)","(184.90, 18.62)"
383,,"(280.23, 18.88)",,,"(131.87, 239.83)",,"(391.09, 446.93)","(624.10, 23.43)","(287.38, 311.13)",,,,"(17.38, 23.59)",,,"(141.70, 18.25)",,"(73.76, 24.56)","(624.41, 37.81)","(269.28, 247.47)","(155.47, 23.28)","(549.46, 199.80)","(411.82, 23.09)","(271.41, 291.38)","(47.37, 254.95)",,"(636.48, 192.96)",,"(40.94, 127.08)","(286.87, 220.07)",,,,,"(22.28, 223.85)",,"(546.65, 65.56)",,,,,,,,,,,,,,,,,,"(276.90, 446.82)","(30.09, 34.69)",,,,,,,"(583.57, 63.65)",,,"(544.17, 118.50)",,,,"(670.39, 20.49)","(541.50, 341.78)",,,,"(439.97, 121.98)",,,,,,,"(508.07, 162.87)","(379.74, 30.23)",,,"(676.55, 10.00)","(511.85, 221.32)",,,,"(648.53, 290.61)","(648.45, 151.78)",,"(418.23, 390.10)","(426.87, 317.76)","(184.20, 18.84)"
384,,"(280.53, 18.81)",,,"(131.91, 239.89)",,"(391.11, 446.89)","(624.65, 24.01)","(287.25, 310.46)",,,,"(18.39, 23.76)",,,"(141.43, 18.92)",,"(74.68, 24.89)","(624.34, 37.84)","(269.27, 247.36)","(154.27, 23.15)","(549.43, 199.91)","(410.05, 22.09)","(273.87, 289.26)","(45.44, 251.28)",,"(638.31, 191.47)",,"(41.02, 126.69)","(286.83, 220.11)",,,,,"(21.81, 220.29)",,"(544.85, 63.98)",,,"(175.91, 19.50)",,,,,,,,,,,,,,,"(276.49, 446.78)","(31.78, 33.10)",,,,,,,"(583.47, 63.80)",,,"(545.21, 117.84)",,,,"(672.30, 19.36)","(542.24, 338.88)",,,,"(439.78, 120.05)",,,,,,,"(508.25, 160.69)","(378.71, 29.99)",,,,"(512.74, 219.56)",,,,"(648.46, 290.32)","(647.25, 149.10)","(384.18, 446.40)","(418.10, 390.35)","(425.96, 315.94)","(184.32, 18.71)"
385,,"(280.45, 18.93)",,,"(131.59, 239.49)",,"(391.06, 446.90)","(624.75, 24.31)","(287.08, 310.23)",,,,"(19.17, 23.45)",,,"(142.18, 19.39)",,"(75.26, 25.03)","(624.26, 37.87)","(269.32, 247.22)","(153.40, 23.48)","(549.41, 199.92)","(408.45, 21.50)","(275.67, 287.76)","(44.26, 247.87)",,"(639.70, 189.42)",,"(41.30, 126.30)","(286.82, 220.13)",,,,,"(21.64, 217.09)",,"(543.92, 62.91)",,,"(175.85, 20.92)",,,,,,,,,,,,,,,"(275.90, 446.53)","(33.23, 31.19)",,,,,,,,,,"(546.02, 116.99)",,,,"(673.46, 18.83)","(543.55, 336.90)",,,,"(439.69, 117.07)",,,,,,,"(508.34, 158.47)","(377.86, 29.42)",,,,"(513.55, 217.85)",,,,"(648.44, 290.32)","(646.13, 146.69)",,"(418.03, 390.55)","(424.38, 313.33)","(185.31, 19.29)"
386,,"(280.65, 19.44)",,,"(131.59, 239.65)",,"(391.10, 446.88)","(625.32, 24.48)","(287.00, 310.22)",,,,"(19.81, 22.40)",,,"(142.47, 19.83)",,"(75.71, 25.04)","(624.31, 37.88)","(269.19, 247.15)","(152.43, 23.24)","(549.48, 199.83)","(406.32, 20.49)","(277.96, 286.55)","(42.55, 244.04)",,"(641.79, 187.57)",,"(41.22, 126.02)","(286.85, 220.13)",,,,,"(21.33, 213.47)",,,,,"(178.00, 22.54)",,,,,,,,,,,,,,,"(274.61, 446.31)","(34.88, 29.76)",,,,,,,,,,"(547.30, 116.50)",,,,"(674.96, 17.42)","(544.77, 334.00)",,,,"(439.97, 115.21)",,,,,,,"(509.14, 155.50)","(377.32, 28.21)",,,,"(514.23, 216.27)",,,,"(648.45, 290.34)","(645.23, 143.96)",,"(418.08, 390.56)","(423.30, 310.85)","(186.02, 19.68)"
387,,"(281.55, 19.54)",,,"(131.20, 239.80)",,"(391.17, 446.86)","(625.94, 24.37)","(286.99, 310.28)",,,,"(20.16, 21.83)",,,"(142.49, 19.96)",,"(76.17, 25.17)","(624.28, 37.89)","(269.16, 247.15)","(151.17, 23.29)","(549.39, 199.84)","(404.36, 18.97)","(279.80, 284.98)","(40.81, 240.61)",,"(643.78, 185.20)",,"(41.22, 125.98)","(286.81, 220.13)",,,,,"(21.31, 209.53)",,"(536.36, 55.59)",,,"(178.88, 24.16)",,,,,,,,,,"(200.46, 2.31)",,,,,"(273.80, 446.11)","(35.37, 28.79)",,,,,,,,,,"(548.68, 116.36)",,,,"(676.47, 14.30)","(545.69, 331.76)",,,,,,,"(194.47, 71.60)",,,,"(509.73, 152.57)","(376.62, 26.81)",,,"(675.43, 21.59)","(515.12, 214.45)",,,,"(648.37, 290.33)","(644.54, 142.03)",,"(418.47, 390.52)","(421.82, 308.62)","(187.54, 18.82)"
388,,"(282.90, 19.95)",,,"(131.34, 239.76)",,"(391.16, 446.88)","(627.17, 24.86)","(286.96, 310.31)",,,,"(20.20, 22.02)",,,"(143.16, 20.02)",,"(76.52, 24.62)","(624.39, 37.90)","(269.14, 246.99)","(150.41, 23.66)","(549.42, 199.90)","(402.82, 18.35)","(281.35, 283.57)","(39.24, 236.83)",,"(645.70, 182.43)",,"(41.27, 126.00)","(286.87, 220.14)",,,,,"(20.99, 206.53)",,"(535.85, 54.72)",,,"(180.14, 26.06)",,,,,,,,,,,,,,,"(272.73, 446.05)","(35.79, 28.13)",,,,,,,,,,"(550.92, 115.88)",,,,,"(546.34, 328.71)",,,,"(439.62, 109.55)",,,"(194.17, 70.33)",,,,"(510.75, 150.24)","(376.47, 25.01)",,,"(677.31, 22.00)","(515.61, 212.58)",,,,"(648.30, 290.46)","(643.56, 139.56)",,"(418.85, 389.83)","(420.78, 305.95)","(188.09, 18.86)"
389,,"(284.43, 20.07)",,,"(131.33, 239.74)",,"(391.10, 446.91)","(628.46, 24.47)","(286.91, 310.40)",,,,"(21.92, 22.11)",,,"(143.26, 20.57)",,"(76.81, 23.89)","(624.28, 37.92)","(269.10, 247.00)","(150.33, 23.72)","(549.42, 199.93)","(401.61, 17.15)","(282.65, 282.08)","(37.13, 232.94)",,"(647.28, 179.72)",,"(41.35, 126.02)","(286.98, 220.16)",,,,,"(21.10, 203.34)",,"(534.90, 53.27)",,,"(182.16, 28.40)",,,,,,,,,,"(200.80, 2.40)",,,,,"(271.63, 446.09)","(36.60, 27.74)",,,,,,,"(583.92, 63.50)",,,"(552.09, 115.26)",,,,,"(547.38, 325.82)",,,,,,,"(194.43, 69.05)",,,,"(511.47, 147.84)","(376.68, 22.71)",,,"(679.06, 21.74)","(516.67, 210.44)",,,,"(648.45, 290.14)","(641.94, 137.35)",,"(419.10, 389.83)","(418.84, 303.27)","(188.19, 19.51)"
390,,"(286.60, 19.63)",,,"(131.26, 239.68)",,"(391.12, 446.89)","(629.55, 24.58)","(286.77, 310.71)",,,,"(24.69, 21.60)",,,"(143.22, 20.74)",,"(76.91, 23.14)","(624.27, 37.88)","(269.08, 247.02)","(151.19, 24.86)","(549.37, 199.93)","(400.09, 16.15)","(284.35, 280.42)","(36.08, 229.53)",,"(649.11, 177.16)",,"(41.39, 125.97)","(286.94, 220.17)",,,,,"(20.60, 199.75)",,"(532.97, 51.34)",,,"(183.57, 30.10)",,,,,,,,,,"(200.85, 2.37)",,,,,"(269.67, 445.67)","(37.83, 27.39)",,,,,,,"(584.09, 63.50)",,,"(553.71, 114.37)",,,,,"(547.97, 322.79)",,,,,,,"(195.09, 67.05)",,,,"(512.60, 145.28)","(377.14, 21.29)",,,"(681.02, 21.57)","(517.44, 208.37)",,,,"(648.40, 290.15)","(639.97, 134.48)",,"(419.36, 389.48)","(418.06, 300.40)","(188.60, 19.78)"
391,,"(288.19, 19.55)",,,"(131.56, 239.98)",,"(391.11, 446.91)","(631.49, 24.10)","(286.80, 310.74)",,,,"(27.19, 21.71)",,,"(143.59, 20.55)",,"(76.85, 22.28)","(624.32, 37.82)","(269.11, 246.58)","(151.25, 24.74)","(549.33, 199.89)","(398.87, 15.37)","(285.74, 278.00)","(34.36, 225.52)",,"(650.29, 173.98)",,"(41.43, 125.96)","(287.00, 220.16)",,,,,"(20.61, 196.64)",,"(531.14, 48.86)",,,"(184.47, 30.93)",,,,,,,,,,,,,,,"(268.20, 445.56)","(39.38, 28.29)",,,,,,,"(584.20, 63.58)",,,"(555.20, 113.79)",,,,"(676.31, 13.97)","(548.92, 319.71)",,,,,,,"(195.53, 64.92)",,,,"(513.88, 142.62)","(377.07, 21.92)",,,"(683.56, 21.25)","(518.41, 206.44)",,,,"(648.31, 290.26)","(638.61, 132.16)",,"(419.59, 388.85)","(416.78, 297.93)","(188.90, 20.22)"
392,,"(289.72, 19.67)",,,"(131.77, 240.00)",,"(391.11, 446.94)","(633.04, 23.99)","(286.60, 311.50)",,,,"(29.84, 21.16)",,,"(143.42, 20.73)",,"(76.69, 22.33)","(624.28, 37.82)","(269.13, 246.23)","(151.09, 24.93)","(549.30, 199.87)",,"(286.02, 275.57)","(33.41, 222.18)",,"(651.54, 170.76)",,"(41.43, 125.95)","(286.98, 220.19)",,,,,"(19.99, 194.01)",,"(530.35, 46.11)",,,"(184.84, 31.37)",,,,,,,,,,,,,,,"(266.97, 445.78)","(42.21, 27.83)",,,,,,,,,,"(556.58, 112.61)",,,,"(676.62, 14.18)","(549.21, 316.12)",,,,,,,"(195.89, 62.67)",,,,"(514.49, 140.47)","(376.99, 22.01)",,,"(685.39, 20.53)","(519.45, 203.94)",,,,"(648.31, 290.23)","(637.64, 129.75)",,"(420.12, 388.05)","(416.20, 295.37)","(189.26, 20.61)"
393,,"(291.25, 20.32)",,,"(131.90, 240.17)",,"(391.06, 447.02)","(634.68, 23.86)","(286.56, 311.72)",,,,"(32.34, 20.34)",,,"(143.64, 20.58)",,"(76.56, 22.09)","(624.21, 37.88)","(269.01, 245.99)","(151.14, 24.96)","(549.23, 199.85)",,"(286.82, 273.25)","(31.77, 218.62)",,"(652.20, 167.71)",,"(41.32, 125.98)","(287.02, 220.18)",,,,,"(19.60, 190.98)",,"(529.99, 43.12)",,,"(184.62, 31.44)",,,,,,,,,,"(200.71, 2.41)",,,,,"(265.89, 446.22)","(44.36, 27.94)",,,,,,,,,,"(557.64, 111.65)",,,,"(676.56, 13.91)","(549.72, 312.65)",,,,,,,"(196.82, 58.74)",,,,"(515.45, 138.70)","(377.10, 21.99)",,,"(686.75, 19.74)","(519.83, 201.57)",,,,"(648.36, 290.30)","(637.40, 127.60)",,"(420.44, 387.52)","(415.21, 293.03)","(189.76, 20.76)"
394,,"(293.04, 21.59)",,,"(131.91, 240.17)",,"(391.06, 446.98)","(635.82, 25.02)","(286.45, 312.07)",,,,"(34.94, 19.75)",,,"(143.53, 20.49)",,"(76.08, 22.19)","(624.15, 37.86)","(268.97, 245.59)","(150.45, 25.18)","(549.10, 199.64)",,"(287.51, 270.98)","(30.64, 215.41)",,"(652.78, 164.48)",,"(41.41, 125.94)","(287.02, 220.20)",,,,,"(19.80, 187.69)",,"(529.06, 40.45)",,,"(184.57, 31.46)",,,,,,,,,,"(200.91, 2.38)",,,,,"(265.73, 446.28)","(48.02, 27.70)",,,,,,,,,,"(559.04, 110.70)",,,,"(676.49, 14.04)","(550.07, 309.94)",,,,,,,"(196.46, 55.50)",,,,"(516.36, 136.22)","(377.11, 21.96)",,,"(687.53, 20.32)","(520.90, 198.66)",,,,"(648.35, 290.23)","(638.21, 125.44)",,"(421.15, 386.92)","(414.62, 290.13)","(190.18, 20.57)"
395,,"(295.63, 22.14)",,,"(131.71, 240.10)",,"(391.11, 446.98)","(638.14, 25.97)","(286.50, 311.62)",,,,"(37.50, 19.45)",,,"(143.76, 20.21)",,"(75.43, 22.39)","(624.23, 37.86)","(268.99, 244.55)","(150.30, 25.58)","(549.27, 199.85)",,"(287.94, 268.34)","(29.59, 211.60)",,"(652.93, 161.58)",,"(41.32, 125.93)","(287.00, 220.18)",,,,,"(19.46, 184.29)",,"(528.24, 37.72)",,,"(184.62, 31.38)",,,,,,,,,,,,,,,"(264.27, 446.40)","(50.06, 27.55)",,,,,,,,,,"(559.83, 109.56)",,,,"(676.48, 14.36)","(551.45, 306.72)",,,,,,,"(196.95, 52.69)",,,,"(517.51, 134.17)","(377.47, 21.57)",,,"(688.79, 21.15)","(521.61, 196.46)",,,,"(648.31, 290.18)","(639.59, 123.30)",,"(421.26, 386.81)","(413.69, 288.04)","(190.68, 20.52)"
396,,"(296.58, 22.18)",,,"(131.60, 240.12)",,"(391.10, 447.07)","(640.36, 26.94)","(286.60, 311.16)",,,,"(41.73, 20.02)",,,"(144.30, 19.78)",,"(75.22, 22.56)","(624.31, 37.78)","(269.40, 243.38)","(149.56, 26.10)","(549.39, 199.89)",,"(289.06, 265.42)","(28.44, 207.83)",,"(653.76, 158.38)",,"(41.34, 125.99)","(287.06, 220.16)",,,,,"(19.09, 182.25)",,"(527.02, 34.71)",,,"(184.67, 31.37)",,,,,,,,,,"(200.84, 2.69)",,,,,"(263.34, 446.17)","(53.12, 27.15)",,,,,,,"(583.71, 63.76)",,,"(560.62, 108.93)",,,,"(676.00, 14.56)","(552.00, 303.36)",,,,"(541.96, 16.05)",,,"(197.50, 48.64)",,,,"(518.38, 131.59)","(378.56, 21.44)",,,"(689.76, 21.35)","(522.26, 194.57)",,,,"(648.14, 290.42)","(640.89, 120.98)",,"(421.33, 386.64)","(412.66, 284.43)","(190.88, 20.54)"
397,,"(298.79, 22.20)",,,"(131.52, 240.28)",,"(391.02, 447.03)","(642.21, 27.10)","(286.72, 310.78)",,,,"(44.64, 19.94)",,,"(144.74, 19.15)",,"(75.01, 22.67)","(624.22, 37.77)","(269.92, 242.44)","(149.08, 27.05)","(549.34, 199.91)",,"(289.75, 262.90)","(27.36, 204.30)",,"(653.87, 155.28)",,"(41.29, 126.00)","(287.04, 220.20)",,,,,"(19.00, 179.24)",,"(525.85, 32.02)",,,"(184.93, 31.53)",,,,,,,,,,,,,,,"(262.71, 446.25)","(56.52, 26.39)",,,,,,,,,,"(560.99, 108.62)",,,,"(674.83, 15.47)","(552.78, 300.56)",,,,"(541.45, 16.52)",,,"(197.75, 44.84)",,,,"(519.17, 129.42)","(380.26, 21.47)",,,"(690.39, 21.30)","(522.68, 192.93)",,,,"(648.11, 290.43)","(642.28, 117.85)",,"(421.34, 386.69)","(411.97, 281.99)","(191.70, 20.40)"
398,,"(300.72, 22.14)",,,"(131.57, 240.16)",,"(391.00, 447.14)","(643.89, 27.45)","(286.76, 310.81)",,,,"(47.98, 19.72)",,,"(146.12, 18.41)",,"(75.01, 22.33)","(624.20, 37.74)","(270.24, 241.35)","(147.41, 29.07)","(549.29, 200.00)",,"(290.84, 260.27)","(26.11, 200.33)",,"(654.32, 152.11)",,"(41.33, 126.11)","(287.08, 220.27)",,,,,"(19.21, 176.83)",,"(524.62, 28.99)",,,"(185.66, 31.68)",,,,,,,,,,,,,,,"(262.08, 446.12)","(58.97, 25.91)",,,,,,,,,,,,,,"(674.75, 15.67)","(553.73, 297.33)",,,,"(540.07, 17.02)",,,"(198.33, 41.37)",,,,"(520.09, 126.75)","(381.79, 21.62)",,,"(690.58, 21.26)","(522.85, 190.94)",,,,"(648.20, 290.41)","(643.78, 115.05)",,"(421.14, 387.03)","(411.43, 279.41)","(192.86, 20.89)"
399,,"(302.22, 21.79)",,,"(131.53, 240.18)",,"(390.97, 447.17)","(646.07, 27.63)","(286.72, 310.83)",,,,"(50.08, 19.19)",,,"(146.47, 18.07)",,"(74.62, 22.20)","(624.13, 37.73)","(270.51, 240.72)","(146.89, 29.99)","(549.33, 200.07)",,"(291.79, 257.80)","(25.34, 196.79)",,"(654.44, 149.37)",,"(41.31, 126.06)","(287.03, 220.24)",,,,,"(19.03, 172.98)",,"(522.79, 26.48)",,,"(186.65, 32.06)",,,,,,,,,,"(200.81, 2.51)",,,,,"(260.55, 445.92)","(60.70, 25.56)",,,,,,,,,,,,,,"(674.65, 16.59)","(554.88, 294.56)",,,,"(539.24, 17.11)",,,"(198.14, 38.41)",,,,"(521.48, 123.91)","(383.50, 21.83)",,,"(690.67, 20.91)","(522.87, 189.28)",,,,"(648.25, 290.37)","(645.19, 112.89)","(384.36, 446.38)","(421.09, 387.28)","(410.61, 276.57)","(193.82, 20.70)"
400,,"(304.69, 21.15)",,,"(131.48, 240.22)",,"(390.92, 447.15)","(647.82, 27.59)","(286.72, 310.83)",,,,"(52.41, 19.48)",,,"(146.86, 17.64)",,"(74.08, 21.63)","(624.23, 37.77)","(270.55, 240.18)","(146.32, 30.76)","(549.36, 199.97)",,"(292.71, 255.58)","(23.89, 193.26)",,"(655.15, 146.79)",,"(41.29, 125.73)","(287.01, 220.22)",,,,,"(18.73, 169.80)",,"(521.68, 22.44)",,,"(188.14, 33.23)",,,,,,,,,,"(200.77, 2.53)",,,,,"(259.40, 446.14)","(61.26, 26.32)",,,,,,,,,,,,,,"(674.38, 16.99)","(555.32, 292.09)",,,,"(539.89, 16.97)",,,"(198.57, 35.49)",,,,"(522.70, 121.25)","(385.68, 22.07)",,,"(690.59, 20.78)","(522.16, 188.08)",,,,"(648.02, 290.69)","(647.08, 110.98)","(384.43, 446.33)","(420.94, 387.45)","(410.20, 274.41)","(194.86, 20.50)"
401,,"(307.46, 20.39)",,,"(131.44, 240.32)",,"(390.50, 446.59)","(650.35, 27.30)","(286.77, 310.82)",,,,"(54.26, 19.75)",,,"(147.63, 16.87)",,"(74.30, 21.34)","(624.16, 37.82)","(270.71, 239.86)","(145.61, 31.74)","(549.40, 199.95)",,"(294.29, 253.35)","(23.18, 190.01)",,"(655.46, 144.41)",,"(41.30, 124.99)","(286.99, 220.24)",,,,,"(18.35, 168.00)",,"(520.95, 20.41)",,,"(189.41, 33.83)",,,,,,,,,,,,,,,"(258.14, 446.03)","(62.56, 26.58)",,,,,,,,,,,,,,"(674.12, 16.91)","(555.84, 289.48)",,,,"(540.79, 18.87)",,,"(198.45, 32.80)",,,,"(523.71, 118.13)","(387.27, 22.13)",,,"(690.08, 20.82)","(521.95, 186.28)",,,,"(648.02, 290.83)","(649.25, 108.24)",,"(420.94, 387.70)","(410.18, 272.03)","(195.70, 20.51)"
402,,"(308.88, 19.74)",,,"(131.47, 240.28)",,"(390.96, 447.24)","(653.02, 26.71)","(286.75, 310.82)",,,,"(56.43, 21.38)",,,"(149.30, 15.66)",,"(73.48, 21.09)","(624.42, 37.79)","(270.79, 239.25)","(145.35, 32.41)","(549.47, 199.97)",,"(296.14, 251.94)","(21.28, 186.95)",,"(655.66, 142.14)",,"(41.31, 123.95)","(286.86, 220.19)",,,,,"(18.27, 165.08)",,"(520.46, 20.01)",,,"(190.20, 34.79)",,,,,,,,,,,,,,,"(256.90, 446.05)","(61.50, 27.15)",,,,,,,,,,,,,,"(673.73, 16.67)","(556.48, 286.96)",,,,"(541.34, 19.99)",,,"(198.63, 29.89)",,,,"(525.21, 115.57)","(389.45, 22.15)",,,"(689.91, 21.11)","(521.82, 184.73)",,,,"(647.97, 290.82)","(651.52, 105.07)","(384.42, 446.43)","(420.94, 387.83)","(409.51, 269.47)","(196.37, 20.08)"
403,,"(309.48, 20.43)",,,"(131.61, 240.26)",,"(390.98, 447.20)","(656.40, 25.86)","(286.80, 310.82)",,,,"(58.27, 22.30)",,,"(150.03, 14.35)",,"(72.79, 20.86)","(624.42, 37.79)","(270.87, 238.75)","(145.43, 32.90)","(549.68, 199.84)",,"(298.11, 250.78)","(19.90, 184.24)",,"(655.91, 140.85)",,"(41.29, 122.37)","(286.98, 220.20)",,,,,"(18.11, 162.90)",,"(520.26, 20.10)",,,"(191.26, 35.58)",,,,,,,,,,,,,,,"(255.39, 446.06)","(60.73, 27.52)",,,,,,,"(583.21, 64.30)",,,,,,,"(671.70, 17.44)","(556.78, 284.05)",,,,"(541.48, 21.31)",,,"(199.10, 27.49)",,,,"(525.98, 112.47)","(390.93, 22.21)",,,"(689.96, 21.41)","(521.83, 183.37)",,,,"(648.01, 290.88)","(652.72, 103.63)",,"(420.86, 387.95)","(409.44, 267.32)","(197.07, 20.56)"
404,,"(311.06, 21.18)",,,"(131.48, 241.52)",,"(391.03, 447.21)","(657.90, 25.02)","(286.78, 310.83)",,,"(441.45, 70.13)",,,,,,,"(624.47, 37.82)","(270.85, 238.56)","(145.41, 32.87)","(549.63, 199.87)",,"(299.41, 250.00)","(17.93, 181.84)",,"(656.08, 139.68)",,"(40.92, 120.98)","(287.04, 220.19)",,,,,"(18.17, 160.01)",,"(518.13, 21.16)",,,"(192.42, 35.97)",,,,,,,,,,,,,,,"(255.44, 446.03)","(59.53, 25.69)",,,,,,,,,,,,,,"(671.52, 17.53)","(557.26, 280.99)",,,,"(541.57, 21.36)",,,,,,,"(526.94, 110.31)","(392.86, 21.93)",,,"(689.73, 24.25)","(521.83, 181.79)",,,,"(647.97, 290.86)",,"(384.35, 446.46)","(420.80, 388.31)","(408.90, 265.45)","(197.65, 22.28)"
405,,"(312.27, 21.99)",,,"(131.21, 241.21)",,"(391.07, 447.24)","(659.01, 25.62)","(286.84, 310.82)",,,"(441.19, 68.98)",,,,"(151.16, 10.15)",,"(71.27, 20.02)","(624.46, 37.83)","(270.84, 238.38)","(145.51, 32.98)","(549.62, 199.89)",,"(300.98, 248.52)","(16.84, 179.63)",,"(656.28, 138.46)",,"(40.24, 119.09)","(287.02, 220.20)",,,,,"(18.14, 157.05)",,"(516.05, 21.35)",,,"(193.37, 35.40)",,,,,,,,,,,,,,,"(255.43, 445.99)","(60.85, 26.73)",,,,,,,,,,,,,,"(670.95, 17.57)","(556.83, 278.69)",,,,"(541.73, 21.32)",,,,,,,"(527.69, 107.64)","(395.03, 21.62)",,,"(689.28, 26.09)","(521.85, 180.88)",,,,"(648.01, 290.86)",,,"(420.78, 388.31)","(408.44, 263.25)",
406,,"(313.14, 22.23)",,,"(131.28, 240.73)",,"(391.07, 447.23)","(660.48, 25.84)","(286.78, 310.83)",,,"(441.44, 66.61)",,,,"(151.39, 9.74)",,"(70.36, 19.80)","(624.47, 37.79)","(270.86, 237.83)","(145.63, 32.93)","(549.62, 199.94)",,"(301.86, 247.40)","(16.25, 176.85)",,"(656.44, 137.70)",,"(40.08, 117.05)","(286.98, 220.28)",,,,,"(17.77, 154.11)",,"(514.43, 21.32)",,,"(194.28, 34.75)",,,,,,,,,,,,,,,"(256.27, 445.36)","(61.74, 26.98)",,,,,,,,,,,,,,"(670.74, 17.60)","(556.58, 276.32)",,,,"(541.78, 21.30)",,,,,,,"(528.56, 105.81)","(396.56, 20.99)",,,"(688.16, 27.51)","(522.11, 179.58)",,,,"(648.01, 290.85)",,"(384.50, 446.39)","(420.59, 388.43)","(408.13, 260.92)","(196.84, 20.81)"
407,,"(314.10, 22.87)",,,"(131.38, 240.55)",,"(391.04, 447.21)","(662.34, 25.97)","(286.83, 310.84)",,,"(441.49, 64.38)",,,,"(151.76, 8.47)",,"(69.54, 18.99)","(624.50, 37.81)","(270.92, 237.56)","(145.65, 32.94)","(549.68, 199.95)",,"(302.25, 246.47)","(16.05, 175.71)",,"(656.78, 136.63)",,"(39.71, 116.13)","(287.05, 220.27)",,,,,"(18.01, 150.67)",,"(512.25, 21.57)",,,"(194.23, 34.64)",,,,,,,,,,"(200.45, 2.68)",,,,,"(256.94, 444.90)","(63.98, 27.14)",,,,,,,,,,,,,,"(670.54, 17.66)","(556.63, 273.48)",,,,"(541.80, 21.28)",,,"(148.17, 55.49)",,,,"(529.02, 104.64)","(398.75, 19.85)",,,"(686.72, 29.16)","(522.36, 178.57)",,,,"(648.01, 290.86)",,"(384.48, 446.40)","(420.45, 388.64)","(407.57, 258.90)","(197.20, 20.74)"
408,,"(315.11, 23.90)",,,"(131.38, 240.58)",,"(391.12, 447.28)","(664.99, 26.18)","(286.88, 310.91)",,,"(441.43, 61.37)",,,,"(152.07, 6.86)",,"(67.10, 18.99)","(624.46, 37.82)","(270.77, 237.68)","(145.75, 32.79)","(549.58, 199.99)",,"(301.95, 244.82)","(15.94, 175.24)",,"(657.09, 135.76)",,"(39.53, 115.04)","(287.14, 220.37)",,,,,"(18.13, 147.63)",,"(510.26, 21.62)",,,"(194.24, 34.70)",,,,,,,,,,"(172.48, 127.33)",,,,,"(256.92, 444.65)","(65.57, 29.30)",,,,,,,,,,,,,,"(670.36, 17.85)","(556.61, 270.54)",,,,"(541.67, 21.72)",,,"(164.24, 90.10)",,,,,"(401.73, 17.99)",,,"(685.98, 29.79)","(522.37, 177.38)",,,,"(647.99, 290.86)",,"(384.60, 446.50)","(420.38, 388.87)","(407.29, 257.02)","(197.20, 20.79)"
409,,"(315.93, 24.69)",,,"(131.53, 240.44)",,"(391.08, 447.29)","(667.24, 26.31)","(286.90, 310.90)",,,"(441.82, 58.56)",,,,"(152.50, 5.50)",,"(65.83, 18.27)","(624.42, 37.82)","(270.71, 237.70)","(145.73, 32.75)","(549.56, 200.01)",,"(301.30, 243.46)","(15.86, 175.13)",,"(657.25, 135.15)",,"(39.51, 113.88)","(287.23, 220.33)",,,,,"(18.25, 145.70)",,"(508.73, 21.35)",,,"(194.22, 34.71)",,,,,,,,,,"(195.49, 149.38)",,,,,"(256.96, 444.64)","(67.13, 32.80)",,,,,,,,,,,,,,"(670.42, 17.94)","(556.37, 267.59)",,,,"(541.47, 22.32)",,,,,,,,"(403.04, 16.87)",,,"(684.59, 30.06)","(522.65, 176.07)",,,,"(647.97, 290.87)",,"(384.52, 446.47)","(420.33, 388.97)","(406.49, 255.52)","(197.18, 20.86)"
410,,"(316.83, 25.59)",,,"(131.45, 240.42)",,"(391.05, 447.26)","(669.40, 26.31)","(286.92, 310.91)",,,"(442.12, 55.88)","(67.98, 25.62)",,,,,"(63.97, 18.90)","(624.40, 37.84)","(270.59, 237.64)","(145.74, 32.65)","(549.56, 200.02)",,"(300.31, 241.35)","(15.82, 175.09)",,"(657.27, 134.99)",,"(38.95, 112.22)","(287.26, 220.21)",,,,,"(18.63, 143.55)",,"(506.37, 21.65)",,,"(194.32, 34.70)",,,,,,,,,,"(195.92, 149.67)",,,,,"(256.88, 444.38)","(68.85, 35.13)",,,,,,,,,,,,,,"(671.01, 18.09)","(556.20, 264.68)",,,,"(541.47, 22.70)",,,,,,,,"(404.03, 17.43)",,,"(683.12, 30.52)","(522.92, 174.75)",,,,"(648.02, 290.86)",,"(384.54, 446.47)","(420.26, 389.16)","(405.91, 253.92)","(197.21, 20.91)"
411,,"(317.60, 26.42)",,,"(131.50, 240.57)",,"(391.01, 447.29)","(670.78, 25.76)","(286.89, 310.90)",,,"(442.25, 53.48)","(71.10, 24.40)",,,,,"(62.87, 18.85)","(624.38, 37.83)","(270.55, 237.46)","(145.68, 32.48)","(549.57, 199.95)",,"(299.42, 239.36)","(15.77, 174.99)",,"(657.38, 134.59)",,"(38.69, 111.16)","(287.41, 220.18)",,,,,"(18.34, 140.74)",,"(505.15, 21.63)",,,"(195.14, 34.66)",,,,,,,,,,"(196.04, 149.75)",,,,,"(256.81, 444.26)","(69.92, 36.85)",,,,,,,,,,,,,,"(670.93, 18.13)","(555.97, 261.31)",,,,"(541.10, 22.94)",,,,,,,,"(405.18, 17.35)",,,"(680.63, 30.00)","(523.09, 173.09)",,,,"(648.02, 290.86)",,"(384.55, 446.45)","(420.19, 389.27)","(405.47, 252.72)","(197.27, 20.81)"
412,,"(318.36, 26.77)",,,"(131.53, 240.56)",,"(391.04, 447.26)",,"(286.88, 310.87)",,,"(442.19, 50.82)","(72.13, 24.43)",,,,,"(61.84, 18.92)","(624.41, 37.84)","(270.40, 237.42)","(145.63, 32.57)","(549.51, 199.79)",,"(298.41, 236.80)","(15.82, 174.73)",,"(657.36, 134.59)",,"(38.74, 108.58)","(287.41, 220.13)",,,,,"(18.70, 138.83)",,"(503.90, 21.81)",,,"(196.97, 33.69)",,,,,,,,,,"(196.46, 149.43)",,,,,"(256.40, 444.29)","(71.05, 37.99)",,,,,,,,,,,,,,"(671.68, 17.62)","(555.72, 257.96)",,,,"(540.70, 22.80)",,,,,,,,"(407.21, 17.42)",,,"(678.56, 29.46)","(523.29, 171.46)",,,,"(648.01, 290.85)",,"(384.56, 446.47)","(420.11, 389.43)","(404.70, 251.36)","(197.61, 20.71)"
413,,"(319.46, 27.26)",,,"(131.53, 240.55)",,"(391.04, 447.33)",,"(286.87, 310.87)",,,"(442.27, 48.29)","(72.73, 24.95)",,,,,"(60.36, 19.00)","(624.41, 37.84)","(270.36, 237.58)","(145.52, 32.60)","(549.65, 199.89)",,"(297.53, 234.34)",,,"(657.37, 134.59)",,"(38.80, 108.16)","(287.34, 220.40)",,,,,"(18.73, 136.49)",,"(503.26, 21.53)",,,"(197.66, 33.17)",,,,,,,,,,"(196.41, 149.43)",,,,,"(255.92, 444.34)","(71.79, 39.03)",,,,,,,"(583.50, 64.24)",,,,,,,"(671.98, 17.25)","(555.16, 254.54)",,,,"(540.01, 22.03)",,,,,,,,"(410.39, 17.89)",,,"(677.13, 29.00)","(523.56, 169.55)",,,,"(648.00, 290.85)",,"(384.56, 446.47)","(420.11, 389.44)","(404.21, 250.52)","(197.58, 20.71)"
414,,"(319.93, 27.52)",,,"(131.35, 241.43)",,"(391.03, 447.29)",,"(286.86, 310.86)",,,"(442.50, 45.88)","(73.26, 25.04)",,,,,"(60.04, 19.40)","(624.40, 37.82)","(270.60, 237.57)","(145.18, 32.86)","(549.69, 199.90)",,"(296.14, 231.12)",,,"(657.34, 134.59)",,"(38.77, 108.00)","(287.46, 220.58)",,,,,"(18.31, 134.03)",,"(502.71, 20.97)",,,"(198.27, 32.79)",,,,,,,,,,"(196.39, 149.35)",,,,,"(255.57, 444.38)","(72.82, 40.13)",,,,,,,"(583.37, 64.75)",,,,,,,"(672.16, 16.87)","(555.21, 251.43)",,,,"(538.80, 21.83)",,,,,,,,"(413.20, 18.26)",,,"(676.71, 29.19)","(523.65, 167.95)",,,,"(648.05, 290.84)",,"(384.51, 446.45)","(420.06, 389.77)","(404.14, 249.48)","(197.52, 20.54)"
415,,"(320.47, 27.95)",,,"(131.38, 241.31)",,"(391.09, 447.28)",,"(286.89, 310.90)",,,"(442.74, 43.36)","(72.88, 26.04)",,,,,"(60.01, 19.41)","(624.45, 37.79)","(270.57, 237.30)","(144.78, 33.16)","(549.77, 199.87)",,"(293.93, 228.40)",,,"(657.25, 130.18)",,"(38.81, 108.28)","(287.50, 220.62)",,,,,"(18.55, 132.21)",,"(502.31, 21.28)",,,"(198.55, 32.51)",,,,,,,,,,"(196.51, 149.36)",,,,,"(255.05, 444.36)","(73.46, 40.73)",,,,,,,"(583.39, 64.62)",,,,,,,"(672.29, 16.98)","(555.14, 248.08)",,,,"(537.49, 22.23)",,,,,,,,"(415.48, 18.95)",,,"(676.71, 29.22)","(523.98, 166.47)",,,,"(648.11, 290.85)",,"(384.54, 446.42)","(420.11, 389.79)","(404.09, 248.45)","(197.57, 20.62)"
416,,"(321.10, 27.71)",,,"(131.48, 240.86)",,"(391.01, 447.27)",,"(286.85, 310.80)",,,"(442.73, 41.28)","(72.89, 26.09)",,,,,"(59.77, 19.26)","(624.39, 37.76)","(270.31, 237.15)","(144.78, 33.15)","(549.64, 199.88)",,"(292.35, 226.55)","(15.00, 114.55)",,"(657.48, 105.99)",,"(38.78, 108.22)","(287.48, 220.91)",,,,,"(18.47, 130.19)",,"(502.27, 21.36)",,,"(198.50, 31.84)",,,,,,,,,,"(196.50, 149.32)",,,,,"(254.88, 444.31)","(74.18, 40.00)",,,,,,,"(583.49, 64.45)",,,,,,,"(672.56, 17.26)","(555.02, 244.79)",,,,"(535.90, 22.74)",,,,,,,,"(417.82, 19.85)",,,"(676.95, 29.72)","(524.45, 164.98)",,,,"(648.09, 290.86)","(672.33, 66.98)","(384.58, 446.38)","(420.89, 389.37)","(403.87, 247.99)","(197.48, 20.45)"
417,,"(321.18, 27.19)",,,"(131.58, 240.62)",,"(391.01, 447.22)",,"(286.94, 310.71)",,,"(442.85, 39.37)","(72.89, 26.04)",,,,,"(59.27, 18.69)","(624.43, 37.80)","(269.94, 236.88)","(144.73, 33.16)","(549.49, 199.96)",,,"(14.88, 114.84)",,,,"(38.78, 108.05)","(289.36, 222.09)",,,,,"(18.50, 128.66)",,"(502.03, 21.35)",,,"(198.12, 31.79)",,,,,,,,,,"(196.55, 149.33)",,,,,"(254.66, 444.31)","(75.03, 39.30)",,,,,,,"(583.53, 64.23)",,,,,,,"(672.86, 17.99)","(554.74, 241.29)",,,,"(534.60, 23.07)",,,,,,,,"(421.13, 21.82)",,,"(676.68, 29.60)","(524.48, 163.47)",,,,"(648.06, 290.85)","(672.46, 65.35)","(384.60, 446.32)","(421.55, 388.98)","(403.82, 247.93)","(197.47, 20.42)"
418,,"(321.05, 26.85)",,,"(131.60, 240.63)",,"(391.01, 447.25)",,"(286.93, 310.57)",,,"(442.76, 37.54)","(72.76, 26.17)",,,,,"(58.04, 18.36)","(624.44, 37.78)","(269.88, 236.73)","(144.75, 33.16)","(549.56, 200.06)",,,"(14.96, 114.36)",,,,"(38.87, 108.04)","(287.90, 221.26)",,,,,"(18.73, 125.64)",,"(501.14, 21.33)",,,"(197.73, 31.89)",,,,,,,,,,"(196.54, 149.32)",,,,,"(254.32, 444.47)","(75.61, 38.00)",,,,,,,"(583.52, 64.21)",,,,,,,"(673.29, 18.77)","(554.34, 238.53)",,,,"(532.91, 23.29)",,,,,,,,"(423.70, 23.25)",,,"(676.61, 29.99)","(524.90, 161.64)",,,,"(648.06, 290.86)","(672.11, 63.62)","(384.57, 446.35)","(422.31, 388.43)","(403.82, 247.93)","(197.49, 20.45)"
419,,"(320.96, 26.83)",,,"(131.57, 240.58)",,"(391.00, 447.28)",,"(286.93, 310.57)",,,"(442.82, 35.48)","(72.80, 26.06)",,,,,"(56.51, 17.69)","(624.46, 37.75)","(269.50, 235.80)","(144.75, 33.16)","(549.59, 200.14)","(382.64, 70.52)",,,,,,"(38.86, 107.79)","(286.64, 220.34)",,,,,"(18.25, 123.13)",,"(500.67, 21.63)",,,"(197.44, 32.49)",,,,,,,,,,"(196.34, 149.03)",,,,,"(253.45, 444.71)","(76.15, 36.84)",,,,,,,"(583.40, 64.07)",,,,,,,"(673.86, 20.30)","(554.27, 235.62)",,,,"(531.01, 23.95)",,,,,,,,"(425.71, 24.84)",,,"(675.56, 30.53)","(525.22, 160.19)",,,,"(648.06, 290.86)",,,"(422.74, 387.82)","(403.83, 247.94)","(197.51, 20.43)"
420,,"(320.87, 26.74)",,,"(131.53, 240.64)",,"(390.87, 447.33)",,"(286.95, 310.58)",,,"(442.77, 33.33)","(73.41, 25.65)",,,,,"(55.12, 16.77)","(624.54, 37.76)","(269.28, 235.23)","(144.72, 33.21)","(549.61, 200.30)","(382.44, 70.09)","(282.75, 217.77)","(16.09, 153.31)",,,,"(38.84, 108.42)","(287.11, 220.04)",,,,,"(18.04, 119.75)",,"(500.20, 21.99)",,,"(196.53, 33.55)",,,,,,,,,,"(196.36, 148.56)",,,,,"(251.86, 445.54)","(76.56, 35.92)",,,,,,,"(583.92, 63.59)",,,"(566.02, 55.73)",,,,"(674.05, 20.23)","(553.88, 232.93)",,,,"(530.06, 24.25)",,,,,,,"(538.28, 66.64)","(427.09, 26.37)",,,"(675.32, 30.85)","(525.55, 158.67)",,,,"(648.08, 290.82)","(671.02, 54.42)",,"(423.46, 387.22)","(403.77, 247.64)","(197.52, 20.52)"
421,,"(320.93, 26.75)",,,"(131.53, 240.70)",,"(390.90, 447.34)",,"(286.78, 310.60)",,,"(442.99, 30.87)","(73.96, 25.41)",,,,,"(54.65, 16.64)","(624.54, 37.84)","(268.98, 234.76)","(144.84, 33.19)","(549.59, 200.31)","(382.49, 69.41)","(281.30, 216.31)","(17.08, 150.23)",,,,,"(287.70, 220.20)",,,,,"(17.74, 116.79)",,"(500.14, 21.98)",,,"(194.83, 34.40)",,,,,,,,,,"(196.41, 148.36)",,,,,"(252.16, 445.49)","(76.61, 34.18)",,,,,,,"(584.02, 63.65)",,,"(565.59, 54.57)",,,,"(674.86, 21.36)","(554.14, 230.70)",,,,"(530.06, 24.04)",,,,,,,"(538.80, 65.18)","(429.11, 27.79)",,,"(673.91, 31.91)","(526.00, 156.86)",,,,"(648.08, 290.65)","(670.48, 53.08)",,"(423.92, 387.18)","(403.60, 247.38)","(197.31, 20.65)"
422,,"(320.98, 26.72)",,,"(131.48, 240.69)",,"(390.97, 447.27)",,"(286.77, 310.57)",,,"(443.22, 28.57)","(74.83, 24.36)",,,,,"(53.14, 14.69)","(624.53, 37.81)","(268.78, 234.21)","(144.97, 33.15)","(548.33, 201.51)","(382.32, 67.87)","(279.39, 214.36)","(18.29, 147.47)",,,,,"(287.70, 220.25)",,,,,"(18.25, 114.72)",,"(500.32, 21.66)",,,"(193.81, 35.56)",,,,,,,,,,"(196.24, 148.32)",,,,,"(251.98, 445.67)","(76.56, 31.94)",,,,,,,"(584.37, 63.42)",,,"(565.92, 53.02)",,,,"(675.47, 22.02)","(553.99, 228.20)",,,,"(529.70, 24.05)",,,,,,,"(538.81, 64.46)","(430.61, 28.97)",,,"(672.81, 33.37)","(526.43, 154.54)",,,,"(648.00, 290.45)","(668.75, 50.07)",,"(424.26, 387.21)","(403.50, 246.86)","(197.28, 21.03)"
423,,"(321.01, 26.37)",,,"(131.40, 240.77)",,"(390.98, 447.25)",,"(286.78, 310.56)",,,"(442.53, 26.66)","(75.44, 23.54)",,,,,"(51.26, 12.91)","(624.48, 37.75)","(268.57, 233.61)","(145.19, 32.95)","(549.28, 201.11)","(381.94, 66.08)","(277.16, 212.23)","(19.25, 145.06)",,,,,"(287.73, 220.33)",,,,,"(18.45, 113.22)",,"(500.26, 21.96)",,,"(191.79, 36.86)",,,,,,,,,,"(196.10, 148.36)",,,,,"(252.57, 445.23)","(76.52, 29.29)",,,,,,,,,,"(566.12, 50.69)",,,,"(675.92, 22.68)","(554.04, 225.35)",,,,"(529.33, 24.05)",,,,,,,"(538.86, 63.70)","(430.78, 29.45)",,,"(671.16, 33.14)","(526.64, 152.65)",,,,"(647.27, 289.66)","(667.40, 46.07)",,"(424.23, 387.27)","(403.53, 246.34)","(197.51, 21.13)"
424,,"(320.88, 25.09)",,,"(131.43, 240.77)",,"(391.03, 447.27)",,"(286.73, 310.57)",,,"(442.62, 24.13)","(75.79, 23.29)",,,,,"(48.90, 10.88)","(624.44, 37.73)","(268.26, 232.84)","(145.40, 32.49)","(549.72, 200.49)","(381.67, 63.87)","(275.06, 209.99)","(20.57, 141.38)",,,,,"(287.73, 220.38)",,,,,,,"(500.34, 22.72)",,,"(190.44, 38.17)",,,,,,,,,,"(196.13, 148.37)",,,,,"(253.14, 444.91)","(76.60, 28.63)",,,,,,,,,,"(566.20, 47.80)",,,,"(676.73, 23.55)","(554.12, 222.41)",,,,"(528.99, 23.95)",,,,,,,,"(431.50, 30.25)",,,,"(527.23, 151.19)",,,,"(646.94, 289.30)","(666.38, 43.10)",,"(424.12, 387.31)","(403.63, 245.75)","(197.64, 20.83)"
425,,"(320.84, 23.95)",,,"(131.51, 240.83)",,"(391.04, 447.32)",,"(286.72, 310.63)",,,"(442.56, 22.23)",,,,,,"(46.68, 7.66)","(624.51, 37.75)","(267.93, 231.88)","(145.62, 32.16)","(549.75, 199.83)","(381.87, 62.51)","(273.43, 207.97)","(22.85, 138.73)",,,,"(47.06, 105.42)","(287.69, 220.33)",,,,,,,"(500.47, 23.35)",,,"(188.89, 39.01)",,,,,,,,,,"(196.14, 148.34)",,,,,"(252.98, 444.59)","(76.60, 29.64)",,,,,,,,,,"(566.34, 45.58)",,,,"(677.80, 24.40)","(554.55, 219.26)",,,,"(528.10, 24.10)",,,,,,,"(541.21, 55.05)","(432.99, 32.08)",,,,"(527.52, 149.80)",,,,"(646.22, 288.27)","(665.97, 38.58)",,"(424.04, 387.33)","(403.78, 245.28)","(197.54, 20.70)"
426,,"(319.86, 22.15)",,,"(131.46, 240.87)",,"(391.02, 447.42)",,"(286.60, 310.58)",,,"(442.52, 21.03)",,,,,,,"(624.46, 37.76)","(267.71, 230.87)","(145.57, 32.19)","(550.05, 199.31)","(382.00, 60.83)","(271.43, 205.95)","(24.55, 136.05)",,,,"(48.87, 104.88)","(287.77, 220.30)",,,,,,,"(501.28, 24.43)",,,"(187.01, 40.06)",,,,,,,,,,"(195.73, 148.24)",,,,,"(252.71, 444.16)","(76.49, 29.86)",,,,,,,,,,"(565.97, 43.44)",,,,"(679.67, 26.49)","(554.98, 216.88)",,,,"(527.15, 24.21)",,,,,,,"(541.40, 54.18)","(433.73, 33.12)",,,,"(527.75, 148.04)",,,,"(645.80, 287.74)","(664.29, 36.16)","(384.63, 446.44)","(423.93, 387.45)","(403.78, 244.36)","(197.39, 20.79)"
427,,"(319.15, 19.48)",,,"(131.55, 240.83)",,"(391.00, 447.48)","(682.38, 24.27)","(286.53, 310.60)",,,"(442.53, 20.80)",,,,,,,"(624.46, 37.77)","(266.80, 229.58)","(145.56, 32.15)","(550.20, 199.12)","(382.19, 58.86)","(269.86, 203.75)","(26.50, 133.20)",,,,,"(287.75, 220.35)",,,,,,,"(501.95, 25.75)",,,"(184.75, 40.48)",,,,,,,,,,"(195.10, 147.16)",,,,,"(252.58, 443.80)","(76.59, 29.75)",,,,,,,,,,"(565.74, 40.98)",,,,"(677.11, 30.10)","(555.26, 213.87)",,,,"(526.84, 24.30)",,,,,,,"(541.74, 53.90)","(434.37, 34.37)",,,,"(528.08, 146.74)",,,,"(645.03, 286.67)","(662.22, 33.56)","(384.70, 446.54)","(423.85, 387.56)","(403.67, 243.47)","(197.47, 20.87)"
428,,"(318.64, 18.21)",,,"(131.45, 240.84)",,"(391.02, 447.45)","(683.97, 23.68)","(286.53, 310.59)",,,"(442.50, 20.70)",,,,,,,"(624.56, 37.77)","(266.08, 229.01)","(145.67, 32.08)","(550.34, 199.10)","(382.10, 57.04)","(267.90, 201.48)","(27.88, 130.63)",,,,,"(287.66, 220.46)",,,,,,,"(502.43, 26.73)",,,"(182.35, 40.99)",,,,,,,,,,"(194.21, 146.14)",,,,,"(252.41, 443.07)","(76.64, 29.48)",,,,,,,,,,"(565.63, 38.47)",,,,"(676.36, 31.82)","(555.62, 211.14)",,,,"(526.06, 24.10)",,,,,,,"(542.28, 52.21)","(435.71, 35.47)",,,,"(528.24, 145.65)",,,,"(644.74, 286.38)","(660.28, 31.11)","(384.64, 446.55)","(423.74, 387.79)","(403.91, 241.41)","(197.47, 20.96)"
429,,"(318.65, 18.94)",,,"(131.42, 240.81)",,"(390.96, 447.43)","(685.39, 22.49)","(286.50, 310.52)",,,"(442.64, 21.56)",,,,,,,"(624.68, 37.77)","(265.40, 228.20)","(145.69, 32.09)","(550.51, 199.06)","(381.99, 55.21)","(266.62, 198.42)","(29.36, 128.29)",,,,,"(287.71, 220.51)",,,,,,,"(503.74, 27.69)",,,"(180.00, 41.67)",,,,,,,,,,"(193.35, 145.02)",,,,,"(252.31, 442.67)","(76.57, 28.16)",,,,,,,,,,"(565.82, 36.37)",,,,"(676.28, 33.68)","(556.15, 208.86)",,,,"(525.36, 23.73)",,,,,,,"(543.27, 49.71)","(437.28, 36.79)",,,"(656.21, 32.43)","(528.56, 144.19)",,,,"(644.66, 286.31)","(660.78, 27.76)","(384.69, 446.55)","(423.81, 387.84)","(403.68, 239.75)","(197.66, 21.29)"
430,,"(316.82, 19.73)",,,"(131.40, 240.84)",,"(391.00, 447.45)","(686.44, 22.02)","(286.43, 310.36)",,,"(442.77, 22.29)",,,,,,,"(624.54, 37.84)","(264.66, 227.50)","(145.71, 32.09)","(550.42, 199.08)","(381.66, 53.05)","(265.20, 196.31)","(30.45, 125.56)",,,,,"(287.69, 220.55)",,,,,,,"(504.34, 28.10)",,,"(177.38, 42.13)",,,,,,,,,,"(192.39, 143.58)",,,,,"(252.25, 442.38)","(76.72, 28.53)",,,,,,,,,,"(565.86, 33.78)",,,,"(675.36, 35.94)","(557.71, 206.80)",,,,"(524.44, 23.92)",,,,,,,"(544.03, 47.10)","(438.28, 37.97)",,,"(652.35, 32.55)","(528.63, 143.30)",,,,"(644.50, 286.20)","(660.04, 24.68)","(384.69, 446.55)","(423.76, 388.04)","(403.33, 238.49)","(197.62, 21.82)"
431,,"(315.77, 19.70)",,,"(131.37, 240.93)",,"(391.01, 447.49)","(686.80, 21.85)","(286.41, 310.06)",,,"(442.73, 22.88)",,,,,,,"(624.55, 37.81)","(264.47, 226.82)","(145.70, 32.04)","(550.45, 199.08)","(381.69, 51.50)","(264.05, 194.04)","(31.79, 122.93)",,,,,"(287.73, 220.62)",,,,,,,"(504.53, 28.15)",,,"(174.76, 41.73)",,,,,,,,,,"(191.44, 142.02)",,,,,"(252.15, 442.09)","(76.77, 28.31)",,,,,,,,,,"(566.06, 31.30)",,,,"(674.33, 38.05)","(559.28, 205.69)",,,,"(522.84, 23.64)",,,,,,,"(545.18, 44.47)","(439.59, 39.37)",,,"(649.49, 32.48)","(529.29, 141.99)",,,,"(644.60, 286.08)","(659.37, 21.50)","(384.64, 446.54)","(423.69, 388.13)","(403.05, 236.38)","(197.65, 22.43)"
432,,"(314.06, 20.12)",,,"(131.33, 241.13)",,"(391.08, 447.40)","(686.91, 22.07)","(286.29, 309.58)",,,"(442.59, 23.11)",,,,,,,"(624.52, 37.71)","(264.19, 226.06)","(145.88, 31.97)","(550.45, 199.25)","(381.57, 48.54)","(263.22, 191.79)","(33.21, 120.37)",,,,,"(287.74, 220.71)",,,,,,,"(504.55, 28.17)",,,"(173.00, 40.45)",,,,,,,,,,"(190.82, 140.92)",,,,,"(252.31, 441.76)","(76.50, 27.81)",,,,,,,"(583.39, 63.40)",,,"(565.02, 29.43)",,,,"(673.98, 40.40)","(561.15, 204.67)",,,,"(521.06, 23.56)",,,,,,,"(546.85, 42.28)","(440.58, 39.79)",,,"(646.98, 32.14)","(529.57, 141.01)",,,,"(644.65, 286.06)","(658.30, 18.28)","(384.61, 446.47)","(423.63, 388.25)","(402.72, 233.94)","(197.66, 22.76)"
433,,"(312.55, 20.09)",,,"(131.32, 241.12)",,"(391.11, 447.29)","(688.72, 22.80)","(286.24, 309.23)",,,"(442.61, 23.47)",,,,,,,"(624.51, 37.71)","(263.94, 225.53)","(145.96, 32.04)","(550.56, 199.05)","(381.38, 46.58)","(261.86, 189.48)","(34.79, 116.72)",,,,,"(287.73, 220.64)",,,,,,,"(504.52, 28.07)",,,"(171.52, 38.50)",,,,,,,,,,"(190.18, 139.92)",,,,,"(252.64, 441.21)","(75.91, 27.08)",,,,,,,,,,"(565.10, 26.93)",,,,"(673.34, 43.33)","(562.32, 203.73)",,,,"(519.48, 23.69)",,,,,,,"(548.03, 39.96)","(441.56, 40.75)",,,"(644.25, 31.84)","(529.73, 139.91)",,,,"(644.63, 286.05)","(657.37, 19.03)","(384.56, 446.46)","(423.62, 388.40)","(402.84, 231.56)","(197.68, 22.74)"
434,,"(310.92, 20.66)",,,"(131.33, 241.21)",,"(391.22, 447.21)","(689.49, 24.02)","(285.64, 308.33)",,,"(442.71, 23.56)",,,,,,,"(624.41, 37.74)","(263.77, 225.10)","(145.81, 32.12)","(550.69, 199.00)","(381.44, 45.13)","(261.02, 187.33)","(35.64, 113.93)",,,,,"(287.69, 220.61)",,,,,,,"(504.33, 28.11)",,,"(169.98, 35.94)",,,,,,,,,,"(189.58, 138.49)",,,,,"(252.78, 440.39)","(75.99, 27.23)",,,,,,,,,,"(565.07, 24.22)",,,,"(673.06, 46.30)","(563.62, 203.05)",,,,"(518.69, 23.36)",,,,,,,"(549.41, 37.73)","(442.47, 41.15)",,,"(641.84, 31.82)","(529.72, 139.60)",,,,"(644.64, 286.08)","(656.58, 19.08)","(384.55, 446.47)","(423.69, 388.44)","(402.42, 229.13)","(197.83, 22.64)"
435,,"(308.53, 20.98)",,,"(131.27, 241.28)",,"(391.22, 447.23)","(690.14, 25.14)","(285.02, 307.21)",,,"(442.56, 24.02)",,,,,,,"(624.37, 37.67)","(263.44, 224.75)","(145.76, 32.16)","(550.64, 199.17)","(381.46, 43.66)","(259.76, 184.77)","(36.98, 111.32)",,,,,"(287.70, 220.62)",,,,,,,"(504.49, 27.40)",,,"(168.21, 33.81)",,,,,,,,,,"(188.57, 136.92)",,,,,"(252.83, 438.90)","(75.95, 27.56)",,,,,,,,,,"(564.97, 23.15)",,,,"(672.05, 49.23)","(564.21, 201.61)",,,,"(517.56, 23.60)",,,,,,,"(550.71, 35.91)","(442.47, 40.51)",,,"(639.39, 31.87)","(530.05, 138.77)",,,,"(644.64, 286.12)","(655.67, 19.29)","(384.57, 446.43)","(423.73, 388.48)","(402.16, 226.54)","(197.87, 22.76)"
436,,"(306.60, 21.31)",,,"(131.31, 241.29)",,"(391.23, 447.20)","(690.55, 25.91)","(284.72, 306.16)",,,"(442.32, 24.17)",,,,,,,"(624.37, 37.66)","(263.34, 224.60)","(145.78, 32.15)","(550.52, 199.22)","(381.52, 42.35)","(259.14, 181.98)",,,,,,"(287.74, 220.60)",,,,,,,"(505.28, 25.98)",,,"(165.90, 31.51)",,,,,,,,,,"(187.08, 135.15)",,,,,"(252.93, 438.38)","(75.71, 27.66)",,,,,,,,,,"(564.98, 23.14)",,,,"(671.49, 52.05)","(564.70, 199.98)",,,,"(515.50, 23.81)",,,,,,,"(552.55, 34.37)","(442.67, 39.22)",,,"(637.16, 31.95)","(530.40, 138.10)",,,,"(644.60, 286.15)","(654.64, 18.73)","(384.55, 446.35)","(424.04, 388.38)","(402.09, 223.69)","(197.95, 22.80)"
437,,"(304.18, 21.57)",,,"(131.28, 241.40)",,"(391.19, 447.24)","(690.90, 26.77)","(284.11, 304.56)",,,"(442.12, 24.42)",,,,,,,"(624.35, 37.63)","(263.45, 224.58)","(145.81, 32.12)","(550.25, 199.04)","(381.31, 40.22)","(258.54, 179.51)",,,,,,"(287.75, 220.67)",,,,,,,"(506.06, 24.73)",,,"(163.84, 29.15)",,,,,,,,,,"(186.20, 133.46)",,,,,"(252.76, 437.51)","(75.30, 26.76)",,,,,,,,,,"(564.86, 23.33)",,,,"(670.96, 52.95)","(566.01, 198.25)",,,,"(513.98, 24.01)",,,,,,,"(554.42, 32.79)","(442.66, 37.15)",,,"(635.25, 31.99)","(530.51, 137.39)",,,,"(644.60, 286.16)","(652.91, 18.57)","(384.57, 446.36)","(424.18, 388.23)","(401.92, 222.00)","(198.11, 22.98)"
438,,"(302.95, 21.50)",,,"(131.46, 241.23)",,"(391.21, 447.16)","(690.98, 27.00)","(283.51, 303.12)",,,"(441.81, 24.77)",,,,,,,"(624.50, 37.59)","(263.46, 224.73)","(145.77, 32.13)","(550.20, 199.00)","(381.29, 38.88)","(257.37, 176.96)",,,,,,"(287.80, 220.72)",,,,,,,"(505.86, 25.00)",,,"(160.85, 26.87)",,,,,,,,,,"(185.03, 132.17)",,,,,"(252.82, 437.41)","(74.87, 26.10)",,,,,,,,,,"(564.71, 23.34)",,,,"(670.61, 53.07)","(566.08, 195.49)",,,,"(514.15, 24.15)",,,,,,,"(556.20, 32.50)","(442.82, 35.64)",,,"(634.08, 31.57)","(530.70, 136.78)",,,,"(644.57, 286.20)","(651.12, 18.91)","(384.54, 446.32)","(424.33, 388.06)","(402.25, 218.94)","(198.20, 23.00)"
439,,"(300.59, 22.13)",,,"(131.66, 241.12)",,"(391.20, 447.13)","(690.96, 27.47)","(282.75, 300.55)",,,"(441.31, 25.32)",,,,,,,"(624.56, 37.64)","(263.39, 224.72)","(145.70, 32.18)","(550.22, 199.09)","(381.32, 37.48)","(257.02, 174.24)",,,,,,"(287.77, 220.77)",,,,,,,"(506.39, 25.72)",,,"(159.62, 25.61)",,,,,,,,,,"(183.37, 130.42)",,,,,"(252.95, 437.30)","(73.80, 26.19)",,,,,,,,,,"(564.83, 23.27)",,,,"(670.26, 54.33)","(566.71, 193.06)",,,,"(514.97, 23.77)",,,,,,,"(557.91, 32.12)","(442.84, 34.62)",,,"(632.46, 31.79)","(531.33, 135.51)",,,,"(644.74, 286.18)","(649.45, 19.38)","(384.56, 446.32)","(424.55, 387.92)","(402.25, 216.47)","(198.44, 23.11)"
440,,"(298.64, 22.31)",,,"(131.58, 241.13)",,"(391.18, 447.18)","(690.78, 27.50)","(281.56, 297.29)",,,"(440.72, 25.35)",,,,,,,"(624.43, 37.59)","(263.42, 224.68)","(145.71, 32.16)","(550.10, 199.14)","(381.28, 36.01)","(256.32, 171.54)",,,,,,"(287.83, 220.81)",,,,,,,"(507.29, 25.90)",,,"(158.69, 26.14)",,,,,,,,,,"(181.35, 127.65)",,,,,"(252.78, 436.81)","(71.82, 26.42)",,,,,,,,,,"(564.49, 23.17)",,,,"(669.80, 54.94)","(566.83, 190.53)",,,,"(515.05, 23.35)",,,,,,,"(559.37, 31.32)","(442.99, 33.19)",,,"(631.19, 31.91)","(531.68, 134.70)",,,,"(644.74, 286.16)","(647.93, 18.96)","(384.54, 446.32)","(424.70, 388.03)","(402.05, 213.53)","(198.52, 23.00)"
441,,"(296.40, 22.55)",,,"(131.57, 241.18)",,"(391.21, 447.19)","(690.05, 26.44)","(280.78, 295.00)",,,"(440.10, 25.58)","(74.72, 24.09)",,,,,,"(624.36, 37.60)","(263.45, 224.69)","(145.66, 32.19)","(550.06, 199.06)","(381.29, 34.07)","(255.89, 169.20)",,,,,,"(287.84, 220.82)",,,,,,,"(508.09, 25.91)",,,"(157.12, 26.48)",,,,,,,,,,"(180.18, 125.08)",,,,,"(252.89, 436.03)","(69.72, 26.10)",,,,,,,,,,"(564.17, 23.23)",,,,,"(566.99, 187.99)",,,,"(514.95, 23.62)",,,,,,,"(561.36, 30.15)","(442.94, 31.07)",,,"(630.18, 32.48)","(531.34, 133.22)",,,,"(644.76, 286.14)","(646.01, 18.59)","(384.57, 446.34)","(424.79, 388.14)","(402.35, 210.76)","(198.56, 22.89)"
442,,"(293.97, 23.06)",,,"(131.62, 241.13)",,"(391.24, 447.29)","(689.36, 25.46)","(279.76, 292.25)",,,"(438.90, 25.34)","(74.48, 22.56)",,,,,,"(624.37, 37.62)","(263.47, 224.71)","(145.73, 32.20)","(550.13, 199.08)","(381.37, 32.59)","(255.42, 166.08)",,,"(664.24, 66.87)",,"(70.37, 71.71)","(287.91, 220.82)",,,,,,,"(508.34, 26.35)",,,"(155.09, 26.16)",,,,,,,,,,"(179.33, 123.02)",,,,,"(253.02, 435.44)","(69.16, 25.44)",,,,,,,,,,"(564.27, 22.02)",,,,"(668.91, 63.88)","(567.04, 185.38)",,,,"(514.58, 23.66)",,,,,,,"(562.63, 29.70)","(442.57, 29.02)",,,"(629.23, 32.65)","(531.23, 132.34)",,,,"(644.69, 286.01)","(644.51, 18.50)","(384.58, 446.35)","(424.90, 388.42)","(402.85, 208.05)","(198.79, 22.38)"
443,,"(291.21, 23.57)",,,"(131.61, 241.15)",,"(391.23, 447.27)","(688.14, 24.16)","(278.81, 289.09)",,,"(438.19, 25.60)","(73.18, 22.14)",,,,,,"(624.37, 37.51)","(263.44, 224.74)","(145.62, 31.97)","(550.19, 199.03)","(381.35, 30.27)","(255.51, 163.05)",,,"(664.51, 65.56)",,"(69.83, 70.59)","(287.88, 220.81)",,,,,,,"(508.55, 26.43)",,,"(152.67, 26.00)",,,,,,,,,,"(178.58, 121.36)",,,,,"(252.92, 434.36)","(65.54, 26.26)",,,,,,,,,,"(563.93, 22.72)",,,,"(668.88, 64.18)","(567.05, 182.73)",,,,"(515.20, 22.79)",,,,,,,"(562.93, 29.70)","(442.76, 27.97)",,,"(628.39, 32.54)","(530.56, 131.17)",,,,"(644.73, 285.96)","(643.51, 18.30)","(384.58, 446.36)","(425.04, 388.53)","(403.16, 205.64)","(198.69, 21.91)"
444,,"(288.90, 24.13)",,,"(131.61, 241.19)",,"(391.21, 447.19)","(686.49, 22.21)","(278.33, 286.43)",,,"(437.43, 25.14)","(71.71, 22.26)",,,,,,"(624.87, 36.85)","(263.42, 224.72)","(145.60, 32.00)","(550.22, 198.97)","(381.36, 28.57)","(255.36, 159.47)",,,"(664.98, 64.33)",,"(70.24, 68.54)","(287.99, 220.85)",,,,,,,"(509.76, 28.10)",,,"(150.37, 25.25)",,,,,,,,,,"(178.14, 119.96)",,,,,"(253.11, 433.13)","(62.88, 27.07)",,,,,,,"(583.21, 64.12)",,,"(563.92, 23.56)",,,,"(668.57, 64.91)","(566.60, 179.79)",,,,"(515.48, 22.65)",,,,,,,"(563.08, 29.53)","(441.21, 25.74)",,,,"(529.73, 130.34)",,,,"(644.69, 286.14)","(642.03, 18.08)","(384.61, 446.36)","(425.16, 388.64)","(403.82, 202.23)","(198.64, 22.10)"
445,,"(287.75, 24.11)",,,"(131.61, 241.19)",,"(391.24, 447.26)","(685.20, 21.18)","(277.50, 283.16)",,,"(436.16, 24.84)","(70.42, 22.32)",,,,,,"(624.74, 37.46)","(263.43, 224.71)","(145.59, 32.08)","(550.18, 198.94)","(381.32, 26.85)","(255.35, 156.45)",,,,,"(70.07, 65.19)","(288.02, 220.85)",,,,,,,"(511.07, 29.47)",,,"(148.30, 24.36)",,,,,,,,,,"(177.16, 118.21)",,,,,"(253.27, 431.53)","(60.24, 27.17)",,,,,,,"(583.32, 63.47)",,,,,,,"(667.86, 64.71)","(566.36, 177.67)",,,,"(515.05, 22.93)",,,,,,,"(563.19, 29.14)","(441.03, 23.74)",,,"(627.45, 30.94)","(528.74, 128.90)",,,,"(644.61, 286.27)","(640.38, 19.15)","(384.65, 446.36)","(425.22, 388.72)","(404.22, 199.34)","(198.59, 22.89)"
446,,"(286.80, 24.52)",,,"(131.53, 241.66)",,"(391.19, 447.23)","(683.33, 19.45)","(276.33, 280.25)",,,"(435.08, 25.04)","(69.09, 21.76)",,,,,,"(624.57, 37.77)","(263.40, 224.73)","(145.63, 32.10)","(550.20, 198.99)","(381.12, 25.18)","(255.25, 153.48)",,,,,"(70.20, 62.18)","(288.00, 220.85)",,,,,"(30.86, 71.85)",,"(512.15, 30.65)",,,"(145.97, 23.77)",,,,,,,,,,"(176.08, 116.24)",,,,,"(253.54, 429.68)","(57.51, 26.94)",,,,,,,"(583.39, 63.32)",,,"(563.07, 23.41)",,,,"(668.48, 64.63)","(566.51, 174.36)",,,,"(514.68, 23.16)",,,,,,,"(563.36, 28.83)","(440.62, 22.37)",,,"(627.30, 28.93)","(527.52, 126.92)",,,,"(644.61, 286.26)","(637.72, 19.98)","(384.64, 446.35)","(425.17, 388.88)","(404.74, 196.39)","(198.60, 23.42)"
447,,"(284.36, 24.61)",,,"(131.34, 242.13)",,"(391.18, 447.21)","(680.82, 17.83)","(275.91, 278.14)",,,"(433.61, 25.31)","(66.77, 20.96)",,,,,,"(624.62, 37.90)","(263.40, 224.74)","(145.45, 32.13)","(550.17, 199.06)","(381.27, 24.43)","(255.39, 150.41)",,,"(667.25, 54.45)",,"(70.21, 58.23)","(288.03, 220.92)",,,,,"(30.93, 70.60)",,"(512.82, 31.60)",,,"(144.42, 23.92)",,,,,,,,,,"(175.71, 114.47)",,,,,"(253.71, 428.15)","(54.77, 26.83)",,,,,,,,,,"(562.19, 23.68)",,,,"(669.07, 64.12)","(566.13, 171.21)",,,,"(514.75, 23.11)",,,,,,,"(564.39, 28.53)","(440.98, 22.76)",,,"(627.19, 27.82)","(526.47, 125.49)",,,,"(644.66, 286.06)","(636.66, 20.40)","(384.65, 446.38)","(425.16, 388.90)","(405.30, 193.51)","(198.40, 24.18)"
448,,"(283.99, 24.69)",,,"(131.47, 241.81)",,"(391.18, 447.13)","(678.68, 18.00)","(275.24, 275.76)",,,"(432.04, 25.93)","(64.74, 20.01)",,,,,,"(624.53, 37.81)","(263.41, 224.72)","(145.49, 32.15)","(550.14, 199.17)","(381.27, 24.63)","(255.52, 147.70)",,,"(667.32, 53.52)",,"(69.93, 54.62)","(288.03, 220.91)",,,,,"(30.09, 67.90)",,"(513.66, 32.55)",,,"(142.66, 24.20)",,,,,,,,,,"(175.00, 112.93)",,,,,"(253.68, 426.36)","(52.62, 26.83)",,,,,,,"(583.52, 63.97)",,,"(561.87, 23.49)",,,,"(669.93, 63.41)","(565.38, 167.83)",,,,"(514.82, 22.56)",,,,,,,,"(439.55, 23.09)",,,"(626.43, 25.19)","(525.48, 123.88)",,,,"(644.69, 285.92)","(635.08, 20.66)","(384.62, 446.34)","(425.16, 388.91)","(406.39, 190.60)","(198.10, 24.54)"
449,,"(283.99, 24.70)",,,"(131.42, 241.92)",,"(391.13, 447.17)","(675.86, 18.01)","(275.05, 273.63)",,,"(429.93, 26.19)","(63.88, 19.45)",,,,,,"(624.50, 37.86)","(263.34, 224.75)","(145.45, 32.15)","(550.10, 199.23)","(381.28, 24.60)","(255.33, 145.61)",,,"(668.37, 50.86)",,"(69.97, 51.35)","(288.29, 220.75)",,,,,"(29.96, 64.36)",,"(515.09, 33.68)",,,"(140.67, 24.82)",,,,,,,,,,"(174.60, 111.01)",,,,,"(253.74, 425.34)","(50.95, 27.03)",,,,,,,"(583.61, 63.63)",,,"(562.36, 23.84)",,,,"(671.29, 63.23)","(565.52, 165.18)",,,,"(514.34, 21.86)",,,,,,,,"(438.97, 24.21)",,,"(626.36, 25.05)","(524.26, 122.57)",,,,"(644.71, 285.95)","(634.61, 20.57)","(384.62, 446.34)","(425.22, 388.92)","(407.12, 188.12)","(198.02, 25.10)"
450,,"(283.98, 24.73)",,,"(131.47, 241.86)",,"(391.12, 447.22)","(673.40, 18.60)","(275.45, 272.20)",,,"(428.28, 26.75)","(63.41, 18.85)",,,,,,"(624.50, 37.71)","(263.38, 224.75)","(145.34, 32.09)","(549.91, 200.07)","(381.13, 25.03)","(255.35, 142.78)",,,"(668.61, 48.08)",,"(69.50, 48.19)","(288.22, 220.55)",,,,,"(29.69, 60.83)",,"(516.33, 34.72)",,,"(138.81, 25.04)",,,,,,,,,,"(174.17, 108.40)",,,,,"(253.71, 423.82)","(48.20, 27.39)",,,,,,,"(583.37, 64.26)",,,"(562.41, 24.34)",,,,"(672.17, 62.69)","(565.32, 162.75)",,,,"(513.52, 21.06)",,,,,,,,"(437.99, 24.97)",,,"(626.33, 25.37)","(523.34, 121.09)",,,,"(644.70, 286.05)","(633.80, 19.77)","(384.66, 446.33)","(425.20, 388.93)","(407.51, 186.18)","(197.32, 25.42)"
451,,"(283.99, 24.76)",,,"(131.60, 241.75)",,"(391.09, 447.24)","(671.40, 19.68)","(274.86, 270.37)",,,"(426.60, 26.81)","(60.94, 17.73)",,,,,,"(624.58, 37.61)","(263.39, 224.80)","(145.37, 32.15)","(549.93, 200.36)","(381.03, 25.54)","(255.22, 140.38)",,,"(668.96, 45.09)",,"(69.05, 44.79)","(288.17, 220.26)",,,,,"(29.91, 58.02)",,"(518.36, 36.25)",,,"(137.51, 25.30)",,,,,,,,,,"(173.69, 105.98)",,,,,"(253.52, 422.66)","(45.36, 28.41)",,,,,,,"(583.36, 64.38)",,,"(562.43, 23.98)",,,,,"(564.48, 159.76)",,,,"(512.55, 19.71)",,,,,,,,"(436.30, 26.04)",,,"(626.07, 25.21)","(522.38, 119.20)",,,,"(644.51, 286.35)","(634.02, 20.27)","(384.67, 446.33)","(425.27, 388.96)","(408.64, 184.02)","(197.23, 25.46)"
452,,"(284.04, 24.74)",,,"(131.60, 241.74)",,"(391.13, 447.25)","(669.42, 20.10)","(274.93, 269.52)",,,"(425.13, 26.86)","(59.65, 16.88)",,,,,,"(624.52, 37.63)","(263.40, 224.82)","(145.45, 32.18)","(549.98, 200.29)","(381.06, 26.30)","(255.34, 137.64)",,,"(669.07, 43.44)",,"(69.06, 41.65)","(288.24, 219.96)",,,,,"(29.80, 54.32)",,"(520.47, 37.25)",,,"(136.44, 25.59)",,,,,,,,,,"(172.99, 104.99)",,,,,"(253.33, 421.34)","(42.88, 28.42)",,,,,,,"(583.51, 64.03)",,,"(562.28, 23.83)",,,,,"(563.99, 156.88)",,,,"(511.89, 18.72)",,,,,,,,"(434.86, 26.27)",,,"(625.46, 24.68)","(521.39, 117.82)",,,,"(644.48, 286.59)","(634.74, 19.77)","(384.62, 446.38)","(425.25, 389.04)","(409.34, 181.02)","(197.12, 25.81)"
453,,"(281.79, 24.76)",,,"(131.38, 241.60)",,"(391.11, 447.26)","(666.67, 21.38)","(274.96, 267.77)",,,"(423.58, 27.00)",,,,,,,"(624.62, 37.66)","(263.42, 224.77)","(145.60, 32.20)","(549.96, 199.87)","(380.75, 26.93)","(255.44, 134.98)",,,"(669.16, 40.63)",,"(68.51, 37.98)","(288.30, 219.86)",,,,,"(29.99, 50.85)",,"(522.67, 38.78)",,,"(135.49, 26.02)",,,,,,,,,,,,,,,"(253.43, 419.71)","(40.59, 29.71)",,,,,,,"(583.57, 64.08)",,,"(561.86, 23.57)",,,,,"(563.25, 154.34)",,,,"(511.02, 17.69)",,,,,,,,"(433.01, 26.69)",,,"(625.19, 24.39)","(520.20, 116.59)",,,,"(644.46, 286.60)","(634.79, 20.69)","(384.63, 446.42)","(425.28, 389.04)","(409.91, 179.16)","(196.51, 26.26)"
454,,"(279.10, 24.25)",,,"(131.24, 241.48)",,"(391.20, 447.22)","(664.70, 22.40)","(274.79, 265.88)",,,"(421.62, 26.82)",,,,,,,"(624.59, 37.71)","(263.41, 224.85)","(145.78, 32.26)","(550.21, 199.74)","(380.54, 26.97)","(255.44, 132.50)",,,"(669.52, 38.12)",,"(67.80, 34.43)","(288.18, 219.77)",,,,,"(30.15, 47.52)",,"(525.18, 39.58)",,,"(134.29, 25.98)",,,,,,,,,,,,,,,"(253.67, 418.19)","(39.38, 30.27)",,,,,,,,,,"(559.44, 23.21)",,,,,"(562.72, 151.25)",,,,,,,,,,,"(563.98, 23.97)","(431.36, 26.60)",,,"(624.70, 23.82)","(519.21, 114.85)",,,,"(644.45, 286.59)","(634.71, 20.72)","(384.60, 446.35)","(425.26, 389.06)","(410.65, 176.72)","(195.90, 26.62)"
455,,"(276.89, 23.27)",,,"(131.25, 241.47)",,"(391.14, 447.21)","(662.32, 23.25)","(274.79, 263.63)",,,"(420.13, 27.31)","(53.52, 12.20)",,,"(200.71, 2.13)",,,"(624.67, 37.77)","(263.40, 224.82)","(145.72, 32.34)","(550.43, 199.50)","(380.46, 26.89)","(255.26, 130.71)",,,"(669.85, 35.55)",,"(66.89, 30.44)","(288.12, 219.78)",,,,,"(30.88, 43.58)",,"(527.50, 40.96)",,,"(133.98, 26.12)",,,,,,,,,,,,,,,"(253.52, 416.81)","(38.80, 30.95)",,,,,,,,,,"(558.13, 22.96)",,,,,"(562.33, 148.38)",,,,,,,,,,,"(563.73, 23.77)","(428.88, 26.18)",,,"(624.35, 23.26)","(518.43, 113.12)",,,,"(644.44, 286.59)","(634.68, 20.52)","(384.64, 446.35)","(425.24, 389.06)","(411.47, 174.26)","(194.98, 26.61)"
456,,"(275.08, 22.30)",,,"(131.04, 241.42)",,"(391.09, 447.27)","(659.25, 23.16)","(274.56, 261.58)",,,"(418.21, 27.48)",,,,,,,"(624.60, 37.68)","(263.36, 224.81)","(145.63, 32.33)","(550.39, 199.51)","(380.00, 26.65)","(255.47, 128.61)",,,"(670.02, 33.22)",,"(65.47, 27.36)","(288.05, 219.78)",,,,,"(32.55, 41.15)",,"(529.78, 42.21)",,,"(133.64, 25.29)",,,,,,,,,,,,,,,"(253.38, 415.42)","(38.86, 30.95)",,,,,,,,,,"(557.53, 22.85)",,,,,"(561.44, 145.20)",,,,,,,,,,,"(563.62, 23.73)","(427.29, 26.24)",,,"(624.08, 22.98)","(517.58, 111.69)",,,,"(644.46, 286.62)","(634.62, 19.88)","(384.69, 446.25)","(425.33, 389.00)","(412.02, 172.22)","(193.98, 26.79)"
457,,"(273.01, 21.36)",,,"(130.96, 241.34)",,"(391.13, 447.27)","(656.30, 23.46)","(274.89, 259.29)",,,"(416.02, 27.39)",,,,,,,"(624.49, 37.74)","(263.39, 224.81)","(145.59, 32.34)","(550.47, 199.39)","(379.47, 26.38)","(255.51, 126.44)",,,"(670.39, 30.68)",,"(65.00, 24.68)","(287.86, 219.63)",,,,,"(33.65, 38.61)",,"(532.34, 43.67)",,,"(133.13, 24.54)",,,,,,,,,,,,,,,"(253.58, 414.14)","(38.06, 31.35)",,,,,,,"(583.32, 64.30)",,,"(556.53, 22.93)",,,,"(682.20, 55.85)","(560.98, 142.67)",,,,,,,,,,,"(563.72, 23.78)","(425.50, 26.14)",,,"(623.97, 23.28)","(516.96, 110.76)",,,,"(644.46, 286.60)","(634.61, 19.23)","(384.65, 446.20)","(425.39, 388.98)","(412.17, 170.24)","(192.86, 26.47)"
458,,"(271.26, 20.21)",,,"(130.98, 241.13)",,"(391.12, 447.30)","(653.85, 24.20)","(274.76, 257.11)",,,"(414.26, 28.33)",,,,,,,"(624.59, 37.82)","(263.38, 224.82)","(145.69, 32.36)","(550.55, 199.39)","(378.98, 25.87)","(255.48, 123.52)","(40.67, 71.63)",,"(670.19, 28.21)",,"(63.77, 21.86)","(287.85, 219.63)",,,,,"(33.62, 37.02)",,"(534.40, 44.67)",,,"(133.09, 23.41)",,,,,,,,,,,,,,,"(253.53, 412.74)","(38.92, 31.69)",,,,,,,"(583.25, 64.43)",,,"(554.99, 23.23)",,,,"(682.59, 55.02)","(560.23, 139.86)",,,,,,,,,,,"(563.88, 23.94)","(423.57, 25.70)",,,"(623.82, 23.32)","(516.12, 107.46)",,,,"(644.45, 286.60)","(635.06, 18.41)","(384.69, 446.24)","(425.39, 388.97)","(413.18, 168.05)","(190.88, 26.24)"
459,,"(269.35, 19.40)",,,"(130.97, 240.83)",,"(391.12, 447.29)","(650.60, 25.01)","(274.63, 255.56)",,,"(412.68, 29.03)",,,,,,,"(624.69, 37.71)","(263.31, 224.71)","(145.74, 32.33)","(550.50, 199.43)","(378.55, 25.53)","(255.32, 120.64)","(41.14, 69.81)",,"(670.14, 22.74)",,"(63.75, 22.10)","(287.58, 219.48)",,,,,"(33.61, 38.03)",,"(537.79, 46.75)",,,"(132.77, 21.41)",,,,,,,,,,,,,,,"(253.49, 411.55)","(39.94, 30.92)",,,,,,,"(583.57, 63.12)",,,"(554.03, 23.28)",,,,"(684.46, 54.00)","(559.41, 137.33)",,,,,,,,,,,"(563.80, 23.88)","(421.47, 25.03)",,,"(623.82, 22.96)","(515.82, 105.46)",,,,"(644.43, 286.58)","(635.35, 16.00)","(384.66, 446.23)","(425.39, 388.97)","(413.34, 166.07)","(189.73, 25.76)"
460,,"(268.02, 18.60)",,,"(131.05, 240.87)",,"(391.11, 447.25)","(648.97, 26.23)","(274.81, 254.44)",,,"(410.91, 29.68)",,,,,,,"(624.69, 37.61)","(263.32, 224.55)","(145.81, 32.37)","(550.46, 199.58)","(378.20, 25.11)","(254.84, 117.48)","(42.00, 66.08)",,,,"(63.58, 22.17)","(287.53, 219.49)",,,,,"(33.35, 38.15)",,"(540.43, 48.36)",,,"(133.08, 20.21)",,,,,,,,,,,,,,,"(253.55, 411.03)","(39.75, 30.91)",,,,,,,"(583.73, 63.02)",,,"(553.28, 23.61)",,,,"(685.16, 53.58)","(559.02, 134.85)",,,,,,,,,,,"(563.72, 23.87)","(419.29, 24.37)",,,"(623.72, 22.71)","(515.73, 104.83)",,,,"(644.44, 286.57)","(635.52, 15.04)","(384.65, 446.27)","(425.41, 388.98)","(414.15, 164.23)","(187.91, 25.28)"
461,,"(266.55, 17.14)",,,"(131.07, 240.75)",,"(391.06, 447.29)","(648.86, 26.23)","(274.69, 252.85)",,,"(409.35, 29.70)",,,,,,,"(624.68, 37.68)","(263.29, 224.33)","(145.78, 32.37)","(550.45, 199.61)","(377.99, 24.74)","(254.76, 114.45)","(42.38, 62.56)",,,,"(62.41, 22.09)","(287.52, 219.45)",,,,,"(33.49, 37.65)",,"(542.85, 50.64)",,,"(133.02, 20.93)",,,,,,,,,,,,,,,"(253.80, 410.90)","(39.32, 31.62)",,,,,,,"(583.39, 63.25)",,,"(552.17, 23.94)",,,,"(685.09, 53.64)","(557.90, 132.41)",,,,,,,,,,,"(563.65, 23.43)","(417.86, 24.24)",,,"(624.27, 22.22)","(515.34, 104.44)",,,,"(644.41, 286.59)",,"(384.65, 446.19)","(425.36, 388.95)","(414.95, 162.69)","(186.86, 24.84)"
462,,"(265.07, 16.15)",,,"(131.07, 240.76)",,"(391.07, 447.25)","(648.19, 26.40)","(274.47, 251.43)",,,"(407.00, 29.60)",,,,,,,"(624.61, 37.65)","(263.23, 223.88)","(145.70, 32.39)","(550.46, 199.73)","(377.76, 24.46)","(254.01, 112.08)","(43.09, 59.16)",,,,"(60.47, 22.17)","(287.54, 219.42)",,,,,"(33.65, 36.93)",,"(545.28, 52.09)",,,"(133.26, 21.42)",,,,,,,,,,,,,,,"(254.07, 410.82)","(39.39, 31.71)",,,,,,,"(583.39, 63.24)",,,"(550.84, 23.96)",,,,"(685.08, 53.69)","(557.21, 130.05)",,,,,,,,,,,"(563.91, 23.08)","(415.83, 24.70)",,,"(624.80, 21.97)","(515.39, 104.24)",,,,"(644.41, 286.60)",,"(384.61, 446.19)","(425.38, 388.95)","(414.88, 160.94)","(186.08, 24.97)"
463,,"(264.48, 15.89)",,,"(131.07, 240.64)",,"(391.08, 447.21)","(648.15, 26.41)","(274.47, 249.75)",,,"(405.17, 29.05)",,,,,,,"(624.54, 37.63)","(263.18, 223.62)","(145.64, 32.38)","(550.48, 199.72)","(377.56, 24.12)",,"(43.03, 55.75)",,,,"(58.16, 21.90)","(287.51, 219.44)",,,,,"(33.79, 36.47)",,"(547.36, 53.08)",,,"(133.53, 21.49)",,,,,,,,,,,,,,,"(253.88, 410.91)","(39.87, 31.63)",,,,,,,"(583.43, 63.14)",,,"(549.60, 24.33)",,,,"(685.03, 53.69)","(556.66, 127.85)",,,,,,,,,,,"(564.10, 23.70)","(414.41, 25.44)",,,"(625.44, 21.63)",,,,,"(644.43, 286.59)",,"(384.63, 446.18)","(425.39, 388.93)","(415.38, 159.86)","(185.89, 25.38)"
464,,"(263.26, 15.84)",,,"(131.02, 240.55)",,"(391.06, 447.20)","(648.18, 26.45)","(274.51, 247.69)",,,"(403.68, 28.19)",,,,,,,"(624.53, 37.64)","(263.17, 222.90)","(145.73, 32.44)","(550.48, 199.71)","(377.48, 23.94)",,"(43.65, 52.40)",,,,"(55.95, 21.29)","(287.45, 219.45)",,,,,"(34.06, 36.48)",,"(549.20, 53.56)",,,"(135.09, 21.14)",,,,,,,,,,,,,,,"(253.17, 410.44)","(40.38, 31.02)",,,,,,,"(583.46, 63.00)",,,"(548.12, 24.34)",,,,"(685.22, 53.04)","(556.24, 126.42)",,,,,,,,,,,"(564.28, 24.56)","(411.73, 26.41)",,,"(626.34, 21.51)",,,,,"(644.41, 286.59)",,"(384.55, 446.20)","(425.36, 388.93)","(415.95, 158.87)","(185.79, 25.76)"
465,,"(261.13, 16.82)",,,"(131.17, 240.36)",,"(391.07, 447.24)","(648.37, 26.44)","(274.26, 245.35)",,,"(401.52, 27.71)",,,,,,,"(624.56, 37.78)","(263.34, 222.18)","(145.76, 32.44)","(550.44, 199.70)","(377.47, 23.61)",,"(43.88, 48.73)",,,,"(53.49, 21.37)","(287.53, 219.42)",,,,,"(34.37, 35.96)",,"(551.60, 54.00)",,,"(136.30, 20.98)",,,,,,,,,,"(175.49, 71.05)",,,,,"(253.15, 409.78)","(41.38, 30.14)",,,,,,,"(583.37, 63.25)",,,"(547.26, 24.41)",,,,"(685.71, 50.45)","(555.59, 124.94)",,,,,,,,,,,"(564.38, 25.12)","(409.06, 27.13)",,,"(627.87, 21.07)",,,,,"(644.41, 286.60)",,"(384.56, 446.20)","(425.38, 389.03)","(415.89, 158.14)","(185.35, 26.10)"
466,,"(259.96, 17.38)",,,"(131.20, 240.39)",,"(391.02, 447.26)","(647.38, 26.20)","(274.03, 242.47)",,,"(402.05, 27.06)",,,,,,,"(624.40, 37.78)","(263.62, 221.52)","(145.72, 32.40)","(550.14, 199.72)","(377.38, 22.89)",,"(44.58, 45.28)",,,,"(51.07, 21.17)","(287.52, 219.46)",,,,,"(34.45, 35.89)",,"(553.85, 53.72)",,,"(137.87, 20.17)",,,,,,,,,,"(175.71, 70.17)",,,,,"(252.94, 408.90)",,,,,,,,"(583.40, 63.23)",,,"(546.77, 24.44)",,,,"(685.71, 47.54)","(554.26, 123.12)",,,,,,,,,,,"(564.47, 25.52)",,,,"(629.53, 20.86)",,,,,"(644.39, 286.60)",,"(384.62, 446.14)","(425.40, 388.96)","(415.96, 157.02)","(184.67, 26.69)"
467,,"(259.09, 18.17)",,,"(131.30, 240.43)",,"(391.04, 447.28)","(646.29, 25.52)","(273.99, 240.14)",,,"(400.56, 27.09)",,,,,,,"(624.35, 37.86)","(263.71, 220.67)","(145.72, 32.44)","(550.22, 199.66)","(377.24, 22.73)",,"(45.05, 43.02)",,,,"(48.35, 21.25)","(287.50, 219.48)",,,,,"(34.60, 35.52)",,"(555.60, 54.01)",,,"(139.33, 19.61)",,,,,,,,,,"(175.73, 69.25)",,,,,"(252.89, 407.76)",,,,,,,,"(583.42, 63.41)",,,"(546.01, 24.49)",,,,"(686.49, 45.20)","(552.62, 122.07)",,,,,,,,,,,"(564.56, 25.74)",,,,"(631.14, 20.62)",,,,,"(644.42, 286.60)",,"(384.63, 446.17)","(425.26, 388.73)","(416.00, 157.04)","(184.05, 26.81)"
468,,"(257.98, 18.72)",,,"(131.40, 240.44)",,"(391.01, 447.24)","(645.08, 24.18)","(273.93, 238.14)",,,"(394.84, 26.33)",,,,,,,"(624.43, 37.90)","(264.19, 219.78)","(145.72, 32.45)","(550.29, 199.66)","(377.09, 22.55)",,"(45.08, 40.29)",,,,"(45.96, 20.88)","(287.62, 219.49)",,,,,"(34.50, 36.20)",,"(557.57, 53.73)",,,"(141.23, 18.43)",,,,,,,,,,"(176.20, 66.44)",,,,,"(252.55, 406.16)","(36.21, 31.01)",,,,,,,"(583.45, 63.27)",,,"(544.49, 24.34)",,,,"(687.06, 42.72)","(550.67, 121.57)",,,,,,,,,,,"(564.63, 25.92)","(400.89, 28.01)",,,"(632.81, 20.02)",,,,,"(644.52, 286.58)",,,"(424.96, 388.59)","(416.10, 156.92)","(183.14, 27.27)"
469,,"(257.20, 19.27)",,,"(131.20, 240.36)",,"(391.04, 447.17)","(643.25, 23.03)","(273.81, 235.73)",,,"(392.38, 26.05)",,,,,,,"(624.63, 37.99)","(264.62, 219.17)","(145.69, 32.43)","(550.26, 199.64)","(377.29, 22.44)",,"(45.21, 37.11)",,,,"(43.33, 20.80)","(287.63, 219.59)",,,,,"(34.43, 36.22)",,"(559.52, 53.51)",,,"(142.68, 17.62)",,,,,,,,,,"(176.60, 63.89)",,,,,"(252.56, 404.15)","(35.40, 29.15)",,,,,,,"(583.51, 63.31)",,,"(543.92, 24.33)",,,,"(687.70, 40.27)","(548.66, 121.29)",,,,,,,,,,,"(564.75, 26.00)","(399.01, 28.53)",,,"(636.62, 19.92)",,,,,"(644.51, 286.59)",,,"(425.16, 388.66)","(416.10, 156.92)","(181.37, 27.50)"
470,,"(256.41, 20.19)",,,"(131.08, 240.24)",,"(391.03, 447.11)","(643.22, 22.91)","(273.86, 234.04)",,,"(390.32, 25.69)",,,,,,,"(624.57, 38.03)","(264.62, 217.78)","(145.65, 32.42)","(550.31, 199.59)","(377.26, 22.20)",,"(45.22, 33.49)",,,,"(41.92, 20.28)","(287.71, 219.47)",,,,,"(34.08, 36.57)",,"(562.14, 53.32)",,,"(143.81, 17.51)",,,,,,,,,,"(176.65, 61.61)",,,,,"(252.72, 402.39)","(34.30, 26.91)",,,,,,,"(583.44, 63.06)",,,"(543.18, 23.85)",,,,"(688.76, 37.33)","(546.23, 120.87)",,,,,,,,,,,"(564.72, 26.10)","(397.25, 28.86)",,,"(638.16, 19.19)",,,,,"(644.49, 286.63)",,,"(425.47, 388.83)","(416.14, 156.89)","(179.79, 27.51)"
471,,"(256.00, 20.54)",,,"(131.09, 240.27)",,"(391.02, 447.09)","(643.20, 22.90)","(273.99, 232.56)",,,"(388.30, 25.36)",,,,,,,"(624.50, 38.06)","(264.77, 216.82)","(145.61, 32.43)","(550.15, 199.72)","(377.29, 21.86)",,"(45.71, 29.88)",,,,"(41.43, 20.80)","(287.79, 219.50)",,,,,"(33.96, 36.70)",,"(562.29, 53.21)",,,"(145.07, 18.01)",,,,,,,,,,"(176.96, 59.79)",,,,,"(252.60, 400.91)","(33.18, 26.83)",,,,,,,"(583.63, 63.45)",,,"(541.64, 23.69)",,,,"(689.08, 34.68)","(543.78, 120.10)",,,,,,,,,,,"(564.49, 25.99)","(394.91, 29.27)",,,"(638.57, 18.83)",,,,,"(644.48, 286.63)",,,"(425.55, 388.83)","(416.12, 156.87)","(178.24, 27.31)"
472,,"(255.82, 20.70)",,,"(131.10, 240.26)",,"(390.98, 447.05)","(643.24, 22.90)","(273.97, 231.65)",,,,,,,,,,"(624.55, 38.10)","(265.01, 215.66)","(145.76, 32.44)","(550.24, 199.73)","(377.58, 21.03)",,"(44.93, 27.02)",,,,"(39.93, 20.51)","(287.79, 219.55)",,,,,"(34.15, 36.31)",,"(563.46, 52.49)",,,"(147.00, 18.79)",,,,,,,,,,"(177.04, 57.93)",,,,,"(252.74, 399.66)","(30.76, 26.60)",,,,,,,"(584.01, 63.56)",,,"(540.69, 24.99)",,,,"(689.56, 32.14)","(542.10, 118.90)",,,,,,,,,,,"(564.05, 26.03)","(392.95, 29.14)",,,"(639.46, 18.12)",,,,,"(644.83, 286.18)",,,"(425.72, 388.86)","(416.14, 156.76)","(175.40, 27.14)"
473,,"(255.58, 20.75)",,,"(131.10, 240.24)",,"(391.03, 447.06)","(643.23, 22.77)","(273.91, 231.03)",,,,,,,,,,"(624.61, 38.09)","(265.58, 213.60)","(145.81, 32.32)","(550.25, 199.77)","(377.92, 20.67)",,"(45.14, 26.20)",,,,"(39.68, 20.95)","(287.82, 219.59)",,,,,"(34.75, 36.18)",,"(564.12, 51.32)",,,"(149.81, 19.02)",,,,,,,,,,"(176.86, 55.87)",,,,,"(252.62, 398.04)","(29.31, 26.66)",,,,,,,"(584.10, 63.52)",,,"(539.67, 26.49)",,,,"(689.85, 29.73)","(539.07, 118.08)",,,,,,,,,,,"(564.31, 26.00)","(390.85, 28.59)",,,"(640.72, 17.54)",,,,,"(644.89, 286.17)",,,"(426.17, 388.72)","(416.11, 156.67)","(173.15, 26.19)"
474,,"(255.33, 20.83)",,,"(131.08, 240.25)",,"(391.02, 447.08)","(644.03, 23.42)","(273.62, 230.48)",,,,,,,,,,"(624.62, 37.94)","(265.53, 212.24)","(145.86, 32.44)","(550.26, 199.86)","(378.30, 20.19)",,"(45.44, 26.31)",,,,"(39.66, 20.89)","(287.94, 219.73)",,,,,"(35.96, 35.46)",,"(564.88, 50.54)",,,"(151.17, 19.33)",,,,,,,,,,"(177.20, 53.94)",,,,,"(252.62, 396.70)","(27.93, 26.80)",,,,,,,"(584.12, 63.34)",,,"(537.75, 27.10)",,,,"(690.68, 27.43)","(536.52, 117.13)",,,,,,,,,,,"(564.21, 25.94)","(389.58, 27.83)",,,"(641.32, 17.79)",,,,,"(644.90, 286.18)",,,"(426.68, 388.43)","(416.15, 156.68)","(170.93, 25.28)"
475,,"(254.87, 20.59)",,,"(131.06, 240.24)",,"(391.07, 447.11)","(643.90, 24.04)","(273.58, 230.01)",,,,,,,,,,"(624.51, 37.89)","(265.77, 210.93)","(145.82, 32.52)","(550.25, 199.84)","(378.89, 19.73)",,"(45.88, 26.33)",,,,"(39.09, 19.67)","(288.03, 219.81)",,,,,"(37.01, 35.25)",,"(565.18, 48.82)",,,"(152.92, 18.93)",,,,,,,,,,"(177.34, 52.37)",,,,,"(252.47, 395.46)",,,,,,,,"(584.30, 63.31)",,,"(537.46, 27.76)",,,,"(690.48, 25.17)","(534.19, 116.14)",,,,,,,,,,,"(564.32, 25.99)","(388.75, 27.24)",,,"(642.41, 17.69)",,,,,"(644.90, 286.30)",,,"(427.03, 388.27)","(416.16, 156.54)","(170.42, 25.26)"
476,,"(254.64, 20.07)",,,"(131.06, 240.25)",,"(391.11, 447.02)","(643.48, 25.62)","(273.54, 229.54)",,,"(416.60, 80.26)",,,,,,,"(624.25, 37.91)","(266.36, 209.15)","(145.85, 32.65)","(550.28, 199.81)","(379.51, 19.10)",,"(45.84, 26.60)",,,,"(38.24, 19.94)","(288.04, 219.81)",,,,,"(38.10, 35.00)",,"(565.47, 46.08)",,,"(153.56, 17.94)",,,,,,,,,,"(177.08, 50.44)",,,,,"(252.37, 393.82)","(22.93, 25.65)",,,,,,,"(583.99, 63.43)",,,"(536.04, 28.04)",,,,"(690.54, 22.36)","(531.84, 114.63)",,,,"(428.84, 8.46)",,,,,,,"(563.95, 25.17)","(386.79, 25.13)",,,"(643.39, 17.68)",,,,,"(644.75, 286.40)","(626.09, 55.38)",,"(427.03, 388.22)","(412.53, 141.11)","(171.24, 25.86)"
477,,"(254.96, 19.06)",,,"(130.96, 240.18)",,"(391.13, 447.03)","(641.51, 26.20)","(273.48, 228.84)",,,,,,,,,,"(624.27, 37.85)","(266.36, 207.25)","(145.86, 32.59)","(550.32, 199.86)","(379.83, 19.24)",,"(45.73, 26.53)",,,,,"(287.97, 219.82)",,,,,"(38.94, 33.98)",,"(566.10, 43.92)",,,"(155.41, 16.95)",,,,,,,,,,"(177.15, 47.89)",,,,,"(252.19, 392.52)","(20.66, 25.90)",,,,,,,,,,"(535.00, 28.39)",,,,"(690.67, 22.13)","(528.59, 113.68)",,,,"(380.10, 26.61)",,,,,,,"(563.81, 25.03)","(386.51, 25.25)",,,"(644.57, 17.44)",,,,,"(644.79, 286.41)","(625.86, 54.60)",,"(426.79, 388.21)",,"(171.69, 26.07)"
478,,"(255.03, 18.07)",,,"(130.88, 240.12)",,"(391.12, 447.02)","(639.01, 27.36)","(273.46, 228.62)",,,"(424.67, 8.87)",,,,,,,"(624.37, 37.78)","(266.71, 205.92)","(145.86, 32.60)","(550.35, 199.80)","(381.13, 19.57)",,"(46.15, 26.08)",,,,,"(287.99, 219.89)",,,,,"(39.60, 33.52)",,"(565.80, 41.52)",,,"(155.67, 17.62)",,,,,,,,,,"(177.06, 45.44)",,,,,"(252.13, 390.82)","(18.85, 24.91)",,,,,,,"(583.67, 63.75)",,,"(534.96, 28.44)",,,,"(690.88, 22.88)","(526.30, 112.24)",,,,"(379.35, 27.01)",,,,,,,"(563.39, 24.33)","(386.24, 25.48)",,,"(646.15, 17.89)",,,,,"(644.80, 286.42)","(625.69, 53.83)",,"(426.79, 388.21)",,"(171.18, 27.13)"
479,,"(255.65, 17.14)",,,"(130.71, 240.04)",,"(391.08, 447.04)","(637.76, 28.16)","(273.42, 228.31)",,,"(422.01, 8.99)",,,,,,,"(624.38, 37.49)","(266.72, 204.12)","(145.80, 32.64)","(550.34, 199.73)","(381.90, 20.01)",,"(46.38, 25.54)",,,,,"(288.08, 220.13)",,,,,"(40.83, 32.37)",,"(565.58, 38.32)",,,"(157.40, 18.15)",,,,,,,,,,"(177.20, 43.39)",,,,,"(252.34, 388.97)","(17.31, 24.76)",,,,,,,,,,"(534.72, 28.82)",,,,"(690.77, 23.55)","(523.80, 111.14)",,,,"(378.81, 27.45)",,,,,,,"(563.43, 24.17)",,,,"(649.30, 18.07)",,,,,"(644.80, 286.45)","(625.72, 52.73)",,"(426.52, 388.12)",,"(170.46, 27.39)"
480,,"(256.03, 16.46)",,,"(130.49, 240.14)",,"(391.04, 447.23)","(637.17, 28.48)","(273.37, 228.55)",,,"(419.08, 9.14)",,,,,,,"(624.26, 37.53)","(267.12, 203.01)","(146.03, 32.56)","(550.03, 199.76)","(382.03, 20.41)",,,,,,,"(288.20, 220.12)",,,,,"(42.83, 30.53)",,"(566.07, 36.15)",,,"(157.85, 18.86)",,,,,,,,,,"(177.06, 41.00)",,,,,"(251.96, 387.12)","(16.47, 24.66)",,,,,,,,,,"(534.79, 29.18)",,,,"(690.63, 24.19)","(521.98, 109.88)",,,,"(377.96, 27.64)",,,,,,,"(563.30, 23.95)",,,,"(650.81, 17.82)",,,,,"(644.87, 286.47)","(625.50, 50.97)","(384.59, 446.16)","(425.97, 388.62)",,
481,,"(256.56, 17.59)",,,"(130.48, 239.85)",,"(390.98, 447.27)","(635.32, 29.80)","(273.32, 228.54)",,,"(415.76, 9.46)",,,,,,,"(624.04, 37.19)","(267.05, 202.22)","(145.99, 32.50)","(550.09, 199.70)","(382.01, 20.27)",,,,,,,"(288.17, 220.16)",,,,,"(45.01, 26.34)",,"(566.11, 33.38)",,,"(158.31, 18.75)",,,,,,,,,,"(176.75, 38.03)",,,,,"(252.02, 385.78)",,,,,,,,,,,"(534.92, 29.34)",,,,"(690.62, 24.26)","(520.20, 107.94)",,,,"(377.56, 27.58)",,,,,,,"(562.30, 23.82)",,,,"(653.10, 17.93)",,,,,"(644.79, 286.58)","(625.31, 49.63)","(384.63, 446.17)","(425.90, 388.77)","(417.08, 80.19)","(165.97, 28.33)"
482,,"(257.35, 18.74)",,,"(130.47, 239.79)",,"(391.01, 447.26)","(633.71, 30.59)","(273.30, 228.54)",,,"(412.84, 8.97)",,,,,,,"(623.91, 36.87)","(267.14, 201.16)","(146.09, 32.56)","(550.14, 199.73)","(381.99, 20.26)",,,,,,"(32.97, 22.30)","(288.14, 220.15)",,,,,"(45.28, 26.10)",,"(566.34, 30.65)",,,"(159.31, 18.67)",,,,,,,,,,"(176.77, 35.88)",,,,,"(252.08, 384.54)",,,,,,,,,,,"(534.79, 29.49)",,,,"(690.55, 24.27)","(518.01, 105.06)",,,,"(377.18, 28.11)",,,,,,,"(561.37, 22.98)",,,,"(655.85, 17.78)",,,,,"(644.75, 286.54)","(625.36, 47.91)","(384.69, 446.21)","(425.86, 389.01)","(417.02, 79.78)","(164.86, 29.07)"
483,,"(258.24, 20.00)",,,"(130.38, 239.56)",,"(391.00, 447.28)","(631.83, 31.70)","(273.34, 228.50)",,,"(412.58, 9.02)",,,,,,,"(624.01, 36.60)","(267.18, 200.46)","(146.06, 32.58)","(550.26, 199.70)","(382.01, 19.92)",,,,,,,"(288.18, 220.12)",,,,,"(45.54, 25.29)",,"(566.88, 28.65)",,,"(161.50, 19.28)",,,,,,,,,,"(176.64, 33.49)",,,,,"(252.11, 383.57)",,,,,,,,,,,"(534.93, 29.44)",,,,"(690.41, 24.28)","(517.56, 104.03)",,,,"(376.83, 28.57)",,,,,,,"(560.41, 22.22)",,,,"(658.70, 17.70)",,,,,"(644.71, 286.55)","(625.22, 46.46)","(384.56, 446.32)","(425.83, 388.81)","(417.22, 79.96)","(163.89, 29.72)"
484,,"(258.91, 20.99)",,,"(130.29, 239.42)",,"(391.01, 447.27)","(630.73, 32.17)","(273.35, 228.53)",,,"(412.52, 9.01)",,,,,,,"(624.50, 35.67)","(267.02, 199.62)","(146.18, 32.68)","(550.23, 199.69)","(381.64, 19.64)","(254.84, 55.45)","(49.12, 21.35)",,,,,"(288.19, 220.08)",,,,,"(44.76, 27.39)",,"(566.46, 25.76)",,,"(162.63, 16.89)",,,,,,,,,,"(176.81, 31.48)",,,,,"(252.00, 382.61)",,,,,,,,,,,"(535.03, 29.42)",,,,"(690.37, 24.17)","(515.90, 103.93)",,,,"(376.69, 29.48)",,,,,,,"(560.08, 21.44)",,,,"(661.67, 18.39)",,,,,"(644.92, 286.48)","(624.66, 44.47)","(384.43, 446.51)","(425.83, 387.91)",,"(162.66, 31.14)"
485,,"(259.82, 21.73)",,,"(130.37, 239.16)",,"(391.06, 447.10)","(629.01, 32.89)","(273.37, 228.53)",,,"(412.39, 8.93)",,,,,,,,"(266.99, 199.13)","(146.12, 32.64)","(550.26, 199.67)","(381.87, 19.50)","(254.60, 53.51)","(50.35, 20.76)",,,,,"(288.18, 219.97)",,,,,"(45.28, 26.03)",,"(566.51, 23.84)",,,"(162.24, 16.93)",,,,,,,,,,"(177.02, 29.51)",,,,,"(252.07, 381.70)",,,,,,,,,,,"(535.11, 29.44)",,,,"(690.36, 24.91)",,,,,"(376.71, 30.39)",,,,,,,"(559.58, 20.96)",,,,"(664.42, 18.80)",,,,,"(644.93, 286.48)","(624.59, 43.87)","(384.37, 446.48)","(425.52, 386.78)","(416.81, 81.14)","(160.90, 31.97)"
486,,"(260.53, 22.20)",,,"(130.50, 238.98)",,"(391.15, 447.04)","(627.67, 33.48)","(273.39, 228.55)",,,"(412.18, 8.97)",,,,,,,,"(267.06, 198.59)","(146.06, 32.60)","(550.23, 199.80)","(382.49, 19.22)","(254.60, 51.67)",,,,,,"(288.26, 219.93)",,,,,"(45.85, 25.16)",,"(566.64, 23.40)",,,"(162.19, 16.96)",,,,,,,,,,"(176.63, 27.28)",,,,,"(252.28, 380.80)",,,,,,,,,,,"(535.13, 29.45)",,,,"(690.24, 25.45)",,,,,"(376.77, 31.24)",,,,,,,"(558.29, 19.46)",,,,"(666.59, 19.42)",,,,,"(644.86, 286.53)","(624.64, 43.25)","(384.43, 446.38)","(425.40, 384.64)","(416.66, 81.01)","(158.94, 32.48)"
487,,"(260.88, 22.71)",,,"(130.31, 238.55)",,"(391.13, 447.06)",,"(273.35, 228.55)",,,"(411.20, 8.03)",,,,,,,,"(267.14, 198.11)","(146.04, 32.59)","(550.22, 199.66)","(383.00, 19.03)","(254.76, 49.07)",,,,,,"(288.24, 220.11)",,,,,"(47.82, 21.95)",,"(566.60, 23.44)",,,"(161.97, 16.65)",,,,,,,,,,"(177.02, 24.31)",,,,,"(252.15, 379.32)",,,,,,,,,,,"(535.11, 29.51)",,,,"(690.50, 26.09)",,,,,"(376.81, 31.25)",,,,,,,"(557.74, 18.79)",,,,"(669.63, 19.66)",,,,,"(644.81, 286.61)",,"(384.51, 446.32)","(424.22, 382.86)",,"(156.99, 32.95)"
488,,"(262.27, 23.67)",,,"(130.19, 238.41)",,"(391.12, 447.07)",,"(273.36, 228.55)",,,"(409.98, 6.74)",,,,,,,"(624.84, 37.79)","(267.29, 197.69)","(146.23, 32.72)","(550.23, 199.75)","(383.89, 18.74)","(254.79, 45.53)",,,,,"(28.12, 22.68)","(288.25, 220.08)",,,,,"(49.00, 18.55)",,"(566.65, 23.51)",,,"(162.35, 17.14)",,,,,,,,,,"(177.05, 22.57)",,,,,"(251.92, 378.07)",,,,,,,,"(583.04, 64.17)",,,"(535.06, 29.51)",,,,"(689.92, 26.71)",,,,,"(376.94, 31.23)",,,,,,,"(557.09, 18.07)",,,,"(672.31, 20.13)",,,,,"(644.81, 286.65)",,"(384.58, 446.33)","(423.19, 381.04)",,"(155.18, 33.24)"
489,,"(263.01, 24.46)",,,"(130.22, 237.99)",,"(391.14, 447.00)",,"(273.36, 228.55)",,,,,,,,,,"(626.09, 36.73)","(267.34, 197.35)","(146.56, 32.63)","(550.23, 199.75)","(384.86, 18.13)","(255.08, 42.36)",,,,,"(28.17, 22.45)","(288.29, 220.08)",,,,,,,"(566.67, 23.54)",,,"(162.20, 17.39)",,,,,,,,,,"(177.47, 21.28)",,,,,"(251.95, 376.63)",,,,,,,,"(583.04, 63.98)",,,"(535.20, 29.58)",,,,"(689.72, 26.68)",,,,,"(376.94, 31.19)",,,,,,,"(557.09, 17.28)",,,,"(674.62, 20.69)","(529.02, 67.28)",,,,"(644.82, 286.69)",,"(384.63, 446.22)","(422.05, 379.39)",,"(152.37, 33.32)"
490,,"(263.83, 24.70)",,,"(130.33, 237.59)",,"(391.16, 447.00)",,"(273.37, 228.56)",,,,,,,,,,"(626.15, 36.35)","(267.30, 197.21)","(146.29, 33.09)","(550.23, 199.77)","(385.36, 17.57)","(255.27, 39.67)",,,,,"(28.16, 22.31)","(288.30, 220.10)",,,,,,,"(566.62, 23.59)",,,"(162.20, 17.40)",,,,,,,,,,"(177.46, 21.32)",,,,,"(252.09, 374.87)",,,,,,,,"(583.05, 64.11)",,,"(535.17, 29.59)",,,,"(689.36, 26.67)",,,,,"(377.04, 31.24)",,,,,,,"(557.26, 16.68)",,,,"(677.12, 21.90)","(529.67, 66.60)",,,,"(644.79, 286.75)",,,"(421.01, 377.66)",,"(151.26, 33.32)"
491,,"(265.33, 24.86)",,,"(130.27, 237.14)",,"(391.22, 446.99)","(626.30, 33.29)","(273.39, 228.57)",,,,,,,,,,"(624.68, 38.36)","(267.22, 197.21)",,"(550.21, 199.78)","(385.87, 17.03)","(254.97, 36.53)",,,,,"(28.08, 22.26)","(288.31, 220.13)",,,,,,,"(566.64, 23.46)",,,"(162.21, 17.48)",,,,,,,,,,"(177.40, 21.27)",,,,,"(252.11, 373.62)",,,,,,,,"(583.11, 63.94)",,,"(534.77, 29.55)",,,,"(689.16, 27.00)",,,,,"(377.36, 31.11)",,,,,,,,,,,"(678.25, 21.68)","(530.81, 64.73)",,,,"(644.88, 286.78)",,"(384.62, 446.30)","(419.78, 375.23)",,"(148.62, 33.03)"
492,,"(266.61, 25.01)",,,"(130.26, 236.75)",,"(391.27, 447.06)","(624.17, 30.96)","(273.42, 228.61)",,,,,,,,,,"(627.33, 38.00)","(267.14, 197.30)",,"(550.26, 199.94)","(386.87, 14.74)","(255.06, 34.64)",,,,,"(28.29, 22.13)","(288.34, 220.15)",,,,,,,"(566.52, 23.43)",,,"(163.04, 17.01)",,,,,,,,,,"(177.33, 21.09)",,,,,"(252.23, 372.63)",,,,,,,,"(583.35, 63.91)",,,"(534.27, 29.43)",,,,"(687.19, 27.80)",,,,,"(377.48, 31.03)",,,,,,,,,,,"(679.50, 21.12)","(531.76, 64.00)",,,,"(644.83, 286.74)",,,"(418.99, 373.78)",,"(146.54, 32.39)"
493,,"(269.01, 24.68)",,,"(130.20, 236.28)",,"(391.27, 447.08)","(623.96, 28.21)","(273.45, 228.52)",,,,,,,,,,"(627.01, 36.95)","(266.88, 197.32)",,"(550.27, 199.90)","(386.80, 13.94)","(255.55, 32.40)",,,,,"(28.41, 22.06)","(288.30, 220.16)",,,,,,,"(566.56, 22.89)",,,"(163.44, 17.26)",,,,,,,,,,"(177.28, 21.07)",,,,,"(252.10, 371.86)",,,,,,,,"(583.01, 63.35)",,,"(533.65, 29.39)",,,,"(685.62, 28.15)",,,,,"(377.65, 29.13)",,,,,,,,,,,"(680.61, 20.07)","(532.17, 62.92)",,,,"(644.57, 286.62)",,"(384.61, 446.27)","(417.95, 371.77)",,"(145.33, 31.99)"
494,,"(270.70, 23.94)",,,"(130.23, 235.08)",,"(391.27, 447.04)","(623.96, 25.76)","(273.49, 228.41)",,,,,,,,,,"(626.52, 37.47)","(266.89, 197.35)",,"(550.26, 199.87)","(387.02, 12.86)","(255.89, 30.34)",,,,,"(28.72, 22.19)","(288.29, 220.17)",,,,,,,"(566.41, 21.64)",,,"(163.83, 17.53)",,,,,,,,,,"(177.26, 21.09)",,,,,"(252.02, 371.38)",,,,,,,,"(583.14, 64.55)",,,"(533.37, 29.38)",,,,"(685.07, 27.08)",,,,,"(377.57, 29.22)",,,,,,,,"(377.33, 34.07)",,,"(680.49, 19.57)",,,,,"(644.94, 286.66)",,"(384.48, 446.36)","(416.46, 369.60)",,"(143.86, 31.69)"
495,,"(273.08, 22.94)",,,"(130.16, 233.91)",,"(391.29, 447.03)","(623.94, 23.15)","(273.56, 228.05)",,,,,,,,,,"(626.24, 37.83)","(266.85, 197.26)",,"(550.26, 199.81)",,"(256.36, 27.77)",,,,,"(28.37, 22.29)","(288.32, 220.14)",,,,,,,"(566.42, 21.57)",,,"(164.11, 17.94)",,,,,,,,,,"(177.40, 21.11)",,,,,"(251.96, 370.91)",,,,,,,,,,,"(533.37, 29.55)",,,,"(682.47, 26.88)",,,,,"(377.42, 28.49)",,,,,,,,"(377.39, 33.93)",,,"(680.76, 19.86)","(537.16, 55.93)",,,,"(644.83, 286.77)",,"(384.42, 446.44)","(415.45, 367.44)",,"(142.67, 31.22)"
496,,"(274.99, 22.07)",,,"(130.27, 232.86)",,"(391.32, 447.02)",,"(273.60, 227.49)",,,,,,,,,,"(626.48, 38.30)","(266.86, 197.07)",,"(550.17, 199.74)",,"(256.31, 25.38)",,,,,"(18.38, 24.24)","(288.31, 220.17)",,,,,,,"(566.56, 21.84)",,,"(163.78, 18.40)",,,,,,,,,,"(177.94, 19.86)",,,,,"(251.96, 370.31)",,,,,,,,"(583.11, 64.28)",,,"(533.45, 29.83)",,,,"(681.80, 26.34)",,,,,"(377.34, 28.00)",,,,,,,,"(377.58, 34.83)",,,"(682.22, 20.15)","(537.64, 54.75)",,,,"(644.72, 286.91)",,"(384.45, 446.45)","(414.70, 364.93)",,"(141.63, 30.84)"
497,,"(276.72, 21.11)",,,"(130.20, 231.89)",,"(391.40, 446.94)",,"(273.74, 226.87)",,,"(426.59, 15.40)",,,,,,,"(626.40, 38.67)","(266.84, 196.93)",,"(550.14, 199.74)",,"(256.74, 22.34)",,,,,"(19.27, 24.38)","(288.30, 220.16)",,,,,,,"(566.05, 21.34)",,,"(163.91, 18.41)",,,,,,,,,,"(173.19, 22.86)",,,,,"(251.92, 369.96)",,,,,,,,"(583.19, 64.20)",,,"(532.51, 29.84)",,,,"(681.37, 26.57)",,,,,"(377.14, 26.64)",,,,,,,,"(377.92, 36.05)",,,"(683.45, 20.70)","(538.47, 53.81)",,,,"(644.77, 286.89)",,"(384.43, 446.31)","(413.66, 362.35)",,"(140.52, 29.88)"
498,,"(278.82, 19.62)",,,"(130.89, 230.18)",,"(391.37, 447.07)",,"(273.73, 226.26)",,,"(427.36, 16.25)",,,,,,,"(627.63, 41.54)","(266.78, 196.89)","(140.76, 32.12)","(550.13, 199.67)",,"(256.73, 18.80)",,,,,"(20.74, 24.98)","(288.27, 220.18)",,,,,,,"(565.33, 20.75)",,,"(163.68, 18.43)",,,,,,,,,,"(157.45, 30.57)",,,,,"(251.78, 369.96)",,,,,,,,"(583.20, 63.73)",,,"(531.65, 29.72)",,,,"(681.25, 26.56)",,,,,"(376.87, 25.07)",,,,,,,,"(377.96, 36.88)",,,"(684.06, 20.58)","(539.68, 52.56)",,,,"(645.00, 286.96)",,"(384.38, 446.41)","(412.47, 358.80)",,"(138.80, 26.53)"
499,,"(280.12, 19.79)",,,"(131.07, 228.71)",,"(391.32, 447.10)",,"(273.73, 226.04)",,,"(429.38, 16.68)",,,,,,,"(626.98, 41.74)","(266.97, 196.90)","(140.65, 32.25)","(550.12, 199.75)",,"(256.38, 16.74)",,,,,,"(288.23, 220.23)",,,,,,,"(564.64, 20.43)",,,"(163.91, 18.40)",,,,,,,,,,"(157.43, 30.91)",,,,,"(251.70, 369.88)",,,,,,,,"(583.28, 63.12)",,,"(530.54, 29.90)",,,,"(681.34, 26.59)","(513.08, 66.04)",,,,"(376.94, 23.40)",,,,,,,,"(378.82, 38.02)",,,"(684.19, 20.30)","(540.93, 51.05)",,,,"(644.99, 286.75)","(625.45, 36.12)","(384.40, 446.37)","(411.21, 355.98)",,"(138.52, 26.17)"
500,,"(281.01, 20.60)",,,"(131.06, 226.77)",,"(391.33, 447.07)",,"(273.71, 225.73)",,,"(430.88, 17.67)",,,,"(200.61, 2.43)",,,"(626.84, 42.68)","(266.94, 196.90)","(140.35, 32.48)","(550.14, 199.86)",,"(256.50, 16.57)",,,,,"(21.25, 25.29)","(288.18, 220.39)",,,,,,,"(564.66, 19.48)",,,"(164.02, 18.51)",,,,,,,,,,"(157.58, 30.85)",,,,,"(251.68, 369.79)","(25.44, 71.52)",,,,,,,"(583.31, 63.28)",,,"(529.00, 29.69)",,,,"(681.22, 26.40)","(513.73, 65.23)",,,,"(376.62, 21.46)",,,,,,,,"(379.36, 38.82)",,,"(685.25, 20.48)","(541.75, 49.66)",,,,"(644.94, 286.59)","(625.49, 36.00)","(384.43, 446.40)","(411.01, 353.01)",,"(138.17, 24.84)"
501,,"(282.38, 20.11)",,,"(131.62, 224.97)",,"(391.26, 447.11)",,"(273.70, 225.38)",,,"(433.22, 19.28)",,,,"(200.61, 2.36)",,,"(626.61, 44.01)","(266.93, 196.91)","(139.74, 32.38)","(550.13, 199.85)",,"(256.55, 16.58)",,,,,"(21.21, 25.87)","(288.13, 220.47)",,,,,,,"(564.02, 18.55)",,,"(163.50, 18.34)",,,,,,,,,,"(157.35, 30.57)",,,,,"(251.74, 369.68)","(25.11, 69.95)",,,,,,,"(583.19, 63.46)",,,"(527.51, 29.53)",,,,"(680.36, 26.07)",,,,,"(376.36, 21.60)",,,,,,,,"(380.29, 39.76)",,,"(686.04, 20.90)","(542.05, 47.61)",,,,"(644.92, 286.78)","(625.30, 36.01)","(384.30, 446.42)","(410.16, 349.97)",,"(137.38, 23.35)"
502,,"(283.50, 19.89)",,,"(132.12, 223.22)",,"(391.16, 447.22)",,"(273.68, 225.31)",,,"(434.64, 21.14)",,,,"(200.59, 2.34)",,,"(626.44, 45.31)","(266.94, 196.95)","(139.06, 32.35)","(550.14, 199.86)",,"(256.56, 16.53)",,,,,"(21.08, 25.98)","(288.14, 220.52)",,,,,,,"(562.44, 17.68)",,,"(163.49, 18.33)",,,,,,,,,,"(157.42, 30.43)",,,,,"(251.81, 369.65)","(24.43, 67.98)",,,,,,,"(583.25, 64.21)",,,"(526.57, 29.49)",,,,"(678.79, 25.37)","(517.64, 55.77)",,,,"(376.51, 21.88)",,,,,,,,"(380.94, 40.50)",,,"(687.11, 20.76)","(542.51, 44.98)",,,,"(644.90, 287.03)","(625.04, 36.24)","(384.36, 446.55)","(410.09, 346.46)",,"(136.84, 22.53)"
503,,"(286.31, 19.25)",,,"(132.00, 221.59)",,"(391.19, 447.23)",,"(273.78, 225.31)",,,"(435.31, 21.70)",,,,"(200.62, 2.34)",,,"(625.98, 47.04)","(266.93, 196.98)","(138.56, 32.43)","(550.08, 199.92)",,"(256.72, 16.72)",,,,,"(20.74, 25.89)","(288.10, 220.58)",,,,,,,"(562.08, 17.18)",,,"(164.07, 18.26)",,,,,,,,,,"(157.67, 29.89)",,,,,"(251.75, 369.64)","(23.94, 65.27)",,,,,,,,,,"(525.61, 29.18)",,,,"(677.38, 24.44)","(518.34, 54.46)",,,,"(376.49, 21.36)",,,,,,,,"(381.34, 41.51)",,,"(687.57, 20.14)","(542.81, 42.99)",,,,"(644.90, 287.09)","(625.01, 36.65)","(384.34, 446.57)","(409.75, 343.09)",,"(136.34, 23.08)"
504,,"(286.81, 19.05)",,,"(132.41, 220.03)",,"(391.27, 447.24)",,"(273.76, 225.22)",,,"(435.67, 21.92)","(28.65, 19.84)",,,"(200.84, 2.39)",,,"(625.70, 47.65)","(266.90, 197.03)","(137.82, 32.41)","(550.14, 200.03)",,"(257.06, 16.67)",,,,,"(21.18, 26.63)","(288.07, 220.70)",,,,,,,,,,"(164.95, 18.44)",,,,,,,,,,"(158.16, 29.24)",,,,,"(251.60, 369.68)","(23.73, 62.19)",,,,,,,"(583.25, 64.04)",,,"(525.27, 29.07)",,,,"(676.10, 23.50)","(520.05, 51.90)",,,,"(376.40, 21.36)",,,,,,,,"(382.07, 42.15)",,,"(687.09, 21.50)","(543.12, 40.87)",,,,"(644.96, 287.36)","(624.88, 36.71)","(384.36, 446.51)","(410.82, 339.56)",,"(135.50, 23.41)"
505,,"(288.23, 18.66)",,,"(132.96, 217.94)",,"(391.27, 447.16)",,"(273.75, 225.23)",,,"(436.06, 22.11)","(28.37, 19.96)",,,,,,"(625.66, 47.64)","(266.88, 197.02)","(136.64, 32.57)","(550.12, 200.01)",,"(257.74, 16.15)",,,,,"(22.69, 27.18)","(288.06, 220.74)",,,,,,,,,,"(165.68, 18.60)",,,,,,,,,,"(158.51, 28.60)",,,,,"(251.64, 369.73)","(23.71, 59.62)",,,,,,,"(583.34, 64.17)",,,"(525.47, 29.24)",,,,"(674.97, 21.43)","(521.82, 49.51)",,,,"(376.25, 21.33)",,,,,,,,"(382.74, 42.91)",,,"(686.97, 21.36)","(542.99, 38.68)",,,,"(644.28, 286.73)","(624.87, 36.74)","(384.35, 446.48)","(411.32, 337.02)",,"(134.53, 23.46)"
506,,"(289.55, 18.15)",,,"(133.06, 216.07)",,"(391.25, 447.14)",,"(273.74, 225.22)",,,"(436.02, 22.11)","(28.32, 20.09)",,,"(200.79, 2.37)",,,"(625.61, 47.60)","(266.93, 197.08)","(136.35, 32.18)","(550.03, 200.10)",,"(258.13, 16.02)",,,,,"(23.42, 28.53)","(288.06, 220.75)",,,,,,,,,,"(167.15, 19.47)",,,,,,,,,,"(159.41, 27.15)",,,,,"(251.92, 369.64)","(23.71, 56.88)",,,,,,,"(583.34, 64.50)",,,"(525.42, 29.27)",,,,"(672.04, 19.53)","(523.42, 46.63)",,,,"(376.41, 21.62)",,,,,,,,"(382.92, 43.58)",,,"(687.96, 21.41)","(542.66, 36.69)",,,,"(644.00, 286.33)","(624.89, 36.71)","(384.28, 446.49)","(412.54, 334.20)",,"(133.95, 22.95)"
507,,"(290.84, 18.05)",,,"(133.40, 213.64)",,"(391.28, 447.13)",,"(273.73, 225.26)",,,"(435.89, 21.39)","(27.43, 20.74)",,,"(200.76, 2.28)",,,"(625.60, 47.44)","(266.96, 197.19)","(135.36, 31.49)","(550.04, 200.10)",,"(259.08, 15.93)",,,,,"(24.79, 29.73)","(288.07, 220.86)",,,,,,,,,,"(168.59, 20.28)",,,,,,,,,,"(160.52, 25.86)",,,,,"(252.13, 369.48)","(23.59, 54.35)",,,,,,,,,,"(524.99, 29.34)",,,,"(671.75, 19.27)","(525.80, 43.91)",,,,"(376.43, 21.60)",,,,,,,,"(383.58, 44.06)",,,"(688.61, 21.62)","(543.31, 35.23)",,,,"(643.81, 285.50)","(624.83, 36.73)","(384.38, 446.44)","(413.09, 331.27)",,"(133.36, 22.40)"
508,,"(291.37, 18.56)",,,"(133.46, 211.45)",,"(391.25, 447.18)",,"(273.74, 225.29)",,,"(436.10, 20.88)","(27.03, 20.59)",,,,,,"(625.55, 47.34)","(266.97, 197.46)","(134.81, 31.20)","(550.07, 200.06)",,"(259.77, 16.31)",,,,,"(25.12, 30.61)","(288.05, 220.86)",,,,,,,,,,"(169.94, 22.43)",,,,,,,,,,"(160.49, 26.61)",,,,,"(252.41, 368.95)","(23.25, 51.59)",,,,,,,,,,"(525.06, 29.41)",,,,"(671.75, 19.38)","(527.96, 41.41)",,,,"(376.84, 21.64)",,,,,,,,"(383.64, 44.29)",,,"(688.89, 21.52)","(543.73, 33.48)",,,,"(643.58, 284.65)","(624.80, 36.73)","(384.41, 446.51)","(413.87, 328.90)",,"(133.36, 21.91)"
509,,"(290.96, 18.47)",,,"(133.54, 209.59)",,"(391.26, 447.15)",,"(273.74, 225.28)",,,"(436.38, 20.96)",,,,"(200.92, 2.19)",,,"(625.47, 47.20)","(266.95, 197.46)","(134.42, 31.00)","(550.03, 200.13)",,"(260.68, 16.84)","(180.05, 8.97)",,,,"(25.95, 31.71)","(288.00, 220.92)",,,,,,,,,,"(170.54, 23.88)",,,,,,,,,,"(160.68, 26.56)",,,,,"(252.48, 367.78)","(23.33, 49.00)",,,,,,,"(583.28, 64.53)",,,"(525.06, 29.54)",,,,"(671.72, 19.60)","(529.87, 38.27)",,,,"(377.20, 21.68)",,,,,,,,"(383.64, 44.28)",,,"(689.70, 21.59)","(544.91, 31.08)",,,,"(642.93, 283.59)","(624.78, 36.73)","(384.45, 446.57)","(414.46, 326.73)",,"(133.11, 21.27)"
510,,"(290.95, 18.45)",,,"(133.72, 207.18)",,"(391.24, 447.16)",,"(273.73, 225.30)",,,"(437.30, 21.02)",,,,"(201.05, 2.03)",,,"(625.45, 47.42)","(266.99, 197.50)","(133.90, 30.30)","(550.06, 200.08)",,"(261.07, 17.35)","(180.58, 10.05)",,,,"(26.44, 32.06)","(288.01, 220.91)",,,,,,,,,,"(171.56, 25.27)",,,,,,,,,,"(160.89, 26.24)",,,,,"(252.75, 366.45)","(23.28, 46.55)",,,,,,,"(583.26, 64.51)",,,"(525.45, 29.49)",,,,"(671.31, 19.57)","(531.27, 35.58)",,,,"(377.68, 21.36)",,,,,,,,"(383.68, 44.26)",,,"(690.03, 21.51)","(545.22, 29.67)",,,,"(642.05, 282.49)","(624.84, 36.74)","(384.44, 446.54)","(414.96, 324.78)",,"(133.07, 20.07)"
511,,"(290.73, 18.00)",,,"(133.75, 205.03)",,"(391.27, 447.13)",,"(273.78, 225.30)",,,"(438.70, 21.36)",,,,"(201.06, 2.08)",,,"(625.47, 47.46)","(267.06, 197.61)","(134.02, 30.44)","(550.10, 200.16)",,"(261.86, 17.39)","(181.46, 11.63)",,,,"(27.07, 32.48)","(288.03, 220.92)",,,,,,,,,,"(172.72, 26.63)",,,,,,,,,,"(161.35, 25.79)",,,,,"(253.13, 365.73)","(23.36, 45.75)",,,,,,,"(583.28, 63.51)",,,"(525.72, 29.44)",,,,"(670.92, 19.38)","(533.49, 32.58)",,,,"(378.40, 21.15)",,,,,,,,"(383.68, 44.22)",,,"(690.98, 21.49)","(544.84, 28.26)",,,,"(641.07, 280.77)","(624.83, 36.75)","(384.41, 446.47)","(416.04, 322.95)",,"(133.10, 19.90)"
512,,"(291.24, 17.70)",,,"(133.93, 202.57)",,"(391.21, 447.15)",,"(273.76, 225.29)",,,"(438.54, 21.15)",,,,"(200.97, 2.20)",,,"(625.44, 47.44)","(267.07, 197.62)","(133.79, 30.64)","(549.99, 200.10)",,"(261.99, 17.30)","(182.39, 13.59)",,,,"(27.65, 32.41)","(287.88, 221.02)",,,,,,,,,,"(173.65, 29.22)",,,,,,,,,,"(161.16, 25.44)",,,,,"(253.47, 364.91)","(23.40, 44.84)",,,,,,,"(583.20, 64.51)",,,"(525.76, 29.62)",,,,"(670.65, 19.74)","(535.08, 29.97)",,,,"(380.07, 20.89)",,,,,,,,"(383.63, 44.25)",,,"(690.92, 21.60)","(544.99, 26.71)",,,,"(640.21, 279.54)","(624.79, 36.78)","(384.46, 446.47)","(417.57, 320.25)",,"(133.34, 20.44)"
513,,"(292.59, 17.37)",,,"(134.03, 200.12)",,"(391.21, 447.15)",,"(273.71, 225.30)",,,"(438.70, 21.03)","(26.78, 18.78)",,,"(201.00, 2.26)",,,"(625.48, 47.46)","(267.05, 197.63)","(133.16, 30.21)","(549.91, 200.02)",,"(262.53, 17.50)","(182.74, 14.06)",,,,"(28.21, 32.48)","(287.83, 221.13)",,,,,,,,,,"(173.24, 31.68)",,,,,,,,,,"(161.17, 24.91)",,,,,"(253.74, 364.50)","(23.34, 44.14)",,,,,,,"(583.27, 64.43)",,,"(525.64, 29.35)",,,,"(669.67, 19.93)","(537.79, 27.40)",,,,"(381.20, 20.67)",,,,,,,,"(383.64, 44.21)",,,"(690.94, 21.68)","(545.38, 24.52)",,,,"(639.41, 277.86)","(624.79, 36.82)","(384.50, 446.44)","(419.37, 318.07)",,"(133.65, 21.31)"
514,,"(293.68, 17.04)",,,"(134.00, 198.08)",,"(391.24, 447.19)",,"(273.72, 225.26)",,,"(439.96, 21.28)","(27.10, 18.66)",,,"(201.11, 2.25)",,,"(625.55, 47.44)","(267.02, 197.64)","(132.66, 29.65)","(549.89, 200.06)",,"(263.10, 17.48)","(182.95, 15.95)",,,,"(28.43, 32.38)","(287.81, 221.16)",,,,,,,,,,"(173.86, 34.03)",,,,,,,,,,"(161.45, 24.06)",,,,,"(254.36, 363.85)","(23.29, 43.88)",,,,,,,"(583.26, 64.31)",,,"(525.62, 29.35)",,,,"(669.06, 19.85)","(537.87, 26.20)",,,,"(382.36, 20.40)",,,,,,,,"(383.62, 44.20)",,,"(690.57, 21.58)","(545.37, 23.84)",,,,"(638.41, 276.23)","(624.79, 36.80)","(384.47, 446.36)","(421.55, 315.44)",,"(133.91, 21.55)"
515,,"(295.54, 17.10)",,,"(134.29, 195.38)",,"(391.22, 447.23)",,"(273.73, 225.10)",,,"(439.70, 21.23)","(27.31, 18.17)",,,,,,"(625.53, 47.47)","(267.03, 197.70)","(132.50, 29.43)","(549.92, 200.07)",,"(263.60, 17.48)","(183.38, 16.22)",,,,"(28.91, 32.39)","(287.79, 221.22)",,,,,,,,,,"(174.59, 35.96)",,,,,,,,,,"(161.48, 23.09)",,,,,"(254.82, 363.04)","(23.23, 43.89)",,,,,,,"(583.29, 64.32)",,,"(525.70, 29.55)",,,,"(667.92, 19.01)","(537.64, 25.33)",,,,"(384.55, 19.98)",,,,,,,,"(383.65, 44.21)",,,"(690.19, 21.73)","(545.58, 23.24)",,,,"(636.96, 273.84)","(624.78, 36.88)","(384.48, 446.38)","(424.03, 314.08)",,"(134.45, 21.74)"
516,,"(296.91, 16.64)",,,"(134.55, 193.09)",,"(391.24, 447.22)",,"(274.14, 224.74)",,,"(438.94, 20.55)","(27.75, 18.53)",,,"(201.12, 2.19)",,,"(625.54, 47.53)","(267.07, 197.71)","(132.47, 29.05)","(549.98, 199.97)",,"(264.27, 17.37)","(183.38, 16.42)",,,,"(29.63, 32.14)","(287.84, 221.22)",,,,,,,,,,"(174.88, 38.22)",,,,,,,,,,"(162.05, 20.88)",,,,,"(255.33, 361.94)","(23.27, 43.95)",,,,,,,,,,"(525.62, 29.55)",,,,"(667.25, 18.89)","(537.54, 24.43)",,,,"(386.39, 19.27)",,,,,,,,"(383.57, 44.20)",,,"(689.84, 21.84)","(546.05, 22.14)",,,,"(635.59, 271.57)","(624.81, 36.81)","(384.49, 446.41)","(425.20, 312.83)",,"(134.89, 21.89)"
517,,"(299.09, 16.13)",,,"(134.74, 191.10)",,"(391.23, 447.22)",,"(274.10, 224.57)",,,"(438.99, 19.97)",,,,,,,"(625.52, 47.53)","(267.08, 197.70)","(132.60, 28.82)","(549.99, 199.98)",,"(264.79, 17.35)","(183.46, 16.59)",,,,"(30.99, 31.26)","(287.84, 221.22)",,,,,,,,,,"(175.23, 40.57)",,,,,,,,,,"(162.73, 18.23)",,,,,"(255.82, 361.07)","(23.26, 43.55)",,,,,,,"(583.26, 64.56)",,,"(525.58, 29.52)",,,,"(666.11, 18.94)","(537.18, 23.78)",,,,"(388.87, 18.82)",,,,,,,,"(383.51, 44.18)",,,"(689.48, 21.84)","(545.98, 21.09)",,,,"(634.38, 269.62)","(624.81, 36.81)","(384.47, 446.41)","(426.19, 311.80)",,"(136.17, 21.81)"
518,,"(301.37, 15.36)",,,"(134.65, 188.57)",,"(391.26, 447.19)",,"(274.19, 224.31)",,,"(438.85, 19.38)",,,,,,,"(625.45, 47.69)","(267.09, 197.72)","(132.97, 28.59)","(549.96, 200.01)",,"(264.89, 17.35)","(183.06, 16.62)",,,,"(31.96, 30.58)","(287.87, 221.23)",,,,,,,,,,"(175.34, 43.09)",,,,,,,,,,"(163.03, 17.60)",,,,,"(256.17, 360.02)","(23.09, 41.81)",,,,,,,"(583.20, 63.29)",,,"(525.51, 29.51)",,,,"(664.17, 18.66)","(537.08, 23.71)",,,,"(390.43, 18.21)",,,,,,,,"(383.52, 44.12)",,,"(688.83, 22.24)","(545.58, 20.25)",,,,"(633.88, 268.02)","(624.82, 36.80)","(384.46, 446.36)","(427.67, 311.04)",,"(137.22, 21.42)"
519,,"(302.86, 15.05)",,,"(134.57, 186.56)",,"(391.27, 447.17)",,"(274.25, 224.12)",,,"(438.73, 17.64)","(29.38, 18.82)",,,,,,"(625.55, 47.88)","(267.07, 197.70)","(133.44, 28.38)","(549.93, 199.94)",,"(265.10, 17.26)","(182.91, 16.74)",,,,"(33.63, 29.19)","(287.87, 221.22)",,,,,,,,,,"(175.61, 45.94)",,,,,,,,,,"(163.03, 16.22)",,,,,"(256.50, 358.68)","(24.34, 38.16)",,,,,,,"(583.03, 63.14)",,,"(525.56, 29.46)",,,,"(662.69, 18.57)","(537.06, 23.77)",,,,"(393.24, 17.51)",,,,,,,,"(383.59, 44.09)",,,"(687.97, 22.47)","(544.67, 19.70)",,,,"(633.46, 265.92)","(624.83, 36.84)","(384.44, 446.38)","(429.11, 310.20)",,"(138.52, 21.09)"
520,,"(305.26, 14.70)",,,"(134.62, 183.38)",,"(391.27, 447.14)",,"(274.27, 223.91)",,,"(438.69, 16.47)","(30.56, 18.61)",,,,,,"(625.64, 47.49)","(267.06, 197.70)","(133.00, 28.22)","(549.91, 199.85)",,"(265.04, 17.30)","(182.73, 16.54)",,,,"(34.15, 28.24)","(287.97, 221.21)",,,,,,,,,,"(175.55, 49.42)",,,,,,,,,,,,,,,"(256.68, 358.10)","(24.96, 36.32)",,,,,,,"(583.28, 64.32)",,,"(525.64, 29.29)",,,,"(661.13, 18.66)","(537.53, 23.29)",,,,"(395.66, 17.08)",,,,,,,,"(383.50, 44.11)",,,"(686.86, 23.69)","(544.31, 19.51)",,,,"(633.33, 263.47)","(624.83, 36.76)","(384.35, 446.38)","(430.66, 308.97)",,"(139.92, 20.75)"
521,,,,,"(134.80, 181.08)",,"(391.30, 447.14)",,"(274.23, 223.73)",,,,"(31.44, 18.09)",,,,,,"(625.66, 47.35)","(267.04, 197.74)","(133.57, 27.74)","(549.84, 199.82)",,"(265.00, 17.31)","(182.76, 16.47)",,,,"(34.98, 28.08)","(287.93, 221.21)",,,,,,,,,,"(175.68, 52.51)",,,,,,,,,,,,,,,"(256.88, 357.43)","(25.71, 33.76)",,,,,,,"(583.24, 64.76)",,,"(525.79, 29.20)",,,,"(659.12, 18.84)","(537.55, 23.05)",,,,"(398.46, 16.74)",,,,,,,,"(383.47, 44.14)",,,"(685.49, 25.03)","(543.00, 19.33)",,,,"(633.10, 261.35)","(624.89, 36.50)","(384.41, 446.36)","(432.47, 308.21)",,"(141.42, 20.02)"
522,,,,,"(134.77, 178.61)",,"(391.37, 447.17)",,"(274.15, 223.73)",,,,"(33.10, 17.27)",,,,,,"(625.59, 47.41)","(267.04, 197.78)","(134.48, 27.03)","(549.84, 199.72)",,"(265.04, 17.39)","(182.85, 16.50)",,,,"(36.16, 26.15)","(287.97, 221.21)",,,,,,,,,,"(175.59, 54.80)",,,,,,,,,,,,,,,"(257.42, 355.58)","(26.65, 29.94)",,,,,,,"(583.28, 64.33)",,,"(525.87, 29.24)",,,,"(657.07, 19.38)","(537.37, 23.20)",,,,"(401.40, 16.34)",,,,,,,,"(383.43, 44.16)",,,"(683.61, 26.24)","(541.84, 19.27)",,,,"(632.77, 259.18)","(624.88, 36.34)","(384.43, 446.34)","(433.53, 307.49)",,"(142.97, 19.03)"
523,,,,,"(134.75, 176.43)",,"(391.40, 447.21)",,"(274.21, 223.72)",,,,"(34.48, 17.12)",,,"(201.15, 2.22)",,,"(625.64, 47.46)","(267.10, 197.78)","(133.47, 26.65)","(549.90, 199.82)",,"(265.22, 17.37)","(182.96, 16.50)",,,,"(38.99, 24.01)","(287.98, 221.20)",,,,,"(62.78, 11.70)",,,,,"(175.40, 57.66)",,,,,,,,,,,,,,,"(257.91, 353.77)","(27.49, 28.31)",,,,,,,"(583.20, 64.46)",,,"(525.77, 29.42)",,,,"(655.48, 19.38)","(536.68, 23.57)",,,,"(403.72, 16.42)",,,,,,,,"(383.66, 44.10)",,,"(682.44, 27.07)","(541.01, 19.03)",,,,"(632.44, 256.99)","(624.84, 36.09)","(384.39, 446.37)","(435.19, 306.79)",,"(144.46, 18.06)"
524,,,,,"(134.65, 173.74)",,"(391.40, 447.18)",,"(274.23, 223.70)",,,,,,,,,,"(625.72, 47.53)","(267.12, 197.76)","(134.37, 25.88)","(549.92, 199.67)",,"(265.36, 17.35)","(183.12, 16.74)",,,,"(41.66, 21.56)","(288.00, 221.20)",,,,,,,,,,"(175.39, 60.11)",,,,,,,,,,,,,,,"(258.06, 352.33)","(27.72, 27.29)",,,,,,,,,,"(525.64, 29.48)",,,,"(654.14, 19.18)","(536.62, 23.16)",,,,"(406.14, 16.46)",,,,,,,,"(383.60, 44.13)",,,"(680.78, 28.03)","(539.83, 19.06)",,,,"(632.38, 254.87)","(624.91, 35.68)","(384.39, 446.39)","(436.81, 305.61)","(377.95, 69.56)","(145.56, 17.83)"
525,,,,,"(134.15, 171.37)",,"(391.40, 447.20)",,"(274.23, 223.71)",,,,,,,,,,"(625.74, 47.42)","(267.12, 197.77)","(136.09, 25.39)","(549.89, 199.68)",,"(265.46, 17.34)","(183.28, 16.80)",,,,"(42.52, 20.17)","(288.02, 221.22)",,,,,"(65.55, 18.07)",,"(557.48, 11.53)",,,"(175.55, 62.29)",,,,,,,,,,,,,,,"(258.32, 350.12)","(28.05, 27.42)",,,,,,,"(583.21, 63.17)",,,"(525.66, 29.58)",,,,"(652.57, 18.74)","(537.59, 22.62)",,,,"(409.50, 16.62)",,,,,,,,"(383.44, 44.14)",,,"(679.28, 28.04)","(539.35, 18.04)",,,,"(632.42, 252.69)","(625.03, 34.90)","(384.41, 446.39)","(438.05, 304.60)","(377.71, 68.52)","(146.41, 17.26)"
526,,,,,"(134.17, 169.69)",,"(391.40, 447.16)",,"(274.25, 223.70)",,,,,,,,,,"(625.80, 47.46)","(267.11, 197.82)","(137.29, 24.92)","(549.92, 199.69)",,"(265.54, 17.37)","(183.36, 16.76)",,,,"(43.36, 19.99)","(288.04, 221.24)",,,,,"(66.26, 18.58)",,,,,"(176.32, 64.25)",,,,,,,,,,,,,,,"(258.63, 348.74)","(29.68, 27.17)",,,,,,,"(583.20, 63.26)",,,"(525.71, 29.48)",,,,"(650.10, 17.90)","(537.17, 23.95)",,,,"(412.78, 16.59)",,,,,,,,"(383.49, 44.17)",,,"(677.67, 28.10)","(538.23, 17.54)",,,,"(632.65, 250.50)","(625.08, 34.03)","(384.46, 446.34)","(439.31, 303.58)","(377.50, 67.25)","(146.96, 17.52)"
527,,,,,"(134.02, 167.83)",,"(391.42, 447.18)",,"(274.23, 223.71)",,,,,,,"(201.20, 2.23)",,,"(625.63, 47.41)","(267.12, 197.86)","(138.30, 24.46)","(549.93, 199.77)",,"(265.78, 17.44)","(183.32, 16.75)",,,,"(44.69, 20.04)","(288.02, 221.23)",,,,,"(67.67, 19.24)",,"(553.43, 15.38)",,,"(177.87, 65.48)",,,,,,,,,,,,,,,"(258.99, 348.25)","(30.87, 27.44)",,,,,,,"(583.09, 63.33)",,,"(525.82, 29.26)",,,,"(648.74, 17.62)","(537.45, 23.41)",,,,"(415.26, 16.49)",,,,,,,,"(383.47, 44.18)",,,"(675.87, 27.70)","(537.27, 17.38)",,,,"(632.98, 248.79)","(625.09, 32.72)","(384.51, 446.35)","(440.53, 302.59)","(377.51, 66.05)","(147.16, 17.34)"
528,,,,,"(133.94, 165.97)",,"(391.44, 447.20)",,"(274.26, 223.61)",,,,,,,"(201.07, 2.23)",,,"(625.74, 47.19)","(267.10, 197.91)","(139.01, 24.07)","(550.12, 199.77)",,"(265.96, 17.88)","(183.34, 16.87)",,,,"(46.47, 19.85)","(288.07, 221.28)",,,,,"(67.82, 19.44)",,"(552.77, 16.11)",,,"(179.46, 66.58)",,,,,,,,,,,,,,,"(259.05, 347.33)","(31.82, 27.47)",,,,,,,,,,"(525.90, 29.43)",,,,"(647.76, 18.18)",,,,,"(418.04, 16.26)",,,,,,,,"(383.49, 44.17)",,,"(673.83, 26.51)","(535.90, 17.55)",,,,"(633.34, 247.12)","(625.28, 31.12)","(384.54, 446.46)","(441.77, 301.44)","(377.42, 64.84)","(146.78, 17.31)"
529,,,,,"(133.79, 164.45)",,"(391.43, 447.21)",,"(274.26, 223.61)",,,,,,,"(201.04, 2.25)",,,"(626.03, 46.97)","(267.12, 197.93)","(139.18, 24.25)","(550.23, 199.84)",,"(265.97, 17.83)","(183.35, 16.86)",,,,"(47.71, 19.43)","(288.10, 221.28)",,,,,"(67.85, 19.66)",,"(552.41, 15.99)",,,"(180.92, 67.27)",,,,,,,,,,,,,,,"(259.06, 346.57)","(32.61, 27.47)",,,,,,,,,,"(525.54, 29.48)",,,,"(645.95, 18.58)","(539.10, 24.00)",,,,"(420.18, 16.18)",,,,,,,,"(383.54, 44.13)",,,"(672.17, 25.59)","(533.32, 18.31)",,,,"(633.74, 245.73)","(625.47, 30.09)","(384.55, 446.43)","(442.42, 300.50)","(377.25, 63.84)","(148.89, 16.94)"
530,,,,,"(133.69, 162.75)",,"(391.37, 447.22)",,"(274.21, 223.61)",,,,,,,"(201.02, 2.28)",,,"(625.96, 46.87)","(267.10, 197.90)","(139.39, 24.20)","(550.14, 199.80)",,"(266.23, 17.88)","(183.35, 16.89)",,,,"(49.23, 18.58)","(288.14, 221.34)",,,,,"(67.77, 19.65)",,"(553.13, 15.85)",,,"(182.82, 67.94)",,,,,,,,,,,,,,,"(259.25, 345.81)","(34.38, 27.44)",,,,,,,"(583.37, 63.32)",,,"(525.23, 29.60)",,,,"(644.30, 18.65)","(540.64, 24.04)",,,,"(421.61, 16.24)",,,,,,,,"(383.49, 44.10)",,,"(671.13, 25.08)","(530.60, 19.03)",,,,"(635.09, 244.31)","(627.02, 28.02)","(384.46, 446.44)","(443.24, 299.93)","(377.07, 62.09)","(149.82, 18.01)"
531,,,,,"(133.32, 160.76)",,"(391.36, 447.23)",,"(274.25, 223.59)",,,,,,,"(200.92, 2.28)",,,"(625.85, 46.68)","(267.12, 197.92)","(139.32, 24.58)","(550.15, 199.79)",,"(266.30, 18.10)","(183.43, 16.89)",,,,"(50.52, 17.99)","(288.12, 221.31)",,,,,"(68.45, 20.24)",,"(553.72, 16.55)",,,"(184.90, 68.76)",,,,,,,,,,,,,,,"(259.47, 344.57)","(35.12, 27.40)",,,,,,,"(583.35, 63.16)",,,"(525.24, 29.66)",,,,"(642.90, 18.82)","(541.56, 24.65)",,,,"(424.46, 16.37)",,,,,,,,"(383.94, 44.17)",,,"(669.89, 24.78)","(529.05, 19.17)",,,,"(636.20, 242.55)","(627.12, 26.43)","(384.52, 446.50)","(443.84, 298.64)","(376.90, 60.08)","(150.93, 18.46)"
532,,,,,"(133.43, 159.04)",,"(391.34, 447.18)",,"(274.27, 223.57)",,,,,,,"(201.02, 2.23)",,,"(625.80, 46.51)","(267.14, 197.88)","(139.67, 25.38)","(550.01, 199.75)",,"(266.44, 18.26)","(183.46, 16.78)",,,,"(50.82, 16.59)","(288.16, 221.31)",,,,,"(69.63, 21.43)",,"(554.15, 16.78)",,,"(186.72, 69.52)",,,,,,,,,,,,,,,"(259.64, 343.37)","(36.14, 27.14)",,,,,,,"(583.30, 63.19)",,,"(525.14, 29.59)",,,,"(641.98, 19.13)","(543.76, 24.39)",,,,"(425.65, 17.18)",,,,,,,,"(383.98, 44.18)",,,"(669.47, 24.88)","(527.45, 19.00)",,,,"(637.17, 241.23)","(627.40, 24.43)","(384.41, 446.44)","(444.67, 297.93)","(376.74, 58.54)","(152.35, 18.91)"
533,,,,,"(133.29, 156.63)",,"(391.31, 447.13)",,"(274.28, 223.57)",,,,,,,"(200.99, 2.25)",,,"(625.91, 46.63)","(267.14, 197.90)","(139.56, 24.53)","(549.94, 199.72)",,"(266.51, 18.42)","(183.44, 16.86)",,,,"(52.51, 14.44)","(288.16, 221.27)",,,,,"(71.09, 22.33)",,"(554.04, 16.87)",,,"(188.42, 70.28)",,,,,,,,,,,,,,,"(259.96, 342.34)","(37.76, 27.01)",,,,,,,,,,"(524.99, 29.58)",,,,"(641.29, 18.92)","(546.22, 24.27)",,,,"(427.02, 17.88)",,,,,,,,"(383.92, 44.41)",,,"(668.91, 26.18)","(525.23, 19.07)",,,,"(638.33, 239.32)","(628.25, 23.03)","(384.36, 446.42)","(445.03, 296.65)","(376.65, 57.25)","(154.28, 19.44)"
534,,,,,"(133.24, 154.89)",,"(391.31, 447.16)",,"(274.25, 223.56)",,,,,,,"(200.96, 2.23)",,,"(625.97, 46.59)","(267.12, 197.89)","(139.34, 24.40)","(549.95, 199.64)",,"(267.26, 18.24)","(183.33, 16.90)",,,,,"(288.16, 221.28)",,,,,"(72.78, 23.12)",,"(553.53, 17.07)",,,"(189.64, 70.38)",,,,,,,,,,,,,,,"(260.74, 340.85)","(39.27, 27.19)",,,,,,,,,,"(525.05, 29.61)",,,,"(639.81, 18.63)","(548.40, 24.45)",,,,"(429.05, 18.86)",,,,,,,,"(384.28, 44.62)",,,"(668.06, 27.41)","(523.80, 18.90)",,,,"(639.43, 237.75)","(628.68, 21.83)","(384.35, 446.42)","(445.01, 296.07)","(376.79, 55.05)","(156.32, 19.71)"
535,,,,,"(133.03, 152.52)",,"(391.31, 447.19)",,"(274.25, 223.58)",,,,,,,"(201.04, 2.26)",,,"(625.93, 46.65)","(267.14, 197.92)","(139.34, 24.38)","(549.95, 199.75)",,"(268.12, 17.65)","(183.33, 16.91)",,,,,"(288.15, 221.28)",,,,,"(74.09, 24.06)",,"(553.21, 17.03)",,,"(190.78, 70.54)",,,,,,,,,,,,,,,"(261.98, 338.72)","(40.97, 26.78)",,,,,,,,,,"(525.03, 29.74)",,,,"(638.52, 18.35)","(551.59, 24.19)",,,,"(430.82, 20.36)",,,,,,,,"(383.95, 44.49)",,,"(665.99, 28.37)","(521.81, 18.98)",,,,"(640.37, 236.05)","(628.52, 21.93)","(384.33, 446.43)","(445.24, 295.14)","(377.05, 53.20)","(158.72, 20.15)"
536,,,,,"(132.77, 150.52)",,"(391.32, 447.17)",,"(274.24, 223.57)",,,,,,,,,,"(625.85, 46.64)","(267.12, 197.92)","(139.17, 24.47)","(549.87, 199.79)",,"(269.63, 17.97)","(183.24, 16.87)",,,,,"(288.11, 221.30)",,,,,"(75.31, 25.15)",,"(552.97, 17.17)",,,"(192.16, 70.63)",,,,,,,,,,,,,,,"(262.84, 337.77)","(42.19, 26.37)",,,,,,,,,,"(525.16, 29.85)",,,,"(638.11, 18.30)","(554.06, 24.69)",,,,"(432.07, 21.94)",,,,,,,,"(383.85, 44.47)",,,"(664.96, 29.61)","(520.10, 18.52)",,,,"(641.68, 233.92)","(628.70, 22.29)","(384.38, 446.39)","(445.06, 294.01)","(377.36, 51.72)","(160.64, 20.05)"
537,,,,,"(132.88, 148.31)",,"(391.29, 447.16)",,"(274.29, 223.58)",,,,,,,,,,"(625.86, 46.67)","(267.16, 197.93)","(139.16, 24.51)","(549.89, 199.80)",,"(270.47, 18.08)","(183.21, 16.93)",,,,,"(288.16, 221.32)",,,,,"(75.80, 25.15)",,"(552.99, 17.14)",,,"(193.58, 70.39)",,,,,,,,,,,,,,,"(263.75, 336.64)","(43.12, 26.52)",,,,,,,,,,"(525.33, 29.83)",,,,"(637.93, 18.03)","(555.94, 24.83)",,,,"(432.73, 23.02)",,,,,,,,"(383.92, 44.45)",,,"(662.98, 30.74)","(518.75, 18.36)",,,,"(642.81, 232.14)","(629.31, 22.84)","(384.39, 446.39)","(444.80, 293.35)","(377.31, 50.58)","(162.96, 20.08)"
538,,,,,"(132.77, 146.04)",,"(391.32, 447.15)",,"(274.27, 223.62)",,,,,,,,,,"(625.94, 46.72)","(267.16, 197.96)","(139.23, 24.50)","(549.92, 199.76)",,"(271.01, 17.85)","(183.07, 16.97)",,,,,"(288.21, 221.42)",,,,,"(75.92, 25.62)",,"(553.07, 17.20)",,,"(194.05, 70.31)",,,,,,,,,,,,,,,"(264.71, 335.75)","(43.68, 26.52)",,,,,,,,,,"(525.36, 29.91)",,,,"(638.19, 18.07)","(558.02, 24.39)",,,,"(433.91, 24.21)",,,,,,,,"(383.63, 44.50)",,,"(660.85, 31.84)","(517.50, 18.09)",,,,"(643.89, 230.30)","(629.99, 22.73)","(384.45, 446.36)","(444.47, 292.69)","(377.65, 49.13)","(165.59, 19.97)"
539,,,,,"(132.67, 143.92)",,"(391.31, 447.20)",,"(274.24, 223.63)",,,,,,,,,,"(625.92, 46.80)","(267.18, 197.97)","(139.25, 24.65)","(549.82, 199.85)",,"(272.02, 17.68)","(183.23, 17.09)",,,,,"(288.19, 221.44)",,,,,"(76.21, 26.03)",,"(553.17, 17.31)",,,"(194.26, 70.37)",,,,,,,,,,,,,,,"(266.04, 334.67)","(44.23, 26.69)",,,,,,,"(583.28, 64.20)",,,"(525.29, 29.96)",,,,"(638.95, 17.93)","(559.65, 24.11)",,,,"(435.04, 25.60)",,,,,,,,"(383.17, 44.29)",,,"(658.82, 33.12)","(516.21, 17.89)",,,,"(645.42, 228.23)","(630.97, 23.40)","(384.49, 446.38)","(443.70, 292.73)","(377.89, 48.79)","(167.20, 19.47)"
540,,,,,"(132.63, 141.20)",,"(391.35, 447.21)",,"(274.24, 223.76)",,,,,,,,,,"(625.98, 46.60)","(267.14, 198.14)","(139.16, 24.68)","(549.82, 199.87)",,"(273.07, 17.08)","(183.37, 17.29)",,,,,"(288.25, 221.66)",,,,,"(76.71, 26.86)",,"(553.09, 17.05)",,,"(194.31, 70.39)",,,,,,,,,,,,,,,"(267.33, 333.27)","(44.62, 25.65)",,,,,,,"(583.40, 62.99)",,,"(525.44, 29.94)",,,,"(639.55, 18.23)","(561.50, 23.54)",,,,"(436.07, 26.64)",,,,,,,,"(383.25, 44.15)",,,"(656.74, 34.13)","(515.16, 18.35)",,,,"(646.75, 226.46)","(632.80, 23.59)","(384.46, 446.36)","(442.84, 292.65)","(378.43, 47.65)","(170.35, 19.13)"
541,,,,,"(132.39, 138.80)",,"(391.39, 447.24)",,"(274.25, 223.75)",,,,,,,,,,"(626.01, 46.65)","(267.12, 198.16)","(139.16, 24.70)","(549.84, 199.89)",,"(274.16, 17.45)","(183.55, 17.40)",,,,,"(288.22, 221.67)",,,,,"(77.06, 28.58)",,"(553.10, 16.89)",,,"(194.35, 70.46)",,,,,,,,,,,,,,,"(268.17, 331.67)","(46.97, 24.73)",,,,,,,"(583.34, 63.15)",,,"(525.19, 29.88)",,,,"(639.98, 18.77)","(562.43, 22.65)",,,,"(437.32, 27.45)",,,,,,,,"(383.56, 44.17)",,,"(653.78, 35.51)","(514.18, 18.95)",,,,"(647.97, 224.49)","(633.12, 24.58)","(384.48, 446.41)","(442.12, 292.52)","(378.67, 46.91)","(171.79, 18.51)"
542,,,,,"(132.37, 136.19)",,"(391.38, 447.26)",,"(274.18, 223.61)",,,,,,,,,,"(626.09, 46.55)","(267.09, 198.18)","(139.17, 24.62)","(549.97, 199.82)",,"(275.11, 17.35)","(183.90, 17.47)",,,,,"(288.20, 221.70)",,,,,"(77.01, 30.73)",,"(553.02, 16.84)",,,"(194.25, 70.44)",,,,,,,,,,,,,,,"(269.20, 329.62)","(48.94, 24.00)",,,,,,,"(583.44, 63.14)",,,"(525.36, 29.93)",,,,"(640.01, 18.92)","(563.51, 21.55)",,,,"(437.59, 27.44)",,,,,,,,"(383.96, 45.06)",,,"(650.99, 36.84)","(513.30, 19.20)",,,,"(648.97, 223.20)","(633.74, 25.22)",,"(441.21, 292.33)","(378.81, 45.89)","(173.21, 18.08)"
543,,,,,,,"(391.37, 447.26)",,"(274.33, 223.09)",,,,,,,,,,"(626.05, 46.50)","(267.06, 198.14)","(139.26, 24.90)","(549.98, 199.88)",,"(276.33, 17.22)","(183.56, 17.57)",,,,,"(288.12, 221.61)",,,,,"(77.27, 32.93)",,"(553.10, 17.13)",,,"(194.18, 70.42)",,,,,,,,,,"(151.89, 17.36)",,,,,"(270.37, 328.06)","(50.09, 23.50)",,,,,,,,,,"(525.38, 30.04)",,,,"(637.59, 19.73)","(564.69, 20.14)",,,,"(438.33, 27.04)",,,,,,,,"(384.52, 45.27)",,,"(648.58, 37.70)","(512.16, 19.44)",,,,"(650.22, 221.71)","(635.26, 26.66)",,"(440.05, 291.58)","(379.46, 44.28)","(176.64, 17.64)"
544,,,,,,,"(391.45, 447.22)",,"(274.26, 222.65)",,,,,,,"(200.85, 2.30)",,,"(626.08, 46.53)","(267.09, 198.10)","(139.34, 24.68)","(549.99, 199.89)",,"(277.95, 17.19)","(182.73, 17.28)",,,,,"(288.14, 221.64)",,,,,"(76.95, 34.67)",,"(553.22, 17.11)",,,"(194.16, 70.42)",,,,,,,,,,"(153.26, 18.14)",,,,,"(271.31, 326.45)","(51.56, 22.36)",,,,,,,,,,"(525.51, 30.08)",,,,"(636.54, 19.58)","(565.18, 19.36)",,,,"(439.32, 26.48)",,,,,,,,"(384.55, 45.39)",,,"(646.80, 38.38)","(511.54, 19.50)",,,,"(651.30, 219.63)","(637.51, 27.23)","(384.46, 446.42)","(438.73, 290.44)","(379.18, 43.89)","(178.46, 17.55)"
545,,,,,,,"(391.45, 447.13)",,"(274.24, 222.23)",,,,,,,,,,"(626.04, 46.57)","(266.95, 198.05)","(139.38, 24.45)","(549.79, 200.14)",,"(279.17, 17.19)",,,,,,"(288.12, 221.67)",,,,,"(76.87, 36.29)",,"(553.20, 17.18)",,,"(194.16, 70.43)",,,,,,,,,,"(154.52, 20.48)",,,,,"(272.72, 324.94)","(54.03, 19.81)",,,,,,,,,,"(525.51, 30.19)",,,,"(636.35, 20.82)","(565.19, 19.42)",,,,"(440.11, 26.01)",,,,,,,,"(383.98, 45.38)",,,"(644.69, 39.00)","(510.66, 19.69)",,,,"(651.02, 217.76)",,"(384.42, 446.40)","(437.89, 289.44)",,"(178.68, 17.97)"
546,,,,,"(132.04, 127.34)",,"(391.50, 447.13)",,"(274.22, 221.75)",,,,,,,"(200.93, 2.26)",,,"(626.01, 46.42)","(266.96, 198.01)","(139.31, 24.36)","(549.77, 200.14)",,"(279.39, 17.56)",,,,,,"(288.11, 221.57)",,,,,"(76.38, 37.77)",,"(553.20, 17.12)",,,"(194.35, 70.31)",,,,,,,,,,"(155.06, 21.92)",,,,,"(273.65, 323.12)","(55.67, 18.45)",,,,,,,"(583.52, 63.38)",,,"(525.49, 30.20)",,,,"(635.44, 19.18)","(565.18, 19.41)",,,,"(441.42, 25.66)",,,,,,,,"(384.05, 44.66)",,,"(642.50, 39.62)","(509.86, 19.44)",,,,"(650.05, 216.26)",,"(384.46, 446.36)","(437.08, 287.87)",,"(180.02, 17.88)"
547,,,,,"(131.90, 125.22)",,"(391.44, 447.14)",,"(274.22, 221.40)",,,,,,,"(201.14, 2.29)",,,"(625.91, 46.38)","(266.99, 197.96)","(139.43, 24.26)","(549.73, 200.18)",,"(279.70, 17.53)",,,,,,"(288.11, 221.64)",,,,,"(75.76, 39.74)",,"(552.79, 16.80)",,,"(195.27, 69.65)",,,,,,,,,,"(154.37, 22.91)",,,,,"(274.29, 321.23)","(56.55, 17.44)",,,,,,,"(583.39, 63.33)",,,"(525.42, 30.21)",,,,"(634.50, 19.24)","(565.12, 19.40)",,,,"(442.04, 25.01)",,,,,,,,"(382.22, 41.93)",,,"(641.80, 39.61)","(509.18, 19.23)",,,,"(648.95, 214.75)","(641.91, 30.89)","(384.46, 446.41)","(435.17, 286.06)",,"(180.96, 18.92)"
548,,,,,,,"(391.37, 447.13)",,"(274.22, 220.93)",,,,,,,"(200.95, 2.24)",,,"(625.98, 46.31)","(267.04, 197.96)","(139.51, 24.22)","(549.70, 200.22)",,"(280.01, 17.24)",,,,,,"(288.12, 221.66)",,,,,"(74.87, 42.01)",,"(551.93, 16.34)",,,"(196.02, 69.27)",,,,,,,,,,"(153.52, 23.40)",,,,,"(274.62, 320.59)","(57.05, 17.16)",,,,,,,"(583.34, 63.29)",,,"(525.13, 30.07)",,,,"(633.72, 19.21)","(565.16, 19.32)",,,,"(442.45, 23.81)",,,,,,,,"(382.81, 41.59)",,,"(641.35, 39.48)","(509.03, 18.98)",,,,"(647.85, 213.31)","(642.61, 32.38)","(384.42, 446.36)","(433.64, 284.57)",,"(182.08, 20.30)"
549,,,,,"(131.77, 121.84)",,"(391.37, 447.15)",,"(274.31, 220.29)",,,,,,,"(200.85, 2.09)",,,"(626.11, 46.24)","(267.08, 197.96)","(139.52, 24.28)","(549.77, 200.24)",,"(280.65, 17.03)","(182.80, 17.15)",,,,,"(288.15, 221.73)",,,,,"(73.92, 44.29)",,"(550.64, 16.29)",,,"(197.49, 67.71)",,,,,,,,,,"(153.72, 23.72)",,,,,"(274.80, 320.28)",,,,,,,,,,,"(524.73, 30.13)",,,,"(632.58, 18.75)","(565.13, 19.29)",,,,"(442.92, 22.66)",,,,,,,,"(384.18, 44.37)",,,"(638.28, 40.08)","(509.15, 19.41)",,,,"(646.85, 211.97)","(645.18, 34.25)","(384.49, 446.36)","(431.97, 282.97)","(383.28, 37.99)","(182.76, 22.01)"
550,,,,,,,"(391.40, 447.14)",,"(274.48, 219.57)",,,,,,,"(200.85, 2.02)",,,"(626.16, 46.40)","(267.13, 197.99)","(139.55, 24.15)","(549.81, 200.50)",,"(281.00, 16.76)","(183.52, 17.24)",,,,,"(288.15, 221.71)",,,,,"(72.64, 46.08)",,"(549.66, 16.18)",,,"(197.97, 66.78)",,,,,,,,,,"(153.80, 23.65)",,,,,"(274.87, 320.16)",,,,,,,,"(583.40, 63.07)",,,"(524.35, 30.09)",,,,"(632.27, 18.71)","(565.04, 19.24)",,,,"(442.83, 21.60)",,,,,,,,"(384.19, 44.55)",,,"(637.87, 38.68)","(509.35, 19.46)",,,,"(645.11, 209.57)","(646.62, 35.13)","(384.42, 446.36)","(430.36, 281.53)","(383.96, 36.91)","(184.37, 23.99)"
551,,,,,,,"(391.40, 447.16)",,"(274.51, 218.97)",,,,,,,"(200.96, 1.98)",,,"(626.07, 46.52)","(267.12, 198.01)","(139.68, 24.12)","(549.80, 200.60)",,"(281.23, 16.71)","(183.56, 16.98)",,,,,"(288.13, 221.66)",,,,,"(71.77, 47.54)",,"(548.06, 15.88)",,,"(198.24, 65.61)",,,,,,,,,,"(155.21, 23.47)",,,,,"(274.96, 320.06)",,,,,,,,"(583.32, 63.07)",,,"(523.84, 30.03)",,,,"(632.05, 18.98)","(565.07, 19.26)",,,,"(442.77, 20.97)",,,,,,,,"(383.90, 44.18)",,,"(637.12, 37.09)","(509.35, 19.51)",,,,"(643.40, 208.20)","(648.87, 36.64)","(384.56, 446.35)","(428.44, 279.44)","(384.30, 34.85)","(185.58, 25.08)"
552,,,,,,,"(391.33, 447.19)","(652.40, 6.33)","(274.49, 218.70)",,,,,,,"(200.80, 2.07)",,,"(626.04, 46.61)","(267.18, 198.00)","(139.55, 24.12)","(549.75, 200.55)",,"(282.46, 17.22)","(183.32, 17.07)",,,,,"(287.87, 221.28)",,,,,"(70.36, 49.46)",,"(546.38, 15.69)",,,"(198.23, 64.51)",,,,,,,,,,"(155.39, 22.59)",,,,,"(274.97, 320.04)",,,,,,,,"(583.16, 62.97)",,,"(523.93, 30.08)",,,,"(631.65, 19.25)","(565.02, 19.26)",,,,"(442.74, 20.84)",,,,,,,,"(383.88, 44.26)",,,"(635.72, 35.51)","(509.73, 19.76)",,,,"(641.36, 207.25)","(651.07, 37.58)","(384.59, 446.36)","(426.22, 277.81)","(384.74, 33.57)","(187.38, 26.16)"
553,,,,,,,"(391.27, 447.19)","(654.26, 6.38)","(274.42, 218.24)",,,,,,,"(200.74, 2.14)",,,"(626.05, 46.62)","(267.20, 198.05)","(139.47, 24.15)","(549.76, 200.74)",,"(282.63, 17.25)","(182.82, 16.98)",,,,,"(287.70, 221.12)",,,,,"(69.03, 51.45)",,"(544.07, 15.93)",,,"(198.25, 62.75)",,,,,,,,,,"(155.95, 21.77)",,,,,"(274.98, 320.05)",,,,,,,,,,,"(523.83, 29.98)",,,,"(630.95, 19.20)","(565.11, 19.24)",,,,"(442.71, 21.54)",,,,,,,,"(383.91, 44.37)",,,"(634.56, 33.57)","(509.61, 20.02)",,,,"(639.26, 206.19)","(653.32, 38.68)","(384.54, 446.38)","(424.22, 275.56)","(385.73, 31.54)","(189.49, 27.75)"
554,,,,,,,"(391.29, 447.18)","(656.12, 6.47)","(274.53, 217.65)",,,,,,,"(200.93, 2.13)",,,"(625.99, 46.71)","(267.24, 198.04)","(139.37, 24.20)","(549.77, 200.73)",,"(283.18, 17.33)","(183.06, 17.32)",,,,,"(287.46, 220.80)",,,,,"(68.25, 53.54)",,"(542.58, 15.36)",,,"(198.07, 61.43)",,,,,,,,,,"(156.50, 22.06)",,,,,"(274.98, 320.08)",,,,,,,,"(583.08, 62.95)",,,"(523.89, 29.91)",,,,"(629.72, 20.03)","(565.29, 19.28)",,,,"(442.43, 22.27)",,,,,,,,"(383.82, 44.45)",,,"(633.30, 31.32)","(510.01, 19.48)",,,,"(637.95, 205.84)","(655.98, 39.23)","(384.64, 446.33)","(422.13, 273.64)","(386.48, 29.23)","(190.45, 29.09)"
555,,,,,,,"(391.30, 447.28)","(658.15, 6.80)","(274.53, 215.98)",,,,,,,"(200.94, 2.19)",,,"(626.01, 46.70)","(267.24, 198.12)","(139.26, 24.30)","(549.75, 200.73)",,"(283.63, 17.37)","(183.15, 17.30)",,,,,"(287.12, 220.36)",,,,,"(68.03, 56.07)",,"(541.45, 15.15)",,,"(198.05, 58.89)",,,,,,,,,,"(156.95, 22.37)",,,,,"(274.95, 320.08)",,,,,,,,,,,"(524.03, 29.76)",,,,"(628.44, 20.19)","(565.20, 19.65)",,,,"(442.27, 23.36)",,,,,,,,"(383.91, 44.52)",,,"(632.33, 29.52)","(510.27, 19.01)",,,,"(636.00, 204.45)","(658.32, 39.09)","(384.68, 446.36)","(419.97, 271.46)","(387.06, 26.92)","(191.61, 29.80)"
556,,,,,,,"(391.34, 447.24)",,"(274.74, 214.43)",,,,,,,"(201.06, 2.15)",,,"(626.02, 46.74)","(267.21, 198.10)","(139.21, 24.30)","(549.88, 200.75)",,"(284.58, 17.29)","(183.16, 17.36)",,,,,"(286.84, 220.09)",,,,,"(68.04, 58.53)",,"(541.60, 14.00)",,,"(197.97, 56.58)",,,,,,,,,,"(157.02, 22.46)",,,,,"(274.94, 320.06)",,,,,,,,,,,"(524.20, 30.13)",,,,"(628.03, 20.49)","(565.42, 20.19)",,,,"(442.07, 24.86)",,,,,,,,"(383.79, 44.46)",,,"(632.18, 27.60)","(510.21, 18.93)",,,,"(634.74, 203.33)","(660.35, 38.23)","(384.63, 446.34)","(417.85, 269.43)","(387.48, 24.60)","(192.22, 30.01)"
557,,,,,,,"(391.35, 447.21)",,"(275.12, 212.80)",,,,,,,"(201.11, 2.23)",,,"(626.03, 46.89)","(267.15, 198.13)","(139.39, 24.29)","(549.99, 201.25)",,"(285.74, 17.06)","(183.25, 17.53)",,,,,"(286.48, 219.73)",,,,,"(68.03, 61.45)",,,,,"(197.66, 54.83)",,,,,,,,,,"(157.80, 23.17)",,,,,"(274.93, 320.06)",,,,,,,,,,,"(524.44, 30.45)",,,,"(627.45, 20.52)","(565.56, 20.84)",,,,"(441.85, 25.75)",,,,,,,,"(383.61, 44.43)",,,"(631.96, 25.89)","(510.30, 18.93)",,,,"(632.68, 202.61)","(662.89, 37.27)","(384.59, 446.41)","(416.13, 267.92)","(387.85, 22.98)","(193.58, 31.45)"
558,,,,,,,"(391.33, 447.19)",,"(275.48, 211.05)",,,,,,,,,,"(626.09, 47.24)","(267.13, 198.13)","(139.36, 24.28)","(550.23, 201.08)",,"(287.07, 16.84)","(183.27, 17.45)",,,,,"(286.30, 219.63)",,,,,"(67.95, 64.48)",,,,,"(196.93, 52.95)",,,,,,,,,,"(158.17, 23.15)",,,,,"(274.87, 320.08)",,,,,,,,,,,"(524.51, 30.47)",,,,"(626.98, 20.54)","(565.62, 21.02)",,,,"(441.69, 26.36)",,,,,,,,"(383.63, 44.43)",,,"(631.82, 25.80)","(510.45, 18.59)",,,,"(631.60, 202.27)","(665.22, 36.23)","(384.48, 446.39)","(413.78, 265.92)","(388.54, 20.92)","(194.44, 31.65)"
559,,,,,,,"(391.29, 447.18)",,"(276.47, 207.87)",,,,,,,"(201.10, 2.20)",,,"(625.96, 47.54)","(267.00, 198.11)","(139.36, 24.30)","(550.13, 200.79)",,"(288.11, 17.13)","(183.28, 17.44)",,,,,"(286.07, 219.57)",,,,,"(68.80, 66.44)",,,,,"(196.49, 50.58)",,,,,,,,,,"(158.66, 23.02)",,,,,"(274.87, 320.06)",,,,,,,,,,,"(524.48, 30.53)",,,,"(626.39, 20.47)","(565.84, 20.93)",,,,"(441.43, 26.86)",,,,,,,,"(383.62, 44.42)",,,"(631.89, 24.14)","(511.07, 18.38)",,,,"(629.78, 201.61)","(668.08, 35.44)","(384.42, 446.32)","(411.62, 264.22)","(389.01, 19.35)","(195.19, 31.75)"
560,,,,,,,"(391.28, 447.25)",,"(277.67, 205.11)",,,,,,,"(201.01, 2.20)",,,"(626.07, 47.62)","(266.99, 198.35)","(139.32, 24.28)","(550.07, 200.41)",,"(289.03, 16.94)","(183.29, 17.43)",,,,,"(285.85, 219.33)",,,,,"(69.78, 67.78)",,,,,"(195.89, 48.45)",,,,,,,,,,"(159.37, 23.04)",,,,,"(274.90, 320.08)",,,,,,,,,,,"(524.60, 30.54)",,,,"(626.10, 20.84)","(566.00, 20.94)",,,,"(440.93, 27.74)",,,,,,,,"(383.65, 44.39)",,,"(632.21, 23.17)","(511.36, 18.02)",,,,"(628.92, 200.99)","(670.80, 34.71)","(384.52, 446.42)","(409.64, 261.41)","(388.93, 19.63)","(196.47, 31.85)"
561,,,,,,,"(391.26, 447.29)",,"(279.26, 203.38)",,,,,,,"(200.96, 2.24)",,,"(626.05, 48.01)","(267.30, 198.65)","(139.30, 24.28)","(550.07, 200.15)",,"(290.77, 16.88)","(183.31, 17.45)",,,,,"(285.81, 219.31)",,,,,"(71.52, 69.98)",,"(529.33, 6.57)",,,"(195.15, 46.98)",,,,,,,,,,"(160.09, 23.20)",,,,,"(274.91, 320.08)",,,,,,,,,,,"(524.61, 30.63)",,,,"(625.48, 21.08)","(566.29, 21.04)",,,,"(440.69, 28.15)",,,,,,,,"(383.63, 44.35)",,,"(632.13, 22.03)","(511.53, 17.63)",,,,"(628.10, 200.17)","(673.12, 34.21)","(384.61, 446.41)","(407.81, 259.48)","(388.89, 20.60)","(196.73, 31.13)"
562,,,,,,,"(391.33, 447.27)",,"(281.19, 199.55)",,,,,,,"(200.91, 2.21)",,,"(626.08, 47.93)","(267.36, 198.26)","(139.21, 24.31)","(550.47, 199.73)",,"(291.42, 16.80)","(183.33, 17.39)",,,,,"(285.80, 219.38)",,,,,"(72.83, 71.04)",,,,,"(193.96, 44.67)",,,,,,,,,,"(160.78, 23.36)",,,,,"(274.92, 320.07)",,,,,,,,"(583.34, 63.02)",,,"(524.61, 30.62)",,,,"(624.69, 21.26)","(566.77, 21.05)",,,,"(440.06, 28.64)",,,,,,,,"(383.69, 44.33)",,,"(632.97, 19.87)","(512.06, 16.80)",,,,"(626.54, 199.07)","(675.22, 33.63)","(384.58, 446.44)","(405.34, 256.94)","(389.66, 20.58)","(197.62, 29.90)"
563,,,,,,,"(391.25, 447.27)",,"(282.30, 197.60)",,,,,,,"(200.62, 2.36)",,,"(626.08, 47.86)","(267.34, 198.18)","(139.19, 24.32)","(550.70, 199.38)",,"(292.47, 16.40)","(183.40, 17.37)",,,,,"(285.71, 219.32)",,,,,"(73.94, 71.56)",,,,,"(193.21, 43.09)",,,,,,,,,,"(161.61, 23.55)",,,,,"(274.94, 320.10)",,,,,,,,,,,"(524.93, 31.85)",,,,"(624.13, 21.63)","(566.64, 20.98)",,,,"(439.97, 28.56)",,,,,,,,"(383.68, 44.30)",,,"(632.97, 18.98)","(512.46, 15.12)",,,,"(626.26, 198.19)","(677.72, 32.83)","(384.54, 446.44)","(403.83, 255.04)","(391.04, 20.64)","(197.79, 28.83)"
564,,,,,,,"(391.21, 447.23)",,"(284.59, 195.09)",,,,,,,"(200.47, 2.37)",,,"(626.00, 47.87)","(267.26, 198.20)","(139.25, 24.39)","(551.09, 198.64)",,"(293.37, 16.28)","(183.37, 17.44)",,,,,"(286.01, 219.37)",,,,,"(74.83, 72.00)",,,,,"(191.88, 41.58)",,,,,,,,,,"(163.46, 24.09)",,,,,"(274.97, 320.08)",,,,,,,,,,,"(523.64, 40.73)",,,,"(624.00, 21.76)","(566.81, 21.25)",,,,"(439.95, 28.58)",,,,,,,,"(383.61, 44.21)",,,"(632.92, 18.02)","(512.41, 14.32)",,,,"(625.94, 196.29)","(678.82, 31.22)","(384.57, 446.47)","(401.94, 252.95)","(392.49, 20.42)","(198.75, 28.00)"
565,,,,,,,"(391.22, 447.25)",,"(286.14, 192.24)",,,,,,,,,,"(625.97, 47.92)","(267.20, 198.17)","(139.24, 24.40)","(551.40, 197.44)",,"(294.03, 16.03)","(183.37, 17.45)",,,,,"(285.99, 219.49)",,,,,,,,,,"(190.78, 40.40)",,,,,,,,,,"(164.80, 24.12)",,,,,"(274.95, 320.08)",,,,,,,,,,,,,,,"(623.96, 21.69)","(566.82, 21.24)",,,,"(439.82, 27.89)",,,,,,,,"(383.60, 44.23)",,,,"(512.34, 13.17)",,,,"(625.55, 194.51)","(679.90, 28.96)","(384.59, 446.47)","(400.32, 250.98)","(393.73, 20.26)","(198.86, 27.24)"
566,,,,,,,"(391.28, 447.21)",,"(288.01, 189.31)",,,,,,,,,,"(625.97, 48.00)","(267.14, 198.24)","(139.25, 24.42)","(551.99, 195.85)",,"(294.70, 16.09)","(183.32, 17.51)",,,,,"(285.99, 219.52)",,,,,,,,,,"(189.49, 39.18)",,,,,,,,,,"(164.73, 23.81)",,,,,"(274.90, 320.09)",,,,,,,,,,,,,,,"(623.92, 21.31)","(566.59, 21.16)",,,,"(439.48, 26.76)",,,,,,,,"(383.54, 44.28)",,,,"(512.62, 11.72)",,,,"(625.13, 192.41)","(681.03, 26.63)","(384.61, 446.45)","(398.38, 248.51)","(395.17, 20.32)","(198.81, 26.40)"
567,,,,,,,"(391.24, 447.18)",,"(289.56, 186.56)",,,,,,,,,,"(625.84, 47.91)","(267.14, 198.20)","(139.27, 24.41)","(552.74, 193.49)",,"(294.64, 16.11)","(183.36, 17.51)",,,,,"(285.99, 219.51)",,,,,,,,,,"(187.42, 38.06)",,,,,,,,,,"(165.50, 23.87)",,,,,"(274.90, 320.11)",,,,,,,,,,,,,,,"(623.76, 21.00)","(565.74, 21.13)",,,,"(438.73, 25.32)",,,,,,,,"(383.51, 44.34)",,,,,,,,"(624.36, 190.10)","(682.60, 24.04)","(384.55, 446.42)","(396.53, 246.25)","(396.60, 19.74)","(198.94, 25.22)"
568,,,,,,,"(391.34, 447.25)",,"(291.51, 183.02)",,,,,,,,,,"(625.88, 47.88)","(267.05, 198.22)","(139.34, 24.41)","(553.23, 191.42)",,"(294.76, 16.13)","(183.35, 17.51)",,,,,"(285.90, 219.51)",,,,,,,,,,"(185.23, 36.91)",,,,,,,,,,"(166.77, 23.75)",,,,,"(274.89, 320.07)",,,,,,,,,,,,,,,"(623.73, 20.67)","(565.45, 21.39)",,,,"(438.30, 23.91)",,,,,,,,"(383.59, 44.33)",,,,,,,,"(624.40, 187.71)","(683.38, 22.01)","(384.60, 446.52)","(394.49, 243.38)","(398.55, 19.20)","(198.40, 23.38)"
569,,,,,,,"(391.32, 447.26)",,"(293.50, 179.26)",,,,,,,"(200.14, 2.54)",,,"(625.92, 47.80)","(267.04, 198.19)","(139.37, 24.38)","(553.81, 189.12)",,"(295.73, 16.22)","(183.30, 17.49)",,,,,"(285.87, 219.49)",,,,,,,,,,"(183.03, 35.89)",,,,,,,,,,"(168.18, 23.81)",,,,,"(274.86, 320.10)",,,,,,,,,,,,,,,"(623.64, 21.31)","(564.86, 21.97)",,,,"(438.29, 24.17)",,,,,,,,"(383.66, 44.35)",,,,,,,,"(624.44, 185.02)","(683.77, 21.73)","(384.58, 446.50)","(393.03, 241.33)","(400.09, 18.55)","(198.36, 22.96)"
570,,,,,,,"(391.36, 447.24)",,"(295.48, 175.71)",,,,,,,,,,"(625.85, 47.75)","(267.04, 198.15)","(139.33, 24.43)","(554.68, 186.88)",,"(296.26, 16.64)","(183.31, 17.49)",,,,,"(285.95, 219.55)",,,,,,,,,,"(181.10, 34.81)",,,,,,,,,,"(169.67, 23.78)",,,,,"(274.85, 320.09)",,,,,,,,,,,,,,,"(623.63, 22.18)","(563.89, 22.21)",,,,"(438.28, 24.24)",,,,,,,,"(383.69, 44.36)",,,,,,,,"(624.42, 182.88)","(684.55, 21.69)","(384.52, 446.50)","(391.56, 238.58)","(401.78, 17.73)","(198.32, 22.97)"
571,,,,,,,"(391.29, 447.23)",,"(297.04, 172.03)",,,,,,,"(200.31, 2.49)",,,"(625.88, 47.72)","(267.04, 198.20)","(139.27, 24.53)","(555.16, 184.02)",,"(297.64, 16.80)","(183.16, 17.61)",,,,,"(285.89, 219.69)",,,,,,,,,,"(179.25, 33.35)",,,,,,,,,,"(171.10, 24.00)",,,,,"(274.87, 320.13)",,,,,,,,,,,,,,,"(623.42, 23.39)","(562.97, 22.52)",,,,"(438.53, 24.57)",,,,,,,,"(383.74, 44.35)",,,,,,,,"(624.29, 179.99)","(685.22, 21.48)","(384.46, 446.44)","(389.68, 236.39)","(402.89, 17.29)","(197.94, 23.11)"
572,,,,,,,"(391.30, 447.22)",,"(298.99, 168.52)",,,,,,,"(200.35, 2.45)",,,"(625.89, 47.63)","(267.05, 198.21)","(139.32, 24.55)","(555.87, 181.54)",,"(299.00, 16.73)","(182.96, 17.71)",,,,,"(285.64, 219.76)",,,,,,,,,,"(178.18, 31.72)",,,,,,,,,,"(172.25, 24.09)",,,,,"(274.87, 320.12)",,,,,,,,"(583.60, 63.07)",,,,,,,"(623.49, 24.35)","(561.62, 22.38)",,,,"(438.51, 24.43)",,,,,,,,"(383.79, 44.34)",,,,,,,,"(624.39, 177.86)","(686.45, 21.94)","(384.44, 446.39)","(388.01, 234.86)","(403.84, 17.53)","(196.71, 23.80)"
573,,,,,"(134.49, 70.84)",,"(391.30, 447.25)",,"(300.33, 165.33)",,,,,,,,,,"(625.83, 47.53)","(267.10, 198.22)","(139.43, 24.54)","(556.48, 178.97)",,"(299.80, 16.53)","(182.88, 17.70)",,,,,"(285.71, 219.79)",,,,,,,,,,"(177.70, 29.39)",,,,,,,,,,"(172.75, 23.93)",,,,,"(274.87, 320.10)",,,,,,,,"(583.30, 64.02)",,,,,,,"(623.91, 25.35)","(560.38, 22.55)",,,,"(437.83, 23.71)",,,,,,,,"(383.77, 44.33)",,,,,,,,"(624.31, 175.18)","(687.17, 22.05)",,"(386.45, 232.83)","(405.03, 17.83)","(195.80, 24.43)"
574,,,,,"(134.78, 69.38)",,"(391.28, 447.26)",,"(302.38, 161.62)",,,,,,,"(200.41, 2.40)",,,"(625.86, 47.47)","(267.10, 198.15)","(139.43, 24.38)","(556.93, 176.91)",,"(300.57, 16.60)","(182.83, 18.20)",,,,,"(285.75, 219.74)",,,,,,,,,,"(176.57, 27.22)",,,,,,,,,,"(172.69, 24.35)",,,,,"(274.88, 320.11)",,,,,,,,"(583.39, 64.08)",,,"(518.68, 66.84)",,,,"(623.84, 27.05)","(558.54, 23.06)",,,,"(437.49, 22.85)",,,,,,,,"(383.68, 44.29)",,,,,,,,"(624.69, 172.52)","(687.57, 22.35)","(384.41, 446.47)","(385.13, 231.31)","(406.74, 18.45)","(195.09, 24.92)"
575,,,,,"(135.47, 67.34)",,"(391.31, 447.24)","(655.55, 46.77)","(304.24, 158.17)",,,,,,,"(200.60, 2.35)",,,"(625.91, 47.50)","(267.06, 198.14)","(139.38, 24.39)","(557.43, 174.23)",,"(301.39, 16.61)","(182.67, 18.14)",,,,,"(285.70, 219.79)",,,,,,,,,,"(176.97, 27.67)",,,,,,,,,,"(171.82, 24.28)",,,,,"(274.91, 320.14)",,,,,,,,"(584.06, 63.11)",,,"(519.39, 65.34)",,,,"(623.80, 27.86)","(556.64, 23.21)",,,,"(436.52, 21.27)",,,,,,,,"(383.63, 44.29)",,,,,,,,"(624.58, 169.84)","(688.25, 22.24)","(384.42, 446.46)","(384.19, 230.17)","(408.72, 18.43)","(194.85, 25.58)"
576,,,,,"(136.12, 64.53)",,"(391.35, 447.30)","(655.06, 46.75)","(306.11, 154.38)",,,,,,,"(200.34, 2.38)",,,"(626.06, 47.50)","(267.09, 198.09)","(139.41, 24.43)","(558.55, 171.40)",,"(302.36, 16.22)","(183.00, 18.12)",,,,,"(285.77, 219.76)",,,,,,,,,,"(177.41, 28.20)",,,,,,,,,,"(171.06, 23.96)",,,,,"(274.92, 320.19)",,,,,,,,"(584.13, 63.65)",,,"(519.34, 64.54)",,,,"(623.78, 29.74)","(554.68, 23.48)",,,,"(436.41, 21.01)",,,,,,,,"(383.55, 44.30)",,,,"(512.97, 9.19)",,,,"(625.16, 167.16)","(689.03, 21.93)","(384.48, 446.48)","(382.73, 228.99)","(410.27, 19.09)","(194.82, 26.08)"
577,,,,,"(136.70, 62.31)",,"(391.37, 447.35)","(655.01, 46.63)","(307.13, 151.00)",,,,,,,"(200.58, 2.36)",,,"(625.99, 47.45)","(267.10, 198.13)","(139.49, 24.38)","(558.62, 168.67)",,"(302.88, 16.05)","(182.69, 18.05)",,,,,"(285.70, 219.77)",,,,,,,,,,"(177.80, 28.02)",,,,,,,,,,"(170.92, 23.51)",,,,,"(274.90, 320.16)",,,,,,,,"(584.36, 63.45)",,,"(519.80, 64.46)",,,,"(624.20, 31.12)","(552.63, 23.88)",,,,"(435.67, 20.56)",,,,,,,,"(383.57, 44.34)",,,,"(512.96, 9.16)",,,,"(625.58, 164.62)","(689.78, 21.44)","(384.46, 446.47)","(381.41, 228.08)","(411.40, 19.72)","(193.36, 25.74)"
578,,,,,"(137.18, 60.28)",,"(391.35, 447.34)","(654.99, 46.55)","(308.31, 147.06)",,,,,,,,,,"(625.84, 47.61)","(267.04, 198.15)","(139.36, 24.34)","(558.76, 165.72)",,"(303.42, 16.01)","(185.97, 18.50)",,,,,"(285.46, 219.75)",,,,,,,,,,"(178.03, 27.72)",,,,,,,,,,"(170.79, 22.96)",,,,,"(274.91, 320.08)","(63.96, 18.74)",,,,,,,,,,,,,,"(624.74, 32.25)","(549.80, 24.56)",,,,"(435.01, 18.71)",,,,,,,,"(383.50, 44.28)",,,,,,,,"(626.12, 161.74)","(690.24, 20.87)","(384.43, 446.50)","(380.50, 227.45)","(413.24, 19.96)","(189.64, 24.26)"
579,,,,,"(137.71, 58.21)",,"(391.33, 447.30)","(655.00, 46.51)","(309.94, 143.02)",,,,,,,,,,"(625.82, 47.65)","(267.11, 198.12)","(139.26, 24.28)","(559.04, 162.98)",,"(303.86, 16.04)","(187.44, 19.13)",,,,,"(285.63, 219.76)",,,,,,,,,,"(178.14, 28.17)",,,,,,,,,,"(171.46, 22.20)",,,,,"(274.69, 319.75)","(63.00, 19.22)",,,,,,,,,,"(520.06, 55.29)",,,,"(625.13, 33.34)","(547.43, 25.74)",,,,"(434.67, 16.93)",,,,,,,,"(383.47, 44.29)",,,,,,,,"(626.25, 160.29)","(690.51, 20.46)","(384.44, 446.48)","(379.69, 226.77)","(414.32, 20.45)","(190.21, 26.22)"
580,,,,,"(137.92, 55.83)",,"(391.32, 447.30)","(654.99, 46.32)","(311.02, 139.03)",,,,,,,,,,"(625.75, 47.58)","(267.04, 198.17)","(139.34, 24.31)","(559.53, 159.82)",,"(304.43, 16.07)","(187.31, 19.10)",,,,,"(285.57, 219.75)",,,,,,,,,,"(178.29, 28.24)",,,,,,,,,,"(172.63, 21.54)",,,,,"(274.72, 319.37)","(61.94, 20.94)",,,,,,,,,,"(519.66, 54.44)",,,,"(625.56, 34.39)","(545.20, 25.94)",,,,"(434.86, 15.98)",,,,,,,,"(383.46, 44.30)",,,,,,,,"(626.67, 158.54)","(690.79, 20.15)","(384.42, 446.50)","(379.23, 226.04)","(415.22, 20.78)","(190.04, 26.99)"
581,,,,,"(138.47, 52.72)",,"(391.33, 447.29)","(654.94, 45.87)","(312.11, 135.46)",,,,,,,"(200.72, 2.34)",,,"(625.73, 47.49)","(267.12, 198.12)","(139.41, 24.31)","(559.74, 156.24)",,"(305.01, 16.02)","(187.00, 19.56)",,,,,"(285.77, 219.79)",,,,,,,,,,"(178.32, 28.05)",,,,,,,,,,"(174.01, 20.19)",,,,,"(274.79, 318.99)","(61.33, 24.05)",,,,,,,,,,"(519.76, 53.21)",,,,"(626.27, 35.62)","(543.21, 25.59)",,,,,,,,,,,,"(383.48, 44.29)",,,,"(513.21, 9.08)",,,,"(627.45, 156.57)","(690.83, 21.83)","(384.45, 446.46)","(378.72, 225.50)","(416.65, 20.66)","(189.05, 26.53)"
582,,,,,"(139.25, 49.77)",,"(391.28, 447.26)","(654.91, 45.55)","(313.04, 132.89)",,,,,,,"(200.90, 2.32)",,,"(625.68, 47.41)","(267.14, 198.12)","(139.38, 24.39)","(559.80, 153.19)",,"(305.45, 16.03)",,,,,,"(285.92, 219.93)",,,,,,,,,,"(178.59, 28.06)",,,,,,,,,,"(174.45, 19.01)",,,,,"(274.85, 318.85)","(61.22, 24.36)",,,,,,,,,,"(519.30, 51.00)",,,,"(627.08, 36.68)","(541.08, 25.01)",,,,,,,,,,,,"(383.49, 44.25)",,,,,,,,"(628.23, 154.42)","(690.70, 24.14)","(384.41, 446.44)","(378.42, 224.95)","(417.36, 20.52)","(187.74, 26.60)"
583,,,,,"(140.20, 46.74)",,"(391.32, 447.32)","(655.01, 45.11)","(313.31, 131.08)",,,,,,,"(200.99, 2.26)",,,"(625.62, 47.40)","(267.17, 198.11)","(139.54, 24.24)","(560.04, 149.96)",,"(306.07, 16.04)",,,,,,"(285.96, 219.96)",,,,,,,,,,"(178.67, 28.17)",,,,,,,,,,"(175.80, 17.72)",,,,,"(274.93, 318.66)","(61.12, 25.22)",,,,,,,"(584.32, 63.33)",,,"(519.28, 48.94)",,,,"(628.23, 37.07)","(538.77, 24.47)",,,,,,,,,,,,"(383.43, 44.26)",,,,"(512.92, 9.12)",,,,"(629.22, 152.75)","(690.56, 26.14)","(384.40, 446.48)","(377.98, 224.08)","(418.41, 20.21)","(187.46, 26.93)"
584,,,,,"(140.86, 44.44)",,"(391.35, 447.30)","(654.99, 45.07)","(313.66, 128.27)",,,,,,,"(200.84, 2.38)",,,"(625.62, 47.41)","(267.19, 198.14)","(139.61, 24.24)","(560.13, 147.10)",,"(306.48, 15.77)",,,,,,"(285.94, 219.94)",,,,,,,,,,"(178.62, 28.13)",,,,,,,,,,"(179.36, 17.33)",,,,,"(275.09, 318.17)","(60.87, 25.26)",,,,,,,,,,"(519.31, 46.66)",,,,"(629.13, 37.50)","(537.67, 24.73)",,,,,,,,,,,,"(383.46, 44.28)",,,,"(512.84, 9.15)",,,,"(630.34, 150.80)","(690.13, 27.64)","(384.39, 446.49)","(378.07, 222.67)","(420.23, 19.77)",
585,,,,,"(141.28, 42.52)",,"(391.33, 447.33)","(654.99, 44.97)","(314.45, 125.79)",,,,,,,,,,"(625.62, 47.27)","(267.14, 198.20)","(139.63, 24.37)","(560.41, 144.20)",,"(306.87, 16.33)",,,,,,"(285.86, 219.94)",,,,,,,,,,"(178.64, 28.09)",,,,,,,,,,"(180.46, 17.43)",,,,,"(275.24, 317.67)","(60.32, 25.26)",,,,,,,,,,"(518.40, 43.97)",,,,"(630.66, 38.30)","(535.30, 25.01)",,,,,,,,,,,,"(383.41, 44.31)",,,,"(512.90, 9.11)",,,,"(631.27, 148.79)","(689.69, 28.58)","(384.39, 446.51)","(378.28, 221.76)","(421.96, 19.15)",
586,,,,,"(141.65, 40.26)",,"(391.30, 447.32)","(655.03, 44.96)","(315.51, 123.27)",,,,,,,,,,"(625.67, 47.05)","(267.02, 198.21)","(139.60, 24.33)","(560.08, 140.75)",,"(308.55, 17.28)",,,,,,"(285.82, 219.91)",,,,,,,,,,"(179.14, 27.83)",,,,,,,,,,,,,,,"(275.34, 317.44)","(60.07, 25.58)",,,,,,,,,,"(518.23, 41.56)",,,,"(630.71, 37.93)","(533.46, 25.11)",,,,,,,,,,,,"(383.53, 44.31)",,,,"(513.04, 9.21)",,,,"(632.26, 146.93)","(689.78, 28.97)","(384.43, 446.46)","(378.61, 220.58)","(424.28, 18.55)",
587,,,,,"(141.89, 38.00)",,"(391.29, 447.34)","(655.01, 44.91)","(316.06, 121.38)",,,,,,,"(201.15, 2.34)",,,"(625.72, 46.93)","(267.00, 198.26)","(139.57, 24.36)","(559.97, 137.23)",,"(309.05, 17.55)",,,,,,"(285.71, 219.91)",,,,,,,,,,"(178.61, 27.22)",,,,,,,,,,,,,,,"(275.49, 317.19)","(59.64, 25.48)",,,,,,,,,,"(517.35, 39.18)",,,,"(631.55, 38.13)","(530.60, 25.33)",,,,,,,,,,,,"(383.59, 44.32)",,,,"(513.11, 9.21)",,,,"(633.11, 144.28)","(689.58, 29.36)","(384.41, 446.47)","(379.61, 219.39)","(426.04, 17.95)",
588,,,,,"(142.56, 35.30)",,"(391.33, 447.37)","(654.96, 44.75)","(316.48, 119.70)",,,,,,,"(201.16, 2.24)",,,"(625.62, 46.84)","(267.05, 198.38)","(139.49, 24.42)","(559.41, 134.55)",,"(309.64, 18.63)",,,,,,"(285.83, 219.99)",,,,,,,,,,"(177.00, 27.76)",,,,,,,,,,,,,,,"(275.59, 317.15)","(59.67, 25.49)",,,,,,,,,,"(516.54, 36.99)",,,,"(632.37, 38.05)","(527.81, 25.45)",,,,,,,,,,,,"(383.58, 44.34)",,,,"(513.04, 8.65)",,,,"(634.06, 141.69)","(688.84, 29.47)","(384.45, 446.46)","(380.37, 218.05)","(427.27, 17.33)",
589,,,,,"(142.70, 33.05)",,"(391.35, 447.38)","(654.83, 44.70)","(316.87, 118.50)",,,,,,,"(201.21, 2.18)",,,"(625.66, 46.81)","(267.07, 198.35)","(139.52, 24.46)","(559.17, 131.17)",,"(309.93, 19.22)","(192.05, 18.70)",,,,,"(285.79, 219.95)",,,,,,,,,,"(176.29, 27.37)",,,,,,,,,,,,,,,"(275.56, 317.16)","(59.63, 25.50)",,,,,,,,,,"(516.09, 34.33)",,,,"(633.65, 37.49)","(526.18, 25.28)",,,,,,,,,,,,"(383.51, 44.32)",,,,"(512.98, 8.70)",,,,"(635.69, 139.55)","(687.67, 29.46)",,"(381.97, 217.16)","(427.67, 17.33)",
590,,,,,"(143.36, 30.56)",,"(391.33, 447.38)","(654.87, 44.72)","(317.11, 117.15)",,,,,,,"(201.00, 2.18)",,,"(625.72, 46.79)","(267.07, 198.37)","(139.71, 24.55)","(558.10, 128.16)",,"(310.74, 20.22)","(190.65, 20.36)",,,,,"(285.76, 219.93)",,,,,,,,,,"(174.25, 27.63)",,,,,,,,,,,,,,,"(275.51, 317.19)","(59.98, 25.26)",,,,,,,,,,"(515.65, 31.57)",,,,"(635.05, 37.44)","(523.55, 25.24)",,,,,,,,,,,,"(383.52, 44.34)",,,,"(512.88, 8.75)",,,,"(637.76, 137.90)","(686.27, 29.01)","(384.43, 446.44)","(383.48, 215.99)","(428.34, 18.04)",
591,,,,,"(143.88, 28.39)",,"(391.39, 447.31)","(654.93, 44.74)","(317.26, 116.57)",,,,,,,"(200.94, 2.17)",,,"(625.74, 46.75)","(267.10, 198.34)","(139.81, 24.50)","(558.14, 126.01)",,"(310.96, 20.97)","(191.31, 20.41)",,,,,"(285.74, 219.90)",,,,,,,,,,"(172.88, 27.32)",,,,,,,,,,,,,,,"(275.48, 317.19)","(60.43, 25.22)",,,,,,,,,,"(515.39, 29.59)",,,,"(636.41, 36.86)","(521.12, 25.25)",,,,,,,,,,,,"(383.49, 44.43)",,,,"(512.89, 8.81)",,,,"(640.00, 135.68)","(685.31, 28.71)",,"(385.51, 214.83)","(429.26, 18.84)",
592,,,,,"(144.77, 26.85)",,"(391.39, 447.33)","(654.90, 44.72)","(317.46, 115.89)",,,,,,,"(201.24, 2.13)",,,"(625.78, 46.72)","(267.12, 198.32)","(140.37, 25.12)","(557.73, 123.52)",,"(311.00, 21.21)","(192.52, 19.62)",,,,,"(285.81, 219.93)",,,,,,,,,,"(169.21, 26.93)",,,,,,,,,,,,,,,"(275.58, 317.16)","(60.47, 25.19)",,,,,,,"(583.67, 63.30)",,,"(515.13, 28.41)",,,,"(637.98, 36.36)","(519.57, 25.65)",,,,,,,,,,,,"(383.57, 44.44)",,,,"(512.83, 8.85)",,,,"(641.79, 133.99)","(683.87, 28.40)","(384.41, 446.48)","(387.53, 213.56)","(430.46, 19.29)","(179.47, 25.89)"
593,,,,,"(145.43, 23.51)",,"(391.37, 447.36)","(654.84, 44.76)","(317.66, 115.15)",,,,,,,"(201.19, 2.15)",,,"(625.87, 46.72)","(267.12, 198.32)","(140.83, 24.37)","(557.40, 120.68)",,"(311.13, 21.50)","(192.72, 20.15)",,,,,"(285.81, 219.94)",,,,,,,,,,"(165.77, 26.69)",,,,,,,,,,,,,,,"(275.53, 317.19)","(60.48, 25.37)",,,,,,,,,,"(514.86, 27.43)",,,,"(639.37, 35.99)","(519.76, 25.38)",,,,,,,,,,,,"(383.54, 44.44)",,,,,,,,"(644.33, 132.17)","(682.67, 27.05)","(384.38, 446.50)","(389.97, 211.81)","(431.51, 19.90)","(178.83, 24.48)"
594,,,,,"(146.71, 21.18)",,"(391.34, 447.35)","(654.93, 44.81)","(317.55, 114.97)",,,,,,,"(201.10, 2.14)",,,"(625.95, 46.71)","(267.14, 198.30)","(141.02, 23.40)","(557.17, 118.17)",,"(311.56, 21.90)","(193.44, 20.31)",,,,,"(285.85, 219.95)",,,,,,,,,,"(162.64, 25.61)",,,,,,,,,,,,,,,"(275.53, 317.19)","(60.27, 25.51)",,,,,,,"(583.75, 63.50)",,,"(514.82, 26.98)",,,,"(641.35, 35.80)","(519.78, 24.94)",,,,,,,,,,,,"(383.54, 44.42)",,,,,,,,"(646.09, 131.12)","(681.98, 25.94)","(384.45, 446.43)","(392.69, 210.82)","(432.30, 20.58)","(180.70, 25.14)"
595,,,,,"(147.04, 19.14)",,"(391.38, 447.33)","(654.92, 44.85)","(317.42, 114.72)",,,,,,,"(200.93, 2.21)",,,"(625.98, 46.70)","(267.11, 198.30)","(140.92, 24.10)","(556.45, 115.66)",,"(311.94, 22.24)","(193.90, 21.41)",,,,,"(285.83, 219.91)",,,,,,,,,,"(160.24, 25.45)",,,,,,,,,,,,,,,"(275.49, 317.20)","(59.51, 25.48)",,,,,,,,,,"(514.69, 27.08)",,,,"(642.84, 35.41)","(519.73, 24.91)",,,,,,,,,,,,"(383.54, 44.44)",,,,,,,,"(647.89, 129.39)","(681.31, 25.06)","(384.44, 446.47)","(395.57, 209.31)","(433.10, 21.05)","(181.87, 25.32)"
596,,,,,"(145.91, 19.75)",,"(391.40, 447.37)","(654.84, 44.83)","(317.42, 114.73)",,,,,,,"(200.95, 2.24)",,,"(625.99, 46.68)","(267.14, 198.30)","(140.53, 24.37)","(556.28, 112.99)",,"(312.27, 22.44)",,,,,,"(285.82, 219.92)",,,,,,,,,,"(158.25, 25.56)",,,,,,,,,,,,,,,"(275.52, 317.25)","(59.67, 25.49)",,,,,,,,,,"(514.22, 27.33)",,,,"(644.18, 34.86)","(519.48, 25.08)",,,,,,,,,,,,"(383.49, 44.38)",,,,,,,,"(649.91, 127.59)","(681.16, 26.03)","(384.44, 446.45)","(398.26, 208.20)","(434.00, 21.76)","(180.88, 25.72)"
597,,,,,,,"(391.37, 447.37)","(654.82, 44.85)","(317.58, 114.89)",,,,,,,"(200.87, 2.31)",,,"(625.94, 46.68)","(267.15, 198.30)","(141.38, 23.93)","(555.87, 110.47)",,"(312.43, 22.74)","(192.53, 23.61)",,,,,"(285.75, 219.92)",,,,,,,,,,"(155.83, 25.20)",,,,,,,,,,,,,,,"(275.51, 317.31)","(59.70, 25.68)",,,,,,,"(583.30, 64.40)",,,"(513.65, 27.17)",,,,"(645.37, 33.86)","(519.57, 25.06)",,,,,,,,,,,,"(383.45, 44.39)",,,,,,,,"(652.39, 125.66)","(679.34, 27.16)","(384.45, 446.47)","(400.47, 206.89)","(435.22, 22.07)","(180.29, 25.99)"
598,,,,,,,"(391.40, 447.36)","(654.73, 44.82)","(317.60, 114.86)",,,,,,,"(200.79, 2.32)",,,"(625.83, 46.67)","(267.10, 198.32)","(142.40, 23.08)","(555.38, 105.60)",,"(312.52, 22.81)","(191.70, 24.41)",,,,,"(285.73, 219.93)",,,,,,,,,,"(153.18, 25.11)",,,,,,,,,,,,,,,"(275.40, 317.38)","(59.69, 25.51)",,,,,,,"(583.15, 64.53)",,,"(512.49, 26.19)",,,,"(646.27, 32.74)","(519.24, 24.54)",,,,,,,,,,,,"(383.43, 44.40)",,,,,,,,"(654.49, 123.78)","(677.49, 27.52)","(384.42, 446.46)","(403.31, 205.68)","(436.14, 22.33)","(179.84, 26.22)"
599,,,,,,,"(391.40, 447.32)","(654.71, 44.86)","(317.71, 114.74)",,,,,,,"(200.69, 2.31)",,,"(625.78, 46.67)","(267.10, 198.32)","(142.77, 22.59)","(555.17, 103.50)",,"(312.65, 22.93)","(191.20, 24.92)",,,,,"(285.82, 219.93)",,,,,,,,,,"(151.34, 24.90)",,,,,,,,,,,,,,,"(275.40, 317.41)","(59.67, 25.36)",,,,,,,,,,"(511.28, 25.25)",,,,"(647.10, 30.40)","(518.70, 23.94)",,,,,,,,,,,,"(383.42, 44.45)",,,,"(512.96, 8.75)",,,,"(656.29, 121.94)","(675.80, 28.20)","(384.46, 446.44)","(406.01, 204.48)","(437.01, 22.30)","(177.26, 27.75)"
600,,,,,,,"(391.39, 447.32)","(654.53, 45.00)","(317.94, 114.19)",,,,,,,,,,"(625.90, 46.64)","(267.15, 198.38)","(142.54, 25.29)",,,"(313.36, 22.89)","(190.25, 24.69)",,,,,"(285.94, 219.90)",,,,,,,,,,"(149.30, 23.85)",,,,,,,,,,,,,,,"(275.41, 317.58)","(60.19, 25.45)",,,,,,,,,,"(510.45, 24.99)",,,,"(648.14, 28.64)","(518.81, 23.50)",,,,,,,,,,,,"(383.48, 44.39)",,,,"(513.03, 9.14)",,,,"(658.26, 120.45)","(673.98, 28.48)","(384.52, 446.41)","(408.60, 203.74)","(437.57, 22.15)","(175.30, 28.82)"
601,,,,,,,"(391.36, 447.31)","(654.44, 44.98)","(318.07, 113.74)",,,,,,,,,,"(625.87, 46.69)","(267.09, 198.41)","(142.47, 24.87)",,,"(313.51, 22.82)","(189.64, 24.55)",,,,,"(285.89, 219.93)",,,,,,,,,,"(147.77, 22.23)",,,,,,,,,,,,,,,"(275.50, 317.56)","(60.60, 25.40)",,,,,,,"(583.89, 63.35)",,,"(509.52, 24.88)",,,,"(648.27, 26.94)","(518.70, 21.67)",,,,,,,,,,,,"(383.48, 44.38)",,,,"(512.86, 9.48)",,,,"(660.27, 119.15)","(671.77, 28.29)","(384.43, 446.40)","(410.36, 202.57)","(438.14, 22.34)","(173.86, 29.56)"
602,,,,,,,"(391.29, 447.33)","(654.17, 44.41)","(318.35, 113.06)",,,,,,,,,,"(625.78, 46.73)","(267.12, 198.39)","(142.26, 24.87)",,,"(313.91, 22.67)","(188.12, 24.55)",,,,,"(285.93, 219.95)",,,,,,,,,,"(147.26, 21.92)",,,,,,,,,,,,,,,"(275.49, 317.57)","(61.34, 25.73)",,,,,,,,,,"(509.49, 25.21)",,,,"(648.35, 28.18)","(518.91, 18.68)",,,,,,,,,,,,"(383.43, 44.36)",,,,"(512.73, 9.65)",,,,"(661.72, 117.54)","(670.75, 27.79)","(384.46, 446.37)","(412.99, 201.36)","(438.70, 21.74)","(172.37, 30.38)"
603,,,,,,,"(391.37, 447.36)","(654.57, 43.03)","(318.77, 112.18)",,,,,,,,,,"(625.70, 46.71)","(267.11, 198.43)","(142.27, 25.12)",,,"(314.25, 22.51)","(186.92, 24.22)",,,,,"(285.92, 219.95)",,,,,,,,,,"(147.57, 21.88)",,,,,,,,,,,,,,,"(275.51, 317.57)","(61.38, 26.01)",,,,,,,,,,"(508.68, 25.04)",,,,"(648.38, 28.57)","(519.09, 17.64)",,,,,,,,,,,,"(383.40, 44.42)",,,,"(512.57, 9.78)",,,,"(663.03, 116.00)","(670.35, 27.28)","(384.44, 446.41)","(415.47, 199.67)","(439.15, 21.50)","(170.50, 31.58)"
604,,,,,,,"(391.36, 447.35)","(655.24, 41.27)","(318.95, 111.61)",,,,,,,,,,"(625.65, 46.69)","(267.14, 198.40)","(142.52, 25.43)",,,"(315.24, 22.33)","(185.19, 24.16)",,,,,"(286.00, 219.89)",,,,,,,,,,"(148.03, 21.88)",,,,,,,,,,,,,,,"(275.50, 317.60)","(61.08, 26.32)",,,,,,,,,,"(507.85, 25.33)",,,,"(648.80, 28.46)",,,,,,,,,,,,,"(383.41, 44.41)",,,,,,,,"(664.83, 113.96)","(669.31, 26.45)","(384.48, 446.46)","(417.63, 198.21)","(439.89, 20.77)","(168.78, 33.10)"
605,,,,,,,"(391.37, 447.35)","(656.01, 39.52)",,,,,,,,"(200.73, 2.24)",,,"(625.63, 46.66)","(267.12, 198.41)","(142.62, 25.58)",,,"(315.65, 22.66)","(183.03, 23.76)",,,,,"(285.98, 219.90)",,,,,,,,,,"(148.42, 21.14)",,,,,,,,,,,,,,,"(275.47, 317.71)","(61.60, 26.42)",,,,,,,,,,"(506.94, 25.63)",,,,"(649.61, 28.49)",,,,,,,,,,,,,"(383.48, 44.44)",,,,,,,,"(665.79, 112.36)","(667.90, 26.75)","(384.45, 446.48)","(420.58, 196.59)","(440.49, 20.03)","(167.43, 34.09)"
606,,,,,,,"(391.36, 447.35)","(656.47, 38.03)",,,,,,,,"(200.70, 2.30)",,,"(625.70, 46.54)","(267.09, 198.36)","(142.91, 25.52)",,,"(316.01, 22.29)","(181.14, 23.03)",,,,,"(286.03, 219.88)",,,,,"(76.87, 71.32)",,,,,"(148.47, 20.47)",,,,,,,,,,,,,,,"(275.45, 317.80)","(60.92, 26.89)",,,,,,,,,,"(506.11, 25.56)",,,,"(650.56, 27.88)",,,,,,,,,,,,,"(383.53, 44.44)",,,,"(512.50, 9.55)",,,,"(667.15, 111.26)","(666.06, 26.65)","(384.46, 446.46)","(423.40, 195.19)","(441.10, 19.80)","(165.74, 35.67)"
607,,,,,,,"(391.36, 447.33)","(656.83, 35.57)","(319.87, 108.53)",,,,,,,,,,"(625.81, 46.40)","(267.11, 198.05)","(143.04, 25.57)",,,"(316.35, 21.86)","(179.17, 22.12)",,,,,"(285.96, 219.89)",,,,,"(76.91, 69.70)",,,,,"(148.38, 20.34)",,,,,,,,,,,,,,,"(275.42, 317.81)","(60.53, 27.49)",,,,,,,,,,"(505.74, 25.60)",,,,"(651.77, 28.15)",,,,,,,,,,,,,"(383.59, 44.47)",,,,,,,,"(668.50, 110.39)","(664.19, 26.42)","(384.44, 446.45)","(425.69, 194.18)","(441.54, 19.59)","(163.98, 36.61)"
608,,,,,,,"(391.38, 447.31)","(656.45, 32.64)",,,,,,,,,,,"(625.78, 46.48)","(267.10, 198.04)","(142.98, 25.87)",,,"(317.02, 21.49)","(176.61, 21.54)",,,,,"(285.96, 219.91)",,,,,"(76.35, 66.96)",,,,,"(149.57, 19.26)",,,,,,,,,,,,,,,"(275.43, 317.83)","(59.32, 28.77)",,,,,,,,,,"(505.25, 25.42)",,,,"(653.17, 28.09)",,,,,,,,,,,,,"(383.61, 44.48)",,,,,,,,,"(661.86, 26.04)","(384.47, 446.47)","(427.37, 193.22)","(441.72, 19.59)","(163.02, 37.07)"
609,,,,,,,"(391.35, 447.28)","(656.09, 31.22)",,,,,,,,"(200.82, 2.20)",,,"(625.85, 46.49)","(267.10, 197.95)","(142.54, 25.69)",,,"(317.48, 20.79)","(173.83, 20.78)",,,,,"(285.90, 219.92)",,,,,"(76.10, 64.35)",,,,,"(149.69, 19.37)",,,,,,,,,,,,,,,"(273.78, 322.65)","(58.25, 28.48)",,,,,,,,,,"(504.60, 25.44)",,,,"(652.61, 28.86)",,,,,,,,,,,,,"(383.59, 44.48)",,,,,,,,,"(660.94, 25.86)","(384.44, 446.44)","(428.86, 192.39)","(441.93, 19.58)","(162.41, 37.45)"
610,,,,,,,"(391.38, 447.24)","(656.39, 31.68)",,,,,,,,"(200.86, 2.16)",,,"(625.99, 46.68)","(267.14, 197.82)","(142.05, 25.70)",,,"(317.99, 19.67)","(169.30, 19.66)",,,,,"(285.90, 219.87)",,,,,"(75.87, 62.00)",,,,,"(150.61, 19.16)",,,,,,,,,,,,,,,"(281.21, 346.88)","(56.78, 28.39)",,,,,,,,,,"(503.81, 24.89)",,,,,,,,,,,,,,,,,"(383.53, 44.44)",,,,,,,,"(673.92, 103.52)","(661.34, 25.81)","(384.45, 446.42)","(429.67, 191.75)","(442.18, 20.14)","(162.38, 37.41)"
611,,,,,,,"(391.27, 447.23)","(656.37, 31.72)","(320.32, 107.14)",,,,,,,"(200.71, 2.21)",,,"(625.92, 46.68)","(267.19, 197.77)","(141.80, 25.79)",,,"(318.89, 18.80)","(167.40, 19.28)",,,,,"(285.95, 219.85)",,,,,"(75.75, 60.39)",,,,,"(150.94, 19.63)",,,,,,,,,,,,,,,"(294.88, 383.04)","(55.16, 28.04)",,,,,,,,,,"(503.18, 24.67)",,,,,,,,,,,,,,,,,"(383.58, 44.44)",,,,,,,,,"(661.41, 25.77)","(384.51, 446.41)","(431.62, 190.76)","(442.30, 20.84)","(162.33, 37.34)"
612,,,,,,,"(391.40, 447.11)","(656.23, 31.65)","(320.39, 106.96)",,,,,,,,,,"(625.96, 46.62)","(267.35, 197.79)","(141.72, 26.05)",,,"(319.56, 18.41)","(164.50, 18.80)",,,,,"(286.06, 219.92)",,,,,"(75.83, 59.73)",,,,,"(151.68, 20.46)",,,,,,,,,,,,,,,"(293.99, 414.79)","(53.87, 28.21)",,,,,,,,,,"(502.87, 24.56)",,,,,,,,,,,,,,,,,"(383.57, 44.51)",,,,,,,,,"(660.93, 25.83)",,"(434.10, 190.04)","(442.26, 21.65)","(162.65, 37.43)"
613,,,,,,,"(391.19, 447.16)","(656.54, 31.30)","(320.47, 107.00)",,,,,,,,,,"(625.97, 46.62)","(267.36, 197.80)","(142.11, 26.38)",,,"(319.71, 18.59)","(162.69, 18.05)",,,,,"(286.09, 219.95)",,,,,"(75.87, 59.13)",,,,,"(152.56, 21.28)",,,,,,,,,,,,,,,"(293.50, 428.76)","(52.74, 28.22)",,,,,,,,,,"(502.61, 23.94)",,,,,,,,,,,,,,,,,"(383.60, 44.52)",,,,,,,,,"(660.49, 25.81)","(384.62, 446.15)","(435.95, 189.82)","(442.56, 22.59)","(162.64, 37.49)"
614,,,,,,,"(391.23, 447.17)","(656.97, 31.04)","(320.51, 106.91)",,,,,,,,,,"(626.00, 46.62)","(267.43, 197.87)","(143.40, 26.46)",,,"(320.13, 18.80)","(160.44, 17.76)",,,,,"(286.11, 220.00)",,,,,"(75.45, 57.75)",,,,,,,,,,,,,,,,,,,,"(293.67, 429.47)","(51.70, 28.09)",,,,,,,,,,"(502.33, 23.71)",,,,,,,,,,,,,,,,,"(383.61, 44.52)",,,,,,,,,"(659.77, 25.60)","(384.60, 446.18)","(437.99, 189.76)","(442.56, 23.56)","(162.87, 37.34)"
615,,,,,,,"(391.21, 447.17)","(657.45, 30.80)","(320.46, 106.95)",,,,,,,"(200.61, 2.24)",,,"(625.86, 46.70)","(267.37, 197.86)","(144.76, 27.27)",,,"(319.92, 19.55)","(157.12, 18.35)",,,,,"(286.06, 219.98)",,,,,"(75.49, 56.11)",,,,,,,,,,,,,,,,,,,,"(293.60, 429.60)","(50.85, 28.25)",,,,,,,,,,"(501.41, 23.17)",,,,,,,,,,,,,,,,,"(383.56, 44.51)",,,,,,,,,"(658.74, 25.50)","(384.60, 446.22)","(439.00, 189.44)","(442.81, 24.28)","(162.81, 37.39)"
616,,,,,,,"(391.13, 447.14)","(657.39, 31.98)","(320.51, 106.93)",,,,,,,"(200.68, 2.21)",,,"(625.93, 46.59)","(267.32, 197.86)","(146.38, 27.73)",,,"(320.36, 19.90)","(157.52, 17.71)",,,,,"(286.04, 219.98)",,,,,"(74.98, 54.50)",,,,,,,,,,,,,,,,,,,,"(293.56, 429.60)","(49.72, 27.63)",,,,,,,,,,"(500.77, 22.72)",,,,,,,,,,,,,,,,,"(383.59, 44.50)",,,,,,,,,"(658.79, 24.87)","(384.57, 446.21)","(439.74, 188.43)","(442.73, 24.77)","(162.87, 37.41)"
617,,,,,,,"(391.19, 447.07)","(657.52, 32.07)","(320.44, 106.98)",,,,,,,"(200.67, 2.21)",,,"(625.95, 46.56)","(267.25, 197.88)","(147.99, 27.69)",,,"(320.93, 20.39)","(157.57, 17.43)",,,,,"(286.04, 219.99)",,,,,"(75.04, 52.84)",,,,,"(152.33, 20.18)",,,,,,,,,,,,,,,"(293.59, 429.58)","(48.98, 26.79)",,,,,,,,,,"(500.50, 22.85)",,,,,,,,,,,,,,,,,"(383.64, 44.55)",,,,,,,,,"(658.77, 24.88)","(384.56, 446.18)","(439.81, 187.60)","(442.69, 25.38)","(162.93, 37.45)"
618,,,,,,,"(391.19, 447.06)","(657.67, 32.14)","(320.48, 106.98)",,,,,,,"(200.66, 2.18)",,,"(625.98, 46.58)","(267.21, 197.90)","(149.15, 27.48)",,,"(321.30, 20.69)","(157.73, 17.39)",,,,,"(286.03, 220.00)",,,,,"(74.46, 50.32)",,,,,"(152.41, 20.65)",,,,,,,,,,,,,,,"(293.60, 429.59)","(47.55, 25.90)",,,,,,,,,,"(500.26, 22.80)",,,,,,,,,,,,,,,,,"(383.63, 44.55)",,,,,,,,,"(658.73, 24.97)","(384.54, 446.20)","(439.51, 185.88)","(442.64, 25.77)","(163.00, 37.46)"
619,,,,,,,"(391.21, 447.08)","(658.06, 32.14)","(320.44, 107.01)",,,,,,,"(200.70, 2.13)",,,"(625.92, 46.52)","(267.20, 197.90)","(149.98, 27.57)",,,"(321.28, 21.46)","(157.22, 17.47)",,,,,"(286.05, 220.02)",,,,,"(74.44, 47.58)",,,,,,,,,,,,,,,,,,,,"(293.59, 429.59)","(45.56, 24.94)",,,,,,,,,,"(500.12, 22.61)",,,,,,,,,,,,,,,,,"(383.69, 44.52)",,,,,,,,,"(658.64, 24.99)","(384.54, 446.24)","(439.51, 184.12)","(442.49, 26.02)","(162.89, 37.50)"
620,,,,,,,"(391.16, 447.08)","(658.85, 31.86)","(320.45, 107.01)",,,,,,,"(200.67, 2.15)",,,"(625.93, 46.52)","(267.24, 197.91)","(150.59, 27.14)",,,"(321.46, 21.71)","(157.36, 17.31)",,,,,"(286.02, 220.00)",,,,,"(74.29, 44.69)",,,,,,,,,,,,,,,,,,,,"(293.59, 429.60)","(44.00, 23.63)",,,,,,,,,,"(500.29, 22.29)",,,,,,,,,,,,,,,,,"(383.61, 44.51)",,,,"(541.36, 15.53)",,,,,"(658.59, 24.96)","(384.54, 446.24)","(439.32, 181.47)","(442.23, 26.22)","(162.91, 37.49)"
621,,,,,,,"(391.14, 446.99)","(659.05, 31.72)","(320.38, 107.04)",,,,,,,"(200.63, 2.17)",,,"(625.88, 46.49)","(267.22, 197.92)","(151.18, 26.57)",,,"(321.55, 22.02)","(156.77, 16.76)",,,,,"(286.02, 219.99)",,,,,"(73.68, 41.73)",,,,,,,,,,,,,,,,,,,,"(293.57, 428.96)","(41.64, 21.64)",,,,,,,,,,"(500.20, 21.57)",,,,,,,,,,,,,,,,,"(383.55, 44.53)",,,,"(540.21, 16.13)",,,,,"(658.58, 25.61)","(384.53, 446.24)","(439.34, 178.80)","(442.20, 26.48)","(162.82, 37.48)"
622,,,,,,,"(391.14, 446.88)",,"(320.34, 107.05)",,,,,,,"(200.61, 2.16)",,,"(625.76, 46.56)","(267.17, 197.88)","(151.90, 26.26)",,,"(321.50, 21.93)","(156.19, 16.78)",,,,,"(285.98, 219.98)",,,,,"(73.50, 38.71)",,,,,,,,,,,,,,,,,,,,"(293.48, 427.76)","(39.21, 19.27)",,,,,,,,,,"(500.12, 21.73)",,,,,,,,,,,,,,,,,"(383.49, 44.56)",,,,"(539.94, 16.32)",,,,,"(658.74, 27.23)","(384.49, 446.18)","(438.67, 176.37)","(442.15, 26.51)","(162.68, 37.34)"
623,,,,,,,"(391.16, 446.89)",,"(320.42, 107.09)",,,,,,,"(200.60, 2.19)",,,"(625.78, 46.57)","(267.20, 197.93)","(154.03, 27.08)",,,"(321.51, 21.95)","(154.71, 17.97)",,,,,"(285.98, 219.99)",,,,,"(73.25, 35.83)",,,,,"(150.43, 21.85)",,,,,,,,,,,,,,,"(293.48, 426.40)","(38.03, 18.63)",,,,,,,,,,"(500.14, 21.92)",,,,,,,,,,,,,,,,,"(383.51, 44.56)",,,,"(538.53, 16.21)",,,,,"(658.62, 28.51)","(384.52, 446.22)","(437.96, 173.74)","(442.17, 26.51)","(162.70, 37.28)"
624,,,,,,,"(391.22, 447.02)",,"(320.41, 107.01)",,,,,,,"(200.62, 2.13)",,,"(625.81, 46.50)","(267.21, 197.95)","(154.48, 25.83)",,,"(321.59, 22.04)","(151.94, 18.60)",,,,,"(285.96, 219.98)",,,,,"(73.19, 32.83)",,,,,,,,,,,,,,,,,,,,"(293.17, 425.27)",,,,,,,,,,,"(500.17, 22.04)",,,,,,,,,,,,,,,,,"(383.63, 44.62)",,,,"(536.71, 15.62)",,,,,"(658.84, 26.45)","(384.48, 446.30)","(437.13, 171.10)","(442.24, 26.57)","(162.79, 37.20)"
625,,,,,,,"(391.17, 447.00)","(661.55, 32.00)","(320.36, 107.03)",,,,,,,"(200.55, 2.12)",,,"(625.72, 46.49)","(267.22, 197.95)","(155.44, 25.88)",,,"(321.43, 22.23)","(150.66, 18.36)",,,,,"(285.96, 219.99)",,,,,"(72.87, 29.77)",,,,,"(149.92, 22.06)",,,,,,,,,,,,,,,"(292.81, 423.94)",,,,,,,,,,,"(500.11, 22.41)",,,,,,,,,,,,,,,,,"(383.64, 44.61)",,,,"(534.72, 15.10)",,,,,"(658.68, 27.33)","(384.42, 446.33)","(436.23, 167.82)","(442.22, 26.67)","(162.84, 37.17)"
626,,,,,,,"(391.22, 447.03)","(662.08, 31.48)","(320.38, 106.97)",,,,,,,"(200.54, 2.12)",,,"(625.75, 46.51)","(267.27, 197.95)","(157.00, 25.68)",,,"(321.35, 22.19)","(149.54, 18.00)",,,,,"(285.99, 219.97)",,,,,"(72.87, 27.03)",,,,,"(149.93, 22.71)",,,,,,,,,,,,,,,"(292.75, 421.85)",,,,,,,,,,,"(500.34, 22.38)",,,,"(658.23, 28.00)",,,,,,,,,,,,,"(383.62, 44.61)",,,,,,,,,,"(384.45, 446.32)","(435.63, 165.13)","(442.21, 26.63)","(162.87, 37.16)"
627,,,,,,,"(391.20, 447.02)","(662.79, 30.50)","(320.33, 107.00)",,,,,,,"(200.48, 2.11)",,,"(625.81, 46.54)","(267.28, 197.99)","(157.17, 25.50)",,,"(321.02, 21.93)","(148.71, 18.82)",,,,,"(285.97, 219.99)",,,,,"(72.66, 26.20)",,,,,"(149.67, 22.51)",,,,,,,,,,,,,,,"(292.41, 419.60)",,,,,,,,,,,"(500.46, 22.21)",,,,"(658.24, 28.78)",,,,,,,,,,,,,"(383.68, 44.60)",,,,,,,,,,"(384.40, 446.36)","(435.01, 162.67)","(442.23, 26.71)","(162.89, 37.18)"
628,,,,,,,"(391.20, 447.00)","(664.16, 30.07)","(320.33, 106.99)",,,,,,,"(200.48, 2.14)",,,"(626.03, 46.64)","(267.31, 197.97)","(158.09, 25.33)",,,"(321.04, 21.94)",,,,,,"(286.00, 219.98)",,,,,"(72.55, 26.24)",,,,,"(149.75, 22.59)",,,,,,,,,,,,,,,"(292.10, 416.93)",,,,,,,,,,,"(500.50, 22.29)",,,,"(658.47, 29.89)",,,,,,,,,,,,,"(383.72, 44.59)",,,,,,,,,,,"(433.99, 159.93)","(442.22, 26.71)","(162.94, 37.27)"
629,,,,,,,"(391.22, 446.95)","(665.62, 28.77)","(320.37, 107.02)",,,,,,,"(200.49, 2.18)",,,"(626.03, 46.70)","(267.26, 198.00)","(159.42, 24.87)",,,"(320.93, 22.54)",,,,,,"(285.99, 220.00)",,,,,"(72.07, 26.21)",,,,,"(151.53, 22.90)",,,,,,,,,,,,,,,"(291.75, 413.62)",,,,,,,,,,,"(500.86, 22.04)",,,,"(657.76, 31.23)",,,,,,,,,,,,,"(383.70, 44.60)",,,,,,,,"(684.94, 55.09)",,"(384.39, 446.33)","(433.10, 157.34)","(442.16, 26.82)","(162.94, 37.42)"
630,,,,,,,"(391.23, 447.01)","(666.29, 27.79)","(320.40, 106.99)",,,,,,,"(200.59, 2.23)",,,"(626.04, 46.67)","(267.27, 198.04)","(161.01, 23.50)",,,"(320.97, 22.41)","(144.56, 19.13)",,,,,"(285.99, 219.98)",,,,,"(71.07, 25.71)",,,,,"(153.25, 23.45)",,,,,,,,,,,,,,,"(291.19, 410.58)","(23.33, 20.13)",,,,,,,,,,"(501.61, 21.54)",,,,"(658.30, 31.74)",,,,,,,,,,,,,"(383.67, 44.60)",,,,,,,,"(685.23, 53.60)",,"(384.40, 446.37)","(432.20, 153.96)","(442.21, 26.78)","(162.85, 37.44)"
631,,,,,,,"(391.26, 447.04)","(667.26, 26.45)","(320.44, 107.05)",,,,,,,,,,"(626.03, 46.64)","(267.26, 198.06)","(162.48, 23.19)","(523.05, 67.89)",,"(320.89, 22.19)","(142.15, 19.56)",,,,,"(285.98, 219.99)",,,,,"(69.75, 26.32)",,,,,"(153.72, 23.37)",,,,,,,,,,,,,,,"(290.78, 407.69)","(23.63, 21.27)",,,,,,,,,,"(501.67, 21.33)",,,,"(659.19, 32.15)",,,,,,,,,,,,,"(383.70, 44.61)",,,,,,,,"(685.54, 51.04)","(637.63, 55.78)","(384.40, 446.40)","(431.30, 151.20)","(442.35, 26.73)","(162.78, 37.42)"
632,,,,,,,"(391.25, 446.98)","(668.28, 25.43)","(320.46, 107.01)",,,,,,,,,,"(626.23, 46.69)","(267.29, 198.01)","(163.67, 22.53)","(522.85, 67.10)",,"(320.60, 22.04)","(140.62, 20.07)",,,,,"(286.01, 219.97)",,,,,"(68.11, 26.95)",,,,,"(154.52, 23.14)",,,,,,,,,,,,,,,"(290.56, 405.39)","(23.40, 22.01)",,,,,,,"(583.95, 63.38)",,,"(501.71, 21.22)",,,,"(660.28, 33.18)",,,,,,,,,,,,,"(383.72, 44.62)",,,,,,,,"(685.65, 48.26)","(637.48, 55.50)","(384.50, 446.29)","(430.76, 148.12)","(442.40, 26.76)","(162.76, 37.44)"
633,,,,,,,"(391.22, 446.97)","(669.09, 25.28)","(320.43, 107.04)",,,,,,,,,,"(626.35, 46.73)","(267.26, 198.01)","(165.38, 21.57)","(522.71, 66.19)",,"(319.73, 21.89)","(139.10, 20.46)",,,,,"(285.99, 219.97)",,,,,"(66.63, 26.68)",,,,,"(154.89, 24.08)",,,,,,,,,,,,,,,"(289.90, 402.98)","(22.98, 22.42)",,,,,,,"(583.72, 63.32)",,,"(501.69, 21.28)",,,,"(660.92, 34.08)",,,,,,,,,,,,,"(383.69, 44.63)",,,,,,,,"(685.96, 45.41)","(637.48, 55.35)","(384.53, 446.33)","(429.78, 145.20)","(442.33, 26.78)","(162.81, 37.43)"
634,,,,,,,"(391.23, 446.96)","(669.51, 25.61)","(320.47, 107.00)",,,,,,,"(200.60, 2.31)",,,"(626.44, 46.76)","(267.28, 198.02)","(167.58, 20.08)","(522.49, 65.22)",,"(319.63, 21.64)","(137.92, 20.36)",,,,,"(286.04, 219.94)",,,,,"(65.22, 26.24)",,,,,"(155.13, 23.27)",,,,,,,,,,,,,,,"(289.57, 400.96)","(22.87, 22.10)",,,,,,,"(583.51, 64.32)",,,"(501.91, 21.72)",,,,"(661.66, 34.00)",,,,,,,,,,,,,"(383.67, 44.62)",,,,,,,,"(686.28, 42.62)","(637.46, 55.12)","(384.59, 446.28)","(429.47, 141.73)","(442.35, 26.78)","(162.92, 37.36)"
635,,,,,,,"(391.19, 446.96)","(671.06, 26.15)","(320.46, 107.03)",,,,"(32.46, 17.45)",,,"(200.62, 2.34)",,,"(626.49, 46.73)","(267.30, 198.07)","(168.72, 18.54)","(522.34, 64.43)",,"(319.57, 21.23)","(136.92, 20.48)",,,,,"(286.00, 219.99)",,,,,"(63.24, 26.01)",,,,,"(155.34, 23.35)",,,,,,,,,,,,,,,"(289.26, 399.19)","(21.58, 23.58)",,,,,,,"(583.69, 63.26)",,,"(502.28, 21.87)",,,,"(663.28, 34.82)",,,,,,,,,,,,,"(383.75, 44.65)",,,,,,,,"(686.43, 39.80)","(637.36, 54.97)","(384.55, 446.30)","(428.38, 138.91)","(442.41, 26.83)","(162.92, 37.42)"
636,,,,,,,"(391.24, 446.95)","(672.59, 25.44)","(320.49, 107.08)",,,,"(32.26, 18.13)",,,"(200.63, 2.28)",,,"(626.55, 46.69)","(267.27, 198.09)","(169.03, 17.87)","(522.36, 64.16)",,"(319.29, 20.62)","(135.75, 20.50)",,,,,"(285.96, 220.01)",,,,,"(60.75, 25.45)",,,,,"(156.26, 23.44)",,,,,,,,,,,,,,,"(288.59, 397.03)","(21.35, 23.75)",,,,,,,"(583.74, 63.24)",,,"(502.75, 21.93)",,,,"(664.59, 35.98)","(519.17, 15.33)",,,,,,,,,,,,"(383.75, 44.68)",,,,,,,,"(686.92, 37.79)","(637.08, 54.53)","(384.52, 446.32)","(428.26, 135.66)","(442.35, 26.76)","(162.91, 37.33)"
637,,,,,,,"(391.21, 446.96)","(673.93, 25.38)","(320.53, 107.06)",,,,"(32.58, 18.71)",,,"(200.83, 2.23)",,,"(626.76, 46.63)","(267.28, 198.08)","(169.71, 16.78)",,,"(319.54, 21.15)","(134.78, 20.80)",,,,,"(286.00, 220.00)",,,,,"(59.56, 25.54)",,,,,"(156.81, 23.05)",,,,,,,,,,,,,,,"(287.93, 394.76)","(21.38, 23.82)",,,,,,,"(583.50, 64.29)",,,"(503.44, 22.02)",,,,"(665.65, 36.94)","(518.96, 15.78)",,,,,,,,,,,,"(383.80, 44.67)",,,,,,,,"(687.84, 35.98)","(636.54, 54.30)","(384.51, 446.33)","(427.99, 132.61)","(442.46, 26.78)","(163.01, 37.25)"
638,,,,,,,"(391.28, 446.99)","(674.87, 25.15)","(320.50, 107.02)",,,,"(32.53, 19.07)",,,"(200.84, 2.19)",,,"(626.67, 46.63)","(267.27, 198.11)",,"(521.92, 55.12)",,"(319.33, 21.23)","(133.82, 20.99)",,,,,"(285.99, 219.99)",,,,,"(59.43, 25.59)",,,,,"(157.33, 22.94)",,,,,,,,,,,,,,,"(287.06, 391.82)","(21.34, 23.87)",,,,,,,"(583.51, 64.35)",,,"(504.34, 22.12)",,,,"(666.53, 37.57)","(519.05, 16.19)",,,,,,,,,,,,"(383.81, 44.70)",,,,,,,,"(688.46, 34.77)","(635.70, 54.06)","(384.55, 446.30)","(428.00, 129.24)","(442.44, 26.81)","(162.96, 37.25)"
639,,,,,,,"(391.29, 447.01)","(675.59, 25.19)","(320.56, 107.00)",,,,"(32.68, 19.15)",,,"(200.71, 2.25)",,,"(626.49, 46.59)","(267.29, 198.11)",,"(521.70, 54.33)",,"(319.13, 21.70)","(133.20, 21.05)",,,,,"(286.02, 220.03)",,,,,"(59.39, 25.69)",,,,,"(157.51, 23.00)",,,,,,,,,,,,,,,"(286.20, 389.06)","(21.46, 23.86)",,,,,,,"(583.52, 63.25)",,,"(505.19, 22.34)",,,,"(667.55, 39.19)","(519.09, 16.29)",,,,,,,,,,,,"(383.83, 44.70)",,,,,,,,"(689.64, 33.48)","(635.07, 53.72)","(384.61, 446.27)","(427.66, 126.62)","(442.45, 26.81)","(162.93, 37.24)"
640,,,,,,,"(391.28, 447.02)","(676.99, 25.16)","(320.59, 107.00)",,,,"(32.92, 19.33)",,,"(200.68, 2.22)",,,"(626.73, 46.66)","(267.27, 198.10)",,"(521.55, 53.29)",,"(318.76, 21.81)","(133.16, 21.03)",,,,,"(286.00, 220.01)",,,,,"(59.31, 25.69)",,,,,"(157.94, 22.81)",,,,,,,,,,,,,,,"(285.45, 386.74)","(21.55, 23.88)",,,,,,,"(583.54, 63.06)",,,"(505.95, 22.32)",,,,"(669.04, 40.96)","(518.95, 16.27)",,,,,,,,,,,,"(383.78, 44.71)",,,,,,,,"(690.65, 32.34)","(633.94, 52.87)","(384.60, 446.25)","(427.70, 123.75)","(442.39, 26.82)","(162.93, 37.29)"
641,,,,,,,"(391.29, 447.03)","(678.22, 25.44)","(320.56, 107.01)",,,,"(33.19, 19.51)",,,"(200.70, 2.21)",,,"(626.62, 46.67)","(267.28, 198.09)",,"(521.74, 51.99)",,"(317.93, 21.97)","(133.16, 21.56)",,,,,"(286.01, 220.03)",,,,,"(59.29, 25.70)",,,,,"(158.58, 22.71)",,,,,,,,,,,,,,,"(284.77, 385.11)","(21.54, 23.84)",,,,,,,"(583.93, 63.25)",,,"(507.30, 22.27)",,,,"(669.96, 42.61)","(518.97, 16.56)",,,,,,,,,,,,"(383.75, 44.71)",,,,,,,,"(690.93, 31.52)","(632.86, 51.99)","(384.53, 446.29)","(428.16, 120.97)","(442.40, 26.84)","(162.99, 37.30)"
642,,,,,,,"(391.26, 447.06)","(679.14, 24.84)","(320.51, 106.99)",,,,"(33.10, 19.82)",,,"(200.77, 2.20)",,,,"(267.31, 198.07)",,"(521.95, 50.41)",,"(317.22, 22.26)","(132.97, 22.25)",,,,,"(286.03, 220.02)",,,,,"(59.38, 25.65)",,,,,"(158.84, 22.45)",,,,,,,,,,,,,,,"(284.31, 383.63)","(22.00, 23.49)",,,,,,,,,,"(507.39, 22.25)",,,,"(669.85, 44.67)","(519.62, 16.87)",,,,,,,,,,,,"(383.66, 44.69)",,,,,,,,"(690.86, 30.70)","(629.67, 48.34)","(384.53, 446.31)","(428.35, 117.60)","(442.39, 26.81)","(163.03, 37.32)"
643,,,,,,,"(391.24, 447.03)","(679.99, 24.69)","(320.47, 106.99)",,,,"(33.95, 19.88)",,,"(200.77, 2.22)",,,,"(267.30, 198.12)",,"(522.11, 48.29)",,"(316.82, 22.57)","(133.20, 23.27)",,,,,"(286.03, 220.03)",,,,,"(59.34, 25.70)",,,,,"(159.23, 22.38)",,,,,,,,,,,,,,,"(283.75, 382.45)","(23.30, 23.07)",,,,,,,"(583.20, 64.85)",,,"(507.71, 22.18)",,,,"(670.61, 47.04)","(520.36, 17.90)",,,,,,,,,,,,"(383.69, 44.71)",,,,,,,,"(691.15, 29.52)","(629.16, 47.98)","(384.58, 446.30)","(429.65, 114.06)","(442.38, 26.80)","(163.05, 37.28)"
644,,,,,,,"(391.30, 447.06)","(681.19, 24.36)","(320.52, 107.02)",,,,"(34.08, 19.86)",,,"(200.68, 2.29)",,,,"(267.32, 198.12)",,"(522.51, 45.99)",,"(316.34, 22.98)","(133.18, 24.01)",,,,,"(286.04, 220.03)",,,,,"(58.13, 26.17)",,,,,"(159.17, 22.34)",,,,,,,,,,,,,,,"(283.44, 381.13)","(24.47, 22.96)",,,,,,,,,,"(508.63, 21.88)",,,,"(669.90, 49.06)","(521.39, 18.37)",,,,,,,,,,,,"(383.72, 44.70)",,,,"(563.52, 18.92)",,,,"(691.26, 28.35)","(628.99, 47.74)","(384.55, 446.31)","(429.37, 111.12)","(442.35, 26.85)","(163.03, 37.29)"
645,,,,,,,"(391.29, 447.05)","(682.91, 24.18)",,,,,"(34.01, 19.89)",,,"(200.63, 2.28)",,,,"(267.29, 198.08)",,"(522.59, 43.58)",,"(315.84, 23.52)","(133.75, 25.02)",,,,,"(286.09, 220.02)",,,,,"(56.13, 26.85)",,,,,"(159.16, 22.25)",,,,,,,,,,,,,,,"(283.10, 378.96)","(24.31, 22.97)",,,,,,,,,,"(509.33, 21.53)",,,,"(669.66, 50.98)","(522.39, 18.15)",,,,,,,,,,,,"(383.68, 44.67)",,,,"(564.24, 19.93)",,,,"(691.59, 27.30)","(629.16, 47.75)","(384.57, 446.31)","(430.52, 106.39)","(442.40, 26.82)","(163.05, 37.33)"
646,,,,,,,"(391.29, 447.03)","(683.33, 24.71)",,,,,"(34.40, 19.85)",,,"(200.58, 2.28)",,,,"(267.30, 198.05)",,"(523.15, 41.05)",,"(314.98, 23.70)","(134.16, 26.23)",,,,,"(286.11, 220.02)",,,,,"(54.38, 28.13)",,,,,"(159.20, 22.26)",,,,,,,,,,,,,,,"(282.56, 376.62)","(24.51, 23.57)",,,,,,,,,,"(510.11, 21.20)",,,,"(669.06, 52.75)","(523.89, 19.06)",,,,,,,,,,,,"(383.69, 44.69)",,,,"(564.76, 19.89)",,,,"(690.30, 26.11)","(629.31, 48.06)","(384.60, 446.30)","(430.92, 104.87)","(442.50, 26.81)","(163.03, 37.50)"
647,,,,,,,"(391.32, 447.03)","(683.76, 24.79)",,,,,"(34.22, 19.67)",,,"(200.65, 2.29)",,,,"(267.33, 198.03)",,"(523.10, 38.27)",,"(313.88, 23.68)","(134.68, 27.79)",,,,,"(286.15, 219.99)",,,,,"(53.07, 29.47)",,,,,"(159.16, 22.26)",,,,,,,,,,,,,,,"(282.42, 374.52)","(24.88, 23.64)",,,,,,,,,,"(510.70, 20.92)",,,,"(668.52, 54.10)","(524.96, 19.43)",,,,,,,,,,,,"(383.70, 44.69)",,,,"(564.75, 19.87)",,,,"(689.78, 25.53)","(629.35, 47.97)","(384.56, 446.32)",,"(442.51, 26.84)","(162.83, 37.74)"
648,,,,,,,"(391.24, 447.12)","(684.26, 25.09)","(320.66, 107.07)",,,,"(33.92, 19.50)",,,,,,,"(267.33, 197.93)",,"(523.33, 36.40)",,"(313.12, 23.54)","(135.54, 28.74)",,,,,"(286.19, 220.10)",,,,,"(51.43, 30.58)",,,,,"(159.03, 22.17)",,,,,,,,,,,,,,,"(282.79, 372.45)","(26.28, 23.63)",,,,,,,"(583.15, 63.78)",,,"(512.04, 19.97)",,,,"(667.97, 54.64)","(525.90, 19.83)",,,,,,,,,,,,"(383.66, 44.83)",,,,"(564.58, 19.87)",,,,"(689.11, 24.13)","(629.29, 47.96)","(384.51, 446.36)",,"(442.42, 26.94)","(162.43, 37.95)"
649,,,,,,,"(391.25, 447.22)",,"(320.67, 107.00)",,,,"(34.67, 20.12)",,,"(200.24, 2.28)",,,,"(267.32, 197.90)",,"(523.46, 34.67)",,"(312.20, 23.35)","(136.11, 28.88)",,,,,"(286.21, 220.07)",,,,,"(50.62, 31.67)",,,,,"(159.04, 22.14)",,,,,,,,,,,,,,,"(283.10, 370.86)","(28.07, 23.61)",,,,,,,"(583.01, 63.81)",,,"(513.11, 19.23)",,,,,"(526.40, 20.40)",,,,,,,,,,,,"(383.59, 44.80)",,,,"(564.33, 19.91)",,,,,"(629.24, 48.07)","(384.53, 446.38)",,"(442.39, 26.91)","(162.73, 38.22)"
650,,,,,,,"(391.24, 447.20)",,"(320.63, 107.01)",,,,"(35.55, 21.22)",,,"(200.30, 2.27)",,,,"(267.28, 197.94)",,"(524.04, 31.68)",,"(311.26, 22.83)","(135.98, 28.52)",,,,,"(286.15, 220.08)",,,,,"(48.52, 32.58)",,,,,"(159.02, 22.18)",,,,,,,,,,,,,,,"(283.31, 369.40)","(29.34, 23.77)",,,,,,,"(582.91, 63.70)",,,"(514.51, 18.62)",,,,,"(526.29, 22.20)",,,,,,,,,,,,"(383.62, 44.79)",,,,"(563.82, 19.45)",,,,"(689.37, 24.21)","(629.15, 48.07)","(384.50, 446.37)",,"(442.34, 26.90)","(162.16, 38.89)"
651,,,,,,,"(391.18, 447.20)",,,,,,"(36.06, 21.42)",,,"(200.31, 2.27)",,,,"(267.30, 197.91)",,"(524.88, 30.48)",,"(309.52, 22.04)","(136.82, 28.35)",,,,,"(286.16, 220.08)",,,,,"(45.97, 34.26)",,,,,"(159.06, 22.23)",,,,,,,,,,,,,,,"(283.41, 367.23)","(30.63, 24.08)",,,,,,,"(582.82, 63.68)",,,"(516.31, 18.25)",,,,,"(526.04, 23.05)",,,,,,,,,,,,"(383.64, 44.80)",,,,"(563.44, 18.30)",,,,"(689.55, 23.93)","(629.12, 48.12)","(384.50, 446.37)",,"(442.43, 26.57)","(161.25, 38.84)"
652,,,,,,,"(391.20, 447.13)",,,,,,"(37.23, 21.83)",,,,,,,"(267.26, 197.96)",,"(526.02, 27.17)",,"(308.66, 21.65)","(136.94, 27.79)",,,,,"(286.19, 220.09)",,,,,"(44.70, 35.65)",,,,,"(158.97, 22.24)",,,,,,,,,,,,,,,"(283.37, 365.44)","(30.77, 24.23)",,,,,,,"(583.04, 63.71)",,,"(516.95, 18.27)",,,,"(660.69, 62.73)",,,,,,,,,,,,,"(383.62, 44.81)",,,,"(563.17, 18.10)",,,,,"(629.09, 48.07)","(384.48, 446.34)",,"(442.56, 26.22)","(160.59, 39.32)"
653,,,,,,,"(391.20, 447.13)",,,,,,"(38.25, 22.34)",,,,,,,"(267.23, 197.97)",,"(526.80, 25.65)",,"(307.85, 21.10)","(137.97, 26.49)",,,,,"(286.15, 220.09)",,,,,"(43.33, 36.59)",,,,,"(158.91, 22.26)",,,,,,,,,,,,,,,"(283.22, 363.48)","(30.43, 24.80)",,,,,,,"(582.90, 63.52)",,,"(518.30, 18.59)",,,,"(658.80, 63.64)",,,,,,,,,,,,,"(383.63, 44.82)",,,,"(563.12, 18.24)",,,,,"(629.02, 48.01)","(384.47, 446.35)",,"(442.63, 25.74)","(159.89, 38.94)"
654,,,,,,,"(391.22, 447.14)",,,,,,"(38.79, 23.44)",,,,,,,"(267.24, 197.96)",,"(529.14, 26.16)",,"(306.92, 20.36)","(138.85, 25.11)",,,,,"(286.13, 220.07)",,,,,"(41.43, 38.24)",,,,,"(158.94, 22.25)",,,,,,,,,,,,,,,"(283.36, 361.65)","(30.83, 24.66)",,,,,,,"(583.06, 63.60)",,,"(519.80, 19.33)",,,,"(656.56, 64.58)",,,,,,,,,,,,,"(383.61, 44.81)",,,,"(563.02, 18.43)",,,,,"(628.67, 47.68)","(384.51, 446.35)",,"(442.61, 25.21)","(158.32, 38.32)"
655,,,,,,,"(391.22, 447.16)",,,,,,"(41.11, 24.99)",,,"(200.41, 2.23)",,,,"(267.22, 197.94)",,"(529.25, 26.73)",,"(306.98, 20.76)","(140.04, 24.00)",,,,,"(286.11, 220.08)",,,,,"(40.09, 39.20)",,,,,"(158.97, 22.24)",,,,,,,,,,,,,,,"(283.20, 359.94)","(30.79, 25.09)",,,,,,,"(583.08, 63.59)",,,"(520.15, 19.44)",,,,"(654.58, 65.93)",,,,,,,,,,,,,"(383.62, 44.80)",,,,"(562.72, 18.37)",,,,,"(628.85, 48.02)","(384.52, 446.39)",,"(442.47, 24.70)","(157.16, 37.95)"
656,,,,,,,"(391.22, 447.19)","(689.47, 24.09)",,,,,"(43.56, 26.74)",,,"(200.36, 2.24)",,,,"(267.21, 197.94)",,"(529.41, 27.58)",,"(307.09, 20.87)","(140.85, 24.00)",,,,,"(286.14, 220.07)",,,,,"(38.22, 39.96)",,,,,"(159.02, 22.25)",,,,,,,,,,,,,,,"(283.22, 357.63)","(30.29, 25.06)",,,,,,,"(582.99, 63.90)",,,"(520.33, 19.48)",,,,"(653.05, 66.32)","(526.95, 20.64)",,,,,,,,,,,,"(383.61, 44.79)",,,,"(562.27, 18.47)",,,,"(683.94, 25.06)","(628.77, 47.45)","(384.54, 446.36)",,"(442.39, 24.00)","(155.54, 37.36)"
657,,,,,,,"(391.23, 447.20)","(689.74, 24.12)",,,,,"(45.00, 27.61)",,,"(200.61, 2.28)",,,"(627.07, 47.19)","(267.19, 197.93)",,"(529.59, 28.74)",,"(306.56, 21.03)","(141.47, 24.00)",,,,,"(286.13, 220.08)",,,,,"(35.83, 41.32)",,,,,"(159.07, 22.26)",,,,,,,,,,,,,,,"(283.21, 355.37)","(29.79, 25.18)",,,,,,,"(583.02, 64.09)",,,"(520.19, 19.56)",,,,"(651.59, 67.05)","(526.76, 20.74)",,,,,,,,,,,,"(383.59, 44.78)",,,,"(561.82, 18.78)",,,,"(684.88, 24.39)","(630.59, 47.79)","(384.51, 446.37)",,"(442.39, 23.43)","(154.26, 36.32)"
658,,,,,,,"(391.23, 447.18)","(690.08, 24.49)",,,,,"(48.35, 29.46)",,,"(200.66, 2.30)",,,"(627.33, 47.45)","(267.20, 197.94)",,"(529.72, 29.44)",,"(305.78, 20.88)","(141.81, 24.27)",,,,,"(286.13, 220.08)",,,,,"(34.02, 42.54)",,,,,"(159.09, 22.25)",,,,,,,,,,,,,,,"(283.31, 353.08)","(29.50, 25.33)",,,,,,,"(583.07, 64.10)",,,"(520.09, 19.58)",,,,"(648.51, 68.09)","(526.53, 21.14)",,,,,,,,,,,,"(383.58, 44.82)",,,,"(561.78, 18.70)",,,,"(685.34, 24.07)","(630.47, 45.91)","(384.51, 446.37)",,"(442.38, 22.77)","(153.06, 35.84)"
659,,,,,,,"(391.22, 447.15)","(660.73, 28.07)",,,,,"(49.74, 30.56)",,,"(200.60, 2.33)",,,"(627.08, 47.70)","(267.22, 197.96)",,"(529.75, 31.14)",,"(304.74, 20.97)","(142.41, 24.64)",,,,,"(286.17, 220.09)",,,,,"(31.75, 44.03)",,,,,"(159.05, 22.25)",,,,,,,,,,,,,,,"(283.25, 351.06)","(29.44, 25.48)",,,,,,,"(583.25, 63.98)",,,"(520.08, 19.59)",,,,,"(527.33, 20.99)",,,,,,,,,,,,"(383.58, 44.81)",,,,"(560.98, 18.19)",,,,"(684.91, 23.80)","(630.63, 44.97)","(384.49, 446.38)",,"(442.27, 22.68)","(151.42, 35.13)"
660,,,,,,,"(391.23, 447.08)","(632.23, 32.19)",,,,,"(52.46, 32.61)",,,"(200.71, 2.22)",,,"(627.00, 47.23)","(267.18, 197.93)","(152.46, 9.10)","(529.89, 33.14)",,"(303.69, 20.77)","(143.33, 24.57)",,,,,"(286.16, 220.08)",,,,,"(29.28, 45.17)",,,,,"(159.06, 22.28)",,,,,,,,,,,,,,,"(283.40, 349.15)","(29.51, 25.91)",,,,,,,"(583.23, 64.36)",,,"(520.28, 19.49)",,,,,"(528.47, 20.39)",,,,,,,,,,,,"(383.73, 44.95)",,,,"(560.23, 17.26)",,,,"(685.36, 23.06)","(630.36, 42.71)","(384.53, 446.47)",,"(442.15, 22.44)","(149.72, 33.43)"
661,,,,,,,"(391.24, 447.06)","(624.52, 30.99)",,,,,"(54.75, 33.72)",,,"(200.76, 2.23)",,,"(626.59, 47.76)","(267.19, 197.91)","(152.42, 11.56)","(530.31, 34.78)",,"(302.58, 20.55)","(144.18, 24.89)",,,,,"(286.13, 220.06)",,,,,"(27.30, 45.69)",,,,,"(159.06, 22.29)",,,,,,,,,,,,,,,"(283.84, 346.98)","(29.72, 26.06)",,,,,,,,,,"(520.44, 19.59)",,,,,"(529.64, 19.81)",,,,,,,,,,,,"(383.68, 44.97)",,,,"(559.48, 16.77)",,,,"(685.66, 22.83)","(630.70, 42.06)","(384.48, 446.50)","(443.48, 70.53)","(442.04, 22.40)","(147.78, 32.23)"
662,,,,,,,"(391.26, 447.05)","(624.21, 30.71)",,,,,"(56.72, 35.13)",,,"(200.71, 2.25)",,,"(626.41, 47.69)","(267.22, 197.90)","(151.94, 13.81)","(530.79, 36.44)",,"(301.68, 20.46)","(145.00, 25.09)",,,,,"(286.18, 220.09)",,,,,"(24.37, 45.98)",,,,,"(159.02, 22.16)",,,,,,,,,,,,,,,"(283.90, 345.69)","(30.01, 26.38)",,,,,,,,,,"(520.26, 19.59)",,,,,"(530.85, 19.61)",,,,,,,,,,,,"(383.68, 44.97)",,,,"(559.00, 16.30)",,,,"(685.97, 22.57)","(630.59, 40.28)","(384.44, 446.44)","(443.69, 69.43)","(441.84, 22.29)","(146.25, 30.08)"
663,,,,,,,"(391.25, 447.03)","(624.18, 30.76)",,,,,"(58.88, 36.50)",,,"(200.69, 2.28)",,,"(626.46, 47.58)","(267.21, 197.90)","(151.40, 14.73)","(531.59, 37.81)",,"(300.82, 20.27)","(145.58, 25.06)",,,,,"(286.17, 220.07)",,,,,"(22.91, 44.87)",,,,,"(159.13, 22.12)",,,,,,,,,,,,,,,"(283.91, 344.46)","(30.37, 26.93)",,,,,,,,,,"(520.15, 19.60)",,,,,"(532.75, 19.15)",,,,,,,,,,,,"(383.70, 44.98)",,,,"(559.09, 16.08)",,,,"(686.11, 22.98)","(630.45, 38.48)","(384.41, 446.46)","(443.50, 67.51)","(441.54, 22.51)","(146.09, 30.16)"
664,,,,,,,"(391.21, 447.03)","(624.08, 30.76)",,,,,"(60.35, 38.34)",,,"(200.70, 2.26)",,,"(626.38, 47.66)","(267.23, 197.92)","(150.79, 17.39)","(532.77, 37.82)",,"(300.25, 20.68)",,,,,,"(286.17, 220.08)",,,,,"(21.11, 43.81)",,,,,"(159.10, 22.09)",,,,,,,,,,,,,,,"(283.84, 343.32)","(30.64, 27.95)",,,,,,,,,,"(520.13, 19.56)",,,,,"(534.49, 19.07)",,,,,,,,,,,,"(383.80, 45.02)",,,,"(558.95, 16.12)",,,,"(686.43, 23.23)","(630.26, 36.58)","(384.43, 446.45)","(443.04, 64.94)","(441.36, 22.90)","(146.07, 30.03)"
665,,,,,,,"(391.19, 447.01)","(624.14, 30.61)",,,,,"(62.01, 39.57)",,,"(200.65, 2.26)",,,"(626.40, 47.77)","(267.23, 197.93)","(149.97, 18.19)","(534.41, 37.24)",,"(299.36, 20.59)",,,,,,"(286.16, 220.08)",,,,,"(19.37, 42.97)",,,,,"(159.18, 22.02)",,,,,,,,,,,,,,,"(283.81, 342.35)","(30.99, 28.95)",,,,,,,,,,"(519.95, 19.62)",,,,,"(535.58, 18.76)",,,,,,,,,,,,"(383.81, 45.02)",,,,,,,,"(686.91, 24.22)","(630.42, 34.53)","(384.43, 446.44)","(442.93, 62.47)","(441.23, 22.91)","(145.74, 30.01)"
666,,,,,,,"(391.23, 446.99)","(624.19, 30.43)",,,,,"(63.73, 41.76)",,,"(200.68, 2.23)",,,"(626.61, 47.68)","(267.22, 197.95)","(150.22, 18.40)","(536.68, 36.35)",,"(298.26, 21.10)",,,,,,"(286.17, 220.08)",,,,,"(17.96, 41.85)",,,,,"(158.89, 22.05)",,,,,,,,,,,,,,,"(284.12, 341.42)","(31.20, 29.49)",,,,,,,,,,"(519.84, 19.68)",,,,,"(536.61, 18.31)",,,,,,,,,,,,"(383.82, 44.97)",,,,,,,,"(687.58, 24.45)","(630.28, 32.35)","(384.40, 446.41)","(442.63, 60.12)","(440.48, 23.12)","(144.86, 29.78)"
667,,,,,,,"(391.20, 447.02)","(624.28, 30.46)",,,,,"(65.47, 43.93)",,,"(200.53, 2.31)",,,"(626.50, 47.83)","(267.20, 197.95)","(149.98, 18.07)","(538.96, 35.54)",,"(297.54, 21.54)",,,,,,"(286.16, 220.08)",,,,,,,,,,"(158.40, 22.09)",,,,,,,,,,,,,,,"(284.18, 340.42)","(31.64, 31.29)",,,,,,,,,,"(519.92, 19.69)",,,,,"(538.94, 18.24)",,,,,,,,,,,,"(383.82, 44.94)",,,"(634.11, 17.03)",,,,,"(688.43, 24.42)","(630.74, 30.82)","(384.42, 446.47)","(442.47, 58.30)","(439.80, 22.79)","(143.92, 29.20)"
668,,,,,,,"(391.18, 447.13)","(624.14, 30.44)",,,,,"(66.51, 45.17)",,,"(200.52, 2.34)",,,"(626.11, 48.45)","(267.23, 197.95)",,"(540.63, 34.22)",,"(296.61, 21.98)",,,,,,"(286.17, 220.08)",,,,,,,,,,"(157.41, 22.27)",,,,,,,,,,,,,,,"(285.06, 339.69)","(32.30, 33.02)",,,,,,,,,,"(520.02, 19.77)",,,,,"(540.61, 18.18)",,,,,,,,,,,,"(383.78, 44.94)",,,"(634.02, 18.06)",,,,,"(688.85, 24.36)","(630.68, 29.27)","(384.45, 446.45)","(442.06, 56.39)","(439.28, 22.60)","(142.22, 28.69)"
669,,,,,,,"(391.18, 447.14)","(624.14, 30.38)",,,,,"(66.55, 47.12)",,,"(200.37, 2.29)",,,"(625.55, 48.40)","(267.18, 197.94)","(149.64, 17.90)","(542.77, 33.30)",,"(295.55, 22.05)",,,,,,"(286.15, 220.11)",,,,,,,,,,"(157.70, 22.50)",,,,,,,,,,,,,,,"(286.26, 338.62)","(32.90, 35.03)",,,,,,,,,,"(519.78, 19.95)",,,,,"(543.12, 17.93)",,,,,,,,,,,,"(383.79, 44.96)",,,"(633.78, 18.93)",,,,,"(689.34, 23.98)","(630.82, 28.40)","(384.49, 446.42)","(441.66, 55.00)","(438.36, 21.90)","(141.10, 28.00)"
670,,,,,,,"(391.23, 447.15)","(624.11, 30.43)",,,,,"(66.50, 48.78)",,,"(200.32, 2.32)",,,"(625.06, 48.69)","(267.16, 197.94)","(149.44, 17.79)","(545.39, 31.54)",,"(294.10, 23.02)",,,,,,"(286.16, 220.13)",,,,,,,,,,"(158.17, 22.81)",,,,,,,,,,,,,,,"(287.89, 337.71)","(33.61, 37.03)",,,,,,,,,,"(519.87, 20.47)",,,,,"(544.71, 18.18)",,,,,,,,,,,,"(383.84, 45.00)",,,"(633.30, 20.61)",,,,,"(689.78, 23.42)","(631.30, 27.82)","(384.54, 446.42)","(440.61, 53.18)","(437.57, 21.35)","(140.23, 26.80)"
671,,,,,,,"(391.22, 447.15)","(624.12, 30.52)",,,,,"(67.07, 51.71)",,,"(200.31, 2.34)",,,"(624.66, 48.70)","(267.19, 197.93)","(148.72, 17.92)","(547.45, 29.82)",,"(293.59, 23.35)",,,,,,"(286.17, 220.12)",,,,,,,,,,"(159.14, 23.04)",,,,,,,,,,,,,,,"(289.12, 336.88)","(34.49, 39.28)",,,,,,,,,,"(520.68, 21.29)",,,,,"(546.69, 18.05)",,,,,,,,,,,,"(383.82, 45.00)",,,"(632.19, 23.91)",,,,,"(689.97, 22.98)",,"(384.52, 446.44)","(439.36, 52.02)","(436.80, 21.40)","(138.75, 25.47)"
672,,,,,,,"(391.31, 447.05)","(623.95, 30.56)",,,,,"(66.91, 54.19)",,,"(200.43, 2.28)",,,"(624.59, 49.58)","(267.21, 197.94)","(148.28, 17.82)","(549.60, 28.43)",,"(292.47, 24.05)",,,,,,"(286.19, 220.14)",,,,,,,,,,"(159.62, 23.05)",,,,,,,,,,,,,,,"(290.47, 335.55)","(35.45, 41.16)",,,,,,,,,,"(520.97, 21.53)",,,,,"(548.65, 17.91)",,,,,,,,,,,,"(383.81, 45.03)",,,"(632.21, 23.55)",,,,,"(690.28, 22.19)",,"(384.50, 446.36)","(438.22, 50.65)","(436.08, 21.24)","(138.06, 23.67)"
673,,,,,,,"(391.29, 447.06)","(623.88, 30.59)",,,,,"(66.61, 56.47)",,,"(200.48, 2.28)",,,"(624.44, 50.28)","(267.22, 197.94)","(149.07, 18.14)","(551.71, 26.60)",,"(291.34, 24.37)",,,,,,"(286.21, 220.11)",,,,,,,,,,"(162.83, 24.22)",,,,,,,,,,,,,,,"(291.30, 334.16)","(37.28, 43.45)",,,,,,,,,,"(521.14, 21.78)",,,,,"(550.30, 17.85)",,,,,,,,,,,,"(383.77, 45.00)",,,"(632.32, 23.08)",,,,,"(690.87, 21.60)",,"(384.49, 446.34)","(436.87, 49.93)","(435.42, 21.36)","(137.68, 23.69)"
674,,,,,,,"(391.33, 447.05)","(623.88, 30.59)",,,,,"(66.75, 58.92)",,,"(200.51, 2.26)",,,"(624.23, 50.79)","(267.21, 197.94)","(149.79, 18.18)","(554.39, 24.73)",,"(289.93, 24.75)",,,,,,"(286.22, 220.11)",,,,,,,,,,"(163.88, 24.30)",,,,,,,,,,,,,,,"(292.19, 332.52)","(39.05, 45.08)",,,,,,,,,,"(521.63, 22.25)",,,,,"(551.87, 17.82)",,,,,,,,,,,,"(383.73, 45.00)",,,"(632.74, 22.36)",,,,,"(690.95, 20.93)",,"(384.49, 446.33)","(435.01, 49.02)","(435.08, 21.48)","(136.52, 23.41)"
675,,,,,,,"(391.26, 447.06)","(623.99, 30.59)",,,,,"(66.48, 60.78)",,,,,,"(624.23, 50.72)","(267.21, 197.93)","(149.52, 18.45)","(556.42, 23.51)",,"(289.10, 24.97)",,,,,,"(286.24, 220.11)",,,,,,,,,,"(162.37, 23.64)",,,,,,,,,,,,,,,"(292.95, 331.01)","(40.84, 46.47)",,,,,,,"(583.12, 64.14)",,,"(521.87, 22.27)",,,,,"(553.44, 17.90)",,,,,,,,,,,,"(383.73, 45.01)",,,"(633.64, 21.30)",,,,,"(691.09, 20.32)",,"(384.47, 446.37)","(433.25, 48.59)","(434.50, 21.52)","(135.54, 23.19)"
676,,,,,,,"(391.24, 447.05)","(624.05, 30.63)",,,,,"(66.66, 63.32)",,,"(200.55, 2.26)",,,"(624.13, 50.04)","(267.21, 197.95)","(147.62, 18.13)","(557.02, 23.67)",,"(288.40, 25.33)","(159.12, 22.10)",,,,,"(286.20, 220.11)",,,,,,,,,,"(167.86, 25.17)",,,,,,,,,,,,,,,"(293.27, 329.41)","(43.13, 47.80)",,,,,,,,,,"(522.26, 22.26)",,,,,"(555.14, 17.99)",,,,,,,,,,,,"(383.69, 45.02)",,,"(634.98, 20.46)",,,,,"(691.14, 20.99)",,"(384.47, 446.37)","(431.26, 48.08)","(434.26, 21.58)","(134.04, 22.88)"
677,,,,,,,"(391.24, 447.03)","(624.06, 30.67)",,,,,"(66.55, 65.23)",,,"(200.42, 2.18)",,,"(623.95, 48.68)","(267.22, 197.92)","(146.42, 18.48)","(558.69, 24.05)",,"(287.65, 25.79)","(159.20, 22.12)",,,,,"(286.19, 220.13)",,,,,,,,,,"(171.18, 25.74)",,,,,,,,,,,,,,,"(294.09, 327.60)","(45.10, 48.36)",,,,,,,,,,"(523.21, 22.45)",,,,,"(556.68, 18.03)",,,,,,,,,,,,"(383.73, 45.06)",,,"(635.90, 20.18)",,,,,"(691.07, 21.56)",,"(384.45, 446.38)","(430.23, 47.37)","(433.67, 21.91)","(133.54, 21.81)"
678,,,,,,,"(391.21, 447.02)","(624.00, 30.62)",,,,,"(66.84, 66.34)",,,"(200.43, 2.19)",,,"(624.17, 47.23)","(267.16, 197.91)","(146.24, 18.72)","(559.54, 24.41)",,"(285.89, 26.00)","(159.24, 22.16)",,,,,"(286.16, 220.11)",,,,,,,,,,"(173.70, 25.52)",,,,,,,,,,,,,,,"(295.04, 324.98)","(47.98, 49.15)",,,,,,,,,,"(523.88, 22.68)",,,,,"(557.86, 18.45)",,,,,,,,,,,,"(383.68, 45.05)",,,"(636.62, 20.26)",,,,,"(690.98, 22.19)",,"(384.44, 446.39)","(430.05, 47.25)","(433.58, 21.86)","(133.58, 21.91)"
679,,,,,,,"(391.20, 446.98)","(623.92, 30.72)",,,,,"(66.96, 67.97)",,,,,,"(624.34, 45.90)","(267.22, 197.93)","(145.98, 19.04)","(560.15, 24.56)",,"(284.70, 26.37)","(159.28, 22.28)",,,,,"(286.15, 220.11)",,,,,,,,,,"(175.53, 25.69)",,,,,,,,,,,,,,,"(295.29, 321.73)","(50.57, 49.80)",,,,,,,,,,"(524.62, 22.76)",,,,,"(558.81, 18.77)",,,,,,,,,,,,"(383.73, 45.10)",,,"(636.78, 21.01)",,,,,"(691.00, 23.05)",,"(384.46, 446.40)","(429.72, 46.97)","(433.46, 21.87)","(133.47, 22.13)"
680,,,,,,,"(391.19, 447.00)","(623.98, 30.97)",,,,,"(67.03, 68.98)",,,"(200.48, 2.17)",,,"(624.78, 44.97)","(267.21, 197.90)","(144.45, 20.04)","(560.80, 24.32)",,"(283.80, 26.57)","(159.22, 22.27)",,,,,"(286.15, 220.09)",,,,,,,,,,"(177.62, 25.26)",,,,,,,,,,,,,,,"(295.41, 318.72)","(52.97, 49.84)",,,,,,,,,,"(525.22, 22.79)",,,,,"(559.76, 18.24)",,,,,,,,,,,,"(383.67, 45.11)",,,"(637.53, 21.13)",,,,,"(690.75, 23.09)",,"(384.45, 446.40)","(429.16, 46.43)","(433.34, 22.03)","(133.47, 22.44)"
681,,,,,,,"(391.18, 447.02)","(624.00, 30.83)",,,,,"(67.04, 70.20)",,,,,,"(624.93, 44.51)","(267.22, 197.91)","(143.00, 21.09)","(562.87, 24.22)",,"(282.95, 26.51)","(159.19, 22.29)",,,,,"(286.16, 220.07)",,,,,,,,,,"(179.42, 24.85)",,,,,,,,,,,,,,,"(295.98, 315.75)","(55.53, 50.47)",,,,,,,,,,"(526.82, 23.51)",,,,,"(560.53, 18.50)",,,,,,,,,,,,"(383.60, 45.12)",,,"(638.06, 21.19)",,,,,"(690.42, 23.22)",,"(384.45, 446.36)","(429.31, 45.78)","(433.61, 21.99)","(133.50, 22.64)"
682,,,,,,,"(391.18, 446.98)","(624.15, 30.75)",,,,,"(66.74, 71.19)",,,,,,"(625.07, 44.31)","(267.22, 197.91)","(142.04, 21.62)","(563.86, 24.35)",,"(281.62, 26.32)","(159.19, 22.27)",,,,,"(286.19, 220.09)",,,,,,,,,,"(181.41, 24.42)",,,,,,,,,,,,,,,"(296.22, 313.60)","(57.94, 50.44)",,,,,,,,,,"(527.80, 23.54)",,,,,"(560.73, 18.13)",,,,,,,,,,,,"(383.57, 45.13)",,,"(637.56, 21.22)",,,,,"(690.18, 23.14)",,"(384.41, 446.35)","(429.65, 44.23)","(433.99, 21.98)","(133.41, 22.86)"
683,,,,,,,"(391.19, 446.97)","(624.30, 30.56)",,,,,"(66.51, 71.85)",,,,,,"(625.37, 44.75)","(267.24, 197.93)","(140.86, 22.54)","(564.57, 24.29)",,"(279.91, 26.84)","(159.21, 22.30)",,,,,"(286.17, 220.11)",,,,,,,,,,"(182.57, 24.42)",,,,,,,,,,,,,,,"(296.88, 310.59)","(60.24, 50.45)",,,,,,,,,,"(529.04, 23.55)",,,,,"(561.11, 17.77)",,,,,,,,,,,,"(383.59, 45.15)",,,"(636.86, 23.24)",,,,,"(690.13, 23.06)","(642.41, 19.66)","(384.40, 446.34)","(429.90, 42.02)","(433.98, 22.00)","(133.18, 22.80)"
684,,,,,,,"(391.24, 446.95)","(624.30, 30.59)",,,,,,,,"(200.54, 2.24)",,,"(625.66, 44.62)","(267.25, 197.94)","(139.71, 24.37)","(565.08, 23.92)",,"(279.15, 26.77)","(159.21, 22.36)",,,,,"(286.19, 220.12)",,,,,,,,,,"(184.38, 24.52)",,,,,,,,,,,,,,,"(297.33, 308.39)","(62.41, 49.98)",,,,,,,,,,"(530.80, 23.78)",,,,,"(561.00, 18.26)",,,,,,,,,,,,"(383.65, 45.17)",,,"(636.87, 23.12)",,,,,"(690.30, 22.74)","(643.58, 19.31)","(384.46, 446.42)","(429.59, 38.91)","(433.99, 21.89)","(133.02, 22.25)"
685,,,,,,,"(391.22, 446.96)","(624.39, 30.49)",,,,,,,,,,,"(626.64, 44.75)","(267.26, 197.94)","(138.05, 26.45)","(565.57, 23.76)",,"(277.08, 26.58)","(159.17, 22.38)",,,,,"(286.21, 220.10)",,,,,,,,,,"(185.80, 24.71)",,,,,,,,,,,,,,,"(297.45, 306.18)","(64.53, 49.97)",,,,,,,,,,"(531.24, 23.75)",,,,,"(561.23, 18.20)",,,,,,,,,,,,"(383.62, 45.19)",,,"(636.95, 23.35)",,,,,"(690.47, 22.84)","(644.67, 19.18)","(384.44, 446.39)","(430.06, 35.76)","(434.18, 21.93)","(133.37, 21.84)"
686,,,,,,,"(391.24, 446.97)","(624.27, 30.74)",,,,,,,,,,,"(627.57, 44.70)","(267.27, 197.93)","(138.26, 28.08)","(566.13, 23.39)",,"(275.77, 26.18)","(159.19, 22.36)",,,,,"(286.21, 220.10)",,,,,,,,,,"(187.02, 24.91)",,,,,,,,,,,,,,,"(297.94, 303.92)","(66.67, 49.17)",,,,,,,,,,"(533.12, 23.79)",,,,,"(561.38, 18.26)",,,,,,,,,,,,"(383.56, 45.19)",,,"(637.15, 23.61)",,,,,"(690.62, 22.93)","(646.03, 18.34)","(384.42, 446.41)","(429.90, 33.17)","(434.02, 22.04)","(133.40, 20.62)"
687,,,,,,,"(391.22, 446.99)","(624.27, 30.74)",,,,,,,,,,,"(628.51, 45.15)","(267.27, 197.96)","(137.32, 30.57)","(566.70, 23.10)",,"(275.07, 26.25)","(159.21, 22.40)",,,,,"(286.23, 220.10)",,,,,,,,,,"(188.58, 25.27)",,,,,,,,,,,,,,,"(297.87, 301.82)","(68.77, 48.92)",,,,,,,"(583.08, 62.90)",,,"(534.89, 23.42)",,,,,"(561.56, 18.19)",,,,,,,,,,,,"(383.60, 45.28)",,,"(637.03, 23.73)",,,,,"(690.80, 23.14)","(648.73, 17.24)","(384.44, 446.41)","(430.02, 30.26)","(434.04, 22.17)","(134.86, 20.53)"
688,,,,,,,"(391.25, 446.97)","(624.41, 30.76)",,,,,,,,,,,"(629.55, 44.97)","(267.21, 197.96)","(136.64, 33.10)","(566.65, 22.80)",,"(274.07, 26.28)","(159.22, 22.37)",,,,,"(286.21, 220.09)",,,,,,,,,,"(189.73, 25.74)",,,,,,,,,,,,,,,"(297.99, 299.69)","(69.97, 49.74)",,,,,,,"(583.06, 62.76)",,,"(536.44, 23.04)",,,,,"(561.51, 18.33)",,,,,,,,,,,,"(383.68, 45.22)",,,"(636.67, 23.94)",,,,,"(690.81, 23.24)","(649.05, 17.08)","(384.44, 446.42)","(430.04, 28.08)","(433.93, 22.39)","(135.37, 19.54)"
689,,,,,,,"(391.21, 446.96)","(624.40, 30.70)",,,,,,,,,,,"(631.05, 44.94)","(267.22, 197.93)","(136.00, 35.52)","(566.50, 22.36)",,"(272.79, 25.95)","(159.22, 22.36)",,,,,"(286.21, 220.08)",,,,,,,,,,"(190.65, 26.44)",,,,,,,,,,,,,,,"(298.31, 298.08)","(71.29, 48.07)",,,,,,,"(583.02, 62.79)",,,"(538.94, 21.86)",,,,,"(561.53, 18.24)",,,,,,,,,,,,"(383.76, 45.25)",,,"(636.40, 24.13)",,,,,"(690.73, 23.32)","(649.33, 17.07)","(384.42, 446.38)","(430.01, 26.15)","(433.71, 22.44)","(135.15, 19.60)"
690,,,,,,,"(391.28, 446.98)","(624.51, 30.64)",,,,,,,,,,,"(632.80, 44.85)","(267.20, 197.93)","(134.89, 37.45)","(566.08, 22.08)",,"(271.84, 25.72)","(159.19, 22.40)",,,,,"(286.17, 220.07)",,,,,,,,,,"(191.93, 26.68)",,,,,,,,,,,,,,,"(298.66, 295.95)","(72.34, 46.26)",,,,,,,"(583.26, 63.09)",,,"(540.28, 21.85)",,,,,,,,,,,,,,,,,"(383.69, 45.25)",,,"(636.20, 24.14)",,,,,"(690.72, 23.29)","(649.11, 17.25)","(384.42, 446.41)","(429.69, 26.45)","(433.36, 21.98)","(135.42, 19.50)"
691,,,,,,,"(391.26, 446.99)","(624.49, 30.54)",,,,,,,,,,,"(633.95, 44.80)","(267.21, 197.94)","(134.00, 39.65)","(565.55, 21.71)",,"(270.87, 25.73)","(159.10, 22.41)",,,,,"(286.18, 220.09)",,,,,,,,,,"(193.41, 27.02)",,,,,,,,,,,,,,,"(298.74, 294.18)","(72.99, 44.56)",,,,,,,"(583.22, 63.11)",,,"(541.72, 20.85)",,,,,,,,,,,,,,,,,"(383.75, 45.30)",,,"(635.99, 24.07)",,,,,"(690.70, 23.29)","(649.01, 17.45)","(384.41, 446.41)","(429.60, 26.72)","(433.06, 21.23)","(136.43, 19.95)"
692,,,,,,,"(391.27, 446.98)","(624.41, 30.23)",,,,,,,,,,,"(635.01, 45.13)","(267.21, 197.95)","(133.39, 41.71)","(565.33, 21.56)",,"(269.86, 25.23)","(159.10, 22.36)",,,,,"(286.19, 220.09)",,,,,,,,,,"(194.34, 27.45)",,,,,,,,,,,,,,,"(298.84, 292.56)","(73.87, 42.30)",,,,,,,"(583.16, 64.09)",,,"(543.64, 19.43)",,,,,,,,,,,,,,,,,"(383.80, 45.30)",,,"(635.65, 24.10)",,,,,"(690.69, 23.31)","(648.39, 17.82)","(384.39, 446.39)","(429.54, 26.72)","(432.86, 21.12)","(137.25, 20.96)"
693,,,,,,,"(391.21, 446.98)","(624.34, 30.19)",,,,,,,,,,,"(636.69, 45.56)","(267.21, 197.97)","(132.75, 44.28)","(564.83, 21.46)",,"(269.33, 24.66)","(159.11, 22.43)",,,,,"(286.19, 220.11)",,,,,,,,,,"(194.99, 27.86)",,,,,,,,,,,,,,,"(298.87, 291.18)","(74.22, 40.31)",,,,,,,"(583.32, 63.43)",,,"(545.17, 18.90)",,,,,,,,,,,,,,,,,"(383.75, 45.31)",,,"(635.69, 23.94)",,,,,"(690.69, 23.40)","(648.53, 17.84)","(384.40, 446.41)","(429.56, 26.70)","(431.90, 21.06)","(138.14, 21.94)"
694,,,,,,,"(391.27, 447.00)","(624.51, 30.07)",,,,,,,,,,,"(638.53, 46.99)","(267.21, 197.98)","(132.61, 45.25)","(564.88, 21.24)",,"(268.42, 24.06)","(159.10, 22.45)",,,,,"(286.19, 220.10)",,,,,"(18.30, 22.12)",,,,,"(195.92, 28.23)",,,,,,,,,,,,,,,"(299.00, 289.91)","(75.18, 37.93)",,,,,,,"(583.44, 63.42)",,,"(546.12, 18.14)",,,,,,,,,,,,,,,,,"(383.80, 45.32)",,,"(635.51, 23.73)",,,,,"(690.67, 23.34)","(648.51, 17.98)","(384.38, 446.44)",,,"(138.49, 23.22)"
695,,,,,,,"(391.25, 447.00)","(624.56, 30.04)",,,,,,,,,,,"(639.56, 48.51)","(267.20, 198.01)","(132.63, 46.25)","(564.93, 21.22)",,"(267.42, 23.67)","(159.07, 22.50)",,,,,"(286.20, 220.11)",,,,,"(20.03, 22.85)",,,,,"(197.05, 28.35)",,,,,,,,,,,,,,,"(299.19, 289.26)","(75.84, 36.10)",,,,,,,"(583.43, 63.44)",,,"(547.39, 17.91)",,,,,,,,,,,,,,,,,"(383.82, 45.38)",,,"(635.38, 23.70)",,,,,"(690.76, 23.22)","(648.33, 18.22)","(384.38, 446.44)",,,"(139.49, 24.29)"
696,,,,,,,"(391.30, 447.01)","(624.56, 29.87)",,,,,,,,,,,"(640.66, 49.67)","(267.22, 197.97)","(132.48, 46.63)","(564.90, 21.25)",,"(266.90, 22.91)","(159.24, 22.55)",,,,,"(286.20, 220.09)",,,,,"(21.47, 23.42)",,,,,"(197.64, 28.42)",,,,,,,,,,,,,,,"(299.27, 289.13)","(76.18, 33.83)",,,,,,,"(583.40, 63.53)",,,"(549.46, 18.42)",,,,,,,,,,,,,,,,,"(383.83, 45.40)",,,"(635.27, 23.78)",,,,,"(690.76, 23.26)","(648.31, 18.29)","(384.42, 446.46)","(429.34, 24.53)",,"(140.28, 25.10)"
697,,,,,,,"(391.31, 447.00)","(624.54, 29.91)",,,,,,,,,,,"(641.66, 49.56)","(267.22, 197.99)","(133.17, 46.83)","(564.91, 21.21)",,"(266.42, 21.61)","(159.30, 22.58)",,,,,"(286.20, 220.06)",,,,,"(23.29, 24.19)",,,,,"(197.82, 27.94)",,,,,,,,,,,,,,,"(299.28, 289.12)","(76.60, 30.89)",,,,,,,"(583.46, 63.39)",,,"(550.41, 18.39)",,,,,,,,,,,,,,,,,"(383.83, 45.40)",,,"(634.56, 23.77)",,,,,"(690.76, 23.14)","(648.09, 18.32)","(384.39, 446.44)","(429.23, 25.89)","(429.04, 19.74)","(140.71, 26.35)"
698,,,,,,,"(391.30, 446.98)","(624.57, 29.90)",,,,,,,,,,,"(643.17, 49.40)","(267.26, 197.99)","(133.78, 47.17)","(564.99, 21.17)",,"(265.83, 20.43)","(159.27, 22.56)",,,,,"(286.23, 220.07)",,,,,"(25.80, 24.90)",,,,,"(198.29, 27.61)",,,,,,,,,,,,,,,"(299.27, 289.12)","(76.87, 28.39)",,,,,,,"(583.43, 63.39)",,,"(551.33, 18.83)",,,,,,,,,,,,,,,,,"(383.84, 45.40)",,,"(634.16, 23.59)",,,,,"(690.65, 23.09)","(648.02, 18.32)","(384.39, 446.41)","(429.25, 26.16)","(428.19, 19.53)","(141.92, 27.12)"
699,,,,,,,"(391.26, 446.97)","(624.57, 29.96)",,,,,,,,,,,"(645.57, 48.69)","(267.24, 197.99)","(134.96, 46.69)","(564.85, 21.15)",,"(265.22, 20.20)","(159.23, 22.56)",,,,,"(286.20, 220.04)",,,,,"(28.31, 25.17)",,,,,"(198.48, 27.28)",,,,,,,,,,,,,,,"(299.27, 289.12)","(76.91, 26.33)",,,,,,,"(583.38, 63.43)",,,"(552.49, 19.14)",,,,,,,,,,,,,,,,,"(383.76, 45.38)",,,"(634.19, 23.62)",,,,,"(690.45, 22.90)","(647.92, 18.32)","(384.42, 446.39)","(429.55, 27.47)","(426.68, 18.92)","(143.27, 27.73)"
700,,,,,,,"(391.32, 447.07)","(624.63, 29.93)",,,,,,,,,,,"(646.45, 47.08)","(267.17, 198.00)","(135.53, 45.92)","(564.75, 20.75)",,"(264.49, 20.04)","(159.20, 22.55)",,,,,"(286.23, 220.04)",,,,,"(31.42, 25.45)",,,,,"(198.64, 27.07)",,,,,,,,,,,,,,,"(299.84, 290.15)","(76.73, 24.51)",,,,,,,"(583.37, 63.41)",,,"(553.45, 19.50)",,,,,,,,,,,,,,,,,"(383.68, 45.35)",,,"(632.74, 24.29)",,,,,"(690.18, 22.58)","(647.67, 18.36)","(384.51, 446.37)","(429.37, 27.83)","(425.77, 18.93)","(144.30, 28.39)"
701,,,,,,,"(391.38, 447.10)","(624.59, 30.14)",,,,,,,,,,,"(647.54, 45.25)","(267.16, 197.97)","(136.84, 45.09)","(564.44, 20.68)",,"(264.50, 20.04)","(159.19, 22.54)",,,,,"(286.22, 220.04)",,,,,"(33.94, 25.62)",,,,,"(198.73, 27.15)",,,,,,,,,,,,,,,"(301.06, 289.10)","(76.66, 22.91)",,,,,,,"(583.31, 63.34)",,,"(555.12, 19.88)",,,,,,,,,,,,,,,,,"(383.62, 45.36)",,,"(632.60, 24.31)",,,,,"(689.98, 22.40)","(647.51, 18.43)","(384.57, 446.34)","(428.76, 27.88)","(424.82, 19.05)","(145.52, 29.00)"
702,,,,,"(171.36, 6.13)",,"(391.37, 447.08)","(624.36, 29.98)",,,,,,,,"(200.42, 2.28)",,,"(648.45, 42.99)","(267.15, 197.95)","(138.00, 43.39)","(564.32, 20.90)",,"(264.40, 19.95)","(159.15, 22.56)",,,,,"(286.22, 220.01)",,,,,"(36.85, 26.04)",,,,,"(198.45, 27.65)",,,,,,,,,,,,,,,"(301.98, 288.29)","(76.52, 23.02)",,,,,,,"(583.42, 63.32)",,,"(555.68, 20.27)",,,,,,,,,,,,,,,,,"(383.58, 45.34)",,,"(632.48, 24.15)",,,,,"(689.51, 21.98)","(647.44, 18.50)","(384.54, 446.37)","(427.99, 28.29)","(423.53, 19.29)","(146.95, 30.35)"
703,,,,,"(169.78, 6.82)",,"(391.32, 447.07)","(624.46, 29.82)",,,,,,,,,,,"(649.17, 40.29)","(267.16, 197.95)","(139.27, 41.11)","(564.26, 21.07)",,"(264.10, 19.61)","(159.21, 22.72)",,,,,"(286.21, 220.01)",,,,,"(39.88, 25.92)",,,,,"(198.10, 27.81)",,,,,,,,,,,,,,,"(303.29, 287.47)","(76.29, 22.70)",,,,,,,"(583.41, 63.38)",,,"(555.79, 20.75)",,,,,,,,,,,,,,,,,"(383.64, 45.34)",,,"(632.33, 24.07)",,,,,"(689.12, 21.29)","(647.40, 18.54)","(384.55, 446.39)","(427.48, 28.67)","(422.39, 19.31)","(146.85, 30.72)"
704,,,,,"(168.88, 7.85)",,"(391.33, 447.08)","(624.47, 29.70)",,,,,,,,"(200.19, 2.17)",,,"(650.06, 36.92)","(267.12, 197.91)","(140.18, 39.17)","(564.68, 20.99)",,"(263.79, 19.14)","(159.02, 22.91)",,,,,"(286.20, 220.02)",,,,,"(43.06, 25.94)",,,,,"(197.89, 28.24)",,,,,,,,,,,,,,,"(304.44, 286.16)","(75.96, 22.70)",,,,,,,"(583.26, 63.37)",,,"(555.93, 20.75)",,,,,,,,,,,,,,,,,"(383.69, 45.36)",,,"(632.41, 24.30)",,,,,"(688.83, 20.65)","(647.63, 18.57)","(384.48, 446.39)","(426.40, 28.98)","(421.22, 19.99)","(150.32, 30.26)"
705,,,,,"(166.62, 9.84)",,"(391.29, 447.08)","(624.82, 29.07)",,,,,,,,"(200.15, 2.41)",,,"(651.92, 34.63)","(267.11, 197.90)","(141.20, 37.22)","(564.66, 20.93)",,"(263.59, 18.84)","(159.18, 22.82)",,,,,"(286.19, 220.05)",,,,,"(45.64, 25.88)",,,,,"(197.22, 29.45)",,,,,,,,,,"(317.56, 15.52)",,,,,"(305.43, 284.91)","(75.81, 22.61)",,,,,,,"(583.14, 63.12)",,,"(555.91, 20.75)",,,,,,,,,,,,,,,,,"(383.80, 45.33)",,,"(631.78, 24.00)",,,,,"(688.88, 20.61)","(647.66, 18.65)","(384.49, 446.39)","(424.53, 28.99)","(419.33, 20.97)","(151.88, 31.00)"
706,,,,,,,"(391.30, 447.07)","(625.12, 27.92)",,,,,,,,,,,"(652.27, 31.66)","(267.11, 197.91)","(142.13, 35.11)","(564.68, 20.95)",,"(262.95, 19.37)","(159.23, 22.81)",,,,,"(286.20, 220.09)",,,,,"(48.54, 25.99)",,,,,"(196.80, 30.94)",,,,,,,,,,"(317.99, 16.86)",,,,,"(306.75, 282.91)","(75.36, 21.86)",,,,,,,"(583.08, 63.28)",,,"(555.72, 21.13)",,,,,,,,,,,,,,,,,"(383.85, 45.42)",,,"(631.65, 24.43)",,,,,"(688.35, 20.93)","(648.09, 18.97)","(384.47, 446.44)","(422.78, 30.10)","(419.34, 22.22)","(153.39, 31.32)"
707,,,,,,,"(391.25, 447.09)","(624.98, 26.15)",,,,,,,,"(200.44, 2.18)",,,"(653.39, 28.52)","(267.13, 197.94)","(143.22, 33.65)","(564.50, 21.02)",,"(262.13, 19.36)","(159.29, 22.63)",,,,,"(286.20, 220.10)",,,,,"(51.43, 25.99)",,,,,"(196.41, 32.14)",,,,,,,,,,"(319.11, 17.79)",,,,,"(307.61, 281.03)","(75.48, 21.54)",,,,,,,"(583.09, 63.05)",,,"(555.70, 21.45)",,,,,,,,,,,,,,,,,"(383.86, 45.41)",,,,,,,,"(687.90, 21.22)","(646.96, 19.05)","(384.48, 446.43)","(421.32, 30.99)","(419.79, 23.01)","(155.11, 31.70)"
708,,,,,,,"(391.25, 447.11)","(625.03, 24.83)",,,,,,,,,,,"(653.52, 27.21)","(267.16, 197.95)","(144.14, 32.60)","(564.36, 21.40)",,"(261.60, 19.45)","(159.33, 22.63)",,,,,"(286.14, 220.10)",,,,,"(53.62, 25.73)",,,,,"(195.46, 33.45)",,,,,,,,,,"(319.68, 17.97)",,,,,"(307.97, 279.49)",,,,,,,,"(582.94, 63.71)",,,"(556.09, 21.65)",,,,,,,,,,,,,,,,,"(383.93, 45.46)",,,,,,,,"(687.47, 21.49)","(647.05, 19.22)","(384.45, 446.47)","(419.73, 31.97)","(419.66, 22.97)","(157.71, 31.89)"
709,,,,,,,"(391.24, 447.09)","(625.30, 23.19)",,,,,,,,,,,"(653.28, 28.23)","(267.17, 197.94)","(145.69, 31.06)","(564.15, 21.78)",,"(260.95, 19.70)","(159.35, 22.62)",,,,,"(286.12, 220.05)",,,,,"(55.53, 25.59)",,,,,"(194.73, 34.37)",,,,,,,,,,"(320.01, 18.36)",,,,,"(308.62, 277.59)",,,,,,,,"(582.89, 63.91)",,,"(556.46, 21.76)",,,,,,,,,,,,,,,,,"(383.93, 45.42)",,,"(632.64, 22.19)",,,,,"(686.87, 21.61)","(647.09, 19.46)","(384.46, 446.45)","(417.56, 32.76)","(419.69, 23.09)","(159.77, 31.80)"
710,,,,,,,"(391.24, 447.12)","(625.31, 23.19)",,,,,,,,,,,"(653.34, 28.72)","(267.15, 197.94)","(148.29, 29.66)","(563.92, 21.88)",,"(260.34, 19.71)","(159.35, 22.47)",,,,,"(286.13, 220.06)",,,,,"(57.56, 25.03)",,,,,"(194.33, 35.19)",,,,,,,,,,"(320.00, 18.37)",,,,,"(308.78, 275.51)","(72.84, 19.32)",,,,,,,,,,"(556.57, 22.28)",,,,,,,,,,,,,,,,,"(383.92, 45.37)",,,"(632.62, 21.80)",,,,,"(685.83, 21.77)","(647.12, 19.44)","(384.42, 446.41)","(415.27, 33.66)","(419.74, 23.07)","(161.65, 31.88)"
711,,,,,,,"(391.26, 447.10)","(624.92, 23.15)",,,,,,,,,,,"(654.26, 28.98)","(267.15, 197.96)","(150.96, 28.91)","(563.74, 22.08)",,"(259.53, 19.39)","(159.22, 22.18)",,,,,"(286.11, 220.08)",,,,,"(59.63, 24.54)",,,,,"(193.19, 35.70)",,,,,,,,,,"(319.89, 18.42)",,,,,"(308.88, 273.30)","(71.98, 19.08)",,,,,,,"(582.84, 63.54)",,,"(556.79, 22.90)",,,,,,,,,,,,,,,,,"(383.93, 45.36)",,,,,,,,"(685.11, 21.99)","(646.78, 19.33)","(384.44, 446.43)","(412.67, 34.84)","(420.06, 23.53)","(163.79, 31.83)"
712,,,,,,,"(391.25, 447.03)","(625.45, 23.31)",,,,,,,,,,,"(655.72, 28.85)","(267.18, 197.96)","(153.32, 27.79)","(563.67, 22.21)",,"(258.98, 19.26)","(159.14, 20.85)",,,,,"(286.11, 220.05)",,,,,"(61.54, 23.81)",,,,,"(191.34, 36.45)",,,,,,,,,,"(320.08, 18.23)",,,,,"(308.91, 270.96)","(71.38, 18.59)",,,,,,,"(582.85, 62.98)",,,"(556.85, 22.95)",,,,,,,,,,,,,,,,,"(383.96, 45.30)",,,,,,,,"(684.25, 21.80)","(647.29, 19.10)","(384.43, 446.45)","(410.13, 34.61)","(420.03, 23.95)","(166.27, 32.17)"
713,,,,,,,"(391.25, 447.02)","(625.61, 23.25)",,,,,,,,"(200.53, 2.15)",,,"(656.72, 28.48)","(267.19, 197.96)","(156.19, 26.56)","(563.22, 23.32)",,"(258.55, 19.15)","(158.95, 16.86)",,,,,"(286.10, 220.10)",,,,,"(63.69, 23.05)",,,,,"(190.24, 37.05)",,,,,,,,,,"(320.47, 17.99)",,,,,"(308.28, 268.27)",,,,,,,,"(582.64, 63.46)",,,"(556.81, 23.50)",,,,,,,,,,,,,,,,,"(383.97, 45.34)",,,,,,,,"(683.70, 21.73)","(647.35, 18.94)","(384.36, 446.44)","(407.10, 35.10)","(420.07, 23.93)","(167.99, 31.29)"
714,,,,,,,"(391.25, 447.01)","(626.27, 22.90)",,,,,"(68.29, 71.95)",,,"(200.76, 2.12)",,,"(658.23, 27.78)","(267.23, 197.95)","(158.54, 24.70)","(562.54, 23.89)",,"(258.02, 19.05)","(158.18, 17.14)",,,,,"(286.13, 220.11)",,,,,"(64.79, 22.46)",,,,,"(188.77, 37.62)",,,,,,,,,,"(320.73, 17.59)",,,,,"(307.67, 265.96)",,,,,,,,"(582.83, 63.35)",,,"(556.52, 23.15)",,,,,,,,,,,,,,,,,"(383.97, 45.37)",,,,,,,,"(682.73, 22.01)","(647.29, 19.04)","(384.39, 446.46)","(404.10, 34.92)","(419.88, 23.91)","(169.81, 29.89)"
715,,,,,,,"(391.27, 447.02)","(627.27, 22.68)",,,,,"(68.43, 71.41)",,,,,,"(660.33, 27.11)","(267.19, 197.95)","(159.58, 24.72)","(562.27, 25.04)",,"(257.51, 18.98)","(158.53, 17.44)",,,,,"(286.13, 220.08)",,,,,"(66.35, 21.95)",,,,,"(187.28, 37.07)",,,,,,,,,,"(321.05, 17.72)",,,,,"(306.72, 264.71)",,,,,,,,"(582.97, 63.41)",,,"(556.64, 17.82)",,,,,,,,,,,,,,,,,"(383.90, 45.42)",,,"(687.52, 19.67)",,,,,"(681.69, 22.36)","(647.03, 19.28)","(384.38, 446.47)","(401.65, 34.92)","(419.44, 24.02)","(171.34, 29.33)"
716,,,,,,,"(391.26, 447.03)","(628.15, 22.43)",,,,,"(67.42, 70.40)",,,,,,"(662.82, 26.45)","(267.17, 197.92)","(160.57, 25.06)","(561.96, 25.64)",,"(257.15, 18.74)","(158.57, 17.97)",,,,,"(286.17, 220.00)",,,,,"(67.61, 21.61)",,,,,"(186.15, 36.20)",,,,,,,,,,"(321.05, 17.65)",,,,,"(306.35, 262.27)",,,,,,,,"(582.95, 63.47)",,,"(555.90, 21.65)",,,,,,,,,,,,,,,,,"(383.91, 45.45)",,,"(688.80, 20.24)",,,,,"(681.69, 22.46)","(647.04, 19.17)","(384.38, 446.47)","(399.70, 34.71)","(419.48, 24.01)","(173.52, 27.85)"
717,,,,,,,"(391.29, 447.04)","(628.14, 22.23)",,,,,"(65.03, 67.65)",,,,,,"(665.80, 25.71)","(267.15, 197.93)","(160.92, 25.23)","(561.93, 26.79)",,"(257.07, 18.86)","(158.20, 17.75)",,,,,"(286.16, 219.98)",,,,,"(69.01, 21.23)",,,,,"(184.97, 34.66)",,,,,,,,,,"(320.86, 17.51)",,,,,"(306.31, 260.41)",,,,,,,,"(583.09, 63.85)",,,"(556.26, 21.74)",,,,,,,,,,,,,,,,,"(383.89, 45.41)",,,"(689.61, 20.11)",,,,,"(678.89, 23.77)","(647.38, 19.12)","(384.41, 446.45)","(398.38, 34.19)","(419.59, 24.38)","(175.49, 26.36)"
718,,,,,,,"(391.31, 447.05)","(628.15, 21.91)",,,,,"(63.83, 65.40)",,,"(200.94, 2.08)",,,"(667.16, 25.24)","(267.14, 197.94)","(161.95, 25.98)","(560.56, 28.67)",,"(257.09, 18.87)","(158.04, 18.01)",,,,,"(286.15, 220.02)",,,,,"(69.53, 21.35)",,,,,"(184.16, 33.88)",,,,,,,,,,"(320.76, 17.55)",,,,,"(306.24, 259.05)",,,,,,,,"(582.94, 62.88)",,,"(556.71, 21.83)",,,,,"(553.57, 9.39)",,,,,,,,,,,,"(383.86, 45.41)",,,"(689.17, 20.34)",,,,,"(678.13, 23.88)","(647.46, 19.13)","(384.41, 446.45)","(396.42, 33.79)","(419.53, 24.99)","(177.15, 24.78)"
719,,,,,,,"(391.26, 447.04)","(628.09, 21.53)",,,,,"(62.75, 62.38)",,,"(200.73, 2.08)",,,"(670.35, 25.21)","(267.13, 197.94)","(162.83, 26.82)","(559.38, 29.87)",,"(257.13, 18.86)","(157.91, 17.78)",,,,,"(286.10, 220.05)",,,,,"(69.42, 21.39)",,,,,"(183.55, 33.48)",,,,,,,,,,"(320.82, 17.61)",,,,,"(306.20, 256.67)",,,,,,,,"(582.89, 63.66)",,,"(556.58, 21.91)",,,,,,,,,,,,,,,,,"(383.79, 45.38)",,,"(688.77, 20.59)",,,,,,"(647.29, 19.14)","(384.43, 446.46)","(394.14, 33.31)","(419.29, 25.91)","(178.98, 23.53)"
720,,,,,,,"(391.30, 447.06)","(628.14, 21.59)",,,,,"(61.33, 60.45)",,,"(200.64, 2.19)",,,"(672.78, 24.71)","(267.10, 197.92)","(163.43, 27.74)","(557.62, 30.69)",,"(256.61, 18.94)","(158.10, 17.74)",,,,,"(286.12, 220.17)",,,,,"(69.67, 21.42)",,,,,"(183.41, 33.45)",,,,,,,,,,"(320.41, 17.58)",,,,,"(305.91, 254.96)",,,,,,,,,,,"(556.55, 21.88)",,,,,,,,,"(431.61, 11.21)",,,,,,,,"(383.86, 45.44)",,,"(689.05, 20.47)",,,,,,"(647.32, 19.22)","(384.46, 446.48)","(391.94, 32.83)","(419.31, 27.39)","(180.51, 21.97)"
721,,,,,,,"(391.25, 447.08)","(628.01, 21.44)","(416.85, 78.99)",,,,"(60.51, 58.59)",,,"(200.71, 2.12)",,,"(672.89, 24.69)","(267.12, 197.92)","(165.09, 28.23)","(556.71, 31.51)",,"(256.28, 18.72)","(157.93, 17.27)",,,,,"(286.08, 220.17)",,,,,"(69.87, 21.57)",,,,,"(182.26, 33.68)",,,,,,,,,,"(320.12, 17.72)",,,,,"(305.61, 253.12)",,,,,,,,"(583.02, 63.05)",,,"(556.51, 21.89)",,,,,,,,,"(431.55, 10.97)",,,,,,,,"(383.84, 45.31)",,,"(689.17, 20.45)",,,,,"(690.58, 55.87)","(647.17, 19.16)","(384.48, 446.47)","(390.08, 32.27)","(419.14, 28.41)","(182.32, 19.54)"
722,,,,,"(159.75, 23.94)",,"(391.24, 447.09)","(629.27, 21.76)","(416.72, 78.96)",,,,"(59.39, 55.96)",,,"(200.49, 2.15)",,,"(672.59, 24.16)","(267.15, 197.92)","(167.78, 28.80)","(555.54, 32.73)",,"(255.75, 18.53)","(157.94, 17.15)",,,,,"(286.09, 220.17)",,,,,"(70.72, 22.24)",,,,,"(180.87, 34.21)",,,,,,,,,,"(320.07, 17.91)",,,,,"(305.67, 251.19)",,,,,,,,,,,"(556.47, 21.89)",,,,,,,,,"(431.67, 10.86)",,,,,,,,"(383.84, 45.18)",,,"(689.15, 20.50)",,,,,"(690.82, 54.71)","(646.82, 19.04)","(384.46, 446.49)","(389.10, 32.81)","(418.82, 29.30)","(182.78, 19.45)"
723,,,,,"(159.51, 23.67)",,"(391.19, 447.07)","(629.63, 22.17)",,,,,"(57.56, 53.56)",,,,,,"(671.55, 23.51)","(267.16, 197.93)","(170.14, 28.60)","(554.49, 33.63)",,"(255.84, 18.68)","(158.00, 17.07)",,,,,"(286.16, 220.18)",,,,,"(71.21, 22.63)",,,,,"(179.23, 35.21)",,,,,,,,,,"(319.43, 18.30)",,,,,"(305.58, 248.27)",,,,,,,,,,,"(556.45, 21.90)",,,,,,,,,"(431.83, 10.75)",,,,,,,,"(383.91, 45.15)",,,"(689.25, 20.62)",,,,,"(690.67, 52.74)","(646.81, 18.89)","(384.43, 446.50)","(387.40, 33.26)","(418.38, 30.06)","(182.91, 19.93)"
724,,,,,"(159.41, 23.31)",,"(391.23, 447.06)","(628.35, 22.69)",,,,,"(56.17, 51.57)",,,"(200.66, 2.10)",,,"(669.56, 22.82)","(267.12, 197.94)",,"(553.06, 34.90)",,"(255.44, 18.74)","(157.35, 16.98)",,,,,"(286.18, 220.16)",,,,,"(71.98, 23.10)",,,,,"(177.31, 35.60)",,,,,,,,,,"(317.72, 17.92)",,,,,"(305.80, 245.32)",,,,,,,,,,,"(556.47, 21.60)",,,,,,,,,"(432.23, 10.80)",,,,,,,,"(384.03, 45.12)",,,"(689.30, 20.61)",,,,,"(691.01, 49.87)","(646.78, 19.10)","(384.42, 446.46)","(385.62, 33.94)","(418.10, 30.39)","(183.76, 20.65)"
725,,,,,"(159.38, 23.45)",,"(391.24, 447.05)","(627.66, 23.58)",,,,,"(53.91, 49.82)",,,"(200.74, 2.10)",,,"(667.00, 22.42)","(267.14, 197.91)",,"(551.42, 35.79)",,"(255.15, 18.78)","(156.43, 16.90)",,,,,"(286.20, 220.15)",,,,,"(72.58, 23.58)",,,,,"(176.04, 36.08)",,,,,,,,,,"(316.88, 17.79)",,,,,"(305.97, 243.01)",,,,,,,,,,,"(556.73, 21.09)",,,,"(678.81, 24.84)",,,,,,,,,,,,,"(383.96, 45.17)",,,"(689.57, 20.38)",,,,,"(691.07, 46.97)","(646.88, 19.27)","(384.40, 446.46)","(384.24, 34.41)","(417.51, 30.96)","(185.18, 20.61)"
726,,,,,"(159.21, 22.94)",,"(391.24, 447.06)","(626.76, 24.25)",,,,,"(51.70, 48.55)",,,,,,"(665.93, 21.80)","(267.17, 197.91)",,"(549.82, 36.60)",,"(254.73, 18.77)","(155.21, 17.12)",,,,,"(286.19, 220.18)",,,,,"(73.62, 24.22)",,,,,"(174.31, 36.92)",,,,,,,,,,"(316.30, 17.36)",,,,,"(306.11, 240.61)",,,,,,,,"(582.99, 64.10)",,,"(557.09, 20.62)",,,,"(680.66, 23.46)","(636.78, 18.04)",,,,,,,,,,,,"(383.89, 45.25)",,,"(689.89, 20.33)",,,,,"(690.76, 44.47)","(646.90, 19.10)","(384.38, 446.46)","(382.80, 34.87)","(417.25, 31.29)","(185.77, 21.07)"
727,,,,,"(159.19, 22.80)",,"(391.25, 447.06)","(625.72, 25.34)",,,,,"(49.37, 47.56)",,,,,,"(664.07, 20.37)","(267.18, 197.94)","(181.12, 25.38)","(548.64, 37.05)",,"(254.72, 18.77)","(153.98, 17.35)",,,,,"(286.20, 220.19)",,,,,"(74.63, 24.89)",,,,,"(172.32, 37.99)",,,,,,,,,,"(315.62, 16.58)",,,,,"(306.10, 237.89)",,,,,,,,"(583.05, 64.04)",,,"(557.86, 19.67)",,,,"(681.67, 23.08)","(637.09, 17.91)",,,,,,,,,,,,"(383.93, 45.32)",,,"(689.23, 20.39)",,,,,"(690.76, 41.59)","(646.88, 19.06)","(384.40, 446.50)","(381.70, 35.29)","(416.97, 31.81)","(188.86, 19.94)"
728,,,,,"(159.21, 22.58)",,"(391.23, 447.07)","(625.74, 27.65)",,,,,"(47.06, 46.12)",,,,,,"(663.05, 19.51)","(267.18, 197.94)","(184.03, 24.21)","(547.46, 37.29)",,"(254.60, 18.51)","(152.74, 16.73)",,,,,"(286.32, 220.23)",,,,,"(75.31, 25.36)",,,,,"(170.52, 38.84)",,,,,,,,,,"(314.79, 15.57)",,,,,"(305.88, 235.16)",,,,,,,,,,,"(558.06, 19.54)",,,,"(681.82, 23.88)","(637.24, 17.92)",,,,,,,,,,,,"(383.91, 45.29)",,,"(689.25, 20.34)",,,,,"(690.04, 38.94)",,"(384.34, 446.49)","(380.53, 35.24)","(416.99, 31.81)",
729,,,,,"(159.13, 22.35)",,"(391.26, 447.10)","(625.48, 29.25)",,,,,"(44.66, 44.93)",,,,,,"(662.04, 18.52)","(267.13, 197.92)","(185.14, 23.94)","(546.90, 37.29)",,"(254.62, 18.51)","(152.73, 16.86)",,,,,"(286.42, 220.05)",,,,,"(76.00, 25.91)",,,,,"(167.97, 39.60)",,,,,,,,,,"(315.14, 13.39)",,,,,"(305.90, 233.12)",,,,,,,,,,,"(558.45, 19.42)",,,,"(681.86, 23.84)","(637.74, 17.56)",,,,,,,,,,,,"(383.90, 45.37)",,,"(689.42, 20.40)",,,,,"(689.85, 36.12)",,"(384.35, 446.47)","(379.28, 35.41)","(416.99, 31.82)","(190.47, 20.73)"
730,,,,,"(159.31, 22.35)",,"(391.25, 447.12)","(625.40, 29.78)",,,,,"(42.32, 43.63)",,,,,,"(661.67, 17.94)","(267.12, 197.93)","(185.35, 24.47)","(546.49, 37.06)",,"(254.61, 18.45)","(153.66, 16.81)",,,,,"(286.45, 220.04)",,,,,"(76.37, 26.26)",,,,,"(165.90, 40.24)",,,,,,,,,,,,,,,"(306.22, 231.23)",,,,,,,,,,,"(559.06, 19.56)",,,,"(681.94, 22.98)","(637.97, 17.56)",,,,,,,,,,,,"(383.87, 45.34)",,,"(689.53, 20.51)",,,,,"(689.58, 33.41)",,"(384.38, 446.45)","(378.29, 35.40)","(416.87, 31.85)",
731,,,,,"(159.00, 22.36)",,"(391.27, 447.07)","(625.49, 30.81)",,,,,"(40.20, 42.52)",,,,,,"(661.90, 18.29)","(267.16, 197.92)","(186.04, 24.84)","(546.50, 37.07)",,"(254.80, 18.39)","(153.55, 16.88)",,,,,"(286.43, 220.10)",,,,,,,,,,"(163.46, 40.90)",,,,,,,,,,,,,,,"(306.29, 229.32)",,,,,,,,,,,"(559.82, 20.03)",,,,"(681.99, 23.19)","(638.71, 18.17)",,,,,,,,,,,,"(383.87, 45.32)",,,"(688.96, 21.10)",,,,,"(689.23, 30.82)",,"(384.39, 446.47)","(377.55, 35.72)","(417.22, 31.91)","(194.13, 20.02)"
732,,,,,"(159.54, 22.41)",,"(391.38, 447.08)","(625.57, 31.23)",,,,,"(38.38, 41.03)",,,,,,"(661.92, 18.45)","(267.17, 197.94)","(186.25, 26.18)","(546.52, 37.03)",,"(254.86, 17.93)","(152.35, 16.79)",,,,,"(286.41, 220.21)",,,,,"(76.58, 26.67)",,,,,"(161.23, 41.95)",,,,,,,,,,,,,,,"(306.28, 227.03)",,,,,,,,,,,"(560.35, 20.18)",,,,"(681.50, 22.58)",,,,,,,,,,,,,"(384.12, 45.44)",,,,,,,,"(689.02, 28.65)",,"(384.40, 446.47)","(377.26, 35.53)","(417.83, 31.86)","(194.48, 20.22)"
733,,,,,"(159.08, 22.31)",,"(391.39, 447.08)","(625.67, 31.53)",,,,,"(36.27, 39.96)",,,,,,"(661.60, 18.57)","(267.17, 197.95)","(187.34, 26.34)","(546.51, 37.01)",,"(254.97, 17.59)","(151.78, 16.93)",,,,,"(286.45, 220.27)",,,,,"(76.40, 27.24)",,,,,"(159.31, 42.96)",,,,,,,,,,,,,,,"(306.34, 224.92)",,,,,,,,,,,"(561.40, 20.38)",,,,,,,,,,,,,,,,,"(384.14, 45.45)",,,,,,,,"(689.76, 27.59)",,"(384.36, 446.48)","(376.77, 35.63)","(419.09, 32.44)","(195.19, 20.51)"
734,,,,,"(159.25, 22.29)",,"(391.35, 447.08)","(625.41, 31.91)",,,,,"(34.47, 39.11)",,,,,,"(661.44, 18.67)","(267.18, 197.94)","(188.22, 26.05)","(546.78, 36.88)",,"(255.23, 17.39)","(151.10, 17.10)",,,,,"(286.47, 220.35)",,,,,"(75.64, 27.18)",,,,,"(156.85, 44.05)",,,,,,,,,,,,,,,"(306.32, 222.78)",,,,,,,,,,,"(562.14, 20.94)",,,,"(681.39, 23.20)","(640.06, 19.74)",,,,,,,,,,,,"(384.11, 45.41)",,,,,,,,,,"(384.33, 446.47)","(376.61, 35.60)","(420.00, 33.43)","(195.84, 20.55)"
735,,,,,"(159.47, 22.16)",,"(391.35, 447.08)","(625.47, 31.80)",,,,,"(32.49, 38.39)",,,,,,"(660.87, 18.70)","(267.18, 197.93)","(189.16, 25.84)","(547.02, 36.73)",,"(255.51, 17.25)","(150.08, 17.33)",,,,,"(286.50, 220.28)",,,,,"(74.49, 26.88)",,,,,"(154.09, 44.92)",,,,,,,,,,,,,,,"(306.47, 220.38)",,,,,,,,,,,"(562.74, 21.03)",,,,"(681.50, 23.40)","(640.06, 19.75)",,,,,,,,,,,,"(384.11, 45.39)",,,,,,,,"(689.66, 22.91)","(649.48, 19.10)","(384.34, 446.50)","(376.77, 35.78)","(421.07, 34.59)","(196.22, 20.57)"
736,,,,,"(159.78, 21.91)",,"(391.38, 447.08)","(625.33, 31.24)",,,,,"(30.70, 38.44)",,,,,,"(660.15, 18.43)","(267.20, 197.90)","(191.03, 25.51)","(547.09, 36.73)",,"(255.93, 16.88)","(149.76, 17.39)",,,,,"(286.50, 220.17)",,,,,"(73.22, 26.49)",,,,,"(151.97, 45.65)",,,,,,,,,,,,,,,"(306.26, 218.23)",,,,,,,,,,,"(563.24, 21.46)",,,,"(680.80, 24.24)","(639.88, 19.73)",,,,,,,,,,,,"(384.08, 45.43)",,,,,,,,,"(649.73, 19.05)","(384.35, 446.50)","(377.09, 35.33)","(422.13, 35.65)","(196.66, 20.89)"
737,,,,,"(160.27, 21.60)",,"(391.39, 447.06)","(626.03, 31.75)",,,,,"(29.44, 38.16)",,,,,,"(659.52, 18.18)","(267.22, 197.88)","(192.67, 25.08)","(547.10, 36.75)",,"(256.05, 16.21)","(147.65, 17.52)",,,,,"(286.50, 220.13)",,,,,"(71.83, 26.17)",,,,,"(149.98, 46.03)",,,,,,,,,,"(321.08, 55.63)",,,,,"(306.11, 216.40)",,,,,,,,,,,"(563.61, 21.70)",,,,"(680.23, 24.92)","(641.10, 20.22)",,,,,,,,,,,,"(384.03, 45.46)",,,,,,,,"(689.63, 22.33)",,"(384.33, 446.47)","(377.84, 35.31)","(422.83, 36.83)","(197.50, 21.57)"
738,,,,,"(160.51, 21.55)",,"(391.40, 447.06)","(626.28, 32.65)",,,,,"(27.68, 38.11)",,,,,,"(659.08, 18.15)","(267.15, 197.85)","(195.71, 23.72)","(547.07, 36.76)",,"(256.66, 16.06)","(146.75, 17.61)",,,,,"(286.35, 220.10)",,,,,"(69.96, 25.63)",,,,,"(147.68, 46.12)",,,,,,,,,,"(321.34, 52.62)",,,,,"(306.21, 213.97)",,,,,,,,"(583.10, 64.45)",,,"(563.76, 21.77)",,,,"(680.17, 25.39)","(641.80, 20.45)",,,,,,,,,,,,"(384.00, 45.41)",,,,,,,,"(689.38, 22.44)",,"(384.29, 446.48)","(379.01, 34.77)","(423.66, 37.86)",
739,,,,,"(160.86, 21.47)",,"(391.40, 447.08)","(627.47, 33.74)",,,,,"(24.95, 38.14)",,,,,,"(658.54, 18.11)","(267.17, 197.87)","(196.36, 24.08)","(547.04, 36.76)",,"(257.14, 15.79)","(145.06, 17.82)",,,,,"(286.28, 220.12)",,,,,"(67.96, 25.12)",,,,,"(145.63, 46.37)",,,,,,,,,,"(321.26, 49.03)",,,,,"(306.20, 211.55)",,,,,,,,"(583.11, 64.15)",,,"(563.99, 21.84)",,,,"(680.37, 26.06)","(641.52, 21.15)",,,,,,,,,,,,"(384.12, 45.44)",,,,,,,,"(689.71, 21.91)",,"(384.30, 446.50)","(380.39, 34.64)","(424.17, 38.60)",
740,,,,,"(160.87, 21.45)",,"(391.41, 447.05)","(628.08, 34.19)",,,,,"(23.37, 37.74)",,,,,,,"(267.20, 197.88)","(197.15, 24.34)","(547.07, 36.76)",,"(257.43, 15.74)","(143.19, 17.86)",,,,,"(286.22, 220.17)",,,,,"(67.61, 25.40)",,,,,"(143.58, 46.48)",,,,,,,,,,"(321.02, 45.55)",,,,,"(306.47, 208.84)",,,,,,,,"(583.17, 64.34)",,,"(563.98, 21.95)",,,,"(681.20, 26.72)","(640.79, 21.78)",,,,,,,,,,,,"(384.08, 45.40)",,,,,,,,,,"(384.29, 446.50)","(382.12, 34.13)","(425.08, 39.67)",
741,,,,,"(160.80, 21.48)",,"(391.36, 447.07)","(628.69, 34.61)",,,,,"(21.26, 37.64)",,,,,,"(658.15, 17.97)","(267.20, 197.89)","(197.56, 24.61)","(547.01, 36.77)",,"(257.51, 15.73)","(141.49, 18.05)",,,,,"(286.24, 220.20)",,,,,"(65.81, 25.35)",,,,,"(141.59, 46.75)",,,,,,,,,,"(321.11, 41.93)",,,,,"(307.05, 206.69)",,,,,,,,"(583.06, 63.98)",,,"(563.97, 22.03)",,,,"(681.83, 26.49)","(640.62, 22.66)",,,,,,,,,,,,"(384.02, 45.29)",,,,,,,,"(689.28, 21.26)",,"(384.29, 446.48)","(384.61, 33.86)","(426.02, 40.82)",
742,,,,,"(160.77, 21.42)",,"(391.34, 447.07)","(629.07, 34.99)",,,,,"(19.82, 37.53)",,,,,,"(658.75, 17.97)","(267.15, 197.97)","(197.95, 24.35)","(546.98, 36.77)",,"(257.51, 15.69)","(140.96, 18.12)",,,,,"(286.18, 220.22)",,,,,"(63.92, 26.47)",,,,,"(139.83, 46.75)",,,,,,,,,,"(320.58, 38.78)",,,,,"(307.52, 203.70)",,,,,,,,"(583.13, 63.89)",,,"(563.99, 22.00)",,,,"(682.71, 26.36)","(640.78, 23.76)",,,,,,,,,,,,"(384.02, 45.28)",,,,,,,,"(688.02, 20.88)",,"(384.27, 446.47)","(386.25, 33.13)","(426.98, 41.51)",
743,,,,,"(160.87, 21.35)",,"(391.37, 447.09)","(629.92, 34.96)",,,,,"(18.58, 37.06)",,,,,,"(658.14, 18.08)","(267.14, 198.00)","(198.08, 24.60)","(546.98, 36.79)",,"(258.11, 15.66)","(140.86, 18.03)",,,,,"(286.18, 220.26)",,,,,"(60.89, 28.03)",,,,,"(138.11, 46.51)",,,,,,,,,,"(320.53, 35.71)",,,,,"(307.97, 200.96)",,,,,,,,"(583.19, 64.10)",,,"(563.91, 22.06)",,,,"(684.82, 25.64)","(640.50, 24.13)",,,,,,,,,,,,"(384.08, 45.19)",,,,,,,,,"(646.42, 38.30)","(384.32, 446.50)","(388.73, 32.24)","(428.50, 42.29)",
744,,,,,"(161.00, 21.31)",,"(391.44, 447.08)","(630.34, 34.99)",,,,,"(18.29, 36.78)",,,,,,"(657.61, 18.04)","(267.17, 197.94)","(198.33, 26.95)","(547.04, 36.83)",,"(259.13, 15.95)","(140.81, 18.03)",,,,,"(286.19, 220.27)",,,,,"(58.49, 29.31)",,,,,"(136.96, 46.56)",,,,,,,,,,"(320.23, 32.79)",,,,,"(308.20, 198.72)",,,,,,,,"(583.04, 64.17)",,,"(563.85, 22.06)",,,,"(686.17, 26.22)","(641.36, 24.94)",,,,,,,,,,,,"(384.10, 45.47)",,,,,,,,"(687.73, 21.03)",,"(384.34, 446.50)","(390.87, 31.50)","(429.62, 43.22)","(197.71, 22.23)"
745,,,,,"(160.96, 21.35)",,"(391.41, 447.10)","(630.98, 34.24)",,,,,,,,,,,"(657.35, 17.93)","(267.08, 197.93)","(198.06, 28.44)","(547.01, 36.86)",,"(259.56, 16.70)","(140.74, 18.05)",,,,,"(286.10, 220.25)",,,,,"(56.25, 30.21)",,,,,"(135.39, 46.73)",,,,,,,,,,"(319.84, 29.50)",,,,,"(308.46, 196.74)",,,,,,,,,,,"(563.81, 22.11)",,,,"(687.30, 25.98)","(642.27, 25.82)",,,,,,,,,,,,"(384.19, 45.71)",,,,,,,,"(688.02, 21.13)",,"(384.34, 446.49)","(393.56, 31.06)","(430.88, 44.15)","(197.91, 22.87)"
746,,,,,"(160.92, 21.35)",,"(391.41, 447.08)","(632.20, 32.55)",,,,,,,,,,,"(657.30, 17.75)","(267.08, 197.90)","(197.86, 29.58)","(547.02, 36.84)",,"(260.57, 17.41)","(140.24, 18.02)",,,,,"(286.06, 220.30)",,,,,"(53.47, 30.19)",,,,,"(134.14, 46.39)",,,,,,,,,,"(320.05, 26.88)",,,,,"(308.67, 194.83)",,,,,,,,"(583.04, 64.08)",,,"(563.77, 22.15)",,,,"(687.83, 23.71)","(643.33, 26.95)",,,,,,,,,,,,"(384.20, 45.91)",,,,,,,,,,"(384.34, 446.48)","(395.79, 30.89)","(431.77, 44.93)","(198.34, 23.02)"
747,,,,,"(160.92, 21.34)",,"(391.45, 447.05)","(633.27, 31.05)",,,,,,,,,,,"(657.25, 17.67)","(267.05, 197.92)","(197.94, 30.85)","(546.97, 36.81)",,"(261.44, 18.42)","(139.74, 17.54)",,,,,"(286.06, 220.32)",,,,,"(50.31, 29.30)",,,,,"(133.47, 46.06)",,,,,,,,,,"(319.89, 24.89)",,,,,"(308.84, 192.73)",,,,,,,,,,,"(563.72, 22.17)",,,,"(687.67, 23.99)","(644.55, 27.66)",,,,,,,,,,,,"(384.29, 45.95)",,,,,,,,,,"(384.36, 446.42)","(398.39, 31.08)","(432.78, 46.06)","(198.62, 23.34)"
748,,,,,"(160.88, 21.33)",,"(391.46, 447.04)","(633.89, 29.83)",,,,,,,,,,,"(657.49, 17.70)","(267.11, 197.94)","(197.72, 31.95)","(546.96, 36.81)",,"(262.24, 18.86)","(138.90, 17.57)",,,,,"(286.10, 220.28)",,,,,"(48.47, 28.07)",,,,,"(133.12, 45.70)",,,,,,,,,,"(319.91, 24.33)",,,,,"(308.97, 190.20)",,,,,,,,,,,"(563.72, 22.16)",,,,"(687.63, 24.49)","(645.20, 28.96)",,,,,,,,,,,,"(384.48, 46.04)",,,,,,,,,,"(384.36, 446.43)","(400.56, 30.41)","(433.76, 47.12)","(198.83, 23.00)"
749,,,,,"(160.82, 21.36)",,"(391.42, 447.07)","(635.96, 28.28)",,,,,,,,,,,"(657.52, 17.67)","(267.09, 197.96)","(197.47, 32.43)","(546.99, 36.80)",,"(263.04, 18.89)","(138.44, 17.61)",,,,,"(286.06, 220.27)",,,,,"(45.82, 26.97)",,,,,"(132.52, 45.09)",,,,,,,,,,"(319.96, 24.29)",,,,,"(308.84, 187.87)",,,,,,,,,,,"(563.69, 22.17)",,,,"(687.49, 25.67)","(646.79, 29.00)",,,,,,,,,,,,"(384.52, 46.05)",,,,,,,,,,"(384.33, 446.42)","(402.64, 29.48)","(434.46, 47.93)","(198.92, 22.67)"
750,,,,,"(160.82, 21.35)",,"(391.44, 447.08)","(637.12, 27.17)",,,,,,,,,,,"(657.42, 17.56)","(267.08, 197.95)","(197.45, 32.90)","(546.92, 36.83)",,"(263.92, 19.50)","(138.49, 17.53)",,,,,"(286.08, 220.25)",,,,,"(42.96, 25.92)",,,,,"(132.42, 44.50)",,,,,,,,,,"(320.02, 23.77)",,,,,"(309.17, 184.61)",,,,,,,,,,,"(563.68, 22.19)",,,,"(686.73, 28.09)","(648.35, 29.02)",,,,,,,,,,,,"(384.72, 46.17)",,,,,,,,"(688.88, 23.91)",,"(384.32, 446.42)","(404.63, 28.45)","(435.23, 48.99)","(198.93, 21.94)"
751,,,,,"(160.82, 21.34)",,"(391.37, 447.07)","(637.92, 25.99)",,,,,,,,,,,"(657.45, 17.53)","(267.08, 197.97)","(197.16, 33.29)","(546.89, 36.83)",,"(264.47, 20.07)","(138.50, 17.53)",,,,,"(286.11, 220.28)",,,,,"(40.93, 26.34)",,,,,"(132.48, 44.07)",,,,,,,,,,"(320.16, 23.18)",,,,,"(309.19, 182.02)",,,,,,,,,,,"(563.69, 22.21)",,,,"(686.74, 30.07)","(649.35, 29.85)",,,,,,,,,,,,"(384.73, 46.25)",,,,,,,,"(688.93, 23.91)",,"(384.32, 446.42)","(405.97, 26.85)","(436.03, 50.02)","(198.40, 21.27)"
752,,,,,"(160.79, 21.38)",,"(391.41, 447.04)","(640.16, 24.62)",,,,,,,,,,,"(657.38, 17.40)","(267.07, 197.99)","(196.48, 33.58)","(546.86, 36.82)",,"(264.94, 20.22)","(138.46, 17.55)",,,,,"(286.14, 220.29)",,,,,"(38.31, 27.68)",,,,,"(132.76, 43.81)",,,,,,,,,,"(320.09, 22.23)",,,,,"(309.39, 179.57)",,,,,,,,"(582.95, 62.92)",,,"(563.64, 22.30)",,,,"(686.91, 32.45)","(650.22, 30.63)",,,,,,,,,,,,"(384.77, 46.24)",,,,,,,,"(688.34, 24.20)",,"(384.32, 446.39)","(407.39, 25.14)","(437.01, 51.44)","(197.78, 20.56)"
753,,,,,"(160.74, 21.38)",,"(391.43, 447.02)","(640.67, 24.24)",,,,,,,,,,,"(657.42, 17.48)","(267.10, 197.99)","(195.62, 34.01)","(546.83, 36.89)",,"(265.53, 20.17)","(138.42, 17.61)",,,,,"(286.15, 220.27)",,,,,"(36.30, 29.02)",,,,,"(133.27, 43.10)",,,,,,,,,,"(320.20, 21.14)",,,,,"(309.52, 177.18)",,,,,,,,"(583.04, 63.93)",,,"(563.61, 22.41)",,,,"(687.24, 34.47)","(650.78, 30.49)",,,,,,,,,,,,"(384.78, 46.20)",,,,,,,,"(688.30, 24.36)",,"(384.30, 446.37)","(409.32, 24.03)","(437.57, 52.60)","(197.55, 21.46)"
754,,,,,"(160.74, 21.36)",,"(391.41, 447.04)","(641.22, 22.65)",,,,,,,,,,,"(657.34, 17.46)","(267.15, 198.02)","(194.82, 34.05)","(546.82, 36.88)",,"(267.63, 21.18)","(138.59, 17.25)",,,,,"(286.17, 220.29)",,,,,"(35.18, 29.75)",,,,,"(133.65, 42.71)",,,,,,,,,,"(320.10, 20.96)",,,,,"(309.73, 174.57)",,,,,,,,"(583.03, 63.93)",,,"(563.61, 22.39)",,,,"(687.46, 35.93)","(650.78, 30.08)",,,,,,,,,,,,"(384.73, 46.16)",,,,,,,,"(688.23, 24.46)",,,"(410.56, 23.43)","(438.30, 53.42)","(197.07, 21.39)"
755,,,,,"(160.78, 21.35)",,"(391.39, 447.06)","(642.70, 20.02)",,,,,,,,,,,"(657.38, 17.55)","(267.19, 197.99)","(194.03, 34.07)","(546.82, 36.90)",,"(268.39, 21.53)","(138.78, 17.14)",,,,,"(286.15, 220.28)",,,,,"(33.55, 30.33)",,,,,"(133.92, 42.30)",,,,,,,,,,"(320.12, 21.06)",,,,,"(309.82, 172.05)",,,,,,,,"(582.96, 64.03)",,,"(563.59, 22.39)",,,,"(688.10, 38.31)","(650.97, 29.47)",,,,,,,,,,,,"(384.79, 46.21)",,,,,,,,"(688.06, 24.51)",,"(384.33, 446.45)","(412.42, 22.41)","(438.99, 54.63)","(196.33, 21.52)"
756,,,,,"(160.88, 21.33)",,"(391.36, 447.06)","(643.87, 18.61)",,,,,"(17.09, 34.62)",,,,,,"(657.37, 17.53)","(267.14, 198.01)","(193.39, 34.29)","(546.92, 36.98)",,"(269.10, 21.52)","(138.15, 17.45)",,,,,"(286.09, 220.30)",,,,,"(31.65, 30.89)",,,,,"(134.72, 41.93)",,,,,,,,,,"(320.10, 21.02)",,,,,"(309.83, 169.15)",,,,,,,,"(582.95, 64.20)",,,"(563.58, 22.40)",,,,"(688.88, 41.16)","(651.62, 29.02)",,,,,,,,,,,,"(384.85, 46.20)",,,,,,,,"(688.08, 24.57)",,,"(414.56, 22.12)","(439.07, 55.08)","(195.64, 21.69)"
757,,,,,"(160.88, 21.36)",,"(391.31, 447.05)","(644.25, 16.85)",,,,,"(18.49, 34.39)",,,"(200.46, 2.39)",,,"(657.29, 17.45)","(267.06, 198.02)","(192.00, 34.71)","(546.88, 36.97)",,"(270.11, 21.47)","(137.50, 17.99)",,,,,"(286.10, 220.28)",,,,,"(29.89, 31.53)",,,,,"(135.79, 42.01)",,,,,,,,,,"(320.16, 21.01)",,,,,"(309.85, 166.30)",,,,,,,,"(582.98, 63.71)",,,"(563.62, 22.49)",,,,"(689.47, 43.56)","(652.18, 28.78)",,,,,,,,,,,,"(384.66, 46.27)",,,,,,,,"(688.02, 24.71)",,"(384.37, 446.46)","(416.79, 22.39)","(439.08, 56.32)","(194.77, 21.45)"
758,,,,,"(160.90, 21.39)",,"(391.29, 447.05)",,,,,,"(20.67, 34.57)",,,"(200.51, 2.37)",,,"(657.35, 17.41)","(267.10, 198.01)","(191.04, 35.16)","(546.86, 37.02)",,"(270.99, 21.53)","(137.06, 18.26)",,,,,"(286.09, 220.26)",,,,,"(28.24, 31.72)",,,,,"(136.72, 42.53)",,,,,,,,,,"(320.26, 20.97)",,,,,"(310.36, 163.49)",,,,,,,,"(582.99, 63.52)",,,"(563.59, 22.54)",,,,"(689.68, 47.98)","(652.74, 28.30)",,,,,,,,,,,,"(384.66, 46.30)",,,"(689.11, 40.11)",,,,,"(686.99, 25.20)",,"(384.35, 446.39)","(418.97, 22.94)","(439.04, 58.05)","(193.86, 21.00)"
759,,,,,"(160.86, 21.37)",,"(391.29, 447.06)",,,,,,"(23.48, 33.58)",,,"(200.93, 2.17)",,,"(657.58, 17.50)","(267.10, 197.99)","(189.79, 35.28)","(546.81, 37.03)",,"(272.16, 21.93)","(136.52, 18.75)",,,,,"(286.09, 220.27)",,,,,,,,,,"(137.99, 43.22)",,,,,,,,,,"(320.36, 20.96)",,,,,"(310.44, 161.39)",,,,,,,,"(583.07, 63.54)",,,"(563.63, 22.55)",,,,"(690.29, 50.05)","(653.42, 27.49)",,,,,,,,,,,,"(384.74, 46.33)",,,"(689.52, 41.21)",,,,,"(685.61, 25.88)",,"(384.37, 446.48)","(422.08, 23.82)","(438.98, 58.76)","(192.54, 19.74)"
760,,,,,"(160.96, 21.37)",,"(391.35, 447.05)",,,,,,,,,"(200.96, 2.16)",,,"(657.34, 17.53)","(267.12, 197.96)","(189.21, 35.22)","(546.83, 37.07)",,"(273.11, 21.66)","(136.23, 18.91)",,,,,"(286.15, 220.26)",,,,,"(25.51, 32.92)",,,,,"(139.44, 44.83)",,,,,,,,,,"(320.45, 20.99)",,,,,"(310.48, 160.13)",,,,,,,,"(583.05, 63.76)",,,"(563.62, 22.52)",,,,"(690.23, 53.34)","(655.16, 26.98)",,,,,,,,,,,,"(384.67, 46.62)",,,"(689.88, 43.20)",,,,,"(684.27, 26.33)","(647.08, 64.68)","(384.38, 446.47)","(424.05, 24.21)","(438.97, 60.23)","(190.39, 18.85)"
761,,,,,"(161.00, 21.40)",,"(391.34, 447.01)",,,,,,"(23.88, 28.45)",,,"(200.95, 2.19)",,,"(657.71, 17.58)","(267.11, 197.98)","(188.51, 35.22)","(546.82, 37.06)",,"(274.50, 21.37)","(135.55, 19.28)",,,,,"(286.13, 220.29)",,,,,"(27.80, 34.19)",,,,,"(140.46, 45.90)",,,,,,,,,,"(320.49, 20.35)",,,,,"(310.60, 159.33)",,,,,,,,"(583.21, 63.51)",,,"(563.67, 22.54)",,,,"(690.08, 54.60)","(656.71, 26.72)",,,,,,,,,,,,"(384.79, 46.85)",,,"(690.17, 45.41)",,,,,"(683.26, 26.00)","(646.38, 64.96)","(384.36, 446.47)","(425.57, 24.96)","(438.72, 62.13)","(189.75, 18.35)"
762,,,,,"(160.88, 21.43)",,"(391.31, 447.03)",,,,,,"(21.91, 26.41)",,,"(201.08, 2.10)",,,"(658.00, 17.54)","(267.12, 197.98)","(188.34, 35.18)","(546.81, 37.07)",,"(275.64, 21.17)","(134.95, 19.74)",,,,,"(286.15, 220.30)",,,,,"(31.60, 33.70)",,,,,"(141.20, 46.66)",,,,,,,,,,"(320.51, 19.37)",,,,,"(310.75, 158.66)",,,,,,,,"(583.24, 63.91)",,,"(563.65, 22.49)",,,,"(689.94, 55.80)","(658.70, 25.98)",,,,,,,,,,,,"(384.71, 47.20)",,,,,,,,"(681.81, 26.09)","(646.09, 65.80)","(384.34, 446.46)","(427.13, 25.46)","(439.26, 63.99)","(189.98, 16.42)"
763,,,,,"(160.89, 21.37)",,"(391.32, 447.06)",,,,,,"(20.37, 25.48)",,,"(201.06, 2.20)",,,"(657.90, 17.84)","(267.11, 198.01)","(188.31, 35.22)","(546.78, 37.13)",,"(276.63, 20.95)","(134.77, 19.89)",,,,,"(286.16, 220.29)",,,,,"(34.02, 33.45)",,,,,"(142.11, 47.52)",,,,,,,,,,"(320.25, 19.49)",,,,,"(310.91, 157.22)",,,,,,,,"(583.27, 62.98)",,,"(563.65, 22.51)",,,,,"(661.66, 25.77)",,,,,,,,,,,,"(384.76, 47.52)",,,"(690.98, 47.76)",,,,,"(680.99, 26.18)","(644.67, 66.97)","(384.40, 446.42)","(428.44, 25.86)","(439.58, 65.94)","(188.66, 12.34)"
764,,,,,"(160.87, 21.34)",,"(391.35, 447.06)",,,,,,"(19.34, 25.25)",,,"(200.97, 2.15)",,,"(657.95, 17.79)","(267.08, 197.99)","(188.39, 35.22)","(546.79, 37.13)",,"(277.23, 20.16)","(134.55, 19.98)",,,,,"(286.16, 220.29)",,,,,"(35.74, 32.88)",,,,,"(143.38, 47.86)",,,,,,,,,,"(319.75, 19.32)",,,,,"(310.81, 155.91)",,,,,,,,,,,"(563.65, 22.56)",,,,,"(664.25, 24.78)",,,,,,,,,,,,"(384.83, 47.59)",,,"(690.93, 47.49)",,,,,"(679.16, 26.07)",,"(384.37, 446.41)","(430.04, 26.25)","(440.16, 68.11)",
765,,,,,"(160.85, 21.33)",,"(391.37, 447.05)",,"(381.31, 18.22)",,,,"(18.21, 24.74)",,,"(200.91, 2.26)",,,"(657.84, 17.59)","(267.07, 198.02)","(188.38, 35.21)","(546.76, 37.14)",,"(278.21, 20.35)","(134.41, 20.01)",,,,,"(286.19, 220.28)",,,,,"(37.50, 32.15)",,,,,"(144.62, 48.53)",,,,,,,,,,"(319.45, 19.32)",,,,,"(311.01, 153.52)",,,,,,,,"(583.13, 63.81)",,,"(563.65, 22.62)",,,,,"(667.27, 23.78)",,,,,,,,,,,,"(384.97, 47.87)",,,"(690.89, 47.17)",,,,,"(677.61, 25.89)",,"(384.41, 446.46)","(431.17, 27.24)","(440.34, 69.26)",
766,,,,,"(160.84, 21.34)",,"(391.41, 447.04)",,"(380.65, 18.77)",,,,"(17.54, 24.81)",,,,,,"(657.74, 17.26)","(267.11, 197.98)","(188.67, 35.26)","(546.72, 37.16)",,"(278.68, 20.38)","(134.45, 20.42)",,,,,"(286.18, 220.28)",,,,,"(39.55, 30.90)",,,,,"(146.62, 49.37)",,,,,,,,,,"(319.14, 19.24)",,,,,"(311.18, 150.97)",,,,,,,,"(583.00, 63.96)",,,"(563.63, 22.77)",,,,,"(667.84, 21.10)",,,,,,,,,,,,"(384.95, 47.91)",,,"(690.79, 46.49)",,,,,"(676.04, 25.90)",,"(384.36, 446.41)","(432.15, 29.08)","(440.91, 70.09)",
767,,,,,"(160.86, 21.36)",,"(391.40, 447.03)",,"(380.09, 19.51)",,,,,,,,,,"(657.89, 17.49)","(267.07, 198.00)","(188.57, 35.26)","(546.70, 37.24)",,"(279.64, 19.53)","(134.67, 20.60)",,,,,"(286.17, 220.30)",,,,,"(41.44, 29.26)",,,,,"(148.17, 49.71)",,,,,,,,,,"(318.83, 19.26)",,,,,"(311.51, 148.27)",,,,,,,,"(582.94, 63.81)",,,"(563.63, 22.77)",,,,,,,,,,,,,,,,,"(385.08, 48.01)",,,"(690.30, 45.91)",,,,,"(673.71, 25.26)",,"(384.41, 446.44)","(432.69, 30.68)",,
768,,,,,"(160.91, 21.42)",,"(391.35, 447.05)",,"(379.49, 20.07)",,,,,,,,,,"(657.80, 17.48)","(267.11, 197.99)","(188.67, 35.24)","(546.74, 37.25)",,"(280.96, 18.77)","(134.45, 21.23)",,,,,"(286.18, 220.27)",,,,,"(43.38, 26.93)",,,,,"(150.07, 50.28)",,,,,,,,,,"(318.38, 18.83)",,,,,"(311.77, 145.89)",,,,,,,,"(582.81, 64.29)",,,"(563.67, 22.85)",,,,,"(674.69, 18.03)",,,,,,,,,,,,"(385.32, 48.19)",,,"(689.56, 45.66)",,,,,"(673.32, 25.21)",,"(384.40, 446.45)","(433.39, 33.57)",,
769,,,,,"(160.90, 21.42)",,"(391.39, 447.02)",,"(378.92, 20.46)",,,,,,,,,,"(657.98, 17.48)","(267.16, 197.97)","(188.69, 35.21)","(546.79, 37.23)",,"(282.28, 17.92)","(134.10, 21.61)",,,,,"(286.19, 220.25)",,,,,"(45.43, 24.97)",,,,,"(151.75, 50.63)",,,,,,,,,,"(318.46, 18.49)",,,,,"(312.06, 143.02)",,,,,,,,"(582.93, 64.04)",,,"(563.66, 22.84)",,,,,"(674.31, 18.26)",,,,,,,,,,,,"(385.39, 48.23)",,,"(688.56, 45.65)",,,,,"(673.56, 24.96)",,"(384.40, 446.47)","(433.79, 35.51)",,
770,,,,,"(160.93, 21.48)",,"(391.36, 447.01)",,"(378.41, 20.58)",,,,,,,,,,"(657.82, 17.10)","(267.14, 197.96)","(188.71, 35.19)","(546.81, 37.28)",,"(283.62, 17.32)","(133.91, 21.90)",,,,,"(286.14, 220.20)",,,,,"(46.69, 23.63)",,,,,"(153.84, 51.39)",,,,,,,,,,"(318.84, 18.82)",,,,,"(312.21, 139.97)",,,,,,,,"(582.96, 64.37)",,,"(563.65, 22.92)",,,,,"(674.51, 19.03)",,,,,,,,,,,,"(385.36, 48.12)",,,"(687.41, 45.91)",,,,,"(672.76, 25.46)",,"(384.37, 446.42)","(434.10, 37.90)",,
771,,,,,"(160.94, 21.52)",,"(391.37, 447.02)",,"(378.44, 20.60)",,,,,,,"(200.43, 2.31)",,,"(657.72, 16.82)","(267.16, 197.96)","(188.78, 35.22)","(546.81, 37.32)",,"(284.25, 16.95)","(133.81, 22.19)",,,,,"(286.15, 220.20)",,,,,"(49.05, 21.90)",,,,,"(155.57, 51.20)",,,,,,,,,,"(319.35, 18.44)",,,,,"(312.14, 136.79)",,,,,,,,,,,"(563.69, 23.00)",,,,,"(676.17, 19.87)",,,,,,,,,,,,"(385.30, 48.09)",,,"(686.64, 47.04)",,,,,"(672.10, 27.39)",,"(384.35, 446.40)","(434.34, 40.85)",,
772,,,,,"(160.96, 21.54)",,"(391.39, 447.00)",,"(378.40, 20.56)",,,,,,,"(200.52, 2.31)",,,"(657.29, 16.67)","(267.13, 197.95)","(188.74, 35.07)","(546.77, 37.33)",,"(284.47, 17.32)","(133.39, 22.76)",,,,,"(286.15, 220.21)",,,,,"(51.24, 20.59)",,,,,"(157.20, 50.24)",,,,,,,,,,"(319.51, 18.29)",,,,,"(312.30, 134.27)",,,,,,,,,,,"(563.66, 23.11)",,,,,"(678.08, 20.24)",,,,,,,,,,,,"(385.20, 48.03)",,,"(686.70, 48.78)",,,,,"(669.98, 26.69)",,"(384.33, 446.39)","(434.94, 42.69)",,
773,,,,,"(160.98, 21.55)",,"(391.39, 447.01)",,"(378.44, 20.58)",,,,,,,"(200.60, 2.32)",,,"(657.17, 16.81)","(267.14, 197.95)","(188.19, 34.57)","(546.78, 37.36)",,"(286.47, 17.46)","(133.07, 23.22)",,,,,"(286.16, 220.21)",,,,,"(51.95, 20.38)",,,,,"(159.03, 49.14)",,,,,,,,,,"(320.15, 19.21)",,,,,"(312.44, 132.22)",,,,,,,,"(583.06, 63.16)",,,"(563.63, 23.24)",,,,,"(679.47, 20.89)",,,,,,,,,,,,"(385.25, 48.03)",,,"(686.64, 50.84)",,,,,"(667.13, 27.25)",,"(384.36, 446.41)","(435.46, 44.93)",,
774,,,,,"(161.00, 21.53)",,"(391.37, 446.99)",,"(378.56, 20.56)",,,,,,,"(200.55, 2.29)",,,"(657.29, 16.53)","(267.16, 197.95)","(187.79, 34.58)","(546.78, 37.41)",,"(288.39, 18.49)","(132.60, 24.18)",,,,,"(286.15, 220.18)",,,,,"(52.48, 20.34)",,,,,"(161.19, 48.11)",,,,,,,,,,"(320.75, 19.51)",,,,,"(312.39, 130.08)",,,,,,,,"(583.18, 63.03)",,,"(563.59, 23.45)",,,,,"(681.15, 21.29)",,,,,,,,,,,,"(385.29, 48.08)",,,"(686.86, 53.28)",,,,,"(665.92, 27.59)",,"(384.34, 446.42)","(436.36, 46.51)",,
775,,,,,"(160.98, 21.43)",,"(391.34, 447.00)",,"(378.44, 20.55)",,,,,,,"(200.58, 2.28)",,,"(657.32, 15.98)","(267.16, 197.95)","(187.07, 33.59)","(546.87, 37.44)",,"(288.64, 18.46)","(132.55, 24.96)",,,,,"(286.14, 220.17)",,,,,"(52.49, 20.31)",,,,,"(163.19, 46.91)",,,,,,,,,,"(320.94, 19.36)",,,,,"(312.29, 127.13)",,,,,,,,"(583.26, 63.02)",,,"(563.40, 24.53)",,,,,"(682.66, 21.26)",,,,,,,,,,,,"(385.33, 48.08)",,,"(687.44, 55.00)",,,,,"(663.29, 27.49)",,"(384.36, 446.43)","(436.58, 47.93)",,
776,,,,,"(160.99, 21.39)",,"(391.32, 446.99)",,"(378.64, 20.31)",,,,,,,"(200.67, 2.23)",,,"(657.02, 15.53)","(267.15, 197.95)","(185.97, 32.49)","(547.43, 37.29)",,"(289.50, 18.80)","(132.76, 25.96)",,,,,"(286.13, 220.16)",,,,,"(52.48, 20.25)",,,,,"(165.08, 45.69)",,,,,,,,,,"(320.88, 20.97)",,,,,"(312.30, 123.82)",,,,,,,,"(583.66, 63.63)",,,"(563.26, 40.22)",,,,,"(683.91, 20.89)",,,,,,,,,,,,"(385.44, 48.10)",,,"(687.89, 55.85)",,,,,"(661.80, 27.20)",,"(384.37, 446.40)","(436.54, 48.59)",,
777,,,,,"(161.05, 21.34)",,"(391.36, 447.00)",,"(379.02, 20.05)",,,,,,,"(200.58, 2.32)",,,"(656.81, 15.18)","(267.13, 197.97)","(184.85, 31.13)","(547.12, 37.30)",,"(290.35, 19.22)","(132.73, 26.99)",,,,,"(286.15, 220.16)",,,,,"(53.36, 19.95)",,,,,"(167.24, 44.40)",,,,,,,,,,"(320.75, 19.22)",,,,,"(312.13, 121.07)",,,,,,,,,,,,,,,,"(685.05, 20.57)",,,,,,,,,,,,"(385.50, 48.19)",,,,,,,,"(659.12, 25.95)",,"(384.39, 446.41)","(436.06, 48.86)",,
778,,,,,"(161.07, 21.29)",,"(391.35, 447.00)",,"(379.00, 20.04)",,,,,,,"(200.60, 2.23)",,,,"(267.18, 197.95)","(183.41, 29.18)","(547.13, 37.30)",,"(291.18, 19.47)","(132.64, 27.93)",,,,,"(286.13, 220.17)",,,,,"(55.40, 20.47)",,,,,"(169.25, 42.95)",,,,,,,,,,"(321.17, 19.12)",,,,,"(312.29, 117.97)",,,,,,,,,,,,,,,"(686.56, 104.24)","(686.39, 19.96)",,,,,,,,,,,,"(385.41, 48.18)",,,,,,,,"(657.67, 25.85)",,"(384.38, 446.35)","(435.67, 48.58)",,
779,,,,,"(161.00, 21.25)",,"(391.34, 447.01)",,"(378.83, 20.07)",,,,,,,"(200.65, 2.17)",,,"(656.53, 12.35)","(267.12, 197.95)","(182.68, 27.85)","(547.13, 37.33)",,"(291.88, 19.43)","(132.69, 29.06)",,,,,"(286.14, 220.19)",,,,,"(56.72, 20.83)",,,,,"(171.20, 41.89)",,,,,,,,,,"(321.53, 18.86)",,,,,"(311.58, 115.80)",,,,,,,,"(523.07, 110.67)",,,,,,,"(685.49, 109.18)","(687.76, 19.44)",,,,,,,,,,,,"(385.36, 48.21)",,,,,,,,"(657.10, 26.37)",,"(384.36, 446.44)","(434.97, 48.75)",,
780,,,,,"(161.04, 21.49)",,"(391.37, 447.00)",,"(378.76, 20.09)",,,,"(17.95, 30.63)",,,"(200.82, 2.20)",,,"(656.31, 11.15)","(267.16, 198.00)","(182.30, 26.72)","(546.97, 37.39)",,"(292.96, 19.56)","(132.85, 29.88)",,,,,"(286.21, 220.25)",,,,,"(58.69, 21.61)",,,,,"(173.98, 40.86)",,,,,,,,,,"(321.86, 18.04)",,,,,"(310.95, 113.48)",,,,,,,,"(523.15, 110.79)",,,"(583.54, 63.23)",,,,"(684.73, 111.16)","(688.95, 19.35)",,,,,,,,,,,,"(385.42, 48.15)",,,,,,,,"(656.83, 26.50)",,"(384.36, 446.51)","(434.37, 48.46)",,
781,,,,,"(161.11, 21.57)",,"(391.35, 447.04)",,"(378.57, 20.11)",,,,"(19.18, 32.23)",,,"(200.83, 2.19)",,,"(656.14, 10.17)","(267.20, 197.98)","(181.77, 26.73)","(546.99, 37.40)",,"(294.85, 19.62)","(132.77, 31.01)",,,,,"(286.18, 220.26)",,,,,"(60.00, 22.56)",,,,,"(176.09, 39.82)",,,,,,,,,,"(322.45, 18.07)",,,,,"(310.42, 111.37)",,,,,,,,"(523.16, 110.79)",,,"(583.46, 63.12)",,,,"(684.03, 113.64)","(689.10, 19.56)",,,,,,,,,,,,"(385.44, 48.10)",,,,,,,,"(655.70, 25.94)",,"(384.36, 446.49)","(433.30, 48.65)",,
782,,,,,"(161.14, 21.62)",,"(391.35, 446.99)",,"(378.60, 20.10)",,,,"(21.60, 33.13)",,,"(200.78, 2.26)",,,"(655.78, 9.46)","(267.22, 197.99)","(181.08, 26.69)","(546.97, 37.40)",,"(296.06, 19.65)","(132.70, 32.85)",,,,,"(286.18, 220.17)",,,,,"(62.39, 23.00)",,,,,"(178.24, 38.70)",,,,,,,,,,"(322.33, 17.93)",,,,,"(310.06, 109.96)",,,,,,,,"(523.12, 110.80)",,,"(583.26, 62.86)",,,,"(683.18, 116.62)","(689.82, 20.00)",,,,,,,,,,,,"(385.50, 48.21)",,,,,,,,"(653.81, 25.22)",,"(384.38, 446.48)","(432.29, 48.86)",,
783,,,,,"(161.16, 21.61)",,"(391.39, 446.98)",,"(379.09, 19.90)",,,,"(23.85, 34.31)",,,"(200.80, 2.29)",,,"(655.70, 8.85)","(267.20, 198.00)","(181.04, 27.17)","(546.98, 37.42)",,"(297.86, 20.87)","(132.60, 34.05)",,,,,"(286.17, 220.17)",,,,,"(63.57, 23.44)",,,,,"(180.05, 36.89)",,,,,,,,,,"(322.30, 17.88)",,,,,"(310.16, 109.33)",,,,,,,,"(523.11, 110.78)",,,"(583.10, 62.93)",,,,"(682.83, 118.83)","(690.21, 20.74)",,,,,,,,,,,,"(385.58, 48.07)",,,,,,,,"(653.14, 24.38)",,"(384.36, 446.50)","(431.20, 48.94)",,
784,,,,,"(161.21, 21.59)",,"(391.36, 447.00)",,"(379.32, 19.74)",,,,"(25.73, 35.24)",,,"(200.66, 2.26)",,,"(655.40, 8.51)","(267.21, 198.00)","(180.74, 27.23)","(547.05, 37.44)",,"(298.56, 20.96)","(132.45, 35.04)",,,,,"(286.17, 220.17)",,,,,"(65.66, 23.59)",,,,,"(181.10, 35.00)",,,,,,,,,,"(322.33, 17.81)",,,,,"(310.15, 109.32)",,,,,,,,"(523.14, 110.84)",,,"(583.19, 63.03)",,,,"(682.29, 121.06)","(690.65, 21.56)",,,,,,,,,,,,"(385.57, 48.10)",,,,,,,,"(651.91, 23.43)",,"(384.35, 446.50)","(428.95, 49.58)",,
785,,,,,"(161.33, 21.58)",,"(391.37, 446.99)",,"(379.38, 19.56)",,,,"(27.48, 35.70)",,,"(200.56, 2.29)",,,"(655.49, 7.82)","(267.22, 197.98)","(180.13, 27.36)","(547.03, 37.49)",,"(299.64, 21.08)","(132.48, 35.88)",,,,,"(286.18, 220.19)",,,,,"(66.93, 23.69)",,,,,"(181.59, 31.64)",,,,,,,,,,"(322.21, 17.73)",,,,,"(310.03, 109.12)",,,,,,,,"(523.15, 110.85)",,,"(583.21, 62.98)",,,,"(681.34, 123.38)","(690.79, 21.86)",,,,,,,,,,,,"(385.57, 48.08)",,,,,,,,"(651.03, 21.92)",,"(384.36, 446.49)","(428.07, 49.53)",,
786,,,,,"(161.30, 21.62)",,"(391.36, 447.01)",,"(379.18, 19.56)",,,,"(28.52, 36.15)",,,"(200.56, 2.33)",,,"(655.45, 8.01)","(267.22, 197.98)","(178.87, 27.04)","(547.02, 37.51)",,"(300.46, 21.16)","(132.59, 36.74)",,,,,"(286.20, 220.18)",,,,,"(69.59, 23.50)",,,,,"(181.58, 33.40)",,,,,,,,,,"(321.91, 17.13)",,,,,"(309.89, 109.18)",,,,,,,,"(523.13, 110.87)",,,"(583.78, 63.24)",,,,"(679.87, 126.11)","(690.89, 21.73)",,,,,,,,,,,,"(385.42, 48.15)",,,,,,,,"(649.45, 19.70)",,"(384.35, 446.50)","(425.85, 49.88)",,
787,,,,,"(161.30, 21.64)",,"(391.37, 447.01)",,"(378.14, 19.86)",,,,"(29.51, 36.27)",,,,,,"(655.71, 7.16)","(267.22, 197.98)","(177.64, 26.71)","(547.01, 37.53)",,"(301.91, 21.32)","(132.55, 37.87)",,,,,"(286.21, 220.19)",,,,,"(71.45, 23.01)",,,,,"(181.71, 33.47)",,,,,,,,,,"(321.79, 16.95)",,,,,"(310.02, 109.13)",,,,,,,,"(523.13, 110.86)",,,"(583.65, 63.19)",,,,"(678.99, 128.97)","(690.97, 21.72)",,,,,,,,,,,,"(385.39, 48.17)",,,,,,,,"(648.46, 18.10)",,"(384.32, 446.49)","(424.99, 49.92)",,
788,,,,,"(161.35, 21.67)",,"(391.32, 446.99)",,"(377.44, 19.87)",,,,"(30.50, 36.23)",,,"(200.41, 2.37)",,,"(655.48, 5.39)","(267.23, 198.00)","(176.29, 26.76)","(546.99, 37.55)",,"(302.99, 21.72)","(132.64, 38.90)",,,,,"(286.20, 220.20)",,,,,"(73.00, 22.83)",,,,,"(181.65, 33.53)",,,,,,,,,,"(321.99, 17.03)",,,,,"(310.42, 108.79)",,,,,,,,"(523.17, 110.86)",,,"(583.83, 63.29)",,,,"(678.20, 131.47)","(690.89, 21.81)",,,,,,,,,,,,"(385.45, 48.27)",,,,,,,,"(647.95, 17.35)",,"(384.33, 446.49)","(424.46, 49.92)",,
789,,,,,"(161.32, 21.67)",,"(391.36, 446.97)",,"(377.45, 19.86)",,,,"(30.80, 36.15)",,,,,,"(655.90, 5.46)","(267.23, 198.00)","(174.91, 26.62)","(547.01, 37.58)",,"(303.51, 21.51)","(132.50, 40.13)",,,,,"(286.21, 220.20)",,,,,"(74.17, 22.42)",,,,,"(182.59, 32.48)",,,,,,,,,,,,,,,"(310.42, 108.06)",,,,,,,,"(523.18, 110.84)",,,"(583.28, 63.28)",,,,"(677.89, 134.09)","(690.85, 21.83)",,,,,,,,,,,,"(385.50, 48.25)",,,,,,,,"(646.69, 16.60)",,"(384.33, 446.50)","(424.01, 49.80)",,
790,,,,,"(161.14, 21.72)",,"(391.35, 446.98)",,"(377.32, 20.01)",,,,"(30.80, 36.11)",,,"(200.48, 2.30)",,,"(655.96, 5.27)","(267.21, 198.00)","(173.77, 26.34)","(547.01, 37.57)",,"(304.62, 21.48)","(132.43, 41.30)",,,,,"(286.21, 220.20)",,,,,"(75.15, 22.54)",,,,,"(183.67, 31.46)",,,,,,,,,,,,,,,"(311.32, 107.10)",,,,,,,,"(523.16, 110.86)",,,"(583.22, 63.24)",,,,"(677.36, 136.97)","(690.73, 21.77)",,,,,,,,,,,,"(385.43, 48.21)",,,,,,,,,,"(384.33, 446.48)","(423.63, 49.77)",,
791,,,,,"(160.85, 21.86)",,"(391.34, 446.97)",,"(377.68, 20.05)",,,,"(30.90, 36.12)",,,"(200.70, 2.29)",,,"(655.86, 4.87)","(267.21, 198.00)","(172.17, 26.23)","(547.01, 37.56)",,"(306.00, 21.63)","(132.69, 42.03)",,,,,"(286.18, 220.22)",,,,,"(76.08, 22.76)",,,,,"(184.91, 31.14)",,,,,,,,,,,,,,,"(311.85, 106.33)",,,,,,,,"(523.20, 110.93)",,,"(583.50, 63.36)",,,,"(677.21, 139.76)","(690.61, 21.88)",,,,,,,,,,,,"(385.51, 48.23)",,,,,,,,,,"(384.33, 446.49)","(423.50, 49.80)",,
792,,,,,"(160.90, 21.85)",,"(391.36, 447.09)",,"(377.66, 20.07)",,,,"(31.30, 36.06)",,,,,,"(655.38, 4.83)","(267.23, 197.98)","(169.93, 25.83)","(546.97, 37.56)",,"(307.78, 21.70)","(133.02, 42.16)",,,,,"(286.18, 220.16)",,,,,"(76.77, 23.52)",,,,,"(186.49, 30.67)",,,,,,,,,,,,,,,,,,,,,,,"(523.29, 111.03)",,,,,,,"(676.97, 143.02)","(690.29, 21.70)",,,,,,,,,,,,"(385.38, 48.17)",,,,,,,,,,"(384.45, 446.51)","(423.33, 49.89)",,
793,,,,,"(160.79, 21.00)",,"(391.35, 447.08)",,"(378.30, 20.03)",,,,"(31.69, 35.80)",,,,,,"(655.82, 4.85)","(267.25, 197.98)","(167.37, 25.21)","(546.97, 37.57)",,"(308.57, 21.67)","(133.11, 41.49)",,,,,"(286.17, 220.12)",,,,,,,,,,"(187.72, 30.11)",,,,,,,,,,,,,,,,,,,,,,,"(523.29, 111.03)",,,,,,,"(677.31, 146.47)","(690.67, 22.00)",,,,,,,,,,,,"(385.32, 48.15)",,,,,,,,,,"(384.43, 446.47)","(423.32, 49.88)",,
794,,,,,"(161.13, 21.50)",,"(391.35, 447.09)",,"(378.45, 19.96)",,,,"(32.06, 35.74)",,,,,,"(655.60, 4.65)","(267.25, 198.01)","(164.83, 24.18)","(546.98, 37.60)",,"(309.77, 21.32)","(133.06, 41.02)",,,,,"(286.20, 220.14)",,,,,"(76.69, 24.34)",,,,,"(189.17, 29.36)",,,,,,,,,,,,,,,,,,,,,,,"(523.30, 111.15)",,,,,,,"(677.65, 150.30)","(690.91, 22.78)",,,,,,,,,,,,"(385.35, 48.26)",,,,,,,,,,"(384.44, 446.50)","(423.36, 49.94)",,
795,,,,,,,"(391.36, 447.10)",,"(378.64, 19.86)",,,,"(32.18, 36.03)",,,,,,"(656.15, 4.49)","(267.24, 198.01)","(162.86, 22.58)","(547.00, 37.60)",,"(311.25, 21.21)","(133.19, 40.64)",,,,,"(286.20, 220.13)",,,,,"(76.33, 24.64)",,,,,"(190.49, 28.72)",,,,,,,,,,,,,,,,,,,,,,,"(523.40, 111.21)",,,,,,,"(677.79, 153.32)","(690.58, 23.88)",,,,,,,,,,,,"(385.50, 48.46)",,,,,,,,,,"(384.46, 446.48)","(423.31, 50.00)",,
796,,,,,,,"(391.34, 447.12)",,"(378.57, 19.31)",,,,"(32.89, 35.30)",,,,,,"(655.76, 3.93)","(267.23, 198.01)","(162.06, 22.56)","(547.01, 37.64)",,"(312.49, 21.31)","(133.45, 40.38)",,,,,"(286.20, 220.14)",,,,,"(76.19, 24.70)",,,,,"(192.07, 27.56)",,,,,,,,,,,,,,,,,,,,,,,"(523.36, 111.33)",,,,,,,"(678.10, 156.48)","(690.43, 24.64)",,,,,,,,,,,,"(385.53, 48.53)",,,"(688.81, 105.28)",,,,,,,"(384.40, 446.49)","(423.29, 50.07)",,
797,,,,,,,"(391.33, 447.11)",,"(378.51, 18.89)",,,,"(33.25, 35.07)",,,,,,"(655.93, 4.09)","(267.23, 198.01)","(161.78, 23.27)","(547.03, 37.67)",,"(313.60, 21.06)","(133.55, 39.49)",,,,,"(286.17, 220.13)",,,,,"(75.25, 25.31)",,,,,"(193.54, 26.90)",,,,,,,,,,,,,,,,,,,,,,,"(523.37, 111.37)",,,,,,,"(678.20, 160.34)","(690.21, 25.71)",,,,,,,,,,,,"(385.57, 48.54)",,,"(688.69, 109.53)",,,,,,"(689.06, 103.22)","(384.43, 446.50)","(423.24, 50.08)",,
798,,,,,"(161.77, 20.66)",,"(391.31, 447.10)",,"(378.78, 18.77)",,,,"(33.12, 35.47)",,,,,,,"(267.20, 198.00)","(160.48, 25.42)","(546.98, 37.63)",,"(315.13, 20.64)","(134.09, 39.28)",,,,,"(286.14, 220.12)",,,,,"(74.57, 25.71)",,,,,"(194.85, 26.23)",,,,,,,,,,,,,,,,,,,,,,,"(523.35, 111.52)",,,,,,,"(679.56, 163.60)","(690.06, 26.39)",,,,,,,,,,,,"(385.61, 48.49)",,,"(688.37, 111.28)",,,,,,"(688.96, 103.17)","(384.42, 446.51)","(423.19, 50.15)",,
799,,,,,"(161.52, 21.16)",,"(391.35, 447.07)",,"(379.66, 18.57)",,,,"(33.06, 35.75)",,,,,,,"(267.19, 197.98)","(159.02, 27.28)","(546.98, 37.65)",,"(315.66, 20.37)","(134.37, 39.04)",,,,,"(286.15, 220.10)",,,,,"(73.39, 26.33)",,,,,"(195.49, 25.60)",,,,,,,,,,,,,,,,,,,,,,,"(523.53, 111.54)",,,,,,,"(680.79, 166.62)","(690.02, 27.46)",,,,,,,,,,,,"(385.58, 48.45)",,,"(688.08, 112.48)",,,,,,,"(384.43, 446.49)","(423.16, 50.25)",,
800,,,,,"(161.25, 21.62)",,"(391.35, 447.06)",,"(380.39, 18.33)",,,,"(33.06, 35.78)",,,,,,,"(267.20, 197.95)","(158.19, 28.67)","(546.97, 37.63)",,"(316.20, 19.37)","(135.27, 38.40)",,,,,"(286.19, 220.09)",,,,,"(72.39, 26.94)",,,,,"(196.62, 24.84)",,,,,,,,,,,,,,,,,,,,,,,"(523.50, 111.65)",,,,,,,"(682.04, 169.23)","(689.59, 28.29)",,,,,,,,,,,,"(385.53, 48.47)",,,"(688.00, 114.32)",,,,,,,"(384.41, 446.48)","(423.04, 50.36)",,
801,,,,,"(161.02, 22.00)",,"(391.32, 447.08)",,"(380.84, 18.04)",,,,"(33.11, 35.80)",,,,,,,"(267.19, 197.95)","(157.01, 30.00)","(547.46, 37.43)",,"(316.99, 18.34)","(135.80, 37.87)",,,,,"(286.19, 220.09)",,,,,"(70.72, 27.48)",,,,,"(197.50, 23.93)",,,,,,,,,,,,,,,,,,,,,,,"(523.53, 111.65)",,,"(583.72, 63.29)",,,,"(682.61, 172.11)","(689.28, 29.92)",,,,,,,,,,,,"(385.54, 48.49)",,,"(688.25, 114.61)",,,,,,,"(384.42, 446.48)","(422.95, 50.48)",,
802,,,,,"(160.87, 21.89)",,"(391.34, 447.06)",,"(380.77, 18.05)",,,,"(33.08, 35.83)",,,,,,,"(267.16, 197.86)","(155.14, 32.10)","(547.52, 37.46)",,"(317.35, 18.52)","(136.22, 37.50)",,,,,"(286.19, 220.08)",,,,,"(68.83, 27.36)",,,,,"(197.90, 23.29)",,,,,,,,,,,,,,,,,,,,,,,"(523.63, 111.75)",,,,,,,"(683.79, 175.02)","(689.05, 31.28)",,,,,,,,,,,,"(385.47, 48.45)",,,"(688.36, 114.56)",,,,,,,"(384.41, 446.48)","(422.78, 50.60)",,
803,,,,,"(160.91, 21.87)",,"(391.33, 447.10)",,"(380.41, 18.32)",,,,"(32.94, 35.91)",,,,,,,"(267.12, 197.75)","(153.68, 32.91)","(547.54, 37.52)",,"(318.06, 19.03)","(136.87, 37.19)",,,,,"(286.15, 220.09)",,,,,"(67.36, 26.98)",,,,,"(198.17, 23.33)",,,,,,,,,,,,,,,,,,,,,,,"(523.77, 111.88)",,,,,,,"(684.74, 178.05)","(689.10, 32.22)",,,,,,,,,,,,"(385.61, 48.54)",,,"(688.41, 114.49)",,,,,,,"(384.43, 446.51)","(422.71, 50.87)",,
804,,,,,"(160.87, 21.79)",,"(391.33, 447.08)",,"(379.98, 18.69)",,,,"(32.69, 36.15)",,,,,,,"(267.09, 197.81)","(152.19, 34.40)","(547.63, 37.46)",,"(318.47, 19.61)","(137.57, 35.98)",,,,,"(286.17, 220.15)",,,,,"(65.49, 26.39)",,,,,"(198.40, 23.20)",,,,,,,,,,,,,,,,,,,,,,,"(523.95, 111.95)",,,,,,,"(685.47, 180.07)","(688.55, 33.26)",,,,,,,,,,,,"(385.59, 48.48)",,,"(688.39, 114.46)",,,,,,,"(384.47, 446.51)","(422.44, 52.22)",,
805,,,,,"(160.89, 21.73)",,"(391.30, 447.10)",,"(379.80, 18.93)",,,,"(32.50, 36.44)",,,,,,,"(267.08, 197.81)","(150.91, 34.90)","(547.60, 37.46)",,"(319.32, 20.47)","(138.20, 34.85)",,,,,"(286.16, 220.14)",,,,,"(64.36, 26.12)",,,,,"(198.32, 23.98)",,,,,,,,,,,,,,,,,,,,,,,"(523.93, 112.03)",,,,,,,"(686.12, 183.67)","(687.96, 34.34)",,,,,,,,,,,,"(385.60, 48.39)",,,"(688.35, 114.45)",,,,,,,"(384.46, 446.52)","(423.18, 53.08)",,
806,,,,,"(160.91, 21.67)",,"(391.32, 447.08)",,"(379.83, 18.95)",,,,"(32.73, 36.17)",,,,,,,"(267.10, 197.78)","(149.33, 35.86)","(547.63, 37.52)",,"(319.51, 21.01)","(138.70, 33.81)",,,,,"(286.18, 220.14)",,,,,"(63.50, 26.11)",,,,,"(198.25, 24.76)",,,,,,,,,,,,,,,,,,,,,,,"(524.01, 112.04)",,,"(583.35, 63.46)",,,,"(686.98, 186.39)","(687.34, 35.32)",,,,,,,,,,,,"(385.58, 48.36)",,,"(688.47, 114.50)",,,,,,,"(384.41, 446.50)","(424.12, 52.29)",,
807,,,,,"(160.99, 21.63)",,"(391.33, 447.08)",,"(379.83, 18.95)",,,,"(32.23, 36.55)",,,,,,,"(267.11, 197.74)","(146.96, 36.34)","(547.66, 37.54)",,"(319.59, 21.74)","(138.87, 32.85)",,,,,"(286.23, 220.15)",,,,,"(61.62, 26.91)",,,,,"(198.42, 25.43)",,,,,,,,,,"(271.17, 14.91)",,,,,,,,,,,,,"(524.06, 112.20)",,,,,,,"(687.32, 189.46)","(686.76, 36.39)",,,,,,,,,,,,"(385.58, 48.37)",,,"(688.40, 114.50)",,,,,,,"(384.37, 446.50)","(423.95, 51.91)",,
808,,,,,"(160.94, 21.68)",,"(391.30, 447.08)",,"(379.70, 19.04)",,,,"(32.29, 36.78)",,,,,,,"(267.07, 197.72)","(145.90, 37.32)","(547.64, 37.56)",,"(320.07, 22.36)","(138.76, 31.01)",,,,,"(286.21, 220.15)",,,,,"(59.27, 27.55)",,,,,"(198.19, 25.80)",,,,,,,,,,"(270.72, 15.58)",,,,,,,,,,,,,"(524.08, 112.12)",,,,,,,"(688.28, 192.02)","(686.69, 37.48)",,,,,,,,,,,,"(385.60, 48.45)",,,"(688.36, 114.48)",,,,,,,"(384.37, 446.50)","(423.22, 51.43)",,
809,,,,,"(160.94, 21.70)",,"(391.31, 447.05)",,"(380.58, 19.32)",,,,"(32.74, 39.03)",,,,,,,"(267.11, 197.72)","(144.26, 37.86)","(547.67, 37.57)",,"(320.28, 23.47)","(139.54, 29.29)",,,,,"(286.23, 220.14)",,,,,"(57.10, 28.05)",,,,,"(197.73, 25.77)",,,,,,,,,,"(270.40, 16.38)",,,,,,,,,,,,,"(524.08, 112.11)",,,,,,,"(689.32, 194.90)","(686.12, 38.81)",,,,,,,,,,,,"(385.58, 48.36)",,,"(688.43, 114.49)",,,,,,,"(384.40, 446.46)","(422.91, 51.25)",,
810,,,,,"(160.96, 21.71)",,"(391.32, 447.07)",,"(380.72, 19.64)",,,,"(32.99, 37.79)",,,,,,,"(267.12, 197.71)","(143.15, 38.27)","(547.67, 37.57)",,"(320.52, 24.25)","(139.96, 27.45)",,,,,"(286.24, 220.11)",,,,,"(54.56, 28.55)",,,,,"(197.12, 25.73)",,,,,,,,,,"(270.22, 16.46)",,,,,,,,,,,,,"(524.12, 112.16)",,,,,,,"(689.99, 197.68)","(685.94, 39.39)",,,,,,,,,,,,"(385.65, 48.45)",,,"(688.45, 114.46)",,,,,,"(637.02, 105.55)","(384.41, 446.45)","(422.54, 51.27)",,
811,,,,,"(160.96, 21.67)",,"(391.28, 447.06)",,"(380.80, 20.07)",,,,"(33.24, 37.89)",,,,,,,"(267.14, 197.69)","(141.76, 39.28)","(547.69, 37.62)",,"(320.73, 24.77)","(140.28, 25.15)",,,,,"(286.26, 220.11)",,,,,"(52.32, 29.38)",,,,,"(196.35, 26.18)",,,,,,,,,,"(269.91, 16.61)",,,,,,,,,,,,,"(524.13, 112.16)",,,,,,,"(690.45, 199.58)","(685.57, 40.40)",,,,,,,,,,,,"(385.67, 48.46)",,,"(688.49, 114.47)",,,,,,"(636.71, 106.73)","(384.42, 446.49)","(422.75, 51.32)",,
812,,,,,"(160.91, 21.64)",,"(391.27, 447.08)",,"(381.21, 20.51)",,,,"(33.27, 37.95)",,,,,,,"(267.12, 197.69)","(140.50, 39.64)","(547.68, 37.59)",,"(321.16, 24.95)","(140.50, 23.42)",,,,,"(286.27, 220.11)",,,,,"(49.98, 29.93)",,,,,"(195.33, 26.56)",,,,,,,,,,"(269.89, 16.61)",,,,,,,,,,,,,"(524.13, 112.14)",,,,,,,"(690.88, 201.18)","(685.64, 41.47)",,,,,,,,,,,,"(385.57, 48.51)",,,"(688.48, 114.43)",,,,,,"(637.02, 108.44)","(384.39, 446.47)","(422.60, 51.29)",,
813,,,,,"(160.98, 21.59)",,"(391.31, 447.09)",,"(381.44, 21.05)",,,,"(33.39, 38.04)",,,,,,,"(267.13, 197.71)","(139.50, 40.23)","(547.68, 37.63)",,"(321.03, 25.30)","(140.71, 21.72)",,,,,"(286.26, 220.13)",,,,,"(48.10, 30.46)",,,,,"(194.74, 26.86)",,,,,,,,,,"(269.96, 16.61)",,,,,,,,,,,,,"(524.17, 112.12)",,,,,,,"(691.16, 202.51)","(685.16, 42.81)",,,,,,,,,,,,"(385.67, 48.54)",,,"(688.57, 114.45)",,,,,,"(637.11, 110.67)","(384.37, 446.49)","(422.66, 51.44)",,
814,,,,,"(161.00, 21.56)",,"(391.27, 447.07)",,"(381.61, 21.47)",,,,"(33.45, 38.06)",,,,,,,"(267.10, 197.70)","(138.07, 40.40)","(547.68, 37.62)",,"(321.56, 25.98)","(141.18, 19.98)",,,,,"(286.23, 220.14)",,,,,"(45.33, 30.81)",,,,,"(194.08, 26.99)",,,,,,,,,,"(269.81, 17.11)",,,,,,,,,,,,,"(524.22, 111.98)",,,,,,,"(690.64, 204.12)","(684.71, 44.00)",,,,,,,,,,,,"(385.58, 48.51)",,,"(688.54, 114.44)",,,,,,"(637.59, 113.80)","(384.33, 446.47)","(422.79, 51.55)",,
815,,,,,"(160.96, 21.55)",,"(391.29, 447.08)",,"(381.75, 21.85)",,,,"(33.43, 37.99)",,,,,,,"(267.08, 197.71)","(136.90, 39.98)","(547.66, 37.62)",,"(321.10, 26.38)","(141.33, 19.97)",,,,,"(286.16, 220.09)",,,,,"(42.78, 30.78)",,,,,"(192.23, 27.27)",,,,,,,,,,"(269.54, 17.21)",,,,,"(317.87, 22.99)",,,,,,,,"(524.06, 111.57)",,,,,,,"(690.50, 205.55)","(684.03, 44.72)",,,,,,,,,,,,"(385.57, 48.58)",,,"(688.56, 114.40)",,,,,,"(637.82, 116.05)","(384.35, 446.49)","(422.79, 51.53)",,
816,,,,,"(160.98, 21.50)",,"(391.29, 447.09)",,"(382.36, 22.68)",,,,"(33.59, 37.85)",,,,,,,"(267.06, 197.70)","(136.00, 39.47)","(547.66, 37.61)",,"(321.20, 26.27)","(142.00, 19.73)",,,,,"(286.16, 220.14)",,,,,"(40.44, 31.27)",,,,,"(191.26, 27.26)",,,,,,,,,,"(269.50, 17.38)",,,,,"(317.51, 23.32)",,,,,,,,"(523.63, 110.66)",,,"(583.55, 63.37)",,,,"(690.25, 207.13)","(683.77, 46.21)",,,,,,,,,,,,"(385.45, 48.38)",,,"(688.51, 114.48)",,,,,,"(638.97, 119.70)","(384.38, 446.49)","(422.83, 51.64)",,
817,,,,,"(160.98, 21.49)",,"(391.25, 447.07)",,"(382.75, 23.30)",,,,"(33.67, 37.96)",,,,,,,"(267.03, 197.72)","(135.59, 38.77)","(547.70, 37.61)",,"(321.24, 26.08)","(143.14, 18.99)",,,,,"(286.14, 220.09)",,,,,"(36.97, 31.55)",,,,,"(189.75, 26.55)",,,,,,,,,,"(269.53, 17.63)",,,,,"(316.99, 22.75)",,,,,,,,"(523.53, 109.98)",,,,,,,"(689.87, 209.04)","(683.41, 46.91)",,,,,,,,,,,,"(385.41, 48.32)",,,"(688.47, 114.49)",,,,,,"(639.33, 122.69)","(384.35, 446.46)","(423.16, 51.66)",,
818,,,,,"(161.02, 21.46)",,"(391.28, 447.07)",,"(383.06, 24.23)",,,,"(33.67, 38.03)",,,,,,,"(267.00, 197.71)","(134.35, 37.95)","(547.67, 37.60)",,"(321.03, 25.40)","(144.13, 18.97)",,,,,"(286.14, 220.09)",,,,,"(35.17, 31.62)",,,,,"(187.84, 25.73)",,,,,,,,,,"(269.28, 17.71)",,,,,"(316.49, 21.97)",,,,,,,,"(523.65, 109.38)",,,"(583.71, 63.33)",,,,"(689.55, 211.24)","(683.00, 47.79)",,,,,,,,,,,,"(385.39, 48.33)",,,"(688.51, 114.47)",,,,,,"(640.22, 124.92)","(384.36, 446.49)","(422.89, 51.62)",,
819,,,,,"(161.06, 21.51)",,"(391.28, 447.05)",,"(383.58, 25.63)",,,,"(33.74, 37.77)",,,,,,,"(267.00, 197.68)","(133.87, 37.01)","(547.70, 37.62)",,"(321.19, 24.97)","(145.25, 18.80)",,,,,"(286.18, 220.06)",,,,,"(33.49, 31.39)",,,,,"(185.70, 24.20)",,,,,,,,,,"(268.94, 18.29)",,,,,"(316.13, 21.18)",,,,,,,,"(523.82, 108.59)",,,"(583.68, 63.32)",,,,"(688.59, 212.93)","(682.60, 48.87)",,,,,,,,,,,,"(385.43, 48.54)",,,"(688.56, 114.49)",,,,,,"(640.74, 127.26)","(384.38, 446.48)","(423.53, 51.95)",,
820,,,,,"(161.10, 21.55)",,"(391.31, 447.05)",,"(383.90, 26.40)",,,,"(33.60, 37.75)",,,"(200.95, 2.21)",,,,"(267.02, 197.67)","(133.42, 36.34)","(547.68, 37.68)",,"(320.94, 23.55)","(146.37, 18.25)",,,,,"(286.17, 220.05)",,,,,"(30.29, 30.73)",,,,,"(183.90, 23.01)",,,,,,,,,,"(268.54, 18.54)",,,,,"(314.49, 20.93)",,,,,,,,"(523.84, 107.42)",,,,,,,"(687.28, 215.02)","(682.26, 49.77)",,,,,,,,,,,,"(385.48, 48.60)",,,"(688.55, 114.46)",,,,,,"(641.48, 129.38)","(384.42, 446.46)","(424.08, 52.48)",,
821,,,,,"(161.02, 21.48)",,"(391.28, 447.06)",,"(384.43, 27.51)",,,,"(33.34, 37.83)",,,"(200.98, 2.25)",,,,"(267.05, 197.68)","(133.33, 35.64)","(547.72, 37.74)",,"(321.84, 24.00)","(148.23, 18.47)",,,,,"(286.18, 220.07)",,,,,"(28.13, 30.20)",,,,,"(182.58, 21.90)",,,,,,,,,,"(267.56, 18.89)",,,,,"(312.85, 20.64)",,,,,,,,"(523.64, 106.23)",,,"(583.41, 63.22)",,,,"(685.95, 216.46)","(681.68, 50.91)",,,,,,,,,,,,"(385.55, 48.72)",,,"(688.61, 114.40)",,,,,,"(641.48, 131.47)","(384.44, 446.43)","(423.90, 52.23)",,"(139.50, 17.60)"
822,,,,,"(161.29, 21.47)",,"(391.32, 447.07)",,"(384.41, 29.01)",,,,"(33.36, 38.10)",,,"(200.93, 2.31)",,,,"(267.06, 197.69)","(133.04, 34.35)","(547.72, 37.73)",,"(321.80, 23.32)","(149.65, 18.41)",,,,,"(286.17, 220.08)",,,,,"(25.81, 29.19)",,,,,"(180.94, 21.02)",,,,,,,,,,"(266.74, 19.07)",,,,,"(311.13, 20.50)",,,,,,,,"(524.10, 105.45)",,,"(583.42, 63.23)",,,,"(683.96, 218.63)","(681.03, 52.08)",,,,,,,,,,,,"(385.49, 48.82)",,,"(688.53, 114.36)",,,,,,"(641.62, 133.32)","(384.48, 446.44)","(423.97, 52.32)",,"(139.02, 18.98)"
823,,,,,"(161.16, 21.54)",,"(391.30, 447.06)",,"(384.53, 30.39)",,,,"(33.40, 38.18)",,,"(200.81, 2.36)",,,,"(267.06, 197.66)","(132.93, 32.37)","(547.72, 37.73)",,"(321.55, 22.01)","(152.45, 18.29)",,,,,"(286.18, 220.08)",,,,,"(23.35, 27.76)",,,,,"(179.19, 20.10)",,,,,,,,,,"(265.34, 19.20)",,,,,"(308.96, 19.99)",,,,,,,,"(524.11, 105.06)",,,,,,,"(681.90, 219.07)","(680.42, 53.43)",,,,,,,,,,,,"(385.48, 48.65)",,,"(688.52, 114.40)",,,,,,"(642.02, 135.13)","(384.45, 446.44)","(423.77, 52.25)",,"(138.04, 20.80)"
824,,,,,"(161.17, 21.65)",,"(391.34, 447.03)",,"(384.50, 32.34)",,,,"(33.79, 38.16)",,,,,,,"(267.13, 197.66)","(132.92, 30.62)","(547.71, 37.77)",,"(321.61, 21.71)","(153.21, 18.37)",,,,,"(286.19, 220.07)",,,,,"(21.72, 26.60)",,,,,"(177.28, 19.38)",,,,,,,,,,"(264.20, 18.69)",,,,,"(307.97, 19.64)",,,,,,,,,,,,,,,"(681.85, 219.47)","(679.94, 54.55)",,,,,,,,,,,,"(385.45, 48.38)",,,"(688.53, 114.44)",,,,,,"(642.68, 136.72)","(384.43, 446.42)","(423.69, 52.29)","(318.17, 56.20)","(137.65, 21.10)"
825,,,,,"(160.76, 21.53)",,"(391.31, 447.03)",,"(384.65, 33.65)",,,,"(33.78, 38.22)",,,,,,,"(267.12, 197.70)","(132.69, 28.94)","(547.71, 37.80)",,"(321.23, 20.74)","(153.79, 18.25)",,,,,"(286.19, 220.10)",,,,,"(19.40, 25.40)",,,,,"(175.95, 18.60)",,,,,,,,,,"(262.67, 18.14)",,,,,"(306.62, 19.21)",,,,,,,,,,,,,,,"(680.80, 220.35)","(680.08, 55.06)",,,,,,,,,,,,"(385.38, 48.66)",,,"(688.52, 114.44)",,,,,,"(643.64, 138.91)","(384.44, 446.42)","(423.65, 52.31)","(318.19, 56.26)","(137.62, 21.42)"
826,,,,,"(160.62, 21.18)",,"(391.33, 447.03)",,"(384.65, 34.57)",,,,"(33.72, 38.21)",,,"(200.78, 2.32)",,,,"(267.07, 197.69)","(133.51, 25.74)","(547.69, 37.83)",,"(321.24, 20.43)",,,,,,"(286.17, 220.11)",,,,,"(18.19, 24.80)",,,,,"(174.47, 17.96)",,,,,,,,,,"(261.76, 17.71)",,,,,"(306.32, 19.11)",,,,,,,,,,,"(582.84, 63.02)",,,,"(679.11, 221.06)",,,,,,,,,,,,,"(385.27, 48.56)",,,"(688.47, 114.45)",,,,,,"(644.48, 139.83)","(384.41, 446.41)","(423.63, 52.29)","(318.14, 55.52)","(138.35, 21.27)"
827,,,,,"(160.51, 21.17)",,"(391.33, 447.05)",,"(384.84, 35.70)",,,,"(33.90, 38.23)",,,"(200.72, 2.25)",,,,"(267.06, 197.71)",,"(547.67, 37.86)",,"(320.95, 20.50)",,,,,,"(286.14, 220.13)",,,,,"(17.81, 25.13)",,,,,"(173.59, 18.36)",,,,,,,,,,"(261.01, 17.63)",,,,,"(305.37, 19.11)",,,,,,,,,,,"(583.06, 64.10)",,,,"(677.88, 222.01)",,,,,,,,,,,,,"(385.30, 48.59)",,,"(688.47, 114.49)",,,,,,"(644.93, 140.71)","(384.41, 446.40)","(423.60, 52.28)","(318.21, 55.14)",
828,,,,,"(160.62, 21.12)",,"(391.33, 447.06)",,"(385.08, 36.74)",,,,"(33.57, 38.44)",,,,,,,"(267.08, 197.70)",,"(547.69, 37.92)",,"(320.51, 20.01)",,,,,,"(286.14, 220.15)",,,,,"(17.36, 24.94)",,,,,"(173.35, 18.54)",,,,,,,,,,"(259.82, 17.23)",,,,,"(304.22, 19.57)",,,,,,,,,,,"(583.05, 64.03)",,,,"(676.81, 223.31)",,,,,,,,,,,,,"(385.31, 48.46)",,,"(688.51, 114.48)",,,,,,"(645.42, 141.24)","(384.43, 446.41)","(423.60, 52.30)","(318.20, 54.77)","(135.38, 21.67)"
829,,,,,"(160.44, 20.93)",,"(391.31, 447.08)",,"(385.18, 37.55)",,,,"(33.59, 38.47)",,,,,,,"(267.09, 197.72)",,"(547.67, 37.98)",,"(320.26, 20.47)",,,,,,"(286.13, 220.13)",,,,,"(17.21, 25.25)",,,,,"(171.47, 18.72)",,,,,,,,,,"(258.84, 16.90)",,,,,"(302.24, 20.06)",,,,,,,,,,,,,,,"(675.35, 225.43)","(675.11, 63.87)",,,,"(408.39, 104.74)",,,,,,,,"(385.41, 48.49)",,,"(688.51, 114.55)",,,,,,"(646.22, 141.29)","(384.40, 446.39)","(423.59, 52.30)","(318.59, 53.74)","(135.05, 20.80)"
830,,,,,"(160.15, 20.96)",,"(391.28, 447.08)",,"(384.89, 38.25)",,,,"(33.54, 38.48)",,,,,,,"(267.07, 197.72)",,"(547.44, 37.98)",,"(320.30, 20.48)",,,,,,"(286.13, 220.14)",,,,,,,,,,,,,,,,,,,,"(258.03, 16.73)",,,,,"(299.78, 20.13)",,,,,,,,,,,,,,,"(674.80, 227.52)","(674.90, 64.56)",,,,"(406.01, 105.26)",,,,,,,,"(385.40, 48.39)",,,"(688.49, 114.55)",,,,,,"(646.33, 141.06)","(384.41, 446.45)","(423.59, 52.27)","(318.70, 52.07)","(135.06, 20.92)"
831,,,,,"(159.67, 20.95)",,"(391.33, 447.08)",,"(384.21, 39.01)",,,,"(33.57, 38.55)",,,,,,,"(267.08, 197.74)",,"(546.81, 38.44)",,"(319.78, 20.62)",,,,,,"(286.11, 220.15)",,,,,,,,,,,,,,,,,,,,"(258.01, 16.61)",,,,,"(297.59, 19.95)",,,,,,,,,,,"(583.46, 63.52)",,,,"(674.68, 229.93)","(674.84, 64.97)",,,,"(403.97, 105.59)",,,,,,,,"(385.19, 48.35)",,,"(688.51, 114.53)",,,,,,"(646.79, 140.81)","(384.37, 446.50)","(423.58, 52.23)","(318.91, 51.08)","(135.08, 21.26)"
832,,,,,"(159.70, 20.72)",,"(391.34, 447.09)",,"(384.04, 39.54)",,,,"(33.57, 38.56)",,,,,,,"(267.07, 197.76)",,"(545.82, 38.75)",,"(319.28, 20.69)",,,,,,"(286.12, 220.16)",,,,,,,,,,,,,,,,,,,,"(257.84, 16.49)",,,,,"(295.87, 19.26)",,,,,,,,,,,"(583.44, 63.56)",,,,"(675.48, 232.49)","(674.29, 66.34)",,,,,,,,,,,,"(385.38, 48.53)",,,"(688.57, 114.55)",,,,,,"(647.46, 141.27)","(384.38, 446.52)","(423.62, 52.14)","(318.99, 49.74)","(135.35, 21.73)"
833,,,,,"(159.62, 20.55)",,"(391.37, 447.06)",,"(383.79, 39.80)",,,,"(33.62, 38.63)",,,,,,,"(267.08, 197.76)",,"(544.93, 39.37)",,"(318.77, 20.66)",,,,,,"(286.14, 220.17)",,,,,,,,,,,,,,,,,,,,"(257.56, 16.41)",,,,,"(294.69, 19.11)",,,,,,,,,,,"(583.34, 63.52)",,,,"(675.46, 235.25)","(673.86, 67.56)",,,,,,,,,,,,"(385.49, 48.62)",,,"(688.56, 114.55)",,,,,,"(647.93, 141.52)","(384.42, 446.49)","(423.64, 52.08)","(319.25, 47.40)","(135.52, 21.91)"
834,,,,,"(158.51, 19.54)",,"(391.38, 447.02)",,"(383.33, 40.50)",,,,"(33.61, 38.58)",,,,,,,"(267.07, 197.75)",,"(544.73, 39.36)",,"(317.95, 20.64)",,,,,,"(286.14, 220.16)",,,,,,,,,,"(167.26, 19.14)",,,,,,,,,,"(257.16, 16.72)",,,,,"(293.14, 19.03)",,,,,,,,,,,"(583.33, 63.53)",,,,"(675.54, 237.75)",,,,,,,,,,,,,"(385.47, 48.50)",,,"(688.56, 114.55)",,,,,,"(648.78, 142.19)","(384.42, 446.46)","(423.30, 51.84)","(319.14, 45.47)","(135.94, 22.03)"
835,,,,,"(157.86, 18.34)",,"(391.37, 447.02)",,"(382.52, 40.76)",,,,"(33.75, 38.52)",,,,,,,"(267.07, 197.73)",,"(544.09, 39.71)",,"(317.19, 20.36)",,,,,,"(286.17, 220.15)",,,,,,,,,,"(168.72, 18.14)",,,,,,,,,,"(257.16, 17.21)",,,,,"(291.53, 18.90)",,,,,,,,,,,,,,,"(675.48, 240.79)",,,,,,,,,,,,,"(385.30, 48.53)",,,"(688.51, 114.57)",,,,,,"(649.58, 142.10)","(384.41, 446.43)","(423.02, 51.51)","(319.39, 43.40)","(136.65, 22.60)"
836,,,,,"(158.16, 18.45)",,"(391.35, 447.03)",,"(382.00, 41.03)",,,,"(33.99, 38.47)",,,,,,,"(267.10, 197.73)",,"(543.65, 39.77)",,"(316.42, 19.88)",,,,,,"(286.18, 220.16)",,,,,,,,,,"(170.11, 18.21)",,,,,,,,,,"(256.17, 17.07)",,,,,"(289.82, 19.42)",,,,,,,,,,,,,,,"(675.31, 243.70)",,,,,,,,,,,,,"(385.43, 48.47)",,,"(688.58, 114.57)",,,,,,"(649.80, 141.81)","(384.41, 446.42)","(423.02, 51.50)","(319.29, 41.27)","(138.19, 23.33)"
837,,,,,"(159.63, 18.59)",,"(391.39, 447.05)",,"(381.58, 41.22)",,,,"(34.02, 38.49)",,,,,,,"(267.10, 197.73)",,"(543.25, 40.03)",,"(315.66, 19.81)",,,,,,"(286.19, 220.16)",,,,,,,,,,"(170.10, 18.19)",,,,,,,,,,"(255.78, 17.12)",,,,,"(288.19, 19.46)",,,,,,,,,,,"(583.06, 64.18)",,,,"(675.40, 247.33)",,,,,,,,,,,,,"(385.59, 48.62)",,,"(688.60, 114.56)",,,,,,"(649.90, 141.87)","(384.46, 446.46)","(423.04, 51.59)","(319.30, 39.31)","(138.82, 23.25)"
838,,,,,,,"(391.32, 447.08)",,"(381.04, 41.44)",,,,"(34.21, 38.46)",,,,,,,"(267.08, 197.75)",,"(542.84, 40.01)",,"(315.18, 19.86)",,,,,,"(286.18, 220.17)",,,,,,,,,,"(170.90, 18.33)",,,,,,,,,,"(255.29, 17.26)",,,,,"(286.71, 19.06)",,,,,,,,,,,,,,,"(675.46, 250.64)",,,,,,,,,,,,,"(385.55, 48.71)",,,"(688.59, 114.53)",,,,,,"(667.93, 141.26)","(384.45, 446.44)","(423.08, 51.71)","(319.09, 37.21)","(139.48, 23.58)"
839,,,,,"(162.06, 18.47)",,"(391.34, 447.05)",,"(380.54, 41.78)",,,,"(34.67, 38.48)",,,,,,,"(267.02, 197.75)","(143.43, 22.03)","(542.50, 40.08)",,"(314.36, 19.58)","(154.17, 17.29)",,,,,"(286.16, 220.16)",,,,,,,,,,"(171.42, 18.33)",,,,,,,,,,"(254.93, 17.56)",,,,,"(284.98, 18.73)",,,,,,,,,,,"(582.93, 64.22)",,,,"(675.44, 254.03)",,,,,,,,,,,,,"(385.67, 48.72)",,,"(688.67, 114.34)",,,,,,"(690.78, 140.07)","(384.44, 446.45)","(423.14, 51.84)","(319.34, 35.12)","(138.46, 25.36)"
840,,,,,,,"(391.34, 447.06)",,"(379.91, 42.26)",,,,"(35.18, 38.19)",,,"(200.98, 2.37)",,,,"(267.00, 197.81)","(143.91, 22.29)","(542.47, 39.94)",,"(313.77, 19.70)","(154.26, 17.13)",,,,,"(286.14, 220.20)",,,,,,,,,,"(171.63, 18.36)",,,,,,,,,,"(254.89, 17.54)",,,,,"(284.64, 18.73)",,,,,,,,,,,"(582.97, 64.24)",,,,"(675.76, 257.14)",,,,,,,,,,,,,"(386.07, 48.95)",,,"(688.79, 114.47)",,,,,,"(690.89, 139.48)","(384.45, 446.42)","(423.02, 51.89)","(319.57, 33.37)","(138.36, 26.93)"
841,,,,,"(161.43, 19.54)",,"(391.35, 447.05)",,"(379.72, 42.60)",,,,"(36.17, 37.80)",,,,,,,"(267.01, 197.85)","(145.93, 22.14)","(542.50, 39.88)",,"(313.02, 19.69)","(154.57, 17.00)",,,,,"(286.16, 220.23)",,,,,,,,,,"(171.47, 18.26)",,,,,,,,,,"(254.77, 17.67)",,,,,"(284.47, 18.26)",,,,,,,,,,,"(582.99, 64.22)",,,,"(676.09, 260.55)",,,,,,,,,,,,,"(386.15, 48.71)",,,"(688.80, 114.48)",,,,,,"(690.91, 139.48)","(384.44, 446.44)","(422.88, 51.74)","(319.64, 31.26)","(138.97, 28.58)"
842,,,,,"(162.94, 19.70)",,"(391.38, 447.05)",,"(379.28, 43.34)",,,,"(36.92, 37.28)",,,,,,,"(267.05, 197.81)","(147.74, 21.48)","(542.57, 39.79)",,"(312.22, 19.84)",,,,,,"(286.13, 220.22)",,,,,,,,,,"(171.70, 18.42)",,,,,,,,,,"(254.81, 17.67)",,,,,"(283.74, 17.98)",,,,,,,,,,,"(582.94, 64.30)",,,,"(676.15, 263.94)",,,,,,,,,,,,,"(386.28, 48.95)",,,"(688.80, 114.49)",,,,,,"(690.90, 139.50)",,"(422.89, 51.73)","(319.64, 29.42)","(139.47, 28.55)"
843,,,,,"(163.16, 19.77)",,"(391.39, 447.04)",,"(379.04, 43.90)",,,,"(37.39, 37.29)",,,,,,,"(267.06, 197.81)","(147.36, 21.86)","(542.69, 39.65)",,"(311.19, 20.02)",,,,,,"(286.11, 220.25)",,,,,,,,,,"(172.30, 18.33)",,,,,,,,,,"(254.83, 17.07)",,,,,"(282.13, 16.93)",,,,,,,,,,,"(582.99, 64.45)",,,,"(675.85, 266.92)",,,,,,,,,,,,,"(386.28, 48.91)",,,"(688.80, 114.50)",,,,,,"(690.89, 139.59)",,"(422.95, 51.74)","(320.02, 26.50)","(140.09, 27.29)"
844,,,,,"(163.21, 19.50)",,"(391.36, 447.06)",,"(378.35, 44.74)",,,,"(38.14, 37.17)",,,,,,,"(267.08, 197.79)",,"(542.71, 39.62)",,"(310.00, 20.56)",,,,,,"(286.16, 220.22)",,,,,,,,,,"(172.25, 18.32)",,,,,,,,,,"(255.16, 16.23)",,,,,"(280.93, 15.85)",,,,,,,,"(523.00, 66.80)",,,,,,,"(675.81, 270.70)",,,,,,,,,,,,,"(386.07, 48.64)",,,"(688.77, 114.56)",,,,,,"(690.87, 139.58)",,"(422.95, 51.65)","(319.70, 23.94)","(141.88, 25.25)"
845,,,,,"(162.75, 19.36)",,"(391.39, 447.02)",,"(377.97, 45.54)",,,,"(38.59, 37.21)",,,,,,,"(267.09, 197.81)",,"(542.71, 39.61)",,"(308.65, 20.57)",,,,,,"(286.17, 220.21)",,,,,,,,,,"(171.35, 19.05)",,,,,,,,,,"(256.28, 15.09)",,,,,,,,,,,,,"(522.91, 65.81)",,,,,,,"(675.75, 273.95)",,,,,,,,,,,,,"(385.76, 48.63)",,,"(688.80, 114.57)",,,,,,"(690.86, 139.59)",,"(422.80, 51.23)","(319.57, 22.21)","(143.28, 24.11)"
846,,,,,"(163.22, 19.49)",,"(391.36, 447.03)",,"(376.77, 46.60)",,,,"(38.80, 37.25)",,,,,,,"(267.14, 197.82)",,"(542.69, 39.60)",,"(307.97, 20.19)","(151.31, 16.21)",,,,,"(286.17, 220.21)",,,,,"(18.37, 36.39)",,,,,"(171.31, 18.96)",,,,,,,,,,"(256.22, 15.38)",,,,,,,,,,,,,"(522.91, 65.25)",,,,,,,"(676.11, 277.34)",,,,,,,,,,,,,"(385.44, 48.86)",,,"(688.86, 114.59)",,,,,,"(690.66, 139.60)","(384.39, 446.48)","(422.21, 50.68)","(319.89, 22.12)","(144.40, 23.78)"
847,,,,,"(163.09, 19.51)",,"(391.32, 447.05)",,"(376.65, 47.29)",,,,"(38.53, 37.14)",,,"(200.45, 2.52)",,,,"(267.11, 197.84)",,"(542.65, 39.58)",,"(305.73, 19.72)","(150.61, 15.06)",,,,,"(286.13, 220.26)",,,,,"(19.45, 37.52)",,,,,,,,,,,,,,,"(256.45, 15.72)",,,,,,,,,,,,,"(523.44, 64.76)",,,,,,,"(675.77, 280.75)",,,,,,,,,,,,,"(385.43, 48.69)",,,"(688.83, 114.55)",,,,,,"(690.70, 138.68)","(384.36, 446.41)","(422.24, 50.20)","(319.56, 22.07)",
848,,,,,"(162.51, 20.14)",,"(391.32, 447.06)",,"(376.74, 48.09)",,,,"(38.62, 37.19)",,,,,,,"(267.12, 197.82)",,"(542.62, 39.58)",,"(304.50, 19.25)","(150.54, 14.27)",,,,,"(286.17, 220.26)",,,,,"(21.38, 39.18)",,,,,"(169.38, 17.86)",,,,,,,,,,"(257.78, 16.11)",,,,,,,,,,,,,"(523.72, 64.07)",,,,,,,"(675.60, 284.14)",,,,,,,,,,,,,"(385.60, 48.50)",,,"(688.92, 114.56)",,,,,,"(690.29, 136.89)","(384.44, 446.42)","(421.86, 49.55)","(319.76, 21.76)",
849,,,,,"(161.28, 18.94)",,"(391.32, 447.07)",,"(377.03, 48.76)",,,,"(38.70, 37.23)",,,"(200.70, 2.40)",,,,"(267.10, 197.80)",,"(542.70, 39.52)",,"(302.82, 18.57)","(149.74, 11.89)",,,,,"(286.15, 220.25)",,,,,"(22.96, 39.53)",,,,,"(167.47, 15.97)",,,,,,,,,,"(259.64, 16.78)",,,,,,,,,,,,,,,,,,,,"(675.46, 287.29)","(656.00, 104.38)",,,,,,,,,,,,"(385.68, 48.54)",,,"(689.07, 114.48)",,,,,,"(689.35, 135.38)",,"(421.48, 48.45)","(319.81, 21.79)",
850,,,,,"(161.11, 17.57)",,"(391.32, 447.05)",,"(377.25, 49.42)",,,,"(38.55, 37.37)",,,"(200.86, 2.29)",,,,"(267.10, 197.79)",,"(542.82, 39.43)",,"(302.42, 19.39)","(149.08, 10.31)",,,,,"(286.14, 220.25)",,,,,"(24.96, 39.47)",,,,,"(166.25, 14.24)",,,,,,,,,,"(260.95, 17.60)",,,,,,,,,,,,,"(523.45, 55.38)",,,"(545.42, 21.17)",,,,"(675.25, 290.66)","(654.74, 105.79)",,,,,,,,,,,,"(385.42, 48.54)",,,"(688.78, 114.35)",,,,,,"(688.83, 133.47)",,"(421.14, 47.01)","(319.84, 21.82)","(148.66, 24.26)"
851,,,,,"(159.96, 16.82)",,"(391.36, 447.06)",,"(377.89, 50.47)",,,,"(37.96, 37.69)",,,"(200.94, 2.36)",,,,"(267.11, 197.79)",,"(542.76, 39.73)",,"(301.41, 20.19)","(148.67, 10.19)",,,,,"(286.16, 220.28)",,,,,"(26.03, 38.95)",,,,,"(166.58, 10.82)",,,,,,,,,,"(262.00, 18.07)",,,,,,,,,,,,,"(523.27, 55.52)",,,"(536.05, 32.69)",,,,"(674.67, 294.39)","(652.47, 108.09)",,,,,,,,,,,,"(385.41, 48.63)",,,"(688.57, 114.37)",,,,,,"(687.22, 132.16)",,"(419.70, 44.96)","(319.93, 21.83)","(149.05, 24.33)"
852,,,,,"(158.24, 16.80)",,"(391.35, 447.10)",,"(378.23, 50.98)",,,,"(37.18, 37.86)",,,"(200.72, 2.38)",,,,"(267.09, 197.76)",,"(542.77, 39.75)",,"(300.29, 20.58)","(147.44, 10.56)",,,,,"(286.17, 220.25)",,,,,"(27.41, 37.71)",,,,,"(166.12, 9.88)",,,,,,,,,,"(263.50, 18.03)",,,,,,,,,,,,,"(523.29, 55.46)",,,"(536.23, 32.64)",,,,"(674.23, 297.36)","(651.33, 110.67)",,,,,,,,,,,,"(385.60, 48.43)",,,"(688.65, 114.30)",,,,,,"(687.14, 130.62)","(384.51, 446.46)","(419.21, 43.30)","(320.06, 21.39)","(150.91, 23.92)"
853,,,,,"(184.63, 44.49)",,"(391.37, 447.08)",,"(378.44, 51.37)",,,,"(37.04, 37.43)",,,"(200.78, 2.38)",,,,"(267.08, 197.76)",,"(542.77, 39.75)",,"(299.22, 21.32)",,,,,,"(286.23, 220.24)",,,,,"(27.82, 36.36)",,,,,"(165.97, 9.75)",,,,,,,,,,"(265.09, 18.41)",,,,,,,,,,,,,"(523.34, 55.50)",,,"(536.25, 32.62)",,,,"(673.96, 299.54)","(650.02, 113.01)",,,,,,,,,,,,"(385.37, 48.38)",,,"(688.67, 114.23)",,,,,,"(686.41, 128.50)","(384.48, 446.45)","(418.00, 41.07)","(319.90, 21.19)","(151.56, 23.16)"
854,,,,,,,"(391.39, 447.07)",,"(378.94, 51.55)",,,,"(36.84, 37.11)",,,"(200.79, 2.34)",,,,"(267.10, 197.74)",,"(542.72, 39.76)",,"(298.00, 21.60)","(145.71, 11.60)",,,,,"(286.23, 220.26)",,,,,"(28.53, 34.18)",,,,,"(165.31, 9.63)",,,,,,,,,,"(267.14, 17.89)",,,,,,,,,,,,,"(523.10, 55.49)",,,"(535.62, 31.97)",,,,"(672.81, 302.72)","(648.86, 116.01)",,,,,,,,,,,,"(385.40, 48.48)",,,"(688.59, 114.36)",,,,,,"(685.12, 126.12)","(384.43, 446.46)","(416.54, 38.74)","(319.83, 20.44)","(152.56, 23.07)"
855,,,,,,,"(391.39, 447.03)",,"(379.19, 52.35)",,,,"(38.41, 37.21)",,,"(200.81, 2.38)",,,,"(267.06, 197.74)",,"(542.71, 39.72)",,"(296.52, 21.51)","(144.39, 12.17)",,,,,"(286.19, 220.26)",,,,,"(29.66, 31.33)",,,,,"(165.06, 7.81)",,,,,,,,,,"(269.31, 17.58)",,,,,,,,,,,,,"(523.10, 55.47)",,,"(534.61, 31.20)",,,,"(672.53, 306.03)","(647.37, 118.74)",,,,,,,,,,,,"(385.28, 48.57)",,,"(688.60, 114.43)",,,,,,"(683.81, 123.43)","(384.41, 446.45)","(415.04, 36.89)","(319.53, 19.77)","(153.61, 22.88)"
856,,,,,,,"(391.35, 447.04)",,"(379.68, 53.09)",,,,"(39.20, 36.48)",,,"(200.91, 2.41)",,,,"(267.06, 197.71)",,"(542.51, 39.65)",,"(295.47, 21.44)","(142.48, 13.05)",,,,,"(286.20, 220.25)",,,,,"(30.63, 28.77)",,,,,,,,,,,,,,,"(271.26, 17.19)",,,,,,,,,,,,,"(523.18, 55.43)",,,"(533.86, 29.98)",,,,"(671.05, 309.46)","(645.85, 121.16)",,,,,,,,,,,,"(385.29, 48.61)",,,"(688.92, 114.31)",,,,,,"(682.56, 121.79)","(384.40, 446.42)","(412.86, 34.40)","(319.49, 19.61)","(154.23, 23.40)"
857,,,,,,,"(391.40, 447.05)",,"(379.55, 54.24)",,,,,,,"(200.89, 2.39)",,,,"(267.06, 197.72)","(153.71, 11.33)","(542.66, 39.55)",,"(293.63, 21.38)","(142.09, 13.06)",,,,,"(286.18, 220.23)",,,,,"(31.39, 26.67)",,,,,,,,,,,,,,,"(273.66, 16.74)",,,,,,,,,,,,,"(523.32, 55.39)",,,"(532.71, 28.36)",,,,"(671.13, 312.43)","(644.34, 123.55)",,,,,,,,,,,,"(385.56, 48.64)",,,"(688.89, 114.33)",,,,,,"(681.37, 120.21)","(384.44, 446.41)","(411.83, 32.49)","(319.40, 20.47)","(155.22, 23.47)"
858,,,,,,,"(391.40, 447.04)",,"(380.02, 54.61)",,,,"(75.71, 31.61)",,,"(200.77, 2.33)",,,,"(267.01, 197.72)","(152.92, 10.11)","(542.82, 39.54)",,"(291.64, 21.42)",,,,,,"(286.14, 220.22)",,,,,"(32.01, 25.54)",,,,,,,,,,,,,,,"(275.79, 16.16)",,,,,,,,,,,,,"(523.43, 55.44)",,,"(532.08, 27.49)",,,,"(670.17, 315.73)","(643.45, 127.03)",,,,,,,,,,,,"(385.62, 48.46)",,,"(689.41, 114.39)",,,,,"(583.04, 64.50)","(680.92, 118.43)","(384.42, 446.42)","(410.57, 29.69)","(319.36, 20.92)","(155.33, 23.60)"
859,,,,,,,"(391.35, 447.05)",,"(380.50, 55.21)",,,,"(76.17, 30.83)",,,"(200.68, 2.39)",,,,"(267.00, 197.72)","(152.53, 9.71)","(542.90, 39.56)",,"(290.18, 21.22)",,,,,,"(286.13, 220.23)",,,,,"(32.57, 24.00)",,,,,,,,,,,,,,,"(278.84, 15.24)",,,,,,,,,,,,,"(523.59, 55.46)",,,"(531.41, 25.90)",,,,"(670.07, 319.45)","(642.37, 129.68)",,,,,,,,,,,,"(385.47, 48.31)",,,"(689.45, 114.42)",,,,,"(583.13, 64.37)","(679.87, 116.71)","(384.44, 446.42)","(408.81, 27.37)","(318.54, 20.66)","(156.04, 23.36)"
860,,,,,,,"(391.32, 447.04)",,"(381.41, 55.88)",,,,"(76.39, 30.43)",,,"(200.60, 2.55)",,,,"(266.97, 197.79)","(151.63, 9.85)","(542.87, 39.57)",,"(287.91, 20.57)",,,,,,"(286.09, 220.25)",,,,,"(33.62, 22.12)",,,,,,,,,,,,,,,"(279.81, 15.22)",,,,,,,,,,,,,,,,"(530.86, 25.78)",,,,"(668.95, 322.49)","(641.34, 133.15)",,,,,,,,,,,,"(385.68, 48.02)",,,"(689.70, 114.33)",,,,,"(583.06, 64.35)","(680.06, 114.77)","(384.42, 446.42)","(407.66, 24.47)","(318.10, 20.85)","(156.88, 23.30)"
861,,,,,,,"(391.32, 447.04)",,"(381.97, 56.39)",,,,"(76.38, 29.57)",,,,,,,"(266.96, 197.79)","(149.66, 9.76)","(542.87, 39.60)",,"(286.18, 19.88)",,,,,,"(286.11, 220.25)",,,,,"(34.66, 20.60)",,,,,,,,,,,,,,,"(280.38, 16.07)",,,,,,,,,,,,,,,,"(530.82, 25.40)",,,,"(668.92, 325.86)","(640.17, 135.65)",,,,,,,,,,,,"(385.64, 47.95)",,,"(689.24, 114.67)",,,,,,"(680.06, 112.69)","(384.38, 446.43)","(406.16, 22.14)","(317.11, 20.62)","(158.64, 23.39)"
862,,,,,,,"(391.34, 447.01)",,"(382.49, 56.90)",,,,"(76.27, 27.73)",,,,,,,"(266.94, 197.78)",,"(542.85, 39.59)",,"(283.65, 18.44)",,,,,,"(286.10, 220.22)",,,,,"(34.66, 20.87)",,,,,,,,,,,,,,,,,,,,,,,,,,,,,,,"(530.23, 24.41)",,,,"(668.12, 329.20)","(639.42, 137.97)",,,,,,,,,,,,"(385.64, 47.97)",,,"(688.94, 114.82)",,,,,,"(680.20, 111.95)","(384.39, 446.40)","(404.29, 18.69)","(316.75, 20.34)","(159.76, 22.54)"
863,,,,,,,"(391.33, 446.99)",,"(383.28, 57.62)",,,,"(76.25, 25.78)",,,"(200.66, 2.39)",,,,"(266.96, 197.76)",,"(542.83, 39.37)",,"(284.54, 18.84)",,,,,,"(286.12, 220.24)",,,,,"(34.84, 21.08)",,,,,,,,,,,,,,,,,,,,,,,,,,,,,,,"(530.01, 23.74)",,,,"(667.80, 332.50)","(638.11, 141.01)",,,,,,,,,,,,"(385.43, 48.17)",,,"(688.48, 115.10)",,,,,"(680.17, 106.43)","(680.37, 111.42)","(384.37, 446.38)","(403.93, 18.60)","(316.32, 20.15)","(161.18, 21.50)"
864,,,,,,,"(391.36, 447.04)",,"(384.04, 58.09)",,,,"(76.05, 25.35)",,,"(200.59, 2.39)",,,,"(266.96, 197.82)",,"(542.81, 39.33)",,"(284.54, 19.20)",,,,,,"(286.11, 220.22)",,,,,"(35.92, 21.03)",,,,,,,,,,,,,,,,,,,,,,,,,,,,,,,"(529.89, 22.88)",,,,"(667.35, 335.80)","(637.30, 144.09)",,,,,,,,,,,,"(385.44, 48.34)",,,"(688.24, 115.23)",,,,,"(680.81, 105.77)",,"(384.40, 446.42)","(403.76, 18.60)","(315.79, 20.81)","(160.58, 20.70)"
865,,,,,,,"(391.37, 447.07)",,"(384.42, 58.60)",,,,"(76.04, 25.53)",,,"(200.53, 2.46)",,,,"(266.94, 197.79)",,"(542.84, 39.33)",,"(280.61, 19.78)","(142.63, 12.27)",,,,,"(286.11, 220.22)",,,,,"(38.68, 21.19)",,,,,"(166.63, 19.64)",,,,,,,,,,"(288.79, 19.90)",,,,,,,,,,,,,,,,"(530.13, 20.33)",,,,"(666.57, 338.63)","(636.37, 147.33)",,,,,,,,,,,,"(385.39, 48.30)",,,"(688.24, 115.23)",,,,,"(680.99, 104.82)",,"(384.39, 446.47)","(402.97, 18.60)","(314.90, 21.51)","(162.15, 18.48)"
866,,,,,,,"(391.30, 447.06)",,"(385.68, 59.62)",,,,"(76.33, 25.82)",,,"(200.68, 2.34)",,,,"(266.94, 197.78)",,"(542.84, 39.31)",,"(279.10, 19.87)","(141.78, 12.38)",,,,,"(286.08, 220.22)",,,,,"(40.72, 20.60)",,,,,"(167.12, 18.54)",,,,,,,,,,"(291.11, 21.14)",,,,,,,,,,,,,,,,"(530.05, 18.50)",,,,"(665.84, 341.93)","(634.92, 150.59)",,,,,,,,,,,,"(385.56, 48.23)",,,"(688.70, 115.14)",,,,,"(681.47, 104.05)",,"(384.41, 446.47)","(402.34, 19.00)","(313.53, 21.76)","(162.85, 17.02)"
867,,,,,,,"(391.30, 447.08)",,"(386.73, 60.73)",,,,"(76.38, 25.80)",,,"(200.70, 2.30)",,,,"(266.97, 197.76)",,"(542.83, 39.30)",,"(277.16, 19.55)","(141.60, 12.56)",,,,,"(286.07, 220.22)",,,,,"(43.50, 21.18)",,,,,"(168.99, 18.53)",,,,,,,,,,"(292.59, 21.92)",,,,,,,,,,,,,,,,"(530.18, 17.04)",,,,"(664.64, 344.62)","(633.44, 153.22)",,,,,,,,,,,,"(385.51, 48.20)",,,"(689.06, 114.87)",,,,,,,"(384.45, 446.42)","(401.16, 19.38)","(312.62, 21.93)",
868,,,,,,,"(391.32, 447.06)",,"(387.61, 62.01)",,,,"(76.33, 25.67)",,,"(200.99, 2.20)",,,,"(267.00, 197.78)",,"(542.65, 39.30)",,"(275.43, 19.45)","(142.22, 12.47)",,,,,"(286.08, 220.20)",,,,,"(45.72, 21.39)",,,,,"(170.87, 18.05)",,,,,,,,,,"(294.68, 22.82)",,,,,,,,,,,,,"(583.43, 63.34)",,,,,,,"(663.57, 348.13)","(632.13, 155.29)",,,,,,,,,,,,"(385.58, 48.08)",,,"(688.92, 114.79)",,,,,,,"(384.50, 446.38)","(399.92, 19.67)","(311.74, 21.98)",
869,,,,,,,"(391.33, 447.09)",,"(388.65, 63.29)",,,,"(76.17, 25.50)",,,"(201.03, 2.17)",,,,"(266.97, 197.79)",,"(542.61, 39.28)",,"(274.43, 19.27)","(144.92, 13.07)",,,,,"(286.08, 220.21)",,,,,"(47.74, 21.47)",,,,,"(172.16, 17.99)",,,,,,,,,,"(296.52, 23.49)",,,,,,,,,,,,,"(583.52, 63.41)",,,,,,,"(662.39, 351.21)","(631.20, 157.64)",,,,,,,,,,,,"(385.56, 48.03)",,,"(688.89, 114.82)",,,,,,,"(384.46, 446.43)","(397.74, 20.39)","(310.23, 21.56)",
870,,,,,,,"(391.29, 447.11)",,"(389.29, 65.12)",,,,"(75.97, 25.41)",,,"(201.00, 2.01)",,,,"(267.01, 197.79)",,"(540.91, 38.65)",,"(273.23, 19.03)","(143.37, 13.27)",,,,,"(286.09, 220.22)",,,,,"(50.86, 22.06)",,,,,"(173.26, 18.50)",,,,,,,,,,"(298.14, 24.12)",,,,,,,,,,,,,"(583.45, 63.63)",,,,,,,"(661.53, 354.23)","(629.77, 160.34)",,,,,,,,,,,,"(385.61, 48.12)",,,"(689.03, 114.91)",,,,,,,"(384.42, 446.47)","(396.06, 20.65)","(309.45, 20.70)",
871,,,,,,,"(391.38, 447.09)",,"(391.73, 67.32)",,,,"(74.69, 25.63)",,,"(200.87, 2.10)",,,,"(267.00, 197.81)","(139.67, 13.95)",,,"(271.29, 19.14)","(145.01, 13.27)",,,,,"(286.11, 220.24)",,,,,"(56.21, 22.86)",,,,,"(175.70, 20.73)",,,,,,,,,,"(301.86, 24.66)",,,,,,,,,,,,,,,,"(520.60, 24.93)",,,,"(658.56, 360.02)","(627.39, 163.47)",,,,"(406.43, 70.54)",,,,,,,,"(385.49, 48.22)",,,"(689.19, 115.27)",,,,,,,"(384.43, 446.42)","(392.53, 20.99)","(309.58, 20.13)",
