1,1,29.084,358.872,5.070,9.603,1,1,1.0
1,2,19.781,353.074,5.717,5.651,1,1,1.0
1,3,62.365,394.740,8.736,4.989,1,1,1.0
1,4,34.055,389.228,7.219,7.954,1,1,1.0
1,6,23.983,391.822,4.697,6.618,1,1,1.0
1,7,73.272,387.351,6.559,9.505,1,1,1.0
1,9,73.908,393.463,4.800,8.166,1,1,1.0
1,11,190.415,392.979,7.684,5.478,1,1,1.0
1,12,157.470,315.638,4.385,9.287,1,1,1.0
1,14,203.243,392.170,4.800,8.166,1,1,1.0
1,16,169.322,393.992,8.471,5.091,1,1,1.0
1,17,138.911,359.533,4.229,8.559,1,1,1.0
1,18,205.056,391.408,7.619,6.630,1,1,1.0
1,19,197.432,392.319,8.063,5.573,1,1,1.0
1,23,270.965,354.533,7.232,4.901,1,1,1.0
1,24,299.340,391.554,4.800,8.166,1,1,1.0
1,25,327.663,292.835,5.707,7.141,1,1,1.0
1,26,280.491,393.950,7.456,4.691,1,1,1.0
1,27,272.415,395.433,7.812,5.038,1,1,1.0
1,28,437.039,391.422,8.264,5.584,1,1,1.0
1,31,422.364,327.709,7.315,9.448,1,1,1.0
1,32,421.497,395.532,4.800,8.166,1,1,1.0
1,33,437.341,393.722,4.800,8.166,1,1,1.0
1,34,413.844,395.419,10.800,6.159,1,1,1.0
1,38,472.644,368.897,4.331,9.040,1,1,1.0
1,39,542.226,309.885,5.609,8.379,1,1,1.0
1,40,537.735,395.163,5.809,4.760,1,1,1.0
1,42,546.025,396.167,7.051,4.486,1,1,1.0
1,44,538.790,366.637,4.658,8.216,1,1,1.0
1,45,576.860,391.194,5.981,6.305,1,1,1.0
1,46,579.610,389.583,4.800,8.166,1,1,1.0
1,48,721.568,395.148,4.407,4.872,1,1,1.0
1,49,704.856,383.939,5.024,8.506,1,1,1.0
1,50,704.897,394.596,4.935,3.932,1,1,1.0
1,51,670.983,395.274,4.800,8.166,1,1,1.0
1,52,733.669,395.675,4.938,4.091,1,1,1.0
1,53,729.747,348.937,4.309,7.552,1,1,1.0
1,54,666.989,393.799,6.545,7.560,1,1,1.0
2,1,30.395,356.716,4.933,8.894,1,1,1.0
2,2,14.155,347.127,4.800,8.166,1,1,1.0
2,3,64.510,394.189,8.531,5.558,1,1,1.0
2,4,34.472,388.079,7.006,7.868,1,1,1.0
2,6,23.758,392.859,5.054,4.997,1,1,1.0
2,7,71.999,386.440,6.939,9.249,1,1,1.0
2,9,71.354,394.509,7.299,6.033,1,1,1.0
2,11,190.551,393.352,6.584,6.413,1,1,1.0
2,12,157.368,315.588,4.378,9.263,1,1,1.0
2,14,198.701,392.259,6.552,6.553,1,1,1.0
2,16,169.222,393.991,8.299,5.032,1,1,1.0
2,17,138.994,359.762,4.411,8.629,1,1,1.0
2,18,205.304,391.218,6.965,7.076,1,1,1.0
2,19,197.229,390.100,4.800,8.166,1,1,1.0
2,23,273.802,362.980,7.173,6.505,1,1,1.0
2,24,299.340,391.554,4.800,8.166,1,1,1.0
2,25,327.817,292.996,5.562,6.872,1,1,1.0
2,26,280.261,393.905,7.419,4.653,1,1,1.0
2,27,272.300,395.232,7.610,4.974,1,1,1.0
2,28,434.881,391.558,8.477,5.662,1,1,1.0
2,31,405.897,293.211,6.365,6.711,1,1,1.0
2,32,420.462,394.498,4.800,8.166,1,1,1.0
2,33,437.599,393.722,4.800,8.166,1,1,1.0
2,34,413.839,395.952,9.921,5.739,1,1,1.0
2,38,472.792,368.894,4.239,8.968,1,1,1.0
2,39,542.348,310.039,5.461,8.123,1,1,1.0
2,40,538.280,394.924,5.498,4.666,1,1,1.0
2,42,545.919,396.227,7.759,4.167,1,1,1.0
2,44,538.731,366.996,4.604,7.989,1,1,1.0
2,45,576.349,391.363,6.389,7.162,1,1,1.0
2,46,579.610,392.170,4.800,8.166,1,1,1.0
2,48,718.923,394.207,5.820,4.191,1,1,1.0
2,49,706.402,380.995,6.687,7.287,1,1,1.0
2,51,670.983,397.343,4.800,8.166,1,1,1.0
2,52,733.448,396.226,5.422,4.452,1,1,1.0
2,53,730.493,350.394,4.382,6.300,1,1,1.0
2,54,667.515,395.111,7.761,7.730,1,1,1.0
3,1,30.427,352.786,5.118,9.626,1,1,1.0
3,2,12.603,346.610,4.800,8.166,1,1,1.0
3,3,63.692,394.702,8.943,5.092,1,1,1.0
3,4,33.572,385.998,6.821,8.850,1,1,1.0
3,6,22.174,392.687,4.800,8.166,1,1,1.0
3,7,71.140,385.173,6.501,8.617,1,1,1.0
3,9,71.811,393.883,7.542,5.954,1,1,1.0
3,11,189.216,393.337,7.451,6.441,1,1,1.0
3,12,157.740,315.064,4.258,9.459,1,1,1.0
3,14,200.204,392.590,5.939,6.600,1,1,1.0
3,16,169.184,393.794,8.643,5.133,1,1,1.0
3,17,139.663,359.307,4.331,8.157,1,1,1.0
3,18,205.882,389.737,5.915,7.788,1,1,1.0
3,19,196.827,392.519,6.449,5.975,1,1,1.0
3,23,273.694,377.506,5.097,7.761,1,1,1.0
3,24,299.340,390.261,4.800,8.166,1,1,1.0
3,25,328.703,291.949,4.889,8.329,1,1,1.0
3,26,279.549,394.007,8.106,5.154,1,1,1.0
3,27,272.696,393.980,4.800,8.166,1,1,1.0
3,28,431.971,391.869,9.806,5.531,1,1,1.0
3,31,404.453,286.577,5.706,4.767,1,1,1.0
3,32,420.721,395.015,4.800,8.166,1,1,1.0
3,33,438.893,392.687,4.800,8.166,1,1,1.0
3,34,413.315,395.826,9.892,5.830,1,1,1.0
3,38,472.575,367.485,4.259,9.081,1,1,1.0
3,39,542.008,309.587,5.562,8.641,1,1,1.0
3,40,539.172,393.801,5.248,4.980,1,1,1.0
3,42,545.690,395.996,7.693,4.456,1,1,1.0
3,44,538.526,366.969,4.326,8.245,1,1,1.0
3,45,576.554,391.361,7.197,6.761,1,1,1.0
3,46,580.903,389.842,4.800,8.166,1,1,1.0
3,48,714.783,394.011,7.508,4.882,1,1,1.0
3,49,708.618,379.022,7.417,7.226,1,1,1.0
3,50,703.340,394.174,6.328,4.027,1,1,1.0
3,51,671.241,395.532,4.800,8.166,1,1,1.0
3,52,733.803,396.562,5.661,4.187,1,1,1.0
3,53,731.769,350.706,4.281,4.150,1,1,1.0
3,54,667.844,393.979,8.150,8.105,1,1,1.0
4,1,31.515,349.406,5.247,9.685,1,1,1.0
4,2,12.344,345.317,4.800,8.166,1,1,1.0
4,3,63.361,393.177,8.188,6.153,1,1,1.0
4,4,34.999,383.632,5.514,9.570,1,1,1.0
4,5,23.491,392.739,5.143,5.558,1,1,1.0
4,7,69.404,382.867,5.709,8.657,1,1,1.0
4,9,72.763,393.256,7.041,5.945,1,1,1.0
4,11,190.290,392.894,7.397,4.970,1,1,1.0
4,12,158.189,313.095,5.030,9.882,1,1,1.0
4,14,202.985,393.722,4.800,8.166,1,1,1.0
4,16,170.673,393.806,8.052,5.094,1,1,1.0
4,17,140.238,358.895,5.108,7.113,1,1,1.0
4,18,206.086,390.710,5.639,6.581,1,1,1.0
4,19,196.724,392.568,5.986,6.267,1,1,1.0
4,23,272.247,391.397,5.880,5.770,1,1,1.0
4,24,299.598,391.554,4.800,8.166,1,1,1.0
4,25,330.030,289.832,4.709,8.731,1,1,1.0
4,26,280.567,393.971,7.046,4.833,1,1,1.0
4,27,272.999,394.725,7.126,6.183,1,1,1.0
4,28,431.435,392.368,9.920,5.195,1,1,1.0
4,31,405.583,296.370,5.341,8.178,1,1,1.0
4,32,418.091,350.387,5.250,11.958,1,1,1.0
4,33,438.893,393.463,4.800,8.166,1,1,1.0
4,34,413.119,395.763,7.921,5.793,1,1,1.0
4,38,472.359,366.008,4.452,9.383,1,1,1.0
4,39,542.151,310.047,5.617,8.472,1,1,1.0
4,40,541.326,393.397,5.671,4.656,1,1,1.0
4,42,546.644,396.416,7.710,4.288,1,1,1.0
4,44,538.802,367.000,4.760,8.328,1,1,1.0
4,45,577.915,392.167,8.708,6.008,1,1,1.0
4,46,582.972,390.618,4.800,8.166,1,1,1.0
4,48,711.943,393.847,7.571,4.684,1,1,1.0
4,49,712.312,379.028,7.319,5.761,1,1,1.0
4,50,699.688,394.323,7.481,4.204,1,1,1.0
4,51,670.766,398.706,6.942,4.278,1,1,1.0
4,52,734.851,396.676,4.678,3.879,1,1,1.0
4,53,732.578,349.826,4.481,4.413,1,1,1.0
4,54,668.445,393.873,6.410,6.939,1,1,1.0
5,1,32.471,346.082,5.026,9.198,1,1,1.0
5,2,12.085,340.919,4.800,8.166,1,1,1.0
5,3,64.093,393.605,7.880,5.267,1,1,1.0
5,4,33.792,380.390,5.612,9.880,1,1,1.0
5,5,22.433,392.291,5.077,5.904,1,1,1.0
5,7,68.257,379.587,5.881,8.953,1,1,1.0
5,9,72.946,393.416,7.067,5.250,1,1,1.0
5,11,189.122,392.903,7.110,5.768,1,1,1.0
5,12,160.018,307.818,4.883,9.214,1,1,1.0
5,14,202.828,384.355,5.192,7.292,1,1,1.0
5,16,171.974,393.182,7.465,4.680,1,1,1.0
5,17,141.386,357.350,5.011,6.341,1,1,1.0
5,18,207.411,388.664,5.259,4.825,1,1,1.0
5,19,197.488,391.394,4.800,8.166,1,1,1.0
5,23,272.080,390.585,6.467,9.307,1,1,1.0
5,24,299.598,390.002,4.800,8.166,1,1,1.0
5,25,331.045,285.436,4.530,8.941,1,1,1.0
5,26,280.973,393.884,6.693,4.925,1,1,1.0
5,27,274.248,393.980,4.800,8.166,1,1,1.0
5,28,429.121,392.053,7.484,4.329,1,1,1.0
5,31,412.546,317.364,8.535,7.007,1,1,1.0
5,32,422.609,338.588,6.305,7.374,1,1,1.0
5,33,435.184,393.756,7.199,4.388,1,1,1.0
5,34,413.197,395.561,7.984,5.599,1,1,1.0
5,38,472.823,363.624,4.151,9.620,1,1,1.0
5,39,541.849,310.967,6.570,6.509,1,1,1.0
5,40,544.522,391.966,8.727,5.896,1,1,1.0
5,42,546.990,394.952,9.147,6.333,1,1,1.0
5,44,538.516,365.003,4.626,8.879,1,1,1.0
5,45,579.754,391.970,9.253,5.514,1,1,1.0
5,46,586.852,390.100,4.800,8.166,1,1,1.0
5,48,708.313,393.435,6.798,4.422,1,1,1.0
5,49,715.507,379.003,7.904,4.216,1,1,1.0
5,50,697.015,393.473,7.851,4.592,1,1,1.0
5,51,672.535,396.567,4.800,8.166,1,1,1.0
5,52,734.575,396.131,4.670,4.189,1,1,1.0
5,53,734.382,348.368,4.100,4.408,1,1,1.0
5,54,668.699,393.863,7.613,7.488,1,1,1.0
6,1,32.871,343.481,4.944,9.027,1,1,1.0
6,2,12.085,340.661,4.800,8.166,1,1,1.0
6,3,65.009,394.389,7.728,5.216,1,1,1.0
6,4,32.819,376.595,4.929,9.559,1,1,1.0
6,5,21.827,392.715,5.570,6.054,1,1,1.0
6,7,67.479,378.397,5.072,8.846,1,1,1.0
6,9,73.013,393.613,7.115,5.167,1,1,1.0
6,11,188.154,393.868,6.899,5.177,1,1,1.0
6,12,161.427,304.682,5.003,9.171,1,1,1.0
6,14,184.143,381.138,5.876,7.019,1,1,1.0
6,16,172.062,393.081,7.049,4.600,1,1,1.0
6,17,141.589,356.406,4.900,6.559,1,1,1.0
6,18,206.991,389.135,4.916,5.475,1,1,1.0
6,19,195.380,392.626,6.062,5.258,1,1,1.0
6,23,271.992,389.939,5.711,9.002,1,1,1.0
6,24,299.598,390.778,4.800,8.166,1,1,1.0
6,25,331.260,281.976,4.678,8.642,1,1,1.0
6,26,280.694,394.275,6.758,4.929,1,1,1.0
6,27,272.955,394.498,4.800,8.166,1,1,1.0
6,28,425.794,393.912,6.627,4.344,1,1,1.0
6,31,441.835,320.049,11.246,6.604,1,1,1.0
6,32,422.497,337.053,6.224,7.414,1,1,1.0
6,33,434.069,393.332,5.400,4.280,1,1,1.0
6,34,413.108,395.857,7.474,5.440,1,1,1.0
6,38,472.731,360.807,3.897,9.951,1,1,1.0
6,39,542.719,311.965,7.767,4.329,1,1,1.0
6,40,545.658,392.889,8.369,7.921,1,1,1.0
6,42,546.758,396.050,4.800,8.166,1,1,1.0
6,44,539.027,363.055,4.012,8.779,1,1,1.0
6,45,582.204,391.647,8.790,7.530,1,1,1.0
6,46,585.818,389.842,4.800,8.166,1,1,1.0
6,48,705.714,393.610,5.760,4.154,1,1,1.0
6,49,719.160,379.559,6.495,5.486,1,1,1.0
6,50,695.302,393.260,8.070,4.420,1,1,1.0
6,51,670.582,397.656,7.608,5.510,1,1,1.0
6,52,732.658,396.707,4.252,3.844,1,1,1.0
6,53,735.626,347.247,3.644,4.706,1,1,1.0
6,54,668.295,393.913,8.094,7.579,1,1,1.0
7,1,33.345,339.642,5.139,9.282,1,1,1.0
7,2,11.568,340.661,4.800,8.166,1,1,1.0
7,3,64.916,394.049,7.590,5.647,1,1,1.0
7,4,33.715,373.236,4.576,10.356,1,1,1.0
7,5,22.209,392.595,5.265,6.087,1,1,1.0
7,7,66.695,375.834,5.840,8.596,1,1,1.0
7,9,73.050,393.332,7.299,4.780,1,1,1.0
7,11,169.099,377.943,4.800,8.166,1,1,1.0
7,12,162.701,300.060,4.587,9.799,1,1,1.0
7,14,163.553,372.713,10.689,10.930,1,1,1.0
7,16,173.249,392.938,6.143,4.353,1,1,1.0
7,17,141.362,355.704,4.754,6.669,1,1,1.0
7,18,207.284,388.191,4.349,5.127,1,1,1.0
7,19,196.623,392.681,4.776,4.462,1,1,1.0
7,23,272.651,386.293,5.404,8.698,1,1,1.0
7,24,297.465,391.823,5.419,4.029,1,1,1.0
7,25,333.325,278.761,5.327,8.043,1,1,1.0
7,26,280.560,393.951,7.276,4.893,1,1,1.0
7,27,272.736,395.053,7.263,5.671,1,1,1.0
7,28,424.241,394.296,7.575,4.828,1,1,1.0
7,31,471.315,308.576,4.902,8.550,1,1,1.0
7,32,423.257,334.125,5.428,8.675,1,1,1.0
7,33,434.156,393.932,5.608,4.835,1,1,1.0
7,34,412.969,395.694,7.999,6.045,1,1,1.0
7,38,472.421,357.987,4.027,9.324,1,1,1.0
7,39,543.824,311.334,7.504,4.375,1,1,1.0
7,40,545.691,392.389,8.473,8.221,1,1,1.0
7,42,544.689,396.050,4.800,8.166,1,1,1.0
7,44,539.013,360.677,4.308,9.253,1,1,1.0
7,45,582.935,391.629,10.300,6.801,1,1,1.0
7,46,584.266,389.583,4.800,8.166,1,1,1.0
7,48,702.633,393.717,6.490,3.965,1,1,1.0
7,49,721.808,380.964,5.908,5.729,1,1,1.0
7,50,692.464,393.272,8.281,4.505,1,1,1.0
7,51,672.276,397.084,4.800,8.166,1,1,1.0
7,52,732.741,397.111,4.468,4.127,1,1,1.0
7,53,735.445,345.784,4.136,4.517,1,1,1.0
7,54,668.175,394.154,8.049,8.396,1,1,1.0
8,1,34.521,336.082,5.334,9.664,1,1,1.0
8,2,12.344,338.591,4.800,8.166,1,1,1.0
8,3,65.240,394.289,6.497,5.279,1,1,1.0
8,4,33.748,371.678,4.414,9.664,1,1,1.0
8,5,22.161,392.688,5.472,6.143,1,1,1.0
8,7,66.051,374.798,5.665,8.830,1,1,1.0
8,9,75.719,386.738,4.800,8.166,1,1,1.0
8,11,167.966,375.252,4.582,9.052,1,1,1.0
8,12,163.150,295.292,4.391,9.351,1,1,1.0
8,14,138.317,357.249,4.800,8.166,1,1,1.0
8,16,173.551,393.092,6.314,4.487,1,1,1.0
8,17,138.548,356.089,7.776,7.158,1,1,1.0
8,18,206.641,386.247,4.213,6.047,1,1,1.0
8,19,196.673,392.750,4.609,4.482,1,1,1.0
8,23,271.892,386.801,5.079,7.574,1,1,1.0
8,24,298.212,391.853,5.294,3.917,1,1,1.0
8,25,334.538,276.387,5.880,7.080,1,1,1.0
8,26,278.838,393.611,8.567,4.710,1,1,1.0
8,27,272.761,395.013,6.917,5.781,1,1,1.0
8,28,423.123,394.831,7.206,5.074,1,1,1.0
8,31,472.450,306.979,4.490,9.485,1,1,1.0
8,32,424.229,330.701,4.507,8.857,1,1,1.0
8,33,433.410,394.132,5.830,4.683,1,1,1.0
8,34,412.861,395.694,8.321,5.986,1,1,1.0
8,38,472.713,355.960,4.112,9.173,1,1,1.0
8,39,544.607,311.423,7.795,4.464,1,1,1.0
8,40,545.699,392.453,6.407,7.986,1,1,1.0
8,42,546.241,396.050,4.800,8.166,1,1,1.0
8,44,539.219,359.861,4.079,9.013,1,1,1.0
8,45,586.646,393.790,8.805,5.104,1,1,1.0
8,46,583.014,390.705,8.622,5.412,1,1,1.0
8,48,701.338,393.300,7.057,3.980,1,1,1.0
8,49,724.402,383.772,6.126,5.616,1,1,1.0
8,50,690.607,393.160,8.297,4.597,1,1,1.0
8,51,672.017,396.826,4.800,8.166,1,1,1.0
8,52,732.196,397.372,4.988,4.136,1,1,1.0
8,53,735.676,344.923,4.066,4.631,1,1,1.0
8,54,667.880,394.720,8.664,7.961,1,1,1.0
9,1,35.565,332.782,5.107,8.716,1,1,1.0
9,2,10.792,336.005,4.800,8.166,1,1,1.0
9,3,64.750,394.304,6.016,5.153,1,1,1.0
9,4,32.877,370.714,4.611,9.449,1,1,1.0
9,5,22.204,392.658,5.469,5.960,1,1,1.0
9,7,64.695,373.919,5.763,8.752,1,1,1.0
9,9,71.797,349.904,5.936,9.382,1,1,1.0
9,11,167.667,372.894,4.645,9.491,1,1,1.0
9,12,164.431,290.634,4.412,9.128,1,1,1.0
9,14,137.458,361.830,6.419,6.120,1,1,1.0
9,16,174.101,393.098,5.708,4.443,1,1,1.0
9,17,141.421,355.744,5.495,7.056,1,1,1.0
9,18,206.358,382.581,4.691,7.956,1,1,1.0
9,19,197.052,392.683,4.568,4.494,1,1,1.0
9,23,272.251,386.026,5.204,7.690,1,1,1.0
9,24,298.223,391.786,5.061,3.934,1,1,1.0
9,25,335.492,274.748,6.314,6.461,1,1,1.0
9,26,277.064,393.330,8.632,5.325,1,1,1.0
9,27,271.554,394.356,6.855,6.152,1,1,1.0
9,28,422.655,394.801,7.179,4.871,1,1,1.0
9,31,472.280,304.666,4.408,9.376,1,1,1.0
9,32,424.879,326.470,4.441,8.910,1,1,1.0
9,33,433.699,394.177,5.738,4.605,1,1,1.0
9,34,412.693,395.647,8.147,5.936,1,1,1.0
9,38,472.659,353.747,4.194,9.010,1,1,1.0
9,39,546.458,311.107,7.225,5.236,1,1,1.0
9,40,545.639,392.627,6.097,7.811,1,1,1.0
9,42,547.276,395.791,4.800,8.166,1,1,1.0
9,44,539.165,358.763,4.101,9.045,1,1,1.0
9,45,588.168,393.734,7.322,4.971,1,1,1.0
9,46,583.392,391.292,7.321,5.092,1,1,1.0
9,48,701.576,393.561,6.273,3.835,1,1,1.0
9,49,727.032,385.152,5.413,5.531,1,1,1.0
9,50,690.645,392.625,6.779,5.137,1,1,1.0
9,51,666.327,395.532,4.800,8.166,1,1,1.0
9,52,731.836,397.269,5.103,4.197,1,1,1.0
9,53,735.543,345.053,3.893,5.033,1,1,1.0
9,54,665.860,391.936,7.114,9.179,1,1,1.0
10,1,36.936,328.819,5.500,9.622,1,1,1.0
10,2,12.085,334.970,4.800,8.166,1,1,1.0
10,3,64.141,394.245,6.102,5.620,1,1,1.0
10,4,32.830,370.650,4.585,9.635,1,1,1.0
10,5,22.201,392.570,5.412,6.090,1,1,1.0
10,7,64.768,374.092,5.677,8.987,1,1,1.0
10,9,60.146,320.266,6.248,9.082,1,1,1.0
10,11,167.849,369.758,3.847,8.767,1,1,1.0
10,12,165.007,286.138,4.330,9.480,1,1,1.0
10,14,140.140,372.049,3.501,7.709,1,1,1.0
10,16,177.376,382.082,4.800,8.166,1,1,1.0
10,17,141.707,355.738,5.243,6.215,1,1,1.0
10,18,206.448,379.668,4.236,8.049,1,1,1.0
10,19,197.371,392.718,4.870,4.844,1,1,1.0
10,23,271.979,386.059,5.223,7.853,1,1,1.0
10,24,298.217,391.712,5.102,3.955,1,1,1.0
10,25,336.953,272.899,5.867,6.104,1,1,1.0
10,26,276.406,393.516,7.869,5.306,1,1,1.0
10,27,270.816,394.772,7.038,6.242,1,1,1.0
10,28,423.013,394.804,7.722,5.107,1,1,1.0
10,31,472.841,301.905,4.541,9.389,1,1,1.0
10,32,425.178,322.402,4.521,8.813,1,1,1.0
10,33,438.117,392.170,4.800,8.166,1,1,1.0
10,34,412.910,395.028,8.824,6.837,1,1,1.0
10,38,472.716,350.934,4.261,9.491,1,1,1.0
10,39,548.973,311.955,6.711,6.463,1,1,1.0
10,40,545.378,392.872,6.289,7.554,1,1,1.0
10,42,547.276,395.791,4.800,8.166,1,1,1.0
10,44,539.152,357.193,3.940,9.279,1,1,1.0
10,45,589.664,394.145,7.116,4.353,1,1,1.0
10,46,583.958,391.790,6.323,4.839,1,1,1.0
10,48,703.266,393.898,5.742,3.953,1,1,1.0
10,49,729.526,387.163,4.685,5.177,1,1,1.0
10,50,691.346,392.260,6.240,5.859,1,1,1.0
10,51,666.920,395.972,7.152,5.926,1,1,1.0
10,52,732.363,397.616,4.901,3.950,1,1,1.0
10,53,735.148,346.675,4.335,5.387,1,1,1.0
10,54,665.931,390.272,6.385,9.366,1,1,1.0
11,1,38.306,326.240,5.321,9.208,1,1,1.0
11,2,12.344,333.935,4.800,8.166,1,1,1.0
11,3,64.278,393.228,4.751,5.491,1,1,1.0
11,4,32.541,370.746,4.685,9.366,1,1,1.0
11,5,22.432,392.243,5.331,6.300,1,1,1.0
11,7,62.652,377.002,7.935,5.075,1,1,1.0
11,9,43.764,302.948,7.019,5.458,1,1,1.0
11,11,167.521,365.278,4.721,8.647,1,1,1.0
11,12,164.101,282.443,4.551,9.058,1,1,1.0
11,14,140.712,390.167,4.478,6.290,1,1,1.0
11,16,196.504,353.061,4.897,8.602,1,1,1.0
11,17,142.125,355.209,5.397,6.335,1,1,1.0
11,18,206.328,377.322,4.477,8.486,1,1,1.0
11,19,197.290,392.703,5.421,4.890,1,1,1.0
11,23,272.825,383.897,4.786,7.952,1,1,1.0
11,24,298.999,391.956,6.341,3.743,1,1,1.0
11,25,338.383,271.478,5.951,6.202,1,1,1.0
11,26,276.168,393.605,6.943,4.974,1,1,1.0
11,27,270.181,394.636,6.801,5.742,1,1,1.0
11,28,408.076,366.464,5.313,7.979,1,1,1.0
11,31,473.088,299.238,4.779,8.944,1,1,1.0
11,32,427.337,318.688,4.650,8.505,1,1,1.0
11,33,437.714,393.689,6.152,3.993,1,1,1.0
11,34,413.930,394.108,6.707,5.784,1,1,1.0
11,38,472.686,349.161,4.457,9.341,1,1,1.0
11,39,551.700,313.327,6.762,6.864,1,1,1.0
11,40,545.547,392.960,6.270,7.539,1,1,1.0
11,42,547.017,396.567,4.800,8.166,1,1,1.0
11,44,539.432,354.109,3.790,9.288,1,1,1.0
11,45,590.690,394.311,6.496,4.139,1,1,1.0
11,46,584.062,391.907,5.628,4.648,1,1,1.0
11,48,704.668,393.741,5.172,4.108,1,1,1.0
11,49,731.439,387.969,4.498,5.146,1,1,1.0
11,50,692.486,392.100,4.374,4.833,1,1,1.0
11,51,667.485,395.021,6.187,6.631,1,1,1.0
11,52,733.992,398.203,5.327,4.718,1,1,1.0
11,53,734.318,347.743,4.549,6.130,1,1,1.0
11,54,666.180,388.424,5.329,9.808,1,1,1.0
12,1,39.335,323.672,5.377,8.814,1,1,1.0
12,2,10.533,330.572,4.800,8.166,1,1,1.0
12,3,63.738,393.415,5.275,5.311,1,1,1.0
12,4,32.171,369.930,4.683,8.242,1,1,1.0
12,5,22.175,392.746,5.167,5.896,1,1,1.0
12,7,60.764,377.834,7.847,4.861,1,1,1.0
12,9,45.326,293.092,4.318,8.728,1,1,1.0
12,11,168.475,360.940,4.959,8.623,1,1,1.0
12,12,161.989,278.935,4.985,9.115,1,1,1.0
12,14,139.385,390.401,4.521,6.799,1,1,1.0
12,16,195.038,352.339,4.709,9.315,1,1,1.0
12,17,142.192,354.982,5.512,6.413,1,1,1.0
12,18,206.036,373.270,4.418,9.222,1,1,1.0
12,19,197.023,392.759,5.415,4.929,1,1,1.0
12,23,273.432,379.973,4.170,9.103,1,1,1.0
12,24,299.784,391.918,6.321,3.682,1,1,1.0
12,25,339.054,270.641,5.745,6.207,1,1,1.0
12,26,275.453,393.910,7.210,5.503,1,1,1.0
12,27,271.343,394.558,6.157,5.955,1,1,1.0
12,28,408.886,365.329,4.975,9.325,1,1,1.0
12,31,472.975,297.779,4.604,9.238,1,1,1.0
12,32,429.581,314.504,5.400,9.157,1,1,1.0
12,33,438.999,393.357,5.563,3.719,1,1,1.0
12,34,414.025,394.249,6.431,5.829,1,1,1.0
12,38,472.862,346.506,4.294,9.718,1,1,1.0
12,39,553.862,315.521,6.986,7.041,1,1,1.0
12,40,545.243,392.940,7.781,7.627,1,1,1.0
12,42,549.086,395.274,4.800,8.166,1,1,1.0
12,44,538.918,350.882,3.787,9.094,1,1,1.0
12,45,590.403,394.274,6.612,4.109,1,1,1.0
12,46,583.278,391.718,5.324,4.734,1,1,1.0
12,48,705.230,393.752,4.814,4.091,1,1,1.0
12,49,733.103,388.982,4.242,4.275,1,1,1.0
12,50,692.626,391.581,4.312,4.733,1,1,1.0
12,51,666.980,394.211,6.241,7.210,1,1,1.0
12,52,734.261,398.521,4.861,4.273,1,1,1.0
12,53,733.863,349.440,4.876,6.209,1,1,1.0
12,54,665.926,387.685,5.493,10.412,1,1,1.0
13,1,39.883,320.040,6.098,9.106,1,1,1.0
13,2,9.012,328.170,6.384,8.878,1,1,1.0
13,3,62.293,393.109,4.447,4.964,1,1,1.0
13,4,31.240,337.540,8.252,9.495,1,1,1.0
13,5,22.746,392.412,4.744,6.366,1,1,1.0
13,7,57.584,376.674,7.839,5.072,1,1,1.0
13,9,23.904,275.370,9.931,8.498,1,1,1.0
13,11,170.511,358.185,4.896,8.503,1,1,1.0
13,12,160.318,275.234,4.928,8.315,1,1,1.0
13,14,139.422,389.616,4.154,7.099,1,1,1.0
13,16,195.267,349.028,4.794,8.938,1,1,1.0
13,17,142.503,354.459,6.031,6.406,1,1,1.0
13,18,204.567,370.456,4.304,8.449,1,1,1.0
13,19,197.287,392.773,5.547,4.898,1,1,1.0
13,23,273.886,376.809,4.754,8.753,1,1,1.0
13,24,300.508,391.953,6.195,3.585,1,1,1.0
13,25,339.679,270.293,5.497,6.531,1,1,1.0
13,26,277.870,392.428,4.800,8.166,1,1,1.0
13,27,272.833,394.067,8.745,6.127,1,1,1.0
13,28,408.511,362.533,4.796,9.224,1,1,1.0
13,31,473.327,297.138,4.718,9.216,1,1,1.0
13,32,431.366,311.121,5.811,9.070,1,1,1.0
13,33,438.693,393.450,6.308,3.842,1,1,1.0
13,34,413.595,394.512,6.651,6.742,1,1,1.0
13,38,473.291,345.299,3.965,8.962,1,1,1.0
13,39,555.964,317.295,6.688,6.965,1,1,1.0
13,40,545.033,393.262,5.511,5.014,1,1,1.0
13,42,549.492,394.737,6.706,5.313,1,1,1.0
13,44,539.488,347.862,3.618,8.837,1,1,1.0
13,45,590.869,394.268,6.349,4.195,1,1,1.0
13,46,583.611,391.890,5.231,4.472,1,1,1.0
13,48,705.229,393.532,5.293,4.431,1,1,1.0
13,49,734.265,389.428,3.805,4.647,1,1,1.0
13,50,692.720,391.403,4.057,4.560,1,1,1.0
13,51,665.194,388.009,4.918,10.978,1,1,1.0
13,52,733.468,398.254,5.024,3.983,1,1,1.0
13,53,733.215,350.881,5.323,5.804,1,1,1.0
13,54,665.809,393.463,4.800,8.166,1,1,1.0
14,1,42.332,315.995,5.382,8.792,1,1,1.0
14,2,11.568,325.916,4.800,8.166,1,1,1.0
14,3,62.643,392.494,4.384,5.058,1,1,1.0
14,4,27.172,324.922,6.253,7.954,1,1,1.0
14,5,22.726,392.510,4.742,6.315,1,1,1.0
14,7,55.095,374.968,8.066,5.667,1,1,1.0
14,9,18.043,265.268,3.782,8.895,1,1,1.0
14,11,170.902,357.203,4.856,8.580,1,1,1.0
14,12,158.982,271.705,5.011,8.629,1,1,1.0
14,14,139.064,387.873,3.860,7.548,1,1,1.0
14,16,195.472,345.442,4.868,9.057,1,1,1.0
14,17,143.537,352.693,6.034,6.876,1,1,1.0
14,18,203.140,367.492,4.682,8.383,1,1,1.0
14,19,198.042,388.805,5.449,8.270,1,1,1.0
14,23,273.784,373.565,4.557,8.344,1,1,1.0
14,24,300.433,391.849,6.301,3.746,1,1,1.0
14,25,340.118,270.111,5.165,5.838,1,1,1.0
14,26,277.094,392.946,4.800,8.166,1,1,1.0
14,27,272.899,394.019,8.120,6.070,1,1,1.0
14,28,408.084,358.724,4.861,9.343,1,1,1.0
14,31,473.634,297.307,4.653,8.968,1,1,1.0
14,32,434.464,306.866,4.901,8.710,1,1,1.0
14,33,438.696,393.396,6.413,3.968,1,1,1.0
14,34,413.295,394.356,6.950,6.938,1,1,1.0
14,38,473.615,342.287,4.078,8.984,1,1,1.0
14,39,556.164,317.222,6.688,7.206,1,1,1.0
14,40,545.338,393.258,4.864,4.395,1,1,1.0
14,42,550.828,394.962,6.817,4.540,1,1,1.0
14,44,539.247,345.784,3.770,8.700,1,1,1.0
14,45,592.951,394.191,5.260,4.259,1,1,1.0
14,46,583.945,392.084,4.625,4.468,1,1,1.0
14,48,705.244,393.595,5.163,4.323,1,1,1.0
14,49,735.343,389.456,4.066,4.251,1,1,1.0
14,50,692.693,391.138,4.213,4.368,1,1,1.0
14,51,664.389,389.808,4.800,8.166,1,1,1.0
14,52,732.388,397.476,4.577,4.326,1,1,1.0
14,53,732.460,350.920,5.482,6.020,1,1,1.0
14,54,664.620,387.934,6.213,8.749,1,1,1.0
15,1,44.712,311.402,5.648,9.536,1,1,1.0
15,2,11.309,323.588,4.800,8.166,1,1,1.0
15,3,62.845,392.079,4.349,5.068,1,1,1.0
15,4,27.710,323.746,5.334,8.599,1,1,1.0
15,5,22.478,392.715,5.029,5.818,1,1,1.0
15,7,51.276,373.115,8.314,5.641,1,1,1.0
15,9,17.874,264.633,3.000,9.376,1,1,1.0
15,11,170.552,356.900,4.992,8.745,1,1,1.0
15,12,157.069,268.422,4.939,8.809,1,1,1.0
15,14,139.527,386.394,3.689,7.645,1,1,1.0
15,16,194.993,341.795,5.032,9.352,1,1,1.0
15,17,144.702,351.358,6.415,7.116,1,1,1.0
15,18,201.028,364.842,5.608,7.672,1,1,1.0
15,19,191.826,377.265,5.025,7.235,1,1,1.0
15,23,274.628,372.065,3.907,8.219,1,1,1.0
15,24,311.692,371.068,6.206,6.260,1,1,1.0
15,25,340.520,270.171,5.097,4.823,1,1,1.0
15,26,276.845,394.398,5.852,5.465,1,1,1.0
15,27,271.582,394.492,5.242,5.157,1,1,1.0
15,28,408.067,356.069,4.764,9.624,1,1,1.0
15,31,473.553,296.726,4.859,9.133,1,1,1.0
15,32,435.276,302.584,5.093,9.172,1,1,1.0
15,33,438.741,393.438,6.166,3.771,1,1,1.0
15,34,411.850,394.713,7.051,6.424,1,1,1.0
15,38,473.187,340.047,4.218,9.152,1,1,1.0
15,39,556.052,317.295,6.862,7.101,1,1,1.0
15,42,551.947,394.836,6.680,5.556,1,1,1.0
15,44,539.034,345.171,3.905,8.768,1,1,1.0
15,45,593.936,393.183,5.187,5.138,1,1,1.0
15,46,582.344,375.759,5.696,4.476,1,1,1.0
15,48,703.972,393.733,6.767,4.278,1,1,1.0
15,49,734.593,389.777,5.190,4.519,1,1,1.0
15,50,689.838,391.813,5.657,4.420,1,1,1.0
15,51,664.784,387.184,5.784,7.762,1,1,1.0
15,52,729.331,395.405,6.049,6.955,1,1,1.0
15,53,732.543,351.199,5.465,4.469,1,1,1.0
15,54,668.010,387.997,4.800,8.166,1,1,1.0
16,1,47.686,307.466,5.630,8.653,1,1,1.0
16,2,11.568,321.260,4.800,8.166,1,1,1.0
16,3,64.677,391.785,4.225,4.996,1,1,1.0
16,4,29.366,320.728,4.301,9.765,1,1,1.0
16,5,22.748,392.581,4.697,6.018,1,1,1.0
16,7,49.710,370.000,7.168,6.983,1,1,1.0
16,9,17.643,264.451,3.165,9.502,1,1,1.0
16,11,170.770,356.792,4.938,8.699,1,1,1.0
16,12,155.757,265.704,4.824,8.900,1,1,1.0
16,14,139.365,386.317,3.744,7.707,1,1,1.0
16,16,194.459,339.253,4.981,9.591,1,1,1.0
16,17,146.073,349.086,6.705,6.703,1,1,1.0
16,18,198.285,363.031,6.010,6.832,1,1,1.0
16,19,191.670,379.904,5.393,6.973,1,1,1.0
16,23,274.731,371.655,3.768,7.973,1,1,1.0
16,24,336.410,368.896,9.443,6.442,1,1,1.0
16,25,341.613,270.302,4.195,4.802,1,1,1.0
16,26,279.470,394.280,5.402,4.630,1,1,1.0
16,27,271.587,394.783,4.806,4.734,1,1,1.0
16,28,408.205,353.075,4.871,9.805,1,1,1.0
16,31,472.342,293.971,4.831,8.949,1,1,1.0
16,32,436.318,298.740,4.763,9.596,1,1,1.0
16,33,438.689,393.413,6.358,3.864,1,1,1.0
16,34,410.547,395.233,6.487,5.518,1,1,1.0
16,38,473.768,338.260,4.035,9.019,1,1,1.0
16,39,556.112,317.249,6.838,7.136,1,1,1.0
16,40,553.517,365.883,6.488,7.542,1,1,1.0
16,42,552.392,394.432,7.448,5.499,1,1,1.0
16,44,538.851,344.365,3.832,9.300,1,1,1.0
16,45,593.975,392.744,5.293,5.666,1,1,1.0
16,46,580.652,370.289,4.560,6.304,1,1,1.0
16,48,703.621,393.563,7.039,4.428,1,1,1.0
16,49,734.859,389.434,4.657,4.573,1,1,1.0
16,50,687.129,392.748,6.902,4.606,1,1,1.0
16,51,664.531,384.947,5.603,8.762,1,1,1.0
16,52,724.195,397.755,5.545,5.385,1,1,1.0
16,53,732.910,348.867,5.016,6.891,1,1,1.0
16,54,666.976,387.221,4.800,8.166,1,1,1.0
17,1,50.071,303.649,6.264,8.705,1,1,1.0
17,2,11.568,318.674,4.800,8.166,1,1,1.0
17,3,65.037,391.885,4.268,4.580,1,1,1.0
17,4,29.403,317.116,4.200,9.467,1,1,1.0
17,5,22.515,392.608,4.839,5.966,1,1,1.0
17,7,48.133,366.475,6.644,7.526,1,1,1.0
17,9,17.695,264.457,2.979,9.093,1,1,1.0
17,11,170.847,356.547,4.842,8.683,1,1,1.0
17,12,152.618,262.537,5.238,7.664,1,1,1.0
17,14,139.405,386.304,3.688,7.611,1,1,1.0
17,16,193.817,335.803,4.735,9.744,1,1,1.0
17,17,147.977,346.937,6.687,6.951,1,1,1.0
17,18,195.840,360.876,6.275,6.767,1,1,1.0
17,19,192.940,380.590,5.470,5.120,1,1,1.0
17,23,274.649,371.431,3.754,8.313,1,1,1.0
17,24,333.845,379.161,5.272,6.076,1,1,1.0
17,25,341.500,269.918,4.252,4.888,1,1,1.0
17,26,281.302,394.251,6.511,4.924,1,1,1.0
17,27,270.621,395.088,4.975,4.625,1,1,1.0
17,28,408.379,350.831,5.682,9.608,1,1,1.0
17,31,471.520,291.364,4.885,8.185,1,1,1.0
17,32,436.633,296.691,4.600,8.743,1,1,1.0
17,33,438.692,393.439,6.173,3.659,1,1,1.0
17,34,409.139,395.487,6.451,5.190,1,1,1.0
17,38,473.795,335.565,4.077,8.997,1,1,1.0
17,39,556.228,317.254,6.747,7.042,1,1,1.0
17,40,561.349,359.192,4.311,7.752,1,1,1.0
17,42,552.359,394.449,7.054,5.516,1,1,1.0
17,44,538.874,344.302,3.869,9.117,1,1,1.0
17,45,594.145,392.758,5.243,5.654,1,1,1.0
17,46,576.620,371.346,4.217,8.443,1,1,1.0
17,48,702.611,393.497,7.006,4.516,1,1,1.0
17,49,734.534,389.586,4.774,4.248,1,1,1.0
17,50,685.806,392.986,7.118,4.440,1,1,1.0
17,51,665.318,381.345,4.319,11.178,1,1,1.0
17,52,725.235,398.864,6.961,4.591,1,1,1.0
17,53,733.481,347.069,4.574,8.277,1,1,1.0
17,54,665.941,388.256,4.800,8.166,1,1,1.0
18,1,53.015,300.565,6.789,8.312,1,1,1.0
18,2,12.861,315.570,4.800,8.166,1,1,1.0
18,3,64.602,391.935,4.450,4.580,1,1,1.0
18,4,30.165,313.489,4.414,9.504,1,1,1.0
18,5,22.109,392.618,5.223,5.847,1,1,1.0
18,7,44.778,363.087,7.134,7.579,1,1,1.0
18,9,17.702,264.626,3.004,9.547,1,1,1.0
18,11,170.168,354.447,4.025,9.091,1,1,1.0
18,12,150.621,258.332,5.280,7.780,1,1,1.0
18,14,139.454,386.039,3.545,7.954,1,1,1.0
18,16,193.624,332.972,4.534,9.565,1,1,1.0
18,17,148.903,345.298,7.424,6.735,1,1,1.0
18,18,192.672,359.641,7.040,6.323,1,1,1.0
18,19,193.470,379.506,6.720,4.899,1,1,1.0
18,23,274.404,371.041,4.003,8.296,1,1,1.0
18,24,335.376,384.613,6.672,6.552,1,1,1.0
18,25,340.948,269.929,4.403,4.739,1,1,1.0
18,26,283.070,393.773,7.152,4.887,1,1,1.0
18,27,271.821,395.404,4.592,4.709,1,1,1.0
18,28,408.948,347.998,5.392,9.054,1,1,1.0
18,31,469.652,289.781,5.282,7.298,1,1,1.0
18,32,437.046,292.906,4.519,9.240,1,1,1.0
18,33,438.738,393.424,5.972,3.728,1,1,1.0
18,34,408.281,395.437,5.911,4.837,1,1,1.0
18,38,473.879,332.881,4.003,9.519,1,1,1.0
18,39,556.021,317.198,6.669,7.067,1,1,1.0
18,40,567.566,351.339,5.309,5.408,1,1,1.0
18,42,551.616,394.368,7.268,5.824,1,1,1.0
18,44,538.964,344.265,3.762,8.957,1,1,1.0
18,45,594.003,392.689,5.079,5.749,1,1,1.0
18,46,577.363,371.385,4.096,8.382,1,1,1.0
18,48,701.326,393.326,6.869,4.390,1,1,1.0
18,49,733.300,389.260,5.390,4.207,1,1,1.0
18,50,685.312,393.048,7.066,4.489,1,1,1.0
18,51,664.515,376.593,3.958,8.202,1,1,1.0
18,52,728.123,399.548,6.375,4.348,1,1,1.0
18,53,733.180,344.905,4.626,8.220,1,1,1.0
18,54,667.695,386.665,3.081,7.758,1,1,1.0
19,1,55.688,296.359,6.746,7.996,1,1,1.0
19,2,11.309,310.913,4.800,8.166,1,1,1.0
19,3,64.583,392.028,4.511,4.537,1,1,1.0
19,4,31.360,311.066,6.054,7.609,1,1,1.0
19,5,22.345,392.553,5.065,5.506,1,1,1.0
19,7,42.772,360.831,6.303,7.794,1,1,1.0
19,9,17.692,264.265,2.875,9.550,1,1,1.0
19,11,167.102,351.680,4.624,8.360,1,1,1.0
19,12,148.384,255.585,5.006,7.972,1,1,1.0
19,14,139.319,386.201,3.611,7.980,1,1,1.0
19,16,192.813,330.486,4.730,9.313,1,1,1.0
19,17,151.547,343.904,7.142,6.497,1,1,1.0
19,18,189.291,357.640,6.352,5.833,1,1,1.0
19,19,194.859,375.529,4.858,7.575,1,1,1.0
19,23,274.717,371.342,3.884,8.106,1,1,1.0
19,24,336.710,384.040,4.912,8.450,1,1,1.0
19,25,340.462,269.727,4.355,4.586,1,1,1.0
19,26,285.526,393.055,7.225,5.310,1,1,1.0
19,27,272.404,395.444,4.376,4.747,1,1,1.0
19,28,408.590,345.197,4.785,8.791,1,1,1.0
19,31,467.785,287.911,6.095,7.384,1,1,1.0
19,32,437.779,288.920,4.210,8.830,1,1,1.0
19,33,438.938,393.429,5.898,3.701,1,1,1.0
19,34,407.769,395.666,5.447,4.492,1,1,1.0
19,38,474.042,330.986,4.125,8.865,1,1,1.0
19,39,556.140,317.306,6.672,7.110,1,1,1.0
19,40,571.064,345.190,4.632,6.666,1,1,1.0
19,42,551.953,394.412,7.455,5.888,1,1,1.0
19,44,538.829,344.375,3.792,8.969,1,1,1.0
19,45,594.297,392.644,4.758,5.687,1,1,1.0
19,46,579.249,370.491,4.266,8.901,1,1,1.0
19,48,700.803,393.506,6.699,4.333,1,1,1.0
19,49,732.924,389.355,5.469,4.160,1,1,1.0
19,50,685.057,393.144,6.813,4.521,1,1,1.0
19,51,665.091,373.003,3.840,8.187,1,1,1.0
19,52,729.728,397.779,5.870,4.646,1,1,1.0
19,53,734.479,342.668,3.944,8.187,1,1,1.0
19,54,667.799,386.948,2.951,7.361,1,1,1.0
20,1,58.144,293.238,6.676,8.192,1,1,1.0
20,2,12.861,305.740,4.800,8.166,1,1,1.0
20,3,64.632,392.015,4.452,4.339,1,1,1.0
20,4,34.290,309.643,7.112,6.932,1,1,1.0
20,5,23.725,392.918,4.573,4.932,1,1,1.0
20,7,40.626,356.852,6.240,7.994,1,1,1.0
20,9,17.648,263.531,3.111,9.760,1,1,1.0
20,11,164.029,346.247,5.370,8.725,1,1,1.0
20,12,146.362,251.700,5.120,7.999,1,1,1.0
20,14,138.802,385.986,4.256,7.671,1,1,1.0
20,16,189.669,329.120,6.313,7.451,1,1,1.0
20,17,154.078,342.706,7.051,6.308,1,1,1.0
20,18,186.241,356.653,6.864,5.798,1,1,1.0
20,19,195.918,371.466,4.053,8.259,1,1,1.0
20,23,278.570,363.197,9.126,9.933,1,1,1.0
20,24,337.324,382.090,4.567,8.355,1,1,1.0
20,25,339.419,269.857,4.283,4.582,1,1,1.0
20,26,288.776,391.759,6.798,5.185,1,1,1.0
20,27,273.001,394.536,4.485,5.082,1,1,1.0
20,28,407.669,342.513,5.227,8.558,1,1,1.0
20,31,465.824,286.488,6.365,6.978,1,1,1.0
20,32,437.728,284.040,4.612,9.253,1,1,1.0
20,33,438.720,393.338,6.149,3.701,1,1,1.0
20,34,406.516,396.117,5.324,5.098,1,1,1.0
20,38,473.838,327.579,4.321,9.129,1,1,1.0
20,39,556.176,317.254,6.813,7.220,1,1,1.0
20,40,562.113,359.506,4.371,7.326,1,1,1.0
20,42,551.945,394.437,7.446,5.765,1,1,1.0
20,44,538.906,344.252,3.890,9.231,1,1,1.0
20,45,593.104,393.191,5.228,4.492,1,1,1.0
20,46,580.735,368.450,4.216,8.185,1,1,1.0
20,48,700.373,393.632,7.348,4.418,1,1,1.0
20,49,732.204,389.140,4.938,4.723,1,1,1.0
20,50,681.159,386.148,7.820,9.634,1,1,1.0
20,51,665.099,368.430,4.079,8.110,1,1,1.0
20,52,730.624,397.622,5.606,4.418,1,1,1.0
20,53,734.179,339.762,4.236,8.395,1,1,1.0
20,54,667.309,386.758,3.442,7.699,1,1,1.0
21,1,60.851,290.075,6.217,7.663,1,1,1.0
21,2,12.344,300.567,4.800,8.166,1,1,1.0
21,3,64.557,392.108,4.446,4.219,1,1,1.0
21,4,36.874,308.081,7.330,6.608,1,1,1.0
21,5,24.247,393.172,4.940,4.744,1,1,1.0
21,7,39.568,352.387,5.444,8.674,1,1,1.0
21,9,17.959,261.499,3.610,9.124,1,1,1.0
21,11,162.295,344.507,5.662,8.799,1,1,1.0
21,12,144.883,249.102,4.652,7.560,1,1,1.0
21,14,139.357,385.884,3.227,8.952,1,1,1.0
21,16,186.271,327.558,7.079,7.104,1,1,1.0
21,17,156.505,342.315,8.158,5.747,1,1,1.0
21,18,183.206,355.282,7.368,6.108,1,1,1.0
21,19,196.375,368.211,4.448,8.170,1,1,1.0
21,23,312.841,331.864,6.473,11.046,1,1,1.0
21,24,337.271,378.747,4.586,8.843,1,1,1.0
21,25,337.884,269.949,4.579,4.126,1,1,1.0
21,26,291.261,391.274,7.129,5.515,1,1,1.0
21,27,274.710,393.468,4.793,4.409,1,1,1.0
21,28,406.247,339.443,4.751,7.579,1,1,1.0
21,31,464.896,285.461,6.430,7.001,1,1,1.0
21,32,437.728,279.597,4.455,9.092,1,1,1.0
21,33,438.853,393.357,5.948,3.640,1,1,1.0
21,34,406.239,396.464,5.177,4.814,1,1,1.0
21,38,473.729,325.302,4.189,9.264,1,1,1.0
21,39,556.259,317.524,6.715,7.354,1,1,1.0
21,40,559.976,363.530,4.259,8.814,1,1,1.0
21,42,551.688,394.446,7.659,5.756,1,1,1.0
21,44,538.603,344.314,3.902,9.044,1,1,1.0
21,45,590.919,393.412,5.672,4.153,1,1,1.0
21,46,581.199,367.696,4.133,8.228,1,1,1.0
21,48,703.656,359.207,3.916,12.244,1,1,1.0
21,49,729.997,390.167,5.291,4.576,1,1,1.0
21,50,664.619,351.009,5.750,7.787,1,1,1.0
21,51,664.686,365.364,4.153,7.917,1,1,1.0
21,52,730.450,397.682,5.140,4.536,1,1,1.0
21,53,734.385,338.339,4.333,8.096,1,1,1.0
21,54,667.541,386.723,3.454,7.922,1,1,1.0
22,1,62.774,287.761,6.397,7.958,1,1,1.0
22,2,13.379,296.687,4.800,8.166,1,1,1.0
22,3,64.561,392.065,4.434,4.362,1,1,1.0
22,4,38.762,304.850,6.385,7.576,1,1,1.0
22,5,26.033,393.048,4.697,4.817,1,1,1.0
22,7,37.911,347.160,5.368,9.026,1,1,1.0
22,9,18.158,258.708,4.299,8.637,1,1,1.0
22,11,163.150,344.537,5.943,9.545,1,1,1.0
22,12,143.498,246.021,4.821,8.316,1,1,1.0
22,14,139.340,384.760,3.250,9.580,1,1,1.0
22,16,182.605,325.074,7.600,7.131,1,1,1.0
22,17,156.164,340.554,8.529,5.493,1,1,1.0
22,18,180.782,353.543,7.323,6.643,1,1,1.0
22,19,196.974,365.485,4.357,7.986,1,1,1.0
22,23,309.481,324.680,6.138,4.784,1,1,1.0
22,24,337.558,376.356,4.703,8.491,1,1,1.0
22,25,336.616,269.944,4.852,4.396,1,1,1.0
22,26,293.590,390.425,7.390,4.903,1,1,1.0
22,27,275.213,393.768,5.726,4.737,1,1,1.0
22,28,405.724,337.682,4.803,7.526,1,1,1.0
22,31,463.949,284.856,6.766,7.256,1,1,1.0
22,32,437.471,274.528,4.461,9.384,1,1,1.0
22,33,438.883,393.454,6.048,3.803,1,1,1.0
22,34,406.109,396.614,5.428,4.700,1,1,1.0
22,38,474.017,322.461,4.313,9.200,1,1,1.0
22,39,558.064,318.917,5.379,8.606,1,1,1.0
22,40,560.442,362.486,3.998,8.812,1,1,1.0
22,42,551.660,394.404,7.855,5.955,1,1,1.0
22,44,538.552,344.255,3.872,9.042,1,1,1.0
22,45,588.674,393.465,6.072,4.662,1,1,1.0
22,46,583.037,364.368,4.216,8.870,1,1,1.0
22,48,702.570,316.841,4.489,10.517,1,1,1.0
22,49,727.986,389.732,5.524,4.622,1,1,1.0
22,50,664.047,350.296,4.702,8.750,1,1,1.0
22,51,665.088,362.933,4.112,8.018,1,1,1.0
22,52,730.363,397.637,5.125,4.818,1,1,1.0
22,53,734.460,335.779,4.134,8.423,1,1,1.0
22,54,667.901,386.778,3.393,7.614,1,1,1.0
23,1,64.842,284.631,6.170,8.450,1,1,1.0
23,2,12.603,297.204,4.800,8.166,1,1,1.0
23,3,64.519,392.109,4.630,4.458,1,1,1.0
23,4,39.561,300.892,5.302,8.760,1,1,1.0
23,5,27.357,392.930,5.043,4.593,1,1,1.0
23,7,36.519,343.525,4.917,8.805,1,1,1.0
23,9,18.647,254.143,4.872,9.135,1,1,1.0
23,11,162.421,343.936,6.055,7.772,1,1,1.0
23,12,142.352,243.733,4.633,7.694,1,1,1.0
23,14,139.541,384.715,3.247,9.042,1,1,1.0
23,16,180.313,323.585,7.882,7.021,1,1,1.0
23,17,155.834,339.441,8.308,6.310,1,1,1.0
23,18,178.190,349.672,6.560,7.451,1,1,1.0
23,19,198.676,363.556,5.030,7.258,1,1,1.0
23,23,296.285,333.578,4.934,5.387,1,1,1.0
23,24,337.967,373.708,4.590,9.141,1,1,1.0
23,25,334.792,269.878,4.963,4.508,1,1,1.0
23,26,296.131,389.886,7.369,4.622,1,1,1.0
23,27,275.157,392.942,4.931,4.796,1,1,1.0
23,28,405.499,335.185,4.708,7.199,1,1,1.0
23,31,463.625,284.599,6.724,6.893,1,1,1.0
23,32,437.991,269.391,4.489,10.350,1,1,1.0
23,33,438.787,393.583,6.092,3.812,1,1,1.0
23,34,407.252,396.585,6.401,4.892,1,1,1.0
23,38,474.340,320.020,4.257,9.064,1,1,1.0
23,39,559.426,321.442,5.031,8.610,1,1,1.0
23,40,560.469,360.547,3.907,8.232,1,1,1.0
23,42,551.566,394.400,7.957,5.946,1,1,1.0
23,44,538.578,344.131,3.944,8.926,1,1,1.0
23,45,586.505,393.197,7.269,4.908,1,1,1.0
23,46,584.745,360.090,4.091,8.596,1,1,1.0
23,48,690.884,290.426,5.172,7.736,1,1,1.0
23,49,724.640,389.872,6.750,4.602,1,1,1.0
23,50,664.496,348.885,4.498,8.800,1,1,1.0
23,51,665.739,360.022,3.637,8.497,1,1,1.0
23,52,730.291,397.473,5.442,5.167,1,1,1.0
23,53,735.389,333.387,4.136,7.327,1,1,1.0
23,54,667.970,386.839,3.243,7.526,1,1,1.0
24,1,66.958,281.749,6.017,8.311,1,1,1.0
24,2,13.896,289.702,4.800,8.166,1,1,1.0
24,3,64.523,392.126,4.619,4.454,1,1,1.0
24,4,39.681,297.061,4.837,8.773,1,1,1.0
24,5,29.513,392.653,4.824,4.546,1,1,1.0
24,7,35.067,339.717,5.172,8.671,1,1,1.0
24,9,19.590,250.622,4.950,8.784,1,1,1.0
24,11,163.046,344.287,5.045,7.962,1,1,1.0
24,12,141.571,241.489,4.033,7.660,1,1,1.0
24,14,139.226,384.096,3.504,9.004,1,1,1.0
24,16,177.828,322.015,7.689,7.114,1,1,1.0
24,17,156.052,337.060,7.345,7.483,1,1,1.0
24,18,178.785,346.693,5.165,8.719,1,1,1.0
24,19,201.132,362.397,5.342,6.200,1,1,1.0
24,23,298.392,342.517,5.661,6.111,1,1,1.0
24,24,338.697,370.803,4.480,8.863,1,1,1.0
24,25,332.484,270.892,5.683,4.655,1,1,1.0
24,26,299.449,389.418,7.284,4.538,1,1,1.0
24,27,275.832,391.809,4.489,5.449,1,1,1.0
24,28,405.604,333.587,4.474,6.769,1,1,1.0
24,31,463.280,284.564,6.939,6.518,1,1,1.0
24,32,437.987,264.887,4.213,9.710,1,1,1.0
24,33,439.012,393.552,6.195,3.812,1,1,1.0
24,34,408.165,396.335,6.672,4.906,1,1,1.0
24,38,474.582,317.738,4.268,8.868,1,1,1.0
24,39,560.066,324.285,5.075,8.812,1,1,1.0
24,40,561.977,356.636,3.516,9.203,1,1,1.0
24,42,551.638,394.542,7.778,5.806,1,1,1.0
24,44,538.667,343.124,3.877,8.897,1,1,1.0
24,45,585.040,393.097,7.171,4.828,1,1,1.0
24,46,585.432,356.131,3.878,8.440,1,1,1.0
24,48,676.867,276.532,6.723,4.754,1,1,1.0
24,49,720.989,389.729,6.722,4.394,1,1,1.0
24,50,664.376,345.919,4.251,8.061,1,1,1.0
24,51,665.425,356.008,3.751,7.866,1,1,1.0
24,52,730.138,397.695,5.548,4.732,1,1,1.0
24,53,735.295,330.871,3.888,7.606,1,1,1.0
24,54,667.992,386.592,3.267,7.699,1,1,1.0
25,1,68.584,278.355,5.643,8.831,1,1,1.0
25,2,14.413,286.598,4.800,8.166,1,1,1.0
25,3,64.687,392.051,4.598,4.630,1,1,1.0
25,4,39.957,293.538,4.799,8.694,1,1,1.0
25,5,32.408,392.392,5.647,5.313,1,1,1.0
25,7,33.689,334.868,5.187,9.113,1,1,1.0
25,9,20.095,247.307,4.717,8.772,1,1,1.0
25,11,163.037,345.064,4.642,8.038,1,1,1.0
25,12,140.290,238.588,3.863,7.187,1,1,1.0
25,14,139.317,382.430,3.583,8.888,1,1,1.0
25,16,175.838,320.145,8.123,7.086,1,1,1.0
25,17,157.005,333.793,6.417,8.175,1,1,1.0
25,18,179.642,342.888,4.422,9.494,1,1,1.0
25,19,203.595,360.856,4.991,5.362,1,1,1.0
25,23,301.563,357.012,5.247,7.656,1,1,1.0
25,24,339.653,368.074,4.409,8.855,1,1,1.0
25,25,330.642,271.312,5.305,4.914,1,1,1.0
25,26,302.720,389.370,7.701,4.825,1,1,1.0
25,27,276.644,390.760,5.610,6.154,1,1,1.0
25,28,405.805,330.902,4.433,6.958,1,1,1.0
25,31,432.692,270.816,12.630,8.672,1,1,1.0
25,32,438.467,259.813,4.126,9.890,1,1,1.0
25,33,439.466,393.584,5.529,3.712,1,1,1.0
25,34,409.193,396.257,6.944,4.727,1,1,1.0
25,38,474.677,314.744,4.467,8.854,1,1,1.0
25,39,561.515,327.478,5.268,9.346,1,1,1.0
25,40,561.346,354.000,3.839,8.396,1,1,1.0
25,42,551.866,394.618,7.504,5.938,1,1,1.0
25,44,538.478,340.980,3.745,9.071,1,1,1.0
25,45,584.416,392.564,7.089,4.805,1,1,1.0
25,46,585.356,352.416,3.813,8.667,1,1,1.0
25,48,665.740,276.350,4.326,6.774,1,1,1.0
25,49,716.296,390.000,7.418,4.380,1,1,1.0
25,50,664.298,342.240,4.319,7.674,1,1,1.0
25,51,665.715,351.268,3.890,8.362,1,1,1.0
25,52,731.142,398.192,5.746,4.504,1,1,1.0
25,53,735.972,328.521,4.073,7.453,1,1,1.0
25,54,667.866,386.404,3.572,7.835,1,1,1.0
26,1,70.807,274.640,5.153,8.741,1,1,1.0
26,2,15.448,283.236,4.800,8.166,1,1,1.0
26,3,64.439,392.032,4.703,4.538,1,1,1.0
26,4,40.240,289.949,4.603,9.150,1,1,1.0
26,5,34.992,392.504,6.349,5.326,1,1,1.0
26,7,33.477,331.153,4.675,9.226,1,1,1.0
26,9,21.023,244.342,4.504,8.719,1,1,1.0
26,11,160.741,346.208,7.186,6.100,1,1,1.0
26,12,139.696,237.128,3.899,6.583,1,1,1.0
26,14,138.947,382.337,4.054,9.172,1,1,1.0
26,16,174.835,319.527,8.087,6.879,1,1,1.0
26,17,157.834,330.550,5.455,8.784,1,1,1.0
26,18,179.773,339.253,4.592,8.842,1,1,1.0
26,19,205.384,360.038,5.212,5.097,1,1,1.0
26,23,289.208,361.714,4.893,6.375,1,1,1.0
26,24,340.667,364.920,4.601,7.427,1,1,1.0
26,25,328.642,272.643,6.457,4.328,1,1,1.0
26,26,306.945,389.543,7.558,4.278,1,1,1.0
26,27,276.929,388.881,6.876,6.791,1,1,1.0
26,28,406.214,328.495,4.548,7.539,1,1,1.0
26,31,424.899,261.048,6.372,5.383,1,1,1.0
26,32,437.880,255.749,3.954,9.731,1,1,1.0
26,33,439.536,393.419,5.726,3.697,1,1,1.0
26,34,410.118,396.312,6.581,4.687,1,1,1.0
26,38,475.012,313.092,4.322,8.987,1,1,1.0
26,39,561.961,331.115,4.692,8.919,1,1,1.0
26,40,561.498,350.791,3.668,8.448,1,1,1.0
26,42,551.967,394.634,7.453,5.911,1,1,1.0
26,44,538.349,339.305,3.770,8.594,1,1,1.0
26,45,583.949,392.345,6.693,4.572,1,1,1.0
26,46,585.775,348.084,3.771,8.936,1,1,1.0
26,48,666.279,275.760,4.180,7.988,1,1,1.0
26,49,712.469,390.695,8.305,4.325,1,1,1.0
26,50,664.772,339.011,4.422,8.169,1,1,1.0
26,51,665.365,347.157,3.917,8.677,1,1,1.0
26,52,731.804,398.184,5.345,4.520,1,1,1.0
26,53,736.151,326.953,3.942,7.365,1,1,1.0
26,54,667.578,386.552,3.417,7.820,1,1,1.0
27,1,72.191,270.395,5.343,9.347,1,1,1.0
27,2,16.483,278.321,4.800,8.166,1,1,1.0
27,3,63.147,367.235,4.604,5.485,1,1,1.0
27,4,40.266,288.254,4.846,9.200,1,1,1.0
27,5,35.581,392.446,7.160,5.619,1,1,1.0
27,7,33.602,328.372,4.727,9.191,1,1,1.0
27,9,21.951,239.913,4.630,9.120,1,1,1.0
27,11,158.317,347.799,7.635,4.732,1,1,1.0
27,12,139.394,233.983,4.006,7.033,1,1,1.0
27,14,138.336,381.616,4.230,8.281,1,1,1.0
27,16,174.048,318.682,7.703,6.174,1,1,1.0
27,17,157.888,327.950,5.354,8.424,1,1,1.0
27,18,179.105,335.905,4.420,8.842,1,1,1.0
27,19,207.365,358.904,4.115,5.376,1,1,1.0
27,23,287.179,363.474,4.953,6.055,1,1,1.0
27,24,340.912,362.570,4.568,7.333,1,1,1.0
27,25,328.258,273.006,6.360,4.554,1,1,1.0
27,26,311.249,390.354,7.171,4.536,1,1,1.0
27,27,278.636,386.499,6.456,7.280,1,1,1.0
27,28,406.446,324.794,4.326,7.792,1,1,1.0
27,31,425.929,282.195,5.983,7.732,1,1,1.0
27,32,438.399,250.759,4.285,9.713,1,1,1.0
27,33,440.148,393.404,5.901,3.839,1,1,1.0
27,34,410.616,396.413,6.511,4.475,1,1,1.0
27,38,474.793,310.728,4.310,8.847,1,1,1.0
27,39,562.874,335.357,4.677,9.102,1,1,1.0
27,40,562.188,347.426,3.916,8.830,1,1,1.0
27,42,551.897,394.632,7.430,5.846,1,1,1.0
27,44,538.433,336.418,3.894,8.644,1,1,1.0
27,45,583.496,392.412,6.444,4.524,1,1,1.0
27,46,585.476,344.297,3.840,8.874,1,1,1.0
27,48,666.859,274.252,4.244,7.739,1,1,1.0
27,49,707.884,390.543,9.015,4.625,1,1,1.0
27,50,664.677,336.219,4.345,7.597,1,1,1.0
27,51,665.549,343.218,3.898,8.809,1,1,1.0
27,52,732.375,397.095,5.718,5.171,1,1,1.0
27,53,736.013,325.221,4.097,7.125,1,1,1.0
27,54,667.782,386.627,3.320,7.767,1,1,1.0
28,1,73.859,266.463,5.089,8.846,1,1,1.0
28,2,17.516,273.770,3.796,7.642,1,1,1.0
28,3,54.180,356.124,6.884,6.961,1,1,1.0
28,4,41.186,286.677,4.522,9.439,1,1,1.0
28,5,35.931,392.452,7.371,5.703,1,1,1.0
28,7,34.028,325.110,4.344,9.871,1,1,1.0
28,9,23.635,235.285,4.310,8.472,1,1,1.0
28,11,156.433,348.190,7.384,4.589,1,1,1.0
28,12,139.013,231.513,4.229,7.372,1,1,1.0
28,14,138.905,380.444,3.669,9.469,1,1,1.0
28,16,173.261,317.663,7.820,6.606,1,1,1.0
28,17,158.370,324.813,5.929,8.702,1,1,1.0
28,18,178.690,332.055,4.755,9.138,1,1,1.0
28,19,209.357,357.480,3.749,5.661,1,1,1.0
28,23,292.772,367.895,5.418,8.290,1,1,1.0
28,24,341.081,360.975,4.614,7.164,1,1,1.0
28,25,328.250,272.984,6.325,4.609,1,1,1.0
28,26,314.735,391.611,7.578,5.269,1,1,1.0
28,27,280.430,384.026,6.426,6.849,1,1,1.0
28,28,407.243,321.333,4.515,7.904,1,1,1.0
28,31,439.937,308.069,8.379,10.335,1,1,1.0
28,32,438.619,246.400,4.246,9.477,1,1,1.0
28,33,440.804,393.240,5.948,3.940,1,1,1.0
28,34,410.871,396.474,6.195,4.397,1,1,1.0
28,38,474.932,308.461,4.404,9.253,1,1,1.0
28,39,564.091,337.643,4.477,9.054,1,1,1.0
28,40,561.708,347.214,3.845,9.044,1,1,1.0
28,42,552.021,394.482,7.615,6.049,1,1,1.0
28,44,538.662,333.753,3.988,9.292,1,1,1.0
28,45,580.697,393.433,7.997,5.028,1,1,1.0
28,46,585.262,340.267,3.956,9.222,1,1,1.0
28,48,667.294,271.484,4.346,8.062,1,1,1.0
28,49,703.363,391.363,8.842,4.523,1,1,1.0
28,50,665.276,333.922,4.419,7.254,1,1,1.0
28,51,701.379,360.095,4.800,8.166,1,1,1.0
28,52,733.524,394.268,6.011,7.117,1,1,1.0
28,53,736.000,323.925,4.074,7.070,1,1,1.0
28,54,667.755,386.728,3.502,7.603,1,1,1.0
29,1,74.940,262.705,4.963,8.545,1,1,1.0
29,2,17.265,270.627,3.872,9.685,1,1,1.0
29,3,47.495,351.291,4.333,7.068,1,1,1.0
29,4,42.180,284.922,4.654,8.788,1,1,1.0
29,5,35.931,392.537,7.172,5.448,1,1,1.0
29,7,35.435,322.580,4.652,9.330,1,1,1.0
29,9,25.129,230.655,4.668,8.259,1,1,1.0
29,11,155.043,348.263,7.331,4.623,1,1,1.0
29,12,139.242,228.139,4.118,7.300,1,1,1.0
29,14,138.724,379.935,3.787,8.837,1,1,1.0
29,16,171.917,316.399,7.766,6.811,1,1,1.0
29,17,158.531,320.891,5.345,9.258,1,1,1.0
29,18,178.488,327.995,4.559,9.175,1,1,1.0
29,19,208.797,355.143,4.566,5.623,1,1,1.0
29,23,292.873,367.052,4.727,8.634,1,1,1.0
29,24,341.218,359.228,4.356,6.965,1,1,1.0
29,25,328.140,273.059,6.260,4.415,1,1,1.0
29,26,318.149,393.140,7.773,5.296,1,1,1.0
29,27,283.852,381.529,6.025,6.576,1,1,1.0
29,28,407.979,317.758,4.453,7.747,1,1,1.0
29,31,440.611,324.781,4.341,9.181,1,1,1.0
29,32,438.196,241.998,4.269,9.594,1,1,1.0
29,33,442.324,392.677,6.021,4.249,1,1,1.0
29,34,410.907,396.442,6.464,4.505,1,1,1.0
29,38,475.226,306.795,4.055,8.828,1,1,1.0
29,39,564.085,339.016,4.238,8.281,1,1,1.0
29,40,560.607,348.439,3.474,8.612,1,1,1.0
29,42,552.561,394.551,7.422,5.759,1,1,1.0
29,44,538.446,331.111,3.848,8.864,1,1,1.0
29,45,579.223,393.461,7.224,4.764,1,1,1.0
29,46,584.708,336.900,4.209,8.572,1,1,1.0
29,48,667.761,267.682,4.359,8.994,1,1,1.0
29,49,698.071,390.855,8.688,4.370,1,1,1.0
29,50,666.776,331.863,4.653,6.413,1,1,1.0
29,51,728.855,388.331,4.515,6.861,1,1,1.0
29,52,734.258,391.848,5.486,6.950,1,1,1.0
29,53,736.012,323.858,3.983,6.917,1,1,1.0
29,54,667.887,386.366,3.085,7.733,1,1,1.0
30,1,75.684,258.619,5.048,8.817,1,1,1.0
30,2,17.401,268.319,4.072,10.225,1,1,1.0
30,3,48.709,354.101,4.761,6.476,1,1,1.0
30,4,43.182,282.467,4.707,8.958,1,1,1.0
30,5,35.971,392.469,7.090,5.473,1,1,1.0
30,7,37.122,320.121,5.496,8.905,1,1,1.0
30,9,26.350,227.568,4.937,8.237,1,1,1.0
30,11,152.559,348.075,7.252,4.915,1,1,1.0
30,12,139.358,224.559,4.009,7.710,1,1,1.0
30,14,138.341,378.737,3.994,8.724,1,1,1.0
30,16,171.493,315.295,6.983,7.075,1,1,1.0
30,17,159.307,317.745,4.712,9.326,1,1,1.0
30,18,178.681,324.030,4.263,8.491,1,1,1.0
30,19,208.989,353.129,4.350,5.396,1,1,1.0
30,23,292.659,366.929,4.644,8.476,1,1,1.0
30,24,341.714,356.256,4.151,6.942,1,1,1.0
30,25,328.130,273.015,6.233,4.430,1,1,1.0
30,26,321.785,394.081,7.560,4.883,1,1,1.0
30,27,286.191,378.300,6.578,6.628,1,1,1.0
30,28,408.578,314.559,4.481,8.443,1,1,1.0
30,31,440.195,322.992,4.332,9.127,1,1,1.0
30,32,438.352,237.808,4.158,9.538,1,1,1.0
30,33,443.347,392.476,5.321,4.185,1,1,1.0
30,34,410.946,396.340,6.113,4.361,1,1,1.0
30,38,475.028,304.494,4.150,8.775,1,1,1.0
30,39,561.239,339.476,5.385,7.957,1,1,1.0
30,40,560.072,348.579,3.455,8.486,1,1,1.0
30,42,552.510,394.421,7.673,5.972,1,1,1.0
30,44,538.461,327.707,3.811,8.610,1,1,1.0
30,45,575.605,393.013,7.446,4.739,1,1,1.0
30,46,582.555,333.791,4.909,8.443,1,1,1.0
30,48,667.958,265.032,4.147,8.884,1,1,1.0
30,49,693.598,390.578,8.367,4.747,1,1,1.0
30,50,667.499,329.898,4.979,7.187,1,1,1.0
30,51,728.685,390.381,4.843,5.350,1,1,1.0
30,52,733.314,391.972,4.950,5.925,1,1,1.0
30,53,736.064,323.735,4.030,7.075,1,1,1.0
30,54,666.793,385.898,3.604,7.120,1,1,1.0
31,1,77.095,254.669,5.130,8.997,1,1,1.0
31,2,17.866,266.539,4.035,8.854,1,1,1.0
31,3,46.716,354.214,4.852,8.216,1,1,1.0
31,4,43.878,279.765,4.897,9.059,1,1,1.0
31,5,36.074,392.510,7.204,5.408,1,1,1.0
31,7,39.604,316.908,5.607,8.514,1,1,1.0
31,9,27.289,226.080,5.013,7.865,1,1,1.0
31,11,151.353,346.774,6.828,5.431,1,1,1.0
31,12,139.290,220.485,4.465,8.535,1,1,1.0
31,14,138.181,377.976,4.267,8.802,1,1,1.0
31,16,171.057,314.387,7.632,8.036,1,1,1.0
31,17,159.538,313.832,5.186,10.027,1,1,1.0
31,18,177.482,319.906,4.891,9.496,1,1,1.0
31,19,208.587,350.971,4.602,6.312,1,1,1.0
31,23,292.368,365.985,5.088,8.472,1,1,1.0
31,24,341.718,353.384,4.133,7.346,1,1,1.0
31,25,328.077,273.033,6.272,4.798,1,1,1.0
31,26,324.345,394.603,7.785,4.524,1,1,1.0
31,27,288.956,375.409,6.978,7.190,1,1,1.0
31,28,409.520,312.099,4.669,7.830,1,1,1.0
31,31,439.104,320.903,4.748,9.019,1,1,1.0
31,32,438.012,234.054,4.205,10.010,1,1,1.0
31,33,443.568,392.504,5.439,4.214,1,1,1.0
31,34,410.784,396.311,6.217,4.351,1,1,1.0
31,38,474.848,302.479,4.195,9.092,1,1,1.0
31,39,559.820,339.013,7.055,8.194,1,1,1.0
31,40,559.209,348.749,4.500,7.912,1,1,1.0
31,42,552.458,394.425,7.435,6.007,1,1,1.0
31,44,538.235,324.039,4.012,8.893,1,1,1.0
31,45,573.175,392.857,7.827,4.642,1,1,1.0
31,46,579.178,331.468,5.883,7.820,1,1,1.0
31,48,667.562,263.975,4.353,8.458,1,1,1.0
31,49,690.096,388.963,9.023,4.787,1,1,1.0
31,50,667.528,328.346,4.669,7.387,1,1,1.0
31,51,728.316,389.920,5.191,5.562,1,1,1.0
31,52,733.576,391.283,5.255,5.860,1,1,1.0
31,53,721.555,315.603,4.800,8.166,1,1,1.0
31,54,667.670,386.086,4.410,5.943,1,1,1.0
32,1,77.964,250.934,4.838,8.652,1,1,1.0
32,2,17.782,264.304,4.312,8.747,1,1,1.0
32,3,47.012,352.711,5.217,8.881,1,1,1.0
32,4,45.579,276.399,4.788,8.943,1,1,1.0
32,5,36.168,392.506,7.202,5.446,1,1,1.0
32,7,42.314,314.041,5.734,8.405,1,1,1.0
32,9,27.386,225.248,5.268,8.334,1,1,1.0
32,11,149.783,345.811,6.448,5.333,1,1,1.0
32,12,139.487,216.534,4.734,8.440,1,1,1.0
32,14,138.352,376.584,3.833,8.499,1,1,1.0
32,16,171.367,313.629,6.255,6.963,1,1,1.0
32,17,160.021,310.339,4.907,9.706,1,1,1.0
32,18,176.688,314.716,5.235,9.394,1,1,1.0
32,19,207.149,346.998,5.352,7.287,1,1,1.0
32,23,290.946,363.698,5.181,8.316,1,1,1.0
32,24,341.248,350.395,3.896,7.177,1,1,1.0
32,25,327.474,273.472,5.023,7.303,1,1,1.0
32,26,326.200,394.278,7.737,4.885,1,1,1.0
32,27,291.104,373.201,6.699,7.085,1,1,1.0
32,28,410.686,309.412,4.938,7.472,1,1,1.0
32,31,437.998,317.046,5.010,9.223,1,1,1.0
32,32,438.405,229.876,4.255,9.675,1,1,1.0
32,33,443.950,392.690,7.011,3.697,1,1,1.0
32,34,414.083,381.116,8.428,8.073,1,1,1.0
32,38,475.107,300.356,4.381,8.993,1,1,1.0
32,39,558.277,339.054,7.004,7.369,1,1,1.0
32,40,556.815,348.990,6.783,6.997,1,1,1.0
32,42,552.469,394.271,7.538,6.043,1,1,1.0
32,44,538.794,321.007,4.222,9.479,1,1,1.0
32,45,572.219,392.497,7.162,4.497,1,1,1.0
32,46,577.780,329.382,5.474,7.942,1,1,1.0
32,48,667.684,263.216,4.219,8.553,1,1,1.0
32,49,687.515,388.011,8.289,5.043,1,1,1.0
32,50,667.664,327.559,4.587,7.275,1,1,1.0
32,51,728.707,389.766,5.209,5.312,1,1,1.0
32,52,733.427,390.298,5.515,5.461,1,1,1.0
32,53,699.932,306.013,5.326,6.319,1,1,1.0
32,54,668.162,386.447,4.348,5.474,1,1,1.0
33,1,78.268,247.456,4.959,8.621,1,1,1.0
33,2,18.004,262.231,3.876,8.945,1,1,1.0
33,3,48.096,350.865,4.615,8.931,1,1,1.0
33,4,46.492,273.728,5.561,8.254,1,1,1.0
33,5,35.842,392.423,6.940,5.705,1,1,1.0
33,7,44.217,311.352,6.150,8.097,1,1,1.0
33,9,27.471,225.189,5.190,8.349,1,1,1.0
33,11,148.178,344.264,6.049,5.573,1,1,1.0
33,12,140.126,213.162,4.656,8.680,1,1,1.0
33,14,138.492,375.685,3.676,9.179,1,1,1.0
33,16,172.124,311.184,5.050,8.869,1,1,1.0
33,17,160.226,307.277,4.484,9.921,1,1,1.0
33,18,176.335,311.395,4.982,8.512,1,1,1.0
33,19,206.058,343.999,5.349,7.917,1,1,1.0
33,23,287.975,360.680,5.944,7.759,1,1,1.0
33,24,340.411,347.698,4.238,7.812,1,1,1.0
33,25,326.622,276.538,4.909,8.746,1,1,1.0
33,26,328.354,394.131,8.280,4.727,1,1,1.0
33,27,292.969,371.186,6.549,6.781,1,1,1.0
33,28,412.125,306.931,5.263,7.353,1,1,1.0
33,31,437.374,314.674,4.657,9.178,1,1,1.0
33,32,438.195,226.292,4.334,9.320,1,1,1.0
33,33,447.687,391.394,4.800,8.166,1,1,1.0
33,34,438.104,392.650,14.129,7.500,1,1,1.0
33,38,474.793,298.565,4.118,8.654,1,1,1.0
33,39,556.291,338.772,7.859,6.936,1,1,1.0
33,40,554.545,348.621,6.811,5.758,1,1,1.0
33,42,552.451,394.079,7.368,6.094,1,1,1.0
33,44,539.393,318.668,4.095,9.493,1,1,1.0
33,45,570.571,392.188,6.906,4.114,1,1,1.0
33,46,576.131,325.919,5.617,8.149,1,1,1.0
33,48,667.014,261.358,3.984,7.741,1,1,1.0
33,49,683.697,386.774,8.551,5.069,1,1,1.0
33,50,667.573,327.015,4.617,7.362,1,1,1.0
33,51,728.163,389.238,6.256,5.860,1,1,1.0
33,52,734.717,387.988,5.389,6.296,1,1,1.0
33,53,700.492,304.814,5.466,7.057,1,1,1.0
33,54,668.751,386.011,4.227,5.359,1,1,1.0
34,1,79.086,243.683,4.853,8.766,1,1,1.0
34,2,18.432,260.497,4.082,8.892,1,1,1.0
34,3,48.479,349.132,4.590,9.240,1,1,1.0
34,4,48.573,271.259,6.911,7.427,1,1,1.0
34,5,35.753,392.456,6.975,5.796,1,1,1.0
34,7,47.171,308.654,5.937,8.647,1,1,1.0
34,9,27.584,225.147,5.173,8.344,1,1,1.0
34,11,146.600,342.833,6.317,5.730,1,1,1.0
34,12,141.004,209.097,4.727,8.873,1,1,1.0
34,14,138.356,374.579,3.599,8.898,1,1,1.0
34,16,171.168,309.063,4.811,8.640,1,1,1.0
34,17,160.524,303.417,4.436,9.322,1,1,1.0
34,18,176.518,307.098,4.498,8.904,1,1,1.0
34,19,206.447,340.862,5.131,8.194,1,1,1.0
34,23,286.263,359.295,6.175,7.345,1,1,1.0
34,24,339.810,345.601,4.099,7.061,1,1,1.0
34,25,326.251,280.469,4.415,8.614,1,1,1.0
34,26,330.822,394.027,8.845,5.024,1,1,1.0
34,27,294.423,369.862,6.534,6.885,1,1,1.0
34,28,413.723,303.134,5.320,8.160,1,1,1.0
34,31,436.583,312.901,4.860,9.161,1,1,1.0
34,32,438.724,221.347,4.296,9.487,1,1,1.0
34,33,450.015,390.359,4.800,8.166,1,1,1.0
34,34,440.528,394.123,14.445,7.913,1,1,1.0
34,38,474.639,296.652,4.384,8.836,1,1,1.0
34,39,554.196,339.344,7.450,6.670,1,1,1.0
34,40,551.359,348.392,7.305,5.613,1,1,1.0
34,42,552.271,393.869,8.085,6.486,1,1,1.0
34,44,539.748,316.258,3.949,9.263,1,1,1.0
34,45,571.554,392.049,5.283,3.783,1,1,1.0
34,46,576.676,322.592,4.063,9.365,1,1,1.0
34,48,666.924,259.395,4.063,7.467,1,1,1.0
34,49,680.138,384.918,7.487,5.226,1,1,1.0
34,50,668.271,323.267,4.232,8.857,1,1,1.0
34,51,727.590,389.057,6.008,6.024,1,1,1.0
34,52,735.258,386.864,5.238,6.353,1,1,1.0
34,53,700.825,304.175,5.165,7.272,1,1,1.0
34,54,669.207,385.589,6.251,5.620,1,1,1.0
35,1,80.180,240.011,4.504,8.579,1,1,1.0
35,2,18.302,258.611,4.165,8.711,1,1,1.0
35,3,48.510,348.640,4.609,9.267,1,1,1.0
35,4,50.538,269.039,7.262,6.879,1,1,1.0
35,5,35.746,392.418,6.956,6.007,1,1,1.0
35,7,48.931,306.264,6.059,8.326,1,1,1.0
35,9,27.529,225.110,5.192,8.592,1,1,1.0
35,11,144.990,339.938,5.196,6.901,1,1,1.0
35,12,141.943,205.495,4.616,9.020,1,1,1.0
35,14,138.283,373.297,3.942,8.622,1,1,1.0
35,16,170.437,306.874,4.619,8.945,1,1,1.0
35,17,160.544,299.799,4.092,9.299,1,1,1.0
35,18,176.585,303.935,4.393,9.023,1,1,1.0
35,19,206.284,336.538,5.116,8.770,1,1,1.0
35,23,285.732,358.378,5.806,7.367,1,1,1.0
35,24,338.774,343.259,4.320,7.030,1,1,1.0
35,25,325.547,284.036,4.392,9.022,1,1,1.0
35,26,333.961,393.983,8.641,4.834,1,1,1.0
35,27,296.110,367.887,6.750,6.516,1,1,1.0
35,28,414.757,299.456,5.083,8.717,1,1,1.0
35,31,436.402,311.768,4.999,8.887,1,1,1.0
35,32,437.970,216.752,4.340,9.539,1,1,1.0
35,33,450.533,391.911,4.800,8.166,1,1,1.0
35,34,440.742,393.719,14.576,8.367,1,1,1.0
35,38,475.056,293.598,4.168,8.983,1,1,1.0
35,39,551.705,340.156,6.959,5.925,1,1,1.0
35,40,549.358,348.110,7.251,5.429,1,1,1.0
35,42,552.630,394.318,7.387,6.053,1,1,1.0
35,44,539.896,313.728,4.100,8.988,1,1,1.0
35,45,571.837,391.917,4.767,3.997,1,1,1.0
35,46,577.741,319.039,4.760,8.955,1,1,1.0
35,48,666.260,257.648,4.122,7.532,1,1,1.0
35,49,677.376,382.758,7.024,5.817,1,1,1.0
35,50,667.899,320.119,4.522,8.574,1,1,1.0
35,51,727.253,389.454,5.852,5.824,1,1,1.0
35,52,734.791,385.232,4.154,6.419,1,1,1.0
35,53,700.609,303.249,4.378,7.601,1,1,1.0
35,54,670.169,387.185,5.312,5.046,1,1,1.0
36,1,81.110,235.607,4.448,8.142,1,1,1.0
36,2,18.329,256.066,3.849,9.358,1,1,1.0
36,3,49.337,347.080,4.762,9.017,1,1,1.0
36,4,53.575,266.870,6.972,6.950,1,1,1.0
36,5,35.709,392.412,6.806,5.985,1,1,1.0
36,7,51.563,303.198,5.797,8.133,1,1,1.0
36,9,27.590,225.176,5.115,8.500,1,1,1.0
36,11,144.025,337.692,4.982,7.145,1,1,1.0
36,12,142.709,200.764,4.646,9.374,1,1,1.0
36,14,138.352,371.817,3.764,8.502,1,1,1.0
36,16,169.339,304.495,4.927,8.437,1,1,1.0
36,17,161.039,295.661,4.177,9.769,1,1,1.0
36,18,176.626,299.408,4.201,8.865,1,1,1.0
36,19,205.949,333.064,5.026,9.106,1,1,1.0
36,23,284.770,357.826,6.000,7.524,1,1,1.0
36,24,337.772,340.504,4.577,6.868,1,1,1.0
36,25,325.625,288.568,4.207,9.269,1,1,1.0
36,26,336.570,393.704,8.986,4.889,1,1,1.0
36,27,296.469,366.709,6.807,6.804,1,1,1.0
36,28,415.867,295.930,4.975,8.476,1,1,1.0
36,31,436.266,311.609,5.052,8.817,1,1,1.0
36,32,438.343,213.262,4.509,9.286,1,1,1.0
36,33,450.274,389.842,4.800,8.166,1,1,1.0
36,34,440.740,393.615,12.199,7.305,1,1,1.0
36,38,474.774,291.675,4.251,8.885,1,1,1.0
36,39,549.298,340.192,7.141,5.567,1,1,1.0
36,40,547.604,347.760,6.787,5.405,1,1,1.0
36,42,552.708,394.411,7.234,6.087,1,1,1.0
36,44,540.113,310.561,4.296,8.779,1,1,1.0
36,45,571.973,391.699,4.640,4.164,1,1,1.0
36,46,578.701,315.996,4.738,8.276,1,1,1.0
36,48,665.374,254.627,4.076,7.325,1,1,1.0
36,49,674.485,379.883,6.979,6.218,1,1,1.0
36,50,668.447,316.463,4.253,8.953,1,1,1.0
36,51,727.156,389.769,5.707,5.616,1,1,1.0
36,52,735.114,383.583,3.934,6.052,1,1,1.0
36,53,700.200,300.684,4.345,9.116,1,1,1.0
36,54,670.888,390.096,5.305,5.830,1,1,1.0
37,1,81.250,231.835,4.296,8.278,1,1,1.0
37,2,17.506,252.721,4.150,9.290,1,1,1.0
37,3,50.090,345.077,5.575,8.911,1,1,1.0
37,4,56.125,264.522,7.006,6.994,1,1,1.0
37,5,35.761,392.469,6.877,6.116,1,1,1.0
37,7,52.971,299.756,6.094,8.341,1,1,1.0
37,9,27.531,225.211,5.118,8.509,1,1,1.0
37,11,143.081,334.747,4.644,7.877,1,1,1.0
37,12,143.495,197.549,5.159,9.012,1,1,1.0
37,14,138.573,370.584,4.040,8.737,1,1,1.0
37,16,169.221,300.910,4.437,8.712,1,1,1.0
37,17,161.209,291.713,4.349,10.173,1,1,1.0
37,18,175.948,294.883,4.144,8.965,1,1,1.0
37,19,205.971,328.654,4.785,9.411,1,1,1.0
37,23,284.583,357.593,5.869,7.370,1,1,1.0
37,24,336.210,338.781,4.904,6.793,1,1,1.0
37,25,325.680,292.576,4.170,9.154,1,1,1.0
37,26,335.589,393.513,8.224,5.524,1,1,1.0
37,27,298.003,368.715,7.817,4.796,1,1,1.0
37,28,416.724,292.847,5.070,8.868,1,1,1.0
37,31,436.332,311.611,5.049,8.780,1,1,1.0
37,32,439.472,209.039,4.150,9.628,1,1,1.0
37,33,444.583,389.583,4.800,8.166,1,1,1.0
37,34,442.666,392.957,8.932,6.783,1,1,1.0
37,38,474.724,289.262,4.338,8.903,1,1,1.0
37,39,546.741,340.979,6.971,6.200,1,1,1.0
37,40,545.737,347.199,6.356,5.848,1,1,1.0
37,42,552.818,394.585,7.215,6.090,1,1,1.0
37,44,541.556,307.558,4.744,8.625,1,1,1.0
37,45,572.094,391.638,4.591,4.144,1,1,1.0
37,46,580.358,312.543,5.017,8.652,1,1,1.0
37,48,665.267,252.440,3.993,6.841,1,1,1.0
37,49,672.134,377.563,6.463,6.289,1,1,1.0
37,50,668.631,313.156,3.901,8.923,1,1,1.0
37,51,727.277,389.745,5.718,5.703,1,1,1.0
37,52,735.007,381.366,3.925,6.482,1,1,1.0
37,53,697.752,300.479,5.152,7.391,1,1,1.0
37,54,671.895,392.247,5.912,6.461,1,1,1.0
38,1,81.424,227.765,4.387,8.212,1,1,1.0
38,2,17.316,249.522,3.789,8.548,1,1,1.0
38,3,51.872,343.232,5.068,8.132,1,1,1.0
38,4,58.323,261.704,6.311,7.556,1,1,1.0
38,5,35.764,392.417,6.758,6.115,1,1,1.0
38,7,55.080,296.649,5.775,8.567,1,1,1.0
38,9,27.508,225.224,5.092,8.486,1,1,1.0
38,11,142.924,330.943,4.126,8.424,1,1,1.0
38,12,144.756,193.749,4.901,8.885,1,1,1.0
38,14,138.684,369.672,4.023,8.479,1,1,1.0
38,16,169.870,295.877,4.071,9.707,1,1,1.0
38,17,161.484,288.503,4.355,9.845,1,1,1.0
38,18,176.008,291.670,4.537,8.774,1,1,1.0
38,19,206.089,325.177,4.803,9.390,1,1,1.0
38,23,284.170,357.388,6.316,7.228,1,1,1.0
38,24,334.475,336.504,4.950,6.871,1,1,1.0
38,25,326.159,296.075,4.272,9.506,1,1,1.0
38,26,336.556,393.488,7.342,4.774,1,1,1.0
38,27,301.628,370.193,7.587,4.121,1,1,1.0
38,28,418.044,288.788,4.736,8.364,1,1,1.0
38,31,436.298,311.527,5.133,8.573,1,1,1.0
38,32,439.811,204.464,4.031,9.863,1,1,1.0
38,33,442.773,393.204,4.800,8.166,1,1,1.0
38,34,444.580,391.612,6.276,6.516,1,1,1.0
38,38,474.290,286.687,4.459,9.078,1,1,1.0
38,39,545.250,340.795,6.979,5.915,1,1,1.0
38,40,544.194,346.866,6.448,6.053,1,1,1.0
38,42,552.780,394.551,7.221,6.131,1,1,1.0
38,44,542.335,305.409,4.418,8.492,1,1,1.0
38,45,572.167,391.628,4.566,4.175,1,1,1.0
38,46,581.738,309.282,4.983,8.450,1,1,1.0
38,48,665.172,249.029,4.124,7.324,1,1,1.0
38,49,670.285,374.702,5.677,6.283,1,1,1.0
38,50,668.478,309.096,4.001,8.890,1,1,1.0
38,51,727.439,389.808,5.670,5.563,1,1,1.0
38,52,734.894,380.019,4.006,6.495,1,1,1.0
38,53,696.841,298.775,5.329,7.428,1,1,1.0
38,54,672.770,393.379,6.038,8.023,1,1,1.0
39,1,81.637,223.432,3.998,8.315,1,1,1.0
39,2,17.769,246.440,2.927,9.794,1,1,1.0
39,3,52.573,342.061,5.164,8.518,1,1,1.0
39,4,59.878,258.664,6.154,7.226,1,1,1.0
39,5,35.646,392.390,6.835,5.972,1,1,1.0
39,7,56.855,293.599,5.918,9.108,1,1,1.0
39,9,40.899,211.140,10.657,10.894,1,1,1.0
39,11,142.258,327.323,4.253,8.691,1,1,1.0
39,12,145.174,189.363,5.239,9.230,1,1,1.0
39,14,138.696,369.307,4.030,8.796,1,1,1.0
39,16,169.670,291.611,3.951,9.984,1,1,1.0
39,17,161.103,284.589,4.334,9.557,1,1,1.0
39,18,175.423,287.694,4.408,8.842,1,1,1.0
39,19,206.122,320.954,4.871,9.078,1,1,1.0
39,23,284.039,357.370,6.632,7.323,1,1,1.0
39,24,332.544,334.541,5.672,7.177,1,1,1.0
39,25,327.129,300.511,4.341,9.549,1,1,1.0
39,26,337.556,393.943,6.891,4.772,1,1,1.0
39,27,304.052,371.911,7.538,5.078,1,1,1.0
39,28,418.664,285.336,4.421,9.035,1,1,1.0
39,31,434.483,308.133,4.879,8.032,1,1,1.0
39,32,439.828,200.702,4.003,9.262,1,1,1.0
39,33,443.807,390.359,4.800,8.166,1,1,1.0
39,34,444.811,390.880,5.784,6.184,1,1,1.0
39,38,474.128,285.485,4.314,8.703,1,1,1.0
39,39,543.523,340.157,7.251,4.661,1,1,1.0
39,40,543.455,347.420,6.335,5.534,1,1,1.0
39,42,552.819,394.651,7.219,6.058,1,1,1.0
39,44,542.731,304.468,4.522,8.530,1,1,1.0
39,45,571.422,391.458,5.193,4.109,1,1,1.0
39,46,583.706,306.769,5.254,7.741,1,1,1.0
39,48,665.202,246.139,4.358,7.198,1,1,1.0
39,49,667.954,372.526,5.916,6.268,1,1,1.0
39,50,668.716,305.562,4.121,9.037,1,1,1.0
39,51,727.340,389.824,5.805,5.579,1,1,1.0
39,52,734.856,378.361,3.938,6.826,1,1,1.0
39,53,697.225,295.846,4.206,9.030,1,1,1.0
39,54,673.230,392.751,5.929,6.965,1,1,1.0
40,1,81.789,219.644,4.072,8.407,1,1,1.0
40,2,16.224,243.918,4.800,8.166,1,1,1.0
40,3,52.912,341.846,4.938,8.552,1,1,1.0
40,4,62.302,255.069,5.469,8.065,1,1,1.0
40,5,36.030,392.462,6.827,6.134,1,1,1.0
40,7,59.333,290.409,4.984,8.329,1,1,1.0
40,9,75.987,180.627,4.435,5.937,1,1,1.0
40,11,142.250,323.457,4.180,9.125,1,1,1.0
40,12,146.585,185.249,4.994,9.049,1,1,1.0
40,14,138.223,368.211,3.894,8.885,1,1,1.0
40,16,170.524,287.821,4.046,9.950,1,1,1.0
40,17,162.984,281.274,4.629,9.173,1,1,1.0
40,18,174.714,283.721,4.176,8.955,1,1,1.0
40,19,206.164,316.522,4.699,9.190,1,1,1.0
40,23,284.041,357.468,6.641,7.218,1,1,1.0
40,24,331.111,332.994,5.524,6.497,1,1,1.0
40,25,327.257,304.607,4.433,9.381,1,1,1.0
40,26,338.507,394.306,6.634,4.920,1,1,1.0
40,27,306.986,374.163,7.820,5.095,1,1,1.0
40,28,418.264,281.442,4.564,9.828,1,1,1.0
40,31,427.881,287.805,8.502,8.070,1,1,1.0
40,32,440.309,196.523,4.176,9.662,1,1,1.0
40,33,444.053,390.434,6.438,6.169,1,1,1.0
40,34,445.618,388.191,4.800,8.166,1,1,1.0
40,38,474.419,282.848,4.366,8.715,1,1,1.0
40,39,542.162,339.574,6.330,4.222,1,1,1.0
40,40,542.430,347.814,5.987,5.147,1,1,1.0
40,42,552.840,394.618,7.473,6.449,1,1,1.0
40,44,542.908,303.476,4.722,8.528,1,1,1.0
40,45,569.470,391.634,5.904,4.171,1,1,1.0
40,46,586.012,303.640,5.063,7.653,1,1,1.0
40,48,665.403,243.147,4.365,7.459,1,1,1.0
40,49,666.761,370.194,5.898,5.860,1,1,1.0
40,50,668.771,301.986,4.245,9.196,1,1,1.0
40,51,727.429,389.799,5.824,5.628,1,1,1.0
40,52,733.848,377.144,4.014,6.563,1,1,1.0
40,53,697.355,293.607,3.880,8.691,1,1,1.0
40,54,673.509,393.356,7.147,6.193,1,1,1.0
41,1,81.810,217.800,4.222,8.349,1,1,1.0
41,2,15.707,243.659,4.800,8.166,1,1,1.0
41,3,53.431,341.860,4.224,9.081,1,1,1.0
41,4,64.515,251.090,5.059,8.043,1,1,1.0
41,5,35.927,392.461,6.840,6.219,1,1,1.0
41,7,60.645,286.632,5.087,8.926,1,1,1.0
41,9,75.839,180.790,4.844,6.902,1,1,1.0
41,11,142.597,319.776,4.221,8.989,1,1,1.0
41,12,147.582,181.000,4.943,9.204,1,1,1.0
41,14,138.022,366.125,3.991,9.448,1,1,1.0
41,16,170.755,284.266,4.039,9.478,1,1,1.0
41,17,162.347,276.792,4.757,9.929,1,1,1.0
41,18,174.928,280.195,4.492,9.166,1,1,1.0
41,19,206.274,311.504,4.678,9.358,1,1,1.0
41,23,284.029,357.459,6.671,7.264,1,1,1.0
41,24,329.486,331.258,5.706,6.878,1,1,1.0
41,25,328.160,308.957,4.576,9.100,1,1,1.0
41,26,339.277,394.404,6.147,4.810,1,1,1.0
41,27,309.439,375.872,8.023,5.495,1,1,1.0
41,28,416.787,278.472,4.851,9.009,1,1,1.0
41,31,404.662,260.299,10.582,7.522,1,1,1.0
41,32,440.540,192.751,4.252,9.697,1,1,1.0
41,33,441.738,392.170,4.800,8.166,1,1,1.0
41,34,443.359,389.848,7.119,6.271,1,1,1.0
41,38,474.049,281.366,4.578,8.618,1,1,1.0
41,39,540.198,338.512,6.222,4.228,1,1,1.0
41,40,540.368,347.506,5.714,5.006,1,1,1.0
41,42,552.898,394.762,7.418,6.642,1,1,1.0
41,44,543.089,302.977,4.876,8.887,1,1,1.0
41,45,568.460,391.799,6.144,4.170,1,1,1.0
41,46,587.553,300.546,5.300,8.054,1,1,1.0
41,48,665.369,240.180,4.182,7.442,1,1,1.0
41,49,665.250,368.486,5.383,6.055,1,1,1.0
41,50,668.875,298.749,4.108,9.037,1,1,1.0
41,51,727.382,389.921,5.976,5.029,1,1,1.0
41,52,733.524,375.460,4.184,6.684,1,1,1.0
41,53,697.725,290.690,4.030,8.954,1,1,1.0
41,54,675.590,392.682,6.663,4.631,1,1,1.0
42,1,81.818,215.161,4.220,8.644,1,1,1.0
42,2,14.413,238.744,4.800,8.166,1,1,1.0
42,3,52.626,340.260,4.992,9.016,1,1,1.0
42,4,66.121,246.944,5.098,8.715,1,1,1.0
42,5,35.975,392.496,6.859,6.239,1,1,1.0
42,7,61.469,282.848,4.618,9.036,1,1,1.0
42,9,75.314,179.762,5.292,7.384,1,1,1.0
42,11,142.862,316.049,4.092,8.956,1,1,1.0
42,12,148.404,177.399,4.890,9.278,1,1,1.0
42,14,138.242,366.379,4.016,9.096,1,1,1.0
42,16,171.294,280.592,3.909,9.499,1,1,1.0
42,17,163.977,273.806,3.635,8.652,1,1,1.0
42,18,175.815,275.884,4.530,8.890,1,1,1.0
42,19,206.123,307.133,4.603,9.045,1,1,1.0
42,23,284.090,357.430,6.569,7.236,1,1,1.0
42,24,327.820,329.516,5.779,6.883,1,1,1.0
42,25,328.313,313.215,4.272,9.029,1,1,1.0
42,26,339.266,394.431,6.019,4.754,1,1,1.0
42,27,312.293,377.000,7.464,5.300,1,1,1.0
42,28,414.766,274.848,4.928,9.133,1,1,1.0
42,31,408.720,249.554,6.716,5.082,1,1,1.0
42,32,440.984,188.375,4.051,9.814,1,1,1.0
42,33,440.086,392.897,6.286,3.909,1,1,1.0
42,34,448.281,389.347,5.171,4.581,1,1,1.0
42,38,473.944,279.550,4.580,8.677,1,1,1.0
42,39,538.921,337.646,5.448,4.334,1,1,1.0
42,40,539.198,345.931,4.902,5.230,1,1,1.0
42,42,552.951,394.748,7.469,6.739,1,1,1.0
42,44,543.258,303.003,4.629,8.735,1,1,1.0
42,45,568.487,391.851,6.042,4.040,1,1,1.0
42,46,589.174,297.601,5.187,7.777,1,1,1.0
42,48,665.621,235.477,4.155,8.024,1,1,1.0
42,49,664.867,367.964,5.066,5.433,1,1,1.0
42,50,669.148,294.214,4.138,8.988,1,1,1.0
42,51,727.757,389.343,5.333,5.687,1,1,1.0
42,52,732.349,373.559,4.248,6.888,1,1,1.0
42,53,698.460,288.766,3.941,8.633,1,1,1.0
42,54,677.196,392.216,7.037,4.161,1,1,1.0
43,1,81.436,211.451,4.476,8.329,1,1,1.0
43,2,14.672,229.691,4.800,8.166,1,1,1.0
43,3,52.118,338.810,5.448,8.755,1,1,1.0
43,4,67.467,242.750,4.694,8.561,1,1,1.0
43,5,36.086,392.565,6.826,6.192,1,1,1.0
43,7,62.695,279.028,4.633,8.919,1,1,1.0
43,9,74.995,177.843,4.917,8.066,1,1,1.0
43,11,142.718,312.281,4.072,8.685,1,1,1.0
43,12,149.057,173.913,4.761,9.276,1,1,1.0
43,14,138.280,366.353,3.974,9.371,1,1,1.0
43,16,172.190,275.826,4.289,9.958,1,1,1.0
43,17,164.504,268.887,4.095,9.702,1,1,1.0
43,18,175.331,272.118,5.077,8.854,1,1,1.0
43,19,206.537,301.837,4.387,9.443,1,1,1.0
43,23,278.861,345.546,8.160,6.656,1,1,1.0
43,24,326.452,328.251,6.082,7.096,1,1,1.0
43,25,329.232,317.194,4.073,9.569,1,1,1.0
43,26,339.145,394.696,5.153,4.830,1,1,1.0
43,27,313.813,377.539,8.493,5.683,1,1,1.0
43,28,414.132,272.798,4.849,8.880,1,1,1.0
43,31,412.618,251.511,8.028,8.954,1,1,1.0
43,32,440.951,184.309,4.089,9.393,1,1,1.0
43,33,437.652,393.123,7.261,4.178,1,1,1.0
43,34,450.871,389.746,6.265,4.410,1,1,1.0
43,38,474.089,276.813,4.428,8.776,1,1,1.0
43,39,537.984,336.652,4.604,4.913,1,1,1.0
43,40,538.434,343.947,4.055,6.457,1,1,1.0
43,42,552.915,394.847,7.575,6.715,1,1,1.0
43,44,543.290,303.070,4.628,8.717,1,1,1.0
43,45,568.471,391.827,6.220,4.184,1,1,1.0
43,46,590.929,294.441,4.988,8.008,1,1,1.0
43,48,665.552,231.622,4.528,8.068,1,1,1.0
43,49,664.711,366.177,4.502,5.719,1,1,1.0
43,50,669.690,291.112,4.095,9.241,1,1,1.0
43,51,727.149,387.320,5.517,6.790,1,1,1.0
43,52,732.338,372.273,4.510,6.794,1,1,1.0
43,53,699.138,285.526,4.386,8.981,1,1,1.0
43,54,678.630,391.280,6.900,4.187,1,1,1.0
44,1,81.545,206.565,4.385,8.549,1,1,1.0
44,2,15.448,222.707,4.800,8.166,1,1,1.0
44,3,51.131,337.501,5.457,8.232,1,1,1.0
44,4,68.368,239.317,4.629,8.564,1,1,1.0
44,5,36.066,392.640,6.788,6.044,1,1,1.0
44,7,63.098,274.759,4.442,9.496,1,1,1.0
44,9,74.886,174.363,4.202,9.395,1,1,1.0
44,11,142.668,308.544,4.222,8.796,1,1,1.0
44,12,149.658,170.660,4.674,9.203,1,1,1.0
44,14,138.136,366.246,4.012,9.177,1,1,1.0
44,16,172.849,271.428,4.176,9.938,1,1,1.0
44,17,163.848,265.116,4.982,10.269,1,1,1.0
44,18,175.898,267.879,4.897,9.261,1,1,1.0
44,19,206.536,297.427,4.564,9.154,1,1,1.0
44,23,279.477,337.348,6.399,5.496,1,1,1.0
44,24,326.526,328.221,5.756,6.644,1,1,1.0
44,25,327.478,319.810,4.987,9.277,1,1,1.0
44,26,338.700,394.532,5.354,4.864,1,1,1.0
44,27,316.593,378.544,7.793,4.911,1,1,1.0
44,28,413.241,271.293,4.881,7.820,1,1,1.0
44,31,407.405,269.330,5.166,6.055,1,1,1.0
44,32,441.530,180.319,4.085,9.630,1,1,1.0
44,33,435.951,393.142,7.013,4.356,1,1,1.0
44,34,452.088,389.826,6.548,4.365,1,1,1.0
44,38,473.930,274.827,4.420,9.021,1,1,1.0
44,39,537.097,335.833,4.034,4.817,1,1,1.0
44,40,537.356,343.113,3.883,5.672,1,1,1.0
44,42,552.841,394.913,7.606,6.584,1,1,1.0
44,44,543.400,303.204,4.616,8.597,1,1,1.0
44,45,568.450,391.885,6.334,4.238,1,1,1.0
44,46,592.701,291.296,4.976,8.121,1,1,1.0
44,48,666.259,227.572,4.423,8.323,1,1,1.0
44,49,664.700,364.236,4.187,5.629,1,1,1.0
44,50,670.384,287.679,4.049,8.997,1,1,1.0
44,51,726.718,386.043,5.740,7.320,1,1,1.0
44,52,731.689,370.796,4.449,7.224,1,1,1.0
44,53,700.272,282.810,4.431,8.883,1,1,1.0
44,54,681.028,390.034,7.758,4.441,1,1,1.0
45,1,81.142,201.693,4.561,8.715,1,1,1.0
45,2,15.189,226.651,4.800,8.166,1,1,1.0
45,3,49.979,335.286,5.809,8.528,1,1,1.0
45,4,69.108,235.093,4.487,8.966,1,1,1.0
45,5,36.082,392.624,6.788,6.046,1,1,1.0
45,7,64.388,270.758,4.446,9.261,1,1,1.0
45,9,75.373,171.656,4.067,9.317,1,1,1.0
45,11,143.020,306.740,4.004,8.757,1,1,1.0
45,12,149.750,168.138,4.664,9.394,1,1,1.0
45,14,138.013,365.573,3.696,9.176,1,1,1.0
45,16,173.306,269.163,4.066,9.538,1,1,1.0
45,17,163.915,260.964,5.108,10.123,1,1,1.0
45,18,177.438,264.906,5.111,9.743,1,1,1.0
45,19,206.631,293.525,4.710,9.319,1,1,1.0
45,23,277.747,348.912,6.900,4.500,1,1,1.0
45,24,326.350,328.159,5.812,6.650,1,1,1.0
45,25,327.428,319.351,4.935,9.500,1,1,1.0
45,26,338.427,394.355,5.542,4.957,1,1,1.0
45,27,318.752,377.979,7.305,4.569,1,1,1.0
45,28,412.919,266.762,4.629,8.984,1,1,1.0
45,31,413.158,275.227,5.323,7.027,1,1,1.0
45,32,441.579,176.001,4.021,9.658,1,1,1.0
45,33,434.169,393.053,7.557,4.594,1,1,1.0
45,34,452.779,389.914,6.947,4.582,1,1,1.0
45,38,474.105,273.531,4.402,9.317,1,1,1.0
45,39,536.212,334.412,4.276,4.893,1,1,1.0
45,40,536.409,342.094,4.171,5.821,1,1,1.0
45,42,552.955,395.075,7.369,6.524,1,1,1.0
45,44,543.310,303.126,4.711,8.681,1,1,1.0
45,45,568.424,391.908,6.358,4.213,1,1,1.0
45,46,594.192,287.902,5.121,7.864,1,1,1.0
45,48,666.141,223.411,4.377,8.513,1,1,1.0
45,49,664.848,362.618,4.234,5.859,1,1,1.0
45,50,671.028,284.047,4.450,8.937,1,1,1.0
45,51,725.964,384.715,5.227,7.209,1,1,1.0
45,52,730.656,368.636,4.466,7.238,1,1,1.0
45,53,701.229,280.492,4.141,8.715,1,1,1.0
45,54,683.177,388.246,7.453,4.804,1,1,1.0
46,1,81.367,197.086,4.433,8.655,1,1,1.0
46,2,17.618,223.214,3.740,6.840,1,1,1.0
46,3,48.818,333.373,5.667,8.592,1,1,1.0
46,4,69.762,231.232,4.139,9.299,1,1,1.0
46,5,36.100,392.580,6.747,6.142,1,1,1.0
46,7,65.080,267.162,4.514,9.583,1,1,1.0
46,9,75.472,169.888,4.070,9.613,1,1,1.0
46,11,143.023,304.814,4.050,8.508,1,1,1.0
46,12,149.609,165.924,4.819,9.511,1,1,1.0
46,14,137.924,365.589,3.722,8.970,1,1,1.0
46,16,173.459,266.462,3.946,10.422,1,1,1.0
46,17,164.430,256.663,5.223,9.452,1,1,1.0
46,18,177.643,261.982,4.879,9.291,1,1,1.0
46,19,206.637,288.581,4.359,9.429,1,1,1.0
46,23,277.584,350.078,4.574,8.322,1,1,1.0
46,24,325.380,327.747,6.330,7.046,1,1,1.0
46,25,327.529,319.247,5.038,9.817,1,1,1.0
46,26,338.120,394.221,5.575,5.027,1,1,1.0
46,27,321.350,374.590,5.684,6.715,1,1,1.0
46,28,412.247,263.842,4.659,8.889,1,1,1.0
46,31,412.637,279.552,5.070,7.836,1,1,1.0
46,32,441.583,171.724,4.089,9.976,1,1,1.0
46,33,432.825,393.060,8.611,4.601,1,1,1.0
46,34,453.619,390.097,6.682,4.657,1,1,1.0
46,38,474.073,271.818,4.280,8.826,1,1,1.0
46,39,535.880,333.062,3.739,5.071,1,1,1.0
46,40,536.475,341.342,3.773,5.933,1,1,1.0
46,42,552.987,395.045,7.332,6.548,1,1,1.0
46,44,543.418,301.795,4.275,9.317,1,1,1.0
46,45,568.230,391.642,6.386,4.494,1,1,1.0
46,46,595.788,285.141,5.084,7.864,1,1,1.0
46,48,666.225,219.115,4.354,8.487,1,1,1.0
46,49,665.472,360.797,4.034,6.050,1,1,1.0
46,50,671.958,281.401,4.309,8.277,1,1,1.0
46,51,725.711,383.943,5.212,7.270,1,1,1.0
46,52,730.793,366.175,3.892,8.251,1,1,1.0
46,53,702.460,277.804,4.782,8.206,1,1,1.0
46,54,684.681,387.584,7.892,5.105,1,1,1.0
47,1,81.454,192.443,4.128,8.353,1,1,1.0
47,2,17.466,219.116,3.270,8.743,1,1,1.0
47,3,47.399,331.456,5.480,8.314,1,1,1.0
47,4,70.257,227.223,4.084,9.063,1,1,1.0
47,5,36.194,392.625,6.733,6.122,1,1,1.0
47,7,66.549,263.267,4.230,9.268,1,1,1.0
47,9,75.922,167.576,3.817,9.323,1,1,1.0
47,11,143.340,301.965,3.890,8.683,1,1,1.0
47,12,150.098,164.732,4.925,9.444,1,1,1.0
47,14,137.779,364.477,3.633,8.374,1,1,1.0
47,16,173.576,265.084,4.017,9.931,1,1,1.0
47,17,165.840,253.241,4.864,8.927,1,1,1.0
47,18,178.611,258.443,4.352,8.875,1,1,1.0
47,19,206.292,283.962,4.550,9.073,1,1,1.0
47,23,277.905,349.548,4.404,8.613,1,1,1.0
47,24,324.358,327.583,6.737,6.409,1,1,1.0
47,25,328.335,319.403,4.398,9.476,1,1,1.0
47,26,337.875,394.183,5.539,5.005,1,1,1.0
47,27,322.652,370.934,5.505,7.621,1,1,1.0
47,28,411.951,260.391,4.531,8.829,1,1,1.0
47,31,412.278,278.874,5.676,8.138,1,1,1.0
47,32,441.814,167.486,4.006,9.674,1,1,1.0
47,33,431.178,393.256,9.266,4.441,1,1,1.0
47,34,453.965,390.129,6.737,4.649,1,1,1.0
47,38,473.921,269.745,4.390,8.999,1,1,1.0
47,39,535.541,332.013,3.853,5.764,1,1,1.0
47,40,536.023,339.930,3.687,6.009,1,1,1.0
47,42,552.982,395.048,7.294,6.533,1,1,1.0
47,44,543.476,299.943,4.216,9.490,1,1,1.0
47,45,567.949,391.428,6.506,4.719,1,1,1.0
47,46,597.268,282.466,4.913,7.728,1,1,1.0
47,48,666.076,215.293,4.417,8.349,1,1,1.0
47,49,665.930,359.946,4.057,5.740,1,1,1.0
47,50,672.607,278.471,4.433,8.518,1,1,1.0
47,51,725.112,382.292,5.137,7.149,1,1,1.0
47,52,731.046,364.203,3.723,8.118,1,1,1.0
47,53,703.933,275.223,5.346,7.802,1,1,1.0
47,54,686.317,387.188,7.564,4.958,1,1,1.0
48,1,81.303,188.969,4.133,8.483,1,1,1.0
48,2,17.689,215.135,3.620,10.090,1,1,1.0
48,3,45.390,329.474,6.115,7.612,1,1,1.0
48,4,70.516,223.880,3.961,9.269,1,1,1.0
48,5,36.310,392.560,6.734,6.193,1,1,1.0
48,7,67.719,259.226,4.217,9.104,1,1,1.0
48,9,76.223,166.220,3.999,9.368,1,1,1.0
48,11,143.969,298.815,4.134,8.612,1,1,1.0
48,12,150.480,163.775,4.847,9.469,1,1,1.0
48,14,137.755,363.644,3.647,8.106,1,1,1.0
48,16,173.922,263.270,3.876,9.453,1,1,1.0
48,17,167.659,249.818,4.102,9.388,1,1,1.0
48,18,179.326,254.412,3.994,8.984,1,1,1.0
48,19,206.433,279.156,4.522,8.722,1,1,1.0
48,23,277.730,347.090,4.141,8.660,1,1,1.0
48,24,320.964,325.991,6.949,6.094,1,1,1.0
48,25,329.026,318.965,3.928,10.183,1,1,1.0
48,26,337.312,394.341,6.337,4.931,1,1,1.0
48,27,324.537,366.775,4.644,8.561,1,1,1.0
48,28,411.376,256.599,4.515,9.014,1,1,1.0
48,31,414.140,276.913,4.906,8.063,1,1,1.0
48,32,441.886,163.264,4.000,9.674,1,1,1.0
48,33,430.201,392.347,8.419,4.985,1,1,1.0
48,34,453.997,390.127,6.611,4.693,1,1,1.0
48,38,474.096,267.924,4.131,8.940,1,1,1.0
48,39,535.270,331.085,4.440,5.073,1,1,1.0
48,40,535.669,338.124,3.818,6.790,1,1,1.0
48,42,552.943,394.856,7.421,6.584,1,1,1.0
48,44,543.619,298.107,4.297,9.348,1,1,1.0
48,45,566.295,390.340,7.462,5.514,1,1,1.0
48,46,598.626,279.654,4.818,7.836,1,1,1.0
48,48,666.283,210.605,3.905,8.715,1,1,1.0
48,49,666.508,358.581,4.138,5.867,1,1,1.0
48,50,673.575,275.362,4.743,9.029,1,1,1.0
48,51,724.419,380.550,5.358,7.437,1,1,1.0
48,52,731.536,361.688,3.459,8.628,1,1,1.0
48,53,705.633,272.443,5.264,7.944,1,1,1.0
48,54,687.769,387.117,7.859,4.622,1,1,1.0
49,1,81.432,184.884,4.380,8.474,1,1,1.0
49,2,17.969,211.181,4.003,8.854,1,1,1.0
49,3,43.421,327.745,6.067,7.749,1,1,1.0
49,4,70.241,219.551,4.210,9.680,1,1,1.0
49,5,36.473,392.554,6.840,5.995,1,1,1.0
49,7,68.538,255.594,4.240,9.445,1,1,1.0
49,9,76.222,165.670,4.093,9.067,1,1,1.0
49,11,144.464,296.325,4.297,8.702,1,1,1.0
49,12,150.450,163.443,5.979,8.666,1,1,1.0
49,14,137.624,363.323,3.544,8.002,1,1,1.0
49,16,174.443,261.156,4.169,9.653,1,1,1.0
49,17,167.924,247.081,4.304,9.835,1,1,1.0
49,18,179.268,249.807,4.337,9.129,1,1,1.0
49,19,205.735,274.759,4.536,8.961,1,1,1.0
49,23,277.346,344.007,4.203,9.014,1,1,1.0
49,24,317.818,324.511,7.227,6.135,1,1,1.0
49,25,328.368,319.842,3.911,9.238,1,1,1.0
49,26,336.566,394.428,7.529,5.108,1,1,1.0
49,27,325.656,362.850,3.959,8.884,1,1,1.0
49,28,411.330,253.109,4.193,8.979,1,1,1.0
49,31,415.171,275.622,5.197,8.016,1,1,1.0
49,32,441.633,158.600,3.956,9.868,1,1,1.0
49,33,429.441,391.284,7.911,5.429,1,1,1.0
49,34,454.887,390.544,5.552,5.027,1,1,1.0
49,38,474.026,265.551,4.269,8.741,1,1,1.0
49,39,536.036,329.377,4.552,6.031,1,1,1.0
49,40,536.082,336.920,4.353,7.067,1,1,1.0
49,42,552.784,394.675,7.431,6.662,1,1,1.0
49,44,543.334,295.503,4.277,9.625,1,1,1.0
49,45,565.650,389.800,7.095,5.669,1,1,1.0
49,46,600.199,276.391,4.532,8.404,1,1,1.0
49,48,665.807,206.192,4.076,8.547,1,1,1.0
49,49,667.347,358.102,4.482,5.999,1,1,1.0
49,50,673.940,272.653,4.706,9.588,1,1,1.0
49,51,722.980,378.987,5.839,7.393,1,1,1.0
49,52,731.717,360.185,3.642,9.120,1,1,1.0
49,53,707.115,268.644,4.988,8.148,1,1,1.0
49,54,690.031,387.242,7.241,4.217,1,1,1.0
50,1,81.301,181.823,4.037,8.303,1,1,1.0
50,2,18.905,208.083,4.269,8.471,1,1,1.0
50,3,41.122,324.834,6.187,7.968,1,1,1.0
50,4,70.748,216.332,4.037,9.651,1,1,1.0
50,5,36.477,392.547,6.842,6.040,1,1,1.0
50,7,69.210,251.409,4.287,9.441,1,1,1.0
50,9,76.342,165.797,3.938,9.176,1,1,1.0
50,11,144.930,294.641,4.230,8.938,1,1,1.0
50,12,151.650,163.372,7.390,6.579,1,1,1.0
50,14,137.566,363.049,3.570,7.972,1,1,1.0
50,16,174.500,260.079,4.098,9.598,1,1,1.0
50,17,168.110,244.221,4.416,9.103,1,1,1.0
50,18,179.501,246.583,3.916,9.065,1,1,1.0
50,19,205.884,270.482,4.534,8.917,1,1,1.0
50,23,277.725,341.412,4.013,8.655,1,1,1.0
50,24,314.698,322.055,7.054,6.036,1,1,1.0
50,25,327.482,320.759,4.167,8.762,1,1,1.0
50,26,336.556,394.524,7.558,4.993,1,1,1.0
50,27,326.029,358.361,3.715,9.645,1,1,1.0
50,28,411.163,248.948,4.235,9.359,1,1,1.0
50,31,415.957,273.662,5.889,7.312,1,1,1.0
50,32,441.880,154.410,3.898,9.641,1,1,1.0
50,33,428.076,389.743,7.460,6.875,1,1,1.0
50,34,455.982,391.406,4.687,5.128,1,1,1.0
50,38,473.917,263.725,4.264,8.610,1,1,1.0
50,39,536.300,327.382,4.564,6.424,1,1,1.0
50,40,536.360,336.613,4.368,7.307,1,1,1.0
50,42,553.008,395.011,7.190,6.411,1,1,1.0
50,44,543.829,293.308,4.053,9.583,1,1,1.0
50,45,565.312,388.639,6.844,6.719,1,1,1.0
50,46,601.246,274.186,4.473,8.069,1,1,1.0
50,48,665.578,202.272,4.290,8.820,1,1,1.0
50,49,668.226,358.586,4.189,5.043,1,1,1.0
50,50,674.047,269.559,4.358,9.520,1,1,1.0
50,51,722.271,378.060,5.593,7.161,1,1,1.0
50,52,731.618,359.230,3.606,9.248,1,1,1.0
50,53,708.624,265.585,4.916,7.996,1,1,1.0
50,54,692.119,386.865,7.731,4.213,1,1,1.0
51,1,80.838,178.563,4.138,8.774,1,1,1.0
51,2,20.201,205.292,4.364,8.628,1,1,1.0
51,3,39.199,322.541,5.834,7.716,1,1,1.0
51,4,70.700,212.081,3.990,9.712,1,1,1.0
51,5,36.614,392.556,6.831,5.925,1,1,1.0
51,7,70.602,246.905,4.285,9.519,1,1,1.0
51,9,76.361,165.657,3.875,8.963,1,1,1.0
51,11,145.212,293.140,4.173,8.817,1,1,1.0
51,12,153.819,162.905,7.930,6.079,1,1,1.0
51,14,137.437,362.221,3.594,8.084,1,1,1.0
51,16,174.279,258.608,4.116,9.929,1,1,1.0
51,17,168.849,241.831,4.307,8.846,1,1,1.0
51,18,179.402,242.360,3.864,9.116,1,1,1.0
51,19,205.482,266.922,4.649,9.096,1,1,1.0
51,23,277.808,338.979,4.113,8.830,1,1,1.0
51,24,312.054,319.497,6.516,6.947,1,1,1.0
51,25,327.091,321.865,4.038,8.669,1,1,1.0
51,26,336.730,394.221,7.847,5.380,1,1,1.0
51,27,325.820,354.227,3.816,9.452,1,1,1.0
51,28,411.703,245.113,4.270,9.601,1,1,1.0
51,31,417.278,270.592,5.154,8.142,1,1,1.0
51,32,441.841,150.364,4.109,9.504,1,1,1.0
51,33,426.873,387.332,6.227,7.664,1,1,1.0
51,34,456.004,392.351,4.978,4.712,1,1,1.0
51,38,474.011,261.676,4.211,8.851,1,1,1.0
51,39,537.190,325.545,5.230,6.512,1,1,1.0
51,40,536.382,336.654,4.544,7.171,1,1,1.0
51,42,553.016,395.164,7.116,6.653,1,1,1.0
51,44,543.712,290.423,4.066,9.543,1,1,1.0
51,45,565.067,387.886,5.781,7.493,1,1,1.0
51,46,601.730,271.428,4.618,7.961,1,1,1.0
51,48,665.663,198.079,3.895,8.537,1,1,1.0
51,49,670.109,360.281,4.763,4.935,1,1,1.0
51,50,673.540,267.205,4.221,9.478,1,1,1.0
51,51,721.707,377.272,5.337,6.990,1,1,1.0
51,52,731.859,357.008,3.585,8.743,1,1,1.0
51,53,709.265,262.700,4.763,8.122,1,1,1.0
51,54,695.022,386.753,7.566,4.332,1,1,1.0
52,1,80.597,175.283,3.753,8.819,1,1,1.0
52,2,21.777,202.299,4.813,8.766,1,1,1.0
52,3,37.134,319.944,5.763,7.355,1,1,1.0
52,4,70.982,208.427,4.063,9.308,1,1,1.0
52,5,36.750,392.532,6.789,5.847,1,1,1.0
52,7,71.689,242.878,4.201,9.367,1,1,1.0
52,9,76.581,165.647,3.870,9.260,1,1,1.0
52,11,145.361,292.280,4.146,8.661,1,1,1.0
52,12,154.807,162.865,7.635,5.702,1,1,1.0
52,14,137.361,361.321,3.619,8.101,1,1,1.0
52,16,174.421,256.870,4.294,9.426,1,1,1.0
52,17,169.102,239.249,4.271,8.848,1,1,1.0
52,18,179.295,238.075,4.178,9.039,1,1,1.0
52,19,205.609,263.542,4.566,9.078,1,1,1.0
52,23,277.850,337.178,4.149,8.468,1,1,1.0
52,24,309.646,315.831,6.376,7.262,1,1,1.0
52,25,326.225,322.985,4.062,8.990,1,1,1.0
52,26,337.857,393.883,7.415,5.441,1,1,1.0
52,27,325.957,350.199,3.745,9.183,1,1,1.0
52,28,411.838,241.146,4.357,9.822,1,1,1.0
52,31,418.031,266.814,4.505,8.988,1,1,1.0
52,32,441.800,145.336,4.036,10.208,1,1,1.0
52,33,425.199,384.285,6.028,8.292,1,1,1.0
52,34,455.143,392.918,5.092,4.014,1,1,1.0
52,38,474.214,259.571,4.184,8.846,1,1,1.0
52,39,538.162,323.695,5.683,6.427,1,1,1.0
52,40,536.822,335.870,4.512,7.122,1,1,1.0
52,42,553.124,395.017,6.811,6.940,1,1,1.0
52,44,543.703,287.439,4.261,9.499,1,1,1.0
52,45,565.026,385.858,4.737,8.131,1,1,1.0
52,46,603.213,268.653,4.260,8.349,1,1,1.0
52,48,665.733,193.744,4.126,8.476,1,1,1.0
52,49,670.929,361.748,4.759,5.357,1,1,1.0
52,50,672.355,264.494,4.147,9.000,1,1,1.0
52,51,720.936,375.070,4.937,7.518,1,1,1.0
52,52,731.318,355.020,3.939,8.731,1,1,1.0
52,53,710.483,260.403,4.737,8.406,1,1,1.0
52,54,698.438,386.652,7.070,4.553,1,1,1.0
53,1,80.474,171.022,4.012,8.960,1,1,1.0
53,2,23.485,199.885,4.307,8.367,1,1,1.0
53,3,34.732,317.607,5.985,7.006,1,1,1.0
53,4,70.658,204.807,3.971,9.427,1,1,1.0
53,5,36.747,392.548,6.798,5.943,1,1,1.0
53,7,72.148,238.407,3.925,9.210,1,1,1.0
53,9,76.502,166.048,3.766,9.785,1,1,1.0
53,11,145.498,291.180,4.135,8.681,1,1,1.0
53,12,156.292,161.884,8.190,5.837,1,1,1.0
53,14,137.568,360.941,3.556,8.583,1,1,1.0
53,16,174.791,255.572,4.258,9.203,1,1,1.0
53,17,169.808,235.689,4.115,9.235,1,1,1.0
53,18,179.882,234.383,3.947,9.405,1,1,1.0
53,19,204.713,260.662,5.336,8.556,1,1,1.0
53,23,278.598,333.767,3.777,9.339,1,1,1.0
53,24,306.327,312.386,6.488,7.175,1,1,1.0
53,25,325.447,324.258,4.182,9.012,1,1,1.0
53,26,338.483,393.716,7.032,5.419,1,1,1.0
53,27,325.018,346.209,4.097,9.324,1,1,1.0
53,28,412.603,237.840,4.368,8.976,1,1,1.0
53,31,417.994,265.327,4.604,9.242,1,1,1.0
53,32,442.022,141.424,4.097,9.715,1,1,1.0
53,33,423.746,381.343,5.655,7.767,1,1,1.0
53,34,455.177,392.902,5.230,4.003,1,1,1.0
53,38,473.828,257.805,4.258,8.990,1,1,1.0
53,39,539.808,321.423,5.727,6.928,1,1,1.0
53,40,537.429,333.781,4.861,7.666,1,1,1.0
53,42,553.141,395.287,6.868,6.738,1,1,1.0
53,44,543.667,284.211,4.332,9.357,1,1,1.0
53,45,564.849,383.892,4.449,8.718,1,1,1.0
53,46,604.004,265.415,4.323,8.127,1,1,1.0
53,48,665.617,189.318,4.241,8.575,1,1,1.0
53,49,672.819,363.423,5.427,6.061,1,1,1.0
53,50,672.080,261.942,4.278,8.698,1,1,1.0
53,51,721.642,371.883,3.444,8.393,1,1,1.0
53,52,731.561,353.511,3.765,8.608,1,1,1.0
53,53,711.590,257.972,4.897,8.593,1,1,1.0
53,54,702.232,387.994,7.187,4.781,1,1,1.0
54,1,80.653,168.363,3.802,8.796,1,1,1.0
54,2,24.908,197.563,4.733,8.314,1,1,1.0
54,3,32.230,315.102,6.372,7.376,1,1,1.0
54,4,70.676,200.425,3.942,9.438,1,1,1.0
54,5,36.758,392.561,6.806,5.998,1,1,1.0
54,7,73.309,234.382,4.015,8.987,1,1,1.0
54,9,76.961,164.225,3.462,9.661,1,1,1.0
54,11,145.635,290.964,4.304,8.538,1,1,1.0
54,12,156.629,161.937,8.474,5.732,1,1,1.0
54,14,137.640,360.888,3.601,8.560,1,1,1.0
54,16,175.016,253.953,4.089,9.579,1,1,1.0
54,17,170.742,232.611,4.053,8.781,1,1,1.0
54,18,179.962,231.358,3.802,9.458,1,1,1.0
54,19,202.635,259.697,5.844,6.311,1,1,1.0
54,23,278.485,330.887,3.890,9.145,1,1,1.0
54,24,303.935,309.419,6.207,7.246,1,1,1.0
54,25,325.506,324.531,4.420,8.843,1,1,1.0
54,26,340.496,393.729,4.845,5.235,1,1,1.0
54,27,323.080,342.348,4.170,9.172,1,1,1.0
54,28,412.433,234.388,4.441,9.309,1,1,1.0
54,31,418.401,263.831,4.269,9.554,1,1,1.0
54,32,442.070,136.598,4.254,10.018,1,1,1.0
54,33,422.772,377.976,5.409,8.127,1,1,1.0
54,34,455.128,392.789,5.126,4.124,1,1,1.0
54,38,474.153,255.994,4.429,8.662,1,1,1.0
54,39,541.066,319.235,6.045,6.988,1,1,1.0
54,40,538.075,331.509,4.837,8.166,1,1,1.0
54,42,553.008,395.235,7.046,6.607,1,1,1.0
54,44,543.886,280.979,4.155,9.134,1,1,1.0
54,45,564.562,383.190,4.263,9.093,1,1,1.0
54,46,604.829,262.240,4.152,7.553,1,1,1.0
54,48,665.716,185.088,4.092,8.275,1,1,1.0
54,49,674.259,366.006,5.950,6.617,1,1,1.0
54,50,671.285,259.124,4.477,8.714,1,1,1.0
54,51,722.824,368.365,3.827,8.938,1,1,1.0
54,52,731.555,350.720,3.832,8.402,1,1,1.0
54,53,712.765,255.263,4.625,8.194,1,1,1.0
54,54,705.334,389.230,6.899,5.190,1,1,1.0
55,1,80.436,165.509,4.445,9.806,1,1,1.0
55,2,26.343,194.770,4.602,8.081,1,1,1.0
55,3,29.519,313.079,6.023,6.895,1,1,1.0
55,4,70.090,196.861,4.133,9.289,1,1,1.0
55,5,36.762,392.561,6.712,5.928,1,1,1.0
55,7,73.741,230.727,4.157,9.029,1,1,1.0
55,9,77.007,160.430,3.793,10.866,1,1,1.0
55,11,145.784,290.998,4.293,8.515,1,1,1.0
55,12,157.349,161.505,8.329,5.738,1,1,1.0
55,14,137.455,360.375,3.626,8.252,1,1,1.0
55,16,175.383,253.095,4.105,9.265,1,1,1.0
55,17,170.836,228.516,4.140,8.966,1,1,1.0
55,18,180.189,227.124,4.016,9.073,1,1,1.0
55,19,199.576,258.278,6.409,6.240,1,1,1.0
55,23,278.545,327.699,3.738,9.149,1,1,1.0
55,24,301.523,306.123,5.592,7.506,1,1,1.0
55,25,325.328,325.159,4.257,8.786,1,1,1.0
55,26,340.503,394.044,4.534,4.927,1,1,1.0
55,27,321.048,339.371,5.001,9.177,1,1,1.0
55,28,413.072,231.365,4.435,8.957,1,1,1.0
55,31,418.047,261.359,3.996,9.299,1,1,1.0
55,32,442.809,132.303,4.329,10.136,1,1,1.0
55,33,421.911,374.002,4.697,9.407,1,1,1.0
55,34,455.187,392.775,4.772,4.184,1,1,1.0
55,38,473.899,253.385,4.141,8.522,1,1,1.0
55,39,541.935,317.119,6.138,7.628,1,1,1.0
55,40,538.967,328.450,4.899,8.785,1,1,1.0
55,42,553.015,395.235,7.040,6.619,1,1,1.0
55,44,543.725,277.171,4.238,9.149,1,1,1.0
55,45,564.186,382.785,4.512,8.937,1,1,1.0
55,46,604.761,258.873,4.103,7.792,1,1,1.0
55,48,665.627,180.602,4.141,8.639,1,1,1.0
55,49,677.029,368.605,5.390,6.870,1,1,1.0
55,50,670.846,256.302,4.464,9.000,1,1,1.0
55,51,723.157,365.037,3.598,8.406,1,1,1.0
55,52,731.592,348.620,3.639,8.773,1,1,1.0
55,53,713.298,252.020,4.132,8.483,1,1,1.0
55,54,708.457,390.937,7.379,5.806,1,1,1.0
56,1,79.575,165.088,4.226,8.475,1,1,1.0
56,2,28.066,192.066,6.195,8.039,1,1,1.0
56,3,27.421,310.579,6.337,7.174,1,1,1.0
56,4,70.106,193.272,4.090,9.639,1,1,1.0
56,5,36.829,392.586,6.731,6.027,1,1,1.0
56,7,74.362,226.398,4.159,9.362,1,1,1.0
56,9,77.798,157.115,4.484,8.470,1,1,1.0
56,11,145.740,290.991,4.281,8.518,1,1,1.0
56,12,157.691,161.291,8.251,5.669,1,1,1.0
56,14,137.452,359.656,3.660,8.069,1,1,1.0
56,16,174.794,253.307,4.404,9.395,1,1,1.0
56,17,170.973,224.844,4.157,9.085,1,1,1.0
56,18,180.012,223.243,4.481,8.816,1,1,1.0
56,19,196.533,257.297,7.041,6.188,1,1,1.0
56,23,278.281,323.666,4.008,8.902,1,1,1.0
56,24,299.385,302.023,5.569,7.538,1,1,1.0
56,25,325.121,326.379,4.204,9.207,1,1,1.0
56,26,340.446,394.074,4.620,4.929,1,1,1.0
56,27,320.183,336.975,4.499,8.945,1,1,1.0
56,28,413.913,227.681,4.179,9.859,1,1,1.0
56,31,416.924,258.141,4.268,9.175,1,1,1.0
56,32,442.929,128.481,4.270,9.786,1,1,1.0
56,33,420.866,370.896,4.599,9.292,1,1,1.0
56,34,455.192,392.751,4.788,4.335,1,1,1.0
56,38,473.807,251.201,4.191,8.728,1,1,1.0
56,39,543.247,314.726,6.389,7.837,1,1,1.0
56,40,539.075,325.804,4.845,8.867,1,1,1.0
56,42,553.051,395.229,7.101,6.694,1,1,1.0
56,44,544.636,273.802,4.021,9.512,1,1,1.0
56,45,564.058,382.821,4.493,8.986,1,1,1.0
56,46,605.174,255.284,4.075,7.995,1,1,1.0
56,48,666.313,176.981,4.224,8.686,1,1,1.0
56,49,677.809,370.941,4.696,8.285,1,1,1.0
56,50,670.388,253.368,4.038,8.498,1,1,1.0
56,51,723.858,361.471,3.668,8.548,1,1,1.0
56,52,731.425,347.038,4.080,8.875,1,1,1.0
56,53,712.432,250.109,3.798,8.293,1,1,1.0
56,54,711.805,392.912,6.743,5.871,1,1,1.0
57,1,71.321,160.044,4.800,8.166,1,1,1.0
57,2,30.455,190.239,6.854,7.446,1,1,1.0
57,3,25.426,308.516,5.814,7.644,1,1,1.0
57,4,69.713,189.259,4.067,9.565,1,1,1.0
57,5,36.858,392.590,6.689,6.027,1,1,1.0
57,7,75.022,222.328,4.133,9.246,1,1,1.0
57,9,76.773,154.014,5.169,9.994,1,1,1.0
57,11,145.824,290.812,4.278,8.623,1,1,1.0
57,12,157.875,160.953,8.086,5.903,1,1,1.0
57,14,137.548,358.028,3.532,8.505,1,1,1.0
57,16,172.098,253.188,5.714,7.954,1,1,1.0
57,17,171.186,220.648,4.165,9.831,1,1,1.0
57,18,180.666,219.307,4.083,9.791,1,1,1.0
57,19,193.997,255.606,7.414,6.285,1,1,1.0
57,23,279.099,319.634,3.903,8.933,1,1,1.0
57,24,296.943,298.965,6.518,7.893,1,1,1.0
57,25,324.272,326.922,4.304,9.512,1,1,1.0
57,26,340.199,393.734,4.738,5.147,1,1,1.0
57,27,319.592,334.026,4.495,9.497,1,1,1.0
57,28,414.282,224.687,4.209,9.657,1,1,1.0
57,31,415.933,255.615,4.135,8.797,1,1,1.0
57,32,443.610,124.696,4.269,9.776,1,1,1.0
57,33,420.313,366.779,4.378,9.502,1,1,1.0
57,34,454.973,390.142,4.396,6.609,1,1,1.0
57,38,473.736,248.324,4.318,8.792,1,1,1.0
57,39,544.694,312.257,6.124,7.645,1,1,1.0
57,40,540.172,323.295,4.568,8.861,1,1,1.0
57,42,553.024,395.214,7.064,6.680,1,1,1.0
57,44,545.303,270.358,4.481,9.380,1,1,1.0
57,45,564.071,382.794,4.464,8.910,1,1,1.0
57,46,605.207,251.658,4.156,8.633,1,1,1.0
57,48,666.100,174.415,4.306,8.606,1,1,1.0
57,49,678.094,373.379,4.328,8.844,1,1,1.0
57,50,669.885,249.228,3.852,8.791,1,1,1.0
57,51,724.341,357.398,3.751,8.423,1,1,1.0
57,52,731.590,344.365,3.880,8.621,1,1,1.0
57,53,710.337,248.160,4.956,7.845,1,1,1.0
57,54,713.173,393.449,6.715,5.758,1,1,1.0
58,1,25.536,141.678,4.800,8.166,1,1,1.0
58,2,33.476,187.722,6.997,7.375,1,1,1.0
58,3,24.118,306.391,5.189,7.449,1,1,1.0
58,4,69.723,186.367,4.190,9.182,1,1,1.0
58,5,36.847,392.588,6.717,6.055,1,1,1.0
58,7,75.249,218.070,4.274,9.178,1,1,1.0
58,9,78.119,152.297,4.220,8.447,1,1,1.0
58,11,146.057,289.130,4.048,8.855,1,1,1.0
58,12,157.938,160.502,8.124,6.157,1,1,1.0
58,14,137.641,357.372,3.568,8.848,1,1,1.0
58,16,169.572,251.958,5.840,7.972,1,1,1.0
58,17,171.587,217.103,4.038,9.038,1,1,1.0
58,18,180.622,215.581,3.856,9.578,1,1,1.0
58,19,191.682,253.838,7.709,6.661,1,1,1.0
58,23,279.062,315.517,4.496,9.178,1,1,1.0
58,24,295.491,296.023,5.761,7.547,1,1,1.0
58,25,324.446,327.124,4.535,10.310,1,1,1.0
58,26,339.876,393.437,4.915,5.303,1,1,1.0
58,27,320.879,332.424,4.625,9.666,1,1,1.0
58,28,415.384,221.344,4.284,9.446,1,1,1.0
58,31,415.323,253.622,4.344,9.009,1,1,1.0
58,32,443.378,120.611,4.194,9.713,1,1,1.0
58,33,419.764,363.341,4.113,9.435,1,1,1.0
58,34,440.824,362.870,7.528,7.118,1,1,1.0
58,38,473.626,245.940,4.271,8.916,1,1,1.0
58,39,546.081,309.338,6.176,8.328,1,1,1.0
58,40,540.321,320.094,4.785,8.979,1,1,1.0
58,42,552.955,395.216,7.192,6.685,1,1,1.0
58,44,546.237,267.822,4.699,8.868,1,1,1.0
58,45,564.083,382.767,4.555,8.942,1,1,1.0
58,46,605.295,248.081,4.303,8.412,1,1,1.0
58,48,665.843,170.513,4.073,8.840,1,1,1.0
58,49,678.524,377.644,4.308,8.342,1,1,1.0
58,50,669.159,246.168,4.102,8.983,1,1,1.0
58,51,724.774,353.104,4.107,8.378,1,1,1.0
58,52,731.626,342.198,4.033,8.934,1,1,1.0
58,53,708.742,245.754,4.946,8.137,1,1,1.0
58,54,714.867,393.626,6.653,5.851,1,1,1.0
59,1,18.566,130.723,4.194,7.074,1,1,1.0
59,2,36.484,184.981,6.774,7.053,1,1,1.0
59,3,22.190,304.037,5.124,7.599,1,1,1.0
59,4,69.642,184.046,4.025,9.260,1,1,1.0
59,5,36.861,392.628,6.636,6.053,1,1,1.0
59,7,75.623,213.826,3.821,9.255,1,1,1.0
59,9,78.484,150.183,4.454,8.274,1,1,1.0
59,11,145.975,286.763,4.058,8.908,1,1,1.0
59,12,158.344,159.830,7.455,6.769,1,1,1.0
59,14,137.837,356.979,3.708,9.065,1,1,1.0
59,16,167.596,250.737,5.723,7.884,1,1,1.0
59,17,171.614,213.431,3.894,9.088,1,1,1.0
59,18,180.170,211.905,3.905,9.325,1,1,1.0
59,19,190.545,250.772,6.157,7.787,1,1,1.0
59,23,279.710,311.735,4.305,9.236,1,1,1.0
59,24,292.908,292.916,5.582,7.421,1,1,1.0
59,25,325.736,325.966,4.043,8.973,1,1,1.0
59,26,339.367,393.281,4.939,5.072,1,1,1.0
59,27,319.653,333.366,4.026,9.329,1,1,1.0
59,28,415.455,218.357,4.675,8.850,1,1,1.0
59,31,414.889,251.258,4.219,9.177,1,1,1.0
59,32,443.419,117.910,4.197,9.415,1,1,1.0
59,33,418.879,359.015,4.194,10.139,1,1,1.0
59,34,436.882,366.644,4.559,8.286,1,1,1.0
59,38,473.688,244.295,4.191,8.876,1,1,1.0
59,39,547.440,306.057,5.780,8.710,1,1,1.0
59,40,541.355,316.819,5.448,9.034,1,1,1.0
59,42,552.928,395.255,7.177,6.799,1,1,1.0
59,44,547.011,264.846,4.949,9.057,1,1,1.0
59,45,564.092,382.789,4.509,8.878,1,1,1.0
59,46,605.459,244.745,4.250,8.212,1,1,1.0
59,48,665.945,166.807,4.049,8.735,1,1,1.0
59,49,679.569,381.506,3.874,8.636,1,1,1.0
59,50,669.441,242.991,4.026,8.683,1,1,1.0
59,51,725.112,349.085,3.631,8.871,1,1,1.0
59,52,731.601,339.946,3.849,8.231,1,1,1.0
59,53,705.239,244.559,6.283,6.407,1,1,1.0
59,54,716.258,392.509,6.497,5.052,1,1,1.0
60,1,27.453,136.827,5.782,5.410,1,1,1.0
60,2,39.905,182.651,6.679,7.426,1,1,1.0
60,3,20.542,301.557,5.200,7.657,1,1,1.0
60,4,69.281,181.829,4.037,9.057,1,1,1.0
60,5,37.096,392.618,6.413,5.848,1,1,1.0
60,7,76.363,209.256,3.977,9.258,1,1,1.0
60,9,79.064,147.356,4.207,8.612,1,1,1.0
60,11,145.599,283.222,4.222,8.961,1,1,1.0
60,12,158.324,158.953,7.259,7.076,1,1,1.0
60,14,137.614,356.404,3.742,8.618,1,1,1.0
60,16,165.818,249.446,5.506,7.912,1,1,1.0
60,17,171.382,209.174,3.869,9.416,1,1,1.0
60,18,180.366,208.204,4.243,9.586,1,1,1.0
60,19,191.066,247.247,5.075,9.366,1,1,1.0
60,23,280.024,308.899,4.207,9.136,1,1,1.0
60,24,291.129,289.700,5.264,7.720,1,1,1.0
60,25,325.695,326.111,4.035,9.210,1,1,1.0
60,26,338.566,392.975,4.969,5.157,1,1,1.0
60,27,319.669,333.174,3.913,9.325,1,1,1.0
60,28,416.797,215.536,4.332,9.642,1,1,1.0
60,31,414.699,250.608,4.236,9.319,1,1,1.0
60,32,442.789,114.213,4.248,9.463,1,1,1.0
60,33,419.393,356.923,3.893,9.516,1,1,1.0
60,34,420.833,393.572,6.433,7.985,1,1,1.0
60,38,473.406,241.909,4.149,8.490,1,1,1.0
60,39,548.835,303.102,5.117,9.176,1,1,1.0
60,40,542.086,313.549,4.878,9.226,1,1,1.0
60,42,552.668,395.400,7.573,6.598,1,1,1.0
60,44,548.342,262.416,4.922,8.943,1,1,1.0
60,45,563.890,382.826,4.565,8.987,1,1,1.0
60,46,605.670,240.768,4.008,8.117,1,1,1.0
60,48,666.082,163.482,4.238,9.028,1,1,1.0
60,49,679.692,385.494,4.228,9.176,1,1,1.0
60,50,668.585,239.371,3.975,8.367,1,1,1.0
60,51,725.153,344.742,4.128,8.539,1,1,1.0
60,52,731.255,337.782,3.660,8.410,1,1,1.0
60,53,702.141,242.676,6.747,6.592,1,1,1.0
60,54,718.175,390.940,5.433,4.499,1,1,1.0
61,1,33.764,138.926,7.254,4.607,1,1,1.0
61,2,41.719,179.216,6.561,7.313,1,1,1.0
61,3,19.104,299.943,6.115,8.773,1,1,1.0
61,4,69.384,177.865,4.102,9.105,1,1,1.0
61,5,36.807,392.651,6.592,5.747,1,1,1.0
61,7,76.374,204.599,4.169,9.060,1,1,1.0
61,9,79.704,145.760,3.847,8.280,1,1,1.0
61,11,145.184,280.178,4.080,9.237,1,1,1.0
61,12,158.759,158.157,7.436,7.354,1,1,1.0
61,14,137.852,354.944,3.862,8.796,1,1,1.0
61,16,163.860,248.289,5.574,7.667,1,1,1.0
61,17,171.559,205.254,3.860,9.263,1,1,1.0
61,18,180.488,204.972,4.112,9.303,1,1,1.0
61,19,191.919,243.881,4.463,9.335,1,1,1.0
61,23,280.332,306.725,4.368,9.377,1,1,1.0
61,24,288.914,286.888,5.587,7.831,1,1,1.0
61,25,325.075,326.754,4.335,9.372,1,1,1.0
61,26,335.906,393.681,6.517,4.746,1,1,1.0
61,27,319.738,332.655,4.088,9.388,1,1,1.0
61,28,416.588,212.154,4.148,9.495,1,1,1.0
61,31,414.485,248.950,4.368,9.312,1,1,1.0
61,32,441.569,110.191,4.641,8.943,1,1,1.0
61,33,419.421,353.941,3.811,9.166,1,1,1.0
61,34,420.558,394.414,7.462,5.908,1,1,1.0
61,38,473.271,239.522,4.247,8.409,1,1,1.0
61,39,549.229,299.597,4.620,9.353,1,1,1.0
61,40,542.616,310.610,5.278,9.060,1,1,1.0
61,42,552.590,395.363,7.619,6.522,1,1,1.0
61,44,549.553,260.588,4.960,9.074,1,1,1.0
61,45,563.978,382.770,4.496,9.048,1,1,1.0
61,46,605.045,236.817,4.288,8.568,1,1,1.0
61,48,666.097,159.706,4.133,8.405,1,1,1.0
61,49,679.928,388.503,4.224,9.932,1,1,1.0
61,50,668.255,235.593,4.170,8.337,1,1,1.0
61,51,725.161,338.701,4.395,9.051,1,1,1.0
61,52,730.214,336.509,3.838,9.321,1,1,1.0
61,53,699.255,242.060,6.345,6.192,1,1,1.0
61,54,719.411,390.102,6.813,4.327,1,1,1.0
62,1,31.938,151.893,6.065,10.877,1,1,1.0
62,2,43.101,178.045,6.840,7.156,1,1,1.0
62,3,18.303,298.135,5.340,8.315,1,1,1.0
62,4,69.513,174.669,4.129,9.327,1,1,1.0
62,5,36.787,392.658,6.647,5.771,1,1,1.0
62,7,76.438,200.620,4.203,9.399,1,1,1.0
62,9,80.201,143.444,4.126,8.313,1,1,1.0
62,11,144.691,276.887,4.136,9.642,1,1,1.0
62,12,159.465,157.293,7.510,7.460,1,1,1.0
62,14,138.117,354.217,3.946,8.477,1,1,1.0
62,16,161.946,246.557,5.571,7.695,1,1,1.0
62,17,170.861,201.392,4.021,8.803,1,1,1.0
62,18,180.662,200.575,4.031,9.284,1,1,1.0
62,19,192.333,240.711,4.244,8.927,1,1,1.0
62,23,280.613,306.522,4.310,9.008,1,1,1.0
62,24,286.671,283.625,5.719,7.792,1,1,1.0
62,25,325.098,326.945,4.387,9.537,1,1,1.0
62,26,333.100,394.178,7.536,4.831,1,1,1.0
62,27,319.072,332.453,4.135,9.404,1,1,1.0
62,28,414.648,210.746,4.893,8.696,1,1,1.0
62,31,414.020,246.584,4.329,9.398,1,1,1.0
62,32,440.692,107.115,4.872,9.231,1,1,1.0
62,33,419.983,350.359,4.093,9.380,1,1,1.0
62,34,420.478,394.427,7.453,5.993,1,1,1.0
62,38,473.359,236.954,4.297,8.892,1,1,1.0
62,39,550.074,295.773,4.981,9.267,1,1,1.0
62,40,543.908,307.028,5.393,9.591,1,1,1.0
62,42,552.704,395.382,7.460,6.422,1,1,1.0
62,44,550.346,259.185,5.109,9.124,1,1,1.0
62,45,564.071,382.789,4.501,8.970,1,1,1.0
62,46,604.841,233.045,4.324,8.333,1,1,1.0
62,48,665.933,156.031,4.042,8.764,1,1,1.0
62,49,680.114,391.210,4.341,10.074,1,1,1.0
62,50,668.555,231.952,3.935,8.719,1,1,1.0
62,51,725.329,335.561,3.984,8.279,1,1,1.0
62,52,730.258,333.888,3.327,8.617,1,1,1.0
62,53,695.757,241.206,6.827,5.656,1,1,1.0
62,54,721.173,389.171,6.159,4.433,1,1,1.0
63,1,22.520,182.813,4.375,8.147,1,1,1.0
63,2,43.951,176.960,6.222,7.537,1,1,1.0
63,3,17.652,296.637,4.460,7.540,1,1,1.0
63,4,70.417,172.605,3.806,9.390,1,1,1.0
63,5,36.814,392.677,6.620,5.778,1,1,1.0
63,7,76.749,196.975,3.967,9.322,1,1,1.0
63,9,81.031,139.694,3.562,7.994,1,1,1.0
63,11,144.193,273.934,4.356,9.316,1,1,1.0
63,12,160.350,156.308,7.286,7.295,1,1,1.0
63,14,138.256,353.835,4.187,8.448,1,1,1.0
63,16,159.899,245.484,6.302,7.444,1,1,1.0
63,17,170.330,198.109,3.658,8.748,1,1,1.0
63,18,180.432,197.569,3.849,8.461,1,1,1.0
63,19,193.521,237.004,4.190,9.500,1,1,1.0
63,23,280.723,306.552,4.324,8.914,1,1,1.0
63,24,284.976,280.891,5.244,7.505,1,1,1.0
63,25,325.014,327.090,4.701,9.699,1,1,1.0
63,26,330.811,394.107,7.717,4.963,1,1,1.0
63,27,319.376,331.384,4.177,9.400,1,1,1.0
63,28,413.070,209.734,4.765,7.519,1,1,1.0
63,31,413.607,243.486,4.118,9.379,1,1,1.0
63,32,440.619,105.897,4.887,9.159,1,1,1.0
63,33,419.594,346.383,3.994,9.714,1,1,1.0
63,34,419.134,394.381,8.504,6.519,1,1,1.0
63,38,473.387,234.865,4.259,8.606,1,1,1.0
63,39,551.223,292.975,4.858,9.083,1,1,1.0
63,40,544.797,303.702,5.153,9.015,1,1,1.0
63,42,552.487,395.328,7.669,6.372,1,1,1.0
63,44,551.186,258.217,4.999,8.870,1,1,1.0
63,45,563.444,382.162,5.101,8.478,1,1,1.0
63,46,604.953,230.113,4.183,8.519,1,1,1.0
63,48,666.213,153.269,3.802,8.532,1,1,1.0
63,49,679.575,387.298,4.319,9.239,1,1,1.0
63,50,668.910,228.601,3.926,8.712,1,1,1.0
63,51,725.740,331.419,3.406,8.350,1,1,1.0
63,52,731.018,332.358,3.033,8.192,1,1,1.0
63,53,693.201,239.977,6.848,5.806,1,1,1.0
63,54,722.654,388.725,6.450,4.581,1,1,1.0
64,1,22.794,205.222,8.020,9.839,1,1,1.0
64,2,45.997,173.541,4.280,9.488,1,1,1.0
64,3,16.945,292.928,4.128,8.744,1,1,1.0
64,4,70.503,171.264,4.074,9.598,1,1,1.0
64,5,36.876,392.691,6.602,5.801,1,1,1.0
64,7,76.932,193.400,4.114,9.287,1,1,1.0
64,9,80.843,135.309,3.797,8.435,1,1,1.0
64,11,143.965,270.193,4.134,8.840,1,1,1.0
64,12,160.427,154.837,7.351,7.906,1,1,1.0
64,14,138.158,353.046,3.974,8.624,1,1,1.0
64,16,158.084,243.580,6.084,7.600,1,1,1.0
64,17,168.997,193.990,4.117,9.337,1,1,1.0
64,18,180.797,193.640,4.162,9.293,1,1,1.0
64,19,193.718,233.769,4.567,9.361,1,1,1.0
64,23,280.755,306.491,4.314,8.899,1,1,1.0
64,24,283.611,277.642,5.047,7.820,1,1,1.0
64,25,324.719,327.360,4.895,9.456,1,1,1.0
64,26,327.394,394.461,8.218,4.819,1,1,1.0
64,27,318.929,330.573,4.017,9.270,1,1,1.0
64,28,411.843,207.747,5.144,7.294,1,1,1.0
64,31,413.585,239.585,4.189,9.246,1,1,1.0
64,32,440.964,104.727,4.479,9.561,1,1,1.0
64,33,420.057,342.224,4.028,9.564,1,1,1.0
64,34,417.347,395.052,8.752,7.227,1,1,1.0
64,38,473.120,233.265,4.292,8.632,1,1,1.0
64,39,552.556,290.011,4.671,8.394,1,1,1.0
64,40,545.772,300.255,4.663,8.940,1,1,1.0
64,42,552.311,395.221,7.701,6.397,1,1,1.0
64,44,551.977,256.644,4.932,8.669,1,1,1.0
64,45,562.577,380.845,5.299,8.341,1,1,1.0
64,46,605.216,226.509,4.046,8.563,1,1,1.0
64,48,666.070,150.983,4.216,8.694,1,1,1.0
64,49,680.014,386.174,4.246,9.002,1,1,1.0
64,50,668.810,225.095,4.088,8.505,1,1,1.0
64,51,725.358,326.998,3.671,9.039,1,1,1.0
64,52,731.174,331.100,3.641,8.589,1,1,1.0
64,53,691.060,238.933,6.444,5.359,1,1,1.0
64,54,724.615,388.322,5.934,4.416,1,1,1.0
65,1,47.386,236.311,12.478,12.187,1,1,1.0
65,2,45.947,170.198,4.261,9.132,1,1,1.0
65,3,16.603,291.266,3.924,8.323,1,1,1.0
65,4,70.382,170.361,4.005,9.189,1,1,1.0
65,5,36.897,392.701,6.703,5.844,1,1,1.0
65,7,77.197,189.237,3.916,9.609,1,1,1.0
65,9,81.502,132.320,3.730,8.702,1,1,1.0
65,11,142.795,266.622,4.199,8.603,1,1,1.0
65,12,161.515,153.294,6.702,8.164,1,1,1.0
65,14,138.068,352.520,4.168,8.138,1,1,1.0
65,16,155.840,241.264,5.895,7.949,1,1,1.0
65,17,168.908,189.651,4.080,9.065,1,1,1.0
65,18,180.852,190.817,3.960,9.057,1,1,1.0
65,19,194.890,230.386,4.165,9.432,1,1,1.0
65,23,280.730,306.574,4.296,8.941,1,1,1.0
65,24,282.554,274.233,4.720,8.126,1,1,1.0
65,25,325.335,328.420,4.158,8.704,1,1,1.0
65,26,324.501,394.604,7.992,4.588,1,1,1.0
65,27,318.098,330.154,5.771,7.784,1,1,1.0
65,28,410.530,205.771,4.986,7.597,1,1,1.0
65,31,413.603,235.416,4.156,9.063,1,1,1.0
65,32,442.029,102.557,4.217,9.146,1,1,1.0
65,33,420.568,338.693,4.221,9.498,1,1,1.0
65,34,416.076,395.004,8.368,7.380,1,1,1.0
65,38,473.087,230.303,4.452,8.785,1,1,1.0
65,39,552.775,287.219,4.313,9.125,1,1,1.0
65,40,545.878,297.215,4.797,9.060,1,1,1.0
65,42,552.343,395.356,7.519,6.143,1,1,1.0
65,44,552.646,255.048,4.801,8.805,1,1,1.0
65,45,561.577,379.693,5.310,8.197,1,1,1.0
65,46,604.801,223.228,4.126,8.504,1,1,1.0
65,48,666.089,148.522,4.146,8.642,1,1,1.0
65,49,679.080,386.424,6.084,6.506,1,1,1.0
65,50,669.642,221.213,3.939,9.376,1,1,1.0
65,51,723.955,323.006,3.701,8.700,1,1,1.0
65,52,731.145,332.152,3.705,7.891,1,1,1.0
65,53,687.692,238.114,6.661,5.171,1,1,1.0
65,54,726.245,388.768,5.965,4.332,1,1,1.0
66,1,63.692,271.113,4.278,11.861,1,1,1.0
66,2,45.184,166.265,4.148,9.121,1,1,1.0
66,3,17.633,288.695,3.113,9.028,1,1,1.0
66,4,70.365,169.726,4.294,9.270,1,1,1.0
66,5,36.848,392.761,6.698,5.775,1,1,1.0
66,7,77.433,185.280,3.674,9.053,1,1,1.0
66,9,81.520,130.557,3.737,8.591,1,1,1.0
66,11,142.687,262.277,4.213,8.624,1,1,1.0
66,12,163.450,149.915,5.201,8.631,1,1,1.0
66,14,138.235,351.144,4.151,7.754,1,1,1.0
66,16,153.812,239.576,6.295,7.324,1,1,1.0
66,17,168.525,186.173,4.073,8.773,1,1,1.0
66,18,180.564,188.575,3.493,7.999,1,1,1.0
66,19,196.404,227.907,4.473,8.411,1,1,1.0
66,23,280.789,306.575,4.261,8.932,1,1,1.0
66,24,281.601,270.978,4.845,8.673,1,1,1.0
66,25,325.749,330.746,4.626,8.505,1,1,1.0
66,26,321.274,394.664,8.020,4.485,1,1,1.0
66,27,318.100,329.562,7.107,6.716,1,1,1.0
66,28,409.448,203.374,4.820,7.885,1,1,1.0
66,31,413.979,231.441,4.127,9.182,1,1,1.0
66,32,443.668,101.175,5.372,8.329,1,1,1.0
66,33,420.668,334.720,4.099,9.814,1,1,1.0
66,34,414.703,394.873,8.397,6.592,1,1,1.0
66,38,472.655,228.191,4.395,8.818,1,1,1.0
66,39,552.947,284.038,4.397,9.256,1,1,1.0
66,40,545.896,295.650,4.262,9.472,1,1,1.0
66,42,552.346,395.251,7.419,6.020,1,1,1.0
66,44,552.864,253.806,5.026,8.766,1,1,1.0
66,45,560.646,377.438,5.127,8.131,1,1,1.0
66,46,604.433,219.549,3.949,8.803,1,1,1.0
66,48,666.095,146.156,4.104,8.546,1,1,1.0
66,49,678.433,384.711,6.111,5.288,1,1,1.0
66,50,670.348,217.706,4.275,9.389,1,1,1.0
66,51,723.124,319.871,4.141,8.137,1,1,1.0
66,52,731.283,332.207,3.482,7.940,1,1,1.0
66,53,684.951,236.596,6.550,5.059,1,1,1.0
66,54,727.872,388.778,5.731,4.431,1,1,1.0
67,1,51.105,304.285,5.425,10.584,1,1,1.0
67,2,43.535,163.231,4.396,9.114,1,1,1.0
67,3,16.480,287.020,4.130,8.487,1,1,1.0
67,4,70.689,169.192,4.341,9.442,1,1,1.0
67,5,36.885,392.847,6.639,5.669,1,1,1.0
67,7,76.433,180.865,3.849,9.799,1,1,1.0
67,9,81.192,129.636,3.762,8.758,1,1,1.0
67,11,142.026,259.415,4.218,8.714,1,1,1.0
67,12,164.601,146.878,5.377,9.024,1,1,1.0
67,14,138.196,349.861,4.567,8.731,1,1,1.0
67,16,150.997,237.623,6.504,6.819,1,1,1.0
67,17,167.684,182.192,4.253,9.202,1,1,1.0
67,18,182.502,183.566,4.196,8.870,1,1,1.0
67,19,198.052,225.616,5.340,8.029,1,1,1.0
67,23,280.818,305.928,4.170,9.101,1,1,1.0
67,24,280.276,267.584,4.681,8.083,1,1,1.0
67,25,325.607,336.108,6.009,7.839,1,1,1.0
67,26,318.438,394.320,7.527,4.751,1,1,1.0
67,27,317.613,328.828,7.331,6.379,1,1,1.0
67,28,408.086,201.505,4.820,7.545,1,1,1.0
67,31,414.029,227.378,3.940,9.081,1,1,1.0
67,32,445.917,99.044,6.115,8.026,1,1,1.0
67,33,421.114,331.061,3.965,9.805,1,1,1.0
67,34,412.514,394.825,8.821,6.727,1,1,1.0
67,38,472.976,225.727,4.251,8.519,1,1,1.0
67,39,553.411,280.750,4.664,9.168,1,1,1.0
67,40,546.165,292.369,4.586,9.575,1,1,1.0
67,42,552.384,395.123,7.663,6.175,1,1,1.0
67,44,553.663,252.340,5.339,8.766,1,1,1.0
67,45,559.997,375.153,5.053,8.410,1,1,1.0
67,46,604.076,216.845,4.083,8.535,1,1,1.0
67,48,665.949,143.259,4.032,8.746,1,1,1.0
67,49,676.559,383.533,6.762,4.163,1,1,1.0
67,50,671.191,214.205,4.507,9.471,1,1,1.0
67,51,722.005,316.576,3.987,9.323,1,1,1.0
67,52,730.906,331.761,3.693,8.163,1,1,1.0
67,53,682.820,236.510,6.714,5.034,1,1,1.0
67,54,729.486,389.900,5.192,4.369,1,1,1.0
68,1,38.134,344.855,8.843,11.484,1,1,1.0
68,2,43.037,159.469,4.326,8.843,1,1,1.0
68,3,15.942,286.911,4.811,8.212,1,1,1.0
68,4,70.977,168.890,4.179,9.644,1,1,1.0
68,5,36.923,392.932,6.574,5.553,1,1,1.0
68,7,76.680,176.436,3.558,10.022,1,1,1.0
68,9,81.531,129.736,3.767,8.729,1,1,1.0
68,11,141.907,256.562,4.139,8.748,1,1,1.0
68,12,165.706,143.618,4.709,8.982,1,1,1.0
68,14,138.491,349.385,4.456,8.633,1,1,1.0
68,16,149.046,235.810,6.665,6.669,1,1,1.0
68,17,167.261,178.247,4.244,9.270,1,1,1.0
68,18,183.869,180.323,4.384,9.204,1,1,1.0
68,19,200.529,222.727,5.452,7.587,1,1,1.0
68,23,280.724,304.969,4.438,8.890,1,1,1.0
68,24,279.420,264.791,4.722,8.651,1,1,1.0
68,25,324.793,342.855,7.072,4.994,1,1,1.0
68,26,315.644,394.132,8.515,4.874,1,1,1.0
68,27,318.367,329.269,7.354,5.661,1,1,1.0
68,28,407.146,198.247,4.743,8.395,1,1,1.0
68,31,414.636,222.904,4.407,9.428,1,1,1.0
68,32,448.359,96.494,6.537,7.111,1,1,1.0
68,33,421.068,327.369,4.011,9.814,1,1,1.0
68,34,410.973,395.149,7.534,6.277,1,1,1.0
68,38,472.628,222.822,4.346,9.103,1,1,1.0
68,39,554.035,277.206,4.423,8.561,1,1,1.0
68,40,546.670,289.575,4.298,9.429,1,1,1.0
68,42,552.262,395.160,7.831,6.206,1,1,1.0
68,44,555.108,250.108,5.058,8.542,1,1,1.0
68,45,559.083,373.037,4.936,8.350,1,1,1.0
68,46,603.728,213.972,4.119,8.551,1,1,1.0
68,48,666.010,140.493,4.236,8.429,1,1,1.0
68,49,674.977,382.471,6.507,4.046,1,1,1.0
68,50,671.682,211.050,4.519,9.513,1,1,1.0
68,51,720.858,313.264,3.965,8.821,1,1,1.0
68,52,730.953,331.412,3.644,8.162,1,1,1.0
68,53,680.159,235.275,6.245,5.180,1,1,1.0
68,54,730.970,390.612,4.885,4.660,1,1,1.0
69,1,42.061,372.285,4.899,10.552,1,1,1.0
69,2,42.409,155.835,4.335,8.931,1,1,1.0
69,3,16.227,286.910,4.531,7.694,1,1,1.0
69,4,70.636,168.678,4.414,9.895,1,1,1.0
69,5,37.166,393.309,6.732,5.278,1,1,1.0
69,7,76.118,172.365,3.830,10.231,1,1,1.0
69,9,81.528,129.798,3.784,8.710,1,1,1.0
69,11,141.214,252.985,4.227,9.009,1,1,1.0
69,12,166.526,140.110,4.764,9.066,1,1,1.0
69,14,138.459,348.630,4.324,8.337,1,1,1.0
69,16,147.154,234.135,6.417,6.511,1,1,1.0
69,17,166.855,174.077,3.965,9.003,1,1,1.0
69,18,184.168,176.682,4.477,9.029,1,1,1.0
69,19,202.185,219.882,5.752,7.554,1,1,1.0
69,23,281.240,303.307,4.218,8.887,1,1,1.0
69,24,278.744,263.394,4.643,7.787,1,1,1.0
69,25,325.431,343.462,7.151,4.304,1,1,1.0
69,26,313.381,394.088,8.115,4.486,1,1,1.0
69,27,319.003,329.784,7.628,4.337,1,1,1.0
69,28,406.214,196.305,4.476,7.540,1,1,1.0
69,31,416.429,219.281,4.451,8.784,1,1,1.0
69,32,451.508,94.213,6.439,7.368,1,1,1.0
69,33,421.135,323.839,4.110,9.510,1,1,1.0
69,34,410.508,394.763,6.725,6.600,1,1,1.0
69,38,472.510,221.351,4.480,8.890,1,1,1.0
69,39,554.708,273.055,4.277,9.132,1,1,1.0
69,40,546.551,287.364,4.301,9.174,1,1,1.0
69,42,552.075,395.223,8.016,6.126,1,1,1.0
69,44,555.998,248.092,5.130,8.595,1,1,1.0
69,45,557.565,370.320,5.479,8.343,1,1,1.0
69,46,602.609,211.429,4.304,8.360,1,1,1.0
69,48,666.099,138.014,4.223,8.590,1,1,1.0
69,49,675.051,382.605,6.671,4.130,1,1,1.0
69,50,672.716,208.267,4.094,8.871,1,1,1.0
69,51,720.990,310.051,3.692,8.785,1,1,1.0
69,52,731.187,330.476,4.066,8.020,1,1,1.0
69,53,677.724,234.607,6.851,5.057,1,1,1.0
69,54,732.194,392.895,4.638,5.343,1,1,1.0
70,1,50.305,391.917,7.008,5.278,1,1,1.0
70,2,42.638,151.876,4.476,9.287,1,1,1.0
70,3,16.224,283.528,4.800,8.166,1,1,1.0
70,4,66.004,162.142,6.181,10.334,1,1,1.0
70,5,36.851,393.353,6.774,5.308,1,1,1.0
70,7,75.958,169.509,4.000,9.650,1,1,1.0
70,9,81.073,129.840,3.799,8.694,1,1,1.0
70,11,141.725,249.766,4.163,9.100,1,1,1.0
70,12,167.330,135.401,4.354,9.435,1,1,1.0
70,14,138.459,347.811,4.509,8.526,1,1,1.0
70,16,145.479,232.174,6.161,6.565,1,1,1.0
70,17,166.683,170.284,4.029,9.141,1,1,1.0
70,18,185.681,173.158,4.050,8.599,1,1,1.0
70,19,204.050,217.700,5.587,7.072,1,1,1.0
70,23,281.448,301.008,4.224,8.927,1,1,1.0
70,24,277.406,260.798,4.905,7.887,1,1,1.0
70,25,326.664,343.667,7.135,4.187,1,1,1.0
70,26,310.464,394.141,8.670,4.709,1,1,1.0
70,27,320.007,329.869,7.571,4.560,1,1,1.0
70,28,405.523,193.188,4.524,7.861,1,1,1.0
70,31,417.730,215.851,4.533,8.655,1,1,1.0
70,32,453.862,91.624,6.358,7.676,1,1,1.0
70,33,420.946,320.163,4.235,9.877,1,1,1.0
70,34,411.155,394.164,5.611,5.547,1,1,1.0
70,38,472.486,218.713,4.330,9.231,1,1,1.0
70,39,554.942,269.025,4.292,9.571,1,1,1.0
70,40,546.293,284.701,4.474,9.191,1,1,1.0
70,42,551.988,395.173,8.190,6.016,1,1,1.0
70,44,556.618,245.178,5.384,9.476,1,1,1.0
70,45,556.062,367.952,5.272,7.944,1,1,1.0
70,46,601.601,208.545,4.327,8.281,1,1,1.0
70,48,666.075,135.580,4.235,8.625,1,1,1.0
70,49,675.421,383.238,6.468,4.326,1,1,1.0
70,50,673.774,204.388,4.460,8.709,1,1,1.0
70,51,720.062,307.190,4.021,9.115,1,1,1.0
70,52,732.126,329.517,4.316,7.588,1,1,1.0
70,53,675.588,233.987,6.121,4.984,1,1,1.0
70,54,732.891,394.680,5.301,6.032,1,1,1.0
71,1,50.336,392.623,6.886,5.052,1,1,1.0
71,2,41.956,148.946,3.988,8.779,1,1,1.0
71,3,13.379,277.837,4.800,8.166,1,1,1.0
71,4,49.169,123.421,7.431,15.075,1,1,1.0
71,5,37.190,393.145,6.503,5.285,1,1,1.0
71,7,76.310,167.363,3.952,9.447,1,1,1.0
71,9,81.188,129.778,3.923,8.888,1,1,1.0
71,11,141.747,246.411,4.057,9.135,1,1,1.0
71,12,167.586,131.629,4.306,9.392,1,1,1.0
71,14,138.299,346.480,4.508,8.764,1,1,1.0
71,16,143.346,230.489,6.165,6.208,1,1,1.0
71,17,165.565,166.443,4.192,9.398,1,1,1.0
71,18,186.595,169.735,3.939,8.778,1,1,1.0
71,19,205.734,214.917,5.059,7.347,1,1,1.0
71,23,281.861,298.052,4.473,9.077,1,1,1.0
71,24,275.179,260.518,5.772,6.118,1,1,1.0
71,25,328.212,343.737,6.988,4.190,1,1,1.0
71,26,307.006,394.808,8.089,4.351,1,1,1.0
71,27,321.374,330.576,7.225,4.359,1,1,1.0
71,28,404.893,191.145,4.348,7.554,1,1,1.0
71,31,419.334,211.971,4.779,8.706,1,1,1.0
71,32,457.056,89.122,5.901,7.854,1,1,1.0
71,33,421.160,316.708,4.116,9.487,1,1,1.0
71,34,411.439,393.779,5.031,5.532,1,1,1.0
71,38,472.204,216.100,4.310,9.195,1,1,1.0
71,39,554.710,266.023,4.578,9.628,1,1,1.0
71,40,546.574,282.098,4.378,9.424,1,1,1.0
71,42,551.866,395.098,8.845,6.308,1,1,1.0
71,44,558.276,243.092,5.083,8.837,1,1,1.0
71,45,555.326,364.947,4.681,8.141,1,1,1.0
71,46,600.681,206.608,4.537,7.990,1,1,1.0
71,48,666.177,134.303,4.256,8.682,1,1,1.0
71,49,676.449,383.435,6.655,4.296,1,1,1.0
71,50,674.598,201.201,4.696,8.524,1,1,1.0
71,51,719.237,303.565,3.972,8.701,1,1,1.0
71,52,732.346,329.239,4.430,7.824,1,1,1.0
71,53,673.493,234.005,5.786,4.992,1,1,1.0
71,54,734.113,395.906,3.967,5.705,1,1,1.0
72,1,50.353,392.566,6.933,5.163,1,1,1.0
72,2,42.338,146.711,4.069,8.682,1,1,1.0
72,3,14.413,276.285,4.800,8.166,1,1,1.0
72,4,36.593,70.645,8.803,17.260,1,1,1.0
72,5,37.370,393.323,6.546,5.411,1,1,1.0
72,7,76.536,164.964,3.960,9.316,1,1,1.0
72,9,80.999,129.679,3.862,8.802,1,1,1.0
72,11,141.433,243.988,4.046,8.719,1,1,1.0
72,12,167.654,127.108,4.282,9.614,1,1,1.0
72,14,138.828,344.403,4.301,9.431,1,1,1.0
72,16,141.916,228.375,5.753,6.721,1,1,1.0
72,17,165.364,163.031,4.092,9.296,1,1,1.0
72,18,187.062,166.388,4.250,9.026,1,1,1.0
72,19,207.740,212.660,4.916,7.304,1,1,1.0
72,23,282.116,295.836,4.690,9.219,1,1,1.0
72,24,274.041,259.982,6.064,6.161,1,1,1.0
72,25,328.562,344.775,6.838,4.250,1,1,1.0
72,26,304.275,394.821,8.354,4.606,1,1,1.0
72,27,322.271,330.983,7.289,4.350,1,1,1.0
72,28,404.949,188.184,4.324,7.131,1,1,1.0
72,31,420.691,208.625,4.585,8.630,1,1,1.0
72,32,459.233,86.171,5.888,7.863,1,1,1.0
72,33,420.447,313.380,4.355,9.534,1,1,1.0
72,34,410.887,393.512,4.917,5.787,1,1,1.0
72,38,472.134,214.742,4.293,9.240,1,1,1.0
72,39,554.880,262.060,4.279,9.879,1,1,1.0
72,40,546.285,279.489,4.301,9.509,1,1,1.0
72,41,551.747,394.916,8.326,6.643,1,1,1.0
72,42,551.815,395.056,8.377,6.327,1,1,1.0
72,44,558.908,241.138,5.046,8.555,1,1,1.0
72,45,553.667,361.604,4.775,8.601,1,1,1.0
72,46,599.638,203.856,4.677,7.845,1,1,1.0
72,48,666.269,133.487,4.181,8.480,1,1,1.0
72,49,677.428,383.764,6.668,4.343,1,1,1.0
72,50,675.515,198.092,5.001,8.554,1,1,1.0
72,51,718.294,300.102,3.937,8.393,1,1,1.0
72,52,732.792,327.096,3.932,8.065,1,1,1.0
72,53,671.777,233.493,6.232,4.832,1,1,1.0
72,54,734.108,396.052,4.024,5.566,1,1,1.0
73,1,50.331,392.592,6.901,5.004,1,1,1.0
73,2,42.817,143.670,4.286,8.766,1,1,1.0
73,3,13.896,271.112,4.800,8.166,1,1,1.0
73,4,26.728,38.386,6.898,7.004,1,1,1.0
73,5,38.407,393.015,6.354,5.456,1,1,1.0
73,7,76.871,162.670,3.898,9.407,1,1,1.0
73,9,81.407,129.752,3.835,8.667,1,1,1.0
73,11,141.366,242.025,4.140,8.922,1,1,1.0
73,12,167.746,122.523,4.056,9.598,1,1,1.0
73,14,138.969,342.715,4.428,9.309,1,1,1.0
73,16,140.762,226.825,5.293,6.332,1,1,1.0
73,17,164.365,160.211,4.216,8.499,1,1,1.0
73,18,187.227,162.854,4.134,9.027,1,1,1.0
73,19,209.078,209.628,4.410,6.812,1,1,1.0
73,23,282.169,295.257,4.702,9.069,1,1,1.0
73,24,273.115,259.413,4.932,5.606,1,1,1.0
73,25,329.913,345.022,6.024,4.332,1,1,1.0
73,26,301.953,395.159,7.587,4.142,1,1,1.0
73,27,322.493,331.023,7.422,4.329,1,1,1.0
73,28,404.102,184.882,4.332,7.601,1,1,1.0
73,31,422.068,205.368,5.364,8.139,1,1,1.0
73,32,461.859,83.587,5.847,7.483,1,1,1.0
73,33,418.664,311.891,5.279,7.558,1,1,1.0
73,34,411.398,393.982,4.815,5.075,1,1,1.0
73,38,471.932,212.773,4.330,9.187,1,1,1.0
73,39,554.661,259.431,4.076,9.294,1,1,1.0
73,40,546.911,276.470,4.363,9.287,1,1,1.0
73,42,552.255,395.352,7.753,6.164,1,1,1.0
73,44,560.314,238.303,4.574,8.657,1,1,1.0
73,45,553.030,358.914,4.361,8.472,1,1,1.0
73,46,598.238,201.334,4.819,8.240,1,1,1.0
73,48,666.220,132.255,4.057,8.525,1,1,1.0
73,49,678.428,384.158,6.821,4.683,1,1,1.0
73,50,677.420,195.687,5.021,8.424,1,1,1.0
73,51,717.496,296.352,4.003,9.028,1,1,1.0
73,52,732.900,325.220,3.959,7.946,1,1,1.0
73,53,670.769,234.100,4.652,4.283,1,1,1.0
73,54,734.780,395.938,4.245,5.035,1,1,1.0
74,1,50.304,392.587,6.860,5.077,1,1,1.0
74,2,43.461,140.455,4.042,9.449,1,1,1.0
74,3,13.379,267.490,4.800,8.166,1,1,1.0
74,4,25.353,42.827,7.290,7.383,1,1,1.0
74,5,39.551,392.858,6.821,5.517,1,1,1.0
74,7,76.992,160.130,3.833,9.293,1,1,1.0
74,9,81.809,129.698,3.892,8.822,1,1,1.0
74,11,141.210,240.103,4.157,9.031,1,1,1.0
74,12,167.843,118.862,4.192,9.448,1,1,1.0
74,14,139.242,341.528,4.250,8.973,1,1,1.0
74,16,140.083,224.720,4.619,6.678,1,1,1.0
74,17,163.429,156.287,4.275,9.098,1,1,1.0
74,18,188.416,159.178,3.680,8.781,1,1,1.0
74,19,209.574,206.402,4.391,7.677,1,1,1.0
74,23,282.304,295.302,4.612,8.981,1,1,1.0
74,24,272.669,258.040,4.574,5.496,1,1,1.0
74,25,330.638,345.220,6.058,4.716,1,1,1.0
74,26,300.248,394.558,6.922,4.425,1,1,1.0
74,27,322.554,331.011,7.396,4.363,1,1,1.0
74,28,404.412,180.754,3.928,8.161,1,1,1.0
74,31,423.862,201.951,5.336,8.064,1,1,1.0
74,32,463.913,80.729,5.874,8.353,1,1,1.0
74,33,415.903,311.564,6.017,5.987,1,1,1.0
74,34,412.051,394.295,5.389,5.051,1,1,1.0
74,38,472.075,210.602,4.207,9.451,1,1,1.0
74,39,554.220,256.194,4.382,9.073,1,1,1.0
74,40,546.472,273.560,4.316,9.474,1,1,1.0
74,42,552.135,395.345,7.844,6.322,1,1,1.0
74,44,561.176,234.746,4.486,9.150,1,1,1.0
74,45,552.092,355.971,4.200,8.488,1,1,1.0
74,46,597.277,199.189,4.851,7.315,1,1,1.0
74,48,666.404,131.866,3.951,8.577,1,1,1.0
74,49,679.913,384.985,7.281,4.694,1,1,1.0
74,50,678.530,192.640,5.543,8.767,1,1,1.0
74,51,717.315,293.681,3.956,8.384,1,1,1.0
74,52,733.303,324.783,3.759,7.542,1,1,1.0
74,53,669.571,235.313,5.233,4.128,1,1,1.0
74,54,734.822,396.032,4.336,4.897,1,1,1.0
75,1,50.249,392.760,6.843,4.677,1,1,1.0
75,2,44.456,136.665,4.044,9.396,1,1,1.0
75,3,12.861,264.386,4.800,8.166,1,1,1.0
75,4,14.155,59.550,4.800,8.166,1,1,1.0
75,5,41.989,392.909,6.261,5.851,1,1,1.0
75,7,76.963,157.103,3.779,9.432,1,1,1.0
75,9,81.562,129.718,3.848,8.880,1,1,1.0
75,11,141.112,238.513,4.102,8.697,1,1,1.0
75,12,167.001,114.880,4.087,9.203,1,1,1.0
75,14,139.354,340.724,4.286,9.237,1,1,1.0
75,16,139.895,223.948,4.484,6.745,1,1,1.0
75,17,162.665,152.901,3.822,9.177,1,1,1.0
75,18,188.711,155.581,3.761,8.645,1,1,1.0
75,19,209.745,202.550,4.335,8.259,1,1,1.0
75,23,282.265,295.287,4.648,9.035,1,1,1.0
75,24,271.487,257.082,4.451,5.583,1,1,1.0
75,25,331.375,345.895,6.046,5.020,1,1,1.0
75,26,298.821,394.170,6.399,4.722,1,1,1.0
75,27,322.433,330.894,7.595,4.446,1,1,1.0
75,28,404.388,177.072,4.131,8.456,1,1,1.0
75,31,425.546,199.879,5.768,8.075,1,1,1.0
75,32,466.206,77.942,4.902,7.711,1,1,1.0
75,33,413.659,310.428,6.102,5.503,1,1,1.0
75,34,413.590,394.838,5.655,5.496,1,1,1.0
75,38,472.363,208.855,4.192,9.445,1,1,1.0
75,39,554.093,252.016,3.966,9.772,1,1,1.0
75,40,546.543,271.425,4.462,9.286,1,1,1.0
75,42,552.243,395.323,7.734,6.396,1,1,1.0
75,44,562.026,231.360,4.759,9.109,1,1,1.0
75,45,551.680,352.816,4.392,8.881,1,1,1.0
75,46,595.364,196.551,5.004,7.673,1,1,1.0
75,48,666.518,131.620,3.850,8.631,1,1,1.0
75,49,681.336,386.658,6.930,5.066,1,1,1.0
75,50,680.469,189.474,5.467,8.609,1,1,1.0
75,51,716.674,289.893,3.982,8.661,1,1,1.0
75,52,734.771,322.713,3.777,7.429,1,1,1.0
75,53,668.749,237.230,4.530,4.577,1,1,1.0
75,54,735.124,395.474,4.274,4.956,1,1,1.0
76,1,50.764,392.721,6.572,4.954,1,1,1.0
76,2,44.795,133.181,4.760,9.322,1,1,1.0
76,3,11.827,263.093,4.800,8.166,1,1,1.0
76,4,13.637,56.705,4.800,8.166,1,1,1.0
76,5,43.817,393.050,6.594,5.130,1,1,1.0
76,7,77.009,154.140,3.736,9.390,1,1,1.0
76,9,81.672,129.670,3.986,8.874,1,1,1.0
76,11,140.797,235.162,4.111,8.639,1,1,1.0
76,12,166.955,110.539,4.228,9.610,1,1,1.0
76,14,139.092,340.002,4.561,9.452,1,1,1.0
76,16,139.212,223.063,4.379,5.974,1,1,1.0
76,17,161.807,149.163,4.226,9.101,1,1,1.0
76,18,189.443,151.576,3.858,8.871,1,1,1.0
76,19,209.894,198.407,4.334,8.671,1,1,1.0
76,23,282.257,295.269,4.645,9.033,1,1,1.0
76,24,270.925,256.548,4.466,5.515,1,1,1.0
76,25,332.221,346.844,6.234,6.164,1,1,1.0
76,26,297.244,394.233,7.418,4.601,1,1,1.0
76,27,323.660,331.063,7.512,4.577,1,1,1.0
76,28,404.251,173.531,4.138,8.246,1,1,1.0
76,31,427.392,197.464,6.166,7.307,1,1,1.0
76,32,468.133,75.195,5.090,7.664,1,1,1.0
76,33,412.148,309.580,5.633,5.449,1,1,1.0
76,34,414.107,395.000,5.664,5.134,1,1,1.0
76,38,472.367,206.736,4.266,9.601,1,1,1.0
76,39,553.309,248.605,4.530,9.012,1,1,1.0
76,40,546.799,268.601,4.332,9.273,1,1,1.0
76,42,552.268,395.272,7.705,6.414,1,1,1.0
76,44,562.536,228.256,4.737,8.996,1,1,1.0
76,45,550.623,350.025,4.521,8.942,1,1,1.0
76,46,594.074,194.835,5.214,6.819,1,1,1.0
76,48,666.559,131.619,3.981,8.656,1,1,1.0
76,49,682.184,387.810,6.485,6.258,1,1,1.0
76,50,682.918,186.211,5.319,8.744,1,1,1.0
76,51,716.042,286.841,4.044,9.075,1,1,1.0
76,52,734.776,321.254,3.852,7.587,1,1,1.0
76,53,667.858,237.818,4.563,4.651,1,1,1.0
76,54,735.224,395.269,4.321,5.007,1,1,1.0
77,1,50.670,391.963,6.213,5.402,1,1,1.0
77,2,46.000,129.657,4.608,8.702,1,1,1.0
77,3,11.309,258.954,4.800,8.166,1,1,1.0
77,4,14.413,55.411,4.800,8.166,1,1,1.0
77,5,44.235,392.833,6.741,5.540,1,1,1.0
77,7,77.235,150.738,3.901,9.412,1,1,1.0
77,9,81.704,129.705,3.992,8.681,1,1,1.0
77,11,141.374,232.022,4.053,8.720,1,1,1.0
77,12,166.110,106.943,4.290,9.258,1,1,1.0
77,14,139.078,338.312,4.620,9.754,1,1,1.0
77,16,139.456,221.857,4.036,6.169,1,1,1.0
77,17,161.015,146.058,4.484,9.046,1,1,1.0
77,18,189.589,148.004,3.893,9.007,1,1,1.0
77,19,209.962,195.563,4.473,7.980,1,1,1.0
77,23,282.270,295.285,4.715,9.056,1,1,1.0
77,24,270.852,257.423,4.301,4.923,1,1,1.0
77,25,332.747,348.356,6.411,6.747,1,1,1.0
77,26,295.601,394.250,7.310,4.435,1,1,1.0
77,27,325.959,331.012,7.064,4.382,1,1,1.0
77,28,404.112,169.798,4.209,8.336,1,1,1.0
77,31,429.801,194.813,6.046,8.014,1,1,1.0
77,32,469.108,72.105,4.776,7.792,1,1,1.0
77,33,410.938,308.071,5.260,6.024,1,1,1.0
77,34,415.143,395.484,5.522,4.839,1,1,1.0
77,38,472.273,204.627,4.299,9.871,1,1,1.0
77,39,550.889,246.545,6.223,8.579,1,1,1.0
77,40,546.723,266.567,4.439,9.432,1,1,1.0
77,42,552.346,395.222,7.626,6.345,1,1,1.0
77,44,564.177,224.759,4.679,9.398,1,1,1.0
77,45,549.830,346.845,4.843,8.819,1,1,1.0
77,46,592.339,192.285,5.430,7.447,1,1,1.0
77,48,666.463,131.593,3.949,8.777,1,1,1.0
77,49,681.361,388.906,6.665,6.735,1,1,1.0
77,50,683.948,183.725,5.423,8.766,1,1,1.0
77,51,715.745,285.064,4.348,8.908,1,1,1.0
77,52,734.928,321.778,3.822,8.132,1,1,1.0
77,53,666.120,239.047,4.731,4.331,1,1,1.0
77,54,735.117,395.340,4.428,4.983,1,1,1.0
78,1,49.935,391.624,6.348,5.581,1,1,1.0
78,2,47.120,125.546,4.396,9.376,1,1,1.0
78,3,11.568,256.885,4.800,8.166,1,1,1.0
78,4,14.155,54.635,4.800,8.166,1,1,1.0
78,5,44.168,393.395,6.667,5.086,1,1,1.0
78,7,77.426,148.088,3.792,9.465,1,1,1.0
78,9,81.802,129.283,4.066,9.089,1,1,1.0
78,11,142.334,229.218,4.187,9.178,1,1,1.0
78,12,165.935,103.069,4.182,8.817,1,1,1.0
78,14,139.431,337.383,4.636,8.889,1,1,1.0
78,16,139.248,220.065,4.211,6.318,1,1,1.0
78,17,160.629,142.116,4.345,9.338,1,1,1.0
78,18,190.034,144.112,3.763,9.337,1,1,1.0
78,19,209.942,192.373,4.399,7.991,1,1,1.0
78,23,282.236,295.326,4.715,9.000,1,1,1.0
78,24,270.747,258.725,4.291,5.033,1,1,1.0
78,25,334.288,350.104,5.470,7.221,1,1,1.0
78,26,294.787,394.156,7.569,4.328,1,1,1.0
78,27,328.582,330.578,6.905,4.252,1,1,1.0
78,28,404.219,166.034,4.219,8.402,1,1,1.0
78,31,431.731,192.095,6.240,8.045,1,1,1.0
78,32,470.276,69.330,4.893,8.664,1,1,1.0
78,33,410.027,306.289,5.262,6.180,1,1,1.0
78,34,415.947,395.995,6.199,5.016,1,1,1.0
78,38,472.172,202.802,4.380,9.444,1,1,1.0
78,39,548.631,244.228,6.453,8.065,1,1,1.0
78,40,547.083,264.421,4.650,9.665,1,1,1.0
78,42,552.419,395.312,7.650,6.375,1,1,1.0
78,44,565.006,221.680,4.863,9.065,1,1,1.0
78,45,549.200,343.747,4.350,9.313,1,1,1.0
78,46,590.849,189.515,5.193,7.492,1,1,1.0
78,48,666.509,131.583,3.993,8.845,1,1,1.0
78,49,682.014,389.773,5.893,7.976,1,1,1.0
78,50,685.682,180.510,5.586,9.325,1,1,1.0
78,51,715.725,284.641,4.226,8.966,1,1,1.0
78,52,735.296,320.344,3.996,8.200,1,1,1.0
78,53,665.686,239.494,4.547,4.707,1,1,1.0
78,54,735.306,395.188,4.555,4.800,1,1,1.0
79,1,49.946,391.563,6.473,5.656,1,1,1.0
79,2,48.227,121.215,5.078,9.457,1,1,1.0
79,3,9.522,252.390,6.311,10.254,1,1,1.0
79,4,14.413,56.446,4.800,8.166,1,1,1.0
79,5,44.210,393.285,6.804,5.191,1,1,1.0
79,7,77.371,145.433,3.936,9.591,1,1,1.0
79,9,81.536,127.712,4.029,9.322,1,1,1.0
79,11,142.530,226.063,4.258,8.844,1,1,1.0
79,12,164.706,99.516,4.373,9.303,1,1,1.0
79,14,139.222,335.601,4.616,9.085,1,1,1.0
79,16,139.507,219.427,4.273,5.922,1,1,1.0
79,17,159.566,139.095,4.454,9.084,1,1,1.0
79,18,189.412,141.293,3.862,9.108,1,1,1.0
79,19,209.920,189.315,4.474,8.162,1,1,1.0
79,23,282.340,294.668,4.667,9.145,1,1,1.0
79,24,270.801,259.868,4.380,5.076,1,1,1.0
79,25,335.020,352.238,5.317,7.528,1,1,1.0
79,26,294.458,394.134,7.518,4.301,1,1,1.0
79,27,330.425,329.935,6.430,4.372,1,1,1.0
79,28,404.358,162.046,4.106,8.149,1,1,1.0
79,31,433.973,189.296,5.965,7.463,1,1,1.0
79,32,471.680,65.948,4.364,8.157,1,1,1.0
79,33,409.340,303.075,4.492,7.139,1,1,1.0
79,34,416.103,395.975,6.254,5.183,1,1,1.0
79,38,472.040,200.436,4.294,9.577,1,1,1.0
79,39,546.952,242.060,6.662,8.213,1,1,1.0
79,40,547.098,261.986,4.729,9.322,1,1,1.0
79,42,552.432,395.360,7.662,6.349,1,1,1.0
79,44,566.413,218.240,5.197,9.305,1,1,1.0
79,45,549.064,340.975,4.488,9.155,1,1,1.0
79,46,588.910,187.028,5.518,7.797,1,1,1.0
79,48,666.573,131.550,3.932,8.668,1,1,1.0
79,49,682.893,390.999,5.340,8.931,1,1,1.0
79,50,687.396,178.461,5.951,8.761,1,1,1.0
79,51,715.476,284.616,4.222,8.528,1,1,1.0
79,52,735.641,319.352,4.013,7.034,1,1,1.0
79,53,664.923,240.986,4.493,5.115,1,1,1.0
79,54,735.092,396.804,4.696,4.463,1,1,1.0
80,1,51.662,389.842,4.800,8.166,1,1,1.0
80,2,50.061,117.944,5.256,8.952,1,1,1.0
80,3,9.404,251.416,5.876,8.770,1,1,1.0
80,4,14.931,54.894,4.800,8.166,1,1,1.0
80,5,46.207,391.746,8.969,6.339,1,1,1.0
80,7,77.702,142.813,3.941,9.461,1,1,1.0
80,9,81.535,125.721,3.917,9.272,1,1,1.0
80,11,143.534,222.649,4.254,8.699,1,1,1.0
80,12,164.603,95.501,4.334,9.846,1,1,1.0
80,14,139.998,334.020,4.531,9.622,1,1,1.0
80,16,139.476,218.095,4.234,6.946,1,1,1.0
80,17,159.335,135.440,4.547,9.630,1,1,1.0
80,18,189.701,137.017,3.948,9.422,1,1,1.0
80,19,209.891,186.403,4.337,8.154,1,1,1.0
80,23,282.612,294.000,4.521,9.316,1,1,1.0
80,24,271.573,260.319,4.354,4.825,1,1,1.0
80,25,335.679,354.370,4.987,7.674,1,1,1.0
80,26,293.456,394.246,8.238,4.207,1,1,1.0
80,27,332.021,328.332,6.501,4.645,1,1,1.0
80,28,404.342,158.301,4.189,8.287,1,1,1.0
80,31,435.346,186.806,5.948,7.183,1,1,1.0
80,32,472.355,63.311,4.580,7.559,1,1,1.0
80,33,408.588,300.507,4.559,7.341,1,1,1.0
80,34,416.090,395.975,6.262,5.315,1,1,1.0
80,38,471.958,199.045,4.258,9.171,1,1,1.0
80,39,545.029,240.070,6.433,7.822,1,1,1.0
80,40,546.967,259.955,4.657,9.642,1,1,1.0
80,42,552.481,395.358,7.603,6.313,1,1,1.0
80,44,567.776,215.344,5.348,8.614,1,1,1.0
80,45,548.695,338.077,4.297,9.116,1,1,1.0
80,46,587.172,184.833,5.570,7.284,1,1,1.0
80,48,666.708,131.351,4.071,8.668,1,1,1.0
80,49,683.242,391.342,5.160,8.692,1,1,1.0
80,50,689.531,175.879,5.735,8.461,1,1,1.0
80,51,715.484,284.606,4.190,8.525,1,1,1.0
80,52,735.596,317.745,3.846,7.319,1,1,1.0
80,53,664.767,241.994,4.439,5.030,1,1,1.0
80,54,734.784,397.292,4.963,4.598,1,1,1.0
81,1,51.403,390.100,4.800,8.166,1,1,1.0
81,2,51.253,114.540,4.855,8.703,1,1,1.0
81,3,9.639,249.337,5.795,8.685,1,1,1.0
81,4,14.413,56.446,4.800,8.166,1,1,1.0
81,5,49.068,391.434,6.581,6.610,1,1,1.0
81,7,77.464,139.541,3.899,9.171,1,1,1.0
81,9,81.774,124.541,3.796,8.647,1,1,1.0
81,11,144.558,220.443,4.271,7.795,1,1,1.0
81,12,163.775,91.854,4.360,9.364,1,1,1.0
81,14,139.697,332.894,4.474,9.336,1,1,1.0
81,16,139.949,217.495,4.651,7.345,1,1,1.0
81,17,158.774,132.011,4.156,9.659,1,1,1.0
81,18,189.212,133.733,3.912,9.074,1,1,1.0
81,19,209.741,183.560,4.264,7.742,1,1,1.0
81,23,282.677,293.875,4.485,9.270,1,1,1.0
81,24,272.204,261.569,5.108,4.468,1,1,1.0
81,25,336.388,356.247,4.858,8.110,1,1,1.0
81,26,293.022,394.269,8.241,4.490,1,1,1.0
81,27,333.775,325.320,5.361,6.920,1,1,1.0
81,28,404.295,155.123,4.180,8.391,1,1,1.0
81,31,436.974,183.856,5.906,7.837,1,1,1.0
81,32,472.835,60.165,4.303,7.919,1,1,1.0
81,33,407.676,297.712,4.551,7.067,1,1,1.0
81,34,416.089,395.972,6.236,5.364,1,1,1.0
81,38,472.400,196.600,4.024,9.419,1,1,1.0
81,39,543.776,237.622,6.099,7.923,1,1,1.0
81,40,546.750,258.120,4.597,9.294,1,1,1.0
81,42,552.531,395.398,7.525,6.347,1,1,1.0
81,44,569.672,212.268,5.640,9.083,1,1,1.0
81,45,548.786,335.321,4.107,9.203,1,1,1.0
81,46,585.445,182.496,5.461,7.106,1,1,1.0
81,48,666.689,131.369,3.905,8.628,1,1,1.0
81,49,683.590,391.461,5.130,8.047,1,1,1.0
81,50,691.332,173.655,6.237,8.257,1,1,1.0
81,51,715.448,283.676,4.023,8.506,1,1,1.0
81,52,736.185,316.271,3.782,7.174,1,1,1.0
81,53,664.745,243.217,4.420,5.182,1,1,1.0
81,54,734.771,397.285,4.915,4.649,1,1,1.0
82,1,48.515,391.433,5.542,6.668,1,1,1.0
82,2,52.291,110.625,5.450,8.833,1,1,1.0
82,3,9.847,246.982,5.607,9.549,1,1,1.0
82,4,14.672,57.481,4.800,8.166,1,1,1.0
82,5,53.731,391.652,4.800,8.166,1,1,1.0
82,7,77.947,136.259,3.909,9.351,1,1,1.0
82,9,81.649,122.856,4.013,9.185,1,1,1.0
82,11,144.914,219.455,4.233,7.160,1,1,1.0
82,12,163.859,87.815,4.241,9.407,1,1,1.0
82,14,139.824,332.388,4.543,9.160,1,1,1.0
82,16,139.839,217.532,4.751,6.924,1,1,1.0
82,17,158.608,128.320,3.914,9.618,1,1,1.0
82,18,189.765,130.769,3.797,9.093,1,1,1.0
82,19,209.490,180.752,4.002,8.253,1,1,1.0
82,23,282.709,293.893,4.478,9.276,1,1,1.0
82,24,273.584,261.455,4.793,4.508,1,1,1.0
82,25,336.843,358.669,4.833,7.946,1,1,1.0
82,26,292.649,394.459,8.192,4.548,1,1,1.0
82,27,334.875,322.598,5.466,7.399,1,1,1.0
82,28,404.335,151.901,4.260,8.626,1,1,1.0
82,31,437.626,182.366,6.023,7.866,1,1,1.0
82,32,473.079,56.551,4.350,8.348,1,1,1.0
82,33,407.083,295.410,4.634,7.702,1,1,1.0
82,34,416.137,395.945,6.259,5.371,1,1,1.0
82,38,472.325,194.797,4.139,9.227,1,1,1.0
82,39,542.339,235.463,6.044,7.775,1,1,1.0
82,40,546.404,256.714,4.689,9.087,1,1,1.0
82,42,552.523,395.325,7.575,6.418,1,1,1.0
82,44,571.419,209.421,5.034,8.670,1,1,1.0
82,45,548.258,332.326,4.118,9.104,1,1,1.0
82,46,583.735,179.417,5.242,7.279,1,1,1.0
82,48,666.687,131.323,4.011,8.818,1,1,1.0
82,49,683.578,391.427,5.141,8.082,1,1,1.0
82,50,694.245,170.924,5.935,7.935,1,1,1.0
82,51,715.349,282.270,4.173,8.369,1,1,1.0
82,52,736.356,315.580,3.806,7.201,1,1,1.0
82,53,665.166,244.053,4.467,5.257,1,1,1.0
82,54,735.020,397.176,4.783,4.714,1,1,1.0
83,1,49.025,391.347,5.825,5.922,1,1,1.0
83,2,54.142,106.511,5.231,9.108,1,1,1.0
83,3,9.540,246.273,5.704,9.971,1,1,1.0
83,4,14.155,55.929,4.800,8.166,1,1,1.0
83,5,53.994,393.034,6.139,5.338,1,1,1.0
83,7,77.847,134.343,3.994,9.495,1,1,1.0
83,9,81.768,120.713,4.174,9.404,1,1,1.0
83,11,145.183,217.502,3.954,7.437,1,1,1.0
83,12,163.175,84.462,4.246,9.537,1,1,1.0
83,14,139.738,330.721,4.646,9.014,1,1,1.0
83,16,139.940,217.177,4.502,7.053,1,1,1.0
83,17,157.456,125.369,4.367,9.173,1,1,1.0
83,18,189.459,127.950,4.006,9.362,1,1,1.0
83,19,209.039,178.407,4.003,8.306,1,1,1.0
83,23,283.000,293.913,4.396,9.374,1,1,1.0
83,24,274.593,261.297,6.162,4.460,1,1,1.0
83,25,336.820,360.921,5.175,7.897,1,1,1.0
83,26,292.103,394.473,8.376,4.544,1,1,1.0
83,27,336.362,320.153,5.060,7.752,1,1,1.0
83,28,404.385,147.932,3.878,8.619,1,1,1.0
83,31,438.917,179.640,5.769,8.118,1,1,1.0
83,32,473.285,53.094,4.162,7.856,1,1,1.0
83,33,406.177,292.931,4.303,7.425,1,1,1.0
83,34,416.152,395.961,6.223,5.320,1,1,1.0
83,38,472.272,192.307,4.120,9.813,1,1,1.0
83,39,541.017,232.953,5.866,8.275,1,1,1.0
83,40,546.771,255.223,4.554,9.313,1,1,1.0
83,42,552.483,395.359,7.617,6.419,1,1,1.0
83,44,573.243,206.491,5.196,8.879,1,1,1.0
83,45,548.596,328.168,4.008,9.319,1,1,1.0
83,46,581.258,177.233,5.606,7.250,1,1,1.0
83,48,666.781,130.731,3.948,8.731,1,1,1.0
83,49,683.183,390.038,4.148,9.188,1,1,1.0
83,50,696.648,167.719,6.537,8.578,1,1,1.0
83,51,715.334,281.290,4.274,8.474,1,1,1.0
83,52,736.474,314.374,3.794,7.208,1,1,1.0
83,53,665.699,244.852,4.574,5.289,1,1,1.0
83,54,734.502,396.974,4.856,4.639,1,1,1.0
84,1,49.152,391.468,5.743,4.985,1,1,1.0
84,2,55.376,103.081,5.317,8.465,1,1,1.0
84,3,9.522,245.686,5.664,9.910,1,1,1.0
84,4,15.189,57.481,4.800,8.166,1,1,1.0
84,5,54.831,393.119,6.864,4.595,1,1,1.0
84,7,78.240,132.855,3.823,9.490,1,1,1.0
84,9,81.743,117.664,3.982,8.801,1,1,1.0
84,11,145.525,216.021,3.959,7.630,1,1,1.0
84,12,163.456,80.775,4.164,9.584,1,1,1.0
84,14,141.006,329.303,4.664,9.387,1,1,1.0
84,16,139.933,216.714,4.647,7.245,1,1,1.0
84,17,157.548,121.680,4.383,9.274,1,1,1.0
84,18,189.634,124.783,4.035,9.032,1,1,1.0
84,19,208.477,175.636,4.249,8.103,1,1,1.0
84,23,290.365,280.568,8.100,11.418,1,1,1.0
84,24,276.375,259.799,5.743,5.035,1,1,1.0
84,25,337.328,363.520,4.236,8.357,1,1,1.0
84,26,291.528,394.711,8.668,4.467,1,1,1.0
84,27,337.278,317.273,4.668,7.340,1,1,1.0
84,28,404.159,144.527,3.962,8.280,1,1,1.0
84,31,439.882,177.797,6.385,8.561,1,1,1.0
84,32,473.359,50.013,4.208,8.040,1,1,1.0
84,33,405.582,290.284,4.417,7.302,1,1,1.0
84,34,416.128,395.969,6.215,5.325,1,1,1.0
84,38,472.367,189.525,4.084,9.686,1,1,1.0
84,39,539.550,230.489,5.862,7.798,1,1,1.0
84,40,546.258,253.792,4.631,9.398,1,1,1.0
84,42,552.479,395.342,7.571,6.410,1,1,1.0
84,44,574.983,203.845,4.886,8.322,1,1,1.0
84,45,548.977,324.118,4.328,9.564,1,1,1.0
84,46,579.059,174.511,6.218,7.549,1,1,1.0
84,48,666.624,130.776,4.045,8.550,1,1,1.0
84,49,681.592,390.035,5.274,8.941,1,1,1.0
84,50,698.895,165.296,5.905,8.295,1,1,1.0
84,51,715.280,280.587,4.282,8.604,1,1,1.0
84,52,736.449,313.673,3.659,7.442,1,1,1.0
84,53,666.607,245.484,4.968,4.803,1,1,1.0
84,54,734.304,396.551,4.982,4.582,1,1,1.0
85,1,48.309,391.136,6.355,5.361,1,1,1.0
85,2,56.900,98.864,4.778,8.967,1,1,1.0
85,3,11.568,245.762,4.800,8.166,1,1,1.0
85,4,14.155,54.894,4.800,8.166,1,1,1.0
85,5,56.745,392.688,7.016,4.650,1,1,1.0
85,7,78.691,132.406,3.766,9.019,1,1,1.0
85,9,81.603,114.255,4.012,8.287,1,1,1.0
85,11,145.664,215.827,3.908,7.698,1,1,1.0
85,12,162.719,77.609,4.094,9.537,1,1,1.0
85,14,140.614,328.861,4.810,9.297,1,1,1.0
85,16,140.072,216.728,4.393,7.282,1,1,1.0
85,17,157.299,118.276,4.060,9.139,1,1,1.0
85,18,189.961,121.440,3.872,9.048,1,1,1.0
85,19,207.054,173.490,4.569,7.931,1,1,1.0
85,23,317.372,243.163,8.961,12.285,1,1,1.0
85,24,277.612,257.658,6.380,6.743,1,1,1.0
85,25,337.784,366.828,3.627,8.556,1,1,1.0
85,26,290.681,394.809,9.106,4.418,1,1,1.0
85,27,338.313,314.498,4.578,7.982,1,1,1.0
85,28,404.158,140.801,3.951,8.404,1,1,1.0
85,31,440.785,176.394,6.219,8.385,1,1,1.0
85,32,473.566,47.318,3.987,8.726,1,1,1.0
85,33,405.498,287.549,4.358,6.941,1,1,1.0
85,34,422.608,366.361,7.644,12.152,1,1,1.0
85,38,472.362,187.464,4.002,9.396,1,1,1.0
85,39,538.467,228.384,5.671,8.026,1,1,1.0
85,40,546.072,252.285,4.568,9.097,1,1,1.0
85,42,552.594,395.343,7.465,6.473,1,1,1.0
85,44,576.546,200.385,4.663,8.534,1,1,1.0
85,45,549.391,320.998,4.279,9.425,1,1,1.0
85,46,577.191,172.959,5.620,7.076,1,1,1.0
85,48,666.995,131.036,3.732,9.094,1,1,1.0
85,49,680.616,390.453,6.374,7.465,1,1,1.0
85,50,700.486,162.012,6.196,8.783,1,1,1.0
85,51,715.015,280.251,4.179,8.754,1,1,1.0
85,52,736.294,312.912,3.798,7.313,1,1,1.0
85,53,667.511,245.877,4.961,4.800,1,1,1.0
85,54,733.374,396.216,5.300,4.637,1,1,1.0
86,1,47.478,391.044,6.307,5.898,1,1,1.0
86,2,58.458,94.446,4.663,9.104,1,1,1.0
86,3,13.120,246.279,4.800,8.166,1,1,1.0
86,4,14.931,54.894,4.800,8.166,1,1,1.0
86,5,57.632,392.215,7.493,5.066,1,1,1.0
86,7,78.767,131.894,4.041,9.273,1,1,1.0
86,9,81.713,110.163,3.844,8.539,1,1,1.0
86,11,145.733,215.765,3.877,7.667,1,1,1.0
86,12,162.751,74.454,3.977,9.246,1,1,1.0
86,14,140.588,327.142,4.829,9.459,1,1,1.0
86,16,140.127,216.725,4.455,7.205,1,1,1.0
86,17,157.340,114.383,3.911,8.938,1,1,1.0
86,18,190.710,119.293,4.467,8.120,1,1,1.0
86,19,206.268,170.701,4.536,8.526,1,1,1.0
86,23,328.340,207.021,5.636,8.496,1,1,1.0
86,24,279.855,254.736,5.093,7.255,1,1,1.0
86,25,337.544,369.617,3.894,8.394,1,1,1.0
86,26,290.672,394.923,9.043,4.369,1,1,1.0
86,27,339.253,310.470,4.290,8.506,1,1,1.0
86,28,404.076,137.383,4.067,8.499,1,1,1.0
86,31,441.590,175.728,6.025,7.988,1,1,1.0
86,32,473.219,44.545,4.232,8.271,1,1,1.0
86,33,405.107,285.304,4.194,6.738,1,1,1.0
86,34,433.143,335.874,7.850,9.815,1,1,1.0
86,38,472.294,185.005,3.931,9.408,1,1,1.0
86,39,537.380,226.668,5.837,7.894,1,1,1.0
86,40,546.133,250.353,4.521,9.313,1,1,1.0
86,42,552.548,395.324,7.588,6.507,1,1,1.0
86,44,577.626,196.355,5.029,8.921,1,1,1.0
86,45,550.093,318.141,4.755,8.823,1,1,1.0
86,46,575.408,170.497,5.664,7.179,1,1,1.0
86,48,666.825,131.099,3.874,8.977,1,1,1.0
86,49,679.730,390.667,7.205,5.668,1,1,1.0
86,50,702.021,159.108,5.067,8.773,1,1,1.0
86,51,704.148,270.023,8.021,9.124,1,1,1.0
86,52,736.138,312.976,3.750,7.408,1,1,1.0
86,53,668.873,246.535,5.481,4.917,1,1,1.0
86,54,732.662,395.964,5.172,4.681,1,1,1.0
87,1,46.526,391.146,7.237,5.955,1,1,1.0
87,2,59.342,91.087,4.600,8.602,1,1,1.0
87,3,16.600,242.032,4.555,5.875,1,1,1.0
87,4,14.672,53.083,4.800,8.166,1,1,1.0
87,5,58.745,392.175,7.701,5.417,1,1,1.0
87,7,78.757,130.541,4.068,9.564,1,1,1.0
87,9,81.823,106.206,3.974,8.900,1,1,1.0
87,11,145.685,215.740,3.919,7.725,1,1,1.0
87,12,162.298,71.421,4.112,9.137,1,1,1.0
87,14,140.330,326.209,5.370,9.686,1,1,1.0
87,16,140.121,216.611,4.515,7.398,1,1,1.0
87,17,156.915,111.001,3.730,9.005,1,1,1.0
87,18,192.141,116.491,4.939,8.362,1,1,1.0
87,19,205.332,168.915,5.241,7.348,1,1,1.0
87,23,313.643,207.617,5.782,6.949,1,1,1.0
87,24,280.699,251.698,5.585,8.053,1,1,1.0
87,25,336.873,372.557,4.485,9.188,1,1,1.0
87,26,283.268,387.358,9.486,7.064,1,1,1.0
87,27,339.411,307.108,4.282,8.590,1,1,1.0
87,28,404.056,133.412,4.148,8.326,1,1,1.0
87,31,441.879,175.558,6.014,7.904,1,1,1.0
87,32,473.746,41.117,4.021,8.837,1,1,1.0
87,33,404.771,282.825,4.368,6.735,1,1,1.0
87,34,436.083,332.490,7.318,5.732,1,1,1.0
87,38,472.111,182.859,4.011,9.321,1,1,1.0
87,39,536.426,224.616,5.516,8.189,1,1,1.0
87,40,545.042,249.295,4.893,8.473,1,1,1.0
87,42,552.540,395.326,7.612,6.517,1,1,1.0
87,44,578.716,194.254,4.801,8.716,1,1,1.0
87,45,550.538,315.156,4.971,9.468,1,1,1.0
87,46,573.335,168.861,5.976,7.618,1,1,1.0
87,48,666.768,130.988,3.914,8.908,1,1,1.0
87,49,678.857,390.129,7.234,5.298,1,1,1.0
87,50,702.669,155.306,4.608,9.151,1,1,1.0
87,51,678.001,239.128,6.757,9.192,1,1,1.0
87,52,736.560,310.673,3.667,7.319,1,1,1.0
87,53,671.673,247.278,5.234,4.915,1,1,1.0
87,54,732.146,395.425,5.221,5.176,1,1,1.0
88,1,45.251,391.646,8.326,5.677,1,1,1.0
88,2,60.630,87.734,4.572,8.936,1,1,1.0
88,3,17.105,238.578,3.767,6.395,1,1,1.0
88,4,14.413,53.859,4.800,8.166,1,1,1.0
88,5,59.560,392.100,7.853,5.118,1,1,1.0
88,7,78.613,128.391,4.199,8.909,1,1,1.0
88,9,81.968,102.385,4.069,9.086,1,1,1.0
88,11,146.227,214.275,3.854,7.556,1,1,1.0
88,12,162.369,67.666,3.918,9.389,1,1,1.0
88,14,140.918,325.823,5.012,9.394,1,1,1.0
88,16,139.852,216.795,4.619,6.679,1,1,1.0
88,17,156.644,106.995,4.068,9.305,1,1,1.0
88,18,193.794,114.454,5.361,8.001,1,1,1.0
88,19,203.085,168.551,5.550,5.392,1,1,1.0
88,23,304.691,225.534,6.439,9.761,1,1,1.0
88,24,282.014,248.689,5.196,7.889,1,1,1.0
88,25,337.321,375.773,4.290,8.493,1,1,1.0
88,26,281.440,386.699,6.760,6.741,1,1,1.0
88,27,339.378,302.959,4.156,8.950,1,1,1.0
88,28,404.297,130.055,4.159,8.589,1,1,1.0
88,31,441.994,175.582,5.901,7.917,1,1,1.0
88,32,473.950,37.359,3.936,8.799,1,1,1.0
88,33,405.027,280.504,4.432,7.145,1,1,1.0
88,34,434.843,332.324,7.760,5.993,1,1,1.0
88,38,472.139,181.366,4.025,9.277,1,1,1.0
88,39,536.432,222.675,5.050,7.743,1,1,1.0
88,40,543.991,247.949,5.380,8.838,1,1,1.0
88,42,552.588,395.381,7.506,6.378,1,1,1.0
88,44,579.726,191.135,5.057,8.818,1,1,1.0
88,45,551.763,312.766,4.457,9.070,1,1,1.0
88,46,571.249,166.800,6.548,7.643,1,1,1.0
88,48,666.566,130.889,3.701,8.571,1,1,1.0
88,49,677.419,389.800,7.032,4.788,1,1,1.0
88,50,702.883,151.281,4.339,9.186,1,1,1.0
88,51,665.764,225.062,4.333,4.655,1,1,1.0
88,52,736.426,308.458,3.720,7.631,1,1,1.0
88,53,672.107,248.056,5.925,4.513,1,1,1.0
88,54,731.081,395.252,5.936,5.085,1,1,1.0
89,1,44.235,391.620,7.695,5.275,1,1,1.0
89,2,61.541,83.829,4.381,8.260,1,1,1.0
89,3,17.303,235.505,3.934,7.932,1,1,1.0
89,4,15.966,53.859,4.800,8.166,1,1,1.0
89,5,60.136,392.127,7.889,4.980,1,1,1.0
89,7,78.812,126.810,4.089,8.863,1,1,1.0
89,9,81.763,98.590,3.818,8.683,1,1,1.0
89,11,144.666,210.928,4.269,9.882,1,1,1.0
89,12,161.516,65.072,3.962,9.473,1,1,1.0
89,14,140.898,325.518,5.266,9.515,1,1,1.0
89,15,139.077,217.540,4.450,6.418,1,1,1.0
89,16,139.263,216.792,4.624,7.372,1,1,1.0
89,17,156.200,103.834,3.777,9.423,1,1,1.0
89,18,194.890,111.429,5.518,8.466,1,1,1.0
89,19,200.481,168.458,6.573,4.680,1,1,1.0
89,23,311.206,262.776,7.965,12.340,1,1,1.0
89,24,283.206,245.496,5.683,8.223,1,1,1.0
89,25,337.476,378.560,4.099,8.509,1,1,1.0
89,26,283.052,392.044,4.855,8.060,1,1,1.0
89,27,339.077,299.825,4.132,9.198,1,1,1.0
89,28,404.094,126.498,4.217,8.453,1,1,1.0
89,31,442.341,175.210,5.735,7.849,1,1,1.0
89,32,474.364,35.506,3.932,7.523,1,1,1.0
89,33,405.211,278.468,4.797,7.055,1,1,1.0
89,34,434.612,330.401,6.594,7.202,1,1,1.0
89,38,472.294,178.983,4.013,9.214,1,1,1.0
89,39,535.457,220.349,4.819,8.135,1,1,1.0
89,40,543.186,246.822,5.089,8.520,1,1,1.0
89,42,552.676,395.436,7.375,6.405,1,1,1.0
89,44,581.484,187.100,4.306,8.891,1,1,1.0
89,45,552.406,310.212,4.714,9.073,1,1,1.0
89,46,569.184,164.688,6.639,7.957,1,1,1.0
89,48,666.207,130.724,3.825,8.655,1,1,1.0
89,49,676.195,388.201,6.447,5.156,1,1,1.0
89,50,702.191,148.006,4.313,9.098,1,1,1.0
89,51,666.275,224.679,4.268,5.107,1,1,1.0
89,52,736.317,307.737,3.798,7.909,1,1,1.0
89,53,672.025,248.299,5.972,4.492,1,1,1.0
89,54,729.787,395.025,5.918,4.839,1,1,1.0
90,1,43.945,391.639,7.798,5.368,1,1,1.0
90,2,62.686,80.628,4.314,8.420,1,1,1.0
90,3,17.386,233.238,3.735,9.530,1,1,1.0
90,4,13.637,54.118,4.800,8.166,1,1,1.0
90,5,60.124,392.166,7.976,5.070,1,1,1.0
90,7,79.004,126.363,4.054,8.935,1,1,1.0
90,9,82.088,94.097,3.927,8.662,1,1,1.0
90,11,144.240,207.717,4.240,8.395,1,1,1.0
90,12,161.156,63.095,3.970,9.378,1,1,1.0
90,14,140.657,324.934,5.365,9.460,1,1,1.0
90,16,139.154,217.770,4.470,6.131,1,1,1.0
90,17,156.018,101.214,3.942,9.505,1,1,1.0
90,18,196.724,108.792,5.381,8.122,1,1,1.0
90,19,197.836,168.963,7.007,4.199,1,1,1.0
90,23,314.985,267.523,4.459,8.628,1,1,1.0
90,24,283.807,242.707,5.105,8.457,1,1,1.0
90,25,337.589,380.970,3.833,8.553,1,1,1.0
90,26,282.254,391.123,4.600,8.701,1,1,1.0
90,27,338.797,297.485,3.942,8.867,1,1,1.0
90,28,404.168,123.360,4.341,7.972,1,1,1.0
90,31,443.056,174.185,5.128,7.737,1,1,1.0
90,32,473.896,34.601,4.388,5.848,1,1,1.0
90,33,405.691,276.561,4.839,7.025,1,1,1.0
90,34,434.837,327.609,4.728,8.817,1,1,1.0
90,38,472.199,177.273,3.969,9.309,1,1,1.0
90,39,535.485,218.237,4.772,7.972,1,1,1.0
90,40,542.226,246.079,5.150,8.278,1,1,1.0
90,42,552.625,395.477,7.447,6.452,1,1,1.0
90,44,581.674,183.719,4.550,9.014,1,1,1.0
90,45,553.261,308.044,4.402,9.201,1,1,1.0
90,46,566.541,162.595,6.666,7.695,1,1,1.0
90,48,666.156,130.185,3.866,8.623,1,1,1.0
90,49,674.693,387.299,6.406,5.338,1,1,1.0
90,50,700.693,144.072,4.482,9.218,1,1,1.0
90,51,666.304,224.645,4.250,5.648,1,1,1.0
90,52,736.802,306.913,3.655,7.461,1,1,1.0
90,53,672.263,248.485,5.964,4.498,1,1,1.0
90,54,728.487,394.317,6.026,4.954,1,1,1.0
91,1,43.889,391.603,7.865,5.400,1,1,1.0
91,2,62.808,76.859,4.283,9.084,1,1,1.0
91,3,17.425,229.945,4.082,10.775,1,1,1.0
91,4,15.189,53.859,4.800,8.166,1,1,1.0
91,5,60.145,392.184,7.953,5.059,1,1,1.0
91,7,71.938,118.202,8.093,10.532,1,1,1.0
91,9,81.962,91.476,3.986,9.043,1,1,1.0
91,11,143.210,203.541,4.372,8.930,1,1,1.0
91,12,160.942,61.343,3.990,9.600,1,1,1.0
91,14,140.966,323.102,5.591,9.202,1,1,1.0
91,16,139.668,217.327,4.341,6.400,1,1,1.0
91,17,155.177,97.967,3.686,8.799,1,1,1.0
91,18,197.949,106.163,5.214,8.169,1,1,1.0
91,19,195.944,168.858,7.046,4.483,1,1,1.0
91,23,314.643,266.965,4.514,8.454,1,1,1.0
91,24,285.260,239.691,5.064,8.209,1,1,1.0
91,25,336.733,382.885,4.051,8.515,1,1,1.0
91,26,281.549,388.423,4.466,9.283,1,1,1.0
91,27,338.649,295.333,4.083,8.860,1,1,1.0
91,28,403.856,119.228,4.500,8.396,1,1,1.0
91,31,446.536,168.309,5.135,7.740,1,1,1.0
91,32,473.596,29.901,4.937,8.406,1,1,1.0
91,33,406.322,274.999,5.235,6.616,1,1,1.0
91,34,434.566,324.391,4.809,9.149,1,1,1.0
91,38,472.279,175.166,4.205,9.595,1,1,1.0
91,39,535.133,216.629,4.905,7.877,1,1,1.0
91,40,541.480,244.697,5.164,8.070,1,1,1.0
91,42,552.647,395.386,7.455,6.579,1,1,1.0
91,44,582.612,181.671,4.527,9.014,1,1,1.0
91,45,553.630,305.199,4.828,9.358,1,1,1.0
91,46,565.021,160.790,6.460,7.861,1,1,1.0
91,48,666.249,130.050,4.227,8.710,1,1,1.0
91,49,673.051,385.948,6.108,5.022,1,1,1.0
91,50,699.451,140.904,4.912,9.587,1,1,1.0
91,51,666.437,224.263,4.387,5.824,1,1,1.0
91,52,736.647,304.937,3.595,7.663,1,1,1.0
91,53,673.391,249.576,6.367,4.752,1,1,1.0
91,54,727.083,393.872,6.048,5.110,1,1,1.0
92,1,43.903,391.595,7.914,5.426,1,1,1.0
92,2,63.380,73.785,4.651,10.036,1,1,1.0
92,3,17.320,225.898,4.094,10.030,1,1,1.0
92,4,13.896,52.825,4.800,8.166,1,1,1.0
92,5,60.066,392.191,8.013,5.089,1,1,1.0
92,7,57.539,81.573,6.642,13.391,1,1,1.0
92,9,81.790,90.761,4.161,9.139,1,1,1.0
92,11,142.535,199.975,4.315,8.879,1,1,1.0
92,12,160.544,60.545,3.959,9.255,1,1,1.0
92,14,141.671,321.738,5.211,9.699,1,1,1.0
92,16,139.633,217.422,4.363,6.226,1,1,1.0
92,17,154.639,93.992,4.134,9.010,1,1,1.0
92,18,199.614,103.887,4.689,7.771,1,1,1.0
92,19,193.325,168.582,7.420,4.504,1,1,1.0
92,23,314.244,265.726,4.458,8.651,1,1,1.0
92,24,286.159,235.859,4.598,9.045,1,1,1.0
92,25,337.040,385.543,4.077,8.673,1,1,1.0
92,26,280.800,385.791,4.311,9.338,1,1,1.0
92,27,338.647,293.420,4.050,8.716,1,1,1.0
92,28,404.232,115.366,4.124,8.868,1,1,1.0
92,31,458.461,136.753,10.060,10.523,1,1,1.0
92,32,472.564,29.131,5.991,6.552,1,1,1.0
92,33,407.146,273.905,5.487,5.926,1,1,1.0
92,34,434.884,320.773,4.521,9.589,1,1,1.0
92,38,471.929,173.076,4.228,9.473,1,1,1.0
92,39,535.006,213.979,4.641,8.332,1,1,1.0
92,40,540.388,242.752,5.670,8.155,1,1,1.0
92,42,552.599,395.400,7.537,6.668,1,1,1.0
92,44,583.126,179.941,4.423,9.424,1,1,1.0
92,45,554.678,302.531,4.588,9.080,1,1,1.0
92,46,563.344,158.704,6.615,7.859,1,1,1.0
92,48,690.123,113.008,9.777,10.264,1,1,1.0
92,49,671.567,384.687,6.488,5.050,1,1,1.0
92,50,698.119,137.654,5.134,9.477,1,1,1.0
92,51,666.195,224.578,4.396,5.475,1,1,1.0
92,52,736.135,303.980,3.841,8.094,1,1,1.0
92,53,674.496,250.080,6.533,5.025,1,1,1.0
92,54,726.297,392.955,6.416,5.155,1,1,1.0
93,1,43.973,391.565,7.879,5.338,1,1,1.0
93,2,63.924,71.352,4.911,9.476,1,1,1.0
93,3,17.259,222.235,4.069,10.230,1,1,1.0
93,4,14.413,52.566,4.800,8.166,1,1,1.0
93,5,60.112,392.145,7.475,5.165,1,1,1.0
93,7,50.834,34.405,6.490,14.076,1,1,1.0
93,9,81.691,90.772,4.050,8.863,1,1,1.0
93,11,141.957,196.575,4.350,8.712,1,1,1.0
93,12,158.775,59.333,5.214,8.914,1,1,1.0
93,14,142.263,321.067,5.138,9.667,1,1,1.0
93,16,139.608,217.452,4.359,6.215,1,1,1.0
93,17,154.551,90.038,3.716,9.344,1,1,1.0
93,18,200.544,101.147,4.644,8.343,1,1,1.0
93,19,190.663,167.514,8.030,4.821,1,1,1.0
93,23,313.910,264.354,4.428,8.707,1,1,1.0
93,24,286.355,232.776,4.536,8.771,1,1,1.0
93,25,337.361,387.820,4.069,8.773,1,1,1.0
93,26,280.464,382.759,4.413,9.325,1,1,1.0
93,27,338.217,290.554,4.237,8.605,1,1,1.0
93,28,404.112,111.584,4.414,8.522,1,1,1.0
93,31,467.303,114.211,6.038,4.715,1,1,1.0
93,33,407.827,272.822,6.364,6.026,1,1,1.0
93,34,435.039,317.082,4.464,9.833,1,1,1.0
93,38,472.090,171.474,4.180,9.338,1,1,1.0
93,39,534.551,211.648,4.577,8.950,1,1,1.0
93,40,539.469,240.982,5.506,8.707,1,1,1.0
93,42,552.522,395.480,7.625,6.826,1,1,1.0
93,44,583.772,178.183,4.276,9.113,1,1,1.0
93,45,555.056,299.564,4.826,9.487,1,1,1.0
93,46,562.765,156.645,5.769,7.716,1,1,1.0
93,48,709.510,93.581,4.574,8.573,1,1,1.0
93,49,670.623,383.587,5.107,5.318,1,1,1.0
93,50,697.329,134.466,4.775,9.260,1,1,1.0
93,51,666.201,224.489,4.269,5.399,1,1,1.0
93,52,736.257,302.479,3.928,7.476,1,1,1.0
93,53,674.973,250.642,6.616,5.056,1,1,1.0
93,54,725.628,391.296,6.416,6.128,1,1,1.0
94,1,44.011,391.553,7.775,5.347,1,1,1.0
94,2,63.542,69.957,4.175,8.705,1,1,1.0
94,3,17.295,219.204,3.626,9.832,1,1,1.0
94,4,14.155,52.307,4.800,8.166,1,1,1.0
94,5,60.279,392.044,6.994,5.133,1,1,1.0
94,9,81.669,90.719,3.960,8.837,1,1,1.0
94,11,141.522,193.667,4.398,8.986,1,1,1.0
94,12,157.034,58.037,5.795,7.901,1,1,1.0
94,14,142.414,320.573,4.978,9.639,1,1,1.0
94,16,139.683,217.557,4.197,6.130,1,1,1.0
94,17,155.008,86.278,3.728,9.261,1,1,1.0
94,18,201.726,98.993,4.680,7.652,1,1,1.0
94,19,189.107,165.681,7.260,5.928,1,1,1.0
94,23,313.750,262.377,4.269,8.897,1,1,1.0
94,24,286.462,228.782,4.318,8.701,1,1,1.0
94,25,337.257,390.155,4.098,8.988,1,1,1.0
94,26,279.901,380.096,4.596,9.597,1,1,1.0
94,27,338.048,287.675,4.396,8.483,1,1,1.0
94,28,404.862,108.284,4.194,8.823,1,1,1.0
94,31,466.168,116.638,5.299,4.895,1,1,1.0
94,33,409.522,272.729,6.511,5.192,1,1,1.0
94,34,435.739,312.789,4.440,9.929,1,1,1.0
94,38,472.106,169.400,4.211,9.444,1,1,1.0
94,39,534.803,209.085,4.502,8.403,1,1,1.0
94,40,538.810,239.093,5.248,8.023,1,1,1.0
94,42,552.601,395.539,7.537,6.793,1,1,1.0
94,44,584.317,176.159,4.401,9.438,1,1,1.0
94,45,555.648,297.704,4.748,8.915,1,1,1.0
94,46,561.684,153.625,5.340,8.196,1,1,1.0
94,48,710.533,81.322,4.852,6.212,1,1,1.0
94,49,669.039,382.376,5.404,5.128,1,1,1.0
94,50,696.589,130.239,4.615,9.160,1,1,1.0
94,51,666.070,222.558,4.240,6.925,1,1,1.0
94,52,736.270,299.825,3.722,7.966,1,1,1.0
94,53,676.281,251.832,6.708,4.869,1,1,1.0
94,54,725.647,388.305,5.085,7.504,1,1,1.0
95,1,38.836,364.206,5.267,8.183,1,1,1.0
95,2,63.123,67.436,4.078,8.902,1,1,1.0
95,3,17.144,215.538,3.745,10.315,1,1,1.0
95,4,14.413,52.307,4.800,8.166,1,1,1.0
95,5,60.271,392.146,6.722,5.355,1,1,1.0
95,9,81.399,90.732,4.062,8.808,1,1,1.0
95,11,140.894,190.359,4.481,8.384,1,1,1.0
95,12,156.251,56.724,5.710,7.461,1,1,1.0
95,14,142.329,320.188,4.949,9.152,1,1,1.0
95,16,139.870,217.579,4.252,6.255,1,1,1.0
95,17,155.460,82.831,3.511,9.159,1,1,1.0
95,18,202.802,95.521,4.593,8.222,1,1,1.0
95,19,188.977,162.092,5.675,8.150,1,1,1.0
95,23,313.836,258.755,4.108,8.951,1,1,1.0
95,24,286.567,225.247,4.232,8.940,1,1,1.0
95,25,337.612,389.119,4.186,9.684,1,1,1.0
95,26,280.209,378.570,4.525,9.665,1,1,1.0
95,27,337.910,284.262,4.458,8.735,1,1,1.0
95,28,404.873,104.723,4.392,8.788,1,1,1.0
95,31,471.550,115.737,6.652,4.968,1,1,1.0
95,33,411.251,272.074,6.870,5.145,1,1,1.0
95,34,436.663,309.363,4.478,8.860,1,1,1.0
95,38,472.142,166.568,4.208,9.614,1,1,1.0
95,39,535.161,205.900,4.288,8.659,1,1,1.0
95,40,538.085,237.374,5.034,8.234,1,1,1.0
95,42,552.500,395.502,7.612,6.909,1,1,1.0
95,44,585.064,173.748,4.226,9.069,1,1,1.0
95,45,556.390,295.122,4.817,9.164,1,1,1.0
95,46,560.888,150.797,4.979,8.131,1,1,1.0
95,48,709.549,80.382,4.842,9.002,1,1,1.0
95,49,667.648,381.364,5.255,4.953,1,1,1.0
95,50,695.544,126.193,4.631,9.386,1,1,1.0
95,51,666.873,219.678,3.970,7.624,1,1,1.0
95,52,735.679,298.727,4.064,8.556,1,1,1.0
95,53,676.952,252.734,6.804,4.961,1,1,1.0
95,54,725.720,386.188,4.419,8.031,1,1,1.0
96,1,52.785,367.843,8.210,6.384,1,1,1.0
96,2,60.958,66.141,5.082,7.803,1,1,1.0
96,3,16.454,213.665,3.986,8.209,1,1,1.0
96,4,13.896,53.859,4.800,8.166,1,1,1.0
96,5,60.273,392.200,7.003,5.572,1,1,1.0
96,7,50.664,39.511,6.700,7.258,1,1,1.0
96,9,81.269,89.833,4.049,8.548,1,1,1.0
96,11,139.985,187.173,3.950,8.461,1,1,1.0
96,12,154.278,54.910,5.917,7.368,1,1,1.0
96,14,142.234,318.983,4.898,9.464,1,1,1.0
96,16,139.915,217.610,4.210,6.242,1,1,1.0
96,17,155.860,79.343,3.679,8.882,1,1,1.0
96,18,204.279,92.588,4.095,8.462,1,1,1.0
96,19,189.969,159.489,4.222,8.630,1,1,1.0
96,23,313.012,255.993,4.079,9.163,1,1,1.0
96,24,286.561,221.558,4.433,9.090,1,1,1.0
96,25,337.793,388.796,4.601,9.201,1,1,1.0
96,26,280.920,378.647,5.089,9.060,1,1,1.0
96,27,336.983,282.134,4.556,8.431,1,1,1.0
96,28,404.871,101.611,4.688,8.857,1,1,1.0
96,31,469.930,122.668,4.272,8.320,1,1,1.0
96,33,413.229,270.783,7.396,4.881,1,1,1.0
96,34,437.510,305.730,5.103,8.874,1,1,1.0
96,38,472.037,165.406,4.188,9.616,1,1,1.0
96,39,535.333,202.970,4.245,8.658,1,1,1.0
96,40,537.658,236.259,4.884,7.994,1,1,1.0
96,42,552.449,395.439,7.659,6.937,1,1,1.0
96,44,585.298,171.895,4.244,8.577,1,1,1.0
96,45,557.265,291.005,4.649,9.496,1,1,1.0
96,46,559.821,148.083,5.008,8.460,1,1,1.0
96,48,709.479,79.455,4.829,9.097,1,1,1.0
96,49,666.476,379.954,5.421,5.146,1,1,1.0
96,50,694.681,122.124,4.485,9.138,1,1,1.0
96,51,667.013,217.032,3.715,8.188,1,1,1.0
96,52,736.031,297.146,3.880,7.927,1,1,1.0
96,53,677.988,253.381,7.027,5.751,1,1,1.0
96,54,725.872,384.244,4.273,8.315,1,1,1.0
97,1,53.106,372.354,4.048,8.425,1,1,1.0
97,2,59.310,63.680,5.333,8.205,1,1,1.0
97,3,14.155,211.778,4.800,8.166,1,1,1.0
97,4,14.672,52.825,4.800,8.166,1,1,1.0
97,5,60.414,392.214,6.688,5.318,1,1,1.0
97,7,50.571,38.451,8.337,5.622,1,1,1.0
97,9,81.250,87.092,3.962,8.763,1,1,1.0
97,11,139.774,183.861,4.188,8.584,1,1,1.0
97,12,153.235,52.434,5.674,7.635,1,1,1.0
97,14,142.845,317.201,4.951,9.475,1,1,1.0
97,16,139.881,217.632,4.218,6.156,1,1,1.0
97,17,155.928,75.669,4.281,9.184,1,1,1.0
97,18,204.998,89.406,3.919,8.495,1,1,1.0
97,19,190.482,156.011,3.880,9.013,1,1,1.0
97,23,312.892,253.568,4.093,9.104,1,1,1.0
97,24,286.735,217.680,4.411,9.335,1,1,1.0
97,25,337.915,389.154,5.062,8.016,1,1,1.0
97,26,282.156,379.051,5.772,6.741,1,1,1.0
97,27,335.356,280.471,5.201,7.783,1,1,1.0
97,28,405.094,97.787,4.283,9.005,1,1,1.0
97,31,465.614,127.501,5.690,5.104,1,1,1.0
97,33,415.369,269.685,7.477,5.225,1,1,1.0
97,34,438.891,302.475,4.662,8.835,1,1,1.0
97,38,472.272,163.839,4.183,9.499,1,1,1.0
97,39,535.147,199.317,4.163,9.156,1,1,1.0
97,40,537.291,234.522,4.872,8.263,1,1,1.0
97,42,552.547,395.339,7.534,6.343,1,1,1.0
97,44,585.626,170.251,4.021,9.001,1,1,1.0
97,45,557.928,287.721,4.318,8.811,1,1,1.0
97,46,558.618,145.780,5.137,8.145,1,1,1.0
97,48,709.699,78.349,4.728,9.118,1,1,1.0
97,49,665.622,379.441,4.800,5.302,1,1,1.0
97,50,693.923,117.892,4.359,9.562,1,1,1.0
97,51,666.577,214.184,3.845,8.535,1,1,1.0
97,52,735.773,295.246,4.049,8.298,1,1,1.0
97,53,678.609,254.676,6.567,7.186,1,1,1.0
97,54,726.248,382.976,4.244,8.095,1,1,1.0
98,1,47.904,390.411,5.272,6.381,1,1,1.0
98,2,57.888,61.453,5.462,8.031,1,1,1.0
98,3,13.379,202.207,4.800,8.166,1,1,1.0
98,4,16.224,53.083,4.800,8.166,1,1,1.0
98,5,59.864,391.891,7.141,5.526,1,1,1.0
98,7,49.793,37.865,8.687,6.088,1,1,1.0
98,9,81.156,85.638,4.119,8.769,1,1,1.0
98,11,139.947,180.374,3.963,8.542,1,1,1.0
98,12,152.653,49.847,5.159,8.199,1,1,1.0
98,14,143.433,316.540,5.189,8.974,1,1,1.0
98,16,139.814,217.635,4.251,6.126,1,1,1.0
98,17,156.648,72.539,4.050,8.997,1,1,1.0
98,18,205.758,85.643,4.241,8.814,1,1,1.0
98,19,190.571,152.899,3.967,9.053,1,1,1.0
98,23,312.356,250.704,4.344,8.999,1,1,1.0
98,24,287.028,213.662,4.243,9.212,1,1,1.0
98,25,338.150,389.515,4.938,7.851,1,1,1.0
98,26,283.512,378.268,7.492,6.698,1,1,1.0
98,27,333.599,278.945,5.464,7.183,1,1,1.0
98,28,404.990,94.078,4.374,9.019,1,1,1.0
98,31,464.750,136.231,5.131,10.374,1,1,1.0
98,33,417.444,268.195,7.563,6.095,1,1,1.0
98,34,439.117,298.722,4.228,9.595,1,1,1.0
98,38,472.310,162.603,4.008,9.192,1,1,1.0
98,39,534.997,195.947,4.487,8.654,1,1,1.0
98,40,536.676,233.050,4.803,8.230,1,1,1.0
98,42,551.664,395.311,8.289,6.359,1,1,1.0
98,44,585.511,169.947,4.068,9.248,1,1,1.0
98,45,558.323,284.660,4.329,9.099,1,1,1.0
98,46,556.438,143.618,5.335,8.238,1,1,1.0
98,48,710.459,76.684,4.602,8.997,1,1,1.0
98,49,665.266,379.122,4.603,5.031,1,1,1.0
98,50,693.158,114.332,4.348,9.052,1,1,1.0
98,51,666.571,211.868,3.884,8.540,1,1,1.0
98,52,735.018,294.290,4.096,7.705,1,1,1.0
98,53,680.409,258.509,5.902,6.901,1,1,1.0
98,54,727.103,381.819,4.112,8.285,1,1,1.0
99,1,46.225,392.945,6.217,5.080,1,1,1.0
99,2,55.628,58.250,5.602,8.114,1,1,1.0
99,3,13.120,196.775,4.800,8.166,1,1,1.0
99,5,60.190,392.077,7.008,5.057,1,1,1.0
99,7,49.761,38.016,8.557,5.627,1,1,1.0
99,9,81.255,83.447,3.896,8.889,1,1,1.0
99,11,139.556,176.881,3.973,8.262,1,1,1.0
99,12,152.170,48.231,5.244,8.282,1,1,1.0
99,14,143.201,315.778,5.282,9.076,1,1,1.0
99,16,139.735,217.630,4.303,6.105,1,1,1.0
99,17,157.172,69.952,3.874,9.150,1,1,1.0
99,18,206.055,82.375,4.027,9.018,1,1,1.0
99,19,191.316,149.518,3.664,9.197,1,1,1.0
99,23,312.228,246.867,4.409,9.171,1,1,1.0
99,24,287.705,209.989,4.199,9.499,1,1,1.0
99,25,339.353,391.349,4.578,6.858,1,1,1.0
99,26,286.011,378.220,7.975,5.643,1,1,1.0
99,27,331.917,276.995,5.532,7.399,1,1,1.0
99,28,404.757,90.553,4.330,8.915,1,1,1.0
99,31,460.524,158.975,8.704,6.897,1,1,1.0
99,33,419.298,266.065,6.822,6.537,1,1,1.0
99,34,439.030,294.989,4.036,9.136,1,1,1.0
99,38,472.797,161.132,3.564,9.366,1,1,1.0
99,39,535.203,192.526,4.181,8.613,1,1,1.0
99,40,536.376,232.252,4.845,7.992,1,1,1.0
99,42,552.024,394.926,8.008,6.670,1,1,1.0
99,44,585.626,169.916,4.139,9.127,1,1,1.0
99,45,558.436,281.581,4.491,9.284,1,1,1.0
99,46,555.087,140.353,4.801,7.925,1,1,1.0
99,48,710.816,73.958,4.648,9.222,1,1,1.0
99,49,664.432,380.020,4.711,4.999,1,1,1.0
99,50,692.587,110.532,4.329,9.124,1,1,1.0
99,51,666.441,209.799,3.743,8.570,1,1,1.0
99,52,735.263,293.616,4.092,7.946,1,1,1.0
99,53,682.467,260.133,5.725,7.317,1,1,1.0
99,54,727.401,380.100,4.407,8.400,1,1,1.0
100,1,46.438,392.804,6.243,5.101,1,1,1.0
100,2,54.153,55.335,5.462,8.163,1,1,1.0
100,3,13.896,197.292,4.800,8.166,1,1,1.0
100,5,60.182,392.143,7.078,4.986,1,1,1.0
100,7,49.993,38.086,8.388,5.561,1,1,1.0
100,9,81.396,80.472,3.972,8.566,1,1,1.0
100,11,139.632,173.794,3.916,8.075,1,1,1.0
100,12,152.710,46.389,4.337,9.230,1,1,1.0
100,14,143.728,314.021,5.278,9.286,1,1,1.0
100,16,139.734,217.618,4.324,6.145,1,1,1.0
100,17,157.855,67.007,4.163,8.993,1,1,1.0
100,18,206.469,79.466,4.215,9.084,1,1,1.0
100,19,192.109,146.936,3.449,9.320,1,1,1.0
100,23,311.194,242.839,4.510,8.939,1,1,1.0
100,24,287.584,206.441,4.222,9.290,1,1,1.0
100,25,339.912,391.460,4.976,6.686,1,1,1.0
100,26,288.081,377.812,8.585,5.581,1,1,1.0
100,27,330.565,275.703,5.398,7.275,1,1,1.0
100,28,404.470,87.601,4.148,9.202,1,1,1.0
100,31,419.835,171.108,17.012,7.553,1,1,1.0
100,33,421.074,262.851,6.752,7.357,1,1,1.0
100,34,438.398,290.796,4.099,9.001,1,1,1.0
100,38,471.923,159.989,4.956,7.525,1,1,1.0
100,39,535.181,189.225,4.266,8.717,1,1,1.0
100,40,536.024,230.609,4.594,7.682,1,1,1.0
100,42,551.864,395.246,8.043,6.399,1,1,1.0
100,44,585.492,169.949,4.231,9.195,1,1,1.0
100,45,559.005,278.711,4.612,9.324,1,1,1.0
100,46,552.986,137.225,4.938,8.129,1,1,1.0
100,48,710.890,71.119,4.938,9.515,1,1,1.0
100,49,664.232,380.825,4.776,5.180,1,1,1.0
100,50,692.506,106.707,4.436,9.069,1,1,1.0
100,51,666.482,209.805,3.752,8.597,1,1,1.0
100,52,734.799,292.037,4.310,7.945,1,1,1.0
100,53,683.699,262.834,6.135,7.567,1,1,1.0
100,54,728.249,378.107,4.517,8.458,1,1,1.0
101,1,45.741,392.781,6.369,5.046,1,1,1.0
101,2,51.479,51.847,5.440,8.202,1,1,1.0
101,3,13.379,197.551,4.800,8.166,1,1,1.0
101,5,60.292,392.164,6.924,5.009,1,1,1.0
101,7,50.823,36.733,6.478,7.325,1,1,1.0
101,9,81.475,77.017,3.846,8.814,1,1,1.0
101,11,139.403,171.764,4.036,8.629,1,1,1.0
101,12,153.009,44.117,5.326,8.743,1,1,1.0
101,14,144.826,312.918,5.222,8.900,1,1,1.0
101,16,139.761,217.586,4.269,6.191,1,1,1.0
101,17,158.191,63.694,3.984,9.356,1,1,1.0
101,18,206.647,76.154,3.964,9.317,1,1,1.0
101,19,192.901,143.803,3.842,9.183,1,1,1.0
101,23,311.043,238.900,4.544,8.675,1,1,1.0
101,24,287.993,202.815,4.212,9.221,1,1,1.0
101,25,340.361,392.268,4.613,6.158,1,1,1.0
101,26,291.522,377.037,8.684,5.576,1,1,1.0
101,27,329.235,274.088,5.754,7.482,1,1,1.0
101,28,404.210,84.616,4.313,8.979,1,1,1.0
101,31,411.500,184.420,8.102,5.562,1,1,1.0
101,33,423.158,259.770,6.757,8.073,1,1,1.0
101,34,437.630,286.963,4.168,9.240,1,1,1.0
101,38,472.413,157.241,4.062,8.471,1,1,1.0
101,39,534.969,185.791,4.213,8.958,1,1,1.0
101,40,535.478,229.083,4.319,7.488,1,1,1.0
101,42,551.990,395.265,7.959,6.345,1,1,1.0
101,44,585.587,169.470,4.230,9.018,1,1,1.0
101,45,559.883,276.184,4.458,9.174,1,1,1.0
101,46,551.941,133.897,4.642,8.515,1,1,1.0
101,48,711.593,68.621,4.496,9.409,1,1,1.0
101,49,664.415,381.626,4.489,4.920,1,1,1.0
101,50,692.326,102.685,4.176,9.113,1,1,1.0
101,51,666.505,209.786,3.784,8.530,1,1,1.0
101,52,734.000,290.536,4.207,7.750,1,1,1.0
101,53,686.215,265.213,5.796,7.224,1,1,1.0
101,54,728.717,376.502,4.567,8.244,1,1,1.0
102,1,45.664,392.716,6.358,5.177,1,1,1.0
102,2,50.218,48.515,5.106,8.476,1,1,1.0
102,3,11.568,193.930,4.800,8.166,1,1,1.0
102,5,60.304,392.149,6.860,5.075,1,1,1.0
102,7,50.848,33.162,4.649,9.025,1,1,1.0
102,9,81.627,74.758,3.786,8.686,1,1,1.0
102,11,139.612,170.507,4.111,8.215,1,1,1.0
102,12,154.503,42.226,5.437,8.565,1,1,1.0
102,14,144.914,312.129,5.379,9.199,1,1,1.0
102,16,139.705,217.560,4.312,6.248,1,1,1.0
102,17,158.586,61.206,3.888,9.355,1,1,1.0
102,18,206.325,73.467,4.067,9.363,1,1,1.0
102,19,193.370,140.012,4.329,8.919,1,1,1.0
102,23,309.857,235.032,4.545,9.027,1,1,1.0
102,24,287.834,199.066,4.230,8.822,1,1,1.0
102,25,340.877,392.547,4.466,6.239,1,1,1.0
102,26,293.915,376.585,8.212,5.062,1,1,1.0
102,27,328.143,273.062,5.743,7.259,1,1,1.0
102,28,404.049,81.460,4.280,8.479,1,1,1.0
102,31,405.258,194.505,4.471,5.937,1,1,1.0
102,33,424.595,257.554,6.803,7.792,1,1,1.0
102,34,437.122,282.480,4.194,9.336,1,1,1.0
102,38,472.288,155.509,4.371,9.159,1,1,1.0
102,39,535.431,182.085,4.521,9.022,1,1,1.0
102,40,535.259,228.205,4.195,6.897,1,1,1.0
102,42,551.993,395.267,7.906,6.267,1,1,1.0
102,44,586.011,166.693,4.175,9.026,1,1,1.0
102,45,560.555,273.517,4.234,9.575,1,1,1.0
102,46,550.136,130.858,4.781,8.186,1,1,1.0
102,48,711.340,65.807,4.663,9.325,1,1,1.0
102,49,664.818,382.235,4.525,5.017,1,1,1.0
102,50,692.354,98.879,4.238,8.969,1,1,1.0
102,51,666.577,209.756,3.749,8.503,1,1,1.0
102,52,733.854,290.537,4.301,7.743,1,1,1.0
102,53,688.625,267.999,6.160,7.223,1,1,1.0
102,54,728.952,374.482,4.514,8.238,1,1,1.0
103,1,45.577,392.752,6.482,5.162,1,1,1.0
103,2,48.493,44.996,5.076,8.488,1,1,1.0
103,3,12.085,191.860,4.800,8.166,1,1,1.0
103,5,60.370,392.127,6.813,5.063,1,1,1.0
103,7,48.749,28.024,4.779,10.421,1,1,1.0
103,9,81.396,72.038,3.847,8.818,1,1,1.0
103,11,139.907,168.771,3.958,8.046,1,1,1.0
103,12,156.189,39.686,5.896,9.030,1,1,1.0
103,14,144.682,310.934,5.605,8.794,1,1,1.0
103,16,139.703,217.614,4.338,6.208,1,1,1.0
103,17,158.123,58.731,4.107,9.190,1,1,1.0
103,18,205.375,70.526,4.269,8.807,1,1,1.0
103,19,194.726,135.825,4.041,8.864,1,1,1.0
103,23,309.387,230.491,4.379,9.103,1,1,1.0
103,24,288.184,194.659,4.271,9.536,1,1,1.0
103,25,341.096,392.984,4.362,6.107,1,1,1.0
103,26,297.124,375.253,8.122,5.472,1,1,1.0
103,27,327.427,270.467,5.361,7.610,1,1,1.0
103,28,403.597,78.462,4.392,8.484,1,1,1.0
103,31,404.941,194.642,4.565,8.100,1,1,1.0
103,33,425.424,256.335,6.947,7.683,1,1,1.0
103,34,437.411,278.894,3.946,9.226,1,1,1.0
103,38,471.870,152.843,4.368,9.151,1,1,1.0
103,39,535.380,179.155,4.312,9.079,1,1,1.0
103,40,535.134,228.771,4.281,5.982,1,1,1.0
103,42,551.693,395.244,8.189,6.318,1,1,1.0
103,44,586.258,163.172,3.932,9.044,1,1,1.0
103,45,561.534,270.789,4.540,9.428,1,1,1.0
103,46,549.506,127.694,4.528,8.233,1,1,1.0
103,48,711.432,63.242,4.634,9.097,1,1,1.0
103,49,665.026,383.433,4.815,4.657,1,1,1.0
103,50,692.256,94.830,4.196,9.319,1,1,1.0
103,51,665.912,209.906,4.279,6.405,1,1,1.0
103,52,733.544,289.430,4.434,7.662,1,1,1.0
103,53,690.450,270.255,7.676,4.807,1,1,1.0
103,54,729.718,373.053,4.369,7.953,1,1,1.0
104,1,45.562,392.776,6.534,5.154,1,1,1.0
104,2,47.205,41.026,5.164,8.598,1,1,1.0
104,3,12.085,187.980,4.800,8.166,1,1,1.0
104,5,60.449,392.135,6.820,5.028,1,1,1.0
104,7,48.763,28.194,4.738,8.488,1,1,1.0
104,9,81.424,68.496,3.768,9.003,1,1,1.0
104,11,139.866,166.139,4.145,8.059,1,1,1.0
104,12,158.222,37.917,6.368,8.506,1,1,1.0
104,14,145.584,308.833,5.618,9.220,1,1,1.0
104,16,139.681,217.608,4.288,6.125,1,1,1.0
104,17,158.693,55.811,4.306,9.162,1,1,1.0
104,18,205.245,67.445,4.207,8.877,1,1,1.0
104,19,195.748,131.977,4.135,8.853,1,1,1.0
104,23,308.942,227.514,4.438,8.656,1,1,1.0
104,24,288.221,190.896,4.245,9.312,1,1,1.0
104,25,341.501,393.531,4.036,5.530,1,1,1.0
104,26,300.312,374.285,8.496,5.889,1,1,1.0
104,27,328.088,268.002,4.323,9.480,1,1,1.0
104,28,403.414,75.551,4.519,8.524,1,1,1.0
104,31,404.734,194.240,4.704,8.449,1,1,1.0
104,33,426.328,256.447,7.337,7.305,1,1,1.0
104,34,437.624,274.751,4.184,9.191,1,1,1.0
104,38,472.038,150.692,4.355,8.831,1,1,1.0
104,39,535.181,176.146,4.252,8.861,1,1,1.0
104,40,535.114,229.053,4.337,6.001,1,1,1.0
104,42,551.594,395.314,8.277,6.368,1,1,1.0
104,44,586.670,160.232,3.885,9.068,1,1,1.0
104,45,562.186,268.051,4.655,9.092,1,1,1.0
104,46,547.563,124.962,5.107,8.428,1,1,1.0
104,48,711.401,60.726,4.336,9.336,1,1,1.0
104,49,666.217,383.861,5.244,4.643,1,1,1.0
104,50,692.680,91.045,4.210,9.307,1,1,1.0
104,51,664.833,209.424,4.225,6.092,1,1,1.0
104,52,733.504,288.672,4.527,7.788,1,1,1.0
104,53,693.520,271.567,8.094,4.681,1,1,1.0
104,54,730.188,371.570,4.475,8.177,1,1,1.0
105,1,46.106,392.739,6.475,5.171,1,1,1.0
105,2,45.695,38.052,5.348,8.721,1,1,1.0
105,3,13.120,185.393,4.800,8.166,1,1,1.0
105,5,60.417,392.127,6.622,4.974,1,1,1.0
105,9,81.422,65.242,4.033,8.785,1,1,1.0
105,11,139.926,162.961,4.671,8.151,1,1,1.0
105,12,159.852,36.635,6.524,7.766,1,1,1.0
105,14,146.318,307.830,5.577,9.459,1,1,1.0
105,16,139.703,217.616,4.339,6.133,1,1,1.0
105,17,158.543,53.087,4.555,8.836,1,1,1.0
105,18,204.399,64.461,4.278,8.894,1,1,1.0
105,19,196.390,128.064,4.214,9.164,1,1,1.0
105,23,308.426,225.205,4.474,8.915,1,1,1.0
105,24,288.071,187.015,4.111,9.264,1,1,1.0
105,25,341.267,393.768,4.133,5.236,1,1,1.0
105,26,303.817,373.511,8.452,5.400,1,1,1.0
105,27,328.804,266.055,4.387,9.009,1,1,1.0
105,28,403.409,72.477,4.272,9.199,1,1,1.0
105,31,405.296,191.864,4.457,8.670,1,1,1.0
105,33,427.470,255.991,7.725,7.152,1,1,1.0
105,34,439.035,270.847,4.694,9.145,1,1,1.0
105,38,471.794,148.470,4.474,9.061,1,1,1.0
105,39,535.159,173.034,4.271,8.794,1,1,1.0
105,40,535.102,229.071,4.375,6.005,1,1,1.0
105,42,551.664,395.113,8.248,6.423,1,1,1.0
105,44,586.197,156.758,4.235,9.226,1,1,1.0
105,45,562.914,265.654,4.641,8.925,1,1,1.0
105,46,545.431,122.444,5.733,7.206,1,1,1.0
105,48,711.388,57.631,4.472,9.612,1,1,1.0
105,49,666.992,384.738,5.671,4.841,1,1,1.0
105,50,692.404,87.043,4.137,9.608,1,1,1.0
105,51,665.186,208.320,4.406,5.921,1,1,1.0
105,52,733.459,287.987,4.539,8.003,1,1,1.0
105,53,696.594,272.211,8.651,5.261,1,1,1.0
105,54,730.687,369.946,4.614,8.501,1,1,1.0
106,1,43.935,391.993,7.869,5.058,1,1,1.0
106,2,44.554,35.359,5.291,8.687,1,1,1.0
106,3,11.309,181.772,4.800,8.166,1,1,1.0
106,5,60.346,392.163,6.475,4.786,1,1,1.0
106,9,81.408,62.502,4.117,8.801,1,1,1.0
106,11,140.316,160.236,4.457,8.633,1,1,1.0
106,12,160.911,35.736,8.147,8.765,1,1,1.0
106,14,146.018,307.440,5.473,9.323,1,1,1.0
106,16,139.586,217.548,4.422,6.067,1,1,1.0
106,17,158.647,50.056,4.705,9.570,1,1,1.0
106,18,203.896,61.381,4.572,9.036,1,1,1.0
106,19,196.834,124.332,4.348,9.030,1,1,1.0
106,23,308.066,223.433,4.402,8.603,1,1,1.0
106,24,287.989,182.956,4.287,9.117,1,1,1.0
106,25,341.243,393.819,4.176,5.120,1,1,1.0
106,26,307.243,373.241,8.875,4.953,1,1,1.0
106,27,329.488,263.757,4.526,8.767,1,1,1.0
106,28,403.580,68.999,4.255,8.575,1,1,1.0
106,31,405.837,189.975,4.501,8.712,1,1,1.0
106,33,428.424,254.690,7.802,7.534,1,1,1.0
106,34,440.545,267.456,4.411,9.168,1,1,1.0
106,38,471.403,147.299,4.383,8.422,1,1,1.0
106,39,535.147,169.636,4.560,9.011,1,1,1.0
106,40,535.052,229.038,4.405,6.015,1,1,1.0
106,42,551.388,395.001,8.473,6.529,1,1,1.0
106,44,586.774,153.369,4.111,9.441,1,1,1.0
106,45,563.796,262.128,4.983,8.949,1,1,1.0
106,46,543.373,120.567,5.783,7.265,1,1,1.0
106,48,710.215,54.560,4.499,9.338,1,1,1.0
106,49,668.887,385.242,6.115,4.812,1,1,1.0
106,50,693.039,83.647,4.103,9.495,1,1,1.0
106,51,665.337,207.278,4.490,6.324,1,1,1.0
106,52,733.258,287.440,4.612,8.139,1,1,1.0
106,53,700.006,273.308,8.739,4.671,1,1,1.0
106,54,731.327,368.597,4.576,8.633,1,1,1.0
107,1,42.313,391.762,7.258,4.947,1,1,1.0
107,2,43.344,32.151,4.497,8.911,1,1,1.0
107,3,12.085,179.961,4.800,8.166,1,1,1.0
107,5,60.973,392.193,5.711,4.674,1,1,1.0
107,9,81.319,59.035,4.112,9.074,1,1,1.0
107,11,140.585,156.748,4.567,8.650,1,1,1.0
107,12,163.259,35.709,9.171,5.975,1,1,1.0
107,14,146.604,306.547,5.450,8.813,1,1,1.0
107,16,139.603,217.555,4.446,5.885,1,1,1.0
107,17,158.458,47.498,4.445,9.589,1,1,1.0
107,18,203.331,58.675,4.699,8.677,1,1,1.0
107,19,197.383,120.367,3.964,9.071,1,1,1.0
107,23,307.823,222.449,4.495,8.935,1,1,1.0
107,24,287.339,179.290,4.281,9.326,1,1,1.0
107,25,341.391,393.399,4.091,5.214,1,1,1.0
107,26,310.823,374.105,8.965,4.677,1,1,1.0
107,27,330.732,261.192,4.683,8.581,1,1,1.0
107,28,403.677,65.438,4.152,8.417,1,1,1.0
107,31,406.023,189.034,4.518,8.698,1,1,1.0
107,33,430.213,252.967,7.830,7.259,1,1,1.0
107,34,441.715,263.360,4.255,9.087,1,1,1.0
107,38,471.878,146.780,4.244,8.700,1,1,1.0
107,39,535.384,166.505,4.358,9.223,1,1,1.0
107,40,535.151,229.218,4.517,6.137,1,1,1.0
107,42,551.367,394.982,8.482,6.501,1,1,1.0
107,44,587.320,150.069,3.876,9.182,1,1,1.0
107,45,564.719,259.008,4.959,8.855,1,1,1.0
107,46,542.402,118.768,5.282,6.987,1,1,1.0
107,48,709.655,51.796,4.818,9.095,1,1,1.0
107,49,670.933,386.355,6.400,4.817,1,1,1.0
107,50,693.072,80.504,4.075,8.796,1,1,1.0
107,51,665.829,206.856,4.640,5.886,1,1,1.0
107,52,733.143,286.984,4.282,8.416,1,1,1.0
107,53,702.607,273.066,8.830,4.432,1,1,1.0
107,54,731.398,367.719,4.454,8.515,1,1,1.0
108,1,40.034,391.822,7.495,5.025,1,1,1.0
108,2,40.974,30.412,5.019,8.220,1,1,1.0
108,3,9.403,175.699,5.886,10.964,1,1,1.0
108,5,61.659,392.113,4.851,4.756,1,1,1.0
108,9,81.409,55.976,4.061,8.803,1,1,1.0
108,11,140.880,153.887,4.636,8.992,1,1,1.0
108,12,165.189,36.392,9.749,4.812,1,1,1.0
108,14,147.640,305.130,5.225,8.890,1,1,1.0
108,16,139.696,217.519,4.459,6.070,1,1,1.0
108,17,159.095,44.264,3.854,9.394,1,1,1.0
108,18,203.086,55.929,4.334,8.857,1,1,1.0
108,19,197.553,115.940,3.819,9.288,1,1,1.0
108,23,307.855,221.883,4.483,9.222,1,1,1.0
108,24,286.793,175.406,4.373,9.048,1,1,1.0
108,25,341.642,392.671,3.962,5.986,1,1,1.0
108,26,313.932,374.676,8.464,4.786,1,1,1.0
108,27,331.510,258.514,4.576,8.287,1,1,1.0
108,28,403.612,61.970,4.377,8.609,1,1,1.0
108,31,406.234,186.789,4.336,8.280,1,1,1.0
108,33,433.233,250.718,7.337,7.232,1,1,1.0
108,34,441.988,259.072,4.526,8.823,1,1,1.0
108,38,472.095,144.990,4.177,8.745,1,1,1.0
108,39,535.428,162.925,4.277,8.992,1,1,1.0
108,40,535.845,230.133,4.493,4.936,1,1,1.0
108,42,551.372,394.978,8.405,6.406,1,1,1.0
108,44,587.527,146.522,3.958,9.179,1,1,1.0
108,45,565.569,256.323,4.943,8.733,1,1,1.0
108,46,540.814,116.848,4.911,7.120,1,1,1.0
108,48,708.776,48.720,4.721,8.960,1,1,1.0
108,49,672.994,387.084,6.984,5.127,1,1,1.0
108,50,693.449,76.191,4.181,9.571,1,1,1.0
108,51,666.421,206.437,5.241,5.920,1,1,1.0
108,52,733.124,287.016,4.219,8.293,1,1,1.0
108,53,706.212,273.186,8.630,4.453,1,1,1.0
108,54,731.370,367.356,4.515,8.604,1,1,1.0
109,1,37.447,391.363,7.405,4.878,1,1,1.0
109,2,40.109,30.136,5.140,6.113,1,1,1.0
109,3,9.366,174.756,6.335,9.473,1,1,1.0
109,5,61.713,391.818,4.984,5.061,1,1,1.0
109,9,81.578,54.313,4.125,8.811,1,1,1.0
109,11,141.050,150.717,4.959,8.723,1,1,1.0
109,12,167.973,36.833,9.273,4.220,1,1,1.0
109,13,158.350,27.010,5.247,5.252,1,1,1.0
109,14,148.437,304.176,5.242,8.667,1,1,1.0
109,16,139.655,217.479,4.492,6.124,1,1,1.0
109,17,159.407,42.068,3.946,9.197,1,1,1.0
109,18,203.219,52.750,4.358,8.828,1,1,1.0
109,19,197.610,111.603,4.064,9.236,1,1,1.0
109,23,307.827,222.056,4.460,9.105,1,1,1.0
109,24,285.991,172.120,4.330,9.157,1,1,1.0
109,25,341.597,391.979,4.165,6.648,1,1,1.0
109,26,316.739,375.740,8.008,4.590,1,1,1.0
109,27,332.787,255.295,4.476,8.910,1,1,1.0
109,28,403.611,58.594,4.480,8.775,1,1,1.0
109,31,407.015,183.832,4.442,8.216,1,1,1.0
109,33,436.230,248.312,7.107,6.984,1,1,1.0
109,34,442.132,254.204,4.264,9.580,1,1,1.0
109,38,471.989,144.004,4.216,9.313,1,1,1.0
109,39,535.399,159.807,4.382,8.635,1,1,1.0
109,40,535.657,230.889,4.553,5.115,1,1,1.0
109,42,551.430,394.961,8.333,6.470,1,1,1.0
109,44,587.579,142.105,4.228,9.297,1,1,1.0
109,45,567.279,253.658,4.931,8.768,1,1,1.0
109,46,539.305,114.844,4.879,6.635,1,1,1.0
109,48,707.685,46.457,4.816,9.235,1,1,1.0
109,49,674.854,389.007,6.902,6.141,1,1,1.0
109,50,693.302,72.916,4.257,9.526,1,1,1.0
109,51,667.371,206.635,5.177,5.854,1,1,1.0
109,52,733.143,286.960,4.241,8.289,1,1,1.0
109,53,709.436,273.200,8.355,4.251,1,1,1.0
109,54,731.402,367.041,4.600,8.533,1,1,1.0
110,1,35.287,391.289,7.495,4.940,1,1,1.0
110,3,8.807,172.121,7.119,11.211,1,1,1.0
110,5,62.003,391.559,5.076,4.986,1,1,1.0
110,9,81.871,52.744,4.020,8.507,1,1,1.0
110,11,142.071,147.193,4.409,8.907,1,1,1.0
110,12,168.926,36.837,9.542,4.911,1,1,1.0
110,13,159.107,27.052,6.308,4.942,1,1,1.0
110,14,148.534,303.523,5.659,8.557,1,1,1.0
110,16,139.620,217.443,4.515,6.214,1,1,1.0
110,17,159.558,41.686,4.892,7.934,1,1,1.0
110,18,203.534,49.302,4.110,9.122,1,1,1.0
110,19,198.063,107.663,3.971,8.936,1,1,1.0
110,23,307.803,222.079,4.475,9.042,1,1,1.0
110,24,285.875,168.578,4.407,9.117,1,1,1.0
110,25,341.780,391.981,4.256,6.865,1,1,1.0
110,26,319.635,376.228,8.237,4.317,1,1,1.0
110,27,333.990,252.205,4.482,8.451,1,1,1.0
110,28,403.585,54.891,4.163,8.720,1,1,1.0
110,31,407.157,181.189,4.606,8.433,1,1,1.0
110,33,438.786,245.878,7.619,6.342,1,1,1.0
110,34,442.451,249.459,4.277,10.154,1,1,1.0
110,38,472.188,142.344,4.227,9.017,1,1,1.0
110,39,535.657,156.232,4.426,8.983,1,1,1.0
110,40,536.038,231.934,4.775,5.111,1,1,1.0
110,42,551.603,394.941,8.268,6.697,1,1,1.0
110,44,588.100,138.078,4.073,9.225,1,1,1.0
110,45,568.320,250.924,5.373,7.922,1,1,1.0
110,46,537.690,113.467,4.689,6.716,1,1,1.0
110,48,706.630,43.713,4.730,9.186,1,1,1.0
110,49,676.808,391.177,7.114,6.521,1,1,1.0
110,50,693.329,69.424,4.234,9.078,1,1,1.0
110,51,668.052,206.737,5.210,5.764,1,1,1.0
110,52,733.130,287.004,4.471,8.053,1,1,1.0
110,53,712.129,273.174,7.993,4.244,1,1,1.0
110,54,731.418,366.835,4.565,8.666,1,1,1.0
111,1,33.708,391.420,7.159,5.096,1,1,1.0
111,3,10.079,169.882,6.415,9.935,1,1,1.0
111,5,62.202,391.538,4.884,5.010,1,1,1.0
111,9,82.012,50.600,3.871,8.747,1,1,1.0
111,11,142.748,143.964,4.300,8.946,1,1,1.0
111,12,170.010,36.963,9.856,5.222,1,1,1.0
111,13,159.802,26.905,7.125,4.859,1,1,1.0
111,14,148.935,302.059,5.904,8.692,1,1,1.0
111,16,139.480,217.546,4.608,6.195,1,1,1.0
111,17,160.164,41.306,7.345,6.609,1,1,1.0
111,18,203.431,45.618,4.229,9.080,1,1,1.0
111,19,198.220,103.920,3.737,8.992,1,1,1.0
111,23,307.857,222.079,4.448,8.909,1,1,1.0
111,24,285.020,164.653,4.363,9.358,1,1,1.0
111,25,342.000,391.495,4.072,7.473,1,1,1.0
111,26,321.717,375.796,8.270,4.671,1,1,1.0
111,27,335.065,249.630,4.555,8.262,1,1,1.0
111,28,403.398,51.252,4.208,8.373,1,1,1.0
111,31,407.592,178.726,4.570,8.235,1,1,1.0
111,33,441.745,244.703,8.032,10.109,1,1,1.0
111,34,439.979,248.416,6.169,8.703,1,1,1.0
111,38,471.952,140.666,4.215,9.214,1,1,1.0
111,39,536.214,153.113,4.413,9.216,1,1,1.0
111,40,536.407,232.561,4.849,5.459,1,1,1.0
111,42,551.708,394.362,7.763,6.746,1,1,1.0
111,44,588.133,134.375,4.033,9.387,1,1,1.0
111,45,570.252,248.588,5.846,7.997,1,1,1.0
111,46,536.981,112.707,4.635,6.066,1,1,1.0
111,48,706.014,40.732,4.402,9.208,1,1,1.0
111,49,677.828,393.346,7.685,6.429,1,1,1.0
111,50,692.901,66.216,4.096,9.387,1,1,1.0
111,51,669.585,206.177,5.732,5.440,1,1,1.0
111,52,733.012,287.072,4.427,7.814,1,1,1.0
111,53,714.436,273.263,7.621,4.164,1,1,1.0
111,54,731.234,366.713,4.633,8.633,1,1,1.0
112,1,32.693,391.527,7.608,5.260,1,1,1.0
112,3,11.827,169.356,4.800,8.166,1,1,1.0
112,5,62.346,391.585,5.005,4.940,1,1,1.0
112,9,81.889,48.022,3.873,8.697,1,1,1.0
112,11,142.841,140.481,4.397,8.904,1,1,1.0
112,12,170.864,36.946,10.807,5.309,1,1,1.0
112,13,160.205,26.509,9.581,5.482,1,1,1.0
112,14,150.474,300.501,5.660,9.105,1,1,1.0
112,16,139.533,217.476,4.589,6.212,1,1,1.0
112,17,161.748,40.124,8.622,6.966,1,1,1.0
112,18,203.769,42.130,3.814,9.273,1,1,1.0
112,19,198.695,100.435,3.910,9.112,1,1,1.0
112,23,307.224,221.038,4.504,8.841,1,1,1.0
112,24,284.115,160.782,4.471,9.219,1,1,1.0
112,25,342.319,390.075,3.794,8.451,1,1,1.0
112,26,324.899,376.120,7.518,4.242,1,1,1.0
112,27,335.869,246.471,4.681,8.565,1,1,1.0
112,28,403.356,47.269,4.118,8.646,1,1,1.0
112,31,407.974,176.153,4.487,8.452,1,1,1.0
112,33,443.241,242.564,8.784,6.960,1,1,1.0
112,34,441.479,243.077,4.800,8.166,1,1,1.0
112,38,472.621,139.234,4.278,8.971,1,1,1.0
112,39,536.530,149.985,4.402,8.838,1,1,1.0
112,40,537.137,233.238,4.672,5.376,1,1,1.0
112,42,551.745,394.385,7.815,6.669,1,1,1.0
112,44,588.462,131.702,3.945,9.170,1,1,1.0
112,45,572.355,246.610,5.698,7.754,1,1,1.0
112,46,536.661,112.496,4.302,5.827,1,1,1.0
112,48,705.263,37.281,4.803,9.257,1,1,1.0
112,49,679.686,394.829,7.806,6.519,1,1,1.0
112,50,692.960,62.970,4.026,9.633,1,1,1.0
112,51,671.490,206.123,6.169,5.347,1,1,1.0
112,52,733.096,286.502,4.458,8.118,1,1,1.0
112,53,715.009,273.359,7.812,4.147,1,1,1.0
112,54,731.218,366.736,4.641,8.622,1,1,1.0
113,1,31.696,391.462,7.810,5.682,1,1,1.0
113,3,9.401,163.952,6.527,11.122,1,1,1.0
113,5,64.854,385.186,4.800,8.166,1,1,1.0
113,9,81.924,46.047,3.789,8.479,1,1,1.0
113,11,143.564,137.165,4.502,8.519,1,1,1.0
113,12,174.013,34.976,4.800,8.166,1,1,1.0
113,14,150.470,300.291,5.890,8.759,1,1,1.0
113,16,139.521,217.446,4.552,6.215,1,1,1.0
113,17,163.678,39.348,8.794,6.565,1,1,1.0
113,18,204.152,39.185,3.704,8.872,1,1,1.0
113,19,198.787,97.007,3.999,8.912,1,1,1.0
113,23,306.537,219.715,4.560,8.812,1,1,1.0
113,24,283.294,157.622,4.580,9.186,1,1,1.0
113,25,342.214,389.992,3.682,8.131,1,1,1.0
113,26,327.494,375.291,7.794,4.167,1,1,1.0
113,27,336.880,244.411,4.666,8.218,1,1,1.0
113,28,403.125,43.682,4.341,9.028,1,1,1.0
113,31,408.418,173.949,4.498,8.709,1,1,1.0
113,33,447.946,241.784,7.041,5.437,1,1,1.0
113,34,442.270,237.868,3.949,9.216,1,1,1.0
113,38,472.565,138.365,4.489,8.254,1,1,1.0
113,39,536.900,146.978,4.200,8.864,1,1,1.0
113,40,537.358,233.419,5.064,5.292,1,1,1.0
113,42,551.663,394.843,7.885,6.293,1,1,1.0
113,44,588.509,129.125,4.054,9.406,1,1,1.0
113,45,574.373,244.073,5.530,7.511,1,1,1.0
113,46,536.046,111.822,3.996,5.812,1,1,1.0
113,48,703.799,34.410,4.624,8.682,1,1,1.0
113,49,681.076,396.511,6.462,5.806,1,1,1.0
113,50,692.300,60.089,4.286,9.524,1,1,1.0
113,51,673.845,204.402,6.066,5.513,1,1,1.0
113,52,733.200,285.440,4.626,8.486,1,1,1.0
113,53,715.502,273.406,7.512,4.183,1,1,1.0
113,54,731.239,366.806,4.684,8.544,1,1,1.0
114,1,31.680,391.454,7.476,5.505,1,1,1.0
114,3,12.603,163.924,4.800,8.166,1,1,1.0
114,5,58.995,380.364,5.665,8.893,1,1,1.0
114,9,81.976,44.222,3.843,8.906,1,1,1.0
114,11,144.323,133.318,4.705,8.940,1,1,1.0
114,12,174.531,34.718,4.800,8.166,1,1,1.0
114,14,151.174,298.674,5.945,8.729,1,1,1.0
114,16,139.526,217.360,4.595,6.321,1,1,1.0
114,17,165.296,38.708,9.686,7.186,1,1,1.0
114,18,204.617,35.414,3.709,9.050,1,1,1.0
114,19,198.543,93.995,4.178,8.655,1,1,1.0
114,21,204.174,27.390,4.718,5.627,1,1,1.0
114,23,305.968,218.161,4.586,8.805,1,1,1.0
114,24,282.851,153.925,4.623,9.004,1,1,1.0
114,25,342.135,389.968,3.703,8.351,1,1,1.0
114,26,329.701,375.065,7.467,4.497,1,1,1.0
114,27,337.729,241.753,4.697,8.075,1,1,1.0
114,28,403.185,40.316,4.152,8.833,1,1,1.0
114,31,408.910,171.071,4.366,8.959,1,1,1.0
114,33,450.965,240.198,8.317,5.838,1,1,1.0
114,34,441.198,233.549,4.318,9.268,1,1,1.0
114,38,472.657,136.627,4.457,8.370,1,1,1.0
114,39,536.975,143.992,4.503,8.915,1,1,1.0
114,40,537.727,233.651,5.228,5.123,1,1,1.0
114,42,551.431,394.871,8.230,6.349,1,1,1.0
114,44,588.475,125.938,4.168,9.075,1,1,1.0
114,45,575.473,241.047,5.868,8.069,1,1,1.0
114,46,535.226,112.590,4.061,5.255,1,1,1.0
114,48,703.431,28.148,3.996,11.871,1,1,1.0
114,49,681.679,396.267,6.840,5.081,1,1,1.0
114,50,692.168,57.343,4.229,9.089,1,1,1.0
114,51,675.722,201.668,5.870,7.292,1,1,1.0
114,52,732.787,284.321,4.864,8.671,1,1,1.0
114,53,715.547,273.455,7.538,4.261,1,1,1.0
114,54,731.323,366.813,4.622,8.503,1,1,1.0
115,1,31.742,391.469,7.736,5.751,1,1,1.0
115,3,13.120,162.630,4.800,8.166,1,1,1.0
115,5,57.716,391.903,6.867,5.689,1,1,1.0
115,9,82.156,42.873,3.872,8.915,1,1,1.0
115,11,145.210,129.868,4.160,8.834,1,1,1.0
115,12,174.789,34.718,4.800,8.166,1,1,1.0
115,14,151.592,297.961,5.780,8.687,1,1,1.0
115,16,139.547,217.335,4.627,6.292,1,1,1.0
115,17,167.064,39.745,9.518,6.018,1,1,1.0
115,18,204.871,31.374,3.767,9.147,1,1,1.0
115,19,198.679,90.887,3.817,8.716,1,1,1.0
115,23,305.186,215.693,4.858,8.780,1,1,1.0
115,24,282.246,151.167,4.549,8.899,1,1,1.0
115,25,341.629,390.450,3.744,8.337,1,1,1.0
115,26,331.986,373.235,7.054,5.038,1,1,1.0
115,27,338.794,239.414,4.630,8.011,1,1,1.0
115,28,403.525,36.467,3.899,8.529,1,1,1.0
115,31,409.016,169.373,4.443,8.603,1,1,1.0
115,33,453.974,238.778,7.337,5.564,1,1,1.0
115,34,441.417,229.653,4.235,9.597,1,1,1.0
115,38,473.004,134.845,4.335,8.534,1,1,1.0
115,39,537.665,140.966,4.636,9.074,1,1,1.0
115,40,538.210,234.113,5.558,4.674,1,1,1.0
115,42,551.395,394.860,8.260,6.392,1,1,1.0
115,44,588.092,121.686,4.345,9.039,1,1,1.0
115,45,577.612,238.748,5.481,7.723,1,1,1.0
115,46,535.249,113.241,4.289,5.118,1,1,1.0
115,48,702.580,27.432,4.242,9.171,1,1,1.0
115,49,682.769,396.338,7.692,4.350,1,1,1.0
115,50,691.988,54.446,4.224,9.140,1,1,1.0
115,51,677.446,198.643,5.236,7.267,1,1,1.0
115,52,732.941,283.786,4.675,8.718,1,1,1.0
115,53,715.476,273.508,7.676,4.152,1,1,1.0
115,54,731.359,366.817,4.600,8.481,1,1,1.0
116,1,31.787,391.496,7.725,5.932,1,1,1.0
116,3,13.637,160.561,4.800,8.166,1,1,1.0
116,5,58.239,391.573,6.829,5.742,1,1,1.0
116,9,82.151,41.584,3.672,9.084,1,1,1.0
116,11,145.645,125.810,4.220,9.269,1,1,1.0
116,12,173.496,34.459,4.800,8.166,1,1,1.0
116,14,151.668,297.704,5.606,8.478,1,1,1.0
116,16,139.572,216.485,4.485,7.168,1,1,1.0
116,17,169.595,42.360,8.237,6.178,1,1,1.0
116,18,205.039,30.669,4.164,7.167,1,1,1.0
116,19,198.468,87.766,3.907,8.869,1,1,1.0
116,23,304.184,213.504,4.495,8.679,1,1,1.0
116,24,282.078,147.903,4.501,8.965,1,1,1.0
116,25,341.240,390.985,3.931,8.138,1,1,1.0
116,26,334.127,372.640,6.527,5.362,1,1,1.0
116,27,339.523,236.427,4.474,8.252,1,1,1.0
116,28,403.621,34.977,3.980,7.111,1,1,1.0
116,31,410.104,166.084,4.290,8.548,1,1,1.0
116,33,456.078,237.322,7.604,5.298,1,1,1.0
116,34,440.451,225.945,4.315,9.570,1,1,1.0
116,38,473.444,133.596,4.170,8.320,1,1,1.0
116,39,537.986,138.188,4.460,8.807,1,1,1.0
116,40,538.786,234.258,5.420,4.569,1,1,1.0
116,42,551.350,394.909,8.292,6.461,1,1,1.0
116,44,586.929,118.688,4.368,8.920,1,1,1.0
116,45,579.501,235.825,5.336,8.000,1,1,1.0
116,46,535.154,113.779,4.014,5.214,1,1,1.0
116,48,701.912,24.235,5.356,10.453,1,1,1.0
116,49,685.115,396.340,7.902,3.983,1,1,1.0
116,50,691.537,51.419,4.122,9.356,1,1,1.0
116,51,678.691,196.052,5.644,7.859,1,1,1.0
116,52,734.881,282.373,3.896,8.612,1,1,1.0
116,53,717.016,273.018,6.369,4.371,1,1,1.0
116,54,731.405,366.762,4.601,8.566,1,1,1.0
117,1,31.848,391.466,7.651,5.873,1,1,1.0
117,3,14.413,157.716,4.800,8.166,1,1,1.0
117,5,58.273,391.695,6.819,5.699,1,1,1.0
117,9,82.176,40.300,3.735,9.207,1,1,1.0
117,11,145.845,121.571,4.082,9.172,1,1,1.0
117,12,169.697,35.305,11.119,6.275,1,1,1.0
117,14,151.984,296.565,5.556,8.973,1,1,1.0
117,16,139.561,215.795,4.431,7.549,1,1,1.0
117,17,171.537,44.864,8.030,5.679,1,1,1.0
117,19,198.381,84.178,3.795,8.999,1,1,1.0
117,23,302.641,210.471,4.657,8.944,1,1,1.0
117,24,280.958,145.186,4.328,9.018,1,1,1.0
117,25,340.654,391.820,4.447,8.081,1,1,1.0
117,26,335.568,371.061,6.611,5.556,1,1,1.0
117,27,340.594,234.780,4.390,7.559,1,1,1.0
117,28,402.685,29.560,4.205,8.598,1,1,1.0
117,31,410.337,162.975,4.348,8.644,1,1,1.0
117,33,460.201,234.875,6.264,6.309,1,1,1.0
117,34,439.859,221.618,4.267,9.466,1,1,1.0
117,38,473.637,132.281,4.022,7.989,1,1,1.0
117,39,538.438,135.505,4.583,8.957,1,1,1.0
117,40,539.534,234.222,5.288,5.005,1,1,1.0
117,42,551.317,394.863,8.454,6.722,1,1,1.0
117,44,585.613,115.122,4.343,9.194,1,1,1.0
117,45,580.684,232.760,5.627,8.098,1,1,1.0
117,46,535.183,113.757,4.208,5.076,1,1,1.0
117,49,687.107,395.919,8.794,3.802,1,1,1.0
117,50,691.007,48.596,4.339,9.400,1,1,1.0
117,51,679.407,193.528,5.843,7.870,1,1,1.0
117,52,734.707,281.382,4.098,8.607,1,1,1.0
117,53,731.333,268.451,4.634,6.858,1,1,1.0
117,54,731.403,366.810,4.612,8.506,1,1,1.0
118,1,32.272,391.494,7.504,5.803,1,1,1.0
118,3,15.189,155.129,4.800,8.166,1,1,1.0
118,5,58.319,391.699,6.808,5.672,1,1,1.0
118,9,81.917,38.748,3.950,9.636,1,1,1.0
118,11,146.564,118.256,4.404,8.772,1,1,1.0
118,12,174.259,35.743,9.544,4.856,1,1,1.0
118,14,152.606,294.743,5.862,9.046,1,1,1.0
118,16,139.783,214.530,4.470,7.876,1,1,1.0
118,17,173.217,46.613,8.583,5.511,1,1,1.0
118,19,198.405,80.780,3.983,9.103,1,1,1.0
118,23,301.911,207.891,4.396,8.458,1,1,1.0
118,24,280.369,142.763,4.491,9.028,1,1,1.0
118,25,340.451,391.748,4.605,7.631,1,1,1.0
118,26,337.164,370.268,6.023,5.714,1,1,1.0
118,27,340.625,233.148,4.351,7.688,1,1,1.0
118,31,410.861,160.319,4.349,8.252,1,1,1.0
118,33,462.581,232.782,6.881,6.153,1,1,1.0
118,34,439.111,217.339,4.211,9.818,1,1,1.0
118,38,473.628,129.849,3.988,8.082,1,1,1.0
118,39,538.912,133.111,4.537,9.060,1,1,1.0
118,40,539.875,234.649,5.521,4.826,1,1,1.0
118,42,551.521,395.078,8.267,6.575,1,1,1.0
118,44,584.555,111.808,4.699,8.497,1,1,1.0
118,45,582.868,229.867,5.498,7.858,1,1,1.0
118,46,535.643,114.074,4.723,4.836,1,1,1.0
118,49,689.395,395.605,8.577,3.926,1,1,1.0
118,50,689.937,46.077,4.871,9.170,1,1,1.0
118,51,680.728,189.849,4.969,8.657,1,1,1.0
118,52,734.717,280.455,4.125,8.762,1,1,1.0
118,53,730.076,269.947,4.496,7.676,1,1,1.0
118,54,731.418,366.834,4.632,8.409,1,1,1.0
119,1,32.791,391.407,7.272,5.905,1,1,1.0
119,3,16.224,152.801,4.800,8.166,1,1,1.0
119,5,58.361,391.706,6.746,5.626,1,1,1.0
119,9,81.953,39.125,3.916,9.598,1,1,1.0
119,11,147.164,114.576,4.420,8.984,1,1,1.0
119,14,153.444,293.742,5.446,9.043,1,1,1.0
119,16,139.721,213.247,4.520,7.912,1,1,1.0
119,17,174.839,47.242,8.338,5.318,1,1,1.0
119,19,196.898,76.464,4.254,9.254,1,1,1.0
119,23,299.981,204.458,4.806,8.250,1,1,1.0
119,24,279.669,139.954,4.524,9.327,1,1,1.0
119,25,340.223,391.843,4.775,6.607,1,1,1.0
119,26,337.848,369.377,5.945,5.933,1,1,1.0
119,27,341.227,231.650,4.347,7.575,1,1,1.0
119,31,411.121,157.204,4.178,8.695,1,1,1.0
119,33,465.541,231.074,6.434,5.906,1,1,1.0
119,34,438.725,214.144,4.392,9.352,1,1,1.0
119,38,474.091,128.633,4.230,8.059,1,1,1.0
119,39,539.549,130.044,4.605,9.212,1,1,1.0
119,40,539.809,234.732,5.428,4.797,1,1,1.0
119,42,551.522,395.013,8.291,6.705,1,1,1.0
119,44,583.269,108.627,4.698,8.637,1,1,1.0
119,45,584.399,227.208,5.455,7.779,1,1,1.0
119,46,535.832,113.734,4.877,4.909,1,1,1.0
119,49,692.077,395.667,8.552,4.414,1,1,1.0
119,50,688.781,43.866,5.299,8.839,1,1,1.0
119,51,681.520,186.697,4.540,8.523,1,1,1.0
119,52,734.531,279.760,4.170,8.543,1,1,1.0
119,53,730.218,269.728,4.380,7.699,1,1,1.0
119,54,731.490,366.888,4.618,8.365,1,1,1.0
120,1,32.843,391.377,7.255,5.889,1,1,1.0
120,3,15.966,152.025,4.800,8.166,1,1,1.0
120,5,58.432,391.727,6.714,5.577,1,1,1.0
120,9,82.114,38.750,3.897,9.309,1,1,1.0
120,11,147.882,110.729,4.471,9.132,1,1,1.0
120,14,154.314,293.325,5.015,8.822,1,1,1.0
120,16,139.956,212.515,4.700,7.756,1,1,1.0
120,17,174.707,47.297,8.435,5.348,1,1,1.0
120,19,196.420,72.886,4.161,9.022,1,1,1.0
120,21,211.548,31.543,3.990,7.153,1,1,1.0
120,23,298.633,201.319,5.102,8.559,1,1,1.0
120,24,279.450,137.850,4.398,8.867,1,1,1.0
120,25,339.467,392.439,5.033,5.862,1,1,1.0
120,26,338.612,368.535,6.014,6.170,1,1,1.0
120,27,341.464,229.818,4.443,7.584,1,1,1.0
120,31,411.252,154.760,4.461,9.005,1,1,1.0
120,33,466.927,229.486,6.765,5.746,1,1,1.0
120,34,439.912,212.058,4.426,9.844,1,1,1.0
120,38,474.252,126.991,4.308,7.955,1,1,1.0
120,39,539.850,127.178,4.559,9.162,1,1,1.0
120,40,539.810,234.696,5.432,4.814,1,1,1.0
120,42,551.523,395.016,8.301,6.691,1,1,1.0
120,44,582.175,105.005,4.773,9.066,1,1,1.0
120,45,586.260,224.313,5.138,7.976,1,1,1.0
120,46,536.156,113.125,5.474,5.009,1,1,1.0
120,49,695.056,395.897,8.876,4.334,1,1,1.0
120,50,687.378,42.006,5.747,8.754,1,1,1.0
120,51,682.365,182.476,4.806,9.144,1,1,1.0
120,52,734.512,279.075,4.112,8.541,1,1,1.0
120,53,730.251,269.838,4.306,7.708,1,1,1.0
120,54,731.491,366.853,4.593,8.380,1,1,1.0
121,1,33.157,391.250,7.065,5.953,1,1,1.0
121,3,17.000,148.403,4.800,8.166,1,1,1.0
121,5,59.394,392.273,6.106,5.465,1,1,1.0
121,9,82.160,38.727,3.948,9.335,1,1,1.0
121,11,148.367,107.326,4.405,9.414,1,1,1.0
121,14,154.198,292.725,5.245,8.934,1,1,1.0
121,16,140.048,211.643,4.747,8.042,1,1,1.0
121,17,174.607,47.217,8.501,5.463,1,1,1.0
121,19,195.159,69.315,4.329,8.957,1,1,1.0
121,21,211.492,31.419,4.394,7.116,1,1,1.0
121,23,297.093,198.290,5.134,8.904,1,1,1.0
121,24,279.321,134.126,4.379,9.076,1,1,1.0
121,25,339.089,392.433,4.907,5.814,1,1,1.0
121,26,339.639,367.702,5.391,5.934,1,1,1.0
121,27,341.407,227.033,4.380,7.963,1,1,1.0
121,31,411.248,152.050,4.518,8.799,1,1,1.0
121,33,469.118,228.180,6.200,5.567,1,1,1.0
121,34,440.306,209.576,4.122,9.531,1,1,1.0
121,38,474.137,125.091,4.240,8.165,1,1,1.0
121,39,540.380,123.594,4.980,8.865,1,1,1.0
121,40,539.938,234.675,5.400,4.757,1,1,1.0
121,42,551.357,395.009,8.344,6.858,1,1,1.0
121,44,581.152,103.033,4.826,8.278,1,1,1.0
121,45,587.103,221.799,5.456,8.094,1,1,1.0
121,46,536.839,110.350,5.960,6.875,1,1,1.0
121,49,699.599,396.350,8.268,4.559,1,1,1.0
121,50,685.720,39.060,5.852,9.252,1,1,1.0
121,51,682.878,178.968,4.943,9.022,1,1,1.0
121,52,734.842,277.580,3.921,8.444,1,1,1.0
121,53,730.463,269.862,3.998,7.931,1,1,1.0
121,54,731.338,366.727,4.605,8.488,1,1,1.0
122,1,33.580,391.120,6.883,5.996,1,1,1.0
122,3,17.662,144.995,3.691,7.069,1,1,1.0
122,5,59.264,392.294,5.963,5.372,1,1,1.0
122,9,82.198,38.862,3.949,9.220,1,1,1.0
122,11,148.930,103.874,4.669,9.318,1,1,1.0
122,14,154.751,291.264,5.301,9.015,1,1,1.0
122,16,140.248,211.020,4.754,8.190,1,1,1.0
122,17,174.638,47.193,8.681,5.519,1,1,1.0
122,19,193.934,65.195,4.448,8.598,1,1,1.0
122,21,211.327,31.317,4.949,6.935,1,1,1.0
122,23,295.692,195.231,4.922,8.614,1,1,1.0
122,24,277.953,131.913,5.254,8.407,1,1,1.0
122,25,338.147,392.864,5.067,5.862,1,1,1.0
122,26,340.209,366.443,5.134,5.966,1,1,1.0
122,27,341.022,223.916,4.466,8.061,1,1,1.0
122,31,412.108,149.694,4.317,8.932,1,1,1.0
122,33,470.726,226.578,6.144,5.791,1,1,1.0
122,34,441.266,207.593,4.301,8.932,1,1,1.0
122,38,474.034,123.499,4.252,8.367,1,1,1.0
122,39,541.143,120.206,4.870,9.149,1,1,1.0
122,40,539.866,234.683,5.500,4.857,1,1,1.0
122,42,551.481,394.874,8.076,6.545,1,1,1.0
122,44,579.827,99.769,5.037,8.705,1,1,1.0
122,45,588.119,218.763,5.070,8.514,1,1,1.0
122,46,537.343,108.208,6.252,7.133,1,1,1.0
122,49,702.328,397.083,7.840,5.193,1,1,1.0
122,50,684.553,37.170,5.483,8.577,1,1,1.0
122,51,683.725,175.382,4.895,8.901,1,1,1.0
122,52,734.818,274.837,4.203,9.037,1,1,1.0
122,53,730.975,270.584,3.770,7.899,1,1,1.0
122,54,731.232,366.747,4.709,8.695,1,1,1.0
123,1,33.552,391.125,6.951,6.012,1,1,1.0
123,3,17.798,142.780,3.633,7.979,1,1,1.0
123,5,58.893,392.149,5.486,5.380,1,1,1.0
123,9,82.145,38.901,3.858,9.160,1,1,1.0
123,11,149.786,100.858,4.395,9.082,1,1,1.0
123,14,155.039,290.619,5.153,8.770,1,1,1.0
123,16,140.471,210.351,4.808,8.195,1,1,1.0
123,17,174.829,47.244,8.591,5.494,1,1,1.0
123,19,193.129,61.337,4.269,8.419,1,1,1.0
123,21,211.247,31.253,4.849,6.990,1,1,1.0
123,23,293.994,191.939,4.930,8.357,1,1,1.0
123,24,276.815,129.452,5.042,7.439,1,1,1.0
123,25,337.482,392.881,5.278,6.051,1,1,1.0
123,26,341.181,364.124,4.273,7.243,1,1,1.0
123,27,341.405,220.256,4.089,8.116,1,1,1.0
123,31,412.251,147.492,4.384,8.822,1,1,1.0
123,33,472.292,225.334,5.769,5.912,1,1,1.0
123,34,442.074,204.810,4.597,9.288,1,1,1.0
123,38,474.379,120.850,4.128,8.423,1,1,1.0
123,39,542.430,116.984,4.524,8.606,1,1,1.0
123,40,539.829,234.668,5.574,4.872,1,1,1.0
123,42,551.586,394.159,7.968,7.257,1,1,1.0
123,44,578.596,97.767,4.832,8.236,1,1,1.0
123,45,588.448,216.685,4.964,8.333,1,1,1.0
123,46,538.633,105.667,5.788,7.424,1,1,1.0
123,49,704.211,397.190,7.358,5.768,1,1,1.0
123,50,683.784,34.815,4.787,9.550,1,1,1.0
123,51,684.746,172.929,4.884,8.750,1,1,1.0
123,52,734.857,273.370,4.574,8.773,1,1,1.0
123,53,729.315,272.048,4.800,8.166,1,1,1.0
123,54,731.246,366.748,4.706,8.761,1,1,1.0
124,1,33.385,391.113,7.254,6.008,1,1,1.0
124,3,17.820,139.831,4.305,8.732,1,1,1.0
124,5,58.562,392.249,5.166,5.351,1,1,1.0
124,9,82.053,38.809,3.897,9.257,1,1,1.0
124,11,150.231,97.827,4.345,9.017,1,1,1.0
124,14,155.447,289.927,5.172,8.869,1,1,1.0
124,16,140.854,209.579,4.521,7.908,1,1,1.0
124,17,175.071,47.532,8.506,4.784,1,1,1.0
124,19,191.937,57.252,4.431,8.843,1,1,1.0
124,21,211.365,31.475,4.827,6.852,1,1,1.0
124,23,292.845,189.752,5.018,8.305,1,1,1.0
124,24,275.248,127.809,5.453,7.517,1,1,1.0
124,25,336.967,393.053,5.378,5.950,1,1,1.0
124,26,341.372,361.090,4.312,7.836,1,1,1.0
124,27,341.221,217.566,4.049,8.130,1,1,1.0
124,31,413.266,144.441,4.451,9.175,1,1,1.0
124,33,473.667,223.458,5.335,6.141,1,1,1.0
124,34,443.500,200.801,4.756,9.225,1,1,1.0
124,38,474.223,118.396,4.359,8.198,1,1,1.0
124,39,542.698,113.771,5.083,8.716,1,1,1.0
124,40,539.807,234.679,5.577,4.833,1,1,1.0
124,42,551.553,394.625,7.922,6.699,1,1,1.0
124,44,578.149,94.194,4.647,8.977,1,1,1.0
124,45,589.473,213.566,4.948,9.070,1,1,1.0
124,46,539.097,103.623,6.107,7.370,1,1,1.0
124,49,705.689,397.174,7.590,5.673,1,1,1.0
124,50,683.389,33.268,4.777,9.297,1,1,1.0
124,51,686.126,169.591,4.964,9.268,1,1,1.0
124,53,730.350,271.337,4.800,8.166,1,1,1.0
124,52,731.606,271.832,7.098,7.501,1,1,1.0
124,54,731.233,366.792,4.632,8.751,1,1,1.0
125,1,33.435,391.077,7.198,5.913,1,1,1.0
125,3,17.820,137.350,4.393,8.807,1,1,1.0
125,5,57.826,392.372,5.326,5.211,1,1,1.0
125,9,82.088,38.827,3.946,9.336,1,1,1.0
125,11,150.737,95.562,4.379,9.472,1,1,1.0
125,14,155.789,288.473,5.032,9.120,1,1,1.0
125,16,140.820,208.167,4.528,8.029,1,1,1.0
125,17,175.614,47.519,8.514,4.504,1,1,1.0
125,19,191.224,53.089,4.199,9.024,1,1,1.0
125,21,211.682,31.185,4.772,7.023,1,1,1.0
125,23,291.674,187.967,5.232,8.146,1,1,1.0
125,24,273.952,125.651,5.829,7.406,1,1,1.0
125,25,335.753,393.562,5.672,5.689,1,1,1.0
125,26,341.547,357.617,4.079,8.215,1,1,1.0
125,27,340.803,214.507,4.371,8.027,1,1,1.0
125,31,413.736,141.871,5.028,8.012,1,1,1.0
125,33,474.920,222.002,4.632,5.410,1,1,1.0
125,34,444.848,197.335,4.688,9.017,1,1,1.0
125,38,474.025,116.776,4.129,8.334,1,1,1.0
125,39,543.385,110.829,5.157,8.733,1,1,1.0
125,40,539.731,234.713,5.573,4.739,1,1,1.0
125,42,551.717,394.949,7.877,6.788,1,1,1.0
125,44,577.435,91.067,4.517,8.535,1,1,1.0
125,45,590.103,210.739,4.778,9.034,1,1,1.0
125,46,540.289,101.307,6.437,7.219,1,1,1.0
125,49,707.669,397.297,8.500,4.419,1,1,1.0
125,50,683.018,30.923,4.533,9.399,1,1,1.0
125,51,686.872,167.109,5.010,9.290,1,1,1.0
125,52,731.923,269.988,6.985,7.979,1,1,1.0
125,53,731.643,273.148,4.800,8.166,1,1,1.0
125,54,731.329,366.688,4.503,8.602,1,1,1.0
126,1,33.558,390.952,7.068,5.968,1,1,1.0
126,3,18.909,134.376,5.076,8.658,1,1,1.0
126,5,56.467,392.609,5.755,5.069,1,1,1.0
126,9,82.181,38.818,3.935,9.229,1,1,1.0
126,11,151.205,93.539,4.288,9.448,1,1,1.0
126,14,155.888,286.696,5.531,9.494,1,1,1.0
126,16,140.890,207.121,4.468,8.056,1,1,1.0
126,17,176.083,47.609,8.575,4.338,1,1,1.0
126,19,190.266,49.740,4.181,8.733,1,1,1.0
126,21,211.895,31.408,4.446,6.820,1,1,1.0
126,23,291.413,187.278,5.296,8.603,1,1,1.0
126,24,273.417,123.325,4.645,7.337,1,1,1.0
126,25,335.468,392.985,5.724,5.618,1,1,1.0
126,26,341.518,354.277,4.131,8.103,1,1,1.0
126,27,340.350,211.661,4.374,8.320,1,1,1.0
126,31,414.916,139.461,5.747,7.610,1,1,1.0
126,33,475.079,220.341,4.707,5.333,1,1,1.0
126,34,445.703,194.424,4.666,9.021,1,1,1.0
126,38,474.068,114.613,4.391,8.357,1,1,1.0
126,39,544.427,107.957,5.319,9.075,1,1,1.0
126,40,539.711,234.691,5.539,4.729,1,1,1.0
126,42,551.931,394.297,7.729,7.875,1,1,1.0
126,44,576.656,88.192,4.711,8.938,1,1,1.0
126,45,590.793,208.844,4.770,8.507,1,1,1.0
126,46,541.947,98.568,6.314,7.821,1,1,1.0
126,49,711.153,397.065,7.770,4.540,1,1,1.0
126,50,684.187,30.571,4.209,7.211,1,1,1.0
126,51,688.023,165.162,5.103,9.057,1,1,1.0
126,52,733.033,267.847,6.152,10.152,1,1,1.0
126,53,732.419,274.441,4.800,8.166,1,1,1.0
126,54,731.370,366.620,4.449,8.632,1,1,1.0
127,1,33.493,391.017,7.111,5.979,1,1,1.0
127,3,20.070,131.686,4.953,8.397,1,1,1.0
127,5,54.868,392.376,5.496,5.397,1,1,1.0
127,9,82.326,39.068,3.773,9.082,1,1,1.0
127,11,151.790,90.398,4.355,9.291,1,1,1.0
127,14,156.917,285.040,5.202,9.482,1,1,1.0
127,16,141.170,205.870,4.275,8.128,1,1,1.0
127,17,176.019,47.603,8.332,4.312,1,1,1.0
127,19,189.373,45.409,4.013,8.403,1,1,1.0
127,21,212.101,31.414,4.262,6.651,1,1,1.0
127,23,291.382,187.270,5.250,8.485,1,1,1.0
127,24,272.714,120.530,4.780,7.427,1,1,1.0
127,25,334.546,392.100,5.983,4.703,1,1,1.0
127,26,341.575,351.282,4.091,7.968,1,1,1.0
127,27,339.817,209.181,4.372,7.786,1,1,1.0
127,31,417.121,136.669,5.372,7.062,1,1,1.0
127,33,475.395,218.711,4.490,5.775,1,1,1.0
127,34,446.416,190.542,4.558,8.986,1,1,1.0
127,38,474.207,112.178,4.134,8.696,1,1,1.0
127,39,545.943,104.671,5.043,8.917,1,1,1.0
127,40,539.662,234.573,5.659,4.618,1,1,1.0
127,42,551.940,394.514,8.012,7.589,1,1,1.0
127,44,575.715,85.785,4.740,8.852,1,1,1.0
127,45,590.719,205.909,4.270,9.075,1,1,1.0
127,46,543.015,95.593,6.374,7.842,1,1,1.0
127,49,713.320,396.800,7.970,4.369,1,1,1.0
127,50,685.014,29.798,4.435,5.598,1,1,1.0
127,51,688.696,163.090,5.079,9.151,1,1,1.0
127,52,735.069,265.915,4.751,7.818,1,1,1.0
127,53,733.480,273.926,4.829,5.022,1,1,1.0
127,54,731.255,366.540,4.597,8.587,1,1,1.0
128,1,33.583,391.048,7.046,5.796,1,1,1.0
128,3,21.832,128.233,4.764,8.880,1,1,1.0
128,5,53.205,392.453,6.603,5.119,1,1,1.0
128,9,82.319,38.908,3.777,8.966,1,1,1.0
128,10,82.026,27.204,4.940,5.670,1,1,1.0
128,11,152.004,87.062,4.225,9.504,1,1,1.0
128,14,157.289,284.482,5.294,9.074,1,1,1.0
128,16,142.023,203.925,4.506,8.332,1,1,1.0
128,17,176.014,47.714,8.160,4.074,1,1,1.0
128,19,188.353,42.041,4.029,8.951,1,1,1.0
128,23,291.420,187.293,5.255,8.396,1,1,1.0
128,24,272.190,118.489,4.993,7.396,1,1,1.0
128,25,333.855,391.143,5.634,4.467,1,1,1.0
128,26,341.474,347.279,4.073,8.550,1,1,1.0
128,27,339.415,206.336,4.187,8.292,1,1,1.0
128,31,419.270,134.136,5.819,7.054,1,1,1.0
128,33,475.381,216.609,4.300,6.277,1,1,1.0
128,34,447.155,187.749,4.461,9.037,1,1,1.0
128,38,474.280,109.948,4.271,8.962,1,1,1.0
128,39,546.368,103.924,4.859,8.851,1,1,1.0
128,40,539.732,234.248,5.634,4.446,1,1,1.0
128,42,552.094,394.639,8.160,7.238,1,1,1.0
128,44,574.859,82.449,4.422,8.420,1,1,1.0
128,45,590.161,203.530,4.124,8.967,1,1,1.0
128,46,545.486,92.229,5.228,8.100,1,1,1.0
128,49,715.758,396.923,7.507,4.617,1,1,1.0
128,51,689.838,161.157,5.056,8.804,1,1,1.0
128,52,735.765,264.112,4.120,9.324,1,1,1.0
128,53,734.385,273.959,4.911,4.875,1,1,1.0
128,54,731.149,366.526,4.655,8.782,1,1,1.0
129,1,33.518,391.089,6.894,5.682,1,1,1.0
129,3,22.634,125.289,4.971,8.734,1,1,1.0
129,5,51.111,392.461,7.159,4.990,1,1,1.0
129,9,82.150,38.868,3.841,9.026,1,1,1.0
129,11,152.387,83.619,4.237,9.500,1,1,1.0
129,14,157.784,282.768,5.020,8.992,1,1,1.0
129,16,142.735,201.220,4.336,7.827,1,1,1.0
129,17,175.585,47.808,7.954,4.003,1,1,1.0
129,19,188.057,37.905,3.920,9.187,1,1,1.0
129,23,291.436,187.246,5.238,8.408,1,1,1.0
129,24,271.998,114.910,4.336,8.407,1,1,1.0
129,25,332.128,389.996,6.162,4.517,1,1,1.0
129,26,341.402,343.482,4.011,8.372,1,1,1.0
129,27,338.360,203.811,4.594,8.236,1,1,1.0
129,31,421.094,131.935,6.268,7.051,1,1,1.0
129,33,475.353,214.569,4.378,6.292,1,1,1.0
129,34,448.381,185.058,4.545,8.987,1,1,1.0
129,38,473.968,107.785,3.938,9.009,1,1,1.0
129,39,546.308,103.623,4.999,9.127,1,1,1.0
129,40,540.089,233.395,5.903,4.757,1,1,1.0
129,42,552.638,394.437,7.884,6.933,1,1,1.0
129,44,573.845,79.932,4.622,8.341,1,1,1.0
129,45,589.002,200.333,4.134,9.089,1,1,1.0
129,46,546.217,89.106,5.911,8.389,1,1,1.0
129,49,717.247,397.373,7.549,4.897,1,1,1.0
129,51,690.706,159.090,5.115,8.709,1,1,1.0
129,52,735.799,262.333,4.479,8.600,1,1,1.0
129,53,735.002,273.203,4.680,5.124,1,1,1.0
129,54,731.128,366.247,4.630,8.957,1,1,1.0
130,1,33.384,391.091,6.761,5.560,1,1,1.0
130,3,23.996,122.419,4.974,8.573,1,1,1.0
130,5,49.230,392.372,7.404,4.919,1,1,1.0
130,9,82.193,38.731,3.910,9.072,1,1,1.0
130,11,152.833,80.169,4.033,9.713,1,1,1.0
130,14,158.225,280.479,4.884,9.392,1,1,1.0
130,16,143.347,199.359,4.618,7.147,1,1,1.0
130,17,175.333,47.836,8.179,4.111,1,1,1.0
130,19,188.255,34.969,3.976,9.668,1,1,1.0
130,23,291.384,187.201,5.302,8.508,1,1,1.0
130,24,272.430,111.799,4.221,8.322,1,1,1.0
130,25,330.923,389.138,6.127,4.454,1,1,1.0
130,26,341.805,339.523,3.771,8.296,1,1,1.0
130,27,337.633,201.018,4.371,8.491,1,1,1.0
130,31,423.509,129.747,6.749,6.257,1,1,1.0
130,33,474.743,212.843,4.501,6.547,1,1,1.0
130,34,450.001,181.803,4.770,9.325,1,1,1.0
130,38,473.762,106.902,4.124,8.793,1,1,1.0
130,39,546.395,103.970,5.009,8.940,1,1,1.0
130,40,540.414,232.623,6.329,4.992,1,1,1.0
130,42,552.687,394.112,7.831,7.284,1,1,1.0
130,44,572.908,76.698,4.674,8.502,1,1,1.0
130,45,588.479,197.540,4.095,8.855,1,1,1.0
130,46,548.227,86.586,6.046,8.329,1,1,1.0
130,49,718.367,399.459,7.427,4.311,1,1,1.0
130,51,690.978,156.166,5.248,8.981,1,1,1.0
130,52,736.266,260.082,4.309,8.669,1,1,1.0
130,53,735.965,273.945,4.427,5.062,1,1,1.0
130,54,731.307,366.289,4.615,8.908,1,1,1.0
131,1,33.149,391.113,6.894,5.633,1,1,1.0
131,3,25.681,120.373,5.760,7.702,1,1,1.0
131,5,47.109,392.490,7.498,5.076,1,1,1.0
131,9,82.222,38.750,3.821,9.227,1,1,1.0
131,11,153.168,76.835,3.997,9.040,1,1,1.0
131,14,159.124,279.065,5.249,9.546,1,1,1.0
131,16,144.486,197.209,4.918,7.041,1,1,1.0
131,17,175.122,47.739,8.493,4.314,1,1,1.0
131,19,188.323,32.163,3.888,9.113,1,1,1.0
131,23,291.319,186.971,5.292,8.449,1,1,1.0
131,24,272.917,108.199,4.096,8.695,1,1,1.0
131,25,328.651,388.560,6.695,4.265,1,1,1.0
131,26,341.831,335.732,3.814,8.090,1,1,1.0
131,27,336.914,198.456,4.685,8.564,1,1,1.0
131,31,425.414,127.262,7.277,6.007,1,1,1.0
131,33,474.212,210.753,4.519,7.029,1,1,1.0
131,34,451.593,178.643,4.891,8.763,1,1,1.0
131,38,473.876,104.715,4.138,8.706,1,1,1.0
131,39,546.321,103.847,5.173,9.031,1,1,1.0
131,40,540.596,232.036,6.305,4.868,1,1,1.0
131,42,552.659,394.353,7.981,6.848,1,1,1.0
131,44,571.840,73.869,4.995,8.860,1,1,1.0
131,45,588.025,194.849,4.111,8.969,1,1,1.0
131,46,549.205,83.579,6.003,8.577,1,1,1.0
131,49,718.609,399.495,7.623,4.497,1,1,1.0
131,51,691.935,154.033,4.990,9.122,1,1,1.0
131,52,735.877,258.785,4.568,8.574,1,1,1.0
131,53,736.258,274.041,4.504,4.884,1,1,1.0
131,54,731.258,366.326,4.595,8.965,1,1,1.0
132,1,33.083,391.132,7.011,5.488,1,1,1.0
132,3,27.135,118.239,6.400,8.121,1,1,1.0
132,5,44.930,392.091,8.168,5.225,1,1,1.0
132,9,82.220,38.304,3.995,9.064,1,1,1.0
132,11,152.983,72.592,4.140,9.361,1,1,1.0
132,14,159.327,278.178,5.371,9.616,1,1,1.0
132,16,145.025,195.486,4.925,7.465,1,1,1.0
132,17,175.060,47.694,8.463,4.360,1,1,1.0
132,19,189.037,30.596,5.483,8.414,1,1,1.0
132,23,290.456,185.338,5.340,8.372,1,1,1.0
132,24,272.769,105.152,4.064,8.703,1,1,1.0
132,25,327.533,388.648,6.637,4.405,1,1,1.0
132,26,341.652,332.418,3.879,8.152,1,1,1.0
132,27,336.098,196.517,4.540,8.354,1,1,1.0
132,31,428.644,124.900,7.226,6.198,1,1,1.0
132,33,473.202,208.805,4.704,6.646,1,1,1.0
132,34,453.532,175.364,4.719,8.838,1,1,1.0
132,38,473.874,102.682,4.232,8.642,1,1,1.0
132,39,546.217,103.804,5.195,9.017,1,1,1.0
132,40,541.359,231.426,6.066,5.163,1,1,1.0
132,42,552.691,393.981,7.972,7.425,1,1,1.0
132,44,570.899,70.940,5.137,8.896,1,1,1.0
132,45,587.773,192.360,4.448,9.087,1,1,1.0
132,46,550.974,81.844,5.738,8.378,1,1,1.0
132,49,718.657,399.465,7.577,4.433,1,1,1.0
132,51,692.225,151.936,4.890,8.843,1,1,1.0
132,52,735.147,258.497,4.555,8.100,1,1,1.0
132,53,736.311,273.944,4.331,4.982,1,1,1.0
132,54,731.305,366.309,4.570,8.935,1,1,1.0
133,1,30.369,363.357,5.143,13.105,1,1,1.0
133,3,29.511,115.492,6.137,7.518,1,1,1.0
133,5,43.931,392.017,7.625,4.840,1,1,1.0
133,9,82.127,37.733,4.236,8.728,1,1,1.0
133,10,82.223,27.271,5.222,6.794,1,1,1.0
133,11,153.378,68.935,4.183,9.266,1,1,1.0
133,14,160.090,275.602,5.238,9.038,1,1,1.0
133,16,146.151,192.942,5.412,7.437,1,1,1.0
133,17,174.219,47.741,8.152,4.117,1,1,1.0
133,19,190.957,29.922,5.859,7.115,1,1,1.0
133,23,289.697,184.033,5.157,8.282,1,1,1.0
133,24,272.668,101.984,4.452,8.849,1,1,1.0
133,25,325.600,389.121,6.876,4.933,1,1,1.0
133,26,341.438,328.283,4.098,8.078,1,1,1.0
133,27,334.969,193.784,4.710,8.592,1,1,1.0
133,31,431.381,122.551,7.325,5.867,1,1,1.0
133,33,472.716,205.765,4.663,7.619,1,1,1.0
133,34,454.958,172.174,5.206,8.827,1,1,1.0
133,38,473.780,101.569,4.015,8.358,1,1,1.0
133,39,546.134,103.822,5.160,9.109,1,1,1.0
133,40,541.995,230.824,6.312,5.146,1,1,1.0
133,42,552.658,393.979,8.068,7.302,1,1,1.0
133,44,569.980,68.759,4.969,8.668,1,1,1.0
133,45,587.419,189.358,4.365,9.184,1,1,1.0
133,46,552.244,79.230,5.174,8.541,1,1,1.0
133,49,718.806,398.935,7.805,4.265,1,1,1.0
133,51,692.772,149.920,4.970,8.752,1,1,1.0
133,52,735.767,256.689,4.344,8.442,1,1,1.0
133,53,736.155,273.359,4.385,5.316,1,1,1.0
133,54,731.398,366.270,4.418,8.897,1,1,1.0
134,1,26.196,322.136,4.402,9.841,1,1,1.0
134,3,31.528,112.837,5.986,7.895,1,1,1.0
134,5,42.601,391.776,7.931,4.890,1,1,1.0
134,9,82.192,37.071,4.014,8.619,1,1,1.0
134,10,82.207,27.484,4.794,6.445,1,1,1.0
134,11,153.545,64.839,4.008,9.429,1,1,1.0
134,14,161.172,274.256,4.742,9.369,1,1,1.0
134,16,148.269,190.373,5.278,7.457,1,1,1.0
134,17,174.296,47.674,8.070,4.155,1,1,1.0
134,19,193.241,29.605,4.646,4.784,1,1,1.0
134,23,289.186,182.815,5.159,8.306,1,1,1.0
134,24,272.693,98.746,4.320,8.604,1,1,1.0
134,25,323.626,390.788,6.884,5.212,1,1,1.0
134,26,341.702,324.753,3.944,8.341,1,1,1.0
134,27,334.197,191.827,4.658,8.708,1,1,1.0
134,31,434.094,119.991,6.781,5.925,1,1,1.0
134,33,472.103,202.493,4.824,7.888,1,1,1.0
134,34,457.047,168.684,5.190,9.187,1,1,1.0
134,38,474.253,99.715,4.013,8.327,1,1,1.0
134,39,546.273,103.278,5.093,8.589,1,1,1.0
134,40,542.469,230.574,6.826,4.849,1,1,1.0
134,42,552.624,394.240,8.263,6.907,1,1,1.0
134,44,568.708,66.464,4.932,9.037,1,1,1.0
134,45,587.024,187.056,4.268,8.991,1,1,1.0
134,46,553.775,76.319,5.305,8.693,1,1,1.0
134,49,720.601,397.858,7.600,4.471,1,1,1.0
134,51,692.986,148.148,5.169,8.895,1,1,1.0
134,52,735.566,255.732,4.269,8.329,1,1,1.0
134,53,736.145,272.636,4.333,5.426,1,1,1.0
134,54,731.297,366.251,4.487,8.975,1,1,1.0
135,1,35.318,322.562,5.660,5.860,1,1,1.0
135,3,32.793,110.243,6.575,8.068,1,1,1.0
135,5,42.375,392.008,7.157,4.996,1,1,1.0
135,9,82.142,36.035,3.881,8.406,1,1,1.0
135,10,82.301,27.600,4.342,6.324,1,1,1.0
135,11,154.422,61.235,3.779,9.078,1,1,1.0
135,14,161.312,273.601,4.838,9.455,1,1,1.0
135,16,150.141,188.755,6.085,6.497,1,1,1.0
135,17,174.275,47.591,8.096,4.275,1,1,1.0
135,23,288.559,181.175,4.885,8.612,1,1,1.0
135,24,272.993,94.972,4.169,9.068,1,1,1.0
135,25,322.417,392.738,7.386,5.428,1,1,1.0
135,26,341.597,321.158,4.079,8.648,1,1,1.0
135,27,333.720,190.636,4.692,8.636,1,1,1.0
135,31,436.513,117.003,6.892,6.324,1,1,1.0
135,33,471.009,199.235,4.681,8.091,1,1,1.0
135,34,458.109,165.290,4.891,8.762,1,1,1.0
135,38,473.933,97.709,4.076,8.515,1,1,1.0
135,39,546.300,101.089,4.890,9.032,1,1,1.0
135,40,543.739,230.997,6.545,4.672,1,1,1.0
135,42,552.782,394.262,8.068,6.962,1,1,1.0
135,44,568.622,64.767,4.919,8.695,1,1,1.0
135,45,586.205,185.027,4.378,9.068,1,1,1.0
135,46,554.892,74.377,5.122,8.502,1,1,1.0
135,49,722.221,396.802,6.954,4.562,1,1,1.0
135,51,693.215,147.290,5.100,8.852,1,1,1.0
135,52,734.874,255.548,4.600,8.573,1,1,1.0
135,53,735.501,271.202,4.637,5.276,1,1,1.0
135,54,731.234,366.247,4.598,9.041,1,1,1.0
136,1,41.679,325.778,4.659,7.690,1,1,1.0
136,3,34.255,108.577,6.159,8.077,1,1,1.0
136,5,41.948,392.254,7.157,5.257,1,1,1.0
136,9,82.029,35.843,4.117,7.848,1,1,1.0
136,10,82.461,27.603,4.287,6.229,1,1,1.0
136,11,154.045,57.995,3.762,9.092,1,1,1.0
136,14,161.405,271.673,5.155,9.785,1,1,1.0
136,16,151.823,186.961,6.310,6.405,1,1,1.0
136,17,174.403,47.568,8.006,4.281,1,1,1.0
136,23,288.501,180.971,4.754,8.664,1,1,1.0
136,24,273.184,91.494,4.028,8.906,1,1,1.0
136,25,321.910,392.680,7.324,5.685,1,1,1.0
136,26,341.520,317.640,3.954,8.532,1,1,1.0
136,27,333.275,189.343,4.812,8.707,1,1,1.0
136,31,438.553,114.816,7.118,6.286,1,1,1.0
136,33,470.519,196.225,4.656,8.144,1,1,1.0
136,34,459.420,162.453,4.638,9.064,1,1,1.0
136,38,474.022,96.479,4.189,8.308,1,1,1.0
136,39,547.102,98.421,4.862,9.107,1,1,1.0
136,40,544.689,231.182,6.922,5.185,1,1,1.0
136,42,552.418,393.768,8.232,7.706,1,1,1.0
136,44,568.393,63.352,4.801,8.624,1,1,1.0
136,45,584.829,182.290,4.696,9.254,1,1,1.0
136,46,557.132,71.333,5.169,8.024,1,1,1.0
136,49,723.098,396.490,7.137,4.509,1,1,1.0
136,51,693.650,146.177,5.153,9.047,1,1,1.0
136,52,735.155,253.666,4.474,9.128,1,1,1.0
136,53,734.554,270.207,5.028,5.573,1,1,1.0
136,54,731.208,366.300,4.592,8.985,1,1,1.0
137,1,41.420,326.272,5.213,8.538,1,1,1.0
137,3,34.343,108.139,6.478,7.630,1,1,1.0
137,5,41.517,392.600,6.703,5.238,1,1,1.0
137,9,82.052,35.670,4.124,6.823,1,1,1.0
137,10,82.356,28.691,4.385,5.915,1,1,1.0
137,11,154.432,54.259,3.863,9.412,1,1,1.0
137,14,162.300,270.140,5.209,9.425,1,1,1.0
137,16,153.848,185.788,5.971,5.776,1,1,1.0
137,17,174.397,47.619,8.055,4.200,1,1,1.0
137,23,288.569,180.967,4.710,8.611,1,1,1.0
137,24,273.060,88.065,4.226,8.854,1,1,1.0
137,25,320.790,392.047,6.973,5.516,1,1,1.0
137,26,341.591,313.999,4.002,8.408,1,1,1.0
137,27,333.027,189.219,4.771,8.458,1,1,1.0
137,31,441.350,112.533,7.622,6.077,1,1,1.0
137,33,469.488,192.939,4.841,8.160,1,1,1.0
137,34,460.325,158.604,4.153,9.157,1,1,1.0
137,38,474.310,93.933,3.979,8.300,1,1,1.0
137,39,547.199,95.548,4.957,9.356,1,1,1.0
137,40,545.718,233.014,6.856,5.204,1,1,1.0
137,42,552.413,393.746,8.180,7.730,1,1,1.0
137,44,567.833,61.608,4.849,8.377,1,1,1.0
137,45,584.117,180.129,4.978,8.126,1,1,1.0
137,46,558.868,67.521,5.077,8.122,1,1,1.0
137,49,724.883,395.664,7.331,4.872,1,1,1.0
137,51,693.896,144.986,5.074,9.392,1,1,1.0
137,52,734.958,252.617,4.528,8.176,1,1,1.0
137,53,734.137,268.352,4.949,6.921,1,1,1.0
137,54,731.343,366.309,4.534,9.024,1,1,1.0
138,1,41.653,325.049,5.061,8.767,1,1,1.0
138,3,34.420,107.732,6.568,7.606,1,1,1.0
138,5,41.073,392.723,6.496,4.775,1,1,1.0
138,11,154.872,50.618,3.772,9.138,1,1,1.0
138,14,163.109,269.906,5.186,9.298,1,1,1.0
138,16,154.770,184.567,6.724,5.856,1,1,1.0
138,17,174.526,47.615,8.011,4.157,1,1,1.0
138,23,288.530,180.919,4.746,8.608,1,1,1.0
138,24,273.394,84.884,4.055,8.620,1,1,1.0
138,25,319.021,391.814,7.393,5.418,1,1,1.0
138,26,341.632,310.104,3.861,8.346,1,1,1.0
138,27,332.926,189.058,4.805,8.418,1,1,1.0
138,31,443.793,111.078,7.859,5.482,1,1,1.0
138,33,468.936,189.954,4.762,8.326,1,1,1.0
138,34,461.020,154.775,4.278,9.559,1,1,1.0
138,38,474.140,91.738,4.100,8.063,1,1,1.0
138,39,548.281,92.730,4.880,10.098,1,1,1.0
138,40,546.709,234.372,6.830,5.271,1,1,1.0
138,42,552.722,394.305,8.102,7.218,1,1,1.0
138,44,567.266,59.705,4.965,8.875,1,1,1.0
138,45,581.671,178.694,5.750,7.396,1,1,1.0
138,46,560.190,64.317,6.012,8.608,1,1,1.0
138,49,726.894,394.809,7.065,4.792,1,1,1.0
138,51,693.845,144.543,5.167,9.271,1,1,1.0
138,52,734.280,251.410,4.237,7.993,1,1,1.0
138,53,733.245,265.127,4.564,7.633,1,1,1.0
138,54,731.308,366.325,4.468,8.901,1,1,1.0
139,1,41.747,323.131,4.409,9.258,1,1,1.0
139,3,34.454,107.634,6.438,7.626,1,1,1.0
139,5,41.352,392.201,6.082,4.921,1,1,1.0
139,9,82.454,30.891,3.700,9.181,1,1,1.0
139,11,154.815,47.283,4.241,9.065,1,1,1.0
139,14,163.133,268.831,5.128,9.314,1,1,1.0
139,16,155.596,183.911,6.531,5.774,1,1,1.0
139,17,174.648,47.604,7.841,4.201,1,1,1.0
139,23,288.499,180.935,4.768,8.631,1,1,1.0
139,24,273.430,80.624,4.254,9.181,1,1,1.0
139,25,317.505,391.826,7.452,4.813,1,1,1.0
139,26,341.634,306.676,3.997,7.998,1,1,1.0
139,27,332.888,188.994,4.851,8.476,1,1,1.0
139,31,447.068,111.033,8.304,3.836,1,1,1.0
139,33,468.066,187.295,4.619,8.630,1,1,1.0
139,34,461.553,151.029,3.781,9.081,1,1,1.0
139,38,474.404,89.502,3.911,8.390,1,1,1.0
139,39,548.906,90.606,4.655,9.246,1,1,1.0
139,40,548.111,235.338,6.678,6.078,1,1,1.0
139,42,552.658,394.283,8.153,7.142,1,1,1.0
139,44,566.080,57.633,6.205,9.657,1,1,1.0
139,45,579.674,177.092,6.356,6.892,1,1,1.0
139,46,561.258,61.699,6.208,8.724,1,1,1.0
139,49,728.537,393.673,6.945,4.988,1,1,1.0
139,51,693.801,144.528,5.251,9.316,1,1,1.0
139,52,734.639,251.144,4.161,8.112,1,1,1.0
139,53,732.868,262.829,4.671,7.541,1,1,1.0
139,54,731.297,366.348,4.376,8.928,1,1,1.0
140,1,41.661,321.937,4.338,9.030,1,1,1.0
140,3,34.498,107.622,6.436,7.640,1,1,1.0
140,5,42.916,391.320,5.127,5.265,1,1,1.0
140,9,82.226,30.897,4.362,8.341,1,1,1.0
140,11,155.350,43.354,3.931,9.254,1,1,1.0
140,14,163.663,266.930,5.192,9.421,1,1,1.0
140,16,155.582,183.910,6.545,5.788,1,1,1.0
140,17,174.687,47.584,7.762,4.297,1,1,1.0
140,23,288.583,180.902,4.720,8.608,1,1,1.0
140,24,273.537,76.954,4.158,8.840,1,1,1.0
140,25,315.173,391.395,7.851,4.754,1,1,1.0
140,26,341.143,302.927,4.049,8.224,1,1,1.0
140,27,332.913,188.978,4.842,8.469,1,1,1.0
140,31,449.947,111.243,8.077,4.240,1,1,1.0
140,33,466.250,184.167,4.835,8.096,1,1,1.0
140,34,460.845,147.186,3.674,8.953,1,1,1.0
140,38,474.522,86.937,4.235,8.487,1,1,1.0
140,39,549.322,88.106,4.863,9.618,1,1,1.0
140,40,549.677,237.318,6.688,6.071,1,1,1.0
140,42,552.559,393.760,8.138,7.967,1,1,1.0
140,44,563.604,56.282,6.729,10.570,1,1,1.0
140,45,577.833,175.707,6.464,6.727,1,1,1.0
140,49,730.760,392.989,6.137,5.223,1,1,1.0
140,51,696.648,139.543,6.813,9.658,1,1,1.0
140,52,733.903,250.005,4.715,8.275,1,1,1.0
140,53,732.398,259.758,4.761,7.850,1,1,1.0
140,54,731.318,366.286,4.429,9.069,1,1,1.0
141,1,41.990,321.012,4.367,9.153,1,1,1.0
141,3,34.563,107.597,6.396,7.639,1,1,1.0
141,5,43.570,390.012,4.612,6.795,1,1,1.0
141,11,156.153,40.101,3.906,9.433,1,1,1.0
141,14,164.127,266.308,5.192,9.303,1,1,1.0
141,16,155.588,183.902,6.510,5.799,1,1,1.0
141,17,174.670,47.603,7.694,4.274,1,1,1.0
141,23,287.837,179.494,4.841,8.461,1,1,1.0
141,24,273.679,73.402,4.165,8.618,1,1,1.0
141,25,313.569,391.392,7.653,4.453,1,1,1.0
141,26,341.195,299.240,3.919,8.151,1,1,1.0
141,27,332.885,188.949,4.830,8.384,1,1,1.0
141,31,451.980,111.577,8.253,4.320,1,1,1.0
141,33,465.566,181.221,4.794,8.630,1,1,1.0
141,34,460.044,143.507,4.213,9.238,1,1,1.0
141,38,474.388,84.881,4.059,8.780,1,1,1.0
141,39,549.609,85.330,4.585,9.392,1,1,1.0
141,40,550.352,238.560,6.663,6.660,1,1,1.0
141,42,552.617,394.262,8.226,7.129,1,1,1.0
141,45,575.690,173.771,6.446,6.949,1,1,1.0
141,46,564.512,54.771,5.580,9.056,1,1,1.0
141,49,732.653,391.652,5.099,5.032,1,1,1.0
141,51,715.769,114.330,8.364,10.177,1,1,1.0
141,52,733.704,248.027,4.675,8.371,1,1,1.0
141,53,732.208,256.683,4.362,8.282,1,1,1.0
141,54,731.173,366.365,4.475,9.186,1,1,1.0
142,1,42.325,319.666,4.464,9.215,1,1,1.0
142,3,34.620,107.590,6.325,7.609,1,1,1.0
142,5,44.263,389.151,4.129,7.682,1,1,1.0
142,11,156.112,36.716,4.049,9.192,1,1,1.0
142,14,164.680,266.353,5.214,9.295,1,1,1.0
142,16,156.853,182.813,6.649,5.984,1,1,1.0
142,17,174.680,47.626,7.795,4.261,1,1,1.0
142,23,286.847,177.650,4.916,8.346,1,1,1.0
142,24,273.841,69.676,4.088,8.490,1,1,1.0
142,25,311.178,391.294,7.622,4.328,1,1,1.0
142,26,340.698,295.504,3.919,8.335,1,1,1.0
142,27,332.865,188.888,4.769,8.279,1,1,1.0
142,31,454.892,112.158,7.758,4.386,1,1,1.0
142,33,464.145,178.489,5.126,7.971,1,1,1.0
142,34,460.181,139.613,4.139,9.469,1,1,1.0
142,38,474.651,82.558,4.069,8.596,1,1,1.0
142,39,549.994,81.917,4.644,9.871,1,1,1.0
142,40,552.224,241.161,6.776,5.920,1,1,1.0
142,42,552.585,394.284,8.218,7.142,1,1,1.0
142,45,573.722,172.303,6.205,6.765,1,1,1.0
142,46,563.137,52.477,8.272,8.043,1,1,1.0
142,49,734.726,391.004,4.562,4.970,1,1,1.0
142,51,723.533,106.931,4.901,8.179,1,1,1.0
142,52,733.135,246.318,4.341,8.630,1,1,1.0
142,53,731.753,254.370,4.393,8.209,1,1,1.0
142,54,731.112,366.353,4.521,8.962,1,1,1.0
143,1,42.731,317.825,4.369,9.666,1,1,1.0
143,3,34.579,107.269,6.362,7.940,1,1,1.0
143,5,44.197,387.880,4.985,8.656,1,1,1.0
143,11,156.926,35.957,3.781,6.933,1,1,1.0
143,14,164.934,264.875,5.175,9.394,1,1,1.0
143,16,158.957,181.045,6.893,5.791,1,1,1.0
143,17,174.471,47.624,7.978,4.219,1,1,1.0
143,23,285.892,174.970,4.785,8.313,1,1,1.0
143,24,273.605,66.502,4.284,8.443,1,1,1.0
143,25,310.200,391.685,6.693,4.022,1,1,1.0
143,26,340.671,291.845,3.974,8.103,1,1,1.0
143,27,332.960,188.943,4.772,8.442,1,1,1.0
143,31,457.236,112.325,7.209,4.462,1,1,1.0
143,33,461.856,176.206,5.843,7.096,1,1,1.0
143,34,459.541,136.477,4.046,9.120,1,1,1.0
143,38,474.177,80.309,3.804,8.169,1,1,1.0
143,39,550.740,78.272,4.659,9.567,1,1,1.0
143,40,554.050,242.788,6.749,5.851,1,1,1.0
143,42,552.588,394.264,8.202,7.120,1,1,1.0
143,44,560.119,50.138,5.771,6.621,1,1,1.0
143,45,571.862,170.679,6.245,6.974,1,1,1.0
143,46,568.103,49.961,4.955,7.561,1,1,1.0
143,49,735.164,390.157,4.517,4.801,1,1,1.0
143,51,723.636,105.907,4.626,8.569,1,1,1.0
143,52,732.879,246.051,4.553,9.000,1,1,1.0
143,53,731.455,252.066,4.444,9.310,1,1,1.0
143,54,731.109,366.525,4.494,8.915,1,1,1.0
144,1,42.587,316.483,4.224,9.481,1,1,1.0
144,3,34.822,106.776,5.750,8.319,1,1,1.0
144,5,45.005,386.505,5.079,10.571,1,1,1.0
144,14,165.520,263.532,5.418,9.255,1,1,1.0
144,16,161.513,178.590,6.948,6.428,1,1,1.0
144,17,174.676,47.593,7.731,4.284,1,1,1.0
144,23,284.538,172.154,4.787,8.538,1,1,1.0
144,24,273.684,62.640,4.150,8.660,1,1,1.0
144,25,309.525,391.801,6.053,4.477,1,1,1.0
144,26,340.491,288.033,3.960,8.347,1,1,1.0
144,27,332.854,188.728,4.902,8.678,1,1,1.0
144,31,458.856,112.262,7.371,4.441,1,1,1.0
144,33,459.607,174.412,6.609,6.623,1,1,1.0
144,34,459.472,132.870,4.195,9.033,1,1,1.0
144,38,474.375,78.658,4.037,8.224,1,1,1.0
144,39,551.522,74.310,4.494,9.845,1,1,1.0
144,40,555.679,243.901,7.037,5.910,1,1,1.0
144,42,552.467,393.753,8.172,7.931,1,1,1.0
144,44,558.059,48.825,6.295,6.219,1,1,1.0
144,45,569.373,169.341,6.685,6.660,1,1,1.0
144,46,569.763,46.869,5.309,8.196,1,1,1.0
144,49,735.619,390.019,4.274,4.887,1,1,1.0
144,51,723.658,105.562,4.764,8.708,1,1,1.0
144,52,732.662,244.810,5.053,8.155,1,1,1.0
144,53,731.178,251.845,4.549,8.586,1,1,1.0
144,54,731.157,366.546,4.524,8.888,1,1,1.0
145,1,41.702,315.433,5.229,9.096,1,1,1.0
145,3,35.521,105.776,5.023,8.899,1,1,1.0
145,5,45.756,384.071,4.880,11.450,1,1,1.0
145,11,158.548,27.742,3.951,6.260,1,1,1.0
145,14,166.128,262.658,5.373,9.471,1,1,1.0
145,16,164.079,175.776,7.104,6.677,1,1,1.0
145,17,174.786,47.684,7.731,4.162,1,1,1.0
145,23,283.484,169.698,4.583,8.007,1,1,1.0
145,24,273.951,59.098,4.151,8.645,1,1,1.0
145,25,306.964,391.616,6.709,4.180,1,1,1.0
145,26,340.353,284.596,3.932,8.105,1,1,1.0
145,27,332.803,188.763,4.958,8.468,1,1,1.0
145,31,460.538,112.055,7.487,4.404,1,1,1.0
145,33,456.497,173.331,7.430,4.988,1,1,1.0
145,34,458.781,128.889,4.065,9.144,1,1,1.0
145,38,474.420,76.017,4.047,8.561,1,1,1.0
145,39,552.219,70.040,3.770,9.290,1,1,1.0
145,40,557.524,245.603,7.283,6.536,1,1,1.0
145,42,552.630,394.270,8.241,7.085,1,1,1.0
145,44,555.873,47.088,6.876,6.510,1,1,1.0
145,45,567.292,167.903,7.267,6.624,1,1,1.0
145,46,571.055,42.697,5.179,9.342,1,1,1.0
145,49,735.630,389.229,4.110,5.055,1,1,1.0
145,51,724.236,104.152,4.235,8.967,1,1,1.0
145,52,732.009,243.146,5.016,7.882,1,1,1.0
145,53,731.193,252.127,4.467,8.166,1,1,1.0
145,54,731.248,366.475,4.539,9.044,1,1,1.0
146,1,39.613,313.882,5.974,8.247,1,1,1.0
146,3,35.815,104.837,4.949,8.724,1,1,1.0
146,5,45.936,381.286,4.934,9.596,1,1,1.0
146,14,166.661,262.312,5.239,9.016,1,1,1.0
146,16,167.098,173.431,6.509,6.460,1,1,1.0
146,17,174.720,47.684,7.746,4.165,1,1,1.0
146,23,282.574,166.914,4.510,8.638,1,1,1.0
146,24,274.239,55.403,3.942,8.728,1,1,1.0
146,25,305.688,391.448,6.674,4.588,1,1,1.0
146,26,339.921,280.622,4.280,8.330,1,1,1.0
146,27,332.820,188.793,4.939,8.396,1,1,1.0
146,31,462.966,110.415,6.473,5.009,1,1,1.0
146,33,453.607,172.998,7.617,4.603,1,1,1.0
146,34,458.445,125.328,3.990,8.705,1,1,1.0
146,38,474.333,73.833,3.855,8.537,1,1,1.0
146,39,552.586,66.130,4.064,9.545,1,1,1.0
146,40,559.883,247.549,6.760,6.429,1,1,1.0
146,42,552.649,394.265,8.208,7.072,1,1,1.0
146,44,553.588,44.457,6.934,6.795,1,1,1.0
146,45,565.117,166.569,7.323,6.114,1,1,1.0
146,46,573.014,39.957,5.389,9.086,1,1,1.0
146,49,735.235,389.290,4.296,4.969,1,1,1.0
146,51,724.382,102.985,4.325,8.832,1,1,1.0
146,52,730.646,242.750,4.552,7.995,1,1,1.0
146,53,731.171,252.482,4.527,7.873,1,1,1.0
146,54,731.303,366.493,4.470,9.016,1,1,1.0
147,1,37.559,312.417,6.880,7.555,1,1,1.0
147,3,36.150,103.868,4.710,8.654,1,1,1.0
147,5,47.034,378.834,5.240,8.924,1,1,1.0
147,14,166.899,261.945,5.258,9.080,1,1,1.0
147,16,169.660,170.644,6.384,6.339,1,1,1.0
147,17,174.474,47.540,8.010,4.235,1,1,1.0
147,23,281.817,165.015,4.438,8.387,1,1,1.0
147,24,274.095,51.984,3.979,8.749,1,1,1.0
147,25,302.722,391.471,7.799,4.579,1,1,1.0
147,26,339.275,276.530,4.074,8.086,1,1,1.0
147,27,332.882,188.725,4.813,8.323,1,1,1.0
147,31,464.122,107.835,6.131,6.325,1,1,1.0
147,33,450.795,172.215,8.253,4.430,1,1,1.0
147,34,458.067,121.575,3.617,8.724,1,1,1.0
147,38,474.223,71.842,3.942,8.436,1,1,1.0
147,39,552.702,62.211,4.268,9.727,1,1,1.0
147,40,561.731,250.212,6.328,7.372,1,1,1.0
147,42,552.562,394.254,8.382,7.704,1,1,1.0
147,44,551.307,42.457,6.746,6.785,1,1,1.0
147,45,562.537,165.245,7.453,6.273,1,1,1.0
147,46,574.313,35.884,5.233,9.170,1,1,1.0
147,49,733.945,388.819,4.745,4.472,1,1,1.0
147,51,724.236,101.815,4.358,8.693,1,1,1.0
147,52,730.037,242.653,4.921,7.778,1,1,1.0
147,53,731.260,252.694,4.419,8.022,1,1,1.0
147,54,731.236,366.527,4.392,8.959,1,1,1.0
148,1,35.825,310.781,6.562,7.671,1,1,1.0
148,3,36.818,102.147,4.936,8.805,1,1,1.0
148,5,47.900,377.316,6.692,7.872,1,1,1.0
148,14,167.602,260.222,5.294,9.407,1,1,1.0
148,16,171.884,169.516,6.552,6.035,1,1,1.0
148,17,174.491,47.513,8.054,4.271,1,1,1.0
148,23,281.611,163.659,4.470,8.503,1,1,1.0
148,24,274.159,48.342,4.015,8.906,1,1,1.0
148,25,300.245,391.479,8.372,4.560,1,1,1.0
148,26,339.707,272.956,3.892,8.536,1,1,1.0
148,27,332.996,188.731,4.723,8.314,1,1,1.0
148,31,465.584,105.489,5.359,6.619,1,1,1.0
148,33,450.278,169.218,7.157,6.717,1,1,1.0
148,34,458.761,117.743,3.917,8.994,1,1,1.0
148,38,474.401,69.640,3.914,8.561,1,1,1.0
148,39,552.526,58.851,4.154,9.645,1,1,1.0
148,40,563.108,253.055,6.232,7.816,1,1,1.0
148,42,552.867,394.206,8.299,7.432,1,1,1.0
148,44,549.099,39.299,7.002,7.460,1,1,1.0
148,45,560.233,163.359,6.892,6.943,1,1,1.0
148,46,576.155,33.778,4.204,8.232,1,1,1.0
148,49,732.511,388.302,4.622,4.756,1,1,1.0
148,51,724.329,100.833,4.196,8.502,1,1,1.0
148,52,729.573,240.364,4.600,8.014,1,1,1.0
148,53,730.801,252.284,4.672,7.933,1,1,1.0
148,54,731.336,366.547,4.270,8.923,1,1,1.0
149,1,33.453,309.029,6.979,7.455,1,1,1.0
149,3,37.866,100.409,5.035,8.978,1,1,1.0
149,5,50.169,375.965,6.747,7.115,1,1,1.0
149,14,167.615,259.149,5.546,9.369,1,1,1.0
149,16,174.559,167.411,6.896,6.258,1,1,1.0
149,17,174.365,47.511,8.115,4.302,1,1,1.0
149,23,281.362,162.451,4.497,8.682,1,1,1.0
149,24,274.125,44.966,4.079,8.469,1,1,1.0
149,25,298.970,390.596,8.844,4.831,1,1,1.0
149,26,339.427,268.990,4.028,8.721,1,1,1.0
149,27,332.936,188.690,4.730,8.267,1,1,1.0
149,31,467.125,103.073,5.270,7.213,1,1,1.0
149,33,450.033,166.250,6.328,7.987,1,1,1.0
149,34,458.978,115.873,5.172,8.225,1,1,1.0
149,38,474.247,67.689,3.826,8.622,1,1,1.0
149,39,552.783,55.527,3.944,9.393,1,1,1.0
149,40,564.749,255.439,6.024,8.411,1,1,1.0
149,42,553.062,394.133,8.245,7.964,1,1,1.0
149,44,547.195,37.191,6.287,7.213,1,1,1.0
149,45,557.607,161.460,7.055,6.993,1,1,1.0
149,46,576.620,27.997,4.280,9.985,1,1,1.0
149,49,731.767,387.564,4.655,4.640,1,1,1.0
149,51,725.142,100.810,5.805,6.673,1,1,1.0
149,52,728.932,239.278,4.956,7.897,1,1,1.0
149,53,721.297,246.181,4.800,8.166,1,1,1.0
149,54,731.294,366.528,4.364,8.885,1,1,1.0
150,1,31.667,306.912,6.695,7.135,1,1,1.0
150,3,38.750,98.729,5.388,8.645,1,1,1.0
150,5,51.926,374.405,7.123,7.116,1,1,1.0
150,14,167.768,258.832,5.088,9.172,1,1,1.0
150,16,177.414,164.940,7.036,6.044,1,1,1.0
150,17,174.525,47.517,7.975,4.312,1,1,1.0
150,23,281.144,160.581,4.439,8.673,1,1,1.0
150,24,274.060,41.139,4.079,8.923,1,1,1.0
150,25,296.800,389.439,8.314,4.970,1,1,1.0
150,26,338.922,265.995,4.226,8.521,1,1,1.0
150,27,332.867,188.672,4.783,8.275,1,1,1.0
150,31,468.371,100.451,4.950,6.639,1,1,1.0
150,33,449.321,163.038,5.541,8.243,1,1,1.0
150,34,461.321,114.107,5.600,8.011,1,1,1.0
150,38,474.438,65.851,4.200,8.240,1,1,1.0
150,39,553.171,51.410,4.205,9.772,1,1,1.0
150,40,566.094,258.631,5.932,7.919,1,1,1.0
150,42,553.269,393.693,8.992,7.927,1,1,1.0
150,44,545.350,34.536,6.748,7.504,1,1,1.0
150,45,555.468,160.040,7.005,5.961,1,1,1.0
150,46,577.192,27.334,4.516,7.446,1,1,1.0
150,49,729.701,387.319,4.961,4.844,1,1,1.0
150,51,726.785,99.804,6.191,6.148,1,1,1.0
150,52,728.765,239.212,4.815,7.582,1,1,1.0
150,53,688.615,220.203,9.072,8.089,1,1,1.0
150,54,731.299,366.616,4.324,8.793,1,1,1.0
151,1,30.474,306.563,6.303,7.010,1,1,1.0
151,3,40.581,97.549,7.282,7.043,1,1,1.0
151,5,54.469,372.770,6.628,6.728,1,1,1.0
151,14,167.983,258.096,4.847,9.344,1,1,1.0
151,16,180.629,162.253,6.960,5.807,1,1,1.0
151,17,174.617,47.533,7.914,4.310,1,1,1.0
151,23,280.084,157.589,4.472,8.864,1,1,1.0
151,24,273.647,38.137,4.196,9.033,1,1,1.0
151,25,294.856,389.410,8.462,5.059,1,1,1.0
151,26,338.741,262.899,4.246,8.657,1,1,1.0
151,27,332.731,188.687,4.744,8.084,1,1,1.0
151,31,469.061,98.950,4.963,6.794,1,1,1.0
151,33,448.758,159.710,4.726,8.726,1,1,1.0
151,34,462.913,111.785,5.678,7.164,1,1,1.0
151,38,474.314,63.114,4.266,8.377,1,1,1.0
151,39,552.503,47.922,4.146,9.575,1,1,1.0
151,40,567.405,260.913,6.038,8.718,1,1,1.0
151,42,554.120,393.363,8.541,7.249,1,1,1.0
151,44,544.217,32.726,6.664,7.775,1,1,1.0
151,45,553.352,157.467,6.580,6.800,1,1,1.0
151,49,728.088,386.599,4.821,4.784,1,1,1.0
151,51,727.978,98.971,6.259,5.961,1,1,1.0
151,52,728.619,238.357,5.066,7.636,1,1,1.0
151,53,675.086,211.823,5.470,5.347,1,1,1.0
151,54,731.319,366.641,4.265,8.679,1,1,1.0
152,1,28.476,305.057,6.864,7.090,1,1,1.0
152,3,41.992,95.957,7.333,6.800,1,1,1.0
152,5,56.318,371.921,6.520,6.671,1,1,1.0
152,14,168.070,256.996,4.743,9.476,1,1,1.0
152,16,182.684,160.432,7.229,6.061,1,1,1.0
152,17,174.693,47.574,7.829,4.257,1,1,1.0
152,23,279.766,154.530,4.086,9.138,1,1,1.0
152,24,273.317,35.878,4.173,7.849,1,1,1.0
152,25,292.450,389.443,8.799,4.571,1,1,1.0
152,26,338.512,259.927,4.114,8.681,1,1,1.0
152,27,332.725,188.727,4.743,8.183,1,1,1.0
152,31,470.289,95.931,5.415,6.947,1,1,1.0
152,33,448.703,156.438,4.473,8.877,1,1,1.0
152,34,465.230,109.271,5.366,7.255,1,1,1.0
152,38,474.331,60.855,4.317,8.439,1,1,1.0
152,39,552.778,44.913,4.385,8.968,1,1,1.0
152,40,568.807,264.060,6.076,8.471,1,1,1.0
152,42,555.487,392.508,8.594,7.203,1,1,1.0
152,44,543.053,31.187,6.207,7.331,1,1,1.0
152,45,551.698,155.818,6.930,6.563,1,1,1.0
152,49,725.910,386.259,5.282,4.643,1,1,1.0
152,51,729.404,97.402,6.043,6.130,1,1,1.0
152,52,728.689,237.902,5.104,7.809,1,1,1.0
152,53,673.947,211.822,7.011,4.391,1,1,1.0
152,54,731.299,366.633,4.241,8.710,1,1,1.0
153,1,27.318,303.727,5.828,6.886,1,1,1.0
153,3,43.270,94.761,7.678,6.834,1,1,1.0
153,5,57.850,370.073,6.662,7.007,1,1,1.0
153,14,168.132,256.077,4.681,9.612,1,1,1.0
153,16,184.732,158.212,7.038,6.140,1,1,1.0
153,17,174.719,47.512,7.769,4.252,1,1,1.0
153,22,273.311,27.127,4.750,5.779,1,1,1.0
153,23,280.293,151.859,4.054,9.107,1,1,1.0
153,24,273.108,35.283,4.326,4.665,1,1,1.0
153,25,290.315,389.078,8.313,4.645,1,1,1.0
153,26,338.102,258.006,4.142,8.332,1,1,1.0
153,27,332.747,188.638,4.823,8.392,1,1,1.0
153,31,471.535,94.277,5.287,6.515,1,1,1.0
153,33,449.361,153.015,4.314,9.182,1,1,1.0
153,34,466.709,106.615,5.026,7.878,1,1,1.0
153,38,473.481,59.105,4.421,8.408,1,1,1.0
153,39,552.697,41.608,4.396,9.530,1,1,1.0
153,40,570.431,267.216,5.824,8.301,1,1,1.0
153,42,557.750,391.539,7.242,5.935,1,1,1.0
153,44,543.051,31.038,5.571,6.433,1,1,1.0
153,45,550.140,153.625,6.726,6.585,1,1,1.0
153,49,723.581,384.911,5.683,4.812,1,1,1.0
153,51,731.116,96.607,5.107,5.803,1,1,1.0
153,52,728.638,236.900,5.318,7.912,1,1,1.0
153,53,674.733,211.212,7.047,4.680,1,1,1.0
153,54,731.279,366.540,4.355,8.975,1,1,1.0
154,1,26.246,302.880,6.327,6.929,1,1,1.0
154,3,45.063,93.265,7.653,7.255,1,1,1.0
154,5,60.102,369.154,6.693,6.594,1,1,1.0
154,14,168.043,254.903,4.592,9.566,1,1,1.0
154,16,187.851,155.812,6.523,6.138,1,1,1.0
154,17,174.621,47.501,7.945,4.356,1,1,1.0
154,23,280.862,149.241,3.917,9.007,1,1,1.0
154,25,288.771,389.406,7.857,4.920,1,1,1.0
154,26,337.175,255.300,4.485,8.304,1,1,1.0
154,27,332.852,188.725,4.794,8.681,1,1,1.0
154,31,472.256,92.460,4.848,6.408,1,1,1.0
154,33,450.059,149.510,4.365,9.117,1,1,1.0
154,34,467.773,103.763,4.493,7.706,1,1,1.0
154,38,473.347,57.587,4.550,8.421,1,1,1.0
154,39,553.087,38.328,4.434,9.424,1,1,1.0
154,40,571.577,270.154,6.062,8.352,1,1,1.0
154,42,560.000,391.289,5.783,5.504,1,1,1.0
154,43,560.695,400.144,6.359,3.726,1,1,1.0
154,45,548.797,151.680,6.578,6.878,1,1,1.0
154,49,720.899,384.182,6.248,4.709,1,1,1.0
154,51,732.297,94.775,4.928,6.064,1,1,1.0
154,52,728.591,235.977,5.051,8.065,1,1,1.0
154,53,675.027,210.821,6.924,5.125,1,1,1.0
154,54,731.243,366.566,4.378,9.214,1,1,1.0
155,1,24.042,301.679,6.394,6.601,1,1,1.0
155,3,47.054,91.271,6.542,7.371,1,1,1.0
155,5,62.063,367.804,6.637,6.512,1,1,1.0
155,14,168.228,253.037,4.378,9.733,1,1,1.0
155,16,190.105,152.676,6.677,6.580,1,1,1.0
155,17,174.550,47.462,8.049,4.438,1,1,1.0
155,23,281.157,147.044,3.827,8.942,1,1,1.0
155,25,285.792,390.098,8.611,5.326,1,1,1.0
155,26,336.177,253.452,4.428,7.432,1,1,1.0
155,27,332.752,188.655,4.812,8.366,1,1,1.0
155,31,472.665,90.419,5.225,7.070,1,1,1.0
155,33,450.496,146.188,4.465,8.792,1,1,1.0
155,34,468.480,100.194,4.209,9.133,1,1,1.0
155,38,473.828,55.574,4.233,8.222,1,1,1.0
155,39,553.192,35.179,4.193,9.520,1,1,1.0
155,40,573.806,273.222,5.868,7.987,1,1,1.0
155,42,560.671,390.334,5.126,4.987,1,1,1.0
155,43,561.210,399.974,5.999,3.872,1,1,1.0
155,45,546.627,149.714,6.229,7.202,1,1,1.0
155,49,718.190,382.517,6.143,4.997,1,1,1.0
155,51,733.328,93.628,4.962,6.560,1,1,1.0
155,52,728.531,235.536,5.042,8.079,1,1,1.0
155,53,675.294,208.210,4.738,8.422,1,1,1.0
155,54,731.359,366.524,4.328,9.163,1,1,1.0
156,1,22.342,300.182,6.092,6.415,1,1,1.0
156,3,49.196,88.630,6.627,7.666,1,1,1.0
156,5,64.481,366.931,6.703,6.434,1,1,1.0
156,14,168.366,252.346,4.345,9.704,1,1,1.0
156,16,192.914,150.226,6.274,6.349,1,1,1.0
156,17,174.575,47.479,8.109,4.393,1,1,1.0
156,23,281.208,145.170,3.853,8.605,1,1,1.0
156,25,284.359,390.851,7.966,5.793,1,1,1.0
156,26,335.084,251.354,4.650,7.279,1,1,1.0
156,27,332.799,188.609,4.691,8.204,1,1,1.0
156,31,473.534,87.929,4.580,6.751,1,1,1.0
156,33,451.759,142.644,4.227,9.023,1,1,1.0
156,34,468.119,97.233,4.016,8.737,1,1,1.0
156,38,473.370,54.314,4.052,8.271,1,1,1.0
156,40,574.856,276.653,5.639,7.735,1,1,1.0
156,42,560.609,390.280,5.025,4.559,1,1,1.0
156,43,561.124,400.066,5.883,3.824,1,1,1.0
156,45,544.846,147.881,6.121,6.885,1,1,1.0
156,49,715.160,381.444,6.395,5.104,1,1,1.0
156,51,735.197,92.560,4.259,6.088,1,1,1.0
156,52,728.334,234.738,5.001,7.888,1,1,1.0
156,53,674.325,206.425,4.379,9.383,1,1,1.0
156,54,731.591,366.580,4.175,9.058,1,1,1.0
157,1,20.331,299.358,6.680,5.705,1,1,1.0
157,3,50.313,85.827,6.748,7.596,1,1,1.0
157,5,66.681,365.676,6.521,6.285,1,1,1.0
157,14,168.234,251.669,4.404,9.481,1,1,1.0
157,16,195.021,147.694,6.114,6.380,1,1,1.0
157,17,174.584,47.479,8.095,4.393,1,1,1.0
157,23,281.299,143.145,3.990,8.619,1,1,1.0
157,25,282.747,391.873,7.138,7.857,1,1,1.0
157,26,334.167,248.457,4.807,8.145,1,1,1.0
157,27,332.756,188.597,4.659,8.255,1,1,1.0
157,31,473.954,85.400,4.481,6.860,1,1,1.0
157,33,451.894,139.117,4.524,9.261,1,1,1.0
157,34,468.015,93.478,3.897,8.732,1,1,1.0
157,38,473.243,53.282,4.297,8.108,1,1,1.0
157,39,552.739,27.243,4.005,10.794,1,1,1.0
157,40,577.013,278.788,5.595,7.618,1,1,1.0
157,42,560.268,390.352,5.035,4.981,1,1,1.0
157,45,542.896,145.785,6.081,7.086,1,1,1.0
157,49,712.066,379.746,6.837,5.334,1,1,1.0
157,51,735.810,91.319,4.279,6.028,1,1,1.0
157,52,728.482,233.983,4.886,8.252,1,1,1.0
157,53,674.534,204.983,4.409,8.961,1,1,1.0
157,54,731.405,366.563,4.467,9.008,1,1,1.0
158,1,19.349,299.300,5.309,5.855,1,1,1.0
158,3,51.912,83.694,6.311,8.273,1,1,1.0
158,5,68.856,365.254,6.459,6.273,1,1,1.0
158,14,168.216,249.606,4.417,9.752,1,1,1.0
158,16,197.390,145.311,5.929,6.070,1,1,1.0
158,17,174.631,47.465,8.014,4.456,1,1,1.0
158,23,281.537,141.094,3.907,9.288,1,1,1.0
158,25,281.835,391.629,6.811,8.149,1,1,1.0
158,26,333.582,246.370,4.598,7.637,1,1,1.0
158,27,332.803,188.591,4.663,8.290,1,1,1.0
158,31,474.497,82.361,4.102,6.973,1,1,1.0
158,33,452.749,135.979,4.145,9.017,1,1,1.0
158,34,467.332,90.576,3.781,8.162,1,1,1.0
158,38,474.164,51.606,3.917,8.198,1,1,1.0
158,39,552.354,28.075,4.293,7.330,1,1,1.0
158,40,578.948,281.150,5.961,8.139,1,1,1.0
158,42,559.493,390.475,4.712,5.045,1,1,1.0
158,45,542.085,144.083,5.448,7.004,1,1,1.0
158,49,709.326,378.291,7.336,5.209,1,1,1.0
158,51,736.628,89.414,4.313,6.388,1,1,1.0
158,52,728.198,233.122,5.068,8.269,1,1,1.0
158,53,674.390,203.155,4.251,9.016,1,1,1.0
158,54,731.510,366.582,4.457,8.991,1,1,1.0
159,1,17.766,299.355,5.934,6.402,1,1,1.0
159,3,53.079,81.478,6.074,8.645,1,1,1.0
159,5,70.706,364.481,6.449,6.105,1,1,1.0
159,14,168.835,248.521,4.505,9.613,1,1,1.0
159,16,198.503,143.412,6.034,5.968,1,1,1.0
159,17,174.561,47.405,8.084,4.410,1,1,1.0
159,23,281.296,139.972,4.015,8.696,1,1,1.0
159,25,281.783,391.549,6.949,8.591,1,1,1.0
159,26,332.456,243.859,4.831,7.997,1,1,1.0
159,27,332.792,188.572,4.682,8.262,1,1,1.0
159,31,475.062,80.288,4.029,7.111,1,1,1.0
159,33,452.946,132.032,4.170,9.362,1,1,1.0
159,34,467.451,86.897,3.672,9.195,1,1,1.0
159,38,473.558,50.576,4.063,7.930,1,1,1.0
159,40,581.752,283.100,5.865,7.630,1,1,1.0
159,42,557.322,390.818,6.189,4.889,1,1,1.0
159,45,541.094,142.651,5.270,6.891,1,1,1.0
159,49,706.763,377.355,7.307,5.044,1,1,1.0
159,51,736.797,88.145,4.039,6.059,1,1,1.0
159,52,727.639,231.207,5.205,8.652,1,1,1.0
159,53,674.489,201.545,3.917,9.127,1,1,1.0
159,54,731.614,366.537,4.379,8.935,1,1,1.0
160,1,16.938,299.573,5.588,6.070,1,1,1.0
160,3,55.200,79.004,5.607,7.993,1,1,1.0
160,5,72.401,363.883,6.492,6.046,1,1,1.0
160,14,169.115,248.191,4.573,9.252,1,1,1.0
160,16,200.177,141.652,5.797,6.001,1,1,1.0
160,17,174.653,47.454,7.986,4.419,1,1,1.0
160,23,281.712,138.758,3.882,8.528,1,1,1.0
160,25,282.312,391.251,5.967,8.642,1,1,1.0
160,26,331.216,240.772,4.856,8.023,1,1,1.0
160,27,332.844,188.615,4.629,8.246,1,1,1.0
160,31,474.039,77.733,4.495,7.164,1,1,1.0
160,33,453.664,128.491,4.352,8.733,1,1,1.0
160,34,466.630,83.226,4.072,8.917,1,1,1.0
160,38,473.399,48.734,3.973,8.243,1,1,1.0
160,40,583.329,286.125,6.963,5.592,1,1,1.0
160,42,554.962,391.697,6.693,4.888,1,1,1.0
160,45,540.248,140.151,4.664,7.143,1,1,1.0
160,49,703.994,377.261,7.580,4.668,1,1,1.0
160,51,736.678,86.784,4.346,6.074,1,1,1.0
160,52,727.707,230.384,5.188,8.371,1,1,1.0
160,53,674.222,199.884,3.811,8.492,1,1,1.0
160,54,731.633,366.513,4.232,9.097,1,1,1.0
161,1,16.719,299.890,4.626,5.746,1,1,1.0
161,3,56.234,76.049,5.462,8.579,1,1,1.0
161,5,74.171,362.686,5.556,6.442,1,1,1.0
161,14,169.067,247.298,4.578,9.244,1,1,1.0
161,16,201.139,139.976,5.862,6.206,1,1,1.0
161,17,174.643,47.401,7.967,4.436,1,1,1.0
161,23,282.080,137.568,3.986,8.850,1,1,1.0
161,25,283.473,391.130,4.686,8.324,1,1,1.0
161,26,330.326,238.792,4.729,7.833,1,1,1.0
161,27,332.832,188.602,4.674,8.251,1,1,1.0
161,31,473.824,73.944,4.361,7.704,1,1,1.0
161,33,453.833,124.974,4.193,8.779,1,1,1.0
161,34,465.420,80.483,4.400,8.304,1,1,1.0
161,38,473.676,46.691,3.912,8.281,1,1,1.0
161,40,586.096,286.998,7.126,4.421,1,1,1.0
161,42,552.994,392.397,6.446,5.286,1,1,1.0
161,45,539.403,137.766,4.601,7.418,1,1,1.0
161,49,700.683,378.770,7.618,4.776,1,1,1.0
161,51,736.390,86.359,4.484,5.938,1,1,1.0
161,52,726.850,228.191,5.233,8.428,1,1,1.0
161,53,672.199,196.683,4.644,8.468,1,1,1.0
161,54,731.720,366.560,4.117,8.958,1,1,1.0
162,1,14.672,297.755,4.800,8.166,1,1,1.0
162,3,57.975,72.514,4.941,9.108,1,1,1.0
162,5,75.449,361.651,5.698,6.309,1,1,1.0
162,14,169.192,245.097,4.762,9.403,1,1,1.0
162,16,202.364,138.705,5.625,6.067,1,1,1.0
162,17,174.666,47.438,7.958,4.404,1,1,1.0
162,23,282.082,136.975,4.067,8.952,1,1,1.0
162,25,284.613,390.780,4.052,8.006,1,1,1.0
162,26,329.609,236.422,4.678,8.227,1,1,1.0
162,27,332.833,188.578,4.688,8.260,1,1,1.0
162,31,473.368,69.695,4.470,8.291,1,1,1.0
162,33,454.568,120.720,3.997,9.421,1,1,1.0
162,34,463.760,78.163,5.057,8.061,1,1,1.0
162,38,473.055,44.436,4.445,8.543,1,1,1.0
162,40,588.252,287.813,7.518,4.437,1,1,1.0
162,42,551.767,392.966,6.602,5.432,1,1,1.0
162,45,538.827,135.346,4.170,8.218,1,1,1.0
162,49,697.974,377.660,7.831,4.848,1,1,1.0
162,51,735.612,87.427,5.011,4.789,1,1,1.0
162,52,726.026,226.995,5.128,8.477,1,1,1.0
162,53,670.615,195.466,5.189,7.504,1,1,1.0
162,54,731.836,366.658,4.042,8.913,1,1,1.0
163,1,11.568,297.755,4.800,8.166,1,1,1.0
163,3,58.747,68.880,4.575,9.323,1,1,1.0
163,5,76.868,360.267,5.092,6.739,1,1,1.0
163,14,170.052,243.710,4.717,9.149,1,1,1.0
163,16,203.723,136.074,5.982,6.520,1,1,1.0
163,17,174.678,47.467,7.917,4.390,1,1,1.0
163,23,282.158,136.825,4.051,8.816,1,1,1.0
163,25,284.077,390.698,4.401,7.797,1,1,1.0
163,26,328.234,233.887,4.613,7.964,1,1,1.0
163,27,332.842,188.605,4.681,8.240,1,1,1.0
163,31,473.309,66.555,4.073,8.141,1,1,1.0
163,33,454.682,117.081,3.988,9.282,1,1,1.0
163,34,462.561,75.503,4.796,7.760,1,1,1.0
163,38,472.967,42.640,4.291,9.037,1,1,1.0
163,40,591.390,287.533,6.991,4.264,1,1,1.0
163,42,550.726,393.230,6.775,5.544,1,1,1.0
163,45,538.323,132.482,3.987,8.400,1,1,1.0
163,49,694.842,376.624,8.077,5.079,1,1,1.0
163,51,734.364,88.970,5.326,4.526,1,1,1.0
163,52,725.564,225.459,5.061,8.646,1,1,1.0
163,53,668.947,193.042,5.260,7.391,1,1,1.0
163,54,731.822,366.647,4.200,9.116,1,1,1.0
164,1,11.309,294.133,4.800,8.166,1,1,1.0
164,3,59.701,66.300,4.508,8.820,1,1,1.0
164,5,77.990,358.899,4.952,6.591,1,1,1.0
164,14,170.276,243.426,4.855,9.216,1,1,1.0
164,16,205.924,133.093,4.651,7.857,1,1,1.0
164,17,174.649,47.481,7.916,4.380,1,1,1.0
164,23,282.198,136.693,4.060,8.862,1,1,1.0
164,25,283.938,391.120,4.569,6.922,1,1,1.0
164,26,327.359,231.905,4.769,7.713,1,1,1.0
164,27,332.879,188.603,4.664,8.244,1,1,1.0
164,31,473.107,63.351,4.509,8.414,1,1,1.0
164,33,455.041,113.803,3.914,9.361,1,1,1.0
164,34,460.223,73.997,5.532,8.134,1,1,1.0
164,38,473.243,40.491,4.011,8.905,1,1,1.0
164,40,593.564,287.602,6.770,4.333,1,1,1.0
164,42,550.624,393.255,6.949,5.429,1,1,1.0
164,45,538.061,129.177,3.830,8.698,1,1,1.0
164,49,692.465,376.062,7.567,4.975,1,1,1.0
164,51,733.296,89.472,5.399,4.649,1,1,1.0
164,52,725.310,223.950,4.973,8.358,1,1,1.0
164,53,668.120,190.940,4.881,7.189,1,1,1.0
164,54,731.741,366.688,4.130,8.970,1,1,1.0
165,1,11.568,294.909,4.800,8.166,1,1,1.0
165,3,60.756,62.561,4.317,9.085,1,1,1.0
165,5,79.278,356.979,4.223,7.014,1,1,1.0
165,14,170.555,242.562,4.739,9.044,1,1,1.0
165,16,206.729,129.363,4.172,8.130,1,1,1.0
165,17,174.640,47.387,8.037,4.433,1,1,1.0
165,23,282.541,135.311,4.196,8.964,1,1,1.0
165,25,283.908,391.461,4.549,6.515,1,1,1.0
165,26,325.969,229.274,4.814,8.409,1,1,1.0
165,27,332.868,188.627,4.688,8.255,1,1,1.0
165,31,473.057,60.160,4.301,8.260,1,1,1.0
165,33,454.675,109.955,3.787,8.923,1,1,1.0
165,34,458.776,72.354,5.459,7.407,1,1,1.0
165,38,473.250,38.259,3.953,8.762,1,1,1.0
165,40,595.764,286.946,6.259,4.100,1,1,1.0
165,42,551.081,393.166,6.726,5.514,1,1,1.0
165,45,538.164,126.219,3.670,8.555,1,1,1.0
165,49,689.511,375.176,7.465,4.943,1,1,1.0
165,51,732.512,89.485,5.409,4.557,1,1,1.0
165,52,725.042,221.917,5.141,8.394,1,1,1.0
165,53,667.306,188.197,4.721,7.521,1,1,1.0
165,54,731.646,366.765,4.154,8.887,1,1,1.0
166,1,10.792,293.357,4.800,8.166,1,1,1.0
166,3,61.541,59.535,4.370,8.900,1,1,1.0
166,5,79.980,354.742,4.448,7.037,1,1,1.0
166,14,170.745,240.818,4.883,9.416,1,1,1.0
166,16,207.040,125.869,4.049,8.270,1,1,1.0
166,17,174.675,47.420,7.948,4.401,1,1,1.0
166,23,282.876,133.141,4.106,8.678,1,1,1.0
166,25,283.819,391.802,4.562,6.056,1,1,1.0
166,26,324.374,228.414,5.198,7.630,1,1,1.0
166,27,332.854,188.618,4.648,8.266,1,1,1.0
166,31,473.048,56.033,4.335,8.288,1,1,1.0
166,33,454.655,106.894,3.896,8.909,1,1,1.0
166,34,456.638,70.901,6.154,6.872,1,1,1.0
166,38,473.000,36.359,3.807,9.265,1,1,1.0
166,40,598.002,286.375,5.960,4.459,1,1,1.0
166,42,552.410,392.931,5.378,5.603,1,1,1.0
166,45,538.335,123.005,3.747,8.729,1,1,1.0
166,49,686.142,375.557,7.574,4.317,1,1,1.0
166,51,732.357,89.426,5.049,4.446,1,1,1.0
166,52,723.974,220.676,4.761,8.640,1,1,1.0
166,53,667.048,185.483,4.566,7.635,1,1,1.0
166,54,731.825,366.769,4.078,8.860,1,1,1.0
167,1,11.827,291.288,4.800,8.166,1,1,1.0
167,3,61.923,55.986,4.381,9.026,1,1,1.0
167,5,80.661,352.483,4.249,7.197,1,1,1.0
167,14,171.070,240.103,4.741,9.020,1,1,1.0
167,16,207.842,122.261,3.903,8.765,1,1,1.0
167,17,174.707,47.449,7.897,4.339,1,1,1.0
167,23,282.886,129.867,4.156,8.899,1,1,1.0
167,25,283.669,392.667,4.501,5.473,1,1,1.0
167,26,321.247,228.729,6.669,5.617,1,1,1.0
167,27,332.813,188.617,4.605,8.207,1,1,1.0
167,31,473.194,50.799,3.932,8.627,1,1,1.0
167,33,454.175,102.683,4.100,8.765,1,1,1.0
167,34,454.840,68.839,6.058,6.876,1,1,1.0
167,38,473.117,36.113,3.392,7.609,1,1,1.0
167,40,599.790,285.853,5.562,4.424,1,1,1.0
167,42,552.823,393.051,5.276,4.654,1,1,1.0
167,45,538.943,120.198,3.671,9.174,1,1,1.0
167,49,683.441,375.895,7.730,4.299,1,1,1.0
167,51,732.159,89.256,5.155,4.373,1,1,1.0
167,52,723.868,219.124,4.968,8.514,1,1,1.0
167,53,666.533,182.147,4.214,7.950,1,1,1.0
167,54,731.947,366.803,3.992,8.816,1,1,1.0
168,1,11.309,291.029,4.800,8.166,1,1,1.0
168,3,62.954,53.093,4.351,8.994,1,1,1.0
168,5,80.892,349.737,4.284,7.638,1,1,1.0
168,14,171.761,239.064,4.871,8.815,1,1,1.0
168,16,208.698,118.114,3.555,8.467,1,1,1.0
168,17,174.661,47.430,7.940,4.333,1,1,1.0
168,23,283.164,126.181,4.081,9.023,1,1,1.0
168,25,282.802,393.534,4.917,5.445,1,1,1.0
168,26,318.406,227.689,6.352,5.561,1,1,1.0
168,27,332.947,188.647,4.575,8.416,1,1,1.0
168,31,473.143,46.999,3.961,8.811,1,1,1.0
168,33,453.876,99.006,4.239,9.119,1,1,1.0
168,34,452.346,66.750,6.302,6.905,1,1,1.0
168,38,472.821,36.283,3.657,5.823,1,1,1.0
168,40,601.283,285.266,5.293,4.711,1,1,1.0
168,42,553.556,393.104,4.946,4.502,1,1,1.0
168,45,538.699,117.145,3.941,9.383,1,1,1.0
168,49,680.687,377.341,7.483,4.587,1,1,1.0
168,51,732.190,89.309,5.249,4.385,1,1,1.0
168,52,723.407,216.965,4.816,8.434,1,1,1.0
168,53,666.802,179.056,4.078,7.763,1,1,1.0
168,54,731.957,366.770,3.937,8.911,1,1,1.0
169,1,12.085,290.771,4.800,8.166,1,1,1.0
169,3,63.378,49.155,4.217,9.376,1,1,1.0
169,5,81.170,346.693,4.366,8.036,1,1,1.0
169,14,172.096,238.681,4.811,8.957,1,1,1.0
169,16,208.379,113.380,3.791,8.665,1,1,1.0
169,17,174.743,47.474,7.943,4.312,1,1,1.0
169,23,283.425,122.485,4.051,9.282,1,1,1.0
169,25,282.387,393.646,5.089,5.144,1,1,1.0
169,26,315.643,225.870,6.923,6.032,1,1,1.0
169,27,332.951,188.603,4.702,8.418,1,1,1.0
169,31,473.467,43.697,3.943,8.516,1,1,1.0
169,33,453.445,95.145,4.231,9.227,1,1,1.0
169,34,448.800,65.405,7.603,5.838,1,1,1.0
169,37,473.401,29.527,4.055,5.759,1,1,1.0
169,38,473.060,35.428,3.619,6.572,1,1,1.0
169,40,603.085,283.921,4.815,4.964,1,1,1.0
169,42,554.161,393.015,4.872,4.495,1,1,1.0
169,45,538.891,114.447,3.848,8.982,1,1,1.0
169,49,679.073,379.216,7.414,5.135,1,1,1.0
169,51,732.131,89.221,5.384,4.367,1,1,1.0
169,52,722.374,215.390,4.556,8.859,1,1,1.0
169,53,666.727,176.076,4.106,8.279,1,1,1.0
169,54,732.031,366.934,3.925,9.041,1,1,1.0
170,1,11.827,290.253,4.800,8.166,1,1,1.0
170,3,63.868,46.697,4.099,9.166,1,1,1.0
170,5,81.274,343.952,4.182,7.852,1,1,1.0
170,14,172.332,237.381,5.077,9.163,1,1,1.0
170,16,209.119,108.899,3.554,8.736,1,1,1.0
170,17,174.782,47.461,7.921,4.327,1,1,1.0
170,23,283.881,119.241,4.017,8.988,1,1,1.0
170,25,281.664,393.400,5.363,5.054,1,1,1.0
170,26,313.298,224.270,6.847,5.975,1,1,1.0
170,27,332.707,188.089,4.852,8.271,1,1,1.0
170,31,473.137,40.852,4.281,9.102,1,1,1.0
170,33,453.095,91.972,4.461,9.292,1,1,1.0
170,34,445.534,63.929,7.617,5.626,1,1,1.0
170,38,474.501,29.551,4.030,5.656,1,1,1.0
170,40,604.755,283.159,4.396,5.225,1,1,1.0
170,42,554.920,392.876,4.517,4.633,1,1,1.0
170,45,538.850,111.232,3.897,8.932,1,1,1.0
170,49,677.611,381.508,6.539,5.114,1,1,1.0
170,51,732.154,89.186,5.196,4.428,1,1,1.0
170,52,721.873,214.628,4.527,8.967,1,1,1.0
170,53,667.115,173.364,4.307,7.937,1,1,1.0
170,54,732.031,366.941,3.988,9.143,1,1,1.0
171,1,11.568,289.477,4.800,8.166,1,1,1.0
171,3,64.083,43.730,4.063,8.915,1,1,1.0
171,5,81.467,340.882,4.215,7.961,1,1,1.0
171,14,172.360,236.231,5.185,8.853,1,1,1.0
171,16,209.359,104.532,3.727,8.689,1,1,1.0
171,17,174.783,47.440,7.858,4.254,1,1,1.0
171,23,283.746,115.558,4.090,9.268,1,1,1.0
171,25,280.748,393.354,5.357,4.927,1,1,1.0
171,26,311.977,221.856,6.960,6.579,1,1,1.0
171,27,331.957,188.061,5.943,6.989,1,1,1.0
171,31,473.583,36.114,3.865,10.879,1,1,1.0
171,33,452.624,88.107,4.367,9.102,1,1,1.0
171,34,442.931,62.386,7.473,5.292,1,1,1.0
171,40,605.379,282.010,4.450,5.333,1,1,1.0
171,42,554.920,392.631,4.515,4.693,1,1,1.0
171,45,539.174,107.886,4.226,9.457,1,1,1.0
171,49,675.866,383.599,5.810,6.759,1,1,1.0
171,51,731.506,86.961,5.651,7.018,1,1,1.0
171,52,721.928,212.371,4.449,8.965,1,1,1.0
171,53,667.363,169.722,4.586,8.351,1,1,1.0
171,54,732.031,367.216,3.870,9.074,1,1,1.0
172,1,11.827,288.960,4.800,8.166,1,1,1.0
172,3,64.124,41.163,4.173,8.955,1,1,1.0
172,5,81.114,338.339,4.379,8.065,1,1,1.0
172,14,173.218,234.691,4.855,9.229,1,1,1.0
172,16,209.143,99.917,3.867,8.870,1,1,1.0
172,17,174.743,47.473,7.906,4.306,1,1,1.0
172,23,283.324,111.621,4.127,9.006,1,1,1.0
172,25,279.153,393.304,4.875,4.935,1,1,1.0
172,26,311.993,219.404,5.551,8.040,1,1,1.0
172,27,330.854,187.655,6.463,6.461,1,1,1.0
172,31,473.646,35.402,4.127,8.807,1,1,1.0
172,33,452.503,84.876,4.345,9.240,1,1,1.0
172,34,439.673,60.587,7.571,5.295,1,1,1.0
172,40,605.709,280.854,4.436,5.798,1,1,1.0
172,42,554.234,392.350,4.880,4.449,1,1,1.0
172,45,539.484,105.188,4.275,9.069,1,1,1.0
172,49,674.440,386.780,5.549,7.211,1,1,1.0
172,51,730.882,83.344,5.409,8.502,1,1,1.0
172,52,721.243,210.445,4.587,8.589,1,1,1.0
172,53,667.999,167.191,4.408,8.353,1,1,1.0
172,54,732.126,367.292,3.753,9.054,1,1,1.0
173,1,11.309,287.667,4.800,8.166,1,1,1.0
173,3,64.616,39.171,4.176,9.444,1,1,1.0
173,5,81.050,335.541,4.413,8.189,1,1,1.0
173,14,173.566,233.538,4.859,9.508,1,1,1.0
173,16,209.616,97.158,3.819,8.505,1,1,1.0
173,17,174.730,47.467,7.904,4.218,1,1,1.0
173,23,283.539,108.060,3.922,9.241,1,1,1.0
173,25,277.117,393.698,5.415,4.622,1,1,1.0
173,26,312.763,216.328,4.350,8.921,1,1,1.0
173,27,329.442,186.881,6.567,6.512,1,1,1.0
173,31,473.594,35.709,3.976,8.137,1,1,1.0
173,33,452.698,81.515,3.804,9.179,1,1,1.0
173,34,436.300,58.392,7.987,5.503,1,1,1.0
173,40,606.141,279.720,4.303,5.918,1,1,1.0
173,42,553.961,391.884,4.674,4.703,1,1,1.0
173,45,539.860,102.024,4.311,8.828,1,1,1.0
173,49,673.490,389.887,5.894,7.800,1,1,1.0
173,51,730.132,80.284,5.289,8.337,1,1,1.0
173,52,720.263,209.010,4.362,8.959,1,1,1.0
173,53,668.512,164.965,4.406,8.266,1,1,1.0
173,54,732.214,367.923,3.879,8.881,1,1,1.0
174,1,9.290,285.326,6.159,8.879,1,1,1.0
174,3,65.141,36.929,4.268,9.416,1,1,1.0
174,5,80.743,332.552,4.265,8.485,1,1,1.0
174,14,173.882,232.842,4.788,9.507,1,1,1.0
174,16,209.903,94.668,3.767,8.506,1,1,1.0
174,17,174.714,47.499,7.951,4.236,1,1,1.0
174,23,283.553,105.549,3.980,8.968,1,1,1.0
174,25,276.649,393.990,4.651,5.124,1,1,1.0
174,26,313.308,214.621,4.120,8.524,1,1,1.0
174,27,328.769,185.531,6.515,6.793,1,1,1.0
174,31,473.434,35.620,3.947,7.565,1,1,1.0
174,33,453.025,78.833,4.516,8.717,1,1,1.0
174,34,436.028,55.118,5.638,7.688,1,1,1.0
174,40,606.426,278.917,4.368,5.747,1,1,1.0
174,42,552.743,391.754,4.922,4.769,1,1,1.0
174,45,540.200,99.501,4.247,8.624,1,1,1.0
174,49,673.168,391.888,5.176,10.079,1,1,1.0
174,51,729.175,76.671,5.024,8.560,1,1,1.0
174,52,720.936,207.150,4.227,8.504,1,1,1.0
174,53,669.177,161.921,4.358,8.224,1,1,1.0
174,54,732.288,367.634,3.920,8.899,1,1,1.0
175,1,11.827,284.563,4.800,8.166,1,1,1.0
175,3,65.397,34.068,4.033,10.026,1,1,1.0
175,5,80.909,328.270,4.428,8.756,1,1,1.0
175,14,174.065,231.845,4.923,9.217,1,1,1.0
175,16,209.485,93.669,3.899,8.782,1,1,1.0
175,17,174.720,47.450,7.886,4.291,1,1,1.0
175,23,283.508,102.933,4.021,9.364,1,1,1.0
175,25,276.262,394.064,4.574,5.012,1,1,1.0
175,26,314.696,212.021,4.672,8.660,1,1,1.0
175,27,329.000,182.773,4.997,8.187,1,1,1.0
175,31,473.268,35.011,3.961,7.221,1,1,1.0
175,33,453.978,75.505,4.860,8.582,1,1,1.0
175,34,437.782,51.991,4.244,9.322,1,1,1.0
175,40,605.824,277.632,4.710,5.877,1,1,1.0
175,42,551.712,392.161,5.160,5.840,1,1,1.0
175,45,541.323,96.796,4.424,8.551,1,1,1.0
175,49,672.746,391.683,5.180,10.098,1,1,1.0
175,51,728.831,73.641,4.922,8.664,1,1,1.0
175,52,719.920,205.259,4.323,8.476,1,1,1.0
175,53,670.047,159.322,4.405,8.076,1,1,1.0
175,54,732.319,367.658,3.935,8.846,1,1,1.0
176,1,11.568,283.269,4.800,8.166,1,1,1.0
176,3,65.585,32.002,3.992,9.262,1,1,1.0
176,5,80.511,324.826,4.626,9.207,1,1,1.0
176,14,174.310,230.055,4.938,9.268,1,1,1.0
176,16,209.473,93.685,3.875,8.788,1,1,1.0
176,17,174.680,47.422,7.917,4.316,1,1,1.0
176,23,283.369,100.463,4.032,9.286,1,1,1.0
176,25,275.616,394.189,4.631,5.059,1,1,1.0
176,26,315.633,209.495,4.420,8.477,1,1,1.0
176,27,328.640,180.581,4.340,8.514,1,1,1.0
176,31,473.412,35.033,3.845,7.285,1,1,1.0
176,33,455.557,72.506,4.772,8.547,1,1,1.0
176,34,438.691,49.051,3.907,9.100,1,1,1.0
176,40,605.000,276.587,4.748,5.829,1,1,1.0
176,42,550.452,392.297,5.620,5.699,1,1,1.0
176,45,541.783,93.912,4.620,8.524,1,1,1.0
176,49,671.167,392.672,5.379,6.832,1,1,1.0
176,51,728.207,70.621,4.922,8.337,1,1,1.0
176,52,718.526,204.336,4.206,8.953,1,1,1.0
176,53,671.180,155.278,4.361,8.484,1,1,1.0
176,54,732.348,367.710,3.841,8.726,1,1,1.0
177,1,17.000,279.131,4.800,8.166,1,1,1.0
177,3,65.461,31.277,4.287,8.746,1,1,1.0
177,5,80.618,321.184,4.492,8.872,1,1,1.0
177,14,174.687,229.167,5.072,9.255,1,1,1.0
177,16,209.405,93.745,3.907,8.748,1,1,1.0
177,17,174.690,47.467,7.875,4.287,1,1,1.0
177,23,283.189,98.363,4.148,8.852,1,1,1.0
177,25,275.357,394.307,4.349,5.122,1,1,1.0
177,26,317.231,206.402,4.558,8.811,1,1,1.0
177,27,328.364,178.797,4.244,8.664,1,1,1.0
177,31,473.395,35.074,3.817,7.224,1,1,1.0
177,33,456.347,69.376,4.838,8.466,1,1,1.0
177,34,439.362,45.995,4.132,9.000,1,1,1.0
177,40,604.198,275.441,4.877,6.134,1,1,1.0
177,42,550.406,392.290,5.698,5.662,1,1,1.0
177,45,542.724,91.197,4.811,8.404,1,1,1.0
177,49,669.749,393.879,5.843,5.688,1,1,1.0
177,51,727.475,67.034,4.643,8.606,1,1,1.0
177,52,719.036,202.268,4.280,8.750,1,1,1.0
177,53,671.716,152.264,4.520,8.326,1,1,1.0
177,54,732.310,367.687,3.894,8.659,1,1,1.0
178,1,17.932,276.615,4.040,6.688,1,1,1.0
178,3,66.337,30.843,4.007,6.303,1,1,1.0
178,5,80.598,317.905,4.201,8.589,1,1,1.0
178,14,174.859,228.576,5.419,9.009,1,1,1.0
178,16,209.452,93.740,3.914,8.751,1,1,1.0
178,17,174.758,47.481,7.850,4.303,1,1,1.0
178,23,283.275,96.298,4.157,9.240,1,1,1.0
178,25,275.109,394.499,4.565,5.269,1,1,1.0
178,26,318.383,204.102,5.634,7.582,1,1,1.0
178,27,328.469,176.523,4.345,8.870,1,1,1.0
178,31,473.514,34.375,3.637,7.749,1,1,1.0
178,33,458.121,65.721,4.736,9.120,1,1,1.0
178,34,440.215,42.944,4.124,9.123,1,1,1.0
178,40,603.063,273.978,5.522,5.773,1,1,1.0
178,42,551.712,392.005,4.756,5.476,1,1,1.0
178,45,543.698,88.431,4.636,8.528,1,1,1.0
178,49,668.594,393.913,6.143,5.507,1,1,1.0
178,51,726.823,62.931,4.696,8.875,1,1,1.0
178,52,719.388,200.719,4.269,8.644,1,1,1.0
178,53,672.955,149.006,4.689,8.489,1,1,1.0
178,54,732.361,367.655,3.846,8.768,1,1,1.0
179,1,17.896,274.521,5.020,7.572,1,1,1.0
179,5,80.379,314.022,4.454,8.603,1,1,1.0
179,14,175.519,227.664,5.353,9.382,1,1,1.0
179,16,209.352,91.742,4.041,8.932,1,1,1.0
179,17,174.752,47.487,7.820,4.290,1,1,1.0
179,23,283.306,94.546,4.146,9.172,1,1,1.0
179,25,274.188,394.507,4.557,5.056,1,1,1.0
179,26,320.452,201.453,5.658,7.872,1,1,1.0
179,27,327.913,173.770,4.130,8.516,1,1,1.0
179,31,473.623,34.343,3.713,7.805,1,1,1.0
179,33,458.427,62.256,4.756,8.893,1,1,1.0
179,34,440.802,38.996,4.121,9.641,1,1,1.0
179,40,601.141,272.248,5.904,6.067,1,1,1.0
179,42,552.576,391.825,5.378,4.781,1,1,1.0
179,45,544.682,85.735,5.101,8.644,1,1,1.0
179,49,667.545,393.600,5.192,4.874,1,1,1.0
179,51,725.916,59.013,4.715,8.813,1,1,1.0
179,52,718.761,199.624,4.112,8.784,1,1,1.0
179,53,674.486,145.776,4.498,8.529,1,1,1.0
179,54,732.297,367.742,3.803,8.706,1,1,1.0
180,1,19.571,271.933,5.720,6.895,1,1,1.0
180,5,79.376,310.849,4.750,8.908,1,1,1.0
180,14,176.018,226.307,5.371,9.207,1,1,1.0
180,16,209.260,88.569,4.125,8.333,1,1,1.0
180,17,174.679,47.426,7.873,4.339,1,1,1.0
180,23,283.519,93.354,4.103,9.070,1,1,1.0
180,25,273.827,394.578,4.710,5.446,1,1,1.0
180,26,321.995,199.396,6.163,7.095,1,1,1.0
180,27,327.336,170.745,4.182,9.061,1,1,1.0
180,31,473.494,34.744,3.818,7.652,1,1,1.0
180,33,459.286,58.993,4.207,8.856,1,1,1.0
180,34,442.039,36.385,4.047,9.097,1,1,1.0
180,40,599.313,270.507,5.923,6.349,1,1,1.0
180,42,553.142,391.729,6.165,4.723,1,1,1.0
180,45,545.572,83.026,5.191,8.534,1,1,1.0
180,49,666.935,392.955,4.917,4.808,1,1,1.0
180,51,725.807,54.979,4.530,8.943,1,1,1.0
180,52,718.647,198.105,4.175,9.273,1,1,1.0
180,53,675.551,142.915,4.867,8.649,1,1,1.0
180,54,732.254,367.743,3.949,8.696,1,1,1.0
181,1,21.426,269.009,5.919,7.369,1,1,1.0
181,5,78.179,309.067,4.835,8.280,1,1,1.0
181,14,176.956,224.845,5.006,8.901,1,1,1.0
181,16,209.637,84.147,3.840,8.592,1,1,1.0
181,17,174.677,47.446,7.767,4.311,1,1,1.0
181,23,283.765,91.842,3.930,9.228,1,1,1.0
181,25,273.604,394.791,4.700,5.414,1,1,1.0
181,26,324.318,197.347,5.926,7.097,1,1,1.0
181,27,326.520,167.806,3.948,9.126,1,1,1.0
181,31,473.364,34.527,3.807,7.791,1,1,1.0
181,33,459.343,55.952,4.037,9.173,1,1,1.0
181,34,442.549,33.251,4.078,9.052,1,1,1.0
181,40,597.352,268.497,6.030,6.134,1,1,1.0
181,42,554.091,391.589,6.279,4.549,1,1,1.0
181,45,546.644,80.760,5.019,8.877,1,1,1.0
181,49,665.869,391.560,4.559,4.618,1,1,1.0
181,51,725.378,51.870,4.423,8.961,1,1,1.0
181,52,719.074,196.201,4.191,9.098,1,1,1.0
181,53,677.057,140.430,4.692,8.264,1,1,1.0
181,54,731.997,367.566,3.950,8.652,1,1,1.0
182,1,23.506,265.144,5.565,8.183,1,1,1.0
182,5,76.814,307.026,4.963,7.970,1,1,1.0
182,14,177.404,224.549,5.306,8.650,1,1,1.0
182,16,209.799,80.253,3.732,8.705,1,1,1.0
182,17,174.628,47.485,7.844,4.279,1,1,1.0
182,23,283.788,91.814,4.004,9.091,1,1,1.0
182,25,272.619,395.041,5.152,4.871,1,1,1.0
182,26,326.233,194.609,5.720,7.209,1,1,1.0
182,27,325.827,163.891,3.978,8.983,1,1,1.0
182,31,473.280,34.575,3.580,7.787,1,1,1.0
182,33,459.777,51.883,4.024,9.199,1,1,1.0
182,34,443.315,30.165,4.259,8.315,1,1,1.0
182,40,595.194,266.678,6.657,6.041,1,1,1.0
182,42,554.803,391.561,6.688,4.491,1,1,1.0
182,45,547.839,78.188,5.344,8.812,1,1,1.0
182,49,665.439,391.077,4.711,4.548,1,1,1.0
182,51,725.484,48.942,4.381,8.901,1,1,1.0
182,52,719.031,194.302,4.158,9.132,1,1,1.0
182,53,678.187,137.904,4.994,8.616,1,1,1.0
182,54,731.971,367.575,3.956,8.609,1,1,1.0
183,1,24.908,261.872,5.927,8.306,1,1,1.0
183,5,74.802,304.719,5.665,7.450,1,1,1.0
183,14,177.612,223.866,5.289,8.661,1,1,1.0
183,16,209.496,76.544,3.907,8.830,1,1,1.0
183,17,174.649,47.528,7.839,4.316,1,1,1.0
183,23,283.747,91.814,4.042,9.083,1,1,1.0
183,25,273.234,394.904,4.736,4.865,1,1,1.0
183,26,327.970,192.691,5.656,7.426,1,1,1.0
183,27,324.627,160.540,4.127,8.912,1,1,1.0
183,31,473.365,34.472,3.678,6.970,1,1,1.0
183,33,459.326,49.588,4.224,8.985,1,1,1.0
183,34,443.391,29.785,4.307,6.371,1,1,1.0
183,40,593.476,264.709,6.285,6.012,1,1,1.0
183,42,555.674,391.731,7.013,4.485,1,1,1.0
183,45,549.414,75.712,5.143,8.301,1,1,1.0
183,49,664.547,389.888,4.486,4.749,1,1,1.0
183,51,724.977,46.014,4.308,8.734,1,1,1.0
183,52,718.367,192.350,4.100,9.169,1,1,1.0
183,53,680.351,134.901,5.384,8.246,1,1,1.0
183,54,732.293,367.593,3.944,9.010,1,1,1.0
184,1,26.641,257.729,5.644,8.507,1,1,1.0
184,5,73.460,302.782,5.396,7.469,1,1,1.0
184,14,178.183,221.912,5.466,8.975,1,1,1.0
184,16,209.647,73.060,3.651,8.812,1,1,1.0
184,17,174.623,47.509,7.769,4.290,1,1,1.0
184,23,283.709,91.809,3.983,9.031,1,1,1.0
184,25,273.558,394.926,5.024,5.356,1,1,1.0
184,26,329.373,190.362,5.695,7.344,1,1,1.0
184,27,323.415,156.821,4.125,8.999,1,1,1.0
184,31,473.538,34.413,4.299,5.735,1,1,1.0
184,33,457.190,46.183,4.941,8.371,1,1,1.0
184,40,591.132,263.255,6.752,6.309,1,1,1.0
184,42,556.927,391.455,6.748,4.693,1,1,1.0
184,45,550.716,74.008,6.147,7.590,1,1,1.0
184,49,664.232,389.129,4.690,4.844,1,1,1.0
184,51,724.908,43.312,4.176,9.189,1,1,1.0
184,52,718.862,190.275,4.291,9.205,1,1,1.0
184,53,681.783,132.864,6.468,7.793,1,1,1.0
184,54,732.049,367.566,3.939,8.973,1,1,1.0
185,1,28.114,254.621,5.890,8.909,1,1,1.0
185,5,72.060,299.821,5.676,7.987,1,1,1.0
185,14,178.880,220.897,5.503,9.024,1,1,1.0
185,16,209.845,69.281,3.598,8.788,1,1,1.0
185,17,174.586,47.515,7.786,4.282,1,1,1.0
185,23,283.733,91.816,3.963,9.014,1,1,1.0
185,25,274.775,394.953,5.027,5.092,1,1,1.0
185,26,330.987,188.642,5.105,7.460,1,1,1.0
185,27,322.450,153.536,4.365,9.118,1,1,1.0
185,33,455.346,43.911,5.748,7.773,1,1,1.0
185,40,589.387,262.176,6.543,6.252,1,1,1.0
185,42,558.974,391.864,6.685,4.557,1,1,1.0
185,45,552.436,72.407,6.574,6.830,1,1,1.0
185,49,664.170,388.761,4.941,4.767,1,1,1.0
185,51,724.862,41.163,4.183,9.293,1,1,1.0
185,52,718.704,188.740,4.288,9.043,1,1,1.0
185,53,684.846,130.216,6.145,7.756,1,1,1.0
185,54,731.208,367.039,4.591,8.875,1,1,1.0
186,1,29.852,251.255,5.947,8.668,1,1,1.0
186,5,70.516,297.718,5.503,7.856,1,1,1.0
186,14,179.085,220.234,5.589,9.138,1,1,1.0
186,16,209.851,65.980,3.705,8.725,1,1,1.0
186,17,174.687,47.593,7.755,4.266,1,1,1.0
186,23,283.689,91.841,3.932,9.017,1,1,1.0
186,25,276.353,395.161,5.094,4.936,1,1,1.0
186,26,332.090,186.551,5.367,7.815,1,1,1.0
186,27,321.334,150.464,4.220,8.785,1,1,1.0
186,33,453.235,41.361,6.121,7.391,1,1,1.0
186,34,453.486,26.688,5.657,4.244,1,1,1.0
186,40,588.255,262.416,6.933,5.950,1,1,1.0
186,42,560.942,391.851,6.075,4.537,1,1,1.0
186,45,554.324,71.015,6.643,6.755,1,1,1.0
186,49,664.433,388.865,4.933,4.718,1,1,1.0
186,51,724.500,39.243,4.194,9.383,1,1,1.0
186,52,718.754,187.548,4.331,8.952,1,1,1.0
186,53,686.621,127.571,5.849,7.838,1,1,1.0
186,54,731.214,367.211,4.578,8.874,1,1,1.0
187,1,31.618,247.754,5.999,8.476,1,1,1.0
187,5,69.699,295.664,5.762,8.352,1,1,1.0
187,14,179.736,219.633,5.530,8.506,1,1,1.0
187,16,209.659,62.930,3.872,8.280,1,1,1.0
187,17,174.669,47.562,7.718,4.272,1,1,1.0
187,23,283.624,91.146,4.025,9.302,1,1,1.0
187,25,277.578,395.060,6.505,4.662,1,1,1.0
187,26,333.366,184.649,5.228,7.748,1,1,1.0
187,27,320.025,147.037,4.564,8.704,1,1,1.0
187,33,450.730,39.274,6.795,7.037,1,1,1.0
187,34,452.866,26.764,5.540,4.731,1,1,1.0
187,40,586.561,263.405,7.693,4.100,1,1,1.0
187,42,562.104,391.682,5.795,4.733,1,1,1.0
187,45,556.314,69.339,6.778,6.927,1,1,1.0
187,49,665.223,389.205,4.823,4.972,1,1,1.0
187,51,724.240,36.981,4.424,9.376,1,1,1.0
187,52,719.477,185.676,4.557,8.956,1,1,1.0
187,53,687.726,124.411,5.749,8.415,1,1,1.0
187,54,731.098,367.156,4.697,8.662,1,1,1.0
188,1,33.317,244.311,6.208,8.482,1,1,1.0
188,5,68.745,293.374,5.541,8.398,1,1,1.0
188,14,180.033,217.992,5.394,8.609,1,1,1.0
188,16,209.798,59.403,3.522,8.578,1,1,1.0
188,17,174.575,47.672,7.908,4.084,1,1,1.0
188,23,283.660,90.071,4.082,9.252,1,1,1.0
188,25,279.746,394.628,6.007,4.705,1,1,1.0
188,26,333.864,181.906,5.094,7.881,1,1,1.0
188,27,319.203,143.108,4.433,8.825,1,1,1.0
188,33,447.974,37.153,6.769,6.947,1,1,1.0
188,40,584.837,264.494,7.752,4.147,1,1,1.0
188,42,562.946,391.886,6.080,4.004,1,1,1.0
188,45,558.351,67.255,6.260,6.819,1,1,1.0
188,49,666.245,390.413,5.664,5.174,1,1,1.0
188,51,724.174,35.838,4.460,7.843,1,1,1.0
188,52,719.555,184.752,4.532,8.779,1,1,1.0
188,53,688.904,121.482,5.632,8.628,1,1,1.0
188,54,731.490,367.286,4.276,8.572,1,1,1.0
189,1,34.841,240.980,6.136,8.524,1,1,1.0
189,5,68.118,289.069,4.908,8.980,1,1,1.0
189,14,180.612,216.519,5.442,8.695,1,1,1.0
189,16,209.908,55.607,3.489,8.337,1,1,1.0
189,17,174.507,47.534,7.759,4.168,1,1,1.0
189,23,283.623,88.626,4.177,9.116,1,1,1.0
189,25,282.079,394.412,5.993,4.646,1,1,1.0
189,26,334.638,178.521,4.508,7.904,1,1,1.0
189,27,318.250,139.521,4.410,8.722,1,1,1.0
189,33,444.647,35.970,7.521,6.367,1,1,1.0
189,40,582.893,265.267,8.198,4.136,1,1,1.0
189,42,563.526,391.988,6.690,4.118,1,1,1.0
189,45,558.955,65.278,6.673,7.186,1,1,1.0
189,49,667.924,391.945,5.477,5.916,1,1,1.0
189,51,722.978,28.116,5.467,5.468,1,1,1.0
189,52,719.246,184.452,4.608,8.989,1,1,1.0
189,53,690.401,117.963,4.808,8.888,1,1,1.0
189,54,731.773,367.360,4.203,8.493,1,1,1.0
190,1,36.934,238.006,6.444,8.928,1,1,1.0
190,5,67.511,285.228,4.808,9.602,1,1,1.0
190,14,181.326,215.487,5.627,9.327,1,1,1.0
190,16,209.709,51.538,3.843,8.691,1,1,1.0
190,17,174.657,47.497,7.680,4.143,1,1,1.0
190,23,283.552,87.081,4.351,9.187,1,1,1.0
190,25,283.642,394.970,6.403,4.482,1,1,1.0
190,26,335.284,175.318,4.213,8.389,1,1,1.0
190,27,317.122,136.688,4.277,8.819,1,1,1.0
190,33,441.450,34.016,7.804,5.634,1,1,1.0
190,40,582.427,266.031,7.783,3.996,1,1,1.0
190,42,563.954,391.714,6.604,4.282,1,1,1.0
190,45,561.014,62.112,5.224,8.650,1,1,1.0
190,49,669.520,394.227,6.096,5.269,1,1,1.0
190,51,723.216,28.127,5.309,6.329,1,1,1.0
190,52,719.278,184.780,4.563,8.924,1,1,1.0
190,53,690.268,114.867,4.302,9.130,1,1,1.0
190,54,731.900,367.554,4.145,8.746,1,1,1.0
191,1,38.655,235.034,6.130,8.854,1,1,1.0
191,5,65.951,282.953,5.122,9.227,1,1,1.0
191,14,181.357,215.334,5.810,9.073,1,1,1.0
191,16,209.710,48.417,4.051,8.597,1,1,1.0
191,17,174.819,47.679,7.766,4.170,1,1,1.0
191,23,283.576,86.004,4.490,9.176,1,1,1.0
191,25,284.398,395.027,6.964,4.382,1,1,1.0
191,26,335.332,172.365,4.228,9.023,1,1,1.0
191,27,315.393,133.523,4.928,8.742,1,1,1.0
191,33,438.449,32.455,8.314,5.587,1,1,1.0
191,40,579.679,266.563,8.399,4.104,1,1,1.0
191,42,563.734,391.712,7.045,4.417,1,1,1.0
191,45,561.733,59.179,4.711,8.840,1,1,1.0
191,49,671.723,395.860,6.906,6.090,1,1,1.0
191,51,722.986,28.119,4.799,5.720,1,1,1.0
191,52,719.108,185.047,4.869,8.964,1,1,1.0
191,53,689.091,112.599,4.857,8.732,1,1,1.0
191,54,731.893,367.605,4.203,8.575,1,1,1.0
192,1,40.266,231.583,5.989,8.647,1,1,1.0
192,5,65.889,279.685,4.853,9.084,1,1,1.0
192,14,182.017,214.556,5.811,8.443,1,1,1.0
192,16,209.742,45.611,3.769,8.605,1,1,1.0
192,17,174.890,47.728,7.545,4.120,1,1,1.0
192,23,284.001,84.296,4.131,9.207,1,1,1.0
192,25,286.832,394.941,6.829,4.320,1,1,1.0
192,26,334.893,169.247,4.219,8.830,1,1,1.0
192,27,314.508,131.110,4.552,8.841,1,1,1.0
192,33,435.180,31.393,8.438,5.579,1,1,1.0
192,40,577.684,266.657,8.195,4.024,1,1,1.0
192,42,563.672,391.189,7.782,4.816,1,1,1.0
192,45,562.087,56.137,4.323,9.238,1,1,1.0
192,49,673.556,397.211,6.660,6.023,1,1,1.0
192,52,719.110,184.990,4.693,9.045,1,1,1.0
192,53,687.564,110.100,4.653,8.452,1,1,1.0
192,54,731.893,367.616,4.104,8.496,1,1,1.0
193,1,42.012,228.010,5.946,8.816,1,1,1.0
193,5,64.944,275.490,4.746,9.542,1,1,1.0
193,14,182.533,213.539,5.622,8.283,1,1,1.0
193,16,209.989,42.501,3.648,8.589,1,1,1.0
193,17,174.830,47.737,7.525,4.095,1,1,1.0
193,23,284.197,82.546,4.079,8.984,1,1,1.0
193,25,288.412,395.040,6.866,4.010,1,1,1.0
193,26,334.869,165.825,3.987,8.783,1,1,1.0
193,27,313.172,127.933,4.607,9.161,1,1,1.0
193,33,433.186,30.884,8.502,5.262,1,1,1.0
193,40,575.488,266.227,8.080,3.816,1,1,1.0
193,42,564.255,390.892,8.054,4.918,1,1,1.0
193,45,562.182,53.558,4.323,9.296,1,1,1.0
193,49,674.532,397.555,7.815,5.095,1,1,1.0
193,52,718.999,184.775,4.761,9.179,1,1,1.0
193,53,686.441,107.631,5.167,8.295,1,1,1.0
193,54,731.849,367.520,4.213,8.522,1,1,1.0
194,1,43.204,224.668,6.363,8.862,1,1,1.0
194,5,64.593,271.940,4.820,9.546,1,1,1.0
194,14,183.412,212.082,5.723,8.547,1,1,1.0
194,16,210.125,40.653,3.790,8.632,1,1,1.0
194,17,174.836,47.870,7.648,3.940,1,1,1.0
194,23,284.818,81.136,3.675,8.987,1,1,1.0
194,25,289.946,395.078,7.295,3.969,1,1,1.0
194,26,334.495,162.184,4.148,8.735,1,1,1.0
194,27,311.158,125.089,5.354,8.643,1,1,1.0
194,33,431.156,30.295,8.174,4.801,1,1,1.0
194,40,572.997,265.935,8.751,3.870,1,1,1.0
194,42,565.398,391.262,8.003,4.679,1,1,1.0
194,45,562.502,50.710,4.180,8.962,1,1,1.0
194,49,676.837,396.454,7.842,4.934,1,1,1.0
194,52,719.074,184.793,4.678,9.249,1,1,1.0
194,53,684.909,105.008,5.478,8.247,1,1,1.0
194,54,731.827,367.607,4.177,8.417,1,1,1.0
195,1,44.828,222.356,5.976,8.711,1,1,1.0
195,5,63.572,267.922,5.129,9.596,1,1,1.0
195,14,183.923,211.319,5.670,8.699,1,1,1.0
195,16,210.009,40.067,3.793,8.740,1,1,1.0
195,17,174.776,47.838,7.593,3.988,1,1,1.0
195,23,285.255,80.861,3.525,8.940,1,1,1.0
195,25,291.906,395.198,7.212,4.133,1,1,1.0
195,26,334.075,159.150,4.067,8.484,1,1,1.0
195,27,309.294,122.487,5.833,8.291,1,1,1.0
195,33,429.544,30.211,7.887,5.047,1,1,1.0
195,34,458.921,42.836,6.279,7.553,1,1,1.0
195,40,571.466,265.291,8.477,4.033,1,1,1.0
195,42,566.855,391.439,8.250,4.848,1,1,1.0
195,45,562.861,47.805,4.435,8.953,1,1,1.0
195,49,678.777,396.334,8.457,4.752,1,1,1.0
195,52,719.099,184.821,4.677,9.206,1,1,1.0
195,53,682.670,102.624,6.265,7.709,1,1,1.0
195,54,731.957,367.664,4.094,8.514,1,1,1.0
196,1,46.344,219.239,5.885,8.694,1,1,1.0
196,5,62.112,264.114,5.008,9.411,1,1,1.0
196,14,184.297,210.473,6.042,8.765,1,1,1.0
196,16,210.023,40.134,3.819,8.890,1,1,1.0
196,17,174.821,47.871,7.550,3.981,1,1,1.0
196,23,285.194,80.799,3.582,8.992,1,1,1.0
196,25,293.023,395.162,8.236,3.991,1,1,1.0
196,26,333.089,155.998,4.363,8.097,1,1,1.0
196,27,307.311,120.258,5.930,7.784,1,1,1.0
196,33,428.260,30.033,7.545,4.505,1,1,1.0
196,34,463.342,53.218,5.250,4.343,1,1,1.0
196,40,570.056,265.056,8.391,4.171,1,1,1.0
196,42,568.827,391.666,7.896,4.452,1,1,1.0
196,45,562.706,44.940,4.612,9.188,1,1,1.0
196,49,679.828,396.469,8.125,4.756,1,1,1.0
196,52,719.038,184.878,4.703,9.279,1,1,1.0
196,53,679.970,101.518,6.952,6.592,1,1,1.0
196,54,731.937,367.651,4.136,8.556,1,1,1.0
197,1,48.249,215.763,6.531,8.803,1,1,1.0
197,5,61.153,260.208,4.903,9.258,1,1,1.0
197,14,185.010,209.097,6.011,8.555,1,1,1.0
197,16,209.984,40.107,3.783,8.920,1,1,1.0
197,17,174.805,47.829,7.557,3.991,1,1,1.0
197,23,285.205,80.693,3.606,9.066,1,1,1.0
197,25,295.563,395.025,8.091,4.092,1,1,1.0
197,26,331.784,152.505,4.612,8.554,1,1,1.0
197,27,305.302,117.917,5.739,7.843,1,1,1.0
197,34,461.557,56.992,4.836,5.963,1,1,1.0
197,40,568.744,264.493,8.410,4.214,1,1,1.0
197,42,570.290,391.855,7.846,4.607,1,1,1.0
197,45,563.200,42.425,4.190,8.933,1,1,1.0
197,49,680.140,396.575,6.830,6.680,1,1,1.0
197,52,719.057,184.847,4.682,9.246,1,1,1.0
197,53,677.895,99.984,7.102,6.319,1,1,1.0
197,54,731.904,367.635,4.171,8.644,1,1,1.0
198,1,50.137,213.482,6.313,8.659,1,1,1.0
198,5,59.974,256.405,4.820,9.466,1,1,1.0
198,14,186.285,207.741,5.398,8.469,1,1,1.0
198,16,210.072,40.095,3.718,8.730,1,1,1.0
198,17,174.822,47.780,7.592,4.005,1,1,1.0
198,23,285.266,80.685,3.563,9.021,1,1,1.0
198,25,298.019,394.765,7.507,4.437,1,1,1.0
198,26,331.061,149.743,4.482,8.662,1,1,1.0
198,27,303.201,115.411,5.451,7.937,1,1,1.0
198,33,424.779,29.431,6.438,3.864,1,1,1.0
198,34,462.737,77.717,4.398,13.018,1,1,1.0
198,40,567.764,263.714,8.479,4.355,1,1,1.0
198,42,571.676,391.928,7.623,4.430,1,1,1.0
198,45,563.788,38.960,3.891,9.335,1,1,1.0
198,49,679.446,396.503,7.189,6.697,1,1,1.0
198,52,719.081,184.861,4.665,9.313,1,1,1.0
198,53,675.687,98.748,7.226,5.964,1,1,1.0
198,54,731.900,367.602,4.164,8.725,1,1,1.0
199,1,52.335,210.212,6.267,8.703,1,1,1.0
199,5,58.798,252.027,5.063,9.252,1,1,1.0
199,14,186.376,207.568,5.457,8.271,1,1,1.0
199,16,210.274,37.976,3.840,8.417,1,1,1.0
199,17,174.807,47.855,7.659,3.879,1,1,1.0
199,21,210.249,26.794,3.934,6.098,1,1,1.0
199,23,285.153,80.459,3.573,8.982,1,1,1.0
199,25,300.114,395.081,8.143,4.031,1,1,1.0
199,26,330.274,146.303,4.384,8.312,1,1,1.0
199,27,300.900,112.778,5.797,7.845,1,1,1.0
199,34,466.900,122.697,8.446,8.664,1,1,1.0
199,40,567.277,263.166,8.308,4.802,1,1,1.0
199,42,572.942,392.182,7.207,4.226,1,1,1.0
199,45,564.693,36.488,4.391,9.224,1,1,1.0
199,49,679.438,396.553,7.227,6.747,1,1,1.0
199,52,719.076,184.882,4.753,9.295,1,1,1.0
199,53,673.789,97.167,6.816,5.847,1,1,1.0
199,54,731.907,367.646,4.150,8.638,1,1,1.0
200,1,54.322,207.247,6.129,8.540,1,1,1.0
200,5,58.000,247.984,5.000,9.131,1,1,1.0
200,14,186.638,207.209,5.633,8.009,1,1,1.0
200,16,210.447,35.338,4.022,7.273,1,1,1.0
200,17,174.947,47.714,7.435,4.082,1,1,1.0
200,21,211.115,27.838,4.034,5.820,1,1,1.0
200,23,285.407,80.001,3.678,8.760,1,1,1.0
200,25,302.458,395.278,7.845,3.941,1,1,1.0
200,26,328.909,142.958,4.458,8.174,1,1,1.0
200,27,298.751,110.600,5.976,7.335,1,1,1.0
200,34,442.588,140.842,7.619,10.821,1,1,1.0
200,40,567.146,262.792,8.346,4.978,1,1,1.0
200,42,575.103,392.539,7.196,4.201,1,1,1.0
200,45,565.234,34.352,4.336,9.250,1,1,1.0
200,49,679.258,396.072,7.342,6.501,1,1,1.0
200,52,719.031,184.787,4.701,9.392,1,1,1.0
200,53,671.919,95.851,7.216,5.747,1,1,1.0
200,54,731.955,367.620,4.050,8.618,1,1,1.0
201,1,55.835,205.083,6.420,8.443,1,1,1.0
201,5,57.524,244.485,4.875,9.135,1,1,1.0
201,14,187.360,205.589,5.939,8.851,1,1,1.0
201,16,209.667,32.523,4.866,6.647,1,1,1.0
201,17,174.905,47.638,7.601,4.327,1,1,1.0
201,23,285.604,79.941,3.521,8.900,1,1,1.0
201,25,304.022,395.201,8.281,4.079,1,1,1.0
201,26,327.845,139.885,4.569,8.491,1,1,1.0
201,27,296.327,107.753,6.386,7.671,1,1,1.0
201,34,463.703,186.154,15.744,23.221,1,1,1.0
201,40,566.890,262.052,8.392,5.481,1,1,1.0
201,42,576.857,392.688,7.193,4.237,1,1,1.0
201,45,565.537,32.340,4.347,9.651,1,1,1.0
201,49,678.702,396.158,8.248,5.185,1,1,1.0
201,52,719.069,184.913,4.790,9.317,1,1,1.0
201,53,670.864,94.150,5.952,6.306,1,1,1.0
201,54,731.894,367.654,4.099,8.574,1,1,1.0
202,1,57.885,201.937,6.503,8.680,1,1,1.0
202,5,56.196,240.867,4.862,9.156,1,1,1.0
202,14,188.109,204.158,5.682,8.711,1,1,1.0
202,17,174.797,47.611,7.583,4.300,1,1,1.0
202,23,285.695,79.363,3.401,7.880,1,1,1.0
202,25,306.134,395.233,8.155,4.059,1,1,1.0
202,26,326.499,136.724,4.725,8.480,1,1,1.0
202,27,294.062,104.489,6.246,7.670,1,1,1.0
202,34,467.190,210.664,4.746,8.024,1,1,1.0
202,40,566.197,261.398,8.068,5.559,1,1,1.0
202,42,579.524,393.115,6.659,4.671,1,1,1.0
202,45,565.896,30.457,4.253,9.417,1,1,1.0
202,49,678.171,395.075,8.333,6.000,1,1,1.0
202,52,719.123,184.926,4.650,9.231,1,1,1.0
202,53,670.123,91.134,5.659,7.468,1,1,1.0
202,54,731.916,367.645,4.127,8.543,1,1,1.0
203,1,60.428,198.784,6.071,8.470,1,1,1.0
203,5,55.165,236.463,4.984,9.162,1,1,1.0
203,14,188.470,203.370,6.067,8.711,1,1,1.0
203,17,174.776,47.424,7.740,4.452,1,1,1.0
203,25,307.748,394.922,7.235,4.448,1,1,1.0
203,26,325.661,133.564,4.382,8.523,1,1,1.0
203,27,292.873,102.855,6.505,7.789,1,1,1.0
203,34,465.548,222.453,6.861,5.479,1,1,1.0
203,40,565.991,261.248,8.020,5.502,1,1,1.0
203,42,578.983,393.270,6.105,4.639,1,1,1.0
203,45,565.915,30.121,4.294,7.597,1,1,1.0
203,49,677.771,394.796,8.062,6.258,1,1,1.0
203,52,719.052,184.832,4.665,9.271,1,1,1.0
203,53,669.330,88.862,5.434,7.742,1,1,1.0
203,54,731.965,367.624,4.133,8.500,1,1,1.0
204,1,62.234,195.162,5.875,8.933,1,1,1.0
204,5,54.267,232.853,4.725,9.287,1,1,1.0
204,14,189.104,202.570,5.984,8.793,1,1,1.0
204,17,174.741,47.495,7.729,4.355,1,1,1.0
204,25,308.699,394.723,7.162,4.569,1,1,1.0
204,26,323.892,130.048,4.824,8.498,1,1,1.0
204,27,292.137,101.166,5.840,7.730,1,1,1.0
204,34,471.804,228.169,5.033,8.247,1,1,1.0
204,40,565.840,261.441,8.319,5.466,1,1,1.0
204,42,579.302,393.396,5.422,4.896,1,1,1.0
204,45,566.910,29.619,4.645,5.166,1,1,1.0
204,49,676.783,394.055,8.311,5.271,1,1,1.0
204,52,719.070,184.833,4.553,9.210,1,1,1.0
204,53,668.723,85.717,5.447,8.111,1,1,1.0
204,54,731.881,367.686,4.163,8.550,1,1,1.0
205,1,63.646,191.990,5.604,8.600,1,1,1.0
205,5,54.005,229.117,4.715,9.172,1,1,1.0
205,14,189.742,201.657,5.975,8.697,1,1,1.0
205,17,174.790,47.646,7.792,4.240,1,1,1.0
205,25,309.180,394.670,7.113,4.456,1,1,1.0
205,26,322.763,127.007,4.760,8.417,1,1,1.0
205,27,291.074,99.709,6.061,7.768,1,1,1.0
205,34,471.771,227.875,4.669,8.682,1,1,1.0
205,40,565.920,261.471,8.291,5.475,1,1,1.0
205,42,579.368,393.231,5.471,4.803,1,1,1.0
205,49,678.290,393.095,8.144,4.499,1,1,1.0
205,52,719.096,184.904,4.669,9.149,1,1,1.0
205,53,668.340,82.873,4.853,7.964,1,1,1.0
205,54,732.775,368.503,4.021,8.270,1,1,1.0
206,1,65.059,189.503,5.755,8.681,1,1,1.0
206,5,53.299,226.322,4.677,9.085,1,1,1.0
206,14,190.378,200.287,5.571,8.622,1,1,1.0
206,17,174.768,47.696,7.737,4.259,1,1,1.0
206,25,309.328,394.709,6.990,4.482,1,1,1.0
206,26,321.657,123.340,4.790,8.378,1,1,1.0
206,27,290.156,98.117,5.934,7.815,1,1,1.0
206,34,471.404,226.826,4.798,8.671,1,1,1.0
206,40,565.919,261.480,8.292,5.445,1,1,1.0
206,42,580.092,393.097,5.292,4.792,1,1,1.0
206,49,679.960,391.824,8.432,4.414,1,1,1.0
206,52,719.028,184.923,4.774,9.213,1,1,1.0
206,53,667.983,79.958,4.607,7.426,1,1,1.0
206,54,732.428,367.789,3.932,8.823,1,1,1.0
207,1,66.146,187.024,5.766,8.657,1,1,1.0
207,5,52.836,222.763,4.810,9.249,1,1,1.0
207,14,191.274,199.020,5.585,8.676,1,1,1.0
207,17,174.763,47.701,7.679,4.267,1,1,1.0
207,23,320.105,37.453,4.261,8.378,1,1,1.0
207,25,309.434,394.872,6.560,4.429,1,1,1.0
207,26,320.549,120.556,4.689,8.132,1,1,1.0
207,27,288.275,96.280,6.151,7.920,1,1,1.0
207,34,471.516,225.002,4.759,9.001,1,1,1.0
207,40,560.253,258.824,9.248,5.885,1,1,1.0
207,42,580.807,393.095,5.062,5.461,1,1,1.0
207,49,681.827,390.522,8.497,4.949,1,1,1.0
207,52,719.084,184.969,4.646,9.216,1,1,1.0
207,53,667.422,76.652,4.604,8.630,1,1,1.0
207,54,731.990,366.832,4.329,9.159,1,1,1.0
208,1,68.029,184.251,5.356,8.662,1,1,1.0
208,5,52.457,218.955,4.764,9.469,1,1,1.0
208,14,191.698,198.594,5.474,8.662,1,1,1.0
208,17,174.668,47.641,7.687,4.272,1,1,1.0
208,23,322.040,54.928,3.911,8.325,1,1,1.0
208,25,309.529,395.192,5.691,4.634,1,1,1.0
208,26,319.406,116.719,4.787,8.612,1,1,1.0
208,27,286.304,93.791,6.002,8.343,1,1,1.0
208,34,471.746,222.465,4.801,8.667,1,1,1.0
208,40,535.183,245.278,4.405,7.840,1,1,1.0
208,42,581.511,393.270,5.513,5.580,1,1,1.0
208,49,684.300,389.555,8.406,5.137,1,1,1.0
208,52,719.150,184.904,4.592,9.275,1,1,1.0
208,53,667.401,73.090,4.379,8.693,1,1,1.0
208,54,732.037,366.318,4.305,9.079,1,1,1.0
209,1,69.200,181.997,5.383,8.575,1,1,1.0
209,5,51.939,214.688,4.988,9.446,1,1,1.0
209,14,191.832,197.467,5.652,8.618,1,1,1.0
209,17,174.672,47.624,7.689,4.291,1,1,1.0
209,23,319.441,72.290,5.071,9.403,1,1,1.0
209,25,309.413,395.183,5.844,4.664,1,1,1.0
209,26,319.501,112.993,4.146,8.586,1,1,1.0
209,27,284.794,91.875,6.227,7.567,1,1,1.0
209,34,471.450,218.612,4.737,9.290,1,1,1.0
209,40,535.407,245.097,4.395,8.248,1,1,1.0
209,42,581.848,393.266,5.740,6.443,1,1,1.0
209,49,686.566,387.895,8.584,5.191,1,1,1.0
209,52,719.147,184.933,4.640,9.265,1,1,1.0
209,53,667.580,70.413,4.287,8.490,1,1,1.0
209,54,731.851,365.480,4.473,8.989,1,1,1.0
210,1,70.368,179.388,5.172,8.528,1,1,1.0
210,5,51.030,211.540,4.966,9.419,1,1,1.0
210,14,192.667,195.601,4.631,8.653,1,1,1.0
210,17,174.655,47.572,7.692,4.291,1,1,1.0
210,23,317.172,104.369,6.091,9.497,1,1,1.0
210,25,308.981,395.195,5.757,4.698,1,1,1.0
210,26,319.040,111.861,4.335,9.101,1,1,1.0
210,27,284.298,90.580,5.933,8.178,1,1,1.0
210,34,471.372,215.244,4.800,9.182,1,1,1.0
210,40,535.434,244.555,4.353,8.483,1,1,1.0
210,42,582.883,393.250,5.521,6.333,1,1,1.0
210,49,689.478,386.065,8.449,5.944,1,1,1.0
210,52,719.121,184.946,4.660,9.281,1,1,1.0
210,53,668.006,67.582,4.450,8.894,1,1,1.0
210,54,731.857,364.893,4.435,8.855,1,1,1.0
211,1,72.137,175.262,5.037,8.916,1,1,1.0
211,5,49.693,207.762,4.968,9.135,1,1,1.0
211,14,192.750,194.627,4.536,8.874,1,1,1.0
211,17,174.674,47.673,7.555,4.249,1,1,1.0
211,23,324.390,113.931,4.370,8.146,1,1,1.0
211,25,308.666,395.279,5.668,4.509,1,1,1.0
211,26,320.133,111.755,3.753,8.572,1,1,1.0
211,27,284.350,90.775,5.725,8.070,1,1,1.0
211,34,470.704,212.865,4.619,8.998,1,1,1.0
211,40,535.457,244.539,4.314,8.465,1,1,1.0
211,42,583.362,393.385,5.616,5.938,1,1,1.0
211,49,692.821,383.339,8.097,5.875,1,1,1.0
211,52,719.163,184.927,4.622,9.268,1,1,1.0
211,53,667.926,64.719,4.359,8.792,1,1,1.0
211,54,732.497,364.767,4.282,8.955,1,1,1.0
212,1,73.712,172.107,5.040,8.362,1,1,1.0
212,5,48.294,204.530,4.910,8.607,1,1,1.0
212,14,193.077,192.570,4.506,9.388,1,1,1.0
212,17,174.638,47.656,7.532,4.237,1,1,1.0
212,23,324.711,113.668,4.411,8.497,1,1,1.0
212,25,308.086,395.266,5.914,4.491,1,1,1.0
212,26,320.126,111.795,3.851,8.729,1,1,1.0
212,27,284.333,90.752,5.722,8.134,1,1,1.0
212,34,470.924,209.702,4.519,9.287,1,1,1.0
212,40,535.469,244.534,4.310,8.473,1,1,1.0
212,42,583.920,393.753,5.800,5.953,1,1,1.0
212,49,695.597,381.240,8.062,6.277,1,1,1.0
212,52,719.192,184.888,4.581,9.226,1,1,1.0
212,53,668.067,61.677,4.398,9.047,1,1,1.0
212,54,733.366,363.912,4.989,8.555,1,1,1.0
213,1,75.111,169.119,4.988,8.082,1,1,1.0
213,5,47.059,200.419,4.903,8.719,1,1,1.0
213,14,193.422,191.100,4.588,9.161,1,1,1.0
213,17,174.683,47.728,7.487,4.265,1,1,1.0
213,23,324.827,113.661,4.298,8.501,1,1,1.0
213,25,307.723,395.288,5.563,4.371,1,1,1.0
213,26,320.133,111.819,3.797,8.725,1,1,1.0
213,27,284.367,90.726,5.674,8.140,1,1,1.0
213,34,471.093,207.137,4.502,9.309,1,1,1.0
213,40,535.490,244.494,4.329,8.477,1,1,1.0
213,42,584.501,394.345,5.871,6.392,1,1,1.0
213,49,698.831,378.419,7.654,6.689,1,1,1.0
213,52,719.190,184.885,4.518,9.188,1,1,1.0
213,53,667.743,58.848,4.310,8.676,1,1,1.0
213,54,733.652,363.345,5.212,8.707,1,1,1.0
214,1,76.765,166.089,4.861,8.214,1,1,1.0
214,5,44.528,197.443,5.530,8.992,1,1,1.0
214,14,193.471,190.279,4.742,9.163,1,1,1.0
214,17,174.632,47.694,7.691,4.298,1,1,1.0
214,23,324.999,113.594,4.288,8.622,1,1,1.0
214,25,306.681,395.463,6.116,4.161,1,1,1.0
214,26,319.897,110.659,3.766,8.916,1,1,1.0
214,27,284.368,90.642,5.744,8.232,1,1,1.0
214,34,471.001,205.015,4.572,9.435,1,1,1.0
214,40,535.492,244.498,4.366,8.484,1,1,1.0
214,42,585.437,394.999,6.269,6.496,1,1,1.0
214,49,701.829,376.451,7.726,6.384,1,1,1.0
214,52,719.144,184.974,4.547,9.127,1,1,1.0
214,53,667.956,55.176,4.197,9.108,1,1,1.0
214,54,733.955,363.243,5.180,8.166,1,1,1.0
215,1,77.488,163.715,5.025,8.219,1,1,1.0
215,5,42.833,194.113,5.375,8.618,1,1,1.0
215,14,194.099,188.861,4.501,9.231,1,1,1.0
215,17,174.527,47.702,7.692,4.265,1,1,1.0
215,23,324.759,113.379,4.640,8.702,1,1,1.0
215,25,305.360,395.623,6.382,4.108,1,1,1.0
215,26,319.409,107.941,4.288,9.177,1,1,1.0
215,27,284.306,90.474,5.494,8.284,1,1,1.0
215,34,470.939,202.667,4.549,9.255,1,1,1.0
215,40,535.446,244.474,4.366,8.483,1,1,1.0
215,42,586.553,395.355,5.922,6.108,1,1,1.0
215,49,704.522,373.501,7.157,6.761,1,1,1.0
215,52,719.074,184.959,4.567,9.100,1,1,1.0
215,53,667.994,52.281,4.218,8.681,1,1,1.0
215,54,734.432,363.089,4.965,7.879,1,1,1.0
216,1,78.779,161.303,4.486,7.892,1,1,1.0
216,5,40.642,191.373,5.243,8.313,1,1,1.0
216,14,194.657,187.164,4.321,9.221,1,1,1.0
216,17,174.507,47.731,7.645,4.292,1,1,1.0
216,23,324.871,113.387,4.518,8.665,1,1,1.0
216,25,303.240,395.595,7.283,4.008,1,1,1.0
216,26,318.420,105.225,3.986,8.939,1,1,1.0
216,27,284.536,87.742,4.516,9.242,1,1,1.0
216,34,470.986,200.078,4.358,8.882,1,1,1.0
216,40,535.402,244.384,4.367,8.369,1,1,1.0
216,42,587.378,394.893,6.080,4.962,1,1,1.0
216,49,707.648,371.186,7.099,6.941,1,1,1.0
216,52,719.123,184.967,4.535,9.063,1,1,1.0
216,53,667.924,48.578,4.513,8.564,1,1,1.0
216,54,734.527,363.163,4.675,7.586,1,1,1.0
217,1,79.863,158.320,4.672,7.558,1,1,1.0
217,5,38.950,187.516,5.262,8.649,1,1,1.0
217,14,195.261,186.204,4.422,8.902,1,1,1.0
217,17,174.511,47.717,7.549,4.303,1,1,1.0
217,23,324.712,113.635,4.535,8.578,1,1,1.0
217,25,301.548,395.488,7.759,3.897,1,1,1.0
217,26,317.633,102.145,3.886,8.694,1,1,1.0
217,27,285.009,84.711,3.833,9.039,1,1,1.0
217,34,471.219,197.282,4.401,9.160,1,1,1.0
217,40,535.568,243.366,4.516,8.433,1,1,1.0
217,42,588.037,394.591,5.412,4.938,1,1,1.0
217,49,709.398,368.048,7.419,7.044,1,1,1.0
217,52,719.137,184.965,4.575,9.101,1,1,1.0
217,53,667.712,45.244,4.282,8.601,1,1,1.0
217,54,734.592,363.206,4.405,7.351,1,1,1.0
218,1,80.866,154.724,4.298,7.632,1,1,1.0
218,5,37.083,183.987,5.207,8.544,1,1,1.0
218,14,195.726,185.177,4.460,8.970,1,1,1.0
218,17,174.442,47.766,7.657,4.262,1,1,1.0
218,23,324.752,113.749,4.511,8.500,1,1,1.0
218,25,299.780,395.473,8.336,3.845,1,1,1.0
218,26,316.159,99.116,4.245,8.271,1,1,1.0
218,27,285.391,81.452,3.904,9.105,1,1,1.0
218,34,471.173,194.794,4.582,8.834,1,1,1.0
218,40,535.413,241.582,4.427,8.714,1,1,1.0
218,42,588.124,394.319,5.455,5.104,1,1,1.0
218,49,712.149,365.432,6.598,7.295,1,1,1.0
218,52,719.138,184.912,4.571,9.043,1,1,1.0
218,53,668.005,41.545,4.315,8.947,1,1,1.0
218,54,735.039,363.310,4.259,7.388,1,1,1.0
219,1,81.325,152.016,4.158,7.530,1,1,1.0
219,5,35.981,180.228,5.342,8.625,1,1,1.0
219,14,196.284,183.266,4.557,8.828,1,1,1.0
219,17,174.475,47.727,7.738,4.313,1,1,1.0
219,23,324.755,113.624,4.558,8.702,1,1,1.0
219,25,298.392,395.503,7.580,3.996,1,1,1.0
219,26,315.316,95.821,4.374,8.415,1,1,1.0
219,27,285.180,78.596,3.972,9.030,1,1,1.0
219,34,471.262,191.810,4.635,9.384,1,1,1.0
219,40,535.205,240.251,4.411,8.609,1,1,1.0
219,42,588.087,394.312,4.807,5.196,1,1,1.0
219,49,714.798,362.676,5.564,6.965,1,1,1.0
219,52,719.117,184.963,4.587,8.990,1,1,1.0
219,53,668.235,38.846,4.364,8.727,1,1,1.0
219,54,735.186,363.319,4.064,7.405,1,1,1.0
220,1,81.647,148.984,4.123,7.473,1,1,1.0
220,5,33.914,176.544,5.307,8.810,1,1,1.0
220,14,196.542,181.616,4.759,9.073,1,1,1.0
220,17,174.434,47.687,7.756,4.340,1,1,1.0
220,23,324.640,113.570,4.587,8.828,1,1,1.0
220,25,297.129,395.385,7.681,4.018,1,1,1.0
220,26,314.163,92.267,4.364,8.604,1,1,1.0
220,27,285.253,75.118,3.984,9.218,1,1,1.0
220,34,471.243,188.802,4.590,9.111,1,1,1.0
220,40,535.454,238.062,4.251,8.045,1,1,1.0
220,42,585.987,394.630,5.681,4.835,1,1,1.0
220,49,716.636,359.759,5.891,7.184,1,1,1.0
220,52,719.154,184.973,4.521,9.079,1,1,1.0
220,53,668.449,36.056,4.480,8.533,1,1,1.0
220,54,735.461,363.214,3.957,7.232,1,1,1.0
221,1,81.616,146.770,4.242,7.103,1,1,1.0
221,5,32.833,173.412,5.248,8.852,1,1,1.0
221,14,196.785,180.817,4.620,9.284,1,1,1.0
221,17,174.517,47.672,7.618,4.323,1,1,1.0
221,23,325.169,112.700,4.215,8.660,1,1,1.0
221,25,295.851,395.270,7.750,4.017,1,1,1.0
221,26,313.137,88.859,4.544,8.506,1,1,1.0
221,27,285.340,71.249,3.748,9.261,1,1,1.0
221,34,471.299,186.035,4.477,9.046,1,1,1.0
221,40,535.538,235.591,4.327,8.047,1,1,1.0
221,42,584.608,395.050,5.282,4.705,1,1,1.0
221,49,718.333,355.779,5.428,8.470,1,1,1.0
221,52,719.198,185.002,4.525,8.953,1,1,1.0
221,53,669.304,33.683,4.800,8.166,1,1,1.0
221,54,735.456,363.423,3.942,7.085,1,1,1.0
222,1,81.771,143.817,4.165,7.279,1,1,1.0
222,5,31.119,169.754,5.398,9.337,1,1,1.0
222,14,197.605,178.765,4.805,9.309,1,1,1.0
222,17,174.401,47.689,7.757,4.287,1,1,1.0
222,23,325.485,110.692,4.295,9.023,1,1,1.0
222,25,294.415,394.969,8.133,4.257,1,1,1.0
222,26,311.924,85.974,4.760,8.448,1,1,1.0
222,27,284.561,67.165,3.926,9.432,1,1,1.0
222,34,471.497,182.133,4.672,8.972,1,1,1.0
222,40,535.456,233.992,4.380,7.829,1,1,1.0
222,42,582.934,394.857,5.622,5.048,1,1,1.0
222,49,720.304,352.535,5.504,7.963,1,1,1.0
222,52,719.156,184.922,4.587,9.060,1,1,1.0
222,53,669.771,28.423,4.150,9.760,1,1,1.0
222,54,735.410,363.660,3.978,6.958,1,1,1.0
223,1,81.641,140.645,4.055,7.872,1,1,1.0
223,5,29.761,167.169,5.347,8.812,1,1,1.0
223,14,197.752,177.319,4.945,8.894,1,1,1.0
223,17,174.488,47.764,7.612,4.242,1,1,1.0
223,23,325.949,109.144,4.282,8.999,1,1,1.0
223,25,292.616,395.035,8.636,4.008,1,1,1.0
223,26,310.865,82.693,5.064,8.570,1,1,1.0
223,27,283.866,63.173,4.155,8.906,1,1,1.0
223,34,471.412,178.848,4.578,8.853,1,1,1.0
223,40,535.237,231.690,4.473,7.317,1,1,1.0
223,42,582.923,394.845,5.501,5.041,1,1,1.0
223,49,722.107,349.332,5.467,7.833,1,1,1.0
223,52,719.128,184.908,4.642,9.110,1,1,1.0
223,54,735.378,363.783,4.110,7.130,1,1,1.0
224,1,81.270,137.771,4.176,7.722,1,1,1.0
224,5,27.878,164.291,5.364,8.757,1,1,1.0
224,14,198.075,176.542,5.146,8.906,1,1,1.0
224,17,174.496,47.866,7.621,4.131,1,1,1.0
224,23,326.488,106.813,4.394,9.141,1,1,1.0
224,25,290.679,395.134,8.928,4.156,1,1,1.0
224,26,309.651,80.282,4.615,8.350,1,1,1.0
224,27,283.461,59.597,4.214,9.133,1,1,1.0
224,34,470.968,175.991,4.683,8.968,1,1,1.0
224,40,535.162,229.358,4.510,7.717,1,1,1.0
224,42,582.918,394.907,5.436,4.987,1,1,1.0
224,49,724.041,346.921,5.409,7.868,1,1,1.0
224,52,719.014,185.111,4.541,9.258,1,1,1.0
224,54,735.320,363.731,4.055,6.827,1,1,1.0
225,1,81.169,135.589,4.202,7.843,1,1,1.0
225,5,26.621,161.347,5.264,9.061,1,1,1.0
225,14,199.068,174.576,4.995,8.802,1,1,1.0
225,17,174.507,47.779,7.572,4.165,1,1,1.0
225,23,326.945,103.405,4.388,8.935,1,1,1.0
225,25,289.562,395.042,8.275,4.105,1,1,1.0
225,26,308.935,77.403,4.694,8.762,1,1,1.0
225,27,283.113,55.661,4.170,9.246,1,1,1.0
225,34,470.496,173.176,4.726,9.119,1,1,1.0
225,40,535.074,227.352,4.428,7.587,1,1,1.0
225,42,582.975,394.937,5.278,4.924,1,1,1.0
225,49,725.513,345.193,5.219,7.574,1,1,1.0
225,52,718.989,185.339,4.456,8.981,1,1,1.0
225,54,735.114,363.734,4.139,6.338,1,1,1.0
226,1,80.882,134.439,4.289,7.757,1,1,1.0
226,5,25.079,159.135,5.117,9.188,1,1,1.0
226,14,199.382,173.576,4.976,8.812,1,1,1.0
226,17,174.490,47.742,7.626,4.234,1,1,1.0
226,23,327.920,100.274,4.279,9.064,1,1,1.0
226,25,288.659,395.269,7.826,4.152,1,1,1.0
226,26,308.146,75.139,4.611,8.302,1,1,1.0
226,27,282.560,52.016,4.283,9.251,1,1,1.0
226,34,469.667,170.779,4.870,9.157,1,1,1.0
226,40,535.069,225.142,4.325,7.917,1,1,1.0
226,42,582.904,394.893,5.289,4.967,1,1,1.0
226,49,727.424,342.471,5.427,7.853,1,1,1.0
226,52,718.988,185.389,4.458,8.938,1,1,1.0
226,54,735.019,363.657,4.334,6.365,1,1,1.0
227,1,80.595,133.154,4.252,7.751,1,1,1.0
227,5,23.359,156.911,5.494,8.308,1,1,1.0
227,14,199.629,172.681,5.235,8.876,1,1,1.0
227,17,174.543,47.821,7.547,4.146,1,1,1.0
227,23,328.305,97.291,4.276,9.075,1,1,1.0
227,25,286.730,395.591,8.080,3.976,1,1,1.0
227,26,307.043,72.666,4.573,8.333,1,1,1.0
227,27,281.923,47.922,4.035,9.001,1,1,1.0
227,34,469.217,168.246,4.803,9.256,1,1,1.0
227,40,535.298,223.570,4.521,7.556,1,1,1.0
227,42,582.834,394.822,5.381,5.034,1,1,1.0
227,49,728.420,339.922,5.438,7.327,1,1,1.0
227,52,718.989,185.402,4.435,8.939,1,1,1.0
227,54,734.950,364.537,4.692,5.891,1,1,1.0
228,1,80.537,131.312,4.278,7.826,1,1,1.0
228,5,20.012,156.048,6.730,7.277,1,1,1.0
228,14,200.638,171.177,4.987,8.880,1,1,1.0
228,17,174.569,47.825,7.756,4.088,1,1,1.0
228,23,328.899,94.447,4.304,9.491,1,1,1.0
228,25,285.652,395.213,7.888,4.087,1,1,1.0
228,26,305.944,69.720,5.022,8.651,1,1,1.0
228,27,280.900,43.454,4.225,9.188,1,1,1.0
228,34,468.587,165.289,4.827,8.589,1,1,1.0
228,40,535.512,221.639,4.672,7.634,1,1,1.0
228,42,582.862,394.778,5.409,5.102,1,1,1.0
228,49,730.602,338.198,5.451,6.649,1,1,1.0
228,52,718.971,185.462,4.473,8.916,1,1,1.0
228,54,734.976,364.691,4.680,5.857,1,1,1.0
229,1,80.374,129.153,4.470,7.407,1,1,1.0
229,5,18.757,155.040,6.009,6.871,1,1,1.0
229,14,201.342,169.207,5.000,9.006,1,1,1.0
229,17,174.675,47.914,7.824,3.946,1,1,1.0
229,23,329.214,91.941,4.287,9.144,1,1,1.0
229,25,284.748,394.965,8.396,4.343,1,1,1.0
229,26,304.944,67.070,4.734,8.533,1,1,1.0
229,27,279.940,40.078,4.255,9.477,1,1,1.0
229,34,467.686,161.512,5.033,8.762,1,1,1.0
229,40,535.693,219.321,4.779,7.936,1,1,1.0
229,42,582.760,394.800,5.363,5.047,1,1,1.0
229,49,731.683,336.112,5.716,6.221,1,1,1.0
229,52,718.976,185.648,4.485,8.827,1,1,1.0
229,54,734.904,364.874,4.810,5.784,1,1,1.0
230,1,80.023,126.827,4.413,7.778,1,1,1.0
230,5,18.132,154.819,4.884,5.989,1,1,1.0
230,14,201.807,167.800,5.158,8.587,1,1,1.0
230,17,174.583,47.890,8.008,4.044,1,1,1.0
230,23,329.450,90.368,4.221,9.288,1,1,1.0
230,25,284.476,394.181,8.931,4.839,1,1,1.0
230,26,304.015,63.795,4.786,8.368,1,1,1.0
230,27,279.443,37.152,4.475,9.502,1,1,1.0
230,34,466.055,158.825,4.667,8.339,1,1,1.0
230,40,535.818,217.733,4.885,7.633,1,1,1.0
230,42,582.701,394.758,5.360,5.094,1,1,1.0
230,49,733.599,334.861,5.224,6.179,1,1,1.0
230,52,718.927,185.603,4.466,8.908,1,1,1.0
230,54,734.806,365.402,4.719,5.827,1,1,1.0
231,1,79.381,124.716,4.521,8.176,1,1,1.0
231,5,17.972,154.623,4.118,5.584,1,1,1.0
231,14,202.458,166.109,4.767,8.471,1,1,1.0
231,17,174.513,47.789,7.917,4.193,1,1,1.0
231,23,329.640,89.229,4.315,9.117,1,1,1.0
231,25,284.245,393.992,9.094,4.832,1,1,1.0
231,26,303.269,60.099,4.594,8.494,1,1,1.0
231,27,279.562,35.547,3.898,7.985,1,1,1.0
231,34,464.882,155.652,5.198,8.620,1,1,1.0
231,40,536.097,215.504,4.885,7.902,1,1,1.0
231,42,582.666,394.760,5.415,5.084,1,1,1.0
231,49,734.772,333.444,4.945,5.616,1,1,1.0
231,52,718.921,185.479,4.580,8.995,1,1,1.0
231,54,734.773,365.493,4.645,5.686,1,1,1.0
232,1,78.863,122.633,4.549,8.280,1,1,1.0
232,5,13.379,151.378,4.800,8.166,1,1,1.0
232,14,203.098,164.543,4.732,8.504,1,1,1.0
232,17,174.509,47.767,8.032,4.169,1,1,1.0
232,23,329.687,89.144,4.374,8.919,1,1,1.0
232,25,283.065,393.916,9.013,4.851,1,1,1.0
232,26,303.280,56.198,4.310,8.792,1,1,1.0
232,27,279.730,32.271,3.903,9.160,1,1,1.0
232,34,462.936,153.494,5.800,7.569,1,1,1.0
232,40,536.746,213.297,4.679,8.144,1,1,1.0
232,42,582.721,394.756,5.361,5.091,1,1,1.0
232,49,735.417,332.739,4.402,5.550,1,1,1.0
232,52,718.968,185.499,4.581,9.005,1,1,1.0
232,54,734.797,365.582,4.662,5.668,1,1,1.0
233,1,78.595,120.247,4.370,8.449,1,1,1.0
233,5,12.344,149.050,4.800,8.166,1,1,1.0
233,14,203.417,162.916,4.785,8.634,1,1,1.0
233,17,174.483,47.781,8.117,4.192,1,1,1.0
233,23,329.569,89.078,4.329,8.833,1,1,1.0
233,25,282.465,393.372,8.396,5.415,1,1,1.0
233,26,303.294,53.073,3.974,9.203,1,1,1.0
233,27,279.900,31.104,3.813,8.096,1,1,1.0
233,34,460.724,150.367,5.855,7.643,1,1,1.0
233,40,537.218,211.492,4.940,8.177,1,1,1.0
233,42,582.642,394.730,5.411,5.114,1,1,1.0
233,49,735.300,331.985,4.407,5.144,1,1,1.0
233,52,718.975,185.463,4.513,9.074,1,1,1.0
233,54,734.760,365.560,4.712,5.712,1,1,1.0
234,1,78.244,116.275,4.043,8.948,1,1,1.0
234,5,12.861,144.911,4.800,8.166,1,1,1.0
234,14,204.214,161.742,4.438,8.591,1,1,1.0
234,17,174.447,47.803,8.127,4.189,1,1,1.0
234,23,329.608,89.048,4.201,8.876,1,1,1.0
234,25,281.803,391.912,8.253,6.002,1,1,1.0
234,26,303.308,49.940,3.919,8.812,1,1,1.0
234,34,458.865,146.922,5.711,7.803,1,1,1.0
234,40,537.598,209.143,4.831,8.034,1,1,1.0
234,42,582.646,394.671,5.436,5.214,1,1,1.0
234,49,735.299,332.566,4.463,5.155,1,1,1.0
234,52,719.010,185.480,4.439,9.005,1,1,1.0
234,54,735.192,365.561,4.462,5.498,1,1,1.0
235,1,77.932,112.486,4.136,9.224,1,1,1.0
235,5,13.637,145.687,4.800,8.166,1,1,1.0
235,14,204.860,160.226,4.774,8.309,1,1,1.0
235,17,174.457,47.750,8.191,4.309,1,1,1.0
235,23,329.510,89.025,4.169,8.882,1,1,1.0
235,25,280.687,390.405,7.692,6.631,1,1,1.0
235,26,303.718,46.256,3.825,8.860,1,1,1.0
235,34,457.130,143.302,6.152,7.794,1,1,1.0
235,40,538.310,206.504,5.076,8.031,1,1,1.0
235,42,582.634,394.667,5.445,5.214,1,1,1.0
235,49,734.213,332.770,4.931,5.142,1,1,1.0
235,52,719.003,185.518,4.422,8.906,1,1,1.0
235,54,734.827,365.524,4.729,5.722,1,1,1.0
236,1,77.813,108.757,4.193,9.355,1,1,1.0
236,5,13.379,146.205,4.800,8.166,1,1,1.0
236,14,205.119,157.836,4.868,8.936,1,1,1.0
236,17,174.406,47.799,8.234,4.241,1,1,1.0
236,23,329.441,89.086,4.288,8.914,1,1,1.0
236,25,279.946,389.210,6.725,6.807,1,1,1.0
236,26,304.952,43.421,4.490,9.025,1,1,1.0
236,34,454.496,140.056,6.768,7.919,1,1,1.0
236,40,539.113,203.612,5.108,8.174,1,1,1.0
236,42,582.635,394.680,5.405,5.212,1,1,1.0
236,49,733.235,334.373,4.855,5.017,1,1,1.0
236,52,718.975,185.519,4.434,8.903,1,1,1.0
236,54,734.806,365.414,4.775,5.801,1,1,1.0
237,1,77.954,105.815,4.059,9.078,1,1,1.0
237,5,11.827,143.618,4.800,8.166,1,1,1.0
237,14,205.475,156.290,4.842,8.504,1,1,1.0
237,17,174.440,47.760,8.249,4.282,1,1,1.0
237,23,329.432,89.052,4.274,8.903,1,1,1.0
237,25,278.932,387.862,6.528,7.194,1,1,1.0
237,26,305.998,40.308,4.476,9.081,1,1,1.0
237,34,452.207,136.820,7.009,7.973,1,1,1.0
237,40,540.059,200.862,5.109,8.239,1,1,1.0
237,42,582.487,394.739,5.492,5.228,1,1,1.0
237,49,732.222,335.572,4.919,4.627,1,1,1.0
237,52,718.966,185.498,4.431,8.849,1,1,1.0
237,54,734.803,365.397,4.818,5.884,1,1,1.0
238,1,78.358,103.701,4.060,8.806,1,1,1.0
238,5,11.568,144.653,4.800,8.166,1,1,1.0
238,14,206.297,154.160,4.541,8.712,1,1,1.0
238,17,174.433,47.786,8.255,4.226,1,1,1.0
238,23,329.419,89.090,4.242,8.885,1,1,1.0
238,25,277.985,384.731,5.980,8.820,1,1,1.0
238,26,306.900,36.877,4.366,9.403,1,1,1.0
238,34,449.890,133.978,6.718,7.887,1,1,1.0
238,40,541.089,198.358,5.403,8.220,1,1,1.0
238,42,582.453,394.716,5.541,5.257,1,1,1.0
238,49,731.154,336.970,4.899,4.847,1,1,1.0
238,52,718.968,185.510,4.415,8.840,1,1,1.0
238,54,734.763,365.360,4.890,6.026,1,1,1.0
239,1,78.139,101.011,4.109,9.256,1,1,1.0
239,5,11.827,143.101,4.800,8.166,1,1,1.0
239,14,206.111,152.435,4.746,8.643,1,1,1.0
239,17,174.468,47.749,8.136,4.300,1,1,1.0
239,23,329.382,89.087,4.159,8.910,1,1,1.0
239,25,277.440,381.541,5.386,8.649,1,1,1.0
239,26,307.592,34.843,4.239,8.651,1,1,1.0
239,34,447.082,130.916,6.981,7.864,1,1,1.0
239,40,541.671,196.171,5.404,8.230,1,1,1.0
239,42,582.478,394.714,5.516,5.262,1,1,1.0
239,49,729.821,337.269,5.087,4.786,1,1,1.0
239,52,718.961,185.479,4.406,8.876,1,1,1.0
239,54,734.327,365.363,5.223,6.042,1,1,1.0
240,1,78.486,98.003,4.047,9.285,1,1,1.0
240,5,12.344,142.842,4.800,8.166,1,1,1.0
240,14,206.918,150.561,4.619,8.576,1,1,1.0
240,17,174.460,47.758,8.061,4.260,1,1,1.0
240,23,329.401,89.095,4.185,8.915,1,1,1.0
240,25,277.128,378.967,4.839,8.885,1,1,1.0
240,26,308.179,32.300,4.175,9.210,1,1,1.0
240,34,444.589,128.053,6.938,7.619,1,1,1.0
240,40,542.232,194.670,5.416,8.094,1,1,1.0
240,42,582.431,394.745,5.412,5.168,1,1,1.0
240,49,728.579,337.015,5.562,4.706,1,1,1.0
240,52,718.953,185.494,4.463,8.896,1,1,1.0
240,54,734.195,365.391,5.204,6.094,1,1,1.0
241,1,78.670,94.405,3.978,9.429,1,1,1.0
241,5,15.448,138.703,4.800,8.166,1,1,1.0
241,14,207.622,148.664,4.469,8.563,1,1,1.0
241,17,174.332,47.789,8.251,4.160,1,1,1.0
241,23,329.467,89.085,4.117,8.907,1,1,1.0
241,25,276.981,376.819,4.723,8.444,1,1,1.0
241,26,308.683,29.801,4.060,8.538,1,1,1.0
241,34,442.577,125.869,7.254,7.023,1,1,1.0
241,40,542.816,192.733,5.360,8.275,1,1,1.0
241,42,582.352,394.705,5.343,5.201,1,1,1.0
241,49,727.598,335.510,5.536,6.157,1,1,1.0
241,52,718.988,185.420,4.395,8.980,1,1,1.0
241,54,734.111,365.362,5.159,6.146,1,1,1.0
242,1,78.615,91.736,3.967,9.158,1,1,1.0
242,5,17.524,137.090,4.318,6.119,1,1,1.0
242,14,207.959,147.233,4.701,8.715,1,1,1.0
242,17,174.415,47.839,8.206,4.216,1,1,1.0
242,23,329.412,89.115,4.172,8.917,1,1,1.0
242,25,276.787,375.049,4.660,9.081,1,1,1.0
242,26,309.026,29.715,4.540,6.023,1,1,1.0
242,34,439.386,123.736,7.452,6.622,1,1,1.0
242,40,543.243,191.164,5.298,8.051,1,1,1.0
242,42,582.329,394.692,5.359,5.244,1,1,1.0
242,49,727.101,333.078,5.339,6.829,1,1,1.0
242,52,718.938,185.417,4.407,8.925,1,1,1.0
242,54,734.083,365.271,5.162,6.282,1,1,1.0
243,1,78.850,88.382,3.831,9.055,1,1,1.0
243,5,17.621,136.622,4.483,6.616,1,1,1.0
243,14,208.886,144.822,4.366,8.697,1,1,1.0
243,17,174.535,47.727,7.966,4.315,1,1,1.0
243,23,329.442,88.474,4.030,9.235,1,1,1.0
243,25,276.844,372.903,4.148,9.107,1,1,1.0
243,34,436.312,121.089,7.743,6.553,1,1,1.0
243,40,544.078,189.724,5.489,8.312,1,1,1.0
243,42,582.496,394.748,5.183,5.252,1,1,1.0
243,49,725.694,330.118,5.001,7.044,1,1,1.0
243,52,719.042,185.636,4.417,8.728,1,1,1.0
243,54,734.178,365.462,5.030,5.885,1,1,1.0
244,1,78.805,84.978,3.816,9.344,1,1,1.0
244,5,18.253,135.623,5.473,6.876,1,1,1.0
244,14,209.106,142.783,4.221,8.047,1,1,1.0
244,17,174.488,47.635,8.009,4.363,1,1,1.0
244,23,329.440,88.220,4.070,9.151,1,1,1.0
244,25,277.573,370.763,4.217,8.694,1,1,1.0
244,34,433.245,118.339,7.540,6.824,1,1,1.0
244,40,544.647,188.821,5.418,7.895,1,1,1.0
244,42,582.517,394.723,5.175,5.256,1,1,1.0
244,49,724.851,327.500,5.082,7.421,1,1,1.0
244,52,719.072,185.594,4.445,8.712,1,1,1.0
244,54,734.369,365.544,4.878,5.881,1,1,1.0
245,1,78.937,80.893,3.717,9.313,1,1,1.0
245,5,19.446,134.200,5.860,6.279,1,1,1.0
245,14,209.270,141.514,4.155,7.968,1,1,1.0
245,17,174.553,47.616,7.936,4.319,1,1,1.0
245,23,329.583,87.816,3.988,9.383,1,1,1.0
245,25,278.681,368.714,3.976,8.525,1,1,1.0
245,34,430.495,115.724,7.608,6.568,1,1,1.0
245,40,545.314,187.800,5.210,8.172,1,1,1.0
245,42,582.479,394.736,5.306,5.253,1,1,1.0
245,49,723.078,324.464,5.379,7.400,1,1,1.0
245,52,719.005,185.346,4.514,8.636,1,1,1.0
245,54,734.496,365.628,4.795,5.846,1,1,1.0
246,1,78.853,77.323,3.719,9.139,1,1,1.0
246,5,21.580,133.262,6.366,5.999,1,1,1.0
246,14,209.548,139.079,4.547,8.003,1,1,1.0
246,17,174.588,47.619,7.947,4.345,1,1,1.0
246,23,329.582,87.822,3.963,9.295,1,1,1.0
246,25,279.441,367.153,4.234,8.591,1,1,1.0
246,34,428.135,113.787,7.636,6.548,1,1,1.0
246,40,545.668,187.145,5.255,8.108,1,1,1.0
246,42,582.482,394.736,5.272,5.244,1,1,1.0
246,49,721.697,321.824,5.293,7.152,1,1,1.0
246,52,719.096,184.118,4.737,8.720,1,1,1.0
246,54,734.229,365.604,4.954,5.789,1,1,1.0
247,1,78.588,73.613,4.016,9.408,1,1,1.0
247,5,23.347,132.035,6.835,6.151,1,1,1.0
247,14,209.451,137.356,4.837,7.843,1,1,1.0
247,17,174.545,47.669,8.056,4.365,1,1,1.0
247,23,320.312,69.264,7.181,13.005,1,1,1.0
247,25,279.526,365.505,4.701,9.007,1,1,1.0
247,34,426.587,111.650,8.037,6.324,1,1,1.0
247,40,545.884,186.831,5.386,7.930,1,1,1.0
247,42,582.445,394.721,5.303,5.280,1,1,1.0
247,49,718.722,318.836,5.745,6.859,1,1,1.0
247,52,719.466,182.685,4.831,9.090,1,1,1.0
247,54,734.337,365.555,5.001,5.850,1,1,1.0
248,1,78.253,69.351,4.010,9.234,1,1,1.0
248,5,25.969,131.328,7.879,5.128,1,1,1.0
248,14,209.916,135.461,4.853,7.683,1,1,1.0
248,17,174.566,47.827,7.987,4.236,1,1,1.0
248,23,305.147,34.097,6.353,11.738,1,1,1.0
248,25,280.341,363.878,4.850,8.169,1,1,1.0
248,34,423.868,109.474,8.021,6.538,1,1,1.0
248,40,545.928,186.580,5.414,7.950,1,1,1.0
248,42,582.466,394.757,5.244,5.250,1,1,1.0
248,49,716.134,316.118,5.921,7.049,1,1,1.0
248,52,719.178,181.539,4.930,9.187,1,1,1.0
248,54,734.362,365.542,4.979,5.843,1,1,1.0
249,1,77.669,65.810,4.015,8.835,1,1,1.0
249,5,28.408,131.960,8.479,4.686,1,1,1.0
249,14,210.098,133.740,4.632,7.490,1,1,1.0
249,17,174.567,47.780,8.023,4.281,1,1,1.0
249,25,281.678,362.078,5.697,7.942,1,1,1.0
249,34,421.309,107.591,8.198,6.341,1,1,1.0
249,40,545.884,186.598,5.526,7.914,1,1,1.0
249,42,582.459,394.805,5.258,5.186,1,1,1.0
249,49,713.835,313.502,6.137,6.704,1,1,1.0
249,52,720.533,180.197,4.511,9.035,1,1,1.0
249,54,734.337,365.547,5.017,5.816,1,1,1.0
250,1,77.382,61.782,4.023,8.571,1,1,1.0
250,5,31.182,132.748,8.227,4.269,1,1,1.0
250,14,211.017,132.935,4.276,6.928,1,1,1.0
250,17,174.622,47.811,7.946,4.243,1,1,1.0
250,25,283.257,361.151,6.494,6.855,1,1,1.0
250,34,418.846,105.704,7.699,5.781,1,1,1.0
250,40,545.912,186.601,5.431,7.935,1,1,1.0
250,42,582.453,394.804,5.289,5.201,1,1,1.0
250,49,711.509,311.064,6.485,7.025,1,1,1.0
250,52,719.926,178.265,4.655,9.097,1,1,1.0
250,54,734.390,365.579,5.037,5.744,1,1,1.0
251,1,76.687,58.235,4.063,8.656,1,1,1.0
251,5,33.880,132.939,8.377,4.269,1,1,1.0
251,14,211.510,131.361,4.272,6.967,1,1,1.0
251,17,174.576,47.815,7.894,4.243,1,1,1.0
251,25,285.555,360.297,6.521,6.586,1,1,1.0
251,34,416.315,103.408,7.197,5.810,1,1,1.0
251,40,545.956,186.434,5.375,7.752,1,1,1.0
251,42,582.482,394.776,5.238,5.204,1,1,1.0
251,49,707.894,308.856,7.169,6.331,1,1,1.0
251,52,720.428,176.597,4.413,8.782,1,1,1.0
251,54,733.807,365.196,5.345,5.895,1,1,1.0
252,1,76.016,54.934,4.186,8.681,1,1,1.0
252,5,36.306,132.819,8.487,4.226,1,1,1.0
252,14,211.790,129.683,4.174,7.243,1,1,1.0
252,17,174.580,47.801,7.964,4.261,1,1,1.0
252,25,287.536,359.571,7.171,5.830,1,1,1.0
252,34,413.899,101.456,7.321,6.153,1,1,1.0
252,40,546.641,186.066,4.753,8.408,1,1,1.0
252,42,582.495,394.774,5.243,5.124,1,1,1.0
252,49,704.813,307.075,7.015,6.083,1,1,1.0
252,52,720.930,175.027,4.580,9.073,1,1,1.0
252,54,734.393,365.563,4.875,5.654,1,1,1.0
253,1,74.936,52.252,4.213,8.478,1,1,1.0
253,5,37.931,131.650,8.740,4.675,1,1,1.0
253,14,211.849,128.289,4.375,6.924,1,1,1.0
253,17,174.553,47.834,7.827,4.275,1,1,1.0
253,25,289.820,359.203,7.958,5.005,1,1,1.0
253,34,411.539,99.798,7.121,5.603,1,1,1.0
253,40,546.663,185.122,4.470,8.673,1,1,1.0
253,42,582.393,394.711,5.264,5.170,1,1,1.0
253,49,701.323,304.963,7.194,6.111,1,1,1.0
253,52,721.152,173.790,4.729,8.503,1,1,1.0
253,54,734.515,365.485,4.759,5.723,1,1,1.0
254,1,74.697,48.677,4.253,8.379,1,1,1.0
254,5,38.906,128.880,6.715,7.366,1,1,1.0
254,14,211.888,125.853,4.227,7.352,1,1,1.0
254,17,174.592,47.771,7.773,4.317,1,1,1.0
254,25,292.045,359.851,7.824,4.243,1,1,1.0
254,34,410.137,98.531,6.792,5.644,1,1,1.0
254,40,546.560,184.142,4.310,8.707,1,1,1.0
254,42,582.482,394.597,5.217,5.302,1,1,1.0
254,49,698.449,303.522,7.095,5.732,1,1,1.0
254,52,721.207,171.884,4.620,8.928,1,1,1.0
254,54,734.355,365.410,5.027,5.678,1,1,1.0
255,1,73.631,44.692,4.295,8.285,1,1,1.0
255,5,40.084,125.450,5.381,8.196,1,1,1.0
255,14,211.771,123.852,4.278,8.445,1,1,1.0
255,17,174.598,47.878,7.869,4.239,1,1,1.0
255,25,294.826,360.877,8.321,4.718,1,1,1.0
255,34,408.546,97.242,6.748,5.485,1,1,1.0
255,40,546.243,183.422,4.315,8.873,1,1,1.0
255,42,582.509,394.592,5.161,5.306,1,1,1.0
255,49,695.035,301.651,7.106,5.752,1,1,1.0
255,52,721.801,169.888,4.589,9.005,1,1,1.0
255,54,734.339,365.388,5.046,5.767,1,1,1.0
256,1,72.525,40.442,4.307,9.005,1,1,1.0
256,5,41.450,122.089,4.799,8.914,1,1,1.0
256,8,72.427,27.632,4.603,4.319,1,1,1.0
256,14,211.906,120.992,3.959,8.403,1,1,1.0
256,17,175.746,48.053,7.992,4.211,1,1,1.0
256,25,297.120,361.775,8.450,5.042,1,1,1.0
256,34,407.455,96.200,6.612,5.444,1,1,1.0
256,40,545.832,182.321,4.333,8.926,1,1,1.0
256,42,582.470,394.594,5.215,5.321,1,1,1.0
256,49,692.414,299.334,7.026,6.032,1,1,1.0
256,52,721.711,168.393,4.576,9.162,1,1,1.0
256,54,734.431,365.393,4.989,5.770,1,1,1.0
257,1,71.690,37.399,4.331,8.234,1,1,1.0
257,5,42.239,119.238,5.046,9.051,1,1,1.0
257,14,211.815,119.331,3.933,8.231,1,1,1.0
257,17,176.581,48.134,7.843,4.219,1,1,1.0
257,25,300.189,362.874,8.113,5.092,1,1,1.0
257,34,406.165,94.991,6.757,5.474,1,1,1.0
257,40,545.363,181.732,4.573,8.783,1,1,1.0
257,42,582.433,394.588,5.227,5.347,1,1,1.0
257,49,689.931,297.089,7.014,6.018,1,1,1.0
257,52,721.338,167.062,4.214,9.219,1,1,1.0
257,54,734.318,365.380,5.023,5.804,1,1,1.0
258,1,71.633,33.306,4.091,9.441,1,1,1.0
258,5,43.572,115.792,4.992,9.071,1,1,1.0
258,14,211.679,117.004,4.123,8.342,1,1,1.0
258,17,177.450,47.908,8.118,4.357,1,1,1.0
258,25,302.380,363.836,8.036,5.148,1,1,1.0
258,34,405.615,93.953,6.660,5.784,1,1,1.0
258,40,545.221,180.721,4.490,8.851,1,1,1.0
258,42,582.465,394.591,5.232,5.316,1,1,1.0
258,49,688.001,294.134,6.251,7.027,1,1,1.0
258,52,721.240,165.040,4.467,9.174,1,1,1.0
258,54,734.303,365.367,5.088,5.829,1,1,1.0
259,1,70.915,31.463,4.175,8.172,1,1,1.0
259,5,44.179,112.061,4.804,8.838,1,1,1.0
259,14,211.776,114.504,4.305,8.155,1,1,1.0
259,17,178.580,48.834,8.608,3.931,1,1,1.0
259,25,304.475,364.564,8.201,5.149,1,1,1.0
259,34,405.212,92.773,6.411,5.433,1,1,1.0
259,40,544.858,179.719,4.511,8.747,1,1,1.0
259,42,582.473,394.569,5.264,5.332,1,1,1.0
259,49,686.571,290.990,5.341,7.512,1,1,1.0
259,52,720.676,162.897,4.155,8.878,1,1,1.0
259,54,734.219,365.344,5.159,5.875,1,1,1.0
260,1,70.606,31.118,4.144,6.570,1,1,1.0
260,5,45.294,108.804,4.581,9.255,1,1,1.0
260,14,211.757,112.356,4.167,8.460,1,1,1.0
260,17,179.397,48.633,8.568,3.923,1,1,1.0
260,25,306.149,365.630,8.366,5.230,1,1,1.0
260,34,404.411,90.105,5.166,6.743,1,1,1.0
260,40,544.530,179.006,4.711,8.566,1,1,1.0
260,42,582.443,394.559,5.270,5.381,1,1,1.0
260,49,685.117,287.802,5.658,7.656,1,1,1.0
260,52,720.510,161.134,4.335,8.822,1,1,1.0
260,54,734.212,365.334,5.119,5.996,1,1,1.0
261,5,45.996,105.321,4.732,9.235,1,1,1.0
261,14,211.615,109.862,4.291,8.744,1,1,1.0
261,17,181.420,48.094,7.965,3.992,1,1,1.0
261,25,307.423,365.949,8.451,5.708,1,1,1.0
261,34,404.666,86.987,4.681,7.341,1,1,1.0
261,40,544.406,178.907,4.742,8.472,1,1,1.0
261,42,582.438,394.563,5.254,5.314,1,1,1.0
261,49,683.600,285.003,5.324,7.664,1,1,1.0
261,52,720.486,158.987,4.311,8.522,1,1,1.0
261,54,734.249,365.370,5.140,5.900,1,1,1.0
262,5,47.831,101.534,4.710,9.357,1,1,1.0
262,14,211.681,107.109,4.232,8.660,1,1,1.0
262,17,183.161,47.834,8.128,4.293,1,1,1.0
262,25,308.142,366.984,8.630,5.655,1,1,1.0
262,34,404.584,83.801,4.623,7.859,1,1,1.0
262,40,544.203,178.776,4.760,8.575,1,1,1.0
262,42,582.469,394.586,5.261,5.297,1,1,1.0
262,49,682.062,281.610,5.078,8.316,1,1,1.0
262,52,719.339,157.390,4.741,8.848,1,1,1.0
262,54,734.213,365.410,5.221,5.968,1,1,1.0
263,5,48.812,97.872,4.757,9.388,1,1,1.0
263,14,211.497,105.550,4.088,8.460,1,1,1.0
263,17,185.226,47.882,7.816,4.503,1,1,1.0
263,25,308.278,367.837,8.375,5.774,1,1,1.0
263,34,404.351,80.935,4.714,8.326,1,1,1.0
263,40,544.133,178.793,4.780,8.552,1,1,1.0
263,42,582.468,394.568,5.239,5.289,1,1,1.0
263,49,680.057,278.374,5.138,7.475,1,1,1.0
263,52,719.080,156.013,4.576,8.827,1,1,1.0
263,54,734.198,365.372,5.262,5.983,1,1,1.0
264,5,49.896,94.520,4.952,9.595,1,1,1.0
264,14,211.465,102.689,4.318,8.506,1,1,1.0
264,17,187.417,47.773,7.807,4.453,1,1,1.0
264,25,308.122,368.107,8.387,5.563,1,1,1.0
264,34,404.050,77.125,4.695,8.848,1,1,1.0
264,40,544.583,177.982,4.493,7.375,1,1,1.0
264,42,582.431,394.800,5.182,4.948,1,1,1.0
264,49,679.527,274.812,4.875,8.149,1,1,1.0
264,52,719.087,154.152,4.515,8.812,1,1,1.0
264,54,734.238,365.362,5.216,5.938,1,1,1.0
265,5,51.033,90.771,4.985,9.132,1,1,1.0
265,14,211.601,100.355,4.234,8.528,1,1,1.0
265,17,189.984,47.380,7.882,4.431,1,1,1.0
265,25,308.495,368.892,8.045,4.964,1,1,1.0
265,34,404.068,73.207,4.463,8.305,1,1,1.0
265,40,556.588,158.575,4.955,8.020,1,1,1.0
265,42,582.503,395.054,5.199,4.684,1,1,1.0
265,49,678.248,271.451,4.687,8.486,1,1,1.0
265,52,718.742,152.786,4.546,8.867,1,1,1.0
265,54,734.226,365.460,5.143,5.962,1,1,1.0
266,5,52.125,87.467,4.688,8.937,1,1,1.0
266,14,211.544,97.827,4.261,8.317,1,1,1.0
266,17,192.106,46.873,7.968,4.532,1,1,1.0
266,25,308.401,369.091,8.345,4.998,1,1,1.0
266,34,403.706,69.342,4.271,8.437,1,1,1.0
266,40,555.309,150.714,6.747,6.394,1,1,1.0
266,42,582.500,395.079,5.213,4.682,1,1,1.0
266,49,677.956,267.355,4.400,8.686,1,1,1.0
266,52,717.538,152.013,4.839,8.666,1,1,1.0
266,54,734.210,365.503,5.087,5.881,1,1,1.0
267,5,52.620,83.064,4.870,9.137,1,1,1.0
267,14,211.515,94.536,4.173,8.686,1,1,1.0
267,17,194.801,46.623,7.689,4.623,1,1,1.0
267,25,308.126,369.562,8.809,4.610,1,1,1.0
267,34,403.641,65.506,4.417,8.360,1,1,1.0
267,40,555.249,149.625,6.788,6.274,1,1,1.0
267,42,582.397,395.154,5.355,4.635,1,1,1.0
267,49,677.246,264.437,4.402,8.496,1,1,1.0
267,52,717.757,150.533,4.702,8.661,1,1,1.0
267,54,734.201,365.468,5.113,5.941,1,1,1.0
268,5,53.985,80.466,4.490,9.103,1,1,1.0
268,14,211.516,92.659,4.093,8.212,1,1,1.0
268,17,197.385,45.579,7.113,4.638,1,1,1.0
268,25,307.965,370.123,8.781,4.533,1,1,1.0
268,34,403.834,61.730,4.256,8.401,1,1,1.0
268,40,555.351,149.277,6.759,6.396,1,1,1.0
268,42,581.978,395.276,5.375,4.533,1,1,1.0
268,49,676.564,260.739,4.446,8.506,1,1,1.0
268,52,717.773,148.544,4.728,8.562,1,1,1.0
268,54,734.304,365.503,5.015,5.885,1,1,1.0
269,5,54.740,76.276,4.703,9.415,1,1,1.0
269,14,211.103,90.205,4.387,8.312,1,1,1.0
269,17,199.164,44.546,7.012,5.022,1,1,1.0
269,25,307.140,372.569,8.182,5.045,1,1,1.0
269,34,403.595,57.392,4.217,8.331,1,1,1.0
269,40,555.672,149.082,6.512,6.432,1,1,1.0
269,42,581.503,395.428,5.630,4.496,1,1,1.0
269,49,675.067,257.645,4.578,8.490,1,1,1.0
269,52,717.007,147.512,4.883,8.489,1,1,1.0
269,54,734.326,365.505,5.030,5.862,1,1,1.0
270,5,55.370,72.863,4.583,9.285,1,1,1.0
270,14,210.510,88.752,4.538,7.790,1,1,1.0
270,17,200.911,42.790,6.837,5.480,1,1,1.0
270,25,307.544,371.612,8.086,5.667,1,1,1.0
270,34,403.612,53.570,4.222,8.319,1,1,1.0
270,40,555.617,149.100,6.530,6.406,1,1,1.0
270,42,580.291,395.370,6.296,4.330,1,1,1.0
270,49,674.591,254.267,4.384,8.401,1,1,1.0
270,52,717.076,145.839,5.101,8.838,1,1,1.0
270,54,734.295,365.529,5.006,5.882,1,1,1.0
271,5,56.254,69.182,4.354,9.077,1,1,1.0
271,14,209.584,86.393,4.857,7.861,1,1,1.0
271,17,202.541,40.485,5.617,7.239,1,1,1.0
271,20,202.833,26.971,6.281,4.891,1,1,1.0
271,25,307.475,371.559,7.958,5.289,1,1,1.0
271,34,403.717,50.217,4.238,7.944,1,1,1.0
271,40,555.553,149.127,6.573,6.397,1,1,1.0
271,42,579.379,395.353,6.609,4.252,1,1,1.0
271,49,673.911,250.437,4.069,8.317,1,1,1.0
271,52,716.882,144.045,5.027,8.523,1,1,1.0
271,54,734.227,365.542,4.991,5.874,1,1,1.0
272,5,57.460,66.028,4.383,8.970,1,1,1.0
272,14,209.542,85.020,4.206,7.852,1,1,1.0
272,17,203.893,37.016,5.147,8.355,1,1,1.0
272,20,203.731,27.161,5.520,5.389,1,1,1.0
272,25,307.645,371.677,8.091,5.458,1,1,1.0
272,34,403.347,46.063,3.994,8.187,1,1,1.0
272,40,555.598,148.924,6.412,6.770,1,1,1.0
272,42,578.772,395.390,6.872,4.406,1,1,1.0
272,49,673.351,246.757,4.036,8.250,1,1,1.0
272,52,716.031,142.045,4.196,8.786,1,1,1.0
272,54,735.116,365.347,4.355,6.242,1,1,1.0
273,5,58.103,62.140,4.546,9.192,1,1,1.0
273,14,208.759,83.411,4.640,7.769,1,1,1.0
273,17,205.245,34.483,5.113,8.355,1,1,1.0
273,25,308.163,371.684,7.769,6.032,1,1,1.0
273,34,403.134,42.705,4.277,8.029,1,1,1.0
273,35,403.151,30.631,4.251,7.034,1,1,1.0
273,40,557.448,147.868,4.021,8.953,1,1,1.0
273,42,578.289,395.491,6.427,4.438,1,1,1.0
273,49,672.109,242.546,4.311,8.280,1,1,1.0
273,52,715.534,140.787,4.363,9.166,1,1,1.0
273,54,735.390,365.229,4.353,6.431,1,1,1.0
274,5,59.078,58.326,4.538,9.061,1,1,1.0
274,14,207.795,81.979,4.915,7.463,1,1,1.0
274,17,205.883,32.166,4.754,7.779,1,1,1.0
274,25,308.292,371.929,7.646,6.209,1,1,1.0
274,34,405.664,36.580,6.666,10.711,1,1,1.0
274,40,557.978,146.208,4.401,8.860,1,1,1.0
274,42,578.114,395.451,6.257,4.422,1,1,1.0
274,49,671.668,239.423,4.399,8.574,1,1,1.0
274,52,715.205,138.967,4.779,8.861,1,1,1.0
274,54,735.466,365.164,4.401,6.558,1,1,1.0
275,5,59.600,54.736,4.478,9.108,1,1,1.0
275,14,207.012,80.364,5.140,7.612,1,1,1.0
275,17,206.232,30.930,4.489,7.184,1,1,1.0
275,25,308.376,372.267,7.343,6.674,1,1,1.0
275,34,403.321,34.678,3.909,7.311,1,1,1.0
275,35,452.056,65.266,14.629,10.495,1,1,1.0
275,40,558.694,144.928,5.095,8.450,1,1,1.0
275,42,577.918,395.328,6.427,4.399,1,1,1.0
275,49,671.279,235.583,4.308,8.407,1,1,1.0
275,52,715.157,137.317,4.498,8.732,1,1,1.0
275,54,735.414,364.779,4.328,6.714,1,1,1.0
276,5,60.866,51.325,3.993,8.894,1,1,1.0
276,14,205.842,78.462,4.904,7.910,1,1,1.0
276,25,308.783,372.297,7.111,6.988,1,1,1.0
276,34,403.234,35.825,3.924,7.331,1,1,1.0
276,35,449.550,86.047,6.627,8.112,1,1,1.0
276,40,560.374,142.852,4.892,8.667,1,1,1.0
276,42,577.914,395.385,6.424,4.374,1,1,1.0
276,49,670.625,232.203,4.229,7.872,1,1,1.0
276,52,714.220,135.941,4.517,8.683,1,1,1.0
276,54,735.321,364.635,4.317,6.764,1,1,1.0
277,5,60.772,47.580,4.052,9.137,1,1,1.0
277,14,205.310,76.772,4.899,7.908,1,1,1.0
277,25,309.077,372.510,6.689,7.520,1,1,1.0
277,34,403.435,36.607,3.786,7.221,1,1,1.0
277,35,455.542,99.776,7.475,5.043,1,1,1.0
277,40,561.706,140.919,5.014,8.478,1,1,1.0
277,42,577.959,395.409,6.409,4.246,1,1,1.0
277,49,670.215,228.478,4.268,8.624,1,1,1.0
277,52,714.069,134.331,4.878,8.664,1,1,1.0
277,54,735.295,364.448,4.371,6.566,1,1,1.0
278,5,61.086,43.847,4.367,9.072,1,1,1.0
278,14,204.692,74.819,4.908,8.113,1,1,1.0
278,25,309.967,372.955,5.481,8.112,1,1,1.0
278,34,403.318,36.598,4.104,7.146,1,1,1.0
278,40,562.265,138.334,5.253,8.276,1,1,1.0
278,42,577.937,395.386,6.455,4.311,1,1,1.0
278,49,669.610,224.268,3.902,8.535,1,1,1.0
278,52,713.926,132.598,4.704,8.454,1,1,1.0
278,54,735.334,364.353,4.323,6.578,1,1,1.0
279,5,61.717,40.157,4.162,9.500,1,1,1.0
279,14,203.604,72.737,4.943,8.147,1,1,1.0
279,25,310.326,373.084,5.258,8.341,1,1,1.0
279,34,403.317,36.599,4.118,7.119,1,1,1.0
279,36,457.934,98.519,4.987,8.835,1,1,1.0
279,40,564.219,135.502,5.084,8.557,1,1,1.0
279,42,578.037,395.394,6.393,4.258,1,1,1.0
279,49,669.385,219.824,4.147,8.599,1,1,1.0
279,52,712.987,130.905,4.604,8.409,1,1,1.0
279,54,735.289,364.325,4.392,6.572,1,1,1.0
280,5,62.955,36.543,4.306,9.702,1,1,1.0
280,14,203.029,71.255,4.922,8.014,1,1,1.0
280,25,310.303,373.299,5.183,8.405,1,1,1.0
280,34,403.745,37.248,4.304,6.339,1,1,1.0
280,36,457.983,97.425,5.122,8.912,1,1,1.0
280,40,565.293,132.699,5.065,8.620,1,1,1.0
280,42,578.044,395.396,6.366,4.246,1,1,1.0
280,49,669.400,216.205,4.119,8.544,1,1,1.0
280,52,711.315,129.987,5.513,8.111,1,1,1.0
280,54,735.323,364.354,4.419,6.590,1,1,1.0
281,5,63.427,33.336,3.862,9.640,1,1,1.0
281,14,202.089,69.663,4.679,7.841,1,1,1.0
281,25,310.384,373.406,5.096,8.406,1,1,1.0
281,34,404.311,38.176,4.807,5.181,1,1,1.0
281,36,458.028,96.539,5.157,8.892,1,1,1.0
281,40,566.939,129.742,4.866,8.627,1,1,1.0
281,42,578.038,395.435,6.376,4.190,1,1,1.0
281,49,669.596,212.897,3.914,8.238,1,1,1.0
281,52,710.859,127.733,5.738,8.260,1,1,1.0
281,54,735.314,364.345,4.414,6.615,1,1,1.0
282,5,64.473,31.490,4.155,7.853,1,1,1.0
282,14,200.706,67.506,5.165,7.527,1,1,1.0
282,25,310.614,373.427,5.023,8.579,1,1,1.0
282,34,405.321,38.433,4.774,5.773,1,1,1.0
282,36,458.021,96.582,5.189,8.885,1,1,1.0
282,40,567.982,126.506,4.619,8.742,1,1,1.0
282,42,578.051,395.432,6.359,4.220,1,1,1.0
282,49,669.491,208.730,3.963,8.266,1,1,1.0
282,52,710.342,126.411,5.801,8.724,1,1,1.0
282,54,735.331,364.256,4.364,6.688,1,1,1.0
283,5,64.678,31.113,4.347,5.419,1,1,1.0
283,14,199.085,66.075,5.080,7.197,1,1,1.0
283,25,310.659,373.445,5.033,8.593,1,1,1.0
283,34,406.042,40.374,5.437,5.738,1,1,1.0
283,36,458.155,96.680,5.014,8.813,1,1,1.0
283,40,568.848,123.400,4.219,8.680,1,1,1.0
283,42,578.138,395.485,6.265,4.215,1,1,1.0
283,49,669.755,204.946,3.788,7.971,1,1,1.0
283,52,710.127,125.820,5.261,8.768,1,1,1.0
283,54,735.360,364.252,4.368,6.738,1,1,1.0
284,14,197.608,64.208,5.684,7.316,1,1,1.0
284,25,310.671,373.496,5.018,8.582,1,1,1.0
284,34,407.721,42.144,5.118,5.924,1,1,1.0
284,36,458.186,96.664,5.105,8.829,1,1,1.0
284,40,569.137,120.249,3.944,8.760,1,1,1.0
284,42,578.138,395.489,6.300,4.198,1,1,1.0
284,49,669.611,201.346,3.897,8.331,1,1,1.0
284,52,709.985,125.524,5.431,8.712,1,1,1.0
284,54,735.336,364.265,4.358,6.685,1,1,1.0
285,14,195.700,62.674,5.731,6.915,1,1,1.0
285,25,310.702,373.524,5.007,8.712,1,1,1.0
285,34,408.607,43.593,5.662,5.903,1,1,1.0
285,36,458.183,96.642,5.026,8.844,1,1,1.0
285,40,569.189,116.618,3.875,8.791,1,1,1.0
285,42,578.157,395.498,6.263,4.175,1,1,1.0
285,49,669.433,197.459,3.986,8.566,1,1,1.0
285,52,709.616,123.940,5.619,8.243,1,1,1.0
285,54,735.352,364.188,4.327,6.767,1,1,1.0
286,14,194.434,61.419,5.931,6.882,1,1,1.0
286,25,310.668,374.286,4.920,8.745,1,1,1.0
286,34,409.349,45.068,5.928,6.564,1,1,1.0
286,36,458.439,94.731,4.822,9.059,1,1,1.0
286,40,569.057,114.071,3.965,8.790,1,1,1.0
286,42,578.177,395.521,6.222,4.166,1,1,1.0
286,49,668.531,194.567,4.262,7.649,1,1,1.0
286,52,709.321,122.304,4.989,8.441,1,1,1.0
286,54,735.381,364.267,4.209,6.744,1,1,1.0
287,14,193.222,59.740,6.080,7.029,1,1,1.0
287,25,310.856,373.748,4.982,8.739,1,1,1.0
287,34,411.384,47.487,5.642,7.217,1,1,1.0
287,36,458.365,92.159,4.658,9.447,1,1,1.0
287,40,568.811,112.126,4.102,8.583,1,1,1.0
287,42,578.146,395.509,6.279,4.187,1,1,1.0
287,49,668.185,191.923,4.338,7.251,1,1,1.0
287,52,708.661,120.945,4.707,8.726,1,1,1.0
287,54,735.340,364.252,4.263,6.760,1,1,1.0
288,14,192.020,57.766,5.447,7.345,1,1,1.0
288,25,311.538,373.310,4.797,8.600,1,1,1.0
288,34,412.364,49.939,5.337,7.296,1,1,1.0
288,36,458.065,89.075,4.715,9.492,1,1,1.0
288,40,568.867,110.615,3.913,8.727,1,1,1.0
288,42,578.153,395.515,6.276,4.183,1,1,1.0
288,49,667.459,187.790,4.300,7.460,1,1,1.0
288,52,708.539,120.197,4.643,8.343,1,1,1.0
288,54,735.257,364.257,4.199,6.760,1,1,1.0
289,14,192.117,55.486,4.989,8.224,1,1,1.0
289,25,311.529,373.313,4.864,8.603,1,1,1.0
289,34,413.213,52.651,5.281,8.172,1,1,1.0
289,36,458.236,86.721,4.480,9.369,1,1,1.0
289,40,568.819,108.672,3.892,8.812,1,1,1.0
289,42,578.198,395.559,6.380,4.161,1,1,1.0
289,49,666.717,185.152,4.324,7.330,1,1,1.0
289,52,708.461,117.878,4.945,8.615,1,1,1.0
289,54,735.240,364.312,4.306,6.883,1,1,1.0
290,14,192.767,53.460,3.821,9.007,1,1,1.0
290,25,311.524,373.333,4.916,8.632,1,1,1.0
290,34,413.995,56.008,5.294,8.122,1,1,1.0
290,36,458.269,84.590,4.377,9.091,1,1,1.0
290,40,568.612,106.820,4.019,8.868,1,1,1.0
290,42,578.179,395.553,6.341,4.167,1,1,1.0
290,49,666.321,181.681,4.070,7.166,1,1,1.0
290,52,707.893,115.968,4.506,8.767,1,1,1.0
290,54,735.212,364.323,4.266,6.902,1,1,1.0
291,14,193.788,51.587,3.840,8.869,1,1,1.0
291,25,311.546,373.556,4.874,8.753,1,1,1.0
291,34,415.162,59.559,4.910,8.581,1,1,1.0
291,36,458.463,82.058,4.288,9.105,1,1,1.0
291,40,568.423,104.528,4.006,8.727,1,1,1.0
291,42,578.188,395.551,6.288,4.161,1,1,1.0
291,49,666.295,178.934,3.879,7.384,1,1,1.0
291,52,707.337,115.419,4.443,8.637,1,1,1.0
291,54,735.222,364.338,4.265,6.920,1,1,1.0
292,14,194.161,49.426,4.042,8.910,1,1,1.0
292,25,311.525,373.742,4.926,8.741,1,1,1.0
292,34,416.252,62.852,4.842,8.542,1,1,1.0
292,36,458.547,80.168,4.216,8.742,1,1,1.0
292,40,568.440,102.318,3.959,8.632,1,1,1.0
292,42,578.185,395.570,6.276,4.161,1,1,1.0
292,49,665.670,175.208,4.124,7.395,1,1,1.0
292,52,707.262,114.392,4.702,8.557,1,1,1.0
292,54,735.207,364.324,4.254,6.919,1,1,1.0
293,14,194.750,46.939,4.428,9.080,1,1,1.0
293,25,311.494,373.527,4.918,8.796,1,1,1.0
293,34,417.100,66.278,4.660,9.165,1,1,1.0
293,36,458.514,77.475,4.266,9.401,1,1,1.0
293,40,568.454,99.784,3.998,8.641,1,1,1.0
293,42,578.152,395.532,6.315,4.179,1,1,1.0
293,49,665.292,171.816,4.113,7.500,1,1,1.0
293,52,707.163,112.421,4.895,8.491,1,1,1.0
293,54,735.194,364.312,4.257,6.958,1,1,1.0
294,14,195.820,44.954,3.986,8.749,1,1,1.0
294,25,311.480,373.106,4.898,8.834,1,1,1.0
294,34,417.649,69.475,4.296,9.456,1,1,1.0
294,36,457.684,74.819,4.335,9.278,1,1,1.0
294,40,568.503,97.674,4.042,8.942,1,1,1.0
294,42,578.126,395.541,6.320,4.187,1,1,1.0
294,49,665.080,168.862,4.239,7.408,1,1,1.0
294,52,706.445,110.477,4.764,8.962,1,1,1.0
294,54,735.229,364.344,4.270,6.890,1,1,1.0
295,14,195.878,42.237,4.235,9.286,1,1,1.0
295,25,311.529,373.167,4.904,8.790,1,1,1.0
295,34,418.130,73.571,3.871,9.489,1,1,1.0
295,36,457.708,72.442,4.007,9.307,1,1,1.0
295,40,568.221,95.905,4.040,9.046,1,1,1.0
295,42,578.146,395.494,6.299,4.228,1,1,1.0
295,49,665.336,166.213,4.350,7.574,1,1,1.0
295,52,706.042,109.526,4.618,8.592,1,1,1.0
295,54,735.232,364.326,4.271,6.914,1,1,1.0
296,14,196.675,39.931,4.478,9.698,1,1,1.0
296,17,196.538,26.787,5.085,4.605,1,1,1.0
296,25,311.547,373.168,4.917,8.794,1,1,1.0
296,34,418.063,77.327,4.052,9.827,1,1,1.0
296,36,456.842,68.875,4.267,9.527,1,1,1.0
296,40,568.222,94.910,4.064,8.890,1,1,1.0
296,42,578.164,395.498,6.294,4.225,1,1,1.0
296,49,665.309,163.851,4.346,7.689,1,1,1.0
296,52,706.381,107.547,4.581,8.672,1,1,1.0
296,54,735.219,364.350,4.274,6.886,1,1,1.0
297,14,197.266,36.457,3.959,9.714,1,1,1.0
297,25,311.508,373.184,4.949,8.771,1,1,1.0
297,34,418.155,80.771,4.205,9.806,1,1,1.0
297,36,456.058,65.420,4.690,8.889,1,1,1.0
297,40,568.099,93.871,4.181,8.852,1,1,1.0
297,42,578.155,395.515,6.326,4.203,1,1,1.0
297,49,665.489,161.276,4.662,7.336,1,1,1.0
297,52,706.014,105.722,4.264,8.469,1,1,1.0
297,54,735.206,364.339,4.295,6.864,1,1,1.0
298,14,198.039,34.381,4.024,8.728,1,1,1.0
298,25,311.525,373.184,4.919,8.770,1,1,1.0
298,34,418.134,83.563,4.138,9.533,1,1,1.0
298,36,454.445,61.667,4.897,9.220,1,1,1.0
298,40,568.077,92.965,4.005,9.029,1,1,1.0
298,42,578.185,395.546,6.270,4.168,1,1,1.0
298,49,665.931,159.487,4.496,7.327,1,1,1.0
298,52,705.505,103.928,3.859,8.695,1,1,1.0
298,54,735.431,364.731,4.372,6.818,1,1,1.0
299,14,198.033,31.238,4.029,9.245,1,1,1.0
299,25,311.530,373.179,4.884,8.754,1,1,1.0
299,34,418.405,87.018,4.379,9.824,1,1,1.0
299,36,452.912,58.338,5.401,8.850,1,1,1.0
299,40,568.039,91.616,4.023,8.837,1,1,1.0
299,42,578.175,395.519,6.289,4.193,1,1,1.0
299,49,666.329,157.664,4.421,7.461,1,1,1.0
299,52,705.572,101.816,4.363,8.771,1,1,1.0
299,54,735.567,364.564,4.226,6.714,1,1,1.0
300,14,198.446,30.770,4.231,7.119,1,1,1.0
300,25,311.527,373.186,4.895,8.752,1,1,1.0
300,34,418.149,91.254,4.173,9.880,1,1,1.0
300,36,450.699,55.278,5.719,8.546,1,1,1.0
300,40,567.901,89.998,4.192,8.882,1,1,1.0
300,42,578.401,395.618,6.590,4.184,1,1,1.0
300,49,666.703,155.552,4.969,7.098,1,1,1.0
300,52,705.485,100.243,4.310,8.714,1,1,1.0
300,54,735.679,364.333,4.241,6.600,1,1,1.0
301,14,198.139,30.291,4.453,5.321,1,1,1.0
301,25,311.417,373.298,4.966,8.815,1,1,1.0
301,34,418.664,95.509,4.380,9.251,1,1,1.0
301,36,449.269,51.841,5.373,8.908,1,1,1.0
301,40,568.182,88.201,4.208,8.928,1,1,1.0
301,42,578.505,395.764,6.480,4.166,1,1,1.0
301,49,667.598,154.456,4.948,7.051,1,1,1.0
301,52,704.416,98.999,4.279,8.657,1,1,1.0
301,54,735.625,364.246,4.232,6.570,1,1,1.0
302,25,311.415,373.347,4.988,8.822,1,1,1.0
302,34,418.568,99.231,4.158,9.609,1,1,1.0
302,36,446.950,48.867,5.994,7.803,1,1,1.0
302,40,568.401,86.300,4.018,9.009,1,1,1.0
302,42,578.510,395.845,6.511,4.165,1,1,1.0
302,49,668.444,153.276,4.954,6.676,1,1,1.0
302,52,704.911,96.749,4.049,8.761,1,1,1.0
302,54,735.619,364.195,4.215,6.617,1,1,1.0
303,25,311.413,373.350,4.990,8.753,1,1,1.0
303,34,418.969,102.833,4.231,9.898,1,1,1.0
303,36,445.049,45.929,6.306,8.306,1,1,1.0
303,40,568.435,83.809,3.961,9.022,1,1,1.0
303,42,578.497,395.865,6.529,4.141,1,1,1.0
303,49,669.296,150.534,5.680,6.985,1,1,1.0
303,52,705.359,95.219,4.164,8.921,1,1,1.0
303,54,735.592,364.120,4.165,6.649,1,1,1.0
304,25,311.403,373.264,4.973,8.520,1,1,1.0
304,34,418.991,106.606,4.233,9.671,1,1,1.0
304,36,443.638,43.748,5.971,8.122,1,1,1.0
304,40,568.637,81.780,3.971,9.056,1,1,1.0
304,42,578.492,395.850,6.555,4.120,1,1,1.0
304,49,669.741,148.783,5.586,7.209,1,1,1.0
304,52,705.092,93.674,4.096,9.033,1,1,1.0
304,54,735.478,364.065,4.176,6.649,1,1,1.0
305,25,311.440,373.289,4.952,8.377,1,1,1.0
305,34,419.625,110.088,4.189,9.249,1,1,1.0
305,36,441.829,41.650,6.193,8.157,1,1,1.0
305,40,568.420,81.524,6.853,7.224,1,1,1.0
305,42,578.527,395.925,6.489,4.074,1,1,1.0
305,49,669.714,146.590,5.881,7.524,1,1,1.0
305,52,704.631,92.629,3.894,8.655,1,1,1.0
305,54,735.439,364.086,4.212,6.629,1,1,1.0
306,25,311.678,373.294,4.885,8.329,1,1,1.0
306,34,420.039,112.935,4.340,9.939,1,1,1.0
306,36,439.722,39.167,6.384,8.162,1,1,1.0
306,40,571.581,82.159,7.209,6.637,1,1,1.0
306,42,578.472,395.929,6.474,4.104,1,1,1.0
306,49,670.787,142.893,5.038,8.610,1,1,1.0
306,52,705.301,90.964,3.966,8.697,1,1,1.0
306,54,735.349,364.094,4.266,6.659,1,1,1.0
307,25,311.950,373.181,4.872,8.359,1,1,1.0
307,34,420.962,116.369,5.018,9.262,1,1,1.0
307,36,437.842,36.642,6.850,8.032,1,1,1.0
307,40,573.744,80.985,7.524,5.861,1,1,1.0
307,42,578.404,395.930,6.435,4.172,1,1,1.0
307,49,671.166,139.745,4.721,8.981,1,1,1.0
307,52,705.417,89.344,4.244,8.959,1,1,1.0
307,54,735.369,364.062,4.340,6.778,1,1,1.0
308,25,311.965,373.160,4.816,8.345,1,1,1.0
308,34,422.721,119.414,5.594,8.600,1,1,1.0
308,36,437.412,35.818,6.428,7.800,1,1,1.0
308,40,576.553,80.044,7.663,5.647,1,1,1.0
308,42,578.378,395.953,6.399,4.116,1,1,1.0
308,49,671.698,136.455,4.475,8.684,1,1,1.0
308,52,705.129,87.984,4.082,8.776,1,1,1.0
308,54,735.306,364.024,4.356,6.748,1,1,1.0
309,25,311.928,373.131,4.811,8.346,1,1,1.0
309,34,424.838,122.392,6.053,8.773,1,1,1.0
309,36,437.471,35.706,6.360,7.850,1,1,1.0
309,40,578.709,79.396,7.334,5.137,1,1,1.0
309,42,578.362,395.930,6.436,4.132,1,1,1.0
309,49,671.690,132.584,4.678,9.328,1,1,1.0
309,52,705.245,86.317,4.000,8.791,1,1,1.0
309,54,735.263,363.993,4.284,6.768,1,1,1.0
310,25,311.933,373.157,4.805,8.306,1,1,1.0
310,34,426.897,125.186,5.939,8.565,1,1,1.0
310,36,437.599,35.627,6.299,7.874,1,1,1.0
310,40,582.059,77.908,6.616,5.654,1,1,1.0
310,42,578.371,395.923,6.417,4.140,1,1,1.0
310,49,672.281,129.283,4.556,9.114,1,1,1.0
310,52,705.555,83.989,4.172,9.126,1,1,1.0
310,54,735.256,363.953,4.221,6.903,1,1,1.0
311,25,311.890,373.209,4.897,8.339,1,1,1.0
311,34,428.460,128.609,5.702,8.634,1,1,1.0
311,36,437.437,35.438,6.255,8.083,1,1,1.0
311,40,584.183,77.206,6.857,5.912,1,1,1.0
311,42,578.370,395.951,6.391,4.127,1,1,1.0
311,49,672.394,125.740,4.463,9.061,1,1,1.0
311,52,705.285,82.121,4.152,8.831,1,1,1.0
311,54,735.261,363.938,4.244,6.947,1,1,1.0
312,25,311.786,373.179,4.908,8.276,1,1,1.0
312,34,430.242,132.070,5.956,8.289,1,1,1.0
312,36,437.449,35.478,6.265,8.024,1,1,1.0
312,40,586.094,76.363,6.900,5.996,1,1,1.0
312,42,578.386,395.913,6.394,4.166,1,1,1.0
312,49,672.721,122.072,4.219,8.762,1,1,1.0
312,52,705.589,80.439,4.142,8.933,1,1,1.0
312,54,735.247,363.947,4.238,6.944,1,1,1.0
313,25,311.919,373.266,4.827,8.171,1,1,1.0
313,34,431.304,135.713,6.061,8.506,1,1,1.0
313,36,436.662,35.009,6.576,8.436,1,1,1.0
313,40,588.631,74.892,6.493,5.941,1,1,1.0
313,42,578.289,395.926,6.282,4.241,1,1,1.0
313,49,672.536,118.188,4.338,9.041,1,1,1.0
313,52,706.013,78.779,4.354,8.740,1,1,1.0
313,54,735.255,363.925,4.280,7.036,1,1,1.0
314,25,311.818,373.271,4.940,8.441,1,1,1.0
314,34,432.642,138.005,5.742,8.432,1,1,1.0
314,36,436.373,34.940,6.768,8.390,1,1,1.0
314,40,590.360,73.185,6.623,5.777,1,1,1.0
314,42,578.270,395.914,6.327,4.246,1,1,1.0
314,49,673.051,114.282,4.263,9.070,1,1,1.0
314,52,705.649,76.574,4.610,8.813,1,1,1.0
314,54,735.222,363.940,4.323,7.037,1,1,1.0
315,25,311.773,373.446,4.933,8.419,1,1,1.0
315,34,433.004,141.549,5.703,8.526,1,1,1.0
315,36,436.721,35.034,6.480,8.209,1,1,1.0
315,40,592.786,71.368,5.944,6.901,1,1,1.0
315,42,578.270,395.918,6.326,4.272,1,1,1.0
315,49,672.781,110.799,4.565,9.053,1,1,1.0
315,52,705.593,74.513,4.823,9.185,1,1,1.0
315,54,735.238,363.939,4.270,7.031,1,1,1.0
316,25,311.791,373.484,4.936,8.512,1,1,1.0
316,34,434.189,144.307,5.797,8.479,1,1,1.0
316,40,594.400,69.254,5.809,6.931,1,1,1.0
316,42,578.245,395.927,6.348,4.265,1,1,1.0
316,49,673.090,107.505,4.375,8.652,1,1,1.0
316,52,706.159,72.863,4.607,9.050,1,1,1.0
316,54,735.142,363.950,4.366,7.010,1,1,1.0
317,25,311.769,375.052,4.673,8.691,1,1,1.0
317,34,435.283,148.096,5.191,9.006,1,1,1.0
317,40,596.626,67.549,5.624,6.997,1,1,1.0
317,42,578.243,395.904,6.359,4.273,1,1,1.0
317,49,673.665,104.258,4.346,8.744,1,1,1.0
317,52,705.728,71.258,4.505,9.141,1,1,1.0
317,54,734.917,363.954,4.541,6.967,1,1,1.0
318,25,311.726,374.045,4.773,8.778,1,1,1.0
318,34,435.782,151.450,4.645,9.051,1,1,1.0
318,40,597.981,65.664,5.319,7.110,1,1,1.0
318,42,578.242,395.907,6.372,4.290,1,1,1.0
318,49,673.139,100.555,4.445,8.622,1,1,1.0
318,52,705.822,69.716,4.493,8.840,1,1,1.0
318,54,734.789,363.981,4.687,6.902,1,1,1.0
319,25,311.877,373.558,4.641,8.668,1,1,1.0
319,34,434.951,155.475,4.318,9.116,1,1,1.0
319,40,599.943,63.537,4.590,7.113,1,1,1.0
319,42,578.278,395.889,6.307,4.311,1,1,1.0
319,49,673.604,96.953,4.320,8.695,1,1,1.0
319,52,706.552,68.013,4.439,8.843,1,1,1.0
319,54,735.113,363.903,4.329,6.994,1,1,1.0
320,25,311.851,373.263,4.921,8.261,1,1,1.0
320,34,434.548,158.724,4.456,9.360,1,1,1.0
320,40,600.515,60.922,4.999,7.002,1,1,1.0
320,42,578.238,395.882,6.402,4.316,1,1,1.0
320,49,673.751,92.808,4.339,9.013,1,1,1.0
320,52,706.591,66.677,4.542,8.531,1,1,1.0
320,54,735.220,363.928,4.301,6.984,1,1,1.0
321,25,312.048,373.308,4.852,8.261,1,1,1.0
321,34,433.772,162.875,4.388,9.034,1,1,1.0
321,40,601.388,59.092,4.818,7.581,1,1,1.0
321,42,578.270,395.924,6.420,4.282,1,1,1.0
321,49,674.411,89.544,4.602,9.204,1,1,1.0
321,52,706.670,64.982,4.408,8.544,1,1,1.0
321,54,735.130,363.918,4.417,6.987,1,1,1.0
322,25,311.851,373.177,4.953,8.141,1,1,1.0
322,40,602.271,57.393,4.231,7.136,1,1,1.0
322,42,578.232,395.901,6.417,4.292,1,1,1.0
322,49,674.719,85.673,4.645,9.163,1,1,1.0
322,52,706.933,62.591,4.616,8.864,1,1,1.0
322,54,735.247,363.898,4.279,7.027,1,1,1.0
323,25,311.851,373.213,4.863,8.142,1,1,1.0
323,34,431.293,169.502,4.477,8.711,1,1,1.0
323,40,602.578,55.015,4.054,8.238,1,1,1.0
323,42,578.236,395.939,6.406,4.257,1,1,1.0
323,49,676.282,82.607,4.435,8.931,1,1,1.0
323,52,706.724,60.756,4.213,8.892,1,1,1.0
323,54,735.236,363.943,4.222,6.991,1,1,1.0
324,25,311.853,373.181,4.884,8.133,1,1,1.0
324,34,429.875,172.452,4.538,9.137,1,1,1.0
324,40,602.429,52.290,4.182,8.801,1,1,1.0
324,42,578.228,395.882,6.443,4.332,1,1,1.0
324,49,676.745,78.532,4.599,9.258,1,1,1.0
324,52,706.280,59.714,4.245,9.016,1,1,1.0
324,54,735.222,363.916,4.262,7.026,1,1,1.0
