1,33,542.000,310.000,6.000,8.000,1.0,1,1.0
2,33,542.000,310.000,6.000,8.000,1.0,1,1.0
3,33,541.000,309.000,7.000,9.000,1.0,1,1.0
4,33,542.000,310.000,6.000,8.000,1.0,1,1.0
5,33,542.000,311.000,7.000,6.000,1.0,1,1.0
6,33,542.000,312.000,9.000,5.000,1.0,1,1.0
7,33,543.000,311.000,9.000,5.000,1.0,1,1.0
8,33,544.000,311.000,9.000,5.000,1.0,1,1.0
9,33,546.000,311.000,8.000,6.000,1.0,1,1.0
10,33,549.000,312.000,7.000,6.000,1.0,1,1.0
11,33,551.000,313.000,8.000,7.000,1.0,1,1.0
12,33,553.000,315.000,8.000,8.000,1.0,1,1.0
13,33,555.000,317.000,8.000,7.000,1.0,1,1.0
14,33,556.000,317.000,7.000,7.000,1.0,1,1.0
15,33,556.000,317.000,7.000,7.000,1.0,1,1.0
16,33,556.000,317.000,7.000,7.000,1.0,1,1.0
17,33,556.000,317.000,7.000,7.000,1.0,1,1.0
18,33,556.000,317.000,7.000,7.000,1.0,1,1.0
19,33,555.000,317.000,8.000,7.000,1.0,1,1.0
20,33,556.000,317.000,7.000,7.000,1.0,1,1.0
21,33,556.000,317.000,7.000,8.000,1.0,1,1.0
22,33,557.000,319.000,6.000,8.000,1.0,1,1.0
23,33,558.000,321.000,6.000,9.000,1.0,1,1.0
24,33,559.000,324.000,6.000,9.000,1.0,1,1.0
25,33,560.000,327.000,6.000,9.000,1.0,1,1.0
26,33,561.000,331.000,6.000,9.000,1.0,1,1.0
27,33,562.000,335.000,6.000,10.000,1.0,1,1.0
28,33,563.000,338.000,5.000,9.000,1.0,1,1.0
29,33,564.000,339.000,5.000,9.000,1.0,1,1.0
30,33,561.000,340.000,6.000,8.000,1.0,1,1.0
31,33,560.000,339.000,7.000,8.000,1.0,1,1.0
32,33,558.000,339.000,7.000,7.000,1.0,1,1.0
33,33,556.000,339.000,8.000,7.000,1.0,1,1.0
34,33,554.000,340.000,8.000,6.000,1.0,1,1.0
35,33,552.000,340.000,7.000,6.000,1.0,1,1.0
36,33,549.000,340.000,8.000,6.000,1.0,1,1.0
37,33,546.000,341.000,7.000,6.000,1.0,1,1.0
38,33,545.000,341.000,7.000,5.000,1.0,1,1.0
39,33,543.000,340.000,7.000,5.000,1.0,1,1.0
40,33,542.000,339.000,7.000,5.000,1.0,1,1.0
41,33,540.000,338.000,6.000,5.000,1.0,1,1.0
42,33,539.000,337.000,5.000,5.000,1.0,1,1.0
43,33,538.000,337.000,5.000,5.000,1.0,1,1.0
44,33,537.000,336.000,5.000,5.000,1.0,1,1.0
45,33,537.000,335.000,4.000,5.000,1.0,1,1.0
46,33,536.000,333.000,4.000,6.000,1.0,1,1.0
47,33,536.000,332.000,4.000,5.000,1.0,1,1.0
48,33,536.000,331.000,4.000,5.000,1.0,1,1.0
49,33,536.000,330.000,5.000,6.000,1.0,1,1.0
50,33,536.000,328.000,5.000,6.000,1.0,1,1.0
51,33,537.000,326.000,6.000,6.000,1.0,1,1.0
52,33,538.000,324.000,6.000,6.000,1.0,1,1.0
53,33,540.000,322.000,6.000,6.000,1.0,1,1.0
54,33,541.000,319.000,6.000,7.000,1.0,1,1.0
55,33,542.000,317.000,6.000,7.000,1.0,1,1.0
56,33,543.000,315.000,6.000,7.000,1.0,1,1.0
57,33,545.000,312.000,6.000,8.000,1.0,1,1.0
58,33,546.000,310.000,6.000,8.000,1.0,1,1.0
59,33,547.000,306.000,6.000,9.000,1.0,1,1.0
60,33,548.000,303.000,6.000,9.000,1.0,1,1.0
61,33,549.000,300.000,5.000,9.000,1.0,1,1.0
62,33,550.000,296.000,5.000,9.000,1.0,1,1.0
63,33,551.000,293.000,5.000,9.000,1.0,1,1.0
64,33,552.000,290.000,5.000,9.000,1.0,1,1.0
65,33,552.000,287.000,5.000,9.000,1.0,1,1.0
66,33,553.000,284.000,5.000,9.000,1.0,1,1.0
67,33,553.000,280.000,5.000,10.000,1.0,1,1.0
68,33,554.000,277.000,5.000,9.000,1.0,1,1.0
69,33,554.000,273.000,5.000,9.000,1.0,1,1.0
70,33,555.000,269.000,5.000,10.000,1.0,1,1.0
71,33,555.000,266.000,5.000,10.000,1.0,1,1.0
72,33,555.000,262.000,5.000,10.000,1.0,1,1.0
73,33,554.000,259.000,5.000,10.000,1.0,1,1.0
74,33,554.000,256.000,5.000,9.000,1.0,1,1.0
75,33,554.000,252.000,5.000,10.000,1.0,1,1.0
76,33,553.000,249.000,5.000,9.000,1.0,1,1.0
77,33,551.000,246.000,6.000,9.000,1.0,1,1.0
78,33,548.000,244.000,7.000,8.000,1.0,1,1.0
79,33,547.000,242.000,7.000,8.000,1.0,1,1.0
80,33,545.000,240.000,6.000,8.000,1.0,1,1.0
81,33,543.000,238.000,7.000,8.000,1.0,1,1.0
82,33,542.000,235.000,7.000,8.000,1.0,1,1.0
83,33,541.000,233.000,6.000,8.000,1.0,1,1.0
84,33,539.000,230.000,7.000,8.000,1.0,1,1.0
85,33,538.000,228.000,7.000,9.000,1.0,1,1.0
86,33,537.000,227.000,6.000,8.000,1.0,1,1.0
87,33,536.000,225.000,6.000,8.000,1.0,1,1.0
88,33,536.000,223.000,6.000,7.000,1.0,1,1.0
89,33,535.000,220.000,6.000,8.000,1.0,1,1.0
90,33,536.000,218.000,5.000,8.000,1.0,1,1.0
91,33,535.000,217.000,5.000,8.000,1.0,1,1.0
92,33,535.000,214.000,5.000,8.000,1.0,1,1.0
93,33,535.000,211.000,5.000,9.000,1.0,1,1.0
94,33,535.000,209.000,5.000,8.000,1.0,1,1.0
95,33,535.000,206.000,5.000,8.000,1.0,1,1.0
96,33,535.000,203.000,5.000,9.000,1.0,1,1.0
97,33,535.000,200.000,5.000,8.000,1.0,1,1.0
98,33,535.000,196.000,5.000,9.000,1.0,1,1.0
99,33,535.000,192.000,5.000,9.000,1.0,1,1.0
100,33,535.000,189.000,5.000,9.000,1.0,1,1.0
101,33,535.000,186.000,5.000,8.000,1.0,1,1.0
102,33,535.000,182.000,5.000,9.000,1.0,1,1.0
103,33,535.000,179.000,5.000,9.000,1.0,1,1.0
104,33,535.000,176.000,5.000,9.000,1.0,1,1.0
105,33,535.000,173.000,5.000,9.000,1.0,1,1.0
106,33,535.000,170.000,5.000,9.000,1.0,1,1.0
107,33,535.000,167.000,5.000,8.000,1.0,1,1.0
108,33,536.000,163.000,4.000,9.000,1.0,1,1.0
109,33,536.000,160.000,4.000,8.000,1.0,1,1.0
110,33,536.000,157.000,5.000,8.000,1.0,1,1.0
111,33,536.000,153.000,5.000,9.000,1.0,1,1.0
112,33,536.000,150.000,6.000,9.000,1.0,1,1.0
113,33,536.000,147.000,6.000,9.000,1.0,1,1.0
114,33,537.000,144.000,5.000,9.000,1.0,1,1.0
115,33,538.000,141.000,5.000,9.000,1.0,1,1.0
116,33,538.000,138.000,5.000,9.000,1.0,1,1.0
117,33,538.000,135.000,5.000,10.000,1.0,1,1.0
118,33,539.000,133.000,5.000,9.000,1.0,1,1.0
119,33,539.000,130.000,6.000,9.000,1.0,1,1.0
120,33,540.000,127.000,5.000,9.000,1.0,1,1.0
121,33,541.000,124.000,5.000,9.000,1.0,1,1.0
122,33,541.000,120.000,5.000,9.000,1.0,1,1.0
123,33,542.000,117.000,5.000,9.000,1.0,1,1.0
124,33,543.000,114.000,5.000,9.000,1.0,1,1.0
125,33,544.000,111.000,5.000,9.000,1.0,1,1.0
126,33,545.000,108.000,5.000,9.000,1.0,1,1.0
127,33,546.000,105.000,5.000,9.000,1.0,1,1.0
128,33,546.000,104.000,6.000,9.000,1.0,1,1.0
129,33,546.000,104.000,6.000,9.000,1.0,1,1.0
130,33,546.000,104.000,6.000,9.000,1.0,1,1.0
131,33,546.000,104.000,6.000,9.000,1.0,1,1.0
132,33,546.000,104.000,6.000,9.000,1.0,1,1.0
133,33,546.000,104.000,6.000,9.000,1.0,1,1.0
134,33,546.000,103.000,6.000,9.000,1.0,1,1.0
135,33,546.000,101.000,6.000,9.000,1.0,1,1.0
136,33,547.000,98.000,5.000,10.000,1.0,1,1.0
137,33,547.000,96.000,6.000,9.000,1.0,1,1.0
138,33,548.000,93.000,5.000,9.000,1.0,1,1.0
139,33,548.000,91.000,6.000,9.000,1.0,1,1.0
140,33,549.000,88.000,6.000,10.000,1.0,1,1.0
141,33,549.000,85.000,6.000,10.000,1.0,1,1.0
142,33,550.000,82.000,5.000,10.000,1.0,1,1.0
143,33,550.000,78.000,6.000,10.000,1.0,1,1.0
144,33,551.000,74.000,5.000,10.000,1.0,1,1.0
145,33,552.000,70.000,5.000,9.000,1.0,1,1.0
146,33,552.000,66.000,5.000,10.000,1.0,1,1.0
147,33,552.000,62.000,5.000,10.000,1.0,1,1.0
148,33,552.000,59.000,5.000,10.000,1.0,1,1.0
149,33,552.000,55.000,5.000,10.000,1.0,1,1.0
150,33,553.000,51.000,5.000,10.000,1.0,1,1.0
151,33,552.000,48.000,5.000,10.000,1.0,1,1.0
152,33,553.000,45.000,5.000,9.000,1.0,1,1.0
153,33,552.000,41.000,5.000,10.000,1.0,1,1.0
154,33,553.000,38.000,5.000,10.000,1.0,1,1.0
155,33,552.000,35.000,6.000,10.000,1.0,1,1.0
156,33,552.000,35.000,7.000,8.000,1.0,1,1.0
157,33,552.000,28.000,5.000,11.000,1.0,1,1.0
158,33,552.000,28.000,5.000,8.000,1.0,1,1.0
1,11,157.000,315.000,5.000,10.000,1.0,1,1.0
2,11,157.000,315.000,5.000,10.000,1.0,1,1.0
3,11,157.000,315.000,5.000,10.000,1.0,1,1.0
4,11,158.000,313.000,6.000,9.000,1.0,1,1.0
5,11,160.000,308.000,5.000,9.000,1.0,1,1.0
6,11,161.000,304.000,6.000,10.000,1.0,1,1.0
7,11,163.000,300.000,5.000,9.000,1.0,1,1.0
8,11,163.000,295.000,5.000,9.000,1.0,1,1.0
9,11,164.000,291.000,5.000,9.000,1.0,1,1.0
10,11,165.000,286.000,5.000,10.000,1.0,1,1.0
11,11,164.000,282.000,5.000,9.000,1.0,1,1.0
12,11,161.000,279.000,6.000,9.000,1.0,1,1.0
13,11,159.000,275.000,7.000,9.000,1.0,1,1.0
14,11,159.000,271.000,5.000,9.000,1.0,1,1.0
15,11,156.000,268.000,6.000,9.000,1.0,1,1.0
16,11,156.000,266.000,5.000,8.000,1.0,1,1.0
17,11,152.000,263.000,6.000,7.000,1.0,1,1.0
18,11,150.000,258.000,6.000,8.000,1.0,1,1.0
19,11,148.000,256.000,6.000,8.000,1.0,1,1.0
20,11,146.000,252.000,6.000,8.000,1.0,1,1.0
21,11,145.000,249.000,5.000,8.000,1.0,1,1.0
22,11,144.000,246.000,5.000,8.000,1.0,1,1.0
23,11,143.000,244.000,5.000,8.000,1.0,1,1.0
24,11,141.000,241.000,5.000,8.000,1.0,1,1.0
25,11,140.000,239.000,5.000,7.000,1.0,1,1.0
26,11,140.000,237.000,4.000,7.000,1.0,1,1.0
27,11,139.000,234.000,5.000,7.000,1.0,1,1.0
28,11,139.000,231.000,5.000,8.000,1.0,1,1.0
29,11,139.000,228.000,5.000,8.000,1.0,1,1.0
30,11,139.000,225.000,5.000,7.000,1.0,1,1.0
31,11,139.000,221.000,5.000,8.000,1.0,1,1.0
32,11,139.000,217.000,6.000,8.000,1.0,1,1.0
33,11,140.000,213.000,5.000,9.000,1.0,1,1.0
34,11,140.000,209.000,6.000,9.000,1.0,1,1.0
35,11,142.000,205.000,5.000,10.000,1.0,1,1.0
36,11,142.000,201.000,6.000,9.000,1.0,1,1.0
37,11,143.000,198.000,6.000,9.000,1.0,1,1.0
38,11,144.000,194.000,6.000,9.000,1.0,1,1.0
39,11,145.000,189.000,6.000,10.000,1.0,1,1.0
40,11,146.000,185.000,6.000,9.000,1.0,1,1.0
41,11,147.000,181.000,6.000,9.000,1.0,1,1.0
42,11,148.000,177.000,6.000,10.000,1.0,1,1.0
43,11,149.000,174.000,6.000,9.000,1.0,1,1.0
44,11,149.000,171.000,6.000,9.000,1.0,1,1.0
45,11,149.000,168.000,6.000,10.000,1.0,1,1.0
46,11,150.000,166.000,5.000,9.000,1.0,1,1.0
47,11,150.000,165.000,5.000,9.000,1.0,1,1.0
48,11,150.000,164.000,6.000,9.000,1.0,1,1.0
49,11,151.000,163.000,6.000,9.000,1.0,1,1.0
50,11,152.000,163.000,7.000,7.000,1.0,1,1.0
51,11,154.000,163.000,8.000,6.000,1.0,1,1.0
52,11,155.000,163.000,8.000,6.000,1.0,1,1.0
53,11,156.000,162.000,9.000,6.000,1.0,1,1.0
54,11,157.000,162.000,8.000,6.000,1.0,1,1.0
55,11,157.000,161.000,9.000,6.000,1.0,1,1.0
56,11,158.000,161.000,8.000,6.000,1.0,1,1.0
57,11,158.000,161.000,8.000,6.000,1.0,1,1.0
58,11,158.000,161.000,8.000,6.000,1.0,1,1.0
59,11,158.000,160.000,8.000,6.000,1.0,1,1.0
60,11,158.000,159.000,8.000,7.000,1.0,1,1.0
61,11,159.000,158.000,7.000,8.000,1.0,1,1.0
62,11,160.000,157.000,7.000,8.000,1.0,1,1.0
63,11,160.000,156.000,8.000,8.000,1.0,1,1.0
64,11,160.000,155.000,8.000,8.000,1.0,1,1.0
65,11,162.000,153.000,6.000,8.000,1.0,1,1.0
66,11,163.000,150.000,6.000,9.000,1.0,1,1.0
67,11,165.000,147.000,6.000,9.000,1.0,1,1.0
68,11,166.000,144.000,5.000,9.000,1.0,1,1.0
69,11,166.000,140.000,6.000,9.000,1.0,1,1.0
70,11,167.000,136.000,5.000,9.000,1.0,1,1.0
71,11,168.000,132.000,4.000,9.000,1.0,1,1.0
72,11,168.000,127.000,4.000,10.000,1.0,1,1.0
73,11,168.000,123.000,4.000,9.000,1.0,1,1.0
74,11,168.000,119.000,4.000,9.000,1.0,1,1.0
75,11,167.000,115.000,4.000,9.000,1.0,1,1.0
76,11,167.000,111.000,4.000,9.000,1.0,1,1.0
77,11,166.000,107.000,5.000,9.000,1.0,1,1.0
78,11,166.000,103.000,4.000,9.000,1.0,1,1.0
79,11,165.000,100.000,5.000,9.000,1.0,1,1.0
80,11,165.000,96.000,4.000,9.000,1.0,1,1.0
81,11,164.000,92.000,4.000,9.000,1.0,1,1.0
82,11,164.000,88.000,5.000,9.000,1.0,1,1.0
83,11,163.000,84.000,5.000,10.000,1.0,1,1.0
84,11,163.000,81.000,5.000,10.000,1.0,1,1.0
85,11,163.000,78.000,4.000,9.000,1.0,1,1.0
86,11,163.000,74.000,4.000,10.000,1.0,1,1.0
87,11,162.000,71.000,5.000,10.000,1.0,1,1.0
88,11,162.000,68.000,5.000,9.000,1.0,1,1.0
89,11,161.000,65.000,5.000,10.000,1.0,1,1.0
90,11,161.000,63.000,5.000,10.000,1.0,1,1.0
91,11,161.000,61.000,4.000,10.000,1.0,1,1.0
92,11,160.000,60.000,5.000,10.000,1.0,1,1.0
93,11,159.000,59.000,6.000,9.000,1.0,1,1.0
94,11,157.000,58.000,6.000,8.000,1.0,1,1.0
95,11,156.000,57.000,6.000,7.000,1.0,1,1.0
96,11,154.000,55.000,6.000,7.000,1.0,1,1.0
97,11,153.000,52.000,6.000,8.000,1.0,1,1.0
98,11,152.000,50.000,6.000,8.000,1.0,1,1.0
99,11,152.000,48.000,6.000,8.000,1.0,1,1.0
100,11,153.000,46.000,5.000,9.000,1.0,1,1.0
101,11,153.000,44.000,6.000,9.000,1.0,1,1.0
102,11,155.000,42.000,6.000,9.000,1.0,1,1.0
103,11,156.000,40.000,7.000,9.000,1.0,1,1.0
104,11,158.000,38.000,7.000,9.000,1.0,1,1.0
105,11,160.000,36.000,7.000,8.000,1.0,1,1.0
106,11,161.000,36.000,8.000,8.000,1.0,1,1.0
107,11,163.000,36.000,10.000,6.000,1.0,1,1.0
108,11,165.000,36.000,10.000,5.000,1.0,1,1.0
109,11,168.000,37.000,10.000,4.000,1.0,1,1.0
110,11,168.000,37.000,11.000,5.000,1.0,1,1.0
111,11,169.000,37.000,12.000,5.000,1.0,1,1.0
112,11,170.000,37.000,12.000,6.000,1.0,1,1.0
113,11,171.000,36.000,11.000,7.000,1.0,1,1.0
114,11,172.000,36.000,11.000,8.000,1.0,1,1.0
115,11,171.000,35.000,10.000,9.000,1.0,1,1.0
116,11,170.000,36.000,10.000,7.000,1.0,1,1.0
117,11,169.000,36.000,12.000,6.000,1.0,1,1.0
118,11,173.000,36.000,10.000,5.000,1.0,1,1.0
199,11,209.000,27.000,6.000,7.000,1.0,1,1.0
200,11,209.000,28.000,7.000,7.000,1.0,1,1.0
271,11,203.000,27.000,7.000,5.000,1.0,1,1.0
272,11,203.000,28.000,7.000,5.000,1.0,1,1.0
1,8,74.000,388.000,7.000,10.000,1.0,1,1.0
2,8,72.000,387.000,7.000,10.000,1.0,1,1.0
3,8,70.000,385.000,7.000,8.000,1.0,1,1.0
4,8,69.000,383.000,6.000,8.000,1.0,1,1.0
5,8,68.000,380.000,7.000,9.000,1.0,1,1.0
6,8,67.000,378.000,6.000,9.000,1.0,1,1.0
7,8,66.000,376.000,7.000,8.000,1.0,1,1.0
8,8,66.000,375.000,6.000,8.000,1.0,1,1.0
9,8,65.000,374.000,6.000,9.000,1.0,1,1.0
10,8,65.000,374.000,6.000,9.000,1.0,1,1.0
11,8,63.000,377.000,8.000,5.000,1.0,1,1.0
12,8,60.000,378.000,9.000,5.000,1.0,1,1.0
13,8,57.000,377.000,9.000,5.000,1.0,1,1.0
14,8,55.000,375.000,8.000,6.000,1.0,1,1.0
15,8,51.000,373.000,9.000,6.000,1.0,1,1.0
16,8,49.000,370.000,8.000,7.000,1.0,1,1.0
17,8,47.000,366.000,8.000,8.000,1.0,1,1.0
18,8,44.000,363.000,8.000,8.000,1.0,1,1.0
19,8,42.000,361.000,8.000,8.000,1.0,1,1.0
20,8,41.000,357.000,6.000,8.000,1.0,1,1.0
21,8,40.000,352.000,5.000,9.000,1.0,1,1.0
22,8,38.000,347.000,6.000,9.000,1.0,1,1.0
23,8,36.000,343.000,6.000,9.000,1.0,1,1.0
24,8,35.000,340.000,5.000,8.000,1.0,1,1.0
25,8,34.000,335.000,5.000,9.000,1.0,1,1.0
26,8,33.000,331.000,6.000,10.000,1.0,1,1.0
27,8,33.000,329.000,6.000,9.000,1.0,1,1.0
28,8,34.000,325.000,4.000,10.000,1.0,1,1.0
29,8,35.000,323.000,6.000,9.000,1.0,1,1.0
30,8,37.000,320.000,6.000,9.000,1.0,1,1.0
31,8,39.000,317.000,6.000,8.000,1.0,1,1.0
32,8,42.000,314.000,7.000,8.000,1.0,1,1.0
33,8,44.000,311.000,7.000,8.000,1.0,1,1.0
34,8,47.000,309.000,6.000,8.000,1.0,1,1.0
35,8,49.000,306.000,6.000,8.000,1.0,1,1.0
36,8,51.000,303.000,7.000,8.000,1.0,1,1.0
37,8,53.000,300.000,6.000,8.000,1.0,1,1.0
38,8,55.000,297.000,6.000,8.000,1.0,1,1.0
39,8,57.000,294.000,6.000,8.000,1.0,1,1.0
40,8,59.000,290.000,6.000,8.000,1.0,1,1.0
41,8,60.000,287.000,6.000,8.000,1.0,1,1.0
42,8,61.000,283.000,6.000,9.000,1.0,1,1.0
43,8,62.000,279.000,5.000,9.000,1.0,1,1.0
44,8,63.000,275.000,5.000,9.000,1.0,1,1.0
45,8,64.000,271.000,5.000,9.000,1.0,1,1.0
46,8,65.000,267.000,5.000,10.000,1.0,1,1.0
47,8,66.000,263.000,5.000,10.000,1.0,1,1.0
48,8,67.000,259.000,5.000,10.000,1.0,1,1.0
49,8,69.000,255.000,4.000,10.000,1.0,1,1.0
50,8,70.000,251.000,4.000,10.000,1.0,1,1.0
51,8,71.000,247.000,4.000,9.000,1.0,1,1.0
52,8,72.000,243.000,4.000,9.000,1.0,1,1.0
53,8,73.000,238.000,4.000,10.000,1.0,1,1.0
54,8,73.000,234.000,5.000,9.000,1.0,1,1.0
55,8,74.000,231.000,4.000,9.000,1.0,1,1.0
56,8,75.000,226.000,4.000,10.000,1.0,1,1.0
57,8,75.000,222.000,5.000,10.000,1.0,1,1.0
58,8,75.000,218.000,5.000,9.000,1.0,1,1.0
59,8,76.000,214.000,4.000,9.000,1.0,1,1.0
60,8,77.000,209.000,4.000,9.000,1.0,1,1.0
61,8,76.000,204.000,5.000,10.000,1.0,1,1.0
62,8,77.000,201.000,4.000,9.000,1.0,1,1.0
63,8,77.000,197.000,4.000,9.000,1.0,1,1.0
64,8,77.000,193.000,4.000,10.000,1.0,1,1.0
65,8,77.000,189.000,4.000,10.000,1.0,1,1.0
66,8,77.000,185.000,4.000,9.000,1.0,1,1.0
67,8,77.000,181.000,4.000,9.000,1.0,1,1.0
68,8,77.000,177.000,4.000,10.000,1.0,1,1.0
69,8,76.000,173.000,4.000,9.000,1.0,1,1.0
70,8,77.000,169.000,4.000,10.000,1.0,1,1.0
71,8,77.000,167.000,4.000,9.000,1.0,1,1.0
72,8,77.000,165.000,4.000,9.000,1.0,1,1.0
73,8,77.000,163.000,4.000,9.000,1.0,1,1.0
74,8,77.000,160.000,4.000,10.000,1.0,1,1.0
75,8,77.000,157.000,4.000,9.000,1.0,1,1.0
76,8,77.000,154.000,4.000,9.000,1.0,1,1.0
77,8,77.000,151.000,5.000,9.000,1.0,1,1.0
78,8,77.000,148.000,5.000,10.000,1.0,1,1.0
79,8,77.000,146.000,5.000,9.000,1.0,1,1.0
80,8,77.000,143.000,5.000,9.000,1.0,1,1.0
81,8,78.000,139.000,4.000,10.000,1.0,1,1.0
82,8,78.000,136.000,4.000,10.000,1.0,1,1.0
83,8,78.000,134.000,4.000,10.000,1.0,1,1.0
84,8,78.000,133.000,4.000,9.000,1.0,1,1.0
85,8,78.000,132.000,5.000,9.000,1.0,1,1.0
86,8,79.000,132.000,4.000,9.000,1.0,1,1.0
87,8,79.000,131.000,4.000,9.000,1.0,1,1.0
88,8,79.000,129.000,4.000,8.000,1.0,1,1.0
89,8,79.000,127.000,4.000,9.000,1.0,1,1.0
90,8,79.000,126.000,5.000,9.000,1.0,1,1.0
91,8,73.000,118.000,7.000,10.000,1.0,1,1.0
134,8,82.000,27.000,5.000,7.000,1.0,1,1.0
135,8,82.000,28.000,5.000,7.000,1.0,1,1.0
136,8,82.000,28.000,6.000,8.000,1.0,1,1.0
137,8,82.000,28.000,6.000,9.000,1.0,1,1.0
1,43,730.000,349.000,5.000,8.000,1.0,1,1.0
2,43,730.000,350.000,5.000,6.000,1.0,1,1.0
3,43,731.000,350.000,6.000,5.000,1.0,1,1.0
4,43,733.000,349.000,5.000,5.000,1.0,1,1.0
5,43,734.000,348.000,5.000,5.000,1.0,1,1.0
6,43,735.000,347.000,5.000,5.000,1.0,1,1.0
7,43,735.000,346.000,5.000,4.000,1.0,1,1.0
8,43,735.000,345.000,5.000,5.000,1.0,1,1.0
9,43,735.000,345.000,5.000,5.000,1.0,1,1.0
10,43,735.000,347.000,5.000,5.000,1.0,1,1.0
11,43,734.000,348.000,6.000,6.000,1.0,1,1.0
12,43,734.000,349.000,5.000,6.000,1.0,1,1.0
13,43,733.000,350.000,6.000,7.000,1.0,1,1.0
14,43,732.000,351.000,6.000,6.000,1.0,1,1.0
15,43,732.000,351.000,7.000,5.000,1.0,1,1.0
16,43,733.000,349.000,5.000,7.000,1.0,1,1.0
17,43,733.000,347.000,6.000,9.000,1.0,1,1.0
18,43,733.000,345.000,5.000,9.000,1.0,1,1.0
19,43,734.000,342.000,5.000,9.000,1.0,1,1.0
20,43,734.000,339.000,5.000,10.000,1.0,1,1.0
21,43,734.000,338.000,5.000,9.000,1.0,1,1.0
22,43,734.000,336.000,5.000,8.000,1.0,1,1.0
23,43,735.000,333.000,5.000,8.000,1.0,1,1.0
24,43,735.000,331.000,4.000,8.000,1.0,1,1.0
25,43,735.000,329.000,5.000,7.000,1.0,1,1.0
26,43,736.000,327.000,4.000,7.000,1.0,1,1.0
27,43,736.000,325.000,4.000,7.000,1.0,1,1.0
28,43,736.000,324.000,4.000,7.000,1.0,1,1.0
29,43,736.000,323.000,4.000,8.000,1.0,1,1.0
30,43,736.000,323.000,4.000,8.000,1.0,1,1.0
32,43,700.000,306.000,6.000,6.000,1.0,1,1.0
33,43,700.000,305.000,6.000,7.000,1.0,1,1.0
34,43,700.000,304.000,6.000,7.000,1.0,1,1.0
35,43,700.000,303.000,6.000,8.000,1.0,1,1.0
36,43,700.000,301.000,5.000,9.000,1.0,1,1.0
37,43,697.000,300.000,7.000,8.000,1.0,1,1.0
38,43,696.000,299.000,7.000,7.000,1.0,1,1.0
39,43,697.000,296.000,5.000,9.000,1.0,1,1.0
40,43,697.000,293.000,5.000,9.000,1.0,1,1.0
41,43,697.000,291.000,5.000,9.000,1.0,1,1.0
42,43,698.000,289.000,5.000,8.000,1.0,1,1.0
43,43,699.000,285.000,5.000,10.000,1.0,1,1.0
44,43,700.000,283.000,5.000,8.000,1.0,1,1.0
45,43,701.000,280.000,5.000,9.000,1.0,1,1.0
46,43,702.000,278.000,5.000,8.000,1.0,1,1.0
47,43,703.000,275.000,6.000,8.000,1.0,1,1.0
48,43,705.000,272.000,6.000,8.000,1.0,1,1.0
49,43,707.000,269.000,5.000,8.000,1.0,1,1.0
50,43,708.000,265.000,5.000,9.000,1.0,1,1.0
51,43,709.000,263.000,5.000,8.000,1.0,1,1.0
52,43,710.000,260.000,6.000,8.000,1.0,1,1.0
53,43,711.000,258.000,5.000,8.000,1.0,1,1.0
54,43,712.000,255.000,5.000,8.000,1.0,1,1.0
55,43,713.000,252.000,4.000,9.000,1.0,1,1.0
56,43,712.000,250.000,5.000,9.000,1.0,1,1.0
57,43,710.000,248.000,6.000,8.000,1.0,1,1.0
58,43,708.000,246.000,6.000,8.000,1.0,1,1.0
59,43,705.000,245.000,7.000,6.000,1.0,1,1.0
60,43,702.000,243.000,7.000,6.000,1.0,1,1.0
61,43,699.000,242.000,7.000,6.000,1.0,1,1.0
62,43,696.000,241.000,7.000,6.000,1.0,1,1.0
63,43,693.000,240.000,7.000,6.000,1.0,1,1.0
64,43,691.000,239.000,7.000,6.000,1.0,1,1.0
65,43,688.000,238.000,7.000,6.000,1.0,1,1.0
66,43,685.000,237.000,7.000,5.000,1.0,1,1.0
67,43,683.000,236.000,7.000,6.000,1.0,1,1.0
68,43,680.000,235.000,7.000,6.000,1.0,1,1.0
69,43,677.000,234.000,8.000,6.000,1.0,1,1.0
70,43,675.000,234.000,7.000,5.000,1.0,1,1.0
71,43,673.000,234.000,7.000,5.000,1.0,1,1.0
72,43,672.000,233.000,6.000,6.000,1.0,1,1.0
73,43,670.000,234.000,6.000,5.000,1.0,1,1.0
74,43,669.000,235.000,6.000,5.000,1.0,1,1.0
75,43,668.000,237.000,6.000,5.000,1.0,1,1.0
76,43,667.000,238.000,6.000,5.000,1.0,1,1.0
77,43,666.000,239.000,5.000,5.000,1.0,1,1.0
78,43,666.000,239.000,4.000,5.000,1.0,1,1.0
79,43,665.000,241.000,5.000,5.000,1.0,1,1.0
80,43,665.000,242.000,5.000,5.000,1.0,1,1.0
81,43,665.000,243.000,5.000,6.000,1.0,1,1.0
82,43,665.000,244.000,5.000,5.000,1.0,1,1.0
83,43,666.000,245.000,5.000,5.000,1.0,1,1.0
84,43,666.000,245.000,6.000,5.000,1.0,1,1.0
85,43,667.000,246.000,6.000,5.000,1.0,1,1.0
86,43,669.000,247.000,6.000,5.000,1.0,1,1.0
87,43,671.000,247.000,6.000,5.000,1.0,1,1.0
88,43,672.000,248.000,6.000,5.000,1.0,1,1.0
89,43,672.000,248.000,7.000,5.000,1.0,1,1.0
90,43,672.000,248.000,7.000,5.000,1.0,1,1.0
91,43,673.000,250.000,7.000,5.000,1.0,1,1.0
92,43,674.000,250.000,7.000,5.000,1.0,1,1.0
93,43,675.000,251.000,7.000,5.000,1.0,1,1.0
94,43,676.000,252.000,7.000,5.000,1.0,1,1.0
95,43,677.000,252.000,7.000,6.000,1.0,1,1.0
96,43,678.000,253.000,7.000,6.000,1.0,1,1.0
97,43,679.000,255.000,7.000,7.000,1.0,1,1.0
98,43,680.000,258.000,7.000,8.000,1.0,1,1.0
99,43,682.000,260.000,7.000,8.000,1.0,1,1.0
100,43,684.000,263.000,7.000,7.000,1.0,1,1.0
101,43,686.000,265.000,7.000,8.000,1.0,1,1.0
102,43,688.000,268.000,7.000,7.000,1.0,1,1.0
103,43,690.000,270.000,8.000,6.000,1.0,1,1.0
104,43,694.000,272.000,8.000,5.000,1.0,1,1.0
105,43,697.000,273.000,8.000,5.000,1.0,1,1.0
106,43,700.000,274.000,9.000,5.000,1.0,1,1.0
107,43,702.000,273.000,10.000,5.000,1.0,1,1.0
108,43,706.000,273.000,9.000,5.000,1.0,1,1.0
109,43,709.000,273.000,9.000,5.000,1.0,1,1.0
110,43,712.000,273.000,8.000,5.000,1.0,1,1.0
111,43,714.000,273.000,9.000,5.000,1.0,1,1.0
112,43,714.000,273.000,9.000,5.000,1.0,1,1.0
113,43,715.000,273.000,8.000,5.000,1.0,1,1.0
114,43,715.000,273.000,9.000,5.000,1.0,1,1.0
115,43,715.000,273.000,9.000,5.000,1.0,1,1.0
116,43,717.000,273.000,7.000,5.000,1.0,1,1.0
117,43,732.000,269.000,4.000,6.000,1.0,1,1.0
118,43,730.000,270.000,5.000,8.000,1.0,1,1.0
119,43,730.000,270.000,5.000,7.000,1.0,1,1.0
120,43,730.000,270.000,5.000,8.000,1.0,1,1.0
121,43,731.000,270.000,4.000,8.000,1.0,1,1.0
122,43,731.000,270.000,4.000,9.000,1.0,1,1.0
126,43,732.000,273.000,6.000,7.000,1.0,1,1.0
127,43,734.000,273.000,6.000,6.000,1.0,1,1.0
128,43,734.000,274.000,6.000,6.000,1.0,1,1.0
129,43,735.000,273.000,5.000,7.000,1.0,1,1.0
130,43,736.000,274.000,5.000,6.000,1.0,1,1.0
131,43,736.000,274.000,5.000,6.000,1.0,1,1.0
132,43,736.000,273.000,5.000,7.000,1.0,1,1.0
133,43,736.000,273.000,5.000,6.000,1.0,1,1.0
134,43,736.000,272.000,5.000,6.000,1.0,1,1.0
135,43,735.000,271.000,6.000,6.000,1.0,1,1.0
136,43,734.000,270.000,6.000,6.000,1.0,1,1.0
137,43,734.000,268.000,6.000,7.000,1.0,1,1.0
138,43,733.000,265.000,6.000,8.000,1.0,1,1.0
139,43,733.000,263.000,6.000,7.000,1.0,1,1.0
140,43,732.000,259.000,6.000,9.000,1.0,1,1.0
141,43,732.000,257.000,5.000,8.000,1.0,1,1.0
142,43,732.000,254.000,5.000,9.000,1.0,1,1.0
143,43,731.000,253.000,6.000,9.000,1.0,1,1.0
144,43,731.000,252.000,5.000,8.000,1.0,1,1.0
145,43,731.000,252.000,5.000,8.000,1.0,1,1.0
146,43,731.000,252.000,5.000,9.000,1.0,1,1.0
147,43,731.000,252.000,5.000,9.000,1.0,1,1.0
148,43,730.000,252.000,6.000,8.000,1.0,1,1.0
150,43,689.000,220.000,9.000,8.000,1.0,1,1.0
151,43,675.000,212.000,6.000,5.000,1.0,1,1.0
152,43,674.000,212.000,8.000,5.000,1.0,1,1.0
153,43,674.000,211.000,8.000,5.000,1.0,1,1.0
154,43,674.000,211.000,8.000,5.000,1.0,1,1.0
155,43,675.000,208.000,5.000,9.000,1.0,1,1.0
156,43,674.000,206.000,5.000,10.000,1.0,1,1.0
157,43,675.000,205.000,5.000,9.000,1.0,1,1.0
158,43,674.000,203.000,5.000,9.000,1.0,1,1.0
159,43,674.000,202.000,5.000,9.000,1.0,1,1.0
160,43,673.000,200.000,5.000,9.000,1.0,1,1.0
161,43,672.000,197.000,5.000,8.000,1.0,1,1.0
162,43,670.000,196.000,7.000,7.000,1.0,1,1.0
163,43,668.000,193.000,7.000,7.000,1.0,1,1.0
164,43,668.000,191.000,5.000,7.000,1.0,1,1.0
165,43,667.000,188.000,5.000,8.000,1.0,1,1.0
166,43,667.000,185.000,5.000,8.000,1.0,1,1.0
167,43,666.000,182.000,5.000,8.000,1.0,1,1.0
168,43,666.000,179.000,5.000,8.000,1.0,1,1.0
169,43,666.000,176.000,5.000,8.000,1.0,1,1.0
170,43,666.000,173.000,6.000,8.000,1.0,1,1.0
171,43,667.000,170.000,5.000,8.000,1.0,1,1.0
172,43,668.000,167.000,5.000,9.000,1.0,1,1.0
173,43,668.000,165.000,5.000,8.000,1.0,1,1.0
174,43,669.000,162.000,5.000,8.000,1.0,1,1.0
175,43,670.000,159.000,5.000,9.000,1.0,1,1.0
176,43,671.000,156.000,5.000,8.000,1.0,1,1.0
177,43,672.000,152.000,5.000,9.000,1.0,1,1.0
178,43,673.000,149.000,5.000,9.000,1.0,1,1.0
179,43,674.000,146.000,5.000,8.000,1.0,1,1.0
180,43,675.000,143.000,6.000,9.000,1.0,1,1.0
181,43,677.000,141.000,5.000,8.000,1.0,1,1.0
182,43,678.000,138.000,6.000,9.000,1.0,1,1.0
183,43,680.000,135.000,6.000,8.000,1.0,1,1.0
184,43,682.000,133.000,7.000,8.000,1.0,1,1.0
185,43,685.000,130.000,6.000,8.000,1.0,1,1.0
186,43,686.000,128.000,7.000,7.000,1.0,1,1.0
187,43,687.000,124.000,7.000,9.000,1.0,1,1.0
188,43,688.000,122.000,7.000,8.000,1.0,1,1.0
189,43,690.000,118.000,6.000,9.000,1.0,1,1.0
190,43,690.000,115.000,5.000,9.000,1.0,1,1.0
191,43,688.000,113.000,6.000,9.000,1.0,1,1.0
192,43,687.000,110.000,6.000,9.000,1.0,1,1.0
193,43,686.000,108.000,6.000,8.000,1.0,1,1.0
194,43,684.000,105.000,6.000,8.000,1.0,1,1.0
195,43,682.000,103.000,7.000,7.000,1.0,1,1.0
196,43,680.000,102.000,8.000,6.000,1.0,1,1.0
197,43,677.000,100.000,8.000,6.000,1.0,1,1.0
198,43,675.000,99.000,8.000,6.000,1.0,1,1.0
199,43,673.000,97.000,8.000,6.000,1.0,1,1.0
200,43,672.000,96.000,8.000,6.000,1.0,1,1.0
201,43,670.000,94.000,8.000,7.000,1.0,1,1.0
202,43,670.000,91.000,7.000,8.000,1.0,1,1.0
203,43,669.000,89.000,6.000,8.000,1.0,1,1.0
204,43,668.000,86.000,7.000,8.000,1.0,1,1.0
205,43,668.000,83.000,6.000,8.000,1.0,1,1.0
206,43,668.000,80.000,5.000,8.000,1.0,1,1.0
207,43,667.000,77.000,6.000,8.000,1.0,1,1.0
208,43,667.000,73.000,5.000,9.000,1.0,1,1.0
209,43,667.000,70.000,5.000,9.000,1.0,1,1.0
210,43,668.000,68.000,5.000,8.000,1.0,1,1.0
211,43,668.000,65.000,5.000,8.000,1.0,1,1.0
212,43,668.000,62.000,5.000,9.000,1.0,1,1.0
213,43,667.000,59.000,6.000,9.000,1.0,1,1.0
214,43,668.000,55.000,5.000,9.000,1.0,1,1.0
215,43,668.000,52.000,5.000,9.000,1.0,1,1.0
216,43,668.000,49.000,5.000,8.000,1.0,1,1.0
217,43,667.000,45.000,6.000,9.000,1.0,1,1.0
218,43,668.000,42.000,5.000,9.000,1.0,1,1.0
219,43,668.000,39.000,5.000,9.000,1.0,1,1.0
220,43,668.000,36.000,6.000,9.000,1.0,1,1.0
222,43,669.000,29.000,6.000,10.000,1.0,1,1.0
1,41,705.000,384.000,5.000,9.000,1.0,1,1.0
2,41,706.000,381.000,8.000,7.000,1.0,1,1.0
3,41,708.000,379.000,8.000,7.000,1.0,1,1.0
4,41,713.000,379.000,7.000,6.000,1.0,1,1.0
5,41,716.000,379.000,8.000,4.000,1.0,1,1.0
6,41,719.000,380.000,7.000,5.000,1.0,1,1.0
7,41,721.000,381.000,8.000,6.000,1.0,1,1.0
8,41,724.000,384.000,7.000,5.000,1.0,1,1.0
9,41,726.000,385.000,7.000,6.000,1.0,1,1.0
10,41,729.000,387.000,6.000,5.000,1.0,1,1.0
11,41,731.000,388.000,5.000,5.000,1.0,1,1.0
12,41,733.000,389.000,5.000,5.000,1.0,1,1.0
13,41,734.000,390.000,5.000,5.000,1.0,1,1.0
14,41,735.000,390.000,4.000,4.000,1.0,1,1.0
15,41,735.000,390.000,5.000,5.000,1.0,1,1.0
16,41,735.000,389.000,5.000,5.000,1.0,1,1.0
17,41,734.000,389.000,5.000,5.000,1.0,1,1.0
18,41,733.000,389.000,6.000,5.000,1.0,1,1.0
19,41,733.000,389.000,5.000,5.000,1.0,1,1.0
20,41,732.000,389.000,5.000,5.000,1.0,1,1.0
21,41,729.000,390.000,7.000,5.000,1.0,1,1.0
22,41,728.000,390.000,6.000,4.000,1.0,1,1.0
23,41,724.000,390.000,8.000,4.000,1.0,1,1.0
24,41,720.000,390.000,8.000,5.000,1.0,1,1.0
25,41,716.000,390.000,8.000,5.000,1.0,1,1.0
26,41,712.000,391.000,9.000,4.000,1.0,1,1.0
27,41,707.000,390.000,10.000,5.000,1.0,1,1.0
28,41,703.000,391.000,9.000,5.000,1.0,1,1.0
29,41,698.000,391.000,10.000,4.000,1.0,1,1.0
30,41,693.000,391.000,9.000,4.000,1.0,1,1.0
31,41,690.000,389.000,10.000,5.000,1.0,1,1.0
32,41,687.000,388.000,9.000,5.000,1.0,1,1.0
33,41,683.000,387.000,9.000,5.000,1.0,1,1.0
34,41,680.000,385.000,8.000,5.000,1.0,1,1.0
35,41,677.000,383.000,8.000,6.000,1.0,1,1.0
36,41,674.000,380.000,8.000,6.000,1.0,1,1.0
37,41,672.000,378.000,7.000,6.000,1.0,1,1.0
38,41,670.000,375.000,6.000,6.000,1.0,1,1.0
39,41,667.000,373.000,7.000,6.000,1.0,1,1.0
40,41,666.000,370.000,7.000,6.000,1.0,1,1.0
41,41,665.000,368.000,6.000,7.000,1.0,1,1.0
42,41,665.000,368.000,5.000,6.000,1.0,1,1.0
43,41,665.000,366.000,4.000,6.000,1.0,1,1.0
44,41,664.000,364.000,5.000,6.000,1.0,1,1.0
45,41,665.000,363.000,4.000,6.000,1.0,1,1.0
46,41,665.000,361.000,5.000,6.000,1.0,1,1.0
47,41,666.000,360.000,5.000,6.000,1.0,1,1.0
48,41,666.000,358.000,5.000,7.000,1.0,1,1.0
49,41,667.000,358.000,5.000,6.000,1.0,1,1.0
50,41,668.000,358.000,5.000,6.000,1.0,1,1.0
51,41,670.000,360.000,5.000,5.000,1.0,1,1.0
52,41,670.000,362.000,6.000,5.000,1.0,1,1.0
53,41,673.000,363.000,6.000,7.000,1.0,1,1.0
54,41,674.000,366.000,6.000,6.000,1.0,1,1.0
55,41,676.000,368.000,6.000,7.000,1.0,1,1.0
56,41,678.000,371.000,5.000,8.000,1.0,1,1.0
57,41,678.000,374.000,5.000,8.000,1.0,1,1.0
58,41,678.000,378.000,5.000,8.000,1.0,1,1.0
59,41,679.000,381.000,5.000,10.000,1.0,1,1.0
60,41,679.000,385.000,5.000,10.000,1.0,1,1.0
61,41,680.000,388.000,4.000,10.000,1.0,1,1.0
62,41,680.000,391.000,4.000,10.000,1.0,1,1.0
63,41,679.000,387.000,5.000,10.000,1.0,1,1.0
64,41,679.000,386.000,5.000,9.000,1.0,1,1.0
65,41,679.000,387.000,6.000,6.000,1.0,1,1.0
66,41,678.000,384.000,7.000,6.000,1.0,1,1.0
67,41,676.000,383.000,8.000,5.000,1.0,1,1.0
68,41,674.000,382.000,7.000,5.000,1.0,1,1.0
69,41,674.000,383.000,8.000,4.000,1.0,1,1.0
70,41,675.000,383.000,7.000,5.000,1.0,1,1.0
71,41,676.000,383.000,7.000,5.000,1.0,1,1.0
72,41,677.000,384.000,7.000,4.000,1.0,1,1.0
73,41,679.000,384.000,6.000,5.000,1.0,1,1.0
74,41,680.000,385.000,7.000,5.000,1.0,1,1.0
75,41,681.000,387.000,7.000,5.000,1.0,1,1.0
76,41,682.000,388.000,7.000,6.000,1.0,1,1.0
77,41,681.000,389.000,7.000,7.000,1.0,1,1.0
78,41,682.000,390.000,6.000,8.000,1.0,1,1.0
79,41,683.000,391.000,5.000,9.000,1.0,1,1.0
80,41,683.000,391.000,6.000,9.000,1.0,1,1.0
81,41,683.000,391.000,6.000,9.000,1.0,1,1.0
82,41,683.000,391.000,6.000,9.000,1.0,1,1.0
83,41,683.000,390.000,4.000,9.000,1.0,1,1.0
84,41,682.000,390.000,5.000,9.000,1.0,1,1.0
85,41,681.000,391.000,6.000,7.000,1.0,1,1.0
86,41,680.000,391.000,7.000,6.000,1.0,1,1.0
87,41,679.000,390.000,8.000,6.000,1.0,1,1.0
88,41,677.000,390.000,8.000,5.000,1.0,1,1.0
89,41,676.000,388.000,7.000,5.000,1.0,1,1.0
90,41,674.000,387.000,7.000,6.000,1.0,1,1.0
91,41,673.000,386.000,6.000,6.000,1.0,1,1.0
92,41,671.000,385.000,7.000,5.000,1.0,1,1.0
93,41,670.000,383.000,6.000,6.000,1.0,1,1.0
94,41,669.000,382.000,6.000,6.000,1.0,1,1.0
95,41,667.000,381.000,6.000,6.000,1.0,1,1.0
96,41,666.000,379.000,6.000,6.000,1.0,1,1.0
97,41,665.000,379.000,6.000,5.000,1.0,1,1.0
98,41,665.000,379.000,5.000,5.000,1.0,1,1.0
99,41,664.000,380.000,5.000,5.000,1.0,1,1.0
100,41,664.000,381.000,5.000,5.000,1.0,1,1.0
101,41,664.000,381.000,5.000,6.000,1.0,1,1.0
102,41,665.000,382.000,5.000,5.000,1.0,1,1.0
103,41,665.000,383.000,5.000,5.000,1.0,1,1.0
104,41,666.000,383.000,6.000,6.000,1.0,1,1.0
105,41,667.000,384.000,6.000,6.000,1.0,1,1.0
106,41,669.000,385.000,6.000,5.000,1.0,1,1.0
107,41,670.000,386.000,8.000,5.000,1.0,1,1.0
108,41,673.000,387.000,7.000,5.000,1.0,1,1.0
109,41,674.000,389.000,8.000,6.000,1.0,1,1.0
110,41,676.000,391.000,8.000,6.000,1.0,1,1.0
111,41,678.000,393.000,8.000,7.000,1.0,1,1.0
112,41,680.000,395.000,8.000,6.000,1.0,1,1.0
113,41,681.000,397.000,7.000,5.000,1.0,1,1.0
114,41,681.000,396.000,8.000,5.000,1.0,1,1.0
115,41,682.000,396.000,9.000,5.000,1.0,1,1.0
116,41,684.000,396.000,9.000,4.000,1.0,1,1.0
117,41,687.000,395.000,9.000,5.000,1.0,1,1.0
118,41,689.000,395.000,10.000,5.000,1.0,1,1.0
119,41,692.000,395.000,9.000,5.000,1.0,1,1.0
120,41,694.000,395.000,11.000,5.000,1.0,1,1.0
121,41,699.000,396.000,9.000,5.000,1.0,1,1.0
122,41,702.000,397.000,9.000,5.000,1.0,1,1.0
123,41,704.000,398.000,8.000,5.000,1.0,1,1.0
124,41,706.000,397.000,7.000,5.000,1.0,1,1.0
125,41,708.000,397.000,8.000,5.000,1.0,1,1.0
126,41,711.000,396.000,9.000,6.000,1.0,1,1.0
127,41,713.000,396.000,9.000,5.000,1.0,1,1.0
128,41,715.000,397.000,9.000,5.000,1.0,1,1.0
129,41,717.000,397.000,9.000,5.000,1.0,1,1.0
130,41,718.000,399.000,8.000,5.000,1.0,1,1.0
131,41,718.000,399.000,9.000,5.000,1.0,1,1.0
132,41,718.000,399.000,9.000,5.000,1.0,1,1.0
133,41,718.000,398.000,10.000,5.000,1.0,1,1.0
134,41,720.000,398.000,9.000,4.000,1.0,1,1.0
135,41,722.000,397.000,8.000,5.000,1.0,1,1.0
136,41,723.000,396.000,8.000,5.000,1.0,1,1.0
137,41,725.000,395.000,8.000,6.000,1.0,1,1.0
138,41,727.000,395.000,7.000,5.000,1.0,1,1.0
139,41,729.000,393.000,7.000,6.000,1.0,1,1.0
140,41,731.000,393.000,6.000,6.000,1.0,1,1.0
141,41,733.000,391.000,5.000,6.000,1.0,1,1.0
142,41,734.000,391.000,5.000,5.000,1.0,1,1.0
143,41,735.000,390.000,5.000,5.000,1.0,1,1.0
144,41,735.000,390.000,5.000,5.000,1.0,1,1.0
145,41,735.000,389.000,5.000,6.000,1.0,1,1.0
146,41,735.000,389.000,4.000,6.000,1.0,1,1.0
147,41,734.000,389.000,5.000,5.000,1.0,1,1.0
148,41,733.000,388.000,5.000,6.000,1.0,1,1.0
149,41,731.000,387.000,5.000,6.000,1.0,1,1.0
150,41,730.000,387.000,5.000,6.000,1.0,1,1.0
151,41,728.000,386.000,5.000,5.000,1.0,1,1.0
152,41,726.000,386.000,6.000,5.000,1.0,1,1.0
153,41,724.000,385.000,6.000,4.000,1.0,1,1.0
154,41,721.000,384.000,7.000,5.000,1.0,1,1.0
155,41,718.000,383.000,8.000,5.000,1.0,1,1.0
156,41,715.000,381.000,8.000,6.000,1.0,1,1.0
157,41,712.000,380.000,8.000,5.000,1.0,1,1.0
158,41,709.000,378.000,8.000,6.000,1.0,1,1.0
159,41,706.000,377.000,9.000,5.000,1.0,1,1.0
160,41,704.000,377.000,8.000,5.000,1.0,1,1.0
161,41,700.000,379.000,9.000,5.000,1.0,1,1.0
162,41,697.000,378.000,9.000,5.000,1.0,1,1.0
163,41,694.000,377.000,9.000,5.000,1.0,1,1.0
164,41,692.000,376.000,8.000,5.000,1.0,1,1.0
165,41,689.000,375.000,8.000,5.000,1.0,1,1.0
166,41,686.000,376.000,8.000,4.000,1.0,1,1.0
167,41,683.000,376.000,8.000,4.000,1.0,1,1.0
168,41,680.000,377.000,9.000,5.000,1.0,1,1.0
169,41,679.000,379.000,8.000,5.000,1.0,1,1.0
170,41,677.000,382.000,8.000,5.000,1.0,1,1.0
171,41,675.000,384.000,7.000,6.000,1.0,1,1.0
172,41,674.000,387.000,6.000,7.000,1.0,1,1.0
173,41,673.000,390.000,6.000,8.000,1.0,1,1.0
174,41,673.000,392.000,6.000,10.000,1.0,1,1.0
175,41,672.000,392.000,6.000,10.000,1.0,1,1.0
176,41,671.000,393.000,6.000,6.000,1.0,1,1.0
177,41,670.000,394.000,6.000,6.000,1.0,1,1.0
178,41,669.000,394.000,6.000,5.000,1.0,1,1.0
179,41,667.000,393.000,6.000,5.000,1.0,1,1.0
180,41,666.000,393.000,6.000,5.000,1.0,1,1.0
181,41,665.000,391.000,6.000,5.000,1.0,1,1.0
182,41,665.000,391.000,6.000,5.000,1.0,1,1.0
183,41,664.000,390.000,6.000,5.000,1.0,1,1.0
184,41,664.000,389.000,6.000,6.000,1.0,1,1.0
185,41,664.000,389.000,6.000,5.000,1.0,1,1.0
186,41,664.000,389.000,6.000,5.000,1.0,1,1.0
187,41,665.000,389.000,6.000,5.000,1.0,1,1.0
188,41,665.000,390.000,8.000,6.000,1.0,1,1.0
189,41,667.000,392.000,7.000,6.000,1.0,1,1.0
190,41,669.000,394.000,7.000,6.000,1.0,1,1.0
191,41,671.000,396.000,8.000,6.000,1.0,1,1.0
192,41,673.000,397.000,8.000,6.000,1.0,1,1.0
193,41,674.000,397.000,9.000,5.000,1.0,1,1.0
194,41,676.000,396.000,9.000,5.000,1.0,1,1.0
195,41,679.000,396.000,8.000,5.000,1.0,1,1.0
196,41,680.000,396.000,8.000,5.000,1.0,1,1.0
197,41,680.000,397.000,8.000,6.000,1.0,1,1.0
198,41,679.000,397.000,8.000,6.000,1.0,1,1.0
199,41,679.000,397.000,8.000,6.000,1.0,1,1.0
200,41,679.000,396.000,8.000,7.000,1.0,1,1.0
201,41,678.000,396.000,9.000,5.000,1.0,1,1.0
202,41,678.000,395.000,9.000,6.000,1.0,1,1.0
203,41,677.000,395.000,9.000,6.000,1.0,1,1.0
204,41,676.000,394.000,9.000,5.000,1.0,1,1.0
205,41,678.000,393.000,9.000,4.000,1.0,1,1.0
206,41,679.000,392.000,10.000,4.000,1.0,1,1.0
207,41,681.000,390.000,10.000,6.000,1.0,1,1.0
208,41,684.000,390.000,9.000,5.000,1.0,1,1.0
209,41,686.000,388.000,10.000,5.000,1.0,1,1.0
210,41,689.000,386.000,10.000,6.000,1.0,1,1.0
211,41,693.000,383.000,8.000,6.000,1.0,1,1.0
212,41,696.000,382.000,8.000,6.000,1.0,1,1.0
213,41,699.000,379.000,8.000,6.000,1.0,1,1.0
214,41,702.000,377.000,8.000,6.000,1.0,1,1.0
215,41,704.000,374.000,9.000,6.000,1.0,1,1.0
216,41,707.000,371.000,9.000,7.000,1.0,1,1.0
217,41,709.000,368.000,9.000,7.000,1.0,1,1.0
218,41,712.000,365.000,8.000,8.000,1.0,1,1.0
219,41,714.000,363.000,8.000,7.000,1.0,1,1.0
220,41,716.000,360.000,7.000,7.000,1.0,1,1.0
221,41,718.000,356.000,7.000,8.000,1.0,1,1.0
222,41,720.000,353.000,7.000,8.000,1.0,1,1.0
223,41,722.000,349.000,6.000,8.000,1.0,1,1.0
224,41,724.000,347.000,6.000,8.000,1.0,1,1.0
225,41,725.000,345.000,7.000,8.000,1.0,1,1.0
226,41,727.000,343.000,7.000,7.000,1.0,1,1.0
227,41,728.000,340.000,7.000,8.000,1.0,1,1.0
228,41,730.000,338.000,7.000,7.000,1.0,1,1.0
229,41,732.000,336.000,6.000,7.000,1.0,1,1.0
230,41,733.000,335.000,7.000,6.000,1.0,1,1.0
231,41,735.000,333.000,5.000,6.000,1.0,1,1.0
232,41,735.000,332.000,6.000,6.000,1.0,1,1.0
233,41,735.000,332.000,5.000,5.000,1.0,1,1.0
234,41,735.000,332.000,5.000,6.000,1.0,1,1.0
235,41,734.000,333.000,5.000,5.000,1.0,1,1.0
236,41,733.000,334.000,6.000,6.000,1.0,1,1.0
237,41,732.000,336.000,6.000,5.000,1.0,1,1.0
238,41,731.000,337.000,6.000,5.000,1.0,1,1.0
239,41,730.000,337.000,6.000,5.000,1.0,1,1.0
240,41,728.000,337.000,7.000,5.000,1.0,1,1.0
241,41,727.000,335.000,7.000,7.000,1.0,1,1.0
242,41,727.000,333.000,6.000,7.000,1.0,1,1.0
243,41,726.000,330.000,6.000,8.000,1.0,1,1.0
244,41,724.000,327.000,7.000,8.000,1.0,1,1.0
245,41,722.000,324.000,7.000,8.000,1.0,1,1.0
246,41,721.000,322.000,6.000,7.000,1.0,1,1.0
247,41,718.000,319.000,7.000,7.000,1.0,1,1.0
248,41,715.000,316.000,8.000,7.000,1.0,1,1.0
249,41,713.000,313.000,7.000,8.000,1.0,1,1.0
250,41,710.000,311.000,8.000,7.000,1.0,1,1.0
251,41,707.000,309.000,9.000,7.000,1.0,1,1.0
252,41,704.000,307.000,8.000,7.000,1.0,1,1.0
253,41,701.000,305.000,8.000,6.000,1.0,1,1.0
254,41,698.000,303.000,9.000,6.000,1.0,1,1.0
255,41,694.000,302.000,9.000,6.000,1.0,1,1.0
256,41,692.000,299.000,8.000,7.000,1.0,1,1.0
257,41,689.000,297.000,8.000,6.000,1.0,1,1.0
258,41,687.000,294.000,8.000,7.000,1.0,1,1.0
259,41,686.000,291.000,6.000,8.000,1.0,1,1.0
260,41,684.000,288.000,7.000,8.000,1.0,1,1.0
261,41,683.000,285.000,6.000,8.000,1.0,1,1.0
262,41,681.000,282.000,7.000,8.000,1.0,1,1.0
263,41,679.000,278.000,7.000,8.000,1.0,1,1.0
264,41,679.000,275.000,6.000,8.000,1.0,1,1.0
265,41,678.000,271.000,6.000,9.000,1.0,1,1.0
266,41,677.000,267.000,6.000,9.000,1.0,1,1.0
267,41,676.000,264.000,6.000,9.000,1.0,1,1.0
268,41,676.000,261.000,5.000,9.000,1.0,1,1.0
269,41,675.000,258.000,6.000,8.000,1.0,1,1.0
270,41,674.000,254.000,6.000,9.000,1.0,1,1.0
271,41,673.000,250.000,6.000,9.000,1.0,1,1.0
272,41,672.000,247.000,6.000,8.000,1.0,1,1.0
273,41,672.000,243.000,5.000,8.000,1.0,1,1.0
274,41,671.000,239.000,6.000,9.000,1.0,1,1.0
275,41,671.000,236.000,6.000,9.000,1.0,1,1.0
276,41,670.000,232.000,6.000,8.000,1.0,1,1.0
277,41,670.000,228.000,5.000,9.000,1.0,1,1.0
278,41,670.000,224.000,5.000,9.000,1.0,1,1.0
279,41,669.000,220.000,5.000,9.000,1.0,1,1.0
280,41,669.000,216.000,5.000,9.000,1.0,1,1.0
281,41,669.000,212.000,6.000,10.000,1.0,1,1.0
282,41,669.000,208.000,6.000,9.000,1.0,1,1.0
283,41,670.000,204.000,5.000,9.000,1.0,1,1.0
284,41,670.000,201.000,5.000,9.000,1.0,1,1.0
285,41,669.000,197.000,6.000,9.000,1.0,1,1.0
286,41,668.000,195.000,6.000,8.000,1.0,1,1.0
287,41,668.000,192.000,5.000,8.000,1.0,1,1.0
288,41,667.000,188.000,6.000,7.000,1.0,1,1.0
289,41,666.000,185.000,6.000,8.000,1.0,1,1.0
290,41,666.000,182.000,5.000,7.000,1.0,1,1.0
291,41,666.000,179.000,5.000,8.000,1.0,1,1.0
292,41,665.000,175.000,6.000,8.000,1.0,1,1.0
293,41,665.000,172.000,5.000,7.000,1.0,1,1.0
294,41,665.000,169.000,5.000,8.000,1.0,1,1.0
295,41,665.000,166.000,5.000,8.000,1.0,1,1.0
296,41,665.000,164.000,5.000,8.000,1.0,1,1.0
297,41,665.000,161.000,6.000,8.000,1.0,1,1.0
298,41,666.000,159.000,5.000,8.000,1.0,1,1.0
299,41,666.000,158.000,6.000,7.000,1.0,1,1.0
300,41,666.000,156.000,6.000,7.000,1.0,1,1.0
301,41,667.000,155.000,6.000,7.000,1.0,1,1.0
302,41,668.000,153.000,6.000,7.000,1.0,1,1.0
303,41,669.000,151.000,7.000,7.000,1.0,1,1.0
304,41,669.000,149.000,7.000,7.000,1.0,1,1.0
305,41,669.000,146.000,7.000,8.000,1.0,1,1.0
306,41,670.000,143.000,7.000,9.000,1.0,1,1.0
307,41,671.000,140.000,6.000,9.000,1.0,1,1.0
308,41,671.000,137.000,6.000,9.000,1.0,1,1.0
309,41,671.000,133.000,6.000,9.000,1.0,1,1.0
310,41,672.000,129.000,5.000,10.000,1.0,1,1.0
311,41,672.000,126.000,6.000,9.000,1.0,1,1.0
312,41,672.000,122.000,6.000,9.000,1.0,1,1.0
313,41,672.000,118.000,6.000,9.000,1.0,1,1.0
314,41,672.000,115.000,6.000,9.000,1.0,1,1.0
315,41,672.000,111.000,6.000,9.000,1.0,1,1.0
316,41,673.000,107.000,5.000,9.000,1.0,1,1.0
317,41,673.000,104.000,5.000,9.000,1.0,1,1.0
318,41,673.000,101.000,5.000,9.000,1.0,1,1.0
319,41,673.000,97.000,6.000,9.000,1.0,1,1.0
320,41,673.000,93.000,6.000,9.000,1.0,1,1.0
321,41,674.000,90.000,6.000,9.000,1.0,1,1.0
322,41,675.000,86.000,5.000,9.000,1.0,1,1.0
323,41,676.000,83.000,5.000,9.000,1.0,1,1.0
324,41,676.000,79.000,6.000,9.000,1.0,1,1.0
1,15,139.000,360.000,5.000,8.000,1.0,1,1.0
2,15,139.000,360.000,5.000,8.000,1.0,1,1.0
3,15,139.000,359.000,6.000,9.000,1.0,1,1.0
4,15,140.000,359.000,5.000,7.000,1.0,1,1.0
5,15,141.000,357.000,5.000,7.000,1.0,1,1.0
6,15,141.000,357.000,5.000,6.000,1.0,1,1.0
7,15,141.000,356.000,5.000,6.000,1.0,1,1.0
8,15,138.000,356.000,8.000,8.000,1.0,1,1.0
9,15,140.000,356.000,7.000,7.000,1.0,1,1.0
10,15,141.000,356.000,6.000,6.000,1.0,1,1.0
11,15,142.000,355.000,6.000,7.000,1.0,1,1.0
12,15,141.000,355.000,7.000,7.000,1.0,1,1.0
13,15,142.000,354.000,6.000,7.000,1.0,1,1.0
14,15,143.000,353.000,7.000,6.000,1.0,1,1.0
15,15,144.000,351.000,7.000,7.000,1.0,1,1.0
16,15,146.000,349.000,7.000,7.000,1.0,1,1.0
17,15,148.000,347.000,7.000,7.000,1.0,1,1.0
18,15,149.000,345.000,8.000,7.000,1.0,1,1.0
19,15,151.000,344.000,7.000,7.000,1.0,1,1.0
20,15,153.000,343.000,8.000,6.000,1.0,1,1.0
21,15,155.000,342.000,9.000,6.000,1.0,1,1.0
22,15,155.000,340.000,10.000,6.000,1.0,1,1.0
23,15,155.000,340.000,10.000,5.000,1.0,1,1.0
24,15,156.000,337.000,8.000,8.000,1.0,1,1.0
25,15,157.000,334.000,6.000,9.000,1.0,1,1.0
26,15,158.000,331.000,5.000,9.000,1.0,1,1.0
27,15,158.000,328.000,6.000,9.000,1.0,1,1.0
28,15,158.000,325.000,6.000,9.000,1.0,1,1.0
29,15,159.000,321.000,5.000,9.000,1.0,1,1.0
30,15,159.000,318.000,5.000,10.000,1.0,1,1.0
31,15,160.000,315.000,5.000,9.000,1.0,1,1.0
32,15,160.000,311.000,5.000,10.000,1.0,1,1.0
33,15,160.000,307.000,5.000,10.000,1.0,1,1.0
34,15,160.000,303.000,5.000,10.000,1.0,1,1.0
35,15,160.000,299.000,5.000,10.000,1.0,1,1.0
36,15,160.000,296.000,5.000,9.000,1.0,1,1.0
37,15,160.000,292.000,5.000,10.000,1.0,1,1.0
38,15,161.000,288.000,5.000,10.000,1.0,1,1.0
39,15,161.000,285.000,4.000,9.000,1.0,1,1.0
40,15,162.000,281.000,4.000,9.000,1.0,1,1.0
41,15,162.000,277.000,5.000,10.000,1.0,1,1.0
42,15,163.000,273.000,4.000,10.000,1.0,1,1.0
43,15,163.000,269.000,5.000,9.000,1.0,1,1.0
44,15,164.000,265.000,5.000,9.000,1.0,1,1.0
45,15,164.000,261.000,5.000,9.000,1.0,1,1.0
46,15,165.000,257.000,5.000,9.000,1.0,1,1.0
47,15,166.000,253.000,5.000,10.000,1.0,1,1.0
48,15,167.000,250.000,5.000,9.000,1.0,1,1.0
49,15,167.000,247.000,5.000,10.000,1.0,1,1.0
50,15,168.000,244.000,5.000,9.000,1.0,1,1.0
51,15,168.000,242.000,5.000,9.000,1.0,1,1.0
52,15,169.000,239.000,5.000,9.000,1.0,1,1.0
53,15,170.000,236.000,4.000,9.000,1.0,1,1.0
54,15,170.000,233.000,5.000,9.000,1.0,1,1.0
55,15,170.000,229.000,5.000,9.000,1.0,1,1.0
56,15,170.000,225.000,5.000,9.000,1.0,1,1.0
57,15,171.000,221.000,5.000,9.000,1.0,1,1.0
58,15,171.000,217.000,5.000,9.000,1.0,1,1.0
59,15,172.000,213.000,4.000,10.000,1.0,1,1.0
60,15,171.000,209.000,5.000,9.000,1.0,1,1.0
61,15,171.000,206.000,4.000,9.000,1.0,1,1.0
62,15,170.000,202.000,5.000,9.000,1.0,1,1.0
63,15,170.000,198.000,4.000,9.000,1.0,1,1.0
64,15,169.000,194.000,4.000,9.000,1.0,1,1.0
65,15,168.000,190.000,5.000,9.000,1.0,1,1.0
66,15,168.000,186.000,5.000,9.000,1.0,1,1.0
67,15,167.000,182.000,5.000,9.000,1.0,1,1.0
68,15,167.000,178.000,5.000,9.000,1.0,1,1.0
69,15,166.000,174.000,5.000,9.000,1.0,1,1.0
70,15,166.000,170.000,5.000,9.000,1.0,1,1.0
71,15,165.000,167.000,5.000,9.000,1.0,1,1.0
72,15,165.000,163.000,5.000,9.000,1.0,1,1.0
73,15,164.000,160.000,5.000,9.000,1.0,1,1.0
74,15,163.000,156.000,5.000,9.000,1.0,1,1.0
75,15,163.000,153.000,4.000,9.000,1.0,1,1.0
76,15,162.000,149.000,4.000,9.000,1.0,1,1.0
77,15,161.000,146.000,4.000,9.000,1.0,1,1.0
78,15,160.000,142.000,5.000,9.000,1.0,1,1.0
79,15,159.000,139.000,5.000,9.000,1.0,1,1.0
80,15,159.000,135.000,5.000,10.000,1.0,1,1.0
81,15,158.000,132.000,5.000,10.000,1.0,1,1.0
82,15,158.000,128.000,5.000,10.000,1.0,1,1.0
83,15,157.000,125.000,5.000,9.000,1.0,1,1.0
84,15,157.000,121.000,5.000,10.000,1.0,1,1.0
85,15,157.000,118.000,4.000,9.000,1.0,1,1.0
86,15,157.000,114.000,4.000,9.000,1.0,1,1.0
87,15,157.000,111.000,4.000,9.000,1.0,1,1.0
88,15,157.000,107.000,4.000,9.000,1.0,1,1.0
89,15,156.000,104.000,4.000,10.000,1.0,1,1.0
90,15,156.000,101.000,4.000,10.000,1.0,1,1.0
91,15,155.000,98.000,4.000,9.000,1.0,1,1.0
92,15,155.000,94.000,4.000,9.000,1.0,1,1.0
93,15,154.000,90.000,5.000,9.000,1.0,1,1.0
94,15,155.000,86.000,4.000,10.000,1.0,1,1.0
95,15,155.000,83.000,4.000,9.000,1.0,1,1.0
96,15,156.000,79.000,4.000,9.000,1.0,1,1.0
97,15,156.000,76.000,5.000,9.000,1.0,1,1.0
98,15,157.000,72.000,4.000,9.000,1.0,1,1.0
99,15,157.000,70.000,5.000,9.000,1.0,1,1.0
100,15,157.000,67.000,5.000,9.000,1.0,1,1.0
101,15,158.000,64.000,4.000,9.000,1.0,1,1.0
102,15,158.000,61.000,5.000,9.000,1.0,1,1.0
103,15,158.000,58.000,5.000,10.000,1.0,1,1.0
104,15,159.000,56.000,5.000,9.000,1.0,1,1.0
105,15,159.000,53.000,4.000,9.000,1.0,1,1.0
106,15,159.000,50.000,5.000,9.000,1.0,1,1.0
107,15,159.000,47.000,4.000,9.000,1.0,1,1.0
108,15,159.000,44.000,5.000,10.000,1.0,1,1.0
109,15,159.000,42.000,5.000,10.000,1.0,1,1.0
110,15,159.000,41.000,6.000,9.000,1.0,1,1.0
111,15,160.000,41.000,8.000,7.000,1.0,1,1.0
112,15,161.000,40.000,9.000,7.000,1.0,1,1.0
113,15,163.000,40.000,10.000,6.000,1.0,1,1.0
114,15,165.000,39.000,10.000,7.000,1.0,1,1.0
115,15,166.000,41.000,11.000,6.000,1.0,1,1.0
116,15,169.000,42.000,9.000,7.000,1.0,1,1.0
117,15,171.000,44.000,9.000,7.000,1.0,1,1.0
118,15,173.000,46.000,9.000,6.000,1.0,1,1.0
119,15,175.000,47.000,9.000,6.000,1.0,1,1.0
120,15,175.000,47.000,9.000,6.000,1.0,1,1.0
121,15,175.000,47.000,9.000,6.000,1.0,1,1.0
122,15,175.000,47.000,9.000,6.000,1.0,1,1.0
123,15,175.000,47.000,9.000,6.000,1.0,1,1.0
124,15,175.000,47.000,9.000,5.000,1.0,1,1.0
125,15,175.000,47.000,10.000,5.000,1.0,1,1.0
126,15,175.000,47.000,10.000,5.000,1.0,1,1.0
127,15,176.000,47.000,9.000,5.000,1.0,1,1.0
128,15,175.000,48.000,10.000,4.000,1.0,1,1.0
129,15,175.000,48.000,9.000,4.000,1.0,1,1.0
130,15,175.000,48.000,9.000,4.000,1.0,1,1.0
131,15,175.000,48.000,9.000,4.000,1.0,1,1.0
132,15,174.000,47.000,10.000,5.000,1.0,1,1.0
133,15,174.000,48.000,10.000,4.000,1.0,1,1.0
134,15,174.000,48.000,9.000,4.000,1.0,1,1.0
135,15,174.000,48.000,9.000,4.000,1.0,1,1.0
136,15,174.000,48.000,9.000,4.000,1.0,1,1.0
137,15,174.000,48.000,9.000,4.000,1.0,1,1.0
138,15,174.000,48.000,9.000,4.000,1.0,1,1.0
139,15,174.000,48.000,9.000,4.000,1.0,1,1.0
140,15,174.000,48.000,9.000,4.000,1.0,1,1.0
141,15,174.000,48.000,9.000,4.000,1.0,1,1.0
142,15,174.000,48.000,9.000,4.000,1.0,1,1.0
143,15,174.000,48.000,9.000,4.000,1.0,1,1.0
144,15,174.000,48.000,9.000,4.000,1.0,1,1.0
145,15,174.000,48.000,9.000,4.000,1.0,1,1.0
146,15,174.000,48.000,9.000,4.000,1.0,1,1.0
147,15,174.000,47.000,9.000,5.000,1.0,1,1.0
148,15,174.000,47.000,9.000,5.000,1.0,1,1.0
149,15,174.000,47.000,9.000,5.000,1.0,1,1.0
150,15,174.000,47.000,9.000,5.000,1.0,1,1.0
151,15,174.000,48.000,9.000,4.000,1.0,1,1.0
152,15,174.000,48.000,9.000,4.000,1.0,1,1.0
153,15,174.000,47.000,9.000,5.000,1.0,1,1.0
154,15,174.000,47.000,9.000,5.000,1.0,1,1.0
155,15,174.000,47.000,9.000,5.000,1.0,1,1.0
156,15,174.000,47.000,9.000,5.000,1.0,1,1.0
157,15,174.000,47.000,9.000,5.000,1.0,1,1.0
158,15,174.000,47.000,9.000,5.000,1.0,1,1.0
159,15,174.000,47.000,9.000,5.000,1.0,1,1.0
160,15,174.000,47.000,9.000,5.000,1.0,1,1.0
161,15,174.000,47.000,9.000,5.000,1.0,1,1.0
162,15,174.000,47.000,9.000,5.000,1.0,1,1.0
163,15,174.000,47.000,9.000,5.000,1.0,1,1.0
164,15,174.000,47.000,9.000,5.000,1.0,1,1.0
165,15,174.000,47.000,9.000,5.000,1.0,1,1.0
166,15,174.000,47.000,10.000,5.000,1.0,1,1.0
167,15,174.000,47.000,10.000,5.000,1.0,1,1.0
168,15,174.000,47.000,10.000,5.000,1.0,1,1.0
169,15,174.000,47.000,10.000,5.000,1.0,1,1.0
170,15,174.000,47.000,10.000,5.000,1.0,1,1.0
171,15,174.000,47.000,10.000,5.000,1.0,1,1.0
172,15,174.000,47.000,10.000,5.000,1.0,1,1.0
173,15,174.000,47.000,10.000,5.000,1.0,1,1.0
174,15,174.000,47.000,10.000,5.000,1.0,1,1.0
175,15,174.000,47.000,10.000,5.000,1.0,1,1.0
176,15,174.000,47.000,10.000,5.000,1.0,1,1.0
177,15,174.000,47.000,10.000,5.000,1.0,1,1.0
178,15,174.000,47.000,10.000,5.000,1.0,1,1.0
179,15,174.000,47.000,10.000,5.000,1.0,1,1.0
180,15,174.000,47.000,9.000,5.000,1.0,1,1.0
181,15,174.000,47.000,9.000,5.000,1.0,1,1.0
182,15,174.000,47.000,9.000,5.000,1.0,1,1.0
183,15,174.000,47.000,9.000,5.000,1.0,1,1.0
184,15,174.000,47.000,9.000,5.000,1.0,1,1.0
185,15,174.000,47.000,9.000,5.000,1.0,1,1.0
186,15,174.000,47.000,9.000,5.000,1.0,1,1.0
187,15,174.000,47.000,9.000,5.000,1.0,1,1.0
188,15,174.000,47.000,10.000,5.000,1.0,1,1.0
189,15,174.000,47.000,9.000,5.000,1.0,1,1.0
190,15,174.000,47.000,9.000,5.000,1.0,1,1.0
191,15,175.000,47.000,8.000,5.000,1.0,1,1.0
192,15,174.000,48.000,9.000,4.000,1.0,1,1.0
193,15,174.000,48.000,9.000,4.000,1.0,1,1.0
194,15,174.000,48.000,9.000,4.000,1.0,1,1.0
195,15,174.000,48.000,10.000,4.000,1.0,1,1.0
196,15,174.000,48.000,10.000,4.000,1.0,1,1.0
197,15,174.000,48.000,10.000,4.000,1.0,1,1.0
198,15,174.000,48.000,10.000,4.000,1.0,1,1.0
199,15,174.000,48.000,10.000,4.000,1.0,1,1.0
200,15,174.000,48.000,10.000,4.000,1.0,1,1.0
201,15,174.000,48.000,9.000,4.000,1.0,1,1.0
202,15,174.000,48.000,9.000,4.000,1.0,1,1.0
203,15,174.000,48.000,9.000,4.000,1.0,1,1.0
204,15,174.000,48.000,9.000,4.000,1.0,1,1.0
205,15,174.000,48.000,9.000,4.000,1.0,1,1.0
206,15,174.000,48.000,9.000,4.000,1.0,1,1.0
207,15,174.000,48.000,9.000,4.000,1.0,1,1.0
208,15,174.000,48.000,9.000,4.000,1.0,1,1.0
209,15,174.000,48.000,9.000,4.000,1.0,1,1.0
210,15,174.000,48.000,9.000,4.000,1.0,1,1.0
211,15,174.000,48.000,9.000,4.000,1.0,1,1.0
212,15,174.000,48.000,9.000,4.000,1.0,1,1.0
213,15,174.000,48.000,9.000,4.000,1.0,1,1.0
214,15,174.000,48.000,9.000,4.000,1.0,1,1.0
215,15,174.000,48.000,9.000,4.000,1.0,1,1.0
216,15,174.000,48.000,9.000,4.000,1.0,1,1.0
217,15,174.000,48.000,9.000,4.000,1.0,1,1.0
218,15,174.000,48.000,9.000,4.000,1.0,1,1.0
219,15,174.000,48.000,9.000,4.000,1.0,1,1.0
220,15,174.000,48.000,9.000,4.000,1.0,1,1.0
221,15,174.000,48.000,9.000,4.000,1.0,1,1.0
222,15,174.000,48.000,9.000,4.000,1.0,1,1.0
223,15,174.000,48.000,9.000,4.000,1.0,1,1.0
224,15,174.000,48.000,9.000,4.000,1.0,1,1.0
225,15,174.000,48.000,9.000,4.000,1.0,1,1.0
226,15,174.000,48.000,9.000,4.000,1.0,1,1.0
227,15,174.000,48.000,9.000,4.000,1.0,1,1.0
228,15,174.000,48.000,9.000,4.000,1.0,1,1.0
229,15,174.000,48.000,9.000,4.000,1.0,1,1.0
230,15,174.000,48.000,10.000,4.000,1.0,1,1.0
231,15,174.000,48.000,10.000,4.000,1.0,1,1.0
232,15,174.000,48.000,9.000,4.000,1.0,1,1.0
233,15,174.000,48.000,9.000,4.000,1.0,1,1.0
234,15,174.000,48.000,9.000,4.000,1.0,1,1.0
235,15,174.000,48.000,9.000,4.000,1.0,1,1.0
236,15,174.000,48.000,10.000,4.000,1.0,1,1.0
237,15,174.000,48.000,10.000,4.000,1.0,1,1.0
238,15,174.000,48.000,9.000,4.000,1.0,1,1.0
239,15,174.000,48.000,9.000,4.000,1.0,1,1.0
240,15,174.000,48.000,9.000,4.000,1.0,1,1.0
241,15,174.000,48.000,10.000,4.000,1.0,1,1.0
242,15,174.000,48.000,10.000,4.000,1.0,1,1.0
243,15,174.000,48.000,9.000,4.000,1.0,1,1.0
244,15,174.000,48.000,9.000,4.000,1.0,1,1.0
245,15,174.000,48.000,9.000,4.000,1.0,1,1.0
246,15,174.000,48.000,9.000,4.000,1.0,1,1.0
247,15,174.000,48.000,9.000,4.000,1.0,1,1.0
248,15,174.000,48.000,9.000,4.000,1.0,1,1.0
249,15,174.000,48.000,9.000,4.000,1.0,1,1.0
250,15,174.000,48.000,9.000,4.000,1.0,1,1.0
251,15,174.000,48.000,9.000,4.000,1.0,1,1.0
252,15,174.000,48.000,9.000,4.000,1.0,1,1.0
253,15,174.000,48.000,9.000,4.000,1.0,1,1.0
254,15,174.000,48.000,9.000,4.000,1.0,1,1.0
255,15,174.000,48.000,9.000,4.000,1.0,1,1.0
256,15,175.000,48.000,9.000,5.000,1.0,1,1.0
257,15,176.000,48.000,9.000,5.000,1.0,1,1.0
258,15,177.000,48.000,9.000,5.000,1.0,1,1.0
259,15,178.000,49.000,9.000,4.000,1.0,1,1.0
260,15,179.000,48.000,9.000,5.000,1.0,1,1.0
261,15,181.000,48.000,9.000,5.000,1.0,1,1.0
262,15,183.000,48.000,9.000,5.000,1.0,1,1.0
263,15,185.000,48.000,9.000,5.000,1.0,1,1.0
264,15,187.000,48.000,9.000,5.000,1.0,1,1.0
265,15,189.000,48.000,10.000,4.000,1.0,1,1.0
266,15,192.000,47.000,9.000,5.000,1.0,1,1.0
267,15,194.000,47.000,9.000,4.000,1.0,1,1.0
268,15,196.000,46.000,9.000,4.000,1.0,1,1.0
269,15,198.000,45.000,9.000,5.000,1.0,1,1.0
270,15,200.000,43.000,9.000,5.000,1.0,1,1.0
271,15,202.000,40.000,7.000,8.000,1.0,1,1.0
272,15,203.000,38.000,7.000,8.000,1.0,1,1.0
273,15,204.000,35.000,7.000,9.000,1.0,1,1.0
274,15,205.000,32.000,6.000,8.000,1.0,1,1.0
275,15,206.000,31.000,6.000,8.000,1.0,1,1.0
1,7,19.000,353.000,7.000,6.000,1.0,1,1.0
3,7,72.000,394.000,8.000,6.000,1.0,1,1.0
4,7,73.000,394.000,7.000,5.000,1.0,1,1.0
5,7,73.000,393.000,7.000,5.000,1.0,1,1.0
6,7,73.000,393.000,7.000,5.000,1.0,1,1.0
7,7,73.000,393.000,8.000,5.000,1.0,1,1.0
8,7,77.000,383.000,5.000,9.000,1.0,1,1.0
9,7,71.000,350.000,7.000,10.000,1.0,1,1.0
10,7,60.000,320.000,6.000,9.000,1.0,1,1.0
11,7,44.000,303.000,7.000,6.000,1.0,1,1.0
12,7,45.000,293.000,5.000,8.000,1.0,1,1.0
13,7,24.000,275.000,10.000,9.000,1.0,1,1.0
14,7,18.000,265.000,5.000,9.000,1.0,1,1.0
15,7,17.000,264.000,4.000,10.000,1.0,1,1.0
16,7,18.000,264.000,3.000,10.000,1.0,1,1.0
17,7,18.000,264.000,3.000,9.000,1.0,1,1.0
18,7,18.000,265.000,3.000,9.000,1.0,1,1.0
19,7,18.000,264.000,3.000,10.000,1.0,1,1.0
20,7,18.000,264.000,3.000,9.000,1.0,1,1.0
21,7,18.000,262.000,4.000,9.000,1.0,1,1.0
22,7,18.000,259.000,5.000,9.000,1.0,1,1.0
23,7,19.000,255.000,5.000,9.000,1.0,1,1.0
24,7,19.000,251.000,6.000,9.000,1.0,1,1.0
25,7,20.000,247.000,6.000,10.000,1.0,1,1.0
26,7,21.000,244.000,5.000,9.000,1.0,1,1.0
27,7,21.000,240.000,6.000,9.000,1.0,1,1.0
28,7,23.000,235.000,5.000,9.000,1.0,1,1.0
29,7,25.000,231.000,5.000,8.000,1.0,1,1.0
30,7,26.000,228.000,6.000,8.000,1.0,1,1.0
31,7,27.000,226.000,6.000,8.000,1.0,1,1.0
32,7,28.000,225.000,5.000,9.000,1.0,1,1.0
33,7,28.000,225.000,5.000,9.000,1.0,1,1.0
34,7,28.000,225.000,5.000,9.000,1.0,1,1.0
35,7,28.000,225.000,5.000,9.000,1.0,1,1.0
36,7,28.000,225.000,5.000,9.000,1.0,1,1.0
37,7,28.000,225.000,5.000,9.000,1.0,1,1.0
38,7,28.000,225.000,5.000,9.000,1.0,1,1.0
39,7,40.000,211.000,12.000,12.000,1.0,1,1.0
40,7,76.000,181.000,5.000,5.000,1.0,1,1.0
41,7,76.000,181.000,5.000,7.000,1.0,1,1.0
42,7,75.000,180.000,6.000,7.000,1.0,1,1.0
43,7,75.000,178.000,5.000,8.000,1.0,1,1.0
44,7,75.000,175.000,4.000,9.000,1.0,1,1.0
45,7,75.000,172.000,5.000,9.000,1.0,1,1.0
46,7,75.000,170.000,5.000,9.000,1.0,1,1.0
47,7,76.000,167.000,4.000,10.000,1.0,1,1.0
48,7,76.000,166.000,5.000,9.000,1.0,1,1.0
49,7,76.000,165.000,5.000,10.000,1.0,1,1.0
50,7,76.000,165.000,5.000,10.000,1.0,1,1.0
51,7,76.000,165.000,5.000,10.000,1.0,1,1.0
52,7,76.000,166.000,5.000,9.000,1.0,1,1.0
57,7,70.000,160.000,7.000,8.000,1.0,1,1.0
59,7,18.000,131.000,5.000,6.000,1.0,1,1.0
60,7,27.000,137.000,6.000,5.000,1.0,1,1.0
61,7,34.000,139.000,7.000,5.000,1.0,1,1.0
62,7,32.000,152.000,6.000,10.000,1.0,1,1.0
63,7,22.000,183.000,5.000,8.000,1.0,1,1.0
64,7,24.000,205.000,6.000,10.000,1.0,1,1.0
65,7,48.000,236.000,11.000,12.000,1.0,1,1.0
66,7,63.000,271.000,5.000,11.000,1.0,1,1.0
67,7,51.000,304.000,5.000,11.000,1.0,1,1.0
68,7,38.000,345.000,8.000,11.000,1.0,1,1.0
69,7,42.000,372.000,5.000,11.000,1.0,1,1.0
70,7,50.000,392.000,8.000,6.000,1.0,1,1.0
71,7,50.000,393.000,7.000,5.000,1.0,1,1.0
72,7,50.000,393.000,7.000,5.000,1.0,1,1.0
73,7,50.000,392.000,7.000,6.000,1.0,1,1.0
74,7,50.000,392.000,8.000,6.000,1.0,1,1.0
75,7,50.000,392.000,7.000,6.000,1.0,1,1.0
76,7,51.000,392.000,7.000,7.000,1.0,1,1.0
77,7,51.000,391.000,6.000,7.000,1.0,1,1.0
78,7,50.000,391.000,6.000,7.000,1.0,1,1.0
79,7,50.000,391.000,6.000,7.000,1.0,1,1.0
80,7,49.000,392.000,7.000,6.000,1.0,1,1.0
81,7,48.000,392.000,8.000,6.000,1.0,1,1.0
82,7,50.000,391.000,7.000,8.000,1.0,1,1.0
83,7,51.000,393.000,9.000,7.000,1.0,1,1.0
84,7,55.000,393.000,8.000,6.000,1.0,1,1.0
85,7,57.000,392.000,8.000,6.000,1.0,1,1.0
86,7,58.000,392.000,8.000,5.000,1.0,1,1.0
87,7,59.000,392.000,8.000,6.000,1.0,1,1.0
88,7,60.000,392.000,8.000,5.000,1.0,1,1.0
89,7,60.000,392.000,8.000,5.000,1.0,1,1.0
90,7,60.000,392.000,8.000,5.000,1.0,1,1.0
91,7,60.000,392.000,8.000,5.000,1.0,1,1.0
92,7,60.000,392.000,8.000,5.000,1.0,1,1.0
93,7,60.000,392.000,8.000,5.000,1.0,1,1.0
94,7,60.000,392.000,7.000,5.000,1.0,1,1.0
95,7,60.000,392.000,7.000,6.000,1.0,1,1.0
96,7,60.000,392.000,7.000,6.000,1.0,1,1.0
97,7,60.000,392.000,7.000,6.000,1.0,1,1.0
98,7,60.000,392.000,7.000,6.000,1.0,1,1.0
99,7,60.000,392.000,7.000,6.000,1.0,1,1.0
100,7,60.000,392.000,7.000,6.000,1.0,1,1.0
101,7,60.000,392.000,7.000,6.000,1.0,1,1.0
102,7,60.000,392.000,7.000,6.000,1.0,1,1.0
103,7,60.000,392.000,7.000,6.000,1.0,1,1.0
104,7,60.000,392.000,7.000,6.000,1.0,1,1.0
105,7,60.000,392.000,7.000,6.000,1.0,1,1.0
106,7,60.000,392.000,7.000,6.000,1.0,1,1.0
107,7,61.000,392.000,6.000,5.000,1.0,1,1.0
108,7,61.000,392.000,6.000,5.000,1.0,1,1.0
109,7,61.000,391.000,6.000,6.000,1.0,1,1.0
110,7,62.000,391.000,6.000,6.000,1.0,1,1.0
111,7,62.000,391.000,6.000,5.000,1.0,1,1.0
112,7,62.000,391.000,6.000,5.000,1.0,1,1.0
114,7,59.000,380.000,6.000,8.000,1.0,1,1.0
115,7,57.000,391.000,8.000,6.000,1.0,1,1.0
116,7,58.000,391.000,7.000,6.000,1.0,1,1.0
117,7,58.000,391.000,7.000,6.000,1.0,1,1.0
118,7,58.000,391.000,7.000,6.000,1.0,1,1.0
119,7,58.000,391.000,7.000,6.000,1.0,1,1.0
120,7,58.000,391.000,7.000,6.000,1.0,1,1.0
121,7,59.000,391.000,7.000,6.000,1.0,1,1.0
122,7,59.000,391.000,6.000,6.000,1.0,1,1.0
123,7,59.000,391.000,6.000,6.000,1.0,1,1.0
124,7,58.000,391.000,6.000,6.000,1.0,1,1.0
125,7,57.000,392.000,6.000,6.000,1.0,1,1.0
126,7,56.000,392.000,6.000,6.000,1.0,1,1.0
127,7,54.000,392.000,7.000,6.000,1.0,1,1.0
128,7,53.000,392.000,7.000,6.000,1.0,1,1.0
129,7,51.000,392.000,7.000,5.000,1.0,1,1.0
130,7,49.000,392.000,7.000,5.000,1.0,1,1.0
131,7,47.000,392.000,8.000,5.000,1.0,1,1.0
132,7,45.000,392.000,8.000,5.000,1.0,1,1.0
133,7,43.000,392.000,9.000,5.000,1.0,1,1.0
134,7,43.000,392.000,8.000,5.000,1.0,1,1.0
135,7,42.000,392.000,8.000,5.000,1.0,1,1.0
136,7,42.000,392.000,7.000,5.000,1.0,1,1.0
137,7,42.000,392.000,7.000,6.000,1.0,1,1.0
138,7,41.000,393.000,7.000,5.000,1.0,1,1.0
139,7,41.000,392.000,7.000,5.000,1.0,1,1.0
140,7,43.000,391.000,6.000,6.000,1.0,1,1.0
141,7,44.000,390.000,5.000,7.000,1.0,1,1.0
142,7,44.000,389.000,5.000,8.000,1.0,1,1.0
143,7,44.000,388.000,6.000,9.000,1.0,1,1.0
144,7,45.000,386.000,6.000,11.000,1.0,1,1.0
145,7,46.000,384.000,6.000,11.000,1.0,1,1.0
146,7,46.000,381.000,6.000,10.000,1.0,1,1.0
147,7,47.000,379.000,6.000,9.000,1.0,1,1.0
148,7,48.000,377.000,8.000,8.000,1.0,1,1.0
149,7,50.000,376.000,8.000,7.000,1.0,1,1.0
150,7,52.000,375.000,8.000,7.000,1.0,1,1.0
151,7,54.000,373.000,8.000,7.000,1.0,1,1.0
152,7,56.000,372.000,8.000,7.000,1.0,1,1.0
153,7,58.000,370.000,7.000,7.000,1.0,1,1.0
154,7,60.000,369.000,8.000,7.000,1.0,1,1.0
155,7,62.000,368.000,8.000,7.000,1.0,1,1.0
156,7,64.000,367.000,8.000,7.000,1.0,1,1.0
157,7,67.000,366.000,7.000,6.000,1.0,1,1.0
158,7,69.000,366.000,7.000,6.000,1.0,1,1.0
159,7,71.000,365.000,7.000,6.000,1.0,1,1.0
160,7,72.000,364.000,8.000,6.000,1.0,1,1.0
161,7,74.000,363.000,7.000,6.000,1.0,1,1.0
162,7,75.000,362.000,7.000,6.000,1.0,1,1.0
163,7,76.000,360.000,7.000,7.000,1.0,1,1.0
164,7,77.000,359.000,6.000,7.000,1.0,1,1.0
165,7,79.000,357.000,5.000,7.000,1.0,1,1.0
166,7,80.000,355.000,5.000,7.000,1.0,1,1.0
167,7,80.000,353.000,6.000,7.000,1.0,1,1.0
168,7,80.000,350.000,6.000,8.000,1.0,1,1.0
169,7,81.000,347.000,5.000,8.000,1.0,1,1.0
170,7,81.000,344.000,5.000,8.000,1.0,1,1.0
171,7,81.000,341.000,5.000,8.000,1.0,1,1.0
172,7,81.000,339.000,5.000,8.000,1.0,1,1.0
173,7,81.000,336.000,5.000,8.000,1.0,1,1.0
174,7,81.000,333.000,5.000,8.000,1.0,1,1.0
175,7,80.000,328.000,6.000,9.000,1.0,1,1.0
176,7,80.000,325.000,5.000,9.000,1.0,1,1.0
177,7,80.000,321.000,6.000,10.000,1.0,1,1.0
178,7,80.000,318.000,5.000,9.000,1.0,1,1.0
179,7,80.000,314.000,5.000,9.000,1.0,1,1.0
180,7,79.000,311.000,6.000,9.000,1.0,1,1.0
181,7,78.000,309.000,6.000,9.000,1.0,1,1.0
182,7,76.000,307.000,7.000,8.000,1.0,1,1.0
183,7,75.000,305.000,6.000,8.000,1.0,1,1.0
184,7,73.000,303.000,7.000,8.000,1.0,1,1.0
185,7,71.000,300.000,8.000,8.000,1.0,1,1.0
186,7,70.000,298.000,7.000,8.000,1.0,1,1.0
187,7,69.000,296.000,7.000,8.000,1.0,1,1.0
188,7,68.000,293.000,7.000,9.000,1.0,1,1.0
189,7,67.000,289.000,7.000,10.000,1.0,1,1.0
190,7,67.000,286.000,6.000,9.000,1.0,1,1.0
191,7,66.000,283.000,6.000,9.000,1.0,1,1.0
192,7,66.000,279.000,6.000,10.000,1.0,1,1.0
193,7,65.000,276.000,6.000,9.000,1.0,1,1.0
194,7,64.000,272.000,6.000,10.000,1.0,1,1.0
195,7,63.000,268.000,6.000,10.000,1.0,1,1.0
196,7,62.000,264.000,6.000,10.000,1.0,1,1.0
197,7,61.000,260.000,6.000,10.000,1.0,1,1.0
198,7,60.000,256.000,6.000,10.000,1.0,1,1.0
199,7,59.000,252.000,6.000,9.000,1.0,1,1.0
200,7,58.000,248.000,6.000,10.000,1.0,1,1.0
201,7,57.000,244.000,6.000,10.000,1.0,1,1.0
202,7,56.000,241.000,6.000,9.000,1.0,1,1.0
203,7,55.000,237.000,6.000,9.000,1.0,1,1.0
204,7,54.000,233.000,5.000,9.000,1.0,1,1.0
205,7,54.000,229.000,5.000,10.000,1.0,1,1.0
206,7,53.000,226.000,6.000,10.000,1.0,1,1.0
207,7,53.000,223.000,5.000,9.000,1.0,1,1.0
208,7,52.000,219.000,6.000,10.000,1.0,1,1.0
209,7,52.000,215.000,6.000,9.000,1.0,1,1.0
210,7,51.000,212.000,6.000,9.000,1.0,1,1.0
211,7,50.000,208.000,6.000,9.000,1.0,1,1.0
212,7,48.000,204.000,6.000,9.000,1.0,1,1.0
213,7,46.000,200.000,6.000,9.000,1.0,1,1.0
214,7,44.000,198.000,6.000,8.000,1.0,1,1.0
215,7,42.000,194.000,7.000,9.000,1.0,1,1.0
216,7,40.000,191.000,7.000,9.000,1.0,1,1.0
217,7,39.000,188.000,6.000,8.000,1.0,1,1.0
218,7,37.000,184.000,6.000,9.000,1.0,1,1.0
219,7,35.000,180.000,7.000,9.000,1.0,1,1.0
220,7,34.000,177.000,6.000,8.000,1.0,1,1.0
221,7,32.000,173.000,7.000,9.000,1.0,1,1.0
222,7,31.000,170.000,6.000,9.000,1.0,1,1.0
223,7,30.000,167.000,6.000,9.000,1.0,1,1.0
224,7,28.000,165.000,6.000,8.000,1.0,1,1.0
225,7,26.000,162.000,6.000,9.000,1.0,1,1.0
226,7,25.000,159.000,6.000,9.000,1.0,1,1.0
227,7,23.000,157.000,6.000,8.000,1.0,1,1.0
228,7,20.000,156.000,7.000,7.000,1.0,1,1.0
229,7,18.000,155.000,8.000,7.000,1.0,1,1.0
230,7,18.000,155.000,6.000,6.000,1.0,1,1.0
231,7,17.000,154.000,6.000,6.000,1.0,1,1.0
242,7,17.000,137.000,6.000,6.000,1.0,1,1.0
243,7,17.000,137.000,6.000,6.000,1.0,1,1.0
244,7,18.000,136.000,6.000,7.000,1.0,1,1.0
245,7,19.000,134.000,7.000,7.000,1.0,1,1.0
246,7,21.000,133.000,8.000,6.000,1.0,1,1.0
247,7,23.000,132.000,8.000,6.000,1.0,1,1.0
248,7,25.000,132.000,9.000,5.000,1.0,1,1.0
249,7,28.000,132.000,9.000,5.000,1.0,1,1.0
250,7,30.000,133.000,10.000,4.000,1.0,1,1.0
251,7,33.000,133.000,10.000,5.000,1.0,1,1.0
252,7,35.000,133.000,11.000,5.000,1.0,1,1.0
253,7,37.000,132.000,10.000,5.000,1.0,1,1.0
254,7,39.000,129.000,8.000,7.000,1.0,1,1.0
255,7,40.000,126.000,6.000,8.000,1.0,1,1.0
256,7,41.000,122.000,6.000,9.000,1.0,1,1.0
257,7,42.000,119.000,6.000,9.000,1.0,1,1.0
258,7,43.000,116.000,6.000,9.000,1.0,1,1.0
259,7,44.000,112.000,6.000,9.000,1.0,1,1.0
260,7,45.000,109.000,6.000,9.000,1.0,1,1.0
261,7,46.000,106.000,6.000,8.000,1.0,1,1.0
262,7,47.000,102.000,6.000,9.000,1.0,1,1.0
263,7,49.000,98.000,6.000,9.000,1.0,1,1.0
264,7,50.000,95.000,6.000,9.000,1.0,1,1.0
265,7,51.000,91.000,6.000,9.000,1.0,1,1.0
266,7,52.000,88.000,6.000,9.000,1.0,1,1.0
267,7,53.000,83.000,6.000,10.000,1.0,1,1.0
268,7,54.000,80.000,6.000,10.000,1.0,1,1.0
269,7,54.000,77.000,6.000,9.000,1.0,1,1.0
270,7,55.000,73.000,6.000,9.000,1.0,1,1.0
271,7,56.000,69.000,6.000,10.000,1.0,1,1.0
272,7,57.000,66.000,6.000,9.000,1.0,1,1.0
273,7,58.000,62.000,5.000,10.000,1.0,1,1.0
274,7,59.000,58.000,6.000,9.000,1.0,1,1.0
275,7,59.000,55.000,6.000,9.000,1.0,1,1.0
276,7,60.000,51.000,6.000,9.000,1.0,1,1.0
277,7,60.000,48.000,6.000,9.000,1.0,1,1.0
278,7,61.000,44.000,5.000,9.000,1.0,1,1.0
279,7,61.000,40.000,6.000,10.000,1.0,1,1.0
280,7,63.000,37.000,5.000,9.000,1.0,1,1.0
281,7,63.000,33.000,5.000,10.000,1.0,1,1.0
282,7,64.000,32.000,5.000,8.000,1.0,1,1.0
283,7,64.000,31.000,6.000,6.000,1.0,1,1.0
1,25,437.000,391.000,8.000,7.000,1.0,1,1.0
2,25,435.000,392.000,9.000,6.000,1.0,1,1.0
3,25,432.000,392.000,11.000,6.000,1.0,1,1.0
4,25,431.000,392.000,11.000,6.000,1.0,1,1.0
5,25,430.000,392.000,10.000,5.000,1.0,1,1.0
6,25,425.000,394.000,9.000,4.000,1.0,1,1.0
7,25,425.000,394.000,8.000,5.000,1.0,1,1.0
8,25,424.000,395.000,8.000,5.000,1.0,1,1.0
9,25,423.000,395.000,9.000,5.000,1.0,1,1.0
10,25,423.000,395.000,9.000,5.000,1.0,1,1.0
11,25,408.000,366.000,5.000,8.000,1.0,1,1.0
12,25,408.000,365.000,6.000,10.000,1.0,1,1.0
13,25,408.000,362.000,6.000,10.000,1.0,1,1.0
14,25,408.000,359.000,5.000,9.000,1.0,1,1.0
15,25,407.000,356.000,5.000,10.000,1.0,1,1.0
16,25,408.000,353.000,5.000,10.000,1.0,1,1.0
17,25,409.000,351.000,5.000,9.000,1.0,1,1.0
18,25,409.000,348.000,5.000,9.000,1.0,1,1.0
19,25,408.000,345.000,6.000,9.000,1.0,1,1.0
20,25,407.000,343.000,6.000,8.000,1.0,1,1.0
21,25,406.000,340.000,5.000,7.000,1.0,1,1.0
22,25,406.000,338.000,5.000,7.000,1.0,1,1.0
23,25,405.000,336.000,5.000,7.000,1.0,1,1.0
24,25,405.000,334.000,5.000,6.000,1.0,1,1.0
25,25,405.000,331.000,5.000,7.000,1.0,1,1.0
26,25,406.000,329.000,5.000,7.000,1.0,1,1.0
27,25,406.000,325.000,5.000,8.000,1.0,1,1.0
28,25,407.000,321.000,5.000,9.000,1.0,1,1.0
29,25,408.000,318.000,5.000,8.000,1.0,1,1.0
30,25,408.000,315.000,5.000,8.000,1.0,1,1.0
31,25,409.000,312.000,6.000,8.000,1.0,1,1.0
32,25,411.000,309.000,5.000,8.000,1.0,1,1.0
33,25,412.000,306.000,6.000,8.000,1.0,1,1.0
34,25,413.000,303.000,6.000,8.000,1.0,1,1.0
35,25,415.000,299.000,5.000,9.000,1.0,1,1.0
36,25,416.000,296.000,5.000,9.000,1.0,1,1.0
37,25,417.000,293.000,5.000,8.000,1.0,1,1.0
38,25,418.000,289.000,5.000,8.000,1.0,1,1.0
39,25,419.000,285.000,5.000,10.000,1.0,1,1.0
40,25,418.000,281.000,5.000,10.000,1.0,1,1.0
41,25,416.000,278.000,5.000,9.000,1.0,1,1.0
42,25,415.000,275.000,5.000,9.000,1.0,1,1.0
43,25,414.000,273.000,5.000,9.000,1.0,1,1.0
44,25,413.000,272.000,6.000,8.000,1.0,1,1.0
46,25,412.000,264.000,5.000,9.000,1.0,1,1.0
47,25,412.000,260.000,4.000,10.000,1.0,1,1.0
48,25,411.000,256.000,5.000,10.000,1.0,1,1.0
49,25,411.000,253.000,5.000,9.000,1.0,1,1.0
50,25,411.000,249.000,5.000,9.000,1.0,1,1.0
51,25,411.000,245.000,5.000,10.000,1.0,1,1.0
52,25,412.000,241.000,4.000,10.000,1.0,1,1.0
53,25,412.000,238.000,5.000,9.000,1.0,1,1.0
54,25,412.000,234.000,5.000,10.000,1.0,1,1.0
55,25,413.000,231.000,4.000,10.000,1.0,1,1.0
56,25,414.000,228.000,5.000,9.000,1.0,1,1.0
57,25,414.000,225.000,5.000,10.000,1.0,1,1.0
58,25,415.000,221.000,5.000,10.000,1.0,1,1.0
59,25,415.000,218.000,5.000,10.000,1.0,1,1.0
60,25,417.000,216.000,5.000,9.000,1.0,1,1.0
61,25,417.000,212.000,4.000,10.000,1.0,1,1.0
62,25,415.000,211.000,5.000,9.000,1.0,1,1.0
63,25,413.000,210.000,5.000,8.000,1.0,1,1.0
64,25,412.000,208.000,5.000,7.000,1.0,1,1.0
65,25,410.000,206.000,5.000,7.000,1.0,1,1.0
66,25,409.000,203.000,5.000,8.000,1.0,1,1.0
67,25,408.000,201.000,5.000,8.000,1.0,1,1.0
68,25,407.000,198.000,5.000,8.000,1.0,1,1.0
69,25,406.000,197.000,5.000,7.000,1.0,1,1.0
70,25,405.000,193.000,5.000,8.000,1.0,1,1.0
71,25,405.000,191.000,5.000,8.000,1.0,1,1.0
72,25,404.000,188.000,5.000,8.000,1.0,1,1.0
73,25,404.000,185.000,5.000,8.000,1.0,1,1.0
74,25,404.000,181.000,5.000,8.000,1.0,1,1.0
75,25,404.000,177.000,5.000,8.000,1.0,1,1.0
76,25,404.000,174.000,5.000,8.000,1.0,1,1.0
77,25,404.000,170.000,5.000,8.000,1.0,1,1.0
78,25,404.000,166.000,5.000,8.000,1.0,1,1.0
79,25,404.000,162.000,5.000,8.000,1.0,1,1.0
80,25,404.000,158.000,5.000,9.000,1.0,1,1.0
81,25,404.000,155.000,5.000,9.000,1.0,1,1.0
82,25,404.000,152.000,5.000,8.000,1.0,1,1.0
83,25,404.000,148.000,5.000,9.000,1.0,1,1.0
84,25,404.000,145.000,4.000,8.000,1.0,1,1.0
85,25,404.000,141.000,5.000,8.000,1.0,1,1.0
86,25,404.000,137.000,5.000,9.000,1.0,1,1.0
87,25,404.000,134.000,5.000,8.000,1.0,1,1.0
88,25,404.000,130.000,4.000,9.000,1.0,1,1.0
89,25,404.000,127.000,4.000,8.000,1.0,1,1.0
90,25,404.000,124.000,4.000,7.000,1.0,1,1.0
91,25,404.000,119.000,4.000,9.000,1.0,1,1.0
92,25,404.000,116.000,4.000,9.000,1.0,1,1.0
93,25,404.000,112.000,5.000,8.000,1.0,1,1.0
94,25,404.000,109.000,5.000,8.000,1.0,1,1.0
95,25,405.000,105.000,4.000,8.000,1.0,1,1.0
96,25,405.000,102.000,5.000,9.000,1.0,1,1.0
97,25,405.000,98.000,5.000,9.000,1.0,1,1.0
98,25,405.000,94.000,5.000,9.000,1.0,1,1.0
99,25,405.000,91.000,4.000,9.000,1.0,1,1.0
100,25,404.000,88.000,5.000,9.000,1.0,1,1.0
101,25,404.000,85.000,5.000,9.000,1.0,1,1.0
102,25,404.000,82.000,5.000,8.000,1.0,1,1.0
103,25,404.000,79.000,4.000,8.000,1.0,1,1.0
104,25,403.000,76.000,5.000,8.000,1.0,1,1.0
105,25,403.000,73.000,5.000,8.000,1.0,1,1.0
106,25,403.000,69.000,5.000,9.000,1.0,1,1.0
107,25,403.000,66.000,5.000,8.000,1.0,1,1.0
108,25,403.000,62.000,5.000,9.000,1.0,1,1.0
109,25,403.000,58.000,5.000,9.000,1.0,1,1.0
110,25,403.000,55.000,5.000,9.000,1.0,1,1.0
111,25,403.000,51.000,5.000,9.000,1.0,1,1.0
112,25,403.000,47.000,5.000,9.000,1.0,1,1.0
113,25,403.000,44.000,5.000,9.000,1.0,1,1.0
114,25,403.000,41.000,5.000,9.000,1.0,1,1.0
115,25,403.000,37.000,5.000,9.000,1.0,1,1.0
116,25,403.000,35.000,5.000,8.000,1.0,1,1.0
117,25,402.000,30.000,6.000,9.000,1.0,1,1.0
169,25,472.000,28.000,6.000,9.000,1.0,1,1.0
185,25,472.000,28.000,6.000,9.000,1.0,1,1.0
186,25,473.000,28.000,5.000,8.000,1.0,1,1.0
274,25,403.000,28.000,6.000,8.000,1.0,1,1.0
276,25,449.000,86.000,8.000,8.000,1.0,1,1.0
277,25,455.000,100.000,8.000,5.000,1.0,1,1.0
278,25,458.000,100.000,5.000,9.000,1.0,1,1.0
279,25,458.000,99.000,5.000,9.000,1.0,1,1.0
280,25,458.000,98.000,5.000,9.000,1.0,1,1.0
281,25,458.000,97.000,6.000,9.000,1.0,1,1.0
282,25,458.000,97.000,6.000,9.000,1.0,1,1.0
283,25,458.000,97.000,6.000,9.000,1.0,1,1.0
284,25,458.000,97.000,6.000,9.000,1.0,1,1.0
285,25,458.000,97.000,6.000,9.000,1.0,1,1.0
286,25,458.000,95.000,6.000,9.000,1.0,1,1.0
287,25,458.000,92.000,5.000,10.000,1.0,1,1.0
288,25,458.000,89.000,5.000,10.000,1.0,1,1.0
289,25,458.000,87.000,5.000,9.000,1.0,1,1.0
290,25,458.000,85.000,5.000,9.000,1.0,1,1.0
291,25,458.000,82.000,5.000,9.000,1.0,1,1.0
292,25,458.000,80.000,5.000,9.000,1.0,1,1.0
293,25,458.000,77.000,5.000,10.000,1.0,1,1.0
294,25,457.000,75.000,6.000,10.000,1.0,1,1.0
295,25,457.000,72.000,5.000,10.000,1.0,1,1.0
296,25,456.000,69.000,6.000,10.000,1.0,1,1.0
297,25,455.000,65.000,6.000,9.000,1.0,1,1.0
298,25,453.000,62.000,7.000,9.000,1.0,1,1.0
299,25,452.000,58.000,7.000,9.000,1.0,1,1.0
300,25,450.000,56.000,7.000,8.000,1.0,1,1.0
301,25,449.000,52.000,6.000,9.000,1.0,1,1.0
302,25,446.000,49.000,7.000,8.000,1.0,1,1.0
303,25,445.000,46.000,7.000,8.000,1.0,1,1.0
304,25,443.000,44.000,7.000,8.000,1.0,1,1.0
305,25,441.000,42.000,8.000,8.000,1.0,1,1.0
306,25,439.000,39.000,8.000,8.000,1.0,1,1.0
307,25,437.000,37.000,9.000,8.000,1.0,1,1.0
308,25,437.000,36.000,8.000,8.000,1.0,1,1.0
309,25,437.000,36.000,8.000,8.000,1.0,1,1.0
310,25,437.000,36.000,8.000,8.000,1.0,1,1.0
311,25,437.000,36.000,8.000,8.000,1.0,1,1.0
312,25,437.000,36.000,8.000,8.000,1.0,1,1.0
313,25,436.000,35.000,8.000,9.000,1.0,1,1.0
314,25,436.000,35.000,8.000,9.000,1.0,1,1.0
315,25,436.000,35.000,8.000,8.000,1.0,1,1.0
322,25,408.000,48.000,11.000,7.000,1.0,1,1.0
323,25,446.000,67.000,8.000,5.000,1.0,1,1.0
324,25,462.000,70.000,6.000,9.000,1.0,1,1.0
1,38,577.000,391.000,6.000,6.000,1.0,1,1.0
2,38,577.000,391.000,6.000,7.000,1.0,1,1.0
3,38,577.000,391.000,7.000,7.000,1.0,1,1.0
4,38,578.000,392.000,9.000,6.000,1.0,1,1.0
5,38,580.000,391.000,10.000,6.000,1.0,1,1.0
6,38,582.000,392.000,9.000,9.000,1.0,1,1.0
7,38,583.000,392.000,10.000,7.000,1.0,1,1.0
8,38,584.000,392.000,11.000,7.000,1.0,1,1.0
9,38,588.000,393.000,8.000,6.000,1.0,1,1.0
10,38,589.000,394.000,8.000,4.000,1.0,1,1.0
11,38,590.000,394.000,8.000,4.000,1.0,1,1.0
12,38,590.000,394.000,7.000,4.000,1.0,1,1.0
13,38,590.000,394.000,8.000,5.000,1.0,1,1.0
14,38,592.000,394.000,7.000,4.000,1.0,1,1.0
15,38,594.000,393.000,5.000,5.000,1.0,1,1.0
16,38,594.000,393.000,6.000,5.000,1.0,1,1.0
17,38,594.000,393.000,6.000,5.000,1.0,1,1.0
18,38,594.000,393.000,5.000,5.000,1.0,1,1.0
19,38,594.000,393.000,5.000,5.000,1.0,1,1.0
20,38,593.000,393.000,6.000,5.000,1.0,1,1.0
21,38,591.000,393.000,6.000,5.000,1.0,1,1.0
22,38,588.000,393.000,7.000,5.000,1.0,1,1.0
23,38,586.000,393.000,8.000,5.000,1.0,1,1.0
24,38,585.000,393.000,7.000,5.000,1.0,1,1.0
25,38,584.000,393.000,8.000,5.000,1.0,1,1.0
26,38,584.000,392.000,7.000,5.000,1.0,1,1.0
27,38,583.000,392.000,7.000,5.000,1.0,1,1.0
28,38,581.000,393.000,8.000,5.000,1.0,1,1.0
29,38,579.000,393.000,8.000,5.000,1.0,1,1.0
30,38,576.000,393.000,8.000,5.000,1.0,1,1.0
31,38,573.000,393.000,8.000,4.000,1.0,1,1.0
32,38,572.000,392.000,7.000,5.000,1.0,1,1.0
33,38,570.000,392.000,7.000,5.000,1.0,1,1.0
34,38,571.000,392.000,6.000,4.000,1.0,1,1.0
35,38,571.000,392.000,5.000,4.000,1.0,1,1.0
36,38,571.000,392.000,5.000,4.000,1.0,1,1.0
37,38,571.000,392.000,5.000,4.000,1.0,1,1.0
38,38,571.000,392.000,6.000,4.000,1.0,1,1.0
39,38,571.000,391.000,6.000,5.000,1.0,1,1.0
40,38,569.000,392.000,7.000,4.000,1.0,1,1.0
41,38,568.000,392.000,7.000,4.000,1.0,1,1.0
42,38,568.000,392.000,7.000,4.000,1.0,1,1.0
43,38,568.000,392.000,7.000,5.000,1.0,1,1.0
44,38,568.000,392.000,7.000,4.000,1.0,1,1.0
45,38,568.000,392.000,7.000,5.000,1.0,1,1.0
46,38,567.000,392.000,8.000,4.000,1.0,1,1.0
47,38,567.000,391.000,8.000,5.000,1.0,1,1.0
48,38,566.000,390.000,8.000,6.000,1.0,1,1.0
49,38,565.000,390.000,8.000,6.000,1.0,1,1.0
50,38,565.000,389.000,7.000,7.000,1.0,1,1.0
51,38,565.000,388.000,6.000,8.000,1.0,1,1.0
52,38,565.000,386.000,5.000,8.000,1.0,1,1.0
53,38,564.000,384.000,6.000,9.000,1.0,1,1.0
54,38,564.000,383.000,5.000,9.000,1.0,1,1.0
55,38,564.000,383.000,5.000,9.000,1.0,1,1.0
56,38,564.000,383.000,5.000,9.000,1.0,1,1.0
57,38,564.000,383.000,5.000,9.000,1.0,1,1.0
58,38,564.000,383.000,5.000,9.000,1.0,1,1.0
59,38,564.000,383.000,5.000,9.000,1.0,1,1.0
60,38,564.000,383.000,5.000,9.000,1.0,1,1.0
61,38,564.000,383.000,5.000,9.000,1.0,1,1.0
62,38,564.000,383.000,5.000,9.000,1.0,1,1.0
63,38,563.000,382.000,6.000,9.000,1.0,1,1.0
64,38,562.000,381.000,6.000,8.000,1.0,1,1.0
65,38,561.000,379.000,6.000,9.000,1.0,1,1.0
66,38,561.000,377.000,5.000,9.000,1.0,1,1.0
67,38,560.000,375.000,6.000,9.000,1.0,1,1.0
68,38,559.000,373.000,6.000,9.000,1.0,1,1.0
69,38,558.000,371.000,5.000,8.000,1.0,1,1.0
70,38,556.000,368.000,6.000,8.000,1.0,1,1.0
71,38,555.000,365.000,6.000,8.000,1.0,1,1.0
72,38,553.000,362.000,6.000,8.000,1.0,1,1.0
73,38,553.000,359.000,5.000,9.000,1.0,1,1.0
74,38,552.000,356.000,5.000,9.000,1.0,1,1.0
75,38,551.000,353.000,5.000,9.000,1.0,1,1.0
76,38,550.000,350.000,5.000,9.000,1.0,1,1.0
77,38,549.000,347.000,6.000,9.000,1.0,1,1.0
78,38,549.000,344.000,5.000,9.000,1.0,1,1.0
79,38,548.000,341.000,6.000,9.000,1.0,1,1.0
80,38,548.000,338.000,5.000,9.000,1.0,1,1.0
81,38,548.000,335.000,5.000,10.000,1.0,1,1.0
82,38,548.000,332.000,5.000,9.000,1.0,1,1.0
83,38,548.000,328.000,5.000,10.000,1.0,1,1.0
84,38,548.000,324.000,5.000,10.000,1.0,1,1.0
85,38,549.000,321.000,5.000,9.000,1.0,1,1.0
86,38,550.000,318.000,5.000,9.000,1.0,1,1.0
87,38,550.000,315.000,6.000,10.000,1.0,1,1.0
88,38,551.000,313.000,5.000,9.000,1.0,1,1.0
89,38,551.000,310.000,6.000,10.000,1.0,1,1.0
90,38,553.000,308.000,5.000,9.000,1.0,1,1.0
91,38,553.000,305.000,6.000,10.000,1.0,1,1.0
92,38,554.000,303.000,5.000,9.000,1.0,1,1.0
93,38,555.000,300.000,5.000,9.000,1.0,1,1.0
94,38,555.000,298.000,6.000,9.000,1.0,1,1.0
95,38,556.000,295.000,6.000,9.000,1.0,1,1.0
96,38,557.000,291.000,5.000,9.000,1.0,1,1.0
97,38,558.000,288.000,5.000,9.000,1.0,1,1.0
98,38,558.000,284.000,5.000,10.000,1.0,1,1.0
99,38,558.000,282.000,5.000,9.000,1.0,1,1.0
100,38,559.000,279.000,5.000,9.000,1.0,1,1.0
101,38,560.000,276.000,5.000,10.000,1.0,1,1.0
102,38,560.000,274.000,5.000,9.000,1.0,1,1.0
103,38,561.000,271.000,6.000,10.000,1.0,1,1.0
104,38,562.000,268.000,5.000,9.000,1.0,1,1.0
105,38,563.000,265.000,5.000,10.000,1.0,1,1.0
106,38,564.000,262.000,5.000,9.000,1.0,1,1.0
107,38,565.000,259.000,5.000,9.000,1.0,1,1.0
108,38,566.000,256.000,5.000,9.000,1.0,1,1.0
109,38,567.000,253.000,5.000,10.000,1.0,1,1.0
110,38,568.000,251.000,6.000,8.000,1.0,1,1.0
111,38,570.000,249.000,7.000,7.000,1.0,1,1.0
112,38,572.000,247.000,7.000,7.000,1.0,1,1.0
113,38,574.000,244.000,6.000,8.000,1.0,1,1.0
114,38,575.000,241.000,7.000,8.000,1.0,1,1.0
115,38,577.000,239.000,7.000,7.000,1.0,1,1.0
116,38,579.000,236.000,6.000,8.000,1.0,1,1.0
117,38,581.000,233.000,6.000,8.000,1.0,1,1.0
118,38,582.000,230.000,7.000,8.000,1.0,1,1.0
119,38,584.000,227.000,6.000,8.000,1.0,1,1.0
120,38,586.000,224.000,6.000,8.000,1.0,1,1.0
121,38,587.000,222.000,6.000,8.000,1.0,1,1.0
122,38,588.000,219.000,6.000,9.000,1.0,1,1.0
123,38,588.000,217.000,6.000,8.000,1.0,1,1.0
124,38,589.000,214.000,6.000,9.000,1.0,1,1.0
125,38,590.000,211.000,5.000,9.000,1.0,1,1.0
126,38,591.000,209.000,5.000,9.000,1.0,1,1.0
127,38,591.000,206.000,4.000,9.000,1.0,1,1.0
128,38,590.000,203.000,5.000,9.000,1.0,1,1.0
129,38,589.000,201.000,5.000,9.000,1.0,1,1.0
130,38,588.000,198.000,5.000,9.000,1.0,1,1.0
131,38,588.000,195.000,5.000,9.000,1.0,1,1.0
132,38,588.000,192.000,5.000,10.000,1.0,1,1.0
133,38,587.000,190.000,5.000,9.000,1.0,1,1.0
134,38,587.000,187.000,5.000,9.000,1.0,1,1.0
135,38,586.000,185.000,5.000,9.000,1.0,1,1.0
136,38,585.000,183.000,5.000,9.000,1.0,1,1.0
137,38,584.000,181.000,6.000,7.000,1.0,1,1.0
138,38,581.000,179.000,7.000,7.000,1.0,1,1.0
139,38,580.000,178.000,7.000,6.000,1.0,1,1.0
140,38,578.000,176.000,7.000,7.000,1.0,1,1.0
141,38,576.000,174.000,7.000,7.000,1.0,1,1.0
142,38,573.000,173.000,8.000,6.000,1.0,1,1.0
143,38,571.000,171.000,8.000,7.000,1.0,1,1.0
144,38,569.000,169.000,8.000,7.000,1.0,1,1.0
145,38,567.000,168.000,8.000,7.000,1.0,1,1.0
146,38,565.000,167.000,8.000,6.000,1.0,1,1.0
147,38,562.000,166.000,8.000,6.000,1.0,1,1.0
148,38,560.000,164.000,7.000,6.000,1.0,1,1.0
149,38,557.000,162.000,8.000,7.000,1.0,1,1.0
150,38,555.000,160.000,8.000,6.000,1.0,1,1.0
151,38,553.000,158.000,7.000,6.000,1.0,1,1.0
152,38,551.000,156.000,8.000,6.000,1.0,1,1.0
153,38,550.000,154.000,7.000,6.000,1.0,1,1.0
154,38,548.000,152.000,7.000,7.000,1.0,1,1.0
155,38,546.000,150.000,7.000,7.000,1.0,1,1.0
156,38,545.000,148.000,6.000,7.000,1.0,1,1.0
157,38,543.000,146.000,6.000,7.000,1.0,1,1.0
158,38,542.000,144.000,6.000,7.000,1.0,1,1.0
159,38,541.000,143.000,6.000,7.000,1.0,1,1.0
160,38,540.000,140.000,5.000,8.000,1.0,1,1.0
161,38,539.000,138.000,6.000,8.000,1.0,1,1.0
162,38,538.000,136.000,6.000,8.000,1.0,1,1.0
163,38,538.000,133.000,5.000,8.000,1.0,1,1.0
164,38,538.000,129.000,5.000,9.000,1.0,1,1.0
165,38,538.000,126.000,5.000,9.000,1.0,1,1.0
166,38,538.000,123.000,5.000,9.000,1.0,1,1.0
167,38,538.000,120.000,5.000,10.000,1.0,1,1.0
168,38,539.000,117.000,4.000,9.000,1.0,1,1.0
169,38,539.000,114.000,4.000,9.000,1.0,1,1.0
170,38,539.000,111.000,4.000,9.000,1.0,1,1.0
171,38,539.000,108.000,5.000,9.000,1.0,1,1.0
172,38,539.000,105.000,5.000,9.000,1.0,1,1.0
173,38,540.000,102.000,5.000,9.000,1.0,1,1.0
174,38,540.000,99.000,5.000,9.000,1.0,1,1.0
175,38,541.000,97.000,5.000,9.000,1.0,1,1.0
176,38,542.000,94.000,5.000,9.000,1.0,1,1.0
177,38,542.000,91.000,6.000,9.000,1.0,1,1.0
178,38,544.000,89.000,5.000,8.000,1.0,1,1.0
179,38,544.000,86.000,6.000,8.000,1.0,1,1.0
180,38,545.000,83.000,6.000,9.000,1.0,1,1.0
181,38,546.000,81.000,6.000,8.000,1.0,1,1.0
182,38,548.000,78.000,6.000,9.000,1.0,1,1.0
183,38,549.000,76.000,6.000,8.000,1.0,1,1.0
184,38,550.000,74.000,7.000,8.000,1.0,1,1.0
185,38,552.000,73.000,7.000,7.000,1.0,1,1.0
186,38,554.000,71.000,8.000,7.000,1.0,1,1.0
187,38,556.000,70.000,8.000,7.000,1.0,1,1.0
188,38,558.000,68.000,7.000,7.000,1.0,1,1.0
189,38,559.000,65.000,7.000,8.000,1.0,1,1.0
190,38,561.000,62.000,6.000,9.000,1.0,1,1.0
191,38,562.000,59.000,5.000,9.000,1.0,1,1.0
192,38,562.000,56.000,5.000,10.000,1.0,1,1.0
193,38,562.000,54.000,5.000,9.000,1.0,1,1.0
194,38,562.000,51.000,5.000,9.000,1.0,1,1.0
195,38,563.000,48.000,5.000,9.000,1.0,1,1.0
196,38,563.000,45.000,5.000,9.000,1.0,1,1.0
197,38,563.000,42.000,5.000,9.000,1.0,1,1.0
198,38,563.000,39.000,5.000,9.000,1.0,1,1.0
199,38,564.000,37.000,6.000,9.000,1.0,1,1.0
200,38,565.000,35.000,5.000,9.000,1.0,1,1.0
201,38,565.000,32.000,5.000,11.000,1.0,1,1.0
202,38,566.000,30.000,5.000,10.000,1.0,1,1.0
203,38,566.000,30.000,5.000,8.000,1.0,1,1.0
204,38,566.000,30.000,6.000,5.000,1.0,1,1.0
221,38,603.000,28.000,7.000,6.000,1.0,1,1.0
222,38,604.000,28.000,7.000,7.000,1.0,1,1.0
223,38,604.000,27.000,6.000,8.000,1.0,1,1.0
224,38,604.000,27.000,7.000,8.000,1.0,1,1.0
225,38,604.000,27.000,7.000,8.000,1.0,1,1.0
226,38,603.000,27.000,8.000,8.000,1.0,1,1.0
227,38,603.000,27.000,8.000,8.000,1.0,1,1.0
228,38,603.000,27.000,8.000,8.000,1.0,1,1.0
229,38,604.000,27.000,7.000,9.000,1.0,1,1.0
1,6,35.000,389.000,7.000,8.000,1.0,1,1.0
2,6,35.000,388.000,7.000,9.000,1.0,1,1.0
3,6,34.000,386.000,7.000,8.000,1.0,1,1.0
4,6,35.000,384.000,6.000,9.000,1.0,1,1.0
5,6,34.000,381.000,6.000,9.000,1.0,1,1.0
6,6,33.000,377.000,5.000,9.000,1.0,1,1.0
7,6,33.000,373.000,6.000,11.000,1.0,1,1.0
8,6,33.000,372.000,6.000,10.000,1.0,1,1.0
9,6,33.000,371.000,5.000,9.000,1.0,1,1.0
10,6,33.000,371.000,5.000,10.000,1.0,1,1.0
11,6,33.000,371.000,5.000,10.000,1.0,1,1.0
12,6,32.000,370.000,5.000,9.000,1.0,1,1.0
13,6,31.000,337.000,8.000,10.000,1.0,1,1.0
14,6,28.000,325.000,5.000,8.000,1.0,1,1.0
15,6,28.000,324.000,5.000,8.000,1.0,1,1.0
16,6,29.000,321.000,4.000,10.000,1.0,1,1.0
17,6,29.000,317.000,5.000,10.000,1.0,1,1.0
18,6,30.000,313.000,5.000,10.000,1.0,1,1.0
19,6,31.000,311.000,7.000,8.000,1.0,1,1.0
20,6,34.000,310.000,8.000,7.000,1.0,1,1.0
21,6,37.000,308.000,7.000,7.000,1.0,1,1.0
22,6,38.000,305.000,8.000,7.000,1.0,1,1.0
23,6,39.000,301.000,6.000,9.000,1.0,1,1.0
24,6,39.000,297.000,6.000,9.000,1.0,1,1.0
25,6,40.000,294.000,5.000,9.000,1.0,1,1.0
26,6,40.000,290.000,5.000,9.000,1.0,1,1.0
27,6,40.000,288.000,5.000,9.000,1.0,1,1.0
28,6,41.000,287.000,5.000,9.000,1.0,1,1.0
29,6,42.000,285.000,5.000,9.000,1.0,1,1.0
30,6,43.000,283.000,5.000,9.000,1.0,1,1.0
31,6,44.000,280.000,5.000,9.000,1.0,1,1.0
32,6,46.000,276.000,5.000,9.000,1.0,1,1.0
33,6,46.000,273.000,7.000,9.000,1.0,1,1.0
34,6,48.000,271.000,7.000,8.000,1.0,1,1.0
35,6,50.000,269.000,8.000,7.000,1.0,1,1.0
36,6,53.000,267.000,8.000,7.000,1.0,1,1.0
37,6,56.000,265.000,8.000,6.000,1.0,1,1.0
38,6,58.000,262.000,7.000,7.000,1.0,1,1.0
39,6,59.000,259.000,7.000,7.000,1.0,1,1.0
40,6,62.000,255.000,6.000,8.000,1.0,1,1.0
41,6,64.000,251.000,6.000,8.000,1.0,1,1.0
42,6,66.000,247.000,6.000,8.000,1.0,1,1.0
43,6,67.000,243.000,5.000,8.000,1.0,1,1.0
44,6,68.000,239.000,5.000,9.000,1.0,1,1.0
45,6,69.000,235.000,5.000,9.000,1.0,1,1.0
46,6,70.000,231.000,4.000,9.000,1.0,1,1.0
47,6,70.000,227.000,5.000,10.000,1.0,1,1.0
48,6,71.000,224.000,4.000,9.000,1.0,1,1.0
49,6,71.000,220.000,4.000,9.000,1.0,1,1.0
50,6,71.000,216.000,4.000,10.000,1.0,1,1.0
51,6,71.000,212.000,4.000,10.000,1.0,1,1.0
52,6,71.000,209.000,4.000,9.000,1.0,1,1.0
53,6,71.000,205.000,4.000,9.000,1.0,1,1.0
54,6,71.000,201.000,4.000,9.000,1.0,1,1.0
55,6,70.000,197.000,5.000,9.000,1.0,1,1.0
56,6,70.000,193.000,5.000,10.000,1.0,1,1.0
57,6,70.000,189.000,4.000,10.000,1.0,1,1.0
58,6,70.000,186.000,4.000,10.000,1.0,1,1.0
59,6,70.000,184.000,5.000,9.000,1.0,1,1.0
60,6,70.000,181.000,4.000,9.000,1.0,1,1.0
61,6,70.000,178.000,4.000,9.000,1.0,1,1.0
62,6,70.000,174.000,4.000,10.000,1.0,1,1.0
63,6,70.000,173.000,5.000,9.000,1.0,1,1.0
64,6,71.000,171.000,4.000,10.000,1.0,1,1.0
65,6,70.000,170.000,5.000,10.000,1.0,1,1.0
66,6,71.000,170.000,4.000,9.000,1.0,1,1.0
67,6,71.000,169.000,4.000,10.000,1.0,1,1.0
68,6,71.000,169.000,4.000,10.000,1.0,1,1.0
69,6,71.000,168.000,4.000,11.000,1.0,1,1.0
70,6,67.000,163.000,5.000,9.000,1.0,1,1.0
96,6,51.000,40.000,7.000,7.000,1.0,1,1.0
97,6,50.000,39.000,10.000,5.000,1.0,1,1.0
98,6,50.000,38.000,10.000,6.000,1.0,1,1.0
99,6,50.000,38.000,9.000,6.000,1.0,1,1.0
100,6,50.000,38.000,9.000,6.000,1.0,1,1.0
101,6,51.000,37.000,7.000,7.000,1.0,1,1.0
102,6,51.000,33.000,5.000,10.000,1.0,1,1.0
103,6,49.000,29.000,6.000,10.000,1.0,1,1.0
104,6,48.000,28.000,6.000,9.000,1.0,1,1.0
1,35,545.000,396.000,8.000,5.000,1.0,1,1.0
2,35,545.000,396.000,8.000,5.000,1.0,1,1.0
3,35,544.000,396.000,9.000,5.000,1.0,1,1.0
4,35,545.000,396.000,8.000,5.000,1.0,1,1.0
5,35,545.000,393.000,9.000,8.000,1.0,1,1.0
6,35,546.000,393.000,7.000,8.000,1.0,1,1.0
7,35,546.000,392.000,8.000,9.000,1.0,1,1.0
8,35,546.000,393.000,6.000,8.000,1.0,1,1.0
9,35,546.000,393.000,6.000,8.000,1.0,1,1.0
10,35,545.000,393.000,7.000,8.000,1.0,1,1.0
11,35,545.000,393.000,7.000,7.000,1.0,1,1.0
12,35,545.000,393.000,8.000,8.000,1.0,1,1.0
13,35,549.000,395.000,8.000,5.000,1.0,1,1.0
14,35,550.000,395.000,8.000,4.000,1.0,1,1.0
15,35,551.000,395.000,7.000,5.000,1.0,1,1.0
16,35,552.000,394.000,8.000,6.000,1.0,1,1.0
17,35,552.000,394.000,7.000,6.000,1.0,1,1.0
18,35,551.000,394.000,8.000,6.000,1.0,1,1.0
19,35,552.000,394.000,7.000,6.000,1.0,1,1.0
20,35,551.000,394.000,8.000,6.000,1.0,1,1.0
21,35,551.000,394.000,8.000,6.000,1.0,1,1.0
22,35,551.000,394.000,8.000,6.000,1.0,1,1.0
23,35,551.000,394.000,8.000,6.000,1.0,1,1.0
24,35,551.000,394.000,8.000,6.000,1.0,1,1.0
25,35,551.000,395.000,8.000,6.000,1.0,1,1.0
26,35,552.000,395.000,7.000,5.000,1.0,1,1.0
27,35,551.000,395.000,8.000,5.000,1.0,1,1.0
28,35,552.000,394.000,7.000,6.000,1.0,1,1.0
29,35,552.000,394.000,8.000,6.000,1.0,1,1.0
30,35,552.000,394.000,8.000,6.000,1.0,1,1.0
31,35,552.000,394.000,8.000,7.000,1.0,1,1.0
32,35,552.000,394.000,8.000,7.000,1.0,1,1.0
33,35,552.000,394.000,8.000,7.000,1.0,1,1.0
34,35,552.000,394.000,8.000,7.000,1.0,1,1.0
35,35,552.000,394.000,8.000,7.000,1.0,1,1.0
36,35,552.000,394.000,8.000,7.000,1.0,1,1.0
37,35,552.000,395.000,8.000,6.000,1.0,1,1.0
38,35,552.000,395.000,8.000,6.000,1.0,1,1.0
39,35,552.000,394.000,8.000,8.000,1.0,1,1.0
40,35,552.000,395.000,8.000,7.000,1.0,1,1.0
41,35,552.000,395.000,8.000,7.000,1.0,1,1.0
42,35,552.000,395.000,8.000,7.000,1.0,1,1.0
43,35,552.000,395.000,8.000,7.000,1.0,1,1.0
44,35,552.000,395.000,8.000,7.000,1.0,1,1.0
45,35,552.000,395.000,8.000,7.000,1.0,1,1.0
46,35,552.000,395.000,8.000,7.000,1.0,1,1.0
47,35,552.000,395.000,8.000,7.000,1.0,1,1.0
48,35,552.000,395.000,8.000,7.000,1.0,1,1.0
49,35,552.000,395.000,8.000,7.000,1.0,1,1.0
50,35,552.000,395.000,8.000,7.000,1.0,1,1.0
51,35,552.000,395.000,8.000,7.000,1.0,1,1.0
52,35,553.000,395.000,7.000,7.000,1.0,1,1.0
53,35,553.000,395.000,7.000,7.000,1.0,1,1.0
54,35,553.000,395.000,7.000,7.000,1.0,1,1.0
55,35,553.000,395.000,7.000,7.000,1.0,1,1.0
56,35,553.000,395.000,7.000,7.000,1.0,1,1.0
57,35,553.000,395.000,7.000,7.000,1.0,1,1.0
58,35,552.000,395.000,8.000,7.000,1.0,1,1.0
59,35,552.000,395.000,8.000,7.000,1.0,1,1.0
60,35,552.000,395.000,8.000,7.000,1.0,1,1.0
61,35,552.000,395.000,8.000,7.000,1.0,1,1.0
62,35,552.000,395.000,8.000,7.000,1.0,1,1.0
63,35,552.000,395.000,8.000,7.000,1.0,1,1.0
64,35,552.000,395.000,8.000,7.000,1.0,1,1.0
65,35,552.000,395.000,8.000,7.000,1.0,1,1.0
66,35,552.000,395.000,8.000,7.000,1.0,1,1.0
67,35,552.000,395.000,8.000,7.000,1.0,1,1.0
68,35,552.000,395.000,8.000,7.000,1.0,1,1.0
69,35,552.000,395.000,8.000,6.000,1.0,1,1.0
70,35,552.000,395.000,9.000,6.000,1.0,1,1.0
71,35,552.000,395.000,9.000,6.000,1.0,1,1.0
72,35,552.000,395.000,9.000,6.000,1.0,1,1.0
73,35,552.000,395.000,8.000,7.000,1.0,1,1.0
74,35,552.000,395.000,8.000,7.000,1.0,1,1.0
75,35,552.000,395.000,8.000,7.000,1.0,1,1.0
76,35,552.000,395.000,8.000,7.000,1.0,1,1.0
77,35,552.000,395.000,8.000,7.000,1.0,1,1.0
78,35,552.000,395.000,8.000,7.000,1.0,1,1.0
79,35,552.000,395.000,8.000,7.000,1.0,1,1.0
80,35,552.000,395.000,8.000,7.000,1.0,1,1.0
81,35,552.000,395.000,8.000,7.000,1.0,1,1.0
82,35,552.000,395.000,8.000,7.000,1.0,1,1.0
83,35,552.000,395.000,8.000,7.000,1.0,1,1.0
84,35,552.000,395.000,8.000,7.000,1.0,1,1.0
85,35,552.000,395.000,8.000,7.000,1.0,1,1.0
86,35,552.000,395.000,8.000,7.000,1.0,1,1.0
87,35,552.000,395.000,8.000,7.000,1.0,1,1.0
88,35,552.000,395.000,8.000,7.000,1.0,1,1.0
89,35,552.000,395.000,8.000,7.000,1.0,1,1.0
90,35,552.000,395.000,8.000,7.000,1.0,1,1.0
91,35,552.000,395.000,8.000,7.000,1.0,1,1.0
92,35,552.000,395.000,8.000,7.000,1.0,1,1.0
93,35,552.000,396.000,8.000,7.000,1.0,1,1.0
94,35,552.000,396.000,8.000,7.000,1.0,1,1.0
95,35,552.000,396.000,8.000,7.000,1.0,1,1.0
96,35,552.000,396.000,8.000,7.000,1.0,1,1.0
97,35,552.000,395.000,8.000,7.000,1.0,1,1.0
98,35,552.000,395.000,8.000,7.000,1.0,1,1.0
99,35,552.000,395.000,8.000,7.000,1.0,1,1.0
100,35,551.000,395.000,9.000,7.000,1.0,1,1.0
101,35,551.000,395.000,9.000,7.000,1.0,1,1.0
102,35,552.000,395.000,8.000,7.000,1.0,1,1.0
103,35,552.000,395.000,8.000,7.000,1.0,1,1.0
104,35,551.000,395.000,9.000,7.000,1.0,1,1.0
105,35,552.000,395.000,8.000,7.000,1.0,1,1.0
106,35,551.000,395.000,9.000,7.000,1.0,1,1.0
107,35,551.000,395.000,9.000,7.000,1.0,1,1.0
108,35,551.000,395.000,9.000,7.000,1.0,1,1.0
109,35,551.000,395.000,9.000,7.000,1.0,1,1.0
110,35,552.000,395.000,8.000,7.000,1.0,1,1.0
111,35,552.000,394.000,8.000,8.000,1.0,1,1.0
112,35,552.000,394.000,8.000,8.000,1.0,1,1.0
113,35,552.000,395.000,8.000,7.000,1.0,1,1.0
114,35,551.000,395.000,9.000,7.000,1.0,1,1.0
115,35,551.000,395.000,9.000,7.000,1.0,1,1.0
116,35,551.000,395.000,9.000,7.000,1.0,1,1.0
117,35,551.000,395.000,9.000,7.000,1.0,1,1.0
118,35,552.000,395.000,8.000,7.000,1.0,1,1.0
119,35,551.000,395.000,9.000,7.000,1.0,1,1.0
120,35,552.000,395.000,8.000,7.000,1.0,1,1.0
121,35,551.000,395.000,9.000,7.000,1.0,1,1.0
122,35,551.000,395.000,9.000,7.000,1.0,1,1.0
123,35,552.000,394.000,8.000,8.000,1.0,1,1.0
124,35,551.000,394.000,9.000,8.000,1.0,1,1.0
125,35,551.000,395.000,9.000,7.000,1.0,1,1.0
126,35,552.000,394.000,8.000,8.000,1.0,1,1.0
127,35,552.000,394.000,8.000,8.000,1.0,1,1.0
128,35,552.000,395.000,8.000,7.000,1.0,1,1.0
129,35,552.000,394.000,9.000,7.000,1.0,1,1.0
130,35,553.000,394.000,8.000,8.000,1.0,1,1.0
131,35,552.000,394.000,9.000,8.000,1.0,1,1.0
132,35,553.000,394.000,8.000,8.000,1.0,1,1.0
133,35,553.000,394.000,8.000,8.000,1.0,1,1.0
134,35,553.000,394.000,8.000,7.000,1.0,1,1.0
135,35,553.000,394.000,8.000,8.000,1.0,1,1.0
136,35,553.000,393.000,8.000,9.000,1.0,1,1.0
137,35,553.000,393.000,8.000,9.000,1.0,1,1.0
138,35,552.000,394.000,9.000,8.000,1.0,1,1.0
139,35,552.000,394.000,9.000,8.000,1.0,1,1.0
140,35,553.000,393.000,8.000,9.000,1.0,1,1.0
141,35,552.000,394.000,9.000,8.000,1.0,1,1.0
142,35,552.000,394.000,9.000,8.000,1.0,1,1.0
143,35,552.000,394.000,9.000,8.000,1.0,1,1.0
144,35,553.000,393.000,8.000,9.000,1.0,1,1.0
145,35,552.000,395.000,9.000,7.000,1.0,1,1.0
146,35,552.000,394.000,9.000,8.000,1.0,1,1.0
147,35,552.000,394.000,9.000,8.000,1.0,1,1.0
148,35,552.000,394.000,9.000,8.000,1.0,1,1.0
149,35,553.000,394.000,8.000,8.000,1.0,1,1.0
150,35,553.000,393.000,9.000,6.000,1.0,1,1.0
151,35,554.000,393.000,9.000,6.000,1.0,1,1.0
152,35,555.000,393.000,9.000,5.000,1.0,1,1.0
153,35,558.000,392.000,7.000,6.000,1.0,1,1.0
154,35,560.000,391.000,6.000,5.000,1.0,1,1.0
155,35,561.000,390.000,5.000,5.000,1.0,1,1.0
156,35,560.000,390.000,6.000,5.000,1.0,1,1.0
157,35,560.000,390.000,6.000,5.000,1.0,1,1.0
158,35,560.000,390.000,5.000,5.000,1.0,1,1.0
159,35,557.000,391.000,7.000,5.000,1.0,1,1.0
160,35,555.000,391.000,7.000,6.000,1.0,1,1.0
161,35,553.000,392.000,8.000,6.000,1.0,1,1.0
162,35,551.000,393.000,9.000,6.000,1.0,1,1.0
163,35,550.000,392.000,8.000,8.000,1.0,1,1.0
164,35,550.000,393.000,8.000,7.000,1.0,1,1.0
165,35,551.000,392.000,8.000,7.000,1.0,1,1.0
166,35,552.000,393.000,7.000,5.000,1.0,1,1.0
167,35,553.000,393.000,6.000,5.000,1.0,1,1.0
168,35,553.000,393.000,6.000,5.000,1.0,1,1.0
169,35,554.000,393.000,6.000,5.000,1.0,1,1.0
170,35,555.000,393.000,5.000,5.000,1.0,1,1.0
171,35,554.000,392.000,6.000,5.000,1.0,1,1.0
172,35,554.000,392.000,6.000,5.000,1.0,1,1.0
173,35,554.000,392.000,5.000,5.000,1.0,1,1.0
174,35,552.000,392.000,7.000,5.000,1.0,1,1.0
175,35,551.000,392.000,6.000,6.000,1.0,1,1.0
176,35,550.000,392.000,6.000,6.000,1.0,1,1.0
177,35,550.000,392.000,6.000,6.000,1.0,1,1.0
178,35,551.000,392.000,6.000,5.000,1.0,1,1.0
179,35,553.000,392.000,6.000,5.000,1.0,1,1.0
180,35,553.000,392.000,7.000,5.000,1.0,1,1.0
181,35,554.000,391.000,7.000,5.000,1.0,1,1.0
182,35,555.000,391.000,7.000,5.000,1.0,1,1.0
183,35,556.000,392.000,7.000,4.000,1.0,1,1.0
184,35,557.000,392.000,8.000,4.000,1.0,1,1.0
185,35,559.000,392.000,7.000,4.000,1.0,1,1.0
186,35,561.000,392.000,7.000,4.000,1.0,1,1.0
187,35,562.000,392.000,7.000,5.000,1.0,1,1.0
188,35,562.000,392.000,8.000,4.000,1.0,1,1.0
189,35,563.000,392.000,8.000,4.000,1.0,1,1.0
190,35,564.000,392.000,7.000,4.000,1.0,1,1.0
191,35,563.000,392.000,9.000,5.000,1.0,1,1.0
192,35,563.000,391.000,9.000,5.000,1.0,1,1.0
193,35,564.000,391.000,9.000,5.000,1.0,1,1.0
194,35,565.000,391.000,9.000,5.000,1.0,1,1.0
195,35,566.000,391.000,9.000,5.000,1.0,1,1.0
196,35,568.000,392.000,9.000,4.000,1.0,1,1.0
197,35,569.000,392.000,9.000,4.000,1.0,1,1.0
198,35,571.000,392.000,9.000,4.000,1.0,1,1.0
199,35,572.000,392.000,9.000,4.000,1.0,1,1.0
200,35,574.000,392.000,9.000,5.000,1.0,1,1.0
201,35,576.000,392.000,9.000,5.000,1.0,1,1.0
202,35,579.000,393.000,8.000,5.000,1.0,1,1.0
203,35,578.000,393.000,8.000,5.000,1.0,1,1.0
204,35,579.000,393.000,7.000,5.000,1.0,1,1.0
205,35,579.000,393.000,7.000,5.000,1.0,1,1.0
206,35,579.000,393.000,8.000,5.000,1.0,1,1.0
207,35,580.000,393.000,7.000,5.000,1.0,1,1.0
208,35,581.000,393.000,7.000,6.000,1.0,1,1.0
209,35,581.000,393.000,8.000,7.000,1.0,1,1.0
210,35,582.000,393.000,7.000,6.000,1.0,1,1.0
211,35,583.000,393.000,7.000,6.000,1.0,1,1.0
212,35,584.000,393.000,6.000,6.000,1.0,1,1.0
213,35,584.000,394.000,7.000,6.000,1.0,1,1.0
214,35,585.000,395.000,7.000,5.000,1.0,1,1.0
215,35,586.000,395.000,7.000,5.000,1.0,1,1.0
216,35,587.000,395.000,7.000,5.000,1.0,1,1.0
217,35,588.000,394.000,6.000,6.000,1.0,1,1.0
218,35,588.000,394.000,6.000,5.000,1.0,1,1.0
219,35,588.000,394.000,6.000,5.000,1.0,1,1.0
220,35,586.000,395.000,6.000,5.000,1.0,1,1.0
221,35,584.000,395.000,7.000,5.000,1.0,1,1.0
222,35,583.000,395.000,6.000,5.000,1.0,1,1.0
223,35,583.000,395.000,6.000,5.000,1.0,1,1.0
224,35,583.000,395.000,6.000,5.000,1.0,1,1.0
225,35,583.000,395.000,6.000,5.000,1.0,1,1.0
226,35,583.000,395.000,6.000,5.000,1.0,1,1.0
227,35,583.000,395.000,6.000,5.000,1.0,1,1.0
228,35,583.000,395.000,6.000,5.000,1.0,1,1.0
229,35,583.000,395.000,6.000,5.000,1.0,1,1.0
230,35,583.000,395.000,6.000,5.000,1.0,1,1.0
231,35,583.000,395.000,6.000,5.000,1.0,1,1.0
232,35,582.000,395.000,7.000,5.000,1.0,1,1.0
233,35,582.000,395.000,7.000,5.000,1.0,1,1.0
234,35,582.000,395.000,7.000,5.000,1.0,1,1.0
235,35,582.000,395.000,7.000,5.000,1.0,1,1.0
236,35,582.000,395.000,7.000,5.000,1.0,1,1.0
237,35,582.000,395.000,7.000,5.000,1.0,1,1.0
238,35,582.000,395.000,7.000,5.000,1.0,1,1.0
239,35,582.000,395.000,7.000,5.000,1.0,1,1.0
240,35,582.000,395.000,7.000,5.000,1.0,1,1.0
241,35,582.000,395.000,7.000,5.000,1.0,1,1.0
242,35,582.000,395.000,7.000,5.000,1.0,1,1.0
243,35,582.000,395.000,7.000,5.000,1.0,1,1.0
244,35,582.000,395.000,7.000,5.000,1.0,1,1.0
245,35,582.000,395.000,7.000,5.000,1.0,1,1.0
246,35,582.000,395.000,7.000,5.000,1.0,1,1.0
247,35,582.000,395.000,7.000,5.000,1.0,1,1.0
248,35,582.000,395.000,7.000,5.000,1.0,1,1.0
249,35,582.000,395.000,7.000,5.000,1.0,1,1.0
250,35,582.000,395.000,7.000,5.000,1.0,1,1.0
251,35,582.000,395.000,7.000,5.000,1.0,1,1.0
252,35,582.000,395.000,7.000,5.000,1.0,1,1.0
253,35,582.000,395.000,7.000,5.000,1.0,1,1.0
254,35,582.000,395.000,7.000,5.000,1.0,1,1.0
255,35,582.000,395.000,7.000,5.000,1.0,1,1.0
256,35,582.000,395.000,7.000,5.000,1.0,1,1.0
257,35,582.000,395.000,7.000,5.000,1.0,1,1.0
258,35,582.000,395.000,7.000,5.000,1.0,1,1.0
259,35,582.000,395.000,7.000,5.000,1.0,1,1.0
260,35,582.000,395.000,7.000,5.000,1.0,1,1.0
261,35,582.000,395.000,7.000,5.000,1.0,1,1.0
262,35,582.000,395.000,7.000,5.000,1.0,1,1.0
263,35,582.000,395.000,7.000,5.000,1.0,1,1.0
264,35,582.000,395.000,7.000,5.000,1.0,1,1.0
265,35,582.000,395.000,7.000,5.000,1.0,1,1.0
266,35,582.000,395.000,7.000,5.000,1.0,1,1.0
267,35,582.000,395.000,7.000,5.000,1.0,1,1.0
268,35,581.000,395.000,7.000,5.000,1.0,1,1.0
269,35,580.000,395.000,8.000,5.000,1.0,1,1.0
270,35,580.000,395.000,7.000,5.000,1.0,1,1.0
271,35,579.000,395.000,8.000,5.000,1.0,1,1.0
272,35,578.000,395.000,8.000,4.000,1.0,1,1.0
273,35,578.000,395.000,8.000,4.000,1.0,1,1.0
274,35,578.000,395.000,7.000,5.000,1.0,1,1.0
275,35,578.000,395.000,7.000,4.000,1.0,1,1.0
276,35,578.000,395.000,7.000,4.000,1.0,1,1.0
277,35,578.000,395.000,7.000,4.000,1.0,1,1.0
278,35,578.000,395.000,7.000,4.000,1.0,1,1.0
279,35,578.000,395.000,7.000,4.000,1.0,1,1.0
280,35,578.000,395.000,7.000,4.000,1.0,1,1.0
281,35,578.000,395.000,7.000,4.000,1.0,1,1.0
282,35,578.000,395.000,7.000,4.000,1.0,1,1.0
283,35,578.000,395.000,7.000,5.000,1.0,1,1.0
284,35,578.000,395.000,7.000,5.000,1.0,1,1.0
285,35,578.000,395.000,7.000,5.000,1.0,1,1.0
286,35,578.000,395.000,7.000,4.000,1.0,1,1.0
287,35,578.000,395.000,7.000,5.000,1.0,1,1.0
288,35,578.000,395.000,7.000,5.000,1.0,1,1.0
289,35,578.000,395.000,7.000,5.000,1.0,1,1.0
290,35,578.000,395.000,7.000,5.000,1.0,1,1.0
291,35,578.000,395.000,7.000,5.000,1.0,1,1.0
292,35,578.000,395.000,7.000,5.000,1.0,1,1.0
293,35,578.000,395.000,7.000,5.000,1.0,1,1.0
294,35,578.000,395.000,7.000,5.000,1.0,1,1.0
295,35,578.000,395.000,7.000,5.000,1.0,1,1.0
296,35,578.000,395.000,7.000,5.000,1.0,1,1.0
297,35,578.000,395.000,7.000,5.000,1.0,1,1.0
298,35,578.000,395.000,7.000,5.000,1.0,1,1.0
299,35,578.000,395.000,7.000,5.000,1.0,1,1.0
300,35,578.000,395.000,8.000,5.000,1.0,1,1.0
301,35,578.000,395.000,8.000,5.000,1.0,1,1.0
302,35,578.000,396.000,8.000,4.000,1.0,1,1.0
303,35,578.000,396.000,8.000,4.000,1.0,1,1.0
304,35,578.000,396.000,8.000,4.000,1.0,1,1.0
305,35,578.000,396.000,8.000,4.000,1.0,1,1.0
306,35,578.000,396.000,8.000,4.000,1.0,1,1.0
307,35,578.000,396.000,8.000,4.000,1.0,1,1.0
308,35,578.000,396.000,7.000,4.000,1.0,1,1.0
309,35,578.000,396.000,7.000,4.000,1.0,1,1.0
310,35,578.000,396.000,7.000,4.000,1.0,1,1.0
311,35,578.000,396.000,7.000,4.000,1.0,1,1.0
312,35,578.000,396.000,7.000,4.000,1.0,1,1.0
313,35,578.000,396.000,7.000,4.000,1.0,1,1.0
314,35,578.000,396.000,7.000,4.000,1.0,1,1.0
315,35,578.000,395.000,7.000,5.000,1.0,1,1.0
316,35,578.000,395.000,7.000,5.000,1.0,1,1.0
317,35,578.000,395.000,7.000,5.000,1.0,1,1.0
318,35,578.000,395.000,7.000,5.000,1.0,1,1.0
319,35,578.000,396.000,7.000,4.000,1.0,1,1.0
320,35,578.000,396.000,7.000,4.000,1.0,1,1.0
321,35,578.000,395.000,8.000,5.000,1.0,1,1.0
322,35,578.000,395.000,8.000,5.000,1.0,1,1.0
323,35,578.000,395.000,7.000,5.000,1.0,1,1.0
324,35,578.000,395.000,8.000,5.000,1.0,1,1.0
1,37,538.000,367.000,6.000,8.000,1.0,1,1.0
2,37,539.000,367.000,5.000,9.000,1.0,1,1.0
3,37,538.000,367.000,5.000,9.000,1.0,1,1.0
4,37,538.000,367.000,6.000,9.000,1.0,1,1.0
5,37,538.000,365.000,5.000,9.000,1.0,1,1.0
6,37,538.000,364.000,5.000,9.000,1.0,1,1.0
7,37,539.000,361.000,5.000,9.000,1.0,1,1.0
8,37,539.000,360.000,5.000,9.000,1.0,1,1.0
9,37,539.000,359.000,5.000,9.000,1.0,1,1.0
10,37,539.000,357.000,5.000,9.000,1.0,1,1.0
11,37,539.000,354.000,5.000,9.000,1.0,1,1.0
12,37,539.000,351.000,4.000,9.000,1.0,1,1.0
13,37,539.000,348.000,5.000,9.000,1.0,1,1.0
14,37,539.000,346.000,4.000,9.000,1.0,1,1.0
15,37,539.000,345.000,4.000,9.000,1.0,1,1.0
16,37,539.000,344.000,4.000,9.000,1.0,1,1.0
17,37,539.000,344.000,4.000,9.000,1.0,1,1.0
18,37,539.000,344.000,4.000,9.000,1.0,1,1.0
19,37,538.000,344.000,5.000,9.000,1.0,1,1.0
20,37,538.000,344.000,5.000,9.000,1.0,1,1.0
21,37,538.000,344.000,5.000,9.000,1.0,1,1.0
22,37,538.000,344.000,5.000,9.000,1.0,1,1.0
23,37,538.000,344.000,5.000,9.000,1.0,1,1.0
24,37,538.000,343.000,5.000,9.000,1.0,1,1.0
25,37,538.000,341.000,5.000,9.000,1.0,1,1.0
26,37,538.000,339.000,5.000,9.000,1.0,1,1.0
27,37,538.000,336.000,5.000,9.000,1.0,1,1.0
28,37,538.000,334.000,5.000,9.000,1.0,1,1.0
29,37,538.000,331.000,5.000,9.000,1.0,1,1.0
30,37,538.000,328.000,5.000,8.000,1.0,1,1.0
31,37,538.000,324.000,5.000,9.000,1.0,1,1.0
32,37,539.000,321.000,4.000,10.000,1.0,1,1.0
33,37,539.000,319.000,5.000,9.000,1.0,1,1.0
34,37,539.000,316.000,5.000,9.000,1.0,1,1.0
35,37,540.000,314.000,4.000,9.000,1.0,1,1.0
36,37,540.000,311.000,5.000,9.000,1.0,1,1.0
37,37,541.000,308.000,6.000,8.000,1.0,1,1.0
38,37,542.000,305.000,5.000,9.000,1.0,1,1.0
39,37,542.000,304.000,6.000,9.000,1.0,1,1.0
40,37,543.000,303.000,5.000,9.000,1.0,1,1.0
41,37,543.000,303.000,5.000,9.000,1.0,1,1.0
42,37,543.000,303.000,5.000,9.000,1.0,1,1.0
43,37,543.000,303.000,5.000,9.000,1.0,1,1.0
44,37,543.000,303.000,5.000,9.000,1.0,1,1.0
45,37,543.000,303.000,5.000,9.000,1.0,1,1.0
46,37,543.000,302.000,5.000,9.000,1.0,1,1.0
47,37,543.000,300.000,5.000,9.000,1.0,1,1.0
48,37,543.000,298.000,5.000,9.000,1.0,1,1.0
49,37,543.000,295.000,5.000,10.000,1.0,1,1.0
50,37,543.000,293.000,5.000,10.000,1.0,1,1.0
51,37,543.000,290.000,5.000,10.000,1.0,1,1.0
52,37,543.000,287.000,5.000,10.000,1.0,1,1.0
53,37,544.000,284.000,4.000,9.000,1.0,1,1.0
54,37,544.000,281.000,4.000,9.000,1.0,1,1.0
55,37,544.000,277.000,4.000,10.000,1.0,1,1.0
56,37,545.000,274.000,4.000,9.000,1.0,1,1.0
57,37,545.000,270.000,5.000,10.000,1.0,1,1.0
58,37,546.000,268.000,5.000,9.000,1.0,1,1.0
59,37,547.000,265.000,5.000,9.000,1.0,1,1.0
60,37,548.000,263.000,5.000,9.000,1.0,1,1.0
61,37,549.000,260.000,6.000,9.000,1.0,1,1.0
62,37,550.000,259.000,5.000,9.000,1.0,1,1.0
63,37,551.000,258.000,5.000,9.000,1.0,1,1.0
64,37,551.000,256.000,6.000,9.000,1.0,1,1.0
65,37,552.000,255.000,6.000,9.000,1.0,1,1.0
66,37,553.000,253.000,6.000,9.000,1.0,1,1.0
67,37,553.000,252.000,6.000,9.000,1.0,1,1.0
68,37,555.000,250.000,5.000,9.000,1.0,1,1.0
69,37,556.000,248.000,5.000,8.000,1.0,1,1.0
70,37,557.000,245.000,5.000,9.000,1.0,1,1.0
71,37,558.000,243.000,5.000,9.000,1.0,1,1.0
72,37,558.000,241.000,6.000,9.000,1.0,1,1.0
73,37,560.000,238.000,5.000,9.000,1.0,1,1.0
74,37,561.000,235.000,5.000,9.000,1.0,1,1.0
75,37,562.000,231.000,5.000,10.000,1.0,1,1.0
76,37,562.000,228.000,6.000,9.000,1.0,1,1.0
77,37,564.000,225.000,5.000,9.000,1.0,1,1.0
78,37,565.000,222.000,5.000,9.000,1.0,1,1.0
79,37,566.000,218.000,6.000,9.000,1.0,1,1.0
80,37,567.000,215.000,6.000,9.000,1.0,1,1.0
81,37,570.000,212.000,5.000,9.000,1.0,1,1.0
82,37,571.000,210.000,6.000,8.000,1.0,1,1.0
83,37,573.000,206.000,6.000,9.000,1.0,1,1.0
84,37,574.000,204.000,6.000,8.000,1.0,1,1.0
85,37,576.000,200.000,6.000,9.000,1.0,1,1.0
86,37,577.000,197.000,6.000,8.000,1.0,1,1.0
87,37,579.000,194.000,5.000,9.000,1.0,1,1.0
88,37,580.000,191.000,5.000,9.000,1.0,1,1.0
89,37,581.000,187.000,5.000,9.000,1.0,1,1.0
90,37,581.000,184.000,6.000,9.000,1.0,1,1.0
91,37,582.000,182.000,6.000,9.000,1.0,1,1.0
92,37,583.000,180.000,5.000,10.000,1.0,1,1.0
93,37,584.000,178.000,5.000,9.000,1.0,1,1.0
94,37,584.000,176.000,5.000,9.000,1.0,1,1.0
95,37,585.000,174.000,5.000,9.000,1.0,1,1.0
96,37,585.000,172.000,5.000,9.000,1.0,1,1.0
97,37,586.000,170.000,4.000,9.000,1.0,1,1.0
98,37,585.000,170.000,5.000,9.000,1.0,1,1.0
99,37,585.000,170.000,5.000,9.000,1.0,1,1.0
100,37,585.000,170.000,5.000,9.000,1.0,1,1.0
101,37,586.000,170.000,4.000,9.000,1.0,1,1.0
102,37,586.000,167.000,4.000,9.000,1.0,1,1.0
103,37,586.000,163.000,5.000,10.000,1.0,1,1.0
104,37,586.000,160.000,5.000,10.000,1.0,1,1.0
105,37,586.000,157.000,5.000,9.000,1.0,1,1.0
106,37,587.000,153.000,4.000,10.000,1.0,1,1.0
107,37,587.000,150.000,5.000,10.000,1.0,1,1.0
108,37,588.000,147.000,4.000,9.000,1.0,1,1.0
109,37,588.000,142.000,4.000,10.000,1.0,1,1.0
110,37,588.000,138.000,5.000,10.000,1.0,1,1.0
111,37,588.000,135.000,5.000,9.000,1.0,1,1.0
112,37,588.000,132.000,5.000,9.000,1.0,1,1.0
113,37,588.000,129.000,5.000,10.000,1.0,1,1.0
114,37,588.000,126.000,5.000,9.000,1.0,1,1.0
115,37,588.000,122.000,5.000,9.000,1.0,1,1.0
116,37,587.000,119.000,5.000,9.000,1.0,1,1.0
117,37,585.000,115.000,6.000,9.000,1.0,1,1.0
118,37,584.000,112.000,6.000,9.000,1.0,1,1.0
119,37,583.000,109.000,5.000,8.000,1.0,1,1.0
120,37,582.000,105.000,5.000,9.000,1.0,1,1.0
121,37,581.000,103.000,5.000,9.000,1.0,1,1.0
122,37,580.000,100.000,5.000,9.000,1.0,1,1.0
123,37,578.000,98.000,6.000,8.000,1.0,1,1.0
124,37,578.000,94.000,6.000,9.000,1.0,1,1.0
125,37,577.000,91.000,5.000,9.000,1.0,1,1.0
126,37,576.000,88.000,6.000,9.000,1.0,1,1.0
127,37,575.000,86.000,6.000,8.000,1.0,1,1.0
128,37,575.000,82.000,5.000,9.000,1.0,1,1.0
129,37,574.000,80.000,5.000,8.000,1.0,1,1.0
130,37,573.000,77.000,5.000,8.000,1.0,1,1.0
131,37,572.000,74.000,5.000,9.000,1.0,1,1.0
132,37,571.000,71.000,5.000,9.000,1.0,1,1.0
133,37,570.000,69.000,5.000,8.000,1.0,1,1.0
134,37,569.000,67.000,5.000,8.000,1.0,1,1.0
135,37,568.000,65.000,6.000,9.000,1.0,1,1.0
136,37,568.000,63.000,6.000,9.000,1.0,1,1.0
137,37,567.000,62.000,6.000,9.000,1.0,1,1.0
138,37,566.000,59.000,6.000,10.000,1.0,1,1.0
139,37,566.000,58.000,7.000,9.000,1.0,1,1.0
140,37,563.000,56.000,8.000,11.000,1.0,1,1.0
141,37,564.000,55.000,7.000,9.000,1.0,1,1.0
142,37,567.000,53.000,5.000,8.000,1.0,1,1.0
143,37,568.000,50.000,6.000,8.000,1.0,1,1.0
144,37,569.000,47.000,6.000,8.000,1.0,1,1.0
145,37,571.000,43.000,6.000,9.000,1.0,1,1.0
146,37,572.000,40.000,6.000,9.000,1.0,1,1.0
147,37,574.000,36.000,5.000,9.000,1.0,1,1.0
148,37,575.000,33.000,6.000,9.000,1.0,1,1.0
149,37,576.000,28.000,5.000,10.000,1.0,1,1.0
150,37,577.000,27.000,5.000,8.000,1.0,1,1.0
1,5,62.000,395.000,9.000,5.000,1.0,1,1.0
2,5,65.000,394.000,8.000,6.000,1.0,1,1.0
3,5,63.000,395.000,9.000,5.000,1.0,1,1.0
4,5,63.000,393.000,8.000,6.000,1.0,1,1.0
5,5,64.000,394.000,8.000,5.000,1.0,1,1.0
6,5,65.000,394.000,8.000,6.000,1.0,1,1.0
7,5,65.000,394.000,9.000,6.000,1.0,1,1.0
8,5,65.000,394.000,7.000,6.000,1.0,1,1.0
9,5,65.000,394.000,6.000,6.000,1.0,1,1.0
10,5,64.000,394.000,6.000,5.000,1.0,1,1.0
11,5,64.000,393.000,6.000,5.000,1.0,1,1.0
12,5,63.000,393.000,6.000,6.000,1.0,1,1.0
13,5,62.000,393.000,5.000,5.000,1.0,1,1.0
14,5,63.000,392.000,5.000,6.000,1.0,1,1.0
15,5,63.000,392.000,5.000,5.000,1.0,1,1.0
16,5,64.000,392.000,5.000,5.000,1.0,1,1.0
17,5,65.000,392.000,5.000,5.000,1.0,1,1.0
18,5,64.000,392.000,6.000,5.000,1.0,1,1.0
19,5,65.000,392.000,5.000,5.000,1.0,1,1.0
20,5,65.000,392.000,5.000,4.000,1.0,1,1.0
21,5,64.000,392.000,6.000,4.000,1.0,1,1.0
22,5,64.000,392.000,5.000,5.000,1.0,1,1.0
23,5,64.000,392.000,6.000,5.000,1.0,1,1.0
24,5,64.000,392.000,5.000,5.000,1.0,1,1.0
25,5,65.000,392.000,5.000,4.000,1.0,1,1.0
26,5,65.000,392.000,5.000,5.000,1.0,1,1.0
27,5,63.000,367.000,5.000,6.000,1.0,1,1.0
28,5,54.000,356.000,7.000,7.000,1.0,1,1.0
29,5,48.000,351.000,4.000,7.000,1.0,1,1.0
30,5,49.000,354.000,5.000,7.000,1.0,1,1.0
31,5,47.000,354.000,5.000,8.000,1.0,1,1.0
32,5,47.000,353.000,6.000,9.000,1.0,1,1.0
33,5,48.000,351.000,5.000,9.000,1.0,1,1.0
34,5,48.000,349.000,5.000,9.000,1.0,1,1.0
35,5,48.000,349.000,5.000,9.000,1.0,1,1.0
36,5,49.000,347.000,6.000,9.000,1.0,1,1.0
37,5,50.000,345.000,6.000,9.000,1.0,1,1.0
38,5,52.000,343.000,5.000,8.000,1.0,1,1.0
39,5,52.000,342.000,6.000,8.000,1.0,1,1.0
40,5,53.000,342.000,5.000,8.000,1.0,1,1.0
41,5,53.000,342.000,5.000,9.000,1.0,1,1.0
42,5,53.000,340.000,5.000,9.000,1.0,1,1.0
43,5,52.000,339.000,6.000,8.000,1.0,1,1.0
44,5,51.000,337.000,6.000,9.000,1.0,1,1.0
45,5,50.000,335.000,6.000,9.000,1.0,1,1.0
46,5,49.000,333.000,6.000,9.000,1.0,1,1.0
47,5,47.000,331.000,6.000,8.000,1.0,1,1.0
48,5,45.000,329.000,7.000,8.000,1.0,1,1.0
49,5,43.000,328.000,7.000,7.000,1.0,1,1.0
50,5,41.000,325.000,7.000,8.000,1.0,1,1.0
51,5,39.000,323.000,6.000,7.000,1.0,1,1.0
52,5,37.000,320.000,6.000,7.000,1.0,1,1.0
53,5,35.000,318.000,6.000,7.000,1.0,1,1.0
54,5,32.000,315.000,7.000,7.000,1.0,1,1.0
55,5,30.000,313.000,6.000,7.000,1.0,1,1.0
56,5,28.000,311.000,6.000,7.000,1.0,1,1.0
57,5,25.000,309.000,7.000,7.000,1.0,1,1.0
58,5,24.000,306.000,6.000,8.000,1.0,1,1.0
59,5,22.000,304.000,6.000,8.000,1.0,1,1.0
60,5,20.000,302.000,6.000,7.000,1.0,1,1.0
61,5,19.000,300.000,7.000,9.000,1.0,1,1.0
62,5,18.000,298.000,6.000,8.000,1.0,1,1.0
63,5,18.000,297.000,5.000,7.000,1.0,1,1.0
64,5,17.000,293.000,5.000,9.000,1.0,1,1.0
65,5,17.000,291.000,4.000,9.000,1.0,1,1.0
66,5,17.000,289.000,4.000,9.000,1.0,1,1.0
67,5,16.000,287.000,4.000,8.000,1.0,1,1.0
68,5,16.000,287.000,4.000,7.000,1.0,1,1.0
69,5,16.000,287.000,4.000,7.000,1.0,1,1.0
81,5,11.000,250.000,4.000,7.000,1.0,1,1.0
84,5,11.000,246.000,4.000,8.000,1.0,1,1.0
88,5,17.000,239.000,4.000,6.000,1.0,1,1.0
89,5,17.000,236.000,4.000,8.000,1.0,1,1.0
90,5,17.000,233.000,4.000,10.000,1.0,1,1.0
91,5,17.000,230.000,5.000,10.000,1.0,1,1.0
92,5,17.000,226.000,4.000,10.000,1.0,1,1.0
93,5,18.000,222.000,4.000,11.000,1.0,1,1.0
94,5,17.000,219.000,4.000,10.000,1.0,1,1.0
95,5,17.000,216.000,4.000,9.000,1.0,1,1.0
96,5,17.000,213.000,4.000,9.000,1.0,1,1.0
105,5,11.000,185.000,4.000,9.000,1.0,1,1.0
107,5,11.000,180.000,5.000,8.000,1.0,1,1.0
108,5,11.000,176.000,5.000,9.000,1.0,1,1.0
109,5,11.000,175.000,5.000,8.000,1.0,1,1.0
110,5,11.000,173.000,5.000,8.000,1.0,1,1.0
111,5,11.000,171.000,5.000,7.000,1.0,1,1.0
122,5,18.000,145.000,4.000,7.000,1.0,1,1.0
123,5,18.000,143.000,4.000,7.000,1.0,1,1.0
124,5,18.000,140.000,5.000,9.000,1.0,1,1.0
125,5,18.000,137.000,5.000,9.000,1.0,1,1.0
126,5,19.000,135.000,5.000,8.000,1.0,1,1.0
127,5,20.000,132.000,6.000,8.000,1.0,1,1.0
128,5,22.000,128.000,5.000,9.000,1.0,1,1.0
129,5,22.000,125.000,7.000,9.000,1.0,1,1.0
130,5,24.000,123.000,6.000,8.000,1.0,1,1.0
131,5,26.000,120.000,6.000,8.000,1.0,1,1.0
132,5,27.000,118.000,7.000,8.000,1.0,1,1.0
133,5,29.000,116.000,7.000,7.000,1.0,1,1.0
134,5,32.000,113.000,6.000,8.000,1.0,1,1.0
135,5,33.000,111.000,7.000,7.000,1.0,1,1.0
136,5,34.000,109.000,7.000,7.000,1.0,1,1.0
137,5,35.000,108.000,6.000,8.000,1.0,1,1.0
138,5,35.000,108.000,6.000,7.000,1.0,1,1.0
139,5,35.000,108.000,6.000,7.000,1.0,1,1.0
140,5,35.000,108.000,6.000,7.000,1.0,1,1.0
141,5,35.000,108.000,6.000,7.000,1.0,1,1.0
142,5,35.000,108.000,6.000,7.000,1.0,1,1.0
143,5,35.000,107.000,6.000,8.000,1.0,1,1.0
144,5,35.000,107.000,6.000,8.000,1.0,1,1.0
145,5,36.000,106.000,5.000,8.000,1.0,1,1.0
146,5,36.000,105.000,6.000,8.000,1.0,1,1.0
147,5,36.000,104.000,6.000,8.000,1.0,1,1.0
148,5,37.000,102.000,6.000,9.000,1.0,1,1.0
149,5,38.000,101.000,6.000,8.000,1.0,1,1.0
150,5,39.000,99.000,6.000,8.000,1.0,1,1.0
151,5,41.000,98.000,8.000,7.000,1.0,1,1.0
152,5,42.000,97.000,8.000,6.000,1.0,1,1.0
153,5,43.000,95.000,9.000,7.000,1.0,1,1.0
154,5,45.000,94.000,8.000,6.000,1.0,1,1.0
155,5,47.000,91.000,8.000,8.000,1.0,1,1.0
156,5,49.000,89.000,7.000,7.000,1.0,1,1.0
157,5,50.000,86.000,7.000,8.000,1.0,1,1.0
158,5,52.000,84.000,7.000,8.000,1.0,1,1.0
159,5,53.000,82.000,7.000,8.000,1.0,1,1.0
160,5,55.000,79.000,7.000,8.000,1.0,1,1.0
161,5,56.000,76.000,6.000,9.000,1.0,1,1.0
162,5,58.000,73.000,6.000,8.000,1.0,1,1.0
163,5,59.000,69.000,5.000,9.000,1.0,1,1.0
164,5,60.000,66.000,5.000,9.000,1.0,1,1.0
165,5,60.000,63.000,6.000,9.000,1.0,1,1.0
166,5,61.000,60.000,6.000,8.000,1.0,1,1.0
167,5,62.000,56.000,5.000,9.000,1.0,1,1.0
168,5,63.000,53.000,5.000,9.000,1.0,1,1.0
169,5,63.000,49.000,5.000,10.000,1.0,1,1.0
170,5,64.000,47.000,5.000,9.000,1.0,1,1.0
171,5,64.000,44.000,5.000,9.000,1.0,1,1.0
172,5,64.000,42.000,5.000,9.000,1.0,1,1.0
173,5,64.000,39.000,6.000,10.000,1.0,1,1.0
174,5,65.000,37.000,5.000,9.000,1.0,1,1.0
175,5,65.000,34.000,5.000,10.000,1.0,1,1.0
176,5,66.000,32.000,4.000,9.000,1.0,1,1.0
177,5,66.000,32.000,5.000,8.000,1.0,1,1.0
178,5,66.000,31.000,5.000,6.000,1.0,1,1.0
1,20,272.000,395.000,9.000,6.000,1.0,1,1.0
2,20,272.000,395.000,9.000,5.000,1.0,1,1.0
3,20,272.000,395.000,8.000,6.000,1.0,1,1.0
4,20,271.000,395.000,8.000,8.000,1.0,1,1.0
5,20,272.000,391.000,8.000,10.000,1.0,1,1.0
6,20,271.000,391.000,8.000,10.000,1.0,1,1.0
7,20,272.000,387.000,7.000,9.000,1.0,1,1.0
8,20,272.000,387.000,6.000,8.000,1.0,1,1.0
9,20,272.000,386.000,6.000,8.000,1.0,1,1.0
10,20,272.000,386.000,6.000,9.000,1.0,1,1.0
11,20,272.000,384.000,6.000,9.000,1.0,1,1.0
12,20,273.000,380.000,5.000,10.000,1.0,1,1.0
13,20,274.000,376.000,5.000,9.000,1.0,1,1.0
14,20,274.000,373.000,5.000,9.000,1.0,1,1.0
15,20,274.000,372.000,5.000,8.000,1.0,1,1.0
16,20,274.000,371.000,5.000,9.000,1.0,1,1.0
17,20,274.000,371.000,5.000,9.000,1.0,1,1.0
18,20,274.000,371.000,5.000,9.000,1.0,1,1.0
19,20,274.000,371.000,5.000,9.000,1.0,1,1.0
20,20,279.000,363.000,9.000,10.000,1.0,1,1.0
21,20,313.000,332.000,7.000,11.000,1.0,1,1.0
22,20,309.000,325.000,7.000,5.000,1.0,1,1.0
23,20,296.000,334.000,5.000,5.000,1.0,1,1.0
24,20,298.000,342.000,6.000,7.000,1.0,1,1.0
25,20,301.000,357.000,6.000,8.000,1.0,1,1.0
26,20,289.000,362.000,6.000,6.000,1.0,1,1.0
27,20,287.000,363.000,5.000,7.000,1.0,1,1.0
28,20,293.000,368.000,5.000,8.000,1.0,1,1.0
29,20,293.000,367.000,5.000,9.000,1.0,1,1.0
30,20,292.000,367.000,6.000,9.000,1.0,1,1.0
31,20,292.000,366.000,6.000,8.000,1.0,1,1.0
32,20,291.000,364.000,5.000,8.000,1.0,1,1.0
33,20,288.000,361.000,7.000,8.000,1.0,1,1.0
34,20,286.000,359.000,7.000,8.000,1.0,1,1.0
35,20,286.000,358.000,6.000,8.000,1.0,1,1.0
36,20,285.000,358.000,6.000,7.000,1.0,1,1.0
37,20,284.000,358.000,7.000,7.000,1.0,1,1.0
38,20,284.000,357.000,7.000,8.000,1.0,1,1.0
39,20,284.000,358.000,7.000,7.000,1.0,1,1.0
40,20,284.000,357.000,7.000,8.000,1.0,1,1.0
41,20,285.000,358.000,6.000,7.000,1.0,1,1.0
42,20,284.000,357.000,7.000,8.000,1.0,1,1.0
43,20,278.000,345.000,9.000,8.000,1.0,1,1.0
44,20,279.000,337.000,7.000,6.000,1.0,1,1.0
45,20,278.000,349.000,6.000,5.000,1.0,1,1.0
46,20,278.000,350.000,5.000,9.000,1.0,1,1.0
47,20,278.000,350.000,5.000,8.000,1.0,1,1.0
48,20,277.000,347.000,5.000,9.000,1.0,1,1.0
49,20,277.000,344.000,5.000,9.000,1.0,1,1.0
50,20,278.000,341.000,4.000,10.000,1.0,1,1.0
51,20,278.000,339.000,4.000,9.000,1.0,1,1.0
52,20,278.000,337.000,4.000,9.000,1.0,1,1.0
53,20,278.000,334.000,5.000,9.000,1.0,1,1.0
54,20,278.000,331.000,5.000,9.000,1.0,1,1.0
55,20,278.000,328.000,5.000,9.000,1.0,1,1.0
56,20,278.000,324.000,5.000,9.000,1.0,1,1.0
57,20,279.000,320.000,5.000,9.000,1.0,1,1.0
58,20,279.000,316.000,5.000,9.000,1.0,1,1.0
59,20,280.000,312.000,5.000,9.000,1.0,1,1.0
60,20,280.000,309.000,5.000,9.000,1.0,1,1.0
61,20,281.000,307.000,5.000,9.000,1.0,1,1.0
62,20,281.000,306.000,5.000,10.000,1.0,1,1.0
63,20,281.000,307.000,5.000,9.000,1.0,1,1.0
64,20,281.000,306.000,5.000,10.000,1.0,1,1.0
65,20,281.000,307.000,5.000,9.000,1.0,1,1.0
66,20,281.000,307.000,5.000,9.000,1.0,1,1.0
67,20,281.000,306.000,5.000,9.000,1.0,1,1.0
68,20,281.000,305.000,5.000,9.000,1.0,1,1.0
69,20,281.000,303.000,5.000,10.000,1.0,1,1.0
70,20,281.000,301.000,6.000,9.000,1.0,1,1.0
71,20,282.000,298.000,5.000,10.000,1.0,1,1.0
72,20,282.000,296.000,6.000,10.000,1.0,1,1.0
73,20,282.000,295.000,5.000,10.000,1.0,1,1.0
74,20,282.000,295.000,5.000,10.000,1.0,1,1.0
75,20,282.000,295.000,5.000,10.000,1.0,1,1.0
76,20,282.000,295.000,5.000,10.000,1.0,1,1.0
77,20,282.000,295.000,5.000,10.000,1.0,1,1.0
78,20,282.000,295.000,6.000,10.000,1.0,1,1.0
79,20,282.000,295.000,6.000,9.000,1.0,1,1.0
80,20,282.000,294.000,6.000,10.000,1.0,1,1.0
81,20,283.000,294.000,5.000,10.000,1.0,1,1.0
82,20,283.000,294.000,5.000,10.000,1.0,1,1.0
83,20,283.000,294.000,5.000,10.000,1.0,1,1.0
84,20,290.000,280.000,8.000,12.000,1.0,1,1.0
85,20,318.000,243.000,8.000,11.000,1.0,1,1.0
86,20,328.000,207.000,6.000,9.000,1.0,1,1.0
87,20,313.000,208.000,7.000,7.000,1.0,1,1.0
88,20,304.000,225.000,7.000,10.000,1.0,1,1.0
89,20,311.000,263.000,9.000,12.000,1.0,1,1.0
90,20,315.000,267.000,5.000,9.000,1.0,1,1.0
91,20,315.000,267.000,4.000,9.000,1.0,1,1.0
92,20,314.000,265.000,5.000,10.000,1.0,1,1.0
93,20,314.000,264.000,5.000,9.000,1.0,1,1.0
94,20,314.000,263.000,4.000,8.000,1.0,1,1.0
95,20,314.000,259.000,4.000,9.000,1.0,1,1.0
96,20,313.000,256.000,4.000,10.000,1.0,1,1.0
97,20,313.000,254.000,4.000,9.000,1.0,1,1.0
98,20,312.000,251.000,5.000,9.000,1.0,1,1.0
99,20,312.000,247.000,5.000,9.000,1.0,1,1.0
100,20,311.000,243.000,5.000,9.000,1.0,1,1.0
101,20,311.000,239.000,5.000,9.000,1.0,1,1.0
102,20,310.000,235.000,5.000,9.000,1.0,1,1.0
103,20,309.000,230.000,5.000,10.000,1.0,1,1.0
104,20,309.000,227.000,5.000,10.000,1.0,1,1.0
105,20,308.000,225.000,5.000,9.000,1.0,1,1.0
106,20,308.000,223.000,5.000,9.000,1.0,1,1.0
107,20,308.000,222.000,5.000,10.000,1.0,1,1.0
108,20,308.000,222.000,5.000,9.000,1.0,1,1.0
109,20,308.000,222.000,5.000,9.000,1.0,1,1.0
110,20,308.000,222.000,5.000,9.000,1.0,1,1.0
111,20,308.000,222.000,5.000,9.000,1.0,1,1.0
112,20,307.000,221.000,5.000,9.000,1.0,1,1.0
113,20,307.000,220.000,5.000,9.000,1.0,1,1.0
114,20,306.000,218.000,5.000,9.000,1.0,1,1.0
115,20,305.000,216.000,5.000,9.000,1.0,1,1.0
116,20,304.000,213.000,5.000,9.000,1.0,1,1.0
117,20,303.000,211.000,5.000,9.000,1.0,1,1.0
118,20,302.000,207.000,5.000,10.000,1.0,1,1.0
119,20,300.000,204.000,6.000,9.000,1.0,1,1.0
120,20,298.000,201.000,6.000,9.000,1.0,1,1.0
121,20,297.000,198.000,6.000,9.000,1.0,1,1.0
122,20,295.000,195.000,6.000,9.000,1.0,1,1.0
123,20,293.000,192.000,6.000,9.000,1.0,1,1.0
124,20,292.000,190.000,6.000,8.000,1.0,1,1.0
125,20,291.000,188.000,6.000,8.000,1.0,1,1.0
126,20,291.000,187.000,6.000,9.000,1.0,1,1.0
127,20,291.000,187.000,6.000,9.000,1.0,1,1.0
128,20,291.000,187.000,6.000,9.000,1.0,1,1.0
129,20,291.000,187.000,6.000,9.000,1.0,1,1.0
130,20,291.000,187.000,6.000,9.000,1.0,1,1.0
131,20,291.000,187.000,6.000,8.000,1.0,1,1.0
132,20,290.000,185.000,6.000,9.000,1.0,1,1.0
133,20,289.000,184.000,6.000,8.000,1.0,1,1.0
134,20,289.000,183.000,6.000,8.000,1.0,1,1.0
135,20,288.000,181.000,6.000,9.000,1.0,1,1.0
136,20,288.000,181.000,6.000,9.000,1.0,1,1.0
137,20,288.000,181.000,6.000,9.000,1.0,1,1.0
138,20,288.000,181.000,6.000,9.000,1.0,1,1.0
139,20,288.000,181.000,6.000,9.000,1.0,1,1.0
140,20,288.000,181.000,6.000,9.000,1.0,1,1.0
141,20,287.000,180.000,6.000,8.000,1.0,1,1.0
142,20,286.000,178.000,6.000,8.000,1.0,1,1.0
143,20,285.000,175.000,6.000,8.000,1.0,1,1.0
144,20,284.000,172.000,6.000,9.000,1.0,1,1.0
145,20,283.000,170.000,6.000,8.000,1.0,1,1.0
146,20,282.000,167.000,6.000,9.000,1.0,1,1.0
147,20,281.000,165.000,6.000,8.000,1.0,1,1.0
148,20,281.000,164.000,5.000,8.000,1.0,1,1.0
149,20,281.000,163.000,5.000,8.000,1.0,1,1.0
150,20,280.000,161.000,6.000,8.000,1.0,1,1.0
151,20,280.000,158.000,5.000,9.000,1.0,1,1.0
152,20,280.000,155.000,5.000,9.000,1.0,1,1.0
153,20,280.000,152.000,5.000,9.000,1.0,1,1.0
154,20,280.000,149.000,6.000,9.000,1.0,1,1.0
155,20,281.000,147.000,5.000,9.000,1.0,1,1.0
156,20,281.000,145.000,5.000,9.000,1.0,1,1.0
157,20,281.000,143.000,5.000,9.000,1.0,1,1.0
158,20,281.000,141.000,5.000,10.000,1.0,1,1.0
159,20,281.000,140.000,5.000,9.000,1.0,1,1.0
160,20,281.000,139.000,6.000,9.000,1.0,1,1.0
161,20,282.000,138.000,5.000,9.000,1.0,1,1.0
162,20,282.000,137.000,5.000,9.000,1.0,1,1.0
163,20,282.000,137.000,5.000,9.000,1.0,1,1.0
164,20,282.000,137.000,5.000,9.000,1.0,1,1.0
165,20,282.000,136.000,5.000,9.000,1.0,1,1.0
166,20,282.000,133.000,5.000,9.000,1.0,1,1.0
167,20,282.000,130.000,6.000,9.000,1.0,1,1.0
168,20,283.000,126.000,5.000,9.000,1.0,1,1.0
169,20,283.000,123.000,5.000,9.000,1.0,1,1.0
170,20,283.000,119.000,5.000,9.000,1.0,1,1.0
171,20,283.000,116.000,6.000,9.000,1.0,1,1.0
172,20,283.000,112.000,5.000,9.000,1.0,1,1.0
173,20,283.000,108.000,5.000,10.000,1.0,1,1.0
174,20,283.000,106.000,5.000,9.000,1.0,1,1.0
175,20,283.000,103.000,5.000,9.000,1.0,1,1.0
176,20,283.000,101.000,5.000,9.000,1.0,1,1.0
177,20,283.000,99.000,5.000,8.000,1.0,1,1.0
178,20,283.000,97.000,5.000,9.000,1.0,1,1.0
179,20,283.000,95.000,5.000,9.000,1.0,1,1.0
180,20,283.000,94.000,5.000,9.000,1.0,1,1.0
181,20,283.000,92.000,5.000,9.000,1.0,1,1.0
182,20,283.000,92.000,5.000,9.000,1.0,1,1.0
183,20,283.000,92.000,5.000,9.000,1.0,1,1.0
184,20,283.000,92.000,5.000,9.000,1.0,1,1.0
185,20,283.000,92.000,5.000,9.000,1.0,1,1.0
186,20,283.000,92.000,5.000,9.000,1.0,1,1.0
187,20,283.000,91.000,5.000,9.000,1.0,1,1.0
188,20,283.000,90.000,5.000,9.000,1.0,1,1.0
189,20,283.000,89.000,5.000,9.000,1.0,1,1.0
190,20,284.000,87.000,5.000,9.000,1.0,1,1.0
191,20,284.000,86.000,5.000,9.000,1.0,1,1.0
192,20,284.000,85.000,5.000,9.000,1.0,1,1.0
193,20,284.000,83.000,5.000,9.000,1.0,1,1.0
194,20,284.000,81.000,5.000,10.000,1.0,1,1.0
195,20,284.000,81.000,5.000,9.000,1.0,1,1.0
196,20,284.000,81.000,5.000,9.000,1.0,1,1.0
197,20,284.000,81.000,5.000,9.000,1.0,1,1.0
198,20,285.000,81.000,4.000,9.000,1.0,1,1.0
199,20,285.000,81.000,4.000,9.000,1.0,1,1.0
200,20,285.000,80.000,5.000,9.000,1.0,1,1.0
201,20,285.000,80.000,5.000,9.000,1.0,1,1.0
202,20,285.000,79.000,5.000,9.000,1.0,1,1.0
207,20,320.000,37.000,6.000,9.000,1.0,1,1.0
208,20,322.000,55.000,5.000,9.000,1.0,1,1.0
209,20,319.000,72.000,6.000,9.000,1.0,1,1.0
211,20,324.000,114.000,5.000,8.000,1.0,1,1.0
212,20,324.000,114.000,6.000,8.000,1.0,1,1.0
213,20,324.000,114.000,6.000,8.000,1.0,1,1.0
214,20,324.000,114.000,6.000,8.000,1.0,1,1.0
215,20,324.000,114.000,6.000,8.000,1.0,1,1.0
216,20,324.000,114.000,6.000,8.000,1.0,1,1.0
217,20,324.000,114.000,6.000,8.000,1.0,1,1.0
218,20,324.000,114.000,6.000,8.000,1.0,1,1.0
219,20,324.000,114.000,6.000,8.000,1.0,1,1.0
220,20,324.000,114.000,6.000,8.000,1.0,1,1.0
221,20,325.000,113.000,5.000,8.000,1.0,1,1.0
222,20,325.000,111.000,5.000,9.000,1.0,1,1.0
223,20,325.000,109.000,6.000,9.000,1.0,1,1.0
224,20,326.000,107.000,5.000,9.000,1.0,1,1.0
225,20,326.000,104.000,6.000,9.000,1.0,1,1.0
226,20,327.000,100.000,6.000,10.000,1.0,1,1.0
227,20,328.000,97.000,5.000,9.000,1.0,1,1.0
228,20,328.000,95.000,6.000,9.000,1.0,1,1.0
229,20,329.000,92.000,5.000,9.000,1.0,1,1.0
230,20,329.000,90.000,5.000,10.000,1.0,1,1.0
231,20,329.000,89.000,5.000,9.000,1.0,1,1.0
232,20,329.000,89.000,6.000,9.000,1.0,1,1.0
233,20,329.000,89.000,6.000,9.000,1.0,1,1.0
234,20,329.000,89.000,6.000,9.000,1.0,1,1.0
235,20,329.000,89.000,6.000,9.000,1.0,1,1.0
236,20,329.000,89.000,5.000,9.000,1.0,1,1.0
237,20,329.000,89.000,5.000,9.000,1.0,1,1.0
238,20,329.000,89.000,6.000,9.000,1.0,1,1.0
239,20,329.000,89.000,6.000,9.000,1.0,1,1.0
240,20,329.000,89.000,6.000,9.000,1.0,1,1.0
241,20,329.000,89.000,6.000,9.000,1.0,1,1.0
242,20,329.000,89.000,6.000,9.000,1.0,1,1.0
243,20,329.000,88.000,6.000,10.000,1.0,1,1.0
244,20,329.000,88.000,6.000,9.000,1.0,1,1.0
245,20,329.000,88.000,6.000,9.000,1.0,1,1.0
246,20,329.000,88.000,6.000,9.000,1.0,1,1.0
247,20,320.000,69.000,8.000,13.000,1.0,1,1.0
248,20,303.000,30.000,10.000,16.000,1.0,1,1.0
1,23,280.000,394.000,8.000,5.000,1.0,1,1.0
2,23,281.000,394.000,6.000,5.000,1.0,1,1.0
3,23,280.000,394.000,8.000,5.000,1.0,1,1.0
4,23,280.000,394.000,8.000,5.000,1.0,1,1.0
5,23,280.000,394.000,7.000,5.000,1.0,1,1.0
6,23,280.000,394.000,7.000,5.000,1.0,1,1.0
7,23,280.000,393.000,9.000,7.000,1.0,1,1.0
8,23,279.000,393.000,9.000,6.000,1.0,1,1.0
9,23,278.000,393.000,9.000,7.000,1.0,1,1.0
10,23,277.000,393.000,9.000,7.000,1.0,1,1.0
15,23,278.000,394.000,5.000,6.000,1.0,1,1.0
16,23,280.000,394.000,5.000,5.000,1.0,1,1.0
17,23,282.000,394.000,6.000,5.000,1.0,1,1.0
18,23,283.000,394.000,7.000,5.000,1.0,1,1.0
19,23,285.000,393.000,8.000,5.000,1.0,1,1.0
20,23,288.000,392.000,8.000,6.000,1.0,1,1.0
21,23,291.000,391.000,7.000,6.000,1.0,1,1.0
22,23,293.000,390.000,8.000,6.000,1.0,1,1.0
23,23,296.000,390.000,8.000,5.000,1.0,1,1.0
24,23,299.000,390.000,8.000,4.000,1.0,1,1.0
25,23,302.000,389.000,8.000,5.000,1.0,1,1.0
26,23,306.000,390.000,8.000,4.000,1.0,1,1.0
27,23,311.000,390.000,8.000,5.000,1.0,1,1.0
28,23,315.000,391.000,7.000,6.000,1.0,1,1.0
29,23,318.000,393.000,9.000,5.000,1.0,1,1.0
30,23,322.000,394.000,8.000,5.000,1.0,1,1.0
31,23,324.000,395.000,9.000,4.000,1.0,1,1.0
32,23,326.000,394.000,8.000,5.000,1.0,1,1.0
33,23,328.000,394.000,9.000,5.000,1.0,1,1.0
34,23,331.000,394.000,9.000,5.000,1.0,1,1.0
35,23,334.000,394.000,9.000,5.000,1.0,1,1.0
36,23,337.000,394.000,9.000,4.000,1.0,1,1.0
37,23,336.000,393.000,8.000,6.000,1.0,1,1.0
38,23,337.000,393.000,7.000,5.000,1.0,1,1.0
39,23,338.000,394.000,7.000,5.000,1.0,1,1.0
40,23,339.000,394.000,6.000,5.000,1.0,1,1.0
41,23,339.000,394.000,7.000,6.000,1.0,1,1.0
42,23,339.000,394.000,6.000,6.000,1.0,1,1.0
43,23,339.000,394.000,5.000,6.000,1.0,1,1.0
44,23,338.000,394.000,6.000,6.000,1.0,1,1.0
45,23,338.000,394.000,6.000,6.000,1.0,1,1.0
46,23,338.000,394.000,6.000,5.000,1.0,1,1.0
47,23,338.000,394.000,5.000,5.000,1.0,1,1.0
48,23,337.000,394.000,7.000,6.000,1.0,1,1.0
49,23,337.000,394.000,7.000,5.000,1.0,1,1.0
50,23,337.000,394.000,7.000,5.000,1.0,1,1.0
51,23,337.000,394.000,7.000,5.000,1.0,1,1.0
52,23,338.000,394.000,7.000,5.000,1.0,1,1.0
53,23,339.000,393.000,6.000,6.000,1.0,1,1.0
54,23,340.000,393.000,6.000,6.000,1.0,1,1.0
55,23,340.000,394.000,5.000,5.000,1.0,1,1.0
56,23,340.000,394.000,5.000,5.000,1.0,1,1.0
57,23,340.000,393.000,5.000,6.000,1.0,1,1.0
58,23,340.000,393.000,5.000,6.000,1.0,1,1.0
59,23,339.000,393.000,5.000,5.000,1.0,1,1.0
60,23,339.000,393.000,5.000,5.000,1.0,1,1.0
61,23,336.000,394.000,6.000,5.000,1.0,1,1.0
62,23,333.000,394.000,7.000,5.000,1.0,1,1.0
63,23,331.000,394.000,7.000,5.000,1.0,1,1.0
64,23,327.000,394.000,8.000,5.000,1.0,1,1.0
65,23,324.000,395.000,8.000,4.000,1.0,1,1.0
66,23,321.000,395.000,9.000,4.000,1.0,1,1.0
67,23,318.000,394.000,9.000,5.000,1.0,1,1.0
68,23,316.000,394.000,9.000,5.000,1.0,1,1.0
69,23,314.000,394.000,8.000,4.000,1.0,1,1.0
70,23,310.000,394.000,9.000,5.000,1.0,1,1.0
71,23,307.000,395.000,8.000,4.000,1.0,1,1.0
72,23,304.000,395.000,8.000,4.000,1.0,1,1.0
73,23,302.000,395.000,7.000,4.000,1.0,1,1.0
74,23,300.000,395.000,7.000,4.000,1.0,1,1.0
75,23,299.000,394.000,7.000,5.000,1.0,1,1.0
76,23,297.000,394.000,8.000,5.000,1.0,1,1.0
77,23,296.000,394.000,7.000,5.000,1.0,1,1.0
78,23,295.000,394.000,8.000,5.000,1.0,1,1.0
79,23,295.000,394.000,7.000,5.000,1.0,1,1.0
80,23,294.000,394.000,8.000,5.000,1.0,1,1.0
81,23,293.000,394.000,9.000,5.000,1.0,1,1.0
82,23,293.000,394.000,8.000,5.000,1.0,1,1.0
83,23,292.000,394.000,9.000,5.000,1.0,1,1.0
84,23,291.000,394.000,9.000,5.000,1.0,1,1.0
85,23,291.000,394.000,9.000,5.000,1.0,1,1.0
86,23,291.000,394.000,9.000,5.000,1.0,1,1.0
87,23,283.000,387.000,9.000,8.000,1.0,1,1.0
88,23,282.000,387.000,6.000,6.000,1.0,1,1.0
89,23,283.000,392.000,5.000,9.000,1.0,1,1.0
90,23,282.000,391.000,5.000,9.000,1.0,1,1.0
91,23,281.000,389.000,5.000,9.000,1.0,1,1.0
92,23,281.000,386.000,5.000,9.000,1.0,1,1.0
93,23,281.000,383.000,5.000,10.000,1.0,1,1.0
94,23,280.000,380.000,5.000,10.000,1.0,1,1.0
95,23,280.000,379.000,5.000,10.000,1.0,1,1.0
96,23,281.000,379.000,6.000,9.000,1.0,1,1.0
97,23,282.000,379.000,7.000,7.000,1.0,1,1.0
98,23,283.000,379.000,8.000,6.000,1.0,1,1.0
99,23,285.000,378.000,9.000,6.000,1.0,1,1.0
100,23,288.000,378.000,9.000,5.000,1.0,1,1.0
101,23,291.000,377.000,9.000,5.000,1.0,1,1.0
102,23,294.000,376.000,8.000,6.000,1.0,1,1.0
103,23,297.000,375.000,9.000,6.000,1.0,1,1.0
104,23,300.000,374.000,9.000,6.000,1.0,1,1.0
105,23,303.000,374.000,10.000,5.000,1.0,1,1.0
106,23,307.000,373.000,10.000,5.000,1.0,1,1.0
107,23,310.000,374.000,10.000,5.000,1.0,1,1.0
108,23,314.000,375.000,9.000,5.000,1.0,1,1.0
109,23,316.000,376.000,10.000,5.000,1.0,1,1.0
110,23,319.000,376.000,10.000,5.000,1.0,1,1.0
111,23,321.000,376.000,10.000,5.000,1.0,1,1.0
112,23,324.000,376.000,9.000,5.000,1.0,1,1.0
113,23,327.000,375.000,8.000,5.000,1.0,1,1.0
114,23,329.000,375.000,8.000,5.000,1.0,1,1.0
115,23,332.000,373.000,8.000,5.000,1.0,1,1.0
116,23,334.000,373.000,7.000,5.000,1.0,1,1.0
117,23,335.000,371.000,8.000,6.000,1.0,1,1.0
118,23,337.000,370.000,7.000,6.000,1.0,1,1.0
119,23,338.000,369.000,6.000,6.000,1.0,1,1.0
120,23,338.000,369.000,7.000,6.000,1.0,1,1.0
121,23,339.000,368.000,6.000,6.000,1.0,1,1.0
122,23,340.000,366.000,6.000,7.000,1.0,1,1.0
123,23,341.000,364.000,5.000,8.000,1.0,1,1.0
124,23,341.000,361.000,5.000,8.000,1.0,1,1.0
125,23,341.000,358.000,5.000,8.000,1.0,1,1.0
126,23,341.000,354.000,5.000,9.000,1.0,1,1.0
127,23,341.000,351.000,5.000,8.000,1.0,1,1.0
128,23,341.000,347.000,5.000,9.000,1.0,1,1.0
129,23,341.000,344.000,5.000,8.000,1.0,1,1.0
130,23,341.000,340.000,5.000,8.000,1.0,1,1.0
131,23,341.000,336.000,5.000,8.000,1.0,1,1.0
132,23,341.000,332.000,5.000,9.000,1.0,1,1.0
133,23,341.000,328.000,5.000,9.000,1.0,1,1.0
134,23,341.000,325.000,5.000,8.000,1.0,1,1.0
135,23,341.000,321.000,5.000,9.000,1.0,1,1.0
136,23,341.000,318.000,5.000,9.000,1.0,1,1.0
137,23,341.000,314.000,5.000,9.000,1.0,1,1.0
138,23,341.000,310.000,5.000,9.000,1.0,1,1.0
139,23,341.000,307.000,5.000,8.000,1.0,1,1.0
140,23,341.000,303.000,5.000,9.000,1.0,1,1.0
141,23,341.000,299.000,5.000,9.000,1.0,1,1.0
142,23,340.000,295.000,5.000,9.000,1.0,1,1.0
143,23,340.000,292.000,5.000,8.000,1.0,1,1.0
144,23,340.000,288.000,5.000,9.000,1.0,1,1.0
145,23,340.000,285.000,5.000,8.000,1.0,1,1.0
146,23,340.000,281.000,5.000,8.000,1.0,1,1.0
147,23,339.000,276.000,5.000,9.000,1.0,1,1.0
148,23,339.000,273.000,5.000,9.000,1.0,1,1.0
149,23,339.000,269.000,5.000,9.000,1.0,1,1.0
150,23,339.000,266.000,5.000,9.000,1.0,1,1.0
151,23,338.000,263.000,6.000,9.000,1.0,1,1.0
152,23,338.000,260.000,5.000,9.000,1.0,1,1.0
153,23,338.000,258.000,5.000,9.000,1.0,1,1.0
154,23,337.000,255.000,5.000,9.000,1.0,1,1.0
155,23,336.000,253.000,5.000,8.000,1.0,1,1.0
156,23,335.000,251.000,5.000,8.000,1.0,1,1.0
157,23,334.000,249.000,6.000,8.000,1.0,1,1.0
158,23,333.000,246.000,6.000,8.000,1.0,1,1.0
159,23,332.000,244.000,6.000,8.000,1.0,1,1.0
160,23,331.000,241.000,6.000,8.000,1.0,1,1.0
161,23,330.000,239.000,6.000,8.000,1.0,1,1.0
162,23,329.000,236.000,6.000,9.000,1.0,1,1.0
163,23,328.000,234.000,6.000,8.000,1.0,1,1.0
164,23,327.000,232.000,6.000,8.000,1.0,1,1.0
165,23,326.000,230.000,5.000,8.000,1.0,1,1.0
166,23,324.000,229.000,6.000,7.000,1.0,1,1.0
167,23,321.000,229.000,7.000,5.000,1.0,1,1.0
168,23,318.000,228.000,8.000,5.000,1.0,1,1.0
169,23,315.000,226.000,8.000,6.000,1.0,1,1.0
170,23,313.000,224.000,8.000,6.000,1.0,1,1.0
171,23,312.000,222.000,7.000,7.000,1.0,1,1.0
172,23,311.000,220.000,7.000,8.000,1.0,1,1.0
173,23,312.000,217.000,6.000,9.000,1.0,1,1.0
174,23,313.000,214.000,5.000,9.000,1.0,1,1.0
175,23,315.000,212.000,5.000,9.000,1.0,1,1.0
176,23,315.000,209.000,6.000,9.000,1.0,1,1.0
177,23,317.000,206.000,5.000,10.000,1.0,1,1.0
178,23,318.000,204.000,6.000,8.000,1.0,1,1.0
179,23,320.000,201.000,7.000,9.000,1.0,1,1.0
180,23,322.000,199.000,7.000,8.000,1.0,1,1.0
181,23,324.000,197.000,7.000,8.000,1.0,1,1.0
182,23,326.000,195.000,6.000,7.000,1.0,1,1.0
183,23,328.000,193.000,6.000,7.000,1.0,1,1.0
184,23,329.000,190.000,7.000,8.000,1.0,1,1.0
185,23,331.000,189.000,6.000,7.000,1.0,1,1.0
186,23,332.000,187.000,6.000,7.000,1.0,1,1.0
187,23,333.000,185.000,6.000,8.000,1.0,1,1.0
188,23,334.000,182.000,6.000,8.000,1.0,1,1.0
189,23,335.000,179.000,6.000,8.000,1.0,1,1.0
190,23,335.000,175.000,6.000,9.000,1.0,1,1.0
191,23,335.000,172.000,6.000,9.000,1.0,1,1.0
192,23,335.000,169.000,5.000,9.000,1.0,1,1.0
193,23,334.000,166.000,6.000,9.000,1.0,1,1.0
194,23,334.000,162.000,5.000,9.000,1.0,1,1.0
195,23,333.000,159.000,6.000,9.000,1.0,1,1.0
196,23,332.000,156.000,6.000,8.000,1.0,1,1.0
197,23,332.000,153.000,5.000,8.000,1.0,1,1.0
198,23,330.000,150.000,6.000,8.000,1.0,1,1.0
199,23,330.000,146.000,5.000,9.000,1.0,1,1.0
200,23,328.000,143.000,6.000,9.000,1.0,1,1.0
201,23,327.000,140.000,6.000,9.000,1.0,1,1.0
202,23,326.000,137.000,6.000,8.000,1.0,1,1.0
203,23,325.000,133.000,6.000,9.000,1.0,1,1.0
204,23,323.000,130.000,6.000,9.000,1.0,1,1.0
205,23,322.000,127.000,6.000,9.000,1.0,1,1.0
206,23,321.000,123.000,6.000,9.000,1.0,1,1.0
207,23,320.000,120.000,6.000,9.000,1.0,1,1.0
208,23,319.000,117.000,6.000,9.000,1.0,1,1.0
209,23,319.000,113.000,5.000,9.000,1.0,1,1.0
210,23,319.000,111.000,5.000,10.000,1.0,1,1.0
211,23,319.000,112.000,5.000,9.000,1.0,1,1.0
212,23,319.000,112.000,5.000,9.000,1.0,1,1.0
213,23,319.000,112.000,5.000,9.000,1.0,1,1.0
214,23,319.000,111.000,5.000,9.000,1.0,1,1.0
215,23,319.000,108.000,5.000,9.000,1.0,1,1.0
216,23,318.000,105.000,5.000,9.000,1.0,1,1.0
217,23,317.000,102.000,5.000,8.000,1.0,1,1.0
218,23,316.000,99.000,5.000,9.000,1.0,1,1.0
219,23,315.000,96.000,5.000,8.000,1.0,1,1.0
220,23,313.000,92.000,6.000,9.000,1.0,1,1.0
221,23,312.000,89.000,6.000,9.000,1.0,1,1.0
222,23,311.000,86.000,6.000,8.000,1.0,1,1.0
223,23,310.000,83.000,6.000,8.000,1.0,1,1.0
224,23,309.000,80.000,6.000,9.000,1.0,1,1.0
225,23,308.000,77.000,6.000,9.000,1.0,1,1.0
226,23,307.000,75.000,6.000,9.000,1.0,1,1.0
227,23,307.000,73.000,5.000,8.000,1.0,1,1.0
228,23,306.000,70.000,5.000,9.000,1.0,1,1.0
229,23,304.000,67.000,6.000,8.000,1.0,1,1.0
230,23,303.000,64.000,6.000,8.000,1.0,1,1.0
231,23,303.000,60.000,5.000,9.000,1.0,1,1.0
232,23,302.000,56.000,6.000,9.000,1.0,1,1.0
233,23,302.000,53.000,6.000,9.000,1.0,1,1.0
234,23,303.000,50.000,5.000,9.000,1.0,1,1.0
235,23,303.000,46.000,6.000,9.000,1.0,1,1.0
236,23,305.000,44.000,5.000,8.000,1.0,1,1.0
237,23,306.000,40.000,5.000,10.000,1.0,1,1.0
238,23,306.000,37.000,6.000,9.000,1.0,1,1.0
239,23,307.000,35.000,6.000,9.000,1.0,1,1.0
240,23,308.000,32.000,6.000,10.000,1.0,1,1.0
241,23,308.000,30.000,6.000,9.000,1.0,1,1.0
242,23,309.000,30.000,6.000,5.000,1.0,1,1.0
1,16,207.000,391.000,7.000,8.000,1.0,1,1.0
2,16,206.000,391.000,7.000,7.000,1.0,1,1.0
3,16,206.000,390.000,6.000,8.000,1.0,1,1.0
4,16,206.000,391.000,6.000,7.000,1.0,1,1.0
5,16,207.000,389.000,6.000,5.000,1.0,1,1.0
6,16,207.000,389.000,5.000,5.000,1.0,1,1.0
7,16,208.000,388.000,5.000,5.000,1.0,1,1.0
8,16,207.000,386.000,5.000,6.000,1.0,1,1.0
9,16,207.000,383.000,5.000,7.000,1.0,1,1.0
10,16,206.000,380.000,6.000,8.000,1.0,1,1.0
11,16,206.000,377.000,5.000,9.000,1.0,1,1.0
12,16,205.000,373.000,6.000,9.000,1.0,1,1.0
13,16,204.000,370.000,5.000,9.000,1.0,1,1.0
14,16,203.000,367.000,5.000,9.000,1.0,1,1.0
15,16,201.000,365.000,6.000,8.000,1.0,1,1.0
16,16,198.000,363.000,7.000,7.000,1.0,1,1.0
17,16,196.000,361.000,6.000,7.000,1.0,1,1.0
18,16,192.000,359.000,8.000,7.000,1.0,1,1.0
19,16,189.000,357.000,7.000,7.000,1.0,1,1.0
20,16,186.000,356.000,7.000,6.000,1.0,1,1.0
21,16,183.000,355.000,8.000,6.000,1.0,1,1.0
22,16,180.000,353.000,8.000,6.000,1.0,1,1.0
23,16,178.000,350.000,7.000,8.000,1.0,1,1.0
24,16,179.000,347.000,6.000,9.000,1.0,1,1.0
25,16,179.000,343.000,5.000,9.000,1.0,1,1.0
26,16,179.000,339.000,5.000,10.000,1.0,1,1.0
27,16,179.000,336.000,4.000,9.000,1.0,1,1.0
28,16,178.000,332.000,5.000,9.000,1.0,1,1.0
29,16,178.000,328.000,5.000,9.000,1.0,1,1.0
30,16,178.000,324.000,5.000,9.000,1.0,1,1.0
31,16,177.000,320.000,5.000,9.000,1.0,1,1.0
32,16,177.000,315.000,5.000,10.000,1.0,1,1.0
33,16,177.000,311.000,5.000,9.000,1.0,1,1.0
34,16,177.000,307.000,5.000,9.000,1.0,1,1.0
35,16,177.000,304.000,5.000,9.000,1.0,1,1.0
36,16,177.000,299.000,4.000,9.000,1.0,1,1.0
37,16,176.000,295.000,5.000,10.000,1.0,1,1.0
38,16,176.000,292.000,5.000,9.000,1.0,1,1.0
39,16,175.000,287.000,5.000,10.000,1.0,1,1.0
40,16,175.000,284.000,5.000,9.000,1.0,1,1.0
41,16,175.000,280.000,5.000,9.000,1.0,1,1.0
42,16,175.000,276.000,5.000,9.000,1.0,1,1.0
43,16,175.000,272.000,5.000,10.000,1.0,1,1.0
44,16,177.000,269.000,5.000,9.000,1.0,1,1.0
45,16,178.000,265.000,5.000,9.000,1.0,1,1.0
46,16,178.000,262.000,5.000,9.000,1.0,1,1.0
47,16,179.000,258.000,5.000,10.000,1.0,1,1.0
48,16,179.000,254.000,5.000,10.000,1.0,1,1.0
49,16,180.000,250.000,5.000,9.000,1.0,1,1.0
50,16,179.000,246.000,5.000,10.000,1.0,1,1.0
51,16,180.000,242.000,4.000,10.000,1.0,1,1.0
52,16,180.000,238.000,4.000,10.000,1.0,1,1.0
53,16,180.000,234.000,5.000,10.000,1.0,1,1.0
54,16,180.000,231.000,4.000,10.000,1.0,1,1.0
55,16,180.000,227.000,5.000,10.000,1.0,1,1.0
56,16,180.000,223.000,5.000,9.000,1.0,1,1.0
57,16,181.000,219.000,4.000,10.000,1.0,1,1.0
58,16,180.000,215.000,5.000,10.000,1.0,1,1.0
59,16,180.000,212.000,4.000,10.000,1.0,1,1.0
60,16,180.000,208.000,5.000,10.000,1.0,1,1.0
61,16,181.000,205.000,4.000,9.000,1.0,1,1.0
62,16,181.000,201.000,4.000,9.000,1.0,1,1.0
63,16,180.000,198.000,5.000,9.000,1.0,1,1.0
64,16,181.000,194.000,5.000,9.000,1.0,1,1.0
65,16,181.000,190.000,4.000,10.000,1.0,1,1.0
66,16,181.000,187.000,5.000,9.000,1.0,1,1.0
67,16,182.000,184.000,5.000,9.000,1.0,1,1.0
68,16,184.000,180.000,5.000,9.000,1.0,1,1.0
69,16,184.000,177.000,6.000,9.000,1.0,1,1.0
70,16,186.000,173.000,4.000,9.000,1.0,1,1.0
71,16,186.000,170.000,5.000,9.000,1.0,1,1.0
72,16,187.000,166.000,5.000,9.000,1.0,1,1.0
73,16,187.000,163.000,5.000,9.000,1.0,1,1.0
74,16,188.000,159.000,5.000,9.000,1.0,1,1.0
75,16,189.000,156.000,4.000,8.000,1.0,1,1.0
76,16,189.000,151.000,5.000,10.000,1.0,1,1.0
77,16,189.000,148.000,5.000,9.000,1.0,1,1.0
78,16,190.000,144.000,4.000,10.000,1.0,1,1.0
79,16,189.000,141.000,5.000,9.000,1.0,1,1.0
80,16,189.000,137.000,5.000,9.000,1.0,1,1.0
81,16,189.000,134.000,4.000,9.000,1.0,1,1.0
82,16,190.000,131.000,4.000,9.000,1.0,1,1.0
83,16,189.000,128.000,5.000,9.000,1.0,1,1.0
84,16,189.000,124.000,5.000,10.000,1.0,1,1.0
85,16,190.000,122.000,4.000,9.000,1.0,1,1.0
86,16,191.000,119.000,5.000,9.000,1.0,1,1.0
87,16,192.000,117.000,5.000,8.000,1.0,1,1.0
88,16,194.000,115.000,6.000,7.000,1.0,1,1.0
89,16,195.000,112.000,6.000,8.000,1.0,1,1.0
90,16,197.000,109.000,6.000,8.000,1.0,1,1.0
91,16,198.000,106.000,6.000,8.000,1.0,1,1.0
92,16,200.000,104.000,5.000,8.000,1.0,1,1.0
93,16,201.000,101.000,5.000,8.000,1.0,1,1.0
94,16,202.000,99.000,5.000,8.000,1.0,1,1.0
95,16,203.000,96.000,5.000,8.000,1.0,1,1.0
96,16,204.000,92.000,5.000,9.000,1.0,1,1.0
97,16,205.000,89.000,5.000,9.000,1.0,1,1.0
98,16,205.000,86.000,5.000,8.000,1.0,1,1.0
99,16,206.000,83.000,5.000,8.000,1.0,1,1.0
100,16,206.000,79.000,5.000,9.000,1.0,1,1.0
101,16,206.000,76.000,5.000,10.000,1.0,1,1.0
102,16,206.000,73.000,5.000,10.000,1.0,1,1.0
103,16,205.000,70.000,5.000,9.000,1.0,1,1.0
104,16,205.000,67.000,5.000,10.000,1.0,1,1.0
105,16,204.000,64.000,5.000,9.000,1.0,1,1.0
106,16,204.000,61.000,5.000,9.000,1.0,1,1.0
107,16,203.000,58.000,5.000,9.000,1.0,1,1.0
108,16,203.000,56.000,5.000,9.000,1.0,1,1.0
109,16,203.000,53.000,5.000,9.000,1.0,1,1.0
110,16,203.000,49.000,5.000,9.000,1.0,1,1.0
111,16,203.000,46.000,5.000,9.000,1.0,1,1.0
112,16,203.000,42.000,5.000,9.000,1.0,1,1.0
113,16,204.000,39.000,4.000,9.000,1.0,1,1.0
114,16,204.000,35.000,5.000,10.000,1.0,1,1.0
115,16,205.000,32.000,4.000,9.000,1.0,1,1.0
116,16,204.000,31.000,6.000,7.000,1.0,1,1.0
120,16,211.000,32.000,5.000,7.000,1.0,1,1.0
121,16,211.000,31.000,5.000,8.000,1.0,1,1.0
123,16,211.000,32.000,6.000,7.000,1.0,1,1.0
124,16,211.000,32.000,6.000,7.000,1.0,1,1.0
1,39,538.000,395.000,6.000,5.000,1.0,1,1.0
2,39,538.000,395.000,6.000,4.000,1.0,1,1.0
3,39,539.000,394.000,5.000,5.000,1.0,1,1.0
4,39,541.000,393.000,6.000,5.000,1.0,1,1.0
9,39,583.000,392.000,7.000,5.000,1.0,1,1.0
10,39,584.000,392.000,6.000,5.000,1.0,1,1.0
11,39,584.000,392.000,5.000,5.000,1.0,1,1.0
12,39,583.000,392.000,6.000,5.000,1.0,1,1.0
13,39,583.000,392.000,6.000,5.000,1.0,1,1.0
14,39,584.000,392.000,5.000,5.000,1.0,1,1.0
15,39,583.000,376.000,5.000,5.000,1.0,1,1.0
16,39,580.000,371.000,5.000,6.000,1.0,1,1.0
17,39,576.000,371.000,5.000,9.000,1.0,1,1.0
18,39,577.000,371.000,4.000,9.000,1.0,1,1.0
19,39,579.000,371.000,5.000,8.000,1.0,1,1.0
20,39,580.000,369.000,5.000,8.000,1.0,1,1.0
21,39,581.000,368.000,5.000,8.000,1.0,1,1.0
22,39,583.000,364.000,5.000,9.000,1.0,1,1.0
23,39,584.000,360.000,5.000,9.000,1.0,1,1.0
24,39,585.000,356.000,5.000,9.000,1.0,1,1.0
25,39,585.000,352.000,5.000,9.000,1.0,1,1.0
26,39,585.000,348.000,5.000,9.000,1.0,1,1.0
27,39,585.000,344.000,5.000,9.000,1.0,1,1.0
28,39,585.000,340.000,5.000,9.000,1.0,1,1.0
29,39,584.000,337.000,5.000,8.000,1.0,1,1.0
30,39,582.000,334.000,6.000,8.000,1.0,1,1.0
31,39,579.000,331.000,7.000,8.000,1.0,1,1.0
32,39,577.000,329.000,7.000,8.000,1.0,1,1.0
33,39,576.000,326.000,6.000,8.000,1.0,1,1.0
34,39,577.000,323.000,4.000,9.000,1.0,1,1.0
35,39,577.000,319.000,6.000,9.000,1.0,1,1.0
36,39,578.000,316.000,6.000,8.000,1.0,1,1.0
37,39,580.000,312.000,6.000,9.000,1.0,1,1.0
38,39,582.000,309.000,5.000,8.000,1.0,1,1.0
39,39,584.000,307.000,5.000,8.000,1.0,1,1.0
40,39,586.000,304.000,6.000,7.000,1.0,1,1.0
41,39,587.000,301.000,6.000,7.000,1.0,1,1.0
42,39,589.000,297.000,6.000,8.000,1.0,1,1.0
43,39,591.000,294.000,5.000,8.000,1.0,1,1.0
44,39,592.000,291.000,6.000,8.000,1.0,1,1.0
45,39,594.000,288.000,5.000,7.000,1.0,1,1.0
46,39,595.000,285.000,6.000,8.000,1.0,1,1.0
47,39,597.000,282.000,5.000,8.000,1.0,1,1.0
48,39,599.000,279.000,5.000,8.000,1.0,1,1.0
49,39,600.000,276.000,5.000,9.000,1.0,1,1.0
50,39,601.000,274.000,5.000,8.000,1.0,1,1.0
51,39,602.000,271.000,5.000,8.000,1.0,1,1.0
52,39,603.000,269.000,5.000,8.000,1.0,1,1.0
53,39,604.000,265.000,4.000,8.000,1.0,1,1.0
54,39,605.000,262.000,4.000,8.000,1.0,1,1.0
55,39,605.000,259.000,4.000,8.000,1.0,1,1.0
56,39,605.000,255.000,5.000,9.000,1.0,1,1.0
57,39,605.000,252.000,5.000,8.000,1.0,1,1.0
58,39,606.000,248.000,4.000,8.000,1.0,1,1.0
59,39,606.000,245.000,4.000,8.000,1.0,1,1.0
60,39,606.000,241.000,4.000,8.000,1.0,1,1.0
61,39,605.000,237.000,5.000,9.000,1.0,1,1.0
62,39,605.000,233.000,5.000,8.000,1.0,1,1.0
63,39,605.000,230.000,5.000,9.000,1.0,1,1.0
64,39,605.000,227.000,4.000,8.000,1.0,1,1.0
65,39,605.000,223.000,4.000,9.000,1.0,1,1.0
66,39,604.000,220.000,5.000,8.000,1.0,1,1.0
67,39,604.000,217.000,4.000,8.000,1.0,1,1.0
68,39,603.000,214.000,5.000,9.000,1.0,1,1.0
69,39,602.000,211.000,5.000,9.000,1.0,1,1.0
70,39,601.000,209.000,5.000,8.000,1.0,1,1.0
71,39,601.000,206.000,5.000,9.000,1.0,1,1.0
72,39,599.000,204.000,6.000,8.000,1.0,1,1.0
73,39,598.000,201.000,6.000,8.000,1.0,1,1.0
74,39,597.000,199.000,5.000,8.000,1.0,1,1.0
75,39,595.000,197.000,6.000,7.000,1.0,1,1.0
76,39,594.000,195.000,6.000,7.000,1.0,1,1.0
77,39,592.000,192.000,6.000,8.000,1.0,1,1.0
78,39,590.000,190.000,6.000,7.000,1.0,1,1.0
79,39,589.000,187.000,6.000,8.000,1.0,1,1.0
80,39,587.000,185.000,6.000,7.000,1.0,1,1.0
81,39,585.000,183.000,6.000,7.000,1.0,1,1.0
82,39,583.000,180.000,6.000,7.000,1.0,1,1.0
83,39,581.000,177.000,6.000,8.000,1.0,1,1.0
84,39,579.000,175.000,7.000,7.000,1.0,1,1.0
85,39,577.000,173.000,6.000,7.000,1.0,1,1.0
86,39,575.000,171.000,6.000,7.000,1.0,1,1.0
87,39,573.000,169.000,7.000,7.000,1.0,1,1.0
88,39,571.000,167.000,7.000,7.000,1.0,1,1.0
89,39,569.000,165.000,7.000,7.000,1.0,1,1.0
90,39,566.000,163.000,7.000,7.000,1.0,1,1.0
91,39,565.000,161.000,7.000,8.000,1.0,1,1.0
92,39,563.000,159.000,7.000,8.000,1.0,1,1.0
93,39,562.000,157.000,7.000,7.000,1.0,1,1.0
94,39,561.000,154.000,6.000,7.000,1.0,1,1.0
95,39,560.000,151.000,6.000,8.000,1.0,1,1.0
96,39,559.000,148.000,6.000,9.000,1.0,1,1.0
97,39,558.000,146.000,6.000,8.000,1.0,1,1.0
98,39,556.000,144.000,6.000,8.000,1.0,1,1.0
99,39,555.000,140.000,5.000,8.000,1.0,1,1.0
100,39,553.000,137.000,5.000,8.000,1.0,1,1.0
101,39,551.000,134.000,6.000,8.000,1.0,1,1.0
102,39,550.000,131.000,5.000,8.000,1.0,1,1.0
103,39,549.000,128.000,5.000,8.000,1.0,1,1.0
104,39,547.000,125.000,6.000,8.000,1.0,1,1.0
105,39,545.000,122.000,6.000,8.000,1.0,1,1.0
106,39,543.000,121.000,6.000,7.000,1.0,1,1.0
107,39,542.000,119.000,6.000,7.000,1.0,1,1.0
108,39,540.000,117.000,6.000,7.000,1.0,1,1.0
109,39,539.000,115.000,5.000,6.000,1.0,1,1.0
110,39,538.000,114.000,5.000,6.000,1.0,1,1.0
111,39,537.000,113.000,5.000,6.000,1.0,1,1.0
112,39,537.000,113.000,4.000,6.000,1.0,1,1.0
113,39,536.000,113.000,5.000,5.000,1.0,1,1.0
114,39,535.000,113.000,5.000,6.000,1.0,1,1.0
115,39,535.000,114.000,5.000,6.000,1.0,1,1.0
116,39,535.000,114.000,5.000,6.000,1.0,1,1.0
117,39,535.000,114.000,5.000,6.000,1.0,1,1.0
118,39,535.000,114.000,6.000,5.000,1.0,1,1.0
119,39,536.000,113.000,5.000,6.000,1.0,1,1.0
120,39,536.000,113.000,6.000,5.000,1.0,1,1.0
121,39,537.000,111.000,6.000,6.000,1.0,1,1.0
122,39,537.000,108.000,7.000,7.000,1.0,1,1.0
123,39,538.000,106.000,6.000,7.000,1.0,1,1.0
124,39,539.000,103.000,6.000,8.000,1.0,1,1.0
125,39,540.000,101.000,7.000,7.000,1.0,1,1.0
126,39,542.000,99.000,7.000,7.000,1.0,1,1.0
127,39,543.000,96.000,7.000,7.000,1.0,1,1.0
128,39,545.000,92.000,6.000,8.000,1.0,1,1.0
129,39,546.000,89.000,6.000,8.000,1.0,1,1.0
130,39,548.000,87.000,6.000,8.000,1.0,1,1.0
131,39,549.000,84.000,6.000,8.000,1.0,1,1.0
132,39,551.000,82.000,6.000,8.000,1.0,1,1.0
133,39,552.000,79.000,6.000,8.000,1.0,1,1.0
134,39,553.000,77.000,7.000,8.000,1.0,1,1.0
135,39,554.000,74.000,7.000,8.000,1.0,1,1.0
136,39,556.000,71.000,7.000,8.000,1.0,1,1.0
137,39,558.000,68.000,7.000,8.000,1.0,1,1.0
138,39,560.000,65.000,7.000,8.000,1.0,1,1.0
139,39,560.000,62.000,7.000,9.000,1.0,1,1.0
142,39,562.000,53.000,5.000,6.000,1.0,1,1.0
143,39,560.000,50.000,7.000,8.000,1.0,1,1.0
144,39,558.000,48.000,7.000,7.000,1.0,1,1.0
145,39,555.000,47.000,8.000,6.000,1.0,1,1.0
146,39,553.000,44.000,8.000,7.000,1.0,1,1.0
147,39,551.000,42.000,7.000,8.000,1.0,1,1.0
148,39,549.000,39.000,7.000,8.000,1.0,1,1.0
149,39,546.000,37.000,8.000,8.000,1.0,1,1.0
150,39,545.000,35.000,7.000,7.000,1.0,1,1.0
151,39,544.000,33.000,7.000,8.000,1.0,1,1.0
152,39,543.000,32.000,6.000,7.000,1.0,1,1.0
153,39,542.000,31.000,7.000,6.000,1.0,1,1.0
156,39,551.000,27.000,8.000,9.000,1.0,1,1.0
221,39,603.000,35.000,6.000,7.000,1.0,1,1.0
222,39,604.000,34.000,6.000,9.000,1.0,1,1.0
223,39,604.000,35.000,6.000,8.000,1.0,1,1.0
224,39,604.000,35.000,6.000,8.000,1.0,1,1.0
225,39,604.000,35.000,6.000,8.000,1.0,1,1.0
226,39,604.000,35.000,6.000,8.000,1.0,1,1.0
227,39,604.000,35.000,6.000,8.000,1.0,1,1.0
228,39,604.000,35.000,6.000,8.000,1.0,1,1.0
229,39,605.000,35.000,6.000,7.000,1.0,1,1.0
1,10,190.000,393.000,9.000,5.000,1.0,1,1.0
2,10,190.000,393.000,8.000,5.000,1.0,1,1.0
3,10,189.000,393.000,8.000,5.000,1.0,1,1.0
4,10,189.000,393.000,8.000,5.000,1.0,1,1.0
5,10,189.000,392.000,8.000,6.000,1.0,1,1.0
6,10,187.000,394.000,8.000,5.000,1.0,1,1.0
7,10,163.000,372.000,12.000,12.000,1.0,1,1.0
8,10,168.000,375.000,5.000,9.000,1.0,1,1.0
9,10,167.000,373.000,6.000,9.000,1.0,1,1.0
10,10,168.000,370.000,4.000,9.000,1.0,1,1.0
11,10,168.000,365.000,5.000,9.000,1.0,1,1.0
12,10,169.000,361.000,5.000,9.000,1.0,1,1.0
13,10,170.000,358.000,6.000,9.000,1.0,1,1.0
14,10,171.000,357.000,5.000,9.000,1.0,1,1.0
15,10,171.000,357.000,5.000,9.000,1.0,1,1.0
16,10,171.000,357.000,5.000,9.000,1.0,1,1.0
17,10,171.000,356.000,5.000,10.000,1.0,1,1.0
18,10,170.000,354.000,4.000,9.000,1.0,1,1.0
19,10,167.000,351.000,5.000,9.000,1.0,1,1.0
20,10,164.000,347.000,6.000,8.000,1.0,1,1.0
21,10,162.000,344.000,6.000,9.000,1.0,1,1.0
23,10,162.000,345.000,7.000,8.000,1.0,1,1.0
24,10,163.000,345.000,5.000,9.000,1.0,1,1.0
25,10,163.000,346.000,5.000,7.000,1.0,1,1.0
26,10,161.000,346.000,7.000,7.000,1.0,1,1.0
27,10,158.000,347.000,8.000,5.000,1.0,1,1.0
28,10,156.000,348.000,8.000,5.000,1.0,1,1.0
29,10,155.000,348.000,8.000,5.000,1.0,1,1.0
30,10,152.000,348.000,8.000,5.000,1.0,1,1.0
31,10,151.000,347.000,8.000,5.000,1.0,1,1.0
32,10,149.000,346.000,8.000,5.000,1.0,1,1.0
33,10,147.000,344.000,7.000,6.000,1.0,1,1.0
34,10,146.000,343.000,7.000,6.000,1.0,1,1.0
35,10,145.000,340.000,6.000,7.000,1.0,1,1.0
36,10,144.000,338.000,5.000,7.000,1.0,1,1.0
37,10,143.000,335.000,5.000,8.000,1.0,1,1.0
38,10,142.000,331.000,5.000,9.000,1.0,1,1.0
39,10,142.000,328.000,5.000,8.000,1.0,1,1.0
40,10,142.000,324.000,5.000,9.000,1.0,1,1.0
41,10,142.000,320.000,5.000,9.000,1.0,1,1.0
42,10,143.000,316.000,4.000,9.000,1.0,1,1.0
43,10,143.000,312.000,4.000,9.000,1.0,1,1.0
44,10,143.000,309.000,5.000,9.000,1.0,1,1.0
45,10,143.000,307.000,5.000,9.000,1.0,1,1.0
46,10,144.000,305.000,4.000,8.000,1.0,1,1.0
47,10,144.000,302.000,4.000,9.000,1.0,1,1.0
48,10,144.000,299.000,5.000,9.000,1.0,1,1.0
49,10,145.000,297.000,4.000,8.000,1.0,1,1.0
50,10,145.000,295.000,5.000,9.000,1.0,1,1.0
51,10,145.000,293.000,5.000,9.000,1.0,1,1.0
52,10,146.000,292.000,4.000,9.000,1.0,1,1.0
53,10,146.000,291.000,5.000,9.000,1.0,1,1.0
54,10,146.000,291.000,5.000,9.000,1.0,1,1.0
55,10,146.000,291.000,5.000,9.000,1.0,1,1.0
56,10,146.000,291.000,5.000,9.000,1.0,1,1.0
57,10,146.000,291.000,5.000,8.000,1.0,1,1.0
58,10,146.000,289.000,5.000,9.000,1.0,1,1.0
59,10,146.000,287.000,5.000,9.000,1.0,1,1.0
60,10,146.000,283.000,4.000,9.000,1.0,1,1.0
61,10,146.000,280.000,4.000,10.000,1.0,1,1.0
62,10,145.000,277.000,4.000,9.000,1.0,1,1.0
63,10,144.000,274.000,5.000,9.000,1.0,1,1.0
64,10,144.000,270.000,5.000,9.000,1.0,1,1.0
65,10,143.000,266.000,5.000,9.000,1.0,1,1.0
66,10,142.000,262.000,5.000,9.000,1.0,1,1.0
67,10,142.000,260.000,5.000,9.000,1.0,1,1.0
68,10,142.000,256.000,4.000,9.000,1.0,1,1.0
69,10,142.000,253.000,4.000,9.000,1.0,1,1.0
70,10,142.000,250.000,4.000,9.000,1.0,1,1.0
71,10,142.000,246.000,4.000,10.000,1.0,1,1.0
72,10,142.000,243.000,4.000,10.000,1.0,1,1.0
73,10,141.000,241.000,5.000,10.000,1.0,1,1.0
74,10,141.000,240.000,5.000,9.000,1.0,1,1.0
75,10,141.000,238.000,4.000,9.000,1.0,1,1.0
76,10,141.000,235.000,4.000,9.000,1.0,1,1.0
77,10,141.000,232.000,5.000,9.000,1.0,1,1.0
78,10,142.000,229.000,5.000,9.000,1.0,1,1.0
79,10,143.000,226.000,4.000,9.000,1.0,1,1.0
80,10,144.000,223.000,4.000,9.000,1.0,1,1.0
81,10,145.000,220.000,4.000,8.000,1.0,1,1.0
82,10,145.000,219.000,5.000,7.000,1.0,1,1.0
83,10,146.000,217.000,4.000,8.000,1.0,1,1.0
84,10,146.000,216.000,5.000,8.000,1.0,1,1.0
85,10,146.000,216.000,5.000,8.000,1.0,1,1.0
86,10,146.000,216.000,5.000,8.000,1.0,1,1.0
87,10,146.000,216.000,5.000,8.000,1.0,1,1.0
88,10,146.000,214.000,5.000,9.000,1.0,1,1.0
89,10,145.000,211.000,5.000,9.000,1.0,1,1.0
90,10,144.000,208.000,5.000,8.000,1.0,1,1.0
91,10,143.000,204.000,5.000,9.000,1.0,1,1.0
92,10,143.000,200.000,4.000,9.000,1.0,1,1.0
93,10,142.000,197.000,5.000,8.000,1.0,1,1.0
94,10,142.000,194.000,4.000,8.000,1.0,1,1.0
95,10,141.000,190.000,5.000,9.000,1.0,1,1.0
96,10,140.000,187.000,5.000,9.000,1.0,1,1.0
97,10,140.000,184.000,4.000,8.000,1.0,1,1.0
98,10,140.000,180.000,4.000,9.000,1.0,1,1.0
99,10,140.000,177.000,4.000,8.000,1.0,1,1.0
100,10,140.000,174.000,4.000,8.000,1.0,1,1.0
101,10,140.000,172.000,4.000,8.000,1.0,1,1.0
102,10,140.000,171.000,4.000,8.000,1.0,1,1.0
103,10,140.000,169.000,4.000,8.000,1.0,1,1.0
104,10,140.000,166.000,5.000,9.000,1.0,1,1.0
105,10,140.000,163.000,5.000,8.000,1.0,1,1.0
106,10,140.000,160.000,5.000,9.000,1.0,1,1.0
107,10,140.000,157.000,5.000,9.000,1.0,1,1.0
108,10,141.000,154.000,5.000,9.000,1.0,1,1.0
109,10,141.000,151.000,5.000,9.000,1.0,1,1.0
110,10,142.000,147.000,5.000,9.000,1.0,1,1.0
111,10,142.000,144.000,5.000,9.000,1.0,1,1.0
112,10,143.000,141.000,5.000,8.000,1.0,1,1.0
113,10,143.000,138.000,5.000,8.000,1.0,1,1.0
114,10,144.000,134.000,5.000,8.000,1.0,1,1.0
115,10,145.000,130.000,5.000,9.000,1.0,1,1.0
116,10,145.000,126.000,5.000,9.000,1.0,1,1.0
117,10,146.000,122.000,5.000,9.000,1.0,1,1.0
118,10,147.000,118.000,4.000,9.000,1.0,1,1.0
119,10,147.000,115.000,5.000,9.000,1.0,1,1.0
120,10,148.000,111.000,5.000,9.000,1.0,1,1.0
121,10,148.000,107.000,5.000,10.000,1.0,1,1.0
122,10,149.000,104.000,5.000,9.000,1.0,1,1.0
123,10,149.000,101.000,6.000,9.000,1.0,1,1.0
124,10,150.000,98.000,5.000,9.000,1.0,1,1.0
125,10,150.000,96.000,5.000,9.000,1.0,1,1.0
126,10,151.000,94.000,5.000,9.000,1.0,1,1.0
127,10,151.000,90.000,5.000,10.000,1.0,1,1.0
128,10,152.000,87.000,5.000,10.000,1.0,1,1.0
129,10,152.000,84.000,5.000,9.000,1.0,1,1.0
130,10,152.000,80.000,5.000,10.000,1.0,1,1.0
131,10,153.000,77.000,5.000,9.000,1.0,1,1.0
132,10,153.000,73.000,5.000,9.000,1.0,1,1.0
133,10,153.000,69.000,5.000,9.000,1.0,1,1.0
134,10,153.000,65.000,5.000,9.000,1.0,1,1.0
135,10,154.000,61.000,4.000,10.000,1.0,1,1.0
136,10,154.000,58.000,4.000,9.000,1.0,1,1.0
137,10,154.000,54.000,5.000,10.000,1.0,1,1.0
138,10,154.000,51.000,5.000,9.000,1.0,1,1.0
139,10,155.000,47.000,5.000,10.000,1.0,1,1.0
140,10,155.000,44.000,5.000,9.000,1.0,1,1.0
141,10,156.000,40.000,5.000,10.000,1.0,1,1.0
142,10,156.000,37.000,5.000,9.000,1.0,1,1.0
143,10,156.000,36.000,6.000,7.000,1.0,1,1.0
144,10,156.000,28.000,8.000,11.000,1.0,1,1.0
145,10,158.000,28.000,5.000,7.000,1.0,1,1.0
146,10,158.000,28.000,5.000,6.000,1.0,1,1.0
1,3,23.000,392.000,5.000,6.000,1.0,1,1.0
2,3,23.000,392.000,5.000,6.000,1.0,1,1.0
3,3,23.000,393.000,5.000,5.000,1.0,1,1.0
4,3,23.000,392.000,5.000,6.000,1.0,1,1.0
5,3,23.000,392.000,5.000,6.000,1.0,1,1.0
6,3,22.000,392.000,6.000,6.000,1.0,1,1.0
7,3,23.000,392.000,5.000,6.000,1.0,1,1.0
8,3,23.000,392.000,5.000,6.000,1.0,1,1.0
9,3,23.000,392.000,5.000,6.000,1.0,1,1.0
10,3,23.000,392.000,5.000,6.000,1.0,1,1.0
11,3,23.000,392.000,5.000,6.000,1.0,1,1.0
12,3,23.000,392.000,5.000,6.000,1.0,1,1.0
13,3,23.000,393.000,5.000,6.000,1.0,1,1.0
14,3,23.000,392.000,5.000,7.000,1.0,1,1.0
15,3,23.000,392.000,5.000,7.000,1.0,1,1.0
16,3,23.000,392.000,5.000,7.000,1.0,1,1.0
17,3,23.000,392.000,5.000,7.000,1.0,1,1.0
18,3,23.000,392.000,5.000,7.000,1.0,1,1.0
19,3,23.000,392.000,5.000,6.000,1.0,1,1.0
20,3,24.000,393.000,5.000,5.000,1.0,1,1.0
21,3,24.000,393.000,5.000,5.000,1.0,1,1.0
22,3,26.000,393.000,5.000,5.000,1.0,1,1.0
23,3,27.000,393.000,5.000,5.000,1.0,1,1.0
24,3,29.000,392.000,6.000,5.000,1.0,1,1.0
25,3,32.000,392.000,6.000,6.000,1.0,1,1.0
26,3,34.000,392.000,8.000,6.000,1.0,1,1.0
27,3,36.000,392.000,7.000,7.000,1.0,1,1.0
28,3,36.000,392.000,8.000,7.000,1.0,1,1.0
29,3,36.000,392.000,8.000,8.000,1.0,1,1.0
30,3,36.000,392.000,8.000,8.000,1.0,1,1.0
31,3,36.000,392.000,7.000,7.000,1.0,1,1.0
32,3,36.000,392.000,7.000,7.000,1.0,1,1.0
33,3,36.000,392.000,7.000,7.000,1.0,1,1.0
34,3,36.000,392.000,7.000,7.000,1.0,1,1.0
35,3,36.000,392.000,7.000,7.000,1.0,1,1.0
36,3,36.000,392.000,7.000,7.000,1.0,1,1.0
37,3,36.000,392.000,7.000,7.000,1.0,1,1.0
38,3,36.000,392.000,7.000,7.000,1.0,1,1.0
39,3,35.000,392.000,8.000,7.000,1.0,1,1.0
40,3,36.000,392.000,7.000,7.000,1.0,1,1.0
41,3,36.000,392.000,7.000,7.000,1.0,1,1.0
42,3,36.000,392.000,7.000,7.000,1.0,1,1.0
43,3,36.000,392.000,7.000,7.000,1.0,1,1.0
44,3,36.000,393.000,7.000,6.000,1.0,1,1.0
45,3,36.000,393.000,7.000,6.000,1.0,1,1.0
46,3,36.000,392.000,7.000,7.000,1.0,1,1.0
47,3,36.000,392.000,7.000,7.000,1.0,1,1.0
48,3,36.000,392.000,7.000,7.000,1.0,1,1.0
49,3,36.000,392.000,8.000,7.000,1.0,1,1.0
50,3,36.000,392.000,8.000,7.000,1.0,1,1.0
51,3,37.000,392.000,7.000,7.000,1.0,1,1.0
52,3,36.000,392.000,8.000,7.000,1.0,1,1.0
53,3,36.000,392.000,8.000,7.000,1.0,1,1.0
54,3,37.000,392.000,7.000,7.000,1.0,1,1.0
55,3,37.000,393.000,7.000,6.000,1.0,1,1.0
56,3,37.000,392.000,7.000,7.000,1.0,1,1.0
57,3,37.000,393.000,7.000,6.000,1.0,1,1.0
58,3,37.000,392.000,7.000,7.000,1.0,1,1.0
59,3,37.000,392.000,7.000,8.000,1.0,1,1.0
60,3,37.000,392.000,7.000,7.000,1.0,1,1.0
61,3,37.000,392.000,7.000,7.000,1.0,1,1.0
62,3,37.000,392.000,7.000,7.000,1.0,1,1.0
63,3,37.000,392.000,7.000,7.000,1.0,1,1.0
64,3,37.000,392.000,7.000,7.000,1.0,1,1.0
65,3,37.000,393.000,7.000,6.000,1.0,1,1.0
66,3,37.000,393.000,7.000,6.000,1.0,1,1.0
67,3,37.000,393.000,7.000,6.000,1.0,1,1.0
68,3,37.000,393.000,7.000,6.000,1.0,1,1.0
69,3,37.000,393.000,7.000,6.000,1.0,1,1.0
70,3,37.000,393.000,7.000,6.000,1.0,1,1.0
71,3,37.000,393.000,7.000,6.000,1.0,1,1.0
72,3,37.000,393.000,8.000,6.000,1.0,1,1.0
73,3,38.000,393.000,7.000,6.000,1.0,1,1.0
74,3,39.000,393.000,8.000,6.000,1.0,1,1.0
75,3,42.000,393.000,7.000,6.000,1.0,1,1.0
76,3,43.000,393.000,7.000,6.000,1.0,1,1.0
77,3,44.000,393.000,7.000,6.000,1.0,1,1.0
78,3,44.000,394.000,7.000,6.000,1.0,1,1.0
79,3,44.000,394.000,7.000,6.000,1.0,1,1.0
83,3,49.000,390.000,6.000,8.000,1.0,1,1.0
84,3,49.000,391.000,6.000,7.000,1.0,1,1.0
85,3,49.000,391.000,6.000,6.000,1.0,1,1.0
86,3,47.000,391.000,7.000,6.000,1.0,1,1.0
87,3,46.000,391.000,8.000,6.000,1.0,1,1.0
88,3,45.000,391.000,9.000,6.000,1.0,1,1.0
89,3,43.000,391.000,10.000,6.000,1.0,1,1.0
90,3,43.000,391.000,9.000,6.000,1.0,1,1.0
91,3,43.000,391.000,9.000,6.000,1.0,1,1.0
92,3,43.000,391.000,9.000,6.000,1.0,1,1.0
93,3,43.000,391.000,9.000,6.000,1.0,1,1.0
94,3,43.000,391.000,9.000,6.000,1.0,1,1.0
95,3,39.000,364.000,5.000,8.000,1.0,1,1.0
96,3,53.000,368.000,8.000,6.000,1.0,1,1.0
97,3,53.000,372.000,5.000,9.000,1.0,1,1.0
98,3,48.000,390.000,5.000,7.000,1.0,1,1.0
99,3,45.000,393.000,8.000,5.000,1.0,1,1.0
100,3,45.000,393.000,7.000,5.000,1.0,1,1.0
101,3,45.000,393.000,7.000,5.000,1.0,1,1.0
102,3,45.000,392.000,8.000,6.000,1.0,1,1.0
103,3,45.000,392.000,7.000,6.000,1.0,1,1.0
104,3,45.000,392.000,8.000,6.000,1.0,1,1.0
105,3,45.000,392.000,8.000,6.000,1.0,1,1.0
106,3,43.000,392.000,9.000,5.000,1.0,1,1.0
107,3,41.000,392.000,9.000,5.000,1.0,1,1.0
108,3,40.000,392.000,8.000,5.000,1.0,1,1.0
109,3,37.000,391.000,9.000,5.000,1.0,1,1.0
110,3,35.000,391.000,9.000,5.000,1.0,1,1.0
111,3,33.000,391.000,9.000,6.000,1.0,1,1.0
112,3,32.000,391.000,9.000,6.000,1.0,1,1.0
113,3,31.000,391.000,8.000,6.000,1.0,1,1.0
114,3,31.000,391.000,8.000,6.000,1.0,1,1.0
115,3,31.000,391.000,9.000,6.000,1.0,1,1.0
116,3,31.000,391.000,9.000,6.000,1.0,1,1.0
117,3,31.000,391.000,9.000,6.000,1.0,1,1.0
118,3,32.000,391.000,8.000,6.000,1.0,1,1.0
119,3,32.000,391.000,8.000,6.000,1.0,1,1.0
120,3,32.000,391.000,8.000,6.000,1.0,1,1.0
121,3,32.000,391.000,8.000,6.000,1.0,1,1.0
122,3,33.000,391.000,8.000,6.000,1.0,1,1.0
123,3,33.000,391.000,8.000,6.000,1.0,1,1.0
124,3,33.000,391.000,8.000,6.000,1.0,1,1.0
125,3,33.000,391.000,8.000,6.000,1.0,1,1.0
126,3,33.000,391.000,8.000,6.000,1.0,1,1.0
127,3,33.000,391.000,8.000,6.000,1.0,1,1.0
128,3,33.000,391.000,8.000,6.000,1.0,1,1.0
129,3,33.000,391.000,8.000,6.000,1.0,1,1.0
130,3,33.000,391.000,7.000,6.000,1.0,1,1.0
131,3,33.000,391.000,7.000,6.000,1.0,1,1.0
132,3,33.000,391.000,7.000,6.000,1.0,1,1.0
133,3,31.000,364.000,5.000,11.000,1.0,1,1.0
134,3,26.000,323.000,4.000,8.000,1.0,1,1.0
135,3,35.000,323.000,6.000,6.000,1.0,1,1.0
136,3,41.000,326.000,6.000,8.000,1.0,1,1.0
137,3,41.000,326.000,6.000,9.000,1.0,1,1.0
138,3,41.000,325.000,6.000,9.000,1.0,1,1.0
139,3,42.000,323.000,5.000,10.000,1.0,1,1.0
140,3,42.000,322.000,5.000,9.000,1.0,1,1.0
141,3,42.000,321.000,5.000,9.000,1.0,1,1.0
142,3,42.000,319.000,5.000,10.000,1.0,1,1.0
143,3,42.000,318.000,5.000,10.000,1.0,1,1.0
144,3,42.000,316.000,6.000,10.000,1.0,1,1.0
145,3,41.000,315.000,6.000,9.000,1.0,1,1.0
146,3,39.000,314.000,7.000,8.000,1.0,1,1.0
147,3,37.000,313.000,7.000,7.000,1.0,1,1.0
148,3,35.000,311.000,8.000,7.000,1.0,1,1.0
149,3,33.000,310.000,8.000,7.000,1.0,1,1.0
150,3,31.000,307.000,7.000,7.000,1.0,1,1.0
151,3,30.000,307.000,7.000,7.000,1.0,1,1.0
152,3,28.000,305.000,8.000,7.000,1.0,1,1.0
153,3,27.000,304.000,7.000,7.000,1.0,1,1.0
154,3,26.000,303.000,7.000,7.000,1.0,1,1.0
155,3,24.000,302.000,7.000,7.000,1.0,1,1.0
156,3,21.000,300.000,8.000,7.000,1.0,1,1.0
157,3,20.000,299.000,7.000,7.000,1.0,1,1.0
158,3,19.000,299.000,6.000,6.000,1.0,1,1.0
159,3,18.000,299.000,6.000,6.000,1.0,1,1.0
160,3,17.000,299.000,6.000,6.000,1.0,1,1.0
161,3,16.000,300.000,6.000,6.000,1.0,1,1.0
178,3,17.000,277.000,5.000,6.000,1.0,1,1.0
179,3,18.000,274.000,5.000,8.000,1.0,1,1.0
180,3,19.000,272.000,7.000,7.000,1.0,1,1.0
181,3,21.000,269.000,7.000,8.000,1.0,1,1.0
182,3,23.000,265.000,7.000,8.000,1.0,1,1.0
183,3,25.000,262.000,6.000,8.000,1.0,1,1.0
184,3,26.000,258.000,7.000,9.000,1.0,1,1.0
185,3,28.000,255.000,7.000,9.000,1.0,1,1.0
186,3,30.000,251.000,6.000,9.000,1.0,1,1.0
187,3,31.000,248.000,7.000,8.000,1.0,1,1.0
188,3,33.000,244.000,7.000,9.000,1.0,1,1.0
189,3,35.000,241.000,7.000,9.000,1.0,1,1.0
190,3,37.000,238.000,7.000,9.000,1.0,1,1.0
191,3,39.000,235.000,6.000,9.000,1.0,1,1.0
192,3,40.000,232.000,7.000,8.000,1.0,1,1.0
193,3,42.000,228.000,7.000,9.000,1.0,1,1.0
194,3,43.000,225.000,7.000,9.000,1.0,1,1.0
195,3,44.000,222.000,7.000,9.000,1.0,1,1.0
196,3,46.000,219.000,7.000,9.000,1.0,1,1.0
197,3,48.000,216.000,7.000,9.000,1.0,1,1.0
198,3,50.000,214.000,7.000,8.000,1.0,1,1.0
199,3,52.000,210.000,7.000,9.000,1.0,1,1.0
200,3,54.000,208.000,7.000,8.000,1.0,1,1.0
201,3,56.000,205.000,7.000,9.000,1.0,1,1.0
202,3,58.000,202.000,7.000,9.000,1.0,1,1.0
203,3,60.000,199.000,7.000,8.000,1.0,1,1.0
204,3,62.000,195.000,7.000,9.000,1.0,1,1.0
205,3,63.000,192.000,7.000,9.000,1.0,1,1.0
206,3,65.000,190.000,6.000,8.000,1.0,1,1.0
207,3,66.000,187.000,7.000,9.000,1.0,1,1.0
208,3,68.000,184.000,6.000,9.000,1.0,1,1.0
209,3,69.000,182.000,6.000,9.000,1.0,1,1.0
210,3,70.000,179.000,7.000,9.000,1.0,1,1.0
211,3,72.000,175.000,6.000,9.000,1.0,1,1.0
212,3,74.000,172.000,6.000,9.000,1.0,1,1.0
213,3,75.000,169.000,6.000,9.000,1.0,1,1.0
214,3,76.000,166.000,6.000,8.000,1.0,1,1.0
215,3,77.000,164.000,7.000,8.000,1.0,1,1.0
216,3,79.000,161.000,5.000,8.000,1.0,1,1.0
217,3,80.000,158.000,5.000,8.000,1.0,1,1.0
218,3,81.000,155.000,5.000,7.000,1.0,1,1.0
219,3,81.000,152.000,6.000,8.000,1.0,1,1.0
220,3,81.000,149.000,6.000,8.000,1.0,1,1.0
221,3,81.000,147.000,6.000,7.000,1.0,1,1.0
222,3,81.000,144.000,6.000,7.000,1.0,1,1.0
223,3,81.000,141.000,5.000,8.000,1.0,1,1.0
224,3,81.000,138.000,5.000,8.000,1.0,1,1.0
225,3,81.000,136.000,5.000,8.000,1.0,1,1.0
226,3,81.000,135.000,5.000,7.000,1.0,1,1.0
227,3,80.000,133.000,6.000,8.000,1.0,1,1.0
228,3,80.000,131.000,5.000,8.000,1.0,1,1.0
229,3,80.000,129.000,5.000,8.000,1.0,1,1.0
230,3,79.000,127.000,6.000,8.000,1.0,1,1.0
231,3,79.000,125.000,6.000,8.000,1.0,1,1.0
232,3,79.000,123.000,5.000,8.000,1.0,1,1.0
233,3,78.000,120.000,6.000,9.000,1.0,1,1.0
234,3,78.000,116.000,5.000,9.000,1.0,1,1.0
235,3,78.000,113.000,5.000,9.000,1.0,1,1.0
236,3,78.000,109.000,5.000,9.000,1.0,1,1.0
237,3,78.000,106.000,5.000,9.000,1.0,1,1.0
238,3,78.000,104.000,5.000,9.000,1.0,1,1.0
239,3,78.000,101.000,5.000,10.000,1.0,1,1.0
240,3,78.000,98.000,6.000,9.000,1.0,1,1.0
241,3,78.000,95.000,6.000,9.000,1.0,1,1.0
242,3,79.000,92.000,5.000,9.000,1.0,1,1.0
243,3,79.000,89.000,5.000,9.000,1.0,1,1.0
244,3,79.000,85.000,5.000,9.000,1.0,1,1.0
245,3,79.000,81.000,5.000,9.000,1.0,1,1.0
246,3,79.000,77.000,5.000,9.000,1.0,1,1.0
247,3,78.000,74.000,5.000,9.000,1.0,1,1.0
248,3,78.000,70.000,5.000,9.000,1.0,1,1.0
249,3,77.000,66.000,6.000,9.000,1.0,1,1.0
250,3,77.000,62.000,5.000,9.000,1.0,1,1.0
251,3,76.000,58.000,5.000,9.000,1.0,1,1.0
252,3,75.000,55.000,6.000,9.000,1.0,1,1.0
253,3,75.000,52.000,5.000,9.000,1.0,1,1.0
254,3,74.000,48.000,5.000,9.000,1.0,1,1.0
255,3,73.000,44.000,5.000,9.000,1.0,1,1.0
256,3,72.000,41.000,5.000,9.000,1.0,1,1.0
257,3,72.000,38.000,5.000,8.000,1.0,1,1.0
258,3,71.000,33.000,5.000,10.000,1.0,1,1.0
259,3,71.000,31.000,5.000,9.000,1.0,1,1.0
260,3,70.000,31.000,5.000,7.000,1.0,1,1.0
1,45,732.000,396.000,5.000,4.000,1.0,1,1.0
2,45,733.000,396.000,5.000,5.000,1.0,1,1.0
3,45,734.000,396.000,5.000,5.000,1.0,1,1.0
4,45,734.000,397.000,6.000,4.000,1.0,1,1.0
5,45,734.000,396.000,5.000,5.000,1.0,1,1.0
6,45,732.000,396.000,6.000,5.000,1.0,1,1.0
8,45,732.000,397.000,6.000,5.000,1.0,1,1.0
9,45,731.000,397.000,7.000,5.000,1.0,1,1.0
10,45,732.000,397.000,6.000,5.000,1.0,1,1.0
11,45,734.000,398.000,6.000,6.000,1.0,1,1.0
12,45,734.000,398.000,6.000,5.000,1.0,1,1.0
13,45,733.000,398.000,6.000,5.000,1.0,1,1.0
14,45,733.000,397.000,5.000,5.000,1.0,1,1.0
15,45,730.000,395.000,5.000,7.000,1.0,1,1.0
16,45,724.000,398.000,6.000,5.000,1.0,1,1.0
17,45,725.000,399.000,7.000,5.000,1.0,1,1.0
18,45,728.000,399.000,7.000,5.000,1.0,1,1.0
19,45,729.000,398.000,7.000,5.000,1.0,1,1.0
20,45,731.000,397.000,5.000,5.000,1.0,1,1.0
21,45,730.000,397.000,6.000,5.000,1.0,1,1.0
22,45,730.000,397.000,6.000,5.000,1.0,1,1.0
23,45,730.000,398.000,6.000,4.000,1.0,1,1.0
24,45,730.000,398.000,6.000,5.000,1.0,1,1.0
25,45,731.000,398.000,6.000,5.000,1.0,1,1.0
26,45,732.000,398.000,6.000,5.000,1.0,1,1.0
27,45,733.000,397.000,5.000,5.000,1.0,1,1.0
28,45,733.000,394.000,6.000,7.000,1.0,1,1.0
29,45,734.000,392.000,5.000,7.000,1.0,1,1.0
30,45,734.000,392.000,5.000,6.000,1.0,1,1.0
31,45,734.000,391.000,6.000,6.000,1.0,1,1.0
32,45,734.000,390.000,6.000,6.000,1.0,1,1.0
33,45,735.000,388.000,5.000,7.000,1.0,1,1.0
34,45,736.000,387.000,4.000,7.000,1.0,1,1.0
35,45,735.000,385.000,4.000,6.000,1.0,1,1.0
36,45,735.000,384.000,4.000,5.000,1.0,1,1.0
37,45,735.000,381.000,4.000,8.000,1.0,1,1.0
38,45,735.000,380.000,4.000,7.000,1.0,1,1.0
39,45,734.000,378.000,5.000,8.000,1.0,1,1.0
40,45,734.000,377.000,4.000,7.000,1.0,1,1.0
41,45,733.000,375.000,5.000,8.000,1.0,1,1.0
42,45,733.000,374.000,4.000,7.000,1.0,1,1.0
43,45,732.000,372.000,5.000,8.000,1.0,1,1.0
44,45,731.000,371.000,5.000,7.000,1.0,1,1.0
45,45,731.000,369.000,5.000,7.000,1.0,1,1.0
46,45,731.000,366.000,4.000,9.000,1.0,1,1.0
47,45,731.000,364.000,4.000,9.000,1.0,1,1.0
48,45,731.000,362.000,5.000,9.000,1.0,1,1.0
49,45,732.000,360.000,4.000,10.000,1.0,1,1.0
50,45,732.000,359.000,4.000,10.000,1.0,1,1.0
51,45,732.000,357.000,4.000,9.000,1.0,1,1.0
52,45,731.000,355.000,5.000,9.000,1.0,1,1.0
53,45,732.000,353.000,4.000,10.000,1.0,1,1.0
54,45,732.000,351.000,4.000,9.000,1.0,1,1.0
55,45,732.000,349.000,4.000,9.000,1.0,1,1.0
56,45,732.000,347.000,4.000,9.000,1.0,1,1.0
57,45,732.000,344.000,4.000,9.000,1.0,1,1.0
58,45,732.000,342.000,4.000,9.000,1.0,1,1.0
59,45,732.000,340.000,4.000,9.000,1.0,1,1.0
60,45,731.000,338.000,4.000,9.000,1.0,1,1.0
61,45,731.000,336.000,4.000,9.000,1.0,1,1.0
62,45,731.000,334.000,4.000,9.000,1.0,1,1.0
63,45,730.000,332.000,5.000,8.000,1.0,1,1.0
64,45,731.000,331.000,4.000,9.000,1.0,1,1.0
65,45,731.000,331.000,4.000,10.000,1.0,1,1.0
66,45,731.000,331.000,4.000,10.000,1.0,1,1.0
67,45,731.000,331.000,4.000,9.000,1.0,1,1.0
68,45,731.000,331.000,4.000,9.000,1.0,1,1.0
69,45,731.000,331.000,5.000,8.000,1.0,1,1.0
70,45,732.000,329.000,5.000,9.000,1.0,1,1.0
71,45,732.000,329.000,5.000,9.000,1.0,1,1.0
72,45,733.000,327.000,5.000,8.000,1.0,1,1.0
73,45,733.000,325.000,5.000,8.000,1.0,1,1.0
74,45,734.000,324.000,4.000,9.000,1.0,1,1.0
75,45,735.000,322.000,4.000,9.000,1.0,1,1.0
76,45,735.000,321.000,4.000,9.000,1.0,1,1.0
77,45,735.000,321.000,4.000,9.000,1.0,1,1.0
78,45,735.000,320.000,4.000,9.000,1.0,1,1.0
79,45,735.000,319.000,5.000,8.000,1.0,1,1.0
80,45,735.000,317.000,5.000,8.000,1.0,1,1.0
81,45,736.000,316.000,4.000,8.000,1.0,1,1.0
82,45,736.000,315.000,4.000,8.000,1.0,1,1.0
83,45,736.000,314.000,4.000,8.000,1.0,1,1.0
84,45,736.000,313.000,4.000,8.000,1.0,1,1.0
85,45,736.000,313.000,4.000,7.000,1.0,1,1.0
86,45,736.000,313.000,4.000,8.000,1.0,1,1.0
87,45,736.000,310.000,5.000,8.000,1.0,1,1.0
88,45,736.000,308.000,4.000,8.000,1.0,1,1.0
89,45,736.000,308.000,4.000,8.000,1.0,1,1.0
90,45,736.000,307.000,4.000,8.000,1.0,1,1.0
91,45,736.000,305.000,4.000,8.000,1.0,1,1.0
92,45,736.000,304.000,4.000,8.000,1.0,1,1.0
93,45,736.000,303.000,4.000,8.000,1.0,1,1.0
94,45,736.000,300.000,4.000,8.000,1.0,1,1.0
95,45,735.000,299.000,5.000,8.000,1.0,1,1.0
96,45,736.000,297.000,4.000,8.000,1.0,1,1.0
97,45,736.000,295.000,4.000,8.000,1.0,1,1.0
98,45,735.000,294.000,4.000,8.000,1.0,1,1.0
99,45,735.000,293.000,5.000,8.000,1.0,1,1.0
100,45,735.000,292.000,4.000,8.000,1.0,1,1.0
101,45,734.000,290.000,5.000,9.000,1.0,1,1.0
102,45,734.000,290.000,5.000,9.000,1.0,1,1.0
103,45,733.000,289.000,5.000,9.000,1.0,1,1.0
104,45,733.000,289.000,5.000,8.000,1.0,1,1.0
105,45,733.000,288.000,5.000,8.000,1.0,1,1.0
106,45,733.000,287.000,5.000,9.000,1.0,1,1.0
107,45,733.000,287.000,5.000,9.000,1.0,1,1.0
108,45,733.000,287.000,5.000,9.000,1.0,1,1.0
109,45,733.000,287.000,5.000,9.000,1.0,1,1.0
110,45,733.000,287.000,5.000,9.000,1.0,1,1.0
111,45,733.000,287.000,5.000,9.000,1.0,1,1.0
112,45,733.000,286.000,5.000,9.000,1.0,1,1.0
113,45,733.000,285.000,5.000,10.000,1.0,1,1.0
114,45,733.000,284.000,5.000,9.000,1.0,1,1.0
115,45,733.000,283.000,5.000,10.000,1.0,1,1.0
116,45,734.000,282.000,5.000,9.000,1.0,1,1.0
117,45,734.000,281.000,5.000,9.000,1.0,1,1.0
118,45,734.000,280.000,5.000,10.000,1.0,1,1.0
119,45,734.000,279.000,5.000,10.000,1.0,1,1.0
120,45,734.000,278.000,5.000,10.000,1.0,1,1.0
121,45,735.000,277.000,4.000,10.000,1.0,1,1.0
122,45,735.000,275.000,4.000,9.000,1.0,1,1.0
123,45,731.000,273.000,8.000,9.000,1.0,1,1.0
124,45,732.000,272.000,7.000,8.000,1.0,1,1.0
125,45,732.000,270.000,8.000,8.000,1.0,1,1.0
126,45,735.000,267.000,6.000,9.000,1.0,1,1.0
127,45,735.000,266.000,5.000,9.000,1.0,1,1.0
128,45,736.000,264.000,5.000,9.000,1.0,1,1.0
129,45,736.000,262.000,4.000,9.000,1.0,1,1.0
130,45,736.000,260.000,5.000,9.000,1.0,1,1.0
131,45,735.000,259.000,6.000,9.000,1.0,1,1.0
132,45,734.000,258.000,6.000,9.000,1.0,1,1.0
133,45,735.000,257.000,5.000,8.000,1.0,1,1.0
134,45,735.000,255.000,5.000,9.000,1.0,1,1.0
135,45,734.000,255.000,6.000,9.000,1.0,1,1.0
136,45,735.000,254.000,5.000,9.000,1.0,1,1.0
137,45,735.000,252.000,5.000,9.000,1.0,1,1.0
138,45,734.000,251.000,5.000,9.000,1.0,1,1.0
139,45,734.000,251.000,5.000,8.000,1.0,1,1.0
140,45,734.000,250.000,5.000,9.000,1.0,1,1.0
141,45,734.000,248.000,4.000,8.000,1.0,1,1.0
142,45,733.000,247.000,5.000,8.000,1.0,1,1.0
143,45,733.000,246.000,5.000,9.000,1.0,1,1.0
144,45,733.000,245.000,5.000,8.000,1.0,1,1.0
145,45,732.000,243.000,5.000,8.000,1.0,1,1.0
146,45,731.000,243.000,5.000,8.000,1.0,1,1.0
147,45,730.000,243.000,5.000,8.000,1.0,1,1.0
148,45,730.000,240.000,5.000,9.000,1.0,1,1.0
149,45,729.000,239.000,6.000,8.000,1.0,1,1.0
150,45,728.000,239.000,6.000,8.000,1.0,1,1.0
151,45,728.000,238.000,6.000,8.000,1.0,1,1.0
152,45,728.000,238.000,6.000,8.000,1.0,1,1.0
153,45,729.000,237.000,6.000,8.000,1.0,1,1.0
154,45,728.000,236.000,6.000,8.000,1.0,1,1.0
155,45,728.000,236.000,6.000,8.000,1.0,1,1.0
156,45,728.000,235.000,6.000,8.000,1.0,1,1.0
157,45,728.000,234.000,6.000,8.000,1.0,1,1.0
158,45,728.000,233.000,6.000,8.000,1.0,1,1.0
159,45,727.000,231.000,6.000,9.000,1.0,1,1.0
160,45,727.000,230.000,6.000,9.000,1.0,1,1.0
161,45,726.000,228.000,6.000,9.000,1.0,1,1.0
162,45,726.000,227.000,6.000,9.000,1.0,1,1.0
163,45,725.000,225.000,6.000,9.000,1.0,1,1.0
164,45,725.000,224.000,6.000,8.000,1.0,1,1.0
165,45,725.000,222.000,6.000,8.000,1.0,1,1.0
166,45,724.000,221.000,6.000,8.000,1.0,1,1.0
167,45,724.000,219.000,6.000,9.000,1.0,1,1.0
168,45,723.000,217.000,6.000,9.000,1.0,1,1.0
169,45,722.000,215.000,6.000,9.000,1.0,1,1.0
170,45,722.000,215.000,5.000,9.000,1.0,1,1.0
171,45,722.000,212.000,5.000,9.000,1.0,1,1.0
172,45,721.000,211.000,5.000,8.000,1.0,1,1.0
173,45,720.000,209.000,5.000,9.000,1.0,1,1.0
174,45,721.000,207.000,5.000,9.000,1.0,1,1.0
175,45,720.000,205.000,5.000,9.000,1.0,1,1.0
176,45,718.000,204.000,5.000,9.000,1.0,1,1.0
177,45,719.000,202.000,5.000,9.000,1.0,1,1.0
178,45,719.000,201.000,5.000,9.000,1.0,1,1.0
179,45,719.000,199.000,4.000,10.000,1.0,1,1.0
180,45,718.000,198.000,5.000,10.000,1.0,1,1.0
181,45,719.000,197.000,5.000,9.000,1.0,1,1.0
182,45,719.000,194.000,5.000,10.000,1.0,1,1.0
183,45,718.000,193.000,5.000,9.000,1.0,1,1.0
184,45,719.000,190.000,5.000,10.000,1.0,1,1.0
185,45,719.000,189.000,5.000,9.000,1.0,1,1.0
186,45,719.000,187.000,5.000,10.000,1.0,1,1.0
187,45,719.000,186.000,6.000,9.000,1.0,1,1.0
188,45,719.000,185.000,6.000,9.000,1.0,1,1.0
189,45,719.000,185.000,5.000,8.000,1.0,1,1.0
190,45,719.000,185.000,5.000,9.000,1.0,1,1.0
191,45,719.000,185.000,6.000,9.000,1.0,1,1.0
192,45,719.000,185.000,5.000,9.000,1.0,1,1.0
193,45,719.000,185.000,5.000,9.000,1.0,1,1.0
194,45,719.000,185.000,5.000,9.000,1.0,1,1.0
195,45,719.000,185.000,5.000,9.000,1.0,1,1.0
196,45,719.000,185.000,5.000,9.000,1.0,1,1.0
197,45,719.000,185.000,5.000,9.000,1.0,1,1.0
198,45,719.000,185.000,5.000,9.000,1.0,1,1.0
199,45,719.000,185.000,5.000,9.000,1.0,1,1.0
200,45,719.000,185.000,5.000,9.000,1.0,1,1.0
201,45,719.000,185.000,5.000,9.000,1.0,1,1.0
202,45,719.000,185.000,5.000,9.000,1.0,1,1.0
203,45,719.000,185.000,5.000,9.000,1.0,1,1.0
204,45,719.000,185.000,5.000,9.000,1.0,1,1.0
205,45,719.000,185.000,5.000,9.000,1.0,1,1.0
206,45,719.000,185.000,5.000,9.000,1.0,1,1.0
207,45,719.000,185.000,5.000,9.000,1.0,1,1.0
208,45,719.000,185.000,5.000,9.000,1.0,1,1.0
209,45,719.000,185.000,5.000,9.000,1.0,1,1.0
210,45,719.000,185.000,5.000,9.000,1.0,1,1.0
211,45,719.000,185.000,5.000,9.000,1.0,1,1.0
212,45,719.000,185.000,5.000,9.000,1.0,1,1.0
213,45,719.000,185.000,5.000,9.000,1.0,1,1.0
214,45,719.000,185.000,5.000,9.000,1.0,1,1.0
215,45,719.000,185.000,5.000,9.000,1.0,1,1.0
216,45,719.000,185.000,5.000,9.000,1.0,1,1.0
217,45,719.000,185.000,5.000,9.000,1.0,1,1.0
218,45,719.000,185.000,5.000,9.000,1.0,1,1.0
219,45,719.000,185.000,5.000,9.000,1.0,1,1.0
220,45,719.000,185.000,5.000,9.000,1.0,1,1.0
221,45,719.000,185.000,5.000,9.000,1.0,1,1.0
222,45,719.000,185.000,5.000,9.000,1.0,1,1.0
223,45,719.000,185.000,5.000,9.000,1.0,1,1.0
224,45,719.000,185.000,5.000,9.000,1.0,1,1.0
225,45,719.000,186.000,5.000,8.000,1.0,1,1.0
226,45,719.000,186.000,5.000,8.000,1.0,1,1.0
227,45,719.000,186.000,5.000,8.000,1.0,1,1.0
228,45,719.000,186.000,5.000,8.000,1.0,1,1.0
229,45,719.000,186.000,5.000,9.000,1.0,1,1.0
230,45,719.000,186.000,5.000,8.000,1.0,1,1.0
231,45,719.000,186.000,5.000,8.000,1.0,1,1.0
232,45,719.000,186.000,5.000,8.000,1.0,1,1.0
233,45,719.000,186.000,5.000,9.000,1.0,1,1.0
234,45,719.000,186.000,5.000,9.000,1.0,1,1.0
235,45,719.000,186.000,5.000,8.000,1.0,1,1.0
236,45,719.000,186.000,5.000,8.000,1.0,1,1.0
237,45,719.000,186.000,5.000,8.000,1.0,1,1.0
238,45,719.000,186.000,5.000,8.000,1.0,1,1.0
239,45,719.000,185.000,5.000,9.000,1.0,1,1.0
240,45,719.000,185.000,5.000,9.000,1.0,1,1.0
241,45,719.000,185.000,5.000,9.000,1.0,1,1.0
242,45,719.000,185.000,5.000,9.000,1.0,1,1.0
243,45,719.000,186.000,5.000,8.000,1.0,1,1.0
244,45,719.000,186.000,5.000,8.000,1.0,1,1.0
245,45,719.000,185.000,5.000,9.000,1.0,1,1.0
246,45,719.000,184.000,6.000,9.000,1.0,1,1.0
247,45,719.000,183.000,6.000,9.000,1.0,1,1.0
248,45,719.000,182.000,6.000,9.000,1.0,1,1.0
249,45,720.000,180.000,6.000,9.000,1.0,1,1.0
250,45,720.000,178.000,5.000,9.000,1.0,1,1.0
251,45,720.000,176.000,6.000,9.000,1.0,1,1.0
252,45,721.000,175.000,5.000,9.000,1.0,1,1.0
253,45,721.000,174.000,6.000,9.000,1.0,1,1.0
254,45,721.000,172.000,6.000,9.000,1.0,1,1.0
255,45,722.000,170.000,5.000,9.000,1.0,1,1.0
256,45,722.000,168.000,5.000,10.000,1.0,1,1.0
257,45,721.000,167.000,6.000,9.000,1.0,1,1.0
258,45,721.000,165.000,5.000,9.000,1.0,1,1.0
259,45,720.000,163.000,6.000,9.000,1.0,1,1.0
260,45,720.000,161.000,5.000,9.000,1.0,1,1.0
261,45,720.000,159.000,5.000,9.000,1.0,1,1.0
262,45,719.000,157.000,6.000,9.000,1.0,1,1.0
263,45,719.000,156.000,5.000,9.000,1.0,1,1.0
264,45,719.000,154.000,5.000,9.000,1.0,1,1.0
265,45,718.000,153.000,6.000,9.000,1.0,1,1.0
266,45,717.000,152.000,6.000,9.000,1.0,1,1.0
267,45,717.000,150.000,6.000,9.000,1.0,1,1.0
268,45,717.000,148.000,6.000,9.000,1.0,1,1.0
269,45,717.000,147.000,5.000,9.000,1.0,1,1.0
270,45,717.000,146.000,6.000,9.000,1.0,1,1.0
271,45,717.000,144.000,6.000,9.000,1.0,1,1.0
272,45,716.000,142.000,6.000,9.000,1.0,1,1.0
273,45,715.000,141.000,6.000,9.000,1.0,1,1.0
274,45,715.000,139.000,6.000,9.000,1.0,1,1.0
275,45,715.000,137.000,5.000,9.000,1.0,1,1.0
276,45,714.000,136.000,6.000,9.000,1.0,1,1.0
277,45,714.000,134.000,6.000,9.000,1.0,1,1.0
278,45,714.000,132.000,5.000,9.000,1.0,1,1.0
279,45,713.000,131.000,5.000,9.000,1.0,1,1.0
280,45,711.000,130.000,7.000,8.000,1.0,1,1.0
281,45,711.000,128.000,6.000,8.000,1.0,1,1.0
282,45,710.000,127.000,6.000,8.000,1.0,1,1.0
283,45,710.000,126.000,6.000,9.000,1.0,1,1.0
284,45,709.000,126.000,7.000,8.000,1.0,1,1.0
285,45,709.000,124.000,7.000,8.000,1.0,1,1.0
286,45,709.000,122.000,6.000,9.000,1.0,1,1.0
287,45,708.000,121.000,6.000,9.000,1.0,1,1.0
288,45,708.000,120.000,6.000,9.000,1.0,1,1.0
289,45,708.000,118.000,6.000,9.000,1.0,1,1.0
290,45,708.000,116.000,5.000,9.000,1.0,1,1.0
291,45,707.000,116.000,5.000,8.000,1.0,1,1.0
292,45,707.000,115.000,6.000,8.000,1.0,1,1.0
293,45,707.000,113.000,6.000,8.000,1.0,1,1.0
294,45,707.000,111.000,5.000,9.000,1.0,1,1.0
295,45,706.000,110.000,5.000,8.000,1.0,1,1.0
296,45,706.000,108.000,6.000,8.000,1.0,1,1.0
297,45,706.000,106.000,5.000,8.000,1.0,1,1.0
298,45,705.000,104.000,5.000,9.000,1.0,1,1.0
299,45,705.000,102.000,5.000,9.000,1.0,1,1.0
300,45,705.000,100.000,5.000,9.000,1.0,1,1.0
301,45,704.000,99.000,5.000,9.000,1.0,1,1.0
302,45,705.000,97.000,5.000,9.000,1.0,1,1.0
303,45,705.000,95.000,5.000,9.000,1.0,1,1.0
304,45,705.000,94.000,5.000,9.000,1.0,1,1.0
305,45,704.000,93.000,6.000,9.000,1.0,1,1.0
306,45,705.000,91.000,5.000,9.000,1.0,1,1.0
307,45,705.000,89.000,5.000,9.000,1.0,1,1.0
308,45,705.000,88.000,5.000,9.000,1.0,1,1.0
309,45,705.000,86.000,5.000,9.000,1.0,1,1.0
310,45,705.000,84.000,6.000,9.000,1.0,1,1.0
311,45,705.000,82.000,5.000,9.000,1.0,1,1.0
312,45,705.000,81.000,5.000,8.000,1.0,1,1.0
313,45,706.000,79.000,5.000,9.000,1.0,1,1.0
314,45,705.000,77.000,6.000,9.000,1.0,1,1.0
315,45,705.000,75.000,6.000,9.000,1.0,1,1.0
316,45,706.000,73.000,5.000,9.000,1.0,1,1.0
317,45,705.000,71.000,6.000,9.000,1.0,1,1.0
318,45,706.000,70.000,5.000,9.000,1.0,1,1.0
319,45,706.000,68.000,6.000,9.000,1.0,1,1.0
320,45,706.000,67.000,6.000,8.000,1.0,1,1.0
321,45,706.000,65.000,6.000,9.000,1.0,1,1.0
322,45,707.000,63.000,5.000,9.000,1.0,1,1.0
323,45,706.000,61.000,6.000,9.000,1.0,1,1.0
324,45,706.000,60.000,5.000,9.000,1.0,1,1.0
1,40,722.000,395.000,4.000,5.000,1.0,1,1.0
2,40,719.000,395.000,6.000,4.000,1.0,1,1.0
3,40,716.000,394.000,7.000,5.000,1.0,1,1.0
4,40,712.000,394.000,8.000,4.000,1.0,1,1.0
5,40,708.000,394.000,8.000,4.000,1.0,1,1.0
6,40,704.000,394.000,8.000,4.000,1.0,1,1.0
7,40,702.000,394.000,7.000,4.000,1.0,1,1.0
8,40,701.000,393.000,7.000,5.000,1.0,1,1.0
9,40,701.000,394.000,7.000,4.000,1.0,1,1.0
10,40,703.000,394.000,6.000,4.000,1.0,1,1.0
11,40,704.000,394.000,5.000,4.000,1.0,1,1.0
12,40,705.000,394.000,4.000,4.000,1.0,1,1.0
13,40,705.000,393.000,5.000,5.000,1.0,1,1.0
14,40,705.000,394.000,5.000,4.000,1.0,1,1.0
15,40,704.000,394.000,6.000,4.000,1.0,1,1.0
16,40,703.000,393.000,7.000,5.000,1.0,1,1.0
17,40,702.000,393.000,7.000,5.000,1.0,1,1.0
18,40,701.000,393.000,7.000,5.000,1.0,1,1.0
19,40,700.000,393.000,7.000,5.000,1.0,1,1.0
20,40,700.000,393.000,7.000,5.000,1.0,1,1.0
21,40,704.000,359.000,3.000,12.000,1.0,1,1.0
22,40,703.000,317.000,4.000,10.000,1.0,1,1.0
23,40,691.000,290.000,5.000,8.000,1.0,1,1.0
24,40,676.000,277.000,8.000,4.000,1.0,1,1.0
25,40,665.000,276.000,6.000,7.000,1.0,1,1.0
26,40,666.000,276.000,5.000,8.000,1.0,1,1.0
27,40,667.000,274.000,4.000,8.000,1.0,1,1.0
28,40,667.000,271.000,5.000,9.000,1.0,1,1.0
29,40,667.000,267.000,5.000,9.000,1.0,1,1.0
30,40,667.000,265.000,5.000,9.000,1.0,1,1.0
31,40,667.000,264.000,5.000,8.000,1.0,1,1.0
32,40,667.000,263.000,5.000,9.000,1.0,1,1.0
33,40,666.000,261.000,5.000,8.000,1.0,1,1.0
34,40,666.000,259.000,5.000,8.000,1.0,1,1.0
35,40,666.000,258.000,5.000,7.000,1.0,1,1.0
36,40,665.000,255.000,5.000,7.000,1.0,1,1.0
37,40,665.000,252.000,5.000,7.000,1.0,1,1.0
38,40,665.000,249.000,5.000,7.000,1.0,1,1.0
39,40,665.000,246.000,5.000,7.000,1.0,1,1.0
40,40,665.000,243.000,5.000,7.000,1.0,1,1.0
41,40,665.000,240.000,5.000,8.000,1.0,1,1.0
42,40,665.000,235.000,5.000,9.000,1.0,1,1.0
43,40,665.000,231.000,5.000,9.000,1.0,1,1.0
44,40,666.000,227.000,5.000,9.000,1.0,1,1.0
45,40,666.000,223.000,5.000,9.000,1.0,1,1.0
46,40,666.000,219.000,5.000,9.000,1.0,1,1.0
47,40,666.000,215.000,5.000,9.000,1.0,1,1.0
48,40,666.000,211.000,5.000,8.000,1.0,1,1.0
49,40,666.000,206.000,4.000,9.000,1.0,1,1.0
50,40,666.000,202.000,5.000,9.000,1.0,1,1.0
51,40,665.000,198.000,5.000,9.000,1.0,1,1.0
52,40,666.000,194.000,5.000,8.000,1.0,1,1.0
53,40,666.000,189.000,4.000,9.000,1.0,1,1.0
54,40,665.000,185.000,5.000,8.000,1.0,1,1.0
55,40,666.000,181.000,4.000,8.000,1.0,1,1.0
56,40,666.000,177.000,5.000,8.000,1.0,1,1.0
57,40,666.000,174.000,5.000,9.000,1.0,1,1.0
58,40,666.000,171.000,5.000,8.000,1.0,1,1.0
59,40,666.000,167.000,5.000,9.000,1.0,1,1.0
60,40,666.000,163.000,5.000,9.000,1.0,1,1.0
61,40,666.000,159.000,5.000,9.000,1.0,1,1.0
62,40,666.000,156.000,5.000,9.000,1.0,1,1.0
63,40,666.000,153.000,5.000,9.000,1.0,1,1.0
64,40,666.000,151.000,5.000,9.000,1.0,1,1.0
65,40,666.000,149.000,5.000,8.000,1.0,1,1.0
66,40,666.000,146.000,5.000,9.000,1.0,1,1.0
67,40,666.000,143.000,5.000,9.000,1.0,1,1.0
68,40,666.000,140.000,5.000,9.000,1.0,1,1.0
69,40,666.000,138.000,5.000,9.000,1.0,1,1.0
70,40,666.000,136.000,5.000,8.000,1.0,1,1.0
71,40,666.000,134.000,5.000,9.000,1.0,1,1.0
72,40,666.000,133.000,5.000,9.000,1.0,1,1.0
73,40,666.000,132.000,5.000,9.000,1.0,1,1.0
74,40,666.000,132.000,5.000,8.000,1.0,1,1.0
75,40,666.000,132.000,5.000,8.000,1.0,1,1.0
76,40,666.000,132.000,5.000,8.000,1.0,1,1.0
77,40,666.000,132.000,5.000,8.000,1.0,1,1.0
78,40,666.000,132.000,5.000,8.000,1.0,1,1.0
79,40,666.000,132.000,5.000,8.000,1.0,1,1.0
80,40,667.000,131.000,4.000,9.000,1.0,1,1.0
81,40,667.000,131.000,4.000,9.000,1.0,1,1.0
82,40,667.000,131.000,4.000,9.000,1.0,1,1.0
83,40,666.000,131.000,5.000,8.000,1.0,1,1.0
84,40,666.000,131.000,5.000,8.000,1.0,1,1.0
85,40,667.000,131.000,4.000,9.000,1.0,1,1.0
86,40,667.000,131.000,4.000,9.000,1.0,1,1.0
87,40,667.000,131.000,4.000,9.000,1.0,1,1.0
88,40,666.000,131.000,5.000,9.000,1.0,1,1.0
89,40,666.000,131.000,5.000,8.000,1.0,1,1.0
90,40,666.000,130.000,5.000,9.000,1.0,1,1.0
91,40,666.000,130.000,5.000,9.000,1.0,1,1.0
92,40,690.000,113.000,10.000,10.000,1.0,1,1.0
93,40,710.000,93.000,4.000,9.000,1.0,1,1.0
94,40,710.000,81.000,6.000,6.000,1.0,1,1.0
95,40,709.000,80.000,5.000,9.000,1.0,1,1.0
96,40,709.000,79.000,6.000,9.000,1.0,1,1.0
97,40,710.000,78.000,5.000,9.000,1.0,1,1.0
98,40,710.000,77.000,5.000,9.000,1.0,1,1.0
99,40,711.000,74.000,5.000,9.000,1.0,1,1.0
100,40,711.000,71.000,5.000,9.000,1.0,1,1.0
101,40,711.000,69.000,5.000,9.000,1.0,1,1.0
102,40,711.000,66.000,5.000,9.000,1.0,1,1.0
103,40,711.000,63.000,5.000,9.000,1.0,1,1.0
104,40,711.000,61.000,5.000,9.000,1.0,1,1.0
105,40,711.000,58.000,5.000,9.000,1.0,1,1.0
106,40,710.000,55.000,5.000,9.000,1.0,1,1.0
107,40,709.000,52.000,6.000,9.000,1.0,1,1.0
108,40,709.000,49.000,5.000,9.000,1.0,1,1.0
109,40,708.000,47.000,5.000,9.000,1.0,1,1.0
110,40,707.000,44.000,5.000,9.000,1.0,1,1.0
111,40,705.000,41.000,6.000,9.000,1.0,1,1.0
112,40,705.000,37.000,5.000,10.000,1.0,1,1.0
113,40,703.000,35.000,6.000,8.000,1.0,1,1.0
114,40,703.000,28.000,5.000,12.000,1.0,1,1.0
115,40,702.000,28.000,5.000,9.000,1.0,1,1.0
1,27,414.000,396.000,5.000,3.000,1.0,1,1.0
4,27,417.000,350.000,6.000,13.000,1.0,1,1.0
5,27,422.000,338.000,7.000,8.000,1.0,1,1.0
6,27,441.000,320.000,13.000,6.000,1.0,1,1.0
7,27,471.000,309.000,5.000,8.000,1.0,1,1.0
8,27,472.000,307.000,5.000,10.000,1.0,1,1.0
9,27,472.000,305.000,5.000,9.000,1.0,1,1.0
10,27,473.000,302.000,5.000,9.000,1.0,1,1.0
11,27,473.000,299.000,5.000,10.000,1.0,1,1.0
12,27,473.000,298.000,5.000,9.000,1.0,1,1.0
13,27,473.000,297.000,6.000,10.000,1.0,1,1.0
14,27,473.000,297.000,6.000,9.000,1.0,1,1.0
15,27,473.000,297.000,6.000,9.000,1.0,1,1.0
16,27,472.000,294.000,6.000,9.000,1.0,1,1.0
17,27,471.000,291.000,6.000,9.000,1.0,1,1.0
18,27,469.000,290.000,7.000,7.000,1.0,1,1.0
19,27,467.000,288.000,7.000,7.000,1.0,1,1.0
20,27,465.000,286.000,8.000,7.000,1.0,1,1.0
21,27,464.000,285.000,8.000,7.000,1.0,1,1.0
22,27,464.000,285.000,7.000,7.000,1.0,1,1.0
23,27,463.000,285.000,8.000,6.000,1.0,1,1.0
24,27,463.000,285.000,8.000,6.000,1.0,1,1.0
25,27,434.000,271.000,10.000,8.000,1.0,1,1.0
26,27,425.000,261.000,8.000,6.000,1.0,1,1.0
27,27,425.000,282.000,7.000,8.000,1.0,1,1.0
28,27,440.000,308.000,8.000,10.000,1.0,1,1.0
29,27,440.000,325.000,5.000,9.000,1.0,1,1.0
30,27,440.000,323.000,5.000,9.000,1.0,1,1.0
31,27,439.000,321.000,5.000,9.000,1.0,1,1.0
32,27,438.000,317.000,5.000,9.000,1.0,1,1.0
33,27,437.000,314.000,5.000,9.000,1.0,1,1.0
34,27,436.000,313.000,5.000,9.000,1.0,1,1.0
35,27,436.000,312.000,5.000,9.000,1.0,1,1.0
36,27,436.000,312.000,5.000,9.000,1.0,1,1.0
37,27,436.000,312.000,5.000,9.000,1.0,1,1.0
38,27,436.000,311.000,5.000,9.000,1.0,1,1.0
39,27,434.000,308.000,6.000,8.000,1.0,1,1.0
40,27,428.000,288.000,8.000,8.000,1.0,1,1.0
41,27,405.000,260.000,10.000,8.000,1.0,1,1.0
42,27,409.000,250.000,7.000,5.000,1.0,1,1.0
43,27,413.000,252.000,8.000,8.000,1.0,1,1.0
46,27,413.000,279.000,5.000,8.000,1.0,1,1.0
47,27,412.000,279.000,6.000,8.000,1.0,1,1.0
48,27,414.000,277.000,6.000,8.000,1.0,1,1.0
49,27,415.000,276.000,6.000,8.000,1.0,1,1.0
50,27,416.000,273.000,6.000,8.000,1.0,1,1.0
51,27,417.000,270.000,6.000,9.000,1.0,1,1.0
52,27,418.000,267.000,5.000,9.000,1.0,1,1.0
53,27,418.000,265.000,5.000,9.000,1.0,1,1.0
54,27,418.000,264.000,5.000,9.000,1.0,1,1.0
55,27,418.000,261.000,4.000,10.000,1.0,1,1.0
56,27,417.000,258.000,4.000,10.000,1.0,1,1.0
57,27,416.000,255.000,4.000,10.000,1.0,1,1.0
58,27,415.000,253.000,5.000,10.000,1.0,1,1.0
59,27,415.000,251.000,5.000,10.000,1.0,1,1.0
60,27,415.000,251.000,4.000,9.000,1.0,1,1.0
61,27,414.000,249.000,5.000,9.000,1.0,1,1.0
62,27,414.000,247.000,5.000,9.000,1.0,1,1.0
63,27,413.000,243.000,5.000,10.000,1.0,1,1.0
64,27,413.000,239.000,5.000,10.000,1.0,1,1.0
65,27,413.000,235.000,5.000,10.000,1.0,1,1.0
66,27,414.000,231.000,4.000,10.000,1.0,1,1.0
67,27,414.000,227.000,5.000,10.000,1.0,1,1.0
68,27,414.000,223.000,5.000,9.000,1.0,1,1.0
69,27,416.000,219.000,5.000,9.000,1.0,1,1.0
70,27,417.000,216.000,6.000,9.000,1.0,1,1.0
71,27,419.000,212.000,5.000,9.000,1.0,1,1.0
72,27,420.000,209.000,6.000,9.000,1.0,1,1.0
73,27,422.000,205.000,6.000,9.000,1.0,1,1.0
74,27,424.000,202.000,6.000,8.000,1.0,1,1.0
75,27,425.000,200.000,7.000,8.000,1.0,1,1.0
76,27,427.000,197.000,7.000,8.000,1.0,1,1.0
77,27,429.000,195.000,7.000,8.000,1.0,1,1.0
78,27,431.000,192.000,7.000,8.000,1.0,1,1.0
79,27,434.000,189.000,6.000,8.000,1.0,1,1.0
80,27,435.000,187.000,7.000,7.000,1.0,1,1.0
81,27,437.000,184.000,6.000,8.000,1.0,1,1.0
82,27,437.000,183.000,7.000,7.000,1.0,1,1.0
83,27,439.000,180.000,6.000,8.000,1.0,1,1.0
84,27,440.000,178.000,6.000,8.000,1.0,1,1.0
85,27,441.000,176.000,6.000,9.000,1.0,1,1.0
86,27,441.000,176.000,7.000,8.000,1.0,1,1.0
87,27,442.000,176.000,6.000,8.000,1.0,1,1.0
88,27,442.000,176.000,6.000,8.000,1.0,1,1.0
89,27,442.000,175.000,7.000,8.000,1.0,1,1.0
90,27,442.000,174.000,7.000,8.000,1.0,1,1.0
91,27,446.000,168.000,6.000,8.000,1.0,1,1.0
92,27,458.000,137.000,10.000,11.000,1.0,1,1.0
93,27,467.000,115.000,6.000,4.000,1.0,1,1.0
94,27,466.000,117.000,6.000,5.000,1.0,1,1.0
95,27,471.000,116.000,7.000,5.000,1.0,1,1.0
96,27,470.000,123.000,5.000,8.000,1.0,1,1.0
97,27,465.000,128.000,7.000,5.000,1.0,1,1.0
98,27,465.000,136.000,5.000,10.000,1.0,1,1.0
99,27,461.000,159.000,8.000,7.000,1.0,1,1.0
100,27,419.000,172.000,18.000,7.000,1.0,1,1.0
101,27,411.000,184.000,9.000,6.000,1.0,1,1.0
102,27,405.000,195.000,5.000,5.000,1.0,1,1.0
103,27,405.000,195.000,4.000,8.000,1.0,1,1.0
104,27,404.000,195.000,5.000,8.000,1.0,1,1.0
105,27,405.000,192.000,5.000,8.000,1.0,1,1.0
106,27,406.000,190.000,5.000,9.000,1.0,1,1.0
107,27,406.000,189.000,5.000,9.000,1.0,1,1.0
108,27,406.000,187.000,5.000,8.000,1.0,1,1.0
109,27,407.000,184.000,5.000,9.000,1.0,1,1.0
110,27,407.000,181.000,5.000,9.000,1.0,1,1.0
111,27,407.000,179.000,6.000,8.000,1.0,1,1.0
112,27,408.000,176.000,5.000,9.000,1.0,1,1.0
113,27,408.000,174.000,6.000,9.000,1.0,1,1.0
114,27,409.000,171.000,5.000,9.000,1.0,1,1.0
115,27,409.000,169.000,5.000,9.000,1.0,1,1.0
116,27,410.000,166.000,5.000,9.000,1.0,1,1.0
117,27,410.000,163.000,5.000,9.000,1.0,1,1.0
118,27,410.000,160.000,5.000,9.000,1.0,1,1.0
119,27,411.000,157.000,5.000,9.000,1.0,1,1.0
120,27,411.000,155.000,5.000,9.000,1.0,1,1.0
121,27,411.000,152.000,5.000,9.000,1.0,1,1.0
122,27,412.000,150.000,4.000,8.000,1.0,1,1.0
123,27,412.000,147.000,5.000,9.000,1.0,1,1.0
124,27,413.000,145.000,5.000,9.000,1.0,1,1.0
125,27,413.000,142.000,6.000,8.000,1.0,1,1.0
126,27,415.000,139.000,6.000,8.000,1.0,1,1.0
127,27,417.000,137.000,6.000,7.000,1.0,1,1.0
128,27,419.000,134.000,6.000,8.000,1.0,1,1.0
129,27,420.000,132.000,7.000,7.000,1.0,1,1.0
130,27,423.000,130.000,7.000,6.000,1.0,1,1.0
131,27,425.000,128.000,8.000,6.000,1.0,1,1.0
132,27,429.000,125.000,7.000,7.000,1.0,1,1.0
133,27,431.000,123.000,8.000,6.000,1.0,1,1.0
134,27,434.000,120.000,7.000,6.000,1.0,1,1.0
135,27,436.000,117.000,8.000,7.000,1.0,1,1.0
136,27,438.000,115.000,9.000,7.000,1.0,1,1.0
137,27,441.000,113.000,8.000,6.000,1.0,1,1.0
138,27,444.000,111.000,8.000,6.000,1.0,1,1.0
139,27,447.000,111.000,9.000,4.000,1.0,1,1.0
140,27,450.000,111.000,9.000,5.000,1.0,1,1.0
141,27,452.000,112.000,9.000,4.000,1.0,1,1.0
142,27,455.000,112.000,8.000,5.000,1.0,1,1.0
143,27,457.000,112.000,8.000,5.000,1.0,1,1.0
144,27,459.000,112.000,8.000,5.000,1.0,1,1.0
145,27,461.000,112.000,7.000,5.000,1.0,1,1.0
146,27,462.000,110.000,8.000,6.000,1.0,1,1.0
147,27,464.000,108.000,6.000,6.000,1.0,1,1.0
148,27,465.000,105.000,6.000,7.000,1.0,1,1.0
149,27,467.000,103.000,6.000,7.000,1.0,1,1.0
150,27,468.000,100.000,6.000,7.000,1.0,1,1.0
151,27,469.000,99.000,6.000,7.000,1.0,1,1.0
152,27,470.000,96.000,6.000,7.000,1.0,1,1.0
153,27,471.000,94.000,6.000,7.000,1.0,1,1.0
154,27,472.000,92.000,5.000,7.000,1.0,1,1.0
155,27,472.000,90.000,6.000,7.000,1.0,1,1.0
156,27,474.000,88.000,5.000,6.000,1.0,1,1.0
157,27,474.000,85.000,5.000,7.000,1.0,1,1.0
158,27,474.000,82.000,5.000,7.000,1.0,1,1.0
159,27,474.000,80.000,5.000,7.000,1.0,1,1.0
160,27,474.000,78.000,5.000,7.000,1.0,1,1.0
161,27,474.000,74.000,5.000,8.000,1.0,1,1.0
162,27,473.000,70.000,5.000,8.000,1.0,1,1.0
163,27,473.000,67.000,5.000,8.000,1.0,1,1.0
164,27,473.000,63.000,5.000,9.000,1.0,1,1.0
165,27,473.000,60.000,5.000,8.000,1.0,1,1.0
166,27,473.000,56.000,5.000,8.000,1.0,1,1.0
167,27,473.000,51.000,5.000,8.000,1.0,1,1.0
168,27,473.000,47.000,5.000,9.000,1.0,1,1.0
169,27,473.000,43.000,5.000,9.000,1.0,1,1.0
170,27,473.000,41.000,5.000,9.000,1.0,1,1.0
171,27,473.000,38.000,5.000,10.000,1.0,1,1.0
172,27,473.000,37.000,5.000,8.000,1.0,1,1.0
173,27,472.000,36.000,6.000,8.000,1.0,1,1.0
174,27,472.000,35.000,6.000,8.000,1.0,1,1.0
175,27,472.000,35.000,6.000,7.000,1.0,1,1.0
176,27,472.000,35.000,6.000,7.000,1.0,1,1.0
177,27,472.000,34.000,6.000,8.000,1.0,1,1.0
178,27,472.000,34.000,6.000,8.000,1.0,1,1.0
179,27,472.000,34.000,6.000,8.000,1.0,1,1.0
180,27,472.000,35.000,6.000,7.000,1.0,1,1.0
181,27,473.000,34.000,5.000,8.000,1.0,1,1.0
182,27,472.000,35.000,6.000,7.000,1.0,1,1.0
183,27,472.000,35.000,6.000,6.000,1.0,1,1.0
184,27,472.000,35.000,6.000,6.000,1.0,1,1.0
185,27,473.000,35.000,5.000,5.000,1.0,1,1.0
186,27,472.000,34.000,6.000,6.000,1.0,1,1.0
195,27,458.000,43.000,8.000,8.000,1.0,1,1.0
196,27,463.000,53.000,6.000,5.000,1.0,1,1.0
197,27,461.000,57.000,6.000,6.000,1.0,1,1.0
198,27,463.000,78.000,5.000,13.000,1.0,1,1.0
199,27,467.000,123.000,10.000,8.000,1.0,1,1.0
200,27,443.000,141.000,8.000,11.000,1.0,1,1.0
201,27,473.000,196.000,7.000,12.000,1.0,1,1.0
202,27,466.000,211.000,7.000,8.000,1.0,1,1.0
203,27,465.000,222.000,8.000,6.000,1.0,1,1.0
204,27,471.000,228.000,7.000,9.000,1.0,1,1.0
205,27,471.000,228.000,6.000,9.000,1.0,1,1.0
206,27,471.000,227.000,6.000,9.000,1.0,1,1.0
207,27,471.000,225.000,6.000,10.000,1.0,1,1.0
208,27,471.000,223.000,6.000,9.000,1.0,1,1.0
209,27,471.000,219.000,6.000,9.000,1.0,1,1.0
210,27,471.000,215.000,6.000,10.000,1.0,1,1.0
211,27,471.000,213.000,5.000,9.000,1.0,1,1.0
212,27,471.000,210.000,5.000,10.000,1.0,1,1.0
213,27,471.000,207.000,5.000,10.000,1.0,1,1.0
214,27,471.000,205.000,5.000,10.000,1.0,1,1.0
215,27,471.000,203.000,5.000,9.000,1.0,1,1.0
216,27,471.000,200.000,5.000,9.000,1.0,1,1.0
217,27,471.000,197.000,5.000,10.000,1.0,1,1.0
218,27,471.000,195.000,6.000,9.000,1.0,1,1.0
219,27,471.000,192.000,6.000,10.000,1.0,1,1.0
220,27,471.000,189.000,6.000,10.000,1.0,1,1.0
221,27,471.000,186.000,6.000,9.000,1.0,1,1.0
222,27,471.000,182.000,6.000,10.000,1.0,1,1.0
223,27,471.000,179.000,6.000,9.000,1.0,1,1.0
224,27,471.000,176.000,5.000,9.000,1.0,1,1.0
225,27,470.000,173.000,6.000,10.000,1.0,1,1.0
226,27,470.000,171.000,5.000,9.000,1.0,1,1.0
227,27,469.000,168.000,6.000,10.000,1.0,1,1.0
228,27,468.000,165.000,6.000,9.000,1.0,1,1.0
229,27,467.000,162.000,6.000,8.000,1.0,1,1.0
230,27,466.000,159.000,6.000,8.000,1.0,1,1.0
231,27,464.000,156.000,7.000,8.000,1.0,1,1.0
232,27,462.000,153.000,7.000,8.000,1.0,1,1.0
233,27,460.000,150.000,7.000,8.000,1.0,1,1.0
234,27,458.000,147.000,7.000,8.000,1.0,1,1.0
235,27,456.000,143.000,8.000,8.000,1.0,1,1.0
236,27,454.000,140.000,8.000,8.000,1.0,1,1.0
237,27,452.000,137.000,7.000,8.000,1.0,1,1.0
238,27,449.000,134.000,8.000,8.000,1.0,1,1.0
239,27,447.000,131.000,8.000,8.000,1.0,1,1.0
240,27,444.000,128.000,8.000,8.000,1.0,1,1.0
241,27,442.000,126.000,8.000,7.000,1.0,1,1.0
242,27,439.000,124.000,8.000,7.000,1.0,1,1.0
243,27,436.000,121.000,9.000,7.000,1.0,1,1.0
244,27,433.000,118.000,8.000,8.000,1.0,1,1.0
245,27,430.000,116.000,8.000,7.000,1.0,1,1.0
246,27,428.000,114.000,8.000,7.000,1.0,1,1.0
247,27,426.000,112.000,9.000,7.000,1.0,1,1.0
248,27,423.000,110.000,9.000,7.000,1.0,1,1.0
249,27,421.000,108.000,9.000,6.000,1.0,1,1.0
250,27,418.000,106.000,9.000,6.000,1.0,1,1.0
251,27,416.000,104.000,8.000,6.000,1.0,1,1.0
252,27,413.000,102.000,9.000,6.000,1.0,1,1.0
253,27,411.000,100.000,8.000,6.000,1.0,1,1.0
254,27,409.000,99.000,8.000,5.000,1.0,1,1.0
255,27,408.000,97.000,7.000,6.000,1.0,1,1.0
256,27,407.000,96.000,7.000,6.000,1.0,1,1.0
257,27,406.000,95.000,7.000,6.000,1.0,1,1.0
258,27,405.000,94.000,7.000,6.000,1.0,1,1.0
259,27,405.000,93.000,7.000,5.000,1.0,1,1.0
260,27,404.000,90.000,6.000,7.000,1.0,1,1.0
261,27,404.000,87.000,6.000,8.000,1.0,1,1.0
262,27,404.000,84.000,6.000,8.000,1.0,1,1.0
263,27,403.000,81.000,6.000,8.000,1.0,1,1.0
264,27,403.000,77.000,6.000,9.000,1.0,1,1.0
265,27,403.000,73.000,6.000,9.000,1.0,1,1.0
266,27,403.000,69.000,6.000,9.000,1.0,1,1.0
267,27,403.000,65.000,6.000,9.000,1.0,1,1.0
268,27,403.000,62.000,6.000,8.000,1.0,1,1.0
269,27,403.000,57.000,6.000,9.000,1.0,1,1.0
270,27,403.000,54.000,6.000,8.000,1.0,1,1.0
271,27,403.000,50.000,6.000,9.000,1.0,1,1.0
272,27,403.000,46.000,5.000,8.000,1.0,1,1.0
273,27,403.000,43.000,5.000,8.000,1.0,1,1.0
274,27,403.000,38.000,8.000,8.000,1.0,1,1.0
275,27,402.000,35.000,6.000,8.000,1.0,1,1.0
276,27,402.000,36.000,6.000,8.000,1.0,1,1.0
277,27,403.000,36.000,5.000,8.000,1.0,1,1.0
278,27,403.000,37.000,5.000,7.000,1.0,1,1.0
279,27,403.000,37.000,5.000,7.000,1.0,1,1.0
280,27,403.000,37.000,6.000,7.000,1.0,1,1.0
281,27,404.000,38.000,5.000,6.000,1.0,1,1.0
282,27,405.000,39.000,5.000,6.000,1.0,1,1.0
283,27,405.000,41.000,7.000,5.000,1.0,1,1.0
284,27,407.000,42.000,6.000,6.000,1.0,1,1.0
285,27,408.000,44.000,7.000,6.000,1.0,1,1.0
286,27,409.000,45.000,7.000,7.000,1.0,1,1.0
287,27,411.000,48.000,6.000,7.000,1.0,1,1.0
288,27,412.000,50.000,6.000,8.000,1.0,1,1.0
289,27,413.000,53.000,6.000,8.000,1.0,1,1.0
290,27,414.000,56.000,6.000,9.000,1.0,1,1.0
291,27,415.000,60.000,6.000,8.000,1.0,1,1.0
292,27,416.000,63.000,6.000,9.000,1.0,1,1.0
293,27,417.000,66.000,5.000,9.000,1.0,1,1.0
294,27,417.000,70.000,6.000,9.000,1.0,1,1.0
295,27,418.000,73.000,5.000,10.000,1.0,1,1.0
296,27,418.000,77.000,5.000,10.000,1.0,1,1.0
297,27,418.000,81.000,5.000,9.000,1.0,1,1.0
298,27,418.000,84.000,5.000,9.000,1.0,1,1.0
299,27,419.000,87.000,5.000,10.000,1.0,1,1.0
300,27,418.000,91.000,5.000,10.000,1.0,1,1.0
301,27,419.000,96.000,5.000,9.000,1.0,1,1.0
302,27,418.000,99.000,6.000,10.000,1.0,1,1.0
303,27,419.000,103.000,5.000,10.000,1.0,1,1.0
304,27,419.000,107.000,5.000,9.000,1.0,1,1.0
305,27,420.000,110.000,5.000,9.000,1.0,1,1.0
306,27,420.000,113.000,6.000,10.000,1.0,1,1.0
307,27,421.000,117.000,6.000,9.000,1.0,1,1.0
308,27,422.000,119.000,7.000,9.000,1.0,1,1.0
309,27,424.000,123.000,7.000,8.000,1.0,1,1.0
310,27,427.000,125.000,7.000,9.000,1.0,1,1.0
311,27,428.000,129.000,7.000,8.000,1.0,1,1.0
312,27,430.000,132.000,7.000,9.000,1.0,1,1.0
313,27,431.000,136.000,7.000,8.000,1.0,1,1.0
314,27,432.000,138.000,7.000,9.000,1.0,1,1.0
315,27,432.000,142.000,7.000,8.000,1.0,1,1.0
316,27,434.000,144.000,7.000,9.000,1.0,1,1.0
317,27,435.000,148.000,6.000,9.000,1.0,1,1.0
318,27,435.000,151.000,6.000,10.000,1.0,1,1.0
319,27,435.000,155.000,5.000,10.000,1.0,1,1.0
320,27,434.000,159.000,6.000,9.000,1.0,1,1.0
321,27,433.000,163.000,6.000,9.000,1.0,1,1.0
322,27,432.000,166.000,6.000,9.000,1.0,1,1.0
323,27,431.000,169.000,6.000,9.000,1.0,1,1.0
324,27,429.000,172.000,6.000,10.000,1.0,1,1.0
1,44,667.000,394.000,7.000,8.000,1.0,1,1.0
2,44,668.000,395.000,8.000,8.000,1.0,1,1.0
3,44,668.000,394.000,8.000,8.000,1.0,1,1.0
4,44,668.000,395.000,9.000,8.000,1.0,1,1.0
5,44,668.000,394.000,8.000,8.000,1.0,1,1.0
6,44,668.000,394.000,9.000,9.000,1.0,1,1.0
7,44,668.000,395.000,9.000,8.000,1.0,1,1.0
8,44,667.000,394.000,9.000,10.000,1.0,1,1.0
9,44,665.000,392.000,9.000,10.000,1.0,1,1.0
10,44,666.000,390.000,7.000,10.000,1.0,1,1.0
11,44,666.000,388.000,6.000,10.000,1.0,1,1.0
12,44,666.000,387.000,6.000,10.000,1.0,1,1.0
13,44,665.000,388.000,6.000,12.000,1.0,1,1.0
14,44,664.000,388.000,7.000,9.000,1.0,1,1.0
15,44,665.000,386.000,6.000,9.000,1.0,1,1.0
16,44,665.000,385.000,6.000,9.000,1.0,1,1.0
17,44,665.000,381.000,5.000,10.000,1.0,1,1.0
18,44,665.000,376.000,4.000,9.000,1.0,1,1.0
19,44,665.000,373.000,4.000,8.000,1.0,1,1.0
20,44,665.000,368.000,4.000,8.000,1.0,1,1.0
21,44,665.000,365.000,4.000,8.000,1.0,1,1.0
22,44,665.000,363.000,5.000,8.000,1.0,1,1.0
23,44,666.000,360.000,4.000,8.000,1.0,1,1.0
24,44,665.000,355.000,5.000,9.000,1.0,1,1.0
25,44,665.000,351.000,5.000,9.000,1.0,1,1.0
26,44,665.000,347.000,5.000,9.000,1.0,1,1.0
27,44,665.000,343.000,5.000,9.000,1.0,1,1.0
29,44,728.000,389.000,5.000,6.000,1.0,1,1.0
30,44,727.000,390.000,6.000,6.000,1.0,1,1.0
31,44,728.000,390.000,5.000,6.000,1.0,1,1.0
32,44,728.000,390.000,5.000,5.000,1.0,1,1.0
33,44,728.000,390.000,6.000,5.000,1.0,1,1.0
34,44,728.000,390.000,6.000,5.000,1.0,1,1.0
35,44,728.000,389.000,6.000,6.000,1.0,1,1.0
36,44,728.000,390.000,6.000,6.000,1.0,1,1.0
37,44,727.000,390.000,7.000,6.000,1.0,1,1.0
38,44,728.000,390.000,6.000,6.000,1.0,1,1.0
39,44,727.000,390.000,7.000,6.000,1.0,1,1.0
40,44,728.000,390.000,6.000,6.000,1.0,1,1.0
41,44,728.000,390.000,6.000,5.000,1.0,1,1.0
42,44,727.000,389.000,6.000,6.000,1.0,1,1.0
43,44,727.000,387.000,6.000,7.000,1.0,1,1.0
44,44,726.000,386.000,6.000,7.000,1.0,1,1.0
45,44,726.000,385.000,6.000,7.000,1.0,1,1.0
46,44,726.000,384.000,6.000,8.000,1.0,1,1.0
47,44,725.000,382.000,6.000,8.000,1.0,1,1.0
48,44,724.000,381.000,6.000,7.000,1.0,1,1.0
49,44,723.000,379.000,6.000,7.000,1.0,1,1.0
50,44,722.000,378.000,7.000,7.000,1.0,1,1.0
51,44,721.000,377.000,7.000,7.000,1.0,1,1.0
52,44,721.000,375.000,5.000,8.000,1.0,1,1.0
53,44,722.000,371.000,4.000,9.000,1.0,1,1.0
54,44,723.000,368.000,4.000,10.000,1.0,1,1.0
55,44,723.000,365.000,5.000,9.000,1.0,1,1.0
56,44,724.000,361.000,4.000,9.000,1.0,1,1.0
57,44,725.000,357.000,4.000,9.000,1.0,1,1.0
58,44,726.000,353.000,4.000,9.000,1.0,1,1.0
59,44,726.000,348.000,4.000,10.000,1.0,1,1.0
60,44,726.000,344.000,4.000,9.000,1.0,1,1.0
61,44,726.000,340.000,4.000,8.000,1.0,1,1.0
62,44,726.000,335.000,4.000,9.000,1.0,1,1.0
63,44,725.000,331.000,4.000,9.000,1.0,1,1.0
64,44,725.000,327.000,4.000,10.000,1.0,1,1.0
65,44,724.000,323.000,4.000,9.000,1.0,1,1.0
66,44,723.000,320.000,5.000,9.000,1.0,1,1.0
67,44,722.000,317.000,4.000,8.000,1.0,1,1.0
68,44,721.000,313.000,5.000,9.000,1.0,1,1.0
69,44,721.000,310.000,4.000,9.000,1.0,1,1.0
70,44,719.000,307.000,5.000,9.000,1.0,1,1.0
71,44,719.000,304.000,4.000,9.000,1.0,1,1.0
72,44,718.000,300.000,5.000,9.000,1.0,1,1.0
73,44,717.000,296.000,5.000,9.000,1.0,1,1.0
74,44,716.000,293.000,5.000,9.000,1.0,1,1.0
75,44,716.000,290.000,5.000,9.000,1.0,1,1.0
76,44,716.000,287.000,4.000,9.000,1.0,1,1.0
77,44,715.000,285.000,5.000,9.000,1.0,1,1.0
78,44,715.000,284.000,5.000,9.000,1.0,1,1.0
79,44,715.000,284.000,5.000,9.000,1.0,1,1.0
80,44,715.000,284.000,5.000,9.000,1.0,1,1.0
81,44,715.000,283.000,5.000,9.000,1.0,1,1.0
82,44,715.000,282.000,4.000,9.000,1.0,1,1.0
83,44,715.000,281.000,5.000,9.000,1.0,1,1.0
84,44,715.000,280.000,5.000,9.000,1.0,1,1.0
85,44,714.000,280.000,5.000,9.000,1.0,1,1.0
86,44,704.000,270.000,8.000,9.000,1.0,1,1.0
87,44,677.000,239.000,7.000,9.000,1.0,1,1.0
88,44,666.000,225.000,5.000,5.000,1.0,1,1.0
89,44,666.000,225.000,5.000,5.000,1.0,1,1.0
90,44,666.000,225.000,5.000,5.000,1.0,1,1.0
91,44,666.000,224.000,5.000,6.000,1.0,1,1.0
92,44,666.000,224.000,5.000,6.000,1.0,1,1.0
93,44,666.000,224.000,5.000,6.000,1.0,1,1.0
94,44,666.000,222.000,5.000,7.000,1.0,1,1.0
95,44,666.000,220.000,5.000,7.000,1.0,1,1.0
96,44,667.000,217.000,4.000,8.000,1.0,1,1.0
97,44,667.000,214.000,4.000,9.000,1.0,1,1.0
98,44,667.000,212.000,4.000,8.000,1.0,1,1.0
99,44,666.000,210.000,5.000,9.000,1.0,1,1.0
100,44,666.000,210.000,5.000,9.000,1.0,1,1.0
101,44,666.000,210.000,5.000,9.000,1.0,1,1.0
102,44,666.000,210.000,5.000,8.000,1.0,1,1.0
103,44,666.000,210.000,5.000,7.000,1.0,1,1.0
104,44,665.000,209.000,5.000,7.000,1.0,1,1.0
105,44,665.000,208.000,5.000,6.000,1.0,1,1.0
106,44,665.000,207.000,5.000,6.000,1.0,1,1.0
107,44,665.000,206.000,6.000,6.000,1.0,1,1.0
108,44,666.000,206.000,6.000,6.000,1.0,1,1.0
109,44,667.000,206.000,6.000,6.000,1.0,1,1.0
110,44,668.000,206.000,6.000,6.000,1.0,1,1.0
111,44,669.000,206.000,7.000,5.000,1.0,1,1.0
112,44,671.000,206.000,7.000,6.000,1.0,1,1.0
113,44,673.000,204.000,7.000,6.000,1.0,1,1.0
114,44,675.000,202.000,7.000,7.000,1.0,1,1.0
115,44,677.000,198.000,6.000,8.000,1.0,1,1.0
116,44,678.000,196.000,7.000,8.000,1.0,1,1.0
117,44,679.000,193.000,7.000,8.000,1.0,1,1.0
118,44,680.000,190.000,6.000,9.000,1.0,1,1.0
119,44,681.000,187.000,6.000,8.000,1.0,1,1.0
120,44,682.000,183.000,5.000,9.000,1.0,1,1.0
121,44,683.000,179.000,5.000,9.000,1.0,1,1.0
122,44,684.000,175.000,5.000,9.000,1.0,1,1.0
123,44,685.000,173.000,5.000,8.000,1.0,1,1.0
124,44,686.000,170.000,5.000,9.000,1.0,1,1.0
125,44,687.000,167.000,5.000,9.000,1.0,1,1.0
126,44,688.000,165.000,5.000,9.000,1.0,1,1.0
127,44,688.000,163.000,6.000,9.000,1.0,1,1.0
128,44,689.000,161.000,6.000,9.000,1.0,1,1.0
129,44,690.000,159.000,6.000,8.000,1.0,1,1.0
130,44,691.000,156.000,5.000,9.000,1.0,1,1.0
131,44,692.000,154.000,5.000,9.000,1.0,1,1.0
132,44,692.000,152.000,5.000,9.000,1.0,1,1.0
133,44,693.000,150.000,5.000,8.000,1.0,1,1.0
134,44,693.000,148.000,6.000,9.000,1.0,1,1.0
135,44,693.000,147.000,6.000,9.000,1.0,1,1.0
136,44,693.000,146.000,6.000,9.000,1.0,1,1.0
137,44,694.000,145.000,5.000,9.000,1.0,1,1.0
138,44,693.000,144.000,6.000,10.000,1.0,1,1.0
139,44,693.000,144.000,6.000,10.000,1.0,1,1.0
140,44,695.000,140.000,8.000,9.000,1.0,1,1.0
141,44,716.000,115.000,9.000,9.000,1.0,1,1.0
142,44,724.000,107.000,5.000,8.000,1.0,1,1.0
143,44,724.000,106.000,5.000,8.000,1.0,1,1.0
144,44,724.000,106.000,5.000,8.000,1.0,1,1.0
145,44,724.000,104.000,5.000,9.000,1.0,1,1.0
146,44,724.000,103.000,5.000,9.000,1.0,1,1.0
147,44,724.000,102.000,5.000,8.000,1.0,1,1.0
148,44,724.000,101.000,5.000,8.000,1.0,1,1.0
149,44,725.000,101.000,7.000,6.000,1.0,1,1.0
150,44,727.000,100.000,6.000,6.000,1.0,1,1.0
151,44,728.000,99.000,7.000,6.000,1.0,1,1.0
152,44,730.000,97.000,6.000,7.000,1.0,1,1.0
153,44,731.000,97.000,6.000,5.000,1.0,1,1.0
154,44,732.000,95.000,6.000,6.000,1.0,1,1.0
155,44,733.000,94.000,6.000,6.000,1.0,1,1.0
156,44,734.000,92.000,6.000,7.000,1.0,1,1.0
157,44,735.000,91.000,5.000,6.000,1.0,1,1.0
158,44,736.000,90.000,5.000,6.000,1.0,1,1.0
159,44,736.000,88.000,5.000,6.000,1.0,1,1.0
160,44,736.000,87.000,5.000,6.000,1.0,1,1.0
161,44,736.000,86.000,5.000,6.000,1.0,1,1.0
162,44,735.000,87.000,6.000,5.000,1.0,1,1.0
163,44,734.000,88.000,6.000,5.000,1.0,1,1.0
164,44,733.000,89.000,6.000,5.000,1.0,1,1.0
165,44,732.000,89.000,7.000,5.000,1.0,1,1.0
166,44,731.000,89.000,7.000,5.000,1.0,1,1.0
167,44,731.000,89.000,7.000,5.000,1.0,1,1.0
168,44,732.000,89.000,6.000,5.000,1.0,1,1.0
169,44,732.000,89.000,6.000,5.000,1.0,1,1.0
170,44,732.000,89.000,6.000,5.000,1.0,1,1.0
171,44,731.000,87.000,7.000,7.000,1.0,1,1.0
172,44,730.000,83.000,7.000,9.000,1.0,1,1.0
173,44,730.000,80.000,6.000,9.000,1.0,1,1.0
174,44,729.000,77.000,6.000,8.000,1.0,1,1.0
175,44,729.000,74.000,6.000,8.000,1.0,1,1.0
176,44,728.000,71.000,6.000,8.000,1.0,1,1.0
177,44,728.000,67.000,5.000,9.000,1.0,1,1.0
178,44,727.000,63.000,5.000,9.000,1.0,1,1.0
179,44,726.000,59.000,5.000,9.000,1.0,1,1.0
180,44,726.000,55.000,5.000,9.000,1.0,1,1.0
181,44,726.000,52.000,5.000,9.000,1.0,1,1.0
182,44,725.000,49.000,5.000,9.000,1.0,1,1.0
183,44,725.000,46.000,5.000,9.000,1.0,1,1.0
184,44,725.000,44.000,5.000,9.000,1.0,1,1.0
185,44,725.000,42.000,5.000,9.000,1.0,1,1.0
186,44,725.000,39.000,4.000,10.000,1.0,1,1.0
187,44,724.000,37.000,5.000,10.000,1.0,1,1.0
188,44,723.000,36.000,6.000,8.000,1.0,1,1.0
189,44,723.000,29.000,6.000,11.000,1.0,1,1.0
190,44,723.000,29.000,6.000,9.000,1.0,1,1.0
191,44,723.000,28.000,5.000,7.000,1.0,1,1.0
1,30,419.000,397.000,6.000,4.000,1.0,1,1.0
2,30,414.000,396.000,10.000,6.000,1.0,1,1.0
3,30,413.000,395.000,11.000,7.000,1.0,1,1.0
4,30,413.000,395.000,8.000,7.000,1.0,1,1.0
5,30,413.000,395.000,9.000,7.000,1.0,1,1.0
6,30,413.000,396.000,9.000,6.000,1.0,1,1.0
7,30,413.000,395.000,9.000,7.000,1.0,1,1.0
8,30,413.000,395.000,8.000,7.000,1.0,1,1.0
9,30,412.000,395.000,9.000,7.000,1.0,1,1.0
10,30,413.000,394.000,8.000,7.000,1.0,1,1.0
11,30,414.000,394.000,7.000,6.000,1.0,1,1.0
12,30,414.000,394.000,6.000,6.000,1.0,1,1.0
13,30,414.000,395.000,6.000,6.000,1.0,1,1.0
14,30,413.000,394.000,7.000,7.000,1.0,1,1.0
15,30,412.000,395.000,7.000,6.000,1.0,1,1.0
16,30,410.000,395.000,6.000,6.000,1.0,1,1.0
17,30,409.000,395.000,6.000,6.000,1.0,1,1.0
18,30,408.000,395.000,6.000,5.000,1.0,1,1.0
19,30,408.000,395.000,6.000,5.000,1.0,1,1.0
20,30,406.000,396.000,6.000,5.000,1.0,1,1.0
21,30,406.000,396.000,6.000,5.000,1.0,1,1.0
22,30,406.000,397.000,6.000,4.000,1.0,1,1.0
23,30,407.000,396.000,6.000,5.000,1.0,1,1.0
24,30,408.000,396.000,6.000,5.000,1.0,1,1.0
25,30,409.000,396.000,6.000,6.000,1.0,1,1.0
26,30,410.000,396.000,6.000,5.000,1.0,1,1.0
27,30,410.000,396.000,7.000,5.000,1.0,1,1.0
28,30,411.000,396.000,6.000,5.000,1.0,1,1.0
29,30,411.000,396.000,6.000,5.000,1.0,1,1.0
30,30,411.000,396.000,6.000,5.000,1.0,1,1.0
31,30,411.000,396.000,6.000,5.000,1.0,1,1.0
32,30,414.000,381.000,9.000,8.000,1.0,1,1.0
35,30,441.000,395.000,5.000,5.000,1.0,1,1.0
37,30,442.000,393.000,9.000,7.000,1.0,1,1.0
38,30,445.000,392.000,6.000,6.000,1.0,1,1.0
39,30,445.000,391.000,6.000,6.000,1.0,1,1.0
40,30,444.000,390.000,7.000,7.000,1.0,1,1.0
41,30,444.000,390.000,7.000,6.000,1.0,1,1.0
42,30,448.000,390.000,6.000,5.000,1.0,1,1.0
43,30,450.000,390.000,7.000,5.000,1.0,1,1.0
44,30,452.000,390.000,7.000,4.000,1.0,1,1.0
45,30,453.000,390.000,7.000,5.000,1.0,1,1.0
46,30,453.000,390.000,8.000,5.000,1.0,1,1.0
47,30,454.000,390.000,7.000,5.000,1.0,1,1.0
48,30,454.000,390.000,7.000,5.000,1.0,1,1.0
49,30,454.000,390.000,7.000,5.000,1.0,1,1.0
50,30,455.000,391.000,6.000,6.000,1.0,1,1.0
51,30,455.000,392.000,6.000,5.000,1.0,1,1.0
52,30,455.000,393.000,5.000,4.000,1.0,1,1.0
53,30,455.000,393.000,5.000,4.000,1.0,1,1.0
54,30,455.000,393.000,5.000,4.000,1.0,1,1.0
55,30,455.000,393.000,5.000,4.000,1.0,1,1.0
56,30,455.000,392.000,5.000,5.000,1.0,1,1.0
57,30,455.000,390.000,5.000,7.000,1.0,1,1.0
58,30,441.000,363.000,7.000,6.000,1.0,1,1.0
59,30,436.000,366.000,5.000,9.000,1.0,1,1.0
60,30,421.000,394.000,6.000,7.000,1.0,1,1.0
61,30,421.000,394.000,7.000,7.000,1.0,1,1.0
62,30,421.000,394.000,7.000,7.000,1.0,1,1.0
63,30,420.000,394.000,8.000,6.000,1.0,1,1.0
64,30,418.000,395.000,8.000,6.000,1.0,1,1.0
65,30,416.000,395.000,9.000,6.000,1.0,1,1.0
66,30,415.000,394.000,8.000,6.000,1.0,1,1.0
67,30,413.000,395.000,8.000,6.000,1.0,1,1.0
68,30,411.000,395.000,8.000,6.000,1.0,1,1.0
69,30,410.000,395.000,7.000,6.000,1.0,1,1.0
70,30,411.000,394.000,6.000,7.000,1.0,1,1.0
71,30,411.000,394.000,5.000,6.000,1.0,1,1.0
72,30,410.000,394.000,6.000,6.000,1.0,1,1.0
73,30,411.000,394.000,5.000,5.000,1.0,1,1.0
74,30,412.000,394.000,6.000,5.000,1.0,1,1.0
75,30,413.000,395.000,6.000,5.000,1.0,1,1.0
76,30,414.000,395.000,6.000,5.000,1.0,1,1.0
77,30,415.000,395.000,6.000,6.000,1.0,1,1.0
78,30,416.000,396.000,6.000,5.000,1.0,1,1.0
79,30,416.000,396.000,7.000,6.000,1.0,1,1.0
80,30,416.000,396.000,7.000,6.000,1.0,1,1.0
81,30,416.000,396.000,7.000,6.000,1.0,1,1.0
82,30,416.000,396.000,6.000,5.000,1.0,1,1.0
83,30,416.000,396.000,7.000,6.000,1.0,1,1.0
84,30,416.000,396.000,7.000,6.000,1.0,1,1.0
85,30,423.000,367.000,8.000,11.000,1.0,1,1.0
86,30,433.000,336.000,8.000,10.000,1.0,1,1.0
87,30,436.000,332.000,8.000,7.000,1.0,1,1.0
88,30,434.000,332.000,9.000,7.000,1.0,1,1.0
89,30,434.000,331.000,8.000,7.000,1.0,1,1.0
90,30,435.000,328.000,5.000,9.000,1.0,1,1.0
91,30,434.000,324.000,5.000,10.000,1.0,1,1.0
92,30,435.000,321.000,4.000,10.000,1.0,1,1.0
93,30,435.000,317.000,5.000,10.000,1.0,1,1.0
94,30,435.000,313.000,5.000,10.000,1.0,1,1.0
95,30,436.000,309.000,5.000,10.000,1.0,1,1.0
96,30,438.000,305.000,5.000,10.000,1.0,1,1.0
97,30,438.000,303.000,6.000,9.000,1.0,1,1.0
98,30,439.000,299.000,4.000,10.000,1.0,1,1.0
99,30,439.000,295.000,4.000,10.000,1.0,1,1.0
100,30,438.000,291.000,5.000,9.000,1.0,1,1.0
101,30,438.000,287.000,4.000,10.000,1.0,1,1.0
102,30,437.000,282.000,5.000,10.000,1.0,1,1.0
103,30,437.000,279.000,5.000,9.000,1.0,1,1.0
104,30,438.000,275.000,5.000,9.000,1.0,1,1.0
105,30,439.000,271.000,5.000,10.000,1.0,1,1.0
106,30,440.000,267.000,5.000,10.000,1.0,1,1.0
107,30,441.000,263.000,5.000,10.000,1.0,1,1.0
108,30,442.000,259.000,5.000,9.000,1.0,1,1.0
109,30,442.000,254.000,5.000,10.000,1.0,1,1.0
110,30,442.000,250.000,5.000,10.000,1.0,1,1.0
111,30,442.000,245.000,9.000,11.000,1.0,1,1.0
112,30,443.000,243.000,11.000,9.000,1.0,1,1.0
113,30,448.000,242.000,8.000,6.000,1.0,1,1.0
114,30,451.000,240.000,9.000,6.000,1.0,1,1.0
115,30,454.000,239.000,8.000,6.000,1.0,1,1.0
116,30,456.000,237.000,8.000,6.000,1.0,1,1.0
117,30,460.000,235.000,7.000,6.000,1.0,1,1.0
118,30,462.000,233.000,8.000,6.000,1.0,1,1.0
119,30,465.000,231.000,7.000,6.000,1.0,1,1.0
120,30,466.000,229.000,8.000,6.000,1.0,1,1.0
121,30,469.000,228.000,7.000,6.000,1.0,1,1.0
122,30,470.000,227.000,7.000,5.000,1.0,1,1.0
123,30,472.000,225.000,6.000,6.000,1.0,1,1.0
124,30,474.000,223.000,5.000,7.000,1.0,1,1.0
125,30,475.000,222.000,5.000,6.000,1.0,1,1.0
126,30,475.000,220.000,5.000,6.000,1.0,1,1.0
127,30,475.000,219.000,5.000,6.000,1.0,1,1.0
128,30,475.000,217.000,5.000,6.000,1.0,1,1.0
129,30,475.000,215.000,5.000,6.000,1.0,1,1.0
130,30,475.000,213.000,5.000,7.000,1.0,1,1.0
131,30,474.000,211.000,5.000,7.000,1.0,1,1.0
132,30,473.000,209.000,6.000,7.000,1.0,1,1.0
133,30,473.000,206.000,5.000,8.000,1.0,1,1.0
134,30,472.000,202.000,5.000,9.000,1.0,1,1.0
135,30,471.000,199.000,5.000,8.000,1.0,1,1.0
136,30,470.000,196.000,6.000,9.000,1.0,1,1.0
137,30,469.000,193.000,6.000,9.000,1.0,1,1.0
138,30,469.000,190.000,5.000,8.000,1.0,1,1.0
139,30,468.000,187.000,5.000,9.000,1.0,1,1.0
140,30,466.000,184.000,6.000,9.000,1.0,1,1.0
141,30,465.000,181.000,6.000,9.000,1.0,1,1.0
142,30,464.000,179.000,6.000,8.000,1.0,1,1.0
143,30,462.000,176.000,6.000,8.000,1.0,1,1.0
144,30,460.000,174.000,7.000,7.000,1.0,1,1.0
145,30,457.000,173.000,8.000,6.000,1.0,1,1.0
146,30,453.000,173.000,9.000,5.000,1.0,1,1.0
147,30,450.000,172.000,10.000,5.000,1.0,1,1.0
148,30,450.000,169.000,8.000,7.000,1.0,1,1.0
149,30,450.000,166.000,7.000,8.000,1.0,1,1.0
150,30,449.000,163.000,6.000,8.000,1.0,1,1.0
151,30,449.000,160.000,5.000,9.000,1.0,1,1.0
152,30,449.000,157.000,5.000,9.000,1.0,1,1.0
153,30,450.000,153.000,4.000,10.000,1.0,1,1.0
154,30,450.000,150.000,5.000,9.000,1.0,1,1.0
155,30,451.000,146.000,5.000,10.000,1.0,1,1.0
156,30,452.000,143.000,5.000,9.000,1.0,1,1.0
157,30,452.000,139.000,5.000,10.000,1.0,1,1.0
158,30,453.000,136.000,5.000,9.000,1.0,1,1.0
159,30,453.000,132.000,5.000,10.000,1.0,1,1.0
160,30,454.000,129.000,5.000,9.000,1.0,1,1.0
161,30,454.000,125.000,5.000,9.000,1.0,1,1.0
162,30,455.000,121.000,4.000,9.000,1.0,1,1.0
163,30,454.000,117.000,5.000,10.000,1.0,1,1.0
164,30,455.000,114.000,5.000,9.000,1.0,1,1.0
165,30,454.000,110.000,5.000,9.000,1.0,1,1.0
166,30,454.000,107.000,5.000,9.000,1.0,1,1.0
167,30,454.000,103.000,5.000,9.000,1.0,1,1.0
168,30,454.000,99.000,5.000,9.000,1.0,1,1.0
169,30,453.000,95.000,5.000,9.000,1.0,1,1.0
170,30,453.000,92.000,5.000,9.000,1.0,1,1.0
171,30,452.000,88.000,5.000,10.000,1.0,1,1.0
172,30,452.000,85.000,5.000,9.000,1.0,1,1.0
173,30,452.000,82.000,5.000,9.000,1.0,1,1.0
174,30,453.000,79.000,5.000,9.000,1.0,1,1.0
175,30,454.000,76.000,5.000,8.000,1.0,1,1.0
176,30,455.000,72.000,6.000,9.000,1.0,1,1.0
177,30,456.000,69.000,6.000,9.000,1.0,1,1.0
178,30,457.000,66.000,6.000,9.000,1.0,1,1.0
179,30,458.000,62.000,5.000,9.000,1.0,1,1.0
180,30,459.000,59.000,5.000,9.000,1.0,1,1.0
181,30,459.000,56.000,5.000,9.000,1.0,1,1.0
182,30,459.000,52.000,5.000,9.000,1.0,1,1.0
183,30,459.000,50.000,5.000,9.000,1.0,1,1.0
184,30,457.000,46.000,6.000,9.000,1.0,1,1.0
185,30,455.000,44.000,7.000,8.000,1.0,1,1.0
186,30,453.000,41.000,7.000,8.000,1.0,1,1.0
187,30,450.000,39.000,8.000,8.000,1.0,1,1.0
188,30,448.000,37.000,7.000,7.000,1.0,1,1.0
189,30,445.000,36.000,8.000,7.000,1.0,1,1.0
190,30,441.000,34.000,9.000,6.000,1.0,1,1.0
191,30,438.000,33.000,9.000,5.000,1.0,1,1.0
192,30,435.000,31.000,9.000,6.000,1.0,1,1.0
193,30,433.000,31.000,9.000,5.000,1.0,1,1.0
194,30,431.000,30.000,9.000,5.000,1.0,1,1.0
195,30,429.000,30.000,9.000,6.000,1.0,1,1.0
196,30,427.000,30.000,10.000,5.000,1.0,1,1.0
197,30,426.000,30.000,8.000,5.000,1.0,1,1.0
198,30,424.000,30.000,8.000,4.000,1.0,1,1.0
3,42,704.000,394.000,7.000,5.000,1.0,1,1.0
4,42,700.000,394.000,8.000,4.000,1.0,1,1.0
5,42,696.000,393.000,9.000,5.000,1.0,1,1.0
6,42,694.000,393.000,9.000,5.000,1.0,1,1.0
7,42,691.000,393.000,9.000,5.000,1.0,1,1.0
8,42,690.000,393.000,9.000,5.000,1.0,1,1.0
9,42,690.000,392.000,7.000,6.000,1.0,1,1.0
10,42,691.000,392.000,6.000,6.000,1.0,1,1.0
11,42,692.000,392.000,5.000,5.000,1.0,1,1.0
12,42,692.000,391.000,5.000,6.000,1.0,1,1.0
13,42,692.000,391.000,5.000,5.000,1.0,1,1.0
14,42,692.000,391.000,5.000,5.000,1.0,1,1.0
15,42,689.000,392.000,7.000,5.000,1.0,1,1.0
16,42,687.000,392.000,7.000,5.000,1.0,1,1.0
17,42,686.000,393.000,7.000,5.000,1.0,1,1.0
18,42,685.000,393.000,7.000,4.000,1.0,1,1.0
19,42,685.000,393.000,7.000,5.000,1.0,1,1.0
20,42,682.000,386.000,7.000,10.000,1.0,1,1.0
21,42,664.000,351.000,6.000,7.000,1.0,1,1.0
22,42,664.000,350.000,5.000,9.000,1.0,1,1.0
23,42,664.000,349.000,5.000,8.000,1.0,1,1.0
24,42,664.000,346.000,5.000,8.000,1.0,1,1.0
25,42,665.000,342.000,4.000,8.000,1.0,1,1.0
26,42,665.000,339.000,5.000,8.000,1.0,1,1.0
27,42,665.000,336.000,5.000,8.000,1.0,1,1.0
28,42,665.000,334.000,5.000,7.000,1.0,1,1.0
29,42,666.000,332.000,6.000,6.000,1.0,1,1.0
30,42,667.000,330.000,5.000,7.000,1.0,1,1.0
31,42,667.000,329.000,6.000,7.000,1.0,1,1.0
32,42,667.000,328.000,6.000,7.000,1.0,1,1.0
33,42,667.000,327.000,6.000,7.000,1.0,1,1.0
34,42,668.000,323.000,5.000,9.000,1.0,1,1.0
35,42,668.000,320.000,5.000,9.000,1.0,1,1.0
36,42,668.000,316.000,5.000,9.000,1.0,1,1.0
37,42,669.000,313.000,4.000,9.000,1.0,1,1.0
38,42,668.000,309.000,5.000,9.000,1.0,1,1.0
39,42,668.000,306.000,5.000,9.000,1.0,1,1.0
40,42,668.000,302.000,5.000,9.000,1.0,1,1.0
41,42,668.000,299.000,5.000,9.000,1.0,1,1.0
42,42,669.000,294.000,4.000,9.000,1.0,1,1.0
43,42,669.000,291.000,5.000,9.000,1.0,1,1.0
44,42,670.000,287.000,4.000,9.000,1.0,1,1.0
45,42,670.000,284.000,5.000,9.000,1.0,1,1.0
46,42,672.000,281.000,5.000,9.000,1.0,1,1.0
47,42,672.000,278.000,5.000,9.000,1.0,1,1.0
48,42,673.000,275.000,5.000,9.000,1.0,1,1.0
49,42,674.000,272.000,5.000,9.000,1.0,1,1.0
50,42,674.000,270.000,4.000,9.000,1.0,1,1.0
51,42,673.000,267.000,5.000,9.000,1.0,1,1.0
52,42,672.000,265.000,5.000,8.000,1.0,1,1.0
53,42,672.000,262.000,4.000,9.000,1.0,1,1.0
54,42,671.000,259.000,4.000,9.000,1.0,1,1.0
55,42,670.000,256.000,5.000,9.000,1.0,1,1.0
56,42,670.000,253.000,4.000,9.000,1.0,1,1.0
57,42,670.000,249.000,4.000,9.000,1.0,1,1.0
58,42,669.000,246.000,4.000,9.000,1.0,1,1.0
59,42,669.000,243.000,4.000,9.000,1.0,1,1.0
60,42,669.000,239.000,4.000,9.000,1.0,1,1.0
61,42,668.000,236.000,5.000,8.000,1.0,1,1.0
62,42,668.000,232.000,5.000,9.000,1.0,1,1.0
63,42,669.000,229.000,4.000,8.000,1.0,1,1.0
64,42,669.000,225.000,4.000,9.000,1.0,1,1.0
65,42,670.000,221.000,4.000,10.000,1.0,1,1.0
66,42,670.000,218.000,5.000,9.000,1.0,1,1.0
67,42,671.000,214.000,5.000,9.000,1.0,1,1.0
68,42,671.000,211.000,5.000,9.000,1.0,1,1.0
69,42,672.000,208.000,5.000,9.000,1.0,1,1.0
70,42,673.000,204.000,5.000,9.000,1.0,1,1.0
71,42,674.000,201.000,6.000,9.000,1.0,1,1.0
72,42,675.000,198.000,6.000,9.000,1.0,1,1.0
73,42,677.000,196.000,6.000,8.000,1.0,1,1.0
74,42,678.000,192.000,6.000,9.000,1.0,1,1.0
75,42,680.000,189.000,6.000,9.000,1.0,1,1.0
76,42,682.000,186.000,6.000,9.000,1.0,1,1.0
77,42,683.000,184.000,6.000,9.000,1.0,1,1.0
78,42,685.000,181.000,7.000,8.000,1.0,1,1.0
79,42,687.000,178.000,6.000,9.000,1.0,1,1.0
80,42,689.000,176.000,6.000,8.000,1.0,1,1.0
81,42,691.000,173.000,7.000,8.000,1.0,1,1.0
82,42,694.000,171.000,6.000,7.000,1.0,1,1.0
83,42,696.000,168.000,7.000,8.000,1.0,1,1.0
84,42,699.000,165.000,6.000,8.000,1.0,1,1.0
85,42,701.000,162.000,6.000,8.000,1.0,1,1.0
86,42,702.000,159.000,5.000,9.000,1.0,1,1.0
87,42,703.000,155.000,4.000,9.000,1.0,1,1.0
88,42,703.000,151.000,4.000,10.000,1.0,1,1.0
89,42,702.000,148.000,5.000,9.000,1.0,1,1.0
90,42,700.000,144.000,5.000,9.000,1.0,1,1.0
91,42,699.000,141.000,5.000,9.000,1.0,1,1.0
92,42,698.000,137.000,5.000,10.000,1.0,1,1.0
93,42,697.000,134.000,5.000,10.000,1.0,1,1.0
94,42,696.000,130.000,5.000,9.000,1.0,1,1.0
95,42,695.000,126.000,5.000,9.000,1.0,1,1.0
96,42,694.000,122.000,5.000,9.000,1.0,1,1.0
97,42,694.000,118.000,4.000,9.000,1.0,1,1.0
98,42,693.000,114.000,4.000,9.000,1.0,1,1.0
99,42,692.000,110.000,5.000,9.000,1.0,1,1.0
100,42,692.000,106.000,5.000,10.000,1.0,1,1.0
101,42,692.000,103.000,4.000,9.000,1.0,1,1.0
102,42,692.000,98.000,4.000,10.000,1.0,1,1.0
103,42,691.000,95.000,5.000,9.000,1.0,1,1.0
104,42,692.000,91.000,5.000,9.000,1.0,1,1.0
105,42,692.000,87.000,5.000,10.000,1.0,1,1.0
106,42,693.000,83.000,5.000,10.000,1.0,1,1.0
107,42,693.000,80.000,5.000,9.000,1.0,1,1.0
108,42,694.000,76.000,4.000,10.000,1.0,1,1.0
109,42,693.000,73.000,5.000,9.000,1.0,1,1.0
110,42,693.000,69.000,5.000,10.000,1.0,1,1.0
111,42,693.000,66.000,4.000,9.000,1.0,1,1.0
112,42,693.000,63.000,4.000,9.000,1.0,1,1.0
113,42,692.000,60.000,5.000,10.000,1.0,1,1.0
114,42,692.000,57.000,5.000,9.000,1.0,1,1.0
115,42,692.000,54.000,4.000,10.000,1.0,1,1.0
116,42,691.000,51.000,5.000,10.000,1.0,1,1.0
117,42,691.000,49.000,5.000,9.000,1.0,1,1.0
118,42,690.000,46.000,5.000,9.000,1.0,1,1.0
119,42,688.000,44.000,6.000,9.000,1.0,1,1.0
120,42,687.000,42.000,6.000,8.000,1.0,1,1.0
121,42,685.000,39.000,7.000,9.000,1.0,1,1.0
122,42,684.000,37.000,6.000,9.000,1.0,1,1.0
123,42,684.000,35.000,5.000,10.000,1.0,1,1.0
124,42,683.000,34.000,6.000,9.000,1.0,1,1.0
125,42,683.000,31.000,5.000,9.000,1.0,1,1.0
126,42,684.000,31.000,5.000,7.000,1.0,1,1.0
127,42,685.000,30.000,5.000,6.000,1.0,1,1.0
6,17,195.000,392.000,6.000,6.000,1.0,1,1.0
7,17,196.000,392.000,5.000,5.000,1.0,1,1.0
8,17,196.000,393.000,5.000,4.000,1.0,1,1.0
9,17,197.000,393.000,5.000,5.000,1.0,1,1.0
10,17,197.000,393.000,6.000,5.000,1.0,1,1.0
11,17,197.000,393.000,6.000,5.000,1.0,1,1.0
12,17,197.000,393.000,6.000,5.000,1.0,1,1.0
13,17,197.000,393.000,6.000,5.000,1.0,1,1.0
14,17,198.000,389.000,5.000,8.000,1.0,1,1.0
15,17,192.000,377.000,5.000,7.000,1.0,1,1.0
16,17,192.000,380.000,6.000,7.000,1.0,1,1.0
17,17,193.000,381.000,6.000,5.000,1.0,1,1.0
18,17,194.000,380.000,6.000,5.000,1.0,1,1.0
19,17,195.000,376.000,5.000,7.000,1.0,1,1.0
20,17,195.000,372.000,5.000,8.000,1.0,1,1.0
21,17,196.000,368.000,5.000,9.000,1.0,1,1.0
22,17,197.000,365.000,5.000,8.000,1.0,1,1.0
23,17,199.000,364.000,5.000,7.000,1.0,1,1.0
24,17,201.000,363.000,6.000,6.000,1.0,1,1.0
25,17,203.000,361.000,6.000,5.000,1.0,1,1.0
26,17,205.000,360.000,6.000,5.000,1.0,1,1.0
27,17,207.000,358.000,5.000,6.000,1.0,1,1.0
28,17,208.000,357.000,5.000,6.000,1.0,1,1.0
29,17,209.000,355.000,5.000,6.000,1.0,1,1.0
30,17,209.000,353.000,5.000,6.000,1.0,1,1.0
31,17,208.000,351.000,6.000,7.000,1.0,1,1.0
32,17,207.000,347.000,6.000,8.000,1.0,1,1.0
33,17,206.000,344.000,6.000,8.000,1.0,1,1.0
34,17,206.000,341.000,6.000,8.000,1.0,1,1.0
35,17,206.000,337.000,6.000,8.000,1.0,1,1.0
36,17,205.000,333.000,6.000,9.000,1.0,1,1.0
37,17,206.000,329.000,5.000,9.000,1.0,1,1.0
38,17,206.000,325.000,5.000,9.000,1.0,1,1.0
39,17,206.000,321.000,5.000,9.000,1.0,1,1.0
40,17,206.000,317.000,5.000,9.000,1.0,1,1.0
41,17,206.000,312.000,5.000,9.000,1.0,1,1.0
42,17,206.000,307.000,5.000,9.000,1.0,1,1.0
43,17,206.000,302.000,5.000,9.000,1.0,1,1.0
44,17,206.000,298.000,5.000,9.000,1.0,1,1.0
45,17,206.000,293.000,5.000,9.000,1.0,1,1.0
46,17,206.000,288.000,5.000,10.000,1.0,1,1.0
47,17,206.000,284.000,5.000,9.000,1.0,1,1.0
48,17,206.000,279.000,5.000,9.000,1.0,1,1.0
49,17,205.000,275.000,5.000,9.000,1.0,1,1.0
50,17,206.000,270.000,5.000,9.000,1.0,1,1.0
51,17,205.000,267.000,5.000,9.000,1.0,1,1.0
52,17,205.000,263.000,5.000,10.000,1.0,1,1.0
53,17,205.000,261.000,5.000,8.000,1.0,1,1.0
54,17,203.000,260.000,6.000,6.000,1.0,1,1.0
55,17,199.000,258.000,7.000,7.000,1.0,1,1.0
56,17,196.000,257.000,8.000,7.000,1.0,1,1.0
57,17,194.000,256.000,8.000,6.000,1.0,1,1.0
58,17,192.000,254.000,7.000,6.000,1.0,1,1.0
59,17,191.000,251.000,6.000,8.000,1.0,1,1.0
60,17,191.000,247.000,6.000,10.000,1.0,1,1.0
61,17,192.000,244.000,5.000,9.000,1.0,1,1.0
62,17,192.000,241.000,5.000,9.000,1.0,1,1.0
63,17,193.000,237.000,5.000,10.000,1.0,1,1.0
64,17,194.000,234.000,5.000,9.000,1.0,1,1.0
65,17,195.000,230.000,5.000,10.000,1.0,1,1.0
66,17,196.000,228.000,5.000,9.000,1.0,1,1.0
67,17,198.000,226.000,6.000,8.000,1.0,1,1.0
68,17,200.000,223.000,6.000,7.000,1.0,1,1.0
69,17,202.000,220.000,6.000,7.000,1.0,1,1.0
70,17,204.000,218.000,6.000,7.000,1.0,1,1.0
71,17,206.000,215.000,5.000,7.000,1.0,1,1.0
72,17,208.000,212.000,5.000,8.000,1.0,1,1.0
73,17,208.000,209.000,6.000,8.000,1.0,1,1.0
74,17,210.000,206.000,4.000,8.000,1.0,1,1.0
75,17,210.000,203.000,5.000,8.000,1.0,1,1.0
76,17,210.000,199.000,5.000,8.000,1.0,1,1.0
77,17,210.000,196.000,5.000,7.000,1.0,1,1.0
78,17,210.000,192.000,5.000,8.000,1.0,1,1.0
79,17,210.000,189.000,5.000,8.000,1.0,1,1.0
80,17,210.000,186.000,5.000,9.000,1.0,1,1.0
81,17,210.000,184.000,5.000,7.000,1.0,1,1.0
82,17,209.000,181.000,5.000,8.000,1.0,1,1.0
83,17,209.000,178.000,5.000,8.000,1.0,1,1.0
84,17,208.000,176.000,5.000,8.000,1.0,1,1.0
85,17,207.000,173.000,5.000,9.000,1.0,1,1.0
86,17,206.000,171.000,5.000,8.000,1.0,1,1.0
87,17,205.000,169.000,6.000,7.000,1.0,1,1.0
88,17,203.000,168.000,6.000,6.000,1.0,1,1.0
89,17,201.000,168.000,7.000,6.000,1.0,1,1.0
90,17,198.000,169.000,8.000,5.000,1.0,1,1.0
91,17,196.000,169.000,8.000,5.000,1.0,1,1.0
92,17,193.000,169.000,8.000,5.000,1.0,1,1.0
93,17,191.000,167.000,8.000,6.000,1.0,1,1.0
94,17,189.000,166.000,8.000,6.000,1.0,1,1.0
95,17,189.000,162.000,6.000,8.000,1.0,1,1.0
96,17,190.000,159.000,5.000,9.000,1.0,1,1.0
97,17,191.000,156.000,4.000,9.000,1.0,1,1.0
98,17,191.000,153.000,4.000,9.000,1.0,1,1.0
99,17,192.000,150.000,4.000,9.000,1.0,1,1.0
100,17,192.000,147.000,5.000,10.000,1.0,1,1.0
101,17,193.000,144.000,4.000,9.000,1.0,1,1.0
102,17,194.000,140.000,4.000,9.000,1.0,1,1.0
103,17,195.000,136.000,4.000,9.000,1.0,1,1.0
104,17,196.000,132.000,4.000,9.000,1.0,1,1.0
105,17,196.000,128.000,5.000,9.000,1.0,1,1.0
106,17,197.000,124.000,4.000,9.000,1.0,1,1.0
107,17,197.000,120.000,4.000,9.000,1.0,1,1.0
108,17,197.000,116.000,5.000,9.000,1.0,1,1.0
109,17,197.000,112.000,5.000,9.000,1.0,1,1.0
110,17,198.000,108.000,4.000,9.000,1.0,1,1.0
111,17,197.000,104.000,5.000,9.000,1.0,1,1.0
112,17,198.000,101.000,5.000,9.000,1.0,1,1.0
113,17,198.000,97.000,5.000,9.000,1.0,1,1.0
114,17,198.000,94.000,5.000,9.000,1.0,1,1.0
115,17,198.000,91.000,5.000,9.000,1.0,1,1.0
116,17,198.000,88.000,5.000,9.000,1.0,1,1.0
117,17,198.000,84.000,5.000,9.000,1.0,1,1.0
118,17,198.000,80.000,5.000,10.000,1.0,1,1.0
119,17,197.000,77.000,5.000,9.000,1.0,1,1.0
120,17,196.000,73.000,5.000,9.000,1.0,1,1.0
121,17,195.000,69.000,5.000,9.000,1.0,1,1.0
122,17,194.000,65.000,5.000,9.000,1.0,1,1.0
123,17,193.000,61.000,5.000,9.000,1.0,1,1.0
124,17,192.000,57.000,5.000,9.000,1.0,1,1.0
125,17,191.000,53.000,5.000,9.000,1.0,1,1.0
126,17,189.000,50.000,6.000,9.000,1.0,1,1.0
127,17,189.000,45.000,5.000,9.000,1.0,1,1.0
128,17,188.000,42.000,5.000,9.000,1.0,1,1.0
129,17,188.000,38.000,4.000,9.000,1.0,1,1.0
130,17,188.000,35.000,4.000,10.000,1.0,1,1.0
131,17,188.000,32.000,5.000,10.000,1.0,1,1.0
132,17,189.000,31.000,6.000,8.000,1.0,1,1.0
133,17,191.000,30.000,6.000,7.000,1.0,1,1.0
134,17,193.000,30.000,5.000,5.000,1.0,1,1.0
9,13,138.000,362.000,7.000,6.000,1.0,1,1.0
10,13,140.000,371.000,4.000,9.000,1.0,1,1.0
11,13,141.000,390.000,5.000,6.000,1.0,1,1.0
12,13,139.000,391.000,5.000,6.000,1.0,1,1.0
13,13,139.000,390.000,5.000,6.000,1.0,1,1.0
14,13,139.000,388.000,4.000,7.000,1.0,1,1.0
15,13,139.000,386.000,4.000,8.000,1.0,1,1.0
16,13,139.000,386.000,4.000,8.000,1.0,1,1.0
17,13,139.000,386.000,4.000,8.000,1.0,1,1.0
18,13,139.000,386.000,4.000,8.000,1.0,1,1.0
19,13,139.000,386.000,4.000,8.000,1.0,1,1.0
20,13,139.000,386.000,4.000,8.000,1.0,1,1.0
21,13,139.000,386.000,4.000,9.000,1.0,1,1.0
22,13,139.000,385.000,4.000,9.000,1.0,1,1.0
23,13,139.000,385.000,4.000,9.000,1.0,1,1.0
24,13,139.000,384.000,4.000,9.000,1.0,1,1.0
25,13,139.000,383.000,4.000,8.000,1.0,1,1.0
26,13,139.000,382.000,4.000,9.000,1.0,1,1.0
27,13,138.000,382.000,5.000,8.000,1.0,1,1.0
28,13,139.000,381.000,4.000,9.000,1.0,1,1.0
29,13,138.000,380.000,5.000,9.000,1.0,1,1.0
30,13,138.000,379.000,5.000,8.000,1.0,1,1.0
31,13,138.000,378.000,5.000,9.000,1.0,1,1.0
32,13,138.000,377.000,5.000,8.000,1.0,1,1.0
33,13,138.000,376.000,5.000,8.000,1.0,1,1.0
34,13,138.000,375.000,5.000,8.000,1.0,1,1.0
35,13,138.000,373.000,5.000,9.000,1.0,1,1.0
36,13,138.000,372.000,5.000,8.000,1.0,1,1.0
37,13,138.000,371.000,5.000,8.000,1.0,1,1.0
38,13,138.000,370.000,5.000,8.000,1.0,1,1.0
39,13,138.000,370.000,5.000,8.000,1.0,1,1.0
40,13,138.000,368.000,4.000,9.000,1.0,1,1.0
41,13,138.000,367.000,4.000,8.000,1.0,1,1.0
42,13,138.000,367.000,4.000,8.000,1.0,1,1.0
43,13,138.000,367.000,5.000,8.000,1.0,1,1.0
44,13,138.000,366.000,5.000,9.000,1.0,1,1.0
45,13,138.000,366.000,4.000,8.000,1.0,1,1.0
46,13,138.000,366.000,4.000,8.000,1.0,1,1.0
47,13,138.000,365.000,4.000,8.000,1.0,1,1.0
48,13,138.000,364.000,4.000,8.000,1.0,1,1.0
49,13,138.000,363.000,4.000,9.000,1.0,1,1.0
50,13,138.000,363.000,4.000,8.000,1.0,1,1.0
51,13,138.000,363.000,4.000,7.000,1.0,1,1.0
52,13,138.000,362.000,4.000,8.000,1.0,1,1.0
53,13,138.000,361.000,4.000,9.000,1.0,1,1.0
54,13,138.000,361.000,4.000,9.000,1.0,1,1.0
55,13,138.000,360.000,4.000,9.000,1.0,1,1.0
56,13,137.000,360.000,5.000,8.000,1.0,1,1.0
57,13,137.000,358.000,5.000,9.000,1.0,1,1.0
58,13,137.000,358.000,5.000,8.000,1.0,1,1.0
59,13,138.000,357.000,4.000,9.000,1.0,1,1.0
60,13,138.000,357.000,4.000,8.000,1.0,1,1.0
61,13,138.000,355.000,4.000,9.000,1.0,1,1.0
62,13,138.000,354.000,4.000,8.000,1.0,1,1.0
63,13,138.000,354.000,5.000,8.000,1.0,1,1.0
64,13,138.000,353.000,4.000,8.000,1.0,1,1.0
65,13,138.000,353.000,4.000,7.000,1.0,1,1.0
66,13,138.000,351.000,5.000,8.000,1.0,1,1.0
67,13,138.000,350.000,5.000,9.000,1.0,1,1.0
68,13,138.000,350.000,5.000,8.000,1.0,1,1.0
69,13,138.000,349.000,5.000,8.000,1.0,1,1.0
70,13,138.000,348.000,5.000,8.000,1.0,1,1.0
71,13,138.000,346.000,5.000,9.000,1.0,1,1.0
72,13,138.000,344.000,5.000,10.000,1.0,1,1.0
73,13,139.000,343.000,5.000,9.000,1.0,1,1.0
74,13,139.000,342.000,5.000,9.000,1.0,1,1.0
75,13,139.000,341.000,5.000,9.000,1.0,1,1.0
76,13,139.000,340.000,5.000,9.000,1.0,1,1.0
77,13,139.000,338.000,5.000,10.000,1.0,1,1.0
78,13,139.000,337.000,5.000,10.000,1.0,1,1.0
79,13,139.000,336.000,5.000,9.000,1.0,1,1.0
80,13,140.000,334.000,5.000,10.000,1.0,1,1.0
81,13,140.000,333.000,5.000,10.000,1.0,1,1.0
82,13,140.000,332.000,5.000,10.000,1.0,1,1.0
83,13,140.000,331.000,5.000,9.000,1.0,1,1.0
84,13,141.000,330.000,5.000,9.000,1.0,1,1.0
85,13,140.000,329.000,5.000,10.000,1.0,1,1.0
86,13,140.000,327.000,5.000,10.000,1.0,1,1.0
87,13,140.000,326.000,6.000,10.000,1.0,1,1.0
88,13,141.000,326.000,5.000,9.000,1.0,1,1.0
89,13,141.000,326.000,5.000,9.000,1.0,1,1.0
90,13,141.000,325.000,5.000,9.000,1.0,1,1.0
91,13,141.000,323.000,6.000,10.000,1.0,1,1.0
92,13,141.000,322.000,6.000,10.000,1.0,1,1.0
93,13,142.000,321.000,6.000,10.000,1.0,1,1.0
94,13,142.000,321.000,6.000,9.000,1.0,1,1.0
95,13,142.000,320.000,5.000,9.000,1.0,1,1.0
96,13,142.000,319.000,6.000,9.000,1.0,1,1.0
97,13,142.000,317.000,6.000,10.000,1.0,1,1.0
98,13,143.000,317.000,6.000,9.000,1.0,1,1.0
99,13,143.000,316.000,6.000,9.000,1.0,1,1.0
100,13,143.000,314.000,6.000,9.000,1.0,1,1.0
101,13,144.000,313.000,6.000,9.000,1.0,1,1.0
102,13,144.000,312.000,6.000,10.000,1.0,1,1.0
103,13,144.000,311.000,7.000,9.000,1.0,1,1.0
104,13,145.000,309.000,6.000,9.000,1.0,1,1.0
105,13,146.000,308.000,6.000,10.000,1.0,1,1.0
106,13,146.000,308.000,6.000,9.000,1.0,1,1.0
107,13,146.000,307.000,7.000,9.000,1.0,1,1.0
108,13,147.000,305.000,6.000,9.000,1.0,1,1.0
109,13,148.000,304.000,6.000,9.000,1.0,1,1.0
110,13,148.000,304.000,6.000,9.000,1.0,1,1.0
111,13,148.000,302.000,7.000,9.000,1.0,1,1.0
112,13,150.000,301.000,6.000,8.000,1.0,1,1.0
113,13,150.000,301.000,6.000,8.000,1.0,1,1.0
114,13,150.000,299.000,7.000,8.000,1.0,1,1.0
115,13,151.000,298.000,7.000,9.000,1.0,1,1.0
116,13,151.000,298.000,7.000,8.000,1.0,1,1.0
117,13,152.000,297.000,6.000,9.000,1.0,1,1.0
118,13,152.000,295.000,7.000,9.000,1.0,1,1.0
119,13,153.000,294.000,6.000,9.000,1.0,1,1.0
120,13,154.000,293.000,6.000,9.000,1.0,1,1.0
121,13,154.000,292.000,6.000,10.000,1.0,1,1.0
122,13,154.000,291.000,6.000,10.000,1.0,1,1.0
123,13,154.000,291.000,6.000,9.000,1.0,1,1.0
124,13,155.000,290.000,6.000,9.000,1.0,1,1.0
125,13,155.000,288.000,6.000,10.000,1.0,1,1.0
126,13,156.000,287.000,6.000,9.000,1.0,1,1.0
127,13,156.000,285.000,6.000,10.000,1.0,1,1.0
128,13,157.000,284.000,6.000,10.000,1.0,1,1.0
129,13,157.000,283.000,6.000,9.000,1.0,1,1.0
130,13,158.000,280.000,6.000,10.000,1.0,1,1.0
131,13,159.000,279.000,6.000,9.000,1.0,1,1.0
132,13,159.000,278.000,6.000,10.000,1.0,1,1.0
133,13,159.000,276.000,6.000,9.000,1.0,1,1.0
134,13,160.000,274.000,6.000,10.000,1.0,1,1.0
135,13,161.000,273.000,6.000,10.000,1.0,1,1.0
136,13,161.000,272.000,6.000,9.000,1.0,1,1.0
137,13,162.000,270.000,6.000,10.000,1.0,1,1.0
138,13,162.000,270.000,7.000,9.000,1.0,1,1.0
139,13,163.000,269.000,6.000,9.000,1.0,1,1.0
140,13,163.000,267.000,7.000,10.000,1.0,1,1.0
141,13,164.000,266.000,6.000,10.000,1.0,1,1.0
142,13,164.000,266.000,7.000,10.000,1.0,1,1.0
143,13,165.000,265.000,6.000,9.000,1.0,1,1.0
144,13,165.000,264.000,7.000,9.000,1.0,1,1.0
145,13,166.000,263.000,6.000,9.000,1.0,1,1.0
146,13,166.000,262.000,6.000,10.000,1.0,1,1.0
147,13,166.000,262.000,7.000,9.000,1.0,1,1.0
148,13,167.000,260.000,7.000,10.000,1.0,1,1.0
149,13,167.000,259.000,7.000,10.000,1.0,1,1.0
150,13,168.000,259.000,6.000,9.000,1.0,1,1.0
151,13,168.000,258.000,6.000,10.000,1.0,1,1.0
152,13,168.000,257.000,6.000,10.000,1.0,1,1.0
153,13,168.000,256.000,6.000,10.000,1.0,1,1.0
154,13,168.000,255.000,5.000,10.000,1.0,1,1.0
155,13,168.000,253.000,5.000,10.000,1.0,1,1.0
156,13,168.000,252.000,5.000,10.000,1.0,1,1.0
157,13,168.000,251.000,5.000,10.000,1.0,1,1.0
158,13,168.000,249.000,5.000,11.000,1.0,1,1.0
159,13,169.000,248.000,5.000,11.000,1.0,1,1.0
160,13,169.000,248.000,5.000,10.000,1.0,1,1.0
161,13,169.000,247.000,5.000,10.000,1.0,1,1.0
162,13,169.000,245.000,6.000,10.000,1.0,1,1.0
163,13,170.000,244.000,5.000,9.000,1.0,1,1.0
164,13,170.000,243.000,5.000,10.000,1.0,1,1.0
165,13,170.000,242.000,6.000,10.000,1.0,1,1.0
166,13,170.000,241.000,6.000,10.000,1.0,1,1.0
167,13,171.000,240.000,6.000,9.000,1.0,1,1.0
168,13,171.000,239.000,6.000,9.000,1.0,1,1.0
169,13,172.000,239.000,6.000,9.000,1.0,1,1.0
170,13,172.000,237.000,6.000,10.000,1.0,1,1.0
171,13,172.000,236.000,6.000,10.000,1.0,1,1.0
172,13,172.000,235.000,6.000,10.000,1.0,1,1.0
173,13,173.000,234.000,6.000,10.000,1.0,1,1.0
174,13,173.000,233.000,6.000,10.000,1.0,1,1.0
175,13,174.000,232.000,6.000,9.000,1.0,1,1.0
176,13,174.000,230.000,6.000,10.000,1.0,1,1.0
177,13,175.000,229.000,6.000,10.000,1.0,1,1.0
178,13,175.000,229.000,6.000,9.000,1.0,1,1.0
179,13,175.000,228.000,6.000,9.000,1.0,1,1.0
180,13,176.000,226.000,6.000,10.000,1.0,1,1.0
181,13,176.000,225.000,7.000,9.000,1.0,1,1.0
182,13,177.000,224.000,6.000,10.000,1.0,1,1.0
183,13,177.000,224.000,7.000,9.000,1.0,1,1.0
184,13,178.000,222.000,6.000,9.000,1.0,1,1.0
185,13,179.000,221.000,6.000,9.000,1.0,1,1.0
186,13,179.000,220.000,6.000,9.000,1.0,1,1.0
187,13,179.000,220.000,7.000,9.000,1.0,1,1.0
188,13,180.000,218.000,7.000,9.000,1.0,1,1.0
189,13,181.000,216.000,6.000,9.000,1.0,1,1.0
190,13,181.000,216.000,7.000,9.000,1.0,1,1.0
191,13,181.000,216.000,7.000,8.000,1.0,1,1.0
192,13,182.000,215.000,7.000,9.000,1.0,1,1.0
193,13,182.000,214.000,7.000,8.000,1.0,1,1.0
194,13,183.000,212.000,7.000,9.000,1.0,1,1.0
195,13,184.000,211.000,6.000,9.000,1.0,1,1.0
196,13,184.000,210.000,7.000,10.000,1.0,1,1.0
197,13,185.000,209.000,6.000,9.000,1.0,1,1.0
198,13,186.000,208.000,6.000,9.000,1.0,1,1.0
199,13,186.000,208.000,6.000,8.000,1.0,1,1.0
200,13,186.000,207.000,7.000,9.000,1.0,1,1.0
201,13,187.000,206.000,7.000,9.000,1.0,1,1.0
202,13,188.000,204.000,7.000,9.000,1.0,1,1.0
203,13,188.000,204.000,7.000,8.000,1.0,1,1.0
204,13,189.000,203.000,7.000,8.000,1.0,1,1.0
205,13,189.000,202.000,8.000,8.000,1.0,1,1.0
206,13,190.000,200.000,7.000,9.000,1.0,1,1.0
207,13,191.000,199.000,7.000,9.000,1.0,1,1.0
208,13,191.000,199.000,7.000,8.000,1.0,1,1.0
209,13,191.000,198.000,7.000,8.000,1.0,1,1.0
210,13,192.000,196.000,6.000,9.000,1.0,1,1.0
211,13,192.000,195.000,6.000,9.000,1.0,1,1.0
212,13,193.000,193.000,6.000,9.000,1.0,1,1.0
213,13,193.000,191.000,6.000,10.000,1.0,1,1.0
214,13,193.000,190.000,6.000,10.000,1.0,1,1.0
215,13,194.000,189.000,6.000,9.000,1.0,1,1.0
216,13,194.000,187.000,6.000,10.000,1.0,1,1.0
217,13,195.000,186.000,6.000,10.000,1.0,1,1.0
218,13,195.000,185.000,6.000,10.000,1.0,1,1.0
219,13,196.000,183.000,6.000,10.000,1.0,1,1.0
220,13,196.000,182.000,6.000,9.000,1.0,1,1.0
221,13,196.000,181.000,6.000,9.000,1.0,1,1.0
222,13,197.000,179.000,7.000,9.000,1.0,1,1.0
223,13,198.000,178.000,6.000,9.000,1.0,1,1.0
224,13,198.000,177.000,6.000,9.000,1.0,1,1.0
225,13,199.000,175.000,6.000,9.000,1.0,1,1.0
226,13,199.000,173.000,6.000,10.000,1.0,1,1.0
227,13,199.000,173.000,7.000,9.000,1.0,1,1.0
228,13,200.000,171.000,7.000,9.000,1.0,1,1.0
229,13,201.000,169.000,6.000,9.000,1.0,1,1.0
230,13,201.000,168.000,7.000,8.000,1.0,1,1.0
231,13,202.000,166.000,6.000,9.000,1.0,1,1.0
232,13,203.000,165.000,6.000,9.000,1.0,1,1.0
233,13,203.000,163.000,6.000,9.000,1.0,1,1.0
234,13,204.000,162.000,6.000,9.000,1.0,1,1.0
235,13,204.000,160.000,6.000,9.000,1.0,1,1.0
236,13,205.000,158.000,6.000,9.000,1.0,1,1.0
237,13,205.000,157.000,6.000,8.000,1.0,1,1.0
238,13,206.000,154.000,6.000,9.000,1.0,1,1.0
239,13,206.000,153.000,6.000,9.000,1.0,1,1.0
240,13,207.000,151.000,6.000,9.000,1.0,1,1.0
241,13,207.000,149.000,6.000,8.000,1.0,1,1.0
242,13,207.000,147.000,7.000,9.000,1.0,1,1.0
243,13,208.000,145.000,6.000,9.000,1.0,1,1.0
244,13,208.000,143.000,6.000,9.000,1.0,1,1.0
245,13,209.000,142.000,6.000,8.000,1.0,1,1.0
246,13,209.000,139.000,6.000,8.000,1.0,1,1.0
247,13,210.000,138.000,6.000,8.000,1.0,1,1.0
248,13,210.000,136.000,6.000,7.000,1.0,1,1.0
249,13,210.000,134.000,6.000,7.000,1.0,1,1.0
250,13,210.000,133.000,6.000,7.000,1.0,1,1.0
251,13,211.000,131.000,6.000,8.000,1.0,1,1.0
252,13,211.000,130.000,6.000,7.000,1.0,1,1.0
253,13,211.000,128.000,6.000,8.000,1.0,1,1.0
254,13,211.000,126.000,6.000,8.000,1.0,1,1.0
255,13,211.000,124.000,5.000,8.000,1.0,1,1.0
256,13,211.000,121.000,6.000,9.000,1.0,1,1.0
257,13,211.000,119.000,6.000,9.000,1.0,1,1.0
258,13,211.000,117.000,5.000,9.000,1.0,1,1.0
259,13,211.000,115.000,5.000,8.000,1.0,1,1.0
260,13,211.000,112.000,5.000,9.000,1.0,1,1.0
261,13,211.000,110.000,6.000,9.000,1.0,1,1.0
262,13,211.000,107.000,5.000,9.000,1.0,1,1.0
263,13,211.000,106.000,6.000,8.000,1.0,1,1.0
264,13,211.000,103.000,6.000,9.000,1.0,1,1.0
265,13,211.000,100.000,6.000,9.000,1.0,1,1.0
266,13,211.000,98.000,6.000,8.000,1.0,1,1.0
267,13,211.000,95.000,6.000,9.000,1.0,1,1.0
268,13,211.000,93.000,6.000,8.000,1.0,1,1.0
269,13,211.000,90.000,5.000,9.000,1.0,1,1.0
270,13,210.000,89.000,6.000,8.000,1.0,1,1.0
271,13,209.000,87.000,6.000,7.000,1.0,1,1.0
272,13,209.000,85.000,6.000,8.000,1.0,1,1.0
273,13,208.000,84.000,6.000,7.000,1.0,1,1.0
274,13,207.000,82.000,6.000,8.000,1.0,1,1.0
275,13,207.000,80.000,6.000,8.000,1.0,1,1.0
276,13,206.000,78.000,6.000,8.000,1.0,1,1.0
277,13,205.000,77.000,6.000,8.000,1.0,1,1.0
278,13,205.000,75.000,5.000,8.000,1.0,1,1.0
279,13,203.000,73.000,6.000,8.000,1.0,1,1.0
280,13,203.000,71.000,6.000,8.000,1.0,1,1.0
281,13,202.000,70.000,6.000,8.000,1.0,1,1.0
282,13,200.000,68.000,7.000,8.000,1.0,1,1.0
283,13,199.000,66.000,6.000,8.000,1.0,1,1.0
284,13,197.000,64.000,7.000,8.000,1.0,1,1.0
285,13,195.000,63.000,7.000,7.000,1.0,1,1.0
286,13,194.000,61.000,7.000,8.000,1.0,1,1.0
287,13,193.000,60.000,7.000,7.000,1.0,1,1.0
288,13,192.000,58.000,6.000,7.000,1.0,1,1.0
289,13,192.000,55.000,6.000,9.000,1.0,1,1.0
290,13,193.000,53.000,5.000,10.000,1.0,1,1.0
291,13,193.000,52.000,6.000,9.000,1.0,1,1.0
292,13,194.000,49.000,5.000,9.000,1.0,1,1.0
293,13,194.000,47.000,6.000,9.000,1.0,1,1.0
294,13,195.000,45.000,6.000,9.000,1.0,1,1.0
295,13,196.000,42.000,5.000,10.000,1.0,1,1.0
296,13,196.000,40.000,6.000,9.000,1.0,1,1.0
297,13,197.000,37.000,5.000,10.000,1.0,1,1.0
298,13,198.000,34.000,5.000,9.000,1.0,1,1.0
299,13,198.000,31.000,5.000,10.000,1.0,1,1.0
300,13,198.000,31.000,6.000,7.000,1.0,1,1.0
301,13,198.000,30.000,6.000,6.000,1.0,1,1.0
11,28,438.000,394.000,6.000,4.000,1.0,1,1.0
12,28,439.000,394.000,6.000,4.000,1.0,1,1.0
15,28,439.000,394.000,6.000,4.000,1.0,1,1.0
16,28,439.000,394.000,6.000,4.000,1.0,1,1.0
17,28,439.000,394.000,6.000,4.000,1.0,1,1.0
18,28,439.000,394.000,6.000,4.000,1.0,1,1.0
19,28,439.000,394.000,6.000,4.000,1.0,1,1.0
20,28,439.000,394.000,6.000,4.000,1.0,1,1.0
21,28,439.000,394.000,6.000,4.000,1.0,1,1.0
22,28,439.000,394.000,6.000,4.000,1.0,1,1.0
23,28,439.000,394.000,6.000,4.000,1.0,1,1.0
24,28,439.000,394.000,6.000,4.000,1.0,1,1.0
26,28,440.000,394.000,6.000,4.000,1.0,1,1.0
27,28,440.000,394.000,6.000,4.000,1.0,1,1.0
28,28,441.000,393.000,6.000,5.000,1.0,1,1.0
29,28,442.000,393.000,6.000,4.000,1.0,1,1.0
30,28,442.000,393.000,6.000,4.000,1.0,1,1.0
31,28,443.000,393.000,5.000,4.000,1.0,1,1.0
32,28,444.000,393.000,7.000,4.000,1.0,1,1.0
33,28,437.000,392.000,16.000,10.000,1.0,1,1.0
34,28,440.000,394.000,16.000,10.000,1.0,1,1.0
35,28,446.000,394.000,8.000,4.000,1.0,1,1.0
36,28,441.000,393.000,12.000,9.000,1.0,1,1.0
42,28,440.000,393.000,6.000,4.000,1.0,1,1.0
43,28,438.000,393.000,7.000,4.000,1.0,1,1.0
44,28,436.000,393.000,8.000,4.000,1.0,1,1.0
45,28,434.000,393.000,8.000,4.000,1.0,1,1.0
46,28,433.000,393.000,9.000,4.000,1.0,1,1.0
47,28,431.000,393.000,9.000,5.000,1.0,1,1.0
48,28,430.000,392.000,9.000,5.000,1.0,1,1.0
49,28,429.000,391.000,9.000,6.000,1.0,1,1.0
50,28,428.000,390.000,8.000,6.000,1.0,1,1.0
51,28,427.000,387.000,6.000,8.000,1.0,1,1.0
52,28,425.000,384.000,6.000,9.000,1.0,1,1.0
53,28,423.000,381.000,6.000,8.000,1.0,1,1.0
54,28,423.000,378.000,5.000,8.000,1.0,1,1.0
55,28,422.000,374.000,5.000,10.000,1.0,1,1.0
56,28,421.000,371.000,5.000,9.000,1.0,1,1.0
57,28,420.000,367.000,5.000,10.000,1.0,1,1.0
58,28,419.000,363.000,5.000,10.000,1.0,1,1.0
59,28,419.000,360.000,5.000,9.000,1.0,1,1.0
60,28,419.000,357.000,5.000,10.000,1.0,1,1.0
61,28,419.000,354.000,5.000,9.000,1.0,1,1.0
62,28,420.000,350.000,4.000,10.000,1.0,1,1.0
63,28,420.000,346.000,4.000,10.000,1.0,1,1.0
64,28,420.000,342.000,5.000,10.000,1.0,1,1.0
65,28,420.000,339.000,5.000,9.000,1.0,1,1.0
66,28,420.000,335.000,5.000,9.000,1.0,1,1.0
67,28,421.000,331.000,5.000,10.000,1.0,1,1.0
68,28,421.000,328.000,5.000,9.000,1.0,1,1.0
69,28,421.000,324.000,5.000,10.000,1.0,1,1.0
70,28,421.000,320.000,5.000,10.000,1.0,1,1.0
71,28,421.000,317.000,5.000,10.000,1.0,1,1.0
72,28,420.000,314.000,5.000,9.000,1.0,1,1.0
73,28,419.000,312.000,5.000,7.000,1.0,1,1.0
74,28,416.000,311.000,6.000,7.000,1.0,1,1.0
75,28,414.000,310.000,6.000,6.000,1.0,1,1.0
76,28,412.000,309.000,7.000,6.000,1.0,1,1.0
77,28,411.000,308.000,6.000,6.000,1.0,1,1.0
78,28,410.000,306.000,6.000,6.000,1.0,1,1.0
79,28,409.000,303.000,5.000,8.000,1.0,1,1.0
80,28,409.000,301.000,4.000,7.000,1.0,1,1.0
81,28,408.000,298.000,4.000,7.000,1.0,1,1.0
82,28,407.000,296.000,5.000,7.000,1.0,1,1.0
83,28,406.000,293.000,5.000,8.000,1.0,1,1.0
84,28,406.000,291.000,4.000,7.000,1.0,1,1.0
85,28,405.000,288.000,5.000,7.000,1.0,1,1.0
86,28,405.000,286.000,5.000,7.000,1.0,1,1.0
87,28,405.000,283.000,5.000,7.000,1.0,1,1.0
88,28,405.000,281.000,5.000,7.000,1.0,1,1.0
89,28,405.000,279.000,5.000,7.000,1.0,1,1.0
90,28,405.000,277.000,6.000,7.000,1.0,1,1.0
91,28,406.000,275.000,6.000,7.000,1.0,1,1.0
92,28,407.000,274.000,6.000,6.000,1.0,1,1.0
93,28,407.000,273.000,7.000,6.000,1.0,1,1.0
94,28,409.000,273.000,8.000,5.000,1.0,1,1.0
95,28,411.000,272.000,8.000,6.000,1.0,1,1.0
96,28,413.000,271.000,8.000,5.000,1.0,1,1.0
97,28,415.000,270.000,8.000,6.000,1.0,1,1.0
98,28,417.000,268.000,8.000,7.000,1.0,1,1.0
99,28,419.000,266.000,7.000,7.000,1.0,1,1.0
100,28,421.000,263.000,7.000,7.000,1.0,1,1.0
101,28,423.000,260.000,7.000,8.000,1.0,1,1.0
102,28,424.000,257.000,7.000,8.000,1.0,1,1.0
103,28,425.000,256.000,8.000,8.000,1.0,1,1.0
104,28,426.000,256.000,8.000,8.000,1.0,1,1.0
105,28,427.000,256.000,8.000,7.000,1.0,1,1.0
106,28,428.000,255.000,8.000,7.000,1.0,1,1.0
107,28,430.000,253.000,8.000,7.000,1.0,1,1.0
108,28,432.000,251.000,9.000,7.000,1.0,1,1.0
109,28,436.000,248.000,8.000,8.000,1.0,1,1.0
110,28,439.000,246.000,8.000,7.000,1.0,1,1.0
112,28,441.000,242.000,7.000,10.000,1.0,1,1.0
113,28,442.000,238.000,5.000,9.000,1.0,1,1.0
114,28,441.000,234.000,5.000,9.000,1.0,1,1.0
115,28,441.000,230.000,5.000,9.000,1.0,1,1.0
116,28,440.000,226.000,5.000,10.000,1.0,1,1.0
117,28,440.000,222.000,5.000,10.000,1.0,1,1.0
118,28,439.000,217.000,5.000,10.000,1.0,1,1.0
119,28,439.000,214.000,5.000,10.000,1.0,1,1.0
120,28,440.000,212.000,5.000,10.000,1.0,1,1.0
121,28,440.000,210.000,5.000,9.000,1.0,1,1.0
122,28,441.000,208.000,5.000,9.000,1.0,1,1.0
123,28,442.000,205.000,5.000,9.000,1.0,1,1.0
124,28,444.000,201.000,5.000,9.000,1.0,1,1.0
125,28,445.000,197.000,5.000,10.000,1.0,1,1.0
126,28,446.000,194.000,5.000,9.000,1.0,1,1.0
127,28,447.000,191.000,5.000,9.000,1.0,1,1.0
128,28,447.000,188.000,5.000,9.000,1.0,1,1.0
129,28,448.000,185.000,6.000,9.000,1.0,1,1.0
130,28,450.000,182.000,6.000,9.000,1.0,1,1.0
131,28,452.000,179.000,5.000,8.000,1.0,1,1.0
132,28,454.000,176.000,5.000,8.000,1.0,1,1.0
133,28,455.000,172.000,6.000,9.000,1.0,1,1.0
134,28,457.000,169.000,6.000,9.000,1.0,1,1.0
135,28,458.000,165.000,6.000,9.000,1.0,1,1.0
136,28,459.000,162.000,6.000,9.000,1.0,1,1.0
137,28,460.000,158.000,5.000,10.000,1.0,1,1.0
138,28,461.000,155.000,5.000,9.000,1.0,1,1.0
139,28,461.000,151.000,5.000,9.000,1.0,1,1.0
140,28,461.000,147.000,5.000,10.000,1.0,1,1.0
141,28,460.000,144.000,5.000,9.000,1.0,1,1.0
142,28,460.000,140.000,5.000,9.000,1.0,1,1.0
143,28,459.000,136.000,5.000,10.000,1.0,1,1.0
144,28,459.000,133.000,5.000,9.000,1.0,1,1.0
145,28,458.000,129.000,5.000,9.000,1.0,1,1.0
146,28,458.000,125.000,5.000,9.000,1.0,1,1.0
147,28,458.000,121.000,5.000,10.000,1.0,1,1.0
148,28,458.000,118.000,5.000,9.000,1.0,1,1.0
149,28,459.000,116.000,6.000,8.000,1.0,1,1.0
150,28,461.000,114.000,7.000,8.000,1.0,1,1.0
151,28,463.000,112.000,6.000,7.000,1.0,1,1.0
152,28,465.000,109.000,6.000,8.000,1.0,1,1.0
153,28,466.000,106.000,6.000,8.000,1.0,1,1.0
154,28,468.000,104.000,5.000,8.000,1.0,1,1.0
155,28,468.000,100.000,5.000,9.000,1.0,1,1.0
156,28,468.000,97.000,5.000,9.000,1.0,1,1.0
157,28,468.000,93.000,5.000,9.000,1.0,1,1.0
158,28,467.000,90.000,5.000,9.000,1.0,1,1.0
159,28,467.000,87.000,5.000,10.000,1.0,1,1.0
160,28,466.000,84.000,5.000,8.000,1.0,1,1.0
161,28,465.000,80.000,5.000,9.000,1.0,1,1.0
162,28,463.000,78.000,6.000,8.000,1.0,1,1.0
163,28,462.000,75.000,6.000,8.000,1.0,1,1.0
164,28,460.000,74.000,6.000,8.000,1.0,1,1.0
165,28,458.000,72.000,7.000,7.000,1.0,1,1.0
166,28,456.000,71.000,7.000,7.000,1.0,1,1.0
167,28,454.000,69.000,7.000,7.000,1.0,1,1.0
168,28,452.000,67.000,7.000,7.000,1.0,1,1.0
169,28,448.000,66.000,9.000,5.000,1.0,1,1.0
170,28,445.000,64.000,9.000,6.000,1.0,1,1.0
171,28,442.000,63.000,9.000,5.000,1.0,1,1.0
172,28,439.000,61.000,9.000,5.000,1.0,1,1.0
173,28,436.000,59.000,9.000,5.000,1.0,1,1.0
174,28,435.000,55.000,7.000,8.000,1.0,1,1.0
175,28,437.000,52.000,5.000,9.000,1.0,1,1.0
176,28,438.000,49.000,5.000,9.000,1.0,1,1.0
177,28,439.000,46.000,5.000,9.000,1.0,1,1.0
178,28,440.000,43.000,5.000,9.000,1.0,1,1.0
179,28,441.000,39.000,5.000,10.000,1.0,1,1.0
180,28,442.000,37.000,5.000,9.000,1.0,1,1.0
181,28,442.000,33.000,5.000,9.000,1.0,1,1.0
182,28,443.000,30.000,5.000,9.000,1.0,1,1.0
183,28,443.000,30.000,5.000,6.000,1.0,1,1.0
8,24,272.000,395.000,9.000,7.000,1.0,1,1.0
9,24,271.000,394.000,9.000,8.000,1.0,1,1.0
10,24,270.000,395.000,10.000,7.000,1.0,1,1.0
11,24,271.000,394.000,10.000,7.000,1.0,1,1.0
12,24,272.000,394.000,11.000,6.000,1.0,1,1.0
13,24,272.000,394.000,10.000,7.000,1.0,1,1.0
14,24,272.000,394.000,9.000,6.000,1.0,1,1.0
15,24,272.000,394.000,5.000,6.000,1.0,1,1.0
16,24,272.000,394.000,5.000,6.000,1.0,1,1.0
17,24,271.000,395.000,5.000,5.000,1.0,1,1.0
18,24,272.000,395.000,5.000,5.000,1.0,1,1.0
19,24,272.000,395.000,5.000,5.000,1.0,1,1.0
20,24,273.000,394.000,5.000,5.000,1.0,1,1.0
21,24,274.000,393.000,6.000,5.000,1.0,1,1.0
22,24,275.000,393.000,6.000,5.000,1.0,1,1.0
23,24,275.000,393.000,6.000,5.000,1.0,1,1.0
24,24,275.000,392.000,6.000,5.000,1.0,1,1.0
25,24,276.000,391.000,6.000,6.000,1.0,1,1.0
26,24,277.000,389.000,7.000,7.000,1.0,1,1.0
27,24,278.000,387.000,7.000,7.000,1.0,1,1.0
28,24,280.000,384.000,7.000,7.000,1.0,1,1.0
29,24,284.000,381.000,7.000,7.000,1.0,1,1.0
30,24,286.000,378.000,8.000,7.000,1.0,1,1.0
31,24,289.000,375.000,7.000,8.000,1.0,1,1.0
32,24,291.000,373.000,7.000,7.000,1.0,1,1.0
33,24,293.000,372.000,7.000,6.000,1.0,1,1.0
34,24,294.000,370.000,7.000,7.000,1.0,1,1.0
35,24,295.000,368.000,8.000,7.000,1.0,1,1.0
36,24,296.000,367.000,8.000,7.000,1.0,1,1.0
37,24,297.000,369.000,9.000,5.000,1.0,1,1.0
38,24,301.000,370.000,8.000,5.000,1.0,1,1.0
39,24,304.000,372.000,8.000,5.000,1.0,1,1.0
40,24,307.000,374.000,8.000,5.000,1.0,1,1.0
41,24,309.000,376.000,9.000,5.000,1.0,1,1.0
42,24,312.000,377.000,9.000,5.000,1.0,1,1.0
43,24,313.000,378.000,10.000,5.000,1.0,1,1.0
44,24,316.000,378.000,9.000,6.000,1.0,1,1.0
45,24,318.000,378.000,9.000,5.000,1.0,1,1.0
46,24,321.000,375.000,7.000,6.000,1.0,1,1.0
47,24,323.000,371.000,6.000,7.000,1.0,1,1.0
48,24,324.000,367.000,6.000,8.000,1.0,1,1.0
49,24,325.000,363.000,5.000,9.000,1.0,1,1.0
50,24,326.000,359.000,4.000,9.000,1.0,1,1.0
51,24,325.000,354.000,5.000,10.000,1.0,1,1.0
52,24,325.000,350.000,5.000,9.000,1.0,1,1.0
53,24,324.000,346.000,5.000,10.000,1.0,1,1.0
54,24,323.000,343.000,5.000,9.000,1.0,1,1.0
55,24,321.000,339.000,6.000,10.000,1.0,1,1.0
56,24,320.000,337.000,5.000,9.000,1.0,1,1.0
57,24,320.000,334.000,5.000,9.000,1.0,1,1.0
58,24,320.000,332.000,7.000,11.000,1.0,1,1.0
59,24,320.000,334.000,4.000,9.000,1.0,1,1.0
60,24,320.000,333.000,4.000,10.000,1.0,1,1.0
61,24,320.000,333.000,4.000,9.000,1.0,1,1.0
62,24,319.000,333.000,5.000,9.000,1.0,1,1.0
63,24,319.000,332.000,5.000,9.000,1.0,1,1.0
64,24,318.000,331.000,5.000,9.000,1.0,1,1.0
65,24,318.000,330.000,6.000,8.000,1.0,1,1.0
66,24,318.000,330.000,7.000,6.000,1.0,1,1.0
67,24,317.000,329.000,8.000,6.000,1.0,1,1.0
68,24,318.000,329.000,8.000,6.000,1.0,1,1.0
69,24,319.000,330.000,8.000,5.000,1.0,1,1.0
70,24,320.000,330.000,8.000,5.000,1.0,1,1.0
71,24,321.000,331.000,8.000,5.000,1.0,1,1.0
72,24,322.000,331.000,8.000,5.000,1.0,1,1.0
73,24,323.000,331.000,7.000,5.000,1.0,1,1.0
74,24,323.000,331.000,7.000,5.000,1.0,1,1.0
75,24,323.000,331.000,7.000,5.000,1.0,1,1.0
76,24,324.000,331.000,7.000,5.000,1.0,1,1.0
77,24,326.000,331.000,7.000,5.000,1.0,1,1.0
78,24,328.000,330.000,8.000,5.000,1.0,1,1.0
79,24,330.000,330.000,7.000,5.000,1.0,1,1.0
80,24,332.000,328.000,6.000,6.000,1.0,1,1.0
81,24,334.000,325.000,5.000,7.000,1.0,1,1.0
82,24,335.000,323.000,5.000,7.000,1.0,1,1.0
83,24,336.000,320.000,6.000,8.000,1.0,1,1.0
84,24,337.000,317.000,5.000,8.000,1.0,1,1.0
85,24,338.000,315.000,6.000,8.000,1.0,1,1.0
86,24,339.000,311.000,5.000,8.000,1.0,1,1.0
87,24,339.000,307.000,5.000,9.000,1.0,1,1.0
88,24,339.000,303.000,5.000,9.000,1.0,1,1.0
89,24,339.000,300.000,5.000,9.000,1.0,1,1.0
90,24,338.000,297.000,5.000,9.000,1.0,1,1.0
91,24,339.000,295.000,4.000,9.000,1.0,1,1.0
92,24,338.000,293.000,5.000,9.000,1.0,1,1.0
93,24,338.000,290.000,5.000,9.000,1.0,1,1.0
94,24,338.000,288.000,5.000,8.000,1.0,1,1.0
95,24,338.000,284.000,4.000,9.000,1.0,1,1.0
96,24,337.000,282.000,5.000,9.000,1.0,1,1.0
97,24,335.000,280.000,6.000,9.000,1.0,1,1.0
98,24,334.000,279.000,5.000,8.000,1.0,1,1.0
99,24,332.000,277.000,6.000,8.000,1.0,1,1.0
100,24,330.000,276.000,7.000,7.000,1.0,1,1.0
101,24,329.000,274.000,6.000,8.000,1.0,1,1.0
102,24,328.000,273.000,6.000,7.000,1.0,1,1.0
103,24,327.000,270.000,6.000,9.000,1.0,1,1.0
104,24,328.000,268.000,5.000,10.000,1.0,1,1.0
105,24,329.000,266.000,5.000,10.000,1.0,1,1.0
106,24,329.000,264.000,6.000,9.000,1.0,1,1.0
107,24,330.000,261.000,6.000,9.000,1.0,1,1.0
108,24,332.000,258.000,5.000,9.000,1.0,1,1.0
109,24,333.000,255.000,5.000,9.000,1.0,1,1.0
110,24,334.000,252.000,5.000,9.000,1.0,1,1.0
111,24,335.000,250.000,5.000,8.000,1.0,1,1.0
112,24,336.000,247.000,5.000,8.000,1.0,1,1.0
113,24,337.000,244.000,5.000,9.000,1.0,1,1.0
114,24,338.000,242.000,5.000,8.000,1.0,1,1.0
115,24,339.000,239.000,5.000,8.000,1.0,1,1.0
116,24,339.000,236.000,6.000,9.000,1.0,1,1.0
117,24,340.000,235.000,5.000,8.000,1.0,1,1.0
118,24,340.000,233.000,5.000,8.000,1.0,1,1.0
119,24,341.000,232.000,5.000,8.000,1.0,1,1.0
120,24,341.000,230.000,5.000,8.000,1.0,1,1.0
121,24,341.000,227.000,5.000,8.000,1.0,1,1.0
122,24,341.000,224.000,5.000,8.000,1.0,1,1.0
123,24,341.000,220.000,5.000,9.000,1.0,1,1.0
124,24,341.000,218.000,5.000,8.000,1.0,1,1.0
125,24,341.000,214.000,4.000,9.000,1.0,1,1.0
126,24,340.000,212.000,5.000,8.000,1.0,1,1.0
127,24,339.000,209.000,6.000,8.000,1.0,1,1.0
128,24,339.000,206.000,5.000,9.000,1.0,1,1.0
129,24,338.000,204.000,5.000,8.000,1.0,1,1.0
130,24,338.000,201.000,5.000,9.000,1.0,1,1.0
131,24,336.000,198.000,6.000,9.000,1.0,1,1.0
132,24,336.000,196.000,5.000,9.000,1.0,1,1.0
133,24,335.000,194.000,5.000,9.000,1.0,1,1.0
134,24,334.000,192.000,5.000,9.000,1.0,1,1.0
135,24,333.000,190.000,6.000,9.000,1.0,1,1.0
136,24,333.000,189.000,6.000,9.000,1.0,1,1.0
137,24,332.000,189.000,6.000,9.000,1.0,1,1.0
138,24,332.000,189.000,6.000,8.000,1.0,1,1.0
139,24,332.000,189.000,6.000,8.000,1.0,1,1.0
140,24,332.000,189.000,6.000,8.000,1.0,1,1.0
141,24,332.000,189.000,6.000,8.000,1.0,1,1.0
142,24,332.000,189.000,6.000,8.000,1.0,1,1.0
143,24,332.000,189.000,6.000,9.000,1.0,1,1.0
144,24,332.000,189.000,6.000,8.000,1.0,1,1.0
145,24,332.000,189.000,6.000,8.000,1.0,1,1.0
146,24,332.000,189.000,6.000,8.000,1.0,1,1.0
147,24,332.000,189.000,6.000,8.000,1.0,1,1.0
148,24,332.000,189.000,6.000,8.000,1.0,1,1.0
149,24,332.000,189.000,6.000,8.000,1.0,1,1.0
150,24,332.000,189.000,6.000,8.000,1.0,1,1.0
151,24,332.000,189.000,6.000,8.000,1.0,1,1.0
152,24,332.000,189.000,6.000,8.000,1.0,1,1.0
153,24,332.000,189.000,6.000,8.000,1.0,1,1.0
154,24,332.000,189.000,6.000,9.000,1.0,1,1.0
155,24,332.000,189.000,6.000,8.000,1.0,1,1.0
156,24,332.000,189.000,6.000,8.000,1.0,1,1.0
157,24,332.000,189.000,6.000,8.000,1.0,1,1.0
158,24,332.000,189.000,6.000,8.000,1.0,1,1.0
159,24,332.000,189.000,6.000,8.000,1.0,1,1.0
160,24,332.000,189.000,6.000,8.000,1.0,1,1.0
161,24,332.000,189.000,6.000,8.000,1.0,1,1.0
162,24,332.000,189.000,6.000,8.000,1.0,1,1.0
163,24,332.000,189.000,6.000,8.000,1.0,1,1.0
164,24,332.000,189.000,6.000,8.000,1.0,1,1.0
165,24,332.000,189.000,6.000,8.000,1.0,1,1.0
166,24,332.000,189.000,6.000,8.000,1.0,1,1.0
167,24,332.000,189.000,6.000,8.000,1.0,1,1.0
168,24,332.000,189.000,6.000,8.000,1.0,1,1.0
169,24,332.000,189.000,6.000,8.000,1.0,1,1.0
170,24,332.000,188.000,6.000,9.000,1.0,1,1.0
171,24,331.000,188.000,8.000,7.000,1.0,1,1.0
172,24,330.000,188.000,8.000,6.000,1.0,1,1.0
173,24,329.000,187.000,8.000,6.000,1.0,1,1.0
174,24,329.000,186.000,7.000,6.000,1.0,1,1.0
175,24,329.000,183.000,6.000,8.000,1.0,1,1.0
176,24,328.000,181.000,6.000,9.000,1.0,1,1.0
177,24,328.000,179.000,5.000,9.000,1.0,1,1.0
178,24,328.000,177.000,5.000,9.000,1.0,1,1.0
179,24,328.000,174.000,5.000,9.000,1.0,1,1.0
180,24,327.000,171.000,5.000,9.000,1.0,1,1.0
181,24,326.000,168.000,5.000,9.000,1.0,1,1.0
182,24,325.000,164.000,6.000,9.000,1.0,1,1.0
183,24,324.000,160.000,5.000,9.000,1.0,1,1.0
184,24,323.000,157.000,5.000,9.000,1.0,1,1.0
185,24,322.000,154.000,5.000,9.000,1.0,1,1.0
186,24,321.000,150.000,5.000,9.000,1.0,1,1.0
187,24,320.000,147.000,5.000,9.000,1.0,1,1.0
188,24,319.000,143.000,6.000,9.000,1.0,1,1.0
189,24,318.000,140.000,5.000,8.000,1.0,1,1.0
190,24,317.000,137.000,5.000,9.000,1.0,1,1.0
191,24,315.000,134.000,6.000,8.000,1.0,1,1.0
192,24,314.000,131.000,6.000,9.000,1.0,1,1.0
193,24,312.000,128.000,6.000,9.000,1.0,1,1.0
194,24,311.000,125.000,6.000,9.000,1.0,1,1.0
195,24,309.000,123.000,6.000,8.000,1.0,1,1.0
196,24,307.000,120.000,6.000,8.000,1.0,1,1.0
197,24,305.000,118.000,6.000,8.000,1.0,1,1.0
198,24,303.000,116.000,6.000,7.000,1.0,1,1.0
199,24,301.000,113.000,6.000,8.000,1.0,1,1.0
200,24,298.000,110.000,7.000,8.000,1.0,1,1.0
201,24,296.000,108.000,7.000,7.000,1.0,1,1.0
202,24,294.000,105.000,7.000,7.000,1.0,1,1.0
203,24,292.000,103.000,8.000,8.000,1.0,1,1.0
204,24,291.000,101.000,7.000,8.000,1.0,1,1.0
205,24,290.000,100.000,7.000,8.000,1.0,1,1.0
206,24,289.000,98.000,7.000,8.000,1.0,1,1.0
207,24,288.000,96.000,7.000,9.000,1.0,1,1.0
208,24,286.000,94.000,7.000,8.000,1.0,1,1.0
209,24,285.000,92.000,7.000,8.000,1.0,1,1.0
210,24,284.000,91.000,7.000,8.000,1.0,1,1.0
211,24,284.000,91.000,7.000,8.000,1.0,1,1.0
212,24,284.000,91.000,7.000,8.000,1.0,1,1.0
213,24,284.000,91.000,7.000,8.000,1.0,1,1.0
214,24,284.000,91.000,7.000,8.000,1.0,1,1.0
215,24,284.000,90.000,7.000,9.000,1.0,1,1.0
216,24,284.000,88.000,6.000,9.000,1.0,1,1.0
217,24,284.000,85.000,5.000,9.000,1.0,1,1.0
218,24,285.000,82.000,5.000,9.000,1.0,1,1.0
219,24,285.000,78.000,5.000,10.000,1.0,1,1.0
220,24,285.000,75.000,5.000,9.000,1.0,1,1.0
221,24,285.000,72.000,5.000,9.000,1.0,1,1.0
222,24,284.000,67.000,5.000,10.000,1.0,1,1.0
223,24,284.000,63.000,5.000,9.000,1.0,1,1.0
224,24,283.000,60.000,5.000,9.000,1.0,1,1.0
225,24,283.000,56.000,5.000,9.000,1.0,1,1.0
226,24,282.000,52.000,5.000,9.000,1.0,1,1.0
227,24,281.000,48.000,5.000,9.000,1.0,1,1.0
228,24,280.000,44.000,6.000,9.000,1.0,1,1.0
229,24,279.000,40.000,6.000,10.000,1.0,1,1.0
230,24,279.000,37.000,5.000,9.000,1.0,1,1.0
231,24,279.000,35.000,6.000,9.000,1.0,1,1.0
232,24,279.000,32.000,5.000,10.000,1.0,1,1.0
11,46,667.000,394.000,7.000,9.000,1.0,1,1.0
12,46,667.000,394.000,6.000,8.000,1.0,1,1.0
17,46,667.000,388.000,5.000,8.000,1.0,1,1.0
18,46,667.000,386.000,4.000,8.000,1.0,1,1.0
19,46,667.000,386.000,4.000,8.000,1.0,1,1.0
20,46,667.000,386.000,4.000,8.000,1.0,1,1.0
21,46,667.000,386.000,4.000,8.000,1.0,1,1.0
22,46,667.000,386.000,4.000,8.000,1.0,1,1.0
23,46,667.000,386.000,4.000,8.000,1.0,1,1.0
24,46,667.000,386.000,4.000,8.000,1.0,1,1.0
25,46,667.000,386.000,4.000,8.000,1.0,1,1.0
26,46,667.000,386.000,4.000,8.000,1.0,1,1.0
27,46,667.000,386.000,4.000,8.000,1.0,1,1.0
28,46,667.000,386.000,4.000,8.000,1.0,1,1.0
29,46,667.000,386.000,4.000,8.000,1.0,1,1.0
30,46,666.000,386.000,5.000,7.000,1.0,1,1.0
31,46,667.000,386.000,5.000,6.000,1.0,1,1.0
32,46,668.000,386.000,5.000,6.000,1.0,1,1.0
33,46,668.000,386.000,5.000,6.000,1.0,1,1.0
34,46,669.000,386.000,6.000,6.000,1.0,1,1.0
35,46,670.000,387.000,6.000,6.000,1.0,1,1.0
36,46,670.000,390.000,7.000,6.000,1.0,1,1.0
37,46,672.000,392.000,6.000,6.000,1.0,1,1.0
38,46,673.000,394.000,6.000,8.000,1.0,1,1.0
39,46,673.000,393.000,6.000,9.000,1.0,1,1.0
40,46,673.000,393.000,7.000,6.000,1.0,1,1.0
41,46,675.000,392.000,7.000,5.000,1.0,1,1.0
42,46,677.000,392.000,7.000,5.000,1.0,1,1.0
43,46,678.000,391.000,8.000,5.000,1.0,1,1.0
44,46,681.000,390.000,8.000,5.000,1.0,1,1.0
45,46,683.000,388.000,8.000,5.000,1.0,1,1.0
46,46,684.000,388.000,9.000,5.000,1.0,1,1.0
47,46,686.000,387.000,8.000,5.000,1.0,1,1.0
48,46,687.000,387.000,9.000,5.000,1.0,1,1.0
49,46,689.000,387.000,9.000,5.000,1.0,1,1.0
50,46,691.000,387.000,9.000,4.000,1.0,1,1.0
51,46,694.000,387.000,9.000,4.000,1.0,1,1.0
52,46,698.000,387.000,8.000,4.000,1.0,1,1.0
53,46,701.000,388.000,9.000,5.000,1.0,1,1.0
54,46,705.000,389.000,8.000,5.000,1.0,1,1.0
55,46,708.000,391.000,8.000,6.000,1.0,1,1.0
56,46,711.000,393.000,7.000,6.000,1.0,1,1.0
57,46,713.000,393.000,7.000,6.000,1.0,1,1.0
58,46,715.000,394.000,7.000,5.000,1.0,1,1.0
59,46,716.000,393.000,7.000,4.000,1.0,1,1.0
60,46,718.000,391.000,6.000,5.000,1.0,1,1.0
61,46,719.000,390.000,7.000,5.000,1.0,1,1.0
62,46,721.000,389.000,7.000,5.000,1.0,1,1.0
63,46,723.000,388.000,6.000,5.000,1.0,1,1.0
64,46,725.000,388.000,6.000,5.000,1.0,1,1.0
65,46,726.000,389.000,6.000,4.000,1.0,1,1.0
66,46,728.000,389.000,6.000,5.000,1.0,1,1.0
67,46,729.000,390.000,6.000,5.000,1.0,1,1.0
68,46,731.000,391.000,5.000,5.000,1.0,1,1.0
69,46,732.000,393.000,5.000,6.000,1.0,1,1.0
70,46,733.000,395.000,5.000,6.000,1.0,1,1.0
71,46,734.000,396.000,4.000,7.000,1.0,1,1.0
72,46,734.000,396.000,4.000,6.000,1.0,1,1.0
73,46,735.000,396.000,4.000,6.000,1.0,1,1.0
74,46,735.000,396.000,4.000,6.000,1.0,1,1.0
75,46,735.000,395.000,4.000,6.000,1.0,1,1.0
76,46,735.000,395.000,4.000,6.000,1.0,1,1.0
77,46,735.000,395.000,4.000,6.000,1.0,1,1.0
78,46,735.000,395.000,4.000,5.000,1.0,1,1.0
79,46,735.000,396.000,4.000,5.000,1.0,1,1.0
80,46,735.000,397.000,4.000,5.000,1.0,1,1.0
81,46,735.000,397.000,4.000,5.000,1.0,1,1.0
83,46,734.000,397.000,5.000,5.000,1.0,1,1.0
84,46,734.000,396.000,5.000,5.000,1.0,1,1.0
85,46,733.000,396.000,5.000,5.000,1.0,1,1.0
86,46,733.000,396.000,5.000,5.000,1.0,1,1.0
87,46,732.000,395.000,6.000,6.000,1.0,1,1.0
88,46,731.000,395.000,6.000,5.000,1.0,1,1.0
89,46,730.000,395.000,6.000,5.000,1.0,1,1.0
90,46,728.000,394.000,7.000,6.000,1.0,1,1.0
91,46,727.000,394.000,7.000,5.000,1.0,1,1.0
92,46,726.000,393.000,7.000,5.000,1.0,1,1.0
93,46,726.000,391.000,6.000,7.000,1.0,1,1.0
94,46,726.000,388.000,5.000,8.000,1.0,1,1.0
95,46,726.000,386.000,5.000,8.000,1.0,1,1.0
96,46,726.000,384.000,5.000,9.000,1.0,1,1.0
97,46,726.000,383.000,5.000,8.000,1.0,1,1.0
98,46,727.000,382.000,5.000,8.000,1.0,1,1.0
99,46,728.000,380.000,4.000,9.000,1.0,1,1.0
100,46,728.000,378.000,5.000,9.000,1.0,1,1.0
101,46,729.000,376.000,5.000,9.000,1.0,1,1.0
102,46,729.000,374.000,5.000,9.000,1.0,1,1.0
103,46,730.000,373.000,5.000,8.000,1.0,1,1.0
104,46,730.000,371.000,5.000,9.000,1.0,1,1.0
105,46,731.000,370.000,5.000,9.000,1.0,1,1.0
106,46,731.000,369.000,5.000,9.000,1.0,1,1.0
107,46,731.000,368.000,6.000,9.000,1.0,1,1.0
108,46,731.000,367.000,6.000,9.000,1.0,1,1.0
109,46,731.000,367.000,6.000,9.000,1.0,1,1.0
110,46,731.000,367.000,6.000,9.000,1.0,1,1.0
111,46,731.000,367.000,6.000,9.000,1.0,1,1.0
112,46,731.000,367.000,6.000,9.000,1.0,1,1.0
113,46,731.000,367.000,6.000,9.000,1.0,1,1.0
114,46,731.000,367.000,6.000,9.000,1.0,1,1.0
115,46,731.000,367.000,6.000,9.000,1.0,1,1.0
116,46,731.000,367.000,6.000,9.000,1.0,1,1.0
117,46,731.000,367.000,6.000,9.000,1.0,1,1.0
118,46,731.000,367.000,6.000,9.000,1.0,1,1.0
119,46,731.000,367.000,6.000,9.000,1.0,1,1.0
120,46,731.000,367.000,6.000,9.000,1.0,1,1.0
121,46,731.000,367.000,6.000,9.000,1.0,1,1.0
122,46,731.000,367.000,6.000,9.000,1.0,1,1.0
123,46,731.000,367.000,6.000,9.000,1.0,1,1.0
124,46,731.000,367.000,6.000,9.000,1.0,1,1.0
125,46,731.000,367.000,6.000,9.000,1.0,1,1.0
126,46,731.000,367.000,6.000,9.000,1.0,1,1.0
127,46,731.000,367.000,6.000,9.000,1.0,1,1.0
128,46,731.000,367.000,6.000,9.000,1.0,1,1.0
129,46,731.000,367.000,6.000,9.000,1.0,1,1.0
130,46,731.000,367.000,6.000,9.000,1.0,1,1.0
131,46,731.000,367.000,6.000,9.000,1.0,1,1.0
132,46,731.000,367.000,6.000,9.000,1.0,1,1.0
133,46,731.000,366.000,6.000,10.000,1.0,1,1.0
134,46,731.000,366.000,6.000,10.000,1.0,1,1.0
135,46,731.000,366.000,6.000,10.000,1.0,1,1.0
136,46,731.000,367.000,6.000,9.000,1.0,1,1.0
137,46,732.000,367.000,5.000,9.000,1.0,1,1.0
138,46,731.000,367.000,6.000,8.000,1.0,1,1.0
139,46,731.000,367.000,6.000,8.000,1.0,1,1.0
140,46,731.000,367.000,6.000,9.000,1.0,1,1.0
141,46,731.000,367.000,6.000,9.000,1.0,1,1.0
142,46,731.000,367.000,6.000,9.000,1.0,1,1.0
143,46,731.000,367.000,6.000,9.000,1.0,1,1.0
144,46,731.000,367.000,6.000,9.000,1.0,1,1.0
145,46,731.000,367.000,6.000,9.000,1.0,1,1.0
146,46,731.000,367.000,6.000,9.000,1.0,1,1.0
147,46,731.000,367.000,6.000,9.000,1.0,1,1.0
148,46,731.000,367.000,6.000,9.000,1.0,1,1.0
149,46,731.000,367.000,6.000,9.000,1.0,1,1.0
150,46,732.000,367.000,5.000,9.000,1.0,1,1.0
151,46,732.000,367.000,5.000,9.000,1.0,1,1.0
152,46,731.000,367.000,6.000,9.000,1.0,1,1.0
153,46,732.000,367.000,5.000,9.000,1.0,1,1.0
154,46,732.000,367.000,5.000,10.000,1.0,1,1.0
155,46,732.000,367.000,5.000,10.000,1.0,1,1.0
156,46,732.000,367.000,5.000,9.000,1.0,1,1.0
157,46,731.000,367.000,6.000,9.000,1.0,1,1.0
158,46,731.000,367.000,6.000,9.000,1.0,1,1.0
159,46,732.000,367.000,5.000,9.000,1.0,1,1.0
160,46,732.000,367.000,5.000,9.000,1.0,1,1.0
161,46,732.000,367.000,5.000,9.000,1.0,1,1.0
162,46,732.000,367.000,5.000,9.000,1.0,1,1.0
163,46,732.000,367.000,5.000,9.000,1.0,1,1.0
164,46,732.000,367.000,5.000,9.000,1.0,1,1.0
165,46,732.000,367.000,5.000,9.000,1.0,1,1.0
166,46,732.000,367.000,5.000,9.000,1.0,1,1.0
167,46,732.000,367.000,5.000,9.000,1.0,1,1.0
168,46,732.000,367.000,5.000,9.000,1.0,1,1.0
169,46,732.000,367.000,5.000,10.000,1.0,1,1.0
170,46,732.000,367.000,5.000,10.000,1.0,1,1.0
171,46,732.000,368.000,5.000,9.000,1.0,1,1.0
172,46,732.000,368.000,5.000,9.000,1.0,1,1.0
173,46,732.000,368.000,5.000,9.000,1.0,1,1.0
174,46,732.000,368.000,5.000,9.000,1.0,1,1.0
175,46,732.000,368.000,5.000,9.000,1.0,1,1.0
176,46,732.000,368.000,5.000,9.000,1.0,1,1.0
177,46,732.000,368.000,5.000,9.000,1.0,1,1.0
178,46,732.000,368.000,5.000,9.000,1.0,1,1.0
179,46,732.000,368.000,5.000,9.000,1.0,1,1.0
180,46,732.000,368.000,5.000,9.000,1.0,1,1.0
181,46,732.000,368.000,5.000,9.000,1.0,1,1.0
182,46,732.000,368.000,5.000,9.000,1.0,1,1.0
183,46,732.000,368.000,5.000,9.000,1.0,1,1.0
184,46,732.000,368.000,5.000,9.000,1.0,1,1.0
185,46,731.000,367.000,6.000,9.000,1.0,1,1.0
186,46,731.000,368.000,6.000,8.000,1.0,1,1.0
187,46,731.000,368.000,6.000,8.000,1.0,1,1.0
188,46,731.000,368.000,6.000,8.000,1.0,1,1.0
189,46,731.000,368.000,6.000,8.000,1.0,1,1.0
190,46,732.000,368.000,5.000,9.000,1.0,1,1.0
191,46,731.000,368.000,6.000,9.000,1.0,1,1.0
192,46,731.000,368.000,6.000,9.000,1.0,1,1.0
193,46,731.000,368.000,6.000,9.000,1.0,1,1.0
194,46,731.000,368.000,6.000,9.000,1.0,1,1.0
195,46,731.000,368.000,6.000,9.000,1.0,1,1.0
196,46,732.000,368.000,5.000,9.000,1.0,1,1.0
197,46,732.000,368.000,5.000,9.000,1.0,1,1.0
198,46,731.000,368.000,6.000,9.000,1.0,1,1.0
199,46,732.000,368.000,5.000,9.000,1.0,1,1.0
200,46,731.000,368.000,6.000,9.000,1.0,1,1.0
201,46,731.000,368.000,6.000,9.000,1.0,1,1.0
202,46,731.000,368.000,6.000,9.000,1.0,1,1.0
203,46,731.000,368.000,6.000,9.000,1.0,1,1.0
204,46,732.000,368.000,5.000,9.000,1.0,1,1.0
205,46,732.000,369.000,6.000,9.000,1.0,1,1.0
206,46,732.000,368.000,6.000,9.000,1.0,1,1.0
207,46,732.000,367.000,6.000,9.000,1.0,1,1.0
208,46,732.000,367.000,6.000,9.000,1.0,1,1.0
209,46,732.000,366.000,6.000,9.000,1.0,1,1.0
210,46,732.000,365.000,6.000,9.000,1.0,1,1.0
211,46,732.000,365.000,6.000,9.000,1.0,1,1.0
212,46,733.000,364.000,6.000,9.000,1.0,1,1.0
213,46,733.000,364.000,6.000,8.000,1.0,1,1.0
214,46,733.000,364.000,6.000,8.000,1.0,1,1.0
215,46,734.000,363.000,5.000,8.000,1.0,1,1.0
216,46,734.000,363.000,6.000,8.000,1.0,1,1.0
217,46,734.000,363.000,6.000,8.000,1.0,1,1.0
218,46,734.000,363.000,6.000,8.000,1.0,1,1.0
219,46,734.000,363.000,6.000,8.000,1.0,1,1.0
220,46,735.000,363.000,5.000,8.000,1.0,1,1.0
221,46,735.000,363.000,5.000,8.000,1.0,1,1.0
222,46,735.000,364.000,5.000,7.000,1.0,1,1.0
223,46,735.000,364.000,5.000,7.000,1.0,1,1.0
224,46,735.000,364.000,5.000,7.000,1.0,1,1.0
225,46,735.000,364.000,5.000,7.000,1.0,1,1.0
226,46,735.000,364.000,5.000,6.000,1.0,1,1.0
227,46,734.000,365.000,6.000,6.000,1.0,1,1.0
228,46,734.000,365.000,6.000,6.000,1.0,1,1.0
229,46,734.000,365.000,6.000,6.000,1.0,1,1.0
230,46,734.000,366.000,6.000,6.000,1.0,1,1.0
231,46,734.000,365.000,6.000,6.000,1.0,1,1.0
232,46,735.000,366.000,6.000,6.000,1.0,1,1.0
233,46,734.000,366.000,7.000,6.000,1.0,1,1.0
234,46,735.000,366.000,6.000,5.000,1.0,1,1.0
235,46,734.000,366.000,6.000,6.000,1.0,1,1.0
236,46,734.000,365.000,6.000,7.000,1.0,1,1.0
237,46,734.000,365.000,6.000,6.000,1.0,1,1.0
238,46,734.000,365.000,6.000,7.000,1.0,1,1.0
239,46,734.000,365.000,6.000,7.000,1.0,1,1.0
240,46,734.000,365.000,6.000,7.000,1.0,1,1.0
241,46,734.000,365.000,6.000,7.000,1.0,1,1.0
242,46,734.000,365.000,6.000,7.000,1.0,1,1.0
243,46,734.000,365.000,6.000,7.000,1.0,1,1.0
244,46,734.000,365.000,6.000,7.000,1.0,1,1.0
245,46,734.000,365.000,6.000,7.000,1.0,1,1.0
246,46,734.000,365.000,6.000,7.000,1.0,1,1.0
247,46,734.000,365.000,6.000,7.000,1.0,1,1.0
248,46,734.000,365.000,6.000,7.000,1.0,1,1.0
249,46,734.000,365.000,6.000,7.000,1.0,1,1.0
250,46,734.000,365.000,6.000,7.000,1.0,1,1.0
251,46,733.000,365.000,7.000,6.000,1.0,1,1.0
252,46,734.000,365.000,6.000,7.000,1.0,1,1.0
253,46,734.000,365.000,6.000,7.000,1.0,1,1.0
254,46,734.000,365.000,6.000,6.000,1.0,1,1.0
255,46,734.000,365.000,6.000,7.000,1.0,1,1.0
256,46,733.000,365.000,7.000,7.000,1.0,1,1.0
257,46,733.000,365.000,7.000,7.000,1.0,1,1.0
258,46,734.000,365.000,6.000,7.000,1.0,1,1.0
259,46,734.000,365.000,6.000,7.000,1.0,1,1.0
260,46,734.000,365.000,6.000,7.000,1.0,1,1.0
261,46,734.000,365.000,6.000,7.000,1.0,1,1.0
262,46,734.000,365.000,6.000,7.000,1.0,1,1.0
263,46,734.000,365.000,6.000,7.000,1.0,1,1.0
264,46,734.000,365.000,6.000,7.000,1.0,1,1.0
265,46,734.000,365.000,6.000,7.000,1.0,1,1.0
266,46,734.000,365.000,6.000,7.000,1.0,1,1.0
267,46,734.000,365.000,6.000,7.000,1.0,1,1.0
268,46,734.000,365.000,6.000,7.000,1.0,1,1.0
269,46,734.000,365.000,6.000,7.000,1.0,1,1.0
270,46,734.000,365.000,6.000,7.000,1.0,1,1.0
271,46,734.000,365.000,6.000,7.000,1.0,1,1.0
272,46,734.000,365.000,6.000,7.000,1.0,1,1.0
273,46,735.000,365.000,5.000,7.000,1.0,1,1.0
274,46,735.000,365.000,5.000,7.000,1.0,1,1.0
275,46,735.000,365.000,5.000,7.000,1.0,1,1.0
276,46,735.000,364.000,5.000,8.000,1.0,1,1.0
277,46,735.000,364.000,5.000,7.000,1.0,1,1.0
278,46,735.000,364.000,5.000,7.000,1.0,1,1.0
279,46,735.000,364.000,5.000,7.000,1.0,1,1.0
280,46,735.000,364.000,5.000,7.000,1.0,1,1.0
281,46,735.000,364.000,5.000,7.000,1.0,1,1.0
282,46,735.000,364.000,5.000,7.000,1.0,1,1.0
283,46,735.000,364.000,5.000,7.000,1.0,1,1.0
284,46,735.000,364.000,5.000,7.000,1.0,1,1.0
285,46,735.000,364.000,5.000,7.000,1.0,1,1.0
286,46,735.000,364.000,5.000,7.000,1.0,1,1.0
287,46,735.000,364.000,5.000,7.000,1.0,1,1.0
288,46,735.000,364.000,5.000,7.000,1.0,1,1.0
289,46,735.000,364.000,5.000,7.000,1.0,1,1.0
290,46,735.000,364.000,5.000,8.000,1.0,1,1.0
291,46,735.000,364.000,5.000,8.000,1.0,1,1.0
292,46,735.000,364.000,5.000,8.000,1.0,1,1.0
293,46,735.000,364.000,5.000,8.000,1.0,1,1.0
294,46,735.000,364.000,5.000,8.000,1.0,1,1.0
295,46,735.000,364.000,5.000,8.000,1.0,1,1.0
296,46,735.000,364.000,5.000,8.000,1.0,1,1.0
297,46,735.000,364.000,5.000,8.000,1.0,1,1.0
298,46,735.000,364.000,5.000,8.000,1.0,1,1.0
299,46,735.000,364.000,6.000,8.000,1.0,1,1.0
300,46,735.000,364.000,6.000,7.000,1.0,1,1.0
301,46,735.000,364.000,6.000,7.000,1.0,1,1.0
302,46,735.000,364.000,6.000,7.000,1.0,1,1.0
303,46,735.000,364.000,5.000,7.000,1.0,1,1.0
304,46,735.000,364.000,5.000,7.000,1.0,1,1.0
305,46,735.000,364.000,5.000,7.000,1.0,1,1.0
306,46,735.000,364.000,5.000,7.000,1.0,1,1.0
307,46,734.000,364.000,6.000,7.000,1.0,1,1.0
308,46,734.000,364.000,6.000,7.000,1.0,1,1.0
309,46,734.000,364.000,6.000,7.000,1.0,1,1.0
310,46,735.000,364.000,5.000,7.000,1.0,1,1.0
311,46,734.000,364.000,6.000,7.000,1.0,1,1.0
312,46,734.000,364.000,6.000,7.000,1.0,1,1.0
313,46,734.000,364.000,6.000,7.000,1.0,1,1.0
314,46,735.000,364.000,5.000,7.000,1.0,1,1.0
315,46,735.000,364.000,5.000,7.000,1.0,1,1.0
316,46,734.000,364.000,6.000,7.000,1.0,1,1.0
317,46,734.000,364.000,6.000,7.000,1.0,1,1.0
318,46,734.000,364.000,6.000,7.000,1.0,1,1.0
319,46,734.000,364.000,6.000,7.000,1.0,1,1.0
320,46,735.000,364.000,5.000,7.000,1.0,1,1.0
321,46,734.000,364.000,6.000,7.000,1.0,1,1.0
322,46,735.000,364.000,5.000,7.000,1.0,1,1.0
323,46,735.000,364.000,5.000,7.000,1.0,1,1.0
324,46,735.000,364.000,5.000,7.000,1.0,1,1.0
16,34,553.000,366.000,6.000,7.000,1.0,1,1.0
17,34,561.000,359.000,5.000,8.000,1.0,1,1.0
18,34,567.000,351.000,6.000,6.000,1.0,1,1.0
19,34,571.000,345.000,5.000,7.000,1.0,1,1.0
20,34,562.000,360.000,4.000,7.000,1.0,1,1.0
21,34,560.000,364.000,4.000,8.000,1.0,1,1.0
22,34,560.000,363.000,5.000,8.000,1.0,1,1.0
23,34,560.000,361.000,5.000,8.000,1.0,1,1.0
24,34,561.000,357.000,5.000,9.000,1.0,1,1.0
25,34,561.000,354.000,5.000,8.000,1.0,1,1.0
26,34,561.000,351.000,5.000,8.000,1.0,1,1.0
27,34,562.000,347.000,4.000,9.000,1.0,1,1.0
28,34,561.000,347.000,5.000,9.000,1.0,1,1.0
29,34,561.000,348.000,4.000,9.000,1.0,1,1.0
30,34,560.000,348.000,4.000,9.000,1.0,1,1.0
31,34,559.000,348.000,5.000,8.000,1.0,1,1.0
32,34,557.000,349.000,6.000,7.000,1.0,1,1.0
33,34,554.000,349.000,7.000,6.000,1.0,1,1.0
34,34,551.000,349.000,8.000,5.000,1.0,1,1.0
35,34,549.000,348.000,8.000,6.000,1.0,1,1.0
36,34,547.000,348.000,7.000,5.000,1.0,1,1.0
37,34,545.000,347.000,7.000,6.000,1.0,1,1.0
38,34,544.000,347.000,7.000,6.000,1.0,1,1.0
39,34,543.000,348.000,7.000,5.000,1.0,1,1.0
40,34,542.000,348.000,7.000,5.000,1.0,1,1.0
41,34,540.000,347.000,6.000,5.000,1.0,1,1.0
42,34,539.000,346.000,6.000,6.000,1.0,1,1.0
43,34,539.000,344.000,4.000,6.000,1.0,1,1.0
44,34,537.000,343.000,4.000,6.000,1.0,1,1.0
45,34,536.000,342.000,5.000,6.000,1.0,1,1.0
46,34,536.000,342.000,4.000,6.000,1.0,1,1.0
47,34,536.000,340.000,4.000,6.000,1.0,1,1.0
48,34,536.000,338.000,4.000,7.000,1.0,1,1.0
49,34,536.000,337.000,5.000,7.000,1.0,1,1.0
50,34,536.000,336.000,5.000,7.000,1.0,1,1.0
51,34,536.000,336.000,5.000,7.000,1.0,1,1.0
52,34,537.000,336.000,5.000,7.000,1.0,1,1.0
53,34,537.000,334.000,5.000,7.000,1.0,1,1.0
54,34,538.000,331.000,5.000,8.000,1.0,1,1.0
55,34,538.000,329.000,6.000,8.000,1.0,1,1.0
56,34,539.000,326.000,5.000,8.000,1.0,1,1.0
57,34,540.000,323.000,5.000,9.000,1.0,1,1.0
58,34,541.000,320.000,5.000,9.000,1.0,1,1.0
59,34,541.000,317.000,6.000,9.000,1.0,1,1.0
60,34,542.000,314.000,6.000,9.000,1.0,1,1.0
61,34,543.000,311.000,6.000,9.000,1.0,1,1.0
62,34,544.000,307.000,6.000,9.000,1.0,1,1.0
63,34,545.000,304.000,5.000,9.000,1.0,1,1.0
64,34,545.000,300.000,6.000,9.000,1.0,1,1.0
65,34,546.000,297.000,5.000,9.000,1.0,1,1.0
66,34,546.000,296.000,5.000,9.000,1.0,1,1.0
67,34,546.000,292.000,5.000,10.000,1.0,1,1.0
68,34,546.000,290.000,5.000,9.000,1.0,1,1.0
69,34,546.000,287.000,5.000,10.000,1.0,1,1.0
70,34,546.000,285.000,5.000,9.000,1.0,1,1.0
71,34,546.000,282.000,5.000,10.000,1.0,1,1.0
72,34,546.000,279.000,5.000,10.000,1.0,1,1.0
73,34,547.000,276.000,5.000,10.000,1.0,1,1.0
74,34,546.000,274.000,5.000,9.000,1.0,1,1.0
75,34,547.000,271.000,4.000,10.000,1.0,1,1.0
76,34,547.000,268.000,4.000,10.000,1.0,1,1.0
77,34,547.000,266.000,4.000,10.000,1.0,1,1.0
78,34,547.000,264.000,5.000,10.000,1.0,1,1.0
79,34,547.000,262.000,5.000,10.000,1.0,1,1.0
80,34,547.000,260.000,5.000,10.000,1.0,1,1.0
81,34,547.000,258.000,5.000,10.000,1.0,1,1.0
82,34,546.000,256.000,5.000,10.000,1.0,1,1.0
83,34,546.000,255.000,5.000,10.000,1.0,1,1.0
84,34,546.000,253.000,5.000,10.000,1.0,1,1.0
85,34,546.000,252.000,5.000,10.000,1.0,1,1.0
86,34,546.000,250.000,5.000,10.000,1.0,1,1.0
87,34,545.000,249.000,5.000,9.000,1.0,1,1.0
88,34,544.000,248.000,6.000,9.000,1.0,1,1.0
89,34,543.000,247.000,6.000,9.000,1.0,1,1.0
90,34,542.000,246.000,6.000,8.000,1.0,1,1.0
91,34,541.000,245.000,6.000,8.000,1.0,1,1.0
92,34,541.000,243.000,5.000,8.000,1.0,1,1.0
93,34,539.000,241.000,6.000,9.000,1.0,1,1.0
94,34,539.000,239.000,5.000,8.000,1.0,1,1.0
95,34,538.000,237.000,5.000,9.000,1.0,1,1.0
96,34,537.000,236.000,6.000,8.000,1.0,1,1.0
97,34,537.000,235.000,5.000,8.000,1.0,1,1.0
98,34,537.000,233.000,5.000,8.000,1.0,1,1.0
99,34,536.000,233.000,6.000,7.000,1.0,1,1.0
100,34,536.000,231.000,5.000,7.000,1.0,1,1.0
101,34,536.000,229.000,4.000,8.000,1.0,1,1.0
102,34,535.000,229.000,5.000,6.000,1.0,1,1.0
103,34,535.000,229.000,5.000,6.000,1.0,1,1.0
104,34,535.000,229.000,5.000,6.000,1.0,1,1.0
105,34,535.000,229.000,5.000,6.000,1.0,1,1.0
106,34,535.000,229.000,5.000,6.000,1.0,1,1.0
107,34,535.000,230.000,5.000,5.000,1.0,1,1.0
108,34,536.000,230.000,5.000,5.000,1.0,1,1.0
109,34,536.000,231.000,5.000,5.000,1.0,1,1.0
110,34,536.000,232.000,5.000,5.000,1.0,1,1.0
111,34,537.000,233.000,5.000,5.000,1.0,1,1.0
112,34,537.000,234.000,6.000,5.000,1.0,1,1.0
113,34,537.000,234.000,6.000,5.000,1.0,1,1.0
114,34,537.000,234.000,7.000,5.000,1.0,1,1.0
115,34,538.000,234.000,6.000,5.000,1.0,1,1.0
116,34,539.000,234.000,5.000,5.000,1.0,1,1.0
117,34,539.000,234.000,6.000,5.000,1.0,1,1.0
118,34,540.000,235.000,6.000,5.000,1.0,1,1.0
119,34,540.000,235.000,6.000,5.000,1.0,1,1.0
120,34,540.000,235.000,6.000,5.000,1.0,1,1.0
121,34,540.000,235.000,6.000,5.000,1.0,1,1.0
122,34,540.000,235.000,6.000,5.000,1.0,1,1.0
123,34,540.000,235.000,6.000,5.000,1.0,1,1.0
124,34,540.000,235.000,6.000,5.000,1.0,1,1.0
125,34,540.000,235.000,6.000,5.000,1.0,1,1.0
126,34,540.000,235.000,6.000,5.000,1.0,1,1.0
127,34,540.000,235.000,6.000,5.000,1.0,1,1.0
128,34,540.000,234.000,6.000,5.000,1.0,1,1.0
129,34,539.000,233.000,7.000,6.000,1.0,1,1.0
130,34,540.000,233.000,7.000,5.000,1.0,1,1.0
131,34,540.000,232.000,7.000,5.000,1.0,1,1.0
132,34,541.000,231.000,7.000,6.000,1.0,1,1.0
133,34,542.000,231.000,7.000,5.000,1.0,1,1.0
134,34,542.000,230.000,7.000,6.000,1.0,1,1.0
135,34,543.000,231.000,8.000,5.000,1.0,1,1.0
136,34,544.000,231.000,8.000,5.000,1.0,1,1.0
137,34,546.000,233.000,7.000,5.000,1.0,1,1.0
138,34,547.000,234.000,7.000,6.000,1.0,1,1.0
139,34,548.000,235.000,8.000,6.000,1.0,1,1.0
140,34,549.000,237.000,8.000,6.000,1.0,1,1.0
141,34,550.000,239.000,8.000,6.000,1.0,1,1.0
142,34,552.000,241.000,7.000,6.000,1.0,1,1.0
143,34,554.000,243.000,8.000,6.000,1.0,1,1.0
144,34,555.000,244.000,8.000,6.000,1.0,1,1.0
145,34,557.000,246.000,8.000,6.000,1.0,1,1.0
146,34,559.000,248.000,8.000,6.000,1.0,1,1.0
147,34,561.000,251.000,8.000,7.000,1.0,1,1.0
148,34,563.000,253.000,7.000,8.000,1.0,1,1.0
149,34,564.000,256.000,7.000,8.000,1.0,1,1.0
150,34,566.000,259.000,7.000,8.000,1.0,1,1.0
151,34,567.000,261.000,7.000,9.000,1.0,1,1.0
152,34,568.000,264.000,7.000,9.000,1.0,1,1.0
153,34,570.000,267.000,7.000,8.000,1.0,1,1.0
154,34,571.000,270.000,7.000,8.000,1.0,1,1.0
155,34,573.000,273.000,7.000,8.000,1.0,1,1.0
156,34,575.000,277.000,6.000,7.000,1.0,1,1.0
157,34,577.000,279.000,7.000,8.000,1.0,1,1.0
158,34,579.000,281.000,6.000,8.000,1.0,1,1.0
159,34,581.000,283.000,7.000,8.000,1.0,1,1.0
160,34,583.000,286.000,8.000,6.000,1.0,1,1.0
161,34,586.000,287.000,8.000,5.000,1.0,1,1.0
162,34,588.000,288.000,8.000,5.000,1.0,1,1.0
163,34,591.000,287.000,8.000,5.000,1.0,1,1.0
164,34,593.000,287.000,8.000,5.000,1.0,1,1.0
165,34,596.000,287.000,7.000,5.000,1.0,1,1.0
166,34,598.000,286.000,7.000,5.000,1.0,1,1.0
167,34,599.000,286.000,7.000,4.000,1.0,1,1.0
168,34,601.000,285.000,6.000,5.000,1.0,1,1.0
169,34,602.000,284.000,7.000,5.000,1.0,1,1.0
170,34,604.000,283.000,6.000,6.000,1.0,1,1.0
171,34,605.000,282.000,5.000,6.000,1.0,1,1.0
172,34,606.000,281.000,5.000,6.000,1.0,1,1.0
173,34,606.000,280.000,5.000,6.000,1.0,1,1.0
174,34,606.000,279.000,5.000,6.000,1.0,1,1.0
175,34,606.000,278.000,5.000,6.000,1.0,1,1.0
176,34,605.000,277.000,5.000,6.000,1.0,1,1.0
177,34,604.000,275.000,6.000,7.000,1.0,1,1.0
178,34,603.000,274.000,6.000,6.000,1.0,1,1.0
179,34,601.000,272.000,7.000,6.000,1.0,1,1.0
180,34,599.000,271.000,7.000,6.000,1.0,1,1.0
181,34,597.000,268.000,7.000,7.000,1.0,1,1.0
182,34,595.000,266.000,8.000,7.000,1.0,1,1.0
183,34,593.000,264.000,7.000,7.000,1.0,1,1.0
184,34,590.000,263.000,8.000,7.000,1.0,1,1.0
185,34,589.000,262.000,8.000,6.000,1.0,1,1.0
186,34,587.000,262.000,9.000,6.000,1.0,1,1.0
187,34,586.000,263.000,9.000,5.000,1.0,1,1.0
188,34,584.000,264.000,9.000,5.000,1.0,1,1.0
189,34,583.000,265.000,9.000,4.000,1.0,1,1.0
190,34,581.000,266.000,10.000,4.000,1.0,1,1.0
191,34,579.000,267.000,10.000,4.000,1.0,1,1.0
192,34,577.000,267.000,10.000,4.000,1.0,1,1.0
193,34,575.000,266.000,9.000,4.000,1.0,1,1.0
194,34,572.000,266.000,10.000,4.000,1.0,1,1.0
195,34,571.000,265.000,10.000,4.000,1.0,1,1.0
196,34,569.000,265.000,11.000,4.000,1.0,1,1.0
197,34,568.000,264.000,10.000,5.000,1.0,1,1.0
198,34,567.000,264.000,10.000,4.000,1.0,1,1.0
199,34,566.000,263.000,11.000,5.000,1.0,1,1.0
200,34,566.000,262.000,10.000,6.000,1.0,1,1.0
201,34,566.000,262.000,10.000,6.000,1.0,1,1.0
202,34,565.000,261.000,10.000,6.000,1.0,1,1.0
203,34,565.000,261.000,10.000,6.000,1.0,1,1.0
204,34,565.000,261.000,10.000,6.000,1.0,1,1.0
205,34,565.000,261.000,10.000,6.000,1.0,1,1.0
206,34,565.000,261.000,10.000,6.000,1.0,1,1.0
207,34,560.000,259.000,10.000,6.000,1.0,1,1.0
208,34,535.000,245.000,5.000,8.000,1.0,1,1.0
209,34,535.000,245.000,5.000,8.000,1.0,1,1.0
210,34,535.000,245.000,6.000,8.000,1.0,1,1.0
211,34,535.000,245.000,6.000,8.000,1.0,1,1.0
212,34,535.000,245.000,6.000,8.000,1.0,1,1.0
213,34,535.000,245.000,6.000,8.000,1.0,1,1.0
214,34,535.000,244.000,6.000,9.000,1.0,1,1.0
215,34,535.000,244.000,6.000,9.000,1.0,1,1.0
216,34,535.000,244.000,6.000,9.000,1.0,1,1.0
217,34,535.000,243.000,6.000,9.000,1.0,1,1.0
218,34,535.000,242.000,6.000,8.000,1.0,1,1.0
219,34,535.000,240.000,6.000,9.000,1.0,1,1.0
220,34,535.000,238.000,6.000,8.000,1.0,1,1.0
221,34,535.000,236.000,6.000,8.000,1.0,1,1.0
222,34,535.000,234.000,6.000,8.000,1.0,1,1.0
223,34,535.000,232.000,6.000,7.000,1.0,1,1.0
224,34,535.000,230.000,5.000,7.000,1.0,1,1.0
225,34,535.000,228.000,5.000,7.000,1.0,1,1.0
226,34,535.000,226.000,5.000,8.000,1.0,1,1.0
227,34,535.000,224.000,6.000,7.000,1.0,1,1.0
228,34,535.000,222.000,6.000,8.000,1.0,1,1.0
229,34,535.000,220.000,6.000,7.000,1.0,1,1.0
230,34,536.000,218.000,6.000,8.000,1.0,1,1.0
231,34,536.000,216.000,6.000,8.000,1.0,1,1.0
232,34,536.000,214.000,6.000,8.000,1.0,1,1.0
233,34,537.000,211.000,6.000,9.000,1.0,1,1.0
234,34,537.000,209.000,6.000,9.000,1.0,1,1.0
235,34,538.000,206.000,6.000,9.000,1.0,1,1.0
236,34,539.000,204.000,6.000,8.000,1.0,1,1.0
237,34,540.000,201.000,6.000,9.000,1.0,1,1.0
238,34,541.000,198.000,6.000,9.000,1.0,1,1.0
239,34,541.000,196.000,7.000,9.000,1.0,1,1.0
240,34,542.000,195.000,6.000,8.000,1.0,1,1.0
241,34,542.000,193.000,7.000,8.000,1.0,1,1.0
242,34,543.000,191.000,7.000,8.000,1.0,1,1.0
243,34,544.000,190.000,6.000,9.000,1.0,1,1.0
244,34,544.000,189.000,7.000,8.000,1.0,1,1.0
245,34,545.000,188.000,6.000,8.000,1.0,1,1.0
246,34,545.000,187.000,7.000,9.000,1.0,1,1.0
247,34,546.000,187.000,6.000,8.000,1.0,1,1.0
248,34,546.000,187.000,6.000,8.000,1.0,1,1.0
249,34,546.000,186.000,7.000,9.000,1.0,1,1.0
250,34,546.000,187.000,7.000,8.000,1.0,1,1.0
251,34,546.000,186.000,7.000,9.000,1.0,1,1.0
252,34,546.000,186.000,7.000,9.000,1.0,1,1.0
253,34,546.000,185.000,6.000,9.000,1.0,1,1.0
254,34,546.000,184.000,6.000,9.000,1.0,1,1.0
255,34,545.000,184.000,6.000,9.000,1.0,1,1.0
256,34,545.000,182.000,6.000,10.000,1.0,1,1.0
257,34,544.000,182.000,6.000,9.000,1.0,1,1.0
258,34,544.000,181.000,6.000,9.000,1.0,1,1.0
259,34,544.000,180.000,6.000,9.000,1.0,1,1.0
260,34,544.000,179.000,6.000,9.000,1.0,1,1.0
261,34,544.000,179.000,6.000,9.000,1.0,1,1.0
262,34,543.000,179.000,6.000,9.000,1.0,1,1.0
263,34,543.000,179.000,6.000,9.000,1.0,1,1.0
264,34,544.000,178.000,6.000,8.000,1.0,1,1.0
265,34,556.000,158.000,6.000,9.000,1.0,1,1.0
266,34,555.000,151.000,8.000,7.000,1.0,1,1.0
267,34,555.000,150.000,8.000,7.000,1.0,1,1.0
268,34,555.000,150.000,8.000,6.000,1.0,1,1.0
269,34,555.000,150.000,8.000,6.000,1.0,1,1.0
270,34,555.000,150.000,8.000,6.000,1.0,1,1.0
271,34,555.000,150.000,8.000,6.000,1.0,1,1.0
272,34,555.000,149.000,8.000,7.000,1.0,1,1.0
273,34,557.000,148.000,5.000,9.000,1.0,1,1.0
274,34,558.000,147.000,5.000,8.000,1.0,1,1.0
275,34,558.000,145.000,7.000,9.000,1.0,1,1.0
276,34,560.000,143.000,6.000,9.000,1.0,1,1.0
277,34,561.000,141.000,7.000,9.000,1.0,1,1.0
278,34,563.000,138.000,5.000,9.000,1.0,1,1.0
279,34,564.000,136.000,6.000,9.000,1.0,1,1.0
280,34,565.000,133.000,6.000,9.000,1.0,1,1.0
281,34,567.000,130.000,6.000,9.000,1.0,1,1.0
282,34,568.000,127.000,5.000,9.000,1.0,1,1.0
283,34,569.000,124.000,5.000,8.000,1.0,1,1.0
284,34,569.000,120.000,5.000,9.000,1.0,1,1.0
285,34,569.000,117.000,5.000,9.000,1.0,1,1.0
286,34,569.000,114.000,5.000,9.000,1.0,1,1.0
287,34,568.000,112.000,5.000,9.000,1.0,1,1.0
288,34,568.000,111.000,5.000,9.000,1.0,1,1.0
289,34,568.000,109.000,5.000,9.000,1.0,1,1.0
290,34,568.000,107.000,5.000,9.000,1.0,1,1.0
291,34,568.000,105.000,5.000,8.000,1.0,1,1.0
292,34,568.000,102.000,5.000,9.000,1.0,1,1.0
293,34,568.000,100.000,5.000,9.000,1.0,1,1.0
294,34,568.000,98.000,5.000,9.000,1.0,1,1.0
295,34,568.000,96.000,5.000,9.000,1.0,1,1.0
296,34,568.000,95.000,5.000,9.000,1.0,1,1.0
297,34,568.000,94.000,5.000,9.000,1.0,1,1.0
298,34,567.000,93.000,6.000,9.000,1.0,1,1.0
299,34,568.000,92.000,5.000,9.000,1.0,1,1.0
300,34,568.000,90.000,5.000,9.000,1.0,1,1.0
301,34,568.000,88.000,5.000,9.000,1.0,1,1.0
302,34,568.000,86.000,5.000,10.000,1.0,1,1.0
303,34,568.000,84.000,5.000,9.000,1.0,1,1.0
304,34,568.000,82.000,5.000,9.000,1.0,1,1.0
305,34,568.000,82.000,8.000,7.000,1.0,1,1.0
306,34,571.000,82.000,9.000,7.000,1.0,1,1.0
307,34,573.000,81.000,9.000,6.000,1.0,1,1.0
308,34,576.000,80.000,9.000,6.000,1.0,1,1.0
309,34,578.000,79.000,9.000,6.000,1.0,1,1.0
310,34,581.000,78.000,9.000,6.000,1.0,1,1.0
311,34,583.000,77.000,9.000,6.000,1.0,1,1.0
312,34,585.000,76.000,9.000,7.000,1.0,1,1.0
313,34,588.000,75.000,8.000,6.000,1.0,1,1.0
314,34,590.000,73.000,8.000,7.000,1.0,1,1.0
315,34,593.000,72.000,7.000,6.000,1.0,1,1.0
316,34,594.000,69.000,7.000,7.000,1.0,1,1.0
317,34,596.000,67.000,7.000,8.000,1.0,1,1.0
318,34,597.000,66.000,7.000,7.000,1.0,1,1.0
319,34,599.000,64.000,6.000,7.000,1.0,1,1.0
320,34,600.000,61.000,6.000,8.000,1.0,1,1.0
321,34,601.000,59.000,6.000,8.000,1.0,1,1.0
322,34,602.000,57.000,5.000,8.000,1.0,1,1.0
323,34,602.000,55.000,5.000,9.000,1.0,1,1.0
324,34,602.000,52.000,5.000,9.000,1.0,1,1.0
28,1,17.000,274.000,4.000,7.000,1.0,1,1.0
30,4,18.000,268.000,4.000,10.000,1.0,1,1.0
31,4,18.000,266.000,4.000,9.000,1.0,1,1.0
32,4,18.000,264.000,5.000,9.000,1.0,1,1.0
33,4,18.000,262.000,5.000,9.000,1.0,1,1.0
34,4,19.000,260.000,4.000,9.000,1.0,1,1.0
35,4,19.000,259.000,4.000,8.000,1.0,1,1.0
36,4,18.000,256.000,5.000,9.000,1.0,1,1.0
37,4,18.000,253.000,4.000,9.000,1.0,1,1.0
38,4,18.000,249.000,4.000,10.000,1.0,1,1.0
39,4,18.000,247.000,3.000,9.000,1.0,1,1.0
47,4,17.000,219.000,4.000,9.000,1.0,1,1.0
48,4,18.000,215.000,4.000,10.000,1.0,1,1.0
49,4,18.000,211.000,4.000,9.000,1.0,1,1.0
50,4,19.000,208.000,5.000,8.000,1.0,1,1.0
51,4,20.000,205.000,5.000,9.000,1.0,1,1.0
52,4,22.000,202.000,5.000,9.000,1.0,1,1.0
53,4,23.000,200.000,5.000,8.000,1.0,1,1.0
54,4,25.000,198.000,5.000,8.000,1.0,1,1.0
55,4,26.000,195.000,6.000,8.000,1.0,1,1.0
56,4,28.000,192.000,6.000,8.000,1.0,1,1.0
57,4,30.000,191.000,7.000,7.000,1.0,1,1.0
58,4,33.000,188.000,8.000,7.000,1.0,1,1.0
59,4,36.000,185.000,7.000,7.000,1.0,1,1.0
60,4,39.000,183.000,8.000,7.000,1.0,1,1.0
61,4,41.000,180.000,8.000,7.000,1.0,1,1.0
62,4,43.000,178.000,7.000,8.000,1.0,1,1.0
63,4,44.000,177.000,7.000,7.000,1.0,1,1.0
64,4,46.000,174.000,5.000,9.000,1.0,1,1.0
65,4,46.000,170.000,4.000,9.000,1.0,1,1.0
66,4,45.000,166.000,4.000,10.000,1.0,1,1.0
67,4,43.000,163.000,5.000,9.000,1.0,1,1.0
68,4,43.000,159.000,5.000,9.000,1.0,1,1.0
69,4,43.000,156.000,4.000,9.000,1.0,1,1.0
70,4,43.000,152.000,4.000,9.000,1.0,1,1.0
71,4,42.000,149.000,5.000,9.000,1.0,1,1.0
72,4,43.000,146.000,4.000,10.000,1.0,1,1.0
73,4,43.000,144.000,4.000,8.000,1.0,1,1.0
74,4,43.000,140.000,5.000,10.000,1.0,1,1.0
75,4,44.000,137.000,5.000,9.000,1.0,1,1.0
76,4,45.000,133.000,5.000,9.000,1.0,1,1.0
77,4,46.000,130.000,5.000,8.000,1.0,1,1.0
78,4,47.000,125.000,5.000,10.000,1.0,1,1.0
79,4,48.000,122.000,6.000,8.000,1.0,1,1.0
80,4,50.000,118.000,6.000,9.000,1.0,1,1.0
81,4,51.000,114.000,6.000,9.000,1.0,1,1.0
82,4,53.000,111.000,5.000,8.000,1.0,1,1.0
83,4,54.000,107.000,6.000,8.000,1.0,1,1.0
84,4,56.000,103.000,5.000,9.000,1.0,1,1.0
85,4,57.000,99.000,5.000,9.000,1.0,1,1.0
86,4,58.000,95.000,6.000,8.000,1.0,1,1.0
87,4,59.000,91.000,6.000,9.000,1.0,1,1.0
88,4,61.000,88.000,5.000,8.000,1.0,1,1.0
89,4,62.000,84.000,5.000,8.000,1.0,1,1.0
90,4,63.000,80.000,5.000,9.000,1.0,1,1.0
91,4,63.000,77.000,5.000,9.000,1.0,1,1.0
92,4,64.000,74.000,5.000,9.000,1.0,1,1.0
93,4,64.000,72.000,5.000,9.000,1.0,1,1.0
94,4,63.000,70.000,5.000,9.000,1.0,1,1.0
95,4,63.000,68.000,5.000,8.000,1.0,1,1.0
96,4,61.000,66.000,5.000,8.000,1.0,1,1.0
97,4,60.000,64.000,5.000,8.000,1.0,1,1.0
98,4,58.000,61.000,6.000,8.000,1.0,1,1.0
99,4,56.000,58.000,6.000,8.000,1.0,1,1.0
100,4,54.000,55.000,6.000,8.000,1.0,1,1.0
101,4,52.000,52.000,6.000,8.000,1.0,1,1.0
102,4,50.000,49.000,6.000,8.000,1.0,1,1.0
103,4,49.000,45.000,6.000,9.000,1.0,1,1.0
104,4,47.000,41.000,6.000,9.000,1.0,1,1.0
105,4,46.000,38.000,6.000,9.000,1.0,1,1.0
106,4,44.000,35.000,6.000,9.000,1.0,1,1.0
107,4,43.000,32.000,6.000,9.000,1.0,1,1.0
108,4,41.000,31.000,6.000,8.000,1.0,1,1.0
109,4,41.000,30.000,5.000,6.000,1.0,1,1.0
1,21,271.000,354.000,7.000,5.000,1.0,1,1.0
2,21,274.000,363.000,7.000,7.000,1.0,1,1.0
3,21,273.000,377.000,6.000,8.000,1.0,1,1.0
4,21,271.000,391.000,8.000,8.000,1.0,1,1.0
7,21,272.000,395.000,4.000,4.000,1.0,1,1.0
8,21,298.000,392.000,6.000,5.000,1.0,1,1.0
9,21,298.000,392.000,6.000,5.000,1.0,1,1.0
10,21,298.000,392.000,6.000,5.000,1.0,1,1.0
11,21,299.000,392.000,6.000,4.000,1.0,1,1.0
12,21,299.000,392.000,7.000,4.000,1.0,1,1.0
13,21,299.000,392.000,8.000,4.000,1.0,1,1.0
14,21,300.000,392.000,7.000,4.000,1.0,1,1.0
15,21,312.000,371.000,6.000,7.000,1.0,1,1.0
16,21,337.000,369.000,9.000,6.000,1.0,1,1.0
17,21,334.000,379.000,6.000,6.000,1.0,1,1.0
18,21,336.000,385.000,6.000,6.000,1.0,1,1.0
19,21,336.000,384.000,6.000,9.000,1.0,1,1.0
20,21,337.000,382.000,5.000,9.000,1.0,1,1.0
21,21,337.000,379.000,5.000,9.000,1.0,1,1.0
22,21,337.000,377.000,6.000,8.000,1.0,1,1.0
23,21,338.000,374.000,5.000,9.000,1.0,1,1.0
24,21,339.000,371.000,5.000,9.000,1.0,1,1.0
25,21,339.000,368.000,6.000,8.000,1.0,1,1.0
26,21,340.000,365.000,5.000,8.000,1.0,1,1.0
27,21,341.000,362.000,5.000,8.000,1.0,1,1.0
28,21,341.000,361.000,5.000,7.000,1.0,1,1.0
29,21,341.000,359.000,5.000,7.000,1.0,1,1.0
30,21,341.000,356.000,5.000,7.000,1.0,1,1.0
31,21,341.000,353.000,5.000,8.000,1.0,1,1.0
32,21,341.000,350.000,5.000,8.000,1.0,1,1.0
33,21,340.000,348.000,5.000,8.000,1.0,1,1.0
34,21,340.000,345.000,5.000,8.000,1.0,1,1.0
35,21,339.000,343.000,5.000,8.000,1.0,1,1.0
36,21,337.000,341.000,6.000,7.000,1.0,1,1.0
37,21,336.000,339.000,5.000,7.000,1.0,1,1.0
38,21,334.000,336.000,6.000,8.000,1.0,1,1.0
39,21,333.000,335.000,5.000,7.000,1.0,1,1.0
40,21,331.000,333.000,6.000,7.000,1.0,1,1.0
41,21,330.000,331.000,6.000,7.000,1.0,1,1.0
42,21,328.000,330.000,6.000,6.000,1.0,1,1.0
43,21,327.000,329.000,6.000,7.000,1.0,1,1.0
44,21,326.000,328.000,6.000,7.000,1.0,1,1.0
45,21,326.000,328.000,6.000,7.000,1.0,1,1.0
46,21,325.000,328.000,7.000,7.000,1.0,1,1.0
47,21,324.000,328.000,7.000,6.000,1.0,1,1.0
48,21,321.000,326.000,8.000,6.000,1.0,1,1.0
49,21,318.000,325.000,8.000,5.000,1.0,1,1.0
50,21,314.000,322.000,8.000,6.000,1.0,1,1.0
51,21,312.000,319.000,7.000,8.000,1.0,1,1.0
52,21,309.000,316.000,7.000,7.000,1.0,1,1.0
53,21,307.000,313.000,6.000,7.000,1.0,1,1.0
54,21,304.000,309.000,7.000,8.000,1.0,1,1.0
55,21,301.000,306.000,7.000,8.000,1.0,1,1.0
56,21,300.000,302.000,6.000,8.000,1.0,1,1.0
57,21,297.000,299.000,6.000,8.000,1.0,1,1.0
58,21,295.000,296.000,6.000,8.000,1.0,1,1.0
59,21,293.000,293.000,6.000,7.000,1.0,1,1.0
60,21,291.000,290.000,6.000,7.000,1.0,1,1.0
61,21,289.000,287.000,6.000,8.000,1.0,1,1.0
62,21,287.000,283.000,6.000,8.000,1.0,1,1.0
63,21,285.000,281.000,6.000,7.000,1.0,1,1.0
64,21,284.000,277.000,5.000,8.000,1.0,1,1.0
65,21,282.000,274.000,6.000,8.000,1.0,1,1.0
66,21,281.000,271.000,6.000,8.000,1.0,1,1.0
67,21,280.000,268.000,6.000,8.000,1.0,1,1.0
68,21,279.000,265.000,6.000,8.000,1.0,1,1.0
69,21,278.000,263.000,6.000,8.000,1.0,1,1.0
70,21,277.000,261.000,6.000,8.000,1.0,1,1.0
71,21,275.000,260.000,6.000,7.000,1.0,1,1.0
72,21,274.000,260.000,6.000,6.000,1.0,1,1.0
73,21,273.000,259.000,6.000,6.000,1.0,1,1.0
74,21,272.000,258.000,6.000,6.000,1.0,1,1.0
75,21,271.000,257.000,5.000,6.000,1.0,1,1.0
76,21,271.000,256.000,5.000,6.000,1.0,1,1.0
77,21,271.000,257.000,5.000,6.000,1.0,1,1.0
78,21,271.000,259.000,5.000,5.000,1.0,1,1.0
79,21,271.000,260.000,5.000,5.000,1.0,1,1.0
80,21,271.000,260.000,6.000,5.000,1.0,1,1.0
81,21,272.000,261.000,6.000,5.000,1.0,1,1.0
82,21,273.000,261.000,6.000,5.000,1.0,1,1.0
83,21,274.000,261.000,7.000,5.000,1.0,1,1.0
84,21,276.000,260.000,7.000,5.000,1.0,1,1.0
85,21,277.000,258.000,7.000,7.000,1.0,1,1.0
86,21,279.000,255.000,6.000,7.000,1.0,1,1.0
87,21,280.000,252.000,7.000,8.000,1.0,1,1.0
88,21,282.000,249.000,6.000,8.000,1.0,1,1.0
89,21,283.000,246.000,6.000,8.000,1.0,1,1.0
90,21,284.000,243.000,6.000,8.000,1.0,1,1.0
91,21,285.000,240.000,6.000,8.000,1.0,1,1.0
92,21,286.000,236.000,5.000,9.000,1.0,1,1.0
93,21,286.000,233.000,5.000,9.000,1.0,1,1.0
94,21,286.000,229.000,5.000,9.000,1.0,1,1.0
95,21,286.000,225.000,5.000,10.000,1.0,1,1.0
96,21,287.000,222.000,4.000,9.000,1.0,1,1.0
97,21,287.000,218.000,4.000,9.000,1.0,1,1.0
98,21,287.000,214.000,5.000,9.000,1.0,1,1.0
99,21,288.000,210.000,4.000,10.000,1.0,1,1.0
100,21,288.000,207.000,4.000,9.000,1.0,1,1.0
101,21,288.000,203.000,4.000,9.000,1.0,1,1.0
102,21,288.000,199.000,4.000,9.000,1.0,1,1.0
103,21,288.000,195.000,5.000,9.000,1.0,1,1.0
104,21,288.000,191.000,5.000,9.000,1.0,1,1.0
105,21,288.000,187.000,4.000,10.000,1.0,1,1.0
106,21,288.000,183.000,5.000,9.000,1.0,1,1.0
107,21,287.000,179.000,5.000,10.000,1.0,1,1.0
108,21,287.000,176.000,5.000,9.000,1.0,1,1.0
109,21,286.000,172.000,5.000,9.000,1.0,1,1.0
110,21,286.000,168.000,5.000,10.000,1.0,1,1.0
111,21,285.000,165.000,5.000,9.000,1.0,1,1.0
112,21,284.000,161.000,5.000,9.000,1.0,1,1.0
113,21,283.000,158.000,5.000,9.000,1.0,1,1.0
114,21,283.000,154.000,5.000,9.000,1.0,1,1.0
115,21,282.000,151.000,5.000,9.000,1.0,1,1.0
116,21,282.000,148.000,5.000,9.000,1.0,1,1.0
117,21,281.000,145.000,5.000,9.000,1.0,1,1.0
118,21,280.000,143.000,5.000,9.000,1.0,1,1.0
119,21,280.000,140.000,5.000,9.000,1.0,1,1.0
120,21,279.000,138.000,5.000,9.000,1.0,1,1.0
121,21,279.000,134.000,5.000,9.000,1.0,1,1.0
122,21,277.000,132.000,6.000,8.000,1.0,1,1.0
123,21,276.000,129.000,6.000,8.000,1.0,1,1.0
124,21,275.000,128.000,6.000,7.000,1.0,1,1.0
125,21,274.000,126.000,6.000,7.000,1.0,1,1.0
126,21,273.000,123.000,6.000,8.000,1.0,1,1.0
127,21,272.000,120.000,6.000,8.000,1.0,1,1.0
128,21,272.000,118.000,5.000,8.000,1.0,1,1.0
129,21,272.000,115.000,5.000,8.000,1.0,1,1.0
130,21,272.000,112.000,5.000,8.000,1.0,1,1.0
131,21,272.000,108.000,5.000,9.000,1.0,1,1.0
132,21,272.000,105.000,5.000,9.000,1.0,1,1.0
133,21,272.000,102.000,5.000,9.000,1.0,1,1.0
134,21,272.000,99.000,5.000,8.000,1.0,1,1.0
135,21,272.000,95.000,5.000,9.000,1.0,1,1.0
136,21,272.000,92.000,5.000,8.000,1.0,1,1.0
137,21,272.000,88.000,5.000,9.000,1.0,1,1.0
138,21,273.000,85.000,5.000,9.000,1.0,1,1.0
139,21,273.000,81.000,5.000,9.000,1.0,1,1.0
140,21,273.000,77.000,5.000,9.000,1.0,1,1.0
141,21,273.000,74.000,5.000,8.000,1.0,1,1.0
142,21,273.000,70.000,5.000,9.000,1.0,1,1.0
143,21,273.000,66.000,5.000,9.000,1.0,1,1.0
144,21,273.000,63.000,5.000,9.000,1.0,1,1.0
145,21,273.000,59.000,5.000,9.000,1.0,1,1.0
146,21,273.000,55.000,6.000,9.000,1.0,1,1.0
147,21,274.000,52.000,5.000,9.000,1.0,1,1.0
148,21,274.000,48.000,5.000,9.000,1.0,1,1.0
149,21,274.000,45.000,5.000,9.000,1.0,1,1.0
150,21,273.000,41.000,6.000,9.000,1.0,1,1.0
151,21,273.000,38.000,5.000,9.000,1.0,1,1.0
152,21,273.000,36.000,5.000,8.000,1.0,1,1.0
153,21,273.000,35.000,5.000,6.000,1.0,1,1.0
154,21,273.000,29.000,6.000,8.000,1.0,1,1.0
151,36,554.000,399.000,10.000,5.000,1.0,1,1.0
152,36,555.000,399.000,11.000,5.000,1.0,1,1.0
153,36,557.000,399.000,10.000,5.000,1.0,1,1.0
154,36,560.000,400.000,8.000,4.000,1.0,1,1.0
155,36,561.000,400.000,7.000,4.000,1.0,1,1.0
156,36,561.000,399.000,7.000,5.000,1.0,1,1.0
157,36,561.000,400.000,7.000,4.000,1.0,1,1.0
90,32,473.000,28.000,6.000,8.000,1.0,1,1.0
1,29,422.000,327.000,7.000,10.000,1.0,1,1.0
2,29,405.000,293.000,8.000,7.000,1.0,1,1.0
3,29,404.000,287.000,6.000,5.000,1.0,1,1.0
4,29,405.000,295.000,6.000,9.000,1.0,1,1.0
5,29,411.000,317.000,10.000,7.000,1.0,1,1.0
6,29,422.000,337.000,7.000,8.000,1.0,1,1.0
7,29,423.000,334.000,6.000,9.000,1.0,1,1.0
8,29,424.000,331.000,5.000,9.000,1.0,1,1.0
9,29,425.000,326.000,5.000,9.000,1.0,1,1.0
10,29,425.000,322.000,5.000,10.000,1.0,1,1.0
11,29,427.000,319.000,5.000,9.000,1.0,1,1.0
12,29,429.000,315.000,6.000,9.000,1.0,1,1.0
13,29,431.000,311.000,6.000,9.000,1.0,1,1.0
14,29,434.000,307.000,5.000,9.000,1.0,1,1.0
15,29,435.000,303.000,5.000,9.000,1.0,1,1.0
16,29,436.000,299.000,5.000,10.000,1.0,1,1.0
17,29,436.000,297.000,5.000,9.000,1.0,1,1.0
18,29,437.000,293.000,5.000,9.000,1.0,1,1.0
19,29,437.000,289.000,5.000,9.000,1.0,1,1.0
20,29,438.000,284.000,4.000,10.000,1.0,1,1.0
21,29,438.000,279.000,5.000,10.000,1.0,1,1.0
22,29,437.000,274.000,6.000,10.000,1.0,1,1.0
23,29,438.000,269.000,5.000,11.000,1.0,1,1.0
24,29,438.000,265.000,4.000,10.000,1.0,1,1.0
25,29,438.000,260.000,5.000,10.000,1.0,1,1.0
26,29,438.000,255.000,5.000,10.000,1.0,1,1.0
27,29,438.000,250.000,5.000,10.000,1.0,1,1.0
28,29,438.000,246.000,5.000,10.000,1.0,1,1.0
29,29,438.000,242.000,5.000,10.000,1.0,1,1.0
30,29,438.000,237.000,5.000,10.000,1.0,1,1.0
31,29,438.000,234.000,5.000,10.000,1.0,1,1.0
32,29,438.000,230.000,5.000,10.000,1.0,1,1.0
33,29,438.000,226.000,5.000,10.000,1.0,1,1.0
34,29,439.000,221.000,4.000,10.000,1.0,1,1.0
35,29,438.000,217.000,5.000,10.000,1.0,1,1.0
36,29,438.000,213.000,5.000,10.000,1.0,1,1.0
37,29,439.000,209.000,5.000,10.000,1.0,1,1.0
38,29,440.000,205.000,4.000,10.000,1.0,1,1.0
39,29,440.000,201.000,4.000,9.000,1.0,1,1.0
40,29,440.000,197.000,5.000,10.000,1.0,1,1.0
41,29,440.000,193.000,5.000,10.000,1.0,1,1.0
42,29,441.000,189.000,5.000,9.000,1.0,1,1.0
43,29,441.000,184.000,5.000,10.000,1.0,1,1.0
44,29,441.000,180.000,5.000,10.000,1.0,1,1.0
45,29,441.000,176.000,5.000,10.000,1.0,1,1.0
46,29,442.000,172.000,4.000,10.000,1.0,1,1.0
47,29,442.000,168.000,4.000,10.000,1.0,1,1.0
48,29,442.000,163.000,4.000,10.000,1.0,1,1.0
49,29,442.000,159.000,4.000,10.000,1.0,1,1.0
50,29,442.000,155.000,4.000,10.000,1.0,1,1.0
51,29,442.000,150.000,4.000,10.000,1.0,1,1.0
52,29,442.000,146.000,4.000,10.000,1.0,1,1.0
53,29,442.000,142.000,5.000,10.000,1.0,1,1.0
54,29,442.000,137.000,5.000,10.000,1.0,1,1.0
55,29,443.000,133.000,5.000,9.000,1.0,1,1.0
56,29,443.000,129.000,5.000,10.000,1.0,1,1.0
57,29,444.000,125.000,5.000,10.000,1.0,1,1.0
58,29,444.000,121.000,4.000,10.000,1.0,1,1.0
59,29,444.000,118.000,4.000,9.000,1.0,1,1.0
60,29,443.000,114.000,5.000,10.000,1.0,1,1.0
61,29,442.000,110.000,5.000,9.000,1.0,1,1.0
62,29,440.000,107.000,6.000,9.000,1.0,1,1.0
63,29,440.000,106.000,6.000,9.000,1.0,1,1.0
64,29,441.000,105.000,5.000,9.000,1.0,1,1.0
65,29,442.000,103.000,5.000,9.000,1.0,1,1.0
66,29,443.000,101.000,6.000,9.000,1.0,1,1.0
67,29,446.000,99.000,6.000,8.000,1.0,1,1.0
68,29,448.000,96.000,7.000,8.000,1.0,1,1.0
69,29,451.000,94.000,7.000,8.000,1.0,1,1.0
70,29,453.000,92.000,7.000,7.000,1.0,1,1.0
71,29,457.000,89.000,6.000,8.000,1.0,1,1.0
72,29,459.000,86.000,7.000,8.000,1.0,1,1.0
73,29,462.000,84.000,6.000,7.000,1.0,1,1.0
74,29,464.000,81.000,6.000,8.000,1.0,1,1.0
75,29,466.000,78.000,5.000,8.000,1.0,1,1.0
76,29,468.000,75.000,5.000,8.000,1.0,1,1.0
77,29,469.000,72.000,5.000,8.000,1.0,1,1.0
78,29,470.000,69.000,5.000,9.000,1.0,1,1.0
79,29,472.000,66.000,4.000,8.000,1.0,1,1.0
80,29,472.000,64.000,5.000,7.000,1.0,1,1.0
81,29,473.000,60.000,5.000,8.000,1.0,1,1.0
82,29,473.000,56.000,5.000,9.000,1.0,1,1.0
83,29,474.000,53.000,4.000,8.000,1.0,1,1.0
84,29,473.000,50.000,5.000,9.000,1.0,1,1.0
85,29,474.000,47.000,4.000,9.000,1.0,1,1.0
86,29,474.000,44.000,4.000,9.000,1.0,1,1.0
87,29,474.000,41.000,4.000,9.000,1.0,1,1.0
88,29,474.000,37.000,4.000,10.000,1.0,1,1.0
89,29,474.000,35.000,4.000,9.000,1.0,1,1.0
90,29,473.000,35.000,6.000,6.000,1.0,1,1.0
91,29,474.000,30.000,5.000,8.000,1.0,1,1.0
73,2,27.000,38.000,7.000,7.000,1.0,1,1.0
74,2,25.000,43.000,8.000,8.000,1.0,1,1.0
110,12,159.000,28.000,6.000,5.000,1.0,1,1.0
111,12,160.000,27.000,7.000,6.000,1.0,1,1.0
113,12,204.000,27.000,6.000,5.000,1.0,1,1.0
116,12,169.000,29.000,10.000,8.000,1.0,1,1.0
153,18,273.000,27.000,6.000,8.000,1.0,1,1.0
308,26,414.000,42.000,7.000,8.000,1.0,1,1.0
309,26,414.000,42.000,8.000,8.000,1.0,1,1.0
310,26,414.000,42.000,8.000,7.000,1.0,1,1.0
311,26,414.000,41.000,9.000,8.000,1.0,1,1.0
312,26,415.000,41.000,8.000,8.000,1.0,1,1.0
313,26,415.000,40.000,8.000,8.000,1.0,1,1.0
314,26,416.000,37.000,7.000,9.000,1.0,1,1.0
315,26,417.000,33.000,5.000,10.000,1.0,1,1.0
316,26,416.000,30.000,5.000,9.000,1.0,1,1.0
317,26,415.000,30.000,6.000,9.000,1.0,1,1.0
318,26,415.000,30.000,6.000,6.000,1.0,1,1.0
319,26,415.000,30.000,6.000,6.000,1.0,1,1.0
320,26,414.000,30.000,7.000,6.000,1.0,1,1.0
231,19,279.000,27.000,7.000,7.000,1.0,1,1.0
1,22,328.000,293.000,6.000,7.000,1.0,1,1.0
2,22,328.000,293.000,6.000,7.000,1.0,1,1.0
3,22,329.000,292.000,5.000,8.000,1.0,1,1.0
4,22,330.000,290.000,5.000,9.000,1.0,1,1.0
5,22,331.000,285.000,5.000,10.000,1.0,1,1.0
6,22,331.000,282.000,6.000,9.000,1.0,1,1.0
7,22,333.000,279.000,6.000,8.000,1.0,1,1.0
8,22,334.000,277.000,7.000,7.000,1.0,1,1.0
9,22,335.000,275.000,7.000,6.000,1.0,1,1.0
10,22,337.000,273.000,7.000,6.000,1.0,1,1.0
11,22,338.000,272.000,7.000,6.000,1.0,1,1.0
12,22,339.000,271.000,6.000,6.000,1.0,1,1.0
13,22,339.000,270.000,7.000,7.000,1.0,1,1.0
14,22,340.000,270.000,6.000,6.000,1.0,1,1.0
15,22,341.000,270.000,5.000,5.000,1.0,1,1.0
16,22,341.000,270.000,6.000,5.000,1.0,1,1.0
17,22,342.000,270.000,4.000,5.000,1.0,1,1.0
18,22,341.000,270.000,5.000,5.000,1.0,1,1.0
19,22,340.000,270.000,5.000,5.000,1.0,1,1.0
20,22,339.000,270.000,6.000,5.000,1.0,1,1.0
21,22,338.000,270.000,5.000,4.000,1.0,1,1.0
22,22,336.000,270.000,6.000,5.000,1.0,1,1.0
23,22,334.000,270.000,7.000,5.000,1.0,1,1.0
24,22,332.000,271.000,7.000,5.000,1.0,1,1.0
25,22,330.000,271.000,7.000,6.000,1.0,1,1.0
26,22,328.000,273.000,7.000,5.000,1.0,1,1.0
27,22,328.000,273.000,7.000,5.000,1.0,1,1.0
28,22,328.000,273.000,7.000,5.000,1.0,1,1.0
29,22,328.000,273.000,7.000,5.000,1.0,1,1.0
30,22,328.000,273.000,7.000,5.000,1.0,1,1.0
31,22,327.000,273.000,8.000,5.000,1.0,1,1.0
32,22,327.000,273.000,6.000,8.000,1.0,1,1.0
33,22,326.000,277.000,6.000,8.000,1.0,1,1.0
34,22,326.000,280.000,5.000,9.000,1.0,1,1.0
35,22,325.000,284.000,5.000,9.000,1.0,1,1.0
36,22,326.000,288.000,4.000,10.000,1.0,1,1.0
37,22,326.000,292.000,4.000,10.000,1.0,1,1.0
38,22,326.000,296.000,5.000,10.000,1.0,1,1.0
39,22,327.000,300.000,5.000,10.000,1.0,1,1.0
40,22,328.000,304.000,4.000,10.000,1.0,1,1.0
41,22,329.000,309.000,4.000,10.000,1.0,1,1.0
42,22,328.000,313.000,5.000,10.000,1.0,1,1.0
43,22,329.000,317.000,4.000,9.000,1.0,1,1.0
44,22,328.000,319.000,5.000,10.000,1.0,1,1.0
45,22,327.000,319.000,5.000,10.000,1.0,1,1.0
46,22,328.000,319.000,4.000,10.000,1.0,1,1.0
47,22,328.000,319.000,5.000,10.000,1.0,1,1.0
48,22,328.000,319.000,5.000,9.000,1.0,1,1.0
49,22,328.000,320.000,4.000,9.000,1.0,1,1.0
50,22,327.000,321.000,5.000,9.000,1.0,1,1.0
51,22,327.000,322.000,4.000,9.000,1.0,1,1.0
52,22,326.000,323.000,5.000,9.000,1.0,1,1.0
53,22,325.000,324.000,5.000,9.000,1.0,1,1.0
54,22,325.000,324.000,5.000,9.000,1.0,1,1.0
55,22,325.000,325.000,5.000,9.000,1.0,1,1.0
56,22,325.000,326.000,5.000,9.000,1.0,1,1.0
57,22,324.000,327.000,5.000,9.000,1.0,1,1.0
58,22,324.000,326.000,6.000,10.000,1.0,1,1.0
59,22,325.000,326.000,5.000,8.000,1.0,1,1.0
60,22,326.000,326.000,4.000,9.000,1.0,1,1.0
61,22,325.000,326.000,5.000,10.000,1.0,1,1.0
62,22,325.000,326.000,5.000,10.000,1.0,1,1.0
63,22,325.000,327.000,5.000,9.000,1.0,1,1.0
64,22,325.000,327.000,5.000,9.000,1.0,1,1.0
65,22,325.000,328.000,4.000,9.000,1.0,1,1.0
66,22,326.000,331.000,5.000,8.000,1.0,1,1.0
67,22,325.000,335.000,7.000,9.000,1.0,1,1.0
68,22,324.000,343.000,8.000,5.000,1.0,1,1.0
69,22,325.000,343.000,8.000,5.000,1.0,1,1.0
70,22,327.000,344.000,7.000,4.000,1.0,1,1.0
71,22,328.000,344.000,7.000,4.000,1.0,1,1.0
72,22,328.000,345.000,7.000,4.000,1.0,1,1.0
73,22,330.000,345.000,6.000,5.000,1.0,1,1.0
74,22,330.000,345.000,7.000,5.000,1.0,1,1.0
75,22,331.000,346.000,7.000,5.000,1.0,1,1.0
76,22,332.000,347.000,7.000,6.000,1.0,1,1.0
77,22,333.000,348.000,7.000,7.000,1.0,1,1.0
78,22,334.000,350.000,6.000,8.000,1.0,1,1.0
79,22,335.000,352.000,5.000,8.000,1.0,1,1.0
80,22,335.000,355.000,6.000,8.000,1.0,1,1.0
81,22,336.000,357.000,5.000,8.000,1.0,1,1.0
82,22,336.000,359.000,6.000,8.000,1.0,1,1.0
83,22,336.000,361.000,6.000,8.000,1.0,1,1.0
84,22,337.000,364.000,5.000,8.000,1.0,1,1.0
85,22,337.000,367.000,5.000,9.000,1.0,1,1.0
86,22,337.000,370.000,5.000,8.000,1.0,1,1.0
87,22,337.000,373.000,5.000,9.000,1.0,1,1.0
88,22,337.000,376.000,5.000,9.000,1.0,1,1.0
89,22,337.000,379.000,5.000,8.000,1.0,1,1.0
90,22,337.000,381.000,5.000,9.000,1.0,1,1.0
91,22,336.000,383.000,5.000,9.000,1.0,1,1.0
92,22,337.000,385.000,5.000,9.000,1.0,1,1.0
93,22,337.000,388.000,5.000,9.000,1.0,1,1.0
94,22,337.000,390.000,5.000,9.000,1.0,1,1.0
95,22,337.000,390.000,5.000,9.000,1.0,1,1.0
96,22,337.000,389.000,5.000,9.000,1.0,1,1.0
97,22,338.000,390.000,5.000,8.000,1.0,1,1.0
98,22,338.000,390.000,5.000,8.000,1.0,1,1.0
99,22,339.000,392.000,5.000,6.000,1.0,1,1.0
100,22,339.000,392.000,6.000,6.000,1.0,1,1.0
101,22,339.000,392.000,6.000,7.000,1.0,1,1.0
102,22,340.000,393.000,6.000,6.000,1.0,1,1.0
103,22,340.000,393.000,6.000,6.000,1.0,1,1.0
104,22,341.000,394.000,5.000,5.000,1.0,1,1.0
105,22,341.000,394.000,5.000,6.000,1.0,1,1.0
106,22,341.000,393.000,5.000,6.000,1.0,1,1.0
107,22,341.000,393.000,5.000,6.000,1.0,1,1.0
108,22,341.000,393.000,5.000,6.000,1.0,1,1.0
109,22,341.000,392.000,5.000,7.000,1.0,1,1.0
110,22,341.000,392.000,5.000,7.000,1.0,1,1.0
111,22,342.000,392.000,4.000,7.000,1.0,1,1.0
112,22,341.000,390.000,5.000,9.000,1.0,1,1.0
113,22,341.000,390.000,5.000,9.000,1.0,1,1.0
114,22,341.000,390.000,5.000,9.000,1.0,1,1.0
115,22,341.000,390.000,5.000,9.000,1.0,1,1.0
116,22,341.000,391.000,5.000,8.000,1.0,1,1.0
117,22,340.000,392.000,5.000,8.000,1.0,1,1.0
118,22,340.000,392.000,5.000,8.000,1.0,1,1.0
119,22,340.000,392.000,5.000,7.000,1.0,1,1.0
120,22,339.000,392.000,6.000,7.000,1.0,1,1.0
121,22,339.000,392.000,5.000,7.000,1.0,1,1.0
122,22,338.000,393.000,6.000,6.000,1.0,1,1.0
123,22,338.000,393.000,5.000,6.000,1.0,1,1.0
124,22,337.000,393.000,5.000,6.000,1.0,1,1.0
125,22,336.000,394.000,6.000,5.000,1.0,1,1.0
126,22,336.000,393.000,5.000,6.000,1.0,1,1.0
127,22,335.000,392.000,6.000,5.000,1.0,1,1.0
128,22,334.000,391.000,6.000,5.000,1.0,1,1.0
129,22,332.000,390.000,6.000,5.000,1.0,1,1.0
130,22,331.000,389.000,6.000,5.000,1.0,1,1.0
131,22,329.000,388.000,7.000,5.000,1.0,1,1.0
132,22,328.000,389.000,7.000,4.000,1.0,1,1.0
133,22,326.000,389.000,7.000,5.000,1.0,1,1.0
134,22,323.000,391.000,8.000,5.000,1.0,1,1.0
135,22,323.000,393.000,7.000,5.000,1.0,1,1.0
136,22,322.000,393.000,7.000,5.000,1.0,1,1.0
137,22,321.000,392.000,7.000,6.000,1.0,1,1.0
138,22,319.000,392.000,8.000,5.000,1.0,1,1.0
139,22,317.000,392.000,8.000,5.000,1.0,1,1.0
140,22,315.000,391.000,8.000,5.000,1.0,1,1.0
141,22,313.000,391.000,9.000,5.000,1.0,1,1.0
142,22,311.000,391.000,8.000,5.000,1.0,1,1.0
143,22,310.000,392.000,7.000,4.000,1.0,1,1.0
144,22,309.000,391.000,7.000,5.000,1.0,1,1.0
145,22,307.000,391.000,7.000,5.000,1.0,1,1.0
146,22,306.000,391.000,7.000,5.000,1.0,1,1.0
147,22,302.000,391.000,9.000,5.000,1.0,1,1.0
148,22,300.000,391.000,9.000,5.000,1.0,1,1.0
149,22,298.000,390.000,10.000,5.000,1.0,1,1.0
150,22,296.000,389.000,10.000,5.000,1.0,1,1.0
151,22,295.000,389.000,8.000,5.000,1.0,1,1.0
152,22,292.000,389.000,9.000,5.000,1.0,1,1.0
153,22,290.000,389.000,9.000,5.000,1.0,1,1.0
154,22,288.000,389.000,9.000,5.000,1.0,1,1.0
155,22,286.000,390.000,9.000,5.000,1.0,1,1.0
156,22,284.000,391.000,8.000,5.000,1.0,1,1.0
157,22,283.000,392.000,7.000,8.000,1.0,1,1.0
158,22,282.000,392.000,7.000,8.000,1.0,1,1.0
159,22,282.000,392.000,7.000,8.000,1.0,1,1.0
160,22,282.000,391.000,7.000,9.000,1.0,1,1.0
161,22,284.000,391.000,5.000,9.000,1.0,1,1.0
162,22,284.000,391.000,6.000,9.000,1.0,1,1.0
163,22,284.000,391.000,5.000,8.000,1.0,1,1.0
164,22,284.000,391.000,5.000,8.000,1.0,1,1.0
165,22,284.000,392.000,5.000,7.000,1.0,1,1.0
166,22,284.000,392.000,5.000,7.000,1.0,1,1.0
167,22,283.000,393.000,6.000,6.000,1.0,1,1.0
168,22,282.000,393.000,7.000,6.000,1.0,1,1.0
169,22,282.000,393.000,6.000,6.000,1.0,1,1.0
170,22,281.000,393.000,7.000,5.000,1.0,1,1.0
171,22,280.000,393.000,7.000,5.000,1.0,1,1.0
172,22,279.000,393.000,6.000,5.000,1.0,1,1.0
173,22,277.000,393.000,6.000,5.000,1.0,1,1.0
174,22,276.000,393.000,6.000,6.000,1.0,1,1.0
175,22,275.000,394.000,7.000,6.000,1.0,1,1.0
176,22,275.000,394.000,6.000,5.000,1.0,1,1.0
177,22,275.000,394.000,6.000,6.000,1.0,1,1.0
178,22,274.000,394.000,6.000,6.000,1.0,1,1.0
179,22,273.000,394.000,7.000,6.000,1.0,1,1.0
180,22,273.000,394.000,6.000,6.000,1.0,1,1.0
181,22,273.000,394.000,6.000,6.000,1.0,1,1.0
182,22,272.000,395.000,7.000,5.000,1.0,1,1.0
183,22,273.000,395.000,6.000,5.000,1.0,1,1.0
184,22,273.000,395.000,7.000,5.000,1.0,1,1.0
185,22,274.000,395.000,7.000,5.000,1.0,1,1.0
186,22,276.000,395.000,6.000,5.000,1.0,1,1.0
187,22,278.000,395.000,7.000,5.000,1.0,1,1.0
188,22,279.000,394.000,8.000,5.000,1.0,1,1.0
189,22,281.000,394.000,7.000,5.000,1.0,1,1.0
190,22,283.000,395.000,8.000,5.000,1.0,1,1.0
191,22,285.000,395.000,7.000,5.000,1.0,1,1.0
192,22,286.000,395.000,8.000,5.000,1.0,1,1.0
193,22,288.000,395.000,8.000,4.000,1.0,1,1.0
194,22,290.000,395.000,7.000,4.000,1.0,1,1.0
195,22,291.000,394.000,8.000,6.000,1.0,1,1.0
196,22,293.000,395.000,9.000,4.000,1.0,1,1.0
197,22,295.000,395.000,9.000,4.000,1.0,1,1.0
198,22,297.000,395.000,9.000,4.000,1.0,1,1.0
199,22,300.000,395.000,9.000,4.000,1.0,1,1.0
200,22,302.000,395.000,9.000,4.000,1.0,1,1.0
201,22,304.000,395.000,8.000,5.000,1.0,1,1.0
202,22,306.000,395.000,9.000,5.000,1.0,1,1.0
203,22,307.000,394.000,9.000,6.000,1.0,1,1.0
204,22,308.000,394.000,8.000,6.000,1.0,1,1.0
205,22,309.000,395.000,8.000,5.000,1.0,1,1.0
206,22,309.000,395.000,8.000,5.000,1.0,1,1.0
207,22,309.000,395.000,8.000,5.000,1.0,1,1.0
208,22,309.000,395.000,7.000,6.000,1.0,1,1.0
209,22,309.000,395.000,7.000,6.000,1.0,1,1.0
210,22,308.000,395.000,8.000,6.000,1.0,1,1.0
211,22,308.000,395.000,8.000,6.000,1.0,1,1.0
212,22,307.000,395.000,8.000,6.000,1.0,1,1.0
213,22,307.000,395.000,7.000,6.000,1.0,1,1.0
214,22,306.000,395.000,8.000,5.000,1.0,1,1.0
215,22,305.000,395.000,8.000,5.000,1.0,1,1.0
216,22,303.000,395.000,9.000,5.000,1.0,1,1.0
217,22,301.000,395.000,9.000,5.000,1.0,1,1.0
218,22,300.000,395.000,9.000,5.000,1.0,1,1.0
219,22,298.000,395.000,9.000,4.000,1.0,1,1.0
220,22,297.000,395.000,9.000,4.000,1.0,1,1.0
221,22,295.000,395.000,9.000,4.000,1.0,1,1.0
222,22,294.000,394.000,9.000,5.000,1.0,1,1.0
223,22,293.000,395.000,9.000,4.000,1.0,1,1.0
224,22,290.000,395.000,10.000,4.000,1.0,1,1.0
225,22,289.000,395.000,9.000,4.000,1.0,1,1.0
226,22,288.000,395.000,9.000,4.000,1.0,1,1.0
227,22,286.000,395.000,9.000,5.000,1.0,1,1.0
228,22,285.000,395.000,9.000,5.000,1.0,1,1.0
229,22,284.000,395.000,10.000,4.000,1.0,1,1.0
230,22,284.000,394.000,10.000,5.000,1.0,1,1.0
231,22,284.000,394.000,10.000,5.000,1.0,1,1.0
232,22,282.000,394.000,11.000,5.000,1.0,1,1.0
233,22,282.000,394.000,9.000,5.000,1.0,1,1.0
234,22,281.000,392.000,9.000,6.000,1.0,1,1.0
235,22,280.000,391.000,9.000,6.000,1.0,1,1.0
236,22,279.000,389.000,8.000,7.000,1.0,1,1.0
237,22,278.000,388.000,8.000,7.000,1.0,1,1.0
238,22,277.000,385.000,7.000,9.000,1.0,1,1.0
239,22,277.000,381.000,7.000,10.000,1.0,1,1.0
240,22,277.000,379.000,6.000,10.000,1.0,1,1.0
241,22,276.000,377.000,7.000,9.000,1.0,1,1.0
242,22,276.000,375.000,7.000,10.000,1.0,1,1.0
243,22,276.000,373.000,6.000,9.000,1.0,1,1.0
244,22,277.000,371.000,6.000,9.000,1.0,1,1.0
245,22,278.000,369.000,6.000,9.000,1.0,1,1.0
246,22,279.000,367.000,6.000,9.000,1.0,1,1.0
247,22,279.000,365.000,6.000,10.000,1.0,1,1.0
248,22,280.000,363.000,7.000,9.000,1.0,1,1.0
249,22,282.000,362.000,7.000,9.000,1.0,1,1.0
250,22,283.000,361.000,8.000,7.000,1.0,1,1.0
251,22,285.000,360.000,8.000,7.000,1.0,1,1.0
252,22,287.000,359.000,9.000,7.000,1.0,1,1.0
253,22,289.000,359.000,9.000,5.000,1.0,1,1.0
254,22,292.000,360.000,9.000,4.000,1.0,1,1.0
255,22,294.000,361.000,10.000,5.000,1.0,1,1.0
256,22,296.000,362.000,10.000,5.000,1.0,1,1.0
257,22,299.000,363.000,10.000,5.000,1.0,1,1.0
258,22,301.000,364.000,10.000,5.000,1.0,1,1.0
259,22,304.000,365.000,9.000,5.000,1.0,1,1.0
260,22,306.000,366.000,9.000,5.000,1.0,1,1.0
261,22,307.000,366.000,9.000,6.000,1.0,1,1.0
262,22,308.000,367.000,9.000,6.000,1.0,1,1.0
263,22,308.000,368.000,9.000,6.000,1.0,1,1.0
264,22,308.000,368.000,9.000,6.000,1.0,1,1.0
265,22,308.000,369.000,9.000,5.000,1.0,1,1.0
266,22,308.000,369.000,9.000,5.000,1.0,1,1.0
267,22,307.000,370.000,10.000,4.000,1.0,1,1.0
268,22,307.000,370.000,10.000,5.000,1.0,1,1.0
269,22,307.000,373.000,9.000,5.000,1.0,1,1.0
270,22,307.000,372.000,9.000,5.000,1.0,1,1.0
271,22,307.000,371.000,9.000,6.000,1.0,1,1.0
272,22,307.000,372.000,10.000,5.000,1.0,1,1.0
273,22,308.000,372.000,9.000,6.000,1.0,1,1.0
274,22,308.000,372.000,9.000,6.000,1.0,1,1.0
275,22,308.000,372.000,9.000,7.000,1.0,1,1.0
276,22,309.000,372.000,8.000,7.000,1.0,1,1.0
277,22,309.000,372.000,8.000,8.000,1.0,1,1.0
278,22,310.000,373.000,6.000,9.000,1.0,1,1.0
279,22,310.000,373.000,6.000,9.000,1.0,1,1.0
280,22,310.000,373.000,6.000,9.000,1.0,1,1.0
281,22,310.000,373.000,6.000,9.000,1.0,1,1.0
282,22,310.000,373.000,6.000,10.000,1.0,1,1.0
283,22,310.000,374.000,6.000,9.000,1.0,1,1.0
284,22,310.000,374.000,7.000,9.000,1.0,1,1.0
285,22,310.000,374.000,7.000,9.000,1.0,1,1.0
286,22,310.000,374.000,7.000,10.000,1.0,1,1.0
287,22,311.000,374.000,6.000,9.000,1.0,1,1.0
288,22,311.000,373.000,6.000,9.000,1.0,1,1.0
289,22,311.000,373.000,6.000,9.000,1.0,1,1.0
290,22,311.000,373.000,6.000,9.000,1.0,1,1.0
291,22,311.000,373.000,6.000,10.000,1.0,1,1.0
292,22,311.000,374.000,6.000,9.000,1.0,1,1.0
293,22,311.000,373.000,6.000,10.000,1.0,1,1.0
294,22,311.000,373.000,6.000,9.000,1.0,1,1.0
295,22,311.000,373.000,6.000,9.000,1.0,1,1.0
296,22,311.000,373.000,6.000,9.000,1.0,1,1.0
297,22,311.000,373.000,6.000,9.000,1.0,1,1.0
298,22,311.000,373.000,6.000,9.000,1.0,1,1.0
299,22,311.000,373.000,6.000,9.000,1.0,1,1.0
300,22,311.000,373.000,6.000,9.000,1.0,1,1.0
301,22,311.000,373.000,6.000,10.000,1.0,1,1.0
302,22,311.000,373.000,6.000,10.000,1.0,1,1.0
303,22,311.000,373.000,6.000,10.000,1.0,1,1.0
304,22,311.000,373.000,6.000,9.000,1.0,1,1.0
305,22,311.000,373.000,7.000,9.000,1.0,1,1.0
306,22,311.000,373.000,7.000,9.000,1.0,1,1.0
307,22,312.000,373.000,6.000,9.000,1.0,1,1.0
308,22,312.000,373.000,6.000,9.000,1.0,1,1.0
309,22,312.000,373.000,6.000,9.000,1.0,1,1.0
310,22,312.000,373.000,6.000,9.000,1.0,1,1.0
311,22,311.000,373.000,7.000,9.000,1.0,1,1.0
312,22,311.000,373.000,7.000,9.000,1.0,1,1.0
313,22,311.000,373.000,7.000,9.000,1.0,1,1.0
314,22,311.000,373.000,7.000,9.000,1.0,1,1.0
315,22,311.000,373.000,7.000,9.000,1.0,1,1.0
316,22,311.000,373.000,7.000,9.000,1.0,1,1.0
317,22,311.000,375.000,7.000,9.000,1.0,1,1.0
318,22,311.000,374.000,7.000,9.000,1.0,1,1.0
319,22,311.000,373.000,7.000,10.000,1.0,1,1.0
320,22,311.000,373.000,7.000,9.000,1.0,1,1.0
321,22,312.000,373.000,6.000,9.000,1.0,1,1.0
322,22,311.000,373.000,7.000,9.000,1.0,1,1.0
323,22,311.000,373.000,7.000,9.000,1.0,1,1.0
324,22,311.000,373.000,7.000,9.000,1.0,1,1.0
1,31,473.000,369.000,5.000,9.000,1.0,1,1.0
2,31,473.000,369.000,5.000,9.000,1.0,1,1.0
3,31,472.000,368.000,5.000,9.000,1.0,1,1.0
4,31,473.000,366.000,4.000,10.000,1.0,1,1.0
5,31,473.000,364.000,5.000,9.000,1.0,1,1.0
6,31,472.000,361.000,5.000,10.000,1.0,1,1.0
7,31,473.000,358.000,4.000,9.000,1.0,1,1.0
8,31,473.000,356.000,4.000,9.000,1.0,1,1.0
9,31,473.000,354.000,4.000,9.000,1.0,1,1.0
10,31,473.000,351.000,4.000,9.000,1.0,1,1.0
11,31,473.000,349.000,5.000,9.000,1.0,1,1.0
12,31,473.000,347.000,4.000,9.000,1.0,1,1.0
13,31,473.000,345.000,5.000,9.000,1.0,1,1.0
14,31,473.000,342.000,5.000,9.000,1.0,1,1.0
15,31,473.000,340.000,5.000,9.000,1.0,1,1.0
16,31,474.000,338.000,4.000,9.000,1.0,1,1.0
17,31,474.000,335.000,4.000,10.000,1.0,1,1.0
18,31,474.000,333.000,4.000,9.000,1.0,1,1.0
19,31,474.000,331.000,5.000,9.000,1.0,1,1.0
20,31,474.000,328.000,5.000,9.000,1.0,1,1.0
21,31,474.000,325.000,5.000,9.000,1.0,1,1.0
22,31,474.000,323.000,5.000,9.000,1.0,1,1.0
23,31,474.000,320.000,5.000,9.000,1.0,1,1.0
24,31,475.000,318.000,4.000,9.000,1.0,1,1.0
25,31,475.000,315.000,4.000,9.000,1.0,1,1.0
26,31,475.000,313.000,5.000,9.000,1.0,1,1.0
27,31,475.000,311.000,5.000,9.000,1.0,1,1.0
28,31,475.000,309.000,5.000,9.000,1.0,1,1.0
29,31,475.000,307.000,5.000,9.000,1.0,1,1.0
30,31,475.000,305.000,5.000,8.000,1.0,1,1.0
31,31,475.000,303.000,4.000,9.000,1.0,1,1.0
32,31,475.000,301.000,5.000,8.000,1.0,1,1.0
33,31,475.000,299.000,4.000,8.000,1.0,1,1.0
34,31,475.000,297.000,4.000,9.000,1.0,1,1.0
35,31,475.000,294.000,5.000,9.000,1.0,1,1.0
36,31,475.000,292.000,4.000,9.000,1.0,1,1.0
37,31,475.000,289.000,4.000,9.000,1.0,1,1.0
38,31,474.000,287.000,5.000,9.000,1.0,1,1.0
39,31,474.000,285.000,5.000,9.000,1.0,1,1.0
40,31,474.000,283.000,5.000,9.000,1.0,1,1.0
41,31,474.000,281.000,5.000,9.000,1.0,1,1.0
42,31,474.000,279.000,5.000,10.000,1.0,1,1.0
43,31,474.000,277.000,5.000,9.000,1.0,1,1.0
44,31,474.000,275.000,5.000,9.000,1.0,1,1.0
45,31,474.000,274.000,5.000,9.000,1.0,1,1.0
46,31,474.000,272.000,5.000,9.000,1.0,1,1.0
47,31,474.000,270.000,5.000,9.000,1.0,1,1.0
48,31,474.000,268.000,5.000,9.000,1.0,1,1.0
49,31,474.000,265.000,5.000,9.000,1.0,1,1.0
50,31,474.000,264.000,5.000,8.000,1.0,1,1.0
51,31,474.000,262.000,5.000,9.000,1.0,1,1.0
52,31,474.000,260.000,5.000,9.000,1.0,1,1.0
53,31,474.000,258.000,4.000,9.000,1.0,1,1.0
54,31,474.000,256.000,5.000,9.000,1.0,1,1.0
55,31,474.000,253.000,5.000,9.000,1.0,1,1.0
56,31,474.000,251.000,5.000,9.000,1.0,1,1.0
57,31,474.000,249.000,5.000,8.000,1.0,1,1.0
58,31,474.000,246.000,4.000,9.000,1.0,1,1.0
59,31,474.000,244.000,4.000,9.000,1.0,1,1.0
60,31,474.000,242.000,4.000,9.000,1.0,1,1.0
61,31,474.000,239.000,4.000,9.000,1.0,1,1.0
62,31,474.000,237.000,4.000,9.000,1.0,1,1.0
63,31,474.000,235.000,4.000,9.000,1.0,1,1.0
64,31,473.000,233.000,5.000,9.000,1.0,1,1.0
65,31,473.000,230.000,5.000,9.000,1.0,1,1.0
66,31,473.000,228.000,5.000,9.000,1.0,1,1.0
67,31,473.000,226.000,5.000,9.000,1.0,1,1.0
68,31,473.000,223.000,5.000,9.000,1.0,1,1.0
69,31,473.000,221.000,5.000,9.000,1.0,1,1.0
70,31,473.000,219.000,4.000,9.000,1.0,1,1.0
71,31,473.000,216.000,4.000,9.000,1.0,1,1.0
72,31,472.000,215.000,5.000,9.000,1.0,1,1.0
73,31,472.000,213.000,5.000,9.000,1.0,1,1.0
74,31,472.000,211.000,5.000,9.000,1.0,1,1.0
75,31,473.000,209.000,4.000,9.000,1.0,1,1.0
76,31,473.000,207.000,4.000,9.000,1.0,1,1.0
77,31,472.000,205.000,5.000,9.000,1.0,1,1.0
78,31,473.000,203.000,4.000,9.000,1.0,1,1.0
79,31,472.000,201.000,5.000,9.000,1.0,1,1.0
80,31,472.000,199.000,5.000,9.000,1.0,1,1.0
81,31,473.000,197.000,4.000,9.000,1.0,1,1.0
82,31,473.000,195.000,4.000,9.000,1.0,1,1.0
83,31,472.000,192.000,5.000,10.000,1.0,1,1.0
84,31,472.000,190.000,5.000,9.000,1.0,1,1.0
85,31,472.000,188.000,5.000,9.000,1.0,1,1.0
86,31,472.000,185.000,5.000,10.000,1.0,1,1.0
87,31,472.000,183.000,5.000,9.000,1.0,1,1.0
88,31,472.000,181.000,5.000,10.000,1.0,1,1.0
89,31,472.000,179.000,5.000,9.000,1.0,1,1.0
90,31,472.000,178.000,5.000,9.000,1.0,1,1.0
91,31,472.000,176.000,5.000,9.000,1.0,1,1.0
92,31,472.000,173.000,5.000,9.000,1.0,1,1.0
93,31,472.000,172.000,5.000,9.000,1.0,1,1.0
94,31,472.000,170.000,5.000,9.000,1.0,1,1.0
95,31,472.000,167.000,5.000,9.000,1.0,1,1.0
96,31,472.000,166.000,5.000,9.000,1.0,1,1.0
97,31,472.000,164.000,5.000,9.000,1.0,1,1.0
98,31,473.000,163.000,4.000,9.000,1.0,1,1.0
99,31,472.000,161.000,5.000,9.000,1.0,1,1.0
100,31,471.000,160.000,6.000,8.000,1.0,1,1.0
101,31,472.000,157.000,5.000,9.000,1.0,1,1.0
102,31,472.000,155.000,5.000,10.000,1.0,1,1.0
103,31,472.000,153.000,5.000,9.000,1.0,1,1.0
104,31,472.000,151.000,5.000,8.000,1.0,1,1.0
105,31,472.000,149.000,5.000,8.000,1.0,1,1.0
106,31,472.000,147.000,4.000,9.000,1.0,1,1.0
107,31,472.000,147.000,5.000,8.000,1.0,1,1.0
108,31,472.000,145.000,5.000,9.000,1.0,1,1.0
109,31,472.000,144.000,5.000,9.000,1.0,1,1.0
110,31,472.000,142.000,5.000,9.000,1.0,1,1.0
111,31,472.000,141.000,5.000,9.000,1.0,1,1.0
112,31,473.000,139.000,5.000,9.000,1.0,1,1.0
113,31,473.000,138.000,5.000,8.000,1.0,1,1.0
114,31,473.000,137.000,5.000,8.000,1.0,1,1.0
115,31,473.000,135.000,5.000,8.000,1.0,1,1.0
116,31,473.000,134.000,5.000,8.000,1.0,1,1.0
117,31,474.000,132.000,4.000,8.000,1.0,1,1.0
118,31,474.000,130.000,4.000,8.000,1.0,1,1.0
119,31,474.000,129.000,5.000,8.000,1.0,1,1.0
120,31,474.000,127.000,5.000,8.000,1.0,1,1.0
121,31,474.000,125.000,5.000,8.000,1.0,1,1.0
122,31,474.000,124.000,5.000,8.000,1.0,1,1.0
123,31,474.000,121.000,5.000,8.000,1.0,1,1.0
124,31,474.000,118.000,5.000,9.000,1.0,1,1.0
125,31,474.000,117.000,5.000,8.000,1.0,1,1.0
126,31,474.000,115.000,5.000,8.000,1.0,1,1.0
127,31,474.000,112.000,5.000,9.000,1.0,1,1.0
128,31,474.000,110.000,5.000,9.000,1.0,1,1.0
129,31,474.000,108.000,4.000,9.000,1.0,1,1.0
130,31,474.000,107.000,4.000,9.000,1.0,1,1.0
131,31,474.000,105.000,5.000,8.000,1.0,1,1.0
132,31,474.000,103.000,5.000,8.000,1.0,1,1.0
133,31,474.000,102.000,4.000,8.000,1.0,1,1.0
134,31,474.000,100.000,5.000,8.000,1.0,1,1.0
135,31,474.000,98.000,4.000,8.000,1.0,1,1.0
136,31,474.000,97.000,5.000,8.000,1.0,1,1.0
137,31,474.000,94.000,5.000,9.000,1.0,1,1.0
138,31,474.000,92.000,5.000,8.000,1.0,1,1.0
139,31,474.000,90.000,5.000,8.000,1.0,1,1.0
140,31,474.000,87.000,5.000,9.000,1.0,1,1.0
141,31,474.000,85.000,5.000,9.000,1.0,1,1.0
142,31,474.000,83.000,5.000,8.000,1.0,1,1.0
143,31,474.000,80.000,4.000,9.000,1.0,1,1.0
144,31,474.000,78.000,5.000,9.000,1.0,1,1.0
145,31,474.000,76.000,5.000,9.000,1.0,1,1.0
146,31,474.000,74.000,5.000,8.000,1.0,1,1.0
147,31,474.000,72.000,5.000,8.000,1.0,1,1.0
148,31,474.000,70.000,5.000,8.000,1.0,1,1.0
149,31,474.000,68.000,5.000,8.000,1.0,1,1.0
150,31,474.000,66.000,5.000,8.000,1.0,1,1.0
151,31,474.000,63.000,5.000,9.000,1.0,1,1.0
152,31,474.000,61.000,5.000,8.000,1.0,1,1.0
153,31,473.000,59.000,5.000,8.000,1.0,1,1.0
154,31,473.000,57.000,5.000,9.000,1.0,1,1.0
155,31,473.000,55.000,5.000,9.000,1.0,1,1.0
156,31,473.000,54.000,5.000,9.000,1.0,1,1.0
157,31,473.000,53.000,5.000,8.000,1.0,1,1.0
158,31,474.000,52.000,5.000,8.000,1.0,1,1.0
159,31,473.000,51.000,5.000,8.000,1.0,1,1.0
160,31,473.000,49.000,5.000,8.000,1.0,1,1.0
161,31,473.000,47.000,5.000,8.000,1.0,1,1.0
162,31,473.000,44.000,5.000,9.000,1.0,1,1.0
163,31,473.000,43.000,5.000,9.000,1.0,1,1.0
164,31,473.000,41.000,5.000,9.000,1.0,1,1.0
165,31,473.000,38.000,5.000,9.000,1.0,1,1.0
166,31,473.000,36.000,4.000,10.000,1.0,1,1.0
167,31,473.000,36.000,5.000,7.000,1.0,1,1.0
168,31,472.000,36.000,6.000,6.000,1.0,1,1.0
169,31,472.000,35.000,6.000,7.000,1.0,1,1.0
170,31,472.000,30.000,7.000,10.000,1.0,1,1.0
172,31,472.000,27.000,7.000,10.000,1.0,1,1.0
173,31,472.000,28.000,6.000,8.000,1.0,1,1.0
1,14,169.000,394.000,9.000,5.000,1.0,1,1.0
2,14,169.000,394.000,9.000,5.000,1.0,1,1.0
3,14,169.000,393.000,9.000,6.000,1.0,1,1.0
4,14,170.000,393.000,9.000,6.000,1.0,1,1.0
5,14,171.000,393.000,9.000,5.000,1.0,1,1.0
6,14,172.000,393.000,7.000,5.000,1.0,1,1.0
7,14,173.000,393.000,7.000,5.000,1.0,1,1.0
8,14,174.000,393.000,6.000,5.000,1.0,1,1.0
9,14,174.000,393.000,6.000,5.000,1.0,1,1.0
11,14,196.000,353.000,6.000,9.000,1.0,1,1.0
12,14,194.000,352.000,6.000,10.000,1.0,1,1.0
13,14,195.000,349.000,5.000,9.000,1.0,1,1.0
14,14,195.000,345.000,5.000,9.000,1.0,1,1.0
15,14,195.000,342.000,5.000,9.000,1.0,1,1.0
16,14,194.000,339.000,5.000,10.000,1.0,1,1.0
17,14,194.000,336.000,5.000,10.000,1.0,1,1.0
18,14,193.000,333.000,5.000,10.000,1.0,1,1.0
19,14,192.000,331.000,6.000,9.000,1.0,1,1.0
20,14,189.000,329.000,7.000,8.000,1.0,1,1.0
21,14,186.000,327.000,8.000,7.000,1.0,1,1.0
22,14,182.000,325.000,8.000,7.000,1.0,1,1.0
23,14,180.000,324.000,9.000,7.000,1.0,1,1.0
24,14,178.000,322.000,8.000,7.000,1.0,1,1.0
25,14,176.000,320.000,8.000,7.000,1.0,1,1.0
26,14,175.000,319.000,8.000,7.000,1.0,1,1.0
27,14,173.000,318.000,9.000,7.000,1.0,1,1.0
28,14,173.000,317.000,9.000,7.000,1.0,1,1.0
29,14,171.000,316.000,9.000,7.000,1.0,1,1.0
30,14,171.000,316.000,8.000,6.000,1.0,1,1.0
31,14,171.000,314.000,8.000,8.000,1.0,1,1.0
32,14,170.000,313.000,8.000,8.000,1.0,1,1.0
33,14,171.000,311.000,5.000,9.000,1.0,1,1.0
34,14,170.000,310.000,6.000,7.000,1.0,1,1.0
35,14,170.000,307.000,5.000,9.000,1.0,1,1.0
36,14,169.000,305.000,6.000,8.000,1.0,1,1.0
37,14,169.000,301.000,5.000,9.000,1.0,1,1.0
38,14,169.000,297.000,5.000,9.000,1.0,1,1.0
39,14,170.000,293.000,4.000,9.000,1.0,1,1.0
40,14,170.000,289.000,5.000,9.000,1.0,1,1.0
41,14,171.000,284.000,5.000,10.000,1.0,1,1.0
42,14,172.000,281.000,4.000,9.000,1.0,1,1.0
43,14,172.000,276.000,5.000,10.000,1.0,1,1.0
44,14,173.000,272.000,5.000,9.000,1.0,1,1.0
45,14,173.000,269.000,5.000,10.000,1.0,1,1.0
46,14,173.000,267.000,5.000,10.000,1.0,1,1.0
47,14,173.000,265.000,5.000,10.000,1.0,1,1.0
48,14,174.000,263.000,4.000,10.000,1.0,1,1.0
49,14,174.000,261.000,5.000,10.000,1.0,1,1.0
50,14,174.000,260.000,5.000,10.000,1.0,1,1.0
51,14,174.000,259.000,5.000,9.000,1.0,1,1.0
52,14,175.000,257.000,4.000,9.000,1.0,1,1.0
53,14,175.000,255.000,4.000,10.000,1.0,1,1.0
54,14,175.000,254.000,5.000,9.000,1.0,1,1.0
55,14,175.000,253.000,5.000,9.000,1.0,1,1.0
56,14,175.000,253.000,4.000,10.000,1.0,1,1.0
57,14,172.000,253.000,6.000,8.000,1.0,1,1.0
58,14,169.000,252.000,7.000,8.000,1.0,1,1.0
59,14,167.000,251.000,7.000,8.000,1.0,1,1.0
60,14,165.000,250.000,7.000,7.000,1.0,1,1.0
61,14,164.000,248.000,6.000,8.000,1.0,1,1.0
62,14,162.000,247.000,7.000,7.000,1.0,1,1.0
63,14,160.000,245.000,7.000,8.000,1.0,1,1.0
64,14,158.000,243.000,7.000,8.000,1.0,1,1.0
65,14,156.000,242.000,6.000,7.000,1.0,1,1.0
66,14,154.000,240.000,6.000,7.000,1.0,1,1.0
67,14,151.000,238.000,7.000,6.000,1.0,1,1.0
68,14,149.000,236.000,7.000,6.000,1.0,1,1.0
69,14,147.000,234.000,7.000,6.000,1.0,1,1.0
70,14,145.000,232.000,7.000,7.000,1.0,1,1.0
71,14,143.000,230.000,7.000,7.000,1.0,1,1.0
72,14,142.000,228.000,6.000,7.000,1.0,1,1.0
73,14,141.000,227.000,5.000,6.000,1.0,1,1.0
74,14,140.000,225.000,5.000,6.000,1.0,1,1.0
75,14,140.000,224.000,4.000,7.000,1.0,1,1.0
76,14,139.000,223.000,5.000,6.000,1.0,1,1.0
77,14,139.000,222.000,5.000,6.000,1.0,1,1.0
78,14,139.000,220.000,5.000,6.000,1.0,1,1.0
79,14,139.000,219.000,5.000,6.000,1.0,1,1.0
80,14,140.000,219.000,4.000,6.000,1.0,1,1.0
81,14,140.000,218.000,5.000,7.000,1.0,1,1.0
82,14,140.000,218.000,4.000,7.000,1.0,1,1.0
83,14,139.000,217.000,5.000,7.000,1.0,1,1.0
84,14,140.000,217.000,5.000,7.000,1.0,1,1.0
85,14,140.000,217.000,5.000,7.000,1.0,1,1.0
86,14,140.000,217.000,5.000,7.000,1.0,1,1.0
87,14,140.000,217.000,5.000,7.000,1.0,1,1.0
88,14,140.000,217.000,5.000,7.000,1.0,1,1.0
89,14,140.000,216.000,5.000,8.000,1.0,1,1.0
90,14,140.000,217.000,5.000,7.000,1.0,1,1.0
91,14,140.000,218.000,4.000,6.000,1.0,1,1.0
92,14,139.000,218.000,5.000,6.000,1.0,1,1.0
93,14,139.000,217.000,5.000,7.000,1.0,1,1.0
94,14,139.000,218.000,5.000,6.000,1.0,1,1.0
95,14,139.000,218.000,5.000,6.000,1.0,1,1.0
96,14,139.000,218.000,5.000,6.000,1.0,1,1.0
97,14,139.000,218.000,5.000,6.000,1.0,1,1.0
98,14,140.000,218.000,4.000,6.000,1.0,1,1.0
99,14,139.000,218.000,5.000,6.000,1.0,1,1.0
100,14,139.000,218.000,5.000,6.000,1.0,1,1.0
101,14,139.000,218.000,5.000,6.000,1.0,1,1.0
102,14,139.000,218.000,5.000,6.000,1.0,1,1.0
103,14,139.000,218.000,5.000,6.000,1.0,1,1.0
104,14,139.000,218.000,5.000,6.000,1.0,1,1.0
105,14,139.000,218.000,5.000,6.000,1.0,1,1.0
106,14,139.000,218.000,5.000,6.000,1.0,1,1.0
107,14,139.000,218.000,5.000,6.000,1.0,1,1.0
108,14,139.000,218.000,5.000,6.000,1.0,1,1.0
109,14,139.000,218.000,5.000,6.000,1.0,1,1.0
110,14,139.000,218.000,5.000,6.000,1.0,1,1.0
111,14,139.000,217.000,5.000,6.000,1.0,1,1.0
112,14,139.000,217.000,5.000,7.000,1.0,1,1.0
113,14,139.000,217.000,5.000,6.000,1.0,1,1.0
114,14,139.000,217.000,6.000,7.000,1.0,1,1.0
115,14,139.000,217.000,5.000,6.000,1.0,1,1.0
116,14,139.000,217.000,6.000,7.000,1.0,1,1.0
117,14,139.000,216.000,6.000,7.000,1.0,1,1.0
118,14,140.000,215.000,5.000,8.000,1.0,1,1.0
119,14,140.000,213.000,5.000,8.000,1.0,1,1.0
120,14,140.000,213.000,5.000,7.000,1.0,1,1.0
121,14,140.000,212.000,5.000,8.000,1.0,1,1.0
122,14,140.000,211.000,5.000,8.000,1.0,1,1.0
123,14,140.000,211.000,6.000,8.000,1.0,1,1.0
124,14,141.000,210.000,5.000,8.000,1.0,1,1.0
125,14,141.000,208.000,5.000,8.000,1.0,1,1.0
126,14,141.000,207.000,5.000,8.000,1.0,1,1.0
127,14,141.000,206.000,5.000,8.000,1.0,1,1.0
128,14,142.000,204.000,5.000,8.000,1.0,1,1.0
129,14,142.000,201.000,5.000,8.000,1.0,1,1.0
130,14,143.000,199.000,6.000,8.000,1.0,1,1.0
131,14,144.000,197.000,6.000,8.000,1.0,1,1.0
132,14,145.000,195.000,6.000,8.000,1.0,1,1.0
133,14,146.000,193.000,6.000,7.000,1.0,1,1.0
134,14,148.000,190.000,6.000,8.000,1.0,1,1.0
135,14,150.000,189.000,7.000,6.000,1.0,1,1.0
136,14,152.000,187.000,7.000,6.000,1.0,1,1.0
137,14,153.000,186.000,8.000,6.000,1.0,1,1.0
138,14,154.000,185.000,8.000,6.000,1.0,1,1.0
139,14,155.000,184.000,8.000,6.000,1.0,1,1.0
140,14,155.000,184.000,8.000,6.000,1.0,1,1.0
141,14,155.000,184.000,8.000,6.000,1.0,1,1.0
142,14,156.000,183.000,8.000,6.000,1.0,1,1.0
143,14,158.000,181.000,8.000,6.000,1.0,1,1.0
144,14,161.000,179.000,8.000,6.000,1.0,1,1.0
145,14,164.000,176.000,8.000,7.000,1.0,1,1.0
146,14,167.000,174.000,7.000,6.000,1.0,1,1.0
147,14,169.000,171.000,8.000,6.000,1.0,1,1.0
148,14,171.000,170.000,8.000,6.000,1.0,1,1.0
149,14,174.000,167.000,8.000,7.000,1.0,1,1.0
150,14,177.000,165.000,8.000,6.000,1.0,1,1.0
151,14,180.000,162.000,8.000,7.000,1.0,1,1.0
152,14,183.000,160.000,7.000,7.000,1.0,1,1.0
153,14,184.000,158.000,8.000,7.000,1.0,1,1.0
154,14,187.000,156.000,8.000,6.000,1.0,1,1.0
155,14,190.000,153.000,7.000,6.000,1.0,1,1.0
156,14,193.000,150.000,7.000,7.000,1.0,1,1.0
157,14,195.000,148.000,7.000,6.000,1.0,1,1.0
158,14,197.000,145.000,7.000,7.000,1.0,1,1.0
159,14,198.000,143.000,7.000,7.000,1.0,1,1.0
160,14,200.000,142.000,7.000,6.000,1.0,1,1.0
161,14,201.000,140.000,7.000,7.000,1.0,1,1.0
162,14,202.000,139.000,7.000,6.000,1.0,1,1.0
163,14,203.000,136.000,7.000,7.000,1.0,1,1.0
164,14,205.000,133.000,6.000,8.000,1.0,1,1.0
165,14,206.000,129.000,6.000,9.000,1.0,1,1.0
166,14,206.000,126.000,6.000,9.000,1.0,1,1.0
167,14,207.000,122.000,5.000,9.000,1.0,1,1.0
168,14,208.000,118.000,5.000,9.000,1.0,1,1.0
169,14,208.000,113.000,5.000,9.000,1.0,1,1.0
170,14,208.000,109.000,5.000,9.000,1.0,1,1.0
171,14,208.000,105.000,6.000,9.000,1.0,1,1.0
172,14,208.000,100.000,6.000,9.000,1.0,1,1.0
173,14,209.000,98.000,5.000,8.000,1.0,1,1.0
174,14,209.000,95.000,5.000,9.000,1.0,1,1.0
175,14,209.000,94.000,5.000,9.000,1.0,1,1.0
176,14,209.000,94.000,5.000,9.000,1.0,1,1.0
177,14,209.000,94.000,5.000,9.000,1.0,1,1.0
178,14,209.000,94.000,5.000,9.000,1.0,1,1.0
179,14,209.000,92.000,5.000,9.000,1.0,1,1.0
180,14,209.000,89.000,5.000,9.000,1.0,1,1.0
181,14,209.000,84.000,5.000,9.000,1.0,1,1.0
182,14,209.000,81.000,5.000,8.000,1.0,1,1.0
183,14,209.000,77.000,5.000,9.000,1.0,1,1.0
184,14,209.000,73.000,5.000,9.000,1.0,1,1.0
185,14,209.000,70.000,5.000,8.000,1.0,1,1.0
186,14,210.000,66.000,4.000,9.000,1.0,1,1.0
187,14,209.000,63.000,5.000,9.000,1.0,1,1.0
188,14,209.000,59.000,5.000,9.000,1.0,1,1.0
189,14,209.000,56.000,5.000,8.000,1.0,1,1.0
190,14,209.000,52.000,5.000,8.000,1.0,1,1.0
191,14,210.000,48.000,5.000,9.000,1.0,1,1.0
192,14,210.000,46.000,4.000,8.000,1.0,1,1.0
193,14,210.000,43.000,4.000,8.000,1.0,1,1.0
194,14,210.000,41.000,5.000,8.000,1.0,1,1.0
195,14,210.000,40.000,4.000,9.000,1.0,1,1.0
196,14,210.000,40.000,4.000,9.000,1.0,1,1.0
197,14,210.000,40.000,4.000,9.000,1.0,1,1.0
198,14,210.000,40.000,4.000,9.000,1.0,1,1.0
199,14,210.000,38.000,4.000,8.000,1.0,1,1.0
200,14,210.000,35.000,5.000,8.000,1.0,1,1.0
1,9,29.000,359.000,6.000,10.000,1.0,1,1.0
2,9,30.000,357.000,6.000,9.000,1.0,1,1.0
3,9,30.000,353.000,6.000,9.000,1.0,1,1.0
4,9,32.000,350.000,5.000,9.000,1.0,1,1.0
5,9,32.000,346.000,6.000,9.000,1.0,1,1.0
6,9,33.000,343.000,5.000,10.000,1.0,1,1.0
7,9,33.000,339.000,6.000,10.000,1.0,1,1.0
8,9,35.000,336.000,5.000,10.000,1.0,1,1.0
9,9,35.000,333.000,6.000,9.000,1.0,1,1.0
10,9,37.000,329.000,6.000,10.000,1.0,1,1.0
11,9,38.000,326.000,6.000,10.000,1.0,1,1.0
12,9,39.000,323.000,6.000,10.000,1.0,1,1.0
13,9,40.000,320.000,7.000,9.000,1.0,1,1.0
14,9,42.000,316.000,7.000,9.000,1.0,1,1.0
15,9,45.000,311.000,6.000,9.000,1.0,1,1.0
16,9,47.000,307.000,7.000,9.000,1.0,1,1.0
17,9,50.000,304.000,6.000,8.000,1.0,1,1.0
18,9,53.000,300.000,6.000,9.000,1.0,1,1.0
19,9,55.000,297.000,7.000,7.000,1.0,1,1.0
20,9,58.000,293.000,7.000,8.000,1.0,1,1.0
21,9,61.000,290.000,7.000,8.000,1.0,1,1.0
22,9,63.000,288.000,7.000,7.000,1.0,1,1.0
23,9,65.000,285.000,6.000,8.000,1.0,1,1.0
24,9,66.000,282.000,7.000,8.000,1.0,1,1.0
25,9,69.000,278.000,6.000,9.000,1.0,1,1.0
26,9,70.000,275.000,6.000,9.000,1.0,1,1.0
27,9,72.000,271.000,6.000,9.000,1.0,1,1.0
28,9,73.000,266.000,6.000,9.000,1.0,1,1.0
29,9,74.000,263.000,6.000,8.000,1.0,1,1.0
30,9,75.000,259.000,6.000,8.000,1.0,1,1.0
31,9,77.000,255.000,5.000,9.000,1.0,1,1.0
32,9,78.000,251.000,5.000,9.000,1.0,1,1.0
33,9,78.000,247.000,5.000,9.000,1.0,1,1.0
34,9,79.000,244.000,5.000,8.000,1.0,1,1.0
35,9,80.000,240.000,5.000,9.000,1.0,1,1.0
36,9,81.000,236.000,5.000,8.000,1.0,1,1.0
37,9,81.000,232.000,5.000,8.000,1.0,1,1.0
38,9,81.000,228.000,5.000,8.000,1.0,1,1.0
39,9,81.000,223.000,5.000,9.000,1.0,1,1.0
40,9,82.000,220.000,4.000,8.000,1.0,1,1.0
41,9,82.000,218.000,4.000,8.000,1.0,1,1.0
42,9,82.000,215.000,4.000,9.000,1.0,1,1.0
43,9,82.000,211.000,4.000,9.000,1.0,1,1.0
44,9,82.000,207.000,4.000,8.000,1.0,1,1.0
45,9,81.000,202.000,5.000,8.000,1.0,1,1.0
46,9,81.000,197.000,5.000,9.000,1.0,1,1.0
47,9,81.000,192.000,5.000,9.000,1.0,1,1.0
48,9,81.000,189.000,5.000,8.000,1.0,1,1.0
49,9,81.000,185.000,5.000,8.000,1.0,1,1.0
50,9,81.000,182.000,4.000,8.000,1.0,1,1.0
51,9,81.000,179.000,4.000,8.000,1.0,1,1.0
52,9,80.000,175.000,5.000,9.000,1.0,1,1.0
53,9,80.000,171.000,5.000,9.000,1.0,1,1.0
57,9,78.000,154.000,5.000,9.000,1.0,1,1.0
58,9,78.000,152.000,5.000,9.000,1.0,1,1.0
59,9,79.000,150.000,4.000,9.000,1.0,1,1.0
60,9,79.000,147.000,5.000,9.000,1.0,1,1.0
61,9,80.000,146.000,4.000,8.000,1.0,1,1.0
62,9,80.000,143.000,5.000,9.000,1.0,1,1.0
63,9,81.000,140.000,4.000,8.000,1.0,1,1.0
64,9,81.000,135.000,4.000,9.000,1.0,1,1.0
65,9,81.000,132.000,5.000,9.000,1.0,1,1.0
66,9,81.000,131.000,5.000,9.000,1.0,1,1.0
67,9,81.000,130.000,5.000,9.000,1.0,1,1.0
68,9,81.000,130.000,5.000,9.000,1.0,1,1.0
69,9,81.000,130.000,5.000,9.000,1.0,1,1.0
70,9,81.000,130.000,5.000,9.000,1.0,1,1.0
71,9,81.000,130.000,4.000,9.000,1.0,1,1.0
72,9,81.000,130.000,5.000,9.000,1.0,1,1.0
73,9,81.000,130.000,5.000,9.000,1.0,1,1.0
74,9,81.000,130.000,5.000,9.000,1.0,1,1.0
75,9,81.000,130.000,5.000,9.000,1.0,1,1.0
76,9,81.000,130.000,5.000,9.000,1.0,1,1.0
77,9,81.000,130.000,5.000,9.000,1.0,1,1.0
78,9,82.000,130.000,4.000,8.000,1.0,1,1.0
79,9,82.000,128.000,4.000,9.000,1.0,1,1.0
80,9,81.000,126.000,5.000,9.000,1.0,1,1.0
81,9,82.000,125.000,4.000,8.000,1.0,1,1.0
82,9,82.000,123.000,4.000,9.000,1.0,1,1.0
83,9,82.000,121.000,4.000,9.000,1.0,1,1.0
84,9,81.000,118.000,4.000,9.000,1.0,1,1.0
85,9,81.000,114.000,5.000,9.000,1.0,1,1.0
86,9,82.000,110.000,4.000,9.000,1.0,1,1.0
87,9,82.000,106.000,4.000,9.000,1.0,1,1.0
88,9,82.000,103.000,4.000,8.000,1.0,1,1.0
89,9,81.000,99.000,5.000,8.000,1.0,1,1.0
90,9,82.000,94.000,4.000,9.000,1.0,1,1.0
91,9,81.000,92.000,5.000,8.000,1.0,1,1.0
92,9,81.000,91.000,5.000,9.000,1.0,1,1.0
93,9,81.000,91.000,5.000,9.000,1.0,1,1.0
94,9,82.000,91.000,4.000,8.000,1.0,1,1.0
95,9,81.000,91.000,5.000,8.000,1.0,1,1.0
96,9,81.000,90.000,5.000,8.000,1.0,1,1.0
97,9,81.000,88.000,5.000,8.000,1.0,1,1.0
98,9,81.000,86.000,5.000,8.000,1.0,1,1.0
99,9,82.000,84.000,4.000,8.000,1.0,1,1.0
100,9,81.000,81.000,5.000,8.000,1.0,1,1.0
101,9,81.000,77.000,5.000,9.000,1.0,1,1.0
102,9,81.000,75.000,5.000,9.000,1.0,1,1.0
103,9,81.000,72.000,5.000,9.000,1.0,1,1.0
104,9,81.000,69.000,5.000,8.000,1.0,1,1.0
105,9,81.000,65.000,5.000,9.000,1.0,1,1.0
106,9,81.000,63.000,5.000,8.000,1.0,1,1.0
107,9,81.000,59.000,5.000,9.000,1.0,1,1.0
108,9,82.000,56.000,4.000,9.000,1.0,1,1.0
109,9,82.000,55.000,4.000,8.000,1.0,1,1.0
110,9,82.000,53.000,4.000,8.000,1.0,1,1.0
111,9,82.000,51.000,4.000,8.000,1.0,1,1.0
112,9,82.000,48.000,4.000,9.000,1.0,1,1.0
113,9,82.000,46.000,4.000,9.000,1.0,1,1.0
114,9,82.000,44.000,4.000,9.000,1.0,1,1.0
115,9,82.000,43.000,4.000,9.000,1.0,1,1.0
116,9,82.000,42.000,5.000,9.000,1.0,1,1.0
117,9,82.000,41.000,5.000,9.000,1.0,1,1.0
118,9,82.000,39.000,5.000,9.000,1.0,1,1.0
119,9,82.000,39.000,5.000,9.000,1.0,1,1.0
120,9,82.000,39.000,5.000,9.000,1.0,1,1.0
121,9,82.000,39.000,5.000,9.000,1.0,1,1.0
122,9,82.000,39.000,5.000,9.000,1.0,1,1.0
123,9,82.000,39.000,5.000,9.000,1.0,1,1.0
124,9,82.000,39.000,5.000,9.000,1.0,1,1.0
125,9,82.000,39.000,5.000,9.000,1.0,1,1.0
126,9,82.000,39.000,5.000,9.000,1.0,1,1.0
127,9,82.000,39.000,5.000,9.000,1.0,1,1.0
128,9,82.000,39.000,5.000,9.000,1.0,1,1.0
129,9,82.000,39.000,5.000,9.000,1.0,1,1.0
130,9,82.000,39.000,5.000,8.000,1.0,1,1.0
131,9,82.000,39.000,5.000,8.000,1.0,1,1.0
132,9,82.000,39.000,5.000,8.000,1.0,1,1.0
133,9,82.000,38.000,5.000,8.000,1.0,1,1.0
134,9,82.000,37.000,5.000,9.000,1.0,1,1.0
135,9,82.000,36.000,5.000,9.000,1.0,1,1.0
136,9,82.000,36.000,5.000,8.000,1.0,1,1.0
137,9,82.000,36.000,5.000,7.000,1.0,1,1.0
138,9,82.000,30.000,6.000,11.000,1.0,1,1.0
139,9,82.000,31.000,6.000,9.000,1.0,1,1.0
140,9,82.000,31.000,5.000,8.000,1.0,1,1.0
141,9,82.000,31.000,5.000,8.000,1.0,1,1.0
142,9,82.000,31.000,5.000,8.000,1.0,1,1.0
172,9,64.000,27.000,6.000,6.000,1.0,1,1.0
