1,6,24.000,432.000,5.000,10.000,1.0,1,1.0
2,6,24.000,432.000,5.000,9.000,1.0,1,1.0
3,6,24.000,432.000,5.000,9.000,1.0,1,1.0
4,6,25.000,432.000,5.000,8.000,1.0,1,1.0
5,6,25.000,431.000,6.000,9.000,1.0,1,1.0
6,6,25.000,431.000,6.000,8.000,1.0,1,1.0
7,6,27.000,430.000,6.000,8.000,1.0,1,1.0
8,6,27.000,430.000,6.000,8.000,1.0,1,1.0
9,6,27.000,430.000,6.000,8.000,1.0,1,1.0
10,6,28.000,429.000,6.000,8.000,1.0,1,1.0
11,6,28.000,429.000,6.000,8.000,1.0,1,1.0
12,6,28.000,428.000,6.000,9.000,1.0,1,1.0
13,6,29.000,428.000,6.000,8.000,1.0,1,1.0
14,6,29.000,428.000,6.000,8.000,1.0,1,1.0
15,6,29.000,428.000,6.000,8.000,1.0,1,1.0
16,6,29.000,429.000,6.000,7.000,1.0,1,1.0
17,6,29.000,429.000,6.000,7.000,1.0,1,1.0
18,6,30.000,429.000,6.000,8.000,1.0,1,1.0
19,6,30.000,428.000,7.000,8.000,1.0,1,1.0
20,6,31.000,428.000,6.000,8.000,1.0,1,1.0
21,6,31.000,427.000,6.000,8.000,1.0,1,1.0
22,6,32.000,427.000,6.000,8.000,1.0,1,1.0
23,6,32.000,426.000,6.000,8.000,1.0,1,1.0
24,6,32.000,426.000,6.000,8.000,1.0,1,1.0
25,6,32.000,426.000,6.000,7.000,1.0,1,1.0
26,6,33.000,425.000,6.000,7.000,1.0,1,1.0
27,6,33.000,424.000,6.000,8.000,1.0,1,1.0
28,6,34.000,424.000,6.000,8.000,1.0,1,1.0
29,6,34.000,424.000,6.000,7.000,1.0,1,1.0
30,6,34.000,423.000,6.000,8.000,1.0,1,1.0
31,6,35.000,422.000,6.000,8.000,1.0,1,1.0
32,6,35.000,421.000,6.000,9.000,1.0,1,1.0
33,6,35.000,420.000,6.000,9.000,1.0,1,1.0
34,6,36.000,419.000,6.000,9.000,1.0,1,1.0
35,6,36.000,419.000,6.000,8.000,1.0,1,1.0
36,6,37.000,418.000,5.000,9.000,1.0,1,1.0
37,6,37.000,418.000,5.000,8.000,1.0,1,1.0
38,6,37.000,417.000,6.000,8.000,1.0,1,1.0
39,6,37.000,416.000,6.000,8.000,1.0,1,1.0
40,6,37.000,416.000,6.000,8.000,1.0,1,1.0
41,6,38.000,415.000,6.000,8.000,1.0,1,1.0
42,6,38.000,415.000,6.000,8.000,1.0,1,1.0
43,6,39.000,414.000,6.000,9.000,1.0,1,1.0
44,6,39.000,414.000,6.000,8.000,1.0,1,1.0
45,6,39.000,413.000,6.000,9.000,1.0,1,1.0
46,6,40.000,413.000,6.000,8.000,1.0,1,1.0
47,6,40.000,412.000,6.000,8.000,1.0,1,1.0
48,6,41.000,412.000,5.000,7.000,1.0,1,1.0
49,6,41.000,411.000,7.000,8.000,1.0,1,1.0
50,6,42.000,411.000,6.000,7.000,1.0,1,1.0
51,6,42.000,411.000,6.000,7.000,1.0,1,1.0
52,6,42.000,411.000,6.000,8.000,1.0,1,1.0
53,6,49.000,407.000,6.000,5.000,1.0,1,1.0
54,6,49.000,404.000,6.000,9.000,1.0,1,1.0
55,6,60.000,382.000,5.000,6.000,1.0,1,1.0
56,6,69.000,392.000,6.000,9.000,1.0,1,1.0
57,6,55.000,425.000,4.000,10.000,1.0,1,1.0
58,6,51.000,441.000,6.000,5.000,1.0,1,1.0
59,6,55.000,441.000,6.000,5.000,1.0,1,1.0
60,6,58.000,441.000,6.000,5.000,1.0,1,1.0
61,6,60.000,440.000,6.000,6.000,1.0,1,1.0
62,6,61.000,441.000,8.000,4.000,1.0,1,1.0
63,6,61.000,441.000,8.000,4.000,1.0,1,1.0
64,6,59.000,440.000,7.000,4.000,1.0,1,1.0
65,6,58.000,440.000,7.000,4.000,1.0,1,1.0
66,6,58.000,440.000,7.000,4.000,1.0,1,1.0
67,6,57.000,440.000,8.000,4.000,1.0,1,1.0
68,6,57.000,439.000,8.000,5.000,1.0,1,1.0
69,6,56.000,439.000,8.000,5.000,1.0,1,1.0
70,6,54.000,440.000,8.000,5.000,1.0,1,1.0
71,6,50.000,440.000,8.000,4.000,1.0,1,1.0
72,6,48.000,440.000,7.000,4.000,1.0,1,1.0
73,6,46.000,440.000,7.000,5.000,1.0,1,1.0
74,6,44.000,440.000,8.000,4.000,1.0,1,1.0
75,6,44.000,440.000,7.000,4.000,1.0,1,1.0
76,6,43.000,440.000,7.000,4.000,1.0,1,1.0
77,6,42.000,440.000,7.000,4.000,1.0,1,1.0
78,6,41.000,440.000,8.000,5.000,1.0,1,1.0
79,6,40.000,440.000,8.000,5.000,1.0,1,1.0
80,6,40.000,439.000,7.000,6.000,1.0,1,1.0
81,6,40.000,439.000,8.000,6.000,1.0,1,1.0
82,6,40.000,440.000,7.000,5.000,1.0,1,1.0
83,6,41.000,440.000,7.000,5.000,1.0,1,1.0
84,6,41.000,440.000,7.000,5.000,1.0,1,1.0
85,6,40.000,440.000,7.000,5.000,1.0,1,1.0
86,6,39.000,440.000,8.000,5.000,1.0,1,1.0
87,6,35.000,440.000,11.000,5.000,1.0,1,1.0
88,6,39.000,440.000,7.000,5.000,1.0,1,1.0
89,6,39.000,440.000,7.000,4.000,1.0,1,1.0
90,6,38.000,439.000,8.000,5.000,1.0,1,1.0
91,6,38.000,440.000,7.000,4.000,1.0,1,1.0
92,6,31.000,411.000,5.000,9.000,1.0,1,1.0
93,6,24.000,371.000,5.000,6.000,1.0,1,1.0
95,6,32.000,416.000,5.000,11.000,1.0,1,1.0
96,6,20.000,423.000,5.000,9.000,1.0,1,1.0
108,6,19.000,438.000,5.000,6.000,1.0,1,1.0
109,6,19.000,438.000,5.000,6.000,1.0,1,1.0
110,6,19.000,438.000,5.000,6.000,1.0,1,1.0
111,6,19.000,438.000,4.000,6.000,1.0,1,1.0
112,6,19.000,438.000,4.000,5.000,1.0,1,1.0
113,6,19.000,438.000,4.000,5.000,1.0,1,1.0
114,6,18.000,439.000,5.000,5.000,1.0,1,1.0
115,6,17.000,439.000,5.000,4.000,1.0,1,1.0
116,6,17.000,439.000,5.000,5.000,1.0,1,1.0
121,6,12.000,434.000,4.000,8.000,1.0,1,1.0
123,6,12.000,434.000,6.000,7.000,1.0,1,1.0
124,6,36.000,435.000,7.000,4.000,1.0,1,1.0
125,6,59.000,424.000,6.000,6.000,1.0,1,1.0
126,6,45.000,436.000,7.000,5.000,1.0,1,1.0
144,6,22.000,419.000,6.000,6.000,1.0,1,1.0
145,6,37.000,393.000,6.000,6.000,1.0,1,1.0
146,6,31.000,386.000,6.000,6.000,1.0,1,1.0
147,6,29.000,375.000,5.000,6.000,1.0,1,1.0
148,6,38.000,377.000,5.000,6.000,1.0,1,1.0
149,6,48.000,378.000,5.000,7.000,1.0,1,1.0
150,6,45.000,383.000,5.000,7.000,1.0,1,1.0
151,6,54.000,379.000,6.000,6.000,1.0,1,1.0
152,6,61.000,377.000,5.000,6.000,1.0,1,1.0
153,6,61.000,377.000,6.000,7.000,1.0,1,1.0
154,6,61.000,376.000,6.000,8.000,1.0,1,1.0
155,6,62.000,376.000,5.000,8.000,1.0,1,1.0
156,6,61.000,376.000,6.000,8.000,1.0,1,1.0
157,6,62.000,376.000,5.000,8.000,1.0,1,1.0
158,6,62.000,376.000,5.000,8.000,1.0,1,1.0
159,6,62.000,376.000,5.000,8.000,1.0,1,1.0
160,6,61.000,376.000,6.000,8.000,1.0,1,1.0
161,6,62.000,376.000,5.000,8.000,1.0,1,1.0
162,6,62.000,376.000,5.000,8.000,1.0,1,1.0
163,6,62.000,375.000,5.000,8.000,1.0,1,1.0
164,6,62.000,375.000,5.000,8.000,1.0,1,1.0
165,6,61.000,374.000,6.000,9.000,1.0,1,1.0
166,6,61.000,373.000,5.000,9.000,1.0,1,1.0
167,6,61.000,374.000,5.000,8.000,1.0,1,1.0
168,6,61.000,374.000,5.000,8.000,1.0,1,1.0
169,6,61.000,373.000,5.000,9.000,1.0,1,1.0
170,6,60.000,373.000,6.000,8.000,1.0,1,1.0
171,6,60.000,372.000,5.000,9.000,1.0,1,1.0
172,6,59.000,372.000,6.000,8.000,1.0,1,1.0
173,6,58.000,370.000,6.000,9.000,1.0,1,1.0
174,6,58.000,370.000,6.000,8.000,1.0,1,1.0
175,6,57.000,369.000,6.000,8.000,1.0,1,1.0
176,6,56.000,368.000,6.000,8.000,1.0,1,1.0
177,6,55.000,367.000,6.000,7.000,1.0,1,1.0
178,6,54.000,365.000,5.000,7.000,1.0,1,1.0
179,6,53.000,363.000,5.000,8.000,1.0,1,1.0
180,6,52.000,362.000,5.000,7.000,1.0,1,1.0
181,6,51.000,360.000,5.000,8.000,1.0,1,1.0
182,6,50.000,359.000,5.000,7.000,1.0,1,1.0
183,6,49.000,356.000,5.000,8.000,1.0,1,1.0
184,6,48.000,355.000,5.000,7.000,1.0,1,1.0
185,6,47.000,353.000,5.000,8.000,1.0,1,1.0
186,6,46.000,351.000,5.000,8.000,1.0,1,1.0
187,6,45.000,350.000,6.000,8.000,1.0,1,1.0
188,6,45.000,349.000,5.000,8.000,1.0,1,1.0
189,6,44.000,347.000,6.000,8.000,1.0,1,1.0
190,6,44.000,346.000,5.000,8.000,1.0,1,1.0
191,6,43.000,344.000,5.000,9.000,1.0,1,1.0
192,6,43.000,342.000,5.000,9.000,1.0,1,1.0
193,6,42.000,341.000,5.000,8.000,1.0,1,1.0
194,6,41.000,339.000,5.000,8.000,1.0,1,1.0
195,6,41.000,337.000,5.000,8.000,1.0,1,1.0
196,6,39.000,336.000,6.000,8.000,1.0,1,1.0
197,6,38.000,335.000,6.000,7.000,1.0,1,1.0
198,6,36.000,333.000,7.000,7.000,1.0,1,1.0
199,6,35.000,332.000,7.000,8.000,1.0,1,1.0
200,6,33.000,331.000,7.000,7.000,1.0,1,1.0
201,6,32.000,329.000,7.000,7.000,1.0,1,1.0
202,6,30.000,327.000,7.000,7.000,1.0,1,1.0
203,6,29.000,326.000,6.000,7.000,1.0,1,1.0
204,6,28.000,324.000,6.000,7.000,1.0,1,1.0
205,6,26.000,323.000,6.000,7.000,1.0,1,1.0
206,6,25.000,321.000,7.000,8.000,1.0,1,1.0
207,6,25.000,320.000,5.000,7.000,1.0,1,1.0
208,6,23.000,318.000,6.000,8.000,1.0,1,1.0
209,6,22.000,316.000,6.000,8.000,1.0,1,1.0
210,6,21.000,314.000,6.000,8.000,1.0,1,1.0
211,6,20.000,312.000,6.000,8.000,1.0,1,1.0
212,6,19.000,310.000,6.000,8.000,1.0,1,1.0
213,6,18.000,309.000,5.000,7.000,1.0,1,1.0
214,6,17.000,308.000,6.000,7.000,1.0,1,1.0
215,6,15.000,306.000,6.000,7.000,1.0,1,1.0
216,6,14.000,304.000,6.000,7.000,1.0,1,1.0
217,6,13.000,303.000,6.000,7.000,1.0,1,1.0
218,6,12.000,301.000,6.000,7.000,1.0,1,1.0
219,6,11.000,300.000,5.000,7.000,1.0,1,1.0
220,6,11.000,299.000,4.000,7.000,1.0,1,1.0
252,6,12.000,244.000,3.000,8.000,1.0,1,1.0
253,6,12.000,243.000,4.000,8.000,1.0,1,1.0
254,6,12.000,241.000,4.000,9.000,1.0,1,1.0
255,6,12.000,240.000,5.000,8.000,1.0,1,1.0
256,6,12.000,238.000,5.000,8.000,1.0,1,1.0
257,6,13.000,237.000,5.000,9.000,1.0,1,1.0
258,6,13.000,236.000,5.000,9.000,1.0,1,1.0
259,6,13.000,235.000,6.000,9.000,1.0,1,1.0
260,6,14.000,233.000,5.000,9.000,1.0,1,1.0
261,6,15.000,231.000,5.000,9.000,1.0,1,1.0
262,6,15.000,229.000,5.000,9.000,1.0,1,1.0
263,6,16.000,227.000,4.000,9.000,1.0,1,1.0
264,6,16.000,225.000,5.000,9.000,1.0,1,1.0
265,6,16.000,223.000,5.000,9.000,1.0,1,1.0
266,6,17.000,221.000,4.000,10.000,1.0,1,1.0
267,6,17.000,219.000,5.000,10.000,1.0,1,1.0
268,6,18.000,217.000,4.000,9.000,1.0,1,1.0
269,6,18.000,214.000,5.000,10.000,1.0,1,1.0
270,6,18.000,212.000,5.000,9.000,1.0,1,1.0
271,6,18.000,209.000,5.000,8.000,1.0,1,1.0
272,6,18.000,206.000,4.000,9.000,1.0,1,1.0
273,6,18.000,204.000,4.000,8.000,1.0,1,1.0
274,6,17.000,201.000,5.000,9.000,1.0,1,1.0
275,6,17.000,199.000,4.000,8.000,1.0,1,1.0
276,6,16.000,196.000,5.000,9.000,1.0,1,1.0
277,6,15.000,194.000,5.000,9.000,1.0,1,1.0
278,6,14.000,193.000,5.000,8.000,1.0,1,1.0
279,6,13.000,191.000,5.000,8.000,1.0,1,1.0
280,6,12.000,189.000,5.000,8.000,1.0,1,1.0
281,6,12.000,187.000,5.000,8.000,1.0,1,1.0
282,6,12.000,185.000,4.000,9.000,1.0,1,1.0
283,6,12.000,185.000,4.000,7.000,1.0,1,1.0
284,6,12.000,183.000,4.000,8.000,1.0,1,1.0
285,6,12.000,183.000,4.000,7.000,1.0,1,1.0
286,6,12.000,182.000,4.000,8.000,1.0,1,1.0
287,6,12.000,181.000,4.000,8.000,1.0,1,1.0
288,6,12.000,180.000,3.000,7.000,1.0,1,1.0
289,6,12.000,180.000,3.000,7.000,1.0,1,1.0
290,6,12.000,180.000,3.000,7.000,1.0,1,1.0
291,6,12.000,180.000,3.000,7.000,1.0,1,1.0
292,6,12.000,180.000,4.000,7.000,1.0,1,1.0
293,6,12.000,180.000,4.000,7.000,1.0,1,1.0
294,6,12.000,180.000,3.000,7.000,1.0,1,1.0
295,6,12.000,180.000,3.000,7.000,1.0,1,1.0
296,6,12.000,179.000,3.000,8.000,1.0,1,1.0
297,6,12.000,179.000,3.000,8.000,1.0,1,1.0
298,6,12.000,179.000,3.000,8.000,1.0,1,1.0
299,6,12.000,179.000,3.000,7.000,1.0,1,1.0
300,6,12.000,178.000,3.000,8.000,1.0,1,1.0
301,6,12.000,178.000,3.000,8.000,1.0,1,1.0
302,6,12.000,179.000,3.000,7.000,1.0,1,1.0
303,6,12.000,178.000,7.000,6.000,1.0,1,1.0
304,6,23.000,153.000,5.000,8.000,1.0,1,1.0
305,6,11.000,134.000,6.000,7.000,1.0,1,1.0
306,6,12.000,135.000,4.000,8.000,1.0,1,1.0
307,6,12.000,133.000,4.000,9.000,1.0,1,1.0
308,6,12.000,132.000,4.000,9.000,1.0,1,1.0
309,6,12.000,130.000,4.000,9.000,1.0,1,1.0
310,6,12.000,129.000,4.000,9.000,1.0,1,1.0
311,6,12.000,128.000,5.000,9.000,1.0,1,1.0
312,6,12.000,127.000,5.000,9.000,1.0,1,1.0
313,6,12.000,124.000,5.000,10.000,1.0,1,1.0
314,6,13.000,122.000,4.000,10.000,1.0,1,1.0
315,6,12.000,119.000,4.000,10.000,1.0,1,1.0
316,6,12.000,117.000,4.000,10.000,1.0,1,1.0
317,6,12.000,115.000,4.000,10.000,1.0,1,1.0
329,6,41.000,67.000,6.000,6.000,1.0,1,1.0
1,42,552.000,410.000,6.000,6.000,1.0,1,1.0
2,42,554.000,419.000,7.000,3.000,1.0,1,1.0
3,42,548.000,431.000,6.000,6.000,1.0,1,1.0
7,42,547.000,441.000,5.000,5.000,1.0,1,1.0
8,42,547.000,442.000,5.000,4.000,1.0,1,1.0
9,42,548.000,442.000,5.000,4.000,1.0,1,1.0
10,42,549.000,442.000,5.000,4.000,1.0,1,1.0
11,42,549.000,442.000,5.000,4.000,1.0,1,1.0
12,42,549.000,442.000,5.000,4.000,1.0,1,1.0
13,42,550.000,441.000,5.000,5.000,1.0,1,1.0
14,42,550.000,441.000,5.000,5.000,1.0,1,1.0
15,42,551.000,441.000,5.000,4.000,1.0,1,1.0
16,42,551.000,441.000,5.000,4.000,1.0,1,1.0
17,42,551.000,441.000,5.000,4.000,1.0,1,1.0
18,42,551.000,441.000,5.000,4.000,1.0,1,1.0
19,42,552.000,440.000,4.000,5.000,1.0,1,1.0
20,42,551.000,441.000,5.000,4.000,1.0,1,1.0
21,42,551.000,441.000,6.000,4.000,1.0,1,1.0
22,42,552.000,441.000,5.000,4.000,1.0,1,1.0
23,42,552.000,440.000,5.000,5.000,1.0,1,1.0
24,42,552.000,441.000,5.000,4.000,1.0,1,1.0
25,42,552.000,441.000,5.000,4.000,1.0,1,1.0
26,42,552.000,441.000,5.000,4.000,1.0,1,1.0
27,42,552.000,441.000,5.000,4.000,1.0,1,1.0
28,42,553.000,441.000,5.000,4.000,1.0,1,1.0
29,42,553.000,441.000,6.000,4.000,1.0,1,1.0
30,42,553.000,441.000,6.000,4.000,1.0,1,1.0
31,42,554.000,441.000,6.000,5.000,1.0,1,1.0
32,42,555.000,441.000,6.000,5.000,1.0,1,1.0
33,42,556.000,442.000,6.000,4.000,1.0,1,1.0
34,42,556.000,442.000,6.000,4.000,1.0,1,1.0
35,42,556.000,442.000,7.000,4.000,1.0,1,1.0
36,42,556.000,442.000,6.000,4.000,1.0,1,1.0
37,42,556.000,442.000,7.000,4.000,1.0,1,1.0
38,42,556.000,442.000,7.000,4.000,1.0,1,1.0
39,42,556.000,442.000,7.000,4.000,1.0,1,1.0
40,42,556.000,442.000,7.000,4.000,1.0,1,1.0
41,42,556.000,442.000,7.000,4.000,1.0,1,1.0
42,42,556.000,442.000,7.000,4.000,1.0,1,1.0
43,42,556.000,442.000,7.000,4.000,1.0,1,1.0
44,42,556.000,442.000,7.000,4.000,1.0,1,1.0
45,42,556.000,442.000,7.000,4.000,1.0,1,1.0
46,42,556.000,442.000,7.000,4.000,1.0,1,1.0
47,42,557.000,442.000,6.000,4.000,1.0,1,1.0
48,42,557.000,442.000,5.000,4.000,1.0,1,1.0
49,42,557.000,442.000,5.000,4.000,1.0,1,1.0
50,42,557.000,442.000,5.000,4.000,1.0,1,1.0
51,42,557.000,442.000,5.000,5.000,1.0,1,1.0
52,42,557.000,442.000,5.000,4.000,1.0,1,1.0
53,42,557.000,442.000,5.000,4.000,1.0,1,1.0
54,42,556.000,442.000,5.000,4.000,1.0,1,1.0
55,42,555.000,442.000,5.000,5.000,1.0,1,1.0
56,42,555.000,442.000,5.000,5.000,1.0,1,1.0
57,42,555.000,442.000,5.000,5.000,1.0,1,1.0
58,42,555.000,442.000,5.000,5.000,1.0,1,1.0
59,42,555.000,442.000,5.000,5.000,1.0,1,1.0
60,42,555.000,442.000,5.000,5.000,1.0,1,1.0
61,42,555.000,442.000,5.000,5.000,1.0,1,1.0
62,42,555.000,442.000,5.000,5.000,1.0,1,1.0
63,42,555.000,442.000,5.000,5.000,1.0,1,1.0
64,42,555.000,442.000,5.000,5.000,1.0,1,1.0
65,42,555.000,442.000,5.000,5.000,1.0,1,1.0
66,42,555.000,442.000,5.000,5.000,1.0,1,1.0
67,42,555.000,442.000,5.000,5.000,1.0,1,1.0
68,42,555.000,442.000,5.000,5.000,1.0,1,1.0
69,42,555.000,442.000,5.000,5.000,1.0,1,1.0
70,42,555.000,443.000,5.000,4.000,1.0,1,1.0
71,42,555.000,443.000,6.000,4.000,1.0,1,1.0
72,42,555.000,443.000,5.000,4.000,1.0,1,1.0
73,42,555.000,443.000,5.000,4.000,1.0,1,1.0
74,42,555.000,443.000,6.000,4.000,1.0,1,1.0
75,42,555.000,443.000,5.000,4.000,1.0,1,1.0
76,42,555.000,443.000,5.000,4.000,1.0,1,1.0
77,42,555.000,443.000,5.000,4.000,1.0,1,1.0
78,42,555.000,443.000,5.000,4.000,1.0,1,1.0
79,42,555.000,442.000,5.000,5.000,1.0,1,1.0
80,42,555.000,442.000,5.000,5.000,1.0,1,1.0
81,42,555.000,442.000,5.000,5.000,1.0,1,1.0
82,42,555.000,443.000,5.000,4.000,1.0,1,1.0
83,42,555.000,443.000,5.000,4.000,1.0,1,1.0
84,42,555.000,443.000,5.000,4.000,1.0,1,1.0
85,42,555.000,443.000,5.000,4.000,1.0,1,1.0
86,42,555.000,443.000,5.000,4.000,1.0,1,1.0
87,42,555.000,443.000,5.000,4.000,1.0,1,1.0
88,42,555.000,443.000,5.000,4.000,1.0,1,1.0
89,42,555.000,443.000,5.000,4.000,1.0,1,1.0
90,42,555.000,443.000,5.000,4.000,1.0,1,1.0
91,42,555.000,443.000,5.000,4.000,1.0,1,1.0
92,42,555.000,443.000,5.000,4.000,1.0,1,1.0
93,42,555.000,443.000,5.000,4.000,1.0,1,1.0
94,42,555.000,443.000,5.000,4.000,1.0,1,1.0
95,42,555.000,443.000,5.000,4.000,1.0,1,1.0
96,42,555.000,443.000,5.000,4.000,1.0,1,1.0
97,42,555.000,443.000,5.000,4.000,1.0,1,1.0
98,42,555.000,443.000,5.000,4.000,1.0,1,1.0
99,42,555.000,443.000,5.000,4.000,1.0,1,1.0
100,42,555.000,443.000,5.000,4.000,1.0,1,1.0
101,42,555.000,443.000,5.000,4.000,1.0,1,1.0
102,42,555.000,443.000,5.000,4.000,1.0,1,1.0
103,42,555.000,443.000,5.000,4.000,1.0,1,1.0
104,42,555.000,443.000,6.000,4.000,1.0,1,1.0
105,42,555.000,443.000,5.000,4.000,1.0,1,1.0
106,42,555.000,443.000,6.000,4.000,1.0,1,1.0
107,42,555.000,443.000,5.000,4.000,1.0,1,1.0
108,42,555.000,443.000,5.000,4.000,1.0,1,1.0
109,42,555.000,443.000,6.000,4.000,1.0,1,1.0
110,42,555.000,443.000,6.000,4.000,1.0,1,1.0
111,42,555.000,443.000,5.000,4.000,1.0,1,1.0
112,42,555.000,443.000,5.000,4.000,1.0,1,1.0
113,42,555.000,443.000,5.000,4.000,1.0,1,1.0
114,42,555.000,443.000,5.000,5.000,1.0,1,1.0
115,42,555.000,443.000,5.000,5.000,1.0,1,1.0
116,42,555.000,443.000,5.000,4.000,1.0,1,1.0
117,42,555.000,443.000,5.000,4.000,1.0,1,1.0
118,42,555.000,443.000,5.000,4.000,1.0,1,1.0
119,42,555.000,443.000,5.000,4.000,1.0,1,1.0
120,42,555.000,443.000,5.000,5.000,1.0,1,1.0
121,42,555.000,443.000,5.000,4.000,1.0,1,1.0
122,42,555.000,443.000,5.000,4.000,1.0,1,1.0
123,42,555.000,443.000,5.000,4.000,1.0,1,1.0
124,42,555.000,443.000,5.000,4.000,1.0,1,1.0
125,42,555.000,443.000,5.000,4.000,1.0,1,1.0
126,42,555.000,443.000,5.000,4.000,1.0,1,1.0
127,42,555.000,443.000,5.000,4.000,1.0,1,1.0
128,42,555.000,443.000,5.000,4.000,1.0,1,1.0
129,42,555.000,443.000,5.000,4.000,1.0,1,1.0
130,42,555.000,443.000,5.000,4.000,1.0,1,1.0
131,42,555.000,443.000,5.000,4.000,1.0,1,1.0
132,42,555.000,443.000,5.000,4.000,1.0,1,1.0
133,42,555.000,443.000,5.000,4.000,1.0,1,1.0
134,42,555.000,443.000,5.000,4.000,1.0,1,1.0
135,42,555.000,443.000,5.000,4.000,1.0,1,1.0
136,42,555.000,443.000,5.000,4.000,1.0,1,1.0
137,42,555.000,443.000,5.000,4.000,1.0,1,1.0
138,42,555.000,443.000,5.000,4.000,1.0,1,1.0
139,42,555.000,443.000,6.000,4.000,1.0,1,1.0
140,42,555.000,443.000,6.000,4.000,1.0,1,1.0
141,42,555.000,443.000,6.000,4.000,1.0,1,1.0
142,42,555.000,443.000,5.000,4.000,1.0,1,1.0
143,42,555.000,443.000,5.000,4.000,1.0,1,1.0
144,42,555.000,443.000,6.000,4.000,1.0,1,1.0
145,42,555.000,443.000,6.000,4.000,1.0,1,1.0
146,42,555.000,443.000,6.000,4.000,1.0,1,1.0
147,42,555.000,443.000,6.000,4.000,1.0,1,1.0
148,42,555.000,443.000,6.000,4.000,1.0,1,1.0
149,42,555.000,443.000,5.000,4.000,1.0,1,1.0
150,42,555.000,443.000,5.000,4.000,1.0,1,1.0
151,42,555.000,443.000,5.000,4.000,1.0,1,1.0
152,42,555.000,442.000,6.000,5.000,1.0,1,1.0
153,42,555.000,443.000,6.000,4.000,1.0,1,1.0
154,42,555.000,443.000,6.000,4.000,1.0,1,1.0
155,42,555.000,443.000,6.000,4.000,1.0,1,1.0
156,42,555.000,443.000,6.000,4.000,1.0,1,1.0
157,42,555.000,443.000,6.000,4.000,1.0,1,1.0
158,42,555.000,443.000,6.000,4.000,1.0,1,1.0
159,42,555.000,443.000,6.000,4.000,1.0,1,1.0
160,42,555.000,443.000,5.000,4.000,1.0,1,1.0
161,42,555.000,443.000,5.000,4.000,1.0,1,1.0
162,42,555.000,443.000,5.000,4.000,1.0,1,1.0
163,42,555.000,443.000,6.000,4.000,1.0,1,1.0
164,42,555.000,443.000,6.000,4.000,1.0,1,1.0
165,42,555.000,443.000,6.000,4.000,1.0,1,1.0
166,42,555.000,443.000,6.000,4.000,1.0,1,1.0
167,42,556.000,443.000,5.000,4.000,1.0,1,1.0
168,42,556.000,443.000,5.000,4.000,1.0,1,1.0
169,42,556.000,443.000,5.000,4.000,1.0,1,1.0
170,42,555.000,443.000,6.000,4.000,1.0,1,1.0
171,42,555.000,443.000,6.000,4.000,1.0,1,1.0
172,42,555.000,443.000,6.000,4.000,1.0,1,1.0
173,42,555.000,443.000,6.000,4.000,1.0,1,1.0
174,42,555.000,443.000,6.000,4.000,1.0,1,1.0
175,42,555.000,443.000,6.000,4.000,1.0,1,1.0
176,42,556.000,443.000,5.000,4.000,1.0,1,1.0
177,42,556.000,443.000,5.000,4.000,1.0,1,1.0
178,42,556.000,443.000,4.000,4.000,1.0,1,1.0
179,42,556.000,443.000,4.000,4.000,1.0,1,1.0
180,42,555.000,443.000,5.000,4.000,1.0,1,1.0
181,42,555.000,443.000,6.000,4.000,1.0,1,1.0
182,42,556.000,443.000,4.000,4.000,1.0,1,1.0
183,42,556.000,443.000,5.000,4.000,1.0,1,1.0
184,42,556.000,443.000,5.000,4.000,1.0,1,1.0
185,42,555.000,443.000,5.000,4.000,1.0,1,1.0
186,42,555.000,442.000,5.000,5.000,1.0,1,1.0
187,42,554.000,441.000,7.000,6.000,1.0,1,1.0
188,42,554.000,440.000,7.000,7.000,1.0,1,1.0
189,42,554.000,440.000,7.000,6.000,1.0,1,1.0
190,42,554.000,439.000,6.000,7.000,1.0,1,1.0
191,42,555.000,438.000,6.000,7.000,1.0,1,1.0
192,42,556.000,438.000,5.000,8.000,1.0,1,1.0
193,42,556.000,436.000,7.000,9.000,1.0,1,1.0
194,42,557.000,435.000,6.000,9.000,1.0,1,1.0
195,42,558.000,435.000,4.000,8.000,1.0,1,1.0
196,42,558.000,434.000,4.000,9.000,1.0,1,1.0
197,42,558.000,434.000,4.000,8.000,1.0,1,1.0
198,42,558.000,433.000,4.000,9.000,1.0,1,1.0
199,42,558.000,432.000,4.000,10.000,1.0,1,1.0
200,42,558.000,432.000,4.000,10.000,1.0,1,1.0
201,42,558.000,432.000,4.000,9.000,1.0,1,1.0
202,42,558.000,432.000,4.000,9.000,1.0,1,1.0
203,42,558.000,432.000,4.000,9.000,1.0,1,1.0
204,42,558.000,432.000,4.000,9.000,1.0,1,1.0
205,42,558.000,432.000,4.000,9.000,1.0,1,1.0
206,42,558.000,432.000,4.000,9.000,1.0,1,1.0
207,42,558.000,432.000,4.000,9.000,1.0,1,1.0
208,42,557.000,432.000,5.000,9.000,1.0,1,1.0
209,42,557.000,432.000,5.000,9.000,1.0,1,1.0
210,42,557.000,433.000,5.000,8.000,1.0,1,1.0
211,42,557.000,433.000,5.000,9.000,1.0,1,1.0
212,42,557.000,433.000,5.000,9.000,1.0,1,1.0
213,42,557.000,433.000,5.000,8.000,1.0,1,1.0
214,42,557.000,433.000,5.000,9.000,1.0,1,1.0
215,42,557.000,433.000,5.000,8.000,1.0,1,1.0
216,42,557.000,433.000,5.000,9.000,1.0,1,1.0
217,42,557.000,433.000,5.000,9.000,1.0,1,1.0
218,42,557.000,433.000,5.000,9.000,1.0,1,1.0
219,42,557.000,433.000,5.000,9.000,1.0,1,1.0
220,42,557.000,433.000,5.000,9.000,1.0,1,1.0
221,42,557.000,433.000,5.000,9.000,1.0,1,1.0
222,42,557.000,433.000,5.000,9.000,1.0,1,1.0
223,42,557.000,433.000,5.000,9.000,1.0,1,1.0
224,42,557.000,433.000,5.000,9.000,1.0,1,1.0
225,42,557.000,433.000,5.000,9.000,1.0,1,1.0
226,42,557.000,433.000,5.000,9.000,1.0,1,1.0
227,42,557.000,433.000,5.000,9.000,1.0,1,1.0
228,42,557.000,433.000,5.000,9.000,1.0,1,1.0
229,42,557.000,434.000,5.000,9.000,1.0,1,1.0
230,42,558.000,433.000,4.000,9.000,1.0,1,1.0
231,42,558.000,433.000,5.000,8.000,1.0,1,1.0
232,42,558.000,432.000,4.000,9.000,1.0,1,1.0
233,42,558.000,432.000,4.000,9.000,1.0,1,1.0
234,42,558.000,432.000,4.000,8.000,1.0,1,1.0
235,42,558.000,432.000,5.000,8.000,1.0,1,1.0
236,42,558.000,431.000,5.000,9.000,1.0,1,1.0
237,42,558.000,431.000,5.000,9.000,1.0,1,1.0
238,42,558.000,430.000,5.000,10.000,1.0,1,1.0
239,42,558.000,431.000,4.000,9.000,1.0,1,1.0
240,42,558.000,431.000,4.000,9.000,1.0,1,1.0
241,42,558.000,430.000,4.000,9.000,1.0,1,1.0
242,42,558.000,430.000,4.000,9.000,1.0,1,1.0
243,42,558.000,430.000,4.000,9.000,1.0,1,1.0
244,42,557.000,430.000,5.000,9.000,1.0,1,1.0
245,42,557.000,430.000,5.000,9.000,1.0,1,1.0
246,42,557.000,430.000,5.000,9.000,1.0,1,1.0
247,42,557.000,430.000,5.000,9.000,1.0,1,1.0
248,42,557.000,430.000,5.000,9.000,1.0,1,1.0
249,42,557.000,430.000,5.000,9.000,1.0,1,1.0
250,42,557.000,430.000,5.000,9.000,1.0,1,1.0
251,42,557.000,430.000,5.000,9.000,1.0,1,1.0
252,42,557.000,430.000,5.000,9.000,1.0,1,1.0
253,42,557.000,430.000,5.000,9.000,1.0,1,1.0
254,42,557.000,431.000,5.000,8.000,1.0,1,1.0
255,42,557.000,431.000,5.000,8.000,1.0,1,1.0
256,42,557.000,431.000,5.000,8.000,1.0,1,1.0
257,42,557.000,430.000,5.000,9.000,1.0,1,1.0
258,42,557.000,431.000,5.000,8.000,1.0,1,1.0
259,42,557.000,431.000,5.000,8.000,1.0,1,1.0
260,42,557.000,431.000,5.000,8.000,1.0,1,1.0
261,42,557.000,431.000,5.000,8.000,1.0,1,1.0
262,42,557.000,431.000,5.000,8.000,1.0,1,1.0
263,42,557.000,431.000,5.000,8.000,1.0,1,1.0
264,42,557.000,431.000,5.000,9.000,1.0,1,1.0
265,42,557.000,431.000,5.000,8.000,1.0,1,1.0
266,42,557.000,431.000,5.000,8.000,1.0,1,1.0
267,42,557.000,431.000,5.000,8.000,1.0,1,1.0
268,42,557.000,431.000,5.000,8.000,1.0,1,1.0
269,42,557.000,431.000,5.000,8.000,1.0,1,1.0
270,42,557.000,431.000,5.000,8.000,1.0,1,1.0
271,42,557.000,431.000,5.000,8.000,1.0,1,1.0
272,42,557.000,431.000,5.000,8.000,1.0,1,1.0
273,42,557.000,431.000,5.000,8.000,1.0,1,1.0
274,42,557.000,431.000,5.000,8.000,1.0,1,1.0
275,42,557.000,431.000,5.000,8.000,1.0,1,1.0
276,42,557.000,431.000,5.000,8.000,1.0,1,1.0
277,42,557.000,431.000,5.000,8.000,1.0,1,1.0
278,42,557.000,431.000,5.000,8.000,1.0,1,1.0
279,42,557.000,431.000,5.000,8.000,1.0,1,1.0
280,42,557.000,431.000,5.000,8.000,1.0,1,1.0
281,42,557.000,431.000,5.000,8.000,1.0,1,1.0
282,42,557.000,431.000,5.000,8.000,1.0,1,1.0
283,42,557.000,431.000,5.000,8.000,1.0,1,1.0
284,42,557.000,431.000,5.000,8.000,1.0,1,1.0
285,42,557.000,431.000,5.000,8.000,1.0,1,1.0
286,42,557.000,431.000,5.000,9.000,1.0,1,1.0
287,42,557.000,431.000,5.000,9.000,1.0,1,1.0
288,42,557.000,431.000,5.000,9.000,1.0,1,1.0
289,42,557.000,431.000,5.000,9.000,1.0,1,1.0
290,42,557.000,431.000,5.000,9.000,1.0,1,1.0
291,42,557.000,431.000,5.000,9.000,1.0,1,1.0
292,42,557.000,431.000,5.000,9.000,1.0,1,1.0
293,42,557.000,431.000,5.000,8.000,1.0,1,1.0
294,42,557.000,431.000,5.000,8.000,1.0,1,1.0
295,42,557.000,431.000,5.000,8.000,1.0,1,1.0
296,42,557.000,431.000,5.000,8.000,1.0,1,1.0
297,42,557.000,431.000,5.000,8.000,1.0,1,1.0
298,42,557.000,431.000,5.000,9.000,1.0,1,1.0
299,42,557.000,431.000,5.000,8.000,1.0,1,1.0
300,42,557.000,431.000,5.000,8.000,1.0,1,1.0
301,42,557.000,431.000,5.000,9.000,1.0,1,1.0
302,42,557.000,431.000,5.000,9.000,1.0,1,1.0
303,42,557.000,431.000,5.000,9.000,1.0,1,1.0
304,42,557.000,431.000,5.000,9.000,1.0,1,1.0
305,42,557.000,431.000,5.000,9.000,1.0,1,1.0
306,42,557.000,431.000,5.000,9.000,1.0,1,1.0
307,42,557.000,431.000,5.000,9.000,1.0,1,1.0
308,42,557.000,431.000,5.000,9.000,1.0,1,1.0
309,42,557.000,431.000,5.000,9.000,1.0,1,1.0
310,42,557.000,431.000,5.000,9.000,1.0,1,1.0
311,42,557.000,431.000,5.000,9.000,1.0,1,1.0
312,42,557.000,431.000,5.000,9.000,1.0,1,1.0
313,42,557.000,431.000,5.000,9.000,1.0,1,1.0
314,42,557.000,431.000,5.000,9.000,1.0,1,1.0
315,42,557.000,431.000,5.000,9.000,1.0,1,1.0
316,42,557.000,431.000,5.000,9.000,1.0,1,1.0
317,42,557.000,431.000,5.000,9.000,1.0,1,1.0
318,42,557.000,431.000,5.000,9.000,1.0,1,1.0
319,42,557.000,431.000,5.000,9.000,1.0,1,1.0
320,42,557.000,431.000,5.000,9.000,1.0,1,1.0
321,42,557.000,431.000,5.000,9.000,1.0,1,1.0
322,42,557.000,431.000,5.000,9.000,1.0,1,1.0
323,42,557.000,431.000,5.000,9.000,1.0,1,1.0
324,42,557.000,431.000,4.000,9.000,1.0,1,1.0
325,42,557.000,431.000,5.000,9.000,1.0,1,1.0
326,42,557.000,431.000,5.000,9.000,1.0,1,1.0
327,42,557.000,432.000,4.000,9.000,1.0,1,1.0
328,42,557.000,433.000,5.000,9.000,1.0,1,1.0
329,42,557.000,433.000,5.000,8.000,1.0,1,1.0
330,42,557.000,432.000,5.000,9.000,1.0,1,1.0
331,42,557.000,432.000,5.000,8.000,1.0,1,1.0
332,42,557.000,431.000,5.000,9.000,1.0,1,1.0
333,42,557.000,431.000,5.000,9.000,1.0,1,1.0
334,42,557.000,431.000,5.000,8.000,1.0,1,1.0
335,42,557.000,431.000,5.000,8.000,1.0,1,1.0
336,42,557.000,431.000,5.000,8.000,1.0,1,1.0
337,42,557.000,430.000,5.000,9.000,1.0,1,1.0
338,42,557.000,430.000,5.000,9.000,1.0,1,1.0
339,42,557.000,429.000,5.000,9.000,1.0,1,1.0
340,42,557.000,428.000,5.000,10.000,1.0,1,1.0
341,42,557.000,428.000,5.000,9.000,1.0,1,1.0
342,42,558.000,428.000,4.000,9.000,1.0,1,1.0
343,42,558.000,427.000,4.000,9.000,1.0,1,1.0
344,42,558.000,427.000,4.000,9.000,1.0,1,1.0
345,42,558.000,427.000,4.000,9.000,1.0,1,1.0
346,42,558.000,427.000,4.000,10.000,1.0,1,1.0
347,42,558.000,427.000,4.000,10.000,1.0,1,1.0
348,42,558.000,427.000,4.000,10.000,1.0,1,1.0
349,42,557.000,427.000,5.000,9.000,1.0,1,1.0
350,42,557.000,427.000,5.000,9.000,1.0,1,1.0
351,42,557.000,428.000,5.000,9.000,1.0,1,1.0
352,42,557.000,428.000,5.000,9.000,1.0,1,1.0
353,42,558.000,427.000,4.000,9.000,1.0,1,1.0
354,42,558.000,427.000,4.000,10.000,1.0,1,1.0
355,42,558.000,428.000,4.000,9.000,1.0,1,1.0
356,42,558.000,427.000,4.000,9.000,1.0,1,1.0
357,42,558.000,427.000,4.000,9.000,1.0,1,1.0
358,42,558.000,427.000,4.000,9.000,1.0,1,1.0
359,42,558.000,427.000,4.000,9.000,1.0,1,1.0
360,42,558.000,427.000,4.000,9.000,1.0,1,1.0
361,42,558.000,428.000,4.000,8.000,1.0,1,1.0
362,42,558.000,427.000,4.000,9.000,1.0,1,1.0
363,42,558.000,428.000,4.000,8.000,1.0,1,1.0
1,9,51.000,404.000,8.000,5.000,1.0,1,1.0
2,9,53.000,403.000,7.000,5.000,1.0,1,1.0
3,9,54.000,402.000,7.000,6.000,1.0,1,1.0
4,9,54.000,402.000,7.000,6.000,1.0,1,1.0
5,9,54.000,402.000,7.000,5.000,1.0,1,1.0
6,9,54.000,402.000,7.000,5.000,1.0,1,1.0
7,9,54.000,402.000,7.000,5.000,1.0,1,1.0
8,9,54.000,400.000,6.000,7.000,1.0,1,1.0
9,9,54.000,397.000,5.000,9.000,1.0,1,1.0
10,9,55.000,395.000,4.000,9.000,1.0,1,1.0
11,9,54.000,391.000,4.000,9.000,1.0,1,1.0
12,9,54.000,388.000,4.000,10.000,1.0,1,1.0
13,9,55.000,386.000,5.000,8.000,1.0,1,1.0
14,9,56.000,383.000,6.000,8.000,1.0,1,1.0
15,9,58.000,380.000,5.000,8.000,1.0,1,1.0
16,9,60.000,376.000,5.000,8.000,1.0,1,1.0
17,9,60.000,372.000,5.000,9.000,1.0,1,1.0
18,9,62.000,369.000,4.000,9.000,1.0,1,1.0
19,9,62.000,366.000,5.000,9.000,1.0,1,1.0
20,9,62.000,364.000,6.000,9.000,1.0,1,1.0
21,9,63.000,362.000,5.000,9.000,1.0,1,1.0
22,9,64.000,359.000,5.000,9.000,1.0,1,1.0
23,9,64.000,355.000,5.000,10.000,1.0,1,1.0
24,9,64.000,352.000,5.000,9.000,1.0,1,1.0
25,9,65.000,349.000,4.000,9.000,1.0,1,1.0
26,9,65.000,346.000,4.000,8.000,1.0,1,1.0
27,9,65.000,342.000,5.000,9.000,1.0,1,1.0
28,9,66.000,337.000,4.000,9.000,1.0,1,1.0
29,9,66.000,333.000,4.000,9.000,1.0,1,1.0
30,9,66.000,329.000,4.000,9.000,1.0,1,1.0
31,9,66.000,326.000,4.000,9.000,1.0,1,1.0
32,9,66.000,322.000,4.000,9.000,1.0,1,1.0
33,9,66.000,318.000,4.000,9.000,1.0,1,1.0
34,9,66.000,314.000,4.000,9.000,1.0,1,1.0
35,9,65.000,310.000,4.000,9.000,1.0,1,1.0
36,9,65.000,307.000,5.000,9.000,1.0,1,1.0
37,9,65.000,304.000,5.000,9.000,1.0,1,1.0
38,9,65.000,300.000,5.000,9.000,1.0,1,1.0
39,9,65.000,296.000,4.000,9.000,1.0,1,1.0
40,9,66.000,293.000,4.000,8.000,1.0,1,1.0
41,9,65.000,290.000,4.000,8.000,1.0,1,1.0
42,9,66.000,286.000,4.000,9.000,1.0,1,1.0
43,9,66.000,283.000,4.000,8.000,1.0,1,1.0
44,9,66.000,280.000,4.000,9.000,1.0,1,1.0
45,9,67.000,277.000,4.000,9.000,1.0,1,1.0
46,9,67.000,273.000,4.000,9.000,1.0,1,1.0
47,9,67.000,269.000,4.000,9.000,1.0,1,1.0
48,9,68.000,266.000,4.000,9.000,1.0,1,1.0
49,9,68.000,262.000,4.000,9.000,1.0,1,1.0
50,9,68.000,259.000,4.000,8.000,1.0,1,1.0
51,9,69.000,255.000,4.000,9.000,1.0,1,1.0
52,9,69.000,251.000,4.000,9.000,1.0,1,1.0
53,9,69.000,247.000,4.000,10.000,1.0,1,1.0
54,9,69.000,244.000,4.000,8.000,1.0,1,1.0
55,9,69.000,239.000,4.000,9.000,1.0,1,1.0
56,9,69.000,236.000,4.000,8.000,1.0,1,1.0
57,9,70.000,232.000,4.000,9.000,1.0,1,1.0
58,9,70.000,229.000,4.000,9.000,1.0,1,1.0
59,9,70.000,225.000,4.000,9.000,1.0,1,1.0
60,9,70.000,222.000,4.000,8.000,1.0,1,1.0
61,9,70.000,219.000,4.000,8.000,1.0,1,1.0
62,9,70.000,215.000,4.000,9.000,1.0,1,1.0
63,9,70.000,212.000,4.000,9.000,1.0,1,1.0
64,9,70.000,209.000,4.000,9.000,1.0,1,1.0
65,9,70.000,207.000,5.000,8.000,1.0,1,1.0
66,9,71.000,205.000,4.000,7.000,1.0,1,1.0
67,9,72.000,204.000,4.000,7.000,1.0,1,1.0
68,9,72.000,202.000,4.000,7.000,1.0,1,1.0
69,9,72.000,200.000,4.000,7.000,1.0,1,1.0
70,9,72.000,199.000,4.000,6.000,1.0,1,1.0
71,9,72.000,197.000,4.000,7.000,1.0,1,1.0
72,9,72.000,196.000,4.000,6.000,1.0,1,1.0
73,9,71.000,195.000,4.000,6.000,1.0,1,1.0
74,9,70.000,193.000,5.000,6.000,1.0,1,1.0
75,9,68.000,192.000,6.000,6.000,1.0,1,1.0
76,9,67.000,191.000,6.000,5.000,1.0,1,1.0
77,9,66.000,190.000,5.000,6.000,1.0,1,1.0
78,9,64.000,188.000,6.000,6.000,1.0,1,1.0
79,9,62.000,187.000,7.000,6.000,1.0,1,1.0
80,9,60.000,186.000,7.000,6.000,1.0,1,1.0
81,9,58.000,185.000,7.000,6.000,1.0,1,1.0
82,9,57.000,184.000,7.000,6.000,1.0,1,1.0
83,9,56.000,183.000,7.000,6.000,1.0,1,1.0
84,9,55.000,182.000,7.000,6.000,1.0,1,1.0
85,9,55.000,181.000,7.000,6.000,1.0,1,1.0
86,9,54.000,179.000,7.000,7.000,1.0,1,1.0
87,9,54.000,177.000,6.000,8.000,1.0,1,1.0
88,9,53.000,175.000,6.000,8.000,1.0,1,1.0
89,9,53.000,173.000,6.000,8.000,1.0,1,1.0
90,9,52.000,171.000,6.000,9.000,1.0,1,1.0
91,9,51.000,171.000,6.000,8.000,1.0,1,1.0
92,9,51.000,170.000,6.000,8.000,1.0,1,1.0
93,9,50.000,169.000,6.000,7.000,1.0,1,1.0
94,9,48.000,167.000,6.000,8.000,1.0,1,1.0
95,9,46.000,166.000,7.000,6.000,1.0,1,1.0
96,9,44.000,166.000,7.000,6.000,1.0,1,1.0
97,9,42.000,166.000,8.000,5.000,1.0,1,1.0
98,9,42.000,165.000,8.000,6.000,1.0,1,1.0
99,9,42.000,166.000,8.000,5.000,1.0,1,1.0
100,9,42.000,166.000,8.000,5.000,1.0,1,1.0
101,9,43.000,166.000,7.000,5.000,1.0,1,1.0
102,9,43.000,166.000,7.000,5.000,1.0,1,1.0
103,9,43.000,166.000,7.000,5.000,1.0,1,1.0
104,9,43.000,165.000,8.000,6.000,1.0,1,1.0
105,9,43.000,165.000,8.000,6.000,1.0,1,1.0
106,9,43.000,165.000,8.000,6.000,1.0,1,1.0
107,9,43.000,165.000,8.000,6.000,1.0,1,1.0
108,9,42.000,164.000,7.000,5.000,1.0,1,1.0
109,9,36.000,154.000,5.000,7.000,1.0,1,1.0
110,9,33.000,141.000,5.000,8.000,1.0,1,1.0
111,9,33.000,140.000,5.000,9.000,1.0,1,1.0
112,9,33.000,140.000,5.000,9.000,1.0,1,1.0
113,9,34.000,139.000,4.000,9.000,1.0,1,1.0
114,9,34.000,139.000,4.000,9.000,1.0,1,1.0
115,9,34.000,139.000,4.000,9.000,1.0,1,1.0
116,9,34.000,139.000,4.000,9.000,1.0,1,1.0
117,9,33.000,139.000,5.000,8.000,1.0,1,1.0
118,9,30.000,138.000,7.000,7.000,1.0,1,1.0
119,9,29.000,137.000,6.000,6.000,1.0,1,1.0
120,9,27.000,135.000,7.000,7.000,1.0,1,1.0
121,9,25.000,134.000,7.000,7.000,1.0,1,1.0
122,9,23.000,133.000,7.000,6.000,1.0,1,1.0
123,9,21.000,131.000,7.000,6.000,1.0,1,1.0
124,9,19.000,130.000,7.000,6.000,1.0,1,1.0
125,9,17.000,128.000,7.000,6.000,1.0,1,1.0
126,9,15.000,126.000,6.000,6.000,1.0,1,1.0
127,9,14.000,124.000,6.000,7.000,1.0,1,1.0
128,9,13.000,123.000,5.000,7.000,1.0,1,1.0
129,9,12.000,122.000,5.000,6.000,1.0,1,1.0
161,9,12.000,45.000,5.000,7.000,1.0,1,1.0
162,9,13.000,44.000,4.000,7.000,1.0,1,1.0
163,9,13.000,42.000,4.000,8.000,1.0,1,1.0
164,9,13.000,41.000,5.000,8.000,1.0,1,1.0
165,9,14.000,39.000,5.000,8.000,1.0,1,1.0
166,9,15.000,37.000,5.000,8.000,1.0,1,1.0
167,9,16.000,35.000,5.000,8.000,1.0,1,1.0
168,9,17.000,34.000,5.000,7.000,1.0,1,1.0
169,9,18.000,31.000,5.000,8.000,1.0,1,1.0
170,9,20.000,30.000,5.000,7.000,1.0,1,1.0
171,9,21.000,29.000,6.000,6.000,1.0,1,1.0
172,9,23.000,28.000,7.000,7.000,1.0,1,1.0
173,9,25.000,27.000,7.000,6.000,1.0,1,1.0
174,9,27.000,26.000,7.000,6.000,1.0,1,1.0
175,9,28.000,25.000,7.000,6.000,1.0,1,1.0
176,9,29.000,26.000,7.000,5.000,1.0,1,1.0
177,9,30.000,26.000,9.000,5.000,1.0,1,1.0
178,9,32.000,26.000,9.000,5.000,1.0,1,1.0
179,9,33.000,26.000,9.000,5.000,1.0,1,1.0
180,9,35.000,26.000,9.000,5.000,1.0,1,1.0
181,9,37.000,25.000,9.000,6.000,1.0,1,1.0
182,9,39.000,24.000,9.000,6.000,1.0,1,1.0
183,9,40.000,25.000,8.000,6.000,1.0,1,1.0
184,9,41.000,26.000,9.000,5.000,1.0,1,1.0
185,9,43.000,26.000,9.000,5.000,1.0,1,1.0
186,9,44.000,27.000,9.000,5.000,1.0,1,1.0
187,9,47.000,28.000,8.000,5.000,1.0,1,1.0
188,9,48.000,29.000,9.000,5.000,1.0,1,1.0
189,9,51.000,29.000,8.000,5.000,1.0,1,1.0
190,9,52.000,29.000,8.000,5.000,1.0,1,1.0
191,9,54.000,28.000,8.000,5.000,1.0,1,1.0
192,9,56.000,28.000,8.000,5.000,1.0,1,1.0
193,9,58.000,27.000,8.000,5.000,1.0,1,1.0
194,9,60.000,26.000,6.000,6.000,1.0,1,1.0
195,9,60.000,24.000,6.000,8.000,1.0,1,1.0
196,9,61.000,24.000,5.000,8.000,1.0,1,1.0
197,9,62.000,24.000,5.000,8.000,1.0,1,1.0
198,9,62.000,23.000,5.000,7.000,1.0,1,1.0
199,9,63.000,22.000,4.000,7.000,1.0,1,1.0
200,9,63.000,21.000,5.000,7.000,1.0,1,1.0
201,9,63.000,18.000,5.000,9.000,1.0,1,1.0
202,9,63.000,18.000,5.000,6.000,1.0,1,1.0
266,9,25.000,33.000,6.000,6.000,1.0,1,1.0
267,9,18.000,43.000,5.000,7.000,1.0,1,1.0
268,9,18.000,43.000,5.000,8.000,1.0,1,1.0
269,9,18.000,43.000,5.000,8.000,1.0,1,1.0
270,9,18.000,42.000,5.000,9.000,1.0,1,1.0
271,9,18.000,41.000,5.000,9.000,1.0,1,1.0
272,9,19.000,40.000,4.000,9.000,1.0,1,1.0
273,9,19.000,39.000,5.000,9.000,1.0,1,1.0
274,9,19.000,38.000,5.000,9.000,1.0,1,1.0
275,9,19.000,36.000,4.000,9.000,1.0,1,1.0
276,9,18.000,35.000,5.000,8.000,1.0,1,1.0
277,9,17.000,33.000,6.000,8.000,1.0,1,1.0
278,9,16.000,31.000,5.000,8.000,1.0,1,1.0
279,9,16.000,30.000,5.000,8.000,1.0,1,1.0
280,9,15.000,28.000,5.000,9.000,1.0,1,1.0
281,9,14.000,28.000,6.000,9.000,1.0,1,1.0
282,9,14.000,28.000,6.000,9.000,1.0,1,1.0
283,9,14.000,28.000,6.000,8.000,1.0,1,1.0
284,9,14.000,28.000,6.000,9.000,1.0,1,1.0
285,9,14.000,28.000,6.000,8.000,1.0,1,1.0
286,9,14.000,28.000,5.000,8.000,1.0,1,1.0
287,9,14.000,27.000,5.000,8.000,1.0,1,1.0
288,9,14.000,27.000,5.000,8.000,1.0,1,1.0
289,9,13.000,27.000,6.000,8.000,1.0,1,1.0
290,9,13.000,27.000,6.000,8.000,1.0,1,1.0
291,9,13.000,27.000,5.000,7.000,1.0,1,1.0
292,9,13.000,27.000,5.000,7.000,1.0,1,1.0
293,9,13.000,27.000,5.000,7.000,1.0,1,1.0
294,9,13.000,27.000,5.000,7.000,1.0,1,1.0
295,9,13.000,27.000,5.000,7.000,1.0,1,1.0
296,9,13.000,27.000,6.000,7.000,1.0,1,1.0
297,9,29.000,21.000,8.000,7.000,1.0,1,1.0
346,9,12.000,55.000,5.000,8.000,1.0,1,1.0
347,9,13.000,53.000,4.000,9.000,1.0,1,1.0
348,9,13.000,50.000,4.000,10.000,1.0,1,1.0
349,9,13.000,48.000,5.000,9.000,1.0,1,1.0
350,9,13.000,45.000,5.000,9.000,1.0,1,1.0
351,9,13.000,42.000,5.000,9.000,1.0,1,1.0
352,9,13.000,39.000,5.000,9.000,1.0,1,1.0
353,9,13.000,36.000,5.000,9.000,1.0,1,1.0
354,9,13.000,33.000,5.000,10.000,1.0,1,1.0
355,9,14.000,30.000,4.000,10.000,1.0,1,1.0
356,9,13.000,28.000,5.000,10.000,1.0,1,1.0
357,9,13.000,27.000,5.000,9.000,1.0,1,1.0
358,9,13.000,25.000,5.000,9.000,1.0,1,1.0
359,9,13.000,24.000,5.000,10.000,1.0,1,1.0
360,9,13.000,24.000,5.000,8.000,1.0,1,1.0
361,9,13.000,24.000,5.000,8.000,1.0,1,1.0
362,9,13.000,24.000,5.000,8.000,1.0,1,1.0
363,9,13.000,24.000,5.000,7.000,1.0,1,1.0
1,31,426.000,441.000,5.000,5.000,1.0,1,1.0
2,31,426.000,441.000,5.000,5.000,1.0,1,1.0
3,31,427.000,441.000,5.000,5.000,1.0,1,1.0
4,31,429.000,441.000,6.000,5.000,1.0,1,1.0
5,31,431.000,441.000,5.000,5.000,1.0,1,1.0
6,31,432.000,441.000,6.000,5.000,1.0,1,1.0
7,31,433.000,441.000,6.000,5.000,1.0,1,1.0
8,31,433.000,442.000,6.000,4.000,1.0,1,1.0
9,31,433.000,442.000,6.000,4.000,1.0,1,1.0
10,31,432.000,442.000,5.000,4.000,1.0,1,1.0
11,31,430.000,442.000,6.000,4.000,1.0,1,1.0
12,31,429.000,442.000,6.000,4.000,1.0,1,1.0
13,31,428.000,442.000,6.000,4.000,1.0,1,1.0
14,31,427.000,442.000,6.000,4.000,1.0,1,1.0
15,31,427.000,441.000,5.000,5.000,1.0,1,1.0
16,31,426.000,442.000,6.000,4.000,1.0,1,1.0
17,31,425.000,441.000,6.000,5.000,1.0,1,1.0
18,31,424.000,441.000,5.000,5.000,1.0,1,1.0
19,31,424.000,441.000,5.000,5.000,1.0,1,1.0
20,31,423.000,442.000,6.000,4.000,1.0,1,1.0
21,31,423.000,442.000,5.000,5.000,1.0,1,1.0
22,31,423.000,442.000,5.000,5.000,1.0,1,1.0
23,31,423.000,442.000,5.000,5.000,1.0,1,1.0
24,31,423.000,442.000,6.000,5.000,1.0,1,1.0
25,31,423.000,442.000,5.000,5.000,1.0,1,1.0
26,31,423.000,442.000,5.000,5.000,1.0,1,1.0
27,31,423.000,442.000,5.000,5.000,1.0,1,1.0
28,31,423.000,442.000,5.000,5.000,1.0,1,1.0
29,31,423.000,442.000,5.000,5.000,1.0,1,1.0
30,31,423.000,442.000,5.000,5.000,1.0,1,1.0
31,31,423.000,442.000,5.000,5.000,1.0,1,1.0
32,31,423.000,442.000,5.000,5.000,1.0,1,1.0
33,31,423.000,442.000,5.000,5.000,1.0,1,1.0
34,31,423.000,442.000,5.000,5.000,1.0,1,1.0
35,31,423.000,442.000,5.000,5.000,1.0,1,1.0
36,31,423.000,442.000,5.000,5.000,1.0,1,1.0
37,31,423.000,442.000,5.000,5.000,1.0,1,1.0
38,31,423.000,442.000,6.000,5.000,1.0,1,1.0
39,31,423.000,442.000,6.000,5.000,1.0,1,1.0
40,31,423.000,442.000,6.000,5.000,1.0,1,1.0
41,31,423.000,442.000,6.000,5.000,1.0,1,1.0
42,31,424.000,442.000,5.000,5.000,1.0,1,1.0
43,31,424.000,442.000,5.000,5.000,1.0,1,1.0
44,31,424.000,442.000,5.000,5.000,1.0,1,1.0
45,31,424.000,442.000,5.000,5.000,1.0,1,1.0
46,31,424.000,442.000,5.000,5.000,1.0,1,1.0
47,31,424.000,443.000,5.000,5.000,1.0,1,1.0
48,31,424.000,443.000,5.000,5.000,1.0,1,1.0
49,31,424.000,443.000,5.000,5.000,1.0,1,1.0
50,31,424.000,443.000,5.000,4.000,1.0,1,1.0
51,31,424.000,443.000,5.000,4.000,1.0,1,1.0
52,31,424.000,443.000,5.000,5.000,1.0,1,1.0
53,31,424.000,443.000,5.000,5.000,1.0,1,1.0
54,31,424.000,443.000,5.000,4.000,1.0,1,1.0
55,31,424.000,443.000,5.000,5.000,1.0,1,1.0
56,31,424.000,443.000,5.000,5.000,1.0,1,1.0
57,31,424.000,443.000,5.000,5.000,1.0,1,1.0
58,31,424.000,443.000,5.000,4.000,1.0,1,1.0
59,31,424.000,443.000,5.000,4.000,1.0,1,1.0
60,31,424.000,443.000,5.000,5.000,1.0,1,1.0
61,31,424.000,443.000,5.000,5.000,1.0,1,1.0
62,31,425.000,443.000,5.000,5.000,1.0,1,1.0
63,31,425.000,443.000,5.000,5.000,1.0,1,1.0
64,31,425.000,443.000,6.000,5.000,1.0,1,1.0
65,31,425.000,443.000,5.000,5.000,1.0,1,1.0
66,31,424.000,443.000,5.000,5.000,1.0,1,1.0
67,31,422.000,442.000,6.000,5.000,1.0,1,1.0
68,31,423.000,443.000,4.000,4.000,1.0,1,1.0
72,31,414.000,442.000,7.000,5.000,1.0,1,1.0
73,31,411.000,443.000,7.000,4.000,1.0,1,1.0
74,31,408.000,443.000,8.000,4.000,1.0,1,1.0
75,31,406.000,443.000,7.000,4.000,1.0,1,1.0
76,31,404.000,443.000,7.000,4.000,1.0,1,1.0
77,31,403.000,442.000,8.000,4.000,1.0,1,1.0
78,31,403.000,442.000,8.000,4.000,1.0,1,1.0
79,31,402.000,442.000,7.000,4.000,1.0,1,1.0
80,31,401.000,442.000,7.000,5.000,1.0,1,1.0
81,31,401.000,442.000,7.000,5.000,1.0,1,1.0
82,31,401.000,442.000,7.000,5.000,1.0,1,1.0
83,31,401.000,442.000,8.000,4.000,1.0,1,1.0
84,31,402.000,442.000,7.000,5.000,1.0,1,1.0
85,31,402.000,442.000,7.000,5.000,1.0,1,1.0
86,31,402.000,442.000,8.000,5.000,1.0,1,1.0
87,31,402.000,442.000,8.000,4.000,1.0,1,1.0
88,31,402.000,442.000,8.000,4.000,1.0,1,1.0
89,31,403.000,442.000,7.000,5.000,1.0,1,1.0
90,31,402.000,443.000,7.000,4.000,1.0,1,1.0
91,31,402.000,442.000,7.000,5.000,1.0,1,1.0
92,31,402.000,442.000,7.000,5.000,1.0,1,1.0
93,31,402.000,442.000,7.000,5.000,1.0,1,1.0
94,31,402.000,442.000,7.000,5.000,1.0,1,1.0
95,31,402.000,442.000,7.000,5.000,1.0,1,1.0
96,31,402.000,442.000,7.000,5.000,1.0,1,1.0
97,31,402.000,442.000,7.000,5.000,1.0,1,1.0
98,31,402.000,442.000,7.000,5.000,1.0,1,1.0
99,31,402.000,442.000,7.000,5.000,1.0,1,1.0
100,31,402.000,442.000,7.000,5.000,1.0,1,1.0
101,31,403.000,442.000,6.000,5.000,1.0,1,1.0
102,31,402.000,442.000,7.000,5.000,1.0,1,1.0
103,31,402.000,442.000,7.000,5.000,1.0,1,1.0
104,31,402.000,442.000,7.000,5.000,1.0,1,1.0
105,31,402.000,442.000,7.000,5.000,1.0,1,1.0
106,31,402.000,442.000,7.000,5.000,1.0,1,1.0
107,31,402.000,442.000,7.000,5.000,1.0,1,1.0
108,31,402.000,442.000,7.000,5.000,1.0,1,1.0
109,31,402.000,442.000,7.000,5.000,1.0,1,1.0
110,31,402.000,442.000,7.000,5.000,1.0,1,1.0
111,31,403.000,442.000,7.000,5.000,1.0,1,1.0
112,31,403.000,442.000,7.000,5.000,1.0,1,1.0
113,31,403.000,442.000,7.000,5.000,1.0,1,1.0
114,31,402.000,442.000,8.000,5.000,1.0,1,1.0
115,31,402.000,442.000,8.000,5.000,1.0,1,1.0
116,31,403.000,442.000,7.000,5.000,1.0,1,1.0
117,31,403.000,442.000,7.000,5.000,1.0,1,1.0
118,31,403.000,442.000,7.000,5.000,1.0,1,1.0
119,31,403.000,442.000,7.000,5.000,1.0,1,1.0
120,31,403.000,442.000,7.000,5.000,1.0,1,1.0
121,31,403.000,442.000,6.000,5.000,1.0,1,1.0
122,31,403.000,442.000,7.000,5.000,1.0,1,1.0
123,31,403.000,442.000,7.000,5.000,1.0,1,1.0
124,31,402.000,441.000,7.000,6.000,1.0,1,1.0
125,31,402.000,441.000,7.000,6.000,1.0,1,1.0
126,31,402.000,441.000,7.000,6.000,1.0,1,1.0
127,31,401.000,442.000,8.000,4.000,1.0,1,1.0
128,31,401.000,442.000,7.000,4.000,1.0,1,1.0
129,31,401.000,442.000,7.000,4.000,1.0,1,1.0
130,31,401.000,442.000,7.000,5.000,1.0,1,1.0
131,31,401.000,442.000,7.000,5.000,1.0,1,1.0
132,31,401.000,439.000,6.000,7.000,1.0,1,1.0
133,31,387.000,402.000,6.000,7.000,1.0,1,1.0
134,31,377.000,370.000,6.000,5.000,1.0,1,1.0
135,31,377.000,380.000,5.000,7.000,1.0,1,1.0
136,31,376.000,388.000,4.000,9.000,1.0,1,1.0
137,31,375.000,388.000,5.000,9.000,1.0,1,1.0
138,31,375.000,387.000,5.000,9.000,1.0,1,1.0
139,31,375.000,387.000,5.000,9.000,1.0,1,1.0
140,31,376.000,386.000,4.000,9.000,1.0,1,1.0
141,31,376.000,385.000,4.000,9.000,1.0,1,1.0
142,31,376.000,384.000,5.000,8.000,1.0,1,1.0
143,31,377.000,385.000,5.000,6.000,1.0,1,1.0
144,31,378.000,385.000,5.000,5.000,1.0,1,1.0
145,31,378.000,384.000,6.000,5.000,1.0,1,1.0
146,31,379.000,383.000,6.000,5.000,1.0,1,1.0
147,31,379.000,382.000,7.000,6.000,1.0,1,1.0
148,31,380.000,382.000,6.000,6.000,1.0,1,1.0
149,31,381.000,382.000,7.000,5.000,1.0,1,1.0
150,31,382.000,381.000,7.000,5.000,1.0,1,1.0
151,31,384.000,381.000,6.000,5.000,1.0,1,1.0
152,31,386.000,380.000,6.000,5.000,1.0,1,1.0
153,31,387.000,379.000,7.000,5.000,1.0,1,1.0
154,31,388.000,379.000,8.000,5.000,1.0,1,1.0
155,31,388.000,379.000,8.000,5.000,1.0,1,1.0
156,31,389.000,378.000,8.000,6.000,1.0,1,1.0
157,31,392.000,378.000,7.000,5.000,1.0,1,1.0
158,31,393.000,377.000,8.000,5.000,1.0,1,1.0
159,31,395.000,377.000,8.000,4.000,1.0,1,1.0
160,31,397.000,377.000,8.000,5.000,1.0,1,1.0
161,31,397.000,377.000,8.000,4.000,1.0,1,1.0
162,31,400.000,377.000,7.000,4.000,1.0,1,1.0
163,31,402.000,378.000,7.000,3.000,1.0,1,1.0
164,31,403.000,378.000,8.000,4.000,1.0,1,1.0
165,31,404.000,378.000,9.000,4.000,1.0,1,1.0
166,31,399.000,381.000,5.000,5.000,1.0,1,1.0
167,31,409.000,406.000,5.000,7.000,1.0,1,1.0
168,31,417.000,432.000,5.000,7.000,1.0,1,1.0
169,31,408.000,433.000,4.000,7.000,1.0,1,1.0
170,31,380.000,441.000,6.000,6.000,1.0,1,1.0
171,31,383.000,441.000,7.000,6.000,1.0,1,1.0
172,31,383.000,441.000,8.000,5.000,1.0,1,1.0
173,31,383.000,441.000,9.000,5.000,1.0,1,1.0
174,31,383.000,441.000,9.000,5.000,1.0,1,1.0
175,31,384.000,441.000,8.000,5.000,1.0,1,1.0
176,31,384.000,441.000,8.000,5.000,1.0,1,1.0
177,31,384.000,441.000,8.000,5.000,1.0,1,1.0
178,31,384.000,441.000,8.000,5.000,1.0,1,1.0
179,31,384.000,441.000,8.000,5.000,1.0,1,1.0
180,31,385.000,441.000,8.000,5.000,1.0,1,1.0
181,31,387.000,441.000,8.000,5.000,1.0,1,1.0
182,31,389.000,441.000,7.000,5.000,1.0,1,1.0
183,31,389.000,441.000,8.000,5.000,1.0,1,1.0
184,31,389.000,441.000,8.000,5.000,1.0,1,1.0
185,31,390.000,442.000,8.000,4.000,1.0,1,1.0
186,31,392.000,442.000,7.000,4.000,1.0,1,1.0
187,31,392.000,442.000,7.000,4.000,1.0,1,1.0
188,31,393.000,441.000,6.000,5.000,1.0,1,1.0
189,31,394.000,441.000,6.000,5.000,1.0,1,1.0
190,31,394.000,441.000,6.000,5.000,1.0,1,1.0
191,31,394.000,441.000,7.000,5.000,1.0,1,1.0
192,31,395.000,441.000,5.000,5.000,1.0,1,1.0
193,31,394.000,441.000,6.000,5.000,1.0,1,1.0
194,31,394.000,441.000,6.000,5.000,1.0,1,1.0
195,31,394.000,441.000,6.000,5.000,1.0,1,1.0
196,31,394.000,442.000,6.000,4.000,1.0,1,1.0
197,31,394.000,441.000,6.000,5.000,1.0,1,1.0
198,31,394.000,441.000,6.000,5.000,1.0,1,1.0
199,31,394.000,441.000,6.000,5.000,1.0,1,1.0
200,31,394.000,441.000,6.000,5.000,1.0,1,1.0
201,31,394.000,441.000,6.000,5.000,1.0,1,1.0
202,31,394.000,441.000,6.000,5.000,1.0,1,1.0
203,31,394.000,441.000,6.000,5.000,1.0,1,1.0
204,31,394.000,442.000,6.000,4.000,1.0,1,1.0
205,31,394.000,441.000,6.000,5.000,1.0,1,1.0
206,31,394.000,442.000,6.000,4.000,1.0,1,1.0
207,31,394.000,442.000,6.000,4.000,1.0,1,1.0
208,31,394.000,442.000,6.000,4.000,1.0,1,1.0
209,31,394.000,442.000,6.000,4.000,1.0,1,1.0
210,31,394.000,442.000,6.000,5.000,1.0,1,1.0
211,31,394.000,442.000,5.000,5.000,1.0,1,1.0
212,31,394.000,442.000,5.000,5.000,1.0,1,1.0
213,31,394.000,442.000,5.000,5.000,1.0,1,1.0
214,31,394.000,442.000,5.000,5.000,1.0,1,1.0
215,31,394.000,442.000,5.000,5.000,1.0,1,1.0
216,31,394.000,442.000,5.000,5.000,1.0,1,1.0
217,31,394.000,442.000,5.000,5.000,1.0,1,1.0
218,31,394.000,442.000,5.000,5.000,1.0,1,1.0
219,31,394.000,442.000,6.000,5.000,1.0,1,1.0
220,31,394.000,442.000,5.000,5.000,1.0,1,1.0
221,31,394.000,442.000,6.000,5.000,1.0,1,1.0
222,31,394.000,442.000,6.000,4.000,1.0,1,1.0
223,31,394.000,442.000,6.000,4.000,1.0,1,1.0
224,31,393.000,441.000,7.000,5.000,1.0,1,1.0
225,31,394.000,442.000,6.000,4.000,1.0,1,1.0
226,31,394.000,442.000,6.000,4.000,1.0,1,1.0
227,31,394.000,442.000,5.000,4.000,1.0,1,1.0
228,31,394.000,442.000,5.000,4.000,1.0,1,1.0
229,31,394.000,442.000,5.000,4.000,1.0,1,1.0
230,31,394.000,442.000,5.000,4.000,1.0,1,1.0
231,31,394.000,442.000,5.000,4.000,1.0,1,1.0
232,31,393.000,441.000,6.000,5.000,1.0,1,1.0
233,31,393.000,441.000,5.000,5.000,1.0,1,1.0
234,31,393.000,441.000,5.000,5.000,1.0,1,1.0
235,31,393.000,442.000,5.000,4.000,1.0,1,1.0
236,31,393.000,442.000,5.000,4.000,1.0,1,1.0
237,31,393.000,442.000,5.000,4.000,1.0,1,1.0
238,31,393.000,442.000,5.000,4.000,1.0,1,1.0
239,31,393.000,442.000,5.000,4.000,1.0,1,1.0
240,31,393.000,442.000,5.000,4.000,1.0,1,1.0
241,31,393.000,442.000,5.000,5.000,1.0,1,1.0
242,31,393.000,442.000,5.000,5.000,1.0,1,1.0
243,31,393.000,442.000,5.000,5.000,1.0,1,1.0
244,31,393.000,442.000,5.000,5.000,1.0,1,1.0
245,31,393.000,442.000,5.000,5.000,1.0,1,1.0
246,31,393.000,442.000,6.000,5.000,1.0,1,1.0
247,31,394.000,442.000,6.000,5.000,1.0,1,1.0
248,31,395.000,443.000,6.000,4.000,1.0,1,1.0
249,31,396.000,442.000,6.000,5.000,1.0,1,1.0
250,31,398.000,443.000,6.000,4.000,1.0,1,1.0
251,31,398.000,442.000,8.000,5.000,1.0,1,1.0
252,31,400.000,442.000,8.000,5.000,1.0,1,1.0
253,31,402.000,442.000,8.000,5.000,1.0,1,1.0
254,31,403.000,442.000,9.000,5.000,1.0,1,1.0
255,31,405.000,442.000,8.000,5.000,1.0,1,1.0
256,31,406.000,443.000,9.000,4.000,1.0,1,1.0
257,31,407.000,443.000,8.000,4.000,1.0,1,1.0
258,31,407.000,443.000,9.000,4.000,1.0,1,1.0
259,31,407.000,443.000,9.000,4.000,1.0,1,1.0
260,31,407.000,443.000,9.000,4.000,1.0,1,1.0
261,31,407.000,443.000,9.000,4.000,1.0,1,1.0
262,31,408.000,442.000,7.000,5.000,1.0,1,1.0
263,31,421.000,430.000,6.000,4.000,1.0,1,1.0
264,31,424.000,433.000,6.000,4.000,1.0,1,1.0
265,31,427.000,436.000,5.000,5.000,1.0,1,1.0
266,31,428.000,441.000,8.000,5.000,1.0,1,1.0
267,31,427.000,443.000,8.000,5.000,1.0,1,1.0
268,31,426.000,443.000,8.000,5.000,1.0,1,1.0
269,31,422.000,442.000,7.000,5.000,1.0,1,1.0
270,31,421.000,443.000,8.000,5.000,1.0,1,1.0
271,31,421.000,443.000,8.000,5.000,1.0,1,1.0
272,31,421.000,443.000,8.000,5.000,1.0,1,1.0
273,31,421.000,443.000,8.000,6.000,1.0,1,1.0
274,31,421.000,443.000,8.000,6.000,1.0,1,1.0
275,31,421.000,443.000,7.000,5.000,1.0,1,1.0
276,31,421.000,442.000,7.000,5.000,1.0,1,1.0
277,31,421.000,442.000,6.000,5.000,1.0,1,1.0
278,31,421.000,442.000,6.000,5.000,1.0,1,1.0
279,31,422.000,442.000,5.000,5.000,1.0,1,1.0
280,31,422.000,442.000,5.000,5.000,1.0,1,1.0
281,31,423.000,442.000,4.000,5.000,1.0,1,1.0
282,31,422.000,442.000,5.000,4.000,1.0,1,1.0
283,31,422.000,442.000,5.000,4.000,1.0,1,1.0
284,31,422.000,442.000,5.000,4.000,1.0,1,1.0
285,31,422.000,442.000,5.000,4.000,1.0,1,1.0
286,31,422.000,442.000,5.000,4.000,1.0,1,1.0
287,31,422.000,442.000,5.000,4.000,1.0,1,1.0
288,31,422.000,442.000,5.000,5.000,1.0,1,1.0
289,31,422.000,442.000,5.000,5.000,1.0,1,1.0
290,31,422.000,442.000,5.000,5.000,1.0,1,1.0
291,31,422.000,442.000,5.000,5.000,1.0,1,1.0
292,31,422.000,442.000,5.000,5.000,1.0,1,1.0
293,31,422.000,442.000,5.000,5.000,1.0,1,1.0
294,31,422.000,442.000,5.000,4.000,1.0,1,1.0
295,31,422.000,442.000,5.000,4.000,1.0,1,1.0
296,31,422.000,442.000,5.000,4.000,1.0,1,1.0
297,31,422.000,442.000,5.000,4.000,1.0,1,1.0
298,31,422.000,442.000,5.000,4.000,1.0,1,1.0
299,31,422.000,442.000,5.000,4.000,1.0,1,1.0
300,31,422.000,442.000,5.000,4.000,1.0,1,1.0
301,31,422.000,442.000,5.000,4.000,1.0,1,1.0
302,31,422.000,442.000,5.000,4.000,1.0,1,1.0
303,31,422.000,442.000,5.000,4.000,1.0,1,1.0
304,31,422.000,442.000,5.000,4.000,1.0,1,1.0
305,31,422.000,442.000,5.000,4.000,1.0,1,1.0
306,31,422.000,442.000,5.000,4.000,1.0,1,1.0
307,31,422.000,442.000,5.000,4.000,1.0,1,1.0
308,31,422.000,442.000,5.000,4.000,1.0,1,1.0
309,31,422.000,442.000,5.000,4.000,1.0,1,1.0
310,31,422.000,442.000,5.000,4.000,1.0,1,1.0
311,31,422.000,442.000,6.000,4.000,1.0,1,1.0
312,31,422.000,442.000,6.000,4.000,1.0,1,1.0
313,31,422.000,441.000,6.000,5.000,1.0,1,1.0
314,31,422.000,441.000,6.000,5.000,1.0,1,1.0
315,31,423.000,441.000,5.000,5.000,1.0,1,1.0
316,31,424.000,441.000,5.000,5.000,1.0,1,1.0
317,31,425.000,441.000,5.000,5.000,1.0,1,1.0
318,31,426.000,441.000,5.000,5.000,1.0,1,1.0
319,31,427.000,440.000,5.000,5.000,1.0,1,1.0
320,31,428.000,440.000,6.000,5.000,1.0,1,1.0
321,31,428.000,440.000,7.000,6.000,1.0,1,1.0
322,31,429.000,441.000,6.000,5.000,1.0,1,1.0
323,31,429.000,441.000,6.000,5.000,1.0,1,1.0
324,31,429.000,441.000,6.000,5.000,1.0,1,1.0
325,31,429.000,441.000,6.000,5.000,1.0,1,1.0
326,31,429.000,441.000,6.000,5.000,1.0,1,1.0
327,31,429.000,441.000,6.000,4.000,1.0,1,1.0
328,31,429.000,440.000,6.000,5.000,1.0,1,1.0
329,31,429.000,440.000,6.000,5.000,1.0,1,1.0
330,31,429.000,440.000,6.000,5.000,1.0,1,1.0
331,31,429.000,440.000,6.000,5.000,1.0,1,1.0
332,31,429.000,440.000,6.000,5.000,1.0,1,1.0
333,31,429.000,440.000,6.000,5.000,1.0,1,1.0
334,31,429.000,440.000,6.000,5.000,1.0,1,1.0
335,31,429.000,440.000,6.000,5.000,1.0,1,1.0
336,31,429.000,440.000,6.000,5.000,1.0,1,1.0
337,31,429.000,440.000,6.000,5.000,1.0,1,1.0
338,31,429.000,440.000,6.000,5.000,1.0,1,1.0
339,31,429.000,440.000,6.000,5.000,1.0,1,1.0
340,31,429.000,441.000,6.000,4.000,1.0,1,1.0
341,31,429.000,440.000,6.000,5.000,1.0,1,1.0
342,31,429.000,441.000,6.000,4.000,1.0,1,1.0
343,31,429.000,441.000,6.000,4.000,1.0,1,1.0
344,31,429.000,441.000,6.000,5.000,1.0,1,1.0
345,31,429.000,441.000,6.000,4.000,1.0,1,1.0
346,31,429.000,441.000,6.000,5.000,1.0,1,1.0
347,31,429.000,441.000,6.000,5.000,1.0,1,1.0
348,31,429.000,441.000,6.000,5.000,1.0,1,1.0
349,31,429.000,441.000,6.000,5.000,1.0,1,1.0
350,31,429.000,441.000,6.000,5.000,1.0,1,1.0
351,31,429.000,441.000,6.000,5.000,1.0,1,1.0
352,31,429.000,441.000,7.000,4.000,1.0,1,1.0
353,31,429.000,440.000,7.000,5.000,1.0,1,1.0
354,31,429.000,440.000,7.000,4.000,1.0,1,1.0
355,31,430.000,441.000,7.000,3.000,1.0,1,1.0
356,31,431.000,440.000,7.000,5.000,1.0,1,1.0
357,31,432.000,440.000,7.000,5.000,1.0,1,1.0
358,31,432.000,441.000,7.000,4.000,1.0,1,1.0
359,31,433.000,440.000,6.000,5.000,1.0,1,1.0
360,31,434.000,441.000,5.000,4.000,1.0,1,1.0
361,31,434.000,440.000,5.000,5.000,1.0,1,1.0
362,31,434.000,440.000,5.000,5.000,1.0,1,1.0
363,31,434.000,440.000,5.000,5.000,1.0,1,1.0
1,18,156.000,437.000,6.000,6.000,1.0,1,1.0
2,18,155.000,437.000,6.000,6.000,1.0,1,1.0
3,18,155.000,436.000,7.000,6.000,1.0,1,1.0
4,18,155.000,437.000,6.000,6.000,1.0,1,1.0
5,18,154.000,436.000,7.000,6.000,1.0,1,1.0
6,18,154.000,436.000,7.000,6.000,1.0,1,1.0
7,18,155.000,436.000,6.000,6.000,1.0,1,1.0
8,18,153.000,437.000,8.000,5.000,1.0,1,1.0
9,18,155.000,437.000,7.000,5.000,1.0,1,1.0
10,18,156.000,437.000,6.000,5.000,1.0,1,1.0
11,18,155.000,437.000,7.000,4.000,1.0,1,1.0
12,18,156.000,436.000,7.000,5.000,1.0,1,1.0
13,18,155.000,436.000,8.000,5.000,1.0,1,1.0
14,18,156.000,436.000,7.000,5.000,1.0,1,1.0
15,18,156.000,437.000,7.000,5.000,1.0,1,1.0
17,18,154.000,435.000,8.000,6.000,1.0,1,1.0
18,18,155.000,436.000,8.000,6.000,1.0,1,1.0
19,18,155.000,436.000,8.000,6.000,1.0,1,1.0
20,18,155.000,437.000,9.000,6.000,1.0,1,1.0
21,18,156.000,436.000,7.000,7.000,1.0,1,1.0
22,18,155.000,436.000,9.000,7.000,1.0,1,1.0
23,18,155.000,436.000,9.000,7.000,1.0,1,1.0
24,18,155.000,437.000,9.000,6.000,1.0,1,1.0
25,18,155.000,437.000,8.000,6.000,1.0,1,1.0
26,18,155.000,437.000,9.000,7.000,1.0,1,1.0
27,18,155.000,437.000,8.000,6.000,1.0,1,1.0
28,18,156.000,437.000,8.000,6.000,1.0,1,1.0
29,18,155.000,437.000,9.000,6.000,1.0,1,1.0
30,18,155.000,437.000,9.000,7.000,1.0,1,1.0
31,18,155.000,436.000,8.000,8.000,1.0,1,1.0
32,18,155.000,436.000,9.000,8.000,1.0,1,1.0
33,18,155.000,436.000,7.000,7.000,1.0,1,1.0
34,18,155.000,436.000,8.000,7.000,1.0,1,1.0
35,18,154.000,436.000,8.000,6.000,1.0,1,1.0
36,18,154.000,436.000,8.000,6.000,1.0,1,1.0
37,18,154.000,436.000,8.000,5.000,1.0,1,1.0
38,18,154.000,435.000,6.000,7.000,1.0,1,1.0
40,18,153.000,435.000,7.000,7.000,1.0,1,1.0
41,18,153.000,435.000,7.000,7.000,1.0,1,1.0
42,18,154.000,435.000,6.000,6.000,1.0,1,1.0
43,18,154.000,436.000,6.000,5.000,1.0,1,1.0
44,18,154.000,436.000,6.000,5.000,1.0,1,1.0
45,18,154.000,435.000,6.000,6.000,1.0,1,1.0
46,18,154.000,435.000,6.000,6.000,1.0,1,1.0
47,18,154.000,435.000,5.000,6.000,1.0,1,1.0
48,18,154.000,435.000,5.000,6.000,1.0,1,1.0
49,18,154.000,436.000,6.000,5.000,1.0,1,1.0
50,18,154.000,436.000,6.000,5.000,1.0,1,1.0
51,18,154.000,435.000,6.000,6.000,1.0,1,1.0
52,18,154.000,436.000,5.000,6.000,1.0,1,1.0
53,18,154.000,436.000,5.000,5.000,1.0,1,1.0
54,18,154.000,435.000,6.000,6.000,1.0,1,1.0
55,18,154.000,436.000,6.000,5.000,1.0,1,1.0
56,18,154.000,435.000,6.000,6.000,1.0,1,1.0
57,18,154.000,435.000,6.000,6.000,1.0,1,1.0
58,18,154.000,435.000,6.000,6.000,1.0,1,1.0
59,18,154.000,435.000,6.000,6.000,1.0,1,1.0
60,18,154.000,435.000,6.000,6.000,1.0,1,1.0
61,18,154.000,435.000,6.000,5.000,1.0,1,1.0
62,18,154.000,435.000,5.000,5.000,1.0,1,1.0
63,18,154.000,435.000,6.000,6.000,1.0,1,1.0
64,18,154.000,435.000,6.000,6.000,1.0,1,1.0
65,18,154.000,435.000,6.000,6.000,1.0,1,1.0
66,18,154.000,435.000,6.000,6.000,1.0,1,1.0
67,18,154.000,436.000,6.000,5.000,1.0,1,1.0
68,18,155.000,436.000,5.000,5.000,1.0,1,1.0
69,18,154.000,436.000,6.000,5.000,1.0,1,1.0
70,18,154.000,436.000,6.000,5.000,1.0,1,1.0
71,18,154.000,436.000,6.000,5.000,1.0,1,1.0
72,18,154.000,436.000,6.000,5.000,1.0,1,1.0
73,18,154.000,435.000,6.000,6.000,1.0,1,1.0
74,18,154.000,435.000,6.000,6.000,1.0,1,1.0
75,18,154.000,435.000,6.000,6.000,1.0,1,1.0
76,18,154.000,435.000,6.000,6.000,1.0,1,1.0
77,18,154.000,435.000,6.000,6.000,1.0,1,1.0
78,18,154.000,435.000,6.000,7.000,1.0,1,1.0
79,18,155.000,435.000,5.000,5.000,1.0,1,1.0
80,18,154.000,435.000,6.000,5.000,1.0,1,1.0
81,18,154.000,435.000,5.000,5.000,1.0,1,1.0
82,18,154.000,436.000,5.000,5.000,1.0,1,1.0
83,18,153.000,435.000,6.000,5.000,1.0,1,1.0
84,18,154.000,435.000,5.000,6.000,1.0,1,1.0
85,18,188.000,427.000,5.000,7.000,1.0,1,1.0
86,18,177.000,428.000,6.000,6.000,1.0,1,1.0
104,18,183.000,439.000,4.000,6.000,1.0,1,1.0
105,18,182.000,440.000,5.000,5.000,1.0,1,1.0
106,18,181.000,440.000,6.000,5.000,1.0,1,1.0
113,18,182.000,439.000,6.000,5.000,1.0,1,1.0
114,18,183.000,439.000,6.000,5.000,1.0,1,1.0
115,18,184.000,440.000,6.000,4.000,1.0,1,1.0
116,18,185.000,440.000,5.000,4.000,1.0,1,1.0
117,18,185.000,440.000,5.000,5.000,1.0,1,1.0
118,18,185.000,440.000,6.000,5.000,1.0,1,1.0
119,18,186.000,440.000,5.000,5.000,1.0,1,1.0
120,18,186.000,440.000,5.000,5.000,1.0,1,1.0
121,18,186.000,440.000,4.000,5.000,1.0,1,1.0
122,18,185.000,439.000,5.000,6.000,1.0,1,1.0
123,18,185.000,439.000,5.000,6.000,1.0,1,1.0
124,18,186.000,439.000,4.000,6.000,1.0,1,1.0
125,18,186.000,439.000,5.000,6.000,1.0,1,1.0
126,18,186.000,440.000,6.000,5.000,1.0,1,1.0
127,18,186.000,440.000,6.000,5.000,1.0,1,1.0
128,18,186.000,440.000,6.000,5.000,1.0,1,1.0
129,18,186.000,440.000,6.000,5.000,1.0,1,1.0
130,18,185.000,440.000,7.000,5.000,1.0,1,1.0
131,18,185.000,440.000,7.000,5.000,1.0,1,1.0
132,18,185.000,440.000,7.000,5.000,1.0,1,1.0
133,18,186.000,440.000,6.000,5.000,1.0,1,1.0
134,18,186.000,440.000,5.000,5.000,1.0,1,1.0
135,18,186.000,440.000,5.000,5.000,1.0,1,1.0
136,18,186.000,440.000,5.000,5.000,1.0,1,1.0
137,18,186.000,440.000,5.000,5.000,1.0,1,1.0
138,18,186.000,440.000,4.000,5.000,1.0,1,1.0
139,18,184.000,440.000,6.000,5.000,1.0,1,1.0
140,18,184.000,440.000,5.000,5.000,1.0,1,1.0
141,18,184.000,440.000,5.000,5.000,1.0,1,1.0
142,18,183.000,440.000,6.000,5.000,1.0,1,1.0
143,18,182.000,439.000,5.000,6.000,1.0,1,1.0
144,18,182.000,439.000,5.000,6.000,1.0,1,1.0
145,18,181.000,439.000,6.000,6.000,1.0,1,1.0
146,18,180.000,439.000,5.000,6.000,1.0,1,1.0
147,18,180.000,440.000,5.000,5.000,1.0,1,1.0
148,18,179.000,440.000,5.000,5.000,1.0,1,1.0
153,18,155.000,442.000,6.000,6.000,1.0,1,1.0
154,18,155.000,442.000,6.000,6.000,1.0,1,1.0
157,18,155.000,443.000,6.000,6.000,1.0,1,1.0
159,18,155.000,443.000,6.000,5.000,1.0,1,1.0
160,18,156.000,441.000,5.000,6.000,1.0,1,1.0
171,18,169.000,442.000,9.000,7.000,1.0,1,1.0
172,18,170.000,442.000,8.000,7.000,1.0,1,1.0
173,18,170.000,442.000,8.000,7.000,1.0,1,1.0
174,18,171.000,443.000,7.000,6.000,1.0,1,1.0
175,18,179.000,414.000,7.000,9.000,1.0,1,1.0
176,18,183.000,388.000,6.000,4.000,1.0,1,1.0
177,18,175.000,394.000,8.000,6.000,1.0,1,1.0
178,18,179.000,419.000,5.000,8.000,1.0,1,1.0
192,18,178.000,440.000,5.000,5.000,1.0,1,1.0
193,18,178.000,440.000,5.000,5.000,1.0,1,1.0
194,18,178.000,440.000,5.000,4.000,1.0,1,1.0
195,18,178.000,440.000,5.000,5.000,1.0,1,1.0
196,18,178.000,440.000,5.000,5.000,1.0,1,1.0
197,18,178.000,440.000,5.000,5.000,1.0,1,1.0
198,18,178.000,439.000,5.000,5.000,1.0,1,1.0
201,18,153.000,442.000,6.000,5.000,1.0,1,1.0
212,18,164.000,442.000,7.000,4.000,1.0,1,1.0
214,18,166.000,441.000,7.000,4.000,1.0,1,1.0
215,18,167.000,442.000,7.000,4.000,1.0,1,1.0
216,18,168.000,442.000,8.000,5.000,1.0,1,1.0
217,18,169.000,442.000,7.000,5.000,1.0,1,1.0
218,18,169.000,442.000,7.000,5.000,1.0,1,1.0
219,18,171.000,442.000,7.000,5.000,1.0,1,1.0
220,18,172.000,442.000,6.000,5.000,1.0,1,1.0
221,18,172.000,442.000,6.000,5.000,1.0,1,1.0
222,18,172.000,441.000,7.000,5.000,1.0,1,1.0
223,18,173.000,441.000,6.000,5.000,1.0,1,1.0
224,18,173.000,441.000,6.000,5.000,1.0,1,1.0
225,18,174.000,441.000,5.000,4.000,1.0,1,1.0
226,18,174.000,440.000,6.000,5.000,1.0,1,1.0
227,18,174.000,440.000,6.000,5.000,1.0,1,1.0
228,18,175.000,440.000,5.000,5.000,1.0,1,1.0
229,18,175.000,440.000,5.000,5.000,1.0,1,1.0
230,18,175.000,440.000,6.000,5.000,1.0,1,1.0
231,18,176.000,440.000,5.000,5.000,1.0,1,1.0
232,18,176.000,440.000,5.000,5.000,1.0,1,1.0
233,18,176.000,440.000,7.000,5.000,1.0,1,1.0
234,18,177.000,440.000,7.000,5.000,1.0,1,1.0
235,18,178.000,440.000,8.000,6.000,1.0,1,1.0
236,18,178.000,439.000,12.000,7.000,1.0,1,1.0
237,18,179.000,439.000,11.000,6.000,1.0,1,1.0
238,18,180.000,439.000,10.000,7.000,1.0,1,1.0
239,18,181.000,439.000,9.000,6.000,1.0,1,1.0
240,18,181.000,439.000,9.000,7.000,1.0,1,1.0
241,18,182.000,439.000,8.000,7.000,1.0,1,1.0
242,18,182.000,439.000,8.000,7.000,1.0,1,1.0
243,18,182.000,439.000,8.000,7.000,1.0,1,1.0
244,18,182.000,439.000,8.000,7.000,1.0,1,1.0
245,18,181.000,437.000,8.000,8.000,1.0,1,1.0
246,18,180.000,437.000,5.000,7.000,1.0,1,1.0
247,18,181.000,438.000,4.000,7.000,1.0,1,1.0
248,18,177.000,437.000,5.000,7.000,1.0,1,1.0
253,18,167.000,427.000,5.000,5.000,1.0,1,1.0
254,18,165.000,432.000,5.000,5.000,1.0,1,1.0
255,18,179.000,432.000,5.000,5.000,1.0,1,1.0
256,18,177.000,431.000,5.000,8.000,1.0,1,1.0
257,18,166.000,433.000,7.000,5.000,1.0,1,1.0
258,18,167.000,431.000,5.000,7.000,1.0,1,1.0
259,18,160.000,435.000,6.000,6.000,1.0,1,1.0
260,18,158.000,436.000,4.000,5.000,1.0,1,1.0
261,18,160.000,431.000,5.000,6.000,1.0,1,1.0
262,18,163.000,413.000,5.000,5.000,1.0,1,1.0
263,18,157.000,396.000,5.000,5.000,1.0,1,1.0
264,18,147.000,400.000,6.000,4.000,1.0,1,1.0
265,18,150.000,416.000,5.000,8.000,1.0,1,1.0
266,18,153.000,429.000,5.000,5.000,1.0,1,1.0
267,18,165.000,434.000,5.000,6.000,1.0,1,1.0
268,18,175.000,425.000,5.000,7.000,1.0,1,1.0
269,18,172.000,416.000,5.000,8.000,1.0,1,1.0
270,18,163.000,418.000,7.000,4.000,1.0,1,1.0
271,18,169.000,420.000,6.000,6.000,1.0,1,1.0
272,18,175.000,427.000,6.000,9.000,1.0,1,1.0
273,18,177.000,434.000,5.000,5.000,1.0,1,1.0
274,18,186.000,435.000,6.000,6.000,1.0,1,1.0
275,18,168.000,433.000,6.000,4.000,1.0,1,1.0
276,18,180.000,427.000,5.000,6.000,1.0,1,1.0
277,18,170.000,428.000,8.000,6.000,1.0,1,1.0
328,18,171.000,423.000,8.000,7.000,1.0,1,1.0
329,18,181.000,394.000,7.000,6.000,1.0,1,1.0
330,18,185.000,371.000,5.000,7.000,1.0,1,1.0
331,18,180.000,394.000,7.000,8.000,1.0,1,1.0
1,49,681.000,428.000,4.000,8.000,1.0,1,1.0
2,49,680.000,426.000,4.000,9.000,1.0,1,1.0
3,49,680.000,425.000,5.000,8.000,1.0,1,1.0
4,49,681.000,425.000,4.000,8.000,1.0,1,1.0
5,49,680.000,425.000,5.000,8.000,1.0,1,1.0
6,49,680.000,425.000,5.000,8.000,1.0,1,1.0
7,49,681.000,425.000,4.000,7.000,1.0,1,1.0
8,49,681.000,423.000,4.000,8.000,1.0,1,1.0
9,49,681.000,422.000,4.000,7.000,1.0,1,1.0
10,49,681.000,421.000,4.000,7.000,1.0,1,1.0
11,49,680.000,420.000,5.000,7.000,1.0,1,1.0
12,49,680.000,419.000,5.000,7.000,1.0,1,1.0
13,49,680.000,418.000,5.000,7.000,1.0,1,1.0
14,49,680.000,418.000,5.000,6.000,1.0,1,1.0
15,49,680.000,417.000,5.000,6.000,1.0,1,1.0
16,49,680.000,417.000,5.000,5.000,1.0,1,1.0
17,49,679.000,417.000,5.000,5.000,1.0,1,1.0
18,49,679.000,416.000,5.000,5.000,1.0,1,1.0
19,49,678.000,415.000,6.000,5.000,1.0,1,1.0
20,49,678.000,414.000,5.000,6.000,1.0,1,1.0
21,49,678.000,413.000,5.000,6.000,1.0,1,1.0
22,49,677.000,412.000,5.000,6.000,1.0,1,1.0
23,49,677.000,410.000,5.000,7.000,1.0,1,1.0
24,49,676.000,409.000,6.000,7.000,1.0,1,1.0
25,49,676.000,407.000,5.000,7.000,1.0,1,1.0
26,49,675.000,406.000,6.000,7.000,1.0,1,1.0
27,49,674.000,403.000,5.000,8.000,1.0,1,1.0
28,49,674.000,402.000,5.000,8.000,1.0,1,1.0
29,49,673.000,400.000,5.000,8.000,1.0,1,1.0
30,49,673.000,399.000,4.000,7.000,1.0,1,1.0
31,49,672.000,398.000,5.000,7.000,1.0,1,1.0
32,49,671.000,396.000,6.000,7.000,1.0,1,1.0
33,49,670.000,395.000,6.000,7.000,1.0,1,1.0
34,49,669.000,393.000,6.000,8.000,1.0,1,1.0
35,49,669.000,393.000,5.000,6.000,1.0,1,1.0
36,49,667.000,392.000,6.000,5.000,1.0,1,1.0
37,49,666.000,391.000,7.000,6.000,1.0,1,1.0
38,49,664.000,389.000,7.000,6.000,1.0,1,1.0
39,49,663.000,389.000,6.000,5.000,1.0,1,1.0
40,49,662.000,388.000,7.000,6.000,1.0,1,1.0
41,49,660.000,387.000,7.000,5.000,1.0,1,1.0
42,49,659.000,385.000,6.000,6.000,1.0,1,1.0
43,49,658.000,385.000,7.000,5.000,1.0,1,1.0
44,49,657.000,384.000,7.000,6.000,1.0,1,1.0
45,49,655.000,383.000,7.000,5.000,1.0,1,1.0
46,49,654.000,382.000,7.000,5.000,1.0,1,1.0
47,49,653.000,381.000,7.000,5.000,1.0,1,1.0
48,49,651.000,380.000,8.000,6.000,1.0,1,1.0
49,49,650.000,380.000,7.000,4.000,1.0,1,1.0
50,49,648.000,380.000,8.000,4.000,1.0,1,1.0
51,49,646.000,381.000,8.000,4.000,1.0,1,1.0
52,49,644.000,382.000,9.000,4.000,1.0,1,1.0
53,49,644.000,382.000,8.000,4.000,1.0,1,1.0
54,49,643.000,381.000,8.000,4.000,1.0,1,1.0
55,49,643.000,381.000,8.000,4.000,1.0,1,1.0
56,49,642.000,379.000,8.000,5.000,1.0,1,1.0
57,49,641.000,377.000,7.000,7.000,1.0,1,1.0
58,49,641.000,376.000,6.000,7.000,1.0,1,1.0
59,49,640.000,375.000,6.000,7.000,1.0,1,1.0
60,49,639.000,374.000,7.000,7.000,1.0,1,1.0
61,49,639.000,373.000,6.000,7.000,1.0,1,1.0
62,49,638.000,373.000,6.000,6.000,1.0,1,1.0
63,49,637.000,372.000,7.000,6.000,1.0,1,1.0
64,49,636.000,371.000,6.000,6.000,1.0,1,1.0
65,49,634.000,370.000,7.000,6.000,1.0,1,1.0
66,49,633.000,369.000,7.000,6.000,1.0,1,1.0
67,49,632.000,368.000,7.000,6.000,1.0,1,1.0
68,49,631.000,367.000,7.000,6.000,1.0,1,1.0
69,49,630.000,367.000,7.000,6.000,1.0,1,1.0
70,49,628.000,366.000,8.000,5.000,1.0,1,1.0
71,49,627.000,365.000,7.000,5.000,1.0,1,1.0
72,49,626.000,365.000,7.000,5.000,1.0,1,1.0
73,49,625.000,364.000,6.000,5.000,1.0,1,1.0
74,49,624.000,363.000,6.000,5.000,1.0,1,1.0
75,49,623.000,363.000,5.000,5.000,1.0,1,1.0
76,49,621.000,362.000,6.000,5.000,1.0,1,1.0
77,49,620.000,361.000,6.000,5.000,1.0,1,1.0
78,49,619.000,361.000,5.000,5.000,1.0,1,1.0
79,49,618.000,361.000,5.000,4.000,1.0,1,1.0
80,49,617.000,360.000,5.000,5.000,1.0,1,1.0
81,49,616.000,360.000,5.000,5.000,1.0,1,1.0
82,49,616.000,360.000,5.000,4.000,1.0,1,1.0
83,49,614.000,360.000,5.000,4.000,1.0,1,1.0
84,49,614.000,359.000,5.000,5.000,1.0,1,1.0
85,49,614.000,359.000,5.000,6.000,1.0,1,1.0
86,49,613.000,359.000,5.000,5.000,1.0,1,1.0
87,49,613.000,359.000,5.000,5.000,1.0,1,1.0
88,49,613.000,358.000,5.000,5.000,1.0,1,1.0
89,49,613.000,358.000,5.000,5.000,1.0,1,1.0
90,49,613.000,358.000,5.000,5.000,1.0,1,1.0
91,49,613.000,357.000,5.000,6.000,1.0,1,1.0
92,49,613.000,357.000,5.000,5.000,1.0,1,1.0
93,49,613.000,356.000,5.000,5.000,1.0,1,1.0
94,49,613.000,354.000,5.000,6.000,1.0,1,1.0
95,49,613.000,354.000,5.000,5.000,1.0,1,1.0
96,49,614.000,353.000,5.000,6.000,1.0,1,1.0
97,49,614.000,352.000,5.000,6.000,1.0,1,1.0
98,49,615.000,351.000,5.000,6.000,1.0,1,1.0
99,49,615.000,351.000,5.000,5.000,1.0,1,1.0
100,49,616.000,349.000,5.000,5.000,1.0,1,1.0
101,49,616.000,348.000,6.000,6.000,1.0,1,1.0
102,49,617.000,348.000,6.000,5.000,1.0,1,1.0
103,49,618.000,346.000,6.000,6.000,1.0,1,1.0
104,49,619.000,345.000,6.000,6.000,1.0,1,1.0
105,49,620.000,344.000,6.000,6.000,1.0,1,1.0
106,49,621.000,342.000,7.000,6.000,1.0,1,1.0
107,49,623.000,340.000,5.000,7.000,1.0,1,1.0
108,49,623.000,339.000,6.000,6.000,1.0,1,1.0
109,49,625.000,336.000,5.000,8.000,1.0,1,1.0
110,49,625.000,334.000,5.000,9.000,1.0,1,1.0
111,49,626.000,332.000,5.000,9.000,1.0,1,1.0
112,49,626.000,330.000,6.000,9.000,1.0,1,1.0
113,49,627.000,328.000,5.000,9.000,1.0,1,1.0
114,49,627.000,326.000,5.000,9.000,1.0,1,1.0
115,49,628.000,323.000,4.000,10.000,1.0,1,1.0
116,49,628.000,321.000,5.000,10.000,1.0,1,1.0
117,49,628.000,319.000,5.000,10.000,1.0,1,1.0
118,49,628.000,317.000,5.000,10.000,1.0,1,1.0
119,49,628.000,315.000,5.000,10.000,1.0,1,1.0
120,49,628.000,313.000,5.000,9.000,1.0,1,1.0
121,49,629.000,310.000,4.000,10.000,1.0,1,1.0
122,49,629.000,308.000,4.000,10.000,1.0,1,1.0
123,49,628.000,306.000,5.000,9.000,1.0,1,1.0
124,49,628.000,304.000,5.000,9.000,1.0,1,1.0
125,49,628.000,302.000,4.000,9.000,1.0,1,1.0
126,49,628.000,300.000,4.000,9.000,1.0,1,1.0
127,49,628.000,298.000,4.000,9.000,1.0,1,1.0
128,49,628.000,296.000,4.000,9.000,1.0,1,1.0
129,49,627.000,294.000,5.000,9.000,1.0,1,1.0
130,49,627.000,292.000,5.000,9.000,1.0,1,1.0
131,49,627.000,290.000,4.000,9.000,1.0,1,1.0
132,49,627.000,288.000,4.000,9.000,1.0,1,1.0
133,49,627.000,286.000,4.000,9.000,1.0,1,1.0
134,49,626.000,283.000,5.000,10.000,1.0,1,1.0
135,49,626.000,281.000,5.000,9.000,1.0,1,1.0
136,49,626.000,280.000,5.000,9.000,1.0,1,1.0
137,49,626.000,277.000,5.000,10.000,1.0,1,1.0
138,49,626.000,275.000,5.000,10.000,1.0,1,1.0
139,49,626.000,273.000,5.000,9.000,1.0,1,1.0
140,49,626.000,271.000,4.000,9.000,1.0,1,1.0
141,49,626.000,268.000,4.000,10.000,1.0,1,1.0
142,49,626.000,266.000,4.000,9.000,1.0,1,1.0
143,49,626.000,264.000,4.000,9.000,1.0,1,1.0
144,49,626.000,262.000,4.000,9.000,1.0,1,1.0
145,49,626.000,259.000,4.000,10.000,1.0,1,1.0
146,49,626.000,257.000,4.000,9.000,1.0,1,1.0
147,49,626.000,255.000,4.000,9.000,1.0,1,1.0
148,49,625.000,252.000,5.000,9.000,1.0,1,1.0
149,49,626.000,250.000,4.000,9.000,1.0,1,1.0
150,49,625.000,247.000,5.000,10.000,1.0,1,1.0
151,49,626.000,245.000,4.000,10.000,1.0,1,1.0
152,49,626.000,243.000,4.000,10.000,1.0,1,1.0
153,49,626.000,241.000,4.000,10.000,1.0,1,1.0
154,49,626.000,239.000,5.000,9.000,1.0,1,1.0
155,49,626.000,237.000,5.000,10.000,1.0,1,1.0
156,49,627.000,235.000,5.000,9.000,1.0,1,1.0
157,49,627.000,233.000,5.000,9.000,1.0,1,1.0
158,49,627.000,231.000,5.000,9.000,1.0,1,1.0
159,49,628.000,229.000,4.000,9.000,1.0,1,1.0
160,49,628.000,227.000,5.000,9.000,1.0,1,1.0
161,49,628.000,225.000,5.000,9.000,1.0,1,1.0
162,49,629.000,223.000,5.000,9.000,1.0,1,1.0
163,49,630.000,221.000,5.000,9.000,1.0,1,1.0
164,49,630.000,219.000,5.000,8.000,1.0,1,1.0
165,49,631.000,217.000,5.000,9.000,1.0,1,1.0
166,49,631.000,215.000,6.000,8.000,1.0,1,1.0
167,49,632.000,213.000,6.000,8.000,1.0,1,1.0
168,49,633.000,211.000,6.000,8.000,1.0,1,1.0
169,49,634.000,209.000,6.000,8.000,1.0,1,1.0
170,49,635.000,207.000,6.000,8.000,1.0,1,1.0
171,49,636.000,205.000,6.000,8.000,1.0,1,1.0
172,49,637.000,204.000,7.000,7.000,1.0,1,1.0
173,49,638.000,201.000,6.000,8.000,1.0,1,1.0
174,49,639.000,199.000,5.000,9.000,1.0,1,1.0
175,49,639.000,197.000,5.000,9.000,1.0,1,1.0
176,49,640.000,195.000,4.000,8.000,1.0,1,1.0
177,49,640.000,193.000,5.000,9.000,1.0,1,1.0
178,49,640.000,191.000,5.000,9.000,1.0,1,1.0
179,49,640.000,188.000,5.000,10.000,1.0,1,1.0
180,49,641.000,187.000,5.000,9.000,1.0,1,1.0
181,49,641.000,185.000,5.000,9.000,1.0,1,1.0
182,49,642.000,183.000,5.000,8.000,1.0,1,1.0
183,49,642.000,181.000,6.000,8.000,1.0,1,1.0
184,49,643.000,179.000,5.000,8.000,1.0,1,1.0
185,49,644.000,177.000,5.000,8.000,1.0,1,1.0
186,49,645.000,175.000,5.000,9.000,1.0,1,1.0
187,49,645.000,173.000,6.000,8.000,1.0,1,1.0
188,49,646.000,171.000,6.000,8.000,1.0,1,1.0
189,49,647.000,170.000,6.000,8.000,1.0,1,1.0
190,49,648.000,167.000,5.000,8.000,1.0,1,1.0
191,49,649.000,166.000,5.000,8.000,1.0,1,1.0
192,49,649.000,164.000,6.000,8.000,1.0,1,1.0
193,49,650.000,162.000,6.000,8.000,1.0,1,1.0
194,49,651.000,161.000,5.000,8.000,1.0,1,1.0
195,49,652.000,158.000,5.000,8.000,1.0,1,1.0
196,49,652.000,156.000,4.000,9.000,1.0,1,1.0
197,49,652.000,155.000,4.000,9.000,1.0,1,1.0
198,49,652.000,153.000,4.000,9.000,1.0,1,1.0
199,49,652.000,152.000,5.000,9.000,1.0,1,1.0
200,49,652.000,151.000,5.000,9.000,1.0,1,1.0
201,49,652.000,151.000,6.000,7.000,1.0,1,1.0
202,49,653.000,150.000,6.000,7.000,1.0,1,1.0
203,49,654.000,149.000,6.000,8.000,1.0,1,1.0
204,49,655.000,148.000,6.000,8.000,1.0,1,1.0
205,49,656.000,148.000,7.000,7.000,1.0,1,1.0
206,49,658.000,147.000,6.000,6.000,1.0,1,1.0
207,49,659.000,146.000,6.000,7.000,1.0,1,1.0
208,49,660.000,145.000,7.000,7.000,1.0,1,1.0
209,49,661.000,145.000,7.000,6.000,1.0,1,1.0
210,49,662.000,144.000,6.000,7.000,1.0,1,1.0
211,49,662.000,144.000,7.000,6.000,1.0,1,1.0
212,49,663.000,144.000,7.000,6.000,1.0,1,1.0
213,49,663.000,144.000,7.000,6.000,1.0,1,1.0
214,49,663.000,144.000,7.000,6.000,1.0,1,1.0
215,49,663.000,144.000,7.000,6.000,1.0,1,1.0
216,49,663.000,144.000,7.000,6.000,1.0,1,1.0
217,49,663.000,144.000,7.000,6.000,1.0,1,1.0
218,49,663.000,144.000,7.000,6.000,1.0,1,1.0
219,49,663.000,144.000,7.000,6.000,1.0,1,1.0
220,49,663.000,144.000,6.000,6.000,1.0,1,1.0
221,49,663.000,144.000,6.000,6.000,1.0,1,1.0
222,49,663.000,144.000,6.000,6.000,1.0,1,1.0
223,49,663.000,144.000,6.000,6.000,1.0,1,1.0
224,49,663.000,144.000,6.000,6.000,1.0,1,1.0
225,49,663.000,144.000,6.000,6.000,1.0,1,1.0
226,49,663.000,144.000,6.000,6.000,1.0,1,1.0
227,49,663.000,144.000,6.000,6.000,1.0,1,1.0
228,49,663.000,144.000,6.000,6.000,1.0,1,1.0
229,49,663.000,144.000,6.000,6.000,1.0,1,1.0
230,49,663.000,144.000,6.000,6.000,1.0,1,1.0
231,49,663.000,144.000,6.000,7.000,1.0,1,1.0
232,49,663.000,144.000,6.000,6.000,1.0,1,1.0
233,49,663.000,144.000,6.000,6.000,1.0,1,1.0
234,49,663.000,144.000,6.000,6.000,1.0,1,1.0
235,49,663.000,144.000,6.000,6.000,1.0,1,1.0
236,49,663.000,144.000,6.000,6.000,1.0,1,1.0
237,49,663.000,144.000,6.000,6.000,1.0,1,1.0
238,49,663.000,144.000,6.000,6.000,1.0,1,1.0
239,49,663.000,144.000,6.000,7.000,1.0,1,1.0
240,49,662.000,144.000,7.000,7.000,1.0,1,1.0
241,49,663.000,144.000,6.000,7.000,1.0,1,1.0
242,49,663.000,144.000,6.000,6.000,1.0,1,1.0
243,49,663.000,144.000,6.000,6.000,1.0,1,1.0
244,49,663.000,144.000,6.000,6.000,1.0,1,1.0
245,49,663.000,144.000,6.000,6.000,1.0,1,1.0
246,49,663.000,144.000,6.000,6.000,1.0,1,1.0
247,49,663.000,144.000,5.000,6.000,1.0,1,1.0
248,49,663.000,144.000,5.000,6.000,1.0,1,1.0
249,49,663.000,144.000,5.000,6.000,1.0,1,1.0
250,49,663.000,144.000,5.000,6.000,1.0,1,1.0
251,49,663.000,144.000,5.000,6.000,1.0,1,1.0
252,49,663.000,144.000,5.000,6.000,1.0,1,1.0
253,49,663.000,145.000,5.000,6.000,1.0,1,1.0
254,49,663.000,145.000,5.000,6.000,1.0,1,1.0
255,49,663.000,145.000,5.000,6.000,1.0,1,1.0
256,49,663.000,145.000,5.000,5.000,1.0,1,1.0
257,49,663.000,145.000,5.000,6.000,1.0,1,1.0
258,49,663.000,145.000,5.000,6.000,1.0,1,1.0
259,49,663.000,145.000,5.000,6.000,1.0,1,1.0
260,49,663.000,145.000,5.000,6.000,1.0,1,1.0
261,49,663.000,145.000,5.000,6.000,1.0,1,1.0
262,49,663.000,145.000,5.000,6.000,1.0,1,1.0
263,49,663.000,145.000,5.000,6.000,1.0,1,1.0
264,49,663.000,145.000,5.000,6.000,1.0,1,1.0
265,49,663.000,145.000,5.000,6.000,1.0,1,1.0
266,49,663.000,145.000,5.000,6.000,1.0,1,1.0
267,49,663.000,145.000,5.000,6.000,1.0,1,1.0
268,49,663.000,145.000,5.000,6.000,1.0,1,1.0
269,49,663.000,145.000,5.000,6.000,1.0,1,1.0
270,49,663.000,145.000,5.000,6.000,1.0,1,1.0
271,49,663.000,145.000,5.000,6.000,1.0,1,1.0
272,49,663.000,145.000,5.000,6.000,1.0,1,1.0
273,49,663.000,145.000,5.000,6.000,1.0,1,1.0
274,49,663.000,145.000,5.000,6.000,1.0,1,1.0
275,49,663.000,145.000,5.000,6.000,1.0,1,1.0
276,49,663.000,145.000,5.000,6.000,1.0,1,1.0
277,49,663.000,145.000,5.000,6.000,1.0,1,1.0
278,49,663.000,145.000,5.000,6.000,1.0,1,1.0
279,49,663.000,145.000,5.000,6.000,1.0,1,1.0
280,49,663.000,145.000,5.000,6.000,1.0,1,1.0
281,49,662.000,145.000,6.000,6.000,1.0,1,1.0
282,49,663.000,145.000,5.000,6.000,1.0,1,1.0
283,49,662.000,145.000,6.000,6.000,1.0,1,1.0
284,49,662.000,145.000,6.000,6.000,1.0,1,1.0
285,49,662.000,145.000,6.000,6.000,1.0,1,1.0
286,49,662.000,145.000,6.000,6.000,1.0,1,1.0
287,49,662.000,145.000,6.000,6.000,1.0,1,1.0
288,49,662.000,145.000,6.000,6.000,1.0,1,1.0
289,49,662.000,146.000,6.000,5.000,1.0,1,1.0
290,49,662.000,146.000,6.000,5.000,1.0,1,1.0
291,49,662.000,145.000,6.000,6.000,1.0,1,1.0
292,49,662.000,145.000,6.000,6.000,1.0,1,1.0
293,49,662.000,145.000,6.000,6.000,1.0,1,1.0
294,49,662.000,145.000,6.000,6.000,1.0,1,1.0
295,49,662.000,145.000,6.000,6.000,1.0,1,1.0
296,49,662.000,145.000,6.000,6.000,1.0,1,1.0
297,49,662.000,145.000,6.000,6.000,1.0,1,1.0
298,49,662.000,145.000,6.000,6.000,1.0,1,1.0
299,49,662.000,145.000,6.000,6.000,1.0,1,1.0
300,49,663.000,145.000,5.000,6.000,1.0,1,1.0
301,49,662.000,145.000,6.000,6.000,1.0,1,1.0
302,49,662.000,145.000,6.000,6.000,1.0,1,1.0
303,49,662.000,145.000,6.000,6.000,1.0,1,1.0
304,49,662.000,145.000,6.000,6.000,1.0,1,1.0
305,49,662.000,145.000,6.000,6.000,1.0,1,1.0
306,49,662.000,145.000,6.000,6.000,1.0,1,1.0
307,49,662.000,146.000,6.000,5.000,1.0,1,1.0
308,49,662.000,146.000,6.000,5.000,1.0,1,1.0
309,49,662.000,146.000,6.000,5.000,1.0,1,1.0
310,49,662.000,146.000,6.000,5.000,1.0,1,1.0
311,49,662.000,146.000,6.000,5.000,1.0,1,1.0
312,49,662.000,146.000,6.000,5.000,1.0,1,1.0
313,49,662.000,146.000,6.000,5.000,1.0,1,1.0
314,49,662.000,146.000,6.000,5.000,1.0,1,1.0
315,49,662.000,146.000,6.000,5.000,1.0,1,1.0
316,49,662.000,146.000,6.000,5.000,1.0,1,1.0
317,49,662.000,146.000,7.000,5.000,1.0,1,1.0
318,49,662.000,145.000,8.000,5.000,1.0,1,1.0
319,49,662.000,145.000,8.000,5.000,1.0,1,1.0
320,49,663.000,145.000,8.000,5.000,1.0,1,1.0
321,49,664.000,145.000,8.000,5.000,1.0,1,1.0
322,49,665.000,145.000,8.000,5.000,1.0,1,1.0
323,49,666.000,145.000,8.000,5.000,1.0,1,1.0
324,49,666.000,145.000,8.000,5.000,1.0,1,1.0
325,49,667.000,146.000,8.000,4.000,1.0,1,1.0
326,49,668.000,146.000,7.000,5.000,1.0,1,1.0
327,49,668.000,146.000,7.000,4.000,1.0,1,1.0
328,49,669.000,145.000,6.000,5.000,1.0,1,1.0
329,49,669.000,145.000,7.000,5.000,1.0,1,1.0
330,49,669.000,145.000,7.000,5.000,1.0,1,1.0
331,49,670.000,144.000,6.000,6.000,1.0,1,1.0
332,49,671.000,142.000,6.000,6.000,1.0,1,1.0
333,49,672.000,140.000,6.000,7.000,1.0,1,1.0
334,49,673.000,140.000,5.000,6.000,1.0,1,1.0
335,49,674.000,139.000,5.000,6.000,1.0,1,1.0
336,49,675.000,137.000,5.000,7.000,1.0,1,1.0
337,49,676.000,136.000,5.000,7.000,1.0,1,1.0
338,49,677.000,134.000,5.000,6.000,1.0,1,1.0
339,49,678.000,132.000,5.000,7.000,1.0,1,1.0
340,49,678.000,132.000,6.000,6.000,1.0,1,1.0
341,49,679.000,130.000,5.000,7.000,1.0,1,1.0
342,49,680.000,129.000,4.000,6.000,1.0,1,1.0
343,49,681.000,128.000,4.000,6.000,1.0,1,1.0
344,49,681.000,127.000,4.000,6.000,1.0,1,1.0
345,49,681.000,127.000,5.000,6.000,1.0,1,1.0
346,49,681.000,127.000,5.000,5.000,1.0,1,1.0
347,49,681.000,126.000,4.000,5.000,1.0,1,1.0
348,49,681.000,126.000,4.000,5.000,1.0,1,1.0
349,49,680.000,125.000,5.000,5.000,1.0,1,1.0
350,49,680.000,125.000,5.000,5.000,1.0,1,1.0
351,49,679.000,124.000,5.000,5.000,1.0,1,1.0
352,49,679.000,123.000,5.000,6.000,1.0,1,1.0
353,49,679.000,122.000,5.000,6.000,1.0,1,1.0
354,49,678.000,122.000,5.000,5.000,1.0,1,1.0
355,49,677.000,121.000,6.000,6.000,1.0,1,1.0
356,49,677.000,121.000,5.000,5.000,1.0,1,1.0
357,49,676.000,121.000,6.000,5.000,1.0,1,1.0
358,49,676.000,120.000,6.000,5.000,1.0,1,1.0
359,49,675.000,120.000,6.000,5.000,1.0,1,1.0
360,49,675.000,120.000,6.000,5.000,1.0,1,1.0
361,49,674.000,119.000,7.000,6.000,1.0,1,1.0
362,49,674.000,119.000,6.000,5.000,1.0,1,1.0
363,49,674.000,119.000,6.000,5.000,1.0,1,1.0
1,34,546.000,441.000,6.000,5.000,1.0,1,1.0
2,34,546.000,441.000,6.000,5.000,1.0,1,1.0
3,34,546.000,441.000,6.000,5.000,1.0,1,1.0
4,34,555.000,436.000,5.000,8.000,1.0,1,1.0
5,34,554.000,435.000,4.000,8.000,1.0,1,1.0
6,34,553.000,433.000,5.000,7.000,1.0,1,1.0
7,34,551.000,432.000,6.000,6.000,1.0,1,1.0
8,34,549.000,430.000,6.000,6.000,1.0,1,1.0
9,34,548.000,428.000,5.000,7.000,1.0,1,1.0
10,34,547.000,427.000,6.000,7.000,1.0,1,1.0
11,34,546.000,425.000,6.000,7.000,1.0,1,1.0
12,34,545.000,424.000,6.000,7.000,1.0,1,1.0
13,34,545.000,424.000,6.000,6.000,1.0,1,1.0
14,34,545.000,422.000,6.000,7.000,1.0,1,1.0
15,34,545.000,421.000,6.000,7.000,1.0,1,1.0
16,34,544.000,420.000,6.000,7.000,1.0,1,1.0
17,34,544.000,420.000,6.000,7.000,1.0,1,1.0
18,34,543.000,419.000,6.000,7.000,1.0,1,1.0
19,34,541.000,419.000,7.000,5.000,1.0,1,1.0
20,34,539.000,419.000,7.000,4.000,1.0,1,1.0
21,34,537.000,418.000,7.000,4.000,1.0,1,1.0
22,34,535.000,418.000,8.000,4.000,1.0,1,1.0
23,34,535.000,418.000,7.000,4.000,1.0,1,1.0
24,34,534.000,417.000,7.000,4.000,1.0,1,1.0
25,34,535.000,416.000,7.000,6.000,1.0,1,1.0
26,34,535.000,414.000,6.000,7.000,1.0,1,1.0
27,34,535.000,413.000,6.000,7.000,1.0,1,1.0
28,34,535.000,411.000,5.000,8.000,1.0,1,1.0
29,34,535.000,409.000,5.000,8.000,1.0,1,1.0
30,34,535.000,407.000,4.000,8.000,1.0,1,1.0
31,34,534.000,405.000,5.000,8.000,1.0,1,1.0
32,34,534.000,402.000,5.000,9.000,1.0,1,1.0
33,34,534.000,399.000,4.000,9.000,1.0,1,1.0
34,34,533.000,396.000,4.000,9.000,1.0,1,1.0
35,34,533.000,394.000,4.000,8.000,1.0,1,1.0
36,34,532.000,391.000,5.000,8.000,1.0,1,1.0
37,34,532.000,388.000,5.000,8.000,1.0,1,1.0
38,34,532.000,386.000,4.000,8.000,1.0,1,1.0
39,34,530.000,384.000,5.000,7.000,1.0,1,1.0
40,34,528.000,382.000,6.000,7.000,1.0,1,1.0
41,34,526.000,381.000,7.000,6.000,1.0,1,1.0
42,34,524.000,379.000,7.000,6.000,1.0,1,1.0
43,34,524.000,378.000,6.000,7.000,1.0,1,1.0
44,34,523.000,377.000,6.000,7.000,1.0,1,1.0
45,34,522.000,377.000,7.000,6.000,1.0,1,1.0
46,34,522.000,376.000,7.000,7.000,1.0,1,1.0
47,34,522.000,376.000,6.000,7.000,1.0,1,1.0
48,34,521.000,376.000,7.000,6.000,1.0,1,1.0
49,34,521.000,376.000,6.000,5.000,1.0,1,1.0
50,34,515.000,371.000,8.000,5.000,1.0,1,1.0
51,34,492.000,355.000,4.000,6.000,1.0,1,1.0
52,34,492.000,355.000,5.000,7.000,1.0,1,1.0
53,34,492.000,355.000,5.000,6.000,1.0,1,1.0
54,34,492.000,354.000,5.000,6.000,1.0,1,1.0
55,34,492.000,353.000,5.000,7.000,1.0,1,1.0
56,34,492.000,354.000,5.000,5.000,1.0,1,1.0
57,34,492.000,353.000,5.000,5.000,1.0,1,1.0
58,34,493.000,353.000,4.000,5.000,1.0,1,1.0
59,34,493.000,354.000,5.000,4.000,1.0,1,1.0
60,34,493.000,354.000,5.000,4.000,1.0,1,1.0
61,34,494.000,354.000,5.000,4.000,1.0,1,1.0
62,34,494.000,354.000,5.000,4.000,1.0,1,1.0
63,34,494.000,355.000,6.000,4.000,1.0,1,1.0
64,34,494.000,355.000,6.000,5.000,1.0,1,1.0
65,34,495.000,355.000,5.000,5.000,1.0,1,1.0
66,34,495.000,355.000,5.000,5.000,1.0,1,1.0
67,34,495.000,355.000,5.000,4.000,1.0,1,1.0
68,34,495.000,355.000,5.000,5.000,1.0,1,1.0
69,34,495.000,355.000,5.000,4.000,1.0,1,1.0
70,34,495.000,355.000,5.000,4.000,1.0,1,1.0
71,34,495.000,355.000,5.000,4.000,1.0,1,1.0
72,34,495.000,355.000,5.000,5.000,1.0,1,1.0
73,34,495.000,355.000,5.000,5.000,1.0,1,1.0
74,34,495.000,356.000,5.000,4.000,1.0,1,1.0
75,34,496.000,357.000,5.000,5.000,1.0,1,1.0
76,34,496.000,357.000,5.000,5.000,1.0,1,1.0
77,34,496.000,358.000,5.000,5.000,1.0,1,1.0
78,34,496.000,358.000,6.000,5.000,1.0,1,1.0
79,34,497.000,359.000,5.000,5.000,1.0,1,1.0
80,34,497.000,359.000,6.000,5.000,1.0,1,1.0
81,34,497.000,359.000,6.000,5.000,1.0,1,1.0
82,34,497.000,359.000,6.000,5.000,1.0,1,1.0
83,34,497.000,360.000,6.000,4.000,1.0,1,1.0
84,34,540.000,358.000,8.000,7.000,1.0,1,1.0
85,34,557.000,353.000,4.000,8.000,1.0,1,1.0
86,34,557.000,352.000,4.000,9.000,1.0,1,1.0
87,34,557.000,352.000,4.000,8.000,1.0,1,1.0
88,34,557.000,351.000,5.000,8.000,1.0,1,1.0
89,34,557.000,349.000,4.000,8.000,1.0,1,1.0
90,34,556.000,347.000,5.000,9.000,1.0,1,1.0
91,34,556.000,346.000,5.000,8.000,1.0,1,1.0
92,34,555.000,345.000,6.000,7.000,1.0,1,1.0
93,34,555.000,343.000,5.000,7.000,1.0,1,1.0
94,34,554.000,342.000,5.000,6.000,1.0,1,1.0
95,34,553.000,341.000,5.000,6.000,1.0,1,1.0
96,34,552.000,340.000,5.000,5.000,1.0,1,1.0
97,34,550.000,339.000,6.000,6.000,1.0,1,1.0
98,34,549.000,339.000,6.000,5.000,1.0,1,1.0
99,34,547.000,338.000,7.000,5.000,1.0,1,1.0
100,34,546.000,338.000,7.000,5.000,1.0,1,1.0
101,34,545.000,338.000,7.000,4.000,1.0,1,1.0
102,34,544.000,338.000,7.000,4.000,1.0,1,1.0
103,34,544.000,337.000,7.000,5.000,1.0,1,1.0
104,34,544.000,337.000,7.000,5.000,1.0,1,1.0
105,34,543.000,337.000,8.000,4.000,1.0,1,1.0
106,34,531.000,333.000,9.000,5.000,1.0,1,1.0
107,34,495.000,324.000,5.000,6.000,1.0,1,1.0
108,34,495.000,323.000,5.000,7.000,1.0,1,1.0
109,34,495.000,323.000,5.000,7.000,1.0,1,1.0
110,34,495.000,322.000,5.000,7.000,1.0,1,1.0
111,34,495.000,322.000,5.000,7.000,1.0,1,1.0
112,34,495.000,322.000,5.000,7.000,1.0,1,1.0
113,34,495.000,321.000,5.000,7.000,1.0,1,1.0
114,34,496.000,322.000,5.000,6.000,1.0,1,1.0
115,34,496.000,323.000,5.000,4.000,1.0,1,1.0
116,34,496.000,324.000,6.000,4.000,1.0,1,1.0
117,34,497.000,324.000,7.000,4.000,1.0,1,1.0
118,34,498.000,325.000,7.000,4.000,1.0,1,1.0
119,34,499.000,326.000,7.000,5.000,1.0,1,1.0
120,34,499.000,326.000,7.000,5.000,1.0,1,1.0
121,34,500.000,326.000,7.000,5.000,1.0,1,1.0
122,34,501.000,326.000,7.000,5.000,1.0,1,1.0
123,34,501.000,326.000,7.000,6.000,1.0,1,1.0
124,34,502.000,326.000,7.000,6.000,1.0,1,1.0
125,34,502.000,326.000,7.000,6.000,1.0,1,1.0
126,34,501.000,327.000,7.000,5.000,1.0,1,1.0
127,34,502.000,327.000,6.000,5.000,1.0,1,1.0
128,34,502.000,327.000,7.000,5.000,1.0,1,1.0
129,34,502.000,327.000,7.000,5.000,1.0,1,1.0
130,34,501.000,326.000,7.000,6.000,1.0,1,1.0
131,34,502.000,324.000,6.000,6.000,1.0,1,1.0
132,34,503.000,321.000,5.000,8.000,1.0,1,1.0
133,34,504.000,317.000,5.000,9.000,1.0,1,1.0
134,34,504.000,314.000,5.000,10.000,1.0,1,1.0
135,34,504.000,311.000,5.000,9.000,1.0,1,1.0
136,34,504.000,308.000,5.000,9.000,1.0,1,1.0
137,34,504.000,305.000,5.000,9.000,1.0,1,1.0
138,34,504.000,302.000,4.000,9.000,1.0,1,1.0
139,34,504.000,299.000,4.000,9.000,1.0,1,1.0
140,34,503.000,296.000,4.000,9.000,1.0,1,1.0
141,34,503.000,293.000,4.000,10.000,1.0,1,1.0
142,34,503.000,291.000,4.000,8.000,1.0,1,1.0
143,34,502.000,288.000,4.000,8.000,1.0,1,1.0
144,34,502.000,284.000,5.000,9.000,1.0,1,1.0
145,34,503.000,282.000,4.000,9.000,1.0,1,1.0
146,34,503.000,280.000,4.000,9.000,1.0,1,1.0
147,34,503.000,278.000,4.000,9.000,1.0,1,1.0
148,34,503.000,276.000,4.000,9.000,1.0,1,1.0
149,34,503.000,275.000,5.000,8.000,1.0,1,1.0
150,34,503.000,273.000,4.000,9.000,1.0,1,1.0
151,34,503.000,270.000,4.000,9.000,1.0,1,1.0
152,34,503.000,267.000,4.000,9.000,1.0,1,1.0
153,34,503.000,265.000,4.000,8.000,1.0,1,1.0
154,34,502.000,262.000,4.000,9.000,1.0,1,1.0
155,34,502.000,259.000,4.000,9.000,1.0,1,1.0
156,34,501.000,256.000,5.000,9.000,1.0,1,1.0
157,34,500.000,254.000,5.000,9.000,1.0,1,1.0
158,34,500.000,252.000,4.000,8.000,1.0,1,1.0
159,34,499.000,250.000,4.000,8.000,1.0,1,1.0
160,34,498.000,248.000,5.000,7.000,1.0,1,1.0
161,34,497.000,246.000,5.000,7.000,1.0,1,1.0
162,34,496.000,244.000,4.000,7.000,1.0,1,1.0
163,34,495.000,242.000,5.000,7.000,1.0,1,1.0
164,34,494.000,240.000,5.000,6.000,1.0,1,1.0
165,34,494.000,238.000,4.000,6.000,1.0,1,1.0
166,34,493.000,236.000,4.000,6.000,1.0,1,1.0
167,34,493.000,234.000,4.000,6.000,1.0,1,1.0
168,34,493.000,232.000,4.000,6.000,1.0,1,1.0
169,34,493.000,229.000,4.000,7.000,1.0,1,1.0
170,34,492.000,226.000,5.000,7.000,1.0,1,1.0
171,34,492.000,224.000,5.000,7.000,1.0,1,1.0
172,34,492.000,221.000,5.000,8.000,1.0,1,1.0
173,34,492.000,218.000,5.000,7.000,1.0,1,1.0
174,34,492.000,215.000,5.000,7.000,1.0,1,1.0
175,34,492.000,212.000,5.000,7.000,1.0,1,1.0
176,34,492.000,209.000,4.000,8.000,1.0,1,1.0
177,34,492.000,206.000,5.000,8.000,1.0,1,1.0
178,34,492.000,203.000,4.000,7.000,1.0,1,1.0
179,34,492.000,200.000,4.000,7.000,1.0,1,1.0
180,34,492.000,197.000,5.000,7.000,1.0,1,1.0
181,34,492.000,194.000,5.000,7.000,1.0,1,1.0
182,34,492.000,191.000,5.000,8.000,1.0,1,1.0
183,34,492.000,188.000,5.000,7.000,1.0,1,1.0
184,34,492.000,185.000,5.000,8.000,1.0,1,1.0
185,34,492.000,183.000,5.000,7.000,1.0,1,1.0
186,34,492.000,180.000,5.000,7.000,1.0,1,1.0
187,34,492.000,178.000,5.000,7.000,1.0,1,1.0
188,34,492.000,176.000,5.000,7.000,1.0,1,1.0
189,34,492.000,174.000,5.000,7.000,1.0,1,1.0
190,34,492.000,171.000,4.000,7.000,1.0,1,1.0
191,34,492.000,170.000,5.000,6.000,1.0,1,1.0
192,34,493.000,168.000,4.000,6.000,1.0,1,1.0
193,34,493.000,166.000,5.000,7.000,1.0,1,1.0
194,34,494.000,165.000,4.000,6.000,1.0,1,1.0
195,34,494.000,164.000,5.000,6.000,1.0,1,1.0
196,34,494.000,163.000,5.000,6.000,1.0,1,1.0
197,34,495.000,160.000,5.000,7.000,1.0,1,1.0
198,34,496.000,159.000,4.000,6.000,1.0,1,1.0
199,34,496.000,156.000,5.000,7.000,1.0,1,1.0
200,34,497.000,154.000,5.000,7.000,1.0,1,1.0
201,34,498.000,152.000,5.000,7.000,1.0,1,1.0
202,34,498.000,150.000,5.000,7.000,1.0,1,1.0
203,34,499.000,149.000,5.000,7.000,1.0,1,1.0
204,34,500.000,148.000,5.000,7.000,1.0,1,1.0
205,34,501.000,147.000,5.000,7.000,1.0,1,1.0
206,34,501.000,146.000,5.000,7.000,1.0,1,1.0
207,34,501.000,146.000,5.000,7.000,1.0,1,1.0
208,34,501.000,146.000,5.000,7.000,1.0,1,1.0
209,34,501.000,146.000,5.000,7.000,1.0,1,1.0
210,34,501.000,146.000,5.000,7.000,1.0,1,1.0
211,34,501.000,146.000,6.000,7.000,1.0,1,1.0
212,34,501.000,146.000,6.000,7.000,1.0,1,1.0
213,34,522.000,138.000,7.000,7.000,1.0,1,1.0
214,34,547.000,109.000,4.000,8.000,1.0,1,1.0
218,34,540.000,101.000,5.000,6.000,1.0,1,1.0
219,34,541.000,109.000,5.000,5.000,1.0,1,1.0
220,34,542.000,112.000,5.000,7.000,1.0,1,1.0
221,34,541.000,112.000,7.000,5.000,1.0,1,1.0
222,34,520.000,112.000,7.000,5.000,1.0,1,1.0
223,34,503.000,107.000,4.000,6.000,1.0,1,1.0
224,34,503.000,106.000,4.000,8.000,1.0,1,1.0
225,34,503.000,104.000,4.000,10.000,1.0,1,1.0
226,34,503.000,104.000,4.000,9.000,1.0,1,1.0
227,34,502.000,103.000,5.000,8.000,1.0,1,1.0
228,34,503.000,102.000,4.000,8.000,1.0,1,1.0
229,34,503.000,102.000,4.000,6.000,1.0,1,1.0
230,34,503.000,102.000,4.000,6.000,1.0,1,1.0
231,34,503.000,102.000,4.000,5.000,1.0,1,1.0
232,34,502.000,101.000,5.000,5.000,1.0,1,1.0
252,34,540.000,103.000,8.000,6.000,1.0,1,1.0
253,34,545.000,117.000,4.000,5.000,1.0,1,1.0
254,34,545.000,125.000,7.000,6.000,1.0,1,1.0
255,34,545.000,150.000,7.000,7.000,1.0,1,1.0
257,34,496.000,221.000,6.000,6.000,1.0,1,1.0
258,34,497.000,221.000,5.000,6.000,1.0,1,1.0
259,34,497.000,221.000,5.000,6.000,1.0,1,1.0
260,34,497.000,221.000,5.000,6.000,1.0,1,1.0
261,34,497.000,221.000,5.000,6.000,1.0,1,1.0
262,34,497.000,220.000,5.000,6.000,1.0,1,1.0
263,34,497.000,217.000,5.000,7.000,1.0,1,1.0
264,34,498.000,215.000,5.000,8.000,1.0,1,1.0
265,34,498.000,213.000,5.000,8.000,1.0,1,1.0
266,34,498.000,212.000,5.000,8.000,1.0,1,1.0
267,34,498.000,212.000,5.000,8.000,1.0,1,1.0
268,34,498.000,212.000,5.000,8.000,1.0,1,1.0
269,34,498.000,212.000,5.000,8.000,1.0,1,1.0
270,34,498.000,212.000,5.000,8.000,1.0,1,1.0
271,34,498.000,212.000,5.000,8.000,1.0,1,1.0
272,34,498.000,212.000,5.000,8.000,1.0,1,1.0
273,34,498.000,211.000,5.000,8.000,1.0,1,1.0
274,34,498.000,211.000,5.000,7.000,1.0,1,1.0
275,34,499.000,210.000,5.000,7.000,1.0,1,1.0
276,34,499.000,208.000,5.000,8.000,1.0,1,1.0
277,34,500.000,207.000,5.000,8.000,1.0,1,1.0
278,34,501.000,205.000,5.000,8.000,1.0,1,1.0
279,34,501.000,204.000,5.000,8.000,1.0,1,1.0
280,34,501.000,203.000,6.000,7.000,1.0,1,1.0
281,34,501.000,203.000,6.000,7.000,1.0,1,1.0
282,34,502.000,202.000,5.000,7.000,1.0,1,1.0
283,34,502.000,202.000,5.000,7.000,1.0,1,1.0
284,34,502.000,202.000,5.000,7.000,1.0,1,1.0
285,34,516.000,192.000,9.000,8.000,1.0,1,1.0
286,34,549.000,160.000,5.000,9.000,1.0,1,1.0
1,14,165.000,436.000,7.000,6.000,1.0,1,1.0
2,14,164.000,435.000,6.000,7.000,1.0,1,1.0
3,14,164.000,436.000,6.000,5.000,1.0,1,1.0
4,14,164.000,436.000,6.000,6.000,1.0,1,1.0
5,14,162.000,436.000,7.000,5.000,1.0,1,1.0
6,14,162.000,436.000,6.000,5.000,1.0,1,1.0
7,14,162.000,436.000,6.000,5.000,1.0,1,1.0
8,14,161.000,436.000,6.000,5.000,1.0,1,1.0
9,14,161.000,436.000,6.000,5.000,1.0,1,1.0
10,14,161.000,436.000,6.000,5.000,1.0,1,1.0
11,14,161.000,436.000,6.000,5.000,1.0,1,1.0
13,14,160.000,436.000,6.000,6.000,1.0,1,1.0
16,14,155.000,432.000,6.000,7.000,1.0,1,1.0
22,14,182.000,430.000,4.000,8.000,1.0,1,1.0
23,14,183.000,419.000,6.000,7.000,1.0,1,1.0
24,14,182.000,420.000,5.000,5.000,1.0,1,1.0
52,14,186.000,406.000,6.000,4.000,1.0,1,1.0
53,14,184.000,405.000,6.000,6.000,1.0,1,1.0
55,14,176.000,438.000,8.000,7.000,1.0,1,1.0
56,14,176.000,439.000,7.000,5.000,1.0,1,1.0
57,14,176.000,439.000,7.000,5.000,1.0,1,1.0
58,14,176.000,439.000,7.000,5.000,1.0,1,1.0
59,14,176.000,439.000,7.000,5.000,1.0,1,1.0
60,14,175.000,438.000,7.000,6.000,1.0,1,1.0
61,14,173.000,439.000,9.000,5.000,1.0,1,1.0
62,14,173.000,439.000,8.000,5.000,1.0,1,1.0
63,14,173.000,439.000,8.000,5.000,1.0,1,1.0
64,14,173.000,439.000,8.000,6.000,1.0,1,1.0
65,14,173.000,439.000,7.000,6.000,1.0,1,1.0
66,14,172.000,439.000,8.000,5.000,1.0,1,1.0
67,14,171.000,439.000,8.000,5.000,1.0,1,1.0
68,14,170.000,439.000,9.000,5.000,1.0,1,1.0
69,14,170.000,440.000,9.000,5.000,1.0,1,1.0
70,14,173.000,440.000,6.000,4.000,1.0,1,1.0
71,14,173.000,440.000,6.000,5.000,1.0,1,1.0
72,14,173.000,440.000,6.000,4.000,1.0,1,1.0
73,14,173.000,440.000,6.000,4.000,1.0,1,1.0
74,14,173.000,440.000,6.000,4.000,1.0,1,1.0
75,14,174.000,440.000,6.000,5.000,1.0,1,1.0
76,14,173.000,440.000,7.000,5.000,1.0,1,1.0
77,14,173.000,440.000,6.000,5.000,1.0,1,1.0
78,14,173.000,440.000,10.000,5.000,1.0,1,1.0
79,14,169.000,425.000,5.000,8.000,1.0,1,1.0
80,14,131.000,382.000,6.000,5.000,1.0,1,1.0
81,14,138.000,395.000,6.000,10.000,1.0,1,1.0
82,14,130.000,439.000,6.000,6.000,1.0,1,1.0
91,14,125.000,437.000,6.000,5.000,1.0,1,1.0
92,14,135.000,439.000,7.000,4.000,1.0,1,1.0
94,14,139.000,439.000,7.000,5.000,1.0,1,1.0
95,14,138.000,438.000,6.000,6.000,1.0,1,1.0
96,14,138.000,439.000,7.000,5.000,1.0,1,1.0
97,14,138.000,439.000,7.000,6.000,1.0,1,1.0
98,14,138.000,439.000,7.000,6.000,1.0,1,1.0
99,14,138.000,439.000,7.000,6.000,1.0,1,1.0
100,14,140.000,439.000,6.000,6.000,1.0,1,1.0
101,14,140.000,439.000,6.000,6.000,1.0,1,1.0
102,14,140.000,439.000,6.000,5.000,1.0,1,1.0
103,14,141.000,439.000,5.000,5.000,1.0,1,1.0
104,14,141.000,439.000,6.000,5.000,1.0,1,1.0
105,14,141.000,439.000,6.000,5.000,1.0,1,1.0
106,14,141.000,439.000,5.000,5.000,1.0,1,1.0
107,14,141.000,439.000,5.000,5.000,1.0,1,1.0
108,14,141.000,439.000,5.000,5.000,1.0,1,1.0
109,14,141.000,439.000,5.000,5.000,1.0,1,1.0
110,14,141.000,439.000,5.000,6.000,1.0,1,1.0
111,14,141.000,440.000,5.000,5.000,1.0,1,1.0
112,14,140.000,440.000,6.000,5.000,1.0,1,1.0
113,14,141.000,440.000,5.000,5.000,1.0,1,1.0
114,14,141.000,440.000,5.000,5.000,1.0,1,1.0
115,14,141.000,439.000,6.000,6.000,1.0,1,1.0
116,14,141.000,440.000,6.000,6.000,1.0,1,1.0
117,14,143.000,440.000,5.000,6.000,1.0,1,1.0
118,14,141.000,441.000,6.000,5.000,1.0,1,1.0
119,14,140.000,439.000,7.000,6.000,1.0,1,1.0
120,14,140.000,439.000,6.000,6.000,1.0,1,1.0
121,14,140.000,439.000,7.000,6.000,1.0,1,1.0
122,14,140.000,439.000,7.000,6.000,1.0,1,1.0
123,14,140.000,439.000,7.000,6.000,1.0,1,1.0
124,14,140.000,439.000,7.000,6.000,1.0,1,1.0
125,14,141.000,439.000,6.000,6.000,1.0,1,1.0
126,14,142.000,440.000,5.000,5.000,1.0,1,1.0
127,14,141.000,440.000,5.000,5.000,1.0,1,1.0
128,14,141.000,440.000,6.000,5.000,1.0,1,1.0
129,14,141.000,440.000,6.000,6.000,1.0,1,1.0
130,14,142.000,441.000,5.000,5.000,1.0,1,1.0
132,14,142.000,440.000,5.000,5.000,1.0,1,1.0
133,14,141.000,440.000,7.000,6.000,1.0,1,1.0
134,14,141.000,440.000,7.000,6.000,1.0,1,1.0
135,14,141.000,440.000,7.000,5.000,1.0,1,1.0
136,14,141.000,440.000,8.000,6.000,1.0,1,1.0
137,14,142.000,440.000,7.000,5.000,1.0,1,1.0
139,14,144.000,441.000,8.000,4.000,1.0,1,1.0
141,14,144.000,440.000,10.000,5.000,1.0,1,1.0
142,14,144.000,440.000,9.000,5.000,1.0,1,1.0
143,14,144.000,440.000,9.000,5.000,1.0,1,1.0
144,14,144.000,441.000,8.000,4.000,1.0,1,1.0
145,14,144.000,441.000,8.000,4.000,1.0,1,1.0
146,14,144.000,440.000,8.000,5.000,1.0,1,1.0
147,14,144.000,440.000,9.000,5.000,1.0,1,1.0
148,14,144.000,440.000,8.000,6.000,1.0,1,1.0
149,14,144.000,440.000,8.000,6.000,1.0,1,1.0
150,14,144.000,439.000,8.000,7.000,1.0,1,1.0
151,14,144.000,440.000,8.000,6.000,1.0,1,1.0
152,14,146.000,440.000,6.000,6.000,1.0,1,1.0
153,14,146.000,440.000,6.000,5.000,1.0,1,1.0
154,14,146.000,441.000,5.000,4.000,1.0,1,1.0
155,14,146.000,440.000,5.000,5.000,1.0,1,1.0
156,14,146.000,440.000,5.000,5.000,1.0,1,1.0
157,14,146.000,440.000,4.000,5.000,1.0,1,1.0
158,14,146.000,440.000,4.000,5.000,1.0,1,1.0
159,14,146.000,440.000,5.000,4.000,1.0,1,1.0
160,14,146.000,440.000,5.000,4.000,1.0,1,1.0
161,14,147.000,440.000,4.000,4.000,1.0,1,1.0
162,14,147.000,440.000,4.000,5.000,1.0,1,1.0
163,14,146.000,440.000,5.000,5.000,1.0,1,1.0
164,14,146.000,440.000,5.000,4.000,1.0,1,1.0
165,14,145.000,440.000,6.000,5.000,1.0,1,1.0
166,14,145.000,440.000,6.000,4.000,1.0,1,1.0
167,14,144.000,440.000,7.000,4.000,1.0,1,1.0
168,14,143.000,440.000,8.000,5.000,1.0,1,1.0
169,14,143.000,439.000,8.000,6.000,1.0,1,1.0
170,14,143.000,440.000,6.000,5.000,1.0,1,1.0
171,14,142.000,440.000,7.000,4.000,1.0,1,1.0
172,14,144.000,439.000,7.000,5.000,1.0,1,1.0
173,14,144.000,439.000,6.000,5.000,1.0,1,1.0
174,14,145.000,438.000,6.000,7.000,1.0,1,1.0
175,14,147.000,437.000,5.000,8.000,1.0,1,1.0
176,14,148.000,439.000,4.000,6.000,1.0,1,1.0
177,14,146.000,439.000,6.000,6.000,1.0,1,1.0
178,14,146.000,439.000,6.000,6.000,1.0,1,1.0
179,14,147.000,440.000,6.000,5.000,1.0,1,1.0
181,14,146.000,442.000,7.000,4.000,1.0,1,1.0
182,14,146.000,441.000,7.000,5.000,1.0,1,1.0
183,14,147.000,441.000,7.000,5.000,1.0,1,1.0
184,14,147.000,441.000,7.000,5.000,1.0,1,1.0
185,14,147.000,441.000,8.000,5.000,1.0,1,1.0
186,14,147.000,441.000,8.000,6.000,1.0,1,1.0
187,14,147.000,441.000,8.000,6.000,1.0,1,1.0
188,14,147.000,441.000,9.000,6.000,1.0,1,1.0
189,14,147.000,441.000,9.000,6.000,1.0,1,1.0
190,14,148.000,442.000,7.000,5.000,1.0,1,1.0
191,14,148.000,442.000,8.000,5.000,1.0,1,1.0
192,14,149.000,441.000,9.000,5.000,1.0,1,1.0
193,14,149.000,441.000,9.000,5.000,1.0,1,1.0
194,14,150.000,440.000,8.000,6.000,1.0,1,1.0
195,14,150.000,440.000,8.000,6.000,1.0,1,1.0
196,14,150.000,440.000,8.000,6.000,1.0,1,1.0
197,14,152.000,441.000,8.000,6.000,1.0,1,1.0
198,14,152.000,441.000,8.000,6.000,1.0,1,1.0
199,14,152.000,441.000,8.000,4.000,1.0,1,1.0
200,14,133.000,427.000,5.000,7.000,1.0,1,1.0
201,14,132.000,432.000,6.000,6.000,1.0,1,1.0
202,14,126.000,433.000,7.000,7.000,1.0,1,1.0
203,14,126.000,435.000,6.000,9.000,1.0,1,1.0
204,14,123.000,438.000,7.000,7.000,1.0,1,1.0
205,14,123.000,440.000,7.000,6.000,1.0,1,1.0
207,14,123.000,440.000,8.000,5.000,1.0,1,1.0
208,14,123.000,440.000,8.000,6.000,1.0,1,1.0
209,14,124.000,439.000,7.000,6.000,1.0,1,1.0
210,14,124.000,439.000,7.000,6.000,1.0,1,1.0
211,14,124.000,439.000,7.000,6.000,1.0,1,1.0
212,14,124.000,438.000,7.000,7.000,1.0,1,1.0
213,14,125.000,437.000,6.000,7.000,1.0,1,1.0
214,14,124.000,437.000,6.000,7.000,1.0,1,1.0
215,14,124.000,437.000,6.000,7.000,1.0,1,1.0
216,14,124.000,438.000,6.000,6.000,1.0,1,1.0
217,14,124.000,437.000,6.000,7.000,1.0,1,1.0
218,14,124.000,437.000,6.000,7.000,1.0,1,1.0
219,14,124.000,437.000,6.000,7.000,1.0,1,1.0
220,14,124.000,437.000,6.000,7.000,1.0,1,1.0
221,14,124.000,437.000,6.000,7.000,1.0,1,1.0
222,14,124.000,437.000,6.000,7.000,1.0,1,1.0
223,14,124.000,437.000,6.000,7.000,1.0,1,1.0
224,14,124.000,437.000,6.000,7.000,1.0,1,1.0
225,14,124.000,437.000,7.000,7.000,1.0,1,1.0
226,14,124.000,437.000,6.000,7.000,1.0,1,1.0
227,14,124.000,437.000,7.000,7.000,1.0,1,1.0
228,14,124.000,437.000,7.000,7.000,1.0,1,1.0
229,14,124.000,437.000,7.000,7.000,1.0,1,1.0
230,14,124.000,437.000,7.000,7.000,1.0,1,1.0
231,14,124.000,437.000,7.000,6.000,1.0,1,1.0
232,14,124.000,436.000,7.000,8.000,1.0,1,1.0
233,14,124.000,437.000,7.000,7.000,1.0,1,1.0
234,14,124.000,437.000,7.000,7.000,1.0,1,1.0
235,14,124.000,437.000,6.000,7.000,1.0,1,1.0
236,14,124.000,436.000,6.000,8.000,1.0,1,1.0
237,14,124.000,437.000,5.000,7.000,1.0,1,1.0
238,14,124.000,437.000,5.000,7.000,1.0,1,1.0
239,14,123.000,437.000,6.000,7.000,1.0,1,1.0
240,14,123.000,437.000,6.000,7.000,1.0,1,1.0
241,14,123.000,437.000,6.000,7.000,1.0,1,1.0
242,14,123.000,437.000,6.000,7.000,1.0,1,1.0
243,14,123.000,437.000,6.000,7.000,1.0,1,1.0
244,14,123.000,437.000,6.000,7.000,1.0,1,1.0
245,14,123.000,437.000,6.000,7.000,1.0,1,1.0
246,14,124.000,436.000,4.000,7.000,1.0,1,1.0
247,14,123.000,436.000,5.000,7.000,1.0,1,1.0
248,14,123.000,436.000,5.000,7.000,1.0,1,1.0
249,14,123.000,436.000,5.000,8.000,1.0,1,1.0
250,14,123.000,436.000,5.000,7.000,1.0,1,1.0
251,14,123.000,436.000,5.000,8.000,1.0,1,1.0
252,14,123.000,436.000,5.000,8.000,1.0,1,1.0
253,14,123.000,436.000,5.000,7.000,1.0,1,1.0
254,14,123.000,436.000,5.000,7.000,1.0,1,1.0
255,14,123.000,436.000,5.000,7.000,1.0,1,1.0
256,14,123.000,436.000,5.000,7.000,1.0,1,1.0
257,14,123.000,435.000,5.000,9.000,1.0,1,1.0
258,14,123.000,435.000,5.000,9.000,1.0,1,1.0
259,14,124.000,435.000,5.000,8.000,1.0,1,1.0
260,14,123.000,436.000,5.000,7.000,1.0,1,1.0
261,14,124.000,435.000,5.000,8.000,1.0,1,1.0
262,14,124.000,435.000,4.000,8.000,1.0,1,1.0
263,14,124.000,436.000,4.000,7.000,1.0,1,1.0
264,14,123.000,436.000,5.000,7.000,1.0,1,1.0
265,14,123.000,436.000,5.000,7.000,1.0,1,1.0
266,14,123.000,436.000,5.000,7.000,1.0,1,1.0
267,14,123.000,436.000,5.000,7.000,1.0,1,1.0
268,14,123.000,436.000,5.000,7.000,1.0,1,1.0
269,14,124.000,435.000,5.000,7.000,1.0,1,1.0
270,14,124.000,435.000,5.000,8.000,1.0,1,1.0
271,14,124.000,435.000,5.000,8.000,1.0,1,1.0
272,14,123.000,435.000,6.000,8.000,1.0,1,1.0
273,14,123.000,435.000,6.000,8.000,1.0,1,1.0
274,14,123.000,435.000,6.000,8.000,1.0,1,1.0
275,14,123.000,435.000,6.000,8.000,1.0,1,1.0
276,14,125.000,436.000,6.000,7.000,1.0,1,1.0
277,14,125.000,436.000,6.000,7.000,1.0,1,1.0
279,14,127.000,434.000,6.000,10.000,1.0,1,1.0
280,14,132.000,422.000,4.000,6.000,1.0,1,1.0
281,14,136.000,421.000,5.000,6.000,1.0,1,1.0
300,14,134.000,440.000,8.000,6.000,1.0,1,1.0
301,14,135.000,440.000,8.000,6.000,1.0,1,1.0
302,14,134.000,440.000,9.000,6.000,1.0,1,1.0
303,14,135.000,440.000,8.000,5.000,1.0,1,1.0
304,14,136.000,440.000,7.000,5.000,1.0,1,1.0
305,14,136.000,440.000,6.000,5.000,1.0,1,1.0
306,14,136.000,440.000,7.000,5.000,1.0,1,1.0
307,14,136.000,440.000,7.000,5.000,1.0,1,1.0
308,14,135.000,441.000,7.000,5.000,1.0,1,1.0
309,14,134.000,440.000,10.000,6.000,1.0,1,1.0
310,14,133.000,440.000,10.000,6.000,1.0,1,1.0
311,14,134.000,441.000,8.000,5.000,1.0,1,1.0
312,14,134.000,441.000,8.000,5.000,1.0,1,1.0
313,14,134.000,441.000,8.000,5.000,1.0,1,1.0
314,14,135.000,441.000,7.000,5.000,1.0,1,1.0
315,14,134.000,440.000,8.000,6.000,1.0,1,1.0
316,14,133.000,440.000,10.000,5.000,1.0,1,1.0
317,14,133.000,440.000,10.000,6.000,1.0,1,1.0
318,14,133.000,440.000,10.000,6.000,1.0,1,1.0
319,14,133.000,440.000,10.000,5.000,1.0,1,1.0
320,14,132.000,439.000,10.000,6.000,1.0,1,1.0
321,14,133.000,439.000,9.000,6.000,1.0,1,1.0
322,14,133.000,439.000,8.000,5.000,1.0,1,1.0
323,14,132.000,439.000,8.000,6.000,1.0,1,1.0
324,14,132.000,439.000,8.000,6.000,1.0,1,1.0
325,14,131.000,439.000,9.000,6.000,1.0,1,1.0
326,14,131.000,440.000,9.000,5.000,1.0,1,1.0
327,14,131.000,440.000,8.000,5.000,1.0,1,1.0
328,14,131.000,440.000,7.000,5.000,1.0,1,1.0
329,14,131.000,439.000,6.000,6.000,1.0,1,1.0
330,14,131.000,439.000,6.000,6.000,1.0,1,1.0
331,14,131.000,439.000,7.000,6.000,1.0,1,1.0
332,14,131.000,439.000,6.000,6.000,1.0,1,1.0
333,14,131.000,439.000,7.000,6.000,1.0,1,1.0
334,14,130.000,440.000,8.000,6.000,1.0,1,1.0
335,14,130.000,439.000,7.000,6.000,1.0,1,1.0
336,14,130.000,440.000,8.000,6.000,1.0,1,1.0
337,14,130.000,440.000,8.000,6.000,1.0,1,1.0
338,14,131.000,440.000,7.000,7.000,1.0,1,1.0
339,14,131.000,440.000,8.000,7.000,1.0,1,1.0
340,14,132.000,439.000,8.000,7.000,1.0,1,1.0
341,14,135.000,439.000,7.000,7.000,1.0,1,1.0
342,14,136.000,440.000,7.000,6.000,1.0,1,1.0
343,14,137.000,440.000,8.000,6.000,1.0,1,1.0
344,14,138.000,440.000,8.000,7.000,1.0,1,1.0
345,14,138.000,439.000,8.000,7.000,1.0,1,1.0
346,14,139.000,438.000,6.000,7.000,1.0,1,1.0
347,14,139.000,437.000,5.000,7.000,1.0,1,1.0
348,14,138.000,436.000,7.000,7.000,1.0,1,1.0
349,14,139.000,435.000,6.000,9.000,1.0,1,1.0
350,14,139.000,435.000,6.000,8.000,1.0,1,1.0
351,14,139.000,434.000,6.000,9.000,1.0,1,1.0
352,14,139.000,433.000,6.000,9.000,1.0,1,1.0
353,14,139.000,433.000,5.000,9.000,1.0,1,1.0
354,14,139.000,432.000,5.000,9.000,1.0,1,1.0
355,14,139.000,434.000,4.000,9.000,1.0,1,1.0
356,14,138.000,434.000,5.000,9.000,1.0,1,1.0
357,14,138.000,434.000,5.000,9.000,1.0,1,1.0
358,14,138.000,434.000,5.000,8.000,1.0,1,1.0
359,14,138.000,434.000,6.000,8.000,1.0,1,1.0
360,14,138.000,434.000,6.000,8.000,1.0,1,1.0
361,14,139.000,434.000,4.000,8.000,1.0,1,1.0
362,14,138.000,434.000,6.000,8.000,1.0,1,1.0
363,14,138.000,434.000,5.000,8.000,1.0,1,1.0
1,35,534.000,441.000,6.000,5.000,1.0,1,1.0
2,35,533.000,441.000,6.000,5.000,1.0,1,1.0
3,35,531.000,441.000,6.000,4.000,1.0,1,1.0
4,35,531.000,441.000,6.000,4.000,1.0,1,1.0
7,35,526.000,440.000,5.000,5.000,1.0,1,1.0
8,35,526.000,440.000,4.000,4.000,1.0,1,1.0
22,35,503.000,440.000,4.000,6.000,1.0,1,1.0
34,35,506.000,446.000,7.000,6.000,1.0,1,1.0
36,35,506.000,443.000,6.000,5.000,1.0,1,1.0
37,35,506.000,442.000,5.000,5.000,1.0,1,1.0
38,35,505.000,442.000,6.000,4.000,1.0,1,1.0
39,35,506.000,442.000,5.000,4.000,1.0,1,1.0
40,35,506.000,442.000,5.000,5.000,1.0,1,1.0
41,35,506.000,442.000,5.000,5.000,1.0,1,1.0
42,35,506.000,442.000,5.000,5.000,1.0,1,1.0
43,35,506.000,442.000,5.000,5.000,1.0,1,1.0
44,35,506.000,442.000,5.000,5.000,1.0,1,1.0
45,35,506.000,442.000,5.000,5.000,1.0,1,1.0
46,35,506.000,442.000,5.000,5.000,1.0,1,1.0
47,35,506.000,442.000,5.000,5.000,1.0,1,1.0
48,35,506.000,442.000,5.000,5.000,1.0,1,1.0
49,35,506.000,443.000,5.000,4.000,1.0,1,1.0
50,35,506.000,443.000,5.000,4.000,1.0,1,1.0
51,35,506.000,443.000,5.000,5.000,1.0,1,1.0
52,35,506.000,443.000,5.000,4.000,1.0,1,1.0
53,35,506.000,443.000,5.000,4.000,1.0,1,1.0
54,35,506.000,443.000,5.000,4.000,1.0,1,1.0
55,35,506.000,443.000,5.000,4.000,1.0,1,1.0
56,35,506.000,442.000,5.000,5.000,1.0,1,1.0
57,35,506.000,442.000,5.000,5.000,1.0,1,1.0
58,35,506.000,443.000,5.000,4.000,1.0,1,1.0
59,35,506.000,443.000,5.000,4.000,1.0,1,1.0
60,35,506.000,443.000,5.000,4.000,1.0,1,1.0
61,35,506.000,443.000,5.000,4.000,1.0,1,1.0
62,35,506.000,443.000,5.000,5.000,1.0,1,1.0
63,35,506.000,443.000,5.000,5.000,1.0,1,1.0
64,35,506.000,443.000,5.000,5.000,1.0,1,1.0
65,35,506.000,443.000,4.000,5.000,1.0,1,1.0
66,35,506.000,443.000,4.000,5.000,1.0,1,1.0
67,35,506.000,443.000,4.000,5.000,1.0,1,1.0
68,35,506.000,443.000,4.000,5.000,1.0,1,1.0
69,35,506.000,443.000,4.000,5.000,1.0,1,1.0
70,35,506.000,444.000,4.000,4.000,1.0,1,1.0
71,35,506.000,444.000,4.000,4.000,1.0,1,1.0
72,35,506.000,444.000,4.000,4.000,1.0,1,1.0
73,35,506.000,444.000,4.000,4.000,1.0,1,1.0
74,35,506.000,444.000,5.000,4.000,1.0,1,1.0
75,35,506.000,444.000,4.000,4.000,1.0,1,1.0
76,35,506.000,444.000,4.000,4.000,1.0,1,1.0
77,35,506.000,444.000,4.000,4.000,1.0,1,1.0
78,35,506.000,444.000,4.000,4.000,1.0,1,1.0
79,35,506.000,444.000,4.000,4.000,1.0,1,1.0
80,35,506.000,444.000,4.000,4.000,1.0,1,1.0
81,35,506.000,444.000,4.000,4.000,1.0,1,1.0
82,35,505.000,444.000,6.000,4.000,1.0,1,1.0
83,35,505.000,444.000,6.000,4.000,1.0,1,1.0
84,35,505.000,444.000,6.000,4.000,1.0,1,1.0
85,35,505.000,444.000,5.000,4.000,1.0,1,1.0
86,35,505.000,444.000,5.000,4.000,1.0,1,1.0
87,35,505.000,444.000,5.000,4.000,1.0,1,1.0
88,35,505.000,443.000,5.000,5.000,1.0,1,1.0
89,35,505.000,443.000,5.000,5.000,1.0,1,1.0
90,35,505.000,443.000,6.000,5.000,1.0,1,1.0
91,35,504.000,443.000,6.000,5.000,1.0,1,1.0
92,35,503.000,443.000,7.000,5.000,1.0,1,1.0
93,35,502.000,443.000,7.000,5.000,1.0,1,1.0
94,35,502.000,443.000,7.000,5.000,1.0,1,1.0
95,35,502.000,443.000,7.000,5.000,1.0,1,1.0
96,35,502.000,443.000,7.000,5.000,1.0,1,1.0
97,35,502.000,442.000,7.000,5.000,1.0,1,1.0
98,35,505.000,434.000,5.000,6.000,1.0,1,1.0
99,35,508.000,442.000,5.000,5.000,1.0,1,1.0
100,35,508.000,443.000,7.000,6.000,1.0,1,1.0
101,35,508.000,445.000,6.000,4.000,1.0,1,1.0
102,35,507.000,443.000,7.000,6.000,1.0,1,1.0
103,35,508.000,444.000,8.000,4.000,1.0,1,1.0
104,35,507.000,443.000,8.000,5.000,1.0,1,1.0
105,35,506.000,443.000,9.000,4.000,1.0,1,1.0
106,35,507.000,443.000,8.000,5.000,1.0,1,1.0
107,35,506.000,444.000,8.000,4.000,1.0,1,1.0
108,35,506.000,444.000,7.000,4.000,1.0,1,1.0
109,35,505.000,443.000,7.000,5.000,1.0,1,1.0
110,35,504.000,443.000,7.000,5.000,1.0,1,1.0
111,35,503.000,443.000,6.000,5.000,1.0,1,1.0
112,35,502.000,443.000,6.000,4.000,1.0,1,1.0
113,35,501.000,443.000,6.000,5.000,1.0,1,1.0
114,35,500.000,443.000,6.000,4.000,1.0,1,1.0
115,35,499.000,442.000,6.000,5.000,1.0,1,1.0
116,35,498.000,442.000,6.000,5.000,1.0,1,1.0
117,35,498.000,442.000,5.000,5.000,1.0,1,1.0
118,35,498.000,442.000,5.000,5.000,1.0,1,1.0
119,35,498.000,442.000,5.000,5.000,1.0,1,1.0
120,35,498.000,442.000,5.000,5.000,1.0,1,1.0
121,35,499.000,442.000,5.000,5.000,1.0,1,1.0
122,35,499.000,441.000,5.000,5.000,1.0,1,1.0
123,35,499.000,441.000,5.000,6.000,1.0,1,1.0
124,35,499.000,441.000,5.000,5.000,1.0,1,1.0
125,35,499.000,441.000,5.000,5.000,1.0,1,1.0
126,35,499.000,441.000,5.000,6.000,1.0,1,1.0
127,35,499.000,441.000,5.000,5.000,1.0,1,1.0
128,35,499.000,441.000,5.000,6.000,1.0,1,1.0
129,35,499.000,441.000,5.000,5.000,1.0,1,1.0
130,35,502.000,425.000,4.000,8.000,1.0,1,1.0
131,35,502.000,406.000,7.000,4.000,1.0,1,1.0
132,35,499.000,411.000,6.000,8.000,1.0,1,1.0
133,35,513.000,436.000,5.000,8.000,1.0,1,1.0
134,35,514.000,441.000,5.000,5.000,1.0,1,1.0
135,35,514.000,440.000,5.000,5.000,1.0,1,1.0
136,35,514.000,440.000,5.000,5.000,1.0,1,1.0
137,35,514.000,440.000,5.000,5.000,1.0,1,1.0
138,35,514.000,440.000,5.000,5.000,1.0,1,1.0
139,35,514.000,440.000,5.000,5.000,1.0,1,1.0
140,35,515.000,440.000,6.000,5.000,1.0,1,1.0
141,35,516.000,440.000,7.000,4.000,1.0,1,1.0
142,35,517.000,440.000,7.000,4.000,1.0,1,1.0
143,35,518.000,440.000,7.000,4.000,1.0,1,1.0
144,35,519.000,440.000,7.000,4.000,1.0,1,1.0
145,35,521.000,440.000,6.000,5.000,1.0,1,1.0
146,35,521.000,440.000,6.000,5.000,1.0,1,1.0
147,35,522.000,440.000,6.000,5.000,1.0,1,1.0
148,35,522.000,440.000,5.000,5.000,1.0,1,1.0
149,35,522.000,440.000,5.000,5.000,1.0,1,1.0
150,35,521.000,440.000,5.000,5.000,1.0,1,1.0
151,35,519.000,441.000,6.000,4.000,1.0,1,1.0
152,35,519.000,440.000,5.000,5.000,1.0,1,1.0
153,35,517.000,440.000,6.000,5.000,1.0,1,1.0
154,35,517.000,440.000,6.000,5.000,1.0,1,1.0
155,35,517.000,440.000,6.000,5.000,1.0,1,1.0
156,35,517.000,440.000,5.000,5.000,1.0,1,1.0
157,35,517.000,440.000,5.000,5.000,1.0,1,1.0
158,35,517.000,440.000,5.000,5.000,1.0,1,1.0
159,35,517.000,440.000,5.000,5.000,1.0,1,1.0
160,35,516.000,440.000,6.000,5.000,1.0,1,1.0
161,35,517.000,440.000,4.000,5.000,1.0,1,1.0
162,35,517.000,440.000,4.000,5.000,1.0,1,1.0
163,35,517.000,439.000,5.000,5.000,1.0,1,1.0
164,35,517.000,439.000,5.000,5.000,1.0,1,1.0
165,35,516.000,439.000,5.000,5.000,1.0,1,1.0
166,35,515.000,440.000,5.000,5.000,1.0,1,1.0
167,35,514.000,441.000,6.000,4.000,1.0,1,1.0
168,35,512.000,441.000,6.000,5.000,1.0,1,1.0
169,35,510.000,441.000,7.000,5.000,1.0,1,1.0
170,35,510.000,442.000,6.000,4.000,1.0,1,1.0
171,35,510.000,441.000,6.000,5.000,1.0,1,1.0
172,35,509.000,441.000,7.000,5.000,1.0,1,1.0
173,35,509.000,441.000,7.000,5.000,1.0,1,1.0
174,35,509.000,441.000,7.000,5.000,1.0,1,1.0
175,35,509.000,441.000,7.000,5.000,1.0,1,1.0
176,35,509.000,441.000,7.000,5.000,1.0,1,1.0
177,35,509.000,441.000,7.000,5.000,1.0,1,1.0
178,35,509.000,441.000,6.000,5.000,1.0,1,1.0
179,35,509.000,441.000,6.000,5.000,1.0,1,1.0
180,35,509.000,441.000,7.000,5.000,1.0,1,1.0
181,35,509.000,441.000,6.000,5.000,1.0,1,1.0
182,35,509.000,442.000,6.000,4.000,1.0,1,1.0
183,35,509.000,441.000,6.000,5.000,1.0,1,1.0
184,35,509.000,441.000,6.000,5.000,1.0,1,1.0
185,35,509.000,441.000,6.000,5.000,1.0,1,1.0
186,35,509.000,441.000,6.000,5.000,1.0,1,1.0
187,35,509.000,441.000,7.000,5.000,1.0,1,1.0
188,35,509.000,441.000,6.000,5.000,1.0,1,1.0
189,35,509.000,441.000,6.000,5.000,1.0,1,1.0
190,35,509.000,441.000,6.000,5.000,1.0,1,1.0
191,35,509.000,441.000,6.000,5.000,1.0,1,1.0
192,35,509.000,442.000,6.000,4.000,1.0,1,1.0
193,35,508.000,441.000,7.000,5.000,1.0,1,1.0
194,35,509.000,441.000,6.000,5.000,1.0,1,1.0
195,35,509.000,441.000,6.000,5.000,1.0,1,1.0
196,35,508.000,441.000,7.000,5.000,1.0,1,1.0
197,35,509.000,441.000,6.000,5.000,1.0,1,1.0
198,35,508.000,441.000,7.000,5.000,1.0,1,1.0
199,35,508.000,441.000,7.000,5.000,1.0,1,1.0
200,35,508.000,441.000,7.000,5.000,1.0,1,1.0
201,35,508.000,441.000,7.000,5.000,1.0,1,1.0
202,35,508.000,441.000,7.000,5.000,1.0,1,1.0
203,35,508.000,441.000,7.000,5.000,1.0,1,1.0
204,35,508.000,441.000,7.000,6.000,1.0,1,1.0
205,35,508.000,441.000,7.000,6.000,1.0,1,1.0
206,35,508.000,441.000,7.000,6.000,1.0,1,1.0
207,35,508.000,441.000,7.000,6.000,1.0,1,1.0
208,35,508.000,441.000,7.000,6.000,1.0,1,1.0
209,35,508.000,441.000,7.000,6.000,1.0,1,1.0
210,35,508.000,442.000,8.000,5.000,1.0,1,1.0
211,35,508.000,442.000,7.000,5.000,1.0,1,1.0
212,35,507.000,442.000,8.000,5.000,1.0,1,1.0
213,35,507.000,442.000,7.000,5.000,1.0,1,1.0
214,35,505.000,442.000,8.000,6.000,1.0,1,1.0
215,35,504.000,442.000,7.000,6.000,1.0,1,1.0
216,35,501.000,442.000,8.000,5.000,1.0,1,1.0
217,35,500.000,441.000,8.000,6.000,1.0,1,1.0
218,35,498.000,441.000,7.000,6.000,1.0,1,1.0
219,35,497.000,442.000,7.000,5.000,1.0,1,1.0
220,35,496.000,442.000,8.000,4.000,1.0,1,1.0
221,35,496.000,442.000,8.000,5.000,1.0,1,1.0
222,35,496.000,442.000,8.000,5.000,1.0,1,1.0
223,35,496.000,441.000,8.000,6.000,1.0,1,1.0
224,35,492.000,431.000,7.000,8.000,1.0,1,1.0
225,35,494.000,421.000,6.000,6.000,1.0,1,1.0
226,35,493.000,443.000,8.000,5.000,1.0,1,1.0
227,35,494.000,443.000,7.000,5.000,1.0,1,1.0
228,35,494.000,443.000,7.000,5.000,1.0,1,1.0
229,35,494.000,443.000,7.000,5.000,1.0,1,1.0
230,35,495.000,443.000,5.000,5.000,1.0,1,1.0
231,35,496.000,443.000,5.000,5.000,1.0,1,1.0
232,35,496.000,443.000,6.000,5.000,1.0,1,1.0
233,35,497.000,442.000,6.000,5.000,1.0,1,1.0
234,35,499.000,441.000,5.000,6.000,1.0,1,1.0
235,35,499.000,441.000,6.000,5.000,1.0,1,1.0
236,35,501.000,441.000,4.000,5.000,1.0,1,1.0
237,35,501.000,441.000,5.000,5.000,1.0,1,1.0
238,35,501.000,441.000,5.000,5.000,1.0,1,1.0
239,35,501.000,441.000,5.000,4.000,1.0,1,1.0
240,35,501.000,440.000,5.000,5.000,1.0,1,1.0
241,35,501.000,440.000,5.000,5.000,1.0,1,1.0
242,35,501.000,440.000,5.000,5.000,1.0,1,1.0
243,35,501.000,440.000,5.000,5.000,1.0,1,1.0
244,35,501.000,440.000,5.000,5.000,1.0,1,1.0
245,35,501.000,440.000,5.000,5.000,1.0,1,1.0
246,35,501.000,440.000,5.000,5.000,1.0,1,1.0
247,35,501.000,440.000,5.000,5.000,1.0,1,1.0
248,35,501.000,440.000,5.000,5.000,1.0,1,1.0
249,35,501.000,441.000,5.000,5.000,1.0,1,1.0
250,35,501.000,441.000,5.000,4.000,1.0,1,1.0
251,35,501.000,441.000,5.000,4.000,1.0,1,1.0
252,35,501.000,441.000,5.000,4.000,1.0,1,1.0
253,35,501.000,441.000,5.000,4.000,1.0,1,1.0
254,35,501.000,441.000,5.000,4.000,1.0,1,1.0
255,35,501.000,441.000,5.000,5.000,1.0,1,1.0
256,35,501.000,441.000,5.000,5.000,1.0,1,1.0
257,35,501.000,441.000,5.000,5.000,1.0,1,1.0
258,35,501.000,441.000,5.000,5.000,1.0,1,1.0
259,35,501.000,441.000,5.000,5.000,1.0,1,1.0
260,35,501.000,441.000,5.000,5.000,1.0,1,1.0
261,35,501.000,441.000,6.000,5.000,1.0,1,1.0
262,35,502.000,441.000,5.000,4.000,1.0,1,1.0
263,35,503.000,441.000,5.000,5.000,1.0,1,1.0
264,35,504.000,441.000,6.000,4.000,1.0,1,1.0
265,35,505.000,440.000,6.000,5.000,1.0,1,1.0
266,35,506.000,440.000,5.000,5.000,1.0,1,1.0
267,35,507.000,440.000,5.000,5.000,1.0,1,1.0
268,35,507.000,440.000,5.000,6.000,1.0,1,1.0
269,35,508.000,440.000,4.000,6.000,1.0,1,1.0
270,35,508.000,440.000,5.000,6.000,1.0,1,1.0
271,35,508.000,440.000,5.000,5.000,1.0,1,1.0
272,35,508.000,440.000,5.000,6.000,1.0,1,1.0
273,35,508.000,440.000,5.000,6.000,1.0,1,1.0
274,35,508.000,440.000,5.000,6.000,1.0,1,1.0
275,35,508.000,440.000,5.000,6.000,1.0,1,1.0
276,35,508.000,441.000,5.000,5.000,1.0,1,1.0
277,35,508.000,440.000,5.000,6.000,1.0,1,1.0
278,35,508.000,440.000,5.000,6.000,1.0,1,1.0
279,35,508.000,440.000,5.000,6.000,1.0,1,1.0
280,35,508.000,440.000,5.000,6.000,1.0,1,1.0
281,35,508.000,440.000,5.000,8.000,1.0,1,1.0
282,35,512.000,431.000,6.000,5.000,1.0,1,1.0
283,35,536.000,439.000,6.000,8.000,1.0,1,1.0
284,35,538.000,438.000,4.000,7.000,1.0,1,1.0
285,35,537.000,441.000,5.000,6.000,1.0,1,1.0
286,35,538.000,439.000,5.000,7.000,1.0,1,1.0
287,35,538.000,439.000,4.000,7.000,1.0,1,1.0
288,35,538.000,439.000,4.000,7.000,1.0,1,1.0
289,35,538.000,439.000,4.000,8.000,1.0,1,1.0
290,35,538.000,440.000,5.000,6.000,1.0,1,1.0
291,35,537.000,440.000,5.000,6.000,1.0,1,1.0
292,35,537.000,440.000,5.000,6.000,1.0,1,1.0
293,35,536.000,441.000,6.000,6.000,1.0,1,1.0
294,35,535.000,441.000,7.000,6.000,1.0,1,1.0
295,35,534.000,441.000,6.000,6.000,1.0,1,1.0
296,35,532.000,442.000,7.000,5.000,1.0,1,1.0
297,35,531.000,442.000,7.000,5.000,1.0,1,1.0
298,35,530.000,442.000,7.000,5.000,1.0,1,1.0
299,35,528.000,441.000,8.000,5.000,1.0,1,1.0
300,35,527.000,441.000,7.000,5.000,1.0,1,1.0
301,35,525.000,440.000,8.000,5.000,1.0,1,1.0
302,35,524.000,440.000,7.000,5.000,1.0,1,1.0
303,35,522.000,440.000,8.000,4.000,1.0,1,1.0
304,35,521.000,440.000,7.000,4.000,1.0,1,1.0
305,35,519.000,440.000,6.000,4.000,1.0,1,1.0
306,35,517.000,440.000,7.000,4.000,1.0,1,1.0
307,35,515.000,440.000,7.000,4.000,1.0,1,1.0
308,35,513.000,440.000,7.000,4.000,1.0,1,1.0
309,35,511.000,440.000,7.000,4.000,1.0,1,1.0
310,35,509.000,440.000,8.000,5.000,1.0,1,1.0
311,35,508.000,440.000,8.000,5.000,1.0,1,1.0
312,35,507.000,440.000,7.000,5.000,1.0,1,1.0
313,35,505.000,440.000,7.000,5.000,1.0,1,1.0
314,35,504.000,440.000,7.000,5.000,1.0,1,1.0
315,35,503.000,440.000,7.000,5.000,1.0,1,1.0
316,35,502.000,440.000,7.000,6.000,1.0,1,1.0
317,35,502.000,440.000,7.000,6.000,1.0,1,1.0
318,35,502.000,440.000,6.000,6.000,1.0,1,1.0
319,35,502.000,440.000,6.000,5.000,1.0,1,1.0
320,35,502.000,440.000,5.000,5.000,1.0,1,1.0
321,35,502.000,440.000,5.000,5.000,1.0,1,1.0
322,35,501.000,440.000,6.000,5.000,1.0,1,1.0
323,35,501.000,440.000,5.000,5.000,1.0,1,1.0
324,35,500.000,440.000,6.000,5.000,1.0,1,1.0
325,35,500.000,440.000,5.000,5.000,1.0,1,1.0
326,35,500.000,441.000,5.000,4.000,1.0,1,1.0
327,35,499.000,441.000,5.000,4.000,1.0,1,1.0
328,35,498.000,441.000,6.000,5.000,1.0,1,1.0
329,35,498.000,441.000,5.000,5.000,1.0,1,1.0
330,35,498.000,442.000,5.000,4.000,1.0,1,1.0
331,35,498.000,442.000,5.000,4.000,1.0,1,1.0
332,35,498.000,442.000,5.000,5.000,1.0,1,1.0
333,35,498.000,442.000,5.000,5.000,1.0,1,1.0
334,35,498.000,442.000,5.000,5.000,1.0,1,1.0
335,35,498.000,442.000,5.000,5.000,1.0,1,1.0
336,35,498.000,442.000,5.000,5.000,1.0,1,1.0
337,35,498.000,442.000,5.000,5.000,1.0,1,1.0
338,35,498.000,442.000,5.000,5.000,1.0,1,1.0
339,35,497.000,442.000,6.000,5.000,1.0,1,1.0
340,35,497.000,442.000,6.000,5.000,1.0,1,1.0
341,35,498.000,442.000,5.000,5.000,1.0,1,1.0
342,35,498.000,443.000,6.000,4.000,1.0,1,1.0
343,35,499.000,443.000,5.000,4.000,1.0,1,1.0
344,35,499.000,443.000,5.000,4.000,1.0,1,1.0
345,35,499.000,443.000,6.000,4.000,1.0,1,1.0
346,35,500.000,443.000,5.000,5.000,1.0,1,1.0
347,35,500.000,443.000,5.000,5.000,1.0,1,1.0
348,35,500.000,443.000,5.000,5.000,1.0,1,1.0
349,35,500.000,443.000,5.000,5.000,1.0,1,1.0
350,35,500.000,443.000,5.000,5.000,1.0,1,1.0
351,35,501.000,443.000,5.000,5.000,1.0,1,1.0
352,35,501.000,443.000,5.000,5.000,1.0,1,1.0
353,35,501.000,443.000,5.000,5.000,1.0,1,1.0
354,35,501.000,441.000,6.000,7.000,1.0,1,1.0
355,35,501.000,440.000,5.000,7.000,1.0,1,1.0
356,35,499.000,439.000,5.000,9.000,1.0,1,1.0
357,35,500.000,437.000,5.000,10.000,1.0,1,1.0
358,35,501.000,435.000,5.000,9.000,1.0,1,1.0
359,35,501.000,433.000,5.000,9.000,1.0,1,1.0
360,35,501.000,430.000,5.000,10.000,1.0,1,1.0
361,35,502.000,428.000,5.000,9.000,1.0,1,1.0
362,35,502.000,426.000,5.000,9.000,1.0,1,1.0
363,35,502.000,423.000,5.000,10.000,1.0,1,1.0
1,5,33.000,438.000,8.000,5.000,1.0,1,1.0
2,5,33.000,438.000,7.000,5.000,1.0,1,1.0
3,5,33.000,438.000,7.000,5.000,1.0,1,1.0
4,5,33.000,438.000,8.000,6.000,1.0,1,1.0
5,5,33.000,438.000,7.000,5.000,1.0,1,1.0
6,5,33.000,438.000,7.000,5.000,1.0,1,1.0
7,5,33.000,438.000,7.000,5.000,1.0,1,1.0
8,5,33.000,439.000,7.000,5.000,1.0,1,1.0
9,5,33.000,439.000,7.000,5.000,1.0,1,1.0
10,5,32.000,439.000,7.000,5.000,1.0,1,1.0
11,5,32.000,439.000,7.000,4.000,1.0,1,1.0
12,5,30.000,438.000,7.000,5.000,1.0,1,1.0
13,5,29.000,438.000,7.000,4.000,1.0,1,1.0
14,5,28.000,438.000,7.000,5.000,1.0,1,1.0
15,5,27.000,438.000,7.000,5.000,1.0,1,1.0
16,5,27.000,438.000,6.000,4.000,1.0,1,1.0
17,5,27.000,438.000,6.000,4.000,1.0,1,1.0
18,5,27.000,438.000,6.000,5.000,1.0,1,1.0
19,5,27.000,438.000,7.000,4.000,1.0,1,1.0
20,5,27.000,438.000,6.000,5.000,1.0,1,1.0
21,5,27.000,438.000,6.000,5.000,1.0,1,1.0
22,5,27.000,438.000,7.000,5.000,1.0,1,1.0
23,5,26.000,438.000,7.000,5.000,1.0,1,1.0
24,5,27.000,438.000,6.000,5.000,1.0,1,1.0
25,5,27.000,438.000,6.000,5.000,1.0,1,1.0
26,5,27.000,438.000,6.000,5.000,1.0,1,1.0
27,5,27.000,438.000,6.000,5.000,1.0,1,1.0
28,5,26.000,438.000,7.000,5.000,1.0,1,1.0
29,5,26.000,438.000,7.000,5.000,1.0,1,1.0
30,5,26.000,438.000,7.000,5.000,1.0,1,1.0
31,5,26.000,438.000,7.000,5.000,1.0,1,1.0
32,5,26.000,438.000,7.000,5.000,1.0,1,1.0
33,5,26.000,438.000,7.000,5.000,1.0,1,1.0
34,5,26.000,439.000,7.000,4.000,1.0,1,1.0
35,5,25.000,439.000,8.000,4.000,1.0,1,1.0
36,5,23.000,439.000,7.000,4.000,1.0,1,1.0
37,5,22.000,439.000,7.000,4.000,1.0,1,1.0
38,5,21.000,439.000,7.000,4.000,1.0,1,1.0
39,5,20.000,439.000,7.000,5.000,1.0,1,1.0
40,5,19.000,439.000,7.000,5.000,1.0,1,1.0
41,5,17.000,440.000,8.000,4.000,1.0,1,1.0
42,5,16.000,440.000,7.000,4.000,1.0,1,1.0
43,5,16.000,440.000,6.000,4.000,1.0,1,1.0
44,5,15.000,440.000,7.000,4.000,1.0,1,1.0
45,5,15.000,440.000,6.000,4.000,1.0,1,1.0
46,5,14.000,440.000,6.000,4.000,1.0,1,1.0
47,5,13.000,440.000,6.000,4.000,1.0,1,1.0
48,5,12.000,440.000,6.000,4.000,1.0,1,1.0
49,5,12.000,440.000,6.000,4.000,1.0,1,1.0
50,5,12.000,440.000,5.000,4.000,1.0,1,1.0
51,5,12.000,440.000,5.000,5.000,1.0,1,1.0
52,5,12.000,440.000,5.000,5.000,1.0,1,1.0
53,5,12.000,440.000,5.000,5.000,1.0,1,1.0
54,5,12.000,440.000,5.000,5.000,1.0,1,1.0
55,5,12.000,440.000,5.000,5.000,1.0,1,1.0
56,5,12.000,440.000,5.000,5.000,1.0,1,1.0
57,5,12.000,440.000,5.000,5.000,1.0,1,1.0
58,5,12.000,440.000,5.000,5.000,1.0,1,1.0
59,5,12.000,440.000,5.000,5.000,1.0,1,1.0
60,5,12.000,440.000,5.000,5.000,1.0,1,1.0
61,5,12.000,440.000,5.000,5.000,1.0,1,1.0
62,5,12.000,440.000,5.000,5.000,1.0,1,1.0
63,5,12.000,438.000,5.000,6.000,1.0,1,1.0
64,5,19.000,432.000,4.000,6.000,1.0,1,1.0
65,5,12.000,427.000,5.000,7.000,1.0,1,1.0
66,5,21.000,420.000,4.000,8.000,1.0,1,1.0
67,5,24.000,413.000,6.000,6.000,1.0,1,1.0
68,5,34.000,390.000,7.000,7.000,1.0,1,1.0
69,5,57.000,357.000,7.000,6.000,1.0,1,1.0
70,5,57.000,342.000,5.000,5.000,1.0,1,1.0
71,5,56.000,343.000,4.000,7.000,1.0,1,1.0
72,5,55.000,356.000,5.000,7.000,1.0,1,1.0
73,5,50.000,378.000,4.000,7.000,1.0,1,1.0
74,5,53.000,388.000,5.000,7.000,1.0,1,1.0
75,5,61.000,372.000,5.000,8.000,1.0,1,1.0
76,5,70.000,350.000,6.000,7.000,1.0,1,1.0
77,5,57.000,374.000,6.000,13.000,1.0,1,1.0
78,5,40.000,433.000,7.000,8.000,1.0,1,1.0
79,5,32.000,436.000,6.000,9.000,1.0,1,1.0
80,5,33.000,439.000,7.000,6.000,1.0,1,1.0
81,5,33.000,439.000,7.000,6.000,1.0,1,1.0
82,5,32.000,440.000,8.000,5.000,1.0,1,1.0
83,5,34.000,440.000,6.000,5.000,1.0,1,1.0
84,5,33.000,440.000,7.000,5.000,1.0,1,1.0
85,5,34.000,440.000,6.000,5.000,1.0,1,1.0
86,5,35.000,440.000,6.000,5.000,1.0,1,1.0
88,5,33.000,427.000,7.000,6.000,1.0,1,1.0
89,5,20.000,439.000,6.000,5.000,1.0,1,1.0
90,5,19.000,439.000,7.000,5.000,1.0,1,1.0
91,5,17.000,440.000,7.000,4.000,1.0,1,1.0
92,5,15.000,440.000,8.000,5.000,1.0,1,1.0
93,5,15.000,440.000,7.000,5.000,1.0,1,1.0
94,5,14.000,440.000,9.000,5.000,1.0,1,1.0
95,5,14.000,440.000,8.000,4.000,1.0,1,1.0
96,5,14.000,440.000,8.000,5.000,1.0,1,1.0
97,5,14.000,440.000,8.000,4.000,1.0,1,1.0
98,5,14.000,439.000,9.000,6.000,1.0,1,1.0
99,5,14.000,439.000,9.000,6.000,1.0,1,1.0
100,5,14.000,439.000,9.000,6.000,1.0,1,1.0
101,5,14.000,439.000,10.000,6.000,1.0,1,1.0
102,5,15.000,439.000,9.000,6.000,1.0,1,1.0
103,5,16.000,439.000,8.000,6.000,1.0,1,1.0
104,5,15.000,439.000,9.000,6.000,1.0,1,1.0
105,5,14.000,439.000,9.000,6.000,1.0,1,1.0
106,5,14.000,440.000,8.000,4.000,1.0,1,1.0
107,5,13.000,440.000,8.000,4.000,1.0,1,1.0
108,5,12.000,440.000,7.000,4.000,1.0,1,1.0
109,5,12.000,440.000,6.000,4.000,1.0,1,1.0
129,5,17.000,437.000,4.000,6.000,1.0,1,1.0
130,5,22.000,434.000,4.000,7.000,1.0,1,1.0
131,5,28.000,436.000,7.000,6.000,1.0,1,1.0
138,5,25.000,437.000,5.000,8.000,1.0,1,1.0
139,5,24.000,438.000,6.000,6.000,1.0,1,1.0
140,5,22.000,439.000,7.000,5.000,1.0,1,1.0
141,5,21.000,439.000,6.000,5.000,1.0,1,1.0
142,5,20.000,439.000,6.000,5.000,1.0,1,1.0
143,5,17.000,439.000,7.000,5.000,1.0,1,1.0
144,5,16.000,439.000,6.000,5.000,1.0,1,1.0
145,5,13.000,439.000,7.000,5.000,1.0,1,1.0
146,5,12.000,439.000,6.000,5.000,1.0,1,1.0
158,5,17.000,414.000,6.000,9.000,1.0,1,1.0
159,5,24.000,424.000,5.000,5.000,1.0,1,1.0
160,5,34.000,427.000,7.000,6.000,1.0,1,1.0
161,5,33.000,426.000,7.000,7.000,1.0,1,1.0
162,5,33.000,426.000,7.000,7.000,1.0,1,1.0
163,5,33.000,425.000,7.000,8.000,1.0,1,1.0
164,5,32.000,423.000,7.000,8.000,1.0,1,1.0
165,5,32.000,423.000,7.000,7.000,1.0,1,1.0
166,5,32.000,422.000,6.000,7.000,1.0,1,1.0
167,5,32.000,421.000,6.000,8.000,1.0,1,1.0
168,5,32.000,418.000,5.000,9.000,1.0,1,1.0
171,5,12.000,436.000,4.000,5.000,1.0,1,1.0
172,5,27.000,436.000,5.000,7.000,1.0,1,1.0
173,5,43.000,434.000,5.000,7.000,1.0,1,1.0
174,5,44.000,415.000,5.000,6.000,1.0,1,1.0
175,5,49.000,390.000,7.000,6.000,1.0,1,1.0
176,5,49.000,385.000,6.000,6.000,1.0,1,1.0
177,5,41.000,408.000,4.000,7.000,1.0,1,1.0
178,5,31.000,408.000,5.000,9.000,1.0,1,1.0
179,5,31.000,406.000,4.000,9.000,1.0,1,1.0
180,5,30.000,404.000,5.000,9.000,1.0,1,1.0
181,5,30.000,403.000,5.000,9.000,1.0,1,1.0
182,5,30.000,401.000,4.000,9.000,1.0,1,1.0
183,5,29.000,399.000,5.000,9.000,1.0,1,1.0
184,5,29.000,398.000,5.000,9.000,1.0,1,1.0
185,5,29.000,396.000,4.000,9.000,1.0,1,1.0
186,5,28.000,395.000,5.000,9.000,1.0,1,1.0
187,5,28.000,393.000,4.000,9.000,1.0,1,1.0
188,5,27.000,391.000,5.000,10.000,1.0,1,1.0
189,5,27.000,390.000,4.000,9.000,1.0,1,1.0
190,5,27.000,388.000,4.000,9.000,1.0,1,1.0
191,5,27.000,387.000,4.000,9.000,1.0,1,1.0
192,5,27.000,386.000,4.000,9.000,1.0,1,1.0
193,5,27.000,385.000,4.000,9.000,1.0,1,1.0
194,5,27.000,384.000,5.000,9.000,1.0,1,1.0
195,5,28.000,382.000,5.000,11.000,1.0,1,1.0
196,5,28.000,382.000,5.000,9.000,1.0,1,1.0
197,5,28.000,381.000,5.000,9.000,1.0,1,1.0
198,5,29.000,379.000,5.000,9.000,1.0,1,1.0
199,5,29.000,378.000,5.000,9.000,1.0,1,1.0
200,5,29.000,376.000,6.000,9.000,1.0,1,1.0
201,5,30.000,375.000,7.000,8.000,1.0,1,1.0
202,5,31.000,373.000,6.000,8.000,1.0,1,1.0
203,5,32.000,372.000,6.000,8.000,1.0,1,1.0
204,5,33.000,370.000,6.000,8.000,1.0,1,1.0
205,5,35.000,367.000,5.000,8.000,1.0,1,1.0
206,5,36.000,364.000,5.000,9.000,1.0,1,1.0
207,5,37.000,361.000,5.000,9.000,1.0,1,1.0
208,5,37.000,360.000,6.000,8.000,1.0,1,1.0
209,5,38.000,357.000,6.000,8.000,1.0,1,1.0
210,5,39.000,355.000,5.000,8.000,1.0,1,1.0
211,5,40.000,353.000,5.000,9.000,1.0,1,1.0
212,5,40.000,352.000,5.000,8.000,1.0,1,1.0
213,5,40.000,350.000,5.000,9.000,1.0,1,1.0
214,5,41.000,348.000,5.000,9.000,1.0,1,1.0
215,5,41.000,346.000,5.000,9.000,1.0,1,1.0
216,5,41.000,345.000,5.000,8.000,1.0,1,1.0
217,5,42.000,343.000,5.000,9.000,1.0,1,1.0
218,5,42.000,342.000,5.000,8.000,1.0,1,1.0
219,5,42.000,340.000,5.000,8.000,1.0,1,1.0
220,5,43.000,338.000,5.000,8.000,1.0,1,1.0
221,5,43.000,335.000,5.000,9.000,1.0,1,1.0
222,5,44.000,333.000,4.000,9.000,1.0,1,1.0
223,5,44.000,331.000,5.000,9.000,1.0,1,1.0
224,5,44.000,329.000,5.000,9.000,1.0,1,1.0
225,5,45.000,327.000,5.000,9.000,1.0,1,1.0
226,5,45.000,324.000,5.000,9.000,1.0,1,1.0
227,5,46.000,322.000,5.000,9.000,1.0,1,1.0
228,5,47.000,320.000,5.000,9.000,1.0,1,1.0
229,5,48.000,318.000,4.000,9.000,1.0,1,1.0
230,5,48.000,315.000,5.000,10.000,1.0,1,1.0
231,5,49.000,314.000,4.000,9.000,1.0,1,1.0
232,5,49.000,311.000,5.000,9.000,1.0,1,1.0
233,5,50.000,308.000,5.000,10.000,1.0,1,1.0
234,5,51.000,306.000,4.000,10.000,1.0,1,1.0
235,5,51.000,304.000,5.000,9.000,1.0,1,1.0
236,5,51.000,301.000,5.000,9.000,1.0,1,1.0
237,5,52.000,298.000,4.000,9.000,1.0,1,1.0
238,5,52.000,296.000,5.000,9.000,1.0,1,1.0
239,5,52.000,293.000,5.000,10.000,1.0,1,1.0
240,5,52.000,291.000,5.000,8.000,1.0,1,1.0
241,5,51.000,288.000,5.000,9.000,1.0,1,1.0
242,5,51.000,286.000,5.000,9.000,1.0,1,1.0
243,5,50.000,283.000,5.000,9.000,1.0,1,1.0
244,5,49.000,281.000,5.000,9.000,1.0,1,1.0
245,5,48.000,279.000,5.000,8.000,1.0,1,1.0
246,5,47.000,277.000,6.000,8.000,1.0,1,1.0
247,5,47.000,275.000,5.000,8.000,1.0,1,1.0
248,5,47.000,274.000,5.000,8.000,1.0,1,1.0
249,5,46.000,273.000,5.000,8.000,1.0,1,1.0
250,5,46.000,272.000,6.000,9.000,1.0,1,1.0
251,5,46.000,272.000,6.000,8.000,1.0,1,1.0
252,5,47.000,271.000,5.000,9.000,1.0,1,1.0
253,5,47.000,271.000,5.000,8.000,1.0,1,1.0
254,5,47.000,271.000,5.000,8.000,1.0,1,1.0
255,5,45.000,267.000,6.000,7.000,1.0,1,1.0
256,5,38.000,234.000,4.000,9.000,1.0,1,1.0
257,5,16.000,193.000,7.000,8.000,1.0,1,1.0
290,5,12.000,118.000,4.000,6.000,1.0,1,1.0
291,5,13.000,117.000,5.000,6.000,1.0,1,1.0
292,5,13.000,115.000,6.000,7.000,1.0,1,1.0
293,5,14.000,114.000,6.000,7.000,1.0,1,1.0
294,5,16.000,112.000,6.000,7.000,1.0,1,1.0
295,5,17.000,110.000,6.000,7.000,1.0,1,1.0
296,5,19.000,108.000,6.000,7.000,1.0,1,1.0
297,5,20.000,108.000,5.000,5.000,1.0,1,1.0
315,5,37.000,69.000,5.000,5.000,1.0,1,1.0
316,5,36.000,67.000,5.000,7.000,1.0,1,1.0
317,5,36.000,64.000,5.000,9.000,1.0,1,1.0
318,5,35.000,62.000,4.000,9.000,1.0,1,1.0
319,5,34.000,59.000,5.000,10.000,1.0,1,1.0
320,5,33.000,57.000,5.000,9.000,1.0,1,1.0
321,5,31.000,54.000,6.000,9.000,1.0,1,1.0
322,5,30.000,52.000,6.000,9.000,1.0,1,1.0
323,5,29.000,50.000,6.000,9.000,1.0,1,1.0
324,5,28.000,47.000,6.000,9.000,1.0,1,1.0
325,5,27.000,45.000,6.000,9.000,1.0,1,1.0
326,5,26.000,43.000,5.000,8.000,1.0,1,1.0
327,5,25.000,41.000,6.000,8.000,1.0,1,1.0
328,5,24.000,39.000,7.000,10.000,1.0,1,1.0
329,5,24.000,38.000,6.000,9.000,1.0,1,1.0
330,5,24.000,38.000,6.000,9.000,1.0,1,1.0
331,5,24.000,38.000,6.000,9.000,1.0,1,1.0
332,5,24.000,38.000,6.000,9.000,1.0,1,1.0
333,5,25.000,37.000,4.000,9.000,1.0,1,1.0
334,5,26.000,35.000,4.000,10.000,1.0,1,1.0
335,5,27.000,33.000,5.000,10.000,1.0,1,1.0
336,5,28.000,30.000,5.000,10.000,1.0,1,1.0
337,5,29.000,28.000,5.000,9.000,1.0,1,1.0
338,5,30.000,25.000,5.000,9.000,1.0,1,1.0
339,5,31.000,23.000,6.000,9.000,1.0,1,1.0
340,5,32.000,20.000,6.000,9.000,1.0,1,1.0
341,5,33.000,17.000,5.000,10.000,1.0,1,1.0
342,5,33.000,18.000,6.000,9.000,1.0,1,1.0
343,5,33.000,19.000,7.000,8.000,1.0,1,1.0
344,5,33.000,20.000,8.000,7.000,1.0,1,1.0
345,5,34.000,20.000,8.000,7.000,1.0,1,1.0
346,5,36.000,20.000,7.000,7.000,1.0,1,1.0
347,5,37.000,20.000,8.000,7.000,1.0,1,1.0
348,5,38.000,19.000,10.000,7.000,1.0,1,1.0
349,5,41.000,19.000,10.000,6.000,1.0,1,1.0
350,5,44.000,19.000,9.000,5.000,1.0,1,1.0
351,5,45.000,19.000,9.000,5.000,1.0,1,1.0
352,5,48.000,19.000,9.000,5.000,1.0,1,1.0
353,5,50.000,18.000,9.000,6.000,1.0,1,1.0
354,5,51.000,18.000,10.000,6.000,1.0,1,1.0
355,5,53.000,19.000,8.000,5.000,1.0,1,1.0
356,5,54.000,20.000,9.000,5.000,1.0,1,1.0
357,5,56.000,22.000,8.000,4.000,1.0,1,1.0
358,5,58.000,23.000,8.000,4.000,1.0,1,1.0
359,5,58.000,23.000,9.000,5.000,1.0,1,1.0
360,5,60.000,23.000,8.000,5.000,1.0,1,1.0
361,5,61.000,23.000,8.000,5.000,1.0,1,1.0
362,5,63.000,23.000,7.000,5.000,1.0,1,1.0
363,5,64.000,22.000,7.000,5.000,1.0,1,1.0
1,38,558.000,386.000,5.000,7.000,1.0,1,1.0
2,38,558.000,386.000,4.000,6.000,1.0,1,1.0
3,38,557.000,385.000,5.000,6.000,1.0,1,1.0
4,38,556.000,384.000,5.000,6.000,1.0,1,1.0
5,38,555.000,382.000,5.000,6.000,1.0,1,1.0
6,38,554.000,380.000,5.000,6.000,1.0,1,1.0
7,38,553.000,379.000,5.000,5.000,1.0,1,1.0
8,38,552.000,378.000,6.000,5.000,1.0,1,1.0
9,38,551.000,376.000,5.000,6.000,1.0,1,1.0
10,38,550.000,376.000,6.000,5.000,1.0,1,1.0
11,38,549.000,375.000,5.000,5.000,1.0,1,1.0
12,38,547.000,375.000,6.000,5.000,1.0,1,1.0
13,38,545.000,375.000,6.000,4.000,1.0,1,1.0
14,38,543.000,374.000,6.000,4.000,1.0,1,1.0
15,38,541.000,374.000,7.000,4.000,1.0,1,1.0
16,38,541.000,375.000,7.000,3.000,1.0,1,1.0
17,38,541.000,374.000,6.000,4.000,1.0,1,1.0
18,38,540.000,374.000,7.000,4.000,1.0,1,1.0
19,38,517.000,376.000,8.000,5.000,1.0,1,1.0
20,38,493.000,377.000,5.000,7.000,1.0,1,1.0
21,38,492.000,376.000,5.000,7.000,1.0,1,1.0
22,38,493.000,376.000,4.000,7.000,1.0,1,1.0
23,38,493.000,376.000,4.000,7.000,1.0,1,1.0
24,38,493.000,375.000,4.000,6.000,1.0,1,1.0
25,38,492.000,373.000,5.000,6.000,1.0,1,1.0
26,38,492.000,371.000,5.000,7.000,1.0,1,1.0
27,38,492.000,368.000,5.000,7.000,1.0,1,1.0
28,38,492.000,366.000,5.000,7.000,1.0,1,1.0
29,38,492.000,363.000,5.000,7.000,1.0,1,1.0
30,38,492.000,361.000,4.000,7.000,1.0,1,1.0
31,38,492.000,358.000,4.000,8.000,1.0,1,1.0
32,38,492.000,356.000,4.000,7.000,1.0,1,1.0
33,38,492.000,353.000,5.000,8.000,1.0,1,1.0
34,38,492.000,350.000,5.000,8.000,1.0,1,1.0
35,38,492.000,347.000,5.000,8.000,1.0,1,1.0
36,38,492.000,344.000,5.000,8.000,1.0,1,1.0
37,38,492.000,342.000,5.000,7.000,1.0,1,1.0
38,38,492.000,339.000,5.000,8.000,1.0,1,1.0
39,38,492.000,337.000,5.000,8.000,1.0,1,1.0
40,38,492.000,334.000,5.000,8.000,1.0,1,1.0
41,38,492.000,331.000,5.000,7.000,1.0,1,1.0
42,38,492.000,328.000,5.000,8.000,1.0,1,1.0
43,38,492.000,326.000,5.000,7.000,1.0,1,1.0
44,38,492.000,323.000,5.000,8.000,1.0,1,1.0
45,38,492.000,321.000,5.000,7.000,1.0,1,1.0
46,38,492.000,319.000,4.000,7.000,1.0,1,1.0
47,38,492.000,316.000,4.000,8.000,1.0,1,1.0
48,38,492.000,314.000,5.000,7.000,1.0,1,1.0
49,38,492.000,312.000,4.000,7.000,1.0,1,1.0
50,38,492.000,310.000,5.000,7.000,1.0,1,1.0
51,38,493.000,308.000,4.000,7.000,1.0,1,1.0
52,38,493.000,307.000,4.000,7.000,1.0,1,1.0
53,38,494.000,305.000,4.000,8.000,1.0,1,1.0
54,38,494.000,304.000,4.000,7.000,1.0,1,1.0
55,38,494.000,303.000,4.000,7.000,1.0,1,1.0
56,38,494.000,302.000,4.000,8.000,1.0,1,1.0
57,38,494.000,302.000,4.000,7.000,1.0,1,1.0
58,38,495.000,301.000,4.000,6.000,1.0,1,1.0
59,38,529.000,283.000,7.000,7.000,1.0,1,1.0
60,38,538.000,276.000,4.000,7.000,1.0,1,1.0
61,38,537.000,276.000,4.000,7.000,1.0,1,1.0
62,38,538.000,275.000,4.000,8.000,1.0,1,1.0
63,38,537.000,274.000,4.000,8.000,1.0,1,1.0
64,38,537.000,273.000,4.000,8.000,1.0,1,1.0
65,38,537.000,271.000,4.000,8.000,1.0,1,1.0
66,38,538.000,269.000,4.000,7.000,1.0,1,1.0
67,38,539.000,267.000,5.000,7.000,1.0,1,1.0
68,38,540.000,265.000,5.000,7.000,1.0,1,1.0
69,38,541.000,263.000,5.000,7.000,1.0,1,1.0
70,38,542.000,261.000,5.000,7.000,1.0,1,1.0
71,38,542.000,260.000,5.000,6.000,1.0,1,1.0
72,38,542.000,257.000,5.000,7.000,1.0,1,1.0
73,38,543.000,255.000,4.000,8.000,1.0,1,1.0
74,38,543.000,253.000,4.000,8.000,1.0,1,1.0
75,38,543.000,250.000,4.000,9.000,1.0,1,1.0
76,38,542.000,248.000,5.000,8.000,1.0,1,1.0
77,38,542.000,245.000,4.000,9.000,1.0,1,1.0
78,38,541.000,243.000,5.000,9.000,1.0,1,1.0
79,38,540.000,241.000,5.000,8.000,1.0,1,1.0
80,38,540.000,239.000,5.000,8.000,1.0,1,1.0
81,38,539.000,237.000,5.000,8.000,1.0,1,1.0
82,38,537.000,236.000,6.000,7.000,1.0,1,1.0
83,38,536.000,235.000,6.000,6.000,1.0,1,1.0
84,38,533.000,234.000,7.000,6.000,1.0,1,1.0
85,38,531.000,233.000,7.000,6.000,1.0,1,1.0
86,38,530.000,232.000,7.000,5.000,1.0,1,1.0
87,38,528.000,231.000,8.000,5.000,1.0,1,1.0
88,38,527.000,230.000,7.000,5.000,1.0,1,1.0
89,38,527.000,229.000,7.000,5.000,1.0,1,1.0
90,38,526.000,228.000,7.000,6.000,1.0,1,1.0
91,38,525.000,228.000,8.000,5.000,1.0,1,1.0
92,38,522.000,226.000,6.000,5.000,1.0,1,1.0
93,38,497.000,220.000,5.000,5.000,1.0,1,1.0
94,38,496.000,221.000,6.000,5.000,1.0,1,1.0
95,38,496.000,220.000,6.000,5.000,1.0,1,1.0
96,38,497.000,218.000,5.000,6.000,1.0,1,1.0
97,38,498.000,217.000,5.000,6.000,1.0,1,1.0
98,38,498.000,214.000,5.000,7.000,1.0,1,1.0
99,38,498.000,212.000,5.000,8.000,1.0,1,1.0
100,38,498.000,210.000,5.000,8.000,1.0,1,1.0
101,38,498.000,208.000,5.000,8.000,1.0,1,1.0
102,38,499.000,205.000,4.000,8.000,1.0,1,1.0
103,38,499.000,203.000,5.000,8.000,1.0,1,1.0
104,38,499.000,201.000,5.000,8.000,1.0,1,1.0
105,38,499.000,198.000,5.000,8.000,1.0,1,1.0
106,38,499.000,196.000,5.000,9.000,1.0,1,1.0
107,38,500.000,194.000,4.000,8.000,1.0,1,1.0
108,38,500.000,192.000,4.000,8.000,1.0,1,1.0
109,38,501.000,189.000,4.000,8.000,1.0,1,1.0
110,38,501.000,187.000,5.000,9.000,1.0,1,1.0
111,38,502.000,185.000,4.000,8.000,1.0,1,1.0
112,38,502.000,184.000,5.000,8.000,1.0,1,1.0
113,38,502.000,182.000,5.000,8.000,1.0,1,1.0
114,38,502.000,181.000,4.000,8.000,1.0,1,1.0
115,38,502.000,181.000,4.000,7.000,1.0,1,1.0
116,38,501.000,182.000,5.000,6.000,1.0,1,1.0
117,38,499.000,182.000,6.000,5.000,1.0,1,1.0
118,38,498.000,182.000,5.000,5.000,1.0,1,1.0
119,38,497.000,182.000,5.000,4.000,1.0,1,1.0
120,38,496.000,182.000,5.000,4.000,1.0,1,1.0
121,38,496.000,183.000,5.000,4.000,1.0,1,1.0
122,38,495.000,183.000,5.000,5.000,1.0,1,1.0
123,38,495.000,184.000,4.000,5.000,1.0,1,1.0
124,38,494.000,185.000,4.000,5.000,1.0,1,1.0
125,38,493.000,186.000,5.000,4.000,1.0,1,1.0
126,38,493.000,186.000,4.000,5.000,1.0,1,1.0
127,38,492.000,186.000,5.000,4.000,1.0,1,1.0
128,38,492.000,185.000,4.000,4.000,1.0,1,1.0
129,38,492.000,184.000,4.000,5.000,1.0,1,1.0
130,38,492.000,183.000,5.000,5.000,1.0,1,1.0
131,38,492.000,182.000,5.000,5.000,1.0,1,1.0
132,38,493.000,182.000,5.000,5.000,1.0,1,1.0
133,38,493.000,181.000,6.000,5.000,1.0,1,1.0
134,38,494.000,180.000,6.000,5.000,1.0,1,1.0
135,38,495.000,180.000,7.000,5.000,1.0,1,1.0
136,38,497.000,180.000,7.000,5.000,1.0,1,1.0
137,38,498.000,181.000,7.000,5.000,1.0,1,1.0
138,38,499.000,182.000,7.000,5.000,1.0,1,1.0
139,38,501.000,183.000,6.000,6.000,1.0,1,1.0
140,38,503.000,185.000,6.000,6.000,1.0,1,1.0
141,38,504.000,187.000,6.000,6.000,1.0,1,1.0
142,38,504.000,189.000,6.000,6.000,1.0,1,1.0
143,38,505.000,190.000,6.000,6.000,1.0,1,1.0
144,38,505.000,191.000,6.000,6.000,1.0,1,1.0
145,38,505.000,191.000,7.000,5.000,1.0,1,1.0
146,38,506.000,191.000,8.000,5.000,1.0,1,1.0
147,38,507.000,191.000,8.000,4.000,1.0,1,1.0
148,38,508.000,190.000,7.000,5.000,1.0,1,1.0
149,38,509.000,189.000,7.000,5.000,1.0,1,1.0
150,38,509.000,189.000,8.000,5.000,1.0,1,1.0
151,38,509.000,189.000,8.000,5.000,1.0,1,1.0
152,38,514.000,186.000,8.000,4.000,1.0,1,1.0
153,38,544.000,173.000,5.000,6.000,1.0,1,1.0
154,38,554.000,168.000,4.000,7.000,1.0,1,1.0
155,38,553.000,167.000,5.000,8.000,1.0,1,1.0
156,38,553.000,167.000,5.000,8.000,1.0,1,1.0
157,38,553.000,166.000,5.000,8.000,1.0,1,1.0
158,38,553.000,165.000,5.000,8.000,1.0,1,1.0
159,38,553.000,163.000,5.000,8.000,1.0,1,1.0
160,38,553.000,161.000,5.000,9.000,1.0,1,1.0
161,38,554.000,160.000,4.000,8.000,1.0,1,1.0
162,38,554.000,158.000,4.000,8.000,1.0,1,1.0
163,38,554.000,157.000,5.000,8.000,1.0,1,1.0
164,38,554.000,157.000,5.000,7.000,1.0,1,1.0
165,38,555.000,156.000,4.000,8.000,1.0,1,1.0
166,38,555.000,156.000,4.000,8.000,1.0,1,1.0
167,38,545.000,150.000,6.000,7.000,1.0,1,1.0
168,38,534.000,135.000,5.000,6.000,1.0,1,1.0
169,38,549.000,132.000,4.000,7.000,1.0,1,1.0
170,38,543.000,152.000,6.000,7.000,1.0,1,1.0
171,38,542.000,179.000,4.000,9.000,1.0,1,1.0
172,38,537.000,221.000,6.000,7.000,1.0,1,1.0
173,38,537.000,235.000,6.000,7.000,1.0,1,1.0
174,38,540.000,264.000,7.000,6.000,1.0,1,1.0
175,38,539.000,294.000,4.000,6.000,1.0,1,1.0
176,38,523.000,316.000,8.000,6.000,1.0,1,1.0
177,38,502.000,319.000,5.000,6.000,1.0,1,1.0
178,38,502.000,318.000,4.000,8.000,1.0,1,1.0
179,38,502.000,318.000,4.000,8.000,1.0,1,1.0
180,38,502.000,317.000,5.000,9.000,1.0,1,1.0
181,38,502.000,317.000,5.000,8.000,1.0,1,1.0
182,38,502.000,315.000,5.000,9.000,1.0,1,1.0
183,38,502.000,314.000,5.000,8.000,1.0,1,1.0
184,38,502.000,311.000,5.000,8.000,1.0,1,1.0
185,38,502.000,310.000,4.000,8.000,1.0,1,1.0
186,38,502.000,309.000,4.000,9.000,1.0,1,1.0
187,38,502.000,309.000,4.000,8.000,1.0,1,1.0
188,38,502.000,309.000,4.000,8.000,1.0,1,1.0
189,38,502.000,308.000,4.000,9.000,1.0,1,1.0
190,38,502.000,308.000,4.000,9.000,1.0,1,1.0
191,38,502.000,307.000,4.000,8.000,1.0,1,1.0
192,38,501.000,305.000,4.000,9.000,1.0,1,1.0
193,38,502.000,303.000,4.000,9.000,1.0,1,1.0
194,38,501.000,301.000,4.000,8.000,1.0,1,1.0
195,38,501.000,299.000,4.000,8.000,1.0,1,1.0
196,38,501.000,297.000,4.000,8.000,1.0,1,1.0
197,38,500.000,296.000,4.000,8.000,1.0,1,1.0
198,38,499.000,295.000,5.000,7.000,1.0,1,1.0
199,38,498.000,295.000,5.000,6.000,1.0,1,1.0
200,38,497.000,294.000,5.000,6.000,1.0,1,1.0
201,38,496.000,293.000,5.000,6.000,1.0,1,1.0
202,38,495.000,292.000,5.000,6.000,1.0,1,1.0
203,38,494.000,291.000,5.000,5.000,1.0,1,1.0
204,38,494.000,290.000,4.000,5.000,1.0,1,1.0
205,38,494.000,288.000,4.000,5.000,1.0,1,1.0
206,38,494.000,286.000,4.000,6.000,1.0,1,1.0
207,38,493.000,284.000,4.000,6.000,1.0,1,1.0
208,38,493.000,282.000,4.000,6.000,1.0,1,1.0
209,38,493.000,280.000,4.000,7.000,1.0,1,1.0
210,38,492.000,277.000,5.000,7.000,1.0,1,1.0
211,38,492.000,274.000,5.000,8.000,1.0,1,1.0
212,38,493.000,272.000,4.000,7.000,1.0,1,1.0
213,38,492.000,269.000,5.000,8.000,1.0,1,1.0
214,38,493.000,267.000,4.000,8.000,1.0,1,1.0
215,38,493.000,264.000,4.000,8.000,1.0,1,1.0
216,38,493.000,262.000,4.000,8.000,1.0,1,1.0
217,38,493.000,260.000,4.000,7.000,1.0,1,1.0
218,38,493.000,257.000,4.000,8.000,1.0,1,1.0
219,38,493.000,255.000,4.000,7.000,1.0,1,1.0
220,38,493.000,253.000,4.000,7.000,1.0,1,1.0
221,38,493.000,251.000,4.000,7.000,1.0,1,1.0
222,38,493.000,248.000,4.000,8.000,1.0,1,1.0
223,38,493.000,247.000,4.000,8.000,1.0,1,1.0
224,38,493.000,246.000,4.000,7.000,1.0,1,1.0
225,38,494.000,244.000,4.000,7.000,1.0,1,1.0
226,38,494.000,242.000,4.000,7.000,1.0,1,1.0
227,38,494.000,240.000,4.000,7.000,1.0,1,1.0
228,38,494.000,239.000,4.000,7.000,1.0,1,1.0
229,38,494.000,237.000,4.000,8.000,1.0,1,1.0
230,38,494.000,237.000,4.000,7.000,1.0,1,1.0
231,38,494.000,237.000,4.000,7.000,1.0,1,1.0
232,38,494.000,236.000,4.000,8.000,1.0,1,1.0
233,38,499.000,233.000,7.000,7.000,1.0,1,1.0
234,38,538.000,223.000,6.000,6.000,1.0,1,1.0
235,38,547.000,222.000,4.000,7.000,1.0,1,1.0
236,38,546.000,221.000,5.000,8.000,1.0,1,1.0
237,38,546.000,221.000,5.000,8.000,1.0,1,1.0
238,38,546.000,221.000,5.000,8.000,1.0,1,1.0
239,38,546.000,221.000,5.000,8.000,1.0,1,1.0
240,38,546.000,221.000,5.000,8.000,1.0,1,1.0
241,38,547.000,219.000,4.000,8.000,1.0,1,1.0
242,38,547.000,216.000,4.000,8.000,1.0,1,1.0
243,38,547.000,213.000,4.000,8.000,1.0,1,1.0
244,38,547.000,211.000,4.000,8.000,1.0,1,1.0
245,38,547.000,209.000,4.000,8.000,1.0,1,1.0
246,38,547.000,206.000,4.000,9.000,1.0,1,1.0
247,38,547.000,204.000,4.000,9.000,1.0,1,1.0
248,38,546.000,201.000,5.000,9.000,1.0,1,1.0
249,38,546.000,199.000,5.000,8.000,1.0,1,1.0
250,38,545.000,197.000,5.000,8.000,1.0,1,1.0
251,38,545.000,195.000,4.000,8.000,1.0,1,1.0
252,38,544.000,193.000,4.000,8.000,1.0,1,1.0
253,38,542.000,191.000,6.000,7.000,1.0,1,1.0
254,38,541.000,189.000,6.000,7.000,1.0,1,1.0
255,38,539.000,188.000,6.000,7.000,1.0,1,1.0
256,38,539.000,187.000,6.000,7.000,1.0,1,1.0
257,38,539.000,187.000,5.000,6.000,1.0,1,1.0
258,38,539.000,187.000,5.000,6.000,1.0,1,1.0
259,38,539.000,187.000,5.000,6.000,1.0,1,1.0
260,38,539.000,187.000,5.000,6.000,1.0,1,1.0
261,38,538.000,186.000,6.000,7.000,1.0,1,1.0
262,38,538.000,186.000,6.000,6.000,1.0,1,1.0
263,38,537.000,186.000,7.000,6.000,1.0,1,1.0
264,38,537.000,186.000,7.000,6.000,1.0,1,1.0
265,38,517.000,174.000,6.000,7.000,1.0,1,1.0
266,38,499.000,162.000,4.000,6.000,1.0,1,1.0
267,38,507.000,183.000,5.000,7.000,1.0,1,1.0
268,38,535.000,211.000,9.000,7.000,1.0,1,1.0
269,38,557.000,220.000,5.000,7.000,1.0,1,1.0
270,38,558.000,219.000,5.000,7.000,1.0,1,1.0
271,38,558.000,219.000,5.000,7.000,1.0,1,1.0
272,38,558.000,219.000,5.000,7.000,1.0,1,1.0
273,38,558.000,219.000,5.000,7.000,1.0,1,1.0
274,38,558.000,218.000,5.000,7.000,1.0,1,1.0
275,38,558.000,216.000,5.000,8.000,1.0,1,1.0
276,38,558.000,214.000,5.000,8.000,1.0,1,1.0
277,38,558.000,212.000,5.000,8.000,1.0,1,1.0
278,38,558.000,210.000,5.000,7.000,1.0,1,1.0
279,38,558.000,208.000,5.000,7.000,1.0,1,1.0
280,38,559.000,207.000,4.000,6.000,1.0,1,1.0
281,38,559.000,206.000,4.000,5.000,1.0,1,1.0
282,38,559.000,205.000,4.000,5.000,1.0,1,1.0
283,38,559.000,205.000,4.000,5.000,1.0,1,1.0
284,38,559.000,203.000,4.000,5.000,1.0,1,1.0
285,38,558.000,203.000,5.000,5.000,1.0,1,1.0
286,38,558.000,202.000,4.000,5.000,1.0,1,1.0
287,38,557.000,202.000,5.000,5.000,1.0,1,1.0
288,38,557.000,201.000,5.000,5.000,1.0,1,1.0
289,38,557.000,202.000,5.000,4.000,1.0,1,1.0
290,38,556.000,202.000,5.000,4.000,1.0,1,1.0
291,38,555.000,202.000,5.000,4.000,1.0,1,1.0
292,38,554.000,201.000,5.000,5.000,1.0,1,1.0
293,38,553.000,201.000,6.000,4.000,1.0,1,1.0
294,38,551.000,201.000,6.000,4.000,1.0,1,1.0
295,38,550.000,200.000,6.000,5.000,1.0,1,1.0
296,38,548.000,200.000,7.000,4.000,1.0,1,1.0
297,38,547.000,200.000,6.000,5.000,1.0,1,1.0
298,38,545.000,200.000,7.000,5.000,1.0,1,1.0
299,38,544.000,200.000,7.000,5.000,1.0,1,1.0
300,38,543.000,200.000,7.000,5.000,1.0,1,1.0
301,38,542.000,201.000,7.000,4.000,1.0,1,1.0
302,38,542.000,200.000,7.000,5.000,1.0,1,1.0
303,38,542.000,200.000,7.000,5.000,1.0,1,1.0
304,38,542.000,200.000,7.000,5.000,1.0,1,1.0
305,38,506.000,196.000,8.000,7.000,1.0,1,1.0
306,38,500.000,196.000,5.000,5.000,1.0,1,1.0
307,38,500.000,196.000,5.000,5.000,1.0,1,1.0
308,38,500.000,195.000,5.000,6.000,1.0,1,1.0
309,38,500.000,195.000,5.000,6.000,1.0,1,1.0
310,38,499.000,194.000,6.000,6.000,1.0,1,1.0
311,38,500.000,191.000,5.000,8.000,1.0,1,1.0
312,38,501.000,189.000,5.000,7.000,1.0,1,1.0
313,38,502.000,187.000,5.000,7.000,1.0,1,1.0
314,38,503.000,187.000,6.000,5.000,1.0,1,1.0
315,38,505.000,186.000,6.000,5.000,1.0,1,1.0
316,38,506.000,185.000,6.000,5.000,1.0,1,1.0
317,38,508.000,183.000,7.000,5.000,1.0,1,1.0
318,38,510.000,182.000,7.000,5.000,1.0,1,1.0
319,38,512.000,181.000,7.000,5.000,1.0,1,1.0
320,38,514.000,180.000,7.000,5.000,1.0,1,1.0
321,38,516.000,179.000,7.000,5.000,1.0,1,1.0
322,38,518.000,178.000,8.000,5.000,1.0,1,1.0
323,38,520.000,177.000,8.000,5.000,1.0,1,1.0
324,38,523.000,176.000,7.000,5.000,1.0,1,1.0
325,38,525.000,174.000,7.000,6.000,1.0,1,1.0
326,38,527.000,172.000,6.000,6.000,1.0,1,1.0
327,38,529.000,171.000,6.000,6.000,1.0,1,1.0
328,38,530.000,169.000,6.000,6.000,1.0,1,1.0
329,38,532.000,167.000,6.000,6.000,1.0,1,1.0
330,38,533.000,165.000,6.000,6.000,1.0,1,1.0
331,38,534.000,163.000,6.000,6.000,1.0,1,1.0
332,38,535.000,161.000,6.000,7.000,1.0,1,1.0
333,38,537.000,159.000,5.000,6.000,1.0,1,1.0
334,38,539.000,157.000,5.000,7.000,1.0,1,1.0
335,38,540.000,155.000,5.000,7.000,1.0,1,1.0
336,38,541.000,153.000,5.000,7.000,1.0,1,1.0
337,38,542.000,152.000,5.000,6.000,1.0,1,1.0
338,38,543.000,151.000,6.000,5.000,1.0,1,1.0
339,38,545.000,150.000,6.000,5.000,1.0,1,1.0
340,38,546.000,150.000,7.000,5.000,1.0,1,1.0
341,38,548.000,151.000,6.000,4.000,1.0,1,1.0
342,38,549.000,150.000,7.000,5.000,1.0,1,1.0
343,38,550.000,150.000,6.000,5.000,1.0,1,1.0
344,38,551.000,150.000,6.000,4.000,1.0,1,1.0
345,38,553.000,149.000,5.000,5.000,1.0,1,1.0
346,38,554.000,148.000,5.000,5.000,1.0,1,1.0
347,38,555.000,147.000,5.000,5.000,1.0,1,1.0
348,38,556.000,146.000,4.000,5.000,1.0,1,1.0
349,38,557.000,145.000,4.000,5.000,1.0,1,1.0
350,38,557.000,143.000,5.000,6.000,1.0,1,1.0
351,38,558.000,142.000,4.000,5.000,1.0,1,1.0
352,38,558.000,141.000,4.000,5.000,1.0,1,1.0
353,38,558.000,140.000,5.000,5.000,1.0,1,1.0
354,38,558.000,140.000,5.000,4.000,1.0,1,1.0
355,38,558.000,139.000,5.000,5.000,1.0,1,1.0
356,38,558.000,139.000,5.000,5.000,1.0,1,1.0
357,38,558.000,140.000,4.000,4.000,1.0,1,1.0
358,38,557.000,140.000,5.000,4.000,1.0,1,1.0
359,38,556.000,139.000,5.000,5.000,1.0,1,1.0
360,38,555.000,137.000,6.000,6.000,1.0,1,1.0
361,38,554.000,135.000,6.000,6.000,1.0,1,1.0
362,38,554.000,133.000,5.000,6.000,1.0,1,1.0
363,38,553.000,131.000,5.000,6.000,1.0,1,1.0
1,32,415.000,424.000,5.000,9.000,1.0,1,1.0
2,32,415.000,423.000,4.000,10.000,1.0,1,1.0
3,32,415.000,422.000,4.000,9.000,1.0,1,1.0
4,32,414.000,420.000,5.000,9.000,1.0,1,1.0
5,32,413.000,417.000,5.000,9.000,1.0,1,1.0
6,32,413.000,415.000,5.000,9.000,1.0,1,1.0
7,32,412.000,413.000,5.000,8.000,1.0,1,1.0
8,32,412.000,411.000,5.000,9.000,1.0,1,1.0
9,32,411.000,408.000,5.000,9.000,1.0,1,1.0
10,32,410.000,406.000,5.000,9.000,1.0,1,1.0
11,32,409.000,404.000,6.000,9.000,1.0,1,1.0
12,32,409.000,403.000,5.000,9.000,1.0,1,1.0
13,32,409.000,403.000,6.000,9.000,1.0,1,1.0
14,32,409.000,403.000,6.000,9.000,1.0,1,1.0
15,32,410.000,403.000,5.000,9.000,1.0,1,1.0
16,32,410.000,403.000,5.000,9.000,1.0,1,1.0
17,32,409.000,404.000,6.000,8.000,1.0,1,1.0
18,32,409.000,404.000,6.000,8.000,1.0,1,1.0
19,32,409.000,404.000,6.000,8.000,1.0,1,1.0
20,32,409.000,404.000,6.000,8.000,1.0,1,1.0
21,32,410.000,404.000,5.000,8.000,1.0,1,1.0
22,32,410.000,405.000,5.000,7.000,1.0,1,1.0
23,32,409.000,404.000,6.000,8.000,1.0,1,1.0
24,32,408.000,403.000,6.000,8.000,1.0,1,1.0
25,32,407.000,403.000,7.000,7.000,1.0,1,1.0
26,32,406.000,403.000,7.000,5.000,1.0,1,1.0
27,32,404.000,403.000,8.000,5.000,1.0,1,1.0
28,32,403.000,403.000,8.000,5.000,1.0,1,1.0
29,32,402.000,402.000,8.000,5.000,1.0,1,1.0
30,32,401.000,402.000,8.000,5.000,1.0,1,1.0
31,32,400.000,402.000,7.000,4.000,1.0,1,1.0
32,32,399.000,402.000,8.000,3.000,1.0,1,1.0
33,32,398.000,402.000,8.000,3.000,1.0,1,1.0
34,32,398.000,401.000,8.000,4.000,1.0,1,1.0
35,32,398.000,401.000,8.000,4.000,1.0,1,1.0
36,32,394.000,403.000,4.000,7.000,1.0,1,1.0
37,32,390.000,402.000,5.000,8.000,1.0,1,1.0
38,32,386.000,410.000,6.000,5.000,1.0,1,1.0
39,32,379.000,411.000,5.000,8.000,1.0,1,1.0
40,32,379.000,418.000,7.000,5.000,1.0,1,1.0
41,32,381.000,423.000,6.000,5.000,1.0,1,1.0
42,32,381.000,436.000,4.000,7.000,1.0,1,1.0
43,32,379.000,439.000,5.000,7.000,1.0,1,1.0
44,32,384.000,440.000,4.000,4.000,1.0,1,1.0
45,32,385.000,440.000,5.000,4.000,1.0,1,1.0
46,32,385.000,440.000,5.000,5.000,1.0,1,1.0
47,32,385.000,441.000,5.000,4.000,1.0,1,1.0
48,32,386.000,441.000,4.000,4.000,1.0,1,1.0
49,32,386.000,441.000,4.000,4.000,1.0,1,1.0
50,32,386.000,441.000,4.000,4.000,1.0,1,1.0
51,32,386.000,441.000,5.000,4.000,1.0,1,1.0
52,32,387.000,441.000,6.000,5.000,1.0,1,1.0
53,32,389.000,441.000,5.000,5.000,1.0,1,1.0
54,32,390.000,441.000,5.000,5.000,1.0,1,1.0
55,32,391.000,441.000,6.000,5.000,1.0,1,1.0
56,32,392.000,441.000,5.000,5.000,1.0,1,1.0
57,32,393.000,441.000,6.000,5.000,1.0,1,1.0
58,32,394.000,441.000,5.000,4.000,1.0,1,1.0
59,32,395.000,441.000,5.000,4.000,1.0,1,1.0
60,32,396.000,441.000,6.000,4.000,1.0,1,1.0
61,32,398.000,442.000,6.000,4.000,1.0,1,1.0
62,32,400.000,442.000,6.000,4.000,1.0,1,1.0
63,32,402.000,442.000,6.000,5.000,1.0,1,1.0
64,32,405.000,441.000,6.000,5.000,1.0,1,1.0
65,32,407.000,442.000,7.000,5.000,1.0,1,1.0
66,32,409.000,442.000,7.000,5.000,1.0,1,1.0
67,32,411.000,442.000,8.000,4.000,1.0,1,1.0
68,32,413.000,442.000,9.000,4.000,1.0,1,1.0
69,32,417.000,442.000,9.000,5.000,1.0,1,1.0
70,32,419.000,442.000,8.000,5.000,1.0,1,1.0
71,32,423.000,442.000,7.000,5.000,1.0,1,1.0
72,32,425.000,441.000,7.000,5.000,1.0,1,1.0
73,32,427.000,442.000,6.000,4.000,1.0,1,1.0
74,32,428.000,442.000,7.000,4.000,1.0,1,1.0
75,32,428.000,442.000,7.000,4.000,1.0,1,1.0
76,32,430.000,443.000,7.000,4.000,1.0,1,1.0
77,32,432.000,443.000,7.000,4.000,1.0,1,1.0
78,32,432.000,443.000,7.000,4.000,1.0,1,1.0
79,32,429.000,442.000,8.000,4.000,1.0,1,1.0
80,32,429.000,442.000,7.000,4.000,1.0,1,1.0
81,32,428.000,441.000,7.000,5.000,1.0,1,1.0
82,32,426.000,441.000,7.000,5.000,1.0,1,1.0
83,32,425.000,442.000,7.000,4.000,1.0,1,1.0
84,32,424.000,441.000,7.000,5.000,1.0,1,1.0
85,32,423.000,442.000,7.000,4.000,1.0,1,1.0
86,32,423.000,442.000,6.000,4.000,1.0,1,1.0
87,32,422.000,442.000,6.000,5.000,1.0,1,1.0
88,32,421.000,442.000,6.000,5.000,1.0,1,1.0
89,32,420.000,442.000,7.000,5.000,1.0,1,1.0
90,32,420.000,442.000,7.000,5.000,1.0,1,1.0
91,32,420.000,442.000,6.000,5.000,1.0,1,1.0
92,32,420.000,442.000,5.000,5.000,1.0,1,1.0
93,32,419.000,442.000,6.000,5.000,1.0,1,1.0
94,32,419.000,442.000,6.000,5.000,1.0,1,1.0
95,32,419.000,441.000,5.000,6.000,1.0,1,1.0
96,32,419.000,442.000,5.000,5.000,1.0,1,1.0
97,32,419.000,441.000,5.000,6.000,1.0,1,1.0
98,32,419.000,441.000,6.000,5.000,1.0,1,1.0
99,32,421.000,441.000,5.000,5.000,1.0,1,1.0
100,32,421.000,441.000,6.000,5.000,1.0,1,1.0
101,32,423.000,440.000,6.000,5.000,1.0,1,1.0
102,32,425.000,440.000,5.000,5.000,1.0,1,1.0
103,32,426.000,440.000,6.000,4.000,1.0,1,1.0
104,32,429.000,440.000,5.000,4.000,1.0,1,1.0
105,32,430.000,441.000,6.000,4.000,1.0,1,1.0
106,32,430.000,441.000,6.000,4.000,1.0,1,1.0
107,32,430.000,440.000,6.000,5.000,1.0,1,1.0
108,32,430.000,440.000,6.000,5.000,1.0,1,1.0
109,32,430.000,440.000,6.000,5.000,1.0,1,1.0
110,32,429.000,440.000,6.000,5.000,1.0,1,1.0
111,32,428.000,440.000,5.000,5.000,1.0,1,1.0
112,32,428.000,440.000,5.000,5.000,1.0,1,1.0
113,32,428.000,440.000,5.000,5.000,1.0,1,1.0
114,32,428.000,440.000,5.000,6.000,1.0,1,1.0
115,32,428.000,440.000,5.000,6.000,1.0,1,1.0
116,32,427.000,440.000,5.000,5.000,1.0,1,1.0
117,32,426.000,440.000,5.000,6.000,1.0,1,1.0
118,32,425.000,440.000,5.000,6.000,1.0,1,1.0
119,32,424.000,441.000,5.000,5.000,1.0,1,1.0
120,32,422.000,441.000,6.000,5.000,1.0,1,1.0
121,32,421.000,441.000,6.000,5.000,1.0,1,1.0
122,32,421.000,441.000,5.000,5.000,1.0,1,1.0
123,32,419.000,440.000,6.000,5.000,1.0,1,1.0
124,32,418.000,441.000,7.000,5.000,1.0,1,1.0
125,32,418.000,440.000,7.000,6.000,1.0,1,1.0
126,32,417.000,440.000,7.000,5.000,1.0,1,1.0
127,32,417.000,439.000,7.000,6.000,1.0,1,1.0
128,32,417.000,439.000,7.000,6.000,1.0,1,1.0
129,32,417.000,438.000,6.000,6.000,1.0,1,1.0
130,32,417.000,438.000,6.000,7.000,1.0,1,1.0
131,32,417.000,437.000,6.000,7.000,1.0,1,1.0
132,32,416.000,437.000,7.000,7.000,1.0,1,1.0
133,32,416.000,435.000,6.000,8.000,1.0,1,1.0
134,32,415.000,434.000,6.000,7.000,1.0,1,1.0
135,32,414.000,431.000,6.000,8.000,1.0,1,1.0
136,32,414.000,429.000,5.000,9.000,1.0,1,1.0
137,32,413.000,427.000,5.000,9.000,1.0,1,1.0
138,32,413.000,424.000,5.000,9.000,1.0,1,1.0
139,32,412.000,421.000,5.000,10.000,1.0,1,1.0
140,32,412.000,419.000,5.000,9.000,1.0,1,1.0
141,32,412.000,417.000,4.000,9.000,1.0,1,1.0
142,32,411.000,415.000,5.000,9.000,1.0,1,1.0
143,32,410.000,413.000,5.000,9.000,1.0,1,1.0
144,32,410.000,411.000,5.000,10.000,1.0,1,1.0
145,32,410.000,411.000,5.000,9.000,1.0,1,1.0
146,32,410.000,410.000,4.000,9.000,1.0,1,1.0
147,32,409.000,409.000,5.000,8.000,1.0,1,1.0
148,32,408.000,407.000,5.000,9.000,1.0,1,1.0
149,32,407.000,406.000,6.000,9.000,1.0,1,1.0
150,32,407.000,405.000,5.000,9.000,1.0,1,1.0
151,32,406.000,403.000,5.000,9.000,1.0,1,1.0
152,32,406.000,402.000,5.000,8.000,1.0,1,1.0
153,32,407.000,400.000,4.000,8.000,1.0,1,1.0
154,32,408.000,397.000,4.000,10.000,1.0,1,1.0
155,32,408.000,396.000,4.000,9.000,1.0,1,1.0
156,32,408.000,394.000,5.000,9.000,1.0,1,1.0
157,32,409.000,392.000,4.000,9.000,1.0,1,1.0
158,32,409.000,391.000,4.000,8.000,1.0,1,1.0
159,32,409.000,389.000,5.000,8.000,1.0,1,1.0
160,32,410.000,387.000,5.000,9.000,1.0,1,1.0
161,32,411.000,385.000,4.000,10.000,1.0,1,1.0
162,32,411.000,383.000,5.000,9.000,1.0,1,1.0
163,32,412.000,382.000,4.000,8.000,1.0,1,1.0
164,32,412.000,379.000,4.000,10.000,1.0,1,1.0
165,32,412.000,378.000,5.000,9.000,1.0,1,1.0
166,32,413.000,376.000,5.000,9.000,1.0,1,1.0
167,32,413.000,376.000,5.000,9.000,1.0,1,1.0
168,32,413.000,376.000,5.000,9.000,1.0,1,1.0
169,32,413.000,376.000,5.000,9.000,1.0,1,1.0
170,32,413.000,375.000,6.000,9.000,1.0,1,1.0
171,32,415.000,375.000,5.000,7.000,1.0,1,1.0
172,32,415.000,373.000,6.000,8.000,1.0,1,1.0
173,32,416.000,372.000,6.000,7.000,1.0,1,1.0
174,32,418.000,371.000,6.000,6.000,1.0,1,1.0
175,32,419.000,369.000,6.000,7.000,1.0,1,1.0
176,32,421.000,368.000,6.000,6.000,1.0,1,1.0
177,32,422.000,366.000,6.000,7.000,1.0,1,1.0
178,32,424.000,365.000,6.000,6.000,1.0,1,1.0
179,32,425.000,363.000,7.000,6.000,1.0,1,1.0
180,32,427.000,362.000,5.000,6.000,1.0,1,1.0
181,32,428.000,361.000,6.000,6.000,1.0,1,1.0
182,32,428.000,361.000,6.000,6.000,1.0,1,1.0
183,32,429.000,360.000,6.000,6.000,1.0,1,1.0
184,32,431.000,359.000,5.000,6.000,1.0,1,1.0
185,32,432.000,359.000,5.000,5.000,1.0,1,1.0
186,32,433.000,358.000,5.000,5.000,1.0,1,1.0
187,32,435.000,356.000,4.000,6.000,1.0,1,1.0
188,32,435.000,355.000,5.000,6.000,1.0,1,1.0
189,32,436.000,354.000,5.000,6.000,1.0,1,1.0
190,32,437.000,352.000,4.000,7.000,1.0,1,1.0
191,32,437.000,351.000,5.000,6.000,1.0,1,1.0
192,32,437.000,350.000,5.000,6.000,1.0,1,1.0
193,32,437.000,348.000,5.000,6.000,1.0,1,1.0
194,32,437.000,346.000,5.000,6.000,1.0,1,1.0
195,32,438.000,344.000,4.000,7.000,1.0,1,1.0
196,32,438.000,341.000,4.000,8.000,1.0,1,1.0
197,32,438.000,339.000,4.000,8.000,1.0,1,1.0
198,32,438.000,337.000,4.000,8.000,1.0,1,1.0
199,32,438.000,335.000,4.000,8.000,1.0,1,1.0
200,32,438.000,333.000,4.000,7.000,1.0,1,1.0
201,32,437.000,330.000,5.000,7.000,1.0,1,1.0
202,32,438.000,327.000,4.000,8.000,1.0,1,1.0
203,32,437.000,324.000,5.000,8.000,1.0,1,1.0
204,32,438.000,322.000,4.000,8.000,1.0,1,1.0
205,32,438.000,320.000,4.000,7.000,1.0,1,1.0
206,32,438.000,317.000,4.000,8.000,1.0,1,1.0
207,32,437.000,314.000,5.000,7.000,1.0,1,1.0
208,32,437.000,311.000,5.000,8.000,1.0,1,1.0
209,32,437.000,309.000,5.000,7.000,1.0,1,1.0
210,32,437.000,307.000,5.000,7.000,1.0,1,1.0
211,32,437.000,304.000,4.000,8.000,1.0,1,1.0
212,32,437.000,302.000,4.000,8.000,1.0,1,1.0
213,32,436.000,301.000,5.000,7.000,1.0,1,1.0
214,32,436.000,300.000,4.000,8.000,1.0,1,1.0
215,32,436.000,300.000,4.000,7.000,1.0,1,1.0
216,32,435.000,299.000,5.000,7.000,1.0,1,1.0
217,32,434.000,298.000,6.000,7.000,1.0,1,1.0
218,32,434.000,296.000,5.000,8.000,1.0,1,1.0
219,32,433.000,296.000,5.000,6.000,1.0,1,1.0
220,32,432.000,295.000,5.000,5.000,1.0,1,1.0
221,32,430.000,294.000,6.000,5.000,1.0,1,1.0
222,32,429.000,293.000,6.000,5.000,1.0,1,1.0
223,32,428.000,292.000,5.000,5.000,1.0,1,1.0
224,32,427.000,290.000,5.000,6.000,1.0,1,1.0
225,32,425.000,289.000,6.000,6.000,1.0,1,1.0
226,32,425.000,287.000,5.000,6.000,1.0,1,1.0
227,32,424.000,284.000,5.000,8.000,1.0,1,1.0
228,32,423.000,282.000,5.000,8.000,1.0,1,1.0
229,32,423.000,280.000,5.000,9.000,1.0,1,1.0
230,32,422.000,278.000,5.000,9.000,1.0,1,1.0
231,32,421.000,276.000,5.000,9.000,1.0,1,1.0
232,32,420.000,274.000,5.000,9.000,1.0,1,1.0
233,32,419.000,272.000,5.000,9.000,1.0,1,1.0
234,32,418.000,270.000,5.000,9.000,1.0,1,1.0
235,32,417.000,268.000,5.000,8.000,1.0,1,1.0
236,32,416.000,267.000,6.000,7.000,1.0,1,1.0
237,32,416.000,265.000,5.000,8.000,1.0,1,1.0
238,32,415.000,263.000,5.000,8.000,1.0,1,1.0
239,32,414.000,261.000,5.000,8.000,1.0,1,1.0
240,32,414.000,260.000,4.000,7.000,1.0,1,1.0
241,32,413.000,257.000,5.000,8.000,1.0,1,1.0
242,32,412.000,255.000,5.000,9.000,1.0,1,1.0
243,32,411.000,253.000,5.000,8.000,1.0,1,1.0
244,32,410.000,250.000,5.000,8.000,1.0,1,1.0
245,32,409.000,248.000,5.000,8.000,1.0,1,1.0
246,32,408.000,245.000,5.000,8.000,1.0,1,1.0
247,32,408.000,243.000,4.000,8.000,1.0,1,1.0
248,32,406.000,240.000,5.000,9.000,1.0,1,1.0
249,32,406.000,238.000,5.000,8.000,1.0,1,1.0
250,32,405.000,235.000,5.000,9.000,1.0,1,1.0
251,32,404.000,233.000,5.000,8.000,1.0,1,1.0
252,32,403.000,231.000,5.000,8.000,1.0,1,1.0
253,32,402.000,229.000,5.000,8.000,1.0,1,1.0
254,32,401.000,228.000,5.000,7.000,1.0,1,1.0
255,32,399.000,227.000,6.000,7.000,1.0,1,1.0
256,32,397.000,226.000,6.000,7.000,1.0,1,1.0
257,32,395.000,225.000,7.000,6.000,1.0,1,1.0
258,32,393.000,224.000,7.000,6.000,1.0,1,1.0
259,32,392.000,223.000,6.000,5.000,1.0,1,1.0
260,32,390.000,221.000,7.000,6.000,1.0,1,1.0
261,32,389.000,219.000,6.000,6.000,1.0,1,1.0
262,32,387.000,218.000,6.000,6.000,1.0,1,1.0
263,32,385.000,216.000,6.000,6.000,1.0,1,1.0
264,32,384.000,214.000,6.000,7.000,1.0,1,1.0
265,32,383.000,213.000,5.000,6.000,1.0,1,1.0
266,32,381.000,211.000,6.000,6.000,1.0,1,1.0
267,32,380.000,210.000,5.000,6.000,1.0,1,1.0
268,32,378.000,209.000,6.000,5.000,1.0,1,1.0
269,32,377.000,209.000,5.000,5.000,1.0,1,1.0
270,32,376.000,209.000,6.000,4.000,1.0,1,1.0
271,32,374.000,209.000,6.000,4.000,1.0,1,1.0
272,32,373.000,208.000,6.000,5.000,1.0,1,1.0
273,32,373.000,208.000,5.000,5.000,1.0,1,1.0
274,32,372.000,208.000,5.000,5.000,1.0,1,1.0
275,32,371.000,208.000,5.000,5.000,1.0,1,1.0
276,32,371.000,208.000,4.000,4.000,1.0,1,1.0
277,32,371.000,208.000,4.000,4.000,1.0,1,1.0
278,32,371.000,207.000,4.000,5.000,1.0,1,1.0
279,32,370.000,207.000,5.000,5.000,1.0,1,1.0
280,32,370.000,207.000,5.000,5.000,1.0,1,1.0
281,32,370.000,207.000,5.000,5.000,1.0,1,1.0
282,32,370.000,207.000,5.000,5.000,1.0,1,1.0
283,32,370.000,206.000,6.000,5.000,1.0,1,1.0
284,32,370.000,205.000,6.000,6.000,1.0,1,1.0
285,32,371.000,203.000,6.000,6.000,1.0,1,1.0
286,32,372.000,202.000,5.000,6.000,1.0,1,1.0
287,32,373.000,201.000,5.000,5.000,1.0,1,1.0
288,32,374.000,199.000,6.000,6.000,1.0,1,1.0
289,32,375.000,197.000,6.000,6.000,1.0,1,1.0
290,32,376.000,195.000,6.000,7.000,1.0,1,1.0
291,32,377.000,194.000,5.000,7.000,1.0,1,1.0
292,32,378.000,193.000,5.000,6.000,1.0,1,1.0
293,32,379.000,191.000,6.000,6.000,1.0,1,1.0
294,32,379.000,189.000,7.000,7.000,1.0,1,1.0
295,32,381.000,188.000,6.000,6.000,1.0,1,1.0
296,32,382.000,186.000,7.000,7.000,1.0,1,1.0
297,32,384.000,184.000,6.000,7.000,1.0,1,1.0
298,32,385.000,182.000,6.000,7.000,1.0,1,1.0
299,32,386.000,180.000,6.000,7.000,1.0,1,1.0
300,32,387.000,178.000,6.000,7.000,1.0,1,1.0
301,32,388.000,177.000,6.000,7.000,1.0,1,1.0
302,32,389.000,174.000,6.000,8.000,1.0,1,1.0
303,32,390.000,172.000,6.000,8.000,1.0,1,1.0
304,32,392.000,170.000,5.000,7.000,1.0,1,1.0
305,32,393.000,168.000,6.000,7.000,1.0,1,1.0
306,32,394.000,166.000,5.000,7.000,1.0,1,1.0
307,32,395.000,164.000,6.000,7.000,1.0,1,1.0
308,32,396.000,162.000,5.000,7.000,1.0,1,1.0
309,32,397.000,160.000,6.000,8.000,1.0,1,1.0
310,32,398.000,158.000,6.000,7.000,1.0,1,1.0
311,32,399.000,158.000,7.000,6.000,1.0,1,1.0
312,32,400.000,158.000,8.000,5.000,1.0,1,1.0
313,32,402.000,158.000,8.000,5.000,1.0,1,1.0
314,32,403.000,158.000,8.000,5.000,1.0,1,1.0
315,32,404.000,158.000,8.000,5.000,1.0,1,1.0
316,32,405.000,157.000,8.000,5.000,1.0,1,1.0
317,32,405.000,157.000,8.000,5.000,1.0,1,1.0
318,32,406.000,157.000,7.000,5.000,1.0,1,1.0
319,32,406.000,157.000,7.000,5.000,1.0,1,1.0
320,32,405.000,157.000,8.000,5.000,1.0,1,1.0
321,32,405.000,157.000,8.000,5.000,1.0,1,1.0
322,32,405.000,157.000,8.000,5.000,1.0,1,1.0
323,32,405.000,157.000,8.000,5.000,1.0,1,1.0
324,32,405.000,157.000,8.000,5.000,1.0,1,1.0
325,32,405.000,156.000,8.000,6.000,1.0,1,1.0
326,32,405.000,157.000,8.000,5.000,1.0,1,1.0
327,32,405.000,157.000,8.000,5.000,1.0,1,1.0
328,32,405.000,157.000,8.000,5.000,1.0,1,1.0
329,32,405.000,157.000,8.000,5.000,1.0,1,1.0
330,32,405.000,157.000,8.000,5.000,1.0,1,1.0
331,32,405.000,157.000,8.000,5.000,1.0,1,1.0
332,32,404.000,156.000,9.000,6.000,1.0,1,1.0
333,32,410.000,148.000,6.000,6.000,1.0,1,1.0
334,32,434.000,127.000,4.000,6.000,1.0,1,1.0
335,32,429.000,133.000,5.000,7.000,1.0,1,1.0
336,32,432.000,145.000,7.000,5.000,1.0,1,1.0
337,32,430.000,153.000,5.000,5.000,1.0,1,1.0
338,32,430.000,156.000,6.000,5.000,1.0,1,1.0
339,32,434.000,181.000,8.000,6.000,1.0,1,1.0
340,32,423.000,209.000,7.000,6.000,1.0,1,1.0
341,32,433.000,234.000,8.000,7.000,1.0,1,1.0
342,32,436.000,246.000,6.000,7.000,1.0,1,1.0
343,32,424.000,267.000,7.000,7.000,1.0,1,1.0
344,32,381.000,291.000,10.000,5.000,1.0,1,1.0
345,32,370.000,295.000,5.000,5.000,1.0,1,1.0
346,32,370.000,295.000,5.000,5.000,1.0,1,1.0
347,32,370.000,295.000,5.000,5.000,1.0,1,1.0
348,32,370.000,295.000,5.000,5.000,1.0,1,1.0
349,32,370.000,295.000,5.000,5.000,1.0,1,1.0
350,32,370.000,293.000,5.000,7.000,1.0,1,1.0
351,32,370.000,292.000,5.000,7.000,1.0,1,1.0
352,32,370.000,290.000,5.000,7.000,1.0,1,1.0
353,32,370.000,289.000,5.000,7.000,1.0,1,1.0
354,32,370.000,287.000,5.000,7.000,1.0,1,1.0
355,32,370.000,286.000,5.000,7.000,1.0,1,1.0
356,32,370.000,284.000,5.000,7.000,1.0,1,1.0
357,32,370.000,282.000,5.000,7.000,1.0,1,1.0
358,32,370.000,280.000,5.000,8.000,1.0,1,1.0
359,32,371.000,279.000,4.000,7.000,1.0,1,1.0
360,32,370.000,277.000,5.000,7.000,1.0,1,1.0
361,32,370.000,275.000,5.000,8.000,1.0,1,1.0
362,32,370.000,273.000,5.000,8.000,1.0,1,1.0
363,32,371.000,271.000,4.000,7.000,1.0,1,1.0
1,23,290.000,441.000,10.000,5.000,1.0,1,1.0
2,23,291.000,441.000,9.000,5.000,1.0,1,1.0
3,23,292.000,441.000,8.000,5.000,1.0,1,1.0
4,23,288.000,441.000,7.000,6.000,1.0,1,1.0
5,23,288.000,442.000,6.000,5.000,1.0,1,1.0
6,23,288.000,442.000,5.000,5.000,1.0,1,1.0
7,23,288.000,442.000,5.000,5.000,1.0,1,1.0
8,23,287.000,442.000,6.000,5.000,1.0,1,1.0
9,23,288.000,442.000,6.000,5.000,1.0,1,1.0
10,23,288.000,442.000,6.000,5.000,1.0,1,1.0
11,23,288.000,442.000,6.000,5.000,1.0,1,1.0
12,23,288.000,443.000,6.000,5.000,1.0,1,1.0
13,23,287.000,442.000,7.000,5.000,1.0,1,1.0
14,23,286.000,442.000,7.000,5.000,1.0,1,1.0
15,23,285.000,442.000,7.000,5.000,1.0,1,1.0
16,23,285.000,442.000,7.000,4.000,1.0,1,1.0
17,23,284.000,440.000,7.000,5.000,1.0,1,1.0
18,23,284.000,440.000,6.000,5.000,1.0,1,1.0
19,23,284.000,440.000,7.000,5.000,1.0,1,1.0
20,23,284.000,440.000,7.000,5.000,1.0,1,1.0
21,23,284.000,439.000,7.000,7.000,1.0,1,1.0
23,23,285.000,338.000,7.000,10.000,1.0,1,1.0
24,23,253.000,297.000,11.000,7.000,1.0,1,1.0
25,23,252.000,308.000,5.000,8.000,1.0,1,1.0
26,23,258.000,339.000,9.000,7.000,1.0,1,1.0
27,23,281.000,367.000,6.000,7.000,1.0,1,1.0
28,23,291.000,383.000,6.000,7.000,1.0,1,1.0
29,23,291.000,382.000,5.000,8.000,1.0,1,1.0
30,23,291.000,382.000,5.000,8.000,1.0,1,1.0
31,23,290.000,380.000,5.000,8.000,1.0,1,1.0
32,23,289.000,377.000,5.000,8.000,1.0,1,1.0
33,23,289.000,375.000,5.000,8.000,1.0,1,1.0
34,23,288.000,373.000,5.000,8.000,1.0,1,1.0
35,23,288.000,372.000,4.000,8.000,1.0,1,1.0
36,23,288.000,370.000,4.000,9.000,1.0,1,1.0
37,23,288.000,371.000,5.000,8.000,1.0,1,1.0
38,23,288.000,371.000,5.000,8.000,1.0,1,1.0
39,23,288.000,371.000,5.000,8.000,1.0,1,1.0
40,23,288.000,370.000,4.000,8.000,1.0,1,1.0
41,23,288.000,370.000,4.000,8.000,1.0,1,1.0
42,23,288.000,369.000,4.000,8.000,1.0,1,1.0
43,23,287.000,368.000,4.000,9.000,1.0,1,1.0
44,23,287.000,367.000,4.000,8.000,1.0,1,1.0
45,23,287.000,367.000,5.000,7.000,1.0,1,1.0
46,23,287.000,366.000,4.000,8.000,1.0,1,1.0
47,23,287.000,365.000,4.000,8.000,1.0,1,1.0
48,23,287.000,365.000,4.000,9.000,1.0,1,1.0
49,23,288.000,365.000,3.000,9.000,1.0,1,1.0
50,23,288.000,365.000,3.000,9.000,1.0,1,1.0
51,23,286.000,363.000,4.000,7.000,1.0,1,1.0
52,23,270.000,345.000,6.000,6.000,1.0,1,1.0
53,23,252.000,309.000,4.000,9.000,1.0,1,1.0
54,23,264.000,270.000,5.000,9.000,1.0,1,1.0
55,23,284.000,233.000,4.000,10.000,1.0,1,1.0
56,23,273.000,196.000,5.000,8.000,1.0,1,1.0
57,23,249.000,174.000,5.000,7.000,1.0,1,1.0
58,23,262.000,176.000,8.000,4.000,1.0,1,1.0
59,23,294.000,185.000,6.000,5.000,1.0,1,1.0
60,23,294.000,210.000,6.000,10.000,1.0,1,1.0
61,23,305.000,264.000,7.000,8.000,1.0,1,1.0
62,23,266.000,313.000,8.000,10.000,1.0,1,1.0
63,23,252.000,326.000,5.000,8.000,1.0,1,1.0
64,23,252.000,326.000,5.000,9.000,1.0,1,1.0
65,23,252.000,326.000,5.000,8.000,1.0,1,1.0
66,23,252.000,326.000,5.000,8.000,1.0,1,1.0
67,23,252.000,325.000,5.000,9.000,1.0,1,1.0
68,23,252.000,325.000,5.000,9.000,1.0,1,1.0
69,23,252.000,325.000,5.000,9.000,1.0,1,1.0
70,23,252.000,325.000,5.000,8.000,1.0,1,1.0
71,23,252.000,324.000,5.000,9.000,1.0,1,1.0
72,23,252.000,322.000,5.000,9.000,1.0,1,1.0
73,23,252.000,321.000,5.000,8.000,1.0,1,1.0
74,23,253.000,320.000,4.000,8.000,1.0,1,1.0
75,23,253.000,318.000,4.000,9.000,1.0,1,1.0
76,23,253.000,316.000,4.000,9.000,1.0,1,1.0
77,23,253.000,315.000,4.000,9.000,1.0,1,1.0
78,23,253.000,315.000,4.000,9.000,1.0,1,1.0
79,23,253.000,314.000,4.000,9.000,1.0,1,1.0
80,23,252.000,313.000,5.000,9.000,1.0,1,1.0
81,23,252.000,312.000,4.000,9.000,1.0,1,1.0
82,23,252.000,312.000,4.000,9.000,1.0,1,1.0
83,23,252.000,312.000,4.000,9.000,1.0,1,1.0
84,23,252.000,312.000,4.000,8.000,1.0,1,1.0
85,23,252.000,312.000,4.000,8.000,1.0,1,1.0
86,23,252.000,312.000,4.000,9.000,1.0,1,1.0
87,23,252.000,312.000,4.000,8.000,1.0,1,1.0
88,23,252.000,312.000,4.000,9.000,1.0,1,1.0
89,23,252.000,312.000,4.000,8.000,1.0,1,1.0
90,23,252.000,312.000,4.000,8.000,1.0,1,1.0
91,23,252.000,312.000,4.000,7.000,1.0,1,1.0
92,23,252.000,312.000,4.000,8.000,1.0,1,1.0
93,23,252.000,312.000,4.000,8.000,1.0,1,1.0
94,23,252.000,311.000,4.000,9.000,1.0,1,1.0
95,23,252.000,311.000,4.000,8.000,1.0,1,1.0
96,23,252.000,310.000,4.000,9.000,1.0,1,1.0
97,23,252.000,310.000,4.000,8.000,1.0,1,1.0
98,23,252.000,309.000,4.000,9.000,1.0,1,1.0
99,23,252.000,309.000,4.000,8.000,1.0,1,1.0
100,23,252.000,308.000,4.000,8.000,1.0,1,1.0
101,23,274.000,291.000,5.000,8.000,1.0,1,1.0
102,23,283.000,259.000,4.000,10.000,1.0,1,1.0
103,23,279.000,241.000,6.000,5.000,1.0,1,1.0
104,23,266.000,237.000,5.000,7.000,1.0,1,1.0
105,23,267.000,241.000,5.000,7.000,1.0,1,1.0
106,23,266.000,245.000,6.000,7.000,1.0,1,1.0
107,23,267.000,244.000,5.000,7.000,1.0,1,1.0
108,23,267.000,242.000,6.000,7.000,1.0,1,1.0
109,23,267.000,241.000,6.000,7.000,1.0,1,1.0
110,23,268.000,240.000,6.000,7.000,1.0,1,1.0
111,23,269.000,239.000,6.000,7.000,1.0,1,1.0
112,23,269.000,239.000,6.000,6.000,1.0,1,1.0
113,23,269.000,238.000,6.000,7.000,1.0,1,1.0
114,23,269.000,238.000,6.000,7.000,1.0,1,1.0
115,23,269.000,237.000,6.000,7.000,1.0,1,1.0
116,23,270.000,236.000,5.000,8.000,1.0,1,1.0
117,23,270.000,236.000,6.000,8.000,1.0,1,1.0
118,23,270.000,236.000,6.000,7.000,1.0,1,1.0
119,23,270.000,236.000,6.000,7.000,1.0,1,1.0
120,23,270.000,236.000,6.000,7.000,1.0,1,1.0
121,23,276.000,230.000,6.000,7.000,1.0,1,1.0
122,23,306.000,205.000,6.000,8.000,1.0,1,1.0
123,23,311.000,199.000,4.000,8.000,1.0,1,1.0
124,23,312.000,198.000,4.000,7.000,1.0,1,1.0
125,23,311.000,195.000,5.000,8.000,1.0,1,1.0
126,23,311.000,193.000,5.000,8.000,1.0,1,1.0
127,23,311.000,192.000,5.000,8.000,1.0,1,1.0
128,23,311.000,191.000,5.000,8.000,1.0,1,1.0
129,23,310.000,190.000,5.000,7.000,1.0,1,1.0
130,23,310.000,189.000,5.000,7.000,1.0,1,1.0
131,23,310.000,188.000,5.000,8.000,1.0,1,1.0
132,23,310.000,187.000,5.000,7.000,1.0,1,1.0
133,23,309.000,186.000,6.000,7.000,1.0,1,1.0
134,23,309.000,185.000,6.000,7.000,1.0,1,1.0
135,23,309.000,185.000,6.000,7.000,1.0,1,1.0
136,23,309.000,185.000,6.000,7.000,1.0,1,1.0
137,23,309.000,185.000,6.000,7.000,1.0,1,1.0
138,23,309.000,185.000,6.000,7.000,1.0,1,1.0
139,23,309.000,185.000,5.000,7.000,1.0,1,1.0
140,23,309.000,185.000,6.000,7.000,1.0,1,1.0
141,23,309.000,185.000,6.000,7.000,1.0,1,1.0
142,23,309.000,185.000,6.000,7.000,1.0,1,1.0
143,23,309.000,185.000,6.000,7.000,1.0,1,1.0
144,23,309.000,185.000,6.000,7.000,1.0,1,1.0
145,23,309.000,185.000,6.000,7.000,1.0,1,1.0
146,23,309.000,185.000,6.000,7.000,1.0,1,1.0
147,23,309.000,185.000,6.000,7.000,1.0,1,1.0
148,23,309.000,185.000,6.000,8.000,1.0,1,1.0
149,23,309.000,184.000,5.000,7.000,1.0,1,1.0
150,23,309.000,183.000,5.000,8.000,1.0,1,1.0
151,23,310.000,182.000,4.000,8.000,1.0,1,1.0
152,23,310.000,180.000,5.000,7.000,1.0,1,1.0
153,23,310.000,178.000,4.000,8.000,1.0,1,1.0
154,23,310.000,176.000,4.000,8.000,1.0,1,1.0
155,23,310.000,175.000,5.000,8.000,1.0,1,1.0
156,23,310.000,174.000,4.000,8.000,1.0,1,1.0
157,23,310.000,173.000,5.000,8.000,1.0,1,1.0
158,23,311.000,171.000,4.000,9.000,1.0,1,1.0
159,23,311.000,170.000,4.000,8.000,1.0,1,1.0
160,23,312.000,168.000,4.000,8.000,1.0,1,1.0
161,23,312.000,167.000,4.000,7.000,1.0,1,1.0
162,23,312.000,165.000,4.000,7.000,1.0,1,1.0
163,23,313.000,163.000,4.000,7.000,1.0,1,1.0
164,23,313.000,161.000,4.000,7.000,1.0,1,1.0
165,23,313.000,158.000,4.000,7.000,1.0,1,1.0
166,23,313.000,156.000,4.000,7.000,1.0,1,1.0
167,23,313.000,154.000,5.000,7.000,1.0,1,1.0
168,23,313.000,153.000,5.000,6.000,1.0,1,1.0
169,23,313.000,151.000,5.000,7.000,1.0,1,1.0
170,23,313.000,149.000,5.000,8.000,1.0,1,1.0
171,23,313.000,148.000,5.000,7.000,1.0,1,1.0
172,23,314.000,147.000,4.000,7.000,1.0,1,1.0
173,23,314.000,144.000,4.000,8.000,1.0,1,1.0
174,23,313.000,143.000,5.000,7.000,1.0,1,1.0
175,23,313.000,142.000,5.000,7.000,1.0,1,1.0
176,23,313.000,140.000,5.000,8.000,1.0,1,1.0
177,23,314.000,138.000,4.000,8.000,1.0,1,1.0
178,23,313.000,137.000,5.000,8.000,1.0,1,1.0
179,23,314.000,136.000,4.000,7.000,1.0,1,1.0
180,23,313.000,134.000,5.000,8.000,1.0,1,1.0
181,23,314.000,133.000,4.000,8.000,1.0,1,1.0
182,23,314.000,131.000,4.000,9.000,1.0,1,1.0
183,23,313.000,130.000,5.000,8.000,1.0,1,1.0
184,23,313.000,129.000,5.000,8.000,1.0,1,1.0
185,23,313.000,128.000,5.000,8.000,1.0,1,1.0
186,23,313.000,128.000,5.000,8.000,1.0,1,1.0
187,23,313.000,127.000,5.000,9.000,1.0,1,1.0
188,23,313.000,127.000,5.000,9.000,1.0,1,1.0
189,23,313.000,128.000,5.000,8.000,1.0,1,1.0
190,23,313.000,127.000,4.000,8.000,1.0,1,1.0
191,23,313.000,127.000,4.000,8.000,1.0,1,1.0
192,23,313.000,127.000,4.000,8.000,1.0,1,1.0
193,23,313.000,127.000,4.000,8.000,1.0,1,1.0
194,23,313.000,127.000,4.000,8.000,1.0,1,1.0
195,23,313.000,127.000,4.000,8.000,1.0,1,1.0
196,23,313.000,128.000,5.000,7.000,1.0,1,1.0
197,23,313.000,128.000,5.000,7.000,1.0,1,1.0
198,23,313.000,128.000,5.000,7.000,1.0,1,1.0
199,23,313.000,128.000,5.000,7.000,1.0,1,1.0
200,23,314.000,128.000,4.000,7.000,1.0,1,1.0
201,23,313.000,128.000,5.000,7.000,1.0,1,1.0
202,23,313.000,128.000,5.000,8.000,1.0,1,1.0
203,23,307.000,125.000,8.000,8.000,1.0,1,1.0
204,23,273.000,102.000,6.000,6.000,1.0,1,1.0
206,23,291.000,99.000,4.000,5.000,1.0,1,1.0
207,23,291.000,100.000,4.000,4.000,1.0,1,1.0
208,23,290.000,99.000,5.000,5.000,1.0,1,1.0
209,23,280.000,47.000,5.000,5.000,1.0,1,1.0
210,23,257.000,31.000,6.000,7.000,1.0,1,1.0
211,23,256.000,28.000,5.000,8.000,1.0,1,1.0
212,23,256.000,28.000,5.000,8.000,1.0,1,1.0
213,23,257.000,28.000,4.000,8.000,1.0,1,1.0
214,23,257.000,27.000,5.000,8.000,1.0,1,1.0
215,23,257.000,27.000,5.000,8.000,1.0,1,1.0
216,23,257.000,25.000,5.000,8.000,1.0,1,1.0
217,23,257.000,24.000,5.000,8.000,1.0,1,1.0
218,23,257.000,23.000,6.000,8.000,1.0,1,1.0
219,23,258.000,23.000,5.000,7.000,1.0,1,1.0
220,23,258.000,22.000,5.000,7.000,1.0,1,1.0
221,23,258.000,22.000,5.000,7.000,1.0,1,1.0
222,23,258.000,22.000,5.000,7.000,1.0,1,1.0
223,23,258.000,22.000,5.000,7.000,1.0,1,1.0
224,23,258.000,22.000,5.000,7.000,1.0,1,1.0
225,23,258.000,22.000,5.000,7.000,1.0,1,1.0
226,23,258.000,22.000,5.000,7.000,1.0,1,1.0
227,23,258.000,22.000,5.000,7.000,1.0,1,1.0
228,23,257.000,22.000,6.000,7.000,1.0,1,1.0
229,23,264.000,19.000,6.000,5.000,1.0,1,1.0
233,23,307.000,16.000,6.000,6.000,1.0,1,1.0
234,23,313.000,34.000,5.000,5.000,1.0,1,1.0
235,23,302.000,48.000,7.000,6.000,1.0,1,1.0
236,23,289.000,53.000,6.000,5.000,1.0,1,1.0
237,23,278.000,43.000,6.000,6.000,1.0,1,1.0
238,23,266.000,13.000,5.000,7.000,1.0,1,1.0
240,23,256.000,27.000,5.000,7.000,1.0,1,1.0
242,23,297.000,102.000,7.000,6.000,1.0,1,1.0
243,23,301.000,103.000,4.000,8.000,1.0,1,1.0
244,23,301.000,103.000,4.000,8.000,1.0,1,1.0
245,23,301.000,103.000,4.000,8.000,1.0,1,1.0
246,23,301.000,103.000,4.000,8.000,1.0,1,1.0
247,23,301.000,103.000,4.000,8.000,1.0,1,1.0
248,23,301.000,103.000,4.000,8.000,1.0,1,1.0
249,23,301.000,103.000,4.000,8.000,1.0,1,1.0
250,23,301.000,103.000,4.000,8.000,1.0,1,1.0
251,23,300.000,103.000,5.000,7.000,1.0,1,1.0
252,23,300.000,103.000,5.000,7.000,1.0,1,1.0
253,23,301.000,102.000,4.000,7.000,1.0,1,1.0
254,23,301.000,102.000,4.000,6.000,1.0,1,1.0
255,23,300.000,102.000,5.000,5.000,1.0,1,1.0
274,23,268.000,52.000,5.000,6.000,1.0,1,1.0
275,23,280.000,18.000,6.000,8.000,1.0,1,1.0
298,23,285.000,99.000,5.000,5.000,1.0,1,1.0
299,23,285.000,99.000,5.000,5.000,1.0,1,1.0
1,36,508.000,441.000,4.000,4.000,1.0,1,1.0
2,36,507.000,441.000,5.000,4.000,1.0,1,1.0
3,36,507.000,441.000,5.000,4.000,1.0,1,1.0
4,36,507.000,441.000,5.000,4.000,1.0,1,1.0
5,36,507.000,441.000,5.000,4.000,1.0,1,1.0
6,36,507.000,441.000,5.000,4.000,1.0,1,1.0
7,36,507.000,441.000,5.000,4.000,1.0,1,1.0
8,36,507.000,441.000,5.000,4.000,1.0,1,1.0
9,36,507.000,441.000,5.000,4.000,1.0,1,1.0
10,36,507.000,441.000,5.000,4.000,1.0,1,1.0
11,36,507.000,441.000,5.000,5.000,1.0,1,1.0
12,36,507.000,442.000,4.000,4.000,1.0,1,1.0
13,36,507.000,441.000,4.000,5.000,1.0,1,1.0
14,36,507.000,441.000,4.000,4.000,1.0,1,1.0
15,36,507.000,441.000,5.000,4.000,1.0,1,1.0
16,36,507.000,441.000,5.000,5.000,1.0,1,1.0
17,36,507.000,441.000,5.000,5.000,1.0,1,1.0
18,36,507.000,441.000,5.000,5.000,1.0,1,1.0
19,36,507.000,441.000,5.000,5.000,1.0,1,1.0
20,36,507.000,441.000,5.000,5.000,1.0,1,1.0
21,36,507.000,441.000,5.000,5.000,1.0,1,1.0
22,36,507.000,442.000,6.000,5.000,1.0,1,1.0
23,36,503.000,441.000,9.000,6.000,1.0,1,1.0
24,36,503.000,441.000,9.000,6.000,1.0,1,1.0
25,36,504.000,441.000,8.000,6.000,1.0,1,1.0
26,36,505.000,441.000,7.000,6.000,1.0,1,1.0
27,36,506.000,441.000,6.000,6.000,1.0,1,1.0
28,36,506.000,441.000,6.000,6.000,1.0,1,1.0
29,36,506.000,442.000,6.000,6.000,1.0,1,1.0
30,36,506.000,442.000,6.000,6.000,1.0,1,1.0
31,36,506.000,441.000,6.000,9.000,1.0,1,1.0
32,36,505.000,441.000,7.000,8.000,1.0,1,1.0
33,36,503.000,441.000,8.000,6.000,1.0,1,1.0
34,36,503.000,440.000,8.000,6.000,1.0,1,1.0
35,36,502.000,441.000,9.000,6.000,1.0,1,1.0
36,36,502.000,440.000,5.000,5.000,1.0,1,1.0
37,36,501.000,440.000,4.000,4.000,1.0,1,1.0
38,36,500.000,440.000,4.000,5.000,1.0,1,1.0
39,36,499.000,440.000,5.000,5.000,1.0,1,1.0
40,36,499.000,440.000,4.000,4.000,1.0,1,1.0
41,36,498.000,440.000,4.000,4.000,1.0,1,1.0
42,36,498.000,440.000,4.000,4.000,1.0,1,1.0
43,36,497.000,440.000,5.000,5.000,1.0,1,1.0
44,36,496.000,442.000,6.000,4.000,1.0,1,1.0
45,36,494.000,442.000,6.000,4.000,1.0,1,1.0
46,36,494.000,441.000,6.000,5.000,1.0,1,1.0
47,36,494.000,441.000,6.000,5.000,1.0,1,1.0
48,36,493.000,440.000,6.000,6.000,1.0,1,1.0
49,36,493.000,438.000,5.000,8.000,1.0,1,1.0
50,36,493.000,437.000,4.000,7.000,1.0,1,1.0
51,36,492.000,435.000,4.000,7.000,1.0,1,1.0
52,36,492.000,432.000,5.000,8.000,1.0,1,1.0
53,36,492.000,430.000,5.000,8.000,1.0,1,1.0
54,36,492.000,428.000,5.000,7.000,1.0,1,1.0
55,36,492.000,425.000,5.000,8.000,1.0,1,1.0
56,36,493.000,423.000,4.000,8.000,1.0,1,1.0
57,36,493.000,421.000,5.000,8.000,1.0,1,1.0
58,36,494.000,420.000,4.000,7.000,1.0,1,1.0
59,36,495.000,418.000,4.000,7.000,1.0,1,1.0
60,36,495.000,417.000,5.000,6.000,1.0,1,1.0
61,36,497.000,417.000,4.000,5.000,1.0,1,1.0
62,36,497.000,416.000,5.000,6.000,1.0,1,1.0
63,36,496.000,415.000,6.000,7.000,1.0,1,1.0
64,36,497.000,414.000,5.000,6.000,1.0,1,1.0
65,36,498.000,412.000,5.000,7.000,1.0,1,1.0
66,36,498.000,410.000,5.000,8.000,1.0,1,1.0
67,36,498.000,409.000,5.000,8.000,1.0,1,1.0
68,36,498.000,408.000,4.000,8.000,1.0,1,1.0
69,36,498.000,405.000,4.000,9.000,1.0,1,1.0
70,36,498.000,405.000,4.000,9.000,1.0,1,1.0
71,36,498.000,405.000,4.000,9.000,1.0,1,1.0
72,36,497.000,405.000,5.000,8.000,1.0,1,1.0
73,36,497.000,405.000,4.000,8.000,1.0,1,1.0
74,36,496.000,405.000,4.000,8.000,1.0,1,1.0
75,36,496.000,405.000,4.000,7.000,1.0,1,1.0
76,36,495.000,405.000,4.000,6.000,1.0,1,1.0
77,36,495.000,404.000,4.000,7.000,1.0,1,1.0
78,36,494.000,403.000,4.000,7.000,1.0,1,1.0
79,36,493.000,403.000,5.000,6.000,1.0,1,1.0
80,36,493.000,402.000,5.000,6.000,1.0,1,1.0
81,36,493.000,401.000,5.000,6.000,1.0,1,1.0
82,36,493.000,400.000,4.000,6.000,1.0,1,1.0
83,36,492.000,398.000,5.000,7.000,1.0,1,1.0
84,36,492.000,397.000,5.000,7.000,1.0,1,1.0
85,36,492.000,395.000,5.000,8.000,1.0,1,1.0
86,36,492.000,392.000,4.000,8.000,1.0,1,1.0
87,36,492.000,389.000,5.000,8.000,1.0,1,1.0
88,36,492.000,386.000,5.000,8.000,1.0,1,1.0
89,36,492.000,383.000,5.000,8.000,1.0,1,1.0
90,36,492.000,381.000,5.000,7.000,1.0,1,1.0
91,36,492.000,377.000,5.000,8.000,1.0,1,1.0
92,36,492.000,374.000,5.000,8.000,1.0,1,1.0
93,36,493.000,371.000,4.000,8.000,1.0,1,1.0
94,36,493.000,369.000,4.000,8.000,1.0,1,1.0
95,36,493.000,367.000,4.000,7.000,1.0,1,1.0
96,36,492.000,365.000,5.000,7.000,1.0,1,1.0
97,36,493.000,362.000,4.000,8.000,1.0,1,1.0
98,36,493.000,360.000,4.000,7.000,1.0,1,1.0
99,36,493.000,358.000,4.000,7.000,1.0,1,1.0
100,36,493.000,356.000,4.000,8.000,1.0,1,1.0
101,36,492.000,354.000,5.000,8.000,1.0,1,1.0
102,36,492.000,352.000,5.000,8.000,1.0,1,1.0
103,36,492.000,349.000,5.000,8.000,1.0,1,1.0
104,36,492.000,347.000,5.000,8.000,1.0,1,1.0
105,36,492.000,345.000,5.000,7.000,1.0,1,1.0
106,36,493.000,343.000,4.000,8.000,1.0,1,1.0
107,36,493.000,342.000,4.000,7.000,1.0,1,1.0
108,36,493.000,341.000,4.000,7.000,1.0,1,1.0
109,36,493.000,341.000,5.000,7.000,1.0,1,1.0
110,36,493.000,341.000,5.000,6.000,1.0,1,1.0
111,36,493.000,340.000,5.000,6.000,1.0,1,1.0
112,36,494.000,340.000,5.000,5.000,1.0,1,1.0
113,36,495.000,339.000,5.000,6.000,1.0,1,1.0
114,36,496.000,339.000,5.000,5.000,1.0,1,1.0
115,36,496.000,338.000,5.000,5.000,1.0,1,1.0
116,36,497.000,338.000,5.000,5.000,1.0,1,1.0
117,36,497.000,337.000,6.000,5.000,1.0,1,1.0
123,36,499.000,334.000,6.000,4.000,1.0,1,1.0
124,36,499.000,333.000,6.000,5.000,1.0,1,1.0
125,36,499.000,333.000,6.000,5.000,1.0,1,1.0
127,36,499.000,332.000,5.000,6.000,1.0,1,1.0
128,36,499.000,332.000,5.000,6.000,1.0,1,1.0
129,36,499.000,331.000,5.000,7.000,1.0,1,1.0
130,36,499.000,332.000,5.000,6.000,1.0,1,1.0
131,36,499.000,333.000,5.000,6.000,1.0,1,1.0
132,36,499.000,332.000,6.000,7.000,1.0,1,1.0
133,36,499.000,332.000,6.000,6.000,1.0,1,1.0
134,36,500.000,332.000,5.000,6.000,1.0,1,1.0
135,36,501.000,332.000,6.000,5.000,1.0,1,1.0
136,36,502.000,332.000,7.000,5.000,1.0,1,1.0
137,36,503.000,332.000,7.000,4.000,1.0,1,1.0
138,36,505.000,331.000,7.000,5.000,1.0,1,1.0
139,36,506.000,331.000,7.000,5.000,1.0,1,1.0
140,36,506.000,331.000,7.000,5.000,1.0,1,1.0
141,36,506.000,330.000,8.000,5.000,1.0,1,1.0
142,36,507.000,329.000,7.000,5.000,1.0,1,1.0
143,36,507.000,329.000,6.000,5.000,1.0,1,1.0
144,36,507.000,329.000,7.000,5.000,1.0,1,1.0
145,36,508.000,329.000,7.000,4.000,1.0,1,1.0
146,36,509.000,328.000,7.000,5.000,1.0,1,1.0
147,36,511.000,327.000,6.000,5.000,1.0,1,1.0
148,36,513.000,326.000,6.000,5.000,1.0,1,1.0
149,36,514.000,324.000,7.000,5.000,1.0,1,1.0
150,36,516.000,323.000,7.000,6.000,1.0,1,1.0
151,36,517.000,322.000,8.000,6.000,1.0,1,1.0
152,36,520.000,321.000,7.000,5.000,1.0,1,1.0
153,36,522.000,320.000,7.000,5.000,1.0,1,1.0
154,36,524.000,319.000,7.000,5.000,1.0,1,1.0
155,36,526.000,317.000,7.000,6.000,1.0,1,1.0
156,36,528.000,316.000,7.000,6.000,1.0,1,1.0
157,36,530.000,315.000,8.000,6.000,1.0,1,1.0
158,36,533.000,313.000,7.000,6.000,1.0,1,1.0
159,36,535.000,312.000,7.000,6.000,1.0,1,1.0
160,36,537.000,310.000,4.000,7.000,1.0,1,1.0
161,36,537.000,307.000,5.000,8.000,1.0,1,1.0
162,36,538.000,305.000,4.000,8.000,1.0,1,1.0
163,36,538.000,302.000,4.000,9.000,1.0,1,1.0
164,36,538.000,299.000,4.000,9.000,1.0,1,1.0
165,36,537.000,297.000,4.000,9.000,1.0,1,1.0
166,36,537.000,295.000,4.000,8.000,1.0,1,1.0
167,36,536.000,292.000,5.000,9.000,1.0,1,1.0
168,36,536.000,290.000,4.000,8.000,1.0,1,1.0
169,36,535.000,287.000,5.000,9.000,1.0,1,1.0
170,36,535.000,285.000,4.000,9.000,1.0,1,1.0
171,36,535.000,282.000,4.000,9.000,1.0,1,1.0
172,36,535.000,280.000,4.000,9.000,1.0,1,1.0
173,36,536.000,278.000,5.000,9.000,1.0,1,1.0
174,36,537.000,277.000,5.000,8.000,1.0,1,1.0
175,36,538.000,277.000,5.000,7.000,1.0,1,1.0
176,36,538.000,275.000,6.000,8.000,1.0,1,1.0
177,36,539.000,274.000,6.000,7.000,1.0,1,1.0
178,36,541.000,272.000,5.000,7.000,1.0,1,1.0
179,36,543.000,269.000,5.000,7.000,1.0,1,1.0
180,36,544.000,268.000,5.000,7.000,1.0,1,1.0
181,36,545.000,266.000,5.000,7.000,1.0,1,1.0
182,36,547.000,264.000,5.000,7.000,1.0,1,1.0
183,36,548.000,262.000,5.000,7.000,1.0,1,1.0
184,36,549.000,260.000,5.000,8.000,1.0,1,1.0
185,36,550.000,259.000,5.000,7.000,1.0,1,1.0
186,36,550.000,257.000,5.000,8.000,1.0,1,1.0
187,36,551.000,255.000,5.000,8.000,1.0,1,1.0
188,36,552.000,253.000,5.000,8.000,1.0,1,1.0
189,36,553.000,251.000,5.000,8.000,1.0,1,1.0
190,36,554.000,249.000,4.000,8.000,1.0,1,1.0
191,36,554.000,246.000,5.000,9.000,1.0,1,1.0
192,36,555.000,244.000,4.000,7.000,1.0,1,1.0
193,36,555.000,241.000,4.000,8.000,1.0,1,1.0
194,36,555.000,239.000,4.000,8.000,1.0,1,1.0
195,36,556.000,235.000,4.000,9.000,1.0,1,1.0
196,36,556.000,233.000,4.000,8.000,1.0,1,1.0
197,36,556.000,230.000,4.000,8.000,1.0,1,1.0
198,36,556.000,227.000,4.000,8.000,1.0,1,1.0
199,36,556.000,224.000,4.000,8.000,1.0,1,1.0
200,36,556.000,221.000,4.000,8.000,1.0,1,1.0
201,36,555.000,218.000,4.000,8.000,1.0,1,1.0
202,36,554.000,215.000,5.000,8.000,1.0,1,1.0
203,36,553.000,214.000,6.000,7.000,1.0,1,1.0
204,36,552.000,214.000,6.000,5.000,1.0,1,1.0
205,36,551.000,213.000,5.000,5.000,1.0,1,1.0
206,36,550.000,212.000,6.000,5.000,1.0,1,1.0
207,36,548.000,211.000,7.000,5.000,1.0,1,1.0
208,36,548.000,210.000,6.000,6.000,1.0,1,1.0
209,36,547.000,210.000,6.000,5.000,1.0,1,1.0
210,36,547.000,210.000,6.000,5.000,1.0,1,1.0
211,36,547.000,210.000,6.000,5.000,1.0,1,1.0
212,36,547.000,210.000,6.000,5.000,1.0,1,1.0
213,36,547.000,210.000,6.000,5.000,1.0,1,1.0
214,36,547.000,210.000,6.000,5.000,1.0,1,1.0
215,36,546.000,210.000,7.000,5.000,1.0,1,1.0
216,36,545.000,212.000,7.000,5.000,1.0,1,1.0
217,36,544.000,213.000,7.000,5.000,1.0,1,1.0
218,36,543.000,214.000,7.000,5.000,1.0,1,1.0
219,36,542.000,214.000,7.000,5.000,1.0,1,1.0
220,36,540.000,215.000,7.000,5.000,1.0,1,1.0
221,36,538.000,216.000,8.000,4.000,1.0,1,1.0
222,36,538.000,216.000,8.000,4.000,1.0,1,1.0
223,36,538.000,215.000,7.000,6.000,1.0,1,1.0
224,36,538.000,214.000,7.000,6.000,1.0,1,1.0
225,36,536.000,212.000,7.000,6.000,1.0,1,1.0
226,36,535.000,211.000,6.000,6.000,1.0,1,1.0
227,36,533.000,209.000,7.000,6.000,1.0,1,1.0
228,36,531.000,207.000,6.000,6.000,1.0,1,1.0
229,36,529.000,205.000,7.000,6.000,1.0,1,1.0
230,36,527.000,203.000,7.000,6.000,1.0,1,1.0
231,36,526.000,201.000,6.000,7.000,1.0,1,1.0
232,36,524.000,199.000,6.000,7.000,1.0,1,1.0
233,36,523.000,197.000,5.000,6.000,1.0,1,1.0
234,36,521.000,194.000,6.000,7.000,1.0,1,1.0
235,36,519.000,192.000,6.000,7.000,1.0,1,1.0
236,36,518.000,190.000,6.000,7.000,1.0,1,1.0
237,36,517.000,188.000,5.000,7.000,1.0,1,1.0
238,36,516.000,186.000,5.000,7.000,1.0,1,1.0
239,36,514.000,184.000,6.000,7.000,1.0,1,1.0
240,36,514.000,182.000,5.000,7.000,1.0,1,1.0
241,36,514.000,180.000,4.000,9.000,1.0,1,1.0
242,36,515.000,178.000,5.000,9.000,1.0,1,1.0
243,36,516.000,176.000,5.000,8.000,1.0,1,1.0
244,36,517.000,173.000,5.000,8.000,1.0,1,1.0
245,36,518.000,171.000,5.000,8.000,1.0,1,1.0
246,36,520.000,168.000,5.000,8.000,1.0,1,1.0
247,36,521.000,166.000,6.000,7.000,1.0,1,1.0
248,36,523.000,164.000,5.000,7.000,1.0,1,1.0
249,36,524.000,162.000,6.000,7.000,1.0,1,1.0
250,36,526.000,159.000,6.000,7.000,1.0,1,1.0
251,36,528.000,158.000,5.000,6.000,1.0,1,1.0
252,36,529.000,156.000,6.000,6.000,1.0,1,1.0
253,36,531.000,154.000,6.000,7.000,1.0,1,1.0
254,36,531.000,154.000,6.000,7.000,1.0,1,1.0
255,36,531.000,154.000,6.000,7.000,1.0,1,1.0
256,36,532.000,154.000,5.000,7.000,1.0,1,1.0
257,36,531.000,154.000,6.000,7.000,1.0,1,1.0
258,36,531.000,154.000,6.000,7.000,1.0,1,1.0
259,36,532.000,154.000,5.000,7.000,1.0,1,1.0
260,36,532.000,154.000,6.000,7.000,1.0,1,1.0
261,36,533.000,154.000,6.000,6.000,1.0,1,1.0
262,36,534.000,152.000,7.000,6.000,1.0,1,1.0
263,36,536.000,150.000,7.000,7.000,1.0,1,1.0
264,36,538.000,149.000,6.000,6.000,1.0,1,1.0
265,36,540.000,148.000,6.000,6.000,1.0,1,1.0
266,36,541.000,146.000,6.000,6.000,1.0,1,1.0
267,36,543.000,145.000,7.000,5.000,1.0,1,1.0
268,36,545.000,143.000,6.000,6.000,1.0,1,1.0
269,36,547.000,142.000,5.000,6.000,1.0,1,1.0
270,36,548.000,141.000,5.000,6.000,1.0,1,1.0
271,36,549.000,139.000,5.000,6.000,1.0,1,1.0
272,36,551.000,138.000,4.000,6.000,1.0,1,1.0
273,36,552.000,136.000,4.000,6.000,1.0,1,1.0
274,36,553.000,134.000,5.000,7.000,1.0,1,1.0
275,36,554.000,133.000,5.000,6.000,1.0,1,1.0
276,36,556.000,132.000,4.000,5.000,1.0,1,1.0
277,36,557.000,131.000,4.000,5.000,1.0,1,1.0
278,36,557.000,130.000,5.000,5.000,1.0,1,1.0
279,36,558.000,130.000,4.000,5.000,1.0,1,1.0
280,36,558.000,129.000,4.000,5.000,1.0,1,1.0
281,36,558.000,128.000,4.000,5.000,1.0,1,1.0
282,36,558.000,126.000,4.000,6.000,1.0,1,1.0
283,36,558.000,123.000,5.000,7.000,1.0,1,1.0
284,36,558.000,121.000,5.000,7.000,1.0,1,1.0
285,36,558.000,119.000,5.000,7.000,1.0,1,1.0
286,36,558.000,117.000,5.000,7.000,1.0,1,1.0
287,36,558.000,115.000,5.000,8.000,1.0,1,1.0
288,36,558.000,113.000,5.000,8.000,1.0,1,1.0
289,36,558.000,110.000,5.000,9.000,1.0,1,1.0
290,36,558.000,108.000,5.000,8.000,1.0,1,1.0
291,36,558.000,106.000,4.000,7.000,1.0,1,1.0
292,36,558.000,106.000,4.000,7.000,1.0,1,1.0
293,36,558.000,105.000,4.000,7.000,1.0,1,1.0
294,36,558.000,103.000,4.000,7.000,1.0,1,1.0
302,36,534.000,63.000,4.000,7.000,1.0,1,1.0
303,36,533.000,61.000,5.000,9.000,1.0,1,1.0
304,36,533.000,60.000,5.000,8.000,1.0,1,1.0
305,36,532.000,60.000,5.000,5.000,1.0,1,1.0
306,36,530.000,53.000,5.000,4.000,1.0,1,1.0
307,36,530.000,50.000,4.000,7.000,1.0,1,1.0
308,36,529.000,48.000,5.000,9.000,1.0,1,1.0
309,36,528.000,47.000,5.000,9.000,1.0,1,1.0
310,36,527.000,45.000,5.000,9.000,1.0,1,1.0
311,36,526.000,43.000,5.000,9.000,1.0,1,1.0
312,36,526.000,41.000,5.000,9.000,1.0,1,1.0
313,36,525.000,39.000,5.000,9.000,1.0,1,1.0
314,36,525.000,36.000,4.000,9.000,1.0,1,1.0
315,36,525.000,34.000,4.000,9.000,1.0,1,1.0
316,36,526.000,32.000,5.000,8.000,1.0,1,1.0
317,36,527.000,31.000,5.000,8.000,1.0,1,1.0
318,36,528.000,29.000,5.000,7.000,1.0,1,1.0
319,36,529.000,27.000,5.000,7.000,1.0,1,1.0
320,36,530.000,24.000,5.000,8.000,1.0,1,1.0
321,36,531.000,22.000,5.000,8.000,1.0,1,1.0
322,36,531.000,20.000,5.000,9.000,1.0,1,1.0
323,36,532.000,19.000,4.000,8.000,1.0,1,1.0
324,36,530.000,17.000,5.000,9.000,1.0,1,1.0
325,36,529.000,18.000,6.000,7.000,1.0,1,1.0
326,36,528.000,18.000,6.000,6.000,1.0,1,1.0
327,36,526.000,17.000,7.000,6.000,1.0,1,1.0
328,36,525.000,16.000,6.000,6.000,1.0,1,1.0
329,36,523.000,15.000,8.000,6.000,1.0,1,1.0
330,36,522.000,15.000,7.000,5.000,1.0,1,1.0
331,36,521.000,14.000,8.000,6.000,1.0,1,1.0
332,36,520.000,13.000,7.000,6.000,1.0,1,1.0
333,36,521.000,13.000,6.000,5.000,1.0,1,1.0
1,15,175.000,435.000,5.000,7.000,1.0,1,1.0
2,15,174.000,436.000,5.000,7.000,1.0,1,1.0
3,15,177.000,432.000,6.000,4.000,1.0,1,1.0
4,15,182.000,432.000,6.000,6.000,1.0,1,1.0
7,15,177.000,444.000,7.000,5.000,1.0,1,1.0
8,15,176.000,444.000,7.000,4.000,1.0,1,1.0
9,15,150.000,438.000,6.000,4.000,1.0,1,1.0
10,15,149.000,438.000,7.000,4.000,1.0,1,1.0
11,15,148.000,438.000,6.000,4.000,1.0,1,1.0
12,15,146.000,438.000,6.000,4.000,1.0,1,1.0
13,15,145.000,438.000,6.000,4.000,1.0,1,1.0
14,15,142.000,438.000,7.000,5.000,1.0,1,1.0
15,15,138.000,438.000,8.000,5.000,1.0,1,1.0
16,15,139.000,439.000,7.000,4.000,1.0,1,1.0
17,15,138.000,438.000,6.000,5.000,1.0,1,1.0
18,15,138.000,438.000,6.000,6.000,1.0,1,1.0
19,15,137.000,439.000,7.000,4.000,1.0,1,1.0
20,15,135.000,439.000,8.000,5.000,1.0,1,1.0
21,15,136.000,439.000,7.000,5.000,1.0,1,1.0
22,15,133.000,439.000,9.000,7.000,1.0,1,1.0
23,15,134.000,439.000,7.000,7.000,1.0,1,1.0
24,15,134.000,439.000,8.000,7.000,1.0,1,1.0
27,15,140.000,443.000,6.000,6.000,1.0,1,1.0
28,15,140.000,442.000,7.000,6.000,1.0,1,1.0
29,15,139.000,443.000,7.000,5.000,1.0,1,1.0
33,15,138.000,445.000,9.000,5.000,1.0,1,1.0
34,15,138.000,445.000,9.000,5.000,1.0,1,1.0
35,15,138.000,444.000,7.000,5.000,1.0,1,1.0
36,15,138.000,444.000,8.000,5.000,1.0,1,1.0
38,15,139.000,442.000,6.000,6.000,1.0,1,1.0
39,15,138.000,442.000,7.000,6.000,1.0,1,1.0
40,15,138.000,442.000,7.000,6.000,1.0,1,1.0
41,15,138.000,441.000,5.000,6.000,1.0,1,1.0
42,15,136.000,441.000,5.000,6.000,1.0,1,1.0
43,15,139.000,441.000,5.000,6.000,1.0,1,1.0
44,15,139.000,441.000,6.000,6.000,1.0,1,1.0
45,15,139.000,442.000,7.000,5.000,1.0,1,1.0
46,15,138.000,442.000,7.000,4.000,1.0,1,1.0
47,15,135.000,440.000,7.000,4.000,1.0,1,1.0
48,15,134.000,440.000,8.000,5.000,1.0,1,1.0
49,15,133.000,441.000,8.000,4.000,1.0,1,1.0
50,15,133.000,441.000,8.000,5.000,1.0,1,1.0
51,15,133.000,441.000,7.000,5.000,1.0,1,1.0
52,15,132.000,441.000,8.000,5.000,1.0,1,1.0
53,15,132.000,441.000,8.000,5.000,1.0,1,1.0
54,15,132.000,441.000,8.000,5.000,1.0,1,1.0
55,15,132.000,441.000,7.000,5.000,1.0,1,1.0
56,15,132.000,441.000,7.000,5.000,1.0,1,1.0
57,15,132.000,441.000,7.000,5.000,1.0,1,1.0
58,15,132.000,441.000,6.000,5.000,1.0,1,1.0
59,15,132.000,441.000,6.000,5.000,1.0,1,1.0
60,15,132.000,442.000,6.000,4.000,1.0,1,1.0
61,15,132.000,441.000,6.000,5.000,1.0,1,1.0
62,15,132.000,442.000,6.000,4.000,1.0,1,1.0
63,15,131.000,438.000,8.000,8.000,1.0,1,1.0
64,15,133.000,440.000,8.000,6.000,1.0,1,1.0
65,15,133.000,441.000,6.000,5.000,1.0,1,1.0
66,15,132.000,441.000,7.000,5.000,1.0,1,1.0
67,15,132.000,441.000,7.000,5.000,1.0,1,1.0
68,15,132.000,441.000,7.000,5.000,1.0,1,1.0
69,15,133.000,441.000,7.000,5.000,1.0,1,1.0
70,15,134.000,440.000,8.000,5.000,1.0,1,1.0
71,15,134.000,441.000,7.000,5.000,1.0,1,1.0
72,15,135.000,440.000,10.000,6.000,1.0,1,1.0
73,15,135.000,441.000,10.000,5.000,1.0,1,1.0
74,15,136.000,441.000,8.000,5.000,1.0,1,1.0
75,15,136.000,441.000,7.000,4.000,1.0,1,1.0
79,15,146.000,443.000,8.000,5.000,1.0,1,1.0
80,15,147.000,443.000,8.000,5.000,1.0,1,1.0
81,15,147.000,443.000,8.000,5.000,1.0,1,1.0
82,15,147.000,442.000,9.000,5.000,1.0,1,1.0
83,15,150.000,440.000,7.000,6.000,1.0,1,1.0
84,15,151.000,438.000,7.000,6.000,1.0,1,1.0
85,15,151.000,437.000,6.000,7.000,1.0,1,1.0
86,15,154.000,436.000,6.000,5.000,1.0,1,1.0
87,15,154.000,435.000,5.000,6.000,1.0,1,1.0
88,15,164.000,440.000,7.000,5.000,1.0,1,1.0
89,15,165.000,436.000,7.000,10.000,1.0,1,1.0
90,15,163.000,439.000,8.000,6.000,1.0,1,1.0
91,15,164.000,439.000,7.000,6.000,1.0,1,1.0
92,15,166.000,439.000,7.000,6.000,1.0,1,1.0
93,15,166.000,438.000,7.000,6.000,1.0,1,1.0
94,15,168.000,437.000,6.000,8.000,1.0,1,1.0
95,15,168.000,437.000,6.000,8.000,1.0,1,1.0
96,15,168.000,438.000,6.000,7.000,1.0,1,1.0
97,15,168.000,438.000,6.000,7.000,1.0,1,1.0
98,15,167.000,438.000,8.000,7.000,1.0,1,1.0
99,15,167.000,438.000,6.000,6.000,1.0,1,1.0
100,15,167.000,438.000,6.000,7.000,1.0,1,1.0
101,15,166.000,437.000,6.000,8.000,1.0,1,1.0
102,15,164.000,436.000,5.000,7.000,1.0,1,1.0
107,15,153.000,442.000,9.000,5.000,1.0,1,1.0
108,15,155.000,442.000,8.000,5.000,1.0,1,1.0
109,15,156.000,441.000,8.000,6.000,1.0,1,1.0
110,15,155.000,441.000,8.000,5.000,1.0,1,1.0
111,15,154.000,441.000,9.000,5.000,1.0,1,1.0
112,15,154.000,441.000,10.000,6.000,1.0,1,1.0
113,15,155.000,441.000,8.000,5.000,1.0,1,1.0
118,15,152.000,441.000,8.000,5.000,1.0,1,1.0
120,15,153.000,440.000,7.000,4.000,1.0,1,1.0
121,15,153.000,439.000,7.000,4.000,1.0,1,1.0
122,15,153.000,439.000,7.000,5.000,1.0,1,1.0
123,15,153.000,439.000,7.000,5.000,1.0,1,1.0
124,15,153.000,439.000,6.000,5.000,1.0,1,1.0
125,15,147.000,438.000,6.000,5.000,1.0,1,1.0
126,15,147.000,437.000,6.000,5.000,1.0,1,1.0
127,15,147.000,436.000,6.000,6.000,1.0,1,1.0
128,15,148.000,436.000,5.000,6.000,1.0,1,1.0
129,15,148.000,434.000,5.000,7.000,1.0,1,1.0
130,15,146.000,434.000,5.000,7.000,1.0,1,1.0
132,15,146.000,431.000,4.000,8.000,1.0,1,1.0
133,15,145.000,429.000,5.000,9.000,1.0,1,1.0
134,15,145.000,428.000,5.000,8.000,1.0,1,1.0
135,15,145.000,427.000,4.000,8.000,1.0,1,1.0
136,15,144.000,426.000,5.000,8.000,1.0,1,1.0
137,15,144.000,424.000,4.000,9.000,1.0,1,1.0
138,15,144.000,423.000,4.000,9.000,1.0,1,1.0
139,15,143.000,421.000,5.000,10.000,1.0,1,1.0
140,15,143.000,420.000,4.000,8.000,1.0,1,1.0
141,15,142.000,418.000,5.000,9.000,1.0,1,1.0
142,15,142.000,417.000,5.000,9.000,1.0,1,1.0
143,15,142.000,415.000,4.000,9.000,1.0,1,1.0
144,15,142.000,413.000,4.000,9.000,1.0,1,1.0
145,15,142.000,411.000,4.000,9.000,1.0,1,1.0
146,15,142.000,409.000,4.000,9.000,1.0,1,1.0
147,15,142.000,407.000,4.000,9.000,1.0,1,1.0
148,15,142.000,405.000,5.000,9.000,1.0,1,1.0
149,15,142.000,403.000,5.000,9.000,1.0,1,1.0
150,15,142.000,401.000,5.000,9.000,1.0,1,1.0
151,15,142.000,400.000,5.000,8.000,1.0,1,1.0
152,15,142.000,397.000,5.000,9.000,1.0,1,1.0
153,15,143.000,396.000,4.000,8.000,1.0,1,1.0
154,15,143.000,394.000,4.000,8.000,1.0,1,1.0
155,15,142.000,392.000,5.000,8.000,1.0,1,1.0
156,15,142.000,390.000,5.000,8.000,1.0,1,1.0
157,15,142.000,388.000,5.000,8.000,1.0,1,1.0
158,15,142.000,386.000,4.000,8.000,1.0,1,1.0
159,15,142.000,383.000,5.000,9.000,1.0,1,1.0
160,15,143.000,381.000,4.000,9.000,1.0,1,1.0
161,15,143.000,379.000,5.000,9.000,1.0,1,1.0
162,15,144.000,377.000,4.000,9.000,1.0,1,1.0
163,15,144.000,376.000,5.000,8.000,1.0,1,1.0
164,15,144.000,374.000,5.000,8.000,1.0,1,1.0
165,15,145.000,371.000,4.000,9.000,1.0,1,1.0
166,15,145.000,369.000,5.000,9.000,1.0,1,1.0
167,15,145.000,367.000,5.000,9.000,1.0,1,1.0
168,15,146.000,364.000,4.000,10.000,1.0,1,1.0
169,15,146.000,362.000,4.000,10.000,1.0,1,1.0
170,15,146.000,360.000,4.000,9.000,1.0,1,1.0
171,15,146.000,358.000,4.000,9.000,1.0,1,1.0
172,15,146.000,356.000,4.000,9.000,1.0,1,1.0
173,15,146.000,354.000,4.000,9.000,1.0,1,1.0
174,15,146.000,352.000,4.000,9.000,1.0,1,1.0
175,15,145.000,351.000,5.000,8.000,1.0,1,1.0
176,15,145.000,349.000,4.000,9.000,1.0,1,1.0
177,15,145.000,347.000,4.000,9.000,1.0,1,1.0
178,15,144.000,345.000,5.000,9.000,1.0,1,1.0
179,15,144.000,344.000,4.000,8.000,1.0,1,1.0
180,15,143.000,342.000,5.000,9.000,1.0,1,1.0
181,15,142.000,340.000,5.000,9.000,1.0,1,1.0
182,15,142.000,339.000,5.000,9.000,1.0,1,1.0
183,15,141.000,338.000,5.000,10.000,1.0,1,1.0
184,15,141.000,338.000,5.000,8.000,1.0,1,1.0
185,15,140.000,336.000,5.000,9.000,1.0,1,1.0
186,15,140.000,335.000,5.000,9.000,1.0,1,1.0
187,15,139.000,333.000,5.000,9.000,1.0,1,1.0
188,15,139.000,332.000,4.000,8.000,1.0,1,1.0
189,15,138.000,330.000,5.000,8.000,1.0,1,1.0
190,15,138.000,328.000,4.000,9.000,1.0,1,1.0
191,15,138.000,326.000,4.000,9.000,1.0,1,1.0
192,15,137.000,325.000,5.000,9.000,1.0,1,1.0
193,15,137.000,323.000,4.000,9.000,1.0,1,1.0
194,15,136.000,321.000,5.000,10.000,1.0,1,1.0
195,15,136.000,319.000,4.000,9.000,1.0,1,1.0
196,15,136.000,318.000,4.000,9.000,1.0,1,1.0
197,15,136.000,316.000,4.000,9.000,1.0,1,1.0
198,15,135.000,313.000,5.000,9.000,1.0,1,1.0
199,15,135.000,311.000,4.000,9.000,1.0,1,1.0
200,15,135.000,309.000,4.000,9.000,1.0,1,1.0
201,15,135.000,306.000,4.000,10.000,1.0,1,1.0
202,15,135.000,304.000,4.000,10.000,1.0,1,1.0
203,15,135.000,302.000,4.000,9.000,1.0,1,1.0
204,15,135.000,300.000,4.000,9.000,1.0,1,1.0
205,15,135.000,297.000,5.000,9.000,1.0,1,1.0
206,15,136.000,295.000,4.000,9.000,1.0,1,1.0
207,15,136.000,292.000,4.000,10.000,1.0,1,1.0
208,15,136.000,290.000,5.000,9.000,1.0,1,1.0
209,15,136.000,288.000,5.000,9.000,1.0,1,1.0
210,15,137.000,285.000,4.000,9.000,1.0,1,1.0
211,15,137.000,283.000,5.000,8.000,1.0,1,1.0
212,15,138.000,280.000,4.000,10.000,1.0,1,1.0
213,15,138.000,278.000,5.000,9.000,1.0,1,1.0
214,15,139.000,275.000,5.000,9.000,1.0,1,1.0
215,15,140.000,273.000,4.000,9.000,1.0,1,1.0
216,15,140.000,271.000,5.000,9.000,1.0,1,1.0
217,15,141.000,268.000,5.000,9.000,1.0,1,1.0
218,15,142.000,266.000,5.000,8.000,1.0,1,1.0
219,15,143.000,263.000,4.000,8.000,1.0,1,1.0
220,15,144.000,261.000,4.000,8.000,1.0,1,1.0
221,15,144.000,259.000,5.000,8.000,1.0,1,1.0
222,15,145.000,257.000,5.000,8.000,1.0,1,1.0
223,15,146.000,255.000,5.000,9.000,1.0,1,1.0
224,15,146.000,254.000,5.000,8.000,1.0,1,1.0
225,15,146.000,254.000,5.000,8.000,1.0,1,1.0
226,15,146.000,254.000,5.000,8.000,1.0,1,1.0
227,15,146.000,254.000,5.000,8.000,1.0,1,1.0
228,15,146.000,254.000,5.000,8.000,1.0,1,1.0
229,15,146.000,254.000,5.000,8.000,1.0,1,1.0
230,15,146.000,252.000,5.000,8.000,1.0,1,1.0
231,15,147.000,251.000,5.000,8.000,1.0,1,1.0
232,15,147.000,248.000,5.000,9.000,1.0,1,1.0
233,15,148.000,246.000,4.000,9.000,1.0,1,1.0
234,15,148.000,245.000,5.000,8.000,1.0,1,1.0
235,15,148.000,242.000,5.000,9.000,1.0,1,1.0
236,15,148.000,240.000,5.000,8.000,1.0,1,1.0
237,15,149.000,237.000,4.000,8.000,1.0,1,1.0
238,15,149.000,235.000,5.000,8.000,1.0,1,1.0
239,15,150.000,231.000,4.000,9.000,1.0,1,1.0
240,15,150.000,228.000,5.000,9.000,1.0,1,1.0
241,15,151.000,226.000,5.000,8.000,1.0,1,1.0
242,15,152.000,223.000,4.000,8.000,1.0,1,1.0
243,15,153.000,221.000,4.000,9.000,1.0,1,1.0
244,15,153.000,218.000,5.000,9.000,1.0,1,1.0
245,15,154.000,215.000,4.000,9.000,1.0,1,1.0
246,15,154.000,213.000,5.000,9.000,1.0,1,1.0
247,15,155.000,210.000,4.000,9.000,1.0,1,1.0
248,15,155.000,208.000,5.000,9.000,1.0,1,1.0
249,15,155.000,206.000,5.000,9.000,1.0,1,1.0
250,15,155.000,204.000,5.000,9.000,1.0,1,1.0
251,15,156.000,202.000,4.000,9.000,1.0,1,1.0
252,15,156.000,199.000,4.000,10.000,1.0,1,1.0
253,15,156.000,197.000,4.000,9.000,1.0,1,1.0
254,15,156.000,195.000,5.000,9.000,1.0,1,1.0
255,15,157.000,192.000,4.000,9.000,1.0,1,1.0
256,15,157.000,190.000,4.000,9.000,1.0,1,1.0
257,15,157.000,188.000,4.000,9.000,1.0,1,1.0
258,15,157.000,185.000,4.000,9.000,1.0,1,1.0
259,15,157.000,183.000,4.000,9.000,1.0,1,1.0
260,15,157.000,180.000,4.000,9.000,1.0,1,1.0
261,15,157.000,177.000,4.000,9.000,1.0,1,1.0
262,15,157.000,174.000,4.000,9.000,1.0,1,1.0
263,15,157.000,172.000,4.000,8.000,1.0,1,1.0
264,15,157.000,170.000,4.000,8.000,1.0,1,1.0
265,15,157.000,167.000,4.000,8.000,1.0,1,1.0
266,15,157.000,164.000,4.000,9.000,1.0,1,1.0
267,15,157.000,161.000,4.000,9.000,1.0,1,1.0
268,15,157.000,159.000,4.000,8.000,1.0,1,1.0
269,15,156.000,156.000,5.000,9.000,1.0,1,1.0
270,15,156.000,154.000,5.000,9.000,1.0,1,1.0
271,15,156.000,152.000,4.000,9.000,1.0,1,1.0
272,15,156.000,149.000,4.000,9.000,1.0,1,1.0
273,15,155.000,147.000,5.000,8.000,1.0,1,1.0
274,15,154.000,145.000,5.000,8.000,1.0,1,1.0
275,15,153.000,143.000,5.000,7.000,1.0,1,1.0
276,15,152.000,140.000,5.000,9.000,1.0,1,1.0
277,15,151.000,138.000,5.000,9.000,1.0,1,1.0
278,15,150.000,137.000,5.000,7.000,1.0,1,1.0
279,15,149.000,135.000,5.000,8.000,1.0,1,1.0
280,15,149.000,133.000,5.000,8.000,1.0,1,1.0
281,15,148.000,131.000,5.000,8.000,1.0,1,1.0
282,15,148.000,129.000,5.000,9.000,1.0,1,1.0
283,15,148.000,128.000,5.000,8.000,1.0,1,1.0
284,15,147.000,126.000,5.000,8.000,1.0,1,1.0
285,15,146.000,124.000,5.000,8.000,1.0,1,1.0
286,15,146.000,122.000,4.000,8.000,1.0,1,1.0
287,15,145.000,119.000,5.000,9.000,1.0,1,1.0
288,15,145.000,118.000,4.000,8.000,1.0,1,1.0
289,15,145.000,115.000,4.000,10.000,1.0,1,1.0
290,15,144.000,114.000,5.000,9.000,1.0,1,1.0
291,15,144.000,111.000,5.000,10.000,1.0,1,1.0
292,15,145.000,110.000,4.000,9.000,1.0,1,1.0
293,15,145.000,108.000,5.000,9.000,1.0,1,1.0
294,15,146.000,107.000,4.000,8.000,1.0,1,1.0
295,15,146.000,103.000,5.000,11.000,1.0,1,1.0
296,15,147.000,103.000,4.000,9.000,1.0,1,1.0
297,15,146.000,103.000,4.000,8.000,1.0,1,1.0
298,15,146.000,102.000,4.000,6.000,1.0,1,1.0
299,15,145.000,102.000,5.000,7.000,1.0,1,1.0
313,15,136.000,69.000,4.000,4.000,1.0,1,1.0
314,15,136.000,68.000,4.000,5.000,1.0,1,1.0
315,15,136.000,65.000,4.000,8.000,1.0,1,1.0
316,15,136.000,64.000,4.000,9.000,1.0,1,1.0
317,15,136.000,62.000,4.000,9.000,1.0,1,1.0
318,15,136.000,59.000,4.000,9.000,1.0,1,1.0
319,15,136.000,57.000,4.000,9.000,1.0,1,1.0
320,15,136.000,55.000,4.000,9.000,1.0,1,1.0
321,15,136.000,53.000,5.000,10.000,1.0,1,1.0
322,15,137.000,51.000,4.000,9.000,1.0,1,1.0
323,15,137.000,49.000,5.000,10.000,1.0,1,1.0
324,15,137.000,48.000,5.000,9.000,1.0,1,1.0
325,15,138.000,46.000,5.000,9.000,1.0,1,1.0
326,15,138.000,44.000,5.000,8.000,1.0,1,1.0
327,15,139.000,42.000,4.000,9.000,1.0,1,1.0
328,15,140.000,40.000,4.000,9.000,1.0,1,1.0
329,15,139.000,38.000,5.000,9.000,1.0,1,1.0
330,15,140.000,35.000,5.000,10.000,1.0,1,1.0
331,15,141.000,33.000,5.000,9.000,1.0,1,1.0
332,15,142.000,31.000,5.000,9.000,1.0,1,1.0
333,15,142.000,29.000,5.000,9.000,1.0,1,1.0
334,15,142.000,28.000,6.000,8.000,1.0,1,1.0
335,15,143.000,26.000,6.000,8.000,1.0,1,1.0
336,15,144.000,25.000,6.000,7.000,1.0,1,1.0
337,15,145.000,23.000,6.000,7.000,1.0,1,1.0
338,15,145.000,23.000,7.000,7.000,1.0,1,1.0
339,15,145.000,24.000,7.000,6.000,1.0,1,1.0
340,15,145.000,25.000,7.000,4.000,1.0,1,1.0
341,15,145.000,25.000,7.000,5.000,1.0,1,1.0
342,15,145.000,24.000,6.000,6.000,1.0,1,1.0
343,15,145.000,24.000,6.000,7.000,1.0,1,1.0
344,15,145.000,23.000,5.000,8.000,1.0,1,1.0
345,15,145.000,23.000,4.000,8.000,1.0,1,1.0
346,15,145.000,22.000,4.000,9.000,1.0,1,1.0
347,15,144.000,23.000,5.000,9.000,1.0,1,1.0
348,15,143.000,24.000,6.000,8.000,1.0,1,1.0
349,15,142.000,24.000,6.000,8.000,1.0,1,1.0
350,15,142.000,24.000,5.000,7.000,1.0,1,1.0
351,15,141.000,24.000,6.000,7.000,1.0,1,1.0
352,15,140.000,24.000,7.000,7.000,1.0,1,1.0
353,15,139.000,24.000,7.000,6.000,1.0,1,1.0
354,15,138.000,24.000,7.000,6.000,1.0,1,1.0
355,15,138.000,23.000,7.000,6.000,1.0,1,1.0
356,15,137.000,23.000,6.000,6.000,1.0,1,1.0
357,15,136.000,23.000,6.000,5.000,1.0,1,1.0
358,15,135.000,23.000,6.000,5.000,1.0,1,1.0
359,15,134.000,21.000,6.000,6.000,1.0,1,1.0
360,15,134.000,22.000,6.000,5.000,1.0,1,1.0
361,15,133.000,22.000,6.000,5.000,1.0,1,1.0
362,15,132.000,22.000,6.000,5.000,1.0,1,1.0
363,15,132.000,22.000,6.000,5.000,1.0,1,1.0
1,39,527.000,440.000,6.000,5.000,1.0,1,1.0
2,39,526.000,440.000,6.000,5.000,1.0,1,1.0
3,39,526.000,440.000,6.000,4.000,1.0,1,1.0
4,39,526.000,440.000,6.000,5.000,1.0,1,1.0
5,39,526.000,440.000,9.000,5.000,1.0,1,1.0
6,39,526.000,440.000,10.000,5.000,1.0,1,1.0
7,39,531.000,440.000,6.000,5.000,1.0,1,1.0
8,39,530.000,440.000,7.000,5.000,1.0,1,1.0
9,39,527.000,440.000,9.000,5.000,1.0,1,1.0
10,39,528.000,440.000,8.000,5.000,1.0,1,1.0
11,39,527.000,440.000,9.000,5.000,1.0,1,1.0
12,39,527.000,440.000,9.000,5.000,1.0,1,1.0
13,39,528.000,440.000,8.000,5.000,1.0,1,1.0
14,39,527.000,440.000,8.000,5.000,1.0,1,1.0
15,39,527.000,440.000,8.000,5.000,1.0,1,1.0
16,39,528.000,440.000,8.000,5.000,1.0,1,1.0
17,39,527.000,440.000,8.000,5.000,1.0,1,1.0
18,39,527.000,440.000,8.000,5.000,1.0,1,1.0
19,39,528.000,440.000,7.000,5.000,1.0,1,1.0
20,39,528.000,440.000,7.000,5.000,1.0,1,1.0
21,39,528.000,440.000,7.000,5.000,1.0,1,1.0
22,39,528.000,440.000,7.000,5.000,1.0,1,1.0
23,39,528.000,440.000,7.000,5.000,1.0,1,1.0
24,39,528.000,440.000,7.000,5.000,1.0,1,1.0
25,39,528.000,440.000,7.000,5.000,1.0,1,1.0
26,39,528.000,440.000,7.000,5.000,1.0,1,1.0
27,39,528.000,440.000,7.000,5.000,1.0,1,1.0
28,39,528.000,440.000,7.000,5.000,1.0,1,1.0
29,39,528.000,440.000,7.000,5.000,1.0,1,1.0
30,39,527.000,440.000,8.000,5.000,1.0,1,1.0
31,39,527.000,440.000,8.000,5.000,1.0,1,1.0
32,39,527.000,440.000,8.000,5.000,1.0,1,1.0
33,39,527.000,440.000,8.000,5.000,1.0,1,1.0
34,39,527.000,440.000,8.000,5.000,1.0,1,1.0
35,39,527.000,440.000,8.000,5.000,1.0,1,1.0
36,39,527.000,440.000,8.000,5.000,1.0,1,1.0
37,39,526.000,440.000,9.000,5.000,1.0,1,1.0
38,39,524.000,440.000,6.000,5.000,1.0,1,1.0
39,39,523.000,440.000,6.000,4.000,1.0,1,1.0
40,39,523.000,438.000,6.000,6.000,1.0,1,1.0
41,39,523.000,437.000,5.000,7.000,1.0,1,1.0
42,39,522.000,437.000,6.000,7.000,1.0,1,1.0
43,39,521.000,436.000,6.000,7.000,1.0,1,1.0
44,39,520.000,434.000,5.000,7.000,1.0,1,1.0
45,39,519.000,432.000,5.000,7.000,1.0,1,1.0
46,39,518.000,429.000,5.000,8.000,1.0,1,1.0
47,39,516.000,429.000,5.000,6.000,1.0,1,1.0
48,39,514.000,428.000,6.000,6.000,1.0,1,1.0
49,39,513.000,426.000,6.000,6.000,1.0,1,1.0
50,39,511.000,425.000,6.000,6.000,1.0,1,1.0
51,39,510.000,424.000,6.000,6.000,1.0,1,1.0
52,39,509.000,422.000,6.000,7.000,1.0,1,1.0
53,39,508.000,421.000,6.000,7.000,1.0,1,1.0
54,39,507.000,420.000,5.000,6.000,1.0,1,1.0
55,39,506.000,418.000,6.000,7.000,1.0,1,1.0
56,39,506.000,417.000,5.000,7.000,1.0,1,1.0
57,39,505.000,417.000,5.000,6.000,1.0,1,1.0
58,39,504.000,414.000,5.000,8.000,1.0,1,1.0
59,39,504.000,412.000,4.000,9.000,1.0,1,1.0
60,39,504.000,412.000,4.000,8.000,1.0,1,1.0
61,39,504.000,410.000,5.000,9.000,1.0,1,1.0
62,39,505.000,408.000,4.000,9.000,1.0,1,1.0
63,39,505.000,407.000,4.000,9.000,1.0,1,1.0
64,39,504.000,405.000,4.000,8.000,1.0,1,1.0
65,39,503.000,403.000,5.000,8.000,1.0,1,1.0
66,39,502.000,402.000,5.000,8.000,1.0,1,1.0
67,39,501.000,401.000,5.000,7.000,1.0,1,1.0
68,39,500.000,402.000,5.000,6.000,1.0,1,1.0
69,39,499.000,402.000,5.000,6.000,1.0,1,1.0
70,39,498.000,402.000,5.000,6.000,1.0,1,1.0
71,39,498.000,402.000,5.000,5.000,1.0,1,1.0
72,39,498.000,401.000,5.000,5.000,1.0,1,1.0
73,39,498.000,400.000,5.000,5.000,1.0,1,1.0
74,39,498.000,399.000,5.000,6.000,1.0,1,1.0
75,39,497.000,398.000,5.000,6.000,1.0,1,1.0
76,39,497.000,396.000,5.000,7.000,1.0,1,1.0
77,39,497.000,394.000,4.000,7.000,1.0,1,1.0
78,39,497.000,393.000,4.000,7.000,1.0,1,1.0
79,39,496.000,391.000,5.000,7.000,1.0,1,1.0
80,39,496.000,389.000,5.000,8.000,1.0,1,1.0
81,39,497.000,387.000,4.000,8.000,1.0,1,1.0
82,39,496.000,386.000,5.000,8.000,1.0,1,1.0
83,39,497.000,384.000,4.000,8.000,1.0,1,1.0
84,39,497.000,383.000,4.000,8.000,1.0,1,1.0
85,39,497.000,382.000,4.000,9.000,1.0,1,1.0
86,39,497.000,381.000,4.000,8.000,1.0,1,1.0
87,39,496.000,380.000,4.000,8.000,1.0,1,1.0
88,39,497.000,378.000,3.000,8.000,1.0,1,1.0
89,39,497.000,375.000,3.000,8.000,1.0,1,1.0
90,39,497.000,373.000,4.000,9.000,1.0,1,1.0
91,39,497.000,371.000,4.000,9.000,1.0,1,1.0
92,39,497.000,369.000,4.000,8.000,1.0,1,1.0
93,39,496.000,368.000,5.000,8.000,1.0,1,1.0
94,39,497.000,365.000,4.000,8.000,1.0,1,1.0
95,39,496.000,363.000,5.000,8.000,1.0,1,1.0
96,39,497.000,361.000,4.000,8.000,1.0,1,1.0
97,39,497.000,359.000,5.000,8.000,1.0,1,1.0
98,39,497.000,357.000,5.000,8.000,1.0,1,1.0
99,39,497.000,356.000,5.000,8.000,1.0,1,1.0
100,39,497.000,354.000,5.000,9.000,1.0,1,1.0
101,39,497.000,353.000,5.000,9.000,1.0,1,1.0
102,39,497.000,352.000,5.000,8.000,1.0,1,1.0
103,39,497.000,350.000,5.000,9.000,1.0,1,1.0
104,39,498.000,349.000,4.000,8.000,1.0,1,1.0
105,39,498.000,347.000,4.000,9.000,1.0,1,1.0
106,39,498.000,346.000,5.000,8.000,1.0,1,1.0
107,39,498.000,345.000,5.000,8.000,1.0,1,1.0
108,39,498.000,344.000,5.000,9.000,1.0,1,1.0
109,39,499.000,344.000,4.000,9.000,1.0,1,1.0
110,39,499.000,344.000,4.000,9.000,1.0,1,1.0
111,39,499.000,344.000,4.000,9.000,1.0,1,1.0
112,39,499.000,344.000,5.000,9.000,1.0,1,1.0
113,39,499.000,343.000,5.000,9.000,1.0,1,1.0
114,39,499.000,342.000,5.000,9.000,1.0,1,1.0
115,39,500.000,341.000,5.000,9.000,1.0,1,1.0
116,39,501.000,340.000,4.000,7.000,1.0,1,1.0
117,39,501.000,338.000,5.000,8.000,1.0,1,1.0
118,39,501.000,337.000,5.000,8.000,1.0,1,1.0
119,39,501.000,336.000,5.000,9.000,1.0,1,1.0
120,39,501.000,336.000,5.000,9.000,1.0,1,1.0
121,39,501.000,336.000,5.000,9.000,1.0,1,1.0
122,39,501.000,336.000,6.000,9.000,1.0,1,1.0
123,39,501.000,338.000,6.000,8.000,1.0,1,1.0
124,39,501.000,339.000,6.000,7.000,1.0,1,1.0
125,39,502.000,338.000,5.000,7.000,1.0,1,1.0
126,39,503.000,337.000,6.000,7.000,1.0,1,1.0
127,39,504.000,336.000,6.000,7.000,1.0,1,1.0
128,39,505.000,335.000,6.000,7.000,1.0,1,1.0
129,39,506.000,335.000,6.000,6.000,1.0,1,1.0
130,39,507.000,334.000,6.000,6.000,1.0,1,1.0
131,39,508.000,333.000,6.000,6.000,1.0,1,1.0
132,39,509.000,332.000,7.000,6.000,1.0,1,1.0
133,39,510.000,331.000,7.000,6.000,1.0,1,1.0
134,39,511.000,331.000,7.000,6.000,1.0,1,1.0
135,39,511.000,331.000,8.000,5.000,1.0,1,1.0
136,39,511.000,331.000,8.000,5.000,1.0,1,1.0
137,39,512.000,331.000,8.000,5.000,1.0,1,1.0
138,39,514.000,331.000,7.000,5.000,1.0,1,1.0
139,39,514.000,331.000,8.000,5.000,1.0,1,1.0
140,39,514.000,331.000,7.000,5.000,1.0,1,1.0
141,39,514.000,331.000,7.000,5.000,1.0,1,1.0
142,39,514.000,331.000,7.000,5.000,1.0,1,1.0
143,39,540.000,331.000,8.000,7.000,1.0,1,1.0
144,39,557.000,325.000,5.000,8.000,1.0,1,1.0
145,39,557.000,324.000,5.000,8.000,1.0,1,1.0
146,39,557.000,324.000,5.000,8.000,1.0,1,1.0
147,39,557.000,324.000,5.000,8.000,1.0,1,1.0
148,39,557.000,323.000,5.000,9.000,1.0,1,1.0
149,39,557.000,323.000,5.000,9.000,1.0,1,1.0
150,39,557.000,323.000,5.000,8.000,1.0,1,1.0
151,39,557.000,323.000,5.000,8.000,1.0,1,1.0
152,39,557.000,323.000,5.000,8.000,1.0,1,1.0
153,39,557.000,321.000,5.000,8.000,1.0,1,1.0
154,39,557.000,320.000,5.000,9.000,1.0,1,1.0
155,39,556.000,319.000,5.000,9.000,1.0,1,1.0
156,39,556.000,318.000,5.000,8.000,1.0,1,1.0
157,39,555.000,317.000,6.000,8.000,1.0,1,1.0
158,39,554.000,315.000,6.000,8.000,1.0,1,1.0
159,39,553.000,314.000,6.000,8.000,1.0,1,1.0
160,39,553.000,313.000,5.000,7.000,1.0,1,1.0
161,39,552.000,312.000,6.000,6.000,1.0,1,1.0
162,39,551.000,310.000,5.000,7.000,1.0,1,1.0
163,39,550.000,308.000,6.000,7.000,1.0,1,1.0
164,39,549.000,307.000,6.000,7.000,1.0,1,1.0
165,39,548.000,306.000,6.000,6.000,1.0,1,1.0
166,39,548.000,305.000,6.000,6.000,1.0,1,1.0
167,39,547.000,303.000,6.000,8.000,1.0,1,1.0
168,39,547.000,302.000,6.000,8.000,1.0,1,1.0
169,39,547.000,301.000,5.000,8.000,1.0,1,1.0
170,39,546.000,299.000,6.000,8.000,1.0,1,1.0
171,39,546.000,298.000,5.000,8.000,1.0,1,1.0
172,39,545.000,297.000,6.000,8.000,1.0,1,1.0
173,39,545.000,296.000,6.000,8.000,1.0,1,1.0
174,39,544.000,295.000,6.000,8.000,1.0,1,1.0
175,39,544.000,295.000,6.000,8.000,1.0,1,1.0
176,39,544.000,295.000,6.000,8.000,1.0,1,1.0
177,39,544.000,295.000,6.000,8.000,1.0,1,1.0
178,39,544.000,295.000,6.000,8.000,1.0,1,1.0
179,39,544.000,295.000,6.000,8.000,1.0,1,1.0
180,39,544.000,295.000,6.000,8.000,1.0,1,1.0
181,39,544.000,295.000,6.000,8.000,1.0,1,1.0
182,39,544.000,295.000,6.000,8.000,1.0,1,1.0
183,39,544.000,295.000,6.000,8.000,1.0,1,1.0
184,39,543.000,293.000,5.000,7.000,1.0,1,1.0
185,39,521.000,266.000,5.000,8.000,1.0,1,1.0
186,39,511.000,240.000,5.000,7.000,1.0,1,1.0
187,39,511.000,214.000,5.000,7.000,1.0,1,1.0
188,39,509.000,210.000,6.000,7.000,1.0,1,1.0
189,39,509.000,209.000,6.000,7.000,1.0,1,1.0
190,39,509.000,209.000,6.000,7.000,1.0,1,1.0
191,39,509.000,207.000,5.000,7.000,1.0,1,1.0
192,39,509.000,206.000,5.000,8.000,1.0,1,1.0
193,39,509.000,204.000,5.000,9.000,1.0,1,1.0
194,39,510.000,203.000,5.000,8.000,1.0,1,1.0
195,39,511.000,202.000,5.000,8.000,1.0,1,1.0
196,39,511.000,200.000,5.000,8.000,1.0,1,1.0
197,39,512.000,198.000,5.000,8.000,1.0,1,1.0
198,39,513.000,197.000,5.000,8.000,1.0,1,1.0
199,39,514.000,196.000,6.000,7.000,1.0,1,1.0
200,39,515.000,194.000,6.000,7.000,1.0,1,1.0
201,39,517.000,192.000,6.000,7.000,1.0,1,1.0
202,39,518.000,191.000,6.000,7.000,1.0,1,1.0
203,39,520.000,190.000,6.000,6.000,1.0,1,1.0
204,39,522.000,188.000,6.000,7.000,1.0,1,1.0
205,39,523.000,187.000,7.000,6.000,1.0,1,1.0
206,39,525.000,187.000,8.000,5.000,1.0,1,1.0
207,39,526.000,186.000,9.000,5.000,1.0,1,1.0
208,39,528.000,185.000,9.000,5.000,1.0,1,1.0
209,39,529.000,185.000,9.000,5.000,1.0,1,1.0
210,39,531.000,184.000,8.000,4.000,1.0,1,1.0
211,39,533.000,183.000,8.000,5.000,1.0,1,1.0
212,39,534.000,182.000,8.000,5.000,1.0,1,1.0
213,39,535.000,181.000,7.000,5.000,1.0,1,1.0
214,39,536.000,180.000,6.000,6.000,1.0,1,1.0
215,39,537.000,179.000,6.000,7.000,1.0,1,1.0
216,39,537.000,178.000,6.000,7.000,1.0,1,1.0
217,39,538.000,177.000,5.000,7.000,1.0,1,1.0
218,39,538.000,176.000,6.000,7.000,1.0,1,1.0
219,39,539.000,174.000,5.000,8.000,1.0,1,1.0
220,39,539.000,173.000,5.000,8.000,1.0,1,1.0
221,39,539.000,172.000,5.000,8.000,1.0,1,1.0
222,39,539.000,172.000,5.000,8.000,1.0,1,1.0
223,39,539.000,172.000,5.000,8.000,1.0,1,1.0
224,39,539.000,172.000,5.000,8.000,1.0,1,1.0
225,39,539.000,172.000,5.000,8.000,1.0,1,1.0
226,39,539.000,172.000,5.000,8.000,1.0,1,1.0
227,39,539.000,172.000,5.000,8.000,1.0,1,1.0
228,39,539.000,172.000,5.000,8.000,1.0,1,1.0
229,39,539.000,172.000,5.000,8.000,1.0,1,1.0
230,39,540.000,172.000,4.000,8.000,1.0,1,1.0
231,39,540.000,172.000,5.000,8.000,1.0,1,1.0
232,39,540.000,172.000,4.000,8.000,1.0,1,1.0
233,39,540.000,171.000,5.000,8.000,1.0,1,1.0
234,39,540.000,171.000,5.000,8.000,1.0,1,1.0
235,39,540.000,170.000,5.000,8.000,1.0,1,1.0
236,39,540.000,169.000,5.000,8.000,1.0,1,1.0
237,39,541.000,167.000,4.000,8.000,1.0,1,1.0
238,39,541.000,165.000,5.000,9.000,1.0,1,1.0
239,39,542.000,163.000,4.000,9.000,1.0,1,1.0
240,39,543.000,161.000,4.000,9.000,1.0,1,1.0
241,39,543.000,160.000,5.000,8.000,1.0,1,1.0
242,39,544.000,157.000,4.000,9.000,1.0,1,1.0
243,39,545.000,155.000,4.000,9.000,1.0,1,1.0
244,39,546.000,153.000,4.000,8.000,1.0,1,1.0
245,39,547.000,151.000,5.000,8.000,1.0,1,1.0
246,39,548.000,149.000,5.000,7.000,1.0,1,1.0
247,39,549.000,148.000,5.000,7.000,1.0,1,1.0
248,39,550.000,147.000,5.000,7.000,1.0,1,1.0
249,39,551.000,146.000,5.000,7.000,1.0,1,1.0
250,39,552.000,145.000,6.000,6.000,1.0,1,1.0
251,39,553.000,145.000,6.000,5.000,1.0,1,1.0
252,39,554.000,145.000,5.000,5.000,1.0,1,1.0
253,39,555.000,145.000,5.000,4.000,1.0,1,1.0
254,39,555.000,145.000,5.000,4.000,1.0,1,1.0
255,39,555.000,145.000,5.000,4.000,1.0,1,1.0
256,39,556.000,144.000,4.000,5.000,1.0,1,1.0
257,39,556.000,144.000,4.000,5.000,1.0,1,1.0
258,39,556.000,145.000,4.000,4.000,1.0,1,1.0
259,39,556.000,144.000,4.000,5.000,1.0,1,1.0
260,39,556.000,144.000,4.000,5.000,1.0,1,1.0
261,39,556.000,144.000,4.000,5.000,1.0,1,1.0
262,39,555.000,144.000,5.000,5.000,1.0,1,1.0
263,39,555.000,144.000,5.000,5.000,1.0,1,1.0
264,39,556.000,144.000,4.000,5.000,1.0,1,1.0
265,39,556.000,144.000,4.000,5.000,1.0,1,1.0
266,39,556.000,144.000,5.000,5.000,1.0,1,1.0
267,39,556.000,144.000,5.000,5.000,1.0,1,1.0
268,39,556.000,144.000,5.000,5.000,1.0,1,1.0
269,39,538.000,136.000,5.000,6.000,1.0,1,1.0
270,39,539.000,134.000,6.000,6.000,1.0,1,1.0
271,39,540.000,133.000,5.000,6.000,1.0,1,1.0
272,39,540.000,131.000,5.000,7.000,1.0,1,1.0
273,39,541.000,130.000,4.000,7.000,1.0,1,1.0
274,39,541.000,128.000,4.000,8.000,1.0,1,1.0
275,39,541.000,126.000,4.000,9.000,1.0,1,1.0
276,39,541.000,124.000,4.000,9.000,1.0,1,1.0
277,39,541.000,122.000,3.000,9.000,1.0,1,1.0
278,39,540.000,120.000,4.000,9.000,1.0,1,1.0
279,39,541.000,118.000,3.000,8.000,1.0,1,1.0
280,39,540.000,115.000,4.000,9.000,1.0,1,1.0
281,39,541.000,112.000,4.000,9.000,1.0,1,1.0
282,39,541.000,109.000,4.000,10.000,1.0,1,1.0
283,39,541.000,106.000,3.000,9.000,1.0,1,1.0
284,39,540.000,104.000,4.000,9.000,1.0,1,1.0
285,39,540.000,102.000,4.000,8.000,1.0,1,1.0
286,39,540.000,101.000,4.000,7.000,1.0,1,1.0
287,39,553.000,121.000,4.000,10.000,1.0,1,1.0
291,39,558.000,100.000,4.000,5.000,1.0,1,1.0
292,39,558.000,100.000,4.000,5.000,1.0,1,1.0
330,39,530.000,64.000,4.000,6.000,1.0,1,1.0
331,39,530.000,61.000,5.000,9.000,1.0,1,1.0
332,39,531.000,60.000,4.000,8.000,1.0,1,1.0
333,39,531.000,60.000,4.000,5.000,1.0,1,1.0
334,39,532.000,53.000,4.000,5.000,1.0,1,1.0
335,39,532.000,51.000,4.000,7.000,1.0,1,1.0
336,39,532.000,48.000,5.000,9.000,1.0,1,1.0
337,39,533.000,47.000,5.000,8.000,1.0,1,1.0
338,39,534.000,44.000,5.000,9.000,1.0,1,1.0
339,39,536.000,43.000,5.000,8.000,1.0,1,1.0
340,39,537.000,41.000,6.000,7.000,1.0,1,1.0
341,39,538.000,39.000,6.000,7.000,1.0,1,1.0
342,39,538.000,39.000,6.000,7.000,1.0,1,1.0
343,39,538.000,39.000,6.000,7.000,1.0,1,1.0
344,39,538.000,39.000,6.000,7.000,1.0,1,1.0
345,39,538.000,39.000,6.000,7.000,1.0,1,1.0
346,39,538.000,39.000,6.000,7.000,1.0,1,1.0
347,39,538.000,39.000,6.000,7.000,1.0,1,1.0
348,39,538.000,38.000,6.000,7.000,1.0,1,1.0
349,39,540.000,36.000,4.000,8.000,1.0,1,1.0
350,39,540.000,34.000,5.000,8.000,1.0,1,1.0
351,39,541.000,32.000,4.000,8.000,1.0,1,1.0
352,39,541.000,30.000,4.000,9.000,1.0,1,1.0
353,39,541.000,28.000,5.000,9.000,1.0,1,1.0
354,39,542.000,26.000,4.000,8.000,1.0,1,1.0
355,39,542.000,23.000,4.000,9.000,1.0,1,1.0
356,39,542.000,21.000,5.000,9.000,1.0,1,1.0
357,39,543.000,18.000,4.000,9.000,1.0,1,1.0
358,39,543.000,16.000,4.000,9.000,1.0,1,1.0
359,39,543.000,16.000,4.000,8.000,1.0,1,1.0
360,39,543.000,15.000,4.000,8.000,1.0,1,1.0
361,39,542.000,14.000,5.000,7.000,1.0,1,1.0
362,39,542.000,13.000,4.000,6.000,1.0,1,1.0
363,39,542.000,13.000,4.000,6.000,1.0,1,1.0
1,47,658.000,440.000,6.000,4.000,1.0,1,1.0
2,47,657.000,441.000,5.000,4.000,1.0,1,1.0
3,47,658.000,441.000,4.000,4.000,1.0,1,1.0
4,47,658.000,441.000,4.000,4.000,1.0,1,1.0
5,47,657.000,442.000,5.000,4.000,1.0,1,1.0
6,47,657.000,442.000,5.000,4.000,1.0,1,1.0
7,47,658.000,442.000,5.000,4.000,1.0,1,1.0
8,47,658.000,443.000,7.000,4.000,1.0,1,1.0
9,47,660.000,442.000,8.000,5.000,1.0,1,1.0
10,47,662.000,443.000,8.000,4.000,1.0,1,1.0
11,47,664.000,442.000,8.000,5.000,1.0,1,1.0
12,47,665.000,443.000,8.000,4.000,1.0,1,1.0
13,47,666.000,443.000,11.000,5.000,1.0,1,1.0
14,47,666.000,443.000,10.000,4.000,1.0,1,1.0
15,47,666.000,443.000,10.000,4.000,1.0,1,1.0
16,47,665.000,443.000,7.000,4.000,1.0,1,1.0
17,47,664.000,443.000,6.000,4.000,1.0,1,1.0
18,47,664.000,443.000,5.000,5.000,1.0,1,1.0
19,47,663.000,443.000,6.000,4.000,1.0,1,1.0
20,47,663.000,443.000,5.000,4.000,1.0,1,1.0
21,47,663.000,443.000,5.000,4.000,1.0,1,1.0
22,47,663.000,443.000,5.000,4.000,1.0,1,1.0
23,47,664.000,443.000,5.000,5.000,1.0,1,1.0
24,47,664.000,443.000,4.000,5.000,1.0,1,1.0
25,47,664.000,443.000,4.000,5.000,1.0,1,1.0
26,47,663.000,439.000,5.000,9.000,1.0,1,1.0
27,47,661.000,441.000,6.000,7.000,1.0,1,1.0
28,47,660.000,440.000,7.000,8.000,1.0,1,1.0
29,47,657.000,441.000,8.000,6.000,1.0,1,1.0
30,47,657.000,441.000,7.000,7.000,1.0,1,1.0
31,47,658.000,440.000,7.000,6.000,1.0,1,1.0
32,47,659.000,439.000,5.000,4.000,1.0,1,1.0
33,47,658.000,439.000,6.000,5.000,1.0,1,1.0
34,47,658.000,439.000,6.000,5.000,1.0,1,1.0
35,47,658.000,440.000,5.000,4.000,1.0,1,1.0
36,47,658.000,439.000,5.000,5.000,1.0,1,1.0
37,47,658.000,439.000,5.000,5.000,1.0,1,1.0
38,47,657.000,439.000,5.000,4.000,1.0,1,1.0
39,47,657.000,439.000,5.000,5.000,1.0,1,1.0
40,47,656.000,439.000,6.000,4.000,1.0,1,1.0
41,47,656.000,440.000,4.000,4.000,1.0,1,1.0
42,47,655.000,440.000,4.000,4.000,1.0,1,1.0
43,47,654.000,440.000,5.000,4.000,1.0,1,1.0
44,47,654.000,440.000,5.000,4.000,1.0,1,1.0
45,47,655.000,440.000,4.000,4.000,1.0,1,1.0
46,47,654.000,440.000,5.000,4.000,1.0,1,1.0
47,47,654.000,440.000,5.000,4.000,1.0,1,1.0
48,47,654.000,440.000,5.000,5.000,1.0,1,1.0
49,47,654.000,440.000,5.000,4.000,1.0,1,1.0
50,47,654.000,436.000,6.000,8.000,1.0,1,1.0
51,47,654.000,440.000,5.000,4.000,1.0,1,1.0
52,47,654.000,440.000,4.000,4.000,1.0,1,1.0
53,47,672.000,435.000,5.000,8.000,1.0,1,1.0
54,47,667.000,439.000,7.000,4.000,1.0,1,1.0
55,47,674.000,443.000,6.000,5.000,1.0,1,1.0
56,47,675.000,441.000,5.000,7.000,1.0,1,1.0
57,47,674.000,440.000,6.000,8.000,1.0,1,1.0
58,47,674.000,440.000,6.000,8.000,1.0,1,1.0
59,47,674.000,442.000,6.000,6.000,1.0,1,1.0
60,47,674.000,443.000,6.000,5.000,1.0,1,1.0
61,47,674.000,442.000,6.000,6.000,1.0,1,1.0
62,47,675.000,442.000,5.000,6.000,1.0,1,1.0
63,47,675.000,442.000,6.000,5.000,1.0,1,1.0
64,47,675.000,442.000,6.000,5.000,1.0,1,1.0
65,47,675.000,443.000,6.000,5.000,1.0,1,1.0
66,47,675.000,442.000,5.000,6.000,1.0,1,1.0
67,47,675.000,442.000,5.000,6.000,1.0,1,1.0
68,47,675.000,442.000,5.000,5.000,1.0,1,1.0
69,47,675.000,442.000,5.000,6.000,1.0,1,1.0
70,47,675.000,442.000,5.000,5.000,1.0,1,1.0
71,47,675.000,442.000,5.000,5.000,1.0,1,1.0
72,47,674.000,442.000,5.000,5.000,1.0,1,1.0
73,47,674.000,442.000,5.000,5.000,1.0,1,1.0
74,47,674.000,442.000,5.000,4.000,1.0,1,1.0
75,47,674.000,442.000,4.000,4.000,1.0,1,1.0
76,47,673.000,442.000,5.000,4.000,1.0,1,1.0
77,47,673.000,442.000,4.000,4.000,1.0,1,1.0
78,47,672.000,442.000,6.000,4.000,1.0,1,1.0
79,47,673.000,442.000,5.000,5.000,1.0,1,1.0
80,47,673.000,442.000,5.000,4.000,1.0,1,1.0
81,47,673.000,442.000,5.000,4.000,1.0,1,1.0
82,47,673.000,442.000,5.000,4.000,1.0,1,1.0
83,47,671.000,442.000,6.000,4.000,1.0,1,1.0
84,47,671.000,442.000,5.000,4.000,1.0,1,1.0
85,47,669.000,442.000,6.000,4.000,1.0,1,1.0
86,47,669.000,442.000,7.000,4.000,1.0,1,1.0
87,47,667.000,441.000,8.000,5.000,1.0,1,1.0
88,47,667.000,441.000,7.000,6.000,1.0,1,1.0
89,47,663.000,441.000,9.000,6.000,1.0,1,1.0
90,47,663.000,441.000,7.000,7.000,1.0,1,1.0
91,47,663.000,441.000,5.000,6.000,1.0,1,1.0
92,47,662.000,441.000,6.000,6.000,1.0,1,1.0
93,47,662.000,441.000,6.000,7.000,1.0,1,1.0
94,47,662.000,441.000,6.000,7.000,1.0,1,1.0
95,47,662.000,441.000,6.000,7.000,1.0,1,1.0
96,47,662.000,442.000,7.000,6.000,1.0,1,1.0
97,47,662.000,442.000,7.000,6.000,1.0,1,1.0
98,47,662.000,442.000,8.000,5.000,1.0,1,1.0
99,47,662.000,441.000,10.000,6.000,1.0,1,1.0
100,47,667.000,442.000,6.000,4.000,1.0,1,1.0
101,47,666.000,442.000,6.000,4.000,1.0,1,1.0
102,47,667.000,442.000,5.000,4.000,1.0,1,1.0
103,47,667.000,442.000,5.000,4.000,1.0,1,1.0
104,47,667.000,442.000,5.000,4.000,1.0,1,1.0
105,47,668.000,442.000,6.000,5.000,1.0,1,1.0
106,47,668.000,442.000,6.000,5.000,1.0,1,1.0
107,47,668.000,442.000,7.000,5.000,1.0,1,1.0
108,47,669.000,442.000,7.000,4.000,1.0,1,1.0
109,47,671.000,442.000,6.000,4.000,1.0,1,1.0
110,47,671.000,442.000,6.000,5.000,1.0,1,1.0
111,47,671.000,442.000,6.000,5.000,1.0,1,1.0
112,47,671.000,442.000,6.000,4.000,1.0,1,1.0
113,47,677.000,432.000,5.000,5.000,1.0,1,1.0
114,47,667.000,432.000,5.000,7.000,1.0,1,1.0
115,47,662.000,439.000,5.000,7.000,1.0,1,1.0
116,47,660.000,442.000,5.000,6.000,1.0,1,1.0
117,47,659.000,442.000,6.000,6.000,1.0,1,1.0
118,47,660.000,440.000,5.000,8.000,1.0,1,1.0
119,47,657.000,440.000,6.000,9.000,1.0,1,1.0
120,47,656.000,441.000,6.000,8.000,1.0,1,1.0
121,47,654.000,442.000,7.000,7.000,1.0,1,1.0
122,47,654.000,442.000,7.000,7.000,1.0,1,1.0
123,47,655.000,442.000,7.000,7.000,1.0,1,1.0
124,47,656.000,442.000,6.000,7.000,1.0,1,1.0
125,47,656.000,442.000,6.000,7.000,1.0,1,1.0
126,47,656.000,442.000,7.000,7.000,1.0,1,1.0
127,47,656.000,442.000,7.000,7.000,1.0,1,1.0
128,47,656.000,443.000,7.000,6.000,1.0,1,1.0
129,47,656.000,442.000,7.000,6.000,1.0,1,1.0
130,47,657.000,441.000,7.000,7.000,1.0,1,1.0
131,47,658.000,441.000,7.000,6.000,1.0,1,1.0
132,47,660.000,442.000,6.000,5.000,1.0,1,1.0
133,47,662.000,443.000,7.000,4.000,1.0,1,1.0
134,47,663.000,443.000,7.000,4.000,1.0,1,1.0
135,47,665.000,442.000,5.000,4.000,1.0,1,1.0
136,47,666.000,442.000,5.000,4.000,1.0,1,1.0
137,47,667.000,441.000,5.000,5.000,1.0,1,1.0
138,47,667.000,441.000,5.000,5.000,1.0,1,1.0
139,47,667.000,441.000,5.000,5.000,1.0,1,1.0
140,47,667.000,441.000,5.000,5.000,1.0,1,1.0
142,47,664.000,442.000,5.000,4.000,1.0,1,1.0
143,47,661.000,442.000,7.000,5.000,1.0,1,1.0
144,47,662.000,441.000,6.000,6.000,1.0,1,1.0
145,47,662.000,441.000,7.000,7.000,1.0,1,1.0
146,47,662.000,441.000,7.000,6.000,1.0,1,1.0
147,47,661.000,441.000,8.000,6.000,1.0,1,1.0
148,47,661.000,441.000,7.000,6.000,1.0,1,1.0
149,47,661.000,441.000,7.000,5.000,1.0,1,1.0
150,47,661.000,441.000,7.000,5.000,1.0,1,1.0
151,47,660.000,441.000,6.000,5.000,1.0,1,1.0
152,47,664.000,442.000,7.000,4.000,1.0,1,1.0
153,47,660.000,441.000,7.000,5.000,1.0,1,1.0
154,47,660.000,442.000,7.000,5.000,1.0,1,1.0
155,47,657.000,441.000,10.000,6.000,1.0,1,1.0
156,47,657.000,441.000,10.000,7.000,1.0,1,1.0
157,47,658.000,441.000,9.000,7.000,1.0,1,1.0
158,47,660.000,440.000,7.000,7.000,1.0,1,1.0
159,47,660.000,441.000,7.000,7.000,1.0,1,1.0
160,47,660.000,440.000,8.000,9.000,1.0,1,1.0
161,47,660.000,441.000,8.000,8.000,1.0,1,1.0
162,47,661.000,440.000,8.000,5.000,1.0,1,1.0
163,47,661.000,440.000,8.000,5.000,1.0,1,1.0
164,47,661.000,440.000,7.000,5.000,1.0,1,1.0
165,47,661.000,440.000,7.000,5.000,1.0,1,1.0
166,47,660.000,440.000,8.000,4.000,1.0,1,1.0
167,47,660.000,440.000,8.000,4.000,1.0,1,1.0
168,47,659.000,440.000,10.000,4.000,1.0,1,1.0
169,47,663.000,440.000,6.000,4.000,1.0,1,1.0
170,47,664.000,440.000,5.000,4.000,1.0,1,1.0
171,47,663.000,440.000,6.000,4.000,1.0,1,1.0
172,47,663.000,440.000,6.000,4.000,1.0,1,1.0
173,47,663.000,440.000,6.000,4.000,1.0,1,1.0
174,47,664.000,440.000,5.000,4.000,1.0,1,1.0
175,47,663.000,440.000,6.000,4.000,1.0,1,1.0
176,47,663.000,440.000,6.000,4.000,1.0,1,1.0
177,47,663.000,440.000,6.000,4.000,1.0,1,1.0
178,47,663.000,440.000,6.000,4.000,1.0,1,1.0
179,47,663.000,440.000,6.000,4.000,1.0,1,1.0
180,47,663.000,440.000,6.000,4.000,1.0,1,1.0
181,47,663.000,440.000,6.000,5.000,1.0,1,1.0
183,47,663.000,439.000,6.000,5.000,1.0,1,1.0
184,47,663.000,440.000,6.000,5.000,1.0,1,1.0
185,47,663.000,440.000,6.000,4.000,1.0,1,1.0
186,47,662.000,440.000,7.000,5.000,1.0,1,1.0
187,47,664.000,440.000,6.000,5.000,1.0,1,1.0
188,47,664.000,441.000,7.000,5.000,1.0,1,1.0
189,47,664.000,441.000,8.000,5.000,1.0,1,1.0
190,47,666.000,442.000,7.000,4.000,1.0,1,1.0
191,47,667.000,441.000,9.000,6.000,1.0,1,1.0
192,47,669.000,442.000,8.000,6.000,1.0,1,1.0
193,47,672.000,431.000,5.000,8.000,1.0,1,1.0
194,47,666.000,428.000,5.000,7.000,1.0,1,1.0
195,47,664.000,440.000,4.000,6.000,1.0,1,1.0
196,47,666.000,441.000,8.000,6.000,1.0,1,1.0
197,47,664.000,441.000,8.000,5.000,1.0,1,1.0
198,47,663.000,441.000,7.000,6.000,1.0,1,1.0
199,47,661.000,442.000,8.000,5.000,1.0,1,1.0
200,47,658.000,441.000,11.000,6.000,1.0,1,1.0
201,47,656.000,440.000,12.000,6.000,1.0,1,1.0
202,47,653.000,440.000,12.000,6.000,1.0,1,1.0
203,47,651.000,440.000,12.000,6.000,1.0,1,1.0
204,47,650.000,440.000,12.000,5.000,1.0,1,1.0
205,47,650.000,440.000,12.000,5.000,1.0,1,1.0
207,47,649.000,440.000,8.000,4.000,1.0,1,1.0
208,47,648.000,440.000,8.000,4.000,1.0,1,1.0
209,47,649.000,439.000,7.000,5.000,1.0,1,1.0
210,47,649.000,440.000,7.000,4.000,1.0,1,1.0
211,47,649.000,440.000,7.000,4.000,1.0,1,1.0
212,47,633.000,410.000,6.000,9.000,1.0,1,1.0
213,47,616.000,380.000,5.000,5.000,1.0,1,1.0
214,47,617.000,385.000,7.000,4.000,1.0,1,1.0
215,47,629.000,393.000,6.000,6.000,1.0,1,1.0
216,47,614.000,414.000,5.000,7.000,1.0,1,1.0
218,47,637.000,438.000,7.000,4.000,1.0,1,1.0
219,47,649.000,435.000,5.000,5.000,1.0,1,1.0
220,47,645.000,437.000,5.000,7.000,1.0,1,1.0
221,47,646.000,437.000,5.000,6.000,1.0,1,1.0
222,47,646.000,438.000,5.000,5.000,1.0,1,1.0
223,47,647.000,438.000,5.000,5.000,1.0,1,1.0
224,47,649.000,438.000,5.000,5.000,1.0,1,1.0
225,47,650.000,439.000,6.000,4.000,1.0,1,1.0
226,47,652.000,439.000,6.000,4.000,1.0,1,1.0
227,47,653.000,438.000,7.000,5.000,1.0,1,1.0
228,47,655.000,438.000,7.000,5.000,1.0,1,1.0
229,47,657.000,439.000,7.000,5.000,1.0,1,1.0
230,47,659.000,434.000,8.000,9.000,1.0,1,1.0
246,47,666.000,443.000,5.000,4.000,1.0,1,1.0
247,47,663.000,443.000,6.000,4.000,1.0,1,1.0
248,47,660.000,443.000,7.000,5.000,1.0,1,1.0
254,47,658.000,443.000,7.000,4.000,1.0,1,1.0
256,47,659.000,443.000,6.000,4.000,1.0,1,1.0
257,47,660.000,443.000,6.000,4.000,1.0,1,1.0
259,47,660.000,442.000,5.000,6.000,1.0,1,1.0
260,47,658.000,442.000,5.000,5.000,1.0,1,1.0
261,47,654.000,443.000,7.000,5.000,1.0,1,1.0
262,47,651.000,444.000,8.000,4.000,1.0,1,1.0
264,47,645.000,444.000,7.000,5.000,1.0,1,1.0
266,47,638.000,443.000,7.000,5.000,1.0,1,1.0
267,47,635.000,443.000,8.000,4.000,1.0,1,1.0
268,47,633.000,442.000,8.000,5.000,1.0,1,1.0
269,47,632.000,442.000,7.000,5.000,1.0,1,1.0
270,47,632.000,442.000,5.000,5.000,1.0,1,1.0
271,47,632.000,442.000,5.000,5.000,1.0,1,1.0
272,47,632.000,442.000,5.000,5.000,1.0,1,1.0
273,47,632.000,442.000,5.000,4.000,1.0,1,1.0
274,47,633.000,441.000,4.000,5.000,1.0,1,1.0
275,47,634.000,440.000,6.000,5.000,1.0,1,1.0
276,47,636.000,439.000,6.000,6.000,1.0,1,1.0
277,47,637.000,439.000,6.000,5.000,1.0,1,1.0
278,47,639.000,439.000,5.000,5.000,1.0,1,1.0
279,47,639.000,438.000,6.000,5.000,1.0,1,1.0
280,47,641.000,438.000,6.000,5.000,1.0,1,1.0
281,47,642.000,438.000,6.000,4.000,1.0,1,1.0
282,47,643.000,437.000,6.000,5.000,1.0,1,1.0
283,47,644.000,437.000,5.000,5.000,1.0,1,1.0
284,47,644.000,437.000,5.000,5.000,1.0,1,1.0
285,47,644.000,437.000,5.000,5.000,1.0,1,1.0
286,47,644.000,437.000,5.000,5.000,1.0,1,1.0
287,47,644.000,437.000,5.000,5.000,1.0,1,1.0
288,47,644.000,437.000,5.000,5.000,1.0,1,1.0
289,47,644.000,437.000,5.000,5.000,1.0,1,1.0
290,47,644.000,438.000,5.000,4.000,1.0,1,1.0
291,47,644.000,438.000,5.000,4.000,1.0,1,1.0
292,47,645.000,431.000,6.000,8.000,1.0,1,1.0
293,47,650.000,389.000,5.000,9.000,1.0,1,1.0
294,47,658.000,366.000,6.000,6.000,1.0,1,1.0
296,47,660.000,369.000,4.000,6.000,1.0,1,1.0
297,47,659.000,365.000,4.000,7.000,1.0,1,1.0
298,47,657.000,376.000,5.000,8.000,1.0,1,1.0
299,47,648.000,394.000,7.000,7.000,1.0,1,1.0
301,47,628.000,441.000,7.000,6.000,1.0,1,1.0
302,47,647.000,433.000,6.000,7.000,1.0,1,1.0
308,47,657.000,429.000,5.000,6.000,1.0,1,1.0
309,47,655.000,415.000,7.000,5.000,1.0,1,1.0
310,47,637.000,427.000,5.000,6.000,1.0,1,1.0
311,47,627.000,440.000,7.000,6.000,1.0,1,1.0
312,47,627.000,441.000,6.000,5.000,1.0,1,1.0
313,47,626.000,441.000,7.000,5.000,1.0,1,1.0
314,47,626.000,441.000,7.000,5.000,1.0,1,1.0
315,47,625.000,441.000,8.000,5.000,1.0,1,1.0
316,47,625.000,441.000,8.000,5.000,1.0,1,1.0
317,47,625.000,441.000,7.000,5.000,1.0,1,1.0
318,47,621.000,441.000,8.000,5.000,1.0,1,1.0
319,47,621.000,441.000,8.000,5.000,1.0,1,1.0
320,47,621.000,441.000,7.000,5.000,1.0,1,1.0
321,47,621.000,441.000,6.000,5.000,1.0,1,1.0
322,47,621.000,441.000,6.000,5.000,1.0,1,1.0
326,47,621.000,440.000,6.000,5.000,1.0,1,1.0
327,47,621.000,440.000,6.000,5.000,1.0,1,1.0
328,47,622.000,441.000,5.000,4.000,1.0,1,1.0
329,47,619.000,441.000,6.000,5.000,1.0,1,1.0
330,47,620.000,441.000,7.000,5.000,1.0,1,1.0
331,47,622.000,441.000,7.000,5.000,1.0,1,1.0
332,47,622.000,441.000,9.000,5.000,1.0,1,1.0
333,47,622.000,441.000,4.000,5.000,1.0,1,1.0
334,47,622.000,440.000,4.000,6.000,1.0,1,1.0
335,47,622.000,440.000,4.000,5.000,1.0,1,1.0
336,47,621.000,440.000,5.000,5.000,1.0,1,1.0
337,47,622.000,440.000,4.000,5.000,1.0,1,1.0
338,47,622.000,440.000,4.000,5.000,1.0,1,1.0
339,47,622.000,441.000,5.000,4.000,1.0,1,1.0
340,47,622.000,440.000,5.000,5.000,1.0,1,1.0
341,47,623.000,429.000,6.000,7.000,1.0,1,1.0
342,47,624.000,441.000,5.000,5.000,1.0,1,1.0
343,47,625.000,441.000,4.000,6.000,1.0,1,1.0
344,47,624.000,440.000,5.000,6.000,1.0,1,1.0
345,47,624.000,441.000,5.000,5.000,1.0,1,1.0
346,47,624.000,440.000,4.000,6.000,1.0,1,1.0
347,47,624.000,440.000,5.000,6.000,1.0,1,1.0
348,47,624.000,440.000,5.000,6.000,1.0,1,1.0
349,47,624.000,440.000,4.000,6.000,1.0,1,1.0
350,47,624.000,441.000,4.000,5.000,1.0,1,1.0
351,47,624.000,440.000,5.000,6.000,1.0,1,1.0
352,47,624.000,440.000,6.000,6.000,1.0,1,1.0
353,47,625.000,440.000,6.000,6.000,1.0,1,1.0
354,47,626.000,440.000,6.000,5.000,1.0,1,1.0
355,47,628.000,440.000,6.000,5.000,1.0,1,1.0
356,47,629.000,440.000,6.000,4.000,1.0,1,1.0
357,47,630.000,440.000,6.000,4.000,1.0,1,1.0
358,47,631.000,440.000,8.000,5.000,1.0,1,1.0
359,47,632.000,441.000,8.000,6.000,1.0,1,1.0
360,47,633.000,441.000,6.000,7.000,1.0,1,1.0
361,47,633.000,441.000,7.000,6.000,1.0,1,1.0
362,47,632.000,440.000,8.000,6.000,1.0,1,1.0
363,47,635.000,440.000,6.000,5.000,1.0,1,1.0
1,45,618.000,445.000,8.000,4.000,1.0,1,1.0
2,45,618.000,445.000,7.000,4.000,1.0,1,1.0
3,45,618.000,445.000,7.000,4.000,1.0,1,1.0
4,45,618.000,444.000,7.000,5.000,1.0,1,1.0
5,45,618.000,444.000,7.000,4.000,1.0,1,1.0
6,45,618.000,444.000,8.000,4.000,1.0,1,1.0
7,45,619.000,444.000,8.000,4.000,1.0,1,1.0
8,45,619.000,444.000,8.000,4.000,1.0,1,1.0
9,45,619.000,444.000,9.000,5.000,1.0,1,1.0
10,45,620.000,444.000,8.000,5.000,1.0,1,1.0
11,45,619.000,444.000,8.000,4.000,1.0,1,1.0
12,45,619.000,444.000,8.000,4.000,1.0,1,1.0
13,45,619.000,444.000,8.000,5.000,1.0,1,1.0
14,45,619.000,444.000,7.000,5.000,1.0,1,1.0
15,45,619.000,444.000,7.000,5.000,1.0,1,1.0
16,45,619.000,444.000,8.000,5.000,1.0,1,1.0
17,45,619.000,444.000,8.000,5.000,1.0,1,1.0
18,45,619.000,444.000,8.000,5.000,1.0,1,1.0
19,45,619.000,444.000,8.000,4.000,1.0,1,1.0
20,45,619.000,444.000,7.000,4.000,1.0,1,1.0
21,45,619.000,444.000,7.000,4.000,1.0,1,1.0
22,45,619.000,444.000,7.000,4.000,1.0,1,1.0
23,45,619.000,444.000,8.000,4.000,1.0,1,1.0
24,45,619.000,443.000,7.000,5.000,1.0,1,1.0
25,45,620.000,443.000,7.000,5.000,1.0,1,1.0
26,45,620.000,443.000,7.000,5.000,1.0,1,1.0
27,45,620.000,442.000,8.000,5.000,1.0,1,1.0
28,45,621.000,442.000,7.000,5.000,1.0,1,1.0
29,45,622.000,443.000,7.000,5.000,1.0,1,1.0
30,45,625.000,443.000,5.000,5.000,1.0,1,1.0
31,45,625.000,443.000,6.000,5.000,1.0,1,1.0
32,45,624.000,443.000,6.000,4.000,1.0,1,1.0
33,45,623.000,443.000,8.000,4.000,1.0,1,1.0
44,45,618.000,436.000,5.000,4.000,1.0,1,1.0
45,45,620.000,441.000,4.000,5.000,1.0,1,1.0
46,45,620.000,442.000,4.000,5.000,1.0,1,1.0
47,45,620.000,442.000,4.000,5.000,1.0,1,1.0
48,45,620.000,442.000,5.000,5.000,1.0,1,1.0
51,45,621.000,441.000,4.000,5.000,1.0,1,1.0
52,45,621.000,441.000,4.000,5.000,1.0,1,1.0
53,45,621.000,441.000,4.000,6.000,1.0,1,1.0
54,45,621.000,441.000,4.000,6.000,1.0,1,1.0
55,45,621.000,441.000,4.000,4.000,1.0,1,1.0
56,45,621.000,440.000,5.000,5.000,1.0,1,1.0
57,45,621.000,440.000,6.000,5.000,1.0,1,1.0
58,45,622.000,440.000,5.000,6.000,1.0,1,1.0
59,45,621.000,439.000,6.000,7.000,1.0,1,1.0
60,45,621.000,438.000,6.000,8.000,1.0,1,1.0
61,45,622.000,440.000,6.000,6.000,1.0,1,1.0
62,45,620.000,441.000,6.000,5.000,1.0,1,1.0
63,45,619.000,441.000,8.000,5.000,1.0,1,1.0
64,45,620.000,441.000,7.000,5.000,1.0,1,1.0
65,45,620.000,442.000,7.000,4.000,1.0,1,1.0
66,45,620.000,441.000,6.000,5.000,1.0,1,1.0
67,45,619.000,441.000,6.000,4.000,1.0,1,1.0
68,45,619.000,441.000,5.000,4.000,1.0,1,1.0
69,45,618.000,441.000,5.000,4.000,1.0,1,1.0
70,45,617.000,441.000,6.000,4.000,1.0,1,1.0
71,45,617.000,441.000,5.000,4.000,1.0,1,1.0
72,45,616.000,441.000,5.000,5.000,1.0,1,1.0
73,45,616.000,441.000,4.000,5.000,1.0,1,1.0
74,45,616.000,441.000,4.000,5.000,1.0,1,1.0
75,45,616.000,441.000,4.000,5.000,1.0,1,1.0
76,45,616.000,441.000,4.000,5.000,1.0,1,1.0
77,45,616.000,441.000,4.000,5.000,1.0,1,1.0
78,45,616.000,441.000,4.000,5.000,1.0,1,1.0
79,45,616.000,441.000,4.000,5.000,1.0,1,1.0
80,45,615.000,441.000,5.000,5.000,1.0,1,1.0
81,45,616.000,441.000,4.000,5.000,1.0,1,1.0
82,45,615.000,441.000,5.000,5.000,1.0,1,1.0
83,45,615.000,441.000,5.000,4.000,1.0,1,1.0
84,45,615.000,441.000,5.000,4.000,1.0,1,1.0
85,45,615.000,441.000,5.000,5.000,1.0,1,1.0
86,45,616.000,441.000,5.000,5.000,1.0,1,1.0
87,45,616.000,441.000,5.000,5.000,1.0,1,1.0
88,45,617.000,441.000,6.000,4.000,1.0,1,1.0
89,45,619.000,441.000,5.000,5.000,1.0,1,1.0
90,45,619.000,441.000,7.000,5.000,1.0,1,1.0
91,45,620.000,442.000,6.000,4.000,1.0,1,1.0
92,45,621.000,442.000,6.000,4.000,1.0,1,1.0
93,45,621.000,442.000,7.000,4.000,1.0,1,1.0
94,45,621.000,441.000,7.000,5.000,1.0,1,1.0
95,45,622.000,441.000,6.000,5.000,1.0,1,1.0
96,45,622.000,441.000,6.000,4.000,1.0,1,1.0
97,45,622.000,441.000,6.000,5.000,1.0,1,1.0
98,45,622.000,441.000,8.000,5.000,1.0,1,1.0
99,45,622.000,441.000,9.000,5.000,1.0,1,1.0
100,45,623.000,442.000,6.000,4.000,1.0,1,1.0
101,45,622.000,437.000,7.000,8.000,1.0,1,1.0
102,45,622.000,442.000,6.000,6.000,1.0,1,1.0
103,45,621.000,442.000,7.000,6.000,1.0,1,1.0
104,45,622.000,443.000,6.000,6.000,1.0,1,1.0
105,45,622.000,443.000,6.000,6.000,1.0,1,1.0
106,45,622.000,443.000,7.000,5.000,1.0,1,1.0
107,45,627.000,443.000,6.000,4.000,1.0,1,1.0
108,45,629.000,443.000,7.000,4.000,1.0,1,1.0
109,45,632.000,442.000,7.000,5.000,1.0,1,1.0
112,45,647.000,439.000,8.000,5.000,1.0,1,1.0
116,45,644.000,441.000,9.000,4.000,1.0,1,1.0
117,45,644.000,441.000,8.000,5.000,1.0,1,1.0
118,45,645.000,440.000,7.000,6.000,1.0,1,1.0
119,45,644.000,439.000,7.000,7.000,1.0,1,1.0
120,45,644.000,439.000,5.000,5.000,1.0,1,1.0
124,45,645.000,439.000,5.000,5.000,1.0,1,1.0
125,45,646.000,439.000,5.000,4.000,1.0,1,1.0
126,45,646.000,439.000,6.000,5.000,1.0,1,1.0
127,45,648.000,439.000,6.000,5.000,1.0,1,1.0
132,45,653.000,439.000,6.000,7.000,1.0,1,1.0
133,45,654.000,436.000,6.000,9.000,1.0,1,1.0
134,45,654.000,435.000,6.000,9.000,1.0,1,1.0
135,45,653.000,435.000,6.000,9.000,1.0,1,1.0
136,45,653.000,434.000,6.000,9.000,1.0,1,1.0
137,45,653.000,433.000,6.000,10.000,1.0,1,1.0
138,45,654.000,432.000,5.000,9.000,1.0,1,1.0
139,45,654.000,431.000,5.000,9.000,1.0,1,1.0
140,45,654.000,430.000,5.000,9.000,1.0,1,1.0
141,45,654.000,428.000,5.000,11.000,1.0,1,1.0
142,45,654.000,428.000,4.000,9.000,1.0,1,1.0
143,45,654.000,427.000,5.000,10.000,1.0,1,1.0
144,45,654.000,425.000,5.000,10.000,1.0,1,1.0
145,45,654.000,424.000,5.000,9.000,1.0,1,1.0
146,45,654.000,423.000,5.000,9.000,1.0,1,1.0
147,45,654.000,422.000,6.000,9.000,1.0,1,1.0
148,45,655.000,421.000,6.000,8.000,1.0,1,1.0
149,45,655.000,420.000,7.000,8.000,1.0,1,1.0
150,45,656.000,419.000,6.000,8.000,1.0,1,1.0
151,45,657.000,417.000,6.000,8.000,1.0,1,1.0
152,45,658.000,417.000,6.000,7.000,1.0,1,1.0
153,45,658.000,415.000,7.000,7.000,1.0,1,1.0
154,45,659.000,414.000,6.000,7.000,1.0,1,1.0
155,45,660.000,413.000,6.000,7.000,1.0,1,1.0
156,45,660.000,412.000,7.000,7.000,1.0,1,1.0
157,45,662.000,411.000,6.000,7.000,1.0,1,1.0
158,45,662.000,410.000,6.000,6.000,1.0,1,1.0
159,45,663.000,408.000,6.000,7.000,1.0,1,1.0
160,45,664.000,407.000,6.000,7.000,1.0,1,1.0
161,45,664.000,407.000,6.000,6.000,1.0,1,1.0
162,45,665.000,406.000,6.000,6.000,1.0,1,1.0
163,45,666.000,405.000,5.000,6.000,1.0,1,1.0
164,45,666.000,404.000,6.000,6.000,1.0,1,1.0
165,45,667.000,403.000,5.000,7.000,1.0,1,1.0
166,45,667.000,402.000,6.000,6.000,1.0,1,1.0
167,45,668.000,400.000,5.000,7.000,1.0,1,1.0
168,45,668.000,399.000,6.000,7.000,1.0,1,1.0
169,45,669.000,398.000,6.000,7.000,1.0,1,1.0
170,45,670.000,398.000,5.000,6.000,1.0,1,1.0
171,45,670.000,396.000,6.000,7.000,1.0,1,1.0
172,45,671.000,396.000,5.000,6.000,1.0,1,1.0
173,45,671.000,396.000,6.000,6.000,1.0,1,1.0
174,45,671.000,395.000,6.000,6.000,1.0,1,1.0
175,45,671.000,394.000,6.000,6.000,1.0,1,1.0
176,45,673.000,393.000,5.000,6.000,1.0,1,1.0
177,45,673.000,392.000,6.000,6.000,1.0,1,1.0
178,45,674.000,390.000,5.000,7.000,1.0,1,1.0
179,45,674.000,389.000,6.000,7.000,1.0,1,1.0
180,45,674.000,389.000,6.000,6.000,1.0,1,1.0
181,45,675.000,388.000,6.000,7.000,1.0,1,1.0
182,45,676.000,387.000,5.000,7.000,1.0,1,1.0
183,45,676.000,386.000,5.000,7.000,1.0,1,1.0
184,45,676.000,387.000,6.000,6.000,1.0,1,1.0
185,45,677.000,386.000,5.000,6.000,1.0,1,1.0
186,45,676.000,386.000,6.000,6.000,1.0,1,1.0
187,45,677.000,386.000,5.000,6.000,1.0,1,1.0
188,45,677.000,386.000,5.000,6.000,1.0,1,1.0
189,45,677.000,386.000,5.000,6.000,1.0,1,1.0
190,45,677.000,385.000,6.000,6.000,1.0,1,1.0
191,45,677.000,385.000,6.000,6.000,1.0,1,1.0
192,45,678.000,384.000,5.000,6.000,1.0,1,1.0
193,45,678.000,384.000,5.000,6.000,1.0,1,1.0
194,45,679.000,383.000,5.000,6.000,1.0,1,1.0
195,45,679.000,382.000,5.000,6.000,1.0,1,1.0
196,45,680.000,381.000,5.000,6.000,1.0,1,1.0
197,45,680.000,380.000,5.000,6.000,1.0,1,1.0
198,45,680.000,379.000,5.000,6.000,1.0,1,1.0
199,45,680.000,378.000,5.000,6.000,1.0,1,1.0
200,45,681.000,377.000,5.000,6.000,1.0,1,1.0
201,45,681.000,376.000,5.000,6.000,1.0,1,1.0
202,45,681.000,375.000,4.000,6.000,1.0,1,1.0
203,45,681.000,375.000,4.000,6.000,1.0,1,1.0
204,45,680.000,374.000,5.000,6.000,1.0,1,1.0
205,45,680.000,373.000,5.000,6.000,1.0,1,1.0
206,45,680.000,373.000,5.000,5.000,1.0,1,1.0
207,45,680.000,372.000,4.000,5.000,1.0,1,1.0
208,45,679.000,371.000,5.000,5.000,1.0,1,1.0
209,45,679.000,371.000,5.000,5.000,1.0,1,1.0
210,45,678.000,371.000,5.000,5.000,1.0,1,1.0
211,45,678.000,371.000,5.000,5.000,1.0,1,1.0
212,45,677.000,370.000,5.000,5.000,1.0,1,1.0
213,45,677.000,371.000,5.000,4.000,1.0,1,1.0
214,45,676.000,371.000,5.000,4.000,1.0,1,1.0
215,45,675.000,371.000,5.000,5.000,1.0,1,1.0
216,45,674.000,371.000,6.000,5.000,1.0,1,1.0
217,45,673.000,371.000,6.000,5.000,1.0,1,1.0
218,45,673.000,371.000,6.000,4.000,1.0,1,1.0
219,45,673.000,371.000,6.000,4.000,1.0,1,1.0
220,45,673.000,371.000,5.000,5.000,1.0,1,1.0
221,45,673.000,371.000,5.000,5.000,1.0,1,1.0
222,45,673.000,371.000,5.000,5.000,1.0,1,1.0
223,45,673.000,371.000,5.000,5.000,1.0,1,1.0
224,45,673.000,371.000,5.000,5.000,1.0,1,1.0
225,45,673.000,371.000,5.000,5.000,1.0,1,1.0
226,45,673.000,371.000,5.000,5.000,1.0,1,1.0
227,45,673.000,371.000,5.000,5.000,1.0,1,1.0
228,45,673.000,371.000,5.000,5.000,1.0,1,1.0
229,45,673.000,372.000,5.000,4.000,1.0,1,1.0
230,45,673.000,371.000,4.000,5.000,1.0,1,1.0
231,45,673.000,371.000,5.000,5.000,1.0,1,1.0
232,45,673.000,372.000,5.000,4.000,1.0,1,1.0
233,45,673.000,372.000,4.000,4.000,1.0,1,1.0
234,45,672.000,371.000,5.000,5.000,1.0,1,1.0
235,45,672.000,371.000,5.000,5.000,1.0,1,1.0
236,45,672.000,371.000,5.000,5.000,1.0,1,1.0
237,45,672.000,371.000,5.000,5.000,1.0,1,1.0
238,45,673.000,371.000,4.000,5.000,1.0,1,1.0
239,45,673.000,371.000,4.000,5.000,1.0,1,1.0
240,45,673.000,371.000,4.000,5.000,1.0,1,1.0
241,45,673.000,371.000,4.000,5.000,1.0,1,1.0
242,45,673.000,371.000,4.000,5.000,1.0,1,1.0
243,45,673.000,371.000,4.000,5.000,1.0,1,1.0
244,45,673.000,371.000,4.000,5.000,1.0,1,1.0
245,45,673.000,371.000,4.000,5.000,1.0,1,1.0
246,45,673.000,371.000,4.000,5.000,1.0,1,1.0
247,45,673.000,371.000,4.000,5.000,1.0,1,1.0
248,45,673.000,371.000,4.000,5.000,1.0,1,1.0
249,45,673.000,371.000,4.000,5.000,1.0,1,1.0
250,45,673.000,371.000,5.000,5.000,1.0,1,1.0
251,45,673.000,371.000,4.000,5.000,1.0,1,1.0
252,45,673.000,371.000,4.000,5.000,1.0,1,1.0
253,45,673.000,372.000,5.000,4.000,1.0,1,1.0
254,45,672.000,371.000,5.000,5.000,1.0,1,1.0
255,45,672.000,371.000,5.000,5.000,1.0,1,1.0
256,45,673.000,371.000,4.000,5.000,1.0,1,1.0
257,45,672.000,371.000,5.000,5.000,1.0,1,1.0
258,45,672.000,371.000,5.000,5.000,1.0,1,1.0
259,45,672.000,371.000,5.000,5.000,1.0,1,1.0
260,45,673.000,371.000,4.000,5.000,1.0,1,1.0
261,45,673.000,371.000,4.000,5.000,1.0,1,1.0
262,45,673.000,372.000,4.000,4.000,1.0,1,1.0
263,45,673.000,371.000,4.000,5.000,1.0,1,1.0
264,45,673.000,371.000,4.000,5.000,1.0,1,1.0
265,45,672.000,372.000,5.000,4.000,1.0,1,1.0
266,45,672.000,372.000,5.000,4.000,1.0,1,1.0
267,45,673.000,371.000,4.000,5.000,1.0,1,1.0
268,45,672.000,371.000,5.000,5.000,1.0,1,1.0
269,45,672.000,371.000,5.000,5.000,1.0,1,1.0
270,45,672.000,371.000,5.000,5.000,1.0,1,1.0
271,45,672.000,371.000,5.000,5.000,1.0,1,1.0
272,45,673.000,371.000,4.000,5.000,1.0,1,1.0
273,45,672.000,372.000,5.000,4.000,1.0,1,1.0
274,45,673.000,371.000,4.000,5.000,1.0,1,1.0
275,45,672.000,371.000,5.000,5.000,1.0,1,1.0
276,45,673.000,371.000,4.000,5.000,1.0,1,1.0
277,45,672.000,372.000,5.000,4.000,1.0,1,1.0
278,45,672.000,372.000,5.000,4.000,1.0,1,1.0
279,45,672.000,371.000,5.000,5.000,1.0,1,1.0
280,45,672.000,371.000,5.000,5.000,1.0,1,1.0
281,45,672.000,371.000,5.000,5.000,1.0,1,1.0
282,45,672.000,371.000,5.000,5.000,1.0,1,1.0
283,45,672.000,371.000,5.000,5.000,1.0,1,1.0
284,45,672.000,371.000,5.000,5.000,1.0,1,1.0
285,45,672.000,371.000,5.000,5.000,1.0,1,1.0
286,45,672.000,372.000,5.000,4.000,1.0,1,1.0
287,45,672.000,372.000,5.000,4.000,1.0,1,1.0
288,45,672.000,372.000,5.000,4.000,1.0,1,1.0
289,45,672.000,371.000,5.000,5.000,1.0,1,1.0
290,45,672.000,371.000,5.000,5.000,1.0,1,1.0
291,45,672.000,371.000,5.000,5.000,1.0,1,1.0
292,45,672.000,371.000,5.000,5.000,1.0,1,1.0
293,45,672.000,371.000,5.000,5.000,1.0,1,1.0
294,45,672.000,372.000,5.000,4.000,1.0,1,1.0
295,45,670.000,371.000,7.000,5.000,1.0,1,1.0
296,45,671.000,372.000,6.000,5.000,1.0,1,1.0
297,45,672.000,372.000,5.000,4.000,1.0,1,1.0
298,45,672.000,372.000,5.000,4.000,1.0,1,1.0
299,45,671.000,371.000,5.000,5.000,1.0,1,1.0
300,45,670.000,371.000,5.000,5.000,1.0,1,1.0
301,45,669.000,371.000,6.000,4.000,1.0,1,1.0
302,45,667.000,371.000,6.000,4.000,1.0,1,1.0
303,45,666.000,371.000,6.000,4.000,1.0,1,1.0
304,45,665.000,371.000,6.000,4.000,1.0,1,1.0
305,45,663.000,371.000,7.000,4.000,1.0,1,1.0
306,45,662.000,371.000,6.000,3.000,1.0,1,1.0
307,45,660.000,370.000,7.000,4.000,1.0,1,1.0
308,45,658.000,370.000,7.000,4.000,1.0,1,1.0
309,45,657.000,370.000,7.000,4.000,1.0,1,1.0
310,45,657.000,369.000,6.000,5.000,1.0,1,1.0
311,45,656.000,367.000,6.000,6.000,1.0,1,1.0
312,45,655.000,366.000,5.000,6.000,1.0,1,1.0
313,45,653.000,364.000,6.000,6.000,1.0,1,1.0
314,45,652.000,362.000,6.000,7.000,1.0,1,1.0
315,45,651.000,361.000,6.000,7.000,1.0,1,1.0
316,45,650.000,360.000,6.000,6.000,1.0,1,1.0
317,45,649.000,358.000,6.000,7.000,1.0,1,1.0
318,45,649.000,357.000,5.000,7.000,1.0,1,1.0
319,45,647.000,356.000,6.000,6.000,1.0,1,1.0
320,45,646.000,354.000,6.000,7.000,1.0,1,1.0
321,45,645.000,353.000,6.000,6.000,1.0,1,1.0
322,45,644.000,352.000,6.000,6.000,1.0,1,1.0
323,45,645.000,349.000,5.000,9.000,1.0,1,1.0
324,45,644.000,349.000,5.000,8.000,1.0,1,1.0
325,45,644.000,347.000,5.000,8.000,1.0,1,1.0
326,45,644.000,346.000,5.000,8.000,1.0,1,1.0
327,45,644.000,345.000,5.000,8.000,1.0,1,1.0
328,45,643.000,343.000,5.000,8.000,1.0,1,1.0
329,45,643.000,342.000,5.000,8.000,1.0,1,1.0
330,45,643.000,340.000,4.000,8.000,1.0,1,1.0
331,45,642.000,338.000,5.000,8.000,1.0,1,1.0
332,45,642.000,336.000,4.000,9.000,1.0,1,1.0
333,45,641.000,334.000,5.000,9.000,1.0,1,1.0
334,45,641.000,333.000,5.000,8.000,1.0,1,1.0
335,45,641.000,331.000,4.000,8.000,1.0,1,1.0
336,45,640.000,330.000,5.000,9.000,1.0,1,1.0
337,45,640.000,329.000,4.000,8.000,1.0,1,1.0
338,45,640.000,327.000,5.000,9.000,1.0,1,1.0
339,45,639.000,327.000,5.000,8.000,1.0,1,1.0
340,45,639.000,325.000,5.000,8.000,1.0,1,1.0
341,45,638.000,324.000,5.000,8.000,1.0,1,1.0
342,45,638.000,322.000,5.000,8.000,1.0,1,1.0
343,45,637.000,321.000,5.000,8.000,1.0,1,1.0
344,45,637.000,319.000,5.000,8.000,1.0,1,1.0
345,45,637.000,318.000,5.000,9.000,1.0,1,1.0
346,45,636.000,316.000,5.000,8.000,1.0,1,1.0
347,45,635.000,315.000,6.000,7.000,1.0,1,1.0
348,45,635.000,314.000,5.000,7.000,1.0,1,1.0
349,45,634.000,313.000,5.000,7.000,1.0,1,1.0
350,45,633.000,312.000,5.000,6.000,1.0,1,1.0
351,45,632.000,311.000,6.000,6.000,1.0,1,1.0
352,45,631.000,309.000,6.000,7.000,1.0,1,1.0
353,45,630.000,308.000,6.000,7.000,1.0,1,1.0
354,45,629.000,307.000,6.000,6.000,1.0,1,1.0
355,45,628.000,305.000,6.000,6.000,1.0,1,1.0
356,45,628.000,304.000,5.000,7.000,1.0,1,1.0
357,45,627.000,302.000,6.000,7.000,1.0,1,1.0
358,45,627.000,300.000,5.000,7.000,1.0,1,1.0
359,45,627.000,299.000,4.000,7.000,1.0,1,1.0
360,45,626.000,297.000,5.000,8.000,1.0,1,1.0
361,45,626.000,295.000,5.000,8.000,1.0,1,1.0
362,45,626.000,295.000,4.000,8.000,1.0,1,1.0
363,45,625.000,294.000,5.000,7.000,1.0,1,1.0
1,11,46.000,439.000,6.000,4.000,1.0,1,1.0
2,11,47.000,439.000,6.000,4.000,1.0,1,1.0
3,11,46.000,439.000,7.000,4.000,1.0,1,1.0
4,11,47.000,439.000,6.000,4.000,1.0,1,1.0
5,11,46.000,439.000,6.000,5.000,1.0,1,1.0
6,11,45.000,438.000,6.000,6.000,1.0,1,1.0
7,11,45.000,439.000,5.000,4.000,1.0,1,1.0
8,11,45.000,439.000,5.000,4.000,1.0,1,1.0
9,11,45.000,439.000,6.000,4.000,1.0,1,1.0
10,11,45.000,439.000,6.000,4.000,1.0,1,1.0
11,11,46.000,438.000,7.000,5.000,1.0,1,1.0
12,11,47.000,439.000,6.000,4.000,1.0,1,1.0
13,11,47.000,439.000,7.000,5.000,1.0,1,1.0
14,11,47.000,439.000,7.000,5.000,1.0,1,1.0
15,11,47.000,439.000,6.000,5.000,1.0,1,1.0
16,11,47.000,439.000,6.000,5.000,1.0,1,1.0
17,11,47.000,439.000,7.000,5.000,1.0,1,1.0
18,11,47.000,439.000,6.000,4.000,1.0,1,1.0
19,11,48.000,439.000,6.000,4.000,1.0,1,1.0
20,11,48.000,439.000,6.000,4.000,1.0,1,1.0
21,11,48.000,439.000,6.000,4.000,1.0,1,1.0
22,11,50.000,438.000,9.000,5.000,1.0,1,1.0
23,11,51.000,439.000,8.000,4.000,1.0,1,1.0
24,11,52.000,439.000,7.000,5.000,1.0,1,1.0
25,11,52.000,440.000,7.000,4.000,1.0,1,1.0
26,11,53.000,439.000,6.000,5.000,1.0,1,1.0
27,11,52.000,439.000,9.000,4.000,1.0,1,1.0
28,11,59.000,439.000,5.000,4.000,1.0,1,1.0
29,11,61.000,438.000,7.000,5.000,1.0,1,1.0
30,11,65.000,439.000,8.000,6.000,1.0,1,1.0
31,11,68.000,439.000,7.000,6.000,1.0,1,1.0
32,11,67.000,440.000,7.000,4.000,1.0,1,1.0
33,11,65.000,439.000,8.000,5.000,1.0,1,1.0
34,11,68.000,437.000,6.000,5.000,1.0,1,1.0
35,11,69.000,434.000,5.000,8.000,1.0,1,1.0
36,11,70.000,433.000,4.000,8.000,1.0,1,1.0
37,11,71.000,430.000,3.000,8.000,1.0,1,1.0
38,11,70.000,427.000,4.000,8.000,1.0,1,1.0
39,11,70.000,425.000,4.000,9.000,1.0,1,1.0
40,11,69.000,422.000,4.000,8.000,1.0,1,1.0
41,11,69.000,419.000,4.000,8.000,1.0,1,1.0
42,11,69.000,415.000,3.000,9.000,1.0,1,1.0
43,11,68.000,413.000,4.000,8.000,1.0,1,1.0
44,11,67.000,410.000,4.000,8.000,1.0,1,1.0
45,11,66.000,407.000,4.000,9.000,1.0,1,1.0
46,11,65.000,406.000,5.000,7.000,1.0,1,1.0
47,11,63.000,404.000,5.000,7.000,1.0,1,1.0
48,11,61.000,402.000,6.000,7.000,1.0,1,1.0
49,11,60.000,399.000,5.000,8.000,1.0,1,1.0
50,11,60.000,397.000,4.000,8.000,1.0,1,1.0
51,11,60.000,394.000,4.000,9.000,1.0,1,1.0
52,11,61.000,392.000,5.000,9.000,1.0,1,1.0
53,11,63.000,389.000,4.000,9.000,1.0,1,1.0
54,11,64.000,387.000,5.000,8.000,1.0,1,1.0
55,11,65.000,384.000,5.000,7.000,1.0,1,1.0
56,11,66.000,381.000,5.000,8.000,1.0,1,1.0
57,11,67.000,379.000,5.000,8.000,1.0,1,1.0
58,11,68.000,376.000,4.000,8.000,1.0,1,1.0
59,11,69.000,374.000,4.000,8.000,1.0,1,1.0
60,11,70.000,371.000,4.000,8.000,1.0,1,1.0
61,11,70.000,368.000,5.000,7.000,1.0,1,1.0
62,11,71.000,366.000,4.000,6.000,1.0,1,1.0
63,11,71.000,362.000,4.000,7.000,1.0,1,1.0
64,11,72.000,359.000,4.000,8.000,1.0,1,1.0
65,11,72.000,357.000,4.000,7.000,1.0,1,1.0
66,11,72.000,355.000,4.000,7.000,1.0,1,1.0
67,11,72.000,353.000,4.000,7.000,1.0,1,1.0
68,11,72.000,350.000,4.000,7.000,1.0,1,1.0
69,11,72.000,347.000,4.000,8.000,1.0,1,1.0
70,11,72.000,345.000,4.000,7.000,1.0,1,1.0
71,11,71.000,343.000,5.000,7.000,1.0,1,1.0
72,11,71.000,340.000,5.000,8.000,1.0,1,1.0
73,11,71.000,338.000,4.000,7.000,1.0,1,1.0
74,11,71.000,335.000,4.000,7.000,1.0,1,1.0
75,11,70.000,332.000,4.000,8.000,1.0,1,1.0
76,11,69.000,330.000,5.000,8.000,1.0,1,1.0
77,11,68.000,327.000,5.000,8.000,1.0,1,1.0
78,11,68.000,324.000,4.000,7.000,1.0,1,1.0
79,11,67.000,321.000,5.000,8.000,1.0,1,1.0
80,11,66.000,318.000,5.000,8.000,1.0,1,1.0
81,11,65.000,316.000,5.000,7.000,1.0,1,1.0
82,11,63.000,314.000,5.000,7.000,1.0,1,1.0
83,11,61.000,311.000,5.000,8.000,1.0,1,1.0
84,11,59.000,309.000,6.000,7.000,1.0,1,1.0
85,11,58.000,307.000,5.000,7.000,1.0,1,1.0
86,11,55.000,305.000,6.000,7.000,1.0,1,1.0
87,11,53.000,303.000,7.000,7.000,1.0,1,1.0
88,11,51.000,302.000,7.000,7.000,1.0,1,1.0
89,11,49.000,301.000,7.000,6.000,1.0,1,1.0
90,11,46.000,301.000,8.000,5.000,1.0,1,1.0
91,11,43.000,301.000,8.000,4.000,1.0,1,1.0
92,11,40.000,301.000,8.000,4.000,1.0,1,1.0
93,11,37.000,301.000,8.000,4.000,1.0,1,1.0
94,11,35.000,300.000,8.000,5.000,1.0,1,1.0
95,11,32.000,300.000,8.000,4.000,1.0,1,1.0
96,11,29.000,300.000,8.000,4.000,1.0,1,1.0
97,11,27.000,299.000,7.000,5.000,1.0,1,1.0
98,11,24.000,299.000,8.000,5.000,1.0,1,1.0
99,11,22.000,298.000,8.000,5.000,1.0,1,1.0
100,11,20.000,297.000,7.000,5.000,1.0,1,1.0
101,11,18.000,296.000,7.000,5.000,1.0,1,1.0
102,11,16.000,295.000,7.000,5.000,1.0,1,1.0
103,11,14.000,294.000,7.000,5.000,1.0,1,1.0
104,11,12.000,293.000,7.000,6.000,1.0,1,1.0
105,11,12.000,292.000,5.000,6.000,1.0,1,1.0
106,11,11.000,291.000,5.000,6.000,1.0,1,1.0
126,11,11.000,243.000,4.000,6.000,1.0,1,1.0
127,11,12.000,241.000,4.000,8.000,1.0,1,1.0
128,11,12.000,239.000,4.000,8.000,1.0,1,1.0
129,11,12.000,238.000,4.000,8.000,1.0,1,1.0
130,11,13.000,236.000,4.000,8.000,1.0,1,1.0
131,11,14.000,234.000,5.000,7.000,1.0,1,1.0
132,11,15.000,232.000,5.000,7.000,1.0,1,1.0
133,11,16.000,230.000,5.000,7.000,1.0,1,1.0
134,11,18.000,229.000,5.000,6.000,1.0,1,1.0
135,11,20.000,228.000,6.000,6.000,1.0,1,1.0
136,11,22.000,227.000,6.000,5.000,1.0,1,1.0
137,11,22.000,226.000,7.000,6.000,1.0,1,1.0
138,11,23.000,224.000,6.000,7.000,1.0,1,1.0
139,11,25.000,221.000,5.000,9.000,1.0,1,1.0
140,11,25.000,219.000,5.000,8.000,1.0,1,1.0
141,11,26.000,217.000,5.000,8.000,1.0,1,1.0
142,11,27.000,214.000,4.000,8.000,1.0,1,1.0
143,11,27.000,211.000,5.000,8.000,1.0,1,1.0
144,11,28.000,209.000,6.000,8.000,1.0,1,1.0
145,11,30.000,209.000,7.000,6.000,1.0,1,1.0
146,11,33.000,208.000,6.000,6.000,1.0,1,1.0
147,11,35.000,206.000,7.000,6.000,1.0,1,1.0
148,11,37.000,205.000,8.000,6.000,1.0,1,1.0
149,11,40.000,203.000,6.000,6.000,1.0,1,1.0
150,11,42.000,202.000,7.000,6.000,1.0,1,1.0
151,11,44.000,200.000,7.000,6.000,1.0,1,1.0
152,11,46.000,199.000,7.000,6.000,1.0,1,1.0
153,11,48.000,197.000,7.000,6.000,1.0,1,1.0
154,11,51.000,195.000,6.000,7.000,1.0,1,1.0
155,11,52.000,194.000,6.000,7.000,1.0,1,1.0
156,11,54.000,192.000,6.000,7.000,1.0,1,1.0
157,11,56.000,190.000,5.000,6.000,1.0,1,1.0
158,11,58.000,187.000,5.000,8.000,1.0,1,1.0
159,11,60.000,185.000,5.000,7.000,1.0,1,1.0
160,11,61.000,184.000,5.000,6.000,1.0,1,1.0
161,11,62.000,182.000,5.000,7.000,1.0,1,1.0
162,11,64.000,180.000,5.000,7.000,1.0,1,1.0
163,11,65.000,178.000,5.000,7.000,1.0,1,1.0
164,11,66.000,177.000,5.000,6.000,1.0,1,1.0
165,11,66.000,174.000,4.000,9.000,1.0,1,1.0
166,11,66.000,172.000,4.000,8.000,1.0,1,1.0
167,11,65.000,170.000,4.000,8.000,1.0,1,1.0
168,11,64.000,168.000,4.000,8.000,1.0,1,1.0
169,11,63.000,165.000,5.000,8.000,1.0,1,1.0
170,11,61.000,163.000,5.000,8.000,1.0,1,1.0
171,11,60.000,161.000,5.000,7.000,1.0,1,1.0
172,11,58.000,158.000,6.000,8.000,1.0,1,1.0
173,11,57.000,156.000,5.000,8.000,1.0,1,1.0
174,11,55.000,154.000,5.000,8.000,1.0,1,1.0
175,11,54.000,152.000,5.000,7.000,1.0,1,1.0
176,11,52.000,149.000,5.000,8.000,1.0,1,1.0
177,11,50.000,146.000,6.000,8.000,1.0,1,1.0
178,11,49.000,144.000,5.000,7.000,1.0,1,1.0
179,11,47.000,141.000,6.000,7.000,1.0,1,1.0
180,11,46.000,138.000,6.000,8.000,1.0,1,1.0
181,11,44.000,136.000,6.000,7.000,1.0,1,1.0
182,11,44.000,133.000,5.000,8.000,1.0,1,1.0
183,11,42.000,130.000,6.000,9.000,1.0,1,1.0
184,11,41.000,127.000,6.000,9.000,1.0,1,1.0
185,11,41.000,124.000,4.000,9.000,1.0,1,1.0
186,11,42.000,121.000,4.000,9.000,1.0,1,1.0
187,11,42.000,118.000,5.000,8.000,1.0,1,1.0
188,11,43.000,115.000,5.000,9.000,1.0,1,1.0
189,11,44.000,111.000,4.000,9.000,1.0,1,1.0
190,11,44.000,109.000,4.000,9.000,1.0,1,1.0
191,11,43.000,107.000,4.000,8.000,1.0,1,1.0
192,11,41.000,104.000,5.000,9.000,1.0,1,1.0
193,11,40.000,102.000,5.000,8.000,1.0,1,1.0
194,11,39.000,102.000,5.000,6.000,1.0,1,1.0
206,11,17.000,70.000,6.000,5.000,1.0,1,1.0
207,11,17.000,69.000,6.000,5.000,1.0,1,1.0
208,11,16.000,66.000,6.000,8.000,1.0,1,1.0
209,11,14.000,63.000,6.000,8.000,1.0,1,1.0
210,11,13.000,61.000,6.000,8.000,1.0,1,1.0
211,11,13.000,59.000,4.000,7.000,1.0,1,1.0
212,11,12.000,56.000,4.000,8.000,1.0,1,1.0
233,11,6.000,21.000,6.000,7.000,1.0,1,1.0
238,11,12.000,19.000,5.000,6.000,1.0,1,1.0
239,11,12.000,19.000,6.000,7.000,1.0,1,1.0
240,11,13.000,19.000,6.000,7.000,1.0,1,1.0
241,11,14.000,19.000,7.000,7.000,1.0,1,1.0
242,11,15.000,19.000,8.000,7.000,1.0,1,1.0
244,11,16.000,18.000,10.000,7.000,1.0,1,1.0
245,11,19.000,19.000,9.000,6.000,1.0,1,1.0
246,11,22.000,19.000,8.000,6.000,1.0,1,1.0
247,11,25.000,19.000,8.000,6.000,1.0,1,1.0
248,11,26.000,19.000,9.000,5.000,1.0,1,1.0
249,11,29.000,18.000,8.000,6.000,1.0,1,1.0
250,11,31.000,18.000,8.000,6.000,1.0,1,1.0
251,11,32.000,17.000,8.000,7.000,1.0,1,1.0
252,11,32.000,17.000,6.000,7.000,1.0,1,1.0
253,11,32.000,16.000,5.000,9.000,1.0,1,1.0
254,11,32.000,16.000,4.000,8.000,1.0,1,1.0
255,11,31.000,16.000,4.000,9.000,1.0,1,1.0
256,11,30.000,16.000,5.000,9.000,1.0,1,1.0
257,11,28.000,17.000,7.000,8.000,1.0,1,1.0
258,11,28.000,17.000,6.000,8.000,1.0,1,1.0
259,11,27.000,17.000,7.000,7.000,1.0,1,1.0
260,11,25.000,18.000,8.000,6.000,1.0,1,1.0
261,11,24.000,18.000,8.000,6.000,1.0,1,1.0
262,11,23.000,19.000,8.000,5.000,1.0,1,1.0
263,11,22.000,19.000,9.000,5.000,1.0,1,1.0
264,11,20.000,19.000,9.000,5.000,1.0,1,1.0
265,11,18.000,19.000,10.000,5.000,1.0,1,1.0
266,11,17.000,19.000,8.000,5.000,1.0,1,1.0
267,11,16.000,18.000,9.000,6.000,1.0,1,1.0
297,11,23.000,100.000,5.000,6.000,1.0,1,1.0
298,11,23.000,100.000,5.000,6.000,1.0,1,1.0
299,11,22.000,100.000,6.000,5.000,1.0,1,1.0
1,29,407.000,441.000,4.000,5.000,1.0,1,1.0
2,29,407.000,441.000,4.000,5.000,1.0,1,1.0
3,29,407.000,441.000,5.000,5.000,1.0,1,1.0
4,29,407.000,441.000,5.000,5.000,1.0,1,1.0
5,29,407.000,441.000,4.000,5.000,1.0,1,1.0
6,29,407.000,441.000,4.000,5.000,1.0,1,1.0
7,29,407.000,441.000,4.000,5.000,1.0,1,1.0
9,29,405.000,441.000,6.000,5.000,1.0,1,1.0
10,29,404.000,440.000,10.000,6.000,1.0,1,1.0
11,29,402.000,440.000,9.000,6.000,1.0,1,1.0
12,29,400.000,440.000,8.000,6.000,1.0,1,1.0
13,29,399.000,440.000,7.000,6.000,1.0,1,1.0
14,29,395.000,441.000,10.000,5.000,1.0,1,1.0
15,29,392.000,441.000,13.000,5.000,1.0,1,1.0
16,29,390.000,440.000,7.000,5.000,1.0,1,1.0
17,29,386.000,441.000,7.000,4.000,1.0,1,1.0
18,29,384.000,441.000,7.000,4.000,1.0,1,1.0
19,29,381.000,440.000,7.000,5.000,1.0,1,1.0
20,29,378.000,440.000,7.000,5.000,1.0,1,1.0
21,29,376.000,441.000,8.000,4.000,1.0,1,1.0
22,29,376.000,441.000,8.000,4.000,1.0,1,1.0
23,29,377.000,441.000,6.000,4.000,1.0,1,1.0
24,29,376.000,441.000,7.000,4.000,1.0,1,1.0
25,29,378.000,441.000,6.000,5.000,1.0,1,1.0
26,29,379.000,441.000,5.000,5.000,1.0,1,1.0
27,29,379.000,442.000,5.000,4.000,1.0,1,1.0
28,29,380.000,441.000,5.000,5.000,1.0,1,1.0
29,29,380.000,440.000,5.000,6.000,1.0,1,1.0
30,29,381.000,438.000,5.000,8.000,1.0,1,1.0
31,29,380.000,438.000,5.000,8.000,1.0,1,1.0
32,29,379.000,437.000,5.000,9.000,1.0,1,1.0
33,29,378.000,436.000,5.000,9.000,1.0,1,1.0
34,29,378.000,433.000,5.000,9.000,1.0,1,1.0
35,29,377.000,431.000,5.000,9.000,1.0,1,1.0
36,29,377.000,429.000,4.000,9.000,1.0,1,1.0
37,29,377.000,429.000,4.000,8.000,1.0,1,1.0
38,29,377.000,427.000,4.000,8.000,1.0,1,1.0
39,29,376.000,426.000,5.000,8.000,1.0,1,1.0
40,29,376.000,423.000,4.000,8.000,1.0,1,1.0
41,29,375.000,420.000,5.000,8.000,1.0,1,1.0
42,29,374.000,418.000,4.000,8.000,1.0,1,1.0
43,29,373.000,416.000,5.000,7.000,1.0,1,1.0
44,29,373.000,414.000,4.000,7.000,1.0,1,1.0
45,29,372.000,412.000,5.000,6.000,1.0,1,1.0
46,29,372.000,410.000,4.000,6.000,1.0,1,1.0
47,29,372.000,408.000,4.000,7.000,1.0,1,1.0
48,29,372.000,406.000,4.000,7.000,1.0,1,1.0
49,29,373.000,405.000,4.000,7.000,1.0,1,1.0
50,29,373.000,404.000,4.000,6.000,1.0,1,1.0
51,29,373.000,403.000,5.000,6.000,1.0,1,1.0
52,29,373.000,401.000,5.000,6.000,1.0,1,1.0
53,29,374.000,399.000,5.000,7.000,1.0,1,1.0
54,29,374.000,398.000,6.000,6.000,1.0,1,1.0
55,29,375.000,396.000,5.000,6.000,1.0,1,1.0
56,29,376.000,395.000,5.000,6.000,1.0,1,1.0
57,29,377.000,393.000,6.000,6.000,1.0,1,1.0
58,29,379.000,392.000,5.000,6.000,1.0,1,1.0
59,29,380.000,390.000,6.000,6.000,1.0,1,1.0
60,29,381.000,388.000,6.000,6.000,1.0,1,1.0
61,29,382.000,387.000,6.000,6.000,1.0,1,1.0
62,29,384.000,384.000,5.000,7.000,1.0,1,1.0
63,29,384.000,382.000,5.000,8.000,1.0,1,1.0
64,29,385.000,379.000,4.000,8.000,1.0,1,1.0
65,29,385.000,376.000,4.000,9.000,1.0,1,1.0
66,29,385.000,374.000,5.000,8.000,1.0,1,1.0
67,29,386.000,371.000,5.000,9.000,1.0,1,1.0
68,29,386.000,369.000,6.000,8.000,1.0,1,1.0
69,29,388.000,366.000,6.000,7.000,1.0,1,1.0
70,29,390.000,363.000,5.000,8.000,1.0,1,1.0
71,29,390.000,362.000,5.000,8.000,1.0,1,1.0
72,29,389.000,362.000,6.000,8.000,1.0,1,1.0
73,29,389.000,362.000,6.000,8.000,1.0,1,1.0
74,29,390.000,361.000,6.000,8.000,1.0,1,1.0
75,29,391.000,360.000,6.000,7.000,1.0,1,1.0
76,29,393.000,357.000,6.000,7.000,1.0,1,1.0
77,29,395.000,355.000,6.000,6.000,1.0,1,1.0
78,29,396.000,353.000,7.000,7.000,1.0,1,1.0
79,29,398.000,351.000,7.000,7.000,1.0,1,1.0
80,29,401.000,351.000,7.000,5.000,1.0,1,1.0
81,29,404.000,350.000,7.000,5.000,1.0,1,1.0
82,29,406.000,349.000,7.000,5.000,1.0,1,1.0
83,29,407.000,348.000,8.000,5.000,1.0,1,1.0
84,29,410.000,347.000,7.000,5.000,1.0,1,1.0
85,29,411.000,345.000,7.000,6.000,1.0,1,1.0
86,29,412.000,345.000,7.000,5.000,1.0,1,1.0
87,29,412.000,345.000,7.000,5.000,1.0,1,1.0
88,29,412.000,345.000,7.000,5.000,1.0,1,1.0
89,29,412.000,345.000,7.000,5.000,1.0,1,1.0
90,29,412.000,345.000,7.000,5.000,1.0,1,1.0
91,29,412.000,345.000,7.000,5.000,1.0,1,1.0
92,29,412.000,345.000,7.000,5.000,1.0,1,1.0
93,29,412.000,345.000,7.000,5.000,1.0,1,1.0
94,29,412.000,345.000,7.000,5.000,1.0,1,1.0
95,29,412.000,345.000,7.000,5.000,1.0,1,1.0
96,29,412.000,345.000,7.000,5.000,1.0,1,1.0
97,29,412.000,345.000,7.000,5.000,1.0,1,1.0
98,29,412.000,345.000,7.000,5.000,1.0,1,1.0
99,29,412.000,345.000,7.000,6.000,1.0,1,1.0
100,29,412.000,345.000,7.000,6.000,1.0,1,1.0
101,29,412.000,345.000,7.000,6.000,1.0,1,1.0
102,29,412.000,345.000,7.000,6.000,1.0,1,1.0
103,29,412.000,345.000,7.000,6.000,1.0,1,1.0
104,29,412.000,345.000,7.000,6.000,1.0,1,1.0
105,29,412.000,345.000,7.000,6.000,1.0,1,1.0
106,29,412.000,345.000,7.000,6.000,1.0,1,1.0
107,29,412.000,345.000,7.000,6.000,1.0,1,1.0
108,29,412.000,345.000,7.000,6.000,1.0,1,1.0
109,29,413.000,345.000,7.000,6.000,1.0,1,1.0
110,29,412.000,345.000,6.000,7.000,1.0,1,1.0
111,29,412.000,345.000,6.000,7.000,1.0,1,1.0
112,29,412.000,345.000,6.000,7.000,1.0,1,1.0
113,29,413.000,345.000,5.000,7.000,1.0,1,1.0
114,29,413.000,345.000,5.000,7.000,1.0,1,1.0
115,29,412.000,345.000,7.000,6.000,1.0,1,1.0
116,29,413.000,345.000,6.000,6.000,1.0,1,1.0
117,29,413.000,345.000,6.000,6.000,1.0,1,1.0
118,29,413.000,345.000,6.000,6.000,1.0,1,1.0
119,29,413.000,345.000,6.000,7.000,1.0,1,1.0
120,29,413.000,345.000,6.000,7.000,1.0,1,1.0
121,29,414.000,345.000,7.000,6.000,1.0,1,1.0
122,29,415.000,346.000,7.000,4.000,1.0,1,1.0
123,29,418.000,346.000,6.000,4.000,1.0,1,1.0
124,29,420.000,346.000,7.000,4.000,1.0,1,1.0
125,29,423.000,345.000,6.000,5.000,1.0,1,1.0
126,29,425.000,345.000,6.000,5.000,1.0,1,1.0
127,29,427.000,346.000,6.000,4.000,1.0,1,1.0
128,29,428.000,346.000,6.000,4.000,1.0,1,1.0
129,29,430.000,346.000,6.000,4.000,1.0,1,1.0
130,29,432.000,345.000,5.000,5.000,1.0,1,1.0
131,29,434.000,345.000,5.000,4.000,1.0,1,1.0
132,29,435.000,345.000,5.000,5.000,1.0,1,1.0
133,29,436.000,345.000,4.000,4.000,1.0,1,1.0
134,29,436.000,345.000,5.000,4.000,1.0,1,1.0
135,29,436.000,346.000,5.000,5.000,1.0,1,1.0
136,29,436.000,345.000,5.000,5.000,1.0,1,1.0
137,29,437.000,345.000,5.000,4.000,1.0,1,1.0
138,29,437.000,343.000,5.000,5.000,1.0,1,1.0
139,29,437.000,342.000,5.000,5.000,1.0,1,1.0
140,29,436.000,341.000,5.000,5.000,1.0,1,1.0
141,29,435.000,340.000,6.000,5.000,1.0,1,1.0
142,29,434.000,340.000,6.000,5.000,1.0,1,1.0
143,29,434.000,340.000,6.000,5.000,1.0,1,1.0
144,29,434.000,340.000,5.000,5.000,1.0,1,1.0
145,29,433.000,341.000,7.000,5.000,1.0,1,1.0
146,29,432.000,342.000,7.000,6.000,1.0,1,1.0
147,29,431.000,343.000,6.000,6.000,1.0,1,1.0
148,29,430.000,344.000,6.000,6.000,1.0,1,1.0
149,29,429.000,345.000,7.000,7.000,1.0,1,1.0
150,29,428.000,347.000,7.000,6.000,1.0,1,1.0
151,29,427.000,348.000,7.000,6.000,1.0,1,1.0
152,29,427.000,350.000,6.000,6.000,1.0,1,1.0
153,29,427.000,352.000,6.000,8.000,1.0,1,1.0
154,29,427.000,352.000,6.000,8.000,1.0,1,1.0
155,29,428.000,352.000,5.000,8.000,1.0,1,1.0
156,29,428.000,352.000,5.000,9.000,1.0,1,1.0
157,29,428.000,352.000,5.000,9.000,1.0,1,1.0
158,29,428.000,352.000,5.000,9.000,1.0,1,1.0
159,29,428.000,352.000,5.000,9.000,1.0,1,1.0
160,29,428.000,352.000,5.000,9.000,1.0,1,1.0
161,29,428.000,352.000,6.000,8.000,1.0,1,1.0
162,29,428.000,352.000,6.000,8.000,1.0,1,1.0
163,29,428.000,352.000,6.000,8.000,1.0,1,1.0
164,29,427.000,352.000,7.000,8.000,1.0,1,1.0
165,29,422.000,345.000,5.000,6.000,1.0,1,1.0
166,29,402.000,323.000,7.000,6.000,1.0,1,1.0
167,29,377.000,317.000,5.000,8.000,1.0,1,1.0
168,29,377.000,317.000,4.000,8.000,1.0,1,1.0
169,29,377.000,317.000,4.000,8.000,1.0,1,1.0
170,29,377.000,316.000,5.000,7.000,1.0,1,1.0
171,29,377.000,314.000,4.000,8.000,1.0,1,1.0
172,29,377.000,312.000,4.000,8.000,1.0,1,1.0
173,29,377.000,310.000,5.000,8.000,1.0,1,1.0
174,29,377.000,308.000,4.000,8.000,1.0,1,1.0
175,29,377.000,307.000,4.000,8.000,1.0,1,1.0
176,29,377.000,307.000,4.000,7.000,1.0,1,1.0
177,29,377.000,306.000,5.000,8.000,1.0,1,1.0
178,29,377.000,306.000,5.000,8.000,1.0,1,1.0
179,29,376.000,306.000,5.000,8.000,1.0,1,1.0
180,29,377.000,306.000,5.000,8.000,1.0,1,1.0
181,29,377.000,306.000,4.000,8.000,1.0,1,1.0
182,29,377.000,306.000,5.000,8.000,1.0,1,1.0
183,29,377.000,306.000,5.000,8.000,1.0,1,1.0
184,29,377.000,306.000,4.000,8.000,1.0,1,1.0
185,29,377.000,305.000,5.000,9.000,1.0,1,1.0
186,29,377.000,305.000,5.000,9.000,1.0,1,1.0
187,29,377.000,305.000,4.000,9.000,1.0,1,1.0
188,29,377.000,305.000,4.000,8.000,1.0,1,1.0
189,29,377.000,304.000,4.000,8.000,1.0,1,1.0
190,29,376.000,302.000,5.000,8.000,1.0,1,1.0
191,29,375.000,300.000,5.000,8.000,1.0,1,1.0
192,29,375.000,299.000,4.000,7.000,1.0,1,1.0
193,29,374.000,297.000,5.000,8.000,1.0,1,1.0
194,29,374.000,296.000,4.000,7.000,1.0,1,1.0
195,29,373.000,295.000,4.000,7.000,1.0,1,1.0
196,29,372.000,293.000,5.000,6.000,1.0,1,1.0
197,29,372.000,291.000,4.000,6.000,1.0,1,1.0
198,29,372.000,290.000,4.000,6.000,1.0,1,1.0
199,29,371.000,288.000,4.000,6.000,1.0,1,1.0
200,29,371.000,287.000,4.000,6.000,1.0,1,1.0
201,29,371.000,285.000,5.000,6.000,1.0,1,1.0
202,29,371.000,283.000,5.000,6.000,1.0,1,1.0
203,29,371.000,280.000,5.000,7.000,1.0,1,1.0
204,29,371.000,278.000,5.000,7.000,1.0,1,1.0
205,29,372.000,275.000,5.000,8.000,1.0,1,1.0
206,29,372.000,273.000,6.000,8.000,1.0,1,1.0
207,29,373.000,271.000,5.000,7.000,1.0,1,1.0
208,29,374.000,270.000,5.000,6.000,1.0,1,1.0
209,29,375.000,268.000,6.000,6.000,1.0,1,1.0
210,29,376.000,266.000,6.000,6.000,1.0,1,1.0
211,29,378.000,264.000,6.000,6.000,1.0,1,1.0
212,29,379.000,262.000,7.000,6.000,1.0,1,1.0
213,29,381.000,259.000,7.000,7.000,1.0,1,1.0
214,29,382.000,258.000,7.000,7.000,1.0,1,1.0
215,29,383.000,257.000,6.000,7.000,1.0,1,1.0
216,29,383.000,257.000,6.000,7.000,1.0,1,1.0
217,29,384.000,255.000,6.000,6.000,1.0,1,1.0
218,29,385.000,253.000,7.000,6.000,1.0,1,1.0
219,29,387.000,250.000,6.000,7.000,1.0,1,1.0
220,29,389.000,248.000,6.000,7.000,1.0,1,1.0
221,29,390.000,245.000,7.000,7.000,1.0,1,1.0
222,29,391.000,243.000,6.000,7.000,1.0,1,1.0
223,29,391.000,242.000,5.000,8.000,1.0,1,1.0
224,29,390.000,242.000,4.000,8.000,1.0,1,1.0
225,29,389.000,239.000,5.000,9.000,1.0,1,1.0
226,29,389.000,238.000,4.000,9.000,1.0,1,1.0
227,29,389.000,238.000,4.000,9.000,1.0,1,1.0
228,29,388.000,237.000,4.000,9.000,1.0,1,1.0
229,29,386.000,235.000,6.000,8.000,1.0,1,1.0
230,29,385.000,235.000,5.000,7.000,1.0,1,1.0
231,29,383.000,233.000,5.000,8.000,1.0,1,1.0
232,29,382.000,231.000,5.000,8.000,1.0,1,1.0
233,29,380.000,229.000,5.000,8.000,1.0,1,1.0
234,29,379.000,228.000,5.000,7.000,1.0,1,1.0
235,29,378.000,226.000,5.000,7.000,1.0,1,1.0
236,29,377.000,225.000,5.000,7.000,1.0,1,1.0
237,29,376.000,224.000,6.000,7.000,1.0,1,1.0
238,29,376.000,223.000,6.000,7.000,1.0,1,1.0
239,29,375.000,221.000,5.000,8.000,1.0,1,1.0
240,29,374.000,220.000,5.000,7.000,1.0,1,1.0
241,29,373.000,218.000,5.000,7.000,1.0,1,1.0
242,29,372.000,216.000,5.000,7.000,1.0,1,1.0
243,29,372.000,215.000,5.000,6.000,1.0,1,1.0
244,29,371.000,213.000,5.000,6.000,1.0,1,1.0
245,29,371.000,211.000,5.000,6.000,1.0,1,1.0
246,29,370.000,210.000,5.000,5.000,1.0,1,1.0
247,29,371.000,209.000,4.000,5.000,1.0,1,1.0
248,29,371.000,208.000,4.000,5.000,1.0,1,1.0
249,29,371.000,207.000,5.000,5.000,1.0,1,1.0
250,29,371.000,206.000,5.000,5.000,1.0,1,1.0
251,29,372.000,205.000,5.000,5.000,1.0,1,1.0
252,29,373.000,205.000,5.000,5.000,1.0,1,1.0
253,29,374.000,205.000,6.000,4.000,1.0,1,1.0
254,29,375.000,204.000,6.000,5.000,1.0,1,1.0
255,29,376.000,204.000,6.000,5.000,1.0,1,1.0
256,29,377.000,203.000,6.000,5.000,1.0,1,1.0
257,29,378.000,203.000,6.000,5.000,1.0,1,1.0
258,29,379.000,201.000,6.000,6.000,1.0,1,1.0
259,29,380.000,198.000,6.000,7.000,1.0,1,1.0
260,29,382.000,196.000,5.000,7.000,1.0,1,1.0
261,29,383.000,195.000,6.000,6.000,1.0,1,1.0
262,29,385.000,194.000,7.000,5.000,1.0,1,1.0
263,29,387.000,192.000,7.000,5.000,1.0,1,1.0
264,29,390.000,191.000,6.000,5.000,1.0,1,1.0
265,29,392.000,189.000,6.000,6.000,1.0,1,1.0
266,29,393.000,187.000,7.000,6.000,1.0,1,1.0
267,29,395.000,185.000,6.000,6.000,1.0,1,1.0
268,29,396.000,183.000,7.000,6.000,1.0,1,1.0
269,29,398.000,181.000,7.000,7.000,1.0,1,1.0
270,29,400.000,179.000,6.000,7.000,1.0,1,1.0
271,29,401.000,176.000,5.000,9.000,1.0,1,1.0
272,29,401.000,173.000,5.000,9.000,1.0,1,1.0
273,29,401.000,170.000,4.000,9.000,1.0,1,1.0
274,29,401.000,167.000,4.000,9.000,1.0,1,1.0
275,29,400.000,165.000,4.000,9.000,1.0,1,1.0
276,29,400.000,162.000,4.000,9.000,1.0,1,1.0
277,29,399.000,158.000,4.000,9.000,1.0,1,1.0
278,29,399.000,155.000,4.000,9.000,1.0,1,1.0
279,29,398.000,151.000,5.000,9.000,1.0,1,1.0
280,29,398.000,148.000,4.000,9.000,1.0,1,1.0
281,29,398.000,145.000,4.000,9.000,1.0,1,1.0
282,29,397.000,142.000,4.000,9.000,1.0,1,1.0
283,29,397.000,139.000,4.000,9.000,1.0,1,1.0
284,29,396.000,135.000,4.000,9.000,1.0,1,1.0
285,29,396.000,133.000,4.000,9.000,1.0,1,1.0
286,29,396.000,132.000,4.000,9.000,1.0,1,1.0
287,29,395.000,131.000,5.000,9.000,1.0,1,1.0
288,29,395.000,130.000,4.000,9.000,1.0,1,1.0
289,29,394.000,129.000,5.000,8.000,1.0,1,1.0
290,29,392.000,128.000,5.000,7.000,1.0,1,1.0
291,29,390.000,127.000,6.000,6.000,1.0,1,1.0
292,29,388.000,125.000,6.000,7.000,1.0,1,1.0
293,29,387.000,123.000,6.000,7.000,1.0,1,1.0
294,29,388.000,121.000,4.000,8.000,1.0,1,1.0
295,29,389.000,118.000,4.000,9.000,1.0,1,1.0
296,29,389.000,116.000,5.000,9.000,1.0,1,1.0
297,29,390.000,113.000,5.000,9.000,1.0,1,1.0
298,29,391.000,110.000,5.000,9.000,1.0,1,1.0
299,29,392.000,108.000,4.000,9.000,1.0,1,1.0
300,29,392.000,106.000,5.000,8.000,1.0,1,1.0
301,29,392.000,104.000,4.000,10.000,1.0,1,1.0
302,29,392.000,103.000,4.000,8.000,1.0,1,1.0
303,29,392.000,102.000,5.000,8.000,1.0,1,1.0
304,29,392.000,102.000,5.000,5.000,1.0,1,1.0
314,29,392.000,67.000,4.000,6.000,1.0,1,1.0
315,29,392.000,64.000,5.000,8.000,1.0,1,1.0
316,29,392.000,60.000,5.000,9.000,1.0,1,1.0
317,29,393.000,57.000,4.000,9.000,1.0,1,1.0
318,29,393.000,54.000,5.000,9.000,1.0,1,1.0
319,29,394.000,51.000,4.000,9.000,1.0,1,1.0
320,29,394.000,47.000,5.000,9.000,1.0,1,1.0
321,29,394.000,44.000,4.000,9.000,1.0,1,1.0
322,29,395.000,40.000,4.000,9.000,1.0,1,1.0
323,29,395.000,37.000,4.000,9.000,1.0,1,1.0
324,29,396.000,34.000,4.000,9.000,1.0,1,1.0
325,29,396.000,31.000,4.000,9.000,1.0,1,1.0
326,29,396.000,28.000,4.000,9.000,1.0,1,1.0
327,29,396.000,25.000,4.000,9.000,1.0,1,1.0
328,29,396.000,23.000,4.000,8.000,1.0,1,1.0
329,29,395.000,23.000,5.000,8.000,1.0,1,1.0
330,29,395.000,23.000,5.000,8.000,1.0,1,1.0
331,29,396.000,22.000,5.000,8.000,1.0,1,1.0
332,29,397.000,20.000,5.000,8.000,1.0,1,1.0
333,29,397.000,20.000,5.000,8.000,1.0,1,1.0
334,29,398.000,19.000,5.000,8.000,1.0,1,1.0
335,29,398.000,16.000,5.000,10.000,1.0,1,1.0
336,29,399.000,15.000,4.000,9.000,1.0,1,1.0
337,29,399.000,14.000,4.000,8.000,1.0,1,1.0
338,29,398.000,14.000,5.000,6.000,1.0,1,1.0
339,29,397.000,14.000,6.000,5.000,1.0,1,1.0
1,17,181.000,440.000,5.000,5.000,1.0,1,1.0
2,17,181.000,440.000,5.000,5.000,1.0,1,1.0
3,17,180.000,440.000,5.000,5.000,1.0,1,1.0
4,17,180.000,440.000,5.000,5.000,1.0,1,1.0
5,17,180.000,439.000,8.000,7.000,1.0,1,1.0
6,17,180.000,440.000,8.000,6.000,1.0,1,1.0
7,17,178.000,439.000,10.000,6.000,1.0,1,1.0
8,17,182.000,438.000,6.000,6.000,1.0,1,1.0
9,17,182.000,439.000,6.000,6.000,1.0,1,1.0
10,17,182.000,440.000,6.000,5.000,1.0,1,1.0
11,17,183.000,441.000,6.000,4.000,1.0,1,1.0
12,17,183.000,441.000,6.000,4.000,1.0,1,1.0
13,17,183.000,441.000,6.000,4.000,1.0,1,1.0
14,17,183.000,441.000,6.000,4.000,1.0,1,1.0
15,17,183.000,441.000,6.000,4.000,1.0,1,1.0
16,17,183.000,440.000,6.000,5.000,1.0,1,1.0
17,17,183.000,440.000,5.000,5.000,1.0,1,1.0
18,17,183.000,440.000,5.000,5.000,1.0,1,1.0
19,17,183.000,440.000,5.000,5.000,1.0,1,1.0
20,17,183.000,440.000,5.000,5.000,1.0,1,1.0
21,17,183.000,439.000,6.000,6.000,1.0,1,1.0
22,17,184.000,440.000,4.000,5.000,1.0,1,1.0
23,17,184.000,440.000,4.000,4.000,1.0,1,1.0
24,17,184.000,440.000,4.000,4.000,1.0,1,1.0
25,17,183.000,440.000,5.000,4.000,1.0,1,1.0
26,17,184.000,439.000,7.000,7.000,1.0,1,1.0
27,17,184.000,439.000,7.000,7.000,1.0,1,1.0
28,17,184.000,439.000,7.000,7.000,1.0,1,1.0
29,17,183.000,439.000,8.000,6.000,1.0,1,1.0
30,17,183.000,439.000,8.000,7.000,1.0,1,1.0
31,17,182.000,439.000,9.000,6.000,1.0,1,1.0
32,17,182.000,439.000,8.000,5.000,1.0,1,1.0
33,17,182.000,440.000,8.000,5.000,1.0,1,1.0
34,17,182.000,440.000,7.000,5.000,1.0,1,1.0
35,17,182.000,439.000,7.000,6.000,1.0,1,1.0
36,17,182.000,439.000,7.000,6.000,1.0,1,1.0
37,17,182.000,440.000,7.000,4.000,1.0,1,1.0
38,17,182.000,439.000,7.000,6.000,1.0,1,1.0
39,17,182.000,439.000,7.000,6.000,1.0,1,1.0
40,17,182.000,440.000,7.000,6.000,1.0,1,1.0
41,17,181.000,440.000,8.000,5.000,1.0,1,1.0
42,17,180.000,439.000,9.000,6.000,1.0,1,1.0
43,17,180.000,440.000,9.000,5.000,1.0,1,1.0
44,17,179.000,439.000,9.000,5.000,1.0,1,1.0
45,17,179.000,439.000,8.000,5.000,1.0,1,1.0
46,17,178.000,439.000,7.000,5.000,1.0,1,1.0
48,17,179.000,439.000,10.000,6.000,1.0,1,1.0
49,17,179.000,439.000,10.000,6.000,1.0,1,1.0
50,17,179.000,439.000,10.000,6.000,1.0,1,1.0
51,17,181.000,439.000,8.000,7.000,1.0,1,1.0
52,17,183.000,440.000,6.000,5.000,1.0,1,1.0
53,17,183.000,440.000,6.000,5.000,1.0,1,1.0
54,17,185.000,432.000,5.000,8.000,1.0,1,1.0
55,17,183.000,440.000,7.000,7.000,1.0,1,1.0
56,17,183.000,440.000,7.000,5.000,1.0,1,1.0
57,17,183.000,440.000,7.000,5.000,1.0,1,1.0
58,17,184.000,440.000,7.000,5.000,1.0,1,1.0
59,17,184.000,440.000,7.000,5.000,1.0,1,1.0
60,17,183.000,440.000,8.000,5.000,1.0,1,1.0
61,17,184.000,440.000,7.000,4.000,1.0,1,1.0
62,17,183.000,440.000,8.000,5.000,1.0,1,1.0
63,17,184.000,440.000,7.000,5.000,1.0,1,1.0
64,17,184.000,440.000,7.000,5.000,1.0,1,1.0
65,17,184.000,440.000,7.000,5.000,1.0,1,1.0
66,17,184.000,440.000,6.000,5.000,1.0,1,1.0
67,17,183.000,441.000,7.000,5.000,1.0,1,1.0
68,17,183.000,441.000,7.000,4.000,1.0,1,1.0
69,17,184.000,441.000,6.000,4.000,1.0,1,1.0
70,17,183.000,440.000,6.000,5.000,1.0,1,1.0
71,17,183.000,440.000,6.000,5.000,1.0,1,1.0
72,17,184.000,440.000,5.000,5.000,1.0,1,1.0
73,17,184.000,439.000,4.000,6.000,1.0,1,1.0
74,17,183.000,440.000,5.000,4.000,1.0,1,1.0
75,17,182.000,440.000,5.000,4.000,1.0,1,1.0
76,17,181.000,440.000,5.000,4.000,1.0,1,1.0
77,17,178.000,440.000,6.000,4.000,1.0,1,1.0
79,17,177.000,440.000,5.000,4.000,1.0,1,1.0
80,17,176.000,441.000,6.000,4.000,1.0,1,1.0
81,17,175.000,441.000,6.000,4.000,1.0,1,1.0
82,17,175.000,441.000,6.000,5.000,1.0,1,1.0
83,17,174.000,441.000,6.000,4.000,1.0,1,1.0
84,17,173.000,441.000,6.000,5.000,1.0,1,1.0
85,17,174.000,442.000,5.000,4.000,1.0,1,1.0
86,17,173.000,442.000,6.000,4.000,1.0,1,1.0
87,17,174.000,441.000,5.000,5.000,1.0,1,1.0
88,17,173.000,441.000,6.000,5.000,1.0,1,1.0
89,17,174.000,440.000,6.000,6.000,1.0,1,1.0
90,17,174.000,440.000,6.000,6.000,1.0,1,1.0
91,17,174.000,440.000,6.000,6.000,1.0,1,1.0
92,17,173.000,441.000,6.000,5.000,1.0,1,1.0
93,17,172.000,440.000,6.000,6.000,1.0,1,1.0
94,17,173.000,440.000,6.000,5.000,1.0,1,1.0
95,17,173.000,439.000,6.000,6.000,1.0,1,1.0
96,17,174.000,439.000,5.000,6.000,1.0,1,1.0
97,17,174.000,437.000,5.000,8.000,1.0,1,1.0
98,17,175.000,438.000,6.000,7.000,1.0,1,1.0
99,17,172.000,440.000,8.000,7.000,1.0,1,1.0
100,17,173.000,439.000,8.000,8.000,1.0,1,1.0
101,17,173.000,440.000,8.000,8.000,1.0,1,1.0
102,17,173.000,440.000,7.000,9.000,1.0,1,1.0
104,17,174.000,440.000,7.000,5.000,1.0,1,1.0
105,17,173.000,440.000,8.000,5.000,1.0,1,1.0
106,17,173.000,440.000,7.000,6.000,1.0,1,1.0
107,17,173.000,440.000,8.000,6.000,1.0,1,1.0
108,17,175.000,439.000,10.000,6.000,1.0,1,1.0
109,17,177.000,440.000,8.000,5.000,1.0,1,1.0
110,17,176.000,439.000,9.000,5.000,1.0,1,1.0
111,17,175.000,439.000,10.000,5.000,1.0,1,1.0
112,17,174.000,439.000,12.000,5.000,1.0,1,1.0
113,17,172.000,439.000,8.000,5.000,1.0,1,1.0
114,17,172.000,439.000,6.000,5.000,1.0,1,1.0
115,17,171.000,439.000,5.000,5.000,1.0,1,1.0
116,17,170.000,439.000,5.000,5.000,1.0,1,1.0
117,17,170.000,439.000,5.000,5.000,1.0,1,1.0
118,17,168.000,439.000,6.000,5.000,1.0,1,1.0
119,17,167.000,438.000,6.000,5.000,1.0,1,1.0
120,17,167.000,438.000,5.000,5.000,1.0,1,1.0
121,17,166.000,438.000,5.000,5.000,1.0,1,1.0
122,17,165.000,438.000,5.000,5.000,1.0,1,1.0
123,17,163.000,438.000,6.000,5.000,1.0,1,1.0
124,17,161.000,437.000,7.000,6.000,1.0,1,1.0
125,17,157.000,438.000,9.000,6.000,1.0,1,1.0
126,17,155.000,438.000,8.000,6.000,1.0,1,1.0
127,17,154.000,438.000,8.000,6.000,1.0,1,1.0
128,17,152.000,437.000,8.000,6.000,1.0,1,1.0
129,17,152.000,437.000,8.000,6.000,1.0,1,1.0
130,17,152.000,436.000,8.000,6.000,1.0,1,1.0
131,17,152.000,435.000,7.000,7.000,1.0,1,1.0
132,17,152.000,437.000,7.000,6.000,1.0,1,1.0
133,17,151.000,438.000,9.000,6.000,1.0,1,1.0
134,17,150.000,438.000,9.000,6.000,1.0,1,1.0
135,17,150.000,439.000,8.000,5.000,1.0,1,1.0
136,17,150.000,439.000,7.000,6.000,1.0,1,1.0
137,17,150.000,440.000,6.000,5.000,1.0,1,1.0
138,17,150.000,440.000,6.000,6.000,1.0,1,1.0
143,17,155.000,439.000,6.000,6.000,1.0,1,1.0
145,17,152.000,439.000,7.000,6.000,1.0,1,1.0
146,17,154.000,440.000,6.000,5.000,1.0,1,1.0
147,17,154.000,440.000,6.000,5.000,1.0,1,1.0
151,17,155.000,443.000,6.000,6.000,1.0,1,1.0
152,17,142.000,432.000,8.000,8.000,1.0,1,1.0
153,17,136.000,424.000,5.000,6.000,1.0,1,1.0
154,17,134.000,441.000,5.000,5.000,1.0,1,1.0
159,17,129.000,439.000,7.000,6.000,1.0,1,1.0
160,17,130.000,439.000,6.000,6.000,1.0,1,1.0
161,17,130.000,439.000,6.000,6.000,1.0,1,1.0
162,17,129.000,439.000,7.000,6.000,1.0,1,1.0
163,17,129.000,439.000,7.000,6.000,1.0,1,1.0
164,17,128.000,439.000,8.000,6.000,1.0,1,1.0
165,17,129.000,439.000,7.000,7.000,1.0,1,1.0
166,17,128.000,439.000,8.000,7.000,1.0,1,1.0
167,17,128.000,439.000,8.000,7.000,1.0,1,1.0
168,17,129.000,439.000,7.000,7.000,1.0,1,1.0
169,17,128.000,439.000,8.000,7.000,1.0,1,1.0
170,17,128.000,439.000,8.000,7.000,1.0,1,1.0
171,17,128.000,439.000,8.000,7.000,1.0,1,1.0
172,17,128.000,439.000,9.000,6.000,1.0,1,1.0
173,17,128.000,439.000,9.000,7.000,1.0,1,1.0
174,17,128.000,439.000,9.000,7.000,1.0,1,1.0
175,17,128.000,439.000,9.000,7.000,1.0,1,1.0
176,17,128.000,439.000,9.000,7.000,1.0,1,1.0
177,17,128.000,439.000,9.000,7.000,1.0,1,1.0
178,17,128.000,439.000,9.000,7.000,1.0,1,1.0
179,17,128.000,439.000,9.000,7.000,1.0,1,1.0
180,17,128.000,439.000,9.000,7.000,1.0,1,1.0
181,17,128.000,439.000,9.000,7.000,1.0,1,1.0
182,17,128.000,439.000,9.000,7.000,1.0,1,1.0
183,17,129.000,439.000,8.000,7.000,1.0,1,1.0
184,17,129.000,439.000,8.000,7.000,1.0,1,1.0
185,17,129.000,439.000,8.000,7.000,1.0,1,1.0
186,17,129.000,439.000,8.000,7.000,1.0,1,1.0
187,17,129.000,439.000,8.000,6.000,1.0,1,1.0
188,17,129.000,439.000,8.000,6.000,1.0,1,1.0
189,17,129.000,439.000,8.000,6.000,1.0,1,1.0
190,17,129.000,439.000,8.000,7.000,1.0,1,1.0
191,17,129.000,439.000,8.000,7.000,1.0,1,1.0
192,17,129.000,439.000,7.000,7.000,1.0,1,1.0
193,17,129.000,439.000,7.000,7.000,1.0,1,1.0
194,17,129.000,439.000,7.000,7.000,1.0,1,1.0
195,17,129.000,439.000,8.000,7.000,1.0,1,1.0
196,17,129.000,439.000,8.000,7.000,1.0,1,1.0
197,17,129.000,439.000,8.000,7.000,1.0,1,1.0
198,17,129.000,439.000,7.000,7.000,1.0,1,1.0
199,17,129.000,439.000,7.000,7.000,1.0,1,1.0
200,17,129.000,439.000,7.000,7.000,1.0,1,1.0
201,17,128.000,439.000,8.000,7.000,1.0,1,1.0
202,17,129.000,440.000,7.000,6.000,1.0,1,1.0
203,17,130.000,440.000,7.000,7.000,1.0,1,1.0
204,17,129.000,440.000,7.000,7.000,1.0,1,1.0
205,17,129.000,439.000,7.000,7.000,1.0,1,1.0
207,17,130.000,440.000,6.000,6.000,1.0,1,1.0
208,17,130.000,440.000,7.000,6.000,1.0,1,1.0
209,17,131.000,439.000,6.000,7.000,1.0,1,1.0
210,17,130.000,440.000,7.000,6.000,1.0,1,1.0
211,17,130.000,440.000,6.000,6.000,1.0,1,1.0
212,17,130.000,440.000,6.000,6.000,1.0,1,1.0
213,17,130.000,439.000,6.000,6.000,1.0,1,1.0
214,17,129.000,439.000,6.000,6.000,1.0,1,1.0
215,17,129.000,439.000,6.000,6.000,1.0,1,1.0
216,17,130.000,439.000,5.000,6.000,1.0,1,1.0
217,17,130.000,439.000,6.000,6.000,1.0,1,1.0
218,17,130.000,439.000,7.000,6.000,1.0,1,1.0
219,17,130.000,439.000,8.000,6.000,1.0,1,1.0
220,17,131.000,439.000,7.000,6.000,1.0,1,1.0
221,17,130.000,439.000,9.000,6.000,1.0,1,1.0
222,17,131.000,439.000,8.000,6.000,1.0,1,1.0
223,17,131.000,439.000,8.000,5.000,1.0,1,1.0
224,17,131.000,439.000,8.000,6.000,1.0,1,1.0
225,17,132.000,439.000,8.000,6.000,1.0,1,1.0
226,17,133.000,440.000,8.000,5.000,1.0,1,1.0
227,17,134.000,439.000,7.000,6.000,1.0,1,1.0
228,17,134.000,439.000,7.000,5.000,1.0,1,1.0
229,17,134.000,439.000,6.000,5.000,1.0,1,1.0
230,17,134.000,439.000,7.000,5.000,1.0,1,1.0
231,17,134.000,439.000,7.000,5.000,1.0,1,1.0
232,17,134.000,439.000,7.000,5.000,1.0,1,1.0
233,17,134.000,439.000,7.000,5.000,1.0,1,1.0
234,17,135.000,439.000,6.000,5.000,1.0,1,1.0
235,17,140.000,415.000,4.000,11.000,1.0,1,1.0
236,17,140.000,373.000,8.000,9.000,1.0,1,1.0
237,17,154.000,370.000,5.000,7.000,1.0,1,1.0
238,17,161.000,388.000,6.000,5.000,1.0,1,1.0
239,17,139.000,397.000,7.000,6.000,1.0,1,1.0
240,17,127.000,378.000,4.000,8.000,1.0,1,1.0
241,17,124.000,362.000,5.000,5.000,1.0,1,1.0
242,17,126.000,357.000,8.000,5.000,1.0,1,1.0
243,17,126.000,360.000,7.000,6.000,1.0,1,1.0
244,17,127.000,378.000,5.000,6.000,1.0,1,1.0
245,17,124.000,376.000,6.000,6.000,1.0,1,1.0
246,17,125.000,377.000,5.000,4.000,1.0,1,1.0
247,17,124.000,377.000,6.000,4.000,1.0,1,1.0
248,17,124.000,377.000,6.000,4.000,1.0,1,1.0
249,17,124.000,377.000,5.000,4.000,1.0,1,1.0
250,17,124.000,377.000,5.000,5.000,1.0,1,1.0
251,17,124.000,377.000,5.000,5.000,1.0,1,1.0
252,17,124.000,377.000,4.000,5.000,1.0,1,1.0
253,17,124.000,377.000,4.000,5.000,1.0,1,1.0
254,17,124.000,377.000,4.000,5.000,1.0,1,1.0
255,17,124.000,377.000,4.000,5.000,1.0,1,1.0
256,17,124.000,377.000,4.000,5.000,1.0,1,1.0
257,17,123.000,377.000,5.000,5.000,1.0,1,1.0
258,17,124.000,377.000,4.000,5.000,1.0,1,1.0
259,17,124.000,378.000,4.000,4.000,1.0,1,1.0
260,17,124.000,377.000,4.000,5.000,1.0,1,1.0
261,17,124.000,378.000,4.000,5.000,1.0,1,1.0
262,17,124.000,378.000,4.000,6.000,1.0,1,1.0
263,17,123.000,378.000,5.000,6.000,1.0,1,1.0
264,17,123.000,378.000,5.000,5.000,1.0,1,1.0
265,17,123.000,378.000,4.000,6.000,1.0,1,1.0
266,17,123.000,378.000,4.000,6.000,1.0,1,1.0
267,17,123.000,377.000,4.000,6.000,1.0,1,1.0
268,17,125.000,377.000,5.000,5.000,1.0,1,1.0
269,17,136.000,374.000,6.000,5.000,1.0,1,1.0
270,17,129.000,384.000,5.000,6.000,1.0,1,1.0
271,17,141.000,402.000,9.000,6.000,1.0,1,1.0
274,17,167.000,440.000,7.000,4.000,1.0,1,1.0
275,17,171.000,440.000,6.000,6.000,1.0,1,1.0
276,17,170.000,441.000,6.000,5.000,1.0,1,1.0
277,17,170.000,441.000,6.000,5.000,1.0,1,1.0
278,17,170.000,440.000,5.000,6.000,1.0,1,1.0
279,17,169.000,440.000,6.000,6.000,1.0,1,1.0
280,17,169.000,440.000,6.000,6.000,1.0,1,1.0
281,17,170.000,440.000,5.000,6.000,1.0,1,1.0
282,17,169.000,440.000,6.000,6.000,1.0,1,1.0
283,17,170.000,440.000,6.000,6.000,1.0,1,1.0
284,17,170.000,439.000,6.000,7.000,1.0,1,1.0
285,17,170.000,439.000,6.000,7.000,1.0,1,1.0
286,17,170.000,439.000,5.000,7.000,1.0,1,1.0
287,17,170.000,440.000,4.000,6.000,1.0,1,1.0
288,17,170.000,439.000,4.000,7.000,1.0,1,1.0
289,17,169.000,439.000,5.000,7.000,1.0,1,1.0
290,17,169.000,439.000,6.000,6.000,1.0,1,1.0
291,17,169.000,439.000,6.000,6.000,1.0,1,1.0
292,17,170.000,439.000,5.000,6.000,1.0,1,1.0
293,17,170.000,439.000,5.000,7.000,1.0,1,1.0
294,17,170.000,439.000,5.000,7.000,1.0,1,1.0
295,17,170.000,439.000,5.000,7.000,1.0,1,1.0
296,17,170.000,439.000,5.000,7.000,1.0,1,1.0
297,17,170.000,438.000,5.000,8.000,1.0,1,1.0
298,17,170.000,438.000,5.000,8.000,1.0,1,1.0
299,17,170.000,438.000,5.000,8.000,1.0,1,1.0
300,17,170.000,438.000,5.000,7.000,1.0,1,1.0
301,17,169.000,439.000,6.000,6.000,1.0,1,1.0
302,17,169.000,439.000,6.000,6.000,1.0,1,1.0
303,17,169.000,440.000,7.000,6.000,1.0,1,1.0
304,17,169.000,440.000,6.000,6.000,1.0,1,1.0
305,17,169.000,440.000,6.000,6.000,1.0,1,1.0
306,17,169.000,440.000,7.000,6.000,1.0,1,1.0
307,17,169.000,441.000,7.000,5.000,1.0,1,1.0
308,17,169.000,441.000,7.000,5.000,1.0,1,1.0
309,17,169.000,441.000,6.000,5.000,1.0,1,1.0
310,17,168.000,441.000,6.000,5.000,1.0,1,1.0
311,17,168.000,441.000,6.000,5.000,1.0,1,1.0
316,17,160.000,442.000,9.000,6.000,1.0,1,1.0
317,17,159.000,442.000,9.000,6.000,1.0,1,1.0
318,17,157.000,442.000,8.000,5.000,1.0,1,1.0
319,17,157.000,441.000,6.000,4.000,1.0,1,1.0
321,17,156.000,440.000,7.000,4.000,1.0,1,1.0
322,17,155.000,440.000,8.000,5.000,1.0,1,1.0
323,17,154.000,440.000,8.000,5.000,1.0,1,1.0
324,17,153.000,440.000,8.000,4.000,1.0,1,1.0
325,17,152.000,440.000,8.000,4.000,1.0,1,1.0
326,17,151.000,440.000,8.000,4.000,1.0,1,1.0
327,17,151.000,440.000,7.000,4.000,1.0,1,1.0
328,17,149.000,440.000,8.000,5.000,1.0,1,1.0
329,17,149.000,440.000,8.000,5.000,1.0,1,1.0
330,17,149.000,440.000,8.000,5.000,1.0,1,1.0
331,17,149.000,440.000,8.000,5.000,1.0,1,1.0
332,17,149.000,441.000,8.000,4.000,1.0,1,1.0
333,17,149.000,440.000,8.000,4.000,1.0,1,1.0
334,17,146.000,436.000,9.000,9.000,1.0,1,1.0
335,17,140.000,439.000,8.000,5.000,1.0,1,1.0
336,17,140.000,440.000,9.000,5.000,1.0,1,1.0
337,17,140.000,440.000,9.000,5.000,1.0,1,1.0
338,17,141.000,440.000,11.000,5.000,1.0,1,1.0
339,17,140.000,440.000,11.000,6.000,1.0,1,1.0
340,17,141.000,440.000,11.000,6.000,1.0,1,1.0
341,17,142.000,440.000,11.000,6.000,1.0,1,1.0
342,17,144.000,440.000,9.000,6.000,1.0,1,1.0
346,17,143.000,441.000,11.000,5.000,1.0,1,1.0
347,17,144.000,441.000,10.000,6.000,1.0,1,1.0
348,17,144.000,441.000,10.000,7.000,1.0,1,1.0
349,17,144.000,442.000,10.000,6.000,1.0,1,1.0
350,17,144.000,442.000,10.000,6.000,1.0,1,1.0
351,17,144.000,442.000,10.000,7.000,1.0,1,1.0
352,17,143.000,443.000,10.000,6.000,1.0,1,1.0
353,17,143.000,443.000,9.000,6.000,1.0,1,1.0
354,17,144.000,441.000,9.000,7.000,1.0,1,1.0
355,17,144.000,443.000,8.000,6.000,1.0,1,1.0
356,17,144.000,443.000,8.000,6.000,1.0,1,1.0
357,17,144.000,443.000,8.000,6.000,1.0,1,1.0
358,17,144.000,442.000,8.000,6.000,1.0,1,1.0
359,17,144.000,441.000,8.000,6.000,1.0,1,1.0
360,17,145.000,441.000,7.000,6.000,1.0,1,1.0
361,17,144.000,441.000,6.000,5.000,1.0,1,1.0
362,17,145.000,441.000,8.000,6.000,1.0,1,1.0
363,17,146.000,438.000,9.000,6.000,1.0,1,1.0
1,30,413.000,440.000,5.000,5.000,1.0,1,1.0
2,30,413.000,440.000,4.000,5.000,1.0,1,1.0
3,30,413.000,440.000,5.000,5.000,1.0,1,1.0
4,30,413.000,440.000,5.000,5.000,1.0,1,1.0
5,30,413.000,440.000,5.000,5.000,1.0,1,1.0
6,30,413.000,440.000,5.000,5.000,1.0,1,1.0
7,30,413.000,440.000,5.000,5.000,1.0,1,1.0
8,30,411.000,440.000,7.000,5.000,1.0,1,1.0
9,30,410.000,440.000,6.000,4.000,1.0,1,1.0
16,30,398.000,441.000,7.000,5.000,1.0,1,1.0
17,30,398.000,441.000,7.000,5.000,1.0,1,1.0
18,30,398.000,441.000,6.000,5.000,1.0,1,1.0
19,30,399.000,441.000,6.000,5.000,1.0,1,1.0
20,30,400.000,441.000,5.000,5.000,1.0,1,1.0
21,30,400.000,441.000,5.000,5.000,1.0,1,1.0
22,30,401.000,442.000,5.000,5.000,1.0,1,1.0
23,30,400.000,443.000,6.000,5.000,1.0,1,1.0
24,30,400.000,442.000,6.000,5.000,1.0,1,1.0
25,30,400.000,440.000,6.000,6.000,1.0,1,1.0
26,30,401.000,441.000,6.000,6.000,1.0,1,1.0
27,30,402.000,439.000,5.000,8.000,1.0,1,1.0
28,30,403.000,438.000,4.000,9.000,1.0,1,1.0
29,30,403.000,436.000,5.000,10.000,1.0,1,1.0
30,30,404.000,434.000,4.000,9.000,1.0,1,1.0
31,30,404.000,431.000,4.000,9.000,1.0,1,1.0
32,30,404.000,428.000,4.000,10.000,1.0,1,1.0
33,30,404.000,426.000,4.000,9.000,1.0,1,1.0
34,30,403.000,424.000,5.000,9.000,1.0,1,1.0
35,30,403.000,421.000,4.000,10.000,1.0,1,1.0
36,30,402.000,419.000,5.000,9.000,1.0,1,1.0
37,30,402.000,418.000,4.000,9.000,1.0,1,1.0
38,30,402.000,415.000,4.000,9.000,1.0,1,1.0
39,30,401.000,415.000,5.000,9.000,1.0,1,1.0
40,30,402.000,414.000,4.000,10.000,1.0,1,1.0
41,30,403.000,412.000,4.000,10.000,1.0,1,1.0
42,30,404.000,411.000,5.000,10.000,1.0,1,1.0
43,30,405.000,409.000,4.000,10.000,1.0,1,1.0
44,30,405.000,408.000,5.000,9.000,1.0,1,1.0
45,30,406.000,406.000,5.000,10.000,1.0,1,1.0
46,30,407.000,404.000,5.000,10.000,1.0,1,1.0
47,30,407.000,402.000,5.000,10.000,1.0,1,1.0
48,30,408.000,401.000,5.000,9.000,1.0,1,1.0
49,30,408.000,399.000,5.000,9.000,1.0,1,1.0
50,30,407.000,397.000,5.000,10.000,1.0,1,1.0
51,30,407.000,395.000,5.000,10.000,1.0,1,1.0
52,30,406.000,394.000,5.000,9.000,1.0,1,1.0
53,30,405.000,393.000,5.000,10.000,1.0,1,1.0
54,30,405.000,392.000,4.000,10.000,1.0,1,1.0
55,30,404.000,391.000,5.000,9.000,1.0,1,1.0
56,30,404.000,390.000,4.000,9.000,1.0,1,1.0
57,30,403.000,389.000,5.000,10.000,1.0,1,1.0
58,30,402.000,389.000,5.000,9.000,1.0,1,1.0
59,30,401.000,389.000,6.000,7.000,1.0,1,1.0
60,30,400.000,388.000,6.000,8.000,1.0,1,1.0
61,30,399.000,388.000,7.000,6.000,1.0,1,1.0
62,30,398.000,387.000,7.000,7.000,1.0,1,1.0
63,30,397.000,388.000,7.000,6.000,1.0,1,1.0
64,30,397.000,388.000,7.000,6.000,1.0,1,1.0
65,30,396.000,387.000,7.000,6.000,1.0,1,1.0
66,30,395.000,387.000,8.000,6.000,1.0,1,1.0
67,30,395.000,387.000,7.000,6.000,1.0,1,1.0
68,30,395.000,387.000,7.000,6.000,1.0,1,1.0
69,30,393.000,385.000,7.000,5.000,1.0,1,1.0
70,30,378.000,366.000,5.000,7.000,1.0,1,1.0
71,30,379.000,365.000,5.000,9.000,1.0,1,1.0
72,30,379.000,364.000,5.000,9.000,1.0,1,1.0
73,30,380.000,363.000,4.000,8.000,1.0,1,1.0
74,30,379.000,362.000,5.000,9.000,1.0,1,1.0
75,30,379.000,362.000,5.000,9.000,1.0,1,1.0
76,30,379.000,362.000,5.000,9.000,1.0,1,1.0
77,30,379.000,362.000,5.000,8.000,1.0,1,1.0
78,30,379.000,361.000,5.000,8.000,1.0,1,1.0
79,30,378.000,361.000,5.000,7.000,1.0,1,1.0
80,30,377.000,360.000,6.000,6.000,1.0,1,1.0
81,30,376.000,358.000,5.000,6.000,1.0,1,1.0
82,30,375.000,357.000,6.000,6.000,1.0,1,1.0
83,30,374.000,356.000,6.000,6.000,1.0,1,1.0
84,30,374.000,355.000,5.000,6.000,1.0,1,1.0
85,30,373.000,354.000,5.000,6.000,1.0,1,1.0
86,30,373.000,353.000,5.000,6.000,1.0,1,1.0
87,30,372.000,353.000,5.000,5.000,1.0,1,1.0
88,30,373.000,352.000,4.000,6.000,1.0,1,1.0
89,30,372.000,352.000,5.000,5.000,1.0,1,1.0
90,30,372.000,351.000,4.000,5.000,1.0,1,1.0
91,30,372.000,350.000,4.000,5.000,1.0,1,1.0
92,30,372.000,349.000,4.000,5.000,1.0,1,1.0
93,30,372.000,348.000,5.000,5.000,1.0,1,1.0
94,30,372.000,347.000,5.000,5.000,1.0,1,1.0
95,30,372.000,346.000,5.000,5.000,1.0,1,1.0
96,30,372.000,345.000,4.000,6.000,1.0,1,1.0
97,30,372.000,344.000,5.000,6.000,1.0,1,1.0
98,30,373.000,343.000,4.000,5.000,1.0,1,1.0
99,30,373.000,342.000,4.000,6.000,1.0,1,1.0
100,30,373.000,340.000,5.000,6.000,1.0,1,1.0
101,30,374.000,339.000,5.000,6.000,1.0,1,1.0
102,30,375.000,339.000,5.000,5.000,1.0,1,1.0
103,30,376.000,338.000,5.000,5.000,1.0,1,1.0
104,30,376.000,337.000,6.000,6.000,1.0,1,1.0
105,30,377.000,336.000,6.000,6.000,1.0,1,1.0
106,30,378.000,335.000,5.000,6.000,1.0,1,1.0
107,30,378.000,334.000,6.000,6.000,1.0,1,1.0
108,30,378.000,333.000,6.000,7.000,1.0,1,1.0
109,30,378.000,333.000,6.000,6.000,1.0,1,1.0
110,30,379.000,332.000,5.000,7.000,1.0,1,1.0
111,30,378.000,331.000,6.000,8.000,1.0,1,1.0
112,30,378.000,330.000,5.000,9.000,1.0,1,1.0
113,30,378.000,330.000,5.000,8.000,1.0,1,1.0
114,30,378.000,329.000,5.000,9.000,1.0,1,1.0
115,30,378.000,328.000,4.000,9.000,1.0,1,1.0
116,30,378.000,326.000,4.000,9.000,1.0,1,1.0
117,30,377.000,325.000,5.000,9.000,1.0,1,1.0
118,30,378.000,324.000,4.000,9.000,1.0,1,1.0
119,30,378.000,322.000,4.000,10.000,1.0,1,1.0
120,30,378.000,324.000,5.000,8.000,1.0,1,1.0
121,30,377.000,327.000,5.000,9.000,1.0,1,1.0
122,30,377.000,326.000,4.000,9.000,1.0,1,1.0
123,30,377.000,325.000,4.000,10.000,1.0,1,1.0
124,30,376.000,325.000,5.000,9.000,1.0,1,1.0
125,30,376.000,324.000,5.000,10.000,1.0,1,1.0
126,30,376.000,324.000,5.000,9.000,1.0,1,1.0
127,30,376.000,323.000,5.000,10.000,1.0,1,1.0
128,30,376.000,323.000,5.000,9.000,1.0,1,1.0
129,30,376.000,323.000,5.000,9.000,1.0,1,1.0
130,30,376.000,322.000,5.000,9.000,1.0,1,1.0
131,30,376.000,321.000,4.000,10.000,1.0,1,1.0
132,30,375.000,320.000,5.000,10.000,1.0,1,1.0
133,30,375.000,319.000,5.000,10.000,1.0,1,1.0
134,30,375.000,318.000,5.000,10.000,1.0,1,1.0
135,30,375.000,317.000,5.000,10.000,1.0,1,1.0
136,30,374.000,316.000,5.000,9.000,1.0,1,1.0
137,30,374.000,314.000,6.000,9.000,1.0,1,1.0
138,30,374.000,313.000,5.000,9.000,1.0,1,1.0
139,30,373.000,311.000,6.000,10.000,1.0,1,1.0
140,30,373.000,310.000,6.000,9.000,1.0,1,1.0
141,30,373.000,309.000,5.000,9.000,1.0,1,1.0
142,30,373.000,308.000,5.000,8.000,1.0,1,1.0
143,30,373.000,306.000,5.000,9.000,1.0,1,1.0
144,30,373.000,304.000,4.000,9.000,1.0,1,1.0
145,30,373.000,303.000,4.000,8.000,1.0,1,1.0
146,30,373.000,301.000,4.000,8.000,1.0,1,1.0
147,30,372.000,299.000,5.000,8.000,1.0,1,1.0
148,30,372.000,298.000,5.000,8.000,1.0,1,1.0
149,30,372.000,296.000,4.000,8.000,1.0,1,1.0
150,30,371.000,295.000,5.000,8.000,1.0,1,1.0
151,30,371.000,294.000,5.000,8.000,1.0,1,1.0
152,30,371.000,293.000,5.000,8.000,1.0,1,1.0
153,30,371.000,292.000,5.000,8.000,1.0,1,1.0
154,30,371.000,291.000,5.000,8.000,1.0,1,1.0
155,30,371.000,291.000,5.000,8.000,1.0,1,1.0
156,30,371.000,291.000,5.000,7.000,1.0,1,1.0
157,30,371.000,291.000,5.000,7.000,1.0,1,1.0
158,30,371.000,291.000,5.000,7.000,1.0,1,1.0
159,30,371.000,291.000,5.000,8.000,1.0,1,1.0
160,30,371.000,291.000,5.000,8.000,1.0,1,1.0
161,30,372.000,292.000,5.000,8.000,1.0,1,1.0
162,30,370.000,298.000,6.000,8.000,1.0,1,1.0
163,30,371.000,298.000,5.000,8.000,1.0,1,1.0
164,30,371.000,297.000,5.000,8.000,1.0,1,1.0
165,30,371.000,297.000,4.000,8.000,1.0,1,1.0
166,30,371.000,297.000,4.000,8.000,1.0,1,1.0
167,30,371.000,296.000,4.000,9.000,1.0,1,1.0
168,30,371.000,296.000,4.000,9.000,1.0,1,1.0
169,30,371.000,296.000,4.000,9.000,1.0,1,1.0
170,30,371.000,296.000,5.000,9.000,1.0,1,1.0
171,30,371.000,296.000,5.000,9.000,1.0,1,1.0
172,30,371.000,296.000,5.000,8.000,1.0,1,1.0
173,30,371.000,296.000,5.000,8.000,1.0,1,1.0
174,30,371.000,295.000,5.000,9.000,1.0,1,1.0
175,30,384.000,281.000,5.000,8.000,1.0,1,1.0
176,30,391.000,253.000,5.000,7.000,1.0,1,1.0
177,30,382.000,245.000,6.000,6.000,1.0,1,1.0
178,30,374.000,272.000,8.000,6.000,1.0,1,1.0
179,30,407.000,302.000,9.000,6.000,1.0,1,1.0
180,30,423.000,310.000,5.000,9.000,1.0,1,1.0
181,30,424.000,310.000,4.000,9.000,1.0,1,1.0
182,30,424.000,310.000,4.000,9.000,1.0,1,1.0
183,30,424.000,310.000,4.000,9.000,1.0,1,1.0
184,30,424.000,310.000,4.000,9.000,1.0,1,1.0
185,30,424.000,310.000,4.000,9.000,1.0,1,1.0
186,30,424.000,310.000,4.000,9.000,1.0,1,1.0
187,30,424.000,309.000,4.000,10.000,1.0,1,1.0
188,30,424.000,308.000,5.000,9.000,1.0,1,1.0
189,30,424.000,307.000,5.000,9.000,1.0,1,1.0
190,30,425.000,305.000,5.000,9.000,1.0,1,1.0
191,30,425.000,303.000,5.000,9.000,1.0,1,1.0
192,30,426.000,302.000,5.000,8.000,1.0,1,1.0
193,30,427.000,300.000,5.000,9.000,1.0,1,1.0
194,30,428.000,299.000,5.000,7.000,1.0,1,1.0
195,30,429.000,297.000,5.000,8.000,1.0,1,1.0
196,30,430.000,296.000,5.000,8.000,1.0,1,1.0
197,30,431.000,295.000,4.000,7.000,1.0,1,1.0
198,30,431.000,293.000,5.000,8.000,1.0,1,1.0
199,30,431.000,292.000,5.000,8.000,1.0,1,1.0
200,30,432.000,290.000,4.000,8.000,1.0,1,1.0
201,30,432.000,289.000,5.000,8.000,1.0,1,1.0
202,30,433.000,287.000,4.000,8.000,1.0,1,1.0
203,30,433.000,285.000,5.000,8.000,1.0,1,1.0
204,30,434.000,284.000,5.000,8.000,1.0,1,1.0
205,30,434.000,282.000,5.000,9.000,1.0,1,1.0
206,30,434.000,280.000,5.000,9.000,1.0,1,1.0
207,30,434.000,279.000,5.000,9.000,1.0,1,1.0
208,30,434.000,278.000,5.000,9.000,1.0,1,1.0
209,30,434.000,277.000,5.000,9.000,1.0,1,1.0
210,30,434.000,276.000,5.000,9.000,1.0,1,1.0
211,30,434.000,276.000,5.000,8.000,1.0,1,1.0
212,30,434.000,276.000,5.000,8.000,1.0,1,1.0
213,30,410.000,261.000,7.000,8.000,1.0,1,1.0
214,30,395.000,242.000,5.000,6.000,1.0,1,1.0
215,30,396.000,241.000,5.000,8.000,1.0,1,1.0
216,30,396.000,240.000,5.000,8.000,1.0,1,1.0
217,30,396.000,238.000,5.000,9.000,1.0,1,1.0
218,30,396.000,238.000,6.000,8.000,1.0,1,1.0
219,30,397.000,236.000,6.000,8.000,1.0,1,1.0
220,30,397.000,236.000,7.000,8.000,1.0,1,1.0
221,30,398.000,236.000,6.000,7.000,1.0,1,1.0
222,30,398.000,236.000,7.000,7.000,1.0,1,1.0
223,30,398.000,236.000,7.000,7.000,1.0,1,1.0
224,30,398.000,237.000,8.000,6.000,1.0,1,1.0
225,30,399.000,236.000,7.000,7.000,1.0,1,1.0
226,30,400.000,236.000,7.000,6.000,1.0,1,1.0
227,30,400.000,237.000,8.000,5.000,1.0,1,1.0
228,30,401.000,237.000,9.000,5.000,1.0,1,1.0
229,30,403.000,236.000,8.000,6.000,1.0,1,1.0
230,30,404.000,236.000,8.000,5.000,1.0,1,1.0
231,30,405.000,236.000,8.000,5.000,1.0,1,1.0
232,30,405.000,236.000,9.000,5.000,1.0,1,1.0
233,30,406.000,236.000,8.000,5.000,1.0,1,1.0
234,30,406.000,235.000,8.000,5.000,1.0,1,1.0
235,30,408.000,234.000,7.000,5.000,1.0,1,1.0
236,30,425.000,227.000,6.000,6.000,1.0,1,1.0
237,30,434.000,224.000,4.000,8.000,1.0,1,1.0
238,30,434.000,223.000,4.000,8.000,1.0,1,1.0
239,30,434.000,222.000,4.000,8.000,1.0,1,1.0
240,30,434.000,220.000,4.000,8.000,1.0,1,1.0
241,30,433.000,217.000,5.000,9.000,1.0,1,1.0
242,30,433.000,216.000,4.000,8.000,1.0,1,1.0
243,30,433.000,214.000,4.000,9.000,1.0,1,1.0
244,30,433.000,213.000,4.000,9.000,1.0,1,1.0
245,30,433.000,211.000,4.000,9.000,1.0,1,1.0
246,30,433.000,209.000,5.000,9.000,1.0,1,1.0
247,30,434.000,208.000,4.000,8.000,1.0,1,1.0
248,30,434.000,206.000,5.000,8.000,1.0,1,1.0
249,30,435.000,204.000,4.000,8.000,1.0,1,1.0
250,30,435.000,201.000,5.000,7.000,1.0,1,1.0
251,30,435.000,200.000,5.000,7.000,1.0,1,1.0
252,30,436.000,197.000,4.000,8.000,1.0,1,1.0
253,30,436.000,195.000,4.000,8.000,1.0,1,1.0
254,30,436.000,194.000,5.000,7.000,1.0,1,1.0
255,30,436.000,192.000,5.000,7.000,1.0,1,1.0
256,30,436.000,191.000,4.000,7.000,1.0,1,1.0
257,30,436.000,190.000,5.000,7.000,1.0,1,1.0
258,30,436.000,188.000,5.000,7.000,1.0,1,1.0
259,30,436.000,186.000,5.000,7.000,1.0,1,1.0
260,30,436.000,185.000,5.000,7.000,1.0,1,1.0
261,30,436.000,183.000,5.000,8.000,1.0,1,1.0
262,30,436.000,181.000,5.000,9.000,1.0,1,1.0
263,30,436.000,180.000,5.000,8.000,1.0,1,1.0
264,30,436.000,178.000,4.000,9.000,1.0,1,1.0
265,30,435.000,177.000,5.000,8.000,1.0,1,1.0
266,30,435.000,176.000,5.000,8.000,1.0,1,1.0
267,30,435.000,175.000,5.000,8.000,1.0,1,1.0
268,30,435.000,173.000,4.000,8.000,1.0,1,1.0
269,30,434.000,172.000,5.000,8.000,1.0,1,1.0
270,30,434.000,171.000,5.000,8.000,1.0,1,1.0
271,30,434.000,170.000,5.000,8.000,1.0,1,1.0
272,30,433.000,170.000,5.000,7.000,1.0,1,1.0
273,30,433.000,170.000,5.000,7.000,1.0,1,1.0
274,30,433.000,169.000,5.000,8.000,1.0,1,1.0
275,30,409.000,158.000,7.000,7.000,1.0,1,1.0
276,30,390.000,137.000,7.000,5.000,1.0,1,1.0
277,30,398.000,137.000,6.000,4.000,1.0,1,1.0
278,30,409.000,136.000,4.000,5.000,1.0,1,1.0
279,30,405.000,137.000,5.000,8.000,1.0,1,1.0
280,30,405.000,147.000,8.000,5.000,1.0,1,1.0
281,30,428.000,150.000,10.000,5.000,1.0,1,1.0
282,30,431.000,156.000,7.000,5.000,1.0,1,1.0
283,30,431.000,165.000,5.000,7.000,1.0,1,1.0
284,30,429.000,173.000,9.000,5.000,1.0,1,1.0
285,30,431.000,179.000,7.000,5.000,1.0,1,1.0
286,30,430.000,186.000,8.000,5.000,1.0,1,1.0
287,30,437.000,202.000,4.000,6.000,1.0,1,1.0
288,30,437.000,201.000,5.000,6.000,1.0,1,1.0
289,30,437.000,200.000,5.000,7.000,1.0,1,1.0
290,30,437.000,199.000,5.000,6.000,1.0,1,1.0
291,30,437.000,199.000,5.000,6.000,1.0,1,1.0
292,30,436.000,198.000,5.000,6.000,1.0,1,1.0
293,30,436.000,198.000,5.000,6.000,1.0,1,1.0
294,30,436.000,198.000,6.000,6.000,1.0,1,1.0
295,30,436.000,199.000,5.000,5.000,1.0,1,1.0
296,30,436.000,199.000,5.000,5.000,1.0,1,1.0
297,30,435.000,199.000,6.000,5.000,1.0,1,1.0
298,30,435.000,197.000,6.000,6.000,1.0,1,1.0
299,30,435.000,195.000,6.000,8.000,1.0,1,1.0
300,30,435.000,194.000,6.000,8.000,1.0,1,1.0
301,30,435.000,192.000,5.000,8.000,1.0,1,1.0
302,30,435.000,189.000,5.000,9.000,1.0,1,1.0
303,30,434.000,187.000,6.000,9.000,1.0,1,1.0
304,30,435.000,186.000,5.000,8.000,1.0,1,1.0
305,30,434.000,184.000,5.000,8.000,1.0,1,1.0
306,30,434.000,182.000,5.000,9.000,1.0,1,1.0
307,30,433.000,180.000,5.000,8.000,1.0,1,1.0
308,30,433.000,178.000,5.000,8.000,1.0,1,1.0
309,30,433.000,176.000,5.000,8.000,1.0,1,1.0
310,30,432.000,174.000,5.000,8.000,1.0,1,1.0
311,30,431.000,172.000,6.000,8.000,1.0,1,1.0
312,30,431.000,170.000,5.000,9.000,1.0,1,1.0
313,30,430.000,169.000,6.000,9.000,1.0,1,1.0
314,30,429.000,170.000,6.000,6.000,1.0,1,1.0
315,30,428.000,170.000,7.000,6.000,1.0,1,1.0
316,30,427.000,170.000,7.000,6.000,1.0,1,1.0
317,30,426.000,170.000,7.000,5.000,1.0,1,1.0
318,30,425.000,169.000,8.000,6.000,1.0,1,1.0
319,30,425.000,169.000,7.000,5.000,1.0,1,1.0
320,30,424.000,168.000,7.000,6.000,1.0,1,1.0
321,30,424.000,168.000,7.000,6.000,1.0,1,1.0
322,30,424.000,168.000,7.000,6.000,1.0,1,1.0
323,30,424.000,167.000,7.000,6.000,1.0,1,1.0
324,30,424.000,167.000,7.000,6.000,1.0,1,1.0
325,30,409.000,162.000,9.000,5.000,1.0,1,1.0
326,30,377.000,152.000,4.000,8.000,1.0,1,1.0
327,30,377.000,152.000,4.000,9.000,1.0,1,1.0
328,30,377.000,151.000,4.000,10.000,1.0,1,1.0
329,30,377.000,151.000,5.000,8.000,1.0,1,1.0
330,30,377.000,149.000,5.000,9.000,1.0,1,1.0
331,30,378.000,147.000,4.000,9.000,1.0,1,1.0
332,30,378.000,146.000,4.000,9.000,1.0,1,1.0
333,30,378.000,144.000,4.000,10.000,1.0,1,1.0
334,30,378.000,143.000,4.000,10.000,1.0,1,1.0
335,30,378.000,143.000,4.000,10.000,1.0,1,1.0
336,30,378.000,143.000,4.000,10.000,1.0,1,1.0
337,30,378.000,143.000,4.000,10.000,1.0,1,1.0
338,30,378.000,143.000,4.000,10.000,1.0,1,1.0
339,30,378.000,142.000,4.000,10.000,1.0,1,1.0
340,30,378.000,141.000,5.000,9.000,1.0,1,1.0
341,30,378.000,139.000,5.000,9.000,1.0,1,1.0
342,30,378.000,137.000,5.000,9.000,1.0,1,1.0
343,30,379.000,135.000,4.000,9.000,1.0,1,1.0
344,30,379.000,133.000,5.000,9.000,1.0,1,1.0
345,30,379.000,131.000,5.000,8.000,1.0,1,1.0
346,30,380.000,128.000,4.000,9.000,1.0,1,1.0
347,30,380.000,125.000,4.000,10.000,1.0,1,1.0
348,30,380.000,123.000,5.000,9.000,1.0,1,1.0
349,30,381.000,121.000,4.000,9.000,1.0,1,1.0
350,30,381.000,118.000,4.000,9.000,1.0,1,1.0
351,30,381.000,116.000,4.000,9.000,1.0,1,1.0
352,30,381.000,113.000,4.000,9.000,1.0,1,1.0
353,30,381.000,110.000,4.000,10.000,1.0,1,1.0
354,30,381.000,108.000,4.000,9.000,1.0,1,1.0
355,30,380.000,106.000,5.000,9.000,1.0,1,1.0
356,30,380.000,103.000,5.000,10.000,1.0,1,1.0
357,30,380.000,102.000,5.000,8.000,1.0,1,1.0
358,30,380.000,102.000,5.000,5.000,1.0,1,1.0
1,33,381.000,360.000,6.000,6.000,1.0,1,1.0
2,33,382.000,359.000,6.000,6.000,1.0,1,1.0
3,33,383.000,357.000,7.000,6.000,1.0,1,1.0
4,33,385.000,356.000,6.000,6.000,1.0,1,1.0
5,33,386.000,355.000,7.000,5.000,1.0,1,1.0
6,33,388.000,354.000,7.000,5.000,1.0,1,1.0
7,33,390.000,353.000,6.000,6.000,1.0,1,1.0
8,33,391.000,352.000,7.000,6.000,1.0,1,1.0
9,33,392.000,352.000,7.000,5.000,1.0,1,1.0
10,33,394.000,351.000,8.000,5.000,1.0,1,1.0
11,33,396.000,350.000,7.000,5.000,1.0,1,1.0
12,33,398.000,348.000,7.000,5.000,1.0,1,1.0
13,33,400.000,347.000,7.000,5.000,1.0,1,1.0
14,33,402.000,345.000,6.000,6.000,1.0,1,1.0
15,33,403.000,343.000,7.000,6.000,1.0,1,1.0
16,33,406.000,341.000,6.000,6.000,1.0,1,1.0
17,33,407.000,338.000,6.000,8.000,1.0,1,1.0
18,33,408.000,336.000,6.000,8.000,1.0,1,1.0
19,33,410.000,333.000,6.000,8.000,1.0,1,1.0
20,33,412.000,331.000,5.000,8.000,1.0,1,1.0
21,33,412.000,329.000,6.000,8.000,1.0,1,1.0
22,33,414.000,327.000,6.000,8.000,1.0,1,1.0
23,33,415.000,326.000,6.000,7.000,1.0,1,1.0
24,33,417.000,324.000,6.000,7.000,1.0,1,1.0
25,33,418.000,322.000,6.000,7.000,1.0,1,1.0
26,33,419.000,320.000,6.000,7.000,1.0,1,1.0
27,33,421.000,317.000,5.000,8.000,1.0,1,1.0
28,33,421.000,315.000,6.000,7.000,1.0,1,1.0
29,33,422.000,313.000,6.000,7.000,1.0,1,1.0
30,33,424.000,311.000,5.000,8.000,1.0,1,1.0
31,33,425.000,309.000,5.000,8.000,1.0,1,1.0
32,33,426.000,307.000,6.000,8.000,1.0,1,1.0
33,33,426.000,306.000,6.000,8.000,1.0,1,1.0
34,33,427.000,304.000,6.000,8.000,1.0,1,1.0
35,33,428.000,302.000,5.000,8.000,1.0,1,1.0
36,33,429.000,300.000,5.000,7.000,1.0,1,1.0
37,33,430.000,297.000,5.000,9.000,1.0,1,1.0
38,33,430.000,295.000,5.000,9.000,1.0,1,1.0
39,33,431.000,293.000,5.000,9.000,1.0,1,1.0
40,33,431.000,291.000,5.000,8.000,1.0,1,1.0
41,33,431.000,288.000,5.000,9.000,1.0,1,1.0
42,33,432.000,286.000,4.000,9.000,1.0,1,1.0
43,33,432.000,283.000,5.000,9.000,1.0,1,1.0
44,33,432.000,281.000,5.000,9.000,1.0,1,1.0
45,33,433.000,279.000,5.000,8.000,1.0,1,1.0
46,33,433.000,277.000,5.000,8.000,1.0,1,1.0
47,33,434.000,274.000,4.000,8.000,1.0,1,1.0
48,33,434.000,273.000,5.000,8.000,1.0,1,1.0
49,33,435.000,271.000,4.000,7.000,1.0,1,1.0
50,33,435.000,269.000,5.000,7.000,1.0,1,1.0
51,33,436.000,267.000,4.000,7.000,1.0,1,1.0
52,33,436.000,265.000,5.000,7.000,1.0,1,1.0
53,33,436.000,263.000,5.000,7.000,1.0,1,1.0
54,33,437.000,261.000,4.000,7.000,1.0,1,1.0
55,33,437.000,259.000,4.000,8.000,1.0,1,1.0
56,33,437.000,257.000,5.000,8.000,1.0,1,1.0
57,33,437.000,255.000,5.000,8.000,1.0,1,1.0
58,33,437.000,254.000,5.000,7.000,1.0,1,1.0
59,33,437.000,251.000,5.000,8.000,1.0,1,1.0
60,33,437.000,249.000,5.000,8.000,1.0,1,1.0
61,33,437.000,247.000,5.000,7.000,1.0,1,1.0
62,33,437.000,245.000,5.000,7.000,1.0,1,1.0
63,33,437.000,243.000,5.000,7.000,1.0,1,1.0
64,33,437.000,240.000,5.000,8.000,1.0,1,1.0
65,33,437.000,238.000,5.000,8.000,1.0,1,1.0
66,33,437.000,236.000,4.000,8.000,1.0,1,1.0
67,33,436.000,234.000,5.000,7.000,1.0,1,1.0
68,33,436.000,232.000,5.000,8.000,1.0,1,1.0
69,33,435.000,230.000,5.000,8.000,1.0,1,1.0
70,33,434.000,228.000,5.000,8.000,1.0,1,1.0
71,33,433.000,227.000,6.000,7.000,1.0,1,1.0
72,33,432.000,225.000,6.000,8.000,1.0,1,1.0
73,33,431.000,224.000,6.000,7.000,1.0,1,1.0
74,33,430.000,223.000,6.000,6.000,1.0,1,1.0
75,33,428.000,222.000,7.000,6.000,1.0,1,1.0
76,33,427.000,220.000,7.000,7.000,1.0,1,1.0
77,33,426.000,218.000,6.000,7.000,1.0,1,1.0
78,33,426.000,216.000,5.000,8.000,1.0,1,1.0
79,33,425.000,213.000,5.000,9.000,1.0,1,1.0
80,33,424.000,211.000,6.000,9.000,1.0,1,1.0
81,33,424.000,209.000,5.000,9.000,1.0,1,1.0
82,33,423.000,207.000,6.000,9.000,1.0,1,1.0
83,33,423.000,205.000,5.000,9.000,1.0,1,1.0
84,33,423.000,202.000,5.000,10.000,1.0,1,1.0
85,33,423.000,200.000,5.000,9.000,1.0,1,1.0
86,33,423.000,198.000,5.000,9.000,1.0,1,1.0
87,33,423.000,196.000,4.000,9.000,1.0,1,1.0
88,33,422.000,194.000,5.000,10.000,1.0,1,1.0
89,33,422.000,192.000,5.000,9.000,1.0,1,1.0
90,33,421.000,191.000,5.000,9.000,1.0,1,1.0
91,33,421.000,189.000,5.000,9.000,1.0,1,1.0
92,33,420.000,187.000,5.000,9.000,1.0,1,1.0
93,33,419.000,186.000,5.000,9.000,1.0,1,1.0
94,33,419.000,184.000,5.000,9.000,1.0,1,1.0
95,33,418.000,181.000,5.000,9.000,1.0,1,1.0
96,33,417.000,180.000,5.000,9.000,1.0,1,1.0
97,33,417.000,179.000,5.000,8.000,1.0,1,1.0
98,33,416.000,177.000,5.000,9.000,1.0,1,1.0
99,33,415.000,176.000,6.000,9.000,1.0,1,1.0
100,33,415.000,174.000,5.000,9.000,1.0,1,1.0
101,33,415.000,172.000,5.000,10.000,1.0,1,1.0
102,33,415.000,172.000,4.000,9.000,1.0,1,1.0
103,33,416.000,170.000,4.000,10.000,1.0,1,1.0
104,33,416.000,168.000,5.000,9.000,1.0,1,1.0
105,33,416.000,167.000,6.000,9.000,1.0,1,1.0
106,33,417.000,165.000,5.000,8.000,1.0,1,1.0
107,33,418.000,163.000,5.000,8.000,1.0,1,1.0
108,33,418.000,162.000,5.000,8.000,1.0,1,1.0
109,33,419.000,160.000,5.000,8.000,1.0,1,1.0
110,33,420.000,158.000,5.000,9.000,1.0,1,1.0
111,33,420.000,157.000,5.000,8.000,1.0,1,1.0
112,33,421.000,155.000,5.000,9.000,1.0,1,1.0
113,33,421.000,153.000,5.000,8.000,1.0,1,1.0
114,33,421.000,151.000,5.000,9.000,1.0,1,1.0
115,33,422.000,149.000,5.000,9.000,1.0,1,1.0
116,33,423.000,147.000,4.000,9.000,1.0,1,1.0
117,33,423.000,144.000,5.000,10.000,1.0,1,1.0
118,33,423.000,142.000,5.000,9.000,1.0,1,1.0
119,33,423.000,140.000,5.000,9.000,1.0,1,1.0
120,33,423.000,138.000,5.000,9.000,1.0,1,1.0
121,33,424.000,136.000,4.000,9.000,1.0,1,1.0
122,33,424.000,134.000,4.000,9.000,1.0,1,1.0
123,33,424.000,131.000,5.000,10.000,1.0,1,1.0
124,33,425.000,129.000,4.000,10.000,1.0,1,1.0
125,33,425.000,127.000,5.000,10.000,1.0,1,1.0
126,33,426.000,126.000,4.000,9.000,1.0,1,1.0
127,33,426.000,124.000,4.000,9.000,1.0,1,1.0
128,33,426.000,122.000,4.000,9.000,1.0,1,1.0
129,33,426.000,120.000,5.000,9.000,1.0,1,1.0
130,33,426.000,118.000,5.000,9.000,1.0,1,1.0
131,33,427.000,115.000,4.000,10.000,1.0,1,1.0
132,33,427.000,113.000,4.000,10.000,1.0,1,1.0
133,33,427.000,111.000,5.000,10.000,1.0,1,1.0
134,33,428.000,108.000,4.000,10.000,1.0,1,1.0
135,33,427.000,106.000,5.000,10.000,1.0,1,1.0
136,33,428.000,105.000,5.000,9.000,1.0,1,1.0
137,33,428.000,100.000,5.000,11.000,1.0,1,1.0
138,33,428.000,100.000,5.000,8.000,1.0,1,1.0
139,33,427.000,101.000,6.000,6.000,1.0,1,1.0
151,33,424.000,68.000,5.000,5.000,1.0,1,1.0
152,33,424.000,67.000,5.000,5.000,1.0,1,1.0
153,33,424.000,64.000,4.000,9.000,1.0,1,1.0
154,33,423.000,62.000,5.000,9.000,1.0,1,1.0
155,33,423.000,59.000,5.000,10.000,1.0,1,1.0
156,33,423.000,57.000,5.000,10.000,1.0,1,1.0
157,33,423.000,55.000,4.000,9.000,1.0,1,1.0
158,33,423.000,53.000,4.000,10.000,1.0,1,1.0
159,33,423.000,51.000,4.000,11.000,1.0,1,1.0
160,33,423.000,48.000,4.000,10.000,1.0,1,1.0
161,33,423.000,47.000,4.000,10.000,1.0,1,1.0
162,33,423.000,45.000,5.000,9.000,1.0,1,1.0
163,33,423.000,43.000,5.000,9.000,1.0,1,1.0
164,33,423.000,41.000,5.000,10.000,1.0,1,1.0
165,33,424.000,39.000,5.000,9.000,1.0,1,1.0
166,33,425.000,37.000,5.000,9.000,1.0,1,1.0
167,33,425.000,36.000,5.000,9.000,1.0,1,1.0
168,33,426.000,34.000,5.000,9.000,1.0,1,1.0
169,33,426.000,32.000,5.000,9.000,1.0,1,1.0
170,33,427.000,31.000,5.000,8.000,1.0,1,1.0
171,33,427.000,29.000,6.000,9.000,1.0,1,1.0
172,33,428.000,27.000,5.000,9.000,1.0,1,1.0
173,33,428.000,26.000,6.000,9.000,1.0,1,1.0
174,33,429.000,24.000,5.000,8.000,1.0,1,1.0
175,33,429.000,22.000,5.000,8.000,1.0,1,1.0
176,33,429.000,20.000,4.000,10.000,1.0,1,1.0
177,33,428.000,18.000,5.000,10.000,1.0,1,1.0
178,33,428.000,17.000,5.000,9.000,1.0,1,1.0
179,33,428.000,17.000,5.000,9.000,1.0,1,1.0
180,33,428.000,17.000,5.000,9.000,1.0,1,1.0
181,33,428.000,17.000,5.000,8.000,1.0,1,1.0
182,33,428.000,17.000,6.000,8.000,1.0,1,1.0
183,33,429.000,18.000,5.000,7.000,1.0,1,1.0
184,33,429.000,18.000,6.000,7.000,1.0,1,1.0
185,33,429.000,18.000,7.000,6.000,1.0,1,1.0
186,33,430.000,18.000,6.000,6.000,1.0,1,1.0
187,33,431.000,18.000,6.000,5.000,1.0,1,1.0
188,33,431.000,18.000,6.000,5.000,1.0,1,1.0
189,33,432.000,18.000,5.000,5.000,1.0,1,1.0
190,33,432.000,17.000,6.000,5.000,1.0,1,1.0
191,33,433.000,17.000,5.000,5.000,1.0,1,1.0
192,33,433.000,17.000,6.000,5.000,1.0,1,1.0
193,33,434.000,17.000,4.000,5.000,1.0,1,1.0
194,33,434.000,17.000,4.000,5.000,1.0,1,1.0
195,33,433.000,17.000,5.000,5.000,1.0,1,1.0
196,33,433.000,17.000,5.000,5.000,1.0,1,1.0
197,33,432.000,18.000,6.000,6.000,1.0,1,1.0
198,33,432.000,17.000,7.000,6.000,1.0,1,1.0
199,33,431.000,15.000,8.000,6.000,1.0,1,1.0
200,33,432.000,15.000,7.000,6.000,1.0,1,1.0
201,33,431.000,14.000,7.000,6.000,1.0,1,1.0
202,33,432.000,14.000,5.000,6.000,1.0,1,1.0
1,48,672.000,443.000,4.000,4.000,1.0,1,1.0
2,48,672.000,442.000,4.000,5.000,1.0,1,1.0
3,48,673.000,442.000,4.000,5.000,1.0,1,1.0
4,48,675.000,443.000,4.000,3.000,1.0,1,1.0
5,48,675.000,443.000,5.000,4.000,1.0,1,1.0
6,48,675.000,443.000,5.000,5.000,1.0,1,1.0
7,48,675.000,443.000,7.000,4.000,1.0,1,1.0
8,48,675.000,443.000,7.000,4.000,1.0,1,1.0
9,48,675.000,443.000,6.000,5.000,1.0,1,1.0
10,48,675.000,444.000,5.000,4.000,1.0,1,1.0
11,48,675.000,444.000,4.000,4.000,1.0,1,1.0
12,48,674.000,443.000,4.000,5.000,1.0,1,1.0
16,48,671.000,443.000,6.000,5.000,1.0,1,1.0
17,48,671.000,444.000,6.000,4.000,1.0,1,1.0
18,48,671.000,444.000,6.000,4.000,1.0,1,1.0
19,48,672.000,444.000,5.000,4.000,1.0,1,1.0
20,48,672.000,444.000,5.000,5.000,1.0,1,1.0
21,48,672.000,443.000,5.000,5.000,1.0,1,1.0
22,48,672.000,443.000,5.000,5.000,1.0,1,1.0
23,48,672.000,443.000,5.000,5.000,1.0,1,1.0
24,48,672.000,443.000,5.000,5.000,1.0,1,1.0
25,48,672.000,442.000,5.000,5.000,1.0,1,1.0
26,48,673.000,440.000,5.000,7.000,1.0,1,1.0
27,48,673.000,439.000,4.000,8.000,1.0,1,1.0
28,48,674.000,440.000,4.000,7.000,1.0,1,1.0
29,48,674.000,438.000,5.000,6.000,1.0,1,1.0
30,48,673.000,442.000,6.000,6.000,1.0,1,1.0
31,48,671.000,443.000,7.000,5.000,1.0,1,1.0
32,48,671.000,443.000,7.000,5.000,1.0,1,1.0
33,48,671.000,443.000,8.000,5.000,1.0,1,1.0
34,48,673.000,443.000,7.000,5.000,1.0,1,1.0
35,48,671.000,442.000,4.000,6.000,1.0,1,1.0
36,48,671.000,444.000,5.000,5.000,1.0,1,1.0
37,48,673.000,443.000,6.000,5.000,1.0,1,1.0
38,48,671.000,443.000,7.000,5.000,1.0,1,1.0
39,48,670.000,443.000,8.000,5.000,1.0,1,1.0
40,48,671.000,441.000,7.000,7.000,1.0,1,1.0
41,48,672.000,440.000,6.000,7.000,1.0,1,1.0
42,48,673.000,439.000,4.000,7.000,1.0,1,1.0
43,48,670.000,440.000,5.000,7.000,1.0,1,1.0
44,48,668.000,444.000,5.000,4.000,1.0,1,1.0
45,48,668.000,443.000,6.000,5.000,1.0,1,1.0
46,48,668.000,443.000,6.000,5.000,1.0,1,1.0
47,48,668.000,443.000,6.000,5.000,1.0,1,1.0
48,48,666.000,442.000,8.000,5.000,1.0,1,1.0
49,48,668.000,444.000,7.000,5.000,1.0,1,1.0
50,48,666.000,444.000,9.000,4.000,1.0,1,1.0
51,48,665.000,440.000,8.000,8.000,1.0,1,1.0
52,48,664.000,439.000,5.000,5.000,1.0,1,1.0
53,48,661.000,443.000,9.000,5.000,1.0,1,1.0
55,48,655.000,443.000,10.000,4.000,1.0,1,1.0
56,48,653.000,443.000,9.000,4.000,1.0,1,1.0
66,48,649.000,397.000,5.000,7.000,1.0,1,1.0
67,48,660.000,384.000,4.000,6.000,1.0,1,1.0
68,48,663.000,397.000,5.000,8.000,1.0,1,1.0
69,48,659.000,428.000,5.000,9.000,1.0,1,1.0
70,48,657.000,440.000,5.000,5.000,1.0,1,1.0
71,48,657.000,440.000,5.000,5.000,1.0,1,1.0
72,48,657.000,440.000,5.000,5.000,1.0,1,1.0
73,48,657.000,440.000,5.000,5.000,1.0,1,1.0
74,48,658.000,440.000,6.000,4.000,1.0,1,1.0
75,48,659.000,440.000,7.000,4.000,1.0,1,1.0
76,48,661.000,441.000,7.000,4.000,1.0,1,1.0
77,48,662.000,441.000,6.000,4.000,1.0,1,1.0
78,48,662.000,441.000,6.000,4.000,1.0,1,1.0
79,48,662.000,441.000,6.000,4.000,1.0,1,1.0
80,48,662.000,441.000,6.000,4.000,1.0,1,1.0
81,48,662.000,441.000,6.000,4.000,1.0,1,1.0
82,48,662.000,441.000,6.000,4.000,1.0,1,1.0
83,48,662.000,441.000,6.000,4.000,1.0,1,1.0
84,48,662.000,441.000,7.000,4.000,1.0,1,1.0
85,48,663.000,441.000,6.000,4.000,1.0,1,1.0
86,48,663.000,441.000,7.000,4.000,1.0,1,1.0
87,48,662.000,441.000,7.000,5.000,1.0,1,1.0
88,48,662.000,440.000,7.000,6.000,1.0,1,1.0
100,48,653.000,429.000,6.000,6.000,1.0,1,1.0
101,48,650.000,428.000,5.000,6.000,1.0,1,1.0
102,48,636.000,430.000,8.000,4.000,1.0,1,1.0
103,48,627.000,431.000,5.000,8.000,1.0,1,1.0
104,48,614.000,434.000,7.000,4.000,1.0,1,1.0
105,48,615.000,438.000,6.000,7.000,1.0,1,1.0
106,48,614.000,439.000,8.000,6.000,1.0,1,1.0
107,48,613.000,441.000,4.000,7.000,1.0,1,1.0
108,48,613.000,443.000,5.000,5.000,1.0,1,1.0
109,48,613.000,443.000,5.000,5.000,1.0,1,1.0
110,48,613.000,443.000,6.000,5.000,1.0,1,1.0
113,48,625.000,439.000,6.000,6.000,1.0,1,1.0
114,48,622.000,442.000,7.000,5.000,1.0,1,1.0
115,48,621.000,441.000,6.000,5.000,1.0,1,1.0
116,48,618.000,442.000,7.000,4.000,1.0,1,1.0
117,48,617.000,442.000,6.000,5.000,1.0,1,1.0
118,48,616.000,442.000,7.000,5.000,1.0,1,1.0
119,48,616.000,442.000,7.000,4.000,1.0,1,1.0
120,48,618.000,442.000,6.000,4.000,1.0,1,1.0
121,48,618.000,442.000,5.000,4.000,1.0,1,1.0
122,48,619.000,441.000,5.000,4.000,1.0,1,1.0
123,48,620.000,441.000,4.000,5.000,1.0,1,1.0
124,48,621.000,441.000,5.000,5.000,1.0,1,1.0
125,48,622.000,442.000,5.000,4.000,1.0,1,1.0
126,48,622.000,442.000,5.000,4.000,1.0,1,1.0
127,48,622.000,442.000,5.000,4.000,1.0,1,1.0
128,48,624.000,432.000,5.000,6.000,1.0,1,1.0
129,48,631.000,442.000,5.000,6.000,1.0,1,1.0
130,48,635.000,443.000,5.000,4.000,1.0,1,1.0
131,48,635.000,444.000,5.000,4.000,1.0,1,1.0
140,48,651.000,441.000,6.000,5.000,1.0,1,1.0
141,48,652.000,442.000,8.000,5.000,1.0,1,1.0
144,48,650.000,441.000,6.000,4.000,1.0,1,1.0
147,48,650.000,441.000,7.000,4.000,1.0,1,1.0
149,48,650.000,440.000,7.000,5.000,1.0,1,1.0
150,48,651.000,440.000,6.000,5.000,1.0,1,1.0
151,48,652.000,441.000,8.000,5.000,1.0,1,1.0
162,48,657.000,444.000,5.000,6.000,1.0,1,1.0
166,48,653.000,444.000,6.000,6.000,1.0,1,1.0
167,48,651.000,445.000,6.000,4.000,1.0,1,1.0
168,48,647.000,445.000,7.000,4.000,1.0,1,1.0
169,48,657.000,441.000,6.000,4.000,1.0,1,1.0
170,48,657.000,441.000,6.000,4.000,1.0,1,1.0
171,48,657.000,441.000,6.000,3.000,1.0,1,1.0
172,48,657.000,441.000,6.000,3.000,1.0,1,1.0
173,48,657.000,441.000,6.000,3.000,1.0,1,1.0
174,48,657.000,415.000,3.000,8.000,1.0,1,1.0
175,48,651.000,409.000,6.000,6.000,1.0,1,1.0
176,48,636.000,408.000,6.000,7.000,1.0,1,1.0
177,48,631.000,413.000,5.000,6.000,1.0,1,1.0
178,48,637.000,429.000,4.000,6.000,1.0,1,1.0
179,48,640.000,429.000,6.000,7.000,1.0,1,1.0
180,48,647.000,440.000,5.000,5.000,1.0,1,1.0
181,48,652.000,439.000,6.000,6.000,1.0,1,1.0
182,48,664.000,433.000,5.000,7.000,1.0,1,1.0
183,48,669.000,430.000,6.000,4.000,1.0,1,1.0
185,48,665.000,444.000,7.000,5.000,1.0,1,1.0
186,48,667.000,443.000,8.000,5.000,1.0,1,1.0
187,48,668.000,443.000,8.000,5.000,1.0,1,1.0
193,48,672.000,442.000,9.000,6.000,1.0,1,1.0
194,48,673.000,443.000,8.000,5.000,1.0,1,1.0
195,48,674.000,442.000,7.000,6.000,1.0,1,1.0
196,48,675.000,443.000,6.000,5.000,1.0,1,1.0
197,48,675.000,443.000,6.000,5.000,1.0,1,1.0
198,48,675.000,443.000,6.000,5.000,1.0,1,1.0
199,48,675.000,443.000,6.000,5.000,1.0,1,1.0
200,48,674.000,443.000,7.000,5.000,1.0,1,1.0
201,48,674.000,443.000,7.000,5.000,1.0,1,1.0
202,48,674.000,443.000,6.000,5.000,1.0,1,1.0
203,48,675.000,443.000,6.000,5.000,1.0,1,1.0
204,48,675.000,443.000,6.000,5.000,1.0,1,1.0
205,48,677.000,435.000,5.000,8.000,1.0,1,1.0
206,48,673.000,440.000,4.000,7.000,1.0,1,1.0
207,48,671.000,441.000,5.000,4.000,1.0,1,1.0
208,48,670.000,441.000,6.000,5.000,1.0,1,1.0
209,48,670.000,442.000,5.000,5.000,1.0,1,1.0
210,48,670.000,442.000,5.000,5.000,1.0,1,1.0
211,48,672.000,442.000,5.000,4.000,1.0,1,1.0
212,48,674.000,442.000,6.000,4.000,1.0,1,1.0
213,48,674.000,442.000,7.000,4.000,1.0,1,1.0
214,48,674.000,442.000,7.000,5.000,1.0,1,1.0
215,48,674.000,442.000,6.000,5.000,1.0,1,1.0
216,48,675.000,442.000,6.000,4.000,1.0,1,1.0
217,48,677.000,442.000,5.000,5.000,1.0,1,1.0
218,48,677.000,442.000,5.000,5.000,1.0,1,1.0
219,48,676.000,442.000,5.000,5.000,1.0,1,1.0
220,48,676.000,442.000,5.000,5.000,1.0,1,1.0
221,48,675.000,442.000,5.000,5.000,1.0,1,1.0
222,48,675.000,442.000,4.000,5.000,1.0,1,1.0
223,48,673.000,442.000,5.000,5.000,1.0,1,1.0
224,48,671.000,442.000,5.000,5.000,1.0,1,1.0
225,48,669.000,443.000,6.000,4.000,1.0,1,1.0
226,48,667.000,443.000,6.000,4.000,1.0,1,1.0
227,48,666.000,443.000,6.000,4.000,1.0,1,1.0
229,48,665.000,442.000,7.000,5.000,1.0,1,1.0
232,48,662.000,441.000,7.000,5.000,1.0,1,1.0
233,48,663.000,442.000,7.000,5.000,1.0,1,1.0
234,48,664.000,442.000,6.000,5.000,1.0,1,1.0
235,48,664.000,441.000,7.000,6.000,1.0,1,1.0
236,48,665.000,441.000,6.000,5.000,1.0,1,1.0
237,48,662.000,441.000,10.000,6.000,1.0,1,1.0
238,48,664.000,441.000,9.000,6.000,1.0,1,1.0
239,48,664.000,441.000,10.000,7.000,1.0,1,1.0
240,48,666.000,442.000,8.000,7.000,1.0,1,1.0
241,48,666.000,442.000,8.000,7.000,1.0,1,1.0
242,48,667.000,442.000,7.000,7.000,1.0,1,1.0
243,48,668.000,442.000,6.000,7.000,1.0,1,1.0
244,48,669.000,442.000,6.000,6.000,1.0,1,1.0
245,48,668.000,442.000,8.000,5.000,1.0,1,1.0
246,48,671.000,442.000,6.000,3.000,1.0,1,1.0
247,48,672.000,441.000,5.000,4.000,1.0,1,1.0
248,48,672.000,441.000,5.000,5.000,1.0,1,1.0
250,48,671.000,441.000,5.000,4.000,1.0,1,1.0
251,48,669.000,440.000,5.000,5.000,1.0,1,1.0
252,48,668.000,441.000,5.000,4.000,1.0,1,1.0
253,48,667.000,441.000,5.000,4.000,1.0,1,1.0
254,48,666.000,441.000,5.000,4.000,1.0,1,1.0
255,48,665.000,441.000,5.000,4.000,1.0,1,1.0
256,48,665.000,441.000,5.000,4.000,1.0,1,1.0
257,48,665.000,440.000,5.000,5.000,1.0,1,1.0
258,48,662.000,441.000,8.000,6.000,1.0,1,1.0
260,48,664.000,440.000,6.000,6.000,1.0,1,1.0
261,48,665.000,441.000,5.000,5.000,1.0,1,1.0
262,48,666.000,441.000,5.000,4.000,1.0,1,1.0
263,48,665.000,440.000,5.000,5.000,1.0,1,1.0
264,48,664.000,441.000,5.000,4.000,1.0,1,1.0
265,48,662.000,441.000,5.000,4.000,1.0,1,1.0
266,48,661.000,441.000,5.000,4.000,1.0,1,1.0
267,48,660.000,441.000,6.000,4.000,1.0,1,1.0
268,48,659.000,441.000,6.000,4.000,1.0,1,1.0
269,48,659.000,440.000,6.000,5.000,1.0,1,1.0
270,48,659.000,440.000,5.000,5.000,1.0,1,1.0
271,48,658.000,440.000,6.000,5.000,1.0,1,1.0
272,48,659.000,440.000,5.000,5.000,1.0,1,1.0
273,48,659.000,441.000,5.000,4.000,1.0,1,1.0
274,48,659.000,441.000,5.000,4.000,1.0,1,1.0
275,48,659.000,441.000,5.000,4.000,1.0,1,1.0
276,48,658.000,441.000,6.000,4.000,1.0,1,1.0
277,48,659.000,441.000,5.000,4.000,1.0,1,1.0
278,48,658.000,441.000,6.000,4.000,1.0,1,1.0
279,48,659.000,441.000,5.000,4.000,1.0,1,1.0
280,48,658.000,441.000,6.000,4.000,1.0,1,1.0
281,48,659.000,441.000,6.000,4.000,1.0,1,1.0
282,48,659.000,441.000,6.000,4.000,1.0,1,1.0
283,48,659.000,441.000,5.000,4.000,1.0,1,1.0
284,48,659.000,441.000,5.000,4.000,1.0,1,1.0
285,48,659.000,441.000,5.000,4.000,1.0,1,1.0
286,48,659.000,441.000,5.000,4.000,1.0,1,1.0
287,48,659.000,441.000,5.000,4.000,1.0,1,1.0
288,48,659.000,441.000,5.000,4.000,1.0,1,1.0
289,48,659.000,441.000,5.000,4.000,1.0,1,1.0
290,48,659.000,441.000,5.000,4.000,1.0,1,1.0
291,48,658.000,441.000,6.000,4.000,1.0,1,1.0
292,48,658.000,441.000,6.000,4.000,1.0,1,1.0
293,48,659.000,441.000,5.000,4.000,1.0,1,1.0
294,48,658.000,441.000,6.000,4.000,1.0,1,1.0
295,48,658.000,441.000,6.000,4.000,1.0,1,1.0
296,48,659.000,441.000,5.000,4.000,1.0,1,1.0
297,48,659.000,441.000,5.000,4.000,1.0,1,1.0
298,48,658.000,441.000,6.000,4.000,1.0,1,1.0
299,48,658.000,440.000,6.000,5.000,1.0,1,1.0
300,48,659.000,441.000,5.000,4.000,1.0,1,1.0
301,48,659.000,441.000,5.000,4.000,1.0,1,1.0
302,48,659.000,441.000,5.000,4.000,1.0,1,1.0
303,48,657.000,436.000,6.000,8.000,1.0,1,1.0
304,48,651.000,435.000,6.000,4.000,1.0,1,1.0
305,48,656.000,439.000,5.000,5.000,1.0,1,1.0
306,48,655.000,439.000,4.000,5.000,1.0,1,1.0
307,48,655.000,439.000,5.000,5.000,1.0,1,1.0
317,48,638.000,440.000,7.000,5.000,1.0,1,1.0
318,48,636.000,441.000,7.000,5.000,1.0,1,1.0
319,48,634.000,440.000,7.000,5.000,1.0,1,1.0
320,48,633.000,441.000,7.000,4.000,1.0,1,1.0
321,48,633.000,441.000,6.000,4.000,1.0,1,1.0
322,48,633.000,440.000,6.000,5.000,1.0,1,1.0
323,48,632.000,440.000,7.000,5.000,1.0,1,1.0
324,48,632.000,440.000,6.000,4.000,1.0,1,1.0
325,48,631.000,440.000,6.000,4.000,1.0,1,1.0
326,48,631.000,440.000,6.000,4.000,1.0,1,1.0
327,48,631.000,440.000,5.000,4.000,1.0,1,1.0
328,48,630.000,440.000,6.000,4.000,1.0,1,1.0
329,48,630.000,440.000,6.000,4.000,1.0,1,1.0
330,48,631.000,440.000,5.000,5.000,1.0,1,1.0
333,48,626.000,441.000,8.000,5.000,1.0,1,1.0
334,48,629.000,442.000,7.000,5.000,1.0,1,1.0
335,48,631.000,442.000,8.000,4.000,1.0,1,1.0
336,48,632.000,442.000,8.000,5.000,1.0,1,1.0
337,48,634.000,442.000,8.000,5.000,1.0,1,1.0
338,48,636.000,442.000,7.000,5.000,1.0,1,1.0
339,48,638.000,442.000,7.000,5.000,1.0,1,1.0
340,48,640.000,442.000,7.000,4.000,1.0,1,1.0
344,48,648.000,440.000,6.000,6.000,1.0,1,1.0
345,48,644.000,439.000,6.000,6.000,1.0,1,1.0
346,48,632.000,440.000,5.000,6.000,1.0,1,1.0
347,48,631.000,442.000,6.000,6.000,1.0,1,1.0
348,48,632.000,444.000,6.000,4.000,1.0,1,1.0
349,48,632.000,444.000,7.000,4.000,1.0,1,1.0
350,48,633.000,443.000,6.000,5.000,1.0,1,1.0
351,48,634.000,443.000,7.000,5.000,1.0,1,1.0
352,48,635.000,443.000,6.000,5.000,1.0,1,1.0
353,48,635.000,443.000,6.000,5.000,1.0,1,1.0
354,48,636.000,442.000,6.000,6.000,1.0,1,1.0
355,48,636.000,442.000,6.000,5.000,1.0,1,1.0
356,48,636.000,442.000,6.000,5.000,1.0,1,1.0
357,48,636.000,443.000,6.000,4.000,1.0,1,1.0
363,48,630.000,442.000,6.000,5.000,1.0,1,1.0
1,44,635.000,443.000,5.000,4.000,1.0,1,1.0
2,44,633.000,443.000,5.000,4.000,1.0,1,1.0
3,44,633.000,442.000,5.000,5.000,1.0,1,1.0
4,44,633.000,441.000,5.000,6.000,1.0,1,1.0
5,44,632.000,439.000,6.000,7.000,1.0,1,1.0
6,44,632.000,439.000,5.000,8.000,1.0,1,1.0
7,44,631.000,438.000,6.000,9.000,1.0,1,1.0
8,44,630.000,436.000,6.000,9.000,1.0,1,1.0
9,44,631.000,434.000,5.000,9.000,1.0,1,1.0
10,44,631.000,431.000,5.000,9.000,1.0,1,1.0
11,44,631.000,429.000,4.000,8.000,1.0,1,1.0
12,44,630.000,426.000,5.000,8.000,1.0,1,1.0
13,44,630.000,423.000,4.000,8.000,1.0,1,1.0
14,44,628.000,420.000,5.000,8.000,1.0,1,1.0
15,44,627.000,416.000,5.000,8.000,1.0,1,1.0
16,44,626.000,413.000,5.000,8.000,1.0,1,1.0
17,44,624.000,409.000,6.000,8.000,1.0,1,1.0
18,44,622.000,407.000,6.000,7.000,1.0,1,1.0
19,44,621.000,404.000,5.000,7.000,1.0,1,1.0
20,44,619.000,401.000,5.000,7.000,1.0,1,1.0
21,44,617.000,398.000,6.000,8.000,1.0,1,1.0
22,44,616.000,396.000,5.000,7.000,1.0,1,1.0
23,44,616.000,393.000,5.000,7.000,1.0,1,1.0
24,44,614.000,390.000,5.000,7.000,1.0,1,1.0
25,44,614.000,388.000,5.000,7.000,1.0,1,1.0
26,44,614.000,386.000,4.000,7.000,1.0,1,1.0
27,44,613.000,386.000,5.000,5.000,1.0,1,1.0
28,44,613.000,385.000,5.000,5.000,1.0,1,1.0
29,44,613.000,385.000,5.000,5.000,1.0,1,1.0
30,44,614.000,384.000,5.000,5.000,1.0,1,1.0
31,44,614.000,384.000,5.000,4.000,1.0,1,1.0
32,44,614.000,382.000,5.000,8.000,1.0,1,1.0
33,44,614.000,381.000,5.000,8.000,1.0,1,1.0
34,44,614.000,379.000,4.000,8.000,1.0,1,1.0
35,44,614.000,377.000,4.000,8.000,1.0,1,1.0
36,44,614.000,375.000,4.000,8.000,1.0,1,1.0
37,44,614.000,372.000,4.000,9.000,1.0,1,1.0
38,44,614.000,370.000,4.000,9.000,1.0,1,1.0
39,44,614.000,367.000,4.000,9.000,1.0,1,1.0
40,44,614.000,365.000,4.000,8.000,1.0,1,1.0
41,44,614.000,362.000,4.000,8.000,1.0,1,1.0
42,44,614.000,360.000,4.000,6.000,1.0,1,1.0
43,44,614.000,357.000,4.000,7.000,1.0,1,1.0
44,44,614.000,354.000,4.000,7.000,1.0,1,1.0
45,44,614.000,352.000,5.000,7.000,1.0,1,1.0
46,44,614.000,350.000,5.000,7.000,1.0,1,1.0
47,44,615.000,348.000,5.000,7.000,1.0,1,1.0
48,44,616.000,345.000,5.000,8.000,1.0,1,1.0
49,44,617.000,343.000,5.000,7.000,1.0,1,1.0
50,44,618.000,340.000,5.000,8.000,1.0,1,1.0
51,44,620.000,338.000,5.000,7.000,1.0,1,1.0
52,44,622.000,336.000,5.000,7.000,1.0,1,1.0
53,44,624.000,334.000,5.000,7.000,1.0,1,1.0
54,44,626.000,332.000,6.000,7.000,1.0,1,1.0
55,44,627.000,330.000,6.000,7.000,1.0,1,1.0
56,44,629.000,328.000,5.000,7.000,1.0,1,1.0
57,44,630.000,326.000,6.000,7.000,1.0,1,1.0
58,44,632.000,323.000,5.000,8.000,1.0,1,1.0
59,44,633.000,321.000,6.000,8.000,1.0,1,1.0
60,44,634.000,320.000,6.000,8.000,1.0,1,1.0
61,44,636.000,318.000,6.000,8.000,1.0,1,1.0
62,44,637.000,317.000,6.000,7.000,1.0,1,1.0
63,44,638.000,316.000,7.000,7.000,1.0,1,1.0
64,44,639.000,315.000,7.000,7.000,1.0,1,1.0
65,44,640.000,313.000,7.000,8.000,1.0,1,1.0
66,44,640.000,313.000,7.000,8.000,1.0,1,1.0
67,44,655.000,298.000,6.000,6.000,1.0,1,1.0
68,44,680.000,284.000,5.000,6.000,1.0,1,1.0
69,44,680.000,285.000,4.000,6.000,1.0,1,1.0
70,44,680.000,284.000,4.000,7.000,1.0,1,1.0
71,44,680.000,284.000,4.000,7.000,1.0,1,1.0
72,44,680.000,284.000,4.000,7.000,1.0,1,1.0
73,44,680.000,283.000,4.000,7.000,1.0,1,1.0
74,44,680.000,282.000,4.000,7.000,1.0,1,1.0
75,44,681.000,280.000,3.000,7.000,1.0,1,1.0
76,44,681.000,278.000,4.000,6.000,1.0,1,1.0
77,44,681.000,276.000,4.000,6.000,1.0,1,1.0
78,44,681.000,273.000,4.000,6.000,1.0,1,1.0
79,44,681.000,271.000,4.000,6.000,1.0,1,1.0
80,44,680.000,269.000,5.000,6.000,1.0,1,1.0
81,44,680.000,267.000,4.000,6.000,1.0,1,1.0
82,44,679.000,264.000,5.000,7.000,1.0,1,1.0
83,44,678.000,262.000,5.000,7.000,1.0,1,1.0
84,44,676.000,260.000,6.000,7.000,1.0,1,1.0
85,44,675.000,259.000,6.000,6.000,1.0,1,1.0
86,44,674.000,256.000,6.000,7.000,1.0,1,1.0
87,44,674.000,255.000,5.000,6.000,1.0,1,1.0
88,44,673.000,252.000,5.000,8.000,1.0,1,1.0
89,44,673.000,250.000,5.000,8.000,1.0,1,1.0
90,44,674.000,247.000,4.000,9.000,1.0,1,1.0
91,44,675.000,245.000,4.000,9.000,1.0,1,1.0
92,44,675.000,243.000,5.000,8.000,1.0,1,1.0
93,44,676.000,240.000,4.000,9.000,1.0,1,1.0
94,44,676.000,238.000,5.000,8.000,1.0,1,1.0
95,44,677.000,236.000,4.000,8.000,1.0,1,1.0
96,44,677.000,233.000,4.000,9.000,1.0,1,1.0
97,44,678.000,231.000,4.000,9.000,1.0,1,1.0
98,44,678.000,228.000,4.000,9.000,1.0,1,1.0
99,44,678.000,226.000,5.000,8.000,1.0,1,1.0
100,44,678.000,223.000,5.000,8.000,1.0,1,1.0
101,44,679.000,220.000,4.000,9.000,1.0,1,1.0
102,44,679.000,218.000,4.000,8.000,1.0,1,1.0
103,44,679.000,214.000,5.000,9.000,1.0,1,1.0
104,44,680.000,212.000,4.000,8.000,1.0,1,1.0
105,44,680.000,210.000,4.000,8.000,1.0,1,1.0
106,44,681.000,207.000,4.000,7.000,1.0,1,1.0
107,44,681.000,205.000,4.000,7.000,1.0,1,1.0
108,44,681.000,202.000,4.000,7.000,1.0,1,1.0
109,44,681.000,200.000,4.000,7.000,1.0,1,1.0
110,44,681.000,198.000,4.000,7.000,1.0,1,1.0
111,44,681.000,196.000,4.000,7.000,1.0,1,1.0
112,44,681.000,194.000,4.000,7.000,1.0,1,1.0
113,44,681.000,192.000,4.000,7.000,1.0,1,1.0
114,44,680.000,190.000,4.000,7.000,1.0,1,1.0
115,44,680.000,187.000,4.000,8.000,1.0,1,1.0
116,44,679.000,185.000,4.000,7.000,1.0,1,1.0
117,44,679.000,182.000,4.000,8.000,1.0,1,1.0
118,44,678.000,180.000,4.000,7.000,1.0,1,1.0
119,44,678.000,178.000,4.000,7.000,1.0,1,1.0
120,44,677.000,175.000,4.000,8.000,1.0,1,1.0
121,44,676.000,172.000,5.000,8.000,1.0,1,1.0
122,44,675.000,169.000,5.000,9.000,1.0,1,1.0
123,44,675.000,167.000,4.000,8.000,1.0,1,1.0
124,44,674.000,164.000,5.000,8.000,1.0,1,1.0
125,44,674.000,161.000,4.000,9.000,1.0,1,1.0
126,44,673.000,159.000,5.000,8.000,1.0,1,1.0
127,44,673.000,156.000,4.000,9.000,1.0,1,1.0
128,44,672.000,154.000,5.000,9.000,1.0,1,1.0
129,44,672.000,152.000,4.000,9.000,1.0,1,1.0
130,44,670.000,150.000,5.000,8.000,1.0,1,1.0
131,44,669.000,148.000,5.000,7.000,1.0,1,1.0
132,44,668.000,145.000,5.000,8.000,1.0,1,1.0
133,44,666.000,143.000,5.000,8.000,1.0,1,1.0
134,44,664.000,141.000,5.000,8.000,1.0,1,1.0
135,44,663.000,140.000,5.000,8.000,1.0,1,1.0
136,44,661.000,140.000,7.000,5.000,1.0,1,1.0
137,44,658.000,141.000,8.000,4.000,1.0,1,1.0
138,44,656.000,141.000,7.000,4.000,1.0,1,1.0
139,44,653.000,142.000,8.000,4.000,1.0,1,1.0
140,44,651.000,142.000,7.000,4.000,1.0,1,1.0
141,44,649.000,141.000,8.000,5.000,1.0,1,1.0
142,44,648.000,140.000,8.000,5.000,1.0,1,1.0
143,44,649.000,138.000,6.000,7.000,1.0,1,1.0
144,44,649.000,137.000,5.000,7.000,1.0,1,1.0
145,44,648.000,134.000,5.000,8.000,1.0,1,1.0
146,44,647.000,132.000,5.000,7.000,1.0,1,1.0
147,44,646.000,129.000,5.000,8.000,1.0,1,1.0
148,44,645.000,127.000,5.000,7.000,1.0,1,1.0
149,44,644.000,124.000,5.000,8.000,1.0,1,1.0
150,44,643.000,121.000,5.000,8.000,1.0,1,1.0
151,44,642.000,118.000,5.000,8.000,1.0,1,1.0
152,44,641.000,116.000,5.000,8.000,1.0,1,1.0
153,44,641.000,113.000,4.000,9.000,1.0,1,1.0
154,44,639.000,110.000,5.000,8.000,1.0,1,1.0
155,44,639.000,107.000,5.000,9.000,1.0,1,1.0
156,44,638.000,105.000,4.000,8.000,1.0,1,1.0
157,44,637.000,102.000,5.000,7.000,1.0,1,1.0
158,44,636.000,102.000,5.000,6.000,1.0,1,1.0
181,44,615.000,53.000,5.000,6.000,1.0,1,1.0
182,44,615.000,52.000,5.000,7.000,1.0,1,1.0
183,44,615.000,49.000,5.000,8.000,1.0,1,1.0
184,44,615.000,48.000,4.000,7.000,1.0,1,1.0
185,44,614.000,45.000,5.000,8.000,1.0,1,1.0
186,44,614.000,43.000,4.000,7.000,1.0,1,1.0
187,44,614.000,42.000,4.000,7.000,1.0,1,1.0
188,44,614.000,40.000,4.000,7.000,1.0,1,1.0
189,44,614.000,39.000,4.000,7.000,1.0,1,1.0
190,44,614.000,39.000,5.000,6.000,1.0,1,1.0
191,44,615.000,39.000,5.000,5.000,1.0,1,1.0
192,44,615.000,38.000,5.000,6.000,1.0,1,1.0
193,44,616.000,37.000,5.000,6.000,1.0,1,1.0
194,44,617.000,36.000,5.000,6.000,1.0,1,1.0
195,44,618.000,35.000,5.000,6.000,1.0,1,1.0
196,44,619.000,34.000,6.000,6.000,1.0,1,1.0
197,44,620.000,33.000,6.000,6.000,1.0,1,1.0
198,44,622.000,32.000,6.000,6.000,1.0,1,1.0
199,44,623.000,31.000,6.000,6.000,1.0,1,1.0
200,44,625.000,30.000,6.000,6.000,1.0,1,1.0
201,44,627.000,30.000,7.000,5.000,1.0,1,1.0
202,44,628.000,29.000,9.000,5.000,1.0,1,1.0
203,44,631.000,29.000,9.000,5.000,1.0,1,1.0
204,44,633.000,29.000,9.000,4.000,1.0,1,1.0
205,44,636.000,29.000,9.000,4.000,1.0,1,1.0
206,44,638.000,28.000,9.000,4.000,1.0,1,1.0
207,44,641.000,27.000,7.000,5.000,1.0,1,1.0
208,44,642.000,26.000,9.000,5.000,1.0,1,1.0
209,44,645.000,25.000,8.000,5.000,1.0,1,1.0
210,44,647.000,24.000,9.000,5.000,1.0,1,1.0
211,44,649.000,23.000,9.000,5.000,1.0,1,1.0
212,44,651.000,22.000,9.000,6.000,1.0,1,1.0
213,44,653.000,22.000,8.000,5.000,1.0,1,1.0
214,44,654.000,22.000,9.000,5.000,1.0,1,1.0
215,44,657.000,21.000,8.000,6.000,1.0,1,1.0
216,44,658.000,21.000,8.000,5.000,1.0,1,1.0
217,44,659.000,21.000,9.000,5.000,1.0,1,1.0
218,44,661.000,21.000,9.000,4.000,1.0,1,1.0
219,44,663.000,22.000,8.000,5.000,1.0,1,1.0
220,44,665.000,24.000,7.000,5.000,1.0,1,1.0
221,44,666.000,25.000,7.000,5.000,1.0,1,1.0
222,44,667.000,27.000,8.000,5.000,1.0,1,1.0
223,44,668.000,27.000,8.000,5.000,1.0,1,1.0
224,44,669.000,27.000,8.000,5.000,1.0,1,1.0
225,44,671.000,27.000,7.000,5.000,1.0,1,1.0
226,44,672.000,26.000,7.000,5.000,1.0,1,1.0
227,44,672.000,25.000,7.000,5.000,1.0,1,1.0
228,44,673.000,24.000,6.000,6.000,1.0,1,1.0
229,44,673.000,23.000,7.000,6.000,1.0,1,1.0
230,44,674.000,21.000,6.000,6.000,1.0,1,1.0
231,44,675.000,18.000,5.000,8.000,1.0,1,1.0
232,44,675.000,17.000,6.000,8.000,1.0,1,1.0
233,44,676.000,17.000,5.000,8.000,1.0,1,1.0
234,44,676.000,17.000,5.000,8.000,1.0,1,1.0
235,44,675.000,17.000,6.000,8.000,1.0,1,1.0
236,44,675.000,17.000,6.000,8.000,1.0,1,1.0
237,44,676.000,18.000,5.000,6.000,1.0,1,1.0
238,44,676.000,18.000,5.000,7.000,1.0,1,1.0
239,44,675.000,18.000,5.000,7.000,1.0,1,1.0
240,44,674.000,18.000,6.000,7.000,1.0,1,1.0
241,44,672.000,16.000,7.000,8.000,1.0,1,1.0
242,44,672.000,15.000,7.000,8.000,1.0,1,1.0
243,44,669.000,13.000,8.000,8.000,1.0,1,1.0
244,44,669.000,12.000,7.000,7.000,1.0,1,1.0
1,43,626.000,442.000,6.000,4.000,1.0,1,1.0
2,43,626.000,443.000,6.000,4.000,1.0,1,1.0
3,43,626.000,443.000,6.000,5.000,1.0,1,1.0
4,43,627.000,442.000,6.000,5.000,1.0,1,1.0
5,43,626.000,442.000,7.000,5.000,1.0,1,1.0
6,43,627.000,442.000,6.000,5.000,1.0,1,1.0
7,43,627.000,442.000,6.000,6.000,1.0,1,1.0
15,43,628.000,443.000,6.000,4.000,1.0,1,1.0
16,43,629.000,443.000,5.000,4.000,1.0,1,1.0
17,43,629.000,443.000,6.000,4.000,1.0,1,1.0
18,43,629.000,443.000,6.000,4.000,1.0,1,1.0
19,43,629.000,443.000,7.000,4.000,1.0,1,1.0
20,43,628.000,436.000,7.000,7.000,1.0,1,1.0
21,43,645.000,430.000,5.000,6.000,1.0,1,1.0
22,43,650.000,435.000,5.000,5.000,1.0,1,1.0
23,43,645.000,439.000,6.000,5.000,1.0,1,1.0
24,43,643.000,438.000,5.000,6.000,1.0,1,1.0
25,43,650.000,436.000,6.000,5.000,1.0,1,1.0
32,43,652.000,444.000,8.000,4.000,1.0,1,1.0
45,43,635.000,440.000,6.000,5.000,1.0,1,1.0
48,43,613.000,439.000,6.000,6.000,1.0,1,1.0
67,43,638.000,443.000,6.000,4.000,1.0,1,1.0
68,43,638.000,443.000,5.000,4.000,1.0,1,1.0
69,43,638.000,443.000,6.000,4.000,1.0,1,1.0
70,43,638.000,443.000,6.000,4.000,1.0,1,1.0
71,43,638.000,443.000,6.000,4.000,1.0,1,1.0
72,43,638.000,443.000,6.000,4.000,1.0,1,1.0
74,43,644.000,424.000,6.000,5.000,1.0,1,1.0
75,43,647.000,428.000,5.000,9.000,1.0,1,1.0
76,43,646.000,440.000,5.000,4.000,1.0,1,1.0
77,43,644.000,438.000,4.000,5.000,1.0,1,1.0
78,43,643.000,441.000,6.000,4.000,1.0,1,1.0
79,43,643.000,440.000,5.000,5.000,1.0,1,1.0
82,43,641.000,441.000,7.000,5.000,1.0,1,1.0
92,43,637.000,442.000,7.000,6.000,1.0,1,1.0
93,43,638.000,442.000,7.000,5.000,1.0,1,1.0
94,43,638.000,441.000,7.000,6.000,1.0,1,1.0
95,43,638.000,441.000,7.000,5.000,1.0,1,1.0
96,43,638.000,441.000,7.000,5.000,1.0,1,1.0
97,43,638.000,440.000,7.000,6.000,1.0,1,1.0
98,43,639.000,439.000,5.000,7.000,1.0,1,1.0
99,43,639.000,439.000,6.000,7.000,1.0,1,1.0
100,43,639.000,439.000,6.000,7.000,1.0,1,1.0
101,43,639.000,439.000,6.000,7.000,1.0,1,1.0
102,43,639.000,439.000,6.000,7.000,1.0,1,1.0
103,43,639.000,438.000,6.000,8.000,1.0,1,1.0
104,43,639.000,438.000,6.000,8.000,1.0,1,1.0
105,43,639.000,438.000,6.000,8.000,1.0,1,1.0
106,43,639.000,438.000,5.000,8.000,1.0,1,1.0
107,43,639.000,438.000,5.000,8.000,1.0,1,1.0
108,43,639.000,438.000,5.000,8.000,1.0,1,1.0
109,43,639.000,437.000,5.000,8.000,1.0,1,1.0
110,43,637.000,438.000,8.000,8.000,1.0,1,1.0
111,43,637.000,438.000,8.000,9.000,1.0,1,1.0
112,43,639.000,438.000,6.000,8.000,1.0,1,1.0
113,43,639.000,438.000,5.000,8.000,1.0,1,1.0
114,43,639.000,438.000,5.000,8.000,1.0,1,1.0
115,43,639.000,438.000,6.000,8.000,1.0,1,1.0
116,43,638.000,438.000,6.000,8.000,1.0,1,1.0
117,43,639.000,438.000,5.000,8.000,1.0,1,1.0
118,43,638.000,438.000,6.000,8.000,1.0,1,1.0
119,43,638.000,437.000,6.000,9.000,1.0,1,1.0
120,43,638.000,437.000,6.000,9.000,1.0,1,1.0
121,43,638.000,436.000,6.000,9.000,1.0,1,1.0
122,43,638.000,436.000,7.000,9.000,1.0,1,1.0
123,43,638.000,436.000,7.000,9.000,1.0,1,1.0
124,43,638.000,435.000,6.000,9.000,1.0,1,1.0
125,43,639.000,435.000,5.000,8.000,1.0,1,1.0
126,43,640.000,434.000,4.000,9.000,1.0,1,1.0
127,43,640.000,434.000,5.000,8.000,1.0,1,1.0
128,43,640.000,434.000,4.000,8.000,1.0,1,1.0
129,43,640.000,434.000,5.000,8.000,1.0,1,1.0
130,43,640.000,434.000,5.000,8.000,1.0,1,1.0
131,43,640.000,434.000,5.000,8.000,1.0,1,1.0
132,43,640.000,434.000,5.000,8.000,1.0,1,1.0
133,43,640.000,434.000,5.000,8.000,1.0,1,1.0
134,43,640.000,434.000,5.000,8.000,1.0,1,1.0
135,43,640.000,434.000,5.000,8.000,1.0,1,1.0
136,43,640.000,434.000,5.000,9.000,1.0,1,1.0
137,43,640.000,434.000,5.000,9.000,1.0,1,1.0
138,43,640.000,434.000,5.000,9.000,1.0,1,1.0
139,43,640.000,434.000,5.000,9.000,1.0,1,1.0
140,43,640.000,434.000,4.000,9.000,1.0,1,1.0
141,43,640.000,433.000,5.000,9.000,1.0,1,1.0
142,43,640.000,433.000,5.000,10.000,1.0,1,1.0
143,43,640.000,434.000,5.000,9.000,1.0,1,1.0
144,43,640.000,434.000,5.000,9.000,1.0,1,1.0
145,43,640.000,434.000,5.000,9.000,1.0,1,1.0
146,43,640.000,434.000,5.000,9.000,1.0,1,1.0
147,43,640.000,434.000,5.000,9.000,1.0,1,1.0
148,43,640.000,434.000,5.000,9.000,1.0,1,1.0
149,43,640.000,434.000,5.000,9.000,1.0,1,1.0
150,43,640.000,434.000,5.000,9.000,1.0,1,1.0
151,43,639.000,434.000,6.000,9.000,1.0,1,1.0
152,43,639.000,434.000,6.000,9.000,1.0,1,1.0
153,43,639.000,434.000,6.000,8.000,1.0,1,1.0
154,43,639.000,433.000,6.000,9.000,1.0,1,1.0
155,43,640.000,433.000,5.000,8.000,1.0,1,1.0
156,43,640.000,432.000,5.000,9.000,1.0,1,1.0
157,43,640.000,431.000,5.000,9.000,1.0,1,1.0
158,43,640.000,430.000,5.000,9.000,1.0,1,1.0
159,43,640.000,430.000,5.000,9.000,1.0,1,1.0
160,43,640.000,430.000,5.000,8.000,1.0,1,1.0
161,43,640.000,430.000,5.000,8.000,1.0,1,1.0
162,43,640.000,429.000,5.000,9.000,1.0,1,1.0
163,43,640.000,429.000,5.000,8.000,1.0,1,1.0
164,43,640.000,428.000,5.000,9.000,1.0,1,1.0
165,43,640.000,427.000,5.000,9.000,1.0,1,1.0
166,43,640.000,427.000,5.000,8.000,1.0,1,1.0
167,43,640.000,426.000,5.000,9.000,1.0,1,1.0
168,43,640.000,428.000,4.000,9.000,1.0,1,1.0
169,43,636.000,444.000,5.000,5.000,1.0,1,1.0
170,43,633.000,444.000,6.000,5.000,1.0,1,1.0
171,43,633.000,444.000,7.000,5.000,1.0,1,1.0
172,43,633.000,444.000,6.000,5.000,1.0,1,1.0
173,43,635.000,443.000,5.000,6.000,1.0,1,1.0
174,43,635.000,443.000,4.000,6.000,1.0,1,1.0
175,43,632.000,443.000,7.000,6.000,1.0,1,1.0
176,43,632.000,443.000,8.000,4.000,1.0,1,1.0
177,43,632.000,443.000,8.000,4.000,1.0,1,1.0
178,43,631.000,443.000,8.000,5.000,1.0,1,1.0
179,43,632.000,443.000,7.000,5.000,1.0,1,1.0
180,43,632.000,443.000,6.000,5.000,1.0,1,1.0
181,43,632.000,444.000,7.000,5.000,1.0,1,1.0
182,43,632.000,444.000,7.000,5.000,1.0,1,1.0
183,43,632.000,444.000,7.000,5.000,1.0,1,1.0
184,43,632.000,444.000,7.000,5.000,1.0,1,1.0
185,43,631.000,444.000,7.000,5.000,1.0,1,1.0
186,43,631.000,444.000,7.000,5.000,1.0,1,1.0
187,43,631.000,444.000,6.000,6.000,1.0,1,1.0
188,43,631.000,444.000,6.000,5.000,1.0,1,1.0
189,43,631.000,443.000,5.000,5.000,1.0,1,1.0
190,43,630.000,443.000,6.000,5.000,1.0,1,1.0
191,43,630.000,443.000,5.000,5.000,1.0,1,1.0
192,43,630.000,443.000,5.000,5.000,1.0,1,1.0
193,43,630.000,443.000,5.000,5.000,1.0,1,1.0
194,43,629.000,443.000,5.000,5.000,1.0,1,1.0
195,43,628.000,443.000,5.000,4.000,1.0,1,1.0
196,43,628.000,442.000,5.000,5.000,1.0,1,1.0
197,43,627.000,442.000,6.000,5.000,1.0,1,1.0
198,43,627.000,442.000,5.000,5.000,1.0,1,1.0
199,43,627.000,442.000,5.000,5.000,1.0,1,1.0
200,43,627.000,442.000,6.000,5.000,1.0,1,1.0
201,43,627.000,442.000,5.000,5.000,1.0,1,1.0
202,43,627.000,442.000,5.000,5.000,1.0,1,1.0
203,43,627.000,442.000,5.000,5.000,1.0,1,1.0
204,43,627.000,442.000,5.000,5.000,1.0,1,1.0
205,43,627.000,442.000,5.000,5.000,1.0,1,1.0
206,43,627.000,442.000,5.000,5.000,1.0,1,1.0
207,43,627.000,442.000,5.000,5.000,1.0,1,1.0
208,43,627.000,442.000,5.000,5.000,1.0,1,1.0
209,43,627.000,442.000,5.000,5.000,1.0,1,1.0
210,43,627.000,442.000,5.000,5.000,1.0,1,1.0
211,43,627.000,442.000,5.000,5.000,1.0,1,1.0
212,43,627.000,442.000,6.000,5.000,1.0,1,1.0
213,43,628.000,442.000,5.000,5.000,1.0,1,1.0
214,43,628.000,442.000,5.000,5.000,1.0,1,1.0
215,43,628.000,442.000,5.000,5.000,1.0,1,1.0
216,43,628.000,442.000,5.000,5.000,1.0,1,1.0
217,43,628.000,442.000,5.000,7.000,1.0,1,1.0
218,43,627.000,441.000,4.000,5.000,1.0,1,1.0
219,43,626.000,442.000,5.000,5.000,1.0,1,1.0
220,43,625.000,442.000,5.000,5.000,1.0,1,1.0
221,43,625.000,442.000,5.000,5.000,1.0,1,1.0
222,43,624.000,442.000,6.000,5.000,1.0,1,1.0
223,43,624.000,442.000,6.000,5.000,1.0,1,1.0
224,43,624.000,442.000,6.000,5.000,1.0,1,1.0
225,43,624.000,442.000,6.000,5.000,1.0,1,1.0
226,43,624.000,442.000,5.000,5.000,1.0,1,1.0
227,43,620.000,432.000,7.000,7.000,1.0,1,1.0
228,43,615.000,441.000,6.000,6.000,1.0,1,1.0
229,43,615.000,442.000,6.000,5.000,1.0,1,1.0
230,43,614.000,442.000,7.000,5.000,1.0,1,1.0
231,43,614.000,442.000,7.000,5.000,1.0,1,1.0
232,43,614.000,442.000,7.000,5.000,1.0,1,1.0
233,43,614.000,442.000,7.000,5.000,1.0,1,1.0
234,43,614.000,442.000,7.000,5.000,1.0,1,1.0
235,43,614.000,441.000,7.000,6.000,1.0,1,1.0
236,43,614.000,440.000,6.000,7.000,1.0,1,1.0
237,43,614.000,440.000,6.000,7.000,1.0,1,1.0
238,43,614.000,440.000,6.000,7.000,1.0,1,1.0
239,43,614.000,439.000,6.000,8.000,1.0,1,1.0
240,43,614.000,439.000,6.000,7.000,1.0,1,1.0
241,43,614.000,439.000,6.000,7.000,1.0,1,1.0
242,43,614.000,439.000,6.000,7.000,1.0,1,1.0
243,43,614.000,439.000,5.000,7.000,1.0,1,1.0
244,43,614.000,439.000,5.000,7.000,1.0,1,1.0
245,43,614.000,439.000,5.000,7.000,1.0,1,1.0
246,43,614.000,439.000,5.000,7.000,1.0,1,1.0
247,43,614.000,439.000,5.000,7.000,1.0,1,1.0
248,43,614.000,439.000,5.000,7.000,1.0,1,1.0
249,43,614.000,439.000,5.000,7.000,1.0,1,1.0
250,43,614.000,439.000,5.000,7.000,1.0,1,1.0
251,43,614.000,439.000,5.000,7.000,1.0,1,1.0
252,43,614.000,439.000,5.000,7.000,1.0,1,1.0
253,43,614.000,439.000,5.000,7.000,1.0,1,1.0
254,43,614.000,439.000,5.000,7.000,1.0,1,1.0
255,43,614.000,439.000,5.000,7.000,1.0,1,1.0
256,43,614.000,439.000,5.000,7.000,1.0,1,1.0
257,43,614.000,439.000,5.000,7.000,1.0,1,1.0
258,43,614.000,439.000,5.000,7.000,1.0,1,1.0
259,43,614.000,439.000,5.000,7.000,1.0,1,1.0
260,43,614.000,439.000,5.000,7.000,1.0,1,1.0
261,43,614.000,439.000,5.000,7.000,1.0,1,1.0
262,43,614.000,439.000,5.000,7.000,1.0,1,1.0
263,43,614.000,439.000,5.000,7.000,1.0,1,1.0
264,43,614.000,439.000,5.000,7.000,1.0,1,1.0
265,43,614.000,439.000,5.000,7.000,1.0,1,1.0
266,43,614.000,439.000,5.000,7.000,1.0,1,1.0
267,43,614.000,439.000,5.000,7.000,1.0,1,1.0
268,43,614.000,439.000,5.000,7.000,1.0,1,1.0
269,43,614.000,439.000,6.000,7.000,1.0,1,1.0
270,43,614.000,439.000,6.000,7.000,1.0,1,1.0
271,43,614.000,439.000,6.000,7.000,1.0,1,1.0
272,43,614.000,439.000,6.000,7.000,1.0,1,1.0
273,43,614.000,439.000,5.000,7.000,1.0,1,1.0
274,43,614.000,439.000,5.000,7.000,1.0,1,1.0
275,43,614.000,439.000,5.000,7.000,1.0,1,1.0
276,43,614.000,440.000,6.000,6.000,1.0,1,1.0
277,43,614.000,440.000,6.000,7.000,1.0,1,1.0
278,43,614.000,441.000,6.000,5.000,1.0,1,1.0
279,43,614.000,441.000,7.000,6.000,1.0,1,1.0
280,43,614.000,442.000,7.000,5.000,1.0,1,1.0
281,43,615.000,441.000,6.000,5.000,1.0,1,1.0
282,43,615.000,441.000,7.000,5.000,1.0,1,1.0
283,43,616.000,442.000,6.000,4.000,1.0,1,1.0
284,43,616.000,442.000,6.000,5.000,1.0,1,1.0
285,43,617.000,442.000,5.000,5.000,1.0,1,1.0
286,43,617.000,442.000,6.000,5.000,1.0,1,1.0
287,43,617.000,442.000,6.000,5.000,1.0,1,1.0
288,43,617.000,442.000,6.000,5.000,1.0,1,1.0
289,43,618.000,442.000,4.000,4.000,1.0,1,1.0
290,43,618.000,441.000,4.000,5.000,1.0,1,1.0
291,43,618.000,441.000,5.000,5.000,1.0,1,1.0
292,43,619.000,441.000,4.000,5.000,1.0,1,1.0
293,43,619.000,441.000,4.000,4.000,1.0,1,1.0
294,43,619.000,441.000,4.000,4.000,1.0,1,1.0
295,43,619.000,441.000,5.000,4.000,1.0,1,1.0
296,43,619.000,440.000,5.000,5.000,1.0,1,1.0
297,43,620.000,440.000,5.000,5.000,1.0,1,1.0
298,43,620.000,440.000,5.000,5.000,1.0,1,1.0
299,43,620.000,440.000,5.000,6.000,1.0,1,1.0
300,43,620.000,440.000,5.000,5.000,1.0,1,1.0
301,43,620.000,440.000,6.000,5.000,1.0,1,1.0
302,43,620.000,440.000,6.000,5.000,1.0,1,1.0
303,43,620.000,441.000,6.000,5.000,1.0,1,1.0
304,43,620.000,441.000,6.000,4.000,1.0,1,1.0
305,43,620.000,440.000,6.000,5.000,1.0,1,1.0
306,43,620.000,440.000,6.000,5.000,1.0,1,1.0
307,43,620.000,441.000,6.000,4.000,1.0,1,1.0
308,43,620.000,441.000,6.000,5.000,1.0,1,1.0
309,43,620.000,441.000,6.000,5.000,1.0,1,1.0
310,43,621.000,441.000,5.000,5.000,1.0,1,1.0
311,43,620.000,440.000,6.000,5.000,1.0,1,1.0
312,43,620.000,441.000,6.000,4.000,1.0,1,1.0
313,43,620.000,441.000,6.000,4.000,1.0,1,1.0
314,43,621.000,441.000,5.000,4.000,1.0,1,1.0
315,43,620.000,441.000,6.000,4.000,1.0,1,1.0
316,43,620.000,441.000,6.000,4.000,1.0,1,1.0
317,43,620.000,441.000,6.000,4.000,1.0,1,1.0
323,43,619.000,441.000,7.000,4.000,1.0,1,1.0
324,43,618.000,441.000,8.000,4.000,1.0,1,1.0
325,43,616.000,441.000,8.000,5.000,1.0,1,1.0
326,43,614.000,442.000,7.000,5.000,1.0,1,1.0
327,43,614.000,442.000,7.000,4.000,1.0,1,1.0
328,43,616.000,442.000,6.000,5.000,1.0,1,1.0
332,43,618.000,409.000,5.000,7.000,1.0,1,1.0
333,43,618.000,385.000,5.000,7.000,1.0,1,1.0
334,43,623.000,364.000,4.000,8.000,1.0,1,1.0
335,43,625.000,349.000,4.000,6.000,1.0,1,1.0
336,43,632.000,345.000,5.000,6.000,1.0,1,1.0
337,43,631.000,346.000,6.000,4.000,1.0,1,1.0
338,43,616.000,353.000,5.000,6.000,1.0,1,1.0
339,43,631.000,374.000,5.000,6.000,1.0,1,1.0
340,43,635.000,389.000,6.000,6.000,1.0,1,1.0
341,43,644.000,393.000,5.000,7.000,1.0,1,1.0
342,43,658.000,405.000,7.000,5.000,1.0,1,1.0
348,43,656.000,442.000,8.000,4.000,1.0,1,1.0
356,43,662.000,444.000,5.000,4.000,1.0,1,1.0
357,43,659.000,444.000,7.000,4.000,1.0,1,1.0
358,43,657.000,444.000,6.000,5.000,1.0,1,1.0
359,43,653.000,443.000,9.000,5.000,1.0,1,1.0
360,43,652.000,444.000,8.000,4.000,1.0,1,1.0
361,43,651.000,443.000,11.000,5.000,1.0,1,1.0
362,43,657.000,443.000,6.000,5.000,1.0,1,1.0
363,43,657.000,443.000,5.000,5.000,1.0,1,1.0
3,22,287.000,431.000,7.000,5.000,1.0,1,1.0
4,22,288.000,430.000,8.000,6.000,1.0,1,1.0
5,22,289.000,430.000,7.000,5.000,1.0,1,1.0
6,22,289.000,429.000,8.000,5.000,1.0,1,1.0
7,22,290.000,429.000,8.000,5.000,1.0,1,1.0
8,22,291.000,428.000,7.000,6.000,1.0,1,1.0
9,22,291.000,428.000,8.000,6.000,1.0,1,1.0
10,22,292.000,427.000,7.000,5.000,1.0,1,1.0
11,22,292.000,427.000,7.000,6.000,1.0,1,1.0
12,22,292.000,427.000,7.000,6.000,1.0,1,1.0
13,22,292.000,427.000,8.000,5.000,1.0,1,1.0
14,22,292.000,427.000,7.000,5.000,1.0,1,1.0
15,22,292.000,427.000,7.000,5.000,1.0,1,1.0
16,22,292.000,427.000,7.000,5.000,1.0,1,1.0
17,22,292.000,427.000,7.000,4.000,1.0,1,1.0
18,22,292.000,426.000,8.000,5.000,1.0,1,1.0
19,22,293.000,426.000,7.000,4.000,1.0,1,1.0
20,22,293.000,425.000,7.000,5.000,1.0,1,1.0
21,22,293.000,421.000,6.000,5.000,1.0,1,1.0
22,22,298.000,396.000,4.000,8.000,1.0,1,1.0
23,22,298.000,391.000,5.000,8.000,1.0,1,1.0
24,22,298.000,391.000,5.000,8.000,1.0,1,1.0
25,22,298.000,391.000,5.000,8.000,1.0,1,1.0
26,22,298.000,390.000,5.000,8.000,1.0,1,1.0
27,22,298.000,389.000,5.000,8.000,1.0,1,1.0
28,22,299.000,388.000,5.000,9.000,1.0,1,1.0
29,22,299.000,388.000,5.000,8.000,1.0,1,1.0
30,22,299.000,388.000,5.000,8.000,1.0,1,1.0
31,22,299.000,389.000,5.000,7.000,1.0,1,1.0
32,22,299.000,389.000,4.000,7.000,1.0,1,1.0
33,22,299.000,390.000,6.000,5.000,1.0,1,1.0
34,22,300.000,390.000,6.000,5.000,1.0,1,1.0
35,22,302.000,390.000,6.000,5.000,1.0,1,1.0
36,22,303.000,389.000,7.000,5.000,1.0,1,1.0
37,22,304.000,389.000,6.000,5.000,1.0,1,1.0
38,22,306.000,389.000,5.000,5.000,1.0,1,1.0
39,22,307.000,389.000,5.000,5.000,1.0,1,1.0
40,22,308.000,390.000,5.000,6.000,1.0,1,1.0
41,22,309.000,391.000,5.000,6.000,1.0,1,1.0
42,22,310.000,393.000,5.000,6.000,1.0,1,1.0
43,22,311.000,394.000,4.000,6.000,1.0,1,1.0
44,22,311.000,395.000,4.000,6.000,1.0,1,1.0
45,22,312.000,397.000,4.000,6.000,1.0,1,1.0
46,22,312.000,397.000,4.000,7.000,1.0,1,1.0
47,22,313.000,398.000,3.000,7.000,1.0,1,1.0
48,22,313.000,399.000,4.000,6.000,1.0,1,1.0
49,22,313.000,399.000,4.000,6.000,1.0,1,1.0
50,22,313.000,399.000,4.000,6.000,1.0,1,1.0
51,22,313.000,399.000,4.000,6.000,1.0,1,1.0
52,22,313.000,399.000,4.000,6.000,1.0,1,1.0
53,22,313.000,399.000,4.000,6.000,1.0,1,1.0
54,22,313.000,399.000,4.000,7.000,1.0,1,1.0
55,22,313.000,399.000,4.000,7.000,1.0,1,1.0
56,22,313.000,400.000,4.000,6.000,1.0,1,1.0
57,22,313.000,401.000,4.000,6.000,1.0,1,1.0
58,22,313.000,401.000,4.000,7.000,1.0,1,1.0
59,22,313.000,402.000,5.000,8.000,1.0,1,1.0
60,22,313.000,404.000,4.000,7.000,1.0,1,1.0
61,22,313.000,405.000,4.000,8.000,1.0,1,1.0
62,22,313.000,407.000,4.000,8.000,1.0,1,1.0
63,22,313.000,409.000,4.000,7.000,1.0,1,1.0
64,22,313.000,409.000,5.000,8.000,1.0,1,1.0
65,22,313.000,410.000,5.000,8.000,1.0,1,1.0
66,22,313.000,410.000,5.000,8.000,1.0,1,1.0
67,22,313.000,410.000,5.000,8.000,1.0,1,1.0
68,22,313.000,410.000,5.000,8.000,1.0,1,1.0
69,22,313.000,411.000,5.000,7.000,1.0,1,1.0
70,22,313.000,411.000,5.000,7.000,1.0,1,1.0
71,22,313.000,411.000,4.000,7.000,1.0,1,1.0
72,22,313.000,411.000,4.000,8.000,1.0,1,1.0
73,22,313.000,411.000,4.000,8.000,1.0,1,1.0
74,22,313.000,411.000,4.000,9.000,1.0,1,1.0
75,22,313.000,411.000,4.000,8.000,1.0,1,1.0
76,22,313.000,411.000,4.000,9.000,1.0,1,1.0
77,22,312.000,411.000,5.000,9.000,1.0,1,1.0
78,22,314.000,415.000,4.000,8.000,1.0,1,1.0
79,22,312.000,419.000,5.000,6.000,1.0,1,1.0
80,22,301.000,441.000,5.000,4.000,1.0,1,1.0
81,22,301.000,441.000,5.000,4.000,1.0,1,1.0
82,22,301.000,441.000,5.000,4.000,1.0,1,1.0
83,22,301.000,440.000,5.000,5.000,1.0,1,1.0
84,22,300.000,440.000,6.000,5.000,1.0,1,1.0
85,22,300.000,440.000,6.000,5.000,1.0,1,1.0
86,22,300.000,440.000,6.000,5.000,1.0,1,1.0
87,22,300.000,440.000,6.000,5.000,1.0,1,1.0
88,22,300.000,440.000,6.000,5.000,1.0,1,1.0
89,22,300.000,440.000,6.000,5.000,1.0,1,1.0
90,22,301.000,440.000,5.000,4.000,1.0,1,1.0
91,22,301.000,439.000,6.000,5.000,1.0,1,1.0
92,22,303.000,439.000,5.000,5.000,1.0,1,1.0
93,22,304.000,439.000,5.000,4.000,1.0,1,1.0
94,22,305.000,439.000,6.000,4.000,1.0,1,1.0
95,22,306.000,439.000,5.000,4.000,1.0,1,1.0
96,22,306.000,439.000,5.000,5.000,1.0,1,1.0
97,22,307.000,440.000,6.000,4.000,1.0,1,1.0
98,22,308.000,440.000,6.000,4.000,1.0,1,1.0
99,22,308.000,440.000,6.000,4.000,1.0,1,1.0
100,22,308.000,439.000,6.000,5.000,1.0,1,1.0
101,22,308.000,439.000,6.000,5.000,1.0,1,1.0
102,22,309.000,440.000,6.000,4.000,1.0,1,1.0
103,22,310.000,440.000,5.000,4.000,1.0,1,1.0
104,22,310.000,440.000,6.000,4.000,1.0,1,1.0
105,22,310.000,440.000,6.000,4.000,1.0,1,1.0
106,22,310.000,440.000,6.000,4.000,1.0,1,1.0
107,22,311.000,440.000,5.000,4.000,1.0,1,1.0
108,22,311.000,440.000,5.000,5.000,1.0,1,1.0
109,22,311.000,440.000,5.000,5.000,1.0,1,1.0
110,22,311.000,440.000,5.000,4.000,1.0,1,1.0
111,22,311.000,440.000,5.000,4.000,1.0,1,1.0
112,22,311.000,440.000,4.000,4.000,1.0,1,1.0
113,22,311.000,440.000,4.000,5.000,1.0,1,1.0
114,22,311.000,440.000,5.000,5.000,1.0,1,1.0
115,22,311.000,440.000,5.000,5.000,1.0,1,1.0
116,22,311.000,440.000,5.000,5.000,1.0,1,1.0
117,22,311.000,440.000,5.000,5.000,1.0,1,1.0
118,22,311.000,440.000,5.000,5.000,1.0,1,1.0
119,22,310.000,440.000,5.000,5.000,1.0,1,1.0
120,22,310.000,440.000,5.000,5.000,1.0,1,1.0
121,22,309.000,440.000,5.000,4.000,1.0,1,1.0
122,22,308.000,440.000,5.000,4.000,1.0,1,1.0
123,22,308.000,440.000,4.000,4.000,1.0,1,1.0
124,22,306.000,439.000,5.000,5.000,1.0,1,1.0
125,22,306.000,440.000,4.000,4.000,1.0,1,1.0
126,22,305.000,440.000,5.000,4.000,1.0,1,1.0
127,22,304.000,440.000,5.000,5.000,1.0,1,1.0
128,22,304.000,440.000,5.000,5.000,1.0,1,1.0
129,22,304.000,441.000,5.000,4.000,1.0,1,1.0
130,22,304.000,441.000,5.000,5.000,1.0,1,1.0
131,22,304.000,441.000,5.000,6.000,1.0,1,1.0
132,22,304.000,441.000,6.000,6.000,1.0,1,1.0
133,22,304.000,441.000,5.000,6.000,1.0,1,1.0
134,22,304.000,441.000,4.000,6.000,1.0,1,1.0
135,22,303.000,442.000,5.000,4.000,1.0,1,1.0
136,22,301.000,442.000,5.000,5.000,1.0,1,1.0
137,22,299.000,442.000,6.000,5.000,1.0,1,1.0
138,22,297.000,443.000,6.000,4.000,1.0,1,1.0
139,22,295.000,442.000,6.000,5.000,1.0,1,1.0
140,22,293.000,442.000,7.000,5.000,1.0,1,1.0
141,22,291.000,442.000,8.000,5.000,1.0,1,1.0
142,22,290.000,442.000,7.000,5.000,1.0,1,1.0
143,22,288.000,443.000,7.000,4.000,1.0,1,1.0
144,22,286.000,442.000,7.000,5.000,1.0,1,1.0
145,22,284.000,442.000,8.000,5.000,1.0,1,1.0
146,22,281.000,442.000,8.000,5.000,1.0,1,1.0
147,22,279.000,443.000,9.000,4.000,1.0,1,1.0
148,22,278.000,442.000,9.000,5.000,1.0,1,1.0
149,22,278.000,442.000,8.000,5.000,1.0,1,1.0
150,22,277.000,443.000,7.000,4.000,1.0,1,1.0
151,22,276.000,442.000,7.000,4.000,1.0,1,1.0
152,22,274.000,442.000,8.000,5.000,1.0,1,1.0
153,22,273.000,442.000,8.000,5.000,1.0,1,1.0
154,22,272.000,442.000,7.000,4.000,1.0,1,1.0
155,22,270.000,441.000,7.000,5.000,1.0,1,1.0
156,22,269.000,441.000,7.000,5.000,1.0,1,1.0
157,22,267.000,440.000,7.000,5.000,1.0,1,1.0
158,22,266.000,441.000,6.000,4.000,1.0,1,1.0
159,22,264.000,441.000,7.000,5.000,1.0,1,1.0
160,22,263.000,441.000,6.000,4.000,1.0,1,1.0
161,22,262.000,441.000,6.000,4.000,1.0,1,1.0
162,22,261.000,441.000,6.000,5.000,1.0,1,1.0
163,22,260.000,441.000,6.000,5.000,1.0,1,1.0
164,22,260.000,440.000,5.000,5.000,1.0,1,1.0
165,22,261.000,440.000,4.000,5.000,1.0,1,1.0
166,22,261.000,440.000,5.000,5.000,1.0,1,1.0
167,22,261.000,440.000,5.000,5.000,1.0,1,1.0
168,22,262.000,440.000,5.000,4.000,1.0,1,1.0
169,22,263.000,439.000,4.000,5.000,1.0,1,1.0
170,22,263.000,439.000,5.000,5.000,1.0,1,1.0
171,22,264.000,439.000,4.000,5.000,1.0,1,1.0
172,22,264.000,438.000,4.000,5.000,1.0,1,1.0
173,22,263.000,439.000,5.000,5.000,1.0,1,1.0
174,22,262.000,439.000,5.000,4.000,1.0,1,1.0
175,22,260.000,439.000,5.000,4.000,1.0,1,1.0
176,22,258.000,438.000,6.000,5.000,1.0,1,1.0
177,22,256.000,437.000,7.000,5.000,1.0,1,1.0
178,22,256.000,437.000,6.000,5.000,1.0,1,1.0
179,22,255.000,438.000,6.000,4.000,1.0,1,1.0
180,22,254.000,438.000,6.000,4.000,1.0,1,1.0
181,22,254.000,438.000,6.000,5.000,1.0,1,1.0
182,22,254.000,439.000,6.000,4.000,1.0,1,1.0
183,22,254.000,439.000,6.000,5.000,1.0,1,1.0
184,22,254.000,439.000,6.000,5.000,1.0,1,1.0
185,22,254.000,439.000,6.000,6.000,1.0,1,1.0
186,22,253.000,439.000,6.000,6.000,1.0,1,1.0
187,22,253.000,439.000,7.000,6.000,1.0,1,1.0
188,22,253.000,438.000,7.000,6.000,1.0,1,1.0
189,22,253.000,437.000,7.000,6.000,1.0,1,1.0
190,22,253.000,436.000,6.000,7.000,1.0,1,1.0
191,22,252.000,434.000,5.000,9.000,1.0,1,1.0
192,22,252.000,433.000,4.000,9.000,1.0,1,1.0
193,22,252.000,431.000,4.000,8.000,1.0,1,1.0
194,22,252.000,428.000,4.000,9.000,1.0,1,1.0
195,22,252.000,427.000,4.000,9.000,1.0,1,1.0
196,22,252.000,425.000,4.000,9.000,1.0,1,1.0
197,22,252.000,423.000,4.000,9.000,1.0,1,1.0
198,22,252.000,421.000,4.000,8.000,1.0,1,1.0
199,22,252.000,418.000,4.000,9.000,1.0,1,1.0
200,22,252.000,417.000,4.000,9.000,1.0,1,1.0
201,22,252.000,415.000,5.000,8.000,1.0,1,1.0
202,22,253.000,412.000,4.000,10.000,1.0,1,1.0
203,22,253.000,411.000,5.000,8.000,1.0,1,1.0
204,22,253.000,409.000,5.000,9.000,1.0,1,1.0
205,22,254.000,407.000,4.000,8.000,1.0,1,1.0
206,22,254.000,404.000,4.000,10.000,1.0,1,1.0
207,22,254.000,402.000,4.000,9.000,1.0,1,1.0
208,22,253.000,400.000,5.000,9.000,1.0,1,1.0
209,22,253.000,399.000,5.000,8.000,1.0,1,1.0
210,22,252.000,398.000,5.000,8.000,1.0,1,1.0
211,22,252.000,396.000,5.000,8.000,1.0,1,1.0
212,22,252.000,394.000,4.000,9.000,1.0,1,1.0
213,22,251.000,393.000,5.000,8.000,1.0,1,1.0
214,22,251.000,391.000,5.000,9.000,1.0,1,1.0
215,22,251.000,389.000,4.000,9.000,1.0,1,1.0
216,22,251.000,387.000,4.000,9.000,1.0,1,1.0
217,22,250.000,386.000,5.000,8.000,1.0,1,1.0
218,22,249.000,384.000,5.000,9.000,1.0,1,1.0
219,22,249.000,383.000,5.000,8.000,1.0,1,1.0
220,22,249.000,382.000,5.000,8.000,1.0,1,1.0
221,22,249.000,381.000,4.000,7.000,1.0,1,1.0
222,22,249.000,379.000,4.000,7.000,1.0,1,1.0
223,22,248.000,377.000,5.000,8.000,1.0,1,1.0
224,22,248.000,375.000,5.000,7.000,1.0,1,1.0
225,22,248.000,373.000,4.000,8.000,1.0,1,1.0
226,22,248.000,371.000,4.000,9.000,1.0,1,1.0
227,22,249.000,370.000,4.000,8.000,1.0,1,1.0
228,22,249.000,368.000,4.000,8.000,1.0,1,1.0
229,22,249.000,366.000,5.000,9.000,1.0,1,1.0
230,22,249.000,365.000,5.000,8.000,1.0,1,1.0
231,22,250.000,363.000,4.000,9.000,1.0,1,1.0
232,22,250.000,362.000,5.000,8.000,1.0,1,1.0
233,22,251.000,360.000,4.000,8.000,1.0,1,1.0
234,22,251.000,358.000,4.000,9.000,1.0,1,1.0
235,22,251.000,356.000,4.000,9.000,1.0,1,1.0
236,22,251.000,354.000,4.000,9.000,1.0,1,1.0
237,22,251.000,352.000,4.000,9.000,1.0,1,1.0
238,22,250.000,349.000,4.000,9.000,1.0,1,1.0
239,22,250.000,347.000,5.000,9.000,1.0,1,1.0
240,22,250.000,344.000,5.000,10.000,1.0,1,1.0
241,22,250.000,342.000,5.000,10.000,1.0,1,1.0
242,22,250.000,340.000,4.000,9.000,1.0,1,1.0
243,22,250.000,338.000,4.000,9.000,1.0,1,1.0
244,22,250.000,335.000,4.000,10.000,1.0,1,1.0
245,22,250.000,333.000,4.000,10.000,1.0,1,1.0
246,22,250.000,331.000,4.000,10.000,1.0,1,1.0
247,22,250.000,329.000,4.000,10.000,1.0,1,1.0
248,22,250.000,327.000,4.000,9.000,1.0,1,1.0
249,22,250.000,325.000,4.000,9.000,1.0,1,1.0
250,22,250.000,323.000,4.000,9.000,1.0,1,1.0
251,22,249.000,321.000,4.000,9.000,1.0,1,1.0
252,22,249.000,319.000,5.000,9.000,1.0,1,1.0
253,22,249.000,318.000,5.000,9.000,1.0,1,1.0
254,22,250.000,317.000,5.000,8.000,1.0,1,1.0
255,22,250.000,316.000,6.000,8.000,1.0,1,1.0
256,22,251.000,315.000,6.000,7.000,1.0,1,1.0
257,22,252.000,314.000,5.000,7.000,1.0,1,1.0
258,22,253.000,313.000,5.000,6.000,1.0,1,1.0
259,22,254.000,313.000,6.000,6.000,1.0,1,1.0
260,22,255.000,312.000,6.000,6.000,1.0,1,1.0
261,22,256.000,312.000,6.000,6.000,1.0,1,1.0
262,22,257.000,312.000,7.000,5.000,1.0,1,1.0
263,22,259.000,313.000,7.000,4.000,1.0,1,1.0
264,22,261.000,313.000,7.000,5.000,1.0,1,1.0
265,22,262.000,313.000,8.000,5.000,1.0,1,1.0
266,22,264.000,314.000,8.000,4.000,1.0,1,1.0
267,22,267.000,314.000,7.000,4.000,1.0,1,1.0
268,22,268.000,314.000,8.000,5.000,1.0,1,1.0
269,22,269.000,315.000,8.000,4.000,1.0,1,1.0
270,22,271.000,314.000,8.000,5.000,1.0,1,1.0
271,22,273.000,314.000,7.000,5.000,1.0,1,1.0
272,22,275.000,314.000,8.000,4.000,1.0,1,1.0
273,22,276.000,313.000,8.000,5.000,1.0,1,1.0
274,22,277.000,312.000,7.000,5.000,1.0,1,1.0
275,22,279.000,310.000,6.000,6.000,1.0,1,1.0
276,22,280.000,308.000,6.000,6.000,1.0,1,1.0
277,22,282.000,306.000,5.000,6.000,1.0,1,1.0
278,22,283.000,304.000,6.000,7.000,1.0,1,1.0
279,22,285.000,303.000,5.000,6.000,1.0,1,1.0
280,22,286.000,301.000,6.000,7.000,1.0,1,1.0
281,22,288.000,299.000,6.000,7.000,1.0,1,1.0
282,22,289.000,297.000,6.000,7.000,1.0,1,1.0
283,22,291.000,295.000,6.000,7.000,1.0,1,1.0
284,22,293.000,293.000,6.000,6.000,1.0,1,1.0
285,22,294.000,291.000,6.000,7.000,1.0,1,1.0
286,22,296.000,291.000,5.000,6.000,1.0,1,1.0
287,22,297.000,290.000,5.000,6.000,1.0,1,1.0
288,22,299.000,289.000,5.000,5.000,1.0,1,1.0
289,22,300.000,288.000,6.000,5.000,1.0,1,1.0
290,22,302.000,287.000,6.000,5.000,1.0,1,1.0
291,22,303.000,286.000,7.000,5.000,1.0,1,1.0
292,22,305.000,286.000,6.000,5.000,1.0,1,1.0
293,22,307.000,285.000,5.000,5.000,1.0,1,1.0
294,22,308.000,284.000,6.000,5.000,1.0,1,1.0
295,22,309.000,283.000,6.000,6.000,1.0,1,1.0
296,22,310.000,282.000,5.000,6.000,1.0,1,1.0
297,22,311.000,282.000,5.000,5.000,1.0,1,1.0
298,22,312.000,281.000,5.000,5.000,1.0,1,1.0
299,22,313.000,281.000,4.000,5.000,1.0,1,1.0
300,22,313.000,281.000,4.000,4.000,1.0,1,1.0
301,22,313.000,281.000,5.000,5.000,1.0,1,1.0
302,22,313.000,282.000,5.000,5.000,1.0,1,1.0
303,22,313.000,284.000,5.000,4.000,1.0,1,1.0
304,22,312.000,284.000,5.000,5.000,1.0,1,1.0
305,22,311.000,285.000,6.000,5.000,1.0,1,1.0
306,22,310.000,285.000,6.000,5.000,1.0,1,1.0
307,22,309.000,286.000,6.000,4.000,1.0,1,1.0
308,22,308.000,285.000,6.000,5.000,1.0,1,1.0
309,22,306.000,285.000,6.000,4.000,1.0,1,1.0
310,22,305.000,285.000,6.000,4.000,1.0,1,1.0
311,22,302.000,284.000,7.000,5.000,1.0,1,1.0
312,22,300.000,283.000,7.000,5.000,1.0,1,1.0
313,22,298.000,282.000,8.000,5.000,1.0,1,1.0
314,22,296.000,281.000,7.000,6.000,1.0,1,1.0
315,22,295.000,279.000,6.000,6.000,1.0,1,1.0
316,22,293.000,277.000,7.000,7.000,1.0,1,1.0
317,22,291.000,275.000,7.000,6.000,1.0,1,1.0
318,22,290.000,273.000,6.000,7.000,1.0,1,1.0
319,22,288.000,272.000,7.000,7.000,1.0,1,1.0
320,22,287.000,270.000,6.000,7.000,1.0,1,1.0
321,22,284.000,269.000,6.000,6.000,1.0,1,1.0
322,22,282.000,267.000,7.000,6.000,1.0,1,1.0
323,22,280.000,265.000,7.000,6.000,1.0,1,1.0
324,22,279.000,264.000,7.000,6.000,1.0,1,1.0
325,22,277.000,263.000,7.000,6.000,1.0,1,1.0
326,22,276.000,262.000,7.000,7.000,1.0,1,1.0
327,22,275.000,261.000,7.000,7.000,1.0,1,1.0
328,22,274.000,261.000,8.000,6.000,1.0,1,1.0
329,22,273.000,261.000,8.000,5.000,1.0,1,1.0
330,22,272.000,261.000,8.000,5.000,1.0,1,1.0
331,22,272.000,261.000,8.000,4.000,1.0,1,1.0
332,22,272.000,261.000,8.000,4.000,1.0,1,1.0
333,22,272.000,261.000,8.000,4.000,1.0,1,1.0
334,22,272.000,261.000,8.000,4.000,1.0,1,1.0
335,22,272.000,260.000,8.000,5.000,1.0,1,1.0
336,22,272.000,260.000,8.000,5.000,1.0,1,1.0
337,22,272.000,255.000,5.000,5.000,1.0,1,1.0
338,22,257.000,238.000,6.000,6.000,1.0,1,1.0
339,22,259.000,237.000,5.000,7.000,1.0,1,1.0
340,22,259.000,236.000,5.000,7.000,1.0,1,1.0
341,22,259.000,235.000,5.000,7.000,1.0,1,1.0
342,22,259.000,234.000,5.000,7.000,1.0,1,1.0
343,22,258.000,233.000,5.000,7.000,1.0,1,1.0
344,22,258.000,231.000,5.000,8.000,1.0,1,1.0
345,22,257.000,230.000,5.000,7.000,1.0,1,1.0
346,22,257.000,227.000,5.000,8.000,1.0,1,1.0
347,22,256.000,225.000,5.000,8.000,1.0,1,1.0
348,22,256.000,223.000,5.000,8.000,1.0,1,1.0
349,22,256.000,220.000,4.000,9.000,1.0,1,1.0
350,22,256.000,217.000,4.000,10.000,1.0,1,1.0
351,22,256.000,215.000,5.000,10.000,1.0,1,1.0
352,22,257.000,214.000,4.000,9.000,1.0,1,1.0
353,22,257.000,212.000,4.000,9.000,1.0,1,1.0
354,22,257.000,210.000,5.000,9.000,1.0,1,1.0
355,22,258.000,208.000,4.000,8.000,1.0,1,1.0
356,22,258.000,206.000,5.000,8.000,1.0,1,1.0
357,22,258.000,205.000,6.000,7.000,1.0,1,1.0
358,22,259.000,202.000,6.000,8.000,1.0,1,1.0
359,22,261.000,200.000,5.000,8.000,1.0,1,1.0
360,22,262.000,198.000,5.000,8.000,1.0,1,1.0
361,22,263.000,197.000,5.000,7.000,1.0,1,1.0
362,22,264.000,195.000,6.000,7.000,1.0,1,1.0
363,22,265.000,193.000,6.000,8.000,1.0,1,1.0
3,46,642.000,442.000,9.000,3.000,1.0,1,1.0
4,46,641.000,442.000,8.000,3.000,1.0,1,1.0
11,46,640.000,442.000,8.000,3.000,1.0,1,1.0
12,46,640.000,442.000,8.000,4.000,1.0,1,1.0
13,46,640.000,442.000,7.000,4.000,1.0,1,1.0
14,46,640.000,442.000,7.000,4.000,1.0,1,1.0
15,46,639.000,442.000,8.000,4.000,1.0,1,1.0
16,46,639.000,442.000,7.000,4.000,1.0,1,1.0
17,46,638.000,442.000,7.000,4.000,1.0,1,1.0
18,46,636.000,442.000,7.000,4.000,1.0,1,1.0
19,46,635.000,442.000,7.000,4.000,1.0,1,1.0
20,46,634.000,442.000,7.000,5.000,1.0,1,1.0
21,46,634.000,442.000,7.000,5.000,1.0,1,1.0
22,46,634.000,442.000,7.000,5.000,1.0,1,1.0
23,46,633.000,442.000,7.000,5.000,1.0,1,1.0
24,46,633.000,442.000,6.000,5.000,1.0,1,1.0
25,46,633.000,443.000,7.000,4.000,1.0,1,1.0
26,46,633.000,442.000,6.000,5.000,1.0,1,1.0
27,46,632.000,442.000,7.000,5.000,1.0,1,1.0
28,46,632.000,442.000,6.000,5.000,1.0,1,1.0
29,46,632.000,442.000,6.000,5.000,1.0,1,1.0
30,46,631.000,442.000,7.000,5.000,1.0,1,1.0
31,46,631.000,442.000,7.000,5.000,1.0,1,1.0
32,46,631.000,442.000,7.000,5.000,1.0,1,1.0
33,46,631.000,442.000,7.000,6.000,1.0,1,1.0
34,46,624.000,442.000,14.000,6.000,1.0,1,1.0
35,46,624.000,442.000,13.000,5.000,1.0,1,1.0
36,46,624.000,442.000,13.000,5.000,1.0,1,1.0
37,46,624.000,442.000,12.000,5.000,1.0,1,1.0
38,46,624.000,442.000,11.000,5.000,1.0,1,1.0
39,46,624.000,441.000,11.000,6.000,1.0,1,1.0
40,46,624.000,441.000,10.000,6.000,1.0,1,1.0
41,46,625.000,441.000,9.000,5.000,1.0,1,1.0
42,46,625.000,440.000,9.000,6.000,1.0,1,1.0
43,46,625.000,440.000,9.000,6.000,1.0,1,1.0
44,46,626.000,440.000,7.000,5.000,1.0,1,1.0
45,46,626.000,439.000,8.000,6.000,1.0,1,1.0
46,46,626.000,439.000,7.000,6.000,1.0,1,1.0
47,46,626.000,438.000,8.000,8.000,1.0,1,1.0
48,46,626.000,439.000,8.000,6.000,1.0,1,1.0
49,46,627.000,436.000,7.000,8.000,1.0,1,1.0
50,46,627.000,437.000,7.000,7.000,1.0,1,1.0
51,46,628.000,436.000,6.000,8.000,1.0,1,1.0
52,46,628.000,435.000,6.000,8.000,1.0,1,1.0
53,46,628.000,435.000,6.000,8.000,1.0,1,1.0
54,46,628.000,435.000,6.000,7.000,1.0,1,1.0
55,46,629.000,434.000,6.000,8.000,1.0,1,1.0
56,46,629.000,434.000,6.000,8.000,1.0,1,1.0
57,46,629.000,433.000,6.000,8.000,1.0,1,1.0
58,46,629.000,433.000,6.000,8.000,1.0,1,1.0
59,46,630.000,433.000,5.000,8.000,1.0,1,1.0
60,46,629.000,432.000,6.000,9.000,1.0,1,1.0
61,46,629.000,432.000,6.000,9.000,1.0,1,1.0
62,46,629.000,432.000,6.000,8.000,1.0,1,1.0
63,46,629.000,431.000,6.000,8.000,1.0,1,1.0
64,46,629.000,430.000,6.000,9.000,1.0,1,1.0
65,46,630.000,430.000,5.000,9.000,1.0,1,1.0
66,46,630.000,430.000,5.000,8.000,1.0,1,1.0
67,46,631.000,429.000,5.000,9.000,1.0,1,1.0
68,46,630.000,428.000,6.000,9.000,1.0,1,1.0
69,46,630.000,428.000,6.000,9.000,1.0,1,1.0
70,46,631.000,428.000,5.000,9.000,1.0,1,1.0
71,46,631.000,427.000,5.000,9.000,1.0,1,1.0
72,46,631.000,427.000,5.000,9.000,1.0,1,1.0
73,46,631.000,426.000,6.000,9.000,1.0,1,1.0
74,46,630.000,425.000,5.000,10.000,1.0,1,1.0
75,46,630.000,425.000,5.000,9.000,1.0,1,1.0
76,46,630.000,424.000,6.000,9.000,1.0,1,1.0
77,46,631.000,423.000,5.000,10.000,1.0,1,1.0
78,46,631.000,422.000,5.000,10.000,1.0,1,1.0
79,46,632.000,421.000,4.000,10.000,1.0,1,1.0
80,46,632.000,422.000,4.000,9.000,1.0,1,1.0
81,46,630.000,427.000,6.000,9.000,1.0,1,1.0
82,46,633.000,442.000,6.000,5.000,1.0,1,1.0
83,46,636.000,442.000,6.000,5.000,1.0,1,1.0
84,46,635.000,443.000,7.000,5.000,1.0,1,1.0
85,46,636.000,443.000,7.000,6.000,1.0,1,1.0
89,46,636.000,443.000,7.000,6.000,1.0,1,1.0
90,46,635.000,443.000,8.000,6.000,1.0,1,1.0
91,46,633.000,443.000,10.000,6.000,1.0,1,1.0
92,46,631.000,443.000,5.000,4.000,1.0,1,1.0
93,46,631.000,442.000,5.000,6.000,1.0,1,1.0
94,46,631.000,442.000,5.000,5.000,1.0,1,1.0
95,46,631.000,442.000,5.000,5.000,1.0,1,1.0
96,46,629.000,442.000,5.000,5.000,1.0,1,1.0
97,46,628.000,442.000,6.000,4.000,1.0,1,1.0
100,46,618.000,428.000,5.000,6.000,1.0,1,1.0
107,46,617.000,442.000,9.000,5.000,1.0,1,1.0
108,46,618.000,441.000,7.000,4.000,1.0,1,1.0
109,46,618.000,441.000,7.000,4.000,1.0,1,1.0
110,46,618.000,440.000,6.000,5.000,1.0,1,1.0
112,46,629.000,415.000,6.000,6.000,1.0,1,1.0
151,46,665.000,429.000,6.000,7.000,1.0,1,1.0
170,46,644.000,445.000,7.000,5.000,1.0,1,1.0
171,46,645.000,445.000,6.000,5.000,1.0,1,1.0
172,46,645.000,445.000,6.000,5.000,1.0,1,1.0
173,46,645.000,445.000,7.000,4.000,1.0,1,1.0
174,46,648.000,444.000,5.000,5.000,1.0,1,1.0
177,46,650.000,445.000,7.000,4.000,1.0,1,1.0
178,46,652.000,444.000,7.000,5.000,1.0,1,1.0
179,46,653.000,444.000,8.000,5.000,1.0,1,1.0
180,46,655.000,445.000,7.000,3.000,1.0,1,1.0
181,46,656.000,444.000,7.000,4.000,1.0,1,1.0
182,46,660.000,444.000,9.000,5.000,1.0,1,1.0
183,46,662.000,444.000,8.000,5.000,1.0,1,1.0
184,46,674.000,440.000,6.000,4.000,1.0,1,1.0
185,46,674.000,438.000,6.000,4.000,1.0,1,1.0
186,46,676.000,439.000,5.000,5.000,1.0,1,1.0
187,46,674.000,442.000,6.000,5.000,1.0,1,1.0
188,46,674.000,443.000,8.000,5.000,1.0,1,1.0
189,46,673.000,443.000,8.000,5.000,1.0,1,1.0
190,46,674.000,443.000,7.000,5.000,1.0,1,1.0
191,46,675.000,443.000,7.000,6.000,1.0,1,1.0
192,46,675.000,443.000,7.000,6.000,1.0,1,1.0
209,46,658.000,440.000,5.000,5.000,1.0,1,1.0
210,46,658.000,440.000,5.000,5.000,1.0,1,1.0
211,46,660.000,439.000,5.000,5.000,1.0,1,1.0
212,46,660.000,439.000,5.000,5.000,1.0,1,1.0
213,46,661.000,439.000,5.000,5.000,1.0,1,1.0
214,46,662.000,439.000,5.000,5.000,1.0,1,1.0
215,46,663.000,440.000,4.000,4.000,1.0,1,1.0
216,46,663.000,440.000,4.000,5.000,1.0,1,1.0
217,46,662.000,440.000,5.000,5.000,1.0,1,1.0
218,46,663.000,440.000,4.000,5.000,1.0,1,1.0
219,46,663.000,440.000,4.000,5.000,1.0,1,1.0
220,46,663.000,440.000,4.000,5.000,1.0,1,1.0
221,46,663.000,440.000,4.000,5.000,1.0,1,1.0
222,46,663.000,440.000,4.000,5.000,1.0,1,1.0
223,46,663.000,440.000,4.000,5.000,1.0,1,1.0
224,46,663.000,440.000,5.000,5.000,1.0,1,1.0
225,46,663.000,440.000,5.000,5.000,1.0,1,1.0
226,46,662.000,440.000,5.000,5.000,1.0,1,1.0
227,46,662.000,441.000,5.000,4.000,1.0,1,1.0
231,46,659.000,440.000,10.000,6.000,1.0,1,1.0
232,46,658.000,439.000,6.000,6.000,1.0,1,1.0
233,46,658.000,439.000,6.000,5.000,1.0,1,1.0
234,46,659.000,439.000,7.000,5.000,1.0,1,1.0
235,46,660.000,439.000,6.000,5.000,1.0,1,1.0
236,46,660.000,440.000,6.000,4.000,1.0,1,1.0
242,46,645.000,444.000,6.000,6.000,1.0,1,1.0
243,46,646.000,444.000,6.000,6.000,1.0,1,1.0
244,46,648.000,444.000,6.000,5.000,1.0,1,1.0
245,46,650.000,444.000,7.000,5.000,1.0,1,1.0
246,46,653.000,445.000,7.000,4.000,1.0,1,1.0
247,46,654.000,444.000,7.000,5.000,1.0,1,1.0
248,46,654.000,444.000,8.000,5.000,1.0,1,1.0
249,46,654.000,444.000,11.000,5.000,1.0,1,1.0
250,46,654.000,444.000,9.000,5.000,1.0,1,1.0
251,46,654.000,444.000,9.000,5.000,1.0,1,1.0
252,46,654.000,443.000,10.000,5.000,1.0,1,1.0
253,46,653.000,444.000,8.000,5.000,1.0,1,1.0
254,46,653.000,442.000,6.000,6.000,1.0,1,1.0
255,46,653.000,440.000,6.000,7.000,1.0,1,1.0
256,46,651.000,440.000,5.000,6.000,1.0,1,1.0
257,46,652.000,434.000,5.000,6.000,1.0,1,1.0
258,46,657.000,425.000,6.000,7.000,1.0,1,1.0
259,46,668.000,425.000,7.000,4.000,1.0,1,1.0
260,46,672.000,441.000,8.000,5.000,1.0,1,1.0
261,46,670.000,443.000,9.000,5.000,1.0,1,1.0
262,46,671.000,443.000,9.000,6.000,1.0,1,1.0
263,46,672.000,444.000,8.000,4.000,1.0,1,1.0
264,46,672.000,444.000,8.000,5.000,1.0,1,1.0
265,46,673.000,444.000,7.000,5.000,1.0,1,1.0
266,46,674.000,444.000,6.000,5.000,1.0,1,1.0
267,46,675.000,443.000,6.000,5.000,1.0,1,1.0
268,46,675.000,443.000,6.000,5.000,1.0,1,1.0
269,46,676.000,443.000,5.000,5.000,1.0,1,1.0
270,46,675.000,442.000,5.000,5.000,1.0,1,1.0
271,46,673.000,442.000,5.000,4.000,1.0,1,1.0
272,46,672.000,442.000,5.000,4.000,1.0,1,1.0
273,46,671.000,442.000,5.000,4.000,1.0,1,1.0
274,46,670.000,442.000,5.000,4.000,1.0,1,1.0
275,46,668.000,441.000,5.000,5.000,1.0,1,1.0
276,46,667.000,441.000,5.000,5.000,1.0,1,1.0
277,46,667.000,441.000,5.000,4.000,1.0,1,1.0
278,46,666.000,441.000,4.000,4.000,1.0,1,1.0
279,46,665.000,441.000,5.000,4.000,1.0,1,1.0
280,46,665.000,441.000,4.000,4.000,1.0,1,1.0
281,46,667.000,441.000,4.000,4.000,1.0,1,1.0
282,46,668.000,441.000,4.000,4.000,1.0,1,1.0
283,46,668.000,441.000,5.000,5.000,1.0,1,1.0
284,46,668.000,441.000,6.000,5.000,1.0,1,1.0
285,46,668.000,441.000,6.000,5.000,1.0,1,1.0
286,46,668.000,441.000,6.000,5.000,1.0,1,1.0
287,46,668.000,441.000,4.000,5.000,1.0,1,1.0
288,46,668.000,441.000,4.000,5.000,1.0,1,1.0
289,46,667.000,441.000,5.000,5.000,1.0,1,1.0
290,46,667.000,442.000,4.000,4.000,1.0,1,1.0
291,46,666.000,441.000,4.000,5.000,1.0,1,1.0
292,46,665.000,441.000,4.000,5.000,1.0,1,1.0
293,46,665.000,441.000,5.000,5.000,1.0,1,1.0
294,46,665.000,441.000,5.000,5.000,1.0,1,1.0
295,46,665.000,442.000,5.000,4.000,1.0,1,1.0
296,46,665.000,441.000,5.000,5.000,1.0,1,1.0
297,46,665.000,442.000,5.000,4.000,1.0,1,1.0
298,46,666.000,441.000,4.000,5.000,1.0,1,1.0
299,46,666.000,441.000,4.000,5.000,1.0,1,1.0
300,46,666.000,441.000,4.000,5.000,1.0,1,1.0
301,46,666.000,442.000,4.000,4.000,1.0,1,1.0
302,46,666.000,441.000,4.000,5.000,1.0,1,1.0
303,46,665.000,442.000,5.000,4.000,1.0,1,1.0
304,46,665.000,441.000,5.000,5.000,1.0,1,1.0
305,46,665.000,441.000,5.000,5.000,1.0,1,1.0
306,46,665.000,441.000,5.000,5.000,1.0,1,1.0
307,46,665.000,441.000,5.000,5.000,1.0,1,1.0
308,46,666.000,441.000,4.000,5.000,1.0,1,1.0
309,46,665.000,441.000,5.000,5.000,1.0,1,1.0
310,46,665.000,441.000,5.000,5.000,1.0,1,1.0
311,46,665.000,441.000,5.000,5.000,1.0,1,1.0
312,46,666.000,441.000,5.000,5.000,1.0,1,1.0
313,46,665.000,441.000,5.000,5.000,1.0,1,1.0
314,46,665.000,441.000,5.000,5.000,1.0,1,1.0
315,46,665.000,441.000,5.000,5.000,1.0,1,1.0
316,46,664.000,441.000,6.000,5.000,1.0,1,1.0
317,46,664.000,441.000,6.000,5.000,1.0,1,1.0
318,46,664.000,441.000,6.000,5.000,1.0,1,1.0
319,46,664.000,441.000,5.000,5.000,1.0,1,1.0
321,46,655.000,427.000,6.000,6.000,1.0,1,1.0
322,46,658.000,438.000,6.000,5.000,1.0,1,1.0
323,46,655.000,439.000,6.000,5.000,1.0,1,1.0
324,46,656.000,439.000,5.000,5.000,1.0,1,1.0
326,46,657.000,440.000,6.000,5.000,1.0,1,1.0
327,46,658.000,440.000,7.000,4.000,1.0,1,1.0
328,46,659.000,441.000,8.000,4.000,1.0,1,1.0
329,46,661.000,442.000,7.000,4.000,1.0,1,1.0
330,46,661.000,442.000,7.000,4.000,1.0,1,1.0
331,46,661.000,441.000,7.000,5.000,1.0,1,1.0
332,46,663.000,440.000,6.000,5.000,1.0,1,1.0
333,46,664.000,440.000,6.000,5.000,1.0,1,1.0
334,46,665.000,440.000,5.000,6.000,1.0,1,1.0
335,46,666.000,441.000,5.000,5.000,1.0,1,1.0
336,46,666.000,441.000,5.000,5.000,1.0,1,1.0
337,46,666.000,441.000,5.000,5.000,1.0,1,1.0
338,46,666.000,441.000,6.000,6.000,1.0,1,1.0
339,46,666.000,441.000,6.000,5.000,1.0,1,1.0
340,46,667.000,441.000,5.000,5.000,1.0,1,1.0
341,46,667.000,441.000,5.000,5.000,1.0,1,1.0
342,46,667.000,441.000,5.000,5.000,1.0,1,1.0
343,46,667.000,441.000,5.000,5.000,1.0,1,1.0
344,46,667.000,441.000,6.000,5.000,1.0,1,1.0
345,46,667.000,441.000,6.000,5.000,1.0,1,1.0
346,46,667.000,440.000,5.000,6.000,1.0,1,1.0
347,46,667.000,441.000,5.000,5.000,1.0,1,1.0
348,46,667.000,441.000,5.000,5.000,1.0,1,1.0
349,46,667.000,442.000,6.000,7.000,1.0,1,1.0
350,46,666.000,441.000,6.000,8.000,1.0,1,1.0
351,46,666.000,441.000,6.000,8.000,1.0,1,1.0
352,46,665.000,442.000,6.000,7.000,1.0,1,1.0
353,46,665.000,442.000,6.000,7.000,1.0,1,1.0
354,46,665.000,442.000,6.000,7.000,1.0,1,1.0
355,46,664.000,442.000,7.000,6.000,1.0,1,1.0
356,46,672.000,406.000,5.000,9.000,1.0,1,1.0
357,46,668.000,383.000,5.000,7.000,1.0,1,1.0
358,46,661.000,393.000,6.000,5.000,1.0,1,1.0
359,46,666.000,412.000,6.000,8.000,1.0,1,1.0
3,12,23.000,401.000,4.000,7.000,1.0,1,1.0
4,12,29.000,382.000,4.000,8.000,1.0,1,1.0
5,12,40.000,366.000,4.000,4.000,1.0,1,1.0
6,12,62.000,359.000,7.000,9.000,1.0,1,1.0
7,12,67.000,355.000,5.000,9.000,1.0,1,1.0
8,12,66.000,355.000,6.000,9.000,1.0,1,1.0
9,12,67.000,354.000,5.000,9.000,1.0,1,1.0
10,12,66.000,353.000,6.000,9.000,1.0,1,1.0
11,12,65.000,351.000,6.000,8.000,1.0,1,1.0
12,12,65.000,347.000,6.000,9.000,1.0,1,1.0
13,12,66.000,346.000,5.000,9.000,1.0,1,1.0
14,12,66.000,345.000,5.000,9.000,1.0,1,1.0
15,12,66.000,345.000,5.000,9.000,1.0,1,1.0
16,12,66.000,345.000,5.000,9.000,1.0,1,1.0
17,12,66.000,345.000,5.000,9.000,1.0,1,1.0
18,12,62.000,352.000,7.000,6.000,1.0,1,1.0
19,12,46.000,378.000,10.000,8.000,1.0,1,1.0
20,12,12.000,403.000,6.000,6.000,1.0,1,1.0
188,12,44.000,100.000,4.000,7.000,1.0,1,1.0
5,16,123.000,435.000,7.000,8.000,1.0,1,1.0
6,16,124.000,435.000,6.000,7.000,1.0,1,1.0
7,16,124.000,436.000,6.000,7.000,1.0,1,1.0
8,16,124.000,436.000,5.000,8.000,1.0,1,1.0
9,16,124.000,436.000,5.000,8.000,1.0,1,1.0
10,16,125.000,436.000,5.000,8.000,1.0,1,1.0
11,16,124.000,436.000,6.000,8.000,1.0,1,1.0
12,16,124.000,436.000,6.000,8.000,1.0,1,1.0
13,16,125.000,436.000,5.000,8.000,1.0,1,1.0
14,16,124.000,436.000,6.000,8.000,1.0,1,1.0
15,16,124.000,436.000,5.000,8.000,1.0,1,1.0
16,16,124.000,436.000,6.000,8.000,1.0,1,1.0
17,16,125.000,436.000,5.000,8.000,1.0,1,1.0
18,16,128.000,436.000,5.000,8.000,1.0,1,1.0
19,16,130.000,439.000,8.000,7.000,1.0,1,1.0
20,16,129.000,441.000,9.000,5.000,1.0,1,1.0
21,16,130.000,440.000,9.000,6.000,1.0,1,1.0
25,16,134.000,439.000,8.000,7.000,1.0,1,1.0
26,16,134.000,439.000,9.000,7.000,1.0,1,1.0
27,16,134.000,439.000,8.000,5.000,1.0,1,1.0
28,16,134.000,439.000,8.000,4.000,1.0,1,1.0
29,16,133.000,439.000,8.000,4.000,1.0,1,1.0
30,16,133.000,439.000,9.000,6.000,1.0,1,1.0
31,16,133.000,439.000,9.000,7.000,1.0,1,1.0
32,16,132.000,439.000,10.000,6.000,1.0,1,1.0
33,16,132.000,439.000,7.000,4.000,1.0,1,1.0
34,16,131.000,439.000,8.000,4.000,1.0,1,1.0
35,16,131.000,439.000,7.000,4.000,1.0,1,1.0
36,16,131.000,439.000,7.000,4.000,1.0,1,1.0
37,16,131.000,439.000,7.000,4.000,1.0,1,1.0
38,16,131.000,439.000,7.000,4.000,1.0,1,1.0
39,16,126.000,433.000,5.000,6.000,1.0,1,1.0
40,16,130.000,437.000,7.000,5.000,1.0,1,1.0
41,16,131.000,429.000,5.000,7.000,1.0,1,1.0
42,16,134.000,420.000,8.000,6.000,1.0,1,1.0
43,16,160.000,415.000,8.000,6.000,1.0,1,1.0
44,16,169.000,425.000,6.000,5.000,1.0,1,1.0
45,16,188.000,440.000,5.000,5.000,1.0,1,1.0
46,16,182.000,439.000,8.000,6.000,1.0,1,1.0
47,16,181.000,439.000,9.000,7.000,1.0,1,1.0
49,16,178.000,443.000,6.000,6.000,1.0,1,1.0
50,16,177.000,444.000,6.000,6.000,1.0,1,1.0
51,16,177.000,443.000,8.000,6.000,1.0,1,1.0
52,16,178.000,440.000,6.000,5.000,1.0,1,1.0
53,16,178.000,439.000,6.000,6.000,1.0,1,1.0
54,16,177.000,442.000,7.000,6.000,1.0,1,1.0
55,16,177.000,444.000,7.000,5.000,1.0,1,1.0
61,16,176.000,444.000,7.000,5.000,1.0,1,1.0
62,16,175.000,444.000,7.000,5.000,1.0,1,1.0
63,16,175.000,445.000,7.000,4.000,1.0,1,1.0
64,16,175.000,445.000,6.000,4.000,1.0,1,1.0
65,16,175.000,445.000,6.000,4.000,1.0,1,1.0
66,16,174.000,445.000,7.000,4.000,1.0,1,1.0
67,16,174.000,445.000,7.000,4.000,1.0,1,1.0
68,16,174.000,445.000,7.000,4.000,1.0,1,1.0
69,16,174.000,446.000,6.000,4.000,1.0,1,1.0
70,16,174.000,446.000,6.000,4.000,1.0,1,1.0
71,16,174.000,446.000,6.000,3.000,1.0,1,1.0
72,16,174.000,446.000,6.000,4.000,1.0,1,1.0
73,16,174.000,446.000,6.000,4.000,1.0,1,1.0
74,16,174.000,445.000,7.000,5.000,1.0,1,1.0
75,16,174.000,445.000,6.000,5.000,1.0,1,1.0
76,16,173.000,445.000,7.000,4.000,1.0,1,1.0
77,16,173.000,445.000,7.000,5.000,1.0,1,1.0
78,16,173.000,446.000,8.000,4.000,1.0,1,1.0
79,16,165.000,405.000,4.000,9.000,1.0,1,1.0
80,16,167.000,377.000,4.000,9.000,1.0,1,1.0
81,16,178.000,363.000,5.000,4.000,1.0,1,1.0
82,16,170.000,374.000,6.000,6.000,1.0,1,1.0
83,16,156.000,376.000,5.000,4.000,1.0,1,1.0
84,16,161.000,390.000,5.000,6.000,1.0,1,1.0
85,16,166.000,399.000,5.000,7.000,1.0,1,1.0
86,16,153.000,409.000,6.000,5.000,1.0,1,1.0
87,16,153.000,422.000,7.000,7.000,1.0,1,1.0
89,16,154.000,436.000,6.000,6.000,1.0,1,1.0
90,16,153.000,428.000,7.000,7.000,1.0,1,1.0
91,16,146.000,441.000,6.000,6.000,1.0,1,1.0
92,16,146.000,441.000,6.000,6.000,1.0,1,1.0
93,16,145.000,442.000,8.000,5.000,1.0,1,1.0
116,16,134.000,434.000,6.000,4.000,1.0,1,1.0
119,16,128.000,436.000,6.000,6.000,1.0,1,1.0
120,16,127.000,439.000,7.000,6.000,1.0,1,1.0
121,16,127.000,439.000,7.000,5.000,1.0,1,1.0
122,16,128.000,438.000,8.000,6.000,1.0,1,1.0
123,16,128.000,438.000,8.000,6.000,1.0,1,1.0
124,16,128.000,438.000,8.000,6.000,1.0,1,1.0
125,16,128.000,438.000,8.000,6.000,1.0,1,1.0
126,16,128.000,438.000,7.000,6.000,1.0,1,1.0
127,16,128.000,438.000,8.000,6.000,1.0,1,1.0
128,16,128.000,438.000,8.000,6.000,1.0,1,1.0
129,16,128.000,438.000,8.000,6.000,1.0,1,1.0
130,16,128.000,438.000,8.000,6.000,1.0,1,1.0
131,16,129.000,438.000,6.000,6.000,1.0,1,1.0
132,16,128.000,438.000,7.000,6.000,1.0,1,1.0
133,16,128.000,438.000,7.000,6.000,1.0,1,1.0
134,16,128.000,438.000,7.000,6.000,1.0,1,1.0
135,16,128.000,438.000,7.000,6.000,1.0,1,1.0
136,16,128.000,438.000,7.000,6.000,1.0,1,1.0
137,16,128.000,438.000,7.000,6.000,1.0,1,1.0
138,16,128.000,438.000,7.000,6.000,1.0,1,1.0
139,16,128.000,439.000,7.000,5.000,1.0,1,1.0
140,16,128.000,439.000,6.000,5.000,1.0,1,1.0
141,16,128.000,439.000,6.000,5.000,1.0,1,1.0
142,16,129.000,439.000,5.000,5.000,1.0,1,1.0
143,16,129.000,439.000,5.000,5.000,1.0,1,1.0
144,16,129.000,439.000,5.000,5.000,1.0,1,1.0
145,16,129.000,439.000,5.000,5.000,1.0,1,1.0
146,16,129.000,439.000,5.000,5.000,1.0,1,1.0
147,16,129.000,439.000,5.000,5.000,1.0,1,1.0
148,16,129.000,439.000,5.000,5.000,1.0,1,1.0
149,16,129.000,439.000,5.000,5.000,1.0,1,1.0
150,16,129.000,439.000,5.000,5.000,1.0,1,1.0
151,16,129.000,439.000,5.000,5.000,1.0,1,1.0
152,16,129.000,439.000,6.000,5.000,1.0,1,1.0
153,16,129.000,439.000,5.000,5.000,1.0,1,1.0
154,16,129.000,438.000,6.000,5.000,1.0,1,1.0
155,16,127.000,439.000,8.000,7.000,1.0,1,1.0
156,16,127.000,438.000,8.000,7.000,1.0,1,1.0
157,16,128.000,439.000,8.000,7.000,1.0,1,1.0
158,16,128.000,439.000,8.000,7.000,1.0,1,1.0
159,16,166.000,438.000,6.000,6.000,1.0,1,1.0
160,16,166.000,439.000,6.000,4.000,1.0,1,1.0
161,16,166.000,439.000,5.000,4.000,1.0,1,1.0
162,16,166.000,439.000,6.000,4.000,1.0,1,1.0
163,16,167.000,439.000,6.000,5.000,1.0,1,1.0
164,16,166.000,439.000,6.000,5.000,1.0,1,1.0
165,16,162.000,439.000,10.000,6.000,1.0,1,1.0
166,16,164.000,439.000,9.000,5.000,1.0,1,1.0
167,16,166.000,438.000,8.000,6.000,1.0,1,1.0
168,16,167.000,437.000,7.000,8.000,1.0,1,1.0
169,16,168.000,437.000,7.000,7.000,1.0,1,1.0
170,16,168.000,437.000,8.000,7.000,1.0,1,1.0
171,16,168.000,436.000,7.000,8.000,1.0,1,1.0
172,16,168.000,435.000,7.000,8.000,1.0,1,1.0
173,16,168.000,435.000,7.000,8.000,1.0,1,1.0
174,16,169.000,435.000,6.000,8.000,1.0,1,1.0
175,16,168.000,436.000,6.000,7.000,1.0,1,1.0
176,16,168.000,436.000,6.000,7.000,1.0,1,1.0
177,16,168.000,436.000,7.000,8.000,1.0,1,1.0
178,16,169.000,436.000,6.000,7.000,1.0,1,1.0
179,16,169.000,435.000,7.000,8.000,1.0,1,1.0
180,16,169.000,435.000,6.000,8.000,1.0,1,1.0
181,16,169.000,435.000,6.000,8.000,1.0,1,1.0
182,16,169.000,435.000,6.000,8.000,1.0,1,1.0
183,16,169.000,436.000,6.000,7.000,1.0,1,1.0
184,16,169.000,436.000,7.000,8.000,1.0,1,1.0
185,16,169.000,436.000,7.000,8.000,1.0,1,1.0
186,16,169.000,437.000,8.000,6.000,1.0,1,1.0
187,16,169.000,437.000,7.000,6.000,1.0,1,1.0
188,16,169.000,437.000,7.000,6.000,1.0,1,1.0
189,16,169.000,438.000,8.000,6.000,1.0,1,1.0
190,16,169.000,438.000,8.000,6.000,1.0,1,1.0
191,16,169.000,438.000,8.000,6.000,1.0,1,1.0
192,16,169.000,438.000,7.000,6.000,1.0,1,1.0
193,16,168.000,437.000,7.000,6.000,1.0,1,1.0
194,16,167.000,437.000,8.000,6.000,1.0,1,1.0
195,16,167.000,437.000,7.000,6.000,1.0,1,1.0
196,16,167.000,436.000,6.000,7.000,1.0,1,1.0
197,16,168.000,434.000,5.000,9.000,1.0,1,1.0
198,16,168.000,434.000,5.000,8.000,1.0,1,1.0
199,16,165.000,434.000,7.000,8.000,1.0,1,1.0
200,16,168.000,433.000,4.000,9.000,1.0,1,1.0
201,16,167.000,433.000,5.000,8.000,1.0,1,1.0
202,16,167.000,433.000,5.000,8.000,1.0,1,1.0
203,16,167.000,433.000,5.000,8.000,1.0,1,1.0
204,16,166.000,432.000,5.000,9.000,1.0,1,1.0
205,16,163.000,433.000,5.000,9.000,1.0,1,1.0
206,16,161.000,434.000,5.000,8.000,1.0,1,1.0
207,16,160.000,433.000,5.000,9.000,1.0,1,1.0
208,16,160.000,434.000,6.000,8.000,1.0,1,1.0
209,16,160.000,434.000,6.000,8.000,1.0,1,1.0
210,16,160.000,434.000,6.000,8.000,1.0,1,1.0
211,16,160.000,434.000,6.000,8.000,1.0,1,1.0
212,16,160.000,434.000,6.000,7.000,1.0,1,1.0
213,16,160.000,434.000,5.000,7.000,1.0,1,1.0
214,16,160.000,434.000,5.000,7.000,1.0,1,1.0
215,16,160.000,434.000,5.000,7.000,1.0,1,1.0
216,16,160.000,434.000,5.000,7.000,1.0,1,1.0
217,16,160.000,434.000,5.000,7.000,1.0,1,1.0
218,16,160.000,434.000,5.000,7.000,1.0,1,1.0
219,16,160.000,434.000,5.000,7.000,1.0,1,1.0
220,16,160.000,434.000,5.000,7.000,1.0,1,1.0
221,16,160.000,434.000,5.000,7.000,1.0,1,1.0
222,16,160.000,433.000,5.000,8.000,1.0,1,1.0
223,16,160.000,433.000,5.000,8.000,1.0,1,1.0
224,16,160.000,433.000,5.000,8.000,1.0,1,1.0
225,16,160.000,432.000,4.000,8.000,1.0,1,1.0
226,16,160.000,432.000,5.000,8.000,1.0,1,1.0
227,16,159.000,431.000,5.000,9.000,1.0,1,1.0
228,16,159.000,431.000,5.000,8.000,1.0,1,1.0
229,16,159.000,431.000,5.000,8.000,1.0,1,1.0
230,16,159.000,431.000,5.000,8.000,1.0,1,1.0
231,16,159.000,431.000,5.000,8.000,1.0,1,1.0
232,16,159.000,431.000,5.000,8.000,1.0,1,1.0
233,16,159.000,431.000,5.000,8.000,1.0,1,1.0
234,16,159.000,431.000,4.000,8.000,1.0,1,1.0
235,16,159.000,431.000,5.000,8.000,1.0,1,1.0
236,16,159.000,431.000,5.000,8.000,1.0,1,1.0
237,16,159.000,431.000,5.000,8.000,1.0,1,1.0
238,16,158.000,431.000,6.000,8.000,1.0,1,1.0
239,16,158.000,431.000,6.000,8.000,1.0,1,1.0
240,16,158.000,431.000,6.000,8.000,1.0,1,1.0
241,16,158.000,431.000,6.000,8.000,1.0,1,1.0
242,16,158.000,431.000,6.000,8.000,1.0,1,1.0
243,16,158.000,431.000,6.000,8.000,1.0,1,1.0
244,16,158.000,431.000,6.000,8.000,1.0,1,1.0
245,16,158.000,432.000,5.000,7.000,1.0,1,1.0
246,16,152.000,438.000,8.000,5.000,1.0,1,1.0
248,16,155.000,437.000,5.000,5.000,1.0,1,1.0
249,16,158.000,431.000,6.000,11.000,1.0,1,1.0
250,16,144.000,413.000,6.000,6.000,1.0,1,1.0
251,16,150.000,407.000,7.000,5.000,1.0,1,1.0
252,16,172.000,415.000,4.000,7.000,1.0,1,1.0
259,16,148.000,438.000,6.000,4.000,1.0,1,1.0
260,16,148.000,438.000,5.000,5.000,1.0,1,1.0
261,16,146.000,439.000,6.000,4.000,1.0,1,1.0
262,16,144.000,439.000,7.000,4.000,1.0,1,1.0
263,16,143.000,439.000,7.000,4.000,1.0,1,1.0
264,16,142.000,439.000,7.000,4.000,1.0,1,1.0
265,16,141.000,438.000,6.000,5.000,1.0,1,1.0
266,16,140.000,438.000,7.000,5.000,1.0,1,1.0
267,16,139.000,439.000,6.000,5.000,1.0,1,1.0
268,16,138.000,439.000,6.000,4.000,1.0,1,1.0
269,16,137.000,439.000,7.000,4.000,1.0,1,1.0
270,16,136.000,439.000,7.000,5.000,1.0,1,1.0
271,16,135.000,439.000,8.000,4.000,1.0,1,1.0
272,16,135.000,439.000,8.000,5.000,1.0,1,1.0
273,16,135.000,439.000,7.000,5.000,1.0,1,1.0
274,16,135.000,438.000,7.000,6.000,1.0,1,1.0
275,16,135.000,439.000,7.000,5.000,1.0,1,1.0
276,16,135.000,439.000,7.000,5.000,1.0,1,1.0
277,16,135.000,439.000,7.000,5.000,1.0,1,1.0
278,16,134.000,438.000,8.000,6.000,1.0,1,1.0
279,16,134.000,440.000,8.000,5.000,1.0,1,1.0
280,16,135.000,439.000,7.000,5.000,1.0,1,1.0
281,16,136.000,439.000,6.000,5.000,1.0,1,1.0
282,16,137.000,437.000,7.000,7.000,1.0,1,1.0
283,16,137.000,440.000,8.000,6.000,1.0,1,1.0
284,16,137.000,441.000,7.000,6.000,1.0,1,1.0
285,16,136.000,440.000,8.000,7.000,1.0,1,1.0
286,16,135.000,441.000,9.000,7.000,1.0,1,1.0
287,16,131.000,440.000,13.000,6.000,1.0,1,1.0
288,16,136.000,440.000,8.000,7.000,1.0,1,1.0
290,16,136.000,440.000,7.000,7.000,1.0,1,1.0
291,16,136.000,439.000,8.000,9.000,1.0,1,1.0
292,16,136.000,440.000,9.000,8.000,1.0,1,1.0
293,16,135.000,440.000,9.000,7.000,1.0,1,1.0
294,16,135.000,440.000,9.000,7.000,1.0,1,1.0
295,16,136.000,439.000,8.000,8.000,1.0,1,1.0
296,16,135.000,439.000,10.000,7.000,1.0,1,1.0
297,16,136.000,439.000,10.000,7.000,1.0,1,1.0
298,16,137.000,438.000,10.000,7.000,1.0,1,1.0
299,16,138.000,438.000,10.000,7.000,1.0,1,1.0
300,16,141.000,438.000,8.000,5.000,1.0,1,1.0
301,16,143.000,437.000,7.000,6.000,1.0,1,1.0
302,16,145.000,437.000,6.000,6.000,1.0,1,1.0
303,16,147.000,437.000,7.000,5.000,1.0,1,1.0
304,16,148.000,438.000,7.000,4.000,1.0,1,1.0
305,16,150.000,437.000,7.000,5.000,1.0,1,1.0
306,16,151.000,437.000,7.000,5.000,1.0,1,1.0
307,16,152.000,438.000,7.000,4.000,1.0,1,1.0
308,16,153.000,438.000,6.000,4.000,1.0,1,1.0
309,16,153.000,438.000,7.000,4.000,1.0,1,1.0
310,16,154.000,437.000,6.000,5.000,1.0,1,1.0
311,16,154.000,438.000,7.000,4.000,1.0,1,1.0
312,16,154.000,438.000,8.000,4.000,1.0,1,1.0
313,16,155.000,438.000,8.000,4.000,1.0,1,1.0
314,16,156.000,438.000,8.000,4.000,1.0,1,1.0
315,16,158.000,437.000,8.000,5.000,1.0,1,1.0
316,16,159.000,437.000,8.000,6.000,1.0,1,1.0
317,16,160.000,437.000,8.000,6.000,1.0,1,1.0
318,16,160.000,438.000,9.000,5.000,1.0,1,1.0
319,16,163.000,438.000,6.000,4.000,1.0,1,1.0
320,16,164.000,438.000,6.000,4.000,1.0,1,1.0
321,16,164.000,438.000,6.000,4.000,1.0,1,1.0
322,16,164.000,437.000,6.000,5.000,1.0,1,1.0
323,16,164.000,437.000,6.000,5.000,1.0,1,1.0
324,16,164.000,437.000,6.000,5.000,1.0,1,1.0
325,16,164.000,437.000,6.000,5.000,1.0,1,1.0
326,16,164.000,437.000,6.000,5.000,1.0,1,1.0
327,16,164.000,437.000,6.000,5.000,1.0,1,1.0
332,16,174.000,425.000,6.000,8.000,1.0,1,1.0
333,16,158.000,436.000,7.000,6.000,1.0,1,1.0
336,16,149.000,440.000,6.000,5.000,1.0,1,1.0
337,16,148.000,440.000,6.000,5.000,1.0,1,1.0
347,16,123.000,427.000,6.000,8.000,1.0,1,1.0
348,16,125.000,434.000,9.000,9.000,1.0,1,1.0
361,16,144.000,426.000,5.000,8.000,1.0,1,1.0
6,20,262.000,358.000,6.000,5.000,1.0,1,1.0
7,20,272.000,363.000,6.000,5.000,1.0,1,1.0
8,20,257.000,377.000,5.000,6.000,1.0,1,1.0
9,20,263.000,396.000,8.000,6.000,1.0,1,1.0
10,20,292.000,413.000,8.000,6.000,1.0,1,1.0
11,20,299.000,414.000,5.000,8.000,1.0,1,1.0
12,20,299.000,414.000,5.000,8.000,1.0,1,1.0
13,20,300.000,413.000,5.000,8.000,1.0,1,1.0
14,20,300.000,413.000,5.000,7.000,1.0,1,1.0
15,20,300.000,411.000,5.000,8.000,1.0,1,1.0
16,20,301.000,410.000,5.000,8.000,1.0,1,1.0
17,20,302.000,409.000,5.000,8.000,1.0,1,1.0
18,20,302.000,407.000,5.000,8.000,1.0,1,1.0
19,20,303.000,406.000,5.000,8.000,1.0,1,1.0
20,20,303.000,404.000,5.000,9.000,1.0,1,1.0
21,20,304.000,403.000,5.000,8.000,1.0,1,1.0
22,20,304.000,402.000,5.000,8.000,1.0,1,1.0
23,20,304.000,402.000,5.000,7.000,1.0,1,1.0
24,20,305.000,401.000,4.000,8.000,1.0,1,1.0
25,20,305.000,400.000,4.000,8.000,1.0,1,1.0
26,20,305.000,398.000,4.000,8.000,1.0,1,1.0
27,20,305.000,396.000,4.000,9.000,1.0,1,1.0
28,20,305.000,394.000,4.000,9.000,1.0,1,1.0
29,20,305.000,392.000,4.000,8.000,1.0,1,1.0
30,20,305.000,390.000,3.000,8.000,1.0,1,1.0
31,20,304.000,387.000,4.000,9.000,1.0,1,1.0
32,20,304.000,386.000,4.000,8.000,1.0,1,1.0
33,20,304.000,383.000,5.000,9.000,1.0,1,1.0
34,20,303.000,380.000,4.000,9.000,1.0,1,1.0
35,20,302.000,379.000,5.000,8.000,1.0,1,1.0
36,20,301.000,377.000,5.000,8.000,1.0,1,1.0
37,20,299.000,374.000,6.000,9.000,1.0,1,1.0
38,20,299.000,373.000,6.000,9.000,1.0,1,1.0
39,20,299.000,372.000,6.000,9.000,1.0,1,1.0
40,20,299.000,372.000,5.000,9.000,1.0,1,1.0
41,20,298.000,371.000,6.000,9.000,1.0,1,1.0
42,20,298.000,370.000,6.000,10.000,1.0,1,1.0
43,20,298.000,373.000,5.000,8.000,1.0,1,1.0
44,20,297.000,373.000,6.000,7.000,1.0,1,1.0
45,20,298.000,373.000,6.000,7.000,1.0,1,1.0
46,20,298.000,373.000,6.000,7.000,1.0,1,1.0
47,20,298.000,373.000,6.000,7.000,1.0,1,1.0
48,20,297.000,375.000,6.000,7.000,1.0,1,1.0
49,20,297.000,374.000,5.000,7.000,1.0,1,1.0
50,20,297.000,373.000,5.000,8.000,1.0,1,1.0
51,20,298.000,372.000,4.000,9.000,1.0,1,1.0
52,20,297.000,372.000,6.000,8.000,1.0,1,1.0
53,20,297.000,372.000,6.000,8.000,1.0,1,1.0
54,20,297.000,371.000,6.000,9.000,1.0,1,1.0
55,20,297.000,371.000,5.000,8.000,1.0,1,1.0
56,20,297.000,370.000,5.000,9.000,1.0,1,1.0
57,20,297.000,370.000,5.000,8.000,1.0,1,1.0
58,20,297.000,369.000,5.000,9.000,1.0,1,1.0
59,20,297.000,369.000,5.000,9.000,1.0,1,1.0
60,20,297.000,369.000,5.000,8.000,1.0,1,1.0
61,20,296.000,368.000,5.000,9.000,1.0,1,1.0
62,20,295.000,367.000,5.000,9.000,1.0,1,1.0
63,20,295.000,366.000,5.000,9.000,1.0,1,1.0
64,20,295.000,366.000,5.000,8.000,1.0,1,1.0
65,20,295.000,366.000,5.000,8.000,1.0,1,1.0
66,20,295.000,365.000,5.000,9.000,1.0,1,1.0
67,20,295.000,365.000,5.000,9.000,1.0,1,1.0
68,20,295.000,365.000,5.000,9.000,1.0,1,1.0
69,20,295.000,365.000,5.000,9.000,1.0,1,1.0
70,20,295.000,365.000,5.000,9.000,1.0,1,1.0
71,20,295.000,365.000,5.000,8.000,1.0,1,1.0
72,20,295.000,365.000,5.000,8.000,1.0,1,1.0
73,20,295.000,365.000,5.000,8.000,1.0,1,1.0
74,20,295.000,364.000,5.000,9.000,1.0,1,1.0
75,20,295.000,364.000,5.000,9.000,1.0,1,1.0
76,20,295.000,364.000,5.000,8.000,1.0,1,1.0
77,20,295.000,363.000,5.000,8.000,1.0,1,1.0
78,20,294.000,362.000,5.000,8.000,1.0,1,1.0
79,20,294.000,361.000,5.000,9.000,1.0,1,1.0
80,20,294.000,359.000,4.000,7.000,1.0,1,1.0
81,20,302.000,359.000,5.000,8.000,1.0,1,1.0
82,20,290.000,372.000,5.000,8.000,1.0,1,1.0
83,20,272.000,386.000,7.000,9.000,1.0,1,1.0
84,20,273.000,438.000,7.000,6.000,1.0,1,1.0
85,20,273.000,438.000,7.000,5.000,1.0,1,1.0
86,20,274.000,438.000,6.000,5.000,1.0,1,1.0
87,20,274.000,438.000,6.000,5.000,1.0,1,1.0
88,20,274.000,438.000,6.000,5.000,1.0,1,1.0
89,20,274.000,438.000,7.000,5.000,1.0,1,1.0
90,20,272.000,438.000,8.000,5.000,1.0,1,1.0
91,20,272.000,438.000,8.000,5.000,1.0,1,1.0
92,20,272.000,438.000,8.000,5.000,1.0,1,1.0
93,20,271.000,438.000,8.000,5.000,1.0,1,1.0
94,20,268.000,438.000,10.000,7.000,1.0,1,1.0
95,20,267.000,438.000,11.000,7.000,1.0,1,1.0
96,20,267.000,438.000,11.000,7.000,1.0,1,1.0
97,20,266.000,441.000,7.000,5.000,1.0,1,1.0
98,20,265.000,441.000,7.000,5.000,1.0,1,1.0
99,20,265.000,441.000,7.000,4.000,1.0,1,1.0
100,20,264.000,440.000,7.000,5.000,1.0,1,1.0
101,20,264.000,440.000,6.000,5.000,1.0,1,1.0
102,20,263.000,440.000,7.000,6.000,1.0,1,1.0
103,20,263.000,441.000,7.000,6.000,1.0,1,1.0
105,20,263.000,421.000,5.000,9.000,1.0,1,1.0
106,20,260.000,372.000,4.000,9.000,1.0,1,1.0
107,20,257.000,341.000,5.000,5.000,1.0,1,1.0
108,20,265.000,331.000,5.000,6.000,1.0,1,1.0
109,20,262.000,332.000,7.000,6.000,1.0,1,1.0
110,20,267.000,350.000,6.000,7.000,1.0,1,1.0
111,20,253.000,365.000,8.000,6.000,1.0,1,1.0
112,20,263.000,379.000,6.000,6.000,1.0,1,1.0
113,20,265.000,383.000,6.000,6.000,1.0,1,1.0
114,20,252.000,371.000,5.000,7.000,1.0,1,1.0
115,20,252.000,368.000,5.000,8.000,1.0,1,1.0
116,20,252.000,365.000,5.000,7.000,1.0,1,1.0
117,20,253.000,365.000,5.000,8.000,1.0,1,1.0
118,20,252.000,365.000,6.000,6.000,1.0,1,1.0
119,20,250.000,368.000,6.000,8.000,1.0,1,1.0
120,20,251.000,367.000,5.000,9.000,1.0,1,1.0
121,20,251.000,367.000,5.000,9.000,1.0,1,1.0
122,20,251.000,366.000,5.000,9.000,1.0,1,1.0
123,20,251.000,365.000,5.000,10.000,1.0,1,1.0
124,20,252.000,364.000,5.000,10.000,1.0,1,1.0
125,20,252.000,363.000,5.000,10.000,1.0,1,1.0
126,20,252.000,362.000,5.000,10.000,1.0,1,1.0
127,20,252.000,362.000,5.000,9.000,1.0,1,1.0
128,20,252.000,360.000,5.000,10.000,1.0,1,1.0
129,20,253.000,359.000,4.000,9.000,1.0,1,1.0
130,20,253.000,358.000,5.000,9.000,1.0,1,1.0
131,20,253.000,357.000,5.000,10.000,1.0,1,1.0
132,20,253.000,356.000,5.000,10.000,1.0,1,1.0
133,20,253.000,356.000,5.000,9.000,1.0,1,1.0
134,20,253.000,354.000,5.000,10.000,1.0,1,1.0
135,20,253.000,354.000,6.000,9.000,1.0,1,1.0
136,20,254.000,354.000,5.000,8.000,1.0,1,1.0
137,20,254.000,353.000,6.000,8.000,1.0,1,1.0
138,20,255.000,352.000,6.000,7.000,1.0,1,1.0
139,20,255.000,351.000,6.000,8.000,1.0,1,1.0
140,20,255.000,350.000,6.000,8.000,1.0,1,1.0
141,20,256.000,349.000,5.000,8.000,1.0,1,1.0
142,20,257.000,347.000,5.000,9.000,1.0,1,1.0
143,20,257.000,346.000,5.000,9.000,1.0,1,1.0
144,20,257.000,344.000,5.000,9.000,1.0,1,1.0
145,20,258.000,342.000,5.000,9.000,1.0,1,1.0
146,20,258.000,341.000,5.000,9.000,1.0,1,1.0
147,20,258.000,339.000,6.000,9.000,1.0,1,1.0
148,20,259.000,337.000,5.000,9.000,1.0,1,1.0
149,20,260.000,336.000,4.000,9.000,1.0,1,1.0
150,20,260.000,334.000,5.000,8.000,1.0,1,1.0
151,20,261.000,331.000,5.000,10.000,1.0,1,1.0
152,20,261.000,330.000,5.000,9.000,1.0,1,1.0
153,20,262.000,328.000,5.000,9.000,1.0,1,1.0
154,20,262.000,327.000,5.000,8.000,1.0,1,1.0
155,20,263.000,325.000,5.000,8.000,1.0,1,1.0
156,20,263.000,323.000,6.000,9.000,1.0,1,1.0
157,20,264.000,322.000,5.000,8.000,1.0,1,1.0
158,20,265.000,320.000,5.000,8.000,1.0,1,1.0
159,20,266.000,318.000,5.000,9.000,1.0,1,1.0
160,20,266.000,316.000,5.000,9.000,1.0,1,1.0
161,20,267.000,315.000,5.000,9.000,1.0,1,1.0
162,20,267.000,314.000,6.000,8.000,1.0,1,1.0
163,20,268.000,312.000,5.000,8.000,1.0,1,1.0
164,20,269.000,310.000,5.000,9.000,1.0,1,1.0
165,20,269.000,308.000,5.000,8.000,1.0,1,1.0
166,20,270.000,306.000,5.000,8.000,1.0,1,1.0
167,20,270.000,304.000,5.000,8.000,1.0,1,1.0
168,20,271.000,302.000,5.000,8.000,1.0,1,1.0
169,20,272.000,300.000,4.000,8.000,1.0,1,1.0
170,20,272.000,298.000,5.000,9.000,1.0,1,1.0
171,20,272.000,296.000,5.000,9.000,1.0,1,1.0
172,20,273.000,294.000,4.000,9.000,1.0,1,1.0
173,20,273.000,292.000,5.000,9.000,1.0,1,1.0
174,20,274.000,291.000,4.000,9.000,1.0,1,1.0
175,20,274.000,289.000,4.000,9.000,1.0,1,1.0
176,20,274.000,287.000,5.000,9.000,1.0,1,1.0
177,20,274.000,285.000,5.000,9.000,1.0,1,1.0
178,20,274.000,283.000,5.000,8.000,1.0,1,1.0
179,20,275.000,281.000,4.000,9.000,1.0,1,1.0
180,20,275.000,279.000,4.000,9.000,1.0,1,1.0
181,20,275.000,277.000,5.000,9.000,1.0,1,1.0
182,20,276.000,275.000,4.000,9.000,1.0,1,1.0
183,20,276.000,273.000,5.000,9.000,1.0,1,1.0
184,20,276.000,272.000,5.000,9.000,1.0,1,1.0
185,20,277.000,270.000,4.000,9.000,1.0,1,1.0
186,20,277.000,268.000,5.000,9.000,1.0,1,1.0
187,20,277.000,266.000,5.000,9.000,1.0,1,1.0
188,20,278.000,264.000,5.000,9.000,1.0,1,1.0
189,20,278.000,262.000,5.000,9.000,1.0,1,1.0
190,20,279.000,260.000,5.000,9.000,1.0,1,1.0
191,20,280.000,258.000,5.000,9.000,1.0,1,1.0
192,20,280.000,256.000,5.000,9.000,1.0,1,1.0
193,20,281.000,254.000,5.000,9.000,1.0,1,1.0
194,20,281.000,252.000,5.000,9.000,1.0,1,1.0
195,20,282.000,250.000,4.000,9.000,1.0,1,1.0
196,20,282.000,249.000,5.000,8.000,1.0,1,1.0
197,20,282.000,247.000,5.000,8.000,1.0,1,1.0
198,20,283.000,244.000,5.000,9.000,1.0,1,1.0
199,20,284.000,242.000,4.000,9.000,1.0,1,1.0
200,20,284.000,240.000,5.000,9.000,1.0,1,1.0
201,20,284.000,239.000,5.000,8.000,1.0,1,1.0
202,20,285.000,236.000,5.000,9.000,1.0,1,1.0
203,20,285.000,235.000,5.000,8.000,1.0,1,1.0
204,20,286.000,233.000,5.000,9.000,1.0,1,1.0
205,20,287.000,231.000,4.000,9.000,1.0,1,1.0
206,20,287.000,229.000,4.000,9.000,1.0,1,1.0
207,20,288.000,227.000,4.000,9.000,1.0,1,1.0
208,20,288.000,225.000,5.000,8.000,1.0,1,1.0
209,20,288.000,223.000,5.000,9.000,1.0,1,1.0
210,20,289.000,221.000,5.000,9.000,1.0,1,1.0
211,20,290.000,220.000,4.000,9.000,1.0,1,1.0
212,20,290.000,217.000,4.000,10.000,1.0,1,1.0
213,20,291.000,216.000,4.000,9.000,1.0,1,1.0
214,20,291.000,214.000,5.000,9.000,1.0,1,1.0
215,20,291.000,212.000,6.000,9.000,1.0,1,1.0
216,20,292.000,211.000,6.000,8.000,1.0,1,1.0
217,20,293.000,210.000,6.000,7.000,1.0,1,1.0
218,20,294.000,208.000,6.000,7.000,1.0,1,1.0
219,20,295.000,207.000,6.000,7.000,1.0,1,1.0
220,20,295.000,207.000,6.000,8.000,1.0,1,1.0
221,20,296.000,206.000,6.000,8.000,1.0,1,1.0
222,20,296.000,205.000,6.000,8.000,1.0,1,1.0
223,20,297.000,205.000,6.000,7.000,1.0,1,1.0
224,20,297.000,205.000,6.000,7.000,1.0,1,1.0
225,20,297.000,205.000,6.000,7.000,1.0,1,1.0
226,20,297.000,205.000,6.000,7.000,1.0,1,1.0
227,20,297.000,205.000,6.000,7.000,1.0,1,1.0
228,20,297.000,200.000,5.000,7.000,1.0,1,1.0
229,20,293.000,175.000,4.000,8.000,1.0,1,1.0
230,20,302.000,148.000,4.000,7.000,1.0,1,1.0
231,20,297.000,155.000,5.000,7.000,1.0,1,1.0
232,20,299.000,183.000,6.000,5.000,1.0,1,1.0
233,20,294.000,213.000,5.000,7.000,1.0,1,1.0
234,20,294.000,219.000,5.000,9.000,1.0,1,1.0
235,20,295.000,219.000,4.000,10.000,1.0,1,1.0
236,20,294.000,219.000,5.000,10.000,1.0,1,1.0
237,20,293.000,218.000,5.000,10.000,1.0,1,1.0
238,20,293.000,217.000,4.000,9.000,1.0,1,1.0
239,20,293.000,216.000,4.000,9.000,1.0,1,1.0
240,20,293.000,214.000,4.000,10.000,1.0,1,1.0
241,20,292.000,213.000,5.000,9.000,1.0,1,1.0
242,20,292.000,212.000,5.000,9.000,1.0,1,1.0
243,20,293.000,210.000,4.000,9.000,1.0,1,1.0
244,20,293.000,209.000,5.000,9.000,1.0,1,1.0
245,20,293.000,207.000,5.000,9.000,1.0,1,1.0
246,20,294.000,206.000,5.000,8.000,1.0,1,1.0
247,20,294.000,205.000,5.000,8.000,1.0,1,1.0
248,20,294.000,204.000,5.000,9.000,1.0,1,1.0
249,20,294.000,203.000,5.000,9.000,1.0,1,1.0
250,20,294.000,203.000,5.000,9.000,1.0,1,1.0
251,20,294.000,202.000,5.000,9.000,1.0,1,1.0
252,20,295.000,201.000,5.000,9.000,1.0,1,1.0
253,20,295.000,201.000,5.000,8.000,1.0,1,1.0
254,20,295.000,200.000,5.000,9.000,1.0,1,1.0
255,20,295.000,200.000,5.000,8.000,1.0,1,1.0
256,20,295.000,200.000,5.000,8.000,1.0,1,1.0
257,20,295.000,199.000,5.000,9.000,1.0,1,1.0
258,20,291.000,196.000,4.000,6.000,1.0,1,1.0
259,20,267.000,180.000,4.000,8.000,1.0,1,1.0
260,20,267.000,180.000,5.000,8.000,1.0,1,1.0
261,20,267.000,179.000,5.000,9.000,1.0,1,1.0
262,20,268.000,179.000,4.000,9.000,1.0,1,1.0
263,20,268.000,179.000,4.000,9.000,1.0,1,1.0
264,20,268.000,178.000,4.000,10.000,1.0,1,1.0
265,20,268.000,178.000,5.000,9.000,1.0,1,1.0
266,20,268.000,177.000,5.000,9.000,1.0,1,1.0
267,20,269.000,175.000,4.000,9.000,1.0,1,1.0
268,20,269.000,173.000,5.000,9.000,1.0,1,1.0
269,20,270.000,172.000,4.000,9.000,1.0,1,1.0
270,20,270.000,170.000,4.000,9.000,1.0,1,1.0
271,20,270.000,168.000,5.000,9.000,1.0,1,1.0
272,20,271.000,167.000,4.000,8.000,1.0,1,1.0
273,20,271.000,164.000,5.000,9.000,1.0,1,1.0
274,20,272.000,163.000,5.000,8.000,1.0,1,1.0
275,20,273.000,161.000,5.000,8.000,1.0,1,1.0
276,20,273.000,158.000,5.000,8.000,1.0,1,1.0
277,20,274.000,157.000,5.000,8.000,1.0,1,1.0
278,20,275.000,154.000,5.000,9.000,1.0,1,1.0
279,20,275.000,152.000,5.000,9.000,1.0,1,1.0
280,20,276.000,151.000,5.000,8.000,1.0,1,1.0
281,20,276.000,148.000,5.000,8.000,1.0,1,1.0
282,20,277.000,146.000,5.000,9.000,1.0,1,1.0
283,20,278.000,144.000,4.000,9.000,1.0,1,1.0
284,20,278.000,142.000,4.000,9.000,1.0,1,1.0
285,20,278.000,140.000,5.000,9.000,1.0,1,1.0
286,20,279.000,138.000,5.000,9.000,1.0,1,1.0
287,20,279.000,136.000,5.000,8.000,1.0,1,1.0
288,20,280.000,134.000,5.000,9.000,1.0,1,1.0
289,20,280.000,132.000,5.000,8.000,1.0,1,1.0
290,20,281.000,129.000,5.000,9.000,1.0,1,1.0
291,20,282.000,127.000,5.000,9.000,1.0,1,1.0
292,20,282.000,125.000,5.000,9.000,1.0,1,1.0
293,20,283.000,123.000,5.000,8.000,1.0,1,1.0
294,20,283.000,120.000,5.000,9.000,1.0,1,1.0
295,20,283.000,118.000,5.000,9.000,1.0,1,1.0
296,20,284.000,116.000,4.000,9.000,1.0,1,1.0
297,20,284.000,114.000,5.000,9.000,1.0,1,1.0
298,20,284.000,112.000,5.000,9.000,1.0,1,1.0
299,20,285.000,110.000,5.000,9.000,1.0,1,1.0
300,20,285.000,108.000,5.000,9.000,1.0,1,1.0
301,20,286.000,106.000,4.000,10.000,1.0,1,1.0
302,20,286.000,105.000,5.000,8.000,1.0,1,1.0
303,20,286.000,102.000,5.000,10.000,1.0,1,1.0
304,20,287.000,102.000,5.000,8.000,1.0,1,1.0
305,20,287.000,102.000,5.000,5.000,1.0,1,1.0
306,20,287.000,101.000,5.000,5.000,1.0,1,1.0
324,20,295.000,66.000,5.000,5.000,1.0,1,1.0
325,20,295.000,64.000,4.000,6.000,1.0,1,1.0
326,20,294.000,62.000,6.000,8.000,1.0,1,1.0
327,20,295.000,62.000,4.000,7.000,1.0,1,1.0
328,20,295.000,62.000,5.000,7.000,1.0,1,1.0
329,20,294.000,61.000,5.000,6.000,1.0,1,1.0
330,20,294.000,61.000,5.000,4.000,1.0,1,1.0
332,20,295.000,53.000,5.000,5.000,1.0,1,1.0
333,20,296.000,51.000,5.000,7.000,1.0,1,1.0
334,20,296.000,50.000,5.000,8.000,1.0,1,1.0
335,20,296.000,48.000,5.000,9.000,1.0,1,1.0
336,20,296.000,47.000,5.000,9.000,1.0,1,1.0
337,20,296.000,45.000,5.000,10.000,1.0,1,1.0
338,20,296.000,44.000,5.000,10.000,1.0,1,1.0
339,20,296.000,42.000,4.000,11.000,1.0,1,1.0
340,20,296.000,40.000,4.000,10.000,1.0,1,1.0
341,20,296.000,39.000,5.000,10.000,1.0,1,1.0
342,20,296.000,38.000,5.000,9.000,1.0,1,1.0
343,20,296.000,37.000,4.000,9.000,1.0,1,1.0
344,20,296.000,36.000,5.000,9.000,1.0,1,1.0
345,20,297.000,35.000,4.000,9.000,1.0,1,1.0
346,20,297.000,33.000,4.000,10.000,1.0,1,1.0
347,20,296.000,32.000,5.000,10.000,1.0,1,1.0
348,20,297.000,31.000,4.000,9.000,1.0,1,1.0
349,20,297.000,30.000,4.000,9.000,1.0,1,1.0
350,20,297.000,28.000,4.000,10.000,1.0,1,1.0
351,20,297.000,27.000,4.000,9.000,1.0,1,1.0
352,20,298.000,26.000,3.000,8.000,1.0,1,1.0
353,20,298.000,24.000,4.000,8.000,1.0,1,1.0
354,20,298.000,22.000,4.000,9.000,1.0,1,1.0
355,20,298.000,21.000,5.000,9.000,1.0,1,1.0
356,20,299.000,22.000,5.000,7.000,1.0,1,1.0
357,20,299.000,22.000,5.000,7.000,1.0,1,1.0
358,20,299.000,22.000,5.000,7.000,1.0,1,1.0
359,20,299.000,22.000,6.000,7.000,1.0,1,1.0
360,20,299.000,22.000,6.000,7.000,1.0,1,1.0
361,20,299.000,22.000,6.000,7.000,1.0,1,1.0
362,20,299.000,22.000,6.000,7.000,1.0,1,1.0
363,20,285.000,22.000,8.000,6.000,1.0,1,1.0
9,19,174.000,440.000,6.000,5.000,1.0,1,1.0
10,19,172.000,440.000,7.000,4.000,1.0,1,1.0
11,19,170.000,439.000,6.000,5.000,1.0,1,1.0
12,19,168.000,438.000,5.000,6.000,1.0,1,1.0
13,19,168.000,437.000,5.000,5.000,1.0,1,1.0
14,19,167.000,437.000,5.000,5.000,1.0,1,1.0
15,19,167.000,437.000,5.000,6.000,1.0,1,1.0
16,19,165.000,438.000,6.000,6.000,1.0,1,1.0
17,19,165.000,438.000,6.000,5.000,1.0,1,1.0
18,19,165.000,438.000,6.000,6.000,1.0,1,1.0
19,19,162.000,440.000,6.000,8.000,1.0,1,1.0
20,19,159.000,442.000,7.000,6.000,1.0,1,1.0
21,19,167.000,441.000,5.000,7.000,1.0,1,1.0
22,19,166.000,438.000,4.000,6.000,1.0,1,1.0
23,19,165.000,438.000,5.000,6.000,1.0,1,1.0
24,19,166.000,438.000,5.000,6.000,1.0,1,1.0
25,19,165.000,438.000,5.000,5.000,1.0,1,1.0
26,19,165.000,438.000,5.000,6.000,1.0,1,1.0
27,19,164.000,438.000,5.000,5.000,1.0,1,1.0
29,19,155.000,441.000,9.000,7.000,1.0,1,1.0
31,19,157.000,441.000,9.000,7.000,1.0,1,1.0
33,19,157.000,441.000,8.000,7.000,1.0,1,1.0
34,19,157.000,441.000,8.000,7.000,1.0,1,1.0
35,19,158.000,442.000,7.000,6.000,1.0,1,1.0
36,19,158.000,442.000,7.000,6.000,1.0,1,1.0
37,19,159.000,442.000,6.000,6.000,1.0,1,1.0
38,19,158.000,441.000,6.000,7.000,1.0,1,1.0
39,19,157.000,441.000,7.000,7.000,1.0,1,1.0
40,19,158.000,442.000,6.000,6.000,1.0,1,1.0
42,19,158.000,442.000,6.000,6.000,1.0,1,1.0
45,19,158.000,442.000,6.000,6.000,1.0,1,1.0
46,19,158.000,442.000,6.000,5.000,1.0,1,1.0
47,19,158.000,442.000,6.000,6.000,1.0,1,1.0
48,19,158.000,442.000,6.000,6.000,1.0,1,1.0
50,19,158.000,441.000,6.000,6.000,1.0,1,1.0
51,19,158.000,442.000,6.000,6.000,1.0,1,1.0
52,19,158.000,441.000,6.000,6.000,1.0,1,1.0
53,19,158.000,441.000,6.000,6.000,1.0,1,1.0
54,19,157.000,442.000,6.000,5.000,1.0,1,1.0
55,19,157.000,442.000,6.000,5.000,1.0,1,1.0
56,19,157.000,442.000,6.000,5.000,1.0,1,1.0
57,19,157.000,442.000,6.000,5.000,1.0,1,1.0
58,19,157.000,442.000,6.000,5.000,1.0,1,1.0
59,19,157.000,442.000,6.000,5.000,1.0,1,1.0
60,19,157.000,441.000,6.000,6.000,1.0,1,1.0
61,19,139.000,427.000,6.000,5.000,1.0,1,1.0
62,19,139.000,426.000,7.000,5.000,1.0,1,1.0
65,19,137.000,439.000,7.000,6.000,1.0,1,1.0
66,19,138.000,439.000,6.000,6.000,1.0,1,1.0
67,19,138.000,440.000,6.000,4.000,1.0,1,1.0
68,19,138.000,439.000,7.000,5.000,1.0,1,1.0
69,19,139.000,439.000,6.000,5.000,1.0,1,1.0
71,19,140.000,440.000,6.000,5.000,1.0,1,1.0
76,19,137.000,441.000,7.000,4.000,1.0,1,1.0
77,19,137.000,440.000,8.000,5.000,1.0,1,1.0
78,19,137.000,441.000,8.000,4.000,1.0,1,1.0
79,19,138.000,440.000,6.000,5.000,1.0,1,1.0
80,19,138.000,440.000,6.000,5.000,1.0,1,1.0
81,19,137.000,440.000,7.000,5.000,1.0,1,1.0
82,19,137.000,440.000,6.000,6.000,1.0,1,1.0
83,19,138.000,437.000,7.000,8.000,1.0,1,1.0
84,19,138.000,438.000,6.000,7.000,1.0,1,1.0
85,19,139.000,438.000,6.000,7.000,1.0,1,1.0
86,19,144.000,441.000,6.000,5.000,1.0,1,1.0
87,19,146.000,439.000,7.000,7.000,1.0,1,1.0
88,19,147.000,438.000,6.000,7.000,1.0,1,1.0
89,19,147.000,437.000,6.000,7.000,1.0,1,1.0
90,19,147.000,437.000,5.000,6.000,1.0,1,1.0
91,19,148.000,437.000,4.000,4.000,1.0,1,1.0
92,19,147.000,437.000,5.000,4.000,1.0,1,1.0
93,19,144.000,436.000,7.000,6.000,1.0,1,1.0
94,19,147.000,437.000,5.000,4.000,1.0,1,1.0
95,19,147.000,437.000,5.000,4.000,1.0,1,1.0
96,19,147.000,437.000,5.000,4.000,1.0,1,1.0
97,19,147.000,436.000,5.000,5.000,1.0,1,1.0
98,19,147.000,437.000,5.000,4.000,1.0,1,1.0
99,19,147.000,437.000,5.000,4.000,1.0,1,1.0
100,19,147.000,437.000,5.000,4.000,1.0,1,1.0
101,19,149.000,436.000,6.000,4.000,1.0,1,1.0
102,19,151.000,435.000,6.000,5.000,1.0,1,1.0
103,19,152.000,432.000,6.000,7.000,1.0,1,1.0
104,19,152.000,435.000,7.000,6.000,1.0,1,1.0
105,19,151.000,435.000,8.000,6.000,1.0,1,1.0
106,19,150.000,435.000,9.000,7.000,1.0,1,1.0
107,19,150.000,435.000,9.000,7.000,1.0,1,1.0
109,19,151.000,435.000,8.000,6.000,1.0,1,1.0
129,19,153.000,441.000,7.000,7.000,1.0,1,1.0
133,19,163.000,441.000,7.000,5.000,1.0,1,1.0
134,19,164.000,441.000,6.000,4.000,1.0,1,1.0
135,19,164.000,440.000,6.000,5.000,1.0,1,1.0
136,19,164.000,440.000,6.000,5.000,1.0,1,1.0
137,19,165.000,440.000,7.000,5.000,1.0,1,1.0
138,19,165.000,440.000,7.000,5.000,1.0,1,1.0
139,19,167.000,440.000,7.000,5.000,1.0,1,1.0
140,19,167.000,440.000,7.000,5.000,1.0,1,1.0
141,19,167.000,440.000,7.000,5.000,1.0,1,1.0
142,19,168.000,440.000,7.000,5.000,1.0,1,1.0
143,19,168.000,440.000,7.000,5.000,1.0,1,1.0
144,19,169.000,439.000,6.000,6.000,1.0,1,1.0
145,19,168.000,440.000,7.000,5.000,1.0,1,1.0
146,19,169.000,440.000,7.000,5.000,1.0,1,1.0
147,19,170.000,441.000,7.000,4.000,1.0,1,1.0
148,19,171.000,441.000,7.000,4.000,1.0,1,1.0
149,19,172.000,441.000,8.000,5.000,1.0,1,1.0
150,19,173.000,439.000,9.000,6.000,1.0,1,1.0
151,19,173.000,439.000,8.000,7.000,1.0,1,1.0
152,19,173.000,440.000,8.000,6.000,1.0,1,1.0
153,19,172.000,439.000,7.000,6.000,1.0,1,1.0
154,19,172.000,439.000,7.000,6.000,1.0,1,1.0
155,19,172.000,439.000,7.000,7.000,1.0,1,1.0
156,19,171.000,439.000,8.000,7.000,1.0,1,1.0
157,19,170.000,438.000,8.000,7.000,1.0,1,1.0
158,19,168.000,437.000,10.000,8.000,1.0,1,1.0
159,19,172.000,437.000,6.000,8.000,1.0,1,1.0
160,19,172.000,437.000,6.000,8.000,1.0,1,1.0
161,19,172.000,437.000,6.000,8.000,1.0,1,1.0
162,19,172.000,437.000,5.000,8.000,1.0,1,1.0
163,19,173.000,436.000,5.000,9.000,1.0,1,1.0
164,19,172.000,436.000,5.000,9.000,1.0,1,1.0
165,19,173.000,436.000,5.000,9.000,1.0,1,1.0
166,19,173.000,436.000,6.000,9.000,1.0,1,1.0
167,19,173.000,436.000,6.000,8.000,1.0,1,1.0
168,19,174.000,436.000,6.000,9.000,1.0,1,1.0
169,19,179.000,441.000,7.000,5.000,1.0,1,1.0
170,19,179.000,442.000,8.000,5.000,1.0,1,1.0
171,19,178.000,442.000,9.000,5.000,1.0,1,1.0
172,19,179.000,442.000,8.000,5.000,1.0,1,1.0
173,19,180.000,441.000,6.000,5.000,1.0,1,1.0
174,19,179.000,440.000,6.000,5.000,1.0,1,1.0
175,19,180.000,441.000,6.000,5.000,1.0,1,1.0
176,19,180.000,442.000,6.000,4.000,1.0,1,1.0
177,19,180.000,442.000,6.000,5.000,1.0,1,1.0
178,19,180.000,442.000,6.000,5.000,1.0,1,1.0
179,19,180.000,442.000,6.000,5.000,1.0,1,1.0
180,19,180.000,437.000,7.000,9.000,1.0,1,1.0
181,19,180.000,440.000,6.000,6.000,1.0,1,1.0
182,19,178.000,439.000,8.000,7.000,1.0,1,1.0
183,19,178.000,440.000,8.000,6.000,1.0,1,1.0
184,19,178.000,439.000,8.000,7.000,1.0,1,1.0
185,19,178.000,439.000,8.000,7.000,1.0,1,1.0
186,19,178.000,439.000,8.000,7.000,1.0,1,1.0
187,19,178.000,439.000,8.000,6.000,1.0,1,1.0
188,19,179.000,439.000,8.000,6.000,1.0,1,1.0
189,19,179.000,439.000,8.000,6.000,1.0,1,1.0
190,19,180.000,439.000,7.000,6.000,1.0,1,1.0
191,19,181.000,440.000,6.000,5.000,1.0,1,1.0
192,19,183.000,440.000,5.000,5.000,1.0,1,1.0
193,19,183.000,440.000,5.000,5.000,1.0,1,1.0
194,19,183.000,440.000,5.000,5.000,1.0,1,1.0
195,19,183.000,440.000,5.000,5.000,1.0,1,1.0
196,19,183.000,440.000,5.000,5.000,1.0,1,1.0
197,19,183.000,440.000,5.000,5.000,1.0,1,1.0
198,19,183.000,439.000,6.000,6.000,1.0,1,1.0
199,19,184.000,440.000,5.000,5.000,1.0,1,1.0
200,19,184.000,440.000,5.000,5.000,1.0,1,1.0
201,19,184.000,440.000,6.000,5.000,1.0,1,1.0
202,19,184.000,440.000,6.000,5.000,1.0,1,1.0
203,19,184.000,440.000,6.000,5.000,1.0,1,1.0
204,19,184.000,440.000,6.000,5.000,1.0,1,1.0
205,19,184.000,441.000,6.000,5.000,1.0,1,1.0
206,19,184.000,440.000,6.000,6.000,1.0,1,1.0
207,19,184.000,440.000,6.000,6.000,1.0,1,1.0
208,19,184.000,440.000,6.000,6.000,1.0,1,1.0
209,19,184.000,440.000,6.000,6.000,1.0,1,1.0
210,19,184.000,440.000,6.000,5.000,1.0,1,1.0
211,19,184.000,440.000,6.000,5.000,1.0,1,1.0
212,19,184.000,440.000,6.000,5.000,1.0,1,1.0
213,19,184.000,440.000,6.000,6.000,1.0,1,1.0
214,19,184.000,440.000,6.000,5.000,1.0,1,1.0
215,19,185.000,441.000,5.000,5.000,1.0,1,1.0
216,19,185.000,441.000,5.000,5.000,1.0,1,1.0
217,19,185.000,441.000,5.000,5.000,1.0,1,1.0
218,19,185.000,441.000,5.000,5.000,1.0,1,1.0
219,19,185.000,441.000,5.000,5.000,1.0,1,1.0
220,19,185.000,440.000,5.000,5.000,1.0,1,1.0
221,19,185.000,440.000,5.000,6.000,1.0,1,1.0
222,19,185.000,440.000,6.000,5.000,1.0,1,1.0
223,19,186.000,440.000,5.000,5.000,1.0,1,1.0
224,19,186.000,440.000,5.000,4.000,1.0,1,1.0
225,19,186.000,439.000,5.000,5.000,1.0,1,1.0
226,19,186.000,440.000,5.000,4.000,1.0,1,1.0
227,19,186.000,439.000,5.000,5.000,1.0,1,1.0
228,19,186.000,439.000,5.000,5.000,1.0,1,1.0
229,19,186.000,439.000,5.000,5.000,1.0,1,1.0
230,19,185.000,439.000,5.000,5.000,1.0,1,1.0
231,19,185.000,439.000,5.000,4.000,1.0,1,1.0
232,19,185.000,439.000,5.000,5.000,1.0,1,1.0
233,19,184.000,439.000,6.000,4.000,1.0,1,1.0
234,19,184.000,439.000,6.000,5.000,1.0,1,1.0
235,19,184.000,439.000,6.000,6.000,1.0,1,1.0
246,19,185.000,439.000,5.000,6.000,1.0,1,1.0
247,19,185.000,440.000,6.000,5.000,1.0,1,1.0
248,19,186.000,440.000,5.000,5.000,1.0,1,1.0
249,19,186.000,440.000,5.000,5.000,1.0,1,1.0
250,19,186.000,440.000,5.000,4.000,1.0,1,1.0
251,19,186.000,440.000,5.000,4.000,1.0,1,1.0
252,19,186.000,440.000,5.000,5.000,1.0,1,1.0
253,19,186.000,440.000,5.000,4.000,1.0,1,1.0
254,19,186.000,440.000,5.000,4.000,1.0,1,1.0
255,19,186.000,440.000,5.000,4.000,1.0,1,1.0
256,19,186.000,440.000,5.000,5.000,1.0,1,1.0
257,19,186.000,440.000,5.000,5.000,1.0,1,1.0
258,19,186.000,440.000,5.000,5.000,1.0,1,1.0
259,19,186.000,440.000,5.000,5.000,1.0,1,1.0
260,19,186.000,440.000,5.000,4.000,1.0,1,1.0
261,19,186.000,440.000,5.000,5.000,1.0,1,1.0
262,19,186.000,440.000,5.000,5.000,1.0,1,1.0
263,19,186.000,440.000,5.000,4.000,1.0,1,1.0
264,19,186.000,440.000,5.000,5.000,1.0,1,1.0
265,19,186.000,440.000,5.000,5.000,1.0,1,1.0
266,19,186.000,440.000,5.000,5.000,1.0,1,1.0
267,19,186.000,440.000,5.000,5.000,1.0,1,1.0
268,19,186.000,440.000,5.000,5.000,1.0,1,1.0
269,19,186.000,440.000,5.000,6.000,1.0,1,1.0
270,19,186.000,441.000,5.000,4.000,1.0,1,1.0
271,19,186.000,440.000,5.000,5.000,1.0,1,1.0
272,19,186.000,440.000,5.000,6.000,1.0,1,1.0
273,19,185.000,440.000,5.000,5.000,1.0,1,1.0
274,19,185.000,439.000,5.000,6.000,1.0,1,1.0
275,19,184.000,440.000,6.000,5.000,1.0,1,1.0
276,19,185.000,440.000,5.000,5.000,1.0,1,1.0
277,19,184.000,440.000,6.000,5.000,1.0,1,1.0
278,19,185.000,440.000,5.000,5.000,1.0,1,1.0
279,19,184.000,440.000,6.000,5.000,1.0,1,1.0
280,19,185.000,440.000,5.000,5.000,1.0,1,1.0
281,19,185.000,440.000,4.000,5.000,1.0,1,1.0
282,19,185.000,440.000,5.000,5.000,1.0,1,1.0
283,19,185.000,440.000,5.000,5.000,1.0,1,1.0
284,19,184.000,440.000,6.000,5.000,1.0,1,1.0
285,19,184.000,440.000,5.000,5.000,1.0,1,1.0
286,19,184.000,440.000,5.000,5.000,1.0,1,1.0
287,19,185.000,440.000,4.000,5.000,1.0,1,1.0
288,19,185.000,440.000,4.000,5.000,1.0,1,1.0
289,19,184.000,440.000,5.000,5.000,1.0,1,1.0
290,19,184.000,440.000,5.000,5.000,1.0,1,1.0
291,19,184.000,440.000,5.000,5.000,1.0,1,1.0
292,19,184.000,440.000,5.000,5.000,1.0,1,1.0
293,19,184.000,440.000,5.000,5.000,1.0,1,1.0
294,19,184.000,440.000,5.000,5.000,1.0,1,1.0
295,19,184.000,440.000,5.000,5.000,1.0,1,1.0
296,19,184.000,440.000,5.000,5.000,1.0,1,1.0
297,19,184.000,440.000,6.000,5.000,1.0,1,1.0
298,19,184.000,440.000,6.000,5.000,1.0,1,1.0
299,19,184.000,440.000,6.000,5.000,1.0,1,1.0
300,19,184.000,440.000,6.000,5.000,1.0,1,1.0
301,19,184.000,440.000,6.000,5.000,1.0,1,1.0
302,19,184.000,440.000,6.000,5.000,1.0,1,1.0
303,19,184.000,439.000,6.000,6.000,1.0,1,1.0
304,19,184.000,440.000,6.000,5.000,1.0,1,1.0
305,19,184.000,440.000,6.000,5.000,1.0,1,1.0
306,19,185.000,440.000,5.000,5.000,1.0,1,1.0
307,19,185.000,440.000,5.000,5.000,1.0,1,1.0
308,19,185.000,440.000,4.000,5.000,1.0,1,1.0
309,19,184.000,440.000,5.000,5.000,1.0,1,1.0
310,19,184.000,440.000,5.000,5.000,1.0,1,1.0
311,19,184.000,440.000,5.000,5.000,1.0,1,1.0
312,19,184.000,440.000,5.000,5.000,1.0,1,1.0
313,19,184.000,440.000,5.000,5.000,1.0,1,1.0
314,19,184.000,440.000,5.000,5.000,1.0,1,1.0
315,19,184.000,440.000,6.000,5.000,1.0,1,1.0
316,19,184.000,440.000,6.000,5.000,1.0,1,1.0
317,19,184.000,440.000,5.000,5.000,1.0,1,1.0
318,19,184.000,440.000,5.000,5.000,1.0,1,1.0
319,19,184.000,440.000,5.000,5.000,1.0,1,1.0
320,19,184.000,440.000,6.000,5.000,1.0,1,1.0
321,19,185.000,440.000,4.000,5.000,1.0,1,1.0
322,19,185.000,440.000,4.000,5.000,1.0,1,1.0
323,19,185.000,440.000,5.000,5.000,1.0,1,1.0
324,19,185.000,440.000,5.000,5.000,1.0,1,1.0
325,19,185.000,440.000,5.000,5.000,1.0,1,1.0
326,19,185.000,440.000,4.000,5.000,1.0,1,1.0
327,19,185.000,440.000,4.000,5.000,1.0,1,1.0
328,19,185.000,440.000,4.000,5.000,1.0,1,1.0
329,19,184.000,440.000,5.000,5.000,1.0,1,1.0
330,19,184.000,440.000,5.000,5.000,1.0,1,1.0
331,19,184.000,440.000,5.000,5.000,1.0,1,1.0
332,19,184.000,440.000,5.000,5.000,1.0,1,1.0
333,19,184.000,440.000,5.000,5.000,1.0,1,1.0
334,19,184.000,440.000,5.000,5.000,1.0,1,1.0
335,19,184.000,440.000,5.000,5.000,1.0,1,1.0
336,19,184.000,440.000,5.000,5.000,1.0,1,1.0
337,19,184.000,440.000,5.000,5.000,1.0,1,1.0
338,19,184.000,440.000,5.000,5.000,1.0,1,1.0
339,19,184.000,440.000,5.000,5.000,1.0,1,1.0
340,19,184.000,440.000,5.000,5.000,1.0,1,1.0
341,19,184.000,440.000,5.000,5.000,1.0,1,1.0
342,19,184.000,440.000,5.000,5.000,1.0,1,1.0
343,19,184.000,440.000,6.000,5.000,1.0,1,1.0
344,19,184.000,440.000,5.000,5.000,1.0,1,1.0
345,19,184.000,440.000,6.000,5.000,1.0,1,1.0
346,19,184.000,440.000,5.000,5.000,1.0,1,1.0
347,19,184.000,440.000,5.000,5.000,1.0,1,1.0
348,19,184.000,440.000,5.000,5.000,1.0,1,1.0
349,19,184.000,440.000,5.000,5.000,1.0,1,1.0
350,19,184.000,440.000,5.000,5.000,1.0,1,1.0
351,19,184.000,439.000,5.000,6.000,1.0,1,1.0
352,19,184.000,439.000,5.000,6.000,1.0,1,1.0
353,19,183.000,439.000,6.000,6.000,1.0,1,1.0
354,19,183.000,439.000,6.000,6.000,1.0,1,1.0
355,19,183.000,439.000,6.000,6.000,1.0,1,1.0
356,19,183.000,439.000,6.000,6.000,1.0,1,1.0
357,19,183.000,439.000,6.000,6.000,1.0,1,1.0
358,19,183.000,440.000,6.000,5.000,1.0,1,1.0
359,19,183.000,439.000,6.000,6.000,1.0,1,1.0
360,19,183.000,440.000,6.000,5.000,1.0,1,1.0
361,19,183.000,440.000,5.000,4.000,1.0,1,1.0
362,19,183.000,440.000,5.000,4.000,1.0,1,1.0
363,19,182.000,440.000,6.000,4.000,1.0,1,1.0
10,3,69.000,440.000,4.000,5.000,1.0,1,1.0
11,3,69.000,440.000,4.000,4.000,1.0,1,1.0
12,3,41.000,410.000,8.000,5.000,1.0,1,1.0
13,3,11.000,394.000,6.000,6.000,1.0,1,1.0
14,3,19.000,395.000,8.000,6.000,1.0,1,1.0
15,3,44.000,417.000,7.000,6.000,1.0,1,1.0
16,3,66.000,436.000,6.000,8.000,1.0,1,1.0
17,3,64.000,430.000,8.000,6.000,1.0,1,1.0
18,3,68.000,418.000,7.000,5.000,1.0,1,1.0
19,3,72.000,429.000,4.000,8.000,1.0,1,1.0
20,3,69.000,441.000,6.000,4.000,1.0,1,1.0
21,3,70.000,441.000,6.000,5.000,1.0,1,1.0
22,3,70.000,441.000,6.000,5.000,1.0,1,1.0
23,3,69.000,441.000,6.000,5.000,1.0,1,1.0
24,3,69.000,441.000,7.000,5.000,1.0,1,1.0
25,3,69.000,441.000,7.000,5.000,1.0,1,1.0
26,3,69.000,441.000,6.000,4.000,1.0,1,1.0
27,3,68.000,441.000,7.000,4.000,1.0,1,1.0
28,3,68.000,441.000,7.000,4.000,1.0,1,1.0
29,3,69.000,441.000,6.000,4.000,1.0,1,1.0
34,3,62.000,439.000,8.000,6.000,1.0,1,1.0
35,3,61.000,440.000,6.000,4.000,1.0,1,1.0
36,3,60.000,439.000,7.000,5.000,1.0,1,1.0
37,3,61.000,439.000,6.000,5.000,1.0,1,1.0
38,3,60.000,439.000,7.000,5.000,1.0,1,1.0
39,3,60.000,439.000,7.000,5.000,1.0,1,1.0
40,3,60.000,439.000,7.000,5.000,1.0,1,1.0
41,3,60.000,439.000,7.000,4.000,1.0,1,1.0
42,3,59.000,439.000,7.000,5.000,1.0,1,1.0
43,3,54.000,439.000,10.000,6.000,1.0,1,1.0
44,3,53.000,439.000,9.000,6.000,1.0,1,1.0
45,3,53.000,440.000,8.000,5.000,1.0,1,1.0
46,3,52.000,439.000,9.000,6.000,1.0,1,1.0
47,3,51.000,439.000,9.000,6.000,1.0,1,1.0
48,3,50.000,439.000,10.000,6.000,1.0,1,1.0
49,3,49.000,440.000,10.000,5.000,1.0,1,1.0
50,3,49.000,440.000,8.000,5.000,1.0,1,1.0
51,3,47.000,440.000,9.000,5.000,1.0,1,1.0
52,3,46.000,440.000,9.000,5.000,1.0,1,1.0
53,3,45.000,440.000,9.000,5.000,1.0,1,1.0
54,3,44.000,440.000,7.000,5.000,1.0,1,1.0
55,3,44.000,440.000,7.000,5.000,1.0,1,1.0
56,3,44.000,441.000,6.000,4.000,1.0,1,1.0
57,3,43.000,441.000,7.000,4.000,1.0,1,1.0
58,3,42.000,441.000,7.000,4.000,1.0,1,1.0
59,3,40.000,442.000,6.000,4.000,1.0,1,1.0
62,3,35.000,441.000,7.000,4.000,1.0,1,1.0
63,3,34.000,441.000,7.000,4.000,1.0,1,1.0
64,3,34.000,441.000,6.000,4.000,1.0,1,1.0
65,3,32.000,440.000,8.000,5.000,1.0,1,1.0
66,3,32.000,441.000,7.000,5.000,1.0,1,1.0
67,3,32.000,441.000,7.000,5.000,1.0,1,1.0
68,3,31.000,441.000,8.000,5.000,1.0,1,1.0
69,3,30.000,441.000,9.000,5.000,1.0,1,1.0
70,3,30.000,441.000,9.000,5.000,1.0,1,1.0
71,3,29.000,441.000,9.000,5.000,1.0,1,1.0
72,3,28.000,441.000,10.000,4.000,1.0,1,1.0
73,3,28.000,441.000,9.000,4.000,1.0,1,1.0
74,3,26.000,441.000,11.000,4.000,1.0,1,1.0
75,3,25.000,441.000,12.000,4.000,1.0,1,1.0
76,3,25.000,441.000,10.000,4.000,1.0,1,1.0
77,3,25.000,441.000,9.000,4.000,1.0,1,1.0
78,3,25.000,441.000,9.000,4.000,1.0,1,1.0
79,3,25.000,440.000,7.000,5.000,1.0,1,1.0
80,3,25.000,440.000,8.000,5.000,1.0,1,1.0
81,3,25.000,439.000,7.000,6.000,1.0,1,1.0
82,3,25.000,438.000,7.000,7.000,1.0,1,1.0
83,3,27.000,439.000,7.000,6.000,1.0,1,1.0
84,3,27.000,438.000,6.000,7.000,1.0,1,1.0
85,3,26.000,438.000,7.000,7.000,1.0,1,1.0
86,3,25.000,437.000,8.000,8.000,1.0,1,1.0
87,3,23.000,438.000,10.000,7.000,1.0,1,1.0
88,3,21.000,438.000,11.000,7.000,1.0,1,1.0
89,3,26.000,438.000,5.000,6.000,1.0,1,1.0
90,3,25.000,438.000,6.000,6.000,1.0,1,1.0
91,3,26.000,437.000,5.000,8.000,1.0,1,1.0
92,3,26.000,437.000,5.000,8.000,1.0,1,1.0
93,3,26.000,437.000,6.000,8.000,1.0,1,1.0
94,3,26.000,437.000,5.000,8.000,1.0,1,1.0
95,3,26.000,437.000,5.000,8.000,1.0,1,1.0
96,3,26.000,437.000,5.000,8.000,1.0,1,1.0
97,3,26.000,437.000,5.000,8.000,1.0,1,1.0
98,3,25.000,437.000,6.000,8.000,1.0,1,1.0
99,3,24.000,438.000,6.000,7.000,1.0,1,1.0
100,3,25.000,437.000,5.000,8.000,1.0,1,1.0
101,3,25.000,437.000,5.000,8.000,1.0,1,1.0
102,3,25.000,437.000,6.000,8.000,1.0,1,1.0
103,3,24.000,437.000,6.000,8.000,1.0,1,1.0
104,3,23.000,436.000,6.000,9.000,1.0,1,1.0
105,3,23.000,436.000,6.000,8.000,1.0,1,1.0
106,3,24.000,436.000,5.000,8.000,1.0,1,1.0
107,3,24.000,435.000,5.000,9.000,1.0,1,1.0
108,3,24.000,435.000,5.000,8.000,1.0,1,1.0
109,3,24.000,435.000,4.000,7.000,1.0,1,1.0
110,3,24.000,434.000,5.000,8.000,1.0,1,1.0
111,3,25.000,434.000,4.000,8.000,1.0,1,1.0
112,3,25.000,434.000,4.000,8.000,1.0,1,1.0
113,3,25.000,434.000,4.000,7.000,1.0,1,1.0
114,3,25.000,433.000,4.000,8.000,1.0,1,1.0
115,3,25.000,433.000,4.000,8.000,1.0,1,1.0
116,3,25.000,432.000,4.000,9.000,1.0,1,1.0
117,3,25.000,432.000,4.000,9.000,1.0,1,1.0
118,3,25.000,432.000,4.000,8.000,1.0,1,1.0
119,3,25.000,432.000,4.000,9.000,1.0,1,1.0
120,3,25.000,432.000,4.000,9.000,1.0,1,1.0
121,3,25.000,432.000,4.000,8.000,1.0,1,1.0
122,3,25.000,432.000,4.000,8.000,1.0,1,1.0
123,3,25.000,432.000,4.000,8.000,1.0,1,1.0
124,3,25.000,432.000,4.000,8.000,1.0,1,1.0
125,3,25.000,431.000,4.000,9.000,1.0,1,1.0
126,3,24.000,431.000,5.000,9.000,1.0,1,1.0
127,3,23.000,431.000,6.000,11.000,1.0,1,1.0
128,3,25.000,432.000,4.000,8.000,1.0,1,1.0
129,3,25.000,432.000,4.000,8.000,1.0,1,1.0
130,3,25.000,433.000,5.000,8.000,1.0,1,1.0
131,3,24.000,433.000,5.000,7.000,1.0,1,1.0
132,3,24.000,433.000,6.000,10.000,1.0,1,1.0
133,3,25.000,433.000,5.000,10.000,1.0,1,1.0
134,3,25.000,433.000,5.000,11.000,1.0,1,1.0
135,3,24.000,433.000,6.000,11.000,1.0,1,1.0
136,3,24.000,433.000,6.000,10.000,1.0,1,1.0
137,3,24.000,433.000,6.000,10.000,1.0,1,1.0
138,3,23.000,432.000,6.000,9.000,1.0,1,1.0
139,3,23.000,432.000,6.000,8.000,1.0,1,1.0
140,3,23.000,433.000,5.000,7.000,1.0,1,1.0
141,3,23.000,432.000,6.000,7.000,1.0,1,1.0
142,3,23.000,433.000,5.000,7.000,1.0,1,1.0
143,3,23.000,433.000,5.000,7.000,1.0,1,1.0
144,3,23.000,433.000,4.000,7.000,1.0,1,1.0
145,3,22.000,433.000,6.000,8.000,1.0,1,1.0
146,3,22.000,433.000,6.000,8.000,1.0,1,1.0
147,3,22.000,434.000,5.000,8.000,1.0,1,1.0
148,3,22.000,434.000,5.000,8.000,1.0,1,1.0
149,3,22.000,434.000,5.000,8.000,1.0,1,1.0
150,3,22.000,434.000,5.000,9.000,1.0,1,1.0
151,3,22.000,434.000,5.000,9.000,1.0,1,1.0
152,3,22.000,434.000,5.000,9.000,1.0,1,1.0
153,3,22.000,435.000,5.000,8.000,1.0,1,1.0
154,3,22.000,434.000,4.000,8.000,1.0,1,1.0
155,3,21.000,434.000,5.000,9.000,1.0,1,1.0
156,3,21.000,434.000,5.000,8.000,1.0,1,1.0
157,3,21.000,433.000,5.000,9.000,1.0,1,1.0
158,3,20.000,433.000,6.000,9.000,1.0,1,1.0
159,3,21.000,433.000,5.000,10.000,1.0,1,1.0
160,3,21.000,433.000,4.000,9.000,1.0,1,1.0
161,3,21.000,433.000,4.000,9.000,1.0,1,1.0
162,3,20.000,433.000,5.000,9.000,1.0,1,1.0
163,3,21.000,433.000,4.000,9.000,1.0,1,1.0
164,3,21.000,433.000,4.000,9.000,1.0,1,1.0
165,3,21.000,433.000,4.000,9.000,1.0,1,1.0
166,3,20.000,432.000,4.000,9.000,1.0,1,1.0
167,3,20.000,432.000,5.000,9.000,1.0,1,1.0
168,3,20.000,432.000,5.000,9.000,1.0,1,1.0
169,3,21.000,433.000,4.000,9.000,1.0,1,1.0
170,3,21.000,433.000,4.000,9.000,1.0,1,1.0
171,3,21.000,433.000,5.000,8.000,1.0,1,1.0
172,3,22.000,433.000,4.000,8.000,1.0,1,1.0
173,3,21.000,432.000,5.000,9.000,1.0,1,1.0
174,3,22.000,432.000,4.000,9.000,1.0,1,1.0
175,3,21.000,432.000,5.000,8.000,1.0,1,1.0
176,3,21.000,431.000,4.000,9.000,1.0,1,1.0
177,3,21.000,431.000,4.000,9.000,1.0,1,1.0
178,3,20.000,431.000,5.000,9.000,1.0,1,1.0
179,3,19.000,432.000,4.000,8.000,1.0,1,1.0
180,3,18.000,432.000,5.000,9.000,1.0,1,1.0
181,3,18.000,432.000,5.000,8.000,1.0,1,1.0
182,3,18.000,434.000,4.000,8.000,1.0,1,1.0
183,3,18.000,440.000,4.000,5.000,1.0,1,1.0
184,3,15.000,441.000,6.000,5.000,1.0,1,1.0
185,3,15.000,441.000,7.000,5.000,1.0,1,1.0
186,3,15.000,441.000,7.000,5.000,1.0,1,1.0
187,3,17.000,441.000,5.000,5.000,1.0,1,1.0
188,3,15.000,441.000,7.000,5.000,1.0,1,1.0
189,3,17.000,441.000,5.000,5.000,1.0,1,1.0
190,3,19.000,441.000,7.000,4.000,1.0,1,1.0
191,3,20.000,441.000,7.000,4.000,1.0,1,1.0
192,3,20.000,441.000,7.000,4.000,1.0,1,1.0
193,3,21.000,441.000,7.000,4.000,1.0,1,1.0
194,3,21.000,441.000,7.000,4.000,1.0,1,1.0
195,3,21.000,441.000,7.000,4.000,1.0,1,1.0
196,3,21.000,441.000,8.000,4.000,1.0,1,1.0
197,3,22.000,441.000,8.000,4.000,1.0,1,1.0
198,3,21.000,441.000,8.000,5.000,1.0,1,1.0
199,3,23.000,436.000,9.000,9.000,1.0,1,1.0
200,3,23.000,436.000,8.000,9.000,1.0,1,1.0
201,3,23.000,436.000,8.000,9.000,1.0,1,1.0
202,3,23.000,436.000,8.000,9.000,1.0,1,1.0
203,3,24.000,435.000,8.000,10.000,1.0,1,1.0
204,3,25.000,434.000,8.000,11.000,1.0,1,1.0
205,3,25.000,434.000,8.000,10.000,1.0,1,1.0
206,3,25.000,440.000,7.000,5.000,1.0,1,1.0
207,3,25.000,441.000,6.000,4.000,1.0,1,1.0
208,3,25.000,441.000,7.000,4.000,1.0,1,1.0
209,3,25.000,441.000,6.000,4.000,1.0,1,1.0
210,3,24.000,441.000,7.000,5.000,1.0,1,1.0
211,3,25.000,441.000,6.000,5.000,1.0,1,1.0
212,3,25.000,441.000,6.000,5.000,1.0,1,1.0
213,3,25.000,441.000,6.000,5.000,1.0,1,1.0
214,3,25.000,441.000,6.000,4.000,1.0,1,1.0
215,3,25.000,441.000,6.000,4.000,1.0,1,1.0
216,3,25.000,441.000,6.000,4.000,1.0,1,1.0
217,3,25.000,441.000,6.000,4.000,1.0,1,1.0
218,3,25.000,441.000,6.000,5.000,1.0,1,1.0
219,3,25.000,441.000,5.000,4.000,1.0,1,1.0
220,3,24.000,441.000,6.000,5.000,1.0,1,1.0
221,3,24.000,441.000,6.000,5.000,1.0,1,1.0
222,3,24.000,441.000,6.000,5.000,1.0,1,1.0
223,3,24.000,441.000,6.000,5.000,1.0,1,1.0
224,3,23.000,441.000,7.000,5.000,1.0,1,1.0
225,3,23.000,441.000,7.000,4.000,1.0,1,1.0
226,3,22.000,441.000,7.000,5.000,1.0,1,1.0
227,3,22.000,441.000,7.000,4.000,1.0,1,1.0
228,3,22.000,440.000,8.000,5.000,1.0,1,1.0
229,3,22.000,440.000,8.000,5.000,1.0,1,1.0
230,3,22.000,439.000,8.000,5.000,1.0,1,1.0
231,3,22.000,441.000,7.000,5.000,1.0,1,1.0
232,3,21.000,441.000,8.000,4.000,1.0,1,1.0
233,3,21.000,441.000,7.000,4.000,1.0,1,1.0
234,3,20.000,441.000,7.000,4.000,1.0,1,1.0
235,3,19.000,441.000,7.000,4.000,1.0,1,1.0
236,3,17.000,440.000,8.000,5.000,1.0,1,1.0
237,3,17.000,440.000,8.000,5.000,1.0,1,1.0
238,3,16.000,440.000,8.000,5.000,1.0,1,1.0
239,3,14.000,440.000,9.000,5.000,1.0,1,1.0
240,3,12.000,441.000,8.000,4.000,1.0,1,1.0
241,3,12.000,441.000,7.000,4.000,1.0,1,1.0
242,3,12.000,441.000,7.000,4.000,1.0,1,1.0
243,3,11.000,441.000,8.000,4.000,1.0,1,1.0
244,3,12.000,441.000,6.000,4.000,1.0,1,1.0
245,3,12.000,441.000,6.000,5.000,1.0,1,1.0
246,3,12.000,441.000,5.000,4.000,1.0,1,1.0
247,3,12.000,440.000,5.000,5.000,1.0,1,1.0
248,3,12.000,440.000,5.000,5.000,1.0,1,1.0
256,3,12.000,440.000,4.000,5.000,1.0,1,1.0
257,3,11.000,440.000,5.000,5.000,1.0,1,1.0
258,3,12.000,440.000,4.000,5.000,1.0,1,1.0
259,3,11.000,440.000,6.000,5.000,1.0,1,1.0
260,3,12.000,440.000,5.000,5.000,1.0,1,1.0
261,3,12.000,440.000,6.000,5.000,1.0,1,1.0
262,3,13.000,440.000,6.000,5.000,1.0,1,1.0
263,3,14.000,440.000,6.000,4.000,1.0,1,1.0
264,3,15.000,440.000,7.000,4.000,1.0,1,1.0
265,3,16.000,440.000,7.000,4.000,1.0,1,1.0
266,3,17.000,440.000,7.000,4.000,1.0,1,1.0
267,3,18.000,440.000,7.000,4.000,1.0,1,1.0
268,3,19.000,440.000,7.000,4.000,1.0,1,1.0
269,3,20.000,440.000,7.000,4.000,1.0,1,1.0
270,3,21.000,439.000,8.000,5.000,1.0,1,1.0
271,3,22.000,438.000,8.000,6.000,1.0,1,1.0
272,3,22.000,438.000,8.000,7.000,1.0,1,1.0
273,3,23.000,439.000,7.000,5.000,1.0,1,1.0
274,3,23.000,439.000,7.000,5.000,1.0,1,1.0
275,3,23.000,439.000,7.000,5.000,1.0,1,1.0
276,3,23.000,439.000,7.000,5.000,1.0,1,1.0
277,3,23.000,439.000,7.000,5.000,1.0,1,1.0
278,3,23.000,439.000,7.000,5.000,1.0,1,1.0
279,3,23.000,439.000,7.000,5.000,1.0,1,1.0
280,3,23.000,439.000,7.000,5.000,1.0,1,1.0
281,3,23.000,439.000,7.000,5.000,1.0,1,1.0
282,3,23.000,439.000,7.000,5.000,1.0,1,1.0
283,3,24.000,439.000,6.000,5.000,1.0,1,1.0
284,3,25.000,439.000,7.000,5.000,1.0,1,1.0
285,3,26.000,439.000,8.000,4.000,1.0,1,1.0
286,3,28.000,439.000,7.000,4.000,1.0,1,1.0
287,3,29.000,439.000,7.000,4.000,1.0,1,1.0
288,3,30.000,438.000,8.000,5.000,1.0,1,1.0
289,3,32.000,438.000,8.000,4.000,1.0,1,1.0
290,3,34.000,438.000,7.000,5.000,1.0,1,1.0
291,3,35.000,438.000,7.000,5.000,1.0,1,1.0
292,3,35.000,438.000,8.000,5.000,1.0,1,1.0
293,3,36.000,439.000,8.000,4.000,1.0,1,1.0
294,3,37.000,439.000,9.000,6.000,1.0,1,1.0
295,3,39.000,439.000,10.000,7.000,1.0,1,1.0
296,3,40.000,438.000,9.000,8.000,1.0,1,1.0
297,3,40.000,438.000,8.000,8.000,1.0,1,1.0
298,3,40.000,438.000,8.000,8.000,1.0,1,1.0
299,3,40.000,437.000,8.000,8.000,1.0,1,1.0
300,3,38.000,437.000,6.000,6.000,1.0,1,1.0
301,3,38.000,437.000,6.000,5.000,1.0,1,1.0
302,3,37.000,437.000,7.000,5.000,1.0,1,1.0
303,3,37.000,437.000,7.000,4.000,1.0,1,1.0
304,3,36.000,436.000,7.000,5.000,1.0,1,1.0
305,3,36.000,436.000,6.000,5.000,1.0,1,1.0
306,3,36.000,436.000,6.000,5.000,1.0,1,1.0
307,3,35.000,435.000,7.000,5.000,1.0,1,1.0
311,3,15.000,429.000,7.000,6.000,1.0,1,1.0
312,3,15.000,440.000,8.000,5.000,1.0,1,1.0
313,3,14.000,440.000,7.000,4.000,1.0,1,1.0
314,3,13.000,440.000,8.000,5.000,1.0,1,1.0
315,3,13.000,440.000,8.000,5.000,1.0,1,1.0
316,3,13.000,440.000,7.000,5.000,1.0,1,1.0
317,3,13.000,440.000,7.000,5.000,1.0,1,1.0
318,3,13.000,440.000,7.000,5.000,1.0,1,1.0
319,3,13.000,440.000,7.000,5.000,1.0,1,1.0
320,3,13.000,440.000,7.000,5.000,1.0,1,1.0
321,3,12.000,440.000,7.000,5.000,1.0,1,1.0
322,3,12.000,440.000,7.000,5.000,1.0,1,1.0
323,3,12.000,440.000,6.000,5.000,1.0,1,1.0
324,3,13.000,440.000,5.000,5.000,1.0,1,1.0
325,3,13.000,440.000,5.000,5.000,1.0,1,1.0
326,3,13.000,439.000,5.000,6.000,1.0,1,1.0
327,3,14.000,439.000,5.000,5.000,1.0,1,1.0
328,3,15.000,440.000,6.000,4.000,1.0,1,1.0
329,3,16.000,440.000,6.000,4.000,1.0,1,1.0
330,3,18.000,440.000,6.000,4.000,1.0,1,1.0
331,3,19.000,439.000,6.000,5.000,1.0,1,1.0
332,3,20.000,439.000,6.000,5.000,1.0,1,1.0
333,3,20.000,439.000,7.000,5.000,1.0,1,1.0
334,3,22.000,439.000,7.000,5.000,1.0,1,1.0
335,3,24.000,438.000,6.000,5.000,1.0,1,1.0
336,3,26.000,438.000,6.000,5.000,1.0,1,1.0
337,3,27.000,438.000,7.000,5.000,1.0,1,1.0
338,3,29.000,437.000,7.000,6.000,1.0,1,1.0
339,3,32.000,437.000,6.000,5.000,1.0,1,1.0
340,3,34.000,438.000,5.000,4.000,1.0,1,1.0
341,3,34.000,437.000,7.000,5.000,1.0,1,1.0
342,3,36.000,438.000,6.000,5.000,1.0,1,1.0
343,3,37.000,438.000,6.000,4.000,1.0,1,1.0
344,3,38.000,438.000,6.000,5.000,1.0,1,1.0
345,3,38.000,438.000,6.000,4.000,1.0,1,1.0
346,3,43.000,419.000,5.000,8.000,1.0,1,1.0
347,3,42.000,403.000,8.000,5.000,1.0,1,1.0
348,3,37.000,426.000,6.000,5.000,1.0,1,1.0
349,3,31.000,439.000,5.000,6.000,1.0,1,1.0
350,3,26.000,438.000,6.000,7.000,1.0,1,1.0
351,3,24.000,437.000,6.000,6.000,1.0,1,1.0
352,3,14.000,441.000,8.000,5.000,1.0,1,1.0
353,3,12.000,440.000,9.000,6.000,1.0,1,1.0
354,3,11.000,441.000,5.000,5.000,1.0,1,1.0
355,3,10.000,441.000,7.000,5.000,1.0,1,1.0
1,26,272.000,421.000,4.000,10.000,1.0,1,1.0
2,26,272.000,421.000,5.000,9.000,1.0,1,1.0
3,26,273.000,419.000,5.000,9.000,1.0,1,1.0
4,26,274.000,417.000,5.000,9.000,1.0,1,1.0
5,26,274.000,417.000,5.000,8.000,1.0,1,1.0
6,26,275.000,416.000,4.000,8.000,1.0,1,1.0
7,26,276.000,414.000,5.000,9.000,1.0,1,1.0
8,26,276.000,414.000,5.000,8.000,1.0,1,1.0
9,26,276.000,413.000,6.000,8.000,1.0,1,1.0
10,26,277.000,411.000,6.000,9.000,1.0,1,1.0
11,26,278.000,411.000,6.000,8.000,1.0,1,1.0
12,26,279.000,410.000,6.000,7.000,1.0,1,1.0
13,26,280.000,409.000,7.000,7.000,1.0,1,1.0
14,26,282.000,408.000,7.000,6.000,1.0,1,1.0
15,26,283.000,407.000,8.000,6.000,1.0,1,1.0
16,26,285.000,406.000,8.000,6.000,1.0,1,1.0
17,26,286.000,406.000,8.000,6.000,1.0,1,1.0
18,26,287.000,405.000,7.000,6.000,1.0,1,1.0
19,26,288.000,405.000,8.000,5.000,1.0,1,1.0
20,26,289.000,404.000,7.000,6.000,1.0,1,1.0
21,26,289.000,404.000,8.000,6.000,1.0,1,1.0
22,26,289.000,404.000,9.000,5.000,1.0,1,1.0
23,26,290.000,404.000,7.000,6.000,1.0,1,1.0
24,26,290.000,404.000,7.000,5.000,1.0,1,1.0
25,26,290.000,404.000,7.000,5.000,1.0,1,1.0
26,26,290.000,404.000,8.000,5.000,1.0,1,1.0
27,26,290.000,403.000,8.000,6.000,1.0,1,1.0
28,26,290.000,403.000,8.000,6.000,1.0,1,1.0
29,26,290.000,403.000,7.000,5.000,1.0,1,1.0
30,26,290.000,403.000,8.000,5.000,1.0,1,1.0
31,26,290.000,402.000,8.000,6.000,1.0,1,1.0
32,26,290.000,402.000,8.000,5.000,1.0,1,1.0
33,26,291.000,401.000,7.000,6.000,1.0,1,1.0
34,26,290.000,401.000,8.000,6.000,1.0,1,1.0
35,26,291.000,401.000,7.000,6.000,1.0,1,1.0
36,26,288.000,387.000,6.000,6.000,1.0,1,1.0
45,26,302.000,367.000,6.000,6.000,1.0,1,1.0
46,26,303.000,367.000,7.000,5.000,1.0,1,1.0
47,26,305.000,366.000,6.000,5.000,1.0,1,1.0
48,26,306.000,366.000,5.000,5.000,1.0,1,1.0
49,26,308.000,366.000,4.000,4.000,1.0,1,1.0
50,26,308.000,366.000,6.000,5.000,1.0,1,1.0
51,26,309.000,366.000,5.000,4.000,1.0,1,1.0
52,26,310.000,366.000,5.000,4.000,1.0,1,1.0
53,26,310.000,366.000,5.000,4.000,1.0,1,1.0
54,26,311.000,365.000,5.000,5.000,1.0,1,1.0
55,26,312.000,364.000,5.000,5.000,1.0,1,1.0
56,26,313.000,364.000,4.000,5.000,1.0,1,1.0
57,26,313.000,363.000,5.000,5.000,1.0,1,1.0
58,26,314.000,363.000,4.000,4.000,1.0,1,1.0
59,26,314.000,362.000,4.000,5.000,1.0,1,1.0
60,26,314.000,361.000,5.000,5.000,1.0,1,1.0
61,26,314.000,360.000,4.000,5.000,1.0,1,1.0
62,26,313.000,359.000,5.000,5.000,1.0,1,1.0
63,26,313.000,358.000,5.000,6.000,1.0,1,1.0
64,26,313.000,357.000,5.000,6.000,1.0,1,1.0
65,26,313.000,356.000,5.000,6.000,1.0,1,1.0
66,26,312.000,356.000,6.000,6.000,1.0,1,1.0
67,26,312.000,355.000,6.000,6.000,1.0,1,1.0
68,26,312.000,354.000,5.000,6.000,1.0,1,1.0
69,26,311.000,352.000,6.000,7.000,1.0,1,1.0
70,26,310.000,352.000,6.000,6.000,1.0,1,1.0
71,26,309.000,351.000,6.000,6.000,1.0,1,1.0
72,26,309.000,350.000,6.000,6.000,1.0,1,1.0
73,26,308.000,349.000,6.000,6.000,1.0,1,1.0
74,26,307.000,348.000,6.000,6.000,1.0,1,1.0
75,26,305.000,347.000,7.000,6.000,1.0,1,1.0
76,26,304.000,346.000,6.000,6.000,1.0,1,1.0
77,26,303.000,345.000,7.000,6.000,1.0,1,1.0
78,26,302.000,344.000,6.000,6.000,1.0,1,1.0
79,26,300.000,343.000,7.000,5.000,1.0,1,1.0
80,26,299.000,342.000,7.000,6.000,1.0,1,1.0
81,26,299.000,341.000,6.000,6.000,1.0,1,1.0
82,26,299.000,341.000,6.000,6.000,1.0,1,1.0
83,26,299.000,341.000,6.000,6.000,1.0,1,1.0
84,26,298.000,341.000,7.000,5.000,1.0,1,1.0
85,26,298.000,340.000,6.000,6.000,1.0,1,1.0
86,26,298.000,338.000,6.000,7.000,1.0,1,1.0
87,26,297.000,336.000,6.000,8.000,1.0,1,1.0
88,26,297.000,334.000,5.000,9.000,1.0,1,1.0
89,26,297.000,332.000,5.000,8.000,1.0,1,1.0
90,26,297.000,330.000,5.000,9.000,1.0,1,1.0
91,26,296.000,328.000,5.000,9.000,1.0,1,1.0
92,26,296.000,327.000,5.000,9.000,1.0,1,1.0
93,26,295.000,325.000,5.000,8.000,1.0,1,1.0
94,26,294.000,323.000,6.000,9.000,1.0,1,1.0
95,26,294.000,322.000,6.000,8.000,1.0,1,1.0
96,26,294.000,319.000,5.000,9.000,1.0,1,1.0
97,26,294.000,317.000,5.000,9.000,1.0,1,1.0
98,26,295.000,315.000,4.000,8.000,1.0,1,1.0
99,26,295.000,313.000,5.000,9.000,1.0,1,1.0
100,26,296.000,310.000,5.000,9.000,1.0,1,1.0
101,26,297.000,308.000,5.000,9.000,1.0,1,1.0
102,26,297.000,308.000,5.000,8.000,1.0,1,1.0
103,26,297.000,307.000,5.000,8.000,1.0,1,1.0
104,26,298.000,305.000,5.000,8.000,1.0,1,1.0
105,26,298.000,304.000,6.000,8.000,1.0,1,1.0
106,26,300.000,303.000,5.000,8.000,1.0,1,1.0
107,26,301.000,302.000,5.000,7.000,1.0,1,1.0
108,26,301.000,301.000,5.000,7.000,1.0,1,1.0
109,26,302.000,299.000,5.000,7.000,1.0,1,1.0
110,26,303.000,298.000,6.000,7.000,1.0,1,1.0
111,26,304.000,296.000,5.000,7.000,1.0,1,1.0
112,26,305.000,295.000,6.000,7.000,1.0,1,1.0
113,26,306.000,293.000,5.000,7.000,1.0,1,1.0
114,26,307.000,292.000,5.000,7.000,1.0,1,1.0
115,26,308.000,291.000,5.000,6.000,1.0,1,1.0
116,26,308.000,289.000,6.000,7.000,1.0,1,1.0
117,26,309.000,288.000,6.000,7.000,1.0,1,1.0
118,26,310.000,288.000,5.000,6.000,1.0,1,1.0
119,26,310.000,287.000,5.000,7.000,1.0,1,1.0
120,26,310.000,287.000,5.000,6.000,1.0,1,1.0
121,26,310.000,286.000,5.000,7.000,1.0,1,1.0
122,26,310.000,286.000,5.000,6.000,1.0,1,1.0
123,26,309.000,285.000,5.000,6.000,1.0,1,1.0
124,26,288.000,269.000,6.000,7.000,1.0,1,1.0
125,26,300.000,250.000,5.000,8.000,1.0,1,1.0
126,26,301.000,248.000,5.000,9.000,1.0,1,1.0
127,26,301.000,248.000,5.000,9.000,1.0,1,1.0
128,26,301.000,247.000,4.000,9.000,1.0,1,1.0
129,26,301.000,246.000,4.000,8.000,1.0,1,1.0
130,26,301.000,244.000,4.000,9.000,1.0,1,1.0
131,26,300.000,243.000,4.000,8.000,1.0,1,1.0
132,26,299.000,242.000,5.000,8.000,1.0,1,1.0
133,26,298.000,242.000,5.000,6.000,1.0,1,1.0
134,26,297.000,241.000,6.000,6.000,1.0,1,1.0
135,26,296.000,240.000,6.000,6.000,1.0,1,1.0
136,26,295.000,239.000,6.000,5.000,1.0,1,1.0
137,26,294.000,237.000,6.000,6.000,1.0,1,1.0
138,26,292.000,236.000,7.000,6.000,1.0,1,1.0
139,26,291.000,235.000,6.000,5.000,1.0,1,1.0
140,26,290.000,233.000,7.000,6.000,1.0,1,1.0
141,26,290.000,232.000,6.000,6.000,1.0,1,1.0
142,26,290.000,230.000,5.000,8.000,1.0,1,1.0
143,26,291.000,228.000,4.000,8.000,1.0,1,1.0
144,26,291.000,226.000,4.000,8.000,1.0,1,1.0
145,26,291.000,223.000,4.000,9.000,1.0,1,1.0
146,26,291.000,221.000,4.000,8.000,1.0,1,1.0
147,26,291.000,219.000,4.000,9.000,1.0,1,1.0
148,26,290.000,217.000,5.000,9.000,1.0,1,1.0
149,26,290.000,215.000,5.000,9.000,1.0,1,1.0
150,26,290.000,213.000,4.000,9.000,1.0,1,1.0
151,26,290.000,211.000,4.000,8.000,1.0,1,1.0
152,26,290.000,209.000,5.000,9.000,1.0,1,1.0
153,26,290.000,207.000,4.000,9.000,1.0,1,1.0
154,26,290.000,205.000,4.000,9.000,1.0,1,1.0
155,26,290.000,203.000,4.000,9.000,1.0,1,1.0
156,26,290.000,201.000,4.000,8.000,1.0,1,1.0
157,26,291.000,199.000,4.000,9.000,1.0,1,1.0
158,26,291.000,197.000,4.000,9.000,1.0,1,1.0
159,26,291.000,196.000,4.000,8.000,1.0,1,1.0
160,26,291.000,194.000,4.000,9.000,1.0,1,1.0
161,26,291.000,192.000,4.000,9.000,1.0,1,1.0
162,26,291.000,190.000,4.000,9.000,1.0,1,1.0
163,26,292.000,188.000,4.000,9.000,1.0,1,1.0
164,26,291.000,186.000,5.000,9.000,1.0,1,1.0
165,26,291.000,183.000,5.000,9.000,1.0,1,1.0
166,26,291.000,182.000,5.000,8.000,1.0,1,1.0
167,26,292.000,180.000,4.000,8.000,1.0,1,1.0
168,26,292.000,178.000,4.000,9.000,1.0,1,1.0
169,26,292.000,177.000,4.000,8.000,1.0,1,1.0
170,26,292.000,175.000,4.000,8.000,1.0,1,1.0
171,26,293.000,173.000,4.000,8.000,1.0,1,1.0
172,26,293.000,171.000,4.000,9.000,1.0,1,1.0
173,26,293.000,169.000,4.000,8.000,1.0,1,1.0
174,26,294.000,168.000,4.000,8.000,1.0,1,1.0
175,26,294.000,166.000,4.000,7.000,1.0,1,1.0
176,26,294.000,164.000,4.000,8.000,1.0,1,1.0
177,26,294.000,162.000,5.000,9.000,1.0,1,1.0
178,26,294.000,160.000,5.000,8.000,1.0,1,1.0
179,26,295.000,158.000,4.000,8.000,1.0,1,1.0
180,26,295.000,156.000,4.000,9.000,1.0,1,1.0
181,26,295.000,154.000,4.000,9.000,1.0,1,1.0
182,26,296.000,152.000,4.000,9.000,1.0,1,1.0
183,26,296.000,150.000,4.000,9.000,1.0,1,1.0
184,26,296.000,148.000,4.000,9.000,1.0,1,1.0
185,26,297.000,147.000,4.000,8.000,1.0,1,1.0
186,26,297.000,144.000,4.000,9.000,1.0,1,1.0
187,26,297.000,142.000,4.000,9.000,1.0,1,1.0
188,26,296.000,141.000,4.000,8.000,1.0,1,1.0
189,26,296.000,138.000,4.000,9.000,1.0,1,1.0
190,26,295.000,137.000,5.000,8.000,1.0,1,1.0
191,26,295.000,135.000,5.000,9.000,1.0,1,1.0
192,26,294.000,133.000,5.000,9.000,1.0,1,1.0
193,26,294.000,132.000,5.000,8.000,1.0,1,1.0
194,26,294.000,130.000,4.000,9.000,1.0,1,1.0
195,26,293.000,129.000,4.000,7.000,1.0,1,1.0
196,26,292.000,127.000,5.000,8.000,1.0,1,1.0
197,26,292.000,125.000,4.000,8.000,1.0,1,1.0
198,26,291.000,124.000,5.000,8.000,1.0,1,1.0
199,26,291.000,122.000,5.000,8.000,1.0,1,1.0
200,26,290.000,120.000,5.000,8.000,1.0,1,1.0
201,26,290.000,119.000,5.000,8.000,1.0,1,1.0
202,26,291.000,117.000,4.000,9.000,1.0,1,1.0
203,26,291.000,115.000,4.000,9.000,1.0,1,1.0
204,26,291.000,114.000,4.000,9.000,1.0,1,1.0
205,26,291.000,114.000,4.000,9.000,1.0,1,1.0
206,26,291.000,113.000,4.000,9.000,1.0,1,1.0
207,26,291.000,112.000,4.000,9.000,1.0,1,1.0
208,26,291.000,110.000,4.000,9.000,1.0,1,1.0
209,26,290.000,109.000,5.000,9.000,1.0,1,1.0
210,26,290.000,109.000,5.000,9.000,1.0,1,1.0
211,26,290.000,109.000,5.000,9.000,1.0,1,1.0
212,26,290.000,109.000,5.000,9.000,1.0,1,1.0
213,26,290.000,109.000,5.000,9.000,1.0,1,1.0
214,26,291.000,109.000,4.000,9.000,1.0,1,1.0
215,26,291.000,110.000,4.000,8.000,1.0,1,1.0
216,26,291.000,109.000,4.000,9.000,1.0,1,1.0
217,26,291.000,108.000,4.000,9.000,1.0,1,1.0
218,26,291.000,107.000,4.000,9.000,1.0,1,1.0
219,26,291.000,106.000,4.000,9.000,1.0,1,1.0
220,26,291.000,104.000,4.000,10.000,1.0,1,1.0
221,26,291.000,102.000,4.000,9.000,1.0,1,1.0
222,26,291.000,102.000,4.000,7.000,1.0,1,1.0
223,26,290.000,102.000,5.000,5.000,1.0,1,1.0
241,26,264.000,63.000,6.000,8.000,1.0,1,1.0
242,26,264.000,66.000,6.000,6.000,1.0,1,1.0
243,26,264.000,67.000,6.000,5.000,1.0,1,1.0
244,26,262.000,65.000,8.000,6.000,1.0,1,1.0
245,26,262.000,65.000,7.000,5.000,1.0,1,1.0
246,26,262.000,65.000,7.000,5.000,1.0,1,1.0
247,26,262.000,65.000,6.000,5.000,1.0,1,1.0
248,26,262.000,64.000,5.000,5.000,1.0,1,1.0
249,26,262.000,63.000,5.000,6.000,1.0,1,1.0
253,26,254.000,54.000,5.000,4.000,1.0,1,1.0
254,26,255.000,53.000,5.000,5.000,1.0,1,1.0
255,26,254.000,51.000,5.000,7.000,1.0,1,1.0
256,26,254.000,49.000,5.000,9.000,1.0,1,1.0
257,26,254.000,47.000,5.000,8.000,1.0,1,1.0
258,26,253.000,45.000,5.000,8.000,1.0,1,1.0
259,26,253.000,43.000,5.000,10.000,1.0,1,1.0
260,26,253.000,42.000,5.000,9.000,1.0,1,1.0
261,26,253.000,40.000,4.000,10.000,1.0,1,1.0
262,26,252.000,39.000,5.000,9.000,1.0,1,1.0
263,26,252.000,38.000,5.000,9.000,1.0,1,1.0
264,26,252.000,36.000,4.000,9.000,1.0,1,1.0
265,26,252.000,35.000,4.000,9.000,1.0,1,1.0
266,26,251.000,33.000,5.000,9.000,1.0,1,1.0
267,26,251.000,32.000,4.000,8.000,1.0,1,1.0
268,26,251.000,30.000,4.000,8.000,1.0,1,1.0
269,26,251.000,29.000,4.000,8.000,1.0,1,1.0
270,26,250.000,27.000,4.000,8.000,1.0,1,1.0
271,26,250.000,25.000,4.000,9.000,1.0,1,1.0
272,26,250.000,24.000,4.000,8.000,1.0,1,1.0
273,26,249.000,22.000,4.000,9.000,1.0,1,1.0
274,26,249.000,21.000,4.000,8.000,1.0,1,1.0
275,26,249.000,20.000,4.000,8.000,1.0,1,1.0
276,26,249.000,17.000,4.000,9.000,1.0,1,1.0
277,26,249.000,17.000,4.000,9.000,1.0,1,1.0
278,26,249.000,17.000,4.000,9.000,1.0,1,1.0
279,26,249.000,17.000,4.000,8.000,1.0,1,1.0
280,26,249.000,17.000,4.000,9.000,1.0,1,1.0
281,26,249.000,18.000,4.000,8.000,1.0,1,1.0
282,26,249.000,18.000,4.000,8.000,1.0,1,1.0
283,26,249.000,18.000,4.000,7.000,1.0,1,1.0
284,26,249.000,18.000,4.000,7.000,1.0,1,1.0
285,26,248.000,19.000,5.000,6.000,1.0,1,1.0
286,26,248.000,19.000,5.000,6.000,1.0,1,1.0
287,26,248.000,19.000,5.000,6.000,1.0,1,1.0
288,26,248.000,19.000,4.000,6.000,1.0,1,1.0
289,26,248.000,19.000,4.000,5.000,1.0,1,1.0
290,26,248.000,19.000,4.000,6.000,1.0,1,1.0
291,26,248.000,18.000,4.000,6.000,1.0,1,1.0
292,26,248.000,18.000,4.000,6.000,1.0,1,1.0
293,26,248.000,18.000,4.000,6.000,1.0,1,1.0
294,26,248.000,18.000,4.000,6.000,1.0,1,1.0
295,26,248.000,18.000,4.000,6.000,1.0,1,1.0
296,26,248.000,18.000,4.000,6.000,1.0,1,1.0
297,26,248.000,18.000,4.000,6.000,1.0,1,1.0
298,26,248.000,18.000,4.000,6.000,1.0,1,1.0
299,26,248.000,18.000,4.000,6.000,1.0,1,1.0
300,26,248.000,18.000,4.000,6.000,1.0,1,1.0
301,26,248.000,18.000,4.000,6.000,1.0,1,1.0
304,26,288.000,19.000,6.000,6.000,1.0,1,1.0
305,26,277.000,38.000,6.000,5.000,1.0,1,1.0
306,26,275.000,45.000,6.000,5.000,1.0,1,1.0
307,26,274.000,60.000,6.000,4.000,1.0,1,1.0
308,26,289.000,53.000,5.000,5.000,1.0,1,1.0
309,26,301.000,30.000,5.000,8.000,1.0,1,1.0
310,26,304.000,15.000,6.000,6.000,1.0,1,1.0
311,26,305.000,22.000,5.000,7.000,1.0,1,1.0
312,26,305.000,22.000,5.000,9.000,1.0,1,1.0
313,26,305.000,22.000,6.000,8.000,1.0,1,1.0
314,26,305.000,21.000,5.000,9.000,1.0,1,1.0
315,26,305.000,20.000,5.000,10.000,1.0,1,1.0
316,26,305.000,20.000,5.000,9.000,1.0,1,1.0
317,26,306.000,19.000,5.000,9.000,1.0,1,1.0
318,26,306.000,19.000,5.000,8.000,1.0,1,1.0
319,26,306.000,18.000,5.000,8.000,1.0,1,1.0
320,26,306.000,16.000,5.000,9.000,1.0,1,1.0
321,26,306.000,16.000,5.000,9.000,1.0,1,1.0
322,26,306.000,17.000,5.000,7.000,1.0,1,1.0
323,26,306.000,17.000,5.000,7.000,1.0,1,1.0
324,26,307.000,17.000,5.000,7.000,1.0,1,1.0
325,26,308.000,17.000,5.000,6.000,1.0,1,1.0
326,26,308.000,17.000,6.000,6.000,1.0,1,1.0
327,26,308.000,17.000,6.000,5.000,1.0,1,1.0
328,26,309.000,17.000,6.000,5.000,1.0,1,1.0
329,26,310.000,17.000,6.000,5.000,1.0,1,1.0
330,26,311.000,17.000,5.000,5.000,1.0,1,1.0
331,26,312.000,17.000,5.000,4.000,1.0,1,1.0
332,26,312.000,17.000,5.000,4.000,1.0,1,1.0
333,26,313.000,17.000,5.000,4.000,1.0,1,1.0
334,26,313.000,17.000,5.000,5.000,1.0,1,1.0
335,26,313.000,18.000,5.000,4.000,1.0,1,1.0
336,26,313.000,18.000,5.000,4.000,1.0,1,1.0
337,26,313.000,18.000,5.000,4.000,1.0,1,1.0
338,26,313.000,18.000,5.000,5.000,1.0,1,1.0
339,26,313.000,18.000,5.000,5.000,1.0,1,1.0
340,26,313.000,19.000,5.000,5.000,1.0,1,1.0
341,26,313.000,19.000,5.000,4.000,1.0,1,1.0
342,26,313.000,19.000,5.000,5.000,1.0,1,1.0
343,26,312.000,18.000,5.000,5.000,1.0,1,1.0
344,26,312.000,19.000,5.000,5.000,1.0,1,1.0
345,26,312.000,20.000,5.000,5.000,1.0,1,1.0
346,26,311.000,21.000,5.000,5.000,1.0,1,1.0
347,26,311.000,22.000,5.000,6.000,1.0,1,1.0
348,26,310.000,23.000,6.000,6.000,1.0,1,1.0
349,26,309.000,24.000,6.000,6.000,1.0,1,1.0
350,26,309.000,26.000,6.000,5.000,1.0,1,1.0
351,26,308.000,27.000,6.000,5.000,1.0,1,1.0
352,26,307.000,28.000,6.000,6.000,1.0,1,1.0
353,26,306.000,29.000,6.000,5.000,1.0,1,1.0
354,26,305.000,30.000,6.000,5.000,1.0,1,1.0
355,26,304.000,30.000,7.000,5.000,1.0,1,1.0
356,26,302.000,30.000,7.000,5.000,1.0,1,1.0
357,26,301.000,30.000,7.000,5.000,1.0,1,1.0
358,26,299.000,30.000,8.000,5.000,1.0,1,1.0
359,26,298.000,30.000,8.000,5.000,1.0,1,1.0
360,26,297.000,30.000,7.000,5.000,1.0,1,1.0
361,26,296.000,31.000,7.000,5.000,1.0,1,1.0
362,26,296.000,31.000,7.000,6.000,1.0,1,1.0
363,26,295.000,32.000,7.000,5.000,1.0,1,1.0
167,25,295.000,371.000,4.000,8.000,1.0,1,1.0
168,25,293.000,369.000,4.000,9.000,1.0,1,1.0
169,25,293.000,369.000,4.000,9.000,1.0,1,1.0
170,25,293.000,369.000,4.000,9.000,1.0,1,1.0
171,25,293.000,369.000,4.000,9.000,1.0,1,1.0
172,25,293.000,369.000,4.000,9.000,1.0,1,1.0
173,25,293.000,370.000,5.000,7.000,1.0,1,1.0
174,25,294.000,370.000,6.000,6.000,1.0,1,1.0
175,25,295.000,370.000,7.000,6.000,1.0,1,1.0
176,25,296.000,370.000,6.000,6.000,1.0,1,1.0
177,25,298.000,370.000,6.000,5.000,1.0,1,1.0
178,25,299.000,371.000,6.000,5.000,1.0,1,1.0
179,25,300.000,372.000,7.000,4.000,1.0,1,1.0
180,25,301.000,372.000,7.000,5.000,1.0,1,1.0
181,25,304.000,374.000,6.000,5.000,1.0,1,1.0
182,25,305.000,374.000,6.000,5.000,1.0,1,1.0
183,25,306.000,375.000,6.000,5.000,1.0,1,1.0
184,25,307.000,376.000,5.000,5.000,1.0,1,1.0
185,25,307.000,376.000,6.000,8.000,1.0,1,1.0
186,25,308.000,379.000,5.000,8.000,1.0,1,1.0
187,25,308.000,380.000,4.000,9.000,1.0,1,1.0
188,25,308.000,382.000,4.000,9.000,1.0,1,1.0
189,25,308.000,383.000,4.000,9.000,1.0,1,1.0
190,25,308.000,386.000,5.000,8.000,1.0,1,1.0
191,25,308.000,388.000,5.000,9.000,1.0,1,1.0
192,25,309.000,391.000,4.000,7.000,1.0,1,1.0
193,25,310.000,392.000,4.000,8.000,1.0,1,1.0
194,25,310.000,393.000,5.000,7.000,1.0,1,1.0
195,25,311.000,394.000,4.000,7.000,1.0,1,1.0
196,25,312.000,397.000,4.000,6.000,1.0,1,1.0
197,25,312.000,398.000,5.000,6.000,1.0,1,1.0
198,25,313.000,399.000,4.000,5.000,1.0,1,1.0
199,25,313.000,399.000,5.000,5.000,1.0,1,1.0
200,25,313.000,399.000,5.000,5.000,1.0,1,1.0
201,25,313.000,400.000,4.000,4.000,1.0,1,1.0
202,25,313.000,400.000,4.000,4.000,1.0,1,1.0
203,25,313.000,400.000,4.000,5.000,1.0,1,1.0
204,25,312.000,401.000,4.000,6.000,1.0,1,1.0
205,25,311.000,403.000,5.000,5.000,1.0,1,1.0
206,25,310.000,404.000,5.000,7.000,1.0,1,1.0
207,25,309.000,407.000,5.000,6.000,1.0,1,1.0
208,25,308.000,409.000,5.000,6.000,1.0,1,1.0
209,25,307.000,411.000,5.000,7.000,1.0,1,1.0
210,25,305.000,413.000,6.000,7.000,1.0,1,1.0
211,25,305.000,416.000,5.000,8.000,1.0,1,1.0
212,25,304.000,418.000,5.000,9.000,1.0,1,1.0
213,25,304.000,420.000,5.000,9.000,1.0,1,1.0
214,25,304.000,422.000,5.000,9.000,1.0,1,1.0
215,25,304.000,424.000,5.000,9.000,1.0,1,1.0
216,25,303.000,426.000,6.000,9.000,1.0,1,1.0
217,25,303.000,428.000,5.000,9.000,1.0,1,1.0
218,25,303.000,430.000,5.000,9.000,1.0,1,1.0
219,25,302.000,432.000,6.000,9.000,1.0,1,1.0
220,25,302.000,434.000,6.000,9.000,1.0,1,1.0
221,25,302.000,435.000,6.000,9.000,1.0,1,1.0
222,25,303.000,436.000,5.000,9.000,1.0,1,1.0
223,25,303.000,437.000,6.000,8.000,1.0,1,1.0
224,25,304.000,439.000,6.000,7.000,1.0,1,1.0
225,25,305.000,440.000,6.000,6.000,1.0,1,1.0
226,25,306.000,440.000,6.000,6.000,1.0,1,1.0
227,25,306.000,439.000,6.000,7.000,1.0,1,1.0
228,25,306.000,438.000,5.000,7.000,1.0,1,1.0
229,25,306.000,438.000,5.000,8.000,1.0,1,1.0
230,25,306.000,438.000,5.000,8.000,1.0,1,1.0
231,25,305.000,438.000,6.000,8.000,1.0,1,1.0
232,25,304.000,438.000,6.000,8.000,1.0,1,1.0
233,25,303.000,439.000,6.000,8.000,1.0,1,1.0
234,25,302.000,439.000,7.000,8.000,1.0,1,1.0
235,25,301.000,440.000,7.000,6.000,1.0,1,1.0
236,25,299.000,441.000,7.000,5.000,1.0,1,1.0
237,25,297.000,441.000,8.000,5.000,1.0,1,1.0
238,25,295.000,442.000,8.000,5.000,1.0,1,1.0
239,25,294.000,442.000,8.000,5.000,1.0,1,1.0
240,25,292.000,442.000,8.000,5.000,1.0,1,1.0
241,25,290.000,442.000,8.000,5.000,1.0,1,1.0
242,25,289.000,442.000,8.000,5.000,1.0,1,1.0
243,25,288.000,442.000,8.000,6.000,1.0,1,1.0
244,25,286.000,442.000,9.000,5.000,1.0,1,1.0
245,25,284.000,442.000,8.000,5.000,1.0,1,1.0
246,25,282.000,442.000,9.000,5.000,1.0,1,1.0
247,25,280.000,441.000,8.000,5.000,1.0,1,1.0
248,25,278.000,441.000,8.000,5.000,1.0,1,1.0
249,25,275.000,442.000,9.000,5.000,1.0,1,1.0
250,25,273.000,442.000,8.000,5.000,1.0,1,1.0
251,25,271.000,442.000,9.000,5.000,1.0,1,1.0
252,25,268.000,442.000,9.000,5.000,1.0,1,1.0
253,25,267.000,443.000,8.000,4.000,1.0,1,1.0
254,25,266.000,443.000,9.000,4.000,1.0,1,1.0
255,25,265.000,442.000,9.000,4.000,1.0,1,1.0
256,25,264.000,441.000,8.000,4.000,1.0,1,1.0
257,25,263.000,440.000,8.000,5.000,1.0,1,1.0
258,25,261.000,439.000,8.000,5.000,1.0,1,1.0
259,25,260.000,439.000,8.000,4.000,1.0,1,1.0
260,25,259.000,438.000,8.000,5.000,1.0,1,1.0
261,25,258.000,437.000,7.000,5.000,1.0,1,1.0
262,25,257.000,436.000,7.000,5.000,1.0,1,1.0
263,25,256.000,436.000,7.000,4.000,1.0,1,1.0
264,25,254.000,435.000,8.000,4.000,1.0,1,1.0
265,25,253.000,434.000,7.000,4.000,1.0,1,1.0
266,25,252.000,433.000,7.000,5.000,1.0,1,1.0
267,25,251.000,433.000,7.000,4.000,1.0,1,1.0
268,25,250.000,432.000,6.000,5.000,1.0,1,1.0
269,25,249.000,432.000,6.000,4.000,1.0,1,1.0
270,25,249.000,431.000,5.000,5.000,1.0,1,1.0
271,25,248.000,430.000,5.000,5.000,1.0,1,1.0
272,25,248.000,429.000,5.000,6.000,1.0,1,1.0
273,25,247.000,428.000,5.000,6.000,1.0,1,1.0
274,25,247.000,427.000,5.000,6.000,1.0,1,1.0
275,25,247.000,426.000,5.000,6.000,1.0,1,1.0
276,25,247.000,424.000,4.000,6.000,1.0,1,1.0
277,25,247.000,423.000,4.000,6.000,1.0,1,1.0
278,25,247.000,422.000,4.000,6.000,1.0,1,1.0
279,25,247.000,422.000,5.000,6.000,1.0,1,1.0
280,25,247.000,422.000,5.000,5.000,1.0,1,1.0
281,25,248.000,422.000,4.000,5.000,1.0,1,1.0
282,25,248.000,422.000,5.000,5.000,1.0,1,1.0
283,25,248.000,422.000,5.000,5.000,1.0,1,1.0
284,25,249.000,422.000,5.000,5.000,1.0,1,1.0
285,25,249.000,421.000,5.000,5.000,1.0,1,1.0
286,25,250.000,421.000,5.000,5.000,1.0,1,1.0
287,25,251.000,420.000,5.000,5.000,1.0,1,1.0
288,25,251.000,420.000,5.000,5.000,1.0,1,1.0
289,25,252.000,421.000,5.000,5.000,1.0,1,1.0
290,25,253.000,421.000,6.000,5.000,1.0,1,1.0
291,25,254.000,422.000,6.000,5.000,1.0,1,1.0
292,25,255.000,422.000,6.000,6.000,1.0,1,1.0
293,25,256.000,423.000,6.000,5.000,1.0,1,1.0
294,25,257.000,424.000,6.000,4.000,1.0,1,1.0
295,25,258.000,424.000,6.000,5.000,1.0,1,1.0
296,25,260.000,425.000,6.000,5.000,1.0,1,1.0
297,25,262.000,426.000,6.000,5.000,1.0,1,1.0
298,25,262.000,426.000,7.000,5.000,1.0,1,1.0
299,25,263.000,427.000,6.000,5.000,1.0,1,1.0
300,25,263.000,428.000,6.000,6.000,1.0,1,1.0
301,25,263.000,429.000,6.000,7.000,1.0,1,1.0
302,25,264.000,430.000,6.000,7.000,1.0,1,1.0
303,25,264.000,430.000,6.000,8.000,1.0,1,1.0
304,25,266.000,432.000,5.000,8.000,1.0,1,1.0
305,25,266.000,434.000,6.000,7.000,1.0,1,1.0
306,25,266.000,435.000,6.000,8.000,1.0,1,1.0
307,25,267.000,436.000,7.000,8.000,1.0,1,1.0
308,25,268.000,437.000,7.000,7.000,1.0,1,1.0
309,25,269.000,437.000,7.000,7.000,1.0,1,1.0
310,25,269.000,437.000,8.000,5.000,1.0,1,1.0
311,25,270.000,437.000,8.000,4.000,1.0,1,1.0
312,25,273.000,437.000,7.000,4.000,1.0,1,1.0
313,25,274.000,437.000,8.000,5.000,1.0,1,1.0
314,25,276.000,438.000,7.000,4.000,1.0,1,1.0
315,25,277.000,438.000,8.000,5.000,1.0,1,1.0
316,25,277.000,438.000,8.000,5.000,1.0,1,1.0
317,25,279.000,438.000,8.000,5.000,1.0,1,1.0
318,25,279.000,438.000,8.000,5.000,1.0,1,1.0
319,25,280.000,438.000,7.000,5.000,1.0,1,1.0
320,25,280.000,437.000,7.000,4.000,1.0,1,1.0
321,25,280.000,435.000,8.000,5.000,1.0,1,1.0
322,25,280.000,435.000,8.000,5.000,1.0,1,1.0
323,25,281.000,435.000,8.000,4.000,1.0,1,1.0
324,25,282.000,434.000,8.000,4.000,1.0,1,1.0
325,25,282.000,433.000,8.000,5.000,1.0,1,1.0
326,25,282.000,433.000,8.000,4.000,1.0,1,1.0
327,25,283.000,432.000,8.000,4.000,1.0,1,1.0
328,25,284.000,431.000,8.000,4.000,1.0,1,1.0
329,25,285.000,430.000,8.000,4.000,1.0,1,1.0
330,25,286.000,429.000,8.000,4.000,1.0,1,1.0
331,25,288.000,428.000,8.000,4.000,1.0,1,1.0
332,25,289.000,426.000,8.000,5.000,1.0,1,1.0
333,25,290.000,426.000,8.000,4.000,1.0,1,1.0
334,25,292.000,425.000,7.000,4.000,1.0,1,1.0
335,25,293.000,424.000,7.000,4.000,1.0,1,1.0
336,25,294.000,423.000,7.000,5.000,1.0,1,1.0
337,25,293.000,423.000,8.000,5.000,1.0,1,1.0
338,25,293.000,423.000,7.000,5.000,1.0,1,1.0
339,25,293.000,423.000,8.000,5.000,1.0,1,1.0
340,25,295.000,423.000,7.000,5.000,1.0,1,1.0
341,25,296.000,424.000,7.000,4.000,1.0,1,1.0
342,25,296.000,424.000,8.000,4.000,1.0,1,1.0
343,25,297.000,424.000,7.000,5.000,1.0,1,1.0
344,25,298.000,425.000,6.000,5.000,1.0,1,1.0
345,25,298.000,426.000,7.000,6.000,1.0,1,1.0
346,25,299.000,427.000,7.000,7.000,1.0,1,1.0
347,25,300.000,428.000,7.000,7.000,1.0,1,1.0
348,25,301.000,429.000,6.000,6.000,1.0,1,1.0
349,25,302.000,430.000,6.000,7.000,1.0,1,1.0
350,25,302.000,431.000,6.000,7.000,1.0,1,1.0
351,25,303.000,433.000,6.000,7.000,1.0,1,1.0
352,25,304.000,434.000,5.000,7.000,1.0,1,1.0
353,25,304.000,435.000,6.000,8.000,1.0,1,1.0
354,25,305.000,436.000,5.000,8.000,1.0,1,1.0
355,25,306.000,437.000,5.000,8.000,1.0,1,1.0
356,25,306.000,437.000,5.000,8.000,1.0,1,1.0
357,25,306.000,437.000,5.000,6.000,1.0,1,1.0
358,25,306.000,437.000,6.000,6.000,1.0,1,1.0
359,25,307.000,437.000,5.000,5.000,1.0,1,1.0
360,25,307.000,438.000,6.000,4.000,1.0,1,1.0
361,25,308.000,438.000,5.000,4.000,1.0,1,1.0
362,25,309.000,438.000,5.000,4.000,1.0,1,1.0
363,25,310.000,437.000,5.000,4.000,1.0,1,1.0
55,4,64.000,394.000,4.000,8.000,1.0,1,1.0
57,4,61.000,403.000,4.000,9.000,1.0,1,1.0
58,4,66.000,404.000,5.000,6.000,1.0,1,1.0
59,4,45.000,398.000,9.000,4.000,1.0,1,1.0
60,4,20.000,395.000,5.000,7.000,1.0,1,1.0
61,4,18.000,405.000,6.000,4.000,1.0,1,1.0
62,4,12.000,408.000,5.000,5.000,1.0,1,1.0
63,4,16.000,414.000,6.000,10.000,1.0,1,1.0
64,4,27.000,429.000,7.000,5.000,1.0,1,1.0
90,8,64.000,441.000,8.000,5.000,1.0,1,1.0
91,8,64.000,441.000,8.000,5.000,1.0,1,1.0
92,8,64.000,441.000,7.000,4.000,1.0,1,1.0
93,8,64.000,441.000,8.000,4.000,1.0,1,1.0
94,8,64.000,441.000,7.000,5.000,1.0,1,1.0
95,8,64.000,440.000,6.000,5.000,1.0,1,1.0
96,8,64.000,440.000,5.000,5.000,1.0,1,1.0
97,8,63.000,440.000,5.000,5.000,1.0,1,1.0
98,8,62.000,440.000,6.000,5.000,1.0,1,1.0
99,8,62.000,439.000,5.000,6.000,1.0,1,1.0
100,8,62.000,439.000,5.000,6.000,1.0,1,1.0
101,8,62.000,439.000,5.000,6.000,1.0,1,1.0
102,8,62.000,439.000,5.000,5.000,1.0,1,1.0
103,8,62.000,439.000,5.000,5.000,1.0,1,1.0
104,8,61.000,439.000,6.000,5.000,1.0,1,1.0
105,8,60.000,439.000,6.000,5.000,1.0,1,1.0
106,8,59.000,439.000,6.000,5.000,1.0,1,1.0
107,8,58.000,439.000,6.000,5.000,1.0,1,1.0
108,8,57.000,439.000,7.000,6.000,1.0,1,1.0
109,8,56.000,439.000,7.000,6.000,1.0,1,1.0
110,8,56.000,439.000,6.000,6.000,1.0,1,1.0
111,8,55.000,439.000,6.000,6.000,1.0,1,1.0
112,8,54.000,439.000,6.000,6.000,1.0,1,1.0
113,8,52.000,440.000,7.000,5.000,1.0,1,1.0
114,8,51.000,439.000,7.000,6.000,1.0,1,1.0
115,8,50.000,439.000,7.000,6.000,1.0,1,1.0
116,8,50.000,439.000,7.000,5.000,1.0,1,1.0
117,8,49.000,439.000,8.000,6.000,1.0,1,1.0
118,8,50.000,439.000,7.000,6.000,1.0,1,1.0
119,8,49.000,439.000,8.000,6.000,1.0,1,1.0
120,8,50.000,439.000,7.000,6.000,1.0,1,1.0
121,8,49.000,439.000,8.000,6.000,1.0,1,1.0
122,8,49.000,439.000,8.000,6.000,1.0,1,1.0
123,8,49.000,439.000,8.000,6.000,1.0,1,1.0
124,8,49.000,439.000,7.000,5.000,1.0,1,1.0
125,8,49.000,439.000,8.000,7.000,1.0,1,1.0
126,8,49.000,441.000,8.000,6.000,1.0,1,1.0
127,8,49.000,440.000,8.000,6.000,1.0,1,1.0
128,8,49.000,440.000,7.000,5.000,1.0,1,1.0
129,8,49.000,440.000,7.000,5.000,1.0,1,1.0
130,8,49.000,440.000,7.000,6.000,1.0,1,1.0
131,8,49.000,440.000,7.000,6.000,1.0,1,1.0
132,8,49.000,440.000,8.000,6.000,1.0,1,1.0
133,8,49.000,440.000,8.000,6.000,1.0,1,1.0
134,8,49.000,440.000,8.000,6.000,1.0,1,1.0
135,8,49.000,440.000,8.000,6.000,1.0,1,1.0
136,8,49.000,440.000,8.000,6.000,1.0,1,1.0
137,8,49.000,440.000,8.000,6.000,1.0,1,1.0
138,8,49.000,440.000,8.000,6.000,1.0,1,1.0
139,8,49.000,440.000,8.000,6.000,1.0,1,1.0
140,8,49.000,441.000,8.000,5.000,1.0,1,1.0
141,8,49.000,440.000,8.000,6.000,1.0,1,1.0
142,8,49.000,441.000,8.000,5.000,1.0,1,1.0
143,8,49.000,440.000,8.000,6.000,1.0,1,1.0
144,8,48.000,440.000,9.000,6.000,1.0,1,1.0
145,8,48.000,440.000,9.000,6.000,1.0,1,1.0
146,8,49.000,440.000,8.000,6.000,1.0,1,1.0
147,8,48.000,440.000,9.000,6.000,1.0,1,1.0
148,8,48.000,440.000,9.000,6.000,1.0,1,1.0
149,8,48.000,440.000,9.000,6.000,1.0,1,1.0
150,8,48.000,440.000,9.000,6.000,1.0,1,1.0
151,8,49.000,440.000,8.000,6.000,1.0,1,1.0
152,8,48.000,440.000,9.000,7.000,1.0,1,1.0
153,8,48.000,440.000,9.000,6.000,1.0,1,1.0
154,8,49.000,440.000,8.000,6.000,1.0,1,1.0
156,8,12.000,390.000,9.000,7.000,1.0,1,1.0
157,8,22.000,395.000,5.000,6.000,1.0,1,1.0
178,8,39.000,431.000,4.000,8.000,1.0,1,1.0
179,8,35.000,441.000,5.000,4.000,1.0,1,1.0
180,8,36.000,441.000,4.000,5.000,1.0,1,1.0
181,8,36.000,441.000,4.000,5.000,1.0,1,1.0
182,8,36.000,441.000,4.000,5.000,1.0,1,1.0
183,8,35.000,441.000,5.000,5.000,1.0,1,1.0
184,8,36.000,441.000,4.000,5.000,1.0,1,1.0
185,8,35.000,441.000,5.000,4.000,1.0,1,1.0
186,8,35.000,441.000,5.000,4.000,1.0,1,1.0
187,8,35.000,441.000,6.000,4.000,1.0,1,1.0
188,8,35.000,441.000,6.000,4.000,1.0,1,1.0
189,8,35.000,441.000,6.000,4.000,1.0,1,1.0
190,8,35.000,440.000,6.000,5.000,1.0,1,1.0
191,8,36.000,440.000,6.000,5.000,1.0,1,1.0
192,8,36.000,440.000,6.000,5.000,1.0,1,1.0
193,8,36.000,440.000,6.000,5.000,1.0,1,1.0
194,8,36.000,440.000,7.000,5.000,1.0,1,1.0
195,8,37.000,440.000,6.000,5.000,1.0,1,1.0
196,8,37.000,440.000,6.000,5.000,1.0,1,1.0
197,8,38.000,440.000,6.000,4.000,1.0,1,1.0
198,8,38.000,440.000,6.000,4.000,1.0,1,1.0
199,8,38.000,440.000,6.000,4.000,1.0,1,1.0
200,8,41.000,419.000,6.000,10.000,1.0,1,1.0
201,8,48.000,374.000,5.000,7.000,1.0,1,1.0
202,8,71.000,349.000,5.000,7.000,1.0,1,1.0
203,8,63.000,353.000,5.000,7.000,1.0,1,1.0
204,8,57.000,351.000,7.000,5.000,1.0,1,1.0
205,8,57.000,375.000,6.000,8.000,1.0,1,1.0
206,8,40.000,395.000,9.000,4.000,1.0,1,1.0
207,8,17.000,417.000,6.000,6.000,1.0,1,1.0
208,8,13.000,438.000,6.000,6.000,1.0,1,1.0
209,8,13.000,439.000,6.000,5.000,1.0,1,1.0
210,8,13.000,439.000,6.000,5.000,1.0,1,1.0
211,8,13.000,439.000,6.000,5.000,1.0,1,1.0
212,8,13.000,439.000,6.000,5.000,1.0,1,1.0
213,8,13.000,439.000,6.000,5.000,1.0,1,1.0
214,8,13.000,439.000,6.000,5.000,1.0,1,1.0
215,8,13.000,439.000,6.000,5.000,1.0,1,1.0
216,8,13.000,440.000,6.000,4.000,1.0,1,1.0
217,8,13.000,440.000,6.000,4.000,1.0,1,1.0
218,8,14.000,440.000,5.000,4.000,1.0,1,1.0
219,8,14.000,440.000,5.000,5.000,1.0,1,1.0
220,8,13.000,439.000,6.000,5.000,1.0,1,1.0
221,8,13.000,439.000,6.000,5.000,1.0,1,1.0
222,8,13.000,439.000,6.000,5.000,1.0,1,1.0
223,8,13.000,439.000,6.000,5.000,1.0,1,1.0
224,8,13.000,439.000,6.000,5.000,1.0,1,1.0
225,8,13.000,439.000,6.000,5.000,1.0,1,1.0
226,8,13.000,439.000,6.000,5.000,1.0,1,1.0
227,8,13.000,439.000,7.000,5.000,1.0,1,1.0
228,8,13.000,439.000,8.000,5.000,1.0,1,1.0
229,8,13.000,439.000,8.000,5.000,1.0,1,1.0
230,8,14.000,439.000,7.000,5.000,1.0,1,1.0
231,8,28.000,395.000,7.000,11.000,1.0,1,1.0
232,8,46.000,360.000,8.000,6.000,1.0,1,1.0
233,8,68.000,351.000,7.000,4.000,1.0,1,1.0
234,8,65.000,359.000,6.000,6.000,1.0,1,1.0
235,8,62.000,397.000,6.000,7.000,1.0,1,1.0
236,8,47.000,423.000,6.000,8.000,1.0,1,1.0
237,8,53.000,438.000,5.000,5.000,1.0,1,1.0
238,8,52.000,439.000,6.000,5.000,1.0,1,1.0
239,8,52.000,439.000,6.000,5.000,1.0,1,1.0
240,8,52.000,439.000,5.000,5.000,1.0,1,1.0
241,8,52.000,439.000,5.000,5.000,1.0,1,1.0
242,8,52.000,439.000,5.000,5.000,1.0,1,1.0
243,8,52.000,438.000,5.000,6.000,1.0,1,1.0
244,8,52.000,438.000,5.000,6.000,1.0,1,1.0
245,8,52.000,438.000,5.000,6.000,1.0,1,1.0
246,8,52.000,438.000,5.000,5.000,1.0,1,1.0
247,8,51.000,438.000,5.000,5.000,1.0,1,1.0
248,8,49.000,438.000,6.000,5.000,1.0,1,1.0
249,8,47.000,438.000,7.000,5.000,1.0,1,1.0
250,8,44.000,438.000,8.000,5.000,1.0,1,1.0
251,8,43.000,439.000,7.000,4.000,1.0,1,1.0
252,8,41.000,439.000,7.000,5.000,1.0,1,1.0
253,8,41.000,439.000,6.000,5.000,1.0,1,1.0
254,8,42.000,439.000,6.000,5.000,1.0,1,1.0
255,8,42.000,439.000,6.000,5.000,1.0,1,1.0
256,8,42.000,439.000,6.000,5.000,1.0,1,1.0
257,8,42.000,438.000,6.000,6.000,1.0,1,1.0
258,8,42.000,438.000,6.000,6.000,1.0,1,1.0
259,8,42.000,438.000,5.000,6.000,1.0,1,1.0
260,8,41.000,438.000,6.000,5.000,1.0,1,1.0
261,8,41.000,438.000,5.000,5.000,1.0,1,1.0
262,8,40.000,437.000,5.000,6.000,1.0,1,1.0
263,8,39.000,437.000,5.000,5.000,1.0,1,1.0
264,8,38.000,436.000,5.000,6.000,1.0,1,1.0
265,8,37.000,436.000,5.000,5.000,1.0,1,1.0
266,8,35.000,436.000,6.000,5.000,1.0,1,1.0
267,8,34.000,436.000,6.000,5.000,1.0,1,1.0
268,8,32.000,437.000,6.000,4.000,1.0,1,1.0
269,8,31.000,437.000,6.000,4.000,1.0,1,1.0
270,8,30.000,437.000,7.000,4.000,1.0,1,1.0
271,8,30.000,437.000,7.000,4.000,1.0,1,1.0
272,8,29.000,437.000,8.000,5.000,1.0,1,1.0
273,8,31.000,432.000,5.000,7.000,1.0,1,1.0
274,8,13.000,391.000,7.000,10.000,1.0,1,1.0
275,8,12.000,366.000,4.000,6.000,1.0,1,1.0
279,8,19.000,390.000,9.000,6.000,1.0,1,1.0
280,8,50.000,396.000,5.000,8.000,1.0,1,1.0
281,8,50.000,395.000,5.000,9.000,1.0,1,1.0
282,8,50.000,406.000,7.000,8.000,1.0,1,1.0
283,8,51.000,423.000,7.000,6.000,1.0,1,1.0
284,8,47.000,439.000,6.000,6.000,1.0,1,1.0
285,8,46.000,439.000,6.000,5.000,1.0,1,1.0
286,8,46.000,439.000,6.000,5.000,1.0,1,1.0
287,8,46.000,439.000,6.000,5.000,1.0,1,1.0
288,8,46.000,439.000,5.000,5.000,1.0,1,1.0
289,8,46.000,439.000,6.000,6.000,1.0,1,1.0
290,8,46.000,439.000,6.000,6.000,1.0,1,1.0
291,8,46.000,439.000,6.000,5.000,1.0,1,1.0
292,8,46.000,439.000,6.000,6.000,1.0,1,1.0
293,8,46.000,439.000,6.000,6.000,1.0,1,1.0
294,8,45.000,439.000,6.000,6.000,1.0,1,1.0
300,8,42.000,441.000,7.000,7.000,1.0,1,1.0
301,8,42.000,441.000,7.000,6.000,1.0,1,1.0
302,8,42.000,440.000,7.000,6.000,1.0,1,1.0
303,8,43.000,440.000,6.000,5.000,1.0,1,1.0
304,8,43.000,441.000,7.000,4.000,1.0,1,1.0
305,8,44.000,440.000,6.000,5.000,1.0,1,1.0
306,8,45.000,440.000,5.000,5.000,1.0,1,1.0
307,8,45.000,440.000,6.000,5.000,1.0,1,1.0
308,8,46.000,440.000,6.000,4.000,1.0,1,1.0
309,8,47.000,440.000,5.000,4.000,1.0,1,1.0
310,8,47.000,440.000,5.000,4.000,1.0,1,1.0
311,8,47.000,440.000,6.000,5.000,1.0,1,1.0
312,8,48.000,441.000,5.000,4.000,1.0,1,1.0
313,8,48.000,441.000,5.000,4.000,1.0,1,1.0
314,8,48.000,441.000,6.000,4.000,1.0,1,1.0
315,8,48.000,441.000,5.000,4.000,1.0,1,1.0
316,8,47.000,440.000,5.000,5.000,1.0,1,1.0
317,8,47.000,440.000,5.000,5.000,1.0,1,1.0
318,8,47.000,440.000,5.000,5.000,1.0,1,1.0
319,8,47.000,440.000,5.000,5.000,1.0,1,1.0
320,8,47.000,440.000,5.000,5.000,1.0,1,1.0
321,8,47.000,438.000,5.000,7.000,1.0,1,1.0
322,8,47.000,438.000,5.000,7.000,1.0,1,1.0
323,8,46.000,437.000,5.000,8.000,1.0,1,1.0
324,8,47.000,437.000,4.000,8.000,1.0,1,1.0
325,8,47.000,436.000,4.000,9.000,1.0,1,1.0
326,8,47.000,437.000,4.000,8.000,1.0,1,1.0
327,8,47.000,437.000,5.000,8.000,1.0,1,1.0
328,8,47.000,436.000,5.000,8.000,1.0,1,1.0
329,8,47.000,436.000,5.000,9.000,1.0,1,1.0
330,8,47.000,436.000,5.000,9.000,1.0,1,1.0
331,8,47.000,437.000,4.000,7.000,1.0,1,1.0
332,8,47.000,437.000,5.000,8.000,1.0,1,1.0
333,8,46.000,437.000,5.000,8.000,1.0,1,1.0
334,8,47.000,437.000,5.000,8.000,1.0,1,1.0
335,8,47.000,437.000,5.000,8.000,1.0,1,1.0
336,8,47.000,437.000,5.000,8.000,1.0,1,1.0
337,8,46.000,437.000,6.000,8.000,1.0,1,1.0
338,8,46.000,438.000,6.000,7.000,1.0,1,1.0
339,8,46.000,437.000,6.000,8.000,1.0,1,1.0
340,8,46.000,437.000,6.000,8.000,1.0,1,1.0
341,8,46.000,437.000,5.000,8.000,1.0,1,1.0
342,8,46.000,437.000,5.000,8.000,1.0,1,1.0
343,8,46.000,437.000,5.000,8.000,1.0,1,1.0
344,8,46.000,437.000,5.000,8.000,1.0,1,1.0
345,8,45.000,437.000,6.000,8.000,1.0,1,1.0
346,8,44.000,437.000,7.000,8.000,1.0,1,1.0
347,8,44.000,437.000,6.000,7.000,1.0,1,1.0
348,8,44.000,438.000,6.000,7.000,1.0,1,1.0
349,8,44.000,438.000,6.000,7.000,1.0,1,1.0
350,8,44.000,438.000,6.000,6.000,1.0,1,1.0
351,8,44.000,438.000,6.000,7.000,1.0,1,1.0
352,8,44.000,438.000,6.000,7.000,1.0,1,1.0
353,8,44.000,438.000,5.000,7.000,1.0,1,1.0
354,8,44.000,438.000,5.000,7.000,1.0,1,1.0
355,8,43.000,439.000,6.000,6.000,1.0,1,1.0
356,8,42.000,439.000,6.000,6.000,1.0,1,1.0
357,8,39.000,441.000,8.000,5.000,1.0,1,1.0
359,8,40.000,441.000,5.000,7.000,1.0,1,1.0
360,8,40.000,440.000,5.000,8.000,1.0,1,1.0
361,8,39.000,440.000,6.000,7.000,1.0,1,1.0
362,8,39.000,439.000,6.000,8.000,1.0,1,1.0
363,8,39.000,439.000,6.000,8.000,1.0,1,1.0
118,2,16.000,378.000,6.000,9.000,1.0,1,1.0
119,2,18.000,361.000,6.000,7.000,1.0,1,1.0
206,27,295.000,54.000,6.000,4.000,1.0,1,1.0
208,27,292.000,53.000,5.000,5.000,1.0,1,1.0
214,40,546.000,99.000,5.000,5.000,1.0,1,1.0
282,37,540.000,99.000,5.000,4.000,1.0,1,1.0
304,37,510.000,66.000,5.000,5.000,1.0,1,1.0
305,37,510.000,64.000,5.000,6.000,1.0,1,1.0
306,37,510.000,63.000,5.000,7.000,1.0,1,1.0
307,37,510.000,63.000,4.000,7.000,1.0,1,1.0
308,37,509.000,62.000,5.000,8.000,1.0,1,1.0
309,37,507.000,62.000,6.000,7.000,1.0,1,1.0
310,37,507.000,62.000,5.000,7.000,1.0,1,1.0
311,37,506.000,62.000,6.000,6.000,1.0,1,1.0
312,37,506.000,62.000,5.000,5.000,1.0,1,1.0
313,37,506.000,62.000,4.000,4.000,1.0,1,1.0
319,37,501.000,53.000,5.000,5.000,1.0,1,1.0
320,37,502.000,53.000,5.000,5.000,1.0,1,1.0
321,37,502.000,51.000,5.000,7.000,1.0,1,1.0
322,37,503.000,50.000,5.000,8.000,1.0,1,1.0
323,37,503.000,48.000,7.000,9.000,1.0,1,1.0
324,37,504.000,46.000,7.000,8.000,1.0,1,1.0
325,37,506.000,45.000,7.000,7.000,1.0,1,1.0
326,37,508.000,43.000,6.000,7.000,1.0,1,1.0
327,37,509.000,42.000,7.000,7.000,1.0,1,1.0
328,37,511.000,41.000,7.000,7.000,1.0,1,1.0
329,37,512.000,40.000,8.000,6.000,1.0,1,1.0
330,37,514.000,39.000,8.000,6.000,1.0,1,1.0
331,37,515.000,38.000,8.000,6.000,1.0,1,1.0
332,37,517.000,37.000,7.000,6.000,1.0,1,1.0
333,37,518.000,36.000,7.000,6.000,1.0,1,1.0
334,37,519.000,36.000,7.000,6.000,1.0,1,1.0
335,37,520.000,35.000,7.000,6.000,1.0,1,1.0
336,37,521.000,34.000,7.000,6.000,1.0,1,1.0
337,37,521.000,34.000,7.000,6.000,1.0,1,1.0
338,37,521.000,34.000,8.000,6.000,1.0,1,1.0
339,37,521.000,34.000,8.000,6.000,1.0,1,1.0
340,37,527.000,33.000,7.000,4.000,1.0,1,1.0
341,37,555.000,23.000,4.000,8.000,1.0,1,1.0
342,37,556.000,23.000,3.000,8.000,1.0,1,1.0
343,37,556.000,21.000,3.000,9.000,1.0,1,1.0
344,37,556.000,21.000,3.000,8.000,1.0,1,1.0
345,37,556.000,19.000,3.000,8.000,1.0,1,1.0
346,37,556.000,19.000,3.000,8.000,1.0,1,1.0
347,37,556.000,18.000,4.000,8.000,1.0,1,1.0
348,37,556.000,17.000,4.000,8.000,1.0,1,1.0
349,37,556.000,16.000,4.000,8.000,1.0,1,1.0
350,37,557.000,16.000,4.000,6.000,1.0,1,1.0
351,37,557.000,15.000,4.000,6.000,1.0,1,1.0
352,37,557.000,15.000,4.000,6.000,1.0,1,1.0
353,37,557.000,16.000,4.000,5.000,1.0,1,1.0
354,37,557.000,16.000,5.000,5.000,1.0,1,1.0
355,37,557.000,17.000,5.000,4.000,1.0,1,1.0
356,37,557.000,17.000,5.000,5.000,1.0,1,1.0
357,37,557.000,17.000,5.000,5.000,1.0,1,1.0
358,37,557.000,17.000,5.000,5.000,1.0,1,1.0
359,37,556.000,16.000,5.000,5.000,1.0,1,1.0
360,37,556.000,16.000,5.000,5.000,1.0,1,1.0
361,37,555.000,15.000,6.000,5.000,1.0,1,1.0
362,37,554.000,14.000,6.000,6.000,1.0,1,1.0
363,37,553.000,14.000,7.000,5.000,1.0,1,1.0
298,28,391.000,99.000,5.000,5.000,1.0,1,1.0
353,28,380.000,99.000,5.000,5.000,1.0,1,1.0
354,28,380.000,99.000,5.000,5.000,1.0,1,1.0
309,1,13.000,380.000,7.000,6.000,1.0,1,1.0
1,24,250.000,439.000,7.000,5.000,1.0,1,1.0
2,24,250.000,439.000,7.000,5.000,1.0,1,1.0
3,24,250.000,438.000,8.000,5.000,1.0,1,1.0
4,24,251.000,438.000,7.000,5.000,1.0,1,1.0
5,24,251.000,438.000,7.000,5.000,1.0,1,1.0
6,24,251.000,438.000,8.000,5.000,1.0,1,1.0
7,24,251.000,439.000,7.000,5.000,1.0,1,1.0
8,24,251.000,439.000,8.000,4.000,1.0,1,1.0
9,24,252.000,439.000,7.000,4.000,1.0,1,1.0
10,24,253.000,439.000,7.000,4.000,1.0,1,1.0
11,24,253.000,439.000,7.000,4.000,1.0,1,1.0
12,24,253.000,439.000,7.000,4.000,1.0,1,1.0
13,24,253.000,439.000,7.000,5.000,1.0,1,1.0
14,24,253.000,439.000,7.000,5.000,1.0,1,1.0
15,24,253.000,439.000,7.000,5.000,1.0,1,1.0
16,24,253.000,439.000,7.000,4.000,1.0,1,1.0
17,24,253.000,439.000,6.000,5.000,1.0,1,1.0
18,24,252.000,439.000,7.000,5.000,1.0,1,1.0
19,24,252.000,438.000,7.000,6.000,1.0,1,1.0
20,24,252.000,438.000,7.000,6.000,1.0,1,1.0
21,24,252.000,438.000,7.000,6.000,1.0,1,1.0
22,24,253.000,438.000,6.000,6.000,1.0,1,1.0
23,24,253.000,438.000,6.000,6.000,1.0,1,1.0
24,24,252.000,438.000,7.000,6.000,1.0,1,1.0
25,24,253.000,439.000,7.000,5.000,1.0,1,1.0
26,24,253.000,439.000,7.000,5.000,1.0,1,1.0
27,24,253.000,439.000,7.000,5.000,1.0,1,1.0
28,24,253.000,439.000,7.000,5.000,1.0,1,1.0
29,24,253.000,439.000,7.000,5.000,1.0,1,1.0
30,24,253.000,439.000,7.000,5.000,1.0,1,1.0
31,24,253.000,439.000,7.000,5.000,1.0,1,1.0
32,24,253.000,439.000,7.000,5.000,1.0,1,1.0
33,24,253.000,439.000,7.000,6.000,1.0,1,1.0
34,24,253.000,439.000,7.000,6.000,1.0,1,1.0
35,24,253.000,439.000,7.000,6.000,1.0,1,1.0
36,24,253.000,439.000,7.000,6.000,1.0,1,1.0
37,24,253.000,439.000,7.000,6.000,1.0,1,1.0
38,24,253.000,439.000,7.000,6.000,1.0,1,1.0
39,24,253.000,439.000,7.000,6.000,1.0,1,1.0
40,24,253.000,439.000,7.000,6.000,1.0,1,1.0
41,24,253.000,439.000,7.000,6.000,1.0,1,1.0
42,24,253.000,439.000,7.000,6.000,1.0,1,1.0
43,24,253.000,439.000,7.000,6.000,1.0,1,1.0
44,24,253.000,439.000,7.000,6.000,1.0,1,1.0
45,24,254.000,439.000,6.000,6.000,1.0,1,1.0
46,24,253.000,439.000,7.000,6.000,1.0,1,1.0
47,24,253.000,439.000,7.000,6.000,1.0,1,1.0
48,24,253.000,439.000,7.000,6.000,1.0,1,1.0
49,24,253.000,439.000,7.000,6.000,1.0,1,1.0
50,24,253.000,439.000,7.000,6.000,1.0,1,1.0
51,24,253.000,439.000,7.000,6.000,1.0,1,1.0
52,24,253.000,439.000,7.000,6.000,1.0,1,1.0
53,24,254.000,439.000,6.000,6.000,1.0,1,1.0
54,24,253.000,439.000,7.000,6.000,1.0,1,1.0
55,24,254.000,439.000,6.000,6.000,1.0,1,1.0
56,24,254.000,439.000,6.000,5.000,1.0,1,1.0
57,24,255.000,439.000,5.000,5.000,1.0,1,1.0
58,24,254.000,439.000,6.000,5.000,1.0,1,1.0
59,24,254.000,439.000,6.000,5.000,1.0,1,1.0
60,24,254.000,439.000,6.000,5.000,1.0,1,1.0
61,24,255.000,400.000,6.000,10.000,1.0,1,1.0
62,24,254.000,376.000,6.000,5.000,1.0,1,1.0
63,24,257.000,374.000,4.000,8.000,1.0,1,1.0
64,24,277.000,377.000,5.000,7.000,1.0,1,1.0
66,24,271.000,440.000,8.000,5.000,1.0,1,1.0
67,24,270.000,441.000,9.000,5.000,1.0,1,1.0
68,24,271.000,441.000,7.000,5.000,1.0,1,1.0
69,24,270.000,441.000,8.000,5.000,1.0,1,1.0
70,24,270.000,441.000,8.000,5.000,1.0,1,1.0
71,24,270.000,441.000,8.000,6.000,1.0,1,1.0
72,24,270.000,441.000,8.000,6.000,1.0,1,1.0
73,24,270.000,441.000,8.000,6.000,1.0,1,1.0
74,24,270.000,441.000,8.000,6.000,1.0,1,1.0
75,24,270.000,441.000,8.000,6.000,1.0,1,1.0
76,24,270.000,441.000,8.000,5.000,1.0,1,1.0
77,24,270.000,441.000,8.000,5.000,1.0,1,1.0
78,24,270.000,441.000,8.000,6.000,1.0,1,1.0
79,24,269.000,441.000,8.000,5.000,1.0,1,1.0
80,24,269.000,441.000,8.000,5.000,1.0,1,1.0
81,24,269.000,441.000,7.000,5.000,1.0,1,1.0
82,24,269.000,441.000,7.000,5.000,1.0,1,1.0
83,24,268.000,441.000,8.000,5.000,1.0,1,1.0
84,24,268.000,440.000,8.000,6.000,1.0,1,1.0
85,24,268.000,440.000,7.000,6.000,1.0,1,1.0
86,24,268.000,440.000,7.000,6.000,1.0,1,1.0
87,24,268.000,440.000,7.000,6.000,1.0,1,1.0
88,24,268.000,440.000,7.000,6.000,1.0,1,1.0
89,24,268.000,440.000,7.000,6.000,1.0,1,1.0
90,24,268.000,441.000,7.000,6.000,1.0,1,1.0
91,24,268.000,441.000,7.000,6.000,1.0,1,1.0
92,24,268.000,441.000,7.000,5.000,1.0,1,1.0
93,24,268.000,441.000,7.000,6.000,1.0,1,1.0
97,24,271.000,438.000,6.000,5.000,1.0,1,1.0
98,24,273.000,438.000,4.000,4.000,1.0,1,1.0
99,24,272.000,438.000,4.000,4.000,1.0,1,1.0
100,24,270.000,437.000,5.000,5.000,1.0,1,1.0
101,24,268.000,438.000,6.000,4.000,1.0,1,1.0
102,24,267.000,438.000,7.000,4.000,1.0,1,1.0
103,24,265.000,438.000,8.000,5.000,1.0,1,1.0
104,24,263.000,438.000,9.000,8.000,1.0,1,1.0
105,24,265.000,438.000,6.000,4.000,1.0,1,1.0
106,24,264.000,438.000,7.000,4.000,1.0,1,1.0
107,24,264.000,438.000,7.000,4.000,1.0,1,1.0
108,24,264.000,438.000,7.000,5.000,1.0,1,1.0
109,24,264.000,438.000,7.000,5.000,1.0,1,1.0
110,24,264.000,438.000,6.000,5.000,1.0,1,1.0
111,24,264.000,438.000,6.000,5.000,1.0,1,1.0
112,24,261.000,428.000,7.000,5.000,1.0,1,1.0
113,24,257.000,422.000,5.000,5.000,1.0,1,1.0
114,24,251.000,438.000,5.000,7.000,1.0,1,1.0
115,24,252.000,438.000,5.000,8.000,1.0,1,1.0
116,24,252.000,439.000,6.000,7.000,1.0,1,1.0
117,24,253.000,439.000,7.000,6.000,1.0,1,1.0
118,24,254.000,438.000,6.000,7.000,1.0,1,1.0
119,24,254.000,439.000,6.000,6.000,1.0,1,1.0
120,24,254.000,438.000,6.000,7.000,1.0,1,1.0
121,24,254.000,438.000,7.000,6.000,1.0,1,1.0
122,24,255.000,438.000,6.000,6.000,1.0,1,1.0
123,24,255.000,438.000,7.000,6.000,1.0,1,1.0
124,24,256.000,438.000,6.000,6.000,1.0,1,1.0
125,24,255.000,438.000,7.000,6.000,1.0,1,1.0
126,24,256.000,438.000,6.000,6.000,1.0,1,1.0
127,24,255.000,438.000,7.000,6.000,1.0,1,1.0
128,24,255.000,438.000,7.000,6.000,1.0,1,1.0
129,24,256.000,438.000,6.000,6.000,1.0,1,1.0
130,24,255.000,438.000,7.000,6.000,1.0,1,1.0
131,24,255.000,438.000,7.000,6.000,1.0,1,1.0
132,24,256.000,438.000,6.000,6.000,1.0,1,1.0
133,24,256.000,439.000,6.000,5.000,1.0,1,1.0
134,24,256.000,439.000,5.000,5.000,1.0,1,1.0
135,24,256.000,438.000,5.000,5.000,1.0,1,1.0
136,24,255.000,438.000,5.000,5.000,1.0,1,1.0
137,24,255.000,438.000,5.000,5.000,1.0,1,1.0
138,24,255.000,439.000,5.000,4.000,1.0,1,1.0
139,24,255.000,438.000,5.000,5.000,1.0,1,1.0
140,24,254.000,424.000,4.000,9.000,1.0,1,1.0
141,24,252.000,380.000,7.000,8.000,1.0,1,1.0
142,24,258.000,383.000,8.000,6.000,1.0,1,1.0
143,24,249.000,401.000,5.000,7.000,1.0,1,1.0
144,24,255.000,413.000,7.000,5.000,1.0,1,1.0
145,24,248.000,424.000,6.000,6.000,1.0,1,1.0
146,24,249.000,441.000,6.000,5.000,1.0,1,1.0
147,24,269.000,432.000,7.000,5.000,1.0,1,1.0
148,24,297.000,415.000,5.000,7.000,1.0,1,1.0
149,24,297.000,413.000,6.000,6.000,1.0,1,1.0
150,24,296.000,413.000,7.000,6.000,1.0,1,1.0
151,24,295.000,412.000,7.000,6.000,1.0,1,1.0
152,24,295.000,411.000,6.000,6.000,1.0,1,1.0
153,24,295.000,409.000,6.000,8.000,1.0,1,1.0
154,24,295.000,408.000,5.000,6.000,1.0,1,1.0
155,24,293.000,405.000,6.000,8.000,1.0,1,1.0
156,24,293.000,403.000,5.000,8.000,1.0,1,1.0
157,24,292.000,400.000,6.000,9.000,1.0,1,1.0
158,24,292.000,398.000,5.000,9.000,1.0,1,1.0
159,24,292.000,396.000,5.000,8.000,1.0,1,1.0
160,24,291.000,394.000,5.000,8.000,1.0,1,1.0
161,24,291.000,394.000,5.000,7.000,1.0,1,1.0
162,24,291.000,392.000,5.000,7.000,1.0,1,1.0
163,24,291.000,391.000,5.000,8.000,1.0,1,1.0
164,24,291.000,390.000,5.000,8.000,1.0,1,1.0
165,24,291.000,390.000,5.000,8.000,1.0,1,1.0
166,24,290.000,390.000,7.000,12.000,1.0,1,1.0
167,24,291.000,390.000,4.000,8.000,1.0,1,1.0
168,24,291.000,390.000,4.000,8.000,1.0,1,1.0
169,24,291.000,390.000,4.000,8.000,1.0,1,1.0
170,24,291.000,390.000,4.000,8.000,1.0,1,1.0
171,24,290.000,390.000,5.000,8.000,1.0,1,1.0
172,24,290.000,390.000,5.000,8.000,1.0,1,1.0
173,24,290.000,390.000,5.000,8.000,1.0,1,1.0
174,24,290.000,390.000,5.000,8.000,1.0,1,1.0
175,24,290.000,390.000,5.000,8.000,1.0,1,1.0
176,24,290.000,390.000,5.000,8.000,1.0,1,1.0
177,24,290.000,390.000,5.000,8.000,1.0,1,1.0
178,24,290.000,390.000,5.000,8.000,1.0,1,1.0
179,24,290.000,390.000,5.000,8.000,1.0,1,1.0
180,24,290.000,390.000,5.000,8.000,1.0,1,1.0
181,24,290.000,390.000,5.000,8.000,1.0,1,1.0
182,24,290.000,390.000,5.000,8.000,1.0,1,1.0
183,24,290.000,390.000,5.000,8.000,1.0,1,1.0
184,24,290.000,391.000,5.000,7.000,1.0,1,1.0
185,24,291.000,392.000,4.000,7.000,1.0,1,1.0
186,24,291.000,392.000,4.000,7.000,1.0,1,1.0
187,24,290.000,391.000,5.000,8.000,1.0,1,1.0
188,24,290.000,390.000,5.000,8.000,1.0,1,1.0
189,24,290.000,389.000,5.000,8.000,1.0,1,1.0
190,24,290.000,388.000,5.000,8.000,1.0,1,1.0
191,24,289.000,387.000,5.000,8.000,1.0,1,1.0
192,24,290.000,386.000,4.000,8.000,1.0,1,1.0
193,24,290.000,386.000,4.000,7.000,1.0,1,1.0
194,24,290.000,384.000,4.000,8.000,1.0,1,1.0
195,24,290.000,382.000,4.000,9.000,1.0,1,1.0
196,24,290.000,381.000,4.000,9.000,1.0,1,1.0
197,24,290.000,381.000,5.000,8.000,1.0,1,1.0
198,24,290.000,379.000,5.000,9.000,1.0,1,1.0
199,24,290.000,378.000,5.000,9.000,1.0,1,1.0
200,24,291.000,378.000,4.000,8.000,1.0,1,1.0
201,24,291.000,377.000,4.000,9.000,1.0,1,1.0
202,24,291.000,376.000,4.000,9.000,1.0,1,1.0
203,24,291.000,376.000,5.000,9.000,1.0,1,1.0
204,24,292.000,374.000,4.000,9.000,1.0,1,1.0
205,24,292.000,373.000,4.000,9.000,1.0,1,1.0
206,24,292.000,372.000,4.000,9.000,1.0,1,1.0
207,24,292.000,371.000,4.000,9.000,1.0,1,1.0
208,24,292.000,370.000,5.000,9.000,1.0,1,1.0
209,24,292.000,370.000,5.000,9.000,1.0,1,1.0
210,24,292.000,370.000,5.000,9.000,1.0,1,1.0
211,24,292.000,370.000,5.000,9.000,1.0,1,1.0
212,24,292.000,370.000,5.000,9.000,1.0,1,1.0
213,24,292.000,370.000,5.000,9.000,1.0,1,1.0
214,24,292.000,370.000,5.000,9.000,1.0,1,1.0
215,24,292.000,370.000,5.000,9.000,1.0,1,1.0
216,24,292.000,370.000,5.000,9.000,1.0,1,1.0
217,24,292.000,370.000,5.000,9.000,1.0,1,1.0
218,24,293.000,370.000,4.000,9.000,1.0,1,1.0
219,24,293.000,370.000,4.000,9.000,1.0,1,1.0
220,24,293.000,370.000,4.000,9.000,1.0,1,1.0
221,24,293.000,370.000,4.000,9.000,1.0,1,1.0
222,24,293.000,371.000,4.000,8.000,1.0,1,1.0
223,24,293.000,371.000,4.000,9.000,1.0,1,1.0
224,24,293.000,371.000,4.000,8.000,1.0,1,1.0
225,24,293.000,371.000,4.000,9.000,1.0,1,1.0
226,24,293.000,371.000,4.000,8.000,1.0,1,1.0
227,24,293.000,371.000,4.000,8.000,1.0,1,1.0
228,24,293.000,371.000,4.000,8.000,1.0,1,1.0
229,24,293.000,371.000,4.000,8.000,1.0,1,1.0
230,24,293.000,371.000,4.000,8.000,1.0,1,1.0
231,24,293.000,371.000,4.000,8.000,1.0,1,1.0
232,24,293.000,371.000,4.000,8.000,1.0,1,1.0
233,24,293.000,371.000,4.000,8.000,1.0,1,1.0
234,24,293.000,371.000,4.000,8.000,1.0,1,1.0
235,24,292.000,371.000,5.000,8.000,1.0,1,1.0
236,24,292.000,370.000,5.000,9.000,1.0,1,1.0
237,24,292.000,370.000,5.000,9.000,1.0,1,1.0
238,24,292.000,371.000,5.000,8.000,1.0,1,1.0
239,24,292.000,371.000,5.000,8.000,1.0,1,1.0
240,24,292.000,371.000,5.000,8.000,1.0,1,1.0
241,24,292.000,371.000,5.000,9.000,1.0,1,1.0
242,24,292.000,371.000,5.000,9.000,1.0,1,1.0
243,24,292.000,371.000,5.000,9.000,1.0,1,1.0
244,24,292.000,371.000,5.000,9.000,1.0,1,1.0
245,24,292.000,371.000,5.000,9.000,1.0,1,1.0
246,24,292.000,371.000,5.000,9.000,1.0,1,1.0
247,24,292.000,371.000,5.000,9.000,1.0,1,1.0
248,24,292.000,371.000,5.000,9.000,1.0,1,1.0
249,24,292.000,371.000,5.000,9.000,1.0,1,1.0
250,24,292.000,371.000,5.000,9.000,1.0,1,1.0
251,24,292.000,371.000,5.000,9.000,1.0,1,1.0
252,24,292.000,371.000,5.000,9.000,1.0,1,1.0
253,24,292.000,371.000,5.000,9.000,1.0,1,1.0
254,24,292.000,371.000,5.000,9.000,1.0,1,1.0
255,24,292.000,371.000,5.000,9.000,1.0,1,1.0
256,24,292.000,371.000,5.000,9.000,1.0,1,1.0
257,24,292.000,371.000,5.000,9.000,1.0,1,1.0
258,24,292.000,371.000,5.000,9.000,1.0,1,1.0
259,24,292.000,371.000,5.000,9.000,1.0,1,1.0
260,24,292.000,371.000,5.000,9.000,1.0,1,1.0
261,24,292.000,372.000,5.000,9.000,1.0,1,1.0
262,24,292.000,372.000,5.000,9.000,1.0,1,1.0
263,24,292.000,371.000,5.000,9.000,1.0,1,1.0
264,24,292.000,371.000,5.000,9.000,1.0,1,1.0
265,24,292.000,371.000,5.000,8.000,1.0,1,1.0
266,24,292.000,370.000,4.000,9.000,1.0,1,1.0
267,24,292.000,370.000,4.000,9.000,1.0,1,1.0
268,24,292.000,370.000,4.000,9.000,1.0,1,1.0
269,24,292.000,370.000,4.000,9.000,1.0,1,1.0
270,24,292.000,370.000,4.000,9.000,1.0,1,1.0
271,24,292.000,370.000,4.000,9.000,1.0,1,1.0
272,24,292.000,370.000,4.000,8.000,1.0,1,1.0
273,24,292.000,370.000,4.000,9.000,1.0,1,1.0
274,24,292.000,370.000,4.000,9.000,1.0,1,1.0
275,24,292.000,370.000,4.000,8.000,1.0,1,1.0
276,24,292.000,370.000,5.000,9.000,1.0,1,1.0
277,24,292.000,370.000,5.000,9.000,1.0,1,1.0
278,24,292.000,370.000,4.000,9.000,1.0,1,1.0
279,24,292.000,370.000,5.000,9.000,1.0,1,1.0
280,24,292.000,370.000,5.000,9.000,1.0,1,1.0
281,24,292.000,370.000,5.000,9.000,1.0,1,1.0
282,24,292.000,370.000,5.000,9.000,1.0,1,1.0
283,24,292.000,370.000,4.000,9.000,1.0,1,1.0
284,24,292.000,370.000,4.000,9.000,1.0,1,1.0
285,24,292.000,370.000,5.000,9.000,1.0,1,1.0
286,24,292.000,370.000,5.000,9.000,1.0,1,1.0
287,24,292.000,370.000,5.000,9.000,1.0,1,1.0
288,24,292.000,370.000,5.000,9.000,1.0,1,1.0
289,24,292.000,370.000,5.000,9.000,1.0,1,1.0
290,24,292.000,371.000,5.000,9.000,1.0,1,1.0
291,24,292.000,371.000,5.000,9.000,1.0,1,1.0
292,24,292.000,371.000,5.000,9.000,1.0,1,1.0
293,24,292.000,370.000,5.000,9.000,1.0,1,1.0
294,24,292.000,370.000,4.000,9.000,1.0,1,1.0
295,24,292.000,369.000,5.000,9.000,1.0,1,1.0
296,24,292.000,368.000,5.000,9.000,1.0,1,1.0
297,24,292.000,367.000,5.000,8.000,1.0,1,1.0
298,24,291.000,366.000,5.000,9.000,1.0,1,1.0
299,24,291.000,365.000,5.000,9.000,1.0,1,1.0
300,24,291.000,364.000,5.000,9.000,1.0,1,1.0
301,24,291.000,364.000,5.000,9.000,1.0,1,1.0
302,24,291.000,363.000,5.000,10.000,1.0,1,1.0
303,24,291.000,363.000,5.000,10.000,1.0,1,1.0
304,24,291.000,363.000,5.000,9.000,1.0,1,1.0
305,24,291.000,363.000,5.000,9.000,1.0,1,1.0
306,24,291.000,363.000,5.000,10.000,1.0,1,1.0
307,24,291.000,363.000,5.000,9.000,1.0,1,1.0
308,24,291.000,363.000,5.000,9.000,1.0,1,1.0
309,24,291.000,363.000,5.000,9.000,1.0,1,1.0
310,24,291.000,363.000,5.000,9.000,1.0,1,1.0
311,24,291.000,364.000,5.000,8.000,1.0,1,1.0
312,24,291.000,364.000,5.000,8.000,1.0,1,1.0
313,24,291.000,364.000,5.000,8.000,1.0,1,1.0
314,24,291.000,364.000,5.000,8.000,1.0,1,1.0
315,24,291.000,364.000,5.000,8.000,1.0,1,1.0
316,24,291.000,364.000,5.000,8.000,1.0,1,1.0
317,24,291.000,364.000,5.000,8.000,1.0,1,1.0
318,24,291.000,364.000,5.000,8.000,1.0,1,1.0
319,24,291.000,364.000,5.000,8.000,1.0,1,1.0
320,24,291.000,364.000,5.000,8.000,1.0,1,1.0
321,24,291.000,364.000,5.000,9.000,1.0,1,1.0
322,24,291.000,364.000,5.000,10.000,1.0,1,1.0
323,24,291.000,365.000,5.000,10.000,1.0,1,1.0
324,24,291.000,365.000,5.000,9.000,1.0,1,1.0
325,24,291.000,365.000,5.000,9.000,1.0,1,1.0
326,24,292.000,364.000,4.000,9.000,1.0,1,1.0
327,24,291.000,363.000,5.000,9.000,1.0,1,1.0
328,24,291.000,363.000,5.000,9.000,1.0,1,1.0
329,24,291.000,362.000,5.000,9.000,1.0,1,1.0
330,24,291.000,362.000,5.000,9.000,1.0,1,1.0
331,24,291.000,362.000,5.000,8.000,1.0,1,1.0
332,24,291.000,361.000,5.000,9.000,1.0,1,1.0
333,24,291.000,361.000,4.000,9.000,1.0,1,1.0
334,24,291.000,361.000,4.000,9.000,1.0,1,1.0
335,24,291.000,361.000,4.000,8.000,1.0,1,1.0
336,24,291.000,361.000,4.000,8.000,1.0,1,1.0
337,24,291.000,361.000,4.000,8.000,1.0,1,1.0
338,24,291.000,361.000,4.000,8.000,1.0,1,1.0
339,24,291.000,361.000,4.000,8.000,1.0,1,1.0
340,24,291.000,361.000,4.000,8.000,1.0,1,1.0
341,24,291.000,361.000,4.000,8.000,1.0,1,1.0
342,24,291.000,361.000,4.000,8.000,1.0,1,1.0
343,24,291.000,361.000,4.000,8.000,1.0,1,1.0
344,24,291.000,361.000,4.000,8.000,1.0,1,1.0
345,24,291.000,361.000,4.000,8.000,1.0,1,1.0
346,24,291.000,361.000,4.000,8.000,1.0,1,1.0
347,24,291.000,361.000,4.000,8.000,1.0,1,1.0
348,24,291.000,361.000,4.000,8.000,1.0,1,1.0
349,24,291.000,361.000,5.000,8.000,1.0,1,1.0
350,24,291.000,361.000,5.000,8.000,1.0,1,1.0
351,24,291.000,361.000,5.000,9.000,1.0,1,1.0
352,24,291.000,361.000,4.000,9.000,1.0,1,1.0
353,24,291.000,361.000,4.000,8.000,1.0,1,1.0
354,24,291.000,361.000,4.000,8.000,1.0,1,1.0
355,24,291.000,361.000,4.000,9.000,1.0,1,1.0
356,24,291.000,361.000,4.000,9.000,1.0,1,1.0
357,24,291.000,361.000,4.000,9.000,1.0,1,1.0
358,24,291.000,361.000,4.000,8.000,1.0,1,1.0
359,24,291.000,361.000,4.000,8.000,1.0,1,1.0
360,24,291.000,361.000,4.000,9.000,1.0,1,1.0
361,24,291.000,361.000,4.000,9.000,1.0,1,1.0
362,24,291.000,361.000,4.000,9.000,1.0,1,1.0
363,24,291.000,361.000,4.000,9.000,1.0,1,1.0
309,10,11.000,396.000,4.000,5.000,1.0,1,1.0
310,10,11.000,395.000,5.000,5.000,1.0,1,1.0
311,10,11.000,395.000,5.000,5.000,1.0,1,1.0
312,10,11.000,395.000,5.000,6.000,1.0,1,1.0
313,10,11.000,395.000,5.000,6.000,1.0,1,1.0
314,10,11.000,395.000,5.000,5.000,1.0,1,1.0
315,10,11.000,395.000,5.000,5.000,1.0,1,1.0
316,10,11.000,395.000,5.000,5.000,1.0,1,1.0
317,10,11.000,394.000,5.000,6.000,1.0,1,1.0
318,10,11.000,393.000,5.000,6.000,1.0,1,1.0
319,10,11.000,392.000,5.000,7.000,1.0,1,1.0
320,10,11.000,391.000,6.000,8.000,1.0,1,1.0
321,10,11.000,391.000,6.000,8.000,1.0,1,1.0
322,10,11.000,390.000,6.000,8.000,1.0,1,1.0
323,10,11.000,390.000,6.000,8.000,1.0,1,1.0
324,10,11.000,389.000,7.000,9.000,1.0,1,1.0
325,10,12.000,389.000,6.000,8.000,1.0,1,1.0
326,10,30.000,373.000,6.000,9.000,1.0,1,1.0
327,10,42.000,340.000,5.000,8.000,1.0,1,1.0
328,10,47.000,315.000,5.000,8.000,1.0,1,1.0
329,10,47.000,314.000,5.000,9.000,1.0,1,1.0
330,10,47.000,314.000,5.000,9.000,1.0,1,1.0
331,10,47.000,313.000,5.000,10.000,1.0,1,1.0
332,10,47.000,313.000,5.000,9.000,1.0,1,1.0
333,10,47.000,313.000,5.000,9.000,1.0,1,1.0
334,10,47.000,312.000,5.000,10.000,1.0,1,1.0
335,10,47.000,312.000,5.000,9.000,1.0,1,1.0
336,10,48.000,310.000,4.000,10.000,1.0,1,1.0
337,10,48.000,308.000,6.000,10.000,1.0,1,1.0
338,10,49.000,306.000,6.000,9.000,1.0,1,1.0
339,10,51.000,304.000,6.000,8.000,1.0,1,1.0
340,10,52.000,302.000,6.000,8.000,1.0,1,1.0
341,10,53.000,300.000,6.000,8.000,1.0,1,1.0
342,10,54.000,298.000,6.000,8.000,1.0,1,1.0
343,10,55.000,296.000,6.000,8.000,1.0,1,1.0
344,10,57.000,294.000,6.000,8.000,1.0,1,1.0
345,10,58.000,292.000,6.000,8.000,1.0,1,1.0
346,10,59.000,291.000,6.000,8.000,1.0,1,1.0
347,10,60.000,290.000,6.000,8.000,1.0,1,1.0
348,10,61.000,289.000,6.000,7.000,1.0,1,1.0
349,10,62.000,287.000,6.000,7.000,1.0,1,1.0
350,10,63.000,286.000,6.000,7.000,1.0,1,1.0
351,10,64.000,285.000,6.000,6.000,1.0,1,1.0
352,10,64.000,284.000,6.000,6.000,1.0,1,1.0
353,10,64.000,284.000,6.000,6.000,1.0,1,1.0
354,10,63.000,280.000,5.000,7.000,1.0,1,1.0
355,10,43.000,260.000,5.000,9.000,1.0,1,1.0
356,10,48.000,232.000,5.000,8.000,1.0,1,1.0
357,10,59.000,203.000,5.000,8.000,1.0,1,1.0
358,10,65.000,180.000,7.000,6.000,1.0,1,1.0
359,10,69.000,172.000,5.000,5.000,1.0,1,1.0
360,10,69.000,171.000,4.000,5.000,1.0,1,1.0
361,10,69.000,171.000,4.000,5.000,1.0,1,1.0
362,10,69.000,171.000,4.000,5.000,1.0,1,1.0
363,10,69.000,169.000,4.000,7.000,1.0,1,1.0
1,13,124.000,435.000,7.000,10.000,1.0,1,1.0
2,13,124.000,437.000,6.000,8.000,1.0,1,1.0
3,13,125.000,437.000,6.000,8.000,1.0,1,1.0
4,13,127.000,439.000,6.000,7.000,1.0,1,1.0
5,13,126.000,439.000,8.000,6.000,1.0,1,1.0
6,13,127.000,439.000,7.000,7.000,1.0,1,1.0
7,13,129.000,440.000,6.000,5.000,1.0,1,1.0
8,13,130.000,440.000,6.000,5.000,1.0,1,1.0
9,13,131.000,440.000,6.000,5.000,1.0,1,1.0
10,13,131.000,440.000,7.000,4.000,1.0,1,1.0
11,13,131.000,440.000,6.000,4.000,1.0,1,1.0
12,13,131.000,440.000,7.000,4.000,1.0,1,1.0
13,13,131.000,440.000,7.000,4.000,1.0,1,1.0
14,13,131.000,440.000,7.000,5.000,1.0,1,1.0
15,13,135.000,434.000,6.000,6.000,1.0,1,1.0
33,13,139.000,440.000,7.000,6.000,1.0,1,1.0
38,13,155.000,436.000,8.000,6.000,1.0,1,1.0
39,13,155.000,435.000,8.000,7.000,1.0,1,1.0
41,13,159.000,435.000,6.000,8.000,1.0,1,1.0
42,13,159.000,434.000,6.000,9.000,1.0,1,1.0
43,13,159.000,434.000,6.000,9.000,1.0,1,1.0
44,13,160.000,434.000,5.000,9.000,1.0,1,1.0
45,13,160.000,434.000,5.000,8.000,1.0,1,1.0
46,13,160.000,434.000,5.000,8.000,1.0,1,1.0
47,13,159.000,433.000,6.000,9.000,1.0,1,1.0
48,13,159.000,433.000,6.000,9.000,1.0,1,1.0
49,13,159.000,432.000,6.000,10.000,1.0,1,1.0
50,13,159.000,432.000,6.000,9.000,1.0,1,1.0
51,13,160.000,432.000,6.000,9.000,1.0,1,1.0
52,13,160.000,431.000,6.000,8.000,1.0,1,1.0
53,13,160.000,431.000,6.000,8.000,1.0,1,1.0
54,13,165.000,434.000,5.000,7.000,1.0,1,1.0
55,13,165.000,434.000,5.000,7.000,1.0,1,1.0
56,13,164.000,433.000,5.000,7.000,1.0,1,1.0
57,13,164.000,433.000,5.000,7.000,1.0,1,1.0
58,13,163.000,433.000,5.000,7.000,1.0,1,1.0
59,13,162.000,434.000,6.000,6.000,1.0,1,1.0
60,13,162.000,434.000,6.000,7.000,1.0,1,1.0
61,13,162.000,434.000,5.000,7.000,1.0,1,1.0
62,13,162.000,434.000,5.000,7.000,1.0,1,1.0
63,13,162.000,434.000,5.000,7.000,1.0,1,1.0
64,13,162.000,434.000,5.000,7.000,1.0,1,1.0
65,13,162.000,434.000,5.000,7.000,1.0,1,1.0
66,13,162.000,434.000,5.000,7.000,1.0,1,1.0
67,13,162.000,433.000,6.000,7.000,1.0,1,1.0
68,13,163.000,433.000,5.000,7.000,1.0,1,1.0
69,13,162.000,438.000,8.000,5.000,1.0,1,1.0
70,13,165.000,438.000,8.000,6.000,1.0,1,1.0
71,13,165.000,437.000,7.000,6.000,1.0,1,1.0
72,13,164.000,437.000,8.000,6.000,1.0,1,1.0
73,13,164.000,436.000,7.000,7.000,1.0,1,1.0
74,13,164.000,436.000,7.000,7.000,1.0,1,1.0
75,13,163.000,436.000,7.000,7.000,1.0,1,1.0
76,13,164.000,436.000,6.000,7.000,1.0,1,1.0
77,13,163.000,436.000,7.000,7.000,1.0,1,1.0
78,13,163.000,436.000,7.000,7.000,1.0,1,1.0
79,13,163.000,438.000,6.000,4.000,1.0,1,1.0
80,13,162.000,438.000,7.000,5.000,1.0,1,1.0
81,13,162.000,438.000,7.000,4.000,1.0,1,1.0
82,13,162.000,438.000,7.000,4.000,1.0,1,1.0
83,13,161.000,438.000,7.000,4.000,1.0,1,1.0
84,13,163.000,435.000,8.000,7.000,1.0,1,1.0
85,13,162.000,437.000,6.000,5.000,1.0,1,1.0
86,13,162.000,438.000,7.000,5.000,1.0,1,1.0
87,13,165.000,430.000,7.000,5.000,1.0,1,1.0
88,13,167.000,431.000,7.000,8.000,1.0,1,1.0
91,13,155.000,436.000,5.000,6.000,1.0,1,1.0
92,13,154.000,436.000,6.000,5.000,1.0,1,1.0
93,13,153.000,436.000,6.000,5.000,1.0,1,1.0
94,13,154.000,436.000,6.000,5.000,1.0,1,1.0
95,13,154.000,436.000,6.000,5.000,1.0,1,1.0
96,13,154.000,436.000,5.000,5.000,1.0,1,1.0
98,13,153.000,436.000,6.000,5.000,1.0,1,1.0
99,13,153.000,436.000,6.000,5.000,1.0,1,1.0
100,13,153.000,436.000,6.000,5.000,1.0,1,1.0
101,13,154.000,436.000,6.000,5.000,1.0,1,1.0
103,13,150.000,431.000,6.000,6.000,1.0,1,1.0
104,13,147.000,436.000,6.000,7.000,1.0,1,1.0
105,13,147.000,436.000,6.000,6.000,1.0,1,1.0
106,13,147.000,437.000,6.000,7.000,1.0,1,1.0
107,13,148.000,436.000,8.000,5.000,1.0,1,1.0
108,13,149.000,435.000,8.000,6.000,1.0,1,1.0
110,13,150.000,434.000,8.000,7.000,1.0,1,1.0
111,13,150.000,434.000,8.000,7.000,1.0,1,1.0
112,13,150.000,434.000,9.000,7.000,1.0,1,1.0
113,13,151.000,434.000,7.000,6.000,1.0,1,1.0
114,13,152.000,433.000,6.000,7.000,1.0,1,1.0
115,13,147.000,430.000,6.000,7.000,1.0,1,1.0
116,13,147.000,434.000,5.000,6.000,1.0,1,1.0
117,13,139.000,434.000,6.000,6.000,1.0,1,1.0
118,13,141.000,434.000,6.000,7.000,1.0,1,1.0
139,13,129.000,423.000,7.000,8.000,1.0,1,1.0
140,13,130.000,408.000,5.000,5.000,1.0,1,1.0
141,13,133.000,414.000,8.000,7.000,1.0,1,1.0
227,13,128.000,438.000,6.000,7.000,1.0,1,1.0
229,13,128.000,438.000,6.000,7.000,1.0,1,1.0
231,13,128.000,438.000,6.000,7.000,1.0,1,1.0
235,13,129.000,439.000,5.000,5.000,1.0,1,1.0
236,13,129.000,439.000,5.000,5.000,1.0,1,1.0
237,13,129.000,439.000,5.000,5.000,1.0,1,1.0
238,13,129.000,439.000,5.000,5.000,1.0,1,1.0
239,13,129.000,439.000,5.000,5.000,1.0,1,1.0
240,13,129.000,439.000,5.000,5.000,1.0,1,1.0
241,13,129.000,439.000,5.000,5.000,1.0,1,1.0
242,13,129.000,439.000,5.000,5.000,1.0,1,1.0
243,13,129.000,439.000,5.000,5.000,1.0,1,1.0
244,13,129.000,439.000,5.000,5.000,1.0,1,1.0
245,13,129.000,439.000,5.000,5.000,1.0,1,1.0
246,13,129.000,438.000,5.000,6.000,1.0,1,1.0
247,13,129.000,439.000,5.000,5.000,1.0,1,1.0
248,13,129.000,439.000,5.000,5.000,1.0,1,1.0
249,13,129.000,438.000,5.000,6.000,1.0,1,1.0
250,13,129.000,439.000,5.000,5.000,1.0,1,1.0
251,13,129.000,439.000,5.000,5.000,1.0,1,1.0
252,13,129.000,439.000,5.000,5.000,1.0,1,1.0
253,13,129.000,439.000,5.000,5.000,1.0,1,1.0
254,13,129.000,439.000,5.000,5.000,1.0,1,1.0
255,13,129.000,439.000,5.000,5.000,1.0,1,1.0
256,13,129.000,439.000,5.000,5.000,1.0,1,1.0
257,13,129.000,438.000,5.000,6.000,1.0,1,1.0
258,13,129.000,438.000,4.000,6.000,1.0,1,1.0
259,13,129.000,438.000,5.000,6.000,1.0,1,1.0
260,13,129.000,438.000,4.000,5.000,1.0,1,1.0
261,13,129.000,438.000,5.000,6.000,1.0,1,1.0
262,13,129.000,438.000,5.000,6.000,1.0,1,1.0
263,13,129.000,438.000,5.000,5.000,1.0,1,1.0
264,13,129.000,438.000,5.000,6.000,1.0,1,1.0
265,13,129.000,438.000,5.000,6.000,1.0,1,1.0
266,13,129.000,438.000,5.000,5.000,1.0,1,1.0
267,13,129.000,438.000,5.000,5.000,1.0,1,1.0
268,13,129.000,439.000,5.000,4.000,1.0,1,1.0
269,13,129.000,438.000,5.000,5.000,1.0,1,1.0
270,13,129.000,438.000,5.000,5.000,1.0,1,1.0
271,13,129.000,438.000,5.000,5.000,1.0,1,1.0
273,13,128.000,438.000,5.000,5.000,1.0,1,1.0
278,13,127.000,438.000,6.000,6.000,1.0,1,1.0
280,13,127.000,440.000,6.000,5.000,1.0,1,1.0
281,13,128.000,437.000,5.000,6.000,1.0,1,1.0
282,13,128.000,438.000,7.000,7.000,1.0,1,1.0
283,13,130.000,439.000,8.000,7.000,1.0,1,1.0
284,13,130.000,439.000,8.000,7.000,1.0,1,1.0
285,13,130.000,439.000,7.000,7.000,1.0,1,1.0
286,13,129.000,439.000,7.000,7.000,1.0,1,1.0
288,13,131.000,440.000,7.000,6.000,1.0,1,1.0
289,13,131.000,439.000,11.000,6.000,1.0,1,1.0
290,13,130.000,439.000,8.000,6.000,1.0,1,1.0
291,13,130.000,440.000,8.000,6.000,1.0,1,1.0
292,13,130.000,440.000,8.000,6.000,1.0,1,1.0
293,13,129.000,440.000,8.000,6.000,1.0,1,1.0
294,13,129.000,440.000,8.000,6.000,1.0,1,1.0
295,13,129.000,439.000,8.000,7.000,1.0,1,1.0
296,13,129.000,440.000,8.000,6.000,1.0,1,1.0
297,13,129.000,440.000,8.000,6.000,1.0,1,1.0
298,13,129.000,440.000,9.000,6.000,1.0,1,1.0
299,13,128.000,439.000,10.000,7.000,1.0,1,1.0
300,13,128.000,439.000,8.000,6.000,1.0,1,1.0
301,13,128.000,439.000,8.000,7.000,1.0,1,1.0
302,13,128.000,439.000,8.000,6.000,1.0,1,1.0
303,13,128.000,440.000,8.000,5.000,1.0,1,1.0
304,13,128.000,440.000,8.000,5.000,1.0,1,1.0
305,13,128.000,439.000,8.000,6.000,1.0,1,1.0
306,13,128.000,439.000,8.000,6.000,1.0,1,1.0
307,13,127.000,440.000,9.000,4.000,1.0,1,1.0
308,13,126.000,439.000,9.000,5.000,1.0,1,1.0
309,13,125.000,439.000,8.000,6.000,1.0,1,1.0
310,13,126.000,439.000,8.000,5.000,1.0,1,1.0
311,13,126.000,439.000,7.000,5.000,1.0,1,1.0
312,13,126.000,439.000,7.000,5.000,1.0,1,1.0
313,13,126.000,439.000,6.000,5.000,1.0,1,1.0
314,13,126.000,439.000,6.000,5.000,1.0,1,1.0
315,13,125.000,439.000,6.000,5.000,1.0,1,1.0
316,13,125.000,439.000,6.000,5.000,1.0,1,1.0
317,13,125.000,439.000,6.000,5.000,1.0,1,1.0
318,13,125.000,439.000,7.000,5.000,1.0,1,1.0
319,13,126.000,439.000,5.000,5.000,1.0,1,1.0
320,13,126.000,439.000,6.000,5.000,1.0,1,1.0
321,13,126.000,439.000,6.000,5.000,1.0,1,1.0
322,13,126.000,439.000,6.000,5.000,1.0,1,1.0
323,13,126.000,439.000,5.000,5.000,1.0,1,1.0
324,13,126.000,439.000,5.000,5.000,1.0,1,1.0
325,13,126.000,439.000,5.000,5.000,1.0,1,1.0
326,13,126.000,439.000,5.000,4.000,1.0,1,1.0
327,13,126.000,439.000,5.000,4.000,1.0,1,1.0
328,13,126.000,439.000,5.000,5.000,1.0,1,1.0
329,13,126.000,439.000,5.000,4.000,1.0,1,1.0
330,13,126.000,439.000,5.000,5.000,1.0,1,1.0
331,13,126.000,439.000,6.000,5.000,1.0,1,1.0
332,13,125.000,438.000,6.000,6.000,1.0,1,1.0
333,13,125.000,438.000,6.000,6.000,1.0,1,1.0
334,13,125.000,439.000,7.000,5.000,1.0,1,1.0
335,13,126.000,439.000,6.000,5.000,1.0,1,1.0
336,13,125.000,439.000,8.000,6.000,1.0,1,1.0
337,13,126.000,439.000,7.000,6.000,1.0,1,1.0
338,13,125.000,439.000,8.000,6.000,1.0,1,1.0
339,13,125.000,439.000,8.000,6.000,1.0,1,1.0
340,13,125.000,439.000,10.000,6.000,1.0,1,1.0
341,13,125.000,438.000,10.000,7.000,1.0,1,1.0
342,13,126.000,439.000,9.000,6.000,1.0,1,1.0
343,13,126.000,439.000,9.000,6.000,1.0,1,1.0
344,13,126.000,439.000,9.000,6.000,1.0,1,1.0
345,13,125.000,439.000,10.000,6.000,1.0,1,1.0
346,13,126.000,439.000,9.000,6.000,1.0,1,1.0
347,13,125.000,438.000,7.000,5.000,1.0,1,1.0
348,13,124.000,439.000,9.000,6.000,1.0,1,1.0
349,13,125.000,439.000,9.000,8.000,1.0,1,1.0
350,13,125.000,439.000,8.000,7.000,1.0,1,1.0
351,13,124.000,439.000,9.000,7.000,1.0,1,1.0
352,13,124.000,439.000,9.000,7.000,1.0,1,1.0
353,13,125.000,439.000,8.000,7.000,1.0,1,1.0
354,13,125.000,439.000,7.000,7.000,1.0,1,1.0
355,13,124.000,439.000,9.000,6.000,1.0,1,1.0
356,13,124.000,439.000,9.000,6.000,1.0,1,1.0
357,13,125.000,439.000,8.000,6.000,1.0,1,1.0
358,13,125.000,439.000,8.000,6.000,1.0,1,1.0
359,13,125.000,439.000,9.000,6.000,1.0,1,1.0
360,13,125.000,439.000,8.000,6.000,1.0,1,1.0
361,13,125.000,439.000,8.000,7.000,1.0,1,1.0
362,13,125.000,439.000,8.000,7.000,1.0,1,1.0
363,13,125.000,439.000,8.000,6.000,1.0,1,1.0
1,7,63.000,440.000,8.000,5.000,1.0,1,1.0
2,7,63.000,440.000,8.000,5.000,1.0,1,1.0
3,7,63.000,440.000,8.000,5.000,1.0,1,1.0
4,7,63.000,440.000,8.000,5.000,1.0,1,1.0
5,7,63.000,440.000,8.000,5.000,1.0,1,1.0
6,7,63.000,440.000,7.000,5.000,1.0,1,1.0
7,7,63.000,440.000,8.000,5.000,1.0,1,1.0
8,7,63.000,440.000,8.000,5.000,1.0,1,1.0
9,7,62.000,441.000,5.000,4.000,1.0,1,1.0
10,7,62.000,441.000,6.000,4.000,1.0,1,1.0
11,7,64.000,428.000,6.000,7.000,1.0,1,1.0
12,7,59.000,432.000,5.000,7.000,1.0,1,1.0
13,7,54.000,439.000,5.000,5.000,1.0,1,1.0
14,7,53.000,438.000,6.000,5.000,1.0,1,1.0
15,7,54.000,438.000,4.000,6.000,1.0,1,1.0
16,7,54.000,439.000,5.000,5.000,1.0,1,1.0
17,7,53.000,439.000,6.000,5.000,1.0,1,1.0
18,7,56.000,438.000,4.000,5.000,1.0,1,1.0
19,7,56.000,438.000,4.000,5.000,1.0,1,1.0
20,7,56.000,438.000,4.000,5.000,1.0,1,1.0
21,7,56.000,438.000,4.000,5.000,1.0,1,1.0
28,7,51.000,439.000,5.000,4.000,1.0,1,1.0
34,7,53.000,440.000,5.000,5.000,1.0,1,1.0
35,7,54.000,440.000,5.000,5.000,1.0,1,1.0
36,7,55.000,440.000,5.000,4.000,1.0,1,1.0
37,7,55.000,439.000,6.000,5.000,1.0,1,1.0
38,7,55.000,439.000,6.000,5.000,1.0,1,1.0
39,7,55.000,439.000,6.000,5.000,1.0,1,1.0
40,7,55.000,440.000,5.000,4.000,1.0,1,1.0
41,7,54.000,440.000,5.000,5.000,1.0,1,1.0
42,7,54.000,441.000,5.000,4.000,1.0,1,1.0
54,7,28.000,392.000,8.000,7.000,1.0,1,1.0
55,7,52.000,367.000,4.000,10.000,1.0,1,1.0
56,7,55.000,342.000,6.000,6.000,1.0,1,1.0
57,7,50.000,340.000,6.000,8.000,1.0,1,1.0
58,7,59.000,356.000,5.000,7.000,1.0,1,1.0
59,7,56.000,358.000,6.000,8.000,1.0,1,1.0
60,7,58.000,358.000,5.000,7.000,1.0,1,1.0
61,7,58.000,357.000,5.000,8.000,1.0,1,1.0
62,7,57.000,355.000,5.000,9.000,1.0,1,1.0
63,7,56.000,353.000,5.000,9.000,1.0,1,1.0
64,7,56.000,352.000,5.000,9.000,1.0,1,1.0
65,7,56.000,352.000,5.000,8.000,1.0,1,1.0
66,7,55.000,351.000,6.000,8.000,1.0,1,1.0
67,7,54.000,351.000,6.000,7.000,1.0,1,1.0
68,7,52.000,350.000,7.000,6.000,1.0,1,1.0
69,7,50.000,349.000,7.000,6.000,1.0,1,1.0
70,7,50.000,349.000,6.000,6.000,1.0,1,1.0
71,7,50.000,349.000,6.000,5.000,1.0,1,1.0
72,7,48.000,350.000,7.000,5.000,1.0,1,1.0
73,7,48.000,349.000,7.000,5.000,1.0,1,1.0
74,7,48.000,349.000,6.000,5.000,1.0,1,1.0
75,7,47.000,348.000,7.000,6.000,1.0,1,1.0
76,7,46.000,349.000,7.000,4.000,1.0,1,1.0
77,7,44.000,349.000,9.000,4.000,1.0,1,1.0
78,7,43.000,350.000,8.000,4.000,1.0,1,1.0
79,7,41.000,350.000,8.000,5.000,1.0,1,1.0
80,7,39.000,351.000,8.000,5.000,1.0,1,1.0
81,7,37.000,352.000,8.000,5.000,1.0,1,1.0
82,7,35.000,352.000,8.000,5.000,1.0,1,1.0
83,7,33.000,353.000,9.000,5.000,1.0,1,1.0
84,7,32.000,353.000,8.000,5.000,1.0,1,1.0
85,7,31.000,353.000,8.000,5.000,1.0,1,1.0
86,7,30.000,353.000,8.000,5.000,1.0,1,1.0
87,7,29.000,354.000,8.000,5.000,1.0,1,1.0
88,7,29.000,354.000,8.000,5.000,1.0,1,1.0
89,7,30.000,353.000,6.000,8.000,1.0,1,1.0
90,7,31.000,354.000,5.000,8.000,1.0,1,1.0
91,7,32.000,355.000,5.000,9.000,1.0,1,1.0
92,7,33.000,356.000,5.000,9.000,1.0,1,1.0
93,7,34.000,358.000,6.000,8.000,1.0,1,1.0
94,7,35.000,360.000,6.000,8.000,1.0,1,1.0
95,7,37.000,361.000,6.000,8.000,1.0,1,1.0
96,7,39.000,363.000,6.000,7.000,1.0,1,1.0
97,7,40.000,365.000,7.000,7.000,1.0,1,1.0
98,7,41.000,366.000,7.000,8.000,1.0,1,1.0
99,7,42.000,367.000,7.000,8.000,1.0,1,1.0
100,7,44.000,369.000,6.000,8.000,1.0,1,1.0
101,7,45.000,371.000,6.000,8.000,1.0,1,1.0
102,7,46.000,373.000,5.000,8.000,1.0,1,1.0
103,7,46.000,374.000,5.000,9.000,1.0,1,1.0
104,7,46.000,376.000,4.000,9.000,1.0,1,1.0
105,7,46.000,379.000,4.000,9.000,1.0,1,1.0
106,7,44.000,381.000,5.000,9.000,1.0,1,1.0
107,7,44.000,384.000,5.000,9.000,1.0,1,1.0
108,7,43.000,386.000,5.000,8.000,1.0,1,1.0
109,7,42.000,388.000,5.000,8.000,1.0,1,1.0
110,7,42.000,389.000,5.000,9.000,1.0,1,1.0
111,7,41.000,391.000,5.000,9.000,1.0,1,1.0
112,7,41.000,392.000,5.000,9.000,1.0,1,1.0
113,7,40.000,394.000,5.000,9.000,1.0,1,1.0
114,7,39.000,397.000,5.000,9.000,1.0,1,1.0
115,7,38.000,399.000,6.000,9.000,1.0,1,1.0
116,7,37.000,402.000,5.000,9.000,1.0,1,1.0
117,7,37.000,405.000,4.000,9.000,1.0,1,1.0
118,7,35.000,407.000,5.000,9.000,1.0,1,1.0
119,7,35.000,408.000,5.000,9.000,1.0,1,1.0
120,7,34.000,410.000,6.000,8.000,1.0,1,1.0
121,7,34.000,410.000,5.000,9.000,1.0,1,1.0
122,7,34.000,411.000,5.000,8.000,1.0,1,1.0
123,7,34.000,411.000,5.000,8.000,1.0,1,1.0
124,7,34.000,410.000,5.000,9.000,1.0,1,1.0
125,7,34.000,410.000,5.000,9.000,1.0,1,1.0
126,7,34.000,410.000,6.000,9.000,1.0,1,1.0
127,7,34.000,411.000,5.000,9.000,1.0,1,1.0
128,7,34.000,410.000,5.000,9.000,1.0,1,1.0
129,7,34.000,411.000,5.000,8.000,1.0,1,1.0
130,7,34.000,411.000,5.000,8.000,1.0,1,1.0
131,7,34.000,411.000,5.000,8.000,1.0,1,1.0
132,7,34.000,411.000,5.000,8.000,1.0,1,1.0
133,7,34.000,411.000,5.000,9.000,1.0,1,1.0
134,7,34.000,411.000,5.000,9.000,1.0,1,1.0
135,7,34.000,411.000,5.000,9.000,1.0,1,1.0
136,7,34.000,411.000,5.000,9.000,1.0,1,1.0
137,7,34.000,411.000,5.000,9.000,1.0,1,1.0
138,7,34.000,411.000,5.000,9.000,1.0,1,1.0
139,7,34.000,411.000,5.000,8.000,1.0,1,1.0
140,7,34.000,411.000,5.000,8.000,1.0,1,1.0
141,7,34.000,411.000,6.000,8.000,1.0,1,1.0
142,7,34.000,411.000,5.000,8.000,1.0,1,1.0
143,7,34.000,411.000,5.000,8.000,1.0,1,1.0
144,7,34.000,411.000,5.000,8.000,1.0,1,1.0
145,7,34.000,411.000,5.000,8.000,1.0,1,1.0
146,7,34.000,412.000,5.000,8.000,1.0,1,1.0
147,7,34.000,411.000,5.000,9.000,1.0,1,1.0
148,7,34.000,412.000,5.000,8.000,1.0,1,1.0
149,7,34.000,412.000,5.000,8.000,1.0,1,1.0
150,7,34.000,412.000,5.000,8.000,1.0,1,1.0
151,7,33.000,412.000,6.000,8.000,1.0,1,1.0
152,7,33.000,412.000,6.000,8.000,1.0,1,1.0
153,7,33.000,412.000,6.000,8.000,1.0,1,1.0
154,7,33.000,412.000,6.000,8.000,1.0,1,1.0
155,7,33.000,412.000,6.000,8.000,1.0,1,1.0
156,7,33.000,412.000,6.000,8.000,1.0,1,1.0
157,7,33.000,412.000,6.000,8.000,1.0,1,1.0
158,7,33.000,412.000,6.000,9.000,1.0,1,1.0
159,7,33.000,412.000,6.000,9.000,1.0,1,1.0
160,7,34.000,412.000,5.000,9.000,1.0,1,1.0
161,7,34.000,412.000,5.000,9.000,1.0,1,1.0
162,7,34.000,412.000,5.000,8.000,1.0,1,1.0
163,7,33.000,412.000,6.000,8.000,1.0,1,1.0
164,7,33.000,412.000,6.000,8.000,1.0,1,1.0
165,7,34.000,412.000,5.000,8.000,1.0,1,1.0
166,7,33.000,412.000,6.000,8.000,1.0,1,1.0
167,7,33.000,412.000,6.000,9.000,1.0,1,1.0
168,7,33.000,412.000,6.000,9.000,1.0,1,1.0
169,7,32.000,413.000,6.000,12.000,1.0,1,1.0
170,7,32.000,413.000,6.000,11.000,1.0,1,1.0
171,7,32.000,413.000,6.000,10.000,1.0,1,1.0
172,7,32.000,413.000,6.000,10.000,1.0,1,1.0
173,7,32.000,413.000,6.000,10.000,1.0,1,1.0
174,7,32.000,413.000,7.000,10.000,1.0,1,1.0
175,7,31.000,412.000,7.000,9.000,1.0,1,1.0
176,7,32.000,411.000,6.000,10.000,1.0,1,1.0
177,7,32.000,410.000,6.000,10.000,1.0,1,1.0
178,7,33.000,413.000,6.000,7.000,1.0,1,1.0
179,7,33.000,413.000,6.000,7.000,1.0,1,1.0
180,7,33.000,413.000,6.000,8.000,1.0,1,1.0
181,7,33.000,413.000,6.000,8.000,1.0,1,1.0
182,7,33.000,413.000,6.000,8.000,1.0,1,1.0
183,7,33.000,412.000,6.000,9.000,1.0,1,1.0
184,7,33.000,412.000,6.000,9.000,1.0,1,1.0
185,7,33.000,413.000,6.000,8.000,1.0,1,1.0
186,7,33.000,413.000,6.000,8.000,1.0,1,1.0
187,7,33.000,413.000,6.000,8.000,1.0,1,1.0
188,7,32.000,413.000,6.000,9.000,1.0,1,1.0
189,7,32.000,414.000,6.000,9.000,1.0,1,1.0
190,7,31.000,415.000,6.000,8.000,1.0,1,1.0
191,7,31.000,417.000,5.000,9.000,1.0,1,1.0
192,7,30.000,419.000,5.000,9.000,1.0,1,1.0
193,7,29.000,421.000,6.000,9.000,1.0,1,1.0
194,7,29.000,423.000,5.000,9.000,1.0,1,1.0
195,7,28.000,425.000,6.000,9.000,1.0,1,1.0
196,7,28.000,428.000,5.000,8.000,1.0,1,1.0
197,7,28.000,429.000,5.000,9.000,1.0,1,1.0
206,7,26.000,434.000,7.000,6.000,1.0,1,1.0
207,7,26.000,434.000,6.000,6.000,1.0,1,1.0
208,7,25.000,435.000,6.000,5.000,1.0,1,1.0
209,7,24.000,435.000,7.000,5.000,1.0,1,1.0
210,7,23.000,435.000,7.000,5.000,1.0,1,1.0
211,7,22.000,435.000,7.000,5.000,1.0,1,1.0
212,7,21.000,435.000,8.000,4.000,1.0,1,1.0
213,7,20.000,435.000,8.000,4.000,1.0,1,1.0
214,7,18.000,434.000,9.000,5.000,1.0,1,1.0
215,7,18.000,433.000,6.000,5.000,1.0,1,1.0
216,7,17.000,433.000,6.000,5.000,1.0,1,1.0
217,7,15.000,433.000,7.000,4.000,1.0,1,1.0
218,7,13.000,432.000,8.000,5.000,1.0,1,1.0
219,7,13.000,432.000,6.000,4.000,1.0,1,1.0
220,7,12.000,432.000,6.000,4.000,1.0,1,1.0
221,7,12.000,432.000,5.000,4.000,1.0,1,1.0
222,7,12.000,432.000,5.000,5.000,1.0,1,1.0
1,21,308.000,435.000,7.000,4.000,1.0,1,1.0
2,21,308.000,435.000,6.000,4.000,1.0,1,1.0
3,21,307.000,435.000,6.000,4.000,1.0,1,1.0
4,21,306.000,434.000,6.000,5.000,1.0,1,1.0
5,21,304.000,434.000,7.000,5.000,1.0,1,1.0
6,21,303.000,434.000,7.000,5.000,1.0,1,1.0
7,21,302.000,435.000,7.000,4.000,1.0,1,1.0
8,21,300.000,435.000,7.000,4.000,1.0,1,1.0
9,21,297.000,434.000,8.000,4.000,1.0,1,1.0
10,21,296.000,433.000,7.000,5.000,1.0,1,1.0
11,21,295.000,433.000,8.000,5.000,1.0,1,1.0
12,21,295.000,433.000,8.000,5.000,1.0,1,1.0
13,21,294.000,433.000,7.000,5.000,1.0,1,1.0
14,21,292.000,434.000,8.000,4.000,1.0,1,1.0
15,21,290.000,434.000,9.000,5.000,1.0,1,1.0
16,21,289.000,434.000,8.000,5.000,1.0,1,1.0
17,21,287.000,435.000,8.000,4.000,1.0,1,1.0
18,21,285.000,435.000,9.000,4.000,1.0,1,1.0
19,21,284.000,434.000,9.000,4.000,1.0,1,1.0
20,21,284.000,434.000,8.000,4.000,1.0,1,1.0
21,21,284.000,433.000,8.000,5.000,1.0,1,1.0
22,21,283.000,434.000,9.000,5.000,1.0,1,1.0
23,21,283.000,435.000,9.000,4.000,1.0,1,1.0
24,21,284.000,435.000,8.000,4.000,1.0,1,1.0
25,21,284.000,435.000,9.000,4.000,1.0,1,1.0
26,21,284.000,435.000,8.000,5.000,1.0,1,1.0
27,21,284.000,434.000,7.000,6.000,1.0,1,1.0
28,21,283.000,433.000,7.000,6.000,1.0,1,1.0
29,21,283.000,432.000,7.000,7.000,1.0,1,1.0
30,21,282.000,431.000,7.000,7.000,1.0,1,1.0
31,21,282.000,430.000,6.000,8.000,1.0,1,1.0
32,21,281.000,430.000,6.000,8.000,1.0,1,1.0
33,21,279.000,430.000,7.000,6.000,1.0,1,1.0
34,21,277.000,429.000,8.000,6.000,1.0,1,1.0
35,21,275.000,428.000,8.000,6.000,1.0,1,1.0
36,21,274.000,428.000,8.000,6.000,1.0,1,1.0
37,21,273.000,427.000,8.000,6.000,1.0,1,1.0
38,21,272.000,427.000,8.000,6.000,1.0,1,1.0
39,21,272.000,427.000,8.000,6.000,1.0,1,1.0
40,21,272.000,427.000,8.000,6.000,1.0,1,1.0
41,21,272.000,427.000,8.000,6.000,1.0,1,1.0
42,21,272.000,427.000,8.000,6.000,1.0,1,1.0
43,21,272.000,427.000,8.000,6.000,1.0,1,1.0
44,21,272.000,428.000,8.000,5.000,1.0,1,1.0
45,21,272.000,428.000,8.000,4.000,1.0,1,1.0
46,21,272.000,428.000,8.000,4.000,1.0,1,1.0
47,21,272.000,428.000,8.000,4.000,1.0,1,1.0
48,21,272.000,428.000,8.000,4.000,1.0,1,1.0
49,21,274.000,427.000,5.000,5.000,1.0,1,1.0
50,21,270.000,421.000,6.000,6.000,1.0,1,1.0
51,21,266.000,419.000,5.000,8.000,1.0,1,1.0
52,21,266.000,419.000,5.000,7.000,1.0,1,1.0
53,21,266.000,418.000,5.000,9.000,1.0,1,1.0
54,21,267.000,417.000,4.000,9.000,1.0,1,1.0
55,21,267.000,417.000,5.000,8.000,1.0,1,1.0
56,21,268.000,415.000,5.000,9.000,1.0,1,1.0
57,21,270.000,414.000,4.000,9.000,1.0,1,1.0
58,21,270.000,412.000,5.000,9.000,1.0,1,1.0
59,21,271.000,410.000,5.000,9.000,1.0,1,1.0
60,21,272.000,409.000,4.000,9.000,1.0,1,1.0
61,21,272.000,409.000,5.000,9.000,1.0,1,1.0
62,21,272.000,409.000,5.000,9.000,1.0,1,1.0
63,21,272.000,409.000,5.000,9.000,1.0,1,1.0
64,21,272.000,408.000,6.000,8.000,1.0,1,1.0
65,21,272.000,407.000,6.000,8.000,1.0,1,1.0
66,21,274.000,405.000,4.000,8.000,1.0,1,1.0
67,21,274.000,403.000,5.000,8.000,1.0,1,1.0
68,21,275.000,400.000,5.000,9.000,1.0,1,1.0
69,21,276.000,399.000,5.000,9.000,1.0,1,1.0
70,21,277.000,398.000,5.000,8.000,1.0,1,1.0
71,21,277.000,399.000,6.000,6.000,1.0,1,1.0
72,21,278.000,398.000,7.000,6.000,1.0,1,1.0
73,21,279.000,398.000,8.000,6.000,1.0,1,1.0
74,21,280.000,398.000,8.000,6.000,1.0,1,1.0
75,21,282.000,399.000,8.000,5.000,1.0,1,1.0
76,21,283.000,400.000,7.000,4.000,1.0,1,1.0
77,21,284.000,400.000,7.000,4.000,1.0,1,1.0
78,21,285.000,400.000,7.000,5.000,1.0,1,1.0
79,21,286.000,401.000,7.000,5.000,1.0,1,1.0
80,21,286.000,401.000,8.000,5.000,1.0,1,1.0
81,21,286.000,402.000,8.000,5.000,1.0,1,1.0
82,21,287.000,403.000,7.000,5.000,1.0,1,1.0
83,21,287.000,403.000,7.000,5.000,1.0,1,1.0
84,21,287.000,402.000,6.000,7.000,1.0,1,1.0
85,21,287.000,403.000,6.000,7.000,1.0,1,1.0
86,21,287.000,403.000,6.000,8.000,1.0,1,1.0
87,21,287.000,404.000,6.000,7.000,1.0,1,1.0
88,21,287.000,404.000,6.000,7.000,1.0,1,1.0
89,21,287.000,404.000,6.000,7.000,1.0,1,1.0
90,21,287.000,404.000,6.000,7.000,1.0,1,1.0
91,21,286.000,403.000,6.000,8.000,1.0,1,1.0
92,21,286.000,403.000,6.000,8.000,1.0,1,1.0
93,21,286.000,404.000,6.000,6.000,1.0,1,1.0
94,21,286.000,404.000,6.000,6.000,1.0,1,1.0
95,21,286.000,403.000,6.000,7.000,1.0,1,1.0
96,21,286.000,404.000,6.000,6.000,1.0,1,1.0
97,21,287.000,404.000,6.000,7.000,1.0,1,1.0
98,21,288.000,405.000,6.000,6.000,1.0,1,1.0
99,21,288.000,405.000,6.000,7.000,1.0,1,1.0
100,21,288.000,405.000,6.000,7.000,1.0,1,1.0
101,21,288.000,406.000,6.000,6.000,1.0,1,1.0
102,21,288.000,407.000,6.000,6.000,1.0,1,1.0
103,21,288.000,405.000,5.000,8.000,1.0,1,1.0
104,21,288.000,405.000,5.000,8.000,1.0,1,1.0
105,21,288.000,405.000,5.000,9.000,1.0,1,1.0
106,21,288.000,405.000,5.000,8.000,1.0,1,1.0
107,21,288.000,405.000,5.000,8.000,1.0,1,1.0
108,21,288.000,405.000,5.000,8.000,1.0,1,1.0
109,21,288.000,405.000,4.000,8.000,1.0,1,1.0
110,21,288.000,405.000,4.000,8.000,1.0,1,1.0
111,21,287.000,405.000,5.000,9.000,1.0,1,1.0
112,21,287.000,405.000,4.000,9.000,1.0,1,1.0
113,21,287.000,404.000,5.000,9.000,1.0,1,1.0
114,21,287.000,404.000,4.000,9.000,1.0,1,1.0
115,21,286.000,406.000,5.000,8.000,1.0,1,1.0
116,21,286.000,406.000,5.000,8.000,1.0,1,1.0
117,21,286.000,406.000,5.000,8.000,1.0,1,1.0
118,21,286.000,406.000,5.000,8.000,1.0,1,1.0
119,21,286.000,406.000,5.000,8.000,1.0,1,1.0
120,21,286.000,406.000,5.000,8.000,1.0,1,1.0
121,21,287.000,406.000,4.000,9.000,1.0,1,1.0
122,21,287.000,406.000,4.000,9.000,1.0,1,1.0
123,21,287.000,406.000,4.000,9.000,1.0,1,1.0
124,21,287.000,406.000,4.000,9.000,1.0,1,1.0
125,21,287.000,405.000,4.000,10.000,1.0,1,1.0
126,21,286.000,406.000,5.000,8.000,1.0,1,1.0
127,21,275.000,395.000,5.000,7.000,1.0,1,1.0
128,21,287.000,386.000,7.000,6.000,1.0,1,1.0
129,21,284.000,397.000,6.000,5.000,1.0,1,1.0
130,21,300.000,404.000,5.000,8.000,1.0,1,1.0
131,21,300.000,404.000,5.000,9.000,1.0,1,1.0
132,21,300.000,404.000,5.000,9.000,1.0,1,1.0
133,21,300.000,404.000,5.000,9.000,1.0,1,1.0
134,21,300.000,403.000,5.000,10.000,1.0,1,1.0
135,21,300.000,402.000,5.000,9.000,1.0,1,1.0
136,21,300.000,401.000,5.000,9.000,1.0,1,1.0
137,21,298.000,402.000,6.000,6.000,1.0,1,1.0
138,21,295.000,402.000,8.000,5.000,1.0,1,1.0
139,21,293.000,401.000,8.000,5.000,1.0,1,1.0
140,21,291.000,401.000,8.000,5.000,1.0,1,1.0
141,21,289.000,400.000,8.000,5.000,1.0,1,1.0
142,21,287.000,401.000,8.000,4.000,1.0,1,1.0
143,21,286.000,402.000,8.000,5.000,1.0,1,1.0
144,21,285.000,403.000,8.000,5.000,1.0,1,1.0
145,21,285.000,403.000,8.000,6.000,1.0,1,1.0
146,21,284.000,404.000,8.000,5.000,1.0,1,1.0
147,21,284.000,404.000,7.000,6.000,1.0,1,1.0
148,21,282.000,405.000,9.000,6.000,1.0,1,1.0
149,21,282.000,406.000,7.000,5.000,1.0,1,1.0
150,21,281.000,406.000,7.000,6.000,1.0,1,1.0
151,21,280.000,407.000,8.000,5.000,1.0,1,1.0
152,21,280.000,407.000,8.000,6.000,1.0,1,1.0
153,21,280.000,407.000,8.000,6.000,1.0,1,1.0
154,21,281.000,407.000,7.000,7.000,1.0,1,1.0
155,21,282.000,406.000,6.000,8.000,1.0,1,1.0
156,21,282.000,405.000,6.000,9.000,1.0,1,1.0
157,21,282.000,405.000,5.000,9.000,1.0,1,1.0
158,21,282.000,406.000,6.000,8.000,1.0,1,1.0
159,21,283.000,406.000,5.000,8.000,1.0,1,1.0
160,21,283.000,406.000,5.000,8.000,1.0,1,1.0
161,21,283.000,406.000,5.000,8.000,1.0,1,1.0
162,21,283.000,406.000,5.000,8.000,1.0,1,1.0
163,21,283.000,406.000,5.000,8.000,1.0,1,1.0
164,21,283.000,406.000,5.000,8.000,1.0,1,1.0
165,21,283.000,406.000,5.000,8.000,1.0,1,1.0
1,41,503.000,415.000,5.000,7.000,1.0,1,1.0
2,41,502.000,415.000,6.000,7.000,1.0,1,1.0
3,41,502.000,415.000,6.000,7.000,1.0,1,1.0
4,41,503.000,415.000,5.000,7.000,1.0,1,1.0
5,41,502.000,415.000,6.000,7.000,1.0,1,1.0
6,41,502.000,415.000,6.000,7.000,1.0,1,1.0
7,41,502.000,415.000,6.000,7.000,1.0,1,1.0
8,41,502.000,414.000,5.000,7.000,1.0,1,1.0
9,41,502.000,414.000,5.000,7.000,1.0,1,1.0
10,41,502.000,414.000,5.000,7.000,1.0,1,1.0
11,41,501.000,414.000,5.000,6.000,1.0,1,1.0
12,41,500.000,413.000,6.000,7.000,1.0,1,1.0
13,41,500.000,413.000,5.000,5.000,1.0,1,1.0
14,41,499.000,413.000,6.000,5.000,1.0,1,1.0
15,41,499.000,413.000,5.000,4.000,1.0,1,1.0
16,41,499.000,413.000,5.000,4.000,1.0,1,1.0
17,41,498.000,413.000,6.000,4.000,1.0,1,1.0
18,41,498.000,412.000,6.000,5.000,1.0,1,1.0
19,41,498.000,412.000,6.000,5.000,1.0,1,1.0
20,41,498.000,412.000,6.000,5.000,1.0,1,1.0
21,41,502.000,415.000,5.000,7.000,1.0,1,1.0
38,41,529.000,440.000,7.000,4.000,1.0,1,1.0
39,41,529.000,440.000,6.000,5.000,1.0,1,1.0
40,41,530.000,440.000,5.000,5.000,1.0,1,1.0
41,41,530.000,440.000,5.000,5.000,1.0,1,1.0
42,41,530.000,440.000,5.000,5.000,1.0,1,1.0
43,41,530.000,440.000,5.000,5.000,1.0,1,1.0
44,41,530.000,441.000,5.000,4.000,1.0,1,1.0
45,41,530.000,441.000,5.000,4.000,1.0,1,1.0
46,41,530.000,441.000,5.000,5.000,1.0,1,1.0
47,41,530.000,441.000,5.000,4.000,1.0,1,1.0
48,41,530.000,441.000,5.000,4.000,1.0,1,1.0
49,41,530.000,441.000,5.000,4.000,1.0,1,1.0
50,41,530.000,441.000,5.000,4.000,1.0,1,1.0
51,41,530.000,441.000,5.000,5.000,1.0,1,1.0
52,41,530.000,441.000,5.000,4.000,1.0,1,1.0
53,41,530.000,441.000,5.000,4.000,1.0,1,1.0
54,41,530.000,441.000,5.000,4.000,1.0,1,1.0
55,41,530.000,440.000,5.000,5.000,1.0,1,1.0
56,41,530.000,440.000,5.000,5.000,1.0,1,1.0
57,41,530.000,440.000,5.000,4.000,1.0,1,1.0
58,41,530.000,440.000,5.000,4.000,1.0,1,1.0
59,41,530.000,440.000,5.000,5.000,1.0,1,1.0
60,41,530.000,440.000,5.000,4.000,1.0,1,1.0
61,41,530.000,440.000,5.000,5.000,1.0,1,1.0
62,41,530.000,440.000,5.000,5.000,1.0,1,1.0
63,41,530.000,440.000,5.000,5.000,1.0,1,1.0
64,41,530.000,440.000,5.000,5.000,1.0,1,1.0
65,41,530.000,440.000,5.000,4.000,1.0,1,1.0
66,41,530.000,440.000,5.000,5.000,1.0,1,1.0
67,41,530.000,440.000,5.000,5.000,1.0,1,1.0
68,41,530.000,440.000,5.000,5.000,1.0,1,1.0
69,41,530.000,439.000,5.000,6.000,1.0,1,1.0
70,41,530.000,440.000,5.000,5.000,1.0,1,1.0
71,41,530.000,440.000,5.000,5.000,1.0,1,1.0
72,41,530.000,440.000,5.000,5.000,1.0,1,1.0
73,41,530.000,440.000,5.000,5.000,1.0,1,1.0
74,41,530.000,440.000,5.000,5.000,1.0,1,1.0
75,41,530.000,440.000,5.000,5.000,1.0,1,1.0
76,41,530.000,440.000,5.000,5.000,1.0,1,1.0
77,41,530.000,440.000,5.000,5.000,1.0,1,1.0
78,41,530.000,440.000,5.000,5.000,1.0,1,1.0
79,41,530.000,440.000,5.000,5.000,1.0,1,1.0
80,41,530.000,440.000,5.000,5.000,1.0,1,1.0
81,41,530.000,440.000,5.000,5.000,1.0,1,1.0
82,41,530.000,440.000,5.000,5.000,1.0,1,1.0
83,41,530.000,440.000,5.000,5.000,1.0,1,1.0
84,41,530.000,440.000,5.000,5.000,1.0,1,1.0
85,41,530.000,440.000,5.000,5.000,1.0,1,1.0
86,41,530.000,440.000,5.000,5.000,1.0,1,1.0
87,41,530.000,440.000,5.000,5.000,1.0,1,1.0
88,41,530.000,440.000,5.000,5.000,1.0,1,1.0
89,41,530.000,440.000,5.000,5.000,1.0,1,1.0
90,41,530.000,440.000,5.000,5.000,1.0,1,1.0
91,41,530.000,440.000,5.000,5.000,1.0,1,1.0
92,41,530.000,440.000,5.000,5.000,1.0,1,1.0
93,41,530.000,439.000,5.000,6.000,1.0,1,1.0
94,41,530.000,439.000,5.000,6.000,1.0,1,1.0
95,41,530.000,440.000,5.000,5.000,1.0,1,1.0
96,41,530.000,439.000,5.000,6.000,1.0,1,1.0
97,41,530.000,440.000,5.000,5.000,1.0,1,1.0
98,41,530.000,440.000,5.000,5.000,1.0,1,1.0
99,41,530.000,440.000,5.000,5.000,1.0,1,1.0
100,41,530.000,440.000,5.000,5.000,1.0,1,1.0
101,41,530.000,440.000,5.000,5.000,1.0,1,1.0
102,41,530.000,440.000,5.000,5.000,1.0,1,1.0
103,41,530.000,439.000,5.000,6.000,1.0,1,1.0
104,41,530.000,440.000,5.000,5.000,1.0,1,1.0
105,41,530.000,440.000,5.000,5.000,1.0,1,1.0
106,41,530.000,440.000,5.000,5.000,1.0,1,1.0
107,41,529.000,440.000,5.000,5.000,1.0,1,1.0
108,41,528.000,441.000,5.000,4.000,1.0,1,1.0
109,41,526.000,441.000,6.000,4.000,1.0,1,1.0
110,41,526.000,440.000,5.000,5.000,1.0,1,1.0
111,41,525.000,440.000,5.000,5.000,1.0,1,1.0
112,41,524.000,440.000,6.000,5.000,1.0,1,1.0
113,41,523.000,440.000,6.000,5.000,1.0,1,1.0
114,41,523.000,440.000,6.000,5.000,1.0,1,1.0
115,41,523.000,440.000,6.000,5.000,1.0,1,1.0
116,41,523.000,440.000,6.000,5.000,1.0,1,1.0
117,41,524.000,440.000,4.000,4.000,1.0,1,1.0
118,41,524.000,440.000,5.000,4.000,1.0,1,1.0
119,41,524.000,440.000,5.000,5.000,1.0,1,1.0
120,41,524.000,440.000,5.000,5.000,1.0,1,1.0
121,41,525.000,440.000,5.000,5.000,1.0,1,1.0
122,41,525.000,440.000,6.000,5.000,1.0,1,1.0
123,41,526.000,440.000,6.000,4.000,1.0,1,1.0
124,41,527.000,440.000,6.000,4.000,1.0,1,1.0
125,41,528.000,440.000,7.000,4.000,1.0,1,1.0
126,41,529.000,440.000,8.000,4.000,1.0,1,1.0
127,41,531.000,439.000,7.000,5.000,1.0,1,1.0
128,41,532.000,439.000,7.000,5.000,1.0,1,1.0
129,41,533.000,439.000,7.000,5.000,1.0,1,1.0
130,41,534.000,439.000,7.000,5.000,1.0,1,1.0
131,41,534.000,439.000,7.000,5.000,1.0,1,1.0
132,41,534.000,439.000,7.000,5.000,1.0,1,1.0
133,41,534.000,439.000,7.000,5.000,1.0,1,1.0
134,41,534.000,439.000,7.000,5.000,1.0,1,1.0
135,41,534.000,439.000,7.000,5.000,1.0,1,1.0
136,41,534.000,439.000,7.000,5.000,1.0,1,1.0
137,41,534.000,439.000,7.000,5.000,1.0,1,1.0
138,41,534.000,439.000,7.000,5.000,1.0,1,1.0
139,41,534.000,439.000,7.000,5.000,1.0,1,1.0
140,41,534.000,440.000,6.000,4.000,1.0,1,1.0
141,41,534.000,440.000,5.000,4.000,1.0,1,1.0
142,41,534.000,440.000,4.000,4.000,1.0,1,1.0
143,41,533.000,440.000,5.000,4.000,1.0,1,1.0
144,41,533.000,440.000,5.000,4.000,1.0,1,1.0
145,41,533.000,440.000,5.000,4.000,1.0,1,1.0
146,41,533.000,440.000,5.000,4.000,1.0,1,1.0
147,41,533.000,440.000,5.000,4.000,1.0,1,1.0
148,41,533.000,440.000,5.000,4.000,1.0,1,1.0
149,41,533.000,439.000,5.000,5.000,1.0,1,1.0
150,41,532.000,439.000,5.000,5.000,1.0,1,1.0
151,41,530.000,440.000,6.000,5.000,1.0,1,1.0
152,41,529.000,440.000,6.000,5.000,1.0,1,1.0
153,41,527.000,440.000,7.000,5.000,1.0,1,1.0
154,41,526.000,440.000,6.000,5.000,1.0,1,1.0
155,41,525.000,440.000,6.000,5.000,1.0,1,1.0
156,41,525.000,440.000,5.000,5.000,1.0,1,1.0
157,41,525.000,440.000,6.000,5.000,1.0,1,1.0
158,41,525.000,440.000,5.000,5.000,1.0,1,1.0
159,41,526.000,440.000,5.000,5.000,1.0,1,1.0
160,41,527.000,440.000,4.000,5.000,1.0,1,1.0
161,41,527.000,440.000,5.000,5.000,1.0,1,1.0
162,41,528.000,440.000,5.000,5.000,1.0,1,1.0
163,41,529.000,440.000,5.000,5.000,1.0,1,1.0
164,41,529.000,440.000,6.000,4.000,1.0,1,1.0
165,41,530.000,440.000,6.000,5.000,1.0,1,1.0
166,41,531.000,440.000,6.000,5.000,1.0,1,1.0
167,41,532.000,440.000,6.000,5.000,1.0,1,1.0
168,41,534.000,440.000,6.000,4.000,1.0,1,1.0
169,41,535.000,440.000,6.000,5.000,1.0,1,1.0
170,41,537.000,440.000,6.000,4.000,1.0,1,1.0
171,41,538.000,440.000,6.000,4.000,1.0,1,1.0
172,41,540.000,440.000,7.000,4.000,1.0,1,1.0
173,41,542.000,440.000,6.000,4.000,1.0,1,1.0
174,41,543.000,440.000,6.000,5.000,1.0,1,1.0
175,41,544.000,440.000,5.000,5.000,1.0,1,1.0
176,41,544.000,440.000,5.000,4.000,1.0,1,1.0
177,41,544.000,441.000,5.000,4.000,1.0,1,1.0
178,41,543.000,441.000,5.000,4.000,1.0,1,1.0
179,41,543.000,441.000,5.000,4.000,1.0,1,1.0
180,41,543.000,441.000,4.000,5.000,1.0,1,1.0
181,41,542.000,441.000,5.000,5.000,1.0,1,1.0
182,41,543.000,441.000,4.000,5.000,1.0,1,1.0
183,41,543.000,441.000,4.000,4.000,1.0,1,1.0
184,41,543.000,441.000,5.000,5.000,1.0,1,1.0
185,41,544.000,441.000,4.000,5.000,1.0,1,1.0
186,41,544.000,441.000,5.000,5.000,1.0,1,1.0
187,41,546.000,441.000,5.000,5.000,1.0,1,1.0
188,41,547.000,440.000,5.000,5.000,1.0,1,1.0
189,41,548.000,440.000,5.000,6.000,1.0,1,1.0
190,41,548.000,440.000,7.000,6.000,1.0,1,1.0
191,41,549.000,440.000,6.000,7.000,1.0,1,1.0
192,41,550.000,441.000,7.000,6.000,1.0,1,1.0
193,41,551.000,442.000,6.000,6.000,1.0,1,1.0
194,41,551.000,441.000,7.000,6.000,1.0,1,1.0
195,41,552.000,440.000,5.000,6.000,1.0,1,1.0
196,41,552.000,441.000,4.000,5.000,1.0,1,1.0
197,41,551.000,442.000,5.000,5.000,1.0,1,1.0
198,41,550.000,442.000,5.000,5.000,1.0,1,1.0
199,41,550.000,442.000,5.000,5.000,1.0,1,1.0
200,41,549.000,442.000,5.000,6.000,1.0,1,1.0
201,41,549.000,442.000,5.000,6.000,1.0,1,1.0
202,41,549.000,442.000,5.000,6.000,1.0,1,1.0
203,41,549.000,442.000,5.000,6.000,1.0,1,1.0
204,41,549.000,442.000,5.000,6.000,1.0,1,1.0
205,41,549.000,442.000,5.000,6.000,1.0,1,1.0
206,41,549.000,444.000,6.000,5.000,1.0,1,1.0
207,41,549.000,444.000,6.000,5.000,1.0,1,1.0
208,41,545.000,428.000,7.000,8.000,1.0,1,1.0
209,41,523.000,392.000,5.000,9.000,1.0,1,1.0
210,41,525.000,360.000,5.000,8.000,1.0,1,1.0
211,41,545.000,335.000,6.000,8.000,1.0,1,1.0
212,41,551.000,331.000,5.000,8.000,1.0,1,1.0
213,41,551.000,330.000,5.000,8.000,1.0,1,1.0
214,41,551.000,330.000,5.000,8.000,1.0,1,1.0
215,41,551.000,330.000,5.000,8.000,1.0,1,1.0
216,41,552.000,329.000,5.000,9.000,1.0,1,1.0
217,41,552.000,328.000,5.000,8.000,1.0,1,1.0
218,41,552.000,327.000,5.000,8.000,1.0,1,1.0
219,41,552.000,325.000,5.000,9.000,1.0,1,1.0
220,41,553.000,324.000,4.000,9.000,1.0,1,1.0
221,41,552.000,323.000,5.000,8.000,1.0,1,1.0
222,41,553.000,322.000,5.000,8.000,1.0,1,1.0
223,41,553.000,321.000,5.000,7.000,1.0,1,1.0
224,41,554.000,320.000,4.000,7.000,1.0,1,1.0
225,41,553.000,319.000,5.000,8.000,1.0,1,1.0
226,41,553.000,319.000,5.000,8.000,1.0,1,1.0
227,41,554.000,319.000,4.000,8.000,1.0,1,1.0
228,41,554.000,319.000,4.000,8.000,1.0,1,1.0
229,41,554.000,319.000,4.000,8.000,1.0,1,1.0
230,41,554.000,319.000,5.000,8.000,1.0,1,1.0
231,41,554.000,319.000,4.000,8.000,1.0,1,1.0
232,41,554.000,319.000,5.000,8.000,1.0,1,1.0
233,41,554.000,319.000,5.000,8.000,1.0,1,1.0
234,41,554.000,319.000,5.000,8.000,1.0,1,1.0
235,41,554.000,319.000,5.000,8.000,1.0,1,1.0
236,41,554.000,319.000,4.000,8.000,1.0,1,1.0
237,41,553.000,319.000,5.000,8.000,1.0,1,1.0
238,41,554.000,319.000,4.000,8.000,1.0,1,1.0
239,41,553.000,319.000,5.000,7.000,1.0,1,1.0
240,41,553.000,319.000,5.000,8.000,1.0,1,1.0
241,41,553.000,319.000,5.000,8.000,1.0,1,1.0
242,41,553.000,319.000,5.000,8.000,1.0,1,1.0
243,41,553.000,320.000,5.000,7.000,1.0,1,1.0
244,41,554.000,320.000,4.000,7.000,1.0,1,1.0
245,41,554.000,320.000,4.000,8.000,1.0,1,1.0
246,41,553.000,319.000,5.000,8.000,1.0,1,1.0
247,41,553.000,319.000,5.000,8.000,1.0,1,1.0
248,41,554.000,319.000,4.000,9.000,1.0,1,1.0
249,41,554.000,319.000,4.000,9.000,1.0,1,1.0
250,41,553.000,319.000,5.000,8.000,1.0,1,1.0
251,41,553.000,319.000,5.000,8.000,1.0,1,1.0
252,41,554.000,319.000,4.000,9.000,1.0,1,1.0
253,41,554.000,319.000,4.000,9.000,1.0,1,1.0
254,41,553.000,319.000,5.000,8.000,1.0,1,1.0
255,41,554.000,319.000,4.000,8.000,1.0,1,1.0
256,41,554.000,319.000,5.000,8.000,1.0,1,1.0
257,41,554.000,319.000,5.000,8.000,1.0,1,1.0
258,41,554.000,319.000,4.000,8.000,1.0,1,1.0
259,41,554.000,319.000,4.000,9.000,1.0,1,1.0
260,41,554.000,319.000,4.000,9.000,1.0,1,1.0
261,41,553.000,319.000,5.000,7.000,1.0,1,1.0
262,41,553.000,319.000,5.000,8.000,1.0,1,1.0
263,41,553.000,319.000,5.000,9.000,1.0,1,1.0
264,41,553.000,319.000,5.000,9.000,1.0,1,1.0
265,41,553.000,319.000,5.000,8.000,1.0,1,1.0
266,41,553.000,319.000,5.000,9.000,1.0,1,1.0
267,41,554.000,319.000,4.000,9.000,1.0,1,1.0
268,41,554.000,319.000,4.000,8.000,1.0,1,1.0
269,41,553.000,319.000,5.000,8.000,1.0,1,1.0
270,41,553.000,319.000,5.000,8.000,1.0,1,1.0
271,41,554.000,319.000,4.000,8.000,1.0,1,1.0
272,41,553.000,319.000,5.000,8.000,1.0,1,1.0
273,41,553.000,319.000,5.000,8.000,1.0,1,1.0
274,41,554.000,319.000,4.000,8.000,1.0,1,1.0
275,41,554.000,319.000,4.000,8.000,1.0,1,1.0
276,41,553.000,319.000,5.000,8.000,1.0,1,1.0
277,41,553.000,319.000,5.000,8.000,1.0,1,1.0
278,41,553.000,319.000,5.000,8.000,1.0,1,1.0
279,41,553.000,319.000,5.000,8.000,1.0,1,1.0
280,41,553.000,319.000,5.000,8.000,1.0,1,1.0
281,41,554.000,319.000,4.000,8.000,1.0,1,1.0
282,41,553.000,319.000,5.000,8.000,1.0,1,1.0
283,41,553.000,319.000,5.000,8.000,1.0,1,1.0
284,41,553.000,319.000,5.000,8.000,1.0,1,1.0
285,41,554.000,319.000,4.000,8.000,1.0,1,1.0
286,41,553.000,319.000,5.000,8.000,1.0,1,1.0
287,41,553.000,319.000,5.000,8.000,1.0,1,1.0
288,41,553.000,319.000,5.000,8.000,1.0,1,1.0
289,41,553.000,319.000,5.000,8.000,1.0,1,1.0
290,41,553.000,319.000,5.000,8.000,1.0,1,1.0
291,41,553.000,319.000,5.000,8.000,1.0,1,1.0
292,41,553.000,319.000,5.000,8.000,1.0,1,1.0
293,41,553.000,319.000,5.000,8.000,1.0,1,1.0
294,41,554.000,319.000,4.000,8.000,1.0,1,1.0
295,41,553.000,319.000,5.000,8.000,1.0,1,1.0
296,41,554.000,319.000,4.000,8.000,1.0,1,1.0
297,41,554.000,319.000,4.000,8.000,1.0,1,1.0
298,41,554.000,319.000,4.000,8.000,1.0,1,1.0
299,41,553.000,319.000,5.000,8.000,1.0,1,1.0
300,41,554.000,319.000,4.000,8.000,1.0,1,1.0
301,41,553.000,319.000,5.000,8.000,1.0,1,1.0
302,41,553.000,319.000,5.000,8.000,1.0,1,1.0
303,41,553.000,319.000,5.000,8.000,1.0,1,1.0
304,41,553.000,319.000,5.000,8.000,1.0,1,1.0
305,41,553.000,319.000,5.000,8.000,1.0,1,1.0
306,41,553.000,319.000,5.000,8.000,1.0,1,1.0
307,41,553.000,319.000,5.000,9.000,1.0,1,1.0
308,41,553.000,319.000,5.000,8.000,1.0,1,1.0
309,41,553.000,319.000,5.000,9.000,1.0,1,1.0
310,41,553.000,319.000,5.000,8.000,1.0,1,1.0
311,41,553.000,319.000,5.000,8.000,1.0,1,1.0
312,41,553.000,319.000,5.000,8.000,1.0,1,1.0
313,41,553.000,319.000,5.000,8.000,1.0,1,1.0
314,41,553.000,319.000,5.000,8.000,1.0,1,1.0
315,41,553.000,319.000,6.000,8.000,1.0,1,1.0
316,41,553.000,319.000,5.000,8.000,1.0,1,1.0
317,41,553.000,319.000,6.000,8.000,1.0,1,1.0
318,41,553.000,319.000,6.000,8.000,1.0,1,1.0
319,41,553.000,319.000,5.000,8.000,1.0,1,1.0
320,41,553.000,319.000,6.000,8.000,1.0,1,1.0
321,41,553.000,319.000,5.000,8.000,1.0,1,1.0
322,41,553.000,319.000,5.000,8.000,1.0,1,1.0
323,41,553.000,319.000,6.000,8.000,1.0,1,1.0
324,41,553.000,319.000,5.000,8.000,1.0,1,1.0
325,41,553.000,319.000,6.000,8.000,1.0,1,1.0
326,41,553.000,319.000,6.000,8.000,1.0,1,1.0
327,41,553.000,319.000,6.000,8.000,1.0,1,1.0
328,41,553.000,319.000,6.000,8.000,1.0,1,1.0
329,41,553.000,319.000,6.000,8.000,1.0,1,1.0
330,41,553.000,319.000,6.000,8.000,1.0,1,1.0
331,41,553.000,319.000,6.000,8.000,1.0,1,1.0
332,41,553.000,319.000,6.000,8.000,1.0,1,1.0
333,41,553.000,319.000,6.000,8.000,1.0,1,1.0
334,41,553.000,319.000,6.000,8.000,1.0,1,1.0
335,41,553.000,319.000,6.000,8.000,1.0,1,1.0
336,41,553.000,319.000,6.000,8.000,1.0,1,1.0
337,41,553.000,319.000,5.000,9.000,1.0,1,1.0
338,41,553.000,319.000,6.000,8.000,1.0,1,1.0
339,41,553.000,319.000,6.000,8.000,1.0,1,1.0
340,41,553.000,319.000,5.000,8.000,1.0,1,1.0
341,41,553.000,319.000,5.000,8.000,1.0,1,1.0
342,41,553.000,319.000,5.000,8.000,1.0,1,1.0
343,41,553.000,319.000,5.000,8.000,1.0,1,1.0
344,41,553.000,319.000,5.000,8.000,1.0,1,1.0
345,41,553.000,319.000,5.000,8.000,1.0,1,1.0
346,41,553.000,319.000,5.000,8.000,1.0,1,1.0
347,41,553.000,319.000,5.000,8.000,1.0,1,1.0
348,41,553.000,319.000,5.000,8.000,1.0,1,1.0
349,41,553.000,319.000,5.000,9.000,1.0,1,1.0
350,41,553.000,319.000,5.000,8.000,1.0,1,1.0
351,41,553.000,319.000,5.000,8.000,1.0,1,1.0
352,41,553.000,319.000,5.000,8.000,1.0,1,1.0
353,41,553.000,319.000,5.000,8.000,1.0,1,1.0
354,41,553.000,319.000,5.000,8.000,1.0,1,1.0
355,41,553.000,319.000,5.000,8.000,1.0,1,1.0
356,41,553.000,319.000,5.000,8.000,1.0,1,1.0
357,41,553.000,319.000,5.000,8.000,1.0,1,1.0
358,41,553.000,319.000,5.000,8.000,1.0,1,1.0
359,41,553.000,319.000,5.000,8.000,1.0,1,1.0
360,41,553.000,319.000,5.000,8.000,1.0,1,1.0
361,41,553.000,319.000,5.000,8.000,1.0,1,1.0
362,41,553.000,319.000,5.000,8.000,1.0,1,1.0
363,41,553.000,319.000,5.000,8.000,1.0,1,1.0
