1,24,423.000,328.000,6.000,8.000,1.0,1,1.0
2,24,406.000,293.000,6.000,7.000,1.0,1,1.0
3,24,404.000,287.000,6.000,5.000,1.0,1,1.0
4,24,405.000,296.000,5.000,8.000,1.0,1,1.0
5,24,412.000,317.000,9.000,6.000,1.0,1,1.0
6,24,441.000,321.000,12.000,5.000,1.0,1,1.0
7,24,471.000,309.000,5.000,7.000,1.0,1,1.0
8,24,472.000,307.000,5.000,9.000,1.0,1,1.0
9,24,473.000,305.000,4.000,9.000,1.0,1,1.0
10,24,473.000,302.000,4.000,9.000,1.0,1,1.0
11,24,473.000,299.000,5.000,9.000,1.0,1,1.0
12,24,473.000,298.000,4.000,9.000,1.0,1,1.0
13,24,474.000,297.000,4.000,9.000,1.0,1,1.0
14,24,474.000,297.000,4.000,9.000,1.0,1,1.0
15,24,474.000,296.000,4.000,9.000,1.0,1,1.0
16,24,473.000,294.000,4.000,8.000,1.0,1,1.0
17,24,471.000,291.000,5.000,8.000,1.0,1,1.0
18,24,469.000,290.000,6.000,6.000,1.0,1,1.0
19,24,467.000,288.000,7.000,6.000,1.0,1,1.0
20,24,465.000,287.000,7.000,6.000,1.0,1,1.0
21,24,464.000,286.000,7.000,6.000,1.0,1,1.0
22,24,464.000,285.000,6.000,6.000,1.0,1,1.0
23,24,463.000,285.000,7.000,5.000,1.0,1,1.0
24,24,463.000,285.000,7.000,5.000,1.0,1,1.0
25,24,434.000,271.000,11.000,7.000,1.0,1,1.0
26,24,425.000,261.000,7.000,5.000,1.0,1,1.0
27,24,425.000,282.000,7.000,7.000,1.0,1,1.0
28,24,440.000,308.000,8.000,9.000,1.0,1,1.0
29,24,441.000,325.000,4.000,8.000,1.0,1,1.0
30,24,440.000,323.000,4.000,8.000,1.0,1,1.0
31,24,439.000,320.000,4.000,8.000,1.0,1,1.0
32,24,438.000,317.000,5.000,8.000,1.0,1,1.0
33,24,437.000,314.000,5.000,8.000,1.0,1,1.0
34,24,437.000,312.000,4.000,9.000,1.0,1,1.0
35,24,436.000,311.000,4.000,9.000,1.0,1,1.0
36,24,436.000,311.000,5.000,8.000,1.0,1,1.0
37,24,436.000,311.000,5.000,8.000,1.0,1,1.0
38,24,436.000,311.000,5.000,8.000,1.0,1,1.0
39,24,434.000,307.000,5.000,8.000,1.0,1,1.0
40,24,428.000,288.000,8.000,7.000,1.0,1,1.0
41,24,406.000,260.000,9.000,7.000,1.0,1,1.0
42,24,409.000,249.000,6.000,5.000,1.0,1,1.0
43,24,412.000,252.000,9.000,8.000,1.0,1,1.0
44,24,408.000,269.000,5.000,6.000,1.0,1,1.0
45,24,412.000,275.000,6.000,6.000,1.0,1,1.0
46,24,412.000,280.000,5.000,6.000,1.0,1,1.0
47,24,412.000,279.000,6.000,7.000,1.0,1,1.0
48,24,413.000,277.000,6.000,7.000,1.0,1,1.0
49,24,414.000,275.000,6.000,7.000,1.0,1,1.0
50,24,415.000,273.000,6.000,7.000,1.0,1,1.0
51,24,417.000,270.000,5.000,8.000,1.0,1,1.0
52,24,418.000,267.000,4.000,7.000,1.0,1,1.0
53,24,418.000,265.000,4.000,8.000,1.0,1,1.0
54,24,418.000,263.000,4.000,9.000,1.0,1,1.0
55,24,418.000,261.000,3.000,9.000,1.0,1,1.0
56,24,417.000,258.000,4.000,8.000,1.0,1,1.0
57,24,416.000,255.000,4.000,8.000,1.0,1,1.0
58,24,416.000,253.000,3.000,8.000,1.0,1,1.0
59,24,415.000,251.000,4.000,8.000,1.0,1,1.0
60,24,415.000,250.000,4.000,8.000,1.0,1,1.0
61,24,415.000,249.000,3.000,8.000,1.0,1,1.0
62,24,414.000,246.000,4.000,9.000,1.0,1,1.0
63,24,414.000,243.000,3.000,9.000,1.0,1,1.0
64,24,414.000,239.000,3.000,9.000,1.0,1,1.0
65,24,414.000,235.000,3.000,9.000,1.0,1,1.0
66,24,414.000,231.000,3.000,9.000,1.0,1,1.0
67,24,414.000,227.000,4.000,8.000,1.0,1,1.0
68,24,415.000,223.000,4.000,8.000,1.0,1,1.0
69,24,417.000,219.000,3.000,8.000,1.0,1,1.0
70,24,418.000,215.000,4.000,8.000,1.0,1,1.0
71,24,419.000,212.000,5.000,8.000,1.0,1,1.0
72,24,421.000,208.000,4.000,8.000,1.0,1,1.0
73,24,422.000,205.000,5.000,8.000,1.0,1,1.0
74,24,424.000,202.000,5.000,7.000,1.0,1,1.0
75,24,426.000,200.000,5.000,7.000,1.0,1,1.0
76,24,427.000,197.000,6.000,7.000,1.0,1,1.0
77,24,429.000,195.000,6.000,7.000,1.0,1,1.0
78,24,431.000,192.000,6.000,7.000,1.0,1,1.0
79,24,433.000,189.000,7.000,7.000,1.0,1,1.0
80,24,435.000,186.000,6.000,6.000,1.0,1,1.0
81,24,437.000,184.000,5.000,6.000,1.0,1,1.0
82,24,437.000,182.000,6.000,7.000,1.0,1,1.0
83,24,439.000,180.000,5.000,6.000,1.0,1,1.0
84,24,440.000,178.000,6.000,7.000,1.0,1,1.0
85,24,441.000,176.000,6.000,7.000,1.0,1,1.0
86,24,442.000,176.000,5.000,6.000,1.0,1,1.0
87,24,442.000,175.000,6.000,7.000,1.0,1,1.0
88,24,442.000,175.000,5.000,7.000,1.0,1,1.0
89,24,442.000,175.000,6.000,7.000,1.0,1,1.0
90,24,443.000,174.000,5.000,7.000,1.0,1,1.0
91,24,447.000,168.000,4.000,7.000,1.0,1,1.0
92,24,459.000,137.000,8.000,9.000,1.0,1,1.0
93,24,467.000,114.000,6.000,5.000,1.0,1,1.0
94,24,466.000,117.000,6.000,4.000,1.0,1,1.0
95,24,471.000,116.000,7.000,5.000,1.0,1,1.0
96,24,470.000,122.000,4.000,8.000,1.0,1,1.0
97,24,465.000,127.000,6.000,5.000,1.0,1,1.0
98,24,465.000,136.000,5.000,10.000,1.0,1,1.0
99,24,461.000,159.000,10.000,7.000,1.0,1,1.0
100,24,418.000,172.000,20.000,6.000,1.0,1,1.0
101,24,412.000,185.000,8.000,5.000,1.0,1,1.0
102,24,405.000,194.000,4.000,6.000,1.0,1,1.0
103,24,405.000,195.000,3.000,7.000,1.0,1,1.0
104,24,404.000,194.000,4.000,7.000,1.0,1,1.0
105,24,406.000,192.000,3.000,7.000,1.0,1,1.0
106,24,406.000,189.000,4.000,8.000,1.0,1,1.0
107,24,406.000,189.000,4.000,8.000,1.0,1,1.0
108,24,406.000,186.000,4.000,8.000,1.0,1,1.0
109,24,407.000,184.000,4.000,8.000,1.0,1,1.0
110,24,407.000,181.000,4.000,7.000,1.0,1,1.0
111,24,408.000,178.000,4.000,8.000,1.0,1,1.0
112,24,408.000,175.000,4.000,8.000,1.0,1,1.0
113,24,409.000,173.000,4.000,8.000,1.0,1,1.0
114,24,409.000,171.000,4.000,8.000,1.0,1,1.0
115,24,409.000,169.000,4.000,8.000,1.0,1,1.0
116,24,410.000,166.000,4.000,8.000,1.0,1,1.0
117,24,410.000,163.000,4.000,7.000,1.0,1,1.0
118,24,411.000,159.000,4.000,8.000,1.0,1,1.0
119,24,411.000,157.000,4.000,8.000,1.0,1,1.0
120,24,411.000,154.000,4.000,8.000,1.0,1,1.0
121,24,412.000,151.000,3.000,8.000,1.0,1,1.0
122,24,412.000,149.000,3.000,8.000,1.0,1,1.0
123,24,413.000,147.000,3.000,8.000,1.0,1,1.0
124,24,413.000,144.000,4.000,8.000,1.0,1,1.0
125,24,414.000,142.000,4.000,7.000,1.0,1,1.0
126,24,415.000,139.000,5.000,7.000,1.0,1,1.0
127,24,417.000,136.000,5.000,7.000,1.0,1,1.0
128,24,419.000,134.000,5.000,6.000,1.0,1,1.0
129,24,421.000,132.000,6.000,6.000,1.0,1,1.0
130,24,423.000,130.000,7.000,5.000,1.0,1,1.0
131,24,426.000,127.000,6.000,6.000,1.0,1,1.0
132,24,429.000,124.000,7.000,6.000,1.0,1,1.0
133,24,431.000,123.000,7.000,5.000,1.0,1,1.0
134,24,434.000,119.000,7.000,6.000,1.0,1,1.0
135,24,436.000,117.000,7.000,5.000,1.0,1,1.0
136,24,439.000,114.000,7.000,6.000,1.0,1,1.0
137,24,441.000,113.000,8.000,5.000,1.0,1,1.0
138,24,444.000,111.000,7.000,5.000,1.0,1,1.0
139,24,447.000,111.000,8.000,4.000,1.0,1,1.0
140,24,450.000,112.000,8.000,3.000,1.0,1,1.0
141,24,452.000,112.000,8.000,3.000,1.0,1,1.0
142,24,455.000,112.000,7.000,4.000,1.0,1,1.0
143,24,457.000,112.000,7.000,4.000,1.0,1,1.0
144,24,459.000,113.000,7.000,3.000,1.0,1,1.0
145,24,461.000,112.000,7.000,4.000,1.0,1,1.0
146,24,463.000,111.000,6.000,4.000,1.0,1,1.0
147,24,464.000,108.000,6.000,6.000,1.0,1,1.0
148,24,466.000,105.000,5.000,6.000,1.0,1,1.0
149,24,467.000,102.000,5.000,7.000,1.0,1,1.0
150,24,468.000,100.000,5.000,7.000,1.0,1,1.0
151,24,469.000,99.000,5.000,6.000,1.0,1,1.0
152,24,471.000,96.000,4.000,7.000,1.0,1,1.0
153,24,472.000,94.000,4.000,7.000,1.0,1,1.0
154,24,472.000,93.000,4.000,5.000,1.0,1,1.0
155,24,473.000,91.000,4.000,5.000,1.0,1,1.0
156,24,474.000,88.000,3.000,6.000,1.0,1,1.0
157,24,474.000,86.000,3.000,6.000,1.0,1,1.0
158,24,474.000,82.000,3.000,6.000,1.0,1,1.0
159,24,474.000,80.000,4.000,6.000,1.0,1,1.0
160,24,474.000,78.000,3.000,6.000,1.0,1,1.0
161,24,474.000,74.000,3.000,7.000,1.0,1,1.0
162,24,473.000,69.000,4.000,8.000,1.0,1,1.0
163,24,473.000,67.000,3.000,7.000,1.0,1,1.0
164,24,473.000,63.000,3.000,8.000,1.0,1,1.0
165,24,473.000,59.000,4.000,8.000,1.0,1,1.0
166,24,473.000,56.000,4.000,8.000,1.0,1,1.0
167,24,473.000,52.000,4.000,7.000,1.0,1,1.0
168,24,473.000,48.000,4.000,7.000,1.0,1,1.0
169,24,473.000,43.000,5.000,9.000,1.0,1,1.0
170,24,473.000,40.000,5.000,9.000,1.0,1,1.0
171,24,473.000,36.000,5.000,11.000,1.0,1,1.0
172,24,473.000,35.000,6.000,9.000,1.0,1,1.0
173,24,473.000,34.000,6.000,10.000,1.0,1,1.0
174,24,472.000,32.000,7.000,12.000,1.0,1,1.0
175,24,472.000,31.000,8.000,11.000,1.0,1,1.0
176,24,472.000,31.000,7.000,11.000,1.0,1,1.0
177,24,471.000,31.000,9.000,11.000,1.0,1,1.0
178,24,472.000,31.000,8.000,11.000,1.0,1,1.0
179,24,472.000,31.000,7.000,11.000,1.0,1,1.0
180,24,472.000,32.000,7.000,10.000,1.0,1,1.0
181,24,472.000,31.000,6.000,10.000,1.0,1,1.0
182,24,472.000,31.000,6.000,10.000,1.0,1,1.0
183,24,471.000,30.000,8.000,11.000,1.0,1,1.0
184,24,471.000,30.000,8.000,11.000,1.0,1,1.0
185,24,471.000,30.000,8.000,11.000,1.0,1,1.0
186,24,472.000,30.000,6.000,10.000,1.0,1,1.0
195,24,458.000,43.000,7.000,7.000,1.0,1,1.0
196,24,464.000,53.000,4.000,4.000,1.0,1,1.0
197,24,461.000,57.000,5.000,5.000,1.0,1,1.0
198,24,463.000,78.000,4.000,12.000,1.0,1,1.0
199,24,467.000,123.000,8.000,7.000,1.0,1,1.0
200,24,443.000,141.000,7.000,10.000,1.0,1,1.0
202,24,467.000,211.000,5.000,7.000,1.0,1,1.0
203,24,465.000,222.000,7.000,5.000,1.0,1,1.0
204,24,472.000,228.000,4.000,8.000,1.0,1,1.0
205,24,472.000,228.000,4.000,8.000,1.0,1,1.0
206,24,472.000,227.000,4.000,8.000,1.0,1,1.0
207,24,472.000,225.000,4.000,8.000,1.0,1,1.0
208,24,472.000,222.000,4.000,9.000,1.0,1,1.0
209,24,472.000,219.000,4.000,8.000,1.0,1,1.0
210,24,471.000,215.000,5.000,9.000,1.0,1,1.0
211,24,471.000,212.000,4.000,9.000,1.0,1,1.0
212,24,471.000,210.000,4.000,9.000,1.0,1,1.0
213,24,471.000,207.000,4.000,9.000,1.0,1,1.0
214,24,471.000,205.000,4.000,9.000,1.0,1,1.0
215,24,471.000,203.000,4.000,8.000,1.0,1,1.0
216,24,471.000,200.000,4.000,8.000,1.0,1,1.0
217,24,472.000,197.000,3.000,9.000,1.0,1,1.0
218,24,471.000,195.000,4.000,8.000,1.0,1,1.0
219,24,472.000,192.000,3.000,8.000,1.0,1,1.0
220,24,471.000,189.000,4.000,8.000,1.0,1,1.0
221,24,472.000,186.000,4.000,8.000,1.0,1,1.0
222,24,472.000,182.000,4.000,9.000,1.0,1,1.0
223,24,472.000,179.000,4.000,8.000,1.0,1,1.0
224,24,471.000,176.000,4.000,8.000,1.0,1,1.0
225,24,471.000,173.000,4.000,8.000,1.0,1,1.0
226,24,470.000,171.000,4.000,8.000,1.0,1,1.0
227,24,469.000,168.000,5.000,9.000,1.0,1,1.0
228,24,468.000,165.000,5.000,8.000,1.0,1,1.0
229,24,468.000,162.000,4.000,7.000,1.0,1,1.0
230,24,466.000,159.000,5.000,7.000,1.0,1,1.0
231,24,465.000,156.000,5.000,7.000,1.0,1,1.0
232,24,463.000,153.000,5.000,8.000,1.0,1,1.0
233,24,461.000,150.000,5.000,8.000,1.0,1,1.0
234,24,459.000,147.000,5.000,7.000,1.0,1,1.0
235,24,457.000,144.000,5.000,6.000,1.0,1,1.0
236,24,454.000,140.000,6.000,7.000,1.0,1,1.0
237,24,452.000,137.000,6.000,7.000,1.0,1,1.0
238,24,450.000,134.000,6.000,7.000,1.0,1,1.0
239,24,447.000,131.000,7.000,7.000,1.0,1,1.0
240,24,444.000,128.000,7.000,7.000,1.0,1,1.0
241,24,442.000,126.000,7.000,6.000,1.0,1,1.0
242,24,440.000,124.000,7.000,6.000,1.0,1,1.0
243,24,436.000,121.000,8.000,6.000,1.0,1,1.0
244,24,433.000,118.000,8.000,7.000,1.0,1,1.0
245,24,430.000,116.000,7.000,6.000,1.0,1,1.0
246,24,428.000,114.000,7.000,6.000,1.0,1,1.0
247,24,426.000,112.000,8.000,6.000,1.0,1,1.0
248,24,424.000,110.000,7.000,6.000,1.0,1,1.0
249,24,422.000,108.000,7.000,6.000,1.0,1,1.0
250,24,419.000,106.000,7.000,5.000,1.0,1,1.0
251,24,416.000,104.000,7.000,5.000,1.0,1,1.0
252,24,414.000,102.000,7.000,5.000,1.0,1,1.0
253,24,412.000,100.000,6.000,5.000,1.0,1,1.0
254,24,410.000,99.000,7.000,5.000,1.0,1,1.0
255,24,408.000,98.000,6.000,5.000,1.0,1,1.0
256,24,407.000,97.000,6.000,5.000,1.0,1,1.0
257,24,406.000,95.000,6.000,5.000,1.0,1,1.0
258,24,406.000,94.000,5.000,5.000,1.0,1,1.0
259,24,405.000,93.000,6.000,5.000,1.0,1,1.0
260,24,405.000,91.000,4.000,5.000,1.0,1,1.0
261,24,405.000,88.000,4.000,6.000,1.0,1,1.0
262,24,405.000,85.000,3.000,6.000,1.0,1,1.0
263,24,404.000,82.000,4.000,7.000,1.0,1,1.0
264,24,404.000,78.000,4.000,8.000,1.0,1,1.0
265,24,404.000,74.000,4.000,7.000,1.0,1,1.0
266,24,404.000,70.000,3.000,8.000,1.0,1,1.0
267,24,404.000,66.000,3.000,8.000,1.0,1,1.0
268,24,404.000,63.000,3.000,7.000,1.0,1,1.0
269,24,404.000,58.000,3.000,8.000,1.0,1,1.0
270,24,404.000,54.000,3.000,8.000,1.0,1,1.0
271,24,404.000,51.000,3.000,7.000,1.0,1,1.0
272,24,404.000,47.000,3.000,7.000,1.0,1,1.0
273,24,403.000,42.000,4.000,8.000,1.0,1,1.0
274,24,401.000,33.000,8.000,9.000,1.0,1,1.0
275,24,400.000,35.000,9.000,9.000,1.0,1,1.0
276,24,401.000,36.000,8.000,9.000,1.0,1,1.0
277,24,402.000,36.000,7.000,9.000,1.0,1,1.0
278,24,402.000,36.000,7.000,8.000,1.0,1,1.0
279,24,402.000,36.000,6.000,8.000,1.0,1,1.0
281,24,403.000,37.000,6.000,8.000,1.0,1,1.0
283,24,406.000,41.000,5.000,5.000,1.0,1,1.0
284,24,407.000,42.000,5.000,5.000,1.0,1,1.0
285,24,409.000,44.000,4.000,5.000,1.0,1,1.0
286,24,409.000,45.000,6.000,6.000,1.0,1,1.0
287,24,411.000,48.000,5.000,7.000,1.0,1,1.0
288,24,413.000,51.000,5.000,6.000,1.0,1,1.0
289,24,413.000,53.000,5.000,7.000,1.0,1,1.0
290,24,414.000,56.000,5.000,8.000,1.0,1,1.0
291,24,415.000,60.000,5.000,8.000,1.0,1,1.0
292,24,416.000,63.000,5.000,8.000,1.0,1,1.0
293,24,417.000,66.000,4.000,9.000,1.0,1,1.0
294,24,417.000,70.000,4.000,8.000,1.0,1,1.0
295,24,418.000,74.000,4.000,8.000,1.0,1,1.0
296,24,418.000,77.000,4.000,9.000,1.0,1,1.0
297,24,418.000,81.000,4.000,9.000,1.0,1,1.0
298,24,419.000,84.000,3.000,9.000,1.0,1,1.0
299,24,419.000,88.000,4.000,8.000,1.0,1,1.0
300,24,419.000,92.000,3.000,8.000,1.0,1,1.0
301,24,420.000,96.000,3.000,8.000,1.0,1,1.0
302,24,419.000,99.000,4.000,10.000,1.0,1,1.0
303,24,420.000,103.000,3.000,9.000,1.0,1,1.0
304,24,420.000,106.000,3.000,10.000,1.0,1,1.0
305,24,420.000,110.000,4.000,9.000,1.0,1,1.0
306,24,421.000,113.000,3.000,9.000,1.0,1,1.0
307,24,421.000,117.000,5.000,8.000,1.0,1,1.0
308,24,423.000,119.000,5.000,9.000,1.0,1,1.0
309,24,425.000,122.000,5.000,9.000,1.0,1,1.0
310,24,427.000,125.000,6.000,8.000,1.0,1,1.0
311,24,429.000,129.000,5.000,8.000,1.0,1,1.0
312,24,430.000,132.000,6.000,8.000,1.0,1,1.0
313,24,432.000,136.000,5.000,8.000,1.0,1,1.0
314,24,433.000,138.000,5.000,8.000,1.0,1,1.0
315,24,433.000,142.000,5.000,7.000,1.0,1,1.0
316,24,434.000,145.000,5.000,7.000,1.0,1,1.0
317,24,435.000,148.000,5.000,8.000,1.0,1,1.0
318,24,436.000,152.000,4.000,8.000,1.0,1,1.0
319,24,435.000,156.000,4.000,8.000,1.0,1,1.0
320,24,435.000,159.000,3.000,8.000,1.0,1,1.0
321,24,434.000,163.000,4.000,8.000,1.0,1,1.0
322,24,433.000,166.000,4.000,8.000,1.0,1,1.0
323,24,431.000,170.000,5.000,8.000,1.0,1,1.0
324,24,430.000,173.000,4.000,8.000,1.0,1,1.0
1,33,578.000,391.000,5.000,6.000,1.0,1,1.0
2,33,578.000,391.000,5.000,6.000,1.0,1,1.0
3,33,577.000,391.000,7.000,5.000,1.0,1,1.0
4,33,579.000,391.000,8.000,5.000,1.0,1,1.0
5,33,581.000,392.000,8.000,4.000,1.0,1,1.0
6,33,583.000,391.000,7.000,5.000,1.0,1,1.0
7,33,584.000,391.000,8.000,5.000,1.0,1,1.0
8,33,584.000,391.000,7.000,5.000,1.0,1,1.0
9,33,583.000,391.000,7.000,4.000,1.0,1,1.0
10,33,584.000,392.000,5.000,3.000,1.0,1,1.0
11,33,584.000,392.000,4.000,4.000,1.0,1,1.0
12,33,584.000,392.000,3.000,4.000,1.0,1,1.0
13,33,584.000,392.000,3.000,4.000,1.0,1,1.0
14,33,584.000,392.000,3.000,4.000,1.0,1,1.0
15,33,582.000,375.000,6.000,4.000,1.0,1,1.0
16,33,580.000,371.000,4.000,5.000,1.0,1,1.0
17,33,576.000,371.000,4.000,8.000,1.0,1,1.0
18,33,577.000,371.000,3.000,8.000,1.0,1,1.0
19,33,579.000,370.000,4.000,8.000,1.0,1,1.0
20,33,581.000,369.000,3.000,7.000,1.0,1,1.0
21,33,581.000,367.000,4.000,8.000,1.0,1,1.0
22,33,583.000,364.000,3.000,8.000,1.0,1,1.0
23,33,585.000,360.000,3.000,8.000,1.0,1,1.0
24,33,585.000,356.000,4.000,7.000,1.0,1,1.0
25,33,586.000,352.000,3.000,8.000,1.0,1,1.0
26,33,586.000,348.000,3.000,8.000,1.0,1,1.0
27,33,586.000,344.000,3.000,8.000,1.0,1,1.0
28,33,586.000,340.000,3.000,8.000,1.0,1,1.0
29,33,584.000,336.000,5.000,8.000,1.0,1,1.0
30,33,582.000,334.000,5.000,7.000,1.0,1,1.0
31,33,579.000,331.000,6.000,8.000,1.0,1,1.0
32,33,577.000,329.000,6.000,8.000,1.0,1,1.0
33,33,575.000,326.000,6.000,8.000,1.0,1,1.0
34,33,577.000,322.000,3.000,9.000,1.0,1,1.0
35,33,578.000,319.000,3.000,8.000,1.0,1,1.0
36,33,579.000,316.000,4.000,7.000,1.0,1,1.0
37,33,581.000,312.000,3.000,8.000,1.0,1,1.0
38,33,582.000,309.000,4.000,8.000,1.0,1,1.0
39,33,584.000,307.000,4.000,7.000,1.0,1,1.0
40,33,586.000,304.000,4.000,6.000,1.0,1,1.0
41,33,587.000,300.000,5.000,8.000,1.0,1,1.0
42,33,589.000,298.000,5.000,6.000,1.0,1,1.0
43,33,591.000,294.000,4.000,7.000,1.0,1,1.0
44,33,592.000,291.000,5.000,7.000,1.0,1,1.0
45,33,594.000,288.000,4.000,6.000,1.0,1,1.0
46,33,595.000,285.000,5.000,7.000,1.0,1,1.0
47,33,597.000,282.000,4.000,7.000,1.0,1,1.0
48,33,598.000,279.000,5.000,7.000,1.0,1,1.0
49,33,600.000,277.000,4.000,7.000,1.0,1,1.0
50,33,601.000,274.000,4.000,7.000,1.0,1,1.0
51,33,602.000,271.000,4.000,8.000,1.0,1,1.0
52,33,603.000,269.000,4.000,7.000,1.0,1,1.0
53,33,604.000,266.000,3.000,6.000,1.0,1,1.0
54,33,605.000,262.000,3.000,8.000,1.0,1,1.0
55,33,605.000,259.000,3.000,7.000,1.0,1,1.0
56,33,605.000,255.000,4.000,8.000,1.0,1,1.0
57,33,605.000,252.000,4.000,7.000,1.0,1,1.0
58,33,605.000,248.000,4.000,7.000,1.0,1,1.0
59,33,605.000,244.000,4.000,8.000,1.0,1,1.0
60,33,606.000,240.000,3.000,8.000,1.0,1,1.0
61,33,605.000,237.000,4.000,8.000,1.0,1,1.0
62,33,605.000,233.000,4.000,8.000,1.0,1,1.0
63,33,605.000,230.000,4.000,7.000,1.0,1,1.0
64,33,605.000,226.000,4.000,8.000,1.0,1,1.0
65,33,605.000,223.000,4.000,8.000,1.0,1,1.0
66,33,604.000,220.000,4.000,8.000,1.0,1,1.0
67,33,604.000,217.000,3.000,8.000,1.0,1,1.0
68,33,603.000,214.000,4.000,8.000,1.0,1,1.0
69,33,603.000,211.000,3.000,8.000,1.0,1,1.0
70,33,602.000,209.000,3.000,7.000,1.0,1,1.0
71,33,601.000,206.000,4.000,8.000,1.0,1,1.0
72,33,600.000,204.000,4.000,7.000,1.0,1,1.0
73,33,599.000,201.000,3.000,8.000,1.0,1,1.0
74,33,597.000,199.000,4.000,7.000,1.0,1,1.0
75,33,595.000,196.000,5.000,7.000,1.0,1,1.0
76,33,594.000,194.000,5.000,7.000,1.0,1,1.0
77,33,593.000,192.000,4.000,7.000,1.0,1,1.0
78,33,591.000,189.000,5.000,7.000,1.0,1,1.0
79,33,589.000,187.000,5.000,7.000,1.0,1,1.0
80,33,587.000,185.000,6.000,6.000,1.0,1,1.0
81,33,585.000,182.000,6.000,7.000,1.0,1,1.0
82,33,583.000,179.000,6.000,7.000,1.0,1,1.0
83,33,581.000,177.000,6.000,7.000,1.0,1,1.0
84,33,579.000,174.000,6.000,8.000,1.0,1,1.0
85,33,577.000,172.000,6.000,7.000,1.0,1,1.0
86,33,575.000,170.000,6.000,7.000,1.0,1,1.0
87,33,573.000,169.000,6.000,7.000,1.0,1,1.0
88,33,571.000,167.000,6.000,6.000,1.0,1,1.0
89,33,569.000,165.000,6.000,6.000,1.0,1,1.0
90,33,567.000,163.000,6.000,7.000,1.0,1,1.0
91,33,565.000,161.000,6.000,7.000,1.0,1,1.0
92,33,563.000,159.000,6.000,7.000,1.0,1,1.0
93,33,562.000,156.000,6.000,8.000,1.0,1,1.0
94,33,561.000,154.000,5.000,7.000,1.0,1,1.0
95,33,561.000,151.000,4.000,7.000,1.0,1,1.0
96,33,560.000,148.000,4.000,8.000,1.0,1,1.0
97,33,558.000,146.000,5.000,7.000,1.0,1,1.0
98,33,556.000,143.000,5.000,8.000,1.0,1,1.0
99,33,555.000,140.000,4.000,8.000,1.0,1,1.0
100,33,553.000,137.000,5.000,8.000,1.0,1,1.0
101,33,552.000,134.000,4.000,7.000,1.0,1,1.0
102,33,550.000,131.000,4.000,7.000,1.0,1,1.0
103,33,549.000,127.000,4.000,8.000,1.0,1,1.0
104,33,547.000,125.000,5.000,7.000,1.0,1,1.0
105,33,545.000,122.000,6.000,7.000,1.0,1,1.0
106,33,544.000,120.000,5.000,7.000,1.0,1,1.0
107,33,542.000,118.000,5.000,7.000,1.0,1,1.0
108,33,541.000,116.000,4.000,7.000,1.0,1,1.0
109,33,539.000,114.000,5.000,7.000,1.0,1,1.0
110,33,538.000,113.000,4.000,6.000,1.0,1,1.0
111,33,537.000,113.000,4.000,4.000,1.0,1,1.0
112,33,537.000,113.000,3.000,4.000,1.0,1,1.0
113,33,536.000,113.000,3.000,4.000,1.0,1,1.0
114,33,536.000,114.000,3.000,4.000,1.0,1,1.0
115,33,536.000,115.000,2.000,3.000,1.0,1,1.0
116,33,536.000,115.000,2.000,4.000,1.0,1,1.0
117,33,535.000,115.000,3.000,4.000,1.0,1,1.0
118,33,536.000,115.000,3.000,4.000,1.0,1,1.0
119,33,536.000,114.000,4.000,4.000,1.0,1,1.0
120,33,536.000,113.000,5.000,5.000,1.0,1,1.0
121,33,536.000,111.000,6.000,5.000,1.0,1,1.0
122,33,537.000,108.000,5.000,6.000,1.0,1,1.0
123,33,538.000,106.000,5.000,6.000,1.0,1,1.0
124,33,539.000,103.000,6.000,7.000,1.0,1,1.0
125,33,541.000,101.000,5.000,6.000,1.0,1,1.0
126,33,542.000,98.000,6.000,7.000,1.0,1,1.0
127,33,543.000,96.000,6.000,6.000,1.0,1,1.0
128,33,545.000,92.000,5.000,7.000,1.0,1,1.0
129,33,546.000,90.000,5.000,7.000,1.0,1,1.0
130,33,548.000,86.000,6.000,8.000,1.0,1,1.0
131,33,549.000,84.000,6.000,7.000,1.0,1,1.0
132,33,551.000,81.000,5.000,8.000,1.0,1,1.0
133,33,552.000,79.000,5.000,8.000,1.0,1,1.0
134,33,554.000,76.000,4.000,8.000,1.0,1,1.0
135,33,555.000,74.000,5.000,8.000,1.0,1,1.0
136,33,557.000,71.000,5.000,8.000,1.0,1,1.0
137,33,559.000,68.000,4.000,7.000,1.0,1,1.0
138,33,560.000,65.000,5.000,7.000,1.0,1,1.0
139,33,561.000,63.000,6.000,7.000,1.0,1,1.0
143,33,560.000,51.000,6.000,6.000,1.0,1,1.0
144,33,558.000,48.000,6.000,6.000,1.0,1,1.0
145,33,555.000,47.000,7.000,5.000,1.0,1,1.0
146,33,553.000,45.000,6.000,5.000,1.0,1,1.0
147,33,551.000,42.000,6.000,7.000,1.0,1,1.0
148,33,549.000,40.000,6.000,6.000,1.0,1,1.0
149,33,547.000,37.000,6.000,7.000,1.0,1,1.0
150,33,545.000,35.000,6.000,7.000,1.0,1,1.0
151,33,543.000,33.000,7.000,7.000,1.0,1,1.0
152,33,542.000,32.000,7.000,6.000,1.0,1,1.0
153,33,542.000,31.000,6.000,6.000,1.0,1,1.0
1,7,74.000,387.000,6.000,9.000,1.0,1,1.0
2,7,72.000,386.000,6.000,9.000,1.0,1,1.0
3,7,71.000,384.000,5.000,8.000,1.0,1,1.0
4,7,70.000,383.000,5.000,7.000,1.0,1,1.0
5,7,69.000,380.000,5.000,7.000,1.0,1,1.0
6,7,68.000,378.000,4.000,8.000,1.0,1,1.0
7,7,67.000,376.000,5.000,8.000,1.0,1,1.0
8,7,66.000,374.000,5.000,8.000,1.0,1,1.0
9,7,65.000,374.000,5.000,8.000,1.0,1,1.0
10,7,65.000,374.000,5.000,8.000,1.0,1,1.0
11,7,62.000,377.000,8.000,4.000,1.0,1,1.0
12,7,60.000,378.000,8.000,3.000,1.0,1,1.0
13,7,57.000,377.000,9.000,4.000,1.0,1,1.0
14,7,55.000,376.000,8.000,4.000,1.0,1,1.0
15,7,51.000,374.000,9.000,5.000,1.0,1,1.0
16,7,49.000,370.000,8.000,6.000,1.0,1,1.0
17,7,47.000,366.000,8.000,7.000,1.0,1,1.0
18,7,45.000,363.000,7.000,7.000,1.0,1,1.0
19,7,43.000,360.000,6.000,8.000,1.0,1,1.0
20,7,41.000,356.000,6.000,8.000,1.0,1,1.0
21,7,40.000,352.000,5.000,8.000,1.0,1,1.0
22,7,38.000,347.000,5.000,8.000,1.0,1,1.0
23,7,37.000,343.000,4.000,8.000,1.0,1,1.0
24,7,35.000,339.000,5.000,8.000,1.0,1,1.0
25,7,34.000,335.000,5.000,8.000,1.0,1,1.0
26,7,34.000,331.000,4.000,8.000,1.0,1,1.0
27,7,34.000,328.000,4.000,9.000,1.0,1,1.0
28,7,34.000,325.000,3.000,9.000,1.0,1,1.0
29,7,36.000,323.000,4.000,8.000,1.0,1,1.0
30,7,37.000,320.000,5.000,8.000,1.0,1,1.0
31,7,39.000,317.000,5.000,7.000,1.0,1,1.0
32,7,42.000,314.000,5.000,7.000,1.0,1,1.0
33,7,44.000,311.000,6.000,7.000,1.0,1,1.0
34,7,47.000,309.000,6.000,7.000,1.0,1,1.0
35,7,49.000,306.000,6.000,8.000,1.0,1,1.0
36,7,51.000,303.000,6.000,8.000,1.0,1,1.0
37,7,53.000,300.000,5.000,7.000,1.0,1,1.0
38,7,55.000,296.000,5.000,8.000,1.0,1,1.0
39,7,56.000,294.000,6.000,7.000,1.0,1,1.0
40,7,59.000,290.000,5.000,8.000,1.0,1,1.0
41,7,60.000,287.000,5.000,7.000,1.0,1,1.0
42,7,61.000,282.000,4.000,9.000,1.0,1,1.0
43,7,62.000,278.000,4.000,8.000,1.0,1,1.0
44,7,63.000,274.000,4.000,9.000,1.0,1,1.0
45,7,64.000,270.000,4.000,9.000,1.0,1,1.0
46,7,65.000,267.000,4.000,9.000,1.0,1,1.0
47,7,66.000,263.000,4.000,8.000,1.0,1,1.0
48,7,67.000,259.000,4.000,8.000,1.0,1,1.0
49,7,69.000,255.000,3.000,9.000,1.0,1,1.0
50,7,69.000,251.000,4.000,9.000,1.0,1,1.0
51,7,70.000,247.000,4.000,9.000,1.0,1,1.0
52,7,72.000,243.000,3.000,8.000,1.0,1,1.0
53,7,73.000,238.000,3.000,9.000,1.0,1,1.0
54,7,73.000,234.000,4.000,8.000,1.0,1,1.0
55,7,74.000,231.000,3.000,8.000,1.0,1,1.0
56,7,75.000,226.000,3.000,9.000,1.0,1,1.0
57,7,75.000,222.000,3.000,9.000,1.0,1,1.0
58,7,76.000,218.000,3.000,8.000,1.0,1,1.0
59,7,76.000,213.000,3.000,9.000,1.0,1,1.0
60,7,77.000,209.000,2.000,8.000,1.0,1,1.0
61,7,77.000,204.000,3.000,9.000,1.0,1,1.0
62,7,77.000,200.000,3.000,9.000,1.0,1,1.0
63,7,77.000,197.000,3.000,8.000,1.0,1,1.0
64,7,77.000,193.000,3.000,9.000,1.0,1,1.0
65,7,77.000,189.000,3.000,9.000,1.0,1,1.0
66,7,77.000,185.000,3.000,9.000,1.0,1,1.0
67,7,77.000,181.000,3.000,8.000,1.0,1,1.0
68,7,77.000,177.000,3.000,9.000,1.0,1,1.0
69,7,77.000,173.000,3.000,9.000,1.0,1,1.0
70,7,77.000,170.000,3.000,8.000,1.0,1,1.0
71,7,77.000,167.000,3.000,9.000,1.0,1,1.0
72,7,77.000,165.000,3.000,9.000,1.0,1,1.0
73,7,78.000,163.000,2.000,8.000,1.0,1,1.0
74,7,77.000,160.000,3.000,9.000,1.0,1,1.0
75,7,77.000,157.000,3.000,8.000,1.0,1,1.0
76,7,77.000,154.000,3.000,9.000,1.0,1,1.0
77,7,77.000,151.000,3.000,9.000,1.0,1,1.0
78,7,78.000,148.000,3.000,9.000,1.0,1,1.0
79,7,78.000,145.000,3.000,9.000,1.0,1,1.0
80,7,78.000,143.000,3.000,8.000,1.0,1,1.0
81,7,77.000,139.000,4.000,9.000,1.0,1,1.0
82,7,78.000,136.000,4.000,9.000,1.0,1,1.0
83,7,78.000,134.000,3.000,9.000,1.0,1,1.0
84,7,78.000,133.000,3.000,8.000,1.0,1,1.0
85,7,79.000,132.000,3.000,8.000,1.0,1,1.0
86,7,79.000,131.000,3.000,9.000,1.0,1,1.0
87,7,79.000,130.000,3.000,9.000,1.0,1,1.0
88,7,79.000,129.000,3.000,7.000,1.0,1,1.0
89,7,79.000,126.000,3.000,9.000,1.0,1,1.0
90,7,79.000,126.000,4.000,8.000,1.0,1,1.0
91,7,73.000,118.000,8.000,10.000,1.0,1,1.0
92,7,57.000,82.000,7.000,12.000,1.0,1,1.0
96,7,50.000,41.000,7.000,5.000,1.0,1,1.0
97,7,51.000,39.000,8.000,5.000,1.0,1,1.0
98,7,50.000,38.000,8.000,5.000,1.0,1,1.0
99,7,50.000,39.000,8.000,4.000,1.0,1,1.0
100,7,50.000,38.000,8.000,5.000,1.0,1,1.0
101,7,51.000,38.000,6.000,5.000,1.0,1,1.0
102,7,50.000,33.000,6.000,8.000,1.0,1,1.0
103,7,49.000,30.000,6.000,9.000,1.0,1,1.0
104,7,48.000,29.000,6.000,6.000,1.0,1,1.0
1,22,437.000,391.000,8.000,5.000,1.0,1,1.0
2,22,435.000,391.000,8.000,5.000,1.0,1,1.0
3,22,432.000,392.000,9.000,5.000,1.0,1,1.0
4,22,430.000,392.000,8.000,4.000,1.0,1,1.0
5,22,429.000,392.000,8.000,4.000,1.0,1,1.0
6,22,426.000,394.000,6.000,3.000,1.0,1,1.0
7,22,425.000,394.000,7.000,4.000,1.0,1,1.0
8,22,424.000,395.000,6.000,4.000,1.0,1,1.0
9,22,423.000,395.000,7.000,4.000,1.0,1,1.0
10,22,423.000,395.000,7.000,4.000,1.0,1,1.0
11,22,408.000,366.000,4.000,7.000,1.0,1,1.0
12,22,408.000,365.000,4.000,9.000,1.0,1,1.0
13,22,408.000,362.000,4.000,9.000,1.0,1,1.0
14,22,408.000,359.000,4.000,8.000,1.0,1,1.0
15,22,407.000,356.000,5.000,9.000,1.0,1,1.0
16,22,408.000,353.000,4.000,9.000,1.0,1,1.0
17,22,408.000,351.000,5.000,8.000,1.0,1,1.0
18,22,409.000,348.000,5.000,8.000,1.0,1,1.0
19,22,409.000,345.000,4.000,8.000,1.0,1,1.0
20,22,407.000,343.000,5.000,7.000,1.0,1,1.0
21,22,406.000,340.000,4.000,6.000,1.0,1,1.0
22,22,406.000,338.000,3.000,7.000,1.0,1,1.0
23,22,405.000,335.000,4.000,7.000,1.0,1,1.0
24,22,405.000,334.000,4.000,6.000,1.0,1,1.0
25,22,405.000,331.000,4.000,6.000,1.0,1,1.0
26,22,406.000,329.000,4.000,6.000,1.0,1,1.0
27,22,406.000,325.000,4.000,7.000,1.0,1,1.0
28,22,407.000,321.000,4.000,8.000,1.0,1,1.0
29,22,408.000,317.000,4.000,8.000,1.0,1,1.0
30,22,409.000,314.000,3.000,8.000,1.0,1,1.0
31,22,409.000,312.000,5.000,7.000,1.0,1,1.0
32,22,411.000,309.000,4.000,8.000,1.0,1,1.0
33,22,412.000,306.000,5.000,7.000,1.0,1,1.0
34,22,414.000,303.000,4.000,7.000,1.0,1,1.0
35,22,415.000,299.000,4.000,8.000,1.0,1,1.0
36,22,416.000,295.000,4.000,8.000,1.0,1,1.0
37,22,417.000,292.000,4.000,8.000,1.0,1,1.0
38,22,418.000,288.000,4.000,8.000,1.0,1,1.0
39,22,419.000,285.000,4.000,9.000,1.0,1,1.0
40,22,418.000,282.000,4.000,8.000,1.0,1,1.0
41,22,417.000,278.000,3.000,8.000,1.0,1,1.0
42,22,415.000,275.000,4.000,8.000,1.0,1,1.0
43,22,414.000,273.000,4.000,7.000,1.0,1,1.0
44,22,414.000,270.000,4.000,7.000,1.0,1,1.0
45,22,413.000,267.000,4.000,8.000,1.0,1,1.0
46,22,412.000,263.000,4.000,9.000,1.0,1,1.0
47,22,411.000,260.000,4.000,8.000,1.0,1,1.0
48,22,411.000,256.000,4.000,9.000,1.0,1,1.0
49,22,411.000,252.000,4.000,9.000,1.0,1,1.0
50,22,411.000,249.000,4.000,9.000,1.0,1,1.0
51,22,412.000,245.000,3.000,9.000,1.0,1,1.0
52,22,412.000,241.000,3.000,9.000,1.0,1,1.0
53,22,413.000,237.000,3.000,9.000,1.0,1,1.0
54,22,413.000,234.000,3.000,9.000,1.0,1,1.0
55,22,413.000,231.000,4.000,8.000,1.0,1,1.0
56,22,414.000,228.000,4.000,8.000,1.0,1,1.0
57,22,415.000,225.000,3.000,8.000,1.0,1,1.0
58,22,416.000,221.000,3.000,9.000,1.0,1,1.0
59,22,416.000,218.000,3.000,8.000,1.0,1,1.0
60,22,417.000,215.000,3.000,9.000,1.0,1,1.0
61,22,417.000,212.000,3.000,9.000,1.0,1,1.0
62,22,415.000,211.000,4.000,7.000,1.0,1,1.0
63,22,413.000,210.000,5.000,7.000,1.0,1,1.0
64,22,412.000,207.000,4.000,7.000,1.0,1,1.0
65,22,410.000,206.000,4.000,6.000,1.0,1,1.0
66,22,409.000,203.000,4.000,7.000,1.0,1,1.0
67,22,408.000,201.000,3.000,7.000,1.0,1,1.0
68,22,407.000,198.000,3.000,8.000,1.0,1,1.0
69,22,406.000,196.000,4.000,7.000,1.0,1,1.0
70,22,406.000,193.000,3.000,8.000,1.0,1,1.0
71,22,405.000,191.000,3.000,8.000,1.0,1,1.0
72,22,405.000,188.000,3.000,8.000,1.0,1,1.0
73,22,405.000,184.000,3.000,8.000,1.0,1,1.0
74,22,405.000,180.000,3.000,8.000,1.0,1,1.0
75,22,405.000,176.000,3.000,9.000,1.0,1,1.0
76,22,405.000,173.000,3.000,8.000,1.0,1,1.0
77,22,404.000,169.000,4.000,9.000,1.0,1,1.0
78,22,404.000,166.000,4.000,8.000,1.0,1,1.0
79,22,404.000,162.000,4.000,8.000,1.0,1,1.0
80,22,405.000,158.000,3.000,8.000,1.0,1,1.0
81,22,405.000,155.000,3.000,7.000,1.0,1,1.0
82,22,405.000,151.000,3.000,8.000,1.0,1,1.0
83,22,405.000,148.000,3.000,8.000,1.0,1,1.0
84,22,404.000,144.000,3.000,8.000,1.0,1,1.0
85,22,404.000,141.000,3.000,7.000,1.0,1,1.0
86,22,404.000,137.000,4.000,8.000,1.0,1,1.0
87,22,404.000,133.000,4.000,8.000,1.0,1,1.0
88,22,404.000,130.000,3.000,8.000,1.0,1,1.0
89,22,404.000,127.000,4.000,7.000,1.0,1,1.0
90,22,404.000,123.000,3.000,8.000,1.0,1,1.0
91,22,404.000,119.000,4.000,8.000,1.0,1,1.0
92,22,404.000,116.000,3.000,7.000,1.0,1,1.0
93,22,404.000,112.000,4.000,8.000,1.0,1,1.0
94,22,405.000,108.000,3.000,9.000,1.0,1,1.0
95,22,405.000,104.000,3.000,9.000,1.0,1,1.0
96,22,405.000,102.000,4.000,8.000,1.0,1,1.0
97,22,405.000,98.000,4.000,8.000,1.0,1,1.0
98,22,405.000,94.000,3.000,8.000,1.0,1,1.0
99,22,405.000,91.000,3.000,8.000,1.0,1,1.0
100,22,405.000,88.000,3.000,8.000,1.0,1,1.0
101,22,405.000,85.000,3.000,8.000,1.0,1,1.0
102,22,404.000,82.000,4.000,8.000,1.0,1,1.0
103,22,404.000,79.000,3.000,7.000,1.0,1,1.0
104,22,404.000,76.000,3.000,7.000,1.0,1,1.0
105,22,404.000,73.000,3.000,7.000,1.0,1,1.0
106,22,404.000,69.000,3.000,8.000,1.0,1,1.0
107,22,404.000,66.000,3.000,8.000,1.0,1,1.0
108,22,404.000,62.000,3.000,8.000,1.0,1,1.0
109,22,404.000,59.000,3.000,7.000,1.0,1,1.0
110,22,404.000,55.000,3.000,8.000,1.0,1,1.0
111,22,404.000,51.000,3.000,8.000,1.0,1,1.0
112,22,404.000,48.000,3.000,7.000,1.0,1,1.0
113,22,404.000,44.000,3.000,8.000,1.0,1,1.0
114,22,404.000,41.000,3.000,7.000,1.0,1,1.0
115,22,402.000,37.000,6.000,10.000,1.0,1,1.0
116,22,401.000,31.000,9.000,12.000,1.0,1,1.0
1,6,30.000,359.000,4.000,10.000,1.0,1,1.0
2,6,30.000,356.000,5.000,9.000,1.0,1,1.0
3,6,31.000,353.000,4.000,8.000,1.0,1,1.0
4,6,32.000,349.000,4.000,9.000,1.0,1,1.0
5,6,32.000,346.000,5.000,8.000,1.0,1,1.0
6,6,33.000,344.000,4.000,8.000,1.0,1,1.0
7,6,34.000,339.000,4.000,9.000,1.0,1,1.0
8,6,35.000,336.000,5.000,9.000,1.0,1,1.0
9,6,35.000,332.000,5.000,9.000,1.0,1,1.0
10,6,37.000,329.000,5.000,8.000,1.0,1,1.0
11,6,38.000,326.000,5.000,8.000,1.0,1,1.0
12,6,39.000,323.000,5.000,9.000,1.0,1,1.0
13,6,40.000,320.000,6.000,9.000,1.0,1,1.0
14,6,42.000,315.000,6.000,9.000,1.0,1,1.0
15,6,44.000,312.000,6.000,8.000,1.0,1,1.0
16,6,47.000,307.000,6.000,8.000,1.0,1,1.0
17,6,49.000,303.000,7.000,8.000,1.0,1,1.0
18,6,52.000,300.000,6.000,8.000,1.0,1,1.0
19,6,55.000,296.000,6.000,8.000,1.0,1,1.0
20,6,58.000,293.000,6.000,7.000,1.0,1,1.0
21,6,60.000,289.000,6.000,7.000,1.0,1,1.0
22,6,63.000,287.000,6.000,7.000,1.0,1,1.0
23,6,64.000,284.000,6.000,8.000,1.0,1,1.0
24,6,66.000,282.000,6.000,7.000,1.0,1,1.0
25,6,69.000,278.000,5.000,8.000,1.0,1,1.0
26,6,70.000,275.000,5.000,8.000,1.0,1,1.0
27,6,72.000,270.000,5.000,8.000,1.0,1,1.0
28,6,74.000,266.000,4.000,8.000,1.0,1,1.0
29,6,75.000,263.000,4.000,7.000,1.0,1,1.0
30,6,76.000,259.000,4.000,8.000,1.0,1,1.0
31,6,77.000,255.000,4.000,8.000,1.0,1,1.0
32,6,78.000,251.000,4.000,8.000,1.0,1,1.0
33,6,79.000,247.000,3.000,8.000,1.0,1,1.0
34,6,79.000,244.000,4.000,8.000,1.0,1,1.0
35,6,80.000,240.000,3.000,8.000,1.0,1,1.0
36,6,81.000,236.000,3.000,7.000,1.0,1,1.0
37,6,81.000,232.000,4.000,8.000,1.0,1,1.0
38,6,82.000,228.000,3.000,7.000,1.0,1,1.0
39,6,82.000,223.000,3.000,8.000,1.0,1,1.0
40,6,82.000,220.000,3.000,7.000,1.0,1,1.0
41,6,82.000,218.000,3.000,7.000,1.0,1,1.0
42,6,82.000,215.000,3.000,8.000,1.0,1,1.0
43,6,82.000,211.000,3.000,8.000,1.0,1,1.0
44,6,82.000,206.000,3.000,9.000,1.0,1,1.0
45,6,81.000,202.000,4.000,8.000,1.0,1,1.0
46,6,81.000,197.000,4.000,8.000,1.0,1,1.0
47,6,81.000,192.000,4.000,8.000,1.0,1,1.0
48,6,81.000,188.000,4.000,8.000,1.0,1,1.0
49,6,81.000,184.000,4.000,8.000,1.0,1,1.0
50,6,81.000,181.000,3.000,8.000,1.0,1,1.0
51,6,80.000,178.000,4.000,8.000,1.0,1,1.0
52,6,80.000,175.000,4.000,8.000,1.0,1,1.0
53,6,80.000,173.000,4.000,7.000,1.0,1,1.0
54,6,80.000,170.000,3.000,8.000,1.0,1,1.0
55,6,80.000,167.000,4.000,8.000,1.0,1,1.0
56,6,79.000,166.000,5.000,7.000,1.0,1,1.0
57,6,69.000,161.000,8.000,7.000,1.0,1,1.0
59,6,18.000,130.000,5.000,7.000,1.0,1,1.0
60,6,27.000,137.000,5.000,4.000,1.0,1,1.0
61,6,34.000,139.000,7.000,4.000,1.0,1,1.0
62,6,33.000,151.000,5.000,10.000,1.0,1,1.0
63,6,22.000,182.000,4.000,8.000,1.0,1,1.0
64,6,23.000,206.000,7.000,8.000,1.0,1,1.0
65,6,48.000,237.000,13.000,10.000,1.0,1,1.0
66,6,63.000,270.000,4.000,11.000,1.0,1,1.0
67,6,51.000,303.000,5.000,11.000,1.0,1,1.0
68,6,36.000,345.000,10.000,10.000,1.0,1,1.0
69,6,42.000,371.000,5.000,11.000,1.0,1,1.0
70,6,51.000,391.000,7.000,5.000,1.0,1,1.0
71,6,50.000,392.000,7.000,4.000,1.0,1,1.0
72,6,50.000,393.000,7.000,3.000,1.0,1,1.0
73,6,51.000,393.000,6.000,3.000,1.0,1,1.0
74,6,51.000,393.000,6.000,3.000,1.0,1,1.0
75,6,51.000,392.000,7.000,4.000,1.0,1,1.0
76,6,51.000,392.000,7.000,5.000,1.0,1,1.0
77,6,50.000,391.000,7.000,6.000,1.0,1,1.0
78,6,50.000,391.000,6.000,5.000,1.0,1,1.0
79,6,50.000,391.000,6.000,5.000,1.0,1,1.0
84,6,49.000,390.000,6.000,6.000,1.0,1,1.0
85,6,49.000,391.000,5.000,5.000,1.0,1,1.0
86,6,47.000,391.000,7.000,4.000,1.0,1,1.0
87,6,47.000,391.000,6.000,4.000,1.0,1,1.0
88,6,45.000,391.000,7.000,4.000,1.0,1,1.0
89,6,44.000,391.000,7.000,4.000,1.0,1,1.0
90,6,44.000,391.000,7.000,4.000,1.0,1,1.0
91,6,44.000,391.000,7.000,4.000,1.0,1,1.0
92,6,44.000,391.000,7.000,4.000,1.0,1,1.0
93,6,44.000,391.000,7.000,4.000,1.0,1,1.0
94,6,44.000,391.000,7.000,4.000,1.0,1,1.0
95,6,39.000,364.000,5.000,7.000,1.0,1,1.0
96,6,53.000,368.000,8.000,5.000,1.0,1,1.0
97,6,54.000,372.000,3.000,7.000,1.0,1,1.0
98,6,47.000,390.000,5.000,5.000,1.0,1,1.0
99,6,46.000,393.000,5.000,3.000,1.0,1,1.0
100,6,46.000,393.000,6.000,3.000,1.0,1,1.0
101,6,46.000,392.000,6.000,4.000,1.0,1,1.0
102,6,46.000,392.000,6.000,4.000,1.0,1,1.0
103,6,46.000,392.000,6.000,4.000,1.0,1,1.0
104,6,46.000,392.000,6.000,4.000,1.0,1,1.0
105,6,46.000,392.000,6.000,4.000,1.0,1,1.0
106,6,44.000,392.000,7.000,4.000,1.0,1,1.0
107,6,42.000,391.000,7.000,4.000,1.0,1,1.0
108,6,40.000,391.000,7.000,5.000,1.0,1,1.0
109,6,38.000,391.000,7.000,4.000,1.0,1,1.0
110,6,35.000,391.000,8.000,4.000,1.0,1,1.0
111,6,34.000,391.000,7.000,4.000,1.0,1,1.0
112,6,33.000,391.000,7.000,4.000,1.0,1,1.0
113,6,32.000,391.000,7.000,4.000,1.0,1,1.0
114,6,32.000,391.000,7.000,4.000,1.0,1,1.0
115,6,32.000,391.000,7.000,4.000,1.0,1,1.0
116,6,32.000,391.000,7.000,4.000,1.0,1,1.0
117,6,32.000,391.000,7.000,4.000,1.0,1,1.0
118,6,33.000,391.000,6.000,4.000,1.0,1,1.0
119,6,33.000,391.000,7.000,5.000,1.0,1,1.0
120,6,33.000,391.000,7.000,5.000,1.0,1,1.0
121,6,33.000,391.000,7.000,4.000,1.0,1,1.0
122,6,34.000,391.000,6.000,5.000,1.0,1,1.0
123,6,34.000,391.000,6.000,5.000,1.0,1,1.0
124,6,33.000,391.000,7.000,5.000,1.0,1,1.0
125,6,33.000,391.000,7.000,5.000,1.0,1,1.0
126,6,34.000,391.000,7.000,5.000,1.0,1,1.0
127,6,34.000,390.000,7.000,6.000,1.0,1,1.0
128,6,34.000,390.000,7.000,6.000,1.0,1,1.0
129,6,33.000,391.000,7.000,5.000,1.0,1,1.0
130,6,33.000,391.000,7.000,4.000,1.0,1,1.0
131,6,33.000,391.000,7.000,4.000,1.0,1,1.0
132,6,33.000,391.000,7.000,5.000,1.0,1,1.0
133,6,31.000,363.000,4.000,12.000,1.0,1,1.0
135,6,35.000,322.000,7.000,6.000,1.0,1,1.0
136,6,42.000,325.000,4.000,8.000,1.0,1,1.0
137,6,41.000,326.000,5.000,8.000,1.0,1,1.0
138,6,42.000,325.000,4.000,8.000,1.0,1,1.0
139,6,42.000,323.000,4.000,8.000,1.0,1,1.0
140,6,42.000,321.000,4.000,9.000,1.0,1,1.0
141,6,42.000,320.000,4.000,9.000,1.0,1,1.0
142,6,42.000,319.000,4.000,9.000,1.0,1,1.0
143,6,43.000,317.000,3.000,9.000,1.0,1,1.0
144,6,43.000,315.000,3.000,10.000,1.0,1,1.0
145,6,42.000,315.000,4.000,8.000,1.0,1,1.0
146,6,40.000,313.000,5.000,8.000,1.0,1,1.0
147,6,38.000,312.000,6.000,7.000,1.0,1,1.0
148,6,36.000,310.000,6.000,7.000,1.0,1,1.0
149,6,34.000,309.000,6.000,7.000,1.0,1,1.0
150,6,32.000,307.000,6.000,6.000,1.0,1,1.0
151,6,31.000,306.000,6.000,7.000,1.0,1,1.0
152,6,29.000,305.000,6.000,6.000,1.0,1,1.0
153,6,27.000,303.000,6.000,7.000,1.0,1,1.0
154,6,26.000,302.000,6.000,7.000,1.0,1,1.0
155,6,24.000,301.000,7.000,7.000,1.0,1,1.0
156,6,22.000,300.000,6.000,6.000,1.0,1,1.0
157,6,21.000,299.000,6.000,6.000,1.0,1,1.0
158,6,19.000,299.000,6.000,6.000,1.0,1,1.0
159,6,18.000,299.000,6.000,6.000,1.0,1,1.0
160,6,17.000,299.000,6.000,6.000,1.0,1,1.0
161,6,16.000,300.000,5.000,5.000,1.0,1,1.0
178,6,18.000,276.000,3.000,6.000,1.0,1,1.0
179,6,18.000,274.000,5.000,7.000,1.0,1,1.0
180,6,20.000,272.000,5.000,6.000,1.0,1,1.0
181,6,21.000,269.000,6.000,7.000,1.0,1,1.0
182,6,23.000,265.000,5.000,8.000,1.0,1,1.0
183,6,25.000,262.000,5.000,7.000,1.0,1,1.0
184,6,27.000,258.000,5.000,8.000,1.0,1,1.0
185,6,29.000,255.000,5.000,8.000,1.0,1,1.0
186,6,30.000,251.000,5.000,8.000,1.0,1,1.0
187,6,32.000,248.000,5.000,8.000,1.0,1,1.0
188,6,34.000,244.000,5.000,8.000,1.0,1,1.0
189,6,35.000,241.000,5.000,8.000,1.0,1,1.0
190,6,37.000,238.000,5.000,8.000,1.0,1,1.0
191,6,38.000,235.000,6.000,8.000,1.0,1,1.0
192,6,40.000,231.000,6.000,9.000,1.0,1,1.0
193,6,42.000,228.000,5.000,8.000,1.0,1,1.0
194,6,43.000,225.000,6.000,8.000,1.0,1,1.0
195,6,45.000,222.000,5.000,8.000,1.0,1,1.0
196,6,46.000,219.000,6.000,8.000,1.0,1,1.0
197,6,48.000,216.000,6.000,8.000,1.0,1,1.0
198,6,50.000,213.000,6.000,8.000,1.0,1,1.0
199,6,52.000,210.000,6.000,8.000,1.0,1,1.0
200,6,54.000,207.000,5.000,8.000,1.0,1,1.0
201,6,56.000,205.000,5.000,8.000,1.0,1,1.0
202,6,58.000,202.000,5.000,8.000,1.0,1,1.0
203,6,60.000,198.000,6.000,8.000,1.0,1,1.0
204,6,62.000,195.000,5.000,8.000,1.0,1,1.0
205,6,64.000,192.000,5.000,8.000,1.0,1,1.0
206,6,65.000,189.000,5.000,9.000,1.0,1,1.0
207,6,66.000,187.000,5.000,8.000,1.0,1,1.0
208,6,68.000,184.000,5.000,8.000,1.0,1,1.0
209,6,69.000,182.000,5.000,8.000,1.0,1,1.0
210,6,70.000,179.000,5.000,8.000,1.0,1,1.0
211,6,72.000,175.000,5.000,9.000,1.0,1,1.0
212,6,74.000,172.000,4.000,8.000,1.0,1,1.0
213,6,75.000,169.000,5.000,8.000,1.0,1,1.0
214,6,77.000,166.000,4.000,8.000,1.0,1,1.0
215,6,78.000,163.000,4.000,8.000,1.0,1,1.0
216,6,79.000,161.000,4.000,8.000,1.0,1,1.0
217,6,80.000,158.000,4.000,8.000,1.0,1,1.0
218,6,81.000,154.000,3.000,8.000,1.0,1,1.0
219,6,82.000,152.000,3.000,7.000,1.0,1,1.0
220,6,82.000,149.000,3.000,7.000,1.0,1,1.0
221,6,82.000,146.000,3.000,7.000,1.0,1,1.0
222,6,82.000,143.000,3.000,8.000,1.0,1,1.0
223,6,82.000,141.000,3.000,7.000,1.0,1,1.0
224,6,81.000,137.000,4.000,8.000,1.0,1,1.0
225,6,81.000,135.000,4.000,8.000,1.0,1,1.0
226,6,81.000,134.000,3.000,8.000,1.0,1,1.0
227,6,81.000,133.000,3.000,7.000,1.0,1,1.0
228,6,81.000,131.000,3.000,8.000,1.0,1,1.0
229,6,81.000,128.000,3.000,8.000,1.0,1,1.0
230,6,80.000,127.000,4.000,7.000,1.0,1,1.0
231,6,80.000,125.000,4.000,7.000,1.0,1,1.0
232,6,79.000,122.000,4.000,8.000,1.0,1,1.0
233,6,79.000,120.000,4.000,8.000,1.0,1,1.0
234,6,79.000,116.000,3.000,9.000,1.0,1,1.0
235,6,78.000,112.000,4.000,9.000,1.0,1,1.0
236,6,78.000,109.000,4.000,9.000,1.0,1,1.0
237,6,78.000,105.000,4.000,9.000,1.0,1,1.0
238,6,79.000,103.000,3.000,9.000,1.0,1,1.0
239,6,79.000,101.000,3.000,9.000,1.0,1,1.0
240,6,79.000,98.000,3.000,8.000,1.0,1,1.0
241,6,79.000,94.000,3.000,9.000,1.0,1,1.0
242,6,79.000,91.000,4.000,9.000,1.0,1,1.0
243,6,79.000,88.000,3.000,9.000,1.0,1,1.0
244,6,79.000,85.000,3.000,8.000,1.0,1,1.0
245,6,79.000,80.000,4.000,9.000,1.0,1,1.0
246,6,79.000,77.000,3.000,9.000,1.0,1,1.0
247,6,79.000,73.000,3.000,9.000,1.0,1,1.0
248,6,79.000,69.000,3.000,9.000,1.0,1,1.0
249,6,78.000,66.000,3.000,8.000,1.0,1,1.0
250,6,77.000,62.000,4.000,8.000,1.0,1,1.0
251,6,76.000,58.000,4.000,9.000,1.0,1,1.0
252,6,76.000,55.000,4.000,8.000,1.0,1,1.0
253,6,75.000,52.000,4.000,8.000,1.0,1,1.0
254,6,74.000,49.000,4.000,7.000,1.0,1,1.0
255,6,73.000,45.000,4.000,7.000,1.0,1,1.0
256,6,72.000,41.000,4.000,8.000,1.0,1,1.0
257,6,72.000,37.000,3.000,9.000,1.0,1,1.0
258,6,71.000,34.000,4.000,8.000,1.0,1,1.0
259,6,70.000,32.000,5.000,8.000,1.0,1,1.0
260,6,69.000,32.000,7.000,6.000,1.0,1,1.0
1,11,170.000,393.000,7.000,4.000,1.0,1,1.0
2,11,170.000,393.000,7.000,4.000,1.0,1,1.0
3,11,170.000,393.000,7.000,4.000,1.0,1,1.0
4,11,171.000,393.000,7.000,4.000,1.0,1,1.0
5,11,172.000,393.000,7.000,3.000,1.0,1,1.0
6,11,172.000,393.000,7.000,3.000,1.0,1,1.0
7,11,173.000,393.000,6.000,3.000,1.0,1,1.0
8,11,174.000,393.000,5.000,4.000,1.0,1,1.0
9,11,174.000,393.000,5.000,4.000,1.0,1,1.0
10,11,140.000,371.000,4.000,8.000,1.0,1,1.0
11,11,140.000,390.000,5.000,6.000,1.0,1,1.0
12,11,139.000,390.000,5.000,6.000,1.0,1,1.0
13,11,139.000,389.000,4.000,7.000,1.0,1,1.0
14,11,139.000,388.000,4.000,7.000,1.0,1,1.0
15,11,139.000,386.000,4.000,8.000,1.0,1,1.0
16,11,139.000,386.000,4.000,7.000,1.0,1,1.0
17,11,139.000,386.000,4.000,8.000,1.0,1,1.0
18,11,139.000,386.000,4.000,8.000,1.0,1,1.0
19,11,139.000,386.000,4.000,8.000,1.0,1,1.0
20,11,139.000,386.000,4.000,8.000,1.0,1,1.0
21,11,139.000,385.000,3.000,9.000,1.0,1,1.0
22,11,139.000,384.000,3.000,9.000,1.0,1,1.0
23,11,139.000,384.000,4.000,9.000,1.0,1,1.0
24,11,139.000,384.000,3.000,8.000,1.0,1,1.0
25,11,139.000,382.000,3.000,8.000,1.0,1,1.0
26,11,139.000,382.000,4.000,8.000,1.0,1,1.0
27,11,139.000,381.000,3.000,8.000,1.0,1,1.0
28,11,139.000,380.000,3.000,8.000,1.0,1,1.0
29,11,139.000,380.000,3.000,8.000,1.0,1,1.0
30,11,139.000,378.000,3.000,9.000,1.0,1,1.0
31,11,139.000,378.000,3.000,8.000,1.0,1,1.0
32,11,139.000,376.000,3.000,9.000,1.0,1,1.0
33,11,139.000,375.000,3.000,9.000,1.0,1,1.0
34,11,139.000,374.000,3.000,8.000,1.0,1,1.0
35,11,139.000,373.000,3.000,8.000,1.0,1,1.0
36,11,139.000,371.000,3.000,8.000,1.0,1,1.0
37,11,138.000,370.000,4.000,8.000,1.0,1,1.0
38,11,138.000,369.000,4.000,8.000,1.0,1,1.0
39,11,138.000,369.000,4.000,7.000,1.0,1,1.0
40,11,138.000,368.000,3.000,7.000,1.0,1,1.0
41,11,138.000,367.000,3.000,7.000,1.0,1,1.0
42,11,138.000,366.000,4.000,8.000,1.0,1,1.0
43,11,138.000,366.000,4.000,8.000,1.0,1,1.0
44,11,139.000,366.000,3.000,8.000,1.0,1,1.0
45,11,138.000,365.000,3.000,8.000,1.0,1,1.0
46,11,138.000,366.000,3.000,7.000,1.0,1,1.0
47,11,138.000,364.000,3.000,7.000,1.0,1,1.0
48,11,138.000,364.000,3.000,7.000,1.0,1,1.0
49,11,138.000,363.000,3.000,7.000,1.0,1,1.0
50,11,138.000,363.000,3.000,7.000,1.0,1,1.0
51,11,138.000,362.000,3.000,7.000,1.0,1,1.0
52,11,138.000,361.000,3.000,7.000,1.0,1,1.0
53,11,138.000,361.000,3.000,7.000,1.0,1,1.0
54,11,138.000,361.000,3.000,7.000,1.0,1,1.0
55,11,138.000,360.000,3.000,7.000,1.0,1,1.0
56,11,138.000,359.000,3.000,7.000,1.0,1,1.0
57,11,138.000,358.000,4.000,7.000,1.0,1,1.0
58,11,138.000,357.000,4.000,8.000,1.0,1,1.0
59,11,138.000,356.000,4.000,8.000,1.0,1,1.0
60,11,138.000,356.000,4.000,7.000,1.0,1,1.0
61,11,138.000,355.000,4.000,7.000,1.0,1,1.0
62,11,138.000,354.000,4.000,7.000,1.0,1,1.0
63,11,138.000,353.000,4.000,8.000,1.0,1,1.0
64,11,138.000,353.000,4.000,7.000,1.0,1,1.0
65,11,138.000,352.000,4.000,7.000,1.0,1,1.0
66,11,138.000,351.000,4.000,7.000,1.0,1,1.0
67,11,138.000,349.000,4.000,8.000,1.0,1,1.0
68,11,138.000,349.000,4.000,8.000,1.0,1,1.0
69,11,138.000,348.000,4.000,8.000,1.0,1,1.0
70,11,138.000,347.000,5.000,8.000,1.0,1,1.0
71,11,138.000,346.000,5.000,8.000,1.0,1,1.0
72,11,139.000,344.000,4.000,8.000,1.0,1,1.0
73,11,139.000,342.000,4.000,9.000,1.0,1,1.0
74,11,139.000,341.000,4.000,9.000,1.0,1,1.0
75,11,139.000,340.000,4.000,9.000,1.0,1,1.0
76,11,139.000,339.000,4.000,9.000,1.0,1,1.0
77,11,139.000,338.000,4.000,8.000,1.0,1,1.0
78,11,139.000,337.000,4.000,8.000,1.0,1,1.0
79,11,139.000,335.000,4.000,8.000,1.0,1,1.0
80,11,140.000,334.000,4.000,9.000,1.0,1,1.0
81,11,140.000,332.000,4.000,9.000,1.0,1,1.0
82,11,140.000,332.000,4.000,8.000,1.0,1,1.0
83,11,140.000,330.000,4.000,8.000,1.0,1,1.0
84,11,141.000,329.000,4.000,8.000,1.0,1,1.0
85,11,140.000,329.000,5.000,8.000,1.0,1,1.0
86,11,140.000,327.000,5.000,8.000,1.0,1,1.0
87,11,140.000,326.000,5.000,8.000,1.0,1,1.0
88,11,141.000,326.000,4.000,7.000,1.0,1,1.0
89,11,141.000,325.000,5.000,8.000,1.0,1,1.0
90,11,141.000,324.000,4.000,9.000,1.0,1,1.0
91,11,141.000,323.000,5.000,8.000,1.0,1,1.0
92,11,141.000,322.000,5.000,8.000,1.0,1,1.0
93,11,142.000,321.000,4.000,8.000,1.0,1,1.0
94,11,142.000,321.000,4.000,8.000,1.0,1,1.0
95,11,142.000,320.000,4.000,8.000,1.0,1,1.0
96,11,142.000,318.000,5.000,9.000,1.0,1,1.0
97,11,143.000,317.000,4.000,8.000,1.0,1,1.0
98,11,143.000,316.000,5.000,8.000,1.0,1,1.0
99,11,143.000,315.000,5.000,8.000,1.0,1,1.0
100,11,143.000,314.000,5.000,8.000,1.0,1,1.0
101,11,144.000,313.000,5.000,7.000,1.0,1,1.0
102,11,144.000,312.000,5.000,8.000,1.0,1,1.0
103,11,144.000,311.000,5.000,7.000,1.0,1,1.0
104,11,145.000,309.000,6.000,8.000,1.0,1,1.0
105,11,146.000,308.000,5.000,8.000,1.0,1,1.0
106,11,146.000,307.000,5.000,8.000,1.0,1,1.0
107,11,147.000,306.000,4.000,8.000,1.0,1,1.0
108,11,147.000,305.000,5.000,8.000,1.0,1,1.0
109,11,148.000,304.000,5.000,8.000,1.0,1,1.0
110,11,148.000,303.000,5.000,8.000,1.0,1,1.0
111,11,149.000,302.000,5.000,8.000,1.0,1,1.0
112,11,150.000,300.000,5.000,8.000,1.0,1,1.0
113,11,150.000,300.000,5.000,8.000,1.0,1,1.0
114,11,150.000,298.000,6.000,8.000,1.0,1,1.0
115,11,151.000,298.000,5.000,8.000,1.0,1,1.0
116,11,151.000,297.000,5.000,8.000,1.0,1,1.0
117,11,152.000,296.000,5.000,8.000,1.0,1,1.0
118,11,152.000,295.000,5.000,7.000,1.0,1,1.0
119,11,153.000,293.000,5.000,8.000,1.0,1,1.0
120,11,154.000,292.000,4.000,9.000,1.0,1,1.0
121,11,154.000,292.000,5.000,8.000,1.0,1,1.0
122,11,154.000,290.000,5.000,9.000,1.0,1,1.0
123,11,155.000,290.000,4.000,8.000,1.0,1,1.0
124,11,155.000,289.000,5.000,9.000,1.0,1,1.0
125,11,155.000,288.000,5.000,9.000,1.0,1,1.0
126,11,155.000,286.000,5.000,9.000,1.0,1,1.0
127,11,156.000,284.000,5.000,9.000,1.0,1,1.0
128,11,157.000,284.000,4.000,8.000,1.0,1,1.0
129,11,157.000,282.000,5.000,9.000,1.0,1,1.0
130,11,158.000,280.000,4.000,8.000,1.0,1,1.0
131,11,159.000,278.000,4.000,9.000,1.0,1,1.0
132,11,159.000,278.000,4.000,8.000,1.0,1,1.0
133,11,160.000,275.000,4.000,9.000,1.0,1,1.0
134,11,161.000,274.000,4.000,9.000,1.0,1,1.0
135,11,161.000,273.000,4.000,9.000,1.0,1,1.0
136,11,161.000,271.000,5.000,9.000,1.0,1,1.0
137,11,162.000,270.000,4.000,9.000,1.0,1,1.0
138,11,163.000,269.000,4.000,9.000,1.0,1,1.0
139,11,163.000,268.000,4.000,9.000,1.0,1,1.0
140,11,163.000,267.000,5.000,8.000,1.0,1,1.0
141,11,164.000,266.000,5.000,9.000,1.0,1,1.0
142,11,165.000,266.000,4.000,8.000,1.0,1,1.0
143,11,165.000,265.000,5.000,8.000,1.0,1,1.0
144,11,165.000,263.000,5.000,9.000,1.0,1,1.0
145,11,166.000,263.000,5.000,8.000,1.0,1,1.0
146,11,166.000,262.000,5.000,8.000,1.0,1,1.0
147,11,167.000,262.000,4.000,8.000,1.0,1,1.0
148,11,167.000,260.000,5.000,8.000,1.0,1,1.0
149,11,168.000,259.000,4.000,8.000,1.0,1,1.0
150,11,168.000,259.000,4.000,8.000,1.0,1,1.0
151,11,168.000,258.000,4.000,9.000,1.0,1,1.0
152,11,168.000,257.000,4.000,9.000,1.0,1,1.0
153,11,168.000,256.000,4.000,9.000,1.0,1,1.0
154,11,168.000,255.000,4.000,8.000,1.0,1,1.0
155,11,168.000,253.000,4.000,9.000,1.0,1,1.0
156,11,168.000,252.000,4.000,9.000,1.0,1,1.0
157,11,168.000,251.000,4.000,9.000,1.0,1,1.0
158,11,168.000,250.000,4.000,8.000,1.0,1,1.0
159,11,168.000,248.000,4.000,9.000,1.0,1,1.0
160,11,169.000,248.000,4.000,9.000,1.0,1,1.0
161,11,169.000,247.000,4.000,9.000,1.0,1,1.0
162,11,169.000,245.000,4.000,9.000,1.0,1,1.0
163,11,169.000,244.000,5.000,8.000,1.0,1,1.0
164,11,170.000,243.000,4.000,9.000,1.0,1,1.0
165,11,170.000,242.000,4.000,9.000,1.0,1,1.0
166,11,170.000,241.000,5.000,8.000,1.0,1,1.0
167,11,171.000,240.000,4.000,8.000,1.0,1,1.0
168,11,171.000,239.000,5.000,8.000,1.0,1,1.0
169,11,172.000,238.000,4.000,9.000,1.0,1,1.0
170,11,172.000,237.000,4.000,9.000,1.0,1,1.0
171,11,172.000,236.000,5.000,9.000,1.0,1,1.0
172,11,172.000,235.000,5.000,8.000,1.0,1,1.0
173,11,173.000,234.000,4.000,8.000,1.0,1,1.0
174,11,173.000,233.000,5.000,9.000,1.0,1,1.0
175,11,174.000,231.000,4.000,9.000,1.0,1,1.0
176,11,174.000,230.000,4.000,8.000,1.0,1,1.0
177,11,175.000,229.000,4.000,8.000,1.0,1,1.0
178,11,175.000,228.000,4.000,9.000,1.0,1,1.0
179,11,175.000,227.000,5.000,9.000,1.0,1,1.0
180,11,175.000,226.000,5.000,8.000,1.0,1,1.0
181,11,176.000,225.000,5.000,8.000,1.0,1,1.0
182,11,177.000,224.000,5.000,8.000,1.0,1,1.0
183,11,177.000,224.000,5.000,8.000,1.0,1,1.0
184,11,178.000,222.000,5.000,8.000,1.0,1,1.0
185,11,179.000,221.000,5.000,8.000,1.0,1,1.0
186,11,179.000,220.000,5.000,8.000,1.0,1,1.0
187,11,179.000,219.000,5.000,9.000,1.0,1,1.0
188,11,180.000,218.000,5.000,8.000,1.0,1,1.0
189,11,181.000,216.000,4.000,9.000,1.0,1,1.0
190,11,181.000,215.000,5.000,9.000,1.0,1,1.0
191,11,181.000,215.000,6.000,8.000,1.0,1,1.0
192,11,182.000,214.000,5.000,8.000,1.0,1,1.0
193,11,182.000,213.000,6.000,8.000,1.0,1,1.0
194,11,183.000,212.000,5.000,8.000,1.0,1,1.0
195,11,184.000,211.000,4.000,8.000,1.0,1,1.0
196,11,184.000,211.000,5.000,8.000,1.0,1,1.0
197,11,185.000,209.000,5.000,8.000,1.0,1,1.0
198,11,186.000,207.000,5.000,9.000,1.0,1,1.0
199,11,186.000,207.000,5.000,9.000,1.0,1,1.0
200,11,186.000,207.000,6.000,8.000,1.0,1,1.0
201,11,187.000,206.000,6.000,7.000,1.0,1,1.0
202,11,188.000,204.000,5.000,8.000,1.0,1,1.0
203,11,188.000,204.000,6.000,7.000,1.0,1,1.0
204,11,189.000,203.000,6.000,7.000,1.0,1,1.0
205,11,189.000,202.000,6.000,7.000,1.0,1,1.0
206,11,190.000,200.000,5.000,8.000,1.0,1,1.0
207,11,191.000,199.000,5.000,8.000,1.0,1,1.0
208,11,191.000,198.000,6.000,8.000,1.0,1,1.0
209,11,191.000,197.000,6.000,8.000,1.0,1,1.0
210,11,192.000,195.000,5.000,9.000,1.0,1,1.0
211,11,193.000,194.000,4.000,9.000,1.0,1,1.0
212,11,193.000,193.000,4.000,8.000,1.0,1,1.0
213,11,193.000,191.000,5.000,9.000,1.0,1,1.0
214,11,193.000,190.000,5.000,9.000,1.0,1,1.0
215,11,194.000,189.000,5.000,9.000,1.0,1,1.0
216,11,195.000,187.000,4.000,9.000,1.0,1,1.0
217,11,195.000,186.000,4.000,9.000,1.0,1,1.0
218,11,195.000,185.000,5.000,9.000,1.0,1,1.0
219,11,196.000,183.000,5.000,9.000,1.0,1,1.0
220,11,196.000,181.000,5.000,9.000,1.0,1,1.0
221,11,197.000,181.000,4.000,9.000,1.0,1,1.0
222,11,198.000,179.000,4.000,9.000,1.0,1,1.0
223,11,198.000,177.000,4.000,9.000,1.0,1,1.0
224,11,198.000,176.000,5.000,9.000,1.0,1,1.0
225,11,199.000,174.000,5.000,9.000,1.0,1,1.0
226,11,199.000,173.000,5.000,9.000,1.0,1,1.0
227,11,199.000,172.000,5.000,9.000,1.0,1,1.0
228,11,200.000,171.000,5.000,8.000,1.0,1,1.0
229,11,201.000,169.000,5.000,8.000,1.0,1,1.0
230,11,201.000,168.000,5.000,8.000,1.0,1,1.0
231,11,202.000,166.000,5.000,8.000,1.0,1,1.0
232,11,203.000,164.000,4.000,9.000,1.0,1,1.0
233,11,203.000,163.000,5.000,8.000,1.0,1,1.0
234,11,204.000,162.000,5.000,8.000,1.0,1,1.0
235,11,205.000,160.000,4.000,8.000,1.0,1,1.0
236,11,205.000,158.000,5.000,8.000,1.0,1,1.0
237,11,205.000,156.000,5.000,9.000,1.0,1,1.0
238,11,206.000,154.000,4.000,9.000,1.0,1,1.0
239,11,206.000,153.000,5.000,8.000,1.0,1,1.0
240,11,207.000,151.000,4.000,8.000,1.0,1,1.0
241,11,207.000,148.000,5.000,9.000,1.0,1,1.0
242,11,208.000,147.000,4.000,8.000,1.0,1,1.0
243,11,209.000,145.000,4.000,8.000,1.0,1,1.0
244,11,209.000,143.000,4.000,8.000,1.0,1,1.0
245,11,209.000,141.000,4.000,8.000,1.0,1,1.0
246,11,210.000,139.000,4.000,8.000,1.0,1,1.0
247,11,210.000,137.000,4.000,7.000,1.0,1,1.0
248,11,211.000,136.000,4.000,6.000,1.0,1,1.0
249,11,211.000,134.000,4.000,6.000,1.0,1,1.0
250,11,211.000,133.000,4.000,6.000,1.0,1,1.0
251,11,212.000,131.000,3.000,6.000,1.0,1,1.0
252,11,212.000,129.000,3.000,7.000,1.0,1,1.0
253,11,212.000,128.000,3.000,7.000,1.0,1,1.0
254,11,212.000,125.000,3.000,8.000,1.0,1,1.0
255,11,211.000,124.000,4.000,7.000,1.0,1,1.0
256,11,211.000,121.000,4.000,8.000,1.0,1,1.0
257,11,212.000,119.000,3.000,8.000,1.0,1,1.0
258,11,211.000,117.000,4.000,8.000,1.0,1,1.0
259,11,211.000,114.000,4.000,8.000,1.0,1,1.0
260,11,211.000,112.000,4.000,8.000,1.0,1,1.0
261,11,211.000,110.000,4.000,8.000,1.0,1,1.0
262,11,212.000,107.000,3.000,8.000,1.0,1,1.0
263,11,211.000,105.000,4.000,8.000,1.0,1,1.0
264,11,211.000,102.000,4.000,9.000,1.0,1,1.0
265,11,211.000,100.000,4.000,8.000,1.0,1,1.0
266,11,212.000,97.000,4.000,9.000,1.0,1,1.0
267,11,212.000,95.000,3.000,8.000,1.0,1,1.0
268,11,212.000,92.000,3.000,8.000,1.0,1,1.0
269,11,211.000,90.000,4.000,7.000,1.0,1,1.0
270,11,211.000,88.000,3.000,8.000,1.0,1,1.0
271,11,210.000,86.000,4.000,7.000,1.0,1,1.0
272,11,209.000,85.000,4.000,7.000,1.0,1,1.0
273,11,209.000,84.000,4.000,6.000,1.0,1,1.0
274,11,208.000,82.000,4.000,7.000,1.0,1,1.0
275,11,207.000,80.000,5.000,7.000,1.0,1,1.0
276,11,206.000,78.000,4.000,7.000,1.0,1,1.0
277,11,205.000,76.000,5.000,7.000,1.0,1,1.0
278,11,204.000,75.000,5.000,6.000,1.0,1,1.0
279,11,204.000,73.000,4.000,7.000,1.0,1,1.0
280,11,203.000,71.000,5.000,7.000,1.0,1,1.0
281,11,202.000,70.000,5.000,6.000,1.0,1,1.0
282,11,201.000,68.000,5.000,7.000,1.0,1,1.0
283,11,199.000,66.000,5.000,7.000,1.0,1,1.0
284,11,197.000,64.000,6.000,7.000,1.0,1,1.0
285,11,195.000,62.000,6.000,7.000,1.0,1,1.0
286,11,194.000,61.000,6.000,7.000,1.0,1,1.0
287,11,193.000,59.000,6.000,7.000,1.0,1,1.0
288,11,192.000,58.000,5.000,7.000,1.0,1,1.0
289,11,192.000,55.000,4.000,8.000,1.0,1,1.0
290,11,193.000,53.000,3.000,9.000,1.0,1,1.0
291,11,193.000,52.000,4.000,8.000,1.0,1,1.0
292,11,194.000,50.000,4.000,8.000,1.0,1,1.0
293,11,195.000,47.000,4.000,8.000,1.0,1,1.0
294,11,196.000,45.000,4.000,8.000,1.0,1,1.0
295,11,196.000,43.000,4.000,8.000,1.0,1,1.0
296,11,197.000,40.000,4.000,9.000,1.0,1,1.0
297,11,198.000,37.000,3.000,9.000,1.0,1,1.0
298,11,198.000,35.000,4.000,8.000,1.0,1,1.0
299,11,198.000,31.000,4.000,9.000,1.0,1,1.0
300,11,198.000,31.000,4.000,7.000,1.0,1,1.0
301,11,197.000,30.000,7.000,6.000,1.0,1,1.0
1,13,139.000,359.000,4.000,8.000,1.0,1,1.0
2,13,139.000,360.000,4.000,7.000,1.0,1,1.0
3,13,139.000,359.000,5.000,7.000,1.0,1,1.0
4,13,140.000,358.000,5.000,7.000,1.0,1,1.0
5,13,141.000,357.000,5.000,6.000,1.0,1,1.0
6,13,141.000,356.000,5.000,6.000,1.0,1,1.0
7,13,141.000,355.000,5.000,6.000,1.0,1,1.0
8,13,139.000,355.000,7.000,7.000,1.0,1,1.0
9,13,141.000,356.000,5.000,6.000,1.0,1,1.0
10,13,141.000,355.000,6.000,6.000,1.0,1,1.0
11,13,141.000,355.000,6.000,6.000,1.0,1,1.0
12,13,141.000,355.000,6.000,6.000,1.0,1,1.0
13,13,142.000,355.000,6.000,5.000,1.0,1,1.0
14,13,143.000,353.000,6.000,6.000,1.0,1,1.0
15,13,144.000,351.000,6.000,6.000,1.0,1,1.0
16,13,146.000,349.000,6.000,6.000,1.0,1,1.0
17,13,148.000,347.000,6.000,6.000,1.0,1,1.0
18,13,149.000,345.000,7.000,6.000,1.0,1,1.0
19,13,151.000,344.000,7.000,6.000,1.0,1,1.0
20,13,153.000,343.000,7.000,6.000,1.0,1,1.0
21,13,156.000,342.000,7.000,5.000,1.0,1,1.0
22,13,155.000,341.000,8.000,4.000,1.0,1,1.0
23,13,155.000,340.000,8.000,5.000,1.0,1,1.0
24,13,156.000,337.000,7.000,7.000,1.0,1,1.0
25,13,157.000,334.000,5.000,8.000,1.0,1,1.0
26,13,157.000,330.000,5.000,9.000,1.0,1,1.0
27,13,158.000,328.000,4.000,8.000,1.0,1,1.0
28,13,158.000,325.000,5.000,8.000,1.0,1,1.0
29,13,159.000,321.000,3.000,8.000,1.0,1,1.0
30,13,159.000,318.000,4.000,8.000,1.0,1,1.0
31,13,160.000,314.000,3.000,9.000,1.0,1,1.0
32,13,160.000,311.000,4.000,8.000,1.0,1,1.0
33,13,160.000,307.000,4.000,9.000,1.0,1,1.0
34,13,160.000,304.000,4.000,7.000,1.0,1,1.0
35,13,160.000,300.000,3.000,8.000,1.0,1,1.0
36,13,161.000,296.000,3.000,8.000,1.0,1,1.0
37,13,161.000,291.000,3.000,10.000,1.0,1,1.0
38,13,161.000,288.000,4.000,9.000,1.0,1,1.0
39,13,161.000,284.000,4.000,9.000,1.0,1,1.0
40,13,162.000,281.000,4.000,8.000,1.0,1,1.0
41,13,162.000,277.000,4.000,8.000,1.0,1,1.0
42,13,163.000,273.000,3.000,9.000,1.0,1,1.0
43,13,163.000,269.000,3.000,9.000,1.0,1,1.0
44,13,163.000,265.000,4.000,9.000,1.0,1,1.0
45,13,164.000,261.000,4.000,8.000,1.0,1,1.0
46,13,165.000,256.000,4.000,9.000,1.0,1,1.0
47,13,166.000,252.000,4.000,9.000,1.0,1,1.0
48,13,167.000,249.000,3.000,9.000,1.0,1,1.0
49,13,167.000,247.000,4.000,8.000,1.0,1,1.0
50,13,168.000,244.000,4.000,8.000,1.0,1,1.0
51,13,169.000,242.000,4.000,8.000,1.0,1,1.0
52,13,170.000,239.000,3.000,8.000,1.0,1,1.0
53,13,170.000,236.000,4.000,8.000,1.0,1,1.0
54,13,170.000,232.000,4.000,9.000,1.0,1,1.0
55,13,170.000,228.000,4.000,9.000,1.0,1,1.0
56,13,171.000,224.000,3.000,10.000,1.0,1,1.0
57,13,171.000,220.000,4.000,10.000,1.0,1,1.0
58,13,171.000,217.000,4.000,9.000,1.0,1,1.0
59,13,172.000,213.000,3.000,9.000,1.0,1,1.0
60,13,171.000,209.000,4.000,9.000,1.0,1,1.0
61,13,171.000,205.000,3.000,9.000,1.0,1,1.0
62,13,170.000,202.000,4.000,8.000,1.0,1,1.0
63,13,170.000,197.000,4.000,9.000,1.0,1,1.0
64,13,169.000,194.000,4.000,8.000,1.0,1,1.0
65,13,169.000,190.000,4.000,8.000,1.0,1,1.0
66,13,169.000,186.000,3.000,9.000,1.0,1,1.0
67,13,168.000,182.000,3.000,8.000,1.0,1,1.0
68,13,167.000,178.000,4.000,9.000,1.0,1,1.0
69,13,167.000,174.000,3.000,8.000,1.0,1,1.0
70,13,167.000,170.000,3.000,9.000,1.0,1,1.0
71,13,166.000,166.000,4.000,9.000,1.0,1,1.0
72,13,166.000,163.000,3.000,9.000,1.0,1,1.0
73,13,165.000,160.000,3.000,8.000,1.0,1,1.0
74,13,164.000,156.000,3.000,9.000,1.0,1,1.0
75,13,163.000,152.000,4.000,9.000,1.0,1,1.0
76,13,162.000,148.000,4.000,9.000,1.0,1,1.0
77,13,161.000,145.000,4.000,9.000,1.0,1,1.0
78,13,161.000,141.000,3.000,9.000,1.0,1,1.0
79,13,160.000,138.000,3.000,9.000,1.0,1,1.0
80,13,160.000,134.000,4.000,10.000,1.0,1,1.0
81,13,159.000,132.000,4.000,8.000,1.0,1,1.0
82,13,159.000,128.000,3.000,9.000,1.0,1,1.0
83,13,158.000,124.000,3.000,10.000,1.0,1,1.0
84,13,158.000,121.000,3.000,9.000,1.0,1,1.0
85,13,158.000,118.000,3.000,8.000,1.0,1,1.0
86,13,158.000,114.000,3.000,8.000,1.0,1,1.0
87,13,157.000,111.000,3.000,8.000,1.0,1,1.0
88,13,157.000,107.000,3.000,8.000,1.0,1,1.0
89,13,157.000,104.000,3.000,9.000,1.0,1,1.0
90,13,156.000,101.000,4.000,9.000,1.0,1,1.0
91,13,155.000,98.000,3.000,8.000,1.0,1,1.0
92,13,155.000,94.000,3.000,8.000,1.0,1,1.0
93,13,155.000,90.000,3.000,8.000,1.0,1,1.0
94,13,155.000,86.000,3.000,9.000,1.0,1,1.0
95,13,156.000,82.000,2.000,9.000,1.0,1,1.0
96,13,156.000,79.000,3.000,9.000,1.0,1,1.0
97,13,157.000,75.000,3.000,9.000,1.0,1,1.0
98,13,157.000,72.000,3.000,9.000,1.0,1,1.0
99,13,157.000,70.000,3.000,8.000,1.0,1,1.0
100,13,158.000,67.000,3.000,8.000,1.0,1,1.0
101,13,158.000,64.000,3.000,8.000,1.0,1,1.0
102,13,159.000,60.000,3.000,9.000,1.0,1,1.0
103,13,159.000,59.000,3.000,8.000,1.0,1,1.0
104,13,159.000,55.000,3.000,9.000,1.0,1,1.0
105,13,159.000,52.000,3.000,9.000,1.0,1,1.0
106,13,160.000,50.000,3.000,8.000,1.0,1,1.0
107,13,159.000,47.000,3.000,8.000,1.0,1,1.0
108,13,159.000,45.000,4.000,8.000,1.0,1,1.0
109,13,160.000,42.000,3.000,9.000,1.0,1,1.0
110,13,160.000,41.000,4.000,8.000,1.0,1,1.0
111,13,159.000,41.000,7.000,6.000,1.0,1,1.0
112,13,161.000,41.000,7.000,6.000,1.0,1,1.0
113,13,163.000,41.000,8.000,5.000,1.0,1,1.0
114,13,165.000,41.000,8.000,5.000,1.0,1,1.0
115,13,167.000,41.000,8.000,4.000,1.0,1,1.0
116,13,171.000,42.000,7.000,5.000,1.0,1,1.0
117,13,172.000,45.000,8.000,5.000,1.0,1,1.0
118,13,174.000,46.000,8.000,5.000,1.0,1,1.0
119,13,175.000,47.000,8.000,5.000,1.0,1,1.0
120,13,175.000,47.000,8.000,5.000,1.0,1,1.0
121,13,175.000,47.000,8.000,5.000,1.0,1,1.0
122,13,175.000,47.000,8.000,5.000,1.0,1,1.0
123,13,176.000,47.000,7.000,5.000,1.0,1,1.0
124,13,175.000,47.000,8.000,4.000,1.0,1,1.0
125,13,176.000,47.000,8.000,4.000,1.0,1,1.0
126,13,176.000,47.000,8.000,4.000,1.0,1,1.0
127,13,176.000,47.000,8.000,4.000,1.0,1,1.0
128,13,176.000,47.000,8.000,4.000,1.0,1,1.0
129,13,175.000,47.000,9.000,4.000,1.0,1,1.0
130,13,175.000,47.000,8.000,4.000,1.0,1,1.0
131,13,175.000,47.000,8.000,4.000,1.0,1,1.0
132,13,175.000,47.000,8.000,4.000,1.0,1,1.0
133,13,175.000,47.000,7.000,4.000,1.0,1,1.0
134,13,175.000,47.000,7.000,4.000,1.0,1,1.0
135,13,175.000,47.000,7.000,4.000,1.0,1,1.0
136,13,175.000,47.000,7.000,4.000,1.0,1,1.0
137,13,174.000,47.000,8.000,4.000,1.0,1,1.0
138,13,174.000,47.000,8.000,4.000,1.0,1,1.0
139,13,175.000,47.000,7.000,4.000,1.0,1,1.0
140,13,175.000,47.000,7.000,4.000,1.0,1,1.0
141,13,175.000,47.000,7.000,4.000,1.0,1,1.0
142,13,175.000,48.000,7.000,3.000,1.0,1,1.0
143,13,175.000,48.000,7.000,3.000,1.0,1,1.0
144,13,175.000,48.000,7.000,3.000,1.0,1,1.0
145,13,175.000,48.000,7.000,3.000,1.0,1,1.0
146,13,175.000,48.000,7.000,3.000,1.0,1,1.0
147,13,175.000,47.000,7.000,4.000,1.0,1,1.0
148,13,175.000,47.000,7.000,4.000,1.0,1,1.0
149,13,175.000,47.000,7.000,4.000,1.0,1,1.0
150,13,175.000,47.000,7.000,4.000,1.0,1,1.0
151,13,175.000,47.000,7.000,4.000,1.0,1,1.0
152,13,175.000,47.000,7.000,4.000,1.0,1,1.0
153,13,175.000,47.000,7.000,4.000,1.0,1,1.0
154,13,175.000,47.000,7.000,4.000,1.0,1,1.0
155,13,175.000,47.000,7.000,4.000,1.0,1,1.0
156,13,175.000,47.000,7.000,4.000,1.0,1,1.0
157,13,175.000,47.000,7.000,4.000,1.0,1,1.0
158,13,175.000,47.000,7.000,4.000,1.0,1,1.0
159,13,175.000,47.000,7.000,4.000,1.0,1,1.0
160,13,175.000,47.000,7.000,4.000,1.0,1,1.0
161,13,175.000,47.000,7.000,4.000,1.0,1,1.0
162,13,175.000,47.000,7.000,4.000,1.0,1,1.0
163,13,175.000,47.000,7.000,4.000,1.0,1,1.0
164,13,175.000,47.000,7.000,4.000,1.0,1,1.0
165,13,175.000,47.000,7.000,4.000,1.0,1,1.0
166,13,175.000,47.000,8.000,4.000,1.0,1,1.0
167,13,175.000,47.000,7.000,4.000,1.0,1,1.0
168,13,175.000,47.000,7.000,4.000,1.0,1,1.0
169,13,175.000,47.000,8.000,4.000,1.0,1,1.0
170,13,175.000,47.000,8.000,4.000,1.0,1,1.0
171,13,175.000,47.000,8.000,4.000,1.0,1,1.0
172,13,175.000,47.000,8.000,4.000,1.0,1,1.0
173,13,175.000,47.000,7.000,4.000,1.0,1,1.0
174,13,175.000,47.000,8.000,4.000,1.0,1,1.0
175,13,175.000,47.000,8.000,4.000,1.0,1,1.0
176,13,175.000,47.000,8.000,4.000,1.0,1,1.0
177,13,175.000,47.000,8.000,4.000,1.0,1,1.0
178,13,175.000,47.000,8.000,4.000,1.0,1,1.0
179,13,175.000,47.000,8.000,4.000,1.0,1,1.0
180,13,175.000,47.000,8.000,4.000,1.0,1,1.0
181,13,175.000,47.000,7.000,4.000,1.0,1,1.0
182,13,175.000,47.000,7.000,4.000,1.0,1,1.0
183,13,175.000,47.000,8.000,4.000,1.0,1,1.0
184,13,175.000,47.000,8.000,4.000,1.0,1,1.0
185,13,175.000,47.000,7.000,4.000,1.0,1,1.0
186,13,175.000,47.000,7.000,4.000,1.0,1,1.0
187,13,175.000,47.000,7.000,4.000,1.0,1,1.0
188,13,175.000,47.000,7.000,4.000,1.0,1,1.0
189,13,175.000,47.000,7.000,4.000,1.0,1,1.0
190,13,175.000,47.000,7.000,4.000,1.0,1,1.0
191,13,175.000,47.000,7.000,4.000,1.0,1,1.0
192,13,175.000,47.000,7.000,4.000,1.0,1,1.0
193,13,175.000,47.000,7.000,4.000,1.0,1,1.0
194,13,175.000,47.000,7.000,4.000,1.0,1,1.0
195,13,175.000,47.000,7.000,4.000,1.0,1,1.0
196,13,175.000,47.000,7.000,4.000,1.0,1,1.0
197,13,175.000,47.000,7.000,4.000,1.0,1,1.0
198,13,175.000,47.000,7.000,4.000,1.0,1,1.0
199,13,175.000,47.000,7.000,4.000,1.0,1,1.0
200,13,175.000,47.000,7.000,4.000,1.0,1,1.0
201,13,175.000,47.000,7.000,4.000,1.0,1,1.0
202,13,175.000,47.000,7.000,4.000,1.0,1,1.0
203,13,175.000,47.000,7.000,4.000,1.0,1,1.0
204,13,175.000,47.000,7.000,4.000,1.0,1,1.0
205,13,175.000,47.000,7.000,4.000,1.0,1,1.0
206,13,175.000,47.000,7.000,4.000,1.0,1,1.0
207,13,175.000,47.000,7.000,4.000,1.0,1,1.0
208,13,175.000,47.000,7.000,4.000,1.0,1,1.0
209,13,175.000,47.000,7.000,4.000,1.0,1,1.0
210,13,175.000,47.000,7.000,4.000,1.0,1,1.0
211,13,175.000,47.000,7.000,4.000,1.0,1,1.0
212,13,175.000,47.000,7.000,4.000,1.0,1,1.0
213,13,175.000,47.000,7.000,4.000,1.0,1,1.0
214,13,175.000,47.000,7.000,4.000,1.0,1,1.0
215,13,175.000,47.000,7.000,4.000,1.0,1,1.0
216,13,175.000,47.000,7.000,4.000,1.0,1,1.0
217,13,175.000,47.000,7.000,4.000,1.0,1,1.0
218,13,175.000,47.000,7.000,4.000,1.0,1,1.0
219,13,175.000,47.000,7.000,4.000,1.0,1,1.0
220,13,175.000,47.000,7.000,4.000,1.0,1,1.0
221,13,175.000,47.000,7.000,4.000,1.0,1,1.0
222,13,175.000,47.000,7.000,4.000,1.0,1,1.0
223,13,175.000,47.000,7.000,4.000,1.0,1,1.0
224,13,175.000,47.000,7.000,4.000,1.0,1,1.0
225,13,175.000,47.000,7.000,4.000,1.0,1,1.0
226,13,175.000,47.000,7.000,4.000,1.0,1,1.0
227,13,175.000,47.000,7.000,4.000,1.0,1,1.0
228,13,175.000,47.000,7.000,4.000,1.0,1,1.0
229,13,175.000,48.000,7.000,3.000,1.0,1,1.0
230,13,175.000,47.000,7.000,4.000,1.0,1,1.0
231,13,175.000,47.000,7.000,4.000,1.0,1,1.0
232,13,175.000,47.000,7.000,4.000,1.0,1,1.0
233,13,175.000,47.000,8.000,4.000,1.0,1,1.0
234,13,175.000,47.000,8.000,4.000,1.0,1,1.0
235,13,175.000,47.000,8.000,4.000,1.0,1,1.0
236,13,175.000,47.000,8.000,4.000,1.0,1,1.0
237,13,175.000,47.000,8.000,4.000,1.0,1,1.0
238,13,175.000,47.000,7.000,4.000,1.0,1,1.0
239,13,175.000,47.000,7.000,4.000,1.0,1,1.0
240,13,175.000,48.000,7.000,3.000,1.0,1,1.0
241,13,175.000,48.000,7.000,3.000,1.0,1,1.0
242,13,175.000,48.000,7.000,3.000,1.0,1,1.0
243,13,175.000,48.000,7.000,3.000,1.0,1,1.0
244,13,175.000,48.000,7.000,3.000,1.0,1,1.0
245,13,175.000,48.000,7.000,3.000,1.0,1,1.0
246,13,175.000,48.000,7.000,3.000,1.0,1,1.0
247,13,175.000,48.000,7.000,3.000,1.0,1,1.0
248,13,175.000,48.000,7.000,3.000,1.0,1,1.0
249,13,175.000,48.000,7.000,3.000,1.0,1,1.0
250,13,175.000,48.000,7.000,3.000,1.0,1,1.0
251,13,175.000,48.000,7.000,3.000,1.0,1,1.0
252,13,175.000,48.000,7.000,3.000,1.0,1,1.0
253,13,175.000,48.000,7.000,3.000,1.0,1,1.0
254,13,175.000,48.000,7.000,3.000,1.0,1,1.0
255,13,175.000,48.000,7.000,3.000,1.0,1,1.0
256,13,175.000,48.000,8.000,3.000,1.0,1,1.0
257,13,177.000,48.000,7.000,4.000,1.0,1,1.0
258,13,178.000,48.000,7.000,4.000,1.0,1,1.0
259,13,179.000,49.000,8.000,4.000,1.0,1,1.0
260,13,180.000,49.000,8.000,3.000,1.0,1,1.0
261,13,182.000,48.000,7.000,4.000,1.0,1,1.0
262,13,183.000,48.000,8.000,4.000,1.0,1,1.0
263,13,185.000,48.000,8.000,4.000,1.0,1,1.0
264,13,188.000,48.000,7.000,4.000,1.0,1,1.0
265,13,190.000,47.000,7.000,4.000,1.0,1,1.0
266,13,192.000,47.000,7.000,4.000,1.0,1,1.0
267,13,195.000,47.000,7.000,4.000,1.0,1,1.0
268,13,197.000,45.000,7.000,5.000,1.0,1,1.0
269,13,199.000,45.000,7.000,4.000,1.0,1,1.0
270,13,201.000,43.000,6.000,4.000,1.0,1,1.0
271,13,203.000,40.000,5.000,7.000,1.0,1,1.0
272,13,204.000,37.000,6.000,8.000,1.0,1,1.0
273,13,205.000,35.000,6.000,8.000,1.0,1,1.0
274,13,205.000,33.000,7.000,7.000,1.0,1,1.0
275,13,205.000,32.000,8.000,7.000,1.0,1,1.0
295,13,196.000,28.000,6.000,6.000,1.0,1,1.0
1,36,705.000,383.000,4.000,7.000,1.0,1,1.0
2,36,707.000,381.000,6.000,6.000,1.0,1,1.0
3,36,708.000,380.000,8.000,5.000,1.0,1,1.0
4,36,713.000,380.000,7.000,4.000,1.0,1,1.0
5,36,716.000,379.000,7.000,4.000,1.0,1,1.0
6,36,719.000,380.000,7.000,5.000,1.0,1,1.0
7,36,721.000,381.000,6.000,5.000,1.0,1,1.0
8,36,724.000,383.000,7.000,5.000,1.0,1,1.0
9,36,727.000,385.000,5.000,5.000,1.0,1,1.0
10,36,728.000,387.000,6.000,5.000,1.0,1,1.0
11,36,730.000,388.000,5.000,4.000,1.0,1,1.0
12,36,732.000,389.000,5.000,4.000,1.0,1,1.0
13,36,734.000,390.000,4.000,4.000,1.0,1,1.0
14,36,735.000,390.000,4.000,4.000,1.0,1,1.0
15,36,734.000,390.000,5.000,4.000,1.0,1,1.0
16,36,734.000,389.000,5.000,4.000,1.0,1,1.0
17,36,734.000,390.000,5.000,3.000,1.0,1,1.0
18,36,733.000,389.000,5.000,4.000,1.0,1,1.0
19,36,732.000,389.000,6.000,4.000,1.0,1,1.0
20,36,731.000,389.000,5.000,4.000,1.0,1,1.0
21,36,729.000,390.000,6.000,3.000,1.0,1,1.0
22,36,728.000,390.000,5.000,3.000,1.0,1,1.0
23,36,724.000,390.000,7.000,3.000,1.0,1,1.0
24,36,721.000,390.000,6.000,3.000,1.0,1,1.0
25,36,716.000,390.000,8.000,3.000,1.0,1,1.0
26,36,712.000,390.000,9.000,4.000,1.0,1,1.0
27,36,707.000,390.000,9.000,4.000,1.0,1,1.0
28,36,703.000,391.000,8.000,4.000,1.0,1,1.0
29,36,697.000,390.000,10.000,4.000,1.0,1,1.0
30,36,693.000,390.000,9.000,4.000,1.0,1,1.0
31,36,690.000,389.000,9.000,4.000,1.0,1,1.0
32,36,687.000,388.000,8.000,4.000,1.0,1,1.0
33,36,684.000,387.000,8.000,4.000,1.0,1,1.0
34,36,680.000,385.000,8.000,4.000,1.0,1,1.0
35,36,677.000,383.000,8.000,5.000,1.0,1,1.0
36,36,675.000,379.000,6.000,6.000,1.0,1,1.0
37,36,672.000,378.000,7.000,5.000,1.0,1,1.0
38,36,670.000,374.000,6.000,6.000,1.0,1,1.0
39,36,668.000,372.000,6.000,6.000,1.0,1,1.0
40,36,667.000,370.000,5.000,5.000,1.0,1,1.0
41,36,665.000,369.000,5.000,5.000,1.0,1,1.0
42,36,665.000,368.000,5.000,5.000,1.0,1,1.0
43,36,665.000,366.000,3.000,5.000,1.0,1,1.0
44,36,664.000,364.000,4.000,5.000,1.0,1,1.0
45,36,665.000,362.000,3.000,6.000,1.0,1,1.0
46,36,665.000,361.000,4.000,5.000,1.0,1,1.0
47,36,666.000,359.000,3.000,6.000,1.0,1,1.0
48,36,666.000,359.000,4.000,5.000,1.0,1,1.0
49,36,667.000,358.000,4.000,5.000,1.0,1,1.0
50,36,669.000,358.000,3.000,5.000,1.0,1,1.0
51,36,670.000,360.000,4.000,5.000,1.0,1,1.0
52,36,670.000,362.000,6.000,5.000,1.0,1,1.0
53,36,673.000,363.000,5.000,6.000,1.0,1,1.0
54,36,674.000,366.000,6.000,6.000,1.0,1,1.0
55,36,677.000,368.000,5.000,7.000,1.0,1,1.0
56,36,678.000,371.000,4.000,7.000,1.0,1,1.0
57,36,678.000,373.000,4.000,8.000,1.0,1,1.0
58,36,679.000,377.000,3.000,8.000,1.0,1,1.0
59,36,679.000,381.000,4.000,8.000,1.0,1,1.0
60,36,679.000,385.000,4.000,8.000,1.0,1,1.0
61,36,680.000,388.000,3.000,9.000,1.0,1,1.0
62,36,680.000,391.000,4.000,9.000,1.0,1,1.0
63,36,679.000,387.000,4.000,9.000,1.0,1,1.0
64,36,680.000,386.000,4.000,8.000,1.0,1,1.0
65,36,679.000,386.000,6.000,6.000,1.0,1,1.0
66,36,678.000,384.000,7.000,5.000,1.0,1,1.0
67,36,676.000,384.000,7.000,3.000,1.0,1,1.0
68,36,674.000,383.000,8.000,3.000,1.0,1,1.0
69,36,674.000,383.000,8.000,3.000,1.0,1,1.0
70,36,675.000,383.000,7.000,4.000,1.0,1,1.0
71,36,676.000,383.000,7.000,4.000,1.0,1,1.0
72,36,677.000,384.000,7.000,3.000,1.0,1,1.0
73,36,679.000,384.000,7.000,4.000,1.0,1,1.0
74,36,680.000,385.000,7.000,4.000,1.0,1,1.0
75,36,681.000,387.000,7.000,4.000,1.0,1,1.0
76,36,682.000,388.000,7.000,5.000,1.0,1,1.0
77,36,682.000,389.000,6.000,6.000,1.0,1,1.0
78,36,682.000,389.000,6.000,8.000,1.0,1,1.0
79,36,683.000,391.000,5.000,8.000,1.0,1,1.0
80,36,684.000,391.000,5.000,8.000,1.0,1,1.0
81,36,684.000,391.000,5.000,8.000,1.0,1,1.0
82,36,684.000,391.000,5.000,8.000,1.0,1,1.0
83,36,683.000,389.000,4.000,9.000,1.0,1,1.0
84,36,682.000,389.000,4.000,9.000,1.0,1,1.0
85,36,681.000,390.000,6.000,7.000,1.0,1,1.0
86,36,680.000,391.000,7.000,5.000,1.0,1,1.0
87,36,679.000,390.000,7.000,4.000,1.0,1,1.0
88,36,677.000,390.000,7.000,3.000,1.0,1,1.0
89,36,676.000,388.000,7.000,4.000,1.0,1,1.0
90,36,674.000,387.000,7.000,5.000,1.0,1,1.0
91,36,673.000,386.000,6.000,5.000,1.0,1,1.0
92,36,672.000,384.000,6.000,5.000,1.0,1,1.0
93,36,671.000,384.000,4.000,3.000,1.0,1,1.0
94,36,669.000,383.000,5.000,3.000,1.0,1,1.0
95,36,668.000,381.000,4.000,4.000,1.0,1,1.0
96,36,667.000,380.000,4.000,4.000,1.0,1,1.0
97,36,666.000,380.000,3.000,3.000,1.0,1,1.0
98,36,665.000,379.000,4.000,4.000,1.0,1,1.0
99,36,665.000,380.000,3.000,4.000,1.0,1,1.0
100,36,665.000,381.000,2.000,4.000,1.0,1,1.0
101,36,665.000,382.000,2.000,3.000,1.0,1,1.0
102,36,665.000,382.000,3.000,4.000,1.0,1,1.0
103,36,665.000,384.000,4.000,3.000,1.0,1,1.0
104,36,666.000,384.000,5.000,3.000,1.0,1,1.0
105,36,667.000,385.000,6.000,3.000,1.0,1,1.0
106,36,669.000,385.000,6.000,4.000,1.0,1,1.0
107,36,671.000,387.000,6.000,3.000,1.0,1,1.0
108,36,673.000,387.000,7.000,4.000,1.0,1,1.0
109,36,674.000,389.000,7.000,5.000,1.0,1,1.0
110,36,677.000,391.000,6.000,5.000,1.0,1,1.0
111,36,678.000,393.000,8.000,6.000,1.0,1,1.0
112,36,681.000,396.000,6.000,5.000,1.0,1,1.0
113,36,682.000,397.000,7.000,5.000,1.0,1,1.0
114,36,682.000,397.000,8.000,4.000,1.0,1,1.0
115,36,683.000,397.000,8.000,4.000,1.0,1,1.0
116,36,685.000,396.000,9.000,5.000,1.0,1,1.0
117,36,687.000,395.000,10.000,5.000,1.0,1,1.0
118,36,689.000,395.000,9.000,5.000,1.0,1,1.0
119,36,691.000,395.000,10.000,5.000,1.0,1,1.0
121,36,699.000,396.000,9.000,4.000,1.0,1,1.0
125,36,709.000,397.000,9.000,4.000,1.0,1,1.0
126,36,712.000,397.000,8.000,4.000,1.0,1,1.0
127,36,714.000,396.000,7.000,4.000,1.0,1,1.0
128,36,716.000,397.000,8.000,3.000,1.0,1,1.0
129,36,717.000,397.000,8.000,4.000,1.0,1,1.0
134,36,721.000,398.000,8.000,3.000,1.0,1,1.0
135,36,723.000,397.000,6.000,3.000,1.0,1,1.0
136,36,724.000,396.000,7.000,4.000,1.0,1,1.0
137,36,725.000,395.000,7.000,4.000,1.0,1,1.0
138,36,728.000,394.000,6.000,4.000,1.0,1,1.0
139,36,729.000,393.000,6.000,4.000,1.0,1,1.0
140,36,731.000,393.000,5.000,4.000,1.0,1,1.0
141,36,733.000,391.000,4.000,5.000,1.0,1,1.0
142,36,734.000,391.000,4.000,4.000,1.0,1,1.0
143,36,735.000,390.000,4.000,4.000,1.0,1,1.0
144,36,735.000,390.000,4.000,4.000,1.0,1,1.0
145,36,735.000,389.000,4.000,4.000,1.0,1,1.0
146,36,735.000,390.000,4.000,3.000,1.0,1,1.0
147,36,734.000,389.000,4.000,3.000,1.0,1,1.0
148,36,733.000,388.000,4.000,4.000,1.0,1,1.0
149,36,732.000,387.000,4.000,4.000,1.0,1,1.0
150,36,730.000,387.000,5.000,4.000,1.0,1,1.0
151,36,728.000,386.000,4.000,4.000,1.0,1,1.0
152,36,726.000,386.000,5.000,4.000,1.0,1,1.0
153,36,724.000,385.000,5.000,4.000,1.0,1,1.0
154,36,721.000,384.000,6.000,4.000,1.0,1,1.0
155,36,718.000,383.000,7.000,4.000,1.0,1,1.0
156,36,715.000,381.000,7.000,5.000,1.0,1,1.0
157,36,711.000,379.000,8.000,5.000,1.0,1,1.0
158,36,709.000,378.000,8.000,4.000,1.0,1,1.0
159,36,706.000,377.000,8.000,5.000,1.0,1,1.0
160,36,704.000,377.000,8.000,4.000,1.0,1,1.0
161,36,700.000,379.000,8.000,4.000,1.0,1,1.0
162,36,697.000,377.000,8.000,5.000,1.0,1,1.0
163,36,695.000,376.000,8.000,5.000,1.0,1,1.0
164,36,692.000,376.000,8.000,4.000,1.0,1,1.0
165,36,689.000,375.000,8.000,4.000,1.0,1,1.0
166,36,686.000,376.000,8.000,3.000,1.0,1,1.0
167,36,683.000,376.000,7.000,4.000,1.0,1,1.0
168,36,681.000,378.000,7.000,3.000,1.0,1,1.0
169,36,679.000,379.000,7.000,4.000,1.0,1,1.0
170,36,677.000,381.000,7.000,5.000,1.0,1,1.0
171,36,675.000,384.000,6.000,5.000,1.0,1,1.0
172,36,674.000,387.000,6.000,6.000,1.0,1,1.0
173,36,674.000,389.000,4.000,8.000,1.0,1,1.0
174,36,673.000,392.000,4.000,7.000,1.0,1,1.0
175,36,673.000,392.000,4.000,7.000,1.0,1,1.0
176,36,671.000,392.000,5.000,6.000,1.0,1,1.0
177,36,670.000,394.000,5.000,4.000,1.0,1,1.0
178,36,669.000,394.000,5.000,4.000,1.0,1,1.0
179,36,668.000,394.000,4.000,3.000,1.0,1,1.0
180,36,667.000,393.000,3.000,3.000,1.0,1,1.0
181,36,666.000,392.000,3.000,3.000,1.0,1,1.0
182,36,665.000,391.000,4.000,3.000,1.0,1,1.0
183,36,665.000,390.000,3.000,3.000,1.0,1,1.0
184,36,664.000,389.000,4.000,4.000,1.0,1,1.0
185,36,664.000,389.000,4.000,4.000,1.0,1,1.0
186,36,665.000,389.000,3.000,4.000,1.0,1,1.0
187,36,665.000,390.000,4.000,3.000,1.0,1,1.0
188,36,666.000,391.000,5.000,4.000,1.0,1,1.0
189,36,668.000,392.000,5.000,5.000,1.0,1,1.0
190,36,670.000,395.000,5.000,4.000,1.0,1,1.0
191,36,672.000,396.000,6.000,5.000,1.0,1,1.0
192,36,674.000,398.000,6.000,4.000,1.0,1,1.0
193,36,675.000,398.000,8.000,4.000,1.0,1,1.0
194,36,677.000,397.000,8.000,4.000,1.0,1,1.0
195,36,680.000,397.000,7.000,4.000,1.0,1,1.0
196,36,680.000,397.000,8.000,4.000,1.0,1,1.0
197,36,681.000,397.000,7.000,5.000,1.0,1,1.0
198,36,680.000,397.000,7.000,5.000,1.0,1,1.0
199,36,680.000,397.000,7.000,5.000,1.0,1,1.0
200,36,680.000,397.000,7.000,5.000,1.0,1,1.0
201,36,679.000,397.000,8.000,4.000,1.0,1,1.0
202,36,679.000,396.000,7.000,4.000,1.0,1,1.0
203,36,678.000,395.000,8.000,5.000,1.0,1,1.0
204,36,677.000,394.000,8.000,5.000,1.0,1,1.0
205,36,678.000,393.000,8.000,3.000,1.0,1,1.0
206,36,680.000,392.000,8.000,3.000,1.0,1,1.0
207,36,682.000,391.000,8.000,4.000,1.0,1,1.0
208,36,684.000,390.000,9.000,4.000,1.0,1,1.0
209,36,687.000,388.000,8.000,4.000,1.0,1,1.0
210,36,690.000,386.000,8.000,5.000,1.0,1,1.0
211,36,692.000,383.000,8.000,6.000,1.0,1,1.0
212,36,696.000,381.000,7.000,5.000,1.0,1,1.0
213,36,699.000,378.000,7.000,6.000,1.0,1,1.0
214,36,702.000,376.000,7.000,6.000,1.0,1,1.0
215,36,704.000,374.000,7.000,5.000,1.0,1,1.0
216,36,707.000,371.000,7.000,6.000,1.0,1,1.0
217,36,709.000,368.000,7.000,6.000,1.0,1,1.0
218,36,712.000,366.000,6.000,6.000,1.0,1,1.0
219,36,714.000,363.000,6.000,6.000,1.0,1,1.0
220,36,716.000,360.000,6.000,6.000,1.0,1,1.0
221,36,718.000,356.000,5.000,7.000,1.0,1,1.0
222,36,721.000,353.000,4.000,7.000,1.0,1,1.0
223,36,722.000,349.000,5.000,7.000,1.0,1,1.0
224,36,724.000,347.000,5.000,7.000,1.0,1,1.0
225,36,726.000,345.000,5.000,7.000,1.0,1,1.0
226,36,728.000,342.000,4.000,7.000,1.0,1,1.0
227,36,729.000,340.000,5.000,7.000,1.0,1,1.0
228,36,731.000,338.000,5.000,6.000,1.0,1,1.0
229,36,732.000,337.000,5.000,5.000,1.0,1,1.0
230,36,734.000,335.000,4.000,5.000,1.0,1,1.0
231,36,735.000,333.000,4.000,5.000,1.0,1,1.0
232,36,736.000,332.000,4.000,6.000,1.0,1,1.0
233,36,736.000,332.000,3.000,4.000,1.0,1,1.0
234,36,736.000,332.000,4.000,6.000,1.0,1,1.0
235,36,734.000,333.000,4.000,4.000,1.0,1,1.0
236,36,734.000,335.000,4.000,4.000,1.0,1,1.0
237,36,733.000,336.000,3.000,3.000,1.0,1,1.0
238,36,731.000,338.000,4.000,3.000,1.0,1,1.0
239,36,730.000,338.000,4.000,3.000,1.0,1,1.0
240,36,729.000,338.000,5.000,3.000,1.0,1,1.0
241,36,728.000,336.000,5.000,5.000,1.0,1,1.0
242,36,728.000,333.000,4.000,6.000,1.0,1,1.0
243,36,726.000,330.000,5.000,7.000,1.0,1,1.0
244,36,725.000,328.000,4.000,6.000,1.0,1,1.0
245,36,723.000,324.000,5.000,7.000,1.0,1,1.0
246,36,721.000,322.000,5.000,6.000,1.0,1,1.0
247,36,719.000,319.000,5.000,6.000,1.0,1,1.0
248,36,716.000,316.000,6.000,6.000,1.0,1,1.0
249,36,714.000,313.000,6.000,7.000,1.0,1,1.0
250,36,711.000,311.000,6.000,7.000,1.0,1,1.0
251,36,708.000,309.000,6.000,6.000,1.0,1,1.0
252,36,705.000,307.000,7.000,6.000,1.0,1,1.0
253,36,701.000,305.000,7.000,6.000,1.0,1,1.0
254,36,698.000,303.000,7.000,5.000,1.0,1,1.0
255,36,695.000,301.000,7.000,6.000,1.0,1,1.0
256,36,692.000,299.000,8.000,6.000,1.0,1,1.0
257,36,689.000,297.000,8.000,5.000,1.0,1,1.0
258,36,688.000,294.000,6.000,6.000,1.0,1,1.0
259,36,686.000,291.000,5.000,6.000,1.0,1,1.0
260,36,685.000,288.000,5.000,7.000,1.0,1,1.0
261,36,683.000,285.000,5.000,7.000,1.0,1,1.0
262,36,682.000,281.000,4.000,7.000,1.0,1,1.0
263,36,680.000,278.000,5.000,7.000,1.0,1,1.0
264,36,679.000,274.000,4.000,8.000,1.0,1,1.0
265,36,678.000,271.000,4.000,8.000,1.0,1,1.0
266,36,678.000,267.000,4.000,8.000,1.0,1,1.0
267,36,677.000,264.000,4.000,8.000,1.0,1,1.0
268,36,676.000,261.000,4.000,8.000,1.0,1,1.0
269,36,675.000,257.000,4.000,8.000,1.0,1,1.0
270,36,674.000,254.000,4.000,8.000,1.0,1,1.0
271,36,673.000,250.000,4.000,8.000,1.0,1,1.0
272,36,673.000,247.000,4.000,8.000,1.0,1,1.0
273,36,672.000,243.000,4.000,7.000,1.0,1,1.0
274,36,672.000,239.000,3.000,8.000,1.0,1,1.0
275,36,671.000,235.000,4.000,8.000,1.0,1,1.0
276,36,671.000,232.000,3.000,7.000,1.0,1,1.0
277,36,670.000,228.000,4.000,8.000,1.0,1,1.0
278,36,670.000,224.000,3.000,8.000,1.0,1,1.0
279,36,670.000,220.000,3.000,8.000,1.0,1,1.0
280,36,670.000,216.000,3.000,8.000,1.0,1,1.0
281,36,670.000,212.000,3.000,8.000,1.0,1,1.0
282,36,670.000,209.000,3.000,8.000,1.0,1,1.0
283,36,670.000,204.000,3.000,8.000,1.0,1,1.0
284,36,670.000,201.000,3.000,8.000,1.0,1,1.0
285,36,670.000,197.000,3.000,8.000,1.0,1,1.0
286,36,669.000,194.000,3.000,8.000,1.0,1,1.0
287,36,668.000,192.000,3.000,7.000,1.0,1,1.0
288,36,668.000,187.000,3.000,7.000,1.0,1,1.0
289,36,667.000,184.000,3.000,7.000,1.0,1,1.0
290,36,667.000,181.000,2.000,7.000,1.0,1,1.0
291,36,666.000,178.000,3.000,7.000,1.0,1,1.0
292,36,666.000,175.000,3.000,7.000,1.0,1,1.0
293,36,666.000,171.000,3.000,7.000,1.0,1,1.0
294,36,665.000,168.000,4.000,7.000,1.0,1,1.0
295,36,665.000,166.000,4.000,7.000,1.0,1,1.0
296,36,666.000,163.000,3.000,8.000,1.0,1,1.0
297,36,666.000,161.000,3.000,7.000,1.0,1,1.0
298,36,666.000,159.000,4.000,7.000,1.0,1,1.0
299,36,667.000,157.000,3.000,7.000,1.0,1,1.0
300,36,667.000,155.000,4.000,7.000,1.0,1,1.0
301,36,668.000,155.000,4.000,6.000,1.0,1,1.0
302,36,669.000,153.000,4.000,6.000,1.0,1,1.0
303,36,670.000,151.000,4.000,6.000,1.0,1,1.0
304,36,670.000,149.000,5.000,7.000,1.0,1,1.0
305,36,670.000,146.000,5.000,7.000,1.0,1,1.0
306,36,671.000,143.000,4.000,8.000,1.0,1,1.0
307,36,671.000,140.000,4.000,8.000,1.0,1,1.0
308,36,672.000,136.000,4.000,9.000,1.0,1,1.0
309,36,672.000,133.000,4.000,8.000,1.0,1,1.0
310,36,672.000,129.000,4.000,8.000,1.0,1,1.0
311,36,673.000,126.000,3.000,8.000,1.0,1,1.0
312,36,673.000,122.000,4.000,9.000,1.0,1,1.0
313,36,673.000,118.000,3.000,9.000,1.0,1,1.0
314,36,673.000,114.000,4.000,9.000,1.0,1,1.0
315,36,673.000,111.000,4.000,8.000,1.0,1,1.0
316,36,673.000,107.000,4.000,9.000,1.0,1,1.0
317,36,674.000,104.000,3.000,9.000,1.0,1,1.0
318,36,673.000,100.000,4.000,9.000,1.0,1,1.0
319,36,674.000,97.000,3.000,8.000,1.0,1,1.0
320,36,674.000,93.000,3.000,9.000,1.0,1,1.0
321,36,675.000,90.000,4.000,8.000,1.0,1,1.0
322,36,675.000,86.000,5.000,8.000,1.0,1,1.0
323,36,677.000,83.000,4.000,8.000,1.0,1,1.0
324,36,677.000,79.000,4.000,8.000,1.0,1,1.0
1,10,157.000,315.000,4.000,9.000,1.0,1,1.0
2,10,157.000,315.000,4.000,9.000,1.0,1,1.0
3,10,157.000,315.000,4.000,9.000,1.0,1,1.0
4,10,158.000,313.000,5.000,8.000,1.0,1,1.0
5,10,160.000,308.000,4.000,8.000,1.0,1,1.0
6,10,161.000,304.000,5.000,9.000,1.0,1,1.0
7,10,162.000,300.000,4.000,9.000,1.0,1,1.0
8,10,163.000,295.000,4.000,9.000,1.0,1,1.0
9,10,165.000,290.000,3.000,9.000,1.0,1,1.0
10,10,165.000,286.000,4.000,9.000,1.0,1,1.0
11,10,164.000,282.000,4.000,8.000,1.0,1,1.0
12,10,162.000,278.000,4.000,8.000,1.0,1,1.0
13,10,160.000,275.000,5.000,8.000,1.0,1,1.0
14,10,159.000,272.000,5.000,7.000,1.0,1,1.0
15,10,157.000,268.000,4.000,8.000,1.0,1,1.0
16,10,156.000,265.000,4.000,8.000,1.0,1,1.0
17,10,152.000,262.000,6.000,7.000,1.0,1,1.0
18,10,150.000,258.000,6.000,7.000,1.0,1,1.0
19,10,149.000,255.000,4.000,7.000,1.0,1,1.0
20,10,147.000,251.000,4.000,8.000,1.0,1,1.0
21,10,145.000,249.000,4.000,7.000,1.0,1,1.0
22,10,144.000,246.000,4.000,7.000,1.0,1,1.0
23,10,143.000,243.000,4.000,8.000,1.0,1,1.0
24,10,142.000,241.000,3.000,7.000,1.0,1,1.0
25,10,141.000,239.000,4.000,6.000,1.0,1,1.0
26,10,140.000,237.000,4.000,6.000,1.0,1,1.0
27,10,139.000,234.000,4.000,7.000,1.0,1,1.0
28,10,139.000,231.000,4.000,7.000,1.0,1,1.0
29,10,139.000,228.000,4.000,7.000,1.0,1,1.0
30,10,139.000,224.000,4.000,8.000,1.0,1,1.0
31,10,139.000,220.000,5.000,8.000,1.0,1,1.0
32,10,140.000,216.000,4.000,8.000,1.0,1,1.0
33,10,140.000,213.000,4.000,8.000,1.0,1,1.0
34,10,141.000,209.000,4.000,8.000,1.0,1,1.0
35,10,142.000,205.000,4.000,8.000,1.0,1,1.0
36,10,142.000,200.000,5.000,9.000,1.0,1,1.0
37,10,143.000,197.000,5.000,8.000,1.0,1,1.0
38,10,144.000,193.000,5.000,9.000,1.0,1,1.0
39,10,145.000,189.000,5.000,9.000,1.0,1,1.0
40,10,146.000,185.000,5.000,9.000,1.0,1,1.0
41,10,147.000,181.000,5.000,8.000,1.0,1,1.0
42,10,148.000,177.000,5.000,9.000,1.0,1,1.0
43,10,149.000,173.000,4.000,9.000,1.0,1,1.0
44,10,150.000,170.000,4.000,9.000,1.0,1,1.0
45,10,150.000,167.000,4.000,9.000,1.0,1,1.0
46,10,150.000,165.000,4.000,9.000,1.0,1,1.0
47,10,150.000,164.000,4.000,9.000,1.0,1,1.0
48,10,151.000,163.000,4.000,9.000,1.0,1,1.0
49,10,151.000,163.000,5.000,8.000,1.0,1,1.0
50,10,151.000,163.000,8.000,6.000,1.0,1,1.0
51,10,154.000,163.000,8.000,6.000,1.0,1,1.0
52,10,154.000,162.000,9.000,6.000,1.0,1,1.0
53,10,156.000,162.000,8.000,6.000,1.0,1,1.0
54,10,156.000,162.000,9.000,5.000,1.0,1,1.0
55,10,157.000,161.000,8.000,6.000,1.0,1,1.0
56,10,157.000,161.000,9.000,6.000,1.0,1,1.0
57,10,157.000,161.000,9.000,5.000,1.0,1,1.0
58,10,157.000,160.000,9.000,6.000,1.0,1,1.0
59,10,157.000,159.000,8.000,6.000,1.0,1,1.0
60,10,158.000,159.000,7.000,6.000,1.0,1,1.0
61,10,158.000,157.000,8.000,7.000,1.0,1,1.0
62,10,159.000,157.000,7.000,6.000,1.0,1,1.0
63,10,160.000,156.000,7.000,6.000,1.0,1,1.0
64,10,160.000,155.000,7.000,6.000,1.0,1,1.0
65,10,161.000,153.000,7.000,7.000,1.0,1,1.0
66,10,163.000,150.000,5.000,8.000,1.0,1,1.0
67,10,164.000,146.000,6.000,9.000,1.0,1,1.0
68,10,165.000,143.000,5.000,9.000,1.0,1,1.0
69,10,167.000,140.000,4.000,8.000,1.0,1,1.0
70,10,168.000,135.000,3.000,9.000,1.0,1,1.0
71,10,168.000,132.000,3.000,8.000,1.0,1,1.0
72,10,169.000,127.000,2.000,9.000,1.0,1,1.0
73,10,169.000,122.000,2.000,9.000,1.0,1,1.0
74,10,168.000,118.000,3.000,9.000,1.0,1,1.0
75,10,168.000,114.000,2.000,9.000,1.0,1,1.0
76,10,168.000,110.000,2.000,9.000,1.0,1,1.0
77,10,167.000,107.000,3.000,8.000,1.0,1,1.0
78,10,166.000,103.000,3.000,8.000,1.0,1,1.0
79,10,166.000,99.000,3.000,9.000,1.0,1,1.0
80,10,165.000,95.000,3.000,9.000,1.0,1,1.0
81,10,165.000,91.000,3.000,9.000,1.0,1,1.0
82,10,165.000,87.000,3.000,9.000,1.0,1,1.0
83,10,164.000,84.000,3.000,9.000,1.0,1,1.0
84,10,164.000,80.000,3.000,9.000,1.0,1,1.0
85,10,163.000,77.000,3.000,9.000,1.0,1,1.0
86,10,163.000,74.000,3.000,9.000,1.0,1,1.0
87,10,163.000,71.000,3.000,9.000,1.0,1,1.0
88,10,163.000,68.000,2.000,8.000,1.0,1,1.0
89,10,162.000,65.000,3.000,9.000,1.0,1,1.0
90,10,161.000,63.000,3.000,9.000,1.0,1,1.0
91,10,161.000,61.000,3.000,9.000,1.0,1,1.0
92,10,161.000,60.000,3.000,8.000,1.0,1,1.0
93,10,159.000,59.000,5.000,8.000,1.0,1,1.0
94,10,157.000,58.000,6.000,7.000,1.0,1,1.0
95,10,156.000,56.000,6.000,7.000,1.0,1,1.0
96,10,154.000,54.000,6.000,7.000,1.0,1,1.0
97,10,153.000,52.000,5.000,7.000,1.0,1,1.0
98,10,153.000,49.000,4.000,8.000,1.0,1,1.0
99,10,152.000,48.000,5.000,8.000,1.0,1,1.0
100,10,153.000,46.000,3.000,8.000,1.0,1,1.0
101,10,154.000,44.000,3.000,8.000,1.0,1,1.0
102,10,154.000,42.000,6.000,8.000,1.0,1,1.0
103,10,156.000,40.000,6.000,8.000,1.0,1,1.0
104,10,158.000,38.000,6.000,8.000,1.0,1,1.0
105,10,160.000,37.000,7.000,7.000,1.0,1,1.0
106,10,161.000,36.000,7.000,7.000,1.0,1,1.0
107,10,163.000,35.000,10.000,7.000,1.0,1,1.0
108,10,167.000,35.000,8.000,5.000,1.0,1,1.0
109,10,169.000,36.000,8.000,5.000,1.0,1,1.0
110,10,170.000,37.000,8.000,5.000,1.0,1,1.0
111,10,171.000,37.000,9.000,5.000,1.0,1,1.0
112,10,172.000,37.000,8.000,5.000,1.0,1,1.0
113,10,172.000,38.000,8.000,5.000,1.0,1,1.0
1,38,730.000,349.000,4.000,7.000,1.0,1,1.0
2,38,730.000,350.000,5.000,6.000,1.0,1,1.0
3,38,731.000,350.000,4.000,4.000,1.0,1,1.0
4,38,732.000,349.000,5.000,4.000,1.0,1,1.0
5,38,734.000,348.000,4.000,4.000,1.0,1,1.0
6,38,735.000,347.000,4.000,4.000,1.0,1,1.0
10,38,735.000,346.000,5.000,6.000,1.0,1,1.0
11,38,734.000,348.000,5.000,5.000,1.0,1,1.0
12,38,734.000,349.000,5.000,6.000,1.0,1,1.0
13,38,733.000,351.000,5.000,5.000,1.0,1,1.0
14,38,732.000,351.000,5.000,6.000,1.0,1,1.0
15,38,732.000,352.000,5.000,3.000,1.0,1,1.0
16,38,733.000,349.000,4.000,6.000,1.0,1,1.0
17,38,733.000,347.000,5.000,8.000,1.0,1,1.0
18,38,733.000,345.000,5.000,8.000,1.0,1,1.0
19,38,734.000,342.000,4.000,9.000,1.0,1,1.0
20,38,734.000,340.000,4.000,8.000,1.0,1,1.0
21,38,734.000,338.000,4.000,8.000,1.0,1,1.0
22,38,734.000,335.000,4.000,8.000,1.0,1,1.0
23,38,735.000,333.000,4.000,7.000,1.0,1,1.0
24,38,735.000,330.000,4.000,8.000,1.0,1,1.0
25,38,736.000,328.000,4.000,8.000,1.0,1,1.0
26,38,736.000,327.000,4.000,7.000,1.0,1,1.0
27,38,736.000,325.000,4.000,7.000,1.0,1,1.0
28,38,736.000,323.000,4.000,8.000,1.0,1,1.0
29,38,736.000,323.000,4.000,7.000,1.0,1,1.0
30,38,736.000,323.000,4.000,7.000,1.0,1,1.0
32,38,699.000,306.000,6.000,6.000,1.0,1,1.0
33,38,700.000,305.000,5.000,6.000,1.0,1,1.0
34,38,700.000,304.000,5.000,7.000,1.0,1,1.0
35,38,700.000,303.000,5.000,7.000,1.0,1,1.0
36,38,700.000,301.000,3.000,8.000,1.0,1,1.0
37,38,697.000,300.000,6.000,7.000,1.0,1,1.0
38,38,696.000,299.000,6.000,7.000,1.0,1,1.0
39,38,697.000,296.000,3.000,8.000,1.0,1,1.0
40,38,697.000,293.000,3.000,9.000,1.0,1,1.0
41,38,698.000,291.000,3.000,8.000,1.0,1,1.0
42,38,698.000,289.000,4.000,7.000,1.0,1,1.0
43,38,699.000,286.000,4.000,7.000,1.0,1,1.0
44,38,700.000,282.000,4.000,8.000,1.0,1,1.0
45,38,701.000,280.000,4.000,8.000,1.0,1,1.0
46,38,702.000,278.000,4.000,7.000,1.0,1,1.0
47,38,703.000,275.000,5.000,7.000,1.0,1,1.0
48,38,705.000,272.000,5.000,7.000,1.0,1,1.0
49,38,707.000,268.000,4.000,7.000,1.0,1,1.0
50,38,708.000,265.000,4.000,8.000,1.0,1,1.0
51,38,708.000,262.000,5.000,8.000,1.0,1,1.0
52,38,710.000,260.000,4.000,8.000,1.0,1,1.0
53,38,711.000,258.000,4.000,8.000,1.0,1,1.0
54,38,712.000,255.000,4.000,8.000,1.0,1,1.0
55,38,713.000,252.000,4.000,7.000,1.0,1,1.0
56,38,712.000,250.000,4.000,7.000,1.0,1,1.0
57,38,710.000,248.000,5.000,7.000,1.0,1,1.0
58,38,708.000,245.000,5.000,8.000,1.0,1,1.0
59,38,705.000,245.000,7.000,5.000,1.0,1,1.0
60,38,702.000,242.000,7.000,7.000,1.0,1,1.0
61,38,698.000,242.000,7.000,5.000,1.0,1,1.0
62,38,695.000,241.000,7.000,5.000,1.0,1,1.0
63,38,693.000,239.000,7.000,6.000,1.0,1,1.0
64,38,690.000,238.000,8.000,6.000,1.0,1,1.0
65,38,687.000,237.000,8.000,6.000,1.0,1,1.0
66,38,685.000,236.000,7.000,5.000,1.0,1,1.0
67,38,682.000,236.000,8.000,5.000,1.0,1,1.0
68,38,680.000,235.000,7.000,4.000,1.0,1,1.0
69,38,677.000,234.000,7.000,5.000,1.0,1,1.0
70,38,675.000,233.000,7.000,5.000,1.0,1,1.0
71,38,673.000,233.000,7.000,5.000,1.0,1,1.0
72,38,672.000,233.000,6.000,5.000,1.0,1,1.0
73,38,670.000,234.000,5.000,4.000,1.0,1,1.0
74,38,670.000,235.000,5.000,4.000,1.0,1,1.0
75,38,668.000,236.000,5.000,5.000,1.0,1,1.0
76,38,668.000,237.000,4.000,5.000,1.0,1,1.0
77,38,667.000,239.000,3.000,4.000,1.0,1,1.0
78,38,666.000,239.000,4.000,5.000,1.0,1,1.0
79,38,666.000,241.000,3.000,4.000,1.0,1,1.0
80,38,666.000,242.000,2.000,4.000,1.0,1,1.0
81,38,666.000,244.000,2.000,4.000,1.0,1,1.0
82,38,666.000,244.000,3.000,5.000,1.0,1,1.0
83,38,666.000,245.000,4.000,4.000,1.0,1,1.0
84,38,667.000,245.000,4.000,4.000,1.0,1,1.0
85,38,668.000,246.000,4.000,4.000,1.0,1,1.0
86,38,669.000,246.000,5.000,5.000,1.0,1,1.0
87,38,670.000,247.000,6.000,4.000,1.0,1,1.0
88,38,671.000,248.000,7.000,4.000,1.0,1,1.0
89,38,671.000,248.000,7.000,4.000,1.0,1,1.0
90,38,671.000,248.000,7.000,5.000,1.0,1,1.0
91,38,673.000,249.000,6.000,5.000,1.0,1,1.0
92,38,674.000,250.000,7.000,4.000,1.0,1,1.0
93,38,675.000,250.000,7.000,5.000,1.0,1,1.0
94,38,676.000,251.000,7.000,5.000,1.0,1,1.0
95,38,677.000,253.000,7.000,4.000,1.0,1,1.0
96,38,678.000,253.000,7.000,5.000,1.0,1,1.0
97,38,679.000,254.000,6.000,7.000,1.0,1,1.0
98,38,681.000,258.000,5.000,7.000,1.0,1,1.0
99,38,683.000,260.000,5.000,7.000,1.0,1,1.0
100,38,684.000,262.000,6.000,8.000,1.0,1,1.0
101,38,687.000,265.000,5.000,7.000,1.0,1,1.0
102,38,689.000,267.000,6.000,7.000,1.0,1,1.0
103,38,690.000,270.000,8.000,4.000,1.0,1,1.0
104,38,694.000,272.000,8.000,4.000,1.0,1,1.0
105,38,697.000,272.000,9.000,5.000,1.0,1,1.0
106,38,700.000,274.000,9.000,3.000,1.0,1,1.0
107,38,703.000,273.000,8.000,4.000,1.0,1,1.0
108,38,706.000,273.000,9.000,4.000,1.0,1,1.0
109,38,709.000,274.000,9.000,3.000,1.0,1,1.0
110,38,712.000,274.000,8.000,3.000,1.0,1,1.0
111,38,714.000,274.000,8.000,3.000,1.0,1,1.0
112,38,714.000,274.000,9.000,3.000,1.0,1,1.0
113,38,715.000,274.000,8.000,3.000,1.0,1,1.0
114,38,715.000,274.000,8.000,3.000,1.0,1,1.0
115,38,715.000,274.000,8.000,3.000,1.0,1,1.0
116,38,717.000,273.000,7.000,4.000,1.0,1,1.0
117,38,732.000,269.000,3.000,5.000,1.0,1,1.0
118,38,731.000,270.000,3.000,6.000,1.0,1,1.0
119,38,731.000,270.000,3.000,6.000,1.0,1,1.0
120,38,731.000,270.000,3.000,6.000,1.0,1,1.0
121,38,731.000,269.000,3.000,7.000,1.0,1,1.0
122,38,731.000,270.000,3.000,7.000,1.0,1,1.0
124,38,732.000,272.000,5.000,7.000,1.0,1,1.0
125,38,732.000,271.000,7.000,7.000,1.0,1,1.0
126,38,733.000,268.000,5.000,9.000,1.0,1,1.0
127,38,735.000,265.000,5.000,9.000,1.0,1,1.0
128,38,736.000,263.000,4.000,9.000,1.0,1,1.0
129,38,736.000,262.000,3.000,8.000,1.0,1,1.0
130,38,736.000,260.000,4.000,8.000,1.0,1,1.0
131,38,736.000,258.000,4.000,8.000,1.0,1,1.0
132,38,735.000,258.000,4.000,8.000,1.0,1,1.0
133,38,735.000,257.000,4.000,7.000,1.0,1,1.0
134,38,735.000,255.000,4.000,8.000,1.0,1,1.0
135,38,735.000,255.000,4.000,8.000,1.0,1,1.0
136,38,735.000,254.000,4.000,8.000,1.0,1,1.0
137,38,735.000,252.000,4.000,8.000,1.0,1,1.0
138,38,734.000,251.000,4.000,8.000,1.0,1,1.0
139,38,734.000,251.000,4.000,7.000,1.0,1,1.0
140,38,734.000,250.000,4.000,7.000,1.0,1,1.0
141,38,734.000,248.000,4.000,8.000,1.0,1,1.0
142,38,733.000,246.000,4.000,8.000,1.0,1,1.0
143,38,733.000,245.000,4.000,9.000,1.0,1,1.0
144,38,733.000,245.000,4.000,7.000,1.0,1,1.0
145,38,732.000,243.000,4.000,7.000,1.0,1,1.0
146,38,731.000,243.000,4.000,6.000,1.0,1,1.0
147,38,730.000,243.000,4.000,7.000,1.0,1,1.0
148,38,730.000,240.000,4.000,8.000,1.0,1,1.0
149,38,729.000,239.000,5.000,8.000,1.0,1,1.0
150,38,729.000,239.000,4.000,8.000,1.0,1,1.0
151,38,729.000,238.000,4.000,8.000,1.0,1,1.0
152,38,729.000,238.000,5.000,7.000,1.0,1,1.0
153,38,729.000,237.000,5.000,8.000,1.0,1,1.0
154,38,729.000,236.000,4.000,8.000,1.0,1,1.0
155,38,729.000,235.000,4.000,8.000,1.0,1,1.0
156,38,729.000,234.000,4.000,8.000,1.0,1,1.0
157,38,729.000,234.000,4.000,7.000,1.0,1,1.0
158,38,728.000,233.000,4.000,8.000,1.0,1,1.0
159,38,728.000,231.000,4.000,8.000,1.0,1,1.0
160,38,728.000,230.000,4.000,8.000,1.0,1,1.0
161,38,727.000,228.000,5.000,8.000,1.0,1,1.0
162,38,727.000,227.000,4.000,8.000,1.0,1,1.0
163,38,726.000,225.000,4.000,8.000,1.0,1,1.0
164,38,726.000,224.000,4.000,7.000,1.0,1,1.0
165,38,725.000,222.000,5.000,8.000,1.0,1,1.0
166,38,724.000,221.000,5.000,8.000,1.0,1,1.0
167,38,724.000,219.000,5.000,8.000,1.0,1,1.0
168,38,724.000,217.000,4.000,8.000,1.0,1,1.0
169,38,723.000,215.000,4.000,8.000,1.0,1,1.0
170,38,722.000,214.000,4.000,9.000,1.0,1,1.0
171,38,723.000,212.000,3.000,9.000,1.0,1,1.0
172,38,722.000,211.000,4.000,7.000,1.0,1,1.0
173,38,721.000,209.000,3.000,8.000,1.0,1,1.0
174,38,721.000,207.000,4.000,8.000,1.0,1,1.0
175,38,720.000,205.000,4.000,8.000,1.0,1,1.0
176,38,719.000,204.000,3.000,8.000,1.0,1,1.0
177,38,719.000,202.000,4.000,9.000,1.0,1,1.0
178,38,720.000,201.000,3.000,8.000,1.0,1,1.0
179,38,719.000,199.000,3.000,9.000,1.0,1,1.0
180,38,719.000,198.000,3.000,8.000,1.0,1,1.0
181,38,719.000,196.000,4.000,8.000,1.0,1,1.0
182,38,719.000,194.000,3.000,8.000,1.0,1,1.0
183,38,719.000,192.000,3.000,9.000,1.0,1,1.0
184,38,719.000,191.000,4.000,8.000,1.0,1,1.0
185,38,719.000,189.000,4.000,8.000,1.0,1,1.0
186,38,719.000,187.000,4.000,8.000,1.0,1,1.0
187,38,720.000,185.000,3.000,8.000,1.0,1,1.0
188,38,720.000,184.000,3.000,8.000,1.0,1,1.0
189,38,720.000,184.000,3.000,8.000,1.0,1,1.0
190,38,719.000,184.000,4.000,8.000,1.0,1,1.0
191,38,719.000,185.000,4.000,8.000,1.0,1,1.0
192,38,719.000,185.000,4.000,8.000,1.0,1,1.0
193,38,719.000,184.000,4.000,9.000,1.0,1,1.0
194,38,719.000,184.000,4.000,9.000,1.0,1,1.0
195,38,719.000,185.000,4.000,8.000,1.0,1,1.0
196,38,719.000,185.000,4.000,8.000,1.0,1,1.0
197,38,719.000,185.000,4.000,8.000,1.0,1,1.0
198,38,719.000,185.000,4.000,7.000,1.0,1,1.0
199,38,719.000,185.000,4.000,8.000,1.0,1,1.0
200,38,719.000,184.000,4.000,9.000,1.0,1,1.0
201,38,719.000,185.000,4.000,7.000,1.0,1,1.0
202,38,719.000,185.000,4.000,8.000,1.0,1,1.0
203,38,719.000,185.000,4.000,8.000,1.0,1,1.0
204,38,719.000,185.000,4.000,8.000,1.0,1,1.0
205,38,719.000,185.000,4.000,8.000,1.0,1,1.0
206,38,719.000,185.000,4.000,8.000,1.0,1,1.0
207,38,719.000,185.000,4.000,8.000,1.0,1,1.0
208,38,719.000,185.000,4.000,8.000,1.0,1,1.0
209,38,719.000,185.000,4.000,8.000,1.0,1,1.0
210,38,719.000,185.000,4.000,8.000,1.0,1,1.0
211,38,719.000,185.000,4.000,8.000,1.0,1,1.0
212,38,719.000,185.000,4.000,8.000,1.0,1,1.0
213,38,719.000,185.000,4.000,8.000,1.0,1,1.0
214,38,719.000,185.000,4.000,8.000,1.0,1,1.0
215,38,719.000,185.000,4.000,8.000,1.0,1,1.0
216,38,719.000,185.000,4.000,8.000,1.0,1,1.0
217,38,719.000,185.000,4.000,8.000,1.0,1,1.0
218,38,719.000,185.000,4.000,8.000,1.0,1,1.0
219,38,719.000,185.000,4.000,8.000,1.0,1,1.0
220,38,719.000,185.000,4.000,8.000,1.0,1,1.0
221,38,719.000,185.000,4.000,8.000,1.0,1,1.0
222,38,719.000,185.000,4.000,8.000,1.0,1,1.0
223,38,719.000,185.000,4.000,8.000,1.0,1,1.0
224,38,719.000,185.000,4.000,8.000,1.0,1,1.0
225,38,719.000,185.000,4.000,8.000,1.0,1,1.0
226,38,719.000,185.000,4.000,8.000,1.0,1,1.0
227,38,719.000,185.000,4.000,8.000,1.0,1,1.0
228,38,719.000,186.000,4.000,8.000,1.0,1,1.0
229,38,719.000,186.000,4.000,8.000,1.0,1,1.0
230,38,719.000,185.000,4.000,9.000,1.0,1,1.0
231,38,719.000,185.000,4.000,9.000,1.0,1,1.0
232,38,719.000,185.000,4.000,8.000,1.0,1,1.0
233,38,719.000,185.000,4.000,9.000,1.0,1,1.0
234,38,719.000,185.000,4.000,9.000,1.0,1,1.0
235,38,719.000,185.000,4.000,8.000,1.0,1,1.0
236,38,719.000,185.000,4.000,9.000,1.0,1,1.0
237,38,719.000,185.000,4.000,9.000,1.0,1,1.0
238,38,719.000,185.000,4.000,9.000,1.0,1,1.0
239,38,719.000,185.000,4.000,9.000,1.0,1,1.0
240,38,719.000,185.000,4.000,9.000,1.0,1,1.0
241,38,719.000,185.000,4.000,9.000,1.0,1,1.0
242,38,719.000,185.000,4.000,9.000,1.0,1,1.0
243,38,719.000,185.000,4.000,9.000,1.0,1,1.0
244,38,719.000,185.000,4.000,9.000,1.0,1,1.0
245,38,719.000,185.000,4.000,8.000,1.0,1,1.0
246,38,719.000,184.000,4.000,8.000,1.0,1,1.0
247,38,720.000,183.000,4.000,8.000,1.0,1,1.0
248,38,720.000,182.000,4.000,8.000,1.0,1,1.0
249,38,721.000,180.000,4.000,8.000,1.0,1,1.0
250,38,720.000,178.000,4.000,8.000,1.0,1,1.0
251,38,720.000,176.000,4.000,9.000,1.0,1,1.0
252,38,721.000,175.000,4.000,8.000,1.0,1,1.0
253,38,721.000,173.000,5.000,9.000,1.0,1,1.0
254,38,721.000,172.000,4.000,8.000,1.0,1,1.0
255,38,722.000,170.000,4.000,8.000,1.0,1,1.0
256,38,722.000,168.000,4.000,9.000,1.0,1,1.0
257,38,722.000,167.000,4.000,8.000,1.0,1,1.0
258,38,721.000,164.000,4.000,9.000,1.0,1,1.0
259,38,721.000,162.000,4.000,9.000,1.0,1,1.0
260,38,720.000,161.000,4.000,9.000,1.0,1,1.0
261,38,720.000,159.000,4.000,8.000,1.0,1,1.0
262,38,719.000,157.000,5.000,9.000,1.0,1,1.0
263,38,719.000,156.000,4.000,9.000,1.0,1,1.0
264,38,719.000,154.000,4.000,9.000,1.0,1,1.0
265,38,719.000,153.000,4.000,8.000,1.0,1,1.0
266,38,718.000,152.000,4.000,8.000,1.0,1,1.0
267,38,718.000,150.000,4.000,9.000,1.0,1,1.0
268,38,718.000,148.000,4.000,9.000,1.0,1,1.0
269,38,718.000,147.000,3.000,8.000,1.0,1,1.0
270,38,717.000,145.000,5.000,9.000,1.0,1,1.0
271,38,717.000,143.000,4.000,9.000,1.0,1,1.0
272,38,717.000,142.000,3.000,8.000,1.0,1,1.0
273,38,716.000,141.000,4.000,8.000,1.0,1,1.0
274,38,716.000,139.000,4.000,8.000,1.0,1,1.0
275,38,715.000,137.000,5.000,9.000,1.0,1,1.0
276,38,715.000,136.000,4.000,8.000,1.0,1,1.0
277,38,714.000,134.000,5.000,8.000,1.0,1,1.0
278,38,714.000,132.000,4.000,8.000,1.0,1,1.0
279,38,713.000,131.000,5.000,8.000,1.0,1,1.0
280,38,712.000,130.000,5.000,8.000,1.0,1,1.0
281,38,711.000,128.000,5.000,8.000,1.0,1,1.0
282,38,710.000,127.000,6.000,8.000,1.0,1,1.0
283,38,710.000,126.000,5.000,8.000,1.0,1,1.0
284,38,710.000,125.000,5.000,9.000,1.0,1,1.0
285,38,709.000,124.000,5.000,8.000,1.0,1,1.0
286,38,709.000,122.000,5.000,8.000,1.0,1,1.0
287,38,709.000,121.000,4.000,8.000,1.0,1,1.0
288,38,708.000,120.000,5.000,8.000,1.0,1,1.0
289,38,708.000,118.000,5.000,8.000,1.0,1,1.0
290,38,708.000,116.000,4.000,8.000,1.0,1,1.0
291,38,707.000,115.000,5.000,9.000,1.0,1,1.0
292,38,707.000,114.000,5.000,8.000,1.0,1,1.0
293,38,707.000,112.000,5.000,8.000,1.0,1,1.0
294,38,707.000,110.000,4.000,9.000,1.0,1,1.0
295,38,706.000,109.000,5.000,9.000,1.0,1,1.0
296,38,707.000,107.000,4.000,9.000,1.0,1,1.0
297,38,706.000,105.000,4.000,9.000,1.0,1,1.0
298,38,706.000,104.000,3.000,8.000,1.0,1,1.0
299,38,706.000,102.000,4.000,8.000,1.0,1,1.0
300,38,706.000,100.000,4.000,9.000,1.0,1,1.0
301,38,705.000,99.000,3.000,8.000,1.0,1,1.0
302,38,705.000,97.000,4.000,8.000,1.0,1,1.0
303,38,706.000,95.000,3.000,8.000,1.0,1,1.0
304,38,705.000,94.000,4.000,8.000,1.0,1,1.0
305,38,705.000,92.000,3.000,9.000,1.0,1,1.0
306,38,705.000,91.000,4.000,8.000,1.0,1,1.0
307,38,705.000,89.000,4.000,9.000,1.0,1,1.0
308,38,705.000,88.000,4.000,8.000,1.0,1,1.0
309,38,705.000,86.000,4.000,9.000,1.0,1,1.0
310,38,706.000,84.000,4.000,8.000,1.0,1,1.0
311,38,705.000,82.000,4.000,8.000,1.0,1,1.0
312,38,706.000,80.000,3.000,8.000,1.0,1,1.0
313,38,706.000,78.000,4.000,9.000,1.0,1,1.0
314,38,706.000,77.000,4.000,8.000,1.0,1,1.0
315,38,706.000,75.000,4.000,8.000,1.0,1,1.0
316,38,706.000,73.000,4.000,8.000,1.0,1,1.0
317,38,706.000,72.000,4.000,8.000,1.0,1,1.0
318,38,706.000,70.000,4.000,8.000,1.0,1,1.0
319,38,707.000,68.000,4.000,8.000,1.0,1,1.0
320,38,707.000,66.000,3.000,9.000,1.0,1,1.0
321,38,707.000,65.000,3.000,8.000,1.0,1,1.0
322,38,707.000,63.000,4.000,8.000,1.0,1,1.0
323,38,707.000,61.000,3.000,8.000,1.0,1,1.0
324,38,706.000,60.000,4.000,8.000,1.0,1,1.0
1,4,23.000,392.000,5.000,6.000,1.0,1,1.0
2,4,23.000,392.000,4.000,5.000,1.0,1,1.0
3,4,22.000,392.000,5.000,5.000,1.0,1,1.0
4,4,23.000,392.000,5.000,5.000,1.0,1,1.0
5,4,23.000,392.000,5.000,4.000,1.0,1,1.0
6,4,23.000,392.000,4.000,5.000,1.0,1,1.0
7,4,23.000,392.000,5.000,5.000,1.0,1,1.0
8,4,23.000,392.000,5.000,5.000,1.0,1,1.0
9,4,23.000,392.000,4.000,5.000,1.0,1,1.0
10,4,23.000,392.000,5.000,5.000,1.0,1,1.0
11,4,23.000,392.000,5.000,5.000,1.0,1,1.0
12,4,22.000,392.000,6.000,5.000,1.0,1,1.0
13,4,23.000,392.000,5.000,5.000,1.0,1,1.0
14,4,23.000,392.000,5.000,5.000,1.0,1,1.0
15,4,23.000,392.000,5.000,5.000,1.0,1,1.0
16,4,22.000,392.000,6.000,5.000,1.0,1,1.0
18,4,22.000,392.000,6.000,5.000,1.0,1,1.0
19,4,22.000,392.000,6.000,5.000,1.0,1,1.0
20,4,23.000,393.000,5.000,4.000,1.0,1,1.0
21,4,24.000,393.000,5.000,4.000,1.0,1,1.0
22,4,26.000,393.000,4.000,4.000,1.0,1,1.0
23,4,27.000,393.000,5.000,4.000,1.0,1,1.0
24,4,30.000,392.000,4.000,4.000,1.0,1,1.0
25,4,32.000,392.000,6.000,4.000,1.0,1,1.0
26,4,35.000,392.000,6.000,4.000,1.0,1,1.0
27,4,36.000,392.000,6.000,4.000,1.0,1,1.0
28,4,36.000,392.000,7.000,5.000,1.0,1,1.0
29,4,36.000,392.000,7.000,4.000,1.0,1,1.0
30,4,36.000,392.000,7.000,4.000,1.0,1,1.0
31,4,36.000,392.000,7.000,4.000,1.0,1,1.0
32,4,36.000,392.000,6.000,4.000,1.0,1,1.0
33,4,36.000,392.000,6.000,4.000,1.0,1,1.0
34,4,36.000,392.000,6.000,5.000,1.0,1,1.0
35,4,36.000,392.000,6.000,5.000,1.0,1,1.0
36,4,36.000,392.000,6.000,5.000,1.0,1,1.0
37,4,36.000,392.000,6.000,5.000,1.0,1,1.0
38,4,35.000,392.000,7.000,5.000,1.0,1,1.0
39,4,35.000,392.000,7.000,5.000,1.0,1,1.0
40,4,36.000,392.000,6.000,5.000,1.0,1,1.0
41,4,36.000,392.000,6.000,5.000,1.0,1,1.0
42,4,36.000,392.000,7.000,5.000,1.0,1,1.0
43,4,36.000,393.000,7.000,4.000,1.0,1,1.0
44,4,36.000,392.000,7.000,5.000,1.0,1,1.0
45,4,36.000,392.000,7.000,5.000,1.0,1,1.0
46,4,36.000,392.000,7.000,5.000,1.0,1,1.0
47,4,36.000,392.000,7.000,5.000,1.0,1,1.0
48,4,36.000,392.000,7.000,5.000,1.0,1,1.0
49,4,36.000,392.000,7.000,5.000,1.0,1,1.0
50,4,36.000,392.000,7.000,5.000,1.0,1,1.0
51,4,37.000,392.000,6.000,5.000,1.0,1,1.0
52,4,37.000,392.000,6.000,5.000,1.0,1,1.0
53,4,37.000,392.000,6.000,5.000,1.0,1,1.0
54,4,37.000,392.000,6.000,5.000,1.0,1,1.0
55,4,36.000,392.000,7.000,5.000,1.0,1,1.0
56,4,37.000,392.000,6.000,5.000,1.0,1,1.0
57,4,37.000,392.000,6.000,5.000,1.0,1,1.0
58,4,37.000,392.000,6.000,5.000,1.0,1,1.0
59,4,37.000,392.000,6.000,5.000,1.0,1,1.0
60,4,37.000,392.000,6.000,5.000,1.0,1,1.0
61,4,37.000,392.000,6.000,5.000,1.0,1,1.0
62,4,37.000,392.000,6.000,5.000,1.0,1,1.0
63,4,37.000,392.000,6.000,5.000,1.0,1,1.0
64,4,37.000,393.000,6.000,4.000,1.0,1,1.0
65,4,37.000,393.000,6.000,4.000,1.0,1,1.0
66,4,37.000,393.000,6.000,4.000,1.0,1,1.0
67,4,37.000,392.000,6.000,5.000,1.0,1,1.0
68,4,37.000,393.000,6.000,4.000,1.0,1,1.0
69,4,37.000,393.000,6.000,4.000,1.0,1,1.0
70,4,37.000,393.000,6.000,4.000,1.0,1,1.0
71,4,37.000,393.000,6.000,4.000,1.0,1,1.0
72,4,37.000,393.000,7.000,4.000,1.0,1,1.0
73,4,38.000,393.000,6.000,4.000,1.0,1,1.0
74,4,39.000,393.000,7.000,4.000,1.0,1,1.0
75,4,41.000,393.000,7.000,4.000,1.0,1,1.0
76,4,43.000,393.000,7.000,4.000,1.0,1,1.0
77,4,44.000,393.000,7.000,5.000,1.0,1,1.0
78,4,44.000,393.000,6.000,5.000,1.0,1,1.0
79,4,44.000,393.000,7.000,5.000,1.0,1,1.0
80,4,46.000,391.000,9.000,6.000,1.0,1,1.0
81,4,48.000,391.000,8.000,6.000,1.0,1,1.0
82,4,50.000,391.000,8.000,6.000,1.0,1,1.0
83,4,50.000,391.000,9.000,6.000,1.0,1,1.0
84,4,55.000,393.000,8.000,4.000,1.0,1,1.0
85,4,57.000,393.000,8.000,4.000,1.0,1,1.0
86,4,59.000,392.000,7.000,4.000,1.0,1,1.0
87,4,60.000,392.000,6.000,4.000,1.0,1,1.0
88,4,60.000,392.000,7.000,4.000,1.0,1,1.0
89,4,61.000,392.000,6.000,4.000,1.0,1,1.0
90,4,61.000,392.000,6.000,4.000,1.0,1,1.0
91,4,61.000,392.000,6.000,4.000,1.0,1,1.0
92,4,61.000,392.000,6.000,4.000,1.0,1,1.0
93,4,61.000,392.000,6.000,4.000,1.0,1,1.0
94,4,61.000,392.000,5.000,4.000,1.0,1,1.0
95,4,60.000,392.000,7.000,4.000,1.0,1,1.0
96,4,60.000,392.000,7.000,4.000,1.0,1,1.0
97,4,60.000,392.000,7.000,4.000,1.0,1,1.0
98,4,60.000,392.000,7.000,4.000,1.0,1,1.0
99,4,60.000,392.000,6.000,4.000,1.0,1,1.0
100,4,60.000,392.000,6.000,4.000,1.0,1,1.0
101,4,61.000,392.000,5.000,4.000,1.0,1,1.0
102,4,61.000,392.000,5.000,4.000,1.0,1,1.0
103,4,61.000,392.000,5.000,4.000,1.0,1,1.0
104,4,61.000,392.000,5.000,4.000,1.0,1,1.0
105,4,61.000,392.000,5.000,4.000,1.0,1,1.0
106,4,61.000,393.000,5.000,3.000,1.0,1,1.0
107,4,61.000,392.000,5.000,4.000,1.0,1,1.0
108,4,62.000,392.000,4.000,3.000,1.0,1,1.0
109,4,62.000,392.000,4.000,3.000,1.0,1,1.0
110,4,62.000,392.000,5.000,3.000,1.0,1,1.0
111,4,62.000,391.000,5.000,4.000,1.0,1,1.0
112,4,63.000,391.000,4.000,4.000,1.0,1,1.0
114,4,58.000,380.000,6.000,8.000,1.0,1,1.0
115,4,58.000,392.000,6.000,4.000,1.0,1,1.0
116,4,59.000,392.000,5.000,3.000,1.0,1,1.0
117,4,59.000,392.000,5.000,4.000,1.0,1,1.0
118,4,59.000,392.000,5.000,4.000,1.0,1,1.0
119,4,59.000,392.000,5.000,4.000,1.0,1,1.0
120,4,59.000,392.000,5.000,4.000,1.0,1,1.0
121,4,60.000,392.000,4.000,3.000,1.0,1,1.0
122,4,60.000,392.000,4.000,3.000,1.0,1,1.0
123,4,60.000,392.000,4.000,3.000,1.0,1,1.0
124,4,59.000,392.000,4.000,3.000,1.0,1,1.0
125,4,58.000,392.000,4.000,3.000,1.0,1,1.0
126,4,57.000,392.000,4.000,4.000,1.0,1,1.0
127,4,55.000,392.000,5.000,4.000,1.0,1,1.0
128,4,54.000,392.000,5.000,4.000,1.0,1,1.0
129,4,51.000,392.000,7.000,4.000,1.0,1,1.0
130,4,50.000,392.000,6.000,4.000,1.0,1,1.0
131,4,47.000,392.000,7.000,3.000,1.0,1,1.0
132,4,46.000,392.000,7.000,3.000,1.0,1,1.0
133,4,45.000,392.000,7.000,4.000,1.0,1,1.0
134,4,43.000,392.000,8.000,4.000,1.0,1,1.0
135,4,43.000,392.000,6.000,4.000,1.0,1,1.0
136,4,42.000,392.000,7.000,4.000,1.0,1,1.0
137,4,42.000,393.000,6.000,3.000,1.0,1,1.0
138,4,42.000,393.000,6.000,3.000,1.0,1,1.0
139,4,42.000,392.000,6.000,4.000,1.0,1,1.0
140,4,43.000,391.000,6.000,5.000,1.0,1,1.0
141,4,44.000,390.000,5.000,6.000,1.0,1,1.0
142,4,45.000,388.000,3.000,8.000,1.0,1,1.0
143,4,44.000,387.000,5.000,8.000,1.0,1,1.0
144,4,45.000,385.000,4.000,9.000,1.0,1,1.0
145,4,46.000,384.000,4.000,8.000,1.0,1,1.0
146,4,46.000,381.000,5.000,8.000,1.0,1,1.0
147,4,48.000,379.000,4.000,8.000,1.0,1,1.0
148,4,48.000,377.000,6.000,7.000,1.0,1,1.0
149,4,51.000,376.000,6.000,6.000,1.0,1,1.0
150,4,52.000,374.000,7.000,6.000,1.0,1,1.0
151,4,55.000,372.000,6.000,7.000,1.0,1,1.0
152,4,56.000,371.000,7.000,7.000,1.0,1,1.0
153,4,58.000,370.000,6.000,7.000,1.0,1,1.0
154,4,60.000,369.000,6.000,6.000,1.0,1,1.0
155,4,62.000,367.000,7.000,6.000,1.0,1,1.0
156,4,64.000,367.000,7.000,6.000,1.0,1,1.0
157,4,67.000,366.000,6.000,5.000,1.0,1,1.0
158,4,69.000,365.000,6.000,6.000,1.0,1,1.0
159,4,70.000,364.000,7.000,6.000,1.0,1,1.0
160,4,72.000,364.000,7.000,5.000,1.0,1,1.0
161,4,74.000,363.000,5.000,6.000,1.0,1,1.0
162,4,76.000,362.000,5.000,5.000,1.0,1,1.0
163,4,77.000,360.000,4.000,6.000,1.0,1,1.0
164,4,78.000,359.000,4.000,6.000,1.0,1,1.0
165,4,79.000,356.000,4.000,7.000,1.0,1,1.0
166,4,80.000,354.000,3.000,7.000,1.0,1,1.0
167,4,81.000,352.000,3.000,7.000,1.0,1,1.0
168,4,81.000,349.000,3.000,7.000,1.0,1,1.0
169,4,82.000,346.000,3.000,8.000,1.0,1,1.0
170,4,82.000,344.000,2.000,7.000,1.0,1,1.0
171,4,82.000,341.000,3.000,7.000,1.0,1,1.0
172,4,81.000,338.000,3.000,7.000,1.0,1,1.0
173,4,81.000,335.000,4.000,8.000,1.0,1,1.0
174,4,81.000,332.000,3.000,8.000,1.0,1,1.0
175,4,81.000,328.000,4.000,8.000,1.0,1,1.0
176,4,81.000,324.000,3.000,9.000,1.0,1,1.0
177,4,81.000,321.000,3.000,8.000,1.0,1,1.0
178,4,81.000,317.000,3.000,8.000,1.0,1,1.0
179,4,81.000,314.000,3.000,8.000,1.0,1,1.0
180,4,80.000,310.000,4.000,9.000,1.0,1,1.0
181,4,79.000,309.000,4.000,7.000,1.0,1,1.0
182,4,77.000,307.000,5.000,7.000,1.0,1,1.0
183,4,76.000,304.000,5.000,7.000,1.0,1,1.0
184,4,74.000,302.000,5.000,7.000,1.0,1,1.0
185,4,72.000,300.000,6.000,7.000,1.0,1,1.0
186,4,71.000,297.000,5.000,8.000,1.0,1,1.0
187,4,69.000,295.000,6.000,8.000,1.0,1,1.0
188,4,69.000,293.000,5.000,8.000,1.0,1,1.0
189,4,68.000,289.000,5.000,8.000,1.0,1,1.0
190,4,68.000,286.000,4.000,8.000,1.0,1,1.0
191,4,67.000,283.000,4.000,8.000,1.0,1,1.0
192,4,66.000,279.000,5.000,8.000,1.0,1,1.0
193,4,66.000,275.000,4.000,9.000,1.0,1,1.0
194,4,65.000,272.000,4.000,8.000,1.0,1,1.0
195,4,64.000,268.000,4.000,8.000,1.0,1,1.0
196,4,63.000,264.000,4.000,8.000,1.0,1,1.0
197,4,62.000,260.000,4.000,9.000,1.0,1,1.0
198,4,60.000,256.000,5.000,9.000,1.0,1,1.0
199,4,59.000,252.000,5.000,8.000,1.0,1,1.0
200,4,58.000,248.000,5.000,8.000,1.0,1,1.0
201,4,58.000,244.000,4.000,8.000,1.0,1,1.0
202,4,56.000,241.000,5.000,8.000,1.0,1,1.0
203,4,56.000,237.000,4.000,8.000,1.0,1,1.0
204,4,54.000,233.000,5.000,8.000,1.0,1,1.0
205,4,54.000,229.000,4.000,9.000,1.0,1,1.0
206,4,54.000,226.000,4.000,9.000,1.0,1,1.0
207,4,53.000,223.000,4.000,9.000,1.0,1,1.0
208,4,53.000,219.000,4.000,8.000,1.0,1,1.0
209,4,52.000,215.000,5.000,8.000,1.0,1,1.0
210,4,51.000,211.000,5.000,9.000,1.0,1,1.0
211,4,50.000,208.000,5.000,8.000,1.0,1,1.0
212,4,48.000,204.000,5.000,8.000,1.0,1,1.0
213,4,47.000,200.000,5.000,8.000,1.0,1,1.0
214,4,45.000,197.000,4.000,8.000,1.0,1,1.0
215,4,43.000,193.000,5.000,9.000,1.0,1,1.0
216,4,41.000,191.000,5.000,8.000,1.0,1,1.0
217,4,39.000,187.000,5.000,8.000,1.0,1,1.0
218,4,37.000,184.000,5.000,8.000,1.0,1,1.0
219,4,36.000,180.000,5.000,8.000,1.0,1,1.0
220,4,34.000,176.000,5.000,9.000,1.0,1,1.0
221,4,33.000,173.000,5.000,8.000,1.0,1,1.0
222,4,31.000,170.000,5.000,8.000,1.0,1,1.0
223,4,30.000,167.000,5.000,9.000,1.0,1,1.0
224,4,28.000,164.000,5.000,8.000,1.0,1,1.0
225,4,27.000,161.000,5.000,9.000,1.0,1,1.0
226,4,25.000,159.000,5.000,8.000,1.0,1,1.0
227,4,23.000,157.000,6.000,7.000,1.0,1,1.0
228,4,20.000,156.000,7.000,7.000,1.0,1,1.0
229,4,19.000,155.000,6.000,6.000,1.0,1,1.0
230,4,18.000,155.000,5.000,6.000,1.0,1,1.0
231,4,17.000,155.000,4.000,6.000,1.0,1,1.0
243,4,18.000,136.000,4.000,6.000,1.0,1,1.0
244,4,18.000,136.000,5.000,6.000,1.0,1,1.0
245,4,20.000,134.000,5.000,6.000,1.0,1,1.0
246,4,22.000,133.000,5.000,6.000,1.0,1,1.0
247,4,24.000,132.000,6.000,6.000,1.0,1,1.0
248,4,25.000,131.000,8.000,5.000,1.0,1,1.0
249,4,28.000,132.000,8.000,4.000,1.0,1,1.0
250,4,30.000,133.000,9.000,4.000,1.0,1,1.0
251,4,33.000,133.000,9.000,4.000,1.0,1,1.0
252,4,36.000,133.000,9.000,4.000,1.0,1,1.0
253,4,38.000,132.000,8.000,4.000,1.0,1,1.0
254,4,39.000,129.000,7.000,7.000,1.0,1,1.0
255,4,40.000,125.000,5.000,8.000,1.0,1,1.0
256,4,41.000,122.000,5.000,9.000,1.0,1,1.0
257,4,42.000,119.000,5.000,8.000,1.0,1,1.0
258,4,43.000,116.000,5.000,8.000,1.0,1,1.0
259,4,44.000,112.000,5.000,8.000,1.0,1,1.0
260,4,45.000,109.000,5.000,8.000,1.0,1,1.0
261,4,46.000,105.000,4.000,9.000,1.0,1,1.0
262,4,48.000,102.000,4.000,8.000,1.0,1,1.0
263,4,49.000,98.000,5.000,8.000,1.0,1,1.0
264,4,50.000,95.000,5.000,8.000,1.0,1,1.0
265,4,51.000,91.000,5.000,8.000,1.0,1,1.0
266,4,52.000,87.000,5.000,9.000,1.0,1,1.0
267,4,53.000,83.000,4.000,8.000,1.0,1,1.0
268,4,54.000,80.000,4.000,9.000,1.0,1,1.0
269,4,55.000,76.000,4.000,9.000,1.0,1,1.0
270,4,55.000,73.000,5.000,8.000,1.0,1,1.0
271,4,56.000,69.000,5.000,9.000,1.0,1,1.0
272,4,57.000,66.000,4.000,8.000,1.0,1,1.0
273,4,58.000,62.000,4.000,8.000,1.0,1,1.0
274,4,59.000,58.000,4.000,9.000,1.0,1,1.0
275,4,60.000,55.000,4.000,8.000,1.0,1,1.0
276,4,60.000,51.000,4.000,8.000,1.0,1,1.0
277,4,61.000,47.000,4.000,9.000,1.0,1,1.0
278,4,62.000,44.000,4.000,9.000,1.0,1,1.0
279,4,62.000,40.000,4.000,9.000,1.0,1,1.0
280,4,63.000,37.000,4.000,9.000,1.0,1,1.0
281,4,63.000,34.000,4.000,9.000,1.0,1,1.0
282,4,63.000,32.000,6.000,8.000,1.0,1,1.0
283,4,63.000,31.000,6.000,6.000,1.0,1,1.0
1,19,328.000,292.000,5.000,7.000,1.0,1,1.0
2,19,328.000,292.000,5.000,7.000,1.0,1,1.0
3,19,329.000,292.000,4.000,7.000,1.0,1,1.0
4,19,330.000,289.000,4.000,9.000,1.0,1,1.0
5,19,331.000,285.000,4.000,8.000,1.0,1,1.0
6,19,332.000,282.000,4.000,8.000,1.0,1,1.0
7,19,333.000,279.000,5.000,7.000,1.0,1,1.0
8,19,334.000,277.000,6.000,6.000,1.0,1,1.0
9,19,335.000,275.000,6.000,6.000,1.0,1,1.0
10,19,337.000,273.000,6.000,6.000,1.0,1,1.0
11,19,338.000,272.000,6.000,5.000,1.0,1,1.0
12,19,339.000,271.000,5.000,5.000,1.0,1,1.0
13,19,339.000,271.000,6.000,5.000,1.0,1,1.0
14,19,340.000,270.000,5.000,5.000,1.0,1,1.0
15,19,341.000,270.000,5.000,5.000,1.0,1,1.0
16,19,342.000,270.000,4.000,5.000,1.0,1,1.0
17,19,342.000,270.000,4.000,5.000,1.0,1,1.0
18,19,341.000,270.000,4.000,5.000,1.0,1,1.0
19,19,341.000,270.000,4.000,4.000,1.0,1,1.0
20,19,340.000,270.000,4.000,4.000,1.0,1,1.0
21,19,338.000,270.000,5.000,4.000,1.0,1,1.0
22,19,337.000,270.000,4.000,4.000,1.0,1,1.0
23,19,335.000,270.000,5.000,4.000,1.0,1,1.0
24,19,333.000,271.000,5.000,4.000,1.0,1,1.0
25,19,331.000,271.000,5.000,5.000,1.0,1,1.0
26,19,329.000,273.000,6.000,4.000,1.0,1,1.0
27,19,328.000,273.000,6.000,4.000,1.0,1,1.0
28,19,328.000,273.000,6.000,4.000,1.0,1,1.0
29,19,328.000,273.000,6.000,4.000,1.0,1,1.0
30,19,328.000,273.000,6.000,4.000,1.0,1,1.0
31,19,327.000,273.000,7.000,4.000,1.0,1,1.0
32,19,327.000,273.000,5.000,7.000,1.0,1,1.0
33,19,326.000,276.000,5.000,8.000,1.0,1,1.0
34,19,326.000,280.000,4.000,8.000,1.0,1,1.0
35,19,325.000,284.000,4.000,8.000,1.0,1,1.0
36,19,326.000,288.000,3.000,8.000,1.0,1,1.0
37,19,326.000,292.000,3.000,9.000,1.0,1,1.0
38,19,326.000,296.000,4.000,9.000,1.0,1,1.0
39,19,327.000,300.000,4.000,9.000,1.0,1,1.0
40,19,328.000,304.000,3.000,9.000,1.0,1,1.0
41,19,328.000,309.000,4.000,8.000,1.0,1,1.0
42,19,328.000,313.000,4.000,8.000,1.0,1,1.0
43,19,329.000,316.000,3.000,9.000,1.0,1,1.0
44,19,328.000,319.000,4.000,9.000,1.0,1,1.0
45,19,328.000,319.000,4.000,9.000,1.0,1,1.0
46,19,328.000,319.000,4.000,9.000,1.0,1,1.0
47,19,329.000,319.000,3.000,9.000,1.0,1,1.0
48,19,328.000,318.000,4.000,9.000,1.0,1,1.0
49,19,328.000,320.000,4.000,8.000,1.0,1,1.0
50,19,327.000,321.000,4.000,8.000,1.0,1,1.0
51,19,327.000,322.000,3.000,7.000,1.0,1,1.0
52,19,326.000,323.000,4.000,8.000,1.0,1,1.0
53,19,325.000,324.000,4.000,8.000,1.0,1,1.0
54,19,325.000,324.000,4.000,8.000,1.0,1,1.0
55,19,325.000,325.000,4.000,7.000,1.0,1,1.0
56,19,325.000,326.000,4.000,8.000,1.0,1,1.0
57,19,324.000,327.000,5.000,7.000,1.0,1,1.0
58,19,324.000,327.000,5.000,7.000,1.0,1,1.0
59,19,326.000,325.000,3.000,8.000,1.0,1,1.0
60,19,326.000,325.000,3.000,8.000,1.0,1,1.0
61,19,325.000,326.000,4.000,8.000,1.0,1,1.0
62,19,325.000,326.000,4.000,8.000,1.0,1,1.0
63,19,325.000,327.000,4.000,8.000,1.0,1,1.0
64,19,325.000,327.000,4.000,8.000,1.0,1,1.0
65,19,325.000,328.000,3.000,8.000,1.0,1,1.0
66,19,325.000,331.000,5.000,7.000,1.0,1,1.0
67,19,325.000,336.000,6.000,6.000,1.0,1,1.0
68,19,325.000,342.000,7.000,5.000,1.0,1,1.0
69,19,326.000,343.000,7.000,4.000,1.0,1,1.0
70,19,327.000,343.000,7.000,4.000,1.0,1,1.0
71,19,328.000,343.000,7.000,4.000,1.0,1,1.0
72,19,329.000,344.000,6.000,4.000,1.0,1,1.0
73,19,330.000,344.000,6.000,4.000,1.0,1,1.0
74,19,331.000,344.000,6.000,5.000,1.0,1,1.0
75,19,331.000,345.000,6.000,5.000,1.0,1,1.0
76,19,332.000,346.000,6.000,6.000,1.0,1,1.0
77,19,333.000,348.000,6.000,6.000,1.0,1,1.0
78,19,335.000,350.000,5.000,6.000,1.0,1,1.0
79,19,335.000,352.000,5.000,7.000,1.0,1,1.0
80,19,336.000,354.000,4.000,7.000,1.0,1,1.0
81,19,336.000,356.000,4.000,7.000,1.0,1,1.0
82,19,337.000,358.000,4.000,7.000,1.0,1,1.0
83,19,337.000,361.000,4.000,7.000,1.0,1,1.0
84,19,337.000,363.000,4.000,7.000,1.0,1,1.0
85,19,338.000,366.000,3.000,8.000,1.0,1,1.0
86,19,337.000,369.000,4.000,8.000,1.0,1,1.0
87,19,338.000,372.000,3.000,8.000,1.0,1,1.0
88,19,338.000,375.000,3.000,8.000,1.0,1,1.0
89,19,338.000,378.000,3.000,8.000,1.0,1,1.0
90,19,338.000,380.000,3.000,8.000,1.0,1,1.0
91,19,337.000,382.000,3.000,8.000,1.0,1,1.0
92,19,337.000,385.000,4.000,8.000,1.0,1,1.0
93,19,338.000,386.000,3.000,9.000,1.0,1,1.0
94,19,338.000,389.000,3.000,9.000,1.0,1,1.0
95,19,338.000,389.000,3.000,9.000,1.0,1,1.0
96,19,338.000,388.000,4.000,8.000,1.0,1,1.0
97,19,339.000,389.000,4.000,7.000,1.0,1,1.0
98,19,339.000,389.000,4.000,7.000,1.0,1,1.0
99,19,340.000,391.000,4.000,6.000,1.0,1,1.0
100,19,340.000,391.000,4.000,6.000,1.0,1,1.0
101,19,341.000,392.000,3.000,5.000,1.0,1,1.0
102,19,341.000,392.000,4.000,6.000,1.0,1,1.0
103,19,341.000,393.000,4.000,4.000,1.0,1,1.0
104,19,342.000,393.000,3.000,4.000,1.0,1,1.0
105,19,341.000,393.000,4.000,4.000,1.0,1,1.0
106,19,341.000,393.000,4.000,5.000,1.0,1,1.0
107,19,341.000,393.000,4.000,4.000,1.0,1,1.0
108,19,342.000,392.000,3.000,5.000,1.0,1,1.0
109,19,342.000,392.000,4.000,6.000,1.0,1,1.0
110,19,342.000,392.000,4.000,6.000,1.0,1,1.0
111,19,343.000,391.000,3.000,7.000,1.0,1,1.0
112,19,343.000,390.000,3.000,8.000,1.0,1,1.0
113,19,342.000,389.000,4.000,8.000,1.0,1,1.0
114,19,342.000,389.000,3.000,8.000,1.0,1,1.0
115,19,342.000,390.000,3.000,7.000,1.0,1,1.0
116,19,342.000,390.000,3.000,8.000,1.0,1,1.0
117,19,341.000,392.000,4.000,6.000,1.0,1,1.0
118,19,341.000,391.000,4.000,6.000,1.0,1,1.0
119,19,341.000,391.000,4.000,6.000,1.0,1,1.0
120,19,340.000,392.000,4.000,4.000,1.0,1,1.0
121,19,340.000,393.000,3.000,3.000,1.0,1,1.0
122,19,339.000,393.000,4.000,4.000,1.0,1,1.0
123,19,338.000,393.000,4.000,4.000,1.0,1,1.0
124,19,337.000,393.000,4.000,5.000,1.0,1,1.0
125,19,336.000,394.000,4.000,4.000,1.0,1,1.0
126,19,336.000,393.000,4.000,4.000,1.0,1,1.0
127,19,335.000,392.000,5.000,4.000,1.0,1,1.0
128,19,334.000,391.000,5.000,4.000,1.0,1,1.0
129,19,333.000,390.000,5.000,4.000,1.0,1,1.0
130,19,331.000,389.000,6.000,4.000,1.0,1,1.0
131,19,329.000,388.000,6.000,4.000,1.0,1,1.0
132,19,328.000,388.000,6.000,5.000,1.0,1,1.0
133,19,326.000,388.000,6.000,5.000,1.0,1,1.0
134,19,324.000,390.000,6.000,5.000,1.0,1,1.0
135,19,323.000,392.000,6.000,5.000,1.0,1,1.0
136,19,322.000,392.000,6.000,5.000,1.0,1,1.0
137,19,321.000,392.000,6.000,5.000,1.0,1,1.0
138,19,319.000,391.000,7.000,5.000,1.0,1,1.0
139,19,318.000,391.000,6.000,4.000,1.0,1,1.0
140,19,316.000,391.000,6.000,4.000,1.0,1,1.0
141,19,314.000,391.000,7.000,5.000,1.0,1,1.0
142,19,312.000,392.000,6.000,4.000,1.0,1,1.0
143,19,311.000,392.000,6.000,4.000,1.0,1,1.0
144,19,310.000,392.000,7.000,6.000,1.0,1,1.0
145,19,307.000,391.000,7.000,5.000,1.0,1,1.0
146,19,306.000,392.000,5.000,3.000,1.0,1,1.0
147,19,304.000,391.000,6.000,4.000,1.0,1,1.0
148,19,301.000,391.000,7.000,4.000,1.0,1,1.0
149,19,299.000,390.000,7.000,4.000,1.0,1,1.0
150,19,297.000,389.000,7.000,5.000,1.0,1,1.0
151,19,294.000,389.000,8.000,5.000,1.0,1,1.0
152,19,292.000,389.000,8.000,4.000,1.0,1,1.0
153,19,290.000,389.000,8.000,4.000,1.0,1,1.0
154,19,288.000,389.000,7.000,4.000,1.0,1,1.0
155,19,286.000,390.000,8.000,4.000,1.0,1,1.0
156,19,284.000,391.000,8.000,4.000,1.0,1,1.0
157,19,283.000,391.000,6.000,7.000,1.0,1,1.0
158,19,282.000,391.000,6.000,7.000,1.0,1,1.0
159,19,282.000,391.000,6.000,7.000,1.0,1,1.0
160,19,283.000,391.000,5.000,7.000,1.0,1,1.0
161,19,284.000,390.000,4.000,8.000,1.0,1,1.0
162,19,285.000,390.000,3.000,8.000,1.0,1,1.0
163,19,284.000,390.000,4.000,8.000,1.0,1,1.0
164,19,284.000,391.000,4.000,7.000,1.0,1,1.0
165,19,285.000,391.000,3.000,6.000,1.0,1,1.0
166,19,284.000,392.000,4.000,5.000,1.0,1,1.0
167,19,284.000,393.000,3.000,4.000,1.0,1,1.0
168,19,283.000,393.000,4.000,5.000,1.0,1,1.0
169,19,283.000,394.000,3.000,3.000,1.0,1,1.0
170,19,282.000,393.000,4.000,4.000,1.0,1,1.0
171,19,281.000,393.000,4.000,4.000,1.0,1,1.0
172,19,279.000,393.000,4.000,4.000,1.0,1,1.0
173,19,278.000,394.000,4.000,3.000,1.0,1,1.0
174,19,277.000,394.000,3.000,3.000,1.0,1,1.0
175,19,276.000,394.000,4.000,3.000,1.0,1,1.0
176,19,276.000,394.000,3.000,3.000,1.0,1,1.0
177,19,275.000,394.000,4.000,3.000,1.0,1,1.0
178,19,275.000,394.000,3.000,3.000,1.0,1,1.0
179,19,274.000,394.000,4.000,4.000,1.0,1,1.0
180,19,274.000,394.000,3.000,4.000,1.0,1,1.0
181,19,273.000,395.000,4.000,3.000,1.0,1,1.0
182,19,271.000,395.000,5.000,4.000,1.0,1,1.0
183,19,272.000,395.000,5.000,4.000,1.0,1,1.0
184,19,272.000,395.000,5.000,4.000,1.0,1,1.0
185,19,274.000,395.000,5.000,3.000,1.0,1,1.0
186,19,276.000,395.000,4.000,3.000,1.0,1,1.0
187,19,278.000,395.000,5.000,4.000,1.0,1,1.0
188,19,281.000,394.000,4.000,4.000,1.0,1,1.0
189,19,282.000,395.000,5.000,3.000,1.0,1,1.0
190,19,284.000,395.000,5.000,4.000,1.0,1,1.0
191,19,285.000,395.000,6.000,4.000,1.0,1,1.0
192,19,287.000,395.000,6.000,4.000,1.0,1,1.0
193,19,289.000,395.000,6.000,4.000,1.0,1,1.0
194,19,291.000,395.000,6.000,4.000,1.0,1,1.0
195,19,293.000,395.000,6.000,4.000,1.0,1,1.0
196,19,294.000,395.000,7.000,4.000,1.0,1,1.0
197,19,296.000,395.000,7.000,4.000,1.0,1,1.0
198,19,298.000,394.000,7.000,5.000,1.0,1,1.0
199,19,299.000,394.000,9.000,5.000,1.0,1,1.0
200,19,301.000,394.000,10.000,5.000,1.0,1,1.0
205,19,309.000,394.000,11.000,5.000,1.0,1,1.0
206,19,310.000,394.000,10.000,5.000,1.0,1,1.0
207,19,310.000,394.000,9.000,5.000,1.0,1,1.0
208,19,311.000,395.000,8.000,4.000,1.0,1,1.0
209,19,310.000,395.000,9.000,4.000,1.0,1,1.0
215,19,305.000,395.000,8.000,4.000,1.0,1,1.0
219,19,297.000,395.000,10.000,4.000,1.0,1,1.0
221,19,295.000,395.000,9.000,4.000,1.0,1,1.0
222,19,295.000,395.000,8.000,4.000,1.0,1,1.0
223,19,294.000,396.000,7.000,3.000,1.0,1,1.0
224,19,292.000,395.000,7.000,4.000,1.0,1,1.0
225,19,290.000,395.000,8.000,4.000,1.0,1,1.0
227,19,287.000,396.000,7.000,3.000,1.0,1,1.0
228,19,285.000,396.000,8.000,4.000,1.0,1,1.0
229,19,285.000,395.000,7.000,4.000,1.0,1,1.0
230,19,285.000,394.000,7.000,5.000,1.0,1,1.0
231,19,285.000,394.000,7.000,5.000,1.0,1,1.0
232,19,284.000,394.000,7.000,4.000,1.0,1,1.0
233,19,283.000,393.000,7.000,5.000,1.0,1,1.0
234,19,282.000,392.000,7.000,5.000,1.0,1,1.0
235,19,281.000,390.000,7.000,6.000,1.0,1,1.0
236,19,280.000,389.000,6.000,6.000,1.0,1,1.0
237,19,279.000,387.000,6.000,7.000,1.0,1,1.0
238,19,278.000,384.000,6.000,8.000,1.0,1,1.0
239,19,278.000,381.000,4.000,8.000,1.0,1,1.0
240,19,277.000,379.000,5.000,8.000,1.0,1,1.0
241,19,277.000,376.000,5.000,9.000,1.0,1,1.0
242,19,277.000,374.000,5.000,9.000,1.0,1,1.0
243,19,277.000,372.000,4.000,9.000,1.0,1,1.0
244,19,277.000,370.000,5.000,9.000,1.0,1,1.0
245,19,278.000,368.000,5.000,9.000,1.0,1,1.0
246,19,279.000,367.000,5.000,8.000,1.0,1,1.0
247,19,280.000,365.000,4.000,8.000,1.0,1,1.0
248,19,281.000,363.000,4.000,8.000,1.0,1,1.0
249,19,282.000,362.000,5.000,7.000,1.0,1,1.0
250,19,284.000,361.000,6.000,6.000,1.0,1,1.0
251,19,285.000,360.000,7.000,6.000,1.0,1,1.0
252,19,287.000,359.000,7.000,5.000,1.0,1,1.0
253,19,290.000,358.000,7.000,5.000,1.0,1,1.0
254,19,292.000,360.000,8.000,4.000,1.0,1,1.0
255,19,295.000,360.000,8.000,5.000,1.0,1,1.0
256,19,297.000,361.000,8.000,5.000,1.0,1,1.0
257,19,300.000,362.000,8.000,5.000,1.0,1,1.0
258,19,302.000,363.000,8.000,5.000,1.0,1,1.0
259,19,305.000,364.000,7.000,5.000,1.0,1,1.0
260,19,307.000,365.000,7.000,5.000,1.0,1,1.0
261,19,308.000,365.000,7.000,6.000,1.0,1,1.0
262,19,308.000,366.000,8.000,6.000,1.0,1,1.0
263,19,309.000,367.000,7.000,6.000,1.0,1,1.0
264,19,308.000,368.000,8.000,5.000,1.0,1,1.0
265,19,309.000,368.000,7.000,5.000,1.0,1,1.0
266,19,309.000,368.000,7.000,5.000,1.0,1,1.0
267,19,308.000,369.000,8.000,4.000,1.0,1,1.0
268,19,308.000,370.000,8.000,4.000,1.0,1,1.0
269,19,307.000,372.000,8.000,5.000,1.0,1,1.0
270,19,307.000,371.000,8.000,5.000,1.0,1,1.0
271,19,307.000,371.000,8.000,5.000,1.0,1,1.0
272,19,308.000,371.000,7.000,5.000,1.0,1,1.0
273,19,308.000,371.000,8.000,6.000,1.0,1,1.0
274,19,308.000,371.000,8.000,6.000,1.0,1,1.0
275,19,308.000,371.000,7.000,7.000,1.0,1,1.0
276,19,309.000,371.000,6.000,7.000,1.0,1,1.0
277,19,309.000,372.000,6.000,7.000,1.0,1,1.0
278,19,310.000,372.000,5.000,8.000,1.0,1,1.0
279,19,310.000,373.000,5.000,7.000,1.0,1,1.0
280,19,310.000,373.000,5.000,8.000,1.0,1,1.0
281,19,310.000,373.000,5.000,8.000,1.0,1,1.0
282,19,311.000,373.000,4.000,8.000,1.0,1,1.0
283,19,311.000,373.000,4.000,8.000,1.0,1,1.0
284,19,311.000,373.000,4.000,8.000,1.0,1,1.0
285,19,311.000,373.000,4.000,8.000,1.0,1,1.0
286,19,311.000,374.000,4.000,8.000,1.0,1,1.0
287,19,311.000,373.000,4.000,9.000,1.0,1,1.0
288,19,311.000,373.000,4.000,8.000,1.0,1,1.0
289,19,311.000,373.000,4.000,8.000,1.0,1,1.0
290,19,311.000,373.000,4.000,8.000,1.0,1,1.0
291,19,311.000,373.000,4.000,8.000,1.0,1,1.0
292,19,311.000,373.000,4.000,8.000,1.0,1,1.0
293,19,311.000,373.000,4.000,8.000,1.0,1,1.0
294,19,311.000,372.000,4.000,9.000,1.0,1,1.0
295,19,311.000,373.000,4.000,8.000,1.0,1,1.0
296,19,311.000,373.000,4.000,8.000,1.0,1,1.0
297,19,311.000,373.000,4.000,8.000,1.0,1,1.0
298,19,311.000,373.000,4.000,8.000,1.0,1,1.0
299,19,311.000,373.000,4.000,8.000,1.0,1,1.0
300,19,311.000,373.000,4.000,8.000,1.0,1,1.0
301,19,311.000,373.000,4.000,8.000,1.0,1,1.0
302,19,311.000,373.000,5.000,8.000,1.0,1,1.0
303,19,311.000,373.000,5.000,8.000,1.0,1,1.0
304,19,311.000,373.000,5.000,8.000,1.0,1,1.0
305,19,311.000,372.000,5.000,9.000,1.0,1,1.0
306,19,312.000,372.000,4.000,9.000,1.0,1,1.0
307,19,312.000,372.000,4.000,8.000,1.0,1,1.0
308,19,312.000,372.000,4.000,9.000,1.0,1,1.0
309,19,312.000,372.000,4.000,9.000,1.0,1,1.0
310,19,312.000,372.000,4.000,9.000,1.0,1,1.0
311,19,312.000,372.000,4.000,9.000,1.0,1,1.0
312,19,312.000,372.000,4.000,9.000,1.0,1,1.0
313,19,312.000,372.000,4.000,9.000,1.0,1,1.0
314,19,312.000,372.000,4.000,9.000,1.0,1,1.0
315,19,312.000,373.000,4.000,8.000,1.0,1,1.0
316,19,312.000,373.000,4.000,8.000,1.0,1,1.0
317,19,312.000,375.000,4.000,8.000,1.0,1,1.0
318,19,312.000,373.000,4.000,9.000,1.0,1,1.0
319,19,312.000,373.000,4.000,8.000,1.0,1,1.0
320,19,312.000,372.000,4.000,8.000,1.0,1,1.0
321,19,312.000,372.000,4.000,8.000,1.0,1,1.0
322,19,312.000,372.000,4.000,8.000,1.0,1,1.0
323,19,312.000,372.000,4.000,8.000,1.0,1,1.0
324,19,312.000,372.000,4.000,8.000,1.0,1,1.0
1,29,546.000,396.000,7.000,3.000,1.0,1,1.0
2,29,546.000,396.000,7.000,3.000,1.0,1,1.0
3,29,546.000,396.000,7.000,4.000,1.0,1,1.0
4,29,545.000,396.000,7.000,4.000,1.0,1,1.0
8,29,546.000,392.000,5.000,7.000,1.0,1,1.0
9,29,546.000,392.000,4.000,7.000,1.0,1,1.0
10,29,545.000,392.000,5.000,7.000,1.0,1,1.0
11,29,545.000,393.000,5.000,6.000,1.0,1,1.0
12,29,544.000,392.000,6.000,5.000,1.0,1,1.0
13,29,545.000,393.000,5.000,3.000,1.0,1,1.0
14,29,545.000,393.000,4.000,3.000,1.0,1,1.0
16,29,553.000,365.000,6.000,7.000,1.0,1,1.0
17,29,561.000,359.000,4.000,7.000,1.0,1,1.0
18,29,567.000,351.000,5.000,5.000,1.0,1,1.0
19,29,571.000,345.000,4.000,6.000,1.0,1,1.0
20,29,561.000,359.000,5.000,7.000,1.0,1,1.0
21,29,560.000,363.000,3.000,8.000,1.0,1,1.0
22,29,560.000,362.000,4.000,8.000,1.0,1,1.0
23,29,560.000,360.000,4.000,8.000,1.0,1,1.0
24,29,562.000,356.000,3.000,9.000,1.0,1,1.0
25,29,562.000,354.000,3.000,7.000,1.0,1,1.0
26,29,562.000,350.000,3.000,8.000,1.0,1,1.0
27,29,562.000,347.000,3.000,8.000,1.0,1,1.0
28,29,562.000,347.000,3.000,8.000,1.0,1,1.0
29,29,561.000,348.000,3.000,8.000,1.0,1,1.0
30,29,560.000,348.000,3.000,8.000,1.0,1,1.0
31,29,559.000,348.000,4.000,7.000,1.0,1,1.0
32,29,556.000,349.000,7.000,6.000,1.0,1,1.0
33,29,554.000,348.000,7.000,6.000,1.0,1,1.0
34,29,551.000,348.000,7.000,5.000,1.0,1,1.0
35,29,549.000,348.000,7.000,5.000,1.0,1,1.0
36,29,547.000,348.000,7.000,5.000,1.0,1,1.0
37,29,545.000,347.000,7.000,5.000,1.0,1,1.0
38,29,544.000,347.000,7.000,5.000,1.0,1,1.0
39,29,543.000,347.000,7.000,5.000,1.0,1,1.0
40,29,542.000,347.000,6.000,5.000,1.0,1,1.0
41,29,540.000,347.000,6.000,5.000,1.0,1,1.0
42,29,539.000,346.000,5.000,5.000,1.0,1,1.0
43,29,539.000,345.000,3.000,4.000,1.0,1,1.0
44,29,537.000,343.000,4.000,5.000,1.0,1,1.0
45,29,537.000,342.000,3.000,5.000,1.0,1,1.0
46,29,536.000,341.000,4.000,6.000,1.0,1,1.0
47,29,536.000,340.000,3.000,5.000,1.0,1,1.0
48,29,536.000,338.000,3.000,6.000,1.0,1,1.0
49,29,536.000,337.000,4.000,6.000,1.0,1,1.0
50,29,536.000,336.000,4.000,6.000,1.0,1,1.0
51,29,536.000,337.000,4.000,6.000,1.0,1,1.0
52,29,537.000,336.000,4.000,6.000,1.0,1,1.0
53,29,537.000,334.000,5.000,6.000,1.0,1,1.0
54,29,538.000,332.000,4.000,6.000,1.0,1,1.0
55,29,538.000,329.000,5.000,7.000,1.0,1,1.0
56,29,539.000,326.000,5.000,8.000,1.0,1,1.0
57,29,540.000,323.000,4.000,8.000,1.0,1,1.0
58,29,541.000,320.000,4.000,8.000,1.0,1,1.0
59,29,541.000,317.000,5.000,8.000,1.0,1,1.0
60,29,542.000,314.000,5.000,8.000,1.0,1,1.0
61,29,542.000,311.000,5.000,8.000,1.0,1,1.0
62,29,544.000,307.000,4.000,8.000,1.0,1,1.0
63,29,545.000,304.000,4.000,8.000,1.0,1,1.0
64,29,546.000,300.000,4.000,8.000,1.0,1,1.0
65,29,546.000,297.000,4.000,8.000,1.0,1,1.0
66,29,547.000,295.000,3.000,8.000,1.0,1,1.0
67,29,546.000,292.000,4.000,9.000,1.0,1,1.0
68,29,547.000,289.000,3.000,9.000,1.0,1,1.0
69,29,547.000,287.000,3.000,9.000,1.0,1,1.0
70,29,547.000,285.000,3.000,8.000,1.0,1,1.0
71,29,547.000,282.000,3.000,9.000,1.0,1,1.0
72,29,547.000,279.000,3.000,9.000,1.0,1,1.0
73,29,547.000,276.000,4.000,9.000,1.0,1,1.0
74,29,547.000,274.000,3.000,8.000,1.0,1,1.0
75,29,547.000,271.000,4.000,9.000,1.0,1,1.0
76,29,547.000,268.000,4.000,8.000,1.0,1,1.0
77,29,547.000,266.000,4.000,8.000,1.0,1,1.0
78,29,548.000,264.000,3.000,9.000,1.0,1,1.0
79,29,548.000,262.000,3.000,8.000,1.0,1,1.0
80,29,547.000,260.000,4.000,8.000,1.0,1,1.0
81,29,547.000,258.000,4.000,8.000,1.0,1,1.0
82,29,547.000,256.000,4.000,9.000,1.0,1,1.0
83,29,547.000,255.000,4.000,8.000,1.0,1,1.0
84,29,547.000,253.000,3.000,9.000,1.0,1,1.0
85,29,547.000,252.000,3.000,8.000,1.0,1,1.0
86,29,547.000,250.000,3.000,8.000,1.0,1,1.0
87,29,545.000,249.000,4.000,8.000,1.0,1,1.0
88,29,544.000,248.000,4.000,7.000,1.0,1,1.0
89,29,543.000,247.000,4.000,7.000,1.0,1,1.0
90,29,542.000,245.000,5.000,8.000,1.0,1,1.0
91,29,541.000,244.000,5.000,8.000,1.0,1,1.0
92,29,541.000,242.000,4.000,8.000,1.0,1,1.0
93,29,540.000,241.000,4.000,8.000,1.0,1,1.0
94,29,539.000,238.000,4.000,8.000,1.0,1,1.0
95,29,538.000,237.000,4.000,8.000,1.0,1,1.0
96,29,538.000,237.000,4.000,7.000,1.0,1,1.0
97,29,538.000,235.000,3.000,7.000,1.0,1,1.0
98,29,537.000,234.000,4.000,7.000,1.0,1,1.0
99,29,537.000,233.000,3.000,6.000,1.0,1,1.0
100,29,536.000,231.000,4.000,7.000,1.0,1,1.0
101,29,536.000,229.000,3.000,7.000,1.0,1,1.0
102,29,536.000,229.000,3.000,5.000,1.0,1,1.0
103,29,536.000,229.000,3.000,5.000,1.0,1,1.0
104,29,536.000,229.000,3.000,5.000,1.0,1,1.0
105,29,536.000,229.000,3.000,5.000,1.0,1,1.0
106,29,536.000,229.000,3.000,5.000,1.0,1,1.0
107,29,536.000,230.000,3.000,4.000,1.0,1,1.0
108,29,536.000,231.000,4.000,3.000,1.0,1,1.0
109,29,537.000,231.000,3.000,4.000,1.0,1,1.0
110,29,537.000,232.000,3.000,4.000,1.0,1,1.0
111,29,537.000,233.000,4.000,4.000,1.0,1,1.0
112,29,538.000,233.000,3.000,5.000,1.0,1,1.0
113,29,538.000,234.000,4.000,4.000,1.0,1,1.0
114,29,538.000,234.000,4.000,4.000,1.0,1,1.0
115,29,539.000,234.000,4.000,4.000,1.0,1,1.0
116,29,539.000,234.000,4.000,4.000,1.0,1,1.0
117,29,540.000,234.000,4.000,4.000,1.0,1,1.0
118,29,540.000,234.000,5.000,4.000,1.0,1,1.0
119,29,540.000,234.000,5.000,4.000,1.0,1,1.0
120,29,540.000,235.000,5.000,4.000,1.0,1,1.0
121,29,540.000,235.000,5.000,3.000,1.0,1,1.0
122,29,540.000,235.000,5.000,3.000,1.0,1,1.0
123,29,540.000,235.000,5.000,4.000,1.0,1,1.0
124,29,540.000,235.000,5.000,3.000,1.0,1,1.0
125,29,540.000,234.000,5.000,4.000,1.0,1,1.0
126,29,540.000,234.000,5.000,4.000,1.0,1,1.0
127,29,540.000,234.000,5.000,4.000,1.0,1,1.0
128,29,540.000,234.000,5.000,4.000,1.0,1,1.0
129,29,540.000,233.000,5.000,4.000,1.0,1,1.0
130,29,540.000,232.000,6.000,5.000,1.0,1,1.0
131,29,541.000,232.000,5.000,4.000,1.0,1,1.0
132,29,541.000,231.000,6.000,5.000,1.0,1,1.0
133,29,542.000,231.000,6.000,4.000,1.0,1,1.0
134,29,543.000,231.000,6.000,4.000,1.0,1,1.0
135,29,544.000,231.000,6.000,4.000,1.0,1,1.0
136,29,545.000,231.000,7.000,5.000,1.0,1,1.0
137,29,546.000,232.000,7.000,5.000,1.0,1,1.0
138,29,547.000,234.000,6.000,5.000,1.0,1,1.0
139,29,549.000,235.000,6.000,6.000,1.0,1,1.0
140,29,550.000,237.000,6.000,6.000,1.0,1,1.0
141,29,551.000,238.000,7.000,6.000,1.0,1,1.0
142,29,552.000,241.000,7.000,5.000,1.0,1,1.0
143,29,554.000,242.000,7.000,6.000,1.0,1,1.0
144,29,556.000,243.000,7.000,6.000,1.0,1,1.0
145,29,558.000,245.000,7.000,6.000,1.0,1,1.0
146,29,560.000,248.000,7.000,5.000,1.0,1,1.0
147,29,562.000,250.000,6.000,7.000,1.0,1,1.0
148,29,563.000,253.000,6.000,7.000,1.0,1,1.0
149,29,565.000,255.000,5.000,8.000,1.0,1,1.0
150,29,567.000,258.000,5.000,8.000,1.0,1,1.0
151,29,568.000,261.000,5.000,8.000,1.0,1,1.0
152,29,569.000,264.000,5.000,8.000,1.0,1,1.0
153,29,571.000,267.000,5.000,8.000,1.0,1,1.0
154,29,572.000,270.000,5.000,7.000,1.0,1,1.0
155,29,574.000,273.000,5.000,7.000,1.0,1,1.0
156,29,576.000,276.000,5.000,8.000,1.0,1,1.0
157,29,577.000,278.000,6.000,8.000,1.0,1,1.0
158,29,579.000,281.000,6.000,7.000,1.0,1,1.0
159,29,582.000,283.000,5.000,6.000,1.0,1,1.0
160,29,583.000,286.000,7.000,4.000,1.0,1,1.0
161,29,585.000,287.000,8.000,4.000,1.0,1,1.0
162,29,588.000,287.000,7.000,4.000,1.0,1,1.0
163,29,591.000,287.000,7.000,4.000,1.0,1,1.0
164,29,594.000,287.000,6.000,4.000,1.0,1,1.0
165,29,596.000,287.000,6.000,4.000,1.0,1,1.0
166,29,598.000,286.000,6.000,4.000,1.0,1,1.0
167,29,600.000,286.000,5.000,4.000,1.0,1,1.0
168,29,601.000,285.000,5.000,4.000,1.0,1,1.0
169,29,603.000,284.000,4.000,4.000,1.0,1,1.0
170,29,604.000,283.000,4.000,4.000,1.0,1,1.0
171,29,605.000,282.000,4.000,4.000,1.0,1,1.0
172,29,606.000,281.000,3.000,4.000,1.0,1,1.0
173,29,607.000,280.000,3.000,4.000,1.0,1,1.0
174,29,607.000,279.000,3.000,4.000,1.0,1,1.0
175,29,606.000,277.000,4.000,5.000,1.0,1,1.0
176,29,605.000,277.000,5.000,5.000,1.0,1,1.0
177,29,605.000,275.000,4.000,5.000,1.0,1,1.0
178,29,603.000,274.000,5.000,6.000,1.0,1,1.0
179,29,601.000,272.000,6.000,6.000,1.0,1,1.0
180,29,599.000,270.000,6.000,6.000,1.0,1,1.0
181,29,597.000,268.000,6.000,6.000,1.0,1,1.0
182,29,595.000,266.000,6.000,6.000,1.0,1,1.0
183,29,593.000,264.000,7.000,6.000,1.0,1,1.0
184,29,591.000,263.000,6.000,6.000,1.0,1,1.0
185,29,589.000,262.000,7.000,6.000,1.0,1,1.0
186,29,588.000,262.000,7.000,6.000,1.0,1,1.0
187,29,586.000,263.000,8.000,4.000,1.0,1,1.0
188,29,585.000,264.000,8.000,4.000,1.0,1,1.0
189,29,583.000,265.000,8.000,4.000,1.0,1,1.0
190,29,582.000,266.000,8.000,4.000,1.0,1,1.0
191,29,580.000,266.000,8.000,4.000,1.0,1,1.0
192,29,577.000,266.000,9.000,4.000,1.0,1,1.0
193,29,575.000,266.000,8.000,4.000,1.0,1,1.0
194,29,573.000,265.000,9.000,4.000,1.0,1,1.0
195,29,571.000,265.000,9.000,4.000,1.0,1,1.0
196,29,570.000,264.000,9.000,5.000,1.0,1,1.0
197,29,569.000,264.000,8.000,4.000,1.0,1,1.0
198,29,568.000,264.000,8.000,4.000,1.0,1,1.0
199,29,567.000,263.000,9.000,4.000,1.0,1,1.0
200,29,567.000,262.000,9.000,5.000,1.0,1,1.0
201,29,567.000,262.000,8.000,5.000,1.0,1,1.0
202,29,566.000,261.000,8.000,5.000,1.0,1,1.0
203,29,566.000,261.000,8.000,5.000,1.0,1,1.0
204,29,566.000,261.000,8.000,5.000,1.0,1,1.0
205,29,566.000,261.000,8.000,5.000,1.0,1,1.0
206,29,566.000,261.000,8.000,5.000,1.0,1,1.0
207,29,560.000,259.000,9.000,5.000,1.0,1,1.0
208,29,536.000,245.000,3.000,7.000,1.0,1,1.0
209,29,535.000,245.000,4.000,7.000,1.0,1,1.0
210,29,535.000,244.000,4.000,8.000,1.0,1,1.0
211,29,536.000,244.000,3.000,8.000,1.0,1,1.0
212,29,536.000,244.000,3.000,8.000,1.0,1,1.0
213,29,536.000,244.000,3.000,8.000,1.0,1,1.0
214,29,536.000,244.000,3.000,8.000,1.0,1,1.0
215,29,536.000,244.000,3.000,8.000,1.0,1,1.0
216,29,536.000,244.000,3.000,8.000,1.0,1,1.0
217,29,536.000,244.000,3.000,7.000,1.0,1,1.0
218,29,536.000,242.000,3.000,7.000,1.0,1,1.0
219,29,536.000,240.000,3.000,8.000,1.0,1,1.0
220,29,536.000,238.000,3.000,7.000,1.0,1,1.0
221,29,536.000,236.000,3.000,7.000,1.0,1,1.0
222,29,536.000,234.000,3.000,7.000,1.0,1,1.0
223,29,535.000,232.000,4.000,6.000,1.0,1,1.0
224,29,535.000,230.000,4.000,6.000,1.0,1,1.0
225,29,535.000,228.000,4.000,6.000,1.0,1,1.0
226,29,536.000,225.000,3.000,7.000,1.0,1,1.0
227,29,536.000,224.000,3.000,6.000,1.0,1,1.0
228,29,536.000,222.000,3.000,6.000,1.0,1,1.0
229,29,536.000,219.000,4.000,7.000,1.0,1,1.0
230,29,536.000,218.000,4.000,6.000,1.0,1,1.0
231,29,536.000,216.000,4.000,6.000,1.0,1,1.0
232,29,537.000,214.000,3.000,6.000,1.0,1,1.0
233,29,537.000,211.000,4.000,7.000,1.0,1,1.0
234,29,538.000,209.000,4.000,7.000,1.0,1,1.0
235,29,538.000,206.000,5.000,8.000,1.0,1,1.0
236,29,539.000,204.000,5.000,7.000,1.0,1,1.0
237,29,540.000,201.000,5.000,7.000,1.0,1,1.0
238,29,541.000,198.000,5.000,8.000,1.0,1,1.0
239,29,542.000,196.000,4.000,8.000,1.0,1,1.0
240,29,542.000,195.000,5.000,7.000,1.0,1,1.0
241,29,543.000,193.000,5.000,7.000,1.0,1,1.0
242,29,544.000,191.000,4.000,8.000,1.0,1,1.0
243,29,544.000,190.000,5.000,8.000,1.0,1,1.0
244,29,545.000,189.000,4.000,7.000,1.0,1,1.0
245,29,545.000,188.000,5.000,7.000,1.0,1,1.0
246,29,546.000,187.000,4.000,7.000,1.0,1,1.0
247,29,546.000,187.000,5.000,7.000,1.0,1,1.0
248,29,546.000,186.000,5.000,8.000,1.0,1,1.0
249,29,546.000,186.000,5.000,8.000,1.0,1,1.0
250,29,546.000,186.000,5.000,8.000,1.0,1,1.0
251,29,546.000,186.000,5.000,7.000,1.0,1,1.0
252,29,547.000,186.000,4.000,7.000,1.0,1,1.0
253,29,547.000,185.000,4.000,8.000,1.0,1,1.0
254,29,546.000,184.000,4.000,8.000,1.0,1,1.0
255,29,546.000,183.000,4.000,8.000,1.0,1,1.0
256,29,545.000,182.000,4.000,9.000,1.0,1,1.0
257,29,545.000,182.000,4.000,8.000,1.0,1,1.0
258,29,545.000,181.000,4.000,8.000,1.0,1,1.0
259,29,544.000,180.000,4.000,8.000,1.0,1,1.0
260,29,544.000,179.000,4.000,8.000,1.0,1,1.0
261,29,544.000,179.000,4.000,8.000,1.0,1,1.0
262,29,544.000,179.000,4.000,8.000,1.0,1,1.0
263,29,544.000,179.000,4.000,8.000,1.0,1,1.0
264,29,544.000,178.000,4.000,7.000,1.0,1,1.0
265,29,557.000,159.000,4.000,6.000,1.0,1,1.0
266,29,555.000,151.000,6.000,6.000,1.0,1,1.0
267,29,555.000,150.000,6.000,6.000,1.0,1,1.0
268,29,555.000,149.000,6.000,6.000,1.0,1,1.0
269,29,555.000,149.000,6.000,6.000,1.0,1,1.0
270,29,555.000,149.000,6.000,6.000,1.0,1,1.0
271,29,555.000,149.000,7.000,6.000,1.0,1,1.0
272,29,555.000,149.000,7.000,6.000,1.0,1,1.0
273,29,557.000,148.000,4.000,8.000,1.0,1,1.0
274,29,558.000,147.000,4.000,7.000,1.0,1,1.0
275,29,559.000,145.000,5.000,8.000,1.0,1,1.0
276,29,560.000,143.000,5.000,8.000,1.0,1,1.0
277,29,561.000,141.000,6.000,8.000,1.0,1,1.0
278,29,563.000,139.000,5.000,7.000,1.0,1,1.0
279,29,564.000,136.000,5.000,8.000,1.0,1,1.0
280,29,566.000,133.000,4.000,8.000,1.0,1,1.0
281,29,567.000,130.000,4.000,8.000,1.0,1,1.0
282,29,568.000,127.000,4.000,8.000,1.0,1,1.0
283,29,569.000,123.000,3.000,9.000,1.0,1,1.0
284,29,569.000,120.000,4.000,8.000,1.0,1,1.0
285,29,569.000,117.000,4.000,8.000,1.0,1,1.0
286,29,569.000,114.000,4.000,8.000,1.0,1,1.0
287,29,569.000,112.000,3.000,9.000,1.0,1,1.0
288,29,569.000,111.000,3.000,8.000,1.0,1,1.0
289,29,568.000,109.000,4.000,8.000,1.0,1,1.0
290,29,568.000,106.000,4.000,9.000,1.0,1,1.0
291,29,569.000,104.000,3.000,9.000,1.0,1,1.0
292,29,568.000,102.000,4.000,8.000,1.0,1,1.0
293,29,568.000,99.000,4.000,9.000,1.0,1,1.0
294,29,568.000,97.000,4.000,9.000,1.0,1,1.0
295,29,568.000,96.000,4.000,8.000,1.0,1,1.0
296,29,568.000,95.000,4.000,8.000,1.0,1,1.0
297,29,568.000,94.000,4.000,8.000,1.0,1,1.0
298,29,568.000,93.000,4.000,8.000,1.0,1,1.0
299,29,568.000,91.000,4.000,9.000,1.0,1,1.0
300,29,568.000,90.000,4.000,8.000,1.0,1,1.0
301,29,568.000,88.000,4.000,9.000,1.0,1,1.0
302,29,568.000,86.000,4.000,9.000,1.0,1,1.0
303,29,568.000,84.000,4.000,8.000,1.0,1,1.0
304,29,568.000,82.000,4.000,8.000,1.0,1,1.0
305,29,568.000,82.000,7.000,6.000,1.0,1,1.0
306,29,571.000,82.000,8.000,6.000,1.0,1,1.0
307,29,574.000,81.000,7.000,6.000,1.0,1,1.0
308,29,576.000,80.000,8.000,5.000,1.0,1,1.0
309,29,579.000,79.000,7.000,5.000,1.0,1,1.0
310,29,582.000,78.000,7.000,5.000,1.0,1,1.0
311,29,584.000,78.000,6.000,5.000,1.0,1,1.0
312,29,586.000,76.000,7.000,5.000,1.0,1,1.0
313,29,589.000,75.000,6.000,5.000,1.0,1,1.0
314,29,591.000,73.000,6.000,6.000,1.0,1,1.0
315,29,593.000,71.000,6.000,6.000,1.0,1,1.0
316,29,594.000,69.000,6.000,6.000,1.0,1,1.0
317,29,596.000,68.000,6.000,6.000,1.0,1,1.0
318,29,598.000,66.000,5.000,6.000,1.0,1,1.0
319,29,600.000,63.000,4.000,7.000,1.0,1,1.0
320,29,601.000,61.000,4.000,7.000,1.0,1,1.0
321,29,602.000,59.000,4.000,7.000,1.0,1,1.0
322,29,602.000,57.000,4.000,7.000,1.0,1,1.0
323,29,602.000,55.000,4.000,7.000,1.0,1,1.0
324,29,603.000,53.000,3.000,7.000,1.0,1,1.0
1,32,537.000,395.000,5.000,3.000,1.0,1,1.0
2,32,537.000,394.000,5.000,5.000,1.0,1,1.0
3,32,539.000,393.000,4.000,4.000,1.0,1,1.0
4,32,541.000,393.000,6.000,3.000,1.0,1,1.0
5,32,545.000,392.000,6.000,5.000,1.0,1,1.0
6,32,546.000,392.000,6.000,5.000,1.0,1,1.0
7,32,546.000,392.000,7.000,6.000,1.0,1,1.0
8,32,588.000,393.000,7.000,4.000,1.0,1,1.0
9,32,589.000,393.000,7.000,4.000,1.0,1,1.0
10,32,590.000,394.000,7.000,3.000,1.0,1,1.0
11,32,590.000,394.000,7.000,3.000,1.0,1,1.0
12,32,590.000,394.000,7.000,3.000,1.0,1,1.0
13,32,591.000,394.000,7.000,3.000,1.0,1,1.0
14,32,593.000,394.000,6.000,3.000,1.0,1,1.0
15,32,594.000,393.000,5.000,4.000,1.0,1,1.0
16,32,594.000,392.000,5.000,5.000,1.0,1,1.0
17,32,594.000,392.000,5.000,5.000,1.0,1,1.0
18,32,594.000,392.000,5.000,5.000,1.0,1,1.0
19,32,594.000,392.000,5.000,5.000,1.0,1,1.0
20,32,593.000,393.000,5.000,3.000,1.0,1,1.0
21,32,591.000,393.000,5.000,3.000,1.0,1,1.0
22,32,588.000,393.000,6.000,3.000,1.0,1,1.0
23,32,587.000,393.000,6.000,3.000,1.0,1,1.0
24,32,585.000,393.000,7.000,3.000,1.0,1,1.0
25,32,585.000,392.000,6.000,4.000,1.0,1,1.0
26,32,584.000,392.000,6.000,4.000,1.0,1,1.0
27,32,583.000,392.000,7.000,4.000,1.0,1,1.0
28,32,581.000,393.000,8.000,3.000,1.0,1,1.0
29,32,579.000,393.000,7.000,4.000,1.0,1,1.0
30,32,576.000,393.000,7.000,3.000,1.0,1,1.0
31,32,573.000,393.000,8.000,4.000,1.0,1,1.0
32,32,571.000,392.000,7.000,4.000,1.0,1,1.0
33,32,570.000,392.000,6.000,3.000,1.0,1,1.0
34,32,570.000,392.000,6.000,4.000,1.0,1,1.0
35,32,570.000,392.000,5.000,4.000,1.0,1,1.0
36,32,571.000,392.000,5.000,4.000,1.0,1,1.0
37,32,571.000,391.000,5.000,5.000,1.0,1,1.0
38,32,571.000,391.000,5.000,4.000,1.0,1,1.0
39,32,571.000,391.000,5.000,4.000,1.0,1,1.0
40,32,569.000,391.000,6.000,4.000,1.0,1,1.0
41,32,568.000,391.000,6.000,4.000,1.0,1,1.0
42,32,568.000,391.000,6.000,4.000,1.0,1,1.0
43,32,568.000,391.000,6.000,5.000,1.0,1,1.0
44,32,568.000,391.000,6.000,5.000,1.0,1,1.0
45,32,568.000,392.000,6.000,4.000,1.0,1,1.0
46,32,568.000,391.000,6.000,5.000,1.0,1,1.0
47,32,567.000,391.000,7.000,4.000,1.0,1,1.0
48,32,566.000,390.000,7.000,5.000,1.0,1,1.0
49,32,566.000,389.000,6.000,6.000,1.0,1,1.0
50,32,566.000,388.000,6.000,7.000,1.0,1,1.0
51,32,565.000,387.000,6.000,8.000,1.0,1,1.0
52,32,566.000,384.000,4.000,9.000,1.0,1,1.0
53,32,565.000,383.000,5.000,9.000,1.0,1,1.0
54,32,564.000,382.000,5.000,9.000,1.0,1,1.0
55,32,564.000,382.000,4.000,8.000,1.0,1,1.0
56,32,564.000,382.000,4.000,8.000,1.0,1,1.0
57,32,564.000,382.000,4.000,8.000,1.0,1,1.0
58,32,564.000,382.000,4.000,8.000,1.0,1,1.0
59,32,564.000,382.000,4.000,8.000,1.0,1,1.0
60,32,564.000,382.000,4.000,8.000,1.0,1,1.0
61,32,564.000,381.000,4.000,9.000,1.0,1,1.0
62,32,564.000,381.000,4.000,9.000,1.0,1,1.0
63,32,563.000,382.000,5.000,8.000,1.0,1,1.0
64,32,563.000,380.000,5.000,8.000,1.0,1,1.0
65,32,562.000,379.000,5.000,8.000,1.0,1,1.0
66,32,561.000,377.000,5.000,8.000,1.0,1,1.0
67,32,560.000,375.000,5.000,8.000,1.0,1,1.0
68,32,559.000,372.000,5.000,8.000,1.0,1,1.0
69,32,558.000,370.000,5.000,8.000,1.0,1,1.0
70,32,556.000,367.000,5.000,8.000,1.0,1,1.0
71,32,555.000,364.000,5.000,8.000,1.0,1,1.0
72,32,554.000,361.000,4.000,8.000,1.0,1,1.0
73,32,553.000,358.000,4.000,9.000,1.0,1,1.0
74,32,552.000,355.000,4.000,8.000,1.0,1,1.0
75,32,552.000,352.000,4.000,9.000,1.0,1,1.0
76,32,551.000,349.000,3.000,9.000,1.0,1,1.0
77,32,550.000,346.000,4.000,9.000,1.0,1,1.0
78,32,549.000,343.000,4.000,9.000,1.0,1,1.0
79,32,549.000,341.000,4.000,8.000,1.0,1,1.0
80,32,548.000,337.000,4.000,9.000,1.0,1,1.0
81,32,548.000,335.000,4.000,8.000,1.0,1,1.0
82,32,548.000,332.000,3.000,8.000,1.0,1,1.0
83,32,548.000,328.000,4.000,8.000,1.0,1,1.0
84,32,549.000,324.000,3.000,8.000,1.0,1,1.0
85,32,549.000,321.000,4.000,8.000,1.0,1,1.0
86,32,550.000,317.000,4.000,8.000,1.0,1,1.0
87,32,550.000,315.000,4.000,8.000,1.0,1,1.0
88,32,551.000,313.000,4.000,8.000,1.0,1,1.0
89,32,552.000,310.000,4.000,8.000,1.0,1,1.0
90,32,553.000,307.000,4.000,9.000,1.0,1,1.0
91,32,554.000,305.000,4.000,8.000,1.0,1,1.0
92,32,554.000,302.000,4.000,8.000,1.0,1,1.0
93,32,555.000,299.000,4.000,9.000,1.0,1,1.0
94,32,556.000,297.000,4.000,9.000,1.0,1,1.0
95,32,556.000,294.000,5.000,9.000,1.0,1,1.0
96,32,557.000,291.000,4.000,8.000,1.0,1,1.0
97,32,558.000,288.000,4.000,7.000,1.0,1,1.0
98,32,558.000,284.000,4.000,9.000,1.0,1,1.0
99,32,559.000,281.000,3.000,8.000,1.0,1,1.0
100,32,559.000,279.000,4.000,8.000,1.0,1,1.0
101,32,560.000,276.000,4.000,8.000,1.0,1,1.0
102,32,561.000,273.000,3.000,9.000,1.0,1,1.0
103,32,562.000,271.000,3.000,8.000,1.0,1,1.0
104,32,563.000,268.000,3.000,8.000,1.0,1,1.0
105,32,564.000,265.000,3.000,8.000,1.0,1,1.0
106,32,564.000,262.000,4.000,8.000,1.0,1,1.0
107,32,565.000,259.000,4.000,8.000,1.0,1,1.0
108,32,566.000,256.000,4.000,8.000,1.0,1,1.0
109,32,567.000,253.000,4.000,8.000,1.0,1,1.0
110,32,568.000,251.000,5.000,7.000,1.0,1,1.0
111,32,570.000,248.000,5.000,7.000,1.0,1,1.0
112,32,572.000,246.000,5.000,7.000,1.0,1,1.0
113,32,574.000,244.000,5.000,7.000,1.0,1,1.0
114,32,576.000,241.000,5.000,7.000,1.0,1,1.0
115,32,578.000,238.000,4.000,8.000,1.0,1,1.0
116,32,579.000,236.000,5.000,7.000,1.0,1,1.0
117,32,581.000,232.000,5.000,8.000,1.0,1,1.0
118,32,583.000,230.000,5.000,7.000,1.0,1,1.0
119,32,584.000,227.000,5.000,7.000,1.0,1,1.0
120,32,587.000,224.000,4.000,8.000,1.0,1,1.0
121,32,588.000,221.000,4.000,8.000,1.0,1,1.0
122,32,589.000,218.000,4.000,8.000,1.0,1,1.0
123,32,589.000,216.000,4.000,8.000,1.0,1,1.0
124,32,590.000,214.000,4.000,8.000,1.0,1,1.0
125,32,591.000,211.000,3.000,8.000,1.0,1,1.0
126,32,591.000,209.000,4.000,8.000,1.0,1,1.0
127,32,591.000,206.000,3.000,8.000,1.0,1,1.0
128,32,591.000,203.000,3.000,8.000,1.0,1,1.0
129,32,590.000,200.000,3.000,8.000,1.0,1,1.0
130,32,589.000,197.000,4.000,9.000,1.0,1,1.0
131,32,589.000,195.000,3.000,8.000,1.0,1,1.0
132,32,589.000,192.000,3.000,9.000,1.0,1,1.0
133,32,588.000,189.000,4.000,9.000,1.0,1,1.0
134,32,587.000,187.000,4.000,8.000,1.0,1,1.0
135,32,587.000,185.000,3.000,8.000,1.0,1,1.0
136,32,585.000,182.000,4.000,9.000,1.0,1,1.0
137,32,584.000,180.000,5.000,8.000,1.0,1,1.0
138,32,582.000,178.000,5.000,7.000,1.0,1,1.0
139,32,580.000,177.000,6.000,7.000,1.0,1,1.0
140,32,578.000,175.000,6.000,7.000,1.0,1,1.0
141,32,576.000,173.000,6.000,7.000,1.0,1,1.0
142,32,574.000,172.000,6.000,6.000,1.0,1,1.0
143,32,572.000,170.000,6.000,7.000,1.0,1,1.0
144,32,569.000,169.000,7.000,6.000,1.0,1,1.0
145,32,567.000,167.000,7.000,7.000,1.0,1,1.0
146,32,565.000,166.000,7.000,6.000,1.0,1,1.0
147,32,562.000,165.000,7.000,6.000,1.0,1,1.0
148,32,560.000,163.000,7.000,7.000,1.0,1,1.0
149,32,558.000,161.000,6.000,6.000,1.0,1,1.0
150,32,556.000,159.000,6.000,6.000,1.0,1,1.0
151,32,554.000,157.000,6.000,7.000,1.0,1,1.0
152,32,552.000,155.000,6.000,7.000,1.0,1,1.0
153,32,550.000,153.000,6.000,6.000,1.0,1,1.0
154,32,548.000,151.000,6.000,7.000,1.0,1,1.0
155,32,547.000,150.000,5.000,6.000,1.0,1,1.0
156,32,545.000,148.000,5.000,6.000,1.0,1,1.0
157,32,543.000,146.000,5.000,6.000,1.0,1,1.0
158,32,542.000,144.000,5.000,6.000,1.0,1,1.0
159,32,541.000,143.000,4.000,6.000,1.0,1,1.0
160,32,540.000,140.000,4.000,7.000,1.0,1,1.0
161,32,539.000,138.000,4.000,7.000,1.0,1,1.0
162,32,539.000,136.000,3.000,7.000,1.0,1,1.0
163,32,538.000,132.000,4.000,8.000,1.0,1,1.0
164,32,538.000,129.000,3.000,8.000,1.0,1,1.0
165,32,538.000,126.000,3.000,8.000,1.0,1,1.0
166,32,538.000,123.000,4.000,8.000,1.0,1,1.0
167,32,539.000,120.000,3.000,9.000,1.0,1,1.0
168,32,539.000,117.000,3.000,9.000,1.0,1,1.0
169,32,539.000,114.000,3.000,9.000,1.0,1,1.0
170,32,539.000,111.000,3.000,9.000,1.0,1,1.0
171,32,539.000,108.000,4.000,9.000,1.0,1,1.0
172,32,539.000,105.000,4.000,8.000,1.0,1,1.0
173,32,540.000,102.000,3.000,8.000,1.0,1,1.0
174,32,540.000,99.000,4.000,8.000,1.0,1,1.0
175,32,541.000,97.000,4.000,8.000,1.0,1,1.0
176,32,542.000,94.000,4.000,8.000,1.0,1,1.0
177,32,543.000,91.000,4.000,8.000,1.0,1,1.0
178,32,544.000,88.000,4.000,8.000,1.0,1,1.0
179,32,545.000,86.000,4.000,8.000,1.0,1,1.0
180,32,546.000,83.000,4.000,7.000,1.0,1,1.0
181,32,547.000,81.000,4.000,7.000,1.0,1,1.0
182,32,548.000,78.000,4.000,8.000,1.0,1,1.0
183,32,549.000,76.000,5.000,7.000,1.0,1,1.0
184,32,550.000,74.000,6.000,7.000,1.0,1,1.0
185,32,552.000,73.000,7.000,6.000,1.0,1,1.0
186,32,554.000,71.000,7.000,6.000,1.0,1,1.0
187,32,556.000,69.000,7.000,7.000,1.0,1,1.0
188,32,558.000,67.000,6.000,6.000,1.0,1,1.0
189,32,559.000,65.000,6.000,6.000,1.0,1,1.0
190,32,561.000,62.000,5.000,8.000,1.0,1,1.0
191,32,562.000,59.000,4.000,9.000,1.0,1,1.0
192,32,562.000,57.000,4.000,8.000,1.0,1,1.0
193,32,562.000,54.000,4.000,8.000,1.0,1,1.0
194,32,563.000,51.000,3.000,8.000,1.0,1,1.0
195,32,563.000,48.000,4.000,8.000,1.0,1,1.0
196,32,563.000,45.000,4.000,8.000,1.0,1,1.0
197,32,564.000,42.000,3.000,8.000,1.0,1,1.0
198,32,564.000,39.000,4.000,8.000,1.0,1,1.0
199,32,565.000,37.000,4.000,8.000,1.0,1,1.0
200,32,565.000,35.000,4.000,8.000,1.0,1,1.0
201,32,566.000,33.000,3.000,8.000,1.0,1,1.0
202,32,566.000,31.000,4.000,8.000,1.0,1,1.0
203,32,566.000,31.000,4.000,6.000,1.0,1,1.0
204,32,566.000,30.000,6.000,5.000,1.0,1,1.0
1,9,189.000,393.000,7.000,4.000,1.0,1,1.0
2,9,189.000,393.000,7.000,4.000,1.0,1,1.0
3,9,189.000,393.000,7.000,4.000,1.0,1,1.0
4,9,189.000,393.000,7.000,4.000,1.0,1,1.0
5,9,189.000,392.000,7.000,4.000,1.0,1,1.0
6,9,188.000,393.000,7.000,4.000,1.0,1,1.0
7,9,163.000,372.000,12.000,10.000,1.0,1,1.0
8,9,168.000,375.000,4.000,8.000,1.0,1,1.0
9,9,168.000,373.000,4.000,8.000,1.0,1,1.0
10,9,168.000,370.000,3.000,8.000,1.0,1,1.0
11,9,168.000,365.000,4.000,8.000,1.0,1,1.0
12,9,168.000,361.000,5.000,8.000,1.0,1,1.0
13,9,170.000,358.000,5.000,8.000,1.0,1,1.0
14,9,171.000,357.000,4.000,8.000,1.0,1,1.0
15,9,171.000,357.000,4.000,8.000,1.0,1,1.0
16,9,171.000,357.000,4.000,8.000,1.0,1,1.0
17,9,171.000,356.000,4.000,9.000,1.0,1,1.0
18,9,170.000,354.000,3.000,8.000,1.0,1,1.0
19,9,167.000,351.000,4.000,8.000,1.0,1,1.0
20,9,164.000,347.000,5.000,7.000,1.0,1,1.0
21,9,162.000,344.000,5.000,8.000,1.0,1,1.0
22,9,163.000,345.000,4.000,7.000,1.0,1,1.0
23,9,163.000,345.000,4.000,7.000,1.0,1,1.0
24,9,162.000,345.000,5.000,7.000,1.0,1,1.0
25,9,162.000,345.000,5.000,7.000,1.0,1,1.0
26,9,161.000,346.000,6.000,5.000,1.0,1,1.0
27,9,158.000,348.000,7.000,4.000,1.0,1,1.0
28,9,156.000,347.000,8.000,5.000,1.0,1,1.0
29,9,155.000,347.000,7.000,5.000,1.0,1,1.0
30,9,153.000,348.000,6.000,4.000,1.0,1,1.0
31,9,151.000,347.000,6.000,4.000,1.0,1,1.0
32,9,149.000,345.000,6.000,5.000,1.0,1,1.0
33,9,148.000,344.000,5.000,5.000,1.0,1,1.0
34,9,146.000,342.000,6.000,6.000,1.0,1,1.0
35,9,145.000,340.000,5.000,6.000,1.0,1,1.0
36,9,144.000,337.000,5.000,7.000,1.0,1,1.0
37,9,143.000,335.000,4.000,7.000,1.0,1,1.0
38,9,142.000,331.000,4.000,7.000,1.0,1,1.0
39,9,142.000,327.000,4.000,8.000,1.0,1,1.0
40,9,142.000,324.000,4.000,8.000,1.0,1,1.0
41,9,142.000,320.000,4.000,8.000,1.0,1,1.0
42,9,143.000,316.000,3.000,8.000,1.0,1,1.0
43,9,143.000,312.000,3.000,8.000,1.0,1,1.0
44,9,143.000,308.000,3.000,9.000,1.0,1,1.0
45,9,143.000,306.000,4.000,8.000,1.0,1,1.0
46,9,143.000,304.000,3.000,8.000,1.0,1,1.0
47,9,143.000,301.000,4.000,9.000,1.0,1,1.0
48,9,144.000,299.000,4.000,7.000,1.0,1,1.0
49,9,145.000,296.000,3.000,8.000,1.0,1,1.0
50,9,145.000,295.000,4.000,7.000,1.0,1,1.0
51,9,145.000,293.000,4.000,8.000,1.0,1,1.0
52,9,146.000,292.000,4.000,8.000,1.0,1,1.0
53,9,146.000,290.000,4.000,8.000,1.0,1,1.0
54,9,146.000,290.000,4.000,8.000,1.0,1,1.0
55,9,146.000,290.000,4.000,8.000,1.0,1,1.0
56,9,146.000,290.000,4.000,8.000,1.0,1,1.0
57,9,146.000,290.000,4.000,8.000,1.0,1,1.0
58,9,146.000,289.000,4.000,8.000,1.0,1,1.0
59,9,146.000,286.000,4.000,8.000,1.0,1,1.0
60,9,146.000,283.000,3.000,8.000,1.0,1,1.0
61,9,145.000,280.000,4.000,8.000,1.0,1,1.0
62,9,145.000,276.000,3.000,9.000,1.0,1,1.0
63,9,144.000,274.000,4.000,8.000,1.0,1,1.0
64,9,144.000,270.000,3.000,8.000,1.0,1,1.0
65,9,143.000,266.000,4.000,8.000,1.0,1,1.0
66,9,143.000,262.000,3.000,8.000,1.0,1,1.0
67,9,143.000,259.000,3.000,8.000,1.0,1,1.0
68,9,142.000,256.000,4.000,8.000,1.0,1,1.0
69,9,142.000,253.000,3.000,8.000,1.0,1,1.0
70,9,142.000,249.000,3.000,9.000,1.0,1,1.0
71,9,142.000,247.000,3.000,8.000,1.0,1,1.0
72,9,142.000,244.000,3.000,7.000,1.0,1,1.0
73,9,141.000,242.000,4.000,8.000,1.0,1,1.0
74,9,142.000,240.000,3.000,8.000,1.0,1,1.0
75,9,142.000,238.000,3.000,8.000,1.0,1,1.0
76,9,141.000,235.000,3.000,8.000,1.0,1,1.0
77,9,141.000,232.000,4.000,8.000,1.0,1,1.0
78,9,142.000,229.000,4.000,8.000,1.0,1,1.0
79,9,143.000,226.000,4.000,8.000,1.0,1,1.0
80,9,144.000,224.000,4.000,7.000,1.0,1,1.0
81,9,145.000,220.000,4.000,8.000,1.0,1,1.0
82,9,145.000,218.000,4.000,8.000,1.0,1,1.0
83,9,146.000,217.000,4.000,7.000,1.0,1,1.0
84,9,146.000,215.000,4.000,8.000,1.0,1,1.0
85,9,146.000,215.000,4.000,8.000,1.0,1,1.0
86,9,146.000,215.000,4.000,8.000,1.0,1,1.0
87,9,146.000,215.000,4.000,8.000,1.0,1,1.0
88,9,147.000,214.000,3.000,7.000,1.0,1,1.0
89,9,145.000,211.000,4.000,8.000,1.0,1,1.0
90,9,144.000,207.000,4.000,8.000,1.0,1,1.0
91,9,143.000,203.000,4.000,9.000,1.0,1,1.0
92,9,143.000,200.000,3.000,8.000,1.0,1,1.0
93,9,142.000,197.000,4.000,7.000,1.0,1,1.0
94,9,142.000,194.000,3.000,7.000,1.0,1,1.0
95,9,141.000,190.000,4.000,8.000,1.0,1,1.0
96,9,141.000,187.000,3.000,8.000,1.0,1,1.0
97,9,140.000,184.000,4.000,7.000,1.0,1,1.0
98,9,140.000,180.000,3.000,8.000,1.0,1,1.0
99,9,140.000,177.000,3.000,7.000,1.0,1,1.0
100,9,140.000,173.000,3.000,8.000,1.0,1,1.0
101,9,140.000,172.000,4.000,7.000,1.0,1,1.0
102,9,140.000,170.000,4.000,8.000,1.0,1,1.0
103,9,140.000,168.000,3.000,8.000,1.0,1,1.0
104,9,140.000,166.000,4.000,7.000,1.0,1,1.0
105,9,141.000,163.000,3.000,7.000,1.0,1,1.0
106,9,141.000,159.000,3.000,8.000,1.0,1,1.0
107,9,141.000,156.000,3.000,8.000,1.0,1,1.0
108,9,141.000,153.000,4.000,8.000,1.0,1,1.0
109,9,141.000,150.000,4.000,8.000,1.0,1,1.0
110,9,142.000,147.000,3.000,8.000,1.0,1,1.0
111,9,143.000,143.000,3.000,8.000,1.0,1,1.0
112,9,143.000,140.000,4.000,8.000,1.0,1,1.0
113,9,143.000,137.000,4.000,8.000,1.0,1,1.0
114,9,144.000,133.000,4.000,8.000,1.0,1,1.0
115,9,145.000,129.000,3.000,9.000,1.0,1,1.0
116,9,146.000,125.000,3.000,9.000,1.0,1,1.0
117,9,146.000,121.000,4.000,9.000,1.0,1,1.0
118,9,147.000,118.000,3.000,8.000,1.0,1,1.0
119,9,148.000,114.000,3.000,9.000,1.0,1,1.0
120,9,148.000,111.000,4.000,8.000,1.0,1,1.0
121,9,149.000,107.000,3.000,8.000,1.0,1,1.0
122,9,149.000,103.000,4.000,9.000,1.0,1,1.0
123,9,150.000,101.000,3.000,8.000,1.0,1,1.0
124,9,150.000,98.000,4.000,8.000,1.0,1,1.0
125,9,151.000,96.000,3.000,8.000,1.0,1,1.0
126,9,151.000,93.000,4.000,9.000,1.0,1,1.0
127,9,152.000,90.000,3.000,9.000,1.0,1,1.0
128,9,152.000,87.000,4.000,9.000,1.0,1,1.0
129,9,153.000,83.000,3.000,10.000,1.0,1,1.0
130,9,153.000,80.000,3.000,9.000,1.0,1,1.0
131,9,153.000,77.000,4.000,8.000,1.0,1,1.0
132,9,153.000,72.000,4.000,9.000,1.0,1,1.0
133,9,154.000,69.000,3.000,9.000,1.0,1,1.0
134,9,154.000,65.000,3.000,8.000,1.0,1,1.0
135,9,154.000,61.000,3.000,9.000,1.0,1,1.0
136,9,154.000,58.000,3.000,8.000,1.0,1,1.0
137,9,155.000,54.000,3.000,9.000,1.0,1,1.0
138,9,155.000,50.000,3.000,9.000,1.0,1,1.0
139,9,156.000,47.000,3.000,9.000,1.0,1,1.0
140,9,156.000,44.000,3.000,9.000,1.0,1,1.0
141,9,156.000,41.000,4.000,8.000,1.0,1,1.0
142,9,156.000,37.000,4.000,9.000,1.0,1,1.0
143,9,157.000,34.000,4.000,9.000,1.0,1,1.0
144,9,158.000,29.000,5.000,10.000,1.0,1,1.0
145,9,158.000,28.000,5.000,8.000,1.0,1,1.0
1,3,62.000,394.000,8.000,4.000,1.0,1,1.0
2,3,63.000,395.000,7.000,3.000,1.0,1,1.0
3,3,63.000,395.000,6.000,3.000,1.0,1,1.0
4,3,63.000,394.000,5.000,4.000,1.0,1,1.0
5,3,64.000,394.000,6.000,3.000,1.0,1,1.0
6,3,65.000,395.000,5.000,3.000,1.0,1,1.0
7,3,65.000,394.000,6.000,4.000,1.0,1,1.0
8,3,65.000,394.000,6.000,4.000,1.0,1,1.0
9,3,65.000,394.000,5.000,4.000,1.0,1,1.0
10,3,65.000,394.000,5.000,4.000,1.0,1,1.0
11,3,65.000,393.000,4.000,4.000,1.0,1,1.0
12,3,64.000,393.000,4.000,4.000,1.0,1,1.0
13,3,63.000,393.000,3.000,4.000,1.0,1,1.0
14,3,63.000,393.000,4.000,3.000,1.0,1,1.0
15,3,64.000,393.000,3.000,3.000,1.0,1,1.0
16,3,65.000,392.000,3.000,4.000,1.0,1,1.0
17,3,65.000,392.000,4.000,4.000,1.0,1,1.0
18,3,65.000,392.000,4.000,4.000,1.0,1,1.0
19,3,65.000,392.000,4.000,4.000,1.0,1,1.0
20,3,65.000,392.000,4.000,4.000,1.0,1,1.0
21,3,65.000,392.000,4.000,4.000,1.0,1,1.0
22,3,65.000,392.000,4.000,4.000,1.0,1,1.0
23,3,65.000,392.000,4.000,4.000,1.0,1,1.0
24,3,65.000,392.000,4.000,4.000,1.0,1,1.0
25,3,65.000,392.000,4.000,4.000,1.0,1,1.0
26,3,65.000,392.000,4.000,4.000,1.0,1,1.0
27,3,63.000,367.000,4.000,5.000,1.0,1,1.0
29,3,47.000,351.000,4.000,6.000,1.0,1,1.0
30,3,48.000,354.000,5.000,5.000,1.0,1,1.0
31,3,47.000,354.000,4.000,7.000,1.0,1,1.0
32,3,47.000,353.000,5.000,7.000,1.0,1,1.0
33,3,48.000,351.000,4.000,7.000,1.0,1,1.0
34,3,48.000,349.000,4.000,8.000,1.0,1,1.0
35,3,49.000,348.000,3.000,8.000,1.0,1,1.0
36,3,49.000,347.000,5.000,8.000,1.0,1,1.0
37,3,50.000,345.000,5.000,8.000,1.0,1,1.0
38,3,52.000,343.000,5.000,8.000,1.0,1,1.0
39,3,52.000,342.000,5.000,8.000,1.0,1,1.0
40,3,53.000,341.000,4.000,8.000,1.0,1,1.0
41,3,54.000,342.000,3.000,8.000,1.0,1,1.0
42,3,53.000,340.000,4.000,8.000,1.0,1,1.0
43,3,52.000,338.000,5.000,8.000,1.0,1,1.0
44,3,51.000,337.000,6.000,8.000,1.0,1,1.0
45,3,50.000,335.000,6.000,8.000,1.0,1,1.0
46,3,49.000,333.000,6.000,7.000,1.0,1,1.0
47,3,47.000,331.000,6.000,7.000,1.0,1,1.0
48,3,46.000,329.000,5.000,7.000,1.0,1,1.0
49,3,44.000,327.000,6.000,8.000,1.0,1,1.0
50,3,41.000,324.000,7.000,8.000,1.0,1,1.0
51,3,39.000,322.000,6.000,7.000,1.0,1,1.0
52,3,37.000,319.000,7.000,7.000,1.0,1,1.0
53,3,35.000,317.000,6.000,7.000,1.0,1,1.0
54,3,32.000,315.000,7.000,6.000,1.0,1,1.0
55,3,30.000,313.000,6.000,6.000,1.0,1,1.0
56,3,28.000,310.000,6.000,7.000,1.0,1,1.0
57,3,25.000,308.000,6.000,7.000,1.0,1,1.0
58,3,24.000,306.000,5.000,7.000,1.0,1,1.0
59,3,22.000,304.000,5.000,7.000,1.0,1,1.0
60,3,21.000,301.000,5.000,7.000,1.0,1,1.0
61,3,20.000,300.000,5.000,8.000,1.0,1,1.0
62,3,19.000,298.000,5.000,7.000,1.0,1,1.0
63,3,18.000,296.000,5.000,8.000,1.0,1,1.0
64,3,18.000,292.000,4.000,9.000,1.0,1,1.0
65,3,17.000,291.000,4.000,8.000,1.0,1,1.0
89,3,17.000,235.000,4.000,8.000,1.0,1,1.0
90,3,17.000,233.000,4.000,10.000,1.0,1,1.0
91,3,17.000,230.000,4.000,10.000,1.0,1,1.0
123,3,17.000,143.000,5.000,7.000,1.0,1,1.0
124,3,18.000,139.000,4.000,8.000,1.0,1,1.0
125,3,18.000,136.000,4.000,9.000,1.0,1,1.0
126,3,19.000,134.000,4.000,8.000,1.0,1,1.0
127,3,20.000,131.000,5.000,8.000,1.0,1,1.0
128,3,22.000,127.000,4.000,9.000,1.0,1,1.0
129,3,23.000,125.000,4.000,7.000,1.0,1,1.0
130,3,24.000,122.000,5.000,8.000,1.0,1,1.0
131,3,26.000,120.000,5.000,8.000,1.0,1,1.0
132,3,27.000,118.000,6.000,7.000,1.0,1,1.0
133,3,29.000,115.000,6.000,7.000,1.0,1,1.0
134,3,31.000,113.000,6.000,7.000,1.0,1,1.0
135,3,33.000,110.000,5.000,8.000,1.0,1,1.0
136,3,34.000,108.000,6.000,8.000,1.0,1,1.0
137,3,35.000,108.000,5.000,7.000,1.0,1,1.0
138,3,35.000,108.000,5.000,7.000,1.0,1,1.0
139,3,35.000,107.000,5.000,8.000,1.0,1,1.0
140,3,35.000,107.000,5.000,8.000,1.0,1,1.0
141,3,35.000,107.000,6.000,7.000,1.0,1,1.0
142,3,35.000,107.000,6.000,7.000,1.0,1,1.0
143,3,34.000,107.000,6.000,7.000,1.0,1,1.0
144,3,35.000,106.000,5.000,8.000,1.0,1,1.0
145,3,36.000,105.000,4.000,8.000,1.0,1,1.0
146,3,36.000,104.000,4.000,8.000,1.0,1,1.0
147,3,36.000,103.000,5.000,9.000,1.0,1,1.0
148,3,37.000,102.000,4.000,8.000,1.0,1,1.0
149,3,38.000,100.000,4.000,8.000,1.0,1,1.0
150,3,39.000,99.000,5.000,8.000,1.0,1,1.0
151,3,41.000,98.000,6.000,6.000,1.0,1,1.0
152,3,41.000,96.000,7.000,7.000,1.0,1,1.0
153,3,43.000,95.000,7.000,6.000,1.0,1,1.0
154,3,45.000,93.000,8.000,7.000,1.0,1,1.0
155,3,47.000,91.000,7.000,7.000,1.0,1,1.0
156,3,48.000,89.000,7.000,7.000,1.0,1,1.0
157,3,50.000,86.000,7.000,7.000,1.0,1,1.0
158,3,52.000,84.000,6.000,7.000,1.0,1,1.0
159,3,53.000,81.000,6.000,8.000,1.0,1,1.0
160,3,55.000,78.000,5.000,8.000,1.0,1,1.0
161,3,56.000,76.000,5.000,8.000,1.0,1,1.0
162,3,58.000,73.000,4.000,8.000,1.0,1,1.0
163,3,59.000,69.000,4.000,8.000,1.0,1,1.0
164,3,60.000,66.000,4.000,8.000,1.0,1,1.0
165,3,61.000,62.000,4.000,9.000,1.0,1,1.0
166,3,62.000,59.000,3.000,8.000,1.0,1,1.0
167,3,62.000,56.000,4.000,8.000,1.0,1,1.0
168,3,63.000,52.000,4.000,9.000,1.0,1,1.0
169,3,63.000,49.000,4.000,9.000,1.0,1,1.0
170,3,64.000,47.000,3.000,8.000,1.0,1,1.0
171,3,64.000,44.000,4.000,8.000,1.0,1,1.0
172,3,65.000,41.000,3.000,8.000,1.0,1,1.0
173,3,65.000,39.000,4.000,9.000,1.0,1,1.0
174,3,65.000,37.000,4.000,9.000,1.0,1,1.0
175,3,66.000,34.000,3.000,9.000,1.0,1,1.0
176,3,66.000,32.000,3.000,8.000,1.0,1,1.0
177,3,66.000,32.000,4.000,7.000,1.0,1,1.0
178,3,65.000,31.000,6.000,7.000,1.0,1,1.0
1,18,272.000,395.000,6.000,3.000,1.0,1,1.0
2,18,272.000,395.000,6.000,3.000,1.0,1,1.0
3,18,272.000,395.000,6.000,3.000,1.0,1,1.0
5,18,273.000,389.000,5.000,9.000,1.0,1,1.0
6,18,272.000,389.000,5.000,9.000,1.0,1,1.0
7,18,273.000,386.000,4.000,9.000,1.0,1,1.0
8,18,273.000,385.000,4.000,9.000,1.0,1,1.0
9,18,273.000,385.000,4.000,7.000,1.0,1,1.0
10,18,273.000,385.000,4.000,7.000,1.0,1,1.0
11,18,273.000,384.000,4.000,7.000,1.0,1,1.0
12,18,274.000,379.000,3.000,8.000,1.0,1,1.0
13,18,274.000,376.000,4.000,8.000,1.0,1,1.0
14,18,274.000,373.000,4.000,8.000,1.0,1,1.0
15,18,275.000,371.000,3.000,8.000,1.0,1,1.0
16,18,275.000,371.000,3.000,7.000,1.0,1,1.0
17,18,275.000,371.000,3.000,8.000,1.0,1,1.0
18,18,275.000,370.000,3.000,8.000,1.0,1,1.0
19,18,275.000,371.000,3.000,8.000,1.0,1,1.0
20,18,279.000,364.000,8.000,9.000,1.0,1,1.0
21,18,313.000,332.000,6.000,10.000,1.0,1,1.0
22,18,310.000,325.000,5.000,4.000,1.0,1,1.0
23,18,296.000,334.000,5.000,4.000,1.0,1,1.0
24,18,298.000,342.000,6.000,6.000,1.0,1,1.0
25,18,301.000,357.000,5.000,7.000,1.0,1,1.0
26,18,289.000,362.000,4.000,5.000,1.0,1,1.0
27,18,287.000,364.000,5.000,5.000,1.0,1,1.0
28,18,293.000,368.000,4.000,7.000,1.0,1,1.0
29,18,293.000,367.000,4.000,7.000,1.0,1,1.0
30,18,293.000,366.000,4.000,8.000,1.0,1,1.0
31,18,292.000,366.000,5.000,8.000,1.0,1,1.0
32,18,291.000,364.000,5.000,7.000,1.0,1,1.0
33,18,288.000,361.000,6.000,7.000,1.0,1,1.0
34,18,286.000,359.000,6.000,7.000,1.0,1,1.0
35,18,285.000,358.000,7.000,6.000,1.0,1,1.0
36,18,285.000,357.000,6.000,7.000,1.0,1,1.0
37,18,285.000,357.000,6.000,7.000,1.0,1,1.0
38,18,285.000,357.000,6.000,7.000,1.0,1,1.0
39,18,285.000,357.000,6.000,7.000,1.0,1,1.0
40,18,285.000,357.000,6.000,6.000,1.0,1,1.0
41,18,285.000,357.000,6.000,6.000,1.0,1,1.0
42,18,285.000,357.000,6.000,6.000,1.0,1,1.0
43,18,279.000,346.000,8.000,5.000,1.0,1,1.0
44,18,278.000,337.000,7.000,5.000,1.0,1,1.0
45,18,277.000,348.000,7.000,4.000,1.0,1,1.0
46,18,278.000,350.000,3.000,7.000,1.0,1,1.0
47,18,278.000,349.000,3.000,7.000,1.0,1,1.0
48,18,278.000,347.000,3.000,7.000,1.0,1,1.0
49,18,277.000,344.000,3.000,8.000,1.0,1,1.0
50,18,278.000,341.000,3.000,8.000,1.0,1,1.0
51,18,278.000,339.000,3.000,8.000,1.0,1,1.0
52,18,278.000,337.000,3.000,8.000,1.0,1,1.0
53,18,278.000,333.000,3.000,9.000,1.0,1,1.0
54,18,278.000,331.000,3.000,8.000,1.0,1,1.0
55,18,278.000,328.000,4.000,7.000,1.0,1,1.0
56,18,278.000,324.000,4.000,7.000,1.0,1,1.0
57,18,279.000,319.000,3.000,8.000,1.0,1,1.0
58,18,280.000,316.000,3.000,7.000,1.0,1,1.0
59,18,280.000,312.000,4.000,8.000,1.0,1,1.0
60,18,280.000,309.000,4.000,8.000,1.0,1,1.0
61,18,281.000,306.000,3.000,9.000,1.0,1,1.0
62,18,281.000,306.000,3.000,8.000,1.0,1,1.0
63,18,281.000,306.000,3.000,8.000,1.0,1,1.0
64,18,281.000,306.000,3.000,8.000,1.0,1,1.0
65,18,281.000,306.000,3.000,8.000,1.0,1,1.0
66,18,281.000,306.000,3.000,8.000,1.0,1,1.0
67,18,281.000,306.000,3.000,8.000,1.0,1,1.0
68,18,281.000,305.000,4.000,7.000,1.0,1,1.0
69,18,281.000,303.000,4.000,8.000,1.0,1,1.0
70,18,282.000,301.000,3.000,8.000,1.0,1,1.0
71,18,282.000,298.000,4.000,8.000,1.0,1,1.0
72,18,283.000,296.000,3.000,8.000,1.0,1,1.0
73,18,282.000,295.000,4.000,8.000,1.0,1,1.0
74,18,282.000,295.000,4.000,8.000,1.0,1,1.0
75,18,283.000,295.000,3.000,8.000,1.0,1,1.0
76,18,283.000,295.000,3.000,8.000,1.0,1,1.0
77,18,283.000,296.000,3.000,7.000,1.0,1,1.0
78,18,282.000,296.000,4.000,7.000,1.0,1,1.0
79,18,283.000,295.000,3.000,7.000,1.0,1,1.0
80,18,283.000,295.000,3.000,7.000,1.0,1,1.0
81,18,283.000,294.000,4.000,8.000,1.0,1,1.0
82,18,283.000,294.000,4.000,8.000,1.0,1,1.0
83,18,283.000,294.000,4.000,8.000,1.0,1,1.0
84,18,290.000,280.000,7.000,11.000,1.0,1,1.0
85,18,318.000,243.000,9.000,10.000,1.0,1,1.0
86,18,328.000,208.000,6.000,7.000,1.0,1,1.0
87,18,313.000,207.000,6.000,6.000,1.0,1,1.0
88,18,304.000,225.000,6.000,9.000,1.0,1,1.0
89,18,312.000,263.000,8.000,11.000,1.0,1,1.0
90,18,315.000,267.000,4.000,8.000,1.0,1,1.0
91,18,315.000,267.000,3.000,7.000,1.0,1,1.0
92,18,314.000,265.000,4.000,8.000,1.0,1,1.0
93,18,314.000,264.000,4.000,8.000,1.0,1,1.0
94,18,314.000,262.000,3.000,8.000,1.0,1,1.0
95,18,314.000,258.000,3.000,8.000,1.0,1,1.0
96,18,313.000,256.000,3.000,8.000,1.0,1,1.0
97,18,313.000,253.000,3.000,8.000,1.0,1,1.0
98,18,312.000,251.000,4.000,8.000,1.0,1,1.0
99,18,312.000,247.000,4.000,8.000,1.0,1,1.0
100,18,311.000,242.000,4.000,8.000,1.0,1,1.0
101,18,311.000,239.000,4.000,8.000,1.0,1,1.0
102,18,310.000,235.000,4.000,8.000,1.0,1,1.0
103,18,309.000,231.000,4.000,8.000,1.0,1,1.0
104,18,309.000,227.000,4.000,8.000,1.0,1,1.0
105,18,308.000,225.000,4.000,8.000,1.0,1,1.0
106,18,308.000,223.000,4.000,8.000,1.0,1,1.0
107,18,308.000,222.000,4.000,8.000,1.0,1,1.0
108,18,308.000,222.000,4.000,8.000,1.0,1,1.0
109,18,308.000,222.000,3.000,8.000,1.0,1,1.0
110,18,308.000,222.000,3.000,8.000,1.0,1,1.0
111,18,308.000,222.000,4.000,8.000,1.0,1,1.0
112,18,307.000,221.000,4.000,8.000,1.0,1,1.0
113,18,307.000,219.000,4.000,8.000,1.0,1,1.0
114,18,306.000,218.000,4.000,8.000,1.0,1,1.0
115,18,305.000,215.000,4.000,8.000,1.0,1,1.0
116,18,304.000,213.000,4.000,8.000,1.0,1,1.0
117,18,303.000,210.000,4.000,8.000,1.0,1,1.0
118,18,302.000,207.000,4.000,8.000,1.0,1,1.0
119,18,300.000,204.000,4.000,8.000,1.0,1,1.0
120,18,299.000,201.000,4.000,7.000,1.0,1,1.0
121,18,297.000,198.000,4.000,7.000,1.0,1,1.0
122,18,296.000,195.000,4.000,8.000,1.0,1,1.0
123,18,294.000,191.000,4.000,8.000,1.0,1,1.0
124,18,293.000,189.000,4.000,8.000,1.0,1,1.0
125,18,292.000,187.000,4.000,8.000,1.0,1,1.0
126,18,291.000,187.000,5.000,7.000,1.0,1,1.0
127,18,291.000,187.000,5.000,7.000,1.0,1,1.0
128,18,291.000,187.000,5.000,7.000,1.0,1,1.0
129,18,291.000,187.000,5.000,7.000,1.0,1,1.0
130,18,291.000,187.000,5.000,7.000,1.0,1,1.0
131,18,291.000,186.000,5.000,8.000,1.0,1,1.0
132,18,291.000,185.000,4.000,7.000,1.0,1,1.0
133,18,290.000,184.000,4.000,7.000,1.0,1,1.0
134,18,289.000,183.000,5.000,7.000,1.0,1,1.0
135,18,288.000,181.000,5.000,8.000,1.0,1,1.0
136,18,288.000,181.000,5.000,8.000,1.0,1,1.0
137,18,288.000,181.000,5.000,8.000,1.0,1,1.0
138,18,288.000,181.000,5.000,8.000,1.0,1,1.0
139,18,288.000,181.000,5.000,8.000,1.0,1,1.0
140,18,288.000,181.000,5.000,8.000,1.0,1,1.0
141,18,288.000,179.000,4.000,8.000,1.0,1,1.0
142,18,287.000,177.000,4.000,8.000,1.0,1,1.0
143,18,286.000,175.000,4.000,8.000,1.0,1,1.0
144,18,285.000,172.000,4.000,8.000,1.0,1,1.0
145,18,284.000,169.000,4.000,8.000,1.0,1,1.0
146,18,283.000,167.000,4.000,8.000,1.0,1,1.0
147,18,282.000,165.000,4.000,8.000,1.0,1,1.0
148,18,282.000,163.000,4.000,8.000,1.0,1,1.0
149,18,281.000,162.000,4.000,8.000,1.0,1,1.0
150,18,281.000,160.000,4.000,9.000,1.0,1,1.0
151,18,280.000,157.000,4.000,9.000,1.0,1,1.0
152,18,280.000,154.000,4.000,8.000,1.0,1,1.0
153,18,280.000,152.000,4.000,8.000,1.0,1,1.0
154,18,281.000,149.000,3.000,8.000,1.0,1,1.0
155,18,281.000,147.000,4.000,8.000,1.0,1,1.0
156,18,281.000,145.000,4.000,8.000,1.0,1,1.0
157,18,281.000,143.000,4.000,8.000,1.0,1,1.0
158,18,281.000,141.000,4.000,8.000,1.0,1,1.0
159,18,282.000,140.000,3.000,8.000,1.0,1,1.0
160,18,282.000,139.000,3.000,8.000,1.0,1,1.0
161,18,282.000,138.000,4.000,8.000,1.0,1,1.0
162,18,282.000,137.000,4.000,8.000,1.0,1,1.0
163,18,282.000,137.000,4.000,8.000,1.0,1,1.0
164,18,282.000,137.000,4.000,8.000,1.0,1,1.0
165,18,282.000,135.000,4.000,9.000,1.0,1,1.0
166,18,283.000,133.000,3.000,8.000,1.0,1,1.0
167,18,283.000,129.000,4.000,9.000,1.0,1,1.0
168,18,284.000,126.000,3.000,8.000,1.0,1,1.0
169,18,284.000,122.000,3.000,9.000,1.0,1,1.0
170,18,284.000,119.000,4.000,8.000,1.0,1,1.0
171,18,284.000,115.000,3.000,9.000,1.0,1,1.0
172,18,284.000,112.000,3.000,8.000,1.0,1,1.0
173,18,284.000,108.000,3.000,8.000,1.0,1,1.0
174,18,284.000,105.000,3.000,9.000,1.0,1,1.0
175,18,284.000,103.000,3.000,8.000,1.0,1,1.0
176,18,284.000,100.000,3.000,9.000,1.0,1,1.0
177,18,284.000,98.000,3.000,9.000,1.0,1,1.0
178,18,284.000,96.000,3.000,9.000,1.0,1,1.0
179,18,284.000,95.000,3.000,8.000,1.0,1,1.0
180,18,284.000,93.000,3.000,9.000,1.0,1,1.0
181,18,284.000,92.000,3.000,8.000,1.0,1,1.0
182,18,284.000,92.000,3.000,8.000,1.0,1,1.0
183,18,284.000,91.000,3.000,9.000,1.0,1,1.0
184,18,284.000,91.000,3.000,9.000,1.0,1,1.0
185,18,284.000,91.000,3.000,9.000,1.0,1,1.0
186,18,284.000,92.000,3.000,8.000,1.0,1,1.0
187,18,284.000,91.000,3.000,8.000,1.0,1,1.0
188,18,284.000,90.000,3.000,8.000,1.0,1,1.0
189,18,284.000,88.000,4.000,9.000,1.0,1,1.0
190,18,285.000,87.000,3.000,8.000,1.0,1,1.0
191,18,285.000,86.000,3.000,8.000,1.0,1,1.0
192,18,285.000,84.000,3.000,9.000,1.0,1,1.0
193,18,285.000,83.000,3.000,8.000,1.0,1,1.0
194,18,285.000,81.000,3.000,8.000,1.0,1,1.0
195,18,285.000,81.000,3.000,8.000,1.0,1,1.0
196,18,285.000,81.000,3.000,8.000,1.0,1,1.0
197,18,285.000,81.000,4.000,8.000,1.0,1,1.0
198,18,285.000,81.000,3.000,8.000,1.0,1,1.0
199,18,285.000,81.000,3.000,8.000,1.0,1,1.0
200,18,285.000,80.000,3.000,8.000,1.0,1,1.0
201,18,285.000,80.000,3.000,8.000,1.0,1,1.0
202,18,286.000,79.000,3.000,7.000,1.0,1,1.0
203,18,305.000,49.000,8.000,9.000,1.0,1,1.0
207,18,320.000,38.000,4.000,7.000,1.0,1,1.0
208,18,322.000,55.000,4.000,8.000,1.0,1,1.0
209,18,319.000,72.000,5.000,9.000,1.0,1,1.0
211,18,324.000,114.000,4.000,7.000,1.0,1,1.0
212,18,325.000,113.000,4.000,8.000,1.0,1,1.0
213,18,325.000,113.000,4.000,8.000,1.0,1,1.0
214,18,324.000,113.000,4.000,8.000,1.0,1,1.0
215,18,324.000,114.000,4.000,7.000,1.0,1,1.0
216,18,324.000,113.000,5.000,8.000,1.0,1,1.0
217,18,324.000,114.000,5.000,7.000,1.0,1,1.0
218,18,324.000,114.000,5.000,7.000,1.0,1,1.0
219,18,324.000,114.000,5.000,7.000,1.0,1,1.0
220,18,324.000,114.000,5.000,7.000,1.0,1,1.0
221,18,325.000,113.000,4.000,7.000,1.0,1,1.0
222,18,325.000,111.000,4.000,7.000,1.0,1,1.0
223,18,326.000,109.000,4.000,8.000,1.0,1,1.0
224,18,326.000,107.000,4.000,8.000,1.0,1,1.0
225,18,327.000,103.000,4.000,8.000,1.0,1,1.0
226,18,328.000,100.000,4.000,8.000,1.0,1,1.0
227,18,328.000,97.000,4.000,8.000,1.0,1,1.0
228,18,329.000,95.000,4.000,8.000,1.0,1,1.0
229,18,329.000,92.000,4.000,8.000,1.0,1,1.0
230,18,329.000,90.000,4.000,8.000,1.0,1,1.0
231,18,330.000,89.000,3.000,8.000,1.0,1,1.0
232,18,330.000,89.000,3.000,8.000,1.0,1,1.0
233,18,329.000,89.000,4.000,8.000,1.0,1,1.0
234,18,330.000,89.000,3.000,8.000,1.0,1,1.0
235,18,330.000,89.000,3.000,8.000,1.0,1,1.0
236,18,330.000,89.000,3.000,8.000,1.0,1,1.0
237,18,330.000,89.000,3.000,8.000,1.0,1,1.0
238,18,330.000,89.000,3.000,8.000,1.0,1,1.0
239,18,330.000,89.000,3.000,8.000,1.0,1,1.0
240,18,330.000,89.000,3.000,8.000,1.0,1,1.0
241,18,330.000,89.000,3.000,8.000,1.0,1,1.0
242,18,330.000,89.000,4.000,8.000,1.0,1,1.0
243,18,330.000,88.000,4.000,9.000,1.0,1,1.0
244,18,330.000,88.000,4.000,9.000,1.0,1,1.0
245,18,330.000,87.000,4.000,9.000,1.0,1,1.0
246,18,330.000,87.000,4.000,9.000,1.0,1,1.0
247,18,321.000,70.000,6.000,11.000,1.0,1,1.0
1,20,281.000,394.000,6.000,3.000,1.0,1,1.0
2,20,281.000,394.000,6.000,3.000,1.0,1,1.0
3,20,281.000,393.000,6.000,4.000,1.0,1,1.0
4,20,281.000,393.000,5.000,4.000,1.0,1,1.0
5,20,281.000,393.000,5.000,5.000,1.0,1,1.0
6,20,280.000,393.000,6.000,5.000,1.0,1,1.0
12,20,277.000,393.000,6.000,4.000,1.0,1,1.0
13,20,271.000,394.000,6.000,4.000,1.0,1,1.0
14,20,272.000,394.000,4.000,4.000,1.0,1,1.0
15,20,271.000,395.000,4.000,3.000,1.0,1,1.0
16,20,272.000,395.000,4.000,3.000,1.0,1,1.0
17,20,270.000,395.000,5.000,4.000,1.0,1,1.0
18,20,271.000,395.000,4.000,4.000,1.0,1,1.0
19,20,272.000,395.000,4.000,4.000,1.0,1,1.0
20,20,273.000,394.000,4.000,4.000,1.0,1,1.0
21,20,275.000,393.000,3.000,4.000,1.0,1,1.0
22,20,275.000,394.000,3.000,3.000,1.0,1,1.0
23,20,275.000,393.000,4.000,4.000,1.0,1,1.0
24,20,275.000,391.000,4.000,5.000,1.0,1,1.0
25,20,276.000,390.000,5.000,6.000,1.0,1,1.0
26,20,277.000,388.000,5.000,7.000,1.0,1,1.0
27,20,278.000,386.000,6.000,6.000,1.0,1,1.0
28,20,280.000,384.000,6.000,6.000,1.0,1,1.0
29,20,284.000,381.000,6.000,6.000,1.0,1,1.0
30,20,286.000,378.000,6.000,6.000,1.0,1,1.0
31,20,289.000,375.000,6.000,7.000,1.0,1,1.0
32,20,291.000,373.000,6.000,7.000,1.0,1,1.0
33,20,293.000,371.000,6.000,6.000,1.0,1,1.0
34,20,295.000,369.000,6.000,7.000,1.0,1,1.0
35,20,296.000,367.000,7.000,7.000,1.0,1,1.0
36,20,297.000,367.000,7.000,6.000,1.0,1,1.0
37,20,298.000,368.000,8.000,4.000,1.0,1,1.0
38,20,301.000,369.000,8.000,4.000,1.0,1,1.0
39,20,304.000,372.000,8.000,4.000,1.0,1,1.0
40,20,307.000,374.000,8.000,4.000,1.0,1,1.0
41,20,310.000,376.000,8.000,5.000,1.0,1,1.0
42,20,312.000,377.000,8.000,4.000,1.0,1,1.0
43,20,314.000,378.000,8.000,4.000,1.0,1,1.0
44,20,316.000,378.000,8.000,4.000,1.0,1,1.0
45,20,318.000,378.000,8.000,3.000,1.0,1,1.0
46,20,321.000,374.000,6.000,6.000,1.0,1,1.0
47,20,323.000,370.000,5.000,7.000,1.0,1,1.0
48,20,324.000,366.000,5.000,7.000,1.0,1,1.0
49,20,325.000,362.000,4.000,8.000,1.0,1,1.0
50,20,326.000,358.000,3.000,8.000,1.0,1,1.0
51,20,326.000,354.000,3.000,8.000,1.0,1,1.0
52,20,326.000,350.000,3.000,9.000,1.0,1,1.0
53,20,325.000,346.000,3.000,8.000,1.0,1,1.0
54,20,323.000,342.000,4.000,8.000,1.0,1,1.0
55,20,321.000,339.000,4.000,8.000,1.0,1,1.0
56,20,320.000,336.000,4.000,8.000,1.0,1,1.0
57,20,320.000,334.000,4.000,8.000,1.0,1,1.0
58,20,321.000,333.000,5.000,8.000,1.0,1,1.0
59,20,320.000,333.000,4.000,9.000,1.0,1,1.0
60,20,320.000,333.000,4.000,9.000,1.0,1,1.0
61,20,320.000,333.000,4.000,8.000,1.0,1,1.0
62,20,319.000,333.000,4.000,8.000,1.0,1,1.0
63,20,319.000,332.000,4.000,8.000,1.0,1,1.0
64,20,319.000,331.000,3.000,7.000,1.0,1,1.0
65,20,318.000,330.000,5.000,6.000,1.0,1,1.0
66,20,318.000,329.000,6.000,6.000,1.0,1,1.0
67,20,317.000,329.000,7.000,5.000,1.0,1,1.0
68,20,318.000,329.000,7.000,5.000,1.0,1,1.0
69,20,318.000,329.000,8.000,5.000,1.0,1,1.0
70,20,319.000,330.000,8.000,4.000,1.0,1,1.0
71,20,321.000,330.000,7.000,4.000,1.0,1,1.0
72,20,322.000,331.000,7.000,4.000,1.0,1,1.0
73,20,323.000,330.000,7.000,5.000,1.0,1,1.0
74,20,323.000,331.000,7.000,4.000,1.0,1,1.0
75,20,323.000,331.000,6.000,4.000,1.0,1,1.0
76,20,324.000,331.000,7.000,4.000,1.0,1,1.0
77,20,326.000,331.000,6.000,4.000,1.0,1,1.0
78,20,329.000,331.000,6.000,3.000,1.0,1,1.0
79,20,330.000,330.000,7.000,4.000,1.0,1,1.0
80,20,332.000,329.000,6.000,4.000,1.0,1,1.0
81,20,334.000,325.000,5.000,6.000,1.0,1,1.0
82,20,335.000,322.000,5.000,7.000,1.0,1,1.0
83,20,336.000,320.000,5.000,7.000,1.0,1,1.0
84,20,337.000,317.000,5.000,7.000,1.0,1,1.0
85,20,339.000,314.000,3.000,7.000,1.0,1,1.0
86,20,339.000,310.000,4.000,8.000,1.0,1,1.0
87,20,339.000,306.000,4.000,9.000,1.0,1,1.0
88,20,339.000,303.000,4.000,8.000,1.0,1,1.0
89,20,339.000,300.000,3.000,8.000,1.0,1,1.0
90,20,339.000,297.000,3.000,8.000,1.0,1,1.0
91,20,339.000,295.000,3.000,8.000,1.0,1,1.0
92,20,339.000,293.000,3.000,8.000,1.0,1,1.0
93,20,338.000,290.000,4.000,8.000,1.0,1,1.0
94,20,338.000,287.000,4.000,8.000,1.0,1,1.0
95,20,338.000,284.000,3.000,8.000,1.0,1,1.0
96,20,337.000,282.000,4.000,7.000,1.0,1,1.0
97,20,336.000,280.000,4.000,7.000,1.0,1,1.0
98,20,334.000,279.000,5.000,6.000,1.0,1,1.0
99,20,332.000,277.000,5.000,7.000,1.0,1,1.0
100,20,331.000,275.000,5.000,7.000,1.0,1,1.0
101,20,330.000,274.000,4.000,6.000,1.0,1,1.0
102,20,329.000,272.000,5.000,7.000,1.0,1,1.0
103,20,328.000,270.000,5.000,7.000,1.0,1,1.0
104,20,328.000,268.000,4.000,8.000,1.0,1,1.0
105,20,329.000,266.000,3.000,8.000,1.0,1,1.0
106,20,330.000,263.000,3.000,8.000,1.0,1,1.0
107,20,331.000,261.000,4.000,8.000,1.0,1,1.0
108,20,332.000,258.000,3.000,8.000,1.0,1,1.0
109,20,333.000,255.000,3.000,8.000,1.0,1,1.0
110,20,334.000,252.000,3.000,8.000,1.0,1,1.0
111,20,335.000,249.000,4.000,8.000,1.0,1,1.0
112,20,336.000,246.000,4.000,8.000,1.0,1,1.0
113,20,337.000,244.000,4.000,8.000,1.0,1,1.0
114,20,338.000,241.000,4.000,8.000,1.0,1,1.0
115,20,339.000,239.000,3.000,8.000,1.0,1,1.0
116,20,339.000,236.000,4.000,8.000,1.0,1,1.0
117,20,340.000,235.000,4.000,6.000,1.0,1,1.0
118,20,341.000,233.000,3.000,7.000,1.0,1,1.0
119,20,341.000,232.000,3.000,6.000,1.0,1,1.0
120,20,342.000,230.000,3.000,6.000,1.0,1,1.0
121,20,342.000,227.000,3.000,7.000,1.0,1,1.0
122,20,342.000,224.000,3.000,7.000,1.0,1,1.0
123,20,342.000,220.000,2.000,8.000,1.0,1,1.0
124,20,341.000,217.000,3.000,8.000,1.0,1,1.0
125,20,341.000,214.000,3.000,8.000,1.0,1,1.0
126,20,340.000,211.000,4.000,8.000,1.0,1,1.0
127,20,340.000,209.000,3.000,7.000,1.0,1,1.0
128,20,339.000,206.000,4.000,8.000,1.0,1,1.0
129,20,338.000,204.000,4.000,7.000,1.0,1,1.0
130,20,337.000,201.000,4.000,7.000,1.0,1,1.0
131,20,337.000,198.000,4.000,8.000,1.0,1,1.0
132,20,336.000,196.000,4.000,8.000,1.0,1,1.0
133,20,335.000,194.000,4.000,7.000,1.0,1,1.0
134,20,334.000,192.000,4.000,8.000,1.0,1,1.0
135,20,334.000,190.000,3.000,8.000,1.0,1,1.0
136,20,333.000,189.000,4.000,8.000,1.0,1,1.0
137,20,333.000,189.000,4.000,8.000,1.0,1,1.0
138,20,333.000,189.000,4.000,7.000,1.0,1,1.0
139,20,333.000,189.000,4.000,7.000,1.0,1,1.0
140,20,333.000,189.000,4.000,8.000,1.0,1,1.0
141,20,333.000,189.000,4.000,7.000,1.0,1,1.0
142,20,333.000,189.000,4.000,7.000,1.0,1,1.0
143,20,333.000,189.000,4.000,7.000,1.0,1,1.0
144,20,333.000,188.000,4.000,8.000,1.0,1,1.0
145,20,332.000,188.000,5.000,8.000,1.0,1,1.0
146,20,333.000,188.000,4.000,8.000,1.0,1,1.0
147,20,333.000,188.000,4.000,8.000,1.0,1,1.0
148,20,333.000,188.000,4.000,8.000,1.0,1,1.0
149,20,333.000,188.000,4.000,8.000,1.0,1,1.0
150,20,332.000,188.000,5.000,8.000,1.0,1,1.0
151,20,332.000,188.000,5.000,8.000,1.0,1,1.0
152,20,333.000,188.000,4.000,8.000,1.0,1,1.0
153,20,333.000,188.000,4.000,8.000,1.0,1,1.0
154,20,333.000,188.000,4.000,8.000,1.0,1,1.0
155,20,333.000,188.000,4.000,8.000,1.0,1,1.0
156,20,333.000,188.000,4.000,8.000,1.0,1,1.0
157,20,333.000,188.000,3.000,8.000,1.0,1,1.0
158,20,333.000,188.000,3.000,8.000,1.0,1,1.0
159,20,333.000,188.000,4.000,8.000,1.0,1,1.0
160,20,333.000,188.000,4.000,8.000,1.0,1,1.0
161,20,333.000,188.000,4.000,8.000,1.0,1,1.0
162,20,333.000,188.000,4.000,8.000,1.0,1,1.0
163,20,333.000,188.000,4.000,8.000,1.0,1,1.0
164,20,333.000,188.000,4.000,8.000,1.0,1,1.0
165,20,333.000,188.000,4.000,8.000,1.0,1,1.0
166,20,333.000,188.000,4.000,8.000,1.0,1,1.0
167,20,333.000,188.000,4.000,8.000,1.0,1,1.0
168,20,333.000,188.000,4.000,8.000,1.0,1,1.0
169,20,333.000,188.000,4.000,8.000,1.0,1,1.0
170,20,332.000,188.000,5.000,8.000,1.0,1,1.0
171,20,332.000,188.000,5.000,6.000,1.0,1,1.0
172,20,330.000,188.000,6.000,5.000,1.0,1,1.0
173,20,330.000,187.000,5.000,6.000,1.0,1,1.0
174,20,329.000,185.000,6.000,7.000,1.0,1,1.0
175,20,329.000,183.000,5.000,8.000,1.0,1,1.0
176,20,329.000,180.000,4.000,8.000,1.0,1,1.0
177,20,328.000,178.000,4.000,9.000,1.0,1,1.0
178,20,328.000,176.000,4.000,9.000,1.0,1,1.0
179,20,328.000,173.000,4.000,9.000,1.0,1,1.0
180,20,327.000,170.000,4.000,9.000,1.0,1,1.0
181,20,326.000,167.000,4.000,9.000,1.0,1,1.0
182,20,326.000,163.000,4.000,9.000,1.0,1,1.0
183,20,324.000,160.000,4.000,8.000,1.0,1,1.0
184,20,323.000,156.000,4.000,9.000,1.0,1,1.0
185,20,323.000,153.000,3.000,9.000,1.0,1,1.0
186,20,322.000,150.000,3.000,8.000,1.0,1,1.0
187,20,320.000,146.000,5.000,9.000,1.0,1,1.0
188,20,319.000,143.000,5.000,8.000,1.0,1,1.0
189,20,318.000,139.000,5.000,9.000,1.0,1,1.0
190,20,317.000,136.000,4.000,9.000,1.0,1,1.0
191,20,316.000,133.000,4.000,9.000,1.0,1,1.0
192,20,315.000,131.000,4.000,8.000,1.0,1,1.0
193,20,313.000,128.000,5.000,8.000,1.0,1,1.0
194,20,311.000,125.000,5.000,8.000,1.0,1,1.0
195,20,309.000,122.000,5.000,8.000,1.0,1,1.0
196,20,307.000,120.000,6.000,8.000,1.0,1,1.0
197,20,305.000,117.000,5.000,8.000,1.0,1,1.0
198,20,303.000,115.000,5.000,8.000,1.0,1,1.0
199,20,301.000,112.000,6.000,8.000,1.0,1,1.0
200,20,299.000,110.000,5.000,7.000,1.0,1,1.0
201,20,296.000,107.000,6.000,7.000,1.0,1,1.0
202,20,294.000,104.000,6.000,7.000,1.0,1,1.0
203,20,293.000,103.000,5.000,7.000,1.0,1,1.0
204,20,292.000,101.000,6.000,7.000,1.0,1,1.0
205,20,291.000,100.000,5.000,7.000,1.0,1,1.0
206,20,290.000,98.000,5.000,7.000,1.0,1,1.0
207,20,288.000,96.000,6.000,7.000,1.0,1,1.0
208,20,286.000,94.000,6.000,7.000,1.0,1,1.0
209,20,285.000,92.000,6.000,7.000,1.0,1,1.0
210,20,284.000,91.000,6.000,7.000,1.0,1,1.0
211,20,284.000,91.000,6.000,7.000,1.0,1,1.0
212,20,284.000,91.000,6.000,7.000,1.0,1,1.0
213,20,284.000,91.000,6.000,7.000,1.0,1,1.0
214,20,284.000,91.000,6.000,7.000,1.0,1,1.0
215,20,284.000,91.000,6.000,7.000,1.0,1,1.0
216,20,285.000,88.000,4.000,8.000,1.0,1,1.0
217,20,285.000,85.000,4.000,8.000,1.0,1,1.0
218,20,286.000,82.000,3.000,8.000,1.0,1,1.0
219,20,286.000,79.000,3.000,8.000,1.0,1,1.0
220,20,286.000,75.000,3.000,9.000,1.0,1,1.0
221,20,286.000,71.000,3.000,9.000,1.0,1,1.0
222,20,285.000,67.000,3.000,9.000,1.0,1,1.0
223,20,284.000,63.000,4.000,8.000,1.0,1,1.0
224,20,284.000,59.000,3.000,9.000,1.0,1,1.0
225,20,283.000,56.000,4.000,8.000,1.0,1,1.0
226,20,283.000,52.000,3.000,8.000,1.0,1,1.0
227,20,282.000,48.000,3.000,8.000,1.0,1,1.0
228,20,281.000,44.000,4.000,8.000,1.0,1,1.0
229,20,280.000,40.000,3.000,9.000,1.0,1,1.0
230,20,280.000,36.000,3.000,10.000,1.0,1,1.0
231,20,279.000,33.000,4.000,10.000,1.0,1,1.0
232,20,279.000,33.000,5.000,8.000,1.0,1,1.0
233,20,278.000,31.000,7.000,7.000,1.0,1,1.0
1,41,732.000,397.000,5.000,3.000,1.0,1,1.0
2,41,734.000,397.000,4.000,3.000,1.0,1,1.0
3,41,734.000,397.000,5.000,3.000,1.0,1,1.0
4,41,735.000,397.000,5.000,3.000,1.0,1,1.0
5,41,735.000,396.000,4.000,4.000,1.0,1,1.0
6,41,733.000,397.000,3.000,4.000,1.0,1,1.0
7,41,733.000,397.000,4.000,4.000,1.0,1,1.0
8,41,732.000,397.000,4.000,4.000,1.0,1,1.0
9,41,732.000,397.000,4.000,4.000,1.0,1,1.0
10,41,732.000,397.000,5.000,4.000,1.0,1,1.0
11,41,667.000,395.000,6.000,5.000,1.0,1,1.0
12,41,665.000,394.000,6.000,6.000,1.0,1,1.0
13,41,664.000,393.000,5.000,7.000,1.0,1,1.0
17,41,667.000,387.000,4.000,7.000,1.0,1,1.0
18,41,667.000,386.000,3.000,7.000,1.0,1,1.0
19,41,667.000,386.000,3.000,7.000,1.0,1,1.0
20,41,667.000,386.000,3.000,7.000,1.0,1,1.0
21,41,667.000,386.000,3.000,7.000,1.0,1,1.0
22,41,667.000,386.000,3.000,7.000,1.0,1,1.0
23,41,667.000,386.000,3.000,7.000,1.0,1,1.0
24,41,667.000,386.000,3.000,7.000,1.0,1,1.0
25,41,667.000,386.000,3.000,7.000,1.0,1,1.0
26,41,667.000,386.000,3.000,7.000,1.0,1,1.0
27,41,667.000,386.000,3.000,7.000,1.0,1,1.0
28,41,667.000,386.000,3.000,7.000,1.0,1,1.0
29,41,667.000,386.000,3.000,7.000,1.0,1,1.0
30,41,667.000,386.000,3.000,6.000,1.0,1,1.0
31,41,668.000,386.000,3.000,5.000,1.0,1,1.0
32,41,668.000,386.000,4.000,5.000,1.0,1,1.0
33,41,668.000,385.000,5.000,6.000,1.0,1,1.0
34,41,669.000,385.000,5.000,5.000,1.0,1,1.0
35,41,670.000,387.000,5.000,4.000,1.0,1,1.0
36,41,670.000,390.000,6.000,5.000,1.0,1,1.0
37,41,672.000,392.000,5.000,5.000,1.0,1,1.0
38,41,673.000,393.000,5.000,7.000,1.0,1,1.0
39,41,673.000,393.000,5.000,5.000,1.0,1,1.0
40,41,674.000,393.000,6.000,4.000,1.0,1,1.0
41,41,675.000,392.000,7.000,4.000,1.0,1,1.0
42,41,677.000,392.000,7.000,3.000,1.0,1,1.0
43,41,678.000,391.000,7.000,3.000,1.0,1,1.0
44,41,681.000,390.000,8.000,3.000,1.0,1,1.0
45,41,683.000,388.000,7.000,4.000,1.0,1,1.0
46,41,684.000,387.000,8.000,5.000,1.0,1,1.0
47,41,686.000,387.000,8.000,4.000,1.0,1,1.0
48,41,687.000,387.000,8.000,4.000,1.0,1,1.0
49,41,689.000,387.000,8.000,3.000,1.0,1,1.0
50,41,691.000,387.000,9.000,3.000,1.0,1,1.0
51,41,694.000,387.000,8.000,3.000,1.0,1,1.0
52,41,698.000,387.000,7.000,3.000,1.0,1,1.0
53,41,702.000,388.000,7.000,4.000,1.0,1,1.0
54,41,705.000,389.000,8.000,5.000,1.0,1,1.0
55,41,707.000,390.000,9.000,6.000,1.0,1,1.0
56,41,711.000,392.000,7.000,6.000,1.0,1,1.0
57,41,713.000,393.000,7.000,5.000,1.0,1,1.0
58,41,715.000,393.000,6.000,5.000,1.0,1,1.0
59,41,716.000,392.000,7.000,4.000,1.0,1,1.0
60,41,718.000,391.000,6.000,4.000,1.0,1,1.0
61,41,720.000,390.000,6.000,4.000,1.0,1,1.0
62,41,721.000,389.000,6.000,4.000,1.0,1,1.0
63,41,723.000,388.000,6.000,4.000,1.0,1,1.0
64,41,724.000,388.000,6.000,4.000,1.0,1,1.0
65,41,726.000,389.000,5.000,3.000,1.0,1,1.0
66,41,728.000,389.000,5.000,3.000,1.0,1,1.0
67,41,729.000,390.000,5.000,4.000,1.0,1,1.0
68,41,731.000,391.000,4.000,4.000,1.0,1,1.0
69,41,732.000,393.000,4.000,5.000,1.0,1,1.0
70,41,733.000,395.000,5.000,5.000,1.0,1,1.0
71,41,734.000,395.000,4.000,6.000,1.0,1,1.0
72,41,734.000,396.000,4.000,5.000,1.0,1,1.0
73,41,735.000,396.000,4.000,5.000,1.0,1,1.0
74,41,735.000,396.000,4.000,5.000,1.0,1,1.0
75,41,735.000,395.000,4.000,5.000,1.0,1,1.0
76,41,735.000,395.000,5.000,5.000,1.0,1,1.0
77,41,735.000,395.000,5.000,5.000,1.0,1,1.0
78,41,736.000,395.000,4.000,5.000,1.0,1,1.0
79,41,735.000,397.000,5.000,4.000,1.0,1,1.0
80,41,735.000,397.000,5.000,5.000,1.0,1,1.0
81,41,735.000,397.000,5.000,5.000,1.0,1,1.0
82,41,735.000,397.000,5.000,5.000,1.0,1,1.0
83,41,735.000,397.000,4.000,4.000,1.0,1,1.0
84,41,734.000,397.000,5.000,4.000,1.0,1,1.0
85,41,734.000,396.000,4.000,5.000,1.0,1,1.0
86,41,733.000,396.000,5.000,4.000,1.0,1,1.0
87,41,732.000,396.000,5.000,4.000,1.0,1,1.0
88,41,731.000,396.000,6.000,4.000,1.0,1,1.0
89,41,730.000,396.000,6.000,4.000,1.0,1,1.0
90,41,729.000,395.000,6.000,5.000,1.0,1,1.0
91,41,728.000,394.000,5.000,5.000,1.0,1,1.0
92,41,727.000,393.000,5.000,5.000,1.0,1,1.0
93,41,726.000,390.000,6.000,6.000,1.0,1,1.0
94,41,726.000,387.000,5.000,8.000,1.0,1,1.0
95,41,726.000,385.000,4.000,8.000,1.0,1,1.0
96,41,727.000,383.000,3.000,9.000,1.0,1,1.0
97,41,727.000,383.000,3.000,7.000,1.0,1,1.0
98,41,727.000,381.000,4.000,9.000,1.0,1,1.0
99,41,728.000,380.000,4.000,7.000,1.0,1,1.0
100,41,729.000,378.000,4.000,8.000,1.0,1,1.0
101,41,729.000,376.000,4.000,8.000,1.0,1,1.0
102,41,730.000,374.000,3.000,8.000,1.0,1,1.0
103,41,730.000,372.000,4.000,8.000,1.0,1,1.0
104,41,730.000,371.000,4.000,8.000,1.0,1,1.0
105,41,731.000,369.000,4.000,8.000,1.0,1,1.0
106,41,731.000,368.000,4.000,8.000,1.0,1,1.0
107,41,732.000,367.000,3.000,8.000,1.0,1,1.0
108,41,731.000,367.000,4.000,7.000,1.0,1,1.0
109,41,731.000,366.000,4.000,8.000,1.0,1,1.0
110,41,732.000,367.000,3.000,7.000,1.0,1,1.0
111,41,731.000,366.000,4.000,8.000,1.0,1,1.0
112,41,731.000,366.000,4.000,8.000,1.0,1,1.0
113,41,731.000,366.000,4.000,8.000,1.0,1,1.0
114,41,731.000,366.000,4.000,8.000,1.0,1,1.0
115,41,732.000,366.000,3.000,8.000,1.0,1,1.0
116,41,731.000,366.000,5.000,8.000,1.0,1,1.0
117,41,732.000,367.000,4.000,7.000,1.0,1,1.0
118,41,732.000,366.000,4.000,8.000,1.0,1,1.0
119,41,732.000,366.000,4.000,8.000,1.0,1,1.0
120,41,732.000,366.000,4.000,8.000,1.0,1,1.0
121,41,732.000,367.000,4.000,7.000,1.0,1,1.0
122,41,732.000,367.000,3.000,7.000,1.0,1,1.0
123,41,732.000,367.000,3.000,7.000,1.0,1,1.0
124,41,732.000,367.000,3.000,7.000,1.0,1,1.0
125,41,732.000,367.000,4.000,7.000,1.0,1,1.0
126,41,732.000,366.000,4.000,8.000,1.0,1,1.0
127,41,732.000,366.000,4.000,8.000,1.0,1,1.0
128,41,732.000,366.000,4.000,8.000,1.0,1,1.0
129,41,732.000,366.000,3.000,8.000,1.0,1,1.0
130,41,732.000,366.000,3.000,8.000,1.0,1,1.0
131,41,732.000,366.000,3.000,8.000,1.0,1,1.0
132,41,732.000,366.000,4.000,8.000,1.0,1,1.0
133,41,732.000,366.000,4.000,8.000,1.0,1,1.0
134,41,732.000,366.000,4.000,8.000,1.0,1,1.0
135,41,732.000,366.000,4.000,8.000,1.0,1,1.0
136,41,732.000,366.000,4.000,8.000,1.0,1,1.0
137,41,732.000,366.000,3.000,8.000,1.0,1,1.0
138,41,732.000,366.000,4.000,8.000,1.0,1,1.0
139,41,732.000,366.000,3.000,8.000,1.0,1,1.0
140,41,732.000,366.000,4.000,8.000,1.0,1,1.0
141,41,732.000,366.000,4.000,8.000,1.0,1,1.0
142,41,732.000,366.000,4.000,8.000,1.0,1,1.0
143,41,732.000,366.000,4.000,8.000,1.0,1,1.0
144,41,732.000,366.000,3.000,8.000,1.0,1,1.0
145,41,732.000,366.000,3.000,8.000,1.0,1,1.0
146,41,732.000,366.000,4.000,8.000,1.0,1,1.0
147,41,732.000,366.000,4.000,8.000,1.0,1,1.0
148,41,732.000,366.000,4.000,8.000,1.0,1,1.0
149,41,732.000,366.000,4.000,8.000,1.0,1,1.0
150,41,732.000,366.000,4.000,9.000,1.0,1,1.0
151,41,732.000,366.000,4.000,9.000,1.0,1,1.0
152,41,732.000,366.000,4.000,9.000,1.0,1,1.0
153,41,732.000,366.000,4.000,9.000,1.0,1,1.0
154,41,732.000,366.000,4.000,8.000,1.0,1,1.0
155,41,732.000,366.000,4.000,9.000,1.0,1,1.0
156,41,732.000,366.000,3.000,9.000,1.0,1,1.0
157,41,731.000,366.000,4.000,9.000,1.0,1,1.0
158,41,731.000,366.000,4.000,9.000,1.0,1,1.0
159,41,732.000,366.000,3.000,9.000,1.0,1,1.0
160,41,732.000,366.000,3.000,9.000,1.0,1,1.0
161,41,732.000,366.000,3.000,9.000,1.0,1,1.0
162,41,732.000,366.000,3.000,9.000,1.0,1,1.0
163,41,732.000,366.000,3.000,9.000,1.0,1,1.0
164,41,732.000,366.000,3.000,9.000,1.0,1,1.0
165,41,732.000,366.000,3.000,9.000,1.0,1,1.0
166,41,732.000,366.000,3.000,9.000,1.0,1,1.0
167,41,732.000,366.000,4.000,9.000,1.0,1,1.0
168,41,732.000,366.000,3.000,9.000,1.0,1,1.0
169,41,732.000,366.000,3.000,9.000,1.0,1,1.0
170,41,732.000,366.000,3.000,9.000,1.0,1,1.0
171,41,732.000,367.000,3.000,9.000,1.0,1,1.0
172,41,732.000,367.000,3.000,9.000,1.0,1,1.0
173,41,732.000,367.000,4.000,9.000,1.0,1,1.0
174,41,732.000,367.000,4.000,9.000,1.0,1,1.0
175,41,732.000,367.000,4.000,9.000,1.0,1,1.0
176,41,732.000,367.000,4.000,9.000,1.0,1,1.0
177,41,732.000,367.000,4.000,9.000,1.0,1,1.0
178,41,732.000,367.000,4.000,9.000,1.0,1,1.0
179,41,732.000,367.000,4.000,9.000,1.0,1,1.0
180,41,732.000,367.000,4.000,9.000,1.0,1,1.0
181,41,732.000,367.000,3.000,9.000,1.0,1,1.0
182,41,732.000,367.000,3.000,9.000,1.0,1,1.0
183,41,732.000,367.000,4.000,9.000,1.0,1,1.0
184,41,732.000,367.000,4.000,9.000,1.0,1,1.0
185,41,731.000,367.000,4.000,8.000,1.0,1,1.0
186,41,731.000,367.000,4.000,8.000,1.0,1,1.0
187,41,731.000,367.000,4.000,8.000,1.0,1,1.0
188,41,732.000,367.000,3.000,8.000,1.0,1,1.0
189,41,732.000,367.000,4.000,8.000,1.0,1,1.0
190,41,732.000,367.000,4.000,8.000,1.0,1,1.0
191,41,732.000,367.000,4.000,8.000,1.0,1,1.0
192,41,732.000,367.000,4.000,8.000,1.0,1,1.0
193,41,732.000,367.000,4.000,8.000,1.0,1,1.0
194,41,732.000,367.000,4.000,8.000,1.0,1,1.0
195,41,732.000,367.000,4.000,8.000,1.0,1,1.0
196,41,732.000,367.000,4.000,8.000,1.0,1,1.0
197,41,732.000,367.000,4.000,8.000,1.0,1,1.0
198,41,732.000,367.000,4.000,8.000,1.0,1,1.0
199,41,732.000,367.000,4.000,8.000,1.0,1,1.0
200,41,732.000,367.000,4.000,8.000,1.0,1,1.0
201,41,732.000,367.000,4.000,8.000,1.0,1,1.0
202,41,732.000,367.000,4.000,8.000,1.0,1,1.0
203,41,732.000,367.000,4.000,8.000,1.0,1,1.0
204,41,732.000,367.000,4.000,8.000,1.0,1,1.0
205,41,733.000,368.000,4.000,9.000,1.0,1,1.0
206,41,733.000,367.000,3.000,9.000,1.0,1,1.0
207,41,732.000,366.000,4.000,9.000,1.0,1,1.0
208,41,732.000,366.000,4.000,8.000,1.0,1,1.0
209,41,732.000,366.000,4.000,7.000,1.0,1,1.0
210,41,732.000,364.000,4.000,9.000,1.0,1,1.0
211,41,733.000,364.000,3.000,9.000,1.0,1,1.0
212,41,734.000,364.000,3.000,7.000,1.0,1,1.0
213,41,734.000,363.000,3.000,8.000,1.0,1,1.0
214,41,734.000,363.000,4.000,7.000,1.0,1,1.0
215,41,734.000,363.000,4.000,7.000,1.0,1,1.0
216,41,734.000,363.000,4.000,7.000,1.0,1,1.0
217,41,735.000,363.000,3.000,7.000,1.0,1,1.0
218,41,735.000,363.000,3.000,7.000,1.0,1,1.0
219,41,735.000,363.000,3.000,7.000,1.0,1,1.0
220,41,735.000,363.000,3.000,7.000,1.0,1,1.0
221,41,735.000,363.000,3.000,7.000,1.0,1,1.0
222,41,735.000,363.000,3.000,6.000,1.0,1,1.0
223,41,735.000,364.000,4.000,5.000,1.0,1,1.0
224,41,735.000,363.000,4.000,6.000,1.0,1,1.0
225,41,735.000,364.000,4.000,5.000,1.0,1,1.0
226,41,735.000,364.000,4.000,4.000,1.0,1,1.0
227,41,735.000,364.000,4.000,5.000,1.0,1,1.0
228,41,735.000,365.000,4.000,4.000,1.0,1,1.0
229,41,735.000,365.000,4.000,4.000,1.0,1,1.0
230,41,735.000,365.000,4.000,5.000,1.0,1,1.0
231,41,735.000,365.000,4.000,5.000,1.0,1,1.0
232,41,735.000,366.000,4.000,4.000,1.0,1,1.0
233,41,735.000,366.000,4.000,4.000,1.0,1,1.0
234,41,736.000,365.000,3.000,5.000,1.0,1,1.0
235,41,735.000,365.000,4.000,5.000,1.0,1,1.0
236,41,735.000,366.000,4.000,4.000,1.0,1,1.0
237,41,735.000,366.000,4.000,4.000,1.0,1,1.0
238,41,735.000,366.000,4.000,4.000,1.0,1,1.0
239,41,735.000,366.000,4.000,4.000,1.0,1,1.0
240,41,734.000,366.000,5.000,4.000,1.0,1,1.0
241,41,735.000,366.000,4.000,4.000,1.0,1,1.0
242,41,735.000,366.000,4.000,4.000,1.0,1,1.0
243,41,734.000,366.000,4.000,4.000,1.0,1,1.0
244,41,735.000,366.000,4.000,4.000,1.0,1,1.0
245,41,734.000,366.000,5.000,4.000,1.0,1,1.0
246,41,734.000,366.000,5.000,4.000,1.0,1,1.0
247,41,735.000,365.000,4.000,5.000,1.0,1,1.0
248,41,735.000,366.000,4.000,4.000,1.0,1,1.0
249,41,735.000,365.000,4.000,5.000,1.0,1,1.0
250,41,735.000,365.000,4.000,5.000,1.0,1,1.0
251,41,734.000,365.000,5.000,4.000,1.0,1,1.0
252,41,734.000,365.000,5.000,5.000,1.0,1,1.0
253,41,735.000,365.000,4.000,5.000,1.0,1,1.0
254,41,735.000,365.000,4.000,4.000,1.0,1,1.0
255,41,734.000,365.000,5.000,5.000,1.0,1,1.0
256,41,734.000,365.000,5.000,5.000,1.0,1,1.0
257,41,734.000,365.000,5.000,5.000,1.0,1,1.0
258,41,734.000,365.000,5.000,5.000,1.0,1,1.0
259,41,734.000,366.000,5.000,4.000,1.0,1,1.0
260,41,734.000,365.000,5.000,5.000,1.0,1,1.0
261,41,734.000,365.000,5.000,5.000,1.0,1,1.0
262,41,734.000,365.000,5.000,5.000,1.0,1,1.0
263,41,734.000,365.000,5.000,5.000,1.0,1,1.0
264,41,734.000,365.000,5.000,5.000,1.0,1,1.0
265,41,734.000,365.000,5.000,5.000,1.0,1,1.0
266,41,734.000,365.000,5.000,5.000,1.0,1,1.0
267,41,734.000,365.000,5.000,5.000,1.0,1,1.0
268,41,734.000,365.000,5.000,5.000,1.0,1,1.0
269,41,734.000,365.000,5.000,5.000,1.0,1,1.0
270,41,734.000,365.000,5.000,5.000,1.0,1,1.0
271,41,734.000,365.000,5.000,5.000,1.0,1,1.0
272,41,735.000,365.000,4.000,5.000,1.0,1,1.0
273,41,735.000,365.000,4.000,6.000,1.0,1,1.0
274,41,736.000,365.000,4.000,6.000,1.0,1,1.0
275,41,736.000,364.000,3.000,7.000,1.0,1,1.0
276,41,736.000,364.000,3.000,7.000,1.0,1,1.0
277,41,736.000,364.000,3.000,7.000,1.0,1,1.0
278,41,736.000,364.000,3.000,7.000,1.0,1,1.0
279,41,736.000,364.000,3.000,6.000,1.0,1,1.0
280,41,736.000,364.000,3.000,7.000,1.0,1,1.0
281,41,736.000,364.000,3.000,7.000,1.0,1,1.0
282,41,736.000,364.000,3.000,7.000,1.0,1,1.0
283,41,736.000,364.000,3.000,7.000,1.0,1,1.0
284,41,736.000,364.000,3.000,7.000,1.0,1,1.0
285,41,736.000,364.000,3.000,7.000,1.0,1,1.0
286,41,736.000,364.000,3.000,7.000,1.0,1,1.0
287,41,735.000,364.000,4.000,6.000,1.0,1,1.0
288,41,735.000,364.000,4.000,7.000,1.0,1,1.0
289,41,735.000,364.000,4.000,7.000,1.0,1,1.0
290,41,735.000,364.000,4.000,7.000,1.0,1,1.0
291,41,735.000,363.000,4.000,8.000,1.0,1,1.0
292,41,735.000,364.000,4.000,7.000,1.0,1,1.0
293,41,735.000,364.000,4.000,7.000,1.0,1,1.0
294,41,735.000,364.000,4.000,7.000,1.0,1,1.0
295,41,735.000,364.000,3.000,7.000,1.0,1,1.0
296,41,735.000,364.000,4.000,7.000,1.0,1,1.0
297,41,735.000,364.000,4.000,7.000,1.0,1,1.0
298,41,736.000,364.000,3.000,7.000,1.0,1,1.0
299,41,736.000,364.000,3.000,7.000,1.0,1,1.0
300,41,736.000,364.000,4.000,6.000,1.0,1,1.0
301,41,736.000,364.000,3.000,6.000,1.0,1,1.0
302,41,736.000,364.000,3.000,6.000,1.0,1,1.0
303,41,736.000,364.000,3.000,6.000,1.0,1,1.0
304,41,736.000,364.000,3.000,6.000,1.0,1,1.0
305,41,736.000,364.000,3.000,6.000,1.0,1,1.0
306,41,736.000,364.000,3.000,6.000,1.0,1,1.0
307,41,736.000,364.000,3.000,6.000,1.0,1,1.0
308,41,736.000,364.000,3.000,6.000,1.0,1,1.0
309,41,736.000,364.000,3.000,6.000,1.0,1,1.0
310,41,735.000,363.000,3.000,8.000,1.0,1,1.0
311,41,735.000,363.000,3.000,7.000,1.0,1,1.0
312,41,735.000,363.000,3.000,7.000,1.0,1,1.0
313,41,735.000,363.000,3.000,8.000,1.0,1,1.0
314,41,735.000,364.000,4.000,6.000,1.0,1,1.0
315,41,735.000,364.000,4.000,6.000,1.0,1,1.0
316,41,735.000,363.000,4.000,7.000,1.0,1,1.0
317,41,735.000,363.000,4.000,7.000,1.0,1,1.0
318,41,735.000,363.000,4.000,7.000,1.0,1,1.0
319,41,735.000,363.000,4.000,7.000,1.0,1,1.0
320,41,735.000,363.000,4.000,7.000,1.0,1,1.0
321,41,735.000,363.000,4.000,7.000,1.0,1,1.0
322,41,736.000,363.000,3.000,8.000,1.0,1,1.0
323,41,736.000,363.000,3.000,7.000,1.0,1,1.0
324,41,736.000,363.000,3.000,7.000,1.0,1,1.0
1,26,418.000,397.000,8.000,4.000,1.0,1,1.0
4,26,436.000,393.000,6.000,5.000,1.0,1,1.0
5,26,437.000,393.000,5.000,4.000,1.0,1,1.0
6,26,437.000,393.000,5.000,4.000,1.0,1,1.0
29,26,442.000,392.000,6.000,5.000,1.0,1,1.0
30,26,442.000,392.000,6.000,5.000,1.0,1,1.0
31,26,442.000,392.000,6.000,4.000,1.0,1,1.0
32,26,443.000,392.000,8.000,6.000,1.0,1,1.0
36,26,442.000,393.000,9.000,5.000,1.0,1,1.0
37,26,443.000,392.000,8.000,6.000,1.0,1,1.0
38,26,444.000,391.000,7.000,6.000,1.0,1,1.0
39,26,445.000,390.000,5.000,6.000,1.0,1,1.0
40,26,445.000,390.000,5.000,5.000,1.0,1,1.0
41,26,446.000,389.000,4.000,5.000,1.0,1,1.0
42,26,448.000,389.000,5.000,4.000,1.0,1,1.0
43,26,451.000,389.000,5.000,4.000,1.0,1,1.0
44,26,452.000,389.000,6.000,4.000,1.0,1,1.0
45,26,453.000,389.000,6.000,4.000,1.0,1,1.0
46,26,454.000,389.000,6.000,4.000,1.0,1,1.0
47,26,454.000,389.000,6.000,4.000,1.0,1,1.0
48,26,454.000,389.000,6.000,4.000,1.0,1,1.0
49,26,455.000,390.000,5.000,5.000,1.0,1,1.0
50,26,456.000,391.000,4.000,5.000,1.0,1,1.0
51,26,456.000,392.000,4.000,4.000,1.0,1,1.0
52,26,455.000,392.000,5.000,4.000,1.0,1,1.0
53,26,455.000,392.000,5.000,4.000,1.0,1,1.0
54,26,455.000,392.000,4.000,4.000,1.0,1,1.0
55,26,456.000,392.000,4.000,5.000,1.0,1,1.0
56,26,456.000,392.000,3.000,5.000,1.0,1,1.0
57,26,455.000,390.000,5.000,7.000,1.0,1,1.0
58,26,441.000,363.000,7.000,6.000,1.0,1,1.0
59,26,436.000,366.000,5.000,8.000,1.0,1,1.0
60,26,421.000,394.000,5.000,5.000,1.0,1,1.0
61,26,421.000,394.000,6.000,4.000,1.0,1,1.0
62,26,421.000,394.000,6.000,4.000,1.0,1,1.0
63,26,420.000,394.000,7.000,4.000,1.0,1,1.0
64,26,418.000,394.000,7.000,5.000,1.0,1,1.0
65,26,416.000,394.000,7.000,4.000,1.0,1,1.0
66,26,415.000,394.000,7.000,4.000,1.0,1,1.0
67,26,413.000,394.000,7.000,4.000,1.0,1,1.0
68,26,411.000,394.000,7.000,4.000,1.0,1,1.0
69,26,411.000,394.000,5.000,4.000,1.0,1,1.0
70,26,411.000,394.000,4.000,4.000,1.0,1,1.0
71,26,411.000,394.000,4.000,3.000,1.0,1,1.0
72,26,410.000,393.000,4.000,5.000,1.0,1,1.0
73,26,411.000,394.000,4.000,4.000,1.0,1,1.0
74,26,412.000,394.000,5.000,4.000,1.0,1,1.0
75,26,414.000,394.000,5.000,4.000,1.0,1,1.0
76,26,414.000,395.000,5.000,4.000,1.0,1,1.0
77,26,415.000,395.000,5.000,4.000,1.0,1,1.0
78,26,416.000,396.000,5.000,3.000,1.0,1,1.0
79,26,416.000,396.000,6.000,3.000,1.0,1,1.0
80,26,416.000,396.000,6.000,3.000,1.0,1,1.0
81,26,416.000,396.000,6.000,3.000,1.0,1,1.0
82,26,416.000,396.000,6.000,3.000,1.0,1,1.0
83,26,416.000,396.000,6.000,3.000,1.0,1,1.0
84,26,416.000,396.000,6.000,4.000,1.0,1,1.0
85,26,423.000,368.000,7.000,9.000,1.0,1,1.0
86,26,433.000,336.000,7.000,8.000,1.0,1,1.0
87,26,436.000,332.000,7.000,5.000,1.0,1,1.0
88,26,435.000,332.000,7.000,5.000,1.0,1,1.0
89,26,434.000,330.000,7.000,6.000,1.0,1,1.0
90,26,435.000,327.000,4.000,8.000,1.0,1,1.0
91,26,435.000,324.000,3.000,8.000,1.0,1,1.0
92,26,435.000,321.000,3.000,8.000,1.0,1,1.0
93,26,435.000,317.000,4.000,8.000,1.0,1,1.0
94,26,436.000,313.000,3.000,8.000,1.0,1,1.0
95,26,437.000,309.000,4.000,8.000,1.0,1,1.0
96,26,438.000,305.000,4.000,8.000,1.0,1,1.0
97,26,439.000,302.000,4.000,8.000,1.0,1,1.0
98,26,439.000,298.000,3.000,8.000,1.0,1,1.0
99,26,439.000,295.000,3.000,8.000,1.0,1,1.0
100,26,439.000,290.000,3.000,8.000,1.0,1,1.0
101,26,438.000,287.000,3.000,8.000,1.0,1,1.0
102,26,438.000,282.000,3.000,8.000,1.0,1,1.0
103,26,438.000,278.000,3.000,8.000,1.0,1,1.0
104,26,438.000,274.000,4.000,8.000,1.0,1,1.0
105,26,439.000,271.000,4.000,8.000,1.0,1,1.0
106,26,441.000,267.000,3.000,8.000,1.0,1,1.0
107,26,442.000,263.000,3.000,8.000,1.0,1,1.0
108,26,442.000,258.000,3.000,8.000,1.0,1,1.0
109,26,442.000,254.000,4.000,9.000,1.0,1,1.0
110,26,442.000,249.000,4.000,10.000,1.0,1,1.0
111,26,442.000,245.000,7.000,9.000,1.0,1,1.0
112,26,446.000,242.000,7.000,8.000,1.0,1,1.0
113,26,448.000,242.000,6.000,5.000,1.0,1,1.0
114,26,451.000,240.000,7.000,5.000,1.0,1,1.0
115,26,454.000,239.000,7.000,4.000,1.0,1,1.0
116,26,456.000,237.000,8.000,4.000,1.0,1,1.0
117,26,460.000,235.000,6.000,5.000,1.0,1,1.0
118,26,462.000,233.000,7.000,5.000,1.0,1,1.0
119,26,465.000,231.000,6.000,5.000,1.0,1,1.0
120,26,466.000,229.000,7.000,5.000,1.0,1,1.0
121,26,469.000,228.000,6.000,5.000,1.0,1,1.0
122,26,471.000,227.000,5.000,5.000,1.0,1,1.0
123,26,472.000,226.000,6.000,5.000,1.0,1,1.0
124,26,474.000,224.000,4.000,5.000,1.0,1,1.0
125,26,475.000,222.000,4.000,5.000,1.0,1,1.0
126,26,475.000,221.000,4.000,4.000,1.0,1,1.0
127,26,476.000,219.000,3.000,5.000,1.0,1,1.0
128,26,475.000,217.000,4.000,5.000,1.0,1,1.0
129,26,475.000,214.000,4.000,6.000,1.0,1,1.0
130,26,475.000,213.000,3.000,6.000,1.0,1,1.0
131,26,474.000,211.000,4.000,6.000,1.0,1,1.0
132,26,474.000,209.000,3.000,6.000,1.0,1,1.0
133,26,473.000,205.000,4.000,7.000,1.0,1,1.0
134,26,472.000,202.000,4.000,7.000,1.0,1,1.0
135,26,471.000,199.000,5.000,7.000,1.0,1,1.0
136,26,471.000,196.000,4.000,7.000,1.0,1,1.0
137,26,470.000,193.000,4.000,7.000,1.0,1,1.0
138,26,469.000,190.000,4.000,7.000,1.0,1,1.0
139,26,468.000,187.000,4.000,8.000,1.0,1,1.0
140,26,466.000,184.000,5.000,8.000,1.0,1,1.0
141,26,466.000,181.000,4.000,8.000,1.0,1,1.0
142,26,464.000,178.000,5.000,7.000,1.0,1,1.0
143,26,462.000,176.000,6.000,7.000,1.0,1,1.0
144,26,460.000,174.000,6.000,6.000,1.0,1,1.0
145,26,457.000,174.000,7.000,4.000,1.0,1,1.0
146,26,453.000,173.000,8.000,4.000,1.0,1,1.0
147,26,451.000,172.000,8.000,4.000,1.0,1,1.0
148,26,451.000,169.000,6.000,6.000,1.0,1,1.0
149,26,450.000,166.000,6.000,7.000,1.0,1,1.0
150,26,449.000,163.000,5.000,7.000,1.0,1,1.0
151,26,449.000,159.000,4.000,8.000,1.0,1,1.0
152,26,449.000,156.000,4.000,8.000,1.0,1,1.0
153,26,450.000,153.000,3.000,8.000,1.0,1,1.0
154,26,451.000,149.000,3.000,8.000,1.0,1,1.0
155,26,451.000,146.000,4.000,8.000,1.0,1,1.0
156,26,452.000,143.000,4.000,7.000,1.0,1,1.0
157,26,452.000,139.000,4.000,8.000,1.0,1,1.0
158,26,453.000,136.000,4.000,8.000,1.0,1,1.0
159,26,453.000,132.000,4.000,8.000,1.0,1,1.0
160,26,454.000,128.000,3.000,8.000,1.0,1,1.0
161,26,454.000,125.000,4.000,8.000,1.0,1,1.0
162,26,455.000,121.000,3.000,8.000,1.0,1,1.0
163,26,455.000,117.000,3.000,8.000,1.0,1,1.0
164,26,455.000,113.000,3.000,9.000,1.0,1,1.0
165,26,455.000,109.000,3.000,9.000,1.0,1,1.0
166,26,455.000,106.000,3.000,9.000,1.0,1,1.0
167,26,455.000,103.000,3.000,8.000,1.0,1,1.0
168,26,454.000,99.000,4.000,8.000,1.0,1,1.0
169,26,454.000,95.000,3.000,8.000,1.0,1,1.0
170,26,453.000,92.000,4.000,8.000,1.0,1,1.0
171,26,453.000,88.000,3.000,8.000,1.0,1,1.0
172,26,453.000,85.000,3.000,8.000,1.0,1,1.0
173,26,453.000,81.000,3.000,8.000,1.0,1,1.0
174,26,453.000,78.000,4.000,9.000,1.0,1,1.0
175,26,454.000,75.000,4.000,8.000,1.0,1,1.0
176,26,455.000,72.000,5.000,8.000,1.0,1,1.0
177,26,456.000,68.000,4.000,9.000,1.0,1,1.0
178,26,458.000,65.000,4.000,8.000,1.0,1,1.0
179,26,458.000,62.000,4.000,8.000,1.0,1,1.0
180,26,459.000,59.000,4.000,8.000,1.0,1,1.0
181,26,459.000,56.000,4.000,8.000,1.0,1,1.0
182,26,460.000,52.000,3.000,8.000,1.0,1,1.0
183,26,459.000,50.000,4.000,7.000,1.0,1,1.0
184,26,457.000,46.000,5.000,8.000,1.0,1,1.0
185,26,455.000,44.000,6.000,7.000,1.0,1,1.0
186,26,453.000,41.000,6.000,7.000,1.0,1,1.0
187,26,451.000,40.000,6.000,6.000,1.0,1,1.0
188,26,448.000,38.000,6.000,5.000,1.0,1,1.0
189,26,444.000,36.000,8.000,6.000,1.0,1,1.0
190,26,441.000,34.000,8.000,5.000,1.0,1,1.0
191,26,438.000,32.000,9.000,6.000,1.0,1,1.0
192,26,435.000,31.000,9.000,6.000,1.0,1,1.0
193,26,433.000,30.000,9.000,6.000,1.0,1,1.0
194,26,431.000,30.000,8.000,5.000,1.0,1,1.0
195,26,429.000,30.000,9.000,6.000,1.0,1,1.0
196,26,428.000,29.000,9.000,6.000,1.0,1,1.0
197,26,426.000,29.000,8.000,5.000,1.0,1,1.0
275,26,453.000,66.000,13.000,8.000,1.0,1,1.0
276,26,450.000,87.000,6.000,7.000,1.0,1,1.0
277,26,455.000,100.000,8.000,5.000,1.0,1,1.0
278,26,458.000,100.000,4.000,8.000,1.0,1,1.0
279,26,458.000,99.000,4.000,8.000,1.0,1,1.0
280,26,458.000,98.000,5.000,7.000,1.0,1,1.0
281,26,458.000,97.000,5.000,8.000,1.0,1,1.0
282,26,458.000,97.000,5.000,8.000,1.0,1,1.0
283,26,458.000,97.000,5.000,8.000,1.0,1,1.0
284,26,458.000,97.000,5.000,8.000,1.0,1,1.0
285,26,458.000,97.000,5.000,8.000,1.0,1,1.0
286,26,458.000,95.000,4.000,8.000,1.0,1,1.0
287,26,458.000,92.000,4.000,9.000,1.0,1,1.0
288,26,458.000,89.000,4.000,9.000,1.0,1,1.0
289,26,459.000,87.000,3.000,9.000,1.0,1,1.0
290,26,459.000,84.000,3.000,9.000,1.0,1,1.0
291,26,459.000,82.000,3.000,9.000,1.0,1,1.0
292,26,458.000,80.000,4.000,8.000,1.0,1,1.0
293,26,458.000,77.000,4.000,9.000,1.0,1,1.0
294,26,458.000,75.000,4.000,9.000,1.0,1,1.0
295,26,458.000,72.000,3.000,9.000,1.0,1,1.0
296,26,457.000,69.000,4.000,9.000,1.0,1,1.0
297,26,456.000,65.000,4.000,9.000,1.0,1,1.0
298,26,454.000,62.000,5.000,8.000,1.0,1,1.0
299,26,452.000,59.000,6.000,8.000,1.0,1,1.0
300,26,450.000,56.000,6.000,7.000,1.0,1,1.0
301,26,449.000,52.000,5.000,8.000,1.0,1,1.0
302,26,447.000,49.000,5.000,7.000,1.0,1,1.0
303,26,445.000,46.000,6.000,8.000,1.0,1,1.0
304,26,443.000,44.000,6.000,7.000,1.0,1,1.0
305,26,441.000,42.000,7.000,7.000,1.0,1,1.0
306,26,440.000,40.000,6.000,6.000,1.0,1,1.0
307,26,437.000,37.000,7.000,7.000,1.0,1,1.0
308,26,437.000,36.000,6.000,7.000,1.0,1,1.0
309,26,436.000,36.000,7.000,7.000,1.0,1,1.0
310,26,436.000,36.000,7.000,7.000,1.0,1,1.0
311,26,436.000,36.000,7.000,7.000,1.0,1,1.0
312,26,436.000,36.000,7.000,7.000,1.0,1,1.0
313,26,436.000,36.000,7.000,7.000,1.0,1,1.0
314,26,436.000,35.000,7.000,8.000,1.0,1,1.0
315,26,436.000,36.000,6.000,6.000,1.0,1,1.0
322,26,409.000,49.000,9.000,6.000,1.0,1,1.0
323,26,447.000,67.000,6.000,5.000,1.0,1,1.0
324,26,462.000,70.000,5.000,9.000,1.0,1,1.0
1,23,413.000,395.000,7.000,4.000,1.0,1,1.0
3,23,413.000,395.000,10.000,5.000,1.0,1,1.0
4,23,414.000,395.000,6.000,4.000,1.0,1,1.0
5,23,413.000,395.000,7.000,3.000,1.0,1,1.0
6,23,413.000,395.000,6.000,4.000,1.0,1,1.0
7,23,413.000,395.000,7.000,4.000,1.0,1,1.0
8,23,413.000,395.000,7.000,4.000,1.0,1,1.0
9,23,413.000,395.000,6.000,4.000,1.0,1,1.0
10,23,413.000,394.000,7.000,5.000,1.0,1,1.0
11,23,414.000,393.000,6.000,5.000,1.0,1,1.0
12,23,414.000,394.000,5.000,4.000,1.0,1,1.0
13,23,414.000,394.000,5.000,5.000,1.0,1,1.0
14,23,414.000,394.000,5.000,5.000,1.0,1,1.0
15,23,412.000,394.000,6.000,4.000,1.0,1,1.0
16,23,410.000,394.000,5.000,4.000,1.0,1,1.0
17,23,410.000,395.000,4.000,4.000,1.0,1,1.0
18,23,408.000,395.000,5.000,4.000,1.0,1,1.0
19,23,408.000,395.000,4.000,4.000,1.0,1,1.0
20,23,406.000,396.000,5.000,4.000,1.0,1,1.0
21,23,406.000,396.000,5.000,4.000,1.0,1,1.0
22,23,406.000,396.000,5.000,5.000,1.0,1,1.0
23,23,407.000,396.000,5.000,4.000,1.0,1,1.0
24,23,408.000,396.000,5.000,4.000,1.0,1,1.0
25,23,410.000,396.000,4.000,3.000,1.0,1,1.0
26,23,410.000,396.000,5.000,3.000,1.0,1,1.0
27,23,411.000,396.000,5.000,3.000,1.0,1,1.0
28,23,411.000,396.000,5.000,4.000,1.0,1,1.0
29,23,411.000,396.000,5.000,4.000,1.0,1,1.0
30,23,411.000,396.000,5.000,4.000,1.0,1,1.0
31,23,411.000,396.000,5.000,4.000,1.0,1,1.0
32,23,414.000,381.000,8.000,7.000,1.0,1,1.0
43,23,438.000,392.000,5.000,4.000,1.0,1,1.0
44,23,436.000,393.000,5.000,3.000,1.0,1,1.0
45,23,434.000,392.000,6.000,4.000,1.0,1,1.0
46,23,433.000,392.000,7.000,4.000,1.0,1,1.0
47,23,431.000,392.000,8.000,4.000,1.0,1,1.0
48,23,430.000,391.000,7.000,5.000,1.0,1,1.0
49,23,429.000,391.000,8.000,4.000,1.0,1,1.0
50,23,428.000,390.000,7.000,5.000,1.0,1,1.0
51,23,427.000,387.000,6.000,7.000,1.0,1,1.0
52,23,425.000,384.000,6.000,7.000,1.0,1,1.0
53,23,424.000,381.000,5.000,7.000,1.0,1,1.0
54,23,423.000,378.000,4.000,7.000,1.0,1,1.0
55,23,422.000,374.000,4.000,8.000,1.0,1,1.0
56,23,421.000,371.000,4.000,7.000,1.0,1,1.0
57,23,420.000,366.000,4.000,9.000,1.0,1,1.0
58,23,420.000,363.000,3.000,8.000,1.0,1,1.0
59,23,420.000,359.000,3.000,9.000,1.0,1,1.0
60,23,420.000,356.000,3.000,9.000,1.0,1,1.0
61,23,419.000,353.000,4.000,9.000,1.0,1,1.0
62,23,420.000,350.000,4.000,8.000,1.0,1,1.0
63,23,420.000,346.000,3.000,9.000,1.0,1,1.0
64,23,420.000,342.000,4.000,9.000,1.0,1,1.0
65,23,421.000,339.000,3.000,8.000,1.0,1,1.0
66,23,421.000,334.000,3.000,9.000,1.0,1,1.0
67,23,421.000,331.000,4.000,8.000,1.0,1,1.0
68,23,421.000,327.000,4.000,8.000,1.0,1,1.0
69,23,421.000,323.000,4.000,9.000,1.0,1,1.0
70,23,421.000,320.000,4.000,8.000,1.0,1,1.0
71,23,421.000,316.000,4.000,9.000,1.0,1,1.0
72,23,421.000,313.000,3.000,8.000,1.0,1,1.0
73,23,419.000,311.000,5.000,8.000,1.0,1,1.0
74,23,416.000,311.000,6.000,6.000,1.0,1,1.0
75,23,414.000,309.000,6.000,6.000,1.0,1,1.0
76,23,412.000,309.000,6.000,5.000,1.0,1,1.0
77,23,411.000,308.000,5.000,5.000,1.0,1,1.0
78,23,410.000,305.000,5.000,7.000,1.0,1,1.0
79,23,410.000,303.000,3.000,6.000,1.0,1,1.0
80,23,409.000,300.000,3.000,7.000,1.0,1,1.0
81,23,408.000,297.000,3.000,7.000,1.0,1,1.0
82,23,407.000,295.000,3.000,7.000,1.0,1,1.0
83,23,406.000,293.000,4.000,6.000,1.0,1,1.0
84,23,406.000,290.000,3.000,7.000,1.0,1,1.0
85,23,406.000,288.000,3.000,6.000,1.0,1,1.0
86,23,406.000,286.000,3.000,6.000,1.0,1,1.0
87,23,405.000,283.000,3.000,6.000,1.0,1,1.0
88,23,405.000,281.000,4.000,6.000,1.0,1,1.0
89,23,405.000,279.000,4.000,6.000,1.0,1,1.0
90,23,406.000,277.000,3.000,6.000,1.0,1,1.0
91,23,406.000,275.000,5.000,6.000,1.0,1,1.0
92,23,407.000,274.000,5.000,6.000,1.0,1,1.0
93,23,408.000,273.000,6.000,6.000,1.0,1,1.0
94,23,409.000,273.000,7.000,5.000,1.0,1,1.0
95,23,411.000,272.000,7.000,5.000,1.0,1,1.0
96,23,413.000,272.000,7.000,4.000,1.0,1,1.0
97,23,415.000,270.000,7.000,5.000,1.0,1,1.0
98,23,417.000,269.000,7.000,4.000,1.0,1,1.0
99,23,419.000,266.000,6.000,6.000,1.0,1,1.0
100,23,421.000,263.000,6.000,6.000,1.0,1,1.0
101,23,423.000,260.000,6.000,7.000,1.0,1,1.0
102,23,424.000,257.000,6.000,7.000,1.0,1,1.0
103,23,425.000,256.000,6.000,7.000,1.0,1,1.0
104,23,426.000,256.000,7.000,7.000,1.0,1,1.0
105,23,427.000,256.000,7.000,6.000,1.0,1,1.0
106,23,429.000,255.000,6.000,6.000,1.0,1,1.0
107,23,431.000,253.000,6.000,6.000,1.0,1,1.0
108,23,433.000,251.000,7.000,6.000,1.0,1,1.0
109,23,436.000,249.000,7.000,5.000,1.0,1,1.0
110,23,438.000,247.000,7.000,5.000,1.0,1,1.0
112,23,441.000,242.000,5.000,9.000,1.0,1,1.0
113,23,442.000,238.000,4.000,8.000,1.0,1,1.0
114,23,441.000,234.000,4.000,8.000,1.0,1,1.0
115,23,441.000,230.000,4.000,8.000,1.0,1,1.0
116,23,440.000,225.000,4.000,9.000,1.0,1,1.0
117,23,440.000,222.000,4.000,8.000,1.0,1,1.0
118,23,439.000,217.000,4.000,8.000,1.0,1,1.0
119,23,439.000,213.000,4.000,9.000,1.0,1,1.0
120,23,440.000,212.000,4.000,8.000,1.0,1,1.0
121,23,441.000,210.000,3.000,8.000,1.0,1,1.0
122,23,442.000,207.000,3.000,8.000,1.0,1,1.0
123,23,443.000,205.000,3.000,8.000,1.0,1,1.0
124,23,444.000,201.000,4.000,8.000,1.0,1,1.0
125,23,445.000,197.000,4.000,8.000,1.0,1,1.0
126,23,446.000,194.000,4.000,8.000,1.0,1,1.0
127,23,447.000,190.000,3.000,9.000,1.0,1,1.0
128,23,448.000,188.000,3.000,8.000,1.0,1,1.0
129,23,449.000,185.000,3.000,8.000,1.0,1,1.0
130,23,451.000,182.000,4.000,8.000,1.0,1,1.0
131,23,452.000,178.000,4.000,8.000,1.0,1,1.0
132,23,454.000,175.000,4.000,8.000,1.0,1,1.0
133,23,456.000,171.000,4.000,9.000,1.0,1,1.0
134,23,457.000,168.000,5.000,8.000,1.0,1,1.0
135,23,458.000,164.000,5.000,9.000,1.0,1,1.0
136,23,460.000,162.000,4.000,8.000,1.0,1,1.0
137,23,460.000,158.000,4.000,9.000,1.0,1,1.0
138,23,462.000,154.000,3.000,9.000,1.0,1,1.0
139,23,462.000,151.000,3.000,9.000,1.0,1,1.0
140,23,461.000,147.000,4.000,9.000,1.0,1,1.0
141,23,460.000,144.000,4.000,8.000,1.0,1,1.0
142,23,460.000,140.000,3.000,8.000,1.0,1,1.0
143,23,459.000,136.000,4.000,9.000,1.0,1,1.0
144,23,459.000,132.000,4.000,9.000,1.0,1,1.0
145,23,459.000,129.000,3.000,8.000,1.0,1,1.0
146,23,458.000,125.000,4.000,9.000,1.0,1,1.0
147,23,458.000,121.000,4.000,9.000,1.0,1,1.0
148,23,459.000,118.000,3.000,8.000,1.0,1,1.0
149,23,460.000,116.000,4.000,8.000,1.0,1,1.0
150,23,461.000,114.000,5.000,7.000,1.0,1,1.0
151,23,463.000,111.000,5.000,8.000,1.0,1,1.0
152,23,465.000,109.000,4.000,7.000,1.0,1,1.0
153,23,467.000,106.000,4.000,8.000,1.0,1,1.0
154,23,468.000,103.000,4.000,8.000,1.0,1,1.0
155,23,469.000,100.000,3.000,8.000,1.0,1,1.0
156,23,469.000,97.000,3.000,8.000,1.0,1,1.0
157,23,468.000,93.000,3.000,8.000,1.0,1,1.0
158,23,468.000,90.000,3.000,8.000,1.0,1,1.0
159,23,468.000,87.000,3.000,8.000,1.0,1,1.0
160,23,467.000,84.000,3.000,8.000,1.0,1,1.0
161,23,466.000,81.000,3.000,7.000,1.0,1,1.0
162,23,464.000,78.000,4.000,7.000,1.0,1,1.0
163,23,462.000,75.000,5.000,7.000,1.0,1,1.0
164,23,460.000,74.000,5.000,7.000,1.0,1,1.0
165,23,459.000,72.000,5.000,7.000,1.0,1,1.0
166,23,457.000,71.000,5.000,6.000,1.0,1,1.0
167,23,455.000,69.000,5.000,6.000,1.0,1,1.0
168,23,452.000,67.000,6.000,6.000,1.0,1,1.0
169,23,448.000,65.000,8.000,5.000,1.0,1,1.0
170,23,445.000,64.000,8.000,5.000,1.0,1,1.0
171,23,442.000,62.000,8.000,5.000,1.0,1,1.0
172,23,440.000,60.000,7.000,5.000,1.0,1,1.0
173,23,437.000,59.000,7.000,4.000,1.0,1,1.0
174,23,436.000,55.000,6.000,7.000,1.0,1,1.0
175,23,438.000,52.000,4.000,8.000,1.0,1,1.0
176,23,439.000,49.000,3.000,8.000,1.0,1,1.0
177,23,439.000,45.000,4.000,9.000,1.0,1,1.0
178,23,440.000,42.000,4.000,9.000,1.0,1,1.0
179,23,441.000,39.000,4.000,8.000,1.0,1,1.0
180,23,443.000,37.000,3.000,8.000,1.0,1,1.0
181,23,443.000,34.000,4.000,8.000,1.0,1,1.0
182,23,443.000,31.000,5.000,7.000,1.0,1,1.0
183,23,443.000,30.000,5.000,6.000,1.0,1,1.0
1,35,722.000,395.000,4.000,4.000,1.0,1,1.0
2,35,719.000,394.000,6.000,4.000,1.0,1,1.0
3,35,716.000,394.000,6.000,4.000,1.0,1,1.0
4,35,713.000,394.000,6.000,4.000,1.0,1,1.0
5,35,709.000,394.000,7.000,3.000,1.0,1,1.0
6,35,706.000,394.000,6.000,3.000,1.0,1,1.0
7,35,703.000,393.000,6.000,4.000,1.0,1,1.0
8,35,701.000,393.000,7.000,4.000,1.0,1,1.0
9,35,701.000,393.000,6.000,4.000,1.0,1,1.0
10,35,703.000,394.000,5.000,3.000,1.0,1,1.0
11,35,705.000,394.000,4.000,3.000,1.0,1,1.0
12,35,705.000,394.000,5.000,3.000,1.0,1,1.0
13,35,706.000,394.000,4.000,3.000,1.0,1,1.0
14,35,705.000,394.000,5.000,3.000,1.0,1,1.0
15,35,703.000,394.000,7.000,3.000,1.0,1,1.0
16,35,703.000,393.000,6.000,4.000,1.0,1,1.0
17,35,702.000,393.000,7.000,4.000,1.0,1,1.0
18,35,701.000,393.000,7.000,4.000,1.0,1,1.0
19,35,700.000,393.000,7.000,4.000,1.0,1,1.0
20,35,700.000,393.000,7.000,4.000,1.0,1,1.0
22,35,703.000,316.000,4.000,11.000,1.0,1,1.0
23,35,691.000,290.000,5.000,8.000,1.0,1,1.0
24,35,676.000,276.000,7.000,4.000,1.0,1,1.0
25,35,665.000,276.000,4.000,6.000,1.0,1,1.0
26,35,666.000,276.000,4.000,7.000,1.0,1,1.0
27,35,667.000,274.000,3.000,7.000,1.0,1,1.0
28,35,667.000,271.000,3.000,8.000,1.0,1,1.0
29,35,667.000,267.000,4.000,9.000,1.0,1,1.0
30,35,668.000,265.000,3.000,8.000,1.0,1,1.0
31,35,668.000,264.000,3.000,7.000,1.0,1,1.0
32,35,668.000,263.000,3.000,8.000,1.0,1,1.0
33,35,667.000,261.000,3.000,7.000,1.0,1,1.0
34,35,666.000,259.000,3.000,7.000,1.0,1,1.0
35,35,666.000,257.000,3.000,7.000,1.0,1,1.0
36,35,666.000,255.000,3.000,5.000,1.0,1,1.0
37,35,666.000,252.000,3.000,6.000,1.0,1,1.0
38,35,666.000,249.000,3.000,6.000,1.0,1,1.0
39,35,665.000,246.000,4.000,6.000,1.0,1,1.0
40,35,665.000,243.000,4.000,6.000,1.0,1,1.0
41,35,665.000,240.000,4.000,7.000,1.0,1,1.0
42,35,665.000,235.000,4.000,8.000,1.0,1,1.0
43,35,666.000,231.000,3.000,8.000,1.0,1,1.0
44,35,666.000,227.000,4.000,8.000,1.0,1,1.0
45,35,666.000,223.000,4.000,8.000,1.0,1,1.0
46,35,666.000,219.000,3.000,7.000,1.0,1,1.0
47,35,666.000,215.000,4.000,8.000,1.0,1,1.0
48,35,666.000,210.000,3.000,9.000,1.0,1,1.0
49,35,666.000,205.000,3.000,9.000,1.0,1,1.0
50,35,666.000,202.000,3.000,7.000,1.0,1,1.0
51,35,666.000,197.000,3.000,9.000,1.0,1,1.0
52,35,666.000,193.000,3.000,8.000,1.0,1,1.0
53,35,666.000,189.000,3.000,8.000,1.0,1,1.0
54,35,666.000,184.000,3.000,8.000,1.0,1,1.0
55,35,666.000,180.000,3.000,8.000,1.0,1,1.0
56,35,666.000,176.000,3.000,8.000,1.0,1,1.0
57,35,666.000,174.000,3.000,8.000,1.0,1,1.0
58,35,666.000,170.000,3.000,8.000,1.0,1,1.0
59,35,666.000,166.000,3.000,8.000,1.0,1,1.0
60,35,666.000,163.000,3.000,8.000,1.0,1,1.0
61,35,666.000,159.000,3.000,8.000,1.0,1,1.0
62,35,666.000,156.000,3.000,7.000,1.0,1,1.0
63,35,666.000,153.000,3.000,7.000,1.0,1,1.0
64,35,666.000,151.000,3.000,7.000,1.0,1,1.0
65,35,666.000,148.000,3.000,8.000,1.0,1,1.0
66,35,666.000,146.000,3.000,8.000,1.0,1,1.0
67,35,666.000,143.000,3.000,8.000,1.0,1,1.0
68,35,666.000,140.000,3.000,8.000,1.0,1,1.0
69,35,666.000,137.000,3.000,8.000,1.0,1,1.0
70,35,666.000,135.000,3.000,8.000,1.0,1,1.0
71,35,666.000,134.000,3.000,8.000,1.0,1,1.0
72,35,666.000,133.000,3.000,7.000,1.0,1,1.0
73,35,666.000,132.000,3.000,7.000,1.0,1,1.0
74,35,666.000,131.000,3.000,8.000,1.0,1,1.0
75,35,666.000,131.000,3.000,8.000,1.0,1,1.0
76,35,666.000,131.000,3.000,8.000,1.0,1,1.0
77,35,666.000,131.000,3.000,8.000,1.0,1,1.0
78,35,666.000,131.000,3.000,8.000,1.0,1,1.0
79,35,667.000,131.000,3.000,8.000,1.0,1,1.0
80,35,667.000,131.000,3.000,8.000,1.0,1,1.0
81,35,667.000,131.000,3.000,8.000,1.0,1,1.0
82,35,667.000,131.000,3.000,8.000,1.0,1,1.0
83,35,667.000,130.000,3.000,8.000,1.0,1,1.0
84,35,667.000,130.000,3.000,8.000,1.0,1,1.0
85,35,667.000,131.000,3.000,8.000,1.0,1,1.0
86,35,667.000,131.000,3.000,8.000,1.0,1,1.0
87,35,667.000,131.000,3.000,8.000,1.0,1,1.0
88,35,667.000,131.000,3.000,7.000,1.0,1,1.0
89,35,666.000,130.000,4.000,8.000,1.0,1,1.0
90,35,666.000,130.000,4.000,8.000,1.0,1,1.0
91,35,666.000,130.000,4.000,8.000,1.0,1,1.0
92,35,691.000,114.000,9.000,8.000,1.0,1,1.0
93,35,710.000,93.000,4.000,8.000,1.0,1,1.0
94,35,711.000,81.000,4.000,5.000,1.0,1,1.0
95,35,709.000,80.000,5.000,8.000,1.0,1,1.0
96,35,709.000,79.000,5.000,8.000,1.0,1,1.0
97,35,710.000,78.000,4.000,8.000,1.0,1,1.0
98,35,710.000,76.000,4.000,9.000,1.0,1,1.0
99,35,711.000,74.000,4.000,8.000,1.0,1,1.0
100,35,711.000,71.000,4.000,8.000,1.0,1,1.0
101,35,712.000,69.000,4.000,8.000,1.0,1,1.0
102,35,711.000,65.000,4.000,8.000,1.0,1,1.0
103,35,712.000,63.000,3.000,8.000,1.0,1,1.0
104,35,712.000,60.000,3.000,9.000,1.0,1,1.0
105,35,712.000,58.000,3.000,8.000,1.0,1,1.0
106,35,710.000,55.000,4.000,8.000,1.0,1,1.0
107,35,710.000,51.000,4.000,9.000,1.0,1,1.0
108,35,709.000,48.000,4.000,9.000,1.0,1,1.0
109,35,708.000,47.000,4.000,8.000,1.0,1,1.0
110,35,707.000,44.000,4.000,8.000,1.0,1,1.0
111,35,706.000,41.000,3.000,8.000,1.0,1,1.0
112,35,705.000,37.000,4.000,9.000,1.0,1,1.0
113,35,704.000,35.000,4.000,7.000,1.0,1,1.0
114,35,703.000,29.000,5.000,11.000,1.0,1,1.0
115,35,703.000,28.000,4.000,9.000,1.0,1,1.0
116,35,702.000,27.000,5.000,9.000,1.0,1,1.0
1,17,271.000,354.000,8.000,4.000,1.0,1,1.0
2,17,274.000,363.000,7.000,5.000,1.0,1,1.0
3,17,274.000,377.000,4.000,7.000,1.0,1,1.0
4,17,273.000,391.000,5.000,5.000,1.0,1,1.0
5,17,300.000,392.000,4.000,4.000,1.0,1,1.0
6,17,299.000,392.000,4.000,3.000,1.0,1,1.0
7,17,299.000,392.000,5.000,3.000,1.0,1,1.0
8,17,300.000,392.000,4.000,3.000,1.0,1,1.0
9,17,299.000,392.000,4.000,3.000,1.0,1,1.0
10,17,299.000,392.000,4.000,3.000,1.0,1,1.0
11,17,300.000,392.000,5.000,3.000,1.0,1,1.0
12,17,300.000,392.000,6.000,3.000,1.0,1,1.0
13,17,300.000,392.000,6.000,3.000,1.0,1,1.0
14,17,300.000,392.000,6.000,3.000,1.0,1,1.0
15,17,311.000,371.000,6.000,6.000,1.0,1,1.0
16,17,337.000,369.000,8.000,6.000,1.0,1,1.0
17,17,334.000,379.000,4.000,6.000,1.0,1,1.0
18,17,336.000,384.000,5.000,6.000,1.0,1,1.0
19,17,337.000,383.000,4.000,9.000,1.0,1,1.0
20,17,338.000,382.000,3.000,8.000,1.0,1,1.0
21,17,338.000,378.000,3.000,9.000,1.0,1,1.0
22,17,338.000,376.000,4.000,8.000,1.0,1,1.0
23,17,339.000,374.000,4.000,7.000,1.0,1,1.0
24,17,339.000,370.000,4.000,8.000,1.0,1,1.0
25,17,340.000,368.000,4.000,7.000,1.0,1,1.0
26,17,341.000,365.000,4.000,6.000,1.0,1,1.0
27,17,341.000,362.000,4.000,7.000,1.0,1,1.0
28,17,342.000,361.000,3.000,6.000,1.0,1,1.0
29,17,342.000,359.000,3.000,6.000,1.0,1,1.0
30,17,342.000,356.000,3.000,6.000,1.0,1,1.0
31,17,342.000,353.000,3.000,6.000,1.0,1,1.0
32,17,341.000,350.000,4.000,7.000,1.0,1,1.0
33,17,341.000,348.000,3.000,6.000,1.0,1,1.0
34,17,340.000,345.000,4.000,7.000,1.0,1,1.0
35,17,339.000,343.000,4.000,6.000,1.0,1,1.0
36,17,338.000,340.000,4.000,7.000,1.0,1,1.0
37,17,336.000,338.000,5.000,7.000,1.0,1,1.0
38,17,335.000,336.000,4.000,7.000,1.0,1,1.0
39,17,333.000,334.000,5.000,7.000,1.0,1,1.0
40,17,331.000,332.000,5.000,7.000,1.0,1,1.0
41,17,330.000,330.000,5.000,7.000,1.0,1,1.0
42,17,328.000,329.000,6.000,7.000,1.0,1,1.0
43,17,327.000,328.000,6.000,6.000,1.0,1,1.0
44,17,326.000,327.000,6.000,7.000,1.0,1,1.0
45,17,326.000,327.000,6.000,7.000,1.0,1,1.0
46,17,325.000,327.000,6.000,7.000,1.0,1,1.0
47,17,324.000,327.000,7.000,6.000,1.0,1,1.0
48,17,321.000,325.000,7.000,6.000,1.0,1,1.0
49,17,318.000,324.000,7.000,5.000,1.0,1,1.0
50,17,315.000,322.000,7.000,5.000,1.0,1,1.0
51,17,312.000,319.000,6.000,7.000,1.0,1,1.0
52,17,309.000,316.000,7.000,6.000,1.0,1,1.0
53,17,307.000,312.000,6.000,7.000,1.0,1,1.0
54,17,303.000,309.000,6.000,7.000,1.0,1,1.0
55,17,301.000,306.000,6.000,7.000,1.0,1,1.0
56,17,299.000,302.000,6.000,7.000,1.0,1,1.0
57,17,297.000,299.000,6.000,7.000,1.0,1,1.0
58,17,295.000,296.000,6.000,7.000,1.0,1,1.0
59,17,292.000,292.000,6.000,7.000,1.0,1,1.0
60,17,291.000,290.000,5.000,6.000,1.0,1,1.0
61,17,289.000,286.000,5.000,8.000,1.0,1,1.0
62,17,287.000,283.000,5.000,7.000,1.0,1,1.0
63,17,285.000,281.000,5.000,7.000,1.0,1,1.0
64,17,283.000,277.000,5.000,8.000,1.0,1,1.0
65,17,282.000,274.000,5.000,7.000,1.0,1,1.0
66,17,281.000,270.000,5.000,8.000,1.0,1,1.0
67,17,280.000,267.000,4.000,8.000,1.0,1,1.0
68,17,279.000,264.000,4.000,8.000,1.0,1,1.0
69,17,278.000,262.000,5.000,8.000,1.0,1,1.0
70,17,277.000,260.000,5.000,8.000,1.0,1,1.0
71,17,275.000,260.000,5.000,6.000,1.0,1,1.0
72,17,274.000,260.000,6.000,5.000,1.0,1,1.0
73,17,273.000,259.000,4.000,5.000,1.0,1,1.0
74,17,272.000,257.000,5.000,6.000,1.0,1,1.0
75,17,272.000,257.000,3.000,5.000,1.0,1,1.0
76,17,271.000,256.000,4.000,5.000,1.0,1,1.0
77,17,271.000,257.000,3.000,4.000,1.0,1,1.0
78,17,271.000,259.000,4.000,4.000,1.0,1,1.0
79,17,271.000,260.000,4.000,5.000,1.0,1,1.0
80,17,271.000,261.000,5.000,4.000,1.0,1,1.0
81,17,272.000,262.000,5.000,4.000,1.0,1,1.0
82,17,273.000,261.000,5.000,5.000,1.0,1,1.0
83,17,274.000,261.000,6.000,4.000,1.0,1,1.0
84,17,276.000,260.000,6.000,4.000,1.0,1,1.0
85,17,277.000,257.000,6.000,6.000,1.0,1,1.0
86,17,279.000,255.000,5.000,6.000,1.0,1,1.0
87,17,281.000,252.000,5.000,7.000,1.0,1,1.0
88,17,282.000,248.000,5.000,7.000,1.0,1,1.0
89,17,283.000,245.000,5.000,8.000,1.0,1,1.0
90,17,284.000,243.000,4.000,7.000,1.0,1,1.0
91,17,285.000,239.000,4.000,8.000,1.0,1,1.0
92,17,286.000,236.000,4.000,8.000,1.0,1,1.0
93,17,287.000,233.000,3.000,7.000,1.0,1,1.0
94,17,286.000,229.000,4.000,7.000,1.0,1,1.0
95,17,287.000,225.000,3.000,8.000,1.0,1,1.0
96,17,287.000,221.000,3.000,9.000,1.0,1,1.0
97,17,287.000,218.000,4.000,8.000,1.0,1,1.0
98,17,287.000,214.000,4.000,8.000,1.0,1,1.0
99,17,288.000,210.000,3.000,9.000,1.0,1,1.0
100,17,288.000,206.000,3.000,9.000,1.0,1,1.0
101,17,288.000,203.000,3.000,8.000,1.0,1,1.0
102,17,288.000,198.000,3.000,9.000,1.0,1,1.0
103,17,288.000,195.000,3.000,8.000,1.0,1,1.0
104,17,288.000,191.000,3.000,8.000,1.0,1,1.0
105,17,288.000,187.000,3.000,8.000,1.0,1,1.0
106,17,288.000,182.000,3.000,9.000,1.0,1,1.0
107,17,288.000,179.000,3.000,8.000,1.0,1,1.0
108,17,287.000,175.000,3.000,8.000,1.0,1,1.0
109,17,286.000,172.000,4.000,8.000,1.0,1,1.0
110,17,286.000,168.000,3.000,8.000,1.0,1,1.0
111,17,285.000,164.000,4.000,9.000,1.0,1,1.0
112,17,285.000,161.000,3.000,8.000,1.0,1,1.0
113,17,284.000,157.000,3.000,9.000,1.0,1,1.0
114,17,283.000,153.000,4.000,9.000,1.0,1,1.0
115,17,282.000,151.000,4.000,8.000,1.0,1,1.0
116,17,282.000,148.000,4.000,8.000,1.0,1,1.0
117,17,281.000,145.000,4.000,8.000,1.0,1,1.0
118,17,281.000,143.000,3.000,8.000,1.0,1,1.0
119,17,280.000,140.000,4.000,8.000,1.0,1,1.0
120,17,280.000,137.000,3.000,9.000,1.0,1,1.0
121,17,279.000,134.000,4.000,9.000,1.0,1,1.0
122,17,278.000,131.000,4.000,8.000,1.0,1,1.0
123,17,277.000,129.000,4.000,7.000,1.0,1,1.0
124,17,275.000,128.000,5.000,6.000,1.0,1,1.0
125,17,274.000,125.000,5.000,7.000,1.0,1,1.0
126,17,274.000,123.000,4.000,7.000,1.0,1,1.0
127,17,273.000,120.000,4.000,7.000,1.0,1,1.0
128,17,273.000,118.000,3.000,7.000,1.0,1,1.0
129,17,272.000,115.000,4.000,7.000,1.0,1,1.0
130,17,273.000,112.000,3.000,7.000,1.0,1,1.0
131,17,273.000,108.000,3.000,8.000,1.0,1,1.0
132,17,273.000,105.000,3.000,8.000,1.0,1,1.0
133,17,273.000,102.000,3.000,8.000,1.0,1,1.0
134,17,273.000,99.000,3.000,7.000,1.0,1,1.0
135,17,273.000,95.000,3.000,8.000,1.0,1,1.0
136,17,273.000,91.000,4.000,9.000,1.0,1,1.0
137,17,273.000,88.000,4.000,8.000,1.0,1,1.0
138,17,274.000,85.000,3.000,8.000,1.0,1,1.0
139,17,274.000,81.000,3.000,8.000,1.0,1,1.0
140,17,274.000,77.000,3.000,8.000,1.0,1,1.0
141,17,274.000,74.000,3.000,8.000,1.0,1,1.0
142,17,274.000,69.000,3.000,9.000,1.0,1,1.0
143,17,274.000,66.000,3.000,8.000,1.0,1,1.0
144,17,274.000,62.000,3.000,9.000,1.0,1,1.0
145,17,274.000,59.000,3.000,8.000,1.0,1,1.0
146,17,274.000,56.000,4.000,7.000,1.0,1,1.0
147,17,274.000,52.000,4.000,8.000,1.0,1,1.0
148,17,274.000,49.000,3.000,7.000,1.0,1,1.0
149,17,274.000,45.000,4.000,8.000,1.0,1,1.0
150,17,274.000,42.000,3.000,8.000,1.0,1,1.0
151,17,274.000,38.000,4.000,8.000,1.0,1,1.0
152,17,274.000,35.000,4.000,8.000,1.0,1,1.0
153,17,273.000,30.000,5.000,10.000,1.0,1,1.0
1,14,207.000,391.000,6.000,5.000,1.0,1,1.0
2,14,206.000,391.000,6.000,5.000,1.0,1,1.0
3,14,207.000,390.000,5.000,5.000,1.0,1,1.0
4,14,206.000,390.000,6.000,5.000,1.0,1,1.0
5,14,204.000,384.000,5.000,7.000,1.0,1,1.0
6,14,208.000,389.000,4.000,4.000,1.0,1,1.0
7,14,208.000,388.000,3.000,4.000,1.0,1,1.0
8,14,207.000,385.000,4.000,6.000,1.0,1,1.0
9,14,207.000,382.000,4.000,7.000,1.0,1,1.0
10,14,207.000,379.000,3.000,8.000,1.0,1,1.0
11,14,206.000,377.000,4.000,8.000,1.0,1,1.0
12,14,206.000,373.000,4.000,8.000,1.0,1,1.0
13,14,205.000,371.000,4.000,7.000,1.0,1,1.0
14,14,203.000,367.000,4.000,8.000,1.0,1,1.0
15,14,201.000,365.000,5.000,7.000,1.0,1,1.0
16,14,198.000,363.000,6.000,6.000,1.0,1,1.0
17,14,196.000,361.000,6.000,6.000,1.0,1,1.0
18,14,193.000,359.000,6.000,6.000,1.0,1,1.0
19,14,189.000,357.000,7.000,6.000,1.0,1,1.0
20,14,186.000,357.000,7.000,5.000,1.0,1,1.0
21,14,183.000,355.000,7.000,5.000,1.0,1,1.0
22,14,181.000,353.000,7.000,5.000,1.0,1,1.0
23,14,179.000,350.000,6.000,7.000,1.0,1,1.0
24,14,179.000,346.000,5.000,9.000,1.0,1,1.0
25,14,179.000,343.000,4.000,8.000,1.0,1,1.0
26,14,180.000,339.000,3.000,8.000,1.0,1,1.0
27,14,179.000,336.000,4.000,8.000,1.0,1,1.0
28,14,179.000,332.000,3.000,8.000,1.0,1,1.0
29,14,179.000,328.000,3.000,8.000,1.0,1,1.0
30,14,179.000,324.000,3.000,8.000,1.0,1,1.0
31,14,178.000,319.000,4.000,10.000,1.0,1,1.0
32,14,178.000,315.000,4.000,8.000,1.0,1,1.0
33,14,177.000,311.000,4.000,8.000,1.0,1,1.0
34,14,177.000,307.000,4.000,9.000,1.0,1,1.0
35,14,177.000,303.000,4.000,9.000,1.0,1,1.0
36,14,177.000,299.000,4.000,9.000,1.0,1,1.0
37,14,176.000,294.000,4.000,9.000,1.0,1,1.0
38,14,176.000,291.000,4.000,9.000,1.0,1,1.0
39,14,175.000,287.000,4.000,9.000,1.0,1,1.0
40,14,175.000,284.000,4.000,9.000,1.0,1,1.0
41,14,175.000,280.000,4.000,9.000,1.0,1,1.0
42,14,175.000,276.000,4.000,9.000,1.0,1,1.0
43,14,176.000,272.000,4.000,9.000,1.0,1,1.0
44,14,176.000,268.000,4.000,10.000,1.0,1,1.0
45,14,178.000,264.000,4.000,10.000,1.0,1,1.0
46,14,178.000,261.000,4.000,10.000,1.0,1,1.0
47,14,179.000,258.000,4.000,9.000,1.0,1,1.0
48,14,179.000,254.000,4.000,9.000,1.0,1,1.0
49,14,180.000,250.000,3.000,8.000,1.0,1,1.0
50,14,180.000,246.000,3.000,9.000,1.0,1,1.0
51,14,180.000,242.000,4.000,8.000,1.0,1,1.0
52,14,180.000,237.000,4.000,10.000,1.0,1,1.0
53,14,180.000,234.000,3.000,9.000,1.0,1,1.0
54,14,180.000,231.000,4.000,9.000,1.0,1,1.0
55,14,180.000,227.000,3.000,9.000,1.0,1,1.0
56,14,181.000,223.000,3.000,9.000,1.0,1,1.0
57,14,181.000,219.000,4.000,9.000,1.0,1,1.0
58,14,181.000,215.000,3.000,9.000,1.0,1,1.0
59,14,181.000,211.000,3.000,10.000,1.0,1,1.0
60,14,181.000,208.000,3.000,9.000,1.0,1,1.0
61,14,181.000,205.000,3.000,9.000,1.0,1,1.0
62,14,181.000,201.000,4.000,8.000,1.0,1,1.0
63,14,181.000,197.000,3.000,9.000,1.0,1,1.0
64,14,181.000,194.000,3.000,8.000,1.0,1,1.0
65,14,181.000,190.000,4.000,9.000,1.0,1,1.0
66,14,182.000,186.000,4.000,9.000,1.0,1,1.0
67,14,183.000,183.000,4.000,9.000,1.0,1,1.0
68,14,184.000,180.000,4.000,8.000,1.0,1,1.0
69,14,185.000,176.000,3.000,9.000,1.0,1,1.0
70,14,186.000,173.000,3.000,8.000,1.0,1,1.0
71,14,186.000,170.000,4.000,8.000,1.0,1,1.0
72,14,187.000,166.000,3.000,8.000,1.0,1,1.0
73,14,188.000,163.000,2.000,8.000,1.0,1,1.0
74,14,189.000,159.000,3.000,8.000,1.0,1,1.0
75,14,189.000,155.000,3.000,9.000,1.0,1,1.0
76,14,189.000,151.000,4.000,9.000,1.0,1,1.0
77,14,190.000,148.000,3.000,8.000,1.0,1,1.0
78,14,190.000,144.000,3.000,9.000,1.0,1,1.0
79,14,190.000,141.000,3.000,9.000,1.0,1,1.0
80,14,190.000,137.000,3.000,9.000,1.0,1,1.0
81,14,190.000,134.000,2.000,8.000,1.0,1,1.0
82,14,190.000,130.000,3.000,9.000,1.0,1,1.0
83,14,190.000,128.000,3.000,8.000,1.0,1,1.0
84,14,190.000,124.000,3.000,9.000,1.0,1,1.0
85,14,190.000,121.000,3.000,9.000,1.0,1,1.0
86,14,191.000,119.000,4.000,8.000,1.0,1,1.0
87,14,192.000,116.000,4.000,8.000,1.0,1,1.0
88,14,194.000,114.000,4.000,7.000,1.0,1,1.0
89,14,195.000,111.000,5.000,8.000,1.0,1,1.0
90,14,197.000,109.000,4.000,7.000,1.0,1,1.0
91,14,198.000,106.000,4.000,7.000,1.0,1,1.0
92,14,199.000,103.000,5.000,8.000,1.0,1,1.0
93,14,200.000,101.000,5.000,8.000,1.0,1,1.0
94,14,201.000,99.000,5.000,7.000,1.0,1,1.0
95,14,203.000,95.000,4.000,8.000,1.0,1,1.0
96,14,204.000,92.000,4.000,8.000,1.0,1,1.0
97,14,205.000,89.000,4.000,8.000,1.0,1,1.0
98,14,206.000,86.000,3.000,8.000,1.0,1,1.0
99,14,207.000,83.000,3.000,8.000,1.0,1,1.0
100,14,207.000,79.000,3.000,8.000,1.0,1,1.0
101,14,207.000,76.000,3.000,9.000,1.0,1,1.0
102,14,207.000,73.000,3.000,9.000,1.0,1,1.0
103,14,206.000,70.000,3.000,8.000,1.0,1,1.0
104,14,205.000,67.000,4.000,9.000,1.0,1,1.0
105,14,205.000,64.000,3.000,8.000,1.0,1,1.0
106,14,204.000,62.000,4.000,7.000,1.0,1,1.0
107,14,203.000,58.000,5.000,8.000,1.0,1,1.0
108,14,203.000,56.000,4.000,8.000,1.0,1,1.0
109,14,203.000,52.000,4.000,9.000,1.0,1,1.0
110,14,203.000,49.000,4.000,8.000,1.0,1,1.0
111,14,204.000,45.000,3.000,9.000,1.0,1,1.0
112,14,204.000,42.000,3.000,9.000,1.0,1,1.0
113,14,204.000,39.000,3.000,8.000,1.0,1,1.0
114,14,205.000,34.000,3.000,10.000,1.0,1,1.0
115,14,204.000,32.000,5.000,9.000,1.0,1,1.0
116,14,204.000,32.000,6.000,7.000,1.0,1,1.0
120,14,209.000,32.000,8.000,8.000,1.0,1,1.0
121,14,209.000,32.000,8.000,8.000,1.0,1,1.0
122,14,209.000,32.000,8.000,8.000,1.0,1,1.0
123,14,209.000,32.000,8.000,8.000,1.0,1,1.0
124,14,209.000,32.000,8.000,8.000,1.0,1,1.0
125,14,209.000,32.000,8.000,8.000,1.0,1,1.0
126,14,209.000,32.000,8.000,8.000,1.0,1,1.0
127,14,209.000,32.000,8.000,8.000,1.0,1,1.0
1,15,197.000,392.000,8.000,4.000,1.0,1,1.0
2,15,195.000,391.000,7.000,5.000,1.0,1,1.0
3,15,194.000,391.000,6.000,5.000,1.0,1,1.0
4,15,194.000,391.000,6.000,5.000,1.0,1,1.0
5,15,194.000,391.000,7.000,4.000,1.0,1,1.0
6,15,196.000,392.000,5.000,5.000,1.0,1,1.0
7,15,197.000,392.000,4.000,4.000,1.0,1,1.0
8,15,197.000,392.000,4.000,4.000,1.0,1,1.0
9,15,197.000,392.000,4.000,4.000,1.0,1,1.0
10,15,198.000,392.000,4.000,4.000,1.0,1,1.0
11,15,198.000,392.000,4.000,4.000,1.0,1,1.0
12,15,198.000,392.000,4.000,4.000,1.0,1,1.0
13,15,198.000,392.000,4.000,4.000,1.0,1,1.0
15,15,192.000,377.000,4.000,6.000,1.0,1,1.0
16,15,192.000,379.000,6.000,7.000,1.0,1,1.0
17,15,194.000,379.000,5.000,6.000,1.0,1,1.0
18,15,194.000,379.000,6.000,4.000,1.0,1,1.0
19,15,195.000,375.000,4.000,7.000,1.0,1,1.0
20,15,196.000,371.000,3.000,8.000,1.0,1,1.0
21,15,197.000,368.000,3.000,7.000,1.0,1,1.0
22,15,198.000,364.000,3.000,8.000,1.0,1,1.0
23,15,199.000,363.000,5.000,7.000,1.0,1,1.0
24,15,201.000,362.000,5.000,5.000,1.0,1,1.0
25,15,203.000,361.000,5.000,4.000,1.0,1,1.0
26,15,205.000,360.000,5.000,4.000,1.0,1,1.0
27,15,207.000,359.000,4.000,4.000,1.0,1,1.0
28,15,209.000,358.000,3.000,4.000,1.0,1,1.0
29,15,209.000,355.000,3.000,5.000,1.0,1,1.0
30,15,209.000,353.000,3.000,5.000,1.0,1,1.0
31,15,209.000,351.000,4.000,5.000,1.0,1,1.0
32,15,207.000,347.000,5.000,6.000,1.0,1,1.0
33,15,207.000,344.000,4.000,7.000,1.0,1,1.0
34,15,206.000,340.000,5.000,8.000,1.0,1,1.0
35,15,206.000,336.000,5.000,8.000,1.0,1,1.0
36,15,206.000,333.000,5.000,7.000,1.0,1,1.0
37,15,206.000,328.000,4.000,9.000,1.0,1,1.0
38,15,206.000,325.000,4.000,8.000,1.0,1,1.0
39,15,206.000,321.000,4.000,7.000,1.0,1,1.0
40,15,206.000,316.000,4.000,8.000,1.0,1,1.0
41,15,206.000,311.000,4.000,8.000,1.0,1,1.0
42,15,206.000,307.000,4.000,8.000,1.0,1,1.0
43,15,207.000,302.000,3.000,8.000,1.0,1,1.0
44,15,206.000,297.000,4.000,8.000,1.0,1,1.0
45,15,206.000,293.000,4.000,8.000,1.0,1,1.0
46,15,206.000,288.000,4.000,9.000,1.0,1,1.0
47,15,206.000,284.000,4.000,8.000,1.0,1,1.0
48,15,206.000,279.000,4.000,8.000,1.0,1,1.0
49,15,206.000,275.000,4.000,8.000,1.0,1,1.0
50,15,206.000,270.000,4.000,8.000,1.0,1,1.0
51,15,206.000,267.000,3.000,8.000,1.0,1,1.0
52,15,206.000,263.000,3.000,9.000,1.0,1,1.0
53,15,205.000,260.000,5.000,8.000,1.0,1,1.0
54,15,203.000,259.000,6.000,6.000,1.0,1,1.0
55,15,199.000,258.000,7.000,5.000,1.0,1,1.0
56,15,196.000,257.000,7.000,5.000,1.0,1,1.0
57,15,194.000,255.000,7.000,6.000,1.0,1,1.0
58,15,192.000,254.000,7.000,5.000,1.0,1,1.0
59,15,191.000,250.000,5.000,8.000,1.0,1,1.0
60,15,192.000,247.000,4.000,8.000,1.0,1,1.0
61,15,192.000,244.000,4.000,8.000,1.0,1,1.0
62,15,192.000,241.000,4.000,8.000,1.0,1,1.0
63,15,194.000,237.000,3.000,9.000,1.0,1,1.0
64,15,194.000,234.000,4.000,8.000,1.0,1,1.0
65,15,195.000,230.000,4.000,9.000,1.0,1,1.0
66,15,196.000,228.000,4.000,7.000,1.0,1,1.0
67,15,198.000,225.000,5.000,7.000,1.0,1,1.0
68,15,200.000,222.000,5.000,7.000,1.0,1,1.0
69,15,202.000,219.000,5.000,8.000,1.0,1,1.0
70,15,204.000,217.000,5.000,7.000,1.0,1,1.0
71,15,206.000,215.000,4.000,7.000,1.0,1,1.0
72,15,208.000,212.000,4.000,7.000,1.0,1,1.0
73,15,209.000,209.000,4.000,6.000,1.0,1,1.0
74,15,210.000,206.000,3.000,7.000,1.0,1,1.0
75,15,210.000,202.000,4.000,8.000,1.0,1,1.0
76,15,210.000,198.000,4.000,8.000,1.0,1,1.0
77,15,210.000,195.000,4.000,7.000,1.0,1,1.0
78,15,211.000,192.000,3.000,7.000,1.0,1,1.0
79,15,211.000,189.000,3.000,7.000,1.0,1,1.0
80,15,211.000,186.000,3.000,7.000,1.0,1,1.0
81,15,210.000,183.000,4.000,7.000,1.0,1,1.0
82,15,210.000,180.000,3.000,8.000,1.0,1,1.0
83,15,209.000,178.000,4.000,7.000,1.0,1,1.0
84,15,209.000,176.000,3.000,7.000,1.0,1,1.0
85,15,208.000,173.000,3.000,8.000,1.0,1,1.0
86,15,206.000,170.000,4.000,8.000,1.0,1,1.0
87,15,205.000,168.000,5.000,7.000,1.0,1,1.0
88,15,203.000,168.000,5.000,5.000,1.0,1,1.0
89,15,200.000,168.000,7.000,4.000,1.0,1,1.0
90,15,197.000,169.000,8.000,3.000,1.0,1,1.0
91,15,195.000,168.000,7.000,4.000,1.0,1,1.0
92,15,193.000,168.000,7.000,4.000,1.0,1,1.0
93,15,191.000,167.000,7.000,4.000,1.0,1,1.0
94,15,189.000,165.000,7.000,5.000,1.0,1,1.0
95,15,189.000,162.000,5.000,7.000,1.0,1,1.0
96,15,190.000,159.000,4.000,8.000,1.0,1,1.0
97,15,191.000,156.000,3.000,8.000,1.0,1,1.0
98,15,191.000,153.000,3.000,8.000,1.0,1,1.0
99,15,192.000,149.000,3.000,8.000,1.0,1,1.0
100,15,193.000,147.000,2.000,8.000,1.0,1,1.0
101,15,193.000,144.000,3.000,8.000,1.0,1,1.0
102,15,194.000,140.000,3.000,8.000,1.0,1,1.0
103,15,195.000,136.000,4.000,8.000,1.0,1,1.0
104,15,196.000,132.000,4.000,8.000,1.0,1,1.0
105,15,197.000,128.000,3.000,8.000,1.0,1,1.0
106,15,197.000,124.000,3.000,8.000,1.0,1,1.0
107,15,198.000,119.000,2.000,9.000,1.0,1,1.0
108,15,198.000,115.000,3.000,9.000,1.0,1,1.0
109,15,198.000,111.000,3.000,9.000,1.0,1,1.0
110,15,198.000,107.000,3.000,8.000,1.0,1,1.0
111,15,198.000,103.000,3.000,9.000,1.0,1,1.0
112,15,199.000,100.000,3.000,8.000,1.0,1,1.0
113,15,199.000,97.000,3.000,8.000,1.0,1,1.0
114,15,199.000,94.000,3.000,7.000,1.0,1,1.0
115,15,199.000,91.000,3.000,8.000,1.0,1,1.0
116,15,199.000,87.000,3.000,9.000,1.0,1,1.0
117,15,199.000,84.000,3.000,8.000,1.0,1,1.0
118,15,199.000,80.000,3.000,9.000,1.0,1,1.0
119,15,198.000,76.000,3.000,9.000,1.0,1,1.0
120,15,196.000,73.000,4.000,8.000,1.0,1,1.0
121,15,195.000,69.000,4.000,8.000,1.0,1,1.0
122,15,194.000,65.000,4.000,8.000,1.0,1,1.0
123,15,193.000,61.000,4.000,8.000,1.0,1,1.0
124,15,192.000,57.000,4.000,8.000,1.0,1,1.0
125,15,191.000,53.000,4.000,8.000,1.0,1,1.0
126,15,190.000,49.000,4.000,9.000,1.0,1,1.0
127,15,190.000,45.000,3.000,9.000,1.0,1,1.0
128,15,188.000,42.000,4.000,8.000,1.0,1,1.0
129,15,188.000,38.000,4.000,9.000,1.0,1,1.0
130,15,188.000,35.000,4.000,9.000,1.0,1,1.0
131,15,188.000,33.000,4.000,8.000,1.0,1,1.0
132,15,189.000,31.000,6.000,8.000,1.0,1,1.0
133,15,191.000,31.000,6.000,6.000,1.0,1,1.0
134,15,192.000,30.000,6.000,5.000,1.0,1,1.0
4,37,700.000,394.000,7.000,3.000,1.0,1,1.0
5,37,697.000,393.000,7.000,3.000,1.0,1,1.0
6,37,695.000,394.000,7.000,3.000,1.0,1,1.0
7,37,692.000,393.000,8.000,4.000,1.0,1,1.0
8,37,690.000,393.000,7.000,4.000,1.0,1,1.0
9,37,690.000,392.000,6.000,5.000,1.0,1,1.0
10,37,691.000,392.000,5.000,5.000,1.0,1,1.0
11,37,691.000,392.000,5.000,5.000,1.0,1,1.0
12,37,692.000,391.000,4.000,6.000,1.0,1,1.0
13,37,692.000,391.000,4.000,5.000,1.0,1,1.0
14,37,692.000,391.000,4.000,5.000,1.0,1,1.0
15,37,689.000,392.000,5.000,4.000,1.0,1,1.0
16,37,687.000,393.000,6.000,3.000,1.0,1,1.0
17,37,686.000,393.000,6.000,3.000,1.0,1,1.0
18,37,685.000,393.000,7.000,4.000,1.0,1,1.0
19,37,685.000,393.000,7.000,4.000,1.0,1,1.0
21,37,664.000,351.000,6.000,7.000,1.0,1,1.0
22,37,664.000,350.000,4.000,8.000,1.0,1,1.0
23,37,664.000,349.000,5.000,7.000,1.0,1,1.0
24,37,664.000,346.000,5.000,6.000,1.0,1,1.0
25,37,664.000,342.000,5.000,7.000,1.0,1,1.0
26,37,665.000,339.000,4.000,7.000,1.0,1,1.0
27,37,665.000,336.000,4.000,6.000,1.0,1,1.0
28,37,666.000,334.000,3.000,6.000,1.0,1,1.0
29,37,667.000,332.000,4.000,6.000,1.0,1,1.0
30,37,667.000,330.000,5.000,6.000,1.0,1,1.0
31,37,668.000,329.000,4.000,5.000,1.0,1,1.0
32,37,668.000,328.000,4.000,6.000,1.0,1,1.0
33,37,668.000,327.000,4.000,6.000,1.0,1,1.0
34,37,668.000,323.000,4.000,8.000,1.0,1,1.0
35,37,668.000,320.000,4.000,7.000,1.0,1,1.0
36,37,669.000,316.000,4.000,8.000,1.0,1,1.0
37,37,669.000,313.000,3.000,8.000,1.0,1,1.0
38,37,669.000,309.000,3.000,8.000,1.0,1,1.0
39,37,669.000,305.000,3.000,9.000,1.0,1,1.0
40,37,669.000,302.000,3.000,8.000,1.0,1,1.0
41,37,669.000,299.000,3.000,8.000,1.0,1,1.0
42,37,669.000,294.000,4.000,8.000,1.0,1,1.0
43,37,670.000,291.000,3.000,8.000,1.0,1,1.0
44,37,670.000,287.000,4.000,8.000,1.0,1,1.0
45,37,671.000,284.000,3.000,8.000,1.0,1,1.0
46,37,672.000,281.000,4.000,7.000,1.0,1,1.0
47,37,672.000,278.000,4.000,8.000,1.0,1,1.0
48,37,673.000,275.000,5.000,8.000,1.0,1,1.0
49,37,674.000,272.000,4.000,9.000,1.0,1,1.0
50,37,674.000,270.000,4.000,9.000,1.0,1,1.0
51,37,673.000,267.000,4.000,9.000,1.0,1,1.0
52,37,673.000,264.000,3.000,9.000,1.0,1,1.0
53,37,672.000,262.000,4.000,7.000,1.0,1,1.0
54,37,671.000,259.000,4.000,8.000,1.0,1,1.0
55,37,671.000,256.000,4.000,8.000,1.0,1,1.0
56,37,670.000,253.000,4.000,8.000,1.0,1,1.0
57,37,670.000,249.000,3.000,9.000,1.0,1,1.0
58,37,670.000,246.000,3.000,9.000,1.0,1,1.0
59,37,669.000,243.000,4.000,8.000,1.0,1,1.0
60,37,669.000,239.000,3.000,8.000,1.0,1,1.0
61,37,669.000,236.000,3.000,8.000,1.0,1,1.0
62,37,669.000,232.000,3.000,8.000,1.0,1,1.0
63,37,669.000,228.000,3.000,8.000,1.0,1,1.0
64,37,669.000,225.000,4.000,8.000,1.0,1,1.0
65,37,670.000,221.000,3.000,8.000,1.0,1,1.0
66,37,671.000,217.000,3.000,9.000,1.0,1,1.0
67,37,671.000,214.000,4.000,8.000,1.0,1,1.0
68,37,672.000,211.000,3.000,8.000,1.0,1,1.0
69,37,673.000,208.000,3.000,8.000,1.0,1,1.0
70,37,674.000,204.000,3.000,8.000,1.0,1,1.0
71,37,674.000,201.000,5.000,8.000,1.0,1,1.0
72,37,676.000,198.000,4.000,8.000,1.0,1,1.0
73,37,677.000,195.000,5.000,8.000,1.0,1,1.0
74,37,678.000,192.000,5.000,9.000,1.0,1,1.0
75,37,681.000,189.000,4.000,8.000,1.0,1,1.0
76,37,682.000,186.000,5.000,8.000,1.0,1,1.0
77,37,684.000,183.000,4.000,9.000,1.0,1,1.0
78,37,685.000,180.000,5.000,8.000,1.0,1,1.0
79,37,687.000,178.000,5.000,8.000,1.0,1,1.0
80,37,689.000,175.000,5.000,8.000,1.0,1,1.0
81,37,691.000,173.000,6.000,7.000,1.0,1,1.0
82,37,694.000,170.000,5.000,8.000,1.0,1,1.0
83,37,696.000,167.000,6.000,8.000,1.0,1,1.0
84,37,699.000,165.000,5.000,7.000,1.0,1,1.0
85,37,700.000,162.000,6.000,7.000,1.0,1,1.0
86,37,702.000,159.000,4.000,7.000,1.0,1,1.0
87,37,703.000,155.000,4.000,8.000,1.0,1,1.0
88,37,703.000,151.000,3.000,9.000,1.0,1,1.0
89,37,702.000,148.000,4.000,8.000,1.0,1,1.0
90,37,701.000,144.000,4.000,8.000,1.0,1,1.0
91,37,700.000,141.000,3.000,8.000,1.0,1,1.0
92,37,698.000,137.000,5.000,9.000,1.0,1,1.0
93,37,697.000,134.000,4.000,9.000,1.0,1,1.0
94,37,697.000,130.000,4.000,8.000,1.0,1,1.0
95,37,696.000,126.000,4.000,8.000,1.0,1,1.0
96,37,695.000,122.000,4.000,8.000,1.0,1,1.0
97,37,694.000,118.000,4.000,8.000,1.0,1,1.0
98,37,693.000,114.000,4.000,8.000,1.0,1,1.0
99,37,692.000,110.000,4.000,8.000,1.0,1,1.0
100,37,692.000,106.000,4.000,9.000,1.0,1,1.0
101,37,692.000,103.000,4.000,8.000,1.0,1,1.0
102,37,692.000,98.000,4.000,9.000,1.0,1,1.0
103,37,692.000,95.000,3.000,8.000,1.0,1,1.0
104,37,693.000,90.000,3.000,9.000,1.0,1,1.0
105,37,693.000,87.000,3.000,9.000,1.0,1,1.0
106,37,694.000,83.000,3.000,9.000,1.0,1,1.0
107,37,694.000,80.000,3.000,8.000,1.0,1,1.0
108,37,694.000,76.000,3.000,9.000,1.0,1,1.0
109,37,694.000,72.000,3.000,9.000,1.0,1,1.0
110,37,694.000,69.000,3.000,9.000,1.0,1,1.0
111,37,693.000,66.000,4.000,9.000,1.0,1,1.0
112,37,693.000,63.000,4.000,9.000,1.0,1,1.0
113,37,693.000,59.000,3.000,10.000,1.0,1,1.0
114,37,693.000,57.000,3.000,9.000,1.0,1,1.0
115,37,692.000,54.000,4.000,9.000,1.0,1,1.0
116,37,692.000,51.000,3.000,9.000,1.0,1,1.0
117,37,692.000,49.000,3.000,8.000,1.0,1,1.0
118,37,690.000,46.000,4.000,8.000,1.0,1,1.0
119,37,689.000,44.000,4.000,8.000,1.0,1,1.0
120,37,687.000,42.000,5.000,7.000,1.0,1,1.0
121,37,686.000,39.000,5.000,8.000,1.0,1,1.0
122,37,684.000,37.000,5.000,8.000,1.0,1,1.0
123,37,684.000,36.000,4.000,7.000,1.0,1,1.0
124,37,684.000,34.000,4.000,8.000,1.0,1,1.0
125,37,683.000,31.000,4.000,8.000,1.0,1,1.0
126,37,684.000,31.000,4.000,5.000,1.0,1,1.0
6,25,422.000,337.000,7.000,7.000,1.0,1,1.0
7,25,423.000,334.000,5.000,8.000,1.0,1,1.0
8,25,424.000,330.000,5.000,8.000,1.0,1,1.0
9,25,425.000,326.000,4.000,8.000,1.0,1,1.0
10,25,425.000,322.000,5.000,8.000,1.0,1,1.0
11,25,427.000,318.000,4.000,8.000,1.0,1,1.0
12,25,429.000,315.000,5.000,8.000,1.0,1,1.0
13,25,431.000,311.000,5.000,8.000,1.0,1,1.0
14,25,434.000,306.000,4.000,9.000,1.0,1,1.0
15,25,435.000,302.000,4.000,8.000,1.0,1,1.0
16,25,436.000,299.000,4.000,8.000,1.0,1,1.0
17,25,436.000,296.000,5.000,8.000,1.0,1,1.0
18,25,437.000,292.000,4.000,9.000,1.0,1,1.0
19,25,437.000,289.000,4.000,8.000,1.0,1,1.0
20,25,438.000,284.000,3.000,8.000,1.0,1,1.0
21,25,438.000,279.000,3.000,8.000,1.0,1,1.0
22,25,438.000,274.000,3.000,9.000,1.0,1,1.0
23,25,439.000,269.000,3.000,9.000,1.0,1,1.0
24,25,438.000,265.000,3.000,8.000,1.0,1,1.0
25,25,439.000,260.000,3.000,8.000,1.0,1,1.0
26,25,439.000,255.000,3.000,9.000,1.0,1,1.0
27,25,439.000,251.000,3.000,8.000,1.0,1,1.0
28,25,439.000,246.000,3.000,8.000,1.0,1,1.0
29,25,439.000,242.000,3.000,9.000,1.0,1,1.0
30,25,439.000,238.000,3.000,8.000,1.0,1,1.0
31,25,438.000,234.000,4.000,8.000,1.0,1,1.0
32,25,439.000,229.000,3.000,9.000,1.0,1,1.0
33,25,439.000,226.000,3.000,8.000,1.0,1,1.0
34,25,439.000,221.000,3.000,8.000,1.0,1,1.0
35,25,438.000,217.000,4.000,8.000,1.0,1,1.0
36,25,439.000,212.000,3.000,9.000,1.0,1,1.0
37,25,439.000,209.000,4.000,9.000,1.0,1,1.0
38,25,440.000,204.000,3.000,9.000,1.0,1,1.0
39,25,440.000,200.000,3.000,9.000,1.0,1,1.0
40,25,441.000,196.000,3.000,8.000,1.0,1,1.0
41,25,441.000,192.000,3.000,9.000,1.0,1,1.0
42,25,441.000,188.000,3.000,9.000,1.0,1,1.0
43,25,441.000,184.000,3.000,8.000,1.0,1,1.0
44,25,442.000,180.000,3.000,8.000,1.0,1,1.0
45,25,442.000,176.000,3.000,8.000,1.0,1,1.0
46,25,442.000,172.000,3.000,8.000,1.0,1,1.0
47,25,442.000,167.000,3.000,9.000,1.0,1,1.0
48,25,442.000,163.000,3.000,9.000,1.0,1,1.0
49,25,442.000,159.000,3.000,8.000,1.0,1,1.0
50,25,442.000,154.000,3.000,9.000,1.0,1,1.0
51,25,442.000,150.000,3.000,8.000,1.0,1,1.0
52,25,442.000,146.000,3.000,8.000,1.0,1,1.0
53,25,442.000,141.000,3.000,9.000,1.0,1,1.0
54,25,443.000,137.000,3.000,8.000,1.0,1,1.0
55,25,444.000,133.000,3.000,8.000,1.0,1,1.0
56,25,444.000,129.000,2.000,8.000,1.0,1,1.0
57,25,444.000,125.000,3.000,8.000,1.0,1,1.0
58,25,444.000,121.000,3.000,8.000,1.0,1,1.0
59,25,444.000,118.000,3.000,8.000,1.0,1,1.0
60,25,443.000,114.000,3.000,8.000,1.0,1,1.0
61,25,442.000,110.000,4.000,8.000,1.0,1,1.0
62,25,440.000,107.000,5.000,8.000,1.0,1,1.0
63,25,440.000,106.000,5.000,8.000,1.0,1,1.0
64,25,441.000,105.000,4.000,8.000,1.0,1,1.0
65,25,443.000,103.000,3.000,7.000,1.0,1,1.0
66,25,443.000,101.000,6.000,7.000,1.0,1,1.0
67,25,445.000,99.000,7.000,7.000,1.0,1,1.0
68,25,448.000,97.000,7.000,6.000,1.0,1,1.0
69,25,451.000,94.000,6.000,7.000,1.0,1,1.0
70,25,453.000,92.000,7.000,6.000,1.0,1,1.0
71,25,457.000,89.000,6.000,7.000,1.0,1,1.0
72,25,459.000,86.000,6.000,7.000,1.0,1,1.0
73,25,462.000,83.000,5.000,7.000,1.0,1,1.0
74,25,464.000,81.000,5.000,6.000,1.0,1,1.0
75,25,466.000,78.000,5.000,7.000,1.0,1,1.0
76,25,468.000,75.000,5.000,7.000,1.0,1,1.0
77,25,470.000,72.000,4.000,7.000,1.0,1,1.0
78,25,471.000,70.000,3.000,7.000,1.0,1,1.0
79,25,472.000,66.000,3.000,7.000,1.0,1,1.0
80,25,473.000,63.000,3.000,8.000,1.0,1,1.0
81,25,474.000,60.000,3.000,7.000,1.0,1,1.0
82,25,474.000,56.000,3.000,8.000,1.0,1,1.0
83,25,474.000,53.000,3.000,7.000,1.0,1,1.0
84,25,474.000,50.000,3.000,8.000,1.0,1,1.0
85,25,474.000,48.000,3.000,7.000,1.0,1,1.0
86,25,474.000,45.000,3.000,7.000,1.0,1,1.0
87,25,474.000,41.000,3.000,8.000,1.0,1,1.0
88,25,473.000,38.000,5.000,8.000,1.0,1,1.0
89,25,471.000,32.000,11.000,14.000,1.0,1,1.0
90,25,471.000,31.000,11.000,13.000,1.0,1,1.0
12,16,271.000,394.000,6.000,4.000,1.0,1,1.0
30,1,17.000,268.000,5.000,9.000,1.0,1,1.0
12,12,195.000,352.000,4.000,9.000,1.0,1,1.0
13,12,195.000,349.000,4.000,9.000,1.0,1,1.0
14,12,195.000,345.000,4.000,9.000,1.0,1,1.0
15,12,195.000,342.000,4.000,8.000,1.0,1,1.0
16,12,194.000,339.000,5.000,9.000,1.0,1,1.0
17,12,194.000,336.000,4.000,9.000,1.0,1,1.0
18,12,194.000,333.000,4.000,8.000,1.0,1,1.0
19,12,193.000,330.000,4.000,9.000,1.0,1,1.0
20,12,190.000,329.000,6.000,7.000,1.0,1,1.0
21,12,186.000,327.000,7.000,6.000,1.0,1,1.0
22,12,183.000,325.000,7.000,6.000,1.0,1,1.0
23,12,180.000,323.000,8.000,6.000,1.0,1,1.0
24,12,178.000,322.000,7.000,6.000,1.0,1,1.0
25,12,176.000,321.000,8.000,6.000,1.0,1,1.0
26,12,175.000,319.000,7.000,6.000,1.0,1,1.0
27,12,174.000,319.000,7.000,5.000,1.0,1,1.0
28,12,173.000,318.000,7.000,6.000,1.0,1,1.0
29,12,172.000,316.000,8.000,6.000,1.0,1,1.0
30,12,171.000,316.000,8.000,6.000,1.0,1,1.0
31,12,170.000,315.000,7.000,6.000,1.0,1,1.0
32,12,169.000,313.000,7.000,7.000,1.0,1,1.0
33,12,170.000,311.000,5.000,8.000,1.0,1,1.0
34,12,170.000,309.000,5.000,8.000,1.0,1,1.0
35,12,169.000,307.000,5.000,8.000,1.0,1,1.0
36,12,169.000,305.000,5.000,7.000,1.0,1,1.0
37,12,169.000,301.000,4.000,8.000,1.0,1,1.0
38,12,169.000,296.000,4.000,9.000,1.0,1,1.0
39,12,169.000,293.000,4.000,8.000,1.0,1,1.0
40,12,170.000,289.000,4.000,8.000,1.0,1,1.0
41,12,171.000,284.000,3.000,9.000,1.0,1,1.0
42,12,171.000,281.000,4.000,9.000,1.0,1,1.0
43,12,172.000,277.000,4.000,8.000,1.0,1,1.0
44,12,173.000,272.000,4.000,9.000,1.0,1,1.0
45,12,173.000,270.000,4.000,8.000,1.0,1,1.0
46,12,173.000,268.000,4.000,8.000,1.0,1,1.0
47,12,174.000,265.000,3.000,10.000,1.0,1,1.0
48,12,174.000,263.000,3.000,9.000,1.0,1,1.0
49,12,174.000,262.000,4.000,8.000,1.0,1,1.0
50,12,174.000,260.000,4.000,9.000,1.0,1,1.0
51,12,175.000,258.000,3.000,9.000,1.0,1,1.0
52,12,175.000,257.000,3.000,9.000,1.0,1,1.0
53,12,175.000,255.000,3.000,9.000,1.0,1,1.0
54,12,175.000,254.000,4.000,8.000,1.0,1,1.0
55,12,176.000,253.000,3.000,8.000,1.0,1,1.0
56,12,175.000,253.000,4.000,9.000,1.0,1,1.0
57,12,172.000,253.000,5.000,7.000,1.0,1,1.0
58,12,170.000,251.000,5.000,8.000,1.0,1,1.0
59,12,167.000,250.000,6.000,7.000,1.0,1,1.0
60,12,165.000,249.000,6.000,7.000,1.0,1,1.0
61,12,164.000,247.000,6.000,8.000,1.0,1,1.0
62,12,162.000,246.000,6.000,7.000,1.0,1,1.0
63,12,160.000,245.000,6.000,7.000,1.0,1,1.0
64,12,158.000,243.000,6.000,7.000,1.0,1,1.0
65,12,156.000,241.000,6.000,7.000,1.0,1,1.0
66,12,154.000,239.000,6.000,6.000,1.0,1,1.0
67,12,151.000,237.000,6.000,6.000,1.0,1,1.0
68,12,149.000,235.000,6.000,7.000,1.0,1,1.0
69,12,147.000,233.000,6.000,7.000,1.0,1,1.0
70,12,145.000,232.000,6.000,6.000,1.0,1,1.0
71,12,143.000,230.000,6.000,6.000,1.0,1,1.0
72,12,142.000,228.000,6.000,6.000,1.0,1,1.0
73,12,141.000,226.000,5.000,6.000,1.0,1,1.0
74,12,141.000,225.000,4.000,6.000,1.0,1,1.0
75,12,140.000,223.000,4.000,7.000,1.0,1,1.0
76,12,139.000,222.000,4.000,7.000,1.0,1,1.0
77,12,139.000,222.000,4.000,5.000,1.0,1,1.0
78,12,139.000,220.000,4.000,6.000,1.0,1,1.0
79,12,139.000,218.000,4.000,6.000,1.0,1,1.0
80,12,139.000,218.000,5.000,6.000,1.0,1,1.0
81,12,140.000,218.000,4.000,6.000,1.0,1,1.0
82,12,140.000,217.000,4.000,7.000,1.0,1,1.0
83,12,140.000,217.000,4.000,6.000,1.0,1,1.0
84,12,140.000,217.000,4.000,6.000,1.0,1,1.0
85,12,140.000,217.000,4.000,6.000,1.0,1,1.0
86,12,140.000,217.000,4.000,6.000,1.0,1,1.0
87,12,140.000,217.000,4.000,6.000,1.0,1,1.0
88,12,140.000,217.000,4.000,6.000,1.0,1,1.0
89,12,140.000,218.000,4.000,5.000,1.0,1,1.0
90,12,140.000,218.000,4.000,5.000,1.0,1,1.0
91,12,140.000,218.000,4.000,5.000,1.0,1,1.0
92,12,140.000,218.000,4.000,5.000,1.0,1,1.0
93,12,140.000,218.000,4.000,5.000,1.0,1,1.0
94,12,140.000,218.000,4.000,5.000,1.0,1,1.0
95,12,140.000,218.000,4.000,5.000,1.0,1,1.0
96,12,140.000,218.000,4.000,5.000,1.0,1,1.0
97,12,140.000,218.000,3.000,5.000,1.0,1,1.0
98,12,140.000,218.000,3.000,5.000,1.0,1,1.0
99,12,140.000,218.000,3.000,5.000,1.0,1,1.0
100,12,140.000,218.000,3.000,5.000,1.0,1,1.0
101,12,140.000,218.000,3.000,5.000,1.0,1,1.0
102,12,140.000,218.000,4.000,5.000,1.0,1,1.0
103,12,140.000,218.000,3.000,5.000,1.0,1,1.0
104,12,140.000,218.000,3.000,5.000,1.0,1,1.0
105,12,140.000,218.000,4.000,5.000,1.0,1,1.0
106,12,140.000,218.000,4.000,5.000,1.0,1,1.0
107,12,140.000,218.000,4.000,5.000,1.0,1,1.0
108,12,140.000,218.000,4.000,5.000,1.0,1,1.0
109,12,140.000,218.000,4.000,5.000,1.0,1,1.0
110,12,140.000,218.000,4.000,5.000,1.0,1,1.0
111,12,140.000,218.000,4.000,5.000,1.0,1,1.0
112,12,140.000,218.000,4.000,5.000,1.0,1,1.0
113,12,140.000,218.000,4.000,5.000,1.0,1,1.0
114,12,140.000,218.000,4.000,5.000,1.0,1,1.0
115,12,140.000,218.000,4.000,5.000,1.0,1,1.0
116,12,140.000,216.000,4.000,7.000,1.0,1,1.0
117,12,140.000,216.000,4.000,6.000,1.0,1,1.0
118,12,140.000,214.000,4.000,7.000,1.0,1,1.0
119,12,140.000,213.000,4.000,7.000,1.0,1,1.0
120,12,140.000,212.000,4.000,7.000,1.0,1,1.0
121,12,140.000,211.000,4.000,7.000,1.0,1,1.0
122,12,140.000,211.000,4.000,7.000,1.0,1,1.0
123,12,141.000,210.000,4.000,7.000,1.0,1,1.0
124,12,141.000,209.000,4.000,7.000,1.0,1,1.0
125,12,141.000,208.000,4.000,6.000,1.0,1,1.0
126,12,141.000,207.000,4.000,7.000,1.0,1,1.0
127,12,141.000,205.000,4.000,7.000,1.0,1,1.0
128,12,142.000,203.000,3.000,7.000,1.0,1,1.0
129,12,142.000,201.000,4.000,7.000,1.0,1,1.0
130,12,143.000,199.000,4.000,7.000,1.0,1,1.0
131,12,144.000,197.000,4.000,7.000,1.0,1,1.0
132,12,145.000,195.000,4.000,7.000,1.0,1,1.0
133,12,146.000,193.000,5.000,7.000,1.0,1,1.0
134,12,148.000,190.000,5.000,7.000,1.0,1,1.0
135,12,150.000,188.000,5.000,7.000,1.0,1,1.0
136,12,152.000,187.000,5.000,6.000,1.0,1,1.0
137,12,153.000,185.000,7.000,6.000,1.0,1,1.0
138,12,154.000,184.000,7.000,6.000,1.0,1,1.0
139,12,155.000,183.000,7.000,6.000,1.0,1,1.0
140,12,155.000,183.000,7.000,6.000,1.0,1,1.0
141,12,155.000,183.000,7.000,6.000,1.0,1,1.0
142,12,156.000,182.000,7.000,6.000,1.0,1,1.0
143,12,158.000,180.000,7.000,6.000,1.0,1,1.0
144,12,160.000,178.000,8.000,6.000,1.0,1,1.0
145,12,164.000,175.000,6.000,7.000,1.0,1,1.0
146,12,166.000,173.000,7.000,7.000,1.0,1,1.0
147,12,169.000,170.000,7.000,7.000,1.0,1,1.0
148,12,171.000,169.000,7.000,6.000,1.0,1,1.0
149,12,174.000,167.000,7.000,6.000,1.0,1,1.0
150,12,177.000,164.000,7.000,7.000,1.0,1,1.0
151,12,180.000,162.000,7.000,6.000,1.0,1,1.0
152,12,182.000,160.000,7.000,6.000,1.0,1,1.0
153,12,184.000,157.000,8.000,7.000,1.0,1,1.0
154,12,187.000,155.000,7.000,7.000,1.0,1,1.0
155,12,190.000,152.000,6.000,6.000,1.0,1,1.0
156,12,193.000,150.000,6.000,6.000,1.0,1,1.0
157,12,195.000,147.000,6.000,7.000,1.0,1,1.0
158,12,197.000,145.000,6.000,6.000,1.0,1,1.0
159,12,198.000,143.000,7.000,6.000,1.0,1,1.0
160,12,200.000,141.000,6.000,6.000,1.0,1,1.0
161,12,201.000,140.000,6.000,6.000,1.0,1,1.0
162,12,202.000,138.000,6.000,7.000,1.0,1,1.0
163,12,204.000,136.000,5.000,6.000,1.0,1,1.0
164,12,205.000,133.000,5.000,8.000,1.0,1,1.0
165,12,206.000,129.000,5.000,8.000,1.0,1,1.0
166,12,207.000,125.000,4.000,9.000,1.0,1,1.0
167,12,207.000,121.000,4.000,9.000,1.0,1,1.0
168,12,208.000,118.000,4.000,8.000,1.0,1,1.0
169,12,208.000,113.000,4.000,8.000,1.0,1,1.0
170,12,208.000,109.000,4.000,8.000,1.0,1,1.0
171,12,209.000,104.000,3.000,9.000,1.0,1,1.0
172,12,209.000,100.000,3.000,8.000,1.0,1,1.0
173,12,209.000,97.000,4.000,9.000,1.0,1,1.0
174,12,209.000,95.000,4.000,8.000,1.0,1,1.0
175,12,210.000,94.000,3.000,9.000,1.0,1,1.0
176,12,209.000,94.000,4.000,9.000,1.0,1,1.0
177,12,209.000,94.000,4.000,9.000,1.0,1,1.0
178,12,209.000,94.000,4.000,9.000,1.0,1,1.0
179,12,210.000,92.000,3.000,8.000,1.0,1,1.0
180,12,210.000,88.000,3.000,9.000,1.0,1,1.0
181,12,210.000,84.000,3.000,9.000,1.0,1,1.0
182,12,210.000,80.000,3.000,9.000,1.0,1,1.0
183,12,210.000,76.000,3.000,9.000,1.0,1,1.0
184,12,210.000,73.000,3.000,8.000,1.0,1,1.0
185,12,210.000,69.000,3.000,9.000,1.0,1,1.0
186,12,210.000,66.000,3.000,8.000,1.0,1,1.0
187,12,210.000,63.000,3.000,8.000,1.0,1,1.0
188,12,210.000,59.000,3.000,8.000,1.0,1,1.0
189,12,210.000,56.000,3.000,8.000,1.0,1,1.0
190,12,210.000,52.000,3.000,8.000,1.0,1,1.0
191,12,210.000,48.000,3.000,8.000,1.0,1,1.0
192,12,210.000,45.000,3.000,9.000,1.0,1,1.0
193,12,210.000,43.000,3.000,8.000,1.0,1,1.0
194,12,211.000,41.000,3.000,8.000,1.0,1,1.0
195,12,210.000,41.000,4.000,7.000,1.0,1,1.0
196,12,210.000,40.000,4.000,9.000,1.0,1,1.0
197,12,210.000,41.000,4.000,8.000,1.0,1,1.0
198,12,210.000,41.000,4.000,7.000,1.0,1,1.0
199,12,210.000,37.000,5.000,9.000,1.0,1,1.0
200,12,209.000,31.000,7.000,11.000,1.0,1,1.0
13,39,733.000,397.000,5.000,4.000,1.0,1,1.0
14,39,733.000,397.000,4.000,4.000,1.0,1,1.0
15,39,729.000,396.000,6.000,5.000,1.0,1,1.0
18,39,727.000,400.000,8.000,3.000,1.0,1,1.0
19,39,730.000,398.000,6.000,3.000,1.0,1,1.0
20,39,730.000,398.000,6.000,3.000,1.0,1,1.0
21,39,730.000,398.000,5.000,4.000,1.0,1,1.0
22,39,730.000,398.000,5.000,4.000,1.0,1,1.0
23,39,730.000,398.000,5.000,4.000,1.0,1,1.0
24,39,730.000,398.000,5.000,3.000,1.0,1,1.0
25,39,730.000,398.000,6.000,4.000,1.0,1,1.0
26,39,731.000,398.000,5.000,4.000,1.0,1,1.0
27,39,732.000,397.000,4.000,4.000,1.0,1,1.0
28,39,734.000,394.000,4.000,6.000,1.0,1,1.0
29,39,728.000,389.000,5.000,4.000,1.0,1,1.0
30,39,728.000,390.000,5.000,5.000,1.0,1,1.0
31,39,728.000,389.000,5.000,5.000,1.0,1,1.0
32,39,728.000,389.000,5.000,5.000,1.0,1,1.0
33,39,728.000,389.000,5.000,5.000,1.0,1,1.0
34,39,728.000,390.000,5.000,4.000,1.0,1,1.0
35,39,728.000,390.000,4.000,4.000,1.0,1,1.0
36,39,728.000,390.000,4.000,4.000,1.0,1,1.0
37,39,728.000,390.000,4.000,4.000,1.0,1,1.0
38,39,728.000,390.000,4.000,5.000,1.0,1,1.0
39,39,728.000,390.000,5.000,5.000,1.0,1,1.0
40,39,728.000,390.000,5.000,5.000,1.0,1,1.0
41,39,727.000,390.000,6.000,4.000,1.0,1,1.0
42,39,728.000,389.000,5.000,5.000,1.0,1,1.0
43,39,727.000,387.000,5.000,6.000,1.0,1,1.0
44,39,727.000,386.000,5.000,6.000,1.0,1,1.0
45,39,727.000,385.000,4.000,6.000,1.0,1,1.0
46,39,726.000,383.000,5.000,8.000,1.0,1,1.0
47,39,725.000,382.000,5.000,7.000,1.0,1,1.0
48,39,724.000,380.000,5.000,7.000,1.0,1,1.0
49,39,724.000,379.000,5.000,7.000,1.0,1,1.0
50,39,723.000,378.000,5.000,7.000,1.0,1,1.0
51,39,722.000,377.000,5.000,7.000,1.0,1,1.0
52,39,721.000,375.000,5.000,7.000,1.0,1,1.0
53,39,722.000,371.000,3.000,8.000,1.0,1,1.0
54,39,723.000,368.000,3.000,8.000,1.0,1,1.0
55,39,724.000,364.000,3.000,9.000,1.0,1,1.0
56,39,724.000,361.000,4.000,8.000,1.0,1,1.0
57,39,725.000,357.000,4.000,8.000,1.0,1,1.0
58,39,726.000,353.000,3.000,8.000,1.0,1,1.0
59,39,726.000,349.000,3.000,8.000,1.0,1,1.0
60,39,726.000,344.000,4.000,8.000,1.0,1,1.0
61,39,726.000,340.000,3.000,7.000,1.0,1,1.0
62,39,726.000,335.000,3.000,9.000,1.0,1,1.0
63,39,726.000,331.000,3.000,8.000,1.0,1,1.0
64,39,725.000,327.000,3.000,8.000,1.0,1,1.0
65,39,724.000,322.000,4.000,9.000,1.0,1,1.0
66,39,723.000,320.000,4.000,7.000,1.0,1,1.0
67,39,722.000,316.000,3.000,8.000,1.0,1,1.0
68,39,721.000,313.000,4.000,8.000,1.0,1,1.0
69,39,721.000,310.000,3.000,8.000,1.0,1,1.0
70,39,720.000,307.000,3.000,8.000,1.0,1,1.0
71,39,719.000,304.000,4.000,7.000,1.0,1,1.0
72,39,718.000,300.000,4.000,7.000,1.0,1,1.0
73,39,718.000,296.000,3.000,8.000,1.0,1,1.0
74,39,717.000,293.000,4.000,8.000,1.0,1,1.0
75,39,716.000,290.000,4.000,8.000,1.0,1,1.0
76,39,716.000,287.000,3.000,8.000,1.0,1,1.0
77,39,715.000,285.000,4.000,8.000,1.0,1,1.0
78,39,715.000,284.000,4.000,8.000,1.0,1,1.0
79,39,715.000,284.000,4.000,8.000,1.0,1,1.0
80,39,715.000,284.000,4.000,8.000,1.0,1,1.0
81,39,715.000,283.000,4.000,8.000,1.0,1,1.0
82,39,715.000,282.000,4.000,7.000,1.0,1,1.0
83,39,715.000,281.000,4.000,7.000,1.0,1,1.0
84,39,715.000,280.000,4.000,8.000,1.0,1,1.0
85,39,715.000,280.000,4.000,8.000,1.0,1,1.0
86,39,704.000,269.000,8.000,9.000,1.0,1,1.0
87,39,677.000,239.000,8.000,9.000,1.0,1,1.0
88,39,666.000,225.000,4.000,4.000,1.0,1,1.0
89,39,667.000,225.000,3.000,4.000,1.0,1,1.0
90,39,667.000,225.000,3.000,4.000,1.0,1,1.0
91,39,667.000,224.000,3.000,5.000,1.0,1,1.0
92,39,667.000,224.000,3.000,5.000,1.0,1,1.0
93,39,667.000,225.000,3.000,4.000,1.0,1,1.0
94,39,666.000,223.000,4.000,5.000,1.0,1,1.0
95,39,667.000,220.000,3.000,6.000,1.0,1,1.0
96,39,667.000,217.000,3.000,7.000,1.0,1,1.0
97,39,667.000,214.000,3.000,8.000,1.0,1,1.0
98,39,667.000,211.000,3.000,9.000,1.0,1,1.0
99,39,667.000,210.000,3.000,8.000,1.0,1,1.0
100,39,667.000,210.000,3.000,8.000,1.0,1,1.0
101,39,667.000,210.000,3.000,8.000,1.0,1,1.0
102,39,667.000,210.000,3.000,8.000,1.0,1,1.0
103,39,666.000,210.000,3.000,5.000,1.0,1,1.0
104,39,666.000,209.000,2.000,5.000,1.0,1,1.0
105,39,666.000,208.000,2.000,4.000,1.0,1,1.0
106,39,666.000,207.000,3.000,4.000,1.0,1,1.0
107,39,666.000,206.000,3.000,5.000,1.0,1,1.0
108,39,666.000,206.000,4.000,5.000,1.0,1,1.0
109,39,667.000,206.000,5.000,5.000,1.0,1,1.0
110,39,668.000,206.000,5.000,5.000,1.0,1,1.0
111,39,669.000,206.000,6.000,5.000,1.0,1,1.0
112,39,671.000,206.000,7.000,5.000,1.0,1,1.0
113,39,673.000,204.000,7.000,5.000,1.0,1,1.0
114,39,676.000,201.000,5.000,7.000,1.0,1,1.0
115,39,677.000,198.000,4.000,7.000,1.0,1,1.0
116,39,678.000,196.000,5.000,7.000,1.0,1,1.0
117,39,679.000,193.000,5.000,8.000,1.0,1,1.0
118,39,681.000,190.000,4.000,8.000,1.0,1,1.0
119,39,681.000,186.000,4.000,8.000,1.0,1,1.0
120,39,682.000,183.000,4.000,8.000,1.0,1,1.0
121,39,683.000,179.000,4.000,8.000,1.0,1,1.0
122,39,684.000,175.000,4.000,8.000,1.0,1,1.0
123,39,685.000,172.000,4.000,9.000,1.0,1,1.0
124,39,686.000,169.000,4.000,9.000,1.0,1,1.0
125,39,687.000,166.000,4.000,9.000,1.0,1,1.0
126,39,688.000,165.000,4.000,8.000,1.0,1,1.0
127,39,689.000,163.000,4.000,8.000,1.0,1,1.0
128,39,690.000,160.000,4.000,8.000,1.0,1,1.0
129,39,690.000,158.000,4.000,8.000,1.0,1,1.0
130,39,691.000,156.000,4.000,8.000,1.0,1,1.0
131,39,692.000,154.000,4.000,8.000,1.0,1,1.0
132,39,692.000,152.000,4.000,8.000,1.0,1,1.0
133,39,693.000,150.000,4.000,8.000,1.0,1,1.0
134,39,693.000,148.000,4.000,8.000,1.0,1,1.0
135,39,693.000,147.000,4.000,8.000,1.0,1,1.0
136,39,694.000,146.000,4.000,8.000,1.0,1,1.0
137,39,694.000,144.000,4.000,9.000,1.0,1,1.0
138,39,694.000,144.000,4.000,9.000,1.0,1,1.0
139,39,694.000,144.000,4.000,9.000,1.0,1,1.0
140,39,696.000,140.000,7.000,9.000,1.0,1,1.0
141,39,716.000,115.000,8.000,9.000,1.0,1,1.0
142,39,724.000,107.000,4.000,7.000,1.0,1,1.0
143,39,724.000,106.000,4.000,7.000,1.0,1,1.0
144,39,724.000,105.000,4.000,8.000,1.0,1,1.0
145,39,725.000,104.000,3.000,8.000,1.0,1,1.0
146,39,725.000,103.000,3.000,8.000,1.0,1,1.0
147,39,725.000,101.000,3.000,9.000,1.0,1,1.0
148,39,725.000,100.000,3.000,8.000,1.0,1,1.0
149,39,725.000,100.000,6.000,7.000,1.0,1,1.0
150,39,727.000,100.000,5.000,6.000,1.0,1,1.0
151,39,728.000,99.000,6.000,5.000,1.0,1,1.0
152,39,730.000,97.000,5.000,6.000,1.0,1,1.0
153,39,731.000,97.000,5.000,5.000,1.0,1,1.0
154,39,732.000,95.000,5.000,6.000,1.0,1,1.0
155,39,733.000,93.000,5.000,6.000,1.0,1,1.0
156,39,735.000,92.000,4.000,6.000,1.0,1,1.0
157,39,735.000,91.000,5.000,6.000,1.0,1,1.0
158,39,737.000,90.000,4.000,5.000,1.0,1,1.0
159,39,737.000,88.000,4.000,5.000,1.0,1,1.0
160,39,736.000,87.000,5.000,5.000,1.0,1,1.0
161,39,736.000,87.000,4.000,5.000,1.0,1,1.0
162,39,736.000,88.000,4.000,4.000,1.0,1,1.0
163,39,734.000,89.000,5.000,4.000,1.0,1,1.0
164,39,733.000,90.000,5.000,4.000,1.0,1,1.0
165,39,733.000,90.000,4.000,4.000,1.0,1,1.0
166,39,732.000,90.000,5.000,4.000,1.0,1,1.0
167,39,732.000,90.000,5.000,3.000,1.0,1,1.0
168,39,732.000,90.000,5.000,4.000,1.0,1,1.0
169,39,732.000,90.000,5.000,4.000,1.0,1,1.0
170,39,732.000,90.000,5.000,3.000,1.0,1,1.0
171,39,731.000,87.000,5.000,7.000,1.0,1,1.0
172,39,731.000,83.000,4.000,8.000,1.0,1,1.0
173,39,731.000,80.000,4.000,8.000,1.0,1,1.0
174,39,729.000,77.000,5.000,8.000,1.0,1,1.0
175,39,729.000,73.000,4.000,8.000,1.0,1,1.0
176,39,728.000,70.000,5.000,8.000,1.0,1,1.0
177,39,728.000,67.000,4.000,8.000,1.0,1,1.0
178,39,728.000,63.000,3.000,8.000,1.0,1,1.0
179,39,727.000,59.000,3.000,8.000,1.0,1,1.0
180,39,727.000,55.000,3.000,8.000,1.0,1,1.0
181,39,726.000,52.000,4.000,8.000,1.0,1,1.0
182,39,726.000,49.000,4.000,8.000,1.0,1,1.0
183,39,726.000,46.000,3.000,8.000,1.0,1,1.0
184,39,726.000,43.000,3.000,9.000,1.0,1,1.0
185,39,725.000,42.000,4.000,8.000,1.0,1,1.0
186,39,725.000,39.000,3.000,9.000,1.0,1,1.0
187,39,725.000,37.000,3.000,9.000,1.0,1,1.0
188,39,724.000,35.000,4.000,8.000,1.0,1,1.0
189,39,723.000,29.000,6.000,10.000,1.0,1,1.0
191,39,721.000,28.000,9.000,9.000,1.0,1,1.0
1,27,473.000,369.000,4.000,8.000,1.0,1,1.0
2,27,473.000,369.000,4.000,8.000,1.0,1,1.0
3,27,472.000,367.000,4.000,8.000,1.0,1,1.0
4,27,473.000,366.000,3.000,8.000,1.0,1,1.0
5,27,473.000,363.000,4.000,9.000,1.0,1,1.0
6,27,473.000,361.000,3.000,9.000,1.0,1,1.0
7,27,473.000,358.000,3.000,8.000,1.0,1,1.0
8,27,473.000,356.000,4.000,8.000,1.0,1,1.0
9,27,473.000,353.000,3.000,8.000,1.0,1,1.0
10,27,473.000,350.000,4.000,9.000,1.0,1,1.0
11,27,473.000,349.000,4.000,8.000,1.0,1,1.0
12,27,473.000,347.000,4.000,8.000,1.0,1,1.0
13,27,474.000,345.000,3.000,8.000,1.0,1,1.0
14,27,474.000,342.000,3.000,9.000,1.0,1,1.0
15,27,473.000,340.000,4.000,8.000,1.0,1,1.0
16,27,474.000,338.000,3.000,8.000,1.0,1,1.0
17,27,474.000,335.000,4.000,9.000,1.0,1,1.0
18,27,474.000,332.000,3.000,9.000,1.0,1,1.0
19,27,474.000,331.000,4.000,8.000,1.0,1,1.0
20,27,474.000,328.000,4.000,8.000,1.0,1,1.0
21,27,474.000,325.000,4.000,8.000,1.0,1,1.0
22,27,475.000,322.000,3.000,8.000,1.0,1,1.0
23,27,475.000,320.000,3.000,8.000,1.0,1,1.0
24,27,475.000,317.000,3.000,8.000,1.0,1,1.0
25,27,475.000,315.000,3.000,8.000,1.0,1,1.0
26,27,475.000,313.000,4.000,8.000,1.0,1,1.0
27,27,475.000,311.000,4.000,8.000,1.0,1,1.0
28,27,475.000,308.000,4.000,9.000,1.0,1,1.0
29,27,475.000,307.000,4.000,8.000,1.0,1,1.0
30,27,475.000,304.000,4.000,9.000,1.0,1,1.0
31,27,475.000,302.000,3.000,9.000,1.0,1,1.0
32,27,475.000,300.000,3.000,9.000,1.0,1,1.0
33,27,475.000,298.000,3.000,9.000,1.0,1,1.0
34,27,475.000,296.000,3.000,9.000,1.0,1,1.0
35,27,475.000,294.000,4.000,8.000,1.0,1,1.0
36,27,475.000,291.000,4.000,9.000,1.0,1,1.0
37,27,475.000,289.000,3.000,9.000,1.0,1,1.0
38,27,474.000,287.000,4.000,8.000,1.0,1,1.0
39,27,474.000,285.000,4.000,9.000,1.0,1,1.0
40,27,475.000,283.000,3.000,8.000,1.0,1,1.0
41,27,475.000,281.000,3.000,8.000,1.0,1,1.0
42,27,474.000,279.000,4.000,8.000,1.0,1,1.0
43,27,475.000,277.000,3.000,8.000,1.0,1,1.0
44,27,474.000,275.000,4.000,8.000,1.0,1,1.0
45,27,475.000,273.000,3.000,9.000,1.0,1,1.0
46,27,475.000,271.000,3.000,9.000,1.0,1,1.0
47,27,475.000,269.000,3.000,9.000,1.0,1,1.0
48,27,475.000,267.000,3.000,9.000,1.0,1,1.0
49,27,474.000,265.000,4.000,9.000,1.0,1,1.0
50,27,474.000,263.000,4.000,9.000,1.0,1,1.0
51,27,474.000,262.000,4.000,8.000,1.0,1,1.0
52,27,475.000,260.000,3.000,8.000,1.0,1,1.0
53,27,475.000,258.000,2.000,8.000,1.0,1,1.0
54,27,474.000,256.000,4.000,8.000,1.0,1,1.0
55,27,474.000,253.000,4.000,9.000,1.0,1,1.0
56,27,474.000,251.000,4.000,9.000,1.0,1,1.0
57,27,474.000,248.000,3.000,9.000,1.0,1,1.0
58,27,474.000,246.000,3.000,8.000,1.0,1,1.0
59,27,474.000,244.000,4.000,9.000,1.0,1,1.0
60,27,474.000,242.000,3.000,8.000,1.0,1,1.0
61,27,474.000,239.000,3.000,9.000,1.0,1,1.0
62,27,474.000,237.000,3.000,8.000,1.0,1,1.0
63,27,474.000,234.000,4.000,10.000,1.0,1,1.0
64,27,473.000,233.000,4.000,8.000,1.0,1,1.0
65,27,474.000,230.000,3.000,9.000,1.0,1,1.0
66,27,473.000,228.000,4.000,8.000,1.0,1,1.0
67,27,474.000,225.000,3.000,9.000,1.0,1,1.0
68,27,473.000,223.000,4.000,8.000,1.0,1,1.0
69,27,473.000,221.000,4.000,9.000,1.0,1,1.0
70,27,473.000,219.000,4.000,8.000,1.0,1,1.0
71,27,473.000,216.000,3.000,8.000,1.0,1,1.0
72,27,473.000,214.000,3.000,9.000,1.0,1,1.0
73,27,473.000,213.000,3.000,8.000,1.0,1,1.0
74,27,473.000,211.000,3.000,8.000,1.0,1,1.0
75,27,473.000,209.000,3.000,8.000,1.0,1,1.0
76,27,473.000,207.000,4.000,8.000,1.0,1,1.0
77,27,473.000,204.000,4.000,9.000,1.0,1,1.0
78,27,473.000,203.000,4.000,8.000,1.0,1,1.0
79,27,473.000,201.000,4.000,8.000,1.0,1,1.0
80,27,473.000,199.000,3.000,8.000,1.0,1,1.0
81,27,473.000,197.000,3.000,8.000,1.0,1,1.0
82,27,473.000,195.000,3.000,8.000,1.0,1,1.0
83,27,473.000,193.000,3.000,8.000,1.0,1,1.0
84,27,473.000,190.000,3.000,8.000,1.0,1,1.0
85,27,473.000,188.000,3.000,8.000,1.0,1,1.0
86,27,473.000,185.000,3.000,8.000,1.0,1,1.0
87,27,472.000,183.000,4.000,8.000,1.0,1,1.0
88,27,472.000,181.000,4.000,8.000,1.0,1,1.0
89,27,473.000,179.000,3.000,8.000,1.0,1,1.0
90,27,473.000,177.000,3.000,9.000,1.0,1,1.0
91,27,473.000,176.000,3.000,8.000,1.0,1,1.0
92,27,473.000,173.000,3.000,8.000,1.0,1,1.0
93,27,472.000,172.000,4.000,8.000,1.0,1,1.0
94,27,473.000,170.000,3.000,8.000,1.0,1,1.0
95,27,473.000,167.000,3.000,8.000,1.0,1,1.0
96,27,473.000,166.000,3.000,8.000,1.0,1,1.0
97,27,473.000,164.000,3.000,8.000,1.0,1,1.0
98,27,473.000,162.000,3.000,9.000,1.0,1,1.0
99,27,473.000,161.000,3.000,8.000,1.0,1,1.0
100,27,473.000,160.000,3.000,7.000,1.0,1,1.0
101,27,472.000,157.000,4.000,9.000,1.0,1,1.0
102,27,472.000,155.000,4.000,9.000,1.0,1,1.0
103,27,472.000,153.000,4.000,8.000,1.0,1,1.0
104,27,473.000,151.000,3.000,8.000,1.0,1,1.0
105,27,472.000,149.000,3.000,8.000,1.0,1,1.0
106,27,472.000,147.000,3.000,8.000,1.0,1,1.0
107,27,473.000,147.000,3.000,8.000,1.0,1,1.0
108,27,473.000,145.000,3.000,8.000,1.0,1,1.0
109,27,473.000,144.000,3.000,8.000,1.0,1,1.0
110,27,473.000,142.000,3.000,8.000,1.0,1,1.0
111,27,473.000,140.000,3.000,9.000,1.0,1,1.0
112,27,473.000,139.000,4.000,8.000,1.0,1,1.0
113,27,473.000,138.000,4.000,8.000,1.0,1,1.0
114,27,473.000,137.000,4.000,8.000,1.0,1,1.0
115,27,473.000,135.000,4.000,8.000,1.0,1,1.0
116,27,474.000,133.000,3.000,8.000,1.0,1,1.0
117,27,474.000,132.000,4.000,8.000,1.0,1,1.0
118,27,474.000,129.000,3.000,9.000,1.0,1,1.0
119,27,474.000,128.000,3.000,8.000,1.0,1,1.0
120,27,474.000,127.000,4.000,8.000,1.0,1,1.0
121,27,474.000,125.000,4.000,7.000,1.0,1,1.0
122,27,475.000,123.000,3.000,8.000,1.0,1,1.0
123,27,475.000,121.000,3.000,8.000,1.0,1,1.0
124,27,474.000,118.000,4.000,8.000,1.0,1,1.0
125,27,474.000,117.000,4.000,8.000,1.0,1,1.0
126,27,474.000,114.000,4.000,9.000,1.0,1,1.0
127,27,474.000,112.000,4.000,8.000,1.0,1,1.0
128,27,474.000,110.000,4.000,8.000,1.0,1,1.0
129,27,474.000,108.000,3.000,8.000,1.0,1,1.0
130,27,474.000,107.000,3.000,8.000,1.0,1,1.0
131,27,474.000,104.000,4.000,9.000,1.0,1,1.0
132,27,474.000,103.000,4.000,8.000,1.0,1,1.0
133,27,474.000,102.000,4.000,8.000,1.0,1,1.0
134,27,475.000,100.000,3.000,8.000,1.0,1,1.0
135,27,474.000,98.000,4.000,8.000,1.0,1,1.0
136,27,474.000,96.000,4.000,8.000,1.0,1,1.0
137,27,474.000,94.000,4.000,8.000,1.0,1,1.0
138,27,474.000,92.000,4.000,8.000,1.0,1,1.0
139,27,474.000,90.000,4.000,8.000,1.0,1,1.0
140,27,474.000,87.000,4.000,8.000,1.0,1,1.0
141,27,474.000,85.000,4.000,8.000,1.0,1,1.0
142,27,474.000,83.000,4.000,8.000,1.0,1,1.0
143,27,474.000,80.000,3.000,8.000,1.0,1,1.0
144,27,475.000,78.000,3.000,9.000,1.0,1,1.0
145,27,475.000,76.000,3.000,8.000,1.0,1,1.0
146,27,475.000,74.000,3.000,8.000,1.0,1,1.0
147,27,474.000,72.000,3.000,8.000,1.0,1,1.0
148,27,474.000,70.000,3.000,8.000,1.0,1,1.0
149,27,474.000,68.000,3.000,8.000,1.0,1,1.0
150,27,475.000,66.000,3.000,8.000,1.0,1,1.0
151,27,475.000,63.000,3.000,8.000,1.0,1,1.0
152,27,474.000,61.000,4.000,8.000,1.0,1,1.0
153,27,474.000,59.000,3.000,8.000,1.0,1,1.0
154,27,474.000,57.000,3.000,8.000,1.0,1,1.0
155,27,474.000,55.000,3.000,8.000,1.0,1,1.0
156,27,474.000,54.000,3.000,8.000,1.0,1,1.0
157,27,474.000,53.000,3.000,7.000,1.0,1,1.0
158,27,474.000,52.000,3.000,7.000,1.0,1,1.0
159,27,474.000,51.000,3.000,7.000,1.0,1,1.0
160,27,474.000,49.000,3.000,7.000,1.0,1,1.0
161,27,474.000,47.000,3.000,7.000,1.0,1,1.0
162,27,474.000,44.000,2.000,8.000,1.0,1,1.0
163,27,473.000,43.000,3.000,8.000,1.0,1,1.0
164,27,474.000,41.000,3.000,8.000,1.0,1,1.0
165,27,474.000,39.000,3.000,8.000,1.0,1,1.0
167,27,472.000,34.000,6.000,10.000,1.0,1,1.0
168,27,472.000,33.000,6.000,10.000,1.0,1,1.0
308,27,415.000,42.000,6.000,7.000,1.0,1,1.0
309,27,415.000,42.000,6.000,6.000,1.0,1,1.0
310,27,415.000,42.000,6.000,6.000,1.0,1,1.0
311,27,415.000,42.000,6.000,6.000,1.0,1,1.0
312,27,415.000,41.000,6.000,6.000,1.0,1,1.0
313,27,416.000,40.000,5.000,7.000,1.0,1,1.0
314,27,418.000,37.000,4.000,8.000,1.0,1,1.0
315,27,418.000,34.000,4.000,8.000,1.0,1,1.0
316,27,416.000,31.000,5.000,7.000,1.0,1,1.0
317,27,415.000,31.000,7.000,7.000,1.0,1,1.0
14,30,551.000,395.000,7.000,3.000,1.0,1,1.0
15,30,551.000,395.000,8.000,4.000,1.0,1,1.0
16,30,552.000,394.000,7.000,5.000,1.0,1,1.0
17,30,552.000,394.000,7.000,5.000,1.0,1,1.0
18,30,552.000,394.000,7.000,5.000,1.0,1,1.0
19,30,552.000,394.000,7.000,5.000,1.0,1,1.0
20,30,552.000,394.000,7.000,5.000,1.0,1,1.0
21,30,551.000,394.000,8.000,5.000,1.0,1,1.0
22,30,551.000,394.000,8.000,5.000,1.0,1,1.0
23,30,551.000,394.000,8.000,5.000,1.0,1,1.0
24,30,551.000,394.000,8.000,5.000,1.0,1,1.0
25,30,552.000,394.000,7.000,5.000,1.0,1,1.0
26,30,552.000,394.000,7.000,5.000,1.0,1,1.0
27,30,552.000,394.000,7.000,6.000,1.0,1,1.0
28,30,552.000,394.000,7.000,6.000,1.0,1,1.0
29,30,552.000,394.000,7.000,5.000,1.0,1,1.0
30,30,552.000,394.000,7.000,5.000,1.0,1,1.0
31,30,552.000,394.000,7.000,5.000,1.0,1,1.0
32,30,552.000,394.000,7.000,5.000,1.0,1,1.0
33,30,552.000,394.000,7.000,5.000,1.0,1,1.0
34,30,552.000,394.000,7.000,5.000,1.0,1,1.0
35,30,552.000,394.000,7.000,5.000,1.0,1,1.0
36,30,553.000,394.000,6.000,6.000,1.0,1,1.0
37,30,553.000,394.000,6.000,6.000,1.0,1,1.0
38,30,553.000,394.000,6.000,6.000,1.0,1,1.0
39,30,553.000,394.000,7.000,6.000,1.0,1,1.0
40,30,553.000,394.000,7.000,6.000,1.0,1,1.0
41,30,553.000,394.000,7.000,6.000,1.0,1,1.0
42,30,553.000,394.000,7.000,6.000,1.0,1,1.0
43,30,553.000,394.000,7.000,6.000,1.0,1,1.0
44,30,553.000,395.000,6.000,5.000,1.0,1,1.0
45,30,553.000,395.000,7.000,5.000,1.0,1,1.0
46,30,553.000,394.000,7.000,6.000,1.0,1,1.0
47,30,553.000,395.000,7.000,5.000,1.0,1,1.0
48,30,553.000,395.000,7.000,5.000,1.0,1,1.0
49,30,553.000,395.000,7.000,5.000,1.0,1,1.0
50,30,553.000,395.000,7.000,5.000,1.0,1,1.0
51,30,553.000,394.000,7.000,6.000,1.0,1,1.0
52,30,553.000,395.000,7.000,6.000,1.0,1,1.0
53,30,553.000,395.000,7.000,5.000,1.0,1,1.0
54,30,553.000,395.000,7.000,6.000,1.0,1,1.0
55,30,553.000,395.000,7.000,5.000,1.0,1,1.0
56,30,553.000,395.000,7.000,6.000,1.0,1,1.0
57,30,553.000,395.000,7.000,5.000,1.0,1,1.0
58,30,553.000,395.000,7.000,5.000,1.0,1,1.0
59,30,553.000,395.000,7.000,5.000,1.0,1,1.0
60,30,553.000,395.000,7.000,5.000,1.0,1,1.0
61,30,553.000,395.000,7.000,5.000,1.0,1,1.0
62,30,553.000,395.000,7.000,5.000,1.0,1,1.0
63,30,553.000,395.000,7.000,5.000,1.0,1,1.0
64,30,552.000,395.000,8.000,5.000,1.0,1,1.0
65,30,552.000,395.000,8.000,5.000,1.0,1,1.0
66,30,552.000,395.000,8.000,5.000,1.0,1,1.0
67,30,552.000,395.000,8.000,5.000,1.0,1,1.0
68,30,552.000,395.000,8.000,5.000,1.0,1,1.0
69,30,552.000,395.000,8.000,5.000,1.0,1,1.0
70,30,552.000,395.000,7.000,5.000,1.0,1,1.0
71,30,552.000,395.000,7.000,5.000,1.0,1,1.0
72,30,552.000,395.000,7.000,5.000,1.0,1,1.0
73,30,552.000,395.000,8.000,5.000,1.0,1,1.0
74,30,552.000,395.000,8.000,5.000,1.0,1,1.0
75,30,552.000,394.000,8.000,6.000,1.0,1,1.0
76,30,552.000,394.000,8.000,6.000,1.0,1,1.0
77,30,553.000,395.000,7.000,5.000,1.0,1,1.0
78,30,552.000,395.000,8.000,5.000,1.0,1,1.0
79,30,552.000,395.000,8.000,5.000,1.0,1,1.0
80,30,552.000,395.000,8.000,5.000,1.0,1,1.0
81,30,553.000,395.000,7.000,5.000,1.0,1,1.0
82,30,553.000,395.000,7.000,5.000,1.0,1,1.0
83,30,553.000,395.000,7.000,5.000,1.0,1,1.0
84,30,553.000,395.000,7.000,5.000,1.0,1,1.0
85,30,553.000,395.000,6.000,5.000,1.0,1,1.0
86,30,553.000,395.000,6.000,5.000,1.0,1,1.0
87,30,552.000,395.000,8.000,5.000,1.0,1,1.0
88,30,552.000,395.000,8.000,5.000,1.0,1,1.0
89,30,553.000,395.000,7.000,5.000,1.0,1,1.0
90,30,553.000,395.000,7.000,5.000,1.0,1,1.0
91,30,553.000,395.000,7.000,5.000,1.0,1,1.0
92,30,553.000,395.000,7.000,5.000,1.0,1,1.0
93,30,553.000,395.000,7.000,5.000,1.0,1,1.0
94,30,553.000,395.000,7.000,6.000,1.0,1,1.0
95,30,553.000,395.000,7.000,6.000,1.0,1,1.0
96,30,553.000,395.000,7.000,6.000,1.0,1,1.0
97,30,553.000,395.000,7.000,5.000,1.0,1,1.0
98,30,552.000,395.000,8.000,5.000,1.0,1,1.0
99,30,552.000,395.000,8.000,5.000,1.0,1,1.0
100,30,552.000,395.000,8.000,5.000,1.0,1,1.0
101,30,552.000,395.000,8.000,5.000,1.0,1,1.0
102,30,552.000,395.000,8.000,6.000,1.0,1,1.0
103,30,552.000,395.000,8.000,5.000,1.0,1,1.0
104,30,552.000,395.000,8.000,5.000,1.0,1,1.0
105,30,552.000,395.000,8.000,5.000,1.0,1,1.0
106,30,551.000,395.000,9.000,5.000,1.0,1,1.0
107,30,552.000,395.000,8.000,5.000,1.0,1,1.0
108,30,551.000,395.000,9.000,5.000,1.0,1,1.0
109,30,551.000,395.000,9.000,5.000,1.0,1,1.0
110,30,552.000,395.000,7.000,5.000,1.0,1,1.0
111,30,552.000,394.000,7.000,6.000,1.0,1,1.0
112,30,552.000,394.000,7.000,6.000,1.0,1,1.0
113,30,552.000,394.000,7.000,6.000,1.0,1,1.0
114,30,552.000,395.000,7.000,5.000,1.0,1,1.0
115,30,552.000,395.000,7.000,5.000,1.0,1,1.0
116,30,552.000,395.000,7.000,5.000,1.0,1,1.0
117,30,551.000,395.000,9.000,5.000,1.0,1,1.0
118,30,552.000,395.000,8.000,5.000,1.0,1,1.0
119,30,552.000,395.000,8.000,5.000,1.0,1,1.0
120,30,552.000,395.000,8.000,5.000,1.0,1,1.0
121,30,552.000,395.000,8.000,5.000,1.0,1,1.0
122,30,552.000,394.000,8.000,6.000,1.0,1,1.0
123,30,552.000,393.000,7.000,6.000,1.0,1,1.0
124,30,552.000,394.000,8.000,6.000,1.0,1,1.0
125,30,552.000,394.000,8.000,6.000,1.0,1,1.0
126,30,552.000,393.000,8.000,7.000,1.0,1,1.0
127,30,552.000,394.000,8.000,6.000,1.0,1,1.0
128,30,553.000,394.000,7.000,6.000,1.0,1,1.0
129,30,553.000,394.000,7.000,6.000,1.0,1,1.0
130,30,553.000,394.000,7.000,6.000,1.0,1,1.0
131,30,553.000,394.000,7.000,6.000,1.0,1,1.0
132,30,553.000,394.000,7.000,6.000,1.0,1,1.0
133,30,553.000,394.000,7.000,6.000,1.0,1,1.0
134,30,553.000,394.000,7.000,6.000,1.0,1,1.0
135,30,553.000,394.000,7.000,6.000,1.0,1,1.0
136,30,553.000,393.000,7.000,6.000,1.0,1,1.0
137,30,553.000,393.000,7.000,6.000,1.0,1,1.0
138,30,553.000,394.000,7.000,6.000,1.0,1,1.0
139,30,553.000,394.000,7.000,6.000,1.0,1,1.0
140,30,553.000,393.000,7.000,6.000,1.0,1,1.0
141,30,553.000,394.000,7.000,6.000,1.0,1,1.0
142,30,553.000,394.000,7.000,6.000,1.0,1,1.0
143,30,553.000,394.000,7.000,6.000,1.0,1,1.0
144,30,553.000,393.000,7.000,6.000,1.0,1,1.0
145,30,553.000,394.000,7.000,6.000,1.0,1,1.0
146,30,553.000,394.000,7.000,6.000,1.0,1,1.0
147,30,553.000,394.000,7.000,6.000,1.0,1,1.0
148,30,553.000,394.000,8.000,5.000,1.0,1,1.0
149,30,553.000,394.000,8.000,6.000,1.0,1,1.0
150,30,554.000,393.000,8.000,6.000,1.0,1,1.0
151,30,555.000,393.000,7.000,6.000,1.0,1,1.0
152,30,556.000,392.000,7.000,6.000,1.0,1,1.0
153,30,558.000,391.000,7.000,6.000,1.0,1,1.0
154,30,560.000,391.000,5.000,5.000,1.0,1,1.0
155,30,561.000,390.000,4.000,5.000,1.0,1,1.0
156,30,561.000,390.000,4.000,4.000,1.0,1,1.0
157,30,561.000,390.000,3.000,4.000,1.0,1,1.0
158,30,560.000,391.000,4.000,3.000,1.0,1,1.0
159,30,557.000,391.000,6.000,4.000,1.0,1,1.0
160,30,555.000,391.000,6.000,4.000,1.0,1,1.0
161,30,553.000,393.000,6.000,4.000,1.0,1,1.0
162,30,552.000,393.000,6.000,4.000,1.0,1,1.0
163,30,551.000,393.000,6.000,4.000,1.0,1,1.0
164,30,551.000,393.000,7.000,4.000,1.0,1,1.0
165,30,551.000,393.000,7.000,4.000,1.0,1,1.0
166,30,552.000,393.000,6.000,4.000,1.0,1,1.0
167,30,553.000,393.000,5.000,3.000,1.0,1,1.0
168,30,554.000,393.000,4.000,4.000,1.0,1,1.0
169,30,555.000,393.000,4.000,4.000,1.0,1,1.0
170,30,555.000,393.000,4.000,4.000,1.0,1,1.0
171,30,555.000,393.000,4.000,4.000,1.0,1,1.0
172,30,555.000,392.000,4.000,4.000,1.0,1,1.0
173,30,554.000,392.000,4.000,4.000,1.0,1,1.0
174,30,553.000,392.000,4.000,4.000,1.0,1,1.0
175,30,552.000,392.000,4.000,4.000,1.0,1,1.0
176,30,551.000,393.000,4.000,3.000,1.0,1,1.0
177,30,551.000,393.000,4.000,3.000,1.0,1,1.0
178,30,552.000,392.000,4.000,4.000,1.0,1,1.0
179,30,553.000,392.000,4.000,3.000,1.0,1,1.0
180,30,553.000,392.000,6.000,3.000,1.0,1,1.0
181,30,554.000,392.000,6.000,3.000,1.0,1,1.0
182,30,555.000,392.000,6.000,3.000,1.0,1,1.0
183,30,556.000,392.000,6.000,3.000,1.0,1,1.0
184,30,558.000,392.000,5.000,3.000,1.0,1,1.0
185,30,559.000,392.000,6.000,4.000,1.0,1,1.0
186,30,561.000,392.000,5.000,4.000,1.0,1,1.0
187,30,562.000,392.000,5.000,4.000,1.0,1,1.0
188,30,563.000,392.000,6.000,4.000,1.0,1,1.0
189,30,563.000,392.000,6.000,4.000,1.0,1,1.0
190,30,564.000,392.000,6.000,4.000,1.0,1,1.0
191,30,564.000,392.000,6.000,4.000,1.0,1,1.0
192,30,564.000,391.000,7.000,5.000,1.0,1,1.0
193,30,564.000,391.000,8.000,4.000,1.0,1,1.0
194,30,565.000,391.000,8.000,4.000,1.0,1,1.0
195,30,567.000,392.000,7.000,4.000,1.0,1,1.0
196,30,568.000,392.000,8.000,4.000,1.0,1,1.0
197,30,569.000,392.000,8.000,4.000,1.0,1,1.0
198,30,571.000,392.000,8.000,4.000,1.0,1,1.0
199,30,573.000,392.000,7.000,4.000,1.0,1,1.0
200,30,575.000,393.000,7.000,3.000,1.0,1,1.0
201,30,577.000,393.000,7.000,3.000,1.0,1,1.0
202,30,579.000,393.000,7.000,4.000,1.0,1,1.0
203,30,579.000,393.000,6.000,4.000,1.0,1,1.0
204,30,579.000,393.000,5.000,4.000,1.0,1,1.0
205,30,580.000,393.000,4.000,3.000,1.0,1,1.0
206,30,580.000,393.000,5.000,3.000,1.0,1,1.0
207,30,580.000,393.000,5.000,3.000,1.0,1,1.0
208,30,582.000,393.000,5.000,3.000,1.0,1,1.0
209,30,582.000,393.000,5.000,4.000,1.0,1,1.0
210,30,583.000,393.000,5.000,4.000,1.0,1,1.0
211,30,584.000,393.000,4.000,4.000,1.0,1,1.0
212,30,585.000,394.000,4.000,3.000,1.0,1,1.0
213,30,586.000,394.000,4.000,4.000,1.0,1,1.0
214,30,586.000,395.000,5.000,4.000,1.0,1,1.0
215,30,587.000,395.000,5.000,4.000,1.0,1,1.0
216,30,588.000,395.000,5.000,4.000,1.0,1,1.0
217,30,588.000,395.000,5.000,4.000,1.0,1,1.0
218,30,588.000,395.000,5.000,4.000,1.0,1,1.0
219,30,589.000,395.000,3.000,3.000,1.0,1,1.0
220,30,586.000,395.000,5.000,4.000,1.0,1,1.0
221,30,584.000,396.000,5.000,3.000,1.0,1,1.0
222,30,583.000,395.000,5.000,4.000,1.0,1,1.0
223,30,582.000,395.000,6.000,4.000,1.0,1,1.0
224,30,582.000,395.000,6.000,4.000,1.0,1,1.0
225,30,582.000,395.000,6.000,4.000,1.0,1,1.0
226,30,582.000,395.000,6.000,4.000,1.0,1,1.0
227,30,582.000,395.000,6.000,4.000,1.0,1,1.0
228,30,582.000,395.000,6.000,4.000,1.0,1,1.0
229,30,582.000,395.000,6.000,4.000,1.0,1,1.0
230,30,582.000,395.000,5.000,4.000,1.0,1,1.0
231,30,582.000,395.000,5.000,4.000,1.0,1,1.0
232,30,582.000,395.000,5.000,4.000,1.0,1,1.0
233,30,582.000,395.000,5.000,4.000,1.0,1,1.0
234,30,582.000,395.000,5.000,4.000,1.0,1,1.0
235,30,582.000,395.000,5.000,4.000,1.0,1,1.0
236,30,582.000,395.000,5.000,4.000,1.0,1,1.0
237,30,582.000,395.000,5.000,4.000,1.0,1,1.0
238,30,582.000,395.000,5.000,4.000,1.0,1,1.0
239,30,582.000,395.000,5.000,4.000,1.0,1,1.0
240,30,582.000,395.000,5.000,4.000,1.0,1,1.0
241,30,582.000,395.000,5.000,4.000,1.0,1,1.0
242,30,582.000,395.000,5.000,4.000,1.0,1,1.0
243,30,582.000,395.000,5.000,4.000,1.0,1,1.0
244,30,582.000,395.000,5.000,4.000,1.0,1,1.0
245,30,582.000,395.000,5.000,4.000,1.0,1,1.0
246,30,582.000,395.000,5.000,4.000,1.0,1,1.0
247,30,582.000,395.000,5.000,4.000,1.0,1,1.0
248,30,582.000,395.000,5.000,4.000,1.0,1,1.0
249,30,582.000,395.000,5.000,4.000,1.0,1,1.0
250,30,582.000,395.000,5.000,4.000,1.0,1,1.0
251,30,582.000,395.000,5.000,4.000,1.0,1,1.0
252,30,582.000,395.000,5.000,4.000,1.0,1,1.0
253,30,582.000,395.000,5.000,4.000,1.0,1,1.0
254,30,582.000,395.000,5.000,4.000,1.0,1,1.0
255,30,582.000,395.000,5.000,4.000,1.0,1,1.0
256,30,582.000,395.000,5.000,4.000,1.0,1,1.0
257,30,582.000,395.000,5.000,4.000,1.0,1,1.0
258,30,582.000,395.000,5.000,4.000,1.0,1,1.0
259,30,582.000,395.000,5.000,4.000,1.0,1,1.0
260,30,582.000,395.000,5.000,4.000,1.0,1,1.0
261,30,582.000,395.000,5.000,4.000,1.0,1,1.0
262,30,582.000,395.000,5.000,4.000,1.0,1,1.0
263,30,582.000,395.000,5.000,4.000,1.0,1,1.0
264,30,582.000,395.000,5.000,4.000,1.0,1,1.0
265,30,582.000,395.000,5.000,4.000,1.0,1,1.0
266,30,582.000,395.000,5.000,4.000,1.0,1,1.0
267,30,582.000,395.000,5.000,4.000,1.0,1,1.0
268,30,581.000,395.000,6.000,4.000,1.0,1,1.0
269,30,580.000,396.000,7.000,3.000,1.0,1,1.0
270,30,579.000,395.000,8.000,4.000,1.0,1,1.0
271,30,578.000,395.000,8.000,5.000,1.0,1,1.0
272,30,578.000,395.000,8.000,4.000,1.0,1,1.0
273,30,577.000,395.000,8.000,5.000,1.0,1,1.0
274,30,577.000,395.000,8.000,5.000,1.0,1,1.0
275,30,577.000,395.000,8.000,5.000,1.0,1,1.0
276,30,577.000,395.000,8.000,5.000,1.0,1,1.0
277,30,577.000,395.000,8.000,5.000,1.0,1,1.0
278,30,577.000,395.000,8.000,5.000,1.0,1,1.0
279,30,577.000,395.000,8.000,5.000,1.0,1,1.0
280,30,577.000,395.000,8.000,5.000,1.0,1,1.0
281,30,577.000,395.000,8.000,5.000,1.0,1,1.0
282,30,577.000,395.000,8.000,5.000,1.0,1,1.0
283,30,577.000,395.000,8.000,5.000,1.0,1,1.0
284,30,577.000,395.000,8.000,5.000,1.0,1,1.0
285,30,577.000,395.000,8.000,5.000,1.0,1,1.0
286,30,577.000,395.000,8.000,5.000,1.0,1,1.0
287,30,577.000,395.000,8.000,5.000,1.0,1,1.0
288,30,577.000,395.000,8.000,5.000,1.0,1,1.0
289,30,577.000,395.000,8.000,5.000,1.0,1,1.0
290,30,577.000,395.000,8.000,5.000,1.0,1,1.0
291,30,577.000,395.000,8.000,5.000,1.0,1,1.0
292,30,577.000,395.000,7.000,5.000,1.0,1,1.0
293,30,577.000,395.000,7.000,5.000,1.0,1,1.0
294,30,577.000,395.000,7.000,5.000,1.0,1,1.0
295,30,577.000,395.000,7.000,5.000,1.0,1,1.0
296,30,577.000,395.000,7.000,5.000,1.0,1,1.0
297,30,577.000,395.000,8.000,5.000,1.0,1,1.0
298,30,577.000,395.000,7.000,5.000,1.0,1,1.0
299,30,577.000,395.000,7.000,5.000,1.0,1,1.0
300,30,578.000,396.000,7.000,4.000,1.0,1,1.0
301,30,577.000,396.000,8.000,4.000,1.0,1,1.0
302,30,577.000,396.000,8.000,4.000,1.0,1,1.0
303,30,577.000,396.000,8.000,4.000,1.0,1,1.0
304,30,577.000,396.000,8.000,4.000,1.0,1,1.0
305,30,577.000,396.000,8.000,4.000,1.0,1,1.0
306,30,577.000,396.000,8.000,4.000,1.0,1,1.0
307,30,577.000,396.000,8.000,4.000,1.0,1,1.0
308,30,577.000,396.000,8.000,4.000,1.0,1,1.0
309,30,577.000,396.000,8.000,4.000,1.0,1,1.0
310,30,577.000,396.000,8.000,4.000,1.0,1,1.0
311,30,577.000,396.000,8.000,4.000,1.0,1,1.0
312,30,577.000,396.000,8.000,4.000,1.0,1,1.0
313,30,577.000,396.000,8.000,4.000,1.0,1,1.0
314,30,577.000,396.000,8.000,4.000,1.0,1,1.0
315,30,577.000,396.000,8.000,4.000,1.0,1,1.0
316,30,577.000,396.000,8.000,4.000,1.0,1,1.0
317,30,577.000,396.000,8.000,4.000,1.0,1,1.0
318,30,577.000,396.000,8.000,4.000,1.0,1,1.0
319,30,577.000,396.000,8.000,4.000,1.0,1,1.0
320,30,577.000,396.000,8.000,4.000,1.0,1,1.0
321,30,577.000,396.000,8.000,4.000,1.0,1,1.0
322,30,577.000,396.000,8.000,4.000,1.0,1,1.0
323,30,577.000,396.000,8.000,4.000,1.0,1,1.0
324,30,577.000,396.000,8.000,4.000,1.0,1,1.0
15,21,278.000,394.000,4.000,4.000,1.0,1,1.0
16,21,280.000,394.000,4.000,4.000,1.0,1,1.0
17,21,282.000,394.000,5.000,3.000,1.0,1,1.0
18,21,283.000,394.000,6.000,3.000,1.0,1,1.0
19,21,286.000,393.000,6.000,4.000,1.0,1,1.0
20,21,288.000,392.000,7.000,4.000,1.0,1,1.0
21,21,291.000,391.000,7.000,5.000,1.0,1,1.0
22,21,293.000,390.000,7.000,5.000,1.0,1,1.0
23,21,296.000,390.000,7.000,4.000,1.0,1,1.0
24,21,299.000,389.000,7.000,4.000,1.0,1,1.0
25,21,303.000,389.000,6.000,4.000,1.0,1,1.0
26,21,307.000,389.000,7.000,4.000,1.0,1,1.0
27,21,311.000,390.000,7.000,4.000,1.0,1,1.0
28,21,315.000,391.000,7.000,5.000,1.0,1,1.0
29,21,319.000,393.000,7.000,4.000,1.0,1,1.0
30,21,322.000,393.000,7.000,5.000,1.0,1,1.0
31,21,324.000,394.000,7.000,4.000,1.0,1,1.0
32,21,326.000,394.000,8.000,4.000,1.0,1,1.0
33,21,328.000,394.000,8.000,3.000,1.0,1,1.0
34,21,331.000,394.000,8.000,3.000,1.0,1,1.0
35,21,334.000,393.000,8.000,4.000,1.0,1,1.0
36,21,337.000,392.000,8.000,4.000,1.0,1,1.0
37,21,336.000,392.000,7.000,5.000,1.0,1,1.0
38,21,337.000,393.000,6.000,3.000,1.0,1,1.0
39,21,338.000,393.000,6.000,4.000,1.0,1,1.0
40,21,339.000,394.000,5.000,3.000,1.0,1,1.0
41,21,340.000,394.000,5.000,4.000,1.0,1,1.0
42,21,340.000,394.000,5.000,4.000,1.0,1,1.0
43,21,340.000,394.000,4.000,4.000,1.0,1,1.0
44,21,339.000,394.000,4.000,4.000,1.0,1,1.0
45,21,339.000,394.000,4.000,4.000,1.0,1,1.0
46,21,339.000,394.000,4.000,4.000,1.0,1,1.0
47,21,338.000,393.000,5.000,5.000,1.0,1,1.0
48,21,338.000,393.000,5.000,4.000,1.0,1,1.0
49,21,337.000,394.000,6.000,3.000,1.0,1,1.0
50,21,337.000,393.000,6.000,4.000,1.0,1,1.0
51,21,337.000,393.000,6.000,4.000,1.0,1,1.0
52,21,338.000,393.000,6.000,4.000,1.0,1,1.0
53,21,339.000,393.000,6.000,4.000,1.0,1,1.0
54,21,341.000,393.000,4.000,4.000,1.0,1,1.0
55,21,341.000,393.000,4.000,5.000,1.0,1,1.0
56,21,341.000,393.000,4.000,5.000,1.0,1,1.0
57,21,341.000,393.000,4.000,5.000,1.0,1,1.0
58,21,341.000,393.000,3.000,4.000,1.0,1,1.0
59,21,340.000,393.000,4.000,4.000,1.0,1,1.0
60,21,339.000,393.000,5.000,4.000,1.0,1,1.0
61,21,336.000,393.000,6.000,4.000,1.0,1,1.0
62,21,333.000,394.000,7.000,3.000,1.0,1,1.0
63,21,331.000,394.000,7.000,3.000,1.0,1,1.0
64,21,328.000,394.000,7.000,4.000,1.0,1,1.0
65,21,325.000,394.000,7.000,4.000,1.0,1,1.0
66,21,322.000,394.000,7.000,4.000,1.0,1,1.0
67,21,318.000,394.000,8.000,4.000,1.0,1,1.0
68,21,316.000,394.000,9.000,5.000,1.0,1,1.0
69,21,314.000,393.000,7.000,5.000,1.0,1,1.0
70,21,311.000,393.000,8.000,5.000,1.0,1,1.0
73,21,301.000,394.000,7.000,5.000,1.0,1,1.0
74,21,300.000,394.000,6.000,5.000,1.0,1,1.0
75,21,298.000,394.000,7.000,5.000,1.0,1,1.0
76,21,297.000,394.000,7.000,4.000,1.0,1,1.0
77,21,296.000,394.000,7.000,4.000,1.0,1,1.0
78,21,295.000,394.000,7.000,4.000,1.0,1,1.0
79,21,295.000,394.000,7.000,4.000,1.0,1,1.0
80,21,295.000,394.000,6.000,4.000,1.0,1,1.0
81,21,294.000,394.000,7.000,4.000,1.0,1,1.0
82,21,293.000,394.000,7.000,4.000,1.0,1,1.0
83,21,293.000,394.000,7.000,4.000,1.0,1,1.0
84,21,292.000,394.000,7.000,4.000,1.0,1,1.0
85,21,291.000,394.000,7.000,4.000,1.0,1,1.0
86,21,291.000,394.000,7.000,4.000,1.0,1,1.0
87,21,284.000,387.000,9.000,6.000,1.0,1,1.0
88,21,282.000,386.000,6.000,6.000,1.0,1,1.0
89,21,283.000,391.000,4.000,8.000,1.0,1,1.0
90,21,282.000,390.000,4.000,9.000,1.0,1,1.0
91,21,282.000,388.000,3.000,9.000,1.0,1,1.0
92,21,281.000,385.000,4.000,9.000,1.0,1,1.0
93,21,281.000,383.000,4.000,8.000,1.0,1,1.0
94,21,280.000,380.000,4.000,9.000,1.0,1,1.0
95,21,280.000,379.000,4.000,8.000,1.0,1,1.0
96,21,281.000,378.000,4.000,8.000,1.0,1,1.0
97,21,282.000,379.000,6.000,6.000,1.0,1,1.0
98,21,283.000,378.000,7.000,6.000,1.0,1,1.0
99,21,286.000,378.000,7.000,5.000,1.0,1,1.0
100,21,288.000,378.000,8.000,5.000,1.0,1,1.0
101,21,291.000,378.000,8.000,4.000,1.0,1,1.0
102,21,294.000,377.000,8.000,4.000,1.0,1,1.0
103,21,297.000,375.000,8.000,5.000,1.0,1,1.0
104,21,301.000,374.000,7.000,5.000,1.0,1,1.0
105,21,304.000,374.000,8.000,4.000,1.0,1,1.0
106,21,308.000,374.000,8.000,3.000,1.0,1,1.0
107,21,311.000,374.000,8.000,4.000,1.0,1,1.0
108,21,314.000,375.000,8.000,4.000,1.0,1,1.0
109,21,317.000,376.000,8.000,4.000,1.0,1,1.0
110,21,320.000,376.000,7.000,3.000,1.0,1,1.0
111,21,322.000,376.000,8.000,3.000,1.0,1,1.0
112,21,325.000,376.000,7.000,4.000,1.0,1,1.0
113,21,327.000,376.000,8.000,3.000,1.0,1,1.0
114,21,330.000,375.000,7.000,4.000,1.0,1,1.0
115,21,332.000,374.000,7.000,3.000,1.0,1,1.0
116,21,334.000,372.000,6.000,5.000,1.0,1,1.0
117,21,335.000,371.000,7.000,5.000,1.0,1,1.0
118,21,337.000,370.000,6.000,5.000,1.0,1,1.0
119,21,338.000,369.000,5.000,5.000,1.0,1,1.0
120,21,339.000,369.000,5.000,5.000,1.0,1,1.0
121,21,339.000,368.000,5.000,5.000,1.0,1,1.0
122,21,340.000,367.000,5.000,5.000,1.0,1,1.0
123,21,341.000,364.000,4.000,7.000,1.0,1,1.0
124,21,341.000,361.000,4.000,7.000,1.0,1,1.0
125,21,341.000,357.000,4.000,8.000,1.0,1,1.0
126,21,341.000,354.000,4.000,8.000,1.0,1,1.0
127,21,342.000,351.000,4.000,7.000,1.0,1,1.0
128,21,342.000,347.000,4.000,8.000,1.0,1,1.0
129,21,342.000,343.000,3.000,8.000,1.0,1,1.0
130,21,341.000,339.000,4.000,8.000,1.0,1,1.0
131,21,342.000,335.000,3.000,8.000,1.0,1,1.0
132,21,342.000,332.000,3.000,8.000,1.0,1,1.0
133,21,342.000,327.000,3.000,9.000,1.0,1,1.0
134,21,342.000,324.000,3.000,8.000,1.0,1,1.0
135,21,341.000,321.000,4.000,8.000,1.0,1,1.0
136,21,342.000,317.000,3.000,8.000,1.0,1,1.0
137,21,342.000,314.000,3.000,7.000,1.0,1,1.0
138,21,342.000,309.000,3.000,8.000,1.0,1,1.0
139,21,342.000,306.000,3.000,7.000,1.0,1,1.0
140,21,342.000,303.000,3.000,7.000,1.0,1,1.0
141,21,341.000,299.000,4.000,7.000,1.0,1,1.0
142,21,341.000,295.000,3.000,8.000,1.0,1,1.0
143,21,341.000,291.000,3.000,8.000,1.0,1,1.0
144,21,341.000,288.000,3.000,8.000,1.0,1,1.0
145,21,341.000,285.000,3.000,7.000,1.0,1,1.0
146,21,340.000,280.000,4.000,8.000,1.0,1,1.0
147,21,340.000,276.000,3.000,8.000,1.0,1,1.0
148,21,340.000,272.000,3.000,8.000,1.0,1,1.0
149,21,340.000,269.000,3.000,8.000,1.0,1,1.0
150,21,339.000,265.000,4.000,8.000,1.0,1,1.0
151,21,339.000,263.000,3.000,8.000,1.0,1,1.0
152,21,339.000,260.000,3.000,7.000,1.0,1,1.0
153,21,338.000,258.000,4.000,7.000,1.0,1,1.0
154,21,337.000,255.000,4.000,8.000,1.0,1,1.0
155,21,336.000,253.000,4.000,7.000,1.0,1,1.0
156,21,336.000,251.000,3.000,7.000,1.0,1,1.0
157,21,335.000,249.000,4.000,7.000,1.0,1,1.0
158,21,334.000,246.000,3.000,7.000,1.0,1,1.0
159,21,333.000,243.000,4.000,8.000,1.0,1,1.0
160,21,332.000,241.000,3.000,7.000,1.0,1,1.0
161,21,331.000,238.000,4.000,7.000,1.0,1,1.0
162,21,330.000,236.000,4.000,7.000,1.0,1,1.0
163,21,329.000,234.000,4.000,7.000,1.0,1,1.0
164,21,327.000,231.000,5.000,8.000,1.0,1,1.0
165,21,326.000,229.000,5.000,8.000,1.0,1,1.0
166,21,325.000,228.000,4.000,7.000,1.0,1,1.0
167,21,322.000,228.000,6.000,6.000,1.0,1,1.0
168,21,319.000,227.000,6.000,6.000,1.0,1,1.0
169,21,316.000,225.000,6.000,6.000,1.0,1,1.0
170,21,314.000,224.000,6.000,5.000,1.0,1,1.0
171,21,312.000,222.000,6.000,6.000,1.0,1,1.0
172,21,312.000,219.000,5.000,8.000,1.0,1,1.0
173,21,313.000,216.000,4.000,8.000,1.0,1,1.0
174,21,314.000,214.000,3.000,8.000,1.0,1,1.0
175,21,315.000,212.000,4.000,7.000,1.0,1,1.0
176,21,316.000,209.000,4.000,8.000,1.0,1,1.0
177,21,317.000,206.000,4.000,8.000,1.0,1,1.0
178,21,318.000,204.000,6.000,7.000,1.0,1,1.0
179,21,320.000,201.000,5.000,8.000,1.0,1,1.0
180,21,322.000,199.000,6.000,7.000,1.0,1,1.0
181,21,324.000,197.000,6.000,7.000,1.0,1,1.0
182,21,326.000,194.000,5.000,7.000,1.0,1,1.0
183,21,328.000,192.000,5.000,8.000,1.0,1,1.0
184,21,329.000,190.000,6.000,7.000,1.0,1,1.0
185,21,331.000,188.000,5.000,8.000,1.0,1,1.0
186,21,332.000,186.000,5.000,8.000,1.0,1,1.0
187,21,333.000,184.000,5.000,8.000,1.0,1,1.0
188,21,334.000,182.000,4.000,7.000,1.0,1,1.0
189,21,335.000,178.000,4.000,8.000,1.0,1,1.0
190,21,335.000,175.000,4.000,8.000,1.0,1,1.0
191,21,335.000,172.000,4.000,8.000,1.0,1,1.0
192,21,335.000,169.000,4.000,8.000,1.0,1,1.0
193,21,335.000,166.000,4.000,8.000,1.0,1,1.0
194,21,335.000,162.000,3.000,7.000,1.0,1,1.0
195,21,334.000,159.000,4.000,7.000,1.0,1,1.0
196,21,333.000,156.000,4.000,7.000,1.0,1,1.0
197,21,332.000,152.000,4.000,8.000,1.0,1,1.0
198,21,331.000,149.000,4.000,8.000,1.0,1,1.0
199,21,330.000,146.000,4.000,8.000,1.0,1,1.0
200,21,329.000,143.000,4.000,7.000,1.0,1,1.0
201,21,328.000,140.000,4.000,7.000,1.0,1,1.0
202,21,327.000,137.000,4.000,7.000,1.0,1,1.0
203,21,325.000,133.000,4.000,9.000,1.0,1,1.0
204,21,323.000,130.000,5.000,8.000,1.0,1,1.0
205,21,322.000,126.000,5.000,8.000,1.0,1,1.0
206,21,321.000,123.000,5.000,8.000,1.0,1,1.0
207,21,320.000,120.000,5.000,8.000,1.0,1,1.0
208,21,319.000,116.000,5.000,8.000,1.0,1,1.0
209,21,319.000,113.000,5.000,8.000,1.0,1,1.0
210,21,319.000,112.000,4.000,8.000,1.0,1,1.0
211,21,320.000,112.000,3.000,8.000,1.0,1,1.0
212,21,319.000,112.000,4.000,8.000,1.0,1,1.0
213,21,319.000,112.000,4.000,8.000,1.0,1,1.0
214,21,319.000,110.000,4.000,9.000,1.0,1,1.0
215,21,319.000,108.000,4.000,8.000,1.0,1,1.0
216,21,318.000,105.000,4.000,8.000,1.0,1,1.0
217,21,317.000,102.000,4.000,8.000,1.0,1,1.0
218,21,316.000,99.000,4.000,8.000,1.0,1,1.0
219,21,315.000,95.000,4.000,9.000,1.0,1,1.0
220,21,314.000,92.000,4.000,8.000,1.0,1,1.0
221,21,313.000,89.000,4.000,8.000,1.0,1,1.0
222,21,312.000,86.000,4.000,8.000,1.0,1,1.0
223,21,311.000,82.000,4.000,8.000,1.0,1,1.0
224,21,310.000,79.000,4.000,9.000,1.0,1,1.0
225,21,309.000,77.000,4.000,8.000,1.0,1,1.0
226,21,308.000,74.000,4.000,9.000,1.0,1,1.0
227,21,307.000,72.000,4.000,8.000,1.0,1,1.0
228,21,306.000,69.000,4.000,9.000,1.0,1,1.0
229,21,305.000,66.000,4.000,9.000,1.0,1,1.0
230,21,304.000,63.000,4.000,8.000,1.0,1,1.0
231,21,303.000,60.000,4.000,7.000,1.0,1,1.0
232,21,303.000,56.000,4.000,8.000,1.0,1,1.0
233,21,303.000,53.000,4.000,8.000,1.0,1,1.0
234,21,303.000,50.000,4.000,8.000,1.0,1,1.0
235,21,304.000,46.000,3.000,8.000,1.0,1,1.0
236,21,305.000,43.000,4.000,8.000,1.0,1,1.0
237,21,306.000,41.000,4.000,7.000,1.0,1,1.0
238,21,307.000,38.000,4.000,8.000,1.0,1,1.0
239,21,308.000,35.000,4.000,8.000,1.0,1,1.0
240,21,308.000,34.000,4.000,7.000,1.0,1,1.0
241,21,308.000,31.000,5.000,7.000,1.0,1,1.0
242,21,309.000,30.000,5.000,5.000,1.0,1,1.0
32,2,18.000,264.000,4.000,8.000,1.0,1,1.0
33,2,18.000,262.000,4.000,8.000,1.0,1,1.0
34,2,19.000,260.000,4.000,9.000,1.0,1,1.0
35,2,19.000,258.000,4.000,9.000,1.0,1,1.0
36,2,19.000,256.000,4.000,9.000,1.0,1,1.0
37,2,18.000,252.000,4.000,9.000,1.0,1,1.0
38,2,18.000,249.000,3.000,9.000,1.0,1,1.0
48,2,18.000,215.000,4.000,9.000,1.0,1,1.0
49,2,18.000,211.000,4.000,8.000,1.0,1,1.0
50,2,20.000,208.000,4.000,7.000,1.0,1,1.0
51,2,20.000,205.000,4.000,8.000,1.0,1,1.0
52,2,22.000,202.000,4.000,8.000,1.0,1,1.0
53,2,23.000,199.000,4.000,8.000,1.0,1,1.0
54,2,25.000,197.000,4.000,8.000,1.0,1,1.0
55,2,26.000,194.000,5.000,8.000,1.0,1,1.0
56,2,28.000,192.000,6.000,7.000,1.0,1,1.0
57,2,31.000,190.000,6.000,7.000,1.0,1,1.0
58,2,33.000,188.000,7.000,6.000,1.0,1,1.0
59,2,35.000,185.000,7.000,6.000,1.0,1,1.0
60,2,39.000,182.000,7.000,6.000,1.0,1,1.0
61,2,41.000,179.000,7.000,7.000,1.0,1,1.0
62,2,43.000,178.000,5.000,7.000,1.0,1,1.0
63,2,43.000,177.000,7.000,6.000,1.0,1,1.0
64,2,46.000,173.000,4.000,9.000,1.0,1,1.0
65,2,46.000,170.000,3.000,8.000,1.0,1,1.0
66,2,45.000,166.000,3.000,9.000,1.0,1,1.0
67,2,44.000,163.000,3.000,8.000,1.0,1,1.0
68,2,43.000,159.000,4.000,8.000,1.0,1,1.0
69,2,43.000,155.000,3.000,9.000,1.0,1,1.0
70,2,43.000,151.000,4.000,9.000,1.0,1,1.0
71,2,43.000,149.000,3.000,8.000,1.0,1,1.0
72,2,43.000,146.000,3.000,8.000,1.0,1,1.0
73,2,43.000,143.000,3.000,9.000,1.0,1,1.0
74,2,44.000,140.000,3.000,9.000,1.0,1,1.0
75,2,45.000,136.000,3.000,9.000,1.0,1,1.0
76,2,45.000,133.000,4.000,8.000,1.0,1,1.0
77,2,46.000,129.000,4.000,8.000,1.0,1,1.0
78,2,47.000,125.000,4.000,9.000,1.0,1,1.0
79,2,48.000,121.000,5.000,9.000,1.0,1,1.0
80,2,50.000,117.000,5.000,9.000,1.0,1,1.0
81,2,51.000,114.000,5.000,8.000,1.0,1,1.0
82,2,53.000,110.000,4.000,8.000,1.0,1,1.0
83,2,54.000,106.000,5.000,8.000,1.0,1,1.0
84,2,56.000,102.000,4.000,9.000,1.0,1,1.0
85,2,57.000,98.000,4.000,9.000,1.0,1,1.0
86,2,58.000,94.000,5.000,8.000,1.0,1,1.0
87,2,59.000,91.000,4.000,8.000,1.0,1,1.0
88,2,61.000,87.000,4.000,8.000,1.0,1,1.0
89,2,61.000,83.000,4.000,8.000,1.0,1,1.0
90,2,63.000,80.000,3.000,8.000,1.0,1,1.0
91,2,63.000,77.000,4.000,8.000,1.0,1,1.0
92,2,64.000,73.000,4.000,9.000,1.0,1,1.0
93,2,64.000,72.000,3.000,8.000,1.0,1,1.0
94,2,63.000,70.000,4.000,8.000,1.0,1,1.0
95,2,63.000,68.000,3.000,7.000,1.0,1,1.0
96,2,61.000,65.000,4.000,8.000,1.0,1,1.0
97,2,59.000,63.000,5.000,8.000,1.0,1,1.0
98,2,58.000,61.000,5.000,7.000,1.0,1,1.0
99,2,56.000,58.000,5.000,7.000,1.0,1,1.0
100,2,54.000,54.000,5.000,8.000,1.0,1,1.0
101,2,52.000,51.000,5.000,8.000,1.0,1,1.0
102,2,50.000,48.000,5.000,8.000,1.0,1,1.0
103,2,49.000,45.000,4.000,7.000,1.0,1,1.0
104,2,47.000,41.000,5.000,8.000,1.0,1,1.0
105,2,46.000,38.000,4.000,8.000,1.0,1,1.0
106,2,44.000,36.000,5.000,7.000,1.0,1,1.0
107,2,42.000,32.000,7.000,8.000,1.0,1,1.0
108,2,41.000,31.000,6.000,8.000,1.0,1,1.0
148,34,551.000,27.000,4.000,4.000,1.0,1,1.0
221,34,603.000,33.000,6.000,8.000,1.0,1,1.0
222,34,604.000,33.000,6.000,9.000,1.0,1,1.0
223,34,603.000,33.000,7.000,9.000,1.0,1,1.0
224,34,604.000,33.000,6.000,9.000,1.0,1,1.0
225,34,604.000,33.000,6.000,9.000,1.0,1,1.0
226,34,603.000,33.000,7.000,9.000,1.0,1,1.0
227,34,603.000,33.000,7.000,9.000,1.0,1,1.0
228,34,603.000,33.000,7.000,9.000,1.0,1,1.0
229,34,604.000,33.000,6.000,7.000,1.0,1,1.0
1,31,538.000,367.000,5.000,7.000,1.0,1,1.0
2,31,539.000,367.000,4.000,7.000,1.0,1,1.0
3,31,538.000,367.000,5.000,7.000,1.0,1,1.0
4,31,539.000,367.000,4.000,7.000,1.0,1,1.0
5,31,538.000,365.000,5.000,8.000,1.0,1,1.0
6,31,539.000,363.000,4.000,8.000,1.0,1,1.0
7,31,539.000,361.000,4.000,8.000,1.0,1,1.0
8,31,539.000,359.000,4.000,9.000,1.0,1,1.0
9,31,539.000,358.000,4.000,9.000,1.0,1,1.0
10,31,539.000,357.000,4.000,9.000,1.0,1,1.0
11,31,539.000,354.000,4.000,8.000,1.0,1,1.0
12,31,539.000,351.000,3.000,9.000,1.0,1,1.0
13,31,539.000,348.000,4.000,8.000,1.0,1,1.0
14,31,539.000,346.000,3.000,8.000,1.0,1,1.0
15,31,539.000,345.000,3.000,8.000,1.0,1,1.0
16,31,539.000,344.000,3.000,9.000,1.0,1,1.0
17,31,539.000,344.000,3.000,9.000,1.0,1,1.0
18,31,539.000,344.000,3.000,9.000,1.0,1,1.0
19,31,539.000,344.000,3.000,9.000,1.0,1,1.0
20,31,539.000,344.000,3.000,8.000,1.0,1,1.0
21,31,539.000,344.000,3.000,8.000,1.0,1,1.0
22,31,539.000,344.000,3.000,8.000,1.0,1,1.0
23,31,539.000,344.000,3.000,8.000,1.0,1,1.0
24,31,538.000,343.000,4.000,8.000,1.0,1,1.0
25,31,538.000,341.000,4.000,8.000,1.0,1,1.0
26,31,538.000,339.000,4.000,8.000,1.0,1,1.0
27,31,539.000,336.000,3.000,9.000,1.0,1,1.0
28,31,538.000,334.000,4.000,9.000,1.0,1,1.0
29,31,538.000,331.000,4.000,9.000,1.0,1,1.0
30,31,538.000,327.000,4.000,9.000,1.0,1,1.0
31,31,539.000,324.000,3.000,8.000,1.0,1,1.0
32,31,539.000,321.000,3.000,9.000,1.0,1,1.0
33,31,539.000,318.000,4.000,9.000,1.0,1,1.0
34,31,540.000,316.000,3.000,9.000,1.0,1,1.0
35,31,540.000,313.000,3.000,9.000,1.0,1,1.0
36,31,541.000,310.000,3.000,9.000,1.0,1,1.0
37,31,541.000,307.000,4.000,9.000,1.0,1,1.0
38,31,542.000,305.000,4.000,8.000,1.0,1,1.0
39,31,542.000,304.000,5.000,8.000,1.0,1,1.0
40,31,543.000,303.000,4.000,8.000,1.0,1,1.0
41,31,543.000,303.000,4.000,8.000,1.0,1,1.0
42,31,543.000,303.000,4.000,7.000,1.0,1,1.0
43,31,543.000,303.000,4.000,7.000,1.0,1,1.0
44,31,543.000,303.000,4.000,7.000,1.0,1,1.0
45,31,543.000,303.000,4.000,7.000,1.0,1,1.0
46,31,543.000,302.000,3.000,8.000,1.0,1,1.0
47,31,543.000,300.000,3.000,8.000,1.0,1,1.0
48,31,543.000,298.000,3.000,8.000,1.0,1,1.0
49,31,543.000,295.000,4.000,9.000,1.0,1,1.0
50,31,544.000,293.000,3.000,9.000,1.0,1,1.0
51,31,544.000,290.000,3.000,9.000,1.0,1,1.0
52,31,544.000,287.000,3.000,9.000,1.0,1,1.0
53,31,544.000,284.000,3.000,8.000,1.0,1,1.0
54,31,544.000,281.000,3.000,8.000,1.0,1,1.0
55,31,544.000,277.000,3.000,9.000,1.0,1,1.0
56,31,545.000,274.000,3.000,9.000,1.0,1,1.0
57,31,545.000,270.000,4.000,9.000,1.0,1,1.0
58,31,546.000,268.000,4.000,7.000,1.0,1,1.0
59,31,547.000,265.000,4.000,7.000,1.0,1,1.0
60,31,548.000,262.000,5.000,8.000,1.0,1,1.0
61,31,549.000,260.000,5.000,9.000,1.0,1,1.0
62,31,550.000,259.000,4.000,8.000,1.0,1,1.0
63,31,551.000,258.000,4.000,9.000,1.0,1,1.0
64,31,552.000,256.000,4.000,8.000,1.0,1,1.0
65,31,553.000,255.000,4.000,8.000,1.0,1,1.0
66,31,553.000,253.000,5.000,8.000,1.0,1,1.0
67,31,554.000,252.000,4.000,8.000,1.0,1,1.0
68,31,555.000,250.000,5.000,8.000,1.0,1,1.0
69,31,556.000,247.000,5.000,9.000,1.0,1,1.0
70,31,557.000,245.000,4.000,9.000,1.0,1,1.0
71,31,558.000,243.000,5.000,8.000,1.0,1,1.0
72,31,559.000,241.000,4.000,8.000,1.0,1,1.0
73,31,560.000,238.000,4.000,8.000,1.0,1,1.0
74,31,561.000,234.000,4.000,9.000,1.0,1,1.0
75,31,562.000,231.000,4.000,8.000,1.0,1,1.0
76,31,563.000,228.000,4.000,8.000,1.0,1,1.0
77,31,564.000,224.000,4.000,9.000,1.0,1,1.0
78,31,565.000,221.000,4.000,9.000,1.0,1,1.0
79,31,567.000,218.000,4.000,9.000,1.0,1,1.0
80,31,568.000,215.000,4.000,8.000,1.0,1,1.0
81,31,570.000,212.000,4.000,8.000,1.0,1,1.0
82,31,571.000,209.000,5.000,8.000,1.0,1,1.0
83,31,573.000,206.000,5.000,8.000,1.0,1,1.0
84,31,574.000,203.000,5.000,8.000,1.0,1,1.0
85,31,577.000,200.000,4.000,7.000,1.0,1,1.0
86,31,578.000,196.000,4.000,8.000,1.0,1,1.0
87,31,579.000,194.000,4.000,7.000,1.0,1,1.0
88,31,580.000,191.000,4.000,8.000,1.0,1,1.0
89,31,581.000,187.000,4.000,8.000,1.0,1,1.0
90,31,582.000,184.000,4.000,8.000,1.0,1,1.0
91,31,583.000,181.000,4.000,8.000,1.0,1,1.0
92,31,583.000,180.000,4.000,8.000,1.0,1,1.0
93,31,584.000,178.000,4.000,8.000,1.0,1,1.0
94,31,585.000,176.000,3.000,8.000,1.0,1,1.0
95,31,585.000,173.000,4.000,9.000,1.0,1,1.0
96,31,586.000,171.000,3.000,8.000,1.0,1,1.0
97,31,586.000,170.000,4.000,8.000,1.0,1,1.0
98,31,586.000,169.000,3.000,9.000,1.0,1,1.0
99,31,586.000,169.000,3.000,9.000,1.0,1,1.0
100,31,586.000,170.000,4.000,8.000,1.0,1,1.0
101,31,586.000,169.000,4.000,9.000,1.0,1,1.0
102,31,587.000,166.000,3.000,9.000,1.0,1,1.0
103,31,587.000,163.000,3.000,9.000,1.0,1,1.0
104,31,587.000,160.000,3.000,8.000,1.0,1,1.0
105,31,587.000,157.000,3.000,8.000,1.0,1,1.0
106,31,588.000,153.000,3.000,9.000,1.0,1,1.0
107,31,588.000,150.000,3.000,9.000,1.0,1,1.0
108,31,589.000,146.000,2.000,9.000,1.0,1,1.0
109,31,589.000,142.000,2.000,8.000,1.0,1,1.0
110,31,589.000,138.000,3.000,9.000,1.0,1,1.0
111,31,589.000,134.000,3.000,9.000,1.0,1,1.0
112,31,589.000,131.000,3.000,9.000,1.0,1,1.0
113,31,589.000,129.000,3.000,9.000,1.0,1,1.0
114,31,589.000,125.000,3.000,9.000,1.0,1,1.0
115,31,589.000,122.000,3.000,8.000,1.0,1,1.0
116,31,587.000,118.000,4.000,9.000,1.0,1,1.0
117,31,586.000,115.000,4.000,8.000,1.0,1,1.0
118,31,585.000,112.000,4.000,8.000,1.0,1,1.0
119,31,583.000,108.000,5.000,8.000,1.0,1,1.0
120,31,583.000,105.000,4.000,8.000,1.0,1,1.0
121,31,581.000,102.000,5.000,9.000,1.0,1,1.0
122,31,580.000,99.000,4.000,8.000,1.0,1,1.0
123,31,579.000,97.000,4.000,8.000,1.0,1,1.0
124,31,579.000,94.000,4.000,8.000,1.0,1,1.0
125,31,578.000,91.000,4.000,8.000,1.0,1,1.0
126,31,577.000,88.000,4.000,8.000,1.0,1,1.0
127,31,576.000,85.000,4.000,8.000,1.0,1,1.0
128,31,575.000,82.000,4.000,8.000,1.0,1,1.0
129,31,574.000,79.000,4.000,8.000,1.0,1,1.0
130,31,573.000,76.000,4.000,9.000,1.0,1,1.0
131,31,572.000,74.000,4.000,8.000,1.0,1,1.0
132,31,571.000,71.000,4.000,9.000,1.0,1,1.0
133,31,570.000,69.000,4.000,8.000,1.0,1,1.0
134,31,569.000,67.000,4.000,8.000,1.0,1,1.0
135,31,569.000,65.000,4.000,8.000,1.0,1,1.0
136,31,568.000,63.000,5.000,9.000,1.0,1,1.0
137,31,568.000,62.000,4.000,8.000,1.0,1,1.0
138,31,567.000,60.000,4.000,8.000,1.0,1,1.0
139,31,566.000,58.000,5.000,9.000,1.0,1,1.0
140,31,564.000,57.000,6.000,9.000,1.0,1,1.0
141,31,565.000,55.000,5.000,8.000,1.0,1,1.0
142,31,563.000,52.000,9.000,8.000,1.0,1,1.0
143,31,569.000,49.000,4.000,8.000,1.0,1,1.0
144,31,570.000,46.000,5.000,7.000,1.0,1,1.0
145,31,572.000,43.000,4.000,7.000,1.0,1,1.0
146,31,573.000,40.000,4.000,7.000,1.0,1,1.0
147,31,574.000,36.000,4.000,9.000,1.0,1,1.0
148,31,576.000,33.000,4.000,8.000,1.0,1,1.0
149,31,576.000,28.000,5.000,9.000,1.0,1,1.0
150,31,577.000,28.000,4.000,6.000,1.0,1,1.0
1,28,542.000,310.000,5.000,7.000,1.0,1,1.0
2,28,542.000,310.000,5.000,7.000,1.0,1,1.0
3,28,542.000,309.000,5.000,8.000,1.0,1,1.0
4,28,542.000,310.000,5.000,8.000,1.0,1,1.0
5,28,542.000,311.000,6.000,6.000,1.0,1,1.0
6,28,542.000,312.000,8.000,4.000,1.0,1,1.0
7,28,543.000,311.000,8.000,4.000,1.0,1,1.0
8,28,544.000,312.000,8.000,3.000,1.0,1,1.0
9,28,546.000,312.000,7.000,4.000,1.0,1,1.0
10,28,548.000,312.000,7.000,5.000,1.0,1,1.0
11,28,551.000,313.000,7.000,6.000,1.0,1,1.0
12,28,553.000,316.000,8.000,6.000,1.0,1,1.0
13,28,555.000,317.000,8.000,6.000,1.0,1,1.0
14,28,556.000,317.000,7.000,7.000,1.0,1,1.0
15,28,555.000,317.000,7.000,7.000,1.0,1,1.0
16,28,555.000,317.000,8.000,7.000,1.0,1,1.0
17,28,555.000,317.000,8.000,7.000,1.0,1,1.0
18,28,555.000,317.000,7.000,7.000,1.0,1,1.0
19,28,555.000,317.000,8.000,7.000,1.0,1,1.0
20,28,556.000,317.000,7.000,7.000,1.0,1,1.0
21,28,556.000,317.000,7.000,7.000,1.0,1,1.0
22,28,557.000,319.000,6.000,8.000,1.0,1,1.0
23,28,559.000,321.000,5.000,9.000,1.0,1,1.0
24,28,559.000,324.000,5.000,8.000,1.0,1,1.0
25,28,560.000,327.000,6.000,9.000,1.0,1,1.0
26,28,562.000,331.000,4.000,8.000,1.0,1,1.0
27,28,563.000,335.000,4.000,9.000,1.0,1,1.0
28,28,564.000,338.000,4.000,8.000,1.0,1,1.0
29,28,564.000,338.000,4.000,9.000,1.0,1,1.0
30,28,561.000,339.000,6.000,8.000,1.0,1,1.0
31,28,560.000,339.000,6.000,7.000,1.0,1,1.0
32,28,558.000,339.000,7.000,6.000,1.0,1,1.0
33,28,556.000,339.000,7.000,6.000,1.0,1,1.0
34,28,554.000,339.000,7.000,6.000,1.0,1,1.0
35,28,552.000,340.000,7.000,5.000,1.0,1,1.0
36,28,549.000,340.000,7.000,5.000,1.0,1,1.0
37,28,547.000,341.000,6.000,5.000,1.0,1,1.0
38,28,545.000,340.000,6.000,6.000,1.0,1,1.0
39,28,543.000,339.000,7.000,5.000,1.0,1,1.0
40,28,542.000,339.000,6.000,4.000,1.0,1,1.0
41,28,540.000,338.000,6.000,4.000,1.0,1,1.0
42,28,539.000,337.000,5.000,4.000,1.0,1,1.0
43,28,538.000,337.000,4.000,4.000,1.0,1,1.0
44,28,537.000,336.000,4.000,4.000,1.0,1,1.0
45,28,537.000,334.000,3.000,5.000,1.0,1,1.0
46,28,536.000,333.000,3.000,5.000,1.0,1,1.0
47,28,535.000,331.000,4.000,6.000,1.0,1,1.0
48,28,536.000,331.000,3.000,5.000,1.0,1,1.0
49,28,536.000,330.000,5.000,5.000,1.0,1,1.0
50,28,536.000,327.000,5.000,6.000,1.0,1,1.0
51,28,537.000,325.000,5.000,6.000,1.0,1,1.0
52,28,538.000,324.000,5.000,6.000,1.0,1,1.0
53,28,539.000,321.000,6.000,7.000,1.0,1,1.0
54,28,540.000,319.000,6.000,6.000,1.0,1,1.0
55,28,541.000,317.000,7.000,7.000,1.0,1,1.0
56,28,543.000,315.000,6.000,7.000,1.0,1,1.0
57,28,544.000,312.000,6.000,7.000,1.0,1,1.0
58,28,545.000,310.000,7.000,7.000,1.0,1,1.0
59,28,547.000,306.000,5.000,8.000,1.0,1,1.0
60,28,548.000,303.000,5.000,9.000,1.0,1,1.0
61,28,549.000,299.000,4.000,9.000,1.0,1,1.0
62,28,550.000,296.000,4.000,8.000,1.0,1,1.0
63,28,551.000,292.000,4.000,9.000,1.0,1,1.0
64,28,552.000,290.000,4.000,8.000,1.0,1,1.0
65,28,553.000,287.000,4.000,8.000,1.0,1,1.0
66,28,553.000,283.000,4.000,9.000,1.0,1,1.0
67,28,553.000,280.000,4.000,9.000,1.0,1,1.0
68,28,554.000,276.000,4.000,9.000,1.0,1,1.0
69,28,555.000,272.000,3.000,9.000,1.0,1,1.0
70,28,555.000,269.000,4.000,9.000,1.0,1,1.0
71,28,555.000,266.000,4.000,9.000,1.0,1,1.0
72,28,555.000,262.000,4.000,9.000,1.0,1,1.0
73,28,555.000,259.000,3.000,9.000,1.0,1,1.0
74,28,555.000,256.000,3.000,9.000,1.0,1,1.0
75,28,554.000,252.000,4.000,9.000,1.0,1,1.0
76,28,553.000,248.000,4.000,9.000,1.0,1,1.0
77,28,551.000,246.000,6.000,8.000,1.0,1,1.0
78,28,548.000,244.000,7.000,8.000,1.0,1,1.0
79,28,547.000,241.000,6.000,8.000,1.0,1,1.0
80,28,545.000,239.000,6.000,8.000,1.0,1,1.0
81,28,544.000,237.000,6.000,8.000,1.0,1,1.0
82,28,542.000,234.000,6.000,9.000,1.0,1,1.0
83,28,541.000,232.000,5.000,8.000,1.0,1,1.0
84,28,540.000,230.000,5.000,7.000,1.0,1,1.0
85,28,539.000,228.000,5.000,8.000,1.0,1,1.0
86,28,538.000,226.000,5.000,8.000,1.0,1,1.0
87,28,537.000,224.000,5.000,8.000,1.0,1,1.0
88,28,536.000,222.000,5.000,8.000,1.0,1,1.0
89,28,536.000,220.000,4.000,8.000,1.0,1,1.0
90,28,536.000,218.000,4.000,8.000,1.0,1,1.0
91,28,536.000,217.000,3.000,7.000,1.0,1,1.0
92,28,535.000,214.000,4.000,8.000,1.0,1,1.0
93,28,535.000,212.000,4.000,8.000,1.0,1,1.0
94,28,535.000,209.000,4.000,7.000,1.0,1,1.0
95,28,535.000,206.000,4.000,7.000,1.0,1,1.0
96,28,535.000,203.000,4.000,8.000,1.0,1,1.0
97,28,535.000,200.000,4.000,8.000,1.0,1,1.0
98,28,535.000,196.000,4.000,8.000,1.0,1,1.0
99,28,535.000,193.000,4.000,7.000,1.0,1,1.0
100,28,536.000,189.000,3.000,8.000,1.0,1,1.0
101,28,535.000,186.000,4.000,8.000,1.0,1,1.0
102,28,536.000,182.000,3.000,8.000,1.0,1,1.0
103,28,536.000,179.000,3.000,8.000,1.0,1,1.0
104,28,536.000,176.000,3.000,8.000,1.0,1,1.0
105,28,536.000,173.000,3.000,8.000,1.0,1,1.0
106,28,536.000,170.000,3.000,8.000,1.0,1,1.0
107,28,536.000,167.000,3.000,8.000,1.0,1,1.0
108,28,536.000,163.000,3.000,8.000,1.0,1,1.0
109,28,536.000,160.000,3.000,8.000,1.0,1,1.0
110,28,536.000,156.000,4.000,8.000,1.0,1,1.0
111,28,536.000,153.000,4.000,8.000,1.0,1,1.0
112,28,537.000,150.000,3.000,8.000,1.0,1,1.0
113,28,537.000,147.000,3.000,8.000,1.0,1,1.0
114,28,537.000,144.000,4.000,8.000,1.0,1,1.0
115,28,538.000,141.000,3.000,8.000,1.0,1,1.0
116,28,538.000,138.000,4.000,8.000,1.0,1,1.0
117,28,538.000,135.000,4.000,9.000,1.0,1,1.0
118,28,539.000,133.000,4.000,8.000,1.0,1,1.0
119,28,540.000,130.000,3.000,8.000,1.0,1,1.0
120,28,540.000,126.000,4.000,9.000,1.0,1,1.0
121,28,541.000,123.000,4.000,9.000,1.0,1,1.0
122,28,541.000,120.000,4.000,8.000,1.0,1,1.0
123,28,542.000,117.000,4.000,8.000,1.0,1,1.0
124,28,543.000,114.000,4.000,7.000,1.0,1,1.0
125,28,544.000,111.000,4.000,8.000,1.0,1,1.0
126,28,545.000,108.000,4.000,8.000,1.0,1,1.0
127,28,546.000,105.000,4.000,8.000,1.0,1,1.0
128,28,546.000,104.000,5.000,8.000,1.0,1,1.0
129,28,546.000,104.000,5.000,8.000,1.0,1,1.0
130,28,546.000,104.000,5.000,8.000,1.0,1,1.0
131,28,546.000,104.000,4.000,8.000,1.0,1,1.0
132,28,546.000,104.000,5.000,8.000,1.0,1,1.0
133,28,546.000,104.000,5.000,8.000,1.0,1,1.0
134,28,546.000,103.000,5.000,8.000,1.0,1,1.0
135,28,547.000,101.000,4.000,8.000,1.0,1,1.0
136,28,547.000,98.000,4.000,9.000,1.0,1,1.0
137,28,548.000,95.000,4.000,9.000,1.0,1,1.0
138,28,549.000,93.000,3.000,8.000,1.0,1,1.0
139,28,549.000,91.000,4.000,8.000,1.0,1,1.0
140,28,549.000,88.000,4.000,9.000,1.0,1,1.0
141,28,550.000,85.000,4.000,9.000,1.0,1,1.0
142,28,550.000,82.000,4.000,9.000,1.0,1,1.0
143,28,551.000,78.000,4.000,9.000,1.0,1,1.0
144,28,552.000,74.000,3.000,9.000,1.0,1,1.0
145,28,552.000,70.000,4.000,9.000,1.0,1,1.0
146,28,553.000,66.000,3.000,9.000,1.0,1,1.0
147,28,553.000,62.000,3.000,9.000,1.0,1,1.0
148,28,553.000,59.000,3.000,8.000,1.0,1,1.0
149,28,553.000,55.000,3.000,9.000,1.0,1,1.0
150,28,553.000,51.000,4.000,9.000,1.0,1,1.0
151,28,553.000,48.000,3.000,9.000,1.0,1,1.0
152,28,554.000,45.000,2.000,8.000,1.0,1,1.0
153,28,553.000,42.000,3.000,8.000,1.0,1,1.0
154,28,553.000,38.000,4.000,9.000,1.0,1,1.0
155,28,553.000,36.000,4.000,8.000,1.0,1,1.0
156,28,553.000,31.000,4.000,9.000,1.0,1,1.0
157,28,552.000,29.000,5.000,8.000,1.0,1,1.0
158,28,551.000,29.000,7.000,7.000,1.0,1,1.0
1,40,667.000,393.000,6.000,7.000,1.0,1,1.0
2,40,668.000,395.000,7.000,6.000,1.0,1,1.0
3,40,668.000,394.000,5.000,6.000,1.0,1,1.0
4,40,668.000,394.000,3.000,5.000,1.0,1,1.0
5,40,668.000,393.000,4.000,6.000,1.0,1,1.0
6,40,668.000,394.000,5.000,6.000,1.0,1,1.0
7,40,668.000,394.000,6.000,6.000,1.0,1,1.0
8,40,667.000,393.000,7.000,8.000,1.0,1,1.0
9,40,666.000,391.000,5.000,8.000,1.0,1,1.0
10,40,667.000,390.000,4.000,7.000,1.0,1,1.0
11,40,666.000,388.000,5.000,7.000,1.0,1,1.0
12,40,666.000,387.000,4.000,7.000,1.0,1,1.0
13,40,666.000,387.000,4.000,8.000,1.0,1,1.0
14,40,665.000,387.000,5.000,9.000,1.0,1,1.0
15,40,665.000,387.000,5.000,8.000,1.0,1,1.0
16,40,665.000,385.000,5.000,9.000,1.0,1,1.0
17,40,665.000,381.000,4.000,9.000,1.0,1,1.0
18,40,665.000,376.000,3.000,8.000,1.0,1,1.0
19,40,665.000,373.000,4.000,7.000,1.0,1,1.0
20,40,665.000,368.000,4.000,7.000,1.0,1,1.0
21,40,665.000,365.000,4.000,7.000,1.0,1,1.0
22,40,666.000,362.000,3.000,7.000,1.0,1,1.0
23,40,665.000,360.000,4.000,7.000,1.0,1,1.0
24,40,665.000,355.000,4.000,8.000,1.0,1,1.0
25,40,666.000,352.000,3.000,7.000,1.0,1,1.0
26,40,666.000,347.000,3.000,8.000,1.0,1,1.0
27,40,665.000,344.000,4.000,7.000,1.0,1,1.0
30,40,734.000,393.000,4.000,5.000,1.0,1,1.0
31,40,734.000,392.000,4.000,5.000,1.0,1,1.0
32,40,734.000,390.000,4.000,6.000,1.0,1,1.0
33,40,736.000,388.000,4.000,6.000,1.0,1,1.0
34,40,736.000,387.000,4.000,6.000,1.0,1,1.0
35,40,735.000,384.000,5.000,7.000,1.0,1,1.0
37,40,734.000,381.000,5.000,6.000,1.0,1,1.0
38,40,735.000,380.000,4.000,6.000,1.0,1,1.0
39,40,734.000,378.000,4.000,7.000,1.0,1,1.0
40,40,734.000,377.000,3.000,6.000,1.0,1,1.0
41,40,734.000,376.000,3.000,6.000,1.0,1,1.0
42,40,732.000,374.000,4.000,6.000,1.0,1,1.0
43,40,732.000,372.000,4.000,6.000,1.0,1,1.0
44,40,731.000,370.000,4.000,7.000,1.0,1,1.0
45,40,731.000,368.000,4.000,7.000,1.0,1,1.0
46,40,730.000,366.000,4.000,8.000,1.0,1,1.0
47,40,730.000,364.000,4.000,8.000,1.0,1,1.0
48,40,731.000,361.000,4.000,9.000,1.0,1,1.0
49,40,731.000,360.000,4.000,9.000,1.0,1,1.0
50,40,731.000,359.000,4.000,8.000,1.0,1,1.0
51,40,731.000,357.000,4.000,8.000,1.0,1,1.0
52,40,731.000,354.000,4.000,9.000,1.0,1,1.0
53,40,732.000,353.000,3.000,8.000,1.0,1,1.0
54,40,732.000,350.000,3.000,9.000,1.0,1,1.0
55,40,731.000,348.000,4.000,9.000,1.0,1,1.0
56,40,732.000,347.000,3.000,8.000,1.0,1,1.0
57,40,732.000,344.000,3.000,8.000,1.0,1,1.0
58,40,732.000,342.000,3.000,8.000,1.0,1,1.0
59,40,732.000,339.000,3.000,8.000,1.0,1,1.0
60,40,731.000,338.000,4.000,7.000,1.0,1,1.0
61,40,731.000,336.000,4.000,8.000,1.0,1,1.0
62,40,731.000,334.000,3.000,8.000,1.0,1,1.0
63,40,731.000,332.000,3.000,8.000,1.0,1,1.0
64,40,731.000,331.000,3.000,8.000,1.0,1,1.0
65,40,731.000,331.000,3.000,8.000,1.0,1,1.0
66,40,731.000,331.000,3.000,8.000,1.0,1,1.0
67,40,731.000,331.000,3.000,8.000,1.0,1,1.0
68,40,731.000,331.000,3.000,8.000,1.0,1,1.0
69,40,732.000,330.000,3.000,8.000,1.0,1,1.0
70,40,733.000,329.000,3.000,7.000,1.0,1,1.0
71,40,733.000,329.000,3.000,7.000,1.0,1,1.0
72,40,733.000,327.000,4.000,7.000,1.0,1,1.0
73,40,733.000,325.000,4.000,7.000,1.0,1,1.0
74,40,734.000,325.000,3.000,7.000,1.0,1,1.0
75,40,735.000,323.000,3.000,6.000,1.0,1,1.0
76,40,735.000,321.000,3.000,7.000,1.0,1,1.0
77,40,735.000,322.000,3.000,7.000,1.0,1,1.0
78,40,736.000,320.000,3.000,8.000,1.0,1,1.0
79,40,736.000,319.000,3.000,6.000,1.0,1,1.0
80,40,736.000,318.000,3.000,6.000,1.0,1,1.0
81,40,736.000,316.000,3.000,6.000,1.0,1,1.0
82,40,736.000,315.000,4.000,7.000,1.0,1,1.0
83,40,736.000,314.000,4.000,6.000,1.0,1,1.0
84,40,736.000,313.000,4.000,7.000,1.0,1,1.0
85,40,736.000,313.000,4.000,6.000,1.0,1,1.0
86,40,736.000,313.000,4.000,6.000,1.0,1,1.0
87,40,737.000,310.000,3.000,7.000,1.0,1,1.0
88,40,737.000,308.000,3.000,7.000,1.0,1,1.0
89,40,737.000,308.000,3.000,7.000,1.0,1,1.0
90,40,736.000,306.000,4.000,8.000,1.0,1,1.0
91,40,737.000,305.000,4.000,7.000,1.0,1,1.0
92,40,736.000,304.000,4.000,7.000,1.0,1,1.0
93,40,736.000,302.000,4.000,7.000,1.0,1,1.0
94,40,736.000,300.000,4.000,7.000,1.0,1,1.0
95,40,736.000,298.000,4.000,8.000,1.0,1,1.0
96,40,736.000,297.000,4.000,7.000,1.0,1,1.0
97,40,736.000,295.000,3.000,7.000,1.0,1,1.0
98,40,735.000,294.000,4.000,7.000,1.0,1,1.0
99,40,735.000,294.000,4.000,6.000,1.0,1,1.0
100,40,735.000,292.000,3.000,7.000,1.0,1,1.0
101,40,734.000,290.000,4.000,8.000,1.0,1,1.0
102,40,734.000,290.000,4.000,8.000,1.0,1,1.0
103,40,733.000,289.000,4.000,7.000,1.0,1,1.0
104,40,733.000,288.000,4.000,8.000,1.0,1,1.0
105,40,733.000,288.000,4.000,7.000,1.0,1,1.0
106,40,733.000,287.000,4.000,8.000,1.0,1,1.0
107,40,733.000,287.000,4.000,8.000,1.0,1,1.0
108,40,733.000,287.000,4.000,8.000,1.0,1,1.0
109,40,733.000,287.000,4.000,8.000,1.0,1,1.0
110,40,733.000,287.000,4.000,7.000,1.0,1,1.0
111,40,733.000,287.000,4.000,7.000,1.0,1,1.0
112,40,733.000,287.000,4.000,7.000,1.0,1,1.0
113,40,733.000,285.000,4.000,8.000,1.0,1,1.0
114,40,733.000,284.000,4.000,8.000,1.0,1,1.0
115,40,733.000,283.000,5.000,8.000,1.0,1,1.0
116,40,734.000,282.000,4.000,8.000,1.0,1,1.0
117,40,734.000,281.000,4.000,8.000,1.0,1,1.0
118,40,734.000,280.000,4.000,8.000,1.0,1,1.0
119,40,734.000,279.000,3.000,9.000,1.0,1,1.0
120,40,734.000,278.000,3.000,9.000,1.0,1,1.0
121,40,734.000,277.000,4.000,8.000,1.0,1,1.0
122,40,734.000,275.000,4.000,8.000,1.0,1,1.0
127,40,734.000,271.000,4.000,7.000,1.0,1,1.0
128,40,734.000,273.000,5.000,5.000,1.0,1,1.0
129,40,735.000,273.000,4.000,5.000,1.0,1,1.0
131,40,736.000,274.000,4.000,4.000,1.0,1,1.0
132,40,736.000,273.000,4.000,5.000,1.0,1,1.0
133,40,736.000,273.000,4.000,5.000,1.0,1,1.0
134,40,736.000,272.000,4.000,5.000,1.0,1,1.0
135,40,735.000,271.000,4.000,5.000,1.0,1,1.0
136,40,734.000,270.000,5.000,5.000,1.0,1,1.0
137,40,734.000,268.000,4.000,6.000,1.0,1,1.0
138,40,733.000,265.000,5.000,7.000,1.0,1,1.0
139,40,733.000,262.000,4.000,8.000,1.0,1,1.0
140,40,733.000,259.000,4.000,8.000,1.0,1,1.0
141,40,733.000,257.000,4.000,7.000,1.0,1,1.0
142,40,732.000,255.000,4.000,7.000,1.0,1,1.0
143,40,732.000,253.000,4.000,8.000,1.0,1,1.0
144,40,731.000,252.000,4.000,8.000,1.0,1,1.0
145,40,731.000,252.000,4.000,8.000,1.0,1,1.0
146,40,731.000,252.000,4.000,8.000,1.0,1,1.0
147,40,731.000,253.000,4.000,7.000,1.0,1,1.0
148,40,731.000,252.000,4.000,8.000,1.0,1,1.0
150,40,689.000,220.000,9.000,7.000,1.0,1,1.0
151,40,675.000,212.000,5.000,4.000,1.0,1,1.0
152,40,674.000,212.000,7.000,4.000,1.0,1,1.0
153,40,674.000,211.000,7.000,5.000,1.0,1,1.0
154,40,674.000,211.000,7.000,4.000,1.0,1,1.0
155,40,675.000,208.000,4.000,8.000,1.0,1,1.0
156,40,675.000,206.000,3.000,9.000,1.0,1,1.0
157,40,675.000,205.000,3.000,8.000,1.0,1,1.0
158,40,675.000,203.000,3.000,8.000,1.0,1,1.0
159,40,674.000,201.000,3.000,8.000,1.0,1,1.0
160,40,674.000,199.000,3.000,8.000,1.0,1,1.0
161,40,672.000,197.000,4.000,7.000,1.0,1,1.0
162,40,671.000,195.000,4.000,7.000,1.0,1,1.0
163,40,669.000,193.000,5.000,6.000,1.0,1,1.0
164,40,668.000,190.000,4.000,7.000,1.0,1,1.0
165,40,667.000,188.000,4.000,7.000,1.0,1,1.0
166,40,667.000,185.000,3.000,7.000,1.0,1,1.0
167,40,667.000,182.000,3.000,7.000,1.0,1,1.0
168,40,667.000,179.000,3.000,7.000,1.0,1,1.0
169,40,667.000,176.000,3.000,7.000,1.0,1,1.0
170,40,667.000,173.000,3.000,7.000,1.0,1,1.0
171,40,667.000,170.000,4.000,7.000,1.0,1,1.0
172,40,668.000,167.000,4.000,7.000,1.0,1,1.0
173,40,669.000,165.000,3.000,7.000,1.0,1,1.0
174,40,669.000,162.000,4.000,7.000,1.0,1,1.0
175,40,670.000,159.000,4.000,7.000,1.0,1,1.0
176,40,671.000,155.000,4.000,8.000,1.0,1,1.0
177,40,672.000,152.000,4.000,8.000,1.0,1,1.0
178,40,673.000,149.000,4.000,8.000,1.0,1,1.0
179,40,674.000,146.000,4.000,8.000,1.0,1,1.0
180,40,676.000,143.000,4.000,8.000,1.0,1,1.0
181,40,677.000,140.000,4.000,8.000,1.0,1,1.0
182,40,679.000,138.000,4.000,8.000,1.0,1,1.0
183,40,680.000,135.000,5.000,7.000,1.0,1,1.0
184,40,682.000,132.000,5.000,8.000,1.0,1,1.0
185,40,685.000,130.000,5.000,7.000,1.0,1,1.0
186,40,686.000,127.000,6.000,8.000,1.0,1,1.0
187,40,688.000,124.000,5.000,8.000,1.0,1,1.0
188,40,689.000,121.000,5.000,8.000,1.0,1,1.0
189,40,691.000,118.000,3.000,8.000,1.0,1,1.0
190,40,690.000,115.000,4.000,8.000,1.0,1,1.0
191,40,689.000,112.000,4.000,9.000,1.0,1,1.0
192,40,687.000,110.000,5.000,8.000,1.0,1,1.0
193,40,686.000,107.000,5.000,8.000,1.0,1,1.0
194,40,685.000,105.000,5.000,8.000,1.0,1,1.0
195,40,683.000,103.000,5.000,7.000,1.0,1,1.0
196,40,680.000,101.000,7.000,6.000,1.0,1,1.0
197,40,677.000,100.000,7.000,6.000,1.0,1,1.0
198,40,676.000,99.000,6.000,5.000,1.0,1,1.0
199,40,673.000,97.000,7.000,6.000,1.0,1,1.0
200,40,672.000,96.000,7.000,5.000,1.0,1,1.0
201,40,671.000,94.000,6.000,6.000,1.0,1,1.0
202,40,670.000,92.000,5.000,6.000,1.0,1,1.0
203,40,669.000,89.000,5.000,7.000,1.0,1,1.0
204,40,669.000,86.000,5.000,7.000,1.0,1,1.0
205,40,668.000,83.000,5.000,7.000,1.0,1,1.0
206,40,668.000,80.000,4.000,7.000,1.0,1,1.0
207,40,668.000,77.000,3.000,7.000,1.0,1,1.0
208,40,667.000,73.000,4.000,8.000,1.0,1,1.0
209,40,668.000,70.000,3.000,8.000,1.0,1,1.0
210,40,668.000,68.000,3.000,7.000,1.0,1,1.0
211,40,668.000,65.000,3.000,7.000,1.0,1,1.0
212,40,668.000,62.000,3.000,8.000,1.0,1,1.0
213,40,668.000,59.000,3.000,8.000,1.0,1,1.0
214,40,668.000,56.000,3.000,8.000,1.0,1,1.0
215,40,668.000,53.000,3.000,8.000,1.0,1,1.0
216,40,668.000,49.000,3.000,7.000,1.0,1,1.0
217,40,668.000,45.000,3.000,8.000,1.0,1,1.0
218,40,668.000,42.000,4.000,8.000,1.0,1,1.0
219,40,668.000,39.000,4.000,8.000,1.0,1,1.0
220,40,668.000,35.000,5.000,9.000,1.0,1,1.0
221,40,669.000,30.000,5.000,10.000,1.0,1,1.0
222,40,669.000,30.000,5.000,8.000,1.0,1,1.0
1,5,35.000,389.000,7.000,7.000,1.0,1,1.0
2,5,36.000,388.000,5.000,7.000,1.0,1,1.0
3,5,35.000,386.000,5.000,7.000,1.0,1,1.0
4,5,35.000,383.000,5.000,8.000,1.0,1,1.0
5,5,35.000,380.000,4.000,9.000,1.0,1,1.0
6,5,33.000,377.000,4.000,8.000,1.0,1,1.0
7,5,33.000,374.000,4.000,8.000,1.0,1,1.0
8,5,33.000,372.000,4.000,8.000,1.0,1,1.0
9,5,33.000,371.000,4.000,8.000,1.0,1,1.0
10,5,33.000,371.000,4.000,8.000,1.0,1,1.0
11,5,33.000,371.000,4.000,8.000,1.0,1,1.0
12,5,32.000,370.000,4.000,7.000,1.0,1,1.0
13,5,31.000,337.000,8.000,8.000,1.0,1,1.0
14,5,28.000,325.000,4.000,7.000,1.0,1,1.0
15,5,28.000,324.000,5.000,8.000,1.0,1,1.0
16,5,29.000,321.000,4.000,9.000,1.0,1,1.0
17,5,30.000,317.000,3.000,9.000,1.0,1,1.0
18,5,30.000,313.000,4.000,9.000,1.0,1,1.0
19,5,31.000,310.000,6.000,8.000,1.0,1,1.0
20,5,34.000,309.000,7.000,7.000,1.0,1,1.0
21,5,37.000,308.000,6.000,6.000,1.0,1,1.0
22,5,39.000,305.000,6.000,6.000,1.0,1,1.0
23,5,40.000,301.000,4.000,8.000,1.0,1,1.0
24,5,40.000,297.000,4.000,8.000,1.0,1,1.0
25,5,40.000,293.000,4.000,9.000,1.0,1,1.0
26,5,40.000,290.000,4.000,8.000,1.0,1,1.0
27,5,41.000,288.000,4.000,8.000,1.0,1,1.0
28,5,41.000,287.000,4.000,8.000,1.0,1,1.0
29,5,42.000,285.000,4.000,8.000,1.0,1,1.0
30,5,43.000,282.000,4.000,9.000,1.0,1,1.0
31,5,44.000,279.000,4.000,9.000,1.0,1,1.0
32,5,46.000,276.000,4.000,8.000,1.0,1,1.0
33,5,46.000,273.000,6.000,8.000,1.0,1,1.0
34,5,48.000,271.000,7.000,7.000,1.0,1,1.0
35,5,50.000,269.000,8.000,6.000,1.0,1,1.0
36,5,53.000,266.000,7.000,7.000,1.0,1,1.0
37,5,55.000,264.000,8.000,6.000,1.0,1,1.0
38,5,57.000,261.000,7.000,8.000,1.0,1,1.0
39,5,59.000,258.000,7.000,7.000,1.0,1,1.0
40,5,62.000,255.000,5.000,7.000,1.0,1,1.0
41,5,64.000,250.000,5.000,8.000,1.0,1,1.0
42,5,66.000,246.000,4.000,8.000,1.0,1,1.0
43,5,67.000,242.000,4.000,8.000,1.0,1,1.0
44,5,68.000,238.000,4.000,8.000,1.0,1,1.0
45,5,69.000,234.000,4.000,9.000,1.0,1,1.0
46,5,70.000,231.000,3.000,8.000,1.0,1,1.0
47,5,70.000,227.000,4.000,8.000,1.0,1,1.0
48,5,71.000,224.000,3.000,8.000,1.0,1,1.0
49,5,71.000,219.000,3.000,10.000,1.0,1,1.0
50,5,71.000,216.000,3.000,9.000,1.0,1,1.0
51,5,71.000,212.000,3.000,9.000,1.0,1,1.0
52,5,71.000,208.000,3.000,9.000,1.0,1,1.0
53,5,71.000,204.000,3.000,9.000,1.0,1,1.0
54,5,71.000,200.000,3.000,10.000,1.0,1,1.0
55,5,70.000,197.000,4.000,8.000,1.0,1,1.0
56,5,70.000,193.000,4.000,9.000,1.0,1,1.0
57,5,69.000,189.000,4.000,9.000,1.0,1,1.0
58,5,69.000,186.000,4.000,9.000,1.0,1,1.0
59,5,70.000,184.000,3.000,8.000,1.0,1,1.0
60,5,69.000,181.000,4.000,8.000,1.0,1,1.0
61,5,70.000,178.000,3.000,8.000,1.0,1,1.0
62,5,70.000,174.000,3.000,9.000,1.0,1,1.0
63,5,70.000,172.000,4.000,9.000,1.0,1,1.0
64,5,71.000,171.000,3.000,9.000,1.0,1,1.0
65,5,71.000,170.000,3.000,9.000,1.0,1,1.0
66,5,71.000,169.000,3.000,9.000,1.0,1,1.0
67,5,71.000,169.000,3.000,8.000,1.0,1,1.0
68,5,71.000,168.000,3.000,9.000,1.0,1,1.0
69,5,71.000,168.000,3.000,9.000,1.0,1,1.0
70,5,66.000,161.000,6.000,9.000,1.0,1,1.0
71,5,50.000,125.000,6.000,13.000,1.0,1,1.0
72,5,37.000,73.000,8.000,14.000,1.0,1,1.0
73,5,28.000,39.000,5.000,6.000,1.0,1,1.0
74,5,25.000,43.000,7.000,7.000,1.0,1,1.0
1,8,20.000,353.000,6.000,5.000,1.0,1,1.0
3,8,74.000,393.000,6.000,4.000,1.0,1,1.0
4,8,74.000,393.000,7.000,4.000,1.0,1,1.0
5,8,74.000,393.000,6.000,4.000,1.0,1,1.0
6,8,74.000,393.000,6.000,4.000,1.0,1,1.0
7,8,74.000,393.000,6.000,4.000,1.0,1,1.0
9,8,71.000,349.000,7.000,10.000,1.0,1,1.0
10,8,59.000,320.000,7.000,8.000,1.0,1,1.0
11,8,44.000,303.000,7.000,4.000,1.0,1,1.0
12,8,46.000,293.000,3.000,7.000,1.0,1,1.0
13,8,25.000,276.000,8.000,8.000,1.0,1,1.0
21,8,18.000,261.000,5.000,10.000,1.0,1,1.0
22,8,19.000,258.000,4.000,9.000,1.0,1,1.0
23,8,19.000,254.000,4.000,8.000,1.0,1,1.0
24,8,20.000,250.000,4.000,8.000,1.0,1,1.0
25,8,20.000,247.000,5.000,8.000,1.0,1,1.0
26,8,21.000,244.000,5.000,8.000,1.0,1,1.0
27,8,22.000,240.000,4.000,8.000,1.0,1,1.0
28,8,24.000,234.000,3.000,9.000,1.0,1,1.0
29,8,26.000,230.000,4.000,8.000,1.0,1,1.0
30,8,26.000,227.000,5.000,8.000,1.0,1,1.0
31,8,27.000,225.000,5.000,8.000,1.0,1,1.0
32,8,28.000,224.000,4.000,8.000,1.0,1,1.0
33,8,28.000,225.000,4.000,7.000,1.0,1,1.0
34,8,28.000,225.000,4.000,8.000,1.0,1,1.0
35,8,28.000,225.000,4.000,8.000,1.0,1,1.0
36,8,28.000,224.000,5.000,9.000,1.0,1,1.0
37,8,28.000,225.000,5.000,8.000,1.0,1,1.0
38,8,28.000,225.000,4.000,8.000,1.0,1,1.0
40,8,76.000,181.000,3.000,4.000,1.0,1,1.0
41,8,75.000,180.000,5.000,7.000,1.0,1,1.0
42,8,75.000,179.000,5.000,7.000,1.0,1,1.0
43,8,75.000,177.000,4.000,8.000,1.0,1,1.0
44,8,75.000,174.000,3.000,9.000,1.0,1,1.0
45,8,75.000,171.000,3.000,9.000,1.0,1,1.0
46,8,76.000,169.000,3.000,9.000,1.0,1,1.0
47,8,76.000,166.000,3.000,9.000,1.0,1,1.0
48,8,76.000,165.000,3.000,9.000,1.0,1,1.0
49,8,76.000,165.000,3.000,9.000,1.0,1,1.0
50,8,76.000,165.000,4.000,9.000,1.0,1,1.0
51,8,76.000,165.000,4.000,8.000,1.0,1,1.0
52,8,76.000,164.000,4.000,10.000,1.0,1,1.0
53,8,76.000,165.000,4.000,9.000,1.0,1,1.0
54,8,76.000,163.000,4.000,10.000,1.0,1,1.0
55,8,77.000,160.000,3.000,9.000,1.0,1,1.0
56,8,77.000,156.000,4.000,8.000,1.0,1,1.0
57,8,78.000,154.000,4.000,8.000,1.0,1,1.0
58,8,78.000,152.000,4.000,8.000,1.0,1,1.0
59,8,79.000,150.000,3.000,8.000,1.0,1,1.0
60,8,79.000,147.000,4.000,8.000,1.0,1,1.0
61,8,80.000,145.000,3.000,8.000,1.0,1,1.0
62,8,80.000,143.000,3.000,8.000,1.0,1,1.0
63,8,81.000,139.000,3.000,8.000,1.0,1,1.0
64,8,81.000,135.000,3.000,7.000,1.0,1,1.0
65,8,82.000,132.000,3.000,8.000,1.0,1,1.0
66,8,82.000,130.000,3.000,8.000,1.0,1,1.0
67,8,82.000,129.000,3.000,8.000,1.0,1,1.0
68,8,82.000,130.000,3.000,7.000,1.0,1,1.0
69,8,82.000,130.000,3.000,8.000,1.0,1,1.0
70,8,82.000,129.000,3.000,9.000,1.0,1,1.0
71,8,82.000,129.000,2.000,9.000,1.0,1,1.0
72,8,82.000,130.000,3.000,8.000,1.0,1,1.0
73,8,82.000,129.000,3.000,9.000,1.0,1,1.0
74,8,82.000,130.000,2.000,8.000,1.0,1,1.0
75,8,82.000,130.000,3.000,8.000,1.0,1,1.0
76,8,82.000,130.000,3.000,8.000,1.0,1,1.0
77,8,82.000,130.000,3.000,8.000,1.0,1,1.0
78,8,82.000,129.000,3.000,9.000,1.0,1,1.0
79,8,82.000,128.000,3.000,8.000,1.0,1,1.0
80,8,82.000,126.000,3.000,8.000,1.0,1,1.0
81,8,82.000,124.000,3.000,9.000,1.0,1,1.0
82,8,82.000,123.000,3.000,8.000,1.0,1,1.0
83,8,82.000,121.000,3.000,8.000,1.0,1,1.0
84,8,81.000,117.000,3.000,9.000,1.0,1,1.0
85,8,81.000,114.000,3.000,8.000,1.0,1,1.0
86,8,81.000,110.000,3.000,8.000,1.0,1,1.0
87,8,82.000,106.000,3.000,8.000,1.0,1,1.0
88,8,81.000,102.000,3.000,8.000,1.0,1,1.0
89,8,82.000,98.000,3.000,8.000,1.0,1,1.0
90,8,82.000,94.000,3.000,8.000,1.0,1,1.0
91,8,82.000,92.000,3.000,8.000,1.0,1,1.0
92,8,82.000,91.000,3.000,8.000,1.0,1,1.0
93,8,82.000,91.000,3.000,8.000,1.0,1,1.0
94,8,82.000,91.000,3.000,8.000,1.0,1,1.0
95,8,82.000,91.000,3.000,8.000,1.0,1,1.0
96,8,82.000,90.000,3.000,7.000,1.0,1,1.0
97,8,82.000,87.000,3.000,8.000,1.0,1,1.0
98,8,82.000,86.000,3.000,8.000,1.0,1,1.0
99,8,82.000,84.000,3.000,8.000,1.0,1,1.0
100,8,82.000,80.000,3.000,8.000,1.0,1,1.0
101,8,82.000,77.000,3.000,8.000,1.0,1,1.0
102,8,82.000,74.000,3.000,8.000,1.0,1,1.0
103,8,82.000,72.000,3.000,8.000,1.0,1,1.0
104,8,82.000,68.000,3.000,9.000,1.0,1,1.0
105,8,82.000,65.000,3.000,8.000,1.0,1,1.0
106,8,82.000,62.000,3.000,8.000,1.0,1,1.0
107,8,82.000,59.000,3.000,8.000,1.0,1,1.0
108,8,82.000,56.000,3.000,8.000,1.0,1,1.0
109,8,82.000,54.000,3.000,8.000,1.0,1,1.0
110,8,82.000,53.000,3.000,7.000,1.0,1,1.0
111,8,82.000,50.000,3.000,8.000,1.0,1,1.0
112,8,82.000,48.000,3.000,8.000,1.0,1,1.0
113,8,82.000,46.000,3.000,8.000,1.0,1,1.0
114,8,82.000,44.000,4.000,9.000,1.0,1,1.0
115,8,82.000,43.000,4.000,9.000,1.0,1,1.0
116,8,82.000,41.000,4.000,9.000,1.0,1,1.0
117,8,82.000,39.000,4.000,10.000,1.0,1,1.0
118,8,82.000,38.000,4.000,10.000,1.0,1,1.0
119,8,82.000,38.000,4.000,11.000,1.0,1,1.0
120,8,81.000,37.000,6.000,11.000,1.0,1,1.0
121,8,81.000,37.000,6.000,11.000,1.0,1,1.0
122,8,81.000,37.000,6.000,11.000,1.0,1,1.0
123,8,81.000,37.000,6.000,11.000,1.0,1,1.0
124,8,81.000,38.000,6.000,10.000,1.0,1,1.0
125,8,81.000,38.000,6.000,10.000,1.0,1,1.0
126,8,81.000,38.000,6.000,10.000,1.0,1,1.0
127,8,82.000,38.000,5.000,10.000,1.0,1,1.0
128,8,82.000,38.000,5.000,10.000,1.0,1,1.0
129,8,82.000,38.000,5.000,10.000,1.0,1,1.0
130,8,82.000,38.000,5.000,10.000,1.0,1,1.0
131,8,82.000,38.000,5.000,10.000,1.0,1,1.0
132,8,82.000,37.000,5.000,11.000,1.0,1,1.0
133,8,81.000,37.000,6.000,10.000,1.0,1,1.0
134,8,80.000,36.000,8.000,11.000,1.0,1,1.0
135,8,80.000,34.000,8.000,12.000,1.0,1,1.0
136,8,80.000,33.000,8.000,12.000,1.0,1,1.0
137,8,80.000,32.000,8.000,11.000,1.0,1,1.0
138,8,79.000,32.000,10.000,10.000,1.0,1,1.0
139,8,80.000,32.000,9.000,9.000,1.0,1,1.0
