1,34,503.000,415.000,5.000,6.000,1.0,1,1.0
2,34,503.000,415.000,4.000,6.000,1.0,1,1.0
3,34,503.000,415.000,5.000,6.000,1.0,1,1.0
4,34,503.000,415.000,5.000,6.000,1.0,1,1.0
5,34,503.000,415.000,5.000,6.000,1.0,1,1.0
6,34,502.000,415.000,5.000,6.000,1.0,1,1.0
7,34,503.000,415.000,4.000,6.000,1.0,1,1.0
8,34,502.000,414.000,5.000,6.000,1.0,1,1.0
9,34,502.000,414.000,4.000,6.000,1.0,1,1.0
10,34,502.000,414.000,4.000,6.000,1.0,1,1.0
11,34,501.000,413.000,5.000,6.000,1.0,1,1.0
12,34,500.000,413.000,5.000,6.000,1.0,1,1.0
13,34,499.000,413.000,6.000,5.000,1.0,1,1.0
14,34,499.000,413.000,5.000,5.000,1.0,1,1.0
15,34,498.000,413.000,6.000,4.000,1.0,1,1.0
16,34,498.000,413.000,6.000,4.000,1.0,1,1.0
17,34,498.000,413.000,5.000,4.000,1.0,1,1.0
18,34,498.000,412.000,5.000,4.000,1.0,1,1.0
19,34,498.000,412.000,5.000,4.000,1.0,1,1.0
20,34,498.000,413.000,5.000,3.000,1.0,1,1.0
21,34,501.000,415.000,5.000,7.000,1.0,1,1.0
22,34,502.000,440.000,5.000,5.000,1.0,1,1.0
23,34,503.000,441.000,8.000,4.000,1.0,1,1.0
24,34,503.000,441.000,8.000,4.000,1.0,1,1.0
25,34,504.000,441.000,7.000,4.000,1.0,1,1.0
26,34,505.000,441.000,6.000,5.000,1.0,1,1.0
27,34,506.000,441.000,5.000,5.000,1.0,1,1.0
28,34,506.000,441.000,5.000,5.000,1.0,1,1.0
29,34,506.000,441.000,5.000,5.000,1.0,1,1.0
30,34,506.000,441.000,5.000,5.000,1.0,1,1.0
31,34,506.000,441.000,5.000,7.000,1.0,1,1.0
36,34,506.000,442.000,6.000,4.000,1.0,1,1.0
37,34,506.000,442.000,5.000,4.000,1.0,1,1.0
38,34,506.000,442.000,4.000,4.000,1.0,1,1.0
39,34,506.000,442.000,4.000,4.000,1.0,1,1.0
40,34,506.000,442.000,4.000,4.000,1.0,1,1.0
41,34,506.000,442.000,4.000,4.000,1.0,1,1.0
42,34,506.000,442.000,4.000,4.000,1.0,1,1.0
43,34,506.000,442.000,4.000,4.000,1.0,1,1.0
44,34,506.000,442.000,5.000,4.000,1.0,1,1.0
45,34,506.000,442.000,4.000,4.000,1.0,1,1.0
46,34,506.000,442.000,5.000,4.000,1.0,1,1.0
47,34,506.000,442.000,4.000,4.000,1.0,1,1.0
48,34,506.000,442.000,4.000,4.000,1.0,1,1.0
49,34,506.000,442.000,5.000,4.000,1.0,1,1.0
50,34,506.000,442.000,4.000,5.000,1.0,1,1.0
51,34,506.000,442.000,4.000,5.000,1.0,1,1.0
52,34,506.000,442.000,4.000,5.000,1.0,1,1.0
53,34,506.000,442.000,4.000,5.000,1.0,1,1.0
54,34,506.000,443.000,4.000,4.000,1.0,1,1.0
55,34,506.000,442.000,4.000,5.000,1.0,1,1.0
56,34,506.000,442.000,4.000,4.000,1.0,1,1.0
57,34,506.000,442.000,4.000,4.000,1.0,1,1.0
58,34,506.000,442.000,4.000,4.000,1.0,1,1.0
59,34,506.000,442.000,4.000,4.000,1.0,1,1.0
60,34,506.000,443.000,4.000,3.000,1.0,1,1.0
61,34,506.000,443.000,4.000,3.000,1.0,1,1.0
62,34,506.000,443.000,4.000,4.000,1.0,1,1.0
63,34,506.000,443.000,4.000,4.000,1.0,1,1.0
64,34,506.000,443.000,4.000,4.000,1.0,1,1.0
65,34,506.000,443.000,4.000,4.000,1.0,1,1.0
66,34,506.000,443.000,4.000,4.000,1.0,1,1.0
67,34,506.000,443.000,4.000,4.000,1.0,1,1.0
68,34,506.000,443.000,4.000,4.000,1.0,1,1.0
69,34,506.000,443.000,4.000,4.000,1.0,1,1.0
70,34,506.000,443.000,4.000,4.000,1.0,1,1.0
71,34,506.000,443.000,4.000,4.000,1.0,1,1.0
72,34,506.000,443.000,4.000,4.000,1.0,1,1.0
73,34,506.000,444.000,4.000,3.000,1.0,1,1.0
74,34,506.000,443.000,4.000,4.000,1.0,1,1.0
75,34,506.000,443.000,4.000,4.000,1.0,1,1.0
76,34,506.000,443.000,4.000,4.000,1.0,1,1.0
77,34,506.000,443.000,4.000,4.000,1.0,1,1.0
78,34,506.000,443.000,4.000,4.000,1.0,1,1.0
79,34,506.000,443.000,4.000,4.000,1.0,1,1.0
80,34,506.000,443.000,3.000,4.000,1.0,1,1.0
81,34,506.000,443.000,4.000,4.000,1.0,1,1.0
82,34,506.000,443.000,3.000,4.000,1.0,1,1.0
83,34,506.000,444.000,3.000,3.000,1.0,1,1.0
84,34,506.000,443.000,4.000,4.000,1.0,1,1.0
85,34,505.000,444.000,5.000,3.000,1.0,1,1.0
86,34,506.000,444.000,4.000,3.000,1.0,1,1.0
87,34,506.000,444.000,4.000,3.000,1.0,1,1.0
88,34,506.000,443.000,4.000,4.000,1.0,1,1.0
89,34,505.000,443.000,4.000,4.000,1.0,1,1.0
90,34,505.000,443.000,5.000,4.000,1.0,1,1.0
91,34,504.000,443.000,6.000,4.000,1.0,1,1.0
92,34,503.000,443.000,6.000,3.000,1.0,1,1.0
93,34,502.000,443.000,7.000,3.000,1.0,1,1.0
94,34,502.000,442.000,7.000,4.000,1.0,1,1.0
95,34,502.000,442.000,6.000,4.000,1.0,1,1.0
96,34,502.000,442.000,6.000,4.000,1.0,1,1.0
97,34,502.000,441.000,6.000,5.000,1.0,1,1.0
98,34,505.000,434.000,4.000,5.000,1.0,1,1.0
99,34,509.000,442.000,3.000,4.000,1.0,1,1.0
100,34,508.000,443.000,6.000,5.000,1.0,1,1.0
101,34,507.000,444.000,7.000,4.000,1.0,1,1.0
102,34,507.000,443.000,6.000,5.000,1.0,1,1.0
103,34,508.000,444.000,7.000,3.000,1.0,1,1.0
104,34,507.000,443.000,7.000,4.000,1.0,1,1.0
105,34,507.000,443.000,7.000,3.000,1.0,1,1.0
106,34,507.000,443.000,7.000,4.000,1.0,1,1.0
107,34,506.000,443.000,7.000,4.000,1.0,1,1.0
108,34,505.000,443.000,8.000,4.000,1.0,1,1.0
109,34,505.000,443.000,6.000,4.000,1.0,1,1.0
110,34,504.000,442.000,6.000,5.000,1.0,1,1.0
111,34,503.000,442.000,6.000,4.000,1.0,1,1.0
112,34,502.000,442.000,6.000,4.000,1.0,1,1.0
113,34,501.000,442.000,5.000,4.000,1.0,1,1.0
114,34,500.000,442.000,5.000,4.000,1.0,1,1.0
115,34,499.000,441.000,6.000,5.000,1.0,1,1.0
116,34,498.000,441.000,5.000,4.000,1.0,1,1.0
117,34,498.000,441.000,5.000,5.000,1.0,1,1.0
118,34,498.000,441.000,4.000,5.000,1.0,1,1.0
119,34,498.000,442.000,4.000,4.000,1.0,1,1.0
120,34,498.000,442.000,5.000,4.000,1.0,1,1.0
121,34,499.000,441.000,4.000,5.000,1.0,1,1.0
122,34,499.000,441.000,4.000,5.000,1.0,1,1.0
123,34,499.000,441.000,4.000,5.000,1.0,1,1.0
124,34,499.000,441.000,4.000,5.000,1.0,1,1.0
125,34,499.000,441.000,4.000,5.000,1.0,1,1.0
126,34,499.000,441.000,5.000,5.000,1.0,1,1.0
127,34,499.000,441.000,4.000,4.000,1.0,1,1.0
128,34,499.000,441.000,4.000,4.000,1.0,1,1.0
129,34,499.000,441.000,4.000,4.000,1.0,1,1.0
130,34,502.000,425.000,3.000,7.000,1.0,1,1.0
131,34,502.000,406.000,7.000,4.000,1.0,1,1.0
132,34,499.000,411.000,5.000,7.000,1.0,1,1.0
133,34,513.000,436.000,3.000,7.000,1.0,1,1.0
134,34,514.000,440.000,4.000,4.000,1.0,1,1.0
135,34,514.000,440.000,4.000,4.000,1.0,1,1.0
136,34,514.000,440.000,4.000,4.000,1.0,1,1.0
137,34,514.000,440.000,4.000,4.000,1.0,1,1.0
138,34,514.000,440.000,4.000,4.000,1.0,1,1.0
139,34,515.000,440.000,3.000,4.000,1.0,1,1.0
140,34,515.000,440.000,5.000,4.000,1.0,1,1.0
141,34,516.000,440.000,6.000,4.000,1.0,1,1.0
142,34,517.000,440.000,7.000,4.000,1.0,1,1.0
143,34,518.000,440.000,7.000,3.000,1.0,1,1.0
144,34,519.000,440.000,6.000,3.000,1.0,1,1.0
145,34,521.000,440.000,5.000,4.000,1.0,1,1.0
146,34,521.000,440.000,5.000,4.000,1.0,1,1.0
147,34,522.000,440.000,5.000,4.000,1.0,1,1.0
148,34,522.000,440.000,4.000,4.000,1.0,1,1.0
149,34,522.000,440.000,4.000,4.000,1.0,1,1.0
150,34,521.000,440.000,4.000,4.000,1.0,1,1.0
151,34,520.000,441.000,4.000,3.000,1.0,1,1.0
152,34,519.000,441.000,5.000,3.000,1.0,1,1.0
153,34,518.000,440.000,5.000,4.000,1.0,1,1.0
154,34,517.000,440.000,5.000,4.000,1.0,1,1.0
155,34,518.000,440.000,5.000,4.000,1.0,1,1.0
156,34,517.000,440.000,5.000,4.000,1.0,1,1.0
157,34,517.000,440.000,5.000,4.000,1.0,1,1.0
158,34,517.000,440.000,5.000,4.000,1.0,1,1.0
159,34,517.000,440.000,5.000,4.000,1.0,1,1.0
160,34,517.000,440.000,4.000,4.000,1.0,1,1.0
161,34,517.000,440.000,4.000,4.000,1.0,1,1.0
162,34,517.000,440.000,4.000,4.000,1.0,1,1.0
163,34,517.000,440.000,4.000,3.000,1.0,1,1.0
164,34,517.000,440.000,4.000,3.000,1.0,1,1.0
165,34,517.000,440.000,3.000,3.000,1.0,1,1.0
166,34,515.000,440.000,5.000,4.000,1.0,1,1.0
167,34,514.000,441.000,5.000,3.000,1.0,1,1.0
168,34,512.000,441.000,5.000,4.000,1.0,1,1.0
169,34,510.000,441.000,6.000,4.000,1.0,1,1.0
170,34,510.000,442.000,6.000,3.000,1.0,1,1.0
171,34,510.000,441.000,6.000,3.000,1.0,1,1.0
172,34,509.000,441.000,6.000,3.000,1.0,1,1.0
173,34,509.000,441.000,6.000,3.000,1.0,1,1.0
174,34,509.000,441.000,6.000,4.000,1.0,1,1.0
175,34,509.000,441.000,6.000,4.000,1.0,1,1.0
176,34,509.000,441.000,6.000,4.000,1.0,1,1.0
177,34,509.000,441.000,6.000,4.000,1.0,1,1.0
178,34,509.000,441.000,6.000,4.000,1.0,1,1.0
179,34,509.000,441.000,6.000,4.000,1.0,1,1.0
180,34,509.000,441.000,6.000,4.000,1.0,1,1.0
181,34,509.000,441.000,6.000,4.000,1.0,1,1.0
182,34,509.000,441.000,6.000,4.000,1.0,1,1.0
183,34,509.000,441.000,6.000,4.000,1.0,1,1.0
184,34,509.000,441.000,6.000,4.000,1.0,1,1.0
185,34,509.000,441.000,6.000,4.000,1.0,1,1.0
186,34,509.000,441.000,6.000,4.000,1.0,1,1.0
187,34,509.000,441.000,6.000,4.000,1.0,1,1.0
188,34,509.000,441.000,6.000,4.000,1.0,1,1.0
189,34,509.000,441.000,6.000,4.000,1.0,1,1.0
190,34,509.000,441.000,6.000,4.000,1.0,1,1.0
191,34,509.000,441.000,6.000,4.000,1.0,1,1.0
192,34,509.000,441.000,6.000,4.000,1.0,1,1.0
193,34,509.000,441.000,6.000,4.000,1.0,1,1.0
194,34,509.000,441.000,6.000,4.000,1.0,1,1.0
195,34,509.000,441.000,6.000,4.000,1.0,1,1.0
196,34,509.000,441.000,6.000,4.000,1.0,1,1.0
197,34,509.000,441.000,6.000,4.000,1.0,1,1.0
198,34,509.000,441.000,6.000,4.000,1.0,1,1.0
199,34,508.000,441.000,7.000,4.000,1.0,1,1.0
200,34,508.000,441.000,7.000,4.000,1.0,1,1.0
201,34,508.000,441.000,6.000,4.000,1.0,1,1.0
202,34,508.000,441.000,6.000,4.000,1.0,1,1.0
203,34,508.000,441.000,6.000,4.000,1.0,1,1.0
204,34,509.000,441.000,5.000,4.000,1.0,1,1.0
205,34,509.000,442.000,5.000,3.000,1.0,1,1.0
206,34,509.000,442.000,5.000,3.000,1.0,1,1.0
207,34,509.000,442.000,5.000,3.000,1.0,1,1.0
208,34,509.000,442.000,5.000,3.000,1.0,1,1.0
209,34,508.000,442.000,6.000,3.000,1.0,1,1.0
210,34,508.000,442.000,7.000,4.000,1.0,1,1.0
211,34,508.000,442.000,6.000,3.000,1.0,1,1.0
212,34,507.000,441.000,7.000,4.000,1.0,1,1.0
213,34,507.000,442.000,7.000,3.000,1.0,1,1.0
214,34,506.000,441.000,6.000,5.000,1.0,1,1.0
215,34,504.000,441.000,7.000,5.000,1.0,1,1.0
216,34,502.000,441.000,6.000,4.000,1.0,1,1.0
217,34,500.000,441.000,7.000,4.000,1.0,1,1.0
218,34,498.000,441.000,7.000,4.000,1.0,1,1.0
219,34,497.000,441.000,7.000,4.000,1.0,1,1.0
220,34,496.000,441.000,7.000,4.000,1.0,1,1.0
221,34,496.000,442.000,7.000,3.000,1.0,1,1.0
222,34,496.000,441.000,7.000,4.000,1.0,1,1.0
223,34,496.000,441.000,7.000,4.000,1.0,1,1.0
224,34,492.000,432.000,7.000,6.000,1.0,1,1.0
225,34,495.000,420.000,5.000,6.000,1.0,1,1.0
226,34,493.000,443.000,7.000,5.000,1.0,1,1.0
227,34,493.000,443.000,7.000,5.000,1.0,1,1.0
228,34,494.000,443.000,6.000,5.000,1.0,1,1.0
229,34,494.000,443.000,6.000,4.000,1.0,1,1.0
230,34,495.000,443.000,4.000,4.000,1.0,1,1.0
231,34,495.000,442.000,5.000,5.000,1.0,1,1.0
232,34,496.000,442.000,5.000,5.000,1.0,1,1.0
233,34,497.000,442.000,5.000,4.000,1.0,1,1.0
234,34,499.000,441.000,4.000,4.000,1.0,1,1.0
235,34,500.000,441.000,4.000,4.000,1.0,1,1.0
236,34,501.000,441.000,3.000,4.000,1.0,1,1.0
237,34,501.000,441.000,4.000,3.000,1.0,1,1.0
238,34,501.000,441.000,4.000,3.000,1.0,1,1.0
239,34,501.000,441.000,4.000,3.000,1.0,1,1.0
240,34,501.000,441.000,4.000,3.000,1.0,1,1.0
241,34,501.000,440.000,4.000,4.000,1.0,1,1.0
242,34,501.000,440.000,4.000,4.000,1.0,1,1.0
243,34,501.000,440.000,4.000,4.000,1.0,1,1.0
244,34,501.000,440.000,4.000,4.000,1.0,1,1.0
245,34,501.000,440.000,4.000,4.000,1.0,1,1.0
246,34,501.000,440.000,4.000,4.000,1.0,1,1.0
247,34,501.000,440.000,4.000,4.000,1.0,1,1.0
248,34,501.000,441.000,4.000,3.000,1.0,1,1.0
249,34,501.000,441.000,4.000,3.000,1.0,1,1.0
250,34,501.000,441.000,4.000,3.000,1.0,1,1.0
251,34,501.000,441.000,4.000,3.000,1.0,1,1.0
252,34,501.000,441.000,4.000,3.000,1.0,1,1.0
253,34,501.000,441.000,4.000,3.000,1.0,1,1.0
254,34,501.000,441.000,4.000,3.000,1.0,1,1.0
255,34,501.000,441.000,4.000,3.000,1.0,1,1.0
256,34,501.000,441.000,4.000,3.000,1.0,1,1.0
257,34,501.000,441.000,4.000,4.000,1.0,1,1.0
258,34,501.000,441.000,4.000,4.000,1.0,1,1.0
259,34,501.000,441.000,4.000,4.000,1.0,1,1.0
260,34,502.000,441.000,3.000,4.000,1.0,1,1.0
261,34,502.000,441.000,4.000,4.000,1.0,1,1.0
262,34,502.000,441.000,5.000,3.000,1.0,1,1.0
263,34,503.000,441.000,5.000,3.000,1.0,1,1.0
264,34,504.000,441.000,5.000,3.000,1.0,1,1.0
265,34,505.000,440.000,5.000,4.000,1.0,1,1.0
266,34,506.000,440.000,4.000,4.000,1.0,1,1.0
267,34,507.000,440.000,4.000,4.000,1.0,1,1.0
268,34,507.000,440.000,4.000,5.000,1.0,1,1.0
269,34,508.000,440.000,3.000,4.000,1.0,1,1.0
270,34,508.000,440.000,4.000,4.000,1.0,1,1.0
271,34,508.000,440.000,4.000,5.000,1.0,1,1.0
272,34,508.000,440.000,4.000,5.000,1.0,1,1.0
273,34,508.000,440.000,4.000,5.000,1.0,1,1.0
274,34,508.000,440.000,4.000,5.000,1.0,1,1.0
275,34,508.000,440.000,4.000,5.000,1.0,1,1.0
276,34,508.000,440.000,4.000,5.000,1.0,1,1.0
277,34,508.000,440.000,4.000,5.000,1.0,1,1.0
278,34,508.000,440.000,4.000,5.000,1.0,1,1.0
279,34,508.000,440.000,4.000,5.000,1.0,1,1.0
280,34,508.000,440.000,4.000,5.000,1.0,1,1.0
281,34,508.000,439.000,4.000,7.000,1.0,1,1.0
282,34,511.000,431.000,6.000,4.000,1.0,1,1.0
283,34,537.000,439.000,4.000,7.000,1.0,1,1.0
284,34,538.000,438.000,3.000,6.000,1.0,1,1.0
285,34,537.000,440.000,4.000,5.000,1.0,1,1.0
286,34,538.000,439.000,4.000,5.000,1.0,1,1.0
287,34,538.000,438.000,4.000,7.000,1.0,1,1.0
288,34,538.000,438.000,4.000,7.000,1.0,1,1.0
289,34,538.000,438.000,3.000,8.000,1.0,1,1.0
290,34,538.000,439.000,4.000,5.000,1.0,1,1.0
291,34,538.000,440.000,4.000,5.000,1.0,1,1.0
292,34,537.000,440.000,5.000,5.000,1.0,1,1.0
293,34,536.000,441.000,6.000,4.000,1.0,1,1.0
294,34,536.000,441.000,5.000,4.000,1.0,1,1.0
295,34,534.000,441.000,6.000,4.000,1.0,1,1.0
296,34,533.000,441.000,6.000,4.000,1.0,1,1.0
297,34,531.000,441.000,6.000,4.000,1.0,1,1.0
298,34,530.000,441.000,6.000,4.000,1.0,1,1.0
299,34,528.000,441.000,7.000,3.000,1.0,1,1.0
300,34,527.000,440.000,6.000,4.000,1.0,1,1.0
301,34,525.000,440.000,7.000,4.000,1.0,1,1.0
302,34,524.000,440.000,6.000,3.000,1.0,1,1.0
303,34,522.000,440.000,7.000,3.000,1.0,1,1.0
304,34,521.000,440.000,6.000,4.000,1.0,1,1.0
305,34,519.000,440.000,6.000,4.000,1.0,1,1.0
306,34,517.000,440.000,6.000,3.000,1.0,1,1.0
307,34,515.000,440.000,6.000,3.000,1.0,1,1.0
308,34,513.000,440.000,6.000,3.000,1.0,1,1.0
309,34,511.000,440.000,7.000,3.000,1.0,1,1.0
310,34,509.000,440.000,7.000,3.000,1.0,1,1.0
311,34,508.000,440.000,7.000,3.000,1.0,1,1.0
312,34,507.000,440.000,6.000,3.000,1.0,1,1.0
313,34,505.000,440.000,7.000,4.000,1.0,1,1.0
314,34,504.000,440.000,7.000,4.000,1.0,1,1.0
315,34,503.000,440.000,7.000,4.000,1.0,1,1.0
316,34,502.000,440.000,7.000,5.000,1.0,1,1.0
317,34,502.000,440.000,6.000,4.000,1.0,1,1.0
318,34,502.000,440.000,5.000,4.000,1.0,1,1.0
319,34,502.000,440.000,5.000,4.000,1.0,1,1.0
320,34,502.000,440.000,4.000,4.000,1.0,1,1.0
321,34,502.000,440.000,4.000,3.000,1.0,1,1.0
322,34,501.000,440.000,5.000,4.000,1.0,1,1.0
323,34,501.000,440.000,4.000,4.000,1.0,1,1.0
324,34,500.000,440.000,4.000,4.000,1.0,1,1.0
325,34,500.000,441.000,4.000,3.000,1.0,1,1.0
326,34,500.000,441.000,4.000,3.000,1.0,1,1.0
327,34,499.000,441.000,4.000,4.000,1.0,1,1.0
328,34,498.000,441.000,4.000,4.000,1.0,1,1.0
329,34,498.000,442.000,4.000,3.000,1.0,1,1.0
330,34,498.000,442.000,4.000,3.000,1.0,1,1.0
331,34,498.000,442.000,4.000,3.000,1.0,1,1.0
332,34,498.000,442.000,4.000,3.000,1.0,1,1.0
333,34,498.000,442.000,4.000,3.000,1.0,1,1.0
334,34,498.000,442.000,4.000,3.000,1.0,1,1.0
335,34,498.000,442.000,4.000,4.000,1.0,1,1.0
336,34,497.000,442.000,5.000,4.000,1.0,1,1.0
337,34,497.000,442.000,6.000,4.000,1.0,1,1.0
338,34,497.000,442.000,6.000,4.000,1.0,1,1.0
339,34,497.000,442.000,6.000,4.000,1.0,1,1.0
340,34,497.000,442.000,6.000,4.000,1.0,1,1.0
341,34,498.000,442.000,4.000,4.000,1.0,1,1.0
342,34,498.000,443.000,4.000,3.000,1.0,1,1.0
343,34,499.000,442.000,4.000,4.000,1.0,1,1.0
344,34,499.000,443.000,4.000,3.000,1.0,1,1.0
345,34,499.000,443.000,5.000,3.000,1.0,1,1.0
346,34,499.000,443.000,5.000,3.000,1.0,1,1.0
347,34,500.000,443.000,4.000,4.000,1.0,1,1.0
348,34,500.000,443.000,4.000,4.000,1.0,1,1.0
349,34,500.000,443.000,4.000,4.000,1.0,1,1.0
350,34,500.000,443.000,4.000,4.000,1.0,1,1.0
351,34,501.000,443.000,4.000,4.000,1.0,1,1.0
352,34,501.000,443.000,4.000,4.000,1.0,1,1.0
353,34,501.000,442.000,5.000,5.000,1.0,1,1.0
354,34,502.000,440.000,4.000,7.000,1.0,1,1.0
355,34,501.000,440.000,4.000,7.000,1.0,1,1.0
356,34,499.000,439.000,4.000,8.000,1.0,1,1.0
357,34,500.000,437.000,4.000,9.000,1.0,1,1.0
358,34,501.000,435.000,4.000,8.000,1.0,1,1.0
359,34,501.000,433.000,4.000,8.000,1.0,1,1.0
360,34,502.000,430.000,3.000,9.000,1.0,1,1.0
361,34,502.000,428.000,4.000,8.000,1.0,1,1.0
362,34,502.000,426.000,4.000,8.000,1.0,1,1.0
363,34,502.000,423.000,4.000,9.000,1.0,1,1.0
1,33,547.000,441.000,5.000,4.000,1.0,1,1.0
2,33,546.000,441.000,6.000,4.000,1.0,1,1.0
3,33,547.000,441.000,5.000,4.000,1.0,1,1.0
4,33,556.000,436.000,3.000,7.000,1.0,1,1.0
5,33,555.000,434.000,3.000,8.000,1.0,1,1.0
6,33,554.000,433.000,3.000,7.000,1.0,1,1.0
7,33,552.000,431.000,4.000,6.000,1.0,1,1.0
8,33,549.000,430.000,5.000,5.000,1.0,1,1.0
9,33,548.000,428.000,5.000,6.000,1.0,1,1.0
10,33,547.000,427.000,5.000,6.000,1.0,1,1.0
11,33,546.000,425.000,6.000,6.000,1.0,1,1.0
12,33,546.000,424.000,5.000,6.000,1.0,1,1.0
13,33,545.000,423.000,6.000,7.000,1.0,1,1.0
14,33,545.000,422.000,6.000,7.000,1.0,1,1.0
15,33,545.000,421.000,5.000,7.000,1.0,1,1.0
16,33,544.000,420.000,6.000,6.000,1.0,1,1.0
17,33,544.000,419.000,5.000,7.000,1.0,1,1.0
18,33,543.000,419.000,5.000,6.000,1.0,1,1.0
19,33,541.000,418.000,6.000,6.000,1.0,1,1.0
20,33,539.000,419.000,7.000,3.000,1.0,1,1.0
21,33,537.000,418.000,7.000,4.000,1.0,1,1.0
22,33,535.000,418.000,7.000,3.000,1.0,1,1.0
23,33,535.000,418.000,7.000,3.000,1.0,1,1.0
24,33,534.000,417.000,7.000,3.000,1.0,1,1.0
25,33,535.000,416.000,6.000,5.000,1.0,1,1.0
26,33,536.000,414.000,5.000,6.000,1.0,1,1.0
27,33,536.000,413.000,4.000,6.000,1.0,1,1.0
28,33,535.000,411.000,5.000,7.000,1.0,1,1.0
29,33,535.000,409.000,4.000,7.000,1.0,1,1.0
30,33,535.000,407.000,4.000,7.000,1.0,1,1.0
31,33,535.000,405.000,3.000,7.000,1.0,1,1.0
32,33,534.000,402.000,4.000,8.000,1.0,1,1.0
33,33,534.000,399.000,4.000,8.000,1.0,1,1.0
34,33,533.000,396.000,4.000,8.000,1.0,1,1.0
35,33,533.000,393.000,3.000,8.000,1.0,1,1.0
36,33,532.000,390.000,4.000,8.000,1.0,1,1.0
37,33,532.000,388.000,4.000,7.000,1.0,1,1.0
38,33,532.000,386.000,3.000,7.000,1.0,1,1.0
39,33,530.000,384.000,5.000,7.000,1.0,1,1.0
40,33,528.000,382.000,6.000,6.000,1.0,1,1.0
41,33,526.000,380.000,6.000,6.000,1.0,1,1.0
42,33,524.000,379.000,6.000,5.000,1.0,1,1.0
43,33,523.000,378.000,7.000,6.000,1.0,1,1.0
44,33,523.000,377.000,6.000,6.000,1.0,1,1.0
45,33,522.000,376.000,6.000,6.000,1.0,1,1.0
46,33,522.000,376.000,6.000,6.000,1.0,1,1.0
47,33,522.000,376.000,6.000,6.000,1.0,1,1.0
48,33,521.000,376.000,7.000,5.000,1.0,1,1.0
49,33,521.000,375.000,6.000,5.000,1.0,1,1.0
50,33,515.000,372.000,7.000,3.000,1.0,1,1.0
51,33,492.000,355.000,4.000,5.000,1.0,1,1.0
52,33,492.000,355.000,4.000,6.000,1.0,1,1.0
53,33,492.000,354.000,4.000,6.000,1.0,1,1.0
54,33,493.000,354.000,3.000,6.000,1.0,1,1.0
55,33,493.000,353.000,3.000,6.000,1.0,1,1.0
56,33,492.000,353.000,4.000,5.000,1.0,1,1.0
57,33,492.000,353.000,4.000,4.000,1.0,1,1.0
58,33,492.000,354.000,4.000,3.000,1.0,1,1.0
59,33,493.000,354.000,4.000,3.000,1.0,1,1.0
60,33,493.000,354.000,4.000,3.000,1.0,1,1.0
61,33,493.000,354.000,5.000,3.000,1.0,1,1.0
62,33,494.000,355.000,4.000,3.000,1.0,1,1.0
63,33,494.000,355.000,5.000,4.000,1.0,1,1.0
64,33,494.000,355.000,5.000,4.000,1.0,1,1.0
65,33,494.000,356.000,6.000,3.000,1.0,1,1.0
66,33,494.000,356.000,6.000,3.000,1.0,1,1.0
67,33,494.000,356.000,5.000,3.000,1.0,1,1.0
68,33,494.000,356.000,6.000,3.000,1.0,1,1.0
69,33,495.000,356.000,4.000,3.000,1.0,1,1.0
70,33,495.000,356.000,4.000,3.000,1.0,1,1.0
71,33,495.000,356.000,4.000,3.000,1.0,1,1.0
72,33,495.000,356.000,4.000,3.000,1.0,1,1.0
73,33,495.000,356.000,4.000,3.000,1.0,1,1.0
74,33,495.000,355.000,5.000,5.000,1.0,1,1.0
75,33,495.000,356.000,5.000,5.000,1.0,1,1.0
76,33,495.000,356.000,6.000,5.000,1.0,1,1.0
77,33,495.000,357.000,6.000,5.000,1.0,1,1.0
78,33,496.000,358.000,6.000,5.000,1.0,1,1.0
79,33,496.000,359.000,6.000,4.000,1.0,1,1.0
80,33,497.000,359.000,5.000,5.000,1.0,1,1.0
81,33,497.000,359.000,5.000,5.000,1.0,1,1.0
82,33,496.000,359.000,6.000,5.000,1.0,1,1.0
83,33,496.000,359.000,6.000,4.000,1.0,1,1.0
84,33,539.000,358.000,8.000,6.000,1.0,1,1.0
85,33,557.000,353.000,3.000,7.000,1.0,1,1.0
86,33,557.000,353.000,4.000,7.000,1.0,1,1.0
87,33,557.000,352.000,4.000,7.000,1.0,1,1.0
88,33,557.000,351.000,4.000,7.000,1.0,1,1.0
89,33,557.000,349.000,4.000,7.000,1.0,1,1.0
90,33,557.000,347.000,3.000,8.000,1.0,1,1.0
91,33,556.000,346.000,4.000,7.000,1.0,1,1.0
92,33,556.000,344.000,4.000,7.000,1.0,1,1.0
93,33,555.000,343.000,4.000,6.000,1.0,1,1.0
94,33,554.000,341.000,5.000,7.000,1.0,1,1.0
95,33,553.000,340.000,5.000,6.000,1.0,1,1.0
96,33,551.000,339.000,6.000,6.000,1.0,1,1.0
97,33,550.000,338.000,6.000,6.000,1.0,1,1.0
98,33,549.000,338.000,6.000,5.000,1.0,1,1.0
99,33,547.000,338.000,7.000,4.000,1.0,1,1.0
100,33,546.000,338.000,6.000,4.000,1.0,1,1.0
101,33,545.000,338.000,6.000,3.000,1.0,1,1.0
102,33,544.000,337.000,6.000,4.000,1.0,1,1.0
103,33,543.000,337.000,7.000,4.000,1.0,1,1.0
104,33,543.000,337.000,7.000,4.000,1.0,1,1.0
105,33,543.000,337.000,7.000,4.000,1.0,1,1.0
106,33,531.000,334.000,8.000,3.000,1.0,1,1.0
107,33,495.000,324.000,4.000,5.000,1.0,1,1.0
108,33,495.000,323.000,4.000,7.000,1.0,1,1.0
109,33,495.000,323.000,4.000,7.000,1.0,1,1.0
110,33,495.000,322.000,4.000,7.000,1.0,1,1.0
111,33,495.000,322.000,4.000,7.000,1.0,1,1.0
112,33,495.000,322.000,4.000,7.000,1.0,1,1.0
113,33,495.000,321.000,4.000,7.000,1.0,1,1.0
114,33,495.000,322.000,5.000,5.000,1.0,1,1.0
115,33,495.000,323.000,6.000,4.000,1.0,1,1.0
116,33,496.000,324.000,6.000,3.000,1.0,1,1.0
117,33,497.000,324.000,6.000,4.000,1.0,1,1.0
118,33,498.000,325.000,6.000,4.000,1.0,1,1.0
119,33,499.000,326.000,6.000,4.000,1.0,1,1.0
120,33,499.000,326.000,7.000,5.000,1.0,1,1.0
121,33,500.000,326.000,7.000,5.000,1.0,1,1.0
122,33,500.000,326.000,7.000,5.000,1.0,1,1.0
123,33,501.000,326.000,7.000,5.000,1.0,1,1.0
124,33,502.000,326.000,6.000,5.000,1.0,1,1.0
125,33,502.000,327.000,6.000,5.000,1.0,1,1.0
126,33,501.000,327.000,7.000,5.000,1.0,1,1.0
127,33,502.000,327.000,6.000,4.000,1.0,1,1.0
128,33,502.000,327.000,7.000,4.000,1.0,1,1.0
129,33,502.000,327.000,7.000,4.000,1.0,1,1.0
130,33,501.000,326.000,7.000,5.000,1.0,1,1.0
131,33,502.000,323.000,6.000,7.000,1.0,1,1.0
132,33,503.000,320.000,4.000,8.000,1.0,1,1.0
133,33,504.000,317.000,4.000,8.000,1.0,1,1.0
134,33,504.000,314.000,4.000,9.000,1.0,1,1.0
135,33,504.000,312.000,4.000,7.000,1.0,1,1.0
136,33,504.000,308.000,4.000,8.000,1.0,1,1.0
137,33,504.000,305.000,4.000,8.000,1.0,1,1.0
138,33,504.000,302.000,4.000,8.000,1.0,1,1.0
139,33,504.000,299.000,4.000,8.000,1.0,1,1.0
140,33,503.000,296.000,4.000,8.000,1.0,1,1.0
141,33,503.000,293.000,3.000,8.000,1.0,1,1.0
142,33,503.000,290.000,3.000,8.000,1.0,1,1.0
143,33,503.000,288.000,3.000,7.000,1.0,1,1.0
144,33,503.000,284.000,3.000,8.000,1.0,1,1.0
145,33,503.000,282.000,4.000,8.000,1.0,1,1.0
146,33,503.000,280.000,4.000,8.000,1.0,1,1.0
147,33,503.000,278.000,3.000,8.000,1.0,1,1.0
148,33,503.000,276.000,4.000,8.000,1.0,1,1.0
149,33,503.000,275.000,4.000,7.000,1.0,1,1.0
150,33,503.000,273.000,4.000,8.000,1.0,1,1.0
151,33,503.000,270.000,4.000,8.000,1.0,1,1.0
152,33,503.000,267.000,4.000,8.000,1.0,1,1.0
153,33,503.000,265.000,3.000,7.000,1.0,1,1.0
154,33,502.000,262.000,4.000,7.000,1.0,1,1.0
155,33,502.000,259.000,3.000,7.000,1.0,1,1.0
156,33,501.000,256.000,4.000,8.000,1.0,1,1.0
157,33,500.000,254.000,4.000,7.000,1.0,1,1.0
158,33,500.000,252.000,3.000,7.000,1.0,1,1.0
159,33,499.000,249.000,4.000,7.000,1.0,1,1.0
160,33,498.000,248.000,4.000,6.000,1.0,1,1.0
161,33,496.000,246.000,5.000,6.000,1.0,1,1.0
162,33,496.000,244.000,4.000,6.000,1.0,1,1.0
163,33,495.000,242.000,4.000,6.000,1.0,1,1.0
164,33,494.000,240.000,4.000,6.000,1.0,1,1.0
165,33,494.000,238.000,3.000,5.000,1.0,1,1.0
166,33,493.000,235.000,3.000,6.000,1.0,1,1.0
167,33,493.000,234.000,3.000,6.000,1.0,1,1.0
168,33,493.000,232.000,3.000,5.000,1.0,1,1.0
169,33,493.000,229.000,3.000,7.000,1.0,1,1.0
170,33,492.000,226.000,4.000,7.000,1.0,1,1.0
171,33,493.000,223.000,3.000,7.000,1.0,1,1.0
172,33,492.000,220.000,4.000,8.000,1.0,1,1.0
173,33,492.000,218.000,4.000,7.000,1.0,1,1.0
174,33,492.000,214.000,4.000,7.000,1.0,1,1.0
175,33,493.000,212.000,3.000,6.000,1.0,1,1.0
176,33,492.000,209.000,4.000,7.000,1.0,1,1.0
177,33,492.000,205.000,4.000,7.000,1.0,1,1.0
178,33,492.000,202.000,3.000,7.000,1.0,1,1.0
179,33,492.000,199.000,3.000,8.000,1.0,1,1.0
180,33,493.000,196.000,3.000,7.000,1.0,1,1.0
181,33,492.000,193.000,4.000,7.000,1.0,1,1.0
182,33,492.000,190.000,4.000,7.000,1.0,1,1.0
183,33,492.000,187.000,3.000,7.000,1.0,1,1.0
184,33,492.000,184.000,3.000,8.000,1.0,1,1.0
185,33,492.000,182.000,3.000,7.000,1.0,1,1.0
186,33,492.000,180.000,3.000,7.000,1.0,1,1.0
187,33,492.000,178.000,3.000,7.000,1.0,1,1.0
188,33,492.000,176.000,4.000,6.000,1.0,1,1.0
189,33,492.000,173.000,4.000,7.000,1.0,1,1.0
190,33,492.000,171.000,3.000,7.000,1.0,1,1.0
191,33,492.000,169.000,4.000,7.000,1.0,1,1.0
192,33,492.000,168.000,4.000,6.000,1.0,1,1.0
193,33,493.000,166.000,4.000,6.000,1.0,1,1.0
194,33,493.000,165.000,4.000,6.000,1.0,1,1.0
195,33,493.000,164.000,5.000,6.000,1.0,1,1.0
196,33,494.000,162.000,4.000,6.000,1.0,1,1.0
197,33,494.000,160.000,5.000,7.000,1.0,1,1.0
198,33,495.000,158.000,4.000,7.000,1.0,1,1.0
199,33,496.000,156.000,4.000,6.000,1.0,1,1.0
200,33,497.000,154.000,4.000,7.000,1.0,1,1.0
201,33,497.000,152.000,5.000,7.000,1.0,1,1.0
202,33,498.000,150.000,5.000,7.000,1.0,1,1.0
203,33,499.000,149.000,4.000,6.000,1.0,1,1.0
204,33,500.000,147.000,4.000,7.000,1.0,1,1.0
205,33,500.000,146.000,5.000,7.000,1.0,1,1.0
206,33,500.000,146.000,6.000,7.000,1.0,1,1.0
207,33,501.000,146.000,5.000,7.000,1.0,1,1.0
208,33,501.000,146.000,5.000,7.000,1.0,1,1.0
209,33,501.000,146.000,5.000,7.000,1.0,1,1.0
210,33,501.000,146.000,5.000,7.000,1.0,1,1.0
211,33,501.000,146.000,5.000,6.000,1.0,1,1.0
212,33,501.000,146.000,5.000,6.000,1.0,1,1.0
213,33,521.000,138.000,8.000,7.000,1.0,1,1.0
214,33,547.000,109.000,3.000,8.000,1.0,1,1.0
218,33,540.000,102.000,6.000,6.000,1.0,1,1.0
219,33,541.000,109.000,5.000,5.000,1.0,1,1.0
220,33,542.000,112.000,4.000,6.000,1.0,1,1.0
221,33,540.000,112.000,7.000,4.000,1.0,1,1.0
222,33,520.000,111.000,7.000,6.000,1.0,1,1.0
223,33,503.000,106.000,4.000,7.000,1.0,1,1.0
224,33,503.000,106.000,4.000,7.000,1.0,1,1.0
225,33,503.000,105.000,3.000,8.000,1.0,1,1.0
226,33,503.000,104.000,3.000,8.000,1.0,1,1.0
227,33,503.000,103.000,4.000,7.000,1.0,1,1.0
228,33,503.000,103.000,4.000,6.000,1.0,1,1.0
253,33,545.000,117.000,4.000,4.000,1.0,1,1.0
254,33,546.000,126.000,5.000,4.000,1.0,1,1.0
255,33,545.000,150.000,7.000,6.000,1.0,1,1.0
286,33,550.000,160.000,3.000,8.000,1.0,1,1.0
330,33,531.000,64.000,3.000,5.000,1.0,1,1.0
331,33,531.000,62.000,3.000,7.000,1.0,1,1.0
332,33,531.000,60.000,3.000,6.000,1.0,1,1.0
333,33,531.000,59.000,5.000,6.000,1.0,1,1.0
334,33,532.000,53.000,4.000,5.000,1.0,1,1.0
335,33,532.000,50.000,3.000,7.000,1.0,1,1.0
336,33,533.000,48.000,3.000,8.000,1.0,1,1.0
337,33,534.000,46.000,3.000,8.000,1.0,1,1.0
338,33,534.000,44.000,5.000,8.000,1.0,1,1.0
339,33,535.000,42.000,5.000,8.000,1.0,1,1.0
340,33,537.000,41.000,5.000,7.000,1.0,1,1.0
341,33,538.000,39.000,5.000,7.000,1.0,1,1.0
342,33,538.000,39.000,5.000,6.000,1.0,1,1.0
343,33,538.000,39.000,5.000,6.000,1.0,1,1.0
344,33,538.000,39.000,5.000,6.000,1.0,1,1.0
345,33,538.000,39.000,5.000,6.000,1.0,1,1.0
346,33,538.000,39.000,5.000,6.000,1.0,1,1.0
347,33,538.000,39.000,5.000,6.000,1.0,1,1.0
348,33,538.000,38.000,5.000,7.000,1.0,1,1.0
349,33,539.000,36.000,4.000,8.000,1.0,1,1.0
350,33,540.000,34.000,4.000,8.000,1.0,1,1.0
351,33,540.000,31.000,4.000,8.000,1.0,1,1.0
352,33,541.000,29.000,4.000,9.000,1.0,1,1.0
353,33,541.000,27.000,4.000,9.000,1.0,1,1.0
354,33,542.000,25.000,3.000,9.000,1.0,1,1.0
355,33,543.000,23.000,3.000,8.000,1.0,1,1.0
356,33,543.000,20.000,3.000,9.000,1.0,1,1.0
357,33,544.000,18.000,2.000,9.000,1.0,1,1.0
358,33,544.000,16.000,3.000,8.000,1.0,1,1.0
359,33,544.000,16.000,3.000,7.000,1.0,1,1.0
360,33,543.000,16.000,4.000,6.000,1.0,1,1.0
361,33,543.000,14.000,3.000,7.000,1.0,1,1.0
362,33,542.000,13.000,4.000,6.000,1.0,1,1.0
363,33,542.000,13.000,4.000,5.000,1.0,1,1.0
1,23,284.000,432.000,7.000,5.000,1.0,1,1.0
2,23,285.000,430.000,7.000,5.000,1.0,1,1.0
3,23,286.000,430.000,7.000,5.000,1.0,1,1.0
4,23,288.000,429.000,7.000,5.000,1.0,1,1.0
5,23,288.000,429.000,7.000,5.000,1.0,1,1.0
6,23,289.000,429.000,7.000,4.000,1.0,1,1.0
7,23,290.000,428.000,8.000,5.000,1.0,1,1.0
8,23,291.000,427.000,7.000,5.000,1.0,1,1.0
9,23,291.000,427.000,7.000,5.000,1.0,1,1.0
10,23,291.000,427.000,7.000,5.000,1.0,1,1.0
11,23,291.000,427.000,7.000,5.000,1.0,1,1.0
12,23,291.000,427.000,7.000,4.000,1.0,1,1.0
13,23,292.000,427.000,7.000,4.000,1.0,1,1.0
14,23,292.000,427.000,7.000,5.000,1.0,1,1.0
15,23,292.000,427.000,7.000,4.000,1.0,1,1.0
16,23,292.000,426.000,7.000,4.000,1.0,1,1.0
17,23,292.000,426.000,7.000,4.000,1.0,1,1.0
18,23,292.000,426.000,7.000,4.000,1.0,1,1.0
19,23,293.000,425.000,7.000,4.000,1.0,1,1.0
20,23,293.000,425.000,7.000,4.000,1.0,1,1.0
21,23,293.000,421.000,6.000,4.000,1.0,1,1.0
22,23,297.000,396.000,4.000,7.000,1.0,1,1.0
23,23,297.000,391.000,5.000,8.000,1.0,1,1.0
24,23,298.000,391.000,4.000,7.000,1.0,1,1.0
25,23,298.000,390.000,4.000,8.000,1.0,1,1.0
26,23,298.000,390.000,4.000,7.000,1.0,1,1.0
27,23,298.000,389.000,4.000,8.000,1.0,1,1.0
28,23,299.000,388.000,5.000,8.000,1.0,1,1.0
29,23,299.000,388.000,5.000,7.000,1.0,1,1.0
30,23,299.000,388.000,5.000,7.000,1.0,1,1.0
31,23,299.000,388.000,5.000,8.000,1.0,1,1.0
32,23,299.000,389.000,4.000,7.000,1.0,1,1.0
33,23,299.000,389.000,5.000,6.000,1.0,1,1.0
34,23,300.000,389.000,6.000,5.000,1.0,1,1.0
35,23,302.000,389.000,5.000,4.000,1.0,1,1.0
36,23,303.000,389.000,6.000,4.000,1.0,1,1.0
37,23,304.000,389.000,6.000,4.000,1.0,1,1.0
38,23,306.000,389.000,5.000,4.000,1.0,1,1.0
39,23,307.000,389.000,5.000,4.000,1.0,1,1.0
40,23,308.000,390.000,5.000,5.000,1.0,1,1.0
41,23,309.000,391.000,4.000,5.000,1.0,1,1.0
42,23,310.000,392.000,4.000,6.000,1.0,1,1.0
43,23,311.000,393.000,3.000,6.000,1.0,1,1.0
44,23,311.000,395.000,4.000,5.000,1.0,1,1.0
45,23,312.000,396.000,3.000,6.000,1.0,1,1.0
46,23,312.000,397.000,3.000,6.000,1.0,1,1.0
47,23,312.000,398.000,4.000,6.000,1.0,1,1.0
48,23,312.000,399.000,4.000,5.000,1.0,1,1.0
49,23,313.000,399.000,3.000,5.000,1.0,1,1.0
50,23,313.000,399.000,3.000,5.000,1.0,1,1.0
51,23,312.000,399.000,4.000,5.000,1.0,1,1.0
52,23,313.000,399.000,3.000,5.000,1.0,1,1.0
53,23,313.000,399.000,3.000,5.000,1.0,1,1.0
54,23,313.000,399.000,3.000,5.000,1.0,1,1.0
55,23,313.000,399.000,3.000,6.000,1.0,1,1.0
56,23,313.000,399.000,3.000,6.000,1.0,1,1.0
57,23,313.000,400.000,3.000,6.000,1.0,1,1.0
58,23,313.000,400.000,4.000,7.000,1.0,1,1.0
59,23,313.000,401.000,4.000,8.000,1.0,1,1.0
60,23,313.000,403.000,3.000,7.000,1.0,1,1.0
61,23,313.000,405.000,3.000,7.000,1.0,1,1.0
62,23,313.000,406.000,3.000,8.000,1.0,1,1.0
63,23,313.000,408.000,3.000,7.000,1.0,1,1.0
64,23,313.000,409.000,4.000,7.000,1.0,1,1.0
65,23,313.000,410.000,4.000,7.000,1.0,1,1.0
66,23,313.000,410.000,4.000,7.000,1.0,1,1.0
67,23,313.000,410.000,4.000,7.000,1.0,1,1.0
68,23,313.000,410.000,4.000,7.000,1.0,1,1.0
69,23,313.000,410.000,3.000,7.000,1.0,1,1.0
70,23,313.000,411.000,3.000,7.000,1.0,1,1.0
71,23,313.000,411.000,3.000,7.000,1.0,1,1.0
72,23,313.000,411.000,3.000,7.000,1.0,1,1.0
73,23,313.000,411.000,3.000,7.000,1.0,1,1.0
74,23,313.000,411.000,3.000,8.000,1.0,1,1.0
75,23,313.000,411.000,3.000,8.000,1.0,1,1.0
76,23,313.000,411.000,3.000,8.000,1.0,1,1.0
77,23,313.000,411.000,3.000,8.000,1.0,1,1.0
78,23,314.000,415.000,3.000,7.000,1.0,1,1.0
79,23,312.000,418.000,4.000,6.000,1.0,1,1.0
80,23,301.000,440.000,5.000,4.000,1.0,1,1.0
81,23,301.000,440.000,5.000,4.000,1.0,1,1.0
82,23,301.000,440.000,5.000,3.000,1.0,1,1.0
83,23,301.000,440.000,4.000,3.000,1.0,1,1.0
84,23,300.000,440.000,5.000,3.000,1.0,1,1.0
85,23,300.000,439.000,5.000,4.000,1.0,1,1.0
86,23,300.000,439.000,5.000,4.000,1.0,1,1.0
87,23,300.000,439.000,5.000,4.000,1.0,1,1.0
88,23,300.000,439.000,5.000,4.000,1.0,1,1.0
89,23,300.000,439.000,5.000,4.000,1.0,1,1.0
90,23,301.000,439.000,4.000,4.000,1.0,1,1.0
91,23,302.000,439.000,4.000,3.000,1.0,1,1.0
92,23,303.000,438.000,4.000,4.000,1.0,1,1.0
93,23,304.000,438.000,4.000,4.000,1.0,1,1.0
94,23,305.000,438.000,5.000,4.000,1.0,1,1.0
95,23,306.000,438.000,4.000,4.000,1.0,1,1.0
96,23,306.000,438.000,5.000,4.000,1.0,1,1.0
97,23,307.000,439.000,5.000,3.000,1.0,1,1.0
98,23,308.000,439.000,5.000,3.000,1.0,1,1.0
99,23,308.000,439.000,5.000,3.000,1.0,1,1.0
100,23,308.000,438.000,5.000,4.000,1.0,1,1.0
101,23,308.000,438.000,5.000,4.000,1.0,1,1.0
102,23,309.000,438.000,5.000,4.000,1.0,1,1.0
103,23,310.000,439.000,4.000,3.000,1.0,1,1.0
104,23,310.000,439.000,5.000,3.000,1.0,1,1.0
105,23,310.000,439.000,5.000,4.000,1.0,1,1.0
106,23,311.000,439.000,4.000,4.000,1.0,1,1.0
107,23,311.000,439.000,5.000,4.000,1.0,1,1.0
108,23,311.000,440.000,5.000,3.000,1.0,1,1.0
109,23,311.000,440.000,5.000,3.000,1.0,1,1.0
110,23,311.000,440.000,5.000,3.000,1.0,1,1.0
111,23,311.000,440.000,4.000,4.000,1.0,1,1.0
112,23,311.000,439.000,4.000,5.000,1.0,1,1.0
113,23,311.000,440.000,4.000,4.000,1.0,1,1.0
114,23,311.000,440.000,4.000,3.000,1.0,1,1.0
115,23,311.000,439.000,4.000,4.000,1.0,1,1.0
116,23,311.000,440.000,4.000,3.000,1.0,1,1.0
117,23,311.000,440.000,4.000,3.000,1.0,1,1.0
118,23,311.000,440.000,4.000,3.000,1.0,1,1.0
119,23,311.000,439.000,4.000,4.000,1.0,1,1.0
120,23,310.000,439.000,4.000,4.000,1.0,1,1.0
121,23,309.000,439.000,4.000,4.000,1.0,1,1.0
122,23,308.000,439.000,4.000,4.000,1.0,1,1.0
123,23,308.000,439.000,4.000,4.000,1.0,1,1.0
124,23,307.000,439.000,3.000,4.000,1.0,1,1.0
125,23,306.000,439.000,4.000,4.000,1.0,1,1.0
126,23,305.000,440.000,4.000,3.000,1.0,1,1.0
127,23,305.000,440.000,3.000,4.000,1.0,1,1.0
128,23,304.000,440.000,4.000,4.000,1.0,1,1.0
129,23,304.000,441.000,4.000,3.000,1.0,1,1.0
130,23,304.000,440.000,4.000,6.000,1.0,1,1.0
131,23,304.000,440.000,5.000,6.000,1.0,1,1.0
132,23,304.000,440.000,5.000,6.000,1.0,1,1.0
133,23,304.000,440.000,5.000,6.000,1.0,1,1.0
134,23,304.000,441.000,4.000,5.000,1.0,1,1.0
135,23,303.000,441.000,4.000,4.000,1.0,1,1.0
136,23,301.000,441.000,5.000,4.000,1.0,1,1.0
137,23,299.000,442.000,5.000,3.000,1.0,1,1.0
138,23,297.000,442.000,6.000,3.000,1.0,1,1.0
139,23,295.000,442.000,6.000,3.000,1.0,1,1.0
140,23,293.000,442.000,6.000,4.000,1.0,1,1.0
141,23,292.000,442.000,6.000,4.000,1.0,1,1.0
142,23,290.000,442.000,7.000,4.000,1.0,1,1.0
143,23,287.000,442.000,8.000,4.000,1.0,1,1.0
144,23,285.000,442.000,8.000,4.000,1.0,1,1.0
145,23,283.000,442.000,7.000,4.000,1.0,1,1.0
146,23,281.000,442.000,7.000,4.000,1.0,1,1.0
147,23,279.000,441.000,9.000,5.000,1.0,1,1.0
148,23,279.000,442.000,7.000,4.000,1.0,1,1.0
149,23,278.000,442.000,8.000,4.000,1.0,1,1.0
150,23,277.000,442.000,7.000,4.000,1.0,1,1.0
151,23,276.000,442.000,7.000,3.000,1.0,1,1.0
152,23,274.000,442.000,8.000,3.000,1.0,1,1.0
153,23,273.000,442.000,8.000,4.000,1.0,1,1.0
154,23,272.000,441.000,7.000,4.000,1.0,1,1.0
155,23,270.000,441.000,7.000,3.000,1.0,1,1.0
156,23,269.000,440.000,6.000,4.000,1.0,1,1.0
157,23,267.000,440.000,6.000,4.000,1.0,1,1.0
158,23,266.000,440.000,5.000,4.000,1.0,1,1.0
159,23,264.000,440.000,6.000,4.000,1.0,1,1.0
160,23,263.000,440.000,6.000,4.000,1.0,1,1.0
161,23,262.000,440.000,5.000,4.000,1.0,1,1.0
162,23,261.000,440.000,5.000,4.000,1.0,1,1.0
163,23,261.000,440.000,4.000,4.000,1.0,1,1.0
164,23,260.000,440.000,5.000,4.000,1.0,1,1.0
165,23,261.000,439.000,4.000,5.000,1.0,1,1.0
166,23,261.000,440.000,4.000,4.000,1.0,1,1.0
167,23,262.000,439.000,3.000,5.000,1.0,1,1.0
168,23,262.000,439.000,4.000,5.000,1.0,1,1.0
169,23,263.000,439.000,3.000,4.000,1.0,1,1.0
170,23,263.000,438.000,4.000,5.000,1.0,1,1.0
171,23,263.000,438.000,4.000,4.000,1.0,1,1.0
172,23,264.000,438.000,3.000,4.000,1.0,1,1.0
173,23,263.000,438.000,4.000,4.000,1.0,1,1.0
174,23,262.000,438.000,4.000,4.000,1.0,1,1.0
175,23,260.000,438.000,5.000,4.000,1.0,1,1.0
176,23,258.000,438.000,5.000,4.000,1.0,1,1.0
177,23,256.000,437.000,6.000,4.000,1.0,1,1.0
178,23,256.000,437.000,5.000,4.000,1.0,1,1.0
179,23,255.000,437.000,5.000,4.000,1.0,1,1.0
180,23,254.000,437.000,6.000,4.000,1.0,1,1.0
181,23,254.000,437.000,5.000,4.000,1.0,1,1.0
182,23,254.000,438.000,5.000,4.000,1.0,1,1.0
183,23,254.000,438.000,5.000,4.000,1.0,1,1.0
184,23,254.000,439.000,5.000,4.000,1.0,1,1.0
185,23,254.000,438.000,5.000,5.000,1.0,1,1.0
186,23,253.000,439.000,5.000,4.000,1.0,1,1.0
187,23,253.000,438.000,6.000,5.000,1.0,1,1.0
188,23,253.000,437.000,7.000,6.000,1.0,1,1.0
189,23,253.000,436.000,6.000,6.000,1.0,1,1.0
190,23,253.000,435.000,6.000,7.000,1.0,1,1.0
191,23,252.000,434.000,4.000,8.000,1.0,1,1.0
192,23,252.000,432.000,3.000,9.000,1.0,1,1.0
193,23,252.000,430.000,3.000,8.000,1.0,1,1.0
194,23,252.000,428.000,3.000,8.000,1.0,1,1.0
195,23,252.000,427.000,3.000,8.000,1.0,1,1.0
196,23,252.000,425.000,3.000,8.000,1.0,1,1.0
197,23,252.000,423.000,4.000,8.000,1.0,1,1.0
198,23,252.000,421.000,3.000,7.000,1.0,1,1.0
199,23,252.000,419.000,3.000,7.000,1.0,1,1.0
200,23,252.000,417.000,3.000,8.000,1.0,1,1.0
201,23,253.000,414.000,3.000,8.000,1.0,1,1.0
202,23,253.000,412.000,3.000,8.000,1.0,1,1.0
203,23,253.000,411.000,4.000,7.000,1.0,1,1.0
204,23,253.000,409.000,4.000,7.000,1.0,1,1.0
205,23,254.000,407.000,3.000,7.000,1.0,1,1.0
206,23,254.000,405.000,3.000,7.000,1.0,1,1.0
207,23,254.000,402.000,3.000,8.000,1.0,1,1.0
208,23,253.000,400.000,4.000,8.000,1.0,1,1.0
209,23,253.000,398.000,3.000,8.000,1.0,1,1.0
210,23,252.000,397.000,4.000,8.000,1.0,1,1.0
211,23,252.000,395.000,4.000,8.000,1.0,1,1.0
212,23,252.000,394.000,3.000,8.000,1.0,1,1.0
213,23,251.000,393.000,4.000,7.000,1.0,1,1.0
214,23,251.000,391.000,4.000,7.000,1.0,1,1.0
215,23,251.000,389.000,3.000,7.000,1.0,1,1.0
216,23,251.000,387.000,3.000,8.000,1.0,1,1.0
217,23,250.000,385.000,4.000,8.000,1.0,1,1.0
218,23,249.000,384.000,4.000,7.000,1.0,1,1.0
219,23,249.000,383.000,4.000,7.000,1.0,1,1.0
220,23,249.000,381.000,4.000,8.000,1.0,1,1.0
221,23,249.000,380.000,3.000,7.000,1.0,1,1.0
222,23,249.000,378.000,3.000,7.000,1.0,1,1.0
223,23,248.000,376.000,4.000,8.000,1.0,1,1.0
224,23,248.000,375.000,4.000,7.000,1.0,1,1.0
225,23,248.000,373.000,4.000,7.000,1.0,1,1.0
226,23,248.000,371.000,4.000,7.000,1.0,1,1.0
227,23,248.000,369.000,4.000,8.000,1.0,1,1.0
228,23,249.000,367.000,3.000,8.000,1.0,1,1.0
229,23,249.000,366.000,4.000,7.000,1.0,1,1.0
230,23,249.000,365.000,4.000,7.000,1.0,1,1.0
231,23,250.000,363.000,3.000,7.000,1.0,1,1.0
232,23,250.000,361.000,4.000,8.000,1.0,1,1.0
233,23,250.000,360.000,4.000,7.000,1.0,1,1.0
234,23,251.000,358.000,3.000,7.000,1.0,1,1.0
235,23,251.000,356.000,3.000,7.000,1.0,1,1.0
236,23,250.000,354.000,4.000,8.000,1.0,1,1.0
237,23,250.000,351.000,4.000,8.000,1.0,1,1.0
238,23,250.000,349.000,4.000,8.000,1.0,1,1.0
239,23,250.000,347.000,4.000,8.000,1.0,1,1.0
240,23,250.000,344.000,4.000,9.000,1.0,1,1.0
241,23,250.000,342.000,4.000,8.000,1.0,1,1.0
242,23,250.000,339.000,4.000,9.000,1.0,1,1.0
243,23,250.000,338.000,4.000,8.000,1.0,1,1.0
244,23,250.000,335.000,3.000,8.000,1.0,1,1.0
245,23,250.000,333.000,3.000,8.000,1.0,1,1.0
246,23,250.000,331.000,3.000,8.000,1.0,1,1.0
247,23,250.000,329.000,3.000,9.000,1.0,1,1.0
248,23,250.000,327.000,3.000,8.000,1.0,1,1.0
249,23,250.000,325.000,3.000,8.000,1.0,1,1.0
250,23,249.000,323.000,4.000,8.000,1.0,1,1.0
251,23,249.000,321.000,4.000,8.000,1.0,1,1.0
252,23,249.000,320.000,4.000,7.000,1.0,1,1.0
253,23,249.000,318.000,4.000,7.000,1.0,1,1.0
254,23,250.000,316.000,4.000,8.000,1.0,1,1.0
255,23,250.000,316.000,4.000,7.000,1.0,1,1.0
256,23,251.000,315.000,5.000,6.000,1.0,1,1.0
257,23,252.000,314.000,4.000,6.000,1.0,1,1.0
258,23,253.000,313.000,4.000,6.000,1.0,1,1.0
259,23,254.000,312.000,5.000,6.000,1.0,1,1.0
260,23,255.000,312.000,5.000,6.000,1.0,1,1.0
261,23,256.000,311.000,5.000,6.000,1.0,1,1.0
262,23,257.000,312.000,6.000,4.000,1.0,1,1.0
263,23,259.000,313.000,6.000,3.000,1.0,1,1.0
264,23,260.000,314.000,7.000,3.000,1.0,1,1.0
265,23,262.000,313.000,7.000,4.000,1.0,1,1.0
266,23,264.000,314.000,7.000,3.000,1.0,1,1.0
267,23,266.000,314.000,7.000,3.000,1.0,1,1.0
268,23,268.000,315.000,7.000,3.000,1.0,1,1.0
269,23,270.000,315.000,6.000,3.000,1.0,1,1.0
270,23,271.000,315.000,7.000,3.000,1.0,1,1.0
271,23,273.000,315.000,7.000,3.000,1.0,1,1.0
272,23,275.000,314.000,7.000,4.000,1.0,1,1.0
273,23,276.000,313.000,7.000,4.000,1.0,1,1.0
274,23,277.000,312.000,6.000,4.000,1.0,1,1.0
275,23,279.000,309.000,5.000,6.000,1.0,1,1.0
276,23,280.000,308.000,5.000,6.000,1.0,1,1.0
277,23,281.000,305.000,5.000,6.000,1.0,1,1.0
278,23,283.000,304.000,5.000,6.000,1.0,1,1.0
279,23,284.000,302.000,5.000,6.000,1.0,1,1.0
280,23,286.000,301.000,5.000,6.000,1.0,1,1.0
281,23,288.000,299.000,6.000,6.000,1.0,1,1.0
282,23,289.000,297.000,6.000,6.000,1.0,1,1.0
283,23,291.000,295.000,5.000,6.000,1.0,1,1.0
284,23,292.000,292.000,6.000,7.000,1.0,1,1.0
285,23,294.000,291.000,6.000,6.000,1.0,1,1.0
286,23,295.000,290.000,5.000,6.000,1.0,1,1.0
287,23,296.000,289.000,6.000,6.000,1.0,1,1.0
288,23,299.000,288.000,5.000,6.000,1.0,1,1.0
289,23,300.000,288.000,6.000,5.000,1.0,1,1.0
290,23,302.000,287.000,6.000,5.000,1.0,1,1.0
291,23,303.000,286.000,6.000,5.000,1.0,1,1.0
292,23,304.000,286.000,6.000,4.000,1.0,1,1.0
293,23,306.000,285.000,5.000,5.000,1.0,1,1.0
294,23,308.000,284.000,5.000,5.000,1.0,1,1.0
295,23,309.000,283.000,5.000,5.000,1.0,1,1.0
296,23,310.000,282.000,4.000,5.000,1.0,1,1.0
297,23,311.000,282.000,4.000,5.000,1.0,1,1.0
298,23,312.000,281.000,4.000,5.000,1.0,1,1.0
299,23,312.000,281.000,4.000,5.000,1.0,1,1.0
300,23,313.000,281.000,4.000,4.000,1.0,1,1.0
301,23,313.000,281.000,4.000,5.000,1.0,1,1.0
302,23,313.000,282.000,4.000,5.000,1.0,1,1.0
303,23,313.000,283.000,4.000,5.000,1.0,1,1.0
304,23,312.000,284.000,4.000,5.000,1.0,1,1.0
305,23,311.000,285.000,5.000,5.000,1.0,1,1.0
306,23,310.000,285.000,5.000,5.000,1.0,1,1.0
307,23,309.000,285.000,5.000,5.000,1.0,1,1.0
308,23,308.000,285.000,5.000,4.000,1.0,1,1.0
309,23,306.000,285.000,6.000,4.000,1.0,1,1.0
310,23,304.000,284.000,6.000,5.000,1.0,1,1.0
311,23,302.000,284.000,6.000,4.000,1.0,1,1.0
312,23,300.000,283.000,7.000,5.000,1.0,1,1.0
313,23,298.000,282.000,7.000,5.000,1.0,1,1.0
314,23,296.000,280.000,6.000,6.000,1.0,1,1.0
315,23,295.000,278.000,6.000,7.000,1.0,1,1.0
316,23,293.000,276.000,6.000,7.000,1.0,1,1.0
317,23,291.000,274.000,6.000,7.000,1.0,1,1.0
318,23,290.000,272.000,5.000,7.000,1.0,1,1.0
319,23,288.000,271.000,6.000,7.000,1.0,1,1.0
320,23,287.000,269.000,5.000,7.000,1.0,1,1.0
321,23,284.000,267.000,6.000,7.000,1.0,1,1.0
322,23,282.000,266.000,6.000,6.000,1.0,1,1.0
323,23,280.000,264.000,6.000,7.000,1.0,1,1.0
324,23,279.000,263.000,6.000,6.000,1.0,1,1.0
325,23,277.000,262.000,6.000,7.000,1.0,1,1.0
326,23,276.000,261.000,6.000,7.000,1.0,1,1.0
327,23,275.000,260.000,6.000,7.000,1.0,1,1.0
328,23,274.000,260.000,7.000,6.000,1.0,1,1.0
329,23,273.000,260.000,7.000,5.000,1.0,1,1.0
330,23,272.000,260.000,7.000,5.000,1.0,1,1.0
331,23,271.000,260.000,8.000,5.000,1.0,1,1.0
332,23,272.000,260.000,7.000,5.000,1.0,1,1.0
333,23,272.000,260.000,7.000,4.000,1.0,1,1.0
334,23,272.000,260.000,7.000,4.000,1.0,1,1.0
335,23,272.000,260.000,7.000,4.000,1.0,1,1.0
336,23,272.000,260.000,7.000,4.000,1.0,1,1.0
337,23,272.000,254.000,4.000,5.000,1.0,1,1.0
338,23,257.000,237.000,5.000,6.000,1.0,1,1.0
339,23,259.000,237.000,4.000,6.000,1.0,1,1.0
340,23,259.000,235.000,4.000,7.000,1.0,1,1.0
341,23,259.000,234.000,4.000,7.000,1.0,1,1.0
342,23,259.000,233.000,4.000,7.000,1.0,1,1.0
343,23,258.000,232.000,5.000,7.000,1.0,1,1.0
344,23,258.000,231.000,4.000,7.000,1.0,1,1.0
345,23,257.000,229.000,4.000,7.000,1.0,1,1.0
346,23,257.000,227.000,4.000,7.000,1.0,1,1.0
347,23,257.000,225.000,3.000,7.000,1.0,1,1.0
348,23,256.000,222.000,4.000,8.000,1.0,1,1.0
349,23,256.000,220.000,3.000,8.000,1.0,1,1.0
350,23,256.000,217.000,3.000,8.000,1.0,1,1.0
351,23,256.000,215.000,4.000,9.000,1.0,1,1.0
352,23,257.000,214.000,3.000,8.000,1.0,1,1.0
353,23,257.000,212.000,3.000,8.000,1.0,1,1.0
354,23,257.000,210.000,4.000,8.000,1.0,1,1.0
355,23,258.000,208.000,3.000,7.000,1.0,1,1.0
356,23,258.000,206.000,4.000,7.000,1.0,1,1.0
357,23,258.000,204.000,5.000,8.000,1.0,1,1.0
358,23,259.000,202.000,5.000,8.000,1.0,1,1.0
359,23,261.000,200.000,4.000,7.000,1.0,1,1.0
360,23,262.000,198.000,4.000,7.000,1.0,1,1.0
361,23,263.000,196.000,5.000,7.000,1.0,1,1.0
362,23,264.000,195.000,5.000,7.000,1.0,1,1.0
363,23,265.000,192.000,5.000,8.000,1.0,1,1.0
1,45,681.000,427.000,4.000,8.000,1.0,1,1.0
2,45,680.000,426.000,4.000,8.000,1.0,1,1.0
3,45,680.000,425.000,4.000,8.000,1.0,1,1.0
4,45,681.000,425.000,4.000,7.000,1.0,1,1.0
5,45,681.000,425.000,3.000,7.000,1.0,1,1.0
6,45,681.000,425.000,3.000,7.000,1.0,1,1.0
7,45,681.000,424.000,3.000,7.000,1.0,1,1.0
8,45,681.000,423.000,4.000,8.000,1.0,1,1.0
9,45,681.000,422.000,3.000,7.000,1.0,1,1.0
10,45,681.000,421.000,4.000,7.000,1.0,1,1.0
11,45,680.000,420.000,4.000,6.000,1.0,1,1.0
12,45,680.000,419.000,4.000,6.000,1.0,1,1.0
13,45,681.000,418.000,3.000,7.000,1.0,1,1.0
14,45,680.000,417.000,4.000,7.000,1.0,1,1.0
15,45,680.000,416.000,4.000,7.000,1.0,1,1.0
16,45,680.000,416.000,4.000,6.000,1.0,1,1.0
17,45,680.000,416.000,3.000,5.000,1.0,1,1.0
18,45,679.000,415.000,4.000,5.000,1.0,1,1.0
19,45,679.000,415.000,4.000,4.000,1.0,1,1.0
20,45,678.000,414.000,4.000,5.000,1.0,1,1.0
21,45,677.000,413.000,5.000,6.000,1.0,1,1.0
22,45,677.000,411.000,4.000,6.000,1.0,1,1.0
23,45,677.000,410.000,4.000,6.000,1.0,1,1.0
24,45,676.000,408.000,5.000,7.000,1.0,1,1.0
25,45,676.000,407.000,4.000,6.000,1.0,1,1.0
26,45,676.000,405.000,4.000,7.000,1.0,1,1.0
27,45,674.000,403.000,5.000,7.000,1.0,1,1.0
28,45,674.000,402.000,4.000,7.000,1.0,1,1.0
29,45,673.000,400.000,5.000,7.000,1.0,1,1.0
30,45,673.000,398.000,4.000,8.000,1.0,1,1.0
31,45,672.000,397.000,4.000,8.000,1.0,1,1.0
32,45,671.000,396.000,5.000,7.000,1.0,1,1.0
33,45,671.000,395.000,4.000,6.000,1.0,1,1.0
34,45,670.000,393.000,4.000,7.000,1.0,1,1.0
35,45,669.000,392.000,5.000,6.000,1.0,1,1.0
36,45,667.000,391.000,6.000,6.000,1.0,1,1.0
37,45,666.000,390.000,6.000,6.000,1.0,1,1.0
38,45,664.000,389.000,7.000,5.000,1.0,1,1.0
39,45,663.000,388.000,6.000,5.000,1.0,1,1.0
40,45,662.000,387.000,6.000,6.000,1.0,1,1.0
41,45,660.000,387.000,7.000,4.000,1.0,1,1.0
42,45,659.000,385.000,6.000,5.000,1.0,1,1.0
43,45,658.000,385.000,7.000,4.000,1.0,1,1.0
44,45,657.000,384.000,6.000,5.000,1.0,1,1.0
45,45,655.000,382.000,7.000,5.000,1.0,1,1.0
46,45,654.000,381.000,7.000,5.000,1.0,1,1.0
47,45,653.000,380.000,7.000,5.000,1.0,1,1.0
48,45,651.000,379.000,8.000,6.000,1.0,1,1.0
49,45,650.000,380.000,7.000,3.000,1.0,1,1.0
50,45,648.000,380.000,7.000,3.000,1.0,1,1.0
51,45,646.000,381.000,8.000,3.000,1.0,1,1.0
52,45,645.000,381.000,7.000,4.000,1.0,1,1.0
53,45,644.000,381.000,7.000,4.000,1.0,1,1.0
54,45,643.000,381.000,7.000,4.000,1.0,1,1.0
55,45,643.000,380.000,7.000,4.000,1.0,1,1.0
56,45,642.000,379.000,8.000,4.000,1.0,1,1.0
57,45,641.000,377.000,7.000,6.000,1.0,1,1.0
58,45,641.000,376.000,6.000,6.000,1.0,1,1.0
59,45,640.000,375.000,6.000,6.000,1.0,1,1.0
60,45,639.000,374.000,7.000,6.000,1.0,1,1.0
61,45,639.000,373.000,6.000,6.000,1.0,1,1.0
62,45,638.000,372.000,6.000,6.000,1.0,1,1.0
63,45,637.000,371.000,6.000,6.000,1.0,1,1.0
64,45,636.000,370.000,6.000,6.000,1.0,1,1.0
65,45,634.000,369.000,6.000,6.000,1.0,1,1.0
66,45,633.000,368.000,7.000,7.000,1.0,1,1.0
67,45,632.000,368.000,7.000,5.000,1.0,1,1.0
68,45,631.000,367.000,7.000,5.000,1.0,1,1.0
69,45,630.000,366.000,7.000,6.000,1.0,1,1.0
70,45,628.000,366.000,7.000,4.000,1.0,1,1.0
71,45,627.000,365.000,6.000,4.000,1.0,1,1.0
72,45,626.000,365.000,6.000,4.000,1.0,1,1.0
73,45,625.000,364.000,6.000,4.000,1.0,1,1.0
74,45,623.000,363.000,7.000,4.000,1.0,1,1.0
75,45,622.000,363.000,6.000,4.000,1.0,1,1.0
76,45,621.000,362.000,6.000,4.000,1.0,1,1.0
77,45,620.000,361.000,6.000,4.000,1.0,1,1.0
78,45,619.000,361.000,5.000,4.000,1.0,1,1.0
79,45,617.000,361.000,6.000,3.000,1.0,1,1.0
80,45,617.000,361.000,4.000,3.000,1.0,1,1.0
81,45,616.000,360.000,4.000,4.000,1.0,1,1.0
82,45,616.000,360.000,3.000,4.000,1.0,1,1.0
83,45,615.000,360.000,3.000,3.000,1.0,1,1.0
84,45,614.000,360.000,4.000,4.000,1.0,1,1.0
85,45,614.000,359.000,3.000,4.000,1.0,1,1.0
86,45,614.000,359.000,3.000,4.000,1.0,1,1.0
87,45,614.000,359.000,3.000,4.000,1.0,1,1.0
88,45,614.000,359.000,2.000,3.000,1.0,1,1.0
89,45,614.000,359.000,2.000,4.000,1.0,1,1.0
90,45,613.000,359.000,3.000,3.000,1.0,1,1.0
91,45,613.000,357.000,4.000,5.000,1.0,1,1.0
92,45,613.000,356.000,4.000,5.000,1.0,1,1.0
93,45,613.000,355.000,4.000,5.000,1.0,1,1.0
94,45,614.000,354.000,3.000,5.000,1.0,1,1.0
95,45,613.000,353.000,5.000,6.000,1.0,1,1.0
96,45,614.000,353.000,4.000,5.000,1.0,1,1.0
97,45,614.000,352.000,5.000,5.000,1.0,1,1.0
98,45,614.000,351.000,5.000,5.000,1.0,1,1.0
99,45,615.000,350.000,5.000,5.000,1.0,1,1.0
100,45,616.000,349.000,5.000,5.000,1.0,1,1.0
101,45,616.000,348.000,6.000,5.000,1.0,1,1.0
102,45,617.000,347.000,6.000,5.000,1.0,1,1.0
103,45,618.000,346.000,6.000,5.000,1.0,1,1.0
104,45,619.000,345.000,6.000,5.000,1.0,1,1.0
105,45,620.000,343.000,6.000,6.000,1.0,1,1.0
106,45,621.000,341.000,6.000,6.000,1.0,1,1.0
107,45,622.000,340.000,6.000,6.000,1.0,1,1.0
108,45,623.000,338.000,6.000,7.000,1.0,1,1.0
109,45,625.000,336.000,4.000,8.000,1.0,1,1.0
110,45,625.000,334.000,4.000,8.000,1.0,1,1.0
111,45,626.000,332.000,4.000,8.000,1.0,1,1.0
112,45,626.000,330.000,5.000,8.000,1.0,1,1.0
113,45,627.000,328.000,4.000,8.000,1.0,1,1.0
114,45,627.000,326.000,4.000,8.000,1.0,1,1.0
115,45,628.000,323.000,3.000,9.000,1.0,1,1.0
116,45,628.000,321.000,4.000,8.000,1.0,1,1.0
117,45,628.000,319.000,4.000,8.000,1.0,1,1.0
118,45,628.000,317.000,4.000,9.000,1.0,1,1.0
119,45,629.000,315.000,3.000,9.000,1.0,1,1.0
120,45,629.000,313.000,3.000,7.000,1.0,1,1.0
121,45,629.000,311.000,3.000,8.000,1.0,1,1.0
122,45,629.000,308.000,3.000,8.000,1.0,1,1.0
123,45,628.000,306.000,4.000,8.000,1.0,1,1.0
124,45,628.000,304.000,4.000,8.000,1.0,1,1.0
125,45,628.000,302.000,3.000,8.000,1.0,1,1.0
126,45,628.000,300.000,3.000,8.000,1.0,1,1.0
127,45,628.000,298.000,3.000,8.000,1.0,1,1.0
128,45,628.000,295.000,3.000,9.000,1.0,1,1.0
129,45,628.000,294.000,3.000,8.000,1.0,1,1.0
130,45,628.000,292.000,3.000,8.000,1.0,1,1.0
131,45,627.000,290.000,3.000,8.000,1.0,1,1.0
132,45,627.000,288.000,3.000,8.000,1.0,1,1.0
133,45,627.000,286.000,4.000,8.000,1.0,1,1.0
134,45,627.000,283.000,3.000,9.000,1.0,1,1.0
135,45,627.000,281.000,3.000,8.000,1.0,1,1.0
136,45,627.000,280.000,3.000,8.000,1.0,1,1.0
137,45,627.000,277.000,3.000,8.000,1.0,1,1.0
138,45,627.000,275.000,3.000,8.000,1.0,1,1.0
139,45,626.000,273.000,4.000,8.000,1.0,1,1.0
140,45,626.000,271.000,4.000,8.000,1.0,1,1.0
141,45,626.000,268.000,4.000,9.000,1.0,1,1.0
142,45,626.000,266.000,3.000,8.000,1.0,1,1.0
143,45,626.000,264.000,3.000,8.000,1.0,1,1.0
144,45,626.000,261.000,3.000,9.000,1.0,1,1.0
145,45,626.000,259.000,3.000,9.000,1.0,1,1.0
146,45,626.000,257.000,3.000,8.000,1.0,1,1.0
147,45,626.000,255.000,3.000,8.000,1.0,1,1.0
148,45,626.000,252.000,3.000,8.000,1.0,1,1.0
149,45,626.000,250.000,3.000,8.000,1.0,1,1.0
150,45,626.000,247.000,3.000,8.000,1.0,1,1.0
151,45,626.000,245.000,4.000,8.000,1.0,1,1.0
152,45,626.000,243.000,4.000,8.000,1.0,1,1.0
153,45,626.000,241.000,4.000,8.000,1.0,1,1.0
154,45,627.000,239.000,3.000,8.000,1.0,1,1.0
155,45,627.000,237.000,3.000,8.000,1.0,1,1.0
156,45,627.000,235.000,4.000,8.000,1.0,1,1.0
157,45,627.000,233.000,4.000,8.000,1.0,1,1.0
158,45,627.000,231.000,4.000,7.000,1.0,1,1.0
159,45,628.000,228.000,4.000,9.000,1.0,1,1.0
160,45,629.000,226.000,4.000,9.000,1.0,1,1.0
161,45,628.000,225.000,5.000,8.000,1.0,1,1.0
162,45,629.000,222.000,4.000,9.000,1.0,1,1.0
163,45,630.000,220.000,4.000,9.000,1.0,1,1.0
164,45,630.000,218.000,4.000,8.000,1.0,1,1.0
165,45,631.000,216.000,4.000,8.000,1.0,1,1.0
166,45,632.000,214.000,4.000,8.000,1.0,1,1.0
167,45,632.000,212.000,5.000,8.000,1.0,1,1.0
168,45,633.000,210.000,5.000,8.000,1.0,1,1.0
169,45,634.000,209.000,5.000,7.000,1.0,1,1.0
170,45,635.000,207.000,5.000,7.000,1.0,1,1.0
171,45,636.000,205.000,5.000,7.000,1.0,1,1.0
172,45,637.000,203.000,6.000,7.000,1.0,1,1.0
173,45,638.000,201.000,6.000,7.000,1.0,1,1.0
174,45,639.000,199.000,4.000,8.000,1.0,1,1.0
175,45,640.000,196.000,4.000,9.000,1.0,1,1.0
176,45,640.000,194.000,4.000,8.000,1.0,1,1.0
177,45,640.000,192.000,4.000,9.000,1.0,1,1.0
178,45,640.000,190.000,4.000,9.000,1.0,1,1.0
179,45,641.000,188.000,3.000,8.000,1.0,1,1.0
180,45,641.000,187.000,4.000,8.000,1.0,1,1.0
181,45,641.000,185.000,5.000,8.000,1.0,1,1.0
182,45,642.000,182.000,4.000,9.000,1.0,1,1.0
183,45,642.000,181.000,5.000,8.000,1.0,1,1.0
184,45,643.000,178.000,5.000,9.000,1.0,1,1.0
185,45,643.000,177.000,5.000,8.000,1.0,1,1.0
186,45,644.000,175.000,5.000,8.000,1.0,1,1.0
187,45,645.000,173.000,5.000,8.000,1.0,1,1.0
188,45,646.000,171.000,5.000,8.000,1.0,1,1.0
189,45,647.000,169.000,5.000,8.000,1.0,1,1.0
190,45,648.000,167.000,5.000,8.000,1.0,1,1.0
191,45,649.000,165.000,4.000,8.000,1.0,1,1.0
192,45,649.000,164.000,5.000,7.000,1.0,1,1.0
193,45,650.000,161.000,5.000,8.000,1.0,1,1.0
194,45,651.000,160.000,5.000,8.000,1.0,1,1.0
195,45,652.000,158.000,4.000,8.000,1.0,1,1.0
196,45,652.000,156.000,4.000,8.000,1.0,1,1.0
197,45,652.000,154.000,4.000,8.000,1.0,1,1.0
198,45,652.000,153.000,4.000,8.000,1.0,1,1.0
199,45,652.000,151.000,4.000,9.000,1.0,1,1.0
200,45,653.000,151.000,3.000,8.000,1.0,1,1.0
201,45,652.000,150.000,6.000,8.000,1.0,1,1.0
202,45,653.000,149.000,6.000,7.000,1.0,1,1.0
203,45,654.000,149.000,6.000,7.000,1.0,1,1.0
204,45,655.000,148.000,6.000,7.000,1.0,1,1.0
205,45,656.000,148.000,6.000,6.000,1.0,1,1.0
206,45,658.000,146.000,6.000,6.000,1.0,1,1.0
207,45,659.000,146.000,6.000,6.000,1.0,1,1.0
208,45,659.000,145.000,7.000,6.000,1.0,1,1.0
209,45,660.000,144.000,7.000,6.000,1.0,1,1.0
210,45,661.000,144.000,7.000,5.000,1.0,1,1.0
211,45,662.000,144.000,7.000,5.000,1.0,1,1.0
212,45,663.000,143.000,6.000,6.000,1.0,1,1.0
213,45,663.000,143.000,6.000,6.000,1.0,1,1.0
214,45,663.000,143.000,6.000,6.000,1.0,1,1.0
215,45,663.000,143.000,6.000,6.000,1.0,1,1.0
216,45,663.000,143.000,6.000,6.000,1.0,1,1.0
217,45,663.000,144.000,6.000,5.000,1.0,1,1.0
218,45,663.000,144.000,6.000,5.000,1.0,1,1.0
219,45,663.000,144.000,6.000,5.000,1.0,1,1.0
220,45,663.000,144.000,6.000,5.000,1.0,1,1.0
221,45,663.000,144.000,6.000,5.000,1.0,1,1.0
222,45,663.000,144.000,6.000,5.000,1.0,1,1.0
223,45,663.000,144.000,6.000,5.000,1.0,1,1.0
224,45,663.000,144.000,6.000,5.000,1.0,1,1.0
225,45,663.000,144.000,6.000,5.000,1.0,1,1.0
226,45,663.000,144.000,6.000,5.000,1.0,1,1.0
227,45,663.000,144.000,6.000,5.000,1.0,1,1.0
228,45,663.000,144.000,6.000,5.000,1.0,1,1.0
229,45,663.000,144.000,5.000,6.000,1.0,1,1.0
230,45,663.000,144.000,6.000,5.000,1.0,1,1.0
231,45,663.000,144.000,5.000,6.000,1.0,1,1.0
232,45,663.000,144.000,5.000,6.000,1.0,1,1.0
233,45,663.000,144.000,5.000,5.000,1.0,1,1.0
234,45,663.000,144.000,5.000,6.000,1.0,1,1.0
235,45,662.000,144.000,6.000,6.000,1.0,1,1.0
236,45,662.000,144.000,6.000,6.000,1.0,1,1.0
237,45,663.000,144.000,5.000,5.000,1.0,1,1.0
238,45,662.000,144.000,6.000,5.000,1.0,1,1.0
239,45,662.000,144.000,6.000,5.000,1.0,1,1.0
240,45,662.000,144.000,6.000,5.000,1.0,1,1.0
241,45,663.000,144.000,5.000,5.000,1.0,1,1.0
242,45,663.000,144.000,5.000,5.000,1.0,1,1.0
243,45,663.000,144.000,5.000,5.000,1.0,1,1.0
244,45,663.000,144.000,5.000,6.000,1.0,1,1.0
245,45,663.000,144.000,5.000,5.000,1.0,1,1.0
246,45,663.000,144.000,5.000,5.000,1.0,1,1.0
247,45,663.000,144.000,5.000,6.000,1.0,1,1.0
248,45,663.000,144.000,5.000,6.000,1.0,1,1.0
249,45,663.000,144.000,5.000,6.000,1.0,1,1.0
250,45,663.000,144.000,5.000,6.000,1.0,1,1.0
251,45,663.000,144.000,5.000,6.000,1.0,1,1.0
252,45,663.000,144.000,5.000,6.000,1.0,1,1.0
253,45,663.000,145.000,5.000,5.000,1.0,1,1.0
254,45,663.000,145.000,5.000,5.000,1.0,1,1.0
255,45,663.000,145.000,5.000,5.000,1.0,1,1.0
256,45,663.000,145.000,5.000,5.000,1.0,1,1.0
257,45,663.000,145.000,5.000,5.000,1.0,1,1.0
258,45,663.000,145.000,5.000,5.000,1.0,1,1.0
259,45,663.000,145.000,5.000,5.000,1.0,1,1.0
260,45,663.000,145.000,5.000,5.000,1.0,1,1.0
261,45,663.000,145.000,5.000,5.000,1.0,1,1.0
262,45,663.000,145.000,5.000,5.000,1.0,1,1.0
263,45,663.000,145.000,5.000,5.000,1.0,1,1.0
264,45,663.000,145.000,5.000,5.000,1.0,1,1.0
265,45,663.000,145.000,5.000,5.000,1.0,1,1.0
266,45,663.000,145.000,5.000,5.000,1.0,1,1.0
267,45,663.000,145.000,5.000,5.000,1.0,1,1.0
268,45,663.000,145.000,5.000,5.000,1.0,1,1.0
269,45,663.000,145.000,5.000,5.000,1.0,1,1.0
270,45,663.000,145.000,5.000,5.000,1.0,1,1.0
271,45,663.000,145.000,5.000,5.000,1.0,1,1.0
272,45,663.000,145.000,5.000,5.000,1.0,1,1.0
273,45,663.000,145.000,5.000,5.000,1.0,1,1.0
274,45,663.000,145.000,5.000,5.000,1.0,1,1.0
275,45,662.000,145.000,6.000,5.000,1.0,1,1.0
276,45,663.000,145.000,5.000,5.000,1.0,1,1.0
277,45,663.000,145.000,5.000,5.000,1.0,1,1.0
278,45,663.000,145.000,5.000,5.000,1.0,1,1.0
279,45,663.000,145.000,5.000,5.000,1.0,1,1.0
280,45,663.000,145.000,5.000,5.000,1.0,1,1.0
281,45,662.000,145.000,6.000,5.000,1.0,1,1.0
282,45,662.000,145.000,6.000,5.000,1.0,1,1.0
283,45,662.000,145.000,6.000,5.000,1.0,1,1.0
284,45,662.000,145.000,6.000,5.000,1.0,1,1.0
285,45,663.000,145.000,5.000,5.000,1.0,1,1.0
286,45,663.000,145.000,5.000,5.000,1.0,1,1.0
287,45,662.000,145.000,6.000,5.000,1.0,1,1.0
288,45,662.000,145.000,6.000,5.000,1.0,1,1.0
289,45,662.000,146.000,6.000,4.000,1.0,1,1.0
290,45,662.000,146.000,6.000,4.000,1.0,1,1.0
291,45,662.000,146.000,6.000,4.000,1.0,1,1.0
292,45,663.000,146.000,5.000,4.000,1.0,1,1.0
293,45,663.000,146.000,5.000,4.000,1.0,1,1.0
294,45,663.000,145.000,5.000,5.000,1.0,1,1.0
295,45,663.000,145.000,5.000,5.000,1.0,1,1.0
296,45,662.000,145.000,6.000,5.000,1.0,1,1.0
297,45,662.000,146.000,6.000,4.000,1.0,1,1.0
298,45,663.000,146.000,5.000,4.000,1.0,1,1.0
299,45,663.000,145.000,5.000,5.000,1.0,1,1.0
300,45,663.000,145.000,5.000,6.000,1.0,1,1.0
301,45,662.000,145.000,6.000,6.000,1.0,1,1.0
302,45,662.000,145.000,6.000,6.000,1.0,1,1.0
303,45,662.000,145.000,6.000,6.000,1.0,1,1.0
304,45,662.000,145.000,6.000,6.000,1.0,1,1.0
305,45,662.000,146.000,6.000,5.000,1.0,1,1.0
306,45,662.000,146.000,6.000,5.000,1.0,1,1.0
307,45,662.000,146.000,6.000,5.000,1.0,1,1.0
308,45,662.000,145.000,6.000,6.000,1.0,1,1.0
309,45,662.000,145.000,5.000,6.000,1.0,1,1.0
310,45,662.000,145.000,5.000,6.000,1.0,1,1.0
311,45,662.000,145.000,5.000,6.000,1.0,1,1.0
312,45,662.000,146.000,5.000,5.000,1.0,1,1.0
313,45,662.000,146.000,5.000,5.000,1.0,1,1.0
314,45,663.000,146.000,4.000,5.000,1.0,1,1.0
315,45,663.000,146.000,4.000,5.000,1.0,1,1.0
316,45,662.000,146.000,5.000,5.000,1.0,1,1.0
317,45,662.000,146.000,6.000,4.000,1.0,1,1.0
318,45,662.000,145.000,7.000,4.000,1.0,1,1.0
319,45,663.000,145.000,7.000,4.000,1.0,1,1.0
320,45,663.000,145.000,7.000,4.000,1.0,1,1.0
321,45,664.000,145.000,7.000,4.000,1.0,1,1.0
322,45,665.000,145.000,7.000,4.000,1.0,1,1.0
323,45,666.000,145.000,7.000,4.000,1.0,1,1.0
324,45,666.000,145.000,7.000,4.000,1.0,1,1.0
325,45,667.000,146.000,7.000,4.000,1.0,1,1.0
326,45,668.000,145.000,7.000,5.000,1.0,1,1.0
327,45,668.000,145.000,7.000,5.000,1.0,1,1.0
328,45,669.000,145.000,6.000,5.000,1.0,1,1.0
329,45,669.000,145.000,6.000,5.000,1.0,1,1.0
330,45,669.000,145.000,7.000,4.000,1.0,1,1.0
331,45,670.000,144.000,6.000,5.000,1.0,1,1.0
332,45,671.000,142.000,5.000,6.000,1.0,1,1.0
333,45,672.000,140.000,5.000,6.000,1.0,1,1.0
334,45,673.000,140.000,5.000,6.000,1.0,1,1.0
335,45,674.000,139.000,5.000,5.000,1.0,1,1.0
336,45,675.000,137.000,5.000,6.000,1.0,1,1.0
337,45,676.000,135.000,5.000,7.000,1.0,1,1.0
338,45,677.000,134.000,4.000,6.000,1.0,1,1.0
339,45,677.000,132.000,5.000,7.000,1.0,1,1.0
340,45,678.000,132.000,5.000,6.000,1.0,1,1.0
341,45,679.000,130.000,4.000,6.000,1.0,1,1.0
342,45,679.000,129.000,5.000,6.000,1.0,1,1.0
343,45,681.000,129.000,4.000,5.000,1.0,1,1.0
344,45,681.000,128.000,4.000,4.000,1.0,1,1.0
345,45,681.000,128.000,4.000,4.000,1.0,1,1.0
346,45,681.000,127.000,4.000,5.000,1.0,1,1.0
347,45,681.000,127.000,4.000,4.000,1.0,1,1.0
348,45,681.000,127.000,4.000,4.000,1.0,1,1.0
349,45,681.000,126.000,4.000,5.000,1.0,1,1.0
350,45,680.000,126.000,4.000,4.000,1.0,1,1.0
351,45,680.000,125.000,4.000,5.000,1.0,1,1.0
352,45,679.000,124.000,5.000,5.000,1.0,1,1.0
353,45,679.000,123.000,4.000,5.000,1.0,1,1.0
354,45,678.000,123.000,5.000,4.000,1.0,1,1.0
355,45,677.000,121.000,5.000,5.000,1.0,1,1.0
356,45,677.000,121.000,5.000,5.000,1.0,1,1.0
357,45,676.000,120.000,5.000,5.000,1.0,1,1.0
358,45,676.000,120.000,5.000,4.000,1.0,1,1.0
359,45,675.000,120.000,5.000,4.000,1.0,1,1.0
360,45,675.000,120.000,5.000,4.000,1.0,1,1.0
361,45,675.000,119.000,5.000,5.000,1.0,1,1.0
362,45,675.000,119.000,5.000,4.000,1.0,1,1.0
363,45,674.000,118.000,5.000,5.000,1.0,1,1.0
1,32,559.000,386.000,3.000,7.000,1.0,1,1.0
2,32,558.000,386.000,4.000,6.000,1.0,1,1.0
3,32,557.000,385.000,4.000,6.000,1.0,1,1.0
4,32,556.000,383.000,5.000,6.000,1.0,1,1.0
5,32,555.000,382.000,4.000,5.000,1.0,1,1.0
6,32,554.000,380.000,5.000,6.000,1.0,1,1.0
7,32,553.000,378.000,5.000,5.000,1.0,1,1.0
8,32,552.000,377.000,5.000,5.000,1.0,1,1.0
9,32,551.000,376.000,5.000,5.000,1.0,1,1.0
10,32,550.000,376.000,5.000,4.000,1.0,1,1.0
11,32,548.000,375.000,6.000,4.000,1.0,1,1.0
12,32,546.000,374.000,7.000,5.000,1.0,1,1.0
13,32,545.000,374.000,6.000,4.000,1.0,1,1.0
14,32,543.000,374.000,6.000,3.000,1.0,1,1.0
15,32,541.000,374.000,7.000,4.000,1.0,1,1.0
16,32,541.000,375.000,6.000,3.000,1.0,1,1.0
17,32,540.000,374.000,7.000,4.000,1.0,1,1.0
18,32,540.000,374.000,7.000,3.000,1.0,1,1.0
19,32,517.000,376.000,8.000,4.000,1.0,1,1.0
20,32,493.000,377.000,4.000,6.000,1.0,1,1.0
21,32,492.000,376.000,4.000,7.000,1.0,1,1.0
22,32,492.000,376.000,4.000,7.000,1.0,1,1.0
23,32,493.000,376.000,3.000,6.000,1.0,1,1.0
24,32,493.000,374.000,3.000,7.000,1.0,1,1.0
25,32,492.000,373.000,4.000,6.000,1.0,1,1.0
26,32,492.000,370.000,4.000,7.000,1.0,1,1.0
27,32,492.000,368.000,4.000,7.000,1.0,1,1.0
28,32,492.000,366.000,4.000,7.000,1.0,1,1.0
29,32,492.000,363.000,4.000,7.000,1.0,1,1.0
30,32,492.000,360.000,4.000,7.000,1.0,1,1.0
31,32,492.000,358.000,4.000,7.000,1.0,1,1.0
32,32,492.000,356.000,4.000,7.000,1.0,1,1.0
33,32,492.000,353.000,4.000,7.000,1.0,1,1.0
34,32,492.000,350.000,4.000,7.000,1.0,1,1.0
35,32,492.000,347.000,4.000,7.000,1.0,1,1.0
36,32,492.000,344.000,4.000,7.000,1.0,1,1.0
37,32,492.000,342.000,4.000,7.000,1.0,1,1.0
38,32,492.000,339.000,4.000,7.000,1.0,1,1.0
39,32,492.000,337.000,4.000,7.000,1.0,1,1.0
40,32,492.000,334.000,4.000,7.000,1.0,1,1.0
41,32,492.000,331.000,4.000,7.000,1.0,1,1.0
42,32,492.000,328.000,4.000,7.000,1.0,1,1.0
43,32,492.000,325.000,4.000,8.000,1.0,1,1.0
44,32,492.000,323.000,4.000,7.000,1.0,1,1.0
45,32,492.000,321.000,4.000,7.000,1.0,1,1.0
46,32,492.000,319.000,4.000,6.000,1.0,1,1.0
47,32,492.000,316.000,4.000,7.000,1.0,1,1.0
48,32,492.000,314.000,4.000,7.000,1.0,1,1.0
49,32,492.000,312.000,3.000,6.000,1.0,1,1.0
50,32,492.000,310.000,4.000,6.000,1.0,1,1.0
51,32,492.000,308.000,4.000,6.000,1.0,1,1.0
52,32,493.000,307.000,4.000,6.000,1.0,1,1.0
53,32,493.000,305.000,4.000,7.000,1.0,1,1.0
54,32,494.000,304.000,3.000,6.000,1.0,1,1.0
55,32,494.000,303.000,3.000,7.000,1.0,1,1.0
56,32,494.000,302.000,3.000,7.000,1.0,1,1.0
57,32,494.000,302.000,3.000,7.000,1.0,1,1.0
58,32,494.000,301.000,4.000,6.000,1.0,1,1.0
59,32,529.000,284.000,6.000,6.000,1.0,1,1.0
60,32,538.000,276.000,3.000,6.000,1.0,1,1.0
61,32,537.000,275.000,3.000,7.000,1.0,1,1.0
62,32,538.000,275.000,3.000,7.000,1.0,1,1.0
63,32,537.000,274.000,3.000,7.000,1.0,1,1.0
64,32,537.000,273.000,3.000,7.000,1.0,1,1.0
65,32,537.000,270.000,3.000,8.000,1.0,1,1.0
66,32,537.000,269.000,4.000,6.000,1.0,1,1.0
67,32,538.000,267.000,5.000,6.000,1.0,1,1.0
68,32,540.000,265.000,4.000,6.000,1.0,1,1.0
69,32,541.000,263.000,4.000,6.000,1.0,1,1.0
70,32,541.000,261.000,5.000,7.000,1.0,1,1.0
71,32,542.000,260.000,4.000,6.000,1.0,1,1.0
72,32,542.000,257.000,4.000,7.000,1.0,1,1.0
73,32,543.000,255.000,4.000,7.000,1.0,1,1.0
74,32,543.000,252.000,3.000,8.000,1.0,1,1.0
75,32,543.000,250.000,3.000,7.000,1.0,1,1.0
76,32,543.000,247.000,3.000,8.000,1.0,1,1.0
77,32,542.000,245.000,3.000,8.000,1.0,1,1.0
78,32,541.000,243.000,4.000,7.000,1.0,1,1.0
79,32,540.000,241.000,4.000,7.000,1.0,1,1.0
80,32,540.000,239.000,4.000,7.000,1.0,1,1.0
81,32,539.000,237.000,4.000,7.000,1.0,1,1.0
82,32,537.000,236.000,5.000,6.000,1.0,1,1.0
83,32,535.000,234.000,6.000,6.000,1.0,1,1.0
84,32,532.000,234.000,7.000,5.000,1.0,1,1.0
85,32,531.000,233.000,7.000,5.000,1.0,1,1.0
86,32,529.000,232.000,7.000,5.000,1.0,1,1.0
87,32,528.000,230.000,7.000,5.000,1.0,1,1.0
88,32,527.000,229.000,7.000,5.000,1.0,1,1.0
89,32,527.000,228.000,6.000,5.000,1.0,1,1.0
90,32,525.000,228.000,8.000,5.000,1.0,1,1.0
91,32,525.000,227.000,7.000,5.000,1.0,1,1.0
92,32,522.000,226.000,6.000,4.000,1.0,1,1.0
93,32,497.000,221.000,4.000,4.000,1.0,1,1.0
94,32,496.000,220.000,5.000,5.000,1.0,1,1.0
95,32,496.000,220.000,5.000,4.000,1.0,1,1.0
96,32,497.000,218.000,5.000,5.000,1.0,1,1.0
97,32,498.000,216.000,4.000,6.000,1.0,1,1.0
98,32,498.000,214.000,4.000,7.000,1.0,1,1.0
99,32,499.000,212.000,3.000,7.000,1.0,1,1.0
100,32,499.000,209.000,3.000,8.000,1.0,1,1.0
101,32,499.000,207.000,3.000,8.000,1.0,1,1.0
102,32,499.000,205.000,4.000,8.000,1.0,1,1.0
103,32,499.000,203.000,4.000,7.000,1.0,1,1.0
104,32,499.000,201.000,4.000,7.000,1.0,1,1.0
105,32,500.000,198.000,3.000,8.000,1.0,1,1.0
106,32,499.000,196.000,4.000,8.000,1.0,1,1.0
107,32,500.000,194.000,3.000,7.000,1.0,1,1.0
108,32,500.000,192.000,3.000,7.000,1.0,1,1.0
109,32,501.000,189.000,3.000,8.000,1.0,1,1.0
110,32,501.000,187.000,4.000,8.000,1.0,1,1.0
111,32,502.000,185.000,3.000,8.000,1.0,1,1.0
112,32,502.000,184.000,4.000,7.000,1.0,1,1.0
113,32,502.000,182.000,4.000,7.000,1.0,1,1.0
114,32,502.000,181.000,3.000,7.000,1.0,1,1.0
115,32,502.000,181.000,3.000,7.000,1.0,1,1.0
116,32,500.000,182.000,5.000,5.000,1.0,1,1.0
117,32,499.000,182.000,5.000,5.000,1.0,1,1.0
118,32,498.000,182.000,5.000,5.000,1.0,1,1.0
119,32,497.000,182.000,4.000,3.000,1.0,1,1.0
120,32,496.000,182.000,4.000,4.000,1.0,1,1.0
121,32,496.000,183.000,3.000,4.000,1.0,1,1.0
122,32,495.000,184.000,4.000,4.000,1.0,1,1.0
123,32,495.000,185.000,3.000,4.000,1.0,1,1.0
124,32,494.000,186.000,3.000,4.000,1.0,1,1.0
125,32,493.000,186.000,3.000,4.000,1.0,1,1.0
126,32,493.000,187.000,3.000,4.000,1.0,1,1.0
127,32,492.000,186.000,3.000,4.000,1.0,1,1.0
128,32,492.000,185.000,3.000,4.000,1.0,1,1.0
129,32,492.000,184.000,3.000,5.000,1.0,1,1.0
130,32,492.000,183.000,4.000,5.000,1.0,1,1.0
131,32,492.000,183.000,4.000,4.000,1.0,1,1.0
132,32,493.000,182.000,4.000,4.000,1.0,1,1.0
133,32,493.000,181.000,5.000,5.000,1.0,1,1.0
134,32,494.000,181.000,5.000,4.000,1.0,1,1.0
135,32,495.000,181.000,6.000,3.000,1.0,1,1.0
136,32,497.000,180.000,6.000,4.000,1.0,1,1.0
137,32,498.000,181.000,6.000,4.000,1.0,1,1.0
138,32,499.000,182.000,6.000,5.000,1.0,1,1.0
139,32,501.000,183.000,6.000,6.000,1.0,1,1.0
140,32,502.000,185.000,6.000,5.000,1.0,1,1.0
141,32,503.000,187.000,6.000,5.000,1.0,1,1.0
142,32,504.000,188.000,6.000,6.000,1.0,1,1.0
143,32,505.000,189.000,5.000,7.000,1.0,1,1.0
144,32,505.000,190.000,6.000,6.000,1.0,1,1.0
145,32,505.000,191.000,7.000,5.000,1.0,1,1.0
146,32,506.000,191.000,8.000,4.000,1.0,1,1.0
147,32,507.000,191.000,7.000,4.000,1.0,1,1.0
148,32,508.000,190.000,7.000,4.000,1.0,1,1.0
149,32,509.000,189.000,7.000,4.000,1.0,1,1.0
150,32,509.000,189.000,7.000,4.000,1.0,1,1.0
151,32,509.000,189.000,8.000,4.000,1.0,1,1.0
152,32,514.000,186.000,7.000,4.000,1.0,1,1.0
153,32,544.000,173.000,4.000,5.000,1.0,1,1.0
154,32,554.000,167.000,3.000,7.000,1.0,1,1.0
155,32,554.000,167.000,3.000,7.000,1.0,1,1.0
156,32,554.000,166.000,3.000,8.000,1.0,1,1.0
157,32,554.000,166.000,3.000,8.000,1.0,1,1.0
158,32,554.000,165.000,3.000,7.000,1.0,1,1.0
159,32,554.000,163.000,3.000,7.000,1.0,1,1.0
160,32,554.000,161.000,3.000,7.000,1.0,1,1.0
161,32,554.000,159.000,3.000,7.000,1.0,1,1.0
162,32,554.000,158.000,3.000,7.000,1.0,1,1.0
163,32,555.000,157.000,3.000,7.000,1.0,1,1.0
164,32,555.000,156.000,3.000,7.000,1.0,1,1.0
165,32,555.000,156.000,3.000,7.000,1.0,1,1.0
166,32,555.000,156.000,3.000,7.000,1.0,1,1.0
167,32,545.000,150.000,5.000,6.000,1.0,1,1.0
168,32,534.000,135.000,5.000,5.000,1.0,1,1.0
169,32,549.000,132.000,3.000,7.000,1.0,1,1.0
170,32,543.000,152.000,5.000,6.000,1.0,1,1.0
171,32,542.000,179.000,3.000,8.000,1.0,1,1.0
172,32,537.000,220.000,5.000,7.000,1.0,1,1.0
173,32,538.000,235.000,4.000,6.000,1.0,1,1.0
174,32,540.000,264.000,7.000,5.000,1.0,1,1.0
175,32,539.000,294.000,3.000,6.000,1.0,1,1.0
176,32,523.000,316.000,8.000,5.000,1.0,1,1.0
177,32,502.000,318.000,4.000,6.000,1.0,1,1.0
178,32,502.000,318.000,3.000,7.000,1.0,1,1.0
179,32,502.000,318.000,4.000,7.000,1.0,1,1.0
180,32,502.000,317.000,4.000,8.000,1.0,1,1.0
181,32,502.000,317.000,4.000,7.000,1.0,1,1.0
182,32,502.000,315.000,4.000,8.000,1.0,1,1.0
183,32,502.000,314.000,4.000,7.000,1.0,1,1.0
184,32,503.000,311.000,3.000,7.000,1.0,1,1.0
185,32,502.000,310.000,3.000,7.000,1.0,1,1.0
186,32,502.000,309.000,3.000,7.000,1.0,1,1.0
187,32,502.000,308.000,3.000,8.000,1.0,1,1.0
188,32,502.000,308.000,3.000,8.000,1.0,1,1.0
189,32,502.000,308.000,3.000,8.000,1.0,1,1.0
190,32,502.000,308.000,3.000,7.000,1.0,1,1.0
191,32,502.000,307.000,3.000,7.000,1.0,1,1.0
192,32,501.000,305.000,3.000,7.000,1.0,1,1.0
193,32,502.000,303.000,3.000,7.000,1.0,1,1.0
194,32,501.000,301.000,3.000,7.000,1.0,1,1.0
195,32,501.000,299.000,3.000,7.000,1.0,1,1.0
196,32,501.000,297.000,3.000,7.000,1.0,1,1.0
197,32,500.000,296.000,3.000,7.000,1.0,1,1.0
198,32,499.000,295.000,4.000,6.000,1.0,1,1.0
199,32,498.000,294.000,4.000,6.000,1.0,1,1.0
200,32,497.000,293.000,4.000,6.000,1.0,1,1.0
201,32,496.000,292.000,5.000,6.000,1.0,1,1.0
202,32,495.000,291.000,4.000,5.000,1.0,1,1.0
203,32,495.000,290.000,3.000,5.000,1.0,1,1.0
204,32,494.000,289.000,3.000,5.000,1.0,1,1.0
205,32,494.000,288.000,3.000,4.000,1.0,1,1.0
206,32,494.000,286.000,3.000,5.000,1.0,1,1.0
207,32,494.000,284.000,2.000,5.000,1.0,1,1.0
208,32,493.000,281.000,3.000,7.000,1.0,1,1.0
209,32,493.000,279.000,3.000,7.000,1.0,1,1.0
210,32,493.000,277.000,3.000,6.000,1.0,1,1.0
211,32,493.000,274.000,3.000,7.000,1.0,1,1.0
212,32,493.000,272.000,3.000,7.000,1.0,1,1.0
213,32,493.000,269.000,3.000,7.000,1.0,1,1.0
214,32,493.000,267.000,3.000,6.000,1.0,1,1.0
215,32,493.000,264.000,3.000,7.000,1.0,1,1.0
216,32,493.000,262.000,3.000,7.000,1.0,1,1.0
217,32,493.000,260.000,3.000,7.000,1.0,1,1.0
218,32,493.000,257.000,3.000,7.000,1.0,1,1.0
219,32,493.000,254.000,3.000,7.000,1.0,1,1.0
220,32,493.000,253.000,3.000,7.000,1.0,1,1.0
221,32,493.000,250.000,3.000,7.000,1.0,1,1.0
222,32,493.000,248.000,3.000,7.000,1.0,1,1.0
223,32,493.000,247.000,3.000,7.000,1.0,1,1.0
224,32,493.000,245.000,3.000,6.000,1.0,1,1.0
225,32,494.000,243.000,3.000,7.000,1.0,1,1.0
226,32,493.000,242.000,4.000,6.000,1.0,1,1.0
227,32,494.000,240.000,3.000,6.000,1.0,1,1.0
228,32,494.000,238.000,3.000,7.000,1.0,1,1.0
229,32,494.000,237.000,3.000,7.000,1.0,1,1.0
230,32,494.000,236.000,3.000,7.000,1.0,1,1.0
231,32,494.000,236.000,4.000,7.000,1.0,1,1.0
232,32,494.000,236.000,4.000,7.000,1.0,1,1.0
233,32,499.000,233.000,7.000,6.000,1.0,1,1.0
256,32,511.000,200.000,8.000,9.000,1.0,1,1.0
257,32,496.000,221.000,5.000,5.000,1.0,1,1.0
258,32,496.000,221.000,5.000,6.000,1.0,1,1.0
259,32,496.000,221.000,5.000,6.000,1.0,1,1.0
260,32,496.000,221.000,5.000,6.000,1.0,1,1.0
261,32,496.000,220.000,5.000,6.000,1.0,1,1.0
262,32,497.000,219.000,4.000,7.000,1.0,1,1.0
263,32,497.000,217.000,4.000,7.000,1.0,1,1.0
264,32,498.000,215.000,4.000,7.000,1.0,1,1.0
265,32,498.000,213.000,4.000,8.000,1.0,1,1.0
266,32,498.000,212.000,4.000,7.000,1.0,1,1.0
267,32,498.000,212.000,4.000,7.000,1.0,1,1.0
268,32,498.000,212.000,4.000,7.000,1.0,1,1.0
269,32,498.000,212.000,4.000,7.000,1.0,1,1.0
270,32,498.000,212.000,4.000,7.000,1.0,1,1.0
271,32,498.000,212.000,4.000,7.000,1.0,1,1.0
272,32,498.000,212.000,4.000,7.000,1.0,1,1.0
273,32,498.000,211.000,4.000,7.000,1.0,1,1.0
274,32,498.000,210.000,4.000,7.000,1.0,1,1.0
275,32,499.000,209.000,4.000,8.000,1.0,1,1.0
276,32,499.000,208.000,4.000,7.000,1.0,1,1.0
277,32,499.000,206.000,5.000,8.000,1.0,1,1.0
278,32,500.000,205.000,4.000,8.000,1.0,1,1.0
279,32,501.000,204.000,4.000,7.000,1.0,1,1.0
280,32,501.000,203.000,4.000,7.000,1.0,1,1.0
281,32,501.000,202.000,5.000,7.000,1.0,1,1.0
282,32,502.000,202.000,4.000,7.000,1.0,1,1.0
283,32,502.000,202.000,4.000,6.000,1.0,1,1.0
284,32,502.000,202.000,5.000,6.000,1.0,1,1.0
285,32,517.000,192.000,8.000,7.000,1.0,1,1.0
305,32,507.000,196.000,7.000,6.000,1.0,1,1.0
306,32,499.000,195.000,6.000,5.000,1.0,1,1.0
307,32,499.000,195.000,6.000,5.000,1.0,1,1.0
308,32,500.000,195.000,5.000,5.000,1.0,1,1.0
309,32,500.000,195.000,5.000,5.000,1.0,1,1.0
310,32,499.000,193.000,5.000,6.000,1.0,1,1.0
311,32,500.000,191.000,5.000,7.000,1.0,1,1.0
312,32,501.000,189.000,4.000,7.000,1.0,1,1.0
313,32,501.000,186.000,5.000,7.000,1.0,1,1.0
314,32,503.000,187.000,5.000,5.000,1.0,1,1.0
315,32,504.000,186.000,6.000,5.000,1.0,1,1.0
316,32,506.000,185.000,6.000,4.000,1.0,1,1.0
317,32,508.000,183.000,6.000,5.000,1.0,1,1.0
318,32,510.000,182.000,6.000,5.000,1.0,1,1.0
319,32,512.000,181.000,7.000,4.000,1.0,1,1.0
320,32,514.000,179.000,7.000,5.000,1.0,1,1.0
321,32,516.000,178.000,7.000,5.000,1.0,1,1.0
322,32,518.000,178.000,7.000,4.000,1.0,1,1.0
323,32,520.000,177.000,7.000,4.000,1.0,1,1.0
324,32,523.000,176.000,7.000,4.000,1.0,1,1.0
325,32,525.000,174.000,7.000,5.000,1.0,1,1.0
326,32,527.000,172.000,6.000,5.000,1.0,1,1.0
327,32,528.000,170.000,6.000,6.000,1.0,1,1.0
328,32,530.000,168.000,6.000,6.000,1.0,1,1.0
329,32,532.000,166.000,5.000,7.000,1.0,1,1.0
330,32,533.000,164.000,5.000,7.000,1.0,1,1.0
331,32,534.000,162.000,6.000,7.000,1.0,1,1.0
332,32,535.000,160.000,6.000,7.000,1.0,1,1.0
333,32,537.000,158.000,5.000,7.000,1.0,1,1.0
334,32,539.000,157.000,5.000,6.000,1.0,1,1.0
335,32,540.000,154.000,4.000,7.000,1.0,1,1.0
336,32,541.000,153.000,5.000,6.000,1.0,1,1.0
337,32,542.000,151.000,5.000,6.000,1.0,1,1.0
338,32,543.000,150.000,6.000,5.000,1.0,1,1.0
339,32,545.000,150.000,6.000,4.000,1.0,1,1.0
340,32,546.000,150.000,6.000,4.000,1.0,1,1.0
341,32,548.000,151.000,6.000,3.000,1.0,1,1.0
342,32,549.000,151.000,6.000,3.000,1.0,1,1.0
343,32,550.000,151.000,6.000,3.000,1.0,1,1.0
344,32,551.000,150.000,6.000,3.000,1.0,1,1.0
345,32,553.000,149.000,4.000,4.000,1.0,1,1.0
346,32,554.000,148.000,4.000,5.000,1.0,1,1.0
347,32,555.000,147.000,4.000,5.000,1.0,1,1.0
348,32,556.000,146.000,4.000,5.000,1.0,1,1.0
349,32,556.000,145.000,4.000,5.000,1.0,1,1.0
350,32,557.000,143.000,4.000,6.000,1.0,1,1.0
351,32,558.000,142.000,3.000,6.000,1.0,1,1.0
352,32,558.000,141.000,4.000,5.000,1.0,1,1.0
353,32,558.000,140.000,4.000,5.000,1.0,1,1.0
354,32,558.000,140.000,4.000,4.000,1.0,1,1.0
355,32,558.000,140.000,4.000,4.000,1.0,1,1.0
356,32,558.000,140.000,4.000,4.000,1.0,1,1.0
357,32,558.000,140.000,4.000,4.000,1.0,1,1.0
358,32,557.000,140.000,4.000,4.000,1.0,1,1.0
359,32,556.000,139.000,4.000,4.000,1.0,1,1.0
360,32,555.000,137.000,5.000,5.000,1.0,1,1.0
361,32,554.000,135.000,6.000,6.000,1.0,1,1.0
362,32,554.000,133.000,4.000,6.000,1.0,1,1.0
363,32,553.000,130.000,4.000,7.000,1.0,1,1.0
1,38,534.000,441.000,5.000,4.000,1.0,1,1.0
2,38,533.000,441.000,5.000,4.000,1.0,1,1.0
3,38,531.000,440.000,6.000,4.000,1.0,1,1.0
4,38,531.000,441.000,6.000,4.000,1.0,1,1.0
5,38,530.000,440.000,6.000,5.000,1.0,1,1.0
6,38,530.000,441.000,7.000,4.000,1.0,1,1.0
7,38,531.000,440.000,5.000,4.000,1.0,1,1.0
8,38,531.000,440.000,5.000,4.000,1.0,1,1.0
9,38,529.000,441.000,7.000,4.000,1.0,1,1.0
10,38,528.000,440.000,7.000,4.000,1.0,1,1.0
11,38,528.000,440.000,7.000,3.000,1.0,1,1.0
12,38,528.000,440.000,7.000,4.000,1.0,1,1.0
13,38,528.000,440.000,7.000,3.000,1.0,1,1.0
14,38,528.000,440.000,7.000,3.000,1.0,1,1.0
15,38,528.000,440.000,7.000,3.000,1.0,1,1.0
16,38,528.000,440.000,7.000,3.000,1.0,1,1.0
17,38,528.000,440.000,7.000,3.000,1.0,1,1.0
18,38,528.000,440.000,7.000,3.000,1.0,1,1.0
19,38,528.000,440.000,7.000,3.000,1.0,1,1.0
20,38,528.000,440.000,7.000,3.000,1.0,1,1.0
21,38,528.000,440.000,7.000,4.000,1.0,1,1.0
22,38,528.000,440.000,7.000,4.000,1.0,1,1.0
23,38,528.000,440.000,7.000,4.000,1.0,1,1.0
24,38,528.000,440.000,7.000,4.000,1.0,1,1.0
25,38,528.000,440.000,7.000,4.000,1.0,1,1.0
26,38,528.000,440.000,7.000,4.000,1.0,1,1.0
27,38,528.000,440.000,7.000,4.000,1.0,1,1.0
28,38,528.000,440.000,7.000,4.000,1.0,1,1.0
29,38,528.000,440.000,7.000,4.000,1.0,1,1.0
30,38,528.000,440.000,7.000,4.000,1.0,1,1.0
31,38,528.000,440.000,7.000,4.000,1.0,1,1.0
32,38,528.000,440.000,7.000,4.000,1.0,1,1.0
33,38,528.000,440.000,7.000,4.000,1.0,1,1.0
34,38,528.000,440.000,7.000,4.000,1.0,1,1.0
35,38,527.000,440.000,8.000,4.000,1.0,1,1.0
36,38,527.000,440.000,8.000,4.000,1.0,1,1.0
37,38,526.000,440.000,8.000,3.000,1.0,1,1.0
38,38,529.000,440.000,6.000,3.000,1.0,1,1.0
39,38,530.000,440.000,5.000,4.000,1.0,1,1.0
40,38,530.000,440.000,4.000,4.000,1.0,1,1.0
41,38,530.000,440.000,4.000,4.000,1.0,1,1.0
42,38,531.000,440.000,4.000,4.000,1.0,1,1.0
43,38,530.000,440.000,5.000,4.000,1.0,1,1.0
44,38,531.000,440.000,3.000,4.000,1.0,1,1.0
45,38,531.000,440.000,3.000,4.000,1.0,1,1.0
46,38,531.000,441.000,3.000,4.000,1.0,1,1.0
47,38,531.000,441.000,3.000,3.000,1.0,1,1.0
48,38,531.000,441.000,3.000,4.000,1.0,1,1.0
49,38,531.000,441.000,3.000,4.000,1.0,1,1.0
50,38,531.000,441.000,3.000,4.000,1.0,1,1.0
51,38,531.000,440.000,3.000,5.000,1.0,1,1.0
52,38,530.000,440.000,4.000,4.000,1.0,1,1.0
53,38,530.000,440.000,4.000,4.000,1.0,1,1.0
54,38,530.000,440.000,4.000,4.000,1.0,1,1.0
55,38,530.000,440.000,4.000,4.000,1.0,1,1.0
56,38,531.000,440.000,3.000,4.000,1.0,1,1.0
57,38,531.000,440.000,3.000,4.000,1.0,1,1.0
58,38,531.000,440.000,3.000,4.000,1.0,1,1.0
59,38,531.000,440.000,3.000,4.000,1.0,1,1.0
60,38,531.000,440.000,3.000,4.000,1.0,1,1.0
61,38,531.000,440.000,3.000,4.000,1.0,1,1.0
62,38,531.000,440.000,3.000,4.000,1.0,1,1.0
63,38,531.000,440.000,3.000,4.000,1.0,1,1.0
64,38,531.000,440.000,3.000,4.000,1.0,1,1.0
65,38,531.000,440.000,3.000,4.000,1.0,1,1.0
66,38,531.000,440.000,3.000,4.000,1.0,1,1.0
67,38,531.000,440.000,3.000,4.000,1.0,1,1.0
68,38,531.000,440.000,3.000,4.000,1.0,1,1.0
69,38,531.000,439.000,3.000,5.000,1.0,1,1.0
70,38,531.000,440.000,3.000,4.000,1.0,1,1.0
71,38,531.000,440.000,3.000,4.000,1.0,1,1.0
72,38,531.000,440.000,3.000,4.000,1.0,1,1.0
73,38,531.000,440.000,3.000,4.000,1.0,1,1.0
74,38,531.000,440.000,3.000,4.000,1.0,1,1.0
75,38,531.000,440.000,3.000,4.000,1.0,1,1.0
76,38,531.000,440.000,3.000,4.000,1.0,1,1.0
77,38,531.000,440.000,3.000,4.000,1.0,1,1.0
78,38,530.000,440.000,4.000,4.000,1.0,1,1.0
79,38,531.000,440.000,3.000,4.000,1.0,1,1.0
80,38,531.000,440.000,3.000,4.000,1.0,1,1.0
81,38,530.000,440.000,4.000,4.000,1.0,1,1.0
82,38,531.000,440.000,3.000,4.000,1.0,1,1.0
83,38,531.000,439.000,3.000,5.000,1.0,1,1.0
84,38,531.000,440.000,3.000,4.000,1.0,1,1.0
85,38,530.000,440.000,4.000,4.000,1.0,1,1.0
86,38,530.000,441.000,4.000,3.000,1.0,1,1.0
87,38,530.000,441.000,4.000,3.000,1.0,1,1.0
88,38,530.000,440.000,4.000,4.000,1.0,1,1.0
89,38,531.000,440.000,3.000,4.000,1.0,1,1.0
90,38,531.000,440.000,3.000,4.000,1.0,1,1.0
91,38,530.000,440.000,4.000,4.000,1.0,1,1.0
92,38,530.000,441.000,4.000,3.000,1.0,1,1.0
93,38,530.000,439.000,4.000,5.000,1.0,1,1.0
94,38,530.000,439.000,4.000,5.000,1.0,1,1.0
95,38,530.000,440.000,4.000,4.000,1.0,1,1.0
96,38,530.000,439.000,4.000,5.000,1.0,1,1.0
97,38,530.000,440.000,4.000,4.000,1.0,1,1.0
98,38,530.000,440.000,4.000,4.000,1.0,1,1.0
99,38,531.000,440.000,3.000,4.000,1.0,1,1.0
100,38,531.000,440.000,3.000,4.000,1.0,1,1.0
101,38,531.000,439.000,3.000,5.000,1.0,1,1.0
102,38,531.000,439.000,3.000,5.000,1.0,1,1.0
103,38,530.000,439.000,4.000,5.000,1.0,1,1.0
104,38,530.000,440.000,4.000,4.000,1.0,1,1.0
105,38,530.000,440.000,4.000,4.000,1.0,1,1.0
106,38,530.000,440.000,4.000,4.000,1.0,1,1.0
107,38,529.000,440.000,4.000,4.000,1.0,1,1.0
108,38,528.000,440.000,4.000,4.000,1.0,1,1.0
109,38,526.000,440.000,6.000,4.000,1.0,1,1.0
110,38,525.000,440.000,6.000,4.000,1.0,1,1.0
111,38,524.000,440.000,6.000,4.000,1.0,1,1.0
112,38,523.000,440.000,6.000,4.000,1.0,1,1.0
113,38,523.000,440.000,6.000,4.000,1.0,1,1.0
114,38,523.000,440.000,6.000,4.000,1.0,1,1.0
115,38,523.000,440.000,6.000,4.000,1.0,1,1.0
116,38,523.000,440.000,6.000,4.000,1.0,1,1.0
117,38,524.000,440.000,4.000,4.000,1.0,1,1.0
118,38,524.000,440.000,4.000,4.000,1.0,1,1.0
119,38,524.000,440.000,4.000,4.000,1.0,1,1.0
120,38,524.000,440.000,4.000,4.000,1.0,1,1.0
121,38,525.000,440.000,4.000,4.000,1.0,1,1.0
122,38,525.000,440.000,5.000,4.000,1.0,1,1.0
123,38,525.000,440.000,7.000,3.000,1.0,1,1.0
124,38,527.000,440.000,6.000,3.000,1.0,1,1.0
125,38,528.000,440.000,7.000,3.000,1.0,1,1.0
126,38,530.000,439.000,6.000,4.000,1.0,1,1.0
127,38,531.000,439.000,7.000,4.000,1.0,1,1.0
128,38,532.000,439.000,7.000,4.000,1.0,1,1.0
129,38,534.000,439.000,6.000,4.000,1.0,1,1.0
130,38,534.000,439.000,7.000,4.000,1.0,1,1.0
131,38,534.000,439.000,7.000,4.000,1.0,1,1.0
132,38,534.000,439.000,7.000,4.000,1.0,1,1.0
133,38,534.000,439.000,7.000,4.000,1.0,1,1.0
134,38,535.000,439.000,6.000,4.000,1.0,1,1.0
135,38,534.000,439.000,7.000,4.000,1.0,1,1.0
136,38,534.000,439.000,7.000,4.000,1.0,1,1.0
137,38,534.000,439.000,7.000,4.000,1.0,1,1.0
138,38,534.000,439.000,7.000,4.000,1.0,1,1.0
139,38,534.000,439.000,6.000,4.000,1.0,1,1.0
140,38,534.000,439.000,6.000,4.000,1.0,1,1.0
141,38,534.000,440.000,5.000,3.000,1.0,1,1.0
142,38,534.000,440.000,4.000,3.000,1.0,1,1.0
143,38,534.000,440.000,3.000,3.000,1.0,1,1.0
144,38,534.000,440.000,3.000,3.000,1.0,1,1.0
145,38,534.000,440.000,3.000,3.000,1.0,1,1.0
146,38,534.000,440.000,3.000,3.000,1.0,1,1.0
147,38,534.000,440.000,3.000,3.000,1.0,1,1.0
148,38,534.000,440.000,3.000,3.000,1.0,1,1.0
149,38,534.000,439.000,3.000,4.000,1.0,1,1.0
150,38,532.000,439.000,5.000,4.000,1.0,1,1.0
151,38,531.000,440.000,5.000,3.000,1.0,1,1.0
152,38,530.000,440.000,5.000,3.000,1.0,1,1.0
153,38,528.000,440.000,5.000,3.000,1.0,1,1.0
154,38,526.000,440.000,6.000,4.000,1.0,1,1.0
155,38,525.000,439.000,5.000,4.000,1.0,1,1.0
156,38,525.000,439.000,5.000,5.000,1.0,1,1.0
157,38,525.000,439.000,5.000,5.000,1.0,1,1.0
158,38,525.000,439.000,5.000,4.000,1.0,1,1.0
159,38,526.000,440.000,5.000,4.000,1.0,1,1.0
160,38,527.000,441.000,4.000,3.000,1.0,1,1.0
161,38,527.000,440.000,4.000,4.000,1.0,1,1.0
162,38,528.000,440.000,4.000,4.000,1.0,1,1.0
163,38,529.000,440.000,5.000,3.000,1.0,1,1.0
164,38,529.000,440.000,6.000,3.000,1.0,1,1.0
165,38,530.000,440.000,6.000,3.000,1.0,1,1.0
166,38,531.000,440.000,6.000,3.000,1.0,1,1.0
167,38,532.000,439.000,6.000,4.000,1.0,1,1.0
168,38,534.000,439.000,5.000,4.000,1.0,1,1.0
169,38,535.000,439.000,6.000,4.000,1.0,1,1.0
170,38,537.000,440.000,5.000,3.000,1.0,1,1.0
171,38,538.000,440.000,6.000,3.000,1.0,1,1.0
172,38,541.000,440.000,5.000,3.000,1.0,1,1.0
173,38,542.000,440.000,5.000,3.000,1.0,1,1.0
174,38,543.000,440.000,5.000,3.000,1.0,1,1.0
175,38,544.000,440.000,5.000,3.000,1.0,1,1.0
176,38,545.000,441.000,3.000,3.000,1.0,1,1.0
177,38,544.000,441.000,4.000,3.000,1.0,1,1.0
178,38,544.000,441.000,3.000,3.000,1.0,1,1.0
179,38,543.000,441.000,4.000,3.000,1.0,1,1.0
180,38,543.000,441.000,3.000,4.000,1.0,1,1.0
181,38,543.000,441.000,3.000,4.000,1.0,1,1.0
182,38,543.000,441.000,3.000,4.000,1.0,1,1.0
183,38,543.000,441.000,4.000,3.000,1.0,1,1.0
184,38,543.000,441.000,4.000,3.000,1.0,1,1.0
185,38,544.000,441.000,3.000,3.000,1.0,1,1.0
186,38,545.000,441.000,3.000,3.000,1.0,1,1.0
187,38,546.000,441.000,4.000,4.000,1.0,1,1.0
188,38,547.000,440.000,5.000,4.000,1.0,1,1.0
189,38,548.000,440.000,5.000,5.000,1.0,1,1.0
190,38,548.000,440.000,6.000,5.000,1.0,1,1.0
191,38,549.000,440.000,6.000,6.000,1.0,1,1.0
192,38,550.000,441.000,6.000,5.000,1.0,1,1.0
193,38,551.000,441.000,5.000,4.000,1.0,1,1.0
194,38,552.000,440.000,5.000,5.000,1.0,1,1.0
195,38,552.000,440.000,4.000,5.000,1.0,1,1.0
196,38,552.000,441.000,4.000,4.000,1.0,1,1.0
197,38,551.000,441.000,4.000,4.000,1.0,1,1.0
198,38,551.000,441.000,4.000,5.000,1.0,1,1.0
199,38,550.000,441.000,4.000,4.000,1.0,1,1.0
200,38,550.000,441.000,4.000,5.000,1.0,1,1.0
201,38,549.000,441.000,5.000,5.000,1.0,1,1.0
202,38,549.000,441.000,5.000,5.000,1.0,1,1.0
203,38,549.000,441.000,5.000,5.000,1.0,1,1.0
204,38,549.000,441.000,5.000,5.000,1.0,1,1.0
205,38,549.000,441.000,5.000,5.000,1.0,1,1.0
206,38,549.000,442.000,5.000,4.000,1.0,1,1.0
207,38,549.000,441.000,5.000,5.000,1.0,1,1.0
208,38,545.000,427.000,7.000,8.000,1.0,1,1.0
209,38,524.000,392.000,3.000,8.000,1.0,1,1.0
210,38,526.000,360.000,3.000,7.000,1.0,1,1.0
211,38,545.000,335.000,5.000,7.000,1.0,1,1.0
212,38,552.000,330.000,4.000,7.000,1.0,1,1.0
213,38,551.000,330.000,5.000,7.000,1.0,1,1.0
214,38,551.000,330.000,5.000,7.000,1.0,1,1.0
215,38,551.000,330.000,5.000,7.000,1.0,1,1.0
216,38,552.000,329.000,4.000,7.000,1.0,1,1.0
217,38,552.000,328.000,4.000,7.000,1.0,1,1.0
218,38,553.000,326.000,4.000,8.000,1.0,1,1.0
219,38,552.000,325.000,4.000,8.000,1.0,1,1.0
220,38,553.000,324.000,4.000,8.000,1.0,1,1.0
221,38,552.000,323.000,5.000,7.000,1.0,1,1.0
222,38,553.000,322.000,4.000,7.000,1.0,1,1.0
223,38,554.000,320.000,3.000,7.000,1.0,1,1.0
224,38,554.000,319.000,4.000,7.000,1.0,1,1.0
225,38,553.000,319.000,4.000,7.000,1.0,1,1.0
226,38,554.000,319.000,4.000,7.000,1.0,1,1.0
227,38,554.000,319.000,4.000,7.000,1.0,1,1.0
228,38,554.000,319.000,4.000,7.000,1.0,1,1.0
229,38,554.000,319.000,4.000,7.000,1.0,1,1.0
230,38,554.000,319.000,4.000,7.000,1.0,1,1.0
231,38,553.000,319.000,4.000,7.000,1.0,1,1.0
232,38,554.000,319.000,3.000,7.000,1.0,1,1.0
233,38,553.000,319.000,4.000,7.000,1.0,1,1.0
234,38,554.000,319.000,4.000,7.000,1.0,1,1.0
235,38,554.000,318.000,4.000,8.000,1.0,1,1.0
236,38,554.000,318.000,3.000,8.000,1.0,1,1.0
237,38,553.000,318.000,4.000,8.000,1.0,1,1.0
238,38,553.000,318.000,4.000,8.000,1.0,1,1.0
239,38,554.000,318.000,3.000,8.000,1.0,1,1.0
240,38,553.000,319.000,4.000,7.000,1.0,1,1.0
241,38,553.000,319.000,4.000,7.000,1.0,1,1.0
242,38,553.000,319.000,4.000,7.000,1.0,1,1.0
243,38,553.000,319.000,4.000,7.000,1.0,1,1.0
244,38,554.000,319.000,4.000,7.000,1.0,1,1.0
245,38,554.000,319.000,4.000,7.000,1.0,1,1.0
246,38,553.000,319.000,4.000,7.000,1.0,1,1.0
247,38,553.000,319.000,4.000,7.000,1.0,1,1.0
248,38,554.000,319.000,4.000,7.000,1.0,1,1.0
249,38,554.000,319.000,4.000,7.000,1.0,1,1.0
250,38,554.000,319.000,4.000,7.000,1.0,1,1.0
251,38,554.000,319.000,4.000,7.000,1.0,1,1.0
252,38,554.000,319.000,4.000,7.000,1.0,1,1.0
253,38,554.000,319.000,4.000,7.000,1.0,1,1.0
254,38,553.000,319.000,5.000,7.000,1.0,1,1.0
255,38,554.000,319.000,4.000,7.000,1.0,1,1.0
256,38,554.000,319.000,4.000,7.000,1.0,1,1.0
257,38,554.000,319.000,4.000,7.000,1.0,1,1.0
258,38,554.000,319.000,4.000,7.000,1.0,1,1.0
259,38,554.000,319.000,4.000,7.000,1.0,1,1.0
260,38,554.000,319.000,4.000,7.000,1.0,1,1.0
261,38,553.000,319.000,4.000,7.000,1.0,1,1.0
262,38,553.000,319.000,4.000,7.000,1.0,1,1.0
263,38,554.000,319.000,4.000,7.000,1.0,1,1.0
264,38,554.000,319.000,4.000,7.000,1.0,1,1.0
265,38,554.000,319.000,4.000,7.000,1.0,1,1.0
266,38,554.000,319.000,4.000,7.000,1.0,1,1.0
267,38,554.000,319.000,4.000,7.000,1.0,1,1.0
268,38,554.000,319.000,4.000,7.000,1.0,1,1.0
269,38,554.000,319.000,4.000,7.000,1.0,1,1.0
270,38,554.000,319.000,4.000,7.000,1.0,1,1.0
271,38,554.000,319.000,4.000,7.000,1.0,1,1.0
272,38,554.000,319.000,4.000,7.000,1.0,1,1.0
273,38,554.000,319.000,4.000,7.000,1.0,1,1.0
274,38,554.000,319.000,4.000,7.000,1.0,1,1.0
275,38,554.000,319.000,4.000,7.000,1.0,1,1.0
276,38,554.000,319.000,4.000,7.000,1.0,1,1.0
277,38,554.000,319.000,4.000,7.000,1.0,1,1.0
278,38,553.000,319.000,5.000,7.000,1.0,1,1.0
279,38,554.000,319.000,4.000,7.000,1.0,1,1.0
280,38,554.000,319.000,4.000,7.000,1.0,1,1.0
281,38,554.000,319.000,4.000,7.000,1.0,1,1.0
282,38,554.000,319.000,4.000,7.000,1.0,1,1.0
283,38,554.000,319.000,4.000,7.000,1.0,1,1.0
284,38,554.000,319.000,4.000,7.000,1.0,1,1.0
285,38,554.000,319.000,4.000,7.000,1.0,1,1.0
286,38,554.000,319.000,4.000,7.000,1.0,1,1.0
287,38,554.000,319.000,4.000,7.000,1.0,1,1.0
288,38,554.000,319.000,4.000,7.000,1.0,1,1.0
289,38,554.000,319.000,4.000,7.000,1.0,1,1.0
290,38,553.000,319.000,5.000,7.000,1.0,1,1.0
291,38,554.000,319.000,4.000,7.000,1.0,1,1.0
292,38,553.000,319.000,5.000,7.000,1.0,1,1.0
293,38,554.000,319.000,4.000,7.000,1.0,1,1.0
294,38,554.000,319.000,4.000,7.000,1.0,1,1.0
295,38,554.000,319.000,4.000,7.000,1.0,1,1.0
296,38,554.000,319.000,4.000,7.000,1.0,1,1.0
297,38,554.000,319.000,4.000,7.000,1.0,1,1.0
298,38,554.000,319.000,4.000,7.000,1.0,1,1.0
299,38,553.000,319.000,5.000,7.000,1.0,1,1.0
300,38,554.000,319.000,4.000,7.000,1.0,1,1.0
301,38,553.000,319.000,4.000,7.000,1.0,1,1.0
302,38,553.000,319.000,5.000,7.000,1.0,1,1.0
303,38,553.000,319.000,4.000,7.000,1.0,1,1.0
304,38,553.000,319.000,4.000,7.000,1.0,1,1.0
305,38,553.000,319.000,4.000,7.000,1.0,1,1.0
306,38,553.000,319.000,4.000,7.000,1.0,1,1.0
307,38,553.000,319.000,4.000,7.000,1.0,1,1.0
308,38,553.000,319.000,4.000,7.000,1.0,1,1.0
309,38,553.000,319.000,4.000,7.000,1.0,1,1.0
310,38,553.000,319.000,4.000,7.000,1.0,1,1.0
311,38,553.000,319.000,4.000,7.000,1.0,1,1.0
312,38,553.000,319.000,4.000,7.000,1.0,1,1.0
313,38,553.000,319.000,4.000,7.000,1.0,1,1.0
314,38,553.000,319.000,4.000,7.000,1.0,1,1.0
315,38,554.000,319.000,4.000,7.000,1.0,1,1.0
316,38,553.000,319.000,5.000,7.000,1.0,1,1.0
317,38,553.000,319.000,5.000,8.000,1.0,1,1.0
318,38,553.000,319.000,4.000,8.000,1.0,1,1.0
319,38,553.000,319.000,5.000,7.000,1.0,1,1.0
320,38,553.000,319.000,5.000,7.000,1.0,1,1.0
321,38,553.000,319.000,5.000,7.000,1.0,1,1.0
322,38,553.000,319.000,5.000,7.000,1.0,1,1.0
323,38,553.000,319.000,5.000,8.000,1.0,1,1.0
324,38,553.000,319.000,4.000,8.000,1.0,1,1.0
325,38,553.000,319.000,5.000,8.000,1.0,1,1.0
326,38,553.000,319.000,5.000,7.000,1.0,1,1.0
327,38,553.000,319.000,5.000,7.000,1.0,1,1.0
328,38,553.000,319.000,4.000,8.000,1.0,1,1.0
329,38,553.000,319.000,4.000,8.000,1.0,1,1.0
330,38,553.000,319.000,4.000,8.000,1.0,1,1.0
331,38,553.000,319.000,4.000,7.000,1.0,1,1.0
332,38,553.000,319.000,5.000,7.000,1.0,1,1.0
333,38,553.000,319.000,4.000,7.000,1.0,1,1.0
334,38,553.000,319.000,4.000,7.000,1.0,1,1.0
335,38,553.000,319.000,4.000,7.000,1.0,1,1.0
336,38,553.000,319.000,4.000,7.000,1.0,1,1.0
337,38,553.000,319.000,4.000,7.000,1.0,1,1.0
338,38,553.000,319.000,4.000,7.000,1.0,1,1.0
339,38,554.000,319.000,4.000,7.000,1.0,1,1.0
340,38,553.000,319.000,5.000,7.000,1.0,1,1.0
341,38,553.000,319.000,5.000,7.000,1.0,1,1.0
342,38,553.000,319.000,4.000,7.000,1.0,1,1.0
343,38,553.000,319.000,4.000,7.000,1.0,1,1.0
344,38,553.000,319.000,4.000,7.000,1.0,1,1.0
345,38,553.000,319.000,4.000,7.000,1.0,1,1.0
346,38,553.000,319.000,4.000,7.000,1.0,1,1.0
347,38,553.000,319.000,4.000,7.000,1.0,1,1.0
348,38,553.000,319.000,4.000,7.000,1.0,1,1.0
349,38,553.000,319.000,4.000,7.000,1.0,1,1.0
350,38,553.000,319.000,4.000,7.000,1.0,1,1.0
351,38,553.000,319.000,4.000,7.000,1.0,1,1.0
352,38,553.000,319.000,4.000,7.000,1.0,1,1.0
353,38,553.000,319.000,4.000,7.000,1.0,1,1.0
354,38,553.000,319.000,4.000,7.000,1.0,1,1.0
355,38,553.000,319.000,4.000,7.000,1.0,1,1.0
356,38,553.000,319.000,4.000,7.000,1.0,1,1.0
357,38,553.000,319.000,4.000,7.000,1.0,1,1.0
358,38,553.000,319.000,4.000,7.000,1.0,1,1.0
359,38,553.000,319.000,4.000,7.000,1.0,1,1.0
360,38,554.000,319.000,3.000,7.000,1.0,1,1.0
361,38,554.000,319.000,3.000,7.000,1.0,1,1.0
362,38,554.000,319.000,3.000,7.000,1.0,1,1.0
363,38,553.000,319.000,4.000,7.000,1.0,1,1.0
1,3,33.000,438.000,7.000,4.000,1.0,1,1.0
2,3,33.000,438.000,7.000,4.000,1.0,1,1.0
3,3,33.000,438.000,7.000,4.000,1.0,1,1.0
4,3,33.000,438.000,8.000,4.000,1.0,1,1.0
5,3,33.000,438.000,7.000,4.000,1.0,1,1.0
6,3,33.000,438.000,7.000,4.000,1.0,1,1.0
7,3,33.000,438.000,7.000,4.000,1.0,1,1.0
8,3,33.000,438.000,7.000,4.000,1.0,1,1.0
9,3,33.000,438.000,7.000,4.000,1.0,1,1.0
10,3,33.000,438.000,6.000,4.000,1.0,1,1.0
11,3,32.000,438.000,6.000,4.000,1.0,1,1.0
12,3,30.000,438.000,7.000,3.000,1.0,1,1.0
13,3,29.000,438.000,6.000,3.000,1.0,1,1.0
14,3,28.000,438.000,6.000,3.000,1.0,1,1.0
15,3,27.000,438.000,6.000,3.000,1.0,1,1.0
16,3,27.000,438.000,6.000,3.000,1.0,1,1.0
17,3,26.000,438.000,7.000,3.000,1.0,1,1.0
18,3,26.000,438.000,6.000,3.000,1.0,1,1.0
19,3,27.000,437.000,5.000,4.000,1.0,1,1.0
20,3,26.000,438.000,6.000,3.000,1.0,1,1.0
21,3,26.000,438.000,6.000,3.000,1.0,1,1.0
22,3,27.000,438.000,6.000,3.000,1.0,1,1.0
23,3,26.000,438.000,7.000,3.000,1.0,1,1.0
24,3,26.000,438.000,7.000,3.000,1.0,1,1.0
25,3,27.000,438.000,6.000,3.000,1.0,1,1.0
26,3,27.000,438.000,6.000,3.000,1.0,1,1.0
27,3,27.000,438.000,6.000,3.000,1.0,1,1.0
28,3,27.000,438.000,6.000,3.000,1.0,1,1.0
29,3,27.000,438.000,6.000,3.000,1.0,1,1.0
30,3,26.000,438.000,7.000,4.000,1.0,1,1.0
31,3,27.000,438.000,6.000,4.000,1.0,1,1.0
32,3,27.000,438.000,6.000,4.000,1.0,1,1.0
33,3,27.000,438.000,6.000,3.000,1.0,1,1.0
34,3,26.000,438.000,6.000,4.000,1.0,1,1.0
35,3,25.000,438.000,7.000,4.000,1.0,1,1.0
36,3,23.000,439.000,7.000,3.000,1.0,1,1.0
37,3,22.000,439.000,7.000,3.000,1.0,1,1.0
38,3,21.000,439.000,7.000,3.000,1.0,1,1.0
39,3,20.000,440.000,7.000,2.000,1.0,1,1.0
40,3,19.000,439.000,7.000,3.000,1.0,1,1.0
41,3,17.000,440.000,7.000,3.000,1.0,1,1.0
42,3,16.000,440.000,7.000,3.000,1.0,1,1.0
43,3,15.000,440.000,7.000,3.000,1.0,1,1.0
44,3,15.000,440.000,6.000,3.000,1.0,1,1.0
45,3,14.000,440.000,7.000,4.000,1.0,1,1.0
46,3,13.000,440.000,7.000,3.000,1.0,1,1.0
47,3,13.000,440.000,6.000,4.000,1.0,1,1.0
48,3,12.000,440.000,5.000,4.000,1.0,1,1.0
49,3,12.000,439.000,5.000,5.000,1.0,1,1.0
50,3,12.000,440.000,5.000,4.000,1.0,1,1.0
51,3,12.000,439.000,5.000,5.000,1.0,1,1.0
52,3,11.000,440.000,7.000,5.000,1.0,1,1.0
54,3,12.000,439.000,5.000,5.000,1.0,1,1.0
55,3,11.000,440.000,6.000,5.000,1.0,1,1.0
56,3,12.000,439.000,5.000,6.000,1.0,1,1.0
58,3,12.000,440.000,5.000,4.000,1.0,1,1.0
59,3,12.000,440.000,5.000,4.000,1.0,1,1.0
60,3,12.000,440.000,5.000,4.000,1.0,1,1.0
64,3,19.000,432.000,3.000,6.000,1.0,1,1.0
65,3,13.000,426.000,3.000,7.000,1.0,1,1.0
66,3,21.000,419.000,3.000,8.000,1.0,1,1.0
67,3,24.000,412.000,6.000,6.000,1.0,1,1.0
68,3,34.000,389.000,6.000,7.000,1.0,1,1.0
69,3,57.000,356.000,7.000,7.000,1.0,1,1.0
70,3,56.000,342.000,5.000,5.000,1.0,1,1.0
72,3,55.000,356.000,4.000,6.000,1.0,1,1.0
73,3,50.000,378.000,3.000,6.000,1.0,1,1.0
74,3,53.000,388.000,3.000,6.000,1.0,1,1.0
75,3,61.000,372.000,4.000,6.000,1.0,1,1.0
76,3,70.000,350.000,5.000,7.000,1.0,1,1.0
77,3,57.000,374.000,5.000,11.000,1.0,1,1.0
80,3,40.000,439.000,8.000,4.000,1.0,1,1.0
81,3,40.000,439.000,8.000,5.000,1.0,1,1.0
82,3,40.000,439.000,8.000,4.000,1.0,1,1.0
83,3,40.000,439.000,8.000,5.000,1.0,1,1.0
84,3,40.000,439.000,8.000,5.000,1.0,1,1.0
85,3,40.000,439.000,8.000,5.000,1.0,1,1.0
86,3,40.000,439.000,8.000,5.000,1.0,1,1.0
88,3,39.000,439.000,8.000,5.000,1.0,1,1.0
89,3,39.000,439.000,7.000,5.000,1.0,1,1.0
90,3,38.000,440.000,8.000,4.000,1.0,1,1.0
91,3,38.000,439.000,8.000,5.000,1.0,1,1.0
92,3,31.000,411.000,4.000,8.000,1.0,1,1.0
93,3,25.000,370.000,3.000,6.000,1.0,1,1.0
94,3,36.000,367.000,5.000,7.000,1.0,1,1.0
109,3,19.000,438.000,5.000,5.000,1.0,1,1.0
110,3,18.000,439.000,5.000,4.000,1.0,1,1.0
111,3,18.000,439.000,5.000,4.000,1.0,1,1.0
112,3,18.000,439.000,5.000,4.000,1.0,1,1.0
113,3,18.000,439.000,5.000,4.000,1.0,1,1.0
117,3,16.000,421.000,4.000,8.000,1.0,1,1.0
118,3,16.000,377.000,6.000,8.000,1.0,1,1.0
119,3,18.000,361.000,6.000,6.000,1.0,1,1.0
291,3,11.000,117.000,7.000,7.000,1.0,1,1.0
292,3,12.000,116.000,7.000,6.000,1.0,1,1.0
293,3,14.000,114.000,6.000,6.000,1.0,1,1.0
294,3,15.000,113.000,6.000,6.000,1.0,1,1.0
295,3,17.000,111.000,6.000,6.000,1.0,1,1.0
296,3,18.000,109.000,6.000,6.000,1.0,1,1.0
297,3,20.000,105.000,7.000,9.000,1.0,1,1.0
315,3,37.000,69.000,4.000,4.000,1.0,1,1.0
316,3,37.000,66.000,3.000,7.000,1.0,1,1.0
317,3,36.000,64.000,4.000,8.000,1.0,1,1.0
318,3,35.000,62.000,4.000,8.000,1.0,1,1.0
319,3,34.000,59.000,4.000,9.000,1.0,1,1.0
320,3,33.000,57.000,5.000,8.000,1.0,1,1.0
321,3,32.000,54.000,5.000,9.000,1.0,1,1.0
322,3,31.000,51.000,5.000,9.000,1.0,1,1.0
323,3,30.000,50.000,5.000,8.000,1.0,1,1.0
324,3,29.000,47.000,4.000,9.000,1.0,1,1.0
325,3,28.000,45.000,5.000,8.000,1.0,1,1.0
326,3,26.000,43.000,5.000,8.000,1.0,1,1.0
327,3,25.000,41.000,5.000,8.000,1.0,1,1.0
328,3,24.000,39.000,6.000,10.000,1.0,1,1.0
329,3,25.000,38.000,4.000,8.000,1.0,1,1.0
330,3,24.000,38.000,5.000,8.000,1.0,1,1.0
331,3,25.000,38.000,4.000,8.000,1.0,1,1.0
332,3,25.000,38.000,4.000,8.000,1.0,1,1.0
333,3,25.000,37.000,4.000,8.000,1.0,1,1.0
334,3,26.000,35.000,4.000,8.000,1.0,1,1.0
335,3,27.000,33.000,4.000,9.000,1.0,1,1.0
336,3,28.000,30.000,4.000,9.000,1.0,1,1.0
337,3,29.000,27.000,5.000,9.000,1.0,1,1.0
338,3,30.000,26.000,5.000,7.000,1.0,1,1.0
339,3,32.000,23.000,4.000,8.000,1.0,1,1.0
340,3,33.000,21.000,4.000,8.000,1.0,1,1.0
341,3,33.000,18.000,5.000,8.000,1.0,1,1.0
342,3,33.000,19.000,5.000,7.000,1.0,1,1.0
343,3,33.000,20.000,7.000,6.000,1.0,1,1.0
344,3,34.000,20.000,7.000,6.000,1.0,1,1.0
345,3,35.000,20.000,7.000,6.000,1.0,1,1.0
346,3,36.000,20.000,7.000,6.000,1.0,1,1.0
347,3,37.000,20.000,8.000,6.000,1.0,1,1.0
348,3,39.000,20.000,8.000,5.000,1.0,1,1.0
349,3,42.000,19.000,8.000,5.000,1.0,1,1.0
350,3,44.000,20.000,8.000,4.000,1.0,1,1.0
351,3,46.000,19.000,8.000,5.000,1.0,1,1.0
352,3,48.000,19.000,8.000,4.000,1.0,1,1.0
353,3,50.000,18.000,8.000,5.000,1.0,1,1.0
354,3,51.000,18.000,8.000,5.000,1.0,1,1.0
355,3,53.000,19.000,8.000,4.000,1.0,1,1.0
356,3,54.000,20.000,8.000,4.000,1.0,1,1.0
357,3,56.000,22.000,7.000,3.000,1.0,1,1.0
358,3,58.000,23.000,7.000,3.000,1.0,1,1.0
359,3,59.000,23.000,7.000,4.000,1.0,1,1.0
360,3,61.000,23.000,6.000,4.000,1.0,1,1.0
361,3,62.000,24.000,6.000,3.000,1.0,1,1.0
362,3,63.000,23.000,6.000,4.000,1.0,1,1.0
363,3,64.000,23.000,7.000,4.000,1.0,1,1.0
1,18,164.000,435.000,7.000,6.000,1.0,1,1.0
2,18,163.000,435.000,6.000,6.000,1.0,1,1.0
3,18,164.000,435.000,5.000,6.000,1.0,1,1.0
4,18,163.000,435.000,6.000,6.000,1.0,1,1.0
5,18,162.000,436.000,6.000,4.000,1.0,1,1.0
6,18,161.000,436.000,6.000,4.000,1.0,1,1.0
7,18,161.000,436.000,6.000,4.000,1.0,1,1.0
8,18,161.000,436.000,5.000,4.000,1.0,1,1.0
9,18,161.000,436.000,5.000,4.000,1.0,1,1.0
10,18,161.000,435.000,6.000,5.000,1.0,1,1.0
11,18,161.000,435.000,6.000,5.000,1.0,1,1.0
22,18,182.000,429.000,4.000,8.000,1.0,1,1.0
23,18,183.000,419.000,5.000,6.000,1.0,1,1.0
24,18,181.000,420.000,6.000,4.000,1.0,1,1.0
25,18,187.000,432.000,3.000,7.000,1.0,1,1.0
1,11,156.000,436.000,5.000,5.000,1.0,1,1.0
2,11,156.000,436.000,5.000,5.000,1.0,1,1.0
3,11,156.000,436.000,5.000,5.000,1.0,1,1.0
4,11,156.000,436.000,5.000,5.000,1.0,1,1.0
5,11,155.000,436.000,5.000,5.000,1.0,1,1.0
6,11,155.000,436.000,5.000,5.000,1.0,1,1.0
7,11,155.000,436.000,5.000,5.000,1.0,1,1.0
8,11,154.000,436.000,6.000,4.000,1.0,1,1.0
9,11,155.000,436.000,6.000,4.000,1.0,1,1.0
10,11,156.000,436.000,5.000,4.000,1.0,1,1.0
11,11,156.000,436.000,5.000,5.000,1.0,1,1.0
12,11,158.000,436.000,6.000,4.000,1.0,1,1.0
13,11,156.000,436.000,8.000,5.000,1.0,1,1.0
14,11,156.000,436.000,7.000,4.000,1.0,1,1.0
15,11,156.000,436.000,7.000,4.000,1.0,1,1.0
16,11,156.000,431.000,4.000,7.000,1.0,1,1.0
17,11,154.000,435.000,7.000,4.000,1.0,1,1.0
18,11,156.000,436.000,7.000,6.000,1.0,1,1.0
19,11,156.000,436.000,7.000,5.000,1.0,1,1.0
20,11,155.000,436.000,8.000,6.000,1.0,1,1.0
21,11,156.000,435.000,7.000,7.000,1.0,1,1.0
22,11,156.000,436.000,7.000,5.000,1.0,1,1.0
23,11,156.000,436.000,7.000,5.000,1.0,1,1.0
24,11,156.000,437.000,7.000,5.000,1.0,1,1.0
25,11,156.000,437.000,7.000,5.000,1.0,1,1.0
26,11,156.000,437.000,7.000,5.000,1.0,1,1.0
27,11,156.000,437.000,6.000,5.000,1.0,1,1.0
28,11,156.000,437.000,7.000,5.000,1.0,1,1.0
29,11,156.000,436.000,6.000,6.000,1.0,1,1.0
30,11,155.000,436.000,7.000,6.000,1.0,1,1.0
31,11,156.000,436.000,7.000,6.000,1.0,1,1.0
32,11,155.000,436.000,8.000,6.000,1.0,1,1.0
33,11,155.000,436.000,7.000,5.000,1.0,1,1.0
34,11,155.000,435.000,7.000,6.000,1.0,1,1.0
35,11,155.000,435.000,6.000,5.000,1.0,1,1.0
36,11,155.000,435.000,6.000,5.000,1.0,1,1.0
37,11,154.000,435.000,6.000,5.000,1.0,1,1.0
38,11,154.000,435.000,7.000,5.000,1.0,1,1.0
40,11,154.000,435.000,7.000,5.000,1.0,1,1.0
41,11,154.000,436.000,6.000,4.000,1.0,1,1.0
42,11,154.000,435.000,5.000,5.000,1.0,1,1.0
43,11,154.000,436.000,5.000,4.000,1.0,1,1.0
44,11,154.000,436.000,5.000,3.000,1.0,1,1.0
45,11,154.000,435.000,5.000,5.000,1.0,1,1.0
46,11,154.000,435.000,5.000,5.000,1.0,1,1.0
47,11,154.000,435.000,5.000,5.000,1.0,1,1.0
48,11,154.000,435.000,5.000,5.000,1.0,1,1.0
49,11,154.000,435.000,5.000,5.000,1.0,1,1.0
50,11,154.000,435.000,5.000,5.000,1.0,1,1.0
51,11,154.000,435.000,5.000,5.000,1.0,1,1.0
52,11,154.000,435.000,5.000,5.000,1.0,1,1.0
53,11,154.000,435.000,5.000,5.000,1.0,1,1.0
54,11,154.000,435.000,5.000,5.000,1.0,1,1.0
55,11,154.000,435.000,5.000,5.000,1.0,1,1.0
56,11,154.000,435.000,5.000,5.000,1.0,1,1.0
57,11,154.000,435.000,5.000,5.000,1.0,1,1.0
58,11,154.000,435.000,5.000,5.000,1.0,1,1.0
59,11,154.000,435.000,5.000,5.000,1.0,1,1.0
60,11,154.000,435.000,5.000,5.000,1.0,1,1.0
61,11,154.000,436.000,5.000,4.000,1.0,1,1.0
62,11,154.000,436.000,5.000,4.000,1.0,1,1.0
63,11,154.000,435.000,5.000,5.000,1.0,1,1.0
64,11,154.000,435.000,5.000,5.000,1.0,1,1.0
65,11,155.000,435.000,4.000,5.000,1.0,1,1.0
66,11,154.000,435.000,5.000,5.000,1.0,1,1.0
67,11,155.000,436.000,4.000,4.000,1.0,1,1.0
68,11,155.000,436.000,4.000,4.000,1.0,1,1.0
69,11,154.000,435.000,6.000,5.000,1.0,1,1.0
70,11,154.000,436.000,5.000,4.000,1.0,1,1.0
71,11,154.000,436.000,5.000,4.000,1.0,1,1.0
72,11,154.000,435.000,5.000,5.000,1.0,1,1.0
73,11,154.000,436.000,5.000,4.000,1.0,1,1.0
74,11,154.000,436.000,5.000,4.000,1.0,1,1.0
75,11,154.000,436.000,5.000,4.000,1.0,1,1.0
76,11,154.000,436.000,5.000,4.000,1.0,1,1.0
77,11,154.000,436.000,5.000,4.000,1.0,1,1.0
78,11,154.000,436.000,5.000,4.000,1.0,1,1.0
79,11,154.000,435.000,5.000,5.000,1.0,1,1.0
80,11,154.000,435.000,5.000,5.000,1.0,1,1.0
81,11,154.000,435.000,5.000,5.000,1.0,1,1.0
82,11,154.000,435.000,5.000,5.000,1.0,1,1.0
83,11,154.000,435.000,6.000,5.000,1.0,1,1.0
84,11,152.000,436.000,6.000,6.000,1.0,1,1.0
85,11,151.000,437.000,5.000,6.000,1.0,1,1.0
94,11,139.000,438.000,6.000,4.000,1.0,1,1.0
95,11,138.000,438.000,4.000,5.000,1.0,1,1.0
96,11,138.000,439.000,6.000,4.000,1.0,1,1.0
97,11,138.000,439.000,6.000,4.000,1.0,1,1.0
98,11,138.000,439.000,6.000,4.000,1.0,1,1.0
99,11,138.000,439.000,7.000,4.000,1.0,1,1.0
100,11,140.000,439.000,5.000,4.000,1.0,1,1.0
101,11,140.000,439.000,5.000,4.000,1.0,1,1.0
102,11,141.000,438.000,4.000,5.000,1.0,1,1.0
103,11,141.000,439.000,5.000,4.000,1.0,1,1.0
104,11,141.000,439.000,5.000,5.000,1.0,1,1.0
105,11,140.000,439.000,6.000,5.000,1.0,1,1.0
106,11,141.000,439.000,5.000,5.000,1.0,1,1.0
107,11,141.000,439.000,5.000,4.000,1.0,1,1.0
108,11,141.000,439.000,5.000,5.000,1.0,1,1.0
109,11,141.000,440.000,5.000,4.000,1.0,1,1.0
110,11,141.000,439.000,6.000,5.000,1.0,1,1.0
111,11,141.000,440.000,6.000,4.000,1.0,1,1.0
112,11,141.000,440.000,5.000,4.000,1.0,1,1.0
113,11,141.000,440.000,5.000,4.000,1.0,1,1.0
114,11,141.000,440.000,6.000,4.000,1.0,1,1.0
115,11,141.000,439.000,5.000,5.000,1.0,1,1.0
116,11,134.000,434.000,6.000,3.000,1.0,1,1.0
117,11,140.000,433.000,4.000,6.000,1.0,1,1.0
118,11,141.000,433.000,5.000,7.000,1.0,1,1.0
119,11,128.000,436.000,5.000,5.000,1.0,1,1.0
120,11,127.000,439.000,6.000,4.000,1.0,1,1.0
121,11,127.000,439.000,6.000,4.000,1.0,1,1.0
122,11,128.000,438.000,7.000,5.000,1.0,1,1.0
123,11,128.000,438.000,7.000,5.000,1.0,1,1.0
124,11,128.000,438.000,7.000,5.000,1.0,1,1.0
125,11,128.000,438.000,7.000,5.000,1.0,1,1.0
126,11,128.000,438.000,7.000,5.000,1.0,1,1.0
127,11,128.000,438.000,7.000,5.000,1.0,1,1.0
128,11,128.000,438.000,7.000,5.000,1.0,1,1.0
129,11,128.000,438.000,7.000,5.000,1.0,1,1.0
130,11,128.000,438.000,7.000,5.000,1.0,1,1.0
131,11,128.000,438.000,6.000,5.000,1.0,1,1.0
132,11,128.000,438.000,6.000,5.000,1.0,1,1.0
133,11,128.000,438.000,6.000,5.000,1.0,1,1.0
134,11,128.000,438.000,6.000,5.000,1.0,1,1.0
135,11,128.000,438.000,6.000,5.000,1.0,1,1.0
136,11,128.000,438.000,6.000,5.000,1.0,1,1.0
137,11,128.000,438.000,6.000,5.000,1.0,1,1.0
138,11,128.000,438.000,6.000,5.000,1.0,1,1.0
139,11,128.000,438.000,6.000,5.000,1.0,1,1.0
140,11,128.000,439.000,6.000,4.000,1.0,1,1.0
141,11,128.000,439.000,5.000,4.000,1.0,1,1.0
142,11,128.000,439.000,5.000,4.000,1.0,1,1.0
143,11,128.000,439.000,5.000,4.000,1.0,1,1.0
144,11,128.000,439.000,5.000,4.000,1.0,1,1.0
145,11,128.000,439.000,5.000,4.000,1.0,1,1.0
146,11,128.000,439.000,5.000,4.000,1.0,1,1.0
147,11,129.000,439.000,4.000,4.000,1.0,1,1.0
148,11,129.000,439.000,4.000,4.000,1.0,1,1.0
149,11,129.000,439.000,4.000,4.000,1.0,1,1.0
150,11,129.000,439.000,4.000,4.000,1.0,1,1.0
151,11,129.000,439.000,5.000,4.000,1.0,1,1.0
152,11,129.000,439.000,5.000,4.000,1.0,1,1.0
153,11,129.000,438.000,4.000,4.000,1.0,1,1.0
154,11,130.000,438.000,4.000,5.000,1.0,1,1.0
155,11,127.000,439.000,7.000,6.000,1.0,1,1.0
156,11,128.000,438.000,7.000,6.000,1.0,1,1.0
157,11,128.000,439.000,7.000,5.000,1.0,1,1.0
158,11,128.000,438.000,7.000,6.000,1.0,1,1.0
159,11,129.000,438.000,6.000,6.000,1.0,1,1.0
160,11,130.000,438.000,5.000,7.000,1.0,1,1.0
161,11,130.000,438.000,5.000,7.000,1.0,1,1.0
162,11,129.000,439.000,6.000,5.000,1.0,1,1.0
163,11,129.000,439.000,6.000,5.000,1.0,1,1.0
164,11,129.000,439.000,6.000,5.000,1.0,1,1.0
165,11,129.000,439.000,6.000,5.000,1.0,1,1.0
166,11,129.000,439.000,6.000,6.000,1.0,1,1.0
167,11,129.000,438.000,6.000,7.000,1.0,1,1.0
168,11,129.000,438.000,6.000,6.000,1.0,1,1.0
169,11,129.000,438.000,7.000,7.000,1.0,1,1.0
170,11,129.000,438.000,7.000,6.000,1.0,1,1.0
171,11,129.000,439.000,6.000,5.000,1.0,1,1.0
172,11,129.000,439.000,7.000,5.000,1.0,1,1.0
173,11,129.000,439.000,7.000,5.000,1.0,1,1.0
174,11,129.000,439.000,7.000,5.000,1.0,1,1.0
175,11,129.000,439.000,7.000,6.000,1.0,1,1.0
176,11,129.000,439.000,7.000,6.000,1.0,1,1.0
177,11,129.000,439.000,7.000,6.000,1.0,1,1.0
178,11,129.000,439.000,7.000,6.000,1.0,1,1.0
179,11,129.000,439.000,7.000,6.000,1.0,1,1.0
180,11,129.000,439.000,7.000,6.000,1.0,1,1.0
181,11,129.000,439.000,7.000,6.000,1.0,1,1.0
182,11,129.000,439.000,7.000,6.000,1.0,1,1.0
183,11,129.000,439.000,7.000,6.000,1.0,1,1.0
184,11,129.000,439.000,7.000,6.000,1.0,1,1.0
185,11,129.000,439.000,7.000,6.000,1.0,1,1.0
186,11,129.000,439.000,7.000,5.000,1.0,1,1.0
187,11,130.000,439.000,6.000,5.000,1.0,1,1.0
188,11,130.000,439.000,6.000,5.000,1.0,1,1.0
189,11,130.000,439.000,6.000,5.000,1.0,1,1.0
190,11,130.000,439.000,6.000,5.000,1.0,1,1.0
191,11,129.000,439.000,6.000,5.000,1.0,1,1.0
192,11,129.000,439.000,6.000,5.000,1.0,1,1.0
193,11,129.000,438.000,6.000,6.000,1.0,1,1.0
194,11,129.000,438.000,6.000,6.000,1.0,1,1.0
195,11,129.000,438.000,6.000,6.000,1.0,1,1.0
196,11,129.000,439.000,6.000,6.000,1.0,1,1.0
197,11,129.000,439.000,7.000,5.000,1.0,1,1.0
198,11,129.000,439.000,6.000,5.000,1.0,1,1.0
199,11,129.000,439.000,6.000,6.000,1.0,1,1.0
200,11,128.000,439.000,7.000,7.000,1.0,1,1.0
201,11,128.000,439.000,6.000,6.000,1.0,1,1.0
202,11,129.000,440.000,7.000,6.000,1.0,1,1.0
207,11,123.000,440.000,6.000,5.000,1.0,1,1.0
208,11,124.000,440.000,6.000,5.000,1.0,1,1.0
209,11,125.000,440.000,6.000,4.000,1.0,1,1.0
210,11,125.000,440.000,5.000,4.000,1.0,1,1.0
211,11,125.000,439.000,5.000,4.000,1.0,1,1.0
212,11,125.000,438.000,5.000,5.000,1.0,1,1.0
213,11,125.000,437.000,5.000,6.000,1.0,1,1.0
214,11,124.000,438.000,5.000,6.000,1.0,1,1.0
215,11,124.000,438.000,5.000,6.000,1.0,1,1.0
216,11,124.000,438.000,5.000,6.000,1.0,1,1.0
217,11,124.000,438.000,5.000,6.000,1.0,1,1.0
218,11,124.000,438.000,5.000,6.000,1.0,1,1.0
219,11,124.000,438.000,5.000,6.000,1.0,1,1.0
220,11,124.000,438.000,5.000,6.000,1.0,1,1.0
221,11,124.000,438.000,5.000,6.000,1.0,1,1.0
222,11,124.000,438.000,5.000,6.000,1.0,1,1.0
223,11,124.000,437.000,5.000,7.000,1.0,1,1.0
224,11,124.000,437.000,5.000,7.000,1.0,1,1.0
225,11,124.000,437.000,6.000,7.000,1.0,1,1.0
226,11,124.000,437.000,6.000,6.000,1.0,1,1.0
227,11,124.000,437.000,6.000,6.000,1.0,1,1.0
228,11,124.000,436.000,6.000,7.000,1.0,1,1.0
229,11,124.000,437.000,6.000,6.000,1.0,1,1.0
230,11,124.000,437.000,6.000,6.000,1.0,1,1.0
231,11,125.000,436.000,5.000,6.000,1.0,1,1.0
232,11,125.000,436.000,5.000,6.000,1.0,1,1.0
233,11,125.000,436.000,5.000,7.000,1.0,1,1.0
234,11,125.000,436.000,5.000,7.000,1.0,1,1.0
235,11,124.000,436.000,4.000,7.000,1.0,1,1.0
236,11,124.000,436.000,5.000,7.000,1.0,1,1.0
237,11,124.000,436.000,4.000,7.000,1.0,1,1.0
238,11,124.000,436.000,4.000,7.000,1.0,1,1.0
239,11,123.000,436.000,5.000,7.000,1.0,1,1.0
240,11,123.000,437.000,5.000,6.000,1.0,1,1.0
241,11,123.000,437.000,5.000,6.000,1.0,1,1.0
242,11,124.000,436.000,4.000,7.000,1.0,1,1.0
243,11,124.000,436.000,4.000,7.000,1.0,1,1.0
244,11,124.000,437.000,4.000,6.000,1.0,1,1.0
245,11,124.000,436.000,4.000,7.000,1.0,1,1.0
246,11,124.000,436.000,3.000,7.000,1.0,1,1.0
247,11,124.000,436.000,3.000,7.000,1.0,1,1.0
248,11,124.000,436.000,3.000,6.000,1.0,1,1.0
249,11,123.000,436.000,5.000,7.000,1.0,1,1.0
250,11,123.000,436.000,4.000,7.000,1.0,1,1.0
251,11,123.000,436.000,4.000,7.000,1.0,1,1.0
252,11,123.000,436.000,4.000,7.000,1.0,1,1.0
253,11,123.000,436.000,4.000,7.000,1.0,1,1.0
254,11,124.000,436.000,3.000,7.000,1.0,1,1.0
255,11,123.000,436.000,4.000,7.000,1.0,1,1.0
256,11,123.000,436.000,4.000,7.000,1.0,1,1.0
257,11,124.000,436.000,3.000,7.000,1.0,1,1.0
258,11,124.000,436.000,3.000,7.000,1.0,1,1.0
259,11,124.000,435.000,3.000,7.000,1.0,1,1.0
260,11,124.000,436.000,3.000,6.000,1.0,1,1.0
261,11,124.000,435.000,4.000,7.000,1.0,1,1.0
262,11,124.000,435.000,4.000,6.000,1.0,1,1.0
263,11,124.000,436.000,4.000,6.000,1.0,1,1.0
264,11,124.000,436.000,3.000,6.000,1.0,1,1.0
265,11,124.000,436.000,3.000,7.000,1.0,1,1.0
266,11,124.000,437.000,3.000,6.000,1.0,1,1.0
267,11,124.000,437.000,3.000,6.000,1.0,1,1.0
268,11,124.000,436.000,4.000,7.000,1.0,1,1.0
269,11,124.000,435.000,4.000,7.000,1.0,1,1.0
270,11,124.000,435.000,4.000,7.000,1.0,1,1.0
271,11,124.000,435.000,4.000,7.000,1.0,1,1.0
272,11,124.000,435.000,4.000,7.000,1.0,1,1.0
273,11,124.000,435.000,4.000,7.000,1.0,1,1.0
274,11,124.000,435.000,4.000,7.000,1.0,1,1.0
275,11,124.000,435.000,4.000,7.000,1.0,1,1.0
276,11,125.000,435.000,4.000,7.000,1.0,1,1.0
277,11,125.000,436.000,4.000,6.000,1.0,1,1.0
278,11,126.000,438.000,5.000,5.000,1.0,1,1.0
279,11,128.000,434.000,5.000,7.000,1.0,1,1.0
280,11,132.000,422.000,3.000,5.000,1.0,1,1.0
281,11,136.000,421.000,4.000,5.000,1.0,1,1.0
300,11,134.000,439.000,8.000,5.000,1.0,1,1.0
301,11,135.000,439.000,7.000,6.000,1.0,1,1.0
302,11,135.000,440.000,7.000,5.000,1.0,1,1.0
303,11,136.000,440.000,6.000,4.000,1.0,1,1.0
304,11,136.000,440.000,6.000,4.000,1.0,1,1.0
305,11,136.000,440.000,6.000,4.000,1.0,1,1.0
306,11,136.000,439.000,6.000,5.000,1.0,1,1.0
307,11,136.000,440.000,6.000,4.000,1.0,1,1.0
308,11,135.000,441.000,7.000,4.000,1.0,1,1.0
310,11,132.000,440.000,9.000,4.000,1.0,1,1.0
311,11,134.000,440.000,7.000,4.000,1.0,1,1.0
312,11,134.000,440.000,7.000,4.000,1.0,1,1.0
313,11,135.000,440.000,6.000,4.000,1.0,1,1.0
314,11,134.000,440.000,7.000,4.000,1.0,1,1.0
315,11,134.000,440.000,8.000,4.000,1.0,1,1.0
316,11,134.000,440.000,9.000,4.000,1.0,1,1.0
317,11,134.000,440.000,9.000,4.000,1.0,1,1.0
318,11,134.000,440.000,9.000,4.000,1.0,1,1.0
319,11,134.000,440.000,9.000,4.000,1.0,1,1.0
320,11,134.000,439.000,8.000,5.000,1.0,1,1.0
321,11,133.000,439.000,8.000,4.000,1.0,1,1.0
322,11,134.000,439.000,7.000,4.000,1.0,1,1.0
323,11,132.000,439.000,8.000,5.000,1.0,1,1.0
324,11,132.000,439.000,8.000,4.000,1.0,1,1.0
325,11,131.000,439.000,9.000,5.000,1.0,1,1.0
326,11,131.000,439.000,8.000,5.000,1.0,1,1.0
327,11,131.000,439.000,8.000,5.000,1.0,1,1.0
328,11,131.000,439.000,7.000,5.000,1.0,1,1.0
329,11,130.000,439.000,7.000,4.000,1.0,1,1.0
330,11,130.000,439.000,7.000,4.000,1.0,1,1.0
331,11,130.000,439.000,7.000,5.000,1.0,1,1.0
332,11,130.000,439.000,7.000,5.000,1.0,1,1.0
333,11,130.000,439.000,7.000,5.000,1.0,1,1.0
334,11,129.000,439.000,8.000,5.000,1.0,1,1.0
335,11,129.000,440.000,8.000,4.000,1.0,1,1.0
336,11,126.000,439.000,10.000,5.000,1.0,1,1.0
337,11,126.000,439.000,10.000,5.000,1.0,1,1.0
338,11,126.000,439.000,10.000,5.000,1.0,1,1.0
340,11,126.000,439.000,7.000,4.000,1.0,1,1.0
341,11,126.000,439.000,8.000,4.000,1.0,1,1.0
342,11,126.000,439.000,7.000,4.000,1.0,1,1.0
343,11,126.000,439.000,8.000,5.000,1.0,1,1.0
344,11,126.000,439.000,8.000,5.000,1.0,1,1.0
345,11,126.000,439.000,8.000,5.000,1.0,1,1.0
346,11,126.000,439.000,8.000,5.000,1.0,1,1.0
347,11,125.000,439.000,7.000,3.000,1.0,1,1.0
348,11,126.000,435.000,7.000,6.000,1.0,1,1.0
349,11,125.000,439.000,7.000,5.000,1.0,1,1.0
350,11,124.000,439.000,8.000,5.000,1.0,1,1.0
351,11,124.000,439.000,8.000,5.000,1.0,1,1.0
352,11,124.000,439.000,8.000,5.000,1.0,1,1.0
353,11,124.000,439.000,8.000,5.000,1.0,1,1.0
354,11,124.000,439.000,8.000,6.000,1.0,1,1.0
355,11,125.000,439.000,7.000,5.000,1.0,1,1.0
356,11,124.000,439.000,8.000,5.000,1.0,1,1.0
357,11,125.000,439.000,7.000,5.000,1.0,1,1.0
358,11,125.000,439.000,8.000,5.000,1.0,1,1.0
359,11,125.000,439.000,8.000,5.000,1.0,1,1.0
360,11,125.000,439.000,7.000,5.000,1.0,1,1.0
361,11,125.000,439.000,7.000,5.000,1.0,1,1.0
362,11,125.000,440.000,7.000,4.000,1.0,1,1.0
363,11,125.000,439.000,7.000,5.000,1.0,1,1.0
1,36,528.000,440.000,5.000,4.000,1.0,1,1.0
2,36,526.000,440.000,6.000,4.000,1.0,1,1.0
3,36,526.000,440.000,6.000,4.000,1.0,1,1.0
4,36,526.000,440.000,6.000,4.000,1.0,1,1.0
5,36,526.000,440.000,6.000,4.000,1.0,1,1.0
6,36,526.000,440.000,6.000,4.000,1.0,1,1.0
7,36,527.000,440.000,4.000,4.000,1.0,1,1.0
8,36,527.000,440.000,3.000,4.000,1.0,1,1.0
38,36,524.000,440.000,5.000,4.000,1.0,1,1.0
39,36,523.000,440.000,6.000,4.000,1.0,1,1.0
40,36,523.000,438.000,5.000,6.000,1.0,1,1.0
41,36,523.000,436.000,4.000,7.000,1.0,1,1.0
42,36,522.000,436.000,5.000,7.000,1.0,1,1.0
43,36,522.000,435.000,4.000,7.000,1.0,1,1.0
44,36,520.000,433.000,5.000,7.000,1.0,1,1.0
45,36,519.000,432.000,4.000,7.000,1.0,1,1.0
46,36,518.000,429.000,5.000,8.000,1.0,1,1.0
47,36,516.000,428.000,5.000,7.000,1.0,1,1.0
48,36,514.000,427.000,6.000,7.000,1.0,1,1.0
49,36,513.000,425.000,6.000,7.000,1.0,1,1.0
50,36,511.000,425.000,6.000,6.000,1.0,1,1.0
51,36,510.000,423.000,6.000,7.000,1.0,1,1.0
52,36,509.000,422.000,6.000,6.000,1.0,1,1.0
53,36,508.000,421.000,5.000,6.000,1.0,1,1.0
54,36,507.000,420.000,5.000,5.000,1.0,1,1.0
55,36,506.000,418.000,5.000,7.000,1.0,1,1.0
56,36,506.000,417.000,4.000,6.000,1.0,1,1.0
57,36,505.000,417.000,4.000,6.000,1.0,1,1.0
58,36,504.000,414.000,5.000,7.000,1.0,1,1.0
59,36,504.000,413.000,3.000,7.000,1.0,1,1.0
60,36,504.000,412.000,3.000,7.000,1.0,1,1.0
61,36,505.000,410.000,3.000,8.000,1.0,1,1.0
62,36,505.000,408.000,3.000,8.000,1.0,1,1.0
63,36,505.000,406.000,3.000,8.000,1.0,1,1.0
64,36,504.000,405.000,3.000,8.000,1.0,1,1.0
65,36,503.000,403.000,4.000,7.000,1.0,1,1.0
66,36,502.000,402.000,5.000,7.000,1.0,1,1.0
67,36,501.000,401.000,4.000,7.000,1.0,1,1.0
68,36,500.000,401.000,5.000,6.000,1.0,1,1.0
69,36,499.000,402.000,5.000,5.000,1.0,1,1.0
70,36,498.000,402.000,5.000,5.000,1.0,1,1.0
71,36,498.000,401.000,5.000,5.000,1.0,1,1.0
72,36,498.000,401.000,5.000,5.000,1.0,1,1.0
73,36,498.000,400.000,5.000,5.000,1.0,1,1.0
74,36,498.000,399.000,4.000,5.000,1.0,1,1.0
75,36,497.000,397.000,5.000,6.000,1.0,1,1.0
76,36,497.000,396.000,4.000,6.000,1.0,1,1.0
77,36,497.000,394.000,3.000,6.000,1.0,1,1.0
78,36,497.000,392.000,3.000,7.000,1.0,1,1.0
79,36,497.000,391.000,3.000,6.000,1.0,1,1.0
80,36,496.000,389.000,4.000,7.000,1.0,1,1.0
81,36,497.000,387.000,3.000,7.000,1.0,1,1.0
82,36,497.000,386.000,3.000,6.000,1.0,1,1.0
83,36,497.000,384.000,3.000,7.000,1.0,1,1.0
84,36,497.000,382.000,3.000,8.000,1.0,1,1.0
85,36,497.000,382.000,3.000,7.000,1.0,1,1.0
86,36,497.000,381.000,3.000,7.000,1.0,1,1.0
87,36,496.000,380.000,4.000,7.000,1.0,1,1.0
88,36,497.000,378.000,3.000,7.000,1.0,1,1.0
89,36,497.000,376.000,3.000,7.000,1.0,1,1.0
90,36,497.000,373.000,3.000,8.000,1.0,1,1.0
91,36,497.000,371.000,3.000,8.000,1.0,1,1.0
92,36,497.000,369.000,3.000,8.000,1.0,1,1.0
93,36,497.000,368.000,3.000,8.000,1.0,1,1.0
94,36,497.000,365.000,3.000,7.000,1.0,1,1.0
95,36,497.000,363.000,3.000,7.000,1.0,1,1.0
96,36,497.000,361.000,3.000,7.000,1.0,1,1.0
97,36,497.000,359.000,4.000,7.000,1.0,1,1.0
98,36,497.000,357.000,4.000,8.000,1.0,1,1.0
99,36,497.000,356.000,4.000,7.000,1.0,1,1.0
100,36,497.000,354.000,4.000,8.000,1.0,1,1.0
101,36,497.000,353.000,4.000,8.000,1.0,1,1.0
102,36,497.000,352.000,4.000,7.000,1.0,1,1.0
103,36,498.000,350.000,3.000,8.000,1.0,1,1.0
104,36,497.000,349.000,4.000,8.000,1.0,1,1.0
105,36,498.000,347.000,4.000,8.000,1.0,1,1.0
106,36,498.000,346.000,4.000,8.000,1.0,1,1.0
107,36,498.000,345.000,4.000,7.000,1.0,1,1.0
108,36,498.000,344.000,4.000,8.000,1.0,1,1.0
109,36,499.000,344.000,3.000,8.000,1.0,1,1.0
110,36,498.000,344.000,4.000,8.000,1.0,1,1.0
111,36,498.000,344.000,4.000,8.000,1.0,1,1.0
112,36,499.000,344.000,4.000,8.000,1.0,1,1.0
113,36,499.000,343.000,4.000,8.000,1.0,1,1.0
114,36,499.000,342.000,4.000,8.000,1.0,1,1.0
115,36,500.000,341.000,4.000,8.000,1.0,1,1.0
116,36,500.000,340.000,5.000,7.000,1.0,1,1.0
117,36,501.000,338.000,4.000,7.000,1.0,1,1.0
118,36,500.000,336.000,5.000,8.000,1.0,1,1.0
119,36,500.000,336.000,5.000,8.000,1.0,1,1.0
120,36,501.000,336.000,4.000,8.000,1.0,1,1.0
121,36,501.000,336.000,4.000,8.000,1.0,1,1.0
122,36,501.000,336.000,5.000,8.000,1.0,1,1.0
123,36,502.000,338.000,4.000,7.000,1.0,1,1.0
124,36,501.000,338.000,6.000,7.000,1.0,1,1.0
125,36,502.000,338.000,5.000,7.000,1.0,1,1.0
126,36,503.000,336.000,5.000,8.000,1.0,1,1.0
127,36,504.000,336.000,5.000,7.000,1.0,1,1.0
128,36,505.000,335.000,5.000,7.000,1.0,1,1.0
129,36,506.000,334.000,5.000,7.000,1.0,1,1.0
130,36,507.000,334.000,5.000,6.000,1.0,1,1.0
131,36,508.000,333.000,5.000,6.000,1.0,1,1.0
132,36,509.000,332.000,7.000,5.000,1.0,1,1.0
133,36,510.000,331.000,7.000,5.000,1.0,1,1.0
134,36,511.000,331.000,6.000,4.000,1.0,1,1.0
135,36,511.000,331.000,7.000,4.000,1.0,1,1.0
136,36,511.000,331.000,7.000,4.000,1.0,1,1.0
137,36,512.000,331.000,8.000,4.000,1.0,1,1.0
138,36,514.000,332.000,7.000,3.000,1.0,1,1.0
139,36,515.000,332.000,7.000,3.000,1.0,1,1.0
140,36,514.000,331.000,7.000,4.000,1.0,1,1.0
141,36,514.000,331.000,7.000,4.000,1.0,1,1.0
142,36,514.000,331.000,7.000,4.000,1.0,1,1.0
143,36,540.000,331.000,7.000,6.000,1.0,1,1.0
144,36,557.000,325.000,4.000,7.000,1.0,1,1.0
145,36,557.000,324.000,4.000,7.000,1.0,1,1.0
146,36,557.000,324.000,4.000,7.000,1.0,1,1.0
147,36,557.000,324.000,4.000,7.000,1.0,1,1.0
148,36,557.000,323.000,4.000,8.000,1.0,1,1.0
149,36,557.000,323.000,4.000,7.000,1.0,1,1.0
150,36,557.000,323.000,4.000,7.000,1.0,1,1.0
151,36,557.000,323.000,4.000,7.000,1.0,1,1.0
152,36,557.000,323.000,4.000,7.000,1.0,1,1.0
153,36,557.000,321.000,4.000,7.000,1.0,1,1.0
154,36,557.000,320.000,4.000,8.000,1.0,1,1.0
155,36,556.000,319.000,4.000,8.000,1.0,1,1.0
156,36,556.000,318.000,4.000,7.000,1.0,1,1.0
157,36,555.000,317.000,5.000,7.000,1.0,1,1.0
158,36,554.000,315.000,5.000,7.000,1.0,1,1.0
159,36,554.000,314.000,4.000,7.000,1.0,1,1.0
160,36,553.000,313.000,5.000,6.000,1.0,1,1.0
161,36,552.000,311.000,5.000,7.000,1.0,1,1.0
162,36,551.000,310.000,5.000,6.000,1.0,1,1.0
163,36,550.000,308.000,5.000,6.000,1.0,1,1.0
164,36,549.000,307.000,5.000,6.000,1.0,1,1.0
165,36,548.000,305.000,6.000,7.000,1.0,1,1.0
166,36,548.000,304.000,5.000,6.000,1.0,1,1.0
167,36,547.000,302.000,6.000,8.000,1.0,1,1.0
168,36,547.000,302.000,5.000,7.000,1.0,1,1.0
169,36,547.000,300.000,5.000,8.000,1.0,1,1.0
170,36,547.000,299.000,4.000,7.000,1.0,1,1.0
171,36,546.000,298.000,5.000,7.000,1.0,1,1.0
172,36,546.000,297.000,4.000,7.000,1.0,1,1.0
173,36,545.000,296.000,5.000,7.000,1.0,1,1.0
174,36,545.000,295.000,4.000,7.000,1.0,1,1.0
175,36,544.000,295.000,5.000,7.000,1.0,1,1.0
176,36,544.000,294.000,5.000,8.000,1.0,1,1.0
177,36,544.000,294.000,5.000,8.000,1.0,1,1.0
178,36,545.000,294.000,4.000,8.000,1.0,1,1.0
179,36,544.000,294.000,5.000,8.000,1.0,1,1.0
180,36,544.000,294.000,5.000,8.000,1.0,1,1.0
181,36,544.000,295.000,5.000,7.000,1.0,1,1.0
182,36,544.000,294.000,5.000,8.000,1.0,1,1.0
183,36,544.000,294.000,5.000,8.000,1.0,1,1.0
184,36,543.000,293.000,5.000,7.000,1.0,1,1.0
234,36,538.000,223.000,6.000,5.000,1.0,1,1.0
235,36,547.000,222.000,3.000,6.000,1.0,1,1.0
236,36,547.000,221.000,3.000,7.000,1.0,1,1.0
237,36,547.000,221.000,3.000,7.000,1.0,1,1.0
238,36,547.000,221.000,3.000,7.000,1.0,1,1.0
239,36,547.000,221.000,3.000,7.000,1.0,1,1.0
240,36,547.000,220.000,3.000,8.000,1.0,1,1.0
241,36,547.000,218.000,3.000,8.000,1.0,1,1.0
242,36,547.000,216.000,3.000,7.000,1.0,1,1.0
243,36,547.000,213.000,3.000,8.000,1.0,1,1.0
244,36,548.000,211.000,3.000,7.000,1.0,1,1.0
245,36,547.000,208.000,3.000,8.000,1.0,1,1.0
246,36,547.000,206.000,3.000,8.000,1.0,1,1.0
247,36,547.000,204.000,3.000,8.000,1.0,1,1.0
248,36,546.000,201.000,4.000,8.000,1.0,1,1.0
249,36,546.000,199.000,4.000,7.000,1.0,1,1.0
250,36,545.000,197.000,4.000,8.000,1.0,1,1.0
251,36,545.000,194.000,4.000,8.000,1.0,1,1.0
252,36,544.000,193.000,4.000,7.000,1.0,1,1.0
253,36,542.000,191.000,5.000,7.000,1.0,1,1.0
254,36,541.000,189.000,5.000,7.000,1.0,1,1.0
255,36,539.000,188.000,6.000,6.000,1.0,1,1.0
256,36,539.000,187.000,5.000,6.000,1.0,1,1.0
257,36,539.000,187.000,5.000,6.000,1.0,1,1.0
258,36,539.000,187.000,5.000,6.000,1.0,1,1.0
259,36,539.000,187.000,5.000,6.000,1.0,1,1.0
260,36,539.000,187.000,5.000,6.000,1.0,1,1.0
261,36,538.000,185.000,6.000,7.000,1.0,1,1.0
262,36,538.000,185.000,5.000,6.000,1.0,1,1.0
263,36,538.000,185.000,5.000,6.000,1.0,1,1.0
264,36,538.000,185.000,5.000,6.000,1.0,1,1.0
265,36,517.000,174.000,6.000,6.000,1.0,1,1.0
266,36,499.000,162.000,4.000,6.000,1.0,1,1.0
267,36,507.000,183.000,5.000,6.000,1.0,1,1.0
268,36,534.000,211.000,9.000,6.000,1.0,1,1.0
269,36,557.000,219.000,4.000,7.000,1.0,1,1.0
270,36,558.000,218.000,4.000,7.000,1.0,1,1.0
271,36,558.000,218.000,4.000,7.000,1.0,1,1.0
272,36,558.000,218.000,4.000,7.000,1.0,1,1.0
273,36,559.000,218.000,3.000,7.000,1.0,1,1.0
274,36,559.000,218.000,3.000,6.000,1.0,1,1.0
275,36,559.000,216.000,3.000,7.000,1.0,1,1.0
276,36,559.000,214.000,3.000,7.000,1.0,1,1.0
277,36,559.000,212.000,3.000,7.000,1.0,1,1.0
278,36,559.000,210.000,3.000,7.000,1.0,1,1.0
279,36,559.000,208.000,3.000,6.000,1.0,1,1.0
280,36,559.000,207.000,3.000,6.000,1.0,1,1.0
281,36,559.000,205.000,3.000,6.000,1.0,1,1.0
282,36,559.000,205.000,3.000,5.000,1.0,1,1.0
283,36,559.000,205.000,3.000,4.000,1.0,1,1.0
284,36,559.000,203.000,3.000,5.000,1.0,1,1.0
285,36,558.000,203.000,4.000,4.000,1.0,1,1.0
286,36,558.000,203.000,4.000,4.000,1.0,1,1.0
287,36,558.000,202.000,3.000,4.000,1.0,1,1.0
288,36,557.000,202.000,4.000,4.000,1.0,1,1.0
289,36,557.000,202.000,4.000,4.000,1.0,1,1.0
290,36,556.000,202.000,4.000,4.000,1.0,1,1.0
291,36,555.000,202.000,4.000,4.000,1.0,1,1.0
292,36,554.000,202.000,4.000,3.000,1.0,1,1.0
293,36,553.000,201.000,5.000,4.000,1.0,1,1.0
294,36,552.000,201.000,5.000,3.000,1.0,1,1.0
295,36,550.000,201.000,5.000,3.000,1.0,1,1.0
296,36,549.000,200.000,5.000,4.000,1.0,1,1.0
297,36,547.000,200.000,6.000,4.000,1.0,1,1.0
298,36,545.000,201.000,6.000,3.000,1.0,1,1.0
299,36,545.000,201.000,6.000,3.000,1.0,1,1.0
300,36,543.000,200.000,7.000,4.000,1.0,1,1.0
301,36,543.000,201.000,6.000,3.000,1.0,1,1.0
302,36,542.000,200.000,7.000,4.000,1.0,1,1.0
303,36,542.000,200.000,7.000,4.000,1.0,1,1.0
304,36,542.000,200.000,6.000,4.000,1.0,1,1.0
1,44,658.000,440.000,5.000,3.000,1.0,1,1.0
2,44,658.000,440.000,4.000,3.000,1.0,1,1.0
3,44,658.000,441.000,4.000,3.000,1.0,1,1.0
4,44,658.000,441.000,4.000,3.000,1.0,1,1.0
5,44,658.000,442.000,4.000,3.000,1.0,1,1.0
6,44,658.000,442.000,4.000,3.000,1.0,1,1.0
7,44,659.000,442.000,4.000,3.000,1.0,1,1.0
8,44,659.000,443.000,6.000,3.000,1.0,1,1.0
9,44,660.000,443.000,7.000,3.000,1.0,1,1.0
10,44,662.000,443.000,7.000,3.000,1.0,1,1.0
11,44,663.000,443.000,8.000,3.000,1.0,1,1.0
12,44,665.000,443.000,7.000,3.000,1.0,1,1.0
13,44,666.000,443.000,8.000,3.000,1.0,1,1.0
14,44,666.000,443.000,7.000,3.000,1.0,1,1.0
15,44,666.000,443.000,8.000,3.000,1.0,1,1.0
16,44,666.000,443.000,7.000,3.000,1.0,1,1.0
17,44,664.000,443.000,6.000,3.000,1.0,1,1.0
18,44,664.000,443.000,5.000,3.000,1.0,1,1.0
19,44,664.000,443.000,4.000,3.000,1.0,1,1.0
20,44,663.000,443.000,5.000,3.000,1.0,1,1.0
21,44,663.000,443.000,5.000,3.000,1.0,1,1.0
22,44,663.000,443.000,5.000,4.000,1.0,1,1.0
23,44,663.000,443.000,5.000,3.000,1.0,1,1.0
24,44,663.000,443.000,5.000,3.000,1.0,1,1.0
26,44,664.000,439.000,3.000,7.000,1.0,1,1.0
27,44,661.000,441.000,6.000,6.000,1.0,1,1.0
28,44,660.000,440.000,6.000,7.000,1.0,1,1.0
29,44,658.000,440.000,7.000,5.000,1.0,1,1.0
30,44,658.000,440.000,6.000,6.000,1.0,1,1.0
31,44,658.000,440.000,6.000,5.000,1.0,1,1.0
32,44,659.000,439.000,4.000,3.000,1.0,1,1.0
33,44,659.000,439.000,4.000,4.000,1.0,1,1.0
34,44,659.000,439.000,4.000,4.000,1.0,1,1.0
35,44,659.000,439.000,4.000,4.000,1.0,1,1.0
36,44,659.000,439.000,4.000,4.000,1.0,1,1.0
37,44,658.000,439.000,4.000,4.000,1.0,1,1.0
38,44,658.000,439.000,4.000,3.000,1.0,1,1.0
39,44,658.000,439.000,4.000,4.000,1.0,1,1.0
40,44,657.000,440.000,4.000,3.000,1.0,1,1.0
41,44,656.000,440.000,4.000,3.000,1.0,1,1.0
42,44,655.000,440.000,4.000,3.000,1.0,1,1.0
43,44,654.000,440.000,5.000,3.000,1.0,1,1.0
44,44,655.000,440.000,4.000,3.000,1.0,1,1.0
45,44,655.000,440.000,4.000,3.000,1.0,1,1.0
46,44,655.000,440.000,4.000,3.000,1.0,1,1.0
47,44,655.000,440.000,4.000,3.000,1.0,1,1.0
48,44,655.000,440.000,4.000,3.000,1.0,1,1.0
49,44,654.000,440.000,5.000,3.000,1.0,1,1.0
50,44,655.000,435.000,5.000,8.000,1.0,1,1.0
51,44,654.000,439.000,5.000,5.000,1.0,1,1.0
52,44,655.000,439.000,4.000,4.000,1.0,1,1.0
53,44,654.000,440.000,5.000,3.000,1.0,1,1.0
54,44,654.000,440.000,5.000,3.000,1.0,1,1.0
66,44,648.000,396.000,5.000,7.000,1.0,1,1.0
67,44,659.000,383.000,4.000,6.000,1.0,1,1.0
68,44,664.000,396.000,4.000,8.000,1.0,1,1.0
69,44,659.000,428.000,4.000,8.000,1.0,1,1.0
70,44,657.000,440.000,4.000,3.000,1.0,1,1.0
71,44,657.000,440.000,4.000,3.000,1.0,1,1.0
72,44,657.000,440.000,4.000,3.000,1.0,1,1.0
73,44,657.000,440.000,5.000,3.000,1.0,1,1.0
74,44,658.000,440.000,6.000,3.000,1.0,1,1.0
75,44,659.000,440.000,6.000,3.000,1.0,1,1.0
76,44,661.000,441.000,6.000,3.000,1.0,1,1.0
77,44,662.000,441.000,6.000,3.000,1.0,1,1.0
78,44,662.000,441.000,6.000,3.000,1.0,1,1.0
79,44,662.000,441.000,6.000,3.000,1.0,1,1.0
80,44,662.000,441.000,6.000,3.000,1.0,1,1.0
81,44,662.000,441.000,6.000,3.000,1.0,1,1.0
82,44,662.000,441.000,5.000,3.000,1.0,1,1.0
83,44,662.000,441.000,6.000,3.000,1.0,1,1.0
84,44,663.000,441.000,5.000,3.000,1.0,1,1.0
85,44,663.000,441.000,5.000,3.000,1.0,1,1.0
86,44,663.000,441.000,6.000,3.000,1.0,1,1.0
87,44,663.000,441.000,6.000,3.000,1.0,1,1.0
88,44,663.000,440.000,7.000,4.000,1.0,1,1.0
89,44,664.000,441.000,7.000,4.000,1.0,1,1.0
90,44,664.000,440.000,5.000,5.000,1.0,1,1.0
91,44,662.000,440.000,6.000,5.000,1.0,1,1.0
92,44,662.000,441.000,5.000,4.000,1.0,1,1.0
93,44,662.000,441.000,5.000,5.000,1.0,1,1.0
94,44,662.000,441.000,5.000,5.000,1.0,1,1.0
95,44,662.000,441.000,6.000,4.000,1.0,1,1.0
96,44,662.000,442.000,6.000,3.000,1.0,1,1.0
97,44,662.000,441.000,7.000,4.000,1.0,1,1.0
98,44,662.000,442.000,8.000,3.000,1.0,1,1.0
100,44,654.000,428.000,5.000,6.000,1.0,1,1.0
101,44,650.000,427.000,5.000,6.000,1.0,1,1.0
102,44,635.000,429.000,9.000,4.000,1.0,1,1.0
103,44,627.000,431.000,4.000,7.000,1.0,1,1.0
104,44,613.000,434.000,8.000,4.000,1.0,1,1.0
105,44,616.000,437.000,5.000,7.000,1.0,1,1.0
106,44,614.000,440.000,6.000,3.000,1.0,1,1.0
107,44,617.000,442.000,6.000,3.000,1.0,1,1.0
108,44,618.000,441.000,6.000,3.000,1.0,1,1.0
109,44,618.000,441.000,6.000,3.000,1.0,1,1.0
110,44,618.000,440.000,5.000,4.000,1.0,1,1.0
112,44,629.000,416.000,6.000,4.000,1.0,1,1.0
210,44,649.000,440.000,6.000,3.000,1.0,1,1.0
211,44,649.000,440.000,6.000,3.000,1.0,1,1.0
212,44,633.000,410.000,6.000,8.000,1.0,1,1.0
213,44,615.000,380.000,5.000,4.000,1.0,1,1.0
214,44,617.000,385.000,7.000,3.000,1.0,1,1.0
215,44,628.000,393.000,7.000,5.000,1.0,1,1.0
216,44,614.000,414.000,4.000,7.000,1.0,1,1.0
218,44,637.000,438.000,6.000,3.000,1.0,1,1.0
219,44,649.000,435.000,5.000,5.000,1.0,1,1.0
220,44,645.000,437.000,5.000,5.000,1.0,1,1.0
221,44,646.000,438.000,4.000,4.000,1.0,1,1.0
222,44,646.000,438.000,4.000,4.000,1.0,1,1.0
223,44,647.000,438.000,4.000,4.000,1.0,1,1.0
224,44,649.000,439.000,4.000,3.000,1.0,1,1.0
225,44,650.000,439.000,5.000,3.000,1.0,1,1.0
226,44,651.000,439.000,7.000,3.000,1.0,1,1.0
227,44,653.000,438.000,6.000,4.000,1.0,1,1.0
228,44,654.000,438.000,7.000,4.000,1.0,1,1.0
229,44,657.000,439.000,6.000,3.000,1.0,1,1.0
230,44,661.000,434.000,5.000,8.000,1.0,1,1.0
256,44,659.000,442.000,5.000,4.000,1.0,1,1.0
257,44,661.000,442.000,4.000,4.000,1.0,1,1.0
259,44,660.000,441.000,4.000,5.000,1.0,1,1.0
260,44,658.000,442.000,4.000,4.000,1.0,1,1.0
269,44,632.000,442.000,6.000,4.000,1.0,1,1.0
270,44,632.000,443.000,4.000,3.000,1.0,1,1.0
271,44,632.000,442.000,4.000,4.000,1.0,1,1.0
272,44,632.000,442.000,4.000,3.000,1.0,1,1.0
273,44,632.000,442.000,4.000,3.000,1.0,1,1.0
274,44,633.000,441.000,3.000,4.000,1.0,1,1.0
275,44,634.000,440.000,5.000,4.000,1.0,1,1.0
276,44,636.000,439.000,5.000,5.000,1.0,1,1.0
277,44,637.000,439.000,5.000,4.000,1.0,1,1.0
278,44,638.000,438.000,6.000,5.000,1.0,1,1.0
279,44,639.000,438.000,6.000,4.000,1.0,1,1.0
280,44,641.000,438.000,5.000,4.000,1.0,1,1.0
281,44,642.000,437.000,6.000,4.000,1.0,1,1.0
282,44,643.000,437.000,5.000,4.000,1.0,1,1.0
283,44,643.000,437.000,6.000,4.000,1.0,1,1.0
284,44,643.000,437.000,6.000,4.000,1.0,1,1.0
285,44,644.000,437.000,5.000,4.000,1.0,1,1.0
286,44,644.000,437.000,5.000,4.000,1.0,1,1.0
287,44,644.000,437.000,5.000,4.000,1.0,1,1.0
288,44,644.000,437.000,5.000,4.000,1.0,1,1.0
289,44,644.000,437.000,5.000,4.000,1.0,1,1.0
290,44,644.000,437.000,5.000,4.000,1.0,1,1.0
291,44,644.000,437.000,5.000,4.000,1.0,1,1.0
293,44,650.000,390.000,4.000,7.000,1.0,1,1.0
294,44,658.000,366.000,6.000,5.000,1.0,1,1.0
296,44,660.000,369.000,3.000,6.000,1.0,1,1.0
297,44,659.000,365.000,4.000,6.000,1.0,1,1.0
298,44,657.000,376.000,4.000,7.000,1.0,1,1.0
299,44,647.000,393.000,7.000,7.000,1.0,1,1.0
301,44,629.000,440.000,5.000,6.000,1.0,1,1.0
302,44,648.000,433.000,4.000,7.000,1.0,1,1.0
304,44,651.000,435.000,5.000,3.000,1.0,1,1.0
308,44,658.000,429.000,4.000,5.000,1.0,1,1.0
309,44,655.000,415.000,6.000,4.000,1.0,1,1.0
327,44,659.000,441.000,5.000,3.000,1.0,1,1.0
331,44,662.000,442.000,6.000,3.000,1.0,1,1.0
332,44,663.000,441.000,5.000,3.000,1.0,1,1.0
333,44,665.000,440.000,4.000,4.000,1.0,1,1.0
334,44,665.000,440.000,4.000,4.000,1.0,1,1.0
335,44,665.000,441.000,4.000,3.000,1.0,1,1.0
336,44,666.000,441.000,4.000,3.000,1.0,1,1.0
337,44,666.000,441.000,4.000,3.000,1.0,1,1.0
338,44,666.000,441.000,4.000,3.000,1.0,1,1.0
339,44,667.000,441.000,3.000,3.000,1.0,1,1.0
340,44,667.000,441.000,4.000,3.000,1.0,1,1.0
341,44,667.000,441.000,4.000,3.000,1.0,1,1.0
342,44,668.000,441.000,3.000,3.000,1.0,1,1.0
343,44,668.000,441.000,3.000,3.000,1.0,1,1.0
344,44,668.000,441.000,3.000,3.000,1.0,1,1.0
345,44,668.000,441.000,3.000,3.000,1.0,1,1.0
346,44,668.000,441.000,3.000,3.000,1.0,1,1.0
347,44,668.000,441.000,3.000,3.000,1.0,1,1.0
348,44,668.000,441.000,3.000,3.000,1.0,1,1.0
349,44,668.000,441.000,5.000,7.000,1.0,1,1.0
350,44,667.000,441.000,5.000,6.000,1.0,1,1.0
351,44,666.000,441.000,5.000,7.000,1.0,1,1.0
352,44,666.000,442.000,5.000,5.000,1.0,1,1.0
353,44,666.000,442.000,5.000,5.000,1.0,1,1.0
354,44,666.000,442.000,5.000,5.000,1.0,1,1.0
355,44,665.000,442.000,6.000,4.000,1.0,1,1.0
1,31,381.000,360.000,6.000,5.000,1.0,1,1.0
2,31,382.000,359.000,6.000,5.000,1.0,1,1.0
3,31,383.000,357.000,6.000,5.000,1.0,1,1.0
4,31,385.000,355.000,6.000,6.000,1.0,1,1.0
5,31,386.000,354.000,7.000,5.000,1.0,1,1.0
6,31,388.000,354.000,6.000,5.000,1.0,1,1.0
7,31,389.000,353.000,7.000,5.000,1.0,1,1.0
8,31,390.000,351.000,8.000,6.000,1.0,1,1.0
9,31,392.000,351.000,7.000,5.000,1.0,1,1.0
10,31,394.000,350.000,7.000,5.000,1.0,1,1.0
11,31,395.000,350.000,8.000,4.000,1.0,1,1.0
12,31,397.000,348.000,8.000,4.000,1.0,1,1.0
13,31,400.000,346.000,7.000,6.000,1.0,1,1.0
14,31,401.000,344.000,7.000,6.000,1.0,1,1.0
15,31,403.000,342.000,7.000,6.000,1.0,1,1.0
16,31,405.000,340.000,6.000,7.000,1.0,1,1.0
17,31,407.000,338.000,6.000,7.000,1.0,1,1.0
18,31,408.000,336.000,6.000,7.000,1.0,1,1.0
19,31,410.000,333.000,6.000,8.000,1.0,1,1.0
20,31,411.000,331.000,6.000,8.000,1.0,1,1.0
21,31,412.000,329.000,6.000,7.000,1.0,1,1.0
22,31,414.000,327.000,6.000,7.000,1.0,1,1.0
23,31,415.000,325.000,6.000,7.000,1.0,1,1.0
24,31,417.000,323.000,5.000,7.000,1.0,1,1.0
25,31,418.000,321.000,6.000,7.000,1.0,1,1.0
26,31,419.000,319.000,5.000,7.000,1.0,1,1.0
27,31,420.000,317.000,6.000,7.000,1.0,1,1.0
28,31,421.000,314.000,5.000,7.000,1.0,1,1.0
29,31,422.000,312.000,5.000,8.000,1.0,1,1.0
30,31,423.000,311.000,6.000,7.000,1.0,1,1.0
31,31,424.000,309.000,6.000,7.000,1.0,1,1.0
32,31,426.000,307.000,5.000,7.000,1.0,1,1.0
33,31,426.000,306.000,5.000,7.000,1.0,1,1.0
34,31,427.000,304.000,5.000,7.000,1.0,1,1.0
35,31,428.000,302.000,5.000,7.000,1.0,1,1.0
36,31,429.000,299.000,4.000,8.000,1.0,1,1.0
37,31,430.000,297.000,4.000,8.000,1.0,1,1.0
38,31,430.000,295.000,4.000,8.000,1.0,1,1.0
39,31,431.000,293.000,4.000,8.000,1.0,1,1.0
40,31,432.000,291.000,3.000,7.000,1.0,1,1.0
41,31,432.000,288.000,3.000,8.000,1.0,1,1.0
42,31,432.000,286.000,4.000,8.000,1.0,1,1.0
43,31,432.000,283.000,4.000,8.000,1.0,1,1.0
44,31,433.000,281.000,3.000,8.000,1.0,1,1.0
45,31,433.000,278.000,4.000,8.000,1.0,1,1.0
46,31,433.000,276.000,4.000,8.000,1.0,1,1.0
47,31,434.000,274.000,4.000,8.000,1.0,1,1.0
48,31,434.000,273.000,4.000,7.000,1.0,1,1.0
49,31,435.000,271.000,4.000,7.000,1.0,1,1.0
50,31,435.000,268.000,4.000,8.000,1.0,1,1.0
51,31,435.000,266.000,5.000,8.000,1.0,1,1.0
52,31,436.000,264.000,4.000,8.000,1.0,1,1.0
53,31,436.000,263.000,4.000,7.000,1.0,1,1.0
54,31,437.000,261.000,3.000,7.000,1.0,1,1.0
55,31,437.000,259.000,3.000,7.000,1.0,1,1.0
56,31,437.000,257.000,4.000,7.000,1.0,1,1.0
57,31,437.000,255.000,4.000,7.000,1.0,1,1.0
58,31,437.000,253.000,4.000,8.000,1.0,1,1.0
59,31,437.000,251.000,4.000,7.000,1.0,1,1.0
60,31,437.000,249.000,4.000,7.000,1.0,1,1.0
61,31,437.000,246.000,4.000,8.000,1.0,1,1.0
62,31,437.000,245.000,4.000,7.000,1.0,1,1.0
63,31,437.000,242.000,4.000,7.000,1.0,1,1.0
64,31,437.000,240.000,4.000,7.000,1.0,1,1.0
65,31,437.000,238.000,4.000,7.000,1.0,1,1.0
66,31,437.000,236.000,4.000,7.000,1.0,1,1.0
67,31,436.000,233.000,4.000,7.000,1.0,1,1.0
68,31,436.000,232.000,4.000,7.000,1.0,1,1.0
69,31,435.000,230.000,4.000,7.000,1.0,1,1.0
70,31,434.000,228.000,5.000,7.000,1.0,1,1.0
71,31,434.000,227.000,4.000,6.000,1.0,1,1.0
72,31,433.000,225.000,4.000,7.000,1.0,1,1.0
73,31,431.000,224.000,5.000,6.000,1.0,1,1.0
74,31,430.000,223.000,5.000,5.000,1.0,1,1.0
75,31,428.000,222.000,6.000,5.000,1.0,1,1.0
76,31,427.000,220.000,6.000,6.000,1.0,1,1.0
77,31,426.000,218.000,5.000,7.000,1.0,1,1.0
78,31,425.000,216.000,5.000,7.000,1.0,1,1.0
79,31,425.000,213.000,4.000,8.000,1.0,1,1.0
80,31,424.000,211.000,5.000,8.000,1.0,1,1.0
81,31,424.000,209.000,4.000,8.000,1.0,1,1.0
82,31,423.000,206.000,5.000,9.000,1.0,1,1.0
83,31,423.000,204.000,4.000,9.000,1.0,1,1.0
84,31,423.000,202.000,4.000,8.000,1.0,1,1.0
85,31,423.000,200.000,4.000,8.000,1.0,1,1.0
86,31,423.000,198.000,4.000,8.000,1.0,1,1.0
87,31,423.000,195.000,4.000,9.000,1.0,1,1.0
88,31,423.000,194.000,3.000,8.000,1.0,1,1.0
89,31,422.000,192.000,4.000,7.000,1.0,1,1.0
90,31,421.000,190.000,4.000,8.000,1.0,1,1.0
91,31,421.000,189.000,4.000,8.000,1.0,1,1.0
92,31,420.000,187.000,4.000,8.000,1.0,1,1.0
93,31,419.000,185.000,4.000,9.000,1.0,1,1.0
94,31,419.000,183.000,4.000,9.000,1.0,1,1.0
95,31,418.000,181.000,4.000,8.000,1.0,1,1.0
96,31,417.000,180.000,5.000,8.000,1.0,1,1.0
97,31,417.000,178.000,4.000,8.000,1.0,1,1.0
98,31,417.000,177.000,3.000,8.000,1.0,1,1.0
99,31,416.000,175.000,3.000,8.000,1.0,1,1.0
100,31,415.000,174.000,4.000,8.000,1.0,1,1.0
101,31,415.000,172.000,4.000,9.000,1.0,1,1.0
102,31,415.000,171.000,4.000,9.000,1.0,1,1.0
103,31,416.000,170.000,4.000,8.000,1.0,1,1.0
104,31,416.000,167.000,4.000,9.000,1.0,1,1.0
105,31,417.000,166.000,4.000,9.000,1.0,1,1.0
106,31,418.000,164.000,4.000,8.000,1.0,1,1.0
107,31,418.000,163.000,4.000,8.000,1.0,1,1.0
108,31,418.000,161.000,5.000,8.000,1.0,1,1.0
109,31,419.000,160.000,5.000,7.000,1.0,1,1.0
110,31,420.000,158.000,4.000,8.000,1.0,1,1.0
111,31,420.000,157.000,5.000,7.000,1.0,1,1.0
112,31,421.000,155.000,4.000,8.000,1.0,1,1.0
113,31,421.000,153.000,5.000,8.000,1.0,1,1.0
114,31,421.000,151.000,5.000,8.000,1.0,1,1.0
115,31,422.000,149.000,5.000,8.000,1.0,1,1.0
116,31,423.000,146.000,4.000,9.000,1.0,1,1.0
117,31,423.000,144.000,4.000,8.000,1.0,1,1.0
118,31,424.000,142.000,3.000,8.000,1.0,1,1.0
119,31,423.000,140.000,4.000,8.000,1.0,1,1.0
120,31,424.000,138.000,3.000,8.000,1.0,1,1.0
121,31,424.000,135.000,4.000,8.000,1.0,1,1.0
122,31,424.000,133.000,4.000,9.000,1.0,1,1.0
123,31,424.000,131.000,4.000,8.000,1.0,1,1.0
124,31,425.000,129.000,4.000,9.000,1.0,1,1.0
125,31,425.000,127.000,4.000,9.000,1.0,1,1.0
126,31,426.000,126.000,3.000,8.000,1.0,1,1.0
127,31,426.000,124.000,3.000,8.000,1.0,1,1.0
128,31,426.000,122.000,4.000,8.000,1.0,1,1.0
129,31,427.000,120.000,3.000,7.000,1.0,1,1.0
130,31,426.000,117.000,4.000,9.000,1.0,1,1.0
131,31,427.000,115.000,4.000,9.000,1.0,1,1.0
132,31,427.000,113.000,4.000,8.000,1.0,1,1.0
133,31,427.000,111.000,4.000,8.000,1.0,1,1.0
134,31,428.000,109.000,3.000,8.000,1.0,1,1.0
135,31,428.000,106.000,4.000,9.000,1.0,1,1.0
136,31,428.000,104.000,5.000,9.000,1.0,1,1.0
137,31,428.000,101.000,5.000,9.000,1.0,1,1.0
138,31,427.000,101.000,8.000,8.000,1.0,1,1.0
151,31,424.000,68.000,5.000,4.000,1.0,1,1.0
152,31,425.000,67.000,3.000,5.000,1.0,1,1.0
153,31,425.000,64.000,3.000,8.000,1.0,1,1.0
154,31,424.000,62.000,4.000,8.000,1.0,1,1.0
155,31,424.000,59.000,3.000,9.000,1.0,1,1.0
156,31,423.000,57.000,4.000,9.000,1.0,1,1.0
157,31,424.000,55.000,3.000,9.000,1.0,1,1.0
158,31,423.000,52.000,3.000,9.000,1.0,1,1.0
159,31,423.000,50.000,3.000,10.000,1.0,1,1.0
160,31,424.000,48.000,3.000,9.000,1.0,1,1.0
161,31,423.000,47.000,4.000,9.000,1.0,1,1.0
162,31,423.000,45.000,4.000,8.000,1.0,1,1.0
163,31,424.000,43.000,3.000,8.000,1.0,1,1.0
164,31,424.000,41.000,3.000,8.000,1.0,1,1.0
165,31,424.000,39.000,4.000,8.000,1.0,1,1.0
166,31,425.000,37.000,4.000,8.000,1.0,1,1.0
167,31,424.000,36.000,5.000,8.000,1.0,1,1.0
168,31,425.000,34.000,5.000,8.000,1.0,1,1.0
169,31,426.000,32.000,5.000,8.000,1.0,1,1.0
170,31,427.000,31.000,4.000,7.000,1.0,1,1.0
171,31,427.000,29.000,5.000,8.000,1.0,1,1.0
172,31,428.000,27.000,4.000,8.000,1.0,1,1.0
173,31,428.000,26.000,5.000,8.000,1.0,1,1.0
174,31,429.000,24.000,4.000,8.000,1.0,1,1.0
175,31,429.000,22.000,4.000,7.000,1.0,1,1.0
176,31,429.000,21.000,4.000,7.000,1.0,1,1.0
177,31,428.000,19.000,5.000,8.000,1.0,1,1.0
178,31,428.000,18.000,5.000,7.000,1.0,1,1.0
179,31,428.000,17.000,5.000,8.000,1.0,1,1.0
180,31,428.000,17.000,5.000,8.000,1.0,1,1.0
181,31,428.000,17.000,5.000,8.000,1.0,1,1.0
182,31,428.000,17.000,5.000,8.000,1.0,1,1.0
183,31,428.000,18.000,5.000,7.000,1.0,1,1.0
184,31,429.000,18.000,5.000,7.000,1.0,1,1.0
185,31,429.000,18.000,6.000,6.000,1.0,1,1.0
186,31,430.000,18.000,5.000,5.000,1.0,1,1.0
187,31,431.000,18.000,5.000,5.000,1.0,1,1.0
188,31,431.000,18.000,5.000,5.000,1.0,1,1.0
189,31,431.000,18.000,5.000,5.000,1.0,1,1.0
190,31,432.000,18.000,5.000,4.000,1.0,1,1.0
191,31,433.000,17.000,5.000,5.000,1.0,1,1.0
192,31,433.000,17.000,5.000,5.000,1.0,1,1.0
193,31,433.000,17.000,5.000,5.000,1.0,1,1.0
194,31,433.000,17.000,5.000,5.000,1.0,1,1.0
195,31,433.000,17.000,5.000,5.000,1.0,1,1.0
196,31,433.000,17.000,5.000,5.000,1.0,1,1.0
197,31,432.000,19.000,6.000,4.000,1.0,1,1.0
198,31,432.000,18.000,7.000,7.000,1.0,1,1.0
1,13,175.000,434.000,4.000,8.000,1.0,1,1.0
2,13,175.000,436.000,4.000,7.000,1.0,1,1.0
3,13,177.000,431.000,6.000,4.000,1.0,1,1.0
4,13,183.000,431.000,5.000,6.000,1.0,1,1.0
8,13,175.000,440.000,6.000,4.000,1.0,1,1.0
9,13,174.000,440.000,6.000,3.000,1.0,1,1.0
10,13,172.000,439.000,6.000,4.000,1.0,1,1.0
11,13,171.000,438.000,5.000,4.000,1.0,1,1.0
12,13,168.000,438.000,5.000,4.000,1.0,1,1.0
13,13,167.000,437.000,6.000,4.000,1.0,1,1.0
14,13,167.000,437.000,5.000,5.000,1.0,1,1.0
15,13,167.000,437.000,5.000,4.000,1.0,1,1.0
16,13,166.000,437.000,6.000,5.000,1.0,1,1.0
17,13,167.000,437.000,5.000,5.000,1.0,1,1.0
18,13,165.000,437.000,6.000,6.000,1.0,1,1.0
19,13,165.000,437.000,6.000,6.000,1.0,1,1.0
20,13,165.000,437.000,6.000,7.000,1.0,1,1.0
21,13,166.000,437.000,5.000,6.000,1.0,1,1.0
22,13,164.000,437.000,6.000,6.000,1.0,1,1.0
23,13,165.000,437.000,5.000,6.000,1.0,1,1.0
24,13,165.000,438.000,5.000,5.000,1.0,1,1.0
25,13,165.000,438.000,4.000,5.000,1.0,1,1.0
26,13,164.000,438.000,5.000,5.000,1.0,1,1.0
27,13,164.000,438.000,5.000,5.000,1.0,1,1.0
37,13,159.000,438.000,5.000,4.000,1.0,1,1.0
38,13,159.000,436.000,5.000,5.000,1.0,1,1.0
39,13,156.000,435.000,7.000,5.000,1.0,1,1.0
40,13,159.000,434.000,5.000,6.000,1.0,1,1.0
41,13,159.000,434.000,5.000,7.000,1.0,1,1.0
42,13,160.000,433.000,4.000,8.000,1.0,1,1.0
43,13,160.000,433.000,4.000,8.000,1.0,1,1.0
44,13,160.000,433.000,4.000,8.000,1.0,1,1.0
45,13,160.000,434.000,4.000,7.000,1.0,1,1.0
46,13,160.000,433.000,4.000,9.000,1.0,1,1.0
47,13,160.000,433.000,4.000,8.000,1.0,1,1.0
48,13,160.000,433.000,4.000,8.000,1.0,1,1.0
49,13,160.000,432.000,4.000,8.000,1.0,1,1.0
50,13,160.000,432.000,4.000,8.000,1.0,1,1.0
51,13,160.000,432.000,5.000,7.000,1.0,1,1.0
52,13,160.000,431.000,5.000,7.000,1.0,1,1.0
53,13,160.000,431.000,5.000,7.000,1.0,1,1.0
54,13,165.000,434.000,4.000,6.000,1.0,1,1.0
55,13,164.000,434.000,5.000,5.000,1.0,1,1.0
56,13,163.000,433.000,5.000,6.000,1.0,1,1.0
57,13,163.000,433.000,5.000,6.000,1.0,1,1.0
58,13,162.000,433.000,5.000,6.000,1.0,1,1.0
59,13,162.000,434.000,5.000,5.000,1.0,1,1.0
60,13,162.000,434.000,4.000,6.000,1.0,1,1.0
61,13,161.000,434.000,5.000,6.000,1.0,1,1.0
62,13,162.000,434.000,4.000,6.000,1.0,1,1.0
63,13,162.000,434.000,4.000,6.000,1.0,1,1.0
64,13,162.000,434.000,4.000,6.000,1.0,1,1.0
65,13,162.000,434.000,4.000,6.000,1.0,1,1.0
66,13,162.000,433.000,5.000,6.000,1.0,1,1.0
67,13,162.000,433.000,5.000,6.000,1.0,1,1.0
68,13,163.000,433.000,4.000,6.000,1.0,1,1.0
71,13,165.000,437.000,6.000,4.000,1.0,1,1.0
72,13,165.000,437.000,5.000,4.000,1.0,1,1.0
73,13,164.000,436.000,6.000,5.000,1.0,1,1.0
74,13,164.000,435.000,5.000,6.000,1.0,1,1.0
75,13,163.000,435.000,6.000,6.000,1.0,1,1.0
76,13,163.000,435.000,6.000,5.000,1.0,1,1.0
77,13,163.000,435.000,6.000,5.000,1.0,1,1.0
78,13,163.000,435.000,6.000,6.000,1.0,1,1.0
79,13,162.000,438.000,6.000,4.000,1.0,1,1.0
80,13,162.000,438.000,6.000,4.000,1.0,1,1.0
81,13,162.000,438.000,6.000,4.000,1.0,1,1.0
82,13,162.000,438.000,6.000,4.000,1.0,1,1.0
84,13,163.000,435.000,7.000,5.000,1.0,1,1.0
85,13,155.000,435.000,6.000,5.000,1.0,1,1.0
86,13,154.000,435.000,6.000,5.000,1.0,1,1.0
87,13,154.000,436.000,6.000,5.000,1.0,1,1.0
88,13,154.000,436.000,5.000,5.000,1.0,1,1.0
89,13,154.000,435.000,5.000,5.000,1.0,1,1.0
91,13,154.000,435.000,5.000,5.000,1.0,1,1.0
92,13,155.000,436.000,5.000,4.000,1.0,1,1.0
93,13,154.000,435.000,5.000,5.000,1.0,1,1.0
94,13,154.000,435.000,5.000,5.000,1.0,1,1.0
95,13,155.000,435.000,5.000,5.000,1.0,1,1.0
96,13,154.000,435.000,5.000,5.000,1.0,1,1.0
97,13,154.000,436.000,5.000,4.000,1.0,1,1.0
99,13,154.000,435.000,5.000,5.000,1.0,1,1.0
103,13,153.000,434.000,5.000,5.000,1.0,1,1.0
104,13,153.000,435.000,5.000,4.000,1.0,1,1.0
105,13,153.000,435.000,6.000,5.000,1.0,1,1.0
106,13,153.000,435.000,6.000,5.000,1.0,1,1.0
107,13,153.000,435.000,6.000,5.000,1.0,1,1.0
108,13,153.000,435.000,6.000,5.000,1.0,1,1.0
109,13,153.000,435.000,6.000,5.000,1.0,1,1.0
110,13,153.000,435.000,7.000,5.000,1.0,1,1.0
111,13,153.000,435.000,7.000,6.000,1.0,1,1.0
113,13,158.000,440.000,8.000,4.000,1.0,1,1.0
114,13,159.000,440.000,8.000,4.000,1.0,1,1.0
125,13,147.000,438.000,5.000,4.000,1.0,1,1.0
126,13,148.000,437.000,5.000,4.000,1.0,1,1.0
127,13,147.000,436.000,5.000,5.000,1.0,1,1.0
128,13,147.000,436.000,5.000,5.000,1.0,1,1.0
129,13,146.000,434.000,5.000,7.000,1.0,1,1.0
130,13,145.000,433.000,5.000,7.000,1.0,1,1.0
131,13,146.000,432.000,4.000,7.000,1.0,1,1.0
132,13,146.000,431.000,4.000,7.000,1.0,1,1.0
133,13,145.000,429.000,5.000,8.000,1.0,1,1.0
134,13,145.000,428.000,5.000,8.000,1.0,1,1.0
135,13,145.000,427.000,4.000,8.000,1.0,1,1.0
136,13,144.000,426.000,4.000,8.000,1.0,1,1.0
137,13,144.000,424.000,4.000,8.000,1.0,1,1.0
138,13,144.000,423.000,4.000,8.000,1.0,1,1.0
139,13,143.000,421.000,4.000,8.000,1.0,1,1.0
140,13,143.000,420.000,4.000,7.000,1.0,1,1.0
141,13,143.000,418.000,3.000,9.000,1.0,1,1.0
142,13,143.000,416.000,3.000,9.000,1.0,1,1.0
143,13,142.000,415.000,3.000,8.000,1.0,1,1.0
144,13,142.000,413.000,4.000,8.000,1.0,1,1.0
145,13,142.000,410.000,4.000,9.000,1.0,1,1.0
146,13,142.000,408.000,3.000,9.000,1.0,1,1.0
147,13,142.000,407.000,4.000,8.000,1.0,1,1.0
148,13,142.000,405.000,4.000,8.000,1.0,1,1.0
149,13,142.000,403.000,4.000,8.000,1.0,1,1.0
150,13,143.000,401.000,3.000,8.000,1.0,1,1.0
151,13,143.000,399.000,3.000,8.000,1.0,1,1.0
152,13,143.000,397.000,3.000,8.000,1.0,1,1.0
153,13,143.000,395.000,3.000,9.000,1.0,1,1.0
154,13,143.000,393.000,3.000,8.000,1.0,1,1.0
155,13,143.000,391.000,3.000,8.000,1.0,1,1.0
156,13,143.000,389.000,3.000,8.000,1.0,1,1.0
157,13,143.000,387.000,3.000,8.000,1.0,1,1.0
158,13,143.000,385.000,3.000,8.000,1.0,1,1.0
159,13,143.000,383.000,3.000,8.000,1.0,1,1.0
160,13,143.000,381.000,3.000,8.000,1.0,1,1.0
161,13,143.000,379.000,4.000,8.000,1.0,1,1.0
162,13,144.000,377.000,3.000,8.000,1.0,1,1.0
163,13,144.000,376.000,4.000,7.000,1.0,1,1.0
164,13,145.000,374.000,3.000,8.000,1.0,1,1.0
165,13,145.000,371.000,3.000,8.000,1.0,1,1.0
166,13,146.000,369.000,3.000,8.000,1.0,1,1.0
167,13,146.000,367.000,3.000,8.000,1.0,1,1.0
168,13,146.000,364.000,3.000,9.000,1.0,1,1.0
169,13,146.000,362.000,3.000,8.000,1.0,1,1.0
170,13,146.000,360.000,3.000,8.000,1.0,1,1.0
171,13,146.000,358.000,4.000,8.000,1.0,1,1.0
172,13,146.000,356.000,3.000,8.000,1.0,1,1.0
173,13,146.000,354.000,3.000,8.000,1.0,1,1.0
174,13,146.000,352.000,3.000,8.000,1.0,1,1.0
175,13,146.000,350.000,3.000,9.000,1.0,1,1.0
176,13,145.000,349.000,4.000,8.000,1.0,1,1.0
177,13,145.000,347.000,3.000,8.000,1.0,1,1.0
178,13,145.000,345.000,3.000,8.000,1.0,1,1.0
179,13,144.000,343.000,3.000,8.000,1.0,1,1.0
180,13,144.000,342.000,3.000,8.000,1.0,1,1.0
181,13,142.000,340.000,4.000,8.000,1.0,1,1.0
182,13,142.000,339.000,4.000,8.000,1.0,1,1.0
183,13,141.000,338.000,4.000,9.000,1.0,1,1.0
184,13,141.000,337.000,4.000,9.000,1.0,1,1.0
185,13,140.000,335.000,4.000,9.000,1.0,1,1.0
186,13,140.000,334.000,4.000,9.000,1.0,1,1.0
187,13,139.000,333.000,4.000,8.000,1.0,1,1.0
188,13,139.000,331.000,4.000,9.000,1.0,1,1.0
189,13,138.000,329.000,4.000,9.000,1.0,1,1.0
190,13,138.000,328.000,4.000,8.000,1.0,1,1.0
191,13,138.000,326.000,4.000,8.000,1.0,1,1.0
192,13,137.000,325.000,4.000,8.000,1.0,1,1.0
193,13,137.000,322.000,4.000,9.000,1.0,1,1.0
194,13,137.000,321.000,4.000,9.000,1.0,1,1.0
195,13,136.000,319.000,4.000,9.000,1.0,1,1.0
196,13,136.000,317.000,4.000,9.000,1.0,1,1.0
197,13,136.000,315.000,3.000,9.000,1.0,1,1.0
198,13,135.000,313.000,4.000,8.000,1.0,1,1.0
199,13,135.000,311.000,3.000,8.000,1.0,1,1.0
200,13,135.000,309.000,4.000,8.000,1.0,1,1.0
201,13,135.000,306.000,3.000,9.000,1.0,1,1.0
202,13,135.000,304.000,3.000,8.000,1.0,1,1.0
203,13,135.000,302.000,3.000,8.000,1.0,1,1.0
204,13,135.000,299.000,4.000,9.000,1.0,1,1.0
205,13,136.000,297.000,3.000,9.000,1.0,1,1.0
206,13,136.000,294.000,3.000,9.000,1.0,1,1.0
207,13,136.000,292.000,3.000,8.000,1.0,1,1.0
208,13,136.000,290.000,4.000,8.000,1.0,1,1.0
209,13,136.000,288.000,4.000,8.000,1.0,1,1.0
210,13,137.000,285.000,3.000,8.000,1.0,1,1.0
211,13,137.000,283.000,4.000,7.000,1.0,1,1.0
212,13,138.000,280.000,3.000,8.000,1.0,1,1.0
213,13,138.000,278.000,4.000,8.000,1.0,1,1.0
214,13,139.000,275.000,3.000,8.000,1.0,1,1.0
215,13,140.000,273.000,3.000,8.000,1.0,1,1.0
216,13,140.000,270.000,4.000,8.000,1.0,1,1.0
217,13,141.000,268.000,4.000,8.000,1.0,1,1.0
218,13,141.000,265.000,4.000,8.000,1.0,1,1.0
219,13,142.000,263.000,4.000,7.000,1.0,1,1.0
220,13,143.000,260.000,4.000,8.000,1.0,1,1.0
221,13,144.000,258.000,4.000,8.000,1.0,1,1.0
222,13,145.000,256.000,4.000,8.000,1.0,1,1.0
223,13,146.000,255.000,4.000,8.000,1.0,1,1.0
224,13,146.000,254.000,4.000,8.000,1.0,1,1.0
225,13,146.000,253.000,4.000,8.000,1.0,1,1.0
226,13,146.000,253.000,4.000,8.000,1.0,1,1.0
227,13,146.000,253.000,4.000,8.000,1.0,1,1.0
228,13,146.000,253.000,4.000,8.000,1.0,1,1.0
229,13,146.000,253.000,4.000,8.000,1.0,1,1.0
230,13,147.000,252.000,3.000,8.000,1.0,1,1.0
231,13,147.000,250.000,4.000,8.000,1.0,1,1.0
232,13,148.000,248.000,3.000,8.000,1.0,1,1.0
233,13,148.000,246.000,3.000,8.000,1.0,1,1.0
234,13,148.000,244.000,4.000,8.000,1.0,1,1.0
235,13,148.000,242.000,4.000,8.000,1.0,1,1.0
236,13,149.000,239.000,3.000,8.000,1.0,1,1.0
237,13,149.000,237.000,3.000,7.000,1.0,1,1.0
238,13,149.000,234.000,4.000,8.000,1.0,1,1.0
239,13,149.000,231.000,4.000,8.000,1.0,1,1.0
240,13,150.000,228.000,4.000,8.000,1.0,1,1.0
241,13,151.000,226.000,4.000,7.000,1.0,1,1.0
242,13,152.000,223.000,3.000,8.000,1.0,1,1.0
243,13,153.000,220.000,3.000,9.000,1.0,1,1.0
244,13,153.000,217.000,4.000,8.000,1.0,1,1.0
245,13,154.000,215.000,3.000,8.000,1.0,1,1.0
246,13,154.000,213.000,4.000,8.000,1.0,1,1.0
247,13,155.000,210.000,3.000,8.000,1.0,1,1.0
248,13,155.000,208.000,4.000,8.000,1.0,1,1.0
249,13,155.000,206.000,4.000,8.000,1.0,1,1.0
250,13,155.000,204.000,4.000,8.000,1.0,1,1.0
251,13,156.000,202.000,3.000,8.000,1.0,1,1.0
252,13,156.000,200.000,3.000,8.000,1.0,1,1.0
253,13,156.000,197.000,3.000,8.000,1.0,1,1.0
254,13,156.000,195.000,4.000,8.000,1.0,1,1.0
255,13,157.000,192.000,3.000,8.000,1.0,1,1.0
256,13,157.000,190.000,3.000,8.000,1.0,1,1.0
257,13,157.000,188.000,3.000,8.000,1.0,1,1.0
258,13,157.000,185.000,3.000,8.000,1.0,1,1.0
259,13,158.000,182.000,2.000,9.000,1.0,1,1.0
260,13,157.000,180.000,3.000,8.000,1.0,1,1.0
261,13,158.000,177.000,2.000,8.000,1.0,1,1.0
262,13,158.000,174.000,3.000,8.000,1.0,1,1.0
263,13,158.000,171.000,3.000,9.000,1.0,1,1.0
264,13,158.000,169.000,3.000,8.000,1.0,1,1.0
265,13,157.000,166.000,3.000,9.000,1.0,1,1.0
266,13,157.000,163.000,4.000,9.000,1.0,1,1.0
267,13,157.000,161.000,3.000,8.000,1.0,1,1.0
268,13,157.000,159.000,3.000,8.000,1.0,1,1.0
269,13,157.000,156.000,3.000,8.000,1.0,1,1.0
270,13,156.000,154.000,4.000,8.000,1.0,1,1.0
271,13,156.000,152.000,3.000,8.000,1.0,1,1.0
272,13,156.000,148.000,3.000,9.000,1.0,1,1.0
273,13,155.000,146.000,4.000,8.000,1.0,1,1.0
274,13,154.000,144.000,4.000,8.000,1.0,1,1.0
275,13,153.000,142.000,5.000,8.000,1.0,1,1.0
276,13,152.000,140.000,5.000,8.000,1.0,1,1.0
277,13,151.000,137.000,4.000,9.000,1.0,1,1.0
278,13,150.000,136.000,5.000,8.000,1.0,1,1.0
279,13,149.000,134.000,5.000,8.000,1.0,1,1.0
280,13,149.000,132.000,5.000,8.000,1.0,1,1.0
281,13,149.000,130.000,4.000,8.000,1.0,1,1.0
282,13,148.000,129.000,4.000,8.000,1.0,1,1.0
283,13,148.000,127.000,4.000,8.000,1.0,1,1.0
284,13,147.000,125.000,4.000,8.000,1.0,1,1.0
285,13,146.000,123.000,4.000,8.000,1.0,1,1.0
286,13,146.000,121.000,4.000,8.000,1.0,1,1.0
287,13,145.000,119.000,4.000,8.000,1.0,1,1.0
288,13,145.000,117.000,4.000,8.000,1.0,1,1.0
289,13,145.000,116.000,4.000,7.000,1.0,1,1.0
290,13,145.000,113.000,3.000,8.000,1.0,1,1.0
291,13,145.000,111.000,3.000,8.000,1.0,1,1.0
292,13,145.000,110.000,4.000,7.000,1.0,1,1.0
293,13,146.000,108.000,4.000,8.000,1.0,1,1.0
294,13,146.000,106.000,4.000,8.000,1.0,1,1.0
295,13,146.000,105.000,4.000,8.000,1.0,1,1.0
296,13,146.000,104.000,5.000,7.000,1.0,1,1.0
297,13,145.000,104.000,6.000,7.000,1.0,1,1.0
313,13,135.000,69.000,5.000,4.000,1.0,1,1.0
314,13,137.000,68.000,3.000,4.000,1.0,1,1.0
315,13,136.000,65.000,3.000,7.000,1.0,1,1.0
316,13,137.000,64.000,2.000,7.000,1.0,1,1.0
317,13,137.000,61.000,3.000,9.000,1.0,1,1.0
318,13,137.000,59.000,2.000,9.000,1.0,1,1.0
319,13,137.000,57.000,2.000,9.000,1.0,1,1.0
320,13,137.000,55.000,3.000,9.000,1.0,1,1.0
321,13,137.000,53.000,3.000,9.000,1.0,1,1.0
322,13,137.000,51.000,3.000,8.000,1.0,1,1.0
323,13,137.000,49.000,4.000,8.000,1.0,1,1.0
324,13,138.000,47.000,3.000,9.000,1.0,1,1.0
325,13,138.000,45.000,4.000,9.000,1.0,1,1.0
326,13,139.000,44.000,3.000,7.000,1.0,1,1.0
327,13,139.000,42.000,3.000,8.000,1.0,1,1.0
328,13,140.000,39.000,4.000,9.000,1.0,1,1.0
329,13,140.000,38.000,4.000,8.000,1.0,1,1.0
330,13,140.000,36.000,4.000,8.000,1.0,1,1.0
331,13,141.000,33.000,4.000,9.000,1.0,1,1.0
332,13,142.000,31.000,4.000,9.000,1.0,1,1.0
333,13,142.000,29.000,4.000,8.000,1.0,1,1.0
334,13,143.000,28.000,4.000,7.000,1.0,1,1.0
335,13,143.000,26.000,5.000,7.000,1.0,1,1.0
336,13,144.000,25.000,6.000,6.000,1.0,1,1.0
337,13,145.000,23.000,6.000,7.000,1.0,1,1.0
338,13,145.000,23.000,6.000,7.000,1.0,1,1.0
339,13,145.000,24.000,7.000,5.000,1.0,1,1.0
340,13,145.000,24.000,7.000,5.000,1.0,1,1.0
341,13,145.000,25.000,7.000,4.000,1.0,1,1.0
342,13,144.000,23.000,7.000,6.000,1.0,1,1.0
343,13,145.000,24.000,5.000,6.000,1.0,1,1.0
344,13,145.000,23.000,4.000,7.000,1.0,1,1.0
345,13,145.000,23.000,4.000,7.000,1.0,1,1.0
346,13,145.000,23.000,3.000,7.000,1.0,1,1.0
347,13,145.000,23.000,3.000,8.000,1.0,1,1.0
348,13,144.000,23.000,4.000,8.000,1.0,1,1.0
349,13,143.000,23.000,5.000,8.000,1.0,1,1.0
350,13,142.000,23.000,5.000,8.000,1.0,1,1.0
351,13,141.000,23.000,6.000,8.000,1.0,1,1.0
352,13,140.000,23.000,6.000,7.000,1.0,1,1.0
353,13,139.000,23.000,7.000,6.000,1.0,1,1.0
354,13,138.000,23.000,7.000,6.000,1.0,1,1.0
355,13,138.000,23.000,6.000,5.000,1.0,1,1.0
356,13,137.000,22.000,6.000,6.000,1.0,1,1.0
357,13,136.000,22.000,6.000,6.000,1.0,1,1.0
358,13,136.000,22.000,5.000,6.000,1.0,1,1.0
359,13,135.000,21.000,5.000,6.000,1.0,1,1.0
360,13,134.000,21.000,5.000,6.000,1.0,1,1.0
361,13,133.000,22.000,5.000,4.000,1.0,1,1.0
362,13,132.000,22.000,6.000,4.000,1.0,1,1.0
363,13,132.000,22.000,5.000,5.000,1.0,1,1.0
1,2,64.000,440.000,6.000,3.000,1.0,1,1.0
2,2,65.000,439.000,6.000,4.000,1.0,1,1.0
3,2,65.000,439.000,6.000,4.000,1.0,1,1.0
4,2,63.000,440.000,7.000,3.000,1.0,1,1.0
5,2,64.000,440.000,6.000,3.000,1.0,1,1.0
6,2,64.000,440.000,6.000,4.000,1.0,1,1.0
7,2,62.000,440.000,5.000,4.000,1.0,1,1.0
8,2,62.000,440.000,5.000,4.000,1.0,1,1.0
9,2,62.000,440.000,5.000,4.000,1.0,1,1.0
10,2,62.000,441.000,5.000,3.000,1.0,1,1.0
11,2,64.000,427.000,6.000,6.000,1.0,1,1.0
12,2,60.000,432.000,3.000,6.000,1.0,1,1.0
13,2,54.000,438.000,5.000,5.000,1.0,1,1.0
14,2,54.000,438.000,4.000,5.000,1.0,1,1.0
15,2,54.000,438.000,4.000,4.000,1.0,1,1.0
16,2,54.000,438.000,5.000,4.000,1.0,1,1.0
17,2,54.000,438.000,5.000,4.000,1.0,1,1.0
18,2,56.000,438.000,4.000,4.000,1.0,1,1.0
19,2,56.000,438.000,3.000,4.000,1.0,1,1.0
20,2,56.000,438.000,3.000,4.000,1.0,1,1.0
21,2,56.000,438.000,4.000,4.000,1.0,1,1.0
22,2,55.000,438.000,5.000,4.000,1.0,1,1.0
23,2,51.000,438.000,8.000,4.000,1.0,1,1.0
24,2,52.000,439.000,6.000,3.000,1.0,1,1.0
25,2,53.000,439.000,5.000,4.000,1.0,1,1.0
26,2,53.000,439.000,6.000,4.000,1.0,1,1.0
27,2,53.000,439.000,8.000,3.000,1.0,1,1.0
28,2,59.000,439.000,6.000,4.000,1.0,1,1.0
29,2,62.000,439.000,5.000,3.000,1.0,1,1.0
34,2,63.000,438.000,7.000,4.000,1.0,1,1.0
35,2,61.000,440.000,6.000,3.000,1.0,1,1.0
36,2,61.000,439.000,5.000,4.000,1.0,1,1.0
37,2,61.000,439.000,6.000,4.000,1.0,1,1.0
38,2,61.000,439.000,6.000,4.000,1.0,1,1.0
39,2,61.000,439.000,6.000,4.000,1.0,1,1.0
40,2,60.000,439.000,6.000,3.000,1.0,1,1.0
41,2,60.000,439.000,6.000,3.000,1.0,1,1.0
42,2,59.000,439.000,6.000,3.000,1.0,1,1.0
43,2,55.000,439.000,8.000,4.000,1.0,1,1.0
44,2,54.000,439.000,8.000,4.000,1.0,1,1.0
45,2,53.000,440.000,7.000,4.000,1.0,1,1.0
46,2,53.000,439.000,7.000,5.000,1.0,1,1.0
47,2,52.000,439.000,8.000,4.000,1.0,1,1.0
48,2,51.000,439.000,8.000,4.000,1.0,1,1.0
49,2,50.000,439.000,8.000,5.000,1.0,1,1.0
50,2,49.000,440.000,7.000,4.000,1.0,1,1.0
51,2,48.000,439.000,7.000,5.000,1.0,1,1.0
52,2,46.000,439.000,8.000,5.000,1.0,1,1.0
53,2,45.000,439.000,9.000,5.000,1.0,1,1.0
54,2,44.000,440.000,7.000,4.000,1.0,1,1.0
55,2,44.000,440.000,7.000,4.000,1.0,1,1.0
56,2,43.000,440.000,7.000,4.000,1.0,1,1.0
57,2,42.000,440.000,8.000,4.000,1.0,1,1.0
64,2,33.000,440.000,8.000,4.000,1.0,1,1.0
69,2,30.000,441.000,8.000,4.000,1.0,1,1.0
70,2,30.000,441.000,8.000,3.000,1.0,1,1.0
71,2,29.000,441.000,9.000,3.000,1.0,1,1.0
72,2,29.000,441.000,8.000,3.000,1.0,1,1.0
73,2,28.000,440.000,8.000,4.000,1.0,1,1.0
74,2,27.000,440.000,10.000,3.000,1.0,1,1.0
77,2,25.000,441.000,7.000,3.000,1.0,1,1.0
78,2,25.000,441.000,7.000,3.000,1.0,1,1.0
79,2,25.000,440.000,6.000,4.000,1.0,1,1.0
80,2,25.000,439.000,7.000,5.000,1.0,1,1.0
81,2,25.000,439.000,6.000,5.000,1.0,1,1.0
82,2,25.000,438.000,6.000,5.000,1.0,1,1.0
83,2,27.000,438.000,6.000,6.000,1.0,1,1.0
84,2,27.000,438.000,6.000,6.000,1.0,1,1.0
85,2,27.000,438.000,5.000,6.000,1.0,1,1.0
86,2,25.000,437.000,6.000,7.000,1.0,1,1.0
87,2,24.000,437.000,7.000,6.000,1.0,1,1.0
88,2,23.000,437.000,7.000,6.000,1.0,1,1.0
89,2,26.000,437.000,4.000,6.000,1.0,1,1.0
90,2,26.000,437.000,4.000,6.000,1.0,1,1.0
91,2,26.000,437.000,4.000,7.000,1.0,1,1.0
92,2,26.000,437.000,4.000,7.000,1.0,1,1.0
93,2,27.000,437.000,4.000,7.000,1.0,1,1.0
94,2,26.000,437.000,5.000,7.000,1.0,1,1.0
95,2,25.000,437.000,5.000,7.000,1.0,1,1.0
96,2,26.000,437.000,4.000,7.000,1.0,1,1.0
97,2,26.000,437.000,4.000,7.000,1.0,1,1.0
98,2,26.000,437.000,4.000,7.000,1.0,1,1.0
99,2,25.000,437.000,5.000,7.000,1.0,1,1.0
100,2,25.000,437.000,5.000,7.000,1.0,1,1.0
101,2,26.000,437.000,4.000,6.000,1.0,1,1.0
102,2,25.000,437.000,5.000,6.000,1.0,1,1.0
103,2,24.000,436.000,5.000,7.000,1.0,1,1.0
104,2,23.000,435.000,5.000,8.000,1.0,1,1.0
105,2,24.000,435.000,4.000,8.000,1.0,1,1.0
106,2,24.000,434.000,4.000,8.000,1.0,1,1.0
107,2,24.000,434.000,4.000,8.000,1.0,1,1.0
108,2,24.000,434.000,4.000,8.000,1.0,1,1.0
109,2,24.000,434.000,4.000,7.000,1.0,1,1.0
110,2,24.000,433.000,4.000,9.000,1.0,1,1.0
111,2,24.000,433.000,4.000,9.000,1.0,1,1.0
112,2,25.000,433.000,3.000,8.000,1.0,1,1.0
113,2,25.000,433.000,3.000,8.000,1.0,1,1.0
114,2,25.000,432.000,3.000,9.000,1.0,1,1.0
115,2,25.000,432.000,3.000,9.000,1.0,1,1.0
116,2,25.000,432.000,3.000,8.000,1.0,1,1.0
117,2,25.000,432.000,3.000,8.000,1.0,1,1.0
118,2,25.000,432.000,3.000,8.000,1.0,1,1.0
119,2,25.000,432.000,3.000,8.000,1.0,1,1.0
120,2,25.000,432.000,3.000,8.000,1.0,1,1.0
121,2,25.000,431.000,3.000,8.000,1.0,1,1.0
122,2,25.000,432.000,3.000,7.000,1.0,1,1.0
123,2,25.000,432.000,3.000,7.000,1.0,1,1.0
124,2,25.000,431.000,3.000,8.000,1.0,1,1.0
125,2,25.000,431.000,3.000,8.000,1.0,1,1.0
126,2,24.000,431.000,4.000,8.000,1.0,1,1.0
127,2,23.000,431.000,5.000,10.000,1.0,1,1.0
128,2,24.000,431.000,4.000,9.000,1.0,1,1.0
129,2,24.000,432.000,4.000,8.000,1.0,1,1.0
130,2,25.000,432.000,4.000,8.000,1.0,1,1.0
131,2,25.000,432.000,3.000,8.000,1.0,1,1.0
132,2,25.000,432.000,3.000,10.000,1.0,1,1.0
133,2,25.000,433.000,4.000,9.000,1.0,1,1.0
134,2,25.000,433.000,4.000,9.000,1.0,1,1.0
135,2,24.000,433.000,5.000,9.000,1.0,1,1.0
136,2,24.000,432.000,4.000,10.000,1.0,1,1.0
137,2,24.000,432.000,4.000,10.000,1.0,1,1.0
138,2,24.000,432.000,4.000,10.000,1.0,1,1.0
139,2,23.000,432.000,5.000,8.000,1.0,1,1.0
140,2,23.000,432.000,4.000,8.000,1.0,1,1.0
141,2,23.000,432.000,5.000,7.000,1.0,1,1.0
142,2,22.000,432.000,5.000,8.000,1.0,1,1.0
143,2,22.000,433.000,5.000,7.000,1.0,1,1.0
144,2,22.000,432.000,5.000,8.000,1.0,1,1.0
145,2,22.000,433.000,5.000,8.000,1.0,1,1.0
146,2,22.000,433.000,5.000,8.000,1.0,1,1.0
147,2,22.000,433.000,5.000,8.000,1.0,1,1.0
148,2,22.000,433.000,4.000,8.000,1.0,1,1.0
149,2,22.000,433.000,4.000,8.000,1.0,1,1.0
150,2,22.000,433.000,4.000,8.000,1.0,1,1.0
151,2,22.000,434.000,4.000,7.000,1.0,1,1.0
152,2,22.000,434.000,4.000,7.000,1.0,1,1.0
153,2,22.000,434.000,4.000,8.000,1.0,1,1.0
154,2,22.000,433.000,4.000,8.000,1.0,1,1.0
155,2,22.000,433.000,3.000,8.000,1.0,1,1.0
156,2,21.000,433.000,4.000,8.000,1.0,1,1.0
157,2,21.000,433.000,4.000,8.000,1.0,1,1.0
158,2,21.000,432.000,4.000,9.000,1.0,1,1.0
159,2,21.000,433.000,4.000,8.000,1.0,1,1.0
160,2,21.000,433.000,4.000,8.000,1.0,1,1.0
161,2,21.000,433.000,4.000,8.000,1.0,1,1.0
162,2,21.000,433.000,3.000,8.000,1.0,1,1.0
163,2,21.000,433.000,3.000,8.000,1.0,1,1.0
164,2,21.000,433.000,3.000,8.000,1.0,1,1.0
165,2,21.000,432.000,3.000,9.000,1.0,1,1.0
166,2,20.000,432.000,4.000,8.000,1.0,1,1.0
167,2,20.000,432.000,4.000,8.000,1.0,1,1.0
168,2,21.000,432.000,3.000,8.000,1.0,1,1.0
169,2,21.000,432.000,3.000,8.000,1.0,1,1.0
170,2,21.000,432.000,3.000,8.000,1.0,1,1.0
171,2,22.000,432.000,3.000,8.000,1.0,1,1.0
172,2,22.000,432.000,3.000,9.000,1.0,1,1.0
173,2,22.000,432.000,3.000,8.000,1.0,1,1.0
174,2,22.000,431.000,3.000,9.000,1.0,1,1.0
175,2,22.000,431.000,3.000,9.000,1.0,1,1.0
176,2,22.000,431.000,2.000,8.000,1.0,1,1.0
177,2,21.000,431.000,3.000,8.000,1.0,1,1.0
178,2,21.000,431.000,3.000,8.000,1.0,1,1.0
179,2,19.000,432.000,3.000,8.000,1.0,1,1.0
180,2,19.000,432.000,3.000,8.000,1.0,1,1.0
181,2,19.000,431.000,3.000,8.000,1.0,1,1.0
182,2,18.000,433.000,3.000,8.000,1.0,1,1.0
183,2,18.000,439.000,4.000,5.000,1.0,1,1.0
184,2,13.000,441.000,8.000,4.000,1.0,1,1.0
185,2,15.000,441.000,7.000,4.000,1.0,1,1.0
186,2,15.000,441.000,7.000,4.000,1.0,1,1.0
187,2,17.000,440.000,5.000,4.000,1.0,1,1.0
188,2,15.000,441.000,7.000,4.000,1.0,1,1.0
189,2,17.000,440.000,5.000,6.000,1.0,1,1.0
190,2,19.000,441.000,7.000,3.000,1.0,1,1.0
191,2,20.000,441.000,7.000,3.000,1.0,1,1.0
192,2,20.000,441.000,7.000,3.000,1.0,1,1.0
193,2,21.000,441.000,6.000,3.000,1.0,1,1.0
194,2,21.000,441.000,6.000,3.000,1.0,1,1.0
195,2,21.000,441.000,7.000,3.000,1.0,1,1.0
196,2,22.000,441.000,6.000,3.000,1.0,1,1.0
197,2,22.000,441.000,6.000,3.000,1.0,1,1.0
206,2,24.000,440.000,6.000,4.000,1.0,1,1.0
208,2,13.000,440.000,6.000,4.000,1.0,1,1.0
209,2,13.000,440.000,6.000,4.000,1.0,1,1.0
210,2,13.000,439.000,6.000,5.000,1.0,1,1.0
211,2,13.000,439.000,6.000,4.000,1.0,1,1.0
212,2,13.000,439.000,6.000,5.000,1.0,1,1.0
213,2,13.000,439.000,6.000,5.000,1.0,1,1.0
214,2,13.000,439.000,6.000,5.000,1.0,1,1.0
215,2,13.000,439.000,5.000,5.000,1.0,1,1.0
216,2,12.000,440.000,6.000,5.000,1.0,1,1.0
218,2,13.000,439.000,6.000,5.000,1.0,1,1.0
219,2,14.000,439.000,5.000,4.000,1.0,1,1.0
220,2,14.000,439.000,5.000,4.000,1.0,1,1.0
221,2,24.000,441.000,5.000,3.000,1.0,1,1.0
222,2,24.000,441.000,4.000,3.000,1.0,1,1.0
223,2,24.000,441.000,5.000,3.000,1.0,1,1.0
224,2,24.000,441.000,5.000,3.000,1.0,1,1.0
228,2,23.000,440.000,6.000,4.000,1.0,1,1.0
229,2,22.000,440.000,7.000,4.000,1.0,1,1.0
230,2,22.000,439.000,7.000,4.000,1.0,1,1.0
232,2,21.000,441.000,7.000,4.000,1.0,1,1.0
233,2,20.000,441.000,8.000,4.000,1.0,1,1.0
234,2,19.000,441.000,8.000,4.000,1.0,1,1.0
235,2,19.000,441.000,7.000,4.000,1.0,1,1.0
236,2,17.000,441.000,7.000,4.000,1.0,1,1.0
237,2,17.000,441.000,7.000,3.000,1.0,1,1.0
238,2,15.000,441.000,8.000,3.000,1.0,1,1.0
239,2,14.000,441.000,8.000,4.000,1.0,1,1.0
246,2,8.000,397.000,5.000,7.000,1.0,1,1.0
252,2,8.000,326.000,5.000,8.000,1.0,1,1.0
309,2,13.000,380.000,6.000,5.000,1.0,1,1.0
311,2,15.000,428.000,6.000,6.000,1.0,1,1.0
312,2,15.000,441.000,7.000,3.000,1.0,1,1.0
313,2,14.000,440.000,7.000,4.000,1.0,1,1.0
314,2,13.000,440.000,7.000,4.000,1.0,1,1.0
315,2,13.000,440.000,7.000,4.000,1.0,1,1.0
316,2,12.000,440.000,8.000,5.000,1.0,1,1.0
317,2,12.000,440.000,8.000,4.000,1.0,1,1.0
318,2,12.000,440.000,7.000,5.000,1.0,1,1.0
319,2,12.000,440.000,7.000,5.000,1.0,1,1.0
320,2,12.000,440.000,7.000,5.000,1.0,1,1.0
321,2,12.000,440.000,7.000,4.000,1.0,1,1.0
322,2,11.000,440.000,7.000,4.000,1.0,1,1.0
323,2,12.000,440.000,6.000,4.000,1.0,1,1.0
324,2,12.000,440.000,6.000,4.000,1.0,1,1.0
325,2,12.000,440.000,6.000,4.000,1.0,1,1.0
326,2,13.000,440.000,5.000,4.000,1.0,1,1.0
327,2,13.000,439.000,6.000,5.000,1.0,1,1.0
328,2,14.000,440.000,6.000,4.000,1.0,1,1.0
329,2,15.000,440.000,7.000,3.000,1.0,1,1.0
330,2,17.000,440.000,6.000,3.000,1.0,1,1.0
331,2,18.000,439.000,6.000,4.000,1.0,1,1.0
332,2,20.000,439.000,6.000,4.000,1.0,1,1.0
333,2,20.000,439.000,7.000,4.000,1.0,1,1.0
334,2,22.000,438.000,6.000,4.000,1.0,1,1.0
335,2,23.000,438.000,7.000,4.000,1.0,1,1.0
336,2,26.000,437.000,6.000,5.000,1.0,1,1.0
337,2,27.000,437.000,7.000,4.000,1.0,1,1.0
338,2,29.000,437.000,6.000,4.000,1.0,1,1.0
339,2,32.000,437.000,6.000,4.000,1.0,1,1.0
340,2,33.000,437.000,6.000,4.000,1.0,1,1.0
341,2,34.000,437.000,6.000,4.000,1.0,1,1.0
342,2,36.000,438.000,5.000,4.000,1.0,1,1.0
343,2,37.000,438.000,6.000,4.000,1.0,1,1.0
344,2,38.000,438.000,5.000,4.000,1.0,1,1.0
345,2,38.000,438.000,5.000,4.000,1.0,1,1.0
346,2,43.000,419.000,4.000,7.000,1.0,1,1.0
347,2,42.000,403.000,8.000,4.000,1.0,1,1.0
348,2,37.000,426.000,6.000,4.000,1.0,1,1.0
349,2,31.000,439.000,5.000,5.000,1.0,1,1.0
350,2,26.000,437.000,4.000,6.000,1.0,1,1.0
351,2,24.000,436.000,6.000,6.000,1.0,1,1.0
1,30,426.000,441.000,4.000,3.000,1.0,1,1.0
2,30,426.000,441.000,4.000,4.000,1.0,1,1.0
3,30,427.000,441.000,5.000,4.000,1.0,1,1.0
4,30,429.000,441.000,5.000,4.000,1.0,1,1.0
5,30,431.000,441.000,5.000,3.000,1.0,1,1.0
6,30,433.000,441.000,4.000,3.000,1.0,1,1.0
7,30,434.000,441.000,4.000,3.000,1.0,1,1.0
8,30,433.000,441.000,5.000,3.000,1.0,1,1.0
9,30,433.000,441.000,5.000,3.000,1.0,1,1.0
10,30,433.000,442.000,4.000,3.000,1.0,1,1.0
11,30,431.000,441.000,4.000,4.000,1.0,1,1.0
12,30,429.000,441.000,5.000,4.000,1.0,1,1.0
13,30,428.000,441.000,6.000,4.000,1.0,1,1.0
14,30,427.000,441.000,5.000,4.000,1.0,1,1.0
15,30,427.000,441.000,5.000,4.000,1.0,1,1.0
16,30,426.000,441.000,5.000,4.000,1.0,1,1.0
17,30,425.000,441.000,5.000,4.000,1.0,1,1.0
18,30,424.000,441.000,5.000,4.000,1.0,1,1.0
19,30,424.000,441.000,5.000,4.000,1.0,1,1.0
20,30,424.000,442.000,4.000,3.000,1.0,1,1.0
21,30,423.000,442.000,5.000,3.000,1.0,1,1.0
22,30,424.000,442.000,4.000,3.000,1.0,1,1.0
23,30,423.000,442.000,5.000,4.000,1.0,1,1.0
24,30,423.000,442.000,5.000,4.000,1.0,1,1.0
25,30,423.000,442.000,5.000,3.000,1.0,1,1.0
26,30,423.000,442.000,5.000,3.000,1.0,1,1.0
27,30,423.000,442.000,5.000,3.000,1.0,1,1.0
28,30,423.000,441.000,5.000,4.000,1.0,1,1.0
29,30,423.000,441.000,5.000,4.000,1.0,1,1.0
30,30,423.000,441.000,5.000,5.000,1.0,1,1.0
31,30,423.000,441.000,5.000,4.000,1.0,1,1.0
32,30,423.000,441.000,5.000,5.000,1.0,1,1.0
33,30,423.000,441.000,5.000,5.000,1.0,1,1.0
34,30,423.000,442.000,5.000,4.000,1.0,1,1.0
35,30,423.000,442.000,5.000,4.000,1.0,1,1.0
36,30,423.000,442.000,5.000,4.000,1.0,1,1.0
37,30,423.000,442.000,5.000,4.000,1.0,1,1.0
38,30,423.000,442.000,5.000,4.000,1.0,1,1.0
39,30,423.000,442.000,5.000,4.000,1.0,1,1.0
40,30,423.000,442.000,5.000,4.000,1.0,1,1.0
41,30,424.000,442.000,4.000,4.000,1.0,1,1.0
42,30,424.000,441.000,4.000,5.000,1.0,1,1.0
43,30,424.000,441.000,4.000,5.000,1.0,1,1.0
44,30,424.000,441.000,4.000,5.000,1.0,1,1.0
45,30,424.000,442.000,4.000,4.000,1.0,1,1.0
46,30,424.000,442.000,4.000,4.000,1.0,1,1.0
47,30,424.000,442.000,4.000,4.000,1.0,1,1.0
48,30,424.000,442.000,4.000,4.000,1.0,1,1.0
49,30,424.000,442.000,4.000,4.000,1.0,1,1.0
50,30,424.000,442.000,4.000,4.000,1.0,1,1.0
51,30,424.000,442.000,4.000,4.000,1.0,1,1.0
52,30,424.000,442.000,5.000,4.000,1.0,1,1.0
53,30,424.000,442.000,5.000,4.000,1.0,1,1.0
54,30,424.000,442.000,5.000,5.000,1.0,1,1.0
55,30,424.000,442.000,5.000,5.000,1.0,1,1.0
56,30,424.000,442.000,5.000,4.000,1.0,1,1.0
57,30,424.000,442.000,5.000,4.000,1.0,1,1.0
58,30,424.000,442.000,4.000,4.000,1.0,1,1.0
59,30,424.000,442.000,4.000,4.000,1.0,1,1.0
60,30,424.000,442.000,5.000,4.000,1.0,1,1.0
61,30,425.000,443.000,4.000,3.000,1.0,1,1.0
62,30,425.000,443.000,4.000,3.000,1.0,1,1.0
63,30,425.000,442.000,5.000,5.000,1.0,1,1.0
64,30,425.000,442.000,5.000,4.000,1.0,1,1.0
65,30,425.000,443.000,4.000,4.000,1.0,1,1.0
66,30,424.000,442.000,4.000,4.000,1.0,1,1.0
67,30,423.000,442.000,4.000,4.000,1.0,1,1.0
68,30,422.000,442.000,5.000,4.000,1.0,1,1.0
69,30,418.000,441.000,8.000,5.000,1.0,1,1.0
70,30,419.000,442.000,8.000,4.000,1.0,1,1.0
71,30,423.000,441.000,7.000,4.000,1.0,1,1.0
72,30,425.000,441.000,6.000,4.000,1.0,1,1.0
73,30,426.000,441.000,6.000,4.000,1.0,1,1.0
74,30,427.000,441.000,7.000,4.000,1.0,1,1.0
75,30,428.000,441.000,7.000,4.000,1.0,1,1.0
76,30,430.000,442.000,6.000,4.000,1.0,1,1.0
77,30,432.000,442.000,6.000,4.000,1.0,1,1.0
78,30,432.000,442.000,7.000,4.000,1.0,1,1.0
79,30,429.000,441.000,7.000,4.000,1.0,1,1.0
80,30,429.000,441.000,6.000,4.000,1.0,1,1.0
81,30,428.000,441.000,6.000,3.000,1.0,1,1.0
82,30,426.000,440.000,7.000,4.000,1.0,1,1.0
83,30,425.000,441.000,6.000,3.000,1.0,1,1.0
84,30,424.000,441.000,7.000,3.000,1.0,1,1.0
85,30,423.000,441.000,6.000,4.000,1.0,1,1.0
86,30,423.000,441.000,6.000,4.000,1.0,1,1.0
87,30,422.000,441.000,6.000,4.000,1.0,1,1.0
88,30,422.000,442.000,5.000,3.000,1.0,1,1.0
89,30,421.000,442.000,6.000,3.000,1.0,1,1.0
90,30,421.000,442.000,6.000,4.000,1.0,1,1.0
91,30,421.000,442.000,4.000,4.000,1.0,1,1.0
92,30,420.000,442.000,5.000,4.000,1.0,1,1.0
93,30,420.000,442.000,4.000,4.000,1.0,1,1.0
94,30,420.000,442.000,4.000,4.000,1.0,1,1.0
95,30,420.000,441.000,3.000,4.000,1.0,1,1.0
96,30,419.000,442.000,4.000,3.000,1.0,1,1.0
97,30,419.000,442.000,4.000,3.000,1.0,1,1.0
98,30,420.000,441.000,4.000,4.000,1.0,1,1.0
99,30,421.000,441.000,4.000,3.000,1.0,1,1.0
100,30,422.000,440.000,4.000,4.000,1.0,1,1.0
101,30,423.000,440.000,5.000,4.000,1.0,1,1.0
102,30,425.000,439.000,5.000,4.000,1.0,1,1.0
103,30,426.000,439.000,6.000,4.000,1.0,1,1.0
104,30,428.000,439.000,6.000,4.000,1.0,1,1.0
105,30,430.000,440.000,5.000,3.000,1.0,1,1.0
106,30,430.000,440.000,5.000,4.000,1.0,1,1.0
107,30,430.000,440.000,5.000,4.000,1.0,1,1.0
108,30,430.000,440.000,5.000,4.000,1.0,1,1.0
109,30,430.000,440.000,5.000,4.000,1.0,1,1.0
110,30,429.000,439.000,5.000,4.000,1.0,1,1.0
111,30,428.000,439.000,4.000,5.000,1.0,1,1.0
112,30,428.000,439.000,4.000,5.000,1.0,1,1.0
113,30,428.000,439.000,4.000,5.000,1.0,1,1.0
114,30,428.000,440.000,4.000,5.000,1.0,1,1.0
115,30,428.000,440.000,4.000,5.000,1.0,1,1.0
116,30,427.000,440.000,4.000,5.000,1.0,1,1.0
117,30,426.000,440.000,4.000,4.000,1.0,1,1.0
118,30,425.000,440.000,4.000,4.000,1.0,1,1.0
119,30,424.000,440.000,4.000,4.000,1.0,1,1.0
120,30,423.000,440.000,4.000,4.000,1.0,1,1.0
121,30,422.000,441.000,4.000,3.000,1.0,1,1.0
122,30,421.000,440.000,5.000,4.000,1.0,1,1.0
123,30,419.000,439.000,6.000,4.000,1.0,1,1.0
124,30,418.000,440.000,6.000,4.000,1.0,1,1.0
125,30,418.000,440.000,6.000,4.000,1.0,1,1.0
126,30,417.000,440.000,6.000,3.000,1.0,1,1.0
127,30,417.000,438.000,7.000,5.000,1.0,1,1.0
128,30,417.000,438.000,7.000,5.000,1.0,1,1.0
129,30,417.000,437.000,5.000,6.000,1.0,1,1.0
130,30,417.000,437.000,5.000,6.000,1.0,1,1.0
131,30,417.000,436.000,5.000,7.000,1.0,1,1.0
132,30,416.000,436.000,6.000,7.000,1.0,1,1.0
133,30,416.000,434.000,5.000,7.000,1.0,1,1.0
134,30,415.000,433.000,5.000,7.000,1.0,1,1.0
135,30,414.000,430.000,5.000,8.000,1.0,1,1.0
136,30,414.000,428.000,4.000,8.000,1.0,1,1.0
137,30,414.000,426.000,3.000,8.000,1.0,1,1.0
138,30,413.000,424.000,4.000,8.000,1.0,1,1.0
139,30,413.000,421.000,3.000,8.000,1.0,1,1.0
140,30,412.000,419.000,4.000,8.000,1.0,1,1.0
141,30,412.000,417.000,3.000,8.000,1.0,1,1.0
142,30,412.000,415.000,3.000,8.000,1.0,1,1.0
143,30,411.000,413.000,3.000,8.000,1.0,1,1.0
144,30,410.000,411.000,4.000,8.000,1.0,1,1.0
145,30,410.000,410.000,4.000,9.000,1.0,1,1.0
146,30,410.000,409.000,3.000,8.000,1.0,1,1.0
147,30,409.000,408.000,4.000,8.000,1.0,1,1.0
148,30,408.000,407.000,4.000,8.000,1.0,1,1.0
149,30,407.000,406.000,4.000,8.000,1.0,1,1.0
150,30,407.000,405.000,4.000,7.000,1.0,1,1.0
151,30,406.000,403.000,4.000,8.000,1.0,1,1.0
152,30,407.000,401.000,3.000,8.000,1.0,1,1.0
153,30,407.000,399.000,3.000,8.000,1.0,1,1.0
154,30,408.000,397.000,3.000,8.000,1.0,1,1.0
155,30,408.000,395.000,3.000,8.000,1.0,1,1.0
156,30,408.000,393.000,4.000,8.000,1.0,1,1.0
157,30,409.000,392.000,3.000,8.000,1.0,1,1.0
158,30,409.000,390.000,3.000,8.000,1.0,1,1.0
159,30,410.000,388.000,3.000,8.000,1.0,1,1.0
160,30,411.000,387.000,3.000,8.000,1.0,1,1.0
161,30,411.000,385.000,3.000,8.000,1.0,1,1.0
162,30,411.000,383.000,3.000,7.000,1.0,1,1.0
163,30,412.000,381.000,3.000,8.000,1.0,1,1.0
164,30,412.000,379.000,3.000,9.000,1.0,1,1.0
165,30,412.000,378.000,4.000,8.000,1.0,1,1.0
166,30,413.000,376.000,4.000,7.000,1.0,1,1.0
167,30,413.000,376.000,4.000,7.000,1.0,1,1.0
168,30,413.000,376.000,4.000,7.000,1.0,1,1.0
169,30,413.000,376.000,4.000,7.000,1.0,1,1.0
170,30,414.000,375.000,4.000,7.000,1.0,1,1.0
171,30,415.000,374.000,4.000,7.000,1.0,1,1.0
172,30,415.000,373.000,5.000,6.000,1.0,1,1.0
173,30,416.000,371.000,5.000,7.000,1.0,1,1.0
174,30,418.000,370.000,5.000,6.000,1.0,1,1.0
175,30,419.000,368.000,5.000,7.000,1.0,1,1.0
176,30,420.000,367.000,6.000,6.000,1.0,1,1.0
177,30,422.000,365.000,5.000,7.000,1.0,1,1.0
178,30,423.000,364.000,6.000,6.000,1.0,1,1.0
179,30,425.000,363.000,6.000,6.000,1.0,1,1.0
180,30,426.000,361.000,6.000,6.000,1.0,1,1.0
181,30,428.000,360.000,5.000,6.000,1.0,1,1.0
182,30,428.000,360.000,5.000,6.000,1.0,1,1.0
183,30,429.000,359.000,6.000,6.000,1.0,1,1.0
184,30,431.000,359.000,5.000,5.000,1.0,1,1.0
185,30,432.000,358.000,5.000,5.000,1.0,1,1.0
186,30,433.000,357.000,5.000,5.000,1.0,1,1.0
187,30,434.000,356.000,5.000,5.000,1.0,1,1.0
188,30,435.000,355.000,4.000,5.000,1.0,1,1.0
189,30,436.000,353.000,4.000,6.000,1.0,1,1.0
190,30,437.000,352.000,3.000,5.000,1.0,1,1.0
191,30,437.000,350.000,4.000,6.000,1.0,1,1.0
192,30,438.000,349.000,3.000,6.000,1.0,1,1.0
193,30,438.000,347.000,3.000,6.000,1.0,1,1.0
194,30,438.000,346.000,3.000,5.000,1.0,1,1.0
195,30,438.000,344.000,3.000,5.000,1.0,1,1.0
196,30,438.000,341.000,3.000,7.000,1.0,1,1.0
197,30,438.000,339.000,3.000,7.000,1.0,1,1.0
198,30,438.000,337.000,3.000,7.000,1.0,1,1.0
199,30,438.000,335.000,3.000,7.000,1.0,1,1.0
200,30,438.000,333.000,3.000,6.000,1.0,1,1.0
201,30,438.000,330.000,3.000,6.000,1.0,1,1.0
202,30,438.000,327.000,3.000,7.000,1.0,1,1.0
203,30,438.000,325.000,3.000,6.000,1.0,1,1.0
204,30,438.000,322.000,3.000,7.000,1.0,1,1.0
205,30,438.000,320.000,3.000,6.000,1.0,1,1.0
206,30,438.000,317.000,3.000,7.000,1.0,1,1.0
207,30,438.000,314.000,3.000,6.000,1.0,1,1.0
208,30,438.000,311.000,3.000,7.000,1.0,1,1.0
209,30,437.000,309.000,4.000,7.000,1.0,1,1.0
210,30,437.000,307.000,4.000,7.000,1.0,1,1.0
211,30,437.000,304.000,3.000,7.000,1.0,1,1.0
212,30,437.000,302.000,3.000,7.000,1.0,1,1.0
213,30,436.000,301.000,4.000,6.000,1.0,1,1.0
214,30,436.000,300.000,4.000,7.000,1.0,1,1.0
215,30,436.000,300.000,3.000,6.000,1.0,1,1.0
216,30,435.000,299.000,4.000,6.000,1.0,1,1.0
217,30,435.000,297.000,4.000,7.000,1.0,1,1.0
218,30,434.000,296.000,4.000,7.000,1.0,1,1.0
219,30,433.000,295.000,4.000,6.000,1.0,1,1.0
220,30,432.000,294.000,5.000,6.000,1.0,1,1.0
221,30,431.000,293.000,4.000,6.000,1.0,1,1.0
222,30,429.000,292.000,6.000,5.000,1.0,1,1.0
223,30,428.000,291.000,5.000,5.000,1.0,1,1.0
224,30,427.000,289.000,5.000,6.000,1.0,1,1.0
225,30,425.000,288.000,6.000,6.000,1.0,1,1.0
226,30,425.000,286.000,5.000,6.000,1.0,1,1.0
227,30,424.000,284.000,5.000,7.000,1.0,1,1.0
228,30,423.000,282.000,5.000,7.000,1.0,1,1.0
229,30,423.000,280.000,4.000,8.000,1.0,1,1.0
230,30,422.000,278.000,4.000,8.000,1.0,1,1.0
231,30,421.000,276.000,4.000,8.000,1.0,1,1.0
232,30,420.000,274.000,4.000,8.000,1.0,1,1.0
233,30,419.000,272.000,4.000,8.000,1.0,1,1.0
234,30,418.000,270.000,5.000,8.000,1.0,1,1.0
235,30,417.000,268.000,4.000,7.000,1.0,1,1.0
236,30,416.000,266.000,5.000,7.000,1.0,1,1.0
237,30,416.000,264.000,4.000,8.000,1.0,1,1.0
238,30,415.000,263.000,4.000,7.000,1.0,1,1.0
239,30,414.000,261.000,4.000,7.000,1.0,1,1.0
240,30,414.000,259.000,4.000,7.000,1.0,1,1.0
241,30,413.000,257.000,4.000,7.000,1.0,1,1.0
242,30,412.000,255.000,4.000,8.000,1.0,1,1.0
243,30,411.000,252.000,4.000,8.000,1.0,1,1.0
244,30,410.000,250.000,4.000,7.000,1.0,1,1.0
245,30,409.000,247.000,4.000,8.000,1.0,1,1.0
246,30,408.000,245.000,4.000,7.000,1.0,1,1.0
247,30,408.000,242.000,4.000,8.000,1.0,1,1.0
248,30,406.000,240.000,4.000,8.000,1.0,1,1.0
249,30,406.000,237.000,4.000,8.000,1.0,1,1.0
250,30,405.000,235.000,4.000,8.000,1.0,1,1.0
251,30,404.000,233.000,4.000,7.000,1.0,1,1.0
252,30,403.000,231.000,5.000,7.000,1.0,1,1.0
253,30,402.000,229.000,4.000,7.000,1.0,1,1.0
254,30,401.000,228.000,5.000,6.000,1.0,1,1.0
255,30,399.000,227.000,5.000,6.000,1.0,1,1.0
256,30,397.000,226.000,6.000,6.000,1.0,1,1.0
257,30,395.000,224.000,6.000,7.000,1.0,1,1.0
258,30,393.000,223.000,6.000,6.000,1.0,1,1.0
259,30,392.000,222.000,5.000,5.000,1.0,1,1.0
260,30,390.000,220.000,6.000,6.000,1.0,1,1.0
261,30,389.000,218.000,5.000,6.000,1.0,1,1.0
262,30,387.000,217.000,5.000,6.000,1.0,1,1.0
263,30,385.000,215.000,6.000,6.000,1.0,1,1.0
264,30,384.000,214.000,5.000,6.000,1.0,1,1.0
265,30,383.000,213.000,5.000,6.000,1.0,1,1.0
266,30,381.000,211.000,5.000,5.000,1.0,1,1.0
267,30,380.000,209.000,5.000,6.000,1.0,1,1.0
268,30,378.000,208.000,6.000,5.000,1.0,1,1.0
269,30,376.000,209.000,6.000,4.000,1.0,1,1.0
270,30,376.000,209.000,5.000,4.000,1.0,1,1.0
271,30,374.000,209.000,6.000,4.000,1.0,1,1.0
272,30,374.000,208.000,4.000,5.000,1.0,1,1.0
273,30,373.000,208.000,4.000,5.000,1.0,1,1.0
274,30,372.000,208.000,4.000,5.000,1.0,1,1.0
275,30,372.000,208.000,3.000,4.000,1.0,1,1.0
276,30,371.000,208.000,4.000,4.000,1.0,1,1.0
277,30,371.000,208.000,3.000,4.000,1.0,1,1.0
278,30,371.000,207.000,3.000,5.000,1.0,1,1.0
279,30,371.000,207.000,3.000,5.000,1.0,1,1.0
280,30,371.000,207.000,3.000,5.000,1.0,1,1.0
281,30,370.000,207.000,5.000,5.000,1.0,1,1.0
282,30,370.000,207.000,5.000,4.000,1.0,1,1.0
283,30,371.000,206.000,4.000,5.000,1.0,1,1.0
284,30,370.000,205.000,6.000,6.000,1.0,1,1.0
285,30,371.000,203.000,5.000,6.000,1.0,1,1.0
286,30,371.000,202.000,6.000,6.000,1.0,1,1.0
287,30,373.000,200.000,5.000,6.000,1.0,1,1.0
288,30,374.000,199.000,5.000,6.000,1.0,1,1.0
289,30,375.000,197.000,5.000,6.000,1.0,1,1.0
290,30,376.000,195.000,5.000,6.000,1.0,1,1.0
291,30,377.000,193.000,5.000,7.000,1.0,1,1.0
292,30,378.000,192.000,5.000,7.000,1.0,1,1.0
293,30,379.000,191.000,5.000,6.000,1.0,1,1.0
294,30,380.000,189.000,5.000,6.000,1.0,1,1.0
295,30,381.000,187.000,6.000,7.000,1.0,1,1.0
296,30,382.000,186.000,6.000,6.000,1.0,1,1.0
297,30,384.000,184.000,6.000,7.000,1.0,1,1.0
298,30,385.000,182.000,5.000,7.000,1.0,1,1.0
299,30,386.000,180.000,6.000,7.000,1.0,1,1.0
300,30,387.000,178.000,6.000,7.000,1.0,1,1.0
301,30,388.000,176.000,5.000,7.000,1.0,1,1.0
302,30,389.000,174.000,6.000,7.000,1.0,1,1.0
303,30,390.000,172.000,6.000,7.000,1.0,1,1.0
304,30,392.000,170.000,5.000,7.000,1.0,1,1.0
305,30,393.000,167.000,5.000,8.000,1.0,1,1.0
306,30,394.000,165.000,5.000,8.000,1.0,1,1.0
307,30,395.000,163.000,5.000,8.000,1.0,1,1.0
308,30,396.000,161.000,5.000,8.000,1.0,1,1.0
309,30,397.000,160.000,5.000,7.000,1.0,1,1.0
310,30,398.000,158.000,6.000,7.000,1.0,1,1.0
311,30,398.000,157.000,8.000,6.000,1.0,1,1.0
312,30,400.000,158.000,8.000,5.000,1.0,1,1.0
313,30,402.000,158.000,8.000,4.000,1.0,1,1.0
314,30,403.000,158.000,8.000,4.000,1.0,1,1.0
315,30,404.000,157.000,8.000,5.000,1.0,1,1.0
316,30,405.000,157.000,8.000,5.000,1.0,1,1.0
317,30,405.000,157.000,8.000,5.000,1.0,1,1.0
318,30,405.000,157.000,8.000,4.000,1.0,1,1.0
319,30,405.000,157.000,8.000,4.000,1.0,1,1.0
320,30,405.000,157.000,8.000,4.000,1.0,1,1.0
321,30,405.000,157.000,8.000,4.000,1.0,1,1.0
322,30,405.000,157.000,8.000,4.000,1.0,1,1.0
323,30,405.000,157.000,8.000,4.000,1.0,1,1.0
324,30,405.000,157.000,8.000,4.000,1.0,1,1.0
325,30,405.000,157.000,8.000,5.000,1.0,1,1.0
326,30,405.000,156.000,8.000,5.000,1.0,1,1.0
327,30,405.000,156.000,8.000,5.000,1.0,1,1.0
328,30,405.000,156.000,8.000,5.000,1.0,1,1.0
329,30,405.000,156.000,8.000,5.000,1.0,1,1.0
330,30,405.000,156.000,8.000,5.000,1.0,1,1.0
331,30,404.000,156.000,9.000,5.000,1.0,1,1.0
332,30,404.000,156.000,9.000,5.000,1.0,1,1.0
333,30,410.000,148.000,6.000,5.000,1.0,1,1.0
334,30,434.000,127.000,4.000,6.000,1.0,1,1.0
335,30,429.000,133.000,4.000,6.000,1.0,1,1.0
336,30,432.000,145.000,6.000,4.000,1.0,1,1.0
337,30,430.000,153.000,4.000,5.000,1.0,1,1.0
338,30,430.000,156.000,6.000,5.000,1.0,1,1.0
339,30,434.000,181.000,7.000,6.000,1.0,1,1.0
340,30,423.000,209.000,7.000,5.000,1.0,1,1.0
341,30,433.000,233.000,7.000,7.000,1.0,1,1.0
342,30,436.000,246.000,5.000,6.000,1.0,1,1.0
343,30,424.000,267.000,7.000,6.000,1.0,1,1.0
344,30,382.000,291.000,9.000,5.000,1.0,1,1.0
345,30,370.000,294.000,4.000,6.000,1.0,1,1.0
346,30,370.000,294.000,4.000,6.000,1.0,1,1.0
347,30,370.000,294.000,4.000,6.000,1.0,1,1.0
348,30,370.000,294.000,4.000,6.000,1.0,1,1.0
349,30,370.000,294.000,4.000,6.000,1.0,1,1.0
350,30,370.000,293.000,4.000,6.000,1.0,1,1.0
351,30,370.000,291.000,4.000,7.000,1.0,1,1.0
352,30,370.000,289.000,5.000,8.000,1.0,1,1.0
353,30,370.000,288.000,5.000,8.000,1.0,1,1.0
354,30,371.000,287.000,4.000,7.000,1.0,1,1.0
355,30,370.000,285.000,5.000,8.000,1.0,1,1.0
356,30,371.000,283.000,4.000,8.000,1.0,1,1.0
357,30,370.000,282.000,5.000,7.000,1.0,1,1.0
358,30,370.000,280.000,5.000,7.000,1.0,1,1.0
359,30,371.000,279.000,3.000,7.000,1.0,1,1.0
360,30,371.000,277.000,3.000,7.000,1.0,1,1.0
361,30,371.000,275.000,3.000,7.000,1.0,1,1.0
362,30,371.000,273.000,3.000,7.000,1.0,1,1.0
363,30,371.000,271.000,3.000,7.000,1.0,1,1.0
1,35,508.000,440.000,3.000,4.000,1.0,1,1.0
2,35,507.000,441.000,4.000,3.000,1.0,1,1.0
3,35,507.000,440.000,4.000,4.000,1.0,1,1.0
4,35,507.000,441.000,4.000,3.000,1.0,1,1.0
5,35,507.000,441.000,4.000,3.000,1.0,1,1.0
6,35,507.000,441.000,4.000,3.000,1.0,1,1.0
7,35,507.000,441.000,4.000,3.000,1.0,1,1.0
8,35,507.000,441.000,4.000,3.000,1.0,1,1.0
9,35,507.000,441.000,4.000,3.000,1.0,1,1.0
10,35,508.000,441.000,3.000,3.000,1.0,1,1.0
11,35,507.000,441.000,4.000,4.000,1.0,1,1.0
12,35,507.000,441.000,4.000,4.000,1.0,1,1.0
13,35,507.000,441.000,4.000,4.000,1.0,1,1.0
14,35,507.000,441.000,3.000,4.000,1.0,1,1.0
15,35,507.000,441.000,4.000,4.000,1.0,1,1.0
16,35,507.000,441.000,4.000,4.000,1.0,1,1.0
17,35,507.000,441.000,4.000,4.000,1.0,1,1.0
18,35,507.000,441.000,4.000,4.000,1.0,1,1.0
19,35,508.000,441.000,3.000,4.000,1.0,1,1.0
20,35,508.000,441.000,3.000,4.000,1.0,1,1.0
21,35,508.000,441.000,3.000,4.000,1.0,1,1.0
22,35,507.000,441.000,5.000,5.000,1.0,1,1.0
32,35,505.000,440.000,6.000,6.000,1.0,1,1.0
33,35,503.000,440.000,8.000,6.000,1.0,1,1.0
34,35,503.000,440.000,7.000,5.000,1.0,1,1.0
35,35,502.000,440.000,9.000,5.000,1.0,1,1.0
36,35,501.000,439.000,5.000,5.000,1.0,1,1.0
37,35,501.000,440.000,4.000,4.000,1.0,1,1.0
38,35,499.000,440.000,4.000,4.000,1.0,1,1.0
39,35,499.000,440.000,4.000,4.000,1.0,1,1.0
40,35,499.000,440.000,3.000,4.000,1.0,1,1.0
41,35,498.000,440.000,4.000,4.000,1.0,1,1.0
42,35,498.000,440.000,4.000,4.000,1.0,1,1.0
43,35,497.000,440.000,4.000,4.000,1.0,1,1.0
44,35,496.000,442.000,5.000,3.000,1.0,1,1.0
45,35,494.000,442.000,5.000,3.000,1.0,1,1.0
46,35,494.000,441.000,5.000,4.000,1.0,1,1.0
47,35,494.000,440.000,5.000,5.000,1.0,1,1.0
48,35,493.000,440.000,5.000,5.000,1.0,1,1.0
49,35,493.000,437.000,4.000,8.000,1.0,1,1.0
50,35,493.000,437.000,3.000,7.000,1.0,1,1.0
51,35,492.000,434.000,4.000,8.000,1.0,1,1.0
52,35,492.000,432.000,4.000,7.000,1.0,1,1.0
53,35,492.000,430.000,4.000,7.000,1.0,1,1.0
54,35,493.000,428.000,3.000,6.000,1.0,1,1.0
55,35,493.000,425.000,3.000,7.000,1.0,1,1.0
56,35,493.000,423.000,3.000,7.000,1.0,1,1.0
57,35,493.000,422.000,4.000,6.000,1.0,1,1.0
58,35,494.000,420.000,3.000,6.000,1.0,1,1.0
59,35,495.000,418.000,3.000,6.000,1.0,1,1.0
60,35,495.000,418.000,4.000,5.000,1.0,1,1.0
61,35,496.000,417.000,5.000,4.000,1.0,1,1.0
62,35,497.000,416.000,4.000,5.000,1.0,1,1.0
63,35,496.000,415.000,5.000,6.000,1.0,1,1.0
64,35,497.000,414.000,4.000,6.000,1.0,1,1.0
65,35,498.000,412.000,4.000,6.000,1.0,1,1.0
66,35,498.000,410.000,4.000,7.000,1.0,1,1.0
67,35,498.000,409.000,4.000,7.000,1.0,1,1.0
68,35,498.000,408.000,4.000,7.000,1.0,1,1.0
69,35,498.000,405.000,4.000,8.000,1.0,1,1.0
70,35,498.000,405.000,4.000,9.000,1.0,1,1.0
71,35,498.000,406.000,4.000,7.000,1.0,1,1.0
72,35,498.000,405.000,3.000,8.000,1.0,1,1.0
73,35,497.000,405.000,3.000,8.000,1.0,1,1.0
74,35,496.000,405.000,3.000,7.000,1.0,1,1.0
75,35,496.000,405.000,3.000,6.000,1.0,1,1.0
76,35,495.000,405.000,3.000,6.000,1.0,1,1.0
77,35,495.000,404.000,3.000,6.000,1.0,1,1.0
78,35,494.000,403.000,3.000,6.000,1.0,1,1.0
79,35,494.000,403.000,3.000,5.000,1.0,1,1.0
80,35,493.000,402.000,4.000,5.000,1.0,1,1.0
81,35,493.000,401.000,4.000,5.000,1.0,1,1.0
82,35,493.000,400.000,3.000,6.000,1.0,1,1.0
83,35,493.000,398.000,3.000,6.000,1.0,1,1.0
84,35,493.000,397.000,3.000,6.000,1.0,1,1.0
85,35,492.000,395.000,4.000,6.000,1.0,1,1.0
86,35,492.000,392.000,4.000,6.000,1.0,1,1.0
87,35,492.000,389.000,4.000,7.000,1.0,1,1.0
88,35,492.000,386.000,4.000,7.000,1.0,1,1.0
89,35,492.000,383.000,4.000,7.000,1.0,1,1.0
90,35,492.000,381.000,4.000,6.000,1.0,1,1.0
91,35,492.000,377.000,4.000,7.000,1.0,1,1.0
92,35,492.000,375.000,4.000,6.000,1.0,1,1.0
93,35,492.000,371.000,4.000,8.000,1.0,1,1.0
94,35,493.000,369.000,4.000,7.000,1.0,1,1.0
95,35,493.000,367.000,4.000,7.000,1.0,1,1.0
96,35,493.000,365.000,4.000,6.000,1.0,1,1.0
97,35,493.000,362.000,4.000,7.000,1.0,1,1.0
98,35,493.000,360.000,4.000,7.000,1.0,1,1.0
99,35,493.000,358.000,4.000,7.000,1.0,1,1.0
100,35,492.000,356.000,5.000,7.000,1.0,1,1.0
101,35,492.000,354.000,4.000,7.000,1.0,1,1.0
102,35,492.000,352.000,4.000,7.000,1.0,1,1.0
103,35,492.000,349.000,4.000,8.000,1.0,1,1.0
104,35,492.000,347.000,4.000,7.000,1.0,1,1.0
105,35,492.000,345.000,4.000,7.000,1.0,1,1.0
106,35,492.000,343.000,4.000,7.000,1.0,1,1.0
107,35,493.000,341.000,4.000,7.000,1.0,1,1.0
108,35,493.000,341.000,3.000,6.000,1.0,1,1.0
109,35,493.000,341.000,4.000,6.000,1.0,1,1.0
110,35,493.000,340.000,4.000,6.000,1.0,1,1.0
111,35,493.000,340.000,4.000,5.000,1.0,1,1.0
112,35,494.000,340.000,4.000,4.000,1.0,1,1.0
113,35,495.000,339.000,4.000,5.000,1.0,1,1.0
114,35,495.000,339.000,5.000,4.000,1.0,1,1.0
115,35,496.000,339.000,5.000,4.000,1.0,1,1.0
116,35,496.000,337.000,5.000,5.000,1.0,1,1.0
117,35,497.000,337.000,5.000,4.000,1.0,1,1.0
185,35,521.000,266.000,4.000,7.000,1.0,1,1.0
186,35,512.000,240.000,3.000,7.000,1.0,1,1.0
187,35,511.000,214.000,4.000,6.000,1.0,1,1.0
188,35,509.000,209.000,6.000,7.000,1.0,1,1.0
189,35,509.000,209.000,6.000,6.000,1.0,1,1.0
190,35,509.000,208.000,6.000,7.000,1.0,1,1.0
191,35,509.000,207.000,5.000,7.000,1.0,1,1.0
192,35,509.000,206.000,5.000,7.000,1.0,1,1.0
193,35,510.000,204.000,3.000,8.000,1.0,1,1.0
194,35,510.000,202.000,4.000,8.000,1.0,1,1.0
195,35,510.000,201.000,5.000,8.000,1.0,1,1.0
196,35,511.000,200.000,5.000,8.000,1.0,1,1.0
197,35,512.000,198.000,5.000,8.000,1.0,1,1.0
198,35,513.000,197.000,5.000,7.000,1.0,1,1.0
199,35,514.000,195.000,5.000,8.000,1.0,1,1.0
200,35,515.000,193.000,6.000,8.000,1.0,1,1.0
201,35,517.000,191.000,6.000,8.000,1.0,1,1.0
202,35,518.000,190.000,6.000,7.000,1.0,1,1.0
203,35,520.000,189.000,6.000,6.000,1.0,1,1.0
204,35,521.000,188.000,7.000,6.000,1.0,1,1.0
205,35,523.000,187.000,7.000,5.000,1.0,1,1.0
206,35,525.000,187.000,8.000,4.000,1.0,1,1.0
207,35,526.000,186.000,8.000,4.000,1.0,1,1.0
208,35,528.000,185.000,8.000,4.000,1.0,1,1.0
209,35,529.000,185.000,8.000,4.000,1.0,1,1.0
210,35,531.000,184.000,8.000,4.000,1.0,1,1.0
211,35,533.000,183.000,7.000,4.000,1.0,1,1.0
212,35,534.000,182.000,7.000,4.000,1.0,1,1.0
213,35,535.000,180.000,7.000,6.000,1.0,1,1.0
214,35,536.000,179.000,6.000,6.000,1.0,1,1.0
215,35,536.000,178.000,6.000,7.000,1.0,1,1.0
216,35,537.000,177.000,5.000,7.000,1.0,1,1.0
217,35,538.000,176.000,5.000,7.000,1.0,1,1.0
218,35,538.000,175.000,5.000,8.000,1.0,1,1.0
219,35,539.000,174.000,5.000,7.000,1.0,1,1.0
220,35,539.000,173.000,5.000,7.000,1.0,1,1.0
221,35,539.000,172.000,5.000,7.000,1.0,1,1.0
222,35,539.000,172.000,5.000,8.000,1.0,1,1.0
223,35,539.000,172.000,5.000,7.000,1.0,1,1.0
224,35,539.000,172.000,5.000,7.000,1.0,1,1.0
225,35,539.000,172.000,5.000,7.000,1.0,1,1.0
226,35,539.000,172.000,5.000,7.000,1.0,1,1.0
227,35,539.000,172.000,5.000,7.000,1.0,1,1.0
228,35,539.000,172.000,5.000,7.000,1.0,1,1.0
229,35,539.000,172.000,5.000,7.000,1.0,1,1.0
230,35,540.000,172.000,4.000,7.000,1.0,1,1.0
231,35,539.000,171.000,5.000,8.000,1.0,1,1.0
232,35,539.000,171.000,5.000,8.000,1.0,1,1.0
233,35,540.000,171.000,4.000,8.000,1.0,1,1.0
234,35,540.000,171.000,4.000,7.000,1.0,1,1.0
235,35,540.000,170.000,4.000,7.000,1.0,1,1.0
236,35,540.000,169.000,4.000,7.000,1.0,1,1.0
237,35,540.000,167.000,4.000,7.000,1.0,1,1.0
238,35,541.000,165.000,4.000,8.000,1.0,1,1.0
239,35,542.000,163.000,3.000,8.000,1.0,1,1.0
240,35,542.000,161.000,4.000,8.000,1.0,1,1.0
241,35,543.000,159.000,4.000,8.000,1.0,1,1.0
242,35,544.000,157.000,4.000,8.000,1.0,1,1.0
243,35,545.000,155.000,4.000,7.000,1.0,1,1.0
244,35,546.000,153.000,4.000,7.000,1.0,1,1.0
245,35,547.000,151.000,4.000,7.000,1.0,1,1.0
246,35,548.000,149.000,4.000,7.000,1.0,1,1.0
247,35,549.000,148.000,4.000,6.000,1.0,1,1.0
248,35,550.000,147.000,4.000,6.000,1.0,1,1.0
249,35,550.000,145.000,5.000,7.000,1.0,1,1.0
250,35,552.000,145.000,5.000,5.000,1.0,1,1.0
251,35,553.000,145.000,5.000,4.000,1.0,1,1.0
252,35,554.000,145.000,5.000,4.000,1.0,1,1.0
253,35,555.000,145.000,4.000,4.000,1.0,1,1.0
254,35,555.000,145.000,4.000,4.000,1.0,1,1.0
255,35,555.000,145.000,5.000,4.000,1.0,1,1.0
256,35,555.000,145.000,4.000,4.000,1.0,1,1.0
257,35,555.000,145.000,4.000,4.000,1.0,1,1.0
258,35,555.000,145.000,4.000,4.000,1.0,1,1.0
259,35,555.000,145.000,4.000,4.000,1.0,1,1.0
260,35,555.000,145.000,4.000,4.000,1.0,1,1.0
261,35,555.000,145.000,4.000,4.000,1.0,1,1.0
262,35,555.000,145.000,4.000,4.000,1.0,1,1.0
263,35,555.000,145.000,4.000,4.000,1.0,1,1.0
264,35,556.000,144.000,4.000,5.000,1.0,1,1.0
265,35,556.000,145.000,4.000,3.000,1.0,1,1.0
266,35,556.000,144.000,3.000,4.000,1.0,1,1.0
267,35,556.000,144.000,3.000,4.000,1.0,1,1.0
268,35,555.000,144.000,5.000,4.000,1.0,1,1.0
269,35,538.000,136.000,5.000,6.000,1.0,1,1.0
270,35,539.000,134.000,6.000,5.000,1.0,1,1.0
271,35,540.000,132.000,5.000,6.000,1.0,1,1.0
272,35,540.000,130.000,5.000,7.000,1.0,1,1.0
273,35,541.000,129.000,4.000,7.000,1.0,1,1.0
274,35,541.000,128.000,4.000,7.000,1.0,1,1.0
275,35,541.000,125.000,3.000,8.000,1.0,1,1.0
276,35,541.000,124.000,3.000,8.000,1.0,1,1.0
277,35,541.000,122.000,3.000,8.000,1.0,1,1.0
278,35,541.000,120.000,3.000,8.000,1.0,1,1.0
279,35,541.000,118.000,3.000,8.000,1.0,1,1.0
280,35,541.000,115.000,3.000,8.000,1.0,1,1.0
281,35,541.000,112.000,3.000,8.000,1.0,1,1.0
282,35,541.000,109.000,3.000,9.000,1.0,1,1.0
283,35,541.000,106.000,3.000,8.000,1.0,1,1.0
284,35,541.000,104.000,3.000,8.000,1.0,1,1.0
285,35,540.000,103.000,4.000,7.000,1.0,1,1.0
287,35,553.000,121.000,4.000,9.000,1.0,1,1.0
304,35,512.000,64.000,5.000,6.000,1.0,1,1.0
305,35,511.000,63.000,5.000,7.000,1.0,1,1.0
306,35,510.000,63.000,5.000,7.000,1.0,1,1.0
307,35,510.000,63.000,5.000,7.000,1.0,1,1.0
308,35,508.000,63.000,7.000,7.000,1.0,1,1.0
309,35,507.000,63.000,7.000,7.000,1.0,1,1.0
310,35,506.000,63.000,6.000,5.000,1.0,1,1.0
311,35,505.000,62.000,7.000,5.000,1.0,1,1.0
312,35,505.000,62.000,9.000,7.000,1.0,1,1.0
319,35,502.000,54.000,4.000,4.000,1.0,1,1.0
320,35,503.000,53.000,2.000,5.000,1.0,1,1.0
321,35,503.000,51.000,3.000,7.000,1.0,1,1.0
322,35,503.000,49.000,4.000,8.000,1.0,1,1.0
323,35,504.000,47.000,5.000,9.000,1.0,1,1.0
324,35,504.000,46.000,6.000,8.000,1.0,1,1.0
325,35,506.000,44.000,6.000,8.000,1.0,1,1.0
326,35,507.000,43.000,7.000,7.000,1.0,1,1.0
327,35,509.000,41.000,7.000,7.000,1.0,1,1.0
328,35,510.000,41.000,7.000,6.000,1.0,1,1.0
329,35,512.000,39.000,7.000,6.000,1.0,1,1.0
330,35,514.000,38.000,7.000,6.000,1.0,1,1.0
331,35,515.000,37.000,8.000,6.000,1.0,1,1.0
332,35,517.000,36.000,7.000,6.000,1.0,1,1.0
333,35,518.000,35.000,7.000,6.000,1.0,1,1.0
334,35,519.000,35.000,7.000,6.000,1.0,1,1.0
335,35,520.000,34.000,7.000,6.000,1.0,1,1.0
336,35,521.000,33.000,7.000,7.000,1.0,1,1.0
337,35,521.000,34.000,7.000,6.000,1.0,1,1.0
338,35,521.000,34.000,7.000,5.000,1.0,1,1.0
339,35,521.000,34.000,8.000,5.000,1.0,1,1.0
340,35,527.000,33.000,7.000,4.000,1.0,1,1.0
341,35,555.000,23.000,3.000,7.000,1.0,1,1.0
342,35,556.000,22.000,2.000,8.000,1.0,1,1.0
343,35,556.000,21.000,3.000,8.000,1.0,1,1.0
344,35,556.000,20.000,3.000,8.000,1.0,1,1.0
345,35,556.000,19.000,3.000,8.000,1.0,1,1.0
346,35,556.000,18.000,3.000,8.000,1.0,1,1.0
347,35,556.000,18.000,3.000,7.000,1.0,1,1.0
348,35,556.000,17.000,3.000,7.000,1.0,1,1.0
349,35,557.000,16.000,2.000,7.000,1.0,1,1.0
350,35,557.000,15.000,3.000,6.000,1.0,1,1.0
351,35,557.000,14.000,3.000,6.000,1.0,1,1.0
352,35,557.000,15.000,3.000,5.000,1.0,1,1.0
353,35,557.000,15.000,4.000,5.000,1.0,1,1.0
354,35,557.000,16.000,4.000,5.000,1.0,1,1.0
355,35,557.000,16.000,4.000,5.000,1.0,1,1.0
356,35,557.000,16.000,4.000,5.000,1.0,1,1.0
357,35,557.000,16.000,4.000,5.000,1.0,1,1.0
358,35,557.000,16.000,4.000,6.000,1.0,1,1.0
359,35,557.000,16.000,4.000,5.000,1.0,1,1.0
360,35,556.000,16.000,5.000,5.000,1.0,1,1.0
361,35,555.000,15.000,5.000,5.000,1.0,1,1.0
362,35,554.000,14.000,6.000,5.000,1.0,1,1.0
363,35,554.000,14.000,5.000,5.000,1.0,1,1.0
1,5,46.000,439.000,6.000,3.000,1.0,1,1.0
2,5,47.000,438.000,6.000,4.000,1.0,1,1.0
3,5,47.000,438.000,6.000,4.000,1.0,1,1.0
4,5,47.000,438.000,6.000,4.000,1.0,1,1.0
5,5,46.000,438.000,5.000,4.000,1.0,1,1.0
6,5,45.000,437.000,5.000,6.000,1.0,1,1.0
7,5,45.000,438.000,5.000,4.000,1.0,1,1.0
8,5,45.000,438.000,5.000,4.000,1.0,1,1.0
9,5,46.000,438.000,4.000,4.000,1.0,1,1.0
10,5,45.000,438.000,6.000,4.000,1.0,1,1.0
11,5,46.000,438.000,6.000,4.000,1.0,1,1.0
12,5,47.000,439.000,6.000,3.000,1.0,1,1.0
13,5,47.000,439.000,6.000,4.000,1.0,1,1.0
14,5,47.000,439.000,6.000,4.000,1.0,1,1.0
15,5,47.000,439.000,6.000,4.000,1.0,1,1.0
16,5,47.000,439.000,6.000,4.000,1.0,1,1.0
17,5,47.000,439.000,6.000,4.000,1.0,1,1.0
18,5,46.000,439.000,7.000,3.000,1.0,1,1.0
19,5,48.000,438.000,5.000,4.000,1.0,1,1.0
20,5,48.000,439.000,5.000,3.000,1.0,1,1.0
21,5,48.000,439.000,6.000,3.000,1.0,1,1.0
22,5,50.000,439.000,5.000,3.000,1.0,1,1.0
28,5,51.000,439.000,5.000,3.000,1.0,1,1.0
29,5,52.000,439.000,3.000,3.000,1.0,1,1.0
30,5,51.000,439.000,4.000,3.000,1.0,1,1.0
31,5,51.000,439.000,4.000,3.000,1.0,1,1.0
32,5,52.000,440.000,4.000,3.000,1.0,1,1.0
33,5,52.000,440.000,4.000,3.000,1.0,1,1.0
34,5,53.000,440.000,5.000,4.000,1.0,1,1.0
35,5,54.000,440.000,5.000,4.000,1.0,1,1.0
36,5,55.000,440.000,5.000,3.000,1.0,1,1.0
37,5,55.000,439.000,5.000,4.000,1.0,1,1.0
38,5,55.000,439.000,5.000,4.000,1.0,1,1.0
40,5,55.000,440.000,5.000,3.000,1.0,1,1.0
41,5,55.000,440.000,4.000,4.000,1.0,1,1.0
42,5,54.000,441.000,4.000,3.000,1.0,1,1.0
54,5,27.000,391.000,9.000,7.000,1.0,1,1.0
55,5,52.000,367.000,3.000,9.000,1.0,1,1.0
56,5,55.000,342.000,6.000,5.000,1.0,1,1.0
57,5,50.000,340.000,6.000,7.000,1.0,1,1.0
58,5,59.000,356.000,4.000,7.000,1.0,1,1.0
59,5,56.000,358.000,6.000,7.000,1.0,1,1.0
60,5,58.000,358.000,5.000,7.000,1.0,1,1.0
61,5,58.000,357.000,4.000,8.000,1.0,1,1.0
62,5,57.000,355.000,4.000,8.000,1.0,1,1.0
63,5,57.000,353.000,3.000,8.000,1.0,1,1.0
64,5,56.000,352.000,4.000,8.000,1.0,1,1.0
65,5,56.000,351.000,4.000,8.000,1.0,1,1.0
66,5,55.000,351.000,5.000,7.000,1.0,1,1.0
67,5,54.000,351.000,6.000,6.000,1.0,1,1.0
68,5,52.000,349.000,7.000,6.000,1.0,1,1.0
69,5,50.000,349.000,6.000,5.000,1.0,1,1.0
70,5,50.000,349.000,6.000,5.000,1.0,1,1.0
71,5,50.000,348.000,6.000,6.000,1.0,1,1.0
72,5,48.000,349.000,6.000,5.000,1.0,1,1.0
73,5,48.000,348.000,6.000,6.000,1.0,1,1.0
74,5,47.000,348.000,7.000,5.000,1.0,1,1.0
75,5,47.000,348.000,7.000,5.000,1.0,1,1.0
76,5,46.000,349.000,6.000,3.000,1.0,1,1.0
77,5,44.000,350.000,8.000,2.000,1.0,1,1.0
78,5,43.000,350.000,7.000,3.000,1.0,1,1.0
79,5,41.000,350.000,8.000,4.000,1.0,1,1.0
80,5,39.000,351.000,7.000,4.000,1.0,1,1.0
81,5,36.000,352.000,8.000,4.000,1.0,1,1.0
82,5,35.000,352.000,8.000,4.000,1.0,1,1.0
83,5,33.000,353.000,8.000,4.000,1.0,1,1.0
84,5,32.000,353.000,7.000,4.000,1.0,1,1.0
85,5,31.000,353.000,7.000,4.000,1.0,1,1.0
86,5,30.000,353.000,7.000,4.000,1.0,1,1.0
87,5,29.000,353.000,7.000,5.000,1.0,1,1.0
88,5,28.000,353.000,8.000,5.000,1.0,1,1.0
89,5,30.000,353.000,5.000,7.000,1.0,1,1.0
90,5,31.000,353.000,4.000,8.000,1.0,1,1.0
91,5,32.000,355.000,4.000,8.000,1.0,1,1.0
92,5,33.000,356.000,4.000,8.000,1.0,1,1.0
93,5,34.000,358.000,5.000,7.000,1.0,1,1.0
94,5,36.000,360.000,5.000,7.000,1.0,1,1.0
95,5,37.000,361.000,6.000,7.000,1.0,1,1.0
96,5,39.000,363.000,5.000,7.000,1.0,1,1.0
97,5,40.000,364.000,6.000,8.000,1.0,1,1.0
98,5,42.000,365.000,5.000,8.000,1.0,1,1.0
99,5,43.000,367.000,5.000,7.000,1.0,1,1.0
100,5,44.000,368.000,5.000,8.000,1.0,1,1.0
101,5,45.000,370.000,5.000,8.000,1.0,1,1.0
102,5,46.000,372.000,4.000,8.000,1.0,1,1.0
103,5,46.000,374.000,4.000,8.000,1.0,1,1.0
104,5,46.000,376.000,3.000,8.000,1.0,1,1.0
105,5,46.000,378.000,3.000,9.000,1.0,1,1.0
106,5,45.000,381.000,3.000,8.000,1.0,1,1.0
107,5,44.000,384.000,4.000,8.000,1.0,1,1.0
108,5,43.000,385.000,4.000,8.000,1.0,1,1.0
109,5,42.000,388.000,4.000,8.000,1.0,1,1.0
110,5,42.000,389.000,4.000,8.000,1.0,1,1.0
111,5,41.000,391.000,4.000,8.000,1.0,1,1.0
112,5,41.000,392.000,4.000,8.000,1.0,1,1.0
113,5,40.000,394.000,4.000,8.000,1.0,1,1.0
114,5,39.000,396.000,4.000,9.000,1.0,1,1.0
115,5,38.000,399.000,5.000,8.000,1.0,1,1.0
116,5,38.000,401.000,4.000,8.000,1.0,1,1.0
117,5,36.000,404.000,5.000,8.000,1.0,1,1.0
118,5,35.000,407.000,5.000,8.000,1.0,1,1.0
119,5,35.000,408.000,4.000,8.000,1.0,1,1.0
120,5,34.000,409.000,5.000,8.000,1.0,1,1.0
121,5,34.000,410.000,5.000,8.000,1.0,1,1.0
122,5,34.000,410.000,5.000,8.000,1.0,1,1.0
123,5,34.000,410.000,5.000,8.000,1.0,1,1.0
124,5,34.000,410.000,5.000,8.000,1.0,1,1.0
125,5,34.000,410.000,5.000,8.000,1.0,1,1.0
126,5,34.000,410.000,5.000,8.000,1.0,1,1.0
127,5,34.000,410.000,4.000,8.000,1.0,1,1.0
128,5,34.000,410.000,4.000,8.000,1.0,1,1.0
129,5,34.000,410.000,4.000,8.000,1.0,1,1.0
130,5,34.000,410.000,4.000,8.000,1.0,1,1.0
131,5,34.000,410.000,5.000,9.000,1.0,1,1.0
132,5,34.000,410.000,5.000,9.000,1.0,1,1.0
133,5,34.000,410.000,5.000,9.000,1.0,1,1.0
134,5,34.000,410.000,5.000,9.000,1.0,1,1.0
135,5,34.000,410.000,5.000,9.000,1.0,1,1.0
136,5,34.000,410.000,5.000,9.000,1.0,1,1.0
137,5,34.000,410.000,5.000,9.000,1.0,1,1.0
138,5,34.000,410.000,5.000,9.000,1.0,1,1.0
139,5,34.000,410.000,5.000,9.000,1.0,1,1.0
140,5,34.000,410.000,5.000,9.000,1.0,1,1.0
141,5,34.000,410.000,5.000,9.000,1.0,1,1.0
142,5,34.000,410.000,5.000,9.000,1.0,1,1.0
143,5,34.000,410.000,4.000,9.000,1.0,1,1.0
144,5,34.000,410.000,4.000,9.000,1.0,1,1.0
145,5,34.000,411.000,4.000,8.000,1.0,1,1.0
146,5,34.000,411.000,5.000,8.000,1.0,1,1.0
147,5,34.000,411.000,5.000,8.000,1.0,1,1.0
148,5,34.000,411.000,5.000,8.000,1.0,1,1.0
149,5,34.000,411.000,4.000,8.000,1.0,1,1.0
150,5,34.000,412.000,4.000,7.000,1.0,1,1.0
151,5,34.000,412.000,4.000,7.000,1.0,1,1.0
152,5,34.000,412.000,4.000,7.000,1.0,1,1.0
153,5,34.000,412.000,4.000,8.000,1.0,1,1.0
154,5,34.000,412.000,4.000,8.000,1.0,1,1.0
155,5,34.000,412.000,4.000,7.000,1.0,1,1.0
156,5,34.000,412.000,4.000,7.000,1.0,1,1.0
157,5,34.000,412.000,4.000,8.000,1.0,1,1.0
158,5,34.000,412.000,4.000,8.000,1.0,1,1.0
159,5,34.000,412.000,4.000,8.000,1.0,1,1.0
160,5,34.000,412.000,4.000,8.000,1.0,1,1.0
161,5,34.000,412.000,4.000,8.000,1.0,1,1.0
162,5,33.000,412.000,5.000,8.000,1.0,1,1.0
163,5,33.000,412.000,5.000,7.000,1.0,1,1.0
164,5,33.000,412.000,5.000,7.000,1.0,1,1.0
165,5,34.000,412.000,4.000,7.000,1.0,1,1.0
166,5,33.000,412.000,5.000,7.000,1.0,1,1.0
167,5,33.000,412.000,5.000,7.000,1.0,1,1.0
168,5,33.000,412.000,5.000,8.000,1.0,1,1.0
172,5,28.000,436.000,3.000,6.000,1.0,1,1.0
173,5,43.000,433.000,4.000,7.000,1.0,1,1.0
175,5,48.000,390.000,7.000,5.000,1.0,1,1.0
176,5,48.000,384.000,7.000,6.000,1.0,1,1.0
177,5,41.000,407.000,4.000,8.000,1.0,1,1.0
178,5,33.000,412.000,6.000,8.000,1.0,1,1.0
179,5,33.000,413.000,5.000,7.000,1.0,1,1.0
180,5,33.000,412.000,5.000,8.000,1.0,1,1.0
181,5,33.000,412.000,5.000,8.000,1.0,1,1.0
182,5,33.000,412.000,5.000,8.000,1.0,1,1.0
183,5,33.000,412.000,5.000,8.000,1.0,1,1.0
184,5,33.000,412.000,5.000,8.000,1.0,1,1.0
185,5,33.000,412.000,5.000,8.000,1.0,1,1.0
186,5,33.000,412.000,5.000,8.000,1.0,1,1.0
187,5,33.000,412.000,5.000,8.000,1.0,1,1.0
188,5,32.000,413.000,5.000,8.000,1.0,1,1.0
189,5,32.000,414.000,5.000,7.000,1.0,1,1.0
190,5,32.000,415.000,4.000,8.000,1.0,1,1.0
191,5,31.000,417.000,4.000,8.000,1.0,1,1.0
192,5,30.000,419.000,5.000,8.000,1.0,1,1.0
193,5,29.000,421.000,5.000,8.000,1.0,1,1.0
194,5,29.000,423.000,4.000,8.000,1.0,1,1.0
195,5,29.000,425.000,3.000,8.000,1.0,1,1.0
196,5,28.000,427.000,4.000,8.000,1.0,1,1.0
197,5,28.000,430.000,4.000,8.000,1.0,1,1.0
198,5,25.000,432.000,6.000,11.000,1.0,1,1.0
199,5,24.000,434.000,6.000,9.000,1.0,1,1.0
200,5,25.000,434.000,6.000,10.000,1.0,1,1.0
201,5,25.000,434.000,6.000,10.000,1.0,1,1.0
202,5,25.000,434.000,5.000,10.000,1.0,1,1.0
203,5,26.000,434.000,5.000,9.000,1.0,1,1.0
204,5,26.000,433.000,5.000,11.000,1.0,1,1.0
205,5,26.000,433.000,6.000,10.000,1.0,1,1.0
206,5,26.000,433.000,6.000,7.000,1.0,1,1.0
207,5,25.000,434.000,7.000,5.000,1.0,1,1.0
208,5,24.000,434.000,7.000,5.000,1.0,1,1.0
209,5,23.000,435.000,7.000,4.000,1.0,1,1.0
210,5,22.000,435.000,8.000,4.000,1.0,1,1.0
211,5,22.000,435.000,7.000,4.000,1.0,1,1.0
212,5,20.000,435.000,8.000,3.000,1.0,1,1.0
213,5,19.000,435.000,8.000,3.000,1.0,1,1.0
214,5,18.000,434.000,8.000,4.000,1.0,1,1.0
215,5,17.000,433.000,7.000,5.000,1.0,1,1.0
216,5,16.000,432.000,7.000,5.000,1.0,1,1.0
217,5,15.000,433.000,7.000,4.000,1.0,1,1.0
218,5,14.000,431.000,7.000,5.000,1.0,1,1.0
219,5,13.000,431.000,6.000,5.000,1.0,1,1.0
220,5,12.000,431.000,6.000,5.000,1.0,1,1.0
221,5,13.000,431.000,5.000,7.000,1.0,1,1.0
222,5,13.000,434.000,5.000,7.000,1.0,1,1.0
223,5,13.000,436.000,6.000,7.000,1.0,1,1.0
224,5,13.000,438.000,6.000,5.000,1.0,1,1.0
225,5,13.000,439.000,6.000,4.000,1.0,1,1.0
226,5,14.000,439.000,6.000,4.000,1.0,1,1.0
227,5,14.000,439.000,6.000,4.000,1.0,1,1.0
228,5,13.000,438.000,7.000,5.000,1.0,1,1.0
261,5,12.000,440.000,6.000,5.000,1.0,1,1.0
262,5,12.000,440.000,7.000,4.000,1.0,1,1.0
263,5,13.000,440.000,7.000,4.000,1.0,1,1.0
264,5,14.000,440.000,7.000,4.000,1.0,1,1.0
265,5,15.000,440.000,7.000,4.000,1.0,1,1.0
266,5,16.000,440.000,7.000,4.000,1.0,1,1.0
267,5,17.000,440.000,7.000,3.000,1.0,1,1.0
268,5,18.000,440.000,7.000,3.000,1.0,1,1.0
269,5,19.000,439.000,7.000,4.000,1.0,1,1.0
270,5,21.000,439.000,7.000,3.000,1.0,1,1.0
271,5,22.000,439.000,7.000,4.000,1.0,1,1.0
273,5,22.000,438.000,7.000,5.000,1.0,1,1.0
274,5,23.000,439.000,7.000,4.000,1.0,1,1.0
275,5,23.000,439.000,7.000,4.000,1.0,1,1.0
276,5,23.000,439.000,7.000,4.000,1.0,1,1.0
277,5,24.000,439.000,6.000,4.000,1.0,1,1.0
278,5,24.000,439.000,6.000,4.000,1.0,1,1.0
279,5,24.000,439.000,6.000,4.000,1.0,1,1.0
280,5,24.000,439.000,6.000,4.000,1.0,1,1.0
281,5,24.000,439.000,6.000,4.000,1.0,1,1.0
282,5,24.000,439.000,6.000,4.000,1.0,1,1.0
283,5,24.000,439.000,6.000,4.000,1.0,1,1.0
284,5,25.000,439.000,6.000,4.000,1.0,1,1.0
285,5,27.000,439.000,6.000,3.000,1.0,1,1.0
286,5,28.000,439.000,7.000,3.000,1.0,1,1.0
287,5,29.000,438.000,7.000,4.000,1.0,1,1.0
288,5,30.000,438.000,7.000,3.000,1.0,1,1.0
289,5,32.000,438.000,7.000,3.000,1.0,1,1.0
290,5,34.000,438.000,7.000,4.000,1.0,1,1.0
291,5,35.000,438.000,7.000,4.000,1.0,1,1.0
292,5,36.000,438.000,7.000,4.000,1.0,1,1.0
293,5,37.000,439.000,7.000,4.000,1.0,1,1.0
294,5,38.000,439.000,10.000,4.000,1.0,1,1.0
295,5,38.000,438.000,11.000,5.000,1.0,1,1.0
296,5,39.000,437.000,9.000,7.000,1.0,1,1.0
297,5,39.000,437.000,9.000,7.000,1.0,1,1.0
298,5,40.000,437.000,7.000,7.000,1.0,1,1.0
299,5,40.000,437.000,7.000,7.000,1.0,1,1.0
300,5,39.000,436.000,8.000,7.000,1.0,1,1.0
301,5,38.000,436.000,7.000,6.000,1.0,1,1.0
302,5,37.000,436.000,7.000,5.000,1.0,1,1.0
303,5,37.000,436.000,6.000,5.000,1.0,1,1.0
304,5,36.000,436.000,6.000,4.000,1.0,1,1.0
305,5,35.000,436.000,6.000,5.000,1.0,1,1.0
306,5,35.000,436.000,6.000,5.000,1.0,1,1.0
307,5,35.000,435.000,6.000,5.000,1.0,1,1.0
308,5,16.000,398.000,7.000,8.000,1.0,1,1.0
309,5,8.000,395.000,8.000,5.000,1.0,1,1.0
310,5,9.000,395.000,7.000,6.000,1.0,1,1.0
311,5,9.000,395.000,6.000,5.000,1.0,1,1.0
312,5,9.000,395.000,6.000,5.000,1.0,1,1.0
313,5,9.000,395.000,6.000,5.000,1.0,1,1.0
314,5,9.000,395.000,6.000,5.000,1.0,1,1.0
315,5,10.000,395.000,5.000,5.000,1.0,1,1.0
316,5,9.000,395.000,6.000,5.000,1.0,1,1.0
317,5,9.000,394.000,6.000,6.000,1.0,1,1.0
318,5,9.000,393.000,6.000,6.000,1.0,1,1.0
319,5,10.000,392.000,5.000,7.000,1.0,1,1.0
320,5,10.000,391.000,6.000,8.000,1.0,1,1.0
321,5,10.000,391.000,6.000,8.000,1.0,1,1.0
322,5,10.000,390.000,6.000,9.000,1.0,1,1.0
323,5,11.000,390.000,5.000,8.000,1.0,1,1.0
324,5,11.000,389.000,6.000,8.000,1.0,1,1.0
325,5,12.000,389.000,5.000,8.000,1.0,1,1.0
326,5,30.000,372.000,5.000,9.000,1.0,1,1.0
327,5,42.000,340.000,4.000,7.000,1.0,1,1.0
328,5,47.000,315.000,5.000,7.000,1.0,1,1.0
329,5,47.000,314.000,4.000,8.000,1.0,1,1.0
330,5,47.000,314.000,4.000,8.000,1.0,1,1.0
331,5,47.000,313.000,4.000,9.000,1.0,1,1.0
332,5,47.000,312.000,4.000,9.000,1.0,1,1.0
333,5,47.000,312.000,4.000,9.000,1.0,1,1.0
334,5,47.000,312.000,4.000,9.000,1.0,1,1.0
335,5,47.000,311.000,4.000,9.000,1.0,1,1.0
336,5,48.000,310.000,3.000,9.000,1.0,1,1.0
337,5,48.000,308.000,5.000,8.000,1.0,1,1.0
338,5,49.000,306.000,5.000,8.000,1.0,1,1.0
339,5,51.000,303.000,5.000,9.000,1.0,1,1.0
340,5,52.000,302.000,5.000,8.000,1.0,1,1.0
341,5,53.000,300.000,5.000,8.000,1.0,1,1.0
342,5,54.000,298.000,5.000,7.000,1.0,1,1.0
343,5,56.000,296.000,5.000,7.000,1.0,1,1.0
344,5,57.000,294.000,5.000,8.000,1.0,1,1.0
345,5,58.000,292.000,5.000,8.000,1.0,1,1.0
346,5,59.000,291.000,5.000,7.000,1.0,1,1.0
347,5,60.000,289.000,5.000,8.000,1.0,1,1.0
348,5,61.000,288.000,5.000,7.000,1.0,1,1.0
349,5,62.000,287.000,6.000,7.000,1.0,1,1.0
350,5,63.000,285.000,5.000,7.000,1.0,1,1.0
351,5,63.000,284.000,6.000,7.000,1.0,1,1.0
352,5,64.000,284.000,6.000,6.000,1.0,1,1.0
353,5,64.000,283.000,6.000,7.000,1.0,1,1.0
354,5,63.000,280.000,4.000,6.000,1.0,1,1.0
355,5,43.000,260.000,4.000,7.000,1.0,1,1.0
356,5,49.000,231.000,3.000,8.000,1.0,1,1.0
357,5,60.000,202.000,3.000,8.000,1.0,1,1.0
358,5,65.000,179.000,6.000,6.000,1.0,1,1.0
359,5,69.000,171.000,4.000,5.000,1.0,1,1.0
360,5,69.000,171.000,4.000,5.000,1.0,1,1.0
361,5,69.000,171.000,4.000,5.000,1.0,1,1.0
362,5,68.000,171.000,5.000,5.000,1.0,1,1.0
363,5,69.000,169.000,4.000,7.000,1.0,1,1.0
1,28,413.000,440.000,4.000,4.000,1.0,1,1.0
2,28,413.000,440.000,4.000,4.000,1.0,1,1.0
3,28,413.000,440.000,4.000,4.000,1.0,1,1.0
4,28,413.000,440.000,4.000,4.000,1.0,1,1.0
5,28,413.000,440.000,4.000,4.000,1.0,1,1.0
6,28,413.000,440.000,4.000,4.000,1.0,1,1.0
7,28,413.000,440.000,4.000,4.000,1.0,1,1.0
8,28,412.000,440.000,5.000,4.000,1.0,1,1.0
9,28,409.000,440.000,7.000,3.000,1.0,1,1.0
10,28,407.000,440.000,7.000,5.000,1.0,1,1.0
15,28,398.000,441.000,6.000,4.000,1.0,1,1.0
16,28,398.000,441.000,6.000,3.000,1.0,1,1.0
17,28,398.000,441.000,6.000,4.000,1.0,1,1.0
18,28,398.000,441.000,6.000,3.000,1.0,1,1.0
19,28,400.000,441.000,4.000,4.000,1.0,1,1.0
20,28,400.000,441.000,4.000,4.000,1.0,1,1.0
21,28,401.000,441.000,4.000,4.000,1.0,1,1.0
22,28,401.000,442.000,4.000,4.000,1.0,1,1.0
23,28,401.000,443.000,4.000,4.000,1.0,1,1.0
24,28,401.000,442.000,4.000,4.000,1.0,1,1.0
25,28,400.000,440.000,5.000,5.000,1.0,1,1.0
26,28,401.000,441.000,5.000,4.000,1.0,1,1.0
27,28,403.000,439.000,4.000,7.000,1.0,1,1.0
28,28,403.000,438.000,4.000,8.000,1.0,1,1.0
29,28,403.000,436.000,4.000,8.000,1.0,1,1.0
30,28,404.000,433.000,4.000,9.000,1.0,1,1.0
31,28,404.000,431.000,3.000,8.000,1.0,1,1.0
32,28,404.000,428.000,4.000,9.000,1.0,1,1.0
33,28,404.000,426.000,3.000,8.000,1.0,1,1.0
34,28,403.000,424.000,4.000,8.000,1.0,1,1.0
35,28,403.000,421.000,4.000,9.000,1.0,1,1.0
36,28,403.000,419.000,3.000,8.000,1.0,1,1.0
37,28,402.000,418.000,4.000,8.000,1.0,1,1.0
38,28,402.000,415.000,3.000,8.000,1.0,1,1.0
39,28,401.000,414.000,4.000,8.000,1.0,1,1.0
40,28,402.000,414.000,3.000,8.000,1.0,1,1.0
41,28,403.000,412.000,4.000,9.000,1.0,1,1.0
42,28,404.000,411.000,4.000,9.000,1.0,1,1.0
43,28,405.000,409.000,4.000,8.000,1.0,1,1.0
44,28,406.000,408.000,3.000,8.000,1.0,1,1.0
45,28,407.000,406.000,3.000,8.000,1.0,1,1.0
46,28,407.000,404.000,4.000,8.000,1.0,1,1.0
47,28,408.000,402.000,3.000,8.000,1.0,1,1.0
48,28,408.000,401.000,4.000,8.000,1.0,1,1.0
49,28,408.000,399.000,4.000,8.000,1.0,1,1.0
50,28,408.000,397.000,3.000,9.000,1.0,1,1.0
51,28,407.000,395.000,4.000,9.000,1.0,1,1.0
52,28,406.000,394.000,4.000,8.000,1.0,1,1.0
53,28,405.000,393.000,4.000,9.000,1.0,1,1.0
54,28,405.000,392.000,4.000,8.000,1.0,1,1.0
55,28,404.000,391.000,4.000,8.000,1.0,1,1.0
56,28,404.000,389.000,3.000,9.000,1.0,1,1.0
57,28,403.000,389.000,4.000,8.000,1.0,1,1.0
58,28,402.000,389.000,4.000,7.000,1.0,1,1.0
59,28,401.000,388.000,5.000,7.000,1.0,1,1.0
60,28,400.000,388.000,6.000,6.000,1.0,1,1.0
61,28,398.000,387.000,7.000,7.000,1.0,1,1.0
62,28,397.000,387.000,7.000,6.000,1.0,1,1.0
63,28,397.000,387.000,7.000,6.000,1.0,1,1.0
64,28,397.000,387.000,7.000,6.000,1.0,1,1.0
65,28,396.000,387.000,7.000,6.000,1.0,1,1.0
66,28,395.000,386.000,8.000,6.000,1.0,1,1.0
67,28,395.000,386.000,7.000,6.000,1.0,1,1.0
68,28,395.000,386.000,7.000,6.000,1.0,1,1.0
69,28,393.000,384.000,7.000,5.000,1.0,1,1.0
70,28,378.000,366.000,4.000,7.000,1.0,1,1.0
71,28,379.000,365.000,4.000,7.000,1.0,1,1.0
72,28,380.000,363.000,3.000,9.000,1.0,1,1.0
73,28,380.000,362.000,3.000,8.000,1.0,1,1.0
74,28,380.000,362.000,3.000,8.000,1.0,1,1.0
75,28,380.000,362.000,3.000,8.000,1.0,1,1.0
76,28,379.000,361.000,4.000,9.000,1.0,1,1.0
77,28,379.000,361.000,4.000,8.000,1.0,1,1.0
78,28,379.000,361.000,4.000,7.000,1.0,1,1.0
79,28,378.000,360.000,4.000,7.000,1.0,1,1.0
80,28,377.000,359.000,5.000,6.000,1.0,1,1.0
81,28,376.000,358.000,5.000,6.000,1.0,1,1.0
82,28,375.000,356.000,5.000,6.000,1.0,1,1.0
83,28,374.000,355.000,5.000,6.000,1.0,1,1.0
84,28,374.000,354.000,4.000,6.000,1.0,1,1.0
85,28,373.000,354.000,4.000,5.000,1.0,1,1.0
86,28,373.000,353.000,4.000,5.000,1.0,1,1.0
87,28,373.000,353.000,3.000,4.000,1.0,1,1.0
88,28,373.000,352.000,4.000,5.000,1.0,1,1.0
89,28,373.000,351.000,3.000,5.000,1.0,1,1.0
90,28,372.000,350.000,4.000,6.000,1.0,1,1.0
91,28,372.000,349.000,3.000,5.000,1.0,1,1.0
92,28,372.000,348.000,4.000,5.000,1.0,1,1.0
93,28,372.000,347.000,4.000,6.000,1.0,1,1.0
94,28,373.000,346.000,3.000,6.000,1.0,1,1.0
95,28,373.000,345.000,3.000,6.000,1.0,1,1.0
96,28,373.000,345.000,3.000,5.000,1.0,1,1.0
97,28,373.000,343.000,3.000,6.000,1.0,1,1.0
98,28,373.000,342.000,4.000,6.000,1.0,1,1.0
99,28,373.000,341.000,4.000,6.000,1.0,1,1.0
100,28,374.000,340.000,4.000,6.000,1.0,1,1.0
101,28,374.000,339.000,5.000,6.000,1.0,1,1.0
102,28,375.000,338.000,5.000,6.000,1.0,1,1.0
103,28,376.000,338.000,4.000,5.000,1.0,1,1.0
104,28,376.000,337.000,5.000,5.000,1.0,1,1.0
105,28,377.000,336.000,5.000,6.000,1.0,1,1.0
106,28,377.000,335.000,6.000,6.000,1.0,1,1.0
107,28,378.000,334.000,6.000,6.000,1.0,1,1.0
108,28,378.000,333.000,6.000,6.000,1.0,1,1.0
109,28,378.000,333.000,6.000,6.000,1.0,1,1.0
110,28,378.000,332.000,6.000,6.000,1.0,1,1.0
111,28,379.000,331.000,5.000,7.000,1.0,1,1.0
112,28,379.000,330.000,4.000,8.000,1.0,1,1.0
113,28,379.000,329.000,4.000,9.000,1.0,1,1.0
114,28,378.000,329.000,5.000,8.000,1.0,1,1.0
115,28,378.000,327.000,4.000,9.000,1.0,1,1.0
116,28,378.000,326.000,4.000,8.000,1.0,1,1.0
117,28,378.000,325.000,3.000,8.000,1.0,1,1.0
118,28,378.000,324.000,4.000,8.000,1.0,1,1.0
119,28,378.000,322.000,4.000,8.000,1.0,1,1.0
120,28,379.000,324.000,3.000,7.000,1.0,1,1.0
121,28,377.000,327.000,4.000,8.000,1.0,1,1.0
122,28,377.000,326.000,4.000,8.000,1.0,1,1.0
123,28,377.000,325.000,4.000,8.000,1.0,1,1.0
124,28,376.000,325.000,4.000,8.000,1.0,1,1.0
125,28,376.000,324.000,4.000,8.000,1.0,1,1.0
126,28,376.000,324.000,4.000,8.000,1.0,1,1.0
127,28,376.000,323.000,4.000,8.000,1.0,1,1.0
128,28,376.000,322.000,4.000,9.000,1.0,1,1.0
129,28,376.000,322.000,4.000,8.000,1.0,1,1.0
130,28,376.000,322.000,4.000,8.000,1.0,1,1.0
131,28,376.000,321.000,4.000,8.000,1.0,1,1.0
132,28,375.000,320.000,4.000,8.000,1.0,1,1.0
133,28,376.000,319.000,3.000,9.000,1.0,1,1.0
134,28,376.000,318.000,3.000,9.000,1.0,1,1.0
135,28,375.000,317.000,4.000,9.000,1.0,1,1.0
136,28,374.000,315.000,5.000,9.000,1.0,1,1.0
137,28,374.000,314.000,5.000,8.000,1.0,1,1.0
138,28,374.000,313.000,5.000,8.000,1.0,1,1.0
139,28,374.000,312.000,4.000,8.000,1.0,1,1.0
140,28,374.000,310.000,4.000,8.000,1.0,1,1.0
141,28,373.000,309.000,5.000,8.000,1.0,1,1.0
142,28,373.000,308.000,5.000,8.000,1.0,1,1.0
143,28,373.000,306.000,4.000,8.000,1.0,1,1.0
144,28,373.000,304.000,4.000,8.000,1.0,1,1.0
145,28,373.000,303.000,4.000,8.000,1.0,1,1.0
146,28,373.000,301.000,3.000,8.000,1.0,1,1.0
147,28,372.000,299.000,4.000,8.000,1.0,1,1.0
148,28,372.000,298.000,4.000,8.000,1.0,1,1.0
149,28,372.000,296.000,4.000,8.000,1.0,1,1.0
150,28,372.000,295.000,4.000,8.000,1.0,1,1.0
151,28,372.000,294.000,4.000,8.000,1.0,1,1.0
152,28,372.000,293.000,3.000,8.000,1.0,1,1.0
153,28,371.000,292.000,4.000,8.000,1.0,1,1.0
154,28,372.000,291.000,3.000,8.000,1.0,1,1.0
155,28,372.000,291.000,3.000,7.000,1.0,1,1.0
156,28,371.000,291.000,4.000,7.000,1.0,1,1.0
157,28,371.000,291.000,4.000,7.000,1.0,1,1.0
158,28,371.000,291.000,4.000,7.000,1.0,1,1.0
159,28,371.000,291.000,4.000,8.000,1.0,1,1.0
160,28,372.000,291.000,3.000,8.000,1.0,1,1.0
161,28,372.000,292.000,4.000,7.000,1.0,1,1.0
162,28,371.000,298.000,5.000,7.000,1.0,1,1.0
163,28,371.000,297.000,5.000,8.000,1.0,1,1.0
164,28,371.000,297.000,4.000,8.000,1.0,1,1.0
165,28,371.000,297.000,4.000,8.000,1.0,1,1.0
166,28,371.000,296.000,4.000,8.000,1.0,1,1.0
167,28,371.000,297.000,4.000,8.000,1.0,1,1.0
168,28,371.000,297.000,4.000,8.000,1.0,1,1.0
169,28,371.000,297.000,4.000,8.000,1.0,1,1.0
170,28,371.000,297.000,4.000,7.000,1.0,1,1.0
171,28,371.000,297.000,4.000,8.000,1.0,1,1.0
172,28,371.000,297.000,4.000,7.000,1.0,1,1.0
173,28,371.000,296.000,4.000,8.000,1.0,1,1.0
174,28,371.000,295.000,5.000,8.000,1.0,1,1.0
175,28,384.000,281.000,4.000,7.000,1.0,1,1.0
176,28,391.000,252.000,4.000,7.000,1.0,1,1.0
177,28,383.000,245.000,4.000,6.000,1.0,1,1.0
178,28,374.000,272.000,8.000,6.000,1.0,1,1.0
179,28,407.000,301.000,9.000,6.000,1.0,1,1.0
180,28,423.000,310.000,4.000,8.000,1.0,1,1.0
181,28,424.000,310.000,3.000,8.000,1.0,1,1.0
182,28,424.000,309.000,4.000,9.000,1.0,1,1.0
183,28,424.000,309.000,4.000,9.000,1.0,1,1.0
184,28,424.000,309.000,4.000,9.000,1.0,1,1.0
185,28,424.000,309.000,4.000,9.000,1.0,1,1.0
186,28,424.000,309.000,4.000,9.000,1.0,1,1.0
187,28,424.000,309.000,4.000,9.000,1.0,1,1.0
188,28,424.000,308.000,4.000,8.000,1.0,1,1.0
189,28,425.000,307.000,3.000,7.000,1.0,1,1.0
190,28,425.000,305.000,4.000,7.000,1.0,1,1.0
191,28,425.000,303.000,4.000,8.000,1.0,1,1.0
192,28,426.000,301.000,4.000,8.000,1.0,1,1.0
193,28,427.000,300.000,4.000,8.000,1.0,1,1.0
194,28,428.000,298.000,4.000,7.000,1.0,1,1.0
195,28,429.000,297.000,4.000,7.000,1.0,1,1.0
196,28,430.000,296.000,4.000,7.000,1.0,1,1.0
197,28,431.000,294.000,3.000,7.000,1.0,1,1.0
198,28,431.000,293.000,4.000,7.000,1.0,1,1.0
199,28,431.000,292.000,4.000,7.000,1.0,1,1.0
200,28,432.000,290.000,4.000,7.000,1.0,1,1.0
201,28,432.000,288.000,4.000,8.000,1.0,1,1.0
202,28,433.000,287.000,4.000,7.000,1.0,1,1.0
203,28,434.000,285.000,3.000,7.000,1.0,1,1.0
204,28,434.000,284.000,4.000,7.000,1.0,1,1.0
205,28,435.000,282.000,3.000,8.000,1.0,1,1.0
206,28,435.000,280.000,3.000,8.000,1.0,1,1.0
207,28,435.000,279.000,3.000,8.000,1.0,1,1.0
208,28,435.000,278.000,3.000,8.000,1.0,1,1.0
209,28,435.000,277.000,3.000,8.000,1.0,1,1.0
210,28,435.000,276.000,3.000,8.000,1.0,1,1.0
211,28,435.000,276.000,3.000,8.000,1.0,1,1.0
212,28,434.000,276.000,4.000,7.000,1.0,1,1.0
213,28,410.000,262.000,6.000,6.000,1.0,1,1.0
214,28,394.000,241.000,6.000,7.000,1.0,1,1.0
215,28,395.000,240.000,5.000,8.000,1.0,1,1.0
216,28,396.000,239.000,4.000,8.000,1.0,1,1.0
217,28,396.000,238.000,4.000,8.000,1.0,1,1.0
218,28,396.000,237.000,5.000,8.000,1.0,1,1.0
219,28,397.000,236.000,5.000,8.000,1.0,1,1.0
220,28,397.000,236.000,6.000,7.000,1.0,1,1.0
221,28,398.000,236.000,6.000,7.000,1.0,1,1.0
222,28,398.000,236.000,6.000,7.000,1.0,1,1.0
223,28,398.000,236.000,7.000,7.000,1.0,1,1.0
224,28,398.000,236.000,7.000,6.000,1.0,1,1.0
225,28,398.000,236.000,8.000,6.000,1.0,1,1.0
226,28,399.000,236.000,8.000,6.000,1.0,1,1.0
227,28,400.000,237.000,8.000,5.000,1.0,1,1.0
228,28,401.000,237.000,9.000,4.000,1.0,1,1.0
229,28,402.000,237.000,9.000,4.000,1.0,1,1.0
230,28,404.000,236.000,8.000,4.000,1.0,1,1.0
231,28,405.000,236.000,8.000,4.000,1.0,1,1.0
232,28,405.000,236.000,8.000,4.000,1.0,1,1.0
233,28,406.000,236.000,8.000,4.000,1.0,1,1.0
234,28,406.000,235.000,8.000,4.000,1.0,1,1.0
235,28,408.000,234.000,7.000,4.000,1.0,1,1.0
236,28,424.000,226.000,7.000,6.000,1.0,1,1.0
237,28,434.000,224.000,4.000,7.000,1.0,1,1.0
238,28,434.000,222.000,4.000,8.000,1.0,1,1.0
239,28,434.000,221.000,3.000,8.000,1.0,1,1.0
240,28,434.000,219.000,4.000,9.000,1.0,1,1.0
241,28,434.000,217.000,3.000,9.000,1.0,1,1.0
242,28,433.000,215.000,4.000,9.000,1.0,1,1.0
243,28,433.000,214.000,4.000,9.000,1.0,1,1.0
244,28,433.000,213.000,4.000,8.000,1.0,1,1.0
245,28,433.000,212.000,4.000,8.000,1.0,1,1.0
246,28,434.000,210.000,3.000,8.000,1.0,1,1.0
247,28,434.000,208.000,4.000,8.000,1.0,1,1.0
248,28,434.000,206.000,4.000,8.000,1.0,1,1.0
249,28,434.000,204.000,4.000,8.000,1.0,1,1.0
250,28,435.000,201.000,4.000,7.000,1.0,1,1.0
251,28,436.000,199.000,3.000,8.000,1.0,1,1.0
252,28,436.000,197.000,4.000,8.000,1.0,1,1.0
253,28,436.000,195.000,4.000,8.000,1.0,1,1.0
254,28,436.000,193.000,4.000,8.000,1.0,1,1.0
255,28,437.000,192.000,3.000,7.000,1.0,1,1.0
256,28,436.000,190.000,4.000,7.000,1.0,1,1.0
257,28,436.000,189.000,4.000,8.000,1.0,1,1.0
258,28,437.000,188.000,3.000,7.000,1.0,1,1.0
259,28,437.000,186.000,3.000,7.000,1.0,1,1.0
260,28,437.000,184.000,3.000,8.000,1.0,1,1.0
261,28,437.000,183.000,3.000,8.000,1.0,1,1.0
262,28,436.000,181.000,4.000,9.000,1.0,1,1.0
263,28,436.000,180.000,4.000,8.000,1.0,1,1.0
264,28,436.000,178.000,4.000,8.000,1.0,1,1.0
265,28,436.000,177.000,4.000,8.000,1.0,1,1.0
266,28,435.000,175.000,5.000,9.000,1.0,1,1.0
267,28,435.000,174.000,5.000,8.000,1.0,1,1.0
268,28,435.000,173.000,4.000,8.000,1.0,1,1.0
269,28,434.000,172.000,5.000,8.000,1.0,1,1.0
270,28,434.000,171.000,5.000,8.000,1.0,1,1.0
271,28,433.000,170.000,5.000,8.000,1.0,1,1.0
272,28,433.000,169.000,5.000,7.000,1.0,1,1.0
273,28,433.000,169.000,4.000,7.000,1.0,1,1.0
274,28,433.000,169.000,4.000,7.000,1.0,1,1.0
275,28,409.000,158.000,7.000,6.000,1.0,1,1.0
276,28,391.000,137.000,6.000,4.000,1.0,1,1.0
277,28,398.000,137.000,5.000,4.000,1.0,1,1.0
278,28,409.000,136.000,4.000,4.000,1.0,1,1.0
279,28,405.000,137.000,4.000,7.000,1.0,1,1.0
280,28,405.000,147.000,7.000,4.000,1.0,1,1.0
281,28,428.000,150.000,9.000,5.000,1.0,1,1.0
282,28,431.000,156.000,6.000,5.000,1.0,1,1.0
283,28,431.000,165.000,4.000,6.000,1.0,1,1.0
284,28,429.000,174.000,8.000,4.000,1.0,1,1.0
285,28,431.000,178.000,6.000,5.000,1.0,1,1.0
286,28,430.000,186.000,7.000,5.000,1.0,1,1.0
287,28,437.000,201.000,4.000,7.000,1.0,1,1.0
288,28,437.000,200.000,4.000,6.000,1.0,1,1.0
289,28,437.000,200.000,4.000,6.000,1.0,1,1.0
290,28,437.000,199.000,4.000,6.000,1.0,1,1.0
291,28,437.000,199.000,4.000,6.000,1.0,1,1.0
292,28,436.000,198.000,4.000,6.000,1.0,1,1.0
293,28,436.000,198.000,4.000,6.000,1.0,1,1.0
294,28,436.000,199.000,5.000,4.000,1.0,1,1.0
295,28,436.000,199.000,4.000,4.000,1.0,1,1.0
296,28,436.000,199.000,5.000,4.000,1.0,1,1.0
297,28,435.000,198.000,6.000,5.000,1.0,1,1.0
298,28,435.000,197.000,5.000,6.000,1.0,1,1.0
299,28,435.000,195.000,5.000,7.000,1.0,1,1.0
300,28,435.000,193.000,5.000,8.000,1.0,1,1.0
301,28,435.000,191.000,4.000,8.000,1.0,1,1.0
302,28,435.000,189.000,4.000,8.000,1.0,1,1.0
303,28,435.000,187.000,4.000,8.000,1.0,1,1.0
304,28,434.000,185.000,5.000,9.000,1.0,1,1.0
305,28,434.000,183.000,4.000,9.000,1.0,1,1.0
306,28,434.000,182.000,4.000,8.000,1.0,1,1.0
307,28,433.000,179.000,5.000,9.000,1.0,1,1.0
308,28,433.000,177.000,4.000,8.000,1.0,1,1.0
309,28,433.000,175.000,4.000,8.000,1.0,1,1.0
310,28,432.000,173.000,4.000,8.000,1.0,1,1.0
311,28,431.000,172.000,5.000,8.000,1.0,1,1.0
312,28,431.000,170.000,4.000,8.000,1.0,1,1.0
313,28,430.000,169.000,5.000,8.000,1.0,1,1.0
314,28,429.000,170.000,5.000,6.000,1.0,1,1.0
315,28,428.000,169.000,6.000,7.000,1.0,1,1.0
316,28,426.000,170.000,7.000,5.000,1.0,1,1.0
317,28,425.000,169.000,8.000,6.000,1.0,1,1.0
318,28,425.000,169.000,7.000,5.000,1.0,1,1.0
319,28,424.000,168.000,8.000,6.000,1.0,1,1.0
320,28,424.000,168.000,7.000,5.000,1.0,1,1.0
321,28,424.000,168.000,7.000,5.000,1.0,1,1.0
322,28,423.000,167.000,8.000,6.000,1.0,1,1.0
323,28,424.000,167.000,6.000,6.000,1.0,1,1.0
324,28,424.000,166.000,6.000,6.000,1.0,1,1.0
325,28,409.000,163.000,9.000,3.000,1.0,1,1.0
326,28,377.000,152.000,3.000,7.000,1.0,1,1.0
327,28,377.000,152.000,4.000,8.000,1.0,1,1.0
328,28,377.000,151.000,4.000,8.000,1.0,1,1.0
329,28,377.000,150.000,4.000,8.000,1.0,1,1.0
330,28,378.000,149.000,3.000,8.000,1.0,1,1.0
331,28,378.000,147.000,3.000,8.000,1.0,1,1.0
332,28,378.000,145.000,4.000,9.000,1.0,1,1.0
333,28,378.000,144.000,4.000,8.000,1.0,1,1.0
334,28,378.000,143.000,4.000,9.000,1.0,1,1.0
335,28,378.000,143.000,4.000,9.000,1.0,1,1.0
336,28,378.000,143.000,4.000,8.000,1.0,1,1.0
337,28,378.000,143.000,4.000,9.000,1.0,1,1.0
338,28,378.000,143.000,4.000,8.000,1.0,1,1.0
339,28,378.000,142.000,4.000,8.000,1.0,1,1.0
340,28,378.000,141.000,4.000,8.000,1.0,1,1.0
341,28,379.000,139.000,4.000,8.000,1.0,1,1.0
342,28,379.000,137.000,3.000,8.000,1.0,1,1.0
343,28,379.000,135.000,4.000,8.000,1.0,1,1.0
344,28,380.000,133.000,4.000,8.000,1.0,1,1.0
345,28,379.000,130.000,4.000,8.000,1.0,1,1.0
346,28,380.000,128.000,4.000,8.000,1.0,1,1.0
347,28,380.000,125.000,4.000,8.000,1.0,1,1.0
348,28,380.000,123.000,4.000,8.000,1.0,1,1.0
349,28,381.000,120.000,3.000,9.000,1.0,1,1.0
350,28,381.000,118.000,3.000,8.000,1.0,1,1.0
351,28,381.000,115.000,3.000,9.000,1.0,1,1.0
352,28,381.000,113.000,3.000,8.000,1.0,1,1.0
353,28,381.000,110.000,3.000,9.000,1.0,1,1.0
354,28,381.000,108.000,3.000,8.000,1.0,1,1.0
355,28,380.000,106.000,4.000,8.000,1.0,1,1.0
356,28,380.000,104.000,4.000,8.000,1.0,1,1.0
1,42,626.000,442.000,5.000,3.000,1.0,1,1.0
2,42,627.000,442.000,5.000,4.000,1.0,1,1.0
3,42,627.000,442.000,5.000,5.000,1.0,1,1.0
4,42,628.000,442.000,5.000,5.000,1.0,1,1.0
5,42,628.000,442.000,5.000,4.000,1.0,1,1.0
6,42,628.000,441.000,5.000,5.000,1.0,1,1.0
7,42,627.000,443.000,6.000,4.000,1.0,1,1.0
11,42,628.000,441.000,3.000,5.000,1.0,1,1.0
12,42,628.000,442.000,3.000,3.000,1.0,1,1.0
13,42,627.000,442.000,4.000,3.000,1.0,1,1.0
14,42,628.000,443.000,4.000,3.000,1.0,1,1.0
15,42,629.000,443.000,4.000,3.000,1.0,1,1.0
16,42,630.000,443.000,4.000,3.000,1.0,1,1.0
17,42,630.000,443.000,4.000,3.000,1.0,1,1.0
18,42,630.000,443.000,4.000,3.000,1.0,1,1.0
19,42,629.000,443.000,5.000,3.000,1.0,1,1.0
20,42,628.000,436.000,5.000,6.000,1.0,1,1.0
21,42,645.000,429.000,4.000,6.000,1.0,1,1.0
22,42,649.000,435.000,5.000,5.000,1.0,1,1.0
23,42,645.000,438.000,6.000,6.000,1.0,1,1.0
24,42,643.000,438.000,4.000,7.000,1.0,1,1.0
25,42,650.000,436.000,5.000,4.000,1.0,1,1.0
48,42,613.000,439.000,4.000,5.000,1.0,1,1.0
74,42,643.000,425.000,7.000,3.000,1.0,1,1.0
75,42,648.000,428.000,3.000,8.000,1.0,1,1.0
76,42,644.000,439.000,7.000,5.000,1.0,1,1.0
77,42,644.000,438.000,4.000,4.000,1.0,1,1.0
78,42,643.000,440.000,7.000,4.000,1.0,1,1.0
79,42,642.000,439.000,7.000,6.000,1.0,1,1.0
82,42,633.000,442.000,5.000,4.000,1.0,1,1.0
83,42,637.000,442.000,6.000,5.000,1.0,1,1.0
85,42,637.000,443.000,7.000,5.000,1.0,1,1.0
91,42,634.000,442.000,8.000,5.000,1.0,1,1.0
92,42,631.000,442.000,5.000,4.000,1.0,1,1.0
93,42,631.000,442.000,4.000,4.000,1.0,1,1.0
94,42,631.000,442.000,4.000,3.000,1.0,1,1.0
95,42,631.000,442.000,4.000,3.000,1.0,1,1.0
96,42,629.000,442.000,4.000,3.000,1.0,1,1.0
97,42,629.000,442.000,5.000,3.000,1.0,1,1.0
98,42,627.000,442.000,6.000,3.000,1.0,1,1.0
100,42,618.000,428.000,4.000,5.000,1.0,1,1.0
108,42,613.000,442.000,4.000,4.000,1.0,1,1.0
109,42,613.000,443.000,4.000,4.000,1.0,1,1.0
110,42,612.000,443.000,6.000,4.000,1.0,1,1.0
114,42,623.000,442.000,5.000,3.000,1.0,1,1.0
115,42,621.000,441.000,5.000,4.000,1.0,1,1.0
116,42,618.000,442.000,6.000,2.000,1.0,1,1.0
117,42,617.000,442.000,5.000,3.000,1.0,1,1.0
118,42,616.000,442.000,6.000,3.000,1.0,1,1.0
119,42,616.000,442.000,6.000,3.000,1.0,1,1.0
120,42,618.000,442.000,5.000,3.000,1.0,1,1.0
121,42,619.000,442.000,4.000,3.000,1.0,1,1.0
122,42,619.000,441.000,4.000,3.000,1.0,1,1.0
123,42,620.000,441.000,4.000,4.000,1.0,1,1.0
124,42,621.000,441.000,4.000,4.000,1.0,1,1.0
125,42,622.000,441.000,4.000,4.000,1.0,1,1.0
126,42,622.000,442.000,4.000,3.000,1.0,1,1.0
127,42,622.000,442.000,4.000,3.000,1.0,1,1.0
128,42,624.000,432.000,5.000,5.000,1.0,1,1.0
129,42,632.000,442.000,3.000,5.000,1.0,1,1.0
130,42,635.000,443.000,4.000,4.000,1.0,1,1.0
171,42,657.000,440.000,5.000,4.000,1.0,1,1.0
172,42,657.000,440.000,5.000,4.000,1.0,1,1.0
173,42,657.000,440.000,5.000,3.000,1.0,1,1.0
174,42,657.000,415.000,2.000,7.000,1.0,1,1.0
175,42,651.000,408.000,6.000,6.000,1.0,1,1.0
176,42,635.000,408.000,7.000,6.000,1.0,1,1.0
177,42,631.000,412.000,5.000,6.000,1.0,1,1.0
178,42,637.000,429.000,4.000,5.000,1.0,1,1.0
179,42,640.000,428.000,5.000,7.000,1.0,1,1.0
180,42,646.000,440.000,7.000,6.000,1.0,1,1.0
181,42,653.000,439.000,4.000,6.000,1.0,1,1.0
182,42,664.000,433.000,5.000,6.000,1.0,1,1.0
183,42,668.000,430.000,7.000,3.000,1.0,1,1.0
184,42,674.000,440.000,5.000,3.000,1.0,1,1.0
185,42,674.000,439.000,5.000,3.000,1.0,1,1.0
186,42,676.000,440.000,4.000,3.000,1.0,1,1.0
187,42,676.000,442.000,3.000,4.000,1.0,1,1.0
188,42,674.000,443.000,7.000,4.000,1.0,1,1.0
189,42,673.000,443.000,7.000,4.000,1.0,1,1.0
190,42,675.000,443.000,5.000,4.000,1.0,1,1.0
193,42,672.000,431.000,4.000,7.000,1.0,1,1.0
194,42,666.000,427.000,5.000,7.000,1.0,1,1.0
195,42,664.000,440.000,3.000,5.000,1.0,1,1.0
196,42,667.000,441.000,5.000,4.000,1.0,1,1.0
197,42,665.000,441.000,6.000,3.000,1.0,1,1.0
198,42,664.000,441.000,5.000,4.000,1.0,1,1.0
199,42,662.000,441.000,6.000,3.000,1.0,1,1.0
200,42,660.000,441.000,8.000,3.000,1.0,1,1.0
208,42,658.000,440.000,4.000,4.000,1.0,1,1.0
209,42,658.000,440.000,4.000,4.000,1.0,1,1.0
210,42,659.000,440.000,4.000,4.000,1.0,1,1.0
211,42,660.000,440.000,4.000,3.000,1.0,1,1.0
212,42,661.000,440.000,3.000,3.000,1.0,1,1.0
213,42,662.000,440.000,3.000,3.000,1.0,1,1.0
214,42,662.000,440.000,4.000,3.000,1.0,1,1.0
215,42,663.000,440.000,3.000,3.000,1.0,1,1.0
216,42,663.000,440.000,3.000,4.000,1.0,1,1.0
217,42,663.000,441.000,3.000,3.000,1.0,1,1.0
218,42,663.000,440.000,3.000,4.000,1.0,1,1.0
219,42,663.000,440.000,4.000,4.000,1.0,1,1.0
220,42,662.000,440.000,5.000,4.000,1.0,1,1.0
221,42,663.000,441.000,3.000,3.000,1.0,1,1.0
222,42,663.000,440.000,4.000,4.000,1.0,1,1.0
223,42,663.000,441.000,4.000,3.000,1.0,1,1.0
224,42,663.000,441.000,4.000,3.000,1.0,1,1.0
225,42,663.000,440.000,4.000,4.000,1.0,1,1.0
226,42,663.000,440.000,4.000,4.000,1.0,1,1.0
227,42,662.000,440.000,5.000,4.000,1.0,1,1.0
228,42,662.000,440.000,5.000,4.000,1.0,1,1.0
232,42,657.000,439.000,6.000,5.000,1.0,1,1.0
233,42,658.000,439.000,6.000,4.000,1.0,1,1.0
234,42,660.000,440.000,5.000,3.000,1.0,1,1.0
235,42,661.000,440.000,8.000,4.000,1.0,1,1.0
236,42,661.000,440.000,5.000,3.000,1.0,1,1.0
246,42,666.000,443.000,4.000,3.000,1.0,1,1.0
247,42,663.000,443.000,5.000,3.000,1.0,1,1.0
254,42,653.000,442.000,6.000,4.000,1.0,1,1.0
255,42,654.000,440.000,4.000,6.000,1.0,1,1.0
256,42,651.000,439.000,5.000,6.000,1.0,1,1.0
257,42,652.000,433.000,4.000,6.000,1.0,1,1.0
258,42,657.000,425.000,5.000,6.000,1.0,1,1.0
259,42,668.000,425.000,7.000,3.000,1.0,1,1.0
261,42,671.000,442.000,6.000,4.000,1.0,1,1.0
266,42,674.000,444.000,6.000,4.000,1.0,1,1.0
267,42,675.000,443.000,5.000,4.000,1.0,1,1.0
268,42,676.000,443.000,5.000,4.000,1.0,1,1.0
269,42,676.000,443.000,5.000,3.000,1.0,1,1.0
270,42,675.000,442.000,4.000,4.000,1.0,1,1.0
271,42,674.000,442.000,4.000,3.000,1.0,1,1.0
272,42,673.000,442.000,4.000,3.000,1.0,1,1.0
273,42,671.000,442.000,4.000,3.000,1.0,1,1.0
274,42,670.000,442.000,5.000,3.000,1.0,1,1.0
275,42,669.000,442.000,4.000,3.000,1.0,1,1.0
276,42,668.000,442.000,4.000,3.000,1.0,1,1.0
278,42,665.000,441.000,4.000,3.000,1.0,1,1.0
279,42,665.000,441.000,4.000,3.000,1.0,1,1.0
280,42,665.000,441.000,4.000,3.000,1.0,1,1.0
281,42,666.000,441.000,5.000,3.000,1.0,1,1.0
282,42,668.000,441.000,4.000,3.000,1.0,1,1.0
283,42,668.000,441.000,5.000,3.000,1.0,1,1.0
284,42,669.000,441.000,4.000,4.000,1.0,1,1.0
285,42,669.000,441.000,4.000,4.000,1.0,1,1.0
286,42,669.000,441.000,4.000,4.000,1.0,1,1.0
287,42,668.000,441.000,4.000,3.000,1.0,1,1.0
288,42,668.000,441.000,4.000,3.000,1.0,1,1.0
289,42,667.000,441.000,4.000,4.000,1.0,1,1.0
290,42,666.000,442.000,4.000,3.000,1.0,1,1.0
291,42,666.000,441.000,3.000,3.000,1.0,1,1.0
292,42,665.000,441.000,4.000,3.000,1.0,1,1.0
293,42,665.000,441.000,4.000,4.000,1.0,1,1.0
294,42,665.000,441.000,4.000,3.000,1.0,1,1.0
295,42,665.000,441.000,4.000,4.000,1.0,1,1.0
296,42,665.000,441.000,4.000,3.000,1.0,1,1.0
297,42,665.000,441.000,4.000,3.000,1.0,1,1.0
298,42,666.000,441.000,3.000,3.000,1.0,1,1.0
299,42,666.000,441.000,3.000,3.000,1.0,1,1.0
300,42,666.000,441.000,3.000,3.000,1.0,1,1.0
301,42,666.000,441.000,3.000,3.000,1.0,1,1.0
302,42,665.000,441.000,4.000,3.000,1.0,1,1.0
303,42,665.000,441.000,4.000,4.000,1.0,1,1.0
304,42,665.000,441.000,4.000,3.000,1.0,1,1.0
305,42,665.000,441.000,3.000,3.000,1.0,1,1.0
306,42,665.000,441.000,3.000,3.000,1.0,1,1.0
307,42,665.000,441.000,4.000,3.000,1.0,1,1.0
308,42,665.000,441.000,4.000,3.000,1.0,1,1.0
309,42,665.000,441.000,4.000,3.000,1.0,1,1.0
310,42,665.000,441.000,4.000,4.000,1.0,1,1.0
311,42,665.000,441.000,4.000,3.000,1.0,1,1.0
312,42,665.000,441.000,4.000,4.000,1.0,1,1.0
313,42,665.000,441.000,4.000,4.000,1.0,1,1.0
314,42,665.000,441.000,4.000,4.000,1.0,1,1.0
315,42,665.000,441.000,4.000,4.000,1.0,1,1.0
316,42,664.000,441.000,4.000,4.000,1.0,1,1.0
317,42,664.000,441.000,5.000,4.000,1.0,1,1.0
318,42,664.000,441.000,5.000,4.000,1.0,1,1.0
319,42,664.000,441.000,4.000,4.000,1.0,1,1.0
321,42,654.000,427.000,7.000,5.000,1.0,1,1.0
322,42,659.000,438.000,4.000,4.000,1.0,1,1.0
323,42,656.000,439.000,4.000,4.000,1.0,1,1.0
324,42,656.000,439.000,4.000,4.000,1.0,1,1.0
325,42,621.000,440.000,5.000,4.000,1.0,1,1.0
326,42,622.000,440.000,4.000,4.000,1.0,1,1.0
327,42,622.000,440.000,4.000,4.000,1.0,1,1.0
328,42,622.000,441.000,4.000,3.000,1.0,1,1.0
329,42,619.000,441.000,5.000,4.000,1.0,1,1.0
330,42,620.000,441.000,5.000,4.000,1.0,1,1.0
331,42,622.000,440.000,6.000,6.000,1.0,1,1.0
332,42,623.000,440.000,7.000,5.000,1.0,1,1.0
333,42,622.000,440.000,3.000,4.000,1.0,1,1.0
334,42,622.000,440.000,3.000,4.000,1.0,1,1.0
335,42,622.000,440.000,3.000,4.000,1.0,1,1.0
336,42,622.000,440.000,3.000,4.000,1.0,1,1.0
337,42,622.000,440.000,3.000,4.000,1.0,1,1.0
338,42,622.000,440.000,3.000,4.000,1.0,1,1.0
339,42,622.000,440.000,4.000,4.000,1.0,1,1.0
340,42,622.000,440.000,3.000,4.000,1.0,1,1.0
341,42,623.000,429.000,6.000,6.000,1.0,1,1.0
342,42,625.000,441.000,3.000,4.000,1.0,1,1.0
343,42,625.000,441.000,3.000,4.000,1.0,1,1.0
344,42,624.000,440.000,3.000,5.000,1.0,1,1.0
345,42,624.000,440.000,3.000,5.000,1.0,1,1.0
346,42,624.000,440.000,3.000,5.000,1.0,1,1.0
347,42,624.000,440.000,3.000,5.000,1.0,1,1.0
348,42,624.000,440.000,4.000,5.000,1.0,1,1.0
349,42,624.000,440.000,4.000,5.000,1.0,1,1.0
350,42,624.000,440.000,4.000,5.000,1.0,1,1.0
351,42,624.000,440.000,4.000,5.000,1.0,1,1.0
352,42,624.000,440.000,5.000,5.000,1.0,1,1.0
353,42,625.000,440.000,5.000,5.000,1.0,1,1.0
354,42,626.000,440.000,6.000,4.000,1.0,1,1.0
355,42,628.000,440.000,5.000,4.000,1.0,1,1.0
356,42,629.000,440.000,5.000,4.000,1.0,1,1.0
357,42,630.000,440.000,5.000,3.000,1.0,1,1.0
358,42,631.000,441.000,6.000,3.000,1.0,1,1.0
359,42,632.000,440.000,7.000,6.000,1.0,1,1.0
360,42,633.000,440.000,6.000,6.000,1.0,1,1.0
361,42,633.000,440.000,6.000,5.000,1.0,1,1.0
362,42,633.000,440.000,6.000,5.000,1.0,1,1.0
363,42,634.000,440.000,6.000,3.000,1.0,1,1.0
1,27,408.000,441.000,3.000,4.000,1.0,1,1.0
2,27,407.000,441.000,4.000,4.000,1.0,1,1.0
3,27,407.000,441.000,4.000,4.000,1.0,1,1.0
4,27,407.000,441.000,4.000,4.000,1.0,1,1.0
5,27,407.000,441.000,4.000,4.000,1.0,1,1.0
6,27,408.000,441.000,3.000,4.000,1.0,1,1.0
7,27,407.000,441.000,4.000,4.000,1.0,1,1.0
8,27,407.000,441.000,4.000,4.000,1.0,1,1.0
9,27,405.000,441.000,5.000,4.000,1.0,1,1.0
10,27,403.000,440.000,6.000,5.000,1.0,1,1.0
11,27,402.000,440.000,8.000,5.000,1.0,1,1.0
12,27,400.000,440.000,8.000,5.000,1.0,1,1.0
13,27,399.000,440.000,7.000,5.000,1.0,1,1.0
14,27,395.000,440.000,9.000,5.000,1.0,1,1.0
15,27,392.000,440.000,7.000,4.000,1.0,1,1.0
16,27,390.000,440.000,6.000,4.000,1.0,1,1.0
17,27,386.000,441.000,7.000,3.000,1.0,1,1.0
18,27,383.000,440.000,7.000,4.000,1.0,1,1.0
19,27,381.000,440.000,6.000,4.000,1.0,1,1.0
20,27,378.000,440.000,7.000,4.000,1.0,1,1.0
21,27,376.000,440.000,7.000,4.000,1.0,1,1.0
22,27,376.000,440.000,7.000,4.000,1.0,1,1.0
23,27,376.000,440.000,7.000,4.000,1.0,1,1.0
24,27,376.000,440.000,7.000,4.000,1.0,1,1.0
25,27,378.000,441.000,5.000,3.000,1.0,1,1.0
26,27,380.000,441.000,3.000,4.000,1.0,1,1.0
27,27,380.000,441.000,4.000,4.000,1.0,1,1.0
28,27,380.000,441.000,4.000,4.000,1.0,1,1.0
29,27,380.000,440.000,4.000,5.000,1.0,1,1.0
30,27,381.000,437.000,4.000,8.000,1.0,1,1.0
31,27,381.000,437.000,3.000,8.000,1.0,1,1.0
32,27,380.000,437.000,3.000,8.000,1.0,1,1.0
33,27,378.000,435.000,4.000,9.000,1.0,1,1.0
34,27,378.000,432.000,4.000,9.000,1.0,1,1.0
35,27,378.000,431.000,3.000,8.000,1.0,1,1.0
36,27,377.000,429.000,4.000,7.000,1.0,1,1.0
37,27,377.000,428.000,4.000,8.000,1.0,1,1.0
38,27,377.000,427.000,3.000,7.000,1.0,1,1.0
39,27,376.000,425.000,4.000,8.000,1.0,1,1.0
40,27,376.000,423.000,3.000,7.000,1.0,1,1.0
41,27,375.000,420.000,4.000,7.000,1.0,1,1.0
42,27,374.000,417.000,4.000,7.000,1.0,1,1.0
43,27,373.000,416.000,4.000,6.000,1.0,1,1.0
44,27,373.000,414.000,3.000,6.000,1.0,1,1.0
45,27,373.000,412.000,3.000,6.000,1.0,1,1.0
46,27,372.000,409.000,4.000,6.000,1.0,1,1.0
47,27,373.000,408.000,3.000,6.000,1.0,1,1.0
48,27,372.000,406.000,4.000,6.000,1.0,1,1.0
49,27,373.000,405.000,4.000,6.000,1.0,1,1.0
50,27,373.000,404.000,4.000,5.000,1.0,1,1.0
51,27,373.000,402.000,4.000,6.000,1.0,1,1.0
52,27,373.000,400.000,5.000,6.000,1.0,1,1.0
53,27,373.000,399.000,5.000,6.000,1.0,1,1.0
54,27,374.000,398.000,5.000,5.000,1.0,1,1.0
55,27,375.000,395.000,4.000,7.000,1.0,1,1.0
56,27,376.000,394.000,5.000,6.000,1.0,1,1.0
57,27,377.000,392.000,5.000,7.000,1.0,1,1.0
58,27,379.000,391.000,5.000,6.000,1.0,1,1.0
59,27,380.000,389.000,6.000,6.000,1.0,1,1.0
60,27,381.000,388.000,5.000,6.000,1.0,1,1.0
61,27,382.000,386.000,6.000,6.000,1.0,1,1.0
62,27,384.000,384.000,5.000,7.000,1.0,1,1.0
63,27,384.000,381.000,4.000,8.000,1.0,1,1.0
64,27,385.000,378.000,4.000,8.000,1.0,1,1.0
65,27,386.000,376.000,3.000,8.000,1.0,1,1.0
66,27,386.000,373.000,3.000,8.000,1.0,1,1.0
67,27,386.000,371.000,4.000,8.000,1.0,1,1.0
68,27,386.000,368.000,5.000,8.000,1.0,1,1.0
69,27,388.000,365.000,5.000,7.000,1.0,1,1.0
70,27,390.000,363.000,4.000,7.000,1.0,1,1.0
71,27,390.000,362.000,4.000,7.000,1.0,1,1.0
72,27,390.000,362.000,4.000,7.000,1.0,1,1.0
73,27,390.000,362.000,4.000,7.000,1.0,1,1.0
74,27,390.000,361.000,5.000,7.000,1.0,1,1.0
75,27,391.000,360.000,5.000,7.000,1.0,1,1.0
76,27,393.000,357.000,5.000,6.000,1.0,1,1.0
77,27,394.000,354.000,6.000,7.000,1.0,1,1.0
78,27,396.000,352.000,6.000,7.000,1.0,1,1.0
79,27,398.000,351.000,6.000,6.000,1.0,1,1.0
80,27,400.000,350.000,7.000,5.000,1.0,1,1.0
81,27,403.000,350.000,8.000,4.000,1.0,1,1.0
82,27,405.000,349.000,8.000,4.000,1.0,1,1.0
83,27,407.000,348.000,7.000,4.000,1.0,1,1.0
84,27,409.000,346.000,7.000,5.000,1.0,1,1.0
85,27,411.000,345.000,6.000,5.000,1.0,1,1.0
86,27,412.000,345.000,7.000,5.000,1.0,1,1.0
87,27,412.000,345.000,7.000,5.000,1.0,1,1.0
88,27,412.000,345.000,6.000,4.000,1.0,1,1.0
89,27,412.000,345.000,6.000,4.000,1.0,1,1.0
90,27,412.000,345.000,7.000,4.000,1.0,1,1.0
91,27,411.000,345.000,7.000,4.000,1.0,1,1.0
92,27,412.000,345.000,7.000,5.000,1.0,1,1.0
93,27,412.000,345.000,7.000,4.000,1.0,1,1.0
94,27,412.000,345.000,6.000,4.000,1.0,1,1.0
95,27,412.000,345.000,7.000,4.000,1.0,1,1.0
96,27,412.000,345.000,6.000,4.000,1.0,1,1.0
97,27,412.000,345.000,6.000,4.000,1.0,1,1.0
98,27,412.000,345.000,6.000,4.000,1.0,1,1.0
99,27,412.000,345.000,6.000,5.000,1.0,1,1.0
100,27,412.000,344.000,6.000,6.000,1.0,1,1.0
101,27,412.000,344.000,6.000,6.000,1.0,1,1.0
102,27,412.000,344.000,6.000,6.000,1.0,1,1.0
103,27,412.000,344.000,6.000,6.000,1.0,1,1.0
104,27,412.000,344.000,6.000,6.000,1.0,1,1.0
105,27,412.000,344.000,6.000,6.000,1.0,1,1.0
106,27,412.000,344.000,6.000,6.000,1.0,1,1.0
107,27,412.000,344.000,6.000,6.000,1.0,1,1.0
108,27,412.000,344.000,6.000,6.000,1.0,1,1.0
109,27,413.000,344.000,6.000,7.000,1.0,1,1.0
110,27,412.000,344.000,6.000,7.000,1.0,1,1.0
111,27,412.000,344.000,5.000,7.000,1.0,1,1.0
112,27,412.000,344.000,5.000,7.000,1.0,1,1.0
113,27,412.000,344.000,5.000,7.000,1.0,1,1.0
114,27,412.000,344.000,5.000,7.000,1.0,1,1.0
115,27,412.000,344.000,6.000,7.000,1.0,1,1.0
116,27,412.000,344.000,6.000,6.000,1.0,1,1.0
117,27,412.000,344.000,6.000,6.000,1.0,1,1.0
118,27,413.000,344.000,5.000,7.000,1.0,1,1.0
119,27,413.000,344.000,5.000,7.000,1.0,1,1.0
120,27,413.000,344.000,5.000,7.000,1.0,1,1.0
121,27,414.000,345.000,6.000,5.000,1.0,1,1.0
122,27,415.000,345.000,7.000,4.000,1.0,1,1.0
123,27,417.000,345.000,7.000,3.000,1.0,1,1.0
124,27,420.000,345.000,6.000,4.000,1.0,1,1.0
125,27,422.000,345.000,7.000,4.000,1.0,1,1.0
126,27,425.000,345.000,6.000,4.000,1.0,1,1.0
127,27,427.000,345.000,5.000,4.000,1.0,1,1.0
128,27,428.000,346.000,6.000,3.000,1.0,1,1.0
129,27,430.000,346.000,6.000,3.000,1.0,1,1.0
130,27,432.000,346.000,5.000,3.000,1.0,1,1.0
131,27,434.000,345.000,4.000,4.000,1.0,1,1.0
132,27,435.000,345.000,3.000,4.000,1.0,1,1.0
133,27,436.000,345.000,3.000,4.000,1.0,1,1.0
134,27,437.000,345.000,3.000,4.000,1.0,1,1.0
135,27,437.000,346.000,4.000,3.000,1.0,1,1.0
136,27,437.000,346.000,4.000,4.000,1.0,1,1.0
137,27,437.000,345.000,4.000,4.000,1.0,1,1.0
138,27,437.000,344.000,4.000,4.000,1.0,1,1.0
139,27,437.000,343.000,4.000,4.000,1.0,1,1.0
140,27,436.000,341.000,5.000,5.000,1.0,1,1.0
141,27,435.000,340.000,5.000,5.000,1.0,1,1.0
142,27,434.000,340.000,5.000,5.000,1.0,1,1.0
143,27,433.000,340.000,6.000,4.000,1.0,1,1.0
144,27,433.000,340.000,6.000,5.000,1.0,1,1.0
145,27,432.000,341.000,7.000,4.000,1.0,1,1.0
146,27,432.000,342.000,6.000,5.000,1.0,1,1.0
147,27,430.000,343.000,7.000,5.000,1.0,1,1.0
148,27,429.000,344.000,6.000,6.000,1.0,1,1.0
149,27,429.000,345.000,6.000,6.000,1.0,1,1.0
150,27,428.000,346.000,6.000,6.000,1.0,1,1.0
151,27,427.000,347.000,6.000,7.000,1.0,1,1.0
152,27,426.000,349.000,6.000,7.000,1.0,1,1.0
153,27,427.000,352.000,5.000,7.000,1.0,1,1.0
154,27,427.000,351.000,5.000,8.000,1.0,1,1.0
155,27,427.000,352.000,5.000,7.000,1.0,1,1.0
156,27,428.000,352.000,4.000,8.000,1.0,1,1.0
157,27,428.000,352.000,4.000,8.000,1.0,1,1.0
158,27,428.000,352.000,4.000,8.000,1.0,1,1.0
159,27,427.000,352.000,5.000,8.000,1.0,1,1.0
160,27,427.000,352.000,5.000,8.000,1.0,1,1.0
161,27,427.000,352.000,6.000,8.000,1.0,1,1.0
162,27,427.000,352.000,6.000,8.000,1.0,1,1.0
163,27,427.000,352.000,6.000,8.000,1.0,1,1.0
164,27,427.000,352.000,6.000,7.000,1.0,1,1.0
165,27,422.000,345.000,4.000,6.000,1.0,1,1.0
166,27,402.000,323.000,7.000,5.000,1.0,1,1.0
167,27,377.000,317.000,4.000,7.000,1.0,1,1.0
168,27,377.000,317.000,3.000,7.000,1.0,1,1.0
169,27,377.000,316.000,3.000,8.000,1.0,1,1.0
170,27,377.000,316.000,4.000,6.000,1.0,1,1.0
171,27,377.000,314.000,3.000,7.000,1.0,1,1.0
172,27,377.000,312.000,3.000,7.000,1.0,1,1.0
173,27,377.000,310.000,4.000,7.000,1.0,1,1.0
174,27,377.000,308.000,4.000,7.000,1.0,1,1.0
175,27,377.000,306.000,4.000,8.000,1.0,1,1.0
176,27,377.000,306.000,4.000,8.000,1.0,1,1.0
177,27,377.000,306.000,4.000,8.000,1.0,1,1.0
178,27,377.000,306.000,4.000,7.000,1.0,1,1.0
179,27,377.000,306.000,4.000,7.000,1.0,1,1.0
180,27,377.000,306.000,4.000,8.000,1.0,1,1.0
181,27,377.000,306.000,4.000,7.000,1.0,1,1.0
182,27,377.000,306.000,4.000,7.000,1.0,1,1.0
183,27,377.000,306.000,4.000,7.000,1.0,1,1.0
184,27,377.000,306.000,4.000,7.000,1.0,1,1.0
185,27,377.000,305.000,4.000,8.000,1.0,1,1.0
186,27,377.000,305.000,4.000,8.000,1.0,1,1.0
187,27,377.000,305.000,4.000,8.000,1.0,1,1.0
188,27,377.000,305.000,4.000,8.000,1.0,1,1.0
189,27,377.000,304.000,4.000,7.000,1.0,1,1.0
190,27,376.000,302.000,4.000,7.000,1.0,1,1.0
191,27,376.000,300.000,3.000,7.000,1.0,1,1.0
192,27,375.000,299.000,3.000,6.000,1.0,1,1.0
193,27,374.000,297.000,4.000,7.000,1.0,1,1.0
194,27,374.000,296.000,3.000,6.000,1.0,1,1.0
195,27,374.000,295.000,3.000,6.000,1.0,1,1.0
196,27,373.000,293.000,3.000,6.000,1.0,1,1.0
197,27,372.000,291.000,3.000,5.000,1.0,1,1.0
198,27,372.000,289.000,3.000,6.000,1.0,1,1.0
199,27,372.000,288.000,3.000,6.000,1.0,1,1.0
200,27,371.000,286.000,4.000,6.000,1.0,1,1.0
201,27,371.000,285.000,4.000,6.000,1.0,1,1.0
202,27,371.000,282.000,4.000,7.000,1.0,1,1.0
203,27,371.000,280.000,4.000,6.000,1.0,1,1.0
204,27,371.000,278.000,4.000,6.000,1.0,1,1.0
205,27,372.000,275.000,4.000,7.000,1.0,1,1.0
206,27,372.000,273.000,5.000,7.000,1.0,1,1.0
207,27,373.000,271.000,4.000,7.000,1.0,1,1.0
208,27,374.000,269.000,4.000,6.000,1.0,1,1.0
209,27,375.000,268.000,5.000,6.000,1.0,1,1.0
210,27,376.000,266.000,5.000,6.000,1.0,1,1.0
211,27,377.000,264.000,6.000,6.000,1.0,1,1.0
212,27,379.000,261.000,6.000,6.000,1.0,1,1.0
213,27,381.000,259.000,6.000,6.000,1.0,1,1.0
214,27,382.000,257.000,6.000,7.000,1.0,1,1.0
215,27,383.000,257.000,5.000,6.000,1.0,1,1.0
216,27,383.000,256.000,6.000,7.000,1.0,1,1.0
217,27,384.000,254.000,6.000,7.000,1.0,1,1.0
218,27,385.000,252.000,6.000,6.000,1.0,1,1.0
219,27,387.000,250.000,6.000,6.000,1.0,1,1.0
220,27,389.000,247.000,6.000,7.000,1.0,1,1.0
221,27,391.000,245.000,5.000,6.000,1.0,1,1.0
222,27,391.000,243.000,6.000,7.000,1.0,1,1.0
223,27,391.000,241.000,4.000,8.000,1.0,1,1.0
224,27,390.000,241.000,4.000,8.000,1.0,1,1.0
225,27,390.000,239.000,3.000,8.000,1.0,1,1.0
226,27,390.000,238.000,3.000,8.000,1.0,1,1.0
227,27,389.000,237.000,4.000,9.000,1.0,1,1.0
228,27,388.000,237.000,4.000,8.000,1.0,1,1.0
229,27,386.000,235.000,5.000,7.000,1.0,1,1.0
230,27,385.000,234.000,5.000,7.000,1.0,1,1.0
231,27,383.000,233.000,5.000,8.000,1.0,1,1.0
232,27,382.000,231.000,5.000,8.000,1.0,1,1.0
233,27,381.000,229.000,4.000,8.000,1.0,1,1.0
234,27,379.000,227.000,5.000,8.000,1.0,1,1.0
235,27,378.000,225.000,4.000,8.000,1.0,1,1.0
236,27,377.000,224.000,4.000,7.000,1.0,1,1.0
237,27,377.000,224.000,4.000,7.000,1.0,1,1.0
238,27,376.000,222.000,5.000,7.000,1.0,1,1.0
239,27,375.000,221.000,4.000,7.000,1.0,1,1.0
240,27,374.000,220.000,4.000,6.000,1.0,1,1.0
241,27,373.000,218.000,4.000,6.000,1.0,1,1.0
242,27,373.000,216.000,3.000,7.000,1.0,1,1.0
243,27,373.000,215.000,3.000,6.000,1.0,1,1.0
244,27,372.000,213.000,3.000,6.000,1.0,1,1.0
245,27,371.000,211.000,4.000,6.000,1.0,1,1.0
246,27,371.000,210.000,3.000,5.000,1.0,1,1.0
247,27,371.000,209.000,3.000,5.000,1.0,1,1.0
248,27,371.000,208.000,4.000,5.000,1.0,1,1.0
249,27,371.000,206.000,4.000,6.000,1.0,1,1.0
250,27,372.000,206.000,3.000,5.000,1.0,1,1.0
251,27,372.000,205.000,4.000,5.000,1.0,1,1.0
252,27,373.000,205.000,4.000,4.000,1.0,1,1.0
253,27,374.000,205.000,5.000,4.000,1.0,1,1.0
254,27,375.000,204.000,5.000,4.000,1.0,1,1.0
255,27,376.000,204.000,6.000,4.000,1.0,1,1.0
256,27,377.000,203.000,6.000,4.000,1.0,1,1.0
257,27,378.000,202.000,6.000,5.000,1.0,1,1.0
258,27,379.000,200.000,5.000,7.000,1.0,1,1.0
259,27,380.000,198.000,5.000,7.000,1.0,1,1.0
260,27,381.000,195.000,6.000,8.000,1.0,1,1.0
261,27,382.000,194.000,6.000,6.000,1.0,1,1.0
262,27,384.000,193.000,7.000,6.000,1.0,1,1.0
263,27,387.000,191.000,6.000,6.000,1.0,1,1.0
264,27,389.000,190.000,7.000,6.000,1.0,1,1.0
265,27,391.000,188.000,7.000,6.000,1.0,1,1.0
266,27,393.000,187.000,7.000,5.000,1.0,1,1.0
267,27,395.000,185.000,6.000,6.000,1.0,1,1.0
268,27,396.000,183.000,7.000,6.000,1.0,1,1.0
269,27,398.000,181.000,6.000,6.000,1.0,1,1.0
270,27,399.000,179.000,6.000,6.000,1.0,1,1.0
271,27,401.000,176.000,4.000,8.000,1.0,1,1.0
272,27,401.000,173.000,4.000,8.000,1.0,1,1.0
273,27,401.000,170.000,5.000,8.000,1.0,1,1.0
274,27,401.000,167.000,4.000,8.000,1.0,1,1.0
275,27,401.000,165.000,3.000,7.000,1.0,1,1.0
276,27,400.000,162.000,4.000,7.000,1.0,1,1.0
277,27,399.000,158.000,4.000,8.000,1.0,1,1.0
278,27,399.000,155.000,4.000,8.000,1.0,1,1.0
279,27,399.000,151.000,3.000,8.000,1.0,1,1.0
280,27,398.000,148.000,4.000,8.000,1.0,1,1.0
281,27,398.000,145.000,4.000,8.000,1.0,1,1.0
282,27,397.000,141.000,4.000,8.000,1.0,1,1.0
283,27,397.000,139.000,4.000,7.000,1.0,1,1.0
284,27,397.000,135.000,3.000,8.000,1.0,1,1.0
285,27,396.000,132.000,3.000,8.000,1.0,1,1.0
286,27,396.000,131.000,4.000,9.000,1.0,1,1.0
287,27,395.000,131.000,4.000,7.000,1.0,1,1.0
288,27,395.000,130.000,4.000,8.000,1.0,1,1.0
289,27,394.000,129.000,4.000,7.000,1.0,1,1.0
290,27,392.000,128.000,5.000,6.000,1.0,1,1.0
291,27,390.000,126.000,6.000,6.000,1.0,1,1.0
292,27,388.000,125.000,6.000,6.000,1.0,1,1.0
293,27,387.000,123.000,6.000,6.000,1.0,1,1.0
294,27,388.000,120.000,4.000,8.000,1.0,1,1.0
295,27,389.000,117.000,4.000,9.000,1.0,1,1.0
296,27,390.000,116.000,3.000,8.000,1.0,1,1.0
297,27,391.000,113.000,3.000,8.000,1.0,1,1.0
298,27,391.000,110.000,4.000,8.000,1.0,1,1.0
299,27,392.000,108.000,4.000,8.000,1.0,1,1.0
300,27,392.000,106.000,5.000,8.000,1.0,1,1.0
301,27,392.000,105.000,4.000,8.000,1.0,1,1.0
302,27,392.000,103.000,4.000,7.000,1.0,1,1.0
303,27,392.000,103.000,5.000,7.000,1.0,1,1.0
314,27,393.000,67.000,3.000,5.000,1.0,1,1.0
315,27,393.000,64.000,3.000,8.000,1.0,1,1.0
316,27,393.000,60.000,3.000,9.000,1.0,1,1.0
317,27,393.000,57.000,4.000,8.000,1.0,1,1.0
318,27,394.000,53.000,3.000,9.000,1.0,1,1.0
319,27,394.000,50.000,3.000,9.000,1.0,1,1.0
320,27,395.000,47.000,3.000,9.000,1.0,1,1.0
321,27,394.000,44.000,4.000,8.000,1.0,1,1.0
322,27,395.000,40.000,3.000,9.000,1.0,1,1.0
323,27,395.000,37.000,4.000,8.000,1.0,1,1.0
324,27,396.000,34.000,3.000,9.000,1.0,1,1.0
325,27,396.000,31.000,4.000,8.000,1.0,1,1.0
326,27,396.000,28.000,4.000,8.000,1.0,1,1.0
327,27,396.000,25.000,4.000,8.000,1.0,1,1.0
328,27,396.000,22.000,4.000,8.000,1.0,1,1.0
329,27,396.000,23.000,3.000,7.000,1.0,1,1.0
330,27,396.000,23.000,3.000,7.000,1.0,1,1.0
331,27,396.000,22.000,4.000,7.000,1.0,1,1.0
332,27,397.000,20.000,4.000,7.000,1.0,1,1.0
333,27,397.000,20.000,5.000,7.000,1.0,1,1.0
334,27,398.000,19.000,5.000,7.000,1.0,1,1.0
335,27,398.000,17.000,5.000,8.000,1.0,1,1.0
336,27,399.000,15.000,4.000,7.000,1.0,1,1.0
337,27,399.000,15.000,4.000,6.000,1.0,1,1.0
338,27,399.000,14.000,4.000,6.000,1.0,1,1.0
339,27,398.000,14.000,5.000,5.000,1.0,1,1.0
1,15,125.000,435.000,5.000,10.000,1.0,1,1.0
2,15,124.000,436.000,5.000,9.000,1.0,1,1.0
3,15,125.000,436.000,5.000,8.000,1.0,1,1.0
4,15,125.000,435.000,4.000,7.000,1.0,1,1.0
5,15,124.000,435.000,4.000,7.000,1.0,1,1.0
6,15,124.000,435.000,4.000,7.000,1.0,1,1.0
7,15,125.000,436.000,4.000,6.000,1.0,1,1.0
8,15,124.000,436.000,4.000,7.000,1.0,1,1.0
9,15,124.000,436.000,4.000,6.000,1.0,1,1.0
10,15,125.000,436.000,4.000,7.000,1.0,1,1.0
11,15,125.000,435.000,3.000,7.000,1.0,1,1.0
12,15,125.000,435.000,3.000,7.000,1.0,1,1.0
13,15,125.000,436.000,4.000,7.000,1.0,1,1.0
14,15,125.000,436.000,3.000,6.000,1.0,1,1.0
15,15,125.000,436.000,3.000,6.000,1.0,1,1.0
16,15,125.000,435.000,4.000,8.000,1.0,1,1.0
17,15,126.000,436.000,3.000,7.000,1.0,1,1.0
18,15,128.000,436.000,4.000,7.000,1.0,1,1.0
19,15,130.000,439.000,7.000,5.000,1.0,1,1.0
20,15,130.000,441.000,6.000,4.000,1.0,1,1.0
33,15,139.000,440.000,7.000,4.000,1.0,1,1.0
35,15,138.000,441.000,6.000,4.000,1.0,1,1.0
36,15,138.000,441.000,6.000,4.000,1.0,1,1.0
37,15,138.000,439.000,5.000,6.000,1.0,1,1.0
38,15,139.000,441.000,5.000,4.000,1.0,1,1.0
40,15,137.000,440.000,6.000,4.000,1.0,1,1.0
41,15,138.000,440.000,4.000,5.000,1.0,1,1.0
42,15,136.000,441.000,4.000,4.000,1.0,1,1.0
44,15,138.000,442.000,6.000,4.000,1.0,1,1.0
46,15,137.000,442.000,7.000,3.000,1.0,1,1.0
47,15,135.000,440.000,6.000,3.000,1.0,1,1.0
48,15,135.000,440.000,7.000,4.000,1.0,1,1.0
49,15,133.000,440.000,7.000,4.000,1.0,1,1.0
50,15,133.000,441.000,7.000,4.000,1.0,1,1.0
51,15,133.000,441.000,6.000,4.000,1.0,1,1.0
52,15,132.000,441.000,7.000,4.000,1.0,1,1.0
53,15,132.000,441.000,7.000,4.000,1.0,1,1.0
54,15,132.000,441.000,7.000,4.000,1.0,1,1.0
55,15,132.000,441.000,7.000,4.000,1.0,1,1.0
56,15,132.000,441.000,7.000,4.000,1.0,1,1.0
57,15,132.000,441.000,6.000,4.000,1.0,1,1.0
58,15,132.000,441.000,5.000,4.000,1.0,1,1.0
59,15,132.000,441.000,5.000,4.000,1.0,1,1.0
60,15,132.000,442.000,5.000,3.000,1.0,1,1.0
61,15,132.000,442.000,5.000,3.000,1.0,1,1.0
62,15,132.000,442.000,5.000,3.000,1.0,1,1.0
63,15,131.000,438.000,7.000,5.000,1.0,1,1.0
64,15,135.000,439.000,6.000,4.000,1.0,1,1.0
65,15,138.000,439.000,5.000,4.000,1.0,1,1.0
66,15,137.000,439.000,6.000,4.000,1.0,1,1.0
67,15,138.000,439.000,6.000,4.000,1.0,1,1.0
68,15,138.000,439.000,6.000,4.000,1.0,1,1.0
69,15,138.000,440.000,7.000,3.000,1.0,1,1.0
70,15,136.000,440.000,7.000,3.000,1.0,1,1.0
71,15,134.000,441.000,7.000,4.000,1.0,1,1.0
72,15,135.000,441.000,6.000,4.000,1.0,1,1.0
74,15,135.000,441.000,6.000,4.000,1.0,1,1.0
75,15,136.000,441.000,6.000,4.000,1.0,1,1.0
76,15,137.000,441.000,5.000,3.000,1.0,1,1.0
77,15,137.000,441.000,6.000,3.000,1.0,1,1.0
78,15,137.000,441.000,6.000,3.000,1.0,1,1.0
79,15,137.000,440.000,6.000,4.000,1.0,1,1.0
80,15,137.000,440.000,6.000,4.000,1.0,1,1.0
81,15,137.000,439.000,6.000,5.000,1.0,1,1.0
82,15,138.000,440.000,5.000,5.000,1.0,1,1.0
83,15,139.000,437.000,5.000,7.000,1.0,1,1.0
84,15,139.000,437.000,4.000,7.000,1.0,1,1.0
85,15,139.000,438.000,5.000,6.000,1.0,1,1.0
86,15,144.000,440.000,5.000,5.000,1.0,1,1.0
87,15,146.000,438.000,6.000,6.000,1.0,1,1.0
88,15,148.000,437.000,4.000,6.000,1.0,1,1.0
89,15,147.000,437.000,5.000,6.000,1.0,1,1.0
90,15,147.000,437.000,5.000,5.000,1.0,1,1.0
91,15,148.000,437.000,4.000,4.000,1.0,1,1.0
92,15,147.000,437.000,4.000,3.000,1.0,1,1.0
93,15,144.000,435.000,6.000,5.000,1.0,1,1.0
94,15,147.000,436.000,5.000,4.000,1.0,1,1.0
95,15,147.000,436.000,4.000,4.000,1.0,1,1.0
96,15,147.000,436.000,4.000,4.000,1.0,1,1.0
97,15,147.000,436.000,4.000,4.000,1.0,1,1.0
98,15,147.000,436.000,4.000,4.000,1.0,1,1.0
99,15,147.000,436.000,4.000,4.000,1.0,1,1.0
100,15,147.000,436.000,4.000,4.000,1.0,1,1.0
101,15,147.000,436.000,5.000,4.000,1.0,1,1.0
103,15,150.000,431.000,5.000,5.000,1.0,1,1.0
104,15,147.000,435.000,5.000,7.000,1.0,1,1.0
105,15,148.000,435.000,5.000,6.000,1.0,1,1.0
106,15,148.000,435.000,5.000,6.000,1.0,1,1.0
107,15,148.000,435.000,5.000,5.000,1.0,1,1.0
108,15,147.000,435.000,6.000,5.000,1.0,1,1.0
109,15,148.000,435.000,4.000,5.000,1.0,1,1.0
110,15,148.000,434.000,5.000,6.000,1.0,1,1.0
111,15,149.000,434.000,6.000,5.000,1.0,1,1.0
112,15,150.000,434.000,8.000,5.000,1.0,1,1.0
113,15,151.000,434.000,7.000,5.000,1.0,1,1.0
114,15,151.000,434.000,7.000,5.000,1.0,1,1.0
115,15,147.000,429.000,6.000,7.000,1.0,1,1.0
116,15,147.000,434.000,4.000,5.000,1.0,1,1.0
118,15,142.000,440.000,5.000,4.000,1.0,1,1.0
119,15,141.000,439.000,5.000,5.000,1.0,1,1.0
120,15,141.000,439.000,5.000,5.000,1.0,1,1.0
121,15,141.000,439.000,5.000,5.000,1.0,1,1.0
122,15,141.000,439.000,5.000,5.000,1.0,1,1.0
123,15,141.000,439.000,5.000,5.000,1.0,1,1.0
124,15,141.000,439.000,5.000,5.000,1.0,1,1.0
125,15,141.000,439.000,6.000,5.000,1.0,1,1.0
126,15,142.000,440.000,5.000,4.000,1.0,1,1.0
127,15,142.000,439.000,5.000,5.000,1.0,1,1.0
134,15,142.000,439.000,5.000,5.000,1.0,1,1.0
135,15,142.000,439.000,6.000,5.000,1.0,1,1.0
136,15,142.000,440.000,6.000,4.000,1.0,1,1.0
143,15,155.000,439.000,6.000,5.000,1.0,1,1.0
146,15,154.000,439.000,6.000,5.000,1.0,1,1.0
147,15,154.000,440.000,6.000,5.000,1.0,1,1.0
153,15,136.000,424.000,5.000,5.000,1.0,1,1.0
175,15,178.000,414.000,7.000,8.000,1.0,1,1.0
176,15,183.000,388.000,6.000,3.000,1.0,1,1.0
177,15,175.000,394.000,7.000,5.000,1.0,1,1.0
178,15,178.000,419.000,5.000,7.000,1.0,1,1.0
191,15,178.000,439.000,5.000,4.000,1.0,1,1.0
192,15,178.000,439.000,4.000,4.000,1.0,1,1.0
193,15,178.000,439.000,5.000,4.000,1.0,1,1.0
194,15,178.000,439.000,4.000,4.000,1.0,1,1.0
195,15,178.000,439.000,4.000,4.000,1.0,1,1.0
196,15,178.000,439.000,4.000,4.000,1.0,1,1.0
197,15,178.000,439.000,4.000,4.000,1.0,1,1.0
198,15,179.000,439.000,3.000,4.000,1.0,1,1.0
220,15,172.000,442.000,6.000,3.000,1.0,1,1.0
221,15,172.000,441.000,6.000,4.000,1.0,1,1.0
222,15,173.000,441.000,6.000,4.000,1.0,1,1.0
223,15,173.000,441.000,6.000,3.000,1.0,1,1.0
224,15,174.000,441.000,5.000,3.000,1.0,1,1.0
225,15,174.000,441.000,5.000,3.000,1.0,1,1.0
226,15,175.000,440.000,4.000,4.000,1.0,1,1.0
227,15,175.000,440.000,4.000,4.000,1.0,1,1.0
228,15,175.000,440.000,4.000,4.000,1.0,1,1.0
229,15,176.000,440.000,4.000,4.000,1.0,1,1.0
230,15,176.000,440.000,4.000,4.000,1.0,1,1.0
231,15,176.000,440.000,4.000,3.000,1.0,1,1.0
232,15,177.000,440.000,4.000,4.000,1.0,1,1.0
233,15,177.000,440.000,5.000,3.000,1.0,1,1.0
234,15,177.000,440.000,7.000,3.000,1.0,1,1.0
235,15,178.000,440.000,7.000,4.000,1.0,1,1.0
236,15,178.000,440.000,7.000,4.000,1.0,1,1.0
237,15,179.000,440.000,7.000,4.000,1.0,1,1.0
238,15,180.000,440.000,6.000,4.000,1.0,1,1.0
239,15,181.000,439.000,8.000,4.000,1.0,1,1.0
240,15,182.000,439.000,7.000,5.000,1.0,1,1.0
241,15,182.000,439.000,7.000,5.000,1.0,1,1.0
242,15,182.000,439.000,7.000,5.000,1.0,1,1.0
243,15,182.000,439.000,7.000,5.000,1.0,1,1.0
244,15,182.000,439.000,7.000,5.000,1.0,1,1.0
245,15,182.000,437.000,6.000,6.000,1.0,1,1.0
246,15,180.000,436.000,5.000,7.000,1.0,1,1.0
247,15,181.000,437.000,4.000,7.000,1.0,1,1.0
248,15,178.000,436.000,3.000,8.000,1.0,1,1.0
252,15,172.000,415.000,4.000,6.000,1.0,1,1.0
253,15,167.000,427.000,4.000,4.000,1.0,1,1.0
254,15,165.000,432.000,4.000,4.000,1.0,1,1.0
255,15,179.000,432.000,4.000,4.000,1.0,1,1.0
256,15,178.000,431.000,3.000,7.000,1.0,1,1.0
257,15,166.000,433.000,6.000,4.000,1.0,1,1.0
258,15,167.000,431.000,4.000,6.000,1.0,1,1.0
259,15,161.000,435.000,4.000,5.000,1.0,1,1.0
260,15,158.000,435.000,4.000,6.000,1.0,1,1.0
261,15,160.000,431.000,5.000,6.000,1.0,1,1.0
262,15,163.000,414.000,4.000,3.000,1.0,1,1.0
263,15,157.000,397.000,4.000,3.000,1.0,1,1.0
264,15,147.000,400.000,6.000,3.000,1.0,1,1.0
265,15,151.000,415.000,3.000,8.000,1.0,1,1.0
266,15,152.000,429.000,5.000,4.000,1.0,1,1.0
267,15,164.000,433.000,5.000,6.000,1.0,1,1.0
268,15,175.000,425.000,4.000,6.000,1.0,1,1.0
269,15,172.000,416.000,4.000,7.000,1.0,1,1.0
270,15,163.000,418.000,7.000,3.000,1.0,1,1.0
271,15,168.000,420.000,6.000,5.000,1.0,1,1.0
272,15,175.000,427.000,5.000,7.000,1.0,1,1.0
273,15,178.000,434.000,4.000,3.000,1.0,1,1.0
274,15,186.000,435.000,5.000,5.000,1.0,1,1.0
275,15,172.000,440.000,4.000,5.000,1.0,1,1.0
276,15,171.000,440.000,5.000,4.000,1.0,1,1.0
277,15,171.000,441.000,5.000,3.000,1.0,1,1.0
278,15,170.000,440.000,4.000,4.000,1.0,1,1.0
279,15,170.000,440.000,5.000,4.000,1.0,1,1.0
280,15,170.000,440.000,5.000,4.000,1.0,1,1.0
281,15,170.000,440.000,5.000,4.000,1.0,1,1.0
282,15,170.000,440.000,5.000,5.000,1.0,1,1.0
283,15,170.000,439.000,5.000,5.000,1.0,1,1.0
284,15,170.000,439.000,5.000,6.000,1.0,1,1.0
285,15,170.000,439.000,5.000,5.000,1.0,1,1.0
286,15,170.000,439.000,4.000,5.000,1.0,1,1.0
287,15,170.000,439.000,4.000,5.000,1.0,1,1.0
288,15,170.000,439.000,4.000,5.000,1.0,1,1.0
289,15,169.000,439.000,5.000,5.000,1.0,1,1.0
290,15,169.000,439.000,5.000,5.000,1.0,1,1.0
291,15,169.000,439.000,5.000,5.000,1.0,1,1.0
292,15,170.000,439.000,4.000,5.000,1.0,1,1.0
293,15,170.000,439.000,4.000,5.000,1.0,1,1.0
294,15,170.000,439.000,5.000,6.000,1.0,1,1.0
295,15,170.000,438.000,5.000,7.000,1.0,1,1.0
296,15,170.000,438.000,5.000,6.000,1.0,1,1.0
297,15,170.000,438.000,4.000,6.000,1.0,1,1.0
298,15,170.000,438.000,4.000,6.000,1.0,1,1.0
299,15,170.000,438.000,4.000,6.000,1.0,1,1.0
300,15,170.000,438.000,4.000,6.000,1.0,1,1.0
301,15,169.000,438.000,5.000,6.000,1.0,1,1.0
302,15,169.000,438.000,5.000,6.000,1.0,1,1.0
303,15,170.000,439.000,4.000,5.000,1.0,1,1.0
304,15,169.000,439.000,5.000,5.000,1.0,1,1.0
305,15,169.000,439.000,5.000,5.000,1.0,1,1.0
306,15,169.000,440.000,6.000,4.000,1.0,1,1.0
307,15,169.000,440.000,6.000,4.000,1.0,1,1.0
308,15,170.000,440.000,6.000,4.000,1.0,1,1.0
309,15,169.000,441.000,6.000,3.000,1.0,1,1.0
322,15,154.000,440.000,8.000,3.000,1.0,1,1.0
323,15,153.000,440.000,8.000,4.000,1.0,1,1.0
324,15,152.000,440.000,8.000,4.000,1.0,1,1.0
325,15,152.000,440.000,7.000,4.000,1.0,1,1.0
326,15,150.000,440.000,8.000,4.000,1.0,1,1.0
327,15,150.000,440.000,8.000,4.000,1.0,1,1.0
328,15,148.000,440.000,8.000,4.000,1.0,1,1.0
329,15,148.000,440.000,8.000,4.000,1.0,1,1.0
330,15,148.000,440.000,8.000,4.000,1.0,1,1.0
331,15,148.000,440.000,8.000,4.000,1.0,1,1.0
332,15,148.000,440.000,8.000,4.000,1.0,1,1.0
333,15,148.000,440.000,8.000,4.000,1.0,1,1.0
334,15,146.000,435.000,8.000,8.000,1.0,1,1.0
335,15,141.000,440.000,7.000,3.000,1.0,1,1.0
336,15,141.000,440.000,8.000,4.000,1.0,1,1.0
337,15,141.000,440.000,8.000,4.000,1.0,1,1.0
338,15,141.000,440.000,8.000,4.000,1.0,1,1.0
339,15,141.000,440.000,9.000,4.000,1.0,1,1.0
340,15,141.000,440.000,9.000,4.000,1.0,1,1.0
344,15,139.000,439.000,12.000,5.000,1.0,1,1.0
345,15,139.000,439.000,8.000,5.000,1.0,1,1.0
346,15,139.000,437.000,5.000,6.000,1.0,1,1.0
347,15,139.000,436.000,5.000,7.000,1.0,1,1.0
348,15,139.000,435.000,5.000,7.000,1.0,1,1.0
349,15,140.000,435.000,4.000,8.000,1.0,1,1.0
350,15,140.000,435.000,4.000,8.000,1.0,1,1.0
351,15,140.000,434.000,4.000,9.000,1.0,1,1.0
352,15,140.000,433.000,4.000,9.000,1.0,1,1.0
353,15,140.000,433.000,3.000,9.000,1.0,1,1.0
354,15,140.000,432.000,3.000,9.000,1.0,1,1.0
355,15,139.000,434.000,4.000,8.000,1.0,1,1.0
356,15,139.000,434.000,4.000,8.000,1.0,1,1.0
357,15,139.000,433.000,4.000,9.000,1.0,1,1.0
358,15,139.000,433.000,3.000,9.000,1.0,1,1.0
359,15,139.000,433.000,4.000,9.000,1.0,1,1.0
360,15,139.000,433.000,3.000,8.000,1.0,1,1.0
361,15,145.000,426.000,4.000,7.000,1.0,1,1.0
362,15,139.000,433.000,4.000,8.000,1.0,1,1.0
363,15,139.000,433.000,4.000,8.000,1.0,1,1.0
1,14,182.000,440.000,4.000,4.000,1.0,1,1.0
2,14,181.000,440.000,5.000,4.000,1.0,1,1.0
3,14,180.000,439.000,4.000,4.000,1.0,1,1.0
4,14,180.000,440.000,4.000,4.000,1.0,1,1.0
5,14,180.000,439.000,7.000,5.000,1.0,1,1.0
6,14,180.000,439.000,7.000,4.000,1.0,1,1.0
7,14,178.000,439.000,9.000,5.000,1.0,1,1.0
8,14,183.000,438.000,4.000,5.000,1.0,1,1.0
9,14,183.000,439.000,4.000,4.000,1.0,1,1.0
10,14,183.000,440.000,5.000,4.000,1.0,1,1.0
11,14,183.000,440.000,5.000,4.000,1.0,1,1.0
12,14,183.000,441.000,5.000,3.000,1.0,1,1.0
13,14,183.000,441.000,5.000,3.000,1.0,1,1.0
14,14,183.000,440.000,5.000,4.000,1.0,1,1.0
15,14,183.000,440.000,5.000,4.000,1.0,1,1.0
16,14,184.000,440.000,4.000,4.000,1.0,1,1.0
17,14,183.000,440.000,4.000,4.000,1.0,1,1.0
18,14,183.000,440.000,5.000,4.000,1.0,1,1.0
19,14,183.000,440.000,5.000,4.000,1.0,1,1.0
20,14,183.000,440.000,5.000,4.000,1.0,1,1.0
21,14,184.000,440.000,4.000,3.000,1.0,1,1.0
22,14,184.000,439.000,4.000,4.000,1.0,1,1.0
23,14,184.000,440.000,3.000,3.000,1.0,1,1.0
24,14,184.000,440.000,3.000,3.000,1.0,1,1.0
25,14,184.000,439.000,3.000,4.000,1.0,1,1.0
26,14,184.000,438.000,6.000,5.000,1.0,1,1.0
27,14,184.000,438.000,6.000,5.000,1.0,1,1.0
28,14,184.000,438.000,6.000,5.000,1.0,1,1.0
29,14,183.000,438.000,7.000,5.000,1.0,1,1.0
30,14,183.000,438.000,7.000,5.000,1.0,1,1.0
31,14,182.000,439.000,8.000,4.000,1.0,1,1.0
32,14,182.000,439.000,7.000,4.000,1.0,1,1.0
33,14,182.000,439.000,7.000,4.000,1.0,1,1.0
34,14,182.000,439.000,7.000,4.000,1.0,1,1.0
35,14,182.000,439.000,6.000,4.000,1.0,1,1.0
36,14,182.000,439.000,6.000,4.000,1.0,1,1.0
37,14,182.000,439.000,7.000,4.000,1.0,1,1.0
38,14,182.000,439.000,7.000,4.000,1.0,1,1.0
39,14,182.000,439.000,7.000,4.000,1.0,1,1.0
40,14,182.000,439.000,7.000,4.000,1.0,1,1.0
41,14,181.000,439.000,7.000,5.000,1.0,1,1.0
42,14,180.000,439.000,8.000,4.000,1.0,1,1.0
43,14,180.000,439.000,8.000,4.000,1.0,1,1.0
44,14,179.000,439.000,9.000,4.000,1.0,1,1.0
45,14,179.000,439.000,7.000,4.000,1.0,1,1.0
46,14,178.000,439.000,6.000,4.000,1.0,1,1.0
47,14,178.000,439.000,6.000,5.000,1.0,1,1.0
48,14,178.000,439.000,6.000,5.000,1.0,1,1.0
49,14,179.000,439.000,5.000,5.000,1.0,1,1.0
50,14,178.000,439.000,7.000,5.000,1.0,1,1.0
51,14,178.000,437.000,6.000,6.000,1.0,1,1.0
52,14,178.000,439.000,6.000,5.000,1.0,1,1.0
53,14,178.000,439.000,6.000,5.000,1.0,1,1.0
54,14,178.000,439.000,6.000,5.000,1.0,1,1.0
55,14,178.000,437.000,6.000,6.000,1.0,1,1.0
56,14,176.000,439.000,7.000,4.000,1.0,1,1.0
57,14,176.000,439.000,7.000,4.000,1.0,1,1.0
58,14,176.000,438.000,7.000,5.000,1.0,1,1.0
59,14,175.000,438.000,8.000,5.000,1.0,1,1.0
60,14,175.000,438.000,7.000,5.000,1.0,1,1.0
61,14,174.000,439.000,7.000,4.000,1.0,1,1.0
62,14,173.000,439.000,8.000,5.000,1.0,1,1.0
63,14,174.000,439.000,6.000,4.000,1.0,1,1.0
64,14,173.000,439.000,7.000,5.000,1.0,1,1.0
65,14,173.000,439.000,7.000,5.000,1.0,1,1.0
66,14,172.000,439.000,8.000,5.000,1.0,1,1.0
67,14,171.000,439.000,8.000,4.000,1.0,1,1.0
68,14,171.000,439.000,8.000,4.000,1.0,1,1.0
69,14,170.000,439.000,8.000,4.000,1.0,1,1.0
70,14,173.000,440.000,6.000,3.000,1.0,1,1.0
71,14,174.000,440.000,5.000,3.000,1.0,1,1.0
72,14,174.000,440.000,5.000,3.000,1.0,1,1.0
73,14,174.000,440.000,5.000,3.000,1.0,1,1.0
74,14,174.000,440.000,5.000,3.000,1.0,1,1.0
75,14,174.000,440.000,5.000,4.000,1.0,1,1.0
76,14,173.000,440.000,6.000,4.000,1.0,1,1.0
77,14,173.000,440.000,6.000,4.000,1.0,1,1.0
78,14,174.000,440.000,8.000,4.000,1.0,1,1.0
79,14,177.000,440.000,5.000,3.000,1.0,1,1.0
80,14,176.000,441.000,5.000,3.000,1.0,1,1.0
81,14,176.000,441.000,4.000,3.000,1.0,1,1.0
82,14,175.000,441.000,5.000,3.000,1.0,1,1.0
83,14,175.000,441.000,4.000,3.000,1.0,1,1.0
84,14,174.000,441.000,4.000,3.000,1.0,1,1.0
85,14,174.000,441.000,4.000,4.000,1.0,1,1.0
86,14,174.000,441.000,4.000,4.000,1.0,1,1.0
87,14,174.000,441.000,4.000,3.000,1.0,1,1.0
88,14,173.000,441.000,5.000,4.000,1.0,1,1.0
89,14,175.000,440.000,4.000,5.000,1.0,1,1.0
90,14,175.000,439.000,4.000,6.000,1.0,1,1.0
91,14,175.000,440.000,4.000,5.000,1.0,1,1.0
92,14,174.000,441.000,4.000,4.000,1.0,1,1.0
93,14,173.000,440.000,5.000,4.000,1.0,1,1.0
94,14,174.000,439.000,5.000,5.000,1.0,1,1.0
95,14,174.000,438.000,5.000,6.000,1.0,1,1.0
96,14,174.000,438.000,4.000,6.000,1.0,1,1.0
97,14,175.000,437.000,4.000,6.000,1.0,1,1.0
98,14,176.000,437.000,5.000,6.000,1.0,1,1.0
99,14,172.000,440.000,7.000,5.000,1.0,1,1.0
100,14,174.000,438.000,6.000,7.000,1.0,1,1.0
101,14,174.000,439.000,6.000,6.000,1.0,1,1.0
102,14,174.000,439.000,6.000,5.000,1.0,1,1.0
103,14,174.000,439.000,6.000,5.000,1.0,1,1.0
104,14,174.000,440.000,6.000,4.000,1.0,1,1.0
105,14,174.000,440.000,6.000,4.000,1.0,1,1.0
108,14,176.000,439.000,9.000,4.000,1.0,1,1.0
109,14,177.000,439.000,7.000,4.000,1.0,1,1.0
110,14,177.000,439.000,7.000,4.000,1.0,1,1.0
111,14,176.000,439.000,8.000,4.000,1.0,1,1.0
113,14,173.000,439.000,7.000,4.000,1.0,1,1.0
114,14,173.000,439.000,5.000,4.000,1.0,1,1.0
115,14,171.000,439.000,5.000,3.000,1.0,1,1.0
116,14,170.000,439.000,5.000,4.000,1.0,1,1.0
117,14,170.000,439.000,5.000,4.000,1.0,1,1.0
118,14,168.000,438.000,6.000,5.000,1.0,1,1.0
119,14,167.000,438.000,5.000,4.000,1.0,1,1.0
120,14,166.000,438.000,6.000,4.000,1.0,1,1.0
121,14,165.000,438.000,5.000,4.000,1.0,1,1.0
122,14,164.000,438.000,6.000,4.000,1.0,1,1.0
123,14,162.000,438.000,6.000,5.000,1.0,1,1.0
124,14,161.000,438.000,6.000,4.000,1.0,1,1.0
125,14,157.000,437.000,9.000,5.000,1.0,1,1.0
126,14,155.000,437.000,8.000,5.000,1.0,1,1.0
127,14,155.000,437.000,7.000,5.000,1.0,1,1.0
128,14,153.000,438.000,8.000,5.000,1.0,1,1.0
129,14,153.000,437.000,7.000,5.000,1.0,1,1.0
130,14,153.000,437.000,7.000,5.000,1.0,1,1.0
131,14,153.000,437.000,7.000,5.000,1.0,1,1.0
132,14,152.000,437.000,8.000,5.000,1.0,1,1.0
133,14,151.000,437.000,9.000,5.000,1.0,1,1.0
134,14,151.000,437.000,9.000,5.000,1.0,1,1.0
135,14,150.000,438.000,7.000,5.000,1.0,1,1.0
136,14,150.000,439.000,7.000,4.000,1.0,1,1.0
137,14,151.000,439.000,5.000,5.000,1.0,1,1.0
138,14,151.000,440.000,5.000,4.000,1.0,1,1.0
139,14,129.000,423.000,7.000,6.000,1.0,1,1.0
140,14,129.000,408.000,6.000,4.000,1.0,1,1.0
141,14,133.000,414.000,7.000,5.000,1.0,1,1.0
146,14,144.000,439.000,7.000,5.000,1.0,1,1.0
147,14,146.000,439.000,6.000,5.000,1.0,1,1.0
148,14,145.000,439.000,7.000,5.000,1.0,1,1.0
149,14,144.000,440.000,8.000,5.000,1.0,1,1.0
150,14,144.000,440.000,7.000,4.000,1.0,1,1.0
151,14,144.000,440.000,8.000,5.000,1.0,1,1.0
152,14,145.000,440.000,7.000,4.000,1.0,1,1.0
153,14,145.000,440.000,7.000,4.000,1.0,1,1.0
154,14,145.000,441.000,6.000,4.000,1.0,1,1.0
155,14,145.000,440.000,6.000,4.000,1.0,1,1.0
156,14,145.000,440.000,6.000,4.000,1.0,1,1.0
157,14,145.000,440.000,5.000,4.000,1.0,1,1.0
158,14,145.000,440.000,5.000,4.000,1.0,1,1.0
159,14,146.000,439.000,5.000,5.000,1.0,1,1.0
160,14,146.000,439.000,5.000,5.000,1.0,1,1.0
161,14,146.000,440.000,5.000,4.000,1.0,1,1.0
162,14,146.000,440.000,5.000,4.000,1.0,1,1.0
163,14,146.000,440.000,5.000,4.000,1.0,1,1.0
164,14,146.000,440.000,4.000,4.000,1.0,1,1.0
165,14,145.000,440.000,6.000,4.000,1.0,1,1.0
166,14,145.000,440.000,6.000,4.000,1.0,1,1.0
167,14,144.000,440.000,6.000,4.000,1.0,1,1.0
168,14,143.000,440.000,7.000,4.000,1.0,1,1.0
169,14,143.000,440.000,7.000,4.000,1.0,1,1.0
170,14,143.000,440.000,6.000,4.000,1.0,1,1.0
171,14,142.000,440.000,7.000,4.000,1.0,1,1.0
172,14,144.000,439.000,6.000,4.000,1.0,1,1.0
173,14,145.000,438.000,5.000,5.000,1.0,1,1.0
174,14,145.000,437.000,5.000,6.000,1.0,1,1.0
175,14,147.000,436.000,4.000,7.000,1.0,1,1.0
176,14,147.000,438.000,5.000,6.000,1.0,1,1.0
177,14,146.000,440.000,5.000,4.000,1.0,1,1.0
178,14,146.000,439.000,5.000,5.000,1.0,1,1.0
179,14,146.000,440.000,6.000,4.000,1.0,1,1.0
184,14,146.000,441.000,8.000,4.000,1.0,1,1.0
185,14,146.000,441.000,8.000,4.000,1.0,1,1.0
186,14,146.000,441.000,8.000,4.000,1.0,1,1.0
200,14,133.000,427.000,4.000,6.000,1.0,1,1.0
201,14,132.000,432.000,6.000,6.000,1.0,1,1.0
202,14,126.000,434.000,7.000,5.000,1.0,1,1.0
203,14,127.000,436.000,8.000,9.000,1.0,1,1.0
204,14,127.000,439.000,8.000,6.000,1.0,1,1.0
205,14,127.000,439.000,8.000,6.000,1.0,1,1.0
206,14,129.000,439.000,6.000,5.000,1.0,1,1.0
207,14,129.000,439.000,7.000,5.000,1.0,1,1.0
208,14,130.000,439.000,6.000,5.000,1.0,1,1.0
209,14,130.000,439.000,6.000,5.000,1.0,1,1.0
210,14,130.000,439.000,6.000,5.000,1.0,1,1.0
211,14,130.000,439.000,6.000,5.000,1.0,1,1.0
212,14,130.000,439.000,6.000,5.000,1.0,1,1.0
213,14,130.000,439.000,5.000,5.000,1.0,1,1.0
214,14,130.000,439.000,5.000,5.000,1.0,1,1.0
215,14,130.000,439.000,5.000,5.000,1.0,1,1.0
216,14,130.000,439.000,5.000,5.000,1.0,1,1.0
217,14,130.000,439.000,6.000,5.000,1.0,1,1.0
218,14,130.000,439.000,7.000,5.000,1.0,1,1.0
219,14,131.000,439.000,6.000,5.000,1.0,1,1.0
220,14,131.000,439.000,7.000,4.000,1.0,1,1.0
221,14,131.000,439.000,7.000,4.000,1.0,1,1.0
222,14,131.000,439.000,7.000,4.000,1.0,1,1.0
223,14,131.000,439.000,7.000,4.000,1.0,1,1.0
224,14,131.000,439.000,8.000,4.000,1.0,1,1.0
225,14,132.000,439.000,7.000,4.000,1.0,1,1.0
226,14,133.000,439.000,7.000,4.000,1.0,1,1.0
227,14,134.000,439.000,6.000,4.000,1.0,1,1.0
228,14,134.000,439.000,6.000,4.000,1.0,1,1.0
229,14,134.000,439.000,6.000,4.000,1.0,1,1.0
230,14,134.000,439.000,6.000,4.000,1.0,1,1.0
231,14,134.000,439.000,6.000,4.000,1.0,1,1.0
232,14,134.000,439.000,7.000,4.000,1.0,1,1.0
233,14,134.000,439.000,7.000,4.000,1.0,1,1.0
234,14,134.000,439.000,7.000,4.000,1.0,1,1.0
235,14,129.000,439.000,5.000,4.000,1.0,1,1.0
236,14,129.000,438.000,5.000,5.000,1.0,1,1.0
237,14,129.000,438.000,5.000,5.000,1.0,1,1.0
238,14,129.000,438.000,5.000,5.000,1.0,1,1.0
239,14,129.000,438.000,5.000,5.000,1.0,1,1.0
240,14,129.000,438.000,5.000,5.000,1.0,1,1.0
241,14,129.000,439.000,5.000,4.000,1.0,1,1.0
242,14,129.000,439.000,5.000,4.000,1.0,1,1.0
243,14,129.000,439.000,5.000,4.000,1.0,1,1.0
244,14,129.000,439.000,5.000,4.000,1.0,1,1.0
245,14,129.000,439.000,5.000,3.000,1.0,1,1.0
246,14,129.000,438.000,4.000,4.000,1.0,1,1.0
247,14,129.000,438.000,4.000,4.000,1.0,1,1.0
248,14,129.000,438.000,4.000,5.000,1.0,1,1.0
249,14,129.000,438.000,4.000,5.000,1.0,1,1.0
250,14,129.000,438.000,5.000,5.000,1.0,1,1.0
251,14,129.000,439.000,4.000,4.000,1.0,1,1.0
252,14,129.000,439.000,4.000,4.000,1.0,1,1.0
253,14,129.000,439.000,4.000,4.000,1.0,1,1.0
254,14,129.000,439.000,4.000,4.000,1.0,1,1.0
255,14,129.000,438.000,4.000,5.000,1.0,1,1.0
256,14,129.000,439.000,4.000,4.000,1.0,1,1.0
257,14,129.000,438.000,4.000,5.000,1.0,1,1.0
258,14,129.000,438.000,4.000,5.000,1.0,1,1.0
259,14,129.000,438.000,4.000,4.000,1.0,1,1.0
260,14,129.000,438.000,4.000,4.000,1.0,1,1.0
261,14,129.000,438.000,5.000,4.000,1.0,1,1.0
262,14,129.000,438.000,4.000,4.000,1.0,1,1.0
263,14,129.000,438.000,4.000,4.000,1.0,1,1.0
264,14,129.000,439.000,4.000,3.000,1.0,1,1.0
265,14,129.000,438.000,4.000,4.000,1.0,1,1.0
266,14,129.000,438.000,4.000,4.000,1.0,1,1.0
267,14,129.000,438.000,4.000,4.000,1.0,1,1.0
268,14,129.000,439.000,4.000,3.000,1.0,1,1.0
269,14,129.000,438.000,5.000,4.000,1.0,1,1.0
270,14,129.000,438.000,4.000,4.000,1.0,1,1.0
271,14,129.000,438.000,4.000,4.000,1.0,1,1.0
272,14,128.000,438.000,5.000,4.000,1.0,1,1.0
273,14,128.000,438.000,5.000,4.000,1.0,1,1.0
274,14,128.000,438.000,5.000,4.000,1.0,1,1.0
275,14,128.000,438.000,5.000,4.000,1.0,1,1.0
276,14,129.000,438.000,5.000,5.000,1.0,1,1.0
277,14,129.000,438.000,5.000,5.000,1.0,1,1.0
278,14,130.000,438.000,6.000,6.000,1.0,1,1.0
280,14,130.000,437.000,5.000,4.000,1.0,1,1.0
281,14,129.000,437.000,5.000,4.000,1.0,1,1.0
282,14,128.000,437.000,6.000,7.000,1.0,1,1.0
283,14,130.000,439.000,7.000,5.000,1.0,1,1.0
284,14,131.000,439.000,8.000,6.000,1.0,1,1.0
285,14,131.000,439.000,6.000,6.000,1.0,1,1.0
286,14,130.000,439.000,5.000,7.000,1.0,1,1.0
290,14,130.000,439.000,6.000,6.000,1.0,1,1.0
293,14,129.000,440.000,7.000,5.000,1.0,1,1.0
294,14,129.000,440.000,7.000,5.000,1.0,1,1.0
295,14,129.000,440.000,6.000,4.000,1.0,1,1.0
296,14,129.000,439.000,6.000,5.000,1.0,1,1.0
297,14,129.000,440.000,6.000,4.000,1.0,1,1.0
298,14,129.000,439.000,7.000,6.000,1.0,1,1.0
299,14,128.000,439.000,8.000,5.000,1.0,1,1.0
300,14,128.000,439.000,7.000,5.000,1.0,1,1.0
301,14,128.000,439.000,7.000,5.000,1.0,1,1.0
302,14,128.000,440.000,7.000,4.000,1.0,1,1.0
303,14,128.000,439.000,8.000,5.000,1.0,1,1.0
304,14,128.000,439.000,7.000,5.000,1.0,1,1.0
305,14,128.000,439.000,7.000,5.000,1.0,1,1.0
306,14,128.000,439.000,6.000,5.000,1.0,1,1.0
307,14,127.000,439.000,8.000,4.000,1.0,1,1.0
308,14,126.000,439.000,8.000,4.000,1.0,1,1.0
309,14,126.000,440.000,6.000,4.000,1.0,1,1.0
310,14,126.000,439.000,6.000,4.000,1.0,1,1.0
311,14,126.000,439.000,6.000,4.000,1.0,1,1.0
312,14,126.000,439.000,6.000,4.000,1.0,1,1.0
313,14,126.000,440.000,6.000,3.000,1.0,1,1.0
314,14,126.000,440.000,5.000,3.000,1.0,1,1.0
315,14,125.000,440.000,6.000,3.000,1.0,1,1.0
316,14,125.000,440.000,5.000,3.000,1.0,1,1.0
317,14,125.000,440.000,5.000,3.000,1.0,1,1.0
318,14,125.000,440.000,6.000,4.000,1.0,1,1.0
319,14,125.000,439.000,6.000,4.000,1.0,1,1.0
321,14,126.000,439.000,5.000,4.000,1.0,1,1.0
322,14,126.000,439.000,5.000,4.000,1.0,1,1.0
323,14,126.000,439.000,5.000,4.000,1.0,1,1.0
324,14,126.000,439.000,5.000,4.000,1.0,1,1.0
325,14,125.000,439.000,5.000,4.000,1.0,1,1.0
326,14,125.000,439.000,5.000,4.000,1.0,1,1.0
327,14,125.000,439.000,5.000,4.000,1.0,1,1.0
328,14,125.000,439.000,5.000,5.000,1.0,1,1.0
329,14,125.000,439.000,5.000,4.000,1.0,1,1.0
330,14,125.000,439.000,5.000,4.000,1.0,1,1.0
331,14,125.000,439.000,5.000,5.000,1.0,1,1.0
332,14,125.000,439.000,5.000,5.000,1.0,1,1.0
333,14,125.000,439.000,5.000,5.000,1.0,1,1.0
340,14,133.000,439.000,6.000,5.000,1.0,1,1.0
347,14,124.000,427.000,4.000,7.000,1.0,1,1.0
1,9,51.000,403.000,7.000,4.000,1.0,1,1.0
2,9,52.000,402.000,7.000,5.000,1.0,1,1.0
3,9,53.000,402.000,7.000,4.000,1.0,1,1.0
4,9,54.000,402.000,7.000,4.000,1.0,1,1.0
5,9,54.000,402.000,7.000,4.000,1.0,1,1.0
6,9,54.000,402.000,7.000,4.000,1.0,1,1.0
7,9,54.000,402.000,7.000,4.000,1.0,1,1.0
8,9,54.000,400.000,5.000,7.000,1.0,1,1.0
9,9,55.000,398.000,3.000,7.000,1.0,1,1.0
10,9,55.000,395.000,3.000,8.000,1.0,1,1.0
11,9,54.000,391.000,4.000,8.000,1.0,1,1.0
12,9,54.000,388.000,3.000,9.000,1.0,1,1.0
13,9,55.000,386.000,4.000,7.000,1.0,1,1.0
14,9,56.000,383.000,5.000,7.000,1.0,1,1.0
15,9,58.000,380.000,4.000,7.000,1.0,1,1.0
16,9,60.000,376.000,4.000,7.000,1.0,1,1.0
17,9,60.000,372.000,4.000,8.000,1.0,1,1.0
18,9,62.000,369.000,3.000,8.000,1.0,1,1.0
19,9,62.000,366.000,4.000,8.000,1.0,1,1.0
20,9,62.000,364.000,5.000,8.000,1.0,1,1.0
21,9,63.000,362.000,4.000,8.000,1.0,1,1.0
22,9,64.000,359.000,3.000,8.000,1.0,1,1.0
23,9,64.000,355.000,4.000,9.000,1.0,1,1.0
24,9,64.000,352.000,4.000,8.000,1.0,1,1.0
25,9,65.000,349.000,4.000,8.000,1.0,1,1.0
26,9,65.000,346.000,4.000,8.000,1.0,1,1.0
27,9,66.000,342.000,3.000,8.000,1.0,1,1.0
28,9,66.000,337.000,3.000,9.000,1.0,1,1.0
29,9,66.000,333.000,3.000,9.000,1.0,1,1.0
30,9,66.000,329.000,3.000,9.000,1.0,1,1.0
31,9,66.000,325.000,3.000,9.000,1.0,1,1.0
32,9,66.000,322.000,3.000,8.000,1.0,1,1.0
33,9,66.000,318.000,3.000,8.000,1.0,1,1.0
34,9,66.000,314.000,3.000,8.000,1.0,1,1.0
35,9,66.000,310.000,3.000,9.000,1.0,1,1.0
36,9,66.000,307.000,3.000,8.000,1.0,1,1.0
37,9,66.000,304.000,3.000,8.000,1.0,1,1.0
38,9,66.000,300.000,3.000,9.000,1.0,1,1.0
39,9,66.000,296.000,3.000,9.000,1.0,1,1.0
40,9,66.000,292.000,3.000,9.000,1.0,1,1.0
41,9,66.000,289.000,3.000,9.000,1.0,1,1.0
42,9,66.000,286.000,4.000,8.000,1.0,1,1.0
43,9,67.000,282.000,2.000,9.000,1.0,1,1.0
44,9,67.000,280.000,3.000,8.000,1.0,1,1.0
45,9,67.000,276.000,3.000,9.000,1.0,1,1.0
46,9,67.000,273.000,3.000,8.000,1.0,1,1.0
47,9,68.000,269.000,2.000,9.000,1.0,1,1.0
48,9,68.000,266.000,3.000,8.000,1.0,1,1.0
49,9,68.000,262.000,3.000,8.000,1.0,1,1.0
50,9,69.000,258.000,3.000,9.000,1.0,1,1.0
51,9,69.000,254.000,3.000,9.000,1.0,1,1.0
52,9,69.000,250.000,3.000,9.000,1.0,1,1.0
53,9,69.000,247.000,3.000,8.000,1.0,1,1.0
54,9,70.000,243.000,3.000,8.000,1.0,1,1.0
55,9,70.000,239.000,3.000,8.000,1.0,1,1.0
56,9,70.000,235.000,3.000,9.000,1.0,1,1.0
57,9,70.000,232.000,3.000,8.000,1.0,1,1.0
58,9,71.000,228.000,2.000,8.000,1.0,1,1.0
59,9,70.000,225.000,3.000,8.000,1.0,1,1.0
60,9,71.000,221.000,2.000,9.000,1.0,1,1.0
61,9,71.000,218.000,2.000,8.000,1.0,1,1.0
62,9,71.000,215.000,2.000,8.000,1.0,1,1.0
63,9,71.000,212.000,2.000,8.000,1.0,1,1.0
64,9,71.000,209.000,2.000,8.000,1.0,1,1.0
65,9,71.000,207.000,3.000,7.000,1.0,1,1.0
66,9,72.000,205.000,2.000,7.000,1.0,1,1.0
67,9,72.000,203.000,2.000,7.000,1.0,1,1.0
68,9,72.000,202.000,3.000,6.000,1.0,1,1.0
69,9,73.000,200.000,2.000,6.000,1.0,1,1.0
70,9,73.000,198.000,2.000,7.000,1.0,1,1.0
71,9,73.000,197.000,2.000,6.000,1.0,1,1.0
72,9,72.000,195.000,3.000,7.000,1.0,1,1.0
73,9,71.000,195.000,4.000,6.000,1.0,1,1.0
74,9,71.000,193.000,3.000,6.000,1.0,1,1.0
75,9,69.000,192.000,4.000,6.000,1.0,1,1.0
76,9,67.000,191.000,5.000,5.000,1.0,1,1.0
77,9,65.000,190.000,6.000,5.000,1.0,1,1.0
78,9,64.000,188.000,6.000,6.000,1.0,1,1.0
79,9,62.000,187.000,6.000,5.000,1.0,1,1.0
80,9,60.000,185.000,7.000,6.000,1.0,1,1.0
81,9,58.000,184.000,7.000,6.000,1.0,1,1.0
82,9,57.000,183.000,7.000,6.000,1.0,1,1.0
83,9,56.000,182.000,6.000,6.000,1.0,1,1.0
84,9,55.000,181.000,7.000,7.000,1.0,1,1.0
85,9,55.000,180.000,7.000,7.000,1.0,1,1.0
86,9,54.000,178.000,6.000,8.000,1.0,1,1.0
87,9,54.000,176.000,5.000,8.000,1.0,1,1.0
88,9,53.000,175.000,5.000,7.000,1.0,1,1.0
89,9,53.000,173.000,5.000,7.000,1.0,1,1.0
90,9,52.000,171.000,5.000,8.000,1.0,1,1.0
91,9,51.000,170.000,6.000,8.000,1.0,1,1.0
92,9,51.000,169.000,5.000,8.000,1.0,1,1.0
93,9,50.000,168.000,5.000,8.000,1.0,1,1.0
94,9,48.000,166.000,6.000,8.000,1.0,1,1.0
95,9,46.000,165.000,7.000,7.000,1.0,1,1.0
96,9,44.000,165.000,7.000,6.000,1.0,1,1.0
97,9,42.000,165.000,8.000,5.000,1.0,1,1.0
98,9,42.000,165.000,8.000,5.000,1.0,1,1.0
99,9,42.000,165.000,8.000,5.000,1.0,1,1.0
100,9,42.000,165.000,8.000,5.000,1.0,1,1.0
101,9,42.000,165.000,8.000,5.000,1.0,1,1.0
102,9,43.000,165.000,7.000,5.000,1.0,1,1.0
103,9,43.000,165.000,7.000,5.000,1.0,1,1.0
104,9,43.000,165.000,8.000,5.000,1.0,1,1.0
105,9,43.000,165.000,8.000,5.000,1.0,1,1.0
106,9,43.000,164.000,7.000,6.000,1.0,1,1.0
107,9,43.000,164.000,7.000,6.000,1.0,1,1.0
108,9,42.000,163.000,7.000,5.000,1.0,1,1.0
109,9,37.000,153.000,3.000,7.000,1.0,1,1.0
110,9,33.000,140.000,4.000,8.000,1.0,1,1.0
111,9,34.000,140.000,3.000,8.000,1.0,1,1.0
112,9,34.000,139.000,3.000,8.000,1.0,1,1.0
113,9,34.000,139.000,3.000,8.000,1.0,1,1.0
114,9,34.000,139.000,3.000,8.000,1.0,1,1.0
115,9,34.000,139.000,3.000,8.000,1.0,1,1.0
116,9,34.000,139.000,3.000,8.000,1.0,1,1.0
117,9,33.000,138.000,4.000,8.000,1.0,1,1.0
118,9,31.000,137.000,6.000,7.000,1.0,1,1.0
119,9,29.000,136.000,6.000,7.000,1.0,1,1.0
120,9,27.000,135.000,6.000,6.000,1.0,1,1.0
121,9,25.000,134.000,6.000,6.000,1.0,1,1.0
122,9,23.000,132.000,7.000,6.000,1.0,1,1.0
123,9,21.000,131.000,6.000,6.000,1.0,1,1.0
124,9,19.000,129.000,6.000,6.000,1.0,1,1.0
125,9,17.000,128.000,6.000,6.000,1.0,1,1.0
126,9,16.000,126.000,5.000,6.000,1.0,1,1.0
127,9,14.000,125.000,6.000,6.000,1.0,1,1.0
128,9,12.000,124.000,6.000,6.000,1.0,1,1.0
129,9,11.000,123.000,7.000,7.000,1.0,1,1.0
162,9,11.000,43.000,6.000,11.000,1.0,1,1.0
163,9,12.000,42.000,5.000,9.000,1.0,1,1.0
164,9,13.000,41.000,5.000,8.000,1.0,1,1.0
165,9,14.000,38.000,4.000,8.000,1.0,1,1.0
166,9,15.000,37.000,4.000,7.000,1.0,1,1.0
167,9,16.000,34.000,4.000,8.000,1.0,1,1.0
168,9,17.000,33.000,4.000,8.000,1.0,1,1.0
169,9,18.000,31.000,4.000,8.000,1.0,1,1.0
170,9,20.000,30.000,5.000,7.000,1.0,1,1.0
171,9,21.000,29.000,6.000,6.000,1.0,1,1.0
172,9,23.000,28.000,7.000,6.000,1.0,1,1.0
173,9,25.000,27.000,6.000,6.000,1.0,1,1.0
174,9,27.000,26.000,6.000,5.000,1.0,1,1.0
175,9,28.000,26.000,7.000,5.000,1.0,1,1.0
176,9,29.000,26.000,7.000,4.000,1.0,1,1.0
177,9,30.000,26.000,8.000,4.000,1.0,1,1.0
178,9,32.000,26.000,8.000,4.000,1.0,1,1.0
179,9,34.000,26.000,8.000,4.000,1.0,1,1.0
180,9,35.000,26.000,8.000,4.000,1.0,1,1.0
181,9,37.000,26.000,8.000,3.000,1.0,1,1.0
182,9,39.000,25.000,8.000,4.000,1.0,1,1.0
183,9,40.000,25.000,8.000,4.000,1.0,1,1.0
184,9,42.000,26.000,8.000,4.000,1.0,1,1.0
185,9,43.000,27.000,8.000,3.000,1.0,1,1.0
186,9,45.000,28.000,8.000,3.000,1.0,1,1.0
187,9,47.000,29.000,8.000,3.000,1.0,1,1.0
188,9,49.000,29.000,7.000,4.000,1.0,1,1.0
189,9,51.000,29.000,7.000,4.000,1.0,1,1.0
190,9,53.000,29.000,7.000,4.000,1.0,1,1.0
191,9,54.000,29.000,8.000,4.000,1.0,1,1.0
192,9,56.000,29.000,8.000,3.000,1.0,1,1.0
193,9,58.000,27.000,7.000,4.000,1.0,1,1.0
194,9,59.000,26.000,7.000,5.000,1.0,1,1.0
195,9,60.000,24.000,5.000,7.000,1.0,1,1.0
196,9,61.000,24.000,4.000,7.000,1.0,1,1.0
197,9,62.000,24.000,4.000,6.000,1.0,1,1.0
198,9,63.000,23.000,3.000,6.000,1.0,1,1.0
199,9,63.000,22.000,3.000,7.000,1.0,1,1.0
200,9,64.000,21.000,3.000,6.000,1.0,1,1.0
201,9,63.000,19.000,4.000,8.000,1.0,1,1.0
202,9,63.000,18.000,4.000,7.000,1.0,1,1.0
203,9,62.000,18.000,6.000,8.000,1.0,1,1.0
266,9,25.000,33.000,6.000,5.000,1.0,1,1.0
267,9,19.000,42.000,3.000,8.000,1.0,1,1.0
268,9,19.000,42.000,3.000,8.000,1.0,1,1.0
269,9,19.000,42.000,3.000,8.000,1.0,1,1.0
270,9,19.000,41.000,3.000,9.000,1.0,1,1.0
271,9,19.000,41.000,3.000,8.000,1.0,1,1.0
272,9,19.000,39.000,4.000,9.000,1.0,1,1.0
273,9,20.000,38.000,3.000,9.000,1.0,1,1.0
274,9,20.000,37.000,3.000,9.000,1.0,1,1.0
275,9,19.000,36.000,4.000,8.000,1.0,1,1.0
276,9,19.000,34.000,3.000,9.000,1.0,1,1.0
277,9,18.000,32.000,4.000,8.000,1.0,1,1.0
278,9,17.000,31.000,4.000,7.000,1.0,1,1.0
279,9,16.000,30.000,4.000,7.000,1.0,1,1.0
280,9,15.000,29.000,5.000,7.000,1.0,1,1.0
281,9,15.000,28.000,4.000,8.000,1.0,1,1.0
282,9,15.000,29.000,4.000,7.000,1.0,1,1.0
283,9,15.000,28.000,4.000,8.000,1.0,1,1.0
284,9,15.000,29.000,4.000,7.000,1.0,1,1.0
285,9,15.000,28.000,4.000,8.000,1.0,1,1.0
286,9,14.000,28.000,5.000,8.000,1.0,1,1.0
287,9,14.000,28.000,5.000,7.000,1.0,1,1.0
288,9,14.000,28.000,5.000,7.000,1.0,1,1.0
289,9,13.000,28.000,6.000,7.000,1.0,1,1.0
290,9,13.000,28.000,6.000,7.000,1.0,1,1.0
291,9,12.000,27.000,6.000,7.000,1.0,1,1.0
292,9,12.000,27.000,6.000,7.000,1.0,1,1.0
293,9,12.000,27.000,6.000,7.000,1.0,1,1.0
294,9,12.000,27.000,6.000,7.000,1.0,1,1.0
295,9,12.000,28.000,7.000,6.000,1.0,1,1.0
296,9,13.000,28.000,6.000,6.000,1.0,1,1.0
297,9,30.000,22.000,6.000,5.000,1.0,1,1.0
1,40,618.000,445.000,6.000,3.000,1.0,1,1.0
2,40,618.000,445.000,6.000,3.000,1.0,1,1.0
3,40,618.000,445.000,6.000,3.000,1.0,1,1.0
4,40,618.000,444.000,6.000,4.000,1.0,1,1.0
5,40,618.000,444.000,6.000,3.000,1.0,1,1.0
6,40,618.000,444.000,6.000,3.000,1.0,1,1.0
7,40,619.000,444.000,7.000,3.000,1.0,1,1.0
8,40,618.000,444.000,8.000,3.000,1.0,1,1.0
9,40,620.000,444.000,7.000,4.000,1.0,1,1.0
10,40,620.000,444.000,7.000,4.000,1.0,1,1.0
11,40,619.000,444.000,7.000,4.000,1.0,1,1.0
12,40,619.000,445.000,7.000,3.000,1.0,1,1.0
13,40,619.000,445.000,7.000,3.000,1.0,1,1.0
14,40,619.000,445.000,7.000,3.000,1.0,1,1.0
15,40,619.000,445.000,7.000,3.000,1.0,1,1.0
16,40,619.000,445.000,7.000,3.000,1.0,1,1.0
17,40,619.000,444.000,7.000,3.000,1.0,1,1.0
18,40,619.000,444.000,7.000,3.000,1.0,1,1.0
19,40,619.000,444.000,7.000,3.000,1.0,1,1.0
20,40,619.000,444.000,7.000,3.000,1.0,1,1.0
21,40,619.000,444.000,7.000,3.000,1.0,1,1.0
22,40,619.000,444.000,7.000,3.000,1.0,1,1.0
23,40,619.000,444.000,7.000,3.000,1.0,1,1.0
24,40,619.000,443.000,7.000,4.000,1.0,1,1.0
25,40,619.000,443.000,7.000,4.000,1.0,1,1.0
26,40,620.000,443.000,6.000,4.000,1.0,1,1.0
27,40,620.000,443.000,7.000,3.000,1.0,1,1.0
28,40,621.000,442.000,6.000,4.000,1.0,1,1.0
29,40,622.000,442.000,6.000,5.000,1.0,1,1.0
30,40,625.000,443.000,5.000,4.000,1.0,1,1.0
31,40,625.000,442.000,6.000,4.000,1.0,1,1.0
32,40,624.000,442.000,5.000,4.000,1.0,1,1.0
33,40,623.000,443.000,6.000,3.000,1.0,1,1.0
37,40,625.000,442.000,9.000,3.000,1.0,1,1.0
38,40,624.000,442.000,10.000,3.000,1.0,1,1.0
39,40,625.000,441.000,8.000,4.000,1.0,1,1.0
40,40,625.000,441.000,8.000,4.000,1.0,1,1.0
41,40,625.000,441.000,8.000,4.000,1.0,1,1.0
42,40,625.000,440.000,8.000,5.000,1.0,1,1.0
43,40,626.000,440.000,7.000,5.000,1.0,1,1.0
44,40,626.000,439.000,6.000,5.000,1.0,1,1.0
45,40,626.000,439.000,7.000,5.000,1.0,1,1.0
46,40,626.000,439.000,7.000,5.000,1.0,1,1.0
47,40,626.000,437.000,8.000,7.000,1.0,1,1.0
48,40,627.000,438.000,6.000,6.000,1.0,1,1.0
49,40,627.000,435.000,6.000,8.000,1.0,1,1.0
50,40,628.000,436.000,5.000,7.000,1.0,1,1.0
51,40,628.000,436.000,5.000,7.000,1.0,1,1.0
52,40,628.000,435.000,5.000,7.000,1.0,1,1.0
53,40,628.000,435.000,5.000,7.000,1.0,1,1.0
54,40,629.000,434.000,5.000,7.000,1.0,1,1.0
55,40,629.000,434.000,4.000,7.000,1.0,1,1.0
56,40,629.000,434.000,4.000,7.000,1.0,1,1.0
57,40,630.000,433.000,4.000,7.000,1.0,1,1.0
58,40,630.000,433.000,4.000,7.000,1.0,1,1.0
59,40,630.000,432.000,4.000,8.000,1.0,1,1.0
60,40,630.000,432.000,4.000,8.000,1.0,1,1.0
61,40,629.000,432.000,5.000,7.000,1.0,1,1.0
62,40,629.000,432.000,5.000,7.000,1.0,1,1.0
63,40,630.000,431.000,4.000,7.000,1.0,1,1.0
64,40,630.000,430.000,4.000,8.000,1.0,1,1.0
65,40,630.000,430.000,4.000,8.000,1.0,1,1.0
66,40,630.000,429.000,4.000,8.000,1.0,1,1.0
67,40,631.000,429.000,4.000,8.000,1.0,1,1.0
68,40,631.000,428.000,4.000,8.000,1.0,1,1.0
69,40,631.000,428.000,4.000,7.000,1.0,1,1.0
70,40,631.000,428.000,4.000,7.000,1.0,1,1.0
71,40,631.000,427.000,4.000,8.000,1.0,1,1.0
72,40,631.000,427.000,4.000,7.000,1.0,1,1.0
73,40,631.000,426.000,5.000,8.000,1.0,1,1.0
74,40,630.000,426.000,4.000,8.000,1.0,1,1.0
75,40,630.000,425.000,4.000,8.000,1.0,1,1.0
76,40,631.000,424.000,3.000,8.000,1.0,1,1.0
77,40,631.000,424.000,4.000,7.000,1.0,1,1.0
78,40,631.000,423.000,4.000,7.000,1.0,1,1.0
79,40,632.000,422.000,3.000,8.000,1.0,1,1.0
80,40,632.000,422.000,3.000,8.000,1.0,1,1.0
81,40,630.000,427.000,5.000,7.000,1.0,1,1.0
93,40,638.000,442.000,7.000,4.000,1.0,1,1.0
94,40,639.000,441.000,6.000,5.000,1.0,1,1.0
95,40,639.000,441.000,6.000,4.000,1.0,1,1.0
96,40,639.000,440.000,6.000,5.000,1.0,1,1.0
97,40,639.000,439.000,6.000,6.000,1.0,1,1.0
98,40,639.000,439.000,5.000,6.000,1.0,1,1.0
99,40,639.000,439.000,5.000,6.000,1.0,1,1.0
100,40,639.000,439.000,5.000,6.000,1.0,1,1.0
101,40,639.000,439.000,5.000,6.000,1.0,1,1.0
102,40,639.000,438.000,5.000,7.000,1.0,1,1.0
103,40,640.000,438.000,4.000,7.000,1.0,1,1.0
104,40,639.000,438.000,5.000,7.000,1.0,1,1.0
105,40,639.000,438.000,5.000,7.000,1.0,1,1.0
106,40,639.000,438.000,5.000,7.000,1.0,1,1.0
107,40,639.000,438.000,5.000,7.000,1.0,1,1.0
108,40,639.000,438.000,5.000,7.000,1.0,1,1.0
109,40,639.000,438.000,5.000,7.000,1.0,1,1.0
110,40,638.000,438.000,6.000,7.000,1.0,1,1.0
111,40,637.000,438.000,8.000,8.000,1.0,1,1.0
112,40,639.000,438.000,6.000,7.000,1.0,1,1.0
113,40,638.000,438.000,7.000,7.000,1.0,1,1.0
114,40,639.000,438.000,6.000,8.000,1.0,1,1.0
115,40,639.000,438.000,5.000,7.000,1.0,1,1.0
116,40,639.000,438.000,5.000,8.000,1.0,1,1.0
117,40,639.000,438.000,5.000,8.000,1.0,1,1.0
118,40,639.000,438.000,5.000,8.000,1.0,1,1.0
119,40,638.000,436.000,5.000,10.000,1.0,1,1.0
120,40,639.000,437.000,4.000,8.000,1.0,1,1.0
121,40,639.000,436.000,4.000,8.000,1.0,1,1.0
122,40,639.000,436.000,4.000,8.000,1.0,1,1.0
123,40,639.000,436.000,4.000,7.000,1.0,1,1.0
124,40,639.000,435.000,4.000,8.000,1.0,1,1.0
125,40,640.000,434.000,3.000,8.000,1.0,1,1.0
126,40,640.000,433.000,4.000,9.000,1.0,1,1.0
127,40,640.000,433.000,4.000,9.000,1.0,1,1.0
128,40,640.000,433.000,4.000,9.000,1.0,1,1.0
129,40,640.000,433.000,4.000,9.000,1.0,1,1.0
130,40,640.000,433.000,4.000,8.000,1.0,1,1.0
131,40,640.000,433.000,4.000,9.000,1.0,1,1.0
132,40,640.000,433.000,4.000,9.000,1.0,1,1.0
133,40,640.000,434.000,4.000,8.000,1.0,1,1.0
134,40,640.000,434.000,4.000,8.000,1.0,1,1.0
135,40,640.000,433.000,4.000,9.000,1.0,1,1.0
136,40,640.000,433.000,5.000,9.000,1.0,1,1.0
137,40,640.000,433.000,5.000,9.000,1.0,1,1.0
138,40,640.000,433.000,4.000,9.000,1.0,1,1.0
139,40,640.000,433.000,4.000,9.000,1.0,1,1.0
140,40,640.000,433.000,4.000,9.000,1.0,1,1.0
141,40,640.000,433.000,4.000,9.000,1.0,1,1.0
142,40,640.000,433.000,4.000,9.000,1.0,1,1.0
143,40,640.000,433.000,4.000,9.000,1.0,1,1.0
144,40,640.000,434.000,4.000,8.000,1.0,1,1.0
145,40,640.000,434.000,4.000,8.000,1.0,1,1.0
146,40,640.000,434.000,4.000,8.000,1.0,1,1.0
147,40,640.000,434.000,4.000,8.000,1.0,1,1.0
148,40,640.000,434.000,4.000,8.000,1.0,1,1.0
149,40,640.000,434.000,4.000,8.000,1.0,1,1.0
150,40,640.000,434.000,4.000,8.000,1.0,1,1.0
151,40,640.000,434.000,4.000,8.000,1.0,1,1.0
152,40,640.000,434.000,3.000,8.000,1.0,1,1.0
153,40,640.000,434.000,4.000,8.000,1.0,1,1.0
154,40,640.000,433.000,4.000,8.000,1.0,1,1.0
155,40,640.000,433.000,4.000,8.000,1.0,1,1.0
156,40,640.000,432.000,4.000,8.000,1.0,1,1.0
157,40,640.000,431.000,4.000,8.000,1.0,1,1.0
158,40,640.000,430.000,4.000,8.000,1.0,1,1.0
159,40,640.000,430.000,4.000,8.000,1.0,1,1.0
160,40,640.000,430.000,4.000,8.000,1.0,1,1.0
161,40,641.000,429.000,3.000,9.000,1.0,1,1.0
162,40,641.000,429.000,3.000,8.000,1.0,1,1.0
163,40,641.000,429.000,3.000,8.000,1.0,1,1.0
164,40,640.000,428.000,4.000,9.000,1.0,1,1.0
165,40,640.000,427.000,4.000,8.000,1.0,1,1.0
166,40,640.000,427.000,4.000,8.000,1.0,1,1.0
167,40,641.000,426.000,3.000,8.000,1.0,1,1.0
168,40,640.000,427.000,4.000,9.000,1.0,1,1.0
172,40,633.000,444.000,6.000,4.000,1.0,1,1.0
173,40,635.000,443.000,5.000,5.000,1.0,1,1.0
174,40,635.000,443.000,5.000,6.000,1.0,1,1.0
175,40,632.000,443.000,7.000,5.000,1.0,1,1.0
176,40,632.000,442.000,7.000,4.000,1.0,1,1.0
178,40,631.000,443.000,7.000,4.000,1.0,1,1.0
180,40,631.000,443.000,7.000,4.000,1.0,1,1.0
185,40,631.000,444.000,8.000,4.000,1.0,1,1.0
186,40,631.000,444.000,7.000,4.000,1.0,1,1.0
187,40,631.000,444.000,6.000,4.000,1.0,1,1.0
188,40,631.000,444.000,5.000,4.000,1.0,1,1.0
189,40,631.000,443.000,5.000,4.000,1.0,1,1.0
190,40,631.000,443.000,5.000,4.000,1.0,1,1.0
191,40,630.000,443.000,5.000,4.000,1.0,1,1.0
192,40,630.000,442.000,5.000,5.000,1.0,1,1.0
193,40,630.000,442.000,4.000,5.000,1.0,1,1.0
194,40,629.000,442.000,5.000,4.000,1.0,1,1.0
195,40,628.000,442.000,5.000,4.000,1.0,1,1.0
196,40,628.000,442.000,5.000,4.000,1.0,1,1.0
197,40,627.000,442.000,5.000,4.000,1.0,1,1.0
198,40,627.000,442.000,5.000,4.000,1.0,1,1.0
199,40,627.000,442.000,5.000,4.000,1.0,1,1.0
200,40,627.000,442.000,5.000,3.000,1.0,1,1.0
201,40,627.000,442.000,5.000,4.000,1.0,1,1.0
202,40,627.000,442.000,5.000,4.000,1.0,1,1.0
203,40,627.000,442.000,5.000,4.000,1.0,1,1.0
204,40,627.000,442.000,5.000,4.000,1.0,1,1.0
205,40,627.000,442.000,5.000,4.000,1.0,1,1.0
206,40,627.000,442.000,5.000,4.000,1.0,1,1.0
207,40,627.000,442.000,5.000,4.000,1.0,1,1.0
208,40,627.000,442.000,5.000,4.000,1.0,1,1.0
209,40,627.000,442.000,5.000,4.000,1.0,1,1.0
210,40,627.000,442.000,5.000,4.000,1.0,1,1.0
211,40,627.000,442.000,5.000,4.000,1.0,1,1.0
212,40,628.000,442.000,4.000,3.000,1.0,1,1.0
213,40,628.000,442.000,4.000,3.000,1.0,1,1.0
214,40,628.000,442.000,4.000,4.000,1.0,1,1.0
215,40,628.000,442.000,4.000,4.000,1.0,1,1.0
216,40,628.000,442.000,4.000,4.000,1.0,1,1.0
217,40,628.000,441.000,4.000,5.000,1.0,1,1.0
218,40,627.000,440.000,3.000,5.000,1.0,1,1.0
219,40,626.000,442.000,4.000,4.000,1.0,1,1.0
220,40,625.000,441.000,4.000,5.000,1.0,1,1.0
221,40,625.000,441.000,4.000,5.000,1.0,1,1.0
222,40,625.000,442.000,4.000,4.000,1.0,1,1.0
223,40,624.000,442.000,5.000,4.000,1.0,1,1.0
224,40,624.000,442.000,5.000,3.000,1.0,1,1.0
225,40,624.000,442.000,5.000,3.000,1.0,1,1.0
226,40,624.000,442.000,5.000,4.000,1.0,1,1.0
227,40,620.000,433.000,6.000,5.000,1.0,1,1.0
228,40,614.000,441.000,6.000,4.000,1.0,1,1.0
229,40,614.000,442.000,6.000,4.000,1.0,1,1.0
230,40,614.000,442.000,6.000,4.000,1.0,1,1.0
231,40,614.000,442.000,6.000,4.000,1.0,1,1.0
232,40,614.000,442.000,6.000,4.000,1.0,1,1.0
233,40,614.000,442.000,6.000,3.000,1.0,1,1.0
234,40,614.000,442.000,6.000,3.000,1.0,1,1.0
235,40,614.000,440.000,6.000,6.000,1.0,1,1.0
236,40,614.000,440.000,6.000,6.000,1.0,1,1.0
237,40,614.000,439.000,5.000,7.000,1.0,1,1.0
238,40,614.000,439.000,5.000,7.000,1.0,1,1.0
239,40,614.000,439.000,5.000,7.000,1.0,1,1.0
240,40,614.000,438.000,5.000,8.000,1.0,1,1.0
241,40,614.000,438.000,5.000,7.000,1.0,1,1.0
242,40,614.000,438.000,5.000,7.000,1.0,1,1.0
243,40,614.000,438.000,5.000,7.000,1.0,1,1.0
244,40,614.000,438.000,5.000,7.000,1.0,1,1.0
245,40,614.000,438.000,5.000,7.000,1.0,1,1.0
246,40,614.000,438.000,5.000,7.000,1.0,1,1.0
247,40,614.000,438.000,5.000,7.000,1.0,1,1.0
248,40,614.000,438.000,5.000,7.000,1.0,1,1.0
249,40,614.000,438.000,5.000,7.000,1.0,1,1.0
250,40,614.000,438.000,5.000,7.000,1.0,1,1.0
251,40,614.000,438.000,5.000,7.000,1.0,1,1.0
252,40,614.000,438.000,5.000,7.000,1.0,1,1.0
253,40,614.000,438.000,5.000,7.000,1.0,1,1.0
254,40,614.000,438.000,5.000,7.000,1.0,1,1.0
255,40,614.000,438.000,5.000,7.000,1.0,1,1.0
256,40,614.000,438.000,4.000,7.000,1.0,1,1.0
257,40,614.000,438.000,5.000,7.000,1.0,1,1.0
258,40,614.000,439.000,4.000,6.000,1.0,1,1.0
259,40,614.000,438.000,5.000,7.000,1.0,1,1.0
260,40,614.000,438.000,5.000,7.000,1.0,1,1.0
261,40,614.000,438.000,4.000,7.000,1.0,1,1.0
262,40,614.000,439.000,4.000,6.000,1.0,1,1.0
263,40,614.000,438.000,5.000,7.000,1.0,1,1.0
264,40,614.000,439.000,4.000,6.000,1.0,1,1.0
265,40,614.000,439.000,5.000,6.000,1.0,1,1.0
266,40,614.000,438.000,5.000,7.000,1.0,1,1.0
267,40,614.000,439.000,5.000,6.000,1.0,1,1.0
268,40,614.000,439.000,5.000,6.000,1.0,1,1.0
269,40,614.000,439.000,5.000,6.000,1.0,1,1.0
270,40,614.000,439.000,5.000,6.000,1.0,1,1.0
271,40,614.000,439.000,5.000,6.000,1.0,1,1.0
272,40,614.000,439.000,5.000,6.000,1.0,1,1.0
273,40,614.000,438.000,5.000,7.000,1.0,1,1.0
274,40,614.000,439.000,5.000,6.000,1.0,1,1.0
275,40,614.000,439.000,5.000,6.000,1.0,1,1.0
276,40,614.000,439.000,5.000,6.000,1.0,1,1.0
277,40,614.000,440.000,6.000,6.000,1.0,1,1.0
278,40,614.000,440.000,6.000,6.000,1.0,1,1.0
279,40,613.000,441.000,7.000,4.000,1.0,1,1.0
280,40,614.000,442.000,6.000,3.000,1.0,1,1.0
281,40,615.000,441.000,6.000,4.000,1.0,1,1.0
282,40,615.000,442.000,6.000,3.000,1.0,1,1.0
283,40,616.000,441.000,6.000,4.000,1.0,1,1.0
284,40,616.000,442.000,6.000,3.000,1.0,1,1.0
285,40,616.000,442.000,6.000,3.000,1.0,1,1.0
286,40,617.000,442.000,5.000,3.000,1.0,1,1.0
287,40,617.000,442.000,5.000,3.000,1.0,1,1.0
288,40,617.000,442.000,5.000,3.000,1.0,1,1.0
289,40,618.000,442.000,4.000,3.000,1.0,1,1.0
290,40,618.000,442.000,4.000,3.000,1.0,1,1.0
291,40,618.000,442.000,4.000,3.000,1.0,1,1.0
292,40,619.000,441.000,3.000,4.000,1.0,1,1.0
293,40,619.000,441.000,3.000,3.000,1.0,1,1.0
294,40,619.000,441.000,4.000,3.000,1.0,1,1.0
295,40,619.000,441.000,4.000,3.000,1.0,1,1.0
296,40,619.000,441.000,4.000,3.000,1.0,1,1.0
297,40,620.000,441.000,4.000,3.000,1.0,1,1.0
298,40,620.000,441.000,4.000,3.000,1.0,1,1.0
299,40,620.000,440.000,5.000,4.000,1.0,1,1.0
300,40,621.000,440.000,4.000,4.000,1.0,1,1.0
301,40,621.000,441.000,4.000,3.000,1.0,1,1.0
302,40,621.000,440.000,4.000,4.000,1.0,1,1.0
303,40,620.000,441.000,5.000,3.000,1.0,1,1.0
304,40,620.000,440.000,5.000,4.000,1.0,1,1.0
305,40,620.000,441.000,5.000,3.000,1.0,1,1.0
306,40,620.000,440.000,5.000,4.000,1.0,1,1.0
307,40,620.000,441.000,5.000,3.000,1.0,1,1.0
308,40,620.000,441.000,5.000,3.000,1.0,1,1.0
309,40,621.000,441.000,4.000,3.000,1.0,1,1.0
310,40,620.000,440.000,5.000,4.000,1.0,1,1.0
311,40,621.000,441.000,4.000,3.000,1.0,1,1.0
312,40,621.000,441.000,4.000,3.000,1.0,1,1.0
313,40,621.000,441.000,4.000,3.000,1.0,1,1.0
314,40,621.000,441.000,4.000,3.000,1.0,1,1.0
315,40,621.000,441.000,4.000,3.000,1.0,1,1.0
316,40,620.000,441.000,5.000,4.000,1.0,1,1.0
317,40,620.000,441.000,4.000,3.000,1.0,1,1.0
318,40,636.000,441.000,7.000,4.000,1.0,1,1.0
319,40,635.000,441.000,5.000,3.000,1.0,1,1.0
320,40,633.000,441.000,6.000,3.000,1.0,1,1.0
321,40,633.000,441.000,6.000,3.000,1.0,1,1.0
322,40,633.000,441.000,6.000,3.000,1.0,1,1.0
323,40,633.000,440.000,6.000,3.000,1.0,1,1.0
324,40,632.000,440.000,6.000,3.000,1.0,1,1.0
325,40,632.000,440.000,5.000,3.000,1.0,1,1.0
326,40,631.000,440.000,5.000,3.000,1.0,1,1.0
327,40,631.000,440.000,5.000,3.000,1.0,1,1.0
328,40,631.000,440.000,4.000,3.000,1.0,1,1.0
329,40,631.000,440.000,4.000,3.000,1.0,1,1.0
330,40,631.000,440.000,4.000,3.000,1.0,1,1.0
331,40,625.000,430.000,5.000,6.000,1.0,1,1.0
332,40,618.000,409.000,4.000,6.000,1.0,1,1.0
333,40,619.000,385.000,4.000,6.000,1.0,1,1.0
334,40,623.000,364.000,3.000,8.000,1.0,1,1.0
335,40,625.000,349.000,3.000,5.000,1.0,1,1.0
336,40,632.000,345.000,5.000,5.000,1.0,1,1.0
337,40,632.000,346.000,5.000,4.000,1.0,1,1.0
338,40,617.000,353.000,3.000,6.000,1.0,1,1.0
339,40,631.000,374.000,5.000,5.000,1.0,1,1.0
340,40,635.000,389.000,6.000,5.000,1.0,1,1.0
341,40,644.000,393.000,4.000,6.000,1.0,1,1.0
342,40,658.000,404.000,7.000,5.000,1.0,1,1.0
356,40,673.000,406.000,3.000,8.000,1.0,1,1.0
357,40,668.000,383.000,4.000,6.000,1.0,1,1.0
358,40,661.000,394.000,6.000,3.000,1.0,1,1.0
359,40,665.000,412.000,7.000,6.000,1.0,1,1.0
1,26,290.000,440.000,8.000,4.000,1.0,1,1.0
2,26,291.000,441.000,9.000,4.000,1.0,1,1.0
3,26,292.000,441.000,8.000,4.000,1.0,1,1.0
5,26,266.000,388.000,7.000,9.000,1.0,1,1.0
6,26,262.000,358.000,5.000,4.000,1.0,1,1.0
7,26,272.000,363.000,6.000,4.000,1.0,1,1.0
8,26,256.000,377.000,5.000,5.000,1.0,1,1.0
9,26,263.000,396.000,7.000,5.000,1.0,1,1.0
10,26,291.000,413.000,9.000,5.000,1.0,1,1.0
11,26,299.000,414.000,5.000,8.000,1.0,1,1.0
12,26,299.000,413.000,5.000,8.000,1.0,1,1.0
13,26,300.000,413.000,4.000,7.000,1.0,1,1.0
14,26,299.000,412.000,6.000,7.000,1.0,1,1.0
15,26,300.000,411.000,5.000,7.000,1.0,1,1.0
16,26,301.000,410.000,4.000,7.000,1.0,1,1.0
17,26,301.000,409.000,5.000,7.000,1.0,1,1.0
18,26,302.000,407.000,4.000,7.000,1.0,1,1.0
19,26,303.000,405.000,4.000,8.000,1.0,1,1.0
20,26,303.000,404.000,5.000,8.000,1.0,1,1.0
21,26,304.000,402.000,4.000,8.000,1.0,1,1.0
22,26,304.000,402.000,5.000,7.000,1.0,1,1.0
23,26,304.000,402.000,5.000,7.000,1.0,1,1.0
24,26,305.000,401.000,4.000,7.000,1.0,1,1.0
25,26,305.000,399.000,3.000,8.000,1.0,1,1.0
26,26,305.000,398.000,3.000,7.000,1.0,1,1.0
27,26,305.000,396.000,4.000,8.000,1.0,1,1.0
28,26,305.000,394.000,4.000,8.000,1.0,1,1.0
29,26,305.000,391.000,3.000,9.000,1.0,1,1.0
30,26,305.000,390.000,3.000,8.000,1.0,1,1.0
31,26,304.000,387.000,4.000,8.000,1.0,1,1.0
32,26,304.000,385.000,4.000,9.000,1.0,1,1.0
33,26,304.000,383.000,4.000,8.000,1.0,1,1.0
34,26,303.000,380.000,4.000,8.000,1.0,1,1.0
35,26,302.000,379.000,4.000,7.000,1.0,1,1.0
36,26,301.000,377.000,5.000,8.000,1.0,1,1.0
37,26,298.000,374.000,6.000,8.000,1.0,1,1.0
38,26,299.000,373.000,5.000,9.000,1.0,1,1.0
39,26,298.000,372.000,6.000,9.000,1.0,1,1.0
40,26,299.000,372.000,4.000,9.000,1.0,1,1.0
41,26,298.000,371.000,5.000,8.000,1.0,1,1.0
42,26,298.000,371.000,5.000,8.000,1.0,1,1.0
43,26,298.000,369.000,6.000,9.000,1.0,1,1.0
44,26,300.000,368.000,6.000,6.000,1.0,1,1.0
45,26,301.000,367.000,6.000,5.000,1.0,1,1.0
46,26,303.000,366.000,6.000,5.000,1.0,1,1.0
47,26,305.000,366.000,5.000,4.000,1.0,1,1.0
48,26,306.000,366.000,5.000,4.000,1.0,1,1.0
49,26,307.000,366.000,5.000,4.000,1.0,1,1.0
50,26,308.000,366.000,5.000,4.000,1.0,1,1.0
51,26,309.000,366.000,5.000,4.000,1.0,1,1.0
52,26,310.000,366.000,4.000,4.000,1.0,1,1.0
53,26,310.000,366.000,4.000,4.000,1.0,1,1.0
54,26,311.000,365.000,4.000,4.000,1.0,1,1.0
55,26,312.000,365.000,3.000,4.000,1.0,1,1.0
56,26,312.000,364.000,4.000,4.000,1.0,1,1.0
57,26,313.000,364.000,3.000,4.000,1.0,1,1.0
58,26,313.000,363.000,3.000,4.000,1.0,1,1.0
59,26,313.000,362.000,4.000,4.000,1.0,1,1.0
60,26,313.000,361.000,4.000,4.000,1.0,1,1.0
61,26,313.000,360.000,3.000,4.000,1.0,1,1.0
62,26,313.000,359.000,3.000,5.000,1.0,1,1.0
63,26,313.000,358.000,3.000,5.000,1.0,1,1.0
64,26,312.000,357.000,5.000,5.000,1.0,1,1.0
65,26,312.000,357.000,5.000,5.000,1.0,1,1.0
66,26,312.000,356.000,5.000,5.000,1.0,1,1.0
67,26,312.000,355.000,5.000,5.000,1.0,1,1.0
68,26,311.000,354.000,6.000,6.000,1.0,1,1.0
69,26,311.000,353.000,5.000,6.000,1.0,1,1.0
70,26,310.000,352.000,6.000,5.000,1.0,1,1.0
71,26,310.000,351.000,5.000,5.000,1.0,1,1.0
72,26,309.000,350.000,5.000,5.000,1.0,1,1.0
73,26,308.000,349.000,5.000,5.000,1.0,1,1.0
74,26,307.000,348.000,5.000,5.000,1.0,1,1.0
75,26,305.000,346.000,6.000,6.000,1.0,1,1.0
76,26,304.000,346.000,6.000,5.000,1.0,1,1.0
77,26,303.000,345.000,6.000,5.000,1.0,1,1.0
78,26,301.000,344.000,6.000,5.000,1.0,1,1.0
79,26,300.000,342.000,6.000,6.000,1.0,1,1.0
80,26,299.000,341.000,6.000,6.000,1.0,1,1.0
81,26,299.000,341.000,6.000,6.000,1.0,1,1.0
82,26,298.000,340.000,6.000,6.000,1.0,1,1.0
83,26,298.000,340.000,6.000,6.000,1.0,1,1.0
84,26,298.000,340.000,6.000,6.000,1.0,1,1.0
85,26,298.000,339.000,5.000,6.000,1.0,1,1.0
86,26,298.000,338.000,5.000,6.000,1.0,1,1.0
87,26,297.000,335.000,5.000,8.000,1.0,1,1.0
88,26,297.000,334.000,4.000,8.000,1.0,1,1.0
89,26,297.000,332.000,4.000,8.000,1.0,1,1.0
90,26,296.000,330.000,4.000,8.000,1.0,1,1.0
91,26,296.000,328.000,4.000,8.000,1.0,1,1.0
92,26,295.000,327.000,5.000,8.000,1.0,1,1.0
93,26,295.000,325.000,4.000,7.000,1.0,1,1.0
94,26,294.000,323.000,4.000,8.000,1.0,1,1.0
95,26,294.000,321.000,4.000,8.000,1.0,1,1.0
96,26,294.000,319.000,4.000,8.000,1.0,1,1.0
97,26,294.000,317.000,4.000,8.000,1.0,1,1.0
98,26,295.000,315.000,3.000,7.000,1.0,1,1.0
99,26,295.000,313.000,4.000,8.000,1.0,1,1.0
100,26,296.000,310.000,4.000,8.000,1.0,1,1.0
101,26,297.000,308.000,4.000,8.000,1.0,1,1.0
102,26,297.000,307.000,4.000,8.000,1.0,1,1.0
103,26,297.000,306.000,4.000,8.000,1.0,1,1.0
104,26,298.000,305.000,4.000,7.000,1.0,1,1.0
105,26,298.000,304.000,4.000,7.000,1.0,1,1.0
106,26,299.000,302.000,5.000,8.000,1.0,1,1.0
107,26,300.000,302.000,5.000,7.000,1.0,1,1.0
108,26,301.000,300.000,4.000,8.000,1.0,1,1.0
109,26,302.000,299.000,5.000,7.000,1.0,1,1.0
110,26,303.000,297.000,5.000,7.000,1.0,1,1.0
111,26,303.000,296.000,6.000,7.000,1.0,1,1.0
112,26,305.000,295.000,5.000,6.000,1.0,1,1.0
113,26,306.000,293.000,5.000,7.000,1.0,1,1.0
114,26,307.000,292.000,5.000,6.000,1.0,1,1.0
115,26,308.000,290.000,4.000,7.000,1.0,1,1.0
116,26,308.000,289.000,5.000,6.000,1.0,1,1.0
117,26,309.000,288.000,4.000,6.000,1.0,1,1.0
118,26,310.000,287.000,4.000,7.000,1.0,1,1.0
119,26,310.000,287.000,4.000,6.000,1.0,1,1.0
120,26,310.000,286.000,4.000,7.000,1.0,1,1.0
121,26,310.000,286.000,4.000,7.000,1.0,1,1.0
122,26,309.000,286.000,5.000,6.000,1.0,1,1.0
123,26,309.000,285.000,5.000,5.000,1.0,1,1.0
124,26,288.000,269.000,5.000,6.000,1.0,1,1.0
125,26,300.000,250.000,4.000,7.000,1.0,1,1.0
126,26,302.000,248.000,3.000,7.000,1.0,1,1.0
127,26,302.000,247.000,3.000,8.000,1.0,1,1.0
128,26,301.000,247.000,4.000,7.000,1.0,1,1.0
129,26,301.000,245.000,3.000,8.000,1.0,1,1.0
130,26,301.000,244.000,3.000,7.000,1.0,1,1.0
131,26,300.000,242.000,4.000,8.000,1.0,1,1.0
132,26,299.000,241.000,4.000,8.000,1.0,1,1.0
133,26,298.000,241.000,5.000,6.000,1.0,1,1.0
134,26,297.000,240.000,5.000,6.000,1.0,1,1.0
135,26,295.000,239.000,6.000,6.000,1.0,1,1.0
136,26,295.000,238.000,5.000,6.000,1.0,1,1.0
137,26,293.000,236.000,6.000,6.000,1.0,1,1.0
138,26,292.000,235.000,6.000,6.000,1.0,1,1.0
139,26,291.000,233.000,5.000,6.000,1.0,1,1.0
140,26,290.000,232.000,6.000,6.000,1.0,1,1.0
141,26,289.000,231.000,7.000,6.000,1.0,1,1.0
142,26,290.000,230.000,4.000,7.000,1.0,1,1.0
143,26,291.000,227.000,3.000,8.000,1.0,1,1.0
144,26,291.000,225.000,3.000,8.000,1.0,1,1.0
145,26,291.000,223.000,3.000,8.000,1.0,1,1.0
146,26,291.000,220.000,3.000,8.000,1.0,1,1.0
147,26,291.000,219.000,3.000,8.000,1.0,1,1.0
148,26,290.000,217.000,4.000,8.000,1.0,1,1.0
149,26,290.000,215.000,4.000,8.000,1.0,1,1.0
150,26,290.000,213.000,3.000,7.000,1.0,1,1.0
151,26,290.000,211.000,3.000,7.000,1.0,1,1.0
152,26,290.000,209.000,4.000,7.000,1.0,1,1.0
153,26,290.000,207.000,3.000,8.000,1.0,1,1.0
154,26,291.000,205.000,3.000,8.000,1.0,1,1.0
155,26,291.000,203.000,3.000,8.000,1.0,1,1.0
156,26,290.000,200.000,3.000,8.000,1.0,1,1.0
157,26,291.000,199.000,3.000,8.000,1.0,1,1.0
158,26,291.000,197.000,3.000,8.000,1.0,1,1.0
159,26,291.000,195.000,3.000,8.000,1.0,1,1.0
160,26,291.000,194.000,3.000,7.000,1.0,1,1.0
161,26,291.000,191.000,3.000,8.000,1.0,1,1.0
162,26,292.000,189.000,2.000,9.000,1.0,1,1.0
163,26,292.000,188.000,3.000,8.000,1.0,1,1.0
164,26,292.000,186.000,3.000,8.000,1.0,1,1.0
165,26,292.000,183.000,3.000,8.000,1.0,1,1.0
166,26,291.000,182.000,4.000,7.000,1.0,1,1.0
167,26,292.000,179.000,3.000,8.000,1.0,1,1.0
168,26,292.000,178.000,3.000,8.000,1.0,1,1.0
169,26,292.000,176.000,3.000,8.000,1.0,1,1.0
170,26,292.000,174.000,4.000,8.000,1.0,1,1.0
171,26,293.000,173.000,3.000,7.000,1.0,1,1.0
172,26,293.000,171.000,3.000,8.000,1.0,1,1.0
173,26,293.000,169.000,4.000,7.000,1.0,1,1.0
174,26,294.000,168.000,3.000,7.000,1.0,1,1.0
175,26,294.000,165.000,3.000,8.000,1.0,1,1.0
176,26,294.000,164.000,3.000,8.000,1.0,1,1.0
177,26,295.000,162.000,3.000,8.000,1.0,1,1.0
178,26,294.000,160.000,4.000,8.000,1.0,1,1.0
179,26,295.000,158.000,3.000,7.000,1.0,1,1.0
180,26,295.000,156.000,4.000,8.000,1.0,1,1.0
181,26,295.000,154.000,4.000,8.000,1.0,1,1.0
182,26,296.000,152.000,3.000,8.000,1.0,1,1.0
183,26,296.000,150.000,3.000,8.000,1.0,1,1.0
184,26,296.000,148.000,3.000,8.000,1.0,1,1.0
185,26,297.000,146.000,3.000,8.000,1.0,1,1.0
186,26,297.000,144.000,3.000,8.000,1.0,1,1.0
187,26,297.000,142.000,3.000,8.000,1.0,1,1.0
188,26,297.000,141.000,3.000,8.000,1.0,1,1.0
189,26,296.000,138.000,3.000,8.000,1.0,1,1.0
190,26,295.000,136.000,4.000,8.000,1.0,1,1.0
191,26,295.000,135.000,4.000,8.000,1.0,1,1.0
192,26,295.000,133.000,3.000,8.000,1.0,1,1.0
193,26,294.000,132.000,4.000,7.000,1.0,1,1.0
194,26,294.000,130.000,3.000,8.000,1.0,1,1.0
195,26,293.000,128.000,3.000,8.000,1.0,1,1.0
196,26,293.000,127.000,3.000,7.000,1.0,1,1.0
197,26,292.000,125.000,3.000,8.000,1.0,1,1.0
198,26,291.000,123.000,4.000,8.000,1.0,1,1.0
199,26,291.000,122.000,4.000,7.000,1.0,1,1.0
200,26,291.000,120.000,3.000,8.000,1.0,1,1.0
201,26,291.000,119.000,3.000,7.000,1.0,1,1.0
202,26,291.000,117.000,3.000,8.000,1.0,1,1.0
203,26,291.000,115.000,3.000,8.000,1.0,1,1.0
204,26,291.000,114.000,3.000,7.000,1.0,1,1.0
205,26,291.000,114.000,3.000,7.000,1.0,1,1.0
206,26,291.000,113.000,3.000,7.000,1.0,1,1.0
207,26,291.000,112.000,3.000,7.000,1.0,1,1.0
208,26,291.000,110.000,3.000,8.000,1.0,1,1.0
209,26,290.000,109.000,4.000,8.000,1.0,1,1.0
210,26,290.000,109.000,4.000,8.000,1.0,1,1.0
211,26,290.000,109.000,4.000,8.000,1.0,1,1.0
212,26,290.000,109.000,4.000,8.000,1.0,1,1.0
213,26,290.000,109.000,4.000,8.000,1.0,1,1.0
214,26,291.000,109.000,3.000,8.000,1.0,1,1.0
215,26,291.000,110.000,3.000,7.000,1.0,1,1.0
216,26,291.000,109.000,3.000,8.000,1.0,1,1.0
217,26,291.000,108.000,4.000,8.000,1.0,1,1.0
218,26,291.000,107.000,3.000,8.000,1.0,1,1.0
219,26,291.000,106.000,3.000,8.000,1.0,1,1.0
220,26,291.000,105.000,4.000,7.000,1.0,1,1.0
221,26,291.000,103.000,4.000,7.000,1.0,1,1.0
222,26,291.000,102.000,3.000,7.000,1.0,1,1.0
234,26,313.000,34.000,4.000,5.000,1.0,1,1.0
235,26,302.000,47.000,6.000,6.000,1.0,1,1.0
236,26,289.000,53.000,7.000,5.000,1.0,1,1.0
237,26,279.000,42.000,4.000,7.000,1.0,1,1.0
240,26,256.000,28.000,5.000,6.000,1.0,1,1.0
243,26,300.000,103.000,5.000,7.000,1.0,1,1.0
244,26,300.000,103.000,5.000,7.000,1.0,1,1.0
245,26,300.000,103.000,5.000,7.000,1.0,1,1.0
246,26,300.000,103.000,5.000,7.000,1.0,1,1.0
247,26,300.000,104.000,5.000,6.000,1.0,1,1.0
248,26,300.000,103.000,5.000,7.000,1.0,1,1.0
249,26,300.000,103.000,5.000,7.000,1.0,1,1.0
250,26,300.000,103.000,5.000,7.000,1.0,1,1.0
251,26,300.000,103.000,4.000,6.000,1.0,1,1.0
252,26,300.000,103.000,5.000,6.000,1.0,1,1.0
253,26,254.000,54.000,4.000,4.000,1.0,1,1.0
254,26,255.000,53.000,4.000,4.000,1.0,1,1.0
255,26,255.000,51.000,4.000,6.000,1.0,1,1.0
256,26,255.000,49.000,3.000,7.000,1.0,1,1.0
257,26,255.000,46.000,3.000,9.000,1.0,1,1.0
258,26,254.000,45.000,3.000,8.000,1.0,1,1.0
259,26,254.000,43.000,3.000,9.000,1.0,1,1.0
260,26,254.000,42.000,3.000,8.000,1.0,1,1.0
261,26,253.000,40.000,3.000,9.000,1.0,1,1.0
262,26,253.000,39.000,3.000,8.000,1.0,1,1.0
263,26,253.000,38.000,3.000,8.000,1.0,1,1.0
264,26,252.000,36.000,3.000,8.000,1.0,1,1.0
265,26,252.000,35.000,3.000,8.000,1.0,1,1.0
266,26,252.000,33.000,3.000,8.000,1.0,1,1.0
267,26,251.000,31.000,3.000,8.000,1.0,1,1.0
268,26,251.000,30.000,3.000,7.000,1.0,1,1.0
269,26,251.000,28.000,3.000,8.000,1.0,1,1.0
270,26,251.000,27.000,2.000,7.000,1.0,1,1.0
271,26,250.000,25.000,3.000,8.000,1.0,1,1.0
272,26,250.000,24.000,3.000,7.000,1.0,1,1.0
273,26,250.000,23.000,3.000,7.000,1.0,1,1.0
274,26,249.000,21.000,4.000,8.000,1.0,1,1.0
275,26,249.000,20.000,4.000,7.000,1.0,1,1.0
276,26,249.000,19.000,4.000,7.000,1.0,1,1.0
277,26,249.000,19.000,4.000,6.000,1.0,1,1.0
278,26,249.000,19.000,4.000,6.000,1.0,1,1.0
279,26,249.000,19.000,4.000,6.000,1.0,1,1.0
280,26,249.000,19.000,4.000,6.000,1.0,1,1.0
281,26,249.000,19.000,4.000,6.000,1.0,1,1.0
282,26,249.000,19.000,4.000,6.000,1.0,1,1.0
283,26,249.000,19.000,4.000,6.000,1.0,1,1.0
284,26,249.000,19.000,4.000,6.000,1.0,1,1.0
285,26,249.000,19.000,4.000,6.000,1.0,1,1.0
286,26,248.000,19.000,4.000,6.000,1.0,1,1.0
287,26,248.000,19.000,4.000,6.000,1.0,1,1.0
288,26,248.000,19.000,4.000,6.000,1.0,1,1.0
289,26,248.000,19.000,4.000,6.000,1.0,1,1.0
290,26,248.000,19.000,4.000,6.000,1.0,1,1.0
291,26,248.000,19.000,4.000,5.000,1.0,1,1.0
292,26,248.000,18.000,4.000,6.000,1.0,1,1.0
293,26,248.000,18.000,4.000,6.000,1.0,1,1.0
294,26,248.000,18.000,4.000,6.000,1.0,1,1.0
295,26,248.000,18.000,4.000,6.000,1.0,1,1.0
296,26,248.000,18.000,4.000,6.000,1.0,1,1.0
297,26,248.000,19.000,4.000,5.000,1.0,1,1.0
298,26,248.000,19.000,4.000,5.000,1.0,1,1.0
299,26,248.000,19.000,4.000,5.000,1.0,1,1.0
300,26,248.000,18.000,4.000,6.000,1.0,1,1.0
301,26,248.000,18.000,4.000,6.000,1.0,1,1.0
1,46,673.000,442.000,3.000,3.000,1.0,1,1.0
2,46,672.000,442.000,3.000,3.000,1.0,1,1.0
3,46,674.000,442.000,3.000,3.000,1.0,1,1.0
4,46,675.000,442.000,3.000,4.000,1.0,1,1.0
5,46,675.000,443.000,4.000,3.000,1.0,1,1.0
6,46,676.000,443.000,4.000,3.000,1.0,1,1.0
7,46,676.000,443.000,5.000,3.000,1.0,1,1.0
8,46,676.000,443.000,5.000,3.000,1.0,1,1.0
9,46,676.000,443.000,5.000,3.000,1.0,1,1.0
10,46,676.000,444.000,4.000,3.000,1.0,1,1.0
11,46,675.000,443.000,4.000,4.000,1.0,1,1.0
12,46,674.000,443.000,4.000,4.000,1.0,1,1.0
17,46,672.000,444.000,4.000,3.000,1.0,1,1.0
18,46,672.000,444.000,4.000,3.000,1.0,1,1.0
19,46,672.000,444.000,4.000,3.000,1.0,1,1.0
20,46,673.000,444.000,3.000,3.000,1.0,1,1.0
21,46,673.000,443.000,4.000,4.000,1.0,1,1.0
22,46,672.000,443.000,5.000,4.000,1.0,1,1.0
23,46,672.000,443.000,5.000,4.000,1.0,1,1.0
24,46,673.000,443.000,3.000,4.000,1.0,1,1.0
25,46,673.000,441.000,3.000,5.000,1.0,1,1.0
26,46,674.000,440.000,3.000,7.000,1.0,1,1.0
27,46,674.000,439.000,2.000,7.000,1.0,1,1.0
28,46,674.000,439.000,4.000,7.000,1.0,1,1.0
29,46,674.000,438.000,4.000,6.000,1.0,1,1.0
30,46,674.000,443.000,5.000,3.000,1.0,1,1.0
31,46,672.000,443.000,5.000,4.000,1.0,1,1.0
32,46,672.000,443.000,6.000,4.000,1.0,1,1.0
33,46,672.000,443.000,6.000,4.000,1.0,1,1.0
34,46,673.000,443.000,6.000,4.000,1.0,1,1.0
35,46,671.000,441.000,3.000,6.000,1.0,1,1.0
36,46,671.000,443.000,5.000,5.000,1.0,1,1.0
37,46,673.000,443.000,5.000,4.000,1.0,1,1.0
38,46,671.000,443.000,7.000,4.000,1.0,1,1.0
39,46,671.000,443.000,7.000,3.000,1.0,1,1.0
40,46,671.000,441.000,6.000,6.000,1.0,1,1.0
41,46,672.000,440.000,5.000,6.000,1.0,1,1.0
42,46,673.000,439.000,3.000,7.000,1.0,1,1.0
43,46,670.000,439.000,4.000,7.000,1.0,1,1.0
45,46,668.000,443.000,6.000,4.000,1.0,1,1.0
46,46,669.000,443.000,5.000,4.000,1.0,1,1.0
47,46,668.000,443.000,6.000,4.000,1.0,1,1.0
48,46,667.000,441.000,7.000,5.000,1.0,1,1.0
49,46,669.000,443.000,6.000,4.000,1.0,1,1.0
51,46,666.000,440.000,6.000,6.000,1.0,1,1.0
52,46,664.000,439.000,4.000,5.000,1.0,1,1.0
53,46,672.000,435.000,4.000,8.000,1.0,1,1.0
54,46,667.000,439.000,7.000,3.000,1.0,1,1.0
55,46,674.000,443.000,5.000,4.000,1.0,1,1.0
56,46,675.000,440.000,3.000,7.000,1.0,1,1.0
57,46,674.000,440.000,5.000,7.000,1.0,1,1.0
58,46,675.000,439.000,4.000,8.000,1.0,1,1.0
59,46,674.000,441.000,5.000,6.000,1.0,1,1.0
60,46,674.000,443.000,5.000,4.000,1.0,1,1.0
61,46,674.000,442.000,5.000,5.000,1.0,1,1.0
62,46,675.000,443.000,5.000,3.000,1.0,1,1.0
63,46,676.000,442.000,4.000,4.000,1.0,1,1.0
64,46,676.000,442.000,4.000,4.000,1.0,1,1.0
65,46,675.000,443.000,5.000,4.000,1.0,1,1.0
66,46,675.000,442.000,5.000,5.000,1.0,1,1.0
67,46,675.000,442.000,5.000,5.000,1.0,1,1.0
68,46,675.000,442.000,5.000,4.000,1.0,1,1.0
69,46,675.000,442.000,4.000,5.000,1.0,1,1.0
70,46,676.000,442.000,3.000,4.000,1.0,1,1.0
71,46,675.000,442.000,4.000,4.000,1.0,1,1.0
72,46,675.000,442.000,4.000,4.000,1.0,1,1.0
73,46,675.000,442.000,3.000,3.000,1.0,1,1.0
74,46,674.000,442.000,4.000,3.000,1.0,1,1.0
75,46,674.000,441.000,4.000,4.000,1.0,1,1.0
76,46,673.000,441.000,4.000,4.000,1.0,1,1.0
77,46,673.000,442.000,4.000,3.000,1.0,1,1.0
78,46,673.000,442.000,4.000,3.000,1.0,1,1.0
79,46,673.000,442.000,4.000,3.000,1.0,1,1.0
80,46,673.000,442.000,4.000,3.000,1.0,1,1.0
81,46,673.000,442.000,4.000,3.000,1.0,1,1.0
82,46,673.000,442.000,4.000,3.000,1.0,1,1.0
83,46,672.000,442.000,4.000,3.000,1.0,1,1.0
84,46,671.000,442.000,5.000,3.000,1.0,1,1.0
85,46,670.000,442.000,5.000,3.000,1.0,1,1.0
86,46,670.000,442.000,5.000,4.000,1.0,1,1.0
87,46,669.000,441.000,6.000,4.000,1.0,1,1.0
100,46,667.000,441.000,5.000,3.000,1.0,1,1.0
101,46,667.000,441.000,5.000,3.000,1.0,1,1.0
102,46,667.000,442.000,5.000,2.000,1.0,1,1.0
103,46,667.000,442.000,5.000,3.000,1.0,1,1.0
104,46,667.000,442.000,5.000,3.000,1.0,1,1.0
105,46,668.000,442.000,6.000,3.000,1.0,1,1.0
106,46,668.000,442.000,6.000,3.000,1.0,1,1.0
107,46,669.000,442.000,5.000,3.000,1.0,1,1.0
108,46,670.000,442.000,5.000,3.000,1.0,1,1.0
109,46,671.000,442.000,6.000,3.000,1.0,1,1.0
110,46,671.000,442.000,6.000,3.000,1.0,1,1.0
111,46,671.000,442.000,6.000,3.000,1.0,1,1.0
112,46,671.000,442.000,6.000,3.000,1.0,1,1.0
113,46,677.000,432.000,4.000,5.000,1.0,1,1.0
114,46,667.000,432.000,4.000,6.000,1.0,1,1.0
115,46,663.000,439.000,3.000,6.000,1.0,1,1.0
116,46,659.000,442.000,6.000,5.000,1.0,1,1.0
117,46,659.000,442.000,5.000,5.000,1.0,1,1.0
118,46,660.000,440.000,4.000,7.000,1.0,1,1.0
119,46,658.000,440.000,4.000,8.000,1.0,1,1.0
120,46,657.000,441.000,5.000,7.000,1.0,1,1.0
121,46,656.000,442.000,5.000,6.000,1.0,1,1.0
122,46,656.000,442.000,5.000,6.000,1.0,1,1.0
123,46,657.000,442.000,5.000,6.000,1.0,1,1.0
124,46,657.000,442.000,5.000,6.000,1.0,1,1.0
125,46,657.000,442.000,5.000,5.000,1.0,1,1.0
126,46,656.000,442.000,6.000,5.000,1.0,1,1.0
127,46,655.000,442.000,7.000,5.000,1.0,1,1.0
128,46,654.000,442.000,7.000,5.000,1.0,1,1.0
129,46,656.000,441.000,6.000,6.000,1.0,1,1.0
130,46,656.000,441.000,7.000,5.000,1.0,1,1.0
131,46,657.000,441.000,7.000,5.000,1.0,1,1.0
132,46,661.000,441.000,5.000,5.000,1.0,1,1.0
135,46,664.000,441.000,5.000,4.000,1.0,1,1.0
136,46,665.000,441.000,5.000,4.000,1.0,1,1.0
138,46,667.000,441.000,4.000,4.000,1.0,1,1.0
139,46,667.000,442.000,4.000,3.000,1.0,1,1.0
140,46,667.000,441.000,4.000,4.000,1.0,1,1.0
142,46,664.000,441.000,4.000,4.000,1.0,1,1.0
143,46,663.000,441.000,4.000,4.000,1.0,1,1.0
144,46,663.000,441.000,4.000,4.000,1.0,1,1.0
145,46,663.000,441.000,4.000,4.000,1.0,1,1.0
146,46,662.000,441.000,5.000,4.000,1.0,1,1.0
147,46,661.000,441.000,6.000,4.000,1.0,1,1.0
148,46,661.000,441.000,6.000,4.000,1.0,1,1.0
149,46,661.000,441.000,5.000,4.000,1.0,1,1.0
150,46,661.000,441.000,5.000,4.000,1.0,1,1.0
151,46,665.000,430.000,6.000,6.000,1.0,1,1.0
152,46,663.000,442.000,7.000,3.000,1.0,1,1.0
153,46,660.000,441.000,5.000,4.000,1.0,1,1.0
154,46,660.000,441.000,6.000,4.000,1.0,1,1.0
155,46,658.000,441.000,8.000,4.000,1.0,1,1.0
156,46,658.000,440.000,8.000,6.000,1.0,1,1.0
157,46,658.000,440.000,8.000,6.000,1.0,1,1.0
158,46,660.000,440.000,7.000,5.000,1.0,1,1.0
159,46,660.000,440.000,7.000,5.000,1.0,1,1.0
160,46,661.000,440.000,6.000,5.000,1.0,1,1.0
161,46,661.000,440.000,7.000,5.000,1.0,1,1.0
162,46,661.000,440.000,7.000,4.000,1.0,1,1.0
163,46,661.000,440.000,7.000,4.000,1.0,1,1.0
164,46,661.000,440.000,7.000,4.000,1.0,1,1.0
165,46,661.000,440.000,7.000,3.000,1.0,1,1.0
166,46,661.000,440.000,7.000,3.000,1.0,1,1.0
167,46,660.000,440.000,8.000,3.000,1.0,1,1.0
169,46,664.000,440.000,4.000,3.000,1.0,1,1.0
170,46,663.000,440.000,5.000,3.000,1.0,1,1.0
171,46,663.000,440.000,5.000,3.000,1.0,1,1.0
172,46,663.000,440.000,5.000,3.000,1.0,1,1.0
173,46,663.000,440.000,5.000,3.000,1.0,1,1.0
174,46,663.000,440.000,5.000,3.000,1.0,1,1.0
175,46,663.000,440.000,5.000,3.000,1.0,1,1.0
176,46,663.000,440.000,5.000,3.000,1.0,1,1.0
177,46,663.000,440.000,5.000,3.000,1.0,1,1.0
178,46,663.000,440.000,5.000,3.000,1.0,1,1.0
179,46,663.000,440.000,5.000,4.000,1.0,1,1.0
180,46,663.000,440.000,5.000,3.000,1.0,1,1.0
181,46,663.000,440.000,5.000,4.000,1.0,1,1.0
182,46,662.000,442.000,7.000,4.000,1.0,1,1.0
183,46,663.000,440.000,6.000,4.000,1.0,1,1.0
184,46,663.000,441.000,5.000,3.000,1.0,1,1.0
185,46,663.000,441.000,5.000,3.000,1.0,1,1.0
186,46,663.000,441.000,6.000,3.000,1.0,1,1.0
187,46,664.000,439.000,5.000,5.000,1.0,1,1.0
188,46,665.000,441.000,5.000,3.000,1.0,1,1.0
189,46,665.000,441.000,5.000,3.000,1.0,1,1.0
190,46,667.000,442.000,5.000,2.000,1.0,1,1.0
192,46,670.000,442.000,8.000,4.000,1.0,1,1.0
193,46,672.000,441.000,7.000,4.000,1.0,1,1.0
194,46,671.000,442.000,8.000,4.000,1.0,1,1.0
196,46,675.000,443.000,6.000,4.000,1.0,1,1.0
197,46,675.000,443.000,5.000,4.000,1.0,1,1.0
198,46,675.000,443.000,5.000,4.000,1.0,1,1.0
199,46,675.000,443.000,5.000,4.000,1.0,1,1.0
200,46,675.000,443.000,5.000,4.000,1.0,1,1.0
201,46,675.000,443.000,5.000,4.000,1.0,1,1.0
202,46,675.000,443.000,4.000,4.000,1.0,1,1.0
203,46,675.000,443.000,5.000,4.000,1.0,1,1.0
204,46,675.000,443.000,5.000,3.000,1.0,1,1.0
205,46,677.000,435.000,4.000,8.000,1.0,1,1.0
206,46,673.000,440.000,4.000,6.000,1.0,1,1.0
207,46,671.000,441.000,4.000,3.000,1.0,1,1.0
208,46,671.000,441.000,4.000,3.000,1.0,1,1.0
209,46,671.000,442.000,4.000,3.000,1.0,1,1.0
210,46,671.000,442.000,4.000,3.000,1.0,1,1.0
211,46,672.000,442.000,4.000,3.000,1.0,1,1.0
212,46,674.000,442.000,5.000,3.000,1.0,1,1.0
213,46,675.000,442.000,5.000,3.000,1.0,1,1.0
214,46,674.000,442.000,6.000,3.000,1.0,1,1.0
215,46,675.000,442.000,5.000,3.000,1.0,1,1.0
216,46,675.000,442.000,5.000,3.000,1.0,1,1.0
217,46,677.000,443.000,4.000,3.000,1.0,1,1.0
218,46,677.000,442.000,4.000,4.000,1.0,1,1.0
219,46,676.000,442.000,5.000,4.000,1.0,1,1.0
220,46,676.000,442.000,4.000,4.000,1.0,1,1.0
221,46,675.000,442.000,4.000,4.000,1.0,1,1.0
222,46,675.000,442.000,4.000,4.000,1.0,1,1.0
223,46,673.000,442.000,4.000,4.000,1.0,1,1.0
224,46,671.000,443.000,4.000,3.000,1.0,1,1.0
225,46,670.000,443.000,4.000,3.000,1.0,1,1.0
226,46,668.000,443.000,5.000,3.000,1.0,1,1.0
227,46,667.000,442.000,5.000,4.000,1.0,1,1.0
228,46,666.000,442.000,5.000,4.000,1.0,1,1.0
229,46,665.000,442.000,6.000,3.000,1.0,1,1.0
232,46,663.000,441.000,6.000,4.000,1.0,1,1.0
233,46,664.000,441.000,6.000,4.000,1.0,1,1.0
236,46,666.000,441.000,5.000,4.000,1.0,1,1.0
237,46,663.000,441.000,8.000,4.000,1.0,1,1.0
238,46,664.000,441.000,8.000,4.000,1.0,1,1.0
239,46,665.000,441.000,9.000,6.000,1.0,1,1.0
240,46,666.000,441.000,8.000,6.000,1.0,1,1.0
241,46,667.000,441.000,7.000,6.000,1.0,1,1.0
242,46,667.000,441.000,7.000,6.000,1.0,1,1.0
243,46,668.000,441.000,6.000,6.000,1.0,1,1.0
244,46,669.000,442.000,6.000,5.000,1.0,1,1.0
245,46,669.000,442.000,6.000,4.000,1.0,1,1.0
246,46,672.000,442.000,4.000,3.000,1.0,1,1.0
247,46,672.000,441.000,4.000,3.000,1.0,1,1.0
248,46,673.000,441.000,4.000,4.000,1.0,1,1.0
249,46,672.000,441.000,4.000,4.000,1.0,1,1.0
250,46,671.000,441.000,4.000,4.000,1.0,1,1.0
251,46,670.000,441.000,4.000,3.000,1.0,1,1.0
252,46,668.000,441.000,4.000,3.000,1.0,1,1.0
253,46,667.000,441.000,4.000,3.000,1.0,1,1.0
254,46,666.000,441.000,4.000,3.000,1.0,1,1.0
255,46,665.000,441.000,4.000,3.000,1.0,1,1.0
256,46,665.000,441.000,4.000,3.000,1.0,1,1.0
257,46,665.000,440.000,4.000,3.000,1.0,1,1.0
258,46,665.000,440.000,4.000,4.000,1.0,1,1.0
260,46,664.000,440.000,5.000,4.000,1.0,1,1.0
261,46,665.000,441.000,4.000,4.000,1.0,1,1.0
262,46,665.000,441.000,5.000,3.000,1.0,1,1.0
263,46,665.000,441.000,4.000,3.000,1.0,1,1.0
264,46,664.000,441.000,4.000,3.000,1.0,1,1.0
265,46,662.000,441.000,5.000,3.000,1.0,1,1.0
266,46,661.000,441.000,5.000,3.000,1.0,1,1.0
267,46,660.000,441.000,5.000,3.000,1.0,1,1.0
268,46,660.000,441.000,5.000,3.000,1.0,1,1.0
269,46,659.000,441.000,5.000,3.000,1.0,1,1.0
270,46,659.000,441.000,5.000,3.000,1.0,1,1.0
271,46,659.000,441.000,5.000,3.000,1.0,1,1.0
272,46,659.000,441.000,5.000,3.000,1.0,1,1.0
273,46,659.000,441.000,5.000,3.000,1.0,1,1.0
274,46,659.000,441.000,5.000,3.000,1.0,1,1.0
275,46,659.000,441.000,5.000,3.000,1.0,1,1.0
278,46,659.000,441.000,5.000,3.000,1.0,1,1.0
284,46,659.000,441.000,5.000,3.000,1.0,1,1.0
285,46,659.000,441.000,5.000,3.000,1.0,1,1.0
286,46,659.000,441.000,5.000,3.000,1.0,1,1.0
287,46,659.000,441.000,5.000,3.000,1.0,1,1.0
288,46,659.000,441.000,5.000,3.000,1.0,1,1.0
292,46,659.000,441.000,4.000,3.000,1.0,1,1.0
300,46,660.000,441.000,4.000,3.000,1.0,1,1.0
301,46,659.000,441.000,4.000,3.000,1.0,1,1.0
302,46,659.000,441.000,5.000,3.000,1.0,1,1.0
303,46,658.000,436.000,5.000,7.000,1.0,1,1.0
305,46,656.000,440.000,4.000,3.000,1.0,1,1.0
306,46,655.000,439.000,3.000,4.000,1.0,1,1.0
307,46,655.000,440.000,4.000,3.000,1.0,1,1.0
310,46,637.000,427.000,5.000,5.000,1.0,1,1.0
311,46,628.000,440.000,5.000,5.000,1.0,1,1.0
312,46,628.000,441.000,5.000,4.000,1.0,1,1.0
313,46,626.000,441.000,6.000,4.000,1.0,1,1.0
314,46,626.000,441.000,6.000,4.000,1.0,1,1.0
315,46,626.000,441.000,7.000,4.000,1.0,1,1.0
316,46,626.000,441.000,7.000,4.000,1.0,1,1.0
317,46,625.000,441.000,6.000,4.000,1.0,1,1.0
318,46,621.000,441.000,7.000,3.000,1.0,1,1.0
319,46,621.000,441.000,7.000,3.000,1.0,1,1.0
320,46,621.000,441.000,6.000,3.000,1.0,1,1.0
321,46,622.000,441.000,5.000,3.000,1.0,1,1.0
322,46,621.000,441.000,5.000,4.000,1.0,1,1.0
323,46,619.000,441.000,6.000,3.000,1.0,1,1.0
324,46,618.000,441.000,7.000,3.000,1.0,1,1.0
325,46,616.000,441.000,7.000,3.000,1.0,1,1.0
326,46,614.000,442.000,6.000,3.000,1.0,1,1.0
327,46,614.000,442.000,6.000,3.000,1.0,1,1.0
328,46,616.000,442.000,4.000,3.000,1.0,1,1.0
333,46,627.000,442.000,6.000,3.000,1.0,1,1.0
334,46,629.000,442.000,7.000,3.000,1.0,1,1.0
335,46,631.000,442.000,7.000,3.000,1.0,1,1.0
336,46,633.000,442.000,7.000,4.000,1.0,1,1.0
337,46,634.000,442.000,7.000,3.000,1.0,1,1.0
338,46,635.000,441.000,7.000,4.000,1.0,1,1.0
344,46,648.000,440.000,6.000,5.000,1.0,1,1.0
345,46,644.000,439.000,6.000,5.000,1.0,1,1.0
346,46,632.000,440.000,5.000,4.000,1.0,1,1.0
347,46,631.000,442.000,5.000,5.000,1.0,1,1.0
348,46,632.000,443.000,8.000,5.000,1.0,1,1.0
3,41,633.000,441.000,4.000,5.000,1.0,1,1.0
4,41,633.000,441.000,5.000,5.000,1.0,1,1.0
5,41,633.000,439.000,4.000,7.000,1.0,1,1.0
6,41,632.000,439.000,5.000,7.000,1.0,1,1.0
7,41,631.000,438.000,5.000,8.000,1.0,1,1.0
8,41,631.000,436.000,4.000,8.000,1.0,1,1.0
9,41,631.000,434.000,4.000,8.000,1.0,1,1.0
10,41,631.000,431.000,4.000,8.000,1.0,1,1.0
11,41,631.000,429.000,3.000,7.000,1.0,1,1.0
12,41,630.000,426.000,4.000,7.000,1.0,1,1.0
13,41,630.000,423.000,3.000,7.000,1.0,1,1.0
14,41,629.000,420.000,4.000,8.000,1.0,1,1.0
15,41,627.000,416.000,5.000,8.000,1.0,1,1.0
16,41,626.000,413.000,4.000,8.000,1.0,1,1.0
17,41,624.000,409.000,5.000,7.000,1.0,1,1.0
18,41,622.000,407.000,6.000,7.000,1.0,1,1.0
19,41,621.000,404.000,5.000,6.000,1.0,1,1.0
20,41,619.000,401.000,5.000,7.000,1.0,1,1.0
21,41,617.000,398.000,6.000,7.000,1.0,1,1.0
22,41,616.000,395.000,5.000,8.000,1.0,1,1.0
23,41,615.000,393.000,5.000,6.000,1.0,1,1.0
24,41,615.000,390.000,4.000,7.000,1.0,1,1.0
25,41,614.000,388.000,4.000,6.000,1.0,1,1.0
26,41,614.000,386.000,4.000,6.000,1.0,1,1.0
27,41,613.000,385.000,4.000,5.000,1.0,1,1.0
28,41,613.000,385.000,4.000,4.000,1.0,1,1.0
29,41,614.000,385.000,3.000,4.000,1.0,1,1.0
30,41,614.000,384.000,3.000,4.000,1.0,1,1.0
31,41,614.000,384.000,4.000,4.000,1.0,1,1.0
32,41,614.000,382.000,4.000,7.000,1.0,1,1.0
33,41,614.000,382.000,4.000,6.000,1.0,1,1.0
34,41,614.000,380.000,4.000,7.000,1.0,1,1.0
35,41,614.000,377.000,3.000,7.000,1.0,1,1.0
36,41,614.000,375.000,3.000,8.000,1.0,1,1.0
37,41,614.000,372.000,3.000,8.000,1.0,1,1.0
38,41,614.000,370.000,3.000,8.000,1.0,1,1.0
39,41,614.000,367.000,4.000,8.000,1.0,1,1.0
40,41,614.000,365.000,3.000,7.000,1.0,1,1.0
41,41,614.000,362.000,3.000,8.000,1.0,1,1.0
42,41,614.000,359.000,3.000,7.000,1.0,1,1.0
43,41,614.000,357.000,3.000,6.000,1.0,1,1.0
44,41,614.000,354.000,3.000,7.000,1.0,1,1.0
45,41,614.000,352.000,4.000,7.000,1.0,1,1.0
46,41,614.000,350.000,4.000,7.000,1.0,1,1.0
47,41,615.000,348.000,4.000,6.000,1.0,1,1.0
48,41,615.000,345.000,5.000,7.000,1.0,1,1.0
49,41,617.000,343.000,4.000,7.000,1.0,1,1.0
50,41,618.000,341.000,4.000,6.000,1.0,1,1.0
51,41,619.000,338.000,5.000,7.000,1.0,1,1.0
52,41,621.000,336.000,6.000,7.000,1.0,1,1.0
53,41,623.000,334.000,6.000,7.000,1.0,1,1.0
54,41,626.000,333.000,5.000,6.000,1.0,1,1.0
55,41,627.000,330.000,5.000,7.000,1.0,1,1.0
56,41,628.000,328.000,6.000,6.000,1.0,1,1.0
57,41,630.000,326.000,5.000,6.000,1.0,1,1.0
58,41,632.000,323.000,5.000,7.000,1.0,1,1.0
59,41,633.000,321.000,5.000,7.000,1.0,1,1.0
60,41,634.000,320.000,5.000,7.000,1.0,1,1.0
61,41,636.000,318.000,5.000,7.000,1.0,1,1.0
62,41,637.000,317.000,6.000,6.000,1.0,1,1.0
63,41,638.000,315.000,6.000,7.000,1.0,1,1.0
64,41,639.000,315.000,6.000,6.000,1.0,1,1.0
65,41,640.000,313.000,6.000,7.000,1.0,1,1.0
66,41,640.000,313.000,6.000,7.000,1.0,1,1.0
67,41,655.000,297.000,5.000,6.000,1.0,1,1.0
68,41,680.000,284.000,4.000,6.000,1.0,1,1.0
69,41,680.000,284.000,3.000,7.000,1.0,1,1.0
70,41,680.000,284.000,3.000,6.000,1.0,1,1.0
71,41,680.000,284.000,3.000,6.000,1.0,1,1.0
72,41,680.000,284.000,3.000,6.000,1.0,1,1.0
73,41,680.000,283.000,3.000,7.000,1.0,1,1.0
74,41,680.000,281.000,3.000,7.000,1.0,1,1.0
75,41,681.000,279.000,3.000,7.000,1.0,1,1.0
76,41,681.000,278.000,3.000,6.000,1.0,1,1.0
77,41,681.000,276.000,3.000,6.000,1.0,1,1.0
78,41,681.000,273.000,3.000,6.000,1.0,1,1.0
79,41,681.000,271.000,4.000,6.000,1.0,1,1.0
80,41,680.000,268.000,4.000,7.000,1.0,1,1.0
81,41,680.000,266.000,4.000,7.000,1.0,1,1.0
82,41,679.000,264.000,4.000,6.000,1.0,1,1.0
83,41,677.000,262.000,5.000,7.000,1.0,1,1.0
84,41,676.000,260.000,5.000,6.000,1.0,1,1.0
85,41,675.000,258.000,5.000,6.000,1.0,1,1.0
86,41,674.000,256.000,5.000,6.000,1.0,1,1.0
87,41,674.000,255.000,4.000,6.000,1.0,1,1.0
88,41,673.000,252.000,4.000,7.000,1.0,1,1.0
89,41,673.000,250.000,4.000,7.000,1.0,1,1.0
90,41,674.000,247.000,4.000,8.000,1.0,1,1.0
91,41,675.000,245.000,3.000,8.000,1.0,1,1.0
92,41,676.000,243.000,3.000,7.000,1.0,1,1.0
93,41,676.000,240.000,4.000,8.000,1.0,1,1.0
94,41,676.000,237.000,4.000,8.000,1.0,1,1.0
95,41,677.000,235.000,3.000,8.000,1.0,1,1.0
96,41,677.000,233.000,4.000,8.000,1.0,1,1.0
97,41,678.000,231.000,3.000,8.000,1.0,1,1.0
98,41,678.000,228.000,3.000,8.000,1.0,1,1.0
99,41,678.000,225.000,4.000,8.000,1.0,1,1.0
100,41,679.000,223.000,3.000,7.000,1.0,1,1.0
101,41,679.000,220.000,3.000,8.000,1.0,1,1.0
102,41,679.000,217.000,4.000,8.000,1.0,1,1.0
103,41,680.000,214.000,3.000,8.000,1.0,1,1.0
104,41,680.000,212.000,3.000,7.000,1.0,1,1.0
105,41,680.000,209.000,4.000,8.000,1.0,1,1.0
106,41,681.000,207.000,3.000,7.000,1.0,1,1.0
107,41,681.000,204.000,3.000,7.000,1.0,1,1.0
108,41,681.000,202.000,4.000,7.000,1.0,1,1.0
109,41,681.000,200.000,3.000,6.000,1.0,1,1.0
110,41,681.000,198.000,4.000,6.000,1.0,1,1.0
111,41,681.000,195.000,3.000,7.000,1.0,1,1.0
112,41,681.000,193.000,3.000,7.000,1.0,1,1.0
113,41,681.000,191.000,3.000,7.000,1.0,1,1.0
114,41,680.000,189.000,4.000,7.000,1.0,1,1.0
115,41,680.000,187.000,4.000,7.000,1.0,1,1.0
116,41,679.000,185.000,4.000,6.000,1.0,1,1.0
117,41,679.000,182.000,3.000,7.000,1.0,1,1.0
118,41,678.000,180.000,4.000,7.000,1.0,1,1.0
119,41,678.000,177.000,4.000,7.000,1.0,1,1.0
120,41,677.000,174.000,4.000,8.000,1.0,1,1.0
121,41,676.000,172.000,4.000,7.000,1.0,1,1.0
122,41,676.000,169.000,3.000,7.000,1.0,1,1.0
123,41,675.000,166.000,4.000,8.000,1.0,1,1.0
124,41,674.000,164.000,4.000,7.000,1.0,1,1.0
125,41,674.000,161.000,4.000,8.000,1.0,1,1.0
126,41,674.000,159.000,3.000,7.000,1.0,1,1.0
127,41,673.000,156.000,3.000,7.000,1.0,1,1.0
128,41,673.000,154.000,3.000,8.000,1.0,1,1.0
129,41,672.000,152.000,4.000,8.000,1.0,1,1.0
130,41,671.000,150.000,4.000,7.000,1.0,1,1.0
131,41,669.000,148.000,4.000,6.000,1.0,1,1.0
132,41,668.000,145.000,4.000,7.000,1.0,1,1.0
133,41,666.000,143.000,4.000,7.000,1.0,1,1.0
134,41,664.000,141.000,5.000,8.000,1.0,1,1.0
135,41,663.000,140.000,5.000,7.000,1.0,1,1.0
136,41,661.000,140.000,6.000,4.000,1.0,1,1.0
137,41,658.000,141.000,7.000,3.000,1.0,1,1.0
138,41,656.000,141.000,7.000,4.000,1.0,1,1.0
139,41,653.000,142.000,7.000,3.000,1.0,1,1.0
140,41,651.000,142.000,7.000,3.000,1.0,1,1.0
141,41,649.000,141.000,7.000,4.000,1.0,1,1.0
142,41,649.000,140.000,7.000,5.000,1.0,1,1.0
143,41,649.000,138.000,6.000,7.000,1.0,1,1.0
144,41,649.000,137.000,5.000,6.000,1.0,1,1.0
145,41,648.000,134.000,5.000,7.000,1.0,1,1.0
146,41,647.000,131.000,4.000,8.000,1.0,1,1.0
147,41,646.000,129.000,4.000,7.000,1.0,1,1.0
148,41,645.000,126.000,4.000,8.000,1.0,1,1.0
149,41,644.000,123.000,4.000,8.000,1.0,1,1.0
150,41,643.000,121.000,4.000,7.000,1.0,1,1.0
151,41,643.000,118.000,4.000,7.000,1.0,1,1.0
152,41,642.000,115.000,4.000,8.000,1.0,1,1.0
153,41,641.000,113.000,4.000,8.000,1.0,1,1.0
154,41,640.000,110.000,4.000,7.000,1.0,1,1.0
155,41,639.000,107.000,4.000,8.000,1.0,1,1.0
156,41,638.000,105.000,4.000,7.000,1.0,1,1.0
157,41,637.000,103.000,5.000,6.000,1.0,1,1.0
158,41,636.000,102.000,6.000,6.000,1.0,1,1.0
181,41,615.000,52.000,5.000,7.000,1.0,1,1.0
182,41,616.000,52.000,3.000,5.000,1.0,1,1.0
183,41,616.000,50.000,2.000,6.000,1.0,1,1.0
184,41,615.000,47.000,3.000,7.000,1.0,1,1.0
185,41,614.000,45.000,3.000,7.000,1.0,1,1.0
186,41,614.000,43.000,3.000,6.000,1.0,1,1.0
187,41,614.000,42.000,3.000,6.000,1.0,1,1.0
188,41,614.000,40.000,3.000,6.000,1.0,1,1.0
189,41,614.000,39.000,3.000,6.000,1.0,1,1.0
190,41,614.000,39.000,4.000,6.000,1.0,1,1.0
191,41,614.000,39.000,4.000,5.000,1.0,1,1.0
192,41,615.000,38.000,4.000,5.000,1.0,1,1.0
193,41,616.000,37.000,5.000,5.000,1.0,1,1.0
194,41,616.000,36.000,6.000,5.000,1.0,1,1.0
195,41,617.000,35.000,6.000,5.000,1.0,1,1.0
196,41,618.000,33.000,6.000,6.000,1.0,1,1.0
197,41,620.000,33.000,6.000,5.000,1.0,1,1.0
198,41,621.000,32.000,7.000,6.000,1.0,1,1.0
199,41,623.000,31.000,6.000,6.000,1.0,1,1.0
200,41,625.000,30.000,6.000,5.000,1.0,1,1.0
201,41,626.000,29.000,7.000,5.000,1.0,1,1.0
202,41,628.000,29.000,8.000,4.000,1.0,1,1.0
203,41,631.000,29.000,8.000,5.000,1.0,1,1.0
204,41,634.000,29.000,7.000,4.000,1.0,1,1.0
205,41,637.000,29.000,7.000,4.000,1.0,1,1.0
206,41,638.000,28.000,8.000,4.000,1.0,1,1.0
207,41,641.000,27.000,7.000,4.000,1.0,1,1.0
208,41,642.000,26.000,8.000,4.000,1.0,1,1.0
209,41,645.000,25.000,8.000,4.000,1.0,1,1.0
210,41,647.000,24.000,8.000,4.000,1.0,1,1.0
211,41,649.000,23.000,8.000,5.000,1.0,1,1.0
212,41,652.000,23.000,7.000,4.000,1.0,1,1.0
213,41,653.000,22.000,8.000,5.000,1.0,1,1.0
214,41,655.000,22.000,7.000,4.000,1.0,1,1.0
215,41,657.000,22.000,7.000,4.000,1.0,1,1.0
216,41,658.000,21.000,7.000,4.000,1.0,1,1.0
217,41,660.000,21.000,7.000,4.000,1.0,1,1.0
218,41,662.000,21.000,7.000,4.000,1.0,1,1.0
219,41,664.000,22.000,7.000,4.000,1.0,1,1.0
220,41,665.000,24.000,7.000,5.000,1.0,1,1.0
221,41,666.000,24.000,7.000,6.000,1.0,1,1.0
222,41,667.000,26.000,7.000,6.000,1.0,1,1.0
223,41,668.000,26.000,7.000,6.000,1.0,1,1.0
224,41,669.000,27.000,8.000,5.000,1.0,1,1.0
225,41,671.000,27.000,7.000,5.000,1.0,1,1.0
226,41,672.000,26.000,5.000,4.000,1.0,1,1.0
227,41,672.000,25.000,6.000,5.000,1.0,1,1.0
228,41,673.000,24.000,5.000,6.000,1.0,1,1.0
229,41,673.000,23.000,6.000,5.000,1.0,1,1.0
230,41,675.000,21.000,4.000,6.000,1.0,1,1.0
231,41,675.000,18.000,5.000,8.000,1.0,1,1.0
232,41,676.000,17.000,4.000,8.000,1.0,1,1.0
233,41,676.000,17.000,4.000,8.000,1.0,1,1.0
234,41,676.000,17.000,4.000,8.000,1.0,1,1.0
235,41,676.000,17.000,4.000,8.000,1.0,1,1.0
236,41,676.000,17.000,4.000,8.000,1.0,1,1.0
237,41,676.000,18.000,4.000,6.000,1.0,1,1.0
238,41,676.000,18.000,4.000,7.000,1.0,1,1.0
239,41,675.000,18.000,5.000,7.000,1.0,1,1.0
240,41,674.000,19.000,5.000,6.000,1.0,1,1.0
241,41,673.000,18.000,6.000,5.000,1.0,1,1.0
242,41,672.000,15.000,7.000,6.000,1.0,1,1.0
243,41,670.000,13.000,6.000,7.000,1.0,1,1.0
244,41,670.000,12.000,6.000,7.000,1.0,1,1.0
250,41,666.000,5.000,7.000,7.000,1.0,1,1.0
3,10,23.000,401.000,3.000,7.000,1.0,1,1.0
4,10,29.000,382.000,3.000,7.000,1.0,1,1.0
5,10,40.000,367.000,4.000,3.000,1.0,1,1.0
6,10,62.000,359.000,6.000,7.000,1.0,1,1.0
7,10,67.000,355.000,4.000,8.000,1.0,1,1.0
8,10,66.000,355.000,5.000,8.000,1.0,1,1.0
9,10,67.000,354.000,4.000,8.000,1.0,1,1.0
10,10,66.000,353.000,5.000,8.000,1.0,1,1.0
11,10,65.000,351.000,5.000,7.000,1.0,1,1.0
12,10,65.000,347.000,5.000,8.000,1.0,1,1.0
13,10,66.000,346.000,4.000,8.000,1.0,1,1.0
14,10,66.000,345.000,4.000,7.000,1.0,1,1.0
15,10,66.000,345.000,4.000,7.000,1.0,1,1.0
16,10,66.000,345.000,4.000,8.000,1.0,1,1.0
17,10,66.000,345.000,4.000,8.000,1.0,1,1.0
18,10,62.000,352.000,7.000,5.000,1.0,1,1.0
19,10,46.000,378.000,9.000,7.000,1.0,1,1.0
20,10,12.000,401.000,5.000,8.000,1.0,1,1.0
4,24,288.000,441.000,5.000,4.000,1.0,1,1.0
5,24,287.000,442.000,6.000,4.000,1.0,1,1.0
6,24,287.000,442.000,6.000,4.000,1.0,1,1.0
7,24,288.000,442.000,5.000,4.000,1.0,1,1.0
8,24,287.000,442.000,6.000,4.000,1.0,1,1.0
9,24,287.000,442.000,6.000,4.000,1.0,1,1.0
10,24,288.000,442.000,5.000,4.000,1.0,1,1.0
11,24,288.000,442.000,5.000,4.000,1.0,1,1.0
12,24,287.000,442.000,6.000,4.000,1.0,1,1.0
13,24,287.000,442.000,6.000,4.000,1.0,1,1.0
14,24,285.000,442.000,7.000,4.000,1.0,1,1.0
15,24,284.000,441.000,8.000,4.000,1.0,1,1.0
16,24,284.000,441.000,8.000,4.000,1.0,1,1.0
17,24,284.000,441.000,7.000,4.000,1.0,1,1.0
18,24,283.000,441.000,8.000,4.000,1.0,1,1.0
19,24,284.000,441.000,7.000,4.000,1.0,1,1.0
20,24,283.000,441.000,8.000,4.000,1.0,1,1.0
21,24,283.000,440.000,8.000,5.000,1.0,1,1.0
22,24,286.000,392.000,7.000,8.000,1.0,1,1.0
23,24,285.000,338.000,6.000,9.000,1.0,1,1.0
24,24,254.000,297.000,9.000,6.000,1.0,1,1.0
25,24,252.000,307.000,4.000,8.000,1.0,1,1.0
26,24,257.000,338.000,9.000,7.000,1.0,1,1.0
27,24,280.000,367.000,6.000,5.000,1.0,1,1.0
28,24,291.000,382.000,5.000,7.000,1.0,1,1.0
29,24,290.000,382.000,5.000,7.000,1.0,1,1.0
30,24,290.000,381.000,5.000,8.000,1.0,1,1.0
31,24,290.000,379.000,4.000,8.000,1.0,1,1.0
32,24,289.000,377.000,4.000,8.000,1.0,1,1.0
33,24,289.000,375.000,4.000,7.000,1.0,1,1.0
34,24,288.000,372.000,4.000,8.000,1.0,1,1.0
35,24,288.000,371.000,4.000,8.000,1.0,1,1.0
36,24,288.000,370.000,4.000,9.000,1.0,1,1.0
37,24,288.000,371.000,4.000,7.000,1.0,1,1.0
38,24,288.000,371.000,4.000,7.000,1.0,1,1.0
39,24,288.000,371.000,4.000,7.000,1.0,1,1.0
40,24,288.000,370.000,4.000,8.000,1.0,1,1.0
41,24,288.000,370.000,4.000,7.000,1.0,1,1.0
42,24,288.000,369.000,4.000,7.000,1.0,1,1.0
43,24,288.000,368.000,3.000,8.000,1.0,1,1.0
44,24,288.000,367.000,3.000,8.000,1.0,1,1.0
45,24,288.000,367.000,3.000,7.000,1.0,1,1.0
46,24,288.000,366.000,3.000,7.000,1.0,1,1.0
47,24,288.000,365.000,3.000,8.000,1.0,1,1.0
48,24,287.000,365.000,4.000,8.000,1.0,1,1.0
49,24,287.000,365.000,4.000,8.000,1.0,1,1.0
50,24,288.000,365.000,3.000,8.000,1.0,1,1.0
51,24,286.000,363.000,3.000,7.000,1.0,1,1.0
52,24,270.000,344.000,5.000,7.000,1.0,1,1.0
53,24,252.000,308.000,3.000,9.000,1.0,1,1.0
54,24,264.000,271.000,4.000,7.000,1.0,1,1.0
55,24,283.000,233.000,4.000,8.000,1.0,1,1.0
56,24,273.000,195.000,5.000,8.000,1.0,1,1.0
57,24,249.000,173.000,4.000,7.000,1.0,1,1.0
58,24,262.000,176.000,7.000,4.000,1.0,1,1.0
59,24,294.000,185.000,5.000,4.000,1.0,1,1.0
60,24,293.000,210.000,7.000,9.000,1.0,1,1.0
61,24,305.000,263.000,7.000,8.000,1.0,1,1.0
62,24,266.000,314.000,8.000,8.000,1.0,1,1.0
63,24,252.000,326.000,4.000,7.000,1.0,1,1.0
64,24,252.000,326.000,4.000,7.000,1.0,1,1.0
65,24,252.000,326.000,4.000,7.000,1.0,1,1.0
66,24,252.000,325.000,4.000,8.000,1.0,1,1.0
67,24,252.000,325.000,4.000,8.000,1.0,1,1.0
68,24,252.000,325.000,4.000,8.000,1.0,1,1.0
69,24,252.000,325.000,4.000,7.000,1.0,1,1.0
70,24,252.000,325.000,4.000,7.000,1.0,1,1.0
71,24,253.000,324.000,3.000,7.000,1.0,1,1.0
72,24,253.000,322.000,3.000,8.000,1.0,1,1.0
73,24,253.000,321.000,3.000,7.000,1.0,1,1.0
74,24,253.000,320.000,3.000,7.000,1.0,1,1.0
75,24,253.000,318.000,3.000,8.000,1.0,1,1.0
76,24,253.000,316.000,3.000,8.000,1.0,1,1.0
77,24,253.000,315.000,3.000,8.000,1.0,1,1.0
78,24,253.000,315.000,3.000,8.000,1.0,1,1.0
79,24,253.000,314.000,3.000,8.000,1.0,1,1.0
80,24,253.000,312.000,3.000,9.000,1.0,1,1.0
81,24,252.000,312.000,4.000,8.000,1.0,1,1.0
82,24,252.000,312.000,4.000,7.000,1.0,1,1.0
83,24,252.000,312.000,4.000,7.000,1.0,1,1.0
84,24,253.000,312.000,3.000,7.000,1.0,1,1.0
85,24,252.000,312.000,4.000,7.000,1.0,1,1.0
86,24,252.000,312.000,4.000,7.000,1.0,1,1.0
87,24,252.000,312.000,4.000,7.000,1.0,1,1.0
88,24,252.000,312.000,3.000,7.000,1.0,1,1.0
89,24,252.000,312.000,3.000,7.000,1.0,1,1.0
90,24,252.000,312.000,3.000,7.000,1.0,1,1.0
91,24,252.000,311.000,3.000,7.000,1.0,1,1.0
92,24,252.000,312.000,3.000,7.000,1.0,1,1.0
93,24,252.000,312.000,3.000,7.000,1.0,1,1.0
94,24,252.000,311.000,3.000,8.000,1.0,1,1.0
95,24,252.000,311.000,3.000,7.000,1.0,1,1.0
96,24,252.000,310.000,3.000,8.000,1.0,1,1.0
97,24,252.000,310.000,3.000,7.000,1.0,1,1.0
98,24,252.000,309.000,3.000,7.000,1.0,1,1.0
99,24,252.000,309.000,3.000,7.000,1.0,1,1.0
100,24,252.000,308.000,3.000,8.000,1.0,1,1.0
101,24,274.000,291.000,4.000,7.000,1.0,1,1.0
102,24,283.000,259.000,4.000,8.000,1.0,1,1.0
103,24,278.000,241.000,7.000,4.000,1.0,1,1.0
104,24,266.000,237.000,3.000,6.000,1.0,1,1.0
105,24,266.000,241.000,4.000,6.000,1.0,1,1.0
106,24,266.000,245.000,5.000,6.000,1.0,1,1.0
107,24,266.000,243.000,5.000,7.000,1.0,1,1.0
108,24,266.000,242.000,6.000,6.000,1.0,1,1.0
109,24,267.000,241.000,5.000,6.000,1.0,1,1.0
110,24,267.000,240.000,6.000,6.000,1.0,1,1.0
111,24,268.000,239.000,6.000,7.000,1.0,1,1.0
112,24,268.000,238.000,6.000,7.000,1.0,1,1.0
113,24,269.000,238.000,5.000,6.000,1.0,1,1.0
114,24,269.000,238.000,5.000,6.000,1.0,1,1.0
115,24,269.000,237.000,5.000,7.000,1.0,1,1.0
116,24,270.000,236.000,4.000,7.000,1.0,1,1.0
117,24,270.000,236.000,5.000,7.000,1.0,1,1.0
118,24,270.000,235.000,5.000,8.000,1.0,1,1.0
119,24,270.000,235.000,5.000,8.000,1.0,1,1.0
120,24,270.000,235.000,5.000,7.000,1.0,1,1.0
121,24,276.000,230.000,5.000,6.000,1.0,1,1.0
122,24,306.000,205.000,6.000,7.000,1.0,1,1.0
123,24,311.000,199.000,3.000,7.000,1.0,1,1.0
124,24,312.000,197.000,3.000,7.000,1.0,1,1.0
125,24,312.000,195.000,3.000,7.000,1.0,1,1.0
126,24,312.000,193.000,3.000,7.000,1.0,1,1.0
127,24,312.000,191.000,3.000,7.000,1.0,1,1.0
128,24,311.000,190.000,4.000,8.000,1.0,1,1.0
129,24,311.000,189.000,3.000,7.000,1.0,1,1.0
130,24,310.000,188.000,4.000,8.000,1.0,1,1.0
131,24,310.000,187.000,4.000,8.000,1.0,1,1.0
132,24,310.000,186.000,4.000,7.000,1.0,1,1.0
133,24,310.000,186.000,4.000,6.000,1.0,1,1.0
134,24,309.000,185.000,5.000,7.000,1.0,1,1.0
135,24,309.000,185.000,5.000,6.000,1.0,1,1.0
136,24,309.000,185.000,5.000,7.000,1.0,1,1.0
137,24,309.000,185.000,5.000,7.000,1.0,1,1.0
138,24,309.000,185.000,5.000,7.000,1.0,1,1.0
139,24,309.000,185.000,5.000,7.000,1.0,1,1.0
140,24,309.000,185.000,5.000,7.000,1.0,1,1.0
141,24,309.000,185.000,5.000,6.000,1.0,1,1.0
142,24,309.000,185.000,5.000,6.000,1.0,1,1.0
143,24,309.000,185.000,5.000,6.000,1.0,1,1.0
144,24,309.000,185.000,5.000,6.000,1.0,1,1.0
145,24,309.000,185.000,5.000,7.000,1.0,1,1.0
146,24,309.000,185.000,5.000,6.000,1.0,1,1.0
147,24,309.000,185.000,5.000,6.000,1.0,1,1.0
148,24,310.000,184.000,4.000,8.000,1.0,1,1.0
149,24,310.000,184.000,3.000,7.000,1.0,1,1.0
150,24,310.000,183.000,3.000,7.000,1.0,1,1.0
151,24,310.000,181.000,3.000,8.000,1.0,1,1.0
152,24,310.000,180.000,4.000,6.000,1.0,1,1.0
153,24,310.000,178.000,4.000,7.000,1.0,1,1.0
154,24,310.000,176.000,4.000,7.000,1.0,1,1.0
155,24,310.000,175.000,4.000,7.000,1.0,1,1.0
156,24,310.000,174.000,4.000,7.000,1.0,1,1.0
157,24,311.000,173.000,3.000,7.000,1.0,1,1.0
158,24,311.000,171.000,3.000,8.000,1.0,1,1.0
159,24,311.000,170.000,3.000,7.000,1.0,1,1.0
160,24,312.000,168.000,3.000,7.000,1.0,1,1.0
161,24,312.000,167.000,3.000,6.000,1.0,1,1.0
162,24,312.000,165.000,4.000,7.000,1.0,1,1.0
163,24,313.000,162.000,3.000,8.000,1.0,1,1.0
164,24,313.000,160.000,3.000,7.000,1.0,1,1.0
165,24,313.000,158.000,4.000,7.000,1.0,1,1.0
166,24,313.000,156.000,3.000,7.000,1.0,1,1.0
167,24,314.000,154.000,3.000,7.000,1.0,1,1.0
168,24,314.000,152.000,3.000,7.000,1.0,1,1.0
169,24,314.000,151.000,3.000,7.000,1.0,1,1.0
170,24,314.000,149.000,3.000,7.000,1.0,1,1.0
171,24,314.000,148.000,3.000,7.000,1.0,1,1.0
172,24,314.000,146.000,4.000,7.000,1.0,1,1.0
173,24,314.000,144.000,3.000,8.000,1.0,1,1.0
174,24,314.000,142.000,3.000,8.000,1.0,1,1.0
175,24,314.000,141.000,3.000,7.000,1.0,1,1.0
176,24,314.000,140.000,3.000,7.000,1.0,1,1.0
177,24,314.000,138.000,4.000,8.000,1.0,1,1.0
178,24,314.000,137.000,3.000,7.000,1.0,1,1.0
179,24,314.000,135.000,3.000,8.000,1.0,1,1.0
180,24,314.000,134.000,3.000,8.000,1.0,1,1.0
181,24,314.000,132.000,4.000,9.000,1.0,1,1.0
182,24,314.000,131.000,3.000,8.000,1.0,1,1.0
183,24,314.000,130.000,3.000,7.000,1.0,1,1.0
184,24,314.000,129.000,3.000,7.000,1.0,1,1.0
185,24,313.000,128.000,4.000,8.000,1.0,1,1.0
186,24,313.000,128.000,4.000,7.000,1.0,1,1.0
187,24,314.000,127.000,3.000,8.000,1.0,1,1.0
188,24,313.000,127.000,4.000,8.000,1.0,1,1.0
189,24,313.000,127.000,4.000,8.000,1.0,1,1.0
190,24,313.000,128.000,4.000,7.000,1.0,1,1.0
191,24,313.000,128.000,4.000,7.000,1.0,1,1.0
192,24,313.000,128.000,4.000,7.000,1.0,1,1.0
193,24,313.000,128.000,4.000,7.000,1.0,1,1.0
194,24,313.000,128.000,4.000,7.000,1.0,1,1.0
195,24,313.000,127.000,4.000,8.000,1.0,1,1.0
196,24,313.000,128.000,4.000,7.000,1.0,1,1.0
197,24,313.000,128.000,4.000,7.000,1.0,1,1.0
198,24,313.000,128.000,4.000,7.000,1.0,1,1.0
199,24,313.000,128.000,4.000,7.000,1.0,1,1.0
200,24,314.000,128.000,3.000,7.000,1.0,1,1.0
201,24,313.000,128.000,4.000,7.000,1.0,1,1.0
202,24,313.000,127.000,4.000,8.000,1.0,1,1.0
203,24,307.000,125.000,7.000,7.000,1.0,1,1.0
208,24,292.000,53.000,5.000,5.000,1.0,1,1.0
209,24,280.000,47.000,4.000,5.000,1.0,1,1.0
210,24,257.000,31.000,5.000,7.000,1.0,1,1.0
211,24,256.000,28.000,4.000,7.000,1.0,1,1.0
212,24,256.000,28.000,4.000,7.000,1.0,1,1.0
213,24,256.000,28.000,5.000,7.000,1.0,1,1.0
214,24,257.000,27.000,4.000,7.000,1.0,1,1.0
215,24,257.000,27.000,4.000,7.000,1.0,1,1.0
216,24,257.000,25.000,4.000,8.000,1.0,1,1.0
217,24,257.000,24.000,5.000,7.000,1.0,1,1.0
218,24,257.000,23.000,5.000,8.000,1.0,1,1.0
219,24,258.000,23.000,4.000,7.000,1.0,1,1.0
220,24,258.000,22.000,4.000,6.000,1.0,1,1.0
221,24,258.000,22.000,4.000,6.000,1.0,1,1.0
222,24,258.000,22.000,4.000,6.000,1.0,1,1.0
223,24,258.000,22.000,4.000,6.000,1.0,1,1.0
224,24,258.000,22.000,4.000,6.000,1.0,1,1.0
225,24,258.000,22.000,4.000,6.000,1.0,1,1.0
226,24,258.000,22.000,4.000,6.000,1.0,1,1.0
227,24,258.000,22.000,4.000,7.000,1.0,1,1.0
228,24,258.000,22.000,4.000,7.000,1.0,1,1.0
229,24,264.000,19.000,5.000,5.000,1.0,1,1.0
238,24,266.000,13.000,4.000,6.000,1.0,1,1.0
274,24,268.000,51.000,4.000,6.000,1.0,1,1.0
275,24,281.000,18.000,4.000,7.000,1.0,1,1.0
304,24,288.000,20.000,5.000,5.000,1.0,1,1.0
305,24,277.000,38.000,5.000,4.000,1.0,1,1.0
306,24,275.000,44.000,5.000,5.000,1.0,1,1.0
308,24,289.000,52.000,5.000,6.000,1.0,1,1.0
309,24,301.000,30.000,5.000,7.000,1.0,1,1.0
310,24,304.000,16.000,6.000,5.000,1.0,1,1.0
311,24,305.000,22.000,4.000,6.000,1.0,1,1.0
312,24,306.000,22.000,4.000,8.000,1.0,1,1.0
313,24,306.000,22.000,4.000,7.000,1.0,1,1.0
314,24,306.000,22.000,4.000,7.000,1.0,1,1.0
315,24,306.000,21.000,4.000,8.000,1.0,1,1.0
316,24,305.000,20.000,4.000,8.000,1.0,1,1.0
317,24,306.000,20.000,4.000,7.000,1.0,1,1.0
318,24,306.000,19.000,4.000,7.000,1.0,1,1.0
319,24,306.000,18.000,4.000,7.000,1.0,1,1.0
320,24,306.000,17.000,4.000,7.000,1.0,1,1.0
321,24,306.000,17.000,4.000,7.000,1.0,1,1.0
322,24,306.000,18.000,4.000,6.000,1.0,1,1.0
323,24,307.000,18.000,4.000,6.000,1.0,1,1.0
324,24,308.000,17.000,4.000,6.000,1.0,1,1.0
325,24,308.000,17.000,5.000,5.000,1.0,1,1.0
326,24,308.000,17.000,5.000,5.000,1.0,1,1.0
327,24,308.000,17.000,6.000,5.000,1.0,1,1.0
328,24,309.000,17.000,6.000,4.000,1.0,1,1.0
329,24,310.000,17.000,5.000,4.000,1.0,1,1.0
330,24,311.000,17.000,5.000,4.000,1.0,1,1.0
331,24,312.000,17.000,4.000,4.000,1.0,1,1.0
332,24,312.000,17.000,5.000,4.000,1.0,1,1.0
333,24,313.000,17.000,4.000,4.000,1.0,1,1.0
334,24,313.000,17.000,5.000,4.000,1.0,1,1.0
335,24,313.000,18.000,5.000,4.000,1.0,1,1.0
336,24,313.000,18.000,5.000,4.000,1.0,1,1.0
337,24,313.000,18.000,5.000,4.000,1.0,1,1.0
338,24,313.000,19.000,5.000,4.000,1.0,1,1.0
339,24,313.000,19.000,5.000,4.000,1.0,1,1.0
340,24,313.000,19.000,5.000,4.000,1.0,1,1.0
341,24,313.000,19.000,5.000,4.000,1.0,1,1.0
342,24,313.000,19.000,4.000,4.000,1.0,1,1.0
343,24,313.000,18.000,4.000,5.000,1.0,1,1.0
344,24,312.000,19.000,5.000,5.000,1.0,1,1.0
345,24,312.000,20.000,4.000,5.000,1.0,1,1.0
346,24,311.000,21.000,5.000,5.000,1.0,1,1.0
347,24,311.000,22.000,4.000,5.000,1.0,1,1.0
348,24,310.000,23.000,5.000,5.000,1.0,1,1.0
349,24,310.000,24.000,5.000,5.000,1.0,1,1.0
350,24,309.000,25.000,5.000,5.000,1.0,1,1.0
351,24,309.000,26.000,4.000,6.000,1.0,1,1.0
352,24,307.000,27.000,6.000,6.000,1.0,1,1.0
353,24,306.000,29.000,5.000,4.000,1.0,1,1.0
354,24,305.000,29.000,6.000,5.000,1.0,1,1.0
355,24,304.000,30.000,6.000,4.000,1.0,1,1.0
356,24,303.000,30.000,6.000,4.000,1.0,1,1.0
357,24,301.000,30.000,7.000,4.000,1.0,1,1.0
358,24,300.000,30.000,6.000,4.000,1.0,1,1.0
359,24,299.000,30.000,6.000,4.000,1.0,1,1.0
360,24,298.000,30.000,6.000,4.000,1.0,1,1.0
361,24,297.000,30.000,6.000,5.000,1.0,1,1.0
362,24,296.000,31.000,6.000,4.000,1.0,1,1.0
363,24,295.000,31.000,7.000,5.000,1.0,1,1.0
5,12,128.000,439.000,5.000,5.000,1.0,1,1.0
6,12,128.000,439.000,6.000,5.000,1.0,1,1.0
7,12,130.000,439.000,5.000,4.000,1.0,1,1.0
8,12,130.000,439.000,6.000,4.000,1.0,1,1.0
9,12,131.000,439.000,6.000,4.000,1.0,1,1.0
10,12,132.000,439.000,5.000,4.000,1.0,1,1.0
11,12,131.000,440.000,6.000,3.000,1.0,1,1.0
12,12,131.000,440.000,6.000,3.000,1.0,1,1.0
13,12,132.000,440.000,5.000,3.000,1.0,1,1.0
14,12,132.000,440.000,5.000,3.000,1.0,1,1.0
15,12,134.000,433.000,5.000,6.000,1.0,1,1.0
8,8,67.000,440.000,4.000,3.000,1.0,1,1.0
9,8,68.000,440.000,4.000,3.000,1.0,1,1.0
10,8,69.000,440.000,3.000,3.000,1.0,1,1.0
11,8,69.000,440.000,4.000,3.000,1.0,1,1.0
12,8,41.000,409.000,8.000,5.000,1.0,1,1.0
13,8,11.000,394.000,5.000,4.000,1.0,1,1.0
14,8,19.000,394.000,8.000,5.000,1.0,1,1.0
15,8,43.000,416.000,7.000,6.000,1.0,1,1.0
16,8,67.000,436.000,4.000,6.000,1.0,1,1.0
17,8,64.000,430.000,8.000,5.000,1.0,1,1.0
18,8,68.000,417.000,6.000,5.000,1.0,1,1.0
19,8,71.000,428.000,4.000,8.000,1.0,1,1.0
20,8,70.000,441.000,5.000,3.000,1.0,1,1.0
21,8,70.000,441.000,5.000,3.000,1.0,1,1.0
22,8,70.000,441.000,5.000,3.000,1.0,1,1.0
23,8,70.000,441.000,5.000,3.000,1.0,1,1.0
24,8,70.000,441.000,5.000,3.000,1.0,1,1.0
25,8,70.000,441.000,5.000,3.000,1.0,1,1.0
26,8,69.000,441.000,5.000,3.000,1.0,1,1.0
27,8,69.000,440.000,5.000,4.000,1.0,1,1.0
28,8,68.000,440.000,6.000,4.000,1.0,1,1.0
29,8,69.000,440.000,5.000,4.000,1.0,1,1.0
30,8,66.000,438.000,7.000,5.000,1.0,1,1.0
31,8,68.000,439.000,6.000,4.000,1.0,1,1.0
32,8,67.000,439.000,7.000,4.000,1.0,1,1.0
33,8,65.000,439.000,8.000,3.000,1.0,1,1.0
34,8,68.000,436.000,6.000,5.000,1.0,1,1.0
35,8,69.000,434.000,4.000,7.000,1.0,1,1.0
36,8,71.000,433.000,3.000,7.000,1.0,1,1.0
37,8,71.000,429.000,3.000,8.000,1.0,1,1.0
38,8,70.000,427.000,3.000,7.000,1.0,1,1.0
39,8,70.000,425.000,3.000,7.000,1.0,1,1.0
40,8,69.000,421.000,3.000,8.000,1.0,1,1.0
41,8,69.000,418.000,3.000,8.000,1.0,1,1.0
42,8,69.000,415.000,3.000,8.000,1.0,1,1.0
43,8,68.000,413.000,3.000,7.000,1.0,1,1.0
44,8,67.000,410.000,4.000,7.000,1.0,1,1.0
45,8,66.000,407.000,4.000,8.000,1.0,1,1.0
46,8,65.000,405.000,4.000,7.000,1.0,1,1.0
47,8,63.000,403.000,4.000,7.000,1.0,1,1.0
48,8,61.000,401.000,5.000,7.000,1.0,1,1.0
49,8,60.000,399.000,5.000,7.000,1.0,1,1.0
50,8,60.000,397.000,4.000,7.000,1.0,1,1.0
51,8,60.000,394.000,3.000,8.000,1.0,1,1.0
52,8,61.000,392.000,4.000,8.000,1.0,1,1.0
53,8,63.000,389.000,3.000,8.000,1.0,1,1.0
54,8,64.000,387.000,4.000,8.000,1.0,1,1.0
55,8,65.000,384.000,5.000,5.000,1.0,1,1.0
56,8,66.000,381.000,4.000,7.000,1.0,1,1.0
57,8,67.000,379.000,4.000,7.000,1.0,1,1.0
58,8,68.000,376.000,4.000,7.000,1.0,1,1.0
59,8,69.000,374.000,3.000,7.000,1.0,1,1.0
60,8,70.000,371.000,3.000,7.000,1.0,1,1.0
61,8,70.000,368.000,3.000,7.000,1.0,1,1.0
62,8,71.000,365.000,3.000,7.000,1.0,1,1.0
63,8,71.000,362.000,3.000,6.000,1.0,1,1.0
64,8,71.000,359.000,4.000,7.000,1.0,1,1.0
65,8,72.000,357.000,3.000,7.000,1.0,1,1.0
66,8,72.000,355.000,3.000,6.000,1.0,1,1.0
67,8,72.000,353.000,3.000,6.000,1.0,1,1.0
68,8,72.000,350.000,3.000,6.000,1.0,1,1.0
69,8,72.000,347.000,3.000,7.000,1.0,1,1.0
70,8,72.000,345.000,3.000,6.000,1.0,1,1.0
71,8,72.000,343.000,3.000,6.000,1.0,1,1.0
72,8,72.000,340.000,3.000,7.000,1.0,1,1.0
73,8,71.000,338.000,3.000,6.000,1.0,1,1.0
74,8,71.000,335.000,3.000,7.000,1.0,1,1.0
75,8,70.000,332.000,3.000,7.000,1.0,1,1.0
76,8,69.000,330.000,4.000,7.000,1.0,1,1.0
77,8,68.000,327.000,4.000,7.000,1.0,1,1.0
78,8,68.000,323.000,4.000,8.000,1.0,1,1.0
79,8,67.000,321.000,4.000,7.000,1.0,1,1.0
80,8,66.000,318.000,4.000,8.000,1.0,1,1.0
81,8,65.000,316.000,4.000,7.000,1.0,1,1.0
82,8,63.000,313.000,4.000,8.000,1.0,1,1.0
83,8,61.000,311.000,5.000,7.000,1.0,1,1.0
84,8,59.000,309.000,5.000,7.000,1.0,1,1.0
85,8,58.000,306.000,4.000,7.000,1.0,1,1.0
86,8,56.000,304.000,4.000,7.000,1.0,1,1.0
87,8,53.000,303.000,6.000,6.000,1.0,1,1.0
88,8,51.000,302.000,6.000,6.000,1.0,1,1.0
89,8,49.000,301.000,7.000,5.000,1.0,1,1.0
90,8,46.000,301.000,7.000,4.000,1.0,1,1.0
91,8,43.000,301.000,7.000,3.000,1.0,1,1.0
92,8,40.000,301.000,8.000,3.000,1.0,1,1.0
93,8,37.000,301.000,8.000,3.000,1.0,1,1.0
94,8,34.000,301.000,8.000,3.000,1.0,1,1.0
95,8,32.000,300.000,8.000,3.000,1.0,1,1.0
96,8,29.000,300.000,8.000,3.000,1.0,1,1.0
97,8,27.000,299.000,7.000,4.000,1.0,1,1.0
98,8,24.000,299.000,7.000,4.000,1.0,1,1.0
99,8,22.000,298.000,7.000,4.000,1.0,1,1.0
100,8,20.000,297.000,7.000,4.000,1.0,1,1.0
101,8,18.000,296.000,6.000,4.000,1.0,1,1.0
102,8,16.000,295.000,7.000,5.000,1.0,1,1.0
103,8,14.000,294.000,6.000,5.000,1.0,1,1.0
104,8,13.000,293.000,6.000,5.000,1.0,1,1.0
105,8,10.000,292.000,7.000,5.000,1.0,1,1.0
106,8,8.000,291.000,8.000,6.000,1.0,1,1.0
127,8,11.000,241.000,5.000,8.000,1.0,1,1.0
128,8,10.000,239.000,6.000,8.000,1.0,1,1.0
129,8,11.000,237.000,5.000,8.000,1.0,1,1.0
130,8,13.000,235.000,4.000,8.000,1.0,1,1.0
131,8,14.000,233.000,4.000,8.000,1.0,1,1.0
132,8,15.000,231.000,4.000,8.000,1.0,1,1.0
133,8,16.000,230.000,5.000,6.000,1.0,1,1.0
134,8,18.000,229.000,5.000,6.000,1.0,1,1.0
135,8,20.000,227.000,5.000,6.000,1.0,1,1.0
136,8,21.000,226.000,6.000,6.000,1.0,1,1.0
137,8,22.000,226.000,6.000,5.000,1.0,1,1.0
138,8,23.000,224.000,6.000,6.000,1.0,1,1.0
139,8,24.000,221.000,5.000,8.000,1.0,1,1.0
140,8,25.000,219.000,4.000,8.000,1.0,1,1.0
141,8,26.000,216.000,4.000,8.000,1.0,1,1.0
142,8,27.000,213.000,3.000,8.000,1.0,1,1.0
143,8,27.000,210.000,4.000,9.000,1.0,1,1.0
144,8,29.000,209.000,4.000,8.000,1.0,1,1.0
145,8,30.000,208.000,6.000,7.000,1.0,1,1.0
146,8,32.000,207.000,7.000,6.000,1.0,1,1.0
147,8,35.000,205.000,7.000,6.000,1.0,1,1.0
148,8,37.000,204.000,7.000,6.000,1.0,1,1.0
149,8,39.000,202.000,7.000,6.000,1.0,1,1.0
150,8,41.000,201.000,8.000,6.000,1.0,1,1.0
151,8,43.000,199.000,8.000,6.000,1.0,1,1.0
152,8,46.000,198.000,7.000,6.000,1.0,1,1.0
153,8,48.000,196.000,7.000,7.000,1.0,1,1.0
154,8,50.000,194.000,6.000,7.000,1.0,1,1.0
155,8,51.000,193.000,6.000,7.000,1.0,1,1.0
156,8,53.000,191.000,6.000,7.000,1.0,1,1.0
157,8,55.000,189.000,6.000,7.000,1.0,1,1.0
158,8,57.000,187.000,6.000,7.000,1.0,1,1.0
159,8,59.000,185.000,5.000,7.000,1.0,1,1.0
160,8,60.000,183.000,5.000,7.000,1.0,1,1.0
161,8,62.000,182.000,5.000,6.000,1.0,1,1.0
162,8,64.000,180.000,4.000,7.000,1.0,1,1.0
163,8,65.000,178.000,4.000,7.000,1.0,1,1.0
164,8,66.000,177.000,4.000,6.000,1.0,1,1.0
165,8,67.000,174.000,2.000,8.000,1.0,1,1.0
166,8,66.000,172.000,3.000,8.000,1.0,1,1.0
167,8,65.000,170.000,4.000,7.000,1.0,1,1.0
168,8,64.000,167.000,4.000,8.000,1.0,1,1.0
169,8,63.000,165.000,4.000,8.000,1.0,1,1.0
170,8,61.000,163.000,5.000,7.000,1.0,1,1.0
171,8,60.000,160.000,4.000,8.000,1.0,1,1.0
172,8,58.000,158.000,5.000,7.000,1.0,1,1.0
173,8,57.000,156.000,5.000,7.000,1.0,1,1.0
174,8,55.000,153.000,5.000,8.000,1.0,1,1.0
175,8,53.000,151.000,5.000,8.000,1.0,1,1.0
176,8,51.000,148.000,6.000,8.000,1.0,1,1.0
177,8,50.000,145.000,5.000,8.000,1.0,1,1.0
178,8,48.000,143.000,6.000,8.000,1.0,1,1.0
179,8,47.000,140.000,5.000,8.000,1.0,1,1.0
180,8,46.000,137.000,5.000,8.000,1.0,1,1.0
181,8,44.000,135.000,6.000,8.000,1.0,1,1.0
182,8,44.000,132.000,5.000,8.000,1.0,1,1.0
183,8,42.000,130.000,5.000,8.000,1.0,1,1.0
184,8,41.000,127.000,5.000,8.000,1.0,1,1.0
185,8,41.000,124.000,4.000,8.000,1.0,1,1.0
186,8,42.000,121.000,3.000,8.000,1.0,1,1.0
187,8,42.000,117.000,4.000,8.000,1.0,1,1.0
188,8,43.000,114.000,4.000,9.000,1.0,1,1.0
189,8,44.000,111.000,3.000,8.000,1.0,1,1.0
190,8,44.000,109.000,3.000,8.000,1.0,1,1.0
191,8,43.000,107.000,3.000,7.000,1.0,1,1.0
192,8,41.000,104.000,5.000,8.000,1.0,1,1.0
207,8,18.000,69.000,5.000,4.000,1.0,1,1.0
208,8,17.000,65.000,5.000,7.000,1.0,1,1.0
209,8,15.000,64.000,5.000,6.000,1.0,1,1.0
210,8,14.000,61.000,4.000,8.000,1.0,1,1.0
211,8,12.000,58.000,5.000,8.000,1.0,1,1.0
212,8,11.000,57.000,6.000,10.000,1.0,1,1.0
242,8,16.000,20.000,7.000,5.000,1.0,1,1.0
243,8,16.000,20.000,8.000,5.000,1.0,1,1.0
244,8,18.000,19.000,8.000,4.000,1.0,1,1.0
245,8,20.000,20.000,8.000,4.000,1.0,1,1.0
246,8,22.000,19.000,8.000,5.000,1.0,1,1.0
247,8,25.000,20.000,8.000,4.000,1.0,1,1.0
248,8,26.000,19.000,8.000,5.000,1.0,1,1.0
249,8,29.000,19.000,8.000,4.000,1.0,1,1.0
250,8,31.000,19.000,8.000,4.000,1.0,1,1.0
251,8,32.000,18.000,7.000,5.000,1.0,1,1.0
252,8,32.000,17.000,5.000,7.000,1.0,1,1.0
253,8,32.000,17.000,4.000,7.000,1.0,1,1.0
254,8,32.000,17.000,4.000,7.000,1.0,1,1.0
255,8,31.000,17.000,4.000,7.000,1.0,1,1.0
256,8,30.000,17.000,5.000,7.000,1.0,1,1.0
257,8,28.000,17.000,7.000,7.000,1.0,1,1.0
258,8,28.000,18.000,6.000,5.000,1.0,1,1.0
259,8,27.000,18.000,6.000,5.000,1.0,1,1.0
260,8,26.000,18.000,7.000,5.000,1.0,1,1.0
261,8,25.000,19.000,7.000,4.000,1.0,1,1.0
262,8,23.000,19.000,8.000,4.000,1.0,1,1.0
263,8,22.000,19.000,8.000,4.000,1.0,1,1.0
264,8,20.000,19.000,8.000,4.000,1.0,1,1.0
265,8,19.000,19.000,8.000,5.000,1.0,1,1.0
266,8,18.000,19.000,7.000,5.000,1.0,1,1.0
267,8,17.000,19.000,8.000,4.000,1.0,1,1.0
11,19,148.000,438.000,5.000,3.000,1.0,1,1.0
12,19,145.000,438.000,6.000,3.000,1.0,1,1.0
13,19,145.000,438.000,5.000,3.000,1.0,1,1.0
14,19,142.000,438.000,6.000,3.000,1.0,1,1.0
15,19,139.000,438.000,7.000,3.000,1.0,1,1.0
16,19,139.000,438.000,6.000,4.000,1.0,1,1.0
17,19,138.000,438.000,6.000,4.000,1.0,1,1.0
18,19,138.000,438.000,6.000,4.000,1.0,1,1.0
19,19,137.000,439.000,7.000,3.000,1.0,1,1.0
20,19,136.000,439.000,7.000,4.000,1.0,1,1.0
21,19,134.000,439.000,8.000,3.000,1.0,1,1.0
22,19,134.000,439.000,7.000,4.000,1.0,1,1.0
23,19,134.000,439.000,7.000,5.000,1.0,1,1.0
24,19,134.000,439.000,7.000,5.000,1.0,1,1.0
25,19,134.000,439.000,7.000,5.000,1.0,1,1.0
26,19,135.000,439.000,7.000,6.000,1.0,1,1.0
27,19,135.000,439.000,7.000,4.000,1.0,1,1.0
28,19,134.000,439.000,7.000,4.000,1.0,1,1.0
29,19,134.000,439.000,6.000,4.000,1.0,1,1.0
30,19,133.000,439.000,8.000,5.000,1.0,1,1.0
31,19,133.000,439.000,8.000,5.000,1.0,1,1.0
32,19,132.000,439.000,8.000,5.000,1.0,1,1.0
33,19,132.000,439.000,6.000,4.000,1.0,1,1.0
34,19,132.000,439.000,6.000,4.000,1.0,1,1.0
35,19,131.000,439.000,6.000,3.000,1.0,1,1.0
36,19,131.000,439.000,6.000,3.000,1.0,1,1.0
37,19,131.000,439.000,6.000,3.000,1.0,1,1.0
38,19,131.000,438.000,6.000,4.000,1.0,1,1.0
39,19,126.000,433.000,4.000,5.000,1.0,1,1.0
40,19,130.000,436.000,6.000,4.000,1.0,1,1.0
41,19,132.000,429.000,3.000,6.000,1.0,1,1.0
42,19,134.000,420.000,7.000,4.000,1.0,1,1.0
43,19,160.000,415.000,7.000,4.000,1.0,1,1.0
44,19,169.000,425.000,5.000,4.000,1.0,1,1.0
45,19,189.000,440.000,4.000,4.000,1.0,1,1.0
46,19,184.000,438.000,5.000,5.000,1.0,1,1.0
47,19,184.000,439.000,6.000,4.000,1.0,1,1.0
48,19,184.000,439.000,5.000,4.000,1.0,1,1.0
49,19,184.000,439.000,5.000,5.000,1.0,1,1.0
50,19,184.000,439.000,5.000,5.000,1.0,1,1.0
51,19,184.000,439.000,5.000,5.000,1.0,1,1.0
52,19,184.000,439.000,5.000,4.000,1.0,1,1.0
53,19,184.000,439.000,5.000,4.000,1.0,1,1.0
54,19,186.000,432.000,3.000,8.000,1.0,1,1.0
55,19,184.000,439.000,6.000,5.000,1.0,1,1.0
56,19,184.000,439.000,6.000,4.000,1.0,1,1.0
57,19,184.000,439.000,6.000,4.000,1.0,1,1.0
58,19,184.000,440.000,7.000,3.000,1.0,1,1.0
59,19,184.000,440.000,7.000,3.000,1.0,1,1.0
60,19,184.000,440.000,6.000,3.000,1.0,1,1.0
61,19,184.000,440.000,6.000,3.000,1.0,1,1.0
62,19,184.000,440.000,6.000,3.000,1.0,1,1.0
63,19,184.000,440.000,6.000,3.000,1.0,1,1.0
64,19,184.000,440.000,6.000,3.000,1.0,1,1.0
65,19,184.000,440.000,6.000,3.000,1.0,1,1.0
66,19,184.000,440.000,6.000,4.000,1.0,1,1.0
67,19,184.000,440.000,6.000,4.000,1.0,1,1.0
68,19,184.000,440.000,6.000,4.000,1.0,1,1.0
69,19,184.000,440.000,5.000,4.000,1.0,1,1.0
70,19,184.000,440.000,5.000,4.000,1.0,1,1.0
71,19,184.000,440.000,5.000,4.000,1.0,1,1.0
72,19,184.000,440.000,5.000,4.000,1.0,1,1.0
73,19,184.000,439.000,4.000,5.000,1.0,1,1.0
74,19,183.000,440.000,4.000,3.000,1.0,1,1.0
75,19,182.000,440.000,4.000,4.000,1.0,1,1.0
76,19,181.000,440.000,4.000,4.000,1.0,1,1.0
77,19,179.000,440.000,5.000,4.000,1.0,1,1.0
79,19,169.000,425.000,5.000,7.000,1.0,1,1.0
80,19,131.000,383.000,6.000,3.000,1.0,1,1.0
81,19,139.000,395.000,4.000,9.000,1.0,1,1.0
82,19,131.000,438.000,4.000,7.000,1.0,1,1.0
85,19,189.000,426.000,3.000,7.000,1.0,1,1.0
86,19,177.000,427.000,5.000,6.000,1.0,1,1.0
87,19,165.000,430.000,7.000,3.000,1.0,1,1.0
88,19,168.000,431.000,5.000,6.000,1.0,1,1.0
89,19,166.000,436.000,5.000,7.000,1.0,1,1.0
90,19,163.000,439.000,7.000,5.000,1.0,1,1.0
91,19,164.000,438.000,6.000,5.000,1.0,1,1.0
92,19,166.000,438.000,5.000,5.000,1.0,1,1.0
93,19,167.000,438.000,6.000,5.000,1.0,1,1.0
95,19,168.000,436.000,5.000,7.000,1.0,1,1.0
96,19,168.000,436.000,5.000,6.000,1.0,1,1.0
97,19,169.000,437.000,4.000,6.000,1.0,1,1.0
98,19,168.000,437.000,4.000,5.000,1.0,1,1.0
99,19,168.000,437.000,4.000,6.000,1.0,1,1.0
100,19,168.000,437.000,4.000,6.000,1.0,1,1.0
101,19,167.000,437.000,4.000,7.000,1.0,1,1.0
102,19,164.000,436.000,4.000,6.000,1.0,1,1.0
103,19,181.000,440.000,4.000,4.000,1.0,1,1.0
104,19,183.000,439.000,4.000,5.000,1.0,1,1.0
105,19,182.000,440.000,5.000,4.000,1.0,1,1.0
113,19,183.000,439.000,5.000,4.000,1.0,1,1.0
114,19,183.000,439.000,5.000,3.000,1.0,1,1.0
115,19,185.000,439.000,4.000,4.000,1.0,1,1.0
116,19,185.000,439.000,5.000,4.000,1.0,1,1.0
117,19,185.000,440.000,5.000,3.000,1.0,1,1.0
118,19,185.000,440.000,6.000,3.000,1.0,1,1.0
119,19,186.000,440.000,5.000,3.000,1.0,1,1.0
120,19,186.000,440.000,4.000,4.000,1.0,1,1.0
121,19,186.000,440.000,4.000,3.000,1.0,1,1.0
122,19,186.000,440.000,4.000,4.000,1.0,1,1.0
123,19,186.000,439.000,4.000,4.000,1.0,1,1.0
124,19,186.000,439.000,4.000,4.000,1.0,1,1.0
125,19,186.000,440.000,5.000,3.000,1.0,1,1.0
126,19,187.000,440.000,5.000,4.000,1.0,1,1.0
127,19,187.000,440.000,5.000,4.000,1.0,1,1.0
128,19,187.000,440.000,5.000,4.000,1.0,1,1.0
129,19,186.000,440.000,6.000,4.000,1.0,1,1.0
130,19,185.000,440.000,6.000,3.000,1.0,1,1.0
131,19,186.000,439.000,5.000,4.000,1.0,1,1.0
132,19,185.000,439.000,6.000,4.000,1.0,1,1.0
133,19,187.000,440.000,4.000,4.000,1.0,1,1.0
134,19,187.000,440.000,4.000,4.000,1.0,1,1.0
135,19,186.000,440.000,4.000,3.000,1.0,1,1.0
136,19,186.000,440.000,4.000,3.000,1.0,1,1.0
137,19,186.000,440.000,4.000,3.000,1.0,1,1.0
138,19,186.000,440.000,4.000,3.000,1.0,1,1.0
139,19,185.000,440.000,4.000,3.000,1.0,1,1.0
140,19,184.000,440.000,4.000,4.000,1.0,1,1.0
141,19,184.000,440.000,4.000,4.000,1.0,1,1.0
142,19,184.000,440.000,4.000,4.000,1.0,1,1.0
143,19,182.000,439.000,4.000,4.000,1.0,1,1.0
144,19,182.000,439.000,4.000,4.000,1.0,1,1.0
145,19,181.000,440.000,4.000,3.000,1.0,1,1.0
146,19,180.000,439.000,4.000,4.000,1.0,1,1.0
147,19,180.000,440.000,4.000,4.000,1.0,1,1.0
148,19,180.000,440.000,4.000,4.000,1.0,1,1.0
149,19,178.000,439.000,5.000,4.000,1.0,1,1.0
150,19,174.000,439.000,7.000,5.000,1.0,1,1.0
151,19,174.000,439.000,6.000,5.000,1.0,1,1.0
152,19,174.000,439.000,6.000,5.000,1.0,1,1.0
153,19,172.000,439.000,7.000,5.000,1.0,1,1.0
154,19,172.000,439.000,6.000,5.000,1.0,1,1.0
155,19,172.000,438.000,6.000,6.000,1.0,1,1.0
156,19,171.000,438.000,7.000,6.000,1.0,1,1.0
157,19,171.000,438.000,7.000,6.000,1.0,1,1.0
158,19,170.000,437.000,7.000,7.000,1.0,1,1.0
159,19,172.000,437.000,5.000,7.000,1.0,1,1.0
160,19,173.000,437.000,4.000,7.000,1.0,1,1.0
161,19,173.000,437.000,4.000,7.000,1.0,1,1.0
162,19,172.000,437.000,4.000,7.000,1.0,1,1.0
163,19,173.000,436.000,4.000,8.000,1.0,1,1.0
164,19,172.000,436.000,5.000,8.000,1.0,1,1.0
165,19,173.000,436.000,4.000,8.000,1.0,1,1.0
166,19,173.000,436.000,4.000,8.000,1.0,1,1.0
167,19,173.000,436.000,5.000,7.000,1.0,1,1.0
168,19,175.000,436.000,4.000,7.000,1.0,1,1.0
169,19,179.000,441.000,6.000,4.000,1.0,1,1.0
170,19,179.000,442.000,8.000,4.000,1.0,1,1.0
171,19,179.000,442.000,7.000,4.000,1.0,1,1.0
172,19,180.000,442.000,7.000,4.000,1.0,1,1.0
173,19,179.000,441.000,6.000,4.000,1.0,1,1.0
174,19,179.000,440.000,5.000,4.000,1.0,1,1.0
175,19,179.000,441.000,6.000,3.000,1.0,1,1.0
176,19,180.000,442.000,5.000,3.000,1.0,1,1.0
177,19,180.000,442.000,5.000,3.000,1.0,1,1.0
178,19,180.000,442.000,6.000,3.000,1.0,1,1.0
179,19,180.000,441.000,6.000,4.000,1.0,1,1.0
180,19,180.000,436.000,5.000,8.000,1.0,1,1.0
181,19,180.000,439.000,5.000,5.000,1.0,1,1.0
182,19,179.000,439.000,5.000,5.000,1.0,1,1.0
183,19,179.000,439.000,6.000,5.000,1.0,1,1.0
184,19,179.000,439.000,6.000,5.000,1.0,1,1.0
185,19,179.000,439.000,6.000,5.000,1.0,1,1.0
186,19,179.000,439.000,6.000,5.000,1.0,1,1.0
187,19,179.000,439.000,6.000,4.000,1.0,1,1.0
188,19,179.000,439.000,7.000,4.000,1.0,1,1.0
189,19,180.000,439.000,7.000,4.000,1.0,1,1.0
190,19,180.000,439.000,6.000,4.000,1.0,1,1.0
191,19,183.000,440.000,4.000,4.000,1.0,1,1.0
192,19,184.000,440.000,4.000,4.000,1.0,1,1.0
193,19,184.000,440.000,4.000,4.000,1.0,1,1.0
194,19,184.000,440.000,4.000,4.000,1.0,1,1.0
195,19,184.000,439.000,4.000,4.000,1.0,1,1.0
196,19,184.000,439.000,4.000,4.000,1.0,1,1.0
197,19,184.000,439.000,4.000,4.000,1.0,1,1.0
198,19,184.000,439.000,4.000,4.000,1.0,1,1.0
199,19,184.000,440.000,4.000,4.000,1.0,1,1.0
200,19,184.000,440.000,5.000,4.000,1.0,1,1.0
201,19,184.000,440.000,5.000,4.000,1.0,1,1.0
202,19,184.000,440.000,5.000,4.000,1.0,1,1.0
203,19,184.000,440.000,5.000,4.000,1.0,1,1.0
204,19,184.000,440.000,5.000,4.000,1.0,1,1.0
205,19,184.000,440.000,5.000,4.000,1.0,1,1.0
206,19,185.000,440.000,4.000,4.000,1.0,1,1.0
207,19,184.000,440.000,5.000,4.000,1.0,1,1.0
208,19,184.000,440.000,5.000,4.000,1.0,1,1.0
209,19,185.000,440.000,4.000,4.000,1.0,1,1.0
210,19,184.000,440.000,5.000,4.000,1.0,1,1.0
211,19,185.000,440.000,4.000,4.000,1.0,1,1.0
212,19,185.000,440.000,4.000,4.000,1.0,1,1.0
213,19,185.000,440.000,4.000,4.000,1.0,1,1.0
214,19,185.000,440.000,4.000,4.000,1.0,1,1.0
215,19,185.000,441.000,4.000,3.000,1.0,1,1.0
216,19,185.000,440.000,4.000,4.000,1.0,1,1.0
217,19,185.000,440.000,5.000,4.000,1.0,1,1.0
218,19,185.000,440.000,5.000,4.000,1.0,1,1.0
219,19,185.000,441.000,5.000,3.000,1.0,1,1.0
220,19,185.000,440.000,5.000,4.000,1.0,1,1.0
221,19,185.000,440.000,5.000,4.000,1.0,1,1.0
222,19,186.000,440.000,4.000,4.000,1.0,1,1.0
223,19,186.000,440.000,4.000,3.000,1.0,1,1.0
224,19,186.000,440.000,4.000,3.000,1.0,1,1.0
225,19,186.000,439.000,4.000,4.000,1.0,1,1.0
226,19,187.000,440.000,3.000,3.000,1.0,1,1.0
227,19,186.000,439.000,4.000,4.000,1.0,1,1.0
228,19,186.000,439.000,4.000,4.000,1.0,1,1.0
229,19,186.000,439.000,4.000,4.000,1.0,1,1.0
230,19,186.000,439.000,4.000,4.000,1.0,1,1.0
231,19,186.000,439.000,4.000,3.000,1.0,1,1.0
232,19,185.000,439.000,4.000,3.000,1.0,1,1.0
233,19,185.000,438.000,4.000,4.000,1.0,1,1.0
234,19,185.000,438.000,4.000,4.000,1.0,1,1.0
235,19,185.000,438.000,5.000,4.000,1.0,1,1.0
236,19,185.000,438.000,5.000,5.000,1.0,1,1.0
237,19,185.000,438.000,5.000,4.000,1.0,1,1.0
238,19,161.000,388.000,6.000,4.000,1.0,1,1.0
239,19,139.000,396.000,6.000,6.000,1.0,1,1.0
240,19,127.000,377.000,4.000,8.000,1.0,1,1.0
241,19,124.000,361.000,5.000,5.000,1.0,1,1.0
242,19,126.000,358.000,7.000,4.000,1.0,1,1.0
243,19,126.000,361.000,6.000,5.000,1.0,1,1.0
244,19,127.000,377.000,4.000,6.000,1.0,1,1.0
245,19,125.000,376.000,4.000,4.000,1.0,1,1.0
246,19,125.000,377.000,4.000,4.000,1.0,1,1.0
247,19,124.000,377.000,6.000,4.000,1.0,1,1.0
248,19,124.000,377.000,5.000,4.000,1.0,1,1.0
249,19,124.000,377.000,4.000,4.000,1.0,1,1.0
250,19,124.000,377.000,4.000,4.000,1.0,1,1.0
251,19,124.000,377.000,4.000,4.000,1.0,1,1.0
252,19,124.000,377.000,4.000,4.000,1.0,1,1.0
253,19,124.000,377.000,4.000,4.000,1.0,1,1.0
254,19,124.000,377.000,4.000,4.000,1.0,1,1.0
255,19,124.000,377.000,4.000,4.000,1.0,1,1.0
256,19,124.000,377.000,4.000,4.000,1.0,1,1.0
257,19,124.000,377.000,4.000,4.000,1.0,1,1.0
258,19,124.000,377.000,3.000,4.000,1.0,1,1.0
259,19,124.000,377.000,4.000,5.000,1.0,1,1.0
260,19,123.000,377.000,4.000,5.000,1.0,1,1.0
261,19,123.000,377.000,4.000,5.000,1.0,1,1.0
262,19,124.000,377.000,3.000,6.000,1.0,1,1.0
263,19,123.000,377.000,4.000,5.000,1.0,1,1.0
264,19,123.000,377.000,4.000,5.000,1.0,1,1.0
265,19,123.000,377.000,4.000,6.000,1.0,1,1.0
266,19,123.000,377.000,4.000,5.000,1.0,1,1.0
267,19,123.000,377.000,4.000,5.000,1.0,1,1.0
268,19,126.000,377.000,3.000,4.000,1.0,1,1.0
269,19,136.000,374.000,5.000,4.000,1.0,1,1.0
270,19,128.000,384.000,5.000,5.000,1.0,1,1.0
271,19,141.000,401.000,9.000,6.000,1.0,1,1.0
275,19,169.000,433.000,5.000,3.000,1.0,1,1.0
276,19,180.000,427.000,4.000,5.000,1.0,1,1.0
21,43,634.000,442.000,7.000,4.000,1.0,1,1.0
22,43,634.000,442.000,7.000,4.000,1.0,1,1.0
23,43,633.000,442.000,7.000,4.000,1.0,1,1.0
24,43,633.000,442.000,6.000,4.000,1.0,1,1.0
25,43,633.000,442.000,6.000,4.000,1.0,1,1.0
26,43,633.000,443.000,5.000,3.000,1.0,1,1.0
27,43,632.000,442.000,6.000,3.000,1.0,1,1.0
28,43,632.000,443.000,5.000,3.000,1.0,1,1.0
29,43,632.000,442.000,6.000,4.000,1.0,1,1.0
30,43,632.000,442.000,6.000,4.000,1.0,1,1.0
31,43,633.000,442.000,5.000,4.000,1.0,1,1.0
32,43,632.000,442.000,6.000,4.000,1.0,1,1.0
33,43,633.000,442.000,5.000,4.000,1.0,1,1.0
44,43,618.000,436.000,4.000,4.000,1.0,1,1.0
45,43,620.000,440.000,3.000,6.000,1.0,1,1.0
46,43,620.000,442.000,3.000,4.000,1.0,1,1.0
47,43,620.000,442.000,3.000,4.000,1.0,1,1.0
48,43,621.000,442.000,4.000,4.000,1.0,1,1.0
49,43,621.000,441.000,3.000,4.000,1.0,1,1.0
50,43,621.000,441.000,4.000,5.000,1.0,1,1.0
51,43,621.000,441.000,4.000,5.000,1.0,1,1.0
52,43,621.000,441.000,4.000,4.000,1.0,1,1.0
53,43,621.000,441.000,3.000,4.000,1.0,1,1.0
54,43,621.000,441.000,3.000,5.000,1.0,1,1.0
55,43,621.000,441.000,4.000,3.000,1.0,1,1.0
56,43,621.000,440.000,4.000,4.000,1.0,1,1.0
57,43,621.000,439.000,4.000,5.000,1.0,1,1.0
58,43,622.000,439.000,4.000,6.000,1.0,1,1.0
59,43,621.000,438.000,5.000,7.000,1.0,1,1.0
60,43,622.000,438.000,4.000,6.000,1.0,1,1.0
61,43,622.000,439.000,5.000,6.000,1.0,1,1.0
62,43,620.000,441.000,5.000,4.000,1.0,1,1.0
63,43,620.000,441.000,5.000,4.000,1.0,1,1.0
64,43,620.000,441.000,5.000,4.000,1.0,1,1.0
65,43,620.000,442.000,5.000,3.000,1.0,1,1.0
66,43,620.000,441.000,5.000,4.000,1.0,1,1.0
67,43,619.000,441.000,6.000,3.000,1.0,1,1.0
68,43,619.000,441.000,5.000,3.000,1.0,1,1.0
69,43,618.000,441.000,5.000,3.000,1.0,1,1.0
70,43,618.000,441.000,4.000,3.000,1.0,1,1.0
71,43,617.000,441.000,4.000,3.000,1.0,1,1.0
72,43,616.000,442.000,4.000,3.000,1.0,1,1.0
73,43,616.000,441.000,3.000,3.000,1.0,1,1.0
74,43,616.000,442.000,3.000,3.000,1.0,1,1.0
75,43,616.000,441.000,4.000,4.000,1.0,1,1.0
76,43,615.000,441.000,4.000,4.000,1.0,1,1.0
77,43,615.000,441.000,4.000,4.000,1.0,1,1.0
78,43,615.000,441.000,4.000,4.000,1.0,1,1.0
79,43,615.000,441.000,4.000,4.000,1.0,1,1.0
80,43,615.000,441.000,4.000,4.000,1.0,1,1.0
81,43,615.000,441.000,4.000,4.000,1.0,1,1.0
82,43,615.000,441.000,4.000,3.000,1.0,1,1.0
83,43,615.000,441.000,4.000,4.000,1.0,1,1.0
84,43,615.000,441.000,4.000,3.000,1.0,1,1.0
85,43,615.000,441.000,4.000,4.000,1.0,1,1.0
86,43,616.000,441.000,3.000,4.000,1.0,1,1.0
87,43,616.000,441.000,4.000,4.000,1.0,1,1.0
88,43,617.000,441.000,5.000,3.000,1.0,1,1.0
89,43,619.000,442.000,4.000,3.000,1.0,1,1.0
90,43,619.000,442.000,6.000,2.000,1.0,1,1.0
91,43,621.000,442.000,4.000,2.000,1.0,1,1.0
92,43,621.000,442.000,6.000,2.000,1.0,1,1.0
93,43,621.000,442.000,6.000,2.000,1.0,1,1.0
94,43,621.000,442.000,6.000,2.000,1.0,1,1.0
95,43,621.000,441.000,6.000,3.000,1.0,1,1.0
96,43,622.000,442.000,5.000,2.000,1.0,1,1.0
97,43,622.000,441.000,4.000,3.000,1.0,1,1.0
98,43,621.000,442.000,5.000,3.000,1.0,1,1.0
99,43,622.000,442.000,8.000,3.000,1.0,1,1.0
100,43,623.000,441.000,5.000,4.000,1.0,1,1.0
101,43,623.000,436.000,5.000,9.000,1.0,1,1.0
102,43,622.000,442.000,6.000,4.000,1.0,1,1.0
103,43,621.000,441.000,6.000,6.000,1.0,1,1.0
104,43,621.000,441.000,6.000,7.000,1.0,1,1.0
106,43,624.000,443.000,5.000,3.000,1.0,1,1.0
107,43,628.000,443.000,5.000,3.000,1.0,1,1.0
108,43,629.000,443.000,6.000,3.000,1.0,1,1.0
109,43,632.000,443.000,7.000,3.000,1.0,1,1.0
112,43,648.000,440.000,7.000,3.000,1.0,1,1.0
124,43,645.000,438.000,4.000,5.000,1.0,1,1.0
125,43,645.000,438.000,5.000,4.000,1.0,1,1.0
126,43,646.000,438.000,6.000,5.000,1.0,1,1.0
127,43,647.000,439.000,6.000,4.000,1.0,1,1.0
132,43,654.000,438.000,6.000,7.000,1.0,1,1.0
133,43,655.000,436.000,5.000,9.000,1.0,1,1.0
134,43,656.000,436.000,4.000,8.000,1.0,1,1.0
135,43,655.000,435.000,4.000,9.000,1.0,1,1.0
136,43,654.000,433.000,5.000,10.000,1.0,1,1.0
137,43,655.000,433.000,4.000,9.000,1.0,1,1.0
138,43,654.000,431.000,4.000,10.000,1.0,1,1.0
139,43,654.000,431.000,4.000,10.000,1.0,1,1.0
140,43,654.000,430.000,4.000,10.000,1.0,1,1.0
141,43,654.000,428.000,4.000,10.000,1.0,1,1.0
142,43,654.000,427.000,3.000,9.000,1.0,1,1.0
143,43,654.000,427.000,4.000,8.000,1.0,1,1.0
144,43,654.000,425.000,4.000,9.000,1.0,1,1.0
145,43,654.000,424.000,4.000,8.000,1.0,1,1.0
146,43,655.000,423.000,3.000,8.000,1.0,1,1.0
147,43,655.000,422.000,4.000,8.000,1.0,1,1.0
148,43,655.000,421.000,5.000,7.000,1.0,1,1.0
149,43,656.000,420.000,5.000,7.000,1.0,1,1.0
150,43,657.000,418.000,4.000,7.000,1.0,1,1.0
151,43,657.000,417.000,5.000,7.000,1.0,1,1.0
152,43,658.000,417.000,5.000,6.000,1.0,1,1.0
153,43,658.000,415.000,6.000,6.000,1.0,1,1.0
154,43,659.000,414.000,6.000,7.000,1.0,1,1.0
155,43,660.000,412.000,5.000,7.000,1.0,1,1.0
156,43,660.000,411.000,6.000,7.000,1.0,1,1.0
157,43,661.000,410.000,6.000,7.000,1.0,1,1.0
158,43,662.000,409.000,6.000,6.000,1.0,1,1.0
159,43,663.000,408.000,6.000,6.000,1.0,1,1.0
160,43,664.000,407.000,5.000,6.000,1.0,1,1.0
161,43,664.000,406.000,6.000,7.000,1.0,1,1.0
162,43,665.000,405.000,5.000,7.000,1.0,1,1.0
163,43,665.000,404.000,6.000,6.000,1.0,1,1.0
164,43,666.000,403.000,5.000,6.000,1.0,1,1.0
165,43,667.000,402.000,5.000,7.000,1.0,1,1.0
166,43,667.000,401.000,5.000,7.000,1.0,1,1.0
167,43,667.000,400.000,6.000,6.000,1.0,1,1.0
168,43,668.000,399.000,6.000,7.000,1.0,1,1.0
169,43,669.000,398.000,5.000,7.000,1.0,1,1.0
170,43,670.000,397.000,4.000,7.000,1.0,1,1.0
171,43,670.000,396.000,5.000,7.000,1.0,1,1.0
172,43,671.000,395.000,4.000,7.000,1.0,1,1.0
173,43,671.000,395.000,5.000,7.000,1.0,1,1.0
174,43,671.000,394.000,5.000,6.000,1.0,1,1.0
175,43,672.000,393.000,4.000,6.000,1.0,1,1.0
176,43,673.000,392.000,4.000,6.000,1.0,1,1.0
177,43,673.000,392.000,5.000,6.000,1.0,1,1.0
178,43,673.000,390.000,5.000,7.000,1.0,1,1.0
179,43,674.000,389.000,5.000,7.000,1.0,1,1.0
180,43,674.000,388.000,6.000,7.000,1.0,1,1.0
181,43,675.000,388.000,5.000,6.000,1.0,1,1.0
182,43,675.000,387.000,6.000,6.000,1.0,1,1.0
183,43,675.000,386.000,6.000,6.000,1.0,1,1.0
184,43,675.000,386.000,6.000,6.000,1.0,1,1.0
185,43,676.000,386.000,5.000,6.000,1.0,1,1.0
186,43,676.000,386.000,5.000,6.000,1.0,1,1.0
187,43,676.000,385.000,5.000,7.000,1.0,1,1.0
188,43,677.000,385.000,4.000,6.000,1.0,1,1.0
189,43,677.000,385.000,4.000,6.000,1.0,1,1.0
190,43,677.000,384.000,5.000,6.000,1.0,1,1.0
191,43,677.000,384.000,5.000,6.000,1.0,1,1.0
192,43,678.000,383.000,4.000,6.000,1.0,1,1.0
193,43,678.000,383.000,4.000,6.000,1.0,1,1.0
194,43,678.000,382.000,5.000,6.000,1.0,1,1.0
195,43,679.000,381.000,5.000,6.000,1.0,1,1.0
196,43,680.000,381.000,4.000,5.000,1.0,1,1.0
197,43,680.000,380.000,5.000,5.000,1.0,1,1.0
198,43,680.000,379.000,5.000,5.000,1.0,1,1.0
199,43,681.000,377.000,3.000,6.000,1.0,1,1.0
200,43,681.000,377.000,4.000,5.000,1.0,1,1.0
201,43,681.000,377.000,4.000,4.000,1.0,1,1.0
202,43,681.000,375.000,3.000,5.000,1.0,1,1.0
203,43,681.000,375.000,3.000,5.000,1.0,1,1.0
204,43,681.000,374.000,3.000,5.000,1.0,1,1.0
205,43,680.000,374.000,4.000,4.000,1.0,1,1.0
206,43,680.000,373.000,4.000,5.000,1.0,1,1.0
207,43,680.000,372.000,3.000,5.000,1.0,1,1.0
208,43,679.000,372.000,4.000,4.000,1.0,1,1.0
209,43,679.000,371.000,4.000,5.000,1.0,1,1.0
210,43,678.000,371.000,4.000,4.000,1.0,1,1.0
211,43,678.000,371.000,4.000,4.000,1.0,1,1.0
212,43,677.000,371.000,4.000,3.000,1.0,1,1.0
213,43,676.000,371.000,5.000,4.000,1.0,1,1.0
214,43,676.000,371.000,4.000,4.000,1.0,1,1.0
215,43,674.000,371.000,5.000,4.000,1.0,1,1.0
216,43,674.000,371.000,5.000,4.000,1.0,1,1.0
217,43,673.000,372.000,5.000,3.000,1.0,1,1.0
218,43,673.000,371.000,5.000,4.000,1.0,1,1.0
219,43,673.000,371.000,5.000,4.000,1.0,1,1.0
220,43,673.000,372.000,4.000,3.000,1.0,1,1.0
221,43,673.000,372.000,4.000,3.000,1.0,1,1.0
222,43,673.000,372.000,4.000,3.000,1.0,1,1.0
223,43,673.000,372.000,4.000,3.000,1.0,1,1.0
224,43,673.000,372.000,4.000,3.000,1.0,1,1.0
225,43,673.000,372.000,4.000,4.000,1.0,1,1.0
226,43,673.000,372.000,4.000,4.000,1.0,1,1.0
227,43,673.000,372.000,4.000,4.000,1.0,1,1.0
228,43,673.000,372.000,4.000,4.000,1.0,1,1.0
229,43,673.000,372.000,4.000,4.000,1.0,1,1.0
230,43,673.000,372.000,4.000,4.000,1.0,1,1.0
231,43,673.000,372.000,4.000,4.000,1.0,1,1.0
232,43,673.000,372.000,4.000,4.000,1.0,1,1.0
233,43,673.000,372.000,3.000,4.000,1.0,1,1.0
234,43,672.000,372.000,4.000,4.000,1.0,1,1.0
235,43,672.000,372.000,4.000,3.000,1.0,1,1.0
236,43,672.000,372.000,4.000,3.000,1.0,1,1.0
237,43,673.000,372.000,3.000,3.000,1.0,1,1.0
238,43,673.000,372.000,3.000,4.000,1.0,1,1.0
239,43,673.000,372.000,3.000,3.000,1.0,1,1.0
240,43,673.000,372.000,3.000,4.000,1.0,1,1.0
241,43,673.000,372.000,3.000,4.000,1.0,1,1.0
242,43,673.000,372.000,3.000,4.000,1.0,1,1.0
243,43,673.000,372.000,3.000,4.000,1.0,1,1.0
244,43,673.000,372.000,3.000,4.000,1.0,1,1.0
245,43,673.000,372.000,3.000,4.000,1.0,1,1.0
246,43,673.000,372.000,3.000,4.000,1.0,1,1.0
247,43,673.000,372.000,3.000,4.000,1.0,1,1.0
248,43,673.000,372.000,3.000,4.000,1.0,1,1.0
249,43,673.000,372.000,3.000,4.000,1.0,1,1.0
250,43,673.000,372.000,4.000,4.000,1.0,1,1.0
251,43,673.000,372.000,3.000,3.000,1.0,1,1.0
252,43,673.000,372.000,4.000,4.000,1.0,1,1.0
253,43,673.000,372.000,4.000,3.000,1.0,1,1.0
254,43,673.000,372.000,3.000,4.000,1.0,1,1.0
255,43,673.000,371.000,3.000,5.000,1.0,1,1.0
256,43,673.000,372.000,3.000,4.000,1.0,1,1.0
257,43,673.000,372.000,3.000,4.000,1.0,1,1.0
258,43,673.000,372.000,3.000,3.000,1.0,1,1.0
259,43,672.000,372.000,4.000,4.000,1.0,1,1.0
260,43,672.000,372.000,4.000,4.000,1.0,1,1.0
261,43,672.000,372.000,4.000,4.000,1.0,1,1.0
262,43,672.000,372.000,4.000,3.000,1.0,1,1.0
263,43,672.000,372.000,4.000,4.000,1.0,1,1.0
264,43,672.000,372.000,4.000,3.000,1.0,1,1.0
265,43,672.000,372.000,4.000,4.000,1.0,1,1.0
266,43,672.000,372.000,4.000,3.000,1.0,1,1.0
267,43,672.000,372.000,4.000,3.000,1.0,1,1.0
268,43,672.000,372.000,4.000,3.000,1.0,1,1.0
269,43,672.000,372.000,4.000,3.000,1.0,1,1.0
270,43,672.000,372.000,4.000,3.000,1.0,1,1.0
271,43,672.000,372.000,4.000,3.000,1.0,1,1.0
272,43,672.000,372.000,4.000,3.000,1.0,1,1.0
273,43,672.000,372.000,4.000,3.000,1.0,1,1.0
274,43,672.000,372.000,4.000,3.000,1.0,1,1.0
275,43,672.000,372.000,4.000,4.000,1.0,1,1.0
276,43,672.000,372.000,4.000,4.000,1.0,1,1.0
277,43,672.000,372.000,4.000,4.000,1.0,1,1.0
278,43,672.000,372.000,5.000,4.000,1.0,1,1.0
279,43,672.000,371.000,4.000,5.000,1.0,1,1.0
280,43,672.000,371.000,4.000,5.000,1.0,1,1.0
281,43,672.000,371.000,4.000,5.000,1.0,1,1.0
282,43,672.000,371.000,4.000,5.000,1.0,1,1.0
283,43,672.000,371.000,4.000,5.000,1.0,1,1.0
284,43,672.000,372.000,4.000,4.000,1.0,1,1.0
285,43,672.000,372.000,4.000,4.000,1.0,1,1.0
286,43,672.000,372.000,4.000,4.000,1.0,1,1.0
287,43,672.000,372.000,4.000,4.000,1.0,1,1.0
288,43,672.000,372.000,4.000,4.000,1.0,1,1.0
289,43,672.000,372.000,4.000,4.000,1.0,1,1.0
290,43,672.000,371.000,4.000,5.000,1.0,1,1.0
291,43,672.000,372.000,4.000,4.000,1.0,1,1.0
292,43,673.000,372.000,3.000,3.000,1.0,1,1.0
293,43,672.000,372.000,4.000,4.000,1.0,1,1.0
294,43,672.000,372.000,4.000,3.000,1.0,1,1.0
295,43,670.000,372.000,7.000,4.000,1.0,1,1.0
296,43,672.000,372.000,4.000,4.000,1.0,1,1.0
297,43,672.000,372.000,4.000,4.000,1.0,1,1.0
298,43,671.000,372.000,5.000,3.000,1.0,1,1.0
299,43,671.000,372.000,5.000,3.000,1.0,1,1.0
300,43,669.000,372.000,6.000,3.000,1.0,1,1.0
301,43,669.000,371.000,5.000,4.000,1.0,1,1.0
302,43,667.000,371.000,6.000,4.000,1.0,1,1.0
303,43,666.000,371.000,6.000,3.000,1.0,1,1.0
304,43,665.000,371.000,5.000,3.000,1.0,1,1.0
305,43,663.000,371.000,7.000,3.000,1.0,1,1.0
306,43,662.000,371.000,6.000,3.000,1.0,1,1.0
307,43,660.000,371.000,6.000,3.000,1.0,1,1.0
308,43,658.000,371.000,7.000,3.000,1.0,1,1.0
309,43,657.000,370.000,6.000,4.000,1.0,1,1.0
310,43,657.000,368.000,6.000,5.000,1.0,1,1.0
311,43,656.000,367.000,5.000,5.000,1.0,1,1.0
312,43,655.000,365.000,5.000,6.000,1.0,1,1.0
313,43,654.000,364.000,5.000,5.000,1.0,1,1.0
314,43,653.000,362.000,5.000,6.000,1.0,1,1.0
315,43,652.000,361.000,5.000,6.000,1.0,1,1.0
316,43,651.000,360.000,5.000,6.000,1.0,1,1.0
317,43,650.000,358.000,5.000,6.000,1.0,1,1.0
318,43,649.000,357.000,5.000,6.000,1.0,1,1.0
319,43,647.000,355.000,6.000,7.000,1.0,1,1.0
320,43,646.000,354.000,6.000,6.000,1.0,1,1.0
321,43,645.000,352.000,6.000,7.000,1.0,1,1.0
322,43,645.000,351.000,5.000,7.000,1.0,1,1.0
323,43,645.000,349.000,4.000,8.000,1.0,1,1.0
324,43,645.000,348.000,4.000,8.000,1.0,1,1.0
325,43,644.000,347.000,4.000,8.000,1.0,1,1.0
326,43,644.000,346.000,4.000,7.000,1.0,1,1.0
327,43,644.000,345.000,4.000,7.000,1.0,1,1.0
328,43,643.000,343.000,4.000,7.000,1.0,1,1.0
329,43,643.000,342.000,4.000,7.000,1.0,1,1.0
330,43,643.000,339.000,3.000,8.000,1.0,1,1.0
331,43,642.000,338.000,4.000,7.000,1.0,1,1.0
332,43,642.000,336.000,4.000,8.000,1.0,1,1.0
333,43,641.000,334.000,4.000,8.000,1.0,1,1.0
334,43,641.000,332.000,4.000,8.000,1.0,1,1.0
335,43,641.000,331.000,3.000,8.000,1.0,1,1.0
336,43,640.000,330.000,4.000,8.000,1.0,1,1.0
337,43,640.000,329.000,4.000,7.000,1.0,1,1.0
338,43,640.000,328.000,4.000,7.000,1.0,1,1.0
339,43,640.000,327.000,4.000,7.000,1.0,1,1.0
340,43,639.000,325.000,4.000,7.000,1.0,1,1.0
341,43,639.000,324.000,4.000,7.000,1.0,1,1.0
342,43,639.000,322.000,3.000,7.000,1.0,1,1.0
343,43,638.000,321.000,3.000,7.000,1.0,1,1.0
344,43,637.000,319.000,4.000,8.000,1.0,1,1.0
345,43,637.000,318.000,4.000,8.000,1.0,1,1.0
346,43,636.000,316.000,4.000,8.000,1.0,1,1.0
347,43,636.000,315.000,4.000,7.000,1.0,1,1.0
348,43,635.000,313.000,5.000,8.000,1.0,1,1.0
349,43,634.000,312.000,5.000,7.000,1.0,1,1.0
350,43,633.000,312.000,5.000,6.000,1.0,1,1.0
351,43,632.000,310.000,5.000,6.000,1.0,1,1.0
352,43,631.000,309.000,5.000,6.000,1.0,1,1.0
353,43,630.000,308.000,5.000,6.000,1.0,1,1.0
354,43,629.000,306.000,6.000,6.000,1.0,1,1.0
355,43,628.000,305.000,6.000,6.000,1.0,1,1.0
356,43,628.000,303.000,5.000,7.000,1.0,1,1.0
357,43,627.000,302.000,5.000,6.000,1.0,1,1.0
358,43,627.000,300.000,4.000,7.000,1.0,1,1.0
359,43,627.000,298.000,4.000,7.000,1.0,1,1.0
360,43,626.000,297.000,4.000,7.000,1.0,1,1.0
361,43,626.000,295.000,4.000,8.000,1.0,1,1.0
362,43,626.000,295.000,4.000,7.000,1.0,1,1.0
363,43,626.000,294.000,3.000,7.000,1.0,1,1.0
1,39,552.000,410.000,5.000,6.000,1.0,1,1.0
2,39,554.000,419.000,7.000,2.000,1.0,1,1.0
3,39,548.000,431.000,6.000,5.000,1.0,1,1.0
7,39,548.000,441.000,4.000,4.000,1.0,1,1.0
8,39,548.000,441.000,4.000,4.000,1.0,1,1.0
9,39,548.000,442.000,4.000,3.000,1.0,1,1.0
10,39,549.000,442.000,4.000,3.000,1.0,1,1.0
11,39,549.000,441.000,5.000,4.000,1.0,1,1.0
12,39,550.000,441.000,4.000,4.000,1.0,1,1.0
13,39,550.000,441.000,5.000,4.000,1.0,1,1.0
14,39,550.000,441.000,5.000,4.000,1.0,1,1.0
15,39,551.000,441.000,4.000,3.000,1.0,1,1.0
16,39,551.000,441.000,5.000,3.000,1.0,1,1.0
17,39,552.000,441.000,4.000,3.000,1.0,1,1.0
18,39,552.000,441.000,4.000,3.000,1.0,1,1.0
19,39,552.000,441.000,4.000,3.000,1.0,1,1.0
20,39,551.000,441.000,4.000,3.000,1.0,1,1.0
21,39,552.000,441.000,4.000,3.000,1.0,1,1.0
22,39,552.000,441.000,4.000,3.000,1.0,1,1.0
23,39,552.000,441.000,4.000,3.000,1.0,1,1.0
24,39,552.000,441.000,4.000,3.000,1.0,1,1.0
25,39,552.000,441.000,4.000,3.000,1.0,1,1.0
26,39,552.000,441.000,4.000,3.000,1.0,1,1.0
27,39,553.000,441.000,4.000,3.000,1.0,1,1.0
28,39,553.000,441.000,5.000,3.000,1.0,1,1.0
29,39,553.000,441.000,5.000,3.000,1.0,1,1.0
30,39,553.000,441.000,6.000,3.000,1.0,1,1.0
31,39,554.000,441.000,6.000,4.000,1.0,1,1.0
32,39,555.000,441.000,6.000,4.000,1.0,1,1.0
33,39,555.000,442.000,7.000,3.000,1.0,1,1.0
34,39,556.000,442.000,6.000,3.000,1.0,1,1.0
35,39,556.000,442.000,6.000,3.000,1.0,1,1.0
36,39,556.000,442.000,6.000,3.000,1.0,1,1.0
37,39,556.000,442.000,6.000,3.000,1.0,1,1.0
38,39,556.000,442.000,6.000,3.000,1.0,1,1.0
39,39,556.000,442.000,6.000,3.000,1.0,1,1.0
40,39,556.000,442.000,6.000,3.000,1.0,1,1.0
41,39,556.000,442.000,6.000,3.000,1.0,1,1.0
42,39,556.000,442.000,7.000,3.000,1.0,1,1.0
43,39,556.000,442.000,7.000,3.000,1.0,1,1.0
44,39,556.000,442.000,7.000,3.000,1.0,1,1.0
45,39,556.000,442.000,7.000,3.000,1.0,1,1.0
46,39,556.000,442.000,7.000,3.000,1.0,1,1.0
47,39,557.000,442.000,5.000,3.000,1.0,1,1.0
48,39,557.000,442.000,5.000,3.000,1.0,1,1.0
49,39,557.000,442.000,5.000,3.000,1.0,1,1.0
50,39,557.000,442.000,5.000,4.000,1.0,1,1.0
51,39,557.000,442.000,5.000,4.000,1.0,1,1.0
52,39,557.000,442.000,4.000,4.000,1.0,1,1.0
53,39,557.000,442.000,4.000,4.000,1.0,1,1.0
54,39,556.000,442.000,5.000,4.000,1.0,1,1.0
55,39,556.000,442.000,4.000,4.000,1.0,1,1.0
56,39,556.000,442.000,3.000,4.000,1.0,1,1.0
57,39,555.000,442.000,4.000,4.000,1.0,1,1.0
58,39,555.000,442.000,4.000,4.000,1.0,1,1.0
59,39,555.000,442.000,4.000,4.000,1.0,1,1.0
60,39,556.000,441.000,3.000,5.000,1.0,1,1.0
61,39,555.000,442.000,4.000,4.000,1.0,1,1.0
62,39,555.000,442.000,4.000,4.000,1.0,1,1.0
63,39,555.000,442.000,4.000,4.000,1.0,1,1.0
64,39,555.000,442.000,4.000,4.000,1.0,1,1.0
65,39,555.000,442.000,5.000,4.000,1.0,1,1.0
66,39,555.000,442.000,5.000,4.000,1.0,1,1.0
67,39,555.000,442.000,4.000,4.000,1.0,1,1.0
68,39,555.000,442.000,5.000,4.000,1.0,1,1.0
69,39,555.000,442.000,5.000,4.000,1.0,1,1.0
70,39,555.000,442.000,4.000,4.000,1.0,1,1.0
71,39,555.000,442.000,5.000,4.000,1.0,1,1.0
72,39,555.000,443.000,5.000,3.000,1.0,1,1.0
73,39,555.000,443.000,5.000,3.000,1.0,1,1.0
74,39,555.000,443.000,5.000,3.000,1.0,1,1.0
75,39,555.000,443.000,5.000,3.000,1.0,1,1.0
76,39,555.000,443.000,5.000,3.000,1.0,1,1.0
77,39,555.000,442.000,5.000,4.000,1.0,1,1.0
78,39,555.000,442.000,5.000,4.000,1.0,1,1.0
79,39,555.000,442.000,5.000,4.000,1.0,1,1.0
80,39,555.000,442.000,5.000,4.000,1.0,1,1.0
81,39,555.000,442.000,4.000,4.000,1.0,1,1.0
82,39,555.000,442.000,5.000,4.000,1.0,1,1.0
83,39,555.000,442.000,5.000,4.000,1.0,1,1.0
84,39,555.000,442.000,5.000,4.000,1.0,1,1.0
85,39,555.000,443.000,5.000,3.000,1.0,1,1.0
86,39,555.000,443.000,5.000,3.000,1.0,1,1.0
87,39,555.000,443.000,5.000,3.000,1.0,1,1.0
88,39,555.000,443.000,5.000,3.000,1.0,1,1.0
89,39,555.000,443.000,5.000,3.000,1.0,1,1.0
90,39,555.000,443.000,4.000,3.000,1.0,1,1.0
91,39,555.000,443.000,4.000,3.000,1.0,1,1.0
92,39,555.000,443.000,5.000,3.000,1.0,1,1.0
93,39,555.000,443.000,5.000,3.000,1.0,1,1.0
94,39,555.000,443.000,5.000,3.000,1.0,1,1.0
95,39,555.000,443.000,5.000,3.000,1.0,1,1.0
96,39,555.000,443.000,4.000,4.000,1.0,1,1.0
97,39,555.000,443.000,5.000,3.000,1.0,1,1.0
98,39,555.000,443.000,4.000,3.000,1.0,1,1.0
99,39,555.000,443.000,4.000,3.000,1.0,1,1.0
100,39,555.000,443.000,4.000,3.000,1.0,1,1.0
101,39,555.000,443.000,4.000,3.000,1.0,1,1.0
102,39,555.000,443.000,4.000,3.000,1.0,1,1.0
103,39,555.000,443.000,5.000,4.000,1.0,1,1.0
104,39,555.000,442.000,5.000,5.000,1.0,1,1.0
105,39,555.000,442.000,5.000,4.000,1.0,1,1.0
106,39,555.000,443.000,5.000,3.000,1.0,1,1.0
107,39,555.000,442.000,5.000,4.000,1.0,1,1.0
108,39,555.000,443.000,5.000,3.000,1.0,1,1.0
109,39,555.000,442.000,5.000,4.000,1.0,1,1.0
110,39,555.000,443.000,5.000,4.000,1.0,1,1.0
111,39,555.000,443.000,5.000,4.000,1.0,1,1.0
112,39,555.000,442.000,5.000,4.000,1.0,1,1.0
113,39,555.000,443.000,5.000,4.000,1.0,1,1.0
114,39,555.000,443.000,5.000,4.000,1.0,1,1.0
115,39,555.000,443.000,5.000,4.000,1.0,1,1.0
116,39,555.000,443.000,5.000,4.000,1.0,1,1.0
117,39,555.000,443.000,5.000,4.000,1.0,1,1.0
118,39,555.000,443.000,5.000,4.000,1.0,1,1.0
119,39,555.000,443.000,5.000,4.000,1.0,1,1.0
120,39,555.000,443.000,5.000,4.000,1.0,1,1.0
121,39,555.000,443.000,5.000,4.000,1.0,1,1.0
122,39,555.000,443.000,5.000,4.000,1.0,1,1.0
123,39,555.000,443.000,5.000,4.000,1.0,1,1.0
124,39,555.000,443.000,5.000,4.000,1.0,1,1.0
125,39,555.000,443.000,5.000,4.000,1.0,1,1.0
126,39,555.000,443.000,5.000,4.000,1.0,1,1.0
127,39,555.000,443.000,5.000,4.000,1.0,1,1.0
128,39,555.000,443.000,5.000,3.000,1.0,1,1.0
129,39,555.000,443.000,5.000,3.000,1.0,1,1.0
130,39,555.000,443.000,5.000,4.000,1.0,1,1.0
131,39,555.000,443.000,5.000,4.000,1.0,1,1.0
132,39,555.000,443.000,5.000,4.000,1.0,1,1.0
133,39,555.000,443.000,5.000,3.000,1.0,1,1.0
134,39,555.000,443.000,5.000,3.000,1.0,1,1.0
135,39,555.000,443.000,4.000,3.000,1.0,1,1.0
136,39,555.000,443.000,5.000,3.000,1.0,1,1.0
137,39,555.000,443.000,5.000,4.000,1.0,1,1.0
138,39,555.000,443.000,5.000,4.000,1.0,1,1.0
139,39,555.000,443.000,5.000,3.000,1.0,1,1.0
140,39,555.000,443.000,5.000,3.000,1.0,1,1.0
141,39,555.000,443.000,5.000,3.000,1.0,1,1.0
142,39,555.000,443.000,5.000,4.000,1.0,1,1.0
143,39,555.000,443.000,4.000,3.000,1.0,1,1.0
144,39,555.000,443.000,5.000,3.000,1.0,1,1.0
145,39,555.000,443.000,5.000,3.000,1.0,1,1.0
146,39,555.000,443.000,5.000,3.000,1.0,1,1.0
147,39,555.000,443.000,5.000,3.000,1.0,1,1.0
148,39,555.000,443.000,5.000,3.000,1.0,1,1.0
149,39,555.000,443.000,5.000,4.000,1.0,1,1.0
150,39,555.000,443.000,5.000,4.000,1.0,1,1.0
151,39,556.000,443.000,4.000,4.000,1.0,1,1.0
152,39,556.000,443.000,4.000,4.000,1.0,1,1.0
153,39,556.000,443.000,4.000,4.000,1.0,1,1.0
154,39,556.000,443.000,4.000,4.000,1.0,1,1.0
155,39,556.000,443.000,4.000,3.000,1.0,1,1.0
156,39,556.000,443.000,4.000,4.000,1.0,1,1.0
157,39,556.000,443.000,4.000,3.000,1.0,1,1.0
158,39,556.000,443.000,4.000,3.000,1.0,1,1.0
159,39,555.000,443.000,5.000,3.000,1.0,1,1.0
160,39,555.000,443.000,5.000,4.000,1.0,1,1.0
161,39,555.000,443.000,5.000,3.000,1.0,1,1.0
162,39,555.000,443.000,5.000,3.000,1.0,1,1.0
163,39,555.000,443.000,5.000,3.000,1.0,1,1.0
164,39,556.000,443.000,4.000,3.000,1.0,1,1.0
165,39,556.000,443.000,4.000,4.000,1.0,1,1.0
166,39,555.000,443.000,5.000,4.000,1.0,1,1.0
167,39,555.000,443.000,5.000,4.000,1.0,1,1.0
168,39,556.000,443.000,4.000,4.000,1.0,1,1.0
169,39,556.000,443.000,4.000,4.000,1.0,1,1.0
170,39,556.000,443.000,4.000,4.000,1.0,1,1.0
171,39,555.000,443.000,5.000,3.000,1.0,1,1.0
172,39,555.000,443.000,5.000,3.000,1.0,1,1.0
173,39,555.000,443.000,5.000,3.000,1.0,1,1.0
174,39,555.000,443.000,5.000,3.000,1.0,1,1.0
175,39,555.000,443.000,5.000,3.000,1.0,1,1.0
176,39,555.000,443.000,4.000,3.000,1.0,1,1.0
177,39,555.000,443.000,5.000,3.000,1.0,1,1.0
178,39,555.000,443.000,5.000,4.000,1.0,1,1.0
179,39,555.000,443.000,5.000,4.000,1.0,1,1.0
180,39,555.000,443.000,5.000,4.000,1.0,1,1.0
181,39,555.000,443.000,5.000,4.000,1.0,1,1.0
182,39,555.000,443.000,5.000,4.000,1.0,1,1.0
183,39,555.000,443.000,5.000,4.000,1.0,1,1.0
184,39,555.000,443.000,5.000,4.000,1.0,1,1.0
185,39,555.000,443.000,5.000,3.000,1.0,1,1.0
186,39,554.000,442.000,6.000,4.000,1.0,1,1.0
187,39,554.000,441.000,5.000,5.000,1.0,1,1.0
188,39,554.000,440.000,6.000,6.000,1.0,1,1.0
189,39,555.000,440.000,5.000,6.000,1.0,1,1.0
190,39,555.000,439.000,5.000,7.000,1.0,1,1.0
191,39,555.000,438.000,5.000,8.000,1.0,1,1.0
192,39,556.000,438.000,5.000,7.000,1.0,1,1.0
193,39,557.000,436.000,4.000,9.000,1.0,1,1.0
194,39,557.000,435.000,4.000,8.000,1.0,1,1.0
195,39,557.000,435.000,4.000,8.000,1.0,1,1.0
196,39,558.000,434.000,3.000,8.000,1.0,1,1.0
197,39,558.000,433.000,3.000,8.000,1.0,1,1.0
198,39,558.000,433.000,3.000,8.000,1.0,1,1.0
199,39,558.000,432.000,3.000,9.000,1.0,1,1.0
200,39,558.000,432.000,3.000,9.000,1.0,1,1.0
201,39,558.000,432.000,3.000,9.000,1.0,1,1.0
202,39,558.000,432.000,3.000,9.000,1.0,1,1.0
203,39,558.000,432.000,3.000,9.000,1.0,1,1.0
204,39,558.000,432.000,4.000,9.000,1.0,1,1.0
205,39,559.000,432.000,3.000,9.000,1.0,1,1.0
206,39,559.000,432.000,3.000,9.000,1.0,1,1.0
207,39,559.000,432.000,3.000,9.000,1.0,1,1.0
208,39,558.000,432.000,3.000,8.000,1.0,1,1.0
209,39,558.000,432.000,3.000,9.000,1.0,1,1.0
210,39,558.000,432.000,3.000,9.000,1.0,1,1.0
211,39,557.000,432.000,4.000,9.000,1.0,1,1.0
212,39,558.000,432.000,3.000,9.000,1.0,1,1.0
213,39,558.000,432.000,3.000,9.000,1.0,1,1.0
214,39,558.000,432.000,3.000,9.000,1.0,1,1.0
215,39,558.000,432.000,3.000,9.000,1.0,1,1.0
216,39,558.000,432.000,3.000,9.000,1.0,1,1.0
217,39,558.000,432.000,3.000,9.000,1.0,1,1.0
218,39,558.000,432.000,3.000,9.000,1.0,1,1.0
219,39,558.000,432.000,3.000,9.000,1.0,1,1.0
220,39,558.000,432.000,3.000,9.000,1.0,1,1.0
221,39,558.000,433.000,3.000,8.000,1.0,1,1.0
222,39,558.000,433.000,4.000,8.000,1.0,1,1.0
223,39,558.000,433.000,4.000,8.000,1.0,1,1.0
224,39,558.000,433.000,4.000,8.000,1.0,1,1.0
225,39,558.000,433.000,4.000,8.000,1.0,1,1.0
226,39,558.000,433.000,4.000,8.000,1.0,1,1.0
227,39,558.000,433.000,4.000,8.000,1.0,1,1.0
228,39,558.000,433.000,4.000,9.000,1.0,1,1.0
229,39,558.000,434.000,4.000,9.000,1.0,1,1.0
230,39,558.000,433.000,4.000,9.000,1.0,1,1.0
231,39,558.000,432.000,4.000,9.000,1.0,1,1.0
232,39,558.000,432.000,4.000,9.000,1.0,1,1.0
233,39,558.000,432.000,4.000,8.000,1.0,1,1.0
234,39,558.000,432.000,4.000,8.000,1.0,1,1.0
235,39,558.000,431.000,4.000,9.000,1.0,1,1.0
236,39,558.000,431.000,4.000,8.000,1.0,1,1.0
237,39,558.000,430.000,4.000,9.000,1.0,1,1.0
238,39,558.000,430.000,4.000,9.000,1.0,1,1.0
239,39,558.000,430.000,4.000,9.000,1.0,1,1.0
240,39,558.000,430.000,4.000,9.000,1.0,1,1.0
241,39,558.000,430.000,3.000,9.000,1.0,1,1.0
242,39,558.000,430.000,3.000,9.000,1.0,1,1.0
243,39,558.000,430.000,3.000,9.000,1.0,1,1.0
244,39,558.000,430.000,3.000,9.000,1.0,1,1.0
245,39,557.000,430.000,4.000,8.000,1.0,1,1.0
246,39,557.000,430.000,4.000,8.000,1.0,1,1.0
247,39,557.000,430.000,4.000,8.000,1.0,1,1.0
248,39,557.000,430.000,4.000,8.000,1.0,1,1.0
249,39,557.000,430.000,4.000,8.000,1.0,1,1.0
250,39,557.000,430.000,4.000,9.000,1.0,1,1.0
251,39,558.000,430.000,3.000,9.000,1.0,1,1.0
252,39,557.000,430.000,4.000,9.000,1.0,1,1.0
253,39,557.000,430.000,4.000,9.000,1.0,1,1.0
254,39,557.000,430.000,4.000,9.000,1.0,1,1.0
255,39,557.000,430.000,4.000,9.000,1.0,1,1.0
256,39,557.000,430.000,4.000,9.000,1.0,1,1.0
257,39,557.000,430.000,4.000,9.000,1.0,1,1.0
258,39,557.000,430.000,4.000,9.000,1.0,1,1.0
259,39,557.000,430.000,4.000,9.000,1.0,1,1.0
260,39,557.000,430.000,4.000,9.000,1.0,1,1.0
261,39,557.000,430.000,4.000,9.000,1.0,1,1.0
262,39,557.000,430.000,4.000,9.000,1.0,1,1.0
263,39,557.000,430.000,4.000,9.000,1.0,1,1.0
264,39,557.000,430.000,4.000,9.000,1.0,1,1.0
265,39,558.000,430.000,3.000,9.000,1.0,1,1.0
266,39,557.000,430.000,4.000,9.000,1.0,1,1.0
267,39,557.000,430.000,4.000,9.000,1.0,1,1.0
268,39,557.000,430.000,4.000,9.000,1.0,1,1.0
269,39,557.000,430.000,4.000,8.000,1.0,1,1.0
270,39,557.000,430.000,4.000,9.000,1.0,1,1.0
271,39,557.000,430.000,4.000,8.000,1.0,1,1.0
272,39,557.000,430.000,4.000,8.000,1.0,1,1.0
273,39,557.000,430.000,4.000,8.000,1.0,1,1.0
274,39,557.000,430.000,4.000,9.000,1.0,1,1.0
275,39,557.000,430.000,4.000,9.000,1.0,1,1.0
276,39,557.000,430.000,4.000,9.000,1.0,1,1.0
277,39,557.000,430.000,4.000,9.000,1.0,1,1.0
278,39,557.000,430.000,4.000,9.000,1.0,1,1.0
279,39,557.000,430.000,4.000,9.000,1.0,1,1.0
280,39,557.000,430.000,4.000,9.000,1.0,1,1.0
281,39,558.000,430.000,3.000,9.000,1.0,1,1.0
282,39,557.000,430.000,4.000,9.000,1.0,1,1.0
283,39,557.000,430.000,4.000,9.000,1.0,1,1.0
284,39,558.000,430.000,3.000,9.000,1.0,1,1.0
285,39,558.000,430.000,3.000,9.000,1.0,1,1.0
286,39,558.000,430.000,3.000,9.000,1.0,1,1.0
287,39,558.000,430.000,3.000,9.000,1.0,1,1.0
288,39,558.000,430.000,3.000,9.000,1.0,1,1.0
289,39,557.000,430.000,4.000,9.000,1.0,1,1.0
290,39,557.000,431.000,4.000,8.000,1.0,1,1.0
291,39,557.000,430.000,4.000,9.000,1.0,1,1.0
292,39,557.000,430.000,4.000,9.000,1.0,1,1.0
293,39,557.000,431.000,4.000,8.000,1.0,1,1.0
294,39,557.000,431.000,4.000,7.000,1.0,1,1.0
295,39,557.000,430.000,4.000,9.000,1.0,1,1.0
296,39,557.000,431.000,4.000,7.000,1.0,1,1.0
297,39,557.000,430.000,4.000,9.000,1.0,1,1.0
298,39,557.000,430.000,4.000,9.000,1.0,1,1.0
299,39,557.000,430.000,4.000,9.000,1.0,1,1.0
300,39,558.000,430.000,3.000,9.000,1.0,1,1.0
301,39,557.000,431.000,4.000,8.000,1.0,1,1.0
302,39,557.000,431.000,4.000,8.000,1.0,1,1.0
303,39,558.000,430.000,3.000,9.000,1.0,1,1.0
304,39,557.000,430.000,4.000,9.000,1.0,1,1.0
305,39,557.000,430.000,4.000,9.000,1.0,1,1.0
306,39,557.000,430.000,4.000,9.000,1.0,1,1.0
307,39,557.000,430.000,4.000,9.000,1.0,1,1.0
308,39,557.000,430.000,4.000,9.000,1.0,1,1.0
309,39,557.000,430.000,4.000,9.000,1.0,1,1.0
310,39,557.000,430.000,4.000,9.000,1.0,1,1.0
311,39,557.000,430.000,4.000,9.000,1.0,1,1.0
312,39,557.000,430.000,4.000,9.000,1.0,1,1.0
313,39,557.000,431.000,4.000,8.000,1.0,1,1.0
314,39,557.000,431.000,4.000,8.000,1.0,1,1.0
315,39,557.000,431.000,4.000,8.000,1.0,1,1.0
316,39,557.000,431.000,4.000,8.000,1.0,1,1.0
317,39,557.000,430.000,4.000,9.000,1.0,1,1.0
318,39,557.000,430.000,4.000,9.000,1.0,1,1.0
319,39,557.000,430.000,4.000,9.000,1.0,1,1.0
320,39,557.000,430.000,4.000,9.000,1.0,1,1.0
321,39,557.000,430.000,4.000,9.000,1.0,1,1.0
322,39,557.000,430.000,4.000,9.000,1.0,1,1.0
323,39,557.000,431.000,4.000,8.000,1.0,1,1.0
324,39,557.000,431.000,4.000,8.000,1.0,1,1.0
325,39,557.000,431.000,4.000,8.000,1.0,1,1.0
326,39,557.000,431.000,4.000,8.000,1.0,1,1.0
327,39,557.000,431.000,4.000,9.000,1.0,1,1.0
328,39,557.000,432.000,4.000,9.000,1.0,1,1.0
329,39,557.000,432.000,4.000,8.000,1.0,1,1.0
330,39,557.000,432.000,4.000,8.000,1.0,1,1.0
331,39,557.000,431.000,4.000,8.000,1.0,1,1.0
332,39,557.000,431.000,4.000,8.000,1.0,1,1.0
333,39,557.000,431.000,4.000,8.000,1.0,1,1.0
334,39,557.000,430.000,4.000,8.000,1.0,1,1.0
335,39,557.000,430.000,4.000,8.000,1.0,1,1.0
336,39,557.000,430.000,4.000,8.000,1.0,1,1.0
337,39,557.000,430.000,4.000,8.000,1.0,1,1.0
338,39,558.000,430.000,3.000,8.000,1.0,1,1.0
339,39,558.000,429.000,3.000,9.000,1.0,1,1.0
340,39,558.000,428.000,3.000,9.000,1.0,1,1.0
341,39,558.000,427.000,3.000,9.000,1.0,1,1.0
342,39,558.000,427.000,3.000,9.000,1.0,1,1.0
343,39,558.000,427.000,3.000,9.000,1.0,1,1.0
344,39,558.000,427.000,3.000,9.000,1.0,1,1.0
345,39,558.000,427.000,3.000,8.000,1.0,1,1.0
346,39,558.000,427.000,3.000,9.000,1.0,1,1.0
347,39,558.000,427.000,3.000,9.000,1.0,1,1.0
348,39,558.000,427.000,3.000,9.000,1.0,1,1.0
349,39,558.000,427.000,3.000,9.000,1.0,1,1.0
350,39,558.000,427.000,3.000,9.000,1.0,1,1.0
351,39,558.000,427.000,3.000,9.000,1.0,1,1.0
352,39,558.000,427.000,3.000,9.000,1.0,1,1.0
353,39,558.000,427.000,3.000,9.000,1.0,1,1.0
354,39,558.000,427.000,3.000,9.000,1.0,1,1.0
355,39,558.000,427.000,3.000,9.000,1.0,1,1.0
356,39,558.000,427.000,3.000,9.000,1.0,1,1.0
357,39,558.000,427.000,3.000,9.000,1.0,1,1.0
358,39,558.000,427.000,3.000,9.000,1.0,1,1.0
359,39,558.000,427.000,3.000,9.000,1.0,1,1.0
360,39,558.000,427.000,3.000,9.000,1.0,1,1.0
361,39,558.000,427.000,3.000,9.000,1.0,1,1.0
362,39,558.000,427.000,3.000,8.000,1.0,1,1.0
363,39,558.000,427.000,3.000,8.000,1.0,1,1.0
53,17,183.000,404.000,6.000,6.000,1.0,1,1.0
61,17,138.000,426.000,6.000,5.000,1.0,1,1.0
62,17,139.000,426.000,6.000,4.000,1.0,1,1.0
65,17,132.000,441.000,6.000,5.000,1.0,1,1.0
66,17,132.000,441.000,6.000,5.000,1.0,1,1.0
79,17,165.000,405.000,4.000,8.000,1.0,1,1.0
80,17,167.000,376.000,3.000,8.000,1.0,1,1.0
81,17,178.000,363.000,4.000,4.000,1.0,1,1.0
82,17,170.000,373.000,6.000,6.000,1.0,1,1.0
83,17,156.000,376.000,4.000,4.000,1.0,1,1.0
84,17,161.000,390.000,4.000,5.000,1.0,1,1.0
85,17,166.000,399.000,4.000,6.000,1.0,1,1.0
86,17,153.000,409.000,6.000,4.000,1.0,1,1.0
87,17,153.000,422.000,7.000,5.000,1.0,1,1.0
90,17,152.000,427.000,7.000,7.000,1.0,1,1.0
91,17,125.000,436.000,5.000,6.000,1.0,1,1.0
92,17,135.000,438.000,6.000,4.000,1.0,1,1.0
135,17,161.000,440.000,8.000,4.000,1.0,1,1.0
136,17,163.000,440.000,7.000,4.000,1.0,1,1.0
137,17,164.000,440.000,7.000,4.000,1.0,1,1.0
138,17,165.000,440.000,6.000,4.000,1.0,1,1.0
139,17,166.000,440.000,7.000,4.000,1.0,1,1.0
140,17,166.000,440.000,7.000,4.000,1.0,1,1.0
141,17,167.000,440.000,7.000,4.000,1.0,1,1.0
142,17,167.000,440.000,7.000,4.000,1.0,1,1.0
143,17,167.000,440.000,7.000,4.000,1.0,1,1.0
144,17,168.000,440.000,6.000,4.000,1.0,1,1.0
145,17,168.000,440.000,6.000,4.000,1.0,1,1.0
146,17,169.000,440.000,7.000,4.000,1.0,1,1.0
154,17,155.000,441.000,6.000,5.000,1.0,1,1.0
159,17,166.000,439.000,6.000,4.000,1.0,1,1.0
160,17,165.000,439.000,6.000,5.000,1.0,1,1.0
161,17,166.000,439.000,5.000,4.000,1.0,1,1.0
162,17,166.000,439.000,5.000,4.000,1.0,1,1.0
163,17,167.000,439.000,4.000,4.000,1.0,1,1.0
164,17,167.000,439.000,4.000,5.000,1.0,1,1.0
166,17,165.000,438.000,8.000,6.000,1.0,1,1.0
167,17,166.000,438.000,7.000,5.000,1.0,1,1.0
168,17,167.000,437.000,6.000,6.000,1.0,1,1.0
169,17,168.000,436.000,6.000,7.000,1.0,1,1.0
170,17,168.000,436.000,7.000,7.000,1.0,1,1.0
171,17,168.000,436.000,7.000,6.000,1.0,1,1.0
172,17,168.000,435.000,6.000,7.000,1.0,1,1.0
173,17,169.000,434.000,5.000,8.000,1.0,1,1.0
174,17,169.000,435.000,5.000,7.000,1.0,1,1.0
175,17,168.000,435.000,6.000,7.000,1.0,1,1.0
176,17,169.000,436.000,5.000,6.000,1.0,1,1.0
177,17,169.000,436.000,5.000,6.000,1.0,1,1.0
178,17,170.000,435.000,4.000,7.000,1.0,1,1.0
179,17,170.000,435.000,5.000,7.000,1.0,1,1.0
180,17,169.000,435.000,5.000,7.000,1.0,1,1.0
181,17,169.000,435.000,5.000,7.000,1.0,1,1.0
182,17,170.000,435.000,4.000,7.000,1.0,1,1.0
183,17,170.000,435.000,4.000,7.000,1.0,1,1.0
184,17,170.000,436.000,5.000,6.000,1.0,1,1.0
185,17,170.000,436.000,5.000,6.000,1.0,1,1.0
186,17,170.000,436.000,5.000,6.000,1.0,1,1.0
187,17,170.000,436.000,5.000,6.000,1.0,1,1.0
188,17,170.000,437.000,5.000,5.000,1.0,1,1.0
189,17,170.000,437.000,5.000,5.000,1.0,1,1.0
190,17,170.000,438.000,5.000,4.000,1.0,1,1.0
191,17,170.000,438.000,5.000,4.000,1.0,1,1.0
192,17,169.000,438.000,6.000,4.000,1.0,1,1.0
193,17,168.000,437.000,6.000,5.000,1.0,1,1.0
194,17,168.000,437.000,6.000,5.000,1.0,1,1.0
195,17,168.000,437.000,6.000,5.000,1.0,1,1.0
196,17,168.000,435.000,4.000,7.000,1.0,1,1.0
197,17,168.000,434.000,3.000,7.000,1.0,1,1.0
198,17,168.000,434.000,3.000,7.000,1.0,1,1.0
199,17,165.000,434.000,6.000,7.000,1.0,1,1.0
200,17,168.000,433.000,3.000,8.000,1.0,1,1.0
201,17,168.000,433.000,3.000,8.000,1.0,1,1.0
202,17,168.000,433.000,3.000,8.000,1.0,1,1.0
203,17,167.000,433.000,4.000,7.000,1.0,1,1.0
204,17,166.000,432.000,4.000,8.000,1.0,1,1.0
205,17,163.000,433.000,4.000,8.000,1.0,1,1.0
206,17,161.000,434.000,4.000,8.000,1.0,1,1.0
207,17,160.000,433.000,5.000,8.000,1.0,1,1.0
208,17,160.000,434.000,5.000,8.000,1.0,1,1.0
209,17,160.000,434.000,5.000,8.000,1.0,1,1.0
210,17,161.000,434.000,4.000,7.000,1.0,1,1.0
211,17,160.000,434.000,5.000,7.000,1.0,1,1.0
212,17,160.000,434.000,5.000,7.000,1.0,1,1.0
213,17,160.000,434.000,5.000,7.000,1.0,1,1.0
214,17,160.000,434.000,5.000,7.000,1.0,1,1.0
215,17,160.000,434.000,5.000,6.000,1.0,1,1.0
216,17,160.000,434.000,5.000,7.000,1.0,1,1.0
217,17,160.000,434.000,5.000,7.000,1.0,1,1.0
218,17,160.000,434.000,5.000,7.000,1.0,1,1.0
219,17,160.000,434.000,5.000,6.000,1.0,1,1.0
220,17,160.000,434.000,5.000,6.000,1.0,1,1.0
221,17,160.000,434.000,5.000,7.000,1.0,1,1.0
222,17,160.000,433.000,4.000,7.000,1.0,1,1.0
223,17,160.000,433.000,4.000,7.000,1.0,1,1.0
224,17,160.000,433.000,4.000,7.000,1.0,1,1.0
225,17,160.000,432.000,4.000,7.000,1.0,1,1.0
226,17,160.000,432.000,4.000,7.000,1.0,1,1.0
227,17,160.000,432.000,3.000,7.000,1.0,1,1.0
228,17,159.000,431.000,4.000,7.000,1.0,1,1.0
229,17,159.000,431.000,4.000,7.000,1.0,1,1.0
230,17,159.000,431.000,4.000,7.000,1.0,1,1.0
231,17,159.000,431.000,4.000,7.000,1.0,1,1.0
232,17,159.000,431.000,4.000,7.000,1.0,1,1.0
233,17,159.000,431.000,4.000,7.000,1.0,1,1.0
234,17,159.000,431.000,4.000,7.000,1.0,1,1.0
235,17,159.000,431.000,4.000,7.000,1.0,1,1.0
236,17,159.000,431.000,4.000,7.000,1.0,1,1.0
237,17,159.000,431.000,4.000,7.000,1.0,1,1.0
238,17,159.000,431.000,4.000,7.000,1.0,1,1.0
239,17,159.000,431.000,4.000,7.000,1.0,1,1.0
240,17,159.000,431.000,4.000,7.000,1.0,1,1.0
241,17,159.000,431.000,4.000,7.000,1.0,1,1.0
242,17,159.000,431.000,4.000,7.000,1.0,1,1.0
243,17,159.000,431.000,4.000,7.000,1.0,1,1.0
244,17,158.000,431.000,5.000,7.000,1.0,1,1.0
245,17,158.000,431.000,5.000,7.000,1.0,1,1.0
246,17,154.000,437.000,5.000,4.000,1.0,1,1.0
248,17,155.000,437.000,4.000,4.000,1.0,1,1.0
249,17,159.000,431.000,5.000,9.000,1.0,1,1.0
250,17,144.000,413.000,5.000,4.000,1.0,1,1.0
251,17,150.000,407.000,7.000,4.000,1.0,1,1.0
260,17,148.000,438.000,5.000,4.000,1.0,1,1.0
261,17,146.000,439.000,5.000,3.000,1.0,1,1.0
262,17,144.000,439.000,6.000,3.000,1.0,1,1.0
263,17,143.000,439.000,6.000,3.000,1.0,1,1.0
264,17,142.000,438.000,5.000,4.000,1.0,1,1.0
265,17,141.000,438.000,5.000,4.000,1.0,1,1.0
266,17,140.000,438.000,6.000,3.000,1.0,1,1.0
267,17,139.000,439.000,6.000,3.000,1.0,1,1.0
268,17,139.000,439.000,5.000,3.000,1.0,1,1.0
269,17,137.000,438.000,6.000,4.000,1.0,1,1.0
270,17,136.000,438.000,6.000,4.000,1.0,1,1.0
271,17,136.000,438.000,6.000,3.000,1.0,1,1.0
272,17,135.000,438.000,7.000,4.000,1.0,1,1.0
273,17,136.000,438.000,5.000,4.000,1.0,1,1.0
274,17,136.000,438.000,6.000,4.000,1.0,1,1.0
275,17,136.000,438.000,6.000,4.000,1.0,1,1.0
276,17,135.000,438.000,7.000,4.000,1.0,1,1.0
277,17,135.000,438.000,6.000,4.000,1.0,1,1.0
278,17,135.000,439.000,6.000,4.000,1.0,1,1.0
279,17,135.000,439.000,6.000,4.000,1.0,1,1.0
280,17,136.000,438.000,5.000,4.000,1.0,1,1.0
281,17,137.000,439.000,4.000,4.000,1.0,1,1.0
282,17,137.000,437.000,6.000,6.000,1.0,1,1.0
283,17,138.000,440.000,6.000,4.000,1.0,1,1.0
285,17,136.000,439.000,7.000,6.000,1.0,1,1.0
287,17,131.000,440.000,12.000,6.000,1.0,1,1.0
289,17,131.000,439.000,10.000,6.000,1.0,1,1.0
290,17,136.000,439.000,6.000,6.000,1.0,1,1.0
291,17,136.000,439.000,7.000,6.000,1.0,1,1.0
293,17,136.000,439.000,7.000,6.000,1.0,1,1.0
294,17,136.000,439.000,7.000,5.000,1.0,1,1.0
295,17,135.000,439.000,8.000,5.000,1.0,1,1.0
296,17,136.000,438.000,8.000,5.000,1.0,1,1.0
297,17,137.000,438.000,8.000,5.000,1.0,1,1.0
298,17,138.000,438.000,8.000,5.000,1.0,1,1.0
299,17,139.000,438.000,8.000,5.000,1.0,1,1.0
300,17,142.000,438.000,6.000,4.000,1.0,1,1.0
301,17,143.000,437.000,6.000,5.000,1.0,1,1.0
302,17,145.000,437.000,6.000,5.000,1.0,1,1.0
303,17,147.000,437.000,6.000,4.000,1.0,1,1.0
304,17,148.000,437.000,6.000,4.000,1.0,1,1.0
305,17,149.000,437.000,7.000,4.000,1.0,1,1.0
306,17,151.000,437.000,6.000,4.000,1.0,1,1.0
307,17,152.000,437.000,6.000,4.000,1.0,1,1.0
308,17,153.000,438.000,6.000,3.000,1.0,1,1.0
309,17,153.000,438.000,6.000,3.000,1.0,1,1.0
310,17,154.000,438.000,5.000,3.000,1.0,1,1.0
311,17,154.000,437.000,6.000,4.000,1.0,1,1.0
312,17,154.000,438.000,7.000,3.000,1.0,1,1.0
313,17,155.000,438.000,7.000,4.000,1.0,1,1.0
314,17,156.000,437.000,8.000,5.000,1.0,1,1.0
315,17,158.000,437.000,7.000,4.000,1.0,1,1.0
316,17,159.000,437.000,7.000,4.000,1.0,1,1.0
317,17,160.000,437.000,7.000,5.000,1.0,1,1.0
318,17,161.000,437.000,7.000,5.000,1.0,1,1.0
319,17,163.000,438.000,6.000,4.000,1.0,1,1.0
320,17,163.000,438.000,6.000,4.000,1.0,1,1.0
321,17,164.000,437.000,5.000,4.000,1.0,1,1.0
322,17,164.000,437.000,5.000,4.000,1.0,1,1.0
323,17,164.000,437.000,5.000,4.000,1.0,1,1.0
324,17,164.000,437.000,5.000,4.000,1.0,1,1.0
325,17,164.000,437.000,5.000,4.000,1.0,1,1.0
326,17,164.000,437.000,5.000,4.000,1.0,1,1.0
327,17,164.000,437.000,5.000,4.000,1.0,1,1.0
328,17,171.000,423.000,8.000,6.000,1.0,1,1.0
329,17,180.000,394.000,7.000,4.000,1.0,1,1.0
330,17,185.000,371.000,4.000,6.000,1.0,1,1.0
331,17,180.000,394.000,6.000,7.000,1.0,1,1.0
332,17,174.000,425.000,5.000,7.000,1.0,1,1.0
333,17,158.000,435.000,7.000,6.000,1.0,1,1.0
363,17,147.000,438.000,7.000,5.000,1.0,1,1.0
55,4,64.000,394.000,3.000,7.000,1.0,1,1.0
57,4,61.000,403.000,3.000,8.000,1.0,1,1.0
58,4,66.000,403.000,5.000,6.000,1.0,1,1.0
59,4,45.000,398.000,9.000,3.000,1.0,1,1.0
60,4,20.000,395.000,3.000,7.000,1.0,1,1.0
61,4,18.000,405.000,5.000,3.000,1.0,1,1.0
62,4,12.000,408.000,5.000,5.000,1.0,1,1.0
63,4,16.000,414.000,5.000,8.000,1.0,1,1.0
64,4,27.000,429.000,7.000,4.000,1.0,1,1.0
144,1,22.000,419.000,5.000,6.000,1.0,1,1.0
145,1,36.000,394.000,6.000,4.000,1.0,1,1.0
146,1,31.000,386.000,5.000,5.000,1.0,1,1.0
147,1,29.000,375.000,4.000,5.000,1.0,1,1.0
148,1,38.000,377.000,4.000,6.000,1.0,1,1.0
149,1,48.000,377.000,4.000,7.000,1.0,1,1.0
150,1,45.000,383.000,4.000,7.000,1.0,1,1.0
151,1,54.000,378.000,6.000,6.000,1.0,1,1.0
152,1,61.000,377.000,5.000,6.000,1.0,1,1.0
153,1,61.000,376.000,5.000,8.000,1.0,1,1.0
154,1,61.000,376.000,5.000,7.000,1.0,1,1.0
155,1,61.000,375.000,5.000,8.000,1.0,1,1.0
156,1,61.000,375.000,5.000,8.000,1.0,1,1.0
157,1,61.000,375.000,5.000,8.000,1.0,1,1.0
158,1,61.000,375.000,5.000,8.000,1.0,1,1.0
159,1,61.000,375.000,5.000,8.000,1.0,1,1.0
160,1,61.000,375.000,5.000,8.000,1.0,1,1.0
161,1,61.000,375.000,5.000,8.000,1.0,1,1.0
162,1,61.000,375.000,5.000,8.000,1.0,1,1.0
163,1,61.000,375.000,5.000,8.000,1.0,1,1.0
164,1,61.000,374.000,5.000,8.000,1.0,1,1.0
165,1,61.000,374.000,5.000,8.000,1.0,1,1.0
166,1,61.000,373.000,4.000,8.000,1.0,1,1.0
167,1,61.000,373.000,4.000,8.000,1.0,1,1.0
168,1,61.000,373.000,4.000,8.000,1.0,1,1.0
169,1,61.000,373.000,4.000,8.000,1.0,1,1.0
170,1,60.000,373.000,5.000,7.000,1.0,1,1.0
171,1,60.000,372.000,4.000,8.000,1.0,1,1.0
172,1,59.000,371.000,5.000,8.000,1.0,1,1.0
173,1,59.000,370.000,5.000,8.000,1.0,1,1.0
174,1,58.000,369.000,5.000,8.000,1.0,1,1.0
175,1,57.000,368.000,6.000,8.000,1.0,1,1.0
176,1,56.000,367.000,5.000,8.000,1.0,1,1.0
177,1,55.000,366.000,5.000,7.000,1.0,1,1.0
178,1,54.000,364.000,5.000,8.000,1.0,1,1.0
179,1,53.000,363.000,5.000,7.000,1.0,1,1.0
180,1,52.000,361.000,5.000,7.000,1.0,1,1.0
181,1,51.000,360.000,5.000,7.000,1.0,1,1.0
182,1,50.000,358.000,4.000,8.000,1.0,1,1.0
183,1,49.000,356.000,4.000,7.000,1.0,1,1.0
184,1,48.000,354.000,4.000,8.000,1.0,1,1.0
185,1,47.000,352.000,4.000,8.000,1.0,1,1.0
186,1,46.000,351.000,5.000,8.000,1.0,1,1.0
187,1,45.000,349.000,5.000,8.000,1.0,1,1.0
188,1,44.000,348.000,5.000,8.000,1.0,1,1.0
189,1,44.000,347.000,5.000,7.000,1.0,1,1.0
190,1,44.000,345.000,4.000,8.000,1.0,1,1.0
191,1,43.000,343.000,4.000,9.000,1.0,1,1.0
192,1,42.000,342.000,5.000,8.000,1.0,1,1.0
193,1,42.000,340.000,4.000,8.000,1.0,1,1.0
194,1,41.000,339.000,4.000,8.000,1.0,1,1.0
195,1,41.000,336.000,4.000,9.000,1.0,1,1.0
196,1,39.000,335.000,5.000,8.000,1.0,1,1.0
197,1,38.000,334.000,6.000,7.000,1.0,1,1.0
198,1,36.000,333.000,6.000,7.000,1.0,1,1.0
199,1,35.000,331.000,6.000,8.000,1.0,1,1.0
200,1,33.000,329.000,6.000,8.000,1.0,1,1.0
201,1,32.000,328.000,6.000,7.000,1.0,1,1.0
202,1,31.000,326.000,5.000,8.000,1.0,1,1.0
203,1,29.000,325.000,6.000,7.000,1.0,1,1.0
204,1,28.000,324.000,6.000,7.000,1.0,1,1.0
205,1,26.000,322.000,6.000,7.000,1.0,1,1.0
206,1,25.000,321.000,6.000,7.000,1.0,1,1.0
207,1,25.000,319.000,5.000,8.000,1.0,1,1.0
208,1,23.000,318.000,5.000,7.000,1.0,1,1.0
209,1,22.000,316.000,5.000,7.000,1.0,1,1.0
210,1,21.000,313.000,5.000,8.000,1.0,1,1.0
211,1,20.000,312.000,5.000,7.000,1.0,1,1.0
212,1,19.000,310.000,5.000,8.000,1.0,1,1.0
213,1,18.000,309.000,5.000,7.000,1.0,1,1.0
214,1,17.000,307.000,5.000,7.000,1.0,1,1.0
215,1,15.000,305.000,6.000,7.000,1.0,1,1.0
216,1,14.000,303.000,5.000,8.000,1.0,1,1.0
217,1,13.000,302.000,5.000,7.000,1.0,1,1.0
218,1,11.000,300.000,6.000,8.000,1.0,1,1.0
219,1,11.000,299.000,5.000,8.000,1.0,1,1.0
220,1,10.000,298.000,6.000,9.000,1.0,1,1.0
234,1,5.000,278.000,5.000,9.000,1.0,1,1.0
237,1,5.000,272.000,5.000,8.000,1.0,1,1.0
238,1,5.000,271.000,5.000,8.000,1.0,1,1.0
239,1,5.000,269.000,5.000,9.000,1.0,1,1.0
240,1,5.000,268.000,6.000,9.000,1.0,1,1.0
252,1,11.000,245.000,5.000,7.000,1.0,1,1.0
253,1,11.000,243.000,5.000,8.000,1.0,1,1.0
254,1,11.000,241.000,5.000,8.000,1.0,1,1.0
255,1,12.000,239.000,5.000,8.000,1.0,1,1.0
256,1,12.000,237.000,5.000,8.000,1.0,1,1.0
257,1,13.000,237.000,4.000,7.000,1.0,1,1.0
258,1,13.000,236.000,4.000,8.000,1.0,1,1.0
259,1,13.000,235.000,5.000,8.000,1.0,1,1.0
260,1,14.000,233.000,4.000,8.000,1.0,1,1.0
261,1,14.000,230.000,5.000,9.000,1.0,1,1.0
262,1,15.000,228.000,4.000,9.000,1.0,1,1.0
263,1,16.000,226.000,4.000,9.000,1.0,1,1.0
264,1,16.000,224.000,4.000,9.000,1.0,1,1.0
265,1,16.000,223.000,4.000,8.000,1.0,1,1.0
266,1,17.000,221.000,3.000,9.000,1.0,1,1.0
267,1,17.000,219.000,4.000,9.000,1.0,1,1.0
268,1,18.000,217.000,3.000,8.000,1.0,1,1.0
269,1,19.000,214.000,3.000,9.000,1.0,1,1.0
270,1,19.000,212.000,3.000,8.000,1.0,1,1.0
271,1,18.000,209.000,4.000,8.000,1.0,1,1.0
272,1,18.000,206.000,4.000,8.000,1.0,1,1.0
273,1,18.000,203.000,4.000,9.000,1.0,1,1.0
274,1,17.000,201.000,4.000,8.000,1.0,1,1.0
275,1,16.000,198.000,5.000,9.000,1.0,1,1.0
276,1,16.000,196.000,5.000,8.000,1.0,1,1.0
277,1,15.000,194.000,4.000,9.000,1.0,1,1.0
278,1,14.000,192.000,5.000,9.000,1.0,1,1.0
279,1,13.000,190.000,5.000,8.000,1.0,1,1.0
280,1,12.000,189.000,5.000,8.000,1.0,1,1.0
281,1,12.000,188.000,5.000,7.000,1.0,1,1.0
282,1,11.000,187.000,5.000,7.000,1.0,1,1.0
283,1,11.000,186.000,5.000,8.000,1.0,1,1.0
285,1,10.000,184.000,6.000,9.000,1.0,1,1.0
286,1,10.000,182.000,6.000,10.000,1.0,1,1.0
287,1,11.000,182.000,5.000,9.000,1.0,1,1.0
290,1,10.000,180.000,5.000,8.000,1.0,1,1.0
296,1,10.000,180.000,5.000,8.000,1.0,1,1.0
299,1,10.000,179.000,5.000,9.000,1.0,1,1.0
300,1,10.000,179.000,5.000,8.000,1.0,1,1.0
301,1,10.000,179.000,5.000,9.000,1.0,1,1.0
302,1,10.000,179.000,5.000,8.000,1.0,1,1.0
304,1,23.000,154.000,4.000,6.000,1.0,1,1.0
306,1,8.000,136.000,8.000,10.000,1.0,1,1.0
307,1,9.000,134.000,7.000,11.000,1.0,1,1.0
308,1,9.000,133.000,8.000,11.000,1.0,1,1.0
309,1,10.000,131.000,7.000,10.000,1.0,1,1.0
310,1,11.000,130.000,5.000,8.000,1.0,1,1.0
311,1,11.000,128.000,5.000,9.000,1.0,1,1.0
312,1,12.000,127.000,5.000,8.000,1.0,1,1.0
313,1,11.000,125.000,6.000,9.000,1.0,1,1.0
314,1,10.000,123.000,7.000,9.000,1.0,1,1.0
329,1,41.000,67.000,6.000,5.000,1.0,1,1.0
345,1,11.000,58.000,5.000,8.000,1.0,1,1.0
346,1,11.000,56.000,6.000,10.000,1.0,1,1.0
347,1,12.000,53.000,5.000,8.000,1.0,1,1.0
348,1,12.000,50.000,5.000,9.000,1.0,1,1.0
349,1,13.000,48.000,5.000,8.000,1.0,1,1.0
350,1,13.000,45.000,5.000,9.000,1.0,1,1.0
351,1,13.000,42.000,5.000,9.000,1.0,1,1.0
352,1,13.000,38.000,5.000,9.000,1.0,1,1.0
353,1,14.000,36.000,4.000,9.000,1.0,1,1.0
354,1,13.000,33.000,5.000,9.000,1.0,1,1.0
355,1,13.000,31.000,5.000,9.000,1.0,1,1.0
356,1,13.000,28.000,5.000,10.000,1.0,1,1.0
357,1,13.000,27.000,5.000,9.000,1.0,1,1.0
358,1,12.000,26.000,6.000,10.000,1.0,1,1.0
359,1,12.000,25.000,6.000,10.000,1.0,1,1.0
360,1,13.000,25.000,5.000,9.000,1.0,1,1.0
361,1,12.000,25.000,6.000,9.000,1.0,1,1.0
362,1,12.000,25.000,6.000,10.000,1.0,1,1.0
95,7,32.000,417.000,5.000,9.000,1.0,1,1.0
96,7,20.000,423.000,4.000,8.000,1.0,1,1.0
98,7,14.000,439.000,8.000,6.000,1.0,1,1.0
99,7,14.000,439.000,8.000,6.000,1.0,1,1.0
100,7,14.000,440.000,9.000,5.000,1.0,1,1.0
101,7,15.000,439.000,9.000,6.000,1.0,1,1.0
106,7,13.000,440.000,8.000,5.000,1.0,1,1.0
107,7,12.000,440.000,8.000,4.000,1.0,1,1.0
108,7,12.000,440.000,7.000,4.000,1.0,1,1.0
109,7,12.000,440.000,7.000,5.000,1.0,1,1.0
121,7,11.000,434.000,5.000,9.000,1.0,1,1.0
123,7,12.000,435.000,5.000,7.000,1.0,1,1.0
124,7,36.000,434.000,7.000,5.000,1.0,1,1.0
125,7,58.000,424.000,6.000,4.000,1.0,1,1.0
126,7,46.000,435.000,6.000,6.000,1.0,1,1.0
128,7,13.000,441.000,7.000,4.000,1.0,1,1.0
130,7,21.000,436.000,4.000,5.000,1.0,1,1.0
131,7,28.000,436.000,7.000,5.000,1.0,1,1.0
140,7,22.000,439.000,6.000,4.000,1.0,1,1.0
141,7,20.000,439.000,6.000,4.000,1.0,1,1.0
142,7,19.000,439.000,6.000,4.000,1.0,1,1.0
144,7,16.000,440.000,6.000,3.000,1.0,1,1.0
145,7,13.000,440.000,6.000,4.000,1.0,1,1.0
146,7,12.000,440.000,6.000,4.000,1.0,1,1.0
147,7,12.000,439.000,5.000,4.000,1.0,1,1.0
171,7,11.000,435.000,5.000,6.000,1.0,1,1.0
178,7,39.000,431.000,4.000,7.000,1.0,1,1.0
187,7,35.000,440.000,6.000,4.000,1.0,1,1.0
188,7,35.000,440.000,6.000,4.000,1.0,1,1.0
189,7,35.000,440.000,6.000,4.000,1.0,1,1.0
190,7,36.000,440.000,6.000,4.000,1.0,1,1.0
191,7,36.000,440.000,7.000,4.000,1.0,1,1.0
192,7,37.000,440.000,6.000,4.000,1.0,1,1.0
193,7,37.000,440.000,6.000,4.000,1.0,1,1.0
194,7,36.000,440.000,7.000,4.000,1.0,1,1.0
195,7,36.000,440.000,7.000,4.000,1.0,1,1.0
196,7,37.000,440.000,6.000,4.000,1.0,1,1.0
197,7,37.000,440.000,7.000,4.000,1.0,1,1.0
198,7,37.000,440.000,7.000,4.000,1.0,1,1.0
199,7,37.000,440.000,7.000,4.000,1.0,1,1.0
200,7,40.000,419.000,6.000,9.000,1.0,1,1.0
201,7,46.000,373.000,7.000,7.000,1.0,1,1.0
202,7,72.000,349.000,3.000,6.000,1.0,1,1.0
203,7,63.000,353.000,4.000,6.000,1.0,1,1.0
204,7,57.000,352.000,6.000,3.000,1.0,1,1.0
205,7,56.000,374.000,7.000,7.000,1.0,1,1.0
206,7,40.000,395.000,8.000,3.000,1.0,1,1.0
231,7,28.000,395.000,6.000,9.000,1.0,1,1.0
232,7,45.000,359.000,8.000,6.000,1.0,1,1.0
233,7,68.000,352.000,6.000,3.000,1.0,1,1.0
234,7,66.000,358.000,4.000,6.000,1.0,1,1.0
235,7,62.000,397.000,5.000,6.000,1.0,1,1.0
236,7,47.000,422.000,6.000,7.000,1.0,1,1.0
237,7,53.000,438.000,4.000,4.000,1.0,1,1.0
238,7,53.000,438.000,4.000,4.000,1.0,1,1.0
239,7,53.000,438.000,4.000,4.000,1.0,1,1.0
240,7,53.000,438.000,3.000,4.000,1.0,1,1.0
241,7,52.000,438.000,4.000,4.000,1.0,1,1.0
242,7,52.000,438.000,4.000,4.000,1.0,1,1.0
243,7,52.000,438.000,4.000,4.000,1.0,1,1.0
244,7,52.000,438.000,4.000,4.000,1.0,1,1.0
245,7,52.000,438.000,4.000,4.000,1.0,1,1.0
246,7,52.000,438.000,4.000,4.000,1.0,1,1.0
247,7,50.000,438.000,6.000,4.000,1.0,1,1.0
248,7,49.000,438.000,6.000,3.000,1.0,1,1.0
249,7,47.000,438.000,6.000,4.000,1.0,1,1.0
250,7,44.000,438.000,7.000,4.000,1.0,1,1.0
251,7,42.000,439.000,7.000,4.000,1.0,1,1.0
252,7,41.000,438.000,6.000,5.000,1.0,1,1.0
253,7,40.000,438.000,7.000,5.000,1.0,1,1.0
254,7,41.000,438.000,6.000,5.000,1.0,1,1.0
255,7,41.000,438.000,6.000,5.000,1.0,1,1.0
256,7,41.000,439.000,6.000,4.000,1.0,1,1.0
257,7,41.000,438.000,6.000,5.000,1.0,1,1.0
258,7,41.000,438.000,6.000,5.000,1.0,1,1.0
259,7,41.000,438.000,6.000,5.000,1.0,1,1.0
260,7,41.000,437.000,5.000,5.000,1.0,1,1.0
261,7,41.000,437.000,5.000,5.000,1.0,1,1.0
262,7,40.000,437.000,5.000,5.000,1.0,1,1.0
263,7,39.000,437.000,5.000,5.000,1.0,1,1.0
264,7,38.000,436.000,6.000,6.000,1.0,1,1.0
265,7,37.000,436.000,6.000,5.000,1.0,1,1.0
266,7,36.000,436.000,5.000,5.000,1.0,1,1.0
267,7,34.000,436.000,6.000,5.000,1.0,1,1.0
268,7,31.000,437.000,7.000,3.000,1.0,1,1.0
269,7,30.000,437.000,7.000,3.000,1.0,1,1.0
270,7,30.000,436.000,6.000,4.000,1.0,1,1.0
271,7,30.000,437.000,6.000,3.000,1.0,1,1.0
272,7,29.000,436.000,7.000,5.000,1.0,1,1.0
273,7,29.000,430.000,7.000,8.000,1.0,1,1.0
274,7,14.000,392.000,5.000,8.000,1.0,1,1.0
279,7,18.000,389.000,10.000,6.000,1.0,1,1.0
280,7,50.000,396.000,4.000,7.000,1.0,1,1.0
281,7,50.000,395.000,4.000,8.000,1.0,1,1.0
282,7,50.000,405.000,7.000,7.000,1.0,1,1.0
283,7,51.000,423.000,7.000,4.000,1.0,1,1.0
284,7,47.000,439.000,5.000,4.000,1.0,1,1.0
285,7,46.000,439.000,5.000,3.000,1.0,1,1.0
286,7,46.000,438.000,5.000,4.000,1.0,1,1.0
287,7,46.000,438.000,5.000,4.000,1.0,1,1.0
288,7,46.000,439.000,5.000,4.000,1.0,1,1.0
289,7,46.000,439.000,5.000,4.000,1.0,1,1.0
290,7,46.000,439.000,5.000,3.000,1.0,1,1.0
291,7,46.000,439.000,5.000,3.000,1.0,1,1.0
292,7,46.000,439.000,5.000,4.000,1.0,1,1.0
293,7,45.000,439.000,6.000,4.000,1.0,1,1.0
301,7,42.000,440.000,7.000,4.000,1.0,1,1.0
302,7,42.000,440.000,7.000,4.000,1.0,1,1.0
303,7,43.000,440.000,6.000,3.000,1.0,1,1.0
304,7,43.000,440.000,6.000,3.000,1.0,1,1.0
305,7,44.000,440.000,5.000,3.000,1.0,1,1.0
306,7,44.000,440.000,5.000,3.000,1.0,1,1.0
307,7,45.000,440.000,5.000,3.000,1.0,1,1.0
308,7,46.000,440.000,5.000,3.000,1.0,1,1.0
309,7,47.000,440.000,4.000,3.000,1.0,1,1.0
310,7,47.000,440.000,5.000,3.000,1.0,1,1.0
311,7,48.000,440.000,4.000,3.000,1.0,1,1.0
312,7,48.000,441.000,4.000,3.000,1.0,1,1.0
313,7,48.000,441.000,5.000,3.000,1.0,1,1.0
314,7,49.000,441.000,4.000,3.000,1.0,1,1.0
315,7,48.000,441.000,5.000,3.000,1.0,1,1.0
316,7,48.000,440.000,4.000,4.000,1.0,1,1.0
317,7,48.000,440.000,3.000,4.000,1.0,1,1.0
318,7,47.000,440.000,4.000,3.000,1.0,1,1.0
319,7,47.000,440.000,4.000,3.000,1.0,1,1.0
320,7,47.000,439.000,4.000,4.000,1.0,1,1.0
321,7,47.000,438.000,4.000,6.000,1.0,1,1.0
322,7,47.000,437.000,4.000,7.000,1.0,1,1.0
323,7,47.000,437.000,3.000,7.000,1.0,1,1.0
324,7,47.000,437.000,4.000,7.000,1.0,1,1.0
325,7,47.000,436.000,4.000,8.000,1.0,1,1.0
326,7,47.000,436.000,4.000,8.000,1.0,1,1.0
327,7,48.000,436.000,3.000,8.000,1.0,1,1.0
328,7,48.000,436.000,3.000,8.000,1.0,1,1.0
329,7,47.000,436.000,4.000,8.000,1.0,1,1.0
330,7,48.000,436.000,3.000,8.000,1.0,1,1.0
331,7,47.000,436.000,4.000,8.000,1.0,1,1.0
332,7,47.000,436.000,4.000,8.000,1.0,1,1.0
333,7,47.000,436.000,4.000,8.000,1.0,1,1.0
334,7,47.000,436.000,4.000,8.000,1.0,1,1.0
335,7,48.000,436.000,3.000,8.000,1.0,1,1.0
336,7,47.000,437.000,4.000,7.000,1.0,1,1.0
337,7,46.000,437.000,5.000,7.000,1.0,1,1.0
338,7,46.000,437.000,5.000,7.000,1.0,1,1.0
339,7,46.000,437.000,5.000,7.000,1.0,1,1.0
340,7,46.000,437.000,5.000,7.000,1.0,1,1.0
341,7,46.000,437.000,5.000,7.000,1.0,1,1.0
342,7,46.000,437.000,5.000,7.000,1.0,1,1.0
343,7,46.000,437.000,5.000,7.000,1.0,1,1.0
344,7,45.000,436.000,6.000,8.000,1.0,1,1.0
345,7,45.000,436.000,5.000,7.000,1.0,1,1.0
346,7,45.000,436.000,5.000,7.000,1.0,1,1.0
347,7,44.000,437.000,6.000,6.000,1.0,1,1.0
348,7,44.000,437.000,5.000,6.000,1.0,1,1.0
349,7,44.000,437.000,5.000,6.000,1.0,1,1.0
350,7,45.000,437.000,4.000,6.000,1.0,1,1.0
351,7,45.000,437.000,4.000,6.000,1.0,1,1.0
352,7,44.000,437.000,5.000,7.000,1.0,1,1.0
353,7,44.000,437.000,5.000,7.000,1.0,1,1.0
354,7,44.000,437.000,5.000,7.000,1.0,1,1.0
355,7,42.000,438.000,7.000,6.000,1.0,1,1.0
356,7,42.000,438.000,6.000,6.000,1.0,1,1.0
360,7,39.000,439.000,6.000,7.000,1.0,1,1.0
361,7,39.000,439.000,6.000,7.000,1.0,1,1.0
362,7,39.000,439.000,6.000,7.000,1.0,1,1.0
363,7,39.000,439.000,5.000,7.000,1.0,1,1.0
123,37,499.000,334.000,5.000,4.000,1.0,1,1.0
124,37,499.000,333.000,5.000,4.000,1.0,1,1.0
125,37,499.000,333.000,5.000,4.000,1.0,1,1.0
127,37,499.000,332.000,5.000,6.000,1.0,1,1.0
128,37,499.000,332.000,4.000,6.000,1.0,1,1.0
129,37,499.000,331.000,4.000,6.000,1.0,1,1.0
130,37,499.000,332.000,4.000,6.000,1.0,1,1.0
131,37,499.000,333.000,4.000,5.000,1.0,1,1.0
132,37,499.000,332.000,5.000,6.000,1.0,1,1.0
133,37,499.000,332.000,5.000,6.000,1.0,1,1.0
134,37,499.000,332.000,6.000,5.000,1.0,1,1.0
135,37,500.000,332.000,7.000,5.000,1.0,1,1.0
136,37,502.000,332.000,6.000,4.000,1.0,1,1.0
137,37,503.000,332.000,6.000,4.000,1.0,1,1.0
138,37,505.000,331.000,7.000,4.000,1.0,1,1.0
139,37,506.000,331.000,7.000,4.000,1.0,1,1.0
140,37,506.000,331.000,7.000,4.000,1.0,1,1.0
141,37,507.000,330.000,6.000,4.000,1.0,1,1.0
142,37,507.000,329.000,7.000,5.000,1.0,1,1.0
143,37,507.000,329.000,6.000,4.000,1.0,1,1.0
144,37,507.000,329.000,7.000,4.000,1.0,1,1.0
145,37,508.000,329.000,7.000,4.000,1.0,1,1.0
146,37,509.000,328.000,7.000,4.000,1.0,1,1.0
147,37,511.000,327.000,6.000,4.000,1.0,1,1.0
148,37,512.000,325.000,7.000,5.000,1.0,1,1.0
149,37,514.000,324.000,7.000,5.000,1.0,1,1.0
150,37,516.000,323.000,6.000,5.000,1.0,1,1.0
151,37,517.000,322.000,7.000,5.000,1.0,1,1.0
152,37,520.000,321.000,7.000,4.000,1.0,1,1.0
153,37,522.000,320.000,7.000,5.000,1.0,1,1.0
154,37,524.000,319.000,7.000,5.000,1.0,1,1.0
155,37,526.000,317.000,7.000,5.000,1.0,1,1.0
156,37,528.000,316.000,7.000,5.000,1.0,1,1.0
157,37,530.000,315.000,7.000,5.000,1.0,1,1.0
158,37,533.000,313.000,6.000,5.000,1.0,1,1.0
159,37,534.000,311.000,7.000,6.000,1.0,1,1.0
160,37,536.000,310.000,5.000,6.000,1.0,1,1.0
161,37,537.000,307.000,4.000,7.000,1.0,1,1.0
162,37,538.000,305.000,3.000,7.000,1.0,1,1.0
163,37,538.000,302.000,3.000,8.000,1.0,1,1.0
164,37,538.000,300.000,3.000,7.000,1.0,1,1.0
165,37,538.000,297.000,3.000,7.000,1.0,1,1.0
166,37,537.000,295.000,3.000,7.000,1.0,1,1.0
167,37,537.000,292.000,3.000,8.000,1.0,1,1.0
168,37,536.000,290.000,3.000,7.000,1.0,1,1.0
169,37,535.000,287.000,4.000,8.000,1.0,1,1.0
170,37,535.000,285.000,4.000,8.000,1.0,1,1.0
171,37,535.000,282.000,4.000,8.000,1.0,1,1.0
172,37,536.000,280.000,3.000,8.000,1.0,1,1.0
173,37,536.000,278.000,4.000,8.000,1.0,1,1.0
174,37,537.000,277.000,4.000,7.000,1.0,1,1.0
175,37,538.000,276.000,4.000,7.000,1.0,1,1.0
176,37,538.000,275.000,6.000,7.000,1.0,1,1.0
177,37,539.000,274.000,5.000,7.000,1.0,1,1.0
178,37,541.000,271.000,4.000,7.000,1.0,1,1.0
179,37,542.000,269.000,5.000,7.000,1.0,1,1.0
180,37,544.000,267.000,5.000,7.000,1.0,1,1.0
181,37,545.000,266.000,5.000,6.000,1.0,1,1.0
182,37,547.000,264.000,4.000,7.000,1.0,1,1.0
183,37,548.000,262.000,4.000,7.000,1.0,1,1.0
184,37,548.000,260.000,5.000,7.000,1.0,1,1.0
185,37,549.000,258.000,5.000,7.000,1.0,1,1.0
186,37,550.000,257.000,4.000,7.000,1.0,1,1.0
187,37,551.000,255.000,4.000,7.000,1.0,1,1.0
188,37,552.000,253.000,4.000,7.000,1.0,1,1.0
189,37,553.000,251.000,4.000,7.000,1.0,1,1.0
190,37,554.000,249.000,3.000,7.000,1.0,1,1.0
191,37,554.000,246.000,4.000,8.000,1.0,1,1.0
192,37,555.000,243.000,3.000,7.000,1.0,1,1.0
193,37,555.000,240.000,3.000,8.000,1.0,1,1.0
194,37,556.000,238.000,3.000,8.000,1.0,1,1.0
195,37,556.000,235.000,3.000,8.000,1.0,1,1.0
196,37,556.000,232.000,3.000,8.000,1.0,1,1.0
197,37,556.000,229.000,3.000,8.000,1.0,1,1.0
198,37,556.000,226.000,3.000,8.000,1.0,1,1.0
199,37,556.000,223.000,3.000,8.000,1.0,1,1.0
200,37,556.000,220.000,3.000,8.000,1.0,1,1.0
201,37,555.000,218.000,4.000,7.000,1.0,1,1.0
202,37,554.000,215.000,4.000,8.000,1.0,1,1.0
203,37,553.000,214.000,5.000,6.000,1.0,1,1.0
204,37,552.000,213.000,5.000,6.000,1.0,1,1.0
205,37,551.000,212.000,5.000,6.000,1.0,1,1.0
206,37,550.000,212.000,5.000,5.000,1.0,1,1.0
207,37,548.000,211.000,6.000,5.000,1.0,1,1.0
208,37,547.000,210.000,6.000,5.000,1.0,1,1.0
209,37,547.000,209.000,6.000,5.000,1.0,1,1.0
210,37,546.000,209.000,7.000,5.000,1.0,1,1.0
211,37,546.000,209.000,7.000,5.000,1.0,1,1.0
212,37,546.000,209.000,7.000,5.000,1.0,1,1.0
213,37,546.000,209.000,7.000,5.000,1.0,1,1.0
214,37,546.000,209.000,7.000,5.000,1.0,1,1.0
215,37,546.000,210.000,7.000,4.000,1.0,1,1.0
216,37,545.000,212.000,7.000,4.000,1.0,1,1.0
217,37,544.000,213.000,7.000,4.000,1.0,1,1.0
218,37,543.000,213.000,7.000,5.000,1.0,1,1.0
219,37,542.000,214.000,6.000,4.000,1.0,1,1.0
220,37,540.000,215.000,7.000,4.000,1.0,1,1.0
221,37,538.000,216.000,7.000,4.000,1.0,1,1.0
222,37,538.000,216.000,7.000,4.000,1.0,1,1.0
223,37,538.000,215.000,7.000,5.000,1.0,1,1.0
224,37,538.000,213.000,6.000,6.000,1.0,1,1.0
225,37,536.000,211.000,7.000,6.000,1.0,1,1.0
226,37,535.000,210.000,6.000,6.000,1.0,1,1.0
227,37,533.000,208.000,6.000,6.000,1.0,1,1.0
228,37,531.000,206.000,6.000,6.000,1.0,1,1.0
229,37,529.000,205.000,6.000,5.000,1.0,1,1.0
230,37,527.000,203.000,6.000,5.000,1.0,1,1.0
231,37,526.000,201.000,5.000,6.000,1.0,1,1.0
232,37,524.000,198.000,6.000,7.000,1.0,1,1.0
233,37,523.000,196.000,5.000,7.000,1.0,1,1.0
234,37,521.000,194.000,5.000,6.000,1.0,1,1.0
235,37,520.000,192.000,5.000,6.000,1.0,1,1.0
236,37,518.000,190.000,5.000,6.000,1.0,1,1.0
237,37,517.000,188.000,5.000,7.000,1.0,1,1.0
238,37,516.000,186.000,5.000,7.000,1.0,1,1.0
239,37,515.000,184.000,4.000,7.000,1.0,1,1.0
240,37,514.000,182.000,4.000,7.000,1.0,1,1.0
241,37,514.000,179.000,4.000,8.000,1.0,1,1.0
242,37,515.000,178.000,4.000,8.000,1.0,1,1.0
243,37,516.000,176.000,4.000,7.000,1.0,1,1.0
244,37,517.000,173.000,4.000,8.000,1.0,1,1.0
245,37,518.000,171.000,5.000,7.000,1.0,1,1.0
246,37,520.000,168.000,4.000,7.000,1.0,1,1.0
247,37,521.000,166.000,5.000,6.000,1.0,1,1.0
248,37,523.000,163.000,5.000,7.000,1.0,1,1.0
249,37,524.000,162.000,5.000,6.000,1.0,1,1.0
250,37,526.000,159.000,6.000,7.000,1.0,1,1.0
251,37,528.000,157.000,5.000,6.000,1.0,1,1.0
252,37,529.000,155.000,6.000,7.000,1.0,1,1.0
253,37,531.000,154.000,5.000,6.000,1.0,1,1.0
254,37,531.000,154.000,6.000,6.000,1.0,1,1.0
255,37,531.000,154.000,6.000,6.000,1.0,1,1.0
256,37,531.000,154.000,6.000,6.000,1.0,1,1.0
257,37,531.000,154.000,6.000,6.000,1.0,1,1.0
258,37,531.000,154.000,6.000,6.000,1.0,1,1.0
259,37,532.000,154.000,5.000,6.000,1.0,1,1.0
260,37,532.000,154.000,5.000,6.000,1.0,1,1.0
261,37,533.000,153.000,5.000,6.000,1.0,1,1.0
262,37,534.000,152.000,6.000,6.000,1.0,1,1.0
263,37,536.000,150.000,6.000,6.000,1.0,1,1.0
264,37,538.000,149.000,6.000,5.000,1.0,1,1.0
265,37,540.000,147.000,6.000,6.000,1.0,1,1.0
266,37,541.000,146.000,6.000,6.000,1.0,1,1.0
267,37,544.000,144.000,5.000,6.000,1.0,1,1.0
268,37,545.000,143.000,5.000,5.000,1.0,1,1.0
269,37,546.000,141.000,5.000,6.000,1.0,1,1.0
270,37,548.000,140.000,5.000,6.000,1.0,1,1.0
271,37,549.000,139.000,5.000,5.000,1.0,1,1.0
272,37,550.000,137.000,5.000,6.000,1.0,1,1.0
273,37,551.000,135.000,5.000,7.000,1.0,1,1.0
274,37,553.000,134.000,4.000,6.000,1.0,1,1.0
275,37,554.000,133.000,4.000,5.000,1.0,1,1.0
276,37,556.000,131.000,3.000,5.000,1.0,1,1.0
277,37,556.000,131.000,4.000,4.000,1.0,1,1.0
278,37,557.000,130.000,4.000,5.000,1.0,1,1.0
279,37,558.000,130.000,3.000,4.000,1.0,1,1.0
280,37,558.000,129.000,4.000,5.000,1.0,1,1.0
281,37,559.000,128.000,3.000,5.000,1.0,1,1.0
282,37,559.000,126.000,3.000,6.000,1.0,1,1.0
283,37,558.000,123.000,4.000,7.000,1.0,1,1.0
284,37,558.000,121.000,4.000,7.000,1.0,1,1.0
285,37,558.000,119.000,4.000,7.000,1.0,1,1.0
286,37,558.000,117.000,4.000,7.000,1.0,1,1.0
287,37,558.000,116.000,4.000,7.000,1.0,1,1.0
288,37,558.000,114.000,4.000,7.000,1.0,1,1.0
289,37,558.000,111.000,4.000,7.000,1.0,1,1.0
290,37,558.000,108.000,5.000,8.000,1.0,1,1.0
291,37,557.000,103.000,6.000,10.000,1.0,1,1.0
292,37,557.000,103.000,6.000,10.000,1.0,1,1.0
293,37,557.000,103.000,7.000,10.000,1.0,1,1.0
302,37,534.000,64.000,5.000,5.000,1.0,1,1.0
303,37,533.000,62.000,5.000,8.000,1.0,1,1.0
304,37,533.000,61.000,5.000,7.000,1.0,1,1.0
305,37,532.000,60.000,6.000,6.000,1.0,1,1.0
306,37,530.000,53.000,5.000,4.000,1.0,1,1.0
307,37,530.000,50.000,4.000,7.000,1.0,1,1.0
308,37,529.000,48.000,5.000,8.000,1.0,1,1.0
309,37,529.000,46.000,4.000,9.000,1.0,1,1.0
310,37,527.000,45.000,4.000,8.000,1.0,1,1.0
311,37,527.000,43.000,4.000,8.000,1.0,1,1.0
312,37,526.000,41.000,4.000,8.000,1.0,1,1.0
313,37,525.000,39.000,4.000,8.000,1.0,1,1.0
314,37,525.000,36.000,4.000,8.000,1.0,1,1.0
315,37,525.000,34.000,4.000,8.000,1.0,1,1.0
316,37,526.000,32.000,4.000,8.000,1.0,1,1.0
317,37,527.000,31.000,4.000,7.000,1.0,1,1.0
318,37,528.000,29.000,5.000,7.000,1.0,1,1.0
319,37,529.000,26.000,5.000,7.000,1.0,1,1.0
320,37,530.000,24.000,4.000,7.000,1.0,1,1.0
321,37,531.000,22.000,4.000,8.000,1.0,1,1.0
322,37,532.000,20.000,4.000,8.000,1.0,1,1.0
323,37,532.000,19.000,3.000,8.000,1.0,1,1.0
324,37,531.000,18.000,4.000,8.000,1.0,1,1.0
325,37,529.000,18.000,5.000,7.000,1.0,1,1.0
326,37,528.000,18.000,5.000,6.000,1.0,1,1.0
327,37,526.000,17.000,7.000,5.000,1.0,1,1.0
328,37,525.000,16.000,6.000,5.000,1.0,1,1.0
329,37,524.000,15.000,6.000,6.000,1.0,1,1.0
330,37,523.000,15.000,6.000,5.000,1.0,1,1.0
331,37,521.000,14.000,7.000,5.000,1.0,1,1.0
332,37,521.000,13.000,6.000,5.000,1.0,1,1.0
333,37,521.000,13.000,6.000,4.000,1.0,1,1.0
236,16,141.000,373.000,7.000,6.000,1.0,1,1.0
237,16,155.000,370.000,3.000,7.000,1.0,1,1.0
247,20,187.000,440.000,4.000,3.000,1.0,1,1.0
248,20,186.000,439.000,4.000,4.000,1.0,1,1.0
249,20,186.000,439.000,4.000,4.000,1.0,1,1.0
250,20,186.000,440.000,4.000,3.000,1.0,1,1.0
251,20,186.000,440.000,4.000,3.000,1.0,1,1.0
252,20,186.000,440.000,4.000,3.000,1.0,1,1.0
253,20,186.000,440.000,4.000,3.000,1.0,1,1.0
254,20,186.000,440.000,4.000,3.000,1.0,1,1.0
255,20,186.000,440.000,4.000,3.000,1.0,1,1.0
256,20,186.000,440.000,4.000,3.000,1.0,1,1.0
257,20,186.000,440.000,4.000,3.000,1.0,1,1.0
258,20,186.000,440.000,4.000,3.000,1.0,1,1.0
259,20,186.000,440.000,5.000,3.000,1.0,1,1.0
260,20,186.000,440.000,5.000,3.000,1.0,1,1.0
261,20,186.000,440.000,4.000,3.000,1.0,1,1.0
262,20,186.000,440.000,5.000,3.000,1.0,1,1.0
263,20,186.000,440.000,4.000,3.000,1.0,1,1.0
264,20,186.000,440.000,4.000,3.000,1.0,1,1.0
265,20,186.000,440.000,4.000,3.000,1.0,1,1.0
266,20,186.000,440.000,4.000,3.000,1.0,1,1.0
267,20,186.000,440.000,4.000,3.000,1.0,1,1.0
268,20,186.000,440.000,4.000,3.000,1.0,1,1.0
269,20,186.000,440.000,4.000,4.000,1.0,1,1.0
270,20,186.000,441.000,4.000,3.000,1.0,1,1.0
271,20,187.000,441.000,3.000,3.000,1.0,1,1.0
272,20,187.000,440.000,3.000,3.000,1.0,1,1.0
273,20,186.000,440.000,4.000,3.000,1.0,1,1.0
274,20,185.000,440.000,4.000,4.000,1.0,1,1.0
275,20,185.000,439.000,4.000,4.000,1.0,1,1.0
276,20,185.000,439.000,4.000,5.000,1.0,1,1.0
277,20,185.000,439.000,4.000,4.000,1.0,1,1.0
278,20,185.000,439.000,4.000,5.000,1.0,1,1.0
279,20,185.000,439.000,4.000,4.000,1.0,1,1.0
280,20,185.000,439.000,4.000,5.000,1.0,1,1.0
281,20,185.000,439.000,4.000,5.000,1.0,1,1.0
282,20,185.000,439.000,4.000,4.000,1.0,1,1.0
283,20,185.000,439.000,4.000,4.000,1.0,1,1.0
284,20,185.000,439.000,4.000,4.000,1.0,1,1.0
285,20,185.000,439.000,3.000,4.000,1.0,1,1.0
286,20,185.000,439.000,3.000,5.000,1.0,1,1.0
287,20,185.000,440.000,4.000,4.000,1.0,1,1.0
288,20,185.000,440.000,4.000,4.000,1.0,1,1.0
289,20,185.000,440.000,4.000,4.000,1.0,1,1.0
290,20,185.000,440.000,3.000,4.000,1.0,1,1.0
291,20,184.000,440.000,4.000,4.000,1.0,1,1.0
292,20,185.000,440.000,4.000,4.000,1.0,1,1.0
293,20,185.000,440.000,3.000,4.000,1.0,1,1.0
294,20,185.000,439.000,4.000,6.000,1.0,1,1.0
295,20,185.000,439.000,4.000,5.000,1.0,1,1.0
296,20,185.000,439.000,4.000,5.000,1.0,1,1.0
297,20,185.000,439.000,4.000,5.000,1.0,1,1.0
298,20,185.000,439.000,4.000,5.000,1.0,1,1.0
299,20,185.000,439.000,4.000,5.000,1.0,1,1.0
300,20,185.000,439.000,4.000,5.000,1.0,1,1.0
301,20,185.000,440.000,3.000,4.000,1.0,1,1.0
302,20,185.000,440.000,3.000,4.000,1.0,1,1.0
303,20,185.000,439.000,3.000,5.000,1.0,1,1.0
304,20,185.000,440.000,3.000,4.000,1.0,1,1.0
305,20,185.000,440.000,3.000,4.000,1.0,1,1.0
306,20,185.000,439.000,3.000,5.000,1.0,1,1.0
307,20,185.000,439.000,3.000,5.000,1.0,1,1.0
308,20,185.000,440.000,3.000,4.000,1.0,1,1.0
309,20,185.000,440.000,3.000,4.000,1.0,1,1.0
310,20,185.000,440.000,3.000,4.000,1.0,1,1.0
311,20,185.000,440.000,3.000,4.000,1.0,1,1.0
312,20,185.000,440.000,3.000,4.000,1.0,1,1.0
313,20,185.000,440.000,3.000,4.000,1.0,1,1.0
314,20,185.000,440.000,3.000,4.000,1.0,1,1.0
315,20,185.000,440.000,3.000,4.000,1.0,1,1.0
316,20,185.000,440.000,4.000,4.000,1.0,1,1.0
317,20,185.000,439.000,4.000,5.000,1.0,1,1.0
318,20,185.000,439.000,4.000,5.000,1.0,1,1.0
319,20,185.000,440.000,4.000,4.000,1.0,1,1.0
320,20,185.000,440.000,4.000,4.000,1.0,1,1.0
321,20,185.000,440.000,4.000,4.000,1.0,1,1.0
322,20,185.000,440.000,4.000,4.000,1.0,1,1.0
323,20,185.000,440.000,4.000,4.000,1.0,1,1.0
324,20,185.000,440.000,4.000,4.000,1.0,1,1.0
325,20,185.000,440.000,4.000,4.000,1.0,1,1.0
326,20,185.000,440.000,4.000,4.000,1.0,1,1.0
327,20,185.000,440.000,4.000,4.000,1.0,1,1.0
328,20,185.000,440.000,3.000,4.000,1.0,1,1.0
329,20,185.000,440.000,3.000,4.000,1.0,1,1.0
330,20,184.000,440.000,4.000,4.000,1.0,1,1.0
331,20,184.000,440.000,4.000,4.000,1.0,1,1.0
332,20,184.000,439.000,4.000,5.000,1.0,1,1.0
333,20,185.000,440.000,3.000,4.000,1.0,1,1.0
334,20,184.000,440.000,4.000,4.000,1.0,1,1.0
335,20,185.000,440.000,3.000,4.000,1.0,1,1.0
336,20,184.000,440.000,4.000,4.000,1.0,1,1.0
337,20,185.000,440.000,3.000,4.000,1.0,1,1.0
338,20,185.000,440.000,3.000,4.000,1.0,1,1.0
339,20,184.000,440.000,4.000,4.000,1.0,1,1.0
340,20,184.000,440.000,4.000,4.000,1.0,1,1.0
341,20,184.000,440.000,4.000,4.000,1.0,1,1.0
342,20,185.000,440.000,3.000,4.000,1.0,1,1.0
343,20,185.000,440.000,3.000,4.000,1.0,1,1.0
344,20,184.000,440.000,4.000,4.000,1.0,1,1.0
345,20,185.000,440.000,4.000,4.000,1.0,1,1.0
346,20,185.000,439.000,3.000,4.000,1.0,1,1.0
347,20,185.000,439.000,3.000,5.000,1.0,1,1.0
348,20,185.000,439.000,3.000,5.000,1.0,1,1.0
349,20,185.000,439.000,3.000,5.000,1.0,1,1.0
350,20,185.000,439.000,3.000,4.000,1.0,1,1.0
351,20,184.000,439.000,4.000,4.000,1.0,1,1.0
352,20,184.000,439.000,4.000,4.000,1.0,1,1.0
353,20,184.000,439.000,4.000,5.000,1.0,1,1.0
354,20,184.000,439.000,4.000,5.000,1.0,1,1.0
355,20,184.000,439.000,4.000,4.000,1.0,1,1.0
356,20,184.000,439.000,4.000,5.000,1.0,1,1.0
357,20,184.000,439.000,4.000,5.000,1.0,1,1.0
358,20,184.000,439.000,4.000,5.000,1.0,1,1.0
359,20,184.000,439.000,4.000,5.000,1.0,1,1.0
360,20,183.000,439.000,5.000,4.000,1.0,1,1.0
361,20,183.000,439.000,5.000,4.000,1.0,1,1.0
362,20,183.000,439.000,4.000,4.000,1.0,1,1.0
363,20,183.000,439.000,4.000,4.000,1.0,1,1.0
1,21,250.000,438.000,6.000,4.000,1.0,1,1.0
2,21,250.000,438.000,6.000,4.000,1.0,1,1.0
3,21,251.000,438.000,6.000,4.000,1.0,1,1.0
4,21,251.000,438.000,7.000,4.000,1.0,1,1.0
5,21,251.000,438.000,7.000,4.000,1.0,1,1.0
6,21,251.000,438.000,7.000,4.000,1.0,1,1.0
7,21,251.000,438.000,7.000,4.000,1.0,1,1.0
8,21,252.000,438.000,6.000,4.000,1.0,1,1.0
9,21,252.000,438.000,7.000,4.000,1.0,1,1.0
10,21,253.000,438.000,6.000,4.000,1.0,1,1.0
11,21,253.000,438.000,6.000,4.000,1.0,1,1.0
12,21,253.000,438.000,6.000,4.000,1.0,1,1.0
13,21,253.000,438.000,6.000,4.000,1.0,1,1.0
14,21,253.000,438.000,6.000,4.000,1.0,1,1.0
15,21,253.000,438.000,6.000,4.000,1.0,1,1.0
16,21,253.000,438.000,6.000,4.000,1.0,1,1.0
17,21,253.000,438.000,6.000,5.000,1.0,1,1.0
18,21,253.000,438.000,5.000,4.000,1.0,1,1.0
19,21,252.000,438.000,7.000,5.000,1.0,1,1.0
20,21,252.000,438.000,6.000,5.000,1.0,1,1.0
21,21,252.000,438.000,6.000,5.000,1.0,1,1.0
22,21,252.000,438.000,7.000,5.000,1.0,1,1.0
23,21,253.000,438.000,6.000,5.000,1.0,1,1.0
24,21,253.000,438.000,6.000,5.000,1.0,1,1.0
25,21,253.000,438.000,6.000,5.000,1.0,1,1.0
26,21,253.000,438.000,6.000,5.000,1.0,1,1.0
27,21,253.000,438.000,6.000,5.000,1.0,1,1.0
28,21,253.000,438.000,6.000,5.000,1.0,1,1.0
29,21,253.000,438.000,6.000,5.000,1.0,1,1.0
30,21,253.000,438.000,6.000,5.000,1.0,1,1.0
31,21,253.000,438.000,6.000,5.000,1.0,1,1.0
32,21,253.000,438.000,6.000,5.000,1.0,1,1.0
33,21,253.000,438.000,6.000,5.000,1.0,1,1.0
34,21,253.000,438.000,6.000,5.000,1.0,1,1.0
35,21,253.000,438.000,6.000,5.000,1.0,1,1.0
36,21,253.000,438.000,6.000,5.000,1.0,1,1.0
37,21,253.000,438.000,6.000,6.000,1.0,1,1.0
38,21,253.000,438.000,6.000,5.000,1.0,1,1.0
39,21,253.000,438.000,6.000,5.000,1.0,1,1.0
40,21,253.000,439.000,6.000,4.000,1.0,1,1.0
41,21,253.000,439.000,6.000,4.000,1.0,1,1.0
42,21,253.000,439.000,6.000,5.000,1.0,1,1.0
43,21,253.000,439.000,6.000,5.000,1.0,1,1.0
44,21,253.000,439.000,6.000,5.000,1.0,1,1.0
45,21,254.000,439.000,5.000,4.000,1.0,1,1.0
46,21,254.000,439.000,5.000,4.000,1.0,1,1.0
47,21,254.000,439.000,5.000,4.000,1.0,1,1.0
48,21,254.000,438.000,5.000,5.000,1.0,1,1.0
49,21,253.000,438.000,6.000,5.000,1.0,1,1.0
50,21,253.000,439.000,6.000,5.000,1.0,1,1.0
51,21,253.000,438.000,6.000,5.000,1.0,1,1.0
52,21,254.000,438.000,5.000,5.000,1.0,1,1.0
53,21,254.000,438.000,6.000,5.000,1.0,1,1.0
54,21,254.000,439.000,6.000,5.000,1.0,1,1.0
55,21,254.000,438.000,6.000,5.000,1.0,1,1.0
56,21,254.000,438.000,5.000,5.000,1.0,1,1.0
57,21,254.000,438.000,5.000,5.000,1.0,1,1.0
58,21,254.000,438.000,5.000,5.000,1.0,1,1.0
59,21,254.000,438.000,5.000,5.000,1.0,1,1.0
60,21,254.000,438.000,5.000,5.000,1.0,1,1.0
61,21,255.000,400.000,5.000,8.000,1.0,1,1.0
62,21,254.000,375.000,6.000,5.000,1.0,1,1.0
63,21,257.000,374.000,3.000,7.000,1.0,1,1.0
64,21,277.000,377.000,4.000,6.000,1.0,1,1.0
66,21,271.000,440.000,7.000,4.000,1.0,1,1.0
67,21,271.000,440.000,7.000,4.000,1.0,1,1.0
68,21,271.000,440.000,7.000,5.000,1.0,1,1.0
69,21,271.000,441.000,7.000,4.000,1.0,1,1.0
70,21,271.000,441.000,6.000,4.000,1.0,1,1.0
71,21,271.000,441.000,6.000,4.000,1.0,1,1.0
72,21,270.000,441.000,8.000,4.000,1.0,1,1.0
73,21,271.000,441.000,7.000,4.000,1.0,1,1.0
74,21,270.000,441.000,8.000,4.000,1.0,1,1.0
75,21,271.000,441.000,7.000,4.000,1.0,1,1.0
76,21,271.000,441.000,6.000,4.000,1.0,1,1.0
77,21,271.000,441.000,6.000,4.000,1.0,1,1.0
78,21,270.000,441.000,7.000,4.000,1.0,1,1.0
79,21,270.000,441.000,7.000,4.000,1.0,1,1.0
80,21,269.000,441.000,7.000,4.000,1.0,1,1.0
81,21,269.000,440.000,7.000,4.000,1.0,1,1.0
82,21,269.000,440.000,6.000,4.000,1.0,1,1.0
83,21,268.000,440.000,7.000,4.000,1.0,1,1.0
84,21,268.000,440.000,7.000,4.000,1.0,1,1.0
85,21,269.000,440.000,5.000,4.000,1.0,1,1.0
86,21,269.000,440.000,5.000,4.000,1.0,1,1.0
87,21,269.000,440.000,5.000,4.000,1.0,1,1.0
88,21,269.000,440.000,5.000,4.000,1.0,1,1.0
89,21,269.000,440.000,5.000,4.000,1.0,1,1.0
90,21,268.000,440.000,6.000,5.000,1.0,1,1.0
91,21,268.000,440.000,6.000,5.000,1.0,1,1.0
92,21,268.000,441.000,6.000,5.000,1.0,1,1.0
93,21,268.000,441.000,6.000,5.000,1.0,1,1.0
95,21,267.000,439.000,8.000,6.000,1.0,1,1.0
96,21,267.000,440.000,7.000,5.000,1.0,1,1.0
97,21,267.000,441.000,5.000,3.000,1.0,1,1.0
98,21,267.000,440.000,5.000,4.000,1.0,1,1.0
99,21,265.000,440.000,6.000,3.000,1.0,1,1.0
100,21,264.000,440.000,6.000,3.000,1.0,1,1.0
101,21,264.000,440.000,5.000,3.000,1.0,1,1.0
102,21,264.000,440.000,5.000,4.000,1.0,1,1.0
103,21,263.000,440.000,6.000,5.000,1.0,1,1.0
105,21,263.000,421.000,4.000,8.000,1.0,1,1.0
106,21,260.000,371.000,3.000,9.000,1.0,1,1.0
107,21,256.000,341.000,6.000,5.000,1.0,1,1.0
108,21,265.000,331.000,4.000,5.000,1.0,1,1.0
109,21,262.000,331.000,6.000,6.000,1.0,1,1.0
110,21,267.000,350.000,6.000,7.000,1.0,1,1.0
111,21,254.000,364.000,7.000,6.000,1.0,1,1.0
112,21,263.000,378.000,6.000,7.000,1.0,1,1.0
113,21,265.000,383.000,6.000,5.000,1.0,1,1.0
114,21,252.000,370.000,5.000,7.000,1.0,1,1.0
115,21,252.000,368.000,4.000,7.000,1.0,1,1.0
116,21,252.000,364.000,4.000,7.000,1.0,1,1.0
117,21,253.000,365.000,4.000,7.000,1.0,1,1.0
118,21,253.000,365.000,4.000,4.000,1.0,1,1.0
119,21,251.000,368.000,4.000,7.000,1.0,1,1.0
120,21,251.000,367.000,4.000,8.000,1.0,1,1.0
121,21,251.000,367.000,4.000,8.000,1.0,1,1.0
122,21,251.000,365.000,5.000,9.000,1.0,1,1.0
123,21,252.000,365.000,4.000,8.000,1.0,1,1.0
124,21,252.000,364.000,4.000,8.000,1.0,1,1.0
125,21,252.000,363.000,4.000,8.000,1.0,1,1.0
126,21,252.000,362.000,4.000,9.000,1.0,1,1.0
127,21,252.000,361.000,4.000,9.000,1.0,1,1.0
128,21,252.000,360.000,4.000,9.000,1.0,1,1.0
129,21,253.000,359.000,4.000,8.000,1.0,1,1.0
130,21,253.000,358.000,4.000,8.000,1.0,1,1.0
131,21,253.000,357.000,4.000,8.000,1.0,1,1.0
132,21,253.000,356.000,4.000,8.000,1.0,1,1.0
133,21,253.000,355.000,4.000,8.000,1.0,1,1.0
134,21,253.000,354.000,5.000,8.000,1.0,1,1.0
135,21,254.000,354.000,4.000,8.000,1.0,1,1.0
136,21,254.000,354.000,4.000,7.000,1.0,1,1.0
137,21,254.000,353.000,5.000,7.000,1.0,1,1.0
138,21,255.000,351.000,5.000,8.000,1.0,1,1.0
139,21,255.000,351.000,5.000,7.000,1.0,1,1.0
140,21,255.000,349.000,5.000,8.000,1.0,1,1.0
141,21,256.000,349.000,4.000,8.000,1.0,1,1.0
142,21,257.000,347.000,4.000,8.000,1.0,1,1.0
143,21,257.000,346.000,4.000,8.000,1.0,1,1.0
144,21,257.000,344.000,4.000,8.000,1.0,1,1.0
145,21,258.000,342.000,4.000,8.000,1.0,1,1.0
146,21,258.000,340.000,4.000,9.000,1.0,1,1.0
147,21,258.000,339.000,5.000,8.000,1.0,1,1.0
148,21,259.000,337.000,4.000,8.000,1.0,1,1.0
149,21,260.000,335.000,3.000,8.000,1.0,1,1.0
150,21,260.000,333.000,4.000,9.000,1.0,1,1.0
151,21,261.000,331.000,4.000,8.000,1.0,1,1.0
152,21,261.000,329.000,4.000,9.000,1.0,1,1.0
153,21,261.000,328.000,5.000,8.000,1.0,1,1.0
154,21,262.000,326.000,4.000,8.000,1.0,1,1.0
155,21,263.000,325.000,4.000,7.000,1.0,1,1.0
156,21,263.000,323.000,5.000,8.000,1.0,1,1.0
157,21,264.000,321.000,4.000,8.000,1.0,1,1.0
158,21,265.000,320.000,4.000,7.000,1.0,1,1.0
159,21,265.000,318.000,5.000,8.000,1.0,1,1.0
160,21,266.000,316.000,4.000,8.000,1.0,1,1.0
161,21,267.000,315.000,4.000,8.000,1.0,1,1.0
162,21,267.000,313.000,4.000,8.000,1.0,1,1.0
163,21,267.000,312.000,5.000,7.000,1.0,1,1.0
164,21,268.000,310.000,4.000,7.000,1.0,1,1.0
165,21,269.000,307.000,4.000,8.000,1.0,1,1.0
166,21,270.000,305.000,4.000,8.000,1.0,1,1.0
167,21,270.000,304.000,4.000,7.000,1.0,1,1.0
168,21,271.000,302.000,4.000,8.000,1.0,1,1.0
169,21,271.000,299.000,4.000,8.000,1.0,1,1.0
170,21,272.000,298.000,4.000,8.000,1.0,1,1.0
171,21,272.000,296.000,4.000,8.000,1.0,1,1.0
172,21,272.000,294.000,4.000,8.000,1.0,1,1.0
173,21,273.000,292.000,4.000,8.000,1.0,1,1.0
174,21,274.000,291.000,3.000,8.000,1.0,1,1.0
175,21,274.000,289.000,3.000,8.000,1.0,1,1.0
176,21,274.000,287.000,4.000,8.000,1.0,1,1.0
177,21,274.000,285.000,4.000,8.000,1.0,1,1.0
178,21,274.000,283.000,4.000,7.000,1.0,1,1.0
179,21,275.000,281.000,4.000,8.000,1.0,1,1.0
180,21,275.000,278.000,3.000,8.000,1.0,1,1.0
181,21,275.000,277.000,4.000,7.000,1.0,1,1.0
182,21,276.000,275.000,3.000,8.000,1.0,1,1.0
183,21,276.000,273.000,4.000,8.000,1.0,1,1.0
184,21,276.000,271.000,4.000,8.000,1.0,1,1.0
185,21,277.000,270.000,3.000,8.000,1.0,1,1.0
186,21,277.000,268.000,4.000,8.000,1.0,1,1.0
187,21,277.000,266.000,4.000,8.000,1.0,1,1.0
188,21,278.000,264.000,4.000,8.000,1.0,1,1.0
189,21,279.000,262.000,3.000,7.000,1.0,1,1.0
190,21,279.000,260.000,4.000,8.000,1.0,1,1.0
191,21,280.000,258.000,3.000,8.000,1.0,1,1.0
192,21,280.000,256.000,4.000,8.000,1.0,1,1.0
193,21,280.000,254.000,4.000,8.000,1.0,1,1.0
194,21,281.000,252.000,4.000,8.000,1.0,1,1.0
195,21,282.000,250.000,3.000,8.000,1.0,1,1.0
196,21,282.000,248.000,4.000,8.000,1.0,1,1.0
197,21,282.000,246.000,4.000,8.000,1.0,1,1.0
198,21,283.000,244.000,4.000,8.000,1.0,1,1.0
199,21,284.000,242.000,3.000,8.000,1.0,1,1.0
200,21,284.000,240.000,4.000,8.000,1.0,1,1.0
201,21,284.000,238.000,4.000,8.000,1.0,1,1.0
202,21,285.000,236.000,4.000,8.000,1.0,1,1.0
203,21,285.000,235.000,4.000,7.000,1.0,1,1.0
204,21,286.000,233.000,4.000,7.000,1.0,1,1.0
205,21,287.000,231.000,3.000,7.000,1.0,1,1.0
206,21,287.000,229.000,3.000,8.000,1.0,1,1.0
207,21,288.000,227.000,3.000,8.000,1.0,1,1.0
208,21,288.000,225.000,4.000,7.000,1.0,1,1.0
209,21,288.000,223.000,4.000,8.000,1.0,1,1.0
210,21,289.000,221.000,4.000,8.000,1.0,1,1.0
211,21,290.000,219.000,3.000,9.000,1.0,1,1.0
212,21,290.000,217.000,4.000,9.000,1.0,1,1.0
213,21,291.000,216.000,4.000,8.000,1.0,1,1.0
214,21,291.000,214.000,4.000,8.000,1.0,1,1.0
215,21,292.000,212.000,4.000,8.000,1.0,1,1.0
216,21,292.000,211.000,5.000,7.000,1.0,1,1.0
217,21,293.000,209.000,5.000,8.000,1.0,1,1.0
218,21,294.000,207.000,5.000,8.000,1.0,1,1.0
219,21,295.000,207.000,5.000,7.000,1.0,1,1.0
220,21,295.000,207.000,5.000,7.000,1.0,1,1.0
221,21,296.000,205.000,5.000,8.000,1.0,1,1.0
222,21,296.000,205.000,5.000,7.000,1.0,1,1.0
223,21,297.000,205.000,5.000,7.000,1.0,1,1.0
224,21,297.000,205.000,5.000,7.000,1.0,1,1.0
225,21,297.000,205.000,5.000,6.000,1.0,1,1.0
226,21,297.000,205.000,5.000,6.000,1.0,1,1.0
227,21,297.000,204.000,5.000,7.000,1.0,1,1.0
228,21,297.000,199.000,5.000,7.000,1.0,1,1.0
229,21,293.000,174.000,4.000,8.000,1.0,1,1.0
230,21,302.000,147.000,4.000,7.000,1.0,1,1.0
231,21,297.000,155.000,4.000,6.000,1.0,1,1.0
232,21,299.000,183.000,5.000,5.000,1.0,1,1.0
233,21,294.000,212.000,4.000,7.000,1.0,1,1.0
234,21,295.000,219.000,4.000,8.000,1.0,1,1.0
235,21,294.000,219.000,5.000,9.000,1.0,1,1.0
236,21,294.000,219.000,4.000,9.000,1.0,1,1.0
237,21,293.000,218.000,4.000,9.000,1.0,1,1.0
238,21,293.000,217.000,4.000,8.000,1.0,1,1.0
239,21,293.000,216.000,4.000,8.000,1.0,1,1.0
240,21,293.000,214.000,4.000,9.000,1.0,1,1.0
241,21,292.000,213.000,4.000,8.000,1.0,1,1.0
242,21,293.000,212.000,3.000,8.000,1.0,1,1.0
243,21,293.000,210.000,4.000,8.000,1.0,1,1.0
244,21,293.000,209.000,4.000,8.000,1.0,1,1.0
245,21,294.000,207.000,3.000,8.000,1.0,1,1.0
246,21,294.000,206.000,4.000,8.000,1.0,1,1.0
247,21,294.000,205.000,4.000,8.000,1.0,1,1.0
248,21,294.000,204.000,4.000,8.000,1.0,1,1.0
249,21,294.000,203.000,4.000,9.000,1.0,1,1.0
250,21,294.000,203.000,4.000,8.000,1.0,1,1.0
251,21,295.000,202.000,4.000,8.000,1.0,1,1.0
252,21,295.000,201.000,4.000,8.000,1.0,1,1.0
253,21,295.000,200.000,4.000,8.000,1.0,1,1.0
254,21,295.000,199.000,4.000,9.000,1.0,1,1.0
255,21,295.000,199.000,4.000,8.000,1.0,1,1.0
256,21,296.000,199.000,3.000,8.000,1.0,1,1.0
257,21,296.000,199.000,3.000,8.000,1.0,1,1.0
258,21,291.000,195.000,3.000,6.000,1.0,1,1.0
259,21,267.000,180.000,3.000,7.000,1.0,1,1.0
260,21,267.000,180.000,4.000,8.000,1.0,1,1.0
261,21,268.000,179.000,3.000,8.000,1.0,1,1.0
262,21,268.000,179.000,3.000,8.000,1.0,1,1.0
263,21,268.000,178.000,4.000,9.000,1.0,1,1.0
264,21,268.000,178.000,4.000,9.000,1.0,1,1.0
265,21,268.000,178.000,4.000,8.000,1.0,1,1.0
266,21,268.000,177.000,4.000,8.000,1.0,1,1.0
267,21,269.000,175.000,4.000,8.000,1.0,1,1.0
268,21,270.000,173.000,3.000,9.000,1.0,1,1.0
269,21,270.000,172.000,4.000,8.000,1.0,1,1.0
270,21,270.000,170.000,4.000,8.000,1.0,1,1.0
271,21,271.000,168.000,3.000,8.000,1.0,1,1.0
272,21,271.000,166.000,4.000,8.000,1.0,1,1.0
273,21,271.000,164.000,4.000,8.000,1.0,1,1.0
274,21,272.000,163.000,4.000,7.000,1.0,1,1.0
275,21,273.000,160.000,4.000,8.000,1.0,1,1.0
276,21,274.000,158.000,4.000,8.000,1.0,1,1.0
277,21,274.000,156.000,5.000,8.000,1.0,1,1.0
278,21,275.000,154.000,4.000,8.000,1.0,1,1.0
279,21,276.000,152.000,4.000,8.000,1.0,1,1.0
280,21,276.000,150.000,4.000,8.000,1.0,1,1.0
281,21,277.000,148.000,4.000,8.000,1.0,1,1.0
282,21,278.000,146.000,3.000,8.000,1.0,1,1.0
283,21,278.000,144.000,4.000,8.000,1.0,1,1.0
284,21,278.000,142.000,4.000,8.000,1.0,1,1.0
285,21,279.000,140.000,4.000,8.000,1.0,1,1.0
286,21,279.000,138.000,4.000,8.000,1.0,1,1.0
287,21,279.000,135.000,4.000,8.000,1.0,1,1.0
288,21,280.000,133.000,4.000,8.000,1.0,1,1.0
289,21,280.000,131.000,4.000,8.000,1.0,1,1.0
290,21,281.000,129.000,4.000,8.000,1.0,1,1.0
291,21,282.000,127.000,4.000,8.000,1.0,1,1.0
292,21,283.000,124.000,3.000,8.000,1.0,1,1.0
293,21,283.000,122.000,4.000,8.000,1.0,1,1.0
294,21,283.000,120.000,4.000,8.000,1.0,1,1.0
295,21,283.000,118.000,4.000,8.000,1.0,1,1.0
296,21,284.000,116.000,4.000,8.000,1.0,1,1.0
297,21,284.000,114.000,4.000,8.000,1.0,1,1.0
298,21,285.000,112.000,3.000,8.000,1.0,1,1.0
299,21,285.000,110.000,4.000,8.000,1.0,1,1.0
300,21,285.000,108.000,4.000,8.000,1.0,1,1.0
301,21,286.000,107.000,3.000,8.000,1.0,1,1.0
302,21,287.000,105.000,3.000,8.000,1.0,1,1.0
303,21,287.000,103.000,3.000,8.000,1.0,1,1.0
304,21,287.000,103.000,4.000,6.000,1.0,1,1.0
305,21,287.000,102.000,5.000,6.000,1.0,1,1.0
325,21,295.000,64.000,5.000,6.000,1.0,1,1.0
326,21,294.000,63.000,5.000,7.000,1.0,1,1.0
327,21,294.000,62.000,5.000,8.000,1.0,1,1.0
328,21,294.000,62.000,5.000,7.000,1.0,1,1.0
329,21,294.000,61.000,5.000,7.000,1.0,1,1.0
331,21,296.000,54.000,6.000,7.000,1.0,1,1.0
332,21,296.000,52.000,3.000,5.000,1.0,1,1.0
333,21,296.000,51.000,3.000,7.000,1.0,1,1.0
334,21,297.000,50.000,3.000,7.000,1.0,1,1.0
335,21,297.000,48.000,3.000,9.000,1.0,1,1.0
336,21,296.000,47.000,4.000,8.000,1.0,1,1.0
337,21,297.000,45.000,3.000,9.000,1.0,1,1.0
338,21,297.000,44.000,3.000,9.000,1.0,1,1.0
339,21,296.000,42.000,3.000,9.000,1.0,1,1.0
340,21,296.000,40.000,3.000,9.000,1.0,1,1.0
341,21,296.000,39.000,4.000,9.000,1.0,1,1.0
342,21,297.000,37.000,3.000,9.000,1.0,1,1.0
343,21,296.000,36.000,4.000,9.000,1.0,1,1.0
344,21,296.000,35.000,4.000,9.000,1.0,1,1.0
345,21,297.000,34.000,3.000,9.000,1.0,1,1.0
346,21,297.000,33.000,3.000,9.000,1.0,1,1.0
347,21,296.000,32.000,4.000,9.000,1.0,1,1.0
348,21,297.000,30.000,3.000,10.000,1.0,1,1.0
349,21,297.000,30.000,3.000,8.000,1.0,1,1.0
350,21,297.000,28.000,3.000,9.000,1.0,1,1.0
351,21,297.000,27.000,4.000,8.000,1.0,1,1.0
352,21,297.000,25.000,4.000,8.000,1.0,1,1.0
353,21,298.000,24.000,3.000,7.000,1.0,1,1.0
354,21,298.000,22.000,3.000,8.000,1.0,1,1.0
355,21,298.000,21.000,4.000,8.000,1.0,1,1.0
356,21,299.000,22.000,4.000,7.000,1.0,1,1.0
357,21,299.000,22.000,4.000,7.000,1.0,1,1.0
358,21,299.000,23.000,5.000,6.000,1.0,1,1.0
359,21,299.000,22.000,5.000,7.000,1.0,1,1.0
360,21,299.000,22.000,5.000,6.000,1.0,1,1.0
361,21,299.000,22.000,5.000,6.000,1.0,1,1.0
362,21,299.000,22.000,5.000,6.000,1.0,1,1.0
363,21,286.000,22.000,7.000,5.000,1.0,1,1.0
1,29,416.000,424.000,3.000,8.000,1.0,1,1.0
2,29,415.000,423.000,4.000,8.000,1.0,1,1.0
3,29,415.000,422.000,3.000,8.000,1.0,1,1.0
4,29,414.000,420.000,4.000,8.000,1.0,1,1.0
5,29,413.000,417.000,4.000,8.000,1.0,1,1.0
6,29,413.000,415.000,4.000,8.000,1.0,1,1.0
7,29,412.000,413.000,5.000,7.000,1.0,1,1.0
8,29,412.000,411.000,4.000,7.000,1.0,1,1.0
9,29,411.000,408.000,4.000,8.000,1.0,1,1.0
10,29,410.000,406.000,5.000,8.000,1.0,1,1.0
11,29,409.000,404.000,5.000,8.000,1.0,1,1.0
12,29,409.000,403.000,5.000,8.000,1.0,1,1.0
13,29,409.000,403.000,5.000,8.000,1.0,1,1.0
14,29,409.000,403.000,5.000,7.000,1.0,1,1.0
15,29,409.000,403.000,5.000,8.000,1.0,1,1.0
16,29,410.000,403.000,5.000,8.000,1.0,1,1.0
17,29,409.000,404.000,6.000,7.000,1.0,1,1.0
18,29,409.000,404.000,5.000,7.000,1.0,1,1.0
19,29,409.000,404.000,5.000,7.000,1.0,1,1.0
20,29,409.000,404.000,6.000,7.000,1.0,1,1.0
21,29,410.000,404.000,5.000,7.000,1.0,1,1.0
22,29,410.000,405.000,5.000,7.000,1.0,1,1.0
23,29,409.000,404.000,5.000,7.000,1.0,1,1.0
24,29,408.000,402.000,6.000,8.000,1.0,1,1.0
25,29,407.000,402.000,7.000,7.000,1.0,1,1.0
26,29,406.000,402.000,7.000,5.000,1.0,1,1.0
27,29,405.000,402.000,6.000,5.000,1.0,1,1.0
28,29,404.000,402.000,6.000,5.000,1.0,1,1.0
29,29,402.000,401.000,7.000,5.000,1.0,1,1.0
30,29,401.000,401.000,7.000,5.000,1.0,1,1.0
31,29,400.000,402.000,7.000,3.000,1.0,1,1.0
32,29,399.000,402.000,8.000,3.000,1.0,1,1.0
33,29,398.000,401.000,8.000,4.000,1.0,1,1.0
34,29,398.000,401.000,8.000,4.000,1.0,1,1.0
35,29,398.000,401.000,8.000,4.000,1.0,1,1.0
36,29,394.000,402.000,4.000,7.000,1.0,1,1.0
37,29,390.000,402.000,4.000,7.000,1.0,1,1.0
38,29,386.000,409.000,6.000,5.000,1.0,1,1.0
39,29,379.000,411.000,4.000,6.000,1.0,1,1.0
40,29,379.000,418.000,6.000,4.000,1.0,1,1.0
41,29,381.000,423.000,6.000,4.000,1.0,1,1.0
42,29,381.000,435.000,3.000,6.000,1.0,1,1.0
43,29,379.000,438.000,4.000,7.000,1.0,1,1.0
44,29,384.000,439.000,3.000,4.000,1.0,1,1.0
45,29,385.000,439.000,4.000,4.000,1.0,1,1.0
46,29,385.000,440.000,4.000,3.000,1.0,1,1.0
47,29,385.000,440.000,4.000,4.000,1.0,1,1.0
48,29,386.000,440.000,4.000,4.000,1.0,1,1.0
49,29,386.000,440.000,4.000,4.000,1.0,1,1.0
50,29,386.000,440.000,4.000,4.000,1.0,1,1.0
51,29,387.000,440.000,3.000,4.000,1.0,1,1.0
52,29,387.000,440.000,5.000,4.000,1.0,1,1.0
53,29,389.000,440.000,5.000,4.000,1.0,1,1.0
54,29,390.000,440.000,5.000,4.000,1.0,1,1.0
55,29,391.000,440.000,5.000,4.000,1.0,1,1.0
56,29,392.000,440.000,5.000,4.000,1.0,1,1.0
57,29,393.000,440.000,5.000,4.000,1.0,1,1.0
58,29,394.000,440.000,5.000,4.000,1.0,1,1.0
59,29,395.000,440.000,5.000,4.000,1.0,1,1.0
60,29,397.000,441.000,4.000,3.000,1.0,1,1.0
61,29,398.000,441.000,5.000,3.000,1.0,1,1.0
62,29,400.000,441.000,5.000,4.000,1.0,1,1.0
63,29,402.000,441.000,6.000,4.000,1.0,1,1.0
64,29,405.000,441.000,6.000,4.000,1.0,1,1.0
65,29,407.000,441.000,7.000,4.000,1.0,1,1.0
66,29,409.000,441.000,7.000,4.000,1.0,1,1.0
67,29,412.000,441.000,6.000,4.000,1.0,1,1.0
68,29,414.000,441.000,7.000,4.000,1.0,1,1.0
71,29,417.000,443.000,6.000,4.000,1.0,1,1.0
72,29,414.000,442.000,6.000,4.000,1.0,1,1.0
73,29,411.000,442.000,7.000,4.000,1.0,1,1.0
74,29,409.000,442.000,6.000,5.000,1.0,1,1.0
75,29,406.000,442.000,7.000,4.000,1.0,1,1.0
76,29,404.000,442.000,7.000,4.000,1.0,1,1.0
77,29,404.000,442.000,7.000,3.000,1.0,1,1.0
78,29,403.000,442.000,7.000,3.000,1.0,1,1.0
79,29,402.000,441.000,7.000,4.000,1.0,1,1.0
80,29,401.000,441.000,7.000,4.000,1.0,1,1.0
81,29,401.000,441.000,7.000,4.000,1.0,1,1.0
82,29,401.000,441.000,7.000,4.000,1.0,1,1.0
83,29,402.000,441.000,6.000,4.000,1.0,1,1.0
84,29,402.000,441.000,7.000,4.000,1.0,1,1.0
85,29,402.000,441.000,7.000,5.000,1.0,1,1.0
86,29,402.000,441.000,7.000,5.000,1.0,1,1.0
87,29,402.000,441.000,7.000,5.000,1.0,1,1.0
88,29,402.000,441.000,7.000,5.000,1.0,1,1.0
89,29,403.000,442.000,6.000,4.000,1.0,1,1.0
90,29,402.000,442.000,7.000,3.000,1.0,1,1.0
91,29,402.000,442.000,6.000,4.000,1.0,1,1.0
92,29,402.000,442.000,6.000,4.000,1.0,1,1.0
93,29,402.000,441.000,6.000,4.000,1.0,1,1.0
94,29,402.000,442.000,6.000,3.000,1.0,1,1.0
95,29,402.000,442.000,6.000,3.000,1.0,1,1.0
96,29,402.000,442.000,6.000,4.000,1.0,1,1.0
97,29,403.000,442.000,5.000,4.000,1.0,1,1.0
98,29,403.000,442.000,5.000,4.000,1.0,1,1.0
99,29,403.000,442.000,5.000,4.000,1.0,1,1.0
100,29,403.000,442.000,6.000,4.000,1.0,1,1.0
101,29,403.000,442.000,6.000,4.000,1.0,1,1.0
102,29,403.000,442.000,6.000,4.000,1.0,1,1.0
103,29,403.000,442.000,6.000,4.000,1.0,1,1.0
104,29,403.000,442.000,6.000,4.000,1.0,1,1.0
105,29,403.000,442.000,6.000,4.000,1.0,1,1.0
106,29,403.000,442.000,6.000,4.000,1.0,1,1.0
107,29,402.000,442.000,7.000,4.000,1.0,1,1.0
108,29,403.000,442.000,6.000,4.000,1.0,1,1.0
109,29,403.000,442.000,6.000,4.000,1.0,1,1.0
110,29,403.000,442.000,6.000,4.000,1.0,1,1.0
111,29,403.000,442.000,6.000,4.000,1.0,1,1.0
112,29,403.000,442.000,6.000,4.000,1.0,1,1.0
113,29,403.000,442.000,6.000,4.000,1.0,1,1.0
114,29,403.000,442.000,6.000,4.000,1.0,1,1.0
115,29,403.000,442.000,6.000,4.000,1.0,1,1.0
116,29,403.000,441.000,6.000,5.000,1.0,1,1.0
117,29,403.000,442.000,6.000,4.000,1.0,1,1.0
118,29,403.000,442.000,6.000,4.000,1.0,1,1.0
119,29,403.000,441.000,6.000,5.000,1.0,1,1.0
120,29,403.000,441.000,6.000,5.000,1.0,1,1.0
121,29,403.000,441.000,6.000,5.000,1.0,1,1.0
122,29,403.000,441.000,6.000,5.000,1.0,1,1.0
123,29,403.000,441.000,6.000,5.000,1.0,1,1.0
124,29,403.000,441.000,6.000,5.000,1.0,1,1.0
125,29,402.000,440.000,6.000,6.000,1.0,1,1.0
126,29,402.000,441.000,6.000,5.000,1.0,1,1.0
127,29,402.000,441.000,6.000,4.000,1.0,1,1.0
128,29,401.000,441.000,7.000,4.000,1.0,1,1.0
129,29,401.000,441.000,7.000,4.000,1.0,1,1.0
130,29,401.000,441.000,7.000,4.000,1.0,1,1.0
131,29,401.000,441.000,7.000,4.000,1.0,1,1.0
132,29,401.000,438.000,6.000,7.000,1.0,1,1.0
133,29,387.000,402.000,6.000,6.000,1.0,1,1.0
134,29,377.000,369.000,5.000,5.000,1.0,1,1.0
135,29,377.000,379.000,4.000,7.000,1.0,1,1.0
136,29,376.000,388.000,3.000,8.000,1.0,1,1.0
137,29,376.000,387.000,3.000,8.000,1.0,1,1.0
138,29,376.000,387.000,3.000,8.000,1.0,1,1.0
139,29,376.000,386.000,3.000,8.000,1.0,1,1.0
140,29,376.000,386.000,4.000,8.000,1.0,1,1.0
141,29,376.000,385.000,4.000,8.000,1.0,1,1.0
142,29,376.000,384.000,5.000,7.000,1.0,1,1.0
143,29,377.000,384.000,5.000,6.000,1.0,1,1.0
144,29,378.000,384.000,5.000,6.000,1.0,1,1.0
145,29,378.000,383.000,6.000,6.000,1.0,1,1.0
146,29,379.000,382.000,6.000,6.000,1.0,1,1.0
147,29,379.000,382.000,6.000,5.000,1.0,1,1.0
148,29,380.000,382.000,6.000,5.000,1.0,1,1.0
149,29,381.000,381.000,6.000,5.000,1.0,1,1.0
150,29,382.000,381.000,7.000,5.000,1.0,1,1.0
151,29,384.000,381.000,6.000,4.000,1.0,1,1.0
152,29,385.000,380.000,7.000,4.000,1.0,1,1.0
153,29,386.000,379.000,8.000,4.000,1.0,1,1.0
154,29,388.000,379.000,7.000,4.000,1.0,1,1.0
155,29,388.000,378.000,7.000,5.000,1.0,1,1.0
156,29,389.000,378.000,8.000,5.000,1.0,1,1.0
157,29,392.000,378.000,7.000,4.000,1.0,1,1.0
158,29,393.000,377.000,8.000,4.000,1.0,1,1.0
159,29,395.000,376.000,7.000,4.000,1.0,1,1.0
160,29,397.000,377.000,7.000,4.000,1.0,1,1.0
161,29,397.000,377.000,8.000,4.000,1.0,1,1.0
162,29,400.000,377.000,6.000,3.000,1.0,1,1.0
163,29,401.000,378.000,7.000,3.000,1.0,1,1.0
164,29,403.000,378.000,8.000,3.000,1.0,1,1.0
165,29,404.000,378.000,8.000,4.000,1.0,1,1.0
166,29,400.000,380.000,3.000,5.000,1.0,1,1.0
167,29,409.000,405.000,5.000,7.000,1.0,1,1.0
168,29,417.000,431.000,4.000,7.000,1.0,1,1.0
169,29,408.000,433.000,4.000,6.000,1.0,1,1.0
170,29,380.000,440.000,5.000,6.000,1.0,1,1.0
171,29,383.000,440.000,6.000,6.000,1.0,1,1.0
172,29,384.000,440.000,6.000,5.000,1.0,1,1.0
173,29,384.000,441.000,7.000,4.000,1.0,1,1.0
174,29,384.000,440.000,7.000,5.000,1.0,1,1.0
175,29,384.000,441.000,7.000,4.000,1.0,1,1.0
176,29,384.000,441.000,7.000,4.000,1.0,1,1.0
177,29,384.000,441.000,7.000,4.000,1.0,1,1.0
178,29,384.000,440.000,7.000,5.000,1.0,1,1.0
179,29,385.000,441.000,6.000,4.000,1.0,1,1.0
180,29,386.000,441.000,7.000,4.000,1.0,1,1.0
181,29,387.000,441.000,7.000,4.000,1.0,1,1.0
182,29,389.000,441.000,6.000,4.000,1.0,1,1.0
183,29,390.000,441.000,6.000,4.000,1.0,1,1.0
184,29,390.000,441.000,6.000,4.000,1.0,1,1.0
185,29,391.000,441.000,6.000,4.000,1.0,1,1.0
186,29,392.000,441.000,6.000,4.000,1.0,1,1.0
187,29,393.000,441.000,6.000,4.000,1.0,1,1.0
188,29,393.000,440.000,6.000,5.000,1.0,1,1.0
189,29,394.000,440.000,5.000,5.000,1.0,1,1.0
190,29,395.000,440.000,5.000,5.000,1.0,1,1.0
191,29,395.000,441.000,5.000,4.000,1.0,1,1.0
192,29,395.000,441.000,5.000,4.000,1.0,1,1.0
193,29,395.000,441.000,4.000,3.000,1.0,1,1.0
194,29,395.000,441.000,4.000,4.000,1.0,1,1.0
195,29,394.000,441.000,5.000,3.000,1.0,1,1.0
196,29,394.000,441.000,5.000,4.000,1.0,1,1.0
197,29,394.000,441.000,5.000,4.000,1.0,1,1.0
198,29,394.000,441.000,5.000,4.000,1.0,1,1.0
199,29,394.000,441.000,5.000,4.000,1.0,1,1.0
200,29,394.000,441.000,5.000,4.000,1.0,1,1.0
201,29,394.000,441.000,5.000,4.000,1.0,1,1.0
202,29,394.000,441.000,5.000,4.000,1.0,1,1.0
203,29,394.000,441.000,5.000,4.000,1.0,1,1.0
204,29,394.000,441.000,5.000,4.000,1.0,1,1.0
205,29,394.000,441.000,5.000,4.000,1.0,1,1.0
206,29,394.000,441.000,5.000,4.000,1.0,1,1.0
207,29,394.000,441.000,5.000,4.000,1.0,1,1.0
208,29,394.000,441.000,5.000,4.000,1.0,1,1.0
209,29,394.000,441.000,5.000,4.000,1.0,1,1.0
210,29,394.000,441.000,5.000,4.000,1.0,1,1.0
211,29,394.000,441.000,5.000,4.000,1.0,1,1.0
212,29,394.000,441.000,5.000,4.000,1.0,1,1.0
213,29,394.000,441.000,5.000,4.000,1.0,1,1.0
214,29,394.000,441.000,5.000,4.000,1.0,1,1.0
215,29,394.000,441.000,5.000,4.000,1.0,1,1.0
216,29,394.000,441.000,5.000,4.000,1.0,1,1.0
217,29,394.000,441.000,5.000,4.000,1.0,1,1.0
218,29,394.000,441.000,5.000,4.000,1.0,1,1.0
219,29,394.000,441.000,5.000,4.000,1.0,1,1.0
220,29,394.000,441.000,5.000,4.000,1.0,1,1.0
221,29,394.000,441.000,5.000,4.000,1.0,1,1.0
222,29,394.000,441.000,5.000,4.000,1.0,1,1.0
223,29,394.000,441.000,5.000,4.000,1.0,1,1.0
224,29,394.000,441.000,5.000,4.000,1.0,1,1.0
225,29,394.000,441.000,5.000,4.000,1.0,1,1.0
226,29,394.000,441.000,5.000,4.000,1.0,1,1.0
227,29,394.000,441.000,4.000,4.000,1.0,1,1.0
228,29,394.000,441.000,4.000,4.000,1.0,1,1.0
229,29,394.000,441.000,4.000,5.000,1.0,1,1.0
230,29,394.000,441.000,4.000,5.000,1.0,1,1.0
231,29,394.000,441.000,4.000,4.000,1.0,1,1.0
232,29,394.000,441.000,4.000,4.000,1.0,1,1.0
233,29,394.000,441.000,4.000,4.000,1.0,1,1.0
234,29,394.000,441.000,3.000,4.000,1.0,1,1.0
235,29,393.000,441.000,4.000,4.000,1.0,1,1.0
236,29,393.000,441.000,4.000,4.000,1.0,1,1.0
237,29,393.000,441.000,4.000,4.000,1.0,1,1.0
238,29,393.000,441.000,4.000,4.000,1.0,1,1.0
239,29,393.000,441.000,4.000,4.000,1.0,1,1.0
240,29,393.000,441.000,4.000,5.000,1.0,1,1.0
241,29,393.000,441.000,4.000,5.000,1.0,1,1.0
242,29,393.000,441.000,4.000,5.000,1.0,1,1.0
243,29,393.000,441.000,4.000,5.000,1.0,1,1.0
244,29,393.000,441.000,4.000,5.000,1.0,1,1.0
245,29,393.000,441.000,4.000,5.000,1.0,1,1.0
246,29,394.000,442.000,4.000,3.000,1.0,1,1.0
247,29,395.000,442.000,4.000,4.000,1.0,1,1.0
248,29,395.000,442.000,5.000,4.000,1.0,1,1.0
249,29,396.000,442.000,5.000,4.000,1.0,1,1.0
250,29,398.000,442.000,5.000,4.000,1.0,1,1.0
251,29,399.000,442.000,6.000,4.000,1.0,1,1.0
252,29,401.000,442.000,7.000,4.000,1.0,1,1.0
253,29,402.000,442.000,7.000,4.000,1.0,1,1.0
254,29,404.000,442.000,7.000,4.000,1.0,1,1.0
255,29,406.000,442.000,7.000,4.000,1.0,1,1.0
256,29,406.000,442.000,8.000,4.000,1.0,1,1.0
257,29,407.000,442.000,7.000,4.000,1.0,1,1.0
258,29,407.000,442.000,8.000,4.000,1.0,1,1.0
259,29,408.000,442.000,7.000,4.000,1.0,1,1.0
260,29,407.000,442.000,8.000,4.000,1.0,1,1.0
261,29,407.000,442.000,8.000,4.000,1.0,1,1.0
262,29,408.000,442.000,7.000,4.000,1.0,1,1.0
263,29,421.000,429.000,6.000,5.000,1.0,1,1.0
264,29,424.000,433.000,5.000,4.000,1.0,1,1.0
265,29,427.000,436.000,4.000,5.000,1.0,1,1.0
266,29,428.000,440.000,7.000,6.000,1.0,1,1.0
267,29,427.000,443.000,7.000,4.000,1.0,1,1.0
268,29,426.000,443.000,6.000,4.000,1.0,1,1.0
269,29,422.000,442.000,6.000,4.000,1.0,1,1.0
270,29,422.000,443.000,6.000,4.000,1.0,1,1.0
271,29,422.000,443.000,6.000,4.000,1.0,1,1.0
272,29,422.000,443.000,6.000,4.000,1.0,1,1.0
273,29,421.000,443.000,7.000,4.000,1.0,1,1.0
274,29,421.000,443.000,7.000,4.000,1.0,1,1.0
275,29,421.000,442.000,7.000,4.000,1.0,1,1.0
276,29,421.000,442.000,6.000,4.000,1.0,1,1.0
277,29,421.000,442.000,6.000,4.000,1.0,1,1.0
278,29,421.000,442.000,5.000,4.000,1.0,1,1.0
279,29,422.000,442.000,4.000,4.000,1.0,1,1.0
280,29,422.000,442.000,4.000,4.000,1.0,1,1.0
281,29,423.000,442.000,4.000,4.000,1.0,1,1.0
282,29,422.000,442.000,4.000,4.000,1.0,1,1.0
283,29,423.000,442.000,3.000,4.000,1.0,1,1.0
284,29,423.000,442.000,3.000,4.000,1.0,1,1.0
285,29,423.000,442.000,3.000,4.000,1.0,1,1.0
286,29,423.000,442.000,3.000,4.000,1.0,1,1.0
287,29,422.000,442.000,4.000,3.000,1.0,1,1.0
288,29,423.000,442.000,3.000,4.000,1.0,1,1.0
289,29,423.000,442.000,3.000,4.000,1.0,1,1.0
290,29,423.000,442.000,3.000,4.000,1.0,1,1.0
291,29,422.000,442.000,4.000,4.000,1.0,1,1.0
292,29,423.000,442.000,3.000,4.000,1.0,1,1.0
293,29,423.000,442.000,3.000,4.000,1.0,1,1.0
294,29,423.000,442.000,3.000,3.000,1.0,1,1.0
295,29,423.000,442.000,3.000,3.000,1.0,1,1.0
296,29,423.000,442.000,3.000,3.000,1.0,1,1.0
297,29,423.000,442.000,3.000,4.000,1.0,1,1.0
298,29,423.000,442.000,3.000,3.000,1.0,1,1.0
299,29,423.000,442.000,3.000,3.000,1.0,1,1.0
300,29,423.000,441.000,3.000,5.000,1.0,1,1.0
301,29,423.000,441.000,3.000,5.000,1.0,1,1.0
302,29,423.000,441.000,3.000,5.000,1.0,1,1.0
303,29,423.000,441.000,3.000,4.000,1.0,1,1.0
304,29,423.000,441.000,3.000,5.000,1.0,1,1.0
305,29,423.000,441.000,3.000,4.000,1.0,1,1.0
306,29,423.000,441.000,3.000,4.000,1.0,1,1.0
307,29,422.000,441.000,4.000,4.000,1.0,1,1.0
308,29,423.000,442.000,3.000,3.000,1.0,1,1.0
309,29,423.000,442.000,3.000,3.000,1.0,1,1.0
310,29,423.000,442.000,3.000,3.000,1.0,1,1.0
311,29,423.000,442.000,4.000,3.000,1.0,1,1.0
312,29,423.000,442.000,4.000,3.000,1.0,1,1.0
313,29,423.000,442.000,3.000,3.000,1.0,1,1.0
314,29,423.000,441.000,4.000,4.000,1.0,1,1.0
315,29,423.000,441.000,4.000,4.000,1.0,1,1.0
316,29,424.000,441.000,4.000,4.000,1.0,1,1.0
317,29,425.000,441.000,4.000,4.000,1.0,1,1.0
318,29,426.000,440.000,4.000,4.000,1.0,1,1.0
319,29,427.000,440.000,4.000,4.000,1.0,1,1.0
320,29,428.000,440.000,5.000,4.000,1.0,1,1.0
321,29,428.000,440.000,6.000,4.000,1.0,1,1.0
322,29,429.000,440.000,5.000,4.000,1.0,1,1.0
323,29,429.000,440.000,5.000,4.000,1.0,1,1.0
324,29,429.000,440.000,5.000,4.000,1.0,1,1.0
325,29,429.000,440.000,5.000,4.000,1.0,1,1.0
326,29,429.000,440.000,5.000,4.000,1.0,1,1.0
327,29,429.000,440.000,5.000,4.000,1.0,1,1.0
328,29,429.000,440.000,5.000,4.000,1.0,1,1.0
329,29,429.000,440.000,6.000,4.000,1.0,1,1.0
330,29,429.000,440.000,6.000,4.000,1.0,1,1.0
331,29,429.000,440.000,5.000,4.000,1.0,1,1.0
332,29,429.000,440.000,6.000,4.000,1.0,1,1.0
333,29,429.000,440.000,5.000,4.000,1.0,1,1.0
334,29,429.000,440.000,5.000,4.000,1.0,1,1.0
335,29,429.000,440.000,5.000,4.000,1.0,1,1.0
336,29,429.000,440.000,5.000,4.000,1.0,1,1.0
337,29,429.000,440.000,6.000,4.000,1.0,1,1.0
338,29,429.000,440.000,6.000,4.000,1.0,1,1.0
339,29,429.000,440.000,5.000,4.000,1.0,1,1.0
340,29,429.000,440.000,6.000,4.000,1.0,1,1.0
341,29,429.000,440.000,6.000,4.000,1.0,1,1.0
342,29,429.000,440.000,6.000,4.000,1.0,1,1.0
343,29,429.000,440.000,6.000,4.000,1.0,1,1.0
344,29,429.000,440.000,6.000,4.000,1.0,1,1.0
345,29,429.000,440.000,6.000,4.000,1.0,1,1.0
346,29,429.000,440.000,6.000,4.000,1.0,1,1.0
347,29,429.000,440.000,6.000,4.000,1.0,1,1.0
348,29,429.000,440.000,6.000,4.000,1.0,1,1.0
349,29,429.000,440.000,6.000,4.000,1.0,1,1.0
350,29,429.000,440.000,6.000,4.000,1.0,1,1.0
351,29,429.000,440.000,6.000,4.000,1.0,1,1.0
352,29,429.000,440.000,6.000,4.000,1.0,1,1.0
353,29,429.000,440.000,6.000,4.000,1.0,1,1.0
354,29,429.000,440.000,6.000,4.000,1.0,1,1.0
355,29,430.000,440.000,7.000,4.000,1.0,1,1.0
356,29,432.000,440.000,6.000,3.000,1.0,1,1.0
357,29,432.000,440.000,6.000,4.000,1.0,1,1.0
358,29,433.000,440.000,6.000,4.000,1.0,1,1.0
359,29,434.000,440.000,5.000,4.000,1.0,1,1.0
360,29,434.000,440.000,5.000,4.000,1.0,1,1.0
361,29,434.000,440.000,4.000,4.000,1.0,1,1.0
362,29,434.000,440.000,4.000,4.000,1.0,1,1.0
363,29,434.000,440.000,4.000,4.000,1.0,1,1.0
1,6,24.000,432.000,5.000,9.000,1.0,1,1.0
2,6,24.000,432.000,4.000,8.000,1.0,1,1.0
3,6,25.000,432.000,4.000,8.000,1.0,1,1.0
4,6,25.000,431.000,4.000,8.000,1.0,1,1.0
5,6,25.000,431.000,5.000,8.000,1.0,1,1.0
6,6,26.000,430.000,4.000,8.000,1.0,1,1.0
7,6,27.000,429.000,5.000,8.000,1.0,1,1.0
8,6,27.000,429.000,5.000,8.000,1.0,1,1.0
9,6,28.000,429.000,4.000,8.000,1.0,1,1.0
10,6,28.000,429.000,5.000,7.000,1.0,1,1.0
11,6,28.000,428.000,5.000,8.000,1.0,1,1.0
12,6,28.000,427.000,5.000,8.000,1.0,1,1.0
13,6,29.000,428.000,5.000,7.000,1.0,1,1.0
14,6,29.000,428.000,5.000,7.000,1.0,1,1.0
15,6,29.000,428.000,5.000,7.000,1.0,1,1.0
16,6,29.000,428.000,5.000,7.000,1.0,1,1.0
17,6,29.000,428.000,5.000,7.000,1.0,1,1.0
18,6,29.000,429.000,6.000,7.000,1.0,1,1.0
19,6,30.000,428.000,6.000,8.000,1.0,1,1.0
20,6,31.000,428.000,5.000,7.000,1.0,1,1.0
21,6,31.000,427.000,6.000,8.000,1.0,1,1.0
22,6,32.000,426.000,5.000,8.000,1.0,1,1.0
23,6,32.000,426.000,5.000,8.000,1.0,1,1.0
24,6,32.000,426.000,5.000,7.000,1.0,1,1.0
25,6,33.000,425.000,5.000,7.000,1.0,1,1.0
26,6,33.000,424.000,5.000,8.000,1.0,1,1.0
27,6,33.000,424.000,5.000,7.000,1.0,1,1.0
28,6,34.000,423.000,5.000,8.000,1.0,1,1.0
29,6,34.000,423.000,5.000,8.000,1.0,1,1.0
30,6,34.000,422.000,6.000,8.000,1.0,1,1.0
31,6,35.000,421.000,5.000,8.000,1.0,1,1.0
32,6,35.000,421.000,5.000,8.000,1.0,1,1.0
33,6,35.000,419.000,5.000,9.000,1.0,1,1.0
34,6,36.000,419.000,5.000,8.000,1.0,1,1.0
35,6,36.000,419.000,5.000,7.000,1.0,1,1.0
36,6,37.000,418.000,4.000,8.000,1.0,1,1.0
37,6,37.000,417.000,4.000,8.000,1.0,1,1.0
38,6,37.000,417.000,5.000,7.000,1.0,1,1.0
39,6,37.000,416.000,5.000,8.000,1.0,1,1.0
40,6,37.000,416.000,5.000,7.000,1.0,1,1.0
41,6,38.000,415.000,5.000,8.000,1.0,1,1.0
42,6,38.000,414.000,5.000,8.000,1.0,1,1.0
43,6,39.000,414.000,5.000,8.000,1.0,1,1.0
44,6,39.000,414.000,5.000,7.000,1.0,1,1.0
45,6,40.000,413.000,5.000,8.000,1.0,1,1.0
46,6,40.000,412.000,5.000,8.000,1.0,1,1.0
47,6,40.000,412.000,5.000,7.000,1.0,1,1.0
48,6,41.000,412.000,5.000,7.000,1.0,1,1.0
49,6,41.000,411.000,6.000,7.000,1.0,1,1.0
50,6,42.000,411.000,5.000,7.000,1.0,1,1.0
51,6,42.000,411.000,5.000,7.000,1.0,1,1.0
52,6,42.000,410.000,6.000,8.000,1.0,1,1.0
53,6,48.000,407.000,7.000,4.000,1.0,1,1.0
54,6,49.000,403.000,5.000,8.000,1.0,1,1.0
55,6,59.000,381.000,6.000,6.000,1.0,1,1.0
56,6,69.000,392.000,5.000,7.000,1.0,1,1.0
57,6,55.000,425.000,3.000,8.000,1.0,1,1.0
58,6,52.000,440.000,5.000,5.000,1.0,1,1.0
59,6,55.000,441.000,5.000,3.000,1.0,1,1.0
60,6,58.000,441.000,6.000,3.000,1.0,1,1.0
61,6,60.000,440.000,5.000,5.000,1.0,1,1.0
62,6,61.000,441.000,8.000,3.000,1.0,1,1.0
63,6,61.000,441.000,7.000,3.000,1.0,1,1.0
64,6,59.000,440.000,7.000,3.000,1.0,1,1.0
65,6,58.000,440.000,7.000,4.000,1.0,1,1.0
66,6,58.000,440.000,7.000,3.000,1.0,1,1.0
67,6,58.000,439.000,7.000,4.000,1.0,1,1.0
68,6,57.000,439.000,7.000,4.000,1.0,1,1.0
69,6,57.000,439.000,7.000,4.000,1.0,1,1.0
70,6,54.000,439.000,7.000,4.000,1.0,1,1.0
71,6,51.000,440.000,6.000,3.000,1.0,1,1.0
72,6,48.000,440.000,7.000,3.000,1.0,1,1.0
73,6,46.000,440.000,7.000,3.000,1.0,1,1.0
74,6,45.000,440.000,6.000,3.000,1.0,1,1.0
75,6,43.000,439.000,8.000,4.000,1.0,1,1.0
76,6,42.000,440.000,7.000,3.000,1.0,1,1.0
77,6,41.000,440.000,7.000,3.000,1.0,1,1.0
78,6,41.000,439.000,8.000,5.000,1.0,1,1.0
79,6,33.000,435.000,5.000,8.000,1.0,1,1.0
80,6,34.000,438.000,6.000,5.000,1.0,1,1.0
81,6,33.000,439.000,7.000,4.000,1.0,1,1.0
82,6,33.000,439.000,6.000,4.000,1.0,1,1.0
83,6,35.000,439.000,5.000,5.000,1.0,1,1.0
84,6,35.000,439.000,5.000,5.000,1.0,1,1.0
85,6,35.000,439.000,5.000,5.000,1.0,1,1.0
86,6,35.000,439.000,6.000,5.000,1.0,1,1.0
87,6,35.000,439.000,7.000,5.000,1.0,1,1.0
88,6,33.000,427.000,6.000,5.000,1.0,1,1.0
90,6,64.000,441.000,7.000,3.000,1.0,1,1.0
91,6,64.000,441.000,7.000,4.000,1.0,1,1.0
92,6,64.000,441.000,7.000,3.000,1.0,1,1.0
93,6,64.000,441.000,7.000,3.000,1.0,1,1.0
94,6,64.000,441.000,7.000,3.000,1.0,1,1.0
95,6,64.000,440.000,5.000,4.000,1.0,1,1.0
96,6,64.000,440.000,4.000,4.000,1.0,1,1.0
97,6,64.000,439.000,4.000,4.000,1.0,1,1.0
98,6,63.000,439.000,4.000,4.000,1.0,1,1.0
99,6,62.000,439.000,4.000,4.000,1.0,1,1.0
100,6,62.000,439.000,4.000,4.000,1.0,1,1.0
101,6,62.000,439.000,4.000,4.000,1.0,1,1.0
102,6,62.000,439.000,4.000,4.000,1.0,1,1.0
103,6,62.000,439.000,4.000,4.000,1.0,1,1.0
104,6,61.000,439.000,5.000,4.000,1.0,1,1.0
105,6,60.000,439.000,6.000,4.000,1.0,1,1.0
106,6,59.000,439.000,6.000,4.000,1.0,1,1.0
107,6,58.000,439.000,6.000,4.000,1.0,1,1.0
108,6,57.000,439.000,6.000,4.000,1.0,1,1.0
109,6,56.000,439.000,7.000,4.000,1.0,1,1.0
110,6,56.000,439.000,6.000,4.000,1.0,1,1.0
111,6,55.000,439.000,6.000,4.000,1.0,1,1.0
112,6,54.000,439.000,6.000,4.000,1.0,1,1.0
113,6,53.000,440.000,6.000,3.000,1.0,1,1.0
114,6,52.000,440.000,6.000,3.000,1.0,1,1.0
115,6,51.000,439.000,6.000,4.000,1.0,1,1.0
116,6,50.000,439.000,7.000,4.000,1.0,1,1.0
117,6,50.000,439.000,7.000,4.000,1.0,1,1.0
118,6,50.000,439.000,7.000,4.000,1.0,1,1.0
119,6,50.000,439.000,7.000,4.000,1.0,1,1.0
120,6,50.000,439.000,7.000,4.000,1.0,1,1.0
121,6,50.000,439.000,7.000,4.000,1.0,1,1.0
122,6,50.000,439.000,7.000,4.000,1.0,1,1.0
123,6,50.000,439.000,7.000,4.000,1.0,1,1.0
124,6,50.000,439.000,6.000,4.000,1.0,1,1.0
125,6,50.000,439.000,6.000,4.000,1.0,1,1.0
126,6,50.000,440.000,7.000,4.000,1.0,1,1.0
127,6,49.000,440.000,7.000,4.000,1.0,1,1.0
128,6,49.000,440.000,7.000,4.000,1.0,1,1.0
129,6,49.000,440.000,7.000,4.000,1.0,1,1.0
130,6,49.000,440.000,7.000,4.000,1.0,1,1.0
131,6,49.000,440.000,7.000,4.000,1.0,1,1.0
132,6,49.000,440.000,7.000,4.000,1.0,1,1.0
133,6,49.000,440.000,7.000,4.000,1.0,1,1.0
134,6,49.000,440.000,7.000,3.000,1.0,1,1.0
135,6,49.000,440.000,7.000,4.000,1.0,1,1.0
136,6,49.000,440.000,7.000,4.000,1.0,1,1.0
137,6,49.000,440.000,7.000,4.000,1.0,1,1.0
138,6,49.000,440.000,7.000,4.000,1.0,1,1.0
139,6,49.000,440.000,7.000,4.000,1.0,1,1.0
140,6,49.000,440.000,7.000,4.000,1.0,1,1.0
141,6,49.000,440.000,7.000,4.000,1.0,1,1.0
142,6,49.000,440.000,7.000,4.000,1.0,1,1.0
143,6,49.000,440.000,7.000,4.000,1.0,1,1.0
144,6,49.000,440.000,7.000,4.000,1.0,1,1.0
145,6,49.000,440.000,7.000,4.000,1.0,1,1.0
146,6,49.000,440.000,7.000,4.000,1.0,1,1.0
147,6,49.000,440.000,7.000,4.000,1.0,1,1.0
148,6,49.000,440.000,7.000,4.000,1.0,1,1.0
149,6,49.000,440.000,7.000,4.000,1.0,1,1.0
150,6,49.000,440.000,7.000,4.000,1.0,1,1.0
151,6,49.000,440.000,7.000,4.000,1.0,1,1.0
152,6,49.000,440.000,7.000,4.000,1.0,1,1.0
153,6,49.000,440.000,7.000,4.000,1.0,1,1.0
154,6,49.000,440.000,7.000,4.000,1.0,1,1.0
156,6,13.000,390.000,7.000,6.000,1.0,1,1.0
157,6,22.000,394.000,5.000,7.000,1.0,1,1.0
158,6,18.000,414.000,4.000,8.000,1.0,1,1.0
159,6,24.000,423.000,5.000,5.000,1.0,1,1.0
160,6,34.000,426.000,6.000,6.000,1.0,1,1.0
161,6,33.000,426.000,7.000,6.000,1.0,1,1.0
162,6,33.000,425.000,7.000,7.000,1.0,1,1.0
163,6,33.000,424.000,6.000,7.000,1.0,1,1.0
164,6,33.000,423.000,6.000,7.000,1.0,1,1.0
165,6,33.000,422.000,5.000,7.000,1.0,1,1.0
166,6,32.000,421.000,5.000,7.000,1.0,1,1.0
167,6,32.000,420.000,5.000,7.000,1.0,1,1.0
168,6,32.000,417.000,5.000,9.000,1.0,1,1.0
169,6,32.000,413.000,5.000,11.000,1.0,1,1.0
170,6,32.000,413.000,6.000,9.000,1.0,1,1.0
171,6,32.000,412.000,6.000,9.000,1.0,1,1.0
172,6,32.000,412.000,6.000,9.000,1.0,1,1.0
173,6,32.000,412.000,6.000,9.000,1.0,1,1.0
174,6,32.000,412.000,6.000,9.000,1.0,1,1.0
175,6,32.000,411.000,6.000,10.000,1.0,1,1.0
176,6,32.000,410.000,6.000,10.000,1.0,1,1.0
177,6,32.000,409.000,5.000,10.000,1.0,1,1.0
178,6,31.000,408.000,4.000,7.000,1.0,1,1.0
179,6,31.000,405.000,4.000,9.000,1.0,1,1.0
180,6,30.000,404.000,5.000,9.000,1.0,1,1.0
181,6,30.000,403.000,4.000,9.000,1.0,1,1.0
182,6,30.000,401.000,3.000,8.000,1.0,1,1.0
183,6,29.000,399.000,4.000,9.000,1.0,1,1.0
184,6,29.000,398.000,4.000,8.000,1.0,1,1.0
185,6,29.000,396.000,4.000,8.000,1.0,1,1.0
186,6,28.000,395.000,4.000,8.000,1.0,1,1.0
187,6,28.000,393.000,4.000,9.000,1.0,1,1.0
188,6,27.000,391.000,4.000,9.000,1.0,1,1.0
189,6,27.000,390.000,4.000,8.000,1.0,1,1.0
190,6,27.000,388.000,3.000,8.000,1.0,1,1.0
191,6,27.000,387.000,4.000,8.000,1.0,1,1.0
192,6,27.000,385.000,3.000,9.000,1.0,1,1.0
193,6,27.000,384.000,4.000,9.000,1.0,1,1.0
194,6,27.000,384.000,4.000,8.000,1.0,1,1.0
195,6,28.000,382.000,4.000,9.000,1.0,1,1.0
196,6,28.000,382.000,4.000,8.000,1.0,1,1.0
197,6,28.000,381.000,4.000,8.000,1.0,1,1.0
198,6,29.000,379.000,4.000,9.000,1.0,1,1.0
199,6,29.000,378.000,4.000,8.000,1.0,1,1.0
200,6,29.000,376.000,5.000,8.000,1.0,1,1.0
201,6,30.000,374.000,6.000,8.000,1.0,1,1.0
202,6,31.000,373.000,5.000,7.000,1.0,1,1.0
203,6,32.000,371.000,5.000,7.000,1.0,1,1.0
204,6,33.000,369.000,5.000,8.000,1.0,1,1.0
205,6,35.000,367.000,4.000,7.000,1.0,1,1.0
206,6,36.000,364.000,4.000,8.000,1.0,1,1.0
207,6,37.000,361.000,4.000,8.000,1.0,1,1.0
208,6,37.000,360.000,4.000,7.000,1.0,1,1.0
209,6,38.000,357.000,4.000,7.000,1.0,1,1.0
210,6,39.000,355.000,4.000,8.000,1.0,1,1.0
211,6,39.000,353.000,4.000,8.000,1.0,1,1.0
212,6,40.000,351.000,4.000,8.000,1.0,1,1.0
213,6,40.000,350.000,4.000,8.000,1.0,1,1.0
214,6,41.000,348.000,4.000,8.000,1.0,1,1.0
215,6,41.000,346.000,4.000,8.000,1.0,1,1.0
216,6,41.000,345.000,4.000,7.000,1.0,1,1.0
217,6,42.000,343.000,4.000,8.000,1.0,1,1.0
218,6,42.000,341.000,4.000,9.000,1.0,1,1.0
219,6,42.000,340.000,4.000,8.000,1.0,1,1.0
220,6,43.000,338.000,4.000,8.000,1.0,1,1.0
221,6,43.000,335.000,4.000,8.000,1.0,1,1.0
222,6,43.000,333.000,4.000,8.000,1.0,1,1.0
223,6,44.000,331.000,4.000,8.000,1.0,1,1.0
224,6,44.000,329.000,4.000,8.000,1.0,1,1.0
225,6,45.000,326.000,4.000,9.000,1.0,1,1.0
226,6,45.000,324.000,4.000,8.000,1.0,1,1.0
227,6,46.000,322.000,4.000,8.000,1.0,1,1.0
228,6,47.000,320.000,4.000,8.000,1.0,1,1.0
229,6,48.000,318.000,3.000,8.000,1.0,1,1.0
230,6,48.000,315.000,4.000,9.000,1.0,1,1.0
231,6,49.000,314.000,4.000,8.000,1.0,1,1.0
232,6,49.000,311.000,4.000,9.000,1.0,1,1.0
233,6,50.000,308.000,4.000,9.000,1.0,1,1.0
234,6,50.000,306.000,4.000,9.000,1.0,1,1.0
235,6,51.000,303.000,4.000,9.000,1.0,1,1.0
236,6,51.000,301.000,4.000,8.000,1.0,1,1.0
237,6,51.000,298.000,4.000,9.000,1.0,1,1.0
238,6,52.000,296.000,4.000,8.000,1.0,1,1.0
239,6,52.000,293.000,4.000,9.000,1.0,1,1.0
240,6,52.000,290.000,4.000,9.000,1.0,1,1.0
241,6,51.000,288.000,4.000,8.000,1.0,1,1.0
242,6,50.000,286.000,5.000,8.000,1.0,1,1.0
243,6,50.000,283.000,4.000,9.000,1.0,1,1.0
244,6,49.000,281.000,4.000,8.000,1.0,1,1.0
245,6,48.000,278.000,4.000,9.000,1.0,1,1.0
246,6,47.000,276.000,5.000,9.000,1.0,1,1.0
247,6,47.000,274.000,5.000,9.000,1.0,1,1.0
248,6,46.000,273.000,5.000,9.000,1.0,1,1.0
249,6,46.000,272.000,5.000,9.000,1.0,1,1.0
250,6,46.000,272.000,5.000,8.000,1.0,1,1.0
251,6,46.000,272.000,5.000,8.000,1.0,1,1.0
252,6,46.000,271.000,5.000,8.000,1.0,1,1.0
253,6,46.000,270.000,5.000,9.000,1.0,1,1.0
254,6,46.000,270.000,5.000,8.000,1.0,1,1.0
255,6,45.000,266.000,5.000,8.000,1.0,1,1.0
256,6,37.000,234.000,4.000,8.000,1.0,1,1.0
257,6,17.000,193.000,6.000,8.000,1.0,1,1.0
1,25,272.000,421.000,4.000,9.000,1.0,1,1.0
2,25,272.000,420.000,4.000,9.000,1.0,1,1.0
3,25,273.000,418.000,4.000,9.000,1.0,1,1.0
4,25,274.000,417.000,4.000,8.000,1.0,1,1.0
5,25,274.000,416.000,4.000,9.000,1.0,1,1.0
6,25,274.000,415.000,5.000,8.000,1.0,1,1.0
7,25,276.000,414.000,4.000,8.000,1.0,1,1.0
8,25,276.000,413.000,4.000,8.000,1.0,1,1.0
9,25,276.000,412.000,5.000,8.000,1.0,1,1.0
10,25,277.000,411.000,5.000,8.000,1.0,1,1.0
11,25,278.000,410.000,5.000,8.000,1.0,1,1.0
12,25,278.000,409.000,7.000,7.000,1.0,1,1.0
13,25,280.000,408.000,7.000,7.000,1.0,1,1.0
14,25,281.000,408.000,7.000,5.000,1.0,1,1.0
15,25,283.000,407.000,7.000,5.000,1.0,1,1.0
16,25,285.000,406.000,7.000,5.000,1.0,1,1.0
17,25,286.000,406.000,7.000,4.000,1.0,1,1.0
18,25,286.000,405.000,8.000,5.000,1.0,1,1.0
19,25,287.000,405.000,8.000,4.000,1.0,1,1.0
20,25,288.000,404.000,8.000,5.000,1.0,1,1.0
21,25,289.000,404.000,7.000,4.000,1.0,1,1.0
22,25,289.000,404.000,8.000,5.000,1.0,1,1.0
23,25,290.000,404.000,7.000,5.000,1.0,1,1.0
24,25,290.000,404.000,7.000,4.000,1.0,1,1.0
25,25,290.000,404.000,6.000,4.000,1.0,1,1.0
26,25,290.000,404.000,7.000,4.000,1.0,1,1.0
27,25,290.000,403.000,7.000,5.000,1.0,1,1.0
28,25,290.000,403.000,7.000,5.000,1.0,1,1.0
29,25,290.000,403.000,7.000,4.000,1.0,1,1.0
30,25,290.000,402.000,7.000,5.000,1.0,1,1.0
31,25,290.000,402.000,7.000,5.000,1.0,1,1.0
32,25,290.000,401.000,7.000,5.000,1.0,1,1.0
33,25,290.000,400.000,8.000,6.000,1.0,1,1.0
34,25,290.000,401.000,8.000,5.000,1.0,1,1.0
35,25,290.000,400.000,8.000,6.000,1.0,1,1.0
36,25,288.000,387.000,6.000,6.000,1.0,1,1.0
44,25,297.000,372.000,6.000,8.000,1.0,1,1.0
45,25,297.000,373.000,6.000,6.000,1.0,1,1.0
46,25,298.000,373.000,5.000,6.000,1.0,1,1.0
47,25,298.000,373.000,5.000,6.000,1.0,1,1.0
48,25,297.000,374.000,5.000,7.000,1.0,1,1.0
49,25,297.000,374.000,4.000,6.000,1.0,1,1.0
50,25,297.000,373.000,4.000,7.000,1.0,1,1.0
51,25,297.000,372.000,5.000,8.000,1.0,1,1.0
52,25,297.000,372.000,5.000,7.000,1.0,1,1.0
53,25,297.000,372.000,5.000,7.000,1.0,1,1.0
54,25,297.000,371.000,5.000,8.000,1.0,1,1.0
55,25,297.000,371.000,4.000,7.000,1.0,1,1.0
56,25,297.000,370.000,4.000,8.000,1.0,1,1.0
57,25,297.000,370.000,4.000,7.000,1.0,1,1.0
58,25,297.000,369.000,4.000,8.000,1.0,1,1.0
59,25,297.000,369.000,4.000,8.000,1.0,1,1.0
60,25,297.000,369.000,4.000,7.000,1.0,1,1.0
61,25,296.000,367.000,4.000,8.000,1.0,1,1.0
62,25,295.000,367.000,5.000,7.000,1.0,1,1.0
63,25,295.000,366.000,4.000,8.000,1.0,1,1.0
64,25,295.000,365.000,4.000,8.000,1.0,1,1.0
65,25,295.000,366.000,4.000,7.000,1.0,1,1.0
66,25,295.000,365.000,4.000,8.000,1.0,1,1.0
67,25,295.000,365.000,4.000,8.000,1.0,1,1.0
68,25,295.000,365.000,4.000,8.000,1.0,1,1.0
69,25,295.000,365.000,4.000,8.000,1.0,1,1.0
70,25,295.000,365.000,4.000,8.000,1.0,1,1.0
71,25,295.000,365.000,4.000,7.000,1.0,1,1.0
72,25,295.000,365.000,4.000,7.000,1.0,1,1.0
73,25,295.000,364.000,4.000,8.000,1.0,1,1.0
74,25,295.000,364.000,4.000,8.000,1.0,1,1.0
75,25,295.000,364.000,4.000,8.000,1.0,1,1.0
76,25,295.000,363.000,4.000,8.000,1.0,1,1.0
77,25,294.000,362.000,5.000,8.000,1.0,1,1.0
78,25,294.000,361.000,4.000,8.000,1.0,1,1.0
79,25,294.000,361.000,4.000,8.000,1.0,1,1.0
80,25,294.000,359.000,3.000,7.000,1.0,1,1.0
81,25,302.000,359.000,4.000,7.000,1.0,1,1.0
82,25,290.000,372.000,4.000,7.000,1.0,1,1.0
83,25,272.000,386.000,6.000,7.000,1.0,1,1.0
84,25,273.000,438.000,6.000,5.000,1.0,1,1.0
85,25,273.000,438.000,6.000,4.000,1.0,1,1.0
86,25,274.000,438.000,5.000,4.000,1.0,1,1.0
87,25,274.000,438.000,6.000,4.000,1.0,1,1.0
88,25,274.000,438.000,6.000,4.000,1.0,1,1.0
89,25,274.000,438.000,6.000,4.000,1.0,1,1.0
90,25,272.000,438.000,7.000,4.000,1.0,1,1.0
91,25,273.000,438.000,6.000,4.000,1.0,1,1.0
92,25,272.000,438.000,7.000,4.000,1.0,1,1.0
93,25,272.000,438.000,7.000,4.000,1.0,1,1.0
94,25,271.000,438.000,8.000,5.000,1.0,1,1.0
95,25,272.000,438.000,7.000,5.000,1.0,1,1.0
96,25,272.000,438.000,7.000,5.000,1.0,1,1.0
97,25,272.000,438.000,5.000,4.000,1.0,1,1.0
98,25,273.000,438.000,3.000,4.000,1.0,1,1.0
99,25,272.000,437.000,4.000,4.000,1.0,1,1.0
100,25,270.000,437.000,5.000,4.000,1.0,1,1.0
101,25,269.000,437.000,5.000,4.000,1.0,1,1.0
102,25,267.000,437.000,6.000,4.000,1.0,1,1.0
103,25,266.000,437.000,6.000,5.000,1.0,1,1.0
104,25,264.000,437.000,7.000,7.000,1.0,1,1.0
105,25,265.000,437.000,6.000,4.000,1.0,1,1.0
106,25,264.000,437.000,6.000,4.000,1.0,1,1.0
107,25,264.000,438.000,6.000,4.000,1.0,1,1.0
108,25,264.000,438.000,6.000,4.000,1.0,1,1.0
109,25,264.000,438.000,6.000,4.000,1.0,1,1.0
110,25,264.000,438.000,6.000,4.000,1.0,1,1.0
111,25,263.000,438.000,6.000,4.000,1.0,1,1.0
112,25,261.000,428.000,7.000,4.000,1.0,1,1.0
113,25,257.000,421.000,4.000,5.000,1.0,1,1.0
114,25,251.000,437.000,4.000,7.000,1.0,1,1.0
115,25,252.000,438.000,4.000,6.000,1.0,1,1.0
116,25,253.000,438.000,5.000,6.000,1.0,1,1.0
117,25,254.000,438.000,5.000,5.000,1.0,1,1.0
118,25,254.000,438.000,6.000,5.000,1.0,1,1.0
119,25,254.000,438.000,6.000,5.000,1.0,1,1.0
120,25,254.000,438.000,6.000,5.000,1.0,1,1.0
121,25,255.000,437.000,5.000,6.000,1.0,1,1.0
122,25,255.000,438.000,5.000,5.000,1.0,1,1.0
123,25,255.000,438.000,6.000,5.000,1.0,1,1.0
124,25,255.000,438.000,6.000,5.000,1.0,1,1.0
125,25,256.000,438.000,5.000,5.000,1.0,1,1.0
126,25,256.000,438.000,5.000,5.000,1.0,1,1.0
127,25,256.000,437.000,5.000,6.000,1.0,1,1.0
128,25,256.000,438.000,5.000,5.000,1.0,1,1.0
129,25,256.000,438.000,5.000,5.000,1.0,1,1.0
130,25,256.000,438.000,5.000,5.000,1.0,1,1.0
131,25,256.000,438.000,5.000,5.000,1.0,1,1.0
132,25,256.000,438.000,5.000,5.000,1.0,1,1.0
133,25,256.000,438.000,5.000,5.000,1.0,1,1.0
134,25,256.000,438.000,5.000,5.000,1.0,1,1.0
135,25,256.000,438.000,4.000,4.000,1.0,1,1.0
136,25,256.000,438.000,4.000,4.000,1.0,1,1.0
137,25,255.000,438.000,4.000,4.000,1.0,1,1.0
138,25,255.000,438.000,4.000,4.000,1.0,1,1.0
139,25,255.000,439.000,4.000,3.000,1.0,1,1.0
140,25,254.000,424.000,3.000,7.000,1.0,1,1.0
141,25,251.000,380.000,7.000,7.000,1.0,1,1.0
142,25,258.000,383.000,7.000,5.000,1.0,1,1.0
143,25,249.000,400.000,4.000,7.000,1.0,1,1.0
144,25,255.000,412.000,7.000,5.000,1.0,1,1.0
145,25,249.000,424.000,5.000,4.000,1.0,1,1.0
146,25,249.000,440.000,5.000,5.000,1.0,1,1.0
147,25,268.000,431.000,8.000,5.000,1.0,1,1.0
148,25,297.000,415.000,4.000,6.000,1.0,1,1.0
149,25,297.000,413.000,5.000,5.000,1.0,1,1.0
150,25,296.000,412.000,6.000,6.000,1.0,1,1.0
151,25,295.000,411.000,7.000,6.000,1.0,1,1.0
152,25,295.000,410.000,5.000,6.000,1.0,1,1.0
153,25,295.000,409.000,5.000,7.000,1.0,1,1.0
154,25,294.000,407.000,5.000,7.000,1.0,1,1.0
155,25,293.000,404.000,5.000,8.000,1.0,1,1.0
156,25,293.000,402.000,5.000,8.000,1.0,1,1.0
157,25,292.000,400.000,5.000,8.000,1.0,1,1.0
158,25,292.000,398.000,4.000,7.000,1.0,1,1.0
159,25,292.000,396.000,4.000,7.000,1.0,1,1.0
160,25,291.000,394.000,4.000,8.000,1.0,1,1.0
161,25,291.000,393.000,4.000,7.000,1.0,1,1.0
162,25,290.000,391.000,5.000,7.000,1.0,1,1.0
163,25,290.000,390.000,5.000,8.000,1.0,1,1.0
164,25,291.000,390.000,3.000,7.000,1.0,1,1.0
165,25,291.000,390.000,3.000,7.000,1.0,1,1.0
166,25,291.000,390.000,5.000,10.000,1.0,1,1.0
167,25,290.000,390.000,4.000,7.000,1.0,1,1.0
168,25,291.000,390.000,3.000,7.000,1.0,1,1.0
169,25,291.000,390.000,3.000,7.000,1.0,1,1.0
170,25,290.000,390.000,4.000,7.000,1.0,1,1.0
171,25,290.000,390.000,4.000,6.000,1.0,1,1.0
172,25,290.000,390.000,4.000,6.000,1.0,1,1.0
173,25,290.000,390.000,4.000,7.000,1.0,1,1.0
174,25,290.000,390.000,4.000,7.000,1.0,1,1.0
175,25,290.000,389.000,4.000,8.000,1.0,1,1.0
176,25,290.000,390.000,4.000,7.000,1.0,1,1.0
177,25,290.000,390.000,4.000,7.000,1.0,1,1.0
178,25,290.000,390.000,4.000,7.000,1.0,1,1.0
179,25,290.000,390.000,4.000,7.000,1.0,1,1.0
180,25,290.000,390.000,4.000,7.000,1.0,1,1.0
181,25,290.000,390.000,4.000,7.000,1.0,1,1.0
182,25,290.000,390.000,4.000,7.000,1.0,1,1.0
183,25,290.000,390.000,4.000,7.000,1.0,1,1.0
184,25,290.000,390.000,4.000,7.000,1.0,1,1.0
185,25,291.000,391.000,3.000,7.000,1.0,1,1.0
186,25,291.000,391.000,4.000,7.000,1.0,1,1.0
187,25,290.000,390.000,4.000,7.000,1.0,1,1.0
188,25,290.000,389.000,4.000,8.000,1.0,1,1.0
189,25,290.000,388.000,4.000,8.000,1.0,1,1.0
190,25,290.000,387.000,4.000,8.000,1.0,1,1.0
191,25,290.000,386.000,4.000,8.000,1.0,1,1.0
192,25,290.000,386.000,4.000,7.000,1.0,1,1.0
193,25,290.000,385.000,4.000,7.000,1.0,1,1.0
194,25,290.000,384.000,4.000,7.000,1.0,1,1.0
195,25,290.000,382.000,4.000,8.000,1.0,1,1.0
196,25,290.000,381.000,4.000,8.000,1.0,1,1.0
197,25,291.000,380.000,3.000,8.000,1.0,1,1.0
198,25,291.000,379.000,3.000,8.000,1.0,1,1.0
199,25,291.000,378.000,3.000,8.000,1.0,1,1.0
200,25,291.000,378.000,3.000,7.000,1.0,1,1.0
201,25,291.000,377.000,3.000,8.000,1.0,1,1.0
202,25,291.000,376.000,3.000,8.000,1.0,1,1.0
203,25,292.000,376.000,3.000,8.000,1.0,1,1.0
204,25,292.000,374.000,3.000,8.000,1.0,1,1.0
205,25,292.000,373.000,3.000,8.000,1.0,1,1.0
206,25,292.000,372.000,4.000,8.000,1.0,1,1.0
207,25,292.000,371.000,4.000,8.000,1.0,1,1.0
208,25,292.000,370.000,4.000,8.000,1.0,1,1.0
209,25,292.000,370.000,4.000,8.000,1.0,1,1.0
210,25,292.000,370.000,4.000,8.000,1.0,1,1.0
211,25,292.000,370.000,4.000,8.000,1.0,1,1.0
212,25,292.000,370.000,4.000,8.000,1.0,1,1.0
213,25,292.000,370.000,4.000,8.000,1.0,1,1.0
214,25,293.000,370.000,3.000,8.000,1.0,1,1.0
215,25,293.000,370.000,3.000,8.000,1.0,1,1.0
216,25,293.000,370.000,3.000,8.000,1.0,1,1.0
217,25,293.000,370.000,3.000,8.000,1.0,1,1.0
218,25,292.000,370.000,4.000,8.000,1.0,1,1.0
219,25,292.000,370.000,4.000,8.000,1.0,1,1.0
220,25,293.000,370.000,3.000,8.000,1.0,1,1.0
221,25,292.000,370.000,4.000,8.000,1.0,1,1.0
222,25,293.000,370.000,3.000,8.000,1.0,1,1.0
223,25,293.000,370.000,3.000,8.000,1.0,1,1.0
224,25,293.000,370.000,3.000,8.000,1.0,1,1.0
225,25,293.000,371.000,3.000,7.000,1.0,1,1.0
226,25,293.000,370.000,3.000,8.000,1.0,1,1.0
227,25,293.000,370.000,3.000,8.000,1.0,1,1.0
228,25,293.000,370.000,3.000,8.000,1.0,1,1.0
229,25,293.000,370.000,3.000,8.000,1.0,1,1.0
230,25,293.000,371.000,3.000,7.000,1.0,1,1.0
231,25,293.000,370.000,3.000,8.000,1.0,1,1.0
232,25,293.000,371.000,3.000,7.000,1.0,1,1.0
233,25,293.000,370.000,3.000,8.000,1.0,1,1.0
234,25,293.000,370.000,3.000,8.000,1.0,1,1.0
235,25,293.000,370.000,3.000,8.000,1.0,1,1.0
236,25,293.000,370.000,3.000,8.000,1.0,1,1.0
237,25,293.000,370.000,3.000,8.000,1.0,1,1.0
238,25,292.000,370.000,4.000,8.000,1.0,1,1.0
239,25,293.000,370.000,3.000,8.000,1.0,1,1.0
240,25,292.000,370.000,4.000,8.000,1.0,1,1.0
241,25,292.000,370.000,4.000,8.000,1.0,1,1.0
242,25,292.000,370.000,4.000,8.000,1.0,1,1.0
243,25,292.000,370.000,4.000,8.000,1.0,1,1.0
244,25,292.000,370.000,4.000,8.000,1.0,1,1.0
245,25,292.000,370.000,4.000,8.000,1.0,1,1.0
246,25,292.000,371.000,4.000,7.000,1.0,1,1.0
247,25,292.000,371.000,4.000,7.000,1.0,1,1.0
248,25,292.000,371.000,4.000,7.000,1.0,1,1.0
249,25,292.000,371.000,4.000,7.000,1.0,1,1.0
250,25,292.000,370.000,4.000,8.000,1.0,1,1.0
251,25,292.000,371.000,4.000,7.000,1.0,1,1.0
252,25,292.000,371.000,4.000,7.000,1.0,1,1.0
253,25,292.000,371.000,4.000,7.000,1.0,1,1.0
254,25,292.000,371.000,4.000,8.000,1.0,1,1.0
255,25,292.000,371.000,4.000,8.000,1.0,1,1.0
256,25,292.000,371.000,4.000,8.000,1.0,1,1.0
257,25,292.000,371.000,4.000,8.000,1.0,1,1.0
258,25,292.000,371.000,4.000,8.000,1.0,1,1.0
259,25,292.000,371.000,4.000,8.000,1.0,1,1.0
260,25,292.000,371.000,4.000,8.000,1.0,1,1.0
261,25,292.000,372.000,4.000,7.000,1.0,1,1.0
262,25,292.000,372.000,4.000,7.000,1.0,1,1.0
263,25,292.000,371.000,4.000,8.000,1.0,1,1.0
264,25,292.000,371.000,4.000,7.000,1.0,1,1.0
265,25,293.000,370.000,3.000,8.000,1.0,1,1.0
266,25,293.000,370.000,3.000,8.000,1.0,1,1.0
267,25,292.000,370.000,4.000,8.000,1.0,1,1.0
268,25,292.000,370.000,4.000,8.000,1.0,1,1.0
269,25,292.000,370.000,4.000,7.000,1.0,1,1.0
270,25,292.000,370.000,4.000,7.000,1.0,1,1.0
271,25,292.000,370.000,4.000,7.000,1.0,1,1.0
272,25,292.000,370.000,4.000,7.000,1.0,1,1.0
273,25,292.000,370.000,4.000,7.000,1.0,1,1.0
274,25,292.000,370.000,4.000,7.000,1.0,1,1.0
275,25,292.000,370.000,4.000,7.000,1.0,1,1.0
276,25,292.000,370.000,4.000,8.000,1.0,1,1.0
277,25,292.000,370.000,4.000,8.000,1.0,1,1.0
278,25,292.000,370.000,4.000,7.000,1.0,1,1.0
279,25,292.000,370.000,4.000,7.000,1.0,1,1.0
280,25,292.000,370.000,4.000,7.000,1.0,1,1.0
281,25,292.000,370.000,4.000,7.000,1.0,1,1.0
282,25,292.000,370.000,4.000,8.000,1.0,1,1.0
283,25,292.000,370.000,4.000,8.000,1.0,1,1.0
284,25,292.000,370.000,4.000,8.000,1.0,1,1.0
285,25,292.000,370.000,4.000,8.000,1.0,1,1.0
286,25,292.000,370.000,4.000,8.000,1.0,1,1.0
287,25,292.000,370.000,4.000,7.000,1.0,1,1.0
288,25,292.000,370.000,4.000,7.000,1.0,1,1.0
289,25,292.000,370.000,4.000,8.000,1.0,1,1.0
290,25,292.000,371.000,4.000,7.000,1.0,1,1.0
291,25,292.000,371.000,4.000,7.000,1.0,1,1.0
292,25,292.000,371.000,4.000,7.000,1.0,1,1.0
293,25,292.000,370.000,4.000,8.000,1.0,1,1.0
294,25,292.000,370.000,3.000,8.000,1.0,1,1.0
295,25,292.000,369.000,4.000,8.000,1.0,1,1.0
296,25,292.000,368.000,4.000,8.000,1.0,1,1.0
297,25,292.000,366.000,4.000,8.000,1.0,1,1.0
298,25,291.000,366.000,4.000,8.000,1.0,1,1.0
299,25,292.000,365.000,3.000,8.000,1.0,1,1.0
300,25,291.000,364.000,4.000,8.000,1.0,1,1.0
301,25,291.000,363.000,4.000,8.000,1.0,1,1.0
302,25,291.000,363.000,4.000,8.000,1.0,1,1.0
303,25,291.000,363.000,4.000,8.000,1.0,1,1.0
304,25,291.000,363.000,4.000,8.000,1.0,1,1.0
305,25,291.000,363.000,4.000,8.000,1.0,1,1.0
306,25,291.000,363.000,4.000,8.000,1.0,1,1.0
307,25,291.000,363.000,4.000,8.000,1.0,1,1.0
308,25,291.000,363.000,4.000,8.000,1.0,1,1.0
309,25,291.000,363.000,4.000,8.000,1.0,1,1.0
310,25,291.000,363.000,4.000,8.000,1.0,1,1.0
311,25,291.000,363.000,4.000,8.000,1.0,1,1.0
312,25,291.000,363.000,4.000,8.000,1.0,1,1.0
313,25,291.000,363.000,4.000,8.000,1.0,1,1.0
314,25,291.000,363.000,4.000,8.000,1.0,1,1.0
315,25,291.000,363.000,4.000,8.000,1.0,1,1.0
316,25,291.000,363.000,4.000,8.000,1.0,1,1.0
317,25,291.000,363.000,4.000,8.000,1.0,1,1.0
318,25,291.000,363.000,4.000,8.000,1.0,1,1.0
319,25,291.000,363.000,4.000,8.000,1.0,1,1.0
320,25,291.000,363.000,4.000,8.000,1.0,1,1.0
321,25,291.000,363.000,4.000,8.000,1.0,1,1.0
322,25,291.000,363.000,4.000,9.000,1.0,1,1.0
323,25,291.000,364.000,5.000,9.000,1.0,1,1.0
324,25,292.000,364.000,4.000,8.000,1.0,1,1.0
325,25,291.000,364.000,4.000,8.000,1.0,1,1.0
326,25,291.000,364.000,4.000,8.000,1.0,1,1.0
327,25,291.000,363.000,4.000,8.000,1.0,1,1.0
328,25,291.000,363.000,4.000,8.000,1.0,1,1.0
329,25,291.000,362.000,4.000,8.000,1.0,1,1.0
330,25,291.000,362.000,4.000,8.000,1.0,1,1.0
331,25,291.000,361.000,4.000,8.000,1.0,1,1.0
332,25,291.000,361.000,4.000,8.000,1.0,1,1.0
333,25,291.000,361.000,4.000,8.000,1.0,1,1.0
334,25,291.000,361.000,4.000,8.000,1.0,1,1.0
335,25,291.000,361.000,4.000,7.000,1.0,1,1.0
336,25,291.000,360.000,4.000,8.000,1.0,1,1.0
337,25,291.000,361.000,4.000,7.000,1.0,1,1.0
338,25,291.000,361.000,4.000,7.000,1.0,1,1.0
339,25,291.000,361.000,4.000,7.000,1.0,1,1.0
340,25,291.000,361.000,4.000,7.000,1.0,1,1.0
341,25,291.000,361.000,4.000,7.000,1.0,1,1.0
342,25,291.000,361.000,4.000,7.000,1.0,1,1.0
343,25,291.000,361.000,4.000,7.000,1.0,1,1.0
344,25,291.000,361.000,4.000,7.000,1.0,1,1.0
345,25,291.000,361.000,4.000,7.000,1.0,1,1.0
346,25,291.000,360.000,3.000,8.000,1.0,1,1.0
347,25,291.000,360.000,3.000,8.000,1.0,1,1.0
348,25,291.000,360.000,3.000,8.000,1.0,1,1.0
349,25,291.000,360.000,4.000,8.000,1.0,1,1.0
350,25,291.000,361.000,4.000,7.000,1.0,1,1.0
351,25,291.000,361.000,4.000,7.000,1.0,1,1.0
352,25,291.000,361.000,4.000,7.000,1.0,1,1.0
353,25,291.000,361.000,3.000,7.000,1.0,1,1.0
354,25,291.000,361.000,3.000,7.000,1.0,1,1.0
355,25,291.000,361.000,3.000,7.000,1.0,1,1.0
356,25,291.000,361.000,3.000,7.000,1.0,1,1.0
357,25,291.000,361.000,3.000,7.000,1.0,1,1.0
358,25,291.000,361.000,3.000,7.000,1.0,1,1.0
359,25,291.000,361.000,3.000,7.000,1.0,1,1.0
360,25,291.000,361.000,3.000,7.000,1.0,1,1.0
361,25,291.000,361.000,3.000,8.000,1.0,1,1.0
362,25,291.000,361.000,3.000,8.000,1.0,1,1.0
363,25,291.000,361.000,3.000,8.000,1.0,1,1.0
1,22,308.000,434.000,6.000,4.000,1.0,1,1.0
2,22,308.000,434.000,5.000,4.000,1.0,1,1.0
3,22,306.000,434.000,6.000,4.000,1.0,1,1.0
4,22,306.000,434.000,5.000,3.000,1.0,1,1.0
5,22,304.000,434.000,6.000,4.000,1.0,1,1.0
6,22,303.000,434.000,7.000,4.000,1.0,1,1.0
7,22,302.000,434.000,6.000,4.000,1.0,1,1.0
8,22,300.000,434.000,7.000,4.000,1.0,1,1.0
9,22,297.000,433.000,8.000,4.000,1.0,1,1.0
10,22,295.000,433.000,8.000,4.000,1.0,1,1.0
11,22,295.000,433.000,8.000,4.000,1.0,1,1.0
12,22,295.000,433.000,8.000,4.000,1.0,1,1.0
13,22,293.000,433.000,8.000,4.000,1.0,1,1.0
14,22,291.000,434.000,8.000,4.000,1.0,1,1.0
15,22,289.000,434.000,10.000,5.000,1.0,1,1.0
16,22,288.000,434.000,9.000,4.000,1.0,1,1.0
17,22,287.000,434.000,8.000,4.000,1.0,1,1.0
18,22,286.000,434.000,8.000,4.000,1.0,1,1.0
19,22,284.000,434.000,8.000,4.000,1.0,1,1.0
20,22,284.000,434.000,8.000,3.000,1.0,1,1.0
21,22,284.000,433.000,7.000,5.000,1.0,1,1.0
22,22,283.000,434.000,9.000,4.000,1.0,1,1.0
23,22,283.000,434.000,9.000,4.000,1.0,1,1.0
24,22,283.000,434.000,9.000,4.000,1.0,1,1.0
25,22,283.000,434.000,10.000,4.000,1.0,1,1.0
26,22,284.000,434.000,8.000,5.000,1.0,1,1.0
27,22,284.000,433.000,7.000,6.000,1.0,1,1.0
28,22,283.000,432.000,7.000,6.000,1.0,1,1.0
29,22,283.000,431.000,6.000,7.000,1.0,1,1.0
30,22,282.000,430.000,6.000,7.000,1.0,1,1.0
31,22,282.000,429.000,6.000,8.000,1.0,1,1.0
32,22,281.000,429.000,6.000,8.000,1.0,1,1.0
33,22,279.000,428.000,7.000,7.000,1.0,1,1.0
34,22,277.000,428.000,8.000,6.000,1.0,1,1.0
35,22,275.000,427.000,8.000,6.000,1.0,1,1.0
36,22,274.000,427.000,8.000,6.000,1.0,1,1.0
37,22,273.000,427.000,8.000,5.000,1.0,1,1.0
38,22,272.000,426.000,8.000,6.000,1.0,1,1.0
39,22,272.000,426.000,7.000,6.000,1.0,1,1.0
40,22,272.000,426.000,7.000,6.000,1.0,1,1.0
41,22,272.000,426.000,7.000,6.000,1.0,1,1.0
42,22,271.000,426.000,8.000,6.000,1.0,1,1.0
43,22,271.000,427.000,8.000,5.000,1.0,1,1.0
44,22,272.000,428.000,8.000,3.000,1.0,1,1.0
45,22,272.000,428.000,8.000,3.000,1.0,1,1.0
46,22,272.000,428.000,8.000,3.000,1.0,1,1.0
47,22,272.000,428.000,8.000,3.000,1.0,1,1.0
48,22,272.000,428.000,8.000,3.000,1.0,1,1.0
49,22,274.000,427.000,4.000,4.000,1.0,1,1.0
50,22,270.000,420.000,6.000,6.000,1.0,1,1.0
51,22,266.000,419.000,4.000,7.000,1.0,1,1.0
52,22,266.000,418.000,4.000,7.000,1.0,1,1.0
53,22,266.000,418.000,4.000,7.000,1.0,1,1.0
54,22,267.000,417.000,3.000,8.000,1.0,1,1.0
55,22,268.000,417.000,3.000,7.000,1.0,1,1.0
56,22,269.000,415.000,3.000,8.000,1.0,1,1.0
57,22,270.000,413.000,3.000,8.000,1.0,1,1.0
58,22,271.000,412.000,3.000,8.000,1.0,1,1.0
59,22,271.000,410.000,4.000,8.000,1.0,1,1.0
60,22,272.000,409.000,3.000,8.000,1.0,1,1.0
61,22,272.000,409.000,4.000,8.000,1.0,1,1.0
62,22,272.000,409.000,4.000,8.000,1.0,1,1.0
63,22,272.000,409.000,4.000,7.000,1.0,1,1.0
64,22,272.000,408.000,4.000,7.000,1.0,1,1.0
65,22,272.000,407.000,5.000,7.000,1.0,1,1.0
66,22,274.000,405.000,3.000,7.000,1.0,1,1.0
67,22,274.000,403.000,4.000,7.000,1.0,1,1.0
68,22,275.000,400.000,4.000,8.000,1.0,1,1.0
69,22,276.000,399.000,4.000,7.000,1.0,1,1.0
70,22,277.000,398.000,4.000,7.000,1.0,1,1.0
71,22,276.000,398.000,6.000,6.000,1.0,1,1.0
72,22,278.000,398.000,6.000,5.000,1.0,1,1.0
73,22,280.000,398.000,6.000,5.000,1.0,1,1.0
74,22,280.000,398.000,8.000,5.000,1.0,1,1.0
75,22,282.000,398.000,7.000,5.000,1.0,1,1.0
76,22,283.000,400.000,7.000,3.000,1.0,1,1.0
77,22,284.000,400.000,7.000,3.000,1.0,1,1.0
78,22,285.000,400.000,7.000,4.000,1.0,1,1.0
79,22,286.000,401.000,7.000,4.000,1.0,1,1.0
80,22,287.000,401.000,6.000,4.000,1.0,1,1.0
81,22,287.000,401.000,6.000,5.000,1.0,1,1.0
82,22,287.000,402.000,6.000,5.000,1.0,1,1.0
83,22,287.000,402.000,6.000,5.000,1.0,1,1.0
84,22,287.000,401.000,5.000,7.000,1.0,1,1.0
85,22,287.000,402.000,5.000,7.000,1.0,1,1.0
86,22,287.000,403.000,5.000,7.000,1.0,1,1.0
87,22,287.000,403.000,5.000,7.000,1.0,1,1.0
88,22,287.000,403.000,5.000,7.000,1.0,1,1.0
89,22,287.000,403.000,5.000,7.000,1.0,1,1.0
90,22,287.000,403.000,5.000,7.000,1.0,1,1.0
91,22,287.000,403.000,5.000,7.000,1.0,1,1.0
92,22,286.000,402.000,6.000,7.000,1.0,1,1.0
93,22,286.000,402.000,6.000,7.000,1.0,1,1.0
94,22,286.000,402.000,6.000,7.000,1.0,1,1.0
95,22,286.000,402.000,6.000,7.000,1.0,1,1.0
96,22,286.000,402.000,6.000,7.000,1.0,1,1.0
97,22,287.000,403.000,6.000,7.000,1.0,1,1.0
98,22,288.000,404.000,5.000,6.000,1.0,1,1.0
99,22,287.000,404.000,6.000,7.000,1.0,1,1.0
100,22,288.000,404.000,5.000,7.000,1.0,1,1.0
101,22,288.000,405.000,6.000,6.000,1.0,1,1.0
102,22,288.000,405.000,5.000,7.000,1.0,1,1.0
103,22,288.000,405.000,4.000,7.000,1.0,1,1.0
104,22,288.000,405.000,4.000,7.000,1.0,1,1.0
105,22,288.000,404.000,4.000,8.000,1.0,1,1.0
106,22,288.000,404.000,4.000,8.000,1.0,1,1.0
107,22,288.000,405.000,4.000,7.000,1.0,1,1.0
108,22,288.000,404.000,4.000,8.000,1.0,1,1.0
109,22,288.000,405.000,4.000,7.000,1.0,1,1.0
110,22,288.000,404.000,3.000,8.000,1.0,1,1.0
111,22,287.000,405.000,4.000,7.000,1.0,1,1.0
112,22,288.000,405.000,3.000,8.000,1.0,1,1.0
113,22,288.000,404.000,3.000,8.000,1.0,1,1.0
114,22,287.000,404.000,3.000,8.000,1.0,1,1.0
115,22,286.000,405.000,4.000,7.000,1.0,1,1.0
116,22,286.000,405.000,4.000,8.000,1.0,1,1.0
117,22,286.000,405.000,4.000,8.000,1.0,1,1.0
118,22,286.000,405.000,4.000,8.000,1.0,1,1.0
119,22,286.000,405.000,4.000,8.000,1.0,1,1.0
120,22,286.000,405.000,4.000,8.000,1.0,1,1.0
121,22,287.000,406.000,3.000,7.000,1.0,1,1.0
122,22,287.000,406.000,3.000,7.000,1.0,1,1.0
123,22,287.000,406.000,3.000,7.000,1.0,1,1.0
124,22,287.000,406.000,3.000,7.000,1.0,1,1.0
125,22,287.000,405.000,3.000,8.000,1.0,1,1.0
126,22,286.000,406.000,4.000,7.000,1.0,1,1.0
127,22,275.000,395.000,4.000,6.000,1.0,1,1.0
128,22,287.000,385.000,7.000,6.000,1.0,1,1.0
129,22,284.000,396.000,6.000,5.000,1.0,1,1.0
130,22,300.000,404.000,4.000,7.000,1.0,1,1.0
131,22,300.000,404.000,4.000,8.000,1.0,1,1.0
132,22,300.000,404.000,4.000,8.000,1.0,1,1.0
133,22,300.000,403.000,4.000,9.000,1.0,1,1.0
134,22,300.000,403.000,4.000,8.000,1.0,1,1.0
135,22,300.000,402.000,4.000,8.000,1.0,1,1.0
136,22,300.000,401.000,4.000,8.000,1.0,1,1.0
137,22,298.000,401.000,6.000,6.000,1.0,1,1.0
138,22,295.000,400.000,8.000,6.000,1.0,1,1.0
139,22,293.000,400.000,7.000,5.000,1.0,1,1.0
140,22,291.000,400.000,7.000,5.000,1.0,1,1.0
141,22,289.000,400.000,7.000,4.000,1.0,1,1.0
142,22,287.000,401.000,8.000,3.000,1.0,1,1.0
143,22,286.000,402.000,7.000,4.000,1.0,1,1.0
144,22,285.000,402.000,7.000,4.000,1.0,1,1.0
145,22,285.000,403.000,7.000,4.000,1.0,1,1.0
146,22,284.000,403.000,7.000,5.000,1.0,1,1.0
147,22,283.000,404.000,8.000,5.000,1.0,1,1.0
148,22,283.000,404.000,7.000,6.000,1.0,1,1.0
149,22,282.000,405.000,7.000,5.000,1.0,1,1.0
150,22,281.000,406.000,7.000,5.000,1.0,1,1.0
151,22,280.000,406.000,7.000,5.000,1.0,1,1.0
152,22,280.000,407.000,7.000,5.000,1.0,1,1.0
153,22,280.000,407.000,7.000,5.000,1.0,1,1.0
154,22,281.000,406.000,6.000,6.000,1.0,1,1.0
155,22,282.000,406.000,4.000,7.000,1.0,1,1.0
156,22,282.000,405.000,4.000,7.000,1.0,1,1.0
157,22,282.000,405.000,4.000,8.000,1.0,1,1.0
158,22,282.000,405.000,5.000,8.000,1.0,1,1.0
159,22,283.000,405.000,4.000,8.000,1.0,1,1.0
160,22,283.000,405.000,4.000,8.000,1.0,1,1.0
161,22,283.000,406.000,4.000,7.000,1.0,1,1.0
162,22,283.000,406.000,4.000,7.000,1.0,1,1.0
163,22,283.000,406.000,4.000,7.000,1.0,1,1.0
164,22,283.000,406.000,4.000,7.000,1.0,1,1.0
165,22,283.000,405.000,4.000,8.000,1.0,1,1.0
167,22,295.000,371.000,3.000,7.000,1.0,1,1.0
168,22,293.000,369.000,3.000,8.000,1.0,1,1.0
169,22,293.000,370.000,3.000,7.000,1.0,1,1.0
170,22,293.000,369.000,3.000,8.000,1.0,1,1.0
171,22,293.000,369.000,3.000,8.000,1.0,1,1.0
172,22,293.000,370.000,3.000,7.000,1.0,1,1.0
173,22,293.000,370.000,4.000,6.000,1.0,1,1.0
174,22,294.000,369.000,5.000,6.000,1.0,1,1.0
175,22,295.000,369.000,6.000,6.000,1.0,1,1.0
176,22,296.000,369.000,6.000,5.000,1.0,1,1.0
177,22,297.000,370.000,7.000,4.000,1.0,1,1.0
178,22,298.000,371.000,7.000,4.000,1.0,1,1.0
179,22,300.000,372.000,6.000,4.000,1.0,1,1.0
180,22,301.000,372.000,7.000,4.000,1.0,1,1.0
181,22,303.000,373.000,6.000,5.000,1.0,1,1.0
182,22,304.000,373.000,6.000,5.000,1.0,1,1.0
183,22,305.000,374.000,6.000,5.000,1.0,1,1.0
184,22,307.000,375.000,4.000,6.000,1.0,1,1.0
185,22,307.000,375.000,5.000,8.000,1.0,1,1.0
186,22,308.000,378.000,3.000,8.000,1.0,1,1.0
187,22,308.000,380.000,3.000,8.000,1.0,1,1.0
188,22,308.000,381.000,3.000,9.000,1.0,1,1.0
189,22,308.000,383.000,3.000,8.000,1.0,1,1.0
190,22,308.000,385.000,4.000,8.000,1.0,1,1.0
191,22,308.000,388.000,4.000,7.000,1.0,1,1.0
192,22,309.000,390.000,3.000,7.000,1.0,1,1.0
193,22,310.000,391.000,3.000,8.000,1.0,1,1.0
194,22,310.000,393.000,4.000,7.000,1.0,1,1.0
195,22,311.000,394.000,4.000,7.000,1.0,1,1.0
196,22,312.000,396.000,3.000,6.000,1.0,1,1.0
197,22,312.000,398.000,4.000,5.000,1.0,1,1.0
198,22,313.000,399.000,3.000,4.000,1.0,1,1.0
199,22,313.000,399.000,3.000,5.000,1.0,1,1.0
200,22,313.000,399.000,4.000,5.000,1.0,1,1.0
201,22,313.000,399.000,4.000,5.000,1.0,1,1.0
202,22,313.000,399.000,4.000,5.000,1.0,1,1.0
203,22,313.000,400.000,3.000,5.000,1.0,1,1.0
204,22,312.000,401.000,4.000,5.000,1.0,1,1.0
205,22,311.000,402.000,4.000,6.000,1.0,1,1.0
206,22,310.000,404.000,4.000,6.000,1.0,1,1.0
207,22,309.000,406.000,4.000,6.000,1.0,1,1.0
208,22,308.000,408.000,4.000,7.000,1.0,1,1.0
209,22,307.000,410.000,4.000,7.000,1.0,1,1.0
210,22,305.000,412.000,5.000,7.000,1.0,1,1.0
211,22,305.000,415.000,4.000,8.000,1.0,1,1.0
212,22,305.000,417.000,4.000,8.000,1.0,1,1.0
213,22,305.000,420.000,3.000,8.000,1.0,1,1.0
214,22,305.000,422.000,3.000,7.000,1.0,1,1.0
215,22,304.000,423.000,4.000,8.000,1.0,1,1.0
216,22,304.000,426.000,4.000,8.000,1.0,1,1.0
217,22,304.000,427.000,3.000,8.000,1.0,1,1.0
218,22,303.000,430.000,4.000,8.000,1.0,1,1.0
219,22,303.000,431.000,4.000,8.000,1.0,1,1.0
220,22,303.000,433.000,4.000,8.000,1.0,1,1.0
221,22,303.000,434.000,4.000,9.000,1.0,1,1.0
222,22,304.000,435.000,3.000,9.000,1.0,1,1.0
223,22,304.000,437.000,4.000,7.000,1.0,1,1.0
224,22,305.000,438.000,5.000,7.000,1.0,1,1.0
225,22,306.000,439.000,5.000,6.000,1.0,1,1.0
226,22,306.000,439.000,5.000,6.000,1.0,1,1.0
227,22,307.000,438.000,4.000,7.000,1.0,1,1.0
228,22,307.000,437.000,4.000,8.000,1.0,1,1.0
229,22,307.000,437.000,3.000,8.000,1.0,1,1.0
230,22,307.000,437.000,3.000,8.000,1.0,1,1.0
231,22,306.000,437.000,4.000,8.000,1.0,1,1.0
232,22,305.000,438.000,4.000,7.000,1.0,1,1.0
233,22,304.000,439.000,4.000,6.000,1.0,1,1.0
234,22,303.000,439.000,5.000,7.000,1.0,1,1.0
235,22,301.000,439.000,6.000,6.000,1.0,1,1.0
236,22,299.000,440.000,6.000,5.000,1.0,1,1.0
237,22,297.000,440.000,7.000,5.000,1.0,1,1.0
238,22,295.000,441.000,8.000,5.000,1.0,1,1.0
239,22,294.000,441.000,7.000,5.000,1.0,1,1.0
240,22,292.000,441.000,7.000,5.000,1.0,1,1.0
241,22,291.000,442.000,7.000,4.000,1.0,1,1.0
242,22,289.000,442.000,7.000,4.000,1.0,1,1.0
243,22,288.000,442.000,8.000,4.000,1.0,1,1.0
244,22,286.000,442.000,8.000,4.000,1.0,1,1.0
245,22,284.000,442.000,8.000,4.000,1.0,1,1.0
246,22,282.000,441.000,8.000,5.000,1.0,1,1.0
247,22,280.000,441.000,8.000,4.000,1.0,1,1.0
248,22,278.000,441.000,7.000,4.000,1.0,1,1.0
249,22,276.000,441.000,7.000,4.000,1.0,1,1.0
250,22,273.000,441.000,8.000,4.000,1.0,1,1.0
251,22,271.000,441.000,7.000,5.000,1.0,1,1.0
252,22,269.000,441.000,7.000,5.000,1.0,1,1.0
253,22,267.000,442.000,8.000,4.000,1.0,1,1.0
254,22,266.000,442.000,8.000,4.000,1.0,1,1.0
255,22,265.000,441.000,7.000,4.000,1.0,1,1.0
256,22,263.000,440.000,8.000,4.000,1.0,1,1.0
257,22,263.000,439.000,8.000,4.000,1.0,1,1.0
258,22,262.000,439.000,6.000,4.000,1.0,1,1.0
259,22,260.000,439.000,8.000,3.000,1.0,1,1.0
260,22,260.000,438.000,6.000,3.000,1.0,1,1.0
261,22,258.000,437.000,6.000,4.000,1.0,1,1.0
262,22,257.000,436.000,6.000,4.000,1.0,1,1.0
263,22,256.000,436.000,6.000,3.000,1.0,1,1.0
264,22,254.000,435.000,7.000,4.000,1.0,1,1.0
265,22,252.000,434.000,7.000,4.000,1.0,1,1.0
266,22,252.000,433.000,6.000,4.000,1.0,1,1.0
267,22,250.000,432.000,7.000,4.000,1.0,1,1.0
268,22,250.000,432.000,5.000,4.000,1.0,1,1.0
269,22,249.000,432.000,5.000,3.000,1.0,1,1.0
270,22,248.000,431.000,5.000,4.000,1.0,1,1.0
271,22,248.000,430.000,5.000,4.000,1.0,1,1.0
272,22,248.000,429.000,4.000,4.000,1.0,1,1.0
273,22,247.000,427.000,4.000,6.000,1.0,1,1.0
274,22,247.000,426.000,4.000,6.000,1.0,1,1.0
275,22,247.000,425.000,4.000,6.000,1.0,1,1.0
276,22,247.000,424.000,4.000,5.000,1.0,1,1.0
277,22,247.000,422.000,3.000,6.000,1.0,1,1.0
278,22,247.000,422.000,4.000,5.000,1.0,1,1.0
279,22,247.000,421.000,4.000,6.000,1.0,1,1.0
280,22,248.000,422.000,3.000,4.000,1.0,1,1.0
281,22,248.000,422.000,3.000,4.000,1.0,1,1.0
282,22,248.000,422.000,4.000,4.000,1.0,1,1.0
283,22,249.000,422.000,3.000,4.000,1.0,1,1.0
284,22,249.000,421.000,4.000,5.000,1.0,1,1.0
285,22,249.000,421.000,4.000,5.000,1.0,1,1.0
286,22,249.000,421.000,5.000,4.000,1.0,1,1.0
287,22,251.000,420.000,4.000,4.000,1.0,1,1.0
288,22,251.000,420.000,5.000,4.000,1.0,1,1.0
289,22,252.000,421.000,5.000,4.000,1.0,1,1.0
290,22,253.000,421.000,5.000,4.000,1.0,1,1.0
291,22,254.000,422.000,5.000,4.000,1.0,1,1.0
292,22,254.000,422.000,6.000,5.000,1.0,1,1.0
293,22,256.000,423.000,5.000,4.000,1.0,1,1.0
294,22,257.000,423.000,5.000,4.000,1.0,1,1.0
295,22,258.000,424.000,6.000,4.000,1.0,1,1.0
296,22,260.000,424.000,6.000,5.000,1.0,1,1.0
297,22,262.000,425.000,6.000,5.000,1.0,1,1.0
298,22,262.000,425.000,6.000,5.000,1.0,1,1.0
299,22,263.000,426.000,6.000,5.000,1.0,1,1.0
300,22,263.000,427.000,6.000,6.000,1.0,1,1.0
301,22,264.000,428.000,5.000,7.000,1.0,1,1.0
302,22,264.000,429.000,5.000,7.000,1.0,1,1.0
303,22,265.000,429.000,5.000,8.000,1.0,1,1.0
304,22,266.000,432.000,5.000,7.000,1.0,1,1.0
305,22,267.000,433.000,5.000,7.000,1.0,1,1.0
306,22,267.000,434.000,5.000,7.000,1.0,1,1.0
307,22,268.000,435.000,5.000,7.000,1.0,1,1.0
308,22,269.000,436.000,5.000,7.000,1.0,1,1.0
309,22,269.000,436.000,6.000,6.000,1.0,1,1.0
310,22,270.000,436.000,6.000,6.000,1.0,1,1.0
311,22,271.000,436.000,7.000,4.000,1.0,1,1.0
312,22,272.000,436.000,7.000,4.000,1.0,1,1.0
313,22,274.000,436.000,7.000,5.000,1.0,1,1.0
314,22,275.000,437.000,7.000,5.000,1.0,1,1.0
315,22,277.000,438.000,7.000,4.000,1.0,1,1.0
316,22,278.000,437.000,7.000,5.000,1.0,1,1.0
317,22,279.000,437.000,7.000,5.000,1.0,1,1.0
318,22,279.000,437.000,7.000,5.000,1.0,1,1.0
319,22,280.000,436.000,7.000,6.000,1.0,1,1.0
320,22,280.000,435.000,7.000,6.000,1.0,1,1.0
321,22,280.000,435.000,7.000,4.000,1.0,1,1.0
322,22,280.000,435.000,8.000,4.000,1.0,1,1.0
323,22,281.000,434.000,7.000,5.000,1.0,1,1.0
324,22,282.000,433.000,7.000,5.000,1.0,1,1.0
325,22,282.000,433.000,7.000,4.000,1.0,1,1.0
326,22,282.000,432.000,7.000,4.000,1.0,1,1.0
327,22,283.000,432.000,7.000,4.000,1.0,1,1.0
328,22,284.000,431.000,7.000,4.000,1.0,1,1.0
329,22,286.000,430.000,7.000,3.000,1.0,1,1.0
330,22,287.000,429.000,7.000,3.000,1.0,1,1.0
331,22,288.000,427.000,7.000,4.000,1.0,1,1.0
332,22,289.000,426.000,7.000,4.000,1.0,1,1.0
333,22,291.000,426.000,7.000,3.000,1.0,1,1.0
334,22,292.000,424.000,7.000,4.000,1.0,1,1.0
335,22,293.000,424.000,7.000,3.000,1.0,1,1.0
336,22,294.000,423.000,6.000,4.000,1.0,1,1.0
337,22,293.000,423.000,7.000,4.000,1.0,1,1.0
338,22,293.000,423.000,7.000,4.000,1.0,1,1.0
339,22,293.000,423.000,7.000,4.000,1.0,1,1.0
340,22,295.000,424.000,6.000,3.000,1.0,1,1.0
341,22,296.000,424.000,7.000,3.000,1.0,1,1.0
342,22,297.000,424.000,6.000,3.000,1.0,1,1.0
343,22,297.000,423.000,6.000,5.000,1.0,1,1.0
344,22,298.000,424.000,6.000,6.000,1.0,1,1.0
345,22,298.000,425.000,6.000,6.000,1.0,1,1.0
346,22,300.000,426.000,5.000,7.000,1.0,1,1.0
347,22,301.000,427.000,5.000,7.000,1.0,1,1.0
348,22,301.000,428.000,5.000,7.000,1.0,1,1.0
349,22,302.000,429.000,5.000,7.000,1.0,1,1.0
350,22,303.000,430.000,5.000,7.000,1.0,1,1.0
351,22,304.000,432.000,4.000,7.000,1.0,1,1.0
352,22,304.000,433.000,4.000,7.000,1.0,1,1.0
353,22,305.000,434.000,4.000,8.000,1.0,1,1.0
354,22,305.000,435.000,4.000,8.000,1.0,1,1.0
355,22,306.000,436.000,4.000,8.000,1.0,1,1.0
356,22,306.000,436.000,5.000,8.000,1.0,1,1.0
357,22,307.000,436.000,4.000,7.000,1.0,1,1.0
358,22,307.000,436.000,4.000,6.000,1.0,1,1.0
359,22,307.000,436.000,5.000,5.000,1.0,1,1.0
360,22,308.000,437.000,4.000,4.000,1.0,1,1.0
361,22,308.000,437.000,5.000,4.000,1.0,1,1.0
362,22,309.000,437.000,4.000,3.000,1.0,1,1.0
363,22,310.000,436.000,4.000,4.000,1.0,1,1.0
