frame,x1,y1,x2,y2,conf
0,501.8799743652344,347.3488464355469,508.8148498535156,352.5619812011719,0.800275981426239
0,513.1614379882812,336.0708923339844,518.0608520507812,345.188232421875,0.7966802716255188
0,616.0408325195312,339.87591552734375,621.4456787109375,347.2699890136719,0.7921420931816101
0,539.554931640625,273.1658630371094,545.6226806640625,278.7584228515625,0.7874987721443176
0,61.33551025390625,312.4863586425781,67.73556518554688,318.01507568359375,0.7872284650802612
0,150.9824676513672,299.7434387207031,155.2446746826172,308.38885498046875,0.7868519425392151
0,520.0117797851562,313.2193603515625,524.51904296875,321.2894592285156,0.7854880094528198
0,536.3831176757812,349.60467529296875,543.6598510742188,353.8572082519531,0.7845630645751953
0,185.02169799804688,258.43011474609375,189.2247772216797,266.81103515625,0.7772072553634644
0,419.11614990234375,251.66366577148438,424.9747009277344,256.9884033203125,0.7736440896987915
0,66.1900405883789,257.66387939453125,71.02476501464844,264.9303894042969,0.772436797618866
0,146.403564453125,332.923828125,151.33642578125,339.9168701171875,0.7708169221878052
0,305.2451171875,272.28656005859375,310.67498779296875,278.8009948730469,0.7656195163726807
0,648.5299072265625,346.931884765625,654.367919921875,351.9596252441406,0.7626687288284302
0,552.8628540039062,281.02764892578125,556.764404296875,288.68927001953125,0.7599790692329407
0,53.81206130981445,346.70733642578125,61.05038833618164,350.68377685546875,0.7554293870925903
0,289.2282409667969,278.0550231933594,296.6657409667969,281.8327331542969,0.7520237565040588
0,268.6744079589844,330.6800231933594,273.28472900390625,338.36077880859375,0.7486871480941772
0,169.9220733642578,345.88104248046875,174.1191864013672,351.7003173828125,0.7469062209129333
0,40.9029541015625,222.60540771484375,45.091529846191406,231.55361938476562,0.7455301284790039
0,294.1889343261719,345.40203857421875,301.7315673828125,350.30474853515625,0.7398713231086731
0,257.0830993652344,345.6378173828125,262.7071228027344,349.7012634277344,0.7358056306838989
0,61.30537033081055,344.55377197265625,66.33229064941406,349.43218994140625,0.7117589712142944
0,305.67999267578125,345.4433288574219,314.6734619140625,350.1115417480469,0.7069591879844666
0,23.96855926513672,344.8447265625,29.564716339111328,349.1652526855469,0.6942721009254456
0,412.44769287109375,350.0076599121094,417.5304870605469,353.7238464355469,0.6782556772232056
0,388.37359619140625,347.57965087890625,394.6852722167969,354.4062805175781,0.6717117428779602
0,386.5146179199219,343.6778869628906,391.7041320800781,349.50006103515625,0.664716899394989
0,378.49481201171875,347.6365966796875,382.1402282714844,351.57415771484375,0.6620655655860901
0,128.86961364746094,346.80108642578125,132.94696044921875,350.7275085449219,0.6616185903549194
0,7.099233627319336,344.8102111816406,12.307394027709961,349.2833251953125,0.6246814131736755
0,404.4106140136719,349.8108215332031,410.5334777832031,353.60009765625,0.6149311661720276
0,627.6919555664062,345.8187561035156,633.601318359375,350.8930969238281,0.6120379567146301
0,624.2486572265625,348.54229736328125,630.0260009765625,353.2174987792969,0.434049516916275
0,623.6553344726562,348.6844787597656,629.0309448242188,353.6672668457031,0.41876479983329773
1,61.98725509643555,311.8266906738281,68.63778686523438,317.595703125,0.7980378270149231
1,513.5608520507812,335.48150634765625,518.23291015625,344.33087158203125,0.7958189845085144
1,151.1177978515625,298.6165466308594,155.56048583984375,307.3022155761719,0.7823613286018372
1,540.5704956054688,272.2235107421875,546.703125,277.9545593261719,0.7795075178146362
1,146.4222869873047,331.7155456542969,151.5529022216797,338.8468322753906,0.7745569944381714
1,184.9649658203125,255.1245880126953,189.37591552734375,263.4198303222656,0.7744410634040833
1,59.45299530029297,276.76776123046875,64.2386474609375,282.8547058105469,0.7718614339828491
1,536.3153686523438,349.5630187988281,543.6122436523438,353.71441650390625,0.7712822556495667
1,281.5470275878906,318.6873779296875,287.2899169921875,325.2021179199219,0.7699465155601501
1,519.864013671875,312.48773193359375,524.0,320.56439208984375,0.7670568823814392
1,305.15460205078125,271.730224609375,310.30303955078125,278.322021484375,0.7625159621238708
1,423.0123596191406,249.85739135742188,427.5964050292969,257.4814453125,0.7611709237098694
1,169.7044219970703,345.7868347167969,174.1328125,351.5000305175781,0.757292628288269
1,553.474853515625,303.94500732421875,558.6047973632812,308.8126220703125,0.75565505027771
1,502.24688720703125,347.3565979003906,508.91168212890625,352.5018615722656,0.753442645072937
1,620.3619384765625,346.5778503417969,625.2264404296875,352.9459533691406,0.7532438039779663
1,644.29345703125,339.0438537597656,648.7293090820312,344.8847961425781,0.7420535087585449
1,289.28778076171875,277.8699951171875,296.9513854980469,281.5536804199219,0.7402761578559875
1,307.1331481933594,345.7784729003906,314.1990966796875,350.017822265625,0.7347720265388489
1,40.886173248291016,220.3590087890625,44.71815490722656,229.20114135742188,0.7308734059333801
1,58.82423782348633,344.78173828125,63.7040901184082,349.3246154785156,0.7291905879974365
1,257.0892333984375,345.3021240234375,262.80755615234375,349.6781921386719,0.7173993587493896
1,53.5047721862793,347.02288818359375,58.012229919433594,351.16009521484375,0.713291585445404
1,294.70855712890625,345.3759765625,301.8942565917969,350.1769714355469,0.7130618095397949
1,626.93798828125,346.2492370605469,632.2042846679688,351.3476257324219,0.7125295996665955
1,23.833600997924805,344.8050231933594,29.386768341064453,349.1882629394531,0.7028356790542603
1,388.764404296875,346.9901123046875,395.0188293457031,354.0707092285156,0.697310209274292
1,392.5296936035156,340.48046875,397.5606384277344,345.37860107421875,0.693666398525238
1,412.3000793457031,349.9866027832031,417.2982482910156,353.5965270996094,0.6873288154602051
1,378.7471923828125,347.4075622558594,382.323974609375,351.47991943359375,0.6747742891311646
1,128.94606018066406,346.8536376953125,132.796142578125,350.6976013183594,0.6730764508247375
1,6.887064456939697,344.9288024902344,12.048409461975098,349.2967529296875,0.6390774250030518
1,404.57073974609375,349.9176330566406,410.3765563964844,353.54437255859375,0.6172779202461243
2,513.456298828125,335.3860168457031,518.2251586914062,344.4204406738281,0.7926012873649597
2,541.6924438476562,271.0794677734375,547.6632690429688,276.93359375,0.7871890068054199
2,151.40264892578125,298.09686279296875,155.7777099609375,306.7366638183594,0.7851821184158325
2,62.72316360473633,311.80657958984375,69.1181411743164,317.5371398925781,0.7851355671882629
2,146.66632080078125,330.2295837402344,151.79588317871094,337.2623291015625,0.7789838910102844
2,21.061643600463867,330.1612243652344,25.640657424926758,339.1826477050781,0.7774109840393066
2,305.1631774902344,271.56561279296875,310.44384765625,278.07598876953125,0.7758508324623108
2,536.8023681640625,349.685302734375,543.8775024414062,353.83087158203125,0.7717369794845581
2,502.2261962890625,347.3752136230469,508.8236083984375,352.5041809082031,0.7707860469818115
2,520.4194946289062,310.67510986328125,524.7009887695312,318.44873046875,0.7686841487884521
2,423.1424255371094,249.40757751464844,427.69171142578125,257.4228210449219,0.7645251154899597
2,185.32994079589844,252.1277313232422,189.59217834472656,260.7132263183594,0.7605902552604675
2,57.056880950927734,344.6944274902344,62.242000579833984,349.2020568847656,0.7596846222877502
2,41.43827438354492,218.44973754882812,45.42695617675781,227.42140197753906,0.7562050223350525
2,168.76382446289062,345.8363952636719,174.13011169433594,351.4174499511719,0.7552512884140015
2,55.45942306518555,287.38226318359375,60.79741287231445,292.0799865722656,0.7500298619270325
2,289.5018615722656,277.95916748046875,297.10784912109375,281.6554260253906,0.7350630164146423
2,307.6024475097656,345.31640625,314.3279724121094,349.7496032714844,0.7344748377799988
2,556.81640625,309.0116271972656,560.4267578125,315.6340026855469,0.7332867383956909
2,400.9302062988281,340.67724609375,404.8702392578125,348.38055419921875,0.7289428114891052
2,641.6448364257812,338.3646545410156,645.8592529296875,343.7680358886719,0.7278639078140259
2,257.1072082519531,344.9480285644531,262.9403991699219,349.294677734375,0.7267340421676636
2,617.5570678710938,348.4498291015625,622.863525390625,352.3195495605469,0.7260827422142029
2,281.9236145019531,342.0862731933594,288.1365661621094,350.510498046875,0.7194713950157166
2,53.0265007019043,347.09423828125,57.74982833862305,351.56219482421875,0.7134539484977722
2,128.43325805664062,346.9918518066406,132.65591430664062,351.09710693359375,0.7129815220832825
2,411.8209533691406,350.0103454589844,417.4267883300781,353.79388427734375,0.7087200880050659
2,388.5819091796875,347.371826171875,394.6635437011719,354.3210754394531,0.694403350353241
2,378.5694274902344,347.3155822753906,382.39508056640625,351.6272888183594,0.684901773929596
2,628.1416625976562,345.8766174316406,633.5966186523438,350.6076965332031,0.6752250790596008
2,6.966190814971924,345.2070617675781,11.6367769241333,349.62469482421875,0.6668104529380798
2,295.1724548339844,347.74945068359375,302.20306396484375,353.1727600097656,0.640998125076294
2,623.9715576171875,348.60345458984375,628.9401245117188,353.1971130371094,0.6262571215629578
2,404.8534851074219,350.2547912597656,410.63958740234375,354.07794189453125,0.6040560007095337
3,502.7508544921875,347.0601501464844,510.7840270996094,352.4737243652344,0.8008526563644409
3,23.35926055908203,297.04412841796875,31.64325714111328,301.89007568359375,0.7955493330955505
3,513.435302734375,335.20916748046875,518.37548828125,343.8791198730469,0.7942923307418823
3,63.57984924316406,311.2292785644531,69.7896499633789,316.99102783203125,0.7912577986717224
3,542.9923095703125,269.98712158203125,548.902587890625,275.7880859375,0.7899382710456848
3,151.42347717285156,297.1630859375,155.9007110595703,305.8330078125,0.7828683257102966
3,147.1845703125,329.7754821777344,152.0734100341797,336.51708984375,0.7791296243667603
3,521.342529296875,308.2188415527344,525.8193359375,316.7470703125,0.7754679918289185
3,304.9996643066406,271.38983154296875,310.3072509765625,277.81695556640625,0.7731351256370544
3,17.09035873413086,283.9361267089844,21.489845275878906,293.4274597167969,0.7718487977981567
3,185.35214233398438,248.86717224121094,189.6392059326172,257.3582458496094,0.7685796022415161
3,422.9791564941406,249.19992065429688,427.5990905761719,257.7772216796875,0.7643803358078003
3,56.785133361816406,344.59161376953125,61.8953857421875,349.0367431640625,0.7574253082275391
3,41.12026596069336,215.3066864013672,45.088623046875,224.14361572265625,0.7551950216293335
3,537.097900390625,349.7049255371094,543.9441528320312,353.72064208984375,0.7545437216758728
3,289.41107177734375,277.8889465332031,297.07318115234375,281.6400451660156,0.7501164078712463
3,629.4819946289062,345.4851379394531,636.1519775390625,350.704833984375,0.7461097240447998
3,411.33203125,345.4078063964844,417.796630859375,352.8252258300781,0.7392771244049072
3,168.82725524902344,345.1102600097656,174.15382385253906,351.197265625,0.7314040064811707
3,618.5158081054688,348.0577087402344,623.988037109375,351.9861145019531,0.7289320826530457
3,53.03045654296875,346.88519287109375,57.556270599365234,351.4056701660156,0.724504828453064
3,308.00115966796875,345.2453308105469,313.6911315917969,350.54669189453125,0.7149261832237244
3,128.27899169921875,346.93243408203125,132.61593627929688,351.2442932128906,0.7127181887626648
3,557.2003784179688,308.3895568847656,560.656005859375,315.3291931152344,0.7090337872505188
3,257.40020751953125,345.2521667480469,262.5596008300781,349.1470947265625,0.7040850520133972
3,389.00634765625,347.2010498046875,394.6847229003906,354.03643798828125,0.6988430619239807
3,295.88433837890625,345.2792663574219,301.7325134277344,350.7877502441406,0.679323136806488
3,378.82281494140625,347.325927734375,382.58551025390625,351.3652038574219,0.6695049405097961
3,7.1137261390686035,345.09112548828125,11.749433517456055,349.4390869140625,0.6642178297042847
3,625.3252563476562,348.0436706542969,630.9365234375,352.7352600097656,0.5969071984291077
3,403.6576232910156,349.2903137207031,411.1377258300781,354.4553527832031,0.5827580094337463
3,295.2569274902344,348.13824462890625,301.219970703125,353.5314025878906,0.5288602709770203
3,278.3555908203125,347.7270812988281,284.7842712402344,352.20745849609375,0.45215651392936707
4,10.058917045593262,237.66754150390625,16.69536590576172,245.78225708007812,0.8457502722740173
4,513.8706665039062,334.38311767578125,518.5961303710938,343.20672607421875,0.7958805561065674
4,544.5267333984375,269.1261901855469,550.6150512695312,274.78265380859375,0.790565013885498
4,503.553466796875,347.1253967285156,511.2816162109375,352.4480285644531,0.7880007028579712
4,146.78089904785156,328.6632385253906,151.8559112548828,335.7156066894531,0.7798870801925659
4,65.34292602539062,310.72900390625,70.68864440917969,316.3812255859375,0.7766128778457642
4,185.2037811279297,246.562255859375,189.5086212158203,255.1507110595703,0.7765306830406189
4,151.46131896972656,296.36395263671875,155.78416442871094,304.93231201171875,0.7744718790054321
4,521.2109375,305.59454345703125,525.3294677734375,314.2932434082031,0.7737009525299072
4,422.9300842285156,248.30992126464844,427.5960693359375,256.7724304199219,0.7704625129699707
4,304.5083312988281,271.3444519042969,309.89581298828125,277.6893005371094,0.770358145236969
4,627.9093627929688,345.7361755371094,634.283935546875,351.27874755859375,0.7680634260177612
4,41.09236526489258,212.42904663085938,45.318115234375,221.62791442871094,0.7658053636550903
4,537.7047729492188,349.4153747558594,544.014404296875,353.4474792480469,0.7522279620170593
4,168.7888946533203,345.13836669921875,174.314208984375,351.31689453125,0.749945878982544
4,10.145840644836426,301.6926574707031,14.409212112426758,309.3979187011719,0.7472763061523438
4,618.550537109375,347.6202697753906,623.79443359375,352.2532958984375,0.7409436106681824
4,289.3996887207031,277.9208068847656,297.01959228515625,281.56170654296875,0.736485481262207
4,307.7976989746094,345.2832336425781,313.71246337890625,350.3777160644531,0.7333979606628418
4,56.837242126464844,344.111328125,61.79384231567383,349.0538330078125,0.731617271900177
4,53.02083206176758,346.52691650390625,57.79930877685547,351.4073791503906,0.7267324924468994
4,127.9905014038086,346.8823547363281,132.37081909179688,351.2880859375,0.7153919339179993
4,388.9613342285156,347.08990478515625,394.6634216308594,354.15081787109375,0.7038741707801819
4,257.3926086425781,345.2569885253906,262.3642578125,349.05731201171875,0.703625500202179
4,556.9856567382812,308.22784423828125,560.28857421875,315.3355407714844,0.6931480169296265
4,296.383544921875,345.6376647949219,301.9827880859375,351.9772033691406,0.6903598308563232
4,412.3287658691406,349.16131591796875,419.443359375,353.4870910644531,0.6764574646949768
4,378.82916259765625,347.4037170410156,382.54833984375,351.44525146484375,0.6658055782318115
4,6.9575676918029785,345.1338195800781,11.67000961303711,349.48162841796875,0.663877546787262
4,406.6082458496094,345.8070373535156,411.7205505371094,351.7073669433594,0.6435879468917847
4,278.5447998046875,348.0446472167969,284.42938232421875,352.4836120605469,0.5824649930000305
4,404.2848205566406,349.7137145996094,411.2220764160156,354.71826171875,0.5317010879516602
4,624.596435546875,348.1071472167969,630.2554321289062,352.749755859375,0.46503493189811707
5,503.460693359375,347.31201171875,511.4017028808594,352.6249694824219,0.8031855225563049
5,145.45887756347656,327.509521484375,151.3462677001953,334.9115295410156,0.8018106818199158
5,513.987060546875,333.37176513671875,518.8067626953125,341.9461669921875,0.8005334734916687
5,618.7807006835938,346.7928466796875,624.4995727539062,353.3503112792969,0.7981386780738831
5,304.29931640625,271.1502380371094,309.9187316894531,277.6713562011719,0.7922303080558777
5,422.4774475097656,247.43453979492188,427.33251953125,255.50563049316406,0.7874072194099426
5,152.270263671875,294.970947265625,156.8415985107422,303.5386047363281,0.7834225296974182
5,185.59707641601562,243.4676055908203,189.92990112304688,252.10133361816406,0.7771012783050537
5,626.932373046875,346.093994140625,633.7023315429688,351.95794677734375,0.7715858221054077
5,546.224365234375,269.02337646484375,552.0493774414062,273.4264831542969,0.7693720459938049
5,169.42514038085938,345.9850158691406,175.4547576904297,351.3923645019531,0.7685776352882385
5,521.6219482421875,303.3921813964844,525.3452758789062,311.97869873046875,0.7671914100646973
5,66.18254089355469,310.07244873046875,71.25869750976562,315.8320617675781,0.7622354626655579
5,537.7875366210938,349.438720703125,544.13623046875,353.510986328125,0.7617931365966797
5,289.47216796875,277.9427795410156,297.1111145019531,281.6297607421875,0.7519816756248474
5,41.412174224853516,210.15444946289062,45.250823974609375,218.9384002685547,0.7348091006278992
5,127.89323425292969,346.98968505859375,132.47793579101562,351.3468322753906,0.7262042760848999
5,25.88660430908203,311.66033935546875,30.86080551147461,315.9371337890625,0.725415050983429
5,52.77024841308594,344.4325256347656,58.628631591796875,351.2913818359375,0.7175596356391907
5,308.4321594238281,345.2210693359375,314.0705261230469,350.34869384765625,0.7173401713371277
5,557.236572265625,308.1610412597656,560.4855346679688,315.3152160644531,0.7129605412483215
5,257.3057861328125,345.188720703125,262.1177673339844,349.34661865234375,0.7116228938102722
5,389.0664978027344,347.0858154296875,394.85333251953125,354.31427001953125,0.7041332125663757
5,412.0054016113281,349.14434814453125,419.3084411621094,353.5398864746094,0.6953837871551514
5,6.8956427574157715,345.1411437988281,11.751399040222168,349.4682922363281,0.6770850419998169
5,378.91241455078125,347.4192810058594,382.631591796875,351.5599670410156,0.6722598671913147
5,297.2485046386719,345.625732421875,302.6561584472656,351.9653625488281,0.646130383014679
5,404.4480285644531,347.45782470703125,411.1277160644531,353.36968994140625,0.6178995370864868
5,7.010299205780029,211.21878051757812,10.936993598937988,219.4375,0.582216739654541
5,277.8859558105469,348.1880187988281,284.1109924316406,352.6923522949219,0.5659646391868591
6,152.67308044433594,293.418212890625,158.24598693847656,301.3827209472656,0.8058691620826721
6,503.5941162109375,347.49920654296875,511.59112548828125,352.6495361328125,0.8055267333984375
6,618.1575927734375,346.7286682128906,624.1868286132812,353.0593566894531,0.8051342964172363
6,292.6689147949219,264.48291015625,298.8258361816406,271.6816711425781,0.7955646514892578
6,145.34291076660156,326.1053466796875,151.1511993408203,333.4811706542969,0.7940484285354614
6,514.259765625,332.90087890625,518.7818603515625,341.70318603515625,0.7929164171218872
6,422.1714172363281,246.416015625,426.9326477050781,254.91586303710938,0.7918195724487305
6,27.32830238342285,312.3119201660156,33.40474319458008,319.10107421875,0.7913852334022522
6,67.31416320800781,307.8428649902344,72.91754150390625,314.09063720703125,0.7866603136062622
6,50.239280700683594,345.0304260253906,56.49515151977539,351.37701416015625,0.7818940877914429
6,9.882576942443848,220.89889526367188,14.424812316894531,228.68362426757812,0.7788625359535217
6,169.35833740234375,346.1007385253906,175.58482360839844,351.4592590332031,0.7763093113899231
6,185.6776885986328,241.83473205566406,189.8990936279297,250.18898010253906,0.7760394811630249
6,521.614013671875,301.06890869140625,525.4320678710938,309.52777099609375,0.7736319899559021
6,547.9239501953125,269.05950927734375,553.713134765625,273.5055847167969,0.7723424434661865
6,41.48287582397461,208.2983856201172,45.383663177490234,216.81703186035156,0.762597382068634
6,537.9166870117188,349.46112060546875,544.1603393554688,353.53656005859375,0.7606891989707947
6,289.7718505859375,277.8858947753906,297.64691162109375,281.8555603027344,0.752483606338501
6,127.78178405761719,347.0978698730469,132.56597900390625,351.4683532714844,0.7404630780220032
6,556.955810546875,307.0604553222656,560.3340454101562,314.2261047363281,0.7371819019317627
6,627.2221069335938,346.14453125,633.793701171875,351.8438415527344,0.7141329050064087
6,257.2660827636719,345.3230895996094,261.76690673828125,349.3173522949219,0.7137411236763
6,308.9056091308594,345.20281982421875,314.2051086425781,350.0546875,0.6956723928451538
6,389.0403137207031,347.1858825683594,395.010009765625,354.3908386230469,0.6753788590431213
6,412.6081848144531,349.1521301269531,419.8395080566406,353.3139343261719,0.6751753091812134
6,6.818838119506836,345.14361572265625,11.764066696166992,349.5264587402344,0.6714956164360046
6,378.8677978515625,347.45361328125,382.6265563964844,351.59722900390625,0.6652953624725342
6,277.3068542480469,348.15234375,284.2313232421875,352.28594970703125,0.6070451140403748
6,404.23309326171875,347.2284240722656,410.65509033203125,353.43310546875,0.5937985777854919
6,297.9976806640625,345.904541015625,303.4878845214844,352.2431640625,0.5932220220565796
6,624.387939453125,348.4239807128906,630.3497924804688,353.6851806640625,0.5099266767501831
7,514.058837890625,332.0274658203125,518.8877563476562,340.92529296875,0.810272753238678
7,503.5770568847656,347.5179443359375,511.72625732421875,352.7936096191406,0.8006721138954163
7,153.2797393798828,292.6130676269531,159.17176818847656,300.3394775390625,0.7998929023742676
7,617.7948608398438,347.1775207519531,624.0156860351562,353.5152282714844,0.7962731122970581
7,144.89683532714844,324.8358154296875,150.7655029296875,331.9176940917969,0.790751576423645
7,26.980636596679688,311.51019287109375,33.185604095458984,318.4345703125,0.7886395454406738
7,421.9244384765625,245.96876525878906,426.5201721191406,254.17654418945312,0.7776691913604736
7,626.8970947265625,346.1370849609375,634.0027465820312,351.9292297363281,0.7760370373725891
7,169.49392700195312,346.09014892578125,175.74562072753906,351.3399658203125,0.7748504281044006
7,47.86399841308594,345.1360778808594,55.11778259277344,350.9046936035156,0.7727048993110657
7,185.5584259033203,239.17539978027344,189.8905487060547,247.49630737304688,0.7616006731987
7,15.941720962524414,236.0517120361328,20.766559600830078,242.64154052734375,0.7559466361999512
7,68.44364929199219,306.6759338378906,73.4767837524414,312.35870361328125,0.7558886408805847
7,289.7756042480469,278.0763854980469,297.6570129394531,281.9080810546875,0.7526730298995972
7,537.8789672851562,349.5361328125,544.1400756835938,353.74560546875,0.752406656742096
7,41.925628662109375,206.60287475585938,45.92595291137695,215.47720336914062,0.7516388893127441
7,521.100341796875,298.6678771972656,524.7538452148438,307.00531005859375,0.7483814358711243
7,548.9932250976562,269.19287109375,554.5216674804688,273.2100830078125,0.7418888211250305
7,127.4986801147461,347.2743835449219,132.49267578125,351.58343505859375,0.7394322752952576
7,414.1013488769531,349.5888977050781,421.5496520996094,353.62249755859375,0.7375292778015137
7,556.7976684570312,306.9355163574219,560.1854248046875,314.08966064453125,0.7196823358535767
7,388.98443603515625,347.0067138671875,394.8854064941406,354.3778381347656,0.7130955457687378
7,257.23809814453125,345.2481994628906,261.62628173828125,349.2440490722656,0.7042041420936584
7,309.2327575683594,345.6571960449219,314.6587829589844,349.94482421875,0.6982001662254333
7,276.2820739746094,233.08497619628906,279.9904479980469,241.85926818847656,0.6902360916137695
7,404.3985290527344,346.5634765625,410.50958251953125,353.0395202636719,0.6763564348220825
7,378.8535461425781,347.4220275878906,382.6722106933594,351.6746826171875,0.6743535995483398
7,276.4107360839844,347.4590148925781,283.0558166503906,351.46478271484375,0.6694737076759338
7,6.908853530883789,345.18255615234375,11.99144172668457,349.6792297363281,0.645328164100647
7,299.6248474121094,345.5516662597656,304.7436828613281,351.1022644042969,0.5763891339302063
8,277.02685546875,190.67205810546875,282.80194091796875,199.56112670898438,0.8253558278083801
8,503.547119140625,347.5960998535156,511.6606140136719,352.8643798828125,0.8065062761306763
8,514.4411010742188,331.5207214355469,518.9634399414062,340.6262512207031,0.8020952939987183
8,143.904052734375,324.3617248535156,150.18679809570312,330.8791198730469,0.7978531718254089
8,154.0497283935547,291.6842956542969,159.9736785888672,299.3428039550781,0.7976594567298889
8,618.3746948242188,347.3806457519531,624.3854370117188,353.6236572265625,0.7928659319877625
8,27.065156936645508,311.0897216796875,33.205684661865234,317.9683837890625,0.7874653935432434
8,422.0209045410156,245.80941772460938,426.7065124511719,254.17051696777344,0.7813977003097534
8,24.25061798095703,236.7005157470703,30.90931510925293,242.1530303955078,0.7784705758094788
8,46.025272369384766,345.1263122558594,53.509124755859375,350.7933349609375,0.7730117440223694
8,185.3922119140625,236.68959045410156,189.80152893066406,245.28102111816406,0.7728073596954346
8,167.84046936035156,346.356689453125,175.11900329589844,351.254150390625,0.7717142701148987
8,628.0965576171875,344.7950439453125,634.1014404296875,351.4412536621094,0.7576388716697693
8,538.0636596679688,349.61895751953125,544.24755859375,353.9590148925781,0.7563443779945374
8,308.9877624511719,345.5877990722656,313.80706787109375,350.0374450683594,0.7537716627120972
8,415.1001281738281,349.72869873046875,423.8568115234375,354.0257568359375,0.7534388303756714
8,289.7510986328125,277.99884033203125,297.6178894042969,281.78594970703125,0.752510130405426
8,41.67292404174805,204.5876922607422,45.57575988769531,213.42845153808594,0.7510178089141846
8,68.5960464477539,305.73773193359375,73.3714599609375,311.5509948730469,0.7504101991653442
8,550.0142211914062,269.1455993652344,555.3944091796875,273.09619140625,0.7430404424667358
8,127.16385650634766,347.4481201171875,132.275146484375,351.7480163574219,0.7406960129737854
8,311.03826904296875,336.0697021484375,315.0856628417969,342.9321594238281,0.7391035556793213
8,520.7796020507812,296.25555419921875,524.5841064453125,304.5892333984375,0.7308521270751953
8,257.1531677246094,345.32080078125,261.6418762207031,349.2104797363281,0.728387176990509
8,556.8038940429688,306.96673583984375,560.1504516601562,314.0415344238281,0.7252207398414612
8,275.8557434082031,347.4545593261719,282.7501220703125,351.3479919433594,0.706183135509491
8,402.04754638671875,346.9520263671875,408.42333984375,353.40899658203125,0.6989777684211731
8,388.54833984375,347.02276611328125,394.5493469238281,354.3517761230469,0.6981003880500793
8,379.1346435546875,347.42352294921875,383.2084655761719,351.53533935546875,0.6841905117034912
8,652.037109375,348.5328674316406,656.6782836914062,352.5194396972656,0.6634124517440796
8,6.918426036834717,345.18408203125,11.889852523803711,349.588623046875,0.650983989238739
8,298.7532653808594,346.46258544921875,304.2834167480469,350.7525939941406,0.5751871466636658
9,48.344974517822266,225.6966552734375,56.999881744384766,230.9906463623047,0.8309267163276672
9,290.480224609375,312.1719665527344,296.31610107421875,319.6884460449219,0.8139314651489258
9,272.322021484375,143.6385498046875,277.4759826660156,151.57435607910156,0.8061248660087585
9,154.6058807373047,290.5462951660156,160.34298706054688,298.403564453125,0.7995432615280151
9,27.060226440429688,310.28070068359375,33.239044189453125,317.6997375488281,0.7994078397750854
9,143.09112548828125,323.8970642089844,149.3356170654297,329.4400939941406,0.7966388463973999
9,44.937042236328125,344.7189025878906,52.305171966552734,350.4833068847656,0.7958835363388062
9,421.9630432128906,245.68722534179688,426.5807800292969,254.0906982421875,0.7860254049301147
9,618.7833862304688,347.8931884765625,624.8353271484375,353.725341796875,0.783847987651825
9,289.8474426269531,277.8526916503906,297.90020751953125,281.7579650878906,0.7826754450798035
9,514.5812377929688,332.00048828125,519.0031127929688,340.4125671386719,0.781960666179657
9,520.21435546875,293.64703369140625,524.2210083007812,302.4082946777344,0.7706639766693115
9,185.42835998535156,234.7650146484375,189.8897705078125,243.2331085205078,0.7702112793922424
9,628.6864013671875,345.185546875,634.0164184570312,351.56036376953125,0.7699691653251648
9,503.6492919921875,347.60125732421875,511.8542785644531,352.5672607421875,0.7696465849876404
9,42.11577224731445,201.99212646484375,46.26777267456055,210.8822021484375,0.767628014087677
9,309.664306640625,345.7697448730469,314.7347106933594,349.83380126953125,0.7563711404800415
9,538.0780029296875,349.6109313964844,544.3575439453125,353.9029846191406,0.7508662343025208
9,166.9686279296875,345.7812194824219,173.8028106689453,351.0993347167969,0.7503543496131897
9,274.82275390625,347.49932861328125,282.4422302246094,351.3047180175781,0.7488524317741394
9,69.10345458984375,304.2613830566406,73.60603332519531,310.0433044433594,0.7478987574577332
9,415.5440673828125,350.10089111328125,424.598388671875,354.32073974609375,0.746605396270752
9,551.255859375,269.0679931640625,556.2296752929688,273.235595703125,0.7397382259368896
9,127.06495666503906,347.63861083984375,132.06361389160156,351.8155822753906,0.7315139174461365
9,556.9861450195312,307.0223693847656,560.395263671875,313.9903564453125,0.7310228943824768
9,256.9235534667969,345.3001403808594,261.80743408203125,349.05377197265625,0.7129200100898743
9,379.87481689453125,347.4831237792969,384.67083740234375,351.56256103515625,0.7045888304710388
9,300.76129150390625,345.5635986328125,305.9559326171875,349.4405822753906,0.6922473907470703
9,388.5715637207031,347.3415222167969,395.09857177734375,354.13739013671875,0.6749683022499084
9,403.27685546875,346.4595642089844,410.15869140625,352.6231994628906,0.6487085819244385
9,6.738541603088379,345.2673034667969,11.63277816772461,349.6270751953125,0.5571107864379883
10,43.03540802001953,344.7314147949219,51.246456146240234,350.1284484863281,0.8005901575088501
10,155.3216552734375,289.9248962402344,161.08432006835938,297.79278564453125,0.7981698513031006
10,142.38368225097656,322.7767028808594,148.4495849609375,328.458984375,0.7974089980125427
10,421.9732666015625,245.7222442626953,426.5494384765625,254.08518981933594,0.7875398397445679
10,519.5484008789062,291.5353698730469,523.8759765625,300.05157470703125,0.783333957195282
10,27.569013595581055,309.8696594238281,33.34672164916992,317.1604919433594,0.7813305258750916
10,249.55857849121094,108.23631286621094,255.2293243408203,114.3583984375,0.7802267670631409
10,514.5097045898438,331.89208984375,518.9359741210938,340.4760437011719,0.7752388119697571
10,185.16241455078125,232.4679412841797,189.78321838378906,241.15771484375,0.7710204720497131
10,290.0348815917969,277.92535400390625,297.89215087890625,281.76019287109375,0.7576577663421631
10,166.70570373535156,345.5547790527344,173.41358947753906,350.5486755371094,0.7567369937896729
10,41.80198669433594,199.01324462890625,45.90983581542969,207.57281494140625,0.7549571394920349
10,538.1381225585938,349.6473388671875,544.3633422851562,353.9802551269531,0.7540853023529053
10,61.01626968383789,231.82582092285156,65.46936798095703,238.63816833496094,0.7526506781578064
10,618.8153686523438,348.2618408203125,624.9893798828125,353.6156921386719,0.7488458156585693
10,263.92425537109375,278.4679260253906,267.9642333984375,285.3227233886719,0.7459172010421753
10,503.7688903808594,347.6131896972656,511.8636474609375,352.6507568359375,0.743282675743103
10,70.13926696777344,302.7689208984375,73.90754699707031,309.5838928222656,0.7360531091690063
10,552.3653564453125,268.7210998535156,556.91015625,273.0174865722656,0.7337657809257507
10,416.835205078125,350.0652770996094,425.5895080566406,354.3238525390625,0.731907069683075
10,127.0003662109375,347.70989990234375,132.13079833984375,351.8800964355469,0.7299421429634094
10,256.30426025390625,345.4090576171875,262.3006896972656,349.69854736328125,0.7209503650665283
10,556.9351806640625,306.66070556640625,560.3211059570312,313.8323059082031,0.719231367111206
10,308.95684814453125,345.589599609375,314.4646911621094,349.3612365722656,0.7176658511161804
10,274.84783935546875,347.43218994140625,282.3351745605469,351.2799987792969,0.7176309823989868
10,628.8965454101562,346.6004333496094,634.2369384765625,351.5578918457031,0.69318026304245
10,381.38287353515625,347.7550048828125,386.2998352050781,351.6763000488281,0.6785711646080017
10,300.4082946777344,345.65521240234375,305.4876403808594,349.7904052734375,0.6778153777122498
10,389.0323181152344,348.03558349609375,395.68743896484375,354.379150390625,0.6092273592948914
10,401.16107177734375,346.8340759277344,408.3563537597656,352.26751708984375,0.5962406992912292
10,6.692730903625488,345.36920166015625,11.374979019165039,349.6462097167969,0.5669218897819519
10,623.80078125,348.3804626464844,630.1194458007812,353.5637512207031,0.5006877183914185
11,156.23263549804688,288.7744445800781,161.99302673339844,296.31634521484375,0.8042870759963989
11,141.0682830810547,322.22259521484375,147.34393310546875,327.5711669921875,0.7958817481994629
11,421.9361572265625,245.72525024414062,426.6023864746094,254.1516571044922,0.7896670699119568
11,503.72918701171875,347.70123291015625,512.0112915039062,352.6861572265625,0.7870863676071167
11,519.0464477539062,289.0648498535156,523.447509765625,297.5541076660156,0.7777245044708252
11,289.9961242675781,277.9183044433594,297.9603576660156,281.785400390625,0.7748026847839355
11,184.94920349121094,231.23013305664062,189.5149688720703,239.6942138671875,0.7708507180213928
11,514.6166381835938,331.9012756347656,519.0001220703125,340.04644775390625,0.7692773342132568
11,165.2193603515625,344.9088439941406,172.27085876464844,350.0767517089844,0.7682230472564697
11,42.33774948120117,196.7671356201172,46.24002456665039,205.6604766845703,0.7569321393966675
11,538.1270751953125,349.65069580078125,544.3436889648438,353.9516296386719,0.753897488117218
11,39.84364318847656,344.7886657714844,48.728755950927734,349.58538818359375,0.7503038048744202
11,28.007911682128906,308.8546142578125,32.26491928100586,317.0567321777344,0.7431783080101013
11,417.6944580078125,350.32476806640625,426.6395263671875,354.29150390625,0.7419252991676331
11,126.95571899414062,347.74749755859375,132.22042846679688,351.9506530761719,0.7352426052093506
11,261.29547119140625,107.96581268310547,265.6810302734375,115.20911407470703,0.7350260615348816
11,308.081787109375,345.6269226074219,313.98455810546875,349.4314270019531,0.7333164215087891
11,57.199588775634766,249.29322814941406,61.343727111816406,254.7423553466797,0.7295850515365601
11,273.854248046875,347.3093566894531,281.7222595214844,351.2997131347656,0.7250542640686035
11,552.9996948242188,268.0396728515625,557.6966552734375,272.3384704589844,0.7245699167251587
11,256.646728515625,344.970947265625,262.20147705078125,349.35888671875,0.7235957384109497
11,70.25951385498047,300.8363037109375,73.92350769042969,307.6188659667969,0.718683660030365
11,252.8582763671875,247.88565063476562,257.2432861328125,254.7930450439453,0.7182567715644836
11,556.9441528320312,306.6408386230469,560.3399658203125,313.8521423339844,0.7097247838973999
11,618.7067260742188,348.757568359375,625.1920166015625,353.6614685058594,0.6858193874359131
11,300.6285400390625,345.7542419433594,306.215087890625,349.6325378417969,0.6654503345489502
11,629.0049438476562,346.24029541015625,634.1209106445312,350.9975891113281,0.653720498085022
11,381.785888671875,347.33465576171875,388.0450439453125,351.1627197265625,0.635476291179657
11,651.5581665039062,348.93145751953125,656.80419921875,352.34906005859375,0.5855328440666199
11,400.7767639160156,347.2774353027344,408.1427917480469,352.4662780761719,0.5561080574989319
11,389.85906982421875,348.3141784667969,396.1588134765625,354.36773681640625,0.5528489351272583
11,6.697475910186768,345.34881591796875,11.460715293884277,349.9432678222656,0.4863317608833313
11,623.6166381835938,347.876953125,630.1204833984375,353.4834289550781,0.48237815499305725
12,47.11105728149414,280.66326904296875,54.42402648925781,287.7146301269531,0.8546908497810364
12,503.7467041015625,347.9266052246094,512.369384765625,352.8279113769531,0.8084108829498291
12,157.51417541503906,287.3583068847656,163.26324462890625,294.8810119628906,0.8013065457344055
12,421.9480285644531,245.75839233398438,426.58343505859375,253.90689086914062,0.7870774269104004
12,518.6048583984375,287.124267578125,522.9859619140625,295.4500427246094,0.786776065826416
12,290.0777587890625,277.913818359375,298.0568542480469,281.8968811035156,0.7819820046424866
12,515.0306396484375,331.34710693359375,519.364013671875,340.24786376953125,0.7798393368721008
12,139.91043090820312,321.81610107421875,146.4842071533203,326.1876525878906,0.7788919806480408
12,165.00534057617188,344.58697509765625,171.87466430664062,349.8858947753906,0.7742158770561218
12,553.8543090820312,267.6415100097656,558.615478515625,272.144287109375,0.7673129439353943
12,538.5028076171875,349.6554870605469,544.3662109375,354.0216064453125,0.7591745853424072
12,418.89959716796875,350.07666015625,427.35662841796875,353.9382629394531,0.7580400109291077
12,619.9342651367188,349.0755310058594,626.94921875,353.8065185546875,0.7554877996444702
12,264.3595275878906,247.50674438476562,268.6151428222656,254.7760467529297,0.7551110982894897
12,42.691650390625,193.44747924804688,46.644493103027344,202.23658752441406,0.7530229091644287
12,28.07744598388672,307.2030944824219,32.14048385620117,315.719970703125,0.7513033151626587
12,185.20652770996094,229.62948608398438,189.55322265625,238.0737762451172,0.7499931454658508
12,70.54515838623047,299.0849304199219,74.39080810546875,305.9590148925781,0.7283941507339478
12,256.2835998535156,345.0108947753906,262.0610046386719,349.4125061035156,0.7274731397628784
12,272.78680419921875,347.1153564453125,280.11724853515625,351.0885925292969,0.7222177386283875
12,127.32988739013672,347.5748596191406,132.37484741210938,351.707275390625,0.716116189956665
12,308.00335693359375,344.8785095214844,314.0719909667969,348.791748046875,0.7127245664596558
12,557.0049438476562,306.69342041015625,560.343017578125,313.8953857421875,0.710468053817749
12,267.4576110839844,101.38961029052734,271.169189453125,108.0704116821289,0.7030054926872253
12,629.5555419921875,345.18829345703125,633.9252319335938,350.5985412597656,0.7004174590110779
12,382.0292053222656,347.3515625,387.9242248535156,351.1968078613281,0.6567773818969727
12,41.007232666015625,344.1861267089844,47.83317565917969,350.2057800292969,0.5990397930145264
12,390.496337890625,347.9139404296875,396.7912292480469,353.6136779785156,0.591168999671936
12,400.7782287597656,347.4328918457031,407.6952209472656,352.9266052246094,0.5867048501968384
12,300.6221618652344,346.6474609375,305.92364501953125,350.10498046875,0.5591761469841003
12,36.26667022705078,345.9123229980469,43.89191436767578,351.04364013671875,0.5314010381698608
12,6.737367153167725,345.55657958984375,11.089943885803223,349.96240234375,0.4346455931663513
12,651.8939819335938,348.2171325683594,656.0531616210938,352.4629211425781,0.4189879894256592
12,42.239139556884766,344.6440734863281,48.0828971862793,350.5817565917969,0.40903934836387634
13,503.6417236328125,347.7911376953125,512.2529907226562,352.9270935058594,0.8105926513671875
13,36.25392150878906,344.6413879394531,45.00328063964844,350.65277099609375,0.7985985279083252
13,158.19459533691406,286.6685791015625,163.9254608154297,293.932373046875,0.7967883944511414
13,421.84490966796875,245.7439422607422,426.4035949707031,253.87171936035156,0.7824323773384094
13,515.019775390625,330.4631652832031,519.3949584960938,339.4730224609375,0.7791306972503662
13,7.540706634521484,305.6743469238281,15.345781326293945,311.62066650390625,0.7788221836090088
13,420.2237548828125,349.7840270996094,427.818115234375,353.95953369140625,0.7761414051055908
13,620.4402465820312,348.480224609375,627.0015869140625,353.66943359375,0.7713272571563721
13,138.94412231445312,321.30877685546875,145.49130249023438,325.3497009277344,0.7691217660903931
13,42.92082977294922,190.4838104248047,47.13332748413086,199.18202209472656,0.7690675258636475
13,164.8896026611328,344.6114196777344,172.18263244628906,349.6262512207031,0.7682077884674072
13,518.4942626953125,284.81365966796875,522.8756713867188,293.4290771484375,0.765006422996521
13,538.4844360351562,349.6942443847656,544.4025268554688,354.1153869628906,0.7626914381980896
13,290.00531005859375,278.0279235839844,298.0492858886719,281.9755859375,0.7604546546936035
13,288.0738830566406,255.44056701660156,293.1097412109375,260.99029541015625,0.7576877474784851
13,554.6051635742188,267.456787109375,558.8154907226562,272.3161926269531,0.7489404678344727
13,629.2646484375,345.12188720703125,633.9016723632812,350.779052734375,0.7455474138259888
13,271.47027587890625,347.1697998046875,279.32421875,350.76727294921875,0.7403996586799622
13,184.94650268554688,228.3094482421875,189.20416259765625,236.90921020507812,0.7341975569725037
13,28.564788818359375,305.8768310546875,32.50975799560547,314.290771484375,0.7303470373153687
13,308.39642333984375,344.927734375,314.4481201171875,348.6766052246094,0.7237700819969177
13,255.9071044921875,344.934814453125,261.6297302246094,349.38287353515625,0.720646858215332
13,556.9948120117188,306.5279846191406,560.4732055664062,313.6733093261719,0.7191392779350281
13,70.62496948242188,298.0611572265625,74.44801330566406,304.82061767578125,0.7088465690612793
13,268.06353759765625,100.51260375976562,271.69366455078125,108.64667510986328,0.7031145095825195
13,381.9173278808594,347.2508850097656,387.6307373046875,350.9288635253906,0.6907716989517212
13,391.1649169921875,347.6404724121094,397.9222717285156,352.7250061035156,0.6486223340034485
13,400.16357421875,347.41265869140625,407.43182373046875,353.3465881347656,0.6475010514259338
13,128.22390747070312,347.5072021484375,132.47265625,351.5812683105469,0.6469815969467163
13,300.7762451171875,346.52471923828125,306.1055908203125,350.1291809082031,0.6258301734924316
13,6.862829685211182,345.5733337402344,11.198515892028809,350.1375427246094,0.49081704020500183
14,503.7738342285156,347.87725830078125,512.3292846679688,352.9348449707031,0.8101236820220947
14,421.722900390625,245.76226806640625,426.44268798828125,253.8792724609375,0.7864387035369873
14,158.79534912109375,285.2357177734375,164.08897399902344,293.0556640625,0.7856218218803406
14,34.60472106933594,344.9566955566406,42.34284591674805,351.1618347167969,0.7809133529663086
14,514.8871459960938,329.4593811035156,519.24560546875,338.6460876464844,0.77828449010849
14,270.40118408203125,347.1187438964844,278.20416259765625,350.8177490234375,0.7750676274299622
14,137.44265747070312,321.25439453125,144.2257537841797,325.23248291015625,0.7736803293228149
14,620.4490356445312,348.1871643066406,627.0087280273438,353.3148498535156,0.7734197974205017
14,517.793212890625,282.7957458496094,522.3328247070312,291.28289794921875,0.7732826471328735
14,421.1452941894531,349.2728271484375,428.70654296875,353.2789001464844,0.7716204524040222
14,164.87147521972656,344.5100402832031,171.81472778320312,349.5331726074219,0.7656375765800476
14,285.7272644042969,267.00347900390625,292.212646484375,272.38092041015625,0.7600206732749939
14,184.94375610351562,226.44749450683594,189.26158142089844,234.81771850585938,0.756973385810852
14,538.5563354492188,349.67547607421875,544.3323974609375,354.1138610839844,0.7567257881164551
14,289.85418701171875,277.8087158203125,297.8257751464844,281.9495544433594,0.7566201686859131
14,629.0320434570312,345.7853698730469,634.0119018554688,350.9995422363281,0.7498544454574585
14,43.414031982421875,187.417236328125,47.567298889160156,195.85142517089844,0.745775580406189
14,556.9215698242188,306.80230712890625,560.4060668945312,313.7342834472656,0.7286019921302795
14,555.1644897460938,266.6602783203125,559.2572631835938,272.03668212890625,0.7277970910072327
14,28.331790924072266,305.1778564453125,32.101951599121094,313.4871826171875,0.7184039950370789
14,307.5307312011719,344.373779296875,313.1084899902344,348.61322021484375,0.7094970345497131
14,268.0101623535156,100.21781921386719,271.6405334472656,108.46749877929688,0.7049759030342102
14,253.55935668945312,311.1754455566406,256.75738525390625,319.4566955566406,0.6943050026893616
14,70.58511352539062,296.35113525390625,74.29236602783203,303.0950622558594,0.689572811126709
14,381.7712097167969,347.0269775390625,387.5247497558594,350.9057922363281,0.6841928362846375
14,7.138468265533447,309.957763671875,10.220234870910645,317.3624572753906,0.654512345790863
14,128.9636688232422,347.4616394042969,133.29220581054688,351.393798828125,0.6509303450584412
14,6.613792896270752,344.8094787597656,10.851863861083984,349.8819885253906,0.6433292627334595
14,300.3479919433594,346.6455078125,305.7249755859375,350.4077453613281,0.6286259889602661
14,400.26031494140625,347.60247802734375,407.3431701660156,353.5706787109375,0.5939449667930603
14,391.8707275390625,347.6417541503906,398.3267517089844,352.62890625,0.5779898166656494
15,504.0904235839844,347.9130859375,512.4982299804688,352.9400939941406,0.8110101222991943
15,420.88848876953125,246.3175811767578,426.34320068359375,252.7699737548828,0.7940179705619812
15,515.0164794921875,328.51409912109375,519.4249877929688,337.4932556152344,0.7886408567428589
15,249.8711700439453,262.04498291015625,254.16232299804688,270.7634582519531,0.7846119403839111
15,165.23757934570312,344.25244140625,171.62481689453125,349.7508239746094,0.7780894041061401
15,184.7425079345703,224.5196075439453,189.24276733398438,232.87469482421875,0.7750037312507629
15,620.6410522460938,348.1903381347656,626.958251953125,353.1364440917969,0.7749703526496887
15,158.8383026123047,283.3802185058594,163.31480407714844,292.5725402832031,0.7745968103408813
15,136.0963592529297,321.4313049316406,143.1192626953125,325.4121398925781,0.7732284665107727
15,33.870662689208984,345.3071594238281,41.59881591796875,350.99310302734375,0.7731617093086243
15,269.6216125488281,347.01458740234375,276.995361328125,350.8365478515625,0.7707874774932861
15,517.2869262695312,280.98046875,521.662841796875,289.2984313964844,0.7678399682044983
15,299.77459716796875,284.7365417480469,304.74609375,291.58978271484375,0.7622722387313843
15,422.1242980957031,349.1612548828125,429.5425109863281,353.33447265625,0.7616428732872009
15,538.5549926757812,349.7309265136719,544.350341796875,354.18756103515625,0.760572612285614
15,289.73974609375,278.14666748046875,297.0232849121094,282.3599853515625,0.7579007744789124
15,43.96331024169922,183.7503204345703,48.108062744140625,192.52215576171875,0.756556510925293
15,6.94396448135376,343.7937927246094,11.11474895477295,349.6383361816406,0.7411598563194275
15,28.44824981689453,304.1378173828125,32.374385833740234,312.3498840332031,0.7370550632476807
15,629.0011596679688,346.0117492675781,633.8380737304688,351.2066345214844,0.736003041267395
15,306.83111572265625,343.8692321777344,313.0723571777344,348.56597900390625,0.7318775653839111
15,10.335370063781738,319.91375732421875,14.654581069946289,326.1697692871094,0.7233902215957642
15,556.8888549804688,306.76409912109375,560.2747802734375,313.26055908203125,0.721116304397583
15,555.6482543945312,266.4341735839844,559.592529296875,271.5386047363281,0.714547872543335
15,268.0818786621094,100.25656127929688,271.7132873535156,108.4737319946289,0.7098404765129089
15,129.36680603027344,347.36444091796875,134.21969604492188,351.25872802734375,0.7081978917121887
15,70.44093322753906,294.53826904296875,74.27986145019531,301.2889709472656,0.704483151435852
15,382.01873779296875,346.6531982421875,387.4573669433594,350.605712890625,0.6929904818534851
15,300.2110595703125,346.57891845703125,305.4089050292969,350.5489807128906,0.6328377723693848
15,392.01812744140625,347.4471435546875,398.420654296875,352.4111633300781,0.6193780899047852
15,400.5550842285156,347.51361083984375,407.5651550292969,353.5962829589844,0.6041266322135925
16,419.7435607910156,246.32479858398438,426.09661865234375,252.3349609375,0.8128333687782288
16,246.33396911621094,242.57443237304688,252.74034118652344,247.25189208984375,0.7963920831680298
16,183.95635986328125,222.7318878173828,188.4166259765625,231.04208374023438,0.7893689274787903
16,515.0419311523438,328.05523681640625,519.4594116210938,337.094970703125,0.7848984599113464
16,134.88929748535156,321.2808837890625,141.8182830810547,325.4839172363281,0.7826458811759949
16,504.3857421875,347.776611328125,512.6495971679688,353.1532287597656,0.7792586088180542
16,159.4887237548828,281.9122314453125,163.71446228027344,290.9468688964844,0.7755153179168701
16,620.6092529296875,348.2751159667969,626.980712890625,353.07940673828125,0.7748968601226807
16,516.8604125976562,278.86334228515625,521.2469482421875,287.1243591308594,0.7732200622558594
16,268.4766845703125,347.1759338378906,276.1558837890625,350.9096984863281,0.7704769372940063
16,301.4079895019531,293.21051025390625,306.5304260253906,299.42633056640625,0.7656126618385315
16,289.8017883300781,278.27197265625,297.13665771484375,282.34674072265625,0.7633559703826904
16,164.5593719482422,343.874755859375,170.02655029296875,348.10540771484375,0.759949266910553
16,538.5908813476562,349.7327575683594,544.3178100585938,354.1263427734375,0.7591457962989807
16,422.8186340332031,349.2776794433594,430.699462890625,353.07073974609375,0.7550207376480103
16,8.86299991607666,343.2297058105469,12.992411613464355,350.8406677246094,0.7535090446472168
16,43.65040969848633,180.02841186523438,47.565040588378906,188.69203186035156,0.7485559582710266
16,28.671478271484375,302.3341064453125,32.45015335083008,310.90301513671875,0.7398613095283508
16,629.2490234375,346.0467224121094,634.2059936523438,351.1503601074219,0.737075686454773
16,307.75567626953125,342.7240295410156,313.0184326171875,348.0313720703125,0.7223974466323853
16,130.75601196289062,347.1582946777344,135.90963745117188,350.9102478027344,0.721418559551239
16,33.91920471191406,345.2032165527344,41.67075729370117,351.0426330566406,0.7200784087181091
16,557.1526489257812,306.4388427734375,560.572998046875,312.7452392578125,0.720041811466217
16,268.16790771484375,99.79206085205078,271.8287658691406,108.0499038696289,0.7082157135009766
16,70.48797607421875,293.60479736328125,74.19978332519531,300.6249694824219,0.7013777494430542
16,556.0577392578125,265.9645690917969,559.884033203125,270.7967529296875,0.6803534626960754
16,383.03094482421875,346.9441833496094,388.61865234375,350.8440856933594,0.6772258281707764
16,300.5298767089844,345.9858093261719,306.0829162597656,350.2287902832031,0.6627681851387024
16,16.28600311279297,327.6866149902344,19.998456954956055,332.10089111328125,0.6031705141067505
16,393.04974365234375,347.2741394042969,399.3807373046875,352.3456115722656,0.5816727876663208
16,399.99609375,347.4627685546875,407.75885009765625,353.3406982421875,0.5671519041061401
16,403.2763977050781,348.5019226074219,410.3258056640625,353.6517333984375,0.4988262951374054
17,255.106201171875,274.1518859863281,258.9905090332031,285.4118957519531,0.8014733791351318
17,504.043212890625,347.8003845214844,512.48486328125,353.001708984375,0.7961318492889404
17,418.6991271972656,245.76663208007812,424.8499450683594,251.53871154785156,0.7960790395736694
17,183.17735290527344,221.0497589111328,187.93324279785156,229.16336059570312,0.79022616147995
17,515.1576538085938,327.8280944824219,519.5015869140625,336.7257995605469,0.7900440692901611
17,159.6472930908203,280.18585205078125,163.92002868652344,289.541259765625,0.787044107913971
17,267.9903259277344,347.098876953125,275.4723205566406,350.9903259277344,0.780673623085022
17,620.5328979492188,348.21258544921875,626.7219848632812,353.1265563964844,0.7789880633354187
17,134.06143188476562,322.04620361328125,140.57388305664062,326.27337646484375,0.7680131793022156
17,424.5805969238281,349.2689208984375,431.6050720214844,353.1504211425781,0.7656714916229248
17,7.5581488609313965,343.28448486328125,12.304614067077637,351.0697021484375,0.7637495994567871
17,538.5342407226562,349.7542419433594,544.2820434570312,354.1137390136719,0.7610045671463013
17,307.9791564941406,341.7540588378906,312.5984191894531,347.82183837890625,0.7588099837303162
17,516.1139526367188,276.99298095703125,520.227294921875,285.0841979980469,0.7584714889526367
17,163.85955810546875,343.7785339355469,169.29226684570312,348.096435546875,0.7575405836105347
17,28.927024841308594,301.213623046875,32.7635383605957,309.9010314941406,0.7570548057556152
17,43.74959182739258,176.58551025390625,47.6837158203125,185.29957580566406,0.7507033348083496
17,33.75358963012695,344.8505859375,41.03378677368164,350.9956359863281,0.745962381362915
17,628.8305053710938,346.0803527832031,633.8139038085938,351.2054443359375,0.7366453409194946
17,290.5234069824219,278.09100341796875,297.62823486328125,282.3851318359375,0.734623372554779
17,131.5023956298828,346.9427795410156,136.7440948486328,350.8713684082031,0.7311935424804688
17,300.2301330566406,346.03057861328125,305.35345458984375,350.6762390136719,0.7291281819343567
17,70.04957580566406,292.23675537109375,73.69271850585938,299.68804931640625,0.7228455543518066
17,267.24755859375,98.3886947631836,270.9130554199219,106.86499786376953,0.7199339270591736
17,302.1379699707031,282.1857604980469,306.3597412109375,288.2694091796875,0.7183889746665955
17,557.529541015625,305.6759948730469,560.92041015625,311.9822998046875,0.7174652814865112
17,17.45937156677246,332.228515625,21.029386520385742,339.2523193359375,0.68705815076828
17,556.5435791015625,265.3753662109375,560.1763305664062,270.4605712890625,0.6761265993118286
17,383.2781982421875,347.0372619628906,388.4336853027344,351.0010070800781,0.6679688692092896
17,403.5019836425781,348.2940368652344,410.6870422363281,353.1743469238281,0.6369600296020508
17,392.9675598144531,347.18145751953125,399.32012939453125,352.1100158691406,0.5117195844650269
18,254.8451690673828,324.35906982421875,262.3192138671875,333.285400390625,0.8373441100120544
18,648.2179565429688,322.5733337402344,655.7581787109375,328.1531677246094,0.8333998918533325
18,504.0163879394531,347.8132019042969,512.6712646484375,353.1115417480469,0.803318977355957
18,417.866455078125,245.4544219970703,424.2815856933594,251.25384521484375,0.8024135828018188
18,620.1660766601562,348.18255615234375,626.1668090820312,353.35845947265625,0.7944163680076599
18,182.47137451171875,219.49771118164062,187.32733154296875,227.26995849609375,0.785405158996582
18,515.5669555664062,326.8133850097656,519.8834228515625,336.0352478027344,0.7779066562652588
18,298.0971984863281,269.875732421875,303.01416015625,277.0614318847656,0.7765922546386719
18,159.61801147460938,278.6930236816406,163.83273315429688,287.5110778808594,0.7716134786605835
18,133.05831909179688,322.1258544921875,139.4412078857422,326.6378173828125,0.7703120112419128
18,308.0915832519531,340.8668518066406,312.6202392578125,347.6528015136719,0.7649721503257751
18,267.1004943847656,347.06475830078125,274.71820068359375,350.9648742675781,0.7601962089538574
18,515.5941162109375,275.2306213378906,519.8466796875,283.6263732910156,0.7576271295547485
18,290.4282531738281,278.0705871582031,297.50250244140625,282.4726867675781,0.7560971975326538
18,300.461181640625,346.13092041015625,305.305908203125,350.8788757324219,0.7538806796073914
18,132.84181213378906,346.94976806640625,138.6658477783203,351.0014343261719,0.7531381845474243
18,6.7860493659973145,344.1925354003906,11.751456260681152,350.8531188964844,0.7527769207954407
18,28.884803771972656,300.1583557128906,32.848915100097656,308.5382995605469,0.7496718168258667
18,426.81768798828125,349.0393371582031,433.155517578125,352.943359375,0.7496514320373535
18,43.562068939208984,173.47113037109375,47.458595275878906,182.16966247558594,0.7475324273109436
18,538.7583618164062,350.0300598144531,544.2717895507812,354.303955078125,0.7461686134338379
18,33.63347244262695,344.9400939941406,40.616783142089844,351.0901794433594,0.7418583631515503
18,162.55104064941406,343.939453125,167.691162109375,347.9292297363281,0.7279456853866577
18,267.1768493652344,96.09085083007812,270.9921875,104.6090316772461,0.7278798222541809
18,69.53607177734375,290.58319091796875,73.44619750976562,298.1333312988281,0.7274835705757141
18,557.493408203125,305.029296875,561.0314331054688,311.5030517578125,0.7124570608139038
18,557.0704956054688,264.72454833984375,560.921875,269.7456970214844,0.7044234871864319
18,382.988037109375,347.0304260253906,387.9258728027344,351.0364074707031,0.6743577122688293
18,15.863476753234863,331.0440368652344,19.535036087036133,338.2125549316406,0.6738817095756531
18,627.392822265625,347.52081298828125,632.6111450195312,352.06671142578125,0.6614038944244385
18,403.94775390625,349.08380126953125,409.7049865722656,353.4806213378906,0.60863196849823
18,393.28875732421875,347.13531494140625,399.53369140625,351.8951416015625,0.4945712685585022
18,396.289306640625,347.2790832519531,403.1200866699219,352.12176513671875,0.4388652741909027
19,276.0413818359375,304.9656677246094,284.2250671386719,315.23504638671875,0.8392596244812012
19,504.0018310546875,347.9548645019531,513.1136474609375,353.18463134765625,0.8189727663993835
19,416.6449279785156,244.77711486816406,423.2012023925781,250.50344848632812,0.8045695424079895
19,159.71510314941406,277.00775146484375,163.99337768554688,285.76007080078125,0.7845465540885925
19,290.40032958984375,278.08709716796875,297.5353698730469,282.4028625488281,0.7829893231391907
19,620.106201171875,348.2178649902344,626.1314086914062,353.482666015625,0.7814438343048096
19,182.4350128173828,217.7002410888672,187.12921142578125,226.0374298095703,0.7808526754379272
19,516.107177734375,326.2317199707031,520.1871337890625,335.2896728515625,0.7774062156677246
19,133.63438415527344,346.9564514160156,139.85118103027344,351.2608947753906,0.775321364402771
19,131.91952514648438,322.28936767578125,137.8547821044922,326.9186096191406,0.7676317691802979
19,285.3331604003906,339.6108703613281,289.3979187011719,348.116455078125,0.7636850476264954
19,515.109130859375,273.2185363769531,519.4881591796875,281.32147216796875,0.7629614472389221
19,266.9648742675781,347.0835876464844,274.48834228515625,350.95770263671875,0.7612473964691162
19,29.40530014038086,298.46417236328125,33.3958625793457,306.8662414550781,0.7601957321166992
19,43.30028533935547,170.00302124023438,47.3761100769043,179.06298828125,0.7497612833976746
19,427.2049255371094,349.1706237792969,434.5942077636719,352.9575500488281,0.7484322786331177
19,538.7658081054688,350.06494140625,544.3289794921875,354.3166198730469,0.744438111782074
19,308.8664855957031,341.1361999511719,312.4826965332031,349.04833984375,0.7406704425811768
19,69.409912109375,289.2636413574219,73.35039520263672,296.8692626953125,0.7379218935966492
19,665.8836059570312,305.7989196777344,669.85888671875,312.77392578125,0.7305428385734558
19,557.3845825195312,304.03753662109375,561.0009765625,310.2772216796875,0.7291479110717773
19,267.1694641113281,93.99935150146484,271.0233459472656,102.63298797607422,0.7262237071990967
19,32.851802825927734,344.8963928222656,40.48288345336914,351.02685546875,0.7199956178665161
19,6.4840216636657715,343.64764404296875,10.369449615478516,350.31475830078125,0.7171173095703125
19,162.62643432617188,344.6340026855469,167.0614013671875,348.3834228515625,0.7031955122947693
19,16.016963958740234,330.6625061035156,19.395475387573242,337.9478759765625,0.6951925754547119
19,300.4602355957031,346.4488525390625,304.6806640625,351.15106201171875,0.6816369295120239
19,557.2494506835938,264.054443359375,561.077880859375,269.1401062011719,0.6792430877685547
19,383.2533264160156,346.7161560058594,387.9210205078125,350.837646484375,0.6610838770866394
19,627.6319580078125,347.78363037109375,632.9361572265625,352.05865478515625,0.6226459741592407
19,404.3133850097656,349.3362121582031,410.1325988769531,353.5902404785156,0.6072387099266052
19,393.1885986328125,346.67083740234375,399.3731994628906,351.80670166015625,0.4876314401626587
19,396.1932067871094,346.38751220703125,402.8876037597656,351.5195007324219,0.47282421588897705
20,503.9977111816406,347.9900207519531,513.0438842773438,353.0871887207031,0.811439037322998
20,415.592529296875,244.44024658203125,422.19024658203125,249.9470977783203,0.8046383261680603
20,181.80975341796875,216.04574584960938,186.7938232421875,223.8552703857422,0.7745236158370972
20,266.8479919433594,347.0916442871094,274.63134765625,350.967041015625,0.7741237282752991
20,131.3046417236328,322.9061279296875,137.449462890625,327.76153564453125,0.7740757465362549
20,290.4571533203125,278.1842956542969,297.85784912109375,282.327880859375,0.7715515494346619
20,516.1122436523438,326.19073486328125,520.177978515625,335.161376953125,0.7711589336395264
20,134.6480712890625,346.92071533203125,140.69390869140625,351.1929931640625,0.7702493071556091
20,159.79534912109375,274.9429931640625,164.0072479248047,283.7724609375,0.7698543667793274
20,620.0817260742188,348.3767395019531,626.0389404296875,353.51397705078125,0.7694529891014099
20,299.3584289550781,345.4002380371094,305.7017822265625,350.5755615234375,0.76790851354599
20,30.344804763793945,345.0244140625,40.523555755615234,350.81036376953125,0.7593581080436707
20,247.2512664794922,344.5688781738281,253.94540405273438,348.5541687011719,0.7579384446144104
20,514.5643920898438,271.5247802734375,518.8392333984375,279.2972717285156,0.75457763671875
20,664.458740234375,304.6888732910156,668.687255859375,312.5659484863281,0.7499345541000366
20,538.6965942382812,350.0604248046875,544.3794555664062,354.2906188964844,0.740816593170166
20,68.77510833740234,287.59393310546875,72.9250717163086,295.1023254394531,0.738765299320221
20,29.603775024414062,296.1903991699219,33.54152297973633,304.7478942871094,0.7383855581283569
20,309.0317077636719,339.031982421875,312.4188537597656,346.9599914550781,0.7383383512496948
20,429.347412109375,349.2026062011719,436.3703308105469,352.8592224121094,0.7361449599266052
20,266.3385009765625,92.2191390991211,270.3984680175781,100.5416488647461,0.7290858030319214
20,557.4988403320312,303.1380615234375,561.1131591796875,309.5343017578125,0.7239296436309814
20,43.068695068359375,166.7091827392578,46.86429977416992,175.9296417236328,0.7201396226882935
20,557.4281005859375,263.8558349609375,561.2609252929688,268.8636779785156,0.6944342851638794
20,383.4679870605469,346.4794616699219,388.54541015625,350.5340576171875,0.6899473667144775
20,162.75967407226562,344.7394714355469,167.183837890625,348.4607849121094,0.6898643374443054
20,16.25902557373047,330.30548095703125,19.554222106933594,337.25665283203125,0.6727980375289917
20,404.8499450683594,349.6377868652344,410.3180847167969,353.58538818359375,0.6491527557373047
20,627.8497924804688,347.7464904785156,632.9583129882812,351.95477294921875,0.619905412197113
20,393.0534362792969,346.4481201171875,399.61419677734375,351.89569091796875,0.5687159299850464
20,396.04803466796875,346.0446472167969,402.4973449707031,351.37640380859375,0.5034022927284241
21,503.951171875,347.994384765625,512.9697265625,353.0857849121094,0.8145436644554138
21,414.86114501953125,244.333740234375,421.5289611816406,249.7288360595703,0.8045918941497803
21,247.62864685058594,341.51263427734375,253.3125457763672,347.3694763183594,0.7902886867523193
21,181.10707092285156,213.76138305664062,185.81536865234375,221.88494873046875,0.7851819396018982
21,290.5184326171875,277.78857421875,297.8674621582031,282.16143798828125,0.7832335233688354
21,266.8434143066406,347.05450439453125,274.4403381347656,350.99700927734375,0.7829524278640747
21,516.1332397460938,326.101318359375,520.214599609375,335.2166442871094,0.7757089138031006
21,299.3651123046875,345.1544494628906,305.1603698730469,351.1954040527344,0.7745397090911865
21,27.88689422607422,346.79034423828125,35.586219787597656,351.01092529296875,0.7739912867546082
21,130.58035278320312,323.54046630859375,136.8401336669922,328.5523986816406,0.7708407640457153
21,135.31849670410156,346.9636535644531,141.1275634765625,351.2142333984375,0.769966721534729
21,159.95069885253906,273.45477294921875,164.14283752441406,282.20867919921875,0.7695558071136475
21,513.9490966796875,270.0780029296875,518.2676391601562,278.2449645996094,0.7651169896125793
21,308.5619812011719,337.5587463378906,312.3740234375,345.39935302734375,0.7611379623413086
21,29.314960479736328,294.797607421875,33.390769958496094,303.2938537597656,0.7482687830924988
21,538.767333984375,350.06011962890625,544.33935546875,354.3128662109375,0.7446485161781311
21,265.7903137207031,89.98783111572266,270.04736328125,98.46533203125,0.7423375844955444
21,664.6910400390625,304.6967468261719,668.3751220703125,313.6661071777344,0.741374671459198
21,620.1103515625,348.3619384765625,626.0437622070312,353.5947265625,0.7392304539680481
21,430.1607360839844,348.97662353515625,436.67547607421875,352.8291931152344,0.7381805181503296
21,43.07971954345703,162.92628479003906,47.008724212646484,172.0973663330078,0.7310060858726501
21,68.74517059326172,286.0599670410156,72.6074447631836,293.942138671875,0.7301332950592041
21,33.424068450927734,344.9200439453125,40.399898529052734,349.770751953125,0.7259581685066223
21,557.5469360351562,302.93670654296875,561.1331176757812,309.3454284667969,0.724930465221405
21,405.1127624511719,349.80828857421875,410.34906005859375,353.7339782714844,0.7043068408966064
21,383.5556335449219,345.9219665527344,388.619873046875,350.41253662109375,0.7012526988983154
21,557.5013427734375,263.866943359375,561.2559814453125,268.7955017089844,0.6955006718635559
21,162.984619140625,344.8256530761719,167.3416748046875,348.5947570800781,0.683231770992279
21,15.960577011108398,329.9382629394531,19.447032928466797,337.496337890625,0.6778039932250977
21,394.9446105957031,346.0506896972656,401.5812072753906,351.9952697753906,0.6674513220787048
21,629.4686279296875,347.5055847167969,634.0023803710938,351.81756591796875,0.645302951335907
21,392.7812805175781,346.24139404296875,399.15191650390625,351.8206787109375,0.46555817127227783
22,503.9247741699219,347.8839416503906,512.874267578125,353.00823974609375,0.808800458908081
22,413.75469970703125,244.2616729736328,420.52423095703125,249.35012817382812,0.8033154606819153
22,26.411968231201172,346.54705810546875,33.85105514526367,350.68426513671875,0.7829951047897339
22,290.4118347167969,277.68609619140625,297.764892578125,282.0616455078125,0.7789821028709412
22,32.52947998046875,344.79937744140625,39.52869415283203,349.31048583984375,0.7752382159233093
22,253.110107421875,345.365478515625,259.9985656738281,349.2842102050781,0.7688852548599243
22,129.7447967529297,324.0368347167969,135.6935272216797,329.020751953125,0.7672843933105469
22,516.1978149414062,326.14404296875,520.2533569335938,335.2095642089844,0.7649377584457397
22,136.07777404785156,346.9390869140625,141.96487426757812,351.1728820800781,0.763359785079956
22,160.17425537109375,271.72271728515625,164.390380859375,280.6288146972656,0.7581978440284729
22,620.3231811523438,348.09442138671875,626.2180786132812,353.48040771484375,0.7577378153800964
22,513.73486328125,268.5046081542969,518.122314453125,276.66259765625,0.7558519244194031
22,266.63873291015625,346.97222900390625,274.2542724609375,350.8705749511719,0.7557185888290405
22,298.25897216796875,345.2625732421875,304.92584228515625,351.0278625488281,0.7510502338409424
22,29.810678482055664,292.82391357421875,33.929901123046875,301.2608337402344,0.7447417974472046
22,181.05789184570312,210.4066162109375,185.4069061279297,218.78887939453125,0.7423709034919739
22,265.7027893066406,87.22706604003906,269.69873046875,95.60330963134766,0.74127596616745
22,538.7532958984375,350.091796875,544.3250732421875,354.2652587890625,0.7376402616500854
22,307.47528076171875,335.11700439453125,311.1952209472656,342.343017578125,0.7369102239608765
22,431.24359130859375,348.9051208496094,437.871337890625,352.8319396972656,0.7349907755851746
22,658.9025268554688,319.0875244140625,663.8056640625,323.3404541015625,0.7300232648849487
22,68.5317153930664,285.1280212402344,72.41539764404297,293.0365905761719,0.7204570174217224
22,42.95401382446289,159.54153442382812,46.74593734741211,168.0897979736328,0.719143807888031
22,557.6145629882812,302.9676513671875,561.2095947265625,309.3016662597656,0.7144293785095215
22,630.635498046875,346.6700744628906,635.208740234375,351.1660461425781,0.7130325436592102
22,163.38450622558594,344.9837341308594,167.89169311523438,348.9326477050781,0.70123291015625
22,382.5784912109375,345.5297546386719,388.15850830078125,349.8423767089844,0.6986086964607239
22,405.0150146484375,349.7991638183594,410.34051513671875,353.68316650390625,0.6978327035903931
22,557.4784545898438,263.8429260253906,561.2910766601562,268.82257080078125,0.6966432929039001
22,15.98337173461914,329.4624328613281,19.42137908935547,337.28857421875,0.6749648451805115
22,392.77490234375,346.2130126953125,399.72344970703125,351.8818359375,0.6713775992393494
22,396.4270935058594,346.17156982421875,402.9439392089844,352.5990905761719,0.4141608476638794
23,504.0036315917969,347.70782470703125,512.9155883789062,353.0549011230469,0.8174448609352112
23,412.5837707519531,243.89610290527344,419.6468811035156,249.09800720214844,0.8133928179740906
23,620.3406372070312,348.20751953125,626.5028076171875,353.5104675292969,0.7929621934890747
23,129.05445861816406,324.1494140625,134.99429321289062,329.68353271484375,0.7920717000961304
23,24.923654556274414,346.4380798339844,31.926300048828125,350.5529479980469,0.7828052639961243
23,660.8401489257812,328.08587646484375,665.4981689453125,335.5819396972656,0.7820624113082886
23,290.25152587890625,277.5592346191406,297.5071105957031,282.034423828125,0.7783480286598206
23,516.2660522460938,326.1200866699219,520.3339233398438,335.195556640625,0.776440441608429
23,136.6616668701172,346.98663330078125,142.7758331298828,351.16326904296875,0.7761886715888977
23,513.4866943359375,267.2615661621094,517.8912353515625,275.5542297363281,0.7711063623428345
23,32.47958755493164,344.55859375,38.919334411621094,348.9107666015625,0.7689188718795776
23,160.41342163085938,269.94415283203125,164.62294006347656,278.7899475097656,0.7648862600326538
23,631.5955200195312,345.69744873046875,636.2461547851562,350.9205017089844,0.751812219619751
23,30.102697372436523,291.00042724609375,34.0413932800293,299.568603515625,0.7511864304542542
23,538.6978149414062,350.1415710449219,544.296875,354.3423156738281,0.7484403252601624
23,298.1556701660156,345.5111083984375,304.8699951171875,351.3387145996094,0.7454479932785034
23,265.1834411621094,85.4024429321289,269.1118469238281,93.87370300292969,0.7436856031417847
23,181.07369995117188,208.25347900390625,185.0676727294922,216.4467010498047,0.7386124730110168
23,432.1361083984375,349.1348571777344,438.8089294433594,352.89642333984375,0.7360875010490417
23,67.61071014404297,283.3637390136719,71.59857177734375,290.90887451171875,0.7309110760688782
23,163.1175079345703,344.9529113769531,167.57608032226562,349.06011962890625,0.7216531038284302
23,557.4163208007812,264.5160827636719,561.380126953125,269.8751220703125,0.7207247614860535
23,557.7100830078125,302.18328857421875,561.3255004882812,308.82568359375,0.7177668809890747
23,43.12960433959961,155.798583984375,46.825992584228516,164.4489288330078,0.71347576379776
23,266.8878479003906,346.1845397949219,274.60321044921875,351.1661682128906,0.7119978666305542
23,15.756653785705566,328.35028076171875,19.367979049682617,335.95751953125,0.7067219614982605
23,382.3537902832031,345.53668212890625,387.3820495605469,349.6935729980469,0.7045671343803406
23,307.2931823730469,332.99481201171875,311.0901184082031,340.779296875,0.6976792812347412
23,307.43670654296875,333.00018310546875,311.10003662109375,340.78741455078125,0.6572819352149963
23,404.44561767578125,349.82269287109375,409.5632629394531,353.7137451171875,0.6556095480918884
23,392.39947509765625,346.1952819824219,399.0993347167969,351.7392272949219,0.6424549221992493
23,271.417236328125,345.14013671875,279.12677001953125,350.3827209472656,0.6377750635147095
23,395.4866943359375,346.11199951171875,402.0794372558594,352.1239929199219,0.5566431879997253
24,412.2517395019531,243.5712127685547,419.414306640625,248.8522491455078,0.8208864331245422
24,128.86744689941406,324.5960388183594,134.7860565185547,330.36383056640625,0.7962215542793274
24,266.66778564453125,346.8255920410156,273.4299011230469,351.13458251953125,0.7869424819946289
24,290.11749267578125,277.2931213378906,297.01116943359375,281.78570556640625,0.7801639437675476
24,516.4172973632812,326.2532653808594,520.3072509765625,335.11395263671875,0.7795937657356262
24,137.2394561767578,346.9029846191406,143.2213592529297,351.0877685546875,0.7760507464408875
24,620.1386108398438,348.3517761230469,626.3156127929688,353.28466796875,0.7751657962799072
24,23.59844398498535,346.559326171875,30.478683471679688,350.6225891113281,0.7727104425430298
24,160.48248291015625,268.6160888671875,164.68270874023438,277.49884033203125,0.7700154185295105
24,513.2362670898438,266.5927734375,517.5409545898438,274.2824401855469,0.7676622867584229
24,30.128849029541016,289.6939392089844,34.02314758300781,298.2295837402344,0.7643476724624634
24,631.8414306640625,345.4111022949219,636.8228149414062,350.5009765625,0.7584633827209473
24,32.29737854003906,344.5376892089844,38.939453125,348.863037109375,0.7575438022613525
24,538.884033203125,350.2319641113281,544.2921142578125,354.372314453125,0.7493367195129395
24,180.73313903808594,205.39840698242188,185.08816528320312,213.80325317382812,0.7485044598579407
24,274.30841064453125,346.6759338378906,281.3415832519531,351.6903076171875,0.7419412136077881
24,163.2011260986328,345.08843994140625,167.90757751464844,349.43804931640625,0.740178108215332
24,298.7173767089844,345.7984924316406,305.30889892578125,351.4870300292969,0.739758312702179
24,432.7506408691406,349.1259460449219,439.3608093261719,352.7891540527344,0.7368515133857727
24,264.9306335449219,83.05139923095703,268.8341064453125,91.83000183105469,0.7353579998016357
24,556.988525390625,265.67254638671875,561.1861572265625,270.7605895996094,0.7352302074432373
24,43.132781982421875,152.4469757080078,46.9002571105957,161.1515655517578,0.733011782169342
24,67.24362182617188,282.6174621582031,71.15840911865234,289.6197204589844,0.730236828327179
24,557.797607421875,301.24530029296875,561.515869140625,307.79736328125,0.7280424237251282
24,15.906458854675293,327.18157958984375,19.467182159423828,334.9180603027344,0.7256554961204529
24,307.4310302734375,331.2052917480469,310.9183654785156,338.7967529296875,0.7144354581832886
24,382.4809875488281,345.71563720703125,387.0232238769531,349.7652587890625,0.7020652294158936
24,665.6466064453125,347.3433837890625,668.958251953125,353.40936279296875,0.6795492172241211
24,404.0126647949219,349.8043212890625,409.29058837890625,353.9108581542969,0.6349875926971436
24,392.3555603027344,346.247802734375,398.9506530761719,351.6664123535156,0.6174713969230652
24,503.5249328613281,346.24615478515625,508.46697998046875,352.4344482421875,0.5768773555755615
24,395.3650817871094,346.1474609375,402.03216552734375,351.9281005859375,0.5616242289543152
24,507.0662536621094,347.3293151855469,513.4710083007812,353.80078125,0.5409541726112366
25,411.4191589355469,243.26211547851562,418.2574768066406,248.69940185546875,0.8148254752159119
25,127.98543548583984,325.2436218261719,133.33816528320312,331.5621032714844,0.7937766909599304
25,290.0361633300781,277.1026916503906,297.1823425292969,281.7661437988281,0.7837274670600891
25,266.63177490234375,346.79266357421875,273.6090393066406,351.0128173828125,0.7812267541885376
25,22.717927932739258,346.6134948730469,29.32912826538086,350.7596435546875,0.7743304371833801
25,160.46133422851562,266.72723388671875,164.5764617919922,275.5733642578125,0.7723008394241333
25,620.0509033203125,348.1815490722656,626.0264892578125,353.30242919921875,0.7707852125167847
25,516.404541015625,326.1896667480469,520.3120727539062,335.2108459472656,0.770172655582428
25,512.8987426757812,264.8421325683594,517.2536010742188,272.71746826171875,0.7654312252998352
25,136.84075927734375,347.30999755859375,142.301513671875,351.2784118652344,0.7619804739952087
25,32.13124084472656,344.46929931640625,38.80685043334961,348.8381652832031,0.7616974711418152
25,298.5062255859375,345.43353271484375,305.1114807128906,351.74041748046875,0.7576409578323364
25,180.8026123046875,203.11968994140625,185.1417694091797,211.4803009033203,0.7528268694877625
25,538.8370361328125,350.2563171386719,544.2830810546875,354.3831481933594,0.7498617172241211
25,66.54965209960938,282.36273193359375,70.90201568603516,288.4309387207031,0.7497259378433228
25,30.331186294555664,288.3669128417969,34.12993240356445,296.91650390625,0.7490069270133972
25,556.4981079101562,266.6443176269531,561.1593627929688,271.7828674316406,0.7488234639167786
25,632.2455444335938,345.2344055175781,636.9539184570312,350.0433349609375,0.7472259402275085
25,664.43701171875,348.2322998046875,669.3800048828125,352.6073913574219,0.7465006113052368
25,433.19256591796875,349.0269470214844,439.9302062988281,352.8538818359375,0.7460973262786865
25,306.23492431640625,328.34759521484375,310.2942810058594,336.32421875,0.7451563477516174
25,43.6214599609375,148.94210815429688,47.47006607055664,157.5550537109375,0.7430109977722168
25,163.18240356445312,345.08245849609375,167.8622283935547,349.4403381347656,0.7358328104019165
25,264.5314025878906,80.42945098876953,268.2658996582031,89.1362533569336,0.7284465432167053
25,557.8406982421875,299.0139465332031,561.5398559570312,305.97296142578125,0.7254235148429871
25,504.9039306640625,347.0832214355469,513.0122680664062,353.21954345703125,0.7167890667915344
25,15.725110054016113,326.4044494628906,19.048213958740234,334.02777099609375,0.6998162865638733
25,272.9355163574219,347.4313659667969,280.359130859375,351.5090026855469,0.6835210919380188
25,382.424560546875,345.76336669921875,386.6702880859375,349.90673828125,0.6743599772453308
25,404.2886657714844,349.8002014160156,409.2626953125,353.9556579589844,0.6531726121902466
25,392.22381591796875,346.1260681152344,398.65191650390625,351.713623046875,0.6171134114265442
25,395.58612060546875,346.1504211425781,402.2245788574219,352.4822998046875,0.5466951727867126
26,410.8636779785156,243.12733459472656,417.5472106933594,248.68421936035156,0.8151342272758484
26,505.48651123046875,347.4956970214844,513.2215576171875,353.0169677734375,0.8123307228088379
26,127.56158447265625,325.9753723144531,132.53355407714844,332.8207702636719,0.7927179336547852
26,266.635498046875,346.7122497558594,273.58984375,350.9305114746094,0.787552535533905
26,619.9921875,348.2100830078125,626.2059326171875,353.3513488769531,0.7853796482086182
26,290.034423828125,277.05291748046875,297.1070251464844,281.6542053222656,0.7850303053855896
26,160.65255737304688,265.80157470703125,164.8304901123047,274.1378173828125,0.7738535404205322
26,180.03839111328125,200.88629150390625,184.54757690429688,209.23281860351562,0.773501455783844
26,516.3065185546875,326.1224365234375,520.300537109375,335.10491943359375,0.7716677784919739
26,298.3155212402344,345.771728515625,305.09228515625,351.3169250488281,0.7707560062408447
26,65.52977752685547,281.8238830566406,70.37751007080078,287.9126281738281,0.770401120185852
26,32.05279541015625,344.4632263183594,38.97785186767578,348.8871154785156,0.7701427340507507
26,21.345251083374023,346.7549743652344,28.717388153076172,350.8526611328125,0.7666499614715576
26,555.3662109375,267.197265625,560.4628295898438,272.41876220703125,0.7616927623748779
26,136.89353942871094,347.4620056152344,142.23992919921875,351.4512634277344,0.7603254318237305
26,305.27606201171875,325.8836669921875,309.32666015625,333.98468017578125,0.75624680519104
26,433.2475280761719,348.7640686035156,439.84368896484375,352.8936462402344,0.7560552358627319
26,30.66843032836914,287.7110595703125,34.40616226196289,296.1935119628906,0.7498520612716675
26,664.1221923828125,348.49188232421875,669.1095581054688,352.5773620605469,0.7483742237091064
26,632.7958984375,345.09503173828125,637.224609375,349.888427734375,0.7471287846565247
26,43.72494125366211,145.80528259277344,47.655487060546875,154.3415069580078,0.7437860369682312
26,557.5784912109375,297.5625,561.3921508789062,304.6773376464844,0.7419213652610779
26,538.7979125976562,350.3213195800781,544.231689453125,354.49761962890625,0.7387747168540955
26,512.4263916015625,263.07305908203125,516.2881469726562,270.8771057128906,0.7351813316345215
26,162.65892028808594,345.1263122558594,167.2123260498047,349.2317810058594,0.7237259149551392
26,264.01568603515625,77.97311401367188,267.7120666503906,86.1746597290039,0.7196666598320007
26,272.8836669921875,347.34100341796875,280.460693359375,351.4368896484375,0.7179752588272095
26,15.644081115722656,325.09539794921875,19.121992111206055,333.1046447753906,0.7065563797950745
26,404.0892639160156,349.74102783203125,409.2548522949219,353.9748840332031,0.663865327835083
26,381.5604553222656,346.4651184082031,385.4169921875,350.5894470214844,0.6492794156074524
26,392.1569519042969,346.3892517089844,398.6487731933594,351.73052978515625,0.6347558498382568
26,395.7900695800781,346.4283142089844,402.4629821777344,352.13067626953125,0.5632398128509521
27,409.8779296875,242.82998657226562,416.6639404296875,247.92942810058594,0.808719277381897
27,505.6664123535156,347.73419189453125,513.2158813476562,353.08575439453125,0.8074667453765869
27,127.44120788574219,326.49859619140625,132.7698516845703,333.6440124511719,0.8044487237930298
27,290.0533447265625,276.98162841796875,297.11370849609375,281.58740234375,0.7816386222839355
27,65.2616195678711,281.18109130859375,70.24446868896484,287.4738464355469,0.779582679271698
27,619.9633178710938,348.6808166503906,626.6419677734375,353.41900634765625,0.7776857018470764
27,304.0309143066406,323.8034973144531,308.4291076660156,331.2901611328125,0.7762553691864014
27,516.0339965820312,325.754150390625,520.2172241210938,334.775390625,0.7723051905632019
27,31.99587059020996,344.4516906738281,39.05392074584961,348.9059753417969,0.7707626223564148
27,160.57525634765625,263.9713439941406,164.74383544921875,272.7982177734375,0.7705654501914978
27,180.0519561767578,198.25314331054688,184.4593048095703,206.7706756591797,0.7671898007392883
27,21.303743362426758,346.7828369140625,28.219160079956055,350.8774108886719,0.766405463218689
27,298.2566223144531,345.9909362792969,305.0188903808594,350.98199462890625,0.766074538230896
27,263.41595458984375,74.92327117919922,267.61956787109375,83.5916748046875,0.7656700611114502
27,266.747314453125,346.8239440917969,273.49871826171875,350.9337463378906,0.7628080248832703
27,136.75360107421875,347.57928466796875,142.1647186279297,351.6346130371094,0.761128842830658
27,511.62432861328125,261.0960388183594,515.8163452148438,269.0494689941406,0.7561168074607849
27,44.399253845214844,141.87411499023438,48.44831466674805,150.4248809814453,0.7543260455131531
27,557.1333618164062,295.7570495605469,561.1094360351562,303.0967102050781,0.7526529431343079
27,30.5400447845459,286.7690124511719,34.52471923828125,295.0611877441406,0.7485556602478027
27,555.0664672851562,267.140625,559.77490234375,271.9836730957031,0.7384301424026489
27,633.079833984375,345.0245056152344,637.4231567382812,349.8869323730469,0.721684455871582
27,273.2000427246094,347.4295349121094,280.66424560546875,351.52972412109375,0.7216472625732422
27,162.49432373046875,345.05908203125,167.08326721191406,349.0538024902344,0.7196618914604187
27,539.00830078125,350.2669372558594,544.1917724609375,354.5062255859375,0.7141721248626709
27,15.547947883605957,324.22412109375,18.593639373779297,331.97406005859375,0.6924801468849182
27,433.10577392578125,348.78857421875,437.61163330078125,353.0480651855469,0.6839525103569031
27,664.2921142578125,348.5895080566406,668.4337768554688,352.99700927734375,0.6461858749389648
27,381.6277160644531,346.4812316894531,385.492431640625,350.56439208984375,0.6267641186714172
27,392.09063720703125,346.4073791503906,398.6670227050781,351.76104736328125,0.6220949292182922
27,404.30926513671875,349.7342834472656,409.5267639160156,353.871337890625,0.6174820065498352
27,396.21966552734375,346.3967590332031,402.7664489746094,352.2090759277344,0.5475872755050659
28,506.5447082519531,347.8321533203125,513.6494140625,352.8033752441406,0.8102672696113586
28,127.1907958984375,326.8070373535156,132.04351806640625,334.17059326171875,0.7928953766822815
28,410.6678771972656,241.25328063964844,416.0238037109375,247.96176147460938,0.7902637720108032
28,290.0350036621094,276.9732971191406,297.1490478515625,281.5312805175781,0.7841486930847168
28,515.9157104492188,325.22967529296875,520.1473999023438,334.6721496582031,0.7825453281402588
28,620.04052734375,348.8355407714844,626.7898559570312,353.4125671386719,0.7772572636604309
28,511.2390441894531,259.25164794921875,515.7139892578125,267.80889892578125,0.7715887427330017
28,32.50244903564453,344.4908752441406,38.79952621459961,348.97906494140625,0.7672999501228333
28,160.5303497314453,262.763671875,164.6427001953125,271.2746887207031,0.7657843232154846
28,65.44755554199219,279.58447265625,69.82638549804688,287.37542724609375,0.7648922801017761
28,136.78172302246094,347.6754150390625,142.3057403564453,351.6601867675781,0.7623158693313599
28,302.3011474609375,321.73638916015625,306.9912109375,328.79833984375,0.7598784565925598
28,557.07177734375,293.7080383300781,561.227783203125,300.8371887207031,0.7581499814987183
28,180.5299835205078,196.53041076660156,184.5675811767578,204.69068908691406,0.7581391334533691
28,262.53460693359375,72.65375518798828,266.6325988769531,81.24998474121094,0.7546040415763855
28,298.3870544433594,345.5107727050781,305.4507751464844,351.03118896484375,0.7534024119377136
28,43.748558044433594,138.6636199951172,47.71059036254883,147.40811157226562,0.7526307106018066
28,30.594022750854492,285.6019592285156,34.67035675048828,293.8599853515625,0.7475249171257019
28,21.45682716369629,345.65460205078125,28.168594360351562,350.52813720703125,0.7474377751350403
28,554.3171997070312,267.24951171875,559.6513061523438,271.78167724609375,0.7448671460151672
28,266.2611389160156,347.15740966796875,273.0257873535156,351.02490234375,0.7407473921775818
28,162.52008056640625,345.0585021972656,167.06951904296875,349.01898193359375,0.7186366319656372
28,539.0750122070312,350.2589111328125,544.2435913085938,354.497802734375,0.7183857560157776
28,633.4192504882812,345.0644226074219,637.58203125,349.79571533203125,0.7144685387611389
28,432.50042724609375,348.5391540527344,437.29571533203125,353.04962158203125,0.7109086513519287
28,273.23663330078125,347.4096374511719,280.8808288574219,351.52801513671875,0.7071273326873779
28,663.9620361328125,348.5779113769531,668.2371826171875,352.8843688964844,0.6760821342468262
28,382.369140625,346.0422058105469,386.8760681152344,350.5660400390625,0.6615864634513855
28,15.359613418579102,322.873046875,18.125944137573242,330.68048095703125,0.6609430313110352
28,404.4749450683594,349.69171142578125,409.6940002441406,353.881103515625,0.6468307971954346
28,392.2125549316406,346.5465393066406,398.6906433105469,351.80523681640625,0.6209179759025574
28,395.8563232421875,346.5867614746094,402.5650939941406,352.2569580078125,0.5553387403488159
29,507.2697448730469,347.98876953125,514.0410766601562,352.96697998046875,0.8041853904724121
29,126.78482055664062,326.9731140136719,131.66856384277344,334.7292785644531,0.7970725893974304
29,515.7106323242188,324.84197998046875,520.1846313476562,334.0083923339844,0.7917165160179138
29,410.7812194824219,239.39886474609375,415.5163879394531,247.44512939453125,0.7832576036453247
29,290.1425476074219,277.2208557128906,297.29718017578125,281.569091796875,0.7803614139556885
29,300.751708984375,320.5886535644531,305.9339599609375,326.7182312011719,0.7780013084411621
29,553.1244506835938,265.6119384765625,558.6749267578125,270.99163818359375,0.7779476642608643
29,620.1187744140625,348.83428955078125,627.0264892578125,353.3289489746094,0.7751838564872742
29,510.31146240234375,257.3656311035156,514.6053466796875,265.4449157714844,0.7750398516654968
29,136.66253662109375,347.725830078125,142.2626953125,351.6955871582031,0.7739490866661072
29,32.31451416015625,344.1353454589844,38.8096923828125,348.771484375,0.7714194655418396
29,299.0527648925781,344.9687194824219,305.445068359375,351.0098571777344,0.7702433466911316
29,22.346736907958984,344.5857849121094,28.49455451965332,350.5666198730469,0.7634923458099365
29,160.6261749267578,260.66485595703125,164.66595458984375,269.5066223144531,0.7632258534431458
29,266.3204650878906,346.89813232421875,273.20159912109375,350.95355224609375,0.7628172039985657
29,262.2328796386719,70.39830780029297,266.3687744140625,79.15929412841797,0.7606617212295532
29,30.657560348510742,285.51837158203125,34.7255744934082,293.8260192871094,0.756973385810852
29,180.88626098632812,194.2491912841797,184.87606811523438,202.71774291992188,0.7558434009552002
29,65.2950668334961,277.17529296875,69.23299407958984,285.7051086425781,0.7550392746925354
29,44.50398254394531,135.58482360839844,48.42401123046875,144.12564086914062,0.7503310441970825
29,557.2994384765625,292.258544921875,561.0968017578125,299.71173095703125,0.749174952507019
29,430.8305969238281,348.3553161621094,436.1944580078125,352.5152587890625,0.7391644716262817
29,162.46063232421875,345.1010437011719,167.01473999023438,349.0579528808594,0.7264168858528137
29,539.1923828125,350.3126525878906,544.2966918945312,354.4766540527344,0.7210514545440674
29,633.1854858398438,345.171875,637.3854370117188,349.8865661621094,0.7142423391342163
29,382.5436706542969,344.6825866699219,386.6031799316406,350.524169921875,0.7023353576660156
29,273.8559875488281,347.5950622558594,281.4535827636719,351.65863037109375,0.6876197457313538
29,15.307205200195312,321.6036376953125,18.12462615966797,329.61328125,0.6868963837623596
29,663.9447631835938,348.5445251464844,668.3469848632812,352.85235595703125,0.6779905557632446
29,405.2807922363281,349.32568359375,410.0062255859375,353.7308044433594,0.6731082201004028
29,392.28240966796875,346.59716796875,398.9045715332031,352.23876953125,0.6253795623779297
29,396.0777893066406,347.02618408203125,403.08587646484375,353.6411437988281,0.5870755314826965
30,507.2859191894531,347.9163513183594,514.4200439453125,353.0597229003906,0.8129012584686279
30,515.7400512695312,324.520751953125,520.2102661132812,333.4456787109375,0.7918997406959534
30,126.46366882324219,327.7690124511719,131.13462829589844,335.429931640625,0.7875250577926636
30,509.94244384765625,256.09686279296875,514.3654174804688,264.0340881347656,0.782219409942627
30,410.62408447265625,237.35101318359375,415.2759094238281,245.64796447753906,0.7817403674125671
30,160.25091552734375,259.65594482421875,164.4892120361328,268.53741455078125,0.7797321081161499
30,290.2187194824219,277.48028564453125,297.4051513671875,281.6631164550781,0.7788739800453186
30,620.1702270507812,348.8270263671875,627.0267333984375,353.2649230957031,0.7768991589546204
30,299.3006591796875,344.7821350097656,305.3038330078125,351.0323486328125,0.776483952999115
30,136.64064025878906,347.7337646484375,142.19105529785156,351.75152587890625,0.7759584784507751
30,430.0864562988281,348.1695251464844,435.45196533203125,352.46368408203125,0.7745422720909119
30,552.4093017578125,264.20025634765625,557.7176513671875,270.09527587890625,0.7740027904510498
30,298.5661926269531,318.3843078613281,303.66168212890625,324.256591796875,0.7689855694770813
30,21.96866798400879,343.6786193847656,27.91466522216797,350.5947570800781,0.7689574956893921
30,31.935588836669922,343.96270751953125,38.61746597290039,348.7847595214844,0.7684493660926819
30,44.3917236328125,132.3449249267578,48.55805587768555,141.21043395996094,0.7619456052780151
30,265.39996337890625,347.152587890625,272.2061462402344,351.1253356933594,0.7590790390968323
30,30.687665939331055,285.5644836425781,34.731754302978516,293.9677734375,0.754448413848877
30,65.1919174194336,275.3347473144531,69.24898529052734,284.1948547363281,0.7544388771057129
30,261.36761474609375,68.3035659790039,265.69732666015625,76.87310791015625,0.7543872594833374
30,181.47560119628906,192.0319366455078,185.49810791015625,200.54454040527344,0.7487188577651978
30,557.5311889648438,290.082763671875,561.2735595703125,297.7206726074219,0.744802713394165
30,14.853829383850098,319.9078063964844,18.16084098815918,328.2375793457031,0.7369928359985352
30,395.90966796875,334.0037536621094,401.3316955566406,338.9739074707031,0.7315865159034729
30,162.3350372314453,345.19189453125,167.0255889892578,349.2207946777344,0.7297210693359375
30,382.2980041503906,344.12127685546875,386.81475830078125,350.4418029785156,0.7237793207168579
30,539.1632690429688,350.3086242675781,544.342041015625,354.4974670410156,0.7227473855018616
30,273.8076171875,347.54058837890625,281.2978515625,351.69110107421875,0.7199457883834839
30,633.0885620117188,345.15966796875,637.3333129882812,349.89044189453125,0.7141653299331665
30,392.2240905761719,347.4988708496094,397.7610168457031,353.1912841796875,0.7066457271575928
30,663.7736206054688,348.6359558105469,668.3287963867188,352.8360290527344,0.6769323945045471
30,396.82928466796875,347.5921936035156,403.122802734375,352.9649963378906,0.6476253271102905
30,31.993579864501953,343.8611145019531,38.54877853393555,348.7770690917969,0.5566926002502441
31,507.51043701171875,347.6822204589844,514.841552734375,352.9093933105469,0.8147696852684021
31,401.31793212890625,330.586669921875,406.1916198730469,338.7530822753906,0.8106145262718201
31,515.6748046875,324.03375244140625,520.1924438476562,333.2752990722656,0.7967889904975891
31,551.2923583984375,262.1790771484375,557.1113891601562,268.5953063964844,0.7902714610099792
31,296.8644714355469,316.5406494140625,302.3988037109375,322.71942138671875,0.7881202697753906
31,410.09503173828125,235.83058166503906,414.66229248046875,244.39682006835938,0.7859377861022949
31,557.44921875,288.30584716796875,561.4856567382812,296.43206787109375,0.7858341932296753
31,299.3605651855469,344.7315368652344,305.3146667480469,351.16455078125,0.7828349471092224
31,126.3897933959961,328.81390380859375,130.66262817382812,336.0322570800781,0.7817602753639221
31,136.6992950439453,347.53399658203125,142.24090576171875,351.6990051269531,0.7817001938819885
31,159.959716796875,257.84906005859375,164.23072814941406,266.7992858886719,0.781036376953125
31,290.13665771484375,277.3663024902344,297.3690490722656,281.6658020019531,0.7803362607955933
31,509.5373229980469,254.16970825195312,514.0535888671875,262.21234130859375,0.7783829569816589
31,181.98611450195312,189.56056213378906,186.2010040283203,197.98922729492188,0.7730954885482788
31,264.0835876464844,347.29132080078125,271.46612548828125,351.268798828125,0.7729552984237671
31,620.1829833984375,348.8079528808594,626.8781127929688,353.19525146484375,0.7715131044387817
31,31.45523452758789,343.81585693359375,38.40481948852539,348.6546325683594,0.7667106986045837
31,429.6217956542969,348.17181396484375,435.1744079589844,352.4251708984375,0.762400209903717
31,44.86806106567383,129.42266845703125,48.863285064697266,138.551025390625,0.7590586543083191
31,22.00801658630371,341.50189208984375,26.521913528442383,350.06817626953125,0.7574627995491028
31,34.708946228027344,278.5633544921875,38.521610260009766,286.53961181640625,0.7501563429832458
31,65.2228775024414,273.3639221191406,69.16877746582031,281.7845153808594,0.747337818145752
31,261.1570129394531,65.89281463623047,265.2412414550781,74.36070251464844,0.7394043803215027
31,162.3062744140625,345.1603698730469,166.98692321777344,349.3065490722656,0.7303294539451599
31,382.7433166503906,343.3101501464844,386.64666748046875,350.0165100097656,0.7219231724739075
31,539.2421875,350.24420166015625,544.2918701171875,354.3929443359375,0.7187077403068542
31,14.6688814163208,317.93609619140625,17.736839294433594,326.4200134277344,0.7141497135162354
31,632.9252319335938,345.2300720214844,637.2244262695312,350.03302001953125,0.7046178579330444
31,274.13226318359375,347.6257629394531,281.6971130371094,351.7864074707031,0.704198956489563
31,390.8397521972656,348.0927429199219,395.76275634765625,352.5605163574219,0.6956623196601868
31,663.9248657226562,348.5946960449219,668.3483276367188,352.7690124511719,0.654461145401001
31,397.0832824707031,346.9877624511719,402.7439270019531,351.36761474609375,0.5689497590065002
32,52.74319839477539,246.572509765625,58.37882614135742,254.423583984375,0.8330853581428528
32,378.0582580566406,289.23040771484375,382.5229797363281,299.79150390625,0.8192371726036072
32,507.70989990234375,347.6863708496094,515.1815185546875,352.8447570800781,0.8137216567993164
32,550.1983642578125,260.2397155761719,556.166748046875,266.9413146972656,0.7959806323051453
32,516.0568237304688,323.56842041015625,520.3529663085938,332.33355712890625,0.7953972816467285
32,295.4775085449219,315.3907470703125,301.09869384765625,321.8390808105469,0.7942380309104919
32,160.1165008544922,255.99488830566406,164.4926300048828,264.7363586425781,0.7906271815299988
32,263.4774169921875,347.4075622558594,270.95623779296875,351.53619384765625,0.7869832515716553
32,182.56350708007812,187.16500854492188,186.92474365234375,195.6140594482422,0.7861548066139221
32,289.9465637207031,277.21917724609375,297.33111572265625,281.65350341796875,0.7854558229446411
32,409.3670349121094,234.48849487304688,413.93963623046875,242.74143981933594,0.7849926352500916
32,136.66329956054688,347.54864501953125,142.25662231445312,351.6802673339844,0.7818122506141663
32,125.63053894042969,329.62310791015625,129.94419860839844,336.5323486328125,0.7786105275154114
32,557.3875732421875,287.1020812988281,561.57421875,294.7085266113281,0.7780870795249939
32,508.9726867675781,252.3329620361328,513.3922729492188,260.3974609375,0.77652508020401
32,299.3697509765625,344.8617248535156,305.2027587890625,351.2447509765625,0.7694279551506042
32,620.2196044921875,348.811767578125,626.9110717773438,353.2880554199219,0.7678541541099548
32,428.768798828125,348.0267028808594,434.8665466308594,352.28900146484375,0.7643378376960754
32,260.5195617675781,63.02785110473633,264.6610412597656,71.61643981933594,0.7588321566581726
32,65.0474624633789,270.4671936035156,68.7594223022461,279.0137023925781,0.7578929662704468
32,382.13348388671875,341.9891052246094,386.64373779296875,349.8578186035156,0.7574310302734375
32,45.03248596191406,127.15745544433594,48.957637786865234,135.8754425048828,0.7541612386703491
32,32.34805679321289,343.9000244140625,38.49329376220703,348.4451599121094,0.7522896528244019
32,162.62432861328125,345.13287353515625,167.24229431152344,349.38665771484375,0.7324304580688477
32,539.2608032226562,350.2731628417969,544.3627319335938,354.4623107910156,0.7253105640411377
32,14.057313919067383,316.07769775390625,17.30733871459961,324.5803527832031,0.7180975675582886
32,632.8595581054688,345.2206726074219,637.3462524414062,350.1297912597656,0.7141916751861572
32,274.18011474609375,347.59539794921875,281.750732421875,351.884765625,0.7106308937072754
32,22.0783748626709,340.15277099609375,25.545743942260742,348.79071044921875,0.7001875042915344
32,390.7317199707031,347.3359069824219,396.2915344238281,352.3334045410156,0.6720191836357117
32,397.0863342285156,346.9436340332031,404.0675354003906,351.12188720703125,0.6502614617347717
32,663.6080932617188,348.75604248046875,668.4935302734375,353.0226135253906,0.6278013586997986
33,64.5393295288086,212.56320190429688,70.03820037841797,219.6143035888672,0.8081976175308228
33,507.9590148925781,347.7714538574219,515.3515625,352.8193359375,0.8069232106208801
33,549.0304565429688,258.5367126464844,555.0250244140625,265.82550048828125,0.8020948767662048
33,124.7882308959961,330.7777404785156,129.8719482421875,336.6877746582031,0.7956998348236084
33,295.50506591796875,314.96502685546875,301.1547546386719,321.390380859375,0.7937135100364685
33,508.0176086425781,251.2192840576172,512.8585815429688,259.081787109375,0.7875602841377258
33,289.956298828125,277.2411193847656,297.2442932128906,281.73004150390625,0.7860372066497803
33,408.7441711425781,232.71597290039062,413.4311828613281,241.2392120361328,0.7833893895149231
33,182.94139099121094,185.1777801513672,187.4318084716797,193.3059844970703,0.7832549214363098
33,516.03125,323.0635681152344,520.2245483398438,331.53143310546875,0.7819554209709167
33,159.90208435058594,254.56983947753906,164.09922790527344,263.376953125,0.7801085114479065
33,262.8245849609375,347.6073303222656,270.8247375488281,351.59869384765625,0.7725951671600342
33,136.67637634277344,347.5576171875,142.30615234375,351.6626892089844,0.7709011435508728
33,299.47808837890625,344.7959899902344,305.211669921875,351.2437438964844,0.7699714303016663
33,378.3419494628906,243.84283447265625,382.53826904296875,252.2840576171875,0.7694692015647888
33,557.526123046875,286.0857849121094,561.6537475585938,293.61419677734375,0.7648151516914368
33,620.2427368164062,348.84857177734375,626.9424438476562,353.2654724121094,0.7638849020004272
33,29.90462303161621,344.3199462890625,36.39295196533203,348.6187438964844,0.759734034538269
33,428.5816345214844,348.1084899902344,434.68115234375,352.25592041015625,0.7575011849403381
33,381.637939453125,340.6308288574219,386.1311950683594,348.6823425292969,0.7572377920150757
33,46.05648422241211,124.74507141113281,50.070762634277344,133.14242553710938,0.7527294158935547
33,64.90709686279297,268.2594909667969,68.75669860839844,276.9772033691406,0.7487831115722656
33,259.7571716308594,60.5113525390625,263.6412658691406,68.84403991699219,0.7457268238067627
33,21.96751594543457,337.7234802246094,25.521154403686523,346.2539367675781,0.7440968751907349
33,162.41700744628906,345.17694091796875,167.0106964111328,349.1736145019531,0.7261121869087219
33,13.685752868652344,313.4314270019531,17.158403396606445,321.7922058105469,0.7230666875839233
33,390.9110412597656,347.46881103515625,397.3357849121094,352.3446350097656,0.7182646989822388
33,539.365478515625,350.32427978515625,544.36181640625,354.460693359375,0.7148683667182922
33,632.9776000976562,345.2306213378906,637.3748168945312,350.1282958984375,0.7095714211463928
33,274.3879699707031,347.85589599609375,281.9268798828125,351.8793029785156,0.7037172317504883
33,663.3362426757812,348.7832946777344,667.8338623046875,353.1972351074219,0.6241767406463623
33,396.1487121582031,346.8680419921875,404.2420654296875,351.25738525390625,0.5921058654785156
33,397.731201171875,346.8639831542969,404.546142578125,351.6153564453125,0.4063907265663147
34,547.9315185546875,256.3263244628906,553.9259643554688,263.4308166503906,0.7983152270317078
34,393.0508728027344,220.16526794433594,398.6557312011719,226.70997619628906,0.7964994311332703
34,68.66328430175781,221.8074951171875,74.5196533203125,226.89450073242188,0.7942920923233032
34,295.5259704589844,314.9774169921875,301.18975830078125,321.4738464355469,0.7940873503684998
34,506.39617919921875,250.47369384765625,512.23583984375,256.3563537597656,0.7925400137901306
34,262.3084411621094,347.6458740234375,269.620361328125,351.6233825683594,0.7890073657035828
34,408.453369140625,231.86865234375,413.31146240234375,239.60496520996094,0.7861565947532654
34,289.9665222167969,277.25750732421875,297.2175598144531,281.737060546875,0.7844010591506958
34,381.7299499511719,338.4279479980469,386.5005187988281,346.733642578125,0.7826811671257019
34,515.9019775390625,322.9468994140625,520.079345703125,331.3528137207031,0.7824839353561401
34,124.38128662109375,331.32489013671875,129.39727783203125,336.44677734375,0.7799788117408752
34,159.40234375,252.76467895507812,163.69827270507812,261.5712585449219,0.7788785099983215
34,183.19688415527344,181.97267150878906,187.49533081054688,190.6918182373047,0.7745189070701599
34,299.63250732421875,344.8965759277344,305.2083435058594,351.2195739746094,0.7736884355545044
34,136.62506103515625,347.56494140625,142.31866455078125,351.650146484375,0.7696172595024109
34,27.763961791992188,344.7558288574219,34.26919937133789,348.9876403808594,0.7693338394165039
34,557.4639892578125,284.3067626953125,561.5265502929688,291.794677734375,0.7665155529975891
34,45.91853713989258,122.3342514038086,49.88579177856445,130.68069458007812,0.7650619149208069
34,620.1964111328125,348.85186767578125,627.0960693359375,353.37310791015625,0.7607422471046448
34,508.2437744140625,347.5755615234375,516.2251586914062,353.0033874511719,0.7591137886047363
34,427.3336181640625,348.1490173339844,433.5346374511719,352.4971618652344,0.7561752796173096
34,22.23681640625,336.37255859375,25.762283325195312,344.68865966796875,0.7514215707778931
34,259.4233093261719,57.51832962036133,263.4529724121094,66.09981536865234,0.7477670907974243
34,65.03057098388672,266.14141845703125,68.91459655761719,274.64794921875,0.7453274130821228
34,13.533829689025879,312.2400207519531,16.65993309020996,320.64752197265625,0.7208070755004883
34,162.02064514160156,345.23016357421875,166.60342407226562,349.0857849121094,0.7190600633621216
34,539.5157470703125,350.3069763183594,544.3169555664062,354.3707275390625,0.7136532664299011
34,632.9110717773438,345.2598876953125,637.47021484375,350.2415466308594,0.7123478055000305
34,274.2884521484375,347.9133605957031,281.7027893066406,351.82794189453125,0.7075792551040649
34,663.2146606445312,348.8059997558594,667.5762939453125,353.2950439453125,0.5923411250114441
34,390.99639892578125,347.198974609375,398.1429443359375,352.966796875,0.5844438672065735
34,396.69073486328125,346.76531982421875,405.1775207519531,352.7540283203125,0.48043107986450195
35,64.1333236694336,227.2382049560547,70.37232208251953,233.27439880371094,0.8075475096702576
35,546.1734008789062,254.8131561279297,552.3601684570312,262.1866455078125,0.8068937063217163
35,505.0343017578125,249.47755432128906,511.34112548828125,255.12242126464844,0.8017516732215881
35,392.58367919921875,219.88536071777344,398.47662353515625,226.1136932373047,0.7983996868133545
35,295.5459289550781,315.3709716796875,301.33087158203125,321.4535827636719,0.7900917530059814
35,261.9054870605469,347.5128173828125,269.316650390625,351.7148742675781,0.7881264090538025
35,159.27725219726562,250.8659210205078,163.79461669921875,259.2878112792969,0.784831702709198
35,289.9854736328125,277.2503967285156,297.2640380859375,281.7437438964844,0.7822273373603821
35,299.72784423828125,344.98419189453125,305.34765625,351.19976806640625,0.7798036336898804
35,408.2008361816406,231.0186767578125,412.9095153808594,239.23033142089844,0.7797972559928894
35,382.6753234863281,336.37506103515625,387.2949523925781,345.0791931152344,0.7795339226722717
35,25.478219985961914,344.6271667480469,32.05138397216797,349.0934753417969,0.7743915915489197
35,183.31500244140625,179.66064453125,187.6576385498047,188.55267333984375,0.7730493545532227
35,516.2178955078125,322.54571533203125,520.2926025390625,331.0796203613281,0.7722228765487671
35,136.6282501220703,347.54852294921875,142.27578735351562,351.6507873535156,0.7696367502212524
35,46.243003845214844,119.77030181884766,50.247825622558594,128.1530303955078,0.7606380581855774
35,557.5274658203125,282.487548828125,561.4707641601562,290.0563049316406,0.7581164240837097
35,124.37896728515625,331.84228515625,129.20053100585938,336.3645324707031,0.7534996271133423
35,620.2261962890625,348.9145202636719,627.0286254882812,353.3680419921875,0.7503393888473511
35,64.8531494140625,263.3768005371094,68.80158233642578,272.0529479980469,0.746272623538971
35,426.48828125,348.2247009277344,432.3084716796875,352.4384765625,0.7441642880439758
35,258.140380859375,54.66866683959961,262.41094970703125,63.12209701538086,0.7346612811088562
35,22.419095993041992,335.3949279785156,25.870155334472656,343.57696533203125,0.7125439643859863
35,274.4034729003906,347.87054443359375,281.6935729980469,351.81988525390625,0.711778461933136
35,13.891539573669434,310.5736389160156,16.73517417907715,318.8801574707031,0.7078122496604919
35,162.10049438476562,345.3538818359375,166.52032470703125,349.16156005859375,0.7035651803016663
35,632.993896484375,345.2585144042969,637.41357421875,350.0555419921875,0.6945845484733582
35,539.4402465820312,350.3040466308594,544.323974609375,354.1923828125,0.6915183067321777
35,511.3695983886719,347.8589782714844,518.5964965820312,352.51385498046875,0.6821467280387878
35,507.01702880859375,347.5203552246094,513.4381103515625,352.51129150390625,0.6609634160995483
35,663.0811767578125,348.6781311035156,667.2665405273438,353.08148193359375,0.591381847858429
35,391.2274169921875,347.029052734375,398.2916259765625,352.721923828125,0.5693011283874512
35,396.30450439453125,346.869384765625,404.9014587402344,352.5855712890625,0.5534969568252563
35,625.6281127929688,347.4206848144531,631.9246826171875,351.9563903808594,0.5064657926559448
36,544.8279418945312,253.42486572265625,551.0552978515625,259.6639099121094,0.8126943111419678
36,391.5863342285156,218.94325256347656,397.7224426269531,225.45884704589844,0.8009185791015625
36,504.158447265625,248.30239868164062,509.8959655761719,254.05145263671875,0.7979212403297424
36,295.3526611328125,315.54534912109375,301.5401916503906,321.40252685546875,0.7962629795074463
36,383.07672119140625,334.7801818847656,387.96630859375,343.032470703125,0.7903346419334412
36,261.52960205078125,347.398193359375,269.0945739746094,351.58502197265625,0.7827708125114441
36,289.9902648925781,277.2810363769531,297.1058654785156,281.70843505859375,0.7822028994560242
36,407.83538818359375,230.18006896972656,412.5124206542969,238.50552368164062,0.7804740071296692
36,159.18954467773438,249.38929748535156,163.6676025390625,258.17694091796875,0.7777111530303955
36,136.53756713867188,347.4270324707031,142.3701629638672,351.6129455566406,0.7764236330986023
36,516.478271484375,322.06793212890625,520.5333862304688,330.6880187988281,0.7698479294776917
36,299.62872314453125,344.9423522949219,305.1041564941406,351.08868408203125,0.7678231000900269
36,557.5198974609375,281.7558898925781,561.4099731445312,288.8752746582031,0.762315571308136
36,181.6788330078125,181.621826171875,185.72767639160156,188.88055419921875,0.7609604001045227
36,257.79217529296875,51.71543502807617,262.0089111328125,60.33107376098633,0.7574290037155151
36,46.3303108215332,116.90126037597656,50.2812614440918,125.51023864746094,0.75331711769104
36,424.71087646484375,348.5641784667969,430.93389892578125,352.957275390625,0.7484737038612366
36,22.885250091552734,343.99786376953125,29.17858123779297,349.2689514160156,0.7478578686714172
36,620.28271484375,348.8707275390625,627.1602172851562,353.3789978027344,0.7449887990951538
36,68.69029998779297,238.3802490234375,72.67833709716797,245.78514099121094,0.7403806447982788
36,511.83074951171875,347.59765625,519.2005615234375,352.5514831542969,0.7380974292755127
36,65.08682250976562,260.53570556640625,68.80304718017578,269.05120849609375,0.7365069389343262
36,123.80550384521484,331.6512145996094,128.08265686035156,335.8096923828125,0.720152735710144
36,274.04205322265625,347.86029052734375,281.6732482910156,351.77435302734375,0.7034899592399597
36,162.24525451660156,345.518798828125,166.53561401367188,349.5082702636719,0.7029962539672852
36,539.4049682617188,350.3522644042969,544.4083862304688,354.3629150390625,0.6935979723930359
36,633.2545166015625,345.37451171875,637.6881103515625,350.0040588378906,0.6907787919044495
36,13.925089836120605,308.6254577636719,16.828371047973633,317.3180847167969,0.6900224685668945
36,506.7608947753906,347.2888488769531,512.7434692382812,352.3211364746094,0.6853649616241455
36,22.111228942871094,334.0733337402344,26.103105545043945,342.52801513671875,0.6835798621177673
36,662.839599609375,348.7521057128906,666.7514038085938,353.03375244140625,0.6284269690513611
36,394.41033935546875,346.37701416015625,404.1727600097656,352.9279479980469,0.5365179181098938
37,542.0794067382812,252.30552673339844,549.266357421875,258.2270812988281,0.8192411065101624
37,503.1636657714844,247.3557891845703,509.1973876953125,253.59434509277344,0.8064801096916199
37,390.8359069824219,217.86476135253906,396.90594482421875,224.5759735107422,0.8028525710105896
37,295.3873596191406,315.5887756347656,301.56524658203125,321.4446716308594,0.7910613417625427
37,290.0233154296875,277.302734375,297.21337890625,281.746337890625,0.7859596014022827
37,65.10811614990234,258.0426330566406,70.0618896484375,266.3962707519531,0.7822176218032837
37,136.53778076171875,347.3900146484375,142.45237731933594,351.6329345703125,0.7813253402709961
37,407.4879150390625,229.6663818359375,412.16802978515625,237.88047790527344,0.7802412509918213
37,422.8816833496094,348.7164306640625,429.2267150878906,353.0291442871094,0.7800869941711426
37,183.44578552246094,183.39154052734375,187.83102416992188,190.5958709716797,0.7782506942749023
37,158.63677978515625,248.24322509765625,163.1668701171875,256.7445068359375,0.7770881056785583
37,383.7563781738281,333.56390380859375,388.5541076660156,340.6817932128906,0.7767282724380493
37,260.59246826171875,347.415283203125,267.9842224121094,351.3163757324219,0.7764936089515686
37,516.8917236328125,321.5361328125,521.1873779296875,330.3886413574219,0.7677326798439026
37,557.5721435546875,279.9510192871094,561.4025268554688,287.646240234375,0.7654629349708557
37,299.4400634765625,344.97216796875,305.1776123046875,351.1650390625,0.76338791847229
37,19.934846878051758,344.0519104003906,26.365262985229492,349.1478271484375,0.7609338164329529
37,46.583473205566406,115.1785659790039,50.455745697021484,123.40412139892578,0.7493875026702881
37,507.0394592285156,347.1036682128906,513.6310424804688,352.20751953125,0.7479509711265564
37,257.1637878417969,49.248348236083984,261.07037353515625,57.80000686645508,0.745168924331665
37,513.3114624023438,347.6139831542969,519.7428588867188,352.0988464355469,0.7406083345413208
37,620.3251953125,348.390625,626.8839721679688,353.6046142578125,0.7125356197357178
37,390.9947814941406,346.7172546386719,396.1614685058594,352.3935546875,0.7061365246772766
37,22.151050567626953,332.22393798828125,26.052249908447266,340.9960632324219,0.7010862231254578
37,123.32562255859375,331.564453125,127.517822265625,335.65435791015625,0.7010252475738525
37,162.11868286132812,345.5632629394531,166.3711700439453,349.43408203125,0.695489227771759
37,633.05322265625,345.45111083984375,637.366943359375,350.1491394042969,0.6883454322814941
37,539.3958129882812,350.2905578613281,544.289794921875,354.31732177734375,0.6855806708335876
37,273.3642883300781,347.8764343261719,281.5258483886719,351.8386535644531,0.6642865538597107
37,396.5064392089844,346.80047607421875,403.281982421875,351.5730895996094,0.6588709950447083
37,662.720947265625,348.6784973144531,666.6571655273438,352.9621276855469,0.6559551954269409
37,13.786554336547852,306.4075622558594,17.124900817871094,315.01727294921875,0.652793824672699
37,625.8218383789062,347.21343994140625,631.93310546875,351.82928466796875,0.4256153702735901
38,540.135009765625,251.6589813232422,547.9423828125,256.63873291015625,0.8141723871231079
38,390.7752380371094,216.52423095703125,396.2980041503906,223.66627502441406,0.8013671040534973
38,384.6277770996094,331.9612731933594,390.805908203125,338.5190734863281,0.8008010983467102
38,502.274658203125,246.67794799804688,508.1454772949219,252.47824096679688,0.7991640567779541
38,158.33511352539062,246.8204803466797,163.010986328125,255.43788146972656,0.794549286365509
38,295.38629150390625,315.6559143066406,301.57464599609375,321.4433288574219,0.793360710144043
38,290.00732421875,277.3431396484375,297.18170166015625,281.8077392578125,0.7889952063560486
38,136.49053955078125,347.36993408203125,142.44247436523438,351.6468811035156,0.7880557775497437
38,611.6735229492188,346.1090393066406,617.1131591796875,351.9799499511719,0.7876443266868591
38,557.4561767578125,278.1725158691406,561.388671875,286.0287170410156,0.7863699793815613
38,407.0796813964844,228.76226806640625,411.8752746582031,237.0042266845703,0.7850164175033569
38,421.1870422363281,348.9725646972656,427.5662841796875,353.1956787109375,0.784831702709198
38,507.0924377441406,346.7750244140625,513.5698852539062,351.8600769042969,0.7800016403198242
38,183.76914978027344,182.8056182861328,188.0176239013672,191.63137817382812,0.7772905826568604
38,259.22088623046875,347.55078125,266.9990234375,351.5819396972656,0.771117627620697
38,516.9520263671875,321.0718994140625,521.145751953125,329.96466064453125,0.7684624195098877
38,299.19305419921875,344.783935546875,305.22222900390625,351.1001281738281,0.7652168869972229
38,514.1826782226562,347.3983459472656,519.9165649414062,351.68218994140625,0.7620872259140015
38,256.9182434082031,46.93983459472656,260.7248840332031,55.751220703125,0.7535397410392761
38,21.90534019470215,330.61590576171875,25.747224807739258,339.278076171875,0.7486992478370667
38,628.595947265625,321.4517822265625,632.1705322265625,328.9111328125,0.7458841800689697
38,65.12339782714844,255.55992126464844,68.91058349609375,264.0401611328125,0.7457144856452942
38,46.02854919433594,111.83705139160156,49.844810485839844,120.22209930419922,0.7402977347373962
38,390.15972900390625,346.86077880859375,395.0800476074219,353.0467224121094,0.7298310399055481
38,60.968814849853516,271.9817199707031,64.77049255371094,277.8085021972656,0.7271792888641357
38,17.901514053344727,344.3984375,23.873058319091797,348.6947326660156,0.7262656688690186
38,123.19824981689453,331.57623291015625,127.30223846435547,335.76983642578125,0.7057119607925415
38,633.7437744140625,345.6004638671875,638.1174926757812,350.1774597167969,0.7015465497970581
38,161.94371032714844,345.5364685058594,166.0547637939453,349.4675598144531,0.6980526447296143
38,539.4517211914062,350.2062072753906,544.091796875,354.1956481933594,0.69318687915802
38,13.490325927734375,304.5010070800781,16.672395706176758,312.7261657714844,0.6931217312812805
38,662.3504638671875,348.9703063964844,666.5576782226562,353.14697265625,0.6799618005752563
38,273.0470886230469,347.947998046875,281.1875305175781,351.9549865722656,0.6546028852462769
38,396.1325378417969,346.6948547363281,402.5683288574219,351.66265869140625,0.6306391358375549
39,538.1182861328125,250.78102111816406,545.7196044921875,255.91366577148438,0.8104645013809204
39,390.4549865722656,215.66966247558594,395.9759521484375,223.05250549316406,0.8069887161254883
39,295.39093017578125,315.60986328125,301.5644836425781,321.46954345703125,0.7939587831497192
39,385.8366394042969,331.0306396484375,392.1034240722656,337.3978576660156,0.7917475700378418
39,136.46775817871094,347.4378967285156,142.4488525390625,351.6640625,0.7915076017379761
39,289.986328125,277.3499755859375,297.2602233886719,281.84405517578125,0.7909970283508301
39,62.89923095703125,271.3771057128906,69.88544464111328,276.0098876953125,0.7908608913421631
39,419.34967041015625,348.7999572753906,425.5881652832031,353.17620849609375,0.7895062565803528
39,501.4988708496094,245.94683837890625,506.9395446777344,251.7041473388672,0.7886083722114563
39,157.8637237548828,245.31637573242188,162.48675537109375,253.79592895507812,0.7884832620620728
39,407.1951904296875,228.1962432861328,411.9364929199219,236.2820587158203,0.7810392379760742
39,183.81825256347656,182.5609588623047,188.17454528808594,191.54080200195312,0.7784342169761658
39,299.23895263671875,344.6399841308594,304.8578796386719,351.10467529296875,0.7732921838760376
39,506.9540100097656,346.9603576660156,513.8400268554688,352.21142578125,0.7699320316314697
39,611.406982421875,341.71881103515625,616.2360229492188,349.7986755371094,0.766655683517456
39,557.1781616210938,276.68292236328125,560.989013671875,284.858642578125,0.7646767497062683
39,257.7317810058594,347.4758605957031,265.7979736328125,351.42144775390625,0.7601041197776794
39,517.0142822265625,320.7793273925781,521.1908569335938,329.58489990234375,0.757813572883606
39,45.269657135009766,108.50857543945312,49.188377380371094,117.09014129638672,0.7461475133895874
39,633.49072265625,344.7442321777344,638.2889404296875,350.3281555175781,0.744595468044281
39,514.2415161132812,347.3631896972656,520.0337524414062,351.6208801269531,0.7427036762237549
39,65.00630950927734,252.97984313964844,68.69713592529297,261.750732421875,0.7385004758834839
39,255.27037048339844,44.00690460205078,259.3515930175781,52.411842346191406,0.7357299327850342
39,15.863393783569336,344.9830017089844,22.180356979370117,349.30963134765625,0.7356827855110168
39,22.364099502563477,328.61627197265625,25.853302001953125,337.59857177734375,0.7343870401382446
39,389.3351745605469,347.2248229980469,394.84002685546875,352.3725280761719,0.7141915559768677
39,13.294825553894043,302.4993591308594,16.298221588134766,310.55609130859375,0.7060369253158569
39,161.44784545898438,345.736572265625,165.585205078125,349.62969970703125,0.693145215511322
39,273.3824157714844,347.887939453125,281.0703430175781,351.92901611328125,0.6800072193145752
39,123.03286743164062,330.88641357421875,127.08885192871094,335.3723449707031,0.6799356341362
39,539.537109375,350.0930480957031,544.0792846679688,354.10430908203125,0.673018217086792
39,396.39892578125,346.49676513671875,402.84576416015625,351.27862548828125,0.6666749119758606
39,662.064208984375,349.0331115722656,666.6906127929688,353.1002502441406,0.6658145189285278
40,389.422607421875,214.63380432128906,395.05975341796875,222.22398376464844,0.8133012056350708
40,295.3353576660156,315.7579650878906,301.6401062011719,321.5326843261719,0.7990028858184814
40,500.9502258300781,245.17613220214844,506.39752197265625,251.2784881591797,0.7965230345726013
40,536.4117431640625,250.11685180664062,543.8549194335938,255.03402709960938,0.7946078181266785
40,136.36399841308594,347.3652648925781,142.2699737548828,351.6203918457031,0.7938368320465088
40,290.0467224121094,277.4609069824219,297.338134765625,281.8216552734375,0.7912545800209045
40,157.67271423339844,243.74334716796875,162.1002197265625,252.42385864257812,0.7856884002685547
40,406.9462890625,228.0229949951172,411.7229309082031,236.31826782226562,0.784733772277832
40,299.10736083984375,344.5259704589844,304.3915100097656,351.0675964355469,0.7798458933830261
40,183.60118103027344,181.58709716796875,187.95175170898438,190.25733947753906,0.7796724438667297
40,417.7378234863281,348.3890380859375,423.8529968261719,353.2159729003906,0.7787574529647827
40,67.11553955078125,272.207763671875,73.01419830322266,276.4732666015625,0.7722869515419006
40,557.5833129882812,275.8565979003906,561.4078979492188,284.0809631347656,0.7710304856300354
40,387.7007141113281,329.8097839355469,393.95391845703125,335.6036071777344,0.7664130926132202
40,517.00830078125,320.10003662109375,521.270751953125,329.0206604003906,0.7638062834739685
40,257.07965087890625,347.491455078125,264.49273681640625,351.5717468261719,0.7631568312644958
40,613.802001953125,346.80108642578125,618.5540161132812,353.5411682128906,0.7626524567604065
40,15.756326675415039,345.4190673828125,21.998470306396484,349.8117370605469,0.7596715688705444
40,254.4539031982422,41.87769317626953,258.65106201171875,50.016151428222656,0.7572446465492249
40,506.8187561035156,347.1409606933594,513.9661865234375,352.40966796875,0.7569921016693115
40,44.74985885620117,104.84666442871094,48.753761291503906,114.10408782958984,0.7544713020324707
40,625.6510009765625,349.6014404296875,630.214599609375,355.6410217285156,0.7482913732528687
40,22.992321014404297,326.4817810058594,26.462574005126953,334.97100830078125,0.7450920343399048
40,64.80033111572266,250.7703857421875,68.5790786743164,259.5904235839844,0.7385502457618713
40,514.2293090820312,347.3599853515625,519.9884033203125,351.47088623046875,0.7277358174324036
40,388.46795654296875,347.33599853515625,394.3363342285156,352.1363830566406,0.7221860289573669
40,12.125588417053223,300.510498046875,15.181723594665527,308.9964294433594,0.7168512344360352
40,633.8873901367188,345.0330810546875,638.0679931640625,350.0074768066406,0.7125193476676941
40,661.2960815429688,349.00970458984375,666.4851684570312,352.90765380859375,0.7072448134422302
40,161.36724853515625,345.7707214355469,165.4456329345703,349.7068176269531,0.7053365111351013
40,539.4963989257812,349.9914245605469,543.903564453125,353.9962463378906,0.6918367743492126
40,273.229248046875,347.7204284667969,280.8061218261719,351.8920593261719,0.6898282170295715
40,395.8147277832031,346.7232360839844,402.51837158203125,351.4117736816406,0.6591577529907227
40,122.42803192138672,331.15570068359375,126.2579345703125,335.5564270019531,0.6287754774093628
41,534.1600341796875,248.84449768066406,541.6034545898438,253.9033966064453,0.8008052706718445
41,295.3318176269531,315.897705078125,301.6739807128906,321.4935607910156,0.7976568937301636
41,500.7926025390625,244.5582733154297,506.07830810546875,250.9554901123047,0.79595947265625
41,389.6434326171875,213.73500061035156,394.87481689453125,221.09120178222656,0.7943199276924133
41,290.0364990234375,277.470703125,297.266845703125,281.8289489746094,0.7921783924102783
41,136.43124389648438,347.3693542480469,142.3980255126953,351.62908935546875,0.7889219522476196
41,157.28260803222656,242.71762084960938,161.67344665527344,251.20887756347656,0.7800076603889465
41,406.45751953125,227.3766326904297,411.1480407714844,235.5010986328125,0.7779118418693542
41,416.576171875,347.99853515625,422.4472351074219,352.691650390625,0.7749119400978088
41,517.254638671875,319.40985107421875,521.3995361328125,328.6519775390625,0.7749074101448059
41,183.55270385742188,180.8902130126953,187.81663513183594,189.6498565673828,0.7745264768600464
41,389.3452453613281,328.6276550292969,395.9605407714844,334.4770202636719,0.7743065357208252
41,298.8940734863281,344.42626953125,304.17547607421875,351.0984802246094,0.7729818224906921
41,613.7290649414062,347.34381103515625,618.5361328125,353.7137145996094,0.7708131670951843
41,256.17669677734375,347.59246826171875,264.06756591796875,351.6085510253906,0.7694808840751648
41,506.33416748046875,346.62200927734375,513.684326171875,352.3157653808594,0.7688878774642944
41,253.36309814453125,38.79987716674805,257.59356689453125,47.37693405151367,0.7648462653160095
41,23.058034896850586,324.3146057128906,26.9182071685791,333.2124328613281,0.7640163898468018
41,557.5641479492188,274.4197692871094,561.3847045898438,282.2821044921875,0.7605211138725281
41,44.30911636352539,102.32276916503906,48.27284622192383,111.05306243896484,0.7516605257987976
41,14.883345603942871,345.25732421875,20.952314376831055,349.6326904296875,0.7421872019767761
41,65.07452392578125,248.83140563964844,68.82950592041016,257.2664489746094,0.7385901212692261
41,161.25816345214844,345.8682556152344,165.3291473388672,349.8105773925781,0.7160768508911133
41,273.6712341308594,347.8331604003906,280.76727294921875,351.7537841796875,0.715793251991272
41,660.4216918945312,348.87744140625,666.0813598632812,352.7422180175781,0.7140251398086548
41,539.6429443359375,349.8996887207031,543.902099609375,353.906982421875,0.7069286704063416
41,12.252439498901367,298.2594909667969,15.578965187072754,306.7330627441406,0.7042935490608215
41,515.0066528320312,340.7389221191406,520.0404052734375,347.1031494140625,0.6982450485229492
41,70.32279205322266,273.5338439941406,74.23957824707031,279.7831115722656,0.6948347687721252
41,633.993896484375,345.6553039550781,638.3833618164062,349.69366455078125,0.6896834969520569
41,121.95221710205078,330.4485778808594,125.59160614013672,335.279541015625,0.6594530344009399
41,394.94097900390625,346.391357421875,401.67919921875,350.8564453125,0.6433725357055664
41,388.3172607421875,347.26690673828125,394.26458740234375,351.7344055175781,0.6283262372016907
41,625.7638549804688,350.1083068847656,634.106201171875,355.7600402832031,0.5679134130477905
42,500.0624694824219,243.90663146972656,505.5352478027344,250.49205017089844,0.8087309002876282
42,532.7068481445312,248.07904052734375,540.21240234375,253.3213348388672,0.8075073957443237
42,295.3218688964844,315.927490234375,301.7552185058594,321.4716796875,0.8004419207572937
42,389.3874816894531,212.0443878173828,394.52178955078125,219.64515686035156,0.7916277050971985
42,290.1207275390625,277.56475830078125,297.54779052734375,281.9842224121094,0.7905188202857971
42,136.43038940429688,347.3798828125,142.4840850830078,351.6385498046875,0.790310800075531
42,405.765380859375,226.13067626953125,410.47259521484375,234.69192504882812,0.7852566838264465
42,505.82708740234375,347.0098571777344,513.3707885742188,352.8274230957031,0.7821527719497681
42,157.24720764160156,241.1251678466797,161.63072204589844,249.54550170898438,0.7816532850265503
42,24.159067153930664,323.1914367675781,29.05392074584961,330.9095458984375,0.777555525302887
42,391.6153869628906,327.55169677734375,398.25311279296875,333.1754150390625,0.7760433554649353
42,183.43362426757812,180.32997131347656,187.72227478027344,189.3642578125,0.7730085253715515
42,255.32847595214844,347.648681640625,263.3720397949219,351.580810546875,0.7724451422691345
42,557.5923461914062,272.7405090332031,561.3700561523438,280.6334228515625,0.7668640613555908
42,517.5379638671875,318.72564697265625,521.4739379882812,327.55462646484375,0.7606860995292664
42,511.0116271972656,301.90240478515625,515.02197265625,308.9952392578125,0.7595619559288025
42,298.3045654296875,344.3157043457031,303.2315979003906,351.2127990722656,0.755326509475708
42,44.133995056152344,99.69019317626953,48.03421401977539,108.1778335571289,0.7434589862823486
42,65.25830078125,245.75830078125,69.09539794921875,254.03448486328125,0.7425011992454529
42,613.1130981445312,348.8103332519531,617.3062133789062,353.7124328613281,0.7419406771659851
42,13.856441497802734,345.0058898925781,20.098365783691406,349.0381164550781,0.7359042167663574
42,415.5278625488281,347.693359375,420.6443786621094,352.15350341796875,0.7357409596443176
42,252.5426788330078,36.64154052734375,256.3599853515625,44.63272476196289,0.7320183515548706
42,161.1449737548828,345.8288269042969,165.20529174804688,349.8670654296875,0.7165706753730774
42,11.443578720092773,295.7470397949219,15.06091022491455,304.399169921875,0.7164632081985474
42,539.4894409179688,349.720458984375,543.8282470703125,353.8741149902344,0.716303825378418
42,660.2683715820312,348.95147705078125,665.9083862304688,352.6920471191406,0.7149564027786255
42,273.1686096191406,347.7369689941406,280.43121337890625,351.7458190917969,0.7081587910652161
42,634.002685546875,345.7663269042969,638.0704345703125,350.1517028808594,0.6781132817268372
42,121.6832504272461,330.6669616699219,125.37084197998047,335.1948547363281,0.6654858589172363
42,627.061767578125,349.9491271972656,634.3099365234375,355.0628662109375,0.6166549921035767
42,71.32193756103516,289.5389099121094,74.72215270996094,297.42645263671875,0.6152214407920837
42,395.4297180175781,346.1589050292969,401.5345764160156,350.6280822753906,0.608744204044342
42,388.34283447265625,347.3299560546875,394.19183349609375,352.0404052734375,0.5196008086204529
43,48.655311584472656,317.5197448730469,58.07801818847656,323.99053955078125,0.8279597163200378
43,531.2940063476562,247.35214233398438,538.818603515625,252.74371337890625,0.8059690594673157
43,506.04547119140625,347.265625,513.0726928710938,353.06231689453125,0.8054147958755493
43,295.40435791015625,315.94207763671875,301.78411865234375,321.4918518066406,0.798194944858551
43,499.7619323730469,243.53887939453125,505.07550048828125,250.15191650390625,0.791039228439331
43,290.24517822265625,277.55694580078125,297.74798583984375,281.921142578125,0.7900159955024719
43,389.4134216308594,211.61199951171875,394.6239013671875,219.20703125,0.7898858189582825
43,24.874954223632812,321.77191162109375,30.81756591796875,329.1918029785156,0.7853310704231262
43,136.42727661132812,347.34674072265625,142.40774536132812,351.6058654785156,0.7838869690895081
43,405.32354736328125,225.9352264404297,409.8973693847656,233.98814392089844,0.7766310572624207
43,392.9686279296875,326.9536437988281,400.35003662109375,331.9150085449219,0.7741906642913818
43,156.7626190185547,239.84268188476562,161.2249755859375,248.22238159179688,0.773754894733429
43,517.4921264648438,318.4665222167969,521.5519409179688,327.41571044921875,0.7717748880386353
43,255.0674591064453,347.6994934082031,262.5986022949219,351.4784851074219,0.7714971899986267
43,495.155029296875,272.4482116699219,499.4511413574219,278.2331237792969,0.7642048597335815
43,183.41567993164062,179.49728393554688,187.6540985107422,188.55931091308594,0.7632803916931152
43,557.174072265625,272.7214660644531,560.9132080078125,280.2058410644531,0.7579395771026611
43,272.9294738769531,347.5068359375,280.02764892578125,351.5926513671875,0.7544088363647461
43,614.012451171875,348.9666442871094,618.5122680664062,353.75732421875,0.7474061846733093
43,65.25379943847656,242.9453125,69.0881576538086,251.6067657470703,0.7437425255775452
43,297.28472900390625,344.427001953125,303.1614074707031,350.8524475097656,0.7433679103851318
43,44.00033187866211,97.01384735107422,47.72273254394531,105.39920043945312,0.7400716543197632
43,251.80374145507812,34.093101501464844,255.81996154785156,41.96397399902344,0.737278401851654
43,12.808379173278809,344.9915771484375,19.234729766845703,348.99530029296875,0.7371057868003845
43,10.575040817260742,292.91937255859375,14.163847923278809,302.0710754394531,0.72565758228302
43,660.2033081054688,348.94476318359375,665.865478515625,352.7143249511719,0.7226253747940063
43,414.07861328125,347.766357421875,418.86981201171875,352.19976806640625,0.7170092463493347
43,539.5526733398438,349.7469177246094,543.8165893554688,353.8798828125,0.7159048318862915
43,161.14483642578125,345.829833984375,165.12847900390625,349.8229064941406,0.6982870697975159
43,633.7837524414062,345.56219482421875,637.9998168945312,350.1475830078125,0.6864418983459473
43,627.7189331054688,349.98040771484375,634.0843505859375,354.52447509765625,0.6693294644355774
43,121.19085693359375,330.5019226074219,124.9593734741211,335.05706787109375,0.6629859805107117
43,395.1995544433594,346.11572265625,401.4378967285156,350.64044189453125,0.5875548124313354
43,388.8259582519531,347.1437072753906,394.3951721191406,351.666259765625,0.5414747595787048
44,530.0584106445312,246.4501953125,537.9005737304688,251.8916015625,0.8117477893829346
44,506.43218994140625,347.6352844238281,513.3801879882812,352.71588134765625,0.811339259147644
44,499.47052001953125,243.41253662109375,504.9236145019531,249.76272583007812,0.7972275614738464
44,295.62579345703125,315.95379638671875,301.8424987792969,321.5262451171875,0.7955566644668579
44,290.2176208496094,277.65704345703125,297.7850036621094,281.92364501953125,0.7919674515724182
44,389.2913818359375,210.0353546142578,394.00994873046875,218.0364532470703,0.7890068292617798
44,494.9107971191406,271.4566345214844,499.30731201171875,279.6127014160156,0.7841601371765137
44,136.4379119873047,347.3863220214844,142.4344940185547,351.5892639160156,0.7841325998306274
44,394.97259521484375,325.780517578125,402.34027099609375,330.6551818847656,0.7803024649620056
44,156.56520080566406,238.87969970703125,161.0600128173828,247.58099365234375,0.778590202331543
44,404.9273681640625,225.62168884277344,409.470458984375,233.49993896484375,0.7739229202270508
44,25.498802185058594,321.37188720703125,30.987472534179688,328.3961181640625,0.7734524607658386
44,183.51776123046875,178.5316162109375,187.63551330566406,187.54881286621094,0.7710189819335938
44,557.5322875976562,271.8763427734375,561.2609252929688,279.84136962890625,0.7705380916595459
44,517.7122192382812,317.7765197753906,521.5763549804688,326.8493957519531,0.7670877575874329
44,254.77340698242188,347.78948974609375,262.3576354980469,351.5264892578125,0.7630513906478882
44,273.3544006347656,347.4549560546875,280.2243347167969,351.56549072265625,0.7594480514526367
44,296.77435302734375,344.4449768066406,303.50775146484375,350.1513977050781,0.7584640383720398
44,251.07850646972656,31.782997131347656,255.05007934570312,39.49595642089844,0.7484722137451172
44,44.000404357910156,94.13282775878906,47.77225112915039,102.93340301513672,0.7455676198005676
44,64.9079360961914,240.0390625,68.8778076171875,248.93051147460938,0.7416961193084717
44,659.8920288085938,348.8763427734375,665.7874755859375,352.7379150390625,0.733643114566803
44,615.4848022460938,349.1607360839844,619.3253173828125,354.4986267089844,0.7282419204711914
44,412.26287841796875,347.4656982421875,417.1243896484375,351.5433349609375,0.7209131717681885
44,10.533963203430176,291.1912841796875,13.818081855773926,299.6184997558594,0.7183801531791687
44,539.56884765625,349.7274169921875,543.8494873046875,353.7759704589844,0.7115278840065002
44,161.22100830078125,345.81689453125,165.18589782714844,349.87469482421875,0.707929253578186
44,633.7747192382812,345.48675537109375,638.06298828125,350.1892395019531,0.6918243169784546
44,12.136446952819824,345.0179138183594,18.200748443603516,349.718505859375,0.6875786185264587
44,9.181556701660156,338.9268493652344,14.557021141052246,346.42608642578125,0.6865063905715942
44,627.8276977539062,349.9152526855469,634.309326171875,354.16864013671875,0.6778790354728699
44,121.1938705444336,330.25982666015625,124.85736083984375,335.1916198730469,0.6704365611076355
44,394.4373474121094,346.03411865234375,400.92828369140625,350.5845031738281,0.6244609355926514
44,388.522705078125,347.4038391113281,394.4914245605469,351.783935546875,0.5413129925727844
45,529.1177368164062,245.29127502441406,536.4029541015625,251.15602111816406,0.8130654096603394
45,506.2897033691406,347.70831298828125,513.3133544921875,352.54095458984375,0.8096553683280945
45,389.30975341796875,208.701904296875,394.1586608886719,217.21697998046875,0.8043037056922913
45,295.6607971191406,315.9472351074219,301.97509765625,321.6117248535156,0.8001946210861206
45,499.30413818359375,243.118896484375,504.64495849609375,249.3739471435547,0.796720564365387
45,290.1318664550781,277.6639099121094,297.764892578125,281.89801025390625,0.7956938743591309
45,136.5004119873047,347.391357421875,142.5947723388672,351.6443786621094,0.7943569421768188
45,156.44039916992188,237.5563201904297,161.1304473876953,245.90428161621094,0.7933729290962219
45,25.31926918029785,321.1689147949219,31.10834503173828,328.46160888671875,0.7925060391426086
45,183.24334716796875,177.7145233154297,187.5540771484375,186.33587646484375,0.7917450666427612
45,495.0724182128906,270.0677795410156,499.4078674316406,278.4556579589844,0.7890337109565735
45,396.490966796875,325.0885314941406,403.864990234375,330.09149169921875,0.782538652420044
45,517.8402099609375,317.6249694824219,521.8677368164062,326.5463562011719,0.7823665738105774
45,404.79632568359375,224.7971954345703,409.30938720703125,232.98243713378906,0.7751869559288025
45,273.3150329589844,347.5115051269531,280.0608215332031,351.50933837890625,0.772513747215271
45,557.4884033203125,270.9809875488281,561.3137817382812,278.7496337890625,0.7698410749435425
45,254.78604125976562,347.6029968261719,262.5432434082031,351.4031982421875,0.7689992785453796
45,250.5797119140625,28.852439880371094,254.6408233642578,36.76008224487305,0.7668755650520325
45,23.657533645629883,346.5619812011719,29.9586181640625,351.0270080566406,0.764420747756958
45,296.35772705078125,344.6883239746094,303.15814208984375,350.1671447753906,0.7579191327095032
45,44.17720413208008,91.6854476928711,47.97616195678711,100.52704620361328,0.7555296421051025
45,64.87939453125,237.7723846435547,68.88296508789062,246.4188995361328,0.7511898875236511
45,626.9471435546875,349.37628173828125,633.6502685546875,353.62896728515625,0.7399256229400635
45,9.561635971069336,288.6462707519531,13.286026954650879,297.781005859375,0.7367730736732483
45,11.48107624053955,344.9144592285156,17.168546676635742,348.93212890625,0.733134388923645
45,615.938232421875,348.89483642578125,620.2672119140625,353.575439453125,0.7316828966140747
45,659.7594604492188,348.8268127441406,665.5113525390625,352.6754150390625,0.731587827205658
45,411.1972961425781,347.64410400390625,416.245849609375,351.7711486816406,0.7278621196746826
45,539.5482177734375,349.7418212890625,543.8591918945312,353.73406982421875,0.7164599895477295
45,161.3592987060547,345.74725341796875,165.281494140625,349.7896423339844,0.7014777660369873
45,634.4851684570312,344.7004699707031,638.2172241210938,349.36505126953125,0.691994845867157
45,121.22698211669922,330.37115478515625,124.83343505859375,335.1353759765625,0.6740954518318176
45,394.634765625,345.99542236328125,401.15545654296875,350.6444091796875,0.6229649186134338
45,388.4925842285156,347.5173645019531,394.5469055175781,351.8709716796875,0.5331096649169922
46,527.6480102539062,244.15191650390625,534.9804077148438,249.76824951171875,0.8199517130851746
46,506.2080078125,347.7903747558594,513.4539794921875,352.7129821777344,0.8132088780403137
46,295.6862487792969,316.0378723144531,301.9819030761719,321.63739013671875,0.8032117486000061
46,290.0860595703125,277.6807861328125,297.7626953125,281.90911865234375,0.79746413230896
46,498.9417419433594,242.98731994628906,504.2275085449219,249.0220184326172,0.79458087682724
46,388.9388732910156,207.89051818847656,393.744873046875,215.68527221679688,0.7920020222663879
46,136.47459411621094,347.44036865234375,142.5322723388672,351.6722717285156,0.791472315788269
46,404.2278137207031,223.94126892089844,408.978271484375,232.23117065429688,0.7909221649169922
46,156.00607299804688,235.75067138671875,160.5623779296875,244.2760772705078,0.7894657254219055
46,25.424137115478516,321.0705261230469,31.062536239624023,328.3085021972656,0.7879979610443115
46,398.3318786621094,323.5921630859375,405.7461853027344,328.6315612792969,0.7878223657608032
46,517.8133544921875,317.5931396484375,521.8460693359375,326.5547180175781,0.785088062286377
46,495.27972412109375,268.6126403808594,499.5640563964844,276.7093200683594,0.7838456034660339
46,183.0360565185547,175.7864990234375,187.22007751464844,184.4897918701172,0.7796360850334167
46,557.4663696289062,269.8995056152344,561.3203735351562,277.755615234375,0.7729653716087341
46,254.82940673828125,347.6706237792969,262.5498962402344,351.40850830078125,0.7682874798774719
46,273.47625732421875,347.5130920410156,280.1474914550781,351.4940490722656,0.7641366124153137
46,295.6542053222656,344.913330078125,302.54754638671875,350.29345703125,0.7635325193405151
46,249.77842712402344,26.925447463989258,253.70494079589844,34.76986312866211,0.7560203075408936
46,31.65631103515625,344.7733154296875,38.71709442138672,349.3410339355469,0.75230872631073
46,64.90850830078125,235.56715393066406,68.81301879882812,244.48902893066406,0.7481575012207031
46,11.406986236572266,344.9599304199219,17.315853118896484,349.11688232421875,0.7410119771957397
46,659.668701171875,348.7901306152344,665.103271484375,352.64898681640625,0.7405751943588257
46,44.7229118347168,88.63361358642578,48.46213150024414,97.3532943725586,0.7401553392410278
46,626.9126586914062,349.8099670410156,633.9686279296875,353.73028564453125,0.7338488698005676
46,615.2816772460938,347.94305419921875,619.0054931640625,353.1936340332031,0.7166271805763245
46,410.6615295410156,347.5680236816406,415.50006103515625,351.71051025390625,0.7162848711013794
46,161.3258819580078,345.746337890625,165.2661590576172,349.79443359375,0.7100414037704468
46,539.5326538085938,349.7180480957031,543.8346557617188,353.70843505859375,0.7069330811500549
46,9.383583068847656,286.50189208984375,12.866747856140137,295.6600036621094,0.6960086822509766
46,121.1730728149414,330.5508728027344,125.00220489501953,335.25897216796875,0.6939696073532104
46,634.4102172851562,344.5963134765625,638.2225341796875,349.07537841796875,0.6801018118858337
46,394.7099304199219,346.3990783691406,401.0931396484375,351.73468017578125,0.6260478496551514
46,388.99591064453125,346.4576416015625,394.70758056640625,351.5364074707031,0.5832746624946594
47,526.7052001953125,243.32785034179688,534.10009765625,249.18496704101562,0.8178932666778564
47,506.1689147949219,347.630126953125,513.4963989257812,352.6947021484375,0.8113492727279663
47,295.59344482421875,315.9671630859375,301.96844482421875,321.6497497558594,0.8042470812797546
47,290.0910339355469,277.68017578125,297.7845153808594,281.94635009765625,0.799352765083313
47,498.85028076171875,242.91928100585938,504.2381896972656,248.9430389404297,0.7947701811790466
47,136.4340057373047,347.4396057128906,142.56178283691406,351.65985107421875,0.7920874953269958
47,517.7952270507812,317.1400451660156,521.8960571289062,326.09197998046875,0.7919574975967407
47,155.9840087890625,234.7919158935547,160.47042846679688,243.12098693847656,0.7909739017486572
47,403.7395935058594,223.04693603515625,408.4523620605469,231.3577117919922,0.7900682687759399
47,388.87701416015625,206.65042114257812,393.57757568359375,214.6691131591797,0.7869675159454346
47,400.83349609375,321.7262268066406,407.0924377441406,327.8229675292969,0.7857242822647095
47,25.139524459838867,321.2837219238281,30.845645904541016,328.2024841308594,0.7839425802230835
47,182.34352111816406,174.22872924804688,186.73104858398438,182.73330688476562,0.7816576957702637
47,495.1092834472656,266.43695068359375,499.4214782714844,274.854736328125,0.7813227772712708
47,613.6771850585938,347.7675476074219,618.8987426757812,352.9409484863281,0.7752265334129333
47,557.6162719726562,268.6468505859375,561.3802490234375,276.89794921875,0.772820770740509
47,29.406082153320312,342.6888122558594,34.99165344238281,351.4389343261719,0.7683303952217102
47,254.90786743164062,347.7029724121094,262.552490234375,351.420166015625,0.7596821784973145
47,382.2513122558594,320.11822509765625,386.4137878417969,328.4299621582031,0.7580715417861938
47,64.84323120117188,233.40579223632812,68.8763656616211,242.41958618164062,0.7528109550476074
47,273.8589172363281,347.7964782714844,280.5308837890625,351.7449951171875,0.7505595684051514
47,658.8712158203125,348.4287414550781,664.658447265625,352.55889892578125,0.7497515678405762
47,43.984046936035156,86.0181884765625,47.86051940917969,94.71880340576172,0.7463182806968689
47,249.0640106201172,23.840312957763672,253.0586395263672,31.666372299194336,0.7408167123794556
47,295.3687438964844,344.9932556152344,301.9266052246094,350.5108947753906,0.7380945086479187
47,11.453457832336426,344.9539794921875,17.239208221435547,349.1495056152344,0.7380067110061646
47,410.30908203125,347.6840515136719,415.2809753417969,351.7841796875,0.7369534373283386
47,121.15347290039062,330.56683349609375,125.03163146972656,336.24322509765625,0.7309109568595886
47,626.7156982421875,349.5821533203125,632.8414916992188,353.6417541503906,0.7210824489593506
47,539.5682373046875,349.652099609375,543.7276611328125,353.6656799316406,0.7188790440559387
47,161.24073791503906,345.9540710449219,165.2318115234375,350.1652526855469,0.7119069695472717
47,9.795516014099121,284.4750061035156,13.225459098815918,293.8808288574219,0.6817907094955444
47,634.6162719726562,344.34454345703125,638.6702270507812,348.45489501953125,0.6470969319343567
47,395.8873596191406,345.8683166503906,401.7335510253906,351.0151672363281,0.6464394330978394
47,392.0948486328125,349.6296691894531,397.4950256347656,354.5007019042969,0.5615708231925964
48,526.3826293945312,242.8060760498047,533.5995483398438,248.78167724609375,0.8209213614463806
48,506.4895935058594,347.3856201171875,513.7453002929688,352.5359802246094,0.8172969818115234
48,401.23065185546875,319.81939697265625,407.0782470703125,326.4728698730469,0.8148500323295593
48,386.3020935058594,287.4726867675781,390.68511962890625,297.2829284667969,0.8019535541534424
48,295.624267578125,316.0711669921875,301.9463806152344,321.737548828125,0.798901379108429
48,517.8259887695312,316.7366943359375,521.9715576171875,325.96234130859375,0.7944731116294861
48,557.3416748046875,267.8971252441406,561.1468505859375,276.2774963378906,0.7938279509544373
48,289.6505432128906,277.4762268066406,297.1850891113281,281.8338317871094,0.7922417521476746
48,136.6985626220703,347.4251403808594,142.7364044189453,351.69927978515625,0.7909130454063416
48,498.932373046875,242.86727905273438,504.06390380859375,248.70974731445312,0.7887993454933167
48,403.1004333496094,222.13356018066406,407.8534851074219,230.1507110595703,0.7874546647071838
48,613.3067626953125,347.9214782714844,618.938232421875,353.2155456542969,0.7855527400970459
48,495.01776123046875,264.5068664550781,499.3768310546875,272.88507080078125,0.784539520740509
48,24.860916137695312,321.5411682128906,30.7679500579834,328.419677734375,0.7832145690917969
48,388.79388427734375,204.65237426757812,393.22491455078125,212.7918701171875,0.7812440395355225
48,156.53573608398438,233.07022094726562,160.780029296875,241.83203125,0.7795782685279846
48,182.37960815429688,173.08883666992188,186.64508056640625,181.25338745117188,0.7780990600585938
48,28.13028335571289,344.5508728027344,35.008506774902344,351.1329040527344,0.7663573622703552
48,255.12290954589844,347.69921875,262.7815856933594,351.476806640625,0.7632534503936768
48,64.51132202148438,231.07968139648438,68.49504089355469,240.0623779296875,0.7539002895355225
48,295.0870666503906,345.012939453125,300.83648681640625,351.0771789550781,0.7516763806343079
48,44.3942985534668,82.82359313964844,48.20338821411133,91.5892333984375,0.7515719532966614
48,627.1682739257812,349.0993957519531,633.3753662109375,354.3622131347656,0.7497997283935547
48,658.3385620117188,348.2852783203125,664.299072265625,352.5530700683594,0.7474632859230042
48,121.08715057373047,331.44635009765625,125.03449249267578,337.0290222167969,0.7438138723373413
48,410.1361083984375,347.60491943359375,414.9762878417969,351.8030700683594,0.7339127659797668
48,273.4140625,347.919677734375,280.5970764160156,352.0075988769531,0.7307087182998657
48,10.567910194396973,345.1111755371094,16.231435775756836,349.243408203125,0.7283264398574829
48,248.94088745117188,22.442352294921875,252.674560546875,29.98263931274414,0.7264021039009094
48,539.457275390625,349.6480712890625,543.5753784179688,353.5860900878906,0.7105347514152527
48,161.2266082763672,346.2039489746094,165.26622009277344,350.4058837890625,0.7088301181793213
48,9.271415710449219,282.5599060058594,12.792190551757812,291.51190185546875,0.6857669949531555
48,394.60107421875,345.98883056640625,400.7442932128906,351.5239562988281,0.683779776096344
48,635.083251953125,344.23370361328125,639.3202514648438,348.30657958984375,0.6471891403198242
49,506.6437072753906,347.37908935546875,513.7899169921875,352.4753112792969,0.813948392868042
49,403.35406494140625,250.64215087890625,407.95550537109375,260.96490478515625,0.8134592175483704
49,289.7684326171875,276.452880859375,296.9477844238281,281.9841003417969,0.8064091801643372
49,402.4282531738281,317.4678955078125,407.92803955078125,325.14630126953125,0.8038538694381714
49,526.0985717773438,242.78347778320312,532.8480834960938,248.11138916015625,0.8001235127449036
49,517.8704833984375,316.3485107421875,522.0292358398438,325.43499755859375,0.7945451736450195
49,295.7757873535156,315.107666015625,301.32757568359375,321.8093566894531,0.7942680716514587
49,388.30059814453125,202.70008850097656,392.73040771484375,211.49485778808594,0.7929597496986389
49,402.7814636230469,222.0093994140625,407.6075439453125,229.6776580810547,0.7889070510864258
49,136.61288452148438,347.4831237792969,142.68826293945312,351.7012939453125,0.7866360545158386
49,557.68017578125,267.2648010253906,561.5702514648438,275.6103210449219,0.7853055596351624
49,494.85833740234375,262.1394958496094,499.325927734375,270.408447265625,0.7846891283988953
49,498.8816223144531,242.85916137695312,504.08782958984375,248.65338134765625,0.7837540507316589
49,26.57362937927246,344.71295166015625,33.800819396972656,351.4023742675781,0.7820586562156677
49,181.7845916748047,170.73248291015625,186.12644958496094,179.31884765625,0.7781243324279785
49,157.0279541015625,231.80624389648438,161.1750030517578,240.4323272705078,0.7766508460044861
49,24.735750198364258,322.0538635253906,30.555988311767578,329.12518310546875,0.7758120894432068
49,294.16375732421875,345.302490234375,300.23541259765625,351.0630187988281,0.7696892619132996
49,121.13674926757812,331.46356201171875,125.30973815917969,338.1864318847656,0.7690653800964355
49,255.35333251953125,347.52557373046875,262.4695739746094,351.51458740234375,0.7650026082992554
49,627.0811767578125,348.65093994140625,633.9461059570312,354.280029296875,0.7559968829154968
49,43.87653350830078,79.6692886352539,47.523529052734375,88.60136413574219,0.748664140701294
49,613.4462890625,348.9317626953125,618.7649536132812,353.27740478515625,0.7450291514396667
49,64.24183654785156,228.83932495117188,68.05830383300781,237.5382843017578,0.7392112612724304
49,658.4056396484375,348.3174133300781,664.1853637695312,352.4892272949219,0.7382915019989014
49,410.16961669921875,347.6795654296875,414.91925048828125,351.8627014160156,0.7374455332756042
49,273.36749267578125,347.86114501953125,280.3302307128906,352.14703369140625,0.7262935042381287
49,248.44091796875,20.34566879272461,252.1610565185547,27.960554122924805,0.7224760055541992
49,9.227526664733887,279.76318359375,12.488611221313477,288.0234375,0.7153580784797668
49,394.2522888183594,346.2507629394531,400.62744140625,351.8805847167969,0.7148134112358093
49,539.2487182617188,349.6645812988281,543.2865600585938,353.6014709472656,0.7111032605171204
49,9.352701187133789,345.52984619140625,14.808900833129883,349.693115234375,0.7022835612297058
49,161.04908752441406,346.5292053222656,165.17530822753906,350.7186584472656,0.6960332989692688
49,634.9986572265625,344.2498474121094,639.2674560546875,348.42108154296875,0.6769632697105408
50,506.6573791503906,347.38848876953125,513.8014526367188,352.47552490234375,0.8206344842910767
50,289.2311706542969,275.4063415527344,295.70086669921875,281.852783203125,0.8141587376594543
50,401.37689208984375,220.39649963378906,406.48577880859375,227.97412109375,0.8103162050247192
50,295.2505798339844,314.2157287597656,300.601318359375,321.4729919433594,0.8013317584991455
50,387.6590576171875,201.58880615234375,392.2646789550781,209.74339294433594,0.7949949502944946
50,403.43096923828125,314.3768310546875,408.18902587890625,322.3387756347656,0.7932538390159607
50,136.5855255126953,347.49169921875,142.64251708984375,351.7073059082031,0.7920629978179932
50,517.9337768554688,315.6028137207031,522.0155029296875,324.61993408203125,0.790207028388977
50,495.19329833984375,259.4180908203125,499.6343078613281,267.9393005371094,0.7886327505111694
50,24.159929275512695,345.9760437011719,30.51840591430664,351.3592224121094,0.7870590686798096
50,157.18092346191406,230.6802215576172,161.3095703125,239.27525329589844,0.7857614159584045
50,416.643310546875,210.51458740234375,420.16351318359375,219.4657440185547,0.7856351733207703
50,557.7498779296875,266.4485778808594,561.9044189453125,274.6373291015625,0.785301923751831
50,24.635425567626953,322.2640686035156,30.67329216003418,329.2159118652344,0.779596209526062
50,181.27914428710938,169.10629272460938,185.60980224609375,177.4398193359375,0.7740209698677063
50,516.287353515625,224.5499267578125,520.1746826171875,232.71884155273438,0.7739877104759216
50,255.2974395751953,347.3681335449219,262.20635986328125,351.58087158203125,0.7724245190620422
50,121.34253692626953,332.3229064941406,125.4490966796875,339.06390380859375,0.7702022194862366
50,293.5856628417969,345.44671630859375,300.09173583984375,350.7068786621094,0.7674252986907959
50,498.6148986816406,242.55587768554688,505.009765625,246.6726531982422,0.7666471004486084
50,626.9837036132812,348.5003356933594,633.7546997070312,354.3800354003906,0.7589022517204285
50,64.14799499511719,226.6884307861328,67.73873138427734,235.2637481689453,0.7543250918388367
50,9.020237922668457,277.20941162109375,12.476500511169434,285.8023376464844,0.7540475130081177
50,658.2638549804688,348.33551025390625,664.1666870117188,352.4828796386719,0.7478063702583313
50,410.2362976074219,347.6322937011719,414.9194641113281,351.8575439453125,0.7419343590736389
50,43.695350646972656,76.91732788085938,47.443485260009766,85.43855285644531,0.7396872043609619
50,248.20509338378906,17.721811294555664,251.7030487060547,25.276073455810547,0.736675500869751
50,273.39508056640625,347.99267578125,280.48956298828125,352.25390625,0.7361902594566345
50,7.85886812210083,345.8716735839844,13.292625427246094,350.1075439453125,0.7245842814445496
50,394.1600341796875,346.4442138671875,400.33587646484375,351.7801208496094,0.7190330028533936
50,539.2438354492188,349.6249694824219,543.2809448242188,353.5874328613281,0.7181898355484009
50,614.361083984375,349.49395751953125,618.7265625,353.67840576171875,0.7080339193344116
50,160.90966796875,346.1786193847656,164.9357147216797,350.4024963378906,0.7052987217903137
50,635.0572509765625,344.29486083984375,639.2661743164062,348.5529479980469,0.6745822429656982
51,506.7596435546875,347.3973388671875,513.8094482421875,352.47412109375,0.8167997002601624
51,289.2299499511719,273.7921447753906,294.9743957519531,281.14166259765625,0.8133903741836548
51,294.18121337890625,312.9267883300781,299.4713439941406,319.9286193847656,0.7971327304840088
51,517.8977661132812,315.1806335449219,522.0416259765625,324.33795166015625,0.7910860180854797
51,403.8664245605469,311.7392883300781,408.6663818359375,320.0365295410156,0.789100170135498
51,557.7564697265625,266.2183532714844,561.8947143554688,274.2796936035156,0.784088134765625
51,400.7088317871094,219.68370056152344,405.8513488769531,227.02508544921875,0.7834016680717468
51,24.685237884521484,322.2530822753906,30.780431747436523,329.16717529296875,0.7833722233772278
51,387.63970947265625,200.70423889160156,392.0546569824219,209.0135498046875,0.78325355052948
51,136.61355590820312,347.5615234375,142.55032348632812,351.69586181640625,0.7821621298789978
51,157.24212646484375,229.87709045410156,161.349853515625,238.36363220214844,0.7803264856338501
51,495.04376220703125,258.7487487792969,499.6695251464844,267.0650329589844,0.780078649520874
51,393.9341735839844,346.9997863769531,399.4203796386719,352.1805114746094,0.7753950357437134
51,180.99917602539062,167.49493408203125,185.2520294189453,175.76113891601562,0.7706635594367981
51,121.18885040283203,333.44085693359375,125.40409851074219,339.89862060546875,0.7683696746826172
51,255.35255432128906,347.40032958984375,262.16253662109375,351.5903625488281,0.7613140940666199
51,511.50811767578125,199.0083465576172,515.3772583007812,207.0263671875,0.7595581412315369
51,626.7491455078125,348.1443786621094,633.731689453125,354.4615478515625,0.758743405342102
51,292.70758056640625,345.6074523925781,299.7323303222656,350.5673522949219,0.756768524646759
51,415.91845703125,168.5641632080078,419.587158203125,176.4672393798828,0.7554900646209717
51,493.26416015625,243.45887756347656,498.5504150390625,248.85108947753906,0.7528837323188782
51,63.690826416015625,224.0051727294922,67.30062866210938,232.92462158203125,0.744560718536377
51,43.417747497558594,74.45565032958984,47.11140441894531,83.08232116699219,0.743108332157135
51,410.22607421875,347.60614013671875,414.95526123046875,351.98291015625,0.7421822547912598
51,658.3010864257812,348.3290100097656,664.1150512695312,352.4651794433594,0.7415247559547424
51,22.10611343383789,346.2221984863281,27.030778884887695,350.4977111816406,0.7183558940887451
51,273.90435791015625,347.93853759765625,280.6137390136719,352.227294921875,0.7160570025444031
51,614.4732666015625,349.3262634277344,618.9365844726562,353.63848876953125,0.711776614189148
51,8.941179275512695,274.8327331542969,12.448984146118164,283.4952697753906,0.7117539048194885
51,247.74317932128906,14.5026216506958,251.2190399169922,22.882579803466797,0.707281768321991
51,539.3072509765625,349.5977478027344,543.3368530273438,353.5821838378906,0.7066826224327087
51,160.42669677734375,346.33746337890625,164.5538787841797,350.3948059082031,0.697425901889801
51,635.0387573242188,344.315185546875,639.3075561523438,348.6704406738281,0.6793419122695923
51,7.230266571044922,345.98333740234375,11.780376434326172,350.324951171875,0.6239579319953918
52,507.12457275390625,347.4648132324219,513.5425415039062,352.8158874511719,0.8206873536109924
52,521.7237548828125,176.94361877441406,526.234375,185.399169921875,0.8103100061416626
52,389.0366516113281,138.51776123046875,397.3796691894531,144.14364624023438,0.8091394305229187
52,288.83489990234375,272.07171630859375,294.0131530761719,280.0268859863281,0.8090161085128784
52,293.5391540527344,311.4302978515625,298.98724365234375,318.4189453125,0.8089506030082703
52,517.850830078125,314.4964294433594,521.9732666015625,323.7493896484375,0.8002205491065979
52,399.8148193359375,218.90061950683594,405.3976745605469,225.86236572265625,0.8000758290290833
52,393.8311462402344,347.00054931640625,399.1354064941406,352.3158874511719,0.7911684513092041
52,557.76416015625,265.9635925292969,561.87109375,274.2456359863281,0.7852431535720825
52,24.966135025024414,322.0416564941406,30.936220169067383,328.96942138671875,0.7850723266601562
52,495.533447265625,258.8282775878906,499.89324951171875,267.0472106933594,0.7848303318023682
52,387.45062255859375,199.02806091308594,391.8418884277344,207.60108947753906,0.7844940423965454
52,179.9865264892578,165.71585083007812,184.61083984375,173.733154296875,0.7824515700340271
52,136.652587890625,347.6103515625,142.51881408691406,351.7146301269531,0.780589759349823
52,120.80024719238281,333.8037109375,125.25434112548828,340.4146728515625,0.7792416214942932
52,491.815673828125,252.4239044189453,497.5113220214844,257.6172790527344,0.7773659229278564
52,404.67706298828125,309.49285888671875,409.0785827636719,317.4736022949219,0.7769705057144165
52,157.30892944335938,229.2978973388672,161.51339721679688,237.9040069580078,0.7715985774993896
52,255.4275665283203,347.26690673828125,262.2204895019531,351.5668640136719,0.7689841389656067
52,410.1941223144531,347.5675964355469,415.0353698730469,352.1305847167969,0.7588109374046326
52,628.170654296875,347.3135681152344,634.3746948242188,354.4076232910156,0.7561771869659424
52,292.4000549316406,345.5940246582031,299.5183410644531,350.5616149902344,0.7534318566322327
52,658.3853759765625,348.3761901855469,664.0609741210938,352.5418701171875,0.7461574673652649
52,63.46632766723633,221.79371643066406,67.21156311035156,230.93617248535156,0.7404472827911377
52,43.655517578125,72.07931518554688,47.490718841552734,80.744140625,0.7394636273384094
52,274.1983337402344,347.8937683105469,280.29315185546875,352.33905029296875,0.7221105694770813
52,160.3925323486328,346.0143127441406,164.44635009765625,350.2766418457031,0.7060589790344238
52,539.427001953125,349.61492919921875,543.470703125,353.5508728027344,0.7032063603401184
52,20.5740909576416,346.3515625,25.082393646240234,350.6949768066406,0.7016411423683167
52,634.8565673828125,344.52960205078125,639.2158813476562,348.96063232421875,0.6914860606193542
52,9.257476806640625,272.6805725097656,12.493463516235352,281.342529296875,0.684679388999939
52,247.22438049316406,11.973880767822266,250.9564208984375,19.889245986938477,0.680755615234375
52,614.7918090820312,349.71783447265625,618.8132934570312,353.9422607421875,0.6748087406158447
52,7.626127243041992,345.9492492675781,11.744132041931152,350.3038330078125,0.6432507634162903
52,247.36012268066406,5.655266284942627,251.67405700683594,10.594408988952637,0.6121882796287537
53,507.08294677734375,347.4240417480469,513.5372314453125,352.82867431640625,0.8148153424263
53,535.9586791992188,152.3194580078125,541.8251342773438,160.0296173095703,0.8138359189033508
53,288.78033447265625,270.1007385253906,293.8367614746094,277.9172668457031,0.8036025166511536
53,399.1031799316406,218.43301391601562,404.7435302734375,225.30447387695312,0.802397608757019
53,292.9738464355469,310.4160461425781,298.26611328125,317.6343688964844,0.7988100051879883
53,517.8320922851562,313.5777587890625,522.0608520507812,322.4811706542969,0.7937414646148682
53,120.9422607421875,334.89544677734375,125.79124450683594,341.5338439941406,0.7884542942047119
53,386.85833740234375,197.72164916992188,391.1549377441406,206.36634826660156,0.7836047410964966
53,393.7305908203125,346.9959411621094,399.2239990234375,352.4399108886719,0.7831265330314636
53,136.55691528320312,347.5860595703125,142.521484375,351.7607727050781,0.7784992456436157
53,557.63134765625,265.1944274902344,561.781005859375,273.5128173828125,0.7783182263374329
53,25.86921501159668,321.634765625,32.2844352722168,327.8963317871094,0.7766812443733215
53,179.17333984375,164.67840576171875,184.1848602294922,172.50559997558594,0.7766285538673401
53,405.092041015625,307.0976867675781,409.3966369628906,315.18017578125,0.7750557065010071
53,157.4105682373047,228.3604278564453,161.68075561523438,237.1552734375,0.7681076526641846
53,498.2916564941406,260.1632995605469,503.67938232421875,267.4495849609375,0.7605291604995728
53,628.2305908203125,347.05511474609375,634.43896484375,354.2233581542969,0.7547130584716797
53,384.6511535644531,135.6324920654297,389.7015075683594,141.68243408203125,0.7521308064460754
53,43.83689880371094,69.59199523925781,47.693241119384766,78.43431091308594,0.7511897683143616
53,410.212158203125,347.5787353515625,415.100830078125,352.1563415527344,0.7501094341278076
53,658.2393798828125,348.4111633300781,664.0529174804688,352.67669677734375,0.7499374747276306
53,62.47099685668945,219.61122131347656,66.64885711669922,228.11790466308594,0.7488344311714172
53,494.6182861328125,257.4710693359375,499.7724609375,265.83160400390625,0.7403371334075928
53,255.24668884277344,347.01611328125,261.95098876953125,351.4239196777344,0.7312087416648865
53,8.99427604675293,270.6033935546875,12.479196548461914,278.5157470703125,0.723764181137085
53,160.12863159179688,345.8049621582031,164.23764038085938,350.5377502441406,0.7092200517654419
53,20.19940185546875,346.4521484375,24.829608917236328,350.8697814941406,0.6974250674247742
53,614.499755859375,349.7863464355469,618.9588623046875,354.1698303222656,0.6948990225791931
53,539.3795776367188,349.62603759765625,543.5054321289062,353.600341796875,0.6863213777542114
53,634.9506225585938,344.6116638183594,639.3496704101562,349.23028564453125,0.6851515769958496
53,246.8718719482422,10.769689559936523,250.80162048339844,17.047365188598633,0.6534911394119263
53,291.8699951171875,345.7942810058594,297.3315734863281,350.3066101074219,0.6484397053718567
53,7.71898889541626,345.7626647949219,11.806680679321289,350.208984375,0.6479666829109192
53,275.7010192871094,347.17242431640625,281.4036560058594,351.5823669433594,0.6451810598373413
54,507.13409423828125,347.3381652832031,513.318115234375,352.92083740234375,0.8140388131141663
54,291.438232421875,308.655517578125,296.8036804199219,315.3906555175781,0.8107264041900635
54,397.7679443359375,217.260009765625,403.30419921875,223.79408264160156,0.8074696063995361
54,517.9622802734375,313.0855407714844,522.0620727539062,321.9644775390625,0.7968950867652893
54,289.1120300292969,268.43280029296875,293.3408203125,276.79547119140625,0.7928096055984497
54,26.680498123168945,321.2235107421875,33.63764953613281,326.8134460449219,0.7906254529953003
54,497.69573974609375,270.2152099609375,502.18212890625,276.68951416015625,0.7867083549499512
54,514.0403442382812,258.6244812011719,518.1027221679688,266.93878173828125,0.7843115329742432
54,121.92135620117188,336.0639953613281,126.52872467041016,342.51611328125,0.7822369337081909
54,136.58197021484375,347.7269592285156,142.526611328125,351.7735900878906,0.7816085815429688
54,157.39540100097656,227.4170684814453,161.63502502441406,236.3029022216797,0.7801893949508667
54,178.6085205078125,162.78704833984375,183.38748168945312,170.646484375,0.7793712615966797
54,386.81005859375,196.0003662109375,390.8795471191406,204.80201721191406,0.7791257500648499
54,405.85845947265625,304.1261901855469,410.2554626464844,312.2850646972656,0.7785736322402954
54,393.7380065917969,346.9848327636719,399.1649169921875,352.4677429199219,0.7752350568771362
54,557.5862426757812,265.2583312988281,561.650634765625,273.5234375,0.774215579032898
54,396.8975524902344,158.10154724121094,401.816650390625,165.77642822265625,0.7678146362304688
54,61.905418395996094,217.08824157714844,66.11399841308594,225.79403686523438,0.7585813403129578
54,44.40083694458008,67.49092102050781,48.226829528808594,76.35114288330078,0.7529550790786743
54,410.3010559082031,347.564453125,415.13232421875,352.14447021484375,0.7516005039215088
54,536.6551513671875,123.2160873413086,541.2005615234375,129.56011962890625,0.7485179305076599
54,658.1931762695312,348.5072326660156,663.941162109375,352.68035888671875,0.7476620078086853
54,614.5355834960938,349.74139404296875,619.3247680664062,354.0430908203125,0.7414526343345642
54,8.834432601928711,268.268310546875,12.46583080291748,276.57427978515625,0.7331522107124329
54,255.23321533203125,347.0456848144531,261.91748046875,351.4059753417969,0.7316156029701233
54,538.6837768554688,349.6075134277344,542.7088623046875,353.7884521484375,0.7203465700149536
54,159.9744873046875,345.6671447753906,163.9870147705078,350.6265869140625,0.7155338525772095
54,629.6129150390625,345.7459411621094,634.7630615234375,354.31939697265625,0.7133983373641968
54,20.192996978759766,346.2214050292969,24.410802841186523,350.7296447753906,0.6819167137145996
54,635.0301513671875,344.6241149902344,639.725341796875,349.60455322265625,0.6424317359924316
54,7.179129123687744,345.6576232910156,11.584606170654297,349.9113464355469,0.627119243144989
54,292.1899719238281,345.7907409667969,296.48681640625,350.2252502441406,0.6055751442909241
54,275.8134765625,347.1244201660156,281.2075500488281,351.5931091308594,0.57639479637146
54,295.6119079589844,347.696044921875,300.83392333984375,352.00323486328125,0.5353290438652039
55,396.541748046875,216.2627716064453,402.6058654785156,223.14256286621094,0.8123070001602173
55,289.3315124511719,306.6324157714844,294.85211181640625,313.3837585449219,0.8087553381919861
55,506.8779296875,347.1974182128906,513.1170654296875,352.72833251953125,0.8037936091423035
55,406.558837890625,301.9502868652344,410.9403991699219,310.4785461425781,0.7948760390281677
55,497.4395751953125,252.7337646484375,502.1634521484375,258.66192626953125,0.7914865612983704
55,385.2293395996094,194.2097625732422,390.21063232421875,203.03672790527344,0.7906155586242676
55,27.86872100830078,321.19659423828125,34.98162078857422,326.5870056152344,0.787283182144165
55,122.06898498535156,336.70166015625,127.00054168701172,343.26263427734375,0.7866414785385132
55,289.1883239746094,265.984130859375,293.42486572265625,274.1399230957031,0.7832806706428528
55,157.20579528808594,226.62860107421875,161.57423400878906,235.72659301757812,0.7808929085731506
55,177.64707946777344,161.52110290527344,182.46226501464844,168.81814575195312,0.7768585681915283
55,61.25801086425781,215.1107635498047,65.54608154296875,223.2888946533203,0.7749530673027039
55,515.2250366210938,94.17191314697266,521.3397216796875,100.65524291992188,0.7740151882171631
55,393.689208984375,346.9742126464844,399.27044677734375,352.55926513671875,0.7697219252586365
55,136.570556640625,347.9642639160156,142.4283447265625,351.9325256347656,0.7658675909042358
55,557.6024780273438,264.5382080078125,561.7282104492188,272.594970703125,0.7644219994544983
55,518.3355102539062,312.7353210449219,522.4315795898438,321.4118347167969,0.7614679336547852
55,503.6802062988281,302.22625732421875,507.9311828613281,307.81439208984375,0.7550899982452393
55,44.3154296875,64.58173370361328,48.214595794677734,73.28153991699219,0.7542169690132141
55,410.1214294433594,347.6371765136719,415.3046569824219,352.14019775390625,0.7500242590904236
55,255.14688110351562,347.0629577636719,261.9891052246094,351.5116882324219,0.747730016708374
55,614.4197387695312,349.9017333984375,619.2471923828125,354.2677001953125,0.7410770058631897
55,538.0771484375,349.5517578125,542.3790893554688,353.8440246582031,0.7395368814468384
55,8.578310012817383,265.8358459472656,12.292004585266113,274.3593444824219,0.7321210503578186
55,159.8699951171875,345.51202392578125,163.90341186523438,350.4779968261719,0.7092252373695374
55,19.36184310913086,346.1175842285156,24.32839584350586,350.71270751953125,0.7077667713165283
55,631.2781372070312,345.36578369140625,635.7703247070312,354.3271179199219,0.683673620223999
55,635.0371704101562,344.5133361816406,639.4827270507812,350.0057373046875,0.6207351684570312
55,292.28643798828125,345.71368408203125,296.96746826171875,350.3448791503906,0.6098597049713135
55,274.5006103515625,346.82440185546875,279.9397888183594,351.8259582519531,0.5422555804252625
55,7.410881042480469,345.69403076171875,11.280282020568848,349.93218994140625,0.5071007013320923
55,296.0772399902344,347.7008361816406,301.38262939453125,351.8930969238281,0.49859729409217834
55,6.224918842315674,345.6763916015625,10.836926460266113,349.87420654296875,0.4950205385684967
56,122.41321563720703,337.4269714355469,127.5026626586914,344.32586669921875,0.8099238276481628
56,396.1888732910156,215.54623413085938,401.92303466796875,222.51220703125,0.7995960116386414
56,287.7430725097656,304.8084411621094,293.5942077636719,311.02740478515625,0.7983887195587158
56,60.3157958984375,213.2913055419922,64.83668518066406,221.12413024902344,0.7976537942886353
56,29.18525505065918,320.8435974121094,36.39188766479492,325.98822021484375,0.7926497459411621
56,507.3322448730469,347.2674865722656,513.2412109375,352.7309875488281,0.7897197008132935
56,407.2220153808594,299.75799560546875,411.90362548828125,308.0776062011719,0.7893211245536804
56,289.7933044433594,263.8714599609375,293.9768371582031,272.20147705078125,0.7878891229629517
56,157.3680419921875,226.89309692382812,161.54115295410156,235.85118103027344,0.7859091758728027
56,383.66229248046875,238.82923889160156,390.3096008300781,246.90298461914062,0.7846100330352783
56,176.42544555664062,159.78968811035156,181.7108917236328,167.22055053710938,0.7801729440689087
56,136.56983947753906,348.0329284667969,142.35488891601562,351.9140625,0.7738339304924011
56,393.6753845214844,346.90301513671875,399.0862121582031,352.4508972167969,0.7724209427833557
56,518.0060424804688,312.644287109375,522.1376953125,321.4204406738281,0.7713632583618164
56,495.08154296875,73.06940460205078,500.9059143066406,77.55529022216797,0.7688719034194946
56,409.36041259765625,347.5294189453125,414.97174072265625,352.060302734375,0.7670018672943115
56,386.35784912109375,193.31619262695312,390.13385009765625,201.41127014160156,0.7628523111343384
56,44.75175857543945,61.7095832824707,48.666114807128906,70.21141815185547,0.7622953653335571
56,491.80975341796875,248.37295532226562,495.72076416015625,255.74964904785156,0.7607651948928833
56,254.9756622314453,347.04742431640625,262.1090087890625,351.4872131347656,0.7592452168464661
56,557.589599609375,264.38995361328125,561.807861328125,272.4657897949219,0.7580695152282715
56,510.7629699707031,326.9452209472656,514.2794189453125,334.6324157714844,0.7543776035308838
56,537.2687377929688,349.6012878417969,541.9672241210938,353.894287109375,0.7534676194190979
56,614.4217529296875,349.8033142089844,619.2901611328125,354.2303466796875,0.7358946204185486
56,18.617691040039062,346.1951904296875,24.188247680664062,350.6340637207031,0.7293919324874878
56,159.77951049804688,345.3283996582031,163.8513946533203,350.25677490234375,0.7217066287994385
56,8.192249298095703,263.3845520019531,11.956979751586914,271.6995849609375,0.7214573621749878
56,631.6076049804688,345.5303955078125,636.1290893554688,354.88604736328125,0.6907417178153992
56,639.1594848632812,342.9091796875,646.5811767578125,348.0523376464844,0.6845381259918213
56,292.78082275390625,345.6250915527344,296.96978759765625,350.4953918457031,0.5996264815330505
56,292.5630798339844,350.30767822265625,297.2767333984375,354.33251953125,0.5828995108604431
56,296.5611267089844,346.2734069824219,301.48284912109375,351.0047912597656,0.5192351341247559
56,275.1023864746094,346.4750671386719,280.5263671875,351.7184753417969,0.48700040578842163
56,635.1703491210938,344.4447326660156,640.8208618164062,350.41400146484375,0.4504941701889038
57,395.5296936035156,215.35374450683594,401.4510498046875,221.8273468017578,0.8161971569061279
57,284.6664733886719,303.13922119140625,290.960693359375,309.4869689941406,0.8083734512329102
57,30.811038970947266,320.55560302734375,38.435882568359375,325.70294189453125,0.802967369556427
57,399.90667724609375,274.3741760253906,404.85675048828125,280.8907470703125,0.7902017831802368
57,517.9356689453125,312.674560546875,522.15625,321.7021484375,0.7897011041641235
57,122.57662200927734,338.18365478515625,127.6599349975586,345.0252380371094,0.7883896827697754
57,59.5480842590332,211.14419555664062,63.919708251953125,219.26229858398438,0.7871825695037842
57,408.14703369140625,298.0409240722656,412.8262634277344,305.8994140625,0.7862942218780518
57,45.42143249511719,59.18007278442383,50.39548110961914,67.6537094116211,0.7845813632011414
57,289.8263244628906,261.6684875488281,294.2758483886719,269.9961242675781,0.7827258110046387
57,507.3994140625,347.13873291015625,513.2711181640625,352.7947692871094,0.7818442583084106
57,157.54452514648438,227.01820373535156,161.8830108642578,235.80726623535156,0.7783567905426025
57,393.7134094238281,346.9046325683594,399.3003845214844,352.51458740234375,0.7712536454200745
57,175.7296600341797,158.10433959960938,180.6700439453125,165.40499877929688,0.7710623145103455
57,385.881591796875,191.15768432617188,389.7405700683594,200.11056518554688,0.7709048986434937
57,408.5885925292969,347.477294921875,414.340087890625,352.0166931152344,0.7702630162239075
57,491.66998291015625,250.09097290039062,495.6366882324219,257.31536865234375,0.768436074256897
57,557.5297241210938,264.37286376953125,561.67333984375,272.41845703125,0.767778754234314
57,254.76390075683594,346.974609375,261.976318359375,351.4605712890625,0.7677035927772522
57,136.38226318359375,348.0224609375,142.32009887695312,351.9583740234375,0.7642108798027039
57,149.1230926513672,333.55908203125,156.35723876953125,337.2057189941406,0.750205397605896
57,518.937744140625,348.154052734375,525.2191772460938,352.9809875488281,0.7500275373458862
57,536.0377807617188,349.6419372558594,541.2953491210938,354.1148681640625,0.7436797022819519
57,614.413330078125,349.92999267578125,619.3870849609375,354.2899169921875,0.7425349354743958
57,504.10406494140625,76.37388610839844,507.88079833984375,83.6174087524414,0.7358981966972351
57,8.880468368530273,260.75958251953125,12.418445587158203,269.5198059082031,0.7294470071792603
57,16.97509765625,346.3277893066406,23.05073356628418,350.5185852050781,0.7160260677337646
57,631.7740478515625,345.3590393066406,636.2908325195312,354.998779296875,0.696778416633606
57,293.724853515625,345.8743896484375,300.29083251953125,350.75634765625,0.6434063911437988
57,292.6383056640625,350.1419982910156,297.62744140625,354.13079833984375,0.5989114046096802
57,635.05615234375,344.4809265136719,639.6067504882812,350.0557556152344,0.5693350434303284
57,650.2442626953125,348.0312805175781,655.1754760742188,352.234130859375,0.5179508328437805
57,5.287353038787842,346.22076416015625,10.217301368713379,350.04290771484375,0.48652762174606323
57,292.44342041015625,345.33184814453125,296.8342590332031,349.90826416015625,0.4206896424293518
58,530.3007202148438,83.1167984008789,537.2769775390625,90.09778594970703,0.8208917379379272
58,47.003211975097656,58.0693359375,54.31682586669922,64.86273956298828,0.8119342923164368
58,408.7382507324219,295.7197265625,413.113037109375,303.7672119140625,0.8117287158966064
58,394.82379150390625,214.7386474609375,400.7923278808594,221.70982360839844,0.8081387877464294
58,282.1389465332031,301.88116455078125,288.8867492675781,307.1687927246094,0.8007374405860901
58,405.2936706542969,294.8111267089844,410.09393310546875,302.2561950683594,0.797541618347168
58,289.7926025390625,259.6087951660156,294.2540588378906,268.1388244628906,0.792749285697937
58,122.78536224365234,338.7884521484375,128.50953674316406,345.3634033203125,0.7844715118408203
58,32.494171142578125,320.46002197265625,40.01202392578125,325.17340087890625,0.7809544205665588
58,507.3806457519531,347.16070556640625,513.2159423828125,352.7532958984375,0.7774297595024109
58,517.954833984375,312.6637878417969,522.1442260742188,321.6626892089844,0.7767469882965088
58,174.7328643798828,157.0227508544922,179.81387329101562,164.69680786132812,0.7766297459602356
58,254.63861083984375,346.947998046875,261.8559265136719,351.4677429199219,0.7726934552192688
58,385.5608825683594,188.6183319091797,389.7043151855469,197.57505798339844,0.7719327807426453
58,136.41372680664062,348.017333984375,142.359619140625,352.1139831542969,0.7713342905044556
58,407.0933837890625,347.4358825683594,413.1158752441406,351.94940185546875,0.7636827826499939
58,157.44740295410156,227.4424285888672,161.72523498535156,236.01492309570312,0.7595771551132202
58,393.622314453125,346.9326477050781,399.1495056152344,352.66082763671875,0.7565118670463562
58,557.5591430664062,264.36444091796875,561.7118530273438,272.3660583496094,0.7528979182243347
58,123.84910583496094,330.68011474609375,130.8770751953125,335.10321044921875,0.7523928880691528
58,58.894805908203125,209.33096313476562,63.39763259887695,217.30117797851562,0.7510817050933838
58,490.68768310546875,248.55206298828125,494.6866760253906,255.8338165283203,0.7475631833076477
58,534.9435424804688,349.65911865234375,540.8539428710938,354.26629638671875,0.7457857131958008
58,519.0653686523438,348.4243469238281,525.0325317382812,353.02581787109375,0.744961678981781
58,15.661737442016602,345.7311096191406,22.13560676574707,349.9937744140625,0.7315343618392944
58,614.4737548828125,349.9596862792969,619.3897094726562,354.26055908203125,0.7269484996795654
58,631.9248657226562,345.10662841796875,636.552490234375,355.1846923828125,0.7117751836776733
58,8.074172019958496,258.7652587890625,11.89777660369873,267.1571960449219,0.697312593460083
58,294.3440246582031,345.8410949707031,300.90283203125,350.8807373046875,0.6394765377044678
58,635.0304565429688,343.704345703125,639.6460571289062,350.4667663574219,0.6306204795837402
58,6.0346550941467285,346.67974853515625,10.876718521118164,350.50433349609375,0.6248419284820557
58,292.7731628417969,349.7855529785156,298.0731506347656,354.166259765625,0.5184394717216492
58,292.2210693359375,345.41119384765625,296.890380859375,350.0808410644531,0.48665839433670044
59,394.532470703125,214.55125427246094,400.4062194824219,221.58203125,0.8202508091926575
59,49.33140563964844,57.67238235473633,56.504974365234375,63.16313934326172,0.8083571791648865
59,279.4403991699219,300.80706787109375,286.6080322265625,305.7209167480469,0.8003493547439575
59,410.0719299316406,293.72540283203125,414.7267150878906,301.12451171875,0.7903576493263245
59,123.4756088256836,339.5841369628906,128.76332092285156,346.20819091796875,0.7901141047477722
59,135.9254608154297,348.0182800292969,142.2537078857422,352.1533203125,0.7890876531600952
59,289.8096618652344,258.2569274902344,294.14019775390625,266.707275390625,0.7880064845085144
59,173.67724609375,155.60511779785156,179.1049041748047,162.77114868164062,0.7858560681343079
59,507.6709289550781,346.5393981933594,513.6339721679688,352.5445556640625,0.7831049561500549
59,517.9345703125,312.2765197753906,522.1207885742188,321.3143310546875,0.7801403999328613
59,393.5865783691406,346.5503234863281,399.1735534667969,352.7696838378906,0.780003011226654
59,384.67425537109375,186.52194213867188,388.9154052734375,195.7608184814453,0.7795222997665405
59,405.6588439941406,347.1620178222656,412.17364501953125,351.6050109863281,0.7751290798187256
59,255.31851196289062,346.9261779785156,261.7744140625,351.4900817871094,0.7742552161216736
59,410.7413635253906,306.5451354980469,417.160400390625,311.1539001464844,0.7733924388885498
59,34.859439849853516,320.18743896484375,42.38418960571289,324.3472900390625,0.7692314386367798
59,15.336164474487305,345.68011474609375,21.69355583190918,349.99786376953125,0.7661218643188477
59,57.641475677490234,207.8444366455078,62.28262710571289,215.5584716796875,0.7633941769599915
59,534.316650390625,349.72589111328125,540.3330688476562,354.2945861816406,0.7588912844657898
59,544.9589233398438,80.82764434814453,549.1435546875,88.97789764404297,0.7570525407791138
59,490.4836730957031,247.92642211914062,494.6640625,255.3720703125,0.7547726631164551
59,157.41311645507812,227.0192108154297,161.58316040039062,235.63938903808594,0.7537690997123718
59,557.4656982421875,264.0010986328125,561.6453247070312,272.0747375488281,0.753494381904602
59,6.710816383361816,346.6148681640625,11.757081031799316,350.6957702636719,0.7509067058563232
59,518.5610961914062,348.09161376953125,524.6195678710938,352.75299072265625,0.7495533227920532
59,614.4396362304688,349.9247131347656,619.331298828125,354.18707275390625,0.7283397912979126
59,140.44459533691406,344.41485595703125,146.92942810058594,350.1376953125,0.7269219160079956
59,7.738985538482666,256.59808349609375,11.7058687210083,264.7831726074219,0.7032438516616821
59,631.7643432617188,345.4354248046875,636.5681762695312,355.2514343261719,0.7002686858177185
59,294.2845458984375,346.2138977050781,300.705322265625,351.3039245605469,0.6774035096168518
59,278.0088806152344,345.2833251953125,283.64080810546875,350.3113708496094,0.5796082615852356
59,634.9080200195312,344.4203186035156,639.6013793945312,350.0076599121094,0.5559433698654175
60,413.54949951171875,319.008056640625,419.8736877441406,325.89727783203125,0.8431236147880554
60,394.1326904296875,213.9540557861328,400.0738220214844,220.87623596191406,0.8261092901229858
60,51.70037078857422,57.11382293701172,58.514732360839844,62.077640533447266,0.8096206784248352
60,136.1107177734375,347.8113708496094,141.98699951171875,352.1740417480469,0.7941657304763794
60,123.31033325195312,339.60076904296875,128.57289123535156,346.127197265625,0.793343186378479
60,410.89697265625,291.7237243652344,415.69183349609375,299.44561767578125,0.7875275611877441
60,172.69720458984375,154.32211303710938,178.18161010742188,161.30670166015625,0.7867698669433594
60,289.9412841796875,257.6034851074219,294.3743896484375,266.093994140625,0.7866644859313965
60,393.7070007324219,346.40032958984375,399.1763000488281,352.7288513183594,0.7844043970108032
60,37.018192291259766,320.04681396484375,44.57600784301758,324.30706787109375,0.7826458811759949
60,277.2216491699219,300.6597900390625,284.3385009765625,304.40277099609375,0.7793119549751282
60,518.0048217773438,312.4346923828125,522.2014770507812,321.2858581542969,0.7779685854911804
60,7.428671360015869,346.28485107421875,13.085715293884277,350.5472412109375,0.7768100500106812
60,384.6765441894531,185.17654418945312,388.9275207519531,193.72433471679688,0.7742336392402649
60,14.797930717468262,345.6344909667969,20.41436767578125,350.08782958984375,0.7718372344970703
60,56.702396392822266,205.69520568847656,61.39419174194336,213.42137145996094,0.7707704305648804
60,545.0706176757812,80.44256591796875,548.956298828125,89.1233901977539,0.7654746174812317
60,157.0288543701172,226.6471710205078,161.29568481445312,235.1825714111328,0.7605224847793579
60,507.7120056152344,347.6436462402344,513.5101318359375,352.5547180175781,0.7570598721504211
60,255.56178283691406,346.8750305175781,261.5899658203125,351.55230712890625,0.7558351755142212
60,518.4381713867188,348.0945129394531,524.5789794921875,352.77252197265625,0.7531060576438904
60,405.0604248046875,347.0631408691406,410.9049987792969,351.3377685546875,0.7522655725479126
60,490.59429931640625,247.31480407714844,494.6382751464844,254.72666931152344,0.7509475350379944
60,534.3673095703125,349.8341979980469,539.809814453125,354.2784729003906,0.7458505034446716
60,557.6693115234375,263.5997314453125,561.7642211914062,271.51220703125,0.7452445030212402
60,146.3588409423828,347.4877624511719,150.43179321289062,352.6315612792969,0.7434723377227783
60,614.4758911132812,350.0414733886719,619.3911743164062,354.32830810546875,0.7328966856002808
60,7.794224739074707,254.46487426757812,11.453564643859863,262.82159423828125,0.7055975794792175
60,293.9125061035156,346.1670227050781,300.8152770996094,351.34161376953125,0.7049760818481445
60,631.8713989257812,345.51727294921875,636.4132080078125,355.2083740234375,0.7000626921653748
60,651.1998901367188,348.2626953125,656.3307495117188,352.205810546875,0.6441835761070251
60,634.87353515625,344.5229797363281,639.2990112304688,349.4292297363281,0.6092103123664856
60,278.26226806640625,345.2868347167969,284.18194580078125,350.5938720703125,0.6091281175613403
61,393.8839416503906,213.4031982421875,399.83087158203125,220.51182556152344,0.813778281211853
61,53.521060943603516,56.15253829956055,60.528099060058594,61.315589904785156,0.8131849765777588
61,411.9407043457031,289.5608825683594,417.0857238769531,296.9035949707031,0.7963830232620239
61,123.31646728515625,339.589599609375,128.60935974121094,346.1394958496094,0.7876369953155518
61,7.160589694976807,346.37445068359375,13.643622398376465,350.51385498046875,0.7854235768318176
61,275.25189208984375,299.90057373046875,282.7066955566406,303.9945373535156,0.7805508375167847
61,518.0009155273438,312.4340515136719,522.20068359375,321.35186767578125,0.7762307524681091
61,290.42236328125,257.18988037109375,294.6072998046875,265.5480041503906,0.7758951783180237
61,384.47454833984375,182.39869689941406,388.6709899902344,191.5734405517578,0.774031400680542
61,136.17652893066406,347.9600830078125,141.86968994140625,352.11383056640625,0.7733843922615051
61,156.55462646484375,225.4062042236328,160.92288208007812,234.13978576660156,0.7731077075004578
61,55.865848541259766,203.7541961669922,60.436180114746094,211.5519561767578,0.7714684009552002
61,38.42251205444336,319.5653991699219,45.98068618774414,323.8211364746094,0.768704891204834
61,545.0266723632812,80.1293716430664,548.9071655273438,88.74662017822266,0.7655929923057556
61,172.16029357910156,153.02915954589844,177.28573608398438,160.73565673828125,0.7654100060462952
61,393.4419250488281,346.9039001464844,398.9779357910156,352.91009521484375,0.7591152787208557
61,518.7314453125,348.17388916015625,524.4589233398438,352.81500244140625,0.756905198097229
61,14.551888465881348,345.7105712890625,20.075876235961914,350.1329345703125,0.7519260048866272
61,508.0177917480469,347.7303466796875,513.047607421875,352.5350036621094,0.7486848831176758
61,534.1466674804688,349.947265625,539.4680786132812,354.2053527832031,0.7468543648719788
61,490.585205078125,246.5208282470703,494.5466003417969,254.14382934570312,0.7462763786315918
61,256.04486083984375,346.56378173828125,261.41851806640625,351.68896484375,0.7397759556770325
61,614.3828735351562,350.02862548828125,619.3653564453125,354.34857177734375,0.7363184690475464
61,557.6962890625,263.0862731933594,561.7777099609375,270.8785400390625,0.7357228994369507
61,403.26190185546875,344.96630859375,410.1941833496094,350.8863830566406,0.7212287783622742
61,146.6305694580078,348.34515380859375,150.77578735351562,352.55810546875,0.702460765838623
61,631.899658203125,345.84368896484375,636.5071411132812,355.3263244628906,0.6928979754447937
61,7.243957042694092,252.20498657226562,11.14111614227295,260.43115234375,0.6700124144554138
61,292.9476013183594,345.7115173339844,300.7956848144531,351.42047119140625,0.660966157913208
61,651.218994140625,348.1950988769531,656.4664306640625,352.3020935058594,0.636786162853241
61,634.1548461914062,344.5240783691406,639.0813598632812,349.5080261230469,0.5681079626083374
61,277.8038635253906,344.9888916015625,284.27362060546875,350.6211853027344,0.5679266452789307
62,55.54546356201172,55.51239776611328,62.00651550292969,60.589195251464844,0.8092305660247803
62,413.70648193359375,287.4847106933594,418.6886291503906,294.8109436035156,0.8048520684242249
62,392.88153076171875,212.6111297607422,398.70867919921875,219.6008758544922,0.8044405579566956
62,7.222468852996826,346.2806701660156,14.061538696289062,350.67144775390625,0.8003526329994202
62,273.34881591796875,299.6920471191406,280.5641174316406,303.81390380859375,0.7919376492500305
62,123.28680419921875,339.84918212890625,128.53514099121094,346.13385009765625,0.7880380749702454
62,170.67767333984375,151.40121459960938,176.1170196533203,158.55215454101562,0.7860111594200134
62,40.25654602050781,319.1346740722656,48.087669372558594,323.45361328125,0.7829339504241943
62,155.9455108642578,224.7653045654297,160.58790588378906,233.34384155273438,0.782322347164154
62,14.269769668579102,345.5306396484375,20.25704574584961,350.119384765625,0.7764487862586975
62,518.0658569335938,312.3365173339844,522.2223510742188,321.0404968261719,0.7762342691421509
62,290.6237487792969,256.70562744140625,294.8334045410156,264.7799987792969,0.7728363275527954
62,136.2900390625,347.89959716796875,142.05593872070312,352.0407409667969,0.7719020247459412
62,545.2239379882812,79.78046417236328,549.1530151367188,88.4952621459961,0.7712831497192383
62,383.8670349121094,181.1713409423828,387.94110107421875,189.75633239746094,0.7662516236305237
62,518.8280029296875,348.2152404785156,524.194091796875,352.8251647949219,0.7592132687568665
62,55.47578811645508,201.30616760253906,59.785980224609375,209.58883666992188,0.7523359060287476
62,393.8961486816406,346.5746765136719,398.8409118652344,352.6989440917969,0.7509100437164307
62,490.61981201171875,246.1177978515625,494.6387634277344,253.62867736816406,0.7477595806121826
62,533.7288818359375,350.015869140625,538.9818115234375,354.1580505371094,0.7464430928230286
62,508.203857421875,347.74578857421875,512.2960205078125,352.5386047363281,0.7426938414573669
62,255.7031707763672,346.76678466796875,261.4782409667969,351.5516052246094,0.7394943237304688
62,405.65972900390625,347.3137512207031,413.0648498535156,353.613525390625,0.7349449396133423
62,557.8099975585938,262.6122131347656,561.8216552734375,270.6263732910156,0.7338021993637085
62,614.2844848632812,350.05596923828125,619.2987060546875,354.3413391113281,0.7322255969047546
62,293.130126953125,345.399658203125,300.8330993652344,352.00213623046875,0.7035036087036133
62,7.333377838134766,249.44760131835938,11.125701904296875,257.5711669921875,0.7017908096313477
62,146.81362915039062,348.48907470703125,150.80841064453125,352.5981750488281,0.6972090005874634
62,632.1932373046875,345.7326965332031,636.8943481445312,355.55206298828125,0.662002682685852
62,7.240896224975586,262.33563232421875,10.153546333312988,270.0404968261719,0.6371800303459167
62,651.1412353515625,348.1715087890625,656.4453125,352.3483581542969,0.6312502026557922
62,278.4535827636719,344.6792907714844,284.33038330078125,350.2904052734375,0.6161866188049316
62,633.6974487304688,344.6189880371094,639.1544189453125,349.55596923828125,0.572902500629425
63,414.27557373046875,285.0361633300781,419.8338317871094,292.4934997558594,0.8095605373382568
63,57.17106246948242,54.3309440612793,63.270782470703125,59.63523864746094,0.8013766407966614
63,391.9075012207031,211.66323852539062,397.71771240234375,218.27210998535156,0.7962960600852966
63,41.820064544677734,318.82342529296875,49.61998748779297,323.2621765136719,0.7947522401809692
63,168.78567504882812,149.90122985839844,174.66192626953125,156.84442138671875,0.7945765256881714
63,7.348151683807373,345.9523010253906,13.908334732055664,350.61163330078125,0.7932336926460266
63,123.25355529785156,339.849365234375,128.4945068359375,346.1492919921875,0.7839310169219971
63,155.62559509277344,223.6484832763672,160.32864379882812,232.3538360595703,0.7819375395774841
63,518.0347900390625,311.6418151855469,522.250732421875,320.48199462890625,0.7759004831314087
63,291.8893737792969,301.3968200683594,295.80255126953125,309.2980041503906,0.7748531699180603
63,518.842529296875,348.2352600097656,524.0287475585938,352.76190185546875,0.7705833911895752
63,281.9529113769531,242.37326049804688,285.9821472167969,249.9080047607422,0.7693723440170288
63,136.3218994140625,347.8642883300781,142.05467224121094,352.06207275390625,0.7682666182518005
63,545.2172241210938,79.75443267822266,549.1173706054688,88.49774169921875,0.7675678730010986
63,272.262939453125,299.4247741699219,279.42010498046875,303.572021484375,0.7657067775726318
63,14.344256401062012,345.60931396484375,20.164663314819336,350.1784362792969,0.7629410028457642
63,508.417724609375,347.34515380859375,512.3413696289062,352.5777282714844,0.758683979511261
63,383.8940124511719,179.54344177246094,387.92950439453125,188.09898376464844,0.7585612535476685
63,531.8416137695312,350.02520751953125,538.2288208007812,353.9277038574219,0.7522483468055725
63,255.8448028564453,346.761474609375,261.33807373046875,351.7458801269531,0.7491834759712219
63,490.834228515625,245.37319946289062,494.9158935546875,253.11375427246094,0.7491481900215149
63,411.0514221191406,347.8160095214844,415.743408203125,355.39398193359375,0.7468478083610535
63,557.6724853515625,261.8559875488281,561.680419921875,270.218017578125,0.7407097816467285
63,393.6296081542969,346.5909423828125,398.9577331542969,352.3946838378906,0.7374420762062073
63,292.9443359375,347.1954650878906,300.02313232421875,351.4378967285156,0.7367686629295349
63,55.60747146606445,199.1932373046875,59.60662841796875,207.280517578125,0.7331222891807556
63,614.7876586914062,349.9884033203125,620.0821533203125,354.2066345214844,0.7272318601608276
63,278.5025939941406,344.6175537109375,283.5978698730469,350.74566650390625,0.7031197547912598
63,651.669677734375,348.2293701171875,656.9590454101562,352.3370361328125,0.7005098462104797
63,632.211181640625,345.48333740234375,637.4734497070312,355.11163330078125,0.6998414397239685
63,146.73973083496094,348.48046875,150.7983856201172,352.6113586425781,0.699178159236908
63,7.263121128082275,246.85647583007812,11.108247756958008,254.83334350585938,0.6897169351577759
63,6.928964614868164,260.35205078125,10.068990707397461,268.459716796875,0.5249200463294983
64,391.2457275390625,211.0048370361328,397.397216796875,217.64120483398438,0.803452730178833
64,415.92352294921875,283.3644714355469,421.2137145996094,290.2400207519531,0.8027268052101135
64,58.69849395751953,53.09389877319336,64.86831665039062,58.38854217529297,0.8024761080741882
64,167.3516387939453,148.75086975097656,172.99554443359375,155.51376342773438,0.7998340725898743
64,123.32001495361328,339.4680480957031,128.32275390625,346.2119445800781,0.794471025466919
64,155.4408416748047,222.39126586914062,160.2201690673828,230.92803955078125,0.7916346192359924
64,7.40573787689209,345.7486877441406,13.73422908782959,350.39990234375,0.7856907248497009
64,517.829345703125,311.09613037109375,522.1289672851562,319.7358093261719,0.7796613574028015
64,43.06135559082031,318.6282043457031,50.51036071777344,322.935302734375,0.7781705260276794
64,631.97021484375,345.4767150878906,637.6732177734375,355.0060119628906,0.7733932137489319
64,270.176025390625,299.13751220703125,277.2822265625,303.2357482910156,0.77224200963974
64,518.7587280273438,348.34002685546875,524.0904541015625,352.7743835449219,0.7695993185043335
64,545.1155395507812,79.09618377685547,548.9749145507812,88.05648803710938,0.7694277763366699
64,383.3857727050781,177.4385223388672,387.4707946777344,185.8624725341797,0.7665359377861023
64,290.62322998046875,218.67018127441406,294.80853271484375,225.5588836669922,0.7659653425216675
64,136.31784057617188,347.8356628417969,142.10948181152344,352.050048828125,0.7653997540473938
64,507.8275146484375,347.391357421875,511.69586181640625,352.5263977050781,0.7615017890930176
64,255.7791748046875,346.83563232421875,261.3710021972656,351.67828369140625,0.7593232989311218
64,288.3303527832031,277.9684753417969,292.0079040527344,285.15234375,0.7588971853256226
64,14.285089492797852,345.7616271972656,19.931682586669922,350.1304016113281,0.7537068724632263
64,490.58935546875,243.98126220703125,494.7397155761719,251.55874633789062,0.7511464357376099
64,530.8275146484375,349.7901916503906,537.3997802734375,353.705078125,0.7488076686859131
64,615.0818481445312,349.96588134765625,620.5469970703125,354.24676513671875,0.7477543950080872
64,557.632568359375,261.5894470214844,561.626220703125,270.01654052734375,0.7446295022964478
64,55.49302291870117,196.58804321289062,59.52316665649414,205.03012084960938,0.737957239151001
64,292.8377990722656,347.4595031738281,299.87646484375,351.01470947265625,0.7361143231391907
64,278.967041015625,343.8724060058594,283.99383544921875,350.8333435058594,0.7355350255966187
64,652.2613525390625,348.40972900390625,657.6895141601562,352.3554992675781,0.7353048324584961
64,414.59112548828125,348.3431091308594,420.9584045410156,353.7065124511719,0.7344573140144348
64,393.5021057128906,343.4704284667969,398.3680419921875,351.16015625,0.7109527587890625
64,146.91114807128906,348.4984130859375,150.88929748535156,352.63299560546875,0.695033073425293
64,7.239631652832031,244.65725708007812,10.933634757995605,252.67770385742188,0.6870241165161133
64,6.6477508544921875,258.2197570800781,10.03347396850586,266.7115478515625,0.6573724746704102
64,392.7930908203125,349.6566162109375,397.38507080078125,355.7159729003906,0.6138198375701904
64,402.59283447265625,346.09088134765625,408.9359130859375,351.69354248046875,0.6019236445426941
65,390.72119140625,210.69361877441406,397.0709533691406,217.45263671875,0.8138715028762817
65,165.48818969726562,147.25039672851562,171.79244995117188,153.58982849121094,0.8109508156776428
65,416.82354736328125,281.9407958984375,422.3355407714844,288.6197814941406,0.8107303380966187
65,123.32180786132812,339.44635009765625,128.2222442626953,346.20867919921875,0.7945547103881836
65,60.707366943359375,51.43944549560547,66.38634490966797,57.244544982910156,0.7901030778884888
65,518.89306640625,348.3766784667969,524.299072265625,352.8663635253906,0.7877726554870605
65,154.77735900878906,221.49462890625,159.49339294433594,229.7652130126953,0.7849553823471069
65,631.9681396484375,345.4007873535156,637.7288818359375,354.794189453125,0.7844305634498596
65,44.39793014526367,318.43231201171875,52.03771209716797,322.7638244628906,0.7841565012931824
65,7.767611503601074,346.07257080078125,13.374713897705078,350.47918701171875,0.7806178331375122
65,268.4830322265625,298.47662353515625,275.4914855957031,302.45361328125,0.7804643511772156
65,414.16754150390625,347.1192932128906,418.9371337890625,354.617919921875,0.7798339128494263
65,136.1951141357422,347.6847229003906,142.112548828125,351.9845275878906,0.779434084892273
65,507.4921569824219,347.30914306640625,511.5249328613281,352.54412841796875,0.7772099375724792
65,14.32097053527832,345.6403503417969,19.868335723876953,349.9861145019531,0.7739188075065613
65,545.1216430664062,79.10576629638672,548.9832763671875,87.9827880859375,0.7728561162948608
65,517.5074462890625,310.1272888183594,521.7603759765625,318.90655517578125,0.7727621793746948
65,383.0072326660156,176.083251953125,387.0865478515625,184.34666442871094,0.768822193145752
65,289.3021240234375,278.0039367675781,293.242919921875,285.6181945800781,0.7667174339294434
65,529.152099609375,349.6076965332031,535.9468994140625,353.5867919921875,0.7613932490348816
65,255.92477416992188,346.94140625,261.4718322753906,351.6748352050781,0.7600784301757812
65,381.8481140136719,335.63055419921875,387.04180908203125,340.7603454589844,0.759584367275238
65,615.9015502929688,349.7973937988281,621.9012451171875,354.1007080078125,0.7552669644355774
65,652.5781860351562,348.4328918457031,658.4907836914062,352.4161376953125,0.7516687512397766
65,490.5916748046875,242.92947387695312,494.6917419433594,250.34234619140625,0.748213529586792
65,280.14666748046875,342.9466552734375,284.8505554199219,350.7550354003906,0.7480303049087524
65,557.6370849609375,261.4584045410156,561.6550903320312,269.73162841796875,0.7465957403182983
65,293.21575927734375,225.58375549316406,297.12982177734375,231.822265625,0.7327607274055481
65,293.1012268066406,347.4964294433594,300.0227966308594,351.0350341796875,0.7322300672531128
65,146.0465087890625,348.3678894042969,150.89906311035156,352.4274597167969,0.724400520324707
65,55.75520324707031,194.49456787109375,59.57160949707031,202.95542907714844,0.7130646705627441
65,393.2932434082031,348.16693115234375,397.64495849609375,352.7398986816406,0.709510862827301
65,7.223853588104248,243.15484619140625,10.602253913879395,251.01522827148438,0.6722005009651184
65,6.915804862976074,255.88206481933594,10.41392993927002,264.2470397949219,0.6702097058296204
66,290.2461242675781,241.8733673095703,295.9931640625,248.944091796875,0.8358830213546753
66,418.4872741699219,279.81610107421875,424.18798828125,286.78094482421875,0.8169029951095581
66,163.60751342773438,145.68087768554688,169.8647003173828,152.3329620361328,0.804205596446991
66,136.40322875976562,347.765380859375,142.3641815185547,351.9792175292969,0.8018335700035095
66,389.9970703125,210.1189422607422,395.9042053222656,216.61605834960938,0.8012006878852844
66,62.16075134277344,49.84953689575195,68.02754974365234,55.51117706298828,0.7961485981941223
66,45.18746566772461,318.1340026855469,53.24871063232422,322.5469055175781,0.7901991009712219
66,154.3933563232422,220.06353759765625,159.1800994873047,228.52308654785156,0.7896093726158142
66,632.063232421875,345.40972900390625,637.6893920898438,354.7123107910156,0.7887951731681824
66,123.26255798339844,339.4819641113281,128.05258178710938,346.2547912597656,0.7885425090789795
66,519.041748046875,348.488525390625,524.3563232421875,352.7469177246094,0.7851091623306274
66,7.8643269538879395,346.11785888671875,13.007684707641602,350.62493896484375,0.7827104926109314
66,267.36590576171875,298.16656494140625,274.48492431640625,302.0176696777344,0.7822979092597961
66,517.470458984375,309.66156005859375,521.6757202148438,318.45391845703125,0.7782734036445618
66,653.089111328125,348.51531982421875,659.2300415039062,352.5060119628906,0.7727532386779785
66,545.0995483398438,78.9599838256836,548.96826171875,87.85612487792969,0.771804928779602
66,289.2861633300781,277.81341552734375,293.081298828125,286.01617431640625,0.7699490785598755
66,528.2415161132812,349.5857238769531,535.311767578125,353.5816345214844,0.7698756456375122
66,382.8351745605469,174.33840942382812,387.000244140625,182.8311309814453,0.7669148445129395
66,506.7002868652344,347.4185485839844,510.98028564453125,352.2810363769531,0.7657086253166199
66,255.99154663085938,346.8589782714844,261.50958251953125,351.7190856933594,0.7571066617965698
66,375.88824462890625,347.1519775390625,379.9586486816406,353.47186279296875,0.7569764852523804
66,490.8479309082031,241.80543518066406,494.9901123046875,249.4214630126953,0.755021333694458
66,14.098018646240234,345.8370056152344,19.558645248413086,350.2067565917969,0.7548652291297913
66,557.6444702148438,261.4784240722656,561.6683349609375,269.7529602050781,0.7548150420188904
66,616.048583984375,349.7663879394531,622.2079467773438,354.01507568359375,0.7542383074760437
66,280.33740234375,342.79644775390625,285.04541015625,350.7131652832031,0.7530922293663025
66,401.85101318359375,345.9776916503906,407.39129638671875,351.10736083984375,0.7461570501327515
66,145.159912109375,348.450927734375,150.84828186035156,352.31549072265625,0.7414325475692749
66,7.3764729499816895,253.3051300048828,11.154655456542969,261.5192565917969,0.7330362200737
66,55.67349624633789,191.95726013183594,59.595550537109375,200.61550903320312,0.724936306476593
66,293.4070739746094,347.4112243652344,300.2170715332031,350.95941162109375,0.723360002040863
66,392.9237365722656,348.9105224609375,397.5762939453125,353.8313903808594,0.6821014285087585
66,6.537708759307861,241.70123291015625,10.168976783752441,249.14797973632812,0.5280575156211853
67,136.26170349121094,347.4364318847656,142.62925720214844,351.6399841308594,0.8171321153640747
67,632.2291870117188,345.4780578613281,637.8289184570312,354.4385986328125,0.8073498606681824
67,419.61090087890625,278.5411376953125,425.3455505371094,285.4768371582031,0.807236909866333
67,527.4789428710938,349.7124328613281,534.65478515625,353.67108154296875,0.8059724569320679
67,162.5559844970703,144.8744354248047,168.77455139160156,151.28599548339844,0.8028984665870667
67,388.5962829589844,209.23919677734375,394.6119079589844,216.02371215820312,0.8015636205673218
67,123.27068328857422,339.7242126464844,128.1198272705078,346.2709045410156,0.7984704971313477
67,265.62591552734375,297.593505859375,272.8403625488281,301.7008361816406,0.7930589318275452
67,63.999942779541016,48.389286041259766,69.05184173583984,54.528724670410156,0.7847264409065247
67,517.4573974609375,309.4213562011719,521.6409912109375,317.9540710449219,0.7818167805671692
67,154.1307830810547,218.61279296875,158.87173461914062,227.09042358398438,0.7808955311775208
67,46.392967224121094,318.04632568359375,54.00372314453125,322.2731018066406,0.7790880799293518
67,519.3936767578125,348.6043395996094,524.9847412109375,352.69891357421875,0.7789832353591919
67,545.1410522460938,78.95538330078125,549.1680908203125,87.61646270751953,0.7783094048500061
67,143.23304748535156,347.7261962890625,150.30593872070312,351.542236328125,0.7772012948989868
67,7.582465648651123,346.47613525390625,12.72865104675293,350.81298828125,0.7700543403625488
67,653.9749145507812,348.3364562988281,660.11865234375,352.5893249511719,0.7689393758773804
67,13.826966285705566,345.8191223144531,19.244516372680664,350.0778503417969,0.7636666893959045
67,505.96533203125,347.2900695800781,510.7229919433594,352.1590576171875,0.7609405517578125
67,280.39764404296875,343.11175537109375,285.159423828125,350.742431640625,0.7596355080604553
67,256.013916015625,346.85931396484375,261.56024169921875,351.69195556640625,0.7590168714523315
67,382.7737121582031,172.34039306640625,386.75537109375,181.2613067626953,0.7581526637077332
67,289.3126220703125,277.360595703125,292.82257080078125,285.8448486328125,0.7558183670043945
67,616.4490966796875,349.52520751953125,623.4786987304688,353.85009765625,0.7555000185966492
67,557.5738525390625,261.5175476074219,561.5928955078125,269.7008056640625,0.7529566287994385
67,491.0184326171875,240.30316162109375,495.0699462890625,247.95205688476562,0.74860680103302
67,297.0090637207031,265.63006591796875,302.2005920410156,269.8612976074219,0.7291145920753479
67,292.56195068359375,347.1084289550781,299.73779296875,350.770751953125,0.7256569862365723
67,55.81519317626953,190.0738067626953,59.61330032348633,198.55262756347656,0.7252166867256165
67,7.586024761199951,251.0684051513672,11.580745697021484,259.2720642089844,0.707939863204956
67,387.4515075683594,349.3960876464844,394.2572021484375,356.48980712890625,0.6081706881523132
67,401.8214111328125,346.4024658203125,407.1712341308594,350.91961669921875,0.5872659087181091
67,381.62286376953125,347.98834228515625,390.1871643066406,354.1151123046875,0.5211318731307983
67,391.9074401855469,348.6175231933594,397.70513916015625,355.37628173828125,0.49022796750068665
68,421.231201171875,276.8257141113281,427.0477294921875,283.4842834472656,0.8105638027191162
68,387.69329833984375,208.93836975097656,393.8125305175781,215.3150177001953,0.8039523959159851
68,632.2072143554688,345.4150695800781,637.7216796875,354.42987060546875,0.8030480742454529
68,161.41656494140625,143.21974182128906,167.7150115966797,149.6290283203125,0.8016179800033569
68,264.3222351074219,296.88037109375,271.10223388671875,301.0491027832031,0.7850519418716431
68,122.95964050292969,339.9073791503906,128.13198852539062,346.3703308105469,0.7812967300415039
68,526.8560180664062,349.85394287109375,533.2664184570312,353.79022216796875,0.7799166440963745
68,516.9163818359375,308.0635986328125,521.4422607421875,316.3937072753906,0.7769936323165894
68,545.5368041992188,78.82691192626953,550.2330932617188,86.47763061523438,0.7753385305404663
68,47.083641052246094,318.0286560058594,54.88751220703125,322.21685791015625,0.7744503021240234
68,616.777099609375,349.31072998046875,623.28759765625,353.5903015136719,0.7688816785812378
68,654.4203491210938,348.4148254394531,660.4849243164062,352.65625,0.7673025727272034
68,153.7390899658203,217.43104553222656,158.4462890625,225.79368591308594,0.7667563557624817
68,64.80034637451172,46.8337287902832,69.81693267822266,52.706932067871094,0.765449583530426
68,7.718147277832031,346.68096923828125,12.70253849029541,350.9551086425781,0.755932629108429
68,256.0074157714844,346.63006591796875,261.3719177246094,351.597900390625,0.755238950252533
68,519.6702270507812,348.8465881347656,525.5969848632812,352.90814208984375,0.7541136741638184
68,280.4870300292969,343.2001953125,285.154541015625,350.88427734375,0.7524674534797668
68,289.04571533203125,277.10125732421875,293.404541015625,286.1703186035156,0.7516098618507385
68,13.7349214553833,345.8310241699219,19.131877899169922,350.1622314453125,0.7504149675369263
68,505.65570068359375,347.1727294921875,510.80828857421875,352.1033630371094,0.7474251389503479
68,7.952915668487549,248.6836395263672,12.27216625213623,256.6153869628906,0.7458968162536621
68,382.3908996582031,170.90306091308594,386.3321838378906,179.27352905273438,0.7458961009979248
68,557.5880126953125,261.50933837890625,561.6298217773438,269.6554870605469,0.7450428009033203
68,491.0490417480469,239.29721069335938,495.0304870605469,246.8503875732422,0.7365159392356873
68,291.8006591796875,273.9385986328125,297.1048583984375,281.1372985839844,0.7238278985023499
68,56.03755187988281,187.906982421875,59.64972686767578,196.3971405029297,0.722382664680481
68,294.09771728515625,346.9881896972656,300.3901672363281,350.77435302734375,0.6987125277519226
68,135.94271850585938,347.29888916015625,143.30401611328125,351.7452392578125,0.6935043334960938
68,385.172119140625,346.96722412109375,390.88885498046875,353.5970764160156,0.6557427048683167
68,143.1433563232422,347.49017333984375,150.36715698242188,351.3753356933594,0.6474409103393555
68,390.7198181152344,349.5846862792969,397.0848388671875,355.1575927734375,0.6135370135307312
68,401.3330993652344,346.8787841796875,407.14019775390625,350.9644470214844,0.6058790683746338
68,6.540873050689697,236.9705810546875,10.293819427490234,244.19110107421875,0.5472236275672913
69,386.80645751953125,208.21978759765625,392.8946228027344,214.57632446289062,0.8062912225723267
69,632.3154907226562,345.4026794433594,637.7432861328125,354.3098449707031,0.7982127666473389
69,422.3896789550781,275.5795593261719,428.244873046875,282.129150390625,0.7976352572441101
69,159.79043579101562,141.75125122070312,166.42857360839844,148.43482971191406,0.7958990335464478
69,123.03787231445312,340.0267028808594,128.09423828125,346.4040222167969,0.7942387461662292
69,546.2952270507812,78.74388122558594,551.4480590820312,85.26348114013672,0.7935827970504761
69,263.4642028808594,295.74993896484375,270.09539794921875,299.9256286621094,0.7806620001792908
69,294.6596374511719,287.0560607910156,298.7602233886719,294.8572692871094,0.7757556438446045
69,516.9049072265625,307.5301818847656,521.3363647460938,315.8661804199219,0.7722148299217224
69,47.878780364990234,317.635986328125,55.68023681640625,321.7991638183594,0.768990695476532
69,7.518074035644531,346.473388671875,12.55678939819336,350.8752746582031,0.766679048538208
69,64.95868682861328,45.97296142578125,69.8831787109375,52.0433349609375,0.7660070657730103
69,281.25140380859375,343.44696044921875,285.8388366699219,351.2470397949219,0.7603495121002197
69,153.2884521484375,215.5196075439453,157.95355224609375,224.2964630126953,0.7588479518890381
69,654.8014526367188,348.4210205078125,660.5756225585938,352.8162841796875,0.7576590180397034
69,617.5678100585938,349.2732849121094,623.6321411132812,353.6335144042969,0.7553380131721497
69,256.0321350097656,346.7392883300781,261.2978515625,351.5859069824219,0.753218948841095
69,287.0530090332031,294.09112548828125,292.42816162109375,300.88592529296875,0.7516972422599792
69,295.3948974609375,346.2535400390625,300.7978820800781,351.2038269042969,0.7489460706710815
69,13.845584869384766,345.6762390136719,19.359779357910156,350.045654296875,0.7435881495475769
69,8.475919723510742,245.9175567626953,12.781488418579102,254.0885009765625,0.7431544661521912
69,557.4315795898438,261.6031799316406,561.623046875,269.648193359375,0.7424919009208679
69,382.090087890625,169.02755737304688,386.0486145019531,177.48187255859375,0.7405574917793274
69,491.00006103515625,237.42996215820312,495.0719299316406,245.37384033203125,0.7363808155059814
69,504.9001770019531,347.3338623046875,510.3921813964844,351.7867431640625,0.7273780703544617
69,137.8536834716797,347.373046875,148.89300537109375,352.0910949707031,0.7247278690338135
69,55.77511215209961,185.3848419189453,59.56262969970703,194.2563018798828,0.7172630429267883
69,519.4712524414062,349.0462341308594,525.8860473632812,353.4736633300781,0.6918207406997681
69,385.4913330078125,346.4880676269531,391.3875732421875,352.9312438964844,0.656414806842804
69,401.61114501953125,346.6833190917969,407.2755432128906,351.067138671875,0.6442951560020447
69,525.5984497070312,350.16937255859375,532.2098999023438,354.44073486328125,0.6436870098114014
69,390.4951477050781,349.6153564453125,397.4920349121094,355.49517822265625,0.6391926407814026
69,5.21616792678833,234.18580627441406,10.131834030151367,242.642578125,0.4220288395881653
70,384.63262939453125,207.57904052734375,392.0487976074219,213.72276306152344,0.8174698948860168
70,48.864158630371094,317.5383605957031,57.19632339477539,322.3809509277344,0.7976627349853516
70,423.6131286621094,274.32611083984375,429.0280456542969,280.6283264160156,0.7921532392501831
70,122.97352600097656,340.00390625,128.0678253173828,346.3944396972656,0.7917336225509644
70,632.1739501953125,345.5339660644531,637.6296997070312,354.5558776855469,0.7916905879974365
70,158.71067810058594,140.82696533203125,165.4471893310547,147.27664184570312,0.7916250228881836
70,261.8783874511719,294.0394287109375,268.3668518066406,299.45947265625,0.7913246750831604
70,546.9122924804688,78.6429214477539,552.61962890625,84.24771881103516,0.7909833788871765
70,516.4822998046875,307.0400390625,521.14111328125,315.64141845703125,0.7749140858650208
70,381.6263427734375,166.76812744140625,385.8022155761719,175.30149841308594,0.7699384093284607
70,153.13058471679688,214.44239807128906,157.91925048828125,223.06204223632812,0.764739453792572
70,654.96875,348.5484313964844,660.6901245117188,352.8191833496094,0.7562944889068604
70,65.30651092529297,45.233726501464844,69.85736083984375,51.46440887451172,0.7534887790679932
70,490.7962646484375,235.32113647460938,495.1130676269531,243.45106506347656,0.7497930526733398
70,256.06671142578125,346.6777648925781,261.2668762207031,351.48052978515625,0.7473252415657043
70,9.174091339111328,243.3709716796875,13.489110946655273,252.03013610839844,0.745268702507019
70,279.9387512207031,322.7870788574219,285.7168884277344,332.4495544433594,0.7434169054031372
70,618.5643920898438,349.056884765625,624.5680541992188,353.5433044433594,0.7419175505638123
70,503.963623046875,347.4337158203125,509.8938903808594,351.7439880371094,0.7403409481048584
70,7.361972332000732,346.6619567871094,11.979643821716309,350.9004211425781,0.7374898791313171
70,557.3978881835938,261.5704040527344,561.667724609375,269.6324157714844,0.7365325093269348
70,281.1253356933594,344.0064697265625,285.9595642089844,351.8185729980469,0.7339051961898804
70,14.466306686401367,345.88323974609375,19.332611083984375,349.9541015625,0.7248454689979553
70,55.50711441040039,183.10154724121094,59.36965560913086,191.67599487304688,0.7240304350852966
70,386.3275146484375,344.9190673828125,391.65777587890625,353.53912353515625,0.6858067512512207
70,137.84585571289062,347.2593994140625,148.7467041015625,352.109619140625,0.6805070638656616
70,402.1623229980469,346.7542419433594,408.03924560546875,351.08575439453125,0.6605439186096191
70,296.56256103515625,336.52001953125,303.3153076171875,348.1119384765625,0.6383693218231201
70,296.090576171875,345.669189453125,301.0646667480469,351.1844177246094,0.5921292304992676
70,390.8729248046875,349.6631774902344,398.49615478515625,356.79541015625,0.590811014175415
70,518.3360595703125,348.95880126953125,525.2739868164062,353.6845397949219,0.47609743475914
71,383.8375549316406,207.24769592285156,390.97369384765625,212.65130615234375,0.8082824945449829
71,260.7174377441406,292.5595703125,267.1196594238281,298.2153015136719,0.799538254737854
71,49.635597229003906,318.29583740234375,57.681243896484375,323.084716796875,0.7993264198303223
71,631.9745483398438,345.50384521484375,637.5913696289062,354.3319396972656,0.7944096922874451
71,425.2068786621094,273.0845642089844,430.7549743652344,279.2276611328125,0.7940444350242615
71,157.1012725830078,139.1501007080078,163.89210510253906,145.5557403564453,0.7930041551589966
71,547.9788208007812,77.902099609375,553.8738403320312,83.36724853515625,0.786115288734436
71,123.03734588623047,340.000732421875,128.1032257080078,346.34112548828125,0.7839106321334839
71,515.9125366210938,306.26910400390625,520.6993408203125,314.85162353515625,0.7809948325157166
71,153.12762451171875,213.054931640625,157.83258056640625,221.3944091796875,0.7742465138435364
71,380.9764709472656,164.8766326904297,385.2470703125,173.20249938964844,0.7716865539550781
71,503.9863586425781,347.3797302246094,509.9629821777344,351.7510681152344,0.747390627861023
71,65.53460693359375,43.19367218017578,69.75469207763672,51.004268646240234,0.7472357749938965
71,8.998717308044434,239.81341552734375,13.50367546081543,248.78173828125,0.7468873262405396
71,557.476318359375,261.4977722167969,561.7064208984375,269.6579284667969,0.7466300129890442
71,518.6526489257812,349.1739196777344,529.5946044921875,354.2874450683594,0.7461980581283569
71,619.1686401367188,349.58953857421875,625.4712524414062,353.7348937988281,0.744436502456665
71,490.86468505859375,232.8202667236328,495.1231689453125,241.0647430419922,0.7433974742889404
71,655.6033325195312,348.570068359375,661.014892578125,352.7850646972656,0.7412059903144836
71,256.20611572265625,346.6006164550781,261.265869140625,351.7648620605469,0.7252196073532104
71,55.05905532836914,180.09649658203125,58.8511848449707,188.80023193359375,0.7208223938941956
71,7.479617118835449,346.4363708496094,11.555076599121094,351.01837158203125,0.7062200903892517
71,385.4991455078125,346.0706787109375,391.17926025390625,353.8437194824219,0.7026193141937256
71,294.4466247558594,344.9826354980469,300.7444763183594,350.4169006347656,0.7011208534240723
71,15.246050834655762,345.9969177246094,19.845998764038086,350.5896301269531,0.7007929682731628
71,279.5462951660156,343.5180358886719,285.6086730957031,351.2644348144531,0.6765714883804321
71,390.591552734375,349.21893310546875,397.7920837402344,355.458740234375,0.6423630118370056
71,137.1431884765625,347.02056884765625,144.98329162597656,351.9063720703125,0.6363738775253296
71,401.9534606933594,346.783447265625,407.7994079589844,351.0747375488281,0.6254899501800537
71,142.80325317382812,347.7166442871094,149.93336486816406,351.9801940917969,0.5216947197914124
72,155.51048278808594,138.09373474121094,162.40682983398438,144.30677795410156,0.7985037565231323
72,259.8080749511719,290.52996826171875,265.16546630859375,297.74090576171875,0.7947838306427002
72,51.06444549560547,318.8250732421875,58.43636703491211,323.7309265136719,0.7945470213890076
72,631.78173828125,345.4871520996094,637.5158081054688,354.4765930175781,0.790919840335846
72,383.10986328125,207.44691467285156,390.19024658203125,212.3315887451172,0.7830918431282043
72,549.0646362304688,77.47809600830078,554.725341796875,82.63697814941406,0.7822495698928833
72,515.5414428710938,305.6795349121094,520.53466796875,314.06097412109375,0.7816106081008911
72,426.1214904785156,271.7304382324219,431.73358154296875,277.4372863769531,0.7792176604270935
72,123.16448974609375,339.9611511230469,128.13619995117188,346.2848205566406,0.7732062935829163
72,518.5806884765625,349.2226257324219,529.86865234375,354.3803405761719,0.7723425030708313
72,380.37152099609375,163.77426147460938,384.6114501953125,172.16648864746094,0.7673758268356323
72,503.7469177246094,347.31005859375,510.21942138671875,351.64898681640625,0.7565840482711792
72,9.323677062988281,236.78762817382812,13.585969924926758,245.72991943359375,0.7533597350120544
72,54.873313903808594,177.19520568847656,58.60914993286133,185.73191833496094,0.75139319896698
72,9.029036521911621,346.1450500488281,13.496307373046875,350.9356994628906,0.7487441301345825
72,655.6633911132812,348.5950927734375,661.0146484375,352.73065185546875,0.7446767687797546
72,490.98956298828125,230.71023559570312,495.2032470703125,238.6654510498047,0.7425171732902527
72,153.5085906982422,211.60997009277344,157.777587890625,220.17506408691406,0.7424388527870178
72,619.3090209960938,349.5153503417969,625.6493530273438,353.6299133300781,0.7423581480979919
72,65.79545593261719,40.72580337524414,69.58171844482422,49.22932052612305,0.7416524291038513
72,557.612548828125,261.16986083984375,561.7874145507812,269.33538818359375,0.741625189781189
72,15.484160423278809,345.8572998046875,20.480117797851562,350.2931823730469,0.7338970899581909
72,256.40216064453125,346.90869140625,261.33837890625,351.6178283691406,0.7019583582878113
72,137.13241577148438,346.8049011230469,144.71670532226562,351.7342224121094,0.637055516242981
72,279.9900207519531,343.070556640625,285.6929016113281,349.8364562988281,0.6326168179512024
72,384.4021911621094,346.7200012207031,390.8752136230469,353.4621887207031,0.6197725534439087
72,296.9984130859375,345.8756408691406,301.60882568359375,350.9712219238281,0.6118399500846863
72,287.24566650390625,347.50543212890625,293.11279296875,353.9523010253906,0.6085426211357117
72,391.5235290527344,349.13299560546875,398.6038513183594,355.1687316894531,0.5778720378875732
72,400.3325500488281,346.8504638671875,406.5688171386719,351.30810546875,0.5645664930343628
72,388.413818359375,349.00714111328125,395.8557434082031,355.50628662109375,0.5245869755744934
72,142.70851135253906,347.932373046875,149.98123168945312,352.0527038574219,0.5152840614318848
73,52.488399505615234,319.1614685058594,59.73534393310547,324.3395690917969,0.8047686815261841
73,631.6837158203125,345.48748779296875,637.4425659179688,354.616455078125,0.7925951480865479
73,154.35592651367188,136.77842712402344,160.73797607421875,143.10096740722656,0.7912558913230896
73,515.4085083007812,305.8481140136719,520.3952026367188,314.2677307128906,0.7827722430229187
73,549.4453125,77.44498443603516,555.2998657226562,82.61361694335938,0.7815752625465393
73,123.14923858642578,340.0999755859375,128.2636260986328,346.36126708984375,0.7803881168365479
73,258.6163330078125,287.8654479980469,263.4640197753906,295.72906494140625,0.7803632616996765
73,10.134014129638672,346.0473327636719,14.777076721191406,350.8960876464844,0.7769426107406616
73,518.6039428710938,349.1931457519531,529.8161010742188,354.3419189453125,0.7761545181274414
73,381.555908203125,206.86264038085938,388.2903137207031,211.85794067382812,0.7738037705421448
73,153.80552673339844,210.38133239746094,158.27487182617188,218.95542907714844,0.7691832780838013
73,427.3832092285156,270.98394775390625,432.8015441894531,276.1963806152344,0.7603893280029297
73,15.716903686523438,345.4535217285156,20.3253173828125,350.15484619140625,0.7589244246482849
73,503.77056884765625,347.3096618652344,510.1635437011719,351.60491943359375,0.7538950443267822
73,379.9442138671875,162.32290649414062,384.3097229003906,170.4805908203125,0.7532162070274353
73,54.0989875793457,174.3779296875,57.98107147216797,183.18670654296875,0.7530460953712463
73,557.531005859375,260.6916198730469,561.7257080078125,269.10150146484375,0.7499623894691467
73,9.297968864440918,233.8670654296875,13.728029251098633,242.87693786621094,0.7491512894630432
73,491.1114196777344,228.15396118164062,495.3189392089844,236.37643432617188,0.7373077869415283
73,655.9375610351562,348.6244201660156,661.3056030273438,352.7236328125,0.7334962487220764
73,65.43297576904297,37.972267150878906,69.16077423095703,46.6163330078125,0.7331507205963135
73,256.204833984375,346.8462219238281,261.25225830078125,351.62469482421875,0.7303227186203003
73,620.5923461914062,348.70782470703125,626.5481567382812,353.942138671875,0.7246158123016357
73,384.9029235839844,346.7676086425781,391.90142822265625,352.331298828125,0.6922400593757629
73,279.7715148925781,342.2856750488281,285.3043212890625,349.1037292480469,0.6694266200065613
73,390.8504333496094,349.68853759765625,398.687255859375,355.3087463378906,0.6617153286933899
73,298.0555114746094,345.9469299316406,302.58990478515625,351.7191467285156,0.6608676910400391
73,287.7932434082031,348.4337158203125,294.46051025390625,354.13555908203125,0.659423828125
73,137.20733642578125,346.8175354003906,144.65469360351562,351.81353759765625,0.596306562423706
73,400.97882080078125,346.68731689453125,406.728515625,351.0961608886719,0.5890418291091919
73,142.74989318847656,347.86163330078125,150.00106811523438,352.096923828125,0.42250338196754456
74,53.10588073730469,319.6493835449219,60.7476692199707,324.80230712890625,0.8194599747657776
74,631.5946655273438,345.5028991699219,637.4407348632812,354.65814208984375,0.8010174632072449
74,518.5189819335938,349.1919860839844,529.6051635742188,354.5354309082031,0.7960553765296936
74,515.223388671875,305.0135498046875,520.4318237304688,313.6289978027344,0.7954731583595276
74,153.16737365722656,135.42379760742188,159.25624084472656,141.91217041015625,0.7820603847503662
74,258.4717712402344,285.5562744140625,263.19561767578125,293.1419677734375,0.7785238027572632
74,123.05351257324219,340.15106201171875,128.27566528320312,346.5318298339844,0.7782188653945923
74,154.09857177734375,209.06185913085938,158.7926025390625,217.62002563476562,0.7774556279182434
74,381.1044616699219,206.42498779296875,387.4273376464844,211.32034301757812,0.7768238186836243
74,550.04345703125,77.23534393310547,555.779296875,81.98802947998047,0.7709420323371887
74,429.2616271972656,270.13812255859375,434.455810546875,275.3577880859375,0.7675783038139343
74,503.65155029296875,347.081787109375,509.8359069824219,351.51409912109375,0.7655488848686218
74,9.168553352355957,231.4331817626953,13.757942199707031,240.45474243164062,0.7617323398590088
74,379.4311218261719,160.6592254638672,383.4967956542969,168.93678283691406,0.7552311420440674
74,383.96875,345.5150451660156,390.5547180175781,353.1867980957031,0.7524552345275879
74,620.7164916992188,348.1239013671875,627.456787109375,354.1083679199219,0.7516543865203857
74,490.9771728515625,225.47683715820312,495.22052001953125,233.53976440429688,0.7452543377876282
74,53.545936584472656,171.35035705566406,57.402034759521484,180.29238891601562,0.7412758469581604
74,557.07080078125,260.4501037597656,561.3137817382812,268.3367004394531,0.7408548593521118
74,655.9616088867188,348.59552001953125,661.4251708984375,352.7197570800781,0.7357811331748962
74,64.6590347290039,34.59025192260742,68.15470123291016,43.300270080566406,0.7191879749298096
74,16.937427520751953,345.3829650878906,21.689701080322266,349.9251403808594,0.7153279781341553
74,256.37786865234375,346.81158447265625,261.1526794433594,351.50762939453125,0.7110043168067932
74,299.41912841796875,345.911865234375,303.3311767578125,350.6685485839844,0.6699729561805725
74,390.89788818359375,349.0746154785156,399.0080261230469,355.27008056640625,0.6457114815711975
74,401.22222900390625,346.7882080078125,406.7320861816406,351.4680480957031,0.6438484191894531
74,143.41815185546875,347.41180419921875,150.2185516357422,351.7363586425781,0.6421399712562561
74,289.10052490234375,346.932373046875,294.8326110839844,353.12896728515625,0.6330987811088562
74,137.11233520507812,346.945556640625,144.20632934570312,351.6900329589844,0.6274123191833496
74,11.922459602355957,345.5801086425781,16.30821990966797,349.80224609375,0.6265038251876831
74,281.8628234863281,341.7663269042969,287.2632751464844,348.7214050292969,0.6189338564872742
74,277.0592346191406,344.6582336425781,283.8882141113281,349.51788330078125,0.47373974323272705
75,53.956634521484375,320.3343505859375,61.07514572143555,325.63616943359375,0.8063433170318604
75,632.1810302734375,344.4546813964844,638.0478515625,354.1388854980469,0.7941241264343262
75,151.51560974121094,134.49058532714844,157.75888061523438,140.84339904785156,0.7915412783622742
75,514.765625,304.5047912597656,519.970703125,313.05499267578125,0.7853096127510071
75,154.11483764648438,207.88558959960938,158.8746337890625,216.55564880371094,0.7849151492118835
75,122.94560241699219,340.4338073730469,128.2878875732422,346.8960266113281,0.7801252603530884
75,518.439453125,349.2433166503906,528.84228515625,354.4368896484375,0.7744848728179932
75,7.788844108581543,228.93089294433594,12.853553771972656,237.37200927734375,0.7737495303153992
75,380.4091796875,206.52398681640625,386.920654296875,211.4645538330078,0.7729633450508118
75,550.3222045898438,77.05487823486328,556.0970458984375,81.81004333496094,0.7720189094543457
75,257.8892822265625,282.5269775390625,262.1482238769531,290.7030334472656,0.7707005143165588
75,383.5519104003906,345.2467956542969,389.4277038574219,353.7565002441406,0.7532615065574646
75,429.964599609375,269.5404357910156,435.27081298828125,274.4158935546875,0.7517236471176147
75,53.46208190917969,169.008056640625,57.33380126953125,177.9443817138672,0.7497671842575073
75,378.7935791015625,159.40670776367188,382.73895263671875,167.31170654296875,0.7475860714912415
75,503.4803771972656,347.1671142578125,509.6712646484375,351.4266052246094,0.7461667656898499
75,63.814029693603516,32.2106819152832,67.53154754638672,40.58338928222656,0.7381964921951294
75,621.8563842773438,348.07672119140625,628.4287719726562,354.6183166503906,0.7326523065567017
75,17.956344604492188,344.7618713378906,24.332284927368164,349.1419372558594,0.731620192527771
75,256.3360595703125,346.85906982421875,261.1537170410156,351.7099304199219,0.7205020785331726
75,490.92138671875,223.07965087890625,495.1200256347656,231.2677459716797,0.7172111868858337
75,656.0736083984375,347.7785949707031,661.3232421875,352.9449462890625,0.7135850191116333
75,137.40675354003906,346.8098449707031,144.10452270507812,351.47088623046875,0.7005006074905396
75,300.1650695800781,345.5987243652344,304.5760192871094,349.77996826171875,0.6928348541259766
75,143.4621124267578,347.3089904785156,149.7631378173828,351.7798156738281,0.6724610924720764
75,291.9458312988281,347.1647644042969,296.67535400390625,353.2376403808594,0.6624540686607361
75,544.314697265625,249.23715209960938,548.8571166992188,253.31280517578125,0.6616520881652832
75,280.2416076660156,341.5740966796875,285.25146484375,348.7984924316406,0.6562060117721558
75,390.1999206542969,349.4778137207031,398.0838623046875,355.1760559082031,0.6300752758979797
75,401.07940673828125,346.8067626953125,406.52154541015625,351.6957092285156,0.6290199160575867
75,12.562352180480957,345.5823059082031,17.827489852905273,349.5478210449219,0.5812686085700989
76,54.884578704833984,321.2005615234375,61.81996154785156,326.78350830078125,0.8089007139205933
76,545.1473999023438,244.9862518310547,551.2717895507812,251.65953063964844,0.8051513433456421
76,138.0885467529297,346.9735412597656,144.10784912109375,351.2335510253906,0.8029432892799377
76,663.3104248046875,305.06256103515625,667.6954956054688,313.82159423828125,0.8018518686294556
76,123.33557891845703,340.6459655761719,128.73477172851562,347.44183349609375,0.7989828586578369
76,514.6364135742188,304.27301025390625,519.889404296875,312.61328125,0.7973455786705017
76,632.36962890625,344.7313232421875,638.0232543945312,353.9498291015625,0.7905907034873962
76,150.2679901123047,133.13702392578125,156.6460723876953,139.38021850585938,0.7850987911224365
76,154.75469970703125,206.23866271972656,159.5039520263672,215.2113494873047,0.7799898386001587
76,379.66162109375,206.137451171875,386.10357666015625,210.92425537109375,0.7764859199523926
76,257.8729248046875,279.6437683105469,262.1333312988281,288.1502380371094,0.7743546366691589
76,550.6193237304688,76.88496398925781,556.3187866210938,81.70487976074219,0.773957371711731
76,378.18414306640625,157.46896362304688,382.26458740234375,165.33131408691406,0.7615604400634766
76,518.3814086914062,348.31573486328125,528.4483032226562,354.2806091308594,0.7612826228141785
76,503.34393310546875,347.12261962890625,509.82025146484375,351.277587890625,0.7601646184921265
76,52.39753341674805,166.49168395996094,56.475955963134766,174.90594482421875,0.7575892210006714
76,62.34608840942383,29.47066879272461,66.38654327392578,37.44735336303711,0.753898561000824
76,490.6647033691406,220.35250854492188,494.989990234375,228.28549194335938,0.7499918937683105
76,383.6419677734375,345.5069274902344,389.627685546875,353.2840881347656,0.7497401833534241
76,19.466846466064453,344.9298400878906,26.40200424194336,349.1795349121094,0.74839186668396
76,431.0992126464844,269.14697265625,436.3140869140625,273.6226501464844,0.7454673051834106
76,621.7622680664062,347.9991760253906,628.3485107421875,354.4119567871094,0.7400130033493042
76,7.177202224731445,226.9338836669922,12.007918357849121,234.9076385498047,0.7384071946144104
76,256.322509765625,346.7130432128906,261.12054443359375,351.6759948730469,0.7249131798744202
76,143.83114624023438,347.1286315917969,149.2840118408203,351.8331298828125,0.7169426679611206
76,300.48956298828125,345.4267578125,305.00909423828125,349.6287841796875,0.6916834712028503
76,289.75579833984375,348.10992431640625,296.8223876953125,353.73370361328125,0.6794030070304871
76,279.5050964355469,341.41412353515625,285.02850341796875,348.6612548828125,0.6780573129653931
76,401.54388427734375,346.6973571777344,406.785400390625,351.44476318359375,0.631920576095581
76,388.0113220214844,349.313232421875,396.1711730957031,355.1311340332031,0.6064220070838928
76,13.814740180969238,345.4989318847656,19.349109649658203,349.3952941894531,0.6057416200637817
76,391.58074951171875,349.00140380859375,399.1348571777344,355.07562255859375,0.5400921702384949
77,138.00839233398438,346.9848937988281,144.42752075195312,351.32696533203125,0.8218674659729004
77,517.9164428710938,348.79779052734375,528.0208129882812,354.24664306640625,0.8139055371284485
77,55.346473693847656,321.4734802246094,62.51335906982422,326.7903747558594,0.8130152821540833
77,657.7400512695312,257.42620849609375,662.5259399414062,265.5868835449219,0.8100104331970215
77,148.6351776123047,132.05105590820312,155.1536407470703,138.39671325683594,0.8034011721611023
77,514.6487426757812,304.2387390136719,519.9049072265625,312.57672119140625,0.7978230714797974
77,123.50823211669922,340.9565124511719,128.76979064941406,347.6688537597656,0.7927921414375305
77,632.3396606445312,344.91650390625,637.702392578125,353.3375244140625,0.7785173654556274
77,155.3846893310547,205.13858032226562,160.12652587890625,213.75738525390625,0.7778615355491638
77,257.5846252441406,276.8293151855469,261.7884826660156,285.5605773925781,0.7716273665428162
77,377.7380065917969,155.6220703125,381.87841796875,163.7253875732422,0.7681484222412109
77,61.128780364990234,26.803342819213867,65.59613800048828,34.936439514160156,0.767569899559021
77,379.28717041015625,205.80865478515625,385.10333251953125,210.75953674316406,0.7618711590766907
77,548.5117797851562,256.2903747558594,552.7694702148438,263.66461181640625,0.7574089169502258
77,623.1054077148438,347.6391906738281,629.4641723632812,354.04046630859375,0.7569173574447632
77,550.7782592773438,76.79563903808594,556.489990234375,81.3042221069336,0.7540184259414673
77,503.4142761230469,346.48992919921875,509.70361328125,351.2616882324219,0.7528913021087646
77,431.7605895996094,268.6905212402344,437.0009765625,273.1978454589844,0.7511610388755798
77,145.02980041503906,347.00341796875,150.35879516601562,351.4202880859375,0.7434035539627075
77,51.142662048339844,163.57908630371094,55.245849609375,172.2267608642578,0.7414029240608215
77,490.9092102050781,218.02081298828125,495.1988525390625,226.1468505859375,0.7362543344497681
77,22.162647247314453,344.75653076171875,28.31673240661621,349.368408203125,0.7316781282424927
77,6.872535228729248,225.21559143066406,11.33712387084961,232.43902587890625,0.7242836356163025
77,300.51141357421875,345.361328125,305.3203430175781,349.6858825683594,0.7135005593299866
77,256.1890563964844,346.75506591796875,261.1032409667969,351.6108093261719,0.7117855548858643
77,15.581253051757812,345.1556091308594,21.594926834106445,349.7179870605469,0.69906085729599
77,288.8415832519531,348.55242919921875,296.652587890625,353.9210510253906,0.6847565770149231
77,278.73846435546875,341.5279235839844,284.9312744140625,348.5491943359375,0.6769159436225891
77,4.351921081542969,212.2554168701172,9.189269065856934,220.24681091308594,0.6407250165939331
77,385.7570495605469,347.46331787109375,392.2630920410156,354.2043762207031,0.6094436645507812
77,401.7946472167969,346.42962646484375,406.9372253417969,351.1423645019531,0.586466908454895
77,391.84716796875,347.7776184082031,398.310302734375,354.8636169433594,0.5690746307373047
78,123.97808074951172,340.99700927734375,129.44064331054688,348.07989501953125,0.8117377161979675
78,56.2830924987793,322.0225830078125,63.13158416748047,326.9841003417969,0.8079206943511963
78,147.7588653564453,131.1684112548828,154.4558563232422,137.94296264648438,0.8073834776878357
78,517.293212890625,348.6593933105469,528.0634765625,354.4972229003906,0.8066440224647522
78,138.45594787597656,347.1114501953125,145.23414611816406,351.3177795410156,0.8013349771499634
78,514.8460693359375,304.0787353515625,520.0476684570312,312.5276794433594,0.7940517663955688
78,60.072574615478516,24.139463424682617,64.73514556884766,32.522544860839844,0.7934184074401855
78,146.51536560058594,347.3127136230469,152.1965789794922,351.3948669433594,0.7875474095344543
78,634.01708984375,242.55941772460938,640.2014770507812,247.53057861328125,0.7868123650550842
78,378.4710693359375,205.53353881835938,384.6217041015625,210.45628356933594,0.776422917842865
78,155.8048858642578,203.7552947998047,160.46701049804688,212.343994140625,0.7744205594062805
78,624.2005615234375,347.3914794921875,630.6384887695312,354.00958251953125,0.7722570896148682
78,306.78497314453125,313.193115234375,311.2109375,320.90594482421875,0.7700825929641724
78,377.2171936035156,154.59140014648438,381.65789794921875,162.54212951660156,0.7656229734420776
78,49.67133331298828,161.2279052734375,53.99325942993164,169.65760803222656,0.7616443634033203
78,547.87548828125,265.4982604980469,553.4374389648438,269.6017150878906,0.7610064744949341
78,257.3085632324219,274.2899169921875,261.5853271484375,283.0221252441406,0.7591342926025391
78,502.96514892578125,346.97479248046875,509.903564453125,351.23944091796875,0.7565405368804932
78,432.5304870605469,268.26885986328125,437.6585998535156,272.36224365234375,0.7477943301200867
78,4.834001541137695,210.17227172851562,9.619117736816406,217.85980224609375,0.7442325353622437
78,550.6498413085938,76.74140167236328,556.61767578125,80.91683959960938,0.7403176426887512
78,631.8804321289062,345.1690673828125,637.3272705078125,352.4945068359375,0.736733078956604
78,256.2396545410156,346.78143310546875,261.2474670410156,351.74591064453125,0.7299486398696899
78,490.88739013671875,215.3000946044922,494.97528076171875,223.69139099121094,0.7253782749176025
78,277.7748107910156,340.64556884765625,284.82275390625,348.3108825683594,0.7219229936599731
78,6.275540828704834,223.67489624023438,10.423233032226562,230.64942932128906,0.7128770351409912
78,288.75872802734375,348.07672119140625,296.9132385253906,353.3995666503906,0.7035564184188843
78,23.23056983947754,344.6217041015625,29.519439697265625,348.9079284667969,0.6783157587051392
78,16.56473159790039,345.3104553222656,22.991559982299805,350.614990234375,0.6570742726325989
78,402.0297546386719,346.46771240234375,407.1024169921875,351.16021728515625,0.6536898016929626
78,387.2736511230469,347.85528564453125,393.0204772949219,354.6461181640625,0.6513922810554504
78,392.74456787109375,347.3000183105469,398.37176513671875,354.73419189453125,0.5691847801208496
79,632.4052124023438,253.3505859375,639.4478149414062,258.6450500488281,0.8361603617668152
79,516.956787109375,348.6187438964844,527.1471557617188,354.27996826171875,0.8285396695137024
79,124.33422088623047,341.453369140625,129.67942810058594,348.35125732421875,0.8146427869796753
79,147.0562286376953,130.62440490722656,153.84693908691406,137.18125915527344,0.8138431906700134
79,57.64048767089844,323.1290588378906,63.43924331665039,328.904052734375,0.8128042221069336
79,514.7705078125,304.1181640625,520.0467529296875,312.628662109375,0.8117464184761047
79,138.39671325683594,347.06964111328125,145.6663055419922,351.2498779296875,0.8032405972480774
79,549.576171875,268.41943359375,554.6064453125,275.820556640625,0.8022868633270264
79,147.5928497314453,345.922607421875,153.765869140625,351.09442138671875,0.7899884581565857
79,377.7602233886719,205.58114624023438,384.31622314453125,210.21185302734375,0.7892296314239502
79,155.9416046142578,202.44699096679688,160.5517120361328,211.12388610839844,0.7831796407699585
79,376.4377746582031,152.9186248779297,381.019775390625,160.7794647216797,0.7821221947669983
79,502.9451904296875,347.0188293457031,509.7147521972656,351.2891540527344,0.7796366810798645
79,48.850181579589844,159.10609436035156,53.34815216064453,167.4679412841797,0.7668615579605103
79,308.3586730957031,295.1523132324219,314.1302185058594,299.61883544921875,0.7648674249649048
79,59.238014221191406,21.135515213012695,63.53776550292969,29.024538040161133,0.7587268352508545
79,433.6324157714844,267.5711975097656,438.4097595214844,271.8952331542969,0.74805748462677
79,257.2200622558594,271.8354187011719,261.0161437988281,280.11737060546875,0.7468218803405762
79,256.0754699707031,346.6745910644531,260.9603576660156,351.6479797363281,0.7427790760993958
79,490.7594299316406,212.6830596923828,495.08203125,221.35635375976562,0.736484706401825
79,17.545930862426758,344.89447021484375,23.325334548950195,350.4654235839844,0.7311263084411621
79,632.2255859375,344.58294677734375,638.1282348632812,352.27880859375,0.7306327819824219
79,288.78509521484375,348.0154113769531,296.23614501953125,353.917724609375,0.7277461290359497
79,278.7211608886719,340.57183837890625,284.9349670410156,348.3443603515625,0.7203159332275391
79,6.262026786804199,222.64466857910156,10.334189414978027,229.62034606933594,0.7142388820648193
79,549.8953247070312,76.7635269165039,554.792236328125,80.8462142944336,0.7055414319038391
79,24.415382385253906,344.5246276855469,30.02820587158203,349.0266418457031,0.6999421119689941
79,387.0908203125,347.59320068359375,392.32476806640625,354.2684631347656,0.6765187978744507
79,400.8323974609375,346.5361633300781,406.0595397949219,351.3590393066406,0.6353262066841125
79,393.0643005371094,347.509521484375,398.064697265625,354.1831359863281,0.5864291787147522
79,625.931396484375,347.33544921875,632.9411010742188,354.6213684082031,0.4400702714920044
80,664.9086303710938,273.75244140625,673.4891357421875,279.97265625,0.8294105529785156
80,124.70979309082031,341.9786376953125,130.0528564453125,349.62396240234375,0.8202351331710815
80,58.75909423828125,323.7284240722656,64.41761016845703,330.4020080566406,0.8125872611999512
80,146.27420043945312,129.73326110839844,152.81015014648438,136.07472229003906,0.8064835667610168
80,149.2235565185547,344.3871765136719,155.08082580566406,350.37408447265625,0.7960668206214905
80,514.8837280273438,304.15533447265625,520.0797119140625,312.6204833984375,0.7945140600204468
80,517.0787963867188,348.46051025390625,526.4986572265625,354.0650939941406,0.7938010692596436
80,156.61534118652344,200.7747802734375,161.25448608398438,209.17433166503906,0.7860665917396545
80,376.931884765625,205.44039916992188,383.4538879394531,210.02272033691406,0.7855223417282104
80,385.2367248535156,334.86285400390625,391.337646484375,341.01593017578125,0.7815501689910889
80,138.6355743408203,347.0979309082031,145.77377319335938,351.2961730957031,0.7804879546165466
80,48.025535583496094,156.7143096923828,52.35972595214844,165.18942260742188,0.77422696352005
80,375.42669677734375,151.90493774414062,380.2733154296875,158.9976043701172,0.7679167985916138
80,553.4896850585938,272.665283203125,558.3079833984375,276.98248291015625,0.7588924169540405
80,503.0561828613281,346.7985534667969,509.4798889160156,351.34185791015625,0.7579654455184937
80,540.5114135742188,69.732666015625,544.2779541015625,77.51055908203125,0.7536073923110962
80,18.4407901763916,344.4328918457031,23.552413940429688,349.99761962890625,0.7511475086212158
80,288.9914855957031,347.63543701171875,296.503662109375,353.17108154296875,0.7489779591560364
80,58.23215866088867,17.492677688598633,62.20329666137695,25.76145362854004,0.7483044266700745
80,632.6127319335938,343.21112060546875,638.6826782226562,352.30072021484375,0.7475654482841492
80,257.31591796875,268.7479248046875,261.08013916015625,277.2816162109375,0.7434341311454773
80,312.2957763671875,298.05694580078125,316.6692810058594,304.87811279296875,0.7419189810752869
80,278.3072814941406,340.0245666503906,285.0257873535156,348.2693786621094,0.7354633808135986
80,625.351318359375,346.96209716796875,632.5222778320312,354.2970886230469,0.7306999564170837
80,490.82208251953125,210.77651977539062,495.0745849609375,218.80270385742188,0.7304113507270813
80,434.13690185546875,267.0102233886719,438.8785095214844,271.41741943359375,0.7288275957107544
80,256.2091064453125,346.9817199707031,260.8213195800781,351.356201171875,0.7228888869285583
80,6.267305374145508,221.6695556640625,10.363767623901367,228.61572265625,0.7079996466636658
80,25.57318878173828,344.7173767089844,31.05448341369629,348.69140625,0.694300651550293
80,385.464599609375,347.6089782714844,390.4932556152344,352.92926025390625,0.6896985173225403
80,5.32797384262085,205.46144104003906,9.938885688781738,213.30215454101562,0.5698680877685547
80,394.8536376953125,348.0184326171875,399.05718994140625,353.1475524902344,0.5449146628379822
81,59.807220458984375,325.6559143066406,65.86788177490234,332.3774108886719,0.814893901348114
81,124.85352325439453,343.0841979980469,130.0354766845703,350.585693359375,0.8139047026634216
81,514.6030883789062,304.2116394042969,519.9295654296875,312.5985412597656,0.8111574053764343
81,516.5980224609375,348.2960510253906,525.8704833984375,354.0679931640625,0.8050565719604492
81,145.76321411132812,129.18699645996094,152.18922424316406,135.5742645263672,0.8040874600410461
81,149.88076782226562,343.7148742675781,155.68905639648438,350.1304931640625,0.7915879487991333
81,396.490234375,311.6900634765625,402.66973876953125,317.0052795410156,0.7869356274604797
81,157.0587921142578,199.79762268066406,161.64064025878906,208.31927490234375,0.7838722467422485
81,376.7402038574219,205.339111328125,382.976806640625,209.7664794921875,0.781082034111023
81,374.8833923339844,151.2842254638672,379.40045166015625,158.57595825195312,0.771248996257782
81,312.6444091796875,319.59716796875,316.0039978027344,327.7706298828125,0.7703441381454468
81,503.11505126953125,347.0496520996094,509.50457763671875,351.28729248046875,0.7661238312721252
81,138.66612243652344,347.1435852050781,145.46766662597656,351.2219543457031,0.7659729719161987
81,401.3381652832031,337.914306640625,405.5626220703125,345.06109619140625,0.7641425728797913
81,539.808349609375,68.45307159423828,543.6939697265625,77.05548858642578,0.7615149021148682
81,57.36300277709961,14.71467399597168,61.451255798339844,22.95562171936035,0.7606403231620789
81,46.73213195800781,154.402099609375,51.07835388183594,163.1476287841797,0.7599217891693115
81,666.5407104492188,288.3243103027344,673.03662109375,292.43878173828125,0.7595451474189758
81,632.2627563476562,344.9343566894531,638.8560180664062,353.2934265136719,0.7576049566268921
81,490.5699157714844,208.91690063476562,494.8796691894531,216.69873046875,0.7564923763275146
81,557.268798828125,273.8191223144531,561.4765014648438,282.2530517578125,0.7553942799568176
81,394.489501953125,348.9105224609375,399.12969970703125,353.95660400390625,0.7532529830932617
81,18.695579528808594,343.6343078613281,24.20123863220215,348.6863708496094,0.7512485384941101
81,289.69354248046875,347.4400634765625,296.9753723144531,351.986572265625,0.7474645972251892
81,257.2366638183594,265.68267822265625,260.7786560058594,274.3097229003906,0.7454326748847961
81,386.1742248535156,347.78192138671875,391.6604309082031,352.87451171875,0.7441469430923462
81,256.3591003417969,347.0557556152344,261.113525390625,351.24005126953125,0.7378308176994324
81,434.67138671875,266.5915222167969,439.0115661621094,271.427978515625,0.7345538139343262
81,6.312150955200195,220.3232421875,10.027918815612793,227.94041442871094,0.7217849493026733
81,26.88465118408203,344.7655029296875,32.106441497802734,348.6706848144531,0.7157056331634521
81,5.157053470611572,202.7142791748047,9.753938674926758,210.11656188964844,0.6880397200584412
81,280.78790283203125,339.6429443359375,285.7878112792969,347.63189697265625,0.6530017852783203
81,277.2766418457031,344.0036926269531,284.4007568359375,348.8811340332031,0.557528555393219
82,60.60319519042969,326.8894348144531,66.75869750976562,333.48284912109375,0.8183456659317017
82,124.90565490722656,344.1361083984375,130.15916442871094,351.9899597167969,0.8131989240646362
82,516.3739624023438,348.106201171875,525.29736328125,353.8694152832031,0.8104395866394043
82,514.7657470703125,304.19976806640625,519.9398193359375,312.5279541015625,0.8044360876083374
82,145.35537719726562,129.23280334472656,151.85462951660156,135.591552734375,0.804332435131073
82,151.11790466308594,345.36456298828125,156.5276336669922,351.86810302734375,0.7945224046707153
82,157.66778564453125,198.11972045898438,162.24725341796875,206.6995849609375,0.7827848196029663
82,434.5631103515625,297.59857177734375,438.66925048828125,304.917724609375,0.7825425267219543
82,376.39215087890625,205.19580078125,382.3233947753906,209.6770782470703,0.7813745141029358
82,502.9085693359375,347.15771484375,509.8110656738281,351.27734375,0.7787854671478271
82,374.4356994628906,150.6799774169922,379.06390380859375,157.86036682128906,0.7700544595718384
82,138.72329711914062,347.158203125,145.5238800048828,351.4911804199219,0.7632946372032166
82,45.70836639404297,151.93467712402344,50.15965270996094,160.55288696289062,0.7610284686088562
82,557.4918823242188,273.0322570800781,561.7689208984375,281.13214111328125,0.7580122947692871
82,539.7777709960938,68.22398376464844,543.73095703125,76.64381408691406,0.7575761675834656
82,490.89007568359375,207.1169891357422,495.05303955078125,214.7236328125,0.7536630630493164
82,256.3324890136719,346.6698913574219,261.0906982421875,351.0843811035156,0.752082109451294
82,56.57874298095703,11.983567237854004,60.48353958129883,20.09339714050293,0.749617874622345
82,257.1919860839844,262.0671081542969,261.044921875,270.7062072753906,0.7492403388023376
82,435.4266357421875,265.01910400390625,439.62445068359375,270.7453308105469,0.745898962020874
82,305.8479919433594,342.4975280761719,312.3728332519531,346.5351867675781,0.7453486323356628
82,668.2928466796875,294.7781677246094,672.2530517578125,301.89141845703125,0.7444971799850464
82,18.696104049682617,343.40740966796875,23.661352157592773,348.1363830566406,0.7247624397277832
82,290.2669372558594,347.3684387207031,297.4057922363281,352.05950927734375,0.7176782488822937
82,396.56231689453125,343.3406677246094,400.6965637207031,349.4425964355469,0.7005909085273743
82,6.385009288787842,200.55072021484375,9.660730361938477,208.3069610595703,0.6919065117835999
82,28.03493881225586,344.79736328125,33.43441390991211,348.50762939453125,0.6861658692359924
82,387.448486328125,347.0160827636719,393.2967224121094,352.822021484375,0.67316734790802
82,632.5186767578125,344.9672546386719,638.8302001953125,353.1341247558594,0.66800457239151
82,394.1016540527344,347.82049560546875,399.4827880859375,353.6908874511719,0.6628571152687073
82,6.3453850746154785,219.3582763671875,9.642718315124512,226.58016967773438,0.6568198204040527
82,282.0700988769531,339.386474609375,286.8650207519531,347.3536071777344,0.6550548076629639
82,627.221923828125,346.17279052734375,634.480712890625,353.1174621582031,0.6024080514907837
82,277.4819030761719,344.2068176269531,284.88153076171875,348.99188232421875,0.5977088212966919
83,62.01197814941406,328.1732177734375,68.08245849609375,334.904296875,0.8322438597679138
83,144.62181091308594,129.17376708984375,151.28604125976562,135.40133666992188,0.8107002973556519
83,514.7952880859375,304.1893310546875,519.9617309570312,312.5254821777344,0.8049499988555908
83,516.5035400390625,348.14556884765625,524.6403198242188,353.74005126953125,0.8029472827911377
83,151.6637725830078,344.01947021484375,156.70655822753906,351.3220520019531,0.7958576083183289
83,125.39883422851562,344.2093811035156,129.9825439453125,352.06121826171875,0.792607843875885
83,158.7100830078125,196.9609832763672,163.3158416748047,205.3695831298828,0.7891117334365845
83,389.7701416015625,345.65887451171875,395.0855407714844,352.8741760253906,0.7839556336402893
83,376.37646484375,204.9121856689453,382.1758728027344,209.40232849121094,0.7813737988471985
83,556.82470703125,272.116455078125,561.3722534179688,280.4736022949219,0.7803927659988403
83,502.8408203125,347.0804138183594,509.8690185546875,351.2563781738281,0.7794545888900757
83,44.32585144042969,150.58375549316406,49.0540657043457,158.30690002441406,0.7746875286102295
83,395.82635498046875,346.94610595703125,401.35394287109375,352.57440185546875,0.7706979513168335
83,6.511491775512695,198.10923767089844,10.345115661621094,205.79270935058594,0.760486364364624
83,373.48614501953125,149.36769104003906,378.11468505859375,156.2830810546875,0.7600218057632446
83,138.88560485839844,347.1371154785156,145.81248474121094,351.4215393066406,0.7581256628036499
83,490.7746887207031,205.75408935546875,495.122314453125,213.49481201171875,0.750731348991394
83,539.8350830078125,67.7927474975586,543.7427368164062,76.21229553222656,0.7492336630821228
83,659.1530151367188,301.6796875,663.3244018554688,307.58270263671875,0.748541533946991
83,257.3834228515625,259.3229675292969,260.9735412597656,268.05218505859375,0.7448787093162537
83,55.78486251831055,9.78124713897705,59.54011917114258,17.478023529052734,0.7436718344688416
83,19.27938461303711,344.93951416015625,24.69405746459961,349.6055908203125,0.738758385181427
83,435.5494689941406,263.29364013671875,439.85284423828125,268.96319580078125,0.7380009889602661
83,290.695556640625,347.61395263671875,297.98590087890625,353.7325744628906,0.7317028641700745
83,256.32025146484375,346.6286926269531,261.2276306152344,351.30474853515625,0.7314597964286804
83,434.0223693847656,300.81134033203125,438.19024658203125,305.4179992675781,0.71946781873703
83,28.126121520996094,344.5702209472656,33.23850631713867,348.4994201660156,0.685966432094574
83,6.194295406341553,218.54046630859375,9.616981506347656,225.18516540527344,0.6630393266677856
83,629.7142333984375,344.9757995605469,637.9374389648438,352.4540710449219,0.6530385613441467
83,281.9323425292969,339.80255126953125,286.71099853515625,347.5799560546875,0.6465142965316772
83,276.5647888183594,344.3049011230469,283.7917785644531,349.1794738769531,0.6101341843605042
84,143.26136779785156,128.99632263183594,150.65660095214844,134.136474609375,0.8157321214675903
84,63.44837188720703,329.5375061035156,68.97203826904297,336.0988464355469,0.8063337206840515
84,152.0791015625,342.81573486328125,157.5557403564453,350.476806640625,0.8043199181556702
84,125.02635955810547,344.391357421875,129.89459228515625,352.15972900390625,0.803275465965271
84,514.8726806640625,303.8249816894531,519.84521484375,311.9631042480469,0.8018230199813843
84,431.46484375,308.8953552246094,436.2198791503906,315.5035095214844,0.7872355580329895
84,556.6195678710938,270.8771667480469,561.2709350585938,278.93597412109375,0.7871938943862915
84,158.95396423339844,195.46018981933594,163.66455078125,203.80638122558594,0.7866115570068359
84,42.04752731323242,148.6839599609375,47.81758117675781,155.8900909423828,0.7861618399620056
84,516.2359008789062,348.1430358886719,523.815673828125,353.74566650390625,0.7825937271118164
84,376.46649169921875,204.8337860107422,382.1582946777344,209.50926208496094,0.779323935508728
84,390.4208068847656,347.6072082519531,396.4767761230469,352.856201171875,0.7738358378410339
84,663.9856567382812,299.2193298339844,669.4266967773438,305.20892333984375,0.7658017873764038
84,373.03515625,147.85113525390625,377.4160461425781,155.36415100097656,0.7620788216590881
84,502.87078857421875,347.0741271972656,509.3047790527344,351.3157043457031,0.7616626620292664
84,19.64959716796875,344.1598205566406,25.79750633239746,349.1051330566406,0.7571841478347778
84,490.5152893066406,204.68643188476562,495.04315185546875,211.69342041015625,0.7542070746421814
84,257.5969543457031,256.07135009765625,261.53875732421875,264.41302490234375,0.7519916892051697
84,138.93392944335938,347.1394348144531,145.59194946289062,351.2073974609375,0.7487125396728516
84,290.7744445800781,347.9586486816406,297.94036865234375,354.2063903808594,0.7442939281463623
84,435.7508544921875,261.2795104980469,439.9538269042969,267.162841796875,0.7400234341621399
84,539.7189331054688,66.8469467163086,543.2879638671875,74.96910858154297,0.7312403917312622
84,396.1432800292969,347.2154846191406,401.7608947753906,352.1616516113281,0.7304744720458984
84,256.45782470703125,346.6559753417969,260.508544921875,351.14666748046875,0.730046808719635
84,629.7037963867188,344.9483642578125,637.6171875,353.6302490234375,0.7133572101593018
84,6.579174518585205,196.16978454589844,10.46262264251709,203.96978759765625,0.7026717662811279
84,27.694812774658203,344.2648010253906,32.86952590942383,348.3904113769531,0.6914875507354736
84,285.5733642578125,339.9996337890625,290.1688537597656,348.273193359375,0.6600552797317505
84,277.0326843261719,341.8692626953125,283.63818359375,348.36688232421875,0.6365178823471069
84,54.85134506225586,9.806663513183594,58.72065353393555,14.616584777832031,0.5643199682235718
84,633.9441528320312,347.94927978515625,639.6207275390625,355.87335205078125,0.43659597635269165
85,125.85248565673828,344.5891418457031,131.33135986328125,352.10357666015625,0.812191903591156
85,152.2967071533203,342.28759765625,158.01536560058594,349.9250793457031,0.81038498878479
85,142.21861267089844,128.41600036621094,148.87754821777344,133.3964385986328,0.8008109331130981
85,649.6006469726562,313.1432800292969,655.8343505859375,318.76983642578125,0.8004075288772583
85,64.98835754394531,331.2955017089844,70.16625213623047,337.5087890625,0.7974942922592163
85,514.8338012695312,303.5050048828125,519.5855712890625,311.96234130859375,0.7969910502433777
85,515.94677734375,347.91656494140625,523.2656860351562,353.76727294921875,0.7924560904502869
85,391.4451904296875,347.1556396484375,396.9913635253906,353.0841064453125,0.7906361222267151
85,159.1650390625,194.23826599121094,163.9838409423828,202.7412872314453,0.7871192693710327
85,376.44854736328125,204.8622589111328,382.1181640625,209.507568359375,0.786224365234375
85,433.5677185058594,317.8724060058594,440.34814453125,322.1719055175781,0.7847117781639099
85,502.848876953125,347.1236267089844,509.4652404785156,351.3805847167969,0.7839698791503906
85,40.113136291503906,146.9350128173828,45.60823059082031,154.00253295898438,0.7814799547195435
85,20.0497989654541,343.3004150390625,25.647953033447266,348.194091796875,0.7762728929519653
85,556.4739379882812,269.9585266113281,560.931884765625,278.0761413574219,0.7676427960395813
85,490.71099853515625,203.3639373779297,495.2499694824219,210.312744140625,0.754254162311554
85,257.37969970703125,253.0927734375,261.3797607421875,261.8197326660156,0.7521458268165588
85,139.2177734375,347.0161437988281,145.23899841308594,351.06781005859375,0.7502488493919373
85,256.1916198730469,346.71417236328125,260.3234558105469,351.2356262207031,0.7421956062316895
85,372.4253234863281,146.84304809570312,376.6773681640625,153.6621856689453,0.7392304539680481
85,435.6507568359375,259.4504089355469,439.97515869140625,265.4060363769531,0.7354438900947571
85,291.93487548828125,346.28399658203125,298.3185119628906,353.1434020996094,0.7295761108398438
85,539.6788330078125,65.51080322265625,543.1884765625,73.47319030761719,0.7182929515838623
85,396.2618408203125,346.7760314941406,401.8359069824219,352.1036376953125,0.7159155011177063
85,6.688161373138428,194.1053924560547,10.834002494812012,202.11273193359375,0.7143009901046753
85,630.72705078125,344.9440612792969,638.24267578125,354.2317199707031,0.7064509987831116
85,282.1270751953125,337.996826171875,287.11151123046875,347.4503479003906,0.6799050569534302
85,27.284337997436523,344.3382568359375,32.78396224975586,348.34326171875,0.6771431565284729
85,276.9465637207031,344.2682189941406,284.5514831542969,348.96429443359375,0.614986777305603
85,633.9591064453125,348.124267578125,639.8137817382812,356.0484924316406,0.4155561327934265
86,432.30267333984375,323.449462890625,437.6263732910156,330.3587341308594,0.8175106048583984
86,126.47840118408203,344.91326904296875,131.9014434814453,352.251708984375,0.8068073987960815
86,153.31991577148438,340.9556579589844,159.0086669921875,348.7313232421875,0.8049752116203308
86,140.73910522460938,127.58802032470703,147.5960693359375,132.44775390625,0.7996248602867126
86,38.2277717590332,144.93991088867188,44.170467376708984,152.69064331054688,0.7995039224624634
86,514.7647705078125,303.51702880859375,519.2230834960938,312.1145324707031,0.7972419261932373
86,516.005126953125,347.9300231933594,522.1273193359375,353.5768737792969,0.7960410118103027
86,66.00788116455078,332.3839111328125,71.39595794677734,339.07763671875,0.7914665937423706
86,20.573495864868164,342.5159912109375,26.202573776245117,347.9605407714844,0.7876566052436829
86,159.52117919921875,193.4093475341797,164.22523498535156,202.2571258544922,0.7867308259010315
86,376.4753112792969,204.83546447753906,382.0970458984375,209.54623413085938,0.7855571508407593
86,502.89166259765625,347.09674072265625,509.4662780761719,351.3111267089844,0.7846217751502991
86,637.1781616210938,333.2077331542969,644.0323486328125,339.795654296875,0.7771522402763367
86,556.6005249023438,269.3074035644531,560.8920288085938,277.401611328125,0.771804928779602
86,391.7315368652344,345.9448547363281,396.79718017578125,353.1767578125,0.7702246308326721
86,490.9319763183594,201.9877166748047,495.5914306640625,209.24078369140625,0.7657360434532166
86,139.0533447265625,346.9556579589844,145.09323120117188,350.9837951660156,0.7547860741615295
86,293.3231201171875,346.36444091796875,299.0314636230469,352.0440673828125,0.7486372590065002
86,257.4276428222656,250.1771240234375,261.4079895019531,258.3360595703125,0.7462563514709473
86,372.1082458496094,145.90748596191406,376.3680419921875,152.57923889160156,0.74118572473526
86,395.9750061035156,346.45843505859375,401.2799987792969,352.83837890625,0.7411558628082275
86,6.619930267333984,192.01722717285156,10.760318756103516,200.13201904296875,0.7379963994026184
86,435.55694580078125,257.61602783203125,439.9048156738281,263.9440612792969,0.7379634380340576
86,256.2447204589844,346.6455993652344,260.48858642578125,351.37811279296875,0.735962986946106
86,539.1447143554688,63.50978088378906,542.617431640625,71.9759521484375,0.7269896864891052
86,27.052413940429688,344.19549560546875,32.80143737792969,348.5533142089844,0.6862063407897949
86,282.4417724609375,337.6586608886719,287.032470703125,346.9696960449219,0.6616502404212952
86,633.0429077148438,345.56292724609375,638.4632568359375,354.7175598144531,0.6461635231971741
86,277.4867858886719,343.47955322265625,284.55535888671875,349.17022705078125,0.609244704246521
87,126.9411392211914,345.3638916015625,132.33297729492188,352.4267578125,0.8038549423217773
87,432.52496337890625,319.9272155761719,438.3979187011719,325.2283630371094,0.8004178404808044
87,21.79534339904785,340.0479736328125,27.271501541137695,347.2653503417969,0.7992767691612244
87,153.96336364746094,339.92083740234375,159.7481689453125,347.55670166015625,0.7987805604934692
87,514.7406005859375,303.5840148925781,519.1577758789062,312.1236572265625,0.7985751032829285
87,66.7201156616211,333.9072265625,72.15853881835938,340.5870666503906,0.7895166873931885
87,139.24349975585938,126.96686553955078,145.86192321777344,131.595458984375,0.7886939644813538
87,515.8607788085938,348.01287841796875,521.9307250976562,353.5908508300781,0.7878221869468689
87,36.515480041503906,143.6212158203125,41.85887145996094,150.3354949951172,0.7862786054611206
87,631.1315307617188,345.1004333496094,637.4923095703125,354.7269287109375,0.7854522466659546
87,502.970703125,346.875732421875,509.5462951660156,351.2909240722656,0.7848168015480042
87,376.4247741699219,204.98463439941406,382.0291748046875,209.52099609375,0.7813799977302551
87,159.8050079345703,193.06427001953125,164.4022216796875,201.49435424804688,0.7801511287689209
87,556.7066650390625,268.19012451171875,561.045654296875,276.51361083984375,0.7749234437942505
87,490.8979797363281,200.47299194335938,495.4747314453125,207.28451538085938,0.7666501998901367
87,435.951416015625,255.5693359375,440.3091735839844,262.063720703125,0.7552579641342163
87,7.3932719230651855,189.7904815673828,11.662971496582031,197.5769500732422,0.7549200057983398
87,397.4461975097656,346.1791076660156,402.2542419433594,352.5080871582031,0.7523627877235413
87,138.8998565673828,346.9225769042969,145.16384887695312,350.9373779296875,0.7518092393875122
87,294.8445739746094,346.6383361816406,300.6618347167969,351.77545166015625,0.7498482465744019
87,282.8249816894531,337.3762512207031,286.92724609375,346.488037109375,0.748965859413147
87,257.5728759765625,246.9778289794922,261.53948974609375,255.38430786132812,0.7442929744720459
87,371.8402099609375,144.90838623046875,376.01690673828125,151.72576904296875,0.7421213984489441
87,256.0154113769531,346.3769226074219,259.9316101074219,351.3790588378906,0.7411353588104248
87,538.9319458007812,61.49571228027344,542.5892333984375,69.9468765258789,0.7404804229736328
87,276.6767272949219,341.6144714355469,282.0886535644531,349.0923156738281,0.7377341985702515
87,27.14992332458496,343.35821533203125,33.02481460571289,348.2145080566406,0.7334916591644287
87,619.9979248046875,347.7850341796875,625.6557006835938,352.8480224609375,0.730141818523407
87,393.6956481933594,346.16455078125,398.3741149902344,353.60064697265625,0.7235041856765747
88,22.349857330322266,338.5481262207031,27.74905776977539,346.4898376464844,0.8143984079360962
88,138.35861206054688,125.67105102539062,145.13050842285156,130.7395477294922,0.8139427304267883
88,394.4768981933594,346.93548583984375,402.6050109863281,353.8851013183594,0.8100369572639465
88,631.1516723632812,344.61065673828125,637.7747192382812,354.0302734375,0.8064786791801453
88,430.10797119140625,328.9094543457031,437.49859619140625,333.07659912109375,0.7976006269454956
88,34.84262466430664,141.70909118652344,40.40290451049805,148.6138916015625,0.7940227389335632
88,127.04208374023438,345.4884033203125,132.68653869628906,351.9544372558594,0.7939882278442383
88,67.17620086669922,335.2977600097656,72.45686340332031,341.42999267578125,0.7892091274261475
88,154.38687133789062,338.5709228515625,159.90037536621094,346.05352783203125,0.7891455888748169
88,514.7279663085938,303.3049011230469,519.0772094726562,311.7731628417969,0.7886591553688049
88,159.83816528320312,193.2119598388672,164.4498748779297,201.49887084960938,0.7821716070175171
88,376.4441223144531,204.96435546875,382.0847473144531,209.4930877685547,0.7798146605491638
88,557.0262451171875,266.54156494140625,561.55615234375,275.039794921875,0.7768495082855225
88,7.567585468292236,186.97715759277344,12.033585548400879,195.3688201904297,0.7762683629989624
88,491.44097900390625,198.92396545410156,496.13671875,206.3058319091797,0.7708116173744202
88,502.8124694824219,347.172119140625,509.4114990234375,351.41796875,0.7706085443496704
88,435.9167785644531,253.10816955566406,440.22637939453125,259.9400634765625,0.7651607990264893
88,515.7546997070312,348.2470397949219,521.6920776367188,353.731689453125,0.7638315558433533
88,27.3572940826416,343.0190734863281,33.379459381103516,348.09637451171875,0.761011004447937
88,138.65431213378906,346.9609375,144.99000549316406,350.9606018066406,0.7539590001106262
88,371.1778259277344,142.88111877441406,375.2118225097656,150.37400817871094,0.7506906986236572
88,257.52374267578125,243.2664794921875,261.46881103515625,252.08412170410156,0.7494952082633972
88,539.252197265625,59.59703063964844,542.764892578125,68.0067138671875,0.7434647679328918
88,295.3565368652344,346.0449523925781,300.9366760253906,351.62957763671875,0.7370116114616394
88,263.49871826171875,341.99627685546875,269.019775390625,348.96807861328125,0.7293627262115479
88,256.33087158203125,346.3301086425781,260.2939758300781,351.2807922363281,0.7244269251823425
88,621.3340454101562,346.9962158203125,627.3690185546875,352.5921936035156,0.7114415168762207
88,280.9653015136719,337.77252197265625,285.6741943359375,346.8581848144531,0.6984899044036865
88,276.1650390625,344.52581787109375,283.5197448730469,349.60797119140625,0.4521035850048065
88,4.810421466827393,212.9702606201172,9.508922576904297,220.16026306152344,0.4435059130191803
89,394.8772277832031,347.08306884765625,402.76312255859375,353.478515625,0.832222580909729
89,23.357118606567383,337.1255798339844,28.88926887512207,345.29803466796875,0.820785641670227
89,137.60699462890625,124.3617935180664,144.5316925048828,129.61599731445312,0.8060449957847595
89,155.02737426757812,337.65625,160.4521026611328,345.3153076171875,0.802548348903656
89,127.46617889404297,345.5152587890625,133.22161865234375,351.02618408203125,0.7974363565444946
89,67.66738891601562,335.5254821777344,72.54915618896484,341.4903259277344,0.7930701971054077
89,431.921142578125,346.6070556640625,436.38421630859375,353.7599792480469,0.7928651571273804
89,631.219482421875,344.5456848144531,637.807373046875,352.3475036621094,0.7919149994850159
89,159.98684692382812,193.47779846191406,164.56935119628906,201.71861267089844,0.7883161902427673
89,33.09342956542969,140.1175994873047,38.76700973510742,147.10296630859375,0.787825345993042
89,514.4597778320312,302.47381591796875,518.6211547851562,311.1143798828125,0.7836387157440186
89,376.52642822265625,205.12646484375,382.11053466796875,209.5164794921875,0.7831790447235107
89,7.893618583679199,186.01844787597656,12.395177841186523,194.04493713378906,0.7823938727378845
89,138.48548889160156,346.9209289550781,144.95994567871094,350.93194580078125,0.780308187007904
89,491.77178955078125,197.86016845703125,496.4957580566406,204.80227661132812,0.7790045738220215
89,502.7490234375,347.02545166015625,509.3579406738281,351.50531005859375,0.7752240300178528
89,557.0147094726562,266.0805358886719,561.14892578125,274.4396057128906,0.7613751888275146
89,435.7645263671875,250.9074249267578,440.14312744140625,257.75042724609375,0.7594236731529236
89,257.25323486328125,240.20603942871094,261.3505859375,248.80438232421875,0.7585326433181763
89,539.58642578125,58.122135162353516,543.3692626953125,66.41804504394531,0.7576821446418762
89,515.6893920898438,348.16705322265625,520.8810424804688,353.6274108886719,0.7559508085250854
89,371.0625915527344,142.3020477294922,375.0929870605469,149.88706970214844,0.7544572353363037
89,296.3497009277344,345.85260009765625,301.9018249511719,351.4545593261719,0.7471418380737305
89,256.0086364746094,345.7602233886719,260.150146484375,351.0639343261719,0.7322903871536255
89,282.26953125,337.6556091308594,286.6183776855469,346.52618408203125,0.6982719898223877
89,28.423349380493164,343.9234924316406,34.06065368652344,348.8122863769531,0.6796088218688965
89,253.22715759277344,340.3369445800781,257.50665283203125,345.1186218261719,0.6767972111701965
89,296.8489990234375,345.569091796875,302.5422058105469,350.146484375,0.5952559113502502
89,622.5008544921875,347.00775146484375,628.9147338867188,353.741455078125,0.576500654220581
89,4.549499988555908,212.4164581298828,9.472102165222168,219.76412963867188,0.5381187796592712
89,276.02557373046875,344.5921630859375,282.3984375,349.3247375488281,0.5368815660476685
90,394.7950134277344,346.7884521484375,404.0909118652344,353.5108947753906,0.8329158425331116
90,429.1100769042969,348.8079833984375,435.94488525390625,354.5037536621094,0.8107885718345642
90,128.84420776367188,346.42681884765625,134.69976806640625,350.9983825683594,0.8019713163375854
90,155.7652130126953,335.95196533203125,160.8714141845703,343.89007568359375,0.7957363724708557
90,138.29371643066406,347.06732177734375,144.9176788330078,351.099365234375,0.7919900417327881
90,492.2378234863281,196.517822265625,497.160400390625,203.6839599609375,0.7901265621185303
90,24.16480255126953,335.69537353515625,29.36873435974121,343.7315673828125,0.7893200516700745
90,557.0365600585938,265.3260192871094,561.5383911132812,273.7513427734375,0.7891764640808105
90,159.97303771972656,193.61082458496094,164.57244873046875,201.6363067626953,0.787838876247406
90,30.946989059448242,138.55953979492188,36.78184127807617,145.7002410888672,0.7868267893791199
90,376.4911193847656,205.1064453125,382.1009521484375,209.57923889160156,0.7855305075645447
90,514.3184814453125,301.7720031738281,518.3787231445312,310.535400390625,0.7822568416595459
90,137.79510498046875,121.83549499511719,142.6015167236328,129.19378662109375,0.7807772159576416
90,68.36463165283203,335.77899169921875,73.17071533203125,341.2606506347656,0.7800142168998718
90,502.6497497558594,346.668212890625,509.0756530761719,351.6022033691406,0.7758215069770813
90,8.61069107055664,184.77008056640625,13.02959156036377,192.75537109375,0.7720373272895813
90,515.3740844726562,347.95513916015625,521.0022583007812,353.65740966796875,0.7715155482292175
90,435.8320617675781,248.61148071289062,440.2084655761719,255.779296875,0.7637677788734436
90,370.84521484375,141.4409942626953,374.86932373046875,149.10044860839844,0.7578049302101135
90,631.9374389648438,346.4756164550781,638.0211181640625,354.2688293457031,0.7493687868118286
90,256.2164001464844,346.0906677246094,260.3501892089844,351.0728454589844,0.7472597360610962
90,257.2616271972656,237.05076599121094,261.1353454589844,245.59124755859375,0.7427141666412354
90,540.623046875,55.48601531982422,544.4058227539062,63.864498138427734,0.742438554763794
90,627.6358642578125,328.7275390625,631.5237426757812,335.03375244140625,0.7305437326431274
90,282.2342529296875,337.4629211425781,286.4466552734375,346.1737365722656,0.711325466632843
90,297.15106201171875,345.1629943847656,302.7010192871094,349.90704345703125,0.7039170265197754
90,268.0442810058594,342.74603271484375,272.6673889160156,347.1832580566406,0.6714354157447815
90,297.05792236328125,346.11895751953125,302.3367919921875,351.8793029785156,0.670426607131958
90,631.2096557617188,345.4259033203125,637.1508178710938,351.7432861328125,0.6479429602622986
90,28.40045738220215,344.31585693359375,34.088706970214844,349.1879577636719,0.6341454386711121
90,622.689697265625,346.9183044433594,628.3011474609375,353.3944396972656,0.6228082180023193
90,277.4729309082031,343.973876953125,283.96624755859375,349.15972900390625,0.5104160904884338
91,394.5819091796875,346.7618103027344,404.88226318359375,353.2754211425781,0.8219252228736877
91,155.97177124023438,335.6115417480469,161.3887481689453,343.17266845703125,0.797322690486908
91,426.8528747558594,349.0562744140625,433.782958984375,353.8116149902344,0.7932319641113281
91,25.280359268188477,334.3960876464844,30.514041900634766,341.8425598144531,0.7915583848953247
91,631.9200439453125,313.25091552734375,637.9725341796875,318.007080078125,0.7898816466331482
91,159.98110961914062,193.74652099609375,164.62521362304688,201.68003845214844,0.7883157134056091
91,136.89320373535156,119.49976348876953,141.83004760742188,126.91622924804688,0.7870867252349854
91,376.49835205078125,205.10044860839844,382.0857238769531,209.5884552001953,0.7858956456184387
91,130.07740783691406,346.8854675292969,135.80360412597656,351.09759521484375,0.7858287692070007
91,514.3744506835938,301.3895263671875,518.4415283203125,310.10504150390625,0.7848895192146301
91,514.6815185546875,347.72772216796875,521.2241821289062,353.50689697265625,0.7828533053398132
91,8.60305404663086,182.9220428466797,13.133173942565918,191.11968994140625,0.7820649743080139
91,557.0055541992188,264.1645202636719,561.6072387695312,272.4167785644531,0.7803646922111511
91,29.075315475463867,136.76025390625,34.62920379638672,143.47499084472656,0.7770066857337952
91,493.061767578125,195.01597595214844,497.8394470214844,202.43833923339844,0.7757754921913147
91,502.76409912109375,346.8185119628906,508.87042236328125,351.7523193359375,0.7721579074859619
91,435.6877746582031,246.54286193847656,440.1402282714844,254.0253448486328,0.7640537023544312
91,138.6649932861328,347.07861328125,145.12051391601562,351.15142822265625,0.7518994212150574
91,255.99667358398438,344.9897766113281,260.015625,351.04034423828125,0.7515622973442078
91,630.6773681640625,345.8455810546875,636.8638916015625,352.22418212890625,0.7510251998901367
91,257.4051818847656,234.1641387939453,261.4377746582031,242.58609008789062,0.7507414221763611
91,541.14794921875,53.90223693847656,545.0569458007812,62.126644134521484,0.7455053329467773
91,370.4463195800781,140.82168579101562,374.308349609375,147.76943969726562,0.7377890944480896
91,68.92481994628906,336.1879577636719,73.37602233886719,341.0272216796875,0.7305775284767151
91,299.7641906738281,344.9833068847656,305.0763854980469,349.6535339355469,0.7052420973777771
91,283.0406494140625,336.1817321777344,287.0982666015625,344.9126281738281,0.7021433711051941
91,631.8706665039062,346.714599609375,638.2594604492188,355.48919677734375,0.7010015249252319
91,277.0145263671875,344.9075927734375,282.89617919921875,349.7286071777344,0.6737582087516785
91,28.169864654541016,344.3153076171875,34.02318572998047,349.3469543457031,0.6451544165611267
91,622.4611206054688,346.44891357421875,628.7178955078125,352.9088134765625,0.6428713798522949
91,297.9848327636719,348.00067138671875,303.0455322265625,353.54559326171875,0.602466344833374
92,661.065673828125,306.394775390625,666.505615234375,313.8645935058594,0.8294902443885803
92,157.02220153808594,334.1455078125,162.32571411132812,342.04339599609375,0.8051097989082336
92,392.4269104003906,348.2412414550781,398.92486572265625,353.1310119628906,0.8000297546386719
92,426.173828125,349.0008544921875,432.87249755859375,353.6201171875,0.7926303148269653
92,493.1503601074219,193.6016387939453,498.23406982421875,200.64479064941406,0.7912131547927856
92,26.553627014160156,332.8055725097656,32.27587890625,340.465087890625,0.7894228100776672
92,514.5198364257812,300.81103515625,518.62841796875,310.0498962402344,0.7875035405158997
92,376.5303039550781,205.08670043945312,382.0567626953125,209.57537841796875,0.7871958613395691
92,159.93423461914062,193.8114013671875,164.51771545410156,201.72158813476562,0.7871353030204773
92,514.4041748046875,347.939453125,521.0765991210938,353.0669860839844,0.7834203243255615
92,135.88758850097656,116.95921325683594,140.51210021972656,124.77679443359375,0.7826706767082214
92,9.157024383544922,181.43055725097656,13.734514236450195,189.5817413330078,0.7818363904953003
92,26.95800018310547,135.17694091796875,32.83002853393555,142.127685546875,0.7817524075508118
92,130.3592071533203,346.1885986328125,135.9202880859375,350.58526611328125,0.7814133763313293
92,541.5839233398438,51.70022964477539,545.7286376953125,60.32114791870117,0.7753908634185791
92,557.0888061523438,262.8567810058594,561.5164794921875,270.8891906738281,0.7680553793907166
92,502.73748779296875,347.0785827636719,508.9881591796875,351.68145751953125,0.7680368423461914
92,435.61285400390625,244.4619903564453,440.1515197753906,252.07554626464844,0.7650639414787292
92,257.17218017578125,231.20655822753906,261.170166015625,239.79180908203125,0.7627191543579102
92,631.7730712890625,345.8736877441406,637.7158813476562,351.806884765625,0.7537381649017334
92,29.115846633911133,344.4669189453125,34.2967414855957,349.55157470703125,0.7532159686088562
92,138.12872314453125,347.0934753417969,144.97857666015625,351.18902587890625,0.7486292719841003
92,370.02923583984375,139.5680694580078,373.909912109375,147.07354736328125,0.7410376071929932
92,398.8958435058594,346.8868103027344,405.45465087890625,351.6073913574219,0.7205698490142822
92,282.5058288574219,336.2798767089844,286.6234130859375,345.48968505859375,0.7172365784645081
92,256.1191101074219,346.5777893066406,260.0203857421875,350.959716796875,0.7152064442634583
92,299.8414611816406,344.85284423828125,304.8687438964844,349.5618591308594,0.7052978277206421
92,69.3464126586914,335.98907470703125,73.41753387451172,340.8626403808594,0.6833215951919556
92,298.0094909667969,348.7331237792969,303.0001220703125,353.6755676269531,0.6566532850265503
92,277.36395263671875,345.1716613769531,283.07281494140625,349.7162170410156,0.6528955698013306
92,622.6802978515625,346.872802734375,628.4503784179688,353.1886291503906,0.625346839427948
93,157.63571166992188,332.9978942871094,162.9853057861328,341.0446472167969,0.8005103468894958
93,395.00408935546875,347.4371337890625,400.5070495605469,353.32379150390625,0.7993563413619995
93,27.78213882446289,331.2640686035156,33.9207878112793,338.1012878417969,0.7927519083023071
93,493.9831237792969,192.29420471191406,499.0898742675781,199.30706787109375,0.7922251224517822
93,130.70281982421875,346.48443603515625,136.2113800048828,350.8496398925781,0.7904108762741089
93,159.94186401367188,193.82565307617188,164.54759216308594,201.6844940185547,0.7899274826049805
93,376.578125,205.10951232910156,382.03497314453125,209.6107635498047,0.785793125629425
93,25.139047622680664,133.51620483398438,30.95831298828125,140.30482482910156,0.7855459451675415
93,425.6707763671875,349.13446044921875,432.5935974121094,353.4568176269531,0.7847096920013428
93,514.2390747070312,300.6317138671875,518.1337280273438,309.51055908203125,0.7828378081321716
93,664.8245849609375,298.07781982421875,668.8615112304688,305.5732116699219,0.778338611125946
93,30.153575897216797,345.0374755859375,36.53407287597656,349.2525939941406,0.7773492336273193
93,502.55364990234375,347.1229248046875,508.83221435546875,351.5518798828125,0.776420533657074
93,135.2554168701172,114.47711181640625,139.60858154296875,122.20250701904297,0.7754746079444885
93,435.43792724609375,242.5478973388672,439.8774719238281,249.93435668945312,0.774311363697052
93,542.7330322265625,49.8000602722168,547.1652221679688,57.83851623535156,0.7733814120292664
93,9.284160614013672,179.73548889160156,13.994632720947266,188.2740478515625,0.7731775045394897
93,281.4542541503906,332.0616149902344,285.8562927246094,342.5159606933594,0.7673941254615784
93,257.1150817871094,228.4919891357422,261.1225280761719,237.35171508789062,0.7624503970146179
93,556.7627563476562,262.6212463378906,561.0789794921875,270.5448303222656,0.761726975440979
93,514.5610961914062,347.9090881347656,520.8614501953125,352.78326416015625,0.7542053461074829
93,632.4087524414062,345.7354736328125,638.6057739257812,351.045654296875,0.7484925985336304
93,402.8518981933594,346.82623291015625,409.07330322265625,351.58184814453125,0.7466616630554199
93,369.2762756347656,138.91860961914062,373.41241455078125,145.20419311523438,0.7289137244224548
93,138.75523376464844,346.9971923828125,145.31190490722656,351.08953857421875,0.7197434306144714
93,256.1528625488281,346.45660400390625,260.0592956542969,350.9250183105469,0.7055804133415222
93,299.8624267578125,344.6929931640625,304.91339111328125,349.2937927246094,0.6958773136138916
93,4.700552463531494,212.51268005371094,9.325043678283691,219.69818115234375,0.6830933690071106
93,277.4601135253906,345.01226806640625,282.7089538574219,349.253173828125,0.675879180431366
93,622.9215087890625,346.8655090332031,628.4485473632812,353.35247802734375,0.6170094609260559
93,298.4507141113281,349.3643493652344,303.1938781738281,354.1900939941406,0.6106290221214294
93,69.49337005615234,335.50640869140625,73.70623016357422,340.4627990722656,0.506363034248352
94,652.9331665039062,289.648193359375,658.7114868164062,295.60723876953125,0.81502765417099
94,22.933971405029297,131.7898712158203,28.929182052612305,138.655029296875,0.7951321005821228
94,494.1809997558594,191.2328643798828,499.6130065917969,198.0523223876953,0.7949270009994507
94,158.3046417236328,331.9326171875,163.53970336914062,339.7518615722656,0.7936167120933533
94,395.322265625,346.8724365234375,401.6344299316406,353.33282470703125,0.7918980717658997
94,159.90328979492188,193.8630828857422,164.55174255371094,201.6526336669922,0.7898395657539368
94,376.57464599609375,205.1074981689453,382.0280456542969,209.61651611328125,0.7863028049468994
94,501.8707580566406,347.2041931152344,508.28009033203125,351.65618896484375,0.7851974368095398
94,9.497410774230957,177.6852264404297,14.0927095413208,186.3578643798828,0.7832834124565125
94,425.938232421875,349.17413330078125,432.6310729980469,353.42803955078125,0.7829322218894958
94,514.2118530273438,300.1443176269531,518.1026611328125,309.2684631347656,0.7827571630477905
94,131.295166015625,346.2243347167969,137.23631286621094,350.63446044921875,0.7776697278022766
94,543.8773803710938,47.5548210144043,548.1944580078125,55.62381362915039,0.7756111025810242
94,556.912109375,262.68511962890625,561.2929077148438,270.8109436035156,0.7736191749572754
94,134.9706268310547,112.5130844116211,139.3500518798828,120.53543853759766,0.7712660431861877
94,435.4752502441406,240.55589294433594,439.9273986816406,247.8110809326172,0.7695078253746033
94,29.447101593017578,330.98272705078125,36.36525344848633,336.2170104980469,0.7653814554214478
94,5.537291049957275,213.02565002441406,9.966569900512695,220.22715759277344,0.7579389214515686
94,32.72243118286133,345.2347412109375,38.93315124511719,349.38409423828125,0.7576109766960144
94,633.0099487304688,345.63934326171875,639.4890747070312,350.7548522949219,0.7455094456672668
94,282.6121826171875,334.88519287109375,286.7760009765625,343.9184875488281,0.7408664226531982
94,257.1165466308594,225.71096801757812,260.7994079589844,234.1292724609375,0.7347451448440552
94,369.19964599609375,139.3409881591797,373.36883544921875,145.27308654785156,0.7246518731117249
94,256.01751708984375,346.4775390625,259.7821960449219,351.033203125,0.7217369079589844
94,299.9518737792969,344.7502136230469,305.88897705078125,349.5613708496094,0.7211316823959351
94,403.90216064453125,346.7302551269531,410.38909912109375,351.02496337890625,0.7128041982650757
94,276.74566650390625,335.09521484375,281.8450012207031,339.8923034667969,0.7088956832885742
94,515.3713989257812,347.78204345703125,520.8140869140625,352.36480712890625,0.701628565788269
94,138.891357421875,347.1022644042969,145.9800262451172,351.09710693359375,0.6683582663536072
94,277.631591796875,345.4412536621094,282.2873229980469,349.5997619628906,0.6327387094497681
94,511.772705078125,349.127685546875,517.1221313476562,353.8238525390625,0.6082919836044312
94,622.453369140625,347.0771789550781,628.0694580078125,353.4498291015625,0.5952612161636353
94,298.86346435546875,349.474365234375,304.3533935546875,354.4374084472656,0.5468394756317139
94,632.4833984375,348.40216064453125,638.8225708007812,356.4438781738281,0.5031694769859314
94,69.54357147216797,335.6751403808594,73.71675872802734,340.45843505859375,0.43707239627838135
95,159.31484985351562,330.6053466796875,164.51473999023438,338.2430114746094,0.8064398169517517
95,33.47125244140625,198.0103302001953,38.119232177734375,205.84544372558594,0.8060188293457031
95,494.6300964355469,189.710693359375,500.211181640625,196.75721740722656,0.7926179766654968
95,514.0321655273438,300.42889404296875,518.0274047851562,309.19635009765625,0.788165807723999
95,159.82025146484375,193.91033935546875,164.56463623046875,201.73028564453125,0.783160388469696
95,425.8816223144531,349.143310546875,432.6994934082031,353.4642639160156,0.7813587188720703
95,661.0519409179688,275.6895446777344,666.114990234375,283.32080078125,0.780644953250885
95,545.0718383789062,45.558441162109375,549.5288696289062,53.27104568481445,0.7806147336959839
95,21.211973190307617,130.39529418945312,27.210155487060547,136.8829803466797,0.7798997759819031
95,376.5751647949219,205.09927368164062,382.0281982421875,209.61605834960938,0.7794519066810608
95,501.66766357421875,347.26141357421875,507.8426818847656,351.8120422363281,0.7787152528762817
95,9.670860290527344,175.98190307617188,14.223420143127441,184.2066650390625,0.7770839333534241
95,134.12612915039062,110.02062225341797,138.7241668701172,118.02984619140625,0.7753118872642517
95,556.8779907226562,262.23321533203125,561.5055541992188,270.6539306640625,0.77358478307724
95,435.1562805175781,238.9046630859375,439.78997802734375,245.7750701904297,0.7731011509895325
95,395.077392578125,346.92913818359375,401.087646484375,354.18896484375,0.7592811584472656
95,34.22139358520508,345.26983642578125,40.727596282958984,349.35638427734375,0.7500990033149719
95,257.01385498046875,222.64642333984375,260.86614990234375,231.11981201171875,0.7480218410491943
95,31.694324493408203,331.1084899902344,38.529415130615234,335.5089416503906,0.7424188852310181
95,301.4664611816406,345.2039794921875,307.29736328125,349.5082702636719,0.7391722798347473
95,633.5615844726562,345.6658020019531,639.9215698242188,351.027099609375,0.7390351891517639
95,282.7690734863281,335.407470703125,286.83233642578125,344.8538513183594,0.7381529808044434
95,405.45526123046875,346.6214904785156,412.6709899902344,350.6519775390625,0.7359541058540344
95,368.71795654296875,138.73745727539062,373.1580505371094,144.69671630859375,0.7324804663658142
95,256.0712585449219,346.1937255859375,260.0843811035156,351.1617431640625,0.7242098450660706
95,511.509521484375,349.1734924316406,516.5508422851562,354.7874755859375,0.7082739472389221
95,516.5028686523438,347.584228515625,521.4130249023438,352.1937255859375,0.7022987604141235
95,276.5680236816406,343.6817626953125,282.2706604003906,348.90240478515625,0.6875858306884766
95,621.4535522460938,346.50384521484375,627.356689453125,353.43914794921875,0.6757041811943054
95,130.8374786376953,346.23175048828125,137.93409729003906,350.8785095214844,0.6112701296806335
95,137.80831909179688,347.4156799316406,146.11868286132812,351.74285888671875,0.44772544503211975
95,299.26837158203125,349.326171875,305.1541442871094,354.15277099609375,0.4461916387081146
95,69.508056640625,335.6034851074219,73.62252807617188,340.56103515625,0.40894484519958496
96,160.00247192382812,329.0989990234375,165.2215118408203,337.0114440917969,0.8031567335128784
96,495.8413391113281,188.62417602539062,501.82745361328125,195.39149475097656,0.7925663590431213
96,284.2537841796875,335.1266174316406,289.2291259765625,342.92315673828125,0.7829931378364563
96,514.0213012695312,300.401611328125,517.9775390625,309.04803466796875,0.7786548137664795
96,159.8182830810547,193.72747802734375,164.65289306640625,201.7246856689453,0.7782399654388428
96,376.47802734375,205.1295928955078,382.0055236816406,209.6734161376953,0.7759642601013184
96,501.41815185546875,347.3253479003906,507.68927001953125,351.7656555175781,0.7754146456718445
96,556.75146484375,261.5972595214844,561.1884765625,269.39581298828125,0.7742972373962402
96,434.8799133300781,236.9067840576172,439.4697570800781,244.2484130859375,0.7677468657493591
96,20.055278778076172,129.93040466308594,25.873537063598633,135.84474182128906,0.7672432661056519
96,546.0014038085938,43.814884185791016,550.28076171875,51.22083282470703,0.7648608088493347
96,394.23345947265625,347.21575927734375,400.57855224609375,354.4910888671875,0.7627798318862915
96,134.1287384033203,107.97700500488281,138.41928100585938,116.2674331665039,0.7626705169677734
96,10.043067932128906,174.1409149169922,14.6350679397583,182.3827362060547,0.7612002491950989
96,425.7186279296875,349.2489013671875,432.5938415527344,353.6187744140625,0.7565554976463318
96,34.12787628173828,330.5699462890625,41.47029113769531,334.7029113769531,0.7530896663665771
96,35.41228485107422,345.03228759765625,42.14729690551758,349.10162353515625,0.7527909278869629
96,256.74432373046875,219.77764892578125,260.567138671875,228.24774169921875,0.7511025667190552
96,40.33705520629883,175.84219360351562,44.898284912109375,183.1591796875,0.7508050203323364
96,301.7201232910156,345.3130187988281,307.6531982421875,349.8642578125,0.7442637085914612
96,408.593994140625,346.6804504394531,415.3303527832031,350.57720947265625,0.7434909343719482
96,633.8951416015625,345.6662902832031,640.5203247070312,350.8480224609375,0.7414200901985168
96,621.3193969726562,346.16473388671875,627.210205078125,353.5767822265625,0.7303575873374939
96,368.5999755859375,138.44189453125,372.9908752441406,144.64053344726562,0.7274880409240723
96,256.0941467285156,346.60101318359375,260.0033874511719,350.9715270996094,0.726457417011261
96,670.522216796875,268.5709228515625,674.7405395507812,275.83251953125,0.7178037166595459
96,516.5442504882812,347.4085998535156,521.4208984375,352.1155090332031,0.7020322680473328
96,277.05230712890625,344.5675964355469,282.58740234375,348.81402587890625,0.6682504415512085
96,511.6170654296875,349.6639709472656,516.6275634765625,355.2093505859375,0.6580405235290527
96,132.59951782226562,346.7735900878906,144.59640502929688,351.4132385253906,0.5936508178710938
96,130.93716430664062,346.3810729980469,137.77023315429688,350.96551513671875,0.4546876549720764
96,69.47911071777344,335.7406311035156,73.73882293701172,340.65106201171875,0.43544265627861023
97,496.8992614746094,187.35963439941406,503.0981750488281,194.12319946289062,0.7942829132080078
97,161.16261291503906,327.1475830078125,166.4051971435547,334.9540710449219,0.7937926054000854
97,159.75953674316406,193.84628295898438,164.53756713867188,201.8495330810547,0.7842286825180054
97,132.86227416992188,347.366455078125,144.7216339111328,351.7391357421875,0.7824055552482605
97,376.42681884765625,205.13821411132812,381.99139404296875,209.66531372070312,0.7811226844787598
97,514.0704345703125,299.9163818359375,518.0328979492188,308.6580505371094,0.7806513905525208
97,434.60498046875,235.49923706054688,439.2677001953125,242.84326171875,0.7800742387771606
97,546.7224731445312,42.01838302612305,551.1671142578125,49.87089538574219,0.7751746773719788
97,36.61808395385742,344.9139709472656,43.8422737121582,348.91656494140625,0.7740613222122192
97,19.072219848632812,129.6436767578125,25.09283447265625,135.71316528320312,0.773322582244873
97,556.831787109375,261.1483154296875,561.2110595703125,268.8458251953125,0.7723102569580078
97,501.2192687988281,347.2332458496094,507.23809814453125,351.8190002441406,0.7722868919372559
97,394.066650390625,347.3854675292969,400.6204833984375,354.1931457519531,0.7665226459503174
97,36.977752685546875,330.1446228027344,43.88224792480469,334.5226135253906,0.7661573886871338
97,256.2950439453125,216.8758087158203,260.32733154296875,225.25048828125,0.7628043293952942
97,133.80911254882812,106.14216613769531,137.94203186035156,114.51187896728516,0.7610878348350525
97,24.97587013244629,161.6984100341797,29.620258331298828,167.9938507080078,0.7565332651138306
97,10.107556343078613,173.2543487548828,14.577474594116211,181.19561767578125,0.7548423409461975
97,283.526123046875,334.93408203125,287.5185852050781,342.8907165527344,0.7513012290000916
97,634.1675415039062,345.60308837890625,640.7394409179688,351.0592346191406,0.7498151063919067
97,301.7023620605469,345.0212097167969,307.75030517578125,349.5206604003906,0.7487288117408752
97,410.93988037109375,346.7560729980469,418.06744384765625,350.6762390136719,0.7441232800483704
97,425.5799865722656,349.3097229003906,432.5439758300781,353.6984558105469,0.7441105842590332
97,621.0746459960938,345.9231262207031,627.0728759765625,353.46319580078125,0.7439488768577576
97,255.96322631835938,346.6675720214844,259.8387451171875,351.0328674316406,0.7370107769966125
97,670.92236328125,267.6172790527344,675.06689453125,275.6314697265625,0.7358331084251404
97,368.5502624511719,138.0438690185547,372.8838195800781,144.14642333984375,0.7285957932472229
97,276.8642272949219,344.5263366699219,282.2716369628906,348.718505859375,0.7008470892906189
97,516.5006103515625,347.41949462890625,521.1925659179688,352.1410217285156,0.7005367279052734
97,292.4826965332031,322.3202209472656,296.75714111328125,327.8907470703125,0.6844133734703064
97,511.5403137207031,349.6346740722656,516.4097290039062,355.7825927734375,0.6139247417449951
97,69.32088470458984,335.2829895019531,73.38680267333984,340.2019958496094,0.5612162947654724
98,498.5558166503906,186.07968139648438,504.5730895996094,192.19712829589844,0.7968698740005493
98,162.28822326660156,325.6707763671875,167.4521484375,333.4974060058594,0.7917472720146179
98,18.22185707092285,129.50982666015625,24.256193161010742,135.418212890625,0.7848733067512512
98,159.73226928710938,193.93167114257812,164.48599243164062,202.0549774169922,0.7846677303314209
98,548.0610961914062,39.7895622253418,552.5567626953125,47.55188751220703,0.7783674597740173
98,500.973388671875,347.0419006347656,506.94879150390625,351.3616943359375,0.7774280309677124
98,376.4522705078125,205.1741943359375,381.9827880859375,209.65176391601562,0.776626467704773
98,514.165283203125,299.44036865234375,518.1361694335938,308.34771728515625,0.7750508785247803
98,434.4076232910156,234.92300415039062,439.2660217285156,241.36387634277344,0.7742704153060913
98,556.78857421875,260.9222106933594,561.1898193359375,268.628173828125,0.7712624669075012
98,26.102445602416992,161.99496459960938,30.00948715209961,170.10911560058594,0.7652626037597656
98,394.1119384765625,347.5336608886719,400.53955078125,353.9217834472656,0.7652114629745483
98,133.67990112304688,104.27261352539062,137.48451232910156,112.60457611083984,0.7646978497505188
98,284.1099548339844,327.6708068847656,288.600341796875,334.0986633300781,0.7630926966667175
98,38.29130935668945,344.9758605957031,45.4549560546875,349.02886962890625,0.7607341408729553
98,38.99339294433594,329.399658203125,46.112457275390625,333.9783020019531,0.7592341303825378
98,10.146291732788086,173.0352783203125,14.544890403747559,181.04843139648438,0.7576118111610413
98,634.0630493164062,345.54541015625,640.9202880859375,351.87969970703125,0.7473673224449158
98,412.1482238769531,346.77032470703125,419.213134765625,350.70111083984375,0.746155321598053
98,283.3890686035156,335.2394714355469,287.3507995605469,343.0289306640625,0.741224467754364
98,255.92745971679688,213.7507781982422,259.9896240234375,222.37179565429688,0.7412241101264954
98,425.5540466308594,349.3182678222656,432.5104675292969,353.6795349121094,0.7401788234710693
98,670.8683471679688,267.4143371582031,675.028076171875,275.3603515625,0.7303894758224487
98,621.0005493164062,346.02935791015625,626.998779296875,353.456787109375,0.7299067974090576
98,517.3929443359375,347.3826904296875,521.60400390625,352.2487487792969,0.724165678024292
98,368.40570068359375,137.81968688964844,372.8206481933594,143.3278045654297,0.7230361700057983
98,255.9763946533203,346.6050720214844,259.8987731933594,351.0403137207031,0.7107540369033813
98,302.3144226074219,345.2681579589844,307.0401611328125,349.50701904296875,0.7095394730567932
98,277.44622802734375,344.427490234375,282.7489318847656,348.5914611816406,0.6936927437782288
98,133.07977294921875,347.2980651855469,144.19921875,351.69207763671875,0.6467709541320801
98,69.32213592529297,335.14459228515625,73.33089447021484,339.9658203125,0.6216732859611511
98,511.09027099609375,348.98529052734375,515.9654541015625,354.90179443359375,0.6037680506706238
99,163.1131591796875,323.87408447265625,168.46951293945312,332.13336181640625,0.8064276576042175
99,499.7536315917969,185.01858520507812,506.1799621582031,190.86459350585938,0.8056221008300781
99,17.692731857299805,129.1363525390625,23.909942626953125,135.05996704101562,0.7980405688285828
99,394.0115051269531,347.3747253417969,400.2640380859375,354.6062927246094,0.787933886051178
99,500.6912536621094,346.6295166015625,506.8789367675781,351.411376953125,0.7865331172943115
99,159.7075958251953,193.9192352294922,164.48097229003906,202.07492065429688,0.7827054262161255
99,514.0047607421875,298.9256591796875,517.963623046875,307.9256286621094,0.7782610654830933
99,376.43896484375,205.1831512451172,381.994873046875,209.66424560546875,0.7772759199142456
99,549.1437377929688,37.41487121582031,553.3867797851562,44.759178161621094,0.7745039463043213
99,41.14999008178711,328.9023132324219,48.954044342041016,333.49920654296875,0.773343026638031
99,556.8463745117188,260.748779296875,561.164794921875,268.5589294433594,0.7701781392097473
99,433.94354248046875,235.09202575683594,438.96002197265625,240.18743896484375,0.7624589800834656
99,39.54446792602539,344.7876892089844,47.07034683227539,349.0193176269531,0.7609949707984924
99,10.267804145812988,172.73243713378906,14.611682891845703,180.65518188476562,0.7605355381965637
99,26.201475143432617,161.2714385986328,30.074691772460938,169.47024536132812,0.758375883102417
99,283.6805725097656,335.15301513671875,287.6886291503906,345.0518493652344,0.755925178527832
99,413.468017578125,346.6673889160156,420.2564697265625,350.6651916503906,0.7543922662734985
99,133.510009765625,102.36778259277344,137.51791381835938,110.6580581665039,0.7534236907958984
99,517.5150146484375,347.40716552734375,521.7946166992188,352.5303955078125,0.748453676700592
99,620.8883666992188,345.8230895996094,626.7138061523438,353.40911865234375,0.7456347346305847
99,425.3918151855469,349.4599609375,432.36529541015625,353.736083984375,0.7443000078201294
99,254.8968963623047,211.2423553466797,259.29107666015625,219.1798858642578,0.743236243724823
99,634.0947265625,345.65020751953125,641.0126953125,351.5553894042969,0.7371436953544617
99,670.6361083984375,266.9035339355469,674.7861328125,275.00177001953125,0.7333440780639648
99,277.53369140625,344.4367370605469,283.8782043457031,348.6220397949219,0.7303150296211243
99,133.00704956054688,347.2473449707031,144.2356414794922,351.68133544921875,0.7242096066474915
99,256.0062255859375,346.6524658203125,260.0299377441406,351.19439697265625,0.7226583361625671
99,368.4261169433594,137.88763427734375,372.813232421875,143.31497192382812,0.7211418151855469
99,302.39215087890625,345.3145751953125,306.64996337890625,349.3848876953125,0.7097179293632507
99,68.98627471923828,335.11907958984375,73.00569152832031,340.1104736328125,0.6686080694198608
99,508.5394287109375,348.4761962890625,514.2930908203125,354.54962158203125,0.42974403500556946
100,500.8592834472656,183.56973266601562,507.192138671875,189.51324462890625,0.8105680346488953
100,17.42306137084961,129.07635498046875,23.56963539123535,134.8677520751953,0.8001400232315063
100,164.0050811767578,322.3543701171875,169.0712432861328,330.208984375,0.7963583469390869
100,393.8770446777344,347.172607421875,400.17425537109375,354.98516845703125,0.7962014675140381
100,159.7488555908203,193.94825744628906,164.49305725097656,202.08628845214844,0.7787365913391113
100,376.41546630859375,205.15890502929688,381.9005432128906,209.60357666015625,0.777155876159668
100,40.951210021972656,344.9504089355469,48.97847366333008,348.99945068359375,0.7744686603546143
100,549.8928833007812,35.413421630859375,554.4498291015625,42.78374481201172,0.7725343108177185
100,514.1483154296875,298.1123046875,518.0797729492188,306.9932861328125,0.764710545539856
100,414.8345947265625,346.7042541503906,421.4544982910156,350.6097412109375,0.7639102339744568
100,556.8277587890625,260.6131286621094,561.0872192382812,268.4749450683594,0.7635691165924072
100,10.64487361907959,171.21400451660156,15.040695190429688,179.45408630371094,0.7623984813690186
100,253.91136169433594,208.8273162841797,258.44012451171875,216.80776977539062,0.7575611472129822
100,43.11521530151367,329.3276062011719,50.58430099487305,333.7923889160156,0.7556678056716919
100,620.4268188476562,346.56378173828125,625.9402465820312,353.8107604980469,0.7515770196914673
100,425.1907043457031,349.78839111328125,431.97930908203125,353.7551574707031,0.7503953576087952
100,517.734619140625,347.3020935058594,521.91796875,352.52191162109375,0.7456151247024536
100,26.312456130981445,161.3232879638672,30.157140731811523,169.5638885498047,0.7443758845329285
100,133.60964965820312,100.00572204589844,137.4368438720703,108.21975708007812,0.7424965500831604
100,633.9871826171875,345.66497802734375,640.9657592773438,352.6018371582031,0.7419913411140442
100,433.5302734375,235.71693420410156,438.1458740234375,240.1997528076172,0.7368325591087341
100,501.24365234375,346.6326599121094,507.4946594238281,351.3504943847656,0.7264734506607056
100,670.5927124023438,266.4282531738281,674.6414794921875,274.55108642578125,0.7234663963317871
100,368.3869934082031,137.8004913330078,372.8117370605469,143.31402587890625,0.72246915102005
100,283.354736328125,335.1102294921875,287.91290283203125,343.5353698730469,0.7213616967201233
100,256.1269836425781,346.8313293457031,259.9305419921875,351.3356628417969,0.714729368686676
100,301.4341735839844,345.1953125,305.89117431640625,348.7322082519531,0.7000631093978882
100,287.3555603027344,343.4146423339844,292.9200134277344,349.52899169921875,0.6897115111351013
100,507.64605712890625,348.77667236328125,513.9716186523438,354.2073669433594,0.6844232678413391
100,133.13340759277344,347.07086181640625,144.16094970703125,351.62542724609375,0.6750380396842957
100,68.40704345703125,334.6702880859375,72.63286590576172,339.2275085449219,0.6621060371398926
100,278.2988586425781,343.9936828613281,284.2485656738281,349.1005859375,0.6133790612220764
101,501.9388122558594,182.6659393310547,508.2538146972656,188.72048950195312,0.8066011071205139
101,394.0396728515625,347.22869873046875,400.0086975097656,355.53668212890625,0.7991933226585388
101,164.8741455078125,321.08441162109375,169.8252716064453,328.97796630859375,0.795788049697876
101,159.7084503173828,193.94485473632812,164.45138549804688,202.1174774169922,0.779061496257782
101,16.649919509887695,128.76748657226562,22.391624450683594,134.5574951171875,0.777924656867981
101,376.5113525390625,205.13595581054688,381.9673767089844,209.6461944580078,0.7778880596160889
101,556.7640380859375,260.0731201171875,561.1575927734375,267.9499816894531,0.77466881275177
101,514.2324829101562,297.88177490234375,518.3319091796875,306.4962158203125,0.7708451151847839
101,253.32347106933594,206.0033721923828,257.7892150878906,213.84910583496094,0.7657370567321777
101,619.5126953125,346.1244201660156,625.734130859375,353.10699462890625,0.7651897072792053
101,550.9203491210938,33.65798568725586,555.0999755859375,41.00046920776367,0.7610870599746704
101,133.74264526367188,97.46259307861328,137.5919647216797,105.81129455566406,0.7574887275695801
101,633.86572265625,344.12811279296875,641.2434692382812,353.3011474609375,0.7554319500923157
101,43.57567596435547,344.97900390625,50.666015625,348.97711181640625,0.7539656758308411
101,416.2900390625,346.8368835449219,423.223388671875,350.7724609375,0.7534760236740112
101,425.2017517089844,349.858642578125,432.1270751953125,353.77008056640625,0.7528356313705444
101,517.8239135742188,347.2998352050781,521.9451293945312,352.5843811035156,0.7518199682235718
101,432.5,237.16859436035156,437.8187255859375,241.39492797851562,0.749142050743103
101,283.4147033691406,334.56634521484375,287.55859375,342.9956970214844,0.7472988367080688
101,45.798221588134766,329.31646728515625,53.03519821166992,333.6251525878906,0.7430093288421631
101,11.25853157043457,169.736572265625,15.514009475708008,177.4320831298828,0.7408510446548462
101,26.486495971679688,160.80897521972656,30.325742721557617,168.9656524658203,0.7372605204582214
101,670.4036865234375,264.9454040527344,674.521728515625,273.1214599609375,0.7367668151855469
101,300.6481628417969,345.2544860839844,305.044921875,349.4548034667969,0.7243056893348694
101,500.6611633300781,347.1745910644531,507.0972900390625,351.69451904296875,0.7238641381263733
101,368.3769226074219,137.75787353515625,372.8124694824219,143.328857421875,0.7229424715042114
101,506.7077331542969,348.66473388671875,512.94140625,354.10662841796875,0.7202320098876953
101,256.30291748046875,346.7691955566406,260.107666015625,351.2697448730469,0.7026664614677429
101,286.8833312988281,345.23333740234375,293.5516357421875,349.4879150390625,0.6930832862854004
101,68.21224975585938,334.05963134765625,72.39170837402344,338.3874816894531,0.6609148383140564
101,133.22979736328125,346.8312072753906,143.7345428466797,351.518798828125,0.6142222881317139
101,277.06854248046875,345.2159423828125,283.2646789550781,349.47412109375,0.5741958618164062
101,279.21295166015625,345.2373962402344,285.3583068847656,349.7574768066406,0.4940699636936188
102,655.60986328125,315.8551940917969,663.012451171875,321.85992431640625,0.836421549320221
102,165.608154296875,319.2028503417969,170.76019287109375,327.3433532714844,0.815040111541748
102,503.0525207519531,181.50311279296875,509.2543640136719,187.99740600585938,0.8075975775718689
102,393.9719543457031,347.2216796875,399.80206298828125,355.5348205566406,0.802935779094696
102,556.8739624023438,259.70526123046875,561.44970703125,268.02734375,0.7933972477912903
102,45.564151763916016,345.01043701171875,53.08099365234375,349.3255920410156,0.7917947769165039
102,376.54852294921875,205.07579040527344,382.06097412109375,209.70477294921875,0.7857046127319336
102,159.7388458251953,193.916015625,164.45309448242188,202.1254119873047,0.7816705703735352
102,431.7983703613281,237.40347290039062,437.02886962890625,242.98513793945312,0.7783153653144836
102,252.443359375,203.03372192382812,256.9219055175781,211.06370544433594,0.7757354378700256
102,514.0745239257812,297.3916320800781,518.0657348632812,306.3810119628906,0.7744660377502441
102,15.86096477508545,128.75270080566406,21.515727996826172,134.4620361328125,0.7721489667892456
102,633.9874877929688,345.6576232910156,641.03759765625,353.2857666015625,0.7692633867263794
102,517.7040405273438,347.4145812988281,521.9391479492188,352.88995361328125,0.7615618109703064
102,47.97913360595703,329.8343505859375,55.36903381347656,334.2393798828125,0.7532548904418945
102,11.024067878723145,167.68223571777344,15.521489143371582,175.9758758544922,0.7530627846717834
102,283.49285888671875,334.35516357421875,287.5278625488281,342.6397705078125,0.7530391216278076
102,133.8096923828125,94.93800354003906,137.53164672851562,103.41364288330078,0.7529234886169434
102,424.8484802246094,349.79095458984375,432.0869445800781,353.7790222167969,0.7526535987854004
102,417.493408203125,346.93548583984375,424.5910339355469,350.9559020996094,0.7517446875572205
102,619.504638671875,345.9743347167969,625.5513305664062,352.55987548828125,0.7508134841918945
102,133.5001220703125,346.6978759765625,143.50318908691406,351.4738464355469,0.7453844547271729
102,551.9302368164062,31.80027198791504,555.9249877929688,39.14923095703125,0.7424101829528809
102,670.2417602539062,263.19000244140625,674.369873046875,271.431640625,0.7408460378646851
102,26.725616455078125,159.3544464111328,30.80103302001953,167.43899536132812,0.7380954027175903
102,286.04248046875,345.1396789550781,292.8112487792969,349.54949951171875,0.7375872135162354
102,368.3436584472656,137.68148803710938,372.8033142089844,143.3630828857422,0.7293646931648254
102,299.9374694824219,345.2108154296875,304.5261535644531,349.5998229980469,0.7231143116950989
102,256.2023010253906,346.63720703125,260.0435791015625,351.23846435546875,0.7147660851478577
102,506.0232238769531,349.71722412109375,512.2767333984375,355.1776428222656,0.7134281992912292
102,500.7391357421875,346.85198974609375,507.36260986328125,352.0963439941406,0.7122610211372375
102,67.91971588134766,333.6064147949219,71.73059844970703,338.5956726074219,0.6836099028587341
102,277.9306945800781,345.169189453125,284.54644775390625,349.52001953125,0.6016497611999512
103,504.0566101074219,179.79574584960938,510.614990234375,186.73220825195312,0.8255850076675415
103,394.3493957519531,347.3341979980469,399.65203857421875,355.5416259765625,0.8005610704421997
103,166.44032287597656,317.9478454589844,171.14747619628906,325.87713623046875,0.8005176782608032
103,47.37130355834961,344.922607421875,55.17746353149414,349.15802001953125,0.7940876483917236
103,430.8634948730469,238.3665313720703,436.17529296875,244.63380432128906,0.793232798576355
103,376.5330505371094,205.05511474609375,382.03326416015625,209.6774444580078,0.7864313125610352
103,670.5770874023438,315.0068054199219,676.695556640625,320.3284606933594,0.7837268114089966
103,14.774986267089844,128.052001953125,20.763992309570312,133.52857971191406,0.7824670076370239
103,556.9110107421875,258.6975402832031,561.3218994140625,266.7042541503906,0.7807775139808655
103,159.72238159179688,193.93096923828125,164.31649780273438,202.16250610351562,0.777216374874115
103,514.0555419921875,297.13519287109375,518.0274658203125,305.9091796875,0.775038480758667
103,11.485443115234375,165.58499145507812,16.058298110961914,173.97882080078125,0.7695493102073669
103,133.4604949951172,346.68634033203125,143.46144104003906,351.3417663574219,0.7679585814476013
103,251.5171661376953,200.92454528808594,255.90162658691406,207.9171600341797,0.766284704208374
103,517.6795654296875,347.4158935546875,521.8683471679688,352.8242492675781,0.7630264759063721
103,27.62497329711914,157.63807678222656,31.820560455322266,166.180419921875,0.7588769793510437
103,552.7310791015625,29.827617645263672,556.6376342773438,37.17369079589844,0.7543769478797913
103,634.0732421875,345.62677001953125,640.8735961914062,353.3573303222656,0.7529276609420776
103,49.63048553466797,330.2559814453125,57.091270446777344,334.6585693359375,0.7525452971458435
103,424.52294921875,349.7757873535156,431.9720764160156,353.7196044921875,0.7515833377838135
103,298.93988037109375,345.6217956542969,303.62451171875,349.60919189453125,0.7514052391052246
103,619.2193603515625,345.78076171875,625.0745239257812,352.1083679199219,0.745116651058197
103,417.9523010253906,347.1275634765625,424.9840087890625,350.9703674316406,0.7435922026634216
103,285.0240478515625,344.75506591796875,291.7149658203125,348.99737548828125,0.7434525489807129
103,133.83404541015625,92.51118469238281,137.21771240234375,100.84420013427734,0.7361919283866882
103,670.4488525390625,261.2622985839844,674.1160278320312,269.19378662109375,0.73511803150177
103,368.3572692871094,136.91912841796875,372.6212158203125,143.11048889160156,0.7317239046096802
103,506.0496520996094,349.8222961425781,512.2987670898438,354.6062316894531,0.7265425324440002
103,500.66748046875,346.6481628417969,507.0785217285156,351.6877746582031,0.7250412106513977
103,255.8435821533203,346.5165100097656,259.8215637207031,351.2814025878906,0.722703754901886
103,283.1343078613281,334.1158752441406,286.898681640625,342.17181396484375,0.7094705700874329
103,66.85059356689453,333.1599426269531,70.81604766845703,337.4287414550781,0.6814839839935303
104,505.2904052734375,178.52200317382812,511.79803466796875,184.8940887451172,0.8210916519165039
104,167.23971557617188,316.4561767578125,172.2312774658203,324.5804138183594,0.809028148651123
104,277.8266296386719,286.2679138183594,282.3954162597656,294.4757385253906,0.8077498078346252
104,656.7025146484375,343.2010803222656,663.4321899414062,349.3726806640625,0.8051831126213074
104,394.6904602050781,347.45111083984375,399.5832214355469,355.7425537109375,0.8038581013679504
104,633.9572143554688,345.7111511230469,640.341552734375,353.2061462402344,0.8000197410583496
104,48.718299865722656,345.0530090332031,56.41715621948242,349.6503601074219,0.7975167632102966
104,430.4090576171875,239.7519989013672,435.6363525390625,246.39920043945312,0.7972791194915771
104,514.0776977539062,296.98406982421875,518.0744018554688,305.74261474609375,0.7856956124305725
104,376.5655212402344,205.09146118164062,382.02874755859375,209.68821716308594,0.7836045622825623
104,556.8450927734375,257.8900146484375,561.3643188476562,266.0235595703125,0.7827293872833252
104,14.172943115234375,127.7901382446289,19.63748550415039,133.59011840820312,0.7758820652961731
104,12.06554889678955,163.20733642578125,16.362411499023438,171.50218200683594,0.7746836543083191
104,159.68881225585938,193.85597229003906,164.1117706298828,202.1709747314453,0.7701377272605896
104,250.50393676757812,198.4485626220703,255.12339782714844,205.4294891357422,0.7662566900253296
104,28.346715927124023,156.46185302734375,32.66460418701172,164.62594604492188,0.764494001865387
104,619.046630859375,345.9546203613281,624.674072265625,351.80609130859375,0.7601262331008911
104,517.614501953125,347.4200744628906,521.9632568359375,352.8835754394531,0.7590417861938477
104,553.2431030273438,28.763011932373047,557.2520751953125,35.063697814941406,0.7586658596992493
104,283.4306640625,334.1249694824219,287.57366943359375,342.3450012207031,0.7580285668373108
104,298.4731750488281,345.50213623046875,303.3281555175781,349.5710754394531,0.7572036981582642
104,284.98565673828125,345.0961608886719,291.3311462402344,349.2358093261719,0.7555553913116455
104,133.5104522705078,346.80126953125,143.5556640625,351.4357604980469,0.7543710470199585
104,424.1954650878906,349.68646240234375,431.9485778808594,353.6548156738281,0.747454822063446
104,670.1577758789062,259.3249816894531,674.1264038085938,267.7007141113281,0.7423635721206665
104,51.65758514404297,330.9407958984375,58.9986457824707,335.2330627441406,0.7406726479530334
104,368.5397033691406,135.77488708496094,372.493896484375,142.7168426513672,0.7401222586631775
104,255.76055908203125,346.6013488769531,259.8489990234375,351.392578125,0.7249354720115662
104,505.9866943359375,349.8463134765625,511.9798583984375,354.8854064941406,0.7228130102157593
104,418.5991516113281,347.09423828125,425.20343017578125,350.9790954589844,0.7193818092346191
104,133.7191162109375,90.08411407470703,137.2379913330078,98.84158325195312,0.7167587876319885
104,500.8205871582031,347.4361877441406,506.73138427734375,352.1133117675781,0.7088103890419006
104,66.05304718017578,332.5155944824219,70.07035827636719,336.8362121582031,0.6941666007041931
105,506.44940185546875,177.03025817871094,512.9467163085938,183.611083984375,0.8319523334503174
105,394.81414794921875,347.3083801269531,399.6632385253906,355.90521240234375,0.8069103956222534
105,50.030277252197266,345.1942138671875,57.605281829833984,350.1438293457031,0.7971687316894531
105,167.9388427734375,314.6317443847656,172.8824920654297,322.7882080078125,0.7965613007545471
105,429.7066345214844,240.9529266357422,435.0898132324219,247.74490356445312,0.7951869368553162
105,376.5901794433594,205.08059692382812,382.0527648925781,209.69815063476562,0.7896143198013306
105,513.978515625,296.7750244140625,518.0242309570312,305.13873291015625,0.7845593094825745
105,557.268310546875,256.6934814453125,561.7764892578125,264.8470458984375,0.7823648452758789
105,264.34210205078125,273.919677734375,268.7892150878906,280.190673828125,0.7793611288070679
105,284.67724609375,345.08111572265625,291.10235595703125,349.31207275390625,0.7737854719161987
105,298.5035400390625,345.4446716308594,303.4150695800781,349.61346435546875,0.7695017457008362
105,249.52040100097656,196.85894775390625,254.10011291503906,203.3983612060547,0.7689588069915771
105,159.3419189453125,192.7320556640625,163.83938598632812,201.24571228027344,0.767694890499115
105,12.808740615844727,161.32542419433594,17.017913818359375,169.5755157470703,0.7640613317489624
105,633.8436279296875,345.7221984863281,640.2963256835938,353.8349914550781,0.7635268568992615
105,517.7754516601562,347.57098388671875,522.008544921875,353.0064392089844,0.7611268162727356
105,133.68333435058594,346.7662658691406,144.1258544921875,351.40118408203125,0.76023930311203
105,13.528252601623535,127.6803207397461,18.730438232421875,133.08306884765625,0.758460521697998
105,424.00506591796875,349.64263916015625,432.0669250488281,353.682861328125,0.7575801610946655
105,29.046499252319336,154.80152893066406,33.071502685546875,162.78131103515625,0.7548202276229858
105,368.32891845703125,134.22962951660156,372.38714599609375,141.75318908691406,0.7548045516014099
105,619.3760986328125,345.5299072265625,624.983154296875,351.8970642089844,0.7515898942947388
105,283.75067138671875,333.7016296386719,287.4256896972656,342.0765686035156,0.7492271065711975
105,501.4176025390625,346.29461669921875,506.6991271972656,351.62420654296875,0.7455071806907654
105,670.3255004882812,257.8456726074219,674.1168823242188,265.99249267578125,0.7411929368972778
105,255.69317626953125,346.6654357910156,259.80694580078125,351.4479675292969,0.7404664754867554
105,642.28515625,348.7044982910156,647.1791381835938,354.486328125,0.7379245162010193
105,554.112060546875,28.287803649902344,557.9273681640625,34.26213455200195,0.7373663783073425
105,53.40530776977539,331.6209716796875,60.6557502746582,335.88250732421875,0.7363982200622559
105,133.41531372070312,87.6611099243164,137.1179656982422,96.20559692382812,0.7340263724327087
105,506.1306457519531,350.0407409667969,512.4378662109375,355.19012451171875,0.6993975043296814
105,418.942626953125,347.0113525390625,426.2532043457031,351.2334899902344,0.6886749863624573
105,65.10717010498047,333.4597473144531,69.40446472167969,337.8311462402344,0.6821230053901672
106,507.4841003417969,175.592041015625,513.69189453125,182.05410766601562,0.8165187239646912
106,428.94488525390625,242.2046356201172,434.3903503417969,249.4820098876953,0.801007866859436
106,394.9339599609375,347.2711486816406,399.6187438964844,355.8975524902344,0.7988780736923218
106,262.4054870605469,274.2066650390625,267.4801025390625,280.68084716796875,0.7948518991470337
106,51.2988395690918,345.4996032714844,58.942989349365234,350.3758850097656,0.7901188135147095
106,168.92384338378906,313.4625549316406,173.56402587890625,321.35479736328125,0.7890767455101013
106,513.8880004882812,296.1956787109375,517.9588012695312,304.7446594238281,0.7874356508255005
106,133.5460205078125,346.8773498535156,144.31761169433594,351.4566955566406,0.7835031747817993
106,376.57476806640625,205.05435180664062,382.04937744140625,209.6771697998047,0.7834952473640442
106,557.5599365234375,255.84512329101562,561.8027954101562,264.23590087890625,0.7830895781517029
106,618.7681884765625,345.4747619628906,624.5353393554688,351.9394226074219,0.7705011367797852
106,284.5393981933594,345.2889404296875,290.74365234375,349.4179382324219,0.7677142024040222
106,159.38246154785156,191.47152709960938,163.8159637451172,200.0117950439453,0.7635461091995239
106,298.56878662109375,345.47430419921875,303.43048095703125,349.5017395019531,0.7601295709609985
106,133.41647338867188,85.06134033203125,137.2028350830078,93.71923828125,0.7546582818031311
106,517.8744506835938,347.6470031738281,522.1181640625,353.0278015136719,0.7523404359817505
106,368.304931640625,133.012451171875,372.457275390625,140.5258026123047,0.7521352171897888
106,640.9998779296875,350.5548095703125,645.9876098632812,356.50457763671875,0.7498863339424133
106,248.53375244140625,194.324462890625,252.95703125,201.19830322265625,0.7491415739059448
106,424.72509765625,349.55084228515625,432.58197021484375,353.7021179199219,0.7482234239578247
106,554.588623046875,27.086069107055664,558.5064697265625,33.672515869140625,0.7475254535675049
106,12.260796546936035,127.31214904785156,17.69111442565918,131.98667907714844,0.7433180809020996
106,13.350841522216797,158.63487243652344,17.425487518310547,167.05902099609375,0.74251788854599
106,283.6672668457031,333.49359130859375,287.2479248046875,341.7035217285156,0.7397540211677551
106,501.26177978515625,346.5091857910156,506.6922912597656,351.7459411621094,0.7366493940353394
106,29.21722984313965,152.79103088378906,32.81063461303711,161.44528198242188,0.7364376187324524
106,670.236572265625,255.97808837890625,674.0590209960938,263.940185546875,0.7349368333816528
106,633.4493408203125,345.75390625,640.4124755859375,352.4642639160156,0.7347057461738586
106,255.68829345703125,346.719970703125,259.7462463378906,351.3866882324219,0.7306013703346252
106,64.30947875976562,332.92657470703125,69.14712524414062,337.61895751953125,0.703769326210022
106,420.2096862792969,346.97027587890625,426.81353759765625,351.4981689453125,0.6751864552497864
106,506.2403869628906,350.0225830078125,512.4382934570312,355.12347412109375,0.669873058795929
106,55.37181091308594,332.83575439453125,61.631473541259766,336.9712219238281,0.6499924063682556
107,253.3715362548828,258.2769775390625,259.5838623046875,265.0618896484375,0.819426953792572
107,508.46063232421875,174.5702362060547,514.7466430664062,181.1295166015625,0.8108319044113159
107,133.60133361816406,346.85107421875,144.21217346191406,351.405029296875,0.7963377833366394
107,427.4064636230469,243.7338104248047,432.9402160644531,251.11859130859375,0.7921215891838074
107,52.36933517456055,345.5333251953125,59.724143981933594,350.4342041015625,0.7917397618293762
107,170.0028839111328,312.0540466308594,174.6614227294922,319.9302673339844,0.7907373309135437
107,633.8289794921875,345.7542724609375,639.862548828125,353.8299865722656,0.7880545854568481
107,395.1611328125,347.18206787109375,399.8411865234375,355.7648620605469,0.7824289202690125
107,618.6741333007812,345.63360595703125,624.4161376953125,352.3279724121094,0.7823814749717712
107,557.4039306640625,254.4131317138672,561.4935302734375,262.7543029785156,0.7798389196395874
107,159.46388244628906,190.02584838867188,164.0496063232422,198.86387634277344,0.7794294357299805
107,376.63140869140625,205.0961151123047,382.0886535644531,209.76004028320312,0.7768791317939758
107,513.8935546875,295.4659423828125,517.841552734375,304.14410400390625,0.7719050049781799
107,298.9500732421875,345.368408203125,304.37298583984375,349.35272216796875,0.7651471495628357
107,284.26922607421875,345.35357666015625,290.5334777832031,349.49554443359375,0.7608231902122498
107,133.41795349121094,82.46321868896484,137.00674438476562,91.24227905273438,0.7574791312217712
107,10.995511054992676,127.41709899902344,16.602916717529297,131.8774871826172,0.7497970461845398
107,248.1765899658203,192.15945434570312,252.4120635986328,198.97413635253906,0.7487264275550842
107,641.4414672851562,350.4422912597656,646.18310546875,356.2354736328125,0.7482281923294067
107,517.91015625,347.63360595703125,522.1394653320312,352.9709167480469,0.7425308227539062
107,368.6063232421875,131.45973205566406,372.6558532714844,139.10531616210938,0.7424614429473877
107,13.755765914916992,156.4633331298828,17.838735580444336,165.2451629638672,0.7420957088470459
107,283.4647216796875,332.87744140625,287.0538635253906,341.39666748046875,0.7376449704170227
107,255.6898956298828,346.7169494628906,259.7239685058594,351.3958435058594,0.7300447225570679
107,28.922414779663086,150.76156616210938,32.38180923461914,159.80101013183594,0.7296295762062073
107,61.88193893432617,332.43048095703125,68.73433685302734,337.14984130859375,0.7251940369606018
107,555.0623779296875,26.49974822998047,558.7188110351562,32.561153411865234,0.7174578905105591
107,670.2161254882812,254.9432373046875,674.0746459960938,262.98309326171875,0.7170135378837585
107,425.31463623046875,349.8083190917969,432.8427734375,354.06890869140625,0.7133556008338928
107,421.28363037109375,347.0369567871094,427.64599609375,352.0846252441406,0.6521876454353333
107,505.83489990234375,349.8619689941406,511.6535339355469,354.8411865234375,0.646189272403717
107,501.536376953125,347.25457763671875,507.6724853515625,352.1423034667969,0.5537646412849426
107,500.47265625,346.9933776855469,505.9253234863281,351.8239440917969,0.517690896987915
108,509.373291015625,173.8538360595703,515.6634521484375,179.9434356689453,0.8071168065071106
108,52.28561019897461,345.53253173828125,59.51572799682617,350.6741027832031,0.8029463887214661
108,422.9353332519531,347.6659851074219,431.1451416015625,353.8719482421875,0.7993937134742737
108,133.55311584472656,346.9028625488281,143.59918212890625,351.4092102050781,0.796553373336792
108,395.0730285644531,347.1463623046875,399.890380859375,355.7289123535156,0.7957073450088501
108,170.5054168701172,309.99365234375,175.44915771484375,318.17010498046875,0.7950052618980408
108,426.65228271484375,244.8965606689453,432.0789489746094,252.12232971191406,0.790322482585907
108,159.6301727294922,188.68045043945312,164.37208557128906,197.4979705810547,0.7871357202529907
108,376.6548767089844,205.0702667236328,382.282958984375,209.93951416015625,0.7837470769882202
108,633.9920654296875,345.7406921386719,639.9961547851562,354.0343933105469,0.7833173274993896
108,557.29443359375,253.7205352783203,561.5697631835938,262.1380310058594,0.7805375456809998
108,298.5666809082031,345.2303466796875,304.5176086425781,349.5037841796875,0.7794510126113892
108,618.4736938476562,345.4695739746094,624.0908813476562,352.3936462402344,0.7792172431945801
108,513.7666625976562,294.94830322265625,517.7575073242188,303.7853088378906,0.7755352258682251
108,60.50945281982422,332.3945617675781,68.24292755126953,337.561279296875,0.7682563662528992
108,246.4493865966797,241.72837829589844,251.24229431152344,247.36085510253906,0.7678270936012268
108,517.6970825195312,347.8106384277344,522.1268920898438,352.9508361816406,0.7594203352928162
108,368.58538818359375,130.0932159423828,372.7444152832031,138.0302734375,0.7567824721336365
108,13.8801851272583,153.9679718017578,18.074495315551758,162.56507873535156,0.7517534494400024
108,247.7359161376953,190.0282745361328,251.89430236816406,197.06512451171875,0.7492866516113281
108,283.59735107421875,345.4786376953125,290.1559753417969,349.4855651855469,0.7469974160194397
108,133.0946502685547,80.57836151123047,136.82968139648438,89.05494689941406,0.7468194961547852
108,10.212865829467773,127.4970932006836,15.683453559875488,132.21998596191406,0.746692955493927
108,283.3271179199219,332.89599609375,286.9858703613281,341.1861572265625,0.7403818964958191
108,670.12646484375,253.27597045898438,673.9915771484375,261.6961364746094,0.7266738414764404
108,255.53848266601562,346.7131042480469,259.69403076171875,351.4532775878906,0.7248271107673645
108,555.4303588867188,26.000661849975586,559.001953125,32.23930740356445,0.7144278883934021
108,28.382246017456055,148.64796447753906,31.945907592773438,157.2905731201172,0.7130861878395081
108,506.4259338378906,349.5923156738281,511.9962158203125,354.76318359375,0.7065651416778564
108,501.4414367675781,347.3534851074219,507.14556884765625,352.0965881347656,0.7063786387443542
108,642.041748046875,351.775634765625,647.0850219726562,356.0177307128906,0.6365273594856262
109,422.98382568359375,347.6018371582031,431.0188903808594,353.887939453125,0.8072218298912048
109,510.0557556152344,172.98983764648438,516.2415161132812,178.97357177734375,0.8044964075088501
109,51.68581771850586,345.4505920410156,59.16033935546875,350.4322509765625,0.7981111407279968
109,395.1994934082031,347.1915588378906,399.95050048828125,355.67694091796875,0.7922153472900391
109,425.8192443847656,246.73590087890625,431.1915588378906,253.77099609375,0.7893229722976685
109,376.6294860839844,205.06764221191406,382.28070068359375,209.93896484375,0.784904420375824
109,633.7821655273438,345.7624816894531,639.9495239257812,354.09136962890625,0.7829790115356445
109,159.5099334716797,186.97921752929688,164.09619140625,195.80467224121094,0.781099796295166
109,62.1141357421875,332.1711120605469,68.3971176147461,337.5636901855469,0.7804113626480103
109,298.422119140625,345.21624755859375,304.2371520996094,349.45880126953125,0.7782594561576843
109,171.14048767089844,308.1064758300781,175.5400390625,316.21661376953125,0.7771717309951782
109,557.1953125,253.44593811035156,561.4523315429688,262.0131530761719,0.7751591801643372
109,618.364501953125,345.6166687011719,623.8965454101562,352.35833740234375,0.7744954228401184
109,245.3851776123047,241.42784118652344,250.07565307617188,248.6117401123047,0.7687565088272095
109,513.685546875,294.4373779296875,517.6972045898438,303.22509765625,0.768206000328064
109,133.53305053710938,346.8087158203125,143.41319274902344,351.3640441894531,0.7680843472480774
109,368.708740234375,127.89583587646484,372.76824951171875,135.80892944335938,0.7603893280029297
109,247.15899658203125,187.47361755371094,251.27874755859375,194.80836486816406,0.7548060417175293
109,517.5243530273438,347.8541564941406,522.0115356445312,352.9212646484375,0.7508527636528015
109,14.044204711914062,151.75193786621094,18.22090721130371,160.17601013183594,0.7478008270263672
109,283.2225036621094,332.1566467285156,286.953857421875,340.9591369628906,0.7460601925849915
109,9.485572814941406,127.26044464111328,14.605605125427246,132.18907165527344,0.7426254153251648
109,283.1227111816406,345.50048828125,289.7712097167969,349.5018310546875,0.7422488927841187
109,133.29129028320312,77.75508117675781,137.0723114013672,86.51644897460938,0.7407940030097961
109,255.55064392089844,346.6795654296875,259.7159118652344,351.4616394042969,0.7317860126495361
109,670.1527099609375,251.1068878173828,674.1295166015625,259.4523620605469,0.7235305309295654
109,28.01412582397461,146.1887969970703,31.6375675201416,155.1020965576172,0.713076651096344
109,555.606201171875,25.41425132751465,559.279541015625,31.476585388183594,0.711266040802002
109,501.6957702636719,347.5223693847656,506.2372741699219,352.39373779296875,0.6791393160820007
109,507.993408203125,349.22381591796875,512.6181030273438,355.0234069824219,0.6692463159561157
109,642.0697631835938,351.5493469238281,646.962158203125,356.0243225097656,0.6338244676589966
110,510.4960021972656,171.9149932861328,517.2071533203125,178.82769775390625,0.8169847130775452
110,423.1552734375,347.8272705078125,431.0387878417969,353.8856201171875,0.8049038648605347
110,425.2148742675781,247.36976623535156,430.9342346191406,254.017822265625,0.8041258454322815
110,395.38507080078125,347.2001037597656,400.1502685546875,355.63555908203125,0.796761691570282
110,51.55017852783203,345.1191711425781,58.21625900268555,350.22412109375,0.7923659682273865
110,159.27206420898438,185.65347290039062,163.82595825195312,194.42234802246094,0.7848427891731262
110,376.6485595703125,205.04177856445312,382.2816467285156,209.93333435058594,0.7845573425292969
110,172.07142639160156,306.3008117675781,176.2631378173828,314.522216796875,0.7810925841331482
110,633.5100708007812,345.7067565917969,639.934326171875,353.8989562988281,0.7795892357826233
110,513.6912841796875,294.2636413574219,517.7334594726562,303.15496826171875,0.777620255947113
110,297.82275390625,345.0719909667969,303.53900146484375,349.46820068359375,0.7733415365219116
110,368.76953125,126.0501708984375,372.8947448730469,133.91383361816406,0.7724251747131348
110,618.4168701171875,345.6120910644531,623.9646606445312,352.3614501953125,0.7704387307167053
110,557.304931640625,252.6812286376953,561.48681640625,261.3193664550781,0.7702391147613525
110,63.20053482055664,331.7126770019531,68.81280517578125,337.4880065917969,0.7629706859588623
110,132.8710479736328,75.66699981689453,136.646484375,84.12448120117188,0.7556066513061523
110,246.4931182861328,184.83404541015625,250.7242889404297,192.0714111328125,0.754013180732727
110,245.51873779296875,240.62496948242188,250.02239990234375,247.13792419433594,0.7526127099990845
110,517.4386596679688,347.8934326171875,522.0513305664062,352.8968200683594,0.7516425251960754
110,283.09478759765625,331.4642333984375,286.824462890625,340.754150390625,0.7492167949676514
110,133.56324768066406,346.7341003417969,143.16697692871094,351.32330322265625,0.7470604181289673
110,282.39410400390625,345.4046630859375,288.70458984375,349.4084777832031,0.7468025088310242
110,14.395503044128418,149.8115997314453,18.464855194091797,158.28370666503906,0.7394214868545532
110,8.091182708740234,127.23350524902344,13.424759864807129,132.19296264648438,0.7382227778434753
110,27.519683837890625,143.49510192871094,31.101112365722656,152.27777099609375,0.7248902320861816
110,255.62879943847656,346.7577209472656,260.00653076171875,351.4607238769531,0.7247260212898254
110,669.983154296875,248.79641723632812,673.829833984375,256.9492492675781,0.7217588424682617
110,556.0801391601562,24.82219696044922,559.7406616210938,31.406824111938477,0.7171667814254761
110,501.8342590332031,347.4330139160156,506.1826171875,352.4133605957031,0.6979372501373291
110,642.1361694335938,351.4748229980469,647.0502319335938,356.0834045410156,0.6420488953590393
110,508.5064697265625,349.1988525390625,513.0546264648438,355.05133056640625,0.6140344738960266
111,289.88079833984375,311.2884216308594,294.2387390136719,320.3116455078125,0.8390321135520935
111,424.08380126953125,248.78436279296875,429.8815002441406,255.84304809570312,0.8168298602104187
111,510.8158264160156,171.7080078125,517.5013427734375,178.3611297607422,0.8123490810394287
111,423.28057861328125,347.9173583984375,431.13262939453125,353.9787902832031,0.8024320602416992
111,395.52069091796875,347.2171325683594,400.32080078125,355.4937438964844,0.7944409251213074
111,513.4551391601562,294.0555419921875,517.7230224609375,303.0579833984375,0.793609082698822
111,133.43081665039062,346.74468994140625,142.67347717285156,351.3116455078125,0.7919144630432129
111,282.6308898925781,345.3629455566406,288.57806396484375,349.5187683105469,0.786175549030304
111,159.25836181640625,184.3834686279297,163.8304443359375,193.175048828125,0.7854853868484497
111,376.61871337890625,205.0315399169922,382.2303771972656,209.94515991210938,0.7853720784187317
111,51.74079132080078,345.0447692871094,58.16915512084961,349.9046630859375,0.7800179719924927
111,172.13267517089844,304.55902099609375,176.5406951904297,313.02081298828125,0.7773661613464355
111,557.2394409179688,252.20188903808594,561.5187377929688,260.79241943359375,0.7761672735214233
111,132.95315551757812,73.00997161865234,136.80975341796875,81.46574401855469,0.7691968083381653
111,633.0152587890625,345.5926208496094,639.6461791992188,353.8037414550781,0.7688255310058594
111,618.5243530273438,345.11444091796875,624.1249389648438,351.8712158203125,0.7652096152305603
111,368.6971740722656,124.28129577636719,372.80029296875,132.17466735839844,0.7650735378265381
111,255.95616149902344,346.8138122558594,260.6468811035156,351.3890075683594,0.7578680515289307
111,245.68553161621094,240.25115966796875,250.03875732421875,246.7310333251953,0.7541093230247498
111,246.91738891601562,182.19891357421875,251.07020568847656,189.41061401367188,0.7529037594795227
111,517.4985961914062,347.9368591308594,522.0732421875,352.97137451171875,0.7489526271820068
111,63.28763198852539,331.68438720703125,68.68017578125,337.157470703125,0.7477121353149414
111,14.963051795959473,146.5310516357422,18.761716842651367,155.31460571289062,0.7451964616775513
111,282.7190246582031,331.0096130371094,286.4322509765625,340.3019714355469,0.7381282448768616
111,27.185028076171875,140.76393127441406,30.823904037475586,149.47560119628906,0.7340189218521118
111,7.665278911590576,126.9686508178711,12.574413299560547,132.22288513183594,0.7265015840530396
111,670.0244140625,246.9652557373047,673.9291381835938,255.1654510498047,0.7248889207839966
111,556.5548095703125,24.18141746520996,560.18603515625,31.11405372619629,0.7173703908920288
111,502.2663879394531,347.4005432128906,506.47564697265625,352.46258544921875,0.7064369320869446
111,508.28057861328125,349.3661193847656,512.9620361328125,355.123779296875,0.6249504685401917
111,642.1096801757812,351.3555603027344,647.0003051757812,356.0216979980469,0.6171112656593323
111,59.32009506225586,337.5920715332031,65.19816589355469,343.4410705566406,0.40369415283203125
112,290.1260986328125,261.63580322265625,295.0352783203125,270.4129638671875,0.8230568170547485
112,423.5373840332031,249.641845703125,429.3116149902344,256.8043212890625,0.822416365146637
112,510.9688720703125,171.70513916015625,517.4912719726562,178.0968780517578,0.8036569952964783
112,423.2874755859375,348.17047119140625,431.1368713378906,354.0041198730469,0.8027439713478088
112,281.11236572265625,345.3094787597656,287.4158630371094,349.45257568359375,0.7981600165367126
112,395.6931457519531,347.20916748046875,400.4045715332031,355.4605407714844,0.7965696454048157
112,513.614990234375,293.99517822265625,517.718994140625,303.00634765625,0.7881362438201904
112,376.635986328125,205.04331970214844,382.1700134277344,209.94842529296875,0.786392092704773
112,133.45289611816406,346.71307373046875,142.57308959960938,351.3219909667969,0.7855841517448425
112,159.1861572265625,182.50860595703125,163.7760009765625,191.14971923828125,0.7783913016319275
112,557.1548461914062,252.02098083496094,561.4782104492188,260.71746826171875,0.7731289863586426
112,617.5957641601562,347.2561950683594,624.29638671875,352.2794494628906,0.7719073295593262
112,172.44374084472656,303.341552734375,176.7105255126953,311.57183837890625,0.7709693908691406
112,633.7763061523438,345.5709533691406,641.473388671875,352.6762390136719,0.7690280675888062
112,51.96624755859375,345.2493896484375,57.742984771728516,349.8446960449219,0.7664984464645386
112,256.07891845703125,346.7271423339844,260.73797607421875,351.2516174316406,0.7619015574455261
112,246.7045135498047,179.7425079345703,250.58412170410156,187.00306701660156,0.7616724371910095
112,282.9049377441406,330.72198486328125,286.7263488769531,339.4711608886719,0.7596604228019714
112,132.84677124023438,70.27538299560547,136.48377990722656,78.57170104980469,0.7582401037216187
112,368.75616455078125,122.59674072265625,372.7186279296875,130.55740356445312,0.7575100064277649
112,245.76260375976562,240.09799194335938,250.0753936767578,246.665283203125,0.752896249294281
112,517.4989013671875,347.9724426269531,522.0537719726562,352.9284362792969,0.7507632970809937
112,63.76169204711914,331.56158447265625,68.74241638183594,336.3937683105469,0.7452763915061951
112,26.538698196411133,138.02243041992188,30.428647994995117,146.43601989746094,0.7428224682807922
112,642.2484130859375,350.2576599121094,646.781982421875,355.98712158203125,0.7342666387557983
112,15.275160789489746,144.25184631347656,19.133724212646484,152.51683044433594,0.7194373607635498
112,670.04345703125,244.5701446533203,673.7653198242188,253.048828125,0.7120568752288818
112,556.6988525390625,23.363384246826172,560.3524169921875,30.006851196289062,0.7092793583869934
112,7.381302356719971,126.45758819580078,11.87044620513916,132.2821502685547,0.7083219289779663
112,502.30987548828125,347.37774658203125,506.4361877441406,352.17352294921875,0.6894782781600952
112,59.692832946777344,337.418212890625,65.0868911743164,344.0295715332031,0.6575169563293457
112,508.5403747558594,349.3511657714844,513.3372802734375,354.9562072753906,0.539202868938446
112,631.684326171875,346.8622741699219,637.4501953125,354.0567321777344,0.5025728344917297
113,422.7184143066406,250.6011505126953,428.3382568359375,257.8121337890625,0.8170949220657349
113,276.6447448730469,251.9969024658203,284.3770446777344,257.4326477050781,0.8114920258522034
113,510.984130859375,171.7064666748047,517.5411376953125,177.9866180419922,0.8044623732566833
113,423.4574890136719,348.31787109375,430.4770202636719,353.8694763183594,0.7997289299964905
113,634.1422119140625,345.5616149902344,641.6878662109375,352.57440185546875,0.7933709621429443
113,280.4302673339844,345.3218078613281,286.8951721191406,349.2669982910156,0.7921262979507446
113,395.9327087402344,347.256103515625,400.4518127441406,355.3050537109375,0.7909924387931824
113,513.7220458984375,294.12408447265625,517.8412475585938,303.0013732910156,0.787283718585968
113,642.0474853515625,349.73004150390625,646.9110717773438,355.6309509277344,0.78727787733078
113,376.6493835449219,205.0894317626953,382.10491943359375,209.97174072265625,0.786378800868988
113,557.2056274414062,251.53646850585938,561.64111328125,260.2828369140625,0.7806038856506348
113,246.52865600585938,177.10336303710938,250.5626220703125,184.54656982421875,0.7736650705337524
113,132.54078674316406,67.92591857910156,136.4423065185547,76.24476623535156,0.771787166595459
113,159.19073486328125,180.8246612548828,163.5852813720703,189.78225708007812,0.7699857354164124
113,172.79660034179688,301.669189453125,176.95339965820312,310.2316589355469,0.7685094475746155
113,368.6922912597656,120.6491928100586,372.7029113769531,128.45095825195312,0.7636021375656128
113,619.3914184570312,349.3692626953125,625.489013671875,353.9032287597656,0.7611955404281616
113,245.59519958496094,239.84962463378906,249.6755828857422,246.35455322265625,0.758120059967041
113,282.68914794921875,330.55999755859375,286.656982421875,339.6816101074219,0.7548805475234985
113,60.597869873046875,338.2591552734375,65.9245376586914,345.0673522949219,0.7548611164093018
113,63.9120979309082,331.7381286621094,68.76830291748047,336.1896057128906,0.7527275681495667
113,25.90300941467285,135.76194763183594,29.993396759033203,144.27456665039062,0.7521662712097168
113,51.9838752746582,345.3246154785156,57.47016906738281,349.8965148925781,0.750548779964447
113,256.3280944824219,346.5347595214844,260.6421203613281,351.3396911621094,0.7482786774635315
113,517.5051879882812,347.9976806640625,521.9118041992188,352.7901306152344,0.7434881329536438
113,670.0057373046875,242.4120330810547,673.8380737304688,250.477783203125,0.7356542348861694
113,133.30735778808594,346.6634826660156,142.32278442382812,351.3800964355469,0.7317876219749451
113,15.43398380279541,141.664306640625,19.06061363220215,150.05526733398438,0.7294279336929321
113,556.6289672851562,22.987333297729492,560.4130249023438,28.74066734313965,0.7129020094871521
113,502.4676513671875,347.5262145996094,506.3531494140625,352.34149169921875,0.6663389205932617
113,7.059423923492432,126.21260070800781,11.182256698608398,132.2658233642578,0.6357448101043701
113,508.9635009765625,349.33197021484375,513.3980712890625,354.89569091796875,0.5460135340690613
114,251.9542236328125,285.78314208984375,258.7052001953125,294.9261169433594,0.8499699831008911
114,421.826904296875,250.890625,428.02825927734375,258.5867004394531,0.8213410377502441
114,633.6353759765625,345.5047912597656,641.598388671875,352.8045959472656,0.7991644144058228
114,520.7257080078125,168.10020446777344,527.3834228515625,173.2681427001953,0.7961876392364502
114,423.30291748046875,348.28277587890625,429.9509582519531,353.7587890625,0.7860497236251831
114,279.5926208496094,345.1778564453125,285.77520751953125,349.0801696777344,0.7831359505653381
114,376.587646484375,205.01593017578125,382.1391906738281,209.97695922851562,0.7810086011886597
114,642.3534545898438,350.5149841308594,648.542724609375,355.80877685546875,0.7797208428382874
114,395.8920593261719,347.23883056640625,400.5145263671875,355.2306823730469,0.7796603441238403
114,513.658203125,294.01019287109375,517.8402709960938,302.3247375488281,0.7716524004936218
114,557.3951416015625,251.09054565429688,561.733642578125,259.6720886230469,0.7681966423988342
114,172.8383331298828,300.306884765625,177.02305603027344,309.0502624511719,0.767742931842804
114,159.14532470703125,179.29043579101562,163.5519561767578,188.21868896484375,0.7661698460578918
114,61.27322769165039,339.3393859863281,66.62578582763672,346.4689025878906,0.7658766508102417
114,368.51153564453125,118.67742156982422,372.5049743652344,126.96196746826172,0.7633569836616516
114,25.156414031982422,132.82830810546875,28.92746353149414,141.85987854003906,0.762245237827301
114,246.27792358398438,174.51837158203125,250.2955780029297,182.0268096923828,0.758834719657898
114,132.68690490722656,65.44983673095703,136.5510711669922,73.64100646972656,0.7520452737808228
114,282.5566101074219,330.0735778808594,286.7759094238281,338.9826965332031,0.7513059973716736
114,256.35211181640625,346.4179992675781,260.6785888671875,351.34002685546875,0.7499032020568848
114,615.644775390625,348.6995849609375,622.2572631835938,352.93182373046875,0.7490354776382446
114,15.962408065795898,138.92193603515625,19.809751510620117,147.43177795410156,0.7437028884887695
114,64.04814147949219,331.69256591796875,68.83870697021484,336.16748046875,0.7420898079872131
114,245.8476104736328,239.83377075195312,250.10736083984375,246.4838104248047,0.7414284944534302
114,51.88633728027344,345.10711669921875,57.65569305419922,349.7196960449219,0.7363262176513672
114,669.9142456054688,240.73019409179688,673.9667358398438,248.5742950439453,0.7337961792945862
114,133.27767944335938,346.6896667480469,142.3977508544922,351.4263916015625,0.722571849822998
114,502.4393615722656,346.4823913574219,506.1214904785156,352.5189514160156,0.7164214849472046
114,517.9656372070312,347.8170166015625,521.7340698242188,352.5154724121094,0.709631621837616
114,556.6156005859375,22.7867488861084,560.345947265625,28.357467651367188,0.699242889881134
114,508.8883056640625,347.96173095703125,513.1826782226562,354.4969482421875,0.5858298540115356
114,6.868799209594727,124.99234771728516,11.188973426818848,131.7257080078125,0.4192432761192322
115,511.0751953125,281.0083923339844,517.3121337890625,287.0946044921875,0.8202490210533142
115,421.140869140625,251.28485107421875,427.4601745605469,258.73785400390625,0.8099046945571899
115,550.7175903320312,147.7467498779297,555.2462158203125,156.2561492919922,0.7947413921356201
115,159.31332397460938,177.74581909179688,163.7104949951172,186.28298950195312,0.783366858959198
115,376.61785888671875,205.0476531982422,382.17987060546875,209.97012329101562,0.7812619209289551
115,423.0104064941406,348.509765625,429.4774475097656,353.4911193847656,0.7811756730079651
115,395.9632873535156,347.2408752441406,400.457275390625,355.2265625,0.7795078158378601
115,279.6749572753906,345.4271545410156,285.6177978515625,349.1152038574219,0.7747300863265991
115,172.9456024169922,299.1405334472656,177.0056610107422,307.86297607421875,0.7643898129463196
115,557.6478271484375,250.44271850585938,561.934814453125,258.43609619140625,0.7629427909851074
115,368.6001892089844,117.54198455810547,372.5995178222656,125.5458984375,0.7613988518714905
115,132.37681579589844,63.072425842285156,136.11831665039062,70.9726791381836,0.7611729502677917
115,633.3875122070312,345.5798645019531,641.4066162109375,353.5079040527344,0.7599105834960938
115,62.1445198059082,341.7935485839844,67.51518249511719,347.9807434082031,0.7594619989395142
115,246.28627014160156,171.25025939941406,250.31320190429688,178.8197479248047,0.7546189427375793
115,256.3760986328125,346.28271484375,260.9750061035156,351.4085388183594,0.7528186440467834
115,25.01125144958496,129.7703094482422,29.057870864868164,138.37185668945312,0.752670407295227
115,282.4833984375,330.3172302246094,286.4334411621094,338.9583435058594,0.7524723410606384
115,245.94349670410156,239.6836700439453,250.16600036621094,246.47256469726562,0.7513726353645325
115,642.3587036132812,350.46026611328125,648.4664916992188,354.66363525390625,0.7449566721916199
115,16.547882080078125,136.131591796875,20.469266891479492,144.6930694580078,0.7430471181869507
115,64.11199951171875,331.4833068847656,68.6654281616211,336.0502014160156,0.7377377152442932
115,266.4903869628906,338.2967529296875,270.89678955078125,346.7724304199219,0.7373951077461243
115,612.8030395507812,349.29730224609375,618.0020751953125,354.2294006347656,0.725533127784729
115,670.3599853515625,246.7928924560547,673.9467163085938,253.9039306640625,0.7251685857772827
115,52.20778274536133,344.8207092285156,57.34575653076172,349.25823974609375,0.7111676335334778
115,556.6644897460938,22.809690475463867,560.324951171875,28.343339920043945,0.705350399017334
115,517.9560546875,347.1898498535156,521.2402954101562,352.5888977050781,0.7049546837806702
115,133.2284698486328,346.63507080078125,142.47073364257812,351.3744812011719,0.7015963196754456
115,502.1323547363281,347.2028503417969,506.0307922363281,352.5581970214844,0.6910355687141418
115,631.2765502929688,345.939697265625,637.5891723632812,354.43316650390625,0.5555997490882874
115,508.9869689941406,348.8186950683594,513.2931518554688,355.7934875488281,0.4716644287109375
116,420.73431396484375,251.44496154785156,427.5037841796875,258.96343994140625,0.8225995898246765
116,279.59808349609375,344.937255859375,285.3533020019531,349.2120056152344,0.7977233529090881
116,499.6518859863281,257.8170471191406,504.251953125,265.1287536621094,0.7974945306777954
116,395.91412353515625,347.2721252441406,400.4939270019531,355.29595947265625,0.7862593531608582
116,376.6004943847656,204.95004272460938,382.1251220703125,210.01771545410156,0.7848192453384399
116,422.7204284667969,348.5782165527344,429.4483337402344,353.47662353515625,0.7832032442092896
116,158.96551513671875,176.5238037109375,163.27659606933594,185.35586547851562,0.7790258526802063
116,557.5787963867188,249.15977478027344,561.8360595703125,257.2928771972656,0.7772777080535889
116,62.97065353393555,330.0215759277344,68.26708221435547,335.6659240722656,0.774043619632721
116,271.84527587890625,336.9851379394531,276.0578918457031,343.1510009765625,0.7735312581062317
116,62.851497650146484,342.7764892578125,68.22430419921875,349.1260986328125,0.7656968832015991
116,132.34925842285156,60.37763977050781,136.19406127929688,68.6327896118164,0.765504777431488
116,246.17745971679688,168.5618133544922,250.19117736816406,176.30783081054688,0.7635103464126587
116,173.65017700195312,297.2030029296875,177.5898895263672,305.79876708984375,0.7626165747642517
116,368.7286682128906,115.72233581542969,372.6993713378906,123.93165588378906,0.7605420351028442
116,133.2560577392578,346.65020751953125,142.52989196777344,351.396240234375,0.7571264505386353
116,633.9849853515625,345.64459228515625,642.0079345703125,353.4557189941406,0.7564928531646729
116,282.73040771484375,330.15008544921875,286.512451171875,338.87518310546875,0.7526363730430603
116,554.769287109375,141.12632751464844,558.9033203125,149.20660400390625,0.7511164546012878
116,24.869766235351562,127.15083312988281,28.780048370361328,135.86790466308594,0.7505315542221069
116,642.1383666992188,350.4743347167969,648.4418334960938,354.7135009765625,0.7484195232391357
116,246.0108642578125,238.94668579101562,250.19619750976562,246.0143280029297,0.7467913627624512
116,612.8746948242188,349.3504943847656,618.1717529296875,354.25634765625,0.7465577721595764
116,256.22607421875,346.25067138671875,260.64202880859375,351.3629455566406,0.7454648613929749
116,669.347412109375,257.1953430175781,675.6396484375,261.5336608886719,0.745352566242218
116,17.056976318359375,133.1215057373047,21.07511329650879,141.84573364257812,0.7431249618530273
116,52.37594223022461,344.6806335449219,57.93592834472656,349.0394592285156,0.7380849123001099
116,631.3209228515625,345.9879455566406,637.729248046875,354.3486633300781,0.7222902178764343
116,556.6710815429688,22.792991638183594,560.3267822265625,28.36491584777832,0.7141204476356506
116,501.88421630859375,347.1483154296875,505.9827575683594,352.6317443847656,0.6990930438041687
116,517.511962890625,347.0096740722656,521.3179931640625,351.57659912109375,0.6865796446800232
116,508.7508850097656,346.621337890625,513.4442749023438,352.4533996582031,0.4044170379638672
117,420.2009582519531,251.71783447265625,427.4046630859375,258.7442321777344,0.8327745795249939
117,395.8333740234375,347.2746276855469,400.69342041015625,355.1844787597656,0.7912659645080566
117,496.6827392578125,249.1486053466797,501.177978515625,256.412841796875,0.7846154570579529
117,277.885498046875,344.94610595703125,284.2445373535156,348.8172607421875,0.7842172980308533
117,376.6523742675781,205.01959228515625,382.14691162109375,209.99874877929688,0.7829983830451965
117,421.07757568359375,348.7253112792969,428.42431640625,354.0997009277344,0.7809791564941406
117,61.979530334472656,328.5489196777344,67.39971923828125,334.43841552734375,0.7795501351356506
117,245.99534606933594,237.12979125976562,250.13973999023438,245.04539489746094,0.7785907983779907
117,612.9888916015625,349.4523620605469,619.406494140625,354.3069152832031,0.7773386240005493
117,673.19091796875,270.4424133300781,677.6622314453125,277.6274719238281,0.776483952999115
117,158.75953674316406,174.88084411621094,163.1551971435547,183.1305694580078,0.7749708294868469
117,557.6119995117188,247.96795654296875,561.70703125,256.5278015136719,0.7740249633789062
117,131.99041748046875,58.40852355957031,135.79490661621094,66.68848419189453,0.7638615369796753
117,245.97537231445312,165.65634155273438,249.92453002929688,173.22946166992188,0.7605540156364441
117,632.2880249023438,345.7274475097656,639.79150390625,354.0948181152344,0.7601922154426575
117,25.150074005126953,124.01620483398438,28.81133270263672,133.09584045410156,0.7593461275100708
117,64.20120239257812,344.21795654296875,68.57598876953125,350.7283935546875,0.7576622366905212
117,368.7685241699219,114.20365142822266,372.7360534667969,122.14624786376953,0.7576375007629395
117,173.8441925048828,295.598388671875,177.75254821777344,304.5029296875,0.7568998336791992
117,642.2628784179688,350.45294189453125,648.490478515625,354.7682800292969,0.7528602480888367
117,271.3395080566406,322.1519470214844,276.1165771484375,327.0964660644531,0.7458564639091492
117,256.3427734375,346.496826171875,260.9071044921875,351.3287048339844,0.7399089932441711
117,554.970458984375,139.9105224609375,558.7703857421875,147.54505920410156,0.7333709597587585
117,53.199459075927734,344.7661437988281,58.33125686645508,348.9617919921875,0.724801778793335
117,133.2375030517578,346.6675720214844,142.5075225830078,351.4339294433594,0.7229397892951965
117,282.8480224609375,330.0576477050781,286.66558837890625,338.9107666015625,0.7120656967163086
117,556.700927734375,22.817424774169922,560.31103515625,28.396331787109375,0.7081093788146973
117,17.698198318481445,130.0736846923828,21.551198959350586,138.9434814453125,0.6969655752182007
117,502.0664978027344,347.125244140625,506.1779479980469,352.490966796875,0.6966865062713623
117,517.0656127929688,346.8404541015625,520.642333984375,351.4202575683594,0.6923990249633789
118,495.42669677734375,259.68243408203125,501.739990234375,266.65972900390625,0.8304606676101685
118,420.1109619140625,251.9514923095703,427.42181396484375,258.3381652832031,0.8250829577445984
118,669.6600952148438,293.5553894042969,675.5725708007812,301.52288818359375,0.824958860874176
118,419.8348693847656,348.9875183105469,428.1070556640625,354.2840576171875,0.79896080493927
118,395.78875732421875,347.2861328125,400.7113037109375,355.1927490234375,0.7911402583122253
118,132.23338317871094,346.9608154296875,139.76292419433594,351.2542419433594,0.7858376502990723
118,376.6130676269531,204.97674560546875,382.150390625,210.04119873046875,0.784659743309021
118,61.504085540771484,327.23565673828125,66.64793395996094,333.66021728515625,0.782974362373352
118,632.2789916992188,345.7460632324219,639.9437866210938,354.1695251464844,0.7829234004020691
118,245.98147583007812,236.02908325195312,250.22909545898438,244.10934448242188,0.779461681842804
118,158.72683715820312,173.1190185546875,163.22000122070312,181.52685546875,0.779274582862854
118,275.4883728027344,344.3623046875,282.752197265625,348.4195861816406,0.7752864360809326
118,557.2660522460938,247.79315185546875,561.4361572265625,255.78555297851562,0.7722471356391907
118,132.0462188720703,55.624698638916016,136.07594299316406,64.40504455566406,0.7623915076255798
118,246.0861358642578,163.1681365966797,250.20379638671875,171.06039428710938,0.7613019347190857
118,24.799373626708984,121.0919189453125,28.39521598815918,130.44786071777344,0.7569115161895752
118,173.845703125,293.9089660644531,177.79373168945312,302.4804382324219,0.7546179890632629
118,368.7578430175781,113.16134643554688,372.81280517578125,120.98271942138672,0.7534985542297363
118,18.354936599731445,127.3837661743164,22.50079917907715,136.13931274414062,0.745992124080658
118,264.90667724609375,319.944091796875,268.9643249511719,326.5899963378906,0.7435562014579773
118,555.5152587890625,139.08187866210938,559.3892211914062,146.64004516601562,0.7424177527427673
118,642.364990234375,350.5142517089844,648.4620361328125,354.8415832519531,0.7404006719589233
118,538.3901977539062,12.091477394104004,542.4415283203125,20.0316162109375,0.734653890132904
118,256.21038818359375,346.6274719238281,260.8478088378906,351.3717956542969,0.7309538722038269
118,614.5042724609375,349.2107849121094,619.9346313476562,353.7960205078125,0.725296139717102
118,282.6520690917969,329.9984130859375,286.6543884277344,338.6512451171875,0.7179586291313171
118,64.15787506103516,343.4853210449219,68.92240142822266,348.5711364746094,0.7158696055412292
118,52.99063491821289,345.0273742675781,58.0994758605957,349.5223083496094,0.703179121017456
118,138.296142578125,345.4754943847656,143.8680419921875,350.1794128417969,0.7018373012542725
118,516.5970458984375,346.6433410644531,520.3243408203125,351.3713073730469,0.6904996037483215
118,501.74224853515625,347.0873718261719,505.8581237792969,352.3376770019531,0.6843007802963257
119,135.1807861328125,312.2518310546875,141.21534729003906,318.3337707519531,0.8193840384483337
119,419.68487548828125,251.9990234375,427.3006591796875,257.5726013183594,0.8151645660400391
119,418.9678955078125,349.3251953125,428.0389099121094,354.7497863769531,0.8031097054481506
119,508.14935302734375,283.1280517578125,513.1608276367188,290.0443420410156,0.8014484643936157
119,395.8445739746094,347.2772216796875,400.7561340332031,355.1649169921875,0.7945750951766968
119,264.43975830078125,319.67742919921875,269.7098693847656,326.121337890625,0.7924867868423462
119,245.80386352539062,234.197021484375,250.2452850341797,242.50271606445312,0.7903501391410828
119,132.93893432617188,347.0050354003906,139.6558074951172,351.2237854003906,0.7880504131317139
119,646.8375244140625,318.3022155761719,651.7515869140625,325.03082275390625,0.7850428223609924
119,60.805572509765625,325.22723388671875,66.11387634277344,331.5220947265625,0.7800334095954895
119,376.6618957519531,205.07574462890625,382.05511474609375,210.00350952148438,0.7778875827789307
119,275.5018615722656,344.380126953125,282.7259521484375,348.495849609375,0.777685284614563
119,173.89659118652344,292.1897277832031,177.6844940185547,300.8280334472656,0.7731162309646606
119,632.5640258789062,345.7047119140625,640.18212890625,353.7873840332031,0.7730064988136292
119,557.653076171875,247.04408264160156,561.8477783203125,255.2878875732422,0.7726078033447266
119,158.3169708251953,171.62535095214844,162.77561950683594,180.35874938964844,0.7690442204475403
119,24.702415466308594,118.49591064453125,28.478500366210938,126.91905975341797,0.7625917792320251
119,246.26341247558594,161.10606384277344,250.3291473388672,168.63568115234375,0.7562828660011292
119,368.5879211425781,111.34831237792969,372.47021484375,119.20915985107422,0.7547840476036072
119,132.0872039794922,53.72713088989258,136.02310180664062,62.11445999145508,0.752784013748169
119,19.01529312133789,125.2735595703125,23.676897048950195,133.69895935058594,0.7442556619644165
119,256.2285461425781,346.61407470703125,261.0672607421875,351.442138671875,0.7416042685508728
119,282.48309326171875,329.69189453125,286.5254211425781,338.7098388671875,0.7349566221237183
119,614.3826904296875,348.9089660644531,619.0777587890625,354.0478820800781,0.7339349985122681
119,555.4349365234375,137.90032958984375,559.3533935546875,145.2689208984375,0.7327121496200562
119,643.1675415039062,350.580078125,648.6530151367188,354.69207763671875,0.7109716534614563
119,53.1461181640625,345.280517578125,58.10464096069336,349.6651916503906,0.7109642028808594
119,64.66805267333984,343.27630615234375,69.63239288330078,347.32611083984375,0.692131519317627
119,516.2620849609375,346.48211669921875,519.786865234375,351.4122619628906,0.6869776248931885
119,501.6382141113281,347.31182861328125,505.7618713378906,352.4638366699219,0.6841237545013428
120,505.2449035644531,295.7606201171875,511.84796142578125,301.851318359375,0.8201949596405029
120,419.46588134765625,251.91241455078125,427.3717956542969,257.1918029785156,0.8086050748825073
120,263.6037902832031,330.7995910644531,270.5068359375,336.8158264160156,0.7866808176040649
120,275.6767272949219,344.3535461425781,282.82586669921875,348.50152587890625,0.7866385579109192
120,246.03321838378906,232.4957275390625,250.36285400390625,241.0777587890625,0.7865625023841858
120,395.9540710449219,347.22222900390625,400.96649169921875,355.2132873535156,0.7856062650680542
120,132.8947296142578,346.98895263671875,139.53146362304688,351.160400390625,0.7778559923171997
120,124.63951873779297,314.4423522949219,129.49375915527344,320.8388366699219,0.7743610739707947
120,376.5915832519531,205.1137237548828,381.97662353515625,209.99588012695312,0.771806538105011
120,60.560359954833984,323.0208435058594,65.36238098144531,330.41925048828125,0.7701647281646729
120,557.4917602539062,246.63433837890625,561.7166748046875,254.56918334960938,0.7666879892349243
120,173.8773956298828,290.139892578125,177.7703399658203,299.2481994628906,0.7659287452697754
120,158.24330139160156,170.0927276611328,162.6856231689453,178.597900390625,0.7608267664909363
120,368.3390197753906,109.95421600341797,372.35235595703125,118.00497436523438,0.7597239017486572
120,246.49874877929688,159.40977478027344,250.5253143310547,167.05079650878906,0.7567117214202881
120,131.8632049560547,51.66609573364258,135.4435272216797,60.106990814208984,0.7533282041549683
120,24.77666473388672,116.30890655517578,28.8115291595459,125.42066955566406,0.7485985159873962
120,282.4733581542969,328.82635498046875,286.40704345703125,337.8572692871094,0.7441020607948303
120,555.4517822265625,137.64027404785156,559.4171752929688,145.27749633789062,0.7284490466117859
120,20.103431701660156,122.354736328125,24.594406127929688,131.1711883544922,0.7261651754379272
120,648.8160400390625,335.5662536621094,652.6683349609375,342.181396484375,0.724777340888977
120,255.87025451660156,346.5008239746094,260.6015319824219,351.1460266113281,0.7149718999862671
120,613.8611450195312,348.2013244628906,617.9613647460938,354.2099304199219,0.7137992978096008
120,65.27604675292969,341.9823913574219,69.8864517211914,346.5485534667969,0.7018054723739624
120,53.51197052001953,345.6162109375,57.894962310791016,350.2196044921875,0.6884654760360718
120,501.2977600097656,347.25933837890625,505.43243408203125,352.8990478515625,0.668687641620636
120,515.941162109375,346.3973388671875,519.6478271484375,351.454833984375,0.6673816442489624
120,631.7525634765625,345.7303771972656,637.2124633789062,353.4854431152344,0.6424024701118469
120,416.7504577636719,350.08624267578125,424.77960205078125,354.80908203125,0.605023205280304
120,423.07733154296875,348.7495422363281,429.9716796875,353.3167724609375,0.5854020714759827
120,636.5607299804688,345.2707824707031,643.1461181640625,352.4555358886719,0.5379813313484192
120,643.9360961914062,350.5484313964844,648.1578979492188,354.8158264160156,0.48134371638298035
121,127.40718841552734,329.3995361328125,134.0601806640625,334.90155029296875,0.8189651966094971
121,21.776731491088867,114.78955078125,27.319257736206055,128.13902282714844,0.8099384903907776
121,494.748779296875,286.519775390625,500.10662841796875,293.5190124511719,0.8032134771347046
121,276.3676452636719,344.37860107421875,282.2328186035156,348.816650390625,0.7968761324882507
121,419.1435546875,252.31939697265625,426.8901062011719,256.72821044921875,0.7893867492675781
121,132.7473602294922,346.9790344238281,139.4445343017578,351.21820068359375,0.7823141813278198
121,245.97068786621094,231.0234375,250.2781524658203,239.4375457763672,0.7806246280670166
121,282.153076171875,328.4007873535156,286.448974609375,337.8098449707031,0.7796068787574768
121,173.7489013671875,289.556396484375,177.6746368408203,298.5565490722656,0.7743807435035706
121,376.63262939453125,205.1033172607422,381.98626708984375,209.95843505859375,0.7742604613304138
121,557.3836669921875,245.29415893554688,561.54541015625,253.20425415039062,0.7714219093322754
121,396.1675720214844,347.0480651855469,400.9465637207031,355.10009765625,0.7702142000198364
121,158.45901489257812,168.23548889160156,162.92193603515625,177.18984985351562,0.7686399817466736
121,59.852325439453125,321.2130432128906,64.23731994628906,329.10467529296875,0.7658015489578247
121,131.82476806640625,49.869361877441406,135.54896545410156,58.33102035522461,0.7598766088485718
121,368.1122131347656,108.37260437011719,372.2369079589844,116.4745864868164,0.7590471506118774
121,659.6575927734375,334.3206481933594,664.3031616210938,340.2492980957031,0.7578497529029846
121,417.1484069824219,349.7557373046875,424.0733337402344,353.5997619628906,0.7489004135131836
121,246.55960083007812,157.82176208496094,250.6888427734375,165.5379180908203,0.7473255395889282
121,425.64739990234375,348.3873291015625,431.1575622558594,352.702880859375,0.7422665357589722
121,256.49078369140625,344.0765686035156,262.4507751464844,351.1712646484375,0.7419447898864746
121,555.410400390625,137.63047790527344,559.44091796875,145.0901641845703,0.7297034859657288
121,632.0228881835938,345.71551513671875,637.797119140625,353.5355224609375,0.6852344274520874
121,66.05877685546875,341.0572814941406,70.39513397216797,345.6536865234375,0.6850078105926514
121,501.3528747558594,347.2019348144531,505.5452880859375,352.69708251953125,0.6768646240234375
121,516.0850830078125,346.5799255371094,519.7573852539062,351.4761657714844,0.6743451952934265
121,53.686302185058594,345.7873840332031,58.060523986816406,350.3575744628906,0.6653248071670532
121,615.1483764648438,347.2916259765625,618.84521484375,352.76165771484375,0.6277714967727661
121,636.4154663085938,345.349365234375,643.22509765625,352.2749938964844,0.5532222390174866
122,393.35723876953125,320.9322509765625,401.5758056640625,327.296142578125,0.8453338742256165
122,22.53377914428711,112.35027313232422,27.577682495117188,125.02377319335938,0.8145720362663269
122,133.01345825195312,347.4098815917969,139.47589111328125,351.3941650390625,0.7910614013671875
122,664.4371948242188,324.39605712890625,669.1349487304688,331.4186706542969,0.783524215221405
122,126.79834747314453,342.9122009277344,131.14459228515625,350.3779296875,0.7815857529640198
122,282.0878601074219,327.045654296875,286.6009521484375,336.3197021484375,0.7758177518844604
122,376.5582580566406,205.09100341796875,381.9468994140625,209.9239501953125,0.7753537893295288
122,557.41357421875,243.8388214111328,561.6077270507812,251.9457550048828,0.7735448479652405
122,275.82958984375,344.510498046875,281.9743347167969,348.7929992675781,0.7691683173179626
122,158.24610900878906,166.7397003173828,162.70037841796875,175.4346160888672,0.7646867632865906
122,419.3622131347656,252.1030731201172,426.8879699707031,256.1815185546875,0.7640289068222046
122,59.58644485473633,318.79437255859375,63.69526672363281,326.5506286621094,0.7636173963546753
122,131.71339416503906,47.71129608154297,135.42474365234375,56.32638168334961,0.7605932950973511
122,492.6770324707031,279.83868408203125,496.46856689453125,287.6866455078125,0.7601093053817749
122,368.1700744628906,107.17424774169922,372.2486572265625,115.58003997802734,0.7587872743606567
122,173.69607543945312,289.5113525390625,177.85679626464844,298.33795166015625,0.758504331111908
122,416.50225830078125,349.58233642578125,423.8298645019531,353.47711181640625,0.7515653371810913
122,427.114990234375,347.7668762207031,433.1456604003906,352.3219299316406,0.7498282194137573
122,246.25144958496094,228.93980407714844,250.46253967285156,237.36032104492188,0.747026264667511
122,246.65145874023438,156.27455139160156,250.56558227539062,164.1245574951172,0.7398537397384644
122,632.349365234375,345.64105224609375,637.9762573242188,353.5754089355469,0.7348055243492126
122,555.4031372070312,137.47592163085938,559.4248046875,145.01243591308594,0.7247617840766907
122,66.58150482177734,339.55584716796875,71.26941680908203,344.4973449707031,0.7245092988014221
122,614.2926025390625,348.28961181640625,619.0897827148438,353.0768127441406,0.7061464786529541
122,396.4528503417969,346.6672058105469,400.64215087890625,351.7489929199219,0.694547712802887
122,515.8267822265625,346.60205078125,519.6802978515625,351.40118408203125,0.683172881603241
122,501.2186279296875,347.07952880859375,505.4403076171875,352.47607421875,0.6784153580665588
122,53.60790252685547,345.8104553222656,57.84939956665039,350.28778076171875,0.672991156578064
122,256.3973083496094,344.1811218261719,263.158935546875,351.2397155761719,0.6575434803962708
123,23.504541397094727,109.7025146484375,28.223209381103516,123.17789459228516,0.8005346655845642
123,133.5052947998047,347.19586181640625,139.6031951904297,351.31610107421875,0.7941578030586243
123,274.3843078613281,344.6409912109375,281.40240478515625,348.7842712402344,0.7875807881355286
123,282.1856689453125,326.6981201171875,286.6553649902344,335.709716796875,0.7836843132972717
123,125.86051940917969,342.9986877441406,130.21807861328125,350.9086608886719,0.777768611907959
123,557.2415161132812,243.27560424804688,561.5269775390625,251.4020538330078,0.7777332663536072
123,376.6151123046875,205.10377502441406,382.0237121582031,209.94985961914062,0.7752412557601929
123,387.6413269042969,301.6136169433594,391.7176818847656,309.0758972167969,0.7710475325584412
123,429.5207824707031,347.8249206542969,435.7569885253906,352.0561828613281,0.7703486084938049
123,368.3250732421875,105.48175811767578,372.5812683105469,113.87533569335938,0.7660221457481384
123,131.857666015625,45.8885498046875,135.60032653808594,54.27480697631836,0.7636622190475464
123,58.94157409667969,316.2885437011719,63.19248580932617,324.26373291015625,0.763573408126831
123,158.24124145507812,165.62103271484375,162.60935974121094,174.5738067626953,0.7630595564842224
123,419.2897644042969,251.85292053222656,426.7527160644531,255.61871337890625,0.7619255781173706
123,174.0330810546875,288.856689453125,178.05677795410156,297.9197082519531,0.7614536285400391
123,665.5877685546875,324.3227844238281,669.8638916015625,331.5683898925781,0.7611746191978455
123,416.7038269042969,349.72613525390625,424.0439453125,353.5288391113281,0.7548542618751526
123,256.2447814941406,344.9761657714844,262.9178161621094,350.8616638183594,0.7528710961341858
123,246.57191467285156,155.13717651367188,250.54164123535156,162.75050354003906,0.7515906095504761
123,246.22494506835938,227.1302490234375,250.4577178955078,235.1844940185547,0.7487766146659851
123,491.9317932128906,279.5766906738281,495.5075378417969,287.7745361328125,0.7484819293022156
123,635.8635864257812,345.54345703125,642.3505859375,351.99884033203125,0.7366251945495605
123,500.934814453125,345.5947265625,504.99737548828125,351.9073791503906,0.7337154746055603
123,555.413818359375,137.35281372070312,559.422119140625,145.0177459716797,0.729416012763977
123,613.572509765625,349.2158203125,619.4357299804688,353.4122009277344,0.7259877324104309
123,631.55712890625,346.3750305175781,637.1782836914062,354.03607177734375,0.7234269976615906
123,67.97430419921875,338.3009033203125,72.4894790649414,343.09295654296875,0.7187374830245972
123,396.28131103515625,346.7239074707031,400.4965515136719,351.48101806640625,0.7090200185775757
123,515.790283203125,346.567138671875,519.7926635742188,351.4690856933594,0.6882486939430237
123,54.03418731689453,345.8558349609375,58.177162170410156,350.52398681640625,0.6627359390258789
123,501.51416015625,350.7976379394531,505.53851318359375,356.9460754394531,0.47875526547431946
124,557.18798828125,242.6870574951172,561.4620361328125,250.6100311279297,0.7796425819396973
124,282.0539245605469,326.6296691894531,286.4458312988281,335.3340148925781,0.7783628106117249
124,378.2669982910156,292.1807556152344,382.91571044921875,298.6556396484375,0.7724205851554871
124,125.35480499267578,342.4559326171875,129.5841827392578,350.6322021484375,0.7722831964492798
124,418.8785095214844,251.4522247314453,426.495849609375,255.37721252441406,0.7720023393630981
124,133.09620666503906,347.1266174316406,139.20350646972656,351.27618408203125,0.7717960476875305
124,273.6763000488281,344.8077087402344,280.8953857421875,348.7657775878906,0.769819974899292
124,376.6929626464844,205.1034393310547,381.9952697753906,209.92164611816406,0.7652421593666077
124,665.4814453125,323.7710266113281,669.5833740234375,332.2325744628906,0.7651441097259521
124,158.73489379882812,164.26170349121094,163.10211181640625,172.80419921875,0.7624027132987976
124,174.07037353515625,287.70294189453125,178.0932159423828,296.6202087402344,0.7591849565505981
124,246.63333129882812,153.42881774902344,250.67027282714844,161.38790893554688,0.7586544752120972
124,246.2344207763672,224.87803649902344,250.15782165527344,232.7738494873047,0.7573152184486389
124,491.3822021484375,279.1380310058594,495.2170104980469,287.06878662109375,0.7570224404335022
124,416.7300720214844,349.67779541015625,423.8912658691406,353.4492492675781,0.7558572292327881
124,256.4556579589844,344.3970031738281,262.7228088378906,350.6971740722656,0.7525827288627625
124,58.35578536987305,313.7004699707031,62.558509826660156,321.9627990722656,0.7519629001617432
124,132.0098114013672,43.02495193481445,135.85699462890625,52.188560485839844,0.7513766884803772
124,368.7171630859375,103.7781753540039,372.71142578125,111.73019409179688,0.745451033115387
124,431.3074645996094,347.85858154296875,437.5430908203125,351.9559020996094,0.7454131245613098
124,635.1820068359375,345.5348815917969,641.9126586914062,351.80255126953125,0.7371662855148315
124,613.5288696289062,349.35009765625,619.143798828125,353.6427917480469,0.7314255833625793
124,555.4882202148438,137.53077697753906,559.3823852539062,144.90737915039062,0.7256523370742798
124,396.2080383300781,346.7900695800781,400.60333251953125,351.8191223144531,0.7154709696769714
124,631.412841796875,346.3343200683594,637.1441040039062,354.01458740234375,0.7154116630554199
124,68.61199951171875,336.9908752441406,72.54442596435547,342.1529541015625,0.7027770280838013
124,515.8590087890625,346.52825927734375,519.6551513671875,351.428466796875,0.6798285841941833
124,55.15653991699219,345.4365539550781,59.09006118774414,350.5909423828125,0.6789780259132385
124,23.535375595092773,106.9375991821289,28.341407775878906,116.99713897705078,0.6621408462524414
124,501.1819152832031,346.8349914550781,505.10723876953125,352.6173400878906,0.6485662460327148
124,24.705917358398438,111.39073181152344,29.895950317382812,121.06364440917969,0.556817352771759
124,508.3382263183594,346.3768310546875,512.7156372070312,351.6763916015625,0.5172432065010071
124,644.90625,350.24420166015625,649.642578125,354.39215087890625,0.48059308528900146
125,133.1536865234375,346.963134765625,139.56228637695312,351.8566589355469,0.7903250455856323
125,159.1042022705078,163.65142822265625,164.19223022460938,171.50938415527344,0.7873836159706116
125,281.7215576171875,326.5221252441406,286.2221374511719,335.0204772949219,0.7870267629623413
125,556.7380981445312,241.57955932617188,561.2782592773438,249.39981079101562,0.7864869236946106
125,174.6172332763672,286.1626281738281,179.06610107421875,294.9270324707031,0.7844892144203186
125,418.4249572753906,251.014404296875,426.33612060546875,254.86167907714844,0.776820182800293
125,376.781494140625,205.1194305419922,382.0911560058594,209.9322509765625,0.7715056538581848
125,665.5844116210938,323.1819763183594,669.6895751953125,331.547607421875,0.7687328457832336
125,400.4565124511719,295.65008544921875,404.77093505859375,302.0887451171875,0.7679854035377502
125,125.25492858886719,342.0425720214844,129.4467010498047,350.08984375,0.7665003538131714
125,491.3120422363281,278.3161315917969,495.22027587890625,286.190185546875,0.7632344365119934
125,246.1186981201172,222.97836303710938,250.22756958007812,230.8693084716797,0.7617663741111755
125,132.2185516357422,41.270450592041016,136.13095092773438,49.86397171020508,0.7595227360725403
125,416.7835388183594,349.68988037109375,424.0562438964844,353.504150390625,0.7553099393844604
125,58.04084014892578,311.8314208984375,62.20151901245117,320.1020812988281,0.7553005218505859
125,246.82254028320312,151.3882293701172,250.77780151367188,159.3416748046875,0.7540857195854187
125,368.7586975097656,102.8189468383789,372.78094482421875,110.67196655273438,0.7471970319747925
125,431.98291015625,348.1148376464844,438.4407958984375,352.1679992675781,0.7456225752830505
125,26.192020416259766,110.16059875488281,31.203733444213867,118.65740966796875,0.738142728805542
125,613.4010620117188,349.3722229003906,618.9319458007812,353.65081787109375,0.7348716259002686
125,23.211593627929688,104.82772064208984,28.06928825378418,113.97473907470703,0.7331507205963135
125,256.7405700683594,343.7698059082031,262.6564025878906,350.4239807128906,0.7307465672492981
125,635.642822265625,345.53436279296875,642.0844116210938,351.591064453125,0.7303900718688965
125,555.4070434570312,136.9127960205078,559.3228759765625,144.60919189453125,0.729293942451477
125,396.42462158203125,346.8990783691406,400.7491149902344,352.41741943359375,0.7250229120254517
125,272.6689453125,345.058349609375,279.6990966796875,349.03125,0.7164947390556335
125,631.539306640625,346.1594543457031,637.0950927734375,353.7478332519531,0.7053340673446655
125,55.33272933959961,345.71978759765625,59.392974853515625,351.18658447265625,0.7030690312385559
125,68.91085052490234,335.83599853515625,72.87078094482422,341.13665771484375,0.692276120185852
125,515.8181762695312,346.51116943359375,519.6592407226562,351.3693542480469,0.674951434135437
125,500.97784423828125,346.84600830078125,505.0386657714844,352.2557678222656,0.6746388673782349
125,645.4552001953125,350.4510192871094,650.1453857421875,354.3628845214844,0.5904326438903809
125,508.0502014160156,346.27313232421875,512.4598388671875,351.752197265625,0.4670170843601227
125,503.0012512207031,350.90338134765625,507.8376770019531,357.045166015625,0.4222947359085083
126,134.0367889404297,345.9977722167969,139.74908447265625,351.8038024902344,0.8101334571838379
126,418.1983337402344,249.91217041015625,425.08856201171875,255.25039672851562,0.8079012036323547
126,159.70095825195312,163.00906372070312,164.92581176757812,170.98658752441406,0.7944427132606506
126,281.7070617675781,326.5211486816406,286.2350158691406,335.0854187011719,0.7928884029388428
126,175.16815185546875,284.8478698730469,179.7875213623047,292.990478515625,0.7906296253204346
126,132.89883422851562,39.56700897216797,137.31817626953125,47.45082473754883,0.7902898788452148
126,397.21575927734375,298.18780517578125,402.01470947265625,305.3290710449219,0.7886238694190979
126,556.4622192382812,240.7156524658203,561.0223388671875,248.0215606689453,0.7851268649101257
126,376.8014831542969,205.1493377685547,382.16748046875,209.97279357910156,0.7770504951477051
126,124.59810638427734,341.0355224609375,128.71160888671875,349.4962463378906,0.7753413319587708
126,665.5762939453125,322.68817138671875,669.6779174804688,331.1712341308594,0.7724663019180298
126,491.25701904296875,277.38568115234375,495.12713623046875,284.9915466308594,0.7717529535293579
126,57.22922897338867,309.6619873046875,61.30976486206055,318.3926696777344,0.7711390852928162
126,246.22482299804688,221.3691864013672,250.267578125,229.16172790527344,0.7648198008537292
126,431.97637939453125,346.8089904785156,437.9046630859375,352.0749816894531,0.7625957131385803
126,27.21315574645996,107.43305969238281,32.824222564697266,115.99301147460938,0.7609905004501343
126,21.983478546142578,102.31157684326172,26.74649429321289,111.38043975830078,0.7562224864959717
126,247.0841522216797,150.8648223876953,251.23861694335938,158.1142578125,0.7516963481903076
126,55.88779067993164,345.8970031738281,60.07230758666992,351.57275390625,0.7426971197128296
126,417.6256408691406,349.6195068359375,424.4341735839844,353.58447265625,0.7414241433143616
126,613.4615478515625,349.1478576660156,618.8626098632812,353.4839782714844,0.7411304712295532
126,635.0175170898438,345.5817565917969,641.8003540039062,351.81109619140625,0.7406018972396851
126,368.76287841796875,100.76201629638672,372.612548828125,108.77735137939453,0.7391455173492432
126,555.847900390625,136.57908630371094,559.6356811523438,143.7572479248047,0.7286562323570251
126,69.3957748413086,334.3450012207031,73.15939331054688,340.0052795410156,0.7275848388671875
126,272.2735595703125,344.8590393066406,279.1497802734375,348.79522705078125,0.7230454087257385
126,256.9969787597656,343.9263610839844,262.70001220703125,350.3819274902344,0.7228730916976929
126,500.5232849121094,344.93316650390625,504.0831298828125,351.33544921875,0.7110539674758911
126,631.5691528320312,346.0277099609375,637.1853637695312,353.7932434082031,0.6885159611701965
126,396.2427978515625,346.6913757324219,400.64056396484375,351.4869079589844,0.6872559189796448
126,515.6932983398438,346.5509948730469,519.6835327148438,351.3537902832031,0.6845261454582214
126,501.6568603515625,350.8302307128906,505.6233215332031,356.4779968261719,0.6516121029853821
126,645.5372924804688,350.3961486816406,650.1502075195312,354.2176513671875,0.6152133941650391
127,418.1343994140625,248.0921173095703,424.8476867675781,254.70306396484375,0.8182263374328613
127,134.63134765625,344.7626647949219,139.9832000732422,351.2366638183594,0.8051669001579285
127,175.45912170410156,283.8846740722656,180.29144287109375,291.930419921875,0.7990206480026245
127,160.4313507080078,162.30287170410156,165.8428497314453,170.1762237548828,0.796147882938385
127,556.3526611328125,239.9923553466797,561.0917358398438,247.11672973632812,0.795788586139679
127,133.888916015625,37.59543228149414,138.44898986816406,45.47415542602539,0.7944768667221069
127,281.6069030761719,326.6024169921875,286.0207214355469,335.17108154296875,0.7898715734481812
127,389.5937805175781,293.3601379394531,395.3218994140625,299.2197265625,0.7880550622940063
127,376.79925537109375,205.08856201171875,382.20892333984375,209.98147583007812,0.7788102030754089
127,124.59325408935547,340.5068359375,128.69125366210938,349.2412109375,0.7779282927513123
127,491.21343994140625,277.27093505859375,495.0079040527344,284.8211669921875,0.7703484296798706
127,666.1203002929688,321.9737854003906,669.9920654296875,330.2284240722656,0.7690528631210327
127,246.16595458984375,219.52932739257812,250.22239685058594,227.5580291748047,0.7679821252822876
127,29.024471282958984,105.77355194091797,34.259849548339844,113.8812255859375,0.7671210169792175
127,56.832672119140625,307.9379577636719,60.960845947265625,316.49810791015625,0.7656192183494568
127,431.7279357910156,345.87396240234375,436.8651123046875,352.2098693847656,0.7639765739440918
127,19.864294052124023,100.64595031738281,24.786235809326172,109.13797760009766,0.7614055871963501
127,368.66424560546875,99.06591033935547,372.5458984375,107.16008758544922,0.7547749876976013
127,56.154937744140625,346.2560729980469,60.633853912353516,351.7908020019531,0.7483092546463013
127,256.1783752441406,345.0677185058594,262.2738342285156,350.7276611328125,0.747229814529419
127,247.19818115234375,149.68594360351562,251.1977996826172,156.63369750976562,0.7471499443054199
127,613.596435546875,349.17498779296875,618.851318359375,353.5898132324219,0.7458165884017944
127,635.0745849609375,345.6480712890625,641.6024780273438,351.7242126464844,0.7442495226860046
127,271.38421630859375,344.7196960449219,279.0433044433594,348.4315185546875,0.7390291690826416
127,417.80670166015625,349.54974365234375,424.0201416015625,353.6299743652344,0.7317249178886414
127,556.3623657226562,136.55996704101562,560.0385131835938,143.4045867919922,0.7169498205184937
127,69.6167984008789,333.316162109375,73.19441223144531,338.4134216308594,0.6997784376144409
127,631.2191772460938,346.8920593261719,636.2196044921875,354.1159973144531,0.6973008513450623
127,396.1807861328125,346.80072021484375,400.4548034667969,351.3719177246094,0.6873976588249207
127,645.5205688476562,350.5646667480469,650.4720458984375,354.39190673828125,0.6806533932685852
127,515.6719360351562,346.33734130859375,519.6493530273438,351.3168029785156,0.6738628149032593
127,500.35076904296875,346.3719482421875,504.31085205078125,351.66644287109375,0.5191524624824524
127,500.9342041015625,349.45819091796875,504.93426513671875,356.1751403808594,0.4812972843647003
127,508.0485534667969,345.89947509765625,512.3123779296875,351.5362854003906,0.4812794327735901
128,417.8898010253906,246.32716369628906,424.0232238769531,253.08018493652344,0.8058799505233765
128,555.7950439453125,238.85830688476562,560.6630249023438,246.04641723632812,0.799362301826477
128,134.32066345214844,344.22216796875,139.56802368164062,351.5557556152344,0.7960926294326782
128,175.82205200195312,282.9766845703125,180.5824432373047,291.03326416015625,0.7957050204277039
128,135.70504760742188,35.71791458129883,140.06686401367188,43.96630096435547,0.7922199368476868
128,124.75436401367188,340.81658935546875,129.11500549316406,349.138671875,0.7912810444831848
128,160.4809112548828,161.9170684814453,165.73280334472656,169.65109252929688,0.7910066246986389
128,281.47967529296875,326.0310363769531,285.8583984375,334.6981506347656,0.7897207140922546
128,376.7871398925781,205.07858276367188,382.14642333984375,209.98915100097656,0.7760195732116699
128,29.851940155029297,103.61331939697266,35.58114242553711,111.26097869873047,0.7700935006141663
128,56.50784683227539,306.0643005371094,60.592708587646484,314.44207763671875,0.7671042680740356
128,256.408203125,345.5281066894531,262.28076171875,350.29248046875,0.7659814953804016
128,666.3099365234375,321.83612060546875,670.1414184570312,330.0400390625,0.7650342583656311
128,491.20513916015625,276.8775634765625,494.92291259765625,284.2306823730469,0.7618097066879272
128,635.6483154296875,345.7114562988281,641.3279418945312,351.3821105957031,0.7590376138687134
128,386.65087890625,283.82550048828125,391.0191650390625,289.87005615234375,0.7582828998565674
128,613.716796875,349.1801452636719,618.8078002929688,353.5560302734375,0.7572310566902161
128,368.6083068847656,97.5314712524414,372.5214538574219,105.79314422607422,0.7551109790802002
128,246.24244689941406,217.0822296142578,250.2345428466797,225.09523010253906,0.7503559589385986
128,431.5127258300781,346.5548095703125,436.63037109375,352.29559326171875,0.7461097240447998
128,271.1457214355469,344.770263671875,278.6516418457031,348.4817810058594,0.7459256052970886
128,18.827173233032227,98.5244140625,23.509626388549805,107.1650161743164,0.7400397658348083
128,248.056884765625,147.7955780029297,252.04690551757812,154.9694061279297,0.739689826965332
128,631.365234375,346.56719970703125,635.637451171875,354.17242431640625,0.7359517812728882
128,56.83538055419922,346.3570556640625,61.42215347290039,351.37579345703125,0.7337002158164978
128,417.8520202636719,349.4414367675781,423.948974609375,353.4906005859375,0.7321298718452454
128,556.740966796875,135.5597381591797,560.4214477539062,142.296142578125,0.7222681045532227
128,645.539306640625,350.6192321777344,650.7029418945312,354.3047790527344,0.7188076376914978
128,395.8188171386719,346.616943359375,400.30572509765625,352.5444030761719,0.7031895518302917
128,515.8406372070312,346.2672119140625,519.6424560546875,351.1564025878906,0.6774263978004456
128,69.8559799194336,331.74871826171875,73.3284912109375,336.79522705078125,0.66385817527771
128,508.3150329589844,345.9621887207031,512.60400390625,351.6510314941406,0.5910782217979431
128,500.89886474609375,346.7249755859375,505.0523681640625,352.554931640625,0.5889416337013245
128,501.9342346191406,350.84161376953125,507.0602722167969,357.0052490234375,0.4436303973197937
129,416.6632385253906,244.1441192626953,422.7635803222656,251.4573211669922,0.8020516633987427
129,160.88265991210938,161.22308349609375,166.41880798339844,169.21469116210938,0.8007311224937439
129,124.74418640136719,340.623779296875,129.05543518066406,348.96343994140625,0.8001949191093445
129,134.52310180664062,343.7283630371094,139.74264526367188,351.1492614746094,0.8000859022140503
129,176.9613037109375,281.31512451171875,181.70423889160156,289.5390930175781,0.7994409799575806
129,136.71690368652344,34.682804107666016,141.6606903076172,41.9663200378418,0.7968176603317261
129,281.4110412597656,325.70458984375,285.80804443359375,334.1754455566406,0.7943032383918762
129,555.1002197265625,237.4171905517578,559.7766723632812,244.7324981689453,0.7905064821243286
129,376.783447265625,205.05238342285156,382.10552978515625,209.9432830810547,0.7778276205062866
129,32.05771255493164,101.78262329101562,37.48467254638672,108.91346740722656,0.7764737606048584
129,55.700096130371094,303.6293640136719,59.62886428833008,311.7681579589844,0.7757522463798523
129,666.505859375,321.71759033203125,670.2565307617188,329.8588562011719,0.7680335640907288
129,256.7012023925781,345.3374938964844,262.9864807128906,350.28912353515625,0.7674446702003479
129,270.42254638671875,344.60601806640625,276.9192810058594,348.4835205078125,0.7613227963447571
129,635.3028564453125,345.5199890136719,641.5616455078125,350.89105224609375,0.7553912997245789
129,613.9577026367188,349.11187744140625,618.7297973632812,353.5639953613281,0.754334568977356
129,491.163818359375,276.44073486328125,494.7914733886719,283.6580505371094,0.753389835357666
129,431.6087341308594,346.6823425292969,436.58154296875,352.4639892578125,0.7511467337608337
129,368.5004577636719,95.76851654052734,372.43927001953125,104.12985229492188,0.7509355545043945
129,247.9774627685547,147.11668395996094,252.04100036621094,154.2112274169922,0.747646152973175
129,246.320556640625,215.4544219970703,250.37034606933594,223.4993896484375,0.7403097748756409
129,58.11952209472656,345.83978271484375,62.72352600097656,351.1047058105469,0.7358064651489258
129,395.546875,346.22259521484375,399.91986083984375,352.10992431640625,0.7296817898750305
129,556.7899780273438,134.22120666503906,560.5828247070312,141.19346618652344,0.7272802591323853
129,418.2061462402344,349.42828369140625,424.0605163574219,353.5389404296875,0.7248052358627319
129,500.13714599609375,344.9599304199219,503.6163024902344,351.3533630371094,0.7216832637786865
129,645.7139282226562,350.5480651855469,650.884521484375,354.31829833984375,0.7203222513198853
129,394.7087707519531,285.118408203125,399.6104431152344,288.9881896972656,0.7194509506225586
129,631.413818359375,346.5588073730469,635.3718872070312,354.2761535644531,0.7103548049926758
129,70.02146911621094,330.6954345703125,73.61639404296875,335.9069519042969,0.7052823901176453
129,515.6629638671875,346.2844543457031,519.7327880859375,351.1339111328125,0.6795823574066162
129,501.51776123046875,351.53955078125,505.63372802734375,356.8736572265625,0.6781609654426575
129,17.2911434173584,96.5076675415039,21.562658309936523,104.61227416992188,0.6739495992660522
129,6.675633430480957,97.6679916381836,11.127509117126465,105.00852966308594,0.4874984920024872
130,416.0052490234375,242.2437744140625,421.9302062988281,249.65232849121094,0.8023112416267395
130,281.0714111328125,324.931396484375,285.6151123046875,333.4806823730469,0.7969073057174683
130,177.67465209960938,279.4496154785156,182.43251037597656,287.46820068359375,0.7964979410171509
130,138.03919982910156,32.44150924682617,143.1516571044922,39.725242614746094,0.7960270047187805
130,124.79493713378906,340.3731994628906,129.0459442138672,348.86956787109375,0.7957301735877991
130,161.5410919189453,160.51339721679688,166.87042236328125,168.47032165527344,0.7954274415969849
130,134.7942352294922,343.0104064941406,139.7168426513672,350.8134765625,0.7936083674430847
130,554.8068237304688,235.9475555419922,559.3843383789062,243.8611297607422,0.7828320860862732
130,33.2144775390625,99.63264465332031,39.19782638549805,107.13745880126953,0.7804141044616699
130,246.1014404296875,213.42669677734375,250.21636962890625,221.42430114746094,0.7789587378501892
130,376.838134765625,205.0725860595703,382.1485900878906,209.97486877441406,0.772557258605957
130,256.70428466796875,345.2383728027344,263.2421875,350.1498718261719,0.7717742919921875
130,55.067779541015625,301.5628662109375,58.924278259277344,309.54046630859375,0.7648157477378845
130,666.532470703125,321.5923156738281,670.2860107421875,329.7464904785156,0.7648086547851562
130,395.9631652832031,289.4919738769531,402.2608642578125,294.07501220703125,0.7622314095497131
130,270.272216796875,344.6557312011719,277.1161804199219,348.52276611328125,0.7618948221206665
130,635.046875,345.2769470214844,641.788818359375,350.796630859375,0.7582708597183228
130,491.16619873046875,276.0346984863281,494.9561767578125,283.41253662109375,0.7579758167266846
130,368.4935302734375,93.79399871826172,372.37896728515625,102.12615966796875,0.7495756149291992
130,248.42703247070312,145.0638427734375,252.205810546875,152.2838897705078,0.749487578868866
130,431.5097961425781,346.97308349609375,436.3912658691406,352.7148132324219,0.742439866065979
130,613.9705810546875,349.17584228515625,618.6012573242188,353.5712890625,0.7389588952064514
130,58.5550537109375,345.8472595214844,63.42448806762695,350.8798522949219,0.7347621917724609
130,556.6581420898438,133.49151611328125,560.4325561523438,140.25149536132812,0.731256365776062
130,631.791015625,346.4848327636719,635.579833984375,354.19464111328125,0.7277555465698242
130,500.5569152832031,345.077392578125,503.95037841796875,351.69683837890625,0.7276065349578857
130,645.8301391601562,350.4111022949219,651.2215576171875,354.1160888671875,0.727144718170166
130,70.06542205810547,329.0718994140625,73.70594024658203,334.4576416015625,0.7234053611755371
130,514.8095703125,343.7551574707031,518.6195678710938,351.8579406738281,0.7233729958534241
130,418.2398376464844,349.4433288574219,424.0078430175781,353.3942565917969,0.7177577614784241
130,501.35205078125,351.38946533203125,505.5139465332031,356.69696044921875,0.6924064755439758
130,16.58510971069336,94.77294158935547,20.937042236328125,103.0029067993164,0.6857104897499084
130,395.3415222167969,346.7386474609375,399.60150146484375,351.00885009765625,0.6826813817024231
130,6.896635055541992,95.28604888916016,10.83441162109375,103.208251953125,0.6402189135551453
131,517.4501953125,315.63079833984375,523.02099609375,321.38360595703125,0.8253791928291321
131,281.0416564941406,324.1667785644531,285.5954284667969,332.468994140625,0.8121544122695923
131,178.57069396972656,278.35662841796875,183.2762908935547,286.2945556640625,0.8111076354980469
131,553.8414306640625,234.95916748046875,558.8309936523438,242.64564514160156,0.8068916201591492
131,124.77486419677734,340.2550354003906,129.0937042236328,348.7720031738281,0.8025525212287903
131,134.60374450683594,342.5076904296875,139.8752899169922,350.4780578613281,0.8018461465835571
131,415.0667724609375,240.165771484375,420.7117919921875,247.3141326904297,0.7983072400093079
131,35.4384651184082,97.7530746459961,41.35520935058594,105.36894989013672,0.7976544499397278
131,139.67129516601562,31.06163787841797,144.67904663085938,38.156715393066406,0.795458972454071
131,162.22457885742188,159.72288513183594,167.55152893066406,167.47900390625,0.7942380905151367
131,245.96926879882812,211.7286376953125,250.17967224121094,219.56265258789062,0.7850520014762878
131,491.2958068847656,276.3680419921875,495.0227355957031,283.09637451171875,0.7766770720481873
131,666.4739990234375,321.42938232421875,670.2515258789062,329.6510314941406,0.7757225632667542
131,376.7829284667969,205.05377197265625,382.0260925292969,210.0395050048828,0.7739228010177612
131,54.083396911621094,299.0128173828125,57.88184356689453,307.3861389160156,0.7733296155929565
131,635.0673217773438,344.9187927246094,641.863037109375,350.186767578125,0.7622323036193848
131,414.2283020019531,302.424560546875,418.51580810546875,307.9224548339844,0.7593482136726379
131,368.5325622558594,92.05049896240234,372.59027099609375,100.19268035888672,0.7542385458946228
131,248.6179656982422,143.8599853515625,252.4934539794922,151.0794677734375,0.7485619187355042
131,256.4100341796875,345.7580871582031,262.3100891113281,350.24151611328125,0.7465406060218811
131,631.4056396484375,346.41448974609375,635.6723022460938,353.9318542480469,0.7452689409255981
131,69.94927978515625,327.18829345703125,73.74577331542969,333.1886901855469,0.7449380159378052
131,556.4920043945312,132.40562438964844,560.3480834960938,139.09603881835938,0.7447522878646851
131,613.9103393554688,349.21002197265625,618.5767822265625,353.52178955078125,0.7439329624176025
131,270.4112243652344,344.60345458984375,276.3384094238281,348.4459533691406,0.7421305179595947
131,430.47637939453125,347.39227294921875,434.6902770996094,352.7962341308594,0.7413134574890137
131,418.2330017089844,349.4141845703125,423.9140930175781,353.4418640136719,0.7343012690544128
131,645.7852783203125,350.2911071777344,651.555419921875,354.0350341796875,0.7319059371948242
131,59.578243255615234,345.4609375,64.55050659179688,349.8017272949219,0.7300944924354553
131,15.284992218017578,93.13653564453125,19.86625099182129,101.35282897949219,0.7110100984573364
131,394.58135986328125,346.81500244140625,398.86505126953125,351.5993957519531,0.7075604796409607
131,509.32147216796875,345.0935974121094,513.1129150390625,351.2705383300781,0.7073632478713989
131,7.121985912322998,92.93787384033203,11.182998657226562,100.90125274658203,0.6656299233436584
131,501.1351623535156,349.5621032714844,505.2013854980469,355.8188781738281,0.641929030418396
132,416.83538818359375,311.1083984375,423.4958190917969,317.6100769042969,0.8345082402229309
132,140.82302856445312,28.997310638427734,146.4332733154297,36.362125396728516,0.8110201954841614
132,124.62688446044922,339.44305419921875,129.09739685058594,347.9872741699219,0.8076834082603455
132,281.0154113769531,324.27667236328125,285.6696472167969,332.5543212890625,0.8041250705718994
132,553.548828125,233.5565948486328,558.5802612304688,241.25030517578125,0.803768515586853
132,179.64137268066406,277.0694885253906,184.4438018798828,284.7832336425781,0.8011780381202698
132,414.1536865234375,238.51104736328125,419.62591552734375,245.55311584472656,0.8010517954826355
132,134.63568115234375,342.253173828125,139.94415283203125,350.2897644042969,0.7993267178535461
132,36.34093475341797,96.23409271240234,41.94499969482422,103.29324340820312,0.7944356203079224
132,162.5229949951172,159.27610778808594,167.81192016601562,166.95068359375,0.7859818935394287
132,376.7762756347656,205.0355224609375,382.0565490722656,210.05886840820312,0.7773088216781616
132,505.1119384765625,306.58782958984375,509.4198913574219,312.861572265625,0.7768938541412354
132,630.0926513671875,346.9754333496094,635.5049438476562,353.5775146484375,0.7729376554489136
132,246.14593505859375,210.23379516601562,250.23342895507812,217.95916748046875,0.7709062695503235
132,53.55139923095703,296.3713073730469,57.71577072143555,304.82598876953125,0.7674788236618042
132,635.6976318359375,345.21856689453125,643.3875122070312,350.3413391113281,0.765505313873291
132,666.7315063476562,320.76568603515625,670.5027465820312,328.94549560546875,0.7623917460441589
132,8.202881813049316,89.65543365478516,11.775420188903809,98.26908874511719,0.7543389201164246
132,69.70032501220703,325.3231506347656,73.85931396484375,331.7137451171875,0.7534281015396118
132,491.0715026855469,276.0567626953125,494.7781677246094,282.9942321777344,0.7506051063537598
132,646.26220703125,350.3627014160156,652.6361083984375,353.94488525390625,0.7475236654281616
132,60.37876510620117,345.4255065917969,65.71345520019531,349.75250244140625,0.744030773639679
132,368.540771484375,90.81136322021484,372.4307556152344,98.9325942993164,0.7434744238853455
132,248.86659240722656,141.87391662597656,252.6478271484375,149.55709838867188,0.7433465719223022
132,256.5722961425781,345.3914794921875,262.6928405761719,350.298583984375,0.7338624000549316
132,614.2888793945312,349.1201171875,618.5845947265625,353.49884033203125,0.7309029698371887
132,394.3661193847656,346.4456481933594,398.8711853027344,350.6649169921875,0.7287696003913879
132,429.9954833984375,347.82666015625,434.244384765625,353.1036376953125,0.7286790013313293
132,556.7150268554688,131.02394104003906,560.5764770507812,137.69613647460938,0.726676881313324
132,418.0218811035156,349.53033447265625,423.25067138671875,353.50067138671875,0.7163133025169373
132,270.065673828125,344.87933349609375,276.489990234375,348.6956787109375,0.7136628031730652
132,509.56280517578125,344.9758605957031,513.3053588867188,351.2514343261719,0.7068193554878235
132,15.131091117858887,91.70797729492188,19.65312957763672,100.33538055419922,0.6827324032783508
132,500.92132568359375,349.4071044921875,505.1508483886719,355.742919921875,0.6188369989395142
133,142.5839080810547,27.319377899169922,148.2764434814453,34.42976760864258,0.8154403567314148
133,124.53373718261719,338.88909912109375,129.11634826660156,347.4265441894531,0.8034619688987732
133,412.9602355957031,235.9422149658203,418.99957275390625,243.37820434570312,0.8009343147277832
133,414.74481201171875,336.6803894042969,421.6995849609375,344.094482421875,0.7971741557121277
133,134.905029296875,341.4161682128906,140.17828369140625,348.7920837402344,0.7969098687171936
133,553.4674682617188,232.12228393554688,558.4790649414062,239.5135498046875,0.796798586845398
133,179.8604736328125,276.1393127441406,184.6343231201172,284.0286865234375,0.7926976084709167
133,281.0597229003906,323.91876220703125,285.6815185546875,332.2747802734375,0.7914007902145386
133,162.6605987548828,158.8192596435547,168.0297088623047,166.5602264404297,0.7894502878189087
133,37.157073974609375,95.14508819580078,42.56594467163086,102.5464096069336,0.7884476780891418
133,376.72332763671875,204.98439025878906,382.1435241699219,210.0685272216797,0.7763350009918213
133,629.7539672851562,346.96697998046875,635.3648071289062,353.4192810058594,0.7722854018211365
133,246.12033081054688,208.91273498535156,250.20831298828125,216.6978302001953,0.7681674957275391
133,53.390987396240234,294.07781982421875,57.34260177612305,302.83428955078125,0.7654896378517151
133,429.8294372558594,348.1706237792969,434.2426452636719,353.32586669921875,0.7615304589271545
133,666.92529296875,320.204833984375,670.6919555664062,328.5334167480469,0.7565285563468933
133,61.276615142822266,345.4002990722656,67.4864730834961,349.8774719238281,0.755379319190979
133,69.4566650390625,323.99151611328125,73.40789794921875,330.6346130371094,0.7528435587882996
133,7.577923774719238,87.20510864257812,11.218928337097168,95.95510864257812,0.7518296241760254
133,636.0902099609375,345.48724365234375,643.6831665039062,350.44073486328125,0.7482286095619202
133,248.9982147216797,139.6984405517578,252.8825225830078,147.8152313232422,0.7456939220428467
133,503.8813781738281,302.7803039550781,508.9229736328125,306.4616394042969,0.7440675497055054
133,646.7182006835938,350.4966735839844,653.2401733398438,353.9174499511719,0.7413790822029114
133,418.0423278808594,349.66497802734375,423.11181640625,353.7521057128906,0.7304103374481201
133,256.4927978515625,345.5773010253906,262.66729736328125,350.42535400390625,0.726722002029419
133,368.5696105957031,88.89738464355469,372.4859313964844,96.6103286743164,0.7252618074417114
133,556.9322509765625,129.76531982421875,560.8526000976562,136.55307006835938,0.7230274081230164
133,491.1600341796875,275.9737854003906,495.03619384765625,282.8822937011719,0.722847044467926
133,270.10150146484375,344.8001708984375,276.3118591308594,348.83905029296875,0.7171742916107178
133,403.36865234375,344.7768859863281,407.97705078125,349.4955749511719,0.7125211954116821
133,500.6653747558594,344.8251647949219,504.2386169433594,351.4947204589844,0.6977746486663818
133,614.552734375,349.05804443359375,618.5050659179688,353.53106689453125,0.6928835511207581
133,15.214142799377441,89.83199310302734,19.306089401245117,98.76165771484375,0.678691029548645
133,508.8981628417969,344.68621826171875,512.87939453125,352.5873107910156,0.6772474646568298
133,501.4318542480469,350.4153747558594,505.67138671875,356.1689147949219,0.6571022272109985
134,508.9825439453125,316.35772705078125,515.3970947265625,322.83056640625,0.8416146636009216
134,143.5835418701172,25.79567527770996,149.2058563232422,33.16691589355469,0.813469409942627
134,411.64764404296875,233.88246154785156,417.620849609375,241.30764770507812,0.8074229955673218
134,552.747314453125,230.92669677734375,557.7839965820312,238.6104736328125,0.8069186806678772
134,281.1498718261719,323.9058837890625,285.774658203125,332.27471923828125,0.7980150580406189
134,124.56582641601562,338.4002685546875,129.10748291015625,347.1097106933594,0.7969729900360107
134,163.1998291015625,157.87269592285156,168.5321807861328,165.66534423828125,0.7915967702865601
134,180.82705688476562,274.8793640136719,185.49070739746094,282.99664306640625,0.7903943657875061
134,135.0263214111328,340.48077392578125,139.56922912597656,348.38916015625,0.7832254767417908
134,376.6759338378906,204.99655151367188,382.0976257324219,210.0870819091797,0.7824121117591858
134,629.554443359375,346.9393615722656,635.0322265625,353.5166931152344,0.7822176218032837
134,68.96854400634766,323.0940246582031,73.56790161132812,329.4013671875,0.781036376953125
134,407.63800048828125,341.87615966796875,412.4579772949219,348.7259216308594,0.7798134684562683
134,37.99882888793945,94.1220474243164,43.45053482055664,101.75318908691406,0.7794126868247986
134,62.22855758666992,345.46649169921875,68.43035125732422,350.0437927246094,0.7760815024375916
134,636.0633544921875,345.5425720214844,644.0487060546875,350.47845458984375,0.7702254056930542
134,491.00933837890625,276.06298828125,494.8166809082031,282.8282775878906,0.7699075937271118
134,429.5350341796875,349.1128234863281,433.86767578125,353.4877624511719,0.7693082690238953
134,52.90724182128906,291.4982604980469,56.922550201416016,300.1816101074219,0.7659031748771667
134,666.9620971679688,319.46820068359375,670.7848510742188,328.00628662109375,0.7580975294113159
134,246.18763732910156,207.52029418945312,250.21836853027344,215.19674682617188,0.7575488686561584
134,7.830123424530029,85.10810852050781,11.63353443145752,93.53458404541016,0.7571578025817871
134,416.27777099609375,348.5030517578125,423.14013671875,353.61602783203125,0.7564765214920044
134,368.46075439453125,86.71407318115234,372.4186096191406,94.69671630859375,0.7529134750366211
134,249.29588317871094,137.2466583251953,253.22787475585938,145.57809448242188,0.7451266646385193
134,556.7800903320312,128.41354370117188,560.8688354492188,135.217529296875,0.7343442440032959
134,500.1558532714844,344.90625,504.0199279785156,351.34185791015625,0.7338308095932007
134,256.59881591796875,346.0448913574219,262.125,350.4955139160156,0.7230864763259888
134,647.2306518554688,350.4834289550781,654.3059692382812,353.998046875,0.7186623811721802
134,14.615116119384766,88.5508041381836,18.837505340576172,97.1748046875,0.6998498439788818
134,269.5232238769531,344.9491271972656,275.74267578125,348.58526611328125,0.6894410252571106
134,614.8439331054688,348.9985656738281,618.75732421875,353.5527038574219,0.6828808784484863
134,501.47021484375,350.54595947265625,505.8647766113281,356.1731262207031,0.6686803102493286
134,508.6397399902344,344.7887268066406,512.2461547851562,353.14501953125,0.5477153062820435
134,261.3880920410156,344.74725341796875,266.6864013671875,349.4103088378906,0.4487016499042511
135,144.2388458251953,24.092721939086914,150.52447509765625,31.571805953979492,0.8271424174308777
135,515.292724609375,336.23114013671875,521.1649169921875,343.08270263671875,0.8132492899894714
135,552.0053100585938,229.67523193359375,557.0304565429688,237.24891662597656,0.8081708550453186
135,410.9462890625,231.88560485839844,416.5653076171875,239.37660217285156,0.8041464686393738
135,163.9001922607422,157.24815368652344,169.1710662841797,165.21034240722656,0.7968921661376953
135,124.85882568359375,338.3412780761719,129.5335235595703,346.39483642578125,0.7962434887886047
135,281.0263366699219,323.96258544921875,285.7351379394531,332.3396911621094,0.791591227054596
135,629.4234008789062,346.1634521484375,635.1237182617188,353.10467529296875,0.7903735041618347
135,403.8407287597656,342.31207275390625,408.7066345214844,349.3298645019531,0.7896785736083984
135,181.46978759765625,274.3250732421875,185.99847412109375,282.2733154296875,0.7853785157203674
135,62.7826042175293,345.6569519042969,69.17557525634766,350.3519592285156,0.7808670401573181
135,38.87659454345703,93.0315170288086,44.313804626464844,100.86239624023438,0.7758976817131042
135,131.97634887695312,341.6820983886719,136.2726593017578,348.40521240234375,0.7749353051185608
135,53.07150650024414,289.6426086425781,56.99808883666992,297.9678039550781,0.7747793197631836
135,376.6813049316406,205.01780700683594,381.9644775390625,210.0760498046875,0.7744684815406799
135,667.2793579101562,318.83013916015625,671.2525024414062,327.03070068359375,0.7740510702133179
135,257.99810791015625,319.1573181152344,261.9136047363281,328.6642761230469,0.7728652358055115
135,8.125577926635742,82.72280883789062,12.32411003112793,90.96976470947266,0.768807590007782
135,68.54785919189453,321.6903381347656,72.76974487304688,328.022705078125,0.7663830518722534
135,262.73809814453125,344.62841796875,268.4957275390625,348.4950256347656,0.7661293148994446
135,637.348388671875,345.1734313964844,644.4342651367188,349.9858093261719,0.7629210352897644
135,368.4397277832031,84.89530181884766,372.3335876464844,93.0972671508789,0.7594634294509888
135,249.7850799560547,134.6582794189453,253.7633514404297,143.0174102783203,0.7577505707740784
135,246.26119995117188,205.82138061523438,250.2202911376953,213.74818420410156,0.7559114694595337
135,490.7686767578125,275.4346618652344,494.54443359375,282.096923828125,0.7527711391448975
135,428.3312072753906,348.7347412109375,433.3351135253906,353.2693786621094,0.7496396899223328
135,556.8619995117188,127.03047943115234,560.9306030273438,134.05609130859375,0.7433618903160095
135,648.1155395507812,350.5415344238281,655.9795532226562,353.9815673828125,0.735515832901001
135,417.8263244628906,348.3681335449219,423.4294738769531,353.75677490234375,0.7342098951339722
135,615.237060546875,349.13775634765625,619.0938110351562,353.7308044433594,0.7271217107772827
135,270.0473937988281,345.3280944824219,275.35443115234375,349.0510559082031,0.722705066204071
135,14.96296501159668,88.32344055175781,19.249723434448242,96.54470825195312,0.7045037150382996
135,500.94818115234375,347.1620178222656,505.1978454589844,352.8103332519531,0.6580846905708313
135,508.51959228515625,345.1795959472656,512.5907592773438,352.6715087890625,0.5212619304656982
136,270.2420959472656,264.69500732421875,276.2449951171875,274.3741455078125,0.8423593044281006
136,145.59371948242188,23.01387596130371,151.3629150390625,30.871238708496094,0.8179590106010437
136,404.1473693847656,342.4842224121094,410.0152587890625,349.2218322753906,0.8132414221763611
136,410.2171936035156,229.96841430664062,415.87457275390625,237.34078979492188,0.806184709072113
136,281.0260314941406,324.0632629394531,285.7043762207031,332.27227783203125,0.8052724599838257
136,181.53128051757812,273.8735656738281,186.51951599121094,281.9667053222656,0.7998735904693604
136,164.14627075195312,156.4713592529297,169.37234497070312,164.5606689453125,0.7991205453872681
136,551.4674072265625,228.400634765625,556.323486328125,236.35806274414062,0.7911912202835083
136,63.50288772583008,345.6410827636719,69.84687042236328,350.4329833984375,0.7897284030914307
136,126.49492645263672,345.5285339355469,132.94747924804688,350.77459716796875,0.789598822593689
136,124.68869018554688,337.923828125,129.31900024414062,347.1421813964844,0.7877110242843628
136,8.770283699035645,80.64836120605469,12.7532958984375,89.08587646484375,0.7834802865982056
136,629.6476440429688,346.2005615234375,635.2664184570312,352.953125,0.780177652835846
136,262.62091064453125,344.576171875,268.4339904785156,348.4324645996094,0.7796284556388855
136,52.35810089111328,287.5924987792969,56.379451751708984,295.9990234375,0.777572512626648
136,39.32109451293945,92.89918518066406,44.91105651855469,100.57705688476562,0.7770592570304871
136,376.6805725097656,205.01968383789062,381.9810791015625,210.0664520263672,0.7744150757789612
136,519.2188720703125,346.34149169921875,525.0855102539062,351.642333984375,0.7723188996315002
136,68.36933898925781,321.1978454589844,72.80105590820312,327.40960693359375,0.7694191336631775
136,667.2890625,318.116943359375,671.198486328125,326.434814453125,0.7675756216049194
136,249.73680114746094,132.43991088867188,253.58648681640625,140.71971130371094,0.7563096284866333
136,428.413330078125,348.9075927734375,433.33380126953125,353.20440673828125,0.7561324834823608
136,368.4369201660156,82.87976837158203,372.4405822753906,91.12785339355469,0.750870943069458
136,246.2174835205078,203.9431915283203,250.23878479003906,211.69534301757812,0.7503916621208191
136,490.5762634277344,275.3929138183594,494.4350891113281,281.86785888671875,0.7498713731765747
136,638.203125,345.2214660644531,644.9021606445312,349.8091125488281,0.7451547384262085
136,556.6709594726562,125.68683624267578,560.78271484375,132.6439666748047,0.7443041205406189
136,417.6672058105469,349.4012451171875,423.60589599609375,353.8089599609375,0.7264014482498169
136,15.090962409973145,88.2496566772461,19.330595016479492,96.33155822753906,0.7157657742500305
136,270.1256408691406,345.49090576171875,275.6022033691406,349.04095458984375,0.7145583629608154
136,649.5823974609375,350.4168395996094,656.8307495117188,353.9946594238281,0.7074010372161865
136,615.2003173828125,348.9241027832031,619.1452026367188,352.9546813964844,0.6673580408096313
136,509.05419921875,345.7306213378906,513.7716064453125,351.56597900390625,0.6375370621681213
136,500.8031005859375,346.9665832519531,505.2627868652344,352.2196960449219,0.6178690791130066
137,126.54798126220703,347.443603515625,132.98561096191406,351.80963134765625,0.8146719932556152
137,124.79652404785156,337.4070739746094,129.44488525390625,346.0239562988281,0.8140082955360413
137,409.2667236328125,228.58351135253906,415.2590637207031,236.0547332763672,0.8078460693359375
137,164.46572875976562,155.69952392578125,170.12229919433594,163.4805450439453,0.807345449924469
137,146.11083984375,22.551982879638672,151.54061889648438,29.84427261352539,0.8053507208824158
137,181.6195068359375,273.59686279296875,186.6544647216797,281.2725830078125,0.7994272708892822
137,551.0800170898438,227.7804718017578,556.2146606445312,235.4924774169922,0.7935880422592163
137,64.11331176757812,345.57574462890625,70.8597183227539,350.0962829589844,0.7924684882164001
137,281.0364990234375,324.2044677734375,285.65643310546875,332.3326721191406,0.7898012399673462
137,9.354072570800781,78.1792984008789,13.745674133300781,86.94046020507812,0.7860682010650635
137,404.10406494140625,342.5179748535156,409.768310546875,349.5555725097656,0.7855035662651062
137,39.35126495361328,92.87051391601562,45.049461364746094,100.57991790771484,0.785439133644104
137,68.25111389160156,320.1666564941406,72.80590057373047,326.5401916503906,0.7836224436759949
137,376.6564636230469,205.03465270996094,381.9763488769531,210.040283203125,0.7800233364105225
137,51.17573165893555,285.5265808105469,55.358306884765625,293.6623229980469,0.7706260681152344
137,518.3082275390625,346.6121520996094,524.8035888671875,351.71405029296875,0.7701793909072876
137,249.9055633544922,130.01187133789062,253.98617553710938,138.2428436279297,0.769023597240448
137,630.5723876953125,347.15911865234375,634.7908935546875,353.5531005859375,0.7684813141822815
137,667.3161010742188,318.3597717285156,671.2747802734375,326.6142578125,0.7681611776351929
137,650.8071899414062,350.168212890625,657.0848388671875,353.9114685058594,0.7636568546295166
137,245.8705291748047,201.91006469726562,249.91050720214844,209.7223358154297,0.7636000514030457
137,14.916305541992188,87.63067626953125,19.28537940979004,95.8010025024414,0.7592054009437561
137,636.297119140625,345.500732421875,644.2667236328125,350.6962585449219,0.7582274675369263
137,280.6446533203125,224.9523468017578,284.5115966796875,232.82728576660156,0.7534342408180237
137,270.00299072265625,345.46405029296875,275.1805419921875,348.9584655761719,0.7534075975418091
137,490.5667419433594,275.2794189453125,494.4289245605469,281.5628356933594,0.7525802850723267
137,368.5155944824219,81.24872589111328,372.50738525390625,89.5091323852539,0.7491610050201416
137,428.45111083984375,349.2065124511719,433.21929931640625,353.4436950683594,0.7483912110328674
137,556.2408447265625,124.74766540527344,560.5402221679688,131.84999084472656,0.7482208013534546
137,263.77569580078125,344.71612548828125,269.2243957519531,348.4930725097656,0.7389539480209351
137,417.7777404785156,349.90386962890625,423.1787414550781,354.02069091796875,0.7237574458122253
137,615.3865356445312,349.1070861816406,619.4271850585938,353.1559753417969,0.6741636991500854
137,419.9717102050781,342.96929931640625,423.83660888671875,347.6380615234375,0.6666496992111206
137,508.9654846191406,345.83673095703125,513.6546020507812,351.3508605957031,0.6283966898918152
137,500.8371276855469,347.0469665527344,505.2274475097656,351.96783447265625,0.5964387655258179
137,501.1277770996094,350.7235107421875,505.61907958984375,356.8739929199219,0.4679963290691376
138,124.75050354003906,336.9097900390625,129.5218963623047,345.75048828125,0.8151301741600037
138,126.76286315917969,347.50787353515625,133.19065856933594,351.73834228515625,0.812454879283905
138,145.96888732910156,22.721792221069336,151.4849853515625,29.89565658569336,0.8066773414611816
138,550.5637817382812,226.83082580566406,555.7341918945312,234.67613220214844,0.8013138771057129
138,408.60504150390625,227.914306640625,414.4715881347656,235.39686584472656,0.801152229309082
138,9.500343322753906,75.92566680908203,13.951430320739746,84.34932708740234,0.797956109046936
138,165.24758911132812,154.9083251953125,170.49742126464844,162.41412353515625,0.7923064827919006
138,280.9860534667969,324.259033203125,285.6895751953125,332.57611083984375,0.792161762714386
138,64.3486557006836,345.6836242675781,71.416015625,350.045166015625,0.7916000485420227
138,180.56350708007812,271.396728515625,185.0291748046875,278.44012451171875,0.7909038662910461
138,14.44747543334961,86.90037536621094,18.900177001953125,96.00827026367188,0.7901976108551025
138,39.344242095947266,92.80195617675781,45.10184860229492,100.5685043334961,0.7883824110031128
138,67.59911346435547,318.0694580078125,72.22891235351562,325.06317138671875,0.7818325757980347
138,667.482421875,317.9636535644531,671.6083374023438,326.31817626953125,0.7788442969322205
138,50.3118782043457,283.2838439941406,54.66757583618164,291.4934997558594,0.7754520773887634
138,376.6921691894531,205.04466247558594,382.0372314453125,210.0682373046875,0.7741838097572327
138,636.4202880859375,345.2976989746094,644.5315551757812,350.27020263671875,0.7692288756370544
138,245.97491455078125,200.32647705078125,250.2895050048828,207.93557739257812,0.7661905288696289
138,555.9584350585938,123.29566192626953,560.29443359375,130.46505737304688,0.7656440734863281
138,651.667724609375,350.2033386230469,658.0076293945312,353.947509765625,0.7627728581428528
138,403.361083984375,341.9064636230469,410.83074951171875,349.1419677734375,0.761428952217102
138,250.62417602539062,127.52922058105469,254.68521118164062,135.68394470214844,0.7599745392799377
138,269.434326171875,205.41162109375,273.9228515625,212.37367248535156,0.7596023678779602
138,629.7384643554688,346.9336242675781,634.32177734375,353.02294921875,0.7533451318740845
138,368.4009704589844,80.1181411743164,372.53564453125,88.35655975341797,0.7528021931648254
138,269.8489685058594,345.4590148925781,274.9148864746094,348.8970642089844,0.7503650784492493
138,490.5893859863281,274.8683166503906,494.52099609375,281.1546630859375,0.7486973404884338
138,428.48919677734375,349.1686706542969,433.1461181640625,353.3420715332031,0.7466194033622742
138,518.1266479492188,346.5373229980469,523.9777221679688,351.7282409667969,0.7408450841903687
138,418.01226806640625,349.7758483886719,423.4911193847656,353.9096374511719,0.7229148149490356
138,615.6253051757812,349.299072265625,619.6903686523438,353.2687072753906,0.6808978915214539
138,508.7766418457031,345.8289794921875,513.6177978515625,351.5130920410156,0.6269980072975159
138,500.7913818359375,346.97979736328125,505.08282470703125,352.4033508300781,0.5710800886154175
138,264.1266784667969,344.9207458496094,269.6963806152344,348.8771667480469,0.5291473269462585
138,500.92059326171875,350.6345520019531,505.5834655761719,356.72369384765625,0.4591374695301056
139,124.68753051757812,336.3665771484375,129.55398559570312,345.0885925292969,0.814647376537323
139,549.8427734375,225.47300720214844,555.208740234375,233.21795654296875,0.8132520914077759
139,126.96307373046875,347.0753479003906,133.47216796875,351.6812438964844,0.8094045519828796
139,145.71279907226562,23.01289939880371,151.2723388671875,30.021713256835938,0.807638943195343
139,408.5426940917969,227.23764038085938,414.25115966796875,234.94325256347656,0.8052833676338196
139,64.37680053710938,345.7147216796875,71.44957733154297,350.0680847167969,0.7912800908088684
139,165.34288024902344,154.46139526367188,170.7238006591797,161.69261169433594,0.791253924369812
139,48.79521179199219,281.04461669921875,53.53009033203125,288.71868896484375,0.7890947461128235
139,281.05438232421875,324.29010009765625,285.7143249511719,332.52972412109375,0.7853937745094299
139,159.32281494140625,255.41806030273438,163.6200408935547,261.9892578125,0.7837444543838501
139,667.5780639648438,316.85870361328125,671.8214721679688,325.5437316894531,0.7822539806365967
139,9.704782485961914,73.86528778076172,14.467196464538574,82.62198638916016,0.7822152972221375
139,67.55745697021484,316.3138732910156,71.98149108886719,323.8366394042969,0.7801083922386169
139,376.7084655761719,205.04617309570312,382.055419921875,210.0557098388672,0.7799635529518127
139,39.354515075683594,92.84904479980469,45.13396072387695,100.57816314697266,0.7792991995811462
139,15.072724342346191,87.18997955322266,19.13689422607422,96.23355865478516,0.77833092212677
139,555.4552001953125,121.86274719238281,560.0512084960938,129.3061065673828,0.7697132229804993
139,245.9227294921875,198.3873748779297,250.1597442626953,206.1751251220703,0.7689663171768188
139,636.7954711914062,345.3202819824219,644.6246948242188,350.26971435546875,0.7634298205375671
139,427.9787902832031,348.7157897949219,432.6479797363281,353.28033447265625,0.761762261390686
139,652.9287719726562,350.60394287109375,659.4436645507812,354.16595458984375,0.7600323557853699
139,250.79864501953125,125.3686294555664,255.0142822265625,133.62437438964844,0.7598764896392822
139,629.6224365234375,346.83514404296875,634.0560302734375,353.0088806152344,0.7546346783638
139,368.3223876953125,78.73812866210938,372.4491271972656,86.98088836669922,0.7515462040901184
139,490.5404052734375,274.7200622558594,494.5412902832031,280.9924621582031,0.7495867013931274
139,263.922119140625,205.84877014160156,268.38592529296875,213.27151489257812,0.749207615852356
139,269.7134094238281,345.3878479003906,274.9244384765625,348.9716796875,0.748255729675293
139,406.00225830078125,341.3702697753906,410.9385070800781,348.6556396484375,0.7437793016433716
139,518.14501953125,346.6312255859375,524.0780639648438,351.66754150390625,0.7377204895019531
139,418.1664733886719,349.733154296875,423.18524169921875,353.83624267578125,0.7291597127914429
139,396.30645751953125,345.63580322265625,401.0284729003906,349.8011169433594,0.7200301289558411
139,615.6797485351562,349.3506774902344,619.8275756835938,353.477294921875,0.6915532946586609
139,264.8486022949219,345.0645751953125,270.927490234375,349.0101013183594,0.6867769360542297
139,509.13787841796875,345.8040771484375,513.7633056640625,351.40179443359375,0.6329039931297302
139,500.7129821777344,347.36419677734375,504.9947814941406,353.4054260253906,0.5495058298110962
140,126.98053741455078,346.7781982421875,133.5800018310547,351.522216796875,0.813040554523468
140,145.34512329101562,23.137821197509766,150.8362274169922,30.233644485473633,0.8125523924827576
140,408.60076904296875,226.76132202148438,414.0959777832031,234.48902893066406,0.8124201893806458
140,549.7130737304688,224.59849548339844,555.0263671875,232.0182342529297,0.8122938275337219
140,124.72307586669922,336.124267578125,129.5459442138672,344.7375183105469,0.8120172023773193
140,259.2925109863281,211.9006805419922,265.94403076171875,218.53761291503906,0.807687520980835
140,165.36512756347656,154.3611602783203,171.2230987548828,160.80340576171875,0.7952846884727478
140,67.28838348388672,314.478271484375,71.95660400390625,322.3375549316406,0.7917950749397278
140,47.881710052490234,278.7680358886719,52.681243896484375,286.90203857421875,0.7917475700378418
140,155.63160705566406,262.50360107421875,160.73220825195312,269.0115966796875,0.7899535298347473
140,64.37520599365234,345.6801452636719,71.44312286376953,350.0256652832031,0.7895915508270264
140,281.0721740722656,324.2056884765625,285.6542053222656,332.2464904785156,0.7889167070388794
140,554.747802734375,120.0823745727539,559.6286010742188,127.22956848144531,0.7787067294120789
140,246.04269409179688,197.34803771972656,250.10748291015625,205.35299682617188,0.7774510383605957
140,376.7059631347656,205.0097198486328,382.130615234375,210.03073120117188,0.7740315794944763
140,667.6673583984375,316.01776123046875,671.8575439453125,324.31402587890625,0.7683301568031311
140,39.49962615966797,92.83948516845703,45.147342681884766,100.40000915527344,0.7656064033508301
140,10.93929386138916,71.61698150634766,15.326780319213867,80.3249282836914,0.7639977335929871
140,654.1256103515625,350.615234375,660.75341796875,354.2289733886719,0.7631865739822388
140,426.6398620605469,348.5570068359375,431.8022155761719,353.0715026855469,0.7606766819953918
140,251.18214416503906,122.55616760253906,255.1822509765625,130.79940795898438,0.7478203177452087
140,490.53961181640625,274.78448486328125,494.5392761230469,281.2488708496094,0.7465694546699524
140,393.6100158691406,344.6571960449219,398.4625244140625,349.1158752441406,0.745811939239502
140,270.13555908203125,345.56103515625,274.9769592285156,349.075439453125,0.7457606196403503
140,629.7767944335938,346.6550598144531,633.9342651367188,353.0638122558594,0.7408306002616882
140,368.3680114746094,76.7325439453125,372.3083190917969,84.81452941894531,0.7397336959838867
140,406.9339904785156,341.5875244140625,411.4975891113281,349.1571350097656,0.7389719486236572
140,637.267822265625,345.2688293457031,644.97119140625,350.0749816894531,0.7369908094406128
140,15.696714401245117,87.52596282958984,19.246604919433594,96.30084991455078,0.7322531342506409
140,518.0293579101562,346.5606994628906,523.9956665039062,351.58526611328125,0.7290181517601013
140,418.14495849609375,349.5318298339844,423.1641540527344,353.73590087890625,0.7265931963920593
140,615.721435546875,349.3542785644531,619.9736328125,353.46209716796875,0.6912102699279785
140,500.4432678222656,345.7314147949219,504.27044677734375,352.2797546386719,0.646173894405365
140,509.0082702636719,345.36822509765625,513.625244140625,352.3215026855469,0.5203342437744141
140,264.6634521484375,344.88153076171875,269.1806640625,348.876708984375,0.437531054019928
140,504.4538269042969,351.0339050292969,509.4830017089844,357.1692810058594,0.4159572422504425
141,271.5783996582031,233.1062774658203,280.2824401855469,240.44969177246094,0.873107373714447
141,144.95327758789062,23.183759689331055,150.6151885986328,30.589805603027344,0.8167309165000916
141,549.1255493164062,224.14144897460938,554.7366943359375,231.7943572998047,0.8162992000579834
141,124.72975158691406,335.48675537109375,129.52291870117188,344.6668395996094,0.8133446574211121
141,127.28356170654297,346.6862487792969,133.80462646484375,351.54083251953125,0.8109205365180969
141,165.32595825195312,154.27346801757812,171.94973754882812,160.6341552734375,0.8090019822120667
141,408.4986877441406,226.39889526367188,414.01849365234375,233.94192504882812,0.8062370419502258
141,157.19195556640625,286.3629150390625,162.22789001464844,293.9178161621094,0.8050931692123413
141,281.0339660644531,324.2255859375,285.67681884765625,332.59832763671875,0.7942665219306946
141,64.46571350097656,345.6492614746094,71.46875,349.9582824707031,0.7880160808563232
141,46.77622985839844,277.38616943359375,51.46720504760742,285.5688781738281,0.7866759300231934
141,67.58084106445312,312.5732116699219,71.92085266113281,320.348876953125,0.7833130955696106
141,39.524234771728516,92.82866668701172,45.516605377197266,99.91159057617188,0.7829110026359558
141,553.9284057617188,118.94110870361328,558.9058837890625,126.26322937011719,0.7808802723884583
141,668.059326171875,314.80145263671875,672.2014770507812,322.990966796875,0.7718397378921509
141,376.7044677734375,204.99368286132812,382.1246032714844,209.99903869628906,0.7695976495742798
141,246.11212158203125,195.89089965820312,250.24569702148438,203.73011779785156,0.7659158110618591
141,11.732728004455566,69.67295837402344,15.961673736572266,78.19144439697266,0.7633069753646851
141,269.8343505859375,345.48876953125,274.86993408203125,349.1393737792969,0.7631548643112183
141,406.6716003417969,341.070068359375,411.716064453125,349.0108947753906,0.7616423964500427
141,655.28271484375,350.7954406738281,661.7102661132812,354.4788513183594,0.7582498788833618
141,251.61642456054688,119.86450958251953,255.2904815673828,128.56222534179688,0.7468298673629761
141,518.34326171875,346.6201477050781,524.1754760742188,351.828125,0.7464436888694763
141,424.2340393066406,348.6695861816406,429.827392578125,353.4228210449219,0.7464280128479004
141,368.4577331542969,74.9145736694336,372.3088073730469,82.97541809082031,0.7462424635887146
141,490.46209716796875,274.683837890625,494.51702880859375,281.14501953125,0.7425205707550049
141,629.6917114257812,346.7682189941406,633.9329833984375,353.3825378417969,0.742077648639679
141,392.3556823730469,346.2112121582031,396.6346740722656,352.4969787597656,0.7402207851409912
141,16.117015838623047,86.7447509765625,19.897377014160156,94.67366790771484,0.7280405163764954
141,615.6868286132812,349.455078125,620.0335693359375,353.4097900390625,0.7005200982093811
141,418.0857238769531,349.5666198730469,423.59130859375,353.85113525390625,0.6700589060783386
141,640.2518310546875,342.9142150878906,647.04443359375,348.7767028808594,0.6604651808738708
141,509.7779846191406,345.6158447265625,514.35009765625,352.0644836425781,0.6463929414749146
141,501.2189636230469,347.18951416015625,505.4976501464844,352.88006591796875,0.5878952741622925
141,264.0619201660156,344.9084167480469,268.93438720703125,349.069580078125,0.4419713318347931
142,548.6798095703125,223.5342254638672,554.3192749023438,231.28089904785156,0.824958860874176
142,305.4879455566406,271.39093017578125,312.1919860839844,279.2586975097656,0.8232998847961426
142,144.8979949951172,23.290651321411133,150.60484313964844,30.522130966186523,0.814385712146759
142,262.4804382324219,344.4732360839844,269.1357421875,348.6931457519531,0.8132365345954895
142,165.3553924560547,154.31646728515625,172.2250213623047,160.6044464111328,0.8093463778495789
142,408.6132507324219,226.2607879638672,414.1861572265625,233.9027099609375,0.8050289154052734
142,124.80432891845703,335.064453125,129.78280639648438,343.0751953125,0.8032813668251038
142,553.5494384765625,117.36507415771484,558.591796875,124.9669189453125,0.792104959487915
142,127.9892807006836,346.8985900878906,133.66671752929688,351.5972595214844,0.7895238995552063
142,64.51166534423828,345.64849853515625,71.40515899658203,349.9942626953125,0.7889936566352844
142,280.9908752441406,324.1856689453125,285.7048034667969,332.4455871582031,0.7854386568069458
142,45.577938079833984,275.7892150878906,50.500762939453125,283.91265869140625,0.7850610613822937
142,67.0710220336914,310.0202331542969,71.6058120727539,318.3265075683594,0.7841120362281799
142,39.27006912231445,93.02455139160156,45.9212760925293,99.38261413574219,0.7808541059494019
142,156.49986267089844,300.9635925292969,162.08311462402344,305.7091979980469,0.7738150954246521
142,668.0579833984375,314.6524963378906,672.3543701171875,322.4847412109375,0.7706896662712097
142,376.7056579589844,205.015625,382.1477966308594,210.03955078125,0.7691965699195862
142,406.10028076171875,340.80975341796875,411.3041076660156,349.0974426269531,0.7578117847442627
142,16.990339279174805,86.25582885742188,21.612464904785156,93.68977355957031,0.756726861000061
142,12.49707317352295,67.7368392944336,16.665348052978516,76.04731750488281,0.7553708553314209
142,518.21484375,346.63482666015625,524.177734375,351.8150634765625,0.7543600797653198
142,659.8438110351562,338.0806579589844,665.123779296875,342.9148254394531,0.7533119916915894
142,251.9196319580078,117.81468963623047,255.8225555419922,126.05010223388672,0.7516123652458191
142,629.8790893554688,347.2012023925781,634.0936279296875,353.5238952636719,0.7486228346824646
142,368.4183654785156,72.3692855834961,372.3780212402344,80.77877807617188,0.7477148771286011
142,655.5324096679688,351.0934143066406,661.9254760742188,354.8890380859375,0.7475109100341797
142,246.15736389160156,194.1177978515625,250.35423278808594,202.23785400390625,0.7454535961151123
142,490.43438720703125,274.31158447265625,494.4514465332031,280.77459716796875,0.7443799376487732
142,392.41094970703125,346.4166564941406,396.9778137207031,352.61102294921875,0.741475522518158
142,268.8099060058594,345.64971923828125,275.13983154296875,349.208740234375,0.7141683101654053
142,509.87109375,345.2542724609375,515.0109252929688,351.644287109375,0.6995403170585632
142,615.9132080078125,349.4165954589844,620.250732421875,353.52630615234375,0.6983181834220886
142,417.9740905761719,349.5006408691406,423.58984375,353.8486328125,0.6968898177146912
142,422.7870178222656,348.3651428222656,429.37322998046875,352.3971862792969,0.6961742043495178
142,501.3988342285156,347.604248046875,505.9583435058594,352.6497802734375,0.5847426056861877
142,501.51434326171875,351.2842102050781,506.1644592285156,356.783203125,0.4854874908924103
143,548.1746826171875,222.94549560546875,553.8209838867188,230.62142944335938,0.8178040385246277
143,144.76470947265625,23.387235641479492,150.66488647460938,30.667123794555664,0.817771852016449
143,165.36944580078125,154.3079071044922,172.26382446289062,160.47579956054688,0.807908296585083
143,408.60479736328125,226.2517852783203,414.1955871582031,233.91421508789062,0.8041136860847473
143,280.0229797363281,324.0044860839844,285.1251525878906,332.7959899902344,0.8019801378250122
143,124.75999450683594,335.05316162109375,129.8036346435547,343.1423034667969,0.8000346422195435
143,39.60789108276367,92.7537841796875,46.493370056152344,98.92447662353516,0.7872331738471985
143,64.72510528564453,345.4459533691406,71.48324584960938,349.816162109375,0.7868212461471558
143,128.2215576171875,347.2295227050781,133.54750061035156,352.0572509765625,0.7848084568977356
143,44.88429641723633,274.05621337890625,49.646263122558594,281.8631896972656,0.7803500294685364
143,552.9580688476562,115.86882781982422,557.8724365234375,123.09027099609375,0.7796637415885925
143,667.9202880859375,314.394287109375,672.2950439453125,322.45849609375,0.7791054844856262
143,668.5690307617188,345.30926513671875,673.802001953125,352.3174133300781,0.7761061191558838
143,406.1608581542969,340.1768493652344,411.4501647949219,348.7480163574219,0.7748664617538452
143,18.074697494506836,85.70905303955078,23.06824493408203,93.23934173583984,0.7732223868370056
143,66.57964324951172,307.94073486328125,70.91268920898438,315.8768310546875,0.7704964280128479
143,376.7034912109375,205.00279235839844,382.1503601074219,210.0484619140625,0.7697029113769531
143,518.051513671875,346.67242431640625,524.158203125,351.775390625,0.7540385723114014
143,150.6414794921875,305.8330383300781,154.88082885742188,312.83038330078125,0.7535514235496521
143,13.389817237854004,65.61676025390625,17.790632247924805,74.08033752441406,0.7533841133117676
143,252.6545867919922,115.42033386230469,256.6070251464844,123.68255615234375,0.7503178715705872
143,246.23948669433594,192.2459259033203,250.4216766357422,200.1385498046875,0.7499434351921082
143,393.1669921875,346.77349853515625,397.5707092285156,352.7318420410156,0.7476051449775696
143,261.15283203125,344.68304443359375,269.3764953613281,349.280517578125,0.7466990947723389
143,368.501220703125,70.2136459350586,372.5475158691406,78.53313446044922,0.7462753057479858
143,490.4837341308594,273.9158630371094,494.5290222167969,280.3048400878906,0.7455981373786926
143,629.7714233398438,346.99151611328125,633.9182739257812,353.5996398925781,0.7411726117134094
143,422.587646484375,348.521484375,429.3487854003906,352.51025390625,0.7331492304801941
143,655.843505859375,351.1741943359375,662.0514526367188,354.6787414550781,0.7198514938354492
143,268.073486328125,345.63311767578125,275.7105407714844,349.4247131347656,0.7110354900360107
143,509.79632568359375,345.2373962402344,514.7889404296875,351.6681823730469,0.7081182599067688
143,615.9785766601562,349.43096923828125,620.3546752929688,353.6037292480469,0.7042311429977417
143,417.7037353515625,349.7073669433594,423.2990417480469,354.02264404296875,0.6866004467010498
143,501.25347900390625,347.8292541503906,505.81787109375,352.6966857910156,0.5734325647354126
143,501.2626953125,351.3506774902344,506.06854248046875,356.7547912597656,0.4826274514198303
144,144.8501739501953,23.457307815551758,150.4991455078125,30.389596939086914,0.8224159479141235
144,548.1033325195312,222.70895385742188,553.830810546875,230.68199157714844,0.8157431483268738
144,165.79214477539062,154.21815490722656,172.49365234375,160.2240753173828,0.8027027249336243
144,408.6546630859375,226.02122497558594,414.1969909667969,233.3732147216797,0.8012824058532715
144,40.41240310668945,92.30239868164062,47.53532028198242,98.57948303222656,0.7905846238136292
144,280.7869873046875,323.86199951171875,285.258544921875,332.2074890136719,0.7902641296386719
144,124.9172592163086,334.9651184082031,129.40756225585938,343.35455322265625,0.7869579195976257
144,552.3272094726562,114.29071807861328,557.2976684570312,121.70083618164062,0.7866815328598022
144,149.6341552734375,306.0557861328125,153.52035522460938,314.13885498046875,0.7810142040252686
144,43.97368621826172,272.4018249511719,48.49489212036133,280.1440734863281,0.7780860066413879
144,668.2623901367188,313.8056640625,672.6434936523438,321.9149475097656,0.7775154709815979
144,14.090015411376953,63.59324645996094,18.59699249267578,71.9049072265625,0.7760184407234192
144,19.61142921447754,84.76356506347656,25.136674880981445,91.5292739868164,0.7688444256782532
144,376.85595703125,205.0213165283203,382.13665771484375,210.0548095703125,0.7649624347686768
144,246.24290466308594,190.5349578857422,250.43519592285156,198.31683349609375,0.7635287046432495
144,405.9053039550781,340.15032958984375,411.3226623535156,348.62261962890625,0.7585145235061646
144,368.7329406738281,69.30545806884766,372.5934143066406,77.52008056640625,0.7474932074546814
144,490.4578857421875,273.7536926269531,494.4610595703125,279.9375915527344,0.7469977736473083
144,252.8926239013672,112.42777252197266,256.79534912109375,120.73265075683594,0.7412765026092529
144,517.82666015625,346.6328430175781,524.0352172851562,351.75933837890625,0.7406653761863708
144,629.1188354492188,346.9380187988281,633.0593872070312,353.69281005859375,0.7391006946563721
144,66.33917999267578,306.5751953125,70.97570037841797,316.5331726074219,0.733709454536438
144,668.077392578125,347.427734375,671.7338256835938,354.3067626953125,0.731600821018219
144,393.57452392578125,347.112548828125,397.90234375,352.3822326660156,0.7282490730285645
144,422.72723388671875,348.3277282714844,429.522216796875,352.3624572753906,0.7271417379379272
144,267.17059326171875,345.5802001953125,273.90985107421875,349.1368408203125,0.7208211421966553
144,655.8756713867188,351.1995544433594,661.9373779296875,354.73583984375,0.706195592880249
144,615.7548828125,349.502685546875,620.1934814453125,353.5247802734375,0.7028177976608276
144,417.76629638671875,349.8139343261719,423.0697326660156,354.0680236816406,0.7013950943946838
144,253.1314697265625,341.55078125,257.6626892089844,345.116455078125,0.6895192265510559
144,261.7712707519531,344.85052490234375,267.62451171875,348.9239196777344,0.6797147989273071
144,129.25942993164062,347.5741882324219,133.12796020507812,351.7684020996094,0.6677531003952026
144,501.22491455078125,344.9298095703125,504.65679931640625,351.8370666503906,0.5957186222076416
144,501.1558532714844,351.0198059082031,505.29364013671875,356.5074157714844,0.5366047024726868
144,67.32474517822266,313.58477783203125,72.6777114868164,321.2100830078125,0.5354625582695007
145,144.886474609375,23.46878433227539,150.6497802734375,30.423622131347656,0.822746217250824
145,548.078125,222.76116943359375,553.811279296875,230.69825744628906,0.8123887181282043
145,42.4088134765625,269.92779541015625,47.69282913208008,277.7603454589844,0.808089017868042
145,166.1117401123047,154.13156127929688,172.6404266357422,160.2447509765625,0.8001922369003296
145,41.34645080566406,91.44048309326172,48.468109130859375,97.92313385009766,0.7967710494995117
145,124.88037109375,334.9144592285156,129.32574462890625,343.22137451171875,0.7847321629524231
145,280.57763671875,323.2284240722656,284.80645751953125,331.5791931152344,0.7821400165557861
145,14.619355201721191,61.8524284362793,19.147220611572266,69.90811157226562,0.7779406309127808
145,668.377197265625,313.27093505859375,672.8037719726562,321.3040771484375,0.7771868705749512
145,551.3424072265625,112.74854278564453,556.2953491210938,120.0509262084961,0.7760746479034424
145,20.359848022460938,84.34797668457031,26.293394088745117,91.00489044189453,0.7752823233604431
145,246.20591735839844,188.78672790527344,250.54507446289062,196.77975463867188,0.773860514163971
145,151.66221618652344,316.6291198730469,155.4320068359375,324.60223388671875,0.7690445780754089
145,376.8119201660156,205.09507751464844,381.9896545410156,210.20144653320312,0.7663106918334961
145,66.18350219726562,303.4689025878906,71.99703979492188,313.1650390625,0.7647969722747803
145,368.6201477050781,67.88038635253906,372.53057861328125,76.01177215576172,0.7520787119865417
145,399.6673583984375,219.05972290039062,403.96820068359375,225.63873291015625,0.7511974573135376
145,405.8389892578125,340.2347717285156,411.2974853515625,348.67291259765625,0.7504733800888062
145,253.264404296875,109.72538757324219,257.1170349121094,118.38599395751953,0.7500846982002258
145,517.8828125,346.6504211425781,523.9554443359375,351.9811096191406,0.7497316598892212
145,490.3800354003906,273.5714416503906,494.4595947265625,279.6864929199219,0.7438011169433594
145,629.133544921875,346.9251403808594,633.0936889648438,353.7454528808594,0.7421479225158691
145,664.9788208007812,347.17230224609375,669.4591674804688,354.28973388671875,0.731337308883667
145,393.6288146972656,347.1021423339844,398.1445007324219,352.3606262207031,0.7252525091171265
145,423.0595397949219,348.4034423828125,429.54302978515625,352.4379577636719,0.7091873288154602
145,615.93408203125,349.53045654296875,620.3030395507812,353.6500549316406,0.699625551700592
145,258.7156982421875,344.6734313964844,263.7976989746094,350.45196533203125,0.689879834651947
145,655.828857421875,351.1670837402344,662.0526123046875,354.8377990722656,0.6882274150848389
145,417.8174743652344,349.86590576171875,423.04241943359375,354.1529235839844,0.6880062818527222
145,129.837646484375,347.8108825683594,134.02578735351562,352.0985412597656,0.6879432797431946
145,510.0157775878906,345.39361572265625,514.427978515625,351.9815368652344,0.686085045337677
145,267.2911071777344,345.6292724609375,274.2818603515625,349.42596435546875,0.5952211022377014
145,501.0813903808594,348.6977233886719,505.3824157714844,353.5748596191406,0.5149596333503723
146,144.77479553222656,23.474149703979492,150.8410186767578,30.29071044921875,0.8255318403244019
146,40.61891174316406,269.2982177734375,46.5466194152832,275.8404235839844,0.818414568901062
146,548.069091796875,222.75314331054688,553.7732543945312,230.65110778808594,0.8158565759658813
146,41.88115310668945,90.5167236328125,49.09136962890625,97.04678344726562,0.8024632334709167
146,166.17984008789062,154.2082977294922,172.8064727783203,160.1202392578125,0.8024450540542603
146,15.678603172302246,59.357322692871094,20.148466110229492,68.39276885986328,0.7944760918617249
146,668.6548461914062,312.8846435546875,672.70751953125,321.27838134765625,0.7842868566513062
146,125.21267700195312,334.71575927734375,129.62562561035156,343.1236572265625,0.7817440629005432
146,280.424072265625,322.6258850097656,284.5612487792969,331.1091003417969,0.7811206579208374
146,656.0221557617188,349.47430419921875,666.1644287109375,355.0300598144531,0.7791485786437988
146,550.8648681640625,111.1922607421875,555.8746337890625,118.81626892089844,0.778685986995697
146,21.265972137451172,84.03141784667969,27.087282180786133,90.6747055053711,0.7773600220680237
146,253.29295349121094,106.71599578857422,257.49700927734375,115.42516326904297,0.771571159362793
146,376.8548583984375,205.04795837402344,381.95751953125,210.21139526367188,0.7703229784965515
146,246.5095977783203,186.38482666015625,250.67813110351562,194.2667694091797,0.7690257430076599
146,60.0860595703125,307.6728515625,65.59593963623047,313.88922119140625,0.7643752098083496
146,65.57953643798828,303.49212646484375,69.83265686035156,311.7301940917969,0.7626403570175171
146,629.1279907226562,346.6651306152344,633.0277099609375,353.7068786621094,0.7615486979484558
146,517.3176879882812,346.4042053222656,523.654541015625,351.3852844238281,0.7552902698516846
146,405.28741455078125,340.3431396484375,410.9337463378906,348.8940734863281,0.7497595548629761
146,392.8009033203125,213.21482849121094,397.0099182128906,220.7184295654297,0.7478484511375427
146,490.339111328125,273.5586853027344,494.4523620605469,279.7336120605469,0.7448732256889343
146,369.01092529296875,65.97998046875,372.9458923339844,74.06578826904297,0.7444619536399841
146,394.04144287109375,347.18157958984375,398.9847106933594,352.0829162597656,0.7242739200592041
146,422.9887390136719,348.2333984375,429.5539245605469,352.49346923828125,0.7240377068519592
146,148.3884735107422,331.3076477050781,152.4390411376953,336.5995178222656,0.7230501174926758
146,130.05577087402344,348.0237121582031,134.68484497070312,352.14776611328125,0.7068586945533752
146,417.8133850097656,349.8158874511719,423.0709533691406,354.1427001953125,0.7036631107330322
146,258.8036193847656,344.4682922363281,264.5798034667969,350.0742492675781,0.6886664032936096
146,268.67388916015625,344.971923828125,274.9397277832031,349.31854248046875,0.6850928068161011
146,615.8756713867188,349.42852783203125,620.2608642578125,353.6268615722656,0.6830657124519348
146,510.0787353515625,344.8395080566406,514.4310913085938,351.4624938964844,0.6815470457077026
146,501.1863708496094,347.9473571777344,505.707763671875,352.7355651855469,0.564598023891449
146,500.90777587890625,351.13494873046875,505.4565124511719,356.91796875,0.461517870426178
147,144.6439666748047,23.440933227539062,150.76602172851562,30.488910675048828,0.8285488486289978
147,548.0798950195312,222.7177276611328,553.771728515625,230.44891357421875,0.8168028593063354
147,39.12807083129883,267.3231201171875,45.31333541870117,274.3796691894531,0.8148136734962463
147,166.21942138671875,154.19754028320312,172.85556030273438,160.10980224609375,0.7995398044586182
147,124.87576293945312,334.55523681640625,129.33419799804688,343.33404541015625,0.790156364440918
147,43.402259826660156,89.79025268554688,49.7313346862793,96.00133514404297,0.7897523641586304
147,22.588485717773438,83.13528442382812,29.301780700683594,89.12104034423828,0.786049485206604
147,550.2388305664062,110.27112579345703,555.3046264648438,117.76969909667969,0.784403920173645
147,280.4478759765625,322.1416015625,284.5832214355469,330.7188720703125,0.7810971140861511
147,246.43360900878906,184.66651916503906,250.81549072265625,192.68763732910156,0.777055025100708
147,376.9197082519531,205.04725646972656,382.0654602050781,210.17041015625,0.7729885578155518
147,16.611526489257812,58.009132385253906,20.85928726196289,66.18206024169922,0.7727588415145874
147,668.8909301757812,312.06451416015625,672.933837890625,320.29156494140625,0.7662864327430725
147,655.5725708007812,351.0534973144531,661.7259521484375,354.61956787109375,0.7633455395698547
147,405.0019226074219,340.4886779785156,410.61962890625,348.9935302734375,0.7592502236366272
147,253.9606475830078,104.17779541015625,258.181884765625,112.5760726928711,0.7572157979011536
147,392.9597473144531,212.59107971191406,397.29071044921875,220.70834350585938,0.753831684589386
147,490.3884582519531,273.5050048828125,494.5071716308594,279.7906188964844,0.7525538802146912
147,394.5010070800781,347.0040588378906,400.6380920410156,351.5143127441406,0.7493569850921631
147,516.892822265625,346.2912902832031,523.2417602539062,351.0854187011719,0.7469927668571472
147,369.0160217285156,65.34266662597656,372.9270324707031,73.2197265625,0.7439805269241333
147,65.55465698242188,300.86151123046875,71.8880386352539,312.0682678222656,0.7417613863945007
147,664.0618286132812,349.70977783203125,668.88671875,354.40960693359375,0.7399073839187622
147,628.9631958007812,346.0005798339844,632.54296875,353.53369140625,0.7377804517745972
147,423.0037841796875,348.1993103027344,429.66766357421875,352.654541015625,0.7372355461120605
147,130.71160888671875,348.0747985839844,135.32765197753906,352.1158752441406,0.7046677470207214
147,417.8069763183594,349.9029235839844,423.2240905761719,354.23114013671875,0.7018827199935913
147,616.0996704101562,349.6200256347656,620.5706176757812,353.7506103515625,0.6975229382514954
147,257.5137023925781,344.1402282714844,263.9316101074219,349.90673828125,0.6836200952529907
147,268.7568359375,345.076904296875,275.2851867675781,349.1206359863281,0.6607160568237305
147,150.78506469726562,337.58392333984375,154.44720458984375,342.4327392578125,0.6444866061210632
147,500.7841796875,344.9267578125,504.57989501953125,351.7368469238281,0.6064597368240356
147,509.8852233886719,343.7352600097656,514.8717651367188,350.91510009765625,0.5351495742797852
147,500.97406005859375,349.67486572265625,505.3832702636719,356.5867004394531,0.43110033869743347
148,144.65829467773438,23.512224197387695,150.64442443847656,30.558320999145508,0.8216532468795776
148,547.9979248046875,222.7135772705078,553.700439453125,230.1927032470703,0.8097923994064331
148,37.616966247558594,266.1344909667969,43.871368408203125,273.1611633300781,0.8088623881340027
148,166.17575073242188,154.2299041748047,172.80198669433594,160.099853515625,0.7992781400680542
148,124.95357513427734,334.6672058105469,129.37252807617188,343.36639404296875,0.7981784343719482
148,549.4903564453125,108.7637710571289,554.8587036132812,116.13123321533203,0.7935898303985596
148,44.22554016113281,88.35819244384766,50.26790237426758,94.96260833740234,0.784130334854126
148,246.45458984375,183.03990173339844,250.9356689453125,191.22499084472656,0.7825379967689514
148,17.502286911010742,55.34066390991211,21.944612503051758,63.89564514160156,0.7766547799110413
148,669.1557006835938,311.4442138671875,673.3631591796875,319.6692199707031,0.7765348553657532
148,280.5547180175781,322.04083251953125,284.5714111328125,330.5704345703125,0.7764101624488831
148,376.874267578125,205.0386962890625,382.0567626953125,210.19644165039062,0.7756950855255127
148,25.012693405151367,83.33381652832031,32.220699310302734,88.11905670166016,0.7718402743339539
148,59.24211120605469,323.3363342285156,62.63835525512695,330.8675537109375,0.7705380916595459
148,64.65979766845703,297.7552490234375,68.82273864746094,306.159423828125,0.768922746181488
148,655.649169921875,350.84210205078125,661.5070190429688,354.6645202636719,0.7640843987464905
148,395.34918212890625,346.98541259765625,401.9597473144531,351.51104736328125,0.7591317892074585
148,254.5621337890625,101.80693054199219,258.7255554199219,110.26570129394531,0.7585145235061646
148,516.8006591796875,346.2587890625,522.63232421875,351.1212158203125,0.7568691372871399
148,628.6324462890625,345.553466796875,632.3673095703125,353.3603515625,0.7536229491233826
148,423.7080078125,348.34814453125,429.9621887207031,353.0279846191406,0.753582239151001
148,392.9984436035156,212.3123779296875,397.3616027832031,220.4232940673828,0.7535602450370789
148,490.3646545410156,273.5430908203125,494.4605712890625,279.9622802734375,0.7533657550811768
148,404.83917236328125,340.2615966796875,410.4537658691406,349.0176696777344,0.753322958946228
148,131.34329223632812,347.95306396484375,136.53366088867188,351.8832092285156,0.751872718334198
148,664.5924072265625,348.775634765625,669.2721557617188,354.15155029296875,0.7515280842781067
148,369.1265869140625,63.65450668334961,372.9820556640625,71.16205596923828,0.7481968998908997
148,160.8978729248047,344.9544677734375,166.0272979736328,348.99920654296875,0.7450887560844421
148,510.0298767089844,343.8921813964844,514.7776489257812,350.96563720703125,0.7439433336257935
148,615.9713134765625,349.3742980957031,620.540283203125,353.76458740234375,0.7194353342056274
148,417.8683776855469,349.8685302734375,423.2029724121094,354.299072265625,0.6991622447967529
148,501.3394470214844,349.6014709472656,505.52777099609375,356.09539794921875,0.6289101839065552
148,257.6531982421875,343.9129638671875,262.71258544921875,350.24212646484375,0.6158900856971741
148,266.7393493652344,345.3313903808594,272.47955322265625,349.7527770996094,0.585174560546875
148,262.6098937988281,344.2027282714844,268.296630859375,349.3883972167969,0.50208580493927
149,144.73411560058594,23.470430374145508,150.82020568847656,30.432022094726562,0.8160788416862488
149,547.9462890625,222.63519287109375,553.6997680664062,229.84927368164062,0.8039246201515198
149,124.90174102783203,334.76727294921875,129.33255004882812,343.3542785644531,0.7995142936706543
149,166.1516876220703,154.22940063476562,172.60731506347656,160.087646484375,0.7978849411010742
149,548.9986572265625,107.7348403930664,554.5279541015625,115.2424545288086,0.7932168841362
149,36.34743881225586,264.35693359375,41.642601013183594,270.8643798828125,0.7862256765365601
149,669.2276000976562,311.2435607910156,673.4366455078125,319.56036376953125,0.7828598022460938
149,27.48797035217285,82.97730255126953,34.80448532104492,87.50928497314453,0.7817075252532959
149,48.71583557128906,345.3760681152344,53.303401947021484,351.0726013183594,0.7799816131591797
149,376.85186767578125,205.049560546875,382.0180969238281,210.21432495117188,0.779349684715271
149,246.8219757080078,181.32774353027344,251.20626831054688,189.1746826171875,0.7732568383216858
149,44.694766998291016,86.11656951904297,49.70759963989258,93.80809783935547,0.7725228667259216
149,64.92572021484375,294.2581481933594,68.88444519042969,303.2868347167969,0.7715826630592346
149,280.5234680175781,321.6920166015625,284.5097961425781,330.25506591796875,0.7709101438522339
149,132.06105041503906,347.9422302246094,138.02867126464844,351.8290710449219,0.7672144770622253
149,663.7246704101562,349.29046630859375,669.5010986328125,354.9223937988281,0.7672054767608643
149,655.622802734375,350.167724609375,660.5287475585938,354.64202880859375,0.7626216411590576
149,628.2930297851562,345.42156982421875,632.2026977539062,353.3634338378906,0.7612618207931519
149,258.6723327636719,344.0181884765625,264.4820251464844,349.355712890625,0.7610743045806885
149,18.43804359436035,53.688350677490234,22.862995147705078,61.9232177734375,0.7595934271812439
149,424.28948974609375,348.7708435058594,429.8022766113281,353.235107421875,0.7589307427406311
149,392.9689636230469,212.203369140625,397.3817443847656,220.41966247558594,0.7576526403427124
149,396.6993103027344,346.74017333984375,403.31512451171875,351.1726379394531,0.7568903565406799
149,490.41302490234375,273.4805908203125,494.49298095703125,280.045166015625,0.7565444111824036
149,162.390625,345.2118835449219,168.22073364257812,349.3975830078125,0.7552610039710999
149,405.1099853515625,340.2144775390625,410.5458984375,348.9703063964844,0.7475968599319458
149,369.32684326171875,62.51591491699219,373.1654052734375,70.0988998413086,0.7473934292793274
149,255.30467224121094,99.24229431152344,259.2364501953125,107.87617492675781,0.7430744767189026
149,264.77752685546875,345.3264465332031,271.0147399902344,349.98760986328125,0.7316142320632935
149,516.7124633789062,346.02227783203125,522.0449829101562,350.8218994140625,0.718925952911377
149,616.06591796875,349.3022155761719,620.5177612304688,353.6291198730469,0.7168518304824829
149,418.1509704589844,349.9132385253906,423.0249938964844,354.24322509765625,0.7094846367835999
149,510.3364562988281,343.61553955078125,514.4588623046875,350.82623291015625,0.6318455934524536
149,501.3616943359375,350.53131103515625,505.5834655761719,356.6378479003906,0.605254054069519
149,499.85894775390625,345.830322265625,504.7715759277344,351.56866455078125,0.49214309453964233
150,547.9279174804688,222.63943481445312,553.7590942382812,229.9212646484375,0.8138182163238525
150,144.7722625732422,23.569679260253906,150.840087890625,30.433040618896484,0.8125135898590088
150,34.96781539916992,262.3996887207031,40.734500885009766,269.80718994140625,0.7999018430709839
150,124.83077239990234,334.7649841308594,129.4168243408203,343.3634338378906,0.7972444891929626
150,548.8767700195312,107.17076110839844,554.2274780273438,114.88599395751953,0.7957428097724915
150,665.982421875,348.630615234375,672.318359375,354.38848876953125,0.790277361869812
150,669.28564453125,310.1139831542969,673.3433837890625,318.6527404785156,0.7867933511734009
150,246.61558532714844,180.1094970703125,251.0308380126953,188.03990173339844,0.7808855175971985
150,376.90087890625,205.08843994140625,382.0045471191406,210.1881103515625,0.7800269722938538
150,64.3967514038086,290.7234191894531,68.35160827636719,299.5920715332031,0.779432475566864
150,280.5367736816406,321.684326171875,284.514892578125,330.3334655761719,0.7750041484832764
150,29.934480667114258,83.03280639648438,37.568058013916016,87.45970153808594,0.7730984091758728
150,628.0167846679688,345.5150146484375,631.921142578125,353.3503112792969,0.7708191871643066
150,133.0928497314453,347.7994689941406,139.12738037109375,351.3760681152344,0.7683944702148438
150,655.5786743164062,349.0640869140625,660.25537109375,354.4068298339844,0.7644448280334473
150,161.78646850585938,152.02247619628906,166.89036560058594,156.86221313476562,0.7634053826332092
150,490.423583984375,272.9580993652344,494.42608642578125,279.9251708984375,0.7623463869094849
150,45.677860260009766,84.05709838867188,50.12583541870117,91.98869323730469,0.754211962223053
150,19.24620819091797,52.09684753417969,23.52964973449707,60.15715026855469,0.7541674971580505
150,397.910888671875,346.10882568359375,405.0924377441406,351.1546325683594,0.7518130540847778
150,424.55670166015625,348.5389099121094,429.4065856933594,352.9313049316406,0.7515963912010193
150,393.0166015625,211.6445770263672,397.2095031738281,219.6464080810547,0.748121440410614
150,258.39813232421875,344.75469970703125,263.703857421875,350.6292419433594,0.7467339634895325
150,162.1772918701172,345.3010559082031,167.65188598632812,349.6295471191406,0.7460765838623047
150,369.7085266113281,61.19255828857422,373.3274230957031,68.78669738769531,0.7422335743904114
150,255.51756286621094,96.81700134277344,259.4946594238281,105.28421783447266,0.7373778223991394
150,405.2427978515625,340.09698486328125,410.3359680175781,349.0569763183594,0.7306438684463501
150,516.7350463867188,346.2442321777344,521.952392578125,350.81365966796875,0.7281641960144043
150,264.2261047363281,344.9895324707031,269.8550720214844,350.0148620605469,0.7215415835380554
150,49.73966979980469,346.5535583496094,54.458133697509766,351.10888671875,0.7198140621185303
150,615.9722900390625,349.2899169921875,620.277099609375,353.6349182128906,0.7118932008743286
150,418.0323486328125,350.0021057128906,422.8238525390625,354.2499084472656,0.7026947140693665
150,510.36541748046875,343.5919494628906,514.3568725585938,350.80255126953125,0.6716126799583435
150,501.4593505859375,350.6034851074219,505.6436462402344,356.68670654296875,0.6148280501365662
150,500.2721252441406,345.2376708984375,504.92962646484375,351.2337646484375,0.4915711581707001
151,547.9529418945312,222.64212036132812,553.7733154296875,230.07339477539062,0.8167070746421814
151,144.71873474121094,23.5283203125,150.87095642089844,30.387126922607422,0.8147015571594238
151,33.45079803466797,261.45880126953125,39.24753952026367,268.5792236328125,0.8142414093017578
151,124.71504211425781,334.7138671875,129.4681396484375,343.0978088378906,0.8036035895347595
151,548.5084838867188,106.59808349609375,553.9046020507812,114.35517120361328,0.7984119653701782
151,626.2924194335938,346.413818359375,631.5090942382812,353.05792236328125,0.7953866124153137
151,246.69271850585938,178.50262451171875,251.16383361816406,187.02098083496094,0.7936267852783203
151,31.884305953979492,82.56629943847656,39.43497848510742,87.24283599853516,0.7932818531990051
151,669.2994995117188,309.31317138671875,673.32763671875,318.03082275390625,0.7911140322685242
151,655.9299926757812,347.8763122558594,661.1173095703125,354.6103210449219,0.7861317992210388
151,63.75675964355469,287.5041198730469,67.78826904296875,296.4649963378906,0.7855449318885803
151,134.0846405029297,347.47552490234375,140.20155334472656,351.5035400390625,0.7854276895523071
151,663.6607055664062,347.6788635253906,669.08984375,354.07672119140625,0.7843400835990906
151,280.53497314453125,321.7185974121094,284.5491638183594,330.3537292480469,0.7789551019668579
151,376.8837585449219,204.97621154785156,382.03680419921875,210.1396942138672,0.7762361764907837
151,150.51318359375,141.0733642578125,155.8013916015625,148.02964782714844,0.7744807004928589
151,162.1986541748047,345.29107666015625,167.2593231201172,350.33392333984375,0.7706522941589355
151,19.89947509765625,49.784820556640625,24.501718521118164,58.22548294067383,0.7701142430305481
151,46.102638244628906,82.21372985839844,50.481285095214844,90.51495361328125,0.7635128498077393
151,490.35595703125,272.3907470703125,494.3178405761719,279.6343078613281,0.7618656754493713
151,258.3409118652344,345.3050537109375,263.2377014160156,350.7989807128906,0.7602041959762573
151,424.979248046875,348.424560546875,429.7966613769531,352.77703857421875,0.7458009719848633
151,256.28131103515625,93.83922576904297,260.076904296875,102.32123565673828,0.7443030476570129
151,393.2477722167969,209.77978515625,397.1236267089844,217.85284423828125,0.741119921207428
151,369.7965393066406,59.583621978759766,373.41314697265625,67.74481964111328,0.740638792514801
151,398.94195556640625,345.8611755371094,405.9417724609375,351.24334716796875,0.7388016581535339
151,50.02924346923828,346.6087951660156,54.86335372924805,351.19927978515625,0.7346104383468628
151,516.7258911132812,346.1533203125,521.8834838867188,350.7513732910156,0.7303370833396912
151,405.2276916503906,339.9626770019531,410.3695373535156,349.2018737792969,0.7246518731117249
151,615.9515380859375,349.2298583984375,620.2325439453125,353.7899475097656,0.7212997078895569
151,264.3125305175781,345.0279541015625,268.9599304199219,350.16400146484375,0.716218113899231
151,418.0746765136719,350.0163879394531,422.8377990722656,354.03662109375,0.6998809576034546
151,510.15875244140625,343.5972595214844,514.26171875,350.72198486328125,0.6926009058952332
151,501.51727294921875,350.4072265625,505.6872863769531,356.62677001953125,0.6185706853866577
152,32.701332092285156,260.87591552734375,38.49002456665039,267.9856872558594,0.8201035261154175
152,144.79368591308594,23.52182388305664,150.9150848388672,30.35370635986328,0.8191152215003967
152,547.8541259765625,222.61691284179688,553.74560546875,229.96737670898438,0.8184074759483337
152,124.73426818847656,334.9864501953125,129.57359313964844,343.2651672363281,0.8075045943260193
152,656.5331420898438,348.034912109375,661.9520874023438,354.1990051269531,0.7986112833023071
152,662.2213134765625,348.34246826171875,667.6728515625,354.3177185058594,0.7979031801223755
152,246.6493377685547,176.9130859375,251.2034912109375,185.09396362304688,0.7956506013870239
152,548.5317993164062,106.6149673461914,553.9268188476562,114.38570404052734,0.7954555153846741
152,135.26571655273438,347.46624755859375,141.72128295898438,351.4707336425781,0.7941250205039978
152,33.737972259521484,82.35363006591797,41.739013671875,87.04291534423828,0.7940570712089539
152,148.68505859375,158.83407592773438,154.89971923828125,164.9688720703125,0.7898596525192261
152,21.038663864135742,48.219573974609375,25.35968780517578,56.62339782714844,0.7786288857460022
152,258.012451171875,345.97943115234375,264.107666015625,350.9349060058594,0.7785466313362122
152,376.8230895996094,205.02561950683594,382.1199035644531,210.14508056640625,0.7774395942687988
152,46.645267486572266,80.23450469970703,51.090553283691406,88.6275405883789,0.7770935893058777
152,63.74818420410156,283.9866027832031,67.53980255126953,292.68145751953125,0.7743501663208008
152,669.7159423828125,309.0531921386719,673.4708251953125,317.38165283203125,0.7738485932350159
152,625.2030639648438,346.6597900390625,630.510498046875,353.0030822753906,0.7709686756134033
152,162.07888793945312,345.3060607910156,167.20046997070312,350.30810546875,0.7709502577781677
152,280.5216064453125,321.7464599609375,284.473388671875,330.4201354980469,0.7696688771247864
152,490.1779479980469,271.6822814941406,494.23052978515625,278.701171875,0.7623540163040161
152,393.8099060058594,208.31283569335938,397.59735107421875,216.3974151611328,0.7599484920501709
152,425.7528076171875,348.2362976074219,430.347900390625,352.84429931640625,0.7511349320411682
152,257.03814697265625,91.50849914550781,260.66729736328125,100.23892211914062,0.7428083419799805
152,399.4399719238281,346.23260498046875,406.4253234863281,351.2066345214844,0.7379496693611145
152,405.14825439453125,340.1307067871094,410.2719421386719,349.23663330078125,0.7356647849082947
152,369.98828125,58.500919342041016,373.7188720703125,66.458251953125,0.7338036298751831
152,516.7470703125,346.22552490234375,521.8947143554688,350.7449035644531,0.7294324636459351
152,49.94306564331055,346.5977783203125,54.87409210205078,351.2153015136719,0.7277900576591492
152,616.0542602539062,349.37945556640625,620.2826538085938,353.7350158691406,0.7109761238098145
152,418.0909423828125,349.99560546875,422.9135437011719,353.9702453613281,0.7044969201087952
152,263.02655029296875,344.9826354980469,269.080322265625,349.7840881347656,0.6989439725875854
152,510.3026428222656,343.4781799316406,514.294677734375,350.6680908203125,0.683573842048645
152,501.5046081542969,350.479248046875,505.6476135253906,356.5819396972656,0.6123628616333008
152,500.0638732910156,345.6274719238281,505.0290222167969,351.4786682128906,0.508234977722168
153,31.450172424316406,260.1064758300781,37.395774841308594,267.1444396972656,0.8263999819755554
153,144.8582000732422,23.478439331054688,150.9678192138672,30.46990203857422,0.8208619356155396
153,547.8421020507812,222.6018829345703,553.791015625,229.74168395996094,0.8199307918548584
153,124.71923828125,334.9012756347656,129.59715270996094,343.39434814453125,0.8054633140563965
153,137.61277770996094,347.2259521484375,144.30340576171875,351.1793212890625,0.7947632670402527
153,548.5617065429688,106.6057357788086,554.1100463867188,114.52423095703125,0.7946252226829529
153,656.5449829101562,347.4366760253906,661.5459594726562,354.0470275878906,0.7871714234352112
153,247.2215576171875,175.75839233398438,251.7205047607422,183.80889892578125,0.7848976850509644
153,22.126829147338867,46.062225341796875,26.54289436340332,54.33681106567383,0.7810900807380676
153,376.8820495605469,205.07664489746094,382.1559753417969,210.09471130371094,0.7789639234542847
153,154.20472717285156,170.75604248046875,159.0252685546875,176.46046447753906,0.7783643007278442
153,490.23406982421875,271.0428771972656,494.40936279296875,278.3769836425781,0.7740464210510254
153,623.0657958984375,347.9565124511719,628.5857543945312,354.8283996582031,0.7736881971359253
153,63.42145538330078,279.8426513671875,67.1957778930664,288.68975830078125,0.7736023664474487
153,669.7897338867188,308.4369201660156,673.5797729492188,316.9203186035156,0.7725026607513428
153,257.6929016113281,346.2043151855469,264.6063537597656,351.3875732421875,0.7715806365013123
153,35.94628143310547,82.5772476196289,43.94563674926758,86.88011932373047,0.7714999914169312
153,663.2760009765625,348.6529235839844,668.2811279296875,353.97906494140625,0.76900315284729
153,280.563232421875,321.7549743652344,284.44610595703125,330.47467041015625,0.7651053071022034
153,47.76172637939453,77.53750610351562,52.00479507446289,86.09503173828125,0.7597289085388184
153,393.952880859375,206.80775451660156,397.74774169921875,214.83645629882812,0.7513524889945984
153,257.67694091796875,88.77635955810547,261.39312744140625,97.30760192871094,0.7470129728317261
153,426.478271484375,348.68353271484375,430.94952392578125,352.9586486816406,0.7435517311096191
153,162.50112915039062,345.44134521484375,167.31202697753906,350.09423828125,0.7387091517448425
153,405.1924133300781,340.2110595703125,410.34832763671875,349.1363830566406,0.724633514881134
153,370.156005859375,57.654483795166016,373.94573974609375,65.08137512207031,0.7218852043151855
153,399.7495422363281,346.15093994140625,407.0852355957031,351.2349548339844,0.7211082577705383
153,517.8331298828125,346.62738037109375,521.7227783203125,350.6816101074219,0.7157765626907349
153,49.93144989013672,346.6152038574219,54.865928649902344,351.219970703125,0.7153497934341431
153,510.3251037597656,342.8926086425781,514.2990112304688,350.2585144042969,0.7090244889259338
153,615.891845703125,349.73583984375,620.0997314453125,353.80157470703125,0.7049649953842163
153,418.2660217285156,349.9593505859375,423.0966491699219,353.798583984375,0.7013573050498962
153,263.3424377441406,344.9008483886719,270.16754150390625,349.576171875,0.6581473350524902
153,501.66680908203125,350.4904479980469,505.8365783691406,356.5218200683594,0.6299624443054199
153,498.664306640625,346.01300048828125,504.16754150390625,351.228271484375,0.4111241400241852
154,547.948974609375,222.8700714111328,554.0315551757812,230.22410583496094,0.8286795616149902
154,144.75405883789062,23.472536087036133,150.8756103515625,30.460142135620117,0.8225224018096924
154,30.919740676879883,259.5782165527344,36.85310745239258,266.63824462890625,0.8191262483596802
154,158.0265350341797,188.38221740722656,163.18997192382812,196.22735595703125,0.8132387399673462
154,124.71236419677734,334.9493103027344,129.53329467773438,343.33770751953125,0.804054319858551
154,257.52862548828125,346.0621032714844,264.2944641113281,350.7967224121094,0.7993009686470032
154,548.4976196289062,106.62106323242188,554.364501953125,113.69950866699219,0.7933022975921631
154,38.026756286621094,82.57664489746094,45.80791091918945,86.63108825683594,0.789456844329834
154,138.80270385742188,347.0774230957031,145.54168701171875,351.0507507324219,0.7857486009597778
154,247.45709228515625,175.03570556640625,251.8804473876953,182.9132843017578,0.7836207747459412
154,63.10356521606445,276.52667236328125,67.04153442382812,285.3000183105469,0.7749338746070862
154,376.85296630859375,205.07644653320312,382.191650390625,210.1503448486328,0.772856593132019
154,280.501953125,321.4517517089844,284.4424133300781,330.1706848144531,0.7724019885063171
154,657.314453125,347.13836669921875,661.9600830078125,354.3524475097656,0.7709349989891052
154,23.114748001098633,43.898162841796875,27.41196060180664,52.21807098388672,0.7697136402130127
154,490.26080322265625,270.816162109375,494.39678955078125,278.3070983886719,0.7686545252799988
154,669.7534790039062,307.8289489746094,673.5493774414062,316.07537841796875,0.7643382549285889
154,48.157596588134766,75.2417984008789,52.568504333496094,83.65906524658203,0.7589154839515686
154,394.1917724609375,204.8722381591797,398.1050109863281,212.86093139648438,0.7490375638008118
154,426.6632080078125,348.8234558105469,431.2399597167969,353.0240478515625,0.7484034299850464
154,257.5678405761719,85.97281646728516,261.38531494140625,94.39408111572266,0.7444388270378113
154,510.1199645996094,342.8526306152344,514.2813720703125,350.22235107421875,0.7309945225715637
154,49.978633880615234,346.6401062011719,54.905006408691406,351.2010803222656,0.7227674722671509
154,265.3420104980469,344.7710876464844,271.4190368652344,349.0399475097656,0.7219744920730591
154,370.6475524902344,56.19270324707031,374.4117736816406,63.728580474853516,0.7216687798500061
154,405.3098449707031,340.40728759765625,410.3638610839844,349.1593322753906,0.7200902104377747
154,163.28892517089844,345.6203308105469,167.75735473632812,350.0096130371094,0.7197230458259583
154,663.664794921875,349.1917419433594,668.7205200195312,354.02423095703125,0.7170554399490356
154,418.1444396972656,350.0066833496094,423.1255798339844,353.8462829589844,0.7043562531471252
154,517.9906005859375,346.5789489746094,521.8604736328125,350.7455749511719,0.6985765099525452
154,399.7286071777344,345.9541015625,407.3451232910156,351.1841125488281,0.6953427195549011
154,501.359619140625,350.19439697265625,505.68695068359375,356.2295837402344,0.6653336882591248
154,620.8668823242188,350.1684265136719,627.759765625,354.5013732910156,0.6587238907814026
154,615.796630859375,349.68609619140625,621.0503540039062,354.2048034667969,0.6154136061668396
155,144.8027801513672,23.47199249267578,150.8616180419922,30.475879669189453,0.8223956823348999
155,547.8217163085938,222.60496520996094,553.7877197265625,230.0419158935547,0.8209190964698792
155,158.76382446289062,219.56671142578125,163.35403442382812,227.0325164794922,0.8130204677581787
155,616.525390625,347.84942626953125,623.3356323242188,354.14337158203125,0.809301495552063
155,29.603782653808594,258.6489562988281,35.29031753540039,265.38934326171875,0.8036993741989136
155,124.80303955078125,334.9759521484375,129.57461547851562,343.3316345214844,0.7977946400642395
155,548.3406372070312,106.6111068725586,554.3963623046875,113.38565063476562,0.7926632165908813
155,257.7374267578125,345.9264831542969,264.0047607421875,350.7872619628906,0.7907750606536865
155,40.884403228759766,82.86509704589844,48.526031494140625,87.20185852050781,0.7868642807006836
155,139.9486846923828,347.15972900390625,146.76119995117188,351.1063232421875,0.7810853123664856
155,24.118406295776367,41.29350280761719,28.537181854248047,49.77445983886719,0.7790684103965759
155,247.83644104003906,174.77175903320312,252.27647399902344,182.59324645996094,0.778695821762085
155,62.52357482910156,272.8166809082031,66.39306640625,281.59075927734375,0.7710155844688416
155,282.3465270996094,314.0784912109375,286.718994140625,320.70220947265625,0.7694027423858643
155,48.88152313232422,72.40634155273438,53.265506744384766,81.07923889160156,0.7649253606796265
155,376.87432861328125,205.10958862304688,382.24169921875,210.21119689941406,0.7640478610992432
155,669.7796020507812,306.8441467285156,673.6275634765625,315.1700439453125,0.7631343603134155
155,490.3502197265625,270.4963684082031,494.5086975097656,278.1888732910156,0.7605735659599304
155,257.9079284667969,83.21627044677734,261.8304443359375,91.83257293701172,0.7479828596115112
155,426.866455078125,348.9245910644531,431.50799560546875,353.1819152832031,0.745438277721405
155,393.8888854980469,202.95626831054688,397.9546813964844,211.1259765625,0.7441459894180298
155,657.1093139648438,347.46185302734375,661.4147338867188,354.32696533203125,0.7378949522972107
155,509.4542541503906,342.38873291015625,513.9740600585938,350.04730224609375,0.7374812960624695
155,371.2353820800781,54.84614944458008,375.1769714355469,62.31690979003906,0.7371354699134827
155,163.96868896484375,345.8786315917969,168.2296905517578,350.5535888671875,0.726143479347229
155,265.5257873535156,344.5079040527344,271.802734375,348.88385009765625,0.7259489893913269
155,50.04253387451172,346.6136779785156,54.878665924072266,351.15618896484375,0.7198446393013
155,517.6834716796875,346.4573669433594,522.4116821289062,350.40692138671875,0.7189363241195679
155,405.35809326171875,340.5650634765625,410.5982360839844,349.186767578125,0.7116185426712036
155,663.645263671875,349.106201171875,668.7196044921875,354.0330505371094,0.7097610831260681
155,418.1663818359375,349.9665222167969,423.09527587890625,353.8261413574219,0.7007705569267273
155,501.3492126464844,349.70458984375,505.65472412109375,356.1689758300781,0.6738803386688232
155,399.910888671875,345.3350524902344,407.6744384765625,351.1900634765625,0.668848991394043
156,547.7852172851562,222.64349365234375,553.778076171875,230.0147247314453,0.8207376003265381
156,144.78822326660156,23.33458709716797,150.6735382080078,30.447120666503906,0.8153691291809082
156,272.0906677246094,159.07086181640625,278.1370849609375,166.35328674316406,0.810112714767456
156,615.7218627929688,349.4172668457031,621.9153442382812,354.9457702636719,0.808142900466919
156,27.912269592285156,258.3599853515625,34.42121887207031,263.88385009765625,0.79697185754776
156,287.61273193359375,287.9261169433594,293.1346740722656,294.0099792480469,0.7956576347351074
156,124.80633544921875,335.0149841308594,129.45697021484375,343.34625244140625,0.7924425005912781
156,25.217403411865234,38.603580474853516,30.00145721435547,47.119659423828125,0.7922303080558777
156,257.5734558105469,345.8316345214844,263.8897399902344,350.7917785644531,0.7918651700019836
156,548.452880859375,106.83689880371094,554.5709838867188,113.35865020751953,0.7829188704490662
156,376.8542785644531,204.96412658691406,382.1726989746094,210.1389923095703,0.7796168327331543
156,43.0551643371582,82.82426452636719,50.76975631713867,86.8131332397461,0.776136577129364
156,140.6634521484375,347.07513427734375,147.2452392578125,351.0965881347656,0.774694561958313
156,669.48291015625,306.5910949707031,673.3489990234375,314.95623779296875,0.770422101020813
156,490.290283203125,270.61773681640625,494.4307556152344,278.12457275390625,0.7700640559196472
156,49.310428619384766,69.94852447509766,53.57131576538086,78.72044372558594,0.7671962380409241
156,148.5386199951172,235.36111450195312,152.49606323242188,242.4002227783203,0.7656532526016235
156,257.96990966796875,79.96886444091797,261.9700622558594,88.85867309570312,0.7646779417991638
156,62.3226203918457,269.56744384765625,66.12893676757812,278.4892272949219,0.75157231092453
156,371.4623107910156,53.98211669921875,375.6722106933594,61.11635208129883,0.7479835152626038
156,394.0946350097656,200.77452087402344,398.0765380859375,208.9413604736328,0.746021032333374
156,400.2254943847656,342.237548828125,408.7198181152344,350.9474792480469,0.7433568239212036
156,266.1307067871094,344.16912841796875,272.3023376464844,348.55792236328125,0.7398889064788818
156,656.8922729492188,347.5823974609375,661.3057861328125,354.0933532714844,0.7382325530052185
156,49.89057540893555,346.6911926269531,54.41135025024414,351.62310791015625,0.7296388149261475
156,517.6864013671875,346.70001220703125,522.801513671875,350.43841552734375,0.7266541719436646
156,416.9222717285156,342.7143859863281,421.9197692871094,349.1448669433594,0.7260220050811768
156,509.6634826660156,341.4770202636719,514.1591796875,349.7626953125,0.7239247560501099
156,426.9076843261719,348.7270812988281,431.3230895996094,353.1773681640625,0.7225335836410522
156,501.44134521484375,349.6759948730469,505.7315673828125,356.3093566894531,0.7064950466156006
156,664.2222900390625,349.263916015625,668.67626953125,354.2759704589844,0.702583372592926
156,164.91531372070312,345.79803466796875,169.36605834960938,349.8563537597656,0.6944540739059448
156,405.79290771484375,340.49755859375,411.95477294921875,349.2588806152344,0.5934321880340576
157,163.0795135498047,233.7488555908203,167.9987030029297,240.97520446777344,0.8161477446556091
157,144.81546020507812,23.344099044799805,150.7305450439453,30.434219360351562,0.8150689601898193
157,547.7222900390625,222.6216583251953,553.119140625,229.74258422851562,0.8150041699409485
157,302.7751770019531,284.6976623535156,309.0787658691406,290.506591796875,0.8104745149612427
157,615.6233520507812,347.78033447265625,621.1710205078125,354.713623046875,0.8053095936775208
157,25.458646774291992,257.927978515625,32.875423431396484,263.08111572265625,0.7989665865898132
157,124.76744079589844,335.01214599609375,129.52711486816406,343.3940734863281,0.7978889346122742
157,517.88232421875,94.14202880859375,523.4205322265625,101.7072982788086,0.7954039573669434
157,26.131282806396484,36.119380950927734,31.24228858947754,44.601158142089844,0.7886322140693665
157,257.47125244140625,345.3638000488281,263.92333984375,351.4046630859375,0.7866430878639221
157,509.3120422363281,340.837646484375,513.9819946289062,349.2288513183594,0.7821384072303772
157,669.4448852539062,306.0155029296875,673.3924560546875,314.6079406738281,0.7788975238800049
157,61.538814544677734,266.280029296875,66.06752014160156,275.4400634765625,0.7784175872802734
157,45.42555236816406,83.41059112548828,53.189788818359375,87.39932250976562,0.7782022953033447
157,376.8768005371094,205.06504821777344,382.18817138671875,210.13705444335938,0.7763229608535767
157,490.4003601074219,269.99420166015625,494.6607971191406,277.7783508300781,0.7723370790481567
157,141.48464965820312,347.0464782714844,148.2083740234375,351.2066650390625,0.7722266912460327
157,49.604373931884766,67.04995727539062,53.93086624145508,75.41915130615234,0.7612780928611755
157,266.9365234375,343.96453857421875,273.3088684082031,348.5478515625,0.7544376850128174
157,258.4684753417969,77.97523498535156,262.51153564453125,86.75467681884766,0.7533292174339294
157,518.111572265625,346.76800537109375,523.2996826171875,350.5372314453125,0.7492541074752808
157,49.58300018310547,346.7075500488281,54.56939697265625,351.6079406738281,0.748186469078064
157,394.28948974609375,198.4690399169922,398.11767578125,206.63095092773438,0.7468670010566711
157,656.7337036132812,347.49163818359375,661.2158203125,354.1586608886719,0.742411732673645
157,371.3758239746094,53.91025924682617,375.9567565917969,60.08958053588867,0.7419944405555725
157,294.07257080078125,135.219970703125,298.5138244628906,141.40594482421875,0.7410210967063904
157,426.88018798828125,348.6461486816406,431.12542724609375,353.1441955566406,0.7214445471763611
157,501.3380126953125,349.40106201171875,505.73046875,356.06378173828125,0.7148347496986389
157,664.0614624023438,349.25006103515625,668.5855102539062,354.2042541503906,0.7107139229774475
157,165.8341522216797,345.74053955078125,170.19337463378906,349.9358215332031,0.7021928429603577
157,405.4201965332031,340.7110290527344,410.6247863769531,349.5086975097656,0.7012016177177429
157,415.1448974609375,348.6537780761719,419.45245361328125,353.95794677734375,0.6866458654403687
157,401.48126220703125,341.55792236328125,409.8919372558594,350.72198486328125,0.613478422164917
158,547.7625122070312,222.69692993164062,553.71337890625,229.9624786376953,0.8193920254707336
158,24.073945999145508,257.34735107421875,32.139686584472656,262.6714782714844,0.8185065984725952
158,144.9039764404297,23.395030975341797,150.80191040039062,30.40480613708496,0.8147018551826477
158,49.660743713378906,346.20306396484375,55.719451904296875,351.3490905761719,0.8000697493553162
158,124.69359588623047,335.0621643066406,129.5234375,343.38397216796875,0.7990095019340515
158,615.03759765625,347.47723388671875,620.7134399414062,354.6418151855469,0.7924386262893677
158,509.3739318847656,340.1242370605469,514.3525390625,349.1443176269531,0.791441798210144
158,257.4333190917969,345.4227294921875,264.7505798339844,351.4423828125,0.7904919981956482
158,27.98991584777832,34.159202575683594,33.0498046875,42.10039520263672,0.7896943688392639
158,60.965087890625,262.7820739746094,65.75080108642578,272.0628662109375,0.7823528051376343
158,47.80881118774414,83.8096923828125,55.1927604675293,87.75322723388672,0.7774449586868286
158,283.4563903808594,287.4948425292969,288.07763671875,293.9218444824219,0.7719892859458923
158,669.3492431640625,305.87567138671875,673.4327392578125,314.38604736328125,0.7712410092353821
158,142.03115844726562,347.110107421875,149.157958984375,351.10552978515625,0.7694641947746277
158,376.85546875,205.06539916992188,382.12799072265625,210.0919647216797,0.7686681747436523
158,280.3616027832031,140.9718017578125,286.3365783691406,145.76731872558594,0.7659876942634583
158,490.70770263671875,269.676513671875,494.9458312988281,277.6677551269531,0.7652907967567444
158,490.6819152832031,75.84317016601562,495.17437744140625,83.10382843017578,0.7643802165985107
158,50.32012176513672,64.15279388427734,54.85026168823242,73.09898376464844,0.7630418539047241
158,394.1649475097656,196.60023498535156,397.914794921875,204.699462890625,0.7598843574523926
158,399.9319152832031,346.75927734375,407.8932800292969,351.4054870605469,0.7590209245681763
158,267.0082092285156,343.96160888671875,274.0854187011719,348.700439453125,0.7560447454452515
158,171.6591033935547,224.2488250732422,175.71310424804688,231.39700317382812,0.7551143169403076
158,258.6269836425781,75.44953155517578,262.53509521484375,84.42445373535156,0.7523007988929749
158,518.3170776367188,346.6675109863281,523.3043823242188,350.6010437011719,0.74114590883255
158,371.85882568359375,54.03721618652344,376.5931701660156,59.65578842163086,0.7368316054344177
158,656.467041015625,347.41558837890625,660.9176025390625,354.2318420410156,0.7367926836013794
158,426.6231689453125,348.6728515625,431.1424560546875,353.1345520019531,0.7313342094421387
158,166.33448791503906,346.3550109863281,171.38743591308594,350.2943115234375,0.7191521525382996
158,413.4795837402344,349.8075256347656,418.4818420410156,354.5079345703125,0.7074306607246399
158,664.4314575195312,349.8017272949219,668.7113037109375,354.3340759277344,0.6640387773513794
158,501.4880065917969,349.1344299316406,505.67608642578125,355.89825439453125,0.6638312339782715
159,144.89096069335938,240.53176879882812,152.32382202148438,245.8824920654297,0.827228307723999
159,144.9009246826172,23.419864654541016,150.99205017089844,30.3697566986084,0.820702850818634
159,547.7184448242188,222.61611938476562,553.6280517578125,229.8904571533203,0.8192332983016968
159,615.6756591796875,348.465087890625,622.0439453125,355.0771179199219,0.8168994188308716
159,124.5479965209961,335.1810302734375,129.60438537597656,343.3710021972656,0.8030465245246887
159,50.636051177978516,345.9767150878906,56.707462310791016,351.0926818847656,0.7983332276344299
159,28.816917419433594,32.40758514404297,34.00526428222656,40.216346740722656,0.7881571650505066
159,257.7919616699219,345.3672790527344,264.5032043457031,351.3617858886719,0.7875961661338806
159,509.14337158203125,340.168212890625,514.1648559570312,348.5907897949219,0.7859223484992981
159,49.70362854003906,84.07019805908203,57.11512756347656,87.96988677978516,0.7853443026542664
159,23.49562644958496,257.0303955078125,30.317378997802734,262.2191467285156,0.7851949334144592
159,278.8574523925781,141.44696044921875,286.18048095703125,146.5051727294922,0.7834219932556152
159,60.72947692871094,259.89227294921875,65.32635498046875,268.7151794433594,0.7784911394119263
159,143.07369995117188,346.953125,150.31495666503906,350.98687744140625,0.7741987705230713
159,51.41151428222656,60.96642303466797,56.0390739440918,69.60318756103516,0.7722133994102478
159,669.3602294921875,305.4800720214844,673.4649047851562,313.9322814941406,0.7703989148139954
159,376.7906188964844,204.91445922851562,382.1981506347656,210.1144256591797,0.7675750851631165
159,490.4293518066406,269.3021240234375,494.75994873046875,277.16973876953125,0.7662770748138428
159,267.1451110839844,344.0323486328125,274.0907287597656,348.73468017578125,0.7649948596954346
159,278.1348571777344,265.9941101074219,282.2757568359375,273.8394470214844,0.7641289830207825
159,518.6237182617188,346.62420654296875,524.1676025390625,350.70062255859375,0.7606792449951172
159,393.68463134765625,193.9989776611328,397.7117614746094,202.55502319335938,0.7591180205345154
159,258.80670166015625,73.26370239257812,262.8069763183594,81.6751937866211,0.7486739158630371
159,491.0244445800781,74.9352798461914,495.02703857421875,83.4804458618164,0.7465552091598511
159,372.3226623535156,54.11982727050781,377.2891845703125,59.34053421020508,0.7380021810531616
159,399.3367004394531,346.8454284667969,406.96875,354.27276611328125,0.7376749515533447
159,656.3391723632812,347.4417724609375,660.3346557617188,354.4100646972656,0.7362648248672485
159,167.8181915283203,346.3602294921875,172.31771850585938,350.2247619628906,0.7035418748855591
159,425.911865234375,348.63397216796875,429.93597412109375,353.08673095703125,0.678543746471405
159,412.5704650878906,349.337890625,416.81414794921875,354.16558837890625,0.6694197058677673
159,664.6923217773438,349.9427185058594,669.0021362304688,354.3296813964844,0.6463417410850525
159,501.2386169433594,347.5441589355469,505.5055236816406,354.3311767578125,0.6417393684387207
160,547.695068359375,222.59603881835938,553.5814819335938,229.85501098632812,0.820625364780426
160,23.152790069580078,256.0545654296875,30.50458335876465,261.93487548828125,0.8191842436790466
160,144.79942321777344,23.542118072509766,151.1881103515625,30.192411422729492,0.8179003000259399
160,51.470542907714844,345.9401550292969,57.653358459472656,351.08734130859375,0.8089500069618225
160,139.35096740722656,264.0191345214844,144.5735321044922,270.9802551269531,0.8068816661834717
160,124.5860595703125,335.220458984375,129.56149291992188,343.30780029296875,0.8020232319831848
160,616.1502685546875,349.9617004394531,623.3057861328125,354.62725830078125,0.7994807958602905
160,509.0239562988281,339.6916809082031,514.2965698242188,348.17578125,0.7950248718261719
160,29.749635696411133,30.19228744506836,35.07307815551758,38.30268478393555,0.788458526134491
160,287.2073059082031,244.77603149414062,292.22613525390625,251.9020233154297,0.7857889533042908
160,490.5643310546875,268.45184326171875,495.0130920410156,276.5463562011719,0.7820543050765991
160,144.4644012451172,347.1046447753906,151.22500610351562,351.2172546386719,0.7809930443763733
160,52.43037033081055,58.32757568359375,57.10471725463867,67.2831802368164,0.7789300084114075
160,279.46759033203125,141.02310180664062,286.62115478515625,146.57154846191406,0.7776058316230774
160,60.240055084228516,256.6829833984375,64.891845703125,265.1864013671875,0.7775500416755676
160,376.8540344238281,204.938720703125,382.2721252441406,210.12677001953125,0.7736879587173462
160,51.40434646606445,83.95518493652344,58.73799514770508,87.91690826416016,0.7735482454299927
160,257.92938232421875,345.44573974609375,264.5850830078125,351.4833068847656,0.7712065577507019
160,669.21630859375,305.1949157714844,673.415771484375,313.72998046875,0.7709593772888184
160,518.8300170898438,346.4856872558594,524.4904174804688,350.6256408691406,0.7613503932952881
160,393.372314453125,191.73033142089844,397.3509826660156,200.27932739257812,0.760655403137207
160,267.581787109375,343.97418212890625,274.39691162109375,348.59326171875,0.7531333565711975
160,258.8371276855469,70.36844635009766,262.8081970214844,79.11209106445312,0.7446736097335815
160,491.2130126953125,74.23103332519531,495.35400390625,82.55682373046875,0.7413520216941833
160,372.80706787109375,53.834922790527344,377.879150390625,59.0755729675293,0.7384175658226013
160,655.4534301757812,346.8016052246094,659.3046875,354.15386962890625,0.7339460253715515
160,425.96368408203125,348.3394470214844,429.8277587890625,352.9708251953125,0.722029447555542
160,412.20660400390625,349.36419677734375,416.6610107421875,353.7741394042969,0.7110515832901001
160,399.3208312988281,346.1518249511719,405.7793884277344,351.07550048828125,0.7058898210525513
160,168.7547149658203,346.2195739746094,173.24960327148438,349.9324035644531,0.703657865524292
160,399.3350524902344,351.48516845703125,407.0786437988281,355.55877685546875,0.6946986317634583
160,664.6126708984375,349.6675720214844,668.9457397460938,353.96929931640625,0.656725287437439
160,501.3117370605469,347.2835998535156,505.4674987792969,354.4654235839844,0.6521780490875244
161,547.629150390625,222.6194305419922,553.533935546875,229.89865112304688,0.8191686272621155
161,144.83041381835938,23.537721633911133,151.17495727539062,30.17105484008789,0.816632091999054
161,258.3360595703125,345.55511474609375,265.82342529296875,351.54180908203125,0.8085594177246094
161,138.54977416992188,289.5745544433594,143.59051513671875,295.4657897949219,0.8051410913467407
161,124.59518432617188,335.24774169921875,129.6175079345703,343.2827453613281,0.8006100058555603
161,616.4016723632812,349.83038330078125,623.3445434570312,354.47222900390625,0.7945908904075623
161,31.44963836669922,28.45131492614746,36.42961502075195,36.4775276184082,0.7938873767852783
161,52.28657531738281,346.02557373046875,58.35173416137695,351.076416015625,0.7922126054763794
161,508.9286193847656,339.37255859375,514.1663818359375,347.5494689941406,0.7917817234992981
161,269.6015930175781,338.06634521484375,275.7547912597656,344.34368896484375,0.7892512083053589
161,376.7381286621094,204.9117889404297,382.2098388671875,210.09654235839844,0.782547116279602
161,287.18023681640625,244.7544403076172,292.10552978515625,252.04566955566406,0.7787056565284729
161,144.99166870117188,347.18853759765625,151.689453125,351.2138671875,0.7772203683853149
161,23.558002471923828,254.96932983398438,29.024900436401367,261.80340576171875,0.7747898697853088
161,490.80804443359375,267.94091796875,495.124267578125,275.95849609375,0.7744556665420532
161,669.0348510742188,304.910400390625,673.373046875,313.3138732910156,0.7744409441947937
161,53.02245330810547,83.70277404785156,59.9309196472168,87.4317398071289,0.7722209692001343
161,280.1405944824219,140.7738494873047,286.9737854003906,146.68455505371094,0.7707533240318298
161,519.0753173828125,346.4971618652344,524.6876831054688,350.6836853027344,0.7666223049163818
161,53.03566360473633,56.0866584777832,57.41877746582031,64.63365173339844,0.7598901987075806
161,392.9907531738281,188.93653869628906,397.01593017578125,197.75489807128906,0.7586300373077393
161,59.723388671875,253.78248596191406,64.06062316894531,262.5699157714844,0.7583891153335571
161,490.68792724609375,71.9371337890625,494.9176940917969,80.02836608886719,0.7495526671409607
161,258.793212890625,67.43722534179688,262.69049072265625,76.16534423828125,0.7466631531715393
161,372.9449157714844,53.801876068115234,378.05126953125,59.10087966918945,0.7386102676391602
161,655.5360717773438,346.8211364746094,659.0578002929688,354.0558776855469,0.7283403873443604
161,425.928466796875,348.37884521484375,429.7577819824219,352.9770812988281,0.7186760306358337
161,399.1036376953125,346.0773620605469,405.4473571777344,350.99212646484375,0.7163258790969849
161,412.2159729003906,349.3764953613281,416.66278076171875,353.8027648925781,0.7140320539474487
161,169.3827362060547,346.27392578125,173.7869110107422,349.9521484375,0.7040007710456848
161,399.29156494140625,351.41644287109375,407.0621337890625,355.5329895019531,0.6995791792869568
161,501.19049072265625,347.12005615234375,505.26751708984375,354.1167907714844,0.6706607341766357
161,664.4552001953125,350.0439758300781,668.9083862304688,353.7607727050781,0.6690071821212769
162,284.68682861328125,305.7178039550781,291.0152282714844,312.296875,0.8269945979118347
162,547.6641845703125,222.61105346679688,553.5575561523438,229.9215545654297,0.8189284801483154
162,144.82862854003906,23.613523483276367,151.188720703125,30.19925880432129,0.8166148066520691
162,258.5868835449219,345.60784912109375,265.8370056152344,351.864501953125,0.815621554851532
162,52.38756561279297,346.0004577636719,58.56006622314453,351.149169921875,0.8055566549301147
162,142.045654296875,308.746826171875,146.8224334716797,316.9658203125,0.8016140460968018
162,509.2552490234375,338.3009033203125,514.490966796875,346.89453125,0.7992589473724365
162,124.46788024902344,335.1394348144531,129.6295166015625,343.2234191894531,0.797166645526886
162,376.69256591796875,204.91468811035156,382.1431884765625,210.1154327392578,0.7892415523529053
162,616.431640625,349.7057189941406,623.43994140625,354.3031921386719,0.7892166376113892
162,32.27149963378906,26.36752700805664,37.13236999511719,34.478851318359375,0.7846502661705017
162,286.76409912109375,243.37762451171875,291.4251708984375,251.47178649902344,0.7812572717666626
162,280.27276611328125,140.0890655517578,287.8213195800781,145.70079040527344,0.7760096192359924
162,669.0052490234375,304.0392150878906,673.2719116210938,312.752685546875,0.7735518217086792
162,490.80267333984375,267.8653869628906,495.0826416015625,275.8835144042969,0.7718532681465149
162,519.8080444335938,346.3540344238281,525.8939819335938,350.74456787109375,0.7711853384971619
162,145.84945678710938,347.2408752441406,152.17271423339844,351.17547607421875,0.7681806087493896
162,53.883384704589844,53.61585235595703,58.49675369262695,62.17792510986328,0.7610684633255005
162,490.5030212402344,69.7737045288086,494.72528076171875,77.7162094116211,0.7582763433456421
162,54.421512603759766,82.4286117553711,61.01870346069336,86.5645980834961,0.7525365352630615
162,59.49325180053711,250.62710571289062,63.612091064453125,259.6940002441406,0.7523658275604248
162,393.1092529296875,186.79063415527344,397.02288818359375,195.27032470703125,0.7496930956840515
162,258.80584716796875,64.80311584472656,262.7315979003906,73.65911865234375,0.7470996975898743
162,655.888671875,346.7951965332031,659.8312377929688,354.1895751953125,0.7443899512290955
162,22.572834014892578,252.90185546875,27.396591186523438,260.4252624511719,0.7429542541503906
162,372.9256591796875,53.761600494384766,378.0686340332031,59.10063934326172,0.740912139415741
162,425.1163024902344,348.434326171875,430.42742919921875,352.6643981933594,0.73866868019104
162,399.11749267578125,346.0515441894531,404.9712219238281,351.0432434082031,0.7219648957252502
162,412.1961364746094,349.10174560546875,416.650390625,353.6597595214844,0.715591549873352
162,399.2610168457031,350.9955749511719,407.1692199707031,355.4106140136719,0.7024614810943604
162,169.40594482421875,346.2666015625,173.60775756835938,349.9639892578125,0.6878995299339294
162,501.2348937988281,346.57476806640625,505.3531494140625,353.5453186035156,0.6718130707740784
162,664.3300170898438,350.0653381347656,668.98681640625,353.8894348144531,0.6471617221832275
163,547.6397705078125,222.619873046875,553.5310668945312,229.91400146484375,0.8182443976402283
163,144.80941772460938,23.644699096679688,151.29568481445312,30.19080924987793,0.8174333572387695
163,258.5491943359375,345.630126953125,265.94207763671875,352.37957763671875,0.8173980712890625
163,52.51625061035156,346.026123046875,58.598670959472656,351.1468200683594,0.8080411553382874
163,124.5191421508789,335.1570129394531,129.78282165527344,343.2810363769531,0.799138605594635
163,509.36993408203125,338.0537109375,514.4904174804688,346.5881042480469,0.7975229620933533
163,376.7535400390625,204.9241485595703,382.1944274902344,210.0974578857422,0.7955324649810791
163,616.518310546875,349.5689392089844,623.5933227539062,354.0382995605469,0.7887251973152161
163,33.120479583740234,24.588253021240234,38.16172790527344,32.78778076171875,0.786339282989502
163,520.400390625,346.1919250488281,526.864013671875,350.7520751953125,0.7810463905334473
163,490.73077392578125,267.642578125,495.2213439941406,275.36676025390625,0.777899444103241
163,280.976806640625,138.8580322265625,287.436279296875,145.59231567382812,0.7763726711273193
163,668.9336547851562,303.7227783203125,673.1373901367188,312.33673095703125,0.7757521271705627
163,287.1622314453125,243.1656036376953,291.761474609375,251.20123291015625,0.7751618027687073
163,308.41693115234375,287.1680603027344,312.859619140625,293.8463134765625,0.7671111822128296
163,146.15463256835938,347.657958984375,152.7496337890625,351.23773193359375,0.7659832835197449
163,54.81682205200195,50.80410385131836,59.14775085449219,59.353492736816406,0.7606751322746277
163,56.21227264404297,81.14122772216797,62.559112548828125,85.88346099853516,0.7558101415634155
163,22.578157424926758,250.81932067871094,27.331222534179688,258.4444885253906,0.7549204230308533
163,59.37981033325195,247.9522247314453,63.50574493408203,256.91412353515625,0.7544237971305847
163,392.8240051269531,184.51039123535156,396.6622314453125,192.78192138671875,0.7532123327255249
163,258.5114440917969,62.25630187988281,262.55145263671875,70.8096923828125,0.7530393600463867
163,490.79779052734375,67.53421020507812,495.0138244628906,75.96314239501953,0.743614912033081
163,373.8033752441406,53.44135284423828,378.98626708984375,58.318267822265625,0.7426061034202576
163,655.7836303710938,346.7532653808594,659.626708984375,354.1802062988281,0.742055356502533
163,424.8365783691406,348.5646667480469,431.155029296875,352.6678161621094,0.7415491938591003
163,399.2023010253906,351.0525207519531,407.16619873046875,355.57000732421875,0.7121310830116272
163,411.9609375,349.1925048828125,416.59625244140625,353.46142578125,0.7114144563674927
163,169.4248504638672,346.4892272949219,173.74496459960938,350.07098388671875,0.705001711845398
163,148.62905883789062,325.36407470703125,152.8596649169922,329.9700927734375,0.7002082467079163
163,399.08660888671875,346.5517272949219,405.82000732421875,351.38836669921875,0.695010244846344
163,501.3204040527344,346.0399475097656,505.5232849121094,352.560302734375,0.682189404964447
163,664.3555908203125,350.05181884765625,668.979248046875,353.6590576171875,0.6580910682678223
163,501.8556823730469,349.0419616699219,505.6070556640625,355.7379455566406,0.6232632398605347
164,304.60595703125,310.4242248535156,309.914306640625,316.9041748046875,0.8212411403656006
164,547.6537475585938,222.59500122070312,553.5535888671875,229.91546630859375,0.8181410431861877
164,258.2403564453125,345.63824462890625,265.6881408691406,353.67181396484375,0.8179219365119934
164,144.7947540283203,23.67564582824707,151.25848388671875,30.143190383911133,0.816497266292572
164,52.89332962036133,345.8700256347656,59.407047271728516,350.86199951171875,0.8062552213668823
164,124.40645599365234,334.90777587890625,129.66043090820312,343.242431640625,0.8036539554595947
164,616.7181396484375,349.3103942871094,623.3894653320312,353.9232482910156,0.8012660145759583
164,509.32330322265625,337.9421081542969,514.5545654296875,346.65771484375,0.7972294092178345
164,376.8155212402344,204.93991088867188,382.241943359375,210.0454864501953,0.7964053153991699
164,520.8016357421875,346.2201232910156,527.1162109375,350.7182922363281,0.7932946681976318
164,34.52330780029297,22.70598030090332,39.55698776245117,30.979156494140625,0.791915774345398
164,490.92529296875,266.7839050292969,495.8486328125,274.439453125,0.7884819507598877
164,668.98388671875,302.98974609375,673.0028686523438,311.92822265625,0.7803911566734314
164,146.3065643310547,348.002197265625,152.75576782226562,351.62200927734375,0.7719675898551941
164,287.7266845703125,242.15475463867188,292.13922119140625,250.6360321044922,0.7695109844207764
164,282.012939453125,136.77183532714844,286.8612976074219,144.81088256835938,0.7673894762992859
164,55.82705307006836,48.34925079345703,59.98906326293945,56.804908752441406,0.766240656375885
164,148.62351989746094,337.9361877441406,153.52320861816406,345.2352600097656,0.7647481560707092
164,57.54136657714844,79.65145111083984,63.79228210449219,84.99845886230469,0.7636332511901855
164,258.4264221191406,59.56294631958008,262.4497985839844,68.24867248535156,0.7619062662124634
164,374.6128234863281,52.712284088134766,379.9747619628906,57.968997955322266,0.7602942585945129
164,392.8539733886719,181.83116149902344,396.8457946777344,190.21682739257812,0.7581583261489868
164,22.13252830505371,248.32537841796875,26.640066146850586,256.2581787109375,0.757477879524231
164,59.461734771728516,245.07386779785156,63.58051300048828,253.87986755371094,0.7572408318519592
164,424.2035217285156,348.521240234375,431.454345703125,352.4951171875,0.7439397573471069
164,491.0723876953125,65.24603271484375,495.1006774902344,73.47283935546875,0.7429327368736267
164,655.7849731445312,347.2081604003906,659.906494140625,354.1331787109375,0.739790678024292
164,399.459228515625,347.02978515625,406.10186767578125,351.8096618652344,0.7086162567138672
164,399.1005554199219,350.5353088378906,406.8526611328125,355.4563293457031,0.7067577838897705
164,169.67201232910156,346.5339660644531,174.04922485351562,350.21856689453125,0.7052444219589233
164,665.005126953125,350.0914306640625,669.3617553710938,354.5848388671875,0.6944555640220642
164,410.76043701171875,349.81298828125,415.61688232421875,353.9052734375,0.6922239065170288
164,501.30450439453125,346.37652587890625,505.6142578125,352.8267517089844,0.6688076257705688
164,501.94219970703125,349.8439636230469,505.679931640625,356.0796813964844,0.4126746952533722
165,292.5815124511719,333.9807434082031,299.04986572265625,341.0101013183594,0.8369245529174805
165,144.776611328125,23.64899444580078,151.28182983398438,30.143747329711914,0.817470371723175
165,547.656005859375,222.6036834716797,553.5953369140625,229.94985961914062,0.8169395923614502
165,258.7200012207031,345.646728515625,265.7657775878906,353.2029724121094,0.8122432827949524
165,124.3916015625,334.9652404785156,129.61004638671875,343.36114501953125,0.8113025426864624
165,509.2998962402344,337.7461853027344,514.4467163085938,346.1613464355469,0.8094770908355713
165,616.450927734375,349.339599609375,622.9329833984375,354.4664306640625,0.7999633550643921
165,490.8512878417969,266.1150207519531,495.9236145019531,273.6479187011719,0.7922786474227905
165,55.020782470703125,345.5482177734375,61.04555130004883,350.8722229003906,0.7922065854072571
165,376.8537902832031,204.89230346679688,382.34832763671875,210.12913513183594,0.7880535125732422
165,520.7232055664062,346.3971252441406,527.1709594726562,350.8734130859375,0.7847331762313843
165,35.188663482666016,21.10191535949707,40.09693145751953,29.04644775390625,0.7794792652130127
165,287.95294189453125,241.6411895751953,292.4899597167969,249.67640686035156,0.7786482572555542
165,669.0138549804688,302.48529052734375,673.0066528320312,311.2537536621094,0.7733623385429382
165,258.164306640625,57.42508316040039,262.25555419921875,65.91571044921875,0.7727898955345154
165,58.33822250366211,78.80836486816406,64.751708984375,84.24039459228516,0.7704867720603943
165,21.497682571411133,245.81642150878906,25.961685180664062,254.06124877929688,0.7646998763084412
165,56.58903884887695,45.87167739868164,60.93145751953125,54.478023529052734,0.7644298672676086
165,282.3287658691406,134.95758056640625,286.8462829589844,143.0648651123047,0.762259304523468
165,392.7753601074219,179.7672576904297,396.5639343261719,188.1632080078125,0.7594439387321472
165,655.7184448242188,347.26849365234375,659.9959716796875,354.21923828125,0.7590819001197815
165,375.30804443359375,52.49673080444336,380.5578308105469,57.72782897949219,0.7563520073890686
165,59.2889289855957,242.15521240234375,63.5638313293457,251.42861938476562,0.7552733421325684
165,146.3607635498047,347.8971862792969,152.9381103515625,351.5914611816406,0.7475661039352417
165,490.6815185546875,63.514930725097656,494.8078308105469,71.37604522705078,0.7434993982315063
165,423.862548828125,348.64361572265625,431.2948303222656,352.5233154296875,0.7374277710914612
165,169.87124633789062,346.0378112792969,174.33148193359375,350.2278137207031,0.7359894514083862
165,664.4414672851562,350.1725158691406,669.7152099609375,354.5740051269531,0.7074207067489624
165,398.7748107910156,346.7754821777344,404.9045104980469,351.84130859375,0.7007678151130676
165,399.3020935058594,350.413818359375,406.8278503417969,355.156494140625,0.7002363801002502
165,408.94757080078125,350.1136474609375,414.4004211425781,353.95355224609375,0.6840845346450806
165,151.3592071533203,345.2694396972656,156.38710021972656,350.0855407714844,0.6652959585189819
165,501.2874755859375,346.275634765625,505.7087097167969,352.67919921875,0.6649177670478821
165,501.8059387207031,349.237060546875,505.7289123535156,355.9393310546875,0.41219377517700195
166,124.40399169921875,334.96832275390625,129.66281127929688,343.44775390625,0.8212574124336243
166,144.67599487304688,23.684621810913086,151.25376892089844,30.129915237426758,0.8211553692817688
166,547.6773071289062,222.61129760742188,553.5715942382812,229.91464233398438,0.8177419304847717
166,509.2315979003906,337.5487976074219,514.25244140625,345.90777587890625,0.8137500882148743
166,258.3282775878906,345.3048400878906,265.605712890625,354.42352294921875,0.8083600997924805
166,376.88323974609375,204.88526916503906,382.2827453613281,210.11949157714844,0.7928571701049805
166,616.3387451171875,349.7381286621094,622.8095092773438,354.70172119140625,0.792499303817749
166,491.67694091796875,264.9405212402344,496.50958251953125,272.4811706542969,0.7900552153587341
166,56.681480407714844,345.67529296875,63.730525970458984,350.5544738769531,0.7888051867485046
166,520.6550903320312,346.5074768066406,526.9790649414062,350.8332214355469,0.7839291095733643
166,36.32158660888672,18.721420288085938,41.234222412109375,27.146442413330078,0.7834029197692871
166,288.1198425292969,240.61268615722656,292.7018737792969,248.7372283935547,0.7754955291748047
166,669.0056762695312,302.43194580078125,672.9369506835938,311.1515808105469,0.7706891298294067
166,20.751440048217773,243.57933044433594,25.34498405456543,252.28573608398438,0.7700227499008179
166,282.3045959472656,132.37261962890625,286.6225891113281,141.01651000976562,0.7692596316337585
166,375.5552062988281,52.25849533081055,381.1140441894531,57.557586669921875,0.7657310366630554
166,169.2674560546875,346.303955078125,174.74095153808594,350.7729187011719,0.7636561989784241
166,392.6417541503906,177.31126403808594,396.4139099121094,185.9129180908203,0.7620833516120911
166,57.47273254394531,43.112430572509766,61.601505279541016,51.937984466552734,0.7600167989730835
166,60.35057067871094,77.80184936523438,66.06631469726562,83.36344909667969,0.7598799467086792
166,258.16375732421875,53.89632034301758,262.3434143066406,62.54106140136719,0.7594073414802551
166,655.798583984375,346.81402587890625,659.9535522460938,354.2441711425781,0.7577371597290039
166,59.60354232788086,238.62835693359375,63.53510284423828,247.87010192871094,0.7577096819877625
166,490.55975341796875,62.4897575378418,494.74969482421875,69.40261840820312,0.7442423105239868
166,271.5603332519531,341.1093444824219,276.0351257324219,346.05718994140625,0.7438132166862488
166,423.9249267578125,348.51446533203125,431.3057556152344,352.50140380859375,0.7406243681907654
166,146.3371124267578,346.07281494140625,154.6997528076172,351.5721740722656,0.7226384878158569
166,664.3536376953125,350.1549377441406,669.7780151367188,354.5534973144531,0.7126418352127075
166,150.72203063964844,345.6024475097656,156.9247283935547,350.5730895996094,0.6803585886955261
166,406.4734191894531,349.80029296875,413.3819885253906,353.7792663574219,0.680334746837616
166,398.7459411621094,347.0347595214844,404.90679931640625,351.7687072753906,0.6729185581207275
166,501.21527099609375,346.7071533203125,505.6070556640625,352.5718994140625,0.6723413467407227
166,399.08685302734375,350.21893310546875,406.1557922363281,355.4476013183594,0.6720284819602966
167,124.4320297241211,334.9860534667969,129.6759796142578,343.40472412109375,0.8182083964347839
167,547.65478515625,222.59861755371094,553.5723266601562,229.93658447265625,0.8166873455047607
167,144.65634155273438,23.67713737487793,151.29331970214844,30.116662979125977,0.8139544725418091
167,509.0404968261719,337.4634094238281,514.2012329101562,345.844482421875,0.8094552159309387
167,37.19576644897461,17.04436683654785,42.03542709350586,25.158937454223633,0.7912212014198303
167,616.89697265625,349.810302734375,624.2930908203125,354.5738220214844,0.7877927422523499
167,258.38909912109375,345.5205383300781,265.7571716308594,354.3048400878906,0.7851970791816711
167,491.6571044921875,264.9350891113281,496.4820556640625,272.4996643066406,0.785105288028717
167,376.8826904296875,204.89869689941406,382.2775573730469,210.1756591796875,0.7832474112510681
167,288.2747497558594,240.03269958496094,292.8341369628906,248.0914306640625,0.772672176361084
167,520.7984008789062,346.4332275390625,527.0365600585938,350.5286865234375,0.7704768180847168
167,282.5543212890625,130.54483032226562,286.84271240234375,139.3895263671875,0.7702015042304993
167,376.4823913574219,51.573265075683594,382.1311950683594,56.9586181640625,0.7687105536460876
167,58.283172607421875,345.8037414550781,65.64271545410156,350.2379150390625,0.7656735777854919
167,669.056396484375,302.27423095703125,673.0234375,310.91021728515625,0.7655640244483948
167,57.924835205078125,40.829803466796875,62.1268424987793,49.604156494140625,0.7634304165840149
167,392.3105773925781,174.75648498535156,396.29034423828125,183.0309295654297,0.7595618367195129
167,61.70498275756836,76.26324462890625,67.65780639648438,81.79463195800781,0.7580035924911499
167,258.5154724121094,50.84463882446289,262.52362060546875,59.389915466308594,0.7578223347663879
167,424.1173400878906,348.3360900878906,431.5048828125,352.5037841796875,0.7574816942214966
167,656.0411987304688,346.4501647949219,660.0297241210938,354.1634521484375,0.7537451386451721
167,59.760520935058594,235.547607421875,63.76288986206055,244.77577209472656,0.7531333565711975
167,169.45289611816406,346.3477478027344,174.8038330078125,350.63909912109375,0.752723217010498
167,19.37026596069336,241.7951202392578,24.060771942138672,250.19207763671875,0.7503597140312195
167,490.6898498535156,61.958553314208984,494.7523193359375,68.94302368164062,0.7429260015487671
167,146.36639404296875,345.9963073730469,155.01031494140625,351.5689392089844,0.7225339412689209
167,273.54052734375,340.79736328125,277.8056335449219,345.25970458984375,0.7085278034210205
167,663.6852416992188,350.1177673339844,669.7061157226562,354.2555236816406,0.6973365545272827
167,501.1178283691406,346.70263671875,505.65435791015625,352.8267822265625,0.6624665856361389
167,150.7109375,345.52252197265625,157.08168029785156,350.64111328125,0.6538864970207214
167,402.2956237792969,349.33624267578125,412.4354553222656,354.8106384277344,0.6164147257804871
167,398.5035400390625,347.0384521484375,405.6088562011719,351.9967956542969,0.4840410351753235
168,124.54220581054688,335.2527770996094,129.83738708496094,343.224365234375,0.8200730681419373
168,144.54656982421875,23.825164794921875,151.32493591308594,30.173311233520508,0.8161083459854126
168,547.6348266601562,222.4571533203125,553.6079711914062,229.85702514648438,0.8150514960289001
168,508.8513488769531,337.0585021972656,513.6907958984375,345.5993957519531,0.8066543340682983
168,37.7694206237793,15.202740669250488,42.98778533935547,23.266937255859375,0.7994509339332581
168,491.7135009765625,264.9141540527344,496.7810974121094,272.4654235839844,0.7920928001403809
168,60.592735290527344,345.7392272949219,67.92520141601562,350.08221435546875,0.7853298187255859
168,668.4740600585938,301.70599365234375,672.8555908203125,309.95404052734375,0.7822155356407166
168,279.5484619140625,341.5014953613281,285.66107177734375,346.84521484375,0.7810813784599304
168,376.8956298828125,204.92347717285156,382.28057861328125,210.12542724609375,0.7770342826843262
168,377.0196838378906,50.77628707885742,383.2001037597656,56.230560302734375,0.7740023732185364
168,63.126888275146484,74.39982604980469,68.8131103515625,80.46782684326172,0.7651743292808533
168,391.82537841796875,172.56280517578125,395.76812744140625,180.8134307861328,0.7651444673538208
168,288.2163391113281,240.58148193359375,292.636474609375,248.81576538085938,0.7649959325790405
168,60.33037185668945,232.6943359375,64.65949249267578,241.6912841796875,0.7649612426757812
168,282.6769104003906,128.1147003173828,286.72882080078125,136.8126678466797,0.7643880248069763
168,258.499267578125,47.84016799926758,262.5088806152344,56.72429656982422,0.7640895843505859
168,58.93089294433594,37.895050048828125,62.96153259277344,46.33016586303711,0.7624759078025818
168,424.1800537109375,348.23651123046875,431.5325927734375,352.4945983886719,0.7604801058769226
168,531.5913696289062,314.3454895019531,535.0518188476562,322.0633850097656,0.7604769468307495
168,655.8889770507812,345.5133972167969,659.7160034179688,353.4828186035156,0.7570971250534058
168,258.68060302734375,345.5332336425781,265.49786376953125,354.2723388671875,0.7546225190162659
168,19.037982940673828,239.57345581054688,23.828292846679688,248.06285095214844,0.7526631951332092
168,490.622802734375,60.842140197753906,494.5421447753906,67.75949096679688,0.7401819229125977
168,146.5680389404297,345.88330078125,155.265625,351.4161376953125,0.7150322198867798
168,169.12689208984375,347.05731201171875,174.65126037597656,350.6031494140625,0.7104167342185974
168,663.636474609375,349.9942932128906,669.5432739257812,353.8779602050781,0.7030435800552368
168,399.7431335449219,347.427734375,410.58209228515625,354.96661376953125,0.6849445700645447
168,501.3088684082031,346.7867736816406,505.6737365722656,351.9797058105469,0.6772584915161133
168,620.1651000976562,350.5796813964844,626.8954467773438,354.31854248046875,0.5914478898048401
168,150.9536895751953,345.3995056152344,157.4341278076172,350.5849304199219,0.5138311386108398
168,616.8990478515625,349.3820495605469,621.632080078125,353.337158203125,0.5092049837112427
168,145.572998046875,347.8509826660156,153.10545349121094,351.81121826171875,0.4256337583065033
169,526.2044677734375,270.11700439453125,531.1964721679688,279.6221618652344,0.8223226070404053
169,124.57106018066406,335.3575439453125,130.01165771484375,343.2292785644531,0.8173320889472961
169,547.6663818359375,222.45338439941406,553.6902465820312,229.8473358154297,0.8145459294319153
169,144.50584411621094,23.843454360961914,151.36045837402344,30.20323944091797,0.8136549592018127
169,491.4771728515625,263.93359375,497.22662353515625,271.4933776855469,0.8096904158592224
169,508.9386901855469,337.11981201171875,513.6319580078125,345.6997375488281,0.800662100315094
169,39.42345428466797,13.807268142700195,44.43356704711914,21.462299346923828,0.7976999878883362
169,258.2522277832031,345.5916442871094,265.7878723144531,354.6593933105469,0.792112410068512
169,668.4083251953125,300.7796325683594,672.9150390625,309.0364990234375,0.7880257368087769
169,61.79130935668945,345.7633972167969,68.94495391845703,350.1051330566406,0.7856067419052124
169,278.96356201171875,343.57666015625,284.7843322753906,348.6477966308594,0.7824949622154236
169,376.89617919921875,204.93536376953125,382.2666015625,210.126953125,0.7821681499481201
169,377.6587219238281,49.28617858886719,383.0010986328125,56.556373596191406,0.7806103825569153
169,60.309471130371094,229.33668518066406,64.39911651611328,238.6427001953125,0.7701711058616638
169,282.7950744628906,126.06175994873047,286.79620361328125,134.60382080078125,0.7689141631126404
169,391.6361999511719,170.21636962890625,395.597412109375,178.4480743408203,0.7664541602134705
169,424.36590576171875,348.1668701171875,431.54998779296875,352.52099609375,0.7636677622795105
169,288.667724609375,239.76815795898438,292.9097595214844,248.1304931640625,0.7622025012969971
169,258.45745849609375,45.43504333496094,262.4659423828125,53.94075393676758,0.7596103549003601
169,59.85316467285156,35.1734733581543,63.83761215209961,43.32025909423828,0.7590273022651672
169,64.484619140625,73.23286437988281,69.80978393554688,79.17617797851562,0.757722795009613
169,18.59677505493164,238.14974975585938,22.91669464111328,245.9339599609375,0.7554578185081482
169,655.8565673828125,345.4824523925781,659.73095703125,353.56317138671875,0.7550271153450012
169,490.4566955566406,59.53459167480469,494.530029296875,66.25597381591797,0.746867835521698
169,146.50303649902344,346.11358642578125,155.22000122070312,351.6224670410156,0.7397279143333435
169,399.4414978027344,347.2405700683594,408.6907653808594,355.1616516113281,0.7287791967391968
169,663.7328491210938,349.18463134765625,669.8408813476562,353.68414306640625,0.7248960733413696
169,501.38983154296875,346.4646301269531,505.5988464355469,352.33929443359375,0.691892147064209
169,169.48974609375,346.9867248535156,174.77981567382812,350.555908203125,0.6908854246139526
169,621.7025756835938,350.75677490234375,627.6076049804688,354.4967041015625,0.634995698928833
169,151.0524444580078,345.49871826171875,157.68617248535156,350.6878967285156,0.5400768518447876
169,617.1054077148438,349.1570129394531,621.3240966796875,353.2481994628906,0.5041950345039368
170,144.52178955078125,23.911157608032227,151.4004669189453,30.272634506225586,0.8237854242324829
170,491.6854553222656,263.28057861328125,497.7234802246094,270.809326171875,0.8206288814544678
170,515.4227905273438,232.37057495117188,520.3034057617188,241.3028564453125,0.8163649439811707
170,547.7984619140625,222.4536590576172,553.9066162109375,229.98085021972656,0.8136780261993408
170,124.58706665039062,335.355712890625,129.99415588378906,343.06597900390625,0.8074632287025452
170,508.9334716796875,337.0861511230469,513.6392822265625,345.7359619140625,0.7994664311408997
170,668.1978759765625,300.3399658203125,672.6768188476562,308.6527099609375,0.7959126234054565
170,63.59307098388672,345.7034912109375,70.34759521484375,350.1419372558594,0.7908877730369568
170,146.6947479248047,346.684814453125,155.39320373535156,351.6763000488281,0.7858229875564575
170,399.0672302246094,347.0758972167969,407.13092041015625,355.219970703125,0.784991443157196
170,258.1702880859375,345.7152099609375,265.918701171875,354.7255554199219,0.7843130826950073
170,376.91656494140625,204.9038543701172,382.3415222167969,210.16468811035156,0.7832563519477844
170,60.72087478637695,226.85533142089844,64.8053207397461,235.77883911132812,0.7825993895530701
170,40.523109436035156,11.843505859375,45.35977554321289,19.719676971435547,0.7803032398223877
170,65.72869110107422,71.35856628417969,70.88992309570312,77.88819885253906,0.7750173211097717
170,278.2542724609375,344.91253662109375,285.1434631347656,348.71087646484375,0.7688555121421814
170,424.44329833984375,348.211669921875,431.5264587402344,352.5880126953125,0.7665494084358215
170,60.0804557800293,32.22630310058594,64.10443878173828,40.903587341308594,0.7650937438011169
170,655.5099487304688,345.0643310546875,659.465576171875,353.4632873535156,0.7645204663276672
170,282.0325012207031,123.30723571777344,286.11102294921875,132.22108459472656,0.7611818909645081
170,18.06165885925293,235.45355224609375,22.317991256713867,243.94229125976562,0.7600947618484497
170,258.085693359375,42.499977111816406,262.2585754394531,51.2774543762207,0.758158266544342
170,378.4715576171875,47.530517578125,382.6808166503906,55.52349853515625,0.7577627301216125
170,288.88916015625,238.7178497314453,293.1851501464844,247.0520477294922,0.756065309047699
170,390.8656921386719,167.828857421875,394.6995849609375,176.08807373046875,0.7524588108062744
170,490.5478515625,58.43362045288086,494.603759765625,65.18359375,0.7452926635742188
170,169.4437255859375,347.0078430175781,174.8221893310547,350.5416259765625,0.6895079016685486
170,663.61962890625,349.4206237792969,669.9883422851562,353.8155517578125,0.6838958263397217
170,623.24658203125,350.4315185546875,628.6249389648438,354.30706787109375,0.6811007261276245
170,617.3175048828125,349.20965576171875,621.8151245117188,353.22857666015625,0.6729660630226135
170,501.52593994140625,346.60516357421875,505.69732666015625,352.4729919433594,0.6685112118721008
171,144.54747009277344,23.834012985229492,151.34580993652344,30.310291290283203,0.8183623552322388
171,547.71630859375,222.5858154296875,553.7666625976562,229.91233825683594,0.8129119277000427
171,42.286033630371094,7.745150089263916,47.35050582885742,17.92145538330078,0.8015756607055664
171,125.20071411132812,335.4038391113281,130.62611389160156,343.05096435546875,0.8008075952529907
171,492.35284423828125,262.4853515625,497.77093505859375,269.7629699707031,0.7932873368263245
171,508.9854431152344,337.07318115234375,513.6625366210938,345.6220703125,0.7927941679954529
171,258.5712890625,345.7444763183594,265.57513427734375,355.007080078125,0.7877920269966125
171,64.44247436523438,346.4188537597656,71.58081817626953,350.5618591308594,0.7859230637550354
171,146.69383239746094,346.6224060058594,155.07864379882812,351.67608642578125,0.7774372100830078
171,376.96844482421875,204.9005889892578,382.2449645996094,210.14549255371094,0.7763460278511047
171,60.14508819580078,224.22434997558594,64.2925796508789,233.4033203125,0.7743111252784729
171,278.10980224609375,344.95611572265625,284.8524475097656,348.6949462890625,0.7741470336914062
171,60.89861297607422,29.811817169189453,65.48326110839844,38.48115158081055,0.7737244963645935
171,668.2852783203125,298.9408874511719,672.3867797851562,307.4747619628906,0.7724663615226746
171,257.9087219238281,39.743255615234375,262.07806396484375,48.67580032348633,0.771335244178772
171,67.4349594116211,70.11406707763672,72.19497680664062,76.27674102783203,0.771261990070343
171,390.525146484375,165.44309997558594,394.5606384277344,173.71652221679688,0.7642121315002441
171,281.11627197265625,121.30491638183594,285.4523620605469,129.9900665283203,0.7639608383178711
171,508.7518005371094,205.92227172851562,513.1939086914062,213.21681213378906,0.7582387924194336
171,17.46537971496582,233.1524658203125,21.929073333740234,241.47659301757812,0.7580352425575256
171,378.9446105957031,45.73744583129883,383.1578674316406,53.92563247680664,0.7559659481048584
171,424.4667053222656,348.2461853027344,431.386962890625,352.5827331542969,0.7558680176734924
171,288.9559326171875,238.2406768798828,293.2209167480469,246.78211975097656,0.7513288259506226
171,655.690673828125,345.05548095703125,659.3935546875,352.77392578125,0.7488151788711548
171,490.8226013183594,56.52429962158203,494.9097595214844,64.1062240600586,0.7430071830749512
171,655.4430541992188,345.0118103027344,658.8021240234375,352.8141174316406,0.7088819742202759
171,623.7745971679688,350.052490234375,629.0953369140625,354.0756530761719,0.6994510293006897
171,169.2825469970703,346.98931884765625,174.75828552246094,350.6263427734375,0.6965638995170593
171,663.6740112304688,349.41845703125,670.1336669921875,353.8643493652344,0.6812184453010559
171,617.2935791015625,349.2898254394531,621.8733520507812,353.31048583984375,0.6780484318733215
171,501.3659362792969,346.9432678222656,505.6981201171875,352.0902099609375,0.656701922416687
171,396.66522216796875,347.47198486328125,406.77850341796875,355.1169128417969,0.6403276324272156
172,530.635986328125,219.2377166748047,539.0591430664062,224.13876342773438,0.818087100982666
172,144.5022430419922,23.903093338012695,151.3182830810547,30.282115936279297,0.8158435821533203
172,508.99981689453125,337.1147155761719,513.6231689453125,345.5287170410156,0.8036876320838928
172,258.9678955078125,345.5884704589844,266.09442138671875,353.9193420410156,0.7983072400093079
172,125.3665542602539,335.1939392089844,130.65231323242188,342.7651062011719,0.7962138056755066
172,492.71417236328125,261.5086975097656,497.8835754394531,269.2963562011719,0.7951854467391968
172,64.38145446777344,346.23583984375,71.05587005615234,350.4178771972656,0.790273904800415
172,517.5245971679688,186.41192626953125,523.6785278320312,192.58656311035156,0.7887959480285645
172,146.8445587158203,346.83306884765625,155.2791290283203,351.6405334472656,0.7847751975059509
172,376.8226623535156,204.82801818847656,382.1783752441406,210.1549072265625,0.7803226113319397
172,61.68125534057617,26.899137496948242,65.91757202148438,35.538414001464844,0.7765777111053467
172,277.8251953125,344.96954345703125,284.619140625,348.70306396484375,0.7724615931510925
172,668.254150390625,298.49688720703125,672.33837890625,307.2239685058594,0.7717785835266113
172,43.736114501953125,7.367941379547119,48.305843353271484,16.079631805419922,0.771089494228363
172,68.3821792602539,68.98511505126953,73.20960998535156,74.74768829345703,0.7691958546638489
172,59.982818603515625,221.16148376464844,64.31140899658203,230.16734313964844,0.7689790725708008
172,257.6534423828125,36.725440979003906,261.7589111328125,45.495521545410156,0.7671136856079102
172,423.9004211425781,348.1940612792969,430.89166259765625,352.5956726074219,0.764165461063385
172,280.4028625488281,119.18357849121094,284.7666015625,127.6876449584961,0.7619996666908264
172,655.61328125,345.06427001953125,659.2269287109375,352.76104736328125,0.7584711909294128
172,389.4389343261719,162.6334686279297,393.37408447265625,171.10536193847656,0.7579793930053711
172,16.488317489624023,230.8350372314453,20.969242095947266,239.334228515625,0.756817102432251
172,378.9516296386719,43.598228454589844,383.1792907714844,51.7618293762207,0.7517067193984985
172,288.9584655761719,238.24859619140625,293.14642333984375,246.7837371826172,0.7505291104316711
172,491.2177734375,55.02503204345703,495.3329772949219,62.241546630859375,0.7440657615661621
172,617.2268676757812,349.33819580078125,621.858642578125,353.34649658203125,0.7075549960136414
172,169.5743865966797,346.97064208984375,175.03880310058594,350.594482421875,0.7019849419593811
172,623.96728515625,350.5534973144531,629.759521484375,354.3197021484375,0.6836479902267456
172,663.2257080078125,349.3890686035156,669.4331665039062,353.64202880859375,0.682905912399292
172,501.3963317871094,346.6103820800781,505.42535400390625,352.62615966796875,0.6628876328468323
172,398.85626220703125,347.9041748046875,406.3256530761719,354.39361572265625,0.6550657153129578
172,394.38507080078125,348.2319641113281,401.1539611816406,353.48638916015625,0.4170015752315521
173,144.49691772460938,23.961746215820312,151.37681579589844,30.268310546875,0.8224819898605347
173,508.9891662597656,337.2577209472656,513.6405029296875,345.6576843261719,0.8103642463684082
173,492.9099426269531,261.3111572265625,498.1021728515625,269.04144287109375,0.7985732555389404
173,615.1057739257812,336.23358154296875,621.093994140625,341.23248291015625,0.7984302043914795
173,258.3421325683594,345.5403137207031,266.0844421386719,353.00885009765625,0.7923662066459656
173,125.59329986572266,334.99041748046875,131.30421447753906,342.32666015625,0.7895136475563049
173,655.7277221679688,345.0557556152344,659.759765625,352.8003845214844,0.7889851331710815
173,550.3671264648438,174.7241973876953,558.2457275390625,178.96156311035156,0.784625768661499
173,668.38623046875,298.5152282714844,672.4434814453125,307.18975830078125,0.7828407287597656
173,64.53754425048828,346.0263366699219,70.54747009277344,350.3880310058594,0.7826822400093079
173,376.8021545410156,204.8533935546875,382.0903625488281,210.10491943359375,0.7804561257362366
173,279.1090087890625,117.1270751953125,283.4942932128906,125.81265258789062,0.77733314037323
173,624.997314453125,350.3330993652344,631.56396484375,354.3442077636719,0.7773178815841675
173,62.59223556518555,25.40410804748535,66.63111114501953,33.59687042236328,0.7746936082839966
173,388.5058288574219,160.89076232910156,392.6379699707031,169.19784545898438,0.7712080478668213
173,492.451171875,194.8669891357422,496.64947509765625,201.90560913085938,0.7703295946121216
173,45.2312126159668,7.251841068267822,49.27259826660156,15.139665603637695,0.7701471447944641
173,379.32952880859375,41.61503982543945,383.5518493652344,50.04165267944336,0.7682415246963501
173,257.3757629394531,33.68476486206055,261.40966796875,42.24360656738281,0.7680039405822754
173,146.74191284179688,346.52496337890625,154.95364379882812,351.4241638183594,0.7674645185470581
173,423.3741760253906,347.9870300292969,430.33966064453125,352.80560302734375,0.7671554088592529
173,59.855045318603516,218.08132934570312,64.0307846069336,227.49658203125,0.764579713344574
173,277.83929443359375,345.171142578125,284.22198486328125,348.7381286621094,0.7611611485481262
173,69.30941009521484,67.86898803710938,73.85034942626953,73.44322204589844,0.760800838470459
173,15.865103721618652,228.19407653808594,20.246355056762695,236.33998107910156,0.7592633962631226
173,289.03814697265625,238.0137176513672,293.1520080566406,246.56094360351562,0.7560349106788635
173,491.2528991699219,53.827938079833984,495.2190856933594,61.16447067260742,0.7484700679779053
173,663.0382080078125,349.4877014160156,668.8050537109375,353.5227355957031,0.7215256094932556
173,170.2721405029297,346.9303894042969,175.66307067871094,350.56591796875,0.7185237407684326
173,501.2809143066406,346.3192443847656,505.5449523925781,352.686767578125,0.6769840121269226
173,398.6462707519531,347.4102783203125,405.93389892578125,354.4739685058594,0.6546894907951355
173,392.48394775390625,347.8584899902344,399.0869140625,352.8675842285156,0.5233745574951172
173,151.04225158691406,346.07806396484375,157.0788116455078,350.74639892578125,0.4064834415912628
173,399.34320068359375,349.8472900390625,406.56219482421875,355.5377197265625,0.40011194348335266
174,638.9264526367188,329.23468017578125,645.2760620117188,335.31219482421875,0.8210972547531128
174,144.4917449951172,23.94940948486328,151.41468811035156,30.22418212890625,0.8210155963897705
174,493.05987548828125,260.9146728515625,498.1067810058594,268.7235412597656,0.8071649670600891
174,508.8258361816406,337.19940185546875,513.5952758789062,345.6340026855469,0.8026266098022461
174,125.67401885986328,335.2947082519531,131.79017639160156,342.1180419921875,0.8023865818977356
174,376.8309020996094,204.88563537597656,382.0290832519531,210.12330627441406,0.7792925834655762
174,146.94735717773438,346.5117492675781,155.29713439941406,351.36785888671875,0.779066801071167
174,668.4917602539062,298.5327453613281,672.4893798828125,307.17529296875,0.776666522026062
174,624.833251953125,350.6062316894531,631.782470703125,354.316650390625,0.7766190767288208
174,63.274200439453125,22.562217712402344,67.38414001464844,31.100919723510742,0.7760248184204102
174,655.70703125,344.8059387207031,659.6477661132812,352.81500244140625,0.7753616571426392
174,64.74807739257812,345.71685791015625,70.45449829101562,350.177001953125,0.7737042307853699
174,379.6665954589844,39.40989685058594,383.8017883300781,47.684165954589844,0.7734806537628174
174,278.70208740234375,115.011474609375,282.9090270996094,123.60043334960938,0.7732126712799072
174,388.4158630371094,158.34829711914062,392.5269775390625,166.6962890625,0.7681707143783569
174,257.58795166015625,345.3423156738281,266.5107727050781,352.0215759277344,0.7665885090827942
174,423.2362976074219,348.0903015136719,430.0406188964844,352.8444519042969,0.7641960978507996
174,15.440831184387207,225.8363037109375,19.61530876159668,234.306640625,0.7614229321479797
174,59.78550720214844,215.1244354248047,63.866546630859375,224.10475158691406,0.7601664066314697
174,257.12835693359375,31.56273078918457,261.10400390625,39.75971221923828,0.759342610836029
174,553.4727783203125,175.1812744140625,558.7510375976562,179.56072998046875,0.7572934627532959
174,277.8290710449219,345.2030029296875,284.1583251953125,348.7225646972656,0.754594087600708
174,289.2618408203125,237.0814208984375,293.2533264160156,245.64210510253906,0.7536999583244324
174,46.41911697387695,6.948884010314941,50.402767181396484,14.117372512817383,0.7475830316543579
174,491.3168029785156,52.90194320678711,495.2687072753906,60.06245422363281,0.7435532808303833
174,493.1553955078125,194.3528289794922,497.50341796875,201.31028747558594,0.7435130476951599
174,170.49839782714844,346.74334716796875,176.41726684570312,350.5819091796875,0.731066882610321
174,70.3421630859375,66.72478485107422,74.50520324707031,72.3244400024414,0.7266181111335754
174,663.0663452148438,349.3937072753906,668.695068359375,353.31610107421875,0.7109578251838684
174,398.413818359375,347.2156066894531,405.18109130859375,353.63214111328125,0.6938557624816895
174,390.06329345703125,348.1714172363281,396.64801025390625,352.9842834472656,0.674186646938324
174,501.3017272949219,346.4310607910156,505.3716125488281,351.742431640625,0.6568676829338074
175,144.51394653320312,23.931468963623047,151.34197998046875,30.286439895629883,0.8210451006889343
175,493.0672302246094,260.7522888183594,498.2210388183594,268.5709228515625,0.8090052008628845
175,125.93151092529297,335.6829528808594,132.2279815673828,341.60284423828125,0.7993888854980469
175,508.80194091796875,337.25555419921875,513.6300659179688,345.7162170410156,0.7991041541099548
175,147.0999755859375,346.4719543457031,155.533203125,351.2876281738281,0.7901928424835205
175,655.6484375,344.7182922363281,659.7305297851562,352.6967468261719,0.7882793545722961
175,64.15886688232422,20.2748966217041,68.8653335571289,28.348541259765625,0.7867122888565063
175,376.82568359375,204.86175537109375,382.08416748046875,210.1255340576172,0.7783697247505188
175,624.76904296875,350.5106201171875,631.7064819335938,354.3076171875,0.7765055894851685
175,64.91897583007812,345.6992492675781,70.65829467773438,350.1661071777344,0.7752038240432739
175,171.942626953125,346.6491394042969,178.85765075683594,350.59747314453125,0.7751273512840271
175,256.874755859375,345.2348327636719,266.06536865234375,350.2417297363281,0.774212658405304
175,668.3890991210938,298.62127685546875,672.4077758789062,307.23614501953125,0.7710263133049011
175,379.7707214355469,37.49964904785156,383.950927734375,45.785037994384766,0.769332766532898
175,277.3534851074219,113.18504333496094,282.1117858886719,121.45869445800781,0.7660384178161621
175,387.3565673828125,156.10797119140625,391.3721008300781,164.69630432128906,0.7645367383956909
175,59.09108352661133,212.1484375,63.492698669433594,220.88827514648438,0.7634823322296143
175,632.5928344726562,334.8251647949219,638.8980102539062,338.76287841796875,0.7594304084777832
175,289.123779296875,236.3512420654297,293.2635498046875,245.0528564453125,0.7593070864677429
175,553.4166870117188,174.99990844726562,558.638427734375,179.36878967285156,0.7563243508338928
175,491.5833740234375,51.675899505615234,495.7166748046875,58.99101638793945,0.7516264915466309
175,423.2623596191406,348.0958557128906,430.1632385253906,352.8846435546875,0.7493757009506226
175,256.301513671875,28.383907318115234,260.148681640625,37.314002990722656,0.7484571933746338
175,493.5498962402344,193.2855224609375,497.80340576171875,200.25894165039062,0.7473105788230896
175,277.7779235839844,345.34210205078125,284.2470703125,348.7151184082031,0.7457430958747864
175,15.267478942871094,223.38482666015625,19.275840759277344,231.757568359375,0.7369256615638733
175,663.08251953125,349.43243408203125,668.7503051757812,353.15350341796875,0.7204265594482422
175,388.59893798828125,348.11090087890625,395.2099914550781,353.099365234375,0.7137617468833923
175,70.63017272949219,65.97969818115234,74.67133331298828,71.31822204589844,0.7059829235076904
175,398.9302673339844,347.2753601074219,405.7461853027344,353.9088134765625,0.6958821415901184
175,501.34136962890625,346.2379455566406,505.4890441894531,352.027099609375,0.6699432134628296
176,144.59413146972656,23.974321365356445,151.37271118164062,30.31555938720703,0.8203582167625427
176,493.05181884765625,260.6893005371094,498.14935302734375,268.5521545410156,0.8037921786308289
176,508.85809326171875,337.35992431640625,513.6056518554688,345.6724548339844,0.7950160503387451
176,125.90653991699219,335.6980285644531,132.2034912109375,341.3435974121094,0.7918351888656616
176,655.6915893554688,344.7213439941406,659.804931640625,352.7794494628906,0.7848201394081116
176,376.84173583984375,204.85635375976562,382.0721435546875,210.12278747558594,0.7793653607368469
176,147.08056640625,346.34027099609375,155.72059631347656,351.175048828125,0.7790970206260681
176,65.0068359375,17.712953567504883,69.4368896484375,25.55055046081543,0.7752206325531006
176,289.0052185058594,235.86387634277344,293.37255859375,244.1930389404297,0.7751429677009583
176,65.16952514648438,345.6943054199219,70.79312133789062,350.2516174316406,0.7739312648773193
176,668.3504638671875,298.6268615722656,672.3712158203125,307.1984558105469,0.7722442746162415
176,58.301090240478516,210.11068725585938,63.04625701904297,218.4593963623047,0.7720606923103333
176,276.11077880859375,111.38455200195312,280.9442138671875,119.10672760009766,0.7663413882255554
176,173.8160400390625,346.3816223144531,180.21746826171875,350.4306640625,0.7653030753135681
176,624.5958251953125,350.57220458984375,631.5803833007812,354.2707214355469,0.7631865739822388
176,380.1722106933594,35.31956481933594,384.2860107421875,43.919158935546875,0.7631135582923889
176,493.5968322753906,192.0519561767578,498.0772705078125,199.0410919189453,0.7627673149108887
176,491.4706726074219,50.61295700073242,495.6928405761719,58.22895812988281,0.7571873068809509
176,387.154052734375,154.19656372070312,390.9850769042969,162.48829650878906,0.7556419372558594
176,553.4782104492188,174.78868103027344,558.6451416015625,179.2006378173828,0.7518437504768372
176,277.9664001464844,345.3085021972656,283.95184326171875,348.62750244140625,0.7509945631027222
176,256.1481628417969,28.02678871154785,259.81878662109375,36.407997131347656,0.7385216951370239
176,423.36944580078125,348.1228332519531,430.11053466796875,352.9520263671875,0.7383840680122375
176,623.9519653320312,338.18963623046875,629.2906494140625,342.5732116699219,0.7339228391647339
176,663.0277709960938,349.5653381347656,668.9985961914062,353.31243896484375,0.7220302820205688
176,398.8696594238281,347.29998779296875,405.596435546875,353.7273254394531,0.7138751745223999
176,261.2842712402344,344.6812744140625,267.2475891113281,348.9665832519531,0.70159512758255
176,70.79986572265625,64.7659683227539,74.85962677001953,70.10740661621094,0.697550892829895
176,15.161975860595703,220.98593139648438,19.05815315246582,229.47860717773438,0.6966642141342163
176,256.2001953125,346.0661926269531,261.524658203125,350.2177734375,0.6924747228622437
176,501.2845764160156,346.9059753417969,505.5240173339844,351.9944763183594,0.6492812633514404
176,387.4216613769531,348.2054138183594,394.1784362792969,353.45623779296875,0.6439957022666931
177,144.58432006835938,23.952486038208008,151.39578247070312,30.27798843383789,0.8166621923446655
177,493.13299560546875,260.3573303222656,498.1763000488281,268.23974609375,0.7951534390449524
177,508.934326171875,337.30841064453125,513.5511474609375,345.5859680175781,0.7872310876846313
177,56.73861312866211,208.28428649902344,61.8448371887207,216.05941772460938,0.7867593169212341
177,126.03753662109375,335.3199157714844,132.50741577148438,340.83050537109375,0.7800814509391785
177,655.6905517578125,344.71722412109375,659.7496337890625,352.7357177734375,0.7778779864311218
177,376.837158203125,204.80686950683594,382.1006774902344,210.12890625,0.7776226997375488
177,65.48477935791016,345.7218322753906,71.26311492919922,350.2677307128906,0.7772254943847656
177,668.259765625,298.67529296875,672.4172973632812,307.2656555175781,0.7747539281845093
177,274.64935302734375,109.5802993774414,280.0867004394531,117.34878540039062,0.7725794911384583
177,289.1061096191406,235.71519470214844,293.511474609375,243.71893310546875,0.7717877626419067
177,493.8570861816406,191.1161346435547,498.5356750488281,197.94674682617188,0.7702409625053406
177,65.72291564941406,15.786162376403809,70.31156158447266,23.533382415771484,0.7687925696372986
177,175.52049255371094,345.9151916503906,181.9296112060547,350.0376281738281,0.7635442018508911
177,386.59210205078125,151.83314514160156,390.34014892578125,160.29039001464844,0.7631424069404602
177,147.0537567138672,346.05413818359375,155.317138671875,350.9140319824219,0.7590453624725342
177,381.2672119140625,35.25033950805664,385.3382568359375,43.47917556762695,0.7588433623313904
177,254.78346252441406,27.058895111083984,259.0382385253906,34.87717056274414,0.7497262358665466
177,491.5947570800781,50.514747619628906,495.9951171875,57.75901794433594,0.7454253435134888
177,553.5465087890625,174.76881408691406,558.6075439453125,179.16729736328125,0.7453757524490356
177,277.5268249511719,345.1066589355469,283.437744140625,348.5737609863281,0.744337797164917
177,399.86541748046875,347.672119140625,407.8656311035156,353.6853332519531,0.7405490875244141
177,423.5691833496094,348.2900390625,430.3460998535156,352.91143798828125,0.7342337965965271
177,620.5774536132812,346.3377380371094,626.1683959960938,351.5165710449219,0.7250030040740967
177,14.582780838012695,218.30271911621094,18.46892547607422,226.747802734375,0.7242037057876587
177,663.0577392578125,349.50213623046875,669.4085693359375,353.530517578125,0.7189164161682129
177,625.653076171875,350.55572509765625,631.8294067382812,354.6732482910156,0.7071695327758789
177,261.22113037109375,344.63568115234375,267.2193908691406,348.81085205078125,0.687336266040802
177,70.53060913085938,63.810157775878906,74.65589141845703,69.50328063964844,0.6872103214263916
177,255.62393188476562,346.1533508300781,261.1353454589844,350.1232604980469,0.685232937335968
177,501.2526550292969,347.0493469238281,505.5097351074219,352.0960998535156,0.6558613181114197
177,386.99578857421875,349.1316223144531,394.1142272949219,353.6536865234375,0.5904579758644104
178,144.55136108398438,23.970291137695312,151.44247436523438,30.352191925048828,0.8118798136711121
178,508.9518127441406,337.2317199707031,513.515625,345.55718994140625,0.7935658097267151
178,289.2776184082031,235.06202697753906,294.0308837890625,243.3665771484375,0.7933224439620972
178,493.4268493652344,260.02691650390625,498.31512451171875,267.9833068847656,0.7908769249916077
178,55.401580810546875,205.7195281982422,60.63017272949219,213.2758026123047,0.7864396572113037
178,376.8515319824219,204.8290252685547,382.1278381347656,210.1444549560547,0.7807979583740234
178,273.2613830566406,108.23688507080078,278.8087463378906,115.83372497558594,0.7802020907402039
178,126.69722747802734,335.3665771484375,133.0862579345703,340.82318115234375,0.7793043255805969
178,668.1923828125,298.7015075683594,672.3565673828125,307.2615966796875,0.7759914398193359
178,493.9805908203125,190.11029052734375,498.68865966796875,197.08053588867188,0.7711308598518372
178,176.64523315429688,345.6102294921875,183.2761688232422,349.7104797363281,0.7663572430610657
178,386.229736328125,149.4467010498047,390.0440979003906,157.8293914794922,0.7641628980636597
178,66.14859771728516,345.4658203125,71.81239318847656,349.8320617675781,0.7632113099098206
178,254.0576629638672,25.81635093688965,258.4595642089844,33.632774353027344,0.758689284324646
178,655.8768920898438,344.746826171875,659.8842163085938,352.74237060546875,0.7554683089256287
178,380.78594970703125,33.98292922973633,384.57958984375,42.56247329711914,0.7537438273429871
178,276.8825988769531,344.80157470703125,282.97027587890625,348.5685119628906,0.7529987692832947
178,66.74685668945312,13.61818790435791,71.34794616699219,21.44896125793457,0.7498588562011719
178,491.9397888183594,49.93651580810547,496.1702880859375,56.97663497924805,0.7467215061187744
178,146.98641967773438,345.7853088378906,155.52430725097656,350.9152526855469,0.7458195686340332
178,553.6126708984375,174.76962280273438,558.6345825195312,179.1536102294922,0.7423352599143982
178,14.102128028869629,216.04669189453125,18.29842758178711,224.40594482421875,0.7399595379829407
178,423.683349609375,348.1480712890625,430.2301330566406,352.8511657714844,0.7345476746559143
178,617.0623168945312,349.8482666015625,621.7708129882812,355.9150085449219,0.7239323854446411
178,69.93626403808594,62.78350830078125,74.37181854248047,68.30966186523438,0.7128708362579346
178,398.8763732910156,347.2642822265625,406.3119812011719,352.9067687988281,0.7076006531715393
178,385.2723083496094,348.3546142578125,392.2467041015625,353.2980041503906,0.7043574452400208
178,255.45089721679688,345.89141845703125,260.49267578125,350.2250671386719,0.7037659883499146
178,663.309814453125,349.42108154296875,669.3824462890625,353.3286437988281,0.6967838406562805
178,261.5373229980469,344.68206787109375,267.1669921875,348.7314453125,0.6500160694122314
178,501.22467041015625,346.9393615722656,505.5061340332031,352.0025634765625,0.635425865650177
178,67.48171997070312,5.610940933227539,72.28473663330078,10.65665340423584,0.5984717011451721
178,624.46240234375,350.78045654296875,631.7150268554688,354.7070617675781,0.483584463596344
179,144.5414276123047,24.014814376831055,151.44686889648438,30.345605850219727,0.8196409344673157
179,53.371620178222656,203.4541778564453,58.89745330810547,210.95875549316406,0.7960850596427917
179,493.3096008300781,259.76220703125,498.2433166503906,267.8047180175781,0.7925534248352051
179,289.8334045410156,234.60928344726562,294.6144714355469,242.48419189453125,0.7909306883811951
179,508.9013977050781,337.38897705078125,513.430908203125,345.6533203125,0.7868748307228088
179,376.8576354980469,204.88375854492188,382.0978698730469,210.13523864746094,0.7796165943145752
179,146.92074584960938,345.7306213378906,155.50367736816406,350.9522399902344,0.7761015295982361
179,668.174072265625,298.45843505859375,672.3150024414062,307.2186279296875,0.7757560610771179
179,272.4450988769531,106.4267578125,277.73846435546875,113.9610595703125,0.7753109931945801
179,494.3289794921875,188.8834991455078,498.9696960449219,195.85305786132812,0.7643318772315979
179,177.90155029296875,345.6309509277344,184.49205017089844,349.6144104003906,0.7642257213592529
179,126.74655151367188,335.3742980957031,133.17320251464844,340.8141174316406,0.7638165354728699
179,655.737060546875,343.8747863769531,659.57568359375,352.149169921875,0.7593507170677185
179,253.49102783203125,23.85367774963379,257.77935791015625,31.36667823791504,0.7513034343719482
179,275.85986328125,344.84735107421875,282.61346435546875,348.4612731933594,0.7504253387451172
179,385.8840637207031,147.2608642578125,389.710693359375,155.48971557617188,0.7498601078987122
179,66.81343078613281,345.46807861328125,72.20787048339844,349.8831481933594,0.7497329711914062
179,423.776123046875,347.9974365234375,430.256591796875,352.81317138671875,0.7483060359954834
179,380.75494384765625,32.900516510009766,384.5293884277344,41.582923889160156,0.7467838525772095
179,491.9596862792969,49.706459045410156,496.16845703125,56.77363586425781,0.7461673617362976
179,13.90937614440918,213.32760620117188,17.892662048339844,221.7970733642578,0.7415726780891418
179,554.2942504882812,174.51303100585938,558.8754272460938,179.30162048339844,0.7410711050033569
179,69.6001968383789,61.190940856933594,74.11885833740234,67.33967590332031,0.7365662455558777
179,400.6575622558594,347.4541931152344,408.3563537597656,353.40924072265625,0.7230225801467896
179,255.32510375976562,345.8739318847656,260.5527038574219,350.2674865722656,0.7121915221214294
179,619.4174194335938,350.2640380859375,623.9313354492188,354.4975891113281,0.7060925960540771
179,383.8802795410156,348.4049072265625,390.5561218261719,353.2470703125,0.7059729695320129
179,663.3281860351562,349.0408630371094,669.5428466796875,353.2854309082031,0.6964491009712219
179,261.8180236816406,344.6822204589844,267.340576171875,348.66552734375,0.6553572416305542
179,68.27449035644531,6.949120998382568,72.5558090209961,12.259696960449219,0.6479675769805908
179,501.15679931640625,347.0198059082031,505.3828125,352.0176696777344,0.6391045451164246
179,625.3388061523438,351.0198974609375,631.1824340820312,354.315673828125,0.5636717677116394
179,68.23490142822266,10.352822303771973,72.4276123046875,18.818859100341797,0.5629252791404724
180,144.51577758789062,24.080036163330078,151.50743103027344,30.353652954101562,0.8270782232284546
180,52.31289291381836,200.7560577392578,57.583980560302734,208.302978515625,0.7971540093421936
180,290.7427978515625,233.6512908935547,295.21588134765625,241.55799865722656,0.7896068692207336
180,508.9401550292969,337.4822998046875,513.4600830078125,345.9233093261719,0.7884222269058228
180,493.436279296875,259.364013671875,498.2706298828125,266.806396484375,0.7818533778190613
180,376.8571472167969,204.9125518798828,382.0652160644531,210.0867462158203,0.7791022658348083
180,271.631103515625,104.90132141113281,276.9894104003906,112.60932159423828,0.7770154476165771
180,146.61517333984375,345.6730651855469,155.28927612304688,350.9845275878906,0.7752591371536255
180,656.0198974609375,342.6477355957031,660.2186889648438,351.24163818359375,0.7726085782051086
180,668.2233276367188,298.6651611328125,672.3521118164062,307.2793273925781,0.771172285079956
180,69.15931701660156,7.9798736572265625,73.1512680053711,17.034687042236328,0.7684575319290161
180,178.1572723388672,345.5002746582031,184.79188537597656,349.5580749511719,0.7618067264556885
180,126.80055236816406,335.58380126953125,133.02174377441406,340.99749755859375,0.7601660490036011
180,423.9083557128906,347.8443603515625,430.3787536621094,352.6867370605469,0.7556597590446472
180,385.5071105957031,144.7190704345703,389.03631591796875,153.06675720214844,0.7493383884429932
180,13.884583473205566,211.0633544921875,17.766759872436523,219.6106719970703,0.7486024498939514
180,69.30513000488281,60.0413818359375,73.86566162109375,66.09612274169922,0.7475154995918274
180,491.88568115234375,49.732139587402344,496.1688537597656,56.73971939086914,0.7467395067214966
180,252.7830047607422,22.238426208496094,257.055908203125,30.3015079498291,0.7457239031791687
180,495.13323974609375,187.0487060546875,499.34527587890625,195.0211181640625,0.7455482482910156
180,67.11296081542969,345.4443054199219,72.41548919677734,349.8130187988281,0.7453175783157349
180,274.64825439453125,344.77069091796875,281.70709228515625,348.4835205078125,0.7452884316444397
180,380.8523864746094,31.808815002441406,384.8311767578125,40.40213394165039,0.7446993589401245
180,554.3920288085938,174.47698974609375,558.8657836914062,179.2049102783203,0.7395898103713989
180,401.2555236816406,347.4555969238281,408.6622009277344,353.2940673828125,0.722602128982544
180,382.94073486328125,348.0045166015625,389.27325439453125,352.8114013671875,0.7116889357566833
180,255.25473022460938,345.8780517578125,260.59967041015625,350.35552978515625,0.7062501311302185
180,663.0466918945312,348.881103515625,669.7169189453125,353.43804931640625,0.6978486776351929
180,261.95599365234375,344.6749572753906,267.3066711425781,348.69189453125,0.6622406840324402
180,501.2655334472656,347.1888122558594,505.5981140136719,352.312744140625,0.6536876559257507
180,619.0177612304688,350.48541259765625,623.62646484375,354.3277893066406,0.6392947435379028
180,625.1593017578125,350.85498046875,631.3045654296875,354.2753601074219,0.5958044528961182
181,415.5782775878906,317.4024353027344,421.0398864746094,326.7919921875,0.8481404185295105
181,511.58966064453125,249.420654296875,518.8627319335938,257.14154052734375,0.8334846496582031
181,144.52798461914062,24.107206344604492,151.40557861328125,30.374128341674805,0.8298820853233337
181,161.1655731201172,325.8023376464844,167.3206787109375,332.992431640625,0.815287172794342
181,51.51999282836914,197.85687255859375,56.62078857421875,205.83193969726562,0.792269766330719
181,509.1499938964844,337.5625305175781,513.531494140625,346.13604736328125,0.786433756351471
181,291.0428161621094,232.8021697998047,295.52764892578125,240.6741485595703,0.7846731543540955
181,376.8111877441406,204.82086181640625,382.155517578125,210.1365203857422,0.7836278676986694
181,270.2949523925781,104.01819610595703,275.9907531738281,111.55812072753906,0.7835188508033752
181,668.20068359375,298.5174255371094,672.34423828125,307.17449951171875,0.7759194374084473
181,655.4667358398438,342.2500915527344,659.622802734375,350.362060546875,0.7752253413200378
181,68.64716339111328,57.944026947021484,73.61931610107422,64.81087493896484,0.7729822993278503
181,127.01952362060547,335.57965087890625,133.10263061523438,341.6083068847656,0.7715887427330017
181,178.38107299804688,345.4588317871094,184.709228515625,349.5686950683594,0.7625784873962402
181,149.98406982421875,345.2005920410156,156.00303649902344,349.5802307128906,0.7560383081436157
181,68.95604705810547,8.798011779785156,73.00814819335938,15.055006980895996,0.7528750896453857
181,13.545062065124512,208.9091033935547,17.618701934814453,217.42672729492188,0.7515729665756226
181,491.8583984375,49.74943923950195,496.14837646484375,56.7391471862793,0.7509042620658875
181,273.9566955566406,344.6120300292969,281.0073547363281,348.3158264160156,0.7493438720703125
181,251.6826171875,20.3812255859375,255.93447875976562,28.32206916809082,0.7489654421806335
181,495.2166442871094,185.42901611328125,499.41290283203125,193.6714630126953,0.7487390637397766
181,380.85711669921875,30.6346492767334,384.89898681640625,39.23242950439453,0.7434317469596863
181,67.96197509765625,345.4727783203125,73.30598449707031,350.019287109375,0.7328407764434814
181,385.548095703125,141.70936584472656,389.17926025390625,150.29891967773438,0.7299280762672424
181,662.5982666015625,348.8585510253906,669.4757690429688,353.1091003417969,0.7247416377067566
181,255.3666229248047,345.9001770019531,260.67205810546875,350.3554382324219,0.7198699712753296
181,381.35174560546875,347.86065673828125,388.49945068359375,352.3979797363281,0.7188485860824585
181,555.3301391601562,174.13278198242188,559.2952880859375,178.69009399414062,0.6912825703620911
181,262.08184814453125,344.546142578125,267.3785705566406,348.5231628417969,0.6708220839500427
181,619.072509765625,350.3117980957031,623.8526000976562,354.27325439453125,0.6690754294395447
181,501.3780517578125,346.6953430175781,505.5940856933594,352.3890380859375,0.6676517128944397
181,402.960693359375,349.79876708984375,409.8493957519531,354.28338623046875,0.6281185150146484
181,625.5565795898438,350.6712951660156,631.6153564453125,354.152587890625,0.5511186122894287
181,399.2389831542969,346.71435546875,405.7671813964844,351.67230224609375,0.5403516292572021
181,400.75115966796875,347.0860900878906,408.61358642578125,352.94573974609375,0.4605684280395508
182,144.50387573242188,24.099506378173828,151.4110870361328,30.414457321166992,0.8330908417701721
182,50.932228088378906,195.15335083007812,55.899940490722656,203.35240173339844,0.7925342917442322
182,509.23443603515625,337.4797668457031,513.5489501953125,346.06182861328125,0.7871084213256836
182,269.3559265136719,102.86399841308594,275.0802307128906,110.20101165771484,0.7846667170524597
182,376.82073974609375,204.87449645996094,382.0541076660156,210.13572692871094,0.78232741355896
182,126.9429702758789,335.82891845703125,133.10899353027344,341.6895446777344,0.7820938229560852
182,668.1511840820312,298.53021240234375,672.3179321289062,307.0651550292969,0.7782547473907471
182,68.09593200683594,56.01961135864258,73.0431137084961,63.05946731567383,0.7778191566467285
182,178.2156524658203,345.47283935546875,184.80108642578125,349.5605163574219,0.7757934331893921
182,551.1327514648438,228.12139892578125,555.8048095703125,236.271484375,0.7733396887779236
182,655.0465087890625,342.1233825683594,658.7680053710938,350.1686706542969,0.7681182622909546
182,385.42889404296875,139.091064453125,389.28570556640625,148.09022521972656,0.7650719285011292
182,381.1326904296875,29.300222396850586,385.1302185058594,38.16245651245117,0.7606619596481323
182,251.30728149414062,18.049118041992188,255.5879364013672,26.148242950439453,0.7597341537475586
182,289.500244140625,237.46731567382812,294.1163024902344,243.90087890625,0.7568431496620178
182,405.4407043457031,268.622314453125,409.238037109375,277.3499450683594,0.7542688250541687
182,491.9101867675781,49.80792236328125,496.1663818359375,56.687191009521484,0.7541945576667786
182,380.1134033203125,347.741455078125,387.6164245605469,352.88848876953125,0.7535026669502258
182,495.26153564453125,183.40655517578125,499.4467468261719,192.1092529296875,0.7500638961791992
182,149.75051879882812,345.1536560058594,156.11361694335938,349.2357177734375,0.7471404075622559
182,13.175518035888672,206.71697998046875,17.021656036376953,215.1076202392578,0.7436475157737732
182,188.28770446777344,296.5138854980469,191.77139282226562,303.4315490722656,0.7375773787498474
182,401.52008056640625,347.6937255859375,409.0080261230469,353.3016357421875,0.7356550693511963
182,255.49098205566406,345.9141540527344,260.90374755859375,350.40020751953125,0.735002338886261
182,68.27446746826172,345.47283935546875,73.34951782226562,349.9726867675781,0.7345237731933594
182,272.7503356933594,344.16571044921875,280.3563232421875,348.2274169921875,0.729111909866333
182,555.8919067382812,174.1991729736328,559.9915771484375,178.57736206054688,0.7166507840156555
182,662.5712280273438,349.0437316894531,669.5686645507812,353.2867431640625,0.714350163936615
182,618.8778686523438,350.33160400390625,623.678955078125,354.31982421875,0.7051231861114502
182,501.31414794921875,346.5050964355469,505.5270690917969,352.7268371582031,0.6660257577896118
182,262.2494201660156,344.5568542480469,267.71929931640625,348.582763671875,0.6520868539810181
182,625.527587890625,350.71820068359375,631.7464599609375,354.16461181640625,0.5650462508201599
183,144.58009338378906,24.073307037353516,151.50657653808594,30.338300704956055,0.8260913491249084
183,509.10552978515625,337.185791015625,513.6024780273438,345.9292907714844,0.7863572835922241
183,67.40819549560547,53.58778381347656,72.23820495605469,60.718589782714844,0.7821588516235352
183,250.41217041015625,16.333595275878906,254.9390411376953,24.013994216918945,0.7787006497383118
183,376.8277893066406,204.85708618164062,382.0512390136719,210.12928771972656,0.7781360149383545
183,268.73260498046875,101.67489624023438,274.2319030761719,109.24324798583984,0.7780084609985352
183,127.01272583007812,335.7152099609375,133.30653381347656,341.5423278808594,0.7771068215370178
183,668.1806030273438,298.5098876953125,672.2984619140625,307.0109558105469,0.7739045023918152
183,551.1915893554688,228.4196014404297,555.6204833984375,237.5992431640625,0.771804928779602
183,655.1820678710938,342.1139221191406,659.0216064453125,350.18450927734375,0.7696729302406311
183,177.98342895507812,345.41619873046875,184.71592712402344,349.4995422363281,0.7690722346305847
183,50.14707946777344,192.6429443359375,54.90060806274414,200.8701629638672,0.7663019895553589
183,381.2218017578125,27.5985050201416,385.24200439453125,36.173095703125,0.764872670173645
183,283.2064208984375,249.10955810546875,288.69891357421875,253.9856414794922,0.759963870048523
183,185.93130493164062,304.8015441894531,189.7845916748047,312.3463439941406,0.7595360279083252
183,401.71270751953125,347.9375915527344,409.2489929199219,353.653564453125,0.7574034333229065
183,491.9542236328125,48.986717224121094,495.9295959472656,56.67721176147461,0.756152868270874
183,149.97952270507812,345.1672058105469,155.85922241210938,349.7015380859375,0.7543490529060364
183,385.2268981933594,136.48635864257812,388.9188537597656,144.9307098388672,0.7501737475395203
183,409.4978942871094,228.3411407470703,413.39361572265625,236.8045196533203,0.7495187520980835
183,12.855441093444824,204.22616577148438,16.839025497436523,212.3689727783203,0.7423181533813477
183,272.0712585449219,343.447509765625,279.0453796386719,347.8663024902344,0.7367721796035767
183,556.3865356445312,174.09298706054688,560.4170532226562,178.39984130859375,0.7240536212921143
183,495.0564880371094,181.20993041992188,498.9802551269531,190.07672119140625,0.7219089269638062
183,379.13885498046875,347.73724365234375,386.8788757324219,352.6575622558594,0.7210257053375244
183,255.45555114746094,345.927001953125,261.091064453125,350.43072509765625,0.7206173539161682
183,662.4852294921875,348.8560791015625,669.9198608398438,353.3079833984375,0.7042551040649414
183,619.2300415039062,350.24407958984375,623.7957153320312,354.15399169921875,0.6989131569862366
183,68.55037689208984,345.62286376953125,72.93973541259766,350.1374816894531,0.6986436247825623
183,501.2923889160156,347.012939453125,505.75531005859375,352.6827697753906,0.6910511255264282
183,262.85040283203125,344.49346923828125,268.93255615234375,348.73187255859375,0.6371150016784668
183,249.68833923339844,4.431497097015381,255.1691131591797,10.230238914489746,0.6281842589378357
183,625.9104614257812,350.6020202636719,631.7681884765625,353.9460754394531,0.5971266031265259
184,144.54757690429688,24.061237335205078,151.41226196289062,30.298267364501953,0.8278243541717529
184,308.08251953125,254.36654663085938,315.0979309082031,259.5153503417969,0.8175370693206787
184,183.2683868408203,328.56134033203125,190.3709716796875,335.36871337890625,0.8117402195930481
184,509.1241149902344,337.1037902832031,513.56591796875,345.85467529296875,0.7815011739730835
184,376.7332458496094,204.8153076171875,382.0635070800781,210.11790466308594,0.7796623110771179
184,126.99761962890625,335.71807861328125,133.346435546875,341.96710205078125,0.7730869650840759
184,66.35442352294922,51.98236846923828,71.09136199951172,58.99190902709961,0.7724782824516296
184,49.21980667114258,189.91600036621094,53.91075134277344,198.37779235839844,0.7708945274353027
184,668.0040893554688,298.1776123046875,672.274658203125,306.3525695800781,0.768189013004303
184,178.95883178710938,343.3654479980469,185.45413208007812,349.36077880859375,0.7679903507232666
184,267.8062744140625,100.70613098144531,273.2237548828125,108.25664520263672,0.7678950428962708
184,551.1502075195312,227.713134765625,555.4434814453125,236.8366241455078,0.7624479532241821
184,401.77960205078125,347.80291748046875,409.1094665527344,353.50665283203125,0.760725736618042
184,149.59295654296875,345.14599609375,155.724609375,349.8473205566406,0.7589879035949707
184,249.7247314453125,14.155875205993652,254.01873779296875,22.351974487304688,0.7551217675209045
184,270.9485778808594,343.4892578125,278.2144775390625,347.7981262207031,0.7539812922477722
184,418.9809875488281,198.53909301757812,423.1314392089844,205.7060089111328,0.7525879144668579
184,381.5118103027344,25.664648056030273,385.3870849609375,34.482059478759766,0.7503820657730103
184,655.2448120117188,342.3025207519531,659.2230224609375,350.206787109375,0.7488734126091003
184,491.71771240234375,48.348697662353516,495.5579833984375,56.338539123535156,0.7466640472412109
184,384.914794921875,134.46775817871094,388.6636657714844,143.23593139648438,0.7452033162117004
184,255.31072998046875,346.38848876953125,260.95440673828125,350.5091552734375,0.7328960299491882
184,12.510860443115234,201.36058044433594,16.4189453125,209.7102813720703,0.7302062511444092
184,378.00225830078125,347.5151672363281,385.1102294921875,352.35589599609375,0.725933313369751
184,494.8756408691406,179.4144744873047,498.6966857910156,188.1879119873047,0.7213172316551208
184,556.75,173.57786560058594,560.5402221679688,178.1636199951172,0.7186170816421509
184,661.7710571289062,347.96099853515625,668.2532348632812,352.4701232910156,0.703849732875824
184,501.2656555175781,347.6441955566406,505.67730712890625,353.868408203125,0.6972180604934692
184,68.14527893066406,345.3189697265625,72.47732543945312,349.960693359375,0.6643005609512329
184,619.2092895507812,350.1838684082031,623.8234252929688,354.156005859375,0.6489673852920532
184,249.8047637939453,5.232100486755371,254.61410522460938,10.149142265319824,0.6402456760406494
184,625.5457763671875,350.60589599609375,631.475341796875,354.0400085449219,0.5855604410171509
184,263.02593994140625,344.46343994140625,268.8765563964844,348.92315673828125,0.5816872119903564
185,144.49081420898438,24.083921432495117,151.435791015625,30.35426139831543,0.8331254720687866
185,304.3446350097656,262.8072509765625,310.74420166015625,268.5115051269531,0.8074309825897217
185,127.08883666992188,336.5654602050781,133.76739501953125,342.639892578125,0.7905762195587158
185,419.94256591796875,182.3273468017578,424.7342224121094,189.4094696044922,0.7867953181266785
185,509.1044006347656,336.7840270996094,513.6121215820312,345.6267395019531,0.7860993146896362
185,65.45223236083984,50.05372619628906,70.65650939941406,57.185733795166016,0.7819093465805054
185,376.7923889160156,204.90621948242188,382.08770751953125,210.039794921875,0.781200110912323
185,48.91139602661133,187.39161682128906,53.60456848144531,195.87599182128906,0.7797435522079468
185,178.54249572753906,344.21673583984375,184.47763061523438,348.664794921875,0.7744146585464478
185,183.6724853515625,331.7431640625,189.7497100830078,336.2027893066406,0.7724806070327759
185,266.9944152832031,99.79776000976562,272.4175720214844,107.42144775390625,0.7715845704078674
185,551.3037719726562,226.54757690429688,555.7134399414062,235.67848205566406,0.7682482004165649
185,149.6714324951172,345.0229797363281,155.7974090576172,349.6571960449219,0.759924054145813
185,655.572998046875,341.8771057128906,659.9998779296875,349.86187744140625,0.7575916647911072
185,491.7278137207031,46.86368942260742,495.3769836425781,54.72667694091797,0.7506936192512512
185,249.54429626464844,12.897662162780762,253.72251892089844,20.863815307617188,0.7506755590438843
185,12.101154327392578,199.4368896484375,16.1372013092041,207.18325805664062,0.7491136789321899
185,401.7896423339844,347.6921081542969,409.0793151855469,353.55291748046875,0.7471855878829956
185,384.8511047363281,131.54750061035156,388.58221435546875,140.48194885253906,0.745475709438324
185,660.0062866210938,291.40667724609375,663.7757568359375,298.8756103515625,0.7444429397583008
185,382.032470703125,23.749950408935547,385.8630065917969,32.238040924072266,0.7418521642684937
185,269.8884582519531,343.67645263671875,277.0085754394531,347.8804931640625,0.7412191033363342
185,494.79998779296875,177.75270080566406,498.4880676269531,185.97824096679688,0.739328145980835
185,255.5074462890625,346.23443603515625,261.1108093261719,350.53411865234375,0.7330055832862854
185,376.880859375,347.50714111328125,383.65997314453125,352.6808166503906,0.7310636639595032
185,501.19757080078125,347.5293273925781,505.72772216796875,352.928466796875,0.6968662738800049
185,557.3204345703125,173.56629943847656,560.6758422851562,177.85415649414062,0.6947131156921387
185,67.72062683105469,345.1289978027344,71.72068786621094,349.9407043457031,0.6894015669822693
185,662.1866455078125,348.5189208984375,667.599609375,353.0393371582031,0.6700791120529175
185,249.3284912109375,5.620221138000488,254.42323303222656,10.6456298828125,0.6671080589294434
185,619.9861450195312,350.2096862792969,624.8291625976562,354.01708984375,0.6498407125473022
185,263.0829772949219,344.67938232421875,268.8282470703125,348.9753112792969,0.6347764134407043
185,626.7984619140625,350.37554931640625,631.8330078125,353.58251953125,0.6212028861045837
186,144.49000549316406,24.100099563598633,151.36891174316406,30.376461029052734,0.8315595984458923
186,127.53565216064453,336.7313232421875,133.40013122558594,343.322265625,0.7996518015861511
186,303.08843994140625,289.5705871582031,309.7591857910156,295.1282958984375,0.7971221804618835
186,48.14285659790039,185.6656494140625,52.99735641479492,194.4949493408203,0.7808566093444824
186,509.20074462890625,336.9123840332031,513.668212890625,345.601318359375,0.779501736164093
186,64.57518005371094,48.12721633911133,69.40582275390625,55.49903869628906,0.778951108455658
186,266.1007385253906,98.7100830078125,271.5982360839844,106.44438934326172,0.7763487100601196
186,405.85797119140625,175.74961853027344,413.5557556152344,180.40899658203125,0.7761713266372681
186,551.103515625,225.3729705810547,555.5975952148438,234.52517700195312,0.7685211896896362
186,376.9023742675781,204.9298095703125,382.19140625,210.09837341308594,0.767127275466919
186,647.2183227539062,304.4747619628906,651.4468994140625,311.6705017089844,0.759294867515564
186,381.8872375488281,21.521835327148438,385.7859802246094,30.55933380126953,0.7519816756248474
186,181.96681213378906,347.8249206542969,187.35951232910156,352.2206726074219,0.747452437877655
186,491.4837341308594,44.91302490234375,495.1563720703125,52.97026443481445,0.734539270401001
186,384.8772277832031,129.26937866210938,388.3388671875,138.10067749023438,0.7341546416282654
186,376.1679992675781,347.53564453125,382.87982177734375,352.4157409667969,0.7309203743934631
186,149.6223602294922,345.0101318359375,155.576171875,349.54205322265625,0.728976845741272
186,11.785640716552734,197.13604736328125,15.859431266784668,205.12615966796875,0.7270867824554443
186,248.99354553222656,12.447539329528809,253.0919952392578,19.150190353393555,0.7226486802101135
186,494.1419982910156,175.92491149902344,497.8376159667969,184.10543823242188,0.7172582745552063
186,255.39573669433594,346.6589050292969,260.60626220703125,350.6138000488281,0.7061185240745544
186,166.69029235839844,346.2689514160156,171.8997344970703,350.8443298339844,0.7036131024360657
186,269.8410949707031,344.2992858886719,275.84197998046875,347.97576904296875,0.6871623396873474
186,557.35888671875,173.1303253173828,560.8941040039062,177.57630920410156,0.6766597628593445
186,501.2734680175781,347.32562255859375,505.6923828125,352.4414367675781,0.6734854578971863
186,67.08720397949219,345.2906188964844,71.02253723144531,349.8031311035156,0.6607733368873596
186,620.4050903320312,350.3940124511719,625.6776733398438,354.033447265625,0.6531813144683838
186,655.4810791015625,347.1121520996094,663.325927734375,353.52935791015625,0.6102852821350098
186,401.18902587890625,347.347412109375,407.17449951171875,352.28875732421875,0.6032763719558716
186,627.39892578125,350.4859924316406,632.5255737304688,353.6966247558594,0.6032347083091736
186,403.8975830078125,350.0312194824219,409.83544921875,354.3627014160156,0.5945356488227844
186,263.5607604980469,344.93316650390625,269.17840576171875,349.0223388671875,0.5922982096672058
186,660.6797485351562,349.7213439941406,667.0560913085938,354.6156311035156,0.4871772229671478
187,144.4880828857422,24.12950897216797,151.37857055664062,30.377756118774414,0.8354145288467407
187,267.9709777832031,304.80023193359375,273.1476135253906,311.91265869140625,0.8198871612548828
187,63.26183319091797,46.053375244140625,68.45393371582031,53.72468185424805,0.7947729229927063
187,127.68022155761719,336.6070251464844,133.0240478515625,343.4991149902344,0.793447732925415
187,654.2511596679688,326.85498046875,659.6489868164062,333.9122314453125,0.7914896607398987
187,265.49102783203125,97.9272232055664,271.05157470703125,105.83705139160156,0.785191535949707
187,48.03521728515625,184.0367889404297,52.957275390625,192.738037109375,0.7846863865852356
187,509.095947265625,337.0874938964844,513.5687866210938,345.6510925292969,0.7809023857116699
187,550.9817504882812,224.52134704589844,555.4762573242188,233.54409790039062,0.7784755229949951
187,376.911865234375,204.9802703857422,382.1145324707031,210.11776733398438,0.7721256017684937
187,181.96913146972656,347.5107727050781,187.47291564941406,352.2190246582031,0.7619414329528809
187,392.0672912597656,175.28578186035156,396.52056884765625,181.29994201660156,0.7515089511871338
187,491.7129211425781,42.84358596801758,495.49652099609375,50.883949279785156,0.748414158821106
187,384.1888427734375,126.93531799316406,387.9474792480469,135.4385528564453,0.746086061000824
187,382.11712646484375,20.64095687866211,385.9729309082031,29.349647521972656,0.7288742065429688
187,11.420641899108887,195.0072021484375,15.333189964294434,203.18045043945312,0.7267174124717712
187,375.4958801269531,347.59197998046875,382.40557861328125,352.1539001464844,0.7248384952545166
187,149.75877380371094,345.140869140625,155.56781005859375,349.5847473144531,0.7242482304573059
187,493.7793884277344,174.30377197265625,497.3765563964844,182.35784912109375,0.7129042148590088
187,255.352783203125,347.0025329589844,260.2834777832031,350.85369873046875,0.7086296081542969
187,659.7146606445312,349.87811279296875,665.488037109375,353.9659423828125,0.7031625509262085
187,620.5245971679688,350.1975402832031,625.7415161132812,353.8930969238281,0.6995570659637451
187,248.37635803222656,10.875609397888184,252.47410583496094,16.19158172607422,0.6974853873252869
187,166.75601196289062,346.44403076171875,171.99771118164062,350.82574462890625,0.6937801241874695
187,268.923828125,344.4428405761719,274.7838439941406,348.10064697265625,0.6834039092063904
187,557.396728515625,172.9737548828125,560.889404296875,177.31753540039062,0.6801242828369141
187,501.1339111328125,347.6993103027344,505.6873474121094,353.0747985839844,0.6794883608818054
187,66.59912109375,345.1822814941406,70.64378356933594,349.6659240722656,0.6738647222518921
187,627.84912109375,350.44390869140625,632.9026489257812,353.7172546386719,0.6127345561981201
187,403.59564208984375,349.92437744140625,409.69427490234375,354.2651062011719,0.583792507648468
187,400.7378234863281,347.18524169921875,406.29364013671875,352.1379089355469,0.5304127335548401
187,263.0105895996094,345.11822509765625,268.8421630859375,349.13470458984375,0.5266509056091309
187,652.6759033203125,351.8891906738281,658.2286376953125,355.6653137207031,0.41015198826789856
187,262.0227966308594,345.47003173828125,267.2279052734375,349.40533447265625,0.4040515124797821
188,144.4729461669922,24.171409606933594,151.36016845703125,30.310829162597656,0.8304022550582886
188,127.00953674316406,338.53863525390625,133.53729248046875,345.7529296875,0.8168280720710754
188,643.1981201171875,337.5204162597656,650.5394287109375,343.9399108886719,0.7936462759971619
188,550.8517456054688,223.65243530273438,555.5746459960938,232.41578674316406,0.7829469442367554
188,62.095638275146484,43.620269775390625,67.21217346191406,51.01233673095703,0.7811388373374939
188,265.07415771484375,97.85955810546875,270.680419921875,105.10005950927734,0.7797855734825134
188,508.8772277832031,337.23126220703125,513.4459838867188,345.92236328125,0.7693533897399902
188,258.2770690917969,300.6771545410156,262.3961181640625,308.5523681640625,0.7670340538024902
188,388.199951171875,170.41171264648438,393.6259460449219,177.41787719726562,0.7645289897918701
188,181.97752380371094,347.3236083984375,187.4158935546875,352.23321533203125,0.7580686211585999
188,47.492591857910156,181.70680236816406,52.320186614990234,190.5873565673828,0.7557169198989868
188,376.898681640625,204.99127197265625,382.1053771972656,210.12242126464844,0.7557088136672974
188,383.3415832519531,125.17926788330078,387.72509765625,133.69789123535156,0.751380443572998
188,11.167972564697266,193.09368896484375,15.38719654083252,201.42068481445312,0.7308005690574646
188,491.7891540527344,40.28840637207031,495.3963623046875,48.23518371582031,0.7263171076774597
188,493.71295166015625,172.853759765625,497.3572998046875,181.2799072265625,0.7249881029129028
188,375.3909912109375,347.7004699707031,382.2022399902344,352.26043701171875,0.7238019704818726
188,382.673583984375,18.87670135498047,386.5955505371094,27.97735595703125,0.7237839698791504
188,149.95626831054688,345.2002868652344,156.0188446044922,349.8534851074219,0.7208889722824097
188,255.12994384765625,347.04718017578125,260.0950622558594,350.8912658691406,0.720156729221344
188,620.4450073242188,350.14892578125,625.4972534179688,353.8425598144531,0.7046799063682556
188,268.6747741699219,344.4864196777344,274.58660888671875,348.1627502441406,0.7002336978912354
188,557.41796875,172.71278381347656,561.0974731445312,177.17881774902344,0.6700648069381714
188,659.4677124023438,349.5668029785156,665.5047607421875,353.3990173339844,0.649269163608551
188,66.53263092041016,345.1624755859375,70.54229736328125,349.5912170410156,0.6487902998924255
188,501.0637512207031,347.32867431640625,505.78753662109375,352.53314208984375,0.6402638554573059
188,627.9700927734375,350.4918212890625,632.8828735351562,353.8376159667969,0.6090776920318604
188,403.55621337890625,349.9281311035156,409.7914123535156,354.371826171875,0.5876542329788208
188,167.4674530029297,346.79583740234375,172.26112365722656,350.9601135253906,0.5564825534820557
188,263.35260009765625,345.2584533691406,269.0677795410156,349.2487487792969,0.5542821288108826
188,400.6058654785156,347.18975830078125,406.3310546875,351.8759460449219,0.5213705897331238
188,651.805419921875,352.04681396484375,657.2836303710938,355.863037109375,0.4420945942401886
189,144.49020385742188,24.165348052978516,151.32630920410156,30.31003761291504,0.8246161937713623
189,126.83770751953125,338.65069580078125,133.46865844726562,345.76751708984375,0.8123687505722046
189,61.221641540527344,41.68284225463867,66.1492691040039,49.12803649902344,0.7924696207046509
189,270.0193786621094,279.8105163574219,274.5392150878906,287.5789794921875,0.7868061661720276
189,550.5123901367188,222.2941436767578,555.2233276367188,231.17808532714844,0.7847488522529602
189,265.093017578125,98.05980682373047,270.4525451660156,105.36664581298828,0.7752655148506165
189,47.19613265991211,179.74842834472656,52.23820114135742,188.61094665527344,0.7740121483802795
189,508.9384765625,337.3907165527344,513.4354858398438,346.10302734375,0.7608568668365479
189,382.0848083496094,160.53466796875,387.1636047363281,168.19241333007812,0.7589845061302185
189,376.92767333984375,204.93069458007812,382.09814453125,210.08580017089844,0.758297860622406
189,382.65966796875,123.363525390625,387.04541015625,131.55015563964844,0.753024160861969
189,181.30169677734375,346.7467346191406,186.72837829589844,351.6501159667969,0.7387344837188721
189,11.154409408569336,191.52560424804688,15.266071319580078,200.04116821289062,0.7225796580314636
189,491.31585693359375,37.99481964111328,494.9673156738281,45.914337158203125,0.7223102450370789
189,375.47552490234375,347.599853515625,382.40869140625,352.2695617675781,0.7211511731147766
189,150.51284790039062,345.2566223144531,156.50262451171875,349.9102478027344,0.7189522385597229
189,493.7734680175781,172.545166015625,497.2900695800781,180.77926635742188,0.7166065573692322
189,382.2918701171875,16.983013153076172,386.3780517578125,25.963415145874023,0.7067092061042786
189,255.1889190673828,346.8771667480469,260.21978759765625,350.9508056640625,0.6978052258491516
189,500.87408447265625,347.4646911621094,506.17498779296875,352.72332763671875,0.6952561736106873
189,268.9277038574219,344.44952392578125,274.8209228515625,348.18865966796875,0.6820794939994812
189,557.3681640625,172.60946655273438,561.1203002929688,176.89093017578125,0.663168728351593
189,66.43521881103516,345.1326904296875,70.49956512451172,349.92138671875,0.6404116749763489
189,400.87548828125,347.3475341796875,406.9852600097656,352.2596130371094,0.6154280304908752
189,620.6084594726562,350.1651306152344,626.032958984375,353.7803649902344,0.5921396017074585
189,658.8832397460938,349.8677673339844,665.402587890625,353.90313720703125,0.5879835486412048
189,263.43133544921875,345.1123046875,268.9954528808594,349.29193115234375,0.5529677271842957
189,168.06515502929688,346.73779296875,173.0258331298828,351.1439514160156,0.5452196002006531
189,403.71734619140625,350.0295715332031,409.8122253417969,354.35791015625,0.5239100456237793
189,633.9117431640625,350.6251220703125,639.53271484375,354.593505859375,0.45144185423851013
189,382.4594421386719,4.148205757141113,387.71044921875,9.960000038146973,0.4371155798435211
190,144.45309448242188,24.147090911865234,151.3137664794922,30.328197479248047,0.8260653614997864
190,127.05463409423828,338.4902038574219,133.46414184570312,345.6570739746094,0.8074683547019958
190,60.12235641479492,39.61823272705078,65.21106719970703,47.086341857910156,0.7952773571014404
190,270.0044860839844,244.6656036376953,274.55377197265625,253.2997283935547,0.779883086681366
190,46.753841400146484,178.71519470214844,51.89763259887695,187.4755096435547,0.7777947783470154
190,550.1383666992188,220.69577026367188,555.0792846679688,229.1500701904297,0.777026355266571
190,264.82073974609375,98.1025161743164,270.4078674316406,105.33816528320312,0.7748326659202576
190,376.9286193847656,160.17648315429688,384.08349609375,165.61805725097656,0.7629466652870178
190,376.8427429199219,204.94284057617188,382.1638488769531,210.11717224121094,0.7605798244476318
190,180.17636108398438,346.1092834472656,185.96571350097656,351.2913513183594,0.7596957087516785
190,509.0104064941406,337.386962890625,513.3759155273438,345.9603576660156,0.756541907787323
190,381.6722106933594,120.49272155761719,385.7170104980469,128.7224884033203,0.7516822218894958
190,150.50209045410156,345.0525817871094,156.27110290527344,349.9886474609375,0.72847580909729
190,383.11370849609375,15.452825546264648,387.09210205078125,24.066564559936523,0.7241237163543701
190,491.0575866699219,35.215877532958984,494.7625427246094,42.86173629760742,0.7221040725708008
190,375.44781494140625,347.6376953125,382.3706359863281,352.202880859375,0.719397246837616
190,500.83526611328125,347.22857666015625,506.4602355957031,352.2911071777344,0.7035374045372009
190,255.2046356201172,346.8508605957031,260.2842102050781,350.9580993652344,0.6991904973983765
190,11.206576347351074,189.5103759765625,15.33460807800293,197.656494140625,0.6910883784294128
190,268.83660888671875,344.4486083984375,274.87249755859375,348.236328125,0.6896200776100159
190,557.1921997070312,172.62399291992188,561.038818359375,176.86578369140625,0.6834877133369446
190,493.20733642578125,172.43743896484375,496.7406005859375,180.78636169433594,0.6828888654708862
190,401.37139892578125,347.6105041503906,408.2499694824219,352.6584777832031,0.652600109577179
190,66.49581146240234,345.13885498046875,70.4944839477539,349.92840576171875,0.6521468758583069
190,658.3104858398438,349.9955139160156,664.98974609375,354.3460388183594,0.6183511018753052
190,620.653076171875,350.1131286621094,625.8651733398438,353.735107421875,0.6124632358551025
190,644.0227661132812,351.5213623046875,650.7864379882812,355.94476318359375,0.5283093452453613
190,167.84017944335938,346.6669006347656,172.60955810546875,351.07781982421875,0.5255340933799744
190,263.5670166015625,345.0326232910156,269.0976257324219,349.23345947265625,0.5064393281936646
190,404.0657653808594,350.2061462402344,410.0456848144531,354.4068603515625,0.4584348797798157
190,631.1996459960938,350.6585693359375,636.4163818359375,354.4240417480469,0.42994266748428345
191,144.07498168945312,24.301088333129883,150.8963623046875,30.68675422668457,0.8263119459152222
191,127.14749145507812,338.177001953125,133.32484436035156,345.7490234375,0.8021663427352905
191,372.063232421875,181.77879333496094,379.8165588378906,188.8243408203125,0.7955149412155151
191,46.74226760864258,177.73390197753906,51.945220947265625,186.57156372070312,0.7886108160018921
191,58.73222732543945,37.768455505371094,63.8148078918457,45.330970764160156,0.7879565358161926
191,549.8789672851562,219.4837646484375,554.9686889648438,227.92539978027344,0.773646354675293
191,253.4053955078125,212.4362335205078,258.2229919433594,218.59703063964844,0.7557007670402527
191,509.1131591796875,337.2828674316406,513.4530029296875,345.8930358886719,0.7546458840370178
191,380.4005126953125,118.86749267578125,385.04156494140625,126.3959732055664,0.7492513656616211
191,265.9853820800781,83.88721466064453,269.9828186035156,91.31400299072266,0.7440086007118225
191,376.7716369628906,204.96620178222656,382.17108154296875,210.04385375976562,0.7429021000862122
191,178.04563903808594,346.3775634765625,184.77638244628906,351.1574401855469,0.7404304146766663
191,375.452392578125,347.5813903808594,382.38665771484375,352.18438720703125,0.7395412921905518
191,149.87779235839844,344.9068603515625,156.1147003173828,350.0179443359375,0.7263382077217102
191,383.7225646972656,13.863700866699219,387.5086975097656,22.086854934692383,0.7260862588882446
191,490.82977294921875,32.48801803588867,494.6547546386719,40.40329360961914,0.7228643298149109
191,501.3536376953125,347.24566650390625,507.0232849121094,352.2925720214844,0.7198492288589478
191,556.816650390625,172.66171264648438,561.0782470703125,177.05287170410156,0.7163581252098083
191,255.20022583007812,346.6712646484375,260.3100891113281,351.03515625,0.6980242133140564
191,11.518362998962402,186.87962341308594,15.507821083068848,195.73780822753906,0.6962921023368835
191,401.340087890625,347.4923095703125,408.27703857421875,352.7483825683594,0.692158043384552
191,493.2767028808594,172.2589874267578,496.87835693359375,180.63035583496094,0.687637984752655
191,268.8104248046875,344.4942626953125,274.8147888183594,348.384765625,0.6830930709838867
191,65.3255844116211,345.3077087402344,69.75828552246094,349.716552734375,0.6733456254005432
191,620.8070068359375,349.997314453125,626.1414184570312,353.80133056640625,0.6432932615280151
191,658.4600219726562,349.9190673828125,665.0661010742188,354.1048278808594,0.5966401100158691
191,167.28419494628906,346.1175231933594,172.2620391845703,350.9943542480469,0.5482478141784668
191,644.7686157226562,351.56903076171875,653.031494140625,355.86968994140625,0.5362754464149475
191,263.7573547363281,345.05419921875,269.21441650390625,349.35296630859375,0.5044571161270142
191,631.3859252929688,350.70965576171875,636.7810668945312,354.5165710449219,0.4623294174671173
191,403.9419250488281,350.0990295410156,409.9726867675781,354.4426574707031,0.41740554571151733
191,262.5761413574219,345.34197998046875,267.63653564453125,349.73565673828125,0.4092155992984772
192,372.3154602050781,311.2257080078125,376.94171142578125,320.009765625,0.825876772403717
192,144.1043701171875,24.42420196533203,150.96524047851562,30.89293670654297,0.8238007426261902
192,127.63027954101562,338.0881042480469,133.1848602294922,345.3770446777344,0.8003937005996704
192,46.27113723754883,176.59938049316406,51.55987548828125,185.30751037597656,0.7905137538909912
192,371.5881042480469,216.17845153808594,378.57745361328125,226.28619384765625,0.7904202342033386
192,57.48633575439453,35.605506896972656,62.951499938964844,43.469390869140625,0.7901241183280945
192,549.5635375976562,218.26031494140625,554.65185546875,226.7460174560547,0.7866224646568298
192,509.3638916015625,337.4727783203125,513.6019287109375,345.8441467285156,0.7722700834274292
192,256.0755310058594,57.43695831298828,262.3163757324219,61.98072052001953,0.7703671455383301
192,376.9540100097656,204.88294982910156,382.2745361328125,210.40493774414062,0.760282576084137
192,379.1069641113281,116.6677474975586,384.2840576171875,124.40443420410156,0.7566027045249939
192,501.7291564941406,347.319091796875,507.3878479003906,352.2203674316406,0.7504884600639343
192,176.61448669433594,346.7423095703125,183.10848999023438,351.0276184082031,0.7460755705833435
192,490.8299865722656,30.640060424804688,494.66845703125,38.017818450927734,0.7355812788009644
192,383.6573181152344,12.198173522949219,387.6672058105469,20.58847427368164,0.7272086143493652
192,249.52369689941406,211.60104370117188,253.95240783691406,217.68557739257812,0.7073525786399841
192,493.1854553222656,171.62245178222656,496.73443603515625,179.6896514892578,0.7063624858856201
192,148.41844177246094,345.22601318359375,154.23272705078125,349.52789306640625,0.7029322385787964
192,254.913818359375,346.83831787109375,259.9216613769531,351.3294372558594,0.7018261551856995
192,556.5145874023438,173.3808135986328,560.6434326171875,178.31187438964844,0.7018126249313354
192,11.537590026855469,184.84512329101562,15.405801773071289,193.2068328857422,0.6944831609725952
192,166.58782958984375,346.244873046875,172.3440399169922,350.60052490234375,0.6941829323768616
192,403.6149597167969,349.93701171875,410.1214294433594,354.5825500488281,0.6739228963851929
192,269.0431213378906,344.59161376953125,274.8691101074219,348.4560546875,0.667948305606842
192,400.0340576171875,346.9501037597656,405.8688049316406,351.95806884765625,0.6548133492469788
192,64.4883041381836,345.52069091796875,68.77759552001953,349.79144287109375,0.6528026461601257
192,620.8096923828125,349.93292236328125,625.9868774414062,353.6263427734375,0.6126599311828613
192,658.6669921875,349.9779052734375,665.3118896484375,354.1804504394531,0.6113628149032593
192,645.1883544921875,351.8023986816406,653.8148193359375,355.8575439453125,0.48894718289375305
192,263.99755859375,345.26434326171875,269.4230041503906,349.5258483886719,0.4694575369358063
192,632.0846557617188,350.7566833496094,637.143310546875,354.4158630371094,0.45023271441459656
193,144.17471313476562,24.482114791870117,151.0501251220703,30.888317108154297,0.8249903321266174
193,375.8468322753906,259.62457275390625,380.6778259277344,268.87042236328125,0.8200456500053406
193,56.130558013916016,33.99044418334961,61.7492790222168,41.412811279296875,0.8028024435043335
193,127.70720672607422,338.132568359375,133.27987670898438,345.4503173828125,0.799017608165741
193,46.48695755004883,175.30213928222656,51.7984619140625,184.01181030273438,0.7881578803062439
193,549.3074951171875,217.3274383544922,554.3272094726562,225.54364013671875,0.7831423878669739
193,509.3739013671875,337.39599609375,513.5645141601562,345.81243896484375,0.7757208347320557
193,376.86981201171875,204.6746368408203,382.1968078613281,210.1127166748047,0.7693500518798828
193,257.85430908203125,54.8514518737793,263.35455322265625,61.6995964050293,0.7673872709274292
193,378.1287841796875,115.347412109375,383.1351318359375,122.94890594482422,0.7624460458755493
193,502.0403747558594,347.2741394042969,507.61981201171875,352.14337158203125,0.7561504244804382
193,12.1862154006958,182.41685485839844,16.005332946777344,191.1814422607422,0.7395308017730713
193,387.2743835449219,293.43505859375,391.77386474609375,298.8114929199219,0.7387424111366272
193,173.246826171875,346.85870361328125,180.43789672851562,351.976318359375,0.734992265701294
193,490.68817138671875,28.427501678466797,494.72430419921875,35.92559051513672,0.7346599698066711
193,383.9848327636719,10.403812408447266,387.76190185546875,19.288312911987305,0.7315231561660767
193,257.56573486328125,225.52626037597656,261.3870849609375,232.943115234375,0.7284034490585327
193,147.7493438720703,344.9017639160156,153.70974731445312,349.2655334472656,0.7142091393470764
193,555.9401245117188,174.0232391357422,559.7505493164062,179.3787841796875,0.7118713855743408
193,165.84890747070312,346.0406799316406,172.11720275878906,350.43096923828125,0.7100710272789001
193,63.45322036743164,345.24945068359375,68.13512420654297,349.5696105957031,0.7064105272293091
193,493.24957275390625,170.9752197265625,496.7516784667969,178.67681884765625,0.7050235271453857
193,255.00794982910156,346.987060546875,260.0838317871094,351.26123046875,0.6971484422683716
193,403.669677734375,349.9015808105469,410.3096923828125,354.63092041015625,0.6849610209465027
193,268.94244384765625,344.65631103515625,274.9360656738281,348.5263366699219,0.660329282283783
193,399.7403564453125,346.8671569824219,405.93212890625,352.0760192871094,0.6451564431190491
193,620.8206787109375,349.9156494140625,625.9112548828125,353.67156982421875,0.5825451612472534
193,658.7415771484375,349.7781066894531,665.645263671875,354.45733642578125,0.5636117458343506
193,644.89501953125,351.8008117675781,653.3714599609375,355.8890380859375,0.4816177785396576
193,264.3592224121094,345.3174133300781,269.55902099609375,349.5274658203125,0.46339717507362366
193,631.8550415039062,350.7537536621094,636.9773559570312,354.52178955078125,0.43234774470329285
194,144.1915740966797,24.566944122314453,151.03811645507812,30.89562225341797,0.8269814848899841
194,389.897216796875,292.7322082519531,398.0374450683594,302.1625061035156,0.8028723001480103
194,54.539710998535156,31.976566314697266,60.164302825927734,39.68678665161133,0.8002315163612366
194,128.19873046875,338.13104248046875,133.51219177246094,345.3404235839844,0.7833563685417175
194,46.35388946533203,174.91873168945312,51.69853591918945,183.58297729492188,0.7798353433609009
194,502.51324462890625,347.4210205078125,508.046630859375,352.5056457519531,0.7796972990036011
194,548.8717651367188,215.5015869140625,554.0512084960938,224.0951385498047,0.7752507328987122
194,376.7115478515625,204.82566833496094,382.28106689453125,210.12245178222656,0.7739437222480774
194,252.73892211914062,237.1486053466797,259.61297607421875,241.76158142089844,0.7722702622413635
194,509.2183532714844,337.5762634277344,513.382080078125,346.05718994140625,0.7711601853370667
194,376.84979248046875,113.26659393310547,381.6004943847656,120.99675750732422,0.7573366761207581
194,257.64239501953125,53.95572280883789,262.4924011230469,61.27952194213867,0.7566317915916443
194,490.5242614746094,25.824298858642578,494.52972412109375,32.816043853759766,0.7417911887168884
194,401.11431884765625,347.3417663574219,408.8856506347656,353.4301452636719,0.7409336566925049
194,12.130918502807617,180.13018798828125,16.21694564819336,188.831787109375,0.7289007902145386
194,61.96837615966797,344.83428955078125,67.03157043457031,349.3345031738281,0.7219586372375488
194,172.98092651367188,346.6630859375,179.70521545410156,352.2339782714844,0.7173824906349182
194,384.5853271484375,8.904311180114746,388.2702941894531,17.647520065307617,0.7157126069068909
194,555.3931884765625,174.4264373779297,559.230224609375,179.57205200195312,0.7114292979240417
194,147.02731323242188,344.65802001953125,152.74432373046875,348.4986267089844,0.7045706510543823
194,164.53634643554688,345.7532958984375,171.51608276367188,350.14630126953125,0.6992814540863037
194,255.02354431152344,346.8993835449219,260.2131042480469,351.18194580078125,0.6955645680427551
194,493.1719970703125,170.40853881835938,496.6678161621094,177.85183715820312,0.6935805082321167
194,268.3499450683594,345.0675964355469,274.41961669921875,348.6389465332031,0.6484190821647644
194,658.545166015625,350.1096496582031,664.8616333007812,354.47540283203125,0.6127228736877441
194,621.0220947265625,350.04998779296875,626.0603637695312,353.8246154785156,0.5806630253791809
194,641.3865356445312,350.9609375,647.1396484375,354.7796325683594,0.4000338912010193
195,144.22048950195312,24.61348533630371,150.83822631835938,30.826133728027344,0.8260446190834045
195,271.7673645019531,233.77345275878906,277.4107360839844,241.12391662597656,0.8078863024711609
195,394.7684631347656,317.4123229980469,401.6409912109375,323.3714599609375,0.8071753978729248
195,52.80908966064453,30.532262802124023,58.70411682128906,38.217227935791016,0.7968959212303162
195,46.2633171081543,174.44882202148438,51.65126037597656,183.16583251953125,0.7783116698265076
195,548.9053344726562,215.12017822265625,554.1503295898438,223.71287536621094,0.7756548523902893
195,376.7304992675781,204.82664489746094,382.2806701660156,210.13912963867188,0.7723472714424133
195,509.2472229003906,337.4027404785156,513.623779296875,345.98309326171875,0.7702775001525879
195,383.7483215332031,331.7522888183594,389.1107482910156,339.5608825683594,0.7640044093132019
195,503.0788269042969,347.4080810546875,508.360107421875,352.662109375,0.7593508362770081
195,375.85400390625,111.67269897460938,380.55450439453125,119.15704345703125,0.7523545026779175
195,257.0357360839844,53.018165588378906,261.6537170410156,60.34739685058594,0.7501481175422668
195,128.81053161621094,338.1215515136719,134.26918029785156,343.7295837402344,0.7465115785598755
195,171.41390991210938,347.1536560058594,178.68487548828125,352.3955078125,0.7449089884757996
195,490.455078125,23.405010223388672,494.5372314453125,30.572458267211914,0.7438998818397522
195,60.11812973022461,344.6245422363281,65.75987243652344,349.07867431640625,0.742563784122467
195,12.799487113952637,178.00318908691406,16.59741973876953,186.78688049316406,0.7354685664176941
195,554.8530883789062,174.76194763183594,558.9347534179688,179.91024780273438,0.716754138469696
195,384.9251403808594,8.66299057006836,388.6623840332031,16.02033042907715,0.7145527601242065
195,145.37173461914062,344.6560974121094,151.70855712890625,348.3549499511719,0.7122069001197815
195,163.04420471191406,346.0533142089844,169.90826416015625,350.16845703125,0.711035966873169
195,492.4578857421875,169.35890197753906,495.9145202636719,176.4754180908203,0.7047913074493408
195,254.89466857910156,346.9530334472656,259.9423828125,351.2174987792969,0.6990151405334473
195,267.55389404296875,345.3242492675781,273.8774719238281,348.7768859863281,0.6406136751174927
195,400.3207702636719,347.1670227050781,405.987548828125,352.4994812011719,0.6386367678642273
195,658.8994140625,350.07708740234375,664.1431274414062,354.1047668457031,0.626124382019043
195,621.3583984375,350.0870056152344,626.0529174804688,354.0826110839844,0.6077116131782532
195,404.36639404296875,349.8709411621094,410.17816162109375,354.3604736328125,0.45458078384399414
196,144.18966674804688,24.687713623046875,150.742919921875,30.873743057250977,0.8210356831550598
196,51.0501823425293,30.5314884185791,58.07492446899414,35.782615661621094,0.8096874356269836
196,294.2541198730469,210.69515991210938,299.3765869140625,218.1746368408203,0.7931724786758423
196,548.6807250976562,215.11962890625,553.8524169921875,223.70138549804688,0.7919692397117615
196,509.611572265625,337.2247009277344,513.9830322265625,345.55889892578125,0.777944028377533
196,46.3234977722168,174.4611053466797,51.657859802246094,183.05540466308594,0.7697445154190063
196,380.32159423828125,340.0857238769531,385.0200500488281,347.32635498046875,0.769280195236206
196,376.7987976074219,204.83670043945312,382.2156677246094,210.15341186523438,0.7689705491065979
196,503.3322448730469,347.3768615722656,509.08416748046875,352.4835510253906,0.7652734518051147
196,375.4157409667969,109.65362548828125,379.7170715332031,117.47041320800781,0.7591664791107178
196,170.12515258789062,347.4450988769531,177.70050048828125,352.1821594238281,0.7581908702850342
196,257.2441101074219,51.668338775634766,261.26519775390625,59.76457977294922,0.7470491528511047
196,554.3422241210938,175.06875610351562,558.5993041992188,180.22821044921875,0.7468152046203613
196,490.3702087402344,21.02256202697754,494.6185607910156,28.642024993896484,0.7454468011856079
196,58.876983642578125,344.5292663574219,64.3602294921875,348.9053955078125,0.7359191179275513
196,401.5058898925781,347.4823913574219,408.6076965332031,353.06024169921875,0.7318440675735474
196,371.9704895019531,330.9211730957031,376.8652648925781,336.5301818847656,0.7312343716621399
196,162.1775665283203,346.6417236328125,168.51275634765625,350.4559631347656,0.7291973829269409
196,13.017454147338867,175.9394989013672,16.612518310546875,184.5552215576172,0.7281013131141663
196,150.71463012695312,330.83935546875,155.7727813720703,335.4406433105469,0.7208348512649536
196,385.0207214355469,8.539670944213867,388.90203857421875,16.01603889465332,0.7105891108512878
196,144.8577117919922,344.69091796875,151.27195739746094,348.3562927246094,0.7079595923423767
196,254.89749145507812,346.9630126953125,259.8861999511719,351.1971130371094,0.7055273056030273
196,492.52947998046875,169.3402099609375,495.958740234375,177.48568725585938,0.6871174573898315
196,658.9454345703125,350.12164306640625,664.7154541015625,354.3060302734375,0.683931291103363
196,621.0011596679688,349.8973693847656,626.127197265625,354.0518493652344,0.6744757890701294
196,266.5043029785156,345.44769287109375,272.7556457519531,348.98455810546875,0.6532614231109619
196,637.2718505859375,350.9890441894531,645.4165649414062,355.1186218261719,0.5945577025413513
196,647.542236328125,351.5862121582031,654.4713745117188,355.4063415527344,0.49007198214530945
197,144.1553192138672,24.950145721435547,150.78909301757812,30.916200637817383,0.8216592073440552
197,48.55253219604492,30.57533073425293,56.21065139770508,34.896575927734375,0.8193161487579346
197,548.426513671875,214.4431915283203,553.672607421875,222.99668884277344,0.7936789393424988
197,158.48008728027344,330.88055419921875,163.48904418945312,337.89251708984375,0.7880957722663879
197,509.7095642089844,337.11376953125,514.2701416015625,345.4282531738281,0.7806891798973083
197,46.29888916015625,174.53273010253906,51.785743713378906,182.9980010986328,0.773594319820404
197,376.7306823730469,204.81680297851562,382.0900573730469,210.10568237304688,0.7734796404838562
197,170.58551025390625,347.591796875,178.0437774658203,351.9539489746094,0.7716929316520691
197,306.7771911621094,182.6611328125,311.18896484375,189.0325164794922,0.7675409913063049
197,503.3876953125,347.30108642578125,509.2904968261719,352.4003601074219,0.7633528113365173
197,375.2255554199219,107.8342514038086,379.5841369628906,115.53152465820312,0.7603907585144043
197,401.7162170410156,347.4642333984375,408.83935546875,353.2111511230469,0.756195068359375
197,161.20494079589844,346.3442687988281,167.66021728515625,350.3304748535156,0.7524431347846985
197,12.858431816101074,173.95741271972656,16.845909118652344,182.4868621826172,0.7425431609153748
197,379.3324279785156,333.5188903808594,384.6191711425781,338.0796813964844,0.7406088709831238
197,57.281593322753906,344.1050720214844,62.74283981323242,348.4797058105469,0.7384244203567505
197,254.87701416015625,346.9062805175781,259.8565368652344,351.2032470703125,0.7343508005142212
197,554.2222290039062,175.53817749023438,558.4301147460938,180.66969299316406,0.7305227518081665
197,264.6574401855469,345.4033203125,271.4412536621094,349.31982421875,0.7258669137954712
197,257.603759765625,51.030643463134766,261.36871337890625,59.52125930786133,0.7250077724456787
197,651.5307006835938,329.4877014160156,657.2227783203125,334.3153991699219,0.7218999266624451
197,490.83447265625,19.16990852355957,494.7347717285156,26.662002563476562,0.715613067150116
197,145.2611541748047,344.73876953125,151.32858276367188,348.4041748046875,0.7142500281333923
197,491.9836120605469,168.023681640625,495.6904296875,175.45204162597656,0.7076745629310608
197,375.1785888671875,347.2028503417969,379.98046875,352.6546936035156,0.7068172097206116
197,621.048095703125,350.1582336425781,626.0651245117188,354.1315612792969,0.7067594528198242
197,658.8418579101562,350.2737731933594,664.0678100585938,354.1950988769531,0.6839917898178101
197,385.07806396484375,8.1292724609375,389.1524963378906,12.537460327148438,0.6686734557151794
197,636.989990234375,351.181640625,645.7394409179688,355.119384765625,0.608877420425415
197,647.892578125,351.599365234375,654.982666015625,355.2836608886719,0.47311151027679443
198,144.2371826171875,24.892858505249023,150.7843017578125,30.888795852661133,0.8181278705596924
198,47.239166259765625,31.10318946838379,54.95077133178711,35.05278015136719,0.8028717637062073
198,548.3832397460938,213.44032287597656,553.8341064453125,221.9861297607422,0.7974733710289001
198,509.6676940917969,337.1136169433594,514.3148803710938,345.36810302734375,0.7871143221855164
198,170.60879516601562,347.56829833984375,178.11976623535156,351.9249267578125,0.7795489430427551
198,46.22809600830078,174.3162841796875,51.888309478759766,182.60903930664062,0.7753607630729675
198,376.5069274902344,204.76483154296875,382.1540832519531,210.0358428955078,0.7716966271400452
198,263.0537414550781,345.1314392089844,270.92877197265625,349.28863525390625,0.7689900398254395
198,298.6772155761719,178.14613342285156,305.71337890625,182.00485229492188,0.7565487623214722
198,374.1361083984375,105.67729187011719,378.5096740722656,113.73912048339844,0.7563751935958862
198,160.1370849609375,346.2187194824219,166.9905242919922,350.1642761230469,0.7456017732620239
198,553.9441528320312,175.51336669921875,558.323974609375,180.43429565429688,0.7438652515411377
198,56.067588806152344,344.1702575683594,61.723541259765625,348.46246337890625,0.7429341077804565
198,504.34527587890625,347.0930480957031,509.4292297363281,352.1447448730469,0.7390165328979492
198,372.459228515625,334.1042785644531,378.46881103515625,338.3160705566406,0.7357004284858704
198,257.5775451660156,49.96213150024414,261.63800048828125,58.678775787353516,0.7356680631637573
198,490.8368835449219,16.737895965576172,494.9394226074219,24.289945602416992,0.7326232194900513
198,145.09718322753906,344.8000793457031,151.09127807617188,348.39337158203125,0.7287375330924988
198,254.7686004638672,347.2019348144531,259.6429138183594,351.2559509277344,0.7193666100502014
198,401.2412109375,347.2601318359375,408.5582580566406,352.90185546875,0.7170835733413696
198,13.438337326049805,171.7718048095703,17.054851531982422,180.4011993408203,0.709622859954834
198,491.37652587890625,167.1729278564453,495.2038879394531,174.35081481933594,0.695967972278595
198,160.0650634765625,338.0731506347656,164.5150146484375,342.7619934082031,0.6953494548797607
198,620.9132080078125,350.0281982421875,625.9813232421875,354.1419677734375,0.6840764880180359
198,377.6905822753906,348.0908508300781,382.6866149902344,352.90423583984375,0.6745505332946777
198,647.9027099609375,349.693359375,653.7728271484375,355.8530578613281,0.6715841889381409
198,658.5744018554688,350.12298583984375,664.1771850585938,354.67803955078125,0.6387709379196167
198,637.3170166015625,350.8962707519531,644.9617919921875,355.0445861816406,0.5427688360214233
199,144.1900177001953,24.775224685668945,150.71324157714844,30.902414321899414,0.8182604312896729
199,368.6893310546875,338.6871337890625,375.031494140625,346.88128662109375,0.8126121163368225
199,45.397212982177734,31.459020614624023,53.18947219848633,35.305519104003906,0.8095899820327759
199,547.9511108398438,211.8466339111328,553.4230346679688,220.4215545654297,0.7997390031814575
199,509.52874755859375,336.5965881347656,514.2340698242188,344.9674377441406,0.7894278764724731
199,46.06959915161133,174.1043243408203,52.03649139404297,182.3018341064453,0.7814216017723083
199,376.3409118652344,204.7603302001953,381.8292541503906,209.80917358398438,0.7687367796897888
199,262.2061767578125,345.00775146484375,270.4607238769531,349.4404602050781,0.7666187882423401
199,372.7421875,104.26045227050781,377.68701171875,111.51981353759766,0.7546422481536865
199,257.8855285644531,48.91061019897461,262.086181640625,57.87447738647461,0.7466643452644348
199,171.09112548828125,345.3624572753906,178.0892333984375,352.1280212402344,0.7444225549697876
199,553.4342041015625,175.77345275878906,558.0269165039062,180.95945739746094,0.7418532371520996
199,308.5137939453125,175.5934600830078,314.2171325683594,179.76593017578125,0.7399714589118958
199,54.90909957885742,344.1078796386719,60.22031784057617,348.35113525390625,0.7376697063446045
199,491.38604736328125,14.949360847473145,495.53448486328125,22.259836196899414,0.7351198792457581
199,160.35653686523438,346.1018981933594,167.2200469970703,350.37921142578125,0.724871039390564
199,145.22972106933594,344.6613464355469,151.7081756591797,348.4686584472656,0.7198875546455383
199,13.413590431213379,169.0003204345703,17.103294372558594,177.553955078125,0.7178238034248352
199,254.71182250976562,347.2259521484375,259.530029296875,351.2686462402344,0.7016124725341797
199,490.9739074707031,166.80886840820312,494.83087158203125,174.1532440185547,0.6999692916870117
199,504.7373046875,347.09149169921875,509.80859375,352.5521545410156,0.6996392607688904
199,401.16168212890625,347.32696533203125,408.34771728515625,352.7785949707031,0.6808474063873291
199,377.5659484863281,347.516357421875,381.8542785644531,352.6432189941406,0.6736992001533508
199,620.8843383789062,350.22698974609375,625.8809204101562,354.2759704589844,0.6630713939666748
199,648.9039306640625,347.4952697753906,654.751220703125,353.2087097167969,0.6226831674575806
199,658.7078247070312,350.6351013183594,664.3297729492188,354.7981872558594,0.5956400036811829
199,637.11474609375,350.92193603515625,645.026611328125,355.0118713378906,0.536736786365509
199,647.7962646484375,350.74810791015625,653.9400634765625,356.4231872558594,0.5215597748756409
200,144.1814727783203,24.627302169799805,150.90013122558594,30.923887252807617,0.8218173980712891
200,43.83094024658203,31.295207977294922,51.43583297729492,35.25741195678711,0.8058458566665649
200,547.438720703125,211.00814819335938,552.7711791992188,219.61280822753906,0.7964158654212952
200,45.93061447143555,174.14268493652344,51.896297454833984,182.2766876220703,0.7860286831855774
200,261.4585876464844,345.0746765136719,269.9703674316406,349.6893005371094,0.7748197913169861
200,509.93377685546875,336.24151611328125,514.5286865234375,344.5881042480469,0.7735050916671753
200,376.4377136230469,204.77549743652344,381.9087829589844,209.81588745117188,0.7708360552787781
200,372.0640869140625,103.37411499023438,377.1888427734375,110.59725952148438,0.7618141174316406
200,170.65716552734375,347.4832763671875,178.0403594970703,353.1904602050781,0.7599534392356873
200,258.2873840332031,47.34651184082031,262.33587646484375,56.16323471069336,0.7512749433517456
200,53.05192947387695,344.1332092285156,58.52419662475586,348.6963806152344,0.7453262209892273
200,491.4407653808594,13.07272720336914,496.0231018066406,20.62419891357422,0.7419734597206116
200,371.3270263671875,340.4059753417969,377.4898681640625,346.4472961425781,0.7346093654632568
200,160.50546264648438,346.202392578125,167.15794372558594,350.3536071777344,0.7288077473640442
200,145.10977172851562,344.6407775878906,151.42044067382812,348.39410400390625,0.7248632311820984
200,504.86761474609375,347.1246337890625,509.9397277832031,352.5185852050781,0.7237595915794373
200,254.5644989013672,347.3670654296875,259.4887390136719,351.3439636230469,0.7128725051879883
200,552.8812255859375,176.67642211914062,557.2090454101562,181.63255310058594,0.7098774313926697
200,308.222900390625,191.68853759765625,312.3852233886719,197.72720336914062,0.7045834064483643
200,13.242124557495117,165.99337768554688,17.01833724975586,174.67550659179688,0.7030271291732788
200,401.5491943359375,347.55194091796875,408.7959899902344,352.7977294921875,0.6940492987632751
200,620.8040771484375,350.0392150878906,625.987548828125,354.2076721191406,0.6873384118080139
200,490.9502258300781,166.52378845214844,494.7644958496094,173.46612548828125,0.6823816895484924
200,376.79229736328125,345.2738342285156,381.6590270996094,352.7541809082031,0.6817309260368347
200,492.108642578125,5.591153621673584,496.45086669921875,9.662243843078613,0.6580561995506287
200,658.4533081054688,350.38580322265625,664.1642456054688,354.9373474121094,0.6487643718719482
200,646.8999633789062,349.6981506347656,652.85107421875,355.9378967285156,0.6090735197067261
200,637.1525268554688,350.7273864746094,645.2806396484375,355.1278991699219,0.566636860370636
200,404.7822265625,350.0762939453125,410.3518371582031,354.0989074707031,0.4296067953109741
201,144.19741821289062,24.654863357543945,150.91314697265625,30.911470413208008,0.8232672810554504
201,546.5620727539062,210.04385375976562,552.3382568359375,218.7191162109375,0.8066630363464355
201,41.32455825805664,31.356334686279297,49.3082160949707,35.2702522277832,0.7967938780784607
201,46.0257568359375,174.1741180419922,51.77816390991211,182.52281188964844,0.786095380783081
201,510.20831298828125,335.4891052246094,515.265625,343.9430847167969,0.7854978442192078
201,260.67291259765625,345.0048828125,269.4967956542969,349.5214538574219,0.7844471335411072
201,376.4078674316406,204.69070434570312,381.9505615234375,209.84730529785156,0.7768430709838867
201,401.4325256347656,347.6575622558594,409.0117492675781,353.513427734375,0.7695820331573486
201,370.3775329589844,345.8820495605469,375.94183349609375,352.55889892578125,0.7671422362327576
201,51.69758224487305,344.3427429199219,56.99234390258789,350.0793762207031,0.7645953297615051
201,170.4805908203125,347.61700439453125,177.95376586914062,353.18914794921875,0.7568414807319641
201,376.395751953125,343.7075500488281,381.38238525390625,351.6134033203125,0.7567424178123474
201,259.0492858886719,45.837257385253906,263.0411071777344,54.44640350341797,0.7532703280448914
201,297.7126770019531,208.2928924560547,302.3440246582031,214.71878051757812,0.7527288198471069
201,371.507080078125,102.00502014160156,376.3045654296875,109.12691497802734,0.7492194771766663
201,504.892333984375,346.9869384765625,510.1661682128906,352.4052734375,0.7402427196502686
201,254.54269409179688,347.363525390625,259.8760681152344,351.4007263183594,0.7355836033821106
201,145.06556701660156,344.5562744140625,152.00547790527344,348.4159851074219,0.7243118286132812
201,492.08135986328125,6.2766618728637695,496.6168518066406,10.30882740020752,0.7185595631599426
201,160.54441833496094,346.8498229980469,167.10128784179688,350.73907470703125,0.7141371369361877
201,552.844970703125,176.62266540527344,557.2149047851562,181.60726928710938,0.7115265727043152
201,490.8446960449219,165.5331268310547,494.66082763671875,171.94656372070312,0.7056984305381775
201,491.8675537109375,11.939275741577148,496.4074401855469,17.8764705657959,0.6942646503448486
201,620.8513793945312,350.3117980957031,625.7971801757812,354.4237976074219,0.6931988000869751
201,645.8147583007812,348.563232421875,652.3068237304688,355.7571105957031,0.688791036605835
201,13.070100784301758,163.4840850830078,16.350160598754883,171.75123596191406,0.6804599761962891
201,658.3045654296875,350.3415832519531,664.3779907226562,354.92181396484375,0.6511089205741882
201,636.8854370117188,350.5628967285156,644.0111694335938,354.7120361328125,0.4895568788051605
202,144.2091522216797,24.601123809814453,150.96002197265625,30.934146881103516,0.822102427482605
202,39.39417266845703,31.00816535949707,47.71199417114258,34.88553237915039,0.8031655550003052
202,546.1626586914062,209.1610565185547,551.9743041992188,217.54611206054688,0.8010196685791016
202,46.02326965332031,174.14463806152344,51.79888916015625,182.5443572998047,0.788112998008728
202,306.0106201171875,223.66676330566406,312.2850036621094,229.0865478515625,0.7857756018638611
202,370.2909240722656,347.0710754394531,375.7058410644531,353.89556884765625,0.7832655310630798
202,260.1467590332031,345.0171203613281,269.4361877441406,349.48406982421875,0.7744689583778381
202,376.3922424316406,204.7030792236328,381.9356994628906,209.84561157226562,0.7743068933486938
202,510.7480163574219,335.0386962890625,515.619140625,342.9420166015625,0.7631885409355164
202,401.6351623535156,347.77020263671875,408.96636962890625,353.4485168457031,0.7612584233283997
202,377.2920227050781,341.7737121582031,381.6053161621094,349.4209289550781,0.7591110467910767
202,254.72262573242188,347.500244140625,260.66943359375,351.5282287597656,0.7428821325302124
202,259.5567932128906,43.847930908203125,263.4604797363281,52.397727966308594,0.740760326385498
202,370.9064636230469,100.57000732421875,375.5207824707031,107.65857696533203,0.7397617101669312
202,170.47621154785156,347.5155334472656,178.01731872558594,353.3080749511719,0.738020122051239
202,504.761474609375,347.1452331542969,510.44183349609375,352.1077880859375,0.7351263165473938
202,145.06640625,344.5827941894531,152.04541015625,348.5173645019531,0.726703941822052
202,160.6741180419922,347.0254821777344,166.90357971191406,350.8428955078125,0.7145893573760986
202,552.8267211914062,176.64247131347656,557.1520385742188,181.58523559570312,0.7109401226043701
202,51.234962463378906,344.6977233886719,55.86784744262695,350.05438232421875,0.7068780064582825
202,12.252561569213867,161.06417846679688,15.755171775817871,169.3905029296875,0.7055050134658813
202,490.82122802734375,165.5056610107422,494.5815124511719,171.97100830078125,0.6957188248634338
202,492.5078430175781,7.288026332855225,496.9694519042969,15.641880989074707,0.6845992207527161
202,620.4893188476562,350.5841369628906,625.3696899414062,354.3220520019531,0.6790842413902283
202,658.732177734375,350.1790771484375,663.5675659179688,354.1942443847656,0.677215576171875
202,644.404296875,341.4178161621094,650.982421875,346.2949523925781,0.671184778213501
202,637.6659545898438,350.8148193359375,644.6343994140625,354.85467529296875,0.6230260729789734
203,295.0911560058594,264.8924560546875,301.996826171875,274.7959899902344,0.8424667119979858
203,144.26600646972656,25.10464096069336,151.22357177734375,30.763751983642578,0.8230582475662231
203,37.74657440185547,30.150135040283203,45.69577407836914,34.335758209228516,0.8019657135009766
203,45.94670867919922,174.10536193847656,51.84480285644531,182.37167358398438,0.7943246364593506
203,545.9505004882812,208.48876953125,551.4060668945312,216.684814453125,0.7903743982315063
203,369.869140625,346.8482971191406,375.32147216796875,354.18133544921875,0.7899278402328491
203,168.64608764648438,347.4048767089844,177.95875549316406,352.8935852050781,0.7755584716796875
203,376.38836669921875,204.73513793945312,381.8773498535156,209.86546325683594,0.767548143863678
203,510.90313720703125,334.8711242675781,515.4971313476562,342.5660705566406,0.762631356716156
203,259.9893798828125,41.43155288696289,263.916748046875,50.10173797607422,0.7623493671417236
203,377.0484619140625,340.9042053222656,381.2072448730469,348.39300537109375,0.7572874426841736
203,145.0273895263672,344.5307312011719,151.94400024414062,348.3915100097656,0.743299663066864
203,254.6414794921875,347.4653015136719,260.41265869140625,351.6310729980469,0.7316176891326904
203,505.1443176269531,346.8567199707031,510.39459228515625,352.0378723144531,0.7289673089981079
203,370.4320373535156,99.45060729980469,374.6739196777344,106.40835571289062,0.7274504899978638
203,261.3768310546875,344.33843994140625,270.06756591796875,349.31427001953125,0.723042368888855
203,160.18653869628906,346.87347412109375,166.1005096435547,350.7166442871094,0.716731607913971
203,552.8298950195312,176.6435546875,557.1262817382812,181.56271362304688,0.7043352723121643
203,12.293331146240234,158.49412536621094,15.8624906539917,166.98617553710938,0.7009335160255432
203,620.5648803710938,350.2528381347656,625.938720703125,354.6120910644531,0.695990264415741
203,490.8123474121094,165.50685119628906,494.6167907714844,172.0034942626953,0.6901280879974365
203,658.4447631835938,350.4549255371094,663.844482421875,354.46954345703125,0.6848653554916382
203,50.78249740600586,344.63177490234375,55.55533218383789,349.7593688964844,0.6792184114456177
203,404.0300598144531,349.278564453125,409.5409851074219,353.762939453125,0.6661763191223145
203,493.0083923339844,7.335887432098389,497.2406311035156,12.733316421508789,0.6544067859649658
203,637.0238037109375,350.59893798828125,645.7114868164062,355.5748291015625,0.6449622511863708
203,400.285888671875,347.220947265625,405.4562683105469,351.95269775390625,0.4220466613769531
204,144.30796813964844,25.210834503173828,151.1837615966797,30.74838638305664,0.819297194480896
204,35.4492301940918,29.906103134155273,43.46435546875,34.16090774536133,0.809319019317627
204,45.93129348754883,174.13104248046875,51.76601028442383,182.33843994140625,0.7946668267250061
204,545.712646484375,207.71231079101562,551.1549072265625,216.24745178222656,0.7931842803955078
204,261.2469787597656,312.31658935546875,265.2957458496094,320.4457702636719,0.7859572768211365
204,270.46893310546875,302.43212890625,275.2196350097656,310.0516357421875,0.7765008211135864
204,376.3197937011719,204.7952117919922,381.7588806152344,209.76890563964844,0.7702856659889221
204,511.2181701660156,334.6878356933594,515.8742065429688,342.3045349121094,0.7620925903320312
204,259.0839538574219,345.1184387207031,266.3560485839844,349.50048828125,0.7594630122184753
204,377.3746032714844,339.0284729003906,381.07928466796875,346.5491027832031,0.7555995583534241
204,260.469482421875,38.90184020996094,264.2730712890625,47.17510223388672,0.7518887519836426
204,370.2437744140625,346.10467529296875,373.8382263183594,353.6525573730469,0.7483054399490356
204,145.5860595703125,344.6260070800781,151.95530700683594,348.6109924316406,0.738163411617279
204,505.2467041015625,346.9138488769531,510.5211181640625,351.75909423828125,0.7279845476150513
204,12.078954696655273,155.55528259277344,15.618327140808105,164.11453247070312,0.7256044745445251
204,370.1689147949219,97.58404541015625,374.1844482421875,104.83663177490234,0.7167744636535645
204,168.40896606445312,347.50555419921875,177.4957733154297,352.6116027832031,0.716576874256134
204,404.0587463378906,349.1326599121094,409.123291015625,353.5493469238281,0.7141101360321045
204,552.7843627929688,176.35508728027344,557.1200561523438,181.28456115722656,0.7122495770454407
204,254.7957305908203,347.8599548339844,259.6736145019531,351.8230895996094,0.7106916904449463
204,160.1723175048828,346.8519287109375,165.93826293945312,350.8459777832031,0.7069607973098755
204,490.5679016113281,165.0198211669922,494.22149658203125,171.58050537109375,0.6958639025688171
204,658.5851440429688,350.3449401855469,663.780029296875,354.28228759765625,0.6920629143714905
204,620.5621948242188,350.25946044921875,625.8200073242188,354.55517578125,0.6918494701385498
204,50.77973937988281,344.6693115234375,55.233516693115234,349.1114501953125,0.6865943670272827
204,635.8348388671875,349.8388366699219,643.87451171875,355.36004638671875,0.6482073068618774
204,400.3708801269531,347.7140197753906,404.6500549316406,352.10699462890625,0.479329913854599
205,144.3818817138672,25.219287872314453,151.1837158203125,30.75263786315918,0.822838306427002
205,32.82821273803711,29.234651565551758,40.762027740478516,33.66461181640625,0.8161872625350952
205,370.1592712402344,347.8781433105469,376.89947509765625,353.81866455078125,0.8009675145149231
205,45.91514587402344,174.14065551757812,51.772159576416016,182.39410400390625,0.794427216053009
205,545.6485595703125,207.36709594726562,551.121337890625,215.8515167236328,0.7933229804039001
205,258.3760986328125,262.0638122558594,262.4491882324219,271.5963439941406,0.7870432734489441
205,376.3852844238281,204.84535217285156,381.7977294921875,209.797119140625,0.7757025361061096
205,275.44976806640625,307.81463623046875,279.22222900390625,316.0948486328125,0.7697464823722839
205,261.0271301269531,36.277984619140625,265.2579345703125,44.8677864074707,0.7671273350715637
205,511.3096008300781,334.3392333984375,516.2272338867188,342.033447265625,0.7647087574005127
205,258.6642761230469,345.05731201171875,266.33184814453125,349.5639953613281,0.7643107771873474
205,377.3101501464844,338.04296875,381.05816650390625,346.1309509277344,0.763670027256012
205,11.690618515014648,153.1317596435547,15.662742614746094,161.4155731201172,0.7432162761688232
205,145.8753204345703,344.5914611816406,151.6574249267578,348.55682373046875,0.7383459806442261
205,505.3240966796875,347.0209045410156,510.5885314941406,351.7138977050781,0.7363098859786987
205,168.98988342285156,347.70513916015625,177.44960021972656,352.74066162109375,0.733947217464447
205,254.5665740966797,347.8332214355469,259.7177734375,351.9496765136719,0.7276740670204163
205,369.8258972167969,95.81542205810547,373.71148681640625,103.3750228881836,0.7248938083648682
205,490.2450866699219,164.4899139404297,494.04095458984375,171.2093963623047,0.7052232027053833
205,403.74560546875,348.94927978515625,409.1686096191406,353.6632995605469,0.7020050287246704
205,620.5203857421875,350.38641357421875,625.6600341796875,354.5740661621094,0.6984710097312927
205,658.6327514648438,350.3125305175781,663.7014770507812,354.2316589355469,0.6952080130577087
205,160.02044677734375,346.6389465332031,165.87350463867188,350.7182312011719,0.689373791217804
205,50.03124237060547,344.617919921875,54.41353988647461,348.8569030761719,0.6807722449302673
205,552.7420043945312,176.3157196044922,557.19921875,180.82386779785156,0.6795749664306641
205,635.4545288085938,349.683349609375,642.6941528320312,354.9831237792969,0.6724853515625
205,399.3284606933594,347.2948913574219,404.7318420410156,351.99395751953125,0.49659326672554016
205,164.5115509033203,347.20184326171875,171.02828979492188,352.0332336425781,0.4963969588279724
206,144.4888458251953,25.194372177124023,151.42747497558594,30.824913024902344,0.8250014185905457
206,30.43349838256836,28.25043487548828,38.64490509033203,32.912052154541016,0.8090865612030029
206,45.972198486328125,174.0826873779297,52.02671432495117,182.13575744628906,0.8014562726020813
206,545.3875122070312,206.8719024658203,550.89697265625,215.45516967773438,0.7936530709266663
206,259.8755798339844,232.65362548828125,265.79840087890625,238.37750244140625,0.7846219539642334
206,376.4115905761719,204.82432556152344,381.8720397949219,209.78346252441406,0.7698506116867065
206,261.6673889160156,34.573646545410156,265.79400634765625,43.02925109863281,0.7622503042221069
206,377.5374755859375,336.38409423828125,381.1054382324219,344.5008850097656,0.7601563334465027
206,511.182373046875,334.46038818359375,516.114013671875,342.1737060546875,0.7580376863479614
206,10.77423095703125,151.1748504638672,15.006887435913086,159.42694091796875,0.7574421763420105
206,372.5813293457031,348.6346740722656,377.0557861328125,353.2470703125,0.7516404986381531
206,258.8355712890625,344.9849853515625,265.98626708984375,349.5274658203125,0.7513862252235413
206,48.936561584472656,344.5080871582031,53.92940139770508,348.8016052246094,0.738640308380127
206,167.57530212402344,347.6033020019531,176.56260681152344,352.2997741699219,0.7382164597511292
206,146.2340545654297,344.5987854003906,151.90533447265625,348.52215576171875,0.7355501651763916
206,403.84857177734375,348.6858215332031,408.8172912597656,353.47296142578125,0.7346256971359253
206,277.8450622558594,325.41845703125,283.4845275878906,329.7391662597656,0.733040988445282
206,369.6878967285156,93.75367736816406,373.5303955078125,101.40391540527344,0.7161774635314941
206,505.2837219238281,347.0487976074219,510.5959777832031,351.65191650390625,0.7126159071922302
206,254.64532470703125,347.96051025390625,259.7646484375,351.9644775390625,0.7051716446876526
206,160.10940551757812,346.7424011230469,165.71945190429688,350.6794738769531,0.6955628991127014
206,490.15460205078125,163.98983764648438,493.9872131347656,170.7390899658203,0.6931374669075012
206,658.43212890625,350.3065490722656,663.5879516601562,354.24530029296875,0.690204381942749
206,620.3927612304688,350.45806884765625,625.735107421875,354.62896728515625,0.6859166622161865
206,398.7627258300781,347.3454895019531,403.5693664550781,351.7302551269531,0.685874879360199
206,552.7299194335938,176.2979278564453,557.2244262695312,180.77590942382812,0.679054319858551
206,635.5224609375,349.4967956542969,644.1190185546875,354.82354736328125,0.65371173620224
207,144.17144775390625,25.873571395874023,151.5377197265625,30.95717430114746,0.8122250437736511
207,45.962364196777344,174.06251525878906,52.06239700317383,182.1437225341797,0.8026966452598572
207,29.13193702697754,27.70785140991211,37.45230484008789,32.368682861328125,0.8019879460334778
207,545.3684692382812,206.69287109375,550.8803100585938,215.2318572998047,0.7937890887260437
207,281.63323974609375,337.80340576171875,286.334716796875,345.07061767578125,0.7765186429023743
207,376.4410095214844,204.85433959960938,381.8092346191406,209.75732421875,0.7716346979141235
207,47.84281539916992,344.5278015136719,53.27006530761719,348.9405212402344,0.7681943774223328
207,9.880965232849121,149.1292266845703,14.337696075439453,156.9596710205078,0.7659305334091187
207,511.94757080078125,333.7871398925781,517.1589965820312,341.6551208496094,0.7603946328163147
207,377.51434326171875,334.3570556640625,380.99481201171875,342.71435546875,0.7574594616889954
207,372.69683837890625,347.7312927246094,377.3603515625,353.2974548339844,0.7550128698348999
207,262.36529541015625,32.06501007080078,266.53887939453125,40.37966537475586,0.7545967698097229
207,258.7090148925781,345.06585693359375,265.6831970214844,349.7115783691406,0.750434935092926
207,403.89251708984375,347.846923828125,408.68756103515625,353.54278564453125,0.7422850728034973
207,254.45721435546875,348.0492858886719,259.5685119628906,352.0904541015625,0.7422791719436646
207,167.1939239501953,347.54522705078125,176.05615234375,352.14959716796875,0.7415923476219177
207,369.3341064453125,91.98654174804688,373.2859191894531,99.84735107421875,0.7286940217018127
207,275.3482666015625,217.24258422851562,279.3303527832031,225.25558471679688,0.7208356857299805
207,159.914306640625,346.484619140625,165.33456420898438,350.58294677734375,0.7205545902252197
207,505.41912841796875,347.077392578125,510.6236877441406,351.6815490722656,0.7190013527870178
207,146.24917602539062,344.8083801269531,151.30543518066406,348.3621826171875,0.708091139793396
207,490.115234375,163.60671997070312,494.11981201171875,170.24790954589844,0.7070174813270569
207,658.190185546875,350.0660095214844,663.5704345703125,354.21710205078125,0.6968554258346558
207,398.10772705078125,347.1067810058594,403.217529296875,351.7431335449219,0.6943647861480713
207,620.3126220703125,350.4341735839844,625.779052734375,354.6480407714844,0.6816321015357971
207,552.552490234375,175.95802307128906,557.2886962890625,180.43324279785156,0.678859293460846
207,629.2213134765625,349.6690979003906,635.54833984375,354.7838439941406,0.5228436589241028
207,634.8728637695312,349.9137878417969,644.3745727539062,354.8486022949219,0.5202467441558838
208,144.42660522460938,26.314842224121094,152.10098266601562,31.19024085998535,0.8173547387123108
208,27.4310302734375,27.46933937072754,35.89087677001953,32.15938186645508,0.8063677549362183
208,545.2926025390625,206.422119140625,550.7581176757812,214.9400634765625,0.7989169359207153
208,45.939022064208984,174.04132080078125,51.84614181518555,182.18626403808594,0.794067919254303
208,517.7977905273438,171.52175903320312,526.2760009765625,178.87347412109375,0.7936219573020935
208,376.4287109375,204.83743286132812,381.8351745605469,209.7607879638672,0.773790717124939
208,263.0439758300781,29.774511337280273,267.21160888671875,37.859920501708984,0.766318142414093
208,490.054931640625,163.01889038085938,494.4591369628906,170.1012420654297,0.763483464717865
208,45.912723541259766,344.4467468261719,51.45109939575195,348.8175354003906,0.7632627487182617
208,512.8737182617188,333.2552490234375,517.7068481445312,341.402099609375,0.7620239853858948
208,373.14434814453125,347.8216857910156,378.7307434082031,353.1939392089844,0.7609519958496094
208,9.01321029663086,147.61367797851562,13.579216957092285,155.26898193359375,0.759516179561615
208,397.6112365722656,347.1331481933594,402.8356018066406,351.7364196777344,0.744508683681488
208,169.07037353515625,347.8498840332031,176.9839630126953,352.28826904296875,0.7426914572715759
208,505.1573181152344,347.15899658203125,510.5854797363281,351.8591613769531,0.7416591048240662
208,369.1115417480469,90.35834503173828,373.1624755859375,98.35832977294922,0.7389447093009949
208,378.3311767578125,333.8705749511719,381.58477783203125,342.0775451660156,0.7343437671661377
208,285.3878173828125,346.7695617675781,290.2179870605469,351.6654052734375,0.7270552515983582
208,276.33526611328125,198.63658142089844,280.16290283203125,207.03146362304688,0.7217698097229004
208,254.71380615234375,347.7654724121094,260.01873779296875,351.8104553222656,0.7197450399398804
208,258.6435852050781,345.1924133300781,265.4248046875,349.5400390625,0.7176219820976257
208,146.3838653564453,344.93402099609375,151.43714904785156,348.3291015625,0.7124415040016174
208,657.6258544921875,349.9507751464844,663.5138549804688,354.1383972167969,0.7107505798339844
208,405.2293395996094,329.238037109375,408.90777587890625,335.62701416015625,0.7091516852378845
208,620.2960815429688,350.4526062011719,625.4549560546875,354.51202392578125,0.7008451223373413
208,634.6577758789062,350.5530090332031,643.0167236328125,354.8019714355469,0.6841471791267395
208,159.89883422851562,346.3515930175781,165.48304748535156,350.5517272949219,0.6450493931770325
208,163.39260864257812,346.65155029296875,170.03799438476562,351.2448425292969,0.5395239591598511
209,380.8099060058594,299.6367492675781,387.25518798828125,307.6292724609375,0.8439894914627075
209,145.2089080810547,26.40836524963379,152.56138610839844,30.989131927490234,0.8059030771255493
209,545.0978393554688,206.1471710205078,550.5948486328125,214.4834442138672,0.801842987537384
209,26.15078353881836,27.25023078918457,34.30791091918945,31.689687728881836,0.8006667494773865
209,45.95651626586914,174.08827209472656,51.572479248046875,182.53472900390625,0.7935568690299988
209,503.8215637207031,170.78489685058594,509.1512451171875,176.39845275878906,0.7801622748374939
209,513.110107421875,332.7744140625,517.913818359375,340.977783203125,0.777112603187561
209,265.0885009765625,178.9120330810547,269.35760498046875,187.33131408691406,0.7769342660903931
209,376.36663818359375,204.8494873046875,381.788330078125,209.81753540039062,0.7735779285430908
209,8.49716567993164,145.32186889648438,12.908392906188965,153.53114318847656,0.7735097408294678
209,373.1300964355469,347.8483581542969,378.60443115234375,353.3291015625,0.7689831256866455
209,263.4206848144531,27.42108917236328,267.25213623046875,35.355491638183594,0.7550760507583618
209,378.8692321777344,334.3666076660156,382.3414306640625,342.4403381347656,0.7534961700439453
209,43.59496307373047,344.5323486328125,49.3677978515625,348.9026794433594,0.739720344543457
209,397.4066162109375,347.00994873046875,402.84490966796875,351.7923278808594,0.7381808161735535
209,505.2961120605469,347.244140625,510.513671875,352.012451171875,0.7363004684448242
209,369.2236022949219,88.98799133300781,373.1831970214844,96.731201171875,0.7304020524024963
209,490.5661315917969,162.4578857421875,494.5506591796875,169.103515625,0.72245854139328
209,254.6837921142578,347.9104919433594,259.78466796875,352.01318359375,0.7192766070365906
209,657.321533203125,349.80267333984375,663.2570190429688,354.0438232421875,0.7185364365577698
209,258.7773742675781,345.14556884765625,264.90655517578125,349.722900390625,0.7164815664291382
209,285.97283935546875,347.38055419921875,290.8075256347656,351.81396484375,0.7155086398124695
209,168.0419921875,331.1273193359375,172.62608337402344,335.8287353515625,0.7103418111801147
209,620.2796020507812,350.3732604980469,625.4037475585938,354.5115966796875,0.7100093960762024
209,634.347900390625,350.4446716308594,642.3509521484375,354.9524841308594,0.7024232149124146
209,146.1901397705078,344.98040771484375,151.00454711914062,348.447265625,0.6989855170249939
209,160.19581604003906,346.44976806640625,165.67068481445312,350.85418701171875,0.6123793721199036
209,164.55477905273438,347.0888671875,170.28814697265625,351.4392395019531,0.6038468480110168
210,249.83790588378906,154.1403045654297,255.05355834960938,161.64569091796875,0.8091307282447815
210,146.0594482421875,26.351579666137695,153.45999145507812,31.009563446044922,0.8042927980422974
210,24.153291702270508,26.28392219543457,32.14371109008789,30.836101531982422,0.800404965877533
210,45.921051025390625,174.0424041748047,51.6550178527832,182.4227752685547,0.793299674987793
210,545.0808715820312,206.1160430908203,550.59765625,214.48617553710938,0.7929326891899109
210,373.04937744140625,347.85797119140625,378.5706787109375,353.2538757324219,0.7753828167915344
210,503.73681640625,169.872314453125,509.46942138671875,175.91989135742188,0.7743721604347229
210,376.52362060546875,204.93087768554688,381.9140625,209.89419555664062,0.7705397605895996
210,513.2223510742188,332.69482421875,518.0086059570312,340.9188537597656,0.7695521712303162
210,264.02587890625,25.63675880432129,268.0700378417969,33.84754180908203,0.7664177417755127
210,163.4667205810547,321.2525634765625,170.39991760253906,325.39190673828125,0.7545838952064514
210,378.3526611328125,333.6697998046875,381.7226257324219,341.7492980957031,0.7516747713088989
210,8.043366432189941,143.5036163330078,12.360027313232422,151.586669921875,0.7477163076400757
210,369.3490295410156,87.02561950683594,373.1137390136719,94.9647445678711,0.740096926689148
210,505.2966613769531,347.2618713378906,510.57073974609375,352.0057678222656,0.7297317981719971
210,397.1260681152344,346.85906982421875,402.57696533203125,351.6368408203125,0.7269116640090942
210,381.3016357421875,293.8717041015625,385.26129150390625,300.31903076171875,0.7248438596725464
210,490.5372009277344,162.05369567871094,494.55108642578125,168.818359375,0.7211698889732361
210,42.486759185791016,344.7141418457031,48.74364471435547,348.9029846191406,0.7198416590690613
210,285.9688720703125,347.39739990234375,290.7453918457031,351.7804260253906,0.7182222604751587
210,620.771484375,350.0770263671875,626.2211303710938,354.47625732421875,0.710308849811554
210,259.00738525390625,345.1007995605469,264.8099365234375,349.6793212890625,0.70790696144104
210,657.3180541992188,349.6866149902344,663.1011962890625,353.9564208984375,0.7069612741470337
210,254.5126953125,347.9441223144531,259.5154724121094,352.0381774902344,0.6969711184501648
210,634.0377807617188,350.4690856933594,641.2857666015625,355.0248107910156,0.6950576901435852
210,146.06533813476562,344.90283203125,151.3622283935547,348.2913513183594,0.6807181239128113
210,161.12498474121094,346.3971252441406,168.71804809570312,351.05487060546875,0.6503297090530396
211,179.9226531982422,337.14788818359375,186.17578125,344.00665283203125,0.825828492641449
211,146.94773864746094,26.096715927124023,154.4959716796875,30.83986473083496,0.8160073757171631
211,45.863525390625,174.02932739257812,51.73275375366211,182.51512145996094,0.8018798828125
211,22.84335708618164,25.570608139038086,30.263935089111328,30.142305374145508,0.7925876379013062
211,545.0943603515625,206.1063995361328,550.6417846679688,214.48033142089844,0.7892318367958069
211,373.0457458496094,347.7043762207031,378.7823486328125,353.2432861328125,0.7840363383293152
211,259.560302734375,132.3732452392578,267.5575256347656,137.61517333984375,0.7781053185462952
211,513.4627685546875,332.433349609375,518.2667846679688,340.55731201171875,0.7682968974113464
211,504.017333984375,169.93804931640625,509.53167724609375,175.54595947265625,0.7662600874900818
211,376.46978759765625,204.88833618164062,381.89501953125,209.8689422607422,0.7652538418769836
211,265.0702209472656,23.590024948120117,269.2762145996094,31.58077049255371,0.7606275677680969
211,41.869056701660156,344.6481628417969,48.48933792114258,348.9161071777344,0.7444719076156616
211,378.15277099609375,332.6000061035156,382.0560302734375,340.92529296875,0.7426255941390991
211,397.0516662597656,346.8005065917969,402.48748779296875,351.6497497558594,0.7386574745178223
211,369.4379577636719,85.09184265136719,373.382568359375,93.15877532958984,0.7355397939682007
211,504.9953918457031,347.2825012207031,510.5378723144531,351.9295349121094,0.7234154343605042
211,7.628627300262451,141.8079833984375,11.371624946594238,149.6844482421875,0.7176418900489807
211,490.4857177734375,161.48292541503906,494.411865234375,168.23272705078125,0.7058250308036804
211,621.1634521484375,349.82000732421875,626.7672119140625,354.2491455078125,0.7041640281677246
211,285.97857666015625,347.3951721191406,290.7696533203125,351.80999755859375,0.7002338171005249
211,633.9599609375,350.1684265136719,640.494140625,354.7540588378906,0.6967846751213074
211,259.06805419921875,345.1031799316406,264.69525146484375,349.67694091796875,0.6936015486717224
211,254.50634765625,347.9541931152344,259.6203308105469,352.04217529296875,0.6909266710281372
211,656.260009765625,349.6219177246094,661.844970703125,353.8433532714844,0.6851260662078857
211,146.2255096435547,344.95794677734375,151.78965759277344,348.53973388671875,0.6843807101249695
211,160.6865234375,346.6036376953125,168.2275390625,351.15155029296875,0.6301197409629822
211,643.5592651367188,350.3509521484375,649.3729858398438,355.0527648925781,0.5213198065757751
212,148.57456970214844,24.643651962280273,155.9944305419922,29.859405517578125,0.8292150497436523
212,20.65692710876465,24.472503662109375,28.734716415405273,29.628734588623047,0.8212943077087402
212,45.835628509521484,174.0260009765625,51.70771789550781,182.46278381347656,0.8076307773590088
212,545.062255859375,205.6626739501953,550.6572265625,214.0823516845703,0.7893199324607849
212,265.5771179199219,21.411252975463867,270.401123046875,29.683910369873047,0.7710466980934143
212,289.3860168457031,120.54810333251953,296.77783203125,124.91407775878906,0.7695713043212891
212,376.465576171875,204.97744750976562,381.9186096191406,209.8403778076172,0.7694424986839294
212,513.71728515625,331.9009094238281,518.5572509765625,340.2147216796875,0.7678982615470886
212,373.3140563964844,348.0967102050781,380.7481994628906,353.5221862792969,0.7660467624664307
212,504.2364196777344,169.2382049560547,509.8273010253906,174.49851989746094,0.7658243179321289
212,40.26907730102539,344.51080322265625,46.413387298583984,348.9060974121094,0.751040518283844
212,396.1628723144531,347.0270690917969,401.8472900390625,355.6770935058594,0.7463726997375488
212,160.8414306640625,346.60888671875,168.0837860107422,351.11871337890625,0.7353714108467102
212,378.6434020996094,332.70538330078125,382.1731872558594,340.93194580078125,0.7339047789573669
212,369.604248046875,83.24091339111328,373.5474853515625,91.60415649414062,0.723820149898529
212,505.1346130371094,347.2584228515625,510.5294189453125,352.0107727050781,0.7217147350311279
212,146.20297241210938,345.0182800292969,151.6400146484375,348.51873779296875,0.716417133808136
212,174.3329620361328,347.0537109375,178.51763916015625,351.15704345703125,0.7135326266288757
212,285.96661376953125,347.39898681640625,290.7881774902344,351.8087158203125,0.7080033421516418
212,490.4019775390625,160.23391723632812,494.34130859375,167.32762145996094,0.7041323184967041
212,254.4874267578125,347.8815002441406,259.3695983886719,352.193359375,0.7009549736976624
212,655.7713012695312,348.7891540527344,661.2757568359375,353.67938232421875,0.6978411078453064
212,7.5635986328125,139.7035675048828,11.330979347229004,147.7463836669922,0.693769097328186
212,259.1461486816406,345.1683349609375,264.4871520996094,349.7339782714844,0.6914801597595215
212,621.88427734375,349.8078918457031,627.9149780273438,354.33770751953125,0.6890280842781067
212,633.9734497070312,350.1739807128906,640.5435180664062,354.75286865234375,0.6853041052818298
212,643.6497802734375,349.84765625,649.762451171875,354.99609375,0.5842368006706238
213,45.864200592041016,173.995849609375,51.69731140136719,182.47378540039062,0.8084918260574341
213,150.28665161132812,23.356704711914062,156.8729705810547,29.342788696289062,0.8082157373428345
213,18.68998908996582,23.161035537719727,26.0650577545166,28.102022171020508,0.8033772110939026
213,545.1322631835938,205.68431091308594,550.7023315429688,214.09078979492188,0.7942837476730347
213,504.9119567871094,167.94784545898438,510.72119140625,173.6038360595703,0.7831109762191772
213,376.3878479003906,205.01321411132812,381.94146728515625,209.85943603515625,0.7703409194946289
213,374.226806640625,347.39239501953125,381.7989196777344,352.9410400390625,0.7686783671379089
213,513.874267578125,331.8020324707031,518.7898559570312,339.9874572753906,0.7680878043174744
213,287.8515319824219,132.4239959716797,294.85882568359375,136.95870971679688,0.7639133930206299
213,266.63262939453125,19.17197036743164,271.198974609375,26.964948654174805,0.7533392906188965
213,490.3173828125,159.41932678222656,494.69085693359375,166.32601928710938,0.7490228414535522
213,160.73687744140625,346.6147155761719,168.2059326171875,351.1993408203125,0.7425414323806763
213,396.0004577636719,347.1726379394531,402.0762023925781,355.0878601074219,0.737043023109436
213,379.1088562011719,332.4266052246094,382.59893798828125,340.6507263183594,0.7360550761222839
213,38.368221282958984,344.97137451171875,44.87184524536133,349.1203308105469,0.7336220741271973
213,505.2998962402344,347.1827392578125,510.45751953125,352.0656433105469,0.7238609790802002
213,369.7969055175781,81.55948638916016,373.7124328613281,90.02913665771484,0.7170628905296326
213,146.46713256835938,345.0286865234375,151.30001831054688,348.472900390625,0.7065010070800781
213,254.53501892089844,347.8875732421875,259.4467468261719,352.2280578613281,0.7063459157943726
213,286.0986022949219,347.2874450683594,290.71905517578125,351.7837219238281,0.7060427069664001
213,175.37278747558594,346.970703125,179.7988739013672,351.1883239746094,0.7034142017364502
213,655.3109130859375,348.5804748535156,660.771240234375,353.51385498046875,0.6936283707618713
213,633.5594482421875,349.90625,639.8914184570312,354.6483154296875,0.684508740901947
213,259.2035217285156,345.24188232421875,264.45745849609375,349.8279113769531,0.6779922246932983
213,622.9934692382812,349.9051513671875,628.868896484375,354.7355041503906,0.672141432762146
213,7.302265644073486,137.6280975341797,10.734376907348633,145.63027954101562,0.6516699194908142
213,643.294677734375,349.281494140625,649.3721313476562,354.7924499511719,0.5743458867073059
214,522.955810546875,191.8050079345703,530.30908203125,198.23370361328125,0.8411017656326294
214,16.58439826965332,21.952028274536133,24.189973831176758,27.414453506469727,0.819567859172821
214,45.850059509277344,173.9664306640625,51.65769577026367,182.4312286376953,0.8058567643165588
214,505.97076416015625,165.79507446289062,511.54669189453125,172.21250915527344,0.7920211553573608
214,151.1354217529297,21.069616317749023,156.90350341796875,28.181867599487305,0.7890908718109131
214,374.739013671875,347.44256591796875,382.5198974609375,352.66473388671875,0.7822868227958679
214,267.439208984375,16.527801513671875,272.1352233886719,25.15894317626953,0.7811028957366943
214,376.4075012207031,204.99606323242188,381.9611511230469,209.8323516845703,0.7665472030639648
214,514.0445556640625,331.9670104980469,519.3343505859375,339.6004333496094,0.763359546661377
214,160.52572631835938,346.69976806640625,167.74476623535156,351.3218994140625,0.7622337341308594
214,304.2809143066406,131.88864135742188,311.5473937988281,136.56640625,0.7582723498344421
214,379.01019287109375,332.39947509765625,382.64373779296875,340.51055908203125,0.7508480548858643
214,490.4498596191406,158.3735809326172,494.4781494140625,165.48045349121094,0.7474946975708008
214,36.652557373046875,344.89703369140625,43.24148941040039,349.0597229003906,0.7355231046676636
214,369.874755859375,80.56739807128906,373.672607421875,88.6777114868164,0.7279080152511597
214,397.6498718261719,346.890625,403.4039001464844,351.8666076660156,0.7193117141723633
214,505.0154724121094,347.1551513671875,510.3907165527344,351.8558044433594,0.7171135544776917
214,286.1208801269531,347.3276672363281,290.6600341796875,351.7738037109375,0.7095510959625244
214,655.0897827148438,348.1680603027344,660.436767578125,353.53631591796875,0.7072913646697998
214,254.51466369628906,348.0322265625,259.16253662109375,352.2440490722656,0.7038159966468811
214,145.9993133544922,334.53900146484375,149.4435272216797,340.8326416015625,0.7029245495796204
214,175.59133911132812,347.1474609375,179.8845672607422,351.2705993652344,0.7014257311820984
214,394.01849365234375,350.0650634765625,400.4964294433594,354.8336181640625,0.688973605632782
214,633.8817138671875,349.7792663574219,639.90185546875,354.64495849609375,0.6836528778076172
214,7.588120460510254,135.04603576660156,11.002849578857422,143.47857666015625,0.6758295297622681
214,259.299072265625,345.27117919921875,264.2280578613281,349.6685791015625,0.670498788356781
214,623.5746459960938,349.82135009765625,629.137451171875,354.4830627441406,0.6299712657928467
214,643.2727661132812,348.4493713378906,648.7999267578125,354.5766296386719,0.6070466041564941
215,156.58795166015625,296.2557067871094,161.88710021972656,304.4992370605469,0.8176501393318176
215,14.593491554260254,21.113985061645508,22.142841339111328,26.69504165649414,0.810430109500885
215,45.79055404663086,173.96560668945312,51.62376022338867,182.26942443847656,0.8089159727096558
215,151.97323608398438,19.640729904174805,157.25006103515625,27.056812286376953,0.7889404892921448
215,490.4736328125,158.04318237304688,494.6293029785156,166.1974639892578,0.779779851436615
215,506.6786804199219,164.1239776611328,511.9466247558594,170.38314819335938,0.7774828672409058
215,268.2994079589844,14.678675651550293,273.08709716796875,22.597368240356445,0.7761321663856506
215,161.20631408691406,346.9981994628906,168.3238983154297,351.4919128417969,0.7698540091514587
215,376.3490905761719,205.0384521484375,381.93206787109375,209.80064392089844,0.768409013748169
215,514.0588989257812,332.11846923828125,519.6546630859375,339.15948486328125,0.7667381763458252
215,378.9859313964844,332.3404235839844,383.1392517089844,340.7242431640625,0.7561574578285217
215,308.4284362792969,131.41415405273438,312.73944091796875,138.0174102783203,0.7420113682746887
215,369.7010192871094,78.99456024169922,373.6341247558594,86.77532196044922,0.734675407409668
215,376.62725830078125,347.4283142089844,383.6769714355469,351.9122009277344,0.7334976196289062
215,7.530972480773926,132.30043029785156,10.930191040039062,141.16802978515625,0.7259500026702881
215,504.8665466308594,347.27032470703125,510.49261474609375,351.8575439453125,0.721867561340332
215,35.469505310058594,344.82208251953125,41.98543930053711,349.0709533691406,0.721280038356781
215,654.7073974609375,347.8450012207031,659.7188110351562,353.3152160644531,0.7110999226570129
215,397.99481201171875,346.7589111328125,404.15863037109375,351.5868225097656,0.7045954465866089
215,393.8752136230469,350.0202331542969,401.330810546875,354.57745361328125,0.7031739950180054
215,286.1090087890625,347.3182678222656,290.71124267578125,351.7114562988281,0.7009460926055908
215,175.6084442138672,347.1710205078125,179.80445861816406,351.2589111328125,0.6892501711845398
215,254.5104522705078,348.15087890625,259.1219787597656,352.219970703125,0.6891443133354187
215,634.2090454101562,349.6282653808594,639.8171997070312,354.446533203125,0.6520951390266418
215,259.26678466796875,345.393798828125,264.0763854980469,349.53668212890625,0.6503504514694214
215,623.8687133789062,350.0281677246094,629.2225952148438,354.4134216308594,0.6310973167419434
215,643.0966796875,347.93255615234375,648.4881591796875,354.12554931640625,0.6191243529319763
216,158.85662841796875,258.47174072265625,164.66558837890625,265.2753601074219,0.8116409778594971
216,13.82116413116455,20.450546264648438,21.122314453125,25.961809158325195,0.8115500807762146
216,152.0342559814453,18.391908645629883,157.37953186035156,25.869455337524414,0.803769052028656
216,45.96663284301758,174.16165161132812,51.468536376953125,182.7174835205078,0.7933728694915771
216,269.52020263671875,12.857268333435059,274.1891174316406,20.66367530822754,0.7806819677352905
216,506.6747131347656,163.91688537597656,512.025390625,170.1016387939453,0.7693021893501282
216,376.32635498046875,204.98265075683594,381.8294372558594,209.81277465820312,0.7691251635551453
216,161.3912353515625,346.982666015625,168.16531372070312,351.7007141113281,0.7660707235336304
216,379.16217041015625,332.1700439453125,383.39398193359375,340.6044921875,0.7658033967018127
216,513.856689453125,332.27362060546875,519.6624755859375,338.66302490234375,0.7630213499069214
216,306.2197570800781,140.80905151367188,311.7275695800781,145.99465942382812,0.7596288919448853
216,490.7015075683594,157.69985961914062,494.9535217285156,164.92718505859375,0.7592907547950745
216,33.59843444824219,344.8858337402344,39.9720458984375,348.90887451171875,0.7263299822807312
216,378.69586181640625,347.5923156738281,386.0884094238281,351.817626953125,0.726253092288971
216,369.9430236816406,77.52893829345703,373.76080322265625,85.11900329589844,0.7126339673995972
216,654.2879638671875,347.61517333984375,659.214111328125,353.1899108886719,0.7053996324539185
216,505.303466796875,347.02862548828125,510.47930908203125,351.7292785644531,0.7023724913597107
216,286.0505676269531,347.34259033203125,290.6420593261719,351.6951904296875,0.7022035121917725
216,7.688116550445557,130.4693145751953,11.132308006286621,139.08021545410156,0.6990594267845154
216,254.60633850097656,348.1279602050781,259.1534118652344,352.25115966796875,0.6933176517486572
216,175.5571746826172,347.18389892578125,179.72958374023438,351.239013671875,0.6880869269371033
216,394.50335693359375,349.33514404296875,402.7410583496094,354.6537780761719,0.684249997138977
216,634.09375,349.5816345214844,639.796630859375,354.42718505859375,0.6405211091041565
216,259.564208984375,345.53875732421875,264.1148681640625,349.87042236328125,0.6378236413002014
216,624.477294921875,350.0788269042969,630.034423828125,354.3994140625,0.6242889165878296
216,397.81390380859375,346.5970764160156,404.58526611328125,351.5967102050781,0.6125451922416687
216,642.9298706054688,347.67132568359375,648.121337890625,354.03082275390625,0.6105424761772156
217,626.52978515625,317.9103088378906,632.8410034179688,327.5806884765625,0.8369855880737305
217,135.03054809570312,244.0064239501953,140.55162048339844,251.31996154785156,0.8207995891571045
217,13.218696594238281,20.202322006225586,20.15039825439453,25.376041412353516,0.811151385307312
217,151.94639587402344,16.250886917114258,157.20455932617188,24.51344108581543,0.8072677850723267
217,45.874385833740234,174.12704467773438,51.22970199584961,182.63607788085938,0.7883772850036621
217,379.3567199707031,332.4733581542969,384.0861511230469,340.7450256347656,0.7862323522567749
217,270.361083984375,11.048632621765137,274.783935546875,19.025476455688477,0.7781438231468201
217,376.2726745605469,204.9757080078125,381.7651062011719,209.8584442138672,0.7747682332992554
217,490.907470703125,157.4595184326172,495.2057800292969,165.3848876953125,0.7720743417739868
217,513.5455932617188,332.3082580566406,519.732421875,338.5662536621094,0.7682522535324097
217,161.80882263183594,346.942626953125,168.1815948486328,351.7420654296875,0.7680745124816895
217,305.37615966796875,152.61865234375,309.0208740234375,160.7933807373047,0.7646256685256958
217,506.6324768066406,163.84193420410156,511.979248046875,170.1490020751953,0.7631120085716248
217,369.6465759277344,75.69256591796875,373.44171142578125,83.39796447753906,0.738866925239563
217,395.31536865234375,348.225830078125,403.43670654296875,354.1603698730469,0.7364655137062073
217,380.40509033203125,347.662353515625,387.39569091796875,351.9057312011719,0.7297648191452026
217,7.642993927001953,128.50599670410156,11.2327241897583,136.92893981933594,0.7283167839050293
217,33.127220153808594,344.8861389160156,39.16940689086914,348.9250183105469,0.7240808606147766
217,653.3134155273438,347.5102844238281,658.4014892578125,353.1529541015625,0.7102394104003906
217,505.2461242675781,346.58001708984375,510.3338317871094,351.7376708984375,0.7071111798286438
217,286.11016845703125,347.32891845703125,290.63720703125,351.7059631347656,0.702387809753418
217,254.41021728515625,348.0643310546875,258.9447326660156,352.35302734375,0.6889748573303223
217,175.57362365722656,347.2083740234375,179.638916015625,351.24420166015625,0.6855984926223755
217,624.7199096679688,350.1042175292969,629.9486083984375,354.3073425292969,0.6224454045295715
217,259.9847717285156,345.6781005859375,264.14697265625,350.11614990234375,0.6083676218986511
217,645.9281005859375,346.6721496582031,650.3905639648438,353.5944519042969,0.5727227926254272
217,634.5939331054688,349.72332763671875,639.70263671875,354.60638427734375,0.5710824131965637
218,622.3651123046875,265.9521484375,628.2060546875,274.32440185546875,0.8229047656059265
218,12.476810455322266,19.67351531982422,19.7149658203125,25.161457061767578,0.8214987516403198
218,143.1394805908203,254.54920959472656,149.5233612060547,260.1475830078125,0.8154072165489197
218,145.71359252929688,330.94793701171875,154.40928649902344,335.4729919433594,0.8039371967315674
218,45.856201171875,174.07899475097656,51.27060317993164,182.4348602294922,0.7914034724235535
218,152.96189880371094,14.498566627502441,157.560546875,22.786006927490234,0.7837170362472534
218,271.41748046875,8.667045593261719,276.0918884277344,16.93826675415039,0.7790149450302124
218,491.1257629394531,157.4751434326172,495.2734375,164.92723083496094,0.7776330709457397
218,379.1821594238281,331.7471923828125,383.8025207519531,339.642822265625,0.7755968570709229
218,376.30596923828125,204.97998046875,381.8094177246094,209.90785217285156,0.7747519612312317
218,513.9593505859375,332.1602783203125,520.9741821289062,338.435791015625,0.7735439538955688
218,506.7213134765625,163.73045349121094,511.9456787109375,170.22938537597656,0.772155225276947
218,395.5636291503906,347.34832763671875,404.0728454589844,354.0128479003906,0.7690377831459045
218,32.530235290527344,344.5631408691406,39.125179290771484,348.7893371582031,0.753790557384491
218,369.7190246582031,73.82591247558594,373.4957580566406,81.8299789428711,0.750892698764801
218,7.836572170257568,127.29310607910156,11.429244995117188,135.5193328857422,0.7245344519615173
218,300.5113525390625,157.4161834716797,304.4986877441406,163.5977783203125,0.7232799530029297
218,381.6828918457031,347.8553466796875,388.9040832519531,351.7807922363281,0.7105446457862854
218,286.0389709472656,347.2982177734375,290.6419372558594,351.7337646484375,0.7034416794776917
218,505.3509826660156,347.0884094238281,510.46966552734375,351.9178161621094,0.7022279500961304
218,653.3507690429688,347.7745361328125,658.621337890625,353.381591796875,0.7015787959098816
218,254.31663513183594,347.8510437011719,259.14703369140625,352.3733825683594,0.6990911960601807
218,161.9991912841797,346.55072021484375,166.66770935058594,350.86328125,0.6659564971923828
218,175.32803344726562,347.16180419921875,179.55679321289062,351.218994140625,0.6542609333992004
218,259.914794921875,345.707763671875,264.20330810546875,350.2445068359375,0.6476263403892517
218,646.7647094726562,347.29168701171875,651.771484375,353.7423095703125,0.6103147864341736
218,624.6333618164062,350.10345458984375,630.0044555664062,354.2833557128906,0.6047330498695374
218,634.0752563476562,349.9305114746094,639.453369140625,354.536376953125,0.5652405023574829
219,45.87698745727539,174.08229064941406,51.507076263427734,182.4854278564453,0.7998482584953308
219,12.125503540039062,19.528032302856445,18.791589736938477,24.94402313232422,0.7995853424072266
219,647.034912109375,244.0936737060547,653.0408935546875,251.92141723632812,0.7940785884857178
219,506.85302734375,163.73756408691406,512.1048583984375,170.23431396484375,0.7797813415527344
219,379.1889953613281,331.0030822753906,384.0379943847656,338.5648498535156,0.7776682376861572
219,164.29132080078125,252.54405212402344,168.60104370117188,259.9814453125,0.7756046652793884
219,491.1392517089844,157.3575439453125,495.55206298828125,164.64002990722656,0.774050772190094
219,376.2834167480469,204.98448181152344,381.8051452636719,209.88768005371094,0.7720690965652466
219,514.546875,332.31292724609375,521.6654663085938,337.9576721191406,0.76828533411026
219,395.8103942871094,347.3996887207031,404.08612060546875,353.9183044433594,0.7670481204986572
219,125.94400024414062,331.9881286621094,130.53076171875,338.0274353027344,0.7651393413543701
219,303.8775634765625,151.05516052246094,308.69293212890625,156.6136016845703,0.7539508938789368
219,31.818693161010742,344.4634094238281,38.4576416015625,348.6674499511719,0.7480385899543762
219,382.8621826171875,348.06195068359375,389.2727355957031,351.9388122558594,0.746802568435669
219,153.5441436767578,12.320778846740723,157.40753173828125,20.584014892578125,0.7442105412483215
219,272.2929382324219,8.382857322692871,276.7626037597656,14.292759895324707,0.73907071352005
219,8.418856620788574,125.72804260253906,12.074167251586914,134.08399963378906,0.7299851179122925
219,369.8060607910156,71.856201171875,373.6455993652344,80.09333801269531,0.728000819683075
219,652.9408569335938,348.1155700683594,658.0711059570312,353.32354736328125,0.7187796831130981
219,286.1047058105469,347.2886962890625,290.6689453125,351.78271484375,0.7086093425750732
219,505.2435607910156,347.269287109375,510.61077880859375,351.93017578125,0.7026529908180237
219,254.5755615234375,347.365966796875,259.5487060546875,352.2560729980469,0.6999218463897705
219,175.21607971191406,347.22222900390625,179.6939697265625,351.35589599609375,0.678054928779602
219,162.16604614257812,346.6800537109375,166.7524871826172,351.0986022949219,0.6731138229370117
219,632.538330078125,350.718994140625,638.0189819335938,354.8108215332031,0.5824074745178223
219,260.1963806152344,345.7701416015625,264.3309326171875,350.4753723144531,0.5761883854866028
219,625.2554321289062,350.51806640625,630.52490234375,354.47357177734375,0.5070631504058838
219,648.1692504882812,348.4034118652344,653.8477172851562,353.79925537109375,0.4367216229438782
220,645.3216552734375,262.99822998046875,653.0778198242188,270.15576171875,0.8234395980834961
220,45.832523345947266,174.0898895263672,51.454994201660156,182.48599243164062,0.7993751168251038
220,11.467679023742676,19.01194190979004,18.175539016723633,24.551271438598633,0.794461727142334
220,379.3800964355469,330.25115966796875,384.4649353027344,338.1744384765625,0.7830070853233337
220,507.7012023925781,162.88563537597656,513.0394287109375,169.4051971435547,0.7736473679542542
220,376.260498046875,204.9483642578125,381.8142395019531,209.92063903808594,0.7726901769638062
220,491.1242980957031,157.32005310058594,495.4415588378906,164.65106201171875,0.768717348575592
220,515.0418701171875,332.46636962890625,522.1427001953125,337.83526611328125,0.7681470513343811
220,395.70654296875,347.2056884765625,404.1764831542969,353.957763671875,0.7656566500663757
220,171.1978759765625,232.30307006835938,175.21629333496094,239.55763244628906,0.7599588632583618
220,299.7789306640625,145.49037170410156,304.7479248046875,152.74932861328125,0.7571999430656433
220,30.599029541015625,344.1177062988281,37.301998138427734,348.4078674316406,0.7533710598945618
220,126.47509765625,342.99267578125,131.2462921142578,350.0198669433594,0.7490065097808838
220,649.532470703125,347.86065673828125,656.5064697265625,353.5847473144531,0.7476379871368408
220,382.7539978027344,348.1322937011719,389.2740478515625,352.0880126953125,0.7446355819702148
220,369.71112060546875,70.2666015625,373.6529846191406,78.41539764404297,0.7266696691513062
220,8.143998146057129,123.82705688476562,12.158114433288574,132.015625,0.7189807891845703
220,505.27581787109375,346.46685791015625,510.51226806640625,351.5668640136719,0.7129976153373718
220,174.17196655273438,347.11810302734375,179.19882202148438,351.41619873046875,0.7118600606918335
220,286.1202392578125,347.2501220703125,290.73504638671875,351.7796936035156,0.702170193195343
220,624.3807373046875,348.21990966796875,629.6270751953125,353.7305908203125,0.6833565831184387
220,153.88958740234375,9.98680305480957,157.2782440185547,19.107254028320312,0.6777122020721436
220,162.5167236328125,346.6506042480469,167.07821655273438,351.2523193359375,0.6708012223243713
220,255.1983184814453,347.1153564453125,260.1885986328125,351.7080383300781,0.6697526574134827
220,272.7850341796875,8.001646995544434,277.1218566894531,12.358909606933594,0.595058798789978
220,259.9348449707031,345.73101806640625,264.1805114746094,350.4370422363281,0.566357433795929
220,632.1944580078125,350.52880859375,637.8225708007812,355.16839599609375,0.5251452922821045
221,639.3302001953125,315.0592041015625,645.5296020507812,322.1393737792969,0.8213330507278442
221,45.859256744384766,174.10487365722656,51.44042205810547,182.51597595214844,0.7950674295425415
221,379.594970703125,329.93658447265625,384.73681640625,337.47845458984375,0.7924397587776184
221,11.099604606628418,18.737422943115234,17.656164169311523,24.437885284423828,0.7915228009223938
221,256.2347412109375,346.3904724121094,262.690185546875,351.4094543457031,0.7853811979293823
221,395.8475036621094,347.28900146484375,404.287841796875,353.851318359375,0.7762860059738159
221,376.3198547363281,205.01429748535156,381.8106689453125,209.911865234375,0.773197591304779
221,126.90607452392578,345.1408996582031,131.80880737304688,351.0062561035156,0.7706127166748047
221,490.8391418457031,156.5895538330078,495.4272766113281,163.9069366455078,0.7691253423690796
221,515.3015747070312,332.73876953125,522.299560546875,337.96380615234375,0.7668342590332031
221,161.59909057617188,214.03179931640625,165.90960693359375,220.1243133544922,0.7579411864280701
221,508.740478515625,161.80799865722656,513.9714965820312,168.26182556152344,0.7553993463516235
221,301.3568115234375,144.89256286621094,305.5097351074219,153.30043029785156,0.753656268119812
221,382.96337890625,348.15289306640625,389.6603088378906,352.0829772949219,0.7514751553535461
221,29.561466217041016,344.1164245605469,35.8304557800293,348.6246643066406,0.7470022439956665
221,621.70068359375,281.0732116699219,625.4783935546875,289.1638488769531,0.7429044246673584
221,8.469858169555664,121.79823303222656,12.098695755004883,130.2735595703125,0.7291111946105957
221,172.82115173339844,347.1424560546875,178.4827423095703,351.4087829589844,0.7265285849571228
221,505.4006042480469,346.5061340332031,510.44244384765625,351.6581726074219,0.7220881581306458
221,369.7079772949219,69.04490661621094,373.6086120605469,77.13353729248047,0.7196836471557617
221,154.1377716064453,6.990052700042725,157.55516052246094,17.02707862854004,0.7188218235969543
221,647.9189453125,348.658935546875,653.6525268554688,354.2404479980469,0.7147639989852905
221,286.10174560546875,347.327880859375,290.8690490722656,351.85430908203125,0.711988091468811
221,162.66094970703125,346.5674743652344,167.11639404296875,351.13885498046875,0.6691702008247375
221,632.1577758789062,350.4291687011719,636.7567138671875,354.94183349609375,0.6433223485946655
221,652.0289306640625,347.6435546875,657.7185668945312,353.00396728515625,0.6390697360038757
222,45.8929443359375,174.118408203125,51.499053955078125,182.45211791992188,0.790469229221344
222,10.468143463134766,17.861082077026367,17.09261703491211,24.09524154663086,0.788824200630188
222,395.9503173828125,347.44073486328125,404.2048645019531,353.75555419921875,0.7769297361373901
222,381.45635986328125,331.15838623046875,386.572021484375,338.3514709472656,0.7758588790893555
222,257.03448486328125,346.3402099609375,263.9487609863281,351.5625305175781,0.775536835193634
222,376.4291076660156,204.9597625732422,381.85809326171875,209.9195098876953,0.7722442150115967
222,490.6794128417969,155.5587921142578,495.5355224609375,163.60142517089844,0.7658974528312683
222,654.0598754882812,292.0572509765625,660.1343383789062,297.7903137207031,0.7653908133506775
222,301.0804443359375,144.52105712890625,305.31396484375,153.55870056152344,0.7622815370559692
222,514.8814086914062,332.7850646972656,522.3340454101562,338.1199645996094,0.7605583071708679
222,509.9156799316406,159.99331665039062,515.515625,166.86427307128906,0.7570092082023621
222,126.148681640625,342.9081115722656,131.1824188232422,348.89288330078125,0.7493668794631958
222,383.29962158203125,348.1399230957031,389.5260925292969,352.5614929199219,0.7445980310440063
222,28.224069595336914,344.097900390625,34.24794006347656,348.4571228027344,0.7397963404655457
222,145.13978576660156,216.82440185546875,149.91749572753906,220.8193359375,0.7299349904060364
222,616.9432983398438,288.803955078125,621.1062622070312,296.20404052734375,0.7274131774902344
222,8.73955249786377,119.5234375,12.56467056274414,127.7853775024414,0.7273945212364197
222,285.8719177246094,347.3238525390625,290.9364318847656,351.8232421875,0.7133837342262268
222,154.00123596191406,6.698843955993652,157.48727416992188,15.951115608215332,0.7091676592826843
222,369.12908935546875,68.0039291381836,373.16961669921875,75.73186492919922,0.7049424052238464
222,505.16583251953125,347.4208984375,510.4707336425781,351.9241638183594,0.6972992420196533
222,171.08470153808594,347.2237243652344,176.78677368164062,351.32501220703125,0.6954615116119385
222,651.5938720703125,347.5960388183594,657.6748046875,353.01690673828125,0.6794704794883728
222,162.78733825683594,346.57830810546875,167.3528289794922,350.9737854003906,0.6555523872375488
222,647.5316162109375,347.71331787109375,653.4596557617188,353.85906982421875,0.5384580492973328
222,630.9957885742188,350.6017761230469,636.4471435546875,355.1761474609375,0.4502534866333008
223,264.6905822753906,316.32965087890625,268.96051025390625,325.1571960449219,0.8118306398391724
223,45.98020553588867,174.10670471191406,51.52152633666992,182.50323486328125,0.78901606798172
223,396.225830078125,347.18341064453125,404.4115295410156,353.7284240722656,0.783094584941864
223,381.5549621582031,331.05841064453125,386.5752258300781,338.58953857421875,0.7793808579444885
223,10.088332176208496,17.535173416137695,16.34442901611328,22.951923370361328,0.7775388956069946
223,376.6453857421875,204.90753173828125,381.8774108886719,209.8654327392578,0.7637566924095154
223,490.8016052246094,154.6892547607422,495.4756774902344,163.3207244873047,0.7606312036514282
223,514.9259033203125,332.77978515625,522.4541625976562,338.0583801269531,0.7593703866004944
223,301.4723205566406,144.08255004882812,305.5651550292969,152.8568115234375,0.7589277029037476
223,511.2738342285156,158.33993530273438,516.7724609375,165.2197723388672,0.7519172430038452
223,383.28955078125,348.3726806640625,389.5716247558594,352.6545104980469,0.7504742741584778
223,168.45907592773438,347.3733825683594,174.7048797607422,351.70611572265625,0.7464662194252014
223,257.239990234375,347.08917236328125,263.80535888671875,351.5419921875,0.7454795837402344
223,27.244918823242188,344.14678955078125,33.142555236816406,348.40484619140625,0.7375349402427673
223,162.93922424316406,347.0413818359375,167.72633361816406,351.1384582519531,0.736848771572113
223,153.92271423339844,6.407280445098877,157.39845275878906,14.2308349609375,0.7359699606895447
223,616.5548706054688,288.470703125,620.4384155273438,296.93243408203125,0.7333905100822449
223,9.303656578063965,117.20941925048828,12.859804153442383,125.7890625,0.7298563122749329
223,285.5748596191406,347.2286682128906,290.89111328125,351.66998291015625,0.7157467007637024
223,648.0830688476562,347.3303527832031,653.4276123046875,353.703857421875,0.7083736062049866
223,656.8492431640625,291.8187561035156,663.1736450195312,295.7539367675781,0.7072470784187317
223,368.7826232910156,66.74890899658203,372.84222412109375,74.2655258178711,0.7072162628173828
223,505.1269836425781,347.4195861816406,510.45037841796875,351.7850036621094,0.7017310261726379
223,127.19061279296875,338.06353759765625,130.56369018554688,345.2249755859375,0.6767162084579468
223,630.197265625,350.42333984375,635.3942260742188,354.7163391113281,0.670050323009491
223,144.9614715576172,222.2642822265625,149.63034057617188,226.4568634033203,0.644609272480011
223,651.881591796875,347.6328125,657.9035034179688,353.20892333984375,0.6360368728637695
224,276.7846984863281,259.4469299316406,282.00103759765625,270.8624267578125,0.8180344104766846
224,45.91912841796875,174.0810089111328,51.595821380615234,182.53680419921875,0.7926997542381287
224,396.493408203125,347.35693359375,404.3393859863281,353.795654296875,0.7864496111869812
224,143.54884338378906,234.46519470214844,148.74465942382812,244.6151123046875,0.785380482673645
224,381.7478942871094,331.13214111328125,386.9450988769531,338.3044738769531,0.7844148278236389
224,10.003889083862305,16.66162109375,16.00106430053711,22.831100463867188,0.7774168848991394
224,376.5942687988281,203.76527404785156,381.7685852050781,210.03213500976562,0.7687622904777527
224,515.0125122070312,332.8079833984375,522.5882568359375,337.9854431152344,0.7675899267196655
224,490.9365234375,153.8402862548828,495.3982238769531,162.93673706054688,0.7620906233787537
224,512.6744995117188,156.8408966064453,518.5958862304688,163.8372039794922,0.7585480809211731
224,648.0902709960938,346.7758483886719,652.66259765625,353.4120788574219,0.75755774974823
224,301.40338134765625,143.50335693359375,305.49066162109375,152.137451171875,0.7564413547515869
224,383.5901794433594,348.423828125,389.753173828125,353.01885986328125,0.7542673349380493
224,258.7514953613281,346.9469299316406,265.3606872558594,351.41278076171875,0.7524999380111694
224,9.521687507629395,115.157958984375,13.369033813476562,123.64901733398438,0.7482762932777405
224,616.44482421875,287.7767639160156,620.4326171875,296.57305908203125,0.7437918782234192
224,646.95751953125,299.4332275390625,651.88037109375,304.8888854980469,0.7395607829093933
224,285.28863525390625,346.91534423828125,291.0740051269531,351.5315856933594,0.7313940525054932
224,26.135723114013672,344.156005859375,31.469507217407227,348.7203369140625,0.7313186526298523
224,505.1426696777344,347.2677001953125,510.5914306640625,351.8071594238281,0.7211818695068359
224,154.11044311523438,6.413771152496338,157.76162719726562,12.911314010620117,0.7188887596130371
224,134.650146484375,344.9502258300781,140.14181518554688,349.08685302734375,0.7148652672767639
224,368.8685302734375,65.06990814208984,372.7416076660156,72.60324096679688,0.7087534666061401
224,652.90966796875,347.3069763183594,657.893798828125,353.1816101074219,0.7015504837036133
224,629.8564453125,350.1672058105469,635.2572631835938,354.7283630371094,0.6862210631370544
224,164.1138153076172,347.1421813964844,172.4579620361328,351.7210693359375,0.6436701416969299
225,641.3265991210938,317.101318359375,648.704833984375,323.3720703125,0.8357829451560974
225,45.92039489746094,174.0763397216797,51.55510711669922,182.49014282226562,0.7948509454727173
225,382.0753173828125,330.54376220703125,387.54681396484375,337.9071960449219,0.7830774784088135
225,513.9935302734375,154.42787170410156,519.6127319335938,161.3502960205078,0.780983567237854
225,396.7121276855469,347.18182373046875,404.32513427734375,353.6354675292969,0.780113160610199
225,376.490234375,203.24497985839844,381.71142578125,210.08700561523438,0.7758898138999939
225,515.1046142578125,332.8106689453125,522.6193237304688,338.08245849609375,0.7742825150489807
225,163.2616424560547,347.02227783203125,171.61532592773438,351.65240478515625,0.7730532288551331
225,9.689913749694824,16.062335968017578,15.551441192626953,22.521114349365234,0.7695212960243225
225,491.0068054199219,153.5738983154297,495.4058837890625,162.99339294433594,0.7662428021430969
225,301.4090270996094,142.5741729736328,305.5118408203125,151.49908447265625,0.7652037143707275
225,138.54014587402344,262.1098937988281,142.8030548095703,270.7518615722656,0.7633686661720276
225,259.5888671875,346.864013671875,266.4490051269531,351.1569519042969,0.7540401816368103
225,134.87701416015625,345.786376953125,140.71588134765625,349.95953369140625,0.7538281679153442
225,24.84413719177246,344.4407653808594,30.25212287902832,349.5388488769531,0.7530744671821594
225,368.71429443359375,63.59136199951172,372.76239013671875,70.98017120361328,0.7504377961158752
225,9.55882740020752,113.54931640625,13.453723907470703,122.03966522216797,0.7460029721260071
225,284.9505615234375,346.7082824707031,291.08355712890625,351.42877197265625,0.7415785789489746
225,617.00927734375,287.1621398925781,620.9874267578125,295.9954833984375,0.7399786114692688
225,283.1459655761719,208.88082885742188,287.33612060546875,217.17465209960938,0.7333638072013855
225,647.8310546875,346.8542785644531,652.4833984375,353.2513427734375,0.7231117486953735
225,384.45025634765625,348.7187194824219,390.4885559082031,353.5316162109375,0.7145790457725525
225,505.1335144042969,346.93658447265625,510.49853515625,351.69769287109375,0.7118939161300659
225,652.675048828125,347.4184265136719,657.7215576171875,353.0895080566406,0.6582539677619934
225,629.1390380859375,349.77496337890625,634.7281494140625,354.4829406738281,0.5927882194519043
225,152.57850646972656,5.574042320251465,157.59938049316406,12.476223945617676,0.543402373790741
226,131.4739227294922,278.95477294921875,139.16725158691406,285.5723876953125,0.8260367512702942
226,45.901771545410156,174.09896850585938,51.46598815917969,182.81983947753906,0.7958646416664124
226,668.4131469726562,326.7814025878906,675.942138671875,332.0074157714844,0.7946767807006836
226,397.04052734375,347.1932678222656,404.5244140625,353.5726623535156,0.78421950340271
226,382.2573547363281,330.5415954589844,387.639892578125,337.69427490234375,0.7785192728042603
226,376.47650146484375,202.84646606445312,381.732177734375,209.8558807373047,0.7771305441856384
226,8.986679077148438,14.952363014221191,14.845020294189453,21.307397842407227,0.7766785025596619
226,651.78955078125,347.27362060546875,657.1624755859375,353.2436828613281,0.7760006785392761
226,163.33447265625,346.6219787597656,171.27444458007812,351.59124755859375,0.7735837697982788
226,515.2689208984375,333.4040832519531,522.8663940429688,338.6092834472656,0.7713530659675598
226,301.6114196777344,141.32444763183594,305.7389831542969,150.1274871826172,0.7686628103256226
226,515.6824951171875,152.32081604003906,520.7906494140625,159.5616455078125,0.7622053623199463
226,260.1400451660156,346.8096008300781,267.4360046386719,350.8994140625,0.758678674697876
226,284.2318420410156,346.59027099609375,290.93994140625,351.3587951660156,0.7568181157112122
226,23.934389114379883,344.5205078125,29.562429428100586,349.86529541015625,0.7563281655311584
226,135.5030517578125,345.620849609375,141.4228973388672,349.9369812011719,0.7556724548339844
226,10.141594886779785,112.2264633178711,14.121914863586426,120.77991485595703,0.7457683086395264
226,283.4598388671875,215.4302520751953,287.56158447265625,224.485107421875,0.7405782341957092
226,368.615478515625,62.042633056640625,372.73248291015625,69.10382843017578,0.7394812703132629
226,616.8324584960938,286.20037841796875,620.8844604492188,294.937744140625,0.737295389175415
226,384.99847412109375,348.9505920410156,391.47412109375,354.2447509765625,0.7207355499267578
226,505.186279296875,347.28741455078125,510.5148010253906,351.7206115722656,0.7101122736930847
226,490.9698181152344,153.107666015625,495.141845703125,162.959716796875,0.7051141858100891
226,647.7022094726562,346.8651428222656,652.232666015625,353.2995910644531,0.6891026496887207
226,628.1571655273438,349.8109130859375,634.2386474609375,354.1794738769531,0.6134586930274963
227,172.25274658203125,313.991943359375,183.2169952392578,322.15386962890625,0.8453068733215332
227,287.4862060546875,278.7196960449219,292.5468444824219,291.9494934082031,0.843247652053833
227,45.85099792480469,174.08340454101562,51.434974670410156,182.8207550048828,0.789146900177002
227,397.8814697265625,347.12298583984375,404.3897399902344,353.60882568359375,0.7845856547355652
227,383.02288818359375,330.418212890625,388.36639404296875,337.6186218261719,0.7752708196640015
227,163.1457061767578,346.5423278808594,170.795654296875,351.56231689453125,0.7732256650924683
227,515.462646484375,333.9187316894531,523.0258178710938,339.15020751953125,0.771727979183197
227,375.8936767578125,201.11412048339844,381.23162841796875,208.49700927734375,0.7708998918533325
227,8.654892921447754,14.205108642578125,14.287909507751465,20.562021255493164,0.7703683972358704
227,301.3160400390625,141.04893493652344,306.3222961425781,149.5509490966797,0.7636321187019348
227,136.25396728515625,345.304931640625,142.35816955566406,349.8558044433594,0.7547891139984131
227,261.2843017578125,346.70849609375,268.2660827636719,350.85284423828125,0.7539193630218506
227,284.0893859863281,346.5758056640625,290.5849914550781,351.32928466796875,0.7531148791313171
227,516.8858032226562,150.75656127929688,522.3939208984375,157.91746520996094,0.7456654906272888
227,616.525634765625,284.95562744140625,620.5628662109375,293.67919921875,0.7387861609458923
227,368.51275634765625,61.45294952392578,372.6363220214844,68.58712768554688,0.737459123134613
227,669.607421875,334.4125061035156,674.0988159179688,341.19561767578125,0.7325678467750549
227,652.17236328125,347.3528747558594,657.5048217773438,352.8816223144531,0.7290973663330078
227,22.333803176879883,344.5910949707031,28.10105323791504,349.3793640136719,0.7283922433853149
227,10.225764274597168,111.1571044921875,14.152222633361816,119.33705139160156,0.7221248149871826
227,385.7201843261719,348.7079772949219,391.81353759765625,354.2166748046875,0.7205891609191895
227,504.9123229980469,347.3629455566406,510.5171813964844,351.652587890625,0.7008068561553955
227,626.81591796875,350.410400390625,633.156982421875,354.3242492675781,0.6984102129936218
227,490.7994384765625,153.04331970214844,495.1259460449219,162.9202117919922,0.6295830011367798
227,649.4744262695312,341.02886962890625,653.9124145507812,345.1291809082031,0.6258418560028076
227,490.2991638183594,151.9551239013672,495.2721252441406,160.3797149658203,0.4198891818523407
228,45.798221588134766,174.15049743652344,51.35100173950195,182.82485961914062,0.7973325848579407
228,383.40985107421875,329.7173156738281,388.7608947753906,337.4796447753906,0.783418595790863
228,163.04835510253906,346.7049560546875,170.48959350585938,351.4230651855469,0.7777062654495239
228,515.61865234375,334.3714599609375,523.22900390625,339.1313171386719,0.7680667042732239
228,302.0450439453125,141.201904296875,307.19561767578125,148.45361328125,0.7655168175697327
228,375.6838684082031,200.2330780029297,380.7912292480469,208.25550842285156,0.764356255531311
228,136.98190307617188,345.4333190917969,143.12820434570312,349.71246337890625,0.7634839415550232
228,8.593708992004395,13.831029891967773,13.891043663024902,20.27041244506836,0.7611585259437561
228,20.717039108276367,344.5386962890625,26.985485076904297,350.1387023925781,0.7519591450691223
228,398.62713623046875,346.8432312011719,404.26995849609375,353.9595031738281,0.7516173720359802
228,262.0050964355469,346.73162841796875,268.84130859375,350.63043212890625,0.7400147914886475
228,616.6189575195312,283.43475341796875,620.4119873046875,291.636474609375,0.7392730712890625
228,368.65228271484375,61.288787841796875,372.8103332519531,67.83746337890625,0.7391358017921448
228,518.4405517578125,148.71719360351562,523.7613525390625,155.93234252929688,0.7377687692642212
228,10.845869064331055,109.92631530761719,14.414502143859863,118.3226547241211,0.7377287149429321
228,648.52685546875,337.3416748046875,653.4104614257812,342.6719665527344,0.7302461862564087
228,177.41595458984375,326.12469482421875,181.9004364013672,331.315673828125,0.7181308269500732
228,626.1089477539062,350.463623046875,632.684326171875,354.24627685546875,0.7164685130119324
228,658.5809936523438,339.4716491699219,664.3634033203125,343.9688415527344,0.714468240737915
228,504.9112548828125,347.2595520019531,510.4148864746094,351.5594482421875,0.707388162612915
228,287.7830810546875,345.6456604003906,293.986572265625,352.5872497558594,0.7044979333877563
228,281.34844970703125,343.9118957519531,289.22369384765625,349.881591796875,0.704290509223938
228,652.1699829101562,347.33685302734375,657.364990234375,352.9125061035156,0.6971689462661743
228,386.23699951171875,348.5590515136719,392.1722412109375,354.0665588378906,0.6926664710044861
228,490.6914367675781,155.99307250976562,495.41375732421875,163.74977111816406,0.5454359650611877
228,490.2395935058594,151.8301239013672,495.2334899902344,160.1486053466797,0.5122939944267273
228,490.7159423828125,152.51611328125,495.10797119140625,162.20933532714844,0.4042271077632904
229,383.4588928222656,329.5995178222656,389.0777282714844,336.7999572753906,0.7879473567008972
229,45.814510345458984,174.10096740722656,51.26911544799805,182.4723358154297,0.7853645086288452
229,177.739501953125,324.69805908203125,183.3319091796875,330.5576477050781,0.7739923596382141
229,163.0108184814453,346.7541809082031,170.53126525878906,351.5301513671875,0.7737472057342529
229,302.8431701660156,140.234375,308.2778015136719,147.1988525390625,0.76881343126297
229,375.489013671875,199.39161682128906,380.59649658203125,207.4352264404297,0.7654916644096375
229,515.7449951171875,334.4200134277344,523.3276977539062,339.28228759765625,0.7621986269950867
229,616.5806884765625,281.66357421875,620.5748901367188,289.7502136230469,0.7522711753845215
229,284.9401550292969,347.7052917480469,291.5023498535156,351.7159118652344,0.7481331825256348
229,10.850976943969727,109.35625457763672,14.756241798400879,117.89395141601562,0.7472929358482361
229,138.42332458496094,345.50469970703125,144.64447021484375,349.88946533203125,0.7451923489570618
229,368.7235107421875,60.68646240234375,373.0870666503906,67.28578186035156,0.7387164235115051
229,519.6721801757812,146.950927734375,524.50927734375,154.26966857910156,0.7385135293006897
229,398.5082092285156,346.87384033203125,404.1053771972656,353.9537353515625,0.737760066986084
229,270.99420166015625,334.6346740722656,275.1220703125,340.3684997558594,0.7337351441383362
229,651.7224731445312,347.6151123046875,656.885498046875,352.6904602050781,0.7328226566314697
229,647.758544921875,349.0975341796875,653.1826782226562,354.1787414550781,0.7320618629455566
229,8.222861289978027,13.433598518371582,13.217692375183105,19.37137222290039,0.7275311946868896
229,675.067626953125,336.3009338378906,681.0955810546875,340.30645751953125,0.7207539081573486
229,18.882362365722656,344.59039306640625,24.482593536376953,348.9515075683594,0.7204534411430359
229,626.17041015625,350.3556823730469,632.8369140625,354.39654541015625,0.7176067233085632
229,262.0033264160156,346.95965576171875,268.98046875,350.64495849609375,0.7158562541007996
229,505.0511779785156,347.050537109375,510.3531494140625,351.3908386230469,0.7053574919700623
229,490.93267822265625,156.1332550048828,495.2947692871094,163.45245361328125,0.701288104057312
229,490.3076477050781,151.6519317626953,495.1138000488281,158.7094268798828,0.6728010177612305
229,387.1889953613281,348.1961364746094,392.45440673828125,354.4197692871094,0.6632272005081177
230,383.7904357910156,329.177490234375,389.5632019042969,336.3800964355469,0.7883704304695129
230,45.792266845703125,174.08604431152344,51.15077209472656,182.3378143310547,0.7826827764511108
230,163.07972717285156,346.77587890625,170.49826049804688,351.6059265136719,0.7686403393745422
230,303.71441650390625,139.65940856933594,309.1302490234375,146.5543212890625,0.765968382358551
230,516.0318603515625,334.4488220214844,523.7012939453125,339.1726379394531,0.7657128572463989
230,178.80563354492188,324.2795715332031,184.10020446777344,330.0956115722656,0.7635501623153687
230,375.3495788574219,198.5673828125,380.4180603027344,207.09815979003906,0.7597543597221375
230,261.3318176269531,346.344970703125,268.2627868652344,350.5314636230469,0.7534322738647461
230,520.6044921875,144.99331665039062,525.6869506835938,152.6201629638672,0.7526028156280518
230,284.9230041503906,347.3956298828125,291.5337829589844,351.4655456542969,0.7502875924110413
230,398.709716796875,347.2054138183594,404.47943115234375,353.90533447265625,0.7498441338539124
230,138.5624237060547,345.30291748046875,144.92422485351562,349.88446044921875,0.7473264336585999
230,626.2341918945312,350.20953369140625,633.3018188476562,354.57623291015625,0.7428677678108215
230,652.0521850585938,347.2274169921875,656.7470703125,352.88037109375,0.7394792437553406
230,675.710693359375,343.2118835449219,681.49072265625,348.1212158203125,0.7384228706359863
230,11.342989921569824,107.92267608642578,14.957908630371094,116.14511108398438,0.737940788269043
230,368.8745422363281,60.40668869018555,373.2824401855469,66.77300262451172,0.7330729961395264
230,616.3024291992188,279.4951477050781,620.2693481445312,287.9613342285156,0.732851505279541
230,8.267022132873535,13.425783157348633,13.233967781066895,19.326040267944336,0.7223610281944275
230,16.71146583557129,345.0597229003906,22.16503143310547,349.4803466796875,0.715881884098053
230,504.97900390625,347.2149963378906,510.3287353515625,351.6593933105469,0.7061318755149841
230,271.96435546875,345.0240173339844,278.83404541015625,349.0537414550781,0.6892557740211487
230,490.7846984863281,156.13070678710938,495.22900390625,163.54615783691406,0.6721845269203186
230,636.0819091796875,349.0895690917969,643.72998046875,354.3721008300781,0.6712647676467896
230,490.24224853515625,151.52725219726562,495.0645751953125,158.3776397705078,0.6088834404945374
230,386.8767395019531,349.07220458984375,391.93621826171875,354.8984375,0.46150946617126465
231,384.3568115234375,329.2000732421875,390.6692199707031,335.7518310546875,0.7802087664604187
231,261.5323791503906,346.6275634765625,269.19183349609375,350.6012878417969,0.7783480286598206
231,45.78791046142578,174.09715270996094,51.0969123840332,182.4340057373047,0.7782341241836548
231,178.71385192871094,324.201416015625,184.23194885253906,330.0514831542969,0.7761778235435486
231,163.10284423828125,346.78155517578125,170.56674194335938,351.6721496582031,0.7724466323852539
231,623.6503295898438,348.4678039550781,631.4151611328125,354.654541015625,0.762085497379303
231,516.5300903320312,334.63238525390625,524.1709594726562,339.23980712890625,0.762070894241333
231,398.8674621582031,347.35992431640625,405.430908203125,354.12738037109375,0.7581912279129028
231,284.8555908203125,347.3197937011719,291.6484375,351.3403015136719,0.7550305128097534
231,304.6562194824219,139.28143310546875,309.7637634277344,145.67465209960938,0.7538082003593445
231,375.17523193359375,198.14712524414062,379.9591979980469,206.54998779296875,0.7496283650398254
231,521.4078979492188,143.25473022460938,526.4279174804688,150.85885620117188,0.7428485155105591
231,139.71966552734375,345.40771484375,146.37974548339844,349.8363952636719,0.7414728403091431
231,369.4449462890625,60.040283203125,373.9585876464844,65.84485626220703,0.7234024405479431
231,14.154776573181152,345.22918701171875,20.20044708251953,349.46173095703125,0.7233583927154541
231,616.16259765625,278.1090393066406,620.158935546875,286.18841552734375,0.7233388423919678
231,8.259942054748535,13.408796310424805,13.225658416748047,19.348466873168945,0.7216062545776367
231,672.0237426757812,348.4234313964844,677.2600708007812,352.9438171386719,0.7178019881248474
231,504.9151306152344,346.9979553222656,510.2699279785156,351.5174255371094,0.716193437576294
231,652.0946044921875,347.40673828125,656.763427734375,352.66717529296875,0.714228630065918
231,490.97503662109375,156.38499450683594,495.240234375,163.3935546875,0.70747971534729
231,11.817007064819336,107.10072326660156,15.26255989074707,114.96088409423828,0.7070931196212769
231,269.6223449707031,345.3442077636719,277.8589782714844,349.2594909667969,0.6857707500457764
231,490.4797058105469,151.8212127685547,495.191162109375,158.6494140625,0.6855484843254089
231,387.0053405761719,348.3480224609375,392.1252746582031,354.2864685058594,0.6291599273681641
232,261.4615173339844,346.5836486816406,269.06561279296875,350.6487731933594,0.7938342690467834
232,385.1226806640625,328.5077819824219,391.93597412109375,335.1607666015625,0.7847073674201965
232,45.78074645996094,174.1325225830078,51.114933013916016,182.43270874023438,0.7805604338645935
232,179.07772827148438,324.1617736816406,184.59902954101562,329.99114990234375,0.7734039425849915
232,516.7837524414062,334.6903381347656,524.9619140625,339.2755432128906,0.7701370716094971
232,624.493896484375,347.8518371582031,631.1137084960938,354.5,0.7690423727035522
232,162.86212158203125,346.7830505371094,170.61935424804688,351.72564697265625,0.7688096761703491
232,283.9042053222656,346.9206237792969,291.65673828125,350.9894104003906,0.7627127766609192
232,400.0421142578125,345.3673095703125,406.8302307128906,351.7970886230469,0.7600265741348267
232,521.753662109375,141.64407348632812,526.803955078125,149.1793212890625,0.7528344988822937
232,304.7119140625,138.9036102294922,309.76947021484375,145.3060302734375,0.7510186433792114
232,11.674478530883789,106.80574798583984,15.711645126342773,114.59029388427734,0.7464422583580017
232,672.33203125,349.36871337890625,677.9827880859375,354.566162109375,0.743356466293335
232,141.26661682128906,345.553466796875,148.01828002929688,350.2351379394531,0.7371559739112854
232,375.0208740234375,197.74351501464844,379.7305908203125,205.83956909179688,0.7347823977470398
232,652.2196655273438,347.4186096191406,657.0450439453125,352.696533203125,0.7318671345710754
232,11.470467567443848,345.1990966796875,17.380596160888672,349.454345703125,0.7298951148986816
232,369.90850830078125,60.16264343261719,374.4743957519531,65.56468963623047,0.7194874882698059
232,8.212034225463867,13.427133560180664,13.197486877441406,19.354694366455078,0.71929931640625
232,504.87554931640625,346.5321044921875,510.2393493652344,351.3960876464844,0.7183539271354675
232,615.8870849609375,276.4450378417969,619.807861328125,284.54766845703125,0.7160220742225647
232,491.0492248535156,156.77232360839844,495.20269775390625,163.3021697998047,0.7045924067497253
232,386.33367919921875,348.5375061035156,391.4443054199219,353.6025085449219,0.7044392824172974
232,490.5511169433594,151.53457641601562,494.8658447265625,157.9880828857422,0.6958414316177368
232,269.6266784667969,345.2897033691406,277.5699768066406,349.32781982421875,0.6919547915458679
233,261.5626220703125,346.6767272949219,269.0195617675781,350.7384948730469,0.7901520133018494
233,620.4930419921875,349.8088073730469,629.8232421875,354.7314758300781,0.784427285194397
233,45.7734375,174.12147521972656,51.1636848449707,182.5468292236328,0.7831212282180786
233,162.7589874267578,346.6888122558594,170.13319396972656,351.6176452636719,0.7816150784492493
233,179.27760314941406,323.7310791015625,184.90061950683594,329.9190368652344,0.7773392796516418
233,518.0361328125,334.7249755859375,525.9817504882812,339.1861572265625,0.7699000239372253
233,522.3916015625,139.80520629882812,527.2543334960938,147.4661407470703,0.7656239867210388
233,283.86395263671875,346.8042297363281,291.63958740234375,350.9964294433594,0.7632521390914917
233,398.89520263671875,346.15533447265625,404.9084777832031,353.31866455078125,0.7600818276405334
233,11.800274848937988,106.57859802246094,16.28579330444336,114.0574951171875,0.7569334506988525
233,305.2156677246094,137.8555450439453,310.2484436035156,144.21762084960938,0.7567498683929443
233,374.580322265625,196.56800842285156,379.2685546875,204.64730834960938,0.7556681632995605
233,9.188533782958984,345.2256774902344,15.282242774963379,349.4964599609375,0.7511347532272339
233,370.6375427246094,59.89439392089844,375.52923583984375,65.70036315917969,0.749658465385437
233,386.6477966308594,328.3130798339844,392.7617492675781,333.93194580078125,0.747535228729248
233,672.9373779296875,349.9047546386719,678.9573364257812,354.3717956542969,0.7359070777893066
233,143.0540313720703,345.11419677734375,149.571533203125,348.84197998046875,0.7324448823928833
233,652.2252807617188,347.3531494140625,657.3297729492188,352.6520080566406,0.731391191482544
233,8.215259552001953,13.398158073425293,13.184755325317383,19.326927185058594,0.71983802318573
233,615.7149047851562,274.3460693359375,619.53125,282.5986328125,0.7164382934570312
233,505.1164245605469,347.0543518066406,510.3665466308594,351.5021667480469,0.7118025422096252
233,491.1249084472656,156.81431579589844,495.2154235839844,163.2478790283203,0.7092413902282715
233,270.1300354003906,345.247802734375,277.5193786621094,349.3658447265625,0.7023096084594727
233,490.50927734375,151.1519775390625,494.69219970703125,157.3805694580078,0.6996088027954102
233,386.63360595703125,348.23443603515625,391.7730712890625,353.9945068359375,0.6509386897087097
233,7.132643699645996,5.902477741241455,12.878250122070312,11.041598320007324,0.42379623651504517
234,621.6305541992188,349.2107849121094,630.9359130859375,355.3811950683594,0.7987667918205261
234,261.5128479003906,346.74383544921875,268.745849609375,350.76251220703125,0.7936665415763855
234,45.755313873291016,174.15736389160156,51.190067291259766,182.53489685058594,0.7874966263771057
234,179.53887939453125,323.6979064941406,184.92613220214844,330.71142578125,0.7851527333259583
234,523.3729248046875,138.12107849121094,528.2789306640625,145.68064880371094,0.7811561822891235
234,399.4872741699219,345.47625732421875,404.9093933105469,353.4964294433594,0.7731065154075623
234,387.05743408203125,327.95477294921875,393.4653625488281,333.5841369628906,0.7707574367523193
234,518.33935546875,335.059326171875,526.0265502929688,339.3474426269531,0.7678297758102417
234,371.3674011230469,59.33384323120117,376.8201904296875,65.0464096069336,0.7639236450195312
234,373.6695861816406,195.42514038085938,378.42608642578125,202.9950408935547,0.7626993060112
234,305.5875549316406,137.07444763183594,309.98236083984375,144.98324584960938,0.7609505653381348
234,284.0570983886719,346.7929992675781,291.9616394042969,350.8532409667969,0.7606655955314636
234,162.5633544921875,347.26788330078125,169.03738403320312,351.3921203613281,0.7595660090446472
234,11.789193153381348,106.26981353759766,16.3070125579834,113.82731628417969,0.7588804364204407
234,143.68228149414062,344.71392822265625,150.60877990722656,348.4367370605469,0.7451304197311401
234,673.1416625976562,350.11968994140625,679.1972045898438,354.33038330078125,0.7422574758529663
234,7.28591775894165,345.4936218261719,13.023733139038086,349.6638488769531,0.7413785457611084
234,651.8132934570312,347.1083679199219,656.807373046875,352.3494873046875,0.7314238548278809
234,504.74609375,347.46539306640625,510.4186706542969,351.68780517578125,0.728173017501831
234,179.54611206054688,334.7106018066406,186.1419677734375,338.9458312988281,0.722443163394928
234,8.189908027648926,13.44803237915039,13.173108100891113,19.30574607849121,0.7211777567863464
234,615.6077270507812,272.7306213378906,619.4066772460938,280.59478759765625,0.7182525992393494
234,491.15478515625,157.14590454101562,495.15716552734375,163.2858123779297,0.7096558213233948
234,270.2786865234375,345.23095703125,277.4814453125,349.3279724121094,0.7093082666397095
234,490.43963623046875,151.03468322753906,494.5924072265625,157.31289672851562,0.7030313611030579
234,386.564697265625,348.58514404296875,391.7746887207031,354.2730407714844,0.6917804479598999
235,261.6670837402344,346.7054748535156,268.754150390625,350.7557373046875,0.7884805798530579
235,45.787200927734375,174.13719177246094,51.17606735229492,182.54762268066406,0.7880178689956665
235,179.47723388671875,323.35333251953125,184.99575805664062,330.0885314941406,0.7821690440177917
235,387.6172790527344,327.575439453125,394.0113830566406,333.6032409667969,0.7793574929237366
235,620.7139282226562,349.4037170410156,630.8666381835938,354.97003173828125,0.7739801406860352
235,398.5938720703125,345.8465270996094,404.54327392578125,353.31201171875,0.7697603106498718
235,523.7869262695312,135.884765625,528.64111328125,143.4338836669922,0.7681264877319336
235,518.387451171875,335.2724914550781,526.0989379882812,339.3839111328125,0.763924241065979
235,305.8997497558594,135.85153198242188,310.1740417480469,144.16485595703125,0.7634052038192749
235,284.7967224121094,346.6803894042969,292.815673828125,350.6805114746094,0.7598568201065063
235,372.81787109375,194.87106323242188,377.7266540527344,201.73167419433594,0.7584112882614136
235,372.21942138671875,59.16260528564453,377.6559143066406,64.66049194335938,0.7581689953804016
235,11.924601554870605,105.61433410644531,16.384632110595703,113.1221694946289,0.7527445554733276
235,143.87747192382812,344.487548828125,151.0315399169922,348.32904052734375,0.7517839074134827
235,162.18875122070312,347.3423156738281,168.59373474121094,351.4781799316406,0.7489550113677979
235,673.3667602539062,350.35943603515625,679.5214233398438,354.5522766113281,0.7379839420318604
235,651.38720703125,347.1675109863281,656.218505859375,352.11328125,0.7285069227218628
235,504.6999816894531,347.4488525390625,510.40118408203125,351.5968017578125,0.7283197641372681
235,270.9020080566406,345.166015625,278.39300537109375,349.1647644042969,0.7279664874076843
235,8.24693775177002,13.453535079956055,13.177674293518066,19.281124114990234,0.7213513851165771
235,491.2568054199219,157.1990966796875,495.21728515625,163.24862670898438,0.7205629944801331
235,615.5699462890625,271.1271667480469,619.0751342773438,278.63653564453125,0.7070874571800232
235,490.534423828125,150.9344940185547,494.5765380859375,157.05206298828125,0.7063369154930115
235,6.785030364990234,345.95477294921875,11.702118873596191,350.22637939453125,0.6906598210334778
235,386.8202209472656,348.6190490722656,391.7745666503906,354.3567810058594,0.6788504719734192
235,186.5970458984375,337.5628662109375,190.76495361328125,341.70233154296875,0.6483616232872009
235,7.208977222442627,5.829923152923584,12.88053035736084,10.93117618560791,0.4017089903354645
236,179.5502471923828,322.9559020996094,185.0216522216797,329.72076416015625,0.7863889932632446
236,45.80080032348633,174.10353088378906,51.201454162597656,182.528076171875,0.7853972911834717
236,261.60992431640625,346.6649169921875,268.3299865722656,350.7872009277344,0.7844825387001038
236,620.7747802734375,349.5462646484375,631.1747436523438,355.0145568847656,0.7810928225517273
236,373.27740478515625,58.3890380859375,379.4394226074219,63.98678207397461,0.776944100856781
236,388.26275634765625,327.0790100097656,394.9264831542969,333.0467834472656,0.7680621147155762
236,397.5559387207031,346.82037353515625,404.83929443359375,352.37542724609375,0.7641425728797913
236,285.43438720703125,346.49346923828125,293.3939208984375,350.56927490234375,0.7621537446975708
236,518.1743774414062,335.2910461425781,526.06787109375,339.3873291015625,0.7601571083068848
236,305.84674072265625,134.09124755859375,310.0255126953125,142.7318878173828,0.7580086588859558
236,144.61962890625,344.3909606933594,151.48411560058594,348.28741455078125,0.7539283633232117
236,12.039092063903809,104.84869384765625,16.38519287109375,112.3575439453125,0.7532463669776917
236,162.42295837402344,347.4397888183594,168.62310791015625,351.599609375,0.7485535144805908
236,524.4832153320312,133.77137756347656,528.390380859375,141.6184539794922,0.7450936436653137
236,271.20074462890625,344.9562072753906,279.0226135253906,349.07928466796875,0.7449935674667358
236,372.3880920410156,194.52464294433594,377.1620178222656,200.93434143066406,0.7391825914382935
236,491.18524169921875,157.232666015625,495.132080078125,163.26025390625,0.7344542741775513
236,673.2993774414062,350.3611145019531,679.4715576171875,354.5341796875,0.7322325110435486
236,490.3301086425781,150.14842224121094,494.7218017578125,156.03878784179688,0.7227777242660522
236,504.66998291015625,347.48199462890625,510.3935852050781,351.5702209472656,0.7226433753967285
236,8.265206336975098,13.48258113861084,13.168062210083008,19.266891479492188,0.7169646620750427
236,615.3656005859375,269.5678405761719,619.0231323242188,277.0361328125,0.7150638103485107
236,651.06884765625,346.9127502441406,655.7303466796875,351.6884460449219,0.7146782875061035
236,6.837997913360596,345.942626953125,11.63947868347168,350.2815856933594,0.6949530243873596
236,177.82498168945312,347.0081481933594,182.36666870117188,351.9985046386719,0.6764191389083862
236,386.6197509765625,348.2021179199219,391.4400329589844,353.8902587890625,0.6702443361282349
236,7.2789506912231445,5.773810863494873,12.875993728637695,10.83420181274414,0.4063500463962555
237,45.74737548828125,174.10577392578125,51.11398696899414,182.52296447753906,0.7905358076095581
237,179.89859008789062,322.1471252441406,185.09654235839844,329.4234924316406,0.7873023152351379
237,374.496826171875,57.64339828491211,380.63006591796875,62.824302673339844,0.7799870371818542
237,261.4477844238281,346.5701904296875,268.0662841796875,350.7110595703125,0.778401255607605
237,389.3077392578125,326.5776672363281,395.9221496582031,332.4136962890625,0.7749480605125427
237,305.9325256347656,132.48721313476562,309.9639587402344,141.43455505371094,0.7670126557350159
237,144.5790252685547,344.37261962890625,151.47503662109375,348.2964782714844,0.7619159817695618
237,285.8888854980469,346.49761962890625,293.5968322753906,350.48919677734375,0.761053740978241
237,271.63031005859375,344.7451477050781,279.52252197265625,348.9692077636719,0.7543167471885681
237,517.9102783203125,335.5940246582031,525.8320922851562,339.4656677246094,0.7530749440193176
237,12.205124855041504,104.35298156738281,16.2347354888916,112.15104675292969,0.7513786554336548
237,620.7447509765625,349.4362487792969,631.577392578125,355.029296875,0.7486258149147034
237,162.3581085205078,347.4204406738281,168.5466766357422,351.6040344238281,0.7461162805557251
237,371.97845458984375,193.68386840820312,376.8778991699219,199.6905517578125,0.7410284876823425
237,491.0368347167969,157.1391143798828,495.11590576171875,163.294921875,0.733222246170044
237,524.4639282226562,131.50563049316406,528.040283203125,139.5885772705078,0.7323286533355713
237,673.4833984375,350.5688781738281,679.5772705078125,354.6698303222656,0.7323207259178162
237,650.4011840820312,346.4947204589844,655.2272338867188,351.68597412109375,0.7319815158843994
237,614.6777954101562,267.7257080078125,618.6680908203125,275.30670166015625,0.730607807636261
237,490.41455078125,149.286865234375,494.6546325683594,155.79800415039062,0.7295157313346863
237,504.6571960449219,347.4341735839844,510.3212890625,351.4024658203125,0.7179991006851196
237,6.826805591583252,346.00006103515625,11.661786079406738,350.4007568359375,0.7049578428268433
237,176.1226348876953,347.00616455078125,180.62351989746094,352.4448547363281,0.6834757328033447
237,397.0517578125,346.7681884765625,403.26348876953125,352.1226501464844,0.6569746136665344
237,387.5089111328125,347.00933837890625,392.3810729980469,353.66998291015625,0.6014308929443359
238,45.7274169921875,174.11155700683594,51.10664367675781,182.5030059814453,0.7881513237953186
238,179.80694580078125,321.46588134765625,184.9940185546875,328.9479675292969,0.7871414422988892
238,261.3608093261719,346.67791748046875,268.0208740234375,350.8369140625,0.7849096655845642
238,375.6435546875,57.1413459777832,381.6490478515625,62.34104919433594,0.7815616726875305
238,389.4707336425781,325.96343994140625,396.29766845703125,331.9345397949219,0.7740927934646606
238,517.7387084960938,335.7656555175781,526.06298828125,339.80841064453125,0.7692623734474182
238,620.5421752929688,349.3470764160156,631.5064697265625,355.05584716796875,0.7679414749145508
238,305.88629150390625,130.5988311767578,310.10137939453125,139.53489685058594,0.7669312357902527
238,271.80511474609375,344.5920715332031,279.5962829589844,349.0061950683594,0.7639899849891663
238,286.57440185546875,346.2006530761719,294.0413513183594,350.3491516113281,0.7586248517036438
238,144.62960815429688,344.3863830566406,151.48817443847656,348.2760009765625,0.7562708258628845
238,371.6026611328125,192.9689178466797,376.4056091308594,199.14443969726562,0.7493611574172974
238,379.4757385253906,343.4464111328125,384.8656311035156,349.4822998046875,0.7487828135490417
238,162.39035034179688,347.4203186035156,168.5649871826172,351.5711975097656,0.7441551089286804
238,12.527917861938477,103.18082427978516,16.405603408813477,111.29315185546875,0.7439205050468445
238,649.87939453125,346.5504150390625,655.1832275390625,351.28302001953125,0.737596333026886
238,399.2649230957031,347.7988586425781,404.6907958984375,352.0666809082031,0.7373496890068054
238,614.164794921875,266.76336669921875,618.3001098632812,274.2303161621094,0.7353560328483582
238,523.0818481445312,129.61940002441406,527.19140625,137.5881805419922,0.7318633794784546
238,491.01220703125,157.10264587402344,495.13714599609375,163.2921600341797,0.7311911582946777
238,673.5796508789062,350.7148742675781,679.6276245117188,354.7403869628906,0.7286578416824341
238,505.0497741699219,346.2786560058594,510.1824035644531,350.8485412597656,0.7198677659034729
238,6.953671455383301,346.1056213378906,11.917778968811035,350.4885559082031,0.7174769639968872
238,490.63592529296875,148.23670959472656,494.7288818359375,155.07130432128906,0.714379608631134
238,176.06971740722656,347.0522766113281,180.65170288085938,352.16424560546875,0.6810290217399597
238,386.31304931640625,348.6338195800781,390.6470031738281,353.56365966796875,0.5487841367721558
239,261.330810546875,346.6055603027344,268.1846923828125,350.7756652832031,0.7974455952644348
239,390.8187255859375,324.96392822265625,396.79986572265625,331.9355163574219,0.7968417406082153
239,376.8091125488281,56.20653533935547,383.3621826171875,61.70771789550781,0.7906131744384766
239,179.8098907470703,321.3677062988281,184.90621948242188,328.7305603027344,0.7888882160186768
239,45.73284912109375,174.07235717773438,51.05168533325195,182.50894165039062,0.7884250283241272
239,306.0517883300781,129.06321716308594,310.2393798828125,138.10687255859375,0.7727158069610596
239,517.4993286132812,335.76336669921875,525.7743530273438,339.8476257324219,0.7680835127830505
239,286.96124267578125,345.81036376953125,294.3813781738281,350.3131408691406,0.7674205303192139
239,271.9822692871094,344.5299987792969,279.7868347167969,348.9919738769531,0.7617074251174927
239,144.70654296875,344.4088134765625,151.5291748046875,348.30120849609375,0.7595961093902588
239,162.4053497314453,347.4416809082031,168.6239471435547,351.5754089355469,0.7497798204421997
239,399.16680908203125,347.885498046875,404.43328857421875,351.98052978515625,0.7490130066871643
239,522.4407348632812,127.63970947265625,526.5438232421875,135.77069091796875,0.741769552230835
239,649.5387573242188,346.4372863769531,654.6973876953125,350.9651184082031,0.7319660782814026
239,613.9707641601562,266.03057861328125,618.1767578125,272.4205017089844,0.7310810089111328
239,673.6499633789062,350.81646728515625,679.786376953125,354.7992248535156,0.7274671196937561
239,491.00677490234375,157.1300048828125,495.1031799316406,163.31932067871094,0.7249364852905273
239,12.668172836303711,101.68626403808594,16.304851531982422,109.85600280761719,0.7208304405212402
239,371.1407775878906,192.61947631835938,375.53009033203125,197.92898559570312,0.7183229327201843
239,382.27740478515625,338.867919921875,386.6623840332031,343.55865478515625,0.7171616554260254
239,504.9651794433594,346.4676513671875,510.15911865234375,350.8421630859375,0.7161495089530945
239,490.8727111816406,147.7064208984375,495.0045166015625,154.63177490234375,0.7159039974212646
239,6.939774036407471,345.9436950683594,11.665594100952148,350.3315124511719,0.6990859508514404
239,620.451904296875,349.2275390625,631.8383178710938,355.27020263671875,0.6957576870918274
239,176.09332275390625,346.9783020019531,180.57359313964844,351.8609924316406,0.6734877824783325
239,386.65679931640625,348.7369689941406,390.433349609375,353.9720764160156,0.6254830360412598
240,499.2984924316406,151.10934448242188,506.0073547363281,157.38954162597656,0.8126797676086426
240,378.21612548828125,55.194129943847656,384.9208068847656,60.92391586303711,0.797502338886261
240,510.1558837890625,147.19662475585938,515.1923828125,154.74917602539062,0.793329656124115
240,517.271484375,335.9299011230469,525.3485107421875,340.21185302734375,0.7896636724472046
240,179.9246368408203,320.6866149902344,184.8496551513672,328.1624755859375,0.7844272255897522
240,45.83049774169922,174.048583984375,51.16554260253906,182.5439910888672,0.7837198972702026
240,261.306640625,346.6072998046875,268.4038391113281,350.9638671875,0.7782491445541382
240,287.5230712890625,345.697509765625,294.7011413574219,350.27337646484375,0.7679218649864197
240,620.44580078125,346.4820251464844,629.1607055664062,354.7127380371094,0.7626723051071167
240,391.19940185546875,324.1963806152344,396.8456726074219,331.5709228515625,0.7568815350532532
240,306.3770751953125,127.67155456542969,310.537353515625,136.02806091308594,0.7540473341941833
240,22.094879150390625,17.99070167541504,27.22073745727539,25.07893943786621,0.75084388256073
240,521.3799438476562,125.71522521972656,525.3374633789062,133.9827423095703,0.7464690804481506
240,399.23529052734375,347.75347900390625,404.4422302246094,351.9892883300781,0.7415053248405457
240,162.54086303710938,347.4197998046875,168.52284240722656,351.6230773925781,0.7405292987823486
240,271.659912109375,344.44140625,279.77130126953125,349.0417785644531,0.7380532622337341
240,145.8012237548828,344.8772277832031,150.64871215820312,348.4401550292969,0.728131115436554
240,673.6439208984375,351.0898742675781,679.7154541015625,354.9888610839844,0.7260006070137024
240,613.5043334960938,264.3891296386719,617.4725952148438,271.0921936035156,0.7185632586479187
240,12.706565856933594,100.31668853759766,16.578933715820312,108.72274780273438,0.7164599895477295
240,648.8467407226562,346.153076171875,654.0260620117188,350.8952331542969,0.7163456678390503
240,505.0575866699219,347.0921936035156,510.2709045410156,351.2247009277344,0.7136097550392151
240,370.7260437011719,191.60507202148438,374.81475830078125,197.285888671875,0.7022640109062195
240,175.39662170410156,346.9975891113281,179.80975341796875,351.9012451171875,0.6695842742919922
240,386.8104553222656,349.0127258300781,390.73382568359375,354.1573791503906,0.6657120585441589
240,6.691904544830322,345.9168701171875,11.343091011047363,350.21002197265625,0.61217200756073
240,21.7904109954834,5.797922134399414,28.613323211669922,11.445934295654297,0.5600438117980957
241,33.28361129760742,32.01652145385742,40.071571350097656,38.1015510559082,0.8250332474708557
241,525.003662109375,185.06492614746094,530.1348876953125,194.29153442382812,0.8112359642982483
241,379.66729736328125,54.22745132446289,386.4280090332031,60.17365264892578,0.8087542057037354
241,45.71290588378906,174.04611206054688,51.10793685913086,182.5425262451172,0.794916570186615
241,517.2560424804688,335.9521179199219,525.22802734375,340.27130126953125,0.7916262149810791
241,413.2087097167969,321.7072448730469,419.39288330078125,328.1449890136719,0.7859737873077393
241,261.1815490722656,346.6078796386719,268.305419921875,351.0154113769531,0.7841827869415283
241,179.98887634277344,319.1792297363281,184.52328491210938,327.6820373535156,0.780015766620636
241,612.1868896484375,335.4303283691406,617.583740234375,342.13995361328125,0.7789276838302612
241,287.8496398925781,345.6546936035156,294.8864440917969,350.2719421386719,0.7752564549446106
241,392.6418762207031,322.6827087402344,397.4847717285156,330.1494445800781,0.7747137546539307
241,306.431396484375,125.95258331298828,310.615234375,134.38401794433594,0.7652583122253418
241,526.110595703125,123.09054565429688,530.7811889648438,129.06324768066406,0.7587817907333374
241,520.6642456054688,123.70994567871094,524.4699096679688,131.0836944580078,0.754448413848877
241,12.764373779296875,98.62494659423828,16.44041633605957,107.53665161132812,0.7486138939857483
241,271.6948547363281,344.4335021972656,279.7488708496094,349.0782470703125,0.7474460601806641
241,622.0905151367188,350.367431640625,627.8177490234375,355.1780090332031,0.7472495436668396
241,398.7981872558594,347.5313720703125,404.3996276855469,352.50506591796875,0.7446877956390381
241,673.634033203125,351.3111267089844,679.8138427734375,355.1627197265625,0.7424719333648682
241,145.77354431152344,344.8476867675781,150.6645965576172,348.4215393066406,0.7419284582138062
241,162.48741149902344,347.4960021972656,168.48329162597656,351.59576416015625,0.7418070435523987
241,612.9210205078125,263.4512939453125,617.0504760742188,269.89202880859375,0.73654705286026
241,648.4464721679688,346.25128173828125,653.7839965820312,350.83636474609375,0.7362457513809204
241,387.6376647949219,348.74749755859375,392.7554016113281,354.25567626953125,0.7332776784896851
241,504.9543151855469,347.4325256347656,510.3750305175781,351.5598449707031,0.7240526676177979
241,370.3707580566406,190.80914306640625,374.4772033691406,196.60928344726562,0.7156169414520264
241,174.27011108398438,347.5863342285156,179.41159057617188,351.6488037109375,0.7125623822212219
241,6.61257266998291,345.9217834472656,11.18449592590332,350.17779541015625,0.6009134650230408
242,529.6246948242188,223.8170166015625,534.8890380859375,231.3483123779297,0.8219133019447327
242,31.708419799804688,49.7531623840332,38.2816047668457,55.68385696411133,0.8158314824104309
242,520.0781860351562,121.89718627929688,527.169189453125,130.9423065185547,0.8139346837997437
242,381.6506042480469,53.26240539550781,388.2648620605469,59.40220260620117,0.7947725653648376
242,45.72629928588867,174.0465850830078,51.092899322509766,182.54107666015625,0.79358971118927
242,434.7489013671875,303.69000244140625,440.5741882324219,310.11419677734375,0.7932080030441284
242,517.2671508789062,335.9442138671875,525.2196044921875,340.2710266113281,0.7862808704376221
242,261.15570068359375,346.5305480957031,268.3307800292969,350.946533203125,0.7846794724464417
242,393.45965576171875,321.6459655761719,398.41424560546875,329.280517578125,0.7809063196182251
242,288.11785888671875,345.49627685546875,295.07025146484375,350.1144714355469,0.7719231843948364
242,180.19825744628906,318.0313720703125,184.4671630859375,326.7864074707031,0.7707866430282593
242,306.2289123535156,124.37345886230469,310.6728820800781,133.2744903564453,0.7603931427001953
242,398.4739685058594,347.6146240234375,404.04083251953125,352.52508544921875,0.7567495107650757
242,673.9996948242188,351.33453369140625,680.0480346679688,355.15423583984375,0.7307676672935486
242,612.90673828125,262.5489807128906,617.143310546875,268.6112365722656,0.7302671670913696
242,145.9131622314453,345.1473693847656,150.4505157470703,348.8290710449219,0.7296700477600098
242,162.3709259033203,347.3603210449219,168.40065002441406,351.4237976074219,0.728227972984314
242,12.934414863586426,97.0877685546875,16.723167419433594,105.65299224853516,0.7281783819198608
242,648.3465576171875,346.32208251953125,653.687255859375,350.8433837890625,0.7269498109817505
242,615.0307006835938,347.7409362792969,618.893798828125,353.98681640625,0.7224606871604919
242,388.47723388671875,348.9175720214844,393.86737060546875,354.4679260253906,0.7213640213012695
242,271.7041320800781,344.4173583984375,279.7197265625,348.9333801269531,0.7205320000648499
242,623.5567626953125,350.938232421875,628.7617797851562,355.6158447265625,0.7161914110183716
242,505.1533203125,347.0609436035156,510.20855712890625,351.2430114746094,0.7150702476501465
242,369.7548522949219,190.72084045410156,374.048095703125,196.23291015625,0.7133595943450928
242,171.67596435546875,347.4590148925781,177.74835205078125,351.68438720703125,0.7011098861694336
242,6.580930709838867,346.12091064453125,11.03541088104248,350.34075927734375,0.5346598625183105
243,383.1773986816406,51.763038635253906,389.7587890625,58.386653900146484,0.8036865592002869
243,45.72513198852539,174.0943603515625,51.077125549316406,182.5205535888672,0.7926760315895081
243,394.32208251953125,319.7655029296875,399.045654296875,327.440673828125,0.7840855717658997
243,517.0056762695312,336.0345458984375,525.0103149414062,340.2982177734375,0.7803811430931091
243,432.29913330078125,305.840087890625,436.7879943847656,313.14569091796875,0.7766562104225159
243,261.31146240234375,346.4435729980469,268.72021484375,350.88629150390625,0.7763035297393799
243,305.7227478027344,122.94474792480469,310.33935546875,131.78004455566406,0.7716324329376221
243,288.4936218261719,345.4446716308594,295.291748046875,350.001708984375,0.7713810801506042
243,525.4439086914062,230.1508026123047,529.7777099609375,238.37997436523438,0.770588219165802
243,181.1511993408203,316.9351501464844,184.9707489013672,325.55548095703125,0.7677701711654663
243,518.9308471679688,119.70378875732422,523.5505981445312,127.80350494384766,0.7537739872932434
243,20.396560668945312,57.949100494384766,24.56241226196289,65.60049438476562,0.7520056962966919
243,398.57696533203125,347.5588684082031,404.1368713378906,352.4504699707031,0.7329692244529724
243,617.1952514648438,348.8591003417969,622.6487426757812,353.3218994140625,0.732938289642334
243,648.355224609375,346.4237060546875,653.7820434570312,350.94110107421875,0.7299440503120422
243,504.985595703125,347.2145080566406,510.38470458984375,351.3688049316406,0.7265391945838928
243,145.94056701660156,344.779541015625,150.8485870361328,348.686767578125,0.725658118724823
243,161.64279174804688,347.3406982421875,168.1133270263672,351.391357421875,0.7253686189651489
243,674.4951782226562,350.7186279296875,680.7150268554688,355.05206298828125,0.7249939441680908
243,612.9603271484375,261.48541259765625,617.002197265625,267.5832824707031,0.7218241691589355
243,388.68218994140625,350.0426940917969,394.09429931640625,355.1220397949219,0.7181926369667053
243,13.054299354553223,95.3731918334961,16.412263870239258,103.73333740234375,0.7143585681915283
243,271.9337158203125,344.4727783203125,279.7929382324219,348.8725891113281,0.7063064575195312
243,369.4864196777344,190.68502807617188,373.66082763671875,195.5003662109375,0.702720582485199
243,512.9755249023438,138.9001922607422,517.7523803710938,143.1773223876953,0.6905092597007751
243,169.8056640625,347.2629699707031,176.62498474121094,351.6496887207031,0.684171199798584
243,622.9476318359375,351.1120300292969,628.9946899414062,354.95166015625,0.6419274806976318
243,6.491102695465088,346.4106140136719,11.062861442565918,350.6922607421875,0.4327150881290436
244,384.85772705078125,50.22969436645508,391.5218505859375,57.18888854980469,0.8169934749603271
244,45.7372932434082,174.07855224609375,51.1075439453125,182.51878356933594,0.7886754870414734
244,431.8815002441406,320.30322265625,437.58343505859375,326.3125,0.7862383127212524
244,394.6644592285156,318.2431640625,399.44744873046875,326.5638427734375,0.7814332842826843
244,288.6143493652344,345.4526062011719,295.2379150390625,349.9638671875,0.7723810076713562
244,516.9901123046875,336.0207214355469,524.9993286132812,340.23907470703125,0.7715975642204285
244,261.7674560546875,346.3180236816406,269.227294921875,350.7695007324219,0.7675886750221252
244,526.027099609375,229.8323211669922,530.3518676757812,238.42620849609375,0.7644335627555847
244,504.1950378417969,142.5672607421875,508.76092529296875,150.0070343017578,0.7635349035263062
244,518.0691528320312,116.77656555175781,522.391357421875,125.03054809570312,0.7520748972892761
244,160.72593688964844,347.0870361328125,168.46604919433594,351.3218994140625,0.7519275546073914
244,398.6778564453125,347.46417236328125,404.2380676269531,352.41375732421875,0.7518782019615173
244,305.0558166503906,122.65987396240234,310.0057067871094,130.38580322265625,0.7514143586158752
244,145.80999755859375,343.2762451171875,150.36672973632812,347.9847106933594,0.7511470913887024
244,181.45779418945312,316.0804748535156,184.99049377441406,324.7289733886719,0.7436699867248535
244,389.12213134765625,349.63360595703125,394.7441101074219,354.39764404296875,0.7360699772834778
244,674.5313110351562,350.70867919921875,680.9197998046875,355.0794372558594,0.7309826016426086
244,648.4195556640625,346.3953552246094,653.80908203125,350.880859375,0.7288109064102173
244,612.8226928710938,260.6092224121094,616.9264526367188,266.84356689453125,0.7244266271591187
244,504.98583984375,347.1891784667969,510.395263671875,351.3114013671875,0.7224600911140442
244,20.02996063232422,57.81763458251953,23.776689529418945,65.76871490478516,0.718747079372406
244,617.4518432617188,348.4366149902344,624.1607666015625,353.7774353027344,0.7101245522499084
244,369.3497619628906,190.6938934326172,373.4959716796875,195.43487548828125,0.6977037787437439
244,13.130594253540039,95.3490982055664,16.47336196899414,103.63609313964844,0.6970799565315247
244,168.84036254882812,348.17840576171875,176.0106658935547,352.637939453125,0.6809160113334656
244,272.0086975097656,344.5376281738281,279.88446044921875,348.73138427734375,0.6652482151985168
244,622.5835571289062,351.0369567871094,629.4909057617188,355.0662536621094,0.6249561905860901
244,6.514079570770264,346.3937072753906,11.070539474487305,350.6885681152344,0.46143221855163574
245,45.76161575317383,174.1170654296875,51.131507873535156,182.5250244140625,0.7884281277656555
245,303.7434387207031,121.96329498291016,309.679931640625,129.340576171875,0.7836140990257263
245,432.53082275390625,331.4764099121094,437.6842041015625,339.19146728515625,0.7829698920249939
245,394.9813537597656,317.5006408691406,399.3970947265625,325.6563720703125,0.7735580801963806
245,386.6119079589844,48.11579513549805,392.24603271484375,55.585025787353516,0.7728828191757202
245,288.5895690917969,345.4446716308594,295.12054443359375,349.98052978515625,0.7705190777778625
245,517.0892944335938,335.66162109375,524.8867797851562,340.279052734375,0.7692587971687317
245,146.0431365966797,341.998046875,150.3179168701172,348.26275634765625,0.7595455050468445
245,261.75677490234375,346.44921875,269.19329833984375,350.7524719238281,0.7589438557624817
245,526.08251953125,229.0675811767578,530.4745483398438,237.7210693359375,0.7568479776382446
245,181.22715759277344,314.4940185546875,184.8057403564453,323.2014465332031,0.7515115141868591
245,398.5008850097656,347.5612487792969,404.09332275390625,352.36334228515625,0.7392075657844543
245,517.4459838867188,115.18756103515625,521.5769653320312,123.32344818115234,0.7304216027259827
245,674.793701171875,350.7525634765625,681.5406494140625,355.18170166015625,0.7282155156135559
245,389.097412109375,349.6682434082031,394.67864990234375,354.4031066894531,0.7254970669746399
245,504.9627685546875,347.3863220214844,510.4883117675781,351.4986572265625,0.7245085835456848
245,20.00471305847168,57.78563690185547,23.784902572631836,65.77112579345703,0.7232359647750854
245,648.3208618164062,346.37744140625,653.8244018554688,350.8858947753906,0.7214062213897705
245,612.4673461914062,258.8773193359375,616.5101928710938,265.23785400390625,0.7153420448303223
245,511.5098876953125,141.40216064453125,515.70068359375,147.7333221435547,0.7127500772476196
245,167.15725708007812,348.370849609375,173.94430541992188,353.408935546875,0.7081794738769531
245,159.82778930664062,347.0067138671875,168.09735107421875,351.4643249511719,0.6994968056678772
245,13.161589622497559,95.31224822998047,16.506521224975586,103.64401245117188,0.6985024213790894
245,369.2885437011719,190.656494140625,373.48455810546875,195.46173095703125,0.6981964111328125
245,272.6664733886719,344.60113525390625,280.0788269042969,348.7398986816406,0.6737256646156311
245,617.4216918945312,349.7727355957031,624.6016235351562,354.0298767089844,0.6020562052726746
245,622.444091796875,351.2610168457031,629.7823486328125,355.24029541015625,0.49448204040527344
245,6.59969425201416,346.4253234863281,11.130908966064453,350.76116943359375,0.4393407702445984
246,302.54779052734375,121.39297485351562,309.25274658203125,127.33845520019531,0.798737108707428
246,45.83451843261719,174.09854125976562,51.26591110229492,182.55905151367188,0.7921949625015259
246,387.62799072265625,46.36471939086914,393.09783935546875,54.303714752197266,0.7897492051124573
246,147.228515625,342.9308776855469,152.74713134765625,349.46612548828125,0.7849411368370056
246,429.6516418457031,338.8597717285156,436.97064208984375,342.5692138671875,0.7778109908103943
246,516.93896484375,335.66656494140625,524.9594116210938,340.2382507324219,0.7725325226783752
246,288.5668029785156,345.468994140625,295.1554870605469,350.00042724609375,0.7711143493652344
246,396.2619323730469,316.722900390625,400.4441223144531,324.8875427246094,0.7706888914108276
246,261.921142578125,346.428955078125,269.2784729003906,350.6931457519531,0.7531413435935974
246,526.3931884765625,228.0738067626953,530.6434326171875,236.5257568359375,0.7474966049194336
246,181.56671142578125,313.5821228027344,185.28228759765625,322.4786376953125,0.7419948577880859
246,389.50604248046875,349.4765319824219,394.9061584472656,353.91851806640625,0.7308670282363892
246,648.26611328125,346.3989562988281,653.72802734375,350.77008056640625,0.7252038717269897
246,20.123878479003906,57.749366760253906,23.8896484375,65.79202270507812,0.7219432592391968
246,398.6160583496094,347.6748962402344,404.08306884765625,352.1876525878906,0.7215384840965271
246,674.7366943359375,351.2401428222656,681.5765991210938,355.063720703125,0.7197532057762146
246,516.38671875,112.14788818359375,520.4788208007812,120.22789001464844,0.7125254273414612
246,369.09161376953125,190.4597930908203,373.27789306640625,195.3708038330078,0.7070983648300171
246,505.1240234375,347.0451965332031,510.31610107421875,351.2303771972656,0.7063611745834351
246,612.1018676757812,257.4801330566406,616.0169677734375,263.8168029785156,0.7023059129714966
246,13.281549453735352,95.3356704711914,16.58803939819336,103.62713623046875,0.6972370147705078
246,522.6716918945312,135.94744873046875,527.14892578125,140.7095489501953,0.69325852394104
246,617.7968139648438,349.36090087890625,624.5460815429688,353.7962951660156,0.6890906095504761
246,160.92001342773438,347.0008850097656,170.66078186035156,352.4715576171875,0.6878186464309692
246,272.76123046875,344.6247863769531,280.0496826171875,348.7319030761719,0.6597682237625122
246,6.669288635253906,346.4109802246094,11.204751968383789,350.7867736816406,0.537878155708313
246,622.9827880859375,351.16180419921875,629.848388671875,355.17535400390625,0.5330985188484192
247,45.803428649902344,174.11541748046875,51.24649429321289,182.58457946777344,0.7962763905525208
247,431.6451721191406,340.7256774902344,438.5022277832031,346.1541442871094,0.7911956906318665
247,396.6799011230469,315.0091552734375,400.856689453125,323.2044677734375,0.7812034487724304
247,520.908935546875,136.9298095703125,527.2070922851562,143.46775817871094,0.7810683250427246
247,301.6763916015625,120.74568939208984,307.8721923828125,126.62068939208984,0.7789523005485535
247,388.78643798828125,43.91388702392578,393.9016418457031,52.02287673950195,0.7735521197319031
247,288.5732116699219,345.47998046875,295.1187438964844,350.0063171386719,0.7734386920928955
247,161.5554962158203,346.8651123046875,171.07337951660156,352.4759826660156,0.772419273853302
247,516.91552734375,335.623779296875,524.7738037109375,340.2416687011719,0.7713117599487305
247,181.69447326660156,312.26446533203125,185.58425903320312,321.0655212402344,0.7684943079948425
247,148.8058319091797,342.6172180175781,154.98817443847656,348.5452575683594,0.758699893951416
247,261.88287353515625,346.3883972167969,269.32525634765625,350.71551513671875,0.7577428221702576
247,619.1368408203125,348.2089538574219,624.0350952148438,353.81610107421875,0.7538585662841797
247,515.4688720703125,109.97726440429688,519.8428344726562,118.22096252441406,0.7524546980857849
247,389.4226379394531,349.3962097167969,394.9013977050781,353.95947265625,0.7468851804733276
247,526.2940673828125,227.33111572265625,530.5911254882812,235.77764892578125,0.7444925904273987
247,398.68487548828125,347.5799560546875,404.03173828125,352.3348388671875,0.743930995464325
247,648.3408813476562,346.2831115722656,653.4735717773438,350.6822509765625,0.7301046252250671
247,674.525146484375,350.73846435546875,680.770263671875,354.5470886230469,0.7215380072593689
247,20.231369018554688,57.6967887878418,23.965978622436523,65.79295349121094,0.7188781499862671
247,504.8822937011719,347.3701171875,510.41644287109375,351.4558410644531,0.7154216170310974
247,611.6480712890625,256.0468444824219,615.4548950195312,262.50347900390625,0.7107078433036804
247,369.08746337890625,190.27328491210938,373.2916259765625,195.1950225830078,0.7044398188591003
247,13.292048454284668,95.34481048583984,16.603260040283203,103.630126953125,0.6975383758544922
247,623.7067260742188,351.03863525390625,629.0609130859375,355.1842041015625,0.6672689318656921
247,272.56097412109375,344.4898376464844,279.9516906738281,348.6448669433594,0.6353944540023804
247,6.810118675231934,346.502197265625,11.493720054626465,350.7718811035156,0.6168233752250671
248,45.879859924316406,174.1049346923828,51.268531799316406,182.40914916992188,0.7941766977310181
248,520.9705810546875,136.42530822753906,528.052001953125,142.75433349609375,0.7918380498886108
248,301.00091552734375,120.00645446777344,307.2872009277344,125.98411560058594,0.7844128012657166
248,181.5634307861328,311.3611145019531,185.47242736816406,320.00421142578125,0.7759309411048889
248,397.110107421875,313.4400939941406,401.08953857421875,322.498291015625,0.7757132649421692
248,525.9854736328125,225.76773071289062,530.5748291015625,234.28408813476562,0.7755053639411926
248,434.96978759765625,339.66168212890625,439.47564697265625,346.7951354980469,0.7747506499290466
248,389.95135498046875,41.79977035522461,394.2509765625,50.1540412902832,0.7703993320465088
248,516.9564208984375,335.6417541503906,524.7977294921875,340.2568359375,0.7667775750160217
248,288.6578369140625,345.4338684082031,295.024169921875,350.00128173828125,0.7591801285743713
248,261.99334716796875,346.43408203125,269.1854248046875,350.6531677246094,0.7545974254608154
248,398.81494140625,347.609375,404.137939453125,352.2785949707031,0.74120032787323
248,514.848876953125,107.64473724365234,519.2269897460938,115.74601745605469,0.7346093654632568
248,149.3963623046875,342.31524658203125,154.45391845703125,348.5884094238281,0.7342087626457214
248,619.0403442382812,348.093505859375,623.6582641601562,353.90850830078125,0.7335586547851562
248,389.5408935546875,349.25537109375,395.245361328125,353.690673828125,0.729869544506073
248,161.64923095703125,347.249267578125,170.56314086914062,352.60260009765625,0.7257456183433533
248,20.076557159423828,56.44028854370117,23.850868225097656,64.62399291992188,0.7203627824783325
248,611.5982055664062,254.2264862060547,615.4334106445312,261.0963134765625,0.7193314433097839
248,674.5003051757812,350.71331787109375,680.4722290039062,354.5221252441406,0.715981125831604
248,504.9101867675781,347.37823486328125,510.4100646972656,351.4453430175781,0.7153337001800537
248,648.0107421875,346.376220703125,653.0244750976562,350.725341796875,0.7121058106422424
248,368.9873962402344,189.96449279785156,373.2080078125,195.00941467285156,0.7082277536392212
248,13.316280364990234,95.02203369140625,16.646854400634766,103.44750213623047,0.6967583298683167
248,623.3876342773438,351.0257263183594,629.294677734375,355.2521057128906,0.6773653030395508
248,7.830366134643555,346.8096008300781,13.053709030151367,350.92962646484375,0.6672765016555786
248,273.024169921875,344.58929443359375,280.1924743652344,348.6670227050781,0.6452454328536987
249,45.82365036010742,174.11639404296875,51.326900482177734,182.44395446777344,0.7923256158828735
249,520.9185791015625,135.92022705078125,527.6728515625,142.6630096435547,0.7832615375518799
249,300.7395324707031,119.77977752685547,306.78369140625,125.72718048095703,0.7773804068565369
249,516.8626098632812,335.6041259765625,524.8325805664062,340.3215637207031,0.7757090926170349
249,526.1054077148438,224.51708984375,530.5935668945312,232.9624786376953,0.7737037539482117
249,397.3045959472656,312.61456298828125,401.28143310546875,320.717529296875,0.7693743109703064
249,390.7562561035156,38.79298400878906,394.6698913574219,47.58747482299805,0.7672221660614014
249,619.266357421875,348.6882629394531,628.0757446289062,354.986083984375,0.7660939693450928
249,430.8868408203125,341.1075134277344,438.2185363769531,344.97998046875,0.7638570666313171
249,513.8311157226562,105.45240020751953,518.28564453125,113.61216735839844,0.7626838088035583
249,288.4019470214844,345.4557189941406,294.9372253417969,349.9409484863281,0.7602065801620483
249,398.9137268066406,347.6249084472656,404.0172424316406,352.3248596191406,0.7577379941940308
249,181.5529327392578,309.7272033691406,185.35252380371094,318.4039306640625,0.7574671506881714
249,262.0164489746094,346.5705871582031,269.2494201660156,350.7554931640625,0.7522655725479126
249,161.48170471191406,334.136474609375,166.45811462402344,338.6983642578125,0.738903820514679
249,13.235078811645508,94.30847930908203,17.270681381225586,102.36009979248047,0.7307255268096924
249,20.418657302856445,54.68151092529297,24.16270637512207,63.2551383972168,0.7277704477310181
249,647.5880737304688,346.3289794921875,652.7988891601562,350.86566162109375,0.7266464829444885
249,389.4754333496094,348.99114990234375,394.99932861328125,353.6438293457031,0.7210990190505981
249,611.5664672851562,252.1936492919922,615.3973388671875,259.45758056640625,0.7210146188735962
249,505.2677917480469,346.9420471191406,510.3251647949219,351.240966796875,0.7193730473518372
249,369.075439453125,189.6206512451172,373.3730773925781,194.26026916503906,0.7106854915618896
249,159.1685333251953,347.2835998535156,166.1793670654297,352.2877197265625,0.7002728581428528
249,674.5460205078125,350.7357177734375,680.1561279296875,354.6076965332031,0.7002389430999756
249,9.222501754760742,346.7718200683594,14.199617385864258,350.92352294921875,0.6821824312210083
249,272.9791259765625,344.7109069824219,279.7638244628906,348.6326904296875,0.6413094401359558
249,164.18804931640625,348.01019287109375,170.68179321289062,353.2574462890625,0.6091760993003845
250,520.0099487304688,135.34622192382812,527.3090209960938,141.94862365722656,0.7996863126754761
250,45.860416412353516,174.10044860839844,51.37923049926758,182.39398193359375,0.7936953902244568
250,299.94317626953125,119.41887664794922,306.3526916503906,125.13169860839844,0.7835925221443176
250,262.0894470214844,346.6747131347656,269.40325927734375,350.90863037109375,0.7770622968673706
250,516.848388671875,335.640625,525.0050048828125,340.35693359375,0.7763431072235107
250,288.39080810546875,345.4998474121094,295.0308837890625,350.0660095214844,0.7645367383956909
250,434.1806335449219,338.9826354980469,441.6000671386719,343.2254333496094,0.7641217708587646
250,181.4936065673828,308.9615783691406,185.52114868164062,317.53765869140625,0.7622455954551697
250,526.4320678710938,223.0896453857422,530.8301391601562,231.6018829345703,0.7621296644210815
250,397.8659973144531,311.4291687011719,401.64215087890625,319.6605224609375,0.760749340057373
250,398.9502258300781,347.84130859375,404.0052795410156,352.4464416503906,0.7524482607841492
250,390.5545959472656,36.555442810058594,394.2833251953125,45.19955062866211,0.7513664960861206
250,512.7952880859375,103.87373352050781,517.0943603515625,111.89823913574219,0.748604953289032
250,619.3822021484375,349.8974609375,628.2933959960938,355.1385192871094,0.7472624182701111
250,646.8218383789062,346.4043273925781,652.8096923828125,351.0673828125,0.7409830689430237
250,390.0621337890625,348.95916748046875,395.2928771972656,353.4779357910156,0.7407443523406982
250,13.974239349365234,93.28997802734375,18.27227020263672,100.58949279785156,0.7355350255966187
250,20.7015323638916,52.06629943847656,24.31387710571289,60.60438537597656,0.7258458733558655
250,611.572265625,250.74716186523438,615.6708984375,257.9048156738281,0.7211957573890686
250,158.30133056640625,347.4985046386719,166.20867919921875,352.75665283203125,0.7195804119110107
250,505.3772888183594,346.7438659667969,510.40350341796875,351.2406311035156,0.7154604196548462
250,369.3830871582031,189.17469787597656,373.5094909667969,193.94461059570312,0.7069020867347717
250,161.7713623046875,342.5758361816406,168.6708526611328,347.9295959472656,0.6703249216079712
250,674.730224609375,350.7862243652344,679.601806640625,354.6736755371094,0.6679463386535645
250,271.3313903808594,345.0738525390625,278.3839111328125,349.04986572265625,0.6663763523101807
250,10.506028175354004,346.62139892578125,15.495596885681152,350.7514953613281,0.6515852808952332
250,164.3267364501953,348.5670471191406,171.37196350097656,354.4696044921875,0.6498904824256897
251,158.0087127685547,345.5572509765625,163.7129669189453,350.9250183105469,0.805199384689331
251,45.7741584777832,174.03968811035156,51.37556457519531,182.31309509277344,0.7949483394622803
251,299.603515625,119.45913696289062,306.24786376953125,125.06005859375,0.785904049873352
251,262.1070861816406,346.65057373046875,269.2326965332031,350.9565734863281,0.7797192335128784
251,516.903076171875,335.5890197753906,525.0068969726562,340.36407470703125,0.7758387923240662
251,436.0151672363281,341.8586730957031,440.6986389160156,349.74554443359375,0.773757815361023
251,526.8177490234375,221.94515991210938,531.236572265625,230.17759704589844,0.7682011127471924
251,181.6057586669922,307.6016845703125,185.61160278320312,316.5613708496094,0.7677541971206665
251,288.3263244628906,345.5596923828125,295.02069091796875,350.17645263671875,0.7674815058708191
251,398.3309631347656,309.9775695800781,402.1698303222656,318.1317443847656,0.7654869556427002
251,521.0888061523438,133.98736572265625,526.7017211914062,141.636962890625,0.7638453245162964
251,390.6761169433594,34.334476470947266,394.41448974609375,43.015804290771484,0.7563105821609497
251,15.169353485107422,92.27577209472656,20.088024139404297,99.57627868652344,0.7562333345413208
251,163.35025024414062,347.2332458496094,169.7229766845703,351.9886779785156,0.7534093260765076
251,511.5772705078125,101.85909271240234,516.0517578125,109.64423370361328,0.7484831213951111
251,20.649024963378906,48.98578643798828,24.376964569091797,57.652854919433594,0.745591402053833
251,399.1274719238281,347.7529296875,404.0113830566406,352.54974365234375,0.7425731420516968
251,390.4425354003906,348.8642272949219,395.5856628417969,353.32232666015625,0.7425708770751953
251,646.017578125,346.34051513671875,651.8313598632812,350.8770751953125,0.7416459918022156
251,505.1209716796875,346.8538818359375,510.4419250488281,351.23193359375,0.7299029231071472
251,611.7615356445312,249.18148803710938,615.6228637695312,256.4120178222656,0.7262955904006958
251,369.5353088378906,188.49066162109375,373.6914978027344,193.3668212890625,0.7168257832527161
251,674.7268676757812,350.7613830566406,679.4467163085938,354.58831787109375,0.6691902279853821
251,271.3946228027344,345.06854248046875,278.3359680175781,349.0835876464844,0.6672483682632446
251,11.82707405090332,346.82305908203125,16.726564407348633,350.96832275390625,0.66114741563797
251,622.0081176757812,350.1861572265625,629.1126098632812,355.4788513183594,0.6409791111946106
251,618.6377563476562,348.15283203125,624.0904541015625,353.8843688964844,0.6206842660903931
252,157.67654418945312,345.61285400390625,163.235595703125,351.07574462890625,0.805565595626831
252,45.793174743652344,174.14756774902344,51.39137268066406,182.28143310546875,0.79366534948349
252,299.5816345214844,119.24506378173828,306.196044921875,124.80657196044922,0.782244086265564
252,262.107421875,346.6970520019531,269.2308654785156,350.911865234375,0.7775468826293945
252,510.78424072265625,100.55799865722656,515.3211059570312,108.40027618408203,0.7771883606910706
252,435.5671691894531,342.16790771484375,439.86883544921875,350.0414733886719,0.7727554440498352
252,390.4767761230469,348.6862487792969,395.7464599609375,353.15533447265625,0.770595133304596
252,517.5484008789062,336.1707763671875,525.2434692382812,340.90704345703125,0.769987940788269
252,526.8643188476562,220.42601013183594,531.378173828125,228.7893524169922,0.768907368183136
252,288.79254150390625,345.61358642578125,295.5155334472656,350.12188720703125,0.7668855786323547
252,163.41433715820312,346.908203125,169.67697143554688,351.77252197265625,0.7656671404838562
252,398.734619140625,308.5551452636719,402.4604797363281,317.0091857910156,0.7604472637176514
252,181.65516662597656,306.58099365234375,185.45188903808594,315.2212219238281,0.758831262588501
252,15.913046836853027,91.38866424560547,20.91072654724121,98.62044525146484,0.7576457262039185
252,399.0694885253906,347.82757568359375,404.0400085449219,352.51983642578125,0.7476358413696289
252,389.9774475097656,32.36235809326172,393.8790588378906,41.045677185058594,0.7467066049575806
252,521.6253051757812,132.3494415283203,525.9437255859375,140.70889282226562,0.7374598979949951
252,645.6942749023438,346.1529235839844,651.2240600585938,350.6682434082031,0.7340422868728638
252,369.58599853515625,188.1763458251953,373.8130798339844,193.3587188720703,0.7332387566566467
252,505.0283508300781,347.36529541015625,510.4388427734375,351.3457336425781,0.7319461703300476
252,21.243539810180664,46.518802642822266,24.610746383666992,55.460811614990234,0.7306830883026123
252,611.7589111328125,247.70758056640625,615.5842895507812,254.77818298339844,0.7288774251937866
252,619.5026245117188,348.0462646484375,624.75927734375,354.0534362792969,0.7264967560768127
252,674.6177978515625,350.8074951171875,679.2237548828125,354.6844787597656,0.6774343848228455
252,12.618775367736816,347.1047668457031,17.408382415771484,351.18109130859375,0.6746504902839661
252,623.8031005859375,350.675048828125,630.3969116210938,355.4483947753906,0.6649212837219238
252,270.7831115722656,345.0526123046875,277.8588562011719,349.05377197265625,0.6441944241523743
253,156.67645263671875,345.6604919433594,162.04579162597656,351.1253356933594,0.8005385994911194
253,509.8682556152344,98.65074920654297,514.6675415039062,106.76625061035156,0.7970874309539795
253,45.78833770751953,174.13328552246094,51.44294738769531,182.28585815429688,0.796739399433136
253,390.465087890625,348.66961669921875,395.9696960449219,353.1334228515625,0.7823994755744934
253,262.07952880859375,346.6619567871094,269.38641357421875,350.8977355957031,0.7789438366889954
253,435.49285888671875,341.66644287109375,439.8410339355469,349.69647216796875,0.7774824500083923
253,517.7089233398438,336.6043701171875,525.4700927734375,341.2694091796875,0.7771822810173035
253,181.3724365234375,306.05426025390625,185.44871520996094,314.8881530761719,0.7745678424835205
253,163.43222045898438,346.8714904785156,169.3873748779297,351.8235168457031,0.7712305188179016
253,399.5410461425781,306.9467468261719,403.1076965332031,315.35791015625,0.7701723575592041
253,289.3102111816406,345.53955078125,296.1891784667969,350.1876220703125,0.7701272368431091
253,527.0308837890625,219.4824676513672,531.542724609375,227.47897338867188,0.7671494483947754
253,283.7330627441406,120.01162719726562,291.927734375,123.89191436767578,0.7670280933380127
253,390.0075988769531,30.188474655151367,393.8295593261719,39.188575744628906,0.7536433935165405
253,17.190418243408203,89.91717529296875,22.444393157958984,96.89602661132812,0.7515192627906799
253,398.9188232421875,347.8031921386719,404.0128173828125,352.5643310546875,0.7486534714698792
253,645.0587158203125,346.1447448730469,650.81201171875,350.4233093261719,0.7450741529464722
253,369.58624267578125,187.6356201171875,373.9083557128906,192.75123596191406,0.7359052896499634
253,21.427932739257812,44.76078414916992,25.104171752929688,53.518470764160156,0.7353547811508179
253,521.7054443359375,130.91650390625,525.9056396484375,139.44921875,0.7344740033149719
253,611.6254272460938,246.08335876464844,615.4065551757812,253.53297424316406,0.7332111597061157
253,617.8642578125,349.6891174316406,623.887451171875,353.8614196777344,0.7251477241516113
253,505.25311279296875,346.3121337890625,510.40814208984375,351.1003723144531,0.7143760323524475
253,674.6527709960938,350.81793212890625,679.2096557617188,354.7304382324219,0.696087658405304
253,270.4225769042969,345.0059814453125,277.46624755859375,349.04791259765625,0.6520326733589172
253,13.294156074523926,347.1194763183594,18.166526794433594,351.15167236328125,0.6366922855377197
253,625.2152099609375,350.69696044921875,632.31201171875,354.9533996582031,0.6244913339614868
254,156.23435974121094,345.4078674316406,162.54080200195312,350.7720642089844,0.822120189666748
254,180.81068420410156,305.91119384765625,185.63768005371094,313.75347900390625,0.8090023994445801
254,45.77499008178711,174.14060974121094,51.41653060913086,182.3307647705078,0.7984408736228943
254,262.0247497558594,346.7142028808594,269.4202880859375,350.9922790527344,0.7888026237487793
254,390.5491943359375,348.5334167480469,395.9341735839844,353.05181884765625,0.7861155271530151
254,163.13865661621094,347.1158447265625,169.59832763671875,351.8265380859375,0.7852204442024231
254,435.6700134277344,341.6929626464844,440.0043029785156,349.2795715332031,0.7768685817718506
254,389.1845703125,27.946096420288086,393.3601379394531,36.38818359375,0.7766149640083313
254,517.8495483398438,337.08465576171875,525.626708984375,341.80548095703125,0.7762221097946167
254,399.5362243652344,305.6651916503906,403.19854736328125,314.05706787109375,0.7750979661941528
254,509.201171875,96.89492797851562,513.318359375,104.76588439941406,0.7710034251213074
254,289.6611633300781,345.6019287109375,296.80438232421875,350.2995910644531,0.7680011987686157
254,21.325178146362305,41.652042388916016,25.40001678466797,50.541709899902344,0.7619902491569519
254,370.3521728515625,186.37229919433594,374.75262451171875,192.216796875,0.7594894170761108
254,527.6473999023438,217.9519805908203,531.8206176757812,226.1165313720703,0.7582966089248657
254,644.6279296875,345.7008056640625,650.4264526367188,350.3749694824219,0.7571684122085571
254,399.0333251953125,347.88092041015625,404.0225830078125,352.5961608886719,0.7545803189277649
254,18.71523094177246,88.8617935180664,23.747716903686523,95.7782974243164,0.7541404962539673
254,618.4752807617188,349.52264404296875,625.1163330078125,353.7509460449219,0.7480587363243103
254,611.8214721679688,244.70404052734375,615.4835205078125,252.26339721679688,0.74413001537323
254,521.9064331054688,129.31488037109375,526.0211791992188,137.94302368164062,0.7344518303871155
254,247.11695861816406,114.32894897460938,250.9901885986328,121.83195495605469,0.7286426424980164
254,505.2108154296875,346.787353515625,510.4228210449219,351.1588134765625,0.7220898866653442
254,625.9164428710938,350.3172302246094,632.1409912109375,354.82611083984375,0.6745600700378418
254,674.1433715820312,350.8454284667969,678.8387451171875,354.6146240234375,0.6710221767425537
254,14.66765308380127,347.21044921875,19.677759170532227,351.0809631347656,0.6663962006568909
254,270.4407958984375,344.98223876953125,277.43426513671875,349.0665588378906,0.6562541723251343
255,179.99729919433594,304.79461669921875,185.11155700683594,312.794677734375,0.8138511776924133
255,45.80194854736328,174.1174774169922,51.4658088684082,182.29356384277344,0.7984004020690918
255,155.34994506835938,345.1485595703125,162.131103515625,350.3392333984375,0.7964162826538086
255,390.5729675292969,348.52569580078125,395.88507080078125,353.0273132324219,0.7851876616477966
255,262.2799987792969,346.7371826171875,269.5930480957031,350.9512939453125,0.7818025350570679
255,399.5897521972656,303.9625244140625,403.4990539550781,312.377197265625,0.7768386006355286
255,517.9254760742188,337.58770751953125,525.8716430664062,342.66748046875,0.7753282785415649
255,388.1954040527344,25.91954231262207,392.5667419433594,34.174713134765625,0.7737514972686768
255,289.864501953125,345.5831298828125,297.0040283203125,350.4754638671875,0.7698169350624084
255,19.79886817932129,87.83164978027344,25.655336380004883,94.04331970214844,0.7691554427146912
255,370.419677734375,185.39308166503906,375.0194396972656,191.79006958007812,0.7639166712760925
255,162.75860595703125,345.78857421875,168.74549865722656,351.6145324707031,0.7629715204238892
255,507.6009216308594,94.70047760009766,511.90643310546875,102.01139068603516,0.7624861598014832
255,259.9728088378906,121.58283233642578,265.3046875,127.74285888671875,0.7624197602272034
255,435.3255310058594,342.28887939453125,439.3689270019531,349.3268127441406,0.7609601020812988
255,399.1007080078125,347.8699645996094,404.0472106933594,352.6028137207031,0.7548097372055054
255,21.511192321777344,39.16822052001953,25.336971282958984,47.97970199584961,0.7545447945594788
255,619.08056640625,347.03912353515625,624.3521728515625,353.2618103027344,0.7539845108985901
255,527.5569458007812,216.38845825195312,531.8502807617188,224.67735290527344,0.7539337873458862
255,627.4292602539062,349.70953369140625,633.5210571289062,354.7183532714844,0.7535020112991333
255,644.6152954101562,345.51580810546875,650.1906127929688,350.1957702636719,0.7528205513954163
255,522.1830444335938,127.36100769042969,526.0625610351562,136.03338623046875,0.7438123226165771
255,611.6314086914062,243.590576171875,615.4273681640625,250.81585693359375,0.735625684261322
255,505.14398193359375,347.4460754394531,510.35125732421875,351.4571533203125,0.7175155878067017
255,16.280725479125977,347.073486328125,21.22747039794922,351.0034484863281,0.6749982237815857
255,673.9454956054688,350.7701110839844,678.5593872070312,354.51416015625,0.6655053496360779
255,270.5249328613281,344.9512939453125,277.3391418457031,349.02532958984375,0.6622130870819092
256,45.76351547241211,174.03125,51.51655960083008,182.2781524658203,0.8016892075538635
256,179.47100830078125,303.9895935058594,184.60409545898438,311.7393493652344,0.7879960536956787
256,387.57806396484375,23.35544776916504,392.33392333984375,31.464616775512695,0.7874768376350403
256,390.67108154296875,348.58660888671875,395.9327392578125,353.0422668457031,0.7821096777915955
256,517.8490600585938,337.6648254394531,525.8583984375,342.6924133300781,0.7815124988555908
256,399.9039001464844,302.3536376953125,404.0616455078125,310.74285888671875,0.7812609076499939
256,505.5473937988281,93.06355285644531,510.7804260253906,99.1755142211914,0.7773758172988892
256,262.1346435546875,346.77276611328125,269.452880859375,351.025634765625,0.7772803902626038
256,20.84732437133789,88.74360656738281,27.859914779663086,93.46654510498047,0.7691806554794312
256,370.89532470703125,184.55850219726562,375.474853515625,190.91481018066406,0.767077624797821
256,522.0328979492188,125.69072723388672,525.9141235351562,134.21946716308594,0.7654677033424377
256,527.5901489257812,214.96165466308594,531.8080444335938,223.53207397460938,0.7641132473945618
256,435.582763671875,342.3167724609375,439.6962585449219,349.1065979003906,0.7632774710655212
256,22.130088806152344,36.4113883972168,26.120487213134766,45.24551010131836,0.7621533274650574
256,160.67164611816406,312.2505187988281,164.2425079345703,319.1815185546875,0.7557951211929321
256,290.33343505859375,345.53131103515625,297.677001953125,350.4350891113281,0.752606213092804
256,399.1425476074219,347.8076171875,404.119384765625,352.53021240234375,0.7482727766036987
256,644.46875,345.5100402832031,650.0750122070312,350.1466369628906,0.743839681148529
256,617.5156860351562,347.38995361328125,623.2684936523438,351.6860046386719,0.7376741766929626
256,611.7515258789062,242.1475830078125,615.5064086914062,249.43002319335938,0.735220730304718
256,505.13616943359375,347.3939514160156,510.37298583984375,351.41253662109375,0.7183938026428223
256,267.7133483886719,113.44652557373047,271.9506530761719,118.88982391357422,0.7152498364448547
256,628.2999267578125,349.8205261230469,635.4458618164062,354.2064208984375,0.6803110837936401
256,270.3787841796875,345.0026550292969,277.4000549316406,349.1148376464844,0.6623958945274353
256,18.206727981567383,346.96673583984375,23.02647590637207,350.8766174316406,0.6599346399307251
256,673.7811279296875,350.81903076171875,678.2461547851562,354.40625,0.6527754068374634
256,157.79061889648438,345.8503723144531,164.30807495117188,352.1216735839844,0.6409236192703247
256,152.44456481933594,345.0075378417969,159.25875854492188,350.4134216308594,0.5871079564094543
257,158.50735473632812,344.793701171875,163.30291748046875,351.789306640625,0.8091714382171631
257,45.70982360839844,173.99371337890625,51.45798110961914,182.19076538085938,0.8061854839324951
257,503.64990234375,90.91466522216797,508.9999694824219,97.82347106933594,0.7965337634086609
257,179.31826782226562,303.5667419433594,184.54531860351562,311.15875244140625,0.796355664730072
257,517.7869262695312,337.6635437011719,525.8110961914062,342.7310485839844,0.7884014248847961
257,155.3904266357422,306.5699462890625,159.51878356933594,314.9418029785156,0.7883753180503845
257,22.670196533203125,87.88273620605469,29.51458740234375,92.79254150390625,0.7860662937164307
257,400.19317626953125,301.1177978515625,404.4026184082031,309.4840393066406,0.7829200029373169
257,386.60882568359375,21.494590759277344,391.1679382324219,29.830780029296875,0.7816781997680664
257,390.6807861328125,348.58966064453125,395.9240417480469,353.08319091796875,0.7811673879623413
257,371.4001159667969,183.54148864746094,376.50762939453125,190.0824737548828,0.7804745435714722
257,262.07073974609375,346.8266906738281,269.3441162109375,351.0782165527344,0.7784555554389954
257,435.64111328125,342.5546875,439.79345703125,349.3523864746094,0.7710304856300354
257,264.01361083984375,117.42638397216797,268.3793640136719,124.98741149902344,0.7684802412986755
257,527.7279052734375,213.89511108398438,531.7694091796875,222.1445770263672,0.7672741413116455
257,22.819063186645508,33.70036697387695,26.93708610534668,41.81025695800781,0.7658042907714844
257,521.8660278320312,123.6592788696289,525.8347778320312,132.224365234375,0.7638871073722839
257,290.8287353515625,345.5762023925781,298.044677734375,350.5500183105469,0.7553552389144897
257,399.10394287109375,347.80230712890625,404.0643310546875,352.5899658203125,0.7495569586753845
257,611.9389038085938,240.94772338867188,615.774658203125,247.61764526367188,0.748558759689331
257,644.4959716796875,345.5679931640625,649.9138793945312,350.17816162109375,0.7395003437995911
257,618.5352783203125,348.23956298828125,624.2833862304688,352.3329162597656,0.7246877551078796
257,20.05691146850586,346.7228088378906,25.133928298950195,350.697021484375,0.7165241837501526
257,152.1683807373047,344.7348937988281,158.50430297851562,349.67596435546875,0.7162765860557556
257,505.50048828125,347.15692138671875,510.4666748046875,351.402587890625,0.707139790058136
257,673.6159057617188,350.80328369140625,677.8858642578125,354.4962463378906,0.6682842373847961
257,270.29119873046875,345.0228271484375,277.27764892578125,349.125732421875,0.6675938367843628
257,628.67724609375,349.75469970703125,635.1980590820312,353.8336181640625,0.6220115423202515
258,45.687068939208984,173.9749755859375,51.434112548828125,182.13546752929688,0.8036379218101501
258,501.983154296875,89.28187561035156,507.7709655761719,95.94895935058594,0.7955750226974487
258,517.716796875,337.6263732910156,525.9921875,342.94219970703125,0.793667197227478
258,179.26707458496094,302.7589111328125,184.58460998535156,310.4066162109375,0.7888318300247192
258,400.70330810546875,299.677978515625,404.74853515625,308.96612548828125,0.7883939146995544
258,262.962646484375,152.46534729003906,267.9500732421875,160.12318420410156,0.7876154184341431
258,386.1427307128906,19.364320755004883,390.6737976074219,27.99938201904297,0.787521481513977
258,155.8770751953125,306.37774658203125,159.94467163085938,314.961181640625,0.7821563482284546
258,371.6969909667969,182.5820770263672,376.7731628417969,189.50668334960938,0.7809925079345703
258,390.70098876953125,348.5555725097656,395.8717041015625,353.0520324707031,0.7799507975578308
258,262.20465087890625,346.705322265625,269.616455078125,351.0583801269531,0.7756216526031494
258,24.360149383544922,86.76567077636719,31.05540657043457,91.73802185058594,0.7753409743309021
258,527.7874755859375,212.76536560058594,532.0114135742188,221.03216552734375,0.7725725173950195
258,435.6294250488281,342.54656982421875,439.7685852050781,349.3639831542969,0.7704272866249084
258,522.1702880859375,121.2637710571289,526.3662109375,130.05645751953125,0.7668116092681885
258,150.77301025390625,345.63165283203125,157.40509033203125,352.5386657714844,0.7645145654678345
258,291.175048828125,345.51611328125,298.3976135253906,350.5810241699219,0.7644567489624023
258,24.074886322021484,31.346372604370117,28.1070556640625,39.55515670776367,0.7634958624839783
258,611.6633911132812,239.75613403320312,615.7066650390625,246.37203979492188,0.7498992085456848
258,644.4609985351562,345.54730224609375,649.8314208984375,350.2496032714844,0.7471469044685364
258,399.0519104003906,347.8429260253906,403.96820068359375,352.60589599609375,0.7452589869499207
258,618.856201171875,348.3480224609375,624.8121948242188,352.4971008300781,0.7297635078430176
258,21.68099021911621,346.6368713378906,27.555870056152344,350.67608642578125,0.7290435433387756
258,505.52197265625,347.1419372558594,510.45806884765625,351.47174072265625,0.7034815549850464
258,673.5980834960938,350.7893371582031,677.9043579101562,354.540283203125,0.6692867279052734
258,270.08099365234375,344.9956359863281,277.11572265625,349.19256591796875,0.6597785353660583
258,629.201171875,349.75982666015625,635.1685180664062,353.6761779785156,0.6423006057739258
259,45.74333953857422,173.94932556152344,51.428340911865234,182.16433715820312,0.8019528985023499
259,518.4966430664062,337.9012756347656,526.4356689453125,343.4538269042969,0.7989645004272461
259,385.1976318359375,17.248640060424805,389.9701843261719,25.630891799926758,0.7965143322944641
259,146.50108337402344,348.60968017578125,153.7858428955078,353.0611877441406,0.7942084074020386
259,178.9678192138672,301.4029541015625,184.23643493652344,309.3693542480469,0.7888994812965393
259,24.7227783203125,28.99378204345703,29.531984329223633,36.301517486572266,0.7865671515464783
259,155.78265380859375,305.7932434082031,159.82070922851562,314.537109375,0.7836127281188965
259,400.98431396484375,299.4048767089844,405.385986328125,307.6842041015625,0.7815173268318176
259,25.449148178100586,86.32328796386719,32.49656295776367,91.35320281982422,0.77738356590271
259,371.8744812011719,182.22314453125,376.8045959472656,189.0348358154297,0.7757420539855957
259,291.3260498046875,345.6232604980469,298.40765380859375,350.60888671875,0.7747666835784912
259,435.623291015625,342.7381286621094,439.9168395996094,349.6775207519531,0.7746327519416809
259,501.0401916503906,88.26543426513672,505.9455261230469,94.66960144042969,0.7721024751663208
259,390.64105224609375,348.5844421386719,395.8111877441406,353.07244873046875,0.7712484002113342
259,527.8194580078125,210.80311584472656,531.9445190429688,219.17152404785156,0.7697279453277588
259,271.26751708984375,329.00946044921875,274.6775207519531,337.57928466796875,0.7666698694229126
259,262.1450500488281,347.0328674316406,268.8062438964844,351.1690673828125,0.7660015821456909
259,276.2210998535156,195.90415954589844,280.1621398925781,204.58917236328125,0.7643844485282898
259,644.4249877929688,345.5967102050781,649.7310180664062,350.2039489746094,0.751914918422699
259,399.0968933105469,347.8181457519531,404.0130920410156,352.5673828125,0.7489305734634399
259,522.3037719726562,119.06578826904297,526.4111938476562,127.7975845336914,0.7482199668884277
259,149.07373046875,345.4048767089844,156.09535217285156,349.9490966796875,0.7465491890907288
259,611.789306640625,238.18621826171875,615.7139892578125,245.37486267089844,0.7456536293029785
259,24.16617202758789,346.5868835449219,30.055267333984375,350.4159851074219,0.7353671193122864
259,505.4222106933594,347.26617431640625,510.5385437011719,351.4722900390625,0.7048664093017578
259,619.9183349609375,348.6890869140625,624.7398681640625,352.6605529785156,0.7038129568099976
259,629.0742797851562,349.9019470214844,635.1176147460938,353.76983642578125,0.6913666725158691
259,673.65380859375,350.7856750488281,677.8950805664062,354.50665283203125,0.687136173248291
260,518.8052368164062,337.8693542480469,526.4451293945312,344.1579895019531,0.8040133118629456
260,45.75727081298828,173.93605041503906,51.54485321044922,182.1116943359375,0.8009958267211914
260,255.48207092285156,217.2594451904297,261.86993408203125,223.57290649414062,0.798714816570282
260,401.2542419433594,298.99822998046875,406.3128662109375,306.84722900390625,0.7926560640335083
260,25.6649227142334,26.35285186767578,30.308671951293945,34.43999481201172,0.7895116806030273
260,390.6676940917969,348.7336730957031,395.7991638183594,353.21807861328125,0.7888979911804199
260,384.1763610839844,15.209813117980957,388.9908447265625,23.17242431640625,0.7873985767364502
260,277.6295166015625,278.6463317871094,281.78997802734375,288.80194091796875,0.7825749516487122
260,178.42605590820312,300.79376220703125,183.71014404296875,308.45538330078125,0.7822900414466858
260,291.3908996582031,345.5885314941406,298.4971618652344,350.59771728515625,0.7810959219932556
260,261.9622802734375,346.91162109375,269.29656982421875,351.1934814453125,0.7770897150039673
260,26.247474670410156,85.48197937011719,33.31406784057617,90.55634307861328,0.775484561920166
260,371.9233703613281,181.65240478515625,376.888916015625,188.7601318359375,0.7750057578086853
260,155.5395050048828,304.9617614746094,159.76736450195312,313.63311767578125,0.7731530666351318
260,435.7001647949219,342.50482177734375,440.05938720703125,349.4327697753906,0.7718139886856079
260,499.3782653808594,86.42263793945312,504.3860778808594,92.73900604248047,0.7657654881477356
260,527.9728393554688,209.3565673828125,532.2854614257812,217.58587646484375,0.759800374507904
260,26.003341674804688,346.6648864746094,32.3310661315918,350.64251708984375,0.7518793344497681
260,611.8836059570312,237.12037658691406,616.1423950195312,244.0712127685547,0.7485373616218567
260,522.7312622070312,116.81771850585938,526.4893798828125,125.56243896484375,0.7455089092254639
260,398.9941711425781,347.7566833496094,403.695556640625,352.5924072265625,0.7428284287452698
260,644.2623291015625,345.7129211425781,649.5798950195312,350.3570251464844,0.7383127212524414
260,629.473876953125,349.6866455078125,635.6085815429688,353.760498046875,0.7299513220787048
260,669.161865234375,343.8924560546875,674.6058349609375,349.083984375,0.7174227237701416
260,505.47454833984375,347.3122253417969,510.56256103515625,351.53662109375,0.707956850528717
260,619.9082641601562,348.687255859375,624.679443359375,352.7333679199219,0.7048557996749878
260,144.73538208007812,348.2489318847656,152.111328125,353.06744384765625,0.6942402124404907
260,149.22662353515625,345.3956298828125,155.45791625976562,350.7738037109375,0.6930081844329834
261,519.378173828125,337.8619384765625,526.469482421875,344.7673034667969,0.8035001158714294
261,45.7547721862793,174.00177001953125,51.531734466552734,182.12132263183594,0.8027145862579346
261,146.5655517578125,346.02996826171875,153.7021026611328,351.6103515625,0.7992860078811646
261,401.8345031738281,297.94964599609375,407.02337646484375,305.0863037109375,0.795720100402832
261,26.90981674194336,25.032411575317383,31.892024993896484,32.681434631347656,0.7909427285194397
261,383.81292724609375,13.787467956542969,388.7601623535156,21.34259796142578,0.7890171408653259
261,178.13978576660156,299.6556091308594,183.41709899902344,307.67547607421875,0.7874392867088318
261,291.56378173828125,345.58453369140625,298.4749755859375,350.6455078125,0.7866849303245544
261,390.7231750488281,348.6908264160156,396.0505065917969,353.20684814453125,0.7829540967941284
261,154.83995056152344,304.6855773925781,159.14288330078125,313.36944580078125,0.7815245389938354
261,27.146318435668945,84.79270935058594,34.223777770996094,89.89524841308594,0.780517578125
261,261.95062255859375,346.9376220703125,269.1158142089844,351.16241455078125,0.7776564359664917
261,371.9755554199219,181.48013305664062,376.8375549316406,188.50367736816406,0.7758784890174866
261,497.8737487792969,85.76348114013672,502.9301452636719,91.810791015625,0.7726162075996399
261,435.6783447265625,342.37060546875,439.9910583496094,349.40826416015625,0.7717213034629822
261,522.8749389648438,115.24492645263672,526.7728881835938,123.98329162597656,0.7652523517608643
261,528.1481323242188,208.11451721191406,532.43359375,216.14039611816406,0.7651441097259521
261,253.9878692626953,217.3843231201172,258.62567138671875,226.2573699951172,0.7644206881523132
261,294.6196594238281,223.47665405273438,299.0787048339844,232.61143493652344,0.762863278388977
261,28.368837356567383,346.6634216308594,34.35169982910156,350.6075439453125,0.7492312788963318
261,399.0397033691406,347.7286376953125,403.8724365234375,352.6024169921875,0.7417681217193604
261,611.7385864257812,236.10302734375,615.779052734375,243.09640502929688,0.7313410639762878
261,628.8389282226562,349.53955078125,635.6483764648438,353.7302551269531,0.7074630260467529
261,505.5574951171875,347.3021240234375,510.61724853515625,351.5630187988281,0.7021868824958801
261,619.8452758789062,348.6605224609375,624.8435668945312,352.743408203125,0.6820939183235168
261,641.2696533203125,343.47137451171875,646.0779418945312,350.6517028808594,0.63324373960495
261,645.691650390625,345.5884094238281,650.7052612304688,350.8812561035156,0.5186934471130371
261,645.531005859375,344.8983154296875,650.9757690429688,350.8074645996094,0.4501284062862396
262,45.77314758300781,174.07650756835938,51.56126022338867,182.16812133789062,0.805043637752533
262,519.4132080078125,338.1405029296875,526.2045288085938,345.076171875,0.8015629649162292
262,28.756511688232422,23.852479934692383,34.892452239990234,29.880617141723633,0.801404595375061
262,146.92929077148438,346.1334533691406,153.6028289794922,352.0747985839844,0.8008518815040588
262,291.81585693359375,345.5810241699219,298.5399475097656,350.8511657714844,0.7949460744857788
262,402.988525390625,297.263671875,408.38836669921875,303.993896484375,0.7938989400863647
262,27.77692222595215,84.22494506835938,35.190452575683594,89.48648071289062,0.7892549633979797
262,177.6775360107422,298.1676940917969,183.0612030029297,305.88958740234375,0.787864089012146
262,390.68865966796875,348.7300720214844,396.0970458984375,353.3162841796875,0.7877393364906311
262,262.0055236816406,346.95361328125,269.1155090332031,351.16046142578125,0.778035581111908
262,153.518798828125,304.51458740234375,157.92103576660156,313.03936767578125,0.777449369430542
262,30.420928955078125,346.63543701171875,37.01254653930664,350.61846923828125,0.7713126540184021
262,297.663818359375,174.05517578125,301.5947570800781,182.58412170410156,0.7695268392562866
262,435.81243896484375,341.8421325683594,440.0339660644531,349.2564392089844,0.769045889377594
262,372.0695495605469,181.43118286132812,376.8227844238281,188.4686737060547,0.768273115158081
262,253.96200561523438,217.46005249023438,258.4316711425781,226.23434448242188,0.767419159412384
262,496.77447509765625,84.74595642089844,501.5245056152344,90.84879302978516,0.7612519860267639
262,522.6285400390625,112.73792266845703,526.680908203125,121.4272232055664,0.7587940692901611
262,528.0923461914062,205.904296875,532.2484741210938,214.38619995117188,0.7525144219398499
262,611.850830078125,235.03768920898438,616.1013793945312,241.72869873046875,0.7519763708114624
262,383.3268127441406,11.696316719055176,387.887451171875,19.349878311157227,0.7514516711235046
262,398.9502868652344,347.6420593261719,403.8415832519531,352.553955078125,0.7468762397766113
262,645.1017456054688,345.74017333984375,650.4028930664062,350.2499084472656,0.739307701587677
262,631.0439453125,341.7999267578125,637.8641967773438,346.6022644042969,0.7376188635826111
262,505.6319274902344,347.07275390625,510.7326354980469,351.6756896972656,0.6968756914138794
262,630.05078125,349.7080383300781,635.7791748046875,353.7976989746094,0.6883741021156311
262,620.634033203125,348.8570861816406,625.1278076171875,353.04705810546875,0.6673471331596375
263,278.0021057128906,128.8339385986328,284.0638732910156,139.2705078125,0.8119372725486755
263,30.495912551879883,23.20914077758789,37.929264068603516,28.387039184570312,0.804470956325531
263,45.739688873291016,174.0084991455078,51.601104736328125,182.15853881835938,0.8012161254882812
263,519.5204467773438,338.4051513671875,526.300537109375,345.26123046875,0.7993788123130798
263,404.0207824707031,296.89178466796875,409.4162292480469,303.98065185546875,0.7944995760917664
263,177.11968994140625,296.981689453125,182.5349578857422,304.81097412109375,0.793860673904419
263,292.0008544921875,345.5569152832031,298.6604919433594,350.9036560058594,0.7932467460632324
263,390.6705322265625,348.6654052734375,396.1473388671875,353.28369140625,0.7920525670051575
263,27.873313903808594,83.6540298461914,35.353267669677734,88.98817443847656,0.7913433909416199
263,152.4131317138672,303.9939880371094,156.9620819091797,312.2603454589844,0.7844470143318176
263,146.9684600830078,346.07452392578125,153.7145538330078,352.032470703125,0.7831616997718811
263,381.9073181152344,176.583251953125,388.5625305175781,181.1235809326172,0.7794119119644165
263,261.9993591308594,346.96063232421875,269.1313781738281,351.1481628417969,0.7781558036804199
263,253.74974060058594,217.30613708496094,258.4200439453125,226.043212890625,0.7732088565826416
263,435.80462646484375,341.5997619628906,440.06982421875,349.1614990234375,0.770693838596344
263,32.425724029541016,346.7097473144531,38.565887451171875,350.8302307128906,0.760412335395813
263,612.0623168945312,234.72024536132812,616.4940185546875,241.2554168701172,0.7557975649833679
263,528.2144165039062,204.17025756835938,532.431884765625,212.58349609375,0.7540348768234253
263,522.7698974609375,110.74826049804688,526.7981567382812,119.3892822265625,0.753706157207489
263,644.5153198242188,345.66009521484375,650.055908203125,350.3259582519531,0.7482268810272217
263,382.5611267089844,6.8067216873168945,387.23388671875,16.712060928344727,0.7474059462547302
263,398.9146728515625,347.6170349121094,403.7038879394531,352.5738830566406,0.7442306876182556
263,495.5126647949219,85.28439331054688,500.38360595703125,89.72203063964844,0.7368864417076111
263,505.05902099609375,347.4271240234375,510.6048583984375,351.6515197753906,0.7280272841453552
263,615.732421875,328.1795654296875,619.8494262695312,333.0904846191406,0.7009978890419006
263,630.0126342773438,350.023193359375,635.4534301757812,353.8587646484375,0.699017345905304
263,620.5239868164062,349.0271911621094,625.0040283203125,352.9649658203125,0.6828199625015259
264,45.80727767944336,174.02877807617188,51.58156204223633,182.11343383789062,0.8053710460662842
264,519.520751953125,338.4526062011719,526.2977905273438,345.22369384765625,0.8043276071548462
264,33.32208251953125,23.20235252380371,40.85325241088867,28.18492889404297,0.8009359836578369
264,404.9501647949219,295.7302551269531,410.48004150390625,303.1549377441406,0.8006986975669861
264,176.8991241455078,296.04913330078125,181.9486846923828,304.1183166503906,0.7976031303405762
264,29.03520393371582,82.87419128417969,36.395870208740234,88.05003356933594,0.7953450083732605
264,292.20489501953125,345.6414794921875,298.9665832519531,350.8961181640625,0.7934219837188721
264,146.81520080566406,345.8117370605469,153.26486206054688,352.3204040527344,0.7933588027954102
264,151.4912109375,303.9588928222656,156.6430206298828,311.6527099609375,0.7912595868110657
264,390.72650146484375,348.7945861816406,396.1110534667969,353.4102783203125,0.7852336764335632
264,261.9353332519531,346.96282958984375,269.1290588378906,351.2447814941406,0.7823538184165955
264,611.9312744140625,234.12274169921875,616.6664428710938,240.88070678710938,0.7807144522666931
264,253.78309631347656,217.41387939453125,258.41619873046875,226.359130859375,0.7780818939208984
264,405.1329345703125,163.19187927246094,409.9919738769531,171.2142333984375,0.7721078395843506
264,436.0677795410156,341.1209716796875,440.48712158203125,348.6669921875,0.7703732848167419
264,528.7543334960938,202.4071044921875,532.8248291015625,210.9622344970703,0.7647958993911743
264,628.1552124023438,340.13812255859375,633.0263671875,346.57666015625,0.7640177607536316
264,263.51873779296875,89.33983612060547,267.9093933105469,97.18689727783203,0.7592927813529968
264,34.508338928222656,346.8898010253906,40.80789566040039,350.9199523925781,0.7539941668510437
264,522.7395629882812,108.87265014648438,526.7798461914062,117.77401733398438,0.7535337805747986
264,645.058837890625,345.84368896484375,650.2208251953125,350.23187255859375,0.7501225471496582
264,398.7333679199219,347.5993347167969,403.5868835449219,352.4974060058594,0.7401522397994995
264,505.01019287109375,347.4348449707031,510.6952209472656,351.6986999511719,0.7367144823074341
264,382.4472961425781,6.451447486877441,386.48809814453125,14.249652862548828,0.7334965467453003
264,494.3229064941406,86.0251693725586,499.6354064941406,90.04305267333984,0.7141277194023132
264,630.3577880859375,350.0364685058594,635.4046020507812,354.1139831542969,0.6965442895889282
264,620.5343627929688,349.1078186035156,625.1751708984375,353.207275390625,0.695362389087677
265,405.7320251464844,294.7938537597656,411.4669189453125,302.122802734375,0.8079022169113159
265,176.1061248779297,294.96527099609375,181.52867126464844,302.6414489746094,0.8026019930839539
265,30.000593185424805,82.10340118408203,37.37094497680664,87.39224243164062,0.8020949959754944
265,147.0452117919922,345.8582458496094,153.8642120361328,351.94775390625,0.8016395568847656
265,45.81630325317383,173.97511291503906,51.34265899658203,182.12713623046875,0.7977723479270935
265,519.4389038085938,338.4648742675781,526.1589965820312,345.1728210449219,0.7973784804344177
265,35.25570297241211,22.45676612854004,42.835716247558594,27.095054626464844,0.7958886027336121
265,292.2887268066406,345.6719055175781,299.4672546386719,350.7859802246094,0.7902557253837585
265,151.04855346679688,303.7087707519531,156.13726806640625,311.4154052734375,0.7860239744186401
265,611.717041015625,233.16123962402344,616.3688354492188,239.84695434570312,0.7803266048431396
265,261.93597412109375,346.9029541015625,269.11883544921875,351.20947265625,0.7799244523048401
265,390.7379455566406,348.81878662109375,396.0677185058594,353.419677734375,0.7782022953033447
265,253.7825927734375,217.43698120117188,258.3916015625,226.34585571289062,0.7739038467407227
265,35.61174774169922,347.2762145996094,42.40575408935547,351.4154968261719,0.7685192227363586
265,436.0941162109375,340.44659423828125,440.5006103515625,347.9139709472656,0.7670705318450928
265,528.7960815429688,200.83642578125,532.9740600585938,209.23910522460938,0.7646018862724304
265,272.8656921386719,89.49547576904297,278.5365905761719,94.41200256347656,0.749148428440094
265,402.0666198730469,166.1103973388672,407.009521484375,171.65478515625,0.7477779984474182
265,398.81158447265625,347.6956481933594,403.5870056152344,352.51910400390625,0.7391756176948547
265,522.4974975585938,106.95453643798828,526.5888671875,115.75782775878906,0.7381916642189026
265,644.31640625,345.2327575683594,649.6986694335938,350.3411560058594,0.7315367460250854
265,504.9489440917969,347.4679260253906,510.6068115234375,351.7111511230469,0.7294535636901855
265,382.21661376953125,6.737317085266113,386.36590576171875,13.794797897338867,0.7223063707351685
265,493.316650390625,86.3847427368164,498.32489013671875,90.99676513671875,0.70052170753479
265,620.836181640625,349.159912109375,626.0420532226562,353.57220458984375,0.6826023459434509
265,636.50439453125,346.2879333496094,642.4556274414062,352.2944030761719,0.682091474533081
265,631.278564453125,348.7527770996094,637.7318725585938,353.8197021484375,0.6315789818763733
266,36.945068359375,21.65565299987793,45.18655014038086,26.717788696289062,0.8122082948684692
266,147.23475646972656,345.81610107421875,154.8941192626953,351.8359069824219,0.8067106604576111
266,406.961181640625,294.3913879394531,412.5165100097656,301.8553466796875,0.8029411435127258
266,30.680267333984375,81.32176208496094,38.078399658203125,86.62870025634766,0.8009690642356873
266,175.53485107421875,293.7041320800781,181.17770385742188,301.4520568847656,0.8005443215370178
266,519.6234130859375,338.40069580078125,526.6840209960938,345.3006591796875,0.79816734790802
266,45.812400817871094,173.9469757080078,51.39088821411133,182.09300231933594,0.7968313097953796
266,292.2828369140625,345.69024658203125,299.628173828125,350.73028564453125,0.7935664653778076
266,611.8179931640625,232.62896728515625,616.5045776367188,239.47560119628906,0.7810417413711548
266,35.5511360168457,347.2442932128906,42.764644622802734,351.45526123046875,0.779920220375061
266,150.4174346923828,303.3179931640625,155.63352966308594,310.8422546386719,0.7770926356315613
266,261.9669189453125,346.8692626953125,269.1828308105469,351.14776611328125,0.7759315371513367
266,390.66973876953125,348.9005126953125,395.8985290527344,353.4412841796875,0.7727073431015015
266,253.79302978515625,217.43247985839844,258.3636779785156,226.301513671875,0.7726293206214905
266,292.2474365234375,104.1976089477539,298.1268005371094,110.23323059082031,0.7696205973625183
266,528.8057861328125,199.0457763671875,532.9478149414062,207.3953094482422,0.764809787273407
266,436.12274169921875,340.2492980957031,440.655517578125,347.4730224609375,0.7637232542037964
266,644.453369140625,345.3652038574219,649.7704467773438,350.4002380371094,0.7431413531303406
266,522.3878784179688,105.02580261230469,526.3173217773438,113.63017272949219,0.7391868233680725
266,398.83502197265625,347.64239501953125,403.59234619140625,352.5894470214844,0.7360889315605164
266,402.3844299316406,155.74070739746094,406.7042236328125,162.5395050048828,0.7338461875915527
266,505.1551818847656,347.4123229980469,510.4440002441406,351.98828125,0.7093153595924377
266,493.26995849609375,86.38504791259766,497.4334411621094,91.08455657958984,0.7080656290054321
266,630.7302856445312,350.0484313964844,636.0993041992188,354.5175476074219,0.6980582475662231
266,620.6764526367188,349.19915771484375,625.461669921875,353.62811279296875,0.6922944784164429
266,382.6563720703125,6.312779903411865,386.805419921875,13.351031303405762,0.6881381869316101
267,174.86778259277344,292.8782653808594,180.4141082763672,300.81243896484375,0.8039445281028748
267,147.11158752441406,346.23809814453125,156.0830841064453,351.477783203125,0.8037490248680115
267,519.6325073242188,338.35797119140625,526.9959716796875,345.3527526855469,0.8018300533294678
267,39.58678436279297,20.91678810119629,47.257747650146484,25.581968307495117,0.8012329936027527
267,31.04408073425293,80.51111602783203,37.89198684692383,86.9485855102539,0.7977168560028076
267,45.81562805175781,173.91603088378906,51.416893005371094,182.14096069335938,0.7942807078361511
267,291.97998046875,345.6460876464844,299.18389892578125,350.627685546875,0.7921344041824341
267,148.93731689453125,302.7388610839844,155.11622619628906,310.07305908203125,0.7920008301734924
267,408.2396545410156,293.8836669921875,413.3500061035156,301.5058288574219,0.7879899144172668
267,35.84794616699219,347.41259765625,42.9521484375,351.62384033203125,0.7856756448745728
267,294.316162109375,133.41468811035156,300.009033203125,141.73948669433594,0.7817760109901428
267,611.9170532226562,232.1873779296875,616.69970703125,238.69322204589844,0.7811542749404907
267,262.00543212890625,346.87542724609375,269.1665954589844,351.1149597167969,0.777550458908081
267,435.884765625,340.2120666503906,440.61395263671875,347.8254089355469,0.7720280289649963
267,390.7852478027344,349.0950927734375,395.9493408203125,353.49444580078125,0.7712663412094116
267,253.76011657714844,217.3043975830078,258.2984619140625,226.06629943847656,0.7693873047828674
267,529.5098876953125,197.0648193359375,533.9193725585938,205.44761657714844,0.7623007297515869
267,39.8356819152832,6.800962924957275,47.53068542480469,10.31578540802002,0.7451671957969666
267,522.3199462890625,103.16928100585938,526.3668823242188,111.94912719726562,0.7450560927391052
267,415.1526794433594,138.349365234375,419.0335998535156,146.42576599121094,0.7428785562515259
267,644.3533935546875,345.534912109375,649.7178955078125,350.4141540527344,0.7395457625389099
267,631.2816162109375,349.597412109375,637.3441772460938,355.8515319824219,0.7348684668540955
267,398.8298645019531,347.67340087890625,403.6890869140625,352.54669189453125,0.7337315678596497
267,505.0992736816406,347.37066650390625,510.4134826660156,352.64825439453125,0.7067146301269531
267,620.8524169921875,349.04205322265625,625.474853515625,354.2350769042969,0.7058622241020203
267,492.5574035644531,86.467041015625,496.77947998046875,91.07662200927734,0.7052068114280701
268,40.614524841308594,20.437557220458984,48.41777038574219,25.11727523803711,0.8070170283317566
268,519.6468505859375,338.358642578125,527.048583984375,345.358154296875,0.8026951551437378
268,174.37269592285156,291.80242919921875,180.00091552734375,299.5669860839844,0.8013941049575806
268,45.79649353027344,173.85145568847656,51.40007781982422,182.10667419433594,0.7990934252738953
268,148.7734375,303.0875244140625,155.13519287109375,310.2283020019531,0.7969047427177429
268,295.7378845214844,328.4262390136719,299.3804931640625,337.46240234375,0.7888058423995972
268,435.85284423828125,339.928955078125,440.8191833496094,347.56744384765625,0.7866742610931396
268,612.16845703125,231.8480987548828,617.0733032226562,238.22959899902344,0.7850899696350098
268,279.7174072265625,162.927001953125,284.7342529296875,171.09361267089844,0.7838466763496399
268,32.12489700317383,78.59129333496094,37.554473876953125,86.1285629272461,0.78367680311203
268,409.2170104980469,292.8612060546875,414.1918029785156,300.78515625,0.7759450078010559
268,529.5828857421875,195.03924560546875,533.872802734375,203.5192108154297,0.7713385224342346
268,262.2835388183594,346.9373474121094,269.6253662109375,351.13818359375,0.7711610794067383
268,253.8082733154297,217.34449768066406,258.2631530761719,226.0598602294922,0.7701873779296875
268,36.3101921081543,347.3768005371094,43.68644332885742,351.3470458984375,0.7697626948356628
268,146.812255859375,345.9012756347656,156.95791625976562,351.64544677734375,0.7656238079071045
268,40.24038314819336,6.739999771118164,48.35615539550781,10.390727043151855,0.7564358711242676
268,521.716552734375,101.80883026123047,525.8451538085938,110.12279510498047,0.7535749673843384
268,418.2444763183594,118.71996307373047,422.1541748046875,126.27801513671875,0.749250054359436
268,644.39697265625,345.6094970703125,649.669189453125,350.5418395996094,0.7462561130523682
268,630.7778930664062,349.52264404296875,637.3298950195312,355.0430908203125,0.7440699934959412
268,399.15838623046875,347.66455078125,403.98907470703125,353.1673583984375,0.7383747100830078
268,390.9091796875,341.8668212890625,396.7563781738281,349.6143798828125,0.7352979183197021
268,620.944091796875,349.0242004394531,625.8582763671875,354.19244384765625,0.7242977023124695
268,505.0845947265625,347.3486328125,510.2694396972656,352.81683349609375,0.7153386473655701
268,492.43328857421875,86.31657409667969,496.3939514160156,91.00720977783203,0.687077522277832
269,285.9444885253906,288.5217590332031,291.9796142578125,296.7969055175781,0.839674711227417
269,173.9351348876953,290.10040283203125,179.78656005859375,298.1875915527344,0.8124138712882996
269,148.80279541015625,303.077880859375,155.40785217285156,310.22698974609375,0.8100938200950623
269,45.9022331237793,173.9039306640625,51.74378967285156,182.13211059570312,0.8095760941505432
269,273.6970520019531,193.29884338378906,278.38995361328125,201.2558135986328,0.8015202879905701
269,520.0152587890625,338.474609375,527.3560791015625,345.3257751464844,0.8004603385925293
269,146.44552612304688,347.42791748046875,153.87330627441406,351.4521179199219,0.7999207973480225
269,41.77547073364258,20.166061401367188,49.57818603515625,24.74074363708496,0.7967645525932312
269,262.1927490234375,346.845458984375,269.71270751953125,351.2548828125,0.7881237864494324
269,32.30519485473633,77.38114166259766,37.639766693115234,85.06084442138672,0.7856383323669434
269,612.5817260742188,231.5248260498047,617.789306640625,237.43695068359375,0.7841765880584717
269,529.6477661132812,192.93479919433594,534.1810302734375,202.07266235351562,0.7803310751914978
269,409.50872802734375,292.3911437988281,414.92559814453125,299.6796569824219,0.7750508189201355
269,398.9724426269531,347.49859619140625,403.73876953125,353.2668762207031,0.7687415480613708
269,253.7800750732422,217.42221069335938,258.4260559082031,226.19879150390625,0.7668211460113525
269,436.4169006347656,339.37811279296875,441.2879638671875,347.2886962890625,0.7662575840950012
269,41.03312301635742,6.747473239898682,49.14963912963867,10.58125114440918,0.7644809484481812
269,36.94894790649414,347.2224426269531,43.82079315185547,351.2611389160156,0.7577500343322754
269,414.9978332519531,107.78759002685547,420.7657775878906,112.92328643798828,0.7566962838172913
269,152.2595672607422,345.1237487792969,159.13040161132812,349.3499450683594,0.7547096610069275
269,644.5950317382812,345.5856628417969,649.7568969726562,350.51129150390625,0.7471160888671875
269,409.8357849121094,327.0463562011719,415.194091796875,331.4958801269531,0.7306169271469116
269,521.3203125,100.18951416015625,525.3187866210938,108.86829376220703,0.728844404220581
269,620.5136108398438,348.8659973144531,626.11962890625,353.72869873046875,0.7167896032333374
269,631.4700317382812,350.3885498046875,637.9939575195312,355.0274353027344,0.7157098650932312
269,505.36968994140625,347.4041442871094,510.314208984375,352.51483154296875,0.7018221616744995
269,491.88818359375,86.00071716308594,495.83148193359375,90.41576385498047,0.663847804069519
270,280.9374084472656,227.46888732910156,288.728759765625,236.6519775390625,0.8322699069976807
270,148.54977416992188,303.09759521484375,155.39190673828125,310.3409729003906,0.8175891041755676
270,173.55929565429688,289.26055908203125,178.9907684326172,297.1083679199219,0.8117084503173828
270,45.89651107788086,173.9090576171875,51.68067169189453,182.02430725097656,0.8081798553466797
270,416.4306640625,334.6402282714844,422.4952697753906,341.2472229003906,0.8022903203964233
270,520.058837890625,338.4345703125,527.4210205078125,345.3441162109375,0.8020344376564026
270,42.42793273925781,20.141874313354492,50.05024719238281,24.611644744873047,0.790672779083252
270,32.79172897338867,75.66350555419922,38.29489517211914,83.57426452636719,0.789516031742096
270,273.3920593261719,245.3914794921875,278.3983459472656,253.3995819091797,0.7892073392868042
270,262.5280456542969,346.88055419921875,270.12677001953125,351.1774597167969,0.7891250848770142
270,410.37042236328125,291.9281311035156,415.906982421875,299.36444091796875,0.7844915986061096
270,254.0245361328125,217.33999633789062,258.4389343261719,226.103515625,0.7820176482200623
270,530.4364013671875,191.28128051757812,534.710693359375,199.94692993164062,0.775983989238739
270,42.148677825927734,6.703376770019531,50.32245635986328,10.563913345336914,0.7722846269607544
270,399.175537109375,347.6080322265625,403.9385070800781,353.40399169921875,0.7686530947685242
270,436.62835693359375,338.8023986816406,441.2651672363281,346.7574462890625,0.7669602632522583
270,146.62362670898438,347.7207946777344,152.92405700683594,351.4715576171875,0.7668547034263611
270,612.8546752929688,231.7308349609375,617.9861450195312,236.34963989257812,0.7634519934654236
270,37.72216033935547,347.1732177734375,44.35714340209961,351.17169189453125,0.7539754509925842
270,644.6171875,345.5522766113281,649.8148803710938,350.52099609375,0.7515650987625122
270,154.0648956298828,345.1031494140625,160.4672393798828,349.1676940917969,0.7506533265113831
270,620.8997192382812,348.09124755859375,626.6648559570312,353.6805419921875,0.747212827205658
270,521.211181640625,98.07628631591797,525.2139892578125,106.58645629882812,0.7227972149848938
270,631.068115234375,350.20404052734375,637.4658203125,355.25335693359375,0.7180435061454773
270,414.24853515625,105.65608978271484,418.6050720214844,111.02217864990234,0.7052904963493347
270,505.5155334472656,347.2145080566406,510.55255126953125,352.22607421875,0.6457594633102417
270,491.1108703613281,85.60751342773438,495.0960693359375,90.1673583984375,0.6076139211654663
271,148.35227966308594,303.3440246582031,154.85084533691406,310.36029052734375,0.8161384463310242
271,173.08294677734375,288.073486328125,178.25721740722656,296.1690979003906,0.8100207448005676
271,45.9064826965332,173.9280548095703,51.67634201049805,181.98895263671875,0.8093006014823914
271,520.2870483398438,338.4090270996094,527.4816284179688,345.34576416015625,0.8034971356391907
271,263.23944091796875,346.8895263671875,270.6575927734375,351.1907043457031,0.7900059819221497
271,43.21846008300781,20.104267120361328,50.80312728881836,24.477598190307617,0.7842445373535156
271,411.8843078613281,291.73406982421875,417.54046630859375,298.3754577636719,0.7837554216384888
271,33.87179183959961,73.95565032958984,39.09184265136719,81.96702575683594,0.7834258079528809
271,42.15371322631836,6.664877891540527,50.69403076171875,10.602133750915527,0.777553379535675
271,146.35589599609375,347.6126403808594,152.21533203125,351.624267578125,0.7768514752388
271,436.5448303222656,338.54931640625,441.2617492675781,346.5906066894531,0.7743917107582092
271,530.6806030273438,189.0015106201172,534.9620971679688,197.58297729492188,0.773941159248352
271,38.506404876708984,346.8948059082031,45.61234664916992,351.05731201171875,0.7724990248680115
271,156.26754760742188,345.0975036621094,162.5113067626953,349.15576171875,0.7593414783477783
271,613.0744018554688,231.7254180908203,618.1802368164062,236.12411499023438,0.7581012845039368
271,253.83120727539062,217.34783935546875,258.3818359375,225.84117126464844,0.7557896375656128
271,644.6908569335938,345.6222839355469,649.8297119140625,350.6003723144531,0.7492486834526062
271,411.3999328613281,103.05638885498047,416.84942626953125,107.65849304199219,0.7435585260391235
271,399.2608947753906,347.66156005859375,403.8954772949219,353.21142578125,0.7419804930686951
271,621.748779296875,348.08880615234375,627.6240844726562,353.3556213378906,0.7394418716430664
271,411.6084289550781,349.67529296875,417.3236999511719,353.9881286621094,0.7364627122879028
271,274.3247375488281,221.96287536621094,279.02777099609375,228.5288848876953,0.7358789443969727
271,520.4800415039062,96.01346588134766,524.441650390625,104.63993072509766,0.7227181792259216
271,311.3973083496094,249.38636779785156,315.38201904296875,255.59823608398438,0.7180882096290588
271,631.0095825195312,350.3289794921875,637.41796875,355.2994689941406,0.7169384956359863
271,506.01397705078125,347.3126220703125,510.7994384765625,351.907958984375,0.6476430296897888
271,490.61944580078125,84.74374389648438,494.559326171875,89.81024169921875,0.6437869071960449
272,147.88165283203125,303.06646728515625,154.50929260253906,310.1498107910156,0.809612512588501
272,45.947715759277344,173.90603637695312,51.6875,181.94859313964844,0.8063266277313232
272,520.013671875,338.439453125,527.349853515625,345.3728332519531,0.8057093024253845
272,172.21444702148438,286.8583984375,177.90199279785156,294.59906005859375,0.7969059944152832
272,35.51466751098633,71.76244354248047,40.59532165527344,79.87923431396484,0.7934461832046509
272,263.6856384277344,346.87738037109375,271.2039794921875,351.1203308105469,0.7863221168518066
272,412.8741455078125,291.3896484375,418.71112060546875,297.60748291015625,0.7845144271850586
272,43.34312438964844,20.077354431152344,50.923397064208984,24.455814361572266,0.7806040644645691
272,42.50503158569336,6.517290115356445,50.80549621582031,10.597196578979492,0.7764871120452881
272,40.32176971435547,346.6882629394531,47.33765411376953,350.459228515625,0.7742767930030823
272,436.6271057128906,338.1102600097656,441.2183532714844,346.29425048828125,0.7742701768875122
272,531.1061401367188,186.93759155273438,535.2623901367188,195.40155029296875,0.772400975227356
272,157.8893585205078,345.2218322753906,165.1708221435547,349.2308044433594,0.7717069387435913
272,253.74993896484375,217.409423828125,258.2248840332031,226.12350463867188,0.7676178812980652
272,301.07586669921875,259.4167175292969,305.34063720703125,267.6817932128906,0.7614781856536865
272,613.7216186523438,231.55564880371094,619.12060546875,235.9565887451172,0.7583738565444946
272,146.3919677734375,347.8219299316406,151.7950439453125,351.9384460449219,0.7535476684570312
272,399.16680908203125,347.70343017578125,403.74798583984375,353.0530090332031,0.7451640367507935
272,644.6767578125,345.5887756347656,649.8193359375,350.61236572265625,0.7438145875930786
272,272.9101867675781,194.5045166015625,276.8124694824219,202.8192901611328,0.7371559739112854
272,411.3744201660156,350.0815124511719,416.7505798339844,354.1943054199219,0.7301840782165527
272,520.26953125,93.7698974609375,524.4381713867188,102.27733612060547,0.7292631268501282
272,416.2953186035156,106.4922103881836,421.41729736328125,110.7697982788086,0.7269908785820007
272,623.46826171875,347.43426513671875,629.32763671875,352.7840881347656,0.717208743095398
272,490.9845275878906,82.97879791259766,494.722412109375,89.94486999511719,0.7099490165710449
272,631.4608764648438,350.4071960449219,637.6647338867188,355.24896240234375,0.6847211718559265
272,506.1833801269531,347.2195739746094,510.6572570800781,351.8841552734375,0.6607908606529236
273,520.52587890625,338.5703125,527.76123046875,345.1309814453125,0.8074069023132324
273,147.54515075683594,303.30340576171875,154.41539001464844,309.49560546875,0.8071541786193848
273,45.902000427246094,173.91848754882812,51.68040466308594,181.91943359375,0.8042792081832886
273,172.10545349121094,285.4043884277344,177.1732635498047,293.27545166015625,0.7881612777709961
273,263.4823303222656,346.9035339355469,271.0634460449219,351.10791015625,0.7856185436248779
273,412.87408447265625,292.4320983886719,419.1501770019531,298.2572326660156,0.7852486371994019
273,41.108028411865234,346.6348571777344,48.662322998046875,350.45782470703125,0.7848141193389893
273,36.479915618896484,69.73737335205078,41.559898376464844,77.68424224853516,0.7816027402877808
273,43.54292297363281,19.842674255371094,51.092742919921875,24.26850128173828,0.7814350128173828
273,258.8504333496094,155.04063415527344,263.13153076171875,163.7480010986328,0.773554801940918
273,436.7836608886719,337.935546875,441.1639099121094,345.42181396484375,0.7733166217803955
273,42.80219268798828,6.459893703460693,50.41650390625,10.669224739074707,0.7661249041557312
273,531.546630859375,184.9697265625,535.554443359375,193.38192749023438,0.7643793225288391
273,253.804931640625,217.38619995117188,258.1807861328125,226.17901611328125,0.7620447874069214
273,160.9242706298828,345.20538330078125,168.0650634765625,349.416259765625,0.7603201270103455
273,613.9281616210938,231.28480529785156,619.29638671875,235.65655517578125,0.7556564211845398
273,399.16986083984375,347.71722412109375,403.7308349609375,353.03778076171875,0.7502239346504211
273,291.197998046875,268.5024108886719,295.22161865234375,275.4152526855469,0.7496538162231445
273,644.7377319335938,345.6042175292969,649.8192138671875,350.6092224121094,0.7427272200584412
273,415.4125671386719,112.84494018554688,419.92523193359375,119.60379028320312,0.7426179051399231
273,520.0888671875,92.05609130859375,524.1483154296875,100.41374206542969,0.7398180961608887
273,411.63824462890625,349.6663818359375,416.58544921875,353.9995422363281,0.7300141453742981
273,624.9280395507812,347.29083251953125,630.9934692382812,352.5806884765625,0.7252336740493774
273,490.9723205566406,80.71517181396484,494.75689697265625,88.50687408447266,0.7246538996696472
273,146.65664672851562,348.0797119140625,151.47409057617188,352.3808288574219,0.7042369246482849
273,631.4568481445312,350.36541748046875,637.7698364257812,355.1537780761719,0.7011695504188538
273,506.375,347.180908203125,510.69464111328125,351.8330993652344,0.6546096801757812
274,520.8413696289062,338.77166748046875,528.3264770507812,345.1681823730469,0.8042868971824646
274,45.931793212890625,173.9068603515625,51.78188705444336,181.89505004882812,0.8006095886230469
274,146.49346923828125,302.8644104003906,153.95989990234375,308.3422546386719,0.800139307975769
274,44.101173400878906,19.06795883178711,51.40452194213867,23.924251556396484,0.7887243628501892
274,263.89599609375,346.8822937011719,271.6398620605469,351.13275146484375,0.7854042053222656
274,413.2984924316406,292.1385803222656,419.6643981933594,298.01739501953125,0.7824579477310181
274,171.3788299560547,283.9876708984375,176.6211700439453,292.1025085449219,0.7818284034729004
274,42.34907913208008,346.618408203125,50.12358093261719,350.441162109375,0.7793258428573608
274,37.900333404541016,67.48824310302734,42.96292495727539,76.06607818603516,0.7791888117790222
274,253.6630859375,216.51611328125,258.0758361816406,225.07595825195312,0.7669054269790649
274,436.75213623046875,337.9690856933594,441.1907958984375,345.34906005859375,0.7659839391708374
274,42.97563171386719,6.525537490844727,50.398216247558594,10.669042587280273,0.7613510489463806
274,259.17333984375,138.5688018798828,265.19549560546875,143.19778442382812,0.7581532001495361
274,531.4415283203125,182.7543182373047,535.53076171875,191.39817810058594,0.7572957873344421
274,614.4568481445312,231.2540740966797,620.1680908203125,235.38954162597656,0.7539941072463989
274,292.33880615234375,266.241455078125,298.4313049316406,270.0361633300781,0.748376190662384
274,163.4300079345703,345.48052978515625,170.49256896972656,349.675048828125,0.7431919574737549
274,399.1970520019531,347.7067565917969,403.78411865234375,353.03106689453125,0.7426591515541077
274,418.6478271484375,124.57909393310547,423.31182861328125,131.2264862060547,0.7365749478340149
274,519.1985473632812,90.32931518554688,523.5425415039062,98.97604370117188,0.7346188426017761
274,644.8200073242188,345.5509948730469,649.9335327148438,350.55694580078125,0.7345849275588989
274,411.7698974609375,349.59130859375,416.6524353027344,353.9974670410156,0.7196823954582214
274,631.0050048828125,350.2723388671875,637.6190185546875,355.3978271484375,0.7169126272201538
274,490.87115478515625,78.5403823852539,494.8580627441406,86.27223205566406,0.713516354560852
274,625.9674072265625,347.0076599121094,632.173095703125,352.3259582519531,0.7072418332099915
274,146.1976776123047,348.02484130859375,151.46380615234375,352.49737548828125,0.6972766518592834
274,506.2849426269531,347.2371826171875,510.918701171875,352.4683837890625,0.6915735602378845
275,398.0791931152344,150.39010620117188,407.5328369140625,157.9513397216797,0.8188194632530212
275,272.53131103515625,264.1172790527344,279.6083984375,269.74920654296875,0.8053717017173767
275,520.87109375,338.775634765625,528.322021484375,345.2356262207031,0.7965248823165894
275,45.886837005615234,173.8621063232422,51.72731018066406,181.78285217285156,0.7911781668663025
275,145.40196228027344,302.8297424316406,152.67770385742188,308.4405822753906,0.7882324457168579
275,264.4325256347656,346.844970703125,272.17388916015625,351.2327575683594,0.7782178521156311
275,44.89299011230469,17.547889709472656,51.473182678222656,24.340686798095703,0.7780444622039795
275,170.8970947265625,282.5122985839844,176.22650146484375,290.2892761230469,0.7780377864837646
275,413.5124206542969,291.75238037109375,420.1021423339844,297.8336486816406,0.7772228121757507
275,43.60770797729492,346.5862731933594,51.13570022583008,350.61395263671875,0.7740082144737244
275,436.6891174316406,337.7564392089844,441.2406311035156,345.21923828125,0.76321941614151
275,39.152706146240234,65.13632202148438,44.311038970947266,73.17302703857422,0.7581258416175842
275,253.8950958251953,215.29788208007812,258.40838623046875,224.17724609375,0.7547779083251953
275,532.3854370117188,180.33535766601562,536.5965576171875,188.7218017578125,0.7526386380195618
275,615.1080322265625,230.3840789794922,620.5332641601562,234.71852111816406,0.7517386078834534
275,165.74215698242188,345.8529052734375,172.44119262695312,350.2790222167969,0.743503749370575
275,399.20782470703125,347.672607421875,403.7795104980469,353.05999755859375,0.7385511994361877
275,518.5635986328125,88.6265869140625,523.1602172851562,96.90898895263672,0.7375259399414062
275,644.7021484375,345.60235595703125,650.0113525390625,350.68536376953125,0.7274288535118103
275,411.9337158203125,349.4163513183594,416.73388671875,354.0397644042969,0.7229413986206055
275,145.8584747314453,347.8790283203125,151.286376953125,352.7439270019531,0.7215931415557861
275,252.6776123046875,133.56832885742188,257.2207336425781,140.11534118652344,0.7215700149536133
275,506.1202392578125,347.5028991699219,511.54522705078125,352.66766357421875,0.7147721648216248
275,631.2994995117188,349.68634033203125,638.4947509765625,356.42431640625,0.7110406756401062
275,627.1520385742188,346.6365966796875,632.857421875,353.3499755859375,0.7074338793754578
275,490.9884033203125,75.94957733154297,494.8040771484375,84.25305938720703,0.7022371888160706
275,42.94940185546875,5.595944404602051,50.21376419067383,10.89730167388916,0.5701272487640381
276,520.6826171875,338.71240234375,528.168701171875,345.15765380859375,0.8030928373336792
276,144.90867614746094,302.5135803222656,151.98219299316406,308.5048828125,0.7970029711723328
276,45.47962188720703,15.621488571166992,51.21276092529297,23.357589721679688,0.7925361394882202
276,45.74235153198242,173.93148803710938,51.42701721191406,181.89739990234375,0.7905921339988708
276,413.9771728515625,291.64715576171875,420.336669921875,297.7322082519531,0.7860829830169678
276,170.87625122070312,280.9949951171875,176.00308227539062,288.7297668457031,0.7803810834884644
276,264.7606506347656,346.8506164550781,272.9010925292969,351.2914733886719,0.7796754837036133
276,45.28066635131836,346.58453369140625,52.35126876831055,350.5201110839844,0.7786909341812134
276,616.1542358398438,229.3048553466797,621.4363403320312,234.61473083496094,0.7675876617431641
276,505.7174072265625,347.8045349121094,512.3742065429688,352.38726806640625,0.762837290763855
276,40.68803787231445,63.0501708984375,45.65633010864258,71.18365478515625,0.7603706121444702
276,246.76031494140625,254.33934020996094,251.35276794433594,260.93133544921875,0.7601491808891296
276,436.7296447753906,337.6941833496094,441.28277587890625,345.0438232421875,0.7591192126274109
276,253.90423583984375,214.8111114501953,258.3675231933594,223.49819946289062,0.7581273913383484
276,533.0302124023438,178.50721740722656,537.4088745117188,186.56155395507812,0.7577576637268066
276,253.310791015625,150.663818359375,257.3374328613281,158.93911743164062,0.757658064365387
276,370.6783447265625,163.7381591796875,375.4706726074219,171.5462188720703,0.7576069831848145
276,517.7839965820312,86.2012710571289,522.5538330078125,94.76768493652344,0.7566523551940918
276,168.6912841796875,346.02850341796875,175.7220458984375,350.74468994140625,0.7425436973571777
276,399.2810363769531,347.7313232421875,403.7900085449219,353.03656005859375,0.736365795135498
276,145.73953247070312,347.5454406738281,150.61354064941406,352.8691101074219,0.7264066338539124
276,644.7272338867188,345.6938781738281,649.9739379882812,350.58740234375,0.7249472141265869
276,490.9352111816406,73.75949096679688,494.6080017089844,81.74517059326172,0.7244896292686462
276,631.6839599609375,349.09033203125,637.9554443359375,356.1319580078125,0.7109178900718689
276,627.5731811523438,346.07318115234375,633.29150390625,353.3644714355469,0.6895750164985657
276,412.5517578125,349.41888427734375,417.044677734375,353.55340576171875,0.6794161796569824
277,144.62918090820312,302.50531005859375,151.8957061767578,308.5229797363281,0.8045845627784729
277,520.61328125,338.6419677734375,528.1013793945312,345.0697021484375,0.8030250072479248
277,45.72646713256836,173.88632202148438,51.45241928100586,181.8197479248047,0.7951852679252625
277,414.3277587890625,291.6809997558594,420.7060852050781,297.5165100097656,0.7904693484306335
277,506.2669677734375,347.8196716308594,513.3170776367188,352.14105224609375,0.7896928191184998
277,248.9022216796875,265.2522277832031,255.29641723632812,269.5972900390625,0.7875595688819885
277,616.6829223632812,228.19981384277344,622.0389404296875,233.9103546142578,0.7866367101669312
277,46.67561340332031,13.788789749145508,51.837772369384766,21.766138076782227,0.7849264740943909
277,170.2185821533203,279.5845031738281,175.06643676757812,288.1927795410156,0.7829479575157166
277,46.42321014404297,346.65667724609375,53.540313720703125,350.5891418457031,0.7813066840171814
277,265.3587646484375,346.872802734375,273.70306396484375,351.1261291503906,0.7812716960906982
277,41.43721389770508,60.73701477050781,46.36783218383789,68.91191864013672,0.7743618488311768
277,370.0132141113281,163.3836212158203,374.3403015136719,171.73208618164062,0.7722393870353699
277,261.0098876953125,185.13999938964844,264.8217468261719,193.62181091308594,0.7687080502510071
277,253.96194458007812,213.89935302734375,258.3446044921875,222.6502685546875,0.7671881914138794
277,533.2786865234375,175.98744201660156,537.5027465820312,184.92724609375,0.7662643194198608
277,436.6634521484375,337.6786804199219,441.1513977050781,344.8578796386719,0.7638987898826599
277,517.21533203125,84.86618041992188,521.8511962890625,92.9804916381836,0.7549643516540527
277,171.5211944580078,346.1330261230469,178.67620849609375,351.9707336425781,0.7462062835693359
277,399.21075439453125,347.6759338378906,403.87396240234375,353.0288391113281,0.7453868985176086
277,644.7223510742188,345.62884521484375,650.0348510742188,350.4336242675781,0.7396467924118042
277,144.33001708984375,347.52471923828125,149.06922912597656,353.4883117675781,0.7374219298362732
277,490.9432373046875,71.0981674194336,494.46441650390625,79.11701202392578,0.7294765710830688
277,412.5952453613281,348.6616516113281,416.9644470214844,353.6271057128906,0.7132518291473389
277,629.7048950195312,345.43212890625,635.7824096679688,352.7098083496094,0.6559879183769226
277,630.9989624023438,349.2651062011719,637.5693359375,356.7181091308594,0.47671419382095337
278,144.01353454589844,302.26861572265625,151.29202270507812,308.4764709472656,0.8157456517219543
278,247.05780029296875,271.5580139160156,252.39447021484375,278.65625,0.8044511079788208
278,520.6124877929688,338.7933349609375,528.203857421875,344.96697998046875,0.8020899295806885
278,45.698402404785156,173.88021850585938,51.41657638549805,181.94403076171875,0.795186460018158
278,617.636962890625,227.06605529785156,623.2109985351562,232.95364379882812,0.793559730052948
278,266.2739562988281,346.8591613769531,274.2126770019531,351.11126708984375,0.7927975654602051
278,506.6854248046875,347.78680419921875,513.6436157226562,352.09722900390625,0.7917109131813049
278,415.3931579589844,291.4806823730469,421.3428039550781,297.85028076171875,0.7889674305915833
278,47.87745666503906,346.67449951171875,54.75767135620117,350.7782287597656,0.7885648608207703
278,47.95705795288086,11.52703857421875,52.839874267578125,20.102144241333008,0.7873510122299194
278,170.6291046142578,278.91290283203125,175.20480346679688,287.6677551269531,0.7855210900306702
278,173.431396484375,346.8486328125,180.13214111328125,351.55242919921875,0.782721221446991
278,253.5941162109375,211.47251892089844,258.1637878417969,220.0128631591797,0.7764345407485962
278,43.381866455078125,57.926124572753906,48.41402053833008,66.06222534179688,0.7724787592887878
278,370.1820983886719,163.2919158935547,374.4659118652344,171.9831085205078,0.7709040641784668
278,436.66180419921875,337.63812255859375,441.1629333496094,344.86553955078125,0.7684671878814697
278,533.6632080078125,174.56785583496094,537.7792358398438,182.79127502441406,0.7670562863349915
278,516.2293090820312,82.32979583740234,521.0198364257812,90.40624237060547,0.7564067244529724
278,399.1519470214844,347.6773681640625,403.8797607421875,353.00225830078125,0.7503637075424194
278,270.064697265625,216.5403289794922,274.29443359375,224.87310791015625,0.7411351799964905
278,644.75537109375,345.6558837890625,650.0382080078125,350.3968200683594,0.7332490086555481
278,491.15057373046875,68.79360961914062,494.8294982910156,76.74114990234375,0.7312982082366943
278,144.50782775878906,347.6544494628906,148.83511352539062,354.14007568359375,0.7261797189712524
278,412.8558349609375,348.8312072753906,417.63360595703125,353.40264892578125,0.7220103740692139
278,630.2527465820312,345.16265869140625,636.2090454101562,351.1773681640625,0.6590893864631653
278,628.87255859375,349.47882080078125,635.9791259765625,356.4542236328125,0.6203545928001404
279,143.60467529296875,302.5156555175781,150.97882080078125,308.6363525390625,0.8175632953643799
279,617.9219360351562,225.98365783691406,624.0189208984375,232.06396484375,0.8034180402755737
279,520.6890258789062,339.0589904785156,528.7518310546875,345.02508544921875,0.8007814884185791
279,48.43899154663086,346.54345703125,55.847068786621094,350.78387451171875,0.79649418592453
279,45.724308013916016,173.84780883789062,51.43083953857422,181.93069458007812,0.7964664697647095
279,415.99139404296875,291.1854248046875,421.8946533203125,297.6295166015625,0.7936130166053772
279,507.06494140625,347.829345703125,514.1175537109375,352.1815185546875,0.7935013175010681
279,266.4733581542969,346.9128112792969,274.55291748046875,351.20257568359375,0.7923941016197205
279,173.52125549316406,346.8939208984375,180.2528533935547,351.58001708984375,0.7884511947631836
279,44.36317825317383,55.41151809692383,49.29031753540039,63.498043060302734,0.7805936932563782
279,49.01266860961914,9.684282302856445,53.610477447509766,17.43230438232422,0.7791105508804321
279,370.1061096191406,163.12380981445312,374.41766357421875,171.780029296875,0.778460681438446
279,514.39404296875,80.75502014160156,520.2470703125,88.42809295654297,0.7761803269386292
279,254.69085693359375,209.95620727539062,259.1865234375,218.54295349121094,0.7742785215377808
279,170.6455078125,277.8846435546875,174.98422241210938,286.31842041015625,0.7719809412956238
279,436.6129150390625,337.756591796875,441.2022705078125,344.9856262207031,0.7693781852722168
279,533.7537841796875,171.79811096191406,538.0264282226562,180.38909912109375,0.7653811573982239
279,246.44894409179688,285.9723205566406,250.6004638671875,293.0387268066406,0.756354808807373
279,399.1966857910156,347.65240478515625,404.06719970703125,353.14215087890625,0.7561624050140381
279,412.8849792480469,348.2178649902344,418.0696105957031,353.8014221191406,0.7551268339157104
279,628.5596313476562,329.7169189453125,632.09375,339.1065979003906,0.7502814531326294
279,490.8351135253906,65.97142028808594,494.7579040527344,74.1884765625,0.7386456727981567
279,644.745361328125,345.80377197265625,650.2179565429688,350.1264953613281,0.7351933717727661
279,144.56729125976562,347.681884765625,148.72923278808594,354.1131286621094,0.7322101593017578
279,264.7757568359375,230.52203369140625,268.6700439453125,237.80213928222656,0.7302747964859009
279,630.8177490234375,345.2735595703125,636.2483520507812,350.2983093261719,0.6430319547653198
280,143.36669921875,302.64501953125,150.52960205078125,308.4091491699219,0.8116809129714966
280,507.2034912109375,347.7444152832031,514.4375,352.1930236816406,0.8023346066474915
280,45.746978759765625,173.8982391357422,51.497779846191406,182.04586791992188,0.798551619052887
280,617.9717407226562,225.3852081298828,623.9992065429688,231.5714111328125,0.7977498769760132
280,621.063720703125,278.5802001953125,625.649658203125,287.8647155761719,0.7976683974266052
280,48.81740951538086,346.46063232421875,56.158756256103516,350.7064514160156,0.7972335815429688
280,521.5991821289062,339.3016357421875,529.6519165039062,344.9117431640625,0.7971194982528687
280,416.2969055175781,290.9150085449219,422.2323303222656,297.36871337890625,0.7943840026855469
280,173.52328491210938,346.80584716796875,180.4654541015625,351.5204772949219,0.784270703792572
280,266.91668701171875,346.9143981933594,274.6462707519531,351.0570068359375,0.7830248475074768
280,513.321533203125,79.28841400146484,519.1009521484375,86.95748901367188,0.7809391617774963
280,45.458961486816406,53.69363021850586,50.23788833618164,61.60837936401367,0.7723171710968018
280,170.65994262695312,276.94317626953125,174.99484252929688,285.40472412109375,0.772095799446106
280,369.6297607421875,162.3619842529297,373.9984130859375,170.8583984375,0.7699717283248901
280,436.472412109375,337.7767333984375,441.076904296875,345.2247314453125,0.7680726051330566
280,254.82635498046875,208.47927856445312,259.3946838378906,216.79673767089844,0.7677246332168579
280,259.0281982421875,303.2879943847656,263.8320007324219,308.53265380859375,0.7650971412658691
280,261.9929504394531,226.44180297851562,267.4354248046875,230.66619873046875,0.7624629139900208
280,643.6334838867188,344.9024963378906,649.5487670898438,349.8576965332031,0.7621947526931763
280,399.2565612792969,347.62799072265625,404.1394958496094,353.1202087402344,0.7564757466316223
280,533.9116821289062,169.6881561279297,538.1023559570312,178.4078826904297,0.7543864846229553
280,413.16253662109375,347.5147399902344,417.9625549316406,354.03460693359375,0.7533618211746216
280,49.5419921875,9.501662254333496,53.76432418823242,15.752226829528809,0.7418147921562195
280,144.57923889160156,347.80279541015625,148.6600341796875,354.4051513671875,0.7387621998786926
280,490.8602294921875,63.19905471801758,494.5619812011719,71.01726531982422,0.733258843421936
280,627.8082275390625,350.1780700683594,635.4815673828125,355.79022216796875,0.7042377591133118
280,630.3245849609375,345.1959228515625,636.3525390625,350.67230224609375,0.7020213603973389
281,142.3740234375,301.8414611816406,149.11485290527344,307.77386474609375,0.8078173995018005
281,280.2466125488281,210.66156005859375,287.5345153808594,216.79248046875,0.8036406636238098
281,48.888450622558594,345.5633544921875,56.78013229370117,350.4113464355469,0.8030462861061096
281,417.19952392578125,289.93145751953125,423.09234619140625,296.7576904296875,0.8020079731941223
281,521.5595092773438,339.3280334472656,529.682373046875,344.969482421875,0.8000192046165466
281,45.686702728271484,173.88357543945312,51.52410888671875,182.0464324951172,0.7980287075042725
281,507.5166015625,347.82562255859375,514.747314453125,352.1556091308594,0.7976813912391663
281,512.1029052734375,77.44730377197266,518.04541015625,84.7596435546875,0.7929309010505676
281,618.0347290039062,225.36663818359375,624.0692138671875,231.66024780273438,0.7914133667945862
281,255.722412109375,206.05142211914062,260.5542297363281,214.61866760253906,0.7862129211425781
281,267.4485168457031,346.832763671875,275.00482177734375,351.0730285644531,0.7862046360969543
281,46.48104476928711,51.808563232421875,51.26818084716797,59.823081970214844,0.7846810817718506
281,170.6380157470703,275.3446044921875,174.82809448242188,283.97320556640625,0.7749320268630981
281,436.4888610839844,337.8486022949219,441.08966064453125,345.2467346191406,0.7690712809562683
281,413.1568603515625,346.66656494140625,418.1943664550781,353.880615234375,0.7664186358451843
281,369.9578857421875,161.13331604003906,374.1888122558594,169.51669311523438,0.7652860283851624
281,261.7708740234375,307.9366760253906,266.802001953125,313.4506530761719,0.7640776038169861
281,399.22509765625,347.63726806640625,404.06585693359375,353.1018981933594,0.7617825865745544
281,174.10073852539062,346.35589599609375,179.11676025390625,351.2159118652344,0.7531946301460266
281,534.0781860351562,167.7533416748047,538.2513427734375,176.4906463623047,0.7484095692634583
281,616.9151611328125,252.50314331054688,620.89306640625,259.7630920410156,0.7464541792869568
281,641.4720458984375,336.31884765625,646.6007690429688,341.306884765625,0.7322841882705688
281,144.52667236328125,347.7655029296875,148.47630310058594,354.200927734375,0.723941445350647
281,491.0484313964844,60.087764739990234,494.68109130859375,68.24563598632812,0.7236114144325256
281,630.055419921875,345.58642578125,636.0715942382812,351.05743408203125,0.7189295291900635
282,141.96519470214844,301.6690368652344,148.72483825683594,307.5587463378906,0.8100696802139282
282,49.32036209106445,344.58477783203125,56.512290954589844,350.62176513671875,0.8087323904037476
282,618.0099487304688,225.34210205078125,624.24609375,231.6708526611328,0.8060261011123657
282,508.0375671386719,347.7584228515625,515.4005737304688,352.0885925292969,0.7990689277648926
282,267.46575927734375,346.86224365234375,275.14801025390625,351.142822265625,0.7975243330001831
282,45.66685485839844,173.8695831298828,51.60515594482422,182.00048828125,0.79705411195755
282,417.7677917480469,289.4206848144531,423.5619812011719,295.99481201171875,0.7967075109481812
282,521.5159912109375,339.39044189453125,529.68115234375,344.944091796875,0.7958124279975891
282,310.6300964355469,190.7161865234375,315.35333251953125,197.75701904296875,0.7862104773521423
282,47.867759704589844,48.51483917236328,52.48942947387695,57.151737213134766,0.7820395231246948
282,511.4200134277344,75.70286560058594,516.8967895507812,83.31692504882812,0.7795912027359009
282,257.0982971191406,203.69403076171875,261.5713806152344,211.80958557128906,0.7775593400001526
282,275.58685302734375,298.5219421386719,279.9140930175781,306.00634765625,0.7741454243659973
282,170.6723175048828,274.0873718261719,174.81497192382812,282.690185546875,0.7737248539924622
282,436.36920166015625,337.8471374511719,441.0489501953125,345.29400634765625,0.773094117641449
282,413.09271240234375,346.44927978515625,418.1752624511719,353.7610168457031,0.7681154608726501
282,370.2813720703125,160.3689727783203,374.4307556152344,168.682373046875,0.7620925903320312
282,399.272705078125,347.66766357421875,404.08203125,353.109130859375,0.7573856711387634
282,628.2220458984375,347.1367492675781,635.4968872070312,354.5700988769531,0.7564635276794434
282,630.3604736328125,257.02777099609375,635.48876953125,261.5965576171875,0.7543386220932007
282,533.663818359375,165.5587615966797,538.00146484375,174.43792724609375,0.7422460317611694
282,639.6223754882812,340.4141845703125,644.4824829101562,347.8875427246094,0.7363330721855164
282,490.9766540527344,57.27823257446289,494.7035827636719,65.2252426147461,0.7295658588409424
282,144.59471130371094,347.82574462890625,148.5548553466797,354.5369567871094,0.7294723391532898
282,174.4620819091797,345.734375,178.39767456054688,350.9781799316406,0.7154797911643982
282,630.4577026367188,344.7829284667969,636.8477783203125,349.9864196777344,0.6453538537025452
283,51.082035064697266,343.4599304199219,58.47296905517578,350.2422790527344,0.8171751499176025
283,140.95265197753906,301.2284851074219,147.8979949951172,307.3077087402344,0.808637261390686
283,417.91143798828125,289.413818359375,423.756103515625,295.9920349121094,0.7985485792160034
283,618.0047607421875,225.34503173828125,624.002685546875,231.56175231933594,0.7971594929695129
283,45.70439147949219,173.90086364746094,51.63874435424805,181.96534729003906,0.7960903644561768
283,521.5198974609375,339.44635009765625,529.8397216796875,345.0066833496094,0.7922862768173218
283,510.06817626953125,74.22062683105469,516.1027221679688,81.81128692626953,0.7914724946022034
283,508.37738037109375,347.7395324707031,515.490966796875,352.0404968261719,0.7899566292762756
283,267.3326721191406,346.84466552734375,275.0333251953125,351.0756530761719,0.7817233204841614
283,301.74688720703125,197.37059020996094,308.5420837402344,203.04762268066406,0.7796419262886047
283,257.6370544433594,201.65869140625,262.0892639160156,209.9896240234375,0.7774713635444641
283,49.139888763427734,45.769935607910156,53.639625549316406,54.2088737487793,0.7705734968185425
283,170.3991241455078,272.52056884765625,174.40008544921875,281.402587890625,0.765727162361145
283,370.4972229003906,159.01751708984375,374.7542419433594,167.52333068847656,0.7567436695098877
283,436.12109375,338.5195007324219,440.5248107910156,345.69195556640625,0.7554193139076233
283,399.3722229003906,347.7745666503906,404.0035400390625,353.10235595703125,0.7494109869003296
283,272.7997131347656,301.12432861328125,278.692138671875,305.0941162109375,0.7458853721618652
283,616.3233032226562,277.9110107421875,621.2742919921875,283.6883544921875,0.7391318082809448
283,533.6998291015625,164.08370971679688,537.88525390625,172.92709350585938,0.7336985468864441
283,412.7396545410156,345.80426025390625,416.83575439453125,353.5509338378906,0.7316796183586121
283,144.63185119628906,347.85638427734375,148.51345825195312,354.49981689453125,0.7308256030082703
283,636.8583984375,346.34808349609375,643.581298828125,351.910888671875,0.7159388065338135
283,491.18017578125,54.18751525878906,494.7088928222656,62.419063568115234,0.7107977867126465
283,630.7613525390625,345.4499816894531,637.2443237304688,350.719970703125,0.7061899304389954
283,174.34446716308594,345.4129333496094,178.19979858398438,350.0521545410156,0.6834281086921692
283,626.490478515625,349.9386291503906,634.572021484375,355.6708984375,0.6111786961555481
284,52.701194763183594,342.3764343261719,59.229488372802734,350.253173828125,0.8247899413108826
284,140.8314971923828,301.1229553222656,147.7297821044922,307.09698486328125,0.8112547993659973
284,45.706424713134766,173.88792419433594,51.49367141723633,182.14364624023438,0.8018354177474976
284,418.12200927734375,289.4453430175781,423.9911193847656,295.92645263671875,0.7995645403862
284,508.4571838378906,347.77447509765625,515.5401000976562,352.029052734375,0.7942517399787903
284,618.6986694335938,224.9002685546875,624.666015625,230.91952514648438,0.7914999723434448
284,509.5118408203125,72.7589111328125,515.4013671875,79.96546173095703,0.7908883690834045
284,521.4140625,339.5624694824219,529.7423095703125,344.91265869140625,0.7901542782783508
284,258.298828125,199.3454132080078,262.86370849609375,207.6545867919922,0.783637285232544
284,619.2920532226562,300.6633605957031,623.8861083984375,308.1263427734375,0.7806199789047241
284,267.413818359375,346.8766784667969,274.9744873046875,351.0675048828125,0.777400016784668
284,309.1903381347656,198.9168243408203,315.786376953125,203.58700561523438,0.7716947793960571
284,370.55267333984375,157.83042907714844,374.957763671875,166.4075164794922,0.7666614055633545
284,50.37931823730469,42.66748809814453,54.67900848388672,51.294715881347656,0.7660679221153259
284,170.13059997558594,271.48431396484375,174.21897888183594,280.3892517089844,0.7605496048927307
284,436.30206298828125,338.4866638183594,440.82257080078125,345.8229675292969,0.7600232362747192
284,534.160888671875,162.8086395263672,538.193603515625,171.13365173339844,0.7502055168151855
284,261.6969909667969,302.833984375,266.88153076171875,307.359375,0.7501107454299927
284,399.451416015625,347.8694152832031,404.0673522949219,353.0863952636719,0.7493355870246887
284,630.1087646484375,345.5790100097656,636.4721069335938,350.6203308105469,0.7462562918663025
284,144.47462463378906,347.8204345703125,148.3572540283203,354.3275146484375,0.7406235337257385
284,412.7232360839844,346.4603271484375,416.841552734375,353.5666198730469,0.7380208969116211
284,490.8290710449219,51.629432678222656,494.61029052734375,59.71229553222656,0.711012601852417
284,174.19406127929688,345.3971862792969,178.4114532470703,349.3948974609375,0.6752310991287231
284,640.9866943359375,349.63494873046875,647.6895141601562,355.063720703125,0.4613776206970215
285,140.11448669433594,301.4934387207031,146.96311950683594,308.0572204589844,0.8176038265228271
285,54.27642059326172,340.8336181640625,59.44524383544922,349.8578796386719,0.8121544718742371
285,45.71158218383789,173.9165802001953,51.46503448486328,182.14163208007812,0.7991679906845093
285,418.30523681640625,289.451416015625,424.13165283203125,295.8606262207031,0.7986144423484802
285,625.609619140625,327.186279296875,632.2955932617188,333.369873046875,0.7917462587356567
285,619.7230834960938,223.65597534179688,625.6387329101562,230.07423400878906,0.7880386114120483
285,258.663330078125,197.3104248046875,263.3339538574219,205.86126708984375,0.78534996509552
285,267.4743957519531,346.9181823730469,275.0780944824219,351.1240539550781,0.7849151492118835
285,521.5831298828125,339.566650390625,529.836669921875,345.0043029785156,0.7840388417243958
285,508.97796630859375,71.0689468383789,514.3859252929688,78.4322280883789,0.7726482152938843
285,169.97470092773438,269.4767150878906,174.28855895996094,277.9613037109375,0.7703810334205627
285,370.9769287109375,156.07920837402344,375.3105773925781,164.46533203125,0.7700746655464172
285,265.21331787109375,316.15960693359375,269.6596374511719,323.29815673828125,0.7645918726921082
285,309.451416015625,202.3080596923828,315.8847351074219,207.18948364257812,0.764437198638916
285,51.314083099365234,40.17014694213867,55.42332458496094,48.78643035888672,0.7603802680969238
285,436.38079833984375,338.4446716308594,440.8747863769531,345.74945068359375,0.7571658492088318
285,534.1240234375,160.29969787597656,538.2362670898438,168.64520263671875,0.7485226392745972
285,144.46041870117188,347.80615234375,148.44073486328125,354.575439453125,0.748132586479187
285,509.0856018066406,347.2567138671875,515.4909057617188,352.276123046875,0.745648205280304
285,399.4753723144531,347.84063720703125,404.11248779296875,353.0490417480469,0.7440033555030823
285,412.97833251953125,346.55035400390625,417.0762939453125,353.5791015625,0.730526864528656
285,644.218505859375,351.196044921875,649.7450561523438,355.9705505371094,0.7223975658416748
285,630.6565551757812,345.23858642578125,637.1024780273438,350.56488037109375,0.711094856262207
285,490.9425354003906,48.53439712524414,494.5180969238281,56.509361267089844,0.7085205316543579
285,174.52175903320312,345.26544189453125,178.68702697753906,349.149169921875,0.6687394976615906
285,624.8706665039062,350.7072448730469,632.17236328125,355.2226257324219,0.5864810347557068
286,139.8485107421875,301.5137634277344,146.8982696533203,307.92266845703125,0.8132883906364441
286,418.4349365234375,289.42364501953125,424.287841796875,295.9953918457031,0.8030617237091064
286,45.743160247802734,173.9350128173828,51.47364044189453,182.1085205078125,0.7975956201553345
286,530.0153198242188,318.5535888671875,534.3055419921875,327.2039794921875,0.7965167164802551
286,620.1202392578125,223.1401824951172,626.2344360351562,229.37049865722656,0.7908693552017212
286,54.726951599121094,339.2264099121094,59.34129333496094,348.1471862792969,0.790054976940155
286,259.68865966796875,194.76832580566406,264.30670166015625,203.2393798828125,0.781843900680542
286,521.6123046875,339.7567138671875,529.80517578125,344.7698669433594,0.7805784344673157
286,507.948974609375,69.43214416503906,513.4912719726562,76.98697662353516,0.775083065032959
286,370.96295166015625,154.46322631835938,375.51068115234375,163.1060791015625,0.7736040949821472
286,52.08759689331055,37.28276824951172,56.285884857177734,45.90974044799805,0.7723031044006348
286,308.8970642089844,204.47496032714844,314.806396484375,208.2029571533203,0.7694404721260071
286,436.3083190917969,338.5406494140625,440.9412841796875,345.97796630859375,0.754693329334259
286,534.8377075195312,158.41514587402344,538.8772583007812,167.0718231201172,0.7467880845069885
286,169.77664184570312,267.8854675292969,173.76942443847656,276.4340515136719,0.7458813190460205
286,144.41836547851562,347.79669189453125,148.4441375732422,354.5749816894531,0.7457131147384644
286,399.4322204589844,347.9020690917969,404.07464599609375,353.1307678222656,0.7408804297447205
286,490.7019348144531,46.07289123535156,494.43731689453125,54.0804557800293,0.7292392253875732
286,613.677734375,346.84783935546875,617.3583374023438,352.64190673828125,0.7277383208274841
286,413.2615661621094,346.48834228515625,417.4283142089844,353.42291259765625,0.7257583141326904
286,631.6536254882812,345.3945007324219,636.771728515625,349.8294982910156,0.7028049826622009
286,174.75851440429688,345.1387023925781,178.9529266357422,348.930908203125,0.6670827269554138
286,268.2752990722656,346.6456604003906,275.356689453125,354.08843994140625,0.6627077460289001
286,646.2664184570312,351.389404296875,650.7196655273438,356.2135009765625,0.5992458462715149
286,623.5916137695312,351.2312316894531,631.61474609375,355.778564453125,0.5555716753005981
287,139.35885620117188,301.51416015625,146.31613159179688,307.8196716308594,0.8154931664466858
287,418.62713623046875,289.33209228515625,424.4281005859375,295.9185485839844,0.802927553653717
287,621.070068359375,222.52108764648438,627.367919921875,228.66455078125,0.8013957738876343
287,267.48834228515625,346.9545593261719,275.4399719238281,351.57855224609375,0.7974162101745605
287,45.758949279785156,173.83106994628906,51.238075256347656,182.13284301757812,0.7959933876991272
287,507.30902099609375,66.83427429199219,512.8234252929688,74.6115951538086,0.7923268675804138
287,521.6930541992188,339.8094177246094,530.1159057617188,344.5510559082031,0.7916948795318604
287,371.4250183105469,152.4771270751953,375.7081298828125,161.365966796875,0.7808160781860352
287,53.170963287353516,35.07603073120117,57.33972930908203,43.66791915893555,0.7799615263938904
287,260.763671875,192.9058380126953,265.30810546875,201.1429901123047,0.77981036901474
287,55.85012435913086,337.3582458496094,59.85030746459961,346.42926025390625,0.7776257991790771
287,612.48583984375,346.21014404296875,615.7783813476562,353.88299560546875,0.7680569887161255
287,531.9715576171875,295.2631530761719,535.9511108398438,301.91009521484375,0.7638635039329529
287,169.1990203857422,266.9411315917969,173.29086303710938,275.7139892578125,0.7576472759246826
287,436.40814208984375,338.5400390625,440.9410705566406,345.9214172363281,0.7557423114776611
287,535.2266235351562,156.76593017578125,539.3350830078125,165.39292907714844,0.7540702819824219
287,310.065185546875,209.94371032714844,314.0577697753906,217.40774536132812,0.7534406781196594
287,144.47653198242188,347.7999572753906,148.43809509277344,354.4910888671875,0.7532760500907898
287,399.5166320800781,347.9328308105469,404.1346130371094,353.1191101074219,0.7476686835289001
287,413.3087463378906,346.4740295410156,417.44793701171875,353.4519348144531,0.7291299104690552
287,631.7922973632812,345.3583068847656,637.1882934570312,349.48974609375,0.726759135723114
287,490.9555969238281,43.215240478515625,494.58642578125,51.850921630859375,0.7235321402549744
287,623.4730834960938,350.9332580566406,629.8585815429688,355.0106506347656,0.6933392286300659
287,645.3688354492188,350.8977355957031,650.3694458007812,356.13226318359375,0.6758015751838684
287,175.37631225585938,345.5977478027344,179.3108367919922,349.4570617675781,0.6680635809898376
288,516.4227294921875,274.6933288574219,523.2101440429688,281.87420654296875,0.8201229572296143
288,419.0379638671875,289.0299072265625,424.99652099609375,295.9206237792969,0.8051885366439819
288,138.7208251953125,301.981689453125,145.5433349609375,307.56597900390625,0.7978755831718445
288,622.4542236328125,221.47354125976562,628.7578125,227.5801239013672,0.792304515838623
288,45.73576736450195,173.95712280273438,51.1245002746582,182.378173828125,0.7922688722610474
288,260.72821044921875,191.24481201171875,265.47314453125,199.85089111328125,0.7918612957000732
288,267.9623107910156,346.9151306152344,275.4251708984375,351.5375061035156,0.7898421883583069
288,506.6719665527344,65.5867691040039,512.0159912109375,73.20980072021484,0.7873493432998657
288,371.6134338378906,151.12440490722656,376.05535888671875,160.00115966796875,0.7853724360466003
288,521.7210083007812,339.7992248535156,530.1790161132812,344.5258483886719,0.7853516340255737
288,53.46510696411133,33.17923355102539,57.81369400024414,41.918251037597656,0.7845684289932251
288,302.25921630859375,220.91937255859375,307.97216796875,226.83056640625,0.7784720659255981
288,56.12753677368164,335.3338928222656,60.249229431152344,344.1587829589844,0.7752158641815186
288,168.93023681640625,265.899169921875,173.44505310058594,274.1697692871094,0.7719646096229553
288,612.6087036132812,346.6559143066406,616.15234375,354.2378234863281,0.7648477554321289
288,535.1712036132812,154.99070739746094,539.3799438476562,164.0335693359375,0.7586368918418884
288,436.38525390625,338.56170654296875,440.97052001953125,346.0693664550781,0.757537841796875
288,144.49021911621094,347.6728210449219,148.4973602294922,354.5395812988281,0.7506366968154907
288,399.4843444824219,347.8941650390625,404.1263732910156,353.10784912109375,0.7467463612556458
288,413.2945556640625,346.3437805175781,417.5630187988281,353.3856506347656,0.7346025109291077
288,490.91754150390625,41.098388671875,494.6875,49.357765197753906,0.7299919724464417
288,632.5263061523438,344.9840393066406,638.0125732421875,348.9117736816406,0.7159196138381958
288,644.6720581054688,351.0860595703125,649.5770874023438,356.25177001953125,0.6995596885681152
288,175.326904296875,345.78228759765625,179.28138732910156,349.6760559082031,0.6700241565704346
288,623.6221313476562,350.8761291503906,630.0237426757812,354.93145751953125,0.6641635894775391
289,419.67425537109375,288.8462829589844,425.26226806640625,295.60906982421875,0.8000066876411438
289,623.5888061523438,220.548095703125,629.8406982421875,226.88131713867188,0.79848313331604
289,268.1310119628906,346.8764343261719,275.1695861816406,352.0016174316406,0.7972826957702637
289,521.7474365234375,339.73919677734375,530.1245727539062,344.46234130859375,0.7931920289993286
289,261.2295227050781,188.93984985351562,265.9814453125,197.4956817626953,0.7917306423187256
289,45.67960739135742,173.88345336914062,51.08051681518555,182.3424835205078,0.7913886904716492
289,137.71218872070312,301.58544921875,144.7830810546875,306.4861145019531,0.7882533669471741
289,505.9715270996094,63.51668167114258,511.4468688964844,71.14413452148438,0.7878389358520508
289,371.7855529785156,149.7644500732422,376.39764404296875,158.51698303222656,0.781392514705658
289,168.4579315185547,263.9543762207031,173.17367553710938,272.3769226074219,0.7745904922485352
289,509.41943359375,253.821533203125,515.9884643554688,258.24493408203125,0.7723410129547119
289,56.336097717285156,332.9452819824219,60.15929412841797,342.2043151855469,0.7653111815452576
289,54.24222183227539,31.205533981323242,58.52360534667969,39.824485778808594,0.7651055455207825
289,612.5308837890625,347.1583557128906,616.4546508789062,354.102783203125,0.7589712142944336
289,436.4088439941406,338.5361633300781,440.9005432128906,346.0765075683594,0.7560640573501587
289,399.4078063964844,347.85980224609375,404.04833984375,353.1457824707031,0.7515729665756226
289,144.51463317871094,347.45654296875,148.5692596435547,354.5160827636719,0.7494503259658813
289,303.80706787109375,218.48060607910156,309.274658203125,222.52120971679688,0.7484907507896423
289,535.5413208007812,153.45880126953125,539.6525268554688,162.339599609375,0.7456662654876709
289,490.7738037109375,38.511409759521484,494.7475280761719,46.92005157470703,0.7397900819778442
289,413.38970947265625,346.5362854003906,417.54449462890625,353.77374267578125,0.7361037135124207
289,643.6080322265625,350.2876281738281,649.0648193359375,356.0052185058594,0.7132729887962341
289,632.8211059570312,344.9765625,638.1769409179688,348.96429443359375,0.7118239998817444
289,623.6305541992188,350.9490661621094,629.8292236328125,354.9173583984375,0.6734170317649841
289,176.58428955078125,346.0525207519531,180.6250457763672,349.95269775390625,0.605102002620697
290,268.1492614746094,346.89794921875,275.31524658203125,352.00494384765625,0.7995676398277283
290,136.6063232421875,301.7083740234375,144.02601623535156,306.6334228515625,0.7981069087982178
290,624.51513671875,220.0511016845703,631.001953125,226.1889190673828,0.7976018190383911
290,261.8844909667969,187.2897491455078,266.7209167480469,196.16941833496094,0.7971914410591125
290,45.733638763427734,173.90338134765625,51.12216567993164,182.31826782226562,0.7932925820350647
290,420.6005859375,287.8223876953125,426.29931640625,294.2872314453125,0.7926469445228577
290,505.2948303222656,61.74845504760742,510.61920166015625,69.64347839355469,0.7909784317016602
290,55.38282012939453,29.5972957611084,60.18734359741211,37.871463775634766,0.7894358038902283
290,521.7692260742188,339.806640625,530.1777954101562,344.4909362792969,0.7879753708839417
290,531.9934692382812,254.26806640625,538.0343017578125,259.294677734375,0.7856005430221558
290,372.1885681152344,148.05690002441406,376.7308349609375,157.0357208251953,0.7853004932403564
290,167.83987426757812,262.8516540527344,172.281982421875,271.2627258300781,0.77719646692276
290,56.29337692260742,331.2021789550781,60.241966247558594,340.5082092285156,0.7662836313247681
290,303.341796875,220.48939514160156,308.93243408203125,224.90869140625,0.7640096545219421
290,436.3221130371094,338.5559997558594,440.92071533203125,346.1331481933594,0.7522392272949219
290,399.4590759277344,347.91766357421875,404.12872314453125,353.1357727050781,0.7452018857002258
290,612.388671875,347.4989929199219,616.5652465820312,353.7496337890625,0.7439819574356079
290,144.51055908203125,347.4891662597656,148.6058349609375,354.4560241699219,0.7436949014663696
290,536.0960083007812,151.9867706298828,539.8825073242188,160.51063537597656,0.7411697506904602
290,490.82171630859375,36.074012756347656,494.5811767578125,44.1247444152832,0.733690619468689
290,413.6986389160156,346.4972229003906,417.97509765625,353.69000244140625,0.7302368879318237
290,632.96533203125,345.2366638183594,638.1345825195312,349.0535888671875,0.700767457485199
290,642.1906127929688,350.5925598144531,646.9222412109375,354.8598937988281,0.661815881729126
290,623.68212890625,350.9578857421875,629.7198486328125,354.79736328125,0.6457244753837585
290,176.73147583007812,346.0755615234375,180.836669921875,350.190673828125,0.6154695153236389
291,549.818603515625,273.21514892578125,556.3663940429688,279.2248229980469,0.825982391834259
291,56.44137191772461,27.602407455444336,61.755218505859375,35.82425308227539,0.8106761574745178
291,421.6935729980469,289.4109802246094,427.69171142578125,296.13568115234375,0.805512011051178
291,268.20660400390625,346.90423583984375,275.37249755859375,352.057861328125,0.8012247681617737
291,626.2089233398438,218.9183807373047,632.9091186523438,225.04507446289062,0.8003064393997192
291,45.75710678100586,173.91094970703125,51.065677642822266,182.3283233642578,0.7932950258255005
291,136.0824432373047,301.6108703613281,143.61061096191406,306.45050048828125,0.7927773594856262
291,521.7130126953125,339.7648620605469,530.1181640625,344.50543212890625,0.7858473062515259
291,504.3754577636719,60.92037582397461,509.7933654785156,68.58094787597656,0.7827837467193604
291,262.4213562011719,185.8663787841797,266.9767761230469,194.58421325683594,0.7821155190467834
291,167.94436645507812,261.9935302734375,172.39947509765625,270.47332763671875,0.7799016833305359
291,372.4087219238281,146.28099060058594,376.7422790527344,155.30538940429688,0.7786190509796143
291,56.18486404418945,329.5863342285156,60.34515380859375,339.15966796875,0.7709739208221436
291,296.3504333496094,234.25001525878906,301.0765380859375,241.93190002441406,0.7626487016677856
291,413.7776184082031,346.39404296875,418.3861999511719,353.6546325683594,0.7499577403068542
291,436.3294372558594,338.4184265136719,440.8760986328125,345.8766174316406,0.7495888471603394
291,144.5302734375,347.5196228027344,148.65359497070312,354.4442138671875,0.74663245677948
291,612.22900390625,347.4873352050781,616.8401489257812,353.4128723144531,0.7451028823852539
291,399.36871337890625,347.9173583984375,404.06683349609375,353.1368103027344,0.7446445822715759
291,536.0201416015625,150.23800659179688,539.9253540039062,158.89590454101562,0.7388318181037903
291,490.8114929199219,33.96811294555664,494.6192932128906,42.05884552001953,0.7264150977134705
291,633.4325561523438,345.34716796875,638.4637451171875,349.1745300292969,0.6916484236717224
291,642.486083984375,350.6517028808594,648.0386352539062,355.49786376953125,0.6666468381881714
291,623.1282348632812,351.0270690917969,629.6514282226562,355.1497497558594,0.633320152759552
291,177.54164123535156,346.0863952636719,181.46438598632812,350.22576904296875,0.6309279799461365
292,57.82403564453125,25.842164993286133,62.87078857421875,33.79634475708008,0.801277220249176
292,45.80698776245117,173.93804931640625,51.22799301147461,182.31434631347656,0.7987861037254333
292,135.6615753173828,301.6029052734375,143.05410766601562,306.4983825683594,0.7966156601905823
292,268.2181091308594,346.88427734375,275.22314453125,352.0157165527344,0.7962674498558044
292,626.9733276367188,217.85411071777344,633.3779907226562,224.00369262695312,0.793091893196106
292,262.76251220703125,184.70028686523438,267.3768005371094,193.54974365234375,0.7884384393692017
292,539.9297485351562,285.82049560546875,545.1273803710938,292.3866271972656,0.7870604395866394
292,521.754638671875,339.87115478515625,530.1124267578125,344.5062255859375,0.7864466309547424
292,55.48201370239258,327.6815490722656,60.12321853637695,336.4020080566406,0.785862386226654
292,167.7182159423828,260.91943359375,172.29461669921875,269.30853271484375,0.7850214838981628
292,422.4791259765625,289.4920349121094,427.9829406738281,295.3951110839844,0.7849868535995483
292,283.8772277832031,239.69912719726562,290.0955505371094,244.65438842773438,0.7836405634880066
292,503.2768859863281,59.46651840209961,508.98504638671875,67.31236267089844,0.7835559248924255
292,372.4671936035156,144.5633544921875,376.5516662597656,153.39971923828125,0.7786380052566528
292,144.5106658935547,347.52435302734375,148.60430908203125,354.4583435058594,0.7562116980552673
292,436.39031982421875,338.43621826171875,440.8544616699219,345.84197998046875,0.7537976503372192
292,611.890869140625,347.59808349609375,616.91796875,353.2453308105469,0.7498512864112854
292,536.2005615234375,148.64669799804688,540.34521484375,157.418212890625,0.7481471300125122
292,399.4580078125,347.9847106933594,404.0701904296875,353.09100341796875,0.7475800514221191
292,414.4745788574219,346.2373962402344,418.7840270996094,353.65814208984375,0.7433804869651794
292,641.3999633789062,348.1199645996094,645.566162109375,354.3201904296875,0.7266695499420166
292,491.1149597167969,31.836715698242188,494.7463073730469,39.809234619140625,0.7183338403701782
292,633.4239501953125,345.74542236328125,638.0919189453125,349.6796875,0.6782170534133911
292,177.91549682617188,346.1252746582031,182.04730224609375,350.27447509765625,0.6541022658348083
292,623.3652954101562,350.95587158203125,630.3978271484375,355.0187072753906,0.6338873505592346
293,53.84199142456055,325.79461669921875,59.16867446899414,333.974609375,0.7999829649925232
293,135.36715698242188,301.5830078125,142.8187713623047,306.5195617675781,0.7996955513954163
293,268.20196533203125,346.9122009277344,275.0955505371094,352.0560607910156,0.7968977689743042
293,264.16180419921875,229.88575744628906,270.7466125488281,234.95277404785156,0.7949777245521545
293,45.82514190673828,173.9202423095703,51.2380485534668,182.30917358398438,0.7937730550765991
293,628.258544921875,216.8258514404297,634.92236328125,222.7357635498047,0.789725661277771
293,59.35437774658203,23.599689483642578,64.21575927734375,31.420560836791992,0.788340151309967
293,502.4656677246094,58.0584602355957,508.1347351074219,66.2293930053711,0.7869657874107361
293,423.1379699707031,288.6656799316406,428.80499267578125,294.6326599121094,0.7857213616371155
293,167.73544311523438,259.5318603515625,172.4112548828125,268.0461120605469,0.7837051153182983
293,263.5331115722656,183.3865203857422,268.3330993652344,192.0045928955078,0.7834208607673645
293,521.7733764648438,339.8673400878906,530.0562744140625,344.43939208984375,0.7832713723182678
293,372.36907958984375,142.79115295410156,376.6912536621094,151.94522094726562,0.7771658301353455
293,534.6033325195312,289.8794250488281,541.2374877929688,294.10693359375,0.7690092325210571
293,436.5873107910156,338.08709716796875,441.1407775878906,345.5706787109375,0.7575359344482422
293,144.3057098388672,347.0676574707031,148.4835662841797,353.92486572265625,0.7524995803833008
293,414.7160339355469,346.1873779296875,419.08441162109375,353.6470031738281,0.7489871382713318
293,399.46026611328125,348.0049133300781,404.07489013671875,353.0792236328125,0.7453112006187439
293,536.5087890625,147.74993896484375,540.7470703125,156.28477478027344,0.7448840141296387
293,491.1143798828125,29.743881225585938,494.7107238769531,37.66532897949219,0.71684330701828
293,612.0759887695312,348.7557067871094,616.8594970703125,353.197265625,0.697123646736145
293,641.7330322265625,348.8911437988281,645.646484375,354.5387878417969,0.6922670602798462
293,178.1605987548828,346.0945739746094,182.50135803222656,350.27215576171875,0.6737331748008728
293,632.9729614257812,345.5372009277344,637.587158203125,349.2444763183594,0.6658442616462708
293,622.9141845703125,350.9007263183594,629.7428588867188,354.95623779296875,0.6435824632644653
294,629.6884765625,215.81991577148438,636.5198364257812,221.80264282226562,0.8045293688774109
294,268.212890625,346.8070983886719,275.1771545410156,352.1061706542969,0.7994325757026672
294,45.826229095458984,173.9334259033203,51.32236862182617,182.19198608398438,0.7931928038597107
294,135.4163360595703,301.8316650390625,142.67295837402344,306.60369873046875,0.7920137643814087
294,52.81537628173828,324.2380676269531,57.92479705810547,332.14105224609375,0.7908200621604919
294,501.6623229980469,56.79948425292969,507.2500915527344,64.27497863769531,0.7883810997009277
294,263.9300842285156,182.775634765625,268.7401428222656,191.3739471435547,0.7853216528892517
294,60.46299362182617,21.660930633544922,65.20599365234375,29.76970863342285,0.7837953567504883
294,167.7061004638672,258.7497863769531,172.3709259033203,267.3305358886719,0.7837026119232178
294,521.7684936523438,339.92218017578125,530.0555419921875,344.4775085449219,0.7832522988319397
294,273.74114990234375,230.1883544921875,278.35101318359375,239.04486083984375,0.7813417315483093
294,423.4369201660156,288.1926574707031,429.0616455078125,293.84979248046875,0.7794539928436279
294,555.3574829101562,301.5856018066406,559.9215087890625,307.74383544921875,0.77659010887146
294,372.3355712890625,141.3238067626953,376.7794494628906,150.2774200439453,0.7758303284645081
294,436.5178527832031,337.72381591796875,441.2150573730469,345.073974609375,0.7714996337890625
294,143.74961853027344,347.2030944824219,148.29978942871094,353.70562744140625,0.7567640542984009
294,399.43585205078125,348.0264587402344,404.01654052734375,353.0792541503906,0.7482976913452148
294,414.7623291015625,346.0616455078125,419.0040283203125,353.6170959472656,0.7464355826377869
294,536.8304443359375,146.69972229003906,541.1156005859375,155.20703125,0.7443446516990662
294,491.1252746582031,27.309345245361328,494.904541015625,35.35921859741211,0.7389361262321472
294,612.1583862304688,348.6005859375,616.7492065429688,353.36968994140625,0.7159601449966431
294,178.84494018554688,346.41290283203125,183.86349487304688,350.27545166015625,0.7078455686569214
294,640.6435546875,349.51788330078125,644.5859375,354.89373779296875,0.6763571500778198
294,632.9366455078125,345.3981628417969,637.62841796875,349.3006591796875,0.6756410002708435
294,622.7294311523438,350.8152160644531,628.9254150390625,354.6313171386719,0.642095685005188
295,288.16778564453125,297.89227294921875,294.4981384277344,314.1591796875,0.8240445852279663
295,631.5659790039062,214.7917022705078,638.0984497070312,221.03317260742188,0.8140466809272766
295,268.1463317871094,346.630615234375,275.1612243652344,352.0979919433594,0.798818051815033
295,45.825653076171875,173.91026306152344,51.236331939697266,182.2811737060547,0.7933987379074097
295,51.74308776855469,322.3315124511719,57.11808395385742,330.4383544921875,0.792265772819519
295,135.24700927734375,301.964599609375,142.452392578125,306.6463317871094,0.7878339886665344
295,423.9112548828125,287.63519287109375,429.696533203125,293.52154541015625,0.7871581315994263
295,264.1030578613281,182.5889892578125,268.94659423828125,191.3285369873047,0.7852206230163574
295,521.6931762695312,339.9527893066406,530.0573120117188,344.4816589355469,0.7839155197143555
295,372.35223388671875,139.7051239013672,376.6265563964844,148.7395782470703,0.7772098183631897
295,500.91973876953125,55.53179931640625,506.2046813964844,62.893959045410156,0.7762365341186523
295,61.066864013671875,20.095844268798828,65.7372055053711,27.997928619384766,0.7738259434700012
295,167.29800415039062,257.7183532714844,171.88941955566406,266.2901611328125,0.7725875973701477
295,436.447998046875,337.662353515625,441.2113037109375,345.06146240234375,0.7653106451034546
295,547.554931640625,310.76007080078125,551.4945678710938,317.15484619140625,0.7603185176849365
295,537.0625610351562,145.9058837890625,541.4263916015625,154.740478515625,0.7551478743553162
295,143.2548065185547,347.2613525390625,147.6557159423828,353.7203674316406,0.7439208030700684
295,179.8213348388672,346.4228210449219,185.66156005859375,350.1959228515625,0.7399343848228455
295,414.7699279785156,346.083984375,418.9526672363281,353.656005859375,0.7391619682312012
295,399.4543151855469,348.09222412109375,404.0426940917969,353.1109924316406,0.7338788509368896
295,490.807861328125,24.335718154907227,494.54803466796875,32.403968811035156,0.7336066365242004
295,612.1275634765625,348.6416931152344,616.7156982421875,353.3255920410156,0.7207127809524536
295,622.2322387695312,350.53240966796875,628.0882568359375,354.3349914550781,0.6965160369873047
295,632.929931640625,345.44677734375,637.6175537109375,349.4358215332031,0.6669930815696716
295,638.9920654296875,350.7962951660156,643.998291015625,355.13812255859375,0.6610046625137329
296,542.0394897460938,326.84112548828125,547.981201171875,334.11785888671875,0.828264057636261
296,632.6295776367188,213.6378936767578,639.6170654296875,220.00865173339844,0.8170943260192871
296,268.1280822753906,346.5564270019531,275.43963623046875,352.23883056640625,0.8015989661216736
296,499.28253173828125,54.94200897216797,505.4920654296875,60.65546798706055,0.8010928630828857
296,291.2763671875,343.319091796875,296.3150939941406,351.6357727050781,0.7913402915000916
296,50.72364807128906,320.6713562011719,56.181941986083984,328.6257629394531,0.7905280590057373
296,264.1666259765625,181.92709350585938,269.2019958496094,190.77725219726562,0.7902413606643677
296,135.06936645507812,302.1746826171875,142.32815551757812,306.8017272949219,0.7897542119026184
296,424.3514404296875,287.38934326171875,430.3996887207031,293.2033386230469,0.7872908115386963
296,45.81497573852539,173.87002563476562,51.091304779052734,182.4213409423828,0.7866129279136658
296,372.28985595703125,137.9927978515625,376.6887512207031,146.87326049804688,0.7810949683189392
296,61.790287017822266,18.109451293945312,66.59940338134766,26.309953689575195,0.7736195921897888
296,521.74609375,339.90765380859375,530.0811157226562,344.4260559082031,0.7731377482414246
296,167.1908416748047,256.52099609375,171.82046508789062,264.90692138671875,0.7706673741340637
296,142.08428955078125,347.28173828125,147.14822387695312,353.1234130859375,0.7652972340583801
296,436.49127197265625,337.6839294433594,441.2418212890625,344.9419250488281,0.7639336585998535
296,181.03976440429688,346.7396240234375,187.476806640625,350.67877197265625,0.7610098719596863
296,537.1748657226562,145.4766082763672,541.8214721679688,154.14321899414062,0.7538420557975769
296,490.9518127441406,21.80681800842285,494.7876892089844,29.827163696289062,0.7397597432136536
296,414.8393859863281,346.0551452636719,419.00628662109375,353.6463623046875,0.7333402037620544
296,612.079345703125,348.6558837890625,616.6893920898438,353.3262023925781,0.7248541116714478
296,399.4388732910156,348.1671447753906,403.9630432128906,353.1234130859375,0.7243275046348572
296,622.4195556640625,350.5408630371094,628.2337646484375,354.3218688964844,0.6973312497138977
296,638.4638061523438,350.8671569824219,643.9691772460938,355.28631591796875,0.6656129956245422
296,632.9544677734375,345.5757751464844,637.4286499023438,349.692138671875,0.6490179300308228
297,634.2799072265625,212.52403259277344,641.1229858398438,218.7718048095703,0.8076900839805603
297,498.1034851074219,54.54273986816406,504.7601013183594,59.84206008911133,0.7961586713790894
297,49.5617561340332,319.2359924316406,55.17139434814453,326.8320617675781,0.7928406596183777
297,45.80064010620117,173.8398895263672,51.08306121826172,182.4545440673828,0.7856745719909668
297,264.2417297363281,181.6722869873047,269.2620849609375,190.2463836669922,0.7841603755950928
297,134.9078826904297,302.2720642089844,141.93504333496094,306.794921875,0.7778280377388
297,372.42510986328125,136.16720581054688,376.7638244628906,145.2117462158203,0.7753639221191406
297,166.9679412841797,255.33399963378906,171.60833740234375,263.62335205078125,0.7686471939086914
297,537.3359985351562,144.81118774414062,542.9393310546875,151.99481201171875,0.7680738568305969
297,521.8574829101562,339.9588317871094,530.3439331054688,344.6321716308594,0.7675703167915344
297,425.5041809082031,286.80303955078125,430.7211608886719,293.1092224121094,0.7662044763565063
297,62.542659759521484,15.532583236694336,67.27913665771484,23.88543701171875,0.7616745233535767
297,436.5209655761719,338.09063720703125,441.1233825683594,345.42138671875,0.7614550590515137
297,140.90872192382812,347.10137939453125,146.229736328125,351.8688659667969,0.7537815570831299
297,182.1230926513672,346.87786865234375,188.48411560058594,350.5771179199219,0.747965395450592
297,291.5238952636719,341.7722473144531,295.6512145996094,349.08428955078125,0.7372104525566101
297,268.0240783691406,345.6992492675781,275.0529479980469,352.2821960449219,0.7351720333099365
297,414.88555908203125,346.0670471191406,418.99609375,353.5777893066406,0.7337343096733093
297,399.49713134765625,348.2227478027344,403.95599365234375,353.1037292480469,0.7293674349784851
297,491.22601318359375,19.352231979370117,494.935302734375,27.516937255859375,0.722793459892273
297,528.499267578125,347.421142578125,534.6183471679688,351.2170104980469,0.7190033793449402
297,612.2191162109375,348.98211669921875,616.7322998046875,353.308837890625,0.7106057405471802
297,622.385986328125,350.5391540527344,628.0028686523438,354.2479248046875,0.7006545066833496
297,638.3985595703125,351.222900390625,643.794189453125,355.3442077636719,0.6571728587150574
297,633.0490112304688,345.56201171875,637.484130859375,349.5300598144531,0.6564062237739563
298,48.19343948364258,317.83087158203125,54.186214447021484,325.537841796875,0.800967812538147
298,268.17095947265625,178.08802795410156,273.28717041015625,185.59107971191406,0.7971904873847961
298,635.6527709960938,211.9504852294922,642.150146484375,218.09658813476562,0.7932966351509094
298,497.1903076171875,53.79975891113281,503.29034423828125,59.13715744018555,0.7911669611930847
298,134.72763061523438,301.9655456542969,141.85621643066406,306.8674621582031,0.7885189056396484
298,45.80802536010742,173.91758728027344,51.02073287963867,182.4390106201172,0.7849385142326355
298,166.53895568847656,254.00828552246094,171.27297973632812,262.53125,0.7723393440246582
298,538.2339477539062,144.21054077148438,544.181884765625,150.51666259765625,0.7694085836410522
298,372.4262390136719,134.58416748046875,376.9547424316406,143.39337158203125,0.7680896520614624
298,139.56385803222656,346.820556640625,145.24606323242188,351.4177551269531,0.766677737236023
298,521.8788452148438,339.7811279296875,530.2940063476562,344.56341552734375,0.764335572719574
298,426.1124572753906,286.3378601074219,431.21014404296875,292.6216735839844,0.763427734375
298,436.5041809082031,338.0079345703125,441.1015625,345.5077209472656,0.7545360922813416
298,182.24041748046875,346.9412841796875,188.63931274414062,350.60186767578125,0.7502338290214539
298,63.71339416503906,12.806092262268066,67.5973892211914,21.176523208618164,0.7401277422904968
298,268.6482849121094,341.9416198730469,273.6273498535156,351.5268859863281,0.7343471646308899
298,414.6880187988281,345.8567810058594,418.78515625,353.54925537109375,0.7288268208503723
298,529.4208374023438,347.6510314941406,535.3587646484375,351.83074951171875,0.7280808091163635
298,399.47259521484375,348.2491149902344,403.8930969238281,353.1103820800781,0.7271449565887451
298,491.0611572265625,16.866392135620117,494.8764953613281,25.074033737182617,0.7142024636268616
298,282.4668884277344,341.4375305175781,287.4765319824219,346.008056640625,0.7129448056221008
298,622.6843872070312,350.4424133300781,628.2979125976562,354.25726318359375,0.6907347440719604
298,638.627685546875,351.1100769042969,644.0831298828125,355.4590148925781,0.6435911059379578
298,611.8363647460938,350.0625,615.803466796875,353.9717712402344,0.6407447457313538
298,632.9383544921875,345.47210693359375,637.5850219726562,349.6271057128906,0.6215392351150513
299,636.5043334960938,211.19366455078125,643.5000610351562,217.77427673339844,0.8089820146560669
299,46.91581344604492,316.362060546875,52.967159271240234,324.128662109375,0.801226019859314
299,134.31101989746094,301.57177734375,141.7266845703125,306.8839111328125,0.7939366102218628
299,496.192626953125,53.2669792175293,502.5957946777344,58.54848098754883,0.7889058589935303
299,45.76594924926758,173.897705078125,51.01607894897461,182.42640686035156,0.7837388515472412
299,539.3409423828125,143.5371551513672,545.5999755859375,149.35731506347656,0.7774917483329773
299,434.66357421875,342.8601989746094,440.09149169921875,349.4646911621094,0.7722076773643494
299,166.259521484375,252.94192504882812,170.86306762695312,260.99176025390625,0.7684664726257324
299,426.5358581542969,285.515625,431.77069091796875,292.10906982421875,0.7682790756225586
299,372.67889404296875,132.952880859375,376.7320251464844,141.777099609375,0.7682602405548096
299,521.8051147460938,339.7047424316406,530.2030639648438,344.5278015136719,0.7672845721244812
299,271.16326904296875,327.77703857421875,275.991943359375,333.9089660644531,0.7546355724334717
299,286.4356384277344,152.79832458496094,291.04901123046875,160.20407104492188,0.74897301197052
299,529.2456665039062,347.1129455566406,535.0176391601562,351.796142578125,0.7471009492874146
299,415.2198181152344,345.2854919433594,419.85888671875,353.5431823730469,0.7456278800964355
299,182.7710723876953,346.8555603027344,188.98016357421875,350.5223693847656,0.7452071309089661
299,139.10452270507812,347.01220703125,144.40103149414062,351.1546936035156,0.7395484447479248
299,64.33953094482422,10.727126121520996,68.17951965332031,19.091285705566406,0.7365544438362122
299,399.52276611328125,348.2126159667969,403.9876708984375,353.1708068847656,0.7149836421012878
299,491.1190490722656,14.248411178588867,495.0159912109375,22.683902740478516,0.7132743000984192
299,622.647216796875,350.48968505859375,628.0349731445312,354.32049560546875,0.6990160346031189
299,638.55078125,351.2956848144531,643.98486328125,355.44903564453125,0.6629162430763245
299,611.8128662109375,350.21954345703125,615.61279296875,353.99920654296875,0.6363661289215088
299,276.68902587890625,340.2566223144531,281.6438903808594,345.451904296875,0.6140620112419128
299,491.2301940917969,5.508991241455078,495.3868713378906,10.758475303649902,0.594382643699646
299,632.9967041015625,345.45782470703125,637.3960571289062,349.53594970703125,0.5854175090789795
299,276.0851135253906,344.1781005859375,281.129638671875,350.70977783203125,0.5067717432975769
300,637.9942626953125,211.09471130371094,644.6931762695312,217.6544189453125,0.804188072681427
300,45.307743072509766,314.82855224609375,51.51474380493164,322.0389709472656,0.8029628992080688
300,134.28846740722656,301.54669189453125,141.4996337890625,307.0463562011719,0.7966511845588684
300,45.656681060791016,173.84437561035156,50.9737663269043,182.19281005859375,0.7837820649147034
300,372.730712890625,131.0216522216797,377.1249694824219,140.0322265625,0.7804796695709229
300,539.9273071289062,143.3092041015625,546.291259765625,149.22793579101562,0.7794336676597595
300,521.7960815429688,339.915283203125,530.3382568359375,344.7145690917969,0.7740806341171265
300,426.9781799316406,284.8095703125,432.4288024902344,291.115478515625,0.7705846428871155
300,165.7574920654297,250.8963623046875,170.55995178222656,259.15008544921875,0.7700695395469666
300,303.5700378417969,127.31900787353516,309.4105529785156,133.30813598632812,0.767486035823822
300,282.277587890625,300.0770263671875,286.83587646484375,306.64776611328125,0.7658802270889282
300,495.668212890625,52.97941589355469,501.52447509765625,58.17823791503906,0.7641233205795288
300,277.6919860839844,341.9888916015625,284.17919921875,350.37066650390625,0.7603098154067993
300,431.64599609375,344.128662109375,436.7543029785156,350.45501708984375,0.7538950443267822
300,182.82183837890625,346.5549011230469,189.00193786621094,350.3426208496094,0.7522954940795898
300,416.0821228027344,345.77691650390625,420.98321533203125,353.4554748535156,0.7444628477096558
300,528.4852905273438,346.57427978515625,533.3716430664062,351.2770080566406,0.7111318707466125
300,399.60479736328125,348.1737365722656,403.98907470703125,353.0484313964844,0.7094260454177856
300,622.2179565429688,350.40380859375,627.7118530273438,354.4108581542969,0.7092303037643433
300,138.3018341064453,347.1046142578125,143.1182403564453,351.22967529296875,0.7025923132896423
300,64.7636489868164,10.233015060424805,68.47174835205078,15.887247085571289,0.6823670864105225
300,490.838134765625,12.879375457763672,495.0353698730469,20.159372329711914,0.6688757538795471
300,638.3817749023438,351.43212890625,644.1484985351562,355.42852783203125,0.663223147392273
300,612.3740234375,349.9393005371094,615.9828491210938,353.94573974609375,0.644060492515564
300,633.1503295898438,345.3725891113281,637.6063232421875,349.4305114746094,0.6328689455986023
300,490.55572509765625,5.921253681182861,494.92681884765625,11.534612655639648,0.5930189490318298
301,43.794403076171875,313.9363098144531,49.78569412231445,320.8058166503906,0.8006765246391296
301,134.28147888183594,301.5814514160156,141.19290161132812,307.0250549316406,0.7989933490753174
301,639.458984375,210.612548828125,645.7489013671875,216.99000549316406,0.7986754179000854
301,45.71699142456055,173.87680053710938,50.9467887878418,182.1654510498047,0.7830544710159302
301,372.317626953125,129.31903076171875,376.8775329589844,138.20993041992188,0.7804890275001526
301,165.4169921875,249.2392578125,170.00335693359375,257.6930236816406,0.77740478515625
301,540.5623168945312,142.8678436279297,546.9869995117188,148.90769958496094,0.7772728204727173
301,521.8615112304688,339.9605407714844,530.3583984375,344.6529541015625,0.7738122940063477
301,427.6494445800781,284.2023010253906,432.8931884765625,290.9851989746094,0.7735939025878906
301,495.37042236328125,52.47618865966797,501.1251220703125,57.972957611083984,0.7722264528274536
301,287.1710510253906,341.56585693359375,292.34063720703125,348.6435241699219,0.7696670889854431
301,182.72926330566406,346.4775695800781,188.9475860595703,350.3636169433594,0.7666727304458618
301,279.92413330078125,346.00897216796875,286.28973388671875,350.77642822265625,0.7648035287857056
301,416.67913818359375,346.0909729003906,421.5648498535156,354.0272521972656,0.7633363008499146
301,432.19671630859375,338.0179443359375,436.9794006347656,345.37542724609375,0.7632483839988708
301,284.6599426269531,276.5827941894531,289.6846008300781,282.01190185546875,0.7621633410453796
301,303.83428955078125,127.69248962402344,308.6069030761719,134.5835418701172,0.7559224367141724
301,527.8883056640625,346.4564208984375,533.4844360351562,351.5149230957031,0.731579065322876
301,137.7548370361328,347.1433410644531,142.516357421875,351.26171875,0.7232147455215454
301,399.58929443359375,348.1538391113281,403.95654296875,353.0771484375,0.7190394997596741
301,621.89453125,350.2945861816406,627.546630859375,354.306640625,0.7059366106987
301,638.3291625976562,351.44525146484375,644.1730346679688,355.42779541015625,0.6649072170257568
301,612.9309692382812,349.6361999511719,617.1864013671875,353.51300048828125,0.6503691077232361
301,633.09033203125,345.33935546875,637.7183227539062,349.47003173828125,0.6306532621383667
301,491.129638671875,9.447850227355957,494.74993896484375,16.627323150634766,0.585144579410553
301,64.43180847167969,10.19365406036377,68.55322265625,14.364421844482422,0.44204896688461304
302,41.25022888183594,312.9719543457031,48.340980529785156,319.5982666015625,0.8039078712463379
302,133.76889038085938,300.9587097167969,140.5609893798828,306.7939453125,0.7982321977615356
302,640.5225219726562,210.58387756347656,647.006591796875,216.762939453125,0.7841872572898865
302,372.5045166015625,127.76649475097656,376.90228271484375,136.4462890625,0.7823929786682129
302,494.8750915527344,51.93244552612305,500.5994567871094,57.5023193359375,0.781688392162323
302,164.78294372558594,247.8311767578125,169.49093627929688,256.2582702636719,0.7799056768417358
302,45.71288299560547,173.91464233398438,50.9836311340332,182.22850036621094,0.7794589996337891
302,417.32958984375,346.37548828125,423.2270812988281,354.3130187988281,0.7730679512023926
302,182.5982208251953,346.459228515625,189.20094299316406,350.4280090332031,0.7708439826965332
302,521.8883666992188,339.9385070800781,530.4147338867188,344.6038818359375,0.764820396900177
302,541.6438598632812,142.54212951660156,547.8298950195312,148.31285095214844,0.7615097165107727
302,303.4076843261719,126.41255187988281,308.1873779296875,133.2445068359375,0.7597203254699707
302,428.8432312011719,283.23590087890625,433.4583435058594,290.6363525390625,0.7593331336975098
302,297.8728332519531,274.2663879394531,304.14862060546875,278.22216796875,0.7505604028701782
302,434.17205810546875,338.6372375488281,438.46929931640625,346.0885314941406,0.7465375661849976
302,527.8336181640625,346.43402099609375,533.5541381835938,351.52587890625,0.7282186150550842
302,136.69760131835938,346.8608703613281,141.55746459960938,351.21002197265625,0.725591778755188
302,289.57183837890625,346.8004150390625,295.0783386230469,351.2328186035156,0.7110329866409302
302,621.2515869140625,350.1424560546875,627.3493041992188,354.2394104003906,0.7110210657119751
302,293.6632080078125,342.3607482910156,298.75390625,347.0031433105469,0.7069637179374695
302,399.46405029296875,348.4101257324219,403.9061279296875,353.1105651855469,0.695518434047699
302,614.10498046875,349.4169921875,618.1469116210938,353.3336181640625,0.6613970994949341
302,638.7258911132812,351.42584228515625,644.3201293945312,355.3097229003906,0.6573449969291687
302,633.1008911132812,345.2779235839844,637.7101440429688,349.5148620605469,0.5974524021148682
303,133.63504028320312,300.6253356933594,140.468505859375,306.51953125,0.8006337285041809
303,39.3808708190918,312.04022216796875,46.344940185546875,318.5589599609375,0.7883498072624207
303,641.3773803710938,210.45965576171875,648.3661499023438,216.53663635253906,0.7859466075897217
303,494.4608459472656,51.43601608276367,500.0076599121094,57.15498352050781,0.7856427431106567
303,45.73377990722656,173.92599487304688,50.973472595214844,182.26315307617188,0.781319797039032
303,164.436767578125,245.89404296875,169.12417602539062,254.31570434570312,0.7811978459358215
303,372.4009704589844,126.03923797607422,376.707275390625,134.486328125,0.7765212059020996
303,303.3996887207031,277.41925048828125,308.2443542480469,284.49749755859375,0.7751384377479553
303,417.5323181152344,346.6481628417969,423.657470703125,354.2834777832031,0.7708529233932495
303,521.8639526367188,339.98150634765625,530.422119140625,344.6143493652344,0.7689080238342285
303,542.3223876953125,141.80763244628906,548.3969116210938,147.71115112304688,0.7604285478591919
303,183.1682891845703,346.7626647949219,189.5669708251953,350.50604248046875,0.7594797015190125
303,429.101318359375,281.999267578125,433.73492431640625,289.30267333984375,0.7587316632270813
303,303.1906433105469,125.60731506347656,307.1930236816406,133.21888732910156,0.741248369216919
303,136.25340270996094,346.7706298828125,141.2230987548828,351.2307434082031,0.7355214953422546
303,286.10894775390625,345.4324951171875,292.01654052734375,350.5419921875,0.727165937423706
303,431.7322692871094,342.5637512207031,437.8214111328125,346.43231201171875,0.727160632610321
303,527.6757202148438,346.57208251953125,533.5344848632812,351.41015625,0.7255268096923828
303,634.8726806640625,340.2812194824219,640.0230102539062,345.9551086425781,0.7251558303833008
303,291.2285461425781,343.3304748535156,296.48822021484375,349.5815124511719,0.7239429354667664
303,621.1100463867188,350.06201171875,627.7269897460938,354.1841125488281,0.7150983810424805
303,399.2752380371094,348.36370849609375,403.83026123046875,352.977294921875,0.7078766822814941
303,614.3950805664062,349.3904724121094,618.6724853515625,353.25543212890625,0.6484329104423523
303,639.5460815429688,351.48779296875,644.504150390625,355.28594970703125,0.6372547745704651
304,133.67587280273438,300.6937255859375,140.32485961914062,306.8338623046875,0.8048897981643677
304,37.56370544433594,311.3100280761719,44.623252868652344,317.87200927734375,0.8027079701423645
304,642.7447509765625,209.81814575195312,649.7713623046875,215.95327758789062,0.7928382754325867
304,45.67768096923828,173.85604858398438,50.951332092285156,182.287841796875,0.7851834893226624
304,493.9875793457031,51.029911041259766,499.4775390625,56.77096939086914,0.7823694348335266
304,164.00662231445312,244.66871643066406,168.73114013671875,253.00047302246094,0.7813053727149963
304,372.39453125,124.57743072509766,376.6175231933594,133.21559143066406,0.7796592712402344
304,417.9340515136719,346.8662109375,424.43603515625,354.31884765625,0.7789931297302246
304,543.0252685546875,141.15301513671875,549.2283935546875,147.20486450195312,0.7735781073570251
304,521.8838500976562,339.9599609375,530.355224609375,344.5878601074219,0.7690660357475281
304,429.5670471191406,281.23553466796875,434.4674072265625,288.2518310546875,0.7622319459915161
304,183.2305450439453,346.7366027832031,189.55824279785156,350.47393798828125,0.7591230273246765
304,287.9258117675781,275.7044372558594,291.9956359863281,282.5073547363281,0.7551811933517456
304,303.4017028808594,124.77317810058594,307.3176574707031,133.1206512451172,0.7489142417907715
304,280.9655456542969,340.4384765625,287.31939697265625,344.8720703125,0.7475270628929138
304,621.0197143554688,349.89068603515625,627.5325317382812,354.385009765625,0.7456057667732239
304,527.3526611328125,346.3358154296875,533.588134765625,351.45977783203125,0.7423705458641052
304,135.50245666503906,346.7001647949219,140.41262817382812,351.2765808105469,0.732634425163269
304,285.2852478027344,344.6083068847656,291.2372741699219,351.4643249511719,0.7318210005760193
304,434.0667724609375,346.32470703125,437.53717041015625,353.45208740234375,0.7206513285636902
304,638.0661010742188,350.6216735839844,643.9038696289062,355.3089294433594,0.7108911871910095
304,650.1510009765625,345.3747863769531,654.763916015625,353.110595703125,0.6986541152000427
304,399.5312805175781,348.4136047363281,403.9134826660156,353.0751037597656,0.6956417560577393
304,614.7357788085938,349.37066650390625,619.1231079101562,353.3904724121094,0.6548121571540833
305,35.70592498779297,310.424560546875,42.95985412597656,316.8823547363281,0.8002671003341675
305,133.57534790039062,299.66326904296875,139.60585021972656,306.345703125,0.7967014908790588
305,45.7088623046875,173.83889770507812,50.98604202270508,182.23793029785156,0.7822685241699219
305,163.4171600341797,243.3312530517578,168.2515411376953,251.74813842773438,0.7817723155021667
305,644.4255981445312,209.24301147460938,651.582275390625,215.28268432617188,0.7815614342689514
305,182.89230346679688,346.3996887207031,189.49081420898438,350.5041198730469,0.7726200819015503
305,493.61212158203125,50.258487701416016,499.1611328125,56.12041091918945,0.7716373205184937
305,521.8849487304688,339.926513671875,530.3572998046875,344.6139831542969,0.7703729271888733
305,418.0521545410156,346.88507080078125,424.6312255859375,354.2408752441406,0.7702444791793823
305,282.65142822265625,288.025634765625,287.0859069824219,294.6907043457031,0.7662234306335449
305,372.3355712890625,122.89347839355469,376.59783935546875,131.68368530273438,0.7648190259933472
305,544.1944580078125,140.2000732421875,550.03076171875,146.0986328125,0.7647597193717957
305,430.22821044921875,280.2563171386719,435.2353820800781,287.62994384765625,0.7645681500434875
305,268.86358642578125,347.4512634277344,275.76605224609375,351.68798828125,0.7546837329864502
305,296.02227783203125,342.4568176269531,302.1229553222656,348.03607177734375,0.7495759725570679
305,134.80894470214844,346.58172607421875,139.9446563720703,351.1464538574219,0.7371558547019958
305,303.5165100097656,123.2889175415039,307.2992248535156,131.66876220703125,0.7358363270759583
305,527.394775390625,346.3311462402344,533.6028442382812,351.4709167480469,0.7354831099510193
305,620.8565063476562,349.6602478027344,627.143310546875,354.00408935546875,0.7222692370414734
305,432.9710998535156,347.28070068359375,437.1376037597656,353.5934143066406,0.7175940871238708
305,648.3649291992188,350.7662048339844,653.9710083007812,355.4664306640625,0.6947635412216187
305,399.75787353515625,348.3775634765625,404.1463928222656,353.0941162109375,0.6856620907783508
305,614.8350830078125,349.384765625,619.3407592773438,353.310791015625,0.6680634021759033
305,639.4976196289062,350.50640869140625,646.0523681640625,355.0036926269531,0.6224177479743958
306,277.1399841308594,305.25909423828125,283.14410400390625,312.1595153808594,0.824560284614563
306,34.47389221191406,309.3875427246094,41.388675689697266,315.9151306152344,0.7950028777122498
306,132.93112182617188,298.47210693359375,138.38668823242188,306.5122985839844,0.7848998308181763
306,45.73679733276367,173.85995483398438,51.03985595703125,182.2635955810547,0.7789373993873596
306,645.642333984375,209.31906127929688,652.8123168945312,214.93658447265625,0.7784761190414429
306,493.5989990234375,50.23927688598633,499.1591491699219,56.09737014770508,0.7758415341377258
306,163.18016052246094,241.58889770507812,168.0424346923828,249.7252655029297,0.7739726901054382
306,544.3134155273438,139.40414428710938,550.465087890625,145.4034881591797,0.7668256759643555
306,430.61907958984375,279.18365478515625,435.6335754394531,286.75390625,0.7625979781150818
306,418.0813293457031,347.3228759765625,424.5552673339844,354.12335205078125,0.7616272568702698
306,372.5314025878906,121.25068664550781,376.56646728515625,130.20350646972656,0.760545015335083
306,521.799072265625,339.9298095703125,530.2960205078125,344.63018798828125,0.7585839629173279
306,182.90040588378906,346.6457824707031,189.5374755859375,350.5675354003906,0.7563985586166382
306,269.34539794921875,346.7428283691406,276.7970886230469,350.7921447753906,0.7539476156234741
306,308.6655578613281,332.5423583984375,315.64288330078125,336.5275573730469,0.7438343167304993
306,134.61785888671875,346.21612548828125,139.6623077392578,351.16644287109375,0.7355358004570007
306,526.0789184570312,345.81671142578125,532.1693725585938,350.9464111328125,0.7317038178443909
306,303.355224609375,121.89341735839844,307.1292419433594,130.41001892089844,0.7212280631065369
306,620.0547485351562,349.6608581542969,626.7976684570312,353.950439453125,0.7095712423324585
306,647.9774780273438,352.172119140625,654.1798095703125,356.1626892089844,0.702008843421936
306,399.6831970214844,348.322509765625,403.9976806640625,352.99981689453125,0.6659162044525146
306,432.5350036621094,348.8556213378906,436.6128234863281,353.5693054199219,0.6621400117874146
306,615.3505859375,349.50067138671875,619.937744140625,353.2644348144531,0.6384515762329102
306,639.4970092773438,351.230712890625,646.1353149414062,355.308349609375,0.6345154643058777
307,33.4700813293457,308.5279846191406,40.46675491333008,315.04559326171875,0.793390691280365
307,132.62945556640625,297.6177978515625,137.57785034179688,305.506591796875,0.7833021283149719
307,45.69169235229492,173.8815460205078,51.0328483581543,182.22909545898438,0.782901406288147
307,493.6521911621094,50.375247955322266,499.1977844238281,55.969425201416016,0.7747817635536194
307,182.77420043945312,346.65240478515625,189.66903686523438,350.5848693847656,0.7707087397575378
307,163.04844665527344,240.0074005126953,167.63272094726562,248.40081787109375,0.7692391276359558
307,646.8866577148438,208.64974975585938,653.7211303710938,213.8511962890625,0.7685047388076782
307,418.16656494140625,347.16607666015625,424.6777648925781,353.88323974609375,0.7666093707084656
307,268.16705322265625,336.46746826171875,273.7215881347656,342.2270812988281,0.7628783583641052
307,304.07000732421875,337.4765625,308.8794860839844,344.118408203125,0.7626429796218872
307,372.47906494140625,119.81680297851562,376.8356628417969,128.59312438964844,0.7575693130493164
307,431.2877502441406,278.3826904296875,435.9875183105469,285.6133117675781,0.7549253106117249
307,521.8226318359375,339.8587951660156,530.3450317382812,344.6572265625,0.7546922564506531
307,134.6390838623047,346.2393798828125,139.637939453125,351.26666259765625,0.7472034692764282
307,545.5221557617188,138.83619689941406,551.3436889648438,144.0881805419922,0.7469301223754883
307,525.6732177734375,345.6571044921875,531.8578491210938,351.0085144042969,0.7446814775466919
307,270.1244201660156,346.7777099609375,277.19384765625,350.98956298828125,0.7393003106117249
307,619.872802734375,349.57647705078125,626.7849731445312,353.923583984375,0.7361633777618408
307,303.5521240234375,120.406005859375,307.3045959472656,128.7834014892578,0.72857266664505
307,647.4049682617188,352.13580322265625,653.4672241210938,355.7862243652344,0.7033113241195679
307,399.74853515625,348.3387451171875,404.0054626464844,353.0679016113281,0.6868166923522949
307,432.45733642578125,348.765380859375,436.55914306640625,353.5307312011719,0.6732950806617737
307,615.64306640625,349.33380126953125,620.0897827148438,353.2596740722656,0.6565407514572144
307,639.6148071289062,351.26202392578125,646.1913452148438,355.05389404296875,0.6434496641159058
308,32.34742736816406,307.3786315917969,39.12978744506836,313.8562927246094,0.8032023906707764
308,270.4327697753906,346.6617736816406,278.0126647949219,350.95587158203125,0.7870782613754272
308,45.672760009765625,173.8865509033203,51.03654098510742,182.22921752929688,0.784909725189209
308,132.6024932861328,297.3624267578125,137.52813720703125,305.24395751953125,0.784427285194397
308,493.6321105957031,50.348304748535156,499.333740234375,55.896026611328125,0.7836997509002686
308,182.705078125,346.50299072265625,189.69366455078125,350.5223693847656,0.783087432384491
308,648.1441040039062,207.67010498046875,655.2528686523438,212.95166015625,0.7756003737449646
308,418.1063537597656,347.2468566894531,424.85137939453125,353.8663635253906,0.7744308114051819
308,431.59844970703125,277.8669738769531,436.3211669921875,285.0611572265625,0.7667601704597473
308,372.0971984863281,118.02371978759766,376.6541748046875,126.60942840576172,0.7632055282592773
308,525.31396484375,345.3946838378906,531.721923828125,351.16644287109375,0.7594360709190369
308,521.819091796875,339.7388000488281,530.4116821289062,344.7598876953125,0.7585340738296509
308,134.78981018066406,346.1487731933594,139.6063690185547,351.16558837890625,0.757461428642273
308,162.9940185546875,238.2176513671875,167.34190368652344,247.18658447265625,0.7555838227272034
308,546.3562622070312,137.6074676513672,552.0643310546875,143.26971435546875,0.7518065571784973
308,619.8843383789062,349.5528869628906,626.7457275390625,353.9436950683594,0.7381263971328735
308,303.9057312011719,119.36283111572266,307.5460510253906,127.32109069824219,0.7335057258605957
308,647.1891479492188,352.1495666503906,653.4269409179688,355.7962341308594,0.7012848258018494
308,284.1843566894531,339.3421630859375,288.6986389160156,346.019287109375,0.6980603337287903
308,399.71307373046875,348.3345031738281,403.9810485839844,353.0871276855469,0.6897341012954712
308,432.32916259765625,348.608642578125,436.4803466796875,353.5083923339844,0.6790737509727478
308,277.873779296875,344.36444091796875,284.5949401855469,349.04278564453125,0.6740875244140625
308,639.5424194335938,351.3059997558594,646.0255126953125,355.12091064453125,0.6212523579597473
308,615.8348388671875,349.16680908203125,620.1710815429688,353.15057373046875,0.6206333637237549
309,30.749113082885742,305.58197021484375,36.96286392211914,312.86224365234375,0.7989818453788757
309,131.7838897705078,295.89324951171875,136.80335998535156,304.030029296875,0.7877984046936035
309,182.7165069580078,346.4326477050781,189.6581573486328,350.46795654296875,0.7821752429008484
309,45.633934020996094,173.8915557861328,50.986175537109375,182.20944213867188,0.7813185453414917
309,649.2791137695312,207.0318603515625,656.2696533203125,212.45677185058594,0.7800688147544861
309,493.56787109375,50.33955764770508,499.343017578125,55.87664031982422,0.7793726325035095
309,418.1940002441406,347.408203125,425.0080261230469,353.8093566894531,0.7717514634132385
309,163.00308227539062,236.8790283203125,167.33084106445312,245.75582885742188,0.7677960991859436
309,525.0479736328125,345.2428894042969,531.6113891601562,351.2577209472656,0.764812171459198
309,432.1537780761719,277.7622375488281,436.8263244628906,285.0454406738281,0.7640712261199951
309,371.94586181640625,116.51272583007812,376.5504455566406,125.23583221435547,0.7630515098571777
309,270.21136474609375,346.915283203125,277.4271240234375,351.4164123535156,0.7607147097587585
309,521.8451538085938,339.6597900390625,530.5040893554688,344.7293395996094,0.7586211562156677
309,546.7520751953125,137.15444946289062,552.4652099609375,142.8294219970703,0.7533749938011169
309,304.0834045410156,117.4874267578125,308.10784912109375,125.79499816894531,0.7511119246482849
309,269.00469970703125,341.209228515625,274.3670959472656,346.2002868652344,0.7489109039306641
309,134.9052276611328,346.2783508300781,139.67832946777344,351.2321472167969,0.7463117241859436
309,277.90814208984375,344.0967102050781,284.8233337402344,348.4179992675781,0.7456496953964233
309,619.748779296875,349.6717224121094,626.6624145507812,353.9621887207031,0.7415048480033875
309,647.1862182617188,352.13616943359375,653.4290771484375,355.7890319824219,0.7110898494720459
309,399.7338562011719,348.3310852050781,403.9266662597656,353.03216552734375,0.6811254620552063
309,432.36065673828125,348.6040344238281,436.46441650390625,353.4576721191406,0.6675939559936523
309,639.5326538085938,351.28936767578125,646.19873046875,355.09466552734375,0.6438433527946472
309,615.7399291992188,349.3397521972656,620.0828247070312,353.2289123535156,0.620561957359314
310,29.411867141723633,303.7050476074219,35.49485397338867,311.1535949707031,0.8011111617088318
310,130.98779296875,294.87646484375,135.8827362060547,303.1611328125,0.7980003356933594
310,182.5496063232422,346.2987060546875,189.62986755371094,350.48248291015625,0.7934694290161133
310,650.6286010742188,206.5457305908203,657.75244140625,212.01907348632812,0.7878281474113464
310,493.5910339355469,50.32561111450195,499.3137512207031,55.87958526611328,0.784588098526001
310,45.597503662109375,173.9039306640625,50.95098876953125,182.23558044433594,0.7837541103363037
310,418.17620849609375,346.6166687011719,424.8139953613281,353.56243896484375,0.7800006866455078
310,432.6202392578125,277.1724548339844,437.3759460449219,283.99560546875,0.772733747959137
310,163.19549560546875,235.237548828125,167.53564453125,244.3037872314453,0.7719345092773438
310,371.5711669921875,115.24269104003906,376.3580017089844,123.64112091064453,0.7665491700172424
310,524.8746948242188,345.15069580078125,531.53076171875,351.3275146484375,0.7643745541572571
310,521.8847045898438,339.6156921386719,530.6189575195312,344.73736572265625,0.758998453617096
310,548.1107177734375,135.99407958984375,553.6875610351562,141.82733154296875,0.7522867918014526
310,134.9446258544922,346.2022705078125,139.6931915283203,351.3560485839844,0.7495157718658447
310,304.6999816894531,116.79047393798828,309.384521484375,123.88963317871094,0.7484992742538452
310,263.8369445800781,341.93536376953125,268.8683166503906,347.0931701660156,0.7337525486946106
310,619.635498046875,349.662841796875,626.7069702148438,353.9760437011719,0.7318553328514099
310,646.9367065429688,352.3479309082031,653.4611206054688,355.8499450683594,0.7052776217460632
310,399.67376708984375,348.34765625,403.886962890625,353.130859375,0.6929216384887695
310,432.1910705566406,348.5660400390625,436.3788146972656,353.5033264160156,0.6808621287345886
310,272.12884521484375,343.6702575683594,279.7589416503906,350.5411376953125,0.6704755425453186
310,639.58740234375,351.237548828125,646.0558471679688,355.03204345703125,0.6093143224716187
310,615.695068359375,349.32958984375,620.0776977539062,353.20587158203125,0.5991091728210449
310,269.6890563964844,346.068603515625,277.3701477050781,351.9811096191406,0.4702036678791046
311,28.073726654052734,302.1036071777344,33.86092758178711,309.4206848144531,0.8020678758621216
311,182.6428680419922,346.3028869628906,189.63510131835938,350.4305419921875,0.7967926263809204
311,130.87350463867188,293.62042236328125,135.6264190673828,301.7757263183594,0.789673924446106
311,45.63205337524414,173.93661499023438,50.952545166015625,182.24557495117188,0.7874045968055725
311,493.6217346191406,50.34572982788086,499.35809326171875,55.84654235839844,0.783051609992981
311,418.0856018066406,346.8842468261719,424.8204650878906,353.4192810058594,0.775582492351532
311,652.163818359375,205.57504272460938,658.9024047851562,210.91860961914062,0.771713376045227
311,371.27386474609375,114.2889633178711,375.75762939453125,122.55198669433594,0.7701080441474915
311,163.42922973632812,233.81422424316406,167.6114501953125,242.82843017578125,0.7656135559082031
311,432.8760986328125,277.0271911621094,437.47943115234375,283.6669006347656,0.7643053531646729
311,521.9296264648438,339.6755065917969,530.6035766601562,344.74761962890625,0.7612946033477783
311,524.9607543945312,345.34259033203125,531.2099609375,351.3427429199219,0.7559678554534912
311,135.22308349609375,346.2736511230469,139.8336944580078,351.5643615722656,0.7534354329109192
311,549.1328735351562,135.1030731201172,554.5423583984375,140.92825317382812,0.7516849040985107
311,305.4677734375,116.0853500366211,310.0716552734375,123.05635070800781,0.7497291564941406
311,260.94024658203125,343.9400634765625,266.4972839355469,348.4832763671875,0.7283088564872742
311,270.6054992675781,346.8485107421875,277.7834777832031,351.0849304199219,0.7227893471717834
311,619.677001953125,349.9076843261719,626.6409912109375,354.0347900390625,0.7204719185829163
311,431.40985107421875,348.2701721191406,436.3196105957031,353.1454162597656,0.715661883354187
311,646.8370971679688,352.2757873535156,653.1942138671875,355.8668212890625,0.7025595307350159
311,399.5539245605469,348.36328125,403.81903076171875,353.1031799316406,0.7017124891281128
311,277.3254699707031,343.9898376464844,283.3950500488281,349.05963134765625,0.6747279763221741
311,615.6990966796875,349.5019836425781,620.1549072265625,353.39599609375,0.6662310361862183
311,639.4738159179688,351.3467712402344,645.883544921875,355.1276550292969,0.6313996911048889
312,26.22597312927246,299.9395751953125,32.097164154052734,307.77679443359375,0.8075919151306152
312,182.66583251953125,346.32611083984375,189.70037841796875,350.4402160644531,0.7975649833679199
312,653.3631591796875,204.8402099609375,660.354248046875,210.41004943847656,0.7962517738342285
312,45.586795806884766,173.9102325439453,50.91921615600586,182.2196807861328,0.7874885201454163
312,130.97727966308594,293.157470703125,135.72230529785156,301.3555603027344,0.7856014966964722
312,493.7292175292969,50.3183479309082,499.2624816894531,55.818260192871094,0.7754393815994263
312,371.0328674316406,113.32567596435547,375.45947265625,121.31280517578125,0.7651124000549316
312,418.21697998046875,347.69195556640625,426.0380859375,353.00372314453125,0.7641578316688538
312,521.91748046875,339.6784973144531,530.4967651367188,344.59869384765625,0.7636527419090271
312,549.8638305664062,134.2029266357422,555.5180053710938,139.71951293945312,0.7628225088119507
312,135.26364135742188,346.2654724121094,139.8274688720703,351.7038879394531,0.762662410736084
312,163.26194763183594,232.65292358398438,167.71426391601562,241.4891815185547,0.762631356716156
312,524.8088989257812,345.6059265136719,531.0670166015625,351.19561767578125,0.7608994841575623
312,433.1175842285156,276.86663818359375,437.6432189941406,283.2423400878906,0.7568122148513794
312,306.1166687011719,115.77066802978516,310.62835693359375,122.15567779541016,0.7376447916030884
312,270.6103820800781,346.58465576171875,277.7630615234375,350.8547668457031,0.7345344424247742
312,279.03155517578125,344.08819580078125,285.9310607910156,348.6338195800781,0.7339884638786316
312,430.0976867675781,348.5422668457031,435.7571105957031,353.1625671386719,0.7329037189483643
312,619.4165649414062,349.86712646484375,626.180908203125,354.0551452636719,0.7293066382408142
312,258.11798095703125,345.86572265625,263.6966247558594,351.0688781738281,0.7232922911643982
312,647.8372802734375,351.48046875,653.1550903320312,355.9029846191406,0.7205848097801208
312,399.549072265625,348.4242248535156,403.8798522949219,353.04974365234375,0.7046645879745483
312,615.6051635742188,349.5594482421875,619.9962158203125,353.5912170410156,0.6881440281867981
312,639.7991943359375,351.13836669921875,645.6923217773438,355.31536865234375,0.6566576957702637
313,654.4609375,203.9263916015625,661.4448852539062,209.90374755859375,0.8054394125938416
313,25.64196014404297,296.98992919921875,30.916706085205078,305.34930419921875,0.7961603403091431
313,182.6510009765625,346.2864990234375,189.67897033691406,350.4224548339844,0.7922017574310303
313,45.56888961791992,173.87332153320312,50.91878128051758,182.2095947265625,0.788622260093689
313,130.84323120117188,292.4840393066406,135.4200897216797,300.8933410644531,0.7796660661697388
313,493.7311096191406,50.335655212402344,499.2691650390625,55.796363830566406,0.7754303216934204
313,163.61122131347656,231.3596954345703,168.11105346679688,239.95985412597656,0.772345781326294
313,550.6846923828125,133.46847534179688,556.133544921875,139.13575744628906,0.7591333985328674
313,135.1736297607422,346.3591613769531,139.78573608398438,351.60595703125,0.7552594542503357
313,433.3014831542969,276.6475524902344,437.78094482421875,283.0011901855469,0.7549410462379456
313,522.2047729492188,339.9259948730469,530.5022583007812,344.40802001953125,0.7528701424598694
313,418.1745300292969,347.9775085449219,426.41802978515625,352.9942321777344,0.7521273493766785
313,370.8771057128906,112.51156616210938,375.4334411621094,120.1933364868164,0.7509607076644897
313,524.25341796875,345.6691589355469,530.7252197265625,350.83648681640625,0.7428268194198608
313,429.16015625,347.8510437011719,434.5244445800781,353.3324890136719,0.73726886510849
313,257.8533630371094,345.377685546875,263.8023986816406,350.4491882324219,0.7338616251945496
313,307.3608703613281,114.95914459228516,311.7216796875,120.89525604248047,0.7293159365653992
313,619.54833984375,349.9163513183594,626.3958740234375,354.0950012207031,0.7267407774925232
313,280.0798645019531,344.6747131347656,286.858642578125,348.6827087402344,0.725330114364624
313,270.8759460449219,346.4386901855469,278.2274169921875,350.8081970214844,0.7230537533760071
313,648.3182373046875,351.5824890136719,653.112060546875,355.8193359375,0.7181815505027771
313,399.7273864746094,348.4455871582031,404.06298828125,353.0292663574219,0.7022075057029724
313,615.4468383789062,349.5506591796875,619.817138671875,353.5672912597656,0.6801716089248657
313,639.9284057617188,351.24114990234375,645.883544921875,355.24139404296875,0.630142867565155
314,656.19091796875,202.81283569335938,663.1824340820312,208.6081085205078,0.8125531077384949
314,45.61039733886719,173.89186096191406,50.971195220947266,182.22557067871094,0.7915760278701782
314,182.73753356933594,346.3495178222656,189.74876403808594,350.4576110839844,0.7878223657608032
314,493.7505798339844,50.26997375488281,499.5493469238281,55.69890594482422,0.7873880863189697
314,25.5084228515625,294.24066162109375,30.102596282958984,302.9651794433594,0.7777577638626099
314,130.3967742919922,290.6800842285156,134.831298828125,299.618896484375,0.7660067677497864
314,163.96621704101562,229.89913940429688,168.21279907226562,238.61724853515625,0.7614428400993347
314,522.4140014648438,339.9200744628906,530.8038940429688,344.4037780761719,0.7602443099021912
314,433.3845520019531,276.37835693359375,437.972412109375,282.7433776855469,0.755176305770874
314,418.1863098144531,348.1536865234375,426.53302001953125,353.0308532714844,0.7462878227233887
314,370.4453430175781,111.68191528320312,375.1432800292969,118.78398895263672,0.7452029585838318
314,281.0862121582031,344.65252685546875,288.3991394042969,348.94610595703125,0.7423127293586731
314,135.09033203125,346.4496154785156,139.7743377685547,351.542236328125,0.7411553263664246
314,551.7053833007812,133.01516723632812,556.6270751953125,138.7392120361328,0.7376520037651062
314,308.1846618652344,114.12379455566406,312.956298828125,119.88541412353516,0.7374632358551025
314,523.4310302734375,345.6460876464844,529.493896484375,350.942138671875,0.7366918921470642
314,427.87530517578125,347.675537109375,434.2173156738281,352.50360107421875,0.731130838394165
314,270.6442565917969,346.7204284667969,278.3075256347656,350.9299621582031,0.7292762994766235
314,256.852783203125,345.3065490722656,262.94500732421875,350.30694580078125,0.7160449028015137
314,399.6250305175781,348.4540710449219,404.08282470703125,353.03961181640625,0.7129783034324646
314,620.0659790039062,349.395263671875,626.0748291015625,354.1388244628906,0.71174556016922
314,648.6307373046875,351.5312805175781,653.0005493164062,355.8229675292969,0.6985438466072083
314,615.5906982421875,349.5111999511719,619.8585815429688,353.6941833496094,0.6696287393569946
314,639.9782104492188,350.9984436035156,645.5723266601562,355.152099609375,0.6371966004371643
315,657.7686767578125,201.77476501464844,664.0650024414062,207.4685516357422,0.7981777787208557
315,45.6678581237793,173.90052795410156,50.971500396728516,182.1929931640625,0.7937716841697693
315,182.81222534179688,346.39324951171875,189.71994018554688,350.46923828125,0.7854963541030884
315,493.7446594238281,50.52592849731445,499.2021484375,56.00111770629883,0.772448718547821
315,129.81536865234375,290.1215515136719,134.20240783691406,298.9497985839844,0.7698570489883423
315,26.16350746154785,291.7579345703125,30.461000442504883,300.65118408203125,0.7697793841362
315,434.09442138671875,275.8924255371094,438.83441162109375,282.6721496582031,0.7636467814445496
315,163.94183349609375,228.77145385742188,168.16184997558594,237.4143829345703,0.7588601112365723
315,280.9630126953125,345.13739013671875,288.9118957519531,348.9980773925781,0.7525131106376648
315,135.18858337402344,346.451904296875,139.7611083984375,351.5751647949219,0.7479450702667236
315,369.93572998046875,111.037353515625,374.40985107421875,117.85662841796875,0.7460277676582336
315,552.3328857421875,132.204833984375,557.400390625,137.73648071289062,0.7453630566596985
315,522.9475708007812,345.73175048828125,528.4951171875,351.02117919921875,0.7391923069953918
315,523.2596435546875,339.9263916015625,531.2042846679688,344.2244873046875,0.7348297238349915
315,270.5950927734375,346.6312255859375,277.9258117675781,350.8504333496094,0.7297231554985046
315,257.2369384765625,345.6539001464844,263.5517883300781,350.97698974609375,0.7296556234359741
315,418.30224609375,348.13580322265625,426.6592712402344,352.9290771484375,0.726772665977478
315,427.0321044921875,347.3313293457031,433.5931091308594,352.2310485839844,0.726094663143158
315,309.4057312011719,113.68112182617188,314.1517028808594,118.5174331665039,0.7233874797821045
315,399.6059875488281,348.4695129394531,403.9556579589844,353.04693603515625,0.7140946388244629
315,648.2293701171875,351.575439453125,652.5249633789062,355.723388671875,0.6739402413368225
315,639.5913696289062,351.02642822265625,644.8203125,354.7044372558594,0.6554244160652161
315,617.5059814453125,347.2851257324219,623.2847900390625,352.6318664550781,0.6258312463760376
315,615.1071166992188,347.8836364746094,619.5929565429688,353.44464111328125,0.4856274724006653
316,658.8218994140625,200.67770385742188,665.4287109375,206.65072631835938,0.8079071044921875
316,182.59327697753906,346.2131652832031,189.6903839111328,350.44818115234375,0.7931364178657532
316,45.670562744140625,173.86764526367188,50.95791244506836,182.17193603515625,0.7929017543792725
316,493.722900390625,50.38846969604492,499.266357421875,55.95777130126953,0.7768613696098328
316,434.11212158203125,275.8827209472656,438.8655090332031,282.57867431640625,0.7608335614204407
316,129.8011932373047,289.2799987792969,134.1394805908203,297.8807678222656,0.7600866556167603
316,522.78662109375,345.6521301269531,528.3759155273438,350.91876220703125,0.7594122290611267
316,280.9853820800781,345.1824645996094,289.1065979003906,349.020751953125,0.7587334513664246
316,26.68887710571289,289.47503662109375,30.58647918701172,298.21160888671875,0.7513849139213562
316,135.16651916503906,346.42572021484375,139.75538635253906,351.7012023925781,0.7504710555076599
316,164.16624450683594,227.06912231445312,168.58753967285156,235.98558044433594,0.7491373419761658
316,369.6418151855469,110.2030029296875,374.0950927734375,117.19461059570312,0.748089075088501
316,552.9219360351562,131.99449157714844,558.0798950195312,137.3994903564453,0.7423913478851318
316,270.4767150878906,346.6136779785156,277.9285888671875,350.85394287109375,0.7376208901405334
316,523.2449951171875,339.8348693847656,531.2974243164062,344.10284423828125,0.7373346090316772
316,257.3317565917969,345.643798828125,262.95550537109375,351.22216796875,0.7191471457481384
316,615.2024536132812,347.8743896484375,619.4071044921875,353.48248291015625,0.7175155878067017
316,309.6126403808594,113.34126281738281,314.3519287109375,117.9908447265625,0.7121980786323547
316,639.7850952148438,351.3291931152344,644.9354248046875,355.0357666015625,0.7009280920028687
316,619.6204833984375,338.2857971191406,622.9498901367188,344.756591796875,0.6950407028198242
316,648.5261840820312,351.50885009765625,652.5765991210938,355.7974548339844,0.6933294534683228
316,399.56378173828125,348.5233459472656,403.90594482421875,353.04217529296875,0.6918559670448303
316,418.6332092285156,347.8032531738281,429.14849853515625,353.6265563964844,0.6698203682899475
316,425.4285583496094,347.3371276855469,433.5128479003906,352.3273620605469,0.60086989402771
316,262.5074768066406,346.58837890625,269.1463623046875,351.5642395019531,0.40306711196899414
317,182.60581970214844,346.0581970214844,189.76263427734375,350.4854431152344,0.7952128648757935
317,45.6829948425293,173.8716583251953,50.96229934692383,182.1646270751953,0.7895467877388
317,660.3595581054688,199.45281982421875,666.886474609375,205.6571502685547,0.7885472774505615
317,493.7026062011719,50.380062103271484,499.2698669433594,55.943077087402344,0.7747748494148254
317,129.5902557373047,288.767333984375,134.0223846435547,297.6463317871094,0.7646638751029968
317,164.67098999023438,225.64663696289062,168.8394775390625,234.450439453125,0.7584215998649597
317,522.7053833007812,345.7213134765625,528.2471923828125,351.04248046875,0.7521795034408569
317,281.100341796875,345.19964599609375,289.1302795410156,349.0485534667969,0.7513507604598999
317,26.94736099243164,286.9323425292969,30.914871215820312,295.896728515625,0.7509680390357971
317,135.16622924804688,346.5364685058594,139.7701416015625,351.6912536621094,0.7498899698257446
317,434.3312072753906,275.35943603515625,438.94793701171875,281.9855041503906,0.7467931509017944
317,523.4644775390625,339.6293029785156,531.5057373046875,344.08929443359375,0.745546281337738
317,270.4287414550781,346.677734375,277.952392578125,350.8214416503906,0.7385921478271484
317,553.8821411132812,131.45030212402344,558.59716796875,136.87380981445312,0.736294150352478
317,369.5114440917969,109.564453125,373.840576171875,116.08955383300781,0.7339721918106079
317,615.394287109375,347.4353942871094,619.8054809570312,353.60052490234375,0.7301651239395142
317,256.8258972167969,345.78875732421875,262.4495544433594,351.64642333984375,0.7154415249824524
317,399.4765625,348.4731140136719,403.9649353027344,353.0966491699219,0.7057804465293884
317,635.406982421875,329.7891540527344,641.57373046875,333.878173828125,0.6975662708282471
317,648.34619140625,351.5071105957031,652.4956665039062,355.7392578125,0.6864174008369446
317,639.7183227539062,351.3539733886719,645.1136474609375,354.94488525390625,0.6828817129135132
317,310.4963073730469,113.39720153808594,314.7879333496094,117.84307861328125,0.6783915758132935
317,420.3970031738281,347.6353454589844,431.6360168457031,353.1910400390625,0.6463196277618408
317,260.1939392089844,346.3208312988281,267.0730895996094,351.5838317871094,0.6032226085662842
318,182.6460723876953,345.990966796875,189.80831909179688,350.5217590332031,0.7994067072868347
318,45.650634765625,173.8658905029297,50.971561431884766,182.161865234375,0.7878175973892212
318,661.7770385742188,197.89869689941406,668.2606811523438,204.26348876953125,0.7823477983474731
318,164.29898071289062,224.85302734375,168.85324096679688,233.4329833984375,0.7808594703674316
318,493.7511901855469,50.3842887878418,499.415771484375,55.93003845214844,0.7784906625747681
318,135.1949462890625,346.54827880859375,139.8546142578125,351.83966064453125,0.7690240144729614
318,129.03500366210938,287.1274719238281,133.53773498535156,296.1368408203125,0.768178403377533
318,281.6436462402344,345.3321838378906,289.07281494140625,349.03717041015625,0.7565833926200867
318,27.402328491210938,284.7441101074219,31.436803817749023,293.5820007324219,0.7517196536064148
318,523.6265258789062,339.5015869140625,531.6381225585938,343.8011169433594,0.7501753568649292
318,420.1539001464844,347.73431396484375,430.3747253417969,353.1358642578125,0.7484342455863953
318,270.6747131347656,346.73883056640625,278.4346618652344,350.7840576171875,0.7454655766487122
318,255.50885009765625,346.1032409667969,262.0847473144531,351.64849853515625,0.7367611527442932
318,615.74072265625,347.5611572265625,620.145751953125,353.5735168457031,0.7363605499267578
318,522.5480346679688,345.9535827636719,528.2794189453125,351.0990905761719,0.7350795865058899
318,369.4574279785156,109.55742645263672,373.8290710449219,116.08953857421875,0.7323690056800842
318,434.5511779785156,274.970703125,439.0078125,281.3063049316406,0.7320517301559448
318,554.7723388671875,130.53631591796875,559.1278076171875,136.06594848632812,0.723249077796936
318,399.37274169921875,348.3345031738281,403.9171447753906,353.1008605957031,0.7107714414596558
318,631.8147583007812,334.025146484375,638.357421875,338.1474914550781,0.7012682557106018
318,639.9501342773438,351.2576599121094,645.1875610351562,354.9576110839844,0.6785122156143188
318,648.4730224609375,351.51904296875,652.44189453125,355.7588806152344,0.6783604621887207
318,311.1357421875,113.12491607666016,315.3197937011719,117.47560119628906,0.6759850978851318
319,182.6218719482422,345.9850158691406,189.7289581298828,350.528564453125,0.7989785671234131
319,45.58171081542969,173.88082885742188,50.86077880859375,182.22259521484375,0.7873256802558899
319,662.60986328125,196.8145751953125,669.0164184570312,203.68634033203125,0.7860107421875
319,164.95623779296875,223.69400024414062,169.58905029296875,232.35325622558594,0.7831313014030457
319,420.67901611328125,347.5682067871094,429.59454345703125,352.3229675292969,0.7823715209960938
319,493.7684326171875,50.37702941894531,499.4193420410156,55.9232177734375,0.7787971496582031
319,135.20753479003906,346.5489501953125,139.8414306640625,351.8358154296875,0.7651240825653076
319,523.3529052734375,339.4613342285156,531.5702514648438,343.6582336425781,0.7643601298332214
319,128.75379943847656,285.7461242675781,133.1099090576172,294.4806213378906,0.7616289854049683
319,27.043209075927734,281.9732360839844,31.068925857543945,290.812255859375,0.7587763667106628
319,281.9200134277344,345.3904724121094,289.3488464355469,349.0525817871094,0.7578670382499695
319,270.94305419921875,346.6305236816406,278.5998229980469,350.8183288574219,0.7473194599151611
319,434.8778076171875,274.3501892089844,439.3982238769531,280.64080810546875,0.739193320274353
319,254.97218322753906,346.1434631347656,261.8048400878906,350.7069091796875,0.7385566234588623
319,369.4193115234375,109.53038024902344,373.7753601074219,116.0500717163086,0.7310498952865601
319,522.5477294921875,346.40277099609375,528.214111328125,351.1269836425781,0.7217558026313782
319,399.2876281738281,348.25634765625,403.83306884765625,353.0840148925781,0.7188516855239868
319,555.4449462890625,130.1887664794922,559.6328735351562,135.96070861816406,0.7149527072906494
319,615.64599609375,349.03363037109375,619.6531372070312,353.6001892089844,0.7045760750770569
319,619.3993530273438,342.9565124511719,623.4895629882812,348.9937744140625,0.6978330612182617
319,639.7945556640625,351.1290588378906,644.7249145507812,354.8409118652344,0.6817166805267334
319,648.3296508789062,351.59136962890625,652.370361328125,355.6448059082031,0.6784945726394653
319,311.5463562011719,112.52139282226562,315.72418212890625,117.13075256347656,0.6541391015052795
320,182.69227600097656,346.0184326171875,189.82540893554688,350.564453125,0.7962274551391602
320,45.6275520324707,173.90159606933594,50.87747573852539,182.2386932373047,0.7864393591880798
320,664.1064453125,195.7809600830078,669.9148559570312,202.29205322265625,0.7758849859237671
320,421.104248046875,347.5412902832031,428.90313720703125,352.3159484863281,0.7718273401260376
320,165.2468719482422,222.00286865234375,169.7958526611328,230.61207580566406,0.7710148096084595
320,135.1930694580078,346.567626953125,139.8592987060547,351.83843994140625,0.7674805521965027
320,493.6152648925781,50.35753631591797,498.86114501953125,56.11777114868164,0.7647895812988281
320,523.9579467773438,339.0709533691406,531.77001953125,343.60797119140625,0.763397216796875
320,128.81817626953125,284.9488830566406,133.06588745117188,293.6794738769531,0.7574599981307983
320,27.269664764404297,279.1781921386719,31.236894607543945,288.1076965332031,0.7552967071533203
320,281.9273376464844,345.52569580078125,289.50518798828125,349.0597839355469,0.7520101070404053
320,615.4432983398438,348.250244140625,619.9251098632812,353.4761047363281,0.7427517175674438
320,271.1526184082031,346.3889465332031,279.4109191894531,350.95306396484375,0.7395750880241394
320,623.7256469726562,341.02508544921875,628.012451171875,347.5548400878906,0.739250123500824
320,435.0390625,273.8047790527344,439.5878601074219,279.77587890625,0.7376499176025391
320,254.08770751953125,346.2541198730469,261.0657958984375,350.288330078125,0.7370542883872986
320,369.4190979003906,109.51520538330078,373.76983642578125,116.0281753540039,0.729300856590271
320,399.2669677734375,348.1665344238281,403.79302978515625,353.09735107421875,0.7236452102661133
320,556.2135620117188,128.77139282226562,560.4732055664062,134.70181274414062,0.7187482714653015
320,522.5452880859375,347.11358642578125,527.842041015625,351.5950622558594,0.7119471430778503
320,311.8871765136719,111.98601531982422,315.8691711425781,116.32162475585938,0.6719196438789368
320,648.7448120117188,351.9538879394531,652.859619140625,355.68853759765625,0.6700940728187561
320,639.6453857421875,351.2434997558594,644.76513671875,354.79071044921875,0.650967538356781
321,182.92218017578125,346.0951232910156,189.9535369873047,350.6590881347656,0.7885650396347046
321,45.61372756958008,173.84556579589844,50.96205139160156,182.249267578125,0.7854084968566895
321,165.42742919921875,220.6432647705078,170.35472106933594,229.4600830078125,0.7736139893531799
321,524.2753295898438,338.20880126953125,532.3451538085938,343.46630859375,0.7717083692550659
321,493.6154479980469,50.35497283935547,499.1065673828125,55.98550796508789,0.7660695314407349
321,27.784420013427734,276.89202880859375,31.931928634643555,285.4568786621094,0.7655671834945679
321,420.68731689453125,347.6287841796875,428.9756164550781,352.2447814941406,0.7622929215431213
321,665.6478271484375,194.4286651611328,671.3682250976562,200.77413940429688,0.7578487992286682
321,128.7952423095703,285.3089904785156,132.87168884277344,294.19732666015625,0.7522296905517578
321,135.1824188232422,346.6021423339844,139.8899688720703,351.6988830566406,0.7448636293411255
321,282.0722351074219,345.51959228515625,289.6569519042969,349.05133056640625,0.7356951236724854
321,271.21075439453125,346.34637451171875,279.54473876953125,350.8954772949219,0.7299290895462036
321,435.41424560546875,272.7386169433594,439.7387390136719,278.8875427246094,0.7288561463356018
321,253.7458953857422,346.0494079589844,260.6324768066406,350.0782165527344,0.7278068661689758
321,369.2398986816406,109.61820983886719,373.6234130859375,115.7071304321289,0.722261369228363
321,615.5537109375,348.2253112792969,620.10888671875,353.40948486328125,0.7209488749504089
321,399.1941833496094,348.06732177734375,403.8741760253906,353.009033203125,0.7155681252479553
321,617.2018432617188,329.9540710449219,621.6265869140625,335.37750244140625,0.7070199847221375
321,556.5014038085938,128.22459411621094,560.4830932617188,133.74429321289062,0.7036992907524109
321,311.7876892089844,111.6001205444336,316.1235046386719,116.12104034423828,0.6845719814300537
321,648.8093872070312,352.0481262207031,653.161865234375,355.6705627441406,0.6765443682670593
321,639.6913452148438,351.4064636230469,645.089111328125,354.9278564453125,0.673057496547699
321,523.12548828125,347.2234802246094,527.8087158203125,351.6698303222656,0.6728180050849915
322,419.8451843261719,347.54925537109375,429.0458984375,354.23822021484375,0.7929728627204895
322,183.05140686035156,346.1352844238281,189.74122619628906,350.61260986328125,0.7918475270271301
322,45.61955261230469,173.79490661621094,50.969688415527344,182.29296875,0.7858705520629883
322,524.7196044921875,338.01922607421875,532.9251708984375,343.1990966796875,0.7820087671279907
322,493.7026062011719,50.357669830322266,499.5135498046875,55.90978240966797,0.7813754081726074
322,624.1348266601562,324.0542297363281,628.9638671875,332.2366027832031,0.7798100113868713
322,28.65749168395996,274.4079284667969,33.06281280517578,283.1632995605469,0.777169406414032
322,166.40176391601562,219.45994567871094,171.118408203125,227.91763305664062,0.7757234573364258
322,666.4644165039062,193.61952209472656,672.3998413085938,199.9126739501953,0.7646086812019348
322,135.12710571289062,346.627197265625,139.90145874023438,351.77996826171875,0.7587976455688477
322,128.76060485839844,285.1593322753906,132.7674560546875,293.8553161621094,0.7523133754730225
322,271.6625671386719,346.2246398925781,279.24737548828125,350.8776550292969,0.739717423915863
322,399.4158935546875,347.6837158203125,404.0320739746094,353.1058044433594,0.7396408915519714
322,282.5594177246094,345.52386474609375,289.7198791503906,349.1221923828125,0.735630452632904
322,253.25045776367188,345.6178283691406,259.4150085449219,349.6792297363281,0.7263118624687195
322,435.481689453125,272.0274658203125,439.7186584472656,278.5080871582031,0.7210251092910767
322,368.8822326660156,110.07368469238281,373.3503112792969,115.55497741699219,0.7206711173057556
322,556.6112670898438,127.68121337890625,560.7197265625,133.17723083496094,0.7157545685768127
322,312.3252258300781,110.22434997558594,316.3417053222656,114.91215515136719,0.672648012638092
322,523.7476806640625,347.3143005371094,527.9422607421875,351.80621337890625,0.6320177912712097
322,639.712646484375,351.432861328125,645.1089477539062,355.187744140625,0.6086089611053467
322,615.9613647460938,349.5762939453125,620.1165771484375,353.8157653808594,0.4600745141506195
322,649.4892578125,351.9366455078125,653.7376708984375,355.5148620605469,0.4161112308502197
323,183.04278564453125,346.1056213378906,189.6956329345703,350.63067626953125,0.7898556590080261
323,29.664926528930664,272.5776062011719,34.47510528564453,281.1241455078125,0.7877814173698425
323,45.63048553466797,173.7979736328125,50.952232360839844,182.3678741455078,0.7828125953674316
323,493.8321838378906,50.308834075927734,499.6191101074219,55.91281509399414,0.7783346772193909
323,419.8311462402344,347.46282958984375,429.08697509765625,354.284423828125,0.7714414596557617
323,524.6907348632812,338.0200500488281,532.7742919921875,343.19927978515625,0.7711371183395386
323,167.15054321289062,218.34446716308594,171.72621154785156,226.868896484375,0.7680862545967102
323,667.3638916015625,192.67164611816406,673.2681884765625,198.92930603027344,0.7569564580917358
323,128.74769592285156,284.87847900390625,132.64202880859375,293.5039367675781,0.7531212568283081
323,135.16024780273438,346.6253662109375,139.8426513671875,351.8330993652344,0.7509381175041199
323,271.7608337402344,346.1559753417969,278.9960632324219,350.7152404785156,0.7352213263511658
323,282.57342529296875,345.5035400390625,289.76458740234375,349.13287353515625,0.7282835245132446
323,253.9418487548828,345.6529235839844,258.9170227050781,350.16094970703125,0.7243271470069885
323,435.926513671875,271.0758056640625,440.31634521484375,277.05364990234375,0.7223341464996338
323,399.8698425292969,347.6839904785156,404.6225891113281,352.81793212890625,0.7137282490730286
323,368.73455810546875,110.076416015625,373.08209228515625,115.38560485839844,0.7122499346733093
323,627.6146850585938,331.8035888671875,633.2261352539062,335.8652038574219,0.7094138860702515
323,556.7085571289062,126.78564453125,560.6825561523438,131.97467041015625,0.7049047946929932
323,312.4578857421875,109.17826843261719,316.3669128417969,113.84577941894531,0.6855355501174927
323,639.8269653320312,351.3962707519531,644.978759765625,355.0779724121094,0.6415758728981018
323,615.5092163085938,349.5607604980469,619.7476806640625,353.6640930175781,0.5947041511535645
323,524.5531005859375,347.3703918457031,528.0601196289062,351.9738464355469,0.5778952240943909
323,649.4983520507812,351.8659973144531,653.7154541015625,355.18017578125,0.5767578482627869
324,30.476045608520508,270.7508239746094,36.259788513183594,278.6438293457031,0.8059333562850952
324,182.97438049316406,346.249755859375,189.62472534179688,350.8020935058594,0.7947472333908081
324,45.6534423828125,173.7864227294922,50.90687561035156,182.43646240234375,0.7824395298957825
324,524.7745971679688,337.9804382324219,532.7783203125,343.13104248046875,0.7811955809593201
324,127.79427337646484,283.40008544921875,132.06854248046875,292.1684265136719,0.7775527834892273
324,493.5821533203125,50.405853271484375,499.2077941894531,55.953243255615234,0.7751899361610413
324,167.51698303222656,217.13938903808594,172.33103942871094,225.6815948486328,0.7718340158462524
324,667.932373046875,191.5987091064453,673.9530029296875,197.74147033691406,0.7656142115592957
324,419.6849670410156,347.4756774902344,428.98199462890625,354.038330078125,0.7595310211181641
324,135.3466796875,346.6649475097656,140.06309509277344,351.85919189453125,0.7503561973571777
324,271.7801208496094,346.15887451171875,278.78076171875,350.69012451171875,0.7436224818229675
324,628.6734008789062,344.44085693359375,633.609375,352.14410400390625,0.7386505603790283
324,436.1567687988281,270.3693542480469,440.5591735839844,276.7575988769531,0.7335349917411804
324,282.7624206542969,345.5508728027344,289.78997802734375,349.1199951171875,0.7332199215888977
324,253.8440704345703,345.60870361328125,258.766845703125,349.9977111816406,0.7208120822906494
324,400.212158203125,347.32763671875,405.2580871582031,352.2676696777344,0.715283989906311
324,368.5087890625,110.12501525878906,372.7743835449219,115.31729888916016,0.7053387761116028
324,557.0540771484375,125.82127380371094,560.779052734375,131.4312744140625,0.7027178406715393
324,312.31201171875,107.6885757446289,316.38165283203125,113.5925521850586,0.6950576901435852
324,640.0950317382812,351.4509582519531,645.1742553710938,355.2618713378906,0.6385543346405029
324,524.6148681640625,347.3565979003906,527.9951171875,352.1408386230469,0.6284363269805908
324,649.7966918945312,351.7882995605469,654.1083374023438,355.2245788574219,0.5507841110229492
324,615.1085205078125,349.1636047363281,619.0957641601562,353.69891357421875,0.49047571420669556
325,32.288963317871094,268.5821228027344,37.98930740356445,276.27947998046875,0.8060058951377869
325,182.99395751953125,346.07879638671875,189.62759399414062,350.7794494628906,0.7979169487953186
325,493.5891418457031,50.4089241027832,499.211669921875,55.944515228271484,0.778344452381134
325,524.7725830078125,338.1453552246094,532.67431640625,343.4090881347656,0.7782728672027588
325,168.31671142578125,215.99917602539062,172.9823455810547,224.23182678222656,0.775806725025177
325,668.422119140625,190.70751953125,674.383544921875,197.34375,0.773825466632843
325,45.65211486816406,173.7996368408203,50.900936126708984,182.12973022460938,0.7734861969947815
325,127.48135375976562,282.0690002441406,131.68402099609375,290.8605041503906,0.7675360441207886
325,135.30636596679688,346.66192626953125,140.00872802734375,351.8954162597656,0.7473585605621338
325,419.8337097167969,347.11187744140625,427.37408447265625,354.83111572265625,0.74730384349823
325,282.6977844238281,345.56817626953125,289.7288818359375,349.1347961425781,0.7375207543373108
325,436.2738342285156,269.4993591308594,440.7000427246094,275.9280090332031,0.7370395064353943
325,271.9281005859375,346.2640380859375,279.0444030761719,350.44036865234375,0.7363888621330261
325,400.8108215332031,347.1791076660156,405.7666931152344,351.8920593261719,0.717756450176239
325,556.7551879882812,124.86306762695312,560.6983032226562,130.463134765625,0.7171154022216797
325,253.8478240966797,345.69342041015625,258.6947326660156,349.82659912109375,0.7131601572036743
325,312.4298095703125,106.06159973144531,316.5452880859375,112.35445404052734,0.7096510529518127
325,368.5444030761719,110.13190460205078,372.7814025878906,115.3193588256836,0.7047141194343567
325,524.4646606445312,347.3778991699219,527.978271484375,352.1203308105469,0.6225153803825378
325,615.4533081054688,349.4632263183594,619.4567260742188,353.4571838378906,0.6033092737197876
325,619.6918334960938,341.5957946777344,624.0994873046875,345.7311096191406,0.5960224270820618
325,639.7288208007812,351.5185546875,644.4803466796875,355.1501159667969,0.58791184425354
325,649.467041015625,351.59130859375,653.697509765625,354.97943115234375,0.4098067879676819
326,33.65822219848633,266.3788146972656,39.835723876953125,273.7682800292969,0.8051342368125916
326,182.9879913330078,346.0723876953125,189.63389587402344,350.8094177246094,0.7965016961097717
326,169.1577911376953,215.01817321777344,174.315185546875,223.06527709960938,0.7881295084953308
326,669.3365478515625,189.74476623535156,674.891357421875,196.55072021484375,0.7849006652832031
326,525.1609497070312,338.6112976074219,532.72900390625,344.23583984375,0.7788456082344055
326,45.67023849487305,173.79714965820312,50.84920120239258,182.07093811035156,0.7749984264373779
326,127.42797088623047,281.28570556640625,131.7444610595703,290.2100524902344,0.7690223455429077
326,493.50872802734375,50.43830490112305,498.8740539550781,56.21841812133789,0.7661211490631104
326,419.2528991699219,347.33203125,424.8482666015625,354.80120849609375,0.7594620585441589
326,135.300048828125,346.6553039550781,140.0238494873047,351.972412109375,0.7575262784957886
326,436.1225891113281,268.7312316894531,440.588623046875,275.1636657714844,0.7445669174194336
326,282.7598571777344,345.5917663574219,289.65185546875,349.1119689941406,0.7289184927940369
326,556.1407470703125,124.01275634765625,560.3239135742188,129.80137634277344,0.7247916460037231
326,272.6547546386719,346.48785400390625,279.0458679199219,350.20562744140625,0.72252357006073
326,312.29132080078125,104.26154327392578,316.5899963378906,110.68506622314453,0.7170398831367493
326,401.46453857421875,347.28314208984375,406.099853515625,351.6748352050781,0.7118062973022461
326,622.1741943359375,347.2840881347656,626.8834228515625,353.9539794921875,0.7097649574279785
326,368.5595397949219,109.59300231933594,372.7095031738281,114.7705078125,0.7007927298545837
326,254.39663696289062,345.680908203125,259.1451721191406,349.5197448730469,0.6959959268569946
326,524.1627197265625,347.34759521484375,527.9143676757812,352.043212890625,0.661440372467041
326,616.0680541992188,349.3127746582031,619.8687744140625,353.7867126464844,0.627013623714447
326,639.3601684570312,350.6784973144531,644.9570922851562,355.3566589355469,0.5817677974700928
326,649.3113403320312,351.1985778808594,655.356689453125,355.2960205078125,0.5169544816017151
327,33.85348129272461,265.88043212890625,40.12131881713867,273.1338195800781,0.8046401739120483
327,169.68678283691406,213.84230041503906,175.38839721679688,221.6905975341797,0.803745687007904
327,183.0464630126953,346.2112121582031,189.61209106445312,350.8478698730469,0.7943841814994812
327,525.7252807617188,338.99578857421875,533.4281005859375,345.3333435058594,0.784299910068512
327,670.0986938476562,188.90863037109375,675.7072143554688,195.6807098388672,0.7789639830589294
327,45.63820266723633,173.77975463867188,50.85232162475586,182.1189727783203,0.774300754070282
327,127.5052719116211,281.26129150390625,131.7941436767578,290.2317199707031,0.7680239677429199
327,493.4979248046875,50.43258285522461,498.883544921875,56.27882385253906,0.7670900225639343
327,135.32492065429688,346.5902099609375,139.9754180908203,351.96514892578125,0.7555073499679565
327,638.716796875,345.01995849609375,643.2914428710938,351.6103210449219,0.7474092245101929
327,282.8833923339844,345.6316833496094,289.60491943359375,349.17852783203125,0.731155514717102
327,436.67315673828125,268.36376953125,440.87945556640625,274.7088928222656,0.7245011925697327
327,312.06927490234375,102.37704467773438,316.5001525878906,109.25312805175781,0.7244487404823303
327,556.0479736328125,123.1916732788086,560.3665161132812,129.03500366210938,0.7234606146812439
327,273.07550048828125,346.615478515625,279.3847351074219,350.10479736328125,0.717706561088562
327,650.4260864257812,350.0661926269531,655.4039306640625,354.899658203125,0.70939040184021
327,368.5085144042969,109.0582046508789,372.6310119628906,113.95777130126953,0.6915187239646912
327,416.121337890625,348.65869140625,422.617431640625,354.69927978515625,0.6891588568687439
327,418.239501953125,346.77484130859375,425.5962219238281,352.35723876953125,0.6848068237304688
327,401.7263488769531,347.0394592285156,406.1231384277344,351.30535888671875,0.6828594207763672
327,255.4567413330078,346.2013854980469,259.8420715332031,350.3078308105469,0.6798626184463501
327,523.6242065429688,347.0602111816406,527.8573608398438,352.0675048828125,0.6590123176574707
327,639.1880493164062,351.63458251953125,643.3609008789062,355.66778564453125,0.6484237313270569
327,615.8240356445312,349.283935546875,620.1211547851562,353.85345458984375,0.64532470703125
328,35.482032775878906,263.8077087402344,41.51523208618164,271.7098083496094,0.8058905005455017
328,183.2237548828125,345.6427917480469,189.8301544189453,350.91485595703125,0.8047164678573608
328,170.56924438476562,212.7189178466797,176.25933837890625,220.3020477294922,0.80066978931427
328,525.7264404296875,339.4656066894531,533.46142578125,345.61700439453125,0.7844363451004028
328,493.61700439453125,50.412654876708984,499.2426452636719,56.19670486450195,0.781667172908783
328,45.661434173583984,173.77503967285156,50.86265182495117,182.10501098632812,0.7756228446960449
328,670.6302490234375,187.8062286376953,676.0989990234375,194.6867218017578,0.7673942446708679
328,135.3109130859375,346.56793212890625,139.93649291992188,352.1636962890625,0.7626379132270813
328,127.3424072265625,280.8963317871094,131.55926513671875,289.7563781738281,0.7571141123771667
328,418.473876953125,346.9953308105469,424.4131164550781,354.3708801269531,0.7350672483444214
328,436.6344909667969,267.6298522949219,440.87213134765625,273.8128356933594,0.7346616983413696
328,555.4176025390625,122.62535858154297,560.0022583007812,128.1620330810547,0.73450767993927
328,282.7296447753906,345.5824890136719,289.55499267578125,349.1133117675781,0.7334558367729187
328,312.2330017089844,100.261474609375,316.60748291015625,107.62953186035156,0.7325155138969421
328,368.4610290527344,107.3454818725586,372.74273681640625,113.86412048339844,0.7246172428131104
328,273.16058349609375,346.61151123046875,279.8733215332031,349.9466552734375,0.713397204875946
328,650.3350219726562,349.6534729003906,655.9412231445312,354.5184326171875,0.6982893943786621
328,639.1566772460938,351.13677978515625,644.8060302734375,355.0455322265625,0.6846497058868408
328,402.6330261230469,346.876220703125,406.95660400390625,351.1826477050781,0.6710656881332397
328,256.6537170410156,346.6626892089844,261.1282653808594,350.70166015625,0.6572571396827698
328,523.5538940429688,347.12872314453125,527.8712158203125,352.1704406738281,0.6528802514076233
328,615.6123046875,349.1351318359375,620.1993408203125,353.6838073730469,0.6145631074905396
328,645.5636596679688,349.4183654785156,651.09619140625,354.96014404296875,0.571148157119751
329,36.72665023803711,262.05535888671875,42.47768783569336,269.7069091796875,0.8027839064598083
329,183.24847412109375,345.6941223144531,189.7593994140625,350.8781433105469,0.8019270896911621
329,418.0409851074219,347.0765075683594,425.0383605957031,354.5265197753906,0.7867021560668945
329,171.7089385986328,212.0207061767578,177.01380920410156,219.19631958007812,0.7848389148712158
329,45.599876403808594,173.77906799316406,50.8541259765625,182.109130859375,0.7749488949775696
329,671.1260375976562,186.27047729492188,676.399169921875,194.0794677734375,0.7732797265052795
329,526.1670532226562,340.1625671386719,533.971435546875,345.27508544921875,0.772580623626709
329,493.46990966796875,50.42055130004883,498.9491882324219,56.36504364013672,0.7703247666358948
329,135.29425048828125,346.5702209472656,139.98101806640625,352.1759338378906,0.7678312659263611
329,127.3729248046875,280.7607727050781,131.59466552734375,289.48828125,0.7561026215553284
329,311.8410339355469,97.69306945800781,316.24737548828125,105.29652404785156,0.7508081197738647
329,554.3199462890625,121.80717468261719,559.3098754882812,127.48914337158203,0.7427905797958374
329,282.70001220703125,345.5809631347656,289.50860595703125,349.1612243652344,0.7348783016204834
329,436.4053955078125,267.0655517578125,440.7356872558594,273.2039489746094,0.7220502495765686
329,273.02130126953125,346.5848083496094,279.9588623046875,349.90313720703125,0.7218552827835083
329,368.4486083984375,106.08682250976562,372.9670715332031,112.42428588867188,0.7190567851066589
329,523.5655517578125,347.0307312011719,527.8410034179688,351.95855712890625,0.7067911624908447
329,649.7021484375,349.06561279296875,655.5230712890625,353.95404052734375,0.7006421685218811
329,403.01153564453125,346.9560241699219,407.6800537109375,351.1383056640625,0.6976237893104553
329,638.2587280273438,351.2896423339844,643.3334350585938,354.7946472167969,0.6885220408439636
329,615.8178100585938,349.38934326171875,619.9760131835938,353.5020446777344,0.6436593532562256
329,257.51776123046875,346.752685546875,262.0630798339844,350.8808898925781,0.6356733441352844
329,646.5186767578125,349.639404296875,651.5816040039062,354.4729309082031,0.6020837426185608
330,37.83755874633789,259.5245666503906,43.548316955566406,267.4237365722656,0.8001866340637207
330,183.32176208496094,345.88287353515625,189.70986938476562,350.9048156738281,0.7993683815002441
330,172.3677215576172,210.7596893310547,177.44451904296875,218.22421264648438,0.781821072101593
330,418.0377502441406,347.0963439941406,424.89111328125,354.5710144042969,0.781326949596405
330,45.60446548461914,173.80369567871094,50.881324768066406,182.1613006591797,0.7764559388160706
330,493.5163269042969,50.39077377319336,498.9341735839844,56.252254486083984,0.7717107534408569
330,526.1730346679688,340.2539978027344,533.9271850585938,345.31103515625,0.7689316868782043
330,135.28257751464844,346.5955505371094,139.96548461914062,352.1942443847656,0.7682010531425476
330,671.868408203125,185.3208770751953,676.8768310546875,193.0906219482422,0.7670890092849731
330,553.58251953125,121.23860931396484,558.9676513671875,127.07505798339844,0.7573699355125427
330,127.18995666503906,280.26177978515625,131.42486572265625,289.0347595214844,0.7570055723190308
330,311.3305358886719,95.44068908691406,315.9017639160156,103.11871337890625,0.7472357749938965
330,282.5978088378906,345.64617919921875,289.3997497558594,349.2461853027344,0.7326375246047974
330,435.8689880371094,267.0381164550781,440.3472900390625,273.1733703613281,0.7326004505157471
330,368.77685546875,104.41204833984375,373.0342102050781,111.2176742553711,0.7228070497512817
330,273.1981201171875,346.71099853515625,279.9888610839844,350.0370178222656,0.7201573848724365
330,523.5357666015625,347.03692626953125,527.8709716796875,352.0118103027344,0.7167142033576965
330,636.7986450195312,351.27703857421875,642.48095703125,354.8387451171875,0.7116093039512634
330,403.7206726074219,347.2597961425781,408.3672790527344,351.5328674316406,0.7001695036888123
330,650.21337890625,349.3184509277344,655.8785400390625,353.8445129394531,0.6862454414367676
330,616.068115234375,349.5369567871094,620.28369140625,353.40924072265625,0.6753008365631104
330,645.7544555664062,349.7506408691406,650.9170532226562,354.34796142578125,0.6308909058570862
330,256.8548278808594,346.9241027832031,261.942138671875,350.8107604980469,0.6105164289474487
331,38.78328323364258,257.28466796875,44.67452621459961,265.2696228027344,0.8113052248954773
331,183.22238159179688,346.058349609375,189.62380981445312,350.86279296875,0.7993187308311462
331,418.5301818847656,347.09930419921875,426.3257141113281,354.96746826171875,0.7967889904975891
331,172.86257934570312,209.54664611816406,178.32171630859375,217.3238983154297,0.7935464382171631
331,135.22813415527344,346.6085205078125,139.97756958007812,352.1978759765625,0.7789530158042908
331,45.603233337402344,173.7958984375,50.88322067260742,182.10183715820312,0.7782508134841919
331,493.5742492675781,50.35164260864258,499.03814697265625,55.977272033691406,0.7751627564430237
331,525.8937377929688,340.5008544921875,533.6591186523438,345.28338623046875,0.7665085196495056
331,552.715087890625,120.051513671875,558.3463745117188,125.68114471435547,0.7661737203598022
331,126.61974334716797,279.51531982421875,130.8663330078125,288.5890197753906,0.7602071166038513
331,672.1749877929688,183.76329040527344,677.1282348632812,191.53480529785156,0.7595640420913696
331,311.030517578125,93.81704711914062,315.54827880859375,101.42805480957031,0.7408763766288757
331,436.2928771972656,266.7425842285156,440.7334899902344,273.0994567871094,0.7385640740394592
331,648.6316528320312,348.71148681640625,655.3714599609375,354.2518615722656,0.7321723103523254
331,368.8489074707031,103.53645324707031,373.1371765136719,110.28663635253906,0.7315183877944946
331,283.1295471191406,345.5489807128906,289.9798278808594,349.18597412109375,0.7253714799880981
331,636.3363037109375,351.25201416015625,643.0626220703125,354.7789001464844,0.7199935913085938
331,523.4841918945312,346.8293762207031,527.8301391601562,351.9330749511719,0.7180307507514954
331,273.655029296875,346.812255859375,278.9219055175781,350.2784729003906,0.6817824244499207
331,256.6180114746094,347.162109375,260.6167297363281,351.6578063964844,0.681699275970459
331,615.7670288085938,349.39788818359375,620.4415893554688,353.4369201660156,0.6742021441459656
331,402.9958190917969,347.3155517578125,408.0444641113281,351.64385986328125,0.6510818600654602
331,646.3709716796875,349.4805908203125,652.2258911132812,354.7477111816406,0.527750551700592
332,173.62220764160156,208.88340759277344,179.29708862304688,216.42062377929688,0.7949046492576599
332,40.283206939697266,255.14114379882812,45.89485549926758,262.6939392089844,0.7945242524147034
332,183.24618530273438,346.1123962402344,189.58230590820312,350.9223327636719,0.7938725352287292
332,45.5976676940918,173.8057861328125,50.894859313964844,182.08914184570312,0.7778608798980713
332,493.6544494628906,50.38059997558594,499.14532470703125,55.60906219482422,0.7757247686386108
332,419.8380432128906,346.03759765625,426.5997314453125,353.9770202636719,0.7726210355758667
332,135.2655487060547,346.6214904785156,139.98703002929688,352.1627502441406,0.7708202600479126
332,551.5043334960938,118.85972595214844,557.2525024414062,124.38738250732422,0.7647317051887512
332,525.6846923828125,341.0924377441406,533.7775268554688,345.4725036621094,0.7584817409515381
332,672.4957275390625,182.24734497070312,677.5457153320312,190.0978546142578,0.7579016089439392
332,310.6975402832031,91.8132553100586,315.2607116699219,99.45500183105469,0.7484775185585022
332,436.0187683105469,266.56585693359375,440.4214172363281,273.07183837890625,0.747984766960144
332,126.06413269042969,278.8385009765625,130.46710205078125,287.7359619140625,0.7433688044548035
332,648.626953125,348.2705078125,655.240234375,353.96173095703125,0.7312037944793701
332,523.2865600585938,346.84490966796875,527.7323608398438,351.9287414550781,0.7253643274307251
332,368.9344787597656,102.71993255615234,373.19012451171875,109.25762939453125,0.7228671908378601
332,283.7581481933594,345.3976745605469,290.1075744628906,349.16351318359375,0.7107524275779724
332,635.7263793945312,351.36505126953125,642.9918823242188,354.6918029785156,0.6975419521331787
332,615.856689453125,349.516845703125,620.68603515625,353.309814453125,0.6816048622131348
332,405.3483581542969,347.9673767089844,409.9934997558594,352.4785461425781,0.6807390451431274
332,273.916259765625,346.9322814941406,278.9732666015625,350.38409423828125,0.6777524352073669
332,255.58734130859375,346.8032531738281,259.5397033691406,351.0163879394531,0.67537522315979
332,646.2337646484375,349.76409912109375,652.1430053710938,354.919921875,0.614645779132843
333,174.27784729003906,208.33502197265625,179.85057067871094,215.69664001464844,0.7920837998390198
333,183.2315673828125,346.0907287597656,189.48133850097656,350.832275390625,0.790047824382782
333,41.90407943725586,252.44935607910156,47.47074508666992,260.5023498535156,0.789986789226532
333,419.3986511230469,347.03765869140625,426.5155944824219,354.3836364746094,0.7855929136276245
333,45.5954475402832,173.79275512695312,50.89082336425781,182.15155029296875,0.7779256701469421
333,135.3183135986328,346.4954528808594,139.99635314941406,352.2098693847656,0.7736955285072327
333,550.523193359375,117.34502410888672,556.5296020507812,123.3119888305664,0.773563027381897
333,493.6856384277344,50.44923782348633,499.1429138183594,56.77704620361328,0.7640034556388855
333,125.51126098632812,278.1194763183594,129.99656677246094,287.159423828125,0.7627270817756653
333,525.8967895507812,341.2930908203125,533.9552001953125,345.5992126464844,0.7571227550506592
333,673.6539306640625,181.18031311035156,678.4925537109375,188.9842529296875,0.7540789246559143
333,435.9683532714844,266.53656005859375,440.4491882324219,273.0904541015625,0.7493622303009033
333,310.7766418457031,90.3498764038086,315.3740539550781,98.2477035522461,0.74687260389328
333,649.004638671875,348.00958251953125,655.3145751953125,353.805419921875,0.7230556607246399
333,283.8660888671875,345.4024963378906,290.1748046875,349.1805114746094,0.7146444320678711
333,369.44647216796875,101.7481460571289,373.5410461425781,108.0002212524414,0.7058654427528381
333,523.352783203125,347.28009033203125,527.5496826171875,351.9895324707031,0.6934807300567627
333,616.1395263671875,349.5169982910156,621.2692260742188,353.40478515625,0.6917129755020142
333,254.5238037109375,346.880126953125,259.1039733886719,350.8895568847656,0.6815768480300903
333,273.9256591796875,346.9783020019531,278.8497009277344,350.6441955566406,0.6725310683250427
333,635.024658203125,351.3982849121094,642.8683471679688,354.6898498535156,0.6625425815582275
333,405.6823425292969,347.82757568359375,411.5489807128906,353.3119812011719,0.6268866062164307
333,646.0896606445312,349.70562744140625,651.9773559570312,354.89263916015625,0.6160589456558228
334,419.4289245605469,347.11016845703125,426.321533203125,354.43359375,0.7886888384819031
334,43.85835647583008,250.33749389648438,49.05551528930664,258.14813232421875,0.787233829498291
334,175.0071258544922,207.2069549560547,180.4984130859375,214.63221740722656,0.7867826819419861
334,183.30726623535156,346.16156005859375,189.51463317871094,350.7981872558594,0.781380832195282
334,45.60780334472656,173.75277709960938,50.83026123046875,182.21640014648438,0.7810492515563965
334,135.34426879882812,346.5121154785156,140.0015869140625,352.1900634765625,0.7690659165382385
334,493.7118225097656,50.47859191894531,499.10675048828125,56.35022735595703,0.7662531733512878
334,549.6950073242188,115.76253509521484,555.2568969726562,121.9625015258789,0.7645618319511414
334,125.56974029541016,277.30035400390625,130.009521484375,285.9527587890625,0.7604032158851624
334,673.97509765625,179.42230224609375,678.1854858398438,187.38905334472656,0.7579414248466492
334,647.7402954101562,346.8012390136719,654.4598388671875,354.120361328125,0.7521945238113403
334,435.8517150878906,266.2263488769531,440.30999755859375,272.81787109375,0.7452443242073059
334,526.287353515625,341.5110168457031,534.1976318359375,345.73931884765625,0.7448655962944031
334,310.3213195800781,89.10396575927734,315.04486083984375,96.739990234375,0.7428683638572693
334,284.371337890625,345.400634765625,290.3397216796875,349.1772155761719,0.7003341913223267
334,369.6105041503906,100.5086898803711,373.50360107421875,106.8508071899414,0.693896472454071
334,252.92889404296875,346.62518310546875,258.1263427734375,350.2823181152344,0.6886393427848816
334,523.3472290039062,347.57916259765625,528.0051879882812,352.1321105957031,0.685183584690094
334,615.8309936523438,349.3468322753906,621.4298706054688,353.39959716796875,0.6679528951644897
334,273.7784118652344,347.1502685546875,278.6152648925781,351.0281677246094,0.6487481594085693
334,408.3384094238281,348.51922607421875,413.7686767578125,354.29180908203125,0.6332929134368896
334,633.7297973632812,351.43377685546875,641.96435546875,354.9780578613281,0.6314471364021301
335,44.8892822265625,247.9918670654297,50.35597229003906,255.9856719970703,0.7944014072418213
335,419.8753662109375,347.3527526855469,426.30596923828125,354.3849792480469,0.7928163409233093
335,175.77528381347656,206.22486877441406,181.27503967285156,213.62509155273438,0.7913764715194702
335,183.27487182617188,346.16351318359375,189.5389862060547,350.8364562988281,0.7884896993637085
335,493.7543029785156,50.49018096923828,499.39898681640625,56.51906967163086,0.782619297504425
335,45.583396911621094,173.7512664794922,50.767513275146484,182.25535583496094,0.7824150323867798
335,135.34339904785156,346.4991760253906,140.0104217529297,352.18560791015625,0.7759628891944885
335,650.1599731445312,346.98382568359375,654.8114013671875,354.3503112792969,0.7733538746833801
335,549.34912109375,113.74612426757812,554.7666015625,120.63224029541016,0.7720290422439575
335,674.3272705078125,177.5708770751953,678.6834716796875,185.656982421875,0.7670966982841492
335,675.3698120117188,336.59588623046875,679.8464965820312,343.6661071777344,0.766279399394989
335,310.1964416503906,88.28911590576172,314.87335205078125,95.874755859375,0.7551879286766052
335,435.7966003417969,266.1657409667969,440.2781066894531,272.81414794921875,0.7523895502090454
335,125.36605072021484,277.2382507324219,129.53770446777344,285.52978515625,0.7517099380493164
335,526.2584838867188,341.5971984863281,534.2841796875,345.8240051269531,0.7482436299324036
335,370.04498291015625,99.13933563232422,374.0458679199219,106.06391906738281,0.7211433053016663
335,523.1627197265625,347.4776306152344,528.5850219726562,352.1376647949219,0.713851809501648
335,284.6156311035156,345.4318542480469,290.4879150390625,349.2125244140625,0.7114191651344299
335,616.3382568359375,349.5727844238281,621.1912841796875,353.615234375,0.7109561562538147
335,251.73744201660156,346.5632019042969,256.8824768066406,350.2871398925781,0.6980252265930176
335,408.4895324707031,349.2353820800781,414.40972900390625,354.233642578125,0.6725764274597168
335,632.441650390625,350.7238464355469,641.2083129882812,354.8475036621094,0.6551668047904968
335,273.9720153808594,347.211669921875,278.5361022949219,351.1677551269531,0.6459817290306091
336,46.37934112548828,246.18797302246094,52.118125915527344,254.08602905273438,0.8048678636550903
336,183.13729858398438,346.2463073730469,189.53614807128906,350.8855285644531,0.7907010912895203
336,176.8026580810547,205.6417694091797,182.40115356445312,212.46682739257812,0.7868359684944153
336,45.66987228393555,173.89256286621094,50.80705642700195,182.2834930419922,0.7791820764541626
336,135.33448791503906,346.5496520996094,139.99070739746094,352.34759521484375,0.778752863407135
336,493.75286865234375,50.520442962646484,499.4466247558594,56.56427764892578,0.7782489061355591
336,419.47821044921875,347.36383056640625,425.7148132324219,353.7716979980469,0.7782444357872009
336,309.2184143066406,87.38180541992188,314.7772216796875,94.14942932128906,0.7716854214668274
336,547.983154296875,111.87723541259766,553.561767578125,118.77983093261719,0.7702872157096863
336,436.0205078125,266.1903381347656,440.5362854003906,272.79925537109375,0.7548871040344238
336,125.2824935913086,277.03594970703125,129.54888916015625,285.31573486328125,0.7541713118553162
336,674.8302612304688,175.77877807617188,678.9462890625,183.7451934814453,0.7526580691337585
336,671.2662353515625,344.9169921875,676.5714111328125,350.8900146484375,0.7501957416534424
336,650.963134765625,346.94580078125,655.6021118164062,353.94415283203125,0.7448098063468933
336,526.238037109375,341.752685546875,534.224609375,345.8115539550781,0.7438361048698425
336,409.103271484375,349.08441162109375,415.2633361816406,354.34149169921875,0.7408374547958374
336,523.15673828125,347.3423767089844,529.250732421875,352.0836486816406,0.7308610677719116
336,370.5352783203125,97.64863586425781,374.61376953125,104.6293716430664,0.7197388410568237
336,631.0572509765625,350.76434326171875,638.4326782226562,354.7539978027344,0.7169455289840698
336,284.5597229003906,345.4212341308594,290.4568786621094,349.21734619140625,0.711521327495575
336,250.58901977539062,346.8035888671875,255.98715209960938,350.53070068359375,0.7054404020309448
336,616.08740234375,349.614013671875,621.1519165039062,353.58062744140625,0.6977744102478027
336,273.8760681152344,347.3422546386719,278.20904541015625,351.39886474609375,0.6472134590148926
337,47.99998092651367,243.74002075195312,53.94337844848633,251.39300537109375,0.8029846549034119
337,183.038818359375,346.3579406738281,189.49847412109375,350.7882385253906,0.783284068107605
337,177.46360778808594,205.08274841308594,183.50799560546875,211.1914520263672,0.7791176438331604
337,547.6600952148438,109.89704132080078,553.22802734375,117.38390350341797,0.7782837152481079
337,419.32781982421875,347.2771301269531,425.54071044921875,353.7315368652344,0.7776212692260742
337,493.77886962890625,50.54513931274414,499.4314270019531,56.61497116088867,0.7758409380912781
337,45.624935150146484,173.9176025390625,50.70676803588867,182.30630493164062,0.7738730907440186
337,135.38934326171875,346.5467224121094,139.9703826904297,352.3197021484375,0.7710293531417847
337,308.6851806640625,86.7773208618164,314.0103454589844,93.24285888671875,0.7617611289024353
337,435.93634033203125,266.3683166503906,440.4998474121094,272.9517822265625,0.7567710876464844
337,409.50164794921875,349.29144287109375,416.0832824707031,354.3009033203125,0.7514289617538452
337,526.1864013671875,341.79998779296875,534.1759033203125,345.90985107421875,0.7491506934165955
337,125.35140991210938,275.97625732421875,129.5372314453125,284.5572204589844,0.7471072673797607
337,675.1381225585938,174.05328369140625,679.1460571289062,181.74972534179688,0.7427106499671936
337,523.5365600585938,347.23736572265625,529.944091796875,352.0068359375,0.7405006885528564
337,651.5963745117188,346.7019348144531,656.8782348632812,353.1134948730469,0.7397631406784058
337,371.055908203125,96.24713897705078,375.20941162109375,103.69474029541016,0.7301644682884216
337,657.6109008789062,344.8495178222656,664.2930297851562,349.32281494140625,0.7139050960540771
337,284.55645751953125,345.46307373046875,290.52703857421875,349.25799560546875,0.7129296660423279
337,249.50938415527344,346.8356018066406,254.64129638671875,350.6542053222656,0.706055760383606
337,615.9445190429688,349.5694885253906,621.0936889648438,353.52825927734375,0.6940630674362183
337,629.7354125976562,350.50970458984375,637.4929809570312,354.4473876953125,0.6906582713127136
337,273.8978576660156,347.32733154296875,278.1758728027344,351.3440246582031,0.6426441073417664
338,49.788692474365234,241.70335388183594,55.8133659362793,249.29495239257812,0.803050696849823
338,546.9078979492188,108.20714569091797,552.9166870117188,115.865234375,0.7860831022262573
338,178.0425262451172,204.65396118164062,184.43983459472656,210.31211853027344,0.7837609052658081
338,183.03553771972656,346.3611755371094,189.5643768310547,350.8079833984375,0.7781164646148682
338,135.33673095703125,346.5373229980469,139.94580078125,352.3420715332031,0.7699491381645203
338,45.67841339111328,173.92587280273438,50.72910690307617,182.40708923339844,0.7699055671691895
338,493.7416687011719,50.540557861328125,499.1971130371094,56.72316360473633,0.7681893706321716
338,307.82403564453125,86.54515838623047,313.6263122558594,92.27254486083984,0.7652897238731384
338,435.8594665527344,266.089599609375,440.5135803222656,272.8433837890625,0.7650246620178223
338,419.2582092285156,347.293212890625,425.36077880859375,353.6443786621094,0.7491421699523926
338,525.9540405273438,341.87353515625,534.1944580078125,346.2992858886719,0.7488296031951904
338,523.8323364257812,347.04534912109375,530.323486328125,352.0062255859375,0.7453343272209167
338,675.1538696289062,172.1940155029297,679.1588745117188,179.7042236328125,0.7446288466453552
338,125.09465026855469,275.6090087890625,129.14712524414062,284.3040466308594,0.7428357601165771
338,655.3536376953125,348.6108093261719,660.79931640625,354.2242126464844,0.738568902015686
338,410.120849609375,349.1932373046875,416.87701416015625,354.05767822265625,0.7364329099655151
338,677.638671875,347.89398193359375,681.59130859375,354.9398498535156,0.7319611310958862
338,371.5426330566406,94.87305450439453,376.0990295410156,101.79739379882812,0.726116418838501
338,284.263916015625,345.4837341308594,290.63446044921875,349.2296447753906,0.7156334519386292
338,248.6338348388672,346.9783630371094,253.96234130859375,350.7969665527344,0.712344229221344
338,616.0046997070312,349.5332336425781,621.12158203125,353.681640625,0.6845302581787109
338,628.6343383789062,350.33062744140625,636.6848754882812,354.55413818359375,0.6752271056175232
338,273.8712158203125,347.2818908691406,278.2046813964844,351.4021301269531,0.6568368077278137
339,51.831172943115234,240.29371643066406,57.86661148071289,247.4637908935547,0.7965092062950134
339,178.59149169921875,204.38682556152344,184.90139770507812,209.89614868164062,0.784737765789032
339,545.908447265625,106.38256072998047,551.6876220703125,113.73983764648438,0.7806631326675415
339,435.5574645996094,265.6962585449219,440.4180603027344,272.55694580078125,0.7770615816116333
339,183.03622436523438,346.3437194824219,189.54959106445312,350.7303466796875,0.776802659034729
339,45.653079986572266,173.9258270263672,50.726837158203125,182.41476440429688,0.77467280626297
339,493.7342224121094,50.519981384277344,499.21929931640625,56.15695571899414,0.7706674933433533
339,135.34786987304688,346.58441162109375,139.94439697265625,352.3802185058594,0.7647460699081421
339,307.6290588378906,86.52845764160156,313.396728515625,92.16038513183594,0.7616258263587952
339,418.9541015625,347.48565673828125,425.4385681152344,354.0517578125,0.7567466497421265
339,675.8194580078125,350.1886901855469,681.5946655273438,355.5112609863281,0.7480305433273315
339,125.13323974609375,274.7720947265625,129.1514434814453,283.15283203125,0.7476882338523865
339,524.1160888671875,347.1061096191406,530.6995239257812,351.89306640625,0.7459561824798584
339,526.2147216796875,341.9307861328125,534.2223510742188,346.2892150878906,0.7419846057891846
339,372.0492858886719,93.6043701171875,376.8203430175781,100.45282745361328,0.739790678024292
339,411.16253662109375,348.98992919921875,418.5732421875,353.9272155761719,0.735673189163208
339,675.3372192382812,170.0010986328125,679.6856689453125,178.00933837890625,0.7342969179153442
339,247.6072540283203,347.0723571777344,253.31370544433594,350.8328857421875,0.7234640717506409
339,284.5604248046875,345.4139709472656,291.03082275390625,349.15643310546875,0.7103550434112549
339,615.9959716796875,349.6260986328125,621.0153198242188,353.72674560546875,0.6764383316040039
339,654.6046752929688,349.1373291015625,658.5668334960938,353.5242004394531,0.6645609736442566
339,273.7385559082031,347.2774963378906,278.0334167480469,351.3778076171875,0.6582039594650269
339,627.8828735351562,350.4065856933594,635.9719848632812,354.6099548339844,0.6037106513977051
